0.00000000e+00,3.12951791e-04,6.25917702e-04,9.38876552e-04
0.00000000e+00,3.33333333e-04,6.66666667e-04,1.00000000e-03
0.00000000e+00,3.33333333e-04,6.66666667e-04,1.00000000e-03
0.00000000e+00,3.25877448e-04,6.51754862e-04,9.77632293e-04
0.00000000e+00,3.23131428e-04,6.46270182e-04,9.69405274e-04
0.00000000e+00,3.33333333e-04,6.66666667e-04,1.00000000e-03
0.00000000e+00,3.24125837e-04,6.48258652e-04,9.72387978e-04
0.00000000e+00,3.19544397e-04,6.39093711e-04,9.58640567e-04
0.00000000e+00,3.29780357e-04,6.59562029e-04,9.89343043e-04
0.00000000e+00,3.29895171e-04,6.59791684e-04,9.89687527e-04
0.00000000e+00,3.13008775e-04,6.26003247e-04,9.39004870e-04
0.00000000e+00,3.33333333e-04,6.66666667e-04,1.00000000e-03
0.00000000e+00,3.33333333e-04,6.66666667e-04,1.00000000e-03
0.00000000e+00,3.23450169e-04,6.46893208e-04,9.70339813e-04
0.00000000e+00,3.33333333e-04,6.66666667e-04,1.00000000e-03
0.00000000e+00,3.23956140e-04,6.47905010e-04,9.71857515e-04
0.00000000e+00,3.19568884e-04,6.39132736e-04,9.58699104e-04
0.00000000e+00,3.29872840e-04,6.59744350e-04,9.89616525e-04
0.00000000e+00,3.29820460e-04,6.59639530e-04,9.89459296e-04
0.00000000e+00,1.66823303e-04,3.33645398e-04,5.00468097e-04
0.00000000e+00,1.66744545e-04,3.33492694e-04,5.00239041e-04
0.00000000e+00,1.91138301e-04,3.82286320e-04,5.73429480e-04
0.00000000e+00,1.75949579e-04,3.51899170e-04,5.27848755e-04
0.00000000e+00,1.66777078e-04,3.33555568e-04,5.00333353e-04
0.00000000e+00,1.78637494e-04,3.57283731e-04,5.35925596e-04
0.00000000e+00,1.79087044e-04,3.58177544e-04,5.37266316e-04
0.00000000e+00,1.71444285e-04,3.42889267e-04,5.14333901e-04
0.00000000e+00,1.71240098e-04,3.42482838e-04,5.13724257e-04
0.00000000e+00,1.83522369e-04,3.67048131e-04,5.50572197e-04
0.00000000e+00,1.91044882e-04,3.82079687e-04,5.73119531e-04
0.00000000e+00,1.66585351e-04,3.33167614e-04,4.99751420e-04
0.00000000e+00,1.66719933e-04,3.33440028e-04,5.00160043e-04
0.00000000e+00,1.78517729e-04,3.57026559e-04,5.35539839e-04
0.00000000e+00,1.66648677e-04,3.33295847e-04,4.99943770e-04
0.00000000e+00,1.78991966e-04,3.57979978e-04,5.36969967e-04
0.00000000e+00,1.83471786e-04,3.66939557e-04,5.50409336e-04
0.00000000e+00,1.71173392e-04,3.42344877e-04,5.13517316e-04
0.00000000e+00,1.71390834e-04,3.42780539e-04,5.14170809e-04
0.00000000e+00,2.27090748e-04,4.54156687e-04,6.81235031e-04
0.00000000e+00,2.34111495e-04,4.68256660e-04,7.02384989e-04
0.00000000e+00,2.34022388e-04,4.68011244e-04,7.02016866e-04
0.00000000e+00,2.24618760e-04,4.49235676e-04,6.73853513e-04
0.00000000e+00,2.30652440e-04,4.61304962e-04,6.91957443e-04
0.00000000e+00,2.34046038e-04,4.68092261e-04,7.02138392e-04
0.00000000e+00,2.30663148e-04,4.61296845e-04,6.91945268e-04
0.00000000e+00,2.25760476e-04,4.51506356e-04,6.77259533e-04
0.00000000e+00,2.29491029e-04,4.58997083e-04,6.88495624e-04
0.00000000e+00,2.29476508e-04,4.58936179e-04,6.88404269e-04
0.00000000e+00,3.01941992e-04,6.03903878e-04,9.05855817e-04
0.00000000e+00,2.77749749e-04,5.55523760e-04,8.33285640e-04
0.00000000e+00,2.73197096e-04,5.46424387e-04,8.19636580e-04
0.00000000e+00,2.82415485e-04,5.64831540e-04,8.47247310e-04
0.00000000e+00,2.90092108e-04,5.80206922e-04,8.70310383e-04
0.00000000e+00,2.75613758e-04,5.51254962e-04,8.26882443e-04
0.00000000e+00,2.87678416e-04,5.75382188e-04,8.63073282e-04
0.00000000e+00,2.92222879e-04,5.84457508e-04,8.76686262e-04
0.00000000e+00,2.80144415e-04,5.60301655e-04,8.40452483e-04
0.00000000e+00,2.77847586e-04,5.55709476e-04,8.33564214e-04
0.00000000e+00,1.00020389e-04,2.00034473e-04,3.00051710e-04
0.00000000e+00,1.24361105e-04,2.48722282e-04,3.73083423e-04
0.00000000e+00,1.02630996e-04,2.05274089e-04,3.07911134e-04
0.00000000e+00,1.09821726e-04,2.19643207e-04,3.29464810e-04
0.00000000e+00,1.12266282e-04,2.24529760e-04,3.36794640e-04
0.00000000e+00,1.13296551e-04,2.26598177e-04,3.39897266e-04
0.00000000e+00,1.01274201e-04,2.02550951e-04,3.03826427e-04
0.00000000e+00,1.04947278e-04,2.09892985e-04,3.14839478e-04
0.00000000e+00,1.17081996e-04,2.34164120e-04,3.51246180e-04
0.00000000e+00,1.06151372e-04,2.12305636e-04,3.18458454e-04
0.00000000e+00,3.33333333e-04,6.66666667e-04,1.00000000e-03
0.00000000e+00,3.33333333e-04,6.66666667e-04,1.00000000e-03
0.00000000e+00,2.73089556e-04,5.46149124e-04,8.19223686e-04
0.00000000e+00,2.77494876e-04,5.54965751e-04,8.32448626e-04
0.00000000e+00,3.01344164e-04,6.02668643e-04,9.04002964e-04
0.00000000e+00,2.75410522e-04,5.50793874e-04,8.26190810e-04
0.00000000e+00,2.89670854e-04,5.79319312e-04,8.68978968e-04
0.00000000e+00,2.87381855e-04,5.74738603e-04,8.62107904e-04
0.00000000e+00,2.77753571e-04,5.55493567e-04,8.33240350e-04
0.00000000e+00,2.80011117e-04,5.60010128e-04,8.40015192e-04
0.00000000e+00,2.92004943e-04,5.83998743e-04,8.75998114e-04
0.00000000e+00,3.33333333e-04,6.66666667e-04,1.00000000e-03
0.00000000e+00,1.00115955e-04,2.00237909e-04,3.00356864e-04
0.00000000e+00,1.02764088e-04,2.05516406e-04,3.08274610e-04
0.00000000e+00,1.24457255e-04,2.48913775e-04,3.73370663e-04
0.00000000e+00,1.01365383e-04,2.02727913e-04,3.04091869e-04
0.00000000e+00,1.13407640e-04,2.26810010e-04,3.40215015e-04
0.00000000e+00,1.12349170e-04,2.24700550e-04,3.37050825e-04
0.00000000e+00,1.04992990e-04,2.09987010e-04,3.14980514e-04
0.00000000e+00,1.06205497e-04,2.12407770e-04,3.18611654e-04
0.00000000e+00,1.17127424e-04,2.34254347e-04,3.51381520e-04
0.00000000e+00,2.14833481e-04,4.29697053e-04,6.44545580e-04
0.00000000e+00,2.27158138e-04,4.54341108e-04,6.81511663e-04
0.00000000e+00,2.14810522e-04,4.29590787e-04,6.44386181e-04
0.00000000e+00,2.20704426e-04,4.41436615e-04,6.62154923e-04
0.00000000e+00,2.20734141e-04,4.41468135e-04,6.62202202e-04
0.00000000e+00,2.14837501e-04,4.29674856e-04,6.44512283e-04
0.00000000e+00,2.19741207e-04,4.39496481e-04,6.59244721e-04
0.00000000e+00,2.25771455e-04,4.51555774e-04,6.77333661e-04
0.00000000e+00,2.19742153e-04,4.39468242e-04,6.59202363e-04
0.00000000e+00,2.30646783e-04,4.61323057e-04,6.91984585e-04
0.00000000e+00,2.27129454e-04,4.54258770e-04,6.81388155e-04
0.00000000e+00,1.67743027e-04,3.35477505e-04,5.03216258e-04
0.00000000e+00,1.52185718e-04,3.04375599e-04,4.56563398e-04
0.00000000e+00,1.43677748e-04,2.87354672e-04,4.31032008e-04
0.00000000e+00,1.52334305e-04,3.04662993e-04,4.56994490e-04
0.00000000e+00,1.58536319e-04,3.17071152e-04,4.75606727e-04
0.00000000e+00,1.50012488e-04,3.00027037e-04,4.50040555e-04
0.00000000e+00,1.55134038e-04,3.10266986e-04,4.65400480e-04
0.00000000e+00,1.57365967e-04,3.14731290e-04,4.72096935e-04
0.00000000e+00,1.51824039e-04,3.03647579e-04,4.55471368e-04
0.00000000e+00,1.50046652e-04,3.00089942e-04,4.50134913e-04
0.00000000e+00,2.77607516e-04,5.55215154e-04,8.32822732e-04
0.00000000e+00,2.89866764e-04,5.79733606e-04,8.69600408e-04
0.00000000e+00,2.24853239e-04,4.49706456e-04,6.74559685e-04
0.00000000e+00,2.24863214e-04,4.49694035e-04,6.74541052e-04
0.00000000e+00,1.67724562e-04,3.35456563e-04,5.03184844e-04
0.00000000e+00,1.55023265e-04,3.10045880e-04,4.65068820e-04
0.00000000e+00,1.67613674e-04,3.35226556e-04,5.02839833e-04
0.00000000e+00,1.57556836e-04,3.15113720e-04,4.72670581e-04
0.00000000e+00,1.34234561e-04,2.68484468e-04,4.02726702e-04
0.00000000e+00,1.33477397e-04,2.66969095e-04,4.00453642e-04
0.00000000e+00,1.24183572e-04,2.48365950e-04,3.72548925e-04
0.00000000e+00,1.36639042e-04,2.73291921e-04,4.09937881e-04
0.00000000e+00,1.38203165e-04,2.76411682e-04,4.14617522e-04
0.00000000e+00,1.40112418e-04,2.80230334e-04,4.20345501e-04
0.00000000e+00,1.31457634e-04,2.62922946e-04,3.94384419e-04
0.00000000e+00,1.28120220e-04,2.56248559e-04,3.84372839e-04
0.00000000e+00,1.32465299e-04,2.64929667e-04,3.97394501e-04
0.00000000e+00,1.33351222e-04,2.66686555e-04,4.00029832e-04
0.00000000e+00,1.34220186e-04,2.68423472e-04,4.02635209e-04
0.00000000e+00,1.28087163e-04,2.56164403e-04,3.84246605e-04
0.00000000e+00,1.38047306e-04,2.76087759e-04,4.14131638e-04
0.00000000e+00,1.39863371e-04,2.79719964e-04,4.19579945e-04
0.00000000e+00,1.31373745e-04,2.62738191e-04,3.94107286e-04
0.00000000e+00,1.36520406e-04,2.73025488e-04,4.09538232e-04
0.00000000e+00,1.66231392e-04,3.32469463e-04,4.98704195e-04
0.00000000e+00,1.60444788e-04,3.20890445e-04,4.81335668e-04
0.00000000e+00,1.66261203e-04,3.32521813e-04,4.98782719e-04
0.00000000e+00,1.59775857e-04,3.19551167e-04,4.79326751e-04
0.00000000e+00,1.52620105e-04,3.05244096e-04,4.57866144e-04
0.00000000e+00,1.33294144e-04,2.66587702e-04,3.99881553e-04
0.00000000e+00,1.52260115e-04,3.04515046e-04,4.56772569e-04
0.00000000e+00,1.49057283e-04,2.98119226e-04,4.47178840e-04
0.00000000e+00,1.46514726e-04,2.93033141e-04,4.39549711e-04
0.00000000e+00,1.46652914e-04,2.93300906e-04,4.39951359e-04
0.00000000e+00,1.52063257e-04,3.04125847e-04,4.56188770e-04
0.00000000e+00,1.52560755e-04,3.05125598e-04,4.57688397e-04
0.00000000e+00,1.40757480e-04,2.81519184e-04,4.22278776e-04
0.00000000e+00,1.52177968e-04,3.04355306e-04,4.56532959e-04
0.00000000e+00,1.66770821e-04,3.33541139e-04,5.00311709e-04
0.00000000e+00,1.66709669e-04,3.33419679e-04,5.00129519e-04
0.00000000e+00,1.67044322e-04,3.34088036e-04,5.01132055e-04
0.00000000e+00,1.58127983e-04,3.16255242e-04,4.74382863e-04
0.00000000e+00,1.57775035e-04,3.15549486e-04,4.73324229e-04
0.00000000e+00,1.57625294e-04,3.15250270e-04,4.72875405e-04
0.00000000e+00,1.86652270e-04,3.73303956e-04,5.59955935e-04
0.00000000e+00,1.77236463e-04,3.54465574e-04,5.31698361e-04
0.00000000e+00,1.77397183e-04,3.54800655e-04,5.32200982e-04
0.00000000e+00,1.71598620e-04,3.43202830e-04,5.14804245e-04
0.00000000e+00,1.66027019e-04,3.32061237e-04,4.98091856e-04
0.00000000e+00,1.24406739e-04,2.48813161e-04,3.73219742e-04
0.00000000e+00,1.13352922e-04,2.26705622e-04,3.40058432e-04
0.00000000e+00,1.42725460e-04,2.85450420e-04,4.28175630e-04
0.00000000e+00,1.42999137e-04,2.85986570e-04,4.28979855e-04
0.00000000e+00,1.81634472e-04,3.63247679e-04,5.44871519e-04
0.00000000e+00,1.66443848e-04,3.32880383e-04,4.99320574e-04
0.00000000e+00,1.81617568e-04,3.63255059e-04,5.44882589e-04
0.00000000e+00,1.82597635e-04,3.65184487e-04,5.47776730e-04
0.00000000e+00,1.73127463e-04,3.46240649e-04,5.19360973e-04
0.00000000e+00,1.71697955e-04,3.43389060e-04,5.15083590e-04
0.00000000e+00,1.82712960e-04,3.65435427e-04,5.48153140e-04
0.00000000e+00,1.81841654e-04,3.63682904e-04,5.45524356e-04
0.00000000e+00,1.73127202e-04,3.46253842e-04,5.19380763e-04
0.00000000e+00,2.09007801e-04,4.18014605e-04,6.27021907e-04
0.00000000e+00,2.11646302e-04,4.23326657e-04,6.34989986e-04
0.00000000e+00,2.09323313e-04,4.18611930e-04,6.27917894e-04
0.00000000e+00,2.09407406e-04,4.18848978e-04,6.28273467e-04
0.00000000e+00,2.10506908e-04,4.21030665e-04,6.31545997e-04
0.00000000e+00,2.11409155e-04,4.22818147e-04,6.34227220e-04
0.00000000e+00,2.08792676e-04,4.17567833e-04,6.26351749e-04
0.00000000e+00,2.08783567e-04,4.17583581e-04,6.26375372e-04
0.00000000e+00,2.11871335e-04,4.23777216e-04,6.35665825e-04
0.00000000e+00,2.09063247e-04,4.18126102e-04,6.27189153e-04
0.00000000e+00,2.11648350e-04,4.23262249e-04,6.34893374e-04
0.00000000e+00,1.99777580e-04,3.99554518e-04,5.99331777e-04
0.00000000e+00,2.08424064e-04,4.16813081e-04,6.25219622e-04
0.00000000e+00,2.06326772e-04,4.12637011e-04,6.18955517e-04
0.00000000e+00,2.06238988e-04,4.12494043e-04,6.18741065e-04
0.00000000e+00,2.11399927e-04,4.22799671e-04,6.34199506e-04
0.00000000e+00,2.09584605e-04,4.19134842e-04,6.28702262e-04
0.00000000e+00,2.04778289e-04,4.09539564e-04,6.14309346e-04
0.00000000e+00,2.09276902e-04,4.18553741e-04,6.27830612e-04
0.00000000e+00,1.01319812e-04,2.02639313e-04,3.03958969e-04
0.00000000e+00,1.00071352e-04,2.00142553e-04,3.00213830e-04
0.00000000e+00,1.91090626e-04,3.82181003e-04,5.73271504e-04
0.00000000e+00,1.78573813e-04,3.57147663e-04,5.35721494e-04
0.00000000e+00,2.10413538e-04,4.20809432e-04,6.31214149e-04
0.00000000e+00,2.09456337e-04,4.18894353e-04,6.28341530e-04
0.00000000e+00,1.57205927e-04,3.14411260e-04,4.71616890e-04
0.00000000e+00,1.66625417e-04,3.33242908e-04,4.99864362e-04
0.00000000e+00,1.55156880e-04,3.10312976e-04,4.65469464e-04
0.00000000e+00,1.55389395e-04,3.10780135e-04,4.66170202e-04
0.00000000e+00,1.59254748e-04,3.18508830e-04,4.77763245e-04
0.00000000e+00,1.61684016e-04,3.23364273e-04,4.85046410e-04
0.00000000e+00,1.59522317e-04,3.19042861e-04,4.78564291e-04
0.00000000e+00,2.24877568e-04,4.49787449e-04,6.74681173e-04
0.00000000e+00,1.34127091e-04,2.68253593e-04,4.02380389e-04
0.00000000e+00,1.97127286e-04,3.94282849e-04,5.91424274e-04
0.00000000e+00,1.97258362e-04,3.94487987e-04,5.91731981e-04
0.00000000e+00,2.05870344e-04,4.11740618e-04,6.17610927e-04
0.00000000e+00,1.97486200e-04,3.94986147e-04,5.92479220e-04
0.00000000e+00,2.05870651e-04,4.11709249e-04,6.17563873e-04
0.00000000e+00,1.97330586e-04,3.94661043e-04,5.91991564e-04
0.00000000e+00,1.97446664e-04,3.94878757e-04,5.92318135e-04
0.00000000e+00,1.76120709e-04,3.52256729e-04,5.28385093e-04
0.00000000e+00,1.72936211e-04,3.45885687e-04,5.18828530e-04
0.00000000e+00,1.65751128e-04,3.31494093e-04,4.97241140e-04
0.00000000e+00,1.75968670e-04,3.51920881e-04,5.27881322e-04
0.00000000e+00,2.06067534e-04,4.12166879e-04,6.18250318e-04
0.00000000e+00,1.66406280e-04,3.32812087e-04,4.99218131e-04
0.00000000e+00,1.80459296e-04,3.60899969e-04,5.41349953e-04
0.00000000e+00,1.88006338e-04,3.76012245e-04,5.64018368e-04
0.00000000e+00,1.85987811e-04,3.71963980e-04,5.57945970e-04
0.00000000e+00,1.88013805e-04,3.76003828e-04,5.64005741e-04
0.00000000e+00,2.20711767e-04,4.41395763e-04,6.62093644e-04
0.00000000e+00,1.36975224e-04,2.73964355e-04,4.10946532e-04
0.00000000e+00,1.45239927e-04,2.90488944e-04,4.35733416e-04
0.00000000e+00,1.44875917e-04,2.89751073e-04,4.34626610e-04
0.00000000e+00,1.36539437e-04,2.73085279e-04,4.09627918e-04
0.00000000e+00,2.08282120e-04,4.16595596e-04,6.24893394e-04
0.00000000e+00,2.08215892e-04,4.16400230e-04,6.24600345e-04
0.00000000e+00,2.09821614e-04,4.19643182e-04,6.29464773e-04
0.00000000e+00,2.09880590e-04,4.19728085e-04,6.29592127e-04
0.00000000e+00,2.08233729e-04,4.16467351e-04,6.24701026e-04
0.00000000e+00,2.02910998e-04,4.05821860e-04,6.08732790e-04
0.00000000e+00,2.02804991e-04,4.05579690e-04,6.08369536e-04
0.00000000e+00,2.02052313e-04,4.04135834e-04,6.06203751e-04
0.00000000e+00,2.03606311e-04,4.07228155e-04,6.10842232e-04
0.00000000e+00,2.05472891e-04,4.10945403e-04,6.16418104e-04
0.00000000e+00,2.05720641e-04,4.11473999e-04,6.17210999e-04
0.00000000e+00,2.02819263e-04,4.05668463e-04,6.08502695e-04
0.00000000e+00,3.01709852e-04,6.03419794e-04,9.05129692e-04
0.00000000e+00,2.10031316e-04,4.20095552e-04,6.30143328e-04
0.00000000e+00,2.11630433e-04,4.23226097e-04,6.34839145e-04
0.00000000e+00,1.92186074e-04,3.84371569e-04,5.76557353e-04
0.00000000e+00,1.94371773e-04,3.88756770e-04,5.83135155e-04
0.00000000e+00,1.91982742e-04,3.83991559e-04,5.75987339e-04
0.00000000e+00,1.99296887e-04,3.98563821e-04,5.97845732e-04
0.00000000e+00,2.01651674e-04,4.03271294e-04,6.04906940e-04
0.00000000e+00,1.98978987e-04,3.97927173e-04,5.96890760e-04
0.00000000e+00,1.94518578e-04,3.89022782e-04,5.83534173e-04
0.00000000e+00,1.93429696e-04,3.86845484e-04,5.80268225e-04
0.00000000e+00,1.99093162e-04,3.98185907e-04,5.97278861e-04
0.00000000e+00,2.01977493e-04,4.03954531e-04,6.05931797e-04
0.00000000e+00,1.80876397e-04,3.61770100e-04,5.42655151e-04
0.00000000e+00,1.84310741e-04,3.68601286e-04,5.52901929e-04
0.00000000e+00,1.85609044e-04,3.71228747e-04,5.56843120e-04
0.00000000e+00,1.80929230e-04,3.61857775e-04,5.42786662e-04
0.00000000e+00,1.80482248e-04,3.60964056e-04,5.41446084e-04
0.00000000e+00,1.92430332e-04,3.84848313e-04,5.77272469e-04
0.00000000e+00,1.80217779e-04,3.60416308e-04,5.40624462e-04
0.00000000e+00,1.37205450e-04,2.74396126e-04,4.11594188e-04
0.00000000e+00,1.45021803e-04,2.90033389e-04,4.35050083e-04
0.00000000e+00,1.36694505e-04,2.73381416e-04,4.10072124e-04
0.00000000e+00,1.36945824e-04,2.73891033e-04,4.10836549e-04
0.00000000e+00,1.91909863e-04,3.83792670e-04,5.75689004e-04
0.00000000e+00,1.22986691e-04,2.45993227e-04,3.68989841e-04
0.00000000e+00,1.17007530e-04,2.34038242e-04,3.51057364e-04
0.00000000e+00,1.22960543e-04,2.45899754e-04,3.68849631e-04
0.00000000e+00,1.23464277e-04,2.46948462e-04,3.70422693e-04
0.00000000e+00,1.20236129e-04,2.40493751e-04,3.60740627e-04
0.00000000e+00,1.20474583e-04,2.40948554e-04,3.61422831e-04
0.00000000e+00,1.23274343e-04,2.46548035e-04,3.69822052e-04
0.00000000e+00,1.21573735e-04,2.43167859e-04,3.64751789e-04
0.00000000e+00,1.19720367e-04,2.39462451e-04,3.59193677e-04
0.00000000e+00,1.22070033e-04,2.44139436e-04,3.66209155e-04
0.00000000e+00,1.87733368e-04,3.75489668e-04,5.63234503e-04
0.00000000e+00,1.17100859e-04,2.34177423e-04,3.51266134e-04
0.00000000e+00,1.23769032e-04,2.47516853e-04,3.71275279e-04
0.00000000e+00,1.19851955e-04,2.39703261e-04,3.59554892e-04
0.00000000e+00,1.20346308e-04,2.40669844e-04,3.61004765e-04
0.00000000e+00,1.23877336e-04,2.47753997e-04,3.71630995e-04
0.00000000e+00,1.19537621e-04,2.39052274e-04,3.58578410e-04
0.00000000e+00,1.21730356e-04,2.43438994e-04,3.65158491e-04
0.00000000e+00,1.17198902e-04,2.34397242e-04,3.51595862e-04
0.00000000e+00,1.75158753e-04,3.50309721e-04,5.25464581e-04
0.00000000e+00,1.74867254e-04,3.49741193e-04,5.24611789e-04
0.00000000e+00,1.75968626e-04,3.51929147e-04,5.27893720e-04
0.00000000e+00,1.66599221e-04,3.33204724e-04,4.99807087e-04
0.00000000e+00,1.59468327e-04,3.18937019e-04,4.78405529e-04
0.00000000e+00,1.61575894e-04,3.23151078e-04,4.84726617e-04
0.00000000e+00,1.66568423e-04,3.33136029e-04,4.99704044e-04
0.00000000e+00,2.87501404e-04,5.75002904e-04,8.62504357e-04
0.00000000e+00,2.73130833e-04,5.46261709e-04,8.19392564e-04
0.00000000e+00,1.46397140e-04,2.92784592e-04,4.39176888e-04
0.00000000e+00,1.49437403e-04,2.98874315e-04,4.48311473e-04
0.00000000e+00,1.49592649e-04,2.99177767e-04,4.48766651e-04
0.00000000e+00,1.56436061e-04,3.12870356e-04,4.69305534e-04
0.00000000e+00,1.66664869e-04,3.33329996e-04,4.99994994e-04
0.00000000e+00,1.66692923e-04,3.33381537e-04,5.00072305e-04
0.00000000e+00,1.59965696e-04,3.19929379e-04,4.79894069e-04
0.00000000e+00,2.04829830e-04,4.09642950e-04,6.14464424e-04
0.00000000e+00,2.03599751e-04,4.07182728e-04,6.10774092e-04
0.00000000e+00,1.23353292e-04,2.46686019e-04,3.70029029e-04
0.00000000e+00,1.28876922e-04,2.57753307e-04,3.86629961e-04
0.00000000e+00,1.30085789e-04,2.60153764e-04,3.90230646e-04
0.00000000e+00,1.24046185e-04,2.48091725e-04,3.72137588e-04
0.00000000e+00,1.28937170e-04,2.57891670e-04,3.86837505e-04
0.00000000e+00,1.29925033e-04,2.59849410e-04,3.89774114e-04
0.00000000e+00,2.09066444e-04,4.18168467e-04,6.27252701e-04
0.00000000e+00,2.09639261e-04,4.19312650e-04,6.28968975e-04
0.00000000e+00,2.09526228e-04,4.19069880e-04,6.28604821e-04
0.00000000e+00,2.10598384e-04,4.21231648e-04,6.31847471e-04
0.00000000e+00,3.23816336e-04,6.47632529e-04,9.71448793e-04
0.00000000e+00,3.12998540e-04,6.25997029e-04,9.38995544e-04
0.00000000e+00,2.10237612e-04,4.20440302e-04,6.30660453e-04
0.00000000e+00,1.42931847e-04,2.85873739e-04,4.28810609e-04
0.00000000e+00,1.02700294e-04,2.05400472e-04,3.08100708e-04
0.00000000e+00,2.02465284e-04,4.04961825e-04,6.07442737e-04
0.00000000e+00,2.04973352e-04,4.09963020e-04,6.14944531e-04
0.00000000e+00,1.95985540e-04,3.91998859e-04,5.87998288e-04
0.00000000e+00,1.97997057e-04,3.96023524e-04,5.94035285e-04
0.00000000e+00,1.89107668e-04,3.78215006e-04,5.67322508e-04
0.00000000e+00,1.88989480e-04,3.78003162e-04,5.67004742e-04
0.00000000e+00,1.84691033e-04,3.69402182e-04,5.54103273e-04
0.00000000e+00,1.91062860e-04,3.82151175e-04,5.73226762e-04
0.00000000e+00,1.79684838e-04,3.59388011e-04,5.39082017e-04
0.00000000e+00,1.92904640e-04,3.85821169e-04,5.78731754e-04
0.00000000e+00,2.02363340e-04,4.04695400e-04,6.07043100e-04
0.00000000e+00,1.91155080e-04,3.82284235e-04,5.73426353e-04
0.00000000e+00,1.06460722e-04,2.12948773e-04,3.19423160e-04
0.00000000e+00,1.16108516e-04,2.32241583e-04,3.48362374e-04
0.00000000e+00,1.12088640e-04,2.24202562e-04,3.36303843e-04
0.00000000e+00,1.12155830e-04,2.24311072e-04,3.36466608e-04
0.00000000e+00,1.15715588e-04,2.31455252e-04,3.47182877e-04
0.00000000e+00,1.10620651e-04,2.21267755e-04,3.31901633e-04
0.00000000e+00,1.15914873e-04,2.31829089e-04,3.47743634e-04
0.00000000e+00,1.98142496e-04,3.96284481e-04,5.94426721e-04
0.00000000e+00,1.28683933e-04,2.57349407e-04,3.86024110e-04
0.00000000e+00,1.23827616e-04,2.47634386e-04,3.71451579e-04
0.00000000e+00,1.96364391e-04,3.92703405e-04,5.89055107e-04
0.00000000e+00,2.02181897e-04,4.04335151e-04,6.06502726e-04
0.00000000e+00,2.02212546e-04,4.04424785e-04,6.06637177e-04
0.00000000e+00,1.95598111e-04,3.91169349e-04,5.86754024e-04
0.00000000e+00,1.95921077e-04,3.91813379e-04,5.87720069e-04
0.00000000e+00,1.98004756e-04,3.95979205e-04,5.93968807e-04
0.00000000e+00,1.88846166e-04,3.77666956e-04,5.66500435e-04
0.00000000e+00,1.96043238e-04,3.92086063e-04,5.88129094e-04
0.00000000e+00,1.27596479e-04,2.55201572e-04,3.82802358e-04
0.00000000e+00,1.95771620e-04,3.91542930e-04,5.87314395e-04
0.00000000e+00,1.24603576e-04,2.49196450e-04,3.73794675e-04
0.00000000e+00,1.24376265e-04,2.48761387e-04,3.73142081e-04
0.00000000e+00,1.28599291e-04,2.57179345e-04,3.85769018e-04
0.00000000e+00,1.28889261e-04,2.57777882e-04,3.86666823e-04
0.00000000e+00,2.05413244e-04,4.10792982e-04,6.16189473e-04
0.00000000e+00,1.57193848e-04,3.14386898e-04,4.71580347e-04
0.00000000e+00,1.55210089e-04,3.10417367e-04,4.65626051e-04
0.00000000e+00,1.61689013e-04,3.23380241e-04,4.85070362e-04
0.00000000e+00,1.57133766e-04,3.14266845e-04,4.71400268e-04
0.00000000e+00,2.20498921e-04,4.41033247e-04,6.61549870e-04
0.00000000e+00,2.15464357e-04,4.30928524e-04,6.46392787e-04
0.00000000e+00,2.14953201e-04,4.29940015e-04,6.44910022e-04
0.00000000e+00,2.14811172e-04,4.29622215e-04,6.44433323e-04
0.00000000e+00,1.88589070e-04,3.77155868e-04,5.65733802e-04
0.00000000e+00,1.99997594e-04,4.00024887e-04,6.00037330e-04
0.00000000e+00,2.05622882e-04,4.11278503e-04,6.16917754e-04
0.00000000e+00,1.98949846e-04,3.97929592e-04,5.96894388e-04
0.00000000e+00,2.05239490e-04,4.10494688e-04,6.15742032e-04
0.00000000e+00,2.15859570e-04,4.31755054e-04,6.47632581e-04
0.00000000e+00,2.14664143e-04,4.29363491e-04,6.44045236e-04
0.00000000e+00,2.11821977e-04,4.23643712e-04,6.35465568e-04
0.00000000e+00,2.12060547e-04,4.24156098e-04,6.36234147e-04
0.00000000e+00,2.15522369e-04,4.31079655e-04,6.46619482e-04
0.00000000e+00,1.27614529e-04,2.55219066e-04,3.82828599e-04
0.00000000e+00,2.05303000e-04,4.10572887e-04,6.15859330e-04
0.00000000e+00,1.41258450e-04,2.82503699e-04,4.23755549e-04
0.00000000e+00,1.73929546e-04,3.47858405e-04,5.21787607e-04
0.00000000e+00,1.66582277e-04,3.33167601e-04,4.99751402e-04
0.00000000e+00,1.73823478e-04,3.47633230e-04,5.21449844e-04
0.00000000e+00,1.28809594e-04,2.57636979e-04,3.86455468e-04
0.00000000e+00,1.93914037e-04,3.87840946e-04,5.81761419e-04
0.00000000e+00,1.86786192e-04,3.73595427e-04,5.60393140e-04
0.00000000e+00,1.80312849e-04,3.60607373e-04,5.40911059e-04
0.00000000e+00,2.04865569e-04,4.09699613e-04,6.14549420e-04
0.00000000e+00,1.87738796e-04,3.75477056e-04,5.63215584e-04
0.00000000e+00,1.92658426e-04,3.85291428e-04,5.77937142e-04
0.00000000e+00,2.00309741e-04,4.00619079e-04,6.00928619e-04
0.00000000e+00,1.87623434e-04,3.75223170e-04,5.62834756e-04
0.00000000e+00,2.00226470e-04,4.00422833e-04,6.00634249e-04
0.00000000e+00,1.86768722e-04,3.73513422e-04,5.60270133e-04
0.00000000e+00,2.10078759e-04,4.20191575e-04,6.30287362e-04
0.00000000e+00,1.20768694e-04,2.41536743e-04,3.62305114e-04
0.00000000e+00,1.20402147e-04,2.40826384e-04,3.61239575e-04
0.00000000e+00,1.73974576e-04,3.47961413e-04,5.21942119e-04
0.00000000e+00,1.27803274e-04,2.55624132e-04,3.83436197e-04
0.00000000e+00,1.70298419e-04,3.40587023e-04,5.10880535e-04
0.00000000e+00,1.68649938e-04,3.37299288e-04,5.05948933e-04
0.00000000e+00,1.63757919e-04,3.27510684e-04,4.91266026e-04
0.00000000e+00,1.68660164e-04,3.37311177e-04,5.05966766e-04
0.00000000e+00,1.27833100e-04,2.55647103e-04,3.83470654e-04
0.00000000e+00,1.80506962e-04,3.61013551e-04,5.41520327e-04
0.00000000e+00,1.80251961e-04,3.60484341e-04,5.40726511e-04
0.00000000e+00,1.24045267e-04,2.48089947e-04,3.72134920e-04
0.00000000e+00,1.46395729e-04,2.92800329e-04,4.39200494e-04
0.00000000e+00,1.56461737e-04,3.12924520e-04,4.69386780e-04
0.00000000e+00,1.49558691e-04,2.99123904e-04,4.48685856e-04
0.00000000e+00,1.56357451e-04,3.12714499e-04,4.69071749e-04
0.00000000e+00,2.11186727e-04,4.22404177e-04,6.33606265e-04
0.00000000e+00,2.17882150e-04,4.35797303e-04,6.53695955e-04
0.00000000e+00,2.11159227e-04,4.22318218e-04,6.33477327e-04
0.00000000e+00,1.42977800e-04,2.85965956e-04,4.28948934e-04
0.00000000e+00,1.40893876e-04,2.81797551e-04,4.22696326e-04
0.00000000e+00,1.46638622e-04,2.93284360e-04,4.39926541e-04
0.00000000e+00,1.46360842e-04,2.92721007e-04,4.39081511e-04
0.00000000e+00,1.40082221e-04,2.80175992e-04,4.20263988e-04
0.00000000e+00,8.70677321e-05,1.74100149e-04,2.61150224e-04
0.00000000e+00,1.06399836e-04,2.12771190e-04,3.19156786e-04
0.00000000e+00,1.04043959e-04,2.08118843e-04,3.12178265e-04
0.00000000e+00,1.04115691e-04,2.08199689e-04,3.12299534e-04
0.00000000e+00,9.68189263e-05,1.93605752e-04,2.90408628e-04
0.00000000e+00,1.04392525e-04,2.08784619e-04,3.13176929e-04
0.00000000e+00,9.52971649e-05,1.90593995e-04,2.85890992e-04
0.00000000e+00,9.52816378e-05,1.90529458e-04,2.85794187e-04
0.00000000e+00,1.04378915e-04,2.08727416e-04,3.13091124e-04
0.00000000e+00,1.04109799e-04,2.08219312e-04,3.12328968e-04
0.00000000e+00,1.48473302e-04,2.96940307e-04,4.45410460e-04
0.00000000e+00,1.42995179e-04,2.85978737e-04,4.28968105e-04
0.00000000e+00,1.52841491e-04,3.05677636e-04,4.58516454e-04
0.00000000e+00,1.40238470e-04,2.80471209e-04,4.20706813e-04
0.00000000e+00,1.88853455e-04,3.77706309e-04,5.66559463e-04
0.00000000e+00,1.16151111e-04,2.32321001e-04,3.48481502e-04
0.00000000e+00,1.23349116e-04,2.46717657e-04,3.70076486e-04
0.00000000e+00,1.20284349e-04,2.40568070e-04,3.60852105e-04
0.00000000e+00,1.10939657e-04,2.21902596e-04,3.32853894e-04
0.00000000e+00,1.14398711e-04,2.28796848e-04,3.43195272e-04
0.00000000e+00,1.23349688e-04,2.46698730e-04,3.70048095e-04
0.00000000e+00,1.20325098e-04,2.40669455e-04,3.61004182e-04
0.00000000e+00,1.14305562e-04,2.28634699e-04,3.42952048e-04
0.00000000e+00,1.19925975e-04,2.39851320e-04,3.59776980e-04
0.00000000e+00,2.14329896e-04,4.28659519e-04,6.42989278e-04
0.00000000e+00,1.46106541e-04,2.92204093e-04,4.38306139e-04
0.00000000e+00,1.41367902e-04,2.82728614e-04,4.24092922e-04
0.00000000e+00,1.65269674e-04,3.30543774e-04,4.95815661e-04
0.00000000e+00,1.49213088e-04,2.98421750e-04,4.47632626e-04
0.00000000e+00,1.61371335e-04,3.22744860e-04,4.84117290e-04
0.00000000e+00,1.53595641e-04,3.07189893e-04,4.60784839e-04
0.00000000e+00,1.49192432e-04,2.98384298e-04,4.47576447e-04
0.00000000e+00,1.61350504e-04,3.22700343e-04,4.84050515e-04
0.00000000e+00,1.73414734e-04,3.46816286e-04,5.20224428e-04
0.00000000e+00,1.46355901e-04,2.92719370e-04,4.39079055e-04
0.00000000e+00,8.70058071e-05,1.74046316e-04,2.61069474e-04
0.00000000e+00,9.67909723e-05,1.93581472e-04,2.90372209e-04
0.00000000e+00,8.70606270e-05,1.74120949e-04,2.61181424e-04
0.00000000e+00,9.52857814e-05,1.90604748e-04,2.85907122e-04
0.00000000e+00,2.14061566e-04,4.28157960e-04,6.42236940e-04
0.00000000e+00,2.05335455e-04,4.10702657e-04,6.16053986e-04
0.00000000e+00,2.07683445e-04,4.15400170e-04,6.23100255e-04
0.00000000e+00,2.07668307e-04,4.15336238e-04,6.23004357e-04
0.00000000e+00,1.19830119e-04,2.39637586e-04,3.59456380e-04
0.00000000e+00,1.23897926e-04,2.47816451e-04,3.71724677e-04
0.00000000e+00,2.14007041e-04,4.27978548e-04,6.41967823e-04
0.00000000e+00,2.07675847e-04,4.15317635e-04,6.22976452e-04
0.00000000e+00,2.05233018e-04,4.10433375e-04,6.15650062e-04
0.00000000e+00,2.05270796e-04,4.10541204e-04,6.15811807e-04
0.00000000e+00,2.05971122e-04,4.11942026e-04,6.17913039e-04
0.00000000e+00,8.61318173e-05,1.72301261e-04,2.58451892e-04
0.00000000e+00,9.53331709e-05,1.90666104e-04,2.85999155e-04
0.00000000e+00,8.63184702e-05,1.72636799e-04,2.58955199e-04
0.00000000e+00,9.52730315e-05,1.90580589e-04,2.85870884e-04
0.00000000e+00,1.71757645e-04,3.43526956e-04,5.15290434e-04
0.00000000e+00,1.76398672e-04,3.52804306e-04,5.29206459e-04
0.00000000e+00,1.71944605e-04,3.43876553e-04,5.15814830e-04
0.00000000e+00,1.12304815e-04,2.24609460e-04,3.36914190e-04
0.00000000e+00,1.70369175e-04,3.40746607e-04,5.11119910e-04
0.00000000e+00,1.68564755e-04,3.37137082e-04,5.05705623e-04
0.00000000e+00,1.63786188e-04,3.27576074e-04,4.91364110e-04
0.00000000e+00,1.70391909e-04,3.40783097e-04,5.11174645e-04
0.00000000e+00,1.63731057e-04,3.27461399e-04,4.91192099e-04
0.00000000e+00,1.74916275e-04,3.49818500e-04,5.24727749e-04
0.00000000e+00,1.23549259e-04,2.47121147e-04,3.70681720e-04
0.00000000e+00,1.29188187e-04,2.58395414e-04,3.87593120e-04
0.00000000e+00,1.19920426e-04,2.39864610e-04,3.59796915e-04
0.00000000e+00,1.29163048e-04,2.58325590e-04,3.87488385e-04
0.00000000e+00,8.62504048e-05,1.72537239e-04,2.58805859e-04
0.00000000e+00,1.39888170e-04,2.79775504e-04,4.19663256e-04
0.00000000e+00,9.67250856e-05,1.93481373e-04,2.90222059e-04
0.00000000e+00,1.06469647e-04,2.12938677e-04,3.19408016e-04
0.00000000e+00,1.04293078e-04,2.08615619e-04,3.12923428e-04
0.00000000e+00,1.24529278e-04,2.49036981e-04,3.73555472e-04
0.00000000e+00,1.24056371e-04,2.48091672e-04,3.72137507e-04
0.00000000e+00,1.28273291e-04,2.56536248e-04,3.84804372e-04
0.00000000e+00,1.24431225e-04,2.48861909e-04,3.73292864e-04
0.00000000e+00,7.17259829e-05,1.43417169e-04,2.15125753e-04
0.00000000e+00,7.09534681e-05,1.41879611e-04,2.12819417e-04
0.00000000e+00,7.17231288e-05,1.43480449e-04,2.15220673e-04
0.00000000e+00,9.14667417e-05,1.82961736e-04,2.74442603e-04
0.00000000e+00,7.12637839e-05,1.42496219e-04,2.13744329e-04
0.00000000e+00,7.12995582e-05,1.42598737e-04,2.13898105e-04
0.00000000e+00,7.17411956e-05,1.43482049e-04,2.15223073e-04
0.00000000e+00,8.14636232e-05,1.62926801e-04,2.44390201e-04
0.00000000e+00,8.13332908e-05,1.62666145e-04,2.43999218e-04
0.00000000e+00,8.14518525e-05,1.62935152e-04,2.44402728e-04
0.00000000e+00,1.49452761e-04,2.98910183e-04,4.48365274e-04
0.00000000e+00,1.23922737e-04,2.47865160e-04,3.71797740e-04
0.00000000e+00,1.30036873e-04,2.60090506e-04,3.90135758e-04
0.00000000e+00,2.55154459e-04,5.10276224e-04,7.65414336e-04
0.00000000e+00,2.33234898e-04,4.66432285e-04,6.99648427e-04
0.00000000e+00,2.44825207e-04,4.89650549e-04,7.34475824e-04
0.00000000e+00,2.34294960e-04,4.68589843e-04,7.02884764e-04
0.00000000e+00,2.44132240e-04,4.88228970e-04,7.32343455e-04
0.00000000e+00,2.44822256e-04,4.89611114e-04,7.34416672e-04
0.00000000e+00,2.34277633e-04,4.68519347e-04,7.02779021e-04
0.00000000e+00,1.23032899e-04,2.46075454e-04,3.69113181e-04
0.00000000e+00,1.23123942e-04,2.46236827e-04,3.69355240e-04
0.00000000e+00,1.23631044e-04,2.47250365e-04,3.70875547e-04
0.00000000e+00,2.32486444e-04,4.65009767e-04,6.97514650e-04
0.00000000e+00,2.04906166e-04,4.09842837e-04,6.14764256e-04
0.00000000e+00,2.23107085e-04,4.46250237e-04,6.69375355e-04
0.00000000e+00,2.23126752e-04,4.46253106e-04,6.69379659e-04
0.00000000e+00,2.14027271e-04,4.28054183e-04,6.42081274e-04
0.00000000e+00,2.09030547e-04,4.18093740e-04,6.27140610e-04
0.00000000e+00,2.19114689e-04,4.38263676e-04,6.57395515e-04
0.00000000e+00,2.09027597e-04,4.18054879e-04,6.27082318e-04
0.00000000e+00,7.94255977e-05,1.58850876e-04,2.38276315e-04
0.00000000e+00,7.93925594e-05,1.58819855e-04,2.38229783e-04
0.00000000e+00,8.89353418e-05,1.77902413e-04,2.66853620e-04
0.00000000e+00,1.08041360e-04,2.16051463e-04,3.24077195e-04
0.00000000e+00,9.67043312e-05,1.93408519e-04,2.90112778e-04
0.00000000e+00,1.05975760e-04,2.11951251e-04,3.17926876e-04
0.00000000e+00,1.05966808e-04,2.11902011e-04,3.17853017e-04
0.00000000e+00,1.16273041e-04,2.32520289e-04,3.48780434e-04
0.00000000e+00,1.10644929e-04,2.21289325e-04,3.31933988e-04
0.00000000e+00,1.12064409e-04,2.24102400e-04,3.36153600e-04
0.00000000e+00,1.16291039e-04,2.32581552e-04,3.48872328e-04
0.00000000e+00,1.10519852e-04,2.21012202e-04,3.31518303e-04
0.00000000e+00,1.15866372e-04,2.31707479e-04,3.47561219e-04
0.00000000e+00,9.14603263e-05,1.82891393e-04,2.74337089e-04
0.00000000e+00,9.58224932e-05,1.91663244e-04,2.87494866e-04
0.00000000e+00,9.14769386e-05,1.82953309e-04,2.74429963e-04
0.00000000e+00,1.03383313e-04,2.06790390e-04,3.10185585e-04
0.00000000e+00,1.03377585e-04,2.06754646e-04,3.10131969e-04
0.00000000e+00,9.36462187e-05,1.87291963e-04,2.80937945e-04
0.00000000e+00,9.36271020e-05,1.87277643e-04,2.80916464e-04
0.00000000e+00,1.06056152e-04,2.12131125e-04,3.18196688e-04
0.00000000e+00,1.75107280e-04,3.50213895e-04,5.25320842e-04
0.00000000e+00,1.75005719e-04,3.50024012e-04,5.25036018e-04
0.00000000e+00,1.31946530e-04,2.63892490e-04,3.95838735e-04
0.00000000e+00,8.89392213e-05,1.77845823e-04,2.66768734e-04
0.00000000e+00,9.92732193e-05,1.98517387e-04,2.97776080e-04
0.00000000e+00,8.89430747e-05,1.77885664e-04,2.66828496e-04
0.00000000e+00,1.73400273e-04,3.46800117e-04,5.20200175e-04
0.00000000e+00,1.11011967e-04,2.22023344e-04,3.33035015e-04
0.00000000e+00,9.93145870e-05,1.98628672e-04,2.97943008e-04
0.00000000e+00,8.13081942e-05,1.62587764e-04,2.43881646e-04
0.00000000e+00,8.31560727e-05,1.66311782e-04,2.49467672e-04
0.00000000e+00,1.16135014e-04,2.32250091e-04,3.48375136e-04
0.00000000e+00,1.03370435e-04,2.06716093e-04,3.10074140e-04
0.00000000e+00,1.16135585e-04,2.32270675e-04,3.48406012e-04
0.00000000e+00,1.06038657e-04,2.12076865e-04,3.18115298e-04
0.00000000e+00,1.65311453e-04,3.30617308e-04,4.95925962e-04
0.00000000e+00,1.68417198e-04,3.36829680e-04,5.05244520e-04
0.00000000e+00,1.45050680e-04,2.90101948e-04,4.35152923e-04
0.00000000e+00,1.66865563e-04,3.33725776e-04,5.00588664e-04
0.00000000e+00,1.66843158e-04,3.33685724e-04,5.00528585e-04
0.00000000e+00,1.65281779e-04,3.30563043e-04,4.95844565e-04
0.00000000e+00,1.55127822e-04,3.10253734e-04,4.65380601e-04
0.00000000e+00,1.56840125e-04,3.13677911e-04,4.70516866e-04
0.00000000e+00,1.55090381e-04,3.10180221e-04,4.65270332e-04
0.00000000e+00,2.53699659e-04,5.07363637e-04,7.61045456e-04
0.00000000e+00,2.55241112e-04,5.10515089e-04,7.65772634e-04
0.00000000e+00,2.53729622e-04,5.07494915e-04,7.61242373e-04
0.00000000e+00,2.43284625e-04,4.86532529e-04,7.29798793e-04
0.00000000e+00,2.44169853e-04,4.88339676e-04,7.32509514e-04
0.00000000e+00,2.54705136e-04,5.09410222e-04,7.64115333e-04
0.00000000e+00,2.53695710e-04,5.07391348e-04,7.61087022e-04
0.00000000e+00,2.43234989e-04,4.86469859e-04,7.29704789e-04
0.00000000e+00,2.54762658e-04,5.09559718e-04,7.64339577e-04
0.00000000e+00,1.28123291e-04,2.56261296e-04,3.84391943e-04
0.00000000e+00,1.32006580e-04,2.64027990e-04,3.96041984e-04
0.00000000e+00,8.14481438e-05,1.62864024e-04,2.44296035e-04
0.00000000e+00,7.94082137e-05,1.58781085e-04,2.38171627e-04
0.00000000e+00,1.21151893e-04,2.42313119e-04,3.63469678e-04
0.00000000e+00,1.41428155e-04,2.82862498e-04,4.24293747e-04
0.00000000e+00,1.19056036e-04,2.38126097e-04,3.57189146e-04
0.00000000e+00,1.28829469e-04,2.57658414e-04,3.86487621e-04
0.00000000e+00,1.31151423e-04,2.62302328e-04,3.93453492e-04
0.00000000e+00,1.31185551e-04,2.62379239e-04,3.93568859e-04
0.00000000e+00,1.28902340e-04,2.57817249e-04,3.86725873e-04
0.00000000e+00,1.41364276e-04,2.82728029e-04,4.24092043e-04
0.00000000e+00,2.20448177e-04,4.40860874e-04,6.61291311e-04
0.00000000e+00,2.33239337e-04,4.66515925e-04,6.99773887e-04
0.00000000e+00,2.20412113e-04,4.40824027e-04,6.61236041e-04
0.00000000e+00,2.26949543e-04,4.53933862e-04,6.80900793e-04
0.00000000e+00,2.26927835e-04,4.53855611e-04,6.80783416e-04
0.00000000e+00,2.27186910e-04,4.54373698e-04,6.81560547e-04
0.00000000e+00,2.27329888e-04,4.54696446e-04,6.82044669e-04
0.00000000e+00,2.34414170e-04,4.68864118e-04,7.03296177e-04
0.00000000e+00,1.41121393e-04,2.82242325e-04,4.23363488e-04
0.00000000e+00,2.08997592e-04,4.17961700e-04,6.26942550e-04
0.00000000e+00,9.57737091e-05,1.91528386e-04,2.87292579e-04
0.00000000e+00,1.06023729e-04,2.12027630e-04,3.18041445e-04
0.00000000e+00,9.36256596e-05,1.87226973e-04,2.80840460e-04
0.00000000e+00,9.58010082e-05,1.91601680e-04,2.87402520e-04
0.00000000e+00,1.33498270e-04,2.66978071e-04,4.00467106e-04
0.00000000e+00,1.60543513e-04,3.21088373e-04,4.81632560e-04
0.00000000e+00,1.40037765e-04,2.80061429e-04,4.20092143e-04
0.00000000e+00,1.46291808e-04,2.92583191e-04,4.38874787e-04
0.00000000e+00,1.39900732e-04,2.79801160e-04,4.19701740e-04
0.00000000e+00,1.47153584e-04,2.94298334e-04,4.41447501e-04
0.00000000e+00,1.54085638e-04,3.08167326e-04,4.62250989e-04
0.00000000e+00,1.53999185e-04,3.07998009e-04,4.61997013e-04
0.00000000e+00,1.44990212e-04,2.89978694e-04,4.34968040e-04
0.00000000e+00,1.68344273e-04,3.36692200e-04,5.05038300e-04
0.00000000e+00,1.55071920e-04,3.10144493e-04,4.65216740e-04
0.00000000e+00,1.66818950e-04,3.33642095e-04,5.00463143e-04
0.00000000e+00,1.56778750e-04,3.13558789e-04,4.70338183e-04
0.00000000e+00,1.45011026e-04,2.90021493e-04,4.35032239e-04
0.00000000e+00,1.56802530e-04,3.13604498e-04,4.70406747e-04
0.00000000e+00,2.43258329e-04,4.86553239e-04,7.29829859e-04
0.00000000e+00,2.33193954e-04,4.66387712e-04,6.99581568e-04
0.00000000e+00,2.44202300e-04,4.88440046e-04,7.32660069e-04
0.00000000e+00,2.44849666e-04,4.89732842e-04,7.34599263e-04
0.00000000e+00,2.18826312e-04,4.37688579e-04,6.56532869e-04
0.00000000e+00,2.15693564e-04,4.31350774e-04,6.47026161e-04
0.00000000e+00,2.09865951e-04,4.19731560e-04,6.29597340e-04
0.00000000e+00,2.12073010e-04,4.24110415e-04,6.36165622e-04
0.00000000e+00,2.09774226e-04,4.19513735e-04,6.29270603e-04
0.00000000e+00,2.75505427e-04,5.51010986e-04,8.26516479e-04
0.00000000e+00,9.92509334e-05,1.98529933e-04,2.97794899e-04
0.00000000e+00,1.21103818e-04,2.42197726e-04,3.63296589e-04
0.00000000e+00,1.19026979e-04,2.38053474e-04,3.57080211e-04
0.00000000e+00,1.08373773e-04,2.16747170e-04,3.25120755e-04
0.00000000e+00,1.08418216e-04,2.16850281e-04,3.25275422e-04
0.00000000e+00,1.21119594e-04,2.42238739e-04,3.63358108e-04
0.00000000e+00,1.19013709e-04,2.38012422e-04,3.57018633e-04
0.00000000e+00,1.60583048e-04,3.21164332e-04,4.81746498e-04
0.00000000e+00,1.57103674e-04,3.14209774e-04,4.71314662e-04
0.00000000e+00,1.47102754e-04,2.94205252e-04,4.41307878e-04
0.00000000e+00,1.58832163e-04,3.17664557e-04,4.76496836e-04
0.00000000e+00,1.45645736e-04,2.91291256e-04,4.36936884e-04
0.00000000e+00,1.60541909e-04,3.21083429e-04,4.81625143e-04
0.00000000e+00,1.58831998e-04,3.17663744e-04,4.76495616e-04
0.00000000e+00,1.34662624e-04,2.69324818e-04,4.03987227e-04
0.00000000e+00,1.10370352e-04,2.20768528e-04,3.31152791e-04
0.00000000e+00,1.10517292e-04,2.21034167e-04,3.31551250e-04
0.00000000e+00,1.70214782e-04,3.40419512e-04,5.10629268e-04
0.00000000e+00,1.63329650e-04,3.26654790e-04,4.89982185e-04
0.00000000e+00,1.63347202e-04,3.26694049e-04,4.90041073e-04
0.00000000e+00,6.66020602e-05,1.33243208e-04,1.99864811e-04
0.00000000e+00,7.69003937e-05,1.53800586e-04,2.30700878e-04
0.00000000e+00,7.61342514e-05,1.52307248e-04,2.28460872e-04
0.00000000e+00,7.68384465e-05,1.53714167e-04,2.30571250e-04
0.00000000e+00,1.67419519e-04,3.34839057e-04,5.02258585e-04
0.00000000e+00,1.66579893e-04,3.33164736e-04,4.99747104e-04
0.00000000e+00,1.38174577e-04,2.76369756e-04,4.14554634e-04
0.00000000e+00,1.67512838e-04,3.35026100e-04,5.02539150e-04
0.00000000e+00,1.66987813e-04,3.33978167e-04,5.00967250e-04
0.00000000e+00,1.52821044e-04,3.05655069e-04,4.58482604e-04
0.00000000e+00,1.52836669e-04,3.05683879e-04,4.58525819e-04
0.00000000e+00,1.67466114e-04,3.34932432e-04,5.02398648e-04
0.00000000e+00,1.67038774e-04,3.34077887e-04,5.01116830e-04
0.00000000e+00,1.52891635e-04,3.05783443e-04,4.58675165e-04
0.00000000e+00,1.53629280e-04,3.07258790e-04,4.60888186e-04
0.00000000e+00,1.53587533e-04,3.07174474e-04,4.60761711e-04
0.00000000e+00,1.43338581e-04,2.86676602e-04,4.30014903e-04
0.00000000e+00,1.43402799e-04,2.86808816e-04,4.30213225e-04
0.00000000e+00,8.31175159e-05,1.66211660e-04,2.49317491e-04
0.00000000e+00,8.62024191e-05,1.72366796e-04,2.58550194e-04
0.00000000e+00,9.53222975e-05,1.90609524e-04,2.85914286e-04
0.00000000e+00,8.61793628e-05,1.72358668e-04,2.58538002e-04
0.00000000e+00,8.63535848e-05,1.72670344e-04,2.59005515e-04
0.00000000e+00,1.07927264e-04,2.15885465e-04,3.23828197e-04
0.00000000e+00,1.23617352e-04,2.47211290e-04,3.70816934e-04
0.00000000e+00,1.29124012e-04,2.58247805e-04,3.87371707e-04
0.00000000e+00,1.20668534e-04,2.41336897e-04,3.62005345e-04
0.00000000e+00,1.15749869e-04,2.31526705e-04,3.47290058e-04
0.00000000e+00,1.23550810e-04,2.47101240e-04,3.70651860e-04
0.00000000e+00,1.29163912e-04,2.58307018e-04,3.87460527e-04
0.00000000e+00,1.15800724e-04,2.31601182e-04,3.47401774e-04
0.00000000e+00,2.24413422e-04,4.48789826e-04,6.73184738e-04
0.00000000e+00,2.33061070e-04,4.66121964e-04,6.99182946e-04
0.00000000e+00,2.24404015e-04,4.48807748e-04,6.73211622e-04
0.00000000e+00,6.89968116e-05,1.38030521e-04,2.07045781e-04
0.00000000e+00,6.90244288e-05,1.38048570e-04,2.07072854e-04
0.00000000e+00,1.61602314e-04,3.23206653e-04,4.84809979e-04
0.00000000e+00,1.57190211e-04,3.14379782e-04,4.71569673e-04
0.00000000e+00,1.61452303e-04,3.22901273e-04,4.84351909e-04
0.00000000e+00,1.08349651e-04,2.16684738e-04,3.25027107e-04
0.00000000e+00,1.34800272e-04,2.69616618e-04,4.04424926e-04
0.00000000e+00,1.11056856e-04,2.22089275e-04,3.33133913e-04
0.00000000e+00,1.83578515e-04,3.67171972e-04,5.50757958e-04
0.00000000e+00,1.81949940e-04,3.63899178e-04,5.45848767e-04
0.00000000e+00,1.76949906e-04,3.53911659e-04,5.30867489e-04
0.00000000e+00,1.81812163e-04,3.63640448e-04,5.45460673e-04
0.00000000e+00,1.89485563e-04,3.78970539e-04,5.68455808e-04
0.00000000e+00,1.54014023e-04,3.08031473e-04,4.62047210e-04
0.00000000e+00,1.96394326e-04,3.92813216e-04,5.89219824e-04
0.00000000e+00,2.02116937e-04,4.04261951e-04,6.06392927e-04
0.00000000e+00,1.95634652e-04,3.91295506e-04,5.86943259e-04
0.00000000e+00,1.96467316e-04,3.92934178e-04,5.89401266e-04
0.00000000e+00,2.51994881e-04,5.03963730e-04,7.55945595e-04
0.00000000e+00,2.42867891e-04,4.85735901e-04,7.28603852e-04
0.00000000e+00,2.53824330e-04,5.07618931e-04,7.61428397e-04
0.00000000e+00,2.42819439e-04,4.85608840e-04,7.28413259e-04
0.00000000e+00,1.05993331e-04,2.12017714e-04,3.18026571e-04
0.00000000e+00,9.66368602e-05,1.93308392e-04,2.89962588e-04
0.00000000e+00,1.07980147e-04,2.15960142e-04,3.23940213e-04
0.00000000e+00,1.68379878e-04,3.36759225e-04,5.05138838e-04
0.00000000e+00,1.80307806e-04,3.60633228e-04,5.40949841e-04
0.00000000e+00,1.80363796e-04,3.60727199e-04,5.41090798e-04
0.00000000e+00,1.87694386e-04,3.75411561e-04,5.63117342e-04
0.00000000e+00,1.92695061e-04,3.85389702e-04,5.78084553e-04
0.00000000e+00,2.55180273e-04,5.10360611e-04,7.65540916e-04
0.00000000e+00,2.54703785e-04,5.09373168e-04,7.64059752e-04
0.00000000e+00,2.27913036e-04,4.55861204e-04,6.83791807e-04
0.00000000e+00,2.32506590e-04,4.64975890e-04,6.97463835e-04
0.00000000e+00,2.19078818e-04,4.38157285e-04,6.57235928e-04
0.00000000e+00,2.16511335e-04,4.33022325e-04,6.49533487e-04
0.00000000e+00,2.30030135e-04,4.60096190e-04,6.90144286e-04
0.00000000e+00,2.32497194e-04,4.64994175e-04,6.97491262e-04
0.00000000e+00,2.19031850e-04,4.38028621e-04,6.57042932e-04
0.00000000e+00,2.30046691e-04,4.60093127e-04,6.90139691e-04
0.00000000e+00,2.04914627e-04,4.09828804e-04,6.14743206e-04
0.00000000e+00,2.16532354e-04,4.33097895e-04,6.49646842e-04
0.00000000e+00,7.10046410e-05,1.42035851e-04,2.13053777e-04
0.00000000e+00,7.09911662e-05,1.41981893e-04,2.12972840e-04
0.00000000e+00,8.13252077e-05,1.62678232e-04,2.44017348e-04
0.00000000e+00,8.31723629e-05,1.66367370e-04,2.49551056e-04
0.00000000e+00,1.40748848e-04,2.81486388e-04,4.22229582e-04
0.00000000e+00,1.41506874e-04,2.83004598e-04,4.24506896e-04
0.00000000e+00,1.28028073e-04,2.56055610e-04,3.84083415e-04
0.00000000e+00,1.40726206e-04,2.81451826e-04,4.22177738e-04
0.00000000e+00,1.41441411e-04,2.82882296e-04,4.24323444e-04
0.00000000e+00,1.95245656e-04,3.90470710e-04,5.85706066e-04
0.00000000e+00,1.80472232e-04,3.60936452e-04,5.41404679e-04
0.00000000e+00,1.81346251e-04,3.62692717e-04,5.44039075e-04
0.00000000e+00,1.81308225e-04,3.62606057e-04,5.43909086e-04
0.00000000e+00,2.43375586e-04,4.86714437e-04,7.30071655e-04
0.00000000e+00,2.33052759e-04,4.66067998e-04,6.99101996e-04
0.00000000e+00,2.43397016e-04,4.86793938e-04,7.30190908e-04
0.00000000e+00,9.67396532e-05,1.93444240e-04,2.90166360e-04
0.00000000e+00,1.83563264e-04,3.67110006e-04,5.50665009e-04
0.00000000e+00,1.74182593e-04,3.48364469e-04,5.22546703e-04
0.00000000e+00,1.67691020e-04,3.35388162e-04,5.03082243e-04
0.00000000e+00,1.76993537e-04,3.53986304e-04,5.30979456e-04
0.00000000e+00,1.76928808e-04,3.53844184e-04,5.30766276e-04
0.00000000e+00,1.67733260e-04,3.35465725e-04,5.03198587e-04
0.00000000e+00,5.10272778e-05,1.02020631e-04,1.53030946e-04
0.00000000e+00,6.13733561e-05,1.22746376e-04,1.84119564e-04
0.00000000e+00,5.87162763e-05,1.17432496e-04,1.76148744e-04
0.00000000e+00,6.13606181e-05,1.22686484e-04,1.84029725e-04
0.00000000e+00,1.88528570e-04,3.77068017e-04,5.65602025e-04
0.00000000e+00,1.86020667e-04,3.72054404e-04,5.58081606e-04
0.00000000e+00,1.76906607e-04,3.53821327e-04,5.30731991e-04
0.00000000e+00,1.74134939e-04,3.48279312e-04,5.22418969e-04
0.00000000e+00,1.83623798e-04,3.67246934e-04,5.50870400e-04
0.00000000e+00,1.86042869e-04,3.72085148e-04,5.58127721e-04
0.00000000e+00,1.14395734e-04,2.28766812e-04,3.43150218e-04
0.00000000e+00,2.43428032e-04,4.86892634e-04,7.30338952e-04
0.00000000e+00,1.31146421e-04,2.62283833e-04,3.93425749e-04
0.00000000e+00,1.28804024e-04,2.57594368e-04,3.86391552e-04
0.00000000e+00,2.23923062e-04,4.47845878e-04,6.71768818e-04
0.00000000e+00,2.24477182e-04,4.48990940e-04,6.73486409e-04
0.00000000e+00,2.14757131e-04,4.29513909e-04,6.44270864e-04
0.00000000e+00,2.15643868e-04,4.31287523e-04,6.46931284e-04
0.00000000e+00,2.23963238e-04,4.47963328e-04,6.71944992e-04
0.00000000e+00,2.14901520e-04,4.29838445e-04,6.44757667e-04
0.00000000e+00,1.34769399e-04,2.69521835e-04,4.04282753e-04
0.00000000e+00,2.23130442e-04,4.46224137e-04,6.69336205e-04
0.00000000e+00,1.10450983e-04,2.20873153e-04,3.31309729e-04
0.00000000e+00,1.57177582e-04,3.14352530e-04,4.71528794e-04
0.00000000e+00,1.57133970e-04,3.14267831e-04,4.71401746e-04
0.00000000e+00,1.45699834e-04,2.91389062e-04,4.37083594e-04
0.00000000e+00,1.58869840e-04,3.17739028e-04,4.76608542e-04
0.00000000e+00,1.33401428e-04,2.66820930e-04,4.00231395e-04
0.00000000e+00,1.47090733e-04,2.94189932e-04,4.41284898e-04
0.00000000e+00,1.45628572e-04,2.91267411e-04,4.36901116e-04
0.00000000e+00,1.33422280e-04,2.66844330e-04,4.00266495e-04
0.00000000e+00,2.33134484e-04,4.66306096e-04,6.99459144e-04
0.00000000e+00,1.79037933e-04,3.58075497e-04,5.37113246e-04
0.00000000e+00,1.09795841e-04,2.19560682e-04,3.29341023e-04
0.00000000e+00,1.20707870e-04,2.41390444e-04,3.62085666e-04
0.00000000e+00,1.21532598e-04,2.43040071e-04,3.64560107e-04
0.00000000e+00,1.09113919e-04,2.18227743e-04,3.27341614e-04
0.00000000e+00,1.09174571e-04,2.18318004e-04,3.27477007e-04
0.00000000e+00,3.24036892e-04,6.48073865e-04,9.72110797e-04
0.00000000e+00,1.88544104e-04,3.77076155e-04,5.65614233e-04
0.00000000e+00,1.76926776e-04,3.53852943e-04,5.30779414e-04
0.00000000e+00,1.78325462e-04,3.56642940e-04,5.34964410e-04
0.00000000e+00,1.76927828e-04,3.53846095e-04,5.30769143e-04
0.00000000e+00,1.88717672e-04,3.77456692e-04,5.66185038e-04
0.00000000e+00,2.18760786e-04,4.37521367e-04,6.56282050e-04
0.00000000e+00,4.57954415e-05,9.16286122e-05,1.37442918e-04
0.00000000e+00,6.66595952e-05,1.33280047e-04,1.99920071e-04
0.00000000e+00,5.61504159e-05,1.12339710e-04,1.68509564e-04
0.00000000e+00,4.82002829e-05,9.64006827e-05,1.44601024e-04
0.00000000e+00,5.87022765e-05,1.17367585e-04,1.76051377e-04
0.00000000e+00,6.66482122e-05,1.33296489e-04,1.99944734e-04
0.00000000e+00,5.61928528e-05,1.12385745e-04,1.68578618e-04
0.00000000e+00,1.43326711e-04,2.86649111e-04,4.29973666e-04
0.00000000e+00,6.07224414e-05,1.21413846e-04,1.82120769e-04
0.00000000e+00,1.81832274e-04,3.63647008e-04,5.45470512e-04
0.00000000e+00,1.13106403e-04,2.26212474e-04,3.39318711e-04
0.00000000e+00,1.15900070e-04,2.31772622e-04,3.47658934e-04
0.00000000e+00,1.13128938e-04,2.26229851e-04,3.39344777e-04
0.00000000e+00,7.61924415e-05,1.52384832e-04,2.28577248e-04
0.00000000e+00,1.77110587e-04,3.54231890e-04,5.31347834e-04
0.00000000e+00,1.80791846e-04,3.61599590e-04,5.42399384e-04
0.00000000e+00,1.67213644e-04,3.34427283e-04,5.01640925e-04
0.00000000e+00,1.68860364e-04,3.37720539e-04,5.06580809e-04
0.00000000e+00,1.78922387e-04,3.57858215e-04,5.36787322e-04
0.00000000e+00,1.67245498e-04,3.34495203e-04,5.01742805e-04
0.00000000e+00,1.68882740e-04,3.37772242e-04,5.06658363e-04
0.00000000e+00,1.41525618e-04,2.83059189e-04,4.24588783e-04
0.00000000e+00,1.20556516e-04,2.41089679e-04,3.61634519e-04
0.00000000e+00,2.14727175e-04,4.29418325e-04,6.44127487e-04
0.00000000e+00,2.24066922e-04,4.48096594e-04,6.72144891e-04
0.00000000e+00,2.18845957e-04,4.37655651e-04,6.56483476e-04
0.00000000e+00,8.65906650e-05,1.73219494e-04,2.59829241e-04
0.00000000e+00,9.72433540e-05,1.94521632e-04,2.91782448e-04
0.00000000e+00,8.63574895e-05,1.72752974e-04,2.59129461e-04
0.00000000e+00,9.73128548e-05,1.94625632e-04,2.91938447e-04
0.00000000e+00,1.13048618e-04,2.26124497e-04,3.39186745e-04
0.00000000e+00,1.34607150e-04,2.69213836e-04,4.03820754e-04
0.00000000e+00,1.22931318e-04,2.45866802e-04,3.68800203e-04
0.00000000e+00,1.33228764e-04,2.66457083e-04,3.99685625e-04
0.00000000e+00,1.34654898e-04,2.69310395e-04,4.03965593e-04
0.00000000e+00,1.33290357e-04,2.66585533e-04,3.99878299e-04
0.00000000e+00,1.77060981e-04,3.54111506e-04,5.31167259e-04
0.00000000e+00,2.02548716e-04,4.05124455e-04,6.07686683e-04
0.00000000e+00,1.89602660e-04,3.79205312e-04,5.68807968e-04
0.00000000e+00,1.98825263e-04,3.97650613e-04,5.96475919e-04
0.00000000e+00,1.86325018e-04,3.72634552e-04,5.58951828e-04
0.00000000e+00,1.77089133e-04,3.54178346e-04,5.31267519e-04
0.00000000e+00,1.89621334e-04,3.79262061e-04,5.68893091e-04
0.00000000e+00,1.86357963e-04,3.72715984e-04,5.59073976e-04
0.00000000e+00,1.19890243e-04,2.39801973e-04,3.59702959e-04
0.00000000e+00,1.32049870e-04,2.64083581e-04,3.96125372e-04
0.00000000e+00,1.33163472e-04,2.66346734e-04,3.99520101e-04
0.00000000e+00,1.33411105e-04,2.66841060e-04,4.00261590e-04
0.00000000e+00,1.45108330e-04,2.90228104e-04,4.35342156e-04
0.00000000e+00,1.33447456e-04,2.66894856e-04,4.00342284e-04
0.00000000e+00,1.33281374e-04,2.66542768e-04,3.99814152e-04
0.00000000e+00,1.45152015e-04,2.90304022e-04,4.35456033e-04
0.00000000e+00,1.33495300e-04,2.66971544e-04,4.00457317e-04
0.00000000e+00,1.45207151e-04,2.90402684e-04,4.35604026e-04
0.00000000e+00,1.22881264e-04,2.45762090e-04,3.68643135e-04
0.00000000e+00,1.33192948e-04,2.66380172e-04,3.99570257e-04
0.00000000e+00,1.80760848e-04,3.61505008e-04,5.42257512e-04
0.00000000e+00,1.80490587e-04,3.60963792e-04,5.41445688e-04
0.00000000e+00,1.92442427e-04,3.84860484e-04,5.77290726e-04
0.00000000e+00,1.80511624e-04,3.61022966e-04,5.41534449e-04
0.00000000e+00,1.78883048e-04,3.57752586e-04,5.36628880e-04
0.00000000e+00,1.67176009e-04,3.34347823e-04,5.01521735e-04
0.00000000e+00,1.68831325e-04,3.37655451e-04,5.06483177e-04
0.00000000e+00,1.80793188e-04,3.61586081e-04,5.42379122e-04
0.00000000e+00,1.78916722e-04,3.57833440e-04,5.36750160e-04
0.00000000e+00,8.67194563e-05,1.73400864e-04,2.60101296e-04
0.00000000e+00,9.73862001e-05,1.94737355e-04,2.92106033e-04
0.00000000e+00,8.63955794e-05,1.72791105e-04,2.59186658e-04
0.00000000e+00,8.64266484e-05,1.72815151e-04,2.59222726e-04
0.00000000e+00,1.24076636e-04,2.48131417e-04,3.72197126e-04
0.00000000e+00,2.90446752e-05,5.81093069e-05,8.71639604e-05
0.00000000e+00,0.00000000e+00,0.00000000e+00,0.00000000e+00
0.00000000e+00,2.96693221e-05,5.93182972e-05,8.89774458e-05
0.00000000e+00,2.61654858e-05,5.23577570e-05,7.85366355e-05
0.00000000e+00,1.40788025e-05,2.81699221e-05,4.22548832e-05
0.00000000e+00,1.35361610e-05,2.70723219e-05,4.06084828e-05
0.00000000e+00,2.93412197e-05,5.86821246e-05,8.80231869e-05
0.00000000e+00,2.73686929e-05,5.47613608e-05,8.21420413e-05
0.00000000e+00,1.21548398e-05,2.43235493e-05,3.64853240e-05
0.00000000e+00,2.75897976e-05,5.51795908e-05,8.27693862e-05
0.00000000e+00,2.27208020e-04,4.54379278e-04,6.81568917e-04
0.00000000e+00,2.26947046e-04,4.53859228e-04,6.80788841e-04
0.00000000e+00,1.09682305e-04,2.19395568e-04,3.29093352e-04
0.00000000e+00,1.21460189e-04,2.42920202e-04,3.64380303e-04
0.00000000e+00,1.09061746e-04,2.18154457e-04,3.27231686e-04
0.00000000e+00,1.21402614e-04,2.42830182e-04,3.64245273e-04
0.00000000e+00,1.20661866e-04,2.41348637e-04,3.62022955e-04
0.00000000e+00,1.19863865e-04,2.39727275e-04,3.59590913e-04
0.00000000e+00,1.19785317e-04,2.39545916e-04,3.59318875e-04
0.00000000e+00,1.29284326e-04,2.58548473e-04,3.87822710e-04
0.00000000e+00,7.13029051e-05,1.42636382e-04,2.13954574e-04
0.00000000e+00,1.20246270e-04,2.40472112e-04,3.60708167e-04
0.00000000e+00,1.61405066e-04,3.22806667e-04,4.84210000e-04
0.00000000e+00,1.49271785e-04,2.98546854e-04,4.47820280e-04
0.00000000e+00,1.78287127e-04,3.56581044e-04,5.34871567e-04
0.00000000e+00,1.78313462e-04,3.56626408e-04,5.34939612e-04
0.00000000e+00,2.52084655e-04,5.04196000e-04,7.56294000e-04
0.00000000e+00,2.53854566e-04,5.07709283e-04,7.61563925e-04
0.00000000e+00,2.42938490e-04,4.85907307e-04,7.28860960e-04
0.00000000e+00,2.53930308e-04,5.07890715e-04,7.61836073e-04
0.00000000e+00,2.44656504e-04,4.89297776e-04,7.33946664e-04
0.00000000e+00,2.44701808e-04,4.89419111e-04,7.34128666e-04
0.00000000e+00,2.73376918e-04,5.46768816e-04,8.20153224e-04
0.00000000e+00,2.48404858e-04,4.96809891e-04,7.45214836e-04
0.00000000e+00,2.48448197e-04,4.96917787e-04,7.45376681e-04
0.00000000e+00,2.44673328e-04,4.89346728e-04,7.34020092e-04
0.00000000e+00,2.59219607e-04,5.18439416e-04,7.77659123e-04
0.00000000e+00,2.62679173e-04,5.25379196e-04,7.88068794e-04
0.00000000e+00,2.59265912e-04,5.18547267e-04,7.77820900e-04
0.00000000e+00,5.10491319e-05,1.02131780e-04,1.53197670e-04
0.00000000e+00,4.01953669e-05,8.03906458e-05,1.20585969e-04
0.00000000e+00,3.82770254e-05,7.65539752e-05,1.14830963e-04
0.00000000e+00,5.10548731e-05,1.02109384e-04,1.53164077e-04
0.00000000e+00,4.00835830e-05,8.01943937e-05,1.20291591e-04
0.00000000e+00,3.83051931e-05,7.66417509e-05,1.14962626e-04
0.00000000e+00,1.80378810e-04,3.60776101e-04,5.41164152e-04
0.00000000e+00,0.00000000e+00,0.00000000e+00,0.00000000e+00
0.00000000e+00,0.00000000e+00,0.00000000e+00,0.00000000e+00
0.00000000e+00,0.00000000e+00,0.00000000e+00,0.00000000e+00
0.00000000e+00,3.38533939e-05,6.76752446e-05,1.01512867e-04
0.00000000e+00,0.00000000e+00,0.00000000e+00,0.00000000e+00
0.00000000e+00,0.00000000e+00,0.00000000e+00,0.00000000e+00
0.00000000e+00,0.00000000e+00,0.00000000e+00,0.00000000e+00
0.00000000e+00,1.52604392e-05,3.05042231e-05,4.57563347e-05
0.00000000e+00,1.55977988e-05,3.11957390e-05,4.67936085e-05
0.00000000e+00,1.53882114e-05,3.07602073e-05,4.61403109e-05
0.00000000e+00,2.39849575e-04,4.79673438e-04,7.19510157e-04
0.00000000e+00,2.15577185e-04,4.31119277e-04,6.46678915e-04
0.00000000e+00,2.14776213e-04,4.29518744e-04,6.44278116e-04
0.00000000e+00,1.10471685e-04,2.20934944e-04,3.31402416e-04
0.00000000e+00,9.80081416e-05,1.96015987e-04,2.94023980e-04
0.00000000e+00,1.10501322e-04,2.21002306e-04,3.31503460e-04
0.00000000e+00,2.48390691e-04,4.96760408e-04,7.45140612e-04
0.00000000e+00,2.52027124e-04,5.04054541e-04,7.56081811e-04
0.00000000e+00,2.62615511e-04,5.25231140e-04,7.87846710e-04
0.00000000e+00,1.48250188e-04,2.96497658e-04,4.44746487e-04
0.00000000e+00,1.48154352e-04,2.96310342e-04,4.44465512e-04
0.00000000e+00,1.46618185e-04,2.93235945e-04,4.39853917e-04
0.00000000e+00,1.58234008e-04,3.16467529e-04,4.74701294e-04
0.00000000e+00,1.46583725e-04,2.93167631e-04,4.39751447e-04
0.00000000e+00,1.48199370e-04,2.96398305e-04,4.44597458e-04
0.00000000e+00,1.58194363e-04,3.16390942e-04,4.74586414e-04
0.00000000e+00,1.36429493e-04,2.72857261e-04,4.09285892e-04
0.00000000e+00,1.36374780e-04,2.72749198e-04,4.09123797e-04
0.00000000e+00,0.00000000e+00,0.00000000e+00,0.00000000e+00
0.00000000e+00,3.32814755e-05,6.65945794e-05,9.98918691e-05
0.00000000e+00,0.00000000e+00,0.00000000e+00,0.00000000e+00
0.00000000e+00,1.54894602e-05,3.09789792e-05,4.64684688e-05
0.00000000e+00,1.60645543e-05,3.21465054e-05,4.82197580e-05
0.00000000e+00,1.63194196e-05,3.26555325e-05,4.89832987e-05
0.00000000e+00,3.35214235e-05,6.70428209e-05,1.00564231e-04
0.00000000e+00,0.00000000e+00,0.00000000e+00,0.00000000e+00
0.00000000e+00,1.29087056e-04,2.58194355e-04,3.87291532e-04
0.00000000e+00,0.00000000e+00,0.00000000e+00,0.00000000e+00
0.00000000e+00,0.00000000e+00,0.00000000e+00,0.00000000e+00
0.00000000e+00,1.34874564e-05,2.69633879e-05,4.04450819e-05
0.00000000e+00,1.19382718e-05,2.38765636e-05,3.58148454e-05
0.00000000e+00,1.55117300e-04,3.10241278e-04,4.65361917e-04
0.00000000e+00,1.55215311e-04,3.10424093e-04,4.65636140e-04
0.00000000e+00,1.56085435e-04,3.12175425e-04,4.68263137e-04
0.00000000e+00,1.44285536e-04,2.88584499e-04,4.32876749e-04
0.00000000e+00,1.44336356e-04,2.88672807e-04,4.33009211e-04
0.00000000e+00,1.56126882e-04,3.12253788e-04,4.68380682e-04
0.00000000e+00,1.55165136e-04,3.10330382e-04,4.65495572e-04
0.00000000e+00,3.33333333e-04,6.66666667e-04,1.00000000e-03
0.00000000e+00,3.33333333e-04,6.66666667e-04,1.00000000e-03
0.00000000e+00,3.33333333e-04,6.66666667e-04,1.00000000e-03
0.00000000e+00,2.96679925e-04,5.93360401e-04,8.90040601e-04
0.00000000e+00,3.33333333e-04,6.66666667e-04,1.00000000e-03
0.00000000e+00,3.33333333e-04,6.66666667e-04,1.00000000e-03
0.00000000e+00,3.33333333e-04,6.66666667e-04,1.00000000e-03
0.00000000e+00,3.16638261e-04,6.33276596e-04,9.49914894e-04
0.00000000e+00,3.16346500e-04,6.32692998e-04,9.49039498e-04
0.00000000e+00,3.16901425e-04,6.33803621e-04,9.50705431e-04
0.00000000e+00,2.66475497e-04,5.32979778e-04,7.99469667e-04
0.00000000e+00,2.65135854e-04,5.30297352e-04,7.95446028e-04
0.00000000e+00,2.66377388e-04,5.32754931e-04,7.99132397e-04
0.00000000e+00,9.79751794e-05,1.95937596e-04,2.93906395e-04
0.00000000e+00,2.55339599e-05,5.10411232e-05,7.65616849e-05
0.00000000e+00,1.20377005e-05,2.40754982e-05,3.61132473e-05
0.00000000e+00,2.96128557e-05,5.92257000e-05,8.88385500e-05
0.00000000e+00,1.25070595e-05,2.49995094e-05,3.74992641e-05
0.00000000e+00,2.58072733e-05,5.16147384e-05,7.74221075e-05
0.00000000e+00,2.92407465e-05,5.84519924e-05,8.76779885e-05
0.00000000e+00,3.03985511e-04,6.07951252e-04,9.11926879e-04
0.00000000e+00,3.33333333e-04,6.66666667e-04,1.00000000e-03
0.00000000e+00,3.03282833e-04,6.06585638e-04,9.09878457e-04
0.00000000e+00,3.02988486e-04,6.05957051e-04,9.08935577e-04
0.00000000e+00,3.18719096e-04,6.37427945e-04,9.56141917e-04
0.00000000e+00,3.19208797e-04,6.38407294e-04,9.57610941e-04
0.00000000e+00,3.03704847e-04,6.07409764e-04,9.11114647e-04
0.00000000e+00,3.02664419e-04,6.05328964e-04,9.07993445e-04
0.00000000e+00,3.19701564e-04,6.39403251e-04,9.59104877e-04
0.00000000e+00,3.33333333e-04,6.66666667e-04,1.00000000e-03
0.00000000e+00,3.19775359e-04,6.39560857e-04,9.59341285e-04
0.00000000e+00,3.18533446e-04,6.37066938e-04,9.55600407e-04
0.00000000e+00,3.33333333e-04,6.66666667e-04,1.00000000e-03
0.00000000e+00,3.05009788e-04,6.10031241e-04,9.15046862e-04
0.00000000e+00,2.91475911e-04,5.82969941e-04,8.74454912e-04
0.00000000e+00,2.91269881e-04,5.82540027e-04,8.73810041e-04
0.00000000e+00,3.03642079e-04,6.07300334e-04,9.10950501e-04
0.00000000e+00,1.39952872e-04,2.79919221e-04,4.19878831e-04
0.00000000e+00,3.33333333e-04,6.66666667e-04,1.00000000e-03
0.00000000e+00,3.33333333e-04,6.66666667e-04,1.00000000e-03
0.00000000e+00,3.18670795e-04,6.37341618e-04,9.56012427e-04
0.00000000e+00,3.33333333e-04,6.66666667e-04,1.00000000e-03
0.00000000e+00,1.88549589e-04,3.77098759e-04,5.65648139e-04
0.00000000e+00,1.25009451e-05,2.49876342e-05,3.74814513e-05
0.00000000e+00,2.72851672e-05,5.45460922e-05,8.18191383e-05
0.00000000e+00,2.17788407e-04,4.35576691e-04,6.53365037e-04
0.00000000e+00,3.04440801e-04,6.08870101e-04,9.13305151e-04
0.00000000e+00,3.04737601e-04,6.09475251e-04,9.14212877e-04
0.00000000e+00,3.19510613e-04,6.39028151e-04,9.58542227e-04
0.00000000e+00,3.20206359e-04,6.40412708e-04,9.60619062e-04
0.00000000e+00,3.03391685e-04,6.06783556e-04,9.10175335e-04
0.00000000e+00,3.17955030e-04,6.35920233e-04,9.53880350e-04
0.00000000e+00,1.28102806e-04,2.56189536e-04,3.84284304e-04
0.00000000e+00,4.06179176e-05,8.12410162e-05,1.21861524e-04
0.00000000e+00,2.96486767e-05,5.93162214e-05,8.89743320e-05
0.00000000e+00,0.00000000e+00,0.00000000e+00,0.00000000e+00
0.00000000e+00,2.90745945e-05,5.81310315e-05,8.71965473e-05
0.00000000e+00,3.45939717e-05,6.91882952e-05,1.03782443e-04
0.00000000e+00,1.30416712e-05,2.60832909e-05,3.91249363e-05
0.00000000e+00,1.87102876e-05,3.74215832e-05,5.61323748e-05
0.00000000e+00,3.42525419e-05,6.84982866e-05,1.02747430e-04
0.00000000e+00,2.93410189e-05,5.86825584e-05,8.80238376e-05
0.00000000e+00,1.35988456e-05,2.71890603e-05,4.07835904e-05
0.00000000e+00,1.86026376e-04,3.72038435e-04,5.58057653e-04
0.00000000e+00,1.74176886e-04,3.48343031e-04,5.22514546e-04
0.00000000e+00,2.27903010e-04,4.55770561e-04,6.83655841e-04
0.00000000e+00,2.30052768e-04,4.60069089e-04,6.90103634e-04
0.00000000e+00,2.16478177e-04,4.32922551e-04,6.49383827e-04
0.00000000e+00,2.27907393e-04,4.55814726e-04,6.83722090e-04
0.00000000e+00,2.17740387e-04,4.35447647e-04,6.53171470e-04
0.00000000e+00,1.73321205e-04,3.46654860e-04,5.19982290e-04
0.00000000e+00,1.49314838e-04,2.98629019e-04,4.47943528e-04
0.00000000e+00,1.28017203e-04,2.56014671e-04,3.84022006e-04
0.00000000e+00,8.84268250e-05,1.76890546e-04,2.65335820e-04
0.00000000e+00,1.15566950e-04,2.31133964e-04,3.46700946e-04
0.00000000e+00,1.08287023e-04,2.16574896e-04,3.24862344e-04
0.00000000e+00,9.50534045e-05,1.90131842e-04,2.85197763e-04
0.00000000e+00,1.15638395e-04,2.31259537e-04,3.46889306e-04
0.00000000e+00,9.51134668e-05,1.90226999e-04,2.85340499e-04
0.00000000e+00,2.05345713e-04,4.10719513e-04,6.16079269e-04
0.00000000e+00,2.30746071e-04,4.61456559e-04,6.92184838e-04
0.00000000e+00,2.44696935e-04,4.89353314e-04,7.34029970e-04
0.00000000e+00,2.30778722e-04,4.61593214e-04,6.92389822e-04
0.00000000e+00,2.17785904e-04,4.35572017e-04,6.53358025e-04
0.00000000e+00,2.38214198e-04,4.76390268e-04,7.14585403e-04
0.00000000e+00,2.24930461e-04,4.49860977e-04,6.74791466e-04
0.00000000e+00,2.17812007e-04,4.35656507e-04,6.53484761e-04
0.00000000e+00,2.30759228e-04,4.61518562e-04,6.92277843e-04
0.00000000e+00,2.38232547e-04,4.76465337e-04,7.14698006e-04
0.00000000e+00,5.23299795e-05,1.04681138e-04,1.57021707e-04
0.00000000e+00,6.16461674e-05,1.23291999e-04,1.84937999e-04
0.00000000e+00,5.15813390e-05,1.03162457e-04,1.54743686e-04
0.00000000e+00,6.07645019e-05,1.21528764e-04,1.82293146e-04
0.00000000e+00,6.16708391e-05,1.23365889e-04,1.85048834e-04
0.00000000e+00,1.02101534e-04,2.04238309e-04,3.06357464e-04
0.00000000e+00,1.28033730e-04,2.56037184e-04,3.84055775e-04
0.00000000e+00,8.86616998e-05,1.77283937e-04,2.65925906e-04
0.00000000e+00,1.02260243e-04,2.04485312e-04,3.06727968e-04
0.00000000e+00,1.15326291e-04,2.30652660e-04,3.45978989e-04
0.00000000e+00,1.08429172e-04,2.16822520e-04,3.25233780e-04
0.00000000e+00,9.48794038e-05,1.89758776e-04,2.84638164e-04
0.00000000e+00,1.02184282e-04,2.04368663e-04,3.06552995e-04
0.00000000e+00,1.15396645e-04,2.30760259e-04,3.46140389e-04
0.00000000e+00,9.49609488e-05,1.89884316e-04,2.84826474e-04
0.00000000e+00,9.80984850e-05,1.96196913e-04,2.94295370e-04
0.00000000e+00,2.65052573e-04,5.30105313e-04,7.95157970e-04
0.00000000e+00,2.66310677e-04,5.32592890e-04,7.98889335e-04
0.00000000e+00,2.64995436e-04,5.29965604e-04,7.94948406e-04
0.00000000e+00,7.62259026e-05,1.52412835e-04,2.28619253e-04
0.00000000e+00,7.69006219e-05,1.53763558e-04,2.30645337e-04
0.00000000e+00,2.05960956e-04,4.11949643e-04,6.17924464e-04
0.00000000e+00,2.44801813e-04,4.89567261e-04,7.34350891e-04
0.00000000e+00,2.85302078e-04,5.70571540e-04,8.55857310e-04
0.00000000e+00,2.44802012e-04,4.89639300e-04,7.34458950e-04
0.00000000e+00,2.65848235e-04,5.31681925e-04,7.97522888e-04
0.00000000e+00,2.64850103e-04,5.29664940e-04,7.94497411e-04
0.00000000e+00,2.64719256e-04,5.29438391e-04,7.94157586e-04
0.00000000e+00,2.44795540e-04,4.89591070e-04,7.34386605e-04
0.00000000e+00,2.55433250e-04,5.10839812e-04,7.66259718e-04
0.00000000e+00,2.76587967e-04,5.53150689e-04,8.29726033e-04
0.00000000e+00,2.55458209e-04,5.10915973e-04,7.66373960e-04
0.00000000e+00,2.75609505e-04,5.51219193e-04,8.26828790e-04
0.00000000e+00,2.11176531e-04,4.22321967e-04,6.33482951e-04
0.00000000e+00,1.66049626e-04,3.32097327e-04,4.98145990e-04
0.00000000e+00,1.66091469e-04,3.32183001e-04,4.98274502e-04
0.00000000e+00,2.84626263e-04,5.69282909e-04,8.53924363e-04
0.00000000e+00,2.67868536e-04,5.35772305e-04,8.03658458e-04
0.00000000e+00,2.44700461e-04,4.89442049e-04,7.34163073e-04
0.00000000e+00,2.64522550e-04,5.29045254e-04,7.93567881e-04
0.00000000e+00,2.56315776e-04,5.12631708e-04,7.68947561e-04
0.00000000e+00,2.77391393e-04,5.54816068e-04,8.32224103e-04
0.00000000e+00,2.64549547e-04,5.29136127e-04,7.93704191e-04
0.00000000e+00,2.44695149e-04,4.89390362e-04,7.34085544e-04
0.00000000e+00,2.56319512e-04,5.12677455e-04,7.69016183e-04
0.00000000e+00,4.83644351e-05,9.67546023e-05,1.45131903e-04
0.00000000e+00,6.61053775e-05,1.32246212e-04,1.98369318e-04
0.00000000e+00,8.84611647e-05,1.76961617e-04,2.65442425e-04
0.00000000e+00,6.87127574e-05,1.37425199e-04,2.06137798e-04
0.00000000e+00,7.73149220e-05,1.54629818e-04,2.31944728e-04
0.00000000e+00,5.61096061e-05,1.12250324e-04,1.68375486e-04
0.00000000e+00,6.85525481e-05,1.37138857e-04,2.05708285e-04
0.00000000e+00,8.85664752e-05,1.77132687e-04,2.65699030e-04
0.00000000e+00,7.72331760e-05,1.54503659e-04,2.31755489e-04
0.00000000e+00,1.92630285e-04,3.85285153e-04,5.77927730e-04
0.00000000e+00,2.00252315e-04,4.00533881e-04,6.00800822e-04
0.00000000e+00,3.17995440e-04,6.36001632e-04,9.54002448e-04
0.00000000e+00,3.02926897e-04,6.05873934e-04,9.08810901e-04
0.00000000e+00,1.89413844e-04,3.78847281e-04,5.68270922e-04
0.00000000e+00,3.33333333e-04,6.66666667e-04,1.00000000e-03
0.00000000e+00,3.33333333e-04,6.66666667e-04,1.00000000e-03
0.00000000e+00,3.33333333e-04,6.66666667e-04,1.00000000e-03
0.00000000e+00,3.18850478e-04,6.37691089e-04,9.56536633e-04
0.00000000e+00,1.70255350e-04,3.40510396e-04,5.10765594e-04
0.00000000e+00,3.19652933e-04,6.39315896e-04,9.58973844e-04
0.00000000e+00,3.19556393e-04,6.39112894e-04,9.58669341e-04
0.00000000e+00,3.33333333e-04,6.66666667e-04,1.00000000e-03
0.00000000e+00,3.33333333e-04,6.66666667e-04,1.00000000e-03
0.00000000e+00,0.00000000e+00,0.00000000e+00,0.00000000e+00
0.00000000e+00,0.00000000e+00,0.00000000e+00,0.00000000e+00
0.00000000e+00,1.35885306e-05,2.71772279e-05,4.07658419e-05
0.00000000e+00,1.41017881e-05,2.82139242e-05,4.23208864e-05
0.00000000e+00,2.17041337e-04,4.34092631e-04,6.51138946e-04
0.00000000e+00,2.35903509e-04,4.71827371e-04,7.07741057e-04
0.00000000e+00,2.30920420e-04,4.61853754e-04,6.92780631e-04
0.00000000e+00,2.21822341e-04,4.43662233e-04,6.65493349e-04
0.00000000e+00,2.35878269e-04,4.71756618e-04,7.07634927e-04
0.00000000e+00,2.30910700e-04,4.61821373e-04,6.92732059e-04
0.00000000e+00,3.33333333e-04,6.66666667e-04,1.00000000e-03
0.00000000e+00,3.18914260e-04,6.37818387e-04,9.56727581e-04
0.00000000e+00,1.09735038e-04,2.19469915e-04,3.29204873e-04
0.00000000e+00,2.84830647e-04,5.69630748e-04,8.54446122e-04
0.00000000e+00,2.67822205e-04,5.35609335e-04,8.03414002e-04
0.00000000e+00,2.64544282e-04,5.29052115e-04,7.93578172e-04
0.00000000e+00,2.77365919e-04,5.54731835e-04,8.32097752e-04
0.00000000e+00,2.56331345e-04,5.12624463e-04,7.68936695e-04
0.00000000e+00,2.77346323e-04,5.54659386e-04,8.31989079e-04
0.00000000e+00,2.67830864e-04,5.35661875e-04,8.03492812e-04
0.00000000e+00,2.38254384e-04,4.76547275e-04,7.14820913e-04
0.00000000e+00,2.24954483e-04,4.49945028e-04,6.74917542e-04
0.00000000e+00,1.44394396e-04,2.88775405e-04,4.33163107e-04
0.00000000e+00,1.56171756e-04,3.12339044e-04,4.68508566e-04
0.00000000e+00,8.39306187e-05,1.67823646e-04,2.51735469e-04
0.00000000e+00,9.67725692e-05,1.93510187e-04,2.90265280e-04
0.00000000e+00,8.53063547e-05,1.70612683e-04,2.55919024e-04
0.00000000e+00,9.81537134e-05,1.96272531e-04,2.94408797e-04
0.00000000e+00,8.53856506e-05,1.70733424e-04,2.56100136e-04
0.00000000e+00,8.66595136e-05,1.73318965e-04,2.59978447e-04
0.00000000e+00,1.27853424e-04,2.55726977e-04,3.83590465e-04
0.00000000e+00,1.27938709e-04,2.55877314e-04,3.83815972e-04
0.00000000e+00,1.15494501e-04,2.31006986e-04,3.46510480e-04
0.00000000e+00,1.08214982e-04,2.16458811e-04,3.24688217e-04
0.00000000e+00,6.36062772e-05,1.27252809e-04,1.90879213e-04
0.00000000e+00,7.49621121e-05,1.49924221e-04,2.24886331e-04
0.00000000e+00,7.49123598e-05,1.49824681e-04,2.24737022e-04
0.00000000e+00,7.49072126e-05,1.49853918e-04,2.24780877e-04
0.00000000e+00,1.27888626e-04,2.55808063e-04,3.83712094e-04
0.00000000e+00,1.08248362e-04,2.16532942e-04,3.24799414e-04
0.00000000e+00,9.47812936e-05,1.89600129e-04,2.84400194e-04
0.00000000e+00,1.15255270e-04,2.30543777e-04,3.45815666e-04
0.00000000e+00,1.08335930e-04,2.16671955e-04,3.25007932e-04
0.00000000e+00,1.93715913e-04,3.87433624e-04,5.81150436e-04
0.00000000e+00,1.81083664e-04,3.62170726e-04,5.43256090e-04
0.00000000e+00,1.91178766e-04,3.82364196e-04,5.73546295e-04
0.00000000e+00,1.81118972e-04,3.62237464e-04,5.43356195e-04
0.00000000e+00,1.46665926e-04,2.93330769e-04,4.39996153e-04
0.00000000e+00,2.51816618e-04,5.03597318e-04,7.55395977e-04
0.00000000e+00,2.51779340e-04,5.03594524e-04,7.55391786e-04
0.00000000e+00,2.41289529e-04,4.82543166e-04,7.23814749e-04
0.00000000e+00,2.60013685e-04,5.19991968e-04,7.79987952e-04
0.00000000e+00,2.49244002e-04,4.98451850e-04,7.47677775e-04
0.00000000e+00,2.41279009e-04,4.82558071e-04,7.23837107e-04
0.00000000e+00,2.51789784e-04,5.03579485e-04,7.55369227e-04
0.00000000e+00,2.60007131e-04,5.20014301e-04,7.80021451e-04
0.00000000e+00,5.86962596e-05,1.17429305e-04,1.76143958e-04
0.00000000e+00,4.81887884e-05,9.64137807e-05,1.44620671e-04
0.00000000e+00,4.58018535e-05,9.15663702e-05,1.37349555e-04
0.00000000e+00,4.81899725e-05,9.63439509e-05,1.44515926e-04
0.00000000e+00,4.58113705e-05,9.16228798e-05,1.37434320e-04
0.00000000e+00,5.62017163e-05,1.12364711e-04,1.68547066e-04
0.00000000e+00,2.16828801e-05,4.33853580e-05,6.50780369e-05
0.00000000e+00,2.16929629e-05,4.33669900e-05,6.50504850e-05
0.00000000e+00,2.74500311e-05,5.49255022e-05,8.23882532e-05
0.00000000e+00,1.07282103e-05,2.14667190e-05,3.22000785e-05
0.00000000e+00,9.89243414e-06,1.97846966e-05,2.96770449e-05
0.00000000e+00,2.75115194e-05,5.50232915e-05,8.25349373e-05
0.00000000e+00,2.16345142e-05,4.32691903e-05,6.49037855e-05
0.00000000e+00,4.86875177e-05,9.73485865e-05,1.46022880e-04
0.00000000e+00,6.62694794e-05,1.32503326e-04,1.98754990e-04
0.00000000e+00,6.88518465e-05,1.37669794e-04,2.06504691e-04
0.00000000e+00,5.62556687e-05,1.12511183e-04,1.68766774e-04
0.00000000e+00,7.73767078e-05,1.54715886e-04,2.32073828e-04
0.00000000e+00,5.64007029e-05,1.12769961e-04,1.69154942e-04
0.00000000e+00,6.61990830e-05,1.32398278e-04,1.98597418e-04
0.00000000e+00,1.39654130e-04,2.79300930e-04,4.18951395e-04
0.00000000e+00,1.32187312e-04,2.64370147e-04,3.96555220e-04
0.00000000e+00,1.32128309e-04,2.64256486e-04,3.96384728e-04
0.00000000e+00,1.21342145e-04,2.42674675e-04,3.64012012e-04
0.00000000e+00,1.20242024e-05,2.40623555e-05,3.60935333e-05
0.00000000e+00,2.94443200e-05,5.89182241e-05,8.83773362e-05
0.00000000e+00,1.53185161e-04,3.06366496e-04,4.59549744e-04
0.00000000e+00,1.53575733e-04,3.07148134e-04,4.60722200e-04
0.00000000e+00,1.53130244e-04,3.06260259e-04,4.59390389e-04
0.00000000e+00,9.80457799e-05,1.96126414e-04,2.94189621e-04
0.00000000e+00,9.66965129e-05,1.93393011e-04,2.90089517e-04
0.00000000e+00,2.23340570e-04,4.46669630e-04,6.70004445e-04
0.00000000e+00,2.34692353e-04,4.69384344e-04,7.04076517e-04
0.00000000e+00,2.34686790e-04,4.69348261e-04,7.04022391e-04
0.00000000e+00,2.44471839e-04,4.88930431e-04,7.33395647e-04
0.00000000e+00,2.23405646e-04,4.46822651e-04,6.70233977e-04
0.00000000e+00,2.34702588e-04,4.69429666e-04,7.04144499e-04
0.00000000e+00,2.23371704e-04,4.46743284e-04,6.70114926e-04
0.00000000e+00,2.44501701e-04,4.89003356e-04,7.33505033e-04
0.00000000e+00,1.41259490e-04,2.82530976e-04,4.23796465e-04
0.00000000e+00,1.33216149e-04,2.66432332e-04,3.99648498e-04
0.00000000e+00,1.80055264e-04,3.60111092e-04,5.40166639e-04
0.00000000e+00,1.67516844e-04,3.35035601e-04,5.02553401e-04
0.00000000e+00,1.67557543e-04,3.35114659e-04,5.02671988e-04
0.00000000e+00,1.63377609e-04,3.26759212e-04,4.90138817e-04
0.00000000e+00,7.31831145e-05,1.46352182e-04,2.19528272e-04
0.00000000e+00,7.20299080e-05,1.44038898e-04,2.16058347e-04
0.00000000e+00,8.44756676e-05,1.68951045e-04,2.53426568e-04
0.00000000e+00,8.44386666e-05,1.68860406e-04,2.53290609e-04
0.00000000e+00,0.00000000e+00,0.00000000e+00,0.00000000e+00
0.00000000e+00,0.00000000e+00,0.00000000e+00,0.00000000e+00
0.00000000e+00,0.00000000e+00,0.00000000e+00,0.00000000e+00
0.00000000e+00,0.00000000e+00,0.00000000e+00,0.00000000e+00
0.00000000e+00,1.82650100e-05,3.65302161e-05,5.47953242e-05
0.00000000e+00,1.83811803e-05,3.67668137e-05,5.51502205e-05
0.00000000e+00,1.57541654e-04,3.15084894e-04,4.72627341e-04
0.00000000e+00,1.57585630e-04,3.15170838e-04,4.72756257e-04
0.00000000e+00,3.20348758e-04,6.40690919e-04,9.61036378e-04
0.00000000e+00,3.03001457e-04,6.05986956e-04,9.08980434e-04
0.00000000e+00,1.21571082e-04,2.43167783e-04,3.64751674e-04
0.00000000e+00,0.00000000e+00,0.00000000e+00,0.00000000e+00
0.00000000e+00,2.75213267e-04,5.50457916e-04,8.25686875e-04
0.00000000e+00,2.74275522e-04,5.48551096e-04,8.22826644e-04
0.00000000e+00,2.88777182e-04,5.77554443e-04,8.66331664e-04
0.00000000e+00,2.74305985e-04,5.48642875e-04,8.22964313e-04
0.00000000e+00,2.75724353e-04,5.51468723e-04,8.27203085e-04
0.00000000e+00,2.89531677e-04,5.79076933e-04,8.68615399e-04
0.00000000e+00,2.05342299e-04,4.10656827e-04,6.15985240e-04
0.00000000e+00,1.98437722e-04,3.96856038e-04,5.95284058e-04
0.00000000e+00,1.85876652e-04,3.71737376e-04,5.57606064e-04
0.00000000e+00,1.98484893e-04,3.96969630e-04,5.95454445e-04
0.00000000e+00,4.85547750e-05,9.71091069e-05,1.45663660e-04
0.00000000e+00,2.84709093e-04,5.69418199e-04,8.54127299e-04
0.00000000e+00,2.35851482e-04,4.71682814e-04,7.07524221e-04
0.00000000e+00,2.21825950e-04,4.43651703e-04,6.65477554e-04
0.00000000e+00,2.84519245e-04,5.69069650e-04,8.53604475e-04
0.00000000e+00,2.65885142e-04,5.31785058e-04,7.97677588e-04
0.00000000e+00,2.84884286e-04,5.69768093e-04,8.54652139e-04
0.00000000e+00,2.64541542e-04,5.29117491e-04,7.93676237e-04
0.00000000e+00,2.55491977e-04,5.11009790e-04,7.66514685e-04
0.00000000e+00,2.76527224e-04,5.53054373e-04,8.29581559e-04
0.00000000e+00,2.76489870e-04,5.53004834e-04,8.29507251e-04
0.00000000e+00,2.65849684e-04,5.31699413e-04,7.97549120e-04
0.00000000e+00,2.51729271e-04,5.03494578e-04,7.55241867e-04
0.00000000e+00,2.52806565e-04,5.05613026e-04,7.58419539e-04
0.00000000e+00,2.42050202e-04,4.84100286e-04,7.26150429e-04
0.00000000e+00,2.52821511e-04,5.05678987e-04,7.58518481e-04
0.00000000e+00,2.39996968e-04,4.80029924e-04,7.20044887e-04
0.00000000e+00,2.39989834e-04,4.79979593e-04,7.19969389e-04
0.00000000e+00,2.39912607e-04,4.79825103e-04,7.19737655e-04
0.00000000e+00,2.39926413e-04,4.79888561e-04,7.19832841e-04
0.00000000e+00,2.51730853e-04,5.03497526e-04,7.55246289e-04
0.00000000e+00,2.51746863e-04,5.03457552e-04,7.55186328e-04
0.00000000e+00,2.39998323e-04,4.79960327e-04,7.19940490e-04
0.00000000e+00,2.51756033e-04,5.03476127e-04,7.55214190e-04
0.00000000e+00,2.39907867e-04,4.79779854e-04,7.19669781e-04
0.00000000e+00,2.51728938e-04,5.03457864e-04,7.55186796e-04
0.00000000e+00,2.51738372e-04,5.03476526e-04,7.55214790e-04
0.00000000e+00,2.25020941e-04,4.50041432e-04,6.75062148e-04
0.00000000e+00,2.14216863e-04,4.28412892e-04,6.42619339e-04
0.00000000e+00,2.14253220e-04,4.28506297e-04,6.42759446e-04
0.00000000e+00,2.25003334e-04,4.49973889e-04,6.74960833e-04
0.00000000e+00,6.49730971e-05,1.29986081e-04,1.94979121e-04
0.00000000e+00,6.90329602e-05,1.38028565e-04,2.07042847e-04
0.00000000e+00,2.03876718e-04,4.07731891e-04,6.11597837e-04
0.00000000e+00,2.17047835e-04,4.34085291e-04,6.51127936e-04
0.00000000e+00,1.95902081e-04,3.91787498e-04,5.87681248e-04
0.00000000e+00,1.95925703e-04,3.91850903e-04,5.87776354e-04
0.00000000e+00,2.02872321e-04,4.05732695e-04,6.08599042e-04
0.00000000e+00,2.10408744e-04,4.20801097e-04,6.31201646e-04
0.00000000e+00,2.02870854e-04,4.05741353e-04,6.08612030e-04
0.00000000e+00,0.00000000e+00,0.00000000e+00,0.00000000e+00
0.00000000e+00,0.00000000e+00,0.00000000e+00,0.00000000e+00
0.00000000e+00,0.00000000e+00,0.00000000e+00,0.00000000e+00
0.00000000e+00,2.99613444e-05,5.99007775e-05,8.98511662e-05
0.00000000e+00,0.00000000e+00,0.00000000e+00,0.00000000e+00
0.00000000e+00,0.00000000e+00,0.00000000e+00,0.00000000e+00
0.00000000e+00,0.00000000e+00,0.00000000e+00,0.00000000e+00
0.00000000e+00,1.34567641e-05,2.69133592e-05,4.03700389e-05
0.00000000e+00,1.48439437e-05,2.96774164e-05,4.45161246e-05
0.00000000e+00,1.32857902e-05,2.65604642e-05,3.98406963e-05
0.00000000e+00,1.93773347e-04,3.87544158e-04,5.81316238e-04
0.00000000e+00,1.81142953e-04,3.62281719e-04,5.43422579e-04
0.00000000e+00,1.91224460e-04,3.82441298e-04,5.73661947e-04
0.00000000e+00,1.91205577e-04,3.82410646e-04,5.73615968e-04
0.00000000e+00,3.33333333e-04,6.66666667e-04,1.00000000e-03
0.00000000e+00,3.19436073e-04,6.38877564e-04,9.58316345e-04
0.00000000e+00,3.19949309e-04,6.39898711e-04,9.59848067e-04
0.00000000e+00,2.03890126e-04,4.07800887e-04,6.11701331e-04
0.00000000e+00,1.99833936e-04,3.99667384e-04,5.99501077e-04
0.00000000e+00,2.09005243e-04,4.18035941e-04,6.27053911e-04
0.00000000e+00,1.99787505e-04,3.99597802e-04,5.99396702e-04
0.00000000e+00,1.22835822e-04,2.45666774e-04,3.68500161e-04
0.00000000e+00,1.34572418e-04,2.69143413e-04,4.03715119e-04
0.00000000e+00,2.73290621e-04,5.46566677e-04,8.19850016e-04
0.00000000e+00,2.75525912e-04,5.51032164e-04,8.26548246e-04
0.00000000e+00,2.89362057e-04,5.78724203e-04,8.68086305e-04
0.00000000e+00,2.73319287e-04,5.46638762e-04,8.19958143e-04
0.00000000e+00,3.46545048e-05,6.93086184e-05,1.03962928e-04
0.00000000e+00,3.43576406e-05,6.87290351e-05,1.03093553e-04
0.00000000e+00,1.92483633e-04,3.84966916e-04,5.77450373e-04
0.00000000e+00,2.05275833e-04,4.10524273e-04,6.15786409e-04
0.00000000e+00,2.17760383e-04,4.35488731e-04,6.53233097e-04
0.00000000e+00,2.05307986e-04,4.10616554e-04,6.15924831e-04
0.00000000e+00,2.24913089e-04,4.49790605e-04,6.74685907e-04
0.00000000e+00,2.42049161e-04,4.84134983e-04,7.26202474e-04
0.00000000e+00,1.39526855e-04,2.79061041e-04,4.18591562e-04
0.00000000e+00,1.53512598e-04,3.07025301e-04,4.60537951e-04
0.00000000e+00,1.47460855e-04,2.94913214e-04,4.42369820e-04
0.00000000e+00,1.33485734e-04,2.66971746e-04,4.00457619e-04
0.00000000e+00,1.39591789e-04,2.79183496e-04,4.18775243e-04
0.00000000e+00,1.33559758e-04,2.67106199e-04,4.00659298e-04
0.00000000e+00,1.23956752e-04,2.47934615e-04,3.71901922e-04
0.00000000e+00,1.31668558e-04,2.63353408e-04,3.95030112e-04
0.00000000e+00,1.23959107e-04,2.47938005e-04,3.71907008e-04
0.00000000e+00,1.28185558e-04,2.56380129e-04,3.84570194e-04
0.00000000e+00,1.66130498e-04,3.32263099e-04,4.98394648e-04
0.00000000e+00,7.32497889e-05,1.46513131e-04,2.19769697e-04
0.00000000e+00,7.20659166e-05,1.44131556e-04,2.16197334e-04
0.00000000e+00,8.45092609e-05,1.69034795e-04,2.53552193e-04
0.00000000e+00,7.20938704e-05,1.44208142e-04,2.16312213e-04
0.00000000e+00,4.02630091e-05,8.04984957e-05,1.20747743e-04
0.00000000e+00,1.58274108e-04,3.16544780e-04,4.74817170e-04
0.00000000e+00,3.81764225e-05,7.63214775e-05,1.14482216e-04
0.00000000e+00,8.85231712e-05,1.77010447e-04,2.65515671e-04
0.00000000e+00,1.08351201e-04,2.16674397e-04,3.25011595e-04
0.00000000e+00,8.84787497e-05,1.76958052e-04,2.65437078e-04
0.00000000e+00,9.51614383e-05,1.90298098e-04,2.85447147e-04
0.00000000e+00,1.27962850e-04,2.55925800e-04,3.83888701e-04
0.00000000e+00,1.70712577e-04,3.41415678e-04,5.12123517e-04
0.00000000e+00,1.70729608e-04,3.41458881e-04,5.12188322e-04
0.00000000e+00,2.05859294e-04,4.11690448e-04,6.17535672e-04
0.00000000e+00,2.14348694e-04,4.28661682e-04,6.42992522e-04
0.00000000e+00,2.05424596e-04,4.10875855e-04,6.16313782e-04
0.00000000e+00,2.25043298e-04,4.50118184e-04,6.75177275e-04
0.00000000e+00,2.05380966e-04,4.10761129e-04,6.16141693e-04
0.00000000e+00,2.14288708e-04,4.28598377e-04,6.42897566e-04
0.00000000e+00,2.75245632e-04,5.50459889e-04,8.25689834e-04
0.00000000e+00,2.89531691e-04,5.79063430e-04,8.68595146e-04
0.00000000e+00,2.88733227e-04,5.77440716e-04,8.66161074e-04
0.00000000e+00,2.89411949e-04,5.78849994e-04,8.68274991e-04
0.00000000e+00,2.75217706e-04,5.50435543e-04,8.25653315e-04
0.00000000e+00,1.66694556e-04,3.33385364e-04,5.00078046e-04
0.00000000e+00,1.38297950e-04,2.76575908e-04,4.14863862e-04
0.00000000e+00,1.52880408e-04,3.05761160e-04,4.58641740e-04
0.00000000e+00,1.67090001e-04,3.34178186e-04,5.01267279e-04
0.00000000e+00,1.52932304e-04,3.05852203e-04,4.58778305e-04
0.00000000e+00,1.38236398e-04,2.76473078e-04,4.14709617e-04
0.00000000e+00,1.52949256e-04,3.05888402e-04,4.58832602e-04
0.00000000e+00,5.22581241e-05,1.04494786e-04,1.56742179e-04
0.00000000e+00,6.15966835e-05,1.23168581e-04,1.84752872e-04
0.00000000e+00,5.15338896e-05,1.03039510e-04,1.54559265e-04
0.00000000e+00,5.23142611e-05,1.04628366e-04,1.56942548e-04
0.00000000e+00,1.33995486e-04,2.68005889e-04,4.02008833e-04
0.00000000e+00,1.34025137e-04,2.68034219e-04,4.02051329e-04
0.00000000e+00,1.31568735e-04,2.63120067e-04,3.94680101e-04
0.00000000e+00,0.00000000e+00,0.00000000e+00,0.00000000e+00
0.00000000e+00,2.99569974e-05,5.99355981e-05,8.99033971e-05
0.00000000e+00,2.61406069e-05,5.22808581e-05,7.84212871e-05
0.00000000e+00,3.78562561e-05,7.57124770e-05,1.13568716e-04
0.00000000e+00,1.50044345e-05,3.00193050e-05,4.50289575e-05
0.00000000e+00,2.65001245e-05,5.30130479e-05,7.95195718e-05
0.00000000e+00,3.77470312e-05,7.55176371e-05,1.13276456e-04
0.00000000e+00,2.39874153e-04,4.79748447e-04,7.19622671e-04
0.00000000e+00,3.33333333e-04,6.66666667e-04,1.00000000e-03
0.00000000e+00,3.04044588e-04,6.08068402e-04,9.12102603e-04
0.00000000e+00,3.33333333e-04,6.66666667e-04,1.00000000e-03
0.00000000e+00,3.18913192e-04,6.37826237e-04,9.56739355e-04
0.00000000e+00,3.20656418e-04,6.41302544e-04,9.61953816e-04
0.00000000e+00,3.33333333e-04,6.66666667e-04,1.00000000e-03
0.00000000e+00,3.20125958e-04,6.40251862e-04,9.60377792e-04
0.00000000e+00,2.97223586e-04,5.94446815e-04,8.91670222e-04
0.00000000e+00,3.16095941e-04,6.32190713e-04,9.48286069e-04
0.00000000e+00,3.15587968e-04,6.31177966e-04,9.46766949e-04
0.00000000e+00,2.96972050e-04,5.93944178e-04,8.90916266e-04
0.00000000e+00,3.33333333e-04,6.66666667e-04,1.00000000e-03
0.00000000e+00,3.33333333e-04,6.66666667e-04,1.00000000e-03
0.00000000e+00,3.33333333e-04,6.66666667e-04,1.00000000e-03
0.00000000e+00,3.16610052e-04,6.33218529e-04,9.49827794e-04
0.00000000e+00,1.66637584e-04,3.33275740e-04,4.99913610e-04
0.00000000e+00,2.44539295e-04,4.89091806e-04,7.33637709e-04
0.00000000e+00,3.33333333e-04,6.66666667e-04,1.00000000e-03
0.00000000e+00,3.20057457e-04,6.40109418e-04,9.60164127e-04
0.00000000e+00,3.95512798e-05,7.91375850e-05,1.18706378e-04
0.00000000e+00,3.57690228e-05,7.15707588e-05,1.07356138e-04
0.00000000e+00,3.96935883e-05,7.93871875e-05,1.19080781e-04
0.00000000e+00,3.56942907e-05,7.13886905e-05,1.07083036e-04
0.00000000e+00,6.44362717e-05,1.28892247e-04,1.93338370e-04
0.00000000e+00,4.84527495e-05,9.69454197e-05,1.45418129e-04
0.00000000e+00,6.45210342e-05,1.29022333e-04,1.93533499e-04
0.00000000e+00,7.64723876e-05,1.52975059e-04,2.29462589e-04
0.00000000e+00,6.86015136e-05,1.37242372e-04,2.05863557e-04
0.00000000e+00,5.55973196e-05,1.11226645e-04,1.66839968e-04
0.00000000e+00,6.44972266e-05,1.28994435e-04,1.93491653e-04
0.00000000e+00,7.65528157e-05,1.53105912e-04,2.29658867e-04
0.00000000e+00,5.55616749e-05,1.11123663e-04,1.66685495e-04
0.00000000e+00,3.01204530e-04,6.02415757e-04,9.03623635e-04
0.00000000e+00,3.00904461e-04,6.01808883e-04,9.02713324e-04
0.00000000e+00,1.47442233e-04,2.94866890e-04,4.42300335e-04
0.00000000e+00,1.32792041e-04,2.65584360e-04,3.98376540e-04
0.00000000e+00,1.32861355e-04,2.65697326e-04,3.98545990e-04
0.00000000e+00,3.07125916e-04,6.14251557e-04,9.21377336e-04
0.00000000e+00,2.95753110e-04,5.91480496e-04,8.87220743e-04
0.00000000e+00,3.06987497e-04,6.13991021e-04,9.20986531e-04
0.00000000e+00,2.95700915e-04,5.91402032e-04,8.87103047e-04
0.00000000e+00,9.80298558e-05,1.96071909e-04,2.94107864e-04
0.00000000e+00,1.10548385e-04,2.21104734e-04,3.31657101e-04
0.00000000e+00,2.10400315e-04,4.20816544e-04,6.31224816e-04
0.00000000e+00,2.15708832e-04,4.31440761e-04,6.47161142e-04
0.00000000e+00,2.10404783e-04,4.20809307e-04,6.31213960e-04
0.00000000e+00,2.03907785e-04,4.07815084e-04,6.11722625e-04
0.00000000e+00,2.15689173e-04,4.31378135e-04,6.47067202e-04
0.00000000e+00,2.39915818e-04,4.79857689e-04,7.19786534e-04
0.00000000e+00,1.95305972e-04,3.90632980e-04,5.85949470e-04
0.00000000e+00,1.81382064e-04,3.62774936e-04,5.44162404e-04
0.00000000e+00,1.95275413e-04,3.90550992e-04,5.85826489e-04
0.00000000e+00,1.80565095e-04,3.61138947e-04,5.41708420e-04
0.00000000e+00,1.80517295e-04,3.61034789e-04,5.41552183e-04
0.00000000e+00,2.02858642e-04,4.05728266e-04,6.08592399e-04
0.00000000e+00,1.95879355e-04,3.91774337e-04,5.87661506e-04
0.00000000e+00,2.21550351e-04,4.43068010e-04,6.64602015e-04
0.00000000e+00,2.21584294e-04,4.43201519e-04,6.64802278e-04
0.00000000e+00,2.12134756e-04,4.24269618e-04,6.36404427e-04
0.00000000e+00,2.08128437e-04,4.16229591e-04,6.24344387e-04
0.00000000e+00,2.12149277e-04,4.24328722e-04,6.36493084e-04
0.00000000e+00,2.21566388e-04,4.43132767e-04,6.64699151e-04
0.00000000e+00,2.08147054e-04,4.16294218e-04,6.24441327e-04
0.00000000e+00,1.47383191e-04,2.94766888e-04,4.42150332e-04
0.00000000e+00,1.32718689e-04,2.65463303e-04,3.98194954e-04
0.00000000e+00,1.47323367e-04,2.94665523e-04,4.41998285e-04
0.00000000e+00,2.15629458e-04,4.31235424e-04,6.46853135e-04
0.00000000e+00,2.59193081e-04,5.18371043e-04,7.77556564e-04
0.00000000e+00,2.62585198e-04,5.25149928e-04,7.87724892e-04
0.00000000e+00,0.00000000e+00,0.00000000e+00,0.00000000e+00
0.00000000e+00,0.00000000e+00,0.00000000e+00,0.00000000e+00
0.00000000e+00,0.00000000e+00,0.00000000e+00,0.00000000e+00
0.00000000e+00,1.88833332e-05,3.77666353e-05,5.66499530e-05
0.00000000e+00,3.99803004e-05,7.99551883e-05,1.19932782e-04
0.00000000e+00,1.93890144e-05,3.87779159e-05,5.81668738e-05
0.00000000e+00,1.87960267e-05,3.75870278e-05,5.63805416e-05
0.00000000e+00,4.02913362e-05,8.05826836e-05,1.20874025e-04
0.00000000e+00,2.39938350e-04,4.79879603e-04,7.19819405e-04
0.00000000e+00,2.39935442e-04,4.79867961e-04,7.19801941e-04
0.00000000e+00,2.53051919e-04,5.06103868e-04,7.59155802e-04
0.00000000e+00,2.31580876e-04,4.63161716e-04,6.94742574e-04
0.00000000e+00,2.39932150e-04,4.79864348e-04,7.19796522e-04
0.00000000e+00,2.53066525e-04,5.06138873e-04,7.59208309e-04
0.00000000e+00,2.31598260e-04,4.63200643e-04,6.94800964e-04
0.00000000e+00,2.41286845e-04,4.82609683e-04,7.23914524e-04
0.00000000e+00,2.49227408e-04,4.98454921e-04,7.47682382e-04
0.00000000e+00,1.89435546e-04,3.78850213e-04,5.68275320e-04
0.00000000e+00,2.91049094e-04,5.82080421e-04,8.73120631e-04
0.00000000e+00,2.00609227e-04,4.01242605e-04,6.01863908e-04
0.00000000e+00,2.00579051e-04,4.01158426e-04,6.01737640e-04
0.00000000e+00,1.85933061e-04,3.71878757e-04,5.57818135e-04
0.00000000e+00,1.35682379e-04,2.71384747e-04,4.07077120e-04
0.00000000e+00,1.46536360e-04,2.93086495e-04,4.39629742e-04
0.00000000e+00,1.46590679e-04,2.93181496e-04,4.39772244e-04
0.00000000e+00,8.65056997e-05,1.73001240e-04,2.59501860e-04
0.00000000e+00,1.80503204e-04,3.61023116e-04,5.41534673e-04
0.00000000e+00,1.92454644e-04,3.84932908e-04,5.77399362e-04
0.00000000e+00,8.36467470e-05,1.67293675e-04,2.50940512e-04
0.00000000e+00,8.35842436e-05,1.67184510e-04,2.50776765e-04
0.00000000e+00,2.85785378e-04,5.71542490e-04,8.57313736e-04
0.00000000e+00,2.77074730e-04,5.54117730e-04,8.31176596e-04
0.00000000e+00,2.68939585e-04,5.37846303e-04,8.06769455e-04
0.00000000e+00,2.68885207e-04,5.37770407e-04,8.06655610e-04
0.00000000e+00,2.09032443e-04,4.18064614e-04,6.27096921e-04
0.00000000e+00,8.36979786e-05,1.67380004e-04,2.51070007e-04
0.00000000e+00,2.85651481e-04,5.71331274e-04,8.56996910e-04
0.00000000e+00,2.77066914e-04,5.54165521e-04,8.31248281e-04
0.00000000e+00,2.77070250e-04,5.54140500e-04,8.31210751e-04
0.00000000e+00,2.85704483e-04,5.71408978e-04,8.57113467e-04
0.00000000e+00,2.68858883e-04,5.37750492e-04,8.06625738e-04
0.00000000e+00,2.60010150e-04,5.20055777e-04,7.80083666e-04
0.00000000e+00,2.02498283e-04,4.04969348e-04,6.07454021e-04
0.00000000e+00,2.02531397e-04,4.05062795e-04,6.07594193e-04
0.00000000e+00,1.89580128e-04,3.79140902e-04,5.68711353e-04
0.00000000e+00,1.98795256e-04,3.97566903e-04,5.96350354e-04
0.00000000e+00,4.84371159e-05,9.68345091e-05,1.45251764e-04
0.00000000e+00,0.00000000e+00,0.00000000e+00,0.00000000e+00
0.00000000e+00,3.82179763e-05,7.64355261e-05,1.14653289e-04
0.00000000e+00,2.64645220e-05,5.29059424e-05,7.93589136e-05
0.00000000e+00,1.45982701e-05,2.91967696e-05,4.37951544e-05
0.00000000e+00,3.78646764e-05,7.56985718e-05,1.13547858e-04
0.00000000e+00,1.52795952e-05,3.05447262e-05,4.58170892e-05
0.00000000e+00,2.05226232e-04,4.10446164e-04,6.15669247e-04
0.00000000e+00,8.37576940e-05,1.67553040e-04,2.51329560e-04
0.00000000e+00,4.99220149e-05,9.98101677e-05,1.49715252e-04
0.00000000e+00,8.38531772e-05,1.67706330e-04,2.51559495e-04
0.00000000e+00,7.49165452e-05,1.49796230e-04,2.24694345e-04
0.00000000e+00,7.48466632e-05,1.49693278e-04,2.24539917e-04
0.00000000e+00,6.66844003e-05,1.33368767e-04,2.00053150e-04
0.00000000e+00,6.67830570e-05,1.33529361e-04,2.00294041e-04
0.00000000e+00,5.78054766e-05,1.15576289e-04,1.73364433e-04
0.00000000e+00,3.33333333e-04,6.66666667e-04,1.00000000e-03
0.00000000e+00,9.29144105e-05,1.85865078e-04,2.78797617e-04
0.00000000e+00,9.30224808e-05,1.86044942e-04,2.79067412e-04
0.00000000e+00,8.42614899e-05,1.68522985e-04,2.52784477e-04
0.00000000e+00,3.04433110e-04,6.08886913e-04,9.13330370e-04
0.00000000e+00,2.95887276e-04,5.91800452e-04,8.87700678e-04
0.00000000e+00,3.04285087e-04,6.08570135e-04,9.12855202e-04
0.00000000e+00,3.18179319e-04,6.36370005e-04,9.54555007e-04
0.00000000e+00,3.33333333e-04,6.66666667e-04,1.00000000e-03
0.00000000e+00,3.07217877e-04,6.14419625e-04,9.21629438e-04
0.00000000e+00,3.33333333e-04,6.66666667e-04,1.00000000e-03
0.00000000e+00,3.19018656e-04,6.38026241e-04,9.57039361e-04
0.00000000e+00,1.21629946e-04,2.43259828e-04,3.64889742e-04
0.00000000e+00,1.70230297e-04,3.40470068e-04,5.10705102e-04
0.00000000e+00,1.43852611e-04,2.87700698e-04,4.31551047e-04
0.00000000e+00,1.43792275e-04,2.87584405e-04,4.31376607e-04
0.00000000e+00,7.48439761e-05,1.49727482e-04,2.24591222e-04
0.00000000e+00,1.53067711e-04,3.06138766e-04,4.59208149e-04
0.00000000e+00,6.86023836e-05,1.37204881e-04,2.05807321e-04
0.00000000e+00,7.66142164e-05,1.53198758e-04,2.29798138e-04
0.00000000e+00,6.86376468e-05,1.37236059e-04,2.05854088e-04
0.00000000e+00,4.84579564e-05,9.69161000e-05,1.45374150e-04
0.00000000e+00,5.55026355e-05,1.10973841e-04,1.66460762e-04
0.00000000e+00,0.00000000e+00,0.00000000e+00,0.00000000e+00
0.00000000e+00,0.00000000e+00,0.00000000e+00,0.00000000e+00
0.00000000e+00,2.00552659e-04,4.01081710e-04,6.01622566e-04
0.00000000e+00,1.85851727e-04,3.71691777e-04,5.57537666e-04
0.00000000e+00,1.85888126e-04,3.71776652e-04,5.57664978e-04
0.00000000e+00,1.70730596e-04,3.41470072e-04,5.12205108e-04
0.00000000e+00,1.93813793e-04,3.87645788e-04,5.81468682e-04
0.00000000e+00,2.64330635e-04,5.28656825e-04,7.92985238e-04
0.00000000e+00,2.64321303e-04,5.28647009e-04,7.92970513e-04
0.00000000e+00,2.80771180e-04,5.61542472e-04,8.42313707e-04
0.00000000e+00,2.65304784e-04,5.30614492e-04,7.95921737e-04
0.00000000e+00,2.81932681e-04,5.63865367e-04,8.45798050e-04
0.00000000e+00,2.80701470e-04,5.61405307e-04,8.42107960e-04
0.00000000e+00,2.64317220e-04,5.28634439e-04,7.92951659e-04
0.00000000e+00,2.65277523e-04,5.30555157e-04,7.95832735e-04
0.00000000e+00,2.05197310e-04,4.10400231e-04,6.15600346e-04
0.00000000e+00,2.20336333e-04,4.40672320e-04,6.61008481e-04
0.00000000e+00,2.08706909e-04,4.17409527e-04,6.26114290e-04
0.00000000e+00,1.93747396e-04,3.87494434e-04,5.81241651e-04
0.00000000e+00,2.05216700e-04,4.10433102e-04,6.15649653e-04
0.00000000e+00,2.08733024e-04,4.17465861e-04,6.26198791e-04
0.00000000e+00,2.59309052e-05,5.18485225e-05,7.77727837e-05
0.00000000e+00,0.00000000e+00,0.00000000e+00,0.00000000e+00
0.00000000e+00,1.48123197e-05,2.96246314e-05,4.44369470e-05
0.00000000e+00,2.99108959e-05,5.98217426e-05,8.97326139e-05
0.00000000e+00,3.77445879e-05,7.54653906e-05,1.13198086e-04
0.00000000e+00,3.33333333e-04,6.66666667e-04,1.00000000e-03
0.00000000e+00,3.02369369e-04,6.04724771e-04,9.07087157e-04
0.00000000e+00,3.07127221e-04,6.14235802e-04,9.21353703e-04
0.00000000e+00,3.07102414e-04,6.14204996e-04,9.21307494e-04
0.00000000e+00,2.95106446e-04,5.90189639e-04,8.85284458e-04
0.00000000e+00,3.18329297e-04,6.36649058e-04,9.54973586e-04
0.00000000e+00,2.94870134e-04,5.89740550e-04,8.84610824e-04
0.00000000e+00,1.47385555e-04,2.94770850e-04,4.42156275e-04
0.00000000e+00,1.53441196e-04,3.06886002e-04,4.60329003e-04
0.00000000e+00,1.47308873e-04,2.94626642e-04,4.41939963e-04
0.00000000e+00,1.33406379e-04,2.66826381e-04,4.00239571e-04
0.00000000e+00,2.49238350e-04,4.98513037e-04,7.47769556e-04
0.00000000e+00,2.77380879e-05,5.54509513e-05,8.31764269e-05
0.00000000e+00,9.52082755e-06,1.90319827e-05,2.85479741e-05
0.00000000e+00,6.50348892e-05,1.30069805e-04,1.95104707e-04
0.00000000e+00,0.00000000e+00,0.00000000e+00,0.00000000e+00
0.00000000e+00,2.89648630e-04,5.79271246e-04,8.68906869e-04
0.00000000e+00,1.84550257e-04,3.69120062e-04,5.53680093e-04
0.00000000e+00,3.19331266e-04,6.38673077e-04,9.58009616e-04
0.00000000e+00,1.84315993e-04,3.68611372e-04,5.52917058e-04
0.00000000e+00,3.08541382e-04,6.17065780e-04,9.25598670e-04
0.00000000e+00,2.99557051e-04,5.99114034e-04,8.98671051e-04
0.00000000e+00,2.95006953e-04,5.90013856e-04,8.85020784e-04
0.00000000e+00,3.08411338e-04,6.16822693e-04,9.25234040e-04
0.00000000e+00,2.99521045e-04,5.99063707e-04,8.98595560e-04
0.00000000e+00,1.39918460e-04,2.79824140e-04,4.19736210e-04
0.00000000e+00,2.24593626e-04,4.49153192e-04,6.73729787e-04
0.00000000e+00,2.24601551e-04,4.49203117e-04,6.73804676e-04
0.00000000e+00,2.36679193e-04,4.73358288e-04,7.10037431e-04
0.00000000e+00,4.06510785e-05,8.13019025e-05,1.21952854e-04
0.00000000e+00,4.05276759e-05,8.10764077e-05,1.21614612e-04
0.00000000e+00,1.21704687e-04,2.43383707e-04,3.65075561e-04
0.00000000e+00,2.17048695e-04,4.34097306e-04,6.51145959e-04
0.00000000e+00,2.20346001e-04,4.40691876e-04,6.61037814e-04
0.00000000e+00,2.08762944e-04,4.17529898e-04,6.26294846e-04
0.00000000e+00,2.20356638e-04,4.40713245e-04,6.61069867e-04
0.00000000e+00,1.29215536e-05,2.58521980e-05,3.87782970e-05
0.00000000e+00,3.43527853e-05,6.87125040e-05,1.03068756e-04
0.00000000e+00,4.96612137e-05,9.93565133e-05,1.49034770e-04
0.00000000e+00,7.47474900e-05,1.49531731e-04,2.24297597e-04
0.00000000e+00,5.75874327e-05,1.15209465e-04,1.72814198e-04
0.00000000e+00,6.65531607e-05,1.33143029e-04,1.99714544e-04
0.00000000e+00,5.77104717e-05,1.15421053e-04,1.73131580e-04
0.00000000e+00,4.98099453e-05,9.96199735e-05,1.49429960e-04
0.00000000e+00,6.07812036e-05,1.21592953e-04,1.82389429e-04
0.00000000e+00,5.15792156e-05,1.03186287e-04,1.54779431e-04
0.00000000e+00,1.21281974e-04,2.42563992e-04,3.63845988e-04
0.00000000e+00,1.86387782e-04,3.72791328e-04,5.59186992e-04
0.00000000e+00,1.98847541e-04,3.97718918e-04,5.96578377e-04
0.00000000e+00,1.21216272e-04,2.42442100e-04,3.63663150e-04
0.00000000e+00,1.46470778e-04,2.92932980e-04,4.39399471e-04
0.00000000e+00,5.17507200e-05,1.03508434e-04,1.55262651e-04
0.00000000e+00,4.70158328e-05,9.40520154e-05,1.41078023e-04
0.00000000e+00,4.70277786e-05,9.40559099e-05,1.41083865e-04
0.00000000e+00,5.18769452e-05,1.03754069e-04,1.55631104e-04
0.00000000e+00,2.64180680e-04,5.28361421e-04,7.92542132e-04
0.00000000e+00,2.63530052e-04,5.27027146e-04,7.90540719e-04
0.00000000e+00,2.63547001e-04,5.27094054e-04,7.90641080e-04
0.00000000e+00,1.38181757e-05,2.76260899e-05,4.14391349e-05
0.00000000e+00,1.36326639e-04,2.72654187e-04,4.08981280e-04
0.00000000e+00,1.67742790e-04,3.35478131e-04,5.03217197e-04
0.00000000e+00,2.21811181e-04,4.43604736e-04,6.65407104e-04
0.00000000e+00,2.30893257e-04,4.61773554e-04,6.92660331e-04
0.00000000e+00,1.10679546e-04,2.21327904e-04,3.31991855e-04
0.00000000e+00,1.35802218e-04,2.71584599e-04,4.07376898e-04
0.00000000e+00,1.35741759e-04,2.71483527e-04,4.07225291e-04
0.00000000e+00,1.21929410e-04,2.43832748e-04,3.65749123e-04
0.00000000e+00,1.24749348e-04,2.49472829e-04,3.74209243e-04
0.00000000e+00,1.21859324e-04,2.43718623e-04,3.65577935e-04
0.00000000e+00,1.93829832e-04,3.87659097e-04,5.81488646e-04
0.00000000e+00,1.61394030e-04,3.22788245e-04,4.84182367e-04
0.00000000e+00,1.72211785e-04,3.44423655e-04,5.16635482e-04
0.00000000e+00,1.61440772e-04,3.22878527e-04,4.84317791e-04
0.00000000e+00,3.33333333e-04,6.66666667e-04,1.00000000e-03
0.00000000e+00,3.02625022e-04,6.05263542e-04,9.07895313e-04
0.00000000e+00,3.07216426e-04,6.14450203e-04,9.21675304e-04
0.00000000e+00,3.17907163e-04,6.35814269e-04,9.53721404e-04
0.00000000e+00,3.17293856e-04,6.34598354e-04,9.51897531e-04
0.00000000e+00,2.94916539e-04,5.89856635e-04,8.84784953e-04
0.00000000e+00,3.02553372e-04,6.05106557e-04,9.07659836e-04
0.00000000e+00,3.33333333e-04,6.66666667e-04,1.00000000e-03
0.00000000e+00,0.00000000e+00,0.00000000e+00,0.00000000e+00
0.00000000e+00,8.52119994e-05,1.70461869e-04,2.55692803e-04
0.00000000e+00,9.66274911e-05,1.93289966e-04,2.89934950e-04
0.00000000e+00,2.88829429e-04,5.77684801e-04,8.66527202e-04
0.00000000e+00,5.19314976e-05,1.03856171e-04,1.55784257e-04
0.00000000e+00,4.69826386e-05,9.39454370e-05,1.40918155e-04
0.00000000e+00,0.00000000e+00,0.00000000e+00,0.00000000e+00
0.00000000e+00,3.83074128e-05,7.66451617e-05,1.14967743e-04
0.00000000e+00,2.64709687e-05,5.29429189e-05,7.94143783e-05
0.00000000e+00,2.65046224e-05,5.30328185e-05,7.95492278e-05
0.00000000e+00,1.46486247e-05,2.93109983e-05,4.39664974e-05
0.00000000e+00,0.00000000e+00,0.00000000e+00,0.00000000e+00
0.00000000e+00,2.52806032e-04,5.05576067e-04,7.58364101e-04
0.00000000e+00,2.42064507e-04,4.84092142e-04,7.26138213e-04
0.00000000e+00,3.53972949e-05,7.08222029e-05,1.06233304e-04
0.00000000e+00,4.11680730e-05,8.23691719e-05,1.23553758e-04
0.00000000e+00,3.55338519e-05,7.10678367e-05,1.06601755e-04
0.00000000e+00,3.33333333e-04,6.66666667e-04,1.00000000e-03
0.00000000e+00,2.89256522e-04,5.78499783e-04,8.67749674e-04
0.00000000e+00,1.85935819e-04,3.71872257e-04,5.57808385e-04
0.00000000e+00,1.98536349e-04,3.97091784e-04,5.95637676e-04
0.00000000e+00,1.86003848e-04,3.72024045e-04,5.58036068e-04
0.00000000e+00,1.49331687e-04,2.98657295e-04,4.47985943e-04
0.00000000e+00,0.00000000e+00,0.00000000e+00,0.00000000e+00
0.00000000e+00,1.39776998e-05,2.79664674e-05,4.19497011e-05
0.00000000e+00,4.13518380e-05,8.27036367e-05,1.24055455e-04
0.00000000e+00,4.15101850e-05,8.29876265e-05,1.24481440e-04
0.00000000e+00,3.56238284e-05,7.12205621e-05,1.06830843e-04
0.00000000e+00,8.14097532e-05,1.62816582e-04,2.44224873e-04
0.00000000e+00,7.72323519e-05,1.54464624e-04,2.31696937e-04
0.00000000e+00,6.05339703e-05,1.21067906e-04,1.81601859e-04
0.00000000e+00,5.65256712e-05,1.13041401e-04,1.69562101e-04
0.00000000e+00,7.32265202e-05,1.46452820e-04,2.19679230e-04
0.00000000e+00,7.72587983e-05,1.54523133e-04,2.31784700e-04
0.00000000e+00,5.66525973e-05,1.13304995e-04,1.69957492e-04
0.00000000e+00,8.43254012e-05,1.68614480e-04,2.52921720e-04
0.00000000e+00,2.12114893e-04,4.24199620e-04,6.36299430e-04
0.00000000e+00,6.57586005e-05,1.31478340e-04,1.97217510e-04
0.00000000e+00,6.37165401e-05,1.27392860e-04,1.91089291e-04
0.00000000e+00,6.46209078e-05,1.29241926e-04,1.93862889e-04
0.00000000e+00,4.92039011e-05,9.84077933e-05,1.47611690e-04
0.00000000e+00,4.83616003e-05,9.67601170e-05,1.45140175e-04
0.00000000e+00,6.36775816e-05,1.27355361e-04,1.91033041e-04
0.00000000e+00,6.46839834e-05,1.29328316e-04,1.93992473e-04
0.00000000e+00,4.84933699e-05,9.69867736e-05,1.45480160e-04
0.00000000e+00,1.20277180e-04,2.40554457e-04,3.60831686e-04
0.00000000e+00,1.20349837e-04,2.40671120e-04,3.61006680e-04
0.00000000e+00,3.97703120e-05,7.95058697e-05,1.19258805e-04
0.00000000e+00,3.55400287e-05,7.10473475e-05,1.06571021e-04
0.00000000e+00,2.71672107e-04,5.43311661e-04,8.14967492e-04
0.00000000e+00,2.71567773e-04,5.43167986e-04,8.14751980e-04
0.00000000e+00,2.87970824e-04,5.75941648e-04,8.63912472e-04
0.00000000e+00,2.94833876e-04,5.89691852e-04,8.84537778e-04
0.00000000e+00,2.78636160e-04,5.57272373e-04,8.35908559e-04
0.00000000e+00,2.71607677e-04,5.43215266e-04,8.14822900e-04
0.00000000e+00,2.87845147e-04,5.75717096e-04,8.63575643e-04
0.00000000e+00,2.78572480e-04,5.57175392e-04,8.35763088e-04
0.00000000e+00,0.00000000e+00,0.00000000e+00,0.00000000e+00
0.00000000e+00,1.09247010e-05,2.18591716e-05,3.27887574e-05
0.00000000e+00,1.00909123e-05,2.01817835e-05,3.02726752e-05
0.00000000e+00,2.85101546e-04,5.70210584e-04,8.55315876e-04
0.00000000e+00,2.85090914e-04,5.70181770e-04,8.55272654e-04
0.00000000e+00,1.91719818e-04,3.83461512e-04,5.75192268e-04
0.00000000e+00,1.91729590e-04,3.83459086e-04,5.75188629e-04
0.00000000e+00,2.74265574e-04,5.48500301e-04,8.22750451e-04
0.00000000e+00,1.67600387e-04,3.35197864e-04,5.02796796e-04
0.00000000e+00,1.80089751e-04,3.60179145e-04,5.40268718e-04
0.00000000e+00,1.80128058e-04,3.60254798e-04,5.40382198e-04
0.00000000e+00,2.99588626e-04,5.99155567e-04,8.98733351e-04
0.00000000e+00,2.95190766e-04,5.90357435e-04,8.85536152e-04
0.00000000e+00,6.13595616e-05,1.22753401e-04,1.84130102e-04
0.00000000e+00,9.31076851e-05,1.86179217e-04,2.79268825e-04
0.00000000e+00,1.92483532e-04,3.84970582e-04,5.77455873e-04
0.00000000e+00,2.07042502e-04,4.14084884e-04,6.21127326e-04
0.00000000e+00,1.92445395e-04,3.84890494e-04,5.77335741e-04
0.00000000e+00,8.65501527e-05,1.73100159e-04,2.59650238e-04
0.00000000e+00,8.41883322e-05,1.68412814e-04,2.52619221e-04
0.00000000e+00,2.03415056e-04,4.06829866e-04,6.10244798e-04
0.00000000e+00,2.15135314e-04,4.30302237e-04,6.45453355e-04
0.00000000e+00,2.03404591e-04,4.06837772e-04,6.10256658e-04
0.00000000e+00,1.32068466e-04,2.64141000e-04,3.96211500e-04
0.00000000e+00,2.64425361e-04,5.28817074e-04,7.93225611e-04
0.00000000e+00,2.63702678e-04,5.27405358e-04,7.91108038e-04
0.00000000e+00,2.64418588e-04,5.28837208e-04,7.93255812e-04
0.00000000e+00,2.07009513e-04,4.14007709e-04,6.21011564e-04
0.00000000e+00,1.92405618e-04,3.84807202e-04,5.77210803e-04
0.00000000e+00,2.12926245e-04,4.25852695e-04,6.38779043e-04
0.00000000e+00,2.12902516e-04,4.25776249e-04,6.38664373e-04
0.00000000e+00,2.64157187e-04,5.28282940e-04,7.92424410e-04
0.00000000e+00,2.36684930e-04,4.73404933e-04,7.10107399e-04
0.00000000e+00,2.26313162e-04,4.52660451e-04,6.78990676e-04
0.00000000e+00,2.26293670e-04,4.52587431e-04,6.78881147e-04
0.00000000e+00,7.49892509e-05,1.49938889e-04,2.24908334e-04
0.00000000e+00,7.49633388e-05,1.49887111e-04,2.24830666e-04
0.00000000e+00,3.01144452e-04,6.02282410e-04,9.03423615e-04
0.00000000e+00,2.54527915e-04,5.09055959e-04,7.63583939e-04
0.00000000e+00,2.68931910e-04,5.37873680e-04,8.06810520e-04
0.00000000e+00,2.54553367e-04,5.09116861e-04,7.63675292e-04
0.00000000e+00,3.43730893e-05,6.87325077e-05,1.03098762e-04
0.00000000e+00,2.86003238e-04,5.71977682e-04,8.57966523e-04
0.00000000e+00,2.86019111e-04,5.72038129e-04,8.58057193e-04
0.00000000e+00,2.95022020e-04,5.90043996e-04,8.85065993e-04
0.00000000e+00,2.86136752e-04,5.72302188e-04,8.58453282e-04
0.00000000e+00,2.95078005e-04,5.90180631e-04,8.85270947e-04
0.00000000e+00,6.55650106e-05,1.31169027e-04,1.96753540e-04
0.00000000e+00,6.56729482e-05,1.31345876e-04,1.97018814e-04
0.00000000e+00,6.45313848e-05,1.29102514e-04,1.93653771e-04
0.00000000e+00,4.90468881e-05,9.81299990e-05,1.47194998e-04
0.00000000e+00,0.00000000e+00,0.00000000e+00,0.00000000e+00
0.00000000e+00,0.00000000e+00,0.00000000e+00,0.00000000e+00
0.00000000e+00,9.89828219e-06,1.97871400e-05,2.96807100e-05
0.00000000e+00,2.08166760e-04,4.16361028e-04,6.24541543e-04
0.00000000e+00,5.77446293e-05,1.15489419e-04,1.73234129e-04
0.00000000e+00,5.76159262e-05,1.15268687e-04,1.72903030e-04
0.00000000e+00,2.31564723e-04,4.63125200e-04,6.94687800e-04
0.00000000e+00,2.53057114e-04,5.06108469e-04,7.59162703e-04
0.00000000e+00,3.09071146e-04,6.18142275e-04,9.27213413e-04
0.00000000e+00,3.09060307e-04,6.18137836e-04,9.27206754e-04
0.00000000e+00,4.79785480e-05,9.59861809e-05,1.43979271e-04
0.00000000e+00,4.80255294e-05,9.60509876e-05,1.44076481e-04
0.00000000e+00,2.88162719e-04,5.76298836e-04,8.64448254e-04
0.00000000e+00,2.78719130e-04,5.57407760e-04,8.36111640e-04
0.00000000e+00,1.46646122e-04,2.93278784e-04,4.39918176e-04
0.00000000e+00,7.28196785e-05,1.45639433e-04,2.18459149e-04
0.00000000e+00,7.28529446e-05,1.45694775e-04,2.18542162e-04
0.00000000e+00,2.26278472e-04,4.52522920e-04,6.78784380e-04
0.00000000e+00,2.36684005e-04,4.73332928e-04,7.09999392e-04
0.00000000e+00,1.20205340e-04,2.40439294e-04,3.60658942e-04
0.00000000e+00,1.10526315e-04,2.21083813e-04,3.31625720e-04
0.00000000e+00,1.21801050e-04,2.43628005e-04,3.65442008e-04
0.00000000e+00,1.24681454e-04,2.49362968e-04,3.74044451e-04
0.00000000e+00,1.10603414e-04,2.21206783e-04,3.31810174e-04
0.00000000e+00,6.50692674e-05,1.30098594e-04,1.95147891e-04
0.00000000e+00,2.24615283e-04,4.49264579e-04,6.73896868e-04
0.00000000e+00,1.22574105e-04,2.45168189e-04,3.67752284e-04
0.00000000e+00,1.23645216e-04,2.47300623e-04,3.70950934e-04
0.00000000e+00,2.52191893e-04,5.04383781e-04,7.56575672e-04
0.00000000e+00,2.52200876e-04,5.04398023e-04,7.56597034e-04
0.00000000e+00,1.49276848e-04,2.98548438e-04,4.47822658e-04
0.00000000e+00,3.19489014e-04,6.38978414e-04,9.58467621e-04
0.00000000e+00,2.99704574e-04,5.99402486e-04,8.99103728e-04
0.00000000e+00,3.00031098e-04,6.00062412e-04,9.00093618e-04
0.00000000e+00,3.18540996e-04,6.37089105e-04,9.55633657e-04
0.00000000e+00,2.12953399e-04,4.25936145e-04,6.38904218e-04
0.00000000e+00,1.49393219e-04,2.98790167e-04,4.48185250e-04
0.00000000e+00,2.84186707e-04,5.68373040e-04,8.52559560e-04
0.00000000e+00,2.84167082e-04,5.68319175e-04,8.52478763e-04
0.00000000e+00,3.97201152e-05,7.94683875e-05,1.19202581e-04
0.00000000e+00,3.98291262e-05,7.96581574e-05,1.19487236e-04
0.00000000e+00,1.06191260e-04,2.12415846e-04,3.18623769e-04
0.00000000e+00,1.06271842e-04,2.12543696e-04,3.18815544e-04
0.00000000e+00,1.22838175e-04,2.45655125e-04,3.68482688e-04
0.00000000e+00,1.72249521e-04,3.44504592e-04,5.16756887e-04
0.00000000e+00,1.99492696e-04,3.99015111e-04,5.98522667e-04
0.00000000e+00,1.99277160e-04,3.98524401e-04,5.97786601e-04
0.00000000e+00,3.00181803e-04,6.00370300e-04,9.00555451e-04
0.00000000e+00,3.19747786e-04,6.39488760e-04,9.59233140e-04
0.00000000e+00,0.00000000e+00,0.00000000e+00,0.00000000e+00
0.00000000e+00,4.93740866e-05,9.87122095e-05,1.48068314e-04
0.00000000e+00,5.78481140e-05,1.15659541e-04,1.73489312e-04
0.00000000e+00,8.13275012e-05,1.62657760e-04,2.43986640e-04
0.00000000e+00,7.27548029e-05,1.45520568e-04,2.18280853e-04
0.00000000e+00,6.04321038e-05,1.20863018e-04,1.81294527e-04
0.00000000e+00,8.13775297e-05,1.62755061e-04,2.44132591e-04
0.00000000e+00,2.61722488e-04,5.23410464e-04,7.85115696e-04
0.00000000e+00,2.61880483e-04,5.23726547e-04,7.85589821e-04
0.00000000e+00,2.61681727e-04,5.23363478e-04,7.85045217e-04
0.00000000e+00,1.72170789e-04,3.44336330e-04,5.16504495e-04
0.00000000e+00,3.33333333e-04,6.66666667e-04,1.00000000e-03
0.00000000e+00,3.33333333e-04,6.66666667e-04,1.00000000e-03
0.00000000e+00,4.63337187e-05,9.26671205e-05,1.39000681e-04
0.00000000e+00,4.63511981e-05,9.27157973e-05,1.39073696e-04
0.00000000e+00,6.25767968e-05,1.25153332e-04,1.87729998e-04
0.00000000e+00,5.67816949e-05,1.13572976e-04,1.70359465e-04
0.00000000e+00,6.26191197e-05,1.25255833e-04,1.87883750e-04
0.00000000e+00,2.64249279e-04,5.28530161e-04,7.92795242e-04
0.00000000e+00,7.71814615e-05,1.54357198e-04,2.31535797e-04
0.00000000e+00,0.00000000e+00,0.00000000e+00,0.00000000e+00
0.00000000e+00,0.00000000e+00,0.00000000e+00,0.00000000e+00
0.00000000e+00,2.63589437e-04,5.27211982e-04,7.90817973e-04
0.00000000e+00,2.73495638e-04,5.46991416e-04,8.20487123e-04
0.00000000e+00,2.73463960e-04,5.46959920e-04,8.20439880e-04
0.00000000e+00,3.08112502e-04,6.16242037e-04,9.24363055e-04
0.00000000e+00,3.33333333e-04,6.66666667e-04,1.00000000e-03
0.00000000e+00,2.84272107e-04,5.68558902e-04,8.52838353e-04
0.00000000e+00,8.65719390e-05,1.73153756e-04,2.59730634e-04
0.00000000e+00,2.61836196e-04,5.23672251e-04,7.85508377e-04
0.00000000e+00,2.61812500e-04,5.23659352e-04,7.85489027e-04
0.00000000e+00,9.73154852e-05,1.94596202e-04,2.91894302e-04
0.00000000e+00,1.10237467e-04,2.20474873e-04,3.30712310e-04
0.00000000e+00,1.10308428e-04,2.20585820e-04,3.30878729e-04
0.00000000e+00,2.52195669e-04,5.04395098e-04,7.56592646e-04
0.00000000e+00,2.15123814e-04,4.30215697e-04,6.45323546e-04
0.00000000e+00,2.03399442e-04,4.06769821e-04,6.10154731e-04
0.00000000e+00,2.15130919e-04,4.30261709e-04,6.45392564e-04
0.00000000e+00,2.68898225e-04,5.37796504e-04,8.06694756e-04
0.00000000e+00,1.66632844e-04,3.33272646e-04,4.99908969e-04
0.00000000e+00,1.66696531e-04,3.33385194e-04,5.00077791e-04
0.00000000e+00,2.54516403e-04,5.09022965e-04,7.63534448e-04
0.00000000e+00,4.81101271e-05,9.61907217e-05,1.44286083e-04
0.00000000e+00,2.63734853e-04,5.27435638e-04,7.91153456e-04
0.00000000e+00,7.47493479e-05,1.49460358e-04,2.24190538e-04
0.00000000e+00,7.61339939e-05,1.52267990e-04,2.28401986e-04
0.00000000e+00,7.62065547e-05,1.52374193e-04,2.28561290e-04
0.00000000e+00,2.94999642e-04,5.89974646e-04,8.84961968e-04
0.00000000e+00,1.61347834e-04,3.22698996e-04,4.84048494e-04
0.00000000e+00,1.57637011e-04,3.15271528e-04,4.72907291e-04
0.00000000e+00,1.93761448e-04,3.87503414e-04,5.81255121e-04
0.00000000e+00,4.07368756e-05,8.14523769e-05,1.22178565e-04
0.00000000e+00,2.28572007e-04,4.57137190e-04,6.85705784e-04
0.00000000e+00,2.28564347e-04,4.57128599e-04,6.85692898e-04
0.00000000e+00,2.28561819e-04,4.57130239e-04,6.85695358e-04
0.00000000e+00,2.68901952e-04,5.37794224e-04,8.06691336e-04
0.00000000e+00,2.65279987e-04,5.30555108e-04,7.95832662e-04
0.00000000e+00,2.81825079e-04,5.63643577e-04,8.45465365e-04
0.00000000e+00,2.53330603e-05,5.06866307e-05,7.60299460e-05
0.00000000e+00,2.53497366e-05,5.06995232e-05,7.60492848e-05
0.00000000e+00,2.61664419e-04,5.23363299e-04,7.85044948e-04
0.00000000e+00,1.06347265e-04,2.12661302e-04,3.18991953e-04
0.00000000e+00,1.99802053e-04,3.99580455e-04,5.99370682e-04
0.00000000e+00,2.08996227e-04,4.17966448e-04,6.26949672e-04
0.00000000e+00,2.42296201e-04,4.84601791e-04,7.26902686e-04
0.00000000e+00,2.42285398e-04,4.84570887e-04,7.26856330e-04
0.00000000e+00,9.72321221e-05,1.94464269e-04,2.91696404e-04
0.00000000e+00,2.73539782e-04,5.47047643e-04,8.20571464e-04
0.00000000e+00,2.07079925e-04,4.14170821e-04,6.21256231e-04
0.00000000e+00,6.25375104e-05,1.25056864e-04,1.87585296e-04
0.00000000e+00,4.61891009e-05,9.23643744e-05,1.38546562e-04
0.00000000e+00,1.24558172e-04,2.49136451e-04,3.73704677e-04
0.00000000e+00,1.24778266e-04,2.49535022e-04,3.74302533e-04
0.00000000e+00,2.64443922e-04,5.28921515e-04,7.93382272e-04
0.00000000e+00,4.86245957e-05,9.72121976e-05,1.45818296e-04
0.00000000e+00,9.20966897e-05,1.84193317e-04,2.76289975e-04
0.00000000e+00,9.71446651e-05,1.94324176e-04,2.91486265e-04
0.00000000e+00,9.21526912e-05,1.84297745e-04,2.76446617e-04
0.00000000e+00,7.46596813e-05,1.49319337e-04,2.23979006e-04
0.00000000e+00,7.45512587e-05,1.49140948e-04,2.23711422e-04
0.00000000e+00,5.45904174e-05,1.09180895e-04,1.63771342e-04
0.00000000e+00,5.46068077e-05,1.09174569e-04,1.63761853e-04
0.00000000e+00,2.08815610e-04,4.17666258e-04,6.26499387e-04
0.00000000e+00,2.80896407e-04,5.61790568e-04,8.42685852e-04
0.00000000e+00,2.82098519e-04,5.64203757e-04,8.46305636e-04
0.00000000e+00,1.24614890e-04,2.49255765e-04,3.73883647e-04
0.00000000e+00,2.08490702e-04,4.16946104e-04,6.25419156e-04
0.00000000e+00,1.10158879e-04,2.20348728e-04,3.30523091e-04
0.00000000e+00,6.06527764e-05,1.21306712e-04,1.81960068e-04
0.00000000e+00,9.20371577e-05,1.84081925e-04,2.76122887e-04
0.00000000e+00,5.45483159e-05,1.09135789e-04,1.63703683e-04
0.00000000e+00,3.98872729e-05,7.97464302e-05,1.19619645e-04
0.00000000e+00,2.85132751e-04,5.70258101e-04,8.55387151e-04
0.00000000e+00,7.60486453e-05,1.52136321e-04,2.28204482e-04
0.00000000e+00,3.08909479e-04,6.17801614e-04,9.26702421e-04
0.00000000e+00,1.91688870e-04,3.83355431e-04,5.75033147e-04
0.00000000e+00,1.43737888e-04,2.87479794e-04,4.31219690e-04
0.00000000e+00,2.63693591e-04,5.27421211e-04,7.91131816e-04
0.00000000e+00,9.06003472e-05,1.81198371e-04,2.71797556e-04
0.00000000e+00,9.06563533e-05,1.81312515e-04,2.71968773e-04
0.00000000e+00,2.42281431e-04,4.84553653e-04,7.26830479e-04
0.00000000e+00,2.54811427e-05,5.09416786e-05,7.64125178e-05
0.00000000e+00,9.06929374e-05,1.81387742e-04,2.72081614e-04
0.00000000e+00,2.00378339e-04,4.00755972e-04,6.01133958e-04
0.00000000e+00,1.48567116e-04,2.97133710e-04,4.45700564e-04
0.00000000e+00,2.07863760e-04,4.15726777e-04,6.23590165e-04
0.00000000e+00,1.25248905e-04,2.50496854e-04,3.75745280e-04
0.00000000e+00,1.84760217e-04,3.69519968e-04,5.54279951e-04
