0.00000000e+00,2.48942860e-06,4.95426185e-06,7.43139277e-06
0.00000000e+00,0.00000000e+00,0.00000000e+00,0.00000000e+00
0.00000000e+00,0.00000000e+00,0.00000000e+00,0.00000000e+00
0.00000000e+00,3.68725850e-08,7.00898152e-08,1.05134722e-07
0.00000000e+00,2.87860893e-06,5.75035152e-06,8.62552728e-06
0.00000000e+00,0.00000000e+00,0.00000000e+00,0.00000000e+00
0.00000000e+00,2.24733184e-06,4.48816532e-06,6.73224798e-06
0.00000000e+00,1.28225574e-06,2.55266187e-06,3.82899280e-06
0.00000000e+00,6.24354336e-07,1.24788730e-06,1.87183095e-06
0.00000000e+00,6.26336790e-07,1.25200360e-06,1.87800540e-06
0.00000000e+00,-2.32072891e-06,-4.66605345e-06,-6.99908018e-06
0.00000000e+00,0.00000000e+00,0.00000000e+00,0.00000000e+00
0.00000000e+00,0.00000000e+00,0.00000000e+00,0.00000000e+00
0.00000000e+00,-2.65764042e-06,-5.32184618e-06,-7.98276927e-06
0.00000000e+00,0.00000000e+00,0.00000000e+00,0.00000000e+00
0.00000000e+00,-2.18774636e-06,-4.38234150e-06,-6.57351225e-06
0.00000000e+00,-1.16135478e-06,-2.33455592e-06,-3.50183388e-06
0.00000000e+00,-5.72581163e-07,-1.14592132e-06,-1.71888199e-06
0.00000000e+00,-5.93460197e-07,-1.18769165e-06,-1.78153748e-06
0.00000000e+00,-3.03376099e-06,-5.83973105e-06,-8.75959683e-06
0.00000000e+00,-3.32431495e-06,-5.96932387e-06,-8.95398595e-06
0.00000000e+00,-3.31934112e-06,-6.28814208e-06,-9.43221327e-06
0.00000000e+00,-1.25927445e-06,-2.12489720e-06,-3.18734599e-06
0.00000000e+00,-3.17540569e-06,-5.90467252e-06,-8.85700898e-06
0.00000000e+00,-3.34382503e-06,-6.17749574e-06,-9.26624376e-06
0.00000000e+00,-3.17304051e-06,-6.05063979e-06,-9.07595989e-06
0.00000000e+00,-2.12757282e-06,-3.94382836e-06,-5.91574277e-06
0.00000000e+00,-2.32411053e-06,-4.11545806e-06,-6.17318725e-06
0.00000000e+00,-2.28848856e-06,-4.20355684e-06,-6.30533543e-06
0.00000000e+00,7.77785478e-07,1.90650230e-06,2.85975330e-06
0.00000000e+00,5.24586664e-07,1.72866425e-06,2.59299623e-06
0.00000000e+00,1.16443812e-06,2.55676733e-06,3.83515074e-06
0.00000000e+00,6.31785396e-07,1.77344969e-06,2.66017438e-06
0.00000000e+00,8.51117386e-07,2.14871489e-06,3.22307214e-06
0.00000000e+00,9.74230428e-07,2.24348355e-06,3.36522512e-06
0.00000000e+00,-2.48109824e-07,-1.22784159e-07,-1.84176411e-07
0.00000000e+00,-3.43984556e-07,-1.55202080e-07,-2.32803287e-07
0.00000000e+00,-5.98438925e-08,1.91446630e-07,2.87169720e-07
0.00000000e+00,-2.45989697e-06,-5.16121445e-06,-7.74182191e-06
0.00000000e+00,1.96548265e-06,3.60440503e-06,5.40660732e-06
0.00000000e+00,-2.14242349e-06,-4.61122259e-06,-6.91683411e-06
0.00000000e+00,-3.08839447e-07,-9.43596272e-07,-1.41539466e-06
0.00000000e+00,-1.93956974e-07,-6.79787314e-07,-1.01968120e-06
0.00000000e+00,-8.99420543e-08,-5.07034445e-07,-7.60551895e-07
0.00000000e+00,-2.29052123e-06,-4.87213782e-06,-7.30820697e-06
0.00000000e+00,-1.36568800e-06,-3.01624154e-06,-4.52436255e-06
0.00000000e+00,8.41941177e-07,1.35526611e-06,2.03289893e-06
0.00000000e+00,-1.23503340e-06,-2.79863809e-06,-4.19795738e-06
0.00000000e+00,3.23320097e-06,6.40889733e-06,9.61334596e-06
0.00000000e+00,2.57591615e-06,5.02582355e-06,7.53873524e-06
0.00000000e+00,2.45054859e-06,4.72914338e-06,7.09371497e-06
0.00000000e+00,4.13733385e-07,7.02814045e-07,1.05422099e-06
0.00000000e+00,2.91353463e-06,5.73388410e-06,8.60082609e-06
0.00000000e+00,2.53355744e-06,4.91662941e-06,7.37494402e-06
0.00000000e+00,2.72086165e-06,5.33278331e-06,7.99917490e-06
0.00000000e+00,1.76844287e-06,3.44750814e-06,5.17126215e-06
0.00000000e+00,1.51689323e-06,2.90721904e-06,4.36082848e-06
0.00000000e+00,1.42154158e-06,2.69549058e-06,4.04323578e-06
0.00000000e+00,1.94875968e-06,3.81834065e-06,5.72751064e-06
0.00000000e+00,1.72071438e-06,3.44424410e-06,5.16636579e-06
0.00000000e+00,1.69516965e-06,3.58771878e-06,5.38157788e-06
0.00000000e+00,-3.19314789e-07,-6.19323038e-07,-9.28984900e-07
0.00000000e+00,1.84560682e-06,3.64772467e-06,5.47158665e-06
0.00000000e+00,1.69551314e-06,3.49671417e-06,5.24507093e-06
0.00000000e+00,1.83397290e-06,3.71939767e-06,5.57909619e-06
0.00000000e+00,8.11964738e-07,1.59059141e-06,2.38588678e-06
0.00000000e+00,7.00003203e-07,1.41128261e-06,2.11692357e-06
0.00000000e+00,6.98712769e-07,1.50614680e-06,2.25921988e-06
0.00000000e+00,0.00000000e+00,0.00000000e+00,0.00000000e+00
0.00000000e+00,0.00000000e+00,0.00000000e+00,0.00000000e+00
0.00000000e+00,-2.05788555e-06,-4.28757416e-06,-6.43136134e-06
0.00000000e+00,-1.98587513e-06,-4.09802155e-06,-6.14703242e-06
0.00000000e+00,-1.59376869e-06,-3.24514215e-06,-4.86771326e-06
0.00000000e+00,-1.99880458e-06,-4.14807726e-06,-6.22211599e-06
0.00000000e+00,-1.71503264e-06,-3.52294294e-06,-5.28441448e-06
0.00000000e+00,-1.91076841e-06,-3.93057197e-06,-5.89585802e-06
0.00000000e+00,-8.45483017e-07,-1.83847459e-06,-2.75771198e-06
0.00000000e+00,-7.63708345e-07,-1.65399448e-06,-2.48099180e-06
0.00000000e+00,-5.80446116e-07,-1.25023326e-06,-1.87534994e-06
0.00000000e+00,0.00000000e+00,0.00000000e+00,0.00000000e+00
0.00000000e+00,-2.41838417e-06,-4.91618967e-06,-7.37428485e-06
0.00000000e+00,-2.51738460e-06,-4.83719832e-06,-7.25579777e-06
0.00000000e+00,-2.61009219e-06,-5.21677784e-06,-7.82516712e-06
0.00000000e+00,-2.46983588e-06,-4.88797992e-06,-7.33197019e-06
0.00000000e+00,-2.56799775e-06,-5.03055635e-06,-7.54583485e-06
0.00000000e+00,-2.50796723e-06,-5.05954000e-06,-7.58931035e-06
0.00000000e+00,-1.35793887e-06,-2.74939747e-06,-4.12409655e-06
0.00000000e+00,-1.43538584e-06,-2.76206287e-06,-4.14309463e-06
0.00000000e+00,-1.46239051e-06,-2.91338013e-06,-4.37007055e-06
0.00000000e+00,1.86273962e-06,3.34775104e-06,5.02162628e-06
0.00000000e+00,1.87042302e-06,3.49965383e-06,5.24948051e-06
0.00000000e+00,-2.26108108e-06,-4.89999344e-06,-7.34999044e-06
0.00000000e+00,1.89093485e-06,3.47274588e-06,5.20911856e-06
0.00000000e+00,-2.38888432e-07,-7.87772435e-07,-1.18165891e-06
0.00000000e+00,-1.93361266e-07,-7.65728953e-07,-1.14859371e-06
0.00000000e+00,7.84633188e-07,1.21724181e-06,1.82586244e-06
0.00000000e+00,7.58982220e-07,1.23312466e-06,1.84968674e-06
0.00000000e+00,-1.28088598e-06,-2.91382244e-06,-4.37073393e-06
0.00000000e+00,1.92718514e-06,3.56329902e-06,5.34494830e-06
0.00000000e+00,-2.91777173e-07,-8.25593479e-07,-1.23839045e-06
0.00000000e+00,-6.02410992e-06,-1.26911430e-05,-1.90367148e-05
0.00000000e+00,-3.20848763e-06,-7.05327079e-06,-1.05799065e-05
0.00000000e+00,-1.46186879e-07,-9.41912585e-07,-1.41286920e-06
0.00000000e+00,3.02414863e-06,5.41226400e-06,8.11839572e-06
0.00000000e+00,-4.52266328e-06,-9.68686845e-06,-1.45303030e-05
0.00000000e+00,-1.86012080e-06,-4.36350469e-06,-6.54525734e-06
0.00000000e+00,-2.74990618e-06,-6.14766301e-06,-9.22149484e-06
0.00000000e+00,-1.73995879e-07,-9.91541555e-07,-1.48731263e-06
0.00000000e+00,-8.03028414e-08,-7.98617557e-07,-1.19792662e-06
0.00000000e+00,1.72381285e-06,2.80463722e-06,4.20695552e-06
0.00000000e+00,2.96165288e-07,4.66261944e-07,6.99392825e-07
0.00000000e+00,5.92501006e-07,1.09222676e-06,1.63834008e-06
0.00000000e+00,-1.34240174e-07,-6.24412394e-07,-9.36618849e-07
0.00000000e+00,-2.17182679e-06,-4.69879339e-06,-7.04819034e-06
0.00000000e+00,5.65894019e-06,1.06749266e-05,1.60123896e-05
0.00000000e+00,2.37641026e-06,4.10471878e-06,6.15707785e-06
0.00000000e+00,-2.77370141e-07,-1.19956946e-06,-1.79935450e-06
0.00000000e+00,4.19107303e-06,7.74052494e-06,1.16107871e-05
0.00000000e+00,-2.06948481e-06,-4.75833622e-06,-7.13750462e-06
0.00000000e+00,-1.46908098e-06,-3.58300138e-06,-5.37450241e-06
0.00000000e+00,-1.13457543e-08,-6.61056447e-07,-9.91585022e-07
0.00000000e+00,-1.82173071e-06,-4.27558092e-06,-6.41337170e-06
0.00000000e+00,-1.16879530e-06,-2.98552615e-06,-4.47828956e-06
0.00000000e+00,-1.26391085e-06,-3.16420242e-06,-4.74630393e-06
0.00000000e+00,-5.13848465e-07,-1.65824892e-06,-2.48737370e-06
0.00000000e+00,-2.67001745e-07,-1.17649755e-06,-1.76474666e-06
0.00000000e+00,-5.36228657e-08,-7.52566747e-07,-1.12885046e-06
0.00000000e+00,1.33874491e-06,2.03213082e-06,3.04819589e-06
0.00000000e+00,1.86991110e-06,3.12059854e-06,4.68089752e-06
0.00000000e+00,1.91317859e-07,-2.60039201e-07,-3.90059144e-07
0.00000000e+00,1.01086698e-06,1.37352533e-06,2.06028766e-06
0.00000000e+00,1.10303448e-06,1.56945314e-06,2.35417939e-06
0.00000000e+00,4.20148673e-07,2.09509651e-07,3.14264156e-07
0.00000000e+00,1.69483243e-06,2.75730405e-06,4.13595576e-06
0.00000000e+00,2.95081491e-06,5.27719668e-06,7.91579478e-06
0.00000000e+00,3.11667637e-06,5.60063497e-06,8.40095219e-06
0.00000000e+00,-2.10145074e-07,-1.05558481e-06,-1.58337750e-06
0.00000000e+00,-1.37906179e-07,-9.10211671e-07,-1.36531778e-06
0.00000000e+00,-2.98437018e-06,-6.49215553e-06,-9.73823368e-06
0.00000000e+00,7.11456641e-08,-4.67741008e-07,-7.01611890e-07
0.00000000e+00,2.71601551e-06,4.90848852e-06,7.36273240e-06
0.00000000e+00,-4.72045726e-06,-1.00339331e-05,-1.50509000e-05
0.00000000e+00,-1.58243229e-06,-3.73421801e-06,-5.60132741e-06
0.00000000e+00,1.33088108e-06,2.09249475e-06,3.13874173e-06
0.00000000e+00,-1.63097173e-07,-8.51803776e-07,-1.27770606e-06
0.00000000e+00,-3.90993319e-06,-8.37839436e-06,-1.25675919e-05
0.00000000e+00,-1.82881115e-06,-4.25910724e-06,-6.38866125e-06
0.00000000e+00,-1.23686441e-07,-8.08177063e-07,-1.21226598e-06
0.00000000e+00,-9.34552165e-07,-1.64146904e-06,-2.46220382e-06
0.00000000e+00,-1.16114825e-06,-1.87596767e-06,-2.81395171e-06
0.00000000e+00,-7.46116532e-08,-7.35240356e-07,-1.10286091e-06
0.00000000e+00,2.04091518e-06,3.52498621e-06,5.28747892e-06
0.00000000e+00,-2.29896703e-06,-5.15482475e-06,-7.73223752e-06
0.00000000e+00,-2.74289228e-06,-6.07490633e-06,-9.11235988e-06
0.00000000e+00,-3.21469243e-07,-1.27572363e-06,-1.91358576e-06
0.00000000e+00,-2.92210635e-06,-6.48317072e-06,-9.72475640e-06
0.00000000e+00,2.40064254e-06,4.16235811e-06,6.24353686e-06
0.00000000e+00,1.83226554e-06,3.03386730e-06,4.55080067e-06
0.00000000e+00,4.10803009e-06,7.58280281e-06,1.13742039e-05
0.00000000e+00,-4.44103909e-07,-8.85848351e-07,-1.32877289e-06
0.00000000e+00,-4.36804988e-07,-7.68556532e-07,-1.15283513e-06
0.00000000e+00,-6.24595417e-08,-7.57259565e-07,-1.13588964e-06
0.00000000e+00,2.41079539e-06,4.19095713e-06,6.28643541e-06
0.00000000e+00,-3.17052360e-06,-6.94943470e-06,-1.04241523e-05
0.00000000e+00,-3.12215397e-06,-6.86847591e-06,-1.03027141e-05
0.00000000e+00,2.99786094e-06,5.38747988e-06,8.08121955e-06
0.00000000e+00,-1.79592590e-06,-4.21266657e-06,-6.31900014e-06
0.00000000e+00,-3.30008677e-06,-7.21992244e-06,-1.08298839e-05
0.00000000e+00,-2.12218658e-06,-4.87534166e-06,-7.31301277e-06
0.00000000e+00,1.46172054e-06,2.30285791e-06,3.45428657e-06
0.00000000e+00,-1.34732695e-07,-8.79412494e-07,-1.31911901e-06
0.00000000e+00,-4.63054766e-08,-7.13875430e-07,-1.07081341e-06
0.00000000e+00,-2.62933094e-07,-1.13056866e-06,-1.69585332e-06
0.00000000e+00,1.04807316e-06,1.57745590e-06,2.36618355e-06
0.00000000e+00,-7.76315567e-07,-2.12072444e-06,-3.18108697e-06
0.00000000e+00,3.68712074e-07,1.69654231e-07,2.54481039e-07
0.00000000e+00,-2.70432811e-07,-1.10403246e-06,-1.65604901e-06
0.00000000e+00,-1.78860906e-07,-9.04431194e-07,-1.35664710e-06
0.00000000e+00,-2.86626070e-07,-1.16004718e-06,-1.74007109e-06
0.00000000e+00,-2.21785063e-07,-1.02998243e-06,-1.54497396e-06
0.00000000e+00,5.23000762e-07,5.00869282e-07,7.51303613e-07
0.00000000e+00,-2.54513531e-07,-1.07855506e-06,-1.61783290e-06
0.00000000e+00,-1.35536537e-06,-3.22943534e-06,-4.84415332e-06
0.00000000e+00,-2.15036575e-07,-1.01419303e-06,-1.52128990e-06
0.00000000e+00,5.19165360e-07,4.49042772e-07,6.73563817e-07
0.00000000e+00,-6.04332292e-07,-1.76205701e-06,-2.64308585e-06
0.00000000e+00,1.06693525e-07,-3.39769490e-07,-5.09654568e-07
0.00000000e+00,-1.67809825e-07,-8.56032181e-07,-1.28404858e-06
0.00000000e+00,-4.45704908e-07,-1.44541973e-06,-2.16812992e-06
0.00000000e+00,-1.80880688e-07,-9.48043172e-07,-1.42206511e-06
0.00000000e+00,-2.74443028e-07,-1.10483767e-06,-1.65725683e-06
0.00000000e+00,-3.20081029e-07,-5.89270541e-07,-8.83906133e-07
0.00000000e+00,-2.34216971e-07,-5.48541699e-07,-8.22812889e-07
0.00000000e+00,-1.27075316e-06,-2.19063870e-06,-3.28595821e-06
0.00000000e+00,-1.35612037e-06,-2.20189353e-06,-3.30284044e-06
0.00000000e+00,-2.87527743e-07,-1.13825305e-06,-1.70737990e-06
0.00000000e+00,2.64842892e-07,-6.71381021e-08,-1.00707489e-07
0.00000000e+00,-2.94011362e-06,-6.31707957e-06,-9.47561975e-06
0.00000000e+00,-3.97409255e-06,-8.47133763e-06,-1.27070068e-05
0.00000000e+00,-2.47789466e-07,-9.79455425e-07,-1.46918353e-06
0.00000000e+00,-3.05013142e-06,-6.58215738e-06,-9.87323646e-06
0.00000000e+00,-2.19610534e-07,-9.67065118e-07,-1.45059806e-06
0.00000000e+00,-3.38123891e-06,-7.24462248e-06,-1.08669341e-05
0.00000000e+00,-3.63738306e-06,-7.80050607e-06,-1.17007595e-05
0.00000000e+00,1.89923803e-06,3.44365178e-06,5.16547741e-06
0.00000000e+00,-4.35418808e-08,-7.08226394e-07,-1.06233988e-06
0.00000000e+00,1.66771911e-06,2.81098594e-06,4.21647858e-06
0.00000000e+00,-2.10642305e-06,-4.73713701e-06,-7.10570586e-06
0.00000000e+00,-2.44771920e-07,-1.01613286e-06,-1.52419962e-06
0.00000000e+00,6.03872447e-07,6.53202144e-07,9.79802867e-07
0.00000000e+00,-1.60311342e-06,-3.73101322e-06,-5.59652016e-06
0.00000000e+00,-2.41515176e-07,-1.00931363e-06,-1.51397079e-06
0.00000000e+00,-1.02775838e-06,-2.60981432e-06,-3.91472182e-06
0.00000000e+00,3.65629884e-06,6.68532105e-06,1.00279813e-05
0.00000000e+00,3.05438354e-06,5.48914983e-06,8.23372449e-06
0.00000000e+00,-4.30915971e-06,-9.25175189e-06,-1.38776281e-05
0.00000000e+00,-4.02090492e-06,-8.66938589e-06,-1.30040791e-05
0.00000000e+00,1.14731245e-06,1.76993560e-06,2.65490308e-06
0.00000000e+00,-5.95239658e-08,-7.44931630e-07,-1.11739770e-06
0.00000000e+00,-3.05230456e-06,-6.59080421e-06,-9.88620667e-06
0.00000000e+00,-1.96638283e-07,-9.04327288e-07,-1.35649129e-06
0.00000000e+00,-1.65943440e-06,-3.85757216e-06,-5.78635859e-06
0.00000000e+00,-2.74040575e-06,-5.99004382e-06,-8.98506608e-06
0.00000000e+00,-2.37376796e-06,-5.05647474e-06,-7.58471238e-06
0.00000000e+00,-2.05363888e-06,-4.66461580e-06,-6.99692408e-06
0.00000000e+00,-2.59618170e-06,-5.73543589e-06,-8.60315423e-06
0.00000000e+00,-1.70057242e-07,-8.85266013e-07,-1.32789941e-06
0.00000000e+00,-9.56460575e-07,-2.49699047e-06,-3.74548608e-06
0.00000000e+00,1.60822173e-06,2.75188252e-06,4.12782347e-06
0.00000000e+00,-2.01196886e-06,-4.48863211e-06,-6.73294848e-06
0.00000000e+00,-2.08258860e-07,-9.11395260e-07,-1.36709320e-06
0.00000000e+00,-1.68945557e-06,-3.87217069e-06,-5.80825635e-06
0.00000000e+00,-2.07128586e-07,-8.80436400e-07,-1.32065491e-06
0.00000000e+00,-2.37485438e-07,-9.71747051e-07,-1.45762090e-06
0.00000000e+00,-2.00884578e-06,-4.51265986e-06,-6.76899011e-06
0.00000000e+00,1.59169783e-06,2.61893344e-06,3.92839989e-06
0.00000000e+00,1.63609114e-07,-2.58532617e-07,-3.87799227e-07
0.00000000e+00,-1.44976887e-07,-8.59174556e-07,-1.28876213e-06
0.00000000e+00,1.00582782e-06,1.44392179e-06,2.16588240e-06
0.00000000e+00,1.60273160e-06,2.71041734e-06,4.06562569e-06
0.00000000e+00,8.57537217e-07,1.65804908e-06,2.48707359e-06
0.00000000e+00,1.31020040e-06,2.12706395e-06,3.19059562e-06
0.00000000e+00,-9.80517386e-07,-2.50604327e-06,-3.75906522e-06
0.00000000e+00,-9.35055671e-08,-7.78582796e-07,-1.16787447e-06
0.00000000e+00,1.00705189e-06,1.41278786e-06,2.11918149e-06
0.00000000e+00,2.26505774e-06,3.94000378e-06,5.91000540e-06
0.00000000e+00,-1.88037632e-06,-4.37832204e-06,-6.56748338e-06
0.00000000e+00,-1.81361839e-06,-4.19197765e-06,-6.28796675e-06
0.00000000e+00,-1.81455708e-06,-4.22085199e-06,-6.33127828e-06
0.00000000e+00,-1.30538492e-06,-3.21210410e-06,-4.81815644e-06
0.00000000e+00,-1.49731952e-06,-3.62023707e-06,-5.43035593e-06
0.00000000e+00,-1.59909520e-07,-9.13226713e-07,-1.36984037e-06
0.00000000e+00,-7.49354211e-08,-7.15986418e-07,-1.07397990e-06
0.00000000e+00,2.49779438e-06,4.50893555e-06,6.76340296e-06
0.00000000e+00,-4.67687490e-06,-9.93291701e-06,-1.48993759e-05
0.00000000e+00,1.23841641e-06,1.93847750e-06,2.90771589e-06
0.00000000e+00,-2.08719485e-07,-9.05858106e-07,-1.35878752e-06
0.00000000e+00,-1.15761601e-07,-7.66825829e-07,-1.15023911e-06
0.00000000e+00,-1.92901087e-06,-4.43919957e-06,-6.65879972e-06
0.00000000e+00,-3.83218997e-06,-8.19751631e-06,-1.22962748e-05
0.00000000e+00,1.92094984e-06,3.28457409e-06,4.92686075e-06
0.00000000e+00,2.37988528e-06,4.21677309e-06,6.32515925e-06
0.00000000e+00,7.74974588e-07,9.65895433e-07,1.44884277e-06
0.00000000e+00,-8.10956177e-08,-7.21608355e-07,-1.08241292e-06
0.00000000e+00,-2.46679754e-06,-5.52357153e-06,-8.28535757e-06
0.00000000e+00,-1.04438210e-06,-2.67515925e-06,-4.01273924e-06
0.00000000e+00,-1.61852457e-06,-3.78878704e-06,-5.68318091e-06
0.00000000e+00,8.54819416e-07,1.12338597e-06,1.68507860e-06
0.00000000e+00,-7.39238054e-07,-2.09094517e-06,-3.13641809e-06
0.00000000e+00,-1.36361513e-06,-3.29687381e-06,-4.94531107e-06
0.00000000e+00,-5.01838337e-08,-6.71945239e-07,-1.00791821e-06
0.00000000e+00,-4.66876022e-08,-6.81868627e-07,-1.02280330e-06
0.00000000e+00,-7.49698196e-07,-2.10116977e-06,-3.15175500e-06
0.00000000e+00,-1.23306091e-06,-3.05084002e-06,-4.57626037e-06
0.00000000e+00,-3.95669363e-08,-6.82873289e-07,-1.02431028e-06
0.00000000e+00,2.24753426e-06,3.98592971e-06,5.97889421e-06
0.00000000e+00,1.49107192e-06,2.43039004e-06,3.64558471e-06
0.00000000e+00,7.58697551e-07,9.05224463e-07,1.35783636e-06
0.00000000e+00,-4.27319094e-08,-6.72280060e-07,-1.00842043e-06
0.00000000e+00,1.19753934e-06,1.82554541e-06,2.73831776e-06
0.00000000e+00,-7.14557545e-08,-7.57176476e-07,-1.13576505e-06
0.00000000e+00,1.14124202e-06,1.69754442e-06,2.54631629e-06
0.00000000e+00,6.91904745e-07,7.82128257e-07,1.17319204e-06
0.00000000e+00,-6.21016134e-08,-6.77779342e-07,-1.01666936e-06
0.00000000e+00,-2.18465716e-06,-4.90733866e-06,-7.36100836e-06
0.00000000e+00,1.93803851e-06,3.33852218e-06,5.00778290e-06
0.00000000e+00,-2.67031124e-06,-5.92272160e-06,-8.88408277e-06
0.00000000e+00,3.62619607e-06,6.72918488e-06,1.00937769e-05
0.00000000e+00,3.28411398e-06,6.04245261e-06,9.06367852e-06
0.00000000e+00,-2.19728351e-07,-9.23738466e-07,-1.38560809e-06
0.00000000e+00,-1.61008331e-07,-8.47239162e-07,-1.27085913e-06
0.00000000e+00,3.82764038e-07,6.56780716e-07,9.85171009e-07
0.00000000e+00,1.93963729e-07,2.16153611e-07,3.24230315e-07
0.00000000e+00,2.50495365e-06,4.39153105e-06,6.58729634e-06
0.00000000e+00,-6.15590753e-08,-7.52836018e-07,-1.12925429e-06
0.00000000e+00,2.65472811e-06,4.68143712e-06,7.02215542e-06
0.00000000e+00,2.77302292e-06,4.91980293e-06,7.37970414e-06
0.00000000e+00,-1.39997648e-06,-2.12030836e-06,-3.18046268e-06
0.00000000e+00,-2.29839505e-06,-5.15192687e-06,-7.72789069e-06
0.00000000e+00,-3.33640071e-06,-7.30528646e-06,-1.09579300e-05
0.00000000e+00,-5.34055673e-07,-1.67928472e-06,-2.51892741e-06
0.00000000e+00,-6.25179115e-07,-1.83614931e-06,-2.75422426e-06
0.00000000e+00,1.82071262e-06,3.12994583e-06,4.69491838e-06
0.00000000e+00,-1.09826660e-07,-7.96941430e-07,-1.19541252e-06
0.00000000e+00,1.83311365e-06,3.13050419e-06,4.69575590e-06
0.00000000e+00,-5.18656755e-08,-6.56727008e-07,-9.85090878e-07
0.00000000e+00,-1.48017891e-06,-3.53552262e-06,-5.30328430e-06
0.00000000e+00,-8.67983059e-08,-7.11291920e-07,-1.06693826e-06
0.00000000e+00,-1.52229838e-06,-3.63455698e-06,-5.45183581e-06
0.00000000e+00,-3.95683051e-08,-6.32941373e-07,-9.49412385e-07
0.00000000e+00,-9.69203239e-07,-2.53560981e-06,-3.80341506e-06
0.00000000e+00,-6.45112001e-07,-1.87029086e-06,-2.80543661e-06
0.00000000e+00,7.08310749e-08,1.35914307e-07,2.03871459e-07
0.00000000e+00,7.93594922e-08,1.35022347e-07,2.02533514e-07
0.00000000e+00,6.76678738e-08,-4.44659571e-07,-6.66989681e-07
0.00000000e+00,-2.59923467e-06,-5.82897239e-06,-8.74345888e-06
0.00000000e+00,-4.10044992e-07,-6.22769084e-07,-9.34153918e-07
0.00000000e+00,7.38599180e-07,9.18342809e-07,1.37751387e-06
0.00000000e+00,-4.45544361e-07,-1.47769176e-06,-2.21653798e-06
0.00000000e+00,2.28888435e-06,4.02005734e-06,6.03008578e-06
0.00000000e+00,2.03963740e-06,3.51722021e-06,5.27583007e-06
0.00000000e+00,-7.95186217e-08,-7.44987696e-07,-1.11748179e-06
0.00000000e+00,2.53235059e-06,4.48001260e-06,6.72001866e-06
0.00000000e+00,4.61735384e-06,8.65509236e-06,1.29826382e-05
0.00000000e+00,2.14892177e-06,3.74474441e-06,5.61711626e-06
0.00000000e+00,3.45474447e-06,6.37670839e-06,9.56506222e-06
0.00000000e+00,1.61202520e-06,2.64265266e-06,3.96397863e-06
0.00000000e+00,-1.27097810e-06,-3.10065779e-06,-4.65098702e-06
0.00000000e+00,-2.50586491e-06,-5.56471307e-06,-8.34706996e-06
0.00000000e+00,-2.00194325e-06,-4.49042578e-06,-6.73563899e-06
0.00000000e+00,-1.73073081e-06,-4.03284810e-06,-6.04927245e-06
0.00000000e+00,-1.84799902e-06,-4.21620909e-06,-6.32431397e-06
0.00000000e+00,-9.16699102e-08,-7.05373123e-07,-1.05806002e-06
0.00000000e+00,-1.62144158e-06,-3.80753358e-06,-5.71130069e-06
0.00000000e+00,-1.87602984e-06,-4.28545752e-06,-6.42818659e-06
0.00000000e+00,-6.14506706e-08,-6.89321496e-07,-1.03398257e-06
0.00000000e+00,-3.65818006e-08,-6.36653451e-07,-9.54980430e-07
0.00000000e+00,1.32785048e-06,2.08050679e-06,3.12075982e-06
0.00000000e+00,1.42001077e-06,2.28891176e-06,3.43336728e-06
0.00000000e+00,-2.52461053e-06,-5.48394936e-06,-8.22592436e-06
0.00000000e+00,-2.29259792e-06,-5.03773898e-06,-7.55660879e-06
0.00000000e+00,-2.08400084e-07,-8.70934615e-07,-1.30640225e-06
0.00000000e+00,-2.37006815e-06,-5.22089833e-06,-7.83134784e-06
0.00000000e+00,-2.28317241e-06,-5.12401725e-06,-7.68602611e-06
0.00000000e+00,-2.13212661e-06,-4.82633709e-06,-7.23950588e-06
0.00000000e+00,-2.58285405e-06,-5.75015700e-06,-8.62523574e-06
0.00000000e+00,2.32957338e-09,-5.54193678e-07,-8.31290747e-07
0.00000000e+00,-3.46472665e-07,-1.29318686e-06,-1.93978066e-06
0.00000000e+00,-2.67576705e-07,-1.01767166e-06,-1.52650782e-06
0.00000000e+00,6.87962506e-09,-6.11879565e-07,-9.17819689e-07
0.00000000e+00,-4.52543364e-08,-7.16458786e-07,-1.07468852e-06
0.00000000e+00,1.33874841e-06,2.05918388e-06,3.08877550e-06
0.00000000e+00,-3.71723273e-08,-6.94401868e-07,-1.04160311e-06
0.00000000e+00,-1.33095758e-06,-3.22957000e-06,-4.84435529e-06
0.00000000e+00,2.44618239e-06,4.45563115e-06,6.68344633e-06
0.00000000e+00,2.61136141e-06,4.74075675e-06,7.11113474e-06
0.00000000e+00,2.92383526e-06,5.36529915e-06,8.04794834e-06
0.00000000e+00,-2.81205400e-07,-1.00099666e-06,-1.50149539e-06
0.00000000e+00,1.67980974e-06,2.92200196e-06,4.38300266e-06
0.00000000e+00,-1.32020203e-07,-7.43879278e-07,-1.11581921e-06
0.00000000e+00,1.61639503e-06,2.77952491e-06,4.16928707e-06
0.00000000e+00,-1.59027729e-07,-7.72684371e-07,-1.15902685e-06
0.00000000e+00,-2.76949233e-06,-6.00093834e-06,-9.00140786e-06
0.00000000e+00,1.25027476e-06,1.88243198e-06,2.82364765e-06
0.00000000e+00,2.26264929e-08,-5.49360005e-07,-8.24040322e-07
0.00000000e+00,1.45058044e-06,2.30972589e-06,3.46458854e-06
0.00000000e+00,-1.00837388e-07,-8.13257636e-07,-1.21988678e-06
0.00000000e+00,1.45221803e-06,2.39978798e-06,3.59968169e-06
0.00000000e+00,1.17338471e-06,1.83285062e-06,2.74927563e-06
0.00000000e+00,-1.33785937e-07,-8.05818960e-07,-1.20872873e-06
0.00000000e+00,1.03996432e-06,1.54315315e-06,2.31472943e-06
0.00000000e+00,1.44463728e-06,2.41075904e-06,3.61613827e-06
0.00000000e+00,2.05240616e-07,-1.89777680e-07,-2.84666889e-07
0.00000000e+00,-5.72970315e-07,-1.74040813e-06,-2.61061251e-06
0.00000000e+00,2.21902464e-06,3.81707749e-06,5.72561597e-06
0.00000000e+00,-1.66226102e-07,-8.41447538e-07,-1.26217168e-06
0.00000000e+00,1.99548654e-06,3.43600534e-06,5.15400763e-06
0.00000000e+00,-3.58123721e-06,-7.66953922e-06,-1.15043092e-05
0.00000000e+00,-1.43219553e-06,-3.48250067e-06,-5.22375131e-06
0.00000000e+00,8.91081530e-07,1.15627127e-06,1.73440659e-06
0.00000000e+00,2.71814574e-06,4.82234443e-06,7.23351635e-06
0.00000000e+00,-2.54271155e-06,-5.67569716e-06,-8.51354595e-06
0.00000000e+00,-2.12078038e-06,-4.75029854e-06,-7.12544798e-06
0.00000000e+00,3.04772845e-08,-5.17129031e-07,-7.75693768e-07
0.00000000e+00,-2.29720677e-06,-5.14877271e-06,-7.72315926e-06
0.00000000e+00,6.19832763e-08,-4.10588409e-07,-6.15882816e-07
0.00000000e+00,-2.43808217e-06,-5.45304653e-06,-8.17957002e-06
0.00000000e+00,-2.20003602e-06,-4.93369144e-06,-7.40053736e-06
0.00000000e+00,-3.09909063e-06,-6.81218964e-06,-1.02182848e-05
0.00000000e+00,1.51095060e-06,2.48525711e-06,3.72788540e-06
0.00000000e+00,-6.03520408e-08,-7.15650439e-07,-1.07347598e-06
0.00000000e+00,-1.30148371e-06,-3.19608376e-06,-4.79412596e-06
0.00000000e+00,3.19087703e-06,5.87472222e-06,8.81208295e-06
0.00000000e+00,-4.42322380e-07,-1.51515132e-06,-2.27272731e-06
0.00000000e+00,-3.12591021e-06,-6.68452287e-06,-1.00267847e-05
0.00000000e+00,-2.23537258e-07,-9.28206386e-07,-1.39230996e-06
0.00000000e+00,-3.05358526e-06,-6.54396246e-06,-9.81594407e-06
0.00000000e+00,-3.42985430e-06,-7.33884765e-06,-1.10082719e-05
0.00000000e+00,3.53706718e-07,7.68267995e-08,1.15239866e-07
0.00000000e+00,-6.16963375e-08,-7.24484613e-07,-1.08672716e-06
0.00000000e+00,-2.81650316e-06,-6.23284752e-06,-9.34927153e-06
0.00000000e+00,-5.46217875e-08,-7.10125126e-07,-1.06518798e-06
0.00000000e+00,-2.56596863e-06,-5.75038642e-06,-8.62557987e-06
0.00000000e+00,-2.90085581e-06,-6.42807777e-06,-9.64211691e-06
0.00000000e+00,-2.83370233e-06,-6.29545887e-06,-9.44318857e-06
0.00000000e+00,-1.45663517e-08,-6.57050555e-07,-9.85576079e-07
0.00000000e+00,1.76120256e-06,3.10090138e-06,4.65135177e-06
0.00000000e+00,1.75444974e-06,3.09722481e-06,4.64583694e-06
0.00000000e+00,-1.95874871e-07,-8.14716027e-07,-1.22207434e-06
0.00000000e+00,-2.53329190e-06,-5.64324115e-06,-8.46486211e-06
0.00000000e+00,-2.54508131e-06,-5.56471509e-06,-8.34707302e-06
0.00000000e+00,-2.72936812e-06,-5.95894614e-06,-8.93841961e-06
0.00000000e+00,-1.66023645e-07,-8.34233501e-07,-1.25135065e-06
0.00000000e+00,-2.33450058e-06,-5.18690816e-06,-7.78036262e-06
0.00000000e+00,1.92823158e-06,3.44962729e-06,5.17444069e-06
0.00000000e+00,1.81853265e-06,3.15040535e-06,4.72560770e-06
0.00000000e+00,-2.09701098e-06,-4.70569719e-06,-7.05854603e-06
0.00000000e+00,1.85281080e-06,3.19391376e-06,4.79087038e-06
0.00000000e+00,1.86677542e-06,3.28297629e-06,4.92446415e-06
0.00000000e+00,-9.30160782e-08,-6.93147976e-07,-1.03972225e-06
0.00000000e+00,-1.48869376e-07,-7.61149483e-07,-1.14172447e-06
0.00000000e+00,1.88440914e-06,3.30653241e-06,4.95979836e-06
0.00000000e+00,1.81453822e-06,3.12356271e-06,4.68534378e-06
0.00000000e+00,-1.20158275e-07,-7.53355259e-07,-1.13003314e-06
0.00000000e+00,4.64477816e-06,8.69564494e-06,1.30434670e-05
0.00000000e+00,2.25761844e-06,3.93857100e-06,5.90785612e-06
0.00000000e+00,3.61561677e-06,6.67277861e-06,1.00091675e-05
0.00000000e+00,1.73323246e-06,2.86462767e-06,4.29694112e-06
0.00000000e+00,-2.15512196e-07,-8.94868017e-07,-1.34230237e-06
0.00000000e+00,-2.25425708e-06,-4.90473467e-06,-7.35710237e-06
0.00000000e+00,-1.95021027e-06,-4.41180190e-06,-6.61770323e-06
0.00000000e+00,-7.85318498e-08,-6.14542630e-07,-9.21814322e-07
0.00000000e+00,-2.10373404e-06,-4.65762426e-06,-6.98643674e-06
0.00000000e+00,-6.36650815e-08,-6.31830562e-07,-9.47746193e-07
0.00000000e+00,-5.85673478e-08,-6.30356080e-07,-9.45534492e-07
0.00000000e+00,-2.14508322e-06,-4.74606729e-06,-7.11910131e-06
0.00000000e+00,-1.91836361e-06,-4.33958857e-06,-6.50938321e-06
0.00000000e+00,-6.07603484e-08,-6.57592085e-07,-9.86388487e-07
0.00000000e+00,-8.82849260e-08,-6.91886461e-07,-1.03782998e-06
0.00000000e+00,2.93242426e-06,5.22350156e-06,7.83525203e-06
0.00000000e+00,2.09761800e-06,3.84520202e-06,5.76780263e-06
0.00000000e+00,2.04849049e-06,3.79175249e-06,5.68762836e-06
0.00000000e+00,2.23775268e-06,4.07992955e-06,6.11989392e-06
0.00000000e+00,2.24780881e-06,4.12157320e-06,6.18235942e-06
0.00000000e+00,2.07780821e-06,3.82282268e-06,5.73423363e-06
0.00000000e+00,-2.51904006e-07,-9.01082754e-07,-1.35162453e-06
0.00000000e+00,-3.37262428e-07,-1.05031430e-06,-1.57547183e-06
0.00000000e+00,-2.84474986e-06,-6.29913487e-06,-9.44870253e-06
0.00000000e+00,-3.05388272e-06,-6.74913516e-06,-1.01237030e-05
0.00000000e+00,-2.27113676e-06,-4.94894456e-06,-7.42341709e-06
0.00000000e+00,-1.26771400e-07,-7.05544376e-07,-1.05831685e-06
0.00000000e+00,-1.70056288e-07,-7.47977129e-07,-1.12196594e-06
0.00000000e+00,-2.17913476e-06,-4.82021861e-06,-7.23032816e-06
0.00000000e+00,1.98370609e-06,3.47430562e-06,5.21145821e-06
0.00000000e+00,2.12746517e-06,3.72727274e-06,5.59090888e-06
0.00000000e+00,1.85704771e-06,3.18455057e-06,4.77682560e-06
0.00000000e+00,-1.01270583e-08,-5.51009564e-07,-8.26514596e-07
0.00000000e+00,1.65888640e-06,2.78355822e-06,4.17533697e-06
0.00000000e+00,-1.77026022e-06,-4.13970204e-06,-6.20955335e-06
0.00000000e+00,-1.96357289e-06,-4.42031618e-06,-6.63047450e-06
0.00000000e+00,-1.92519490e-06,-4.38004186e-06,-6.57006303e-06
0.00000000e+00,-2.11970423e-06,-4.76729387e-06,-7.15094104e-06
0.00000000e+00,3.49812878e-09,-5.21798327e-07,-7.82697721e-07
0.00000000e+00,-2.38118714e-07,-8.85543106e-07,-1.32831497e-06
0.00000000e+00,-2.39289773e-06,-5.19865371e-06,-7.79798073e-06
0.00000000e+00,-1.71770609e-07,-8.10147315e-07,-1.21522118e-06
0.00000000e+00,-1.90854366e-07,-7.97536305e-07,-1.19630466e-06
0.00000000e+00,-2.23556741e-06,-4.93659360e-06,-7.40489062e-06
0.00000000e+00,4.28497466e-06,8.01671250e-06,1.20250684e-05
0.00000000e+00,2.54798342e-06,4.51365299e-06,6.77047912e-06
0.00000000e+00,-4.58442295e-06,-9.72229706e-06,-1.45834460e-05
0.00000000e+00,-3.26556603e-07,-6.97446674e-07,-1.04617037e-06
0.00000000e+00,2.52283972e-06,4.61284740e-06,6.91927072e-06
0.00000000e+00,2.96311107e-06,5.44704809e-06,8.17057176e-06
0.00000000e+00,2.50145476e-06,4.56610668e-06,6.84915963e-06
0.00000000e+00,-3.08687548e-07,-1.05196301e-06,-1.57794489e-06
0.00000000e+00,-2.95575286e-07,-1.02980581e-06,-1.54470910e-06
0.00000000e+00,-3.14712436e-06,-6.75612427e-06,-1.01341868e-05
0.00000000e+00,-2.18424533e-06,-4.94707980e-06,-7.42061994e-06
0.00000000e+00,-2.12465508e-06,-4.85020584e-06,-7.27530902e-06
0.00000000e+00,-1.98057808e-06,-4.53955714e-06,-6.80933597e-06
0.00000000e+00,-7.76230919e-08,-7.57744158e-07,-1.13661650e-06
0.00000000e+00,-2.31321386e-06,-5.04128874e-06,-7.56193331e-06
0.00000000e+00,-1.31818593e-07,-7.83540883e-07,-1.17531172e-06
0.00000000e+00,-2.13024817e-06,-4.71121481e-06,-7.06682249e-06
0.00000000e+00,-8.44228078e-08,-6.56952803e-07,-9.85429528e-07
0.00000000e+00,-2.01587730e-06,-4.53741106e-06,-6.80611687e-06
0.00000000e+00,-9.23846774e-07,-2.47019457e-06,-3.70529222e-06
0.00000000e+00,-1.16405108e-07,-8.37317274e-07,-1.25597627e-06
0.00000000e+00,-1.13747855e-07,-8.44104706e-07,-1.26615743e-06
0.00000000e+00,-3.40825312e-08,-6.74924119e-07,-1.01238654e-06
0.00000000e+00,2.05224092e-06,3.81029209e-06,5.71543793e-06
0.00000000e+00,2.19381519e-06,4.16551618e-06,6.24827403e-06
0.00000000e+00,-2.34994240e-06,-4.99425062e-06,-7.49137615e-06
0.00000000e+00,-2.24170785e-06,-4.84401389e-06,-7.26602114e-06
0.00000000e+00,2.12619581e-06,3.99101642e-06,5.98652440e-06
0.00000000e+00,-8.74239091e-08,-4.36988223e-07,-6.55482565e-07
0.00000000e+00,-1.48618558e-07,-5.92291738e-07,-8.88437822e-07
0.00000000e+00,-1.26799591e-07,-5.85705290e-07,-8.78558195e-07
0.00000000e+00,-9.43996609e-08,-4.79917824e-07,-7.19877012e-07
0.00000000e+00,-2.28651602e-06,-4.90421857e-06,-7.35632812e-06
0.00000000e+00,-2.75569112e-06,-5.97045193e-06,-8.95567830e-06
0.00000000e+00,-1.57790687e-06,-3.70672584e-06,-5.56008912e-06
0.00000000e+00,-1.93341451e-06,-4.40250837e-06,-6.60376294e-06
0.00000000e+00,-2.09138354e-06,-4.43014298e-06,-6.64521463e-06
0.00000000e+00,-1.97304972e-06,-4.33423197e-06,-6.50134816e-06
0.00000000e+00,-1.13041513e-09,-2.91426047e-07,-4.37139263e-07
0.00000000e+00,-2.89929024e-08,-4.20761372e-07,-6.31142282e-07
0.00000000e+00,-2.03577280e-06,-4.38747193e-06,-6.58120808e-06
0.00000000e+00,-2.09729608e-06,-4.48345932e-06,-6.72518918e-06
0.00000000e+00,-2.03904502e-06,-4.44024684e-06,-6.66037049e-06
0.00000000e+00,1.13457629e-07,-3.87494555e-07,-5.81242187e-07
0.00000000e+00,-1.56747689e-07,-9.28098004e-07,-1.39214736e-06
0.00000000e+00,-6.06249360e-07,-1.84374018e-06,-2.76561063e-06
0.00000000e+00,2.23002557e-06,4.07107015e-06,6.10660506e-06
0.00000000e+00,2.35818617e-06,4.20784447e-06,6.31176653e-06
0.00000000e+00,2.12519675e-06,3.80838328e-06,5.71257473e-06
0.00000000e+00,6.25670688e-08,-3.17500902e-07,-4.76251548e-07
0.00000000e+00,1.76617111e-08,-4.58672632e-07,-6.88009174e-07
0.00000000e+00,2.18851054e-06,3.87396887e-06,5.81095310e-06
0.00000000e+00,2.27838708e-06,4.10426761e-06,6.15640124e-06
0.00000000e+00,6.04647330e-08,-3.82785393e-07,-5.74178292e-07
0.00000000e+00,-1.69570819e-07,-6.91146551e-07,-1.03672006e-06
0.00000000e+00,-2.31984849e-06,-4.99059189e-06,-7.48588807e-06
0.00000000e+00,-2.25177434e-06,-4.89312574e-06,-7.33968888e-06
0.00000000e+00,1.96503235e-06,3.42166118e-06,5.13249160e-06
0.00000000e+00,-2.11925551e-07,-8.89236622e-07,-1.33385511e-06
0.00000000e+00,-1.57683240e-07,-8.30698416e-07,-1.24604784e-06
0.00000000e+00,1.90701190e-06,3.29978302e-06,4.94967432e-06
0.00000000e+00,1.59097764e-06,2.61057902e-06,3.91586823e-06
0.00000000e+00,-8.94034993e-08,-7.14006304e-07,-1.07100977e-06
0.00000000e+00,1.66255963e-06,2.80477690e-06,4.20716501e-06
0.00000000e+00,-7.43837984e-08,-7.21832550e-07,-1.08274912e-06
0.00000000e+00,1.70148461e-06,2.86930613e-06,4.30395888e-06
0.00000000e+00,1.49123157e-06,2.41792448e-06,3.62688640e-06
0.00000000e+00,2.00680081e-06,3.65327206e-06,5.47990779e-06
0.00000000e+00,-2.31528380e-06,-4.87693889e-06,-7.31540867e-06
0.00000000e+00,-1.17166808e-07,-5.95956262e-07,-8.93934696e-07
0.00000000e+00,-2.22021951e-06,-4.82491070e-06,-7.23736639e-06
0.00000000e+00,-1.20966557e-07,-6.27772352e-07,-9.41658873e-07
0.00000000e+00,-1.03516549e-07,-5.18179715e-07,-7.77269898e-07
0.00000000e+00,-2.26773075e-06,-4.84551997e-06,-7.26828028e-06
0.00000000e+00,-2.30151618e-06,-4.92424364e-06,-7.38636581e-06
0.00000000e+00,-2.61157762e-07,-9.86400267e-07,-1.47960077e-06
0.00000000e+00,2.62662693e-06,4.79092995e-06,7.18639455e-06
0.00000000e+00,-7.33939467e-08,-6.46040321e-07,-9.69060868e-07
0.00000000e+00,1.97317068e-06,3.55682443e-06,5.33523637e-06
0.00000000e+00,1.92260180e-06,3.42014172e-06,5.13021226e-06
0.00000000e+00,-1.48923089e-07,-6.88529847e-07,-1.03279505e-06
0.00000000e+00,-2.96772826e-08,-6.70439162e-07,-1.00565897e-06
0.00000000e+00,-8.17640132e-08,-6.15188503e-07,-9.22783109e-07
0.00000000e+00,-1.06368582e-07,-6.39083112e-07,-9.58624984e-07
0.00000000e+00,2.08910478e-06,3.88805448e-06,5.83208145e-06
0.00000000e+00,-8.11889382e-08,-4.04629347e-07,-6.06944313e-07
0.00000000e+00,2.00676693e-06,3.61711558e-06,5.42567300e-06
0.00000000e+00,1.99938696e-06,3.61412489e-06,5.42118699e-06
0.00000000e+00,-1.22909790e-07,-6.43582378e-07,-9.65373943e-07
0.00000000e+00,-1.34992338e-07,-5.92380960e-07,-8.88571802e-07
0.00000000e+00,-2.85579800e-06,-6.01659510e-06,-9.02489302e-06
0.00000000e+00,-2.87955873e-06,-5.82124512e-06,-8.73186800e-06
0.00000000e+00,-2.71046970e-06,-5.58331434e-06,-8.37497190e-06
0.00000000e+00,-2.83540988e-06,-5.85988583e-06,-8.78982911e-06
0.00000000e+00,-5.07687732e-07,-1.20556709e-06,-1.80835099e-06
0.00000000e+00,-3.98625696e-07,-1.10376695e-06,-1.65565080e-06
0.00000000e+00,-2.77616215e-06,-5.79017837e-06,-8.68526793e-06
0.00000000e+00,-2.80010021e-06,-5.71547680e-06,-8.57321555e-06
0.00000000e+00,-4.27521636e-07,-1.09424493e-06,-1.64136777e-06
0.00000000e+00,-2.06348703e-06,-4.40329557e-06,-6.60494349e-06
0.00000000e+00,2.22735888e-06,4.20729438e-06,6.31094141e-06
0.00000000e+00,2.27211925e-06,4.26798609e-06,6.40197899e-06
0.00000000e+00,-2.03015649e-06,-4.39276642e-06,-6.58914981e-06
0.00000000e+00,3.18276989e-08,-2.52840079e-07,-3.79260305e-07
0.00000000e+00,8.72826599e-08,-9.03480438e-08,-1.35522216e-07
0.00000000e+00,1.02150775e-07,-7.20960929e-08,-1.08144280e-07
0.00000000e+00,6.57317595e-08,-2.01301522e-07,-3.01952458e-07
0.00000000e+00,2.24990778e-06,4.23513734e-06,6.35270585e-06
0.00000000e+00,-2.34753666e-06,-5.13375445e-06,-7.70063206e-06
0.00000000e+00,-2.20779573e-06,-4.91296658e-06,-7.36945026e-06
0.00000000e+00,2.03096965e-06,3.73080757e-06,5.59621110e-06
0.00000000e+00,1.97486038e-06,3.59848443e-06,5.39772642e-06
0.00000000e+00,-2.47437502e-06,-5.17929668e-06,-7.76894541e-06
0.00000000e+00,-2.61138891e-06,-5.57264307e-06,-8.35896501e-06
0.00000000e+00,-2.36282038e-06,-5.04610783e-06,-7.56916213e-06
0.00000000e+00,-1.86063674e-07,-7.55003645e-07,-1.13250586e-06
0.00000000e+00,-2.57833319e-07,-8.08387282e-07,-1.21258132e-06
0.00000000e+00,-2.52699759e-06,-5.34540737e-06,-8.01811145e-06
0.00000000e+00,-2.41386794e-06,-5.20903517e-06,-7.81355316e-06
0.00000000e+00,-2.56533916e-07,-8.64525971e-07,-1.29678936e-06
0.00000000e+00,-1.87963216e-06,-4.19716934e-06,-6.29575429e-06
0.00000000e+00,1.99211504e-06,3.59639970e-06,5.39459933e-06
0.00000000e+00,-1.02814128e-07,-6.44485910e-07,-9.66729140e-07
0.00000000e+00,1.85314243e-06,3.32448981e-06,4.98673446e-06
0.00000000e+00,-1.02551474e-07,-5.87765299e-07,-8.81648201e-07
0.00000000e+00,-5.54227446e-08,-5.27706235e-07,-7.91559597e-07
0.00000000e+00,1.81296640e-06,3.20981423e-06,4.81472109e-06
0.00000000e+00,1.96592365e-06,3.56978598e-06,5.35467874e-06
0.00000000e+00,-4.48873517e-08,-7.12344072e-07,-1.06851637e-06
0.00000000e+00,-2.06368694e-06,-4.63032406e-06,-6.94548629e-06
0.00000000e+00,2.06334037e-06,3.88040863e-06,5.82061261e-06
0.00000000e+00,2.03021775e-06,3.73940447e-06,5.60910635e-06
0.00000000e+00,2.04753300e-06,3.78502148e-06,5.67753189e-06
0.00000000e+00,-1.24748595e-07,-4.96859416e-07,-7.45289462e-07
0.00000000e+00,2.25243507e-06,3.93258575e-06,5.89887848e-06
0.00000000e+00,2.61192075e-06,4.61607896e-06,6.92411825e-06
0.00000000e+00,2.35580110e-06,4.11371188e-06,6.17056763e-06
0.00000000e+00,-2.12092085e-08,-6.62319954e-07,-9.93480169e-07
0.00000000e+00,-1.85288486e-08,-6.36280998e-07,-9.54421693e-07
0.00000000e+00,2.44845086e-06,4.29782467e-06,6.44673683e-06
0.00000000e+00,2.59534933e-06,4.57494469e-06,6.86241682e-06
0.00000000e+00,2.84304117e-08,-5.60144137e-07,-8.40216418e-07
0.00000000e+00,1.80913062e-06,3.45571159e-06,5.18356700e-06
0.00000000e+00,1.58940539e-06,3.11683556e-06,4.67525302e-06
0.00000000e+00,1.92020003e-06,3.60265710e-06,5.40398527e-06
0.00000000e+00,1.81451785e-06,3.44000130e-06,5.16000159e-06
0.00000000e+00,1.70070184e-06,3.28587280e-06,4.92880884e-06
0.00000000e+00,-4.50878713e-07,-1.06535811e-06,-1.59803755e-06
0.00000000e+00,-5.47542813e-07,-1.21153095e-06,-1.81729679e-06
0.00000000e+00,2.15450527e-06,3.97652351e-06,5.96478509e-06
0.00000000e+00,5.34186223e-09,-3.77893883e-07,-5.66841039e-07
0.00000000e+00,2.10618644e-06,3.89617791e-06,5.84426667e-06
0.00000000e+00,2.09748687e-06,3.90637481e-06,5.85956202e-06
0.00000000e+00,1.58787768e-06,2.70221371e-06,4.05332030e-06
0.00000000e+00,-1.57160744e-06,-3.64797788e-06,-5.47196709e-06
0.00000000e+00,-7.42537585e-08,-6.86616946e-07,-1.02992569e-06
0.00000000e+00,-1.25319729e-06,-3.04321794e-06,-4.56482721e-06
0.00000000e+00,-1.65771970e-06,-3.85232738e-06,-5.77849134e-06
0.00000000e+00,2.63990044e-07,3.77611857e-07,5.66417689e-07
0.00000000e+00,-2.15620605e-06,-4.73729686e-06,-7.10594561e-06
0.00000000e+00,1.96089069e-06,3.69125581e-06,5.53688333e-06
0.00000000e+00,-1.78004148e-07,-6.77949111e-07,-1.01692405e-06
0.00000000e+00,-1.79984036e-07,-6.05746062e-07,-9.08619464e-07
0.00000000e+00,-2.38437733e-06,-5.01344072e-06,-7.52016145e-06
0.00000000e+00,-2.57954884e-07,-7.47606360e-07,-1.12140993e-06
0.00000000e+00,2.00223429e-06,3.68376607e-06,5.52564872e-06
0.00000000e+00,-2.45125663e-06,-5.51032569e-06,-8.26548873e-06
0.00000000e+00,-2.10007878e-06,-4.78645137e-06,-7.17967717e-06
0.00000000e+00,4.06297493e-08,-5.18899743e-07,-7.78349787e-07
0.00000000e+00,-2.26132857e-06,-5.11926464e-06,-7.67889710e-06
0.00000000e+00,7.48949754e-08,-4.35995472e-07,-6.53993340e-07
0.00000000e+00,7.60754956e-08,-4.56860913e-07,-6.85291554e-07
0.00000000e+00,1.42522763e-07,-3.12538562e-07,-4.68807987e-07
0.00000000e+00,-5.84906873e-08,-7.21836047e-07,-1.08275431e-06
0.00000000e+00,-1.90963604e-06,-4.36273399e-06,-6.54410126e-06
0.00000000e+00,-8.87158190e-08,-7.22452761e-07,-1.08367942e-06
0.00000000e+00,-2.52820802e-06,-5.66114522e-06,-8.49171803e-06
0.00000000e+00,-2.70938754e-06,-6.03537742e-06,-9.05306635e-06
0.00000000e+00,2.42570210e-08,-5.69441049e-07,-8.54161791e-07
0.00000000e+00,-2.51701370e-06,-5.32965599e-06,-7.99448413e-06
0.00000000e+00,-2.29920917e-07,-8.14655364e-07,-1.22198324e-06
0.00000000e+00,-2.45773245e-06,-5.27162018e-06,-7.90743043e-06
0.00000000e+00,-2.38564404e-06,-5.12533378e-06,-7.68800086e-06
0.00000000e+00,-1.49121988e-06,-3.56248491e-06,-5.34372734e-06
0.00000000e+00,-1.01510285e-06,-2.64935943e-06,-3.97403900e-06
0.00000000e+00,-1.74143257e-06,-4.01833498e-06,-6.02750243e-06
0.00000000e+00,2.66592832e-06,4.75176537e-06,7.12764808e-06
0.00000000e+00,-1.25966557e-06,-3.11411361e-06,-4.67117033e-06
0.00000000e+00,-1.38402260e-06,-3.34613072e-06,-5.01919599e-06
0.00000000e+00,-1.60730120e-06,-3.78328765e-06,-5.67493144e-06
0.00000000e+00,5.87582961e-07,5.94407010e-07,8.91610545e-07
0.00000000e+00,7.43442686e-07,8.91340177e-07,1.33701035e-06
0.00000000e+00,4.74771139e-07,3.80272671e-07,5.70409044e-07
0.00000000e+00,-2.75125623e-06,-5.83526583e-06,-8.75289914e-06
0.00000000e+00,-3.32218904e-07,-9.98739844e-07,-1.49811016e-06
0.00000000e+00,-3.59022006e-07,-9.80613990e-07,-1.47092138e-06
0.00000000e+00,-2.67102692e-06,-5.60329971e-06,-8.40494997e-06
0.00000000e+00,2.12696816e-06,4.01253715e-06,6.01880543e-06
0.00000000e+00,1.89481694e-06,3.37634689e-06,5.06452016e-06
0.00000000e+00,1.90359056e-06,3.34178725e-06,5.01268066e-06
0.00000000e+00,-2.47686150e-07,-9.09318711e-07,-1.36397824e-06
0.00000000e+00,1.91230963e-06,3.40978786e-06,5.11468159e-06
0.00000000e+00,-2.32469704e-06,-5.15776841e-06,-7.73665279e-06
0.00000000e+00,1.99989548e-06,3.42123474e-06,5.13185187e-06
0.00000000e+00,-5.88860276e-08,-6.96951760e-07,-1.04542783e-06
0.00000000e+00,-1.03476951e-07,-7.54236354e-07,-1.13135470e-06
0.00000000e+00,-2.24977751e-06,-5.04585780e-06,-7.56878690e-06
0.00000000e+00,-9.10526189e-08,-7.62095434e-07,-1.14314339e-06
0.00000000e+00,2.13692997e-06,3.69577183e-06,5.54365755e-06
0.00000000e+00,-1.35271392e-07,-8.17989012e-07,-1.22698372e-06
0.00000000e+00,-1.96466370e-06,-4.37258748e-06,-6.55888144e-06
0.00000000e+00,5.63648596e-08,-2.79463519e-07,-4.19195470e-07
0.00000000e+00,1.32688820e-08,-4.17344522e-07,-6.26017007e-07
0.00000000e+00,-2.42939603e-06,-5.15814592e-06,-7.73721906e-06
0.00000000e+00,-2.19881232e-07,-7.39665833e-07,-1.10949893e-06
0.00000000e+00,4.27766268e-06,7.99535091e-06,1.19930260e-05
0.00000000e+00,2.53562203e-06,4.48168583e-06,6.72252836e-06
0.00000000e+00,-4.64428278e-06,-9.84845887e-06,-1.47726887e-05
0.00000000e+00,2.02381267e-06,3.80304938e-06,5.70457370e-06
0.00000000e+00,-2.34620165e-06,-5.29584883e-06,-7.94377348e-06
0.00000000e+00,1.93069718e-06,3.41127237e-06,5.11690821e-06
0.00000000e+00,2.14137035e-06,3.91178185e-06,5.86767243e-06
0.00000000e+00,-2.61903110e-07,-9.56184643e-07,-1.43427732e-06
0.00000000e+00,2.32846368e-06,4.25362879e-06,6.38044283e-06
0.00000000e+00,2.34837893e-06,4.26612514e-06,6.39918735e-06
0.00000000e+00,-2.86304255e-07,-9.81377076e-07,-1.47206596e-06
0.00000000e+00,-2.52801834e-06,-5.67159517e-06,-8.50739297e-06
0.00000000e+00,2.03244578e-06,3.63029649e-06,5.44544440e-06
0.00000000e+00,1.82655920e-06,3.20063112e-06,4.80094636e-06
0.00000000e+00,1.95290846e-06,3.42513371e-06,5.13770023e-06
0.00000000e+00,-2.40995060e-07,-9.18245269e-07,-1.37736823e-06
0.00000000e+00,-2.27331652e-06,-4.74273626e-06,-7.11410455e-06
0.00000000e+00,-9.26280415e-08,-4.44441388e-07,-6.66662278e-07
0.00000000e+00,-2.16142395e-06,-4.54946189e-06,-6.82419300e-06
0.00000000e+00,-2.22425786e-06,-4.70727087e-06,-7.06090650e-06
0.00000000e+00,-2.22247889e-06,-4.95885682e-06,-7.43828544e-06
0.00000000e+00,-2.34473403e-06,-5.15389955e-06,-7.73084949e-06
0.00000000e+00,-1.79269948e-07,-8.67971040e-07,-1.30195673e-06
0.00000000e+00,-6.45549243e-07,-1.35402167e-06,-2.03103283e-06
0.00000000e+00,2.61944805e-06,4.64823968e-06,6.97235932e-06
0.00000000e+00,3.91963380e-08,-5.13253134e-07,-7.69879911e-07
0.00000000e+00,2.46159945e-06,4.34626466e-06,6.51939677e-06
0.00000000e+00,8.26149420e-08,-3.90143398e-07,-5.85215291e-07
0.00000000e+00,6.78381870e-08,-1.11965940e-07,-1.67949067e-07
0.00000000e+00,-2.07717274e-06,-4.41915105e-06,-6.62872672e-06
0.00000000e+00,2.45427593e-06,4.51256440e-06,6.76884649e-06
0.00000000e+00,-2.01682687e-06,-4.42315890e-06,-6.63473852e-06
0.00000000e+00,1.14159244e-07,-2.24681823e-07,-3.37022909e-07
0.00000000e+00,2.03198774e-07,-4.74989239e-08,-7.12485280e-08
0.00000000e+00,2.33967910e-06,4.28592802e-06,6.42889189e-06
0.00000000e+00,1.05766991e-07,-1.78081981e-07,-2.67123137e-07
0.00000000e+00,-2.04713347e-06,-4.54674464e-06,-6.82011714e-06
0.00000000e+00,1.76763715e-07,-4.02963021e-08,-6.04445938e-08
0.00000000e+00,1.08392754e-07,-2.92533716e-07,-4.38800749e-07
0.00000000e+00,2.40096362e-06,4.34831341e-06,6.52246998e-06
0.00000000e+00,-2.27405484e-06,-4.77045910e-06,-7.15568888e-06
0.00000000e+00,-3.93584893e-08,-3.01657329e-07,-4.52486234e-07
0.00000000e+00,-2.27909009e-06,-4.84822855e-06,-7.27234310e-06
0.00000000e+00,-2.28783470e-06,-4.81696000e-06,-7.22544030e-06
0.00000000e+00,2.22470532e-06,3.97457089e-06,5.96185593e-06
0.00000000e+00,2.17261413e-06,3.92977313e-06,5.89465930e-06
0.00000000e+00,-1.21833711e-07,-6.83988479e-07,-1.02598311e-06
0.00000000e+00,-1.37624674e-07,-7.51768684e-07,-1.12765342e-06
0.00000000e+00,-1.91280278e-07,-7.99562364e-07,-1.19934395e-06
0.00000000e+00,-1.33383674e-06,-3.20492526e-06,-4.80738787e-06
0.00000000e+00,-1.16323024e-06,-2.91542079e-06,-4.37313111e-06
0.00000000e+00,6.75276451e-07,7.80801150e-07,1.17120175e-06
0.00000000e+00,-1.40304586e-06,-3.37517268e-06,-5.06275900e-06
0.00000000e+00,-2.03288633e-06,-4.39856577e-06,-6.59784880e-06
0.00000000e+00,-1.97780386e-06,-4.34738565e-06,-6.52107866e-06
0.00000000e+00,9.82473557e-08,-1.36518081e-07,-2.04777277e-07
0.00000000e+00,1.91582818e-06,3.36731787e-06,5.05097663e-06
0.00000000e+00,-2.82301757e-06,-6.01730609e-06,-9.02595948e-06
0.00000000e+00,-3.86507279e-07,-1.11772936e-06,-1.67659441e-06
0.00000000e+00,2.25692374e-06,4.14172928e-06,6.21259354e-06
0.00000000e+00,-3.20160844e-07,-1.04543699e-06,-1.56815585e-06
0.00000000e+00,-2.96838861e-06,-6.34030917e-06,-9.51046412e-06
0.00000000e+00,-3.59281477e-07,-1.09226223e-06,-1.63839372e-06
0.00000000e+00,2.16260148e-06,4.14536777e-06,6.21805152e-06
0.00000000e+00,-1.43390736e-07,-5.23877612e-07,-7.85816593e-07
0.00000000e+00,-2.39661212e-07,-7.17692217e-07,-1.07653847e-06
0.00000000e+00,2.10490927e-06,3.97318336e-06,5.95977486e-06
0.00000000e+00,1.74390178e-06,3.30167426e-06,4.95251109e-06
0.00000000e+00,1.94120079e-06,3.60045739e-06,5.40068575e-06
0.00000000e+00,1.90003177e-06,3.55184040e-06,5.32776025e-06
0.00000000e+00,2.11227194e-06,3.88132146e-06,5.82198183e-06
0.00000000e+00,-3.44952859e-07,-1.06252736e-06,-1.59379139e-06
0.00000000e+00,-4.26811186e-07,-1.13686700e-06,-1.70530083e-06
0.00000000e+00,1.79171530e-06,3.08052359e-06,4.62078504e-06
0.00000000e+00,2.23914778e-06,4.14562400e-06,6.21843584e-06
0.00000000e+00,2.01008017e-06,3.72892401e-06,5.59338562e-06
0.00000000e+00,2.05568005e-06,3.72999321e-06,5.59498942e-06
0.00000000e+00,-1.24549007e-08,-4.72672917e-07,-7.09009619e-07
0.00000000e+00,1.99501311e-06,3.54699366e-06,5.32049026e-06
0.00000000e+00,-1.02226796e-09,-5.03997606e-07,-7.55996661e-07
0.00000000e+00,-5.30509967e-08,-6.11967994e-07,-9.17952265e-07
0.00000000e+00,1.78816737e-06,3.12953628e-06,4.69430418e-06
0.00000000e+00,1.74049397e-06,2.97988005e-06,4.46981983e-06
0.00000000e+00,2.22656778e-06,3.84986129e-06,5.77479169e-06
0.00000000e+00,-2.00511069e-06,-4.45217629e-06,-6.67826463e-06
0.00000000e+00,1.77342994e-06,3.00342173e-06,4.50513232e-06
0.00000000e+00,2.49575114e-06,4.40530663e-06,6.60795983e-06
0.00000000e+00,1.98407335e-07,-1.90356276e-07,-2.85534519e-07
0.00000000e+00,2.38806960e-06,4.19145422e-06,6.28718119e-06
0.00000000e+00,2.52914056e-06,4.46184214e-06,6.69276306e-06
0.00000000e+00,-2.29571985e-06,-5.16366338e-06,-7.74549523e-06
0.00000000e+00,-2.37169979e-06,-5.34232652e-06,-8.01348996e-06
0.00000000e+00,-2.22396959e-06,-5.03274463e-06,-7.54911708e-06
0.00000000e+00,-2.06326983e-08,-6.14594466e-07,-9.21891853e-07
0.00000000e+00,2.10016169e-06,3.80853787e-06,5.71280661e-06
0.00000000e+00,-1.09897183e-06,-1.90283107e-06,-2.85424681e-06
0.00000000e+00,2.03753528e-06,3.59792008e-06,5.39688004e-06
0.00000000e+00,2.10641482e-06,3.66669319e-06,5.50003961e-06
0.00000000e+00,2.14697862e-06,3.76408046e-06,5.64612057e-06
0.00000000e+00,-1.77260869e-07,-8.49581853e-07,-1.27437291e-06
0.00000000e+00,1.99777021e-06,3.50114083e-06,5.25171111e-06
0.00000000e+00,6.12545851e-08,1.16902086e-07,1.75353128e-07
0.00000000e+00,-2.82496060e-06,-5.83568977e-06,-8.75353496e-06
0.00000000e+00,-4.74180847e-07,-1.19795306e-06,-1.79692994e-06
0.00000000e+00,-2.86517000e-06,-5.85997145e-06,-8.78995750e-06
0.00000000e+00,-2.84832515e-06,-5.94510030e-06,-8.91765079e-06
0.00000000e+00,2.25664722e-06,4.05138616e-06,6.07707889e-06
0.00000000e+00,-7.21654743e-08,-6.19117553e-07,-9.28676606e-07
0.00000000e+00,-2.78579444e-06,-5.74321123e-06,-8.61481691e-06
0.00000000e+00,1.92431059e-06,3.55258072e-06,5.32887092e-06
0.00000000e+00,-2.64995897e-06,-5.53413197e-06,-8.30119806e-06
0.00000000e+00,-3.05941175e-07,-7.93753861e-07,-1.19063089e-06
0.00000000e+00,2.01855584e-06,3.79882567e-06,5.69823836e-06
0.00000000e+00,-2.97450644e-07,-8.91286646e-07,-1.33693012e-06
0.00000000e+00,-3.84023009e-07,-1.00235729e-06,-1.50353603e-06
0.00000000e+00,1.95574510e-06,3.65018691e-06,5.47527997e-06
0.00000000e+00,2.21041858e-06,4.21218798e-06,6.31828178e-06
0.00000000e+00,-2.92840447e-06,-6.28737988e-06,-9.43107018e-06
0.00000000e+00,-1.02854394e-07,-7.56714682e-07,-1.13507227e-06
0.00000000e+00,1.97218437e-06,3.39828105e-06,5.09742137e-06
0.00000000e+00,1.89008264e-06,3.23066518e-06,4.84599753e-06
0.00000000e+00,-2.80608282e-07,-9.18205919e-07,-1.37730904e-06
0.00000000e+00,2.61200423e-06,4.65831574e-06,6.98747355e-06
0.00000000e+00,2.54700472e-06,4.52158209e-06,6.78237299e-06
0.00000000e+00,3.09989909e-07,4.02037606e-08,6.03055630e-08
0.00000000e+00,2.10518757e-07,-1.67202597e-07,-2.50804023e-07
0.00000000e+00,2.57865500e-06,4.59056649e-06,6.88584963e-06
0.00000000e+00,2.55895541e-06,4.53893233e-06,6.80839842e-06
0.00000000e+00,2.55445887e-06,4.52163988e-06,6.78245970e-06
0.00000000e+00,-2.58820409e-06,-5.59161710e-06,-8.38742605e-06
0.00000000e+00,1.31168471e-06,2.03030595e-06,3.04545861e-06
0.00000000e+00,-1.76906468e-06,-4.03890141e-06,-6.05835236e-06
0.00000000e+00,-1.82944422e-06,-4.10577315e-06,-6.15865997e-06
0.00000000e+00,-1.72229414e-06,-3.91826819e-06,-5.87740255e-06
0.00000000e+00,-2.55251973e-06,-5.49335993e-06,-8.24003999e-06
0.00000000e+00,-2.42928372e-06,-5.31012410e-06,-7.96518628e-06
0.00000000e+00,-2.48290675e-06,-5.36911974e-06,-8.05367974e-06
0.00000000e+00,-2.61401443e-07,-9.74996800e-07,-1.46249533e-06
0.00000000e+00,-2.10339400e-06,-4.75637055e-06,-7.13455606e-06
0.00000000e+00,-4.54190468e-07,-9.89220229e-07,-1.48383072e-06
0.00000000e+00,-2.53819944e-06,-5.19709750e-06,-7.79564662e-06
0.00000000e+00,-3.51594698e-07,-9.06158674e-07,-1.35923840e-06
0.00000000e+00,-2.65841885e-06,-5.39685428e-06,-8.09528179e-06
0.00000000e+00,-2.59532805e-06,-5.39234012e-06,-8.08851058e-06
0.00000000e+00,-1.77440216e-06,-4.11464460e-06,-6.17196695e-06
0.00000000e+00,2.55391979e-06,4.60809003e-06,6.91213496e-06
0.00000000e+00,3.80018581e-07,2.19613235e-07,3.29419776e-07
0.00000000e+00,5.41488065e-07,5.70076097e-07,8.55114105e-07
0.00000000e+00,-1.56113731e-06,-3.67318917e-06,-5.50978378e-06
0.00000000e+00,4.19795512e-07,2.73106107e-07,4.09659109e-07
0.00000000e+00,2.59293763e-06,4.64602865e-06,6.96904290e-06
0.00000000e+00,5.76051035e-07,6.00539581e-07,9.00809355e-07
0.00000000e+00,-1.76942305e-06,-4.07302373e-06,-6.10953596e-06
0.00000000e+00,2.01345240e-06,3.52943596e-06,5.29415356e-06
0.00000000e+00,-2.11283876e-06,-4.76472754e-06,-7.14709137e-06
0.00000000e+00,-2.21618813e-06,-4.98728381e-06,-7.48092582e-06
0.00000000e+00,-2.09909919e-06,-4.76816884e-06,-7.15225334e-06
0.00000000e+00,3.39181796e-08,-4.87899831e-07,-7.31849851e-07
0.00000000e+00,2.29729682e-06,4.05567127e-06,6.08350685e-06
0.00000000e+00,1.56883965e-07,-2.57139315e-07,-3.85709055e-07
0.00000000e+00,2.28003428e-06,4.00535968e-06,6.00803942e-06
0.00000000e+00,2.40531512e-06,4.24050241e-06,6.36075353e-06
0.00000000e+00,-3.44093533e-07,-8.09986473e-07,-1.21498009e-06
0.00000000e+00,1.89339062e-06,3.58494769e-06,5.37742115e-06
0.00000000e+00,-2.18292312e-06,-4.93827825e-06,-7.40741752e-06
0.00000000e+00,-2.34749011e-06,-5.27606533e-06,-7.91409817e-06
0.00000000e+00,-2.17068048e-06,-4.88812381e-06,-7.33218588e-06
0.00000000e+00,1.24020492e-07,-3.34013013e-07,-5.01019696e-07
0.00000000e+00,-1.98165695e-06,-4.53036574e-06,-6.79554871e-06
0.00000000e+00,-1.94258752e-06,-4.46407865e-06,-6.69611805e-06
0.00000000e+00,-2.14054371e-06,-4.86832986e-06,-7.30249492e-06
0.00000000e+00,1.82016504e-07,-2.09283447e-07,-3.13925315e-07
0.00000000e+00,2.96613160e-07,2.55816935e-08,3.83724432e-08
0.00000000e+00,1.84414467e-06,3.30007185e-06,4.95010769e-06
0.00000000e+00,1.90646442e-06,3.36171204e-06,5.04256793e-06
0.00000000e+00,-3.09585198e-07,-1.02339754e-06,-1.53509644e-06
0.00000000e+00,1.86510380e-06,3.32644954e-06,4.98967418e-06
0.00000000e+00,1.64804457e-06,2.69708256e-06,4.04562354e-06
0.00000000e+00,-2.57404675e-06,-5.20611665e-06,-7.80917504e-06
0.00000000e+00,0.00000000e+00,0.00000000e+00,0.00000000e+00
0.00000000e+00,2.33228362e-06,4.60595115e-06,6.90892666e-06
0.00000000e+00,-2.48103934e-06,-5.02842068e-06,-7.54263105e-06
0.00000000e+00,-2.65123646e-06,-5.32233827e-06,-7.98350742e-06
0.00000000e+00,-2.76179504e-07,-5.70893940e-07,-8.56340926e-07
0.00000000e+00,-1.60187071e-07,-3.78255292e-07,-5.67383000e-07
0.00000000e+00,-2.61096124e-06,-5.28789650e-06,-7.93184480e-06
0.00000000e+00,-2.13519026e-06,-4.28896696e-06,-6.43345045e-06
0.00000000e+00,-1.45274522e-07,-3.56013375e-07,-5.34020112e-07
0.00000000e+00,-1.91481364e-06,-4.24564104e-06,-6.36846181e-06
0.00000000e+00,-2.03149744e-06,-4.44462216e-06,-6.66693349e-06
0.00000000e+00,-2.35625489e-06,-5.18983886e-06,-7.78475837e-06
0.00000000e+00,-7.73886410e-08,-6.85621253e-07,-1.02843200e-06
0.00000000e+00,-2.34989894e-06,-5.19379183e-06,-7.79068787e-06
0.00000000e+00,-2.29627472e-06,-5.12261573e-06,-7.68392371e-06
0.00000000e+00,-2.31614717e-06,-5.17848463e-06,-7.76772711e-06
0.00000000e+00,-9.43773129e-08,-7.68913460e-07,-1.15337046e-06
0.00000000e+00,1.80106015e-06,3.02342694e-06,4.53514014e-06
0.00000000e+00,1.93732733e-06,3.27381014e-06,4.91071494e-06
0.00000000e+00,-2.30328794e-06,-4.86806450e-06,-7.30209698e-06
0.00000000e+00,1.96509586e-06,3.47441979e-06,5.21162931e-06
0.00000000e+00,-2.90362702e-06,-6.18145758e-06,-9.27218676e-06
0.00000000e+00,-2.74618640e-06,-5.88781038e-06,-8.83171597e-06
0.00000000e+00,1.66952697e-06,3.20949686e-06,4.81424497e-06
0.00000000e+00,-5.96464342e-07,-1.32365050e-06,-1.98547607e-06
0.00000000e+00,2.09716266e-06,3.99809039e-06,5.99713542e-06
0.00000000e+00,1.31115502e-08,-2.00665167e-07,-3.00997913e-07
0.00000000e+00,2.02909666e-06,3.79951130e-06,5.69926676e-06
0.00000000e+00,2.18367866e-06,4.14075885e-06,6.21113812e-06
0.00000000e+00,-2.64054163e-06,-5.38774084e-06,-8.08161141e-06
0.00000000e+00,1.77258394e-06,3.43861466e-06,5.15792184e-06
0.00000000e+00,2.12502372e-06,4.17359108e-06,6.26038653e-06
0.00000000e+00,-2.36059125e-07,-6.30974927e-07,-9.46462551e-07
0.00000000e+00,1.95687827e-06,3.75523849e-06,5.63285758e-06
0.00000000e+00,-4.32129138e-07,-9.71217385e-07,-1.45682623e-06
0.00000000e+00,-3.06547640e-07,-7.06949806e-07,-1.06042483e-06
0.00000000e+00,2.13234863e-06,4.13418518e-06,6.20127765e-06
0.00000000e+00,1.93055008e-06,3.76740399e-06,5.65110586e-06
0.00000000e+00,-2.41537892e-06,-5.01043017e-06,-7.51564539e-06
0.00000000e+00,-2.62066834e-09,-1.16607837e-07,-1.74911856e-07
0.00000000e+00,-2.17855342e-07,-5.57663813e-07,-8.36495795e-07
0.00000000e+00,-1.23305796e-07,-4.26469207e-07,-6.39703945e-07
0.00000000e+00,-2.37450753e-06,-4.86058035e-06,-7.29087063e-06
0.00000000e+00,-2.54108185e-06,-5.20465582e-06,-7.80698380e-06
0.00000000e+00,2.73452860e-06,4.86947754e-06,7.30421608e-06
0.00000000e+00,0.00000000e+00,0.00000000e+00,0.00000000e+00
0.00000000e+00,0.00000000e+00,0.00000000e+00,0.00000000e+00
0.00000000e+00,0.00000000e+00,0.00000000e+00,0.00000000e+00
0.00000000e+00,1.30331963e-06,2.51018596e-06,3.76527893e-06
0.00000000e+00,0.00000000e+00,0.00000000e+00,0.00000000e+00
0.00000000e+00,0.00000000e+00,0.00000000e+00,0.00000000e+00
0.00000000e+00,0.00000000e+00,0.00000000e+00,0.00000000e+00
0.00000000e+00,1.86573423e-06,3.70452581e-06,5.55678870e-06
0.00000000e+00,-9.52193913e-07,-1.92836799e-06,-2.89255199e-06
0.00000000e+00,1.58232144e-06,3.13909892e-06,4.70864838e-06
0.00000000e+00,-2.37673766e-06,-4.97553781e-06,-7.46330691e-06
0.00000000e+00,-1.65952440e-06,-3.79755110e-06,-5.69632695e-06
0.00000000e+00,-1.92434601e-06,-4.30195827e-06,-6.45293770e-06
0.00000000e+00,1.94722175e-06,3.74121054e-06,5.61181545e-06
0.00000000e+00,-1.67666896e-07,-5.05737548e-07,-7.58606667e-07
0.00000000e+00,-2.48820697e-07,-6.51830135e-07,-9.77745573e-07
0.00000000e+00,-2.43570269e-06,-5.02986345e-06,-7.54479533e-06
0.00000000e+00,-8.59527467e-08,-3.68393780e-07,-5.52590832e-07
0.00000000e+00,-9.79363451e-08,-3.26472093e-07,-4.89708262e-07
0.00000000e+00,-2.81081649e-06,-5.57621691e-06,-8.36432571e-06
0.00000000e+00,1.52635878e-06,3.09803920e-06,4.64705847e-06
0.00000000e+00,-5.43104388e-07,-1.14944656e-06,-1.72417020e-06
0.00000000e+00,-6.50418358e-07,-1.31159577e-06,-1.96739400e-06
0.00000000e+00,1.67031882e-06,3.27822968e-06,4.91734415e-06
0.00000000e+00,-6.42171085e-07,-1.23966316e-06,-1.85949508e-06
0.00000000e+00,1.55266804e-06,3.09554248e-06,4.64331339e-06
0.00000000e+00,-2.71412462e-06,-5.40518688e-06,-8.10778067e-06
0.00000000e+00,-5.45786060e-07,-1.06934490e-06,-1.60401771e-06
0.00000000e+00,0.00000000e+00,0.00000000e+00,0.00000000e+00
0.00000000e+00,-3.51866579e-06,-7.13325215e-06,-1.06998782e-05
0.00000000e+00,0.00000000e+00,0.00000000e+00,0.00000000e+00
0.00000000e+00,-5.58666648e-07,-1.14364495e-06,-1.71546743e-06
0.00000000e+00,-2.93967775e-06,-5.90707950e-06,-8.86061926e-06
0.00000000e+00,-3.38295347e-06,-6.79107623e-06,-1.01866143e-05
0.00000000e+00,-1.14002521e-06,-2.37544692e-06,-3.56317040e-06
0.00000000e+00,0.00000000e+00,0.00000000e+00,0.00000000e+00
0.00000000e+00,-2.26755687e-06,-5.11285809e-06,-7.66928733e-06
0.00000000e+00,0.00000000e+00,0.00000000e+00,0.00000000e+00
0.00000000e+00,0.00000000e+00,0.00000000e+00,0.00000000e+00
0.00000000e+00,2.06256037e-06,4.10613933e-06,6.15920898e-06
0.00000000e+00,2.09706685e-07,4.02093658e-07,6.03140476e-07
0.00000000e+00,-1.81909943e-06,-4.20926744e-06,-6.31390118e-06
0.00000000e+00,2.50828441e-06,4.44541941e-06,6.66812909e-06
0.00000000e+00,-1.95803638e-06,-4.49297231e-06,-6.73945853e-06
0.00000000e+00,-1.96914035e-06,-4.49722769e-06,-6.74584158e-06
0.00000000e+00,2.17863411e-07,-1.23931206e-07,-1.85896851e-07
0.00000000e+00,2.66760622e-07,-4.42906907e-08,-6.64360995e-08
0.00000000e+00,3.44458272e-07,1.17071210e-07,1.75606792e-07
0.00000000e+00,0.00000000e+00,0.00000000e+00,0.00000000e+00
0.00000000e+00,0.00000000e+00,0.00000000e+00,0.00000000e+00
0.00000000e+00,0.00000000e+00,0.00000000e+00,0.00000000e+00
0.00000000e+00,1.43953297e-06,2.87713634e-06,4.31570449e-06
0.00000000e+00,0.00000000e+00,0.00000000e+00,0.00000000e+00
0.00000000e+00,0.00000000e+00,0.00000000e+00,0.00000000e+00
0.00000000e+00,0.00000000e+00,0.00000000e+00,0.00000000e+00
0.00000000e+00,-5.13907303e-07,-1.03164485e-06,-1.54746729e-06
0.00000000e+00,-1.05631410e-06,-2.10815969e-06,-3.16223954e-06
0.00000000e+00,1.94988930e-06,3.89610640e-06,5.84415959e-06
0.00000000e+00,2.36464125e-06,4.54647958e-06,6.81971924e-06
0.00000000e+00,2.29977348e-06,4.43714716e-06,6.65572061e-06
0.00000000e+00,1.47411304e-07,1.12030626e-07,1.68045816e-07
0.00000000e+00,2.02016499e-06,3.87089876e-06,5.80634780e-06
0.00000000e+00,2.44051480e-06,4.81463481e-06,7.22195218e-06
0.00000000e+00,1.64931659e-07,3.11985046e-07,4.67977561e-07
0.00000000e+00,-5.11351564e-07,-1.10472717e-06,-1.65709078e-06
0.00000000e+00,2.50045032e-06,4.98157168e-06,7.47235752e-06
0.00000000e+00,2.89507539e-08,-7.67768951e-09,-1.15165685e-08
0.00000000e+00,2.01991717e-06,3.95696949e-06,5.93545420e-06
0.00000000e+00,-2.96551884e-06,-5.98262729e-06,-8.97394096e-06
0.00000000e+00,0.00000000e+00,0.00000000e+00,0.00000000e+00
0.00000000e+00,1.92742597e-06,3.80346898e-06,5.70520345e-06
0.00000000e+00,-2.42750148e-06,-4.91100099e-06,-7.36650152e-06
0.00000000e+00,-1.92192756e-06,-3.85984274e-06,-5.78976412e-06
0.00000000e+00,-2.70221301e-06,-5.41863202e-06,-8.12794804e-06
0.00000000e+00,-5.63357637e-07,-1.17749134e-06,-1.76623704e-06
0.00000000e+00,6.57758954e-08,7.61373374e-08,1.14205977e-07
0.00000000e+00,-3.45516568e-07,-7.04327207e-07,-1.05649082e-06
0.00000000e+00,0.00000000e+00,0.00000000e+00,0.00000000e+00
0.00000000e+00,1.99310414e-06,3.97241766e-06,5.95862648e-06
0.00000000e+00,4.44527930e-07,8.73489571e-07,1.31023435e-06
0.00000000e+00,0.00000000e+00,0.00000000e+00,0.00000000e+00
0.00000000e+00,3.23354148e-06,6.43529123e-06,9.65293682e-06
0.00000000e+00,2.89958709e-06,5.72846020e-06,8.59269025e-06
0.00000000e+00,5.63200034e-07,1.05587552e-06,1.58381322e-06
0.00000000e+00,3.59403380e-06,7.14219315e-06,1.07132897e-05
0.00000000e+00,-2.37431836e-06,-5.34642440e-06,-8.01963680e-06
0.00000000e+00,0.00000000e+00,0.00000000e+00,0.00000000e+00
0.00000000e+00,0.00000000e+00,0.00000000e+00,0.00000000e+00
0.00000000e+00,8.16762534e-07,1.61916504e-06,2.42874755e-06
0.00000000e+00,0.00000000e+00,0.00000000e+00,0.00000000e+00
0.00000000e+00,-5.40848136e-07,-1.26865757e-06,-1.90298667e-06
0.00000000e+00,2.56448107e-06,5.11032527e-06,7.66548790e-06
0.00000000e+00,2.38048109e-06,4.69495962e-06,7.04243938e-06
0.00000000e+00,-1.28890314e-07,-6.70732313e-07,-1.00609875e-06
0.00000000e+00,-1.64054287e-06,-3.31299441e-06,-4.96949165e-06
0.00000000e+00,8.42853430e-07,1.65413532e-06,2.48120296e-06
0.00000000e+00,3.13351207e-06,6.25633613e-06,9.38450418e-06
0.00000000e+00,7.41672456e-07,1.47346118e-06,2.21019176e-06
0.00000000e+00,1.22428738e-06,2.40307308e-06,3.60460958e-06
0.00000000e+00,3.21664503e-06,6.41830865e-06,9.62746297e-06
0.00000000e+00,2.06411803e-06,3.68966873e-06,5.53450270e-06
0.00000000e+00,-2.08272243e-06,-4.18844650e-06,-6.28266985e-06
0.00000000e+00,2.11218652e-06,4.27070110e-06,6.40605160e-06
0.00000000e+00,0.00000000e+00,0.00000000e+00,0.00000000e+00
0.00000000e+00,-2.76689628e-06,-5.48757070e-06,-8.23135610e-06
0.00000000e+00,2.91671680e-07,6.01942333e-07,9.02913424e-07
0.00000000e+00,-2.84561081e-07,-5.59640835e-07,-8.39461266e-07
0.00000000e+00,-2.12462145e-06,-4.24794927e-06,-6.37192393e-06
0.00000000e+00,-2.24254394e-06,-4.46602454e-06,-6.69903689e-06
0.00000000e+00,-3.79702577e-07,-7.13858417e-07,-1.07078767e-06
0.00000000e+00,-2.70283173e-06,-5.39568279e-06,-8.09352420e-06
0.00000000e+00,-2.80886700e-06,-5.89958615e-06,-8.84937955e-06
0.00000000e+00,-2.87467721e-06,-6.09239110e-06,-9.13858701e-06
0.00000000e+00,-1.93008422e-06,-4.25651348e-06,-6.38477033e-06
0.00000000e+00,-1.98330523e-06,-4.36024211e-06,-6.54036330e-06
0.00000000e+00,-2.00219788e-06,-4.45782566e-06,-6.68673863e-06
0.00000000e+00,2.60565100e-07,1.24798399e-07,1.87197485e-07
0.00000000e+00,-2.06204522e-06,-4.53578906e-06,-6.80368387e-06
0.00000000e+00,2.78522042e-06,4.96071376e-06,7.44107040e-06
0.00000000e+00,-2.14716762e-07,-8.90388385e-07,-1.33558298e-06
0.00000000e+00,-2.86123918e-06,-5.10041913e-06,-7.65062892e-06
0.00000000e+00,1.51319649e-06,3.45928667e-06,5.18892980e-06
0.00000000e+00,-6.34030025e-07,-8.74707065e-07,-1.31206087e-06
0.00000000e+00,-6.65928503e-07,-7.91568090e-07,-1.18735237e-06
0.00000000e+00,1.61177069e-06,3.55240603e-06,5.32860880e-06
0.00000000e+00,-2.66808606e-06,-4.94281648e-06,-7.41422499e-06
0.00000000e+00,-4.36597204e-07,-5.44293942e-07,-8.16441159e-07
0.00000000e+00,3.11817120e-06,5.68791057e-06,8.53186594e-06
0.00000000e+00,-1.26252798e-06,-2.91181042e-06,-4.36771562e-06
0.00000000e+00,-6.93453148e-07,-1.71536062e-06,-2.57304087e-06
0.00000000e+00,2.95252317e-06,5.51841700e-06,8.27762550e-06
0.00000000e+00,1.01586888e-06,1.56550401e-06,2.34825606e-06
0.00000000e+00,-9.77767916e-07,-2.31413034e-06,-3.47119548e-06
0.00000000e+00,1.25332350e-06,2.05808743e-06,3.08713123e-06
0.00000000e+00,3.04482818e-06,5.62365051e-06,8.43547581e-06
0.00000000e+00,8.46386738e-07,1.30600937e-06,1.95901405e-06
0.00000000e+00,1.08062301e-06,1.80247040e-06,2.70370563e-06
0.00000000e+00,-2.19845036e-06,-4.51482514e-06,-6.77223787e-06
0.00000000e+00,2.46077870e-08,-1.18407130e-07,-1.77610898e-07
0.00000000e+00,4.77191291e-08,-5.86528510e-08,-8.79794278e-08
0.00000000e+00,-4.63472565e-08,-3.01731196e-07,-4.52596981e-07
0.00000000e+00,-2.24564903e-06,-4.65858595e-06,-6.98787912e-06
0.00000000e+00,-2.14199016e-06,-4.67091345e-06,-7.00637011e-06
0.00000000e+00,2.48253367e-06,4.46043246e-06,6.69064885e-06
0.00000000e+00,1.99117881e-06,3.69990862e-06,5.54986308e-06
0.00000000e+00,2.07274587e-06,3.75842465e-06,5.63763705e-06
0.00000000e+00,2.48910893e-07,5.49313221e-08,8.23970982e-08
0.00000000e+00,2.26015075e-06,4.11981532e-06,6.17972315e-06
0.00000000e+00,6.48039095e-09,-3.22656828e-07,-4.83985127e-07
0.00000000e+00,-3.48137394e-08,-4.56735065e-07,-6.85102529e-07
0.00000000e+00,2.27923976e-06,4.11583758e-06,6.17375649e-06
0.00000000e+00,2.06057346e-06,3.78559454e-06,5.67839192e-06
0.00000000e+00,-2.67644700e-07,-9.71632593e-07,-1.45744898e-06
0.00000000e+00,7.14363711e-08,-1.97810265e-08,-2.96716649e-08
0.00000000e+00,-2.06871864e-06,-4.32004881e-06,-6.48007333e-06
0.00000000e+00,-2.15620119e-06,-4.47507785e-06,-6.71261689e-06
0.00000000e+00,1.89282632e-06,3.42933455e-06,5.14400166e-06
0.00000000e+00,1.93622998e-06,3.51863065e-06,5.27794577e-06
0.00000000e+00,1.90201053e-06,3.39608740e-06,5.09413080e-06
0.00000000e+00,6.95946538e-08,4.88400027e-07,7.32600054e-07
0.00000000e+00,9.65657055e-07,2.05222461e-06,3.07833692e-06
0.00000000e+00,-3.88269283e-06,-7.41618641e-06,-1.11242796e-05
0.00000000e+00,8.17859988e-07,1.74199419e-06,2.61299126e-06
0.00000000e+00,3.18580460e-07,8.69815712e-07,1.30472359e-06
0.00000000e+00,-1.71946634e-06,-3.20656589e-06,-4.80984881e-06
0.00000000e+00,-1.91163342e-06,-3.47407136e-06,-5.21110702e-06
0.00000000e+00,4.38007914e-07,1.08874264e-06,1.63311395e-06
0.00000000e+00,5.44830462e-07,1.22397545e-06,1.83596317e-06
0.00000000e+00,-1.65947641e-06,-3.10624447e-06,-4.65936672e-06
0.00000000e+00,1.10646577e-07,1.14937809e-07,1.72406622e-07
0.00000000e+00,-2.16572086e-06,-4.75289347e-06,-7.12934050e-06
0.00000000e+00,-1.79352846e-06,-4.16249366e-06,-6.24374053e-06
0.00000000e+00,3.91125511e-07,2.06064817e-07,3.09097187e-07
0.00000000e+00,3.19816104e-06,6.29565831e-06,9.44348748e-06
0.00000000e+00,3.07810179e-06,5.96081682e-06,8.94122523e-06
0.00000000e+00,3.25866582e-06,6.18896540e-06,9.28344815e-06
0.00000000e+00,1.21771961e-06,2.22929494e-06,3.34394245e-06
0.00000000e+00,1.08195439e-06,1.90712348e-06,2.86068525e-06
0.00000000e+00,3.32683801e-06,6.50506473e-06,9.75759711e-06
0.00000000e+00,3.21945679e-06,6.23219050e-06,9.34828578e-06
0.00000000e+00,1.28408139e-06,2.23985714e-06,3.35978576e-06
0.00000000e+00,3.17486058e-06,6.09269045e-06,9.13903569e-06
0.00000000e+00,-2.94639039e-06,-5.96776884e-06,-8.95165320e-06
0.00000000e+00,-2.65386660e-06,-5.51045942e-06,-8.26568907e-06
0.00000000e+00,-1.96169350e-06,-4.20582183e-06,-6.30873260e-06
0.00000000e+00,-3.86980368e-07,-9.41853831e-07,-1.41278064e-06
0.00000000e+00,-1.85307240e-07,-6.10185050e-07,-9.15277474e-07
0.00000000e+00,-2.63390646e-06,-5.40360133e-06,-8.10540192e-06
0.00000000e+00,-2.40101751e-06,-4.97056107e-06,-7.45584149e-06
0.00000000e+00,1.80152135e-08,-2.46265781e-07,-3.69398522e-07
0.00000000e+00,-2.28718101e-06,-4.81417993e-06,-7.22126979e-06
0.00000000e+00,2.45844618e-06,4.36247759e-06,6.54371619e-06
0.00000000e+00,2.32148573e-06,4.10943178e-06,6.16414747e-06
0.00000000e+00,2.81071211e-06,5.60492068e-06,8.40738102e-06
0.00000000e+00,2.55573345e-06,5.05538215e-06,7.58307320e-06
0.00000000e+00,2.12525469e-06,3.84331446e-06,5.76497135e-06
0.00000000e+00,0.00000000e+00,0.00000000e+00,0.00000000e+00
0.00000000e+00,0.00000000e+00,0.00000000e+00,0.00000000e+00
0.00000000e+00,0.00000000e+00,0.00000000e+00,0.00000000e+00
0.00000000e+00,-1.59397810e-06,-3.20319165e-06,-4.80478749e-06
0.00000000e+00,5.84849266e-08,-4.89040288e-07,-7.33560631e-07
0.00000000e+00,2.02770535e-06,4.04171061e-06,6.06256591e-06
0.00000000e+00,-5.45350956e-07,-1.10327204e-06,-1.65490806e-06
0.00000000e+00,0.00000000e+00,0.00000000e+00,0.00000000e+00
0.00000000e+00,0.00000000e+00,0.00000000e+00,0.00000000e+00
0.00000000e+00,0.00000000e+00,0.00000000e+00,0.00000000e+00
0.00000000e+00,0.00000000e+00,0.00000000e+00,0.00000000e+00
0.00000000e+00,-2.22103586e-07,-4.58715889e-07,-6.88073851e-07
0.00000000e+00,-2.59511865e-06,-5.20523495e-06,-7.80785244e-06
0.00000000e+00,1.51175357e-06,2.95420218e-06,4.43130306e-06
0.00000000e+00,1.83678451e-06,3.50345014e-06,5.25517502e-06
0.00000000e+00,1.63152624e-06,3.16819092e-06,4.75228620e-06
0.00000000e+00,1.71526318e-06,3.26427515e-06,4.89641251e-06
0.00000000e+00,-3.52206037e-07,-8.75182925e-07,-1.31277458e-06
0.00000000e+00,-5.68710095e-07,-1.23283143e-06,-1.84924733e-06
0.00000000e+00,0.00000000e+00,0.00000000e+00,0.00000000e+00
0.00000000e+00,-2.97061350e-06,-5.95474435e-06,-8.93211653e-06
0.00000000e+00,-1.61143812e-07,-8.00167658e-07,-1.20025157e-06
0.00000000e+00,-8.62214070e-07,-1.82531838e-06,-2.73797755e-06
0.00000000e+00,-1.31941690e-06,-2.83395459e-06,-4.25093189e-06
0.00000000e+00,-7.90159314e-07,-1.78687826e-06,-2.68031736e-06
0.00000000e+00,1.18300738e-06,2.21796210e-06,3.32694316e-06
0.00000000e+00,-9.90293544e-07,-2.23755067e-06,-3.35632598e-06
0.00000000e+00,-1.01476314e-06,-2.17798251e-06,-3.26697375e-06
0.00000000e+00,8.80653891e-07,1.56648874e-06,2.34973311e-06
0.00000000e+00,3.12782478e-06,5.89686504e-06,8.84529760e-06
0.00000000e+00,3.22003351e-06,5.99203536e-06,8.98805312e-06
0.00000000e+00,2.40404773e-06,4.24923846e-06,6.37385765e-06
0.00000000e+00,2.49369945e-06,4.41038901e-06,6.61558345e-06
0.00000000e+00,1.78657943e-06,3.24345549e-06,4.86518323e-06
0.00000000e+00,1.92637078e-06,3.44652276e-06,5.16978410e-06
0.00000000e+00,-3.97083506e-07,-1.15324161e-06,-1.72986247e-06
0.00000000e+00,1.93242975e-06,3.42914444e-06,5.14371657e-06
0.00000000e+00,1.80994128e-06,3.26096133e-06,4.89144195e-06
0.00000000e+00,-3.54829223e-07,-1.09839721e-06,-1.64759591e-06
0.00000000e+00,1.05016597e-06,2.72185596e-06,4.08278371e-06
0.00000000e+00,-9.04969820e-07,-1.18798502e-06,-1.78197776e-06
0.00000000e+00,1.39820225e-06,3.18956809e-06,4.78435187e-06
0.00000000e+00,1.30502361e-06,3.14993881e-06,4.72490798e-06
0.00000000e+00,-2.71172368e-06,-5.69613583e-06,-8.54420382e-06
0.00000000e+00,-3.45384703e-07,-1.03592926e-06,-1.55389402e-06
0.00000000e+00,-4.15836848e-07,-1.16432185e-06,-1.74648287e-06
0.00000000e+00,-2.54646596e-06,-5.43762726e-06,-8.15644102e-06
0.00000000e+00,-1.42330993e-06,-3.35161339e-06,-5.02741992e-06
0.00000000e+00,-1.67892799e-06,-3.75800150e-06,-5.63700208e-06
0.00000000e+00,-2.04149496e-06,-4.41865147e-06,-6.62797709e-06
0.00000000e+00,-1.78291310e-06,-4.00860450e-06,-6.01290664e-06
0.00000000e+00,2.90742114e-07,1.80994960e-07,2.71492608e-07
0.00000000e+00,1.26696741e-06,2.60346733e-06,3.90520077e-06
0.00000000e+00,1.43501406e-06,2.87497578e-06,4.31246339e-06
0.00000000e+00,1.51673216e-06,2.97178675e-06,4.45767985e-06
0.00000000e+00,-7.63842276e-07,-1.52320679e-06,-2.28481047e-06
0.00000000e+00,-2.75754578e-06,-5.57734957e-06,-8.36602472e-06
0.00000000e+00,-1.77110552e-06,-3.81465592e-06,-5.72198393e-06
0.00000000e+00,2.65933057e-06,5.04618379e-06,7.56927563e-06
0.00000000e+00,-1.50685211e-06,-3.34011728e-06,-5.01017595e-06
0.00000000e+00,-1.57955429e-06,-3.39095120e-06,-5.08642682e-06
0.00000000e+00,-1.27564905e-06,-2.84204045e-06,-4.26306068e-06
0.00000000e+00,6.53016741e-07,9.79754422e-07,1.46963160e-06
0.00000000e+00,4.44537739e-07,6.16872247e-07,9.25308316e-07
0.00000000e+00,6.31967617e-07,1.03244847e-06,1.54867268e-06
0.00000000e+00,-2.48908384e-06,-5.21602409e-06,-7.82403628e-06
0.00000000e+00,-2.60818836e-06,-5.39823762e-06,-8.09735653e-06
0.00000000e+00,1.83552645e-06,3.49889174e-06,5.24833754e-06
0.00000000e+00,2.00454352e-06,3.82713913e-06,5.74070859e-06
0.00000000e+00,-4.75158222e-07,-1.12204966e-06,-1.68307457e-06
0.00000000e+00,1.88279225e-06,3.53164911e-06,5.29747356e-06
0.00000000e+00,-3.76718882e-06,-7.57154265e-06,-1.13573140e-05
0.00000000e+00,1.18240612e-06,2.32785729e-06,3.49178595e-06
0.00000000e+00,-3.89289551e-06,-7.84843466e-06,-1.17726520e-05
0.00000000e+00,-3.10333048e-06,-6.21744001e-06,-9.32616001e-06
0.00000000e+00,-6.60713495e-07,-1.33086790e-06,-1.99630185e-06
0.00000000e+00,-1.50682371e-06,-3.07533320e-06,-4.61299981e-06
0.00000000e+00,-1.35874357e-06,-2.75357420e-06,-4.13036129e-06
0.00000000e+00,1.07706465e-06,2.07878402e-06,3.11817610e-06
0.00000000e+00,1.75668580e-06,3.31062201e-06,4.96593308e-06
0.00000000e+00,1.59554068e-06,3.02271117e-06,4.53406687e-06
0.00000000e+00,-4.77540606e-07,-1.09034448e-06,-1.63551665e-06
0.00000000e+00,1.89779389e-06,3.55582923e-06,5.33374394e-06
0.00000000e+00,1.66607201e-06,3.19643011e-06,4.79464524e-06
0.00000000e+00,-4.45743004e-07,-1.09384350e-06,-1.64076519e-06
0.00000000e+00,-2.84849842e-06,-5.40444425e-06,-8.10666666e-06
0.00000000e+00,-2.72038142e-06,-5.30124945e-06,-7.95187450e-06
0.00000000e+00,-5.98513617e-07,-1.05812779e-06,-1.58719202e-06
0.00000000e+00,-2.67554887e-06,-5.10473836e-06,-7.65710784e-06
0.00000000e+00,-2.09678287e-06,-4.21210940e-06,-6.31816410e-06
0.00000000e+00,-2.98258144e-06,-6.04792095e-06,-9.07188145e-06
0.00000000e+00,-2.95028483e-06,-5.63712306e-06,-8.45568487e-06
0.00000000e+00,-3.06764819e-06,-5.64967132e-06,-8.47450721e-06
0.00000000e+00,-8.66436126e-07,-1.46946679e-06,-2.20420047e-06
0.00000000e+00,-2.46274878e-06,-5.36143521e-06,-8.04215291e-06
0.00000000e+00,-2.72577515e-07,-9.51701500e-07,-1.42755229e-06
0.00000000e+00,8.36204172e-07,1.87518447e-06,2.81277660e-06
0.00000000e+00,-1.60937630e-06,-2.91975810e-06,-4.37963718e-06
0.00000000e+00,4.37211129e-07,1.17338811e-06,1.76008213e-06
0.00000000e+00,8.31523591e-07,1.81849629e-06,2.72774438e-06
0.00000000e+00,-3.36859630e-06,-6.53439208e-06,-9.80158822e-06
0.00000000e+00,-3.65809165e-06,-7.01725349e-06,-1.05258803e-05
0.00000000e+00,-1.26677580e-06,-2.33080109e-06,-3.49620174e-06
0.00000000e+00,-1.31167333e-06,-2.46783640e-06,-3.70175466e-06
0.00000000e+00,-2.37449936e-06,-5.36974558e-06,-8.05461864e-06
0.00000000e+00,9.36459156e-08,-3.52390189e-07,-5.28585341e-07
0.00000000e+00,1.20263087e-06,2.55022219e-06,3.82533304e-06
0.00000000e+00,1.37798158e-06,2.83396993e-06,4.25095459e-06
0.00000000e+00,-7.85404849e-07,-1.49340223e-06,-2.24010364e-06
0.00000000e+00,2.78235317e-06,4.94820596e-06,7.42230872e-06
0.00000000e+00,2.17109796e-06,4.22819345e-06,6.34228992e-06
0.00000000e+00,2.20664823e-06,4.23991041e-06,6.35986536e-06
0.00000000e+00,-9.75202269e-08,-3.72788077e-07,-5.59182418e-07
0.00000000e+00,2.11417853e-06,4.05134876e-06,6.07702284e-06
0.00000000e+00,0.00000000e+00,0.00000000e+00,0.00000000e+00
0.00000000e+00,0.00000000e+00,0.00000000e+00,0.00000000e+00
0.00000000e+00,0.00000000e+00,0.00000000e+00,0.00000000e+00
0.00000000e+00,0.00000000e+00,0.00000000e+00,0.00000000e+00
0.00000000e+00,3.91938366e-07,7.70870813e-07,1.15630619e-06
0.00000000e+00,-2.10582963e-06,-4.22454955e-06,-6.33682436e-06
0.00000000e+00,1.35354469e-06,2.84245336e-06,4.26367973e-06
0.00000000e+00,-7.79749059e-07,-1.42426924e-06,-2.13640416e-06
0.00000000e+00,-1.63156320e-06,-3.27344782e-06,-4.91017174e-06
0.00000000e+00,-1.25494126e-06,-2.55584442e-06,-3.83376666e-06
0.00000000e+00,-2.23995991e-06,-4.99182712e-06,-7.48774076e-06
0.00000000e+00,0.00000000e+00,0.00000000e+00,0.00000000e+00
0.00000000e+00,2.38598058e-06,4.60458628e-06,6.90687934e-06
0.00000000e+00,1.51685731e-07,1.32255250e-07,1.98382785e-07
0.00000000e+00,2.14754001e-07,3.22902752e-07,4.84354070e-07
0.00000000e+00,2.42745657e-06,4.68347946e-06,7.02521910e-06
0.00000000e+00,2.39489431e-06,4.68354678e-06,7.02532007e-06
0.00000000e+00,2.51418238e-06,4.97295150e-06,7.45942720e-06
0.00000000e+00,1.68392058e-07,9.00989161e-07,1.35148370e-06
0.00000000e+00,4.78477316e-07,1.42285892e-06,2.13428828e-06
0.00000000e+00,3.22484845e-07,1.28447502e-06,1.92671243e-06
0.00000000e+00,-1.52376298e-06,-2.58123488e-06,-3.87185241e-06
0.00000000e+00,-9.33888599e-07,-1.94234409e-06,-2.91351608e-06
0.00000000e+00,1.17254441e-06,2.24496964e-06,3.36745448e-06
0.00000000e+00,-2.54078721e-06,-5.25192921e-06,-7.87789401e-06
0.00000000e+00,-4.70662619e-07,-1.10834687e-06,-1.66252053e-06
0.00000000e+00,-3.00638967e-06,-5.89133953e-06,-8.83700928e-06
0.00000000e+00,-3.57499477e-06,-7.04337876e-06,-1.05650682e-05
0.00000000e+00,-1.02876079e-06,-1.93681208e-06,-2.90521810e-06
0.00000000e+00,-3.69279692e-06,-7.15307219e-06,-1.07296083e-05
0.00000000e+00,-3.73685142e-06,-7.26091108e-06,-1.08913666e-05
0.00000000e+00,-1.65463315e-06,-3.17520616e-06,-4.76280924e-06
0.00000000e+00,-3.79976741e-06,-7.46539852e-06,-1.11980978e-05
0.00000000e+00,-1.38142796e-06,-2.65650340e-06,-3.98475514e-06
0.00000000e+00,2.37675956e-06,4.47152042e-06,6.70728053e-06
0.00000000e+00,1.24572506e-07,-3.15219269e-08,-4.72830151e-08
0.00000000e+00,1.34719604e-07,-6.61507869e-08,-9.92263154e-08
0.00000000e+00,2.31219723e-06,4.34368025e-06,6.51552025e-06
0.00000000e+00,2.40967597e-06,4.47975126e-06,6.71962678e-06
0.00000000e+00,2.10357971e-07,8.11082189e-08,1.21662216e-07
0.00000000e+00,3.51932505e-07,3.70278447e-07,5.55417590e-07
0.00000000e+00,2.54998769e-06,4.76628026e-06,7.14942030e-06
0.00000000e+00,2.49411899e-06,4.71222768e-06,7.06834144e-06
0.00000000e+00,-2.03705274e-06,-4.35608477e-06,-6.53412727e-06
0.00000000e+00,-1.98501462e-06,-4.30954174e-06,-6.46431272e-06
0.00000000e+00,-1.93402900e-06,-4.14420794e-06,-6.21631199e-06
0.00000000e+00,-1.84504957e-06,-4.02372462e-06,-6.03558701e-06
0.00000000e+00,1.68646448e-07,5.53965458e-08,8.30947119e-08
0.00000000e+00,2.80871724e-07,2.85871375e-07,4.28806983e-07
0.00000000e+00,-1.87989268e-06,-3.29704312e-06,-4.94556468e-06
0.00000000e+00,4.96842939e-07,1.36229652e-06,2.04344471e-06
0.00000000e+00,-1.53437096e-06,-2.70003154e-06,-4.05004739e-06
0.00000000e+00,9.19699092e-08,6.46472733e-07,9.69709094e-07
0.00000000e+00,-2.61421283e-06,-5.51629948e-06,-8.27444933e-06
0.00000000e+00,1.98875736e-06,3.67831826e-06,5.51747721e-06
0.00000000e+00,-2.60993021e-06,-5.51348185e-06,-8.27022307e-06
0.00000000e+00,-2.87764030e-06,-5.82431175e-06,-8.73646782e-06
0.00000000e+00,-2.72137613e-06,-5.68911337e-06,-8.53367035e-06
0.00000000e+00,-4.43155601e-07,-1.13389241e-06,-1.70083891e-06
0.00000000e+00,-2.84830989e-06,-5.82242730e-06,-8.73364120e-06
0.00000000e+00,-2.72894968e-06,-5.63908193e-06,-8.45862314e-06
0.00000000e+00,-6.17088075e-07,-1.36070989e-06,-2.04106510e-06
0.00000000e+00,0.00000000e+00,0.00000000e+00,0.00000000e+00
0.00000000e+00,0.00000000e+00,0.00000000e+00,0.00000000e+00
0.00000000e+00,0.00000000e+00,0.00000000e+00,0.00000000e+00
0.00000000e+00,1.60385273e-06,3.15488999e-06,4.73233500e-06
0.00000000e+00,0.00000000e+00,0.00000000e+00,0.00000000e+00
0.00000000e+00,0.00000000e+00,0.00000000e+00,0.00000000e+00
0.00000000e+00,0.00000000e+00,0.00000000e+00,0.00000000e+00
0.00000000e+00,-3.46108509e-07,-7.05483269e-07,-1.05822490e-06
0.00000000e+00,2.39554667e-06,4.77814351e-06,7.16721527e-06
0.00000000e+00,2.21546298e-06,4.41645933e-06,6.62468901e-06
0.00000000e+00,-3.05088017e-06,-6.03230807e-06,-9.04846233e-06
0.00000000e+00,-2.95957120e-06,-5.91384212e-06,-8.87076347e-06
0.00000000e+00,-2.92682617e-06,-5.91547588e-06,-8.87321409e-06
0.00000000e+00,-7.06437894e-07,-1.47534422e-06,-2.21301661e-06
0.00000000e+00,0.00000000e+00,0.00000000e+00,0.00000000e+00
0.00000000e+00,2.73746891e-06,5.46758725e-06,8.20138086e-06
0.00000000e+00,3.60280893e-07,7.13393823e-07,1.07009073e-06
0.00000000e+00,1.90271366e-06,3.51229224e-06,5.26843807e-06
0.00000000e+00,-2.89371958e-07,-9.45786908e-07,-1.41868068e-06
0.00000000e+00,1.89123100e-06,3.44093756e-06,5.16140604e-06
0.00000000e+00,1.98216378e-06,3.59867898e-06,5.39801816e-06
0.00000000e+00,1.85218777e-06,3.58357672e-06,5.37536471e-06
0.00000000e+00,1.75100696e-06,3.42220843e-06,5.13331227e-06
0.00000000e+00,-2.42020239e-06,-4.91698275e-06,-7.37547422e-06
0.00000000e+00,-2.16092639e-06,-4.42825956e-06,-6.64238943e-06
0.00000000e+00,1.63937108e-07,2.72562735e-07,4.08844049e-07
0.00000000e+00,-1.47407861e-07,-3.71379321e-07,-5.57069069e-07
0.00000000e+00,2.05727278e-07,3.62152392e-07,5.43228503e-07
0.00000000e+00,-2.29112936e-06,-4.63149751e-06,-6.94724636e-06
0.00000000e+00,1.38470076e-07,-2.70599084e-07,-4.05898789e-07
0.00000000e+00,-7.86766501e-07,-2.12149765e-06,-3.18224637e-06
0.00000000e+00,-1.01681991e-06,-2.49956120e-06,-3.74934176e-06
0.00000000e+00,1.16641832e-06,1.78421183e-06,2.67631784e-06
0.00000000e+00,-7.18062698e-07,-1.88454853e-06,-2.82682273e-06
0.00000000e+00,2.30731077e-06,4.27903839e-06,6.41855745e-06
0.00000000e+00,1.29327798e-06,2.87853577e-06,4.31780336e-06
0.00000000e+00,-1.06849205e-06,-1.65110919e-06,-2.47666401e-06
0.00000000e+00,-3.09566062e-06,-5.52329833e-06,-8.28494770e-06
0.00000000e+00,-8.50674300e-07,-1.24211118e-06,-1.86316703e-06
0.00000000e+00,-7.77459386e-07,-1.26271216e-06,-1.89406852e-06
0.00000000e+00,-2.86297719e-06,-5.26696172e-06,-7.90044284e-06
0.00000000e+00,1.26253799e-06,1.90198764e-06,2.85298109e-06
0.00000000e+00,-1.21735930e-06,-3.02691592e-06,-4.54037426e-06
0.00000000e+00,2.79695502e-08,-5.48505712e-07,-8.22758929e-07
0.00000000e+00,1.57651761e-07,-3.01582028e-07,-4.52373415e-07
0.00000000e+00,2.57210773e-06,4.56887517e-06,6.85331272e-06
0.00000000e+00,-2.29675127e-06,-4.70778052e-06,-7.06167104e-06
0.00000000e+00,-2.91863540e-08,-2.32542900e-07,-3.48814603e-07
0.00000000e+00,-2.30735662e-06,-4.79157568e-06,-7.18736382e-06
0.00000000e+00,-2.26703267e-06,-4.70753007e-06,-7.06129536e-06
0.00000000e+00,2.32890158e-06,4.54611457e-06,6.81917175e-06
0.00000000e+00,-2.85163302e-06,-5.71336613e-06,-8.57004953e-06
0.00000000e+00,2.11318677e-06,4.10436877e-06,6.15655308e-06
0.00000000e+00,-2.45372492e-06,-4.47460965e-06,-6.71191468e-06
0.00000000e+00,-2.63908281e-06,-4.73824456e-06,-7.10736707e-06
0.00000000e+00,-4.68445195e-07,-5.03975586e-07,-7.55963582e-07
0.00000000e+00,-2.48852774e-06,-4.64826343e-06,-6.97239540e-06
0.00000000e+00,5.30311341e-07,5.55440240e-07,8.33160529e-07
0.00000000e+00,-2.32666389e-06,-5.24808827e-06,-7.87213257e-06
0.00000000e+00,1.38634675e-07,-3.18542588e-07,-4.77814047e-07
0.00000000e+00,-2.35952148e-06,-5.12691611e-06,-7.69037447e-06
0.00000000e+00,-1.41649952e-06,-3.34667255e-06,-5.02000912e-06
0.00000000e+00,-3.74232523e-06,-6.92060549e-06,-1.03809083e-05
0.00000000e+00,-3.84990903e-06,-7.23723826e-06,-1.08558574e-05
0.00000000e+00,-1.78812470e-06,-3.01194312e-06,-4.51791472e-06
0.00000000e+00,-3.56448196e-06,-6.76033820e-06,-1.01405074e-05
0.00000000e+00,-2.17701467e-06,-4.52130326e-06,-6.78195498e-06
0.00000000e+00,-3.96699611e-08,-1.82245257e-07,-2.73367932e-07
0.00000000e+00,-2.08213966e-06,-4.27136556e-06,-6.40704840e-06
0.00000000e+00,2.27103037e-06,4.43859641e-06,6.65789456e-06
0.00000000e+00,1.04034949e-07,4.10894958e-08,6.16341652e-08
0.00000000e+00,2.83177990e-06,5.04440069e-06,7.56660118e-06
0.00000000e+00,2.43279148e-06,4.32988865e-06,6.49483302e-06
0.00000000e+00,6.23073638e-07,6.67471744e-07,1.00120771e-06
0.00000000e+00,2.74447584e-06,4.89403041e-06,7.34104570e-06
0.00000000e+00,2.63049507e-06,4.68299047e-06,7.02448579e-06
0.00000000e+00,3.45625686e-07,1.55153901e-07,2.32730897e-07
0.00000000e+00,2.55641076e-06,4.54424109e-06,6.81636168e-06
0.00000000e+00,2.39652051e-06,4.67497084e-06,7.01245610e-06
0.00000000e+00,2.29634474e-06,4.42569651e-06,6.63854456e-06
0.00000000e+00,2.32122096e-06,4.48849529e-06,6.73274279e-06
0.00000000e+00,1.08423151e-07,9.85913199e-08,1.47886817e-07
0.00000000e+00,-1.65869501e-06,-3.92428541e-06,-5.88642849e-06
0.00000000e+00,1.46260439e-06,2.31823559e-06,3.47735301e-06
0.00000000e+00,1.02477998e-06,1.45737344e-06,2.18605978e-06
0.00000000e+00,0.00000000e+00,0.00000000e+00,0.00000000e+00
0.00000000e+00,-3.36464762e-06,-6.78190722e-06,-1.01728608e-05
0.00000000e+00,-7.13050498e-07,-1.44261928e-06,-2.16392890e-06
0.00000000e+00,-6.02652960e-07,-1.26968194e-06,-1.90452287e-06
0.00000000e+00,-2.89873726e-06,-5.81059530e-06,-8.71589294e-06
0.00000000e+00,-3.18526517e-06,-6.38773742e-06,-9.58160611e-06
0.00000000e+00,-2.84468398e-06,-5.75447919e-06,-8.63171875e-06
0.00000000e+00,-2.01578102e-07,-6.25890326e-07,-9.38835686e-07
0.00000000e+00,0.00000000e+00,0.00000000e+00,0.00000000e+00
0.00000000e+00,-1.24047162e-06,-2.52824109e-06,-3.79236163e-06
0.00000000e+00,0.00000000e+00,0.00000000e+00,0.00000000e+00
0.00000000e+00,6.39580482e-07,1.26579322e-06,1.89868983e-06
0.00000000e+00,-1.97681415e-06,-3.96560124e-06,-5.94840187e-06
0.00000000e+00,0.00000000e+00,0.00000000e+00,0.00000000e+00
0.00000000e+00,7.19394361e-07,1.42748769e-06,2.14123154e-06
0.00000000e+00,-3.39986772e-06,-6.80173450e-06,-1.02026018e-05
0.00000000e+00,-2.91025729e-06,-5.82465218e-06,-8.73697827e-06
0.00000000e+00,-3.52954704e-06,-7.05402496e-06,-1.05810374e-05
0.00000000e+00,-1.01593274e-06,-2.03392658e-06,-3.05088989e-06
0.00000000e+00,0.00000000e+00,0.00000000e+00,0.00000000e+00
0.00000000e+00,0.00000000e+00,0.00000000e+00,0.00000000e+00
0.00000000e+00,0.00000000e+00,0.00000000e+00,0.00000000e+00
0.00000000e+00,1.50015069e-06,3.00471075e-06,4.50706612e-06
0.00000000e+00,9.08684436e-07,1.19752615e-06,1.79628936e-06
0.00000000e+00,-3.45710029e-06,-6.75862213e-06,-1.01379332e-05
0.00000000e+00,0.00000000e+00,0.00000000e+00,0.00000000e+00
0.00000000e+00,-1.96574136e-06,-3.93879818e-06,-5.90819728e-06
0.00000000e+00,-3.03135675e-06,-6.19630102e-06,-9.29445157e-06
0.00000000e+00,-2.69913210e-06,-5.51347743e-06,-8.27021619e-06
0.00000000e+00,-6.72151224e-07,-1.47732677e-06,-2.21599019e-06
0.00000000e+00,-3.63132558e-07,-8.41146078e-07,-1.26171917e-06
0.00000000e+00,2.06331265e-06,4.26008461e-06,6.39012674e-06
0.00000000e+00,1.57698042e-06,3.32167342e-06,4.98251006e-06
0.00000000e+00,-2.29683720e-06,-4.46027224e-06,-6.69040854e-06
0.00000000e+00,1.78699489e-06,3.83881099e-06,5.75821629e-06
0.00000000e+00,1.73163608e-06,3.76673794e-06,5.65010677e-06
0.00000000e+00,1.90786184e-06,3.98607514e-06,5.97911258e-06
0.00000000e+00,-1.15121734e-07,-9.70379900e-08,-1.45557161e-07
0.00000000e+00,-2.82823148e-07,-3.00788455e-07,-4.51182877e-07
0.00000000e+00,-2.66634930e-07,-3.62990915e-07,-5.44486495e-07
0.00000000e+00,2.39786068e-06,4.77372992e-06,7.16059485e-06
0.00000000e+00,-8.18794326e-08,-1.85644607e-07,-2.78466940e-07
0.00000000e+00,2.66759153e-06,4.75333663e-06,7.13000510e-06
0.00000000e+00,4.36586476e-07,3.53118435e-07,5.29677759e-07
0.00000000e+00,2.45371998e-06,4.38783092e-06,6.58174649e-06
0.00000000e+00,6.57346492e-07,1.28797201e-06,1.93195803e-06
0.00000000e+00,-1.05652975e-06,-2.18499230e-06,-3.27748845e-06
0.00000000e+00,3.06049639e-06,6.09312101e-06,9.13968152e-06
0.00000000e+00,1.23955405e-06,2.40809337e-06,3.61214007e-06
0.00000000e+00,-2.36295332e-06,-4.89538117e-06,-7.34307210e-06
0.00000000e+00,-2.44180902e-06,-5.03663766e-06,-7.55495686e-06
0.00000000e+00,1.72187645e-06,3.26228144e-06,4.89342191e-06
0.00000000e+00,1.86988678e-06,3.47039261e-06,5.20558866e-06
0.00000000e+00,-5.01409602e-07,-1.18499012e-06,-1.77748543e-06
0.00000000e+00,-3.53183576e-07,-1.00085776e-06,-1.50128693e-06
0.00000000e+00,-3.32418185e-07,-9.35223762e-07,-1.40283591e-06
0.00000000e+00,1.96657105e-06,3.71081363e-06,5.56622025e-06
0.00000000e+00,2.82827907e-06,5.11947923e-06,7.67921886e-06
0.00000000e+00,2.75393780e-06,4.93885917e-06,7.40828878e-06
0.00000000e+00,7.47735798e-07,9.57774241e-07,1.43666138e-06
0.00000000e+00,2.84596249e-06,5.10311564e-06,7.65467354e-06
0.00000000e+00,8.42331751e-07,1.09500315e-06,1.64250480e-06
0.00000000e+00,1.61820148e-06,3.11072081e-06,4.66608096e-06
0.00000000e+00,1.83312354e-06,3.41986005e-06,5.12978977e-06
0.00000000e+00,-1.64062245e-06,-3.70127600e-06,-5.55191405e-06
0.00000000e+00,2.69899001e-06,4.97795791e-06,7.46693681e-06
0.00000000e+00,4.30556790e-07,4.00197605e-07,6.00296334e-07
0.00000000e+00,-1.47917809e-06,-3.44016932e-06,-5.16025400e-06
0.00000000e+00,2.62039167e-06,4.78012000e-06,7.17017992e-06
0.00000000e+00,5.29086365e-07,6.38010166e-07,9.57015197e-07
0.00000000e+00,6.49022265e-07,8.15937223e-07,1.22390581e-06
0.00000000e+00,7.33726759e-07,8.85090145e-07,1.32763537e-06
0.00000000e+00,-1.58265590e-06,-3.68497268e-06,-5.52745892e-06
0.00000000e+00,-1.20181246e-06,-2.98526941e-06,-4.47790397e-06
0.00000000e+00,-2.52871887e-06,-5.32684809e-06,-7.99027239e-06
0.00000000e+00,-2.54397451e-06,-5.18147751e-06,-7.77221638e-06
0.00000000e+00,-2.33373033e-06,-4.79778692e-06,-7.19668050e-06
0.00000000e+00,0.00000000e+00,0.00000000e+00,0.00000000e+00
0.00000000e+00,0.00000000e+00,0.00000000e+00,0.00000000e+00
0.00000000e+00,0.00000000e+00,0.00000000e+00,0.00000000e+00
0.00000000e+00,3.76961074e-07,7.55390791e-07,1.13308616e-06
0.00000000e+00,2.73508956e-06,5.44734140e-06,8.17101199e-06
0.00000000e+00,2.81242212e-06,5.62694367e-06,8.44041547e-06
0.00000000e+00,2.76587794e-06,5.51804486e-06,8.27706727e-06
0.00000000e+00,3.56261765e-07,6.89414812e-07,1.03412211e-06
0.00000000e+00,1.34664446e-06,2.70713504e-06,4.06070244e-06
0.00000000e+00,-3.02032258e-06,-6.02679607e-06,-9.04019423e-06
0.00000000e+00,-1.08381548e-06,-2.09325193e-06,-3.13987796e-06
0.00000000e+00,-1.06352955e-06,-2.02928908e-06,-3.04393373e-06
0.00000000e+00,-8.37573800e-07,-1.66151326e-06,-2.49227002e-06
0.00000000e+00,-3.27168370e-06,-6.46898502e-06,-9.70347760e-06
0.00000000e+00,-3.20424077e-06,-6.31044881e-06,-9.46567333e-06
0.00000000e+00,2.81479758e-06,5.30317903e-06,7.95476851e-06
0.00000000e+00,8.62081223e-07,1.43377712e-06,2.15066568e-06
0.00000000e+00,-2.68800491e-06,-5.78320015e-06,-8.67480056e-06
0.00000000e+00,-1.80648803e-06,-3.68374484e-06,-5.52561732e-06
0.00000000e+00,2.96835952e-06,5.39685580e-06,8.09528375e-06
0.00000000e+00,9.53254766e-07,1.36598835e-06,2.04898259e-06
0.00000000e+00,2.99385536e-06,5.37975137e-06,8.06962717e-06
0.00000000e+00,-1.94422560e-06,-4.42160091e-06,-6.63240137e-06
0.00000000e+00,-1.77779454e-06,-4.11251928e-06,-6.16877891e-06
0.00000000e+00,3.46176721e-07,1.34805515e-07,2.02208283e-07
0.00000000e+00,2.06842888e-06,4.03306029e-06,6.04959013e-06
0.00000000e+00,2.58243445e-06,4.58397244e-06,6.87595849e-06
0.00000000e+00,2.46026558e-06,4.37382701e-06,6.56074035e-06
0.00000000e+00,-2.60043572e-07,-3.47955558e-07,-5.21933582e-07
0.00000000e+00,1.88047202e-06,3.93323794e-06,5.89985667e-06
0.00000000e+00,-2.04953978e-06,-4.21260219e-06,-6.31890331e-06
0.00000000e+00,-1.62816961e-06,-3.40666052e-06,-5.10999079e-06
0.00000000e+00,-1.88259262e-06,-3.95389075e-06,-5.93083617e-06
0.00000000e+00,3.79945647e-07,5.71844255e-07,8.57766344e-07
0.00000000e+00,-2.69309692e-07,-8.81468605e-07,-1.32220320e-06
0.00000000e+00,-2.39928268e-06,-4.62627956e-06,-6.93941958e-06
0.00000000e+00,2.60085514e-06,5.08797849e-06,7.63196771e-06
0.00000000e+00,2.89228341e-06,5.63408851e-06,8.45113275e-06
0.00000000e+00,6.35966253e-07,1.12211253e-06,1.68316878e-06
0.00000000e+00,2.71343792e-07,4.29726838e-07,6.44590232e-07
0.00000000e+00,2.65208391e-06,5.11576353e-06,7.67364525e-06
0.00000000e+00,2.84163860e-06,5.45130166e-06,8.17695247e-06
0.00000000e+00,-1.89306603e-06,-4.28616336e-06,-6.42924514e-06
0.00000000e+00,3.29790132e-07,1.59227792e-07,2.38841593e-07
0.00000000e+00,-1.83208850e-06,-4.20396340e-06,-6.30594517e-06
0.00000000e+00,-1.61853677e-06,-3.74957538e-06,-5.62436311e-06
0.00000000e+00,-2.43578268e-06,-4.70370211e-06,-7.05555324e-06
0.00000000e+00,0.00000000e+00,0.00000000e+00,0.00000000e+00
0.00000000e+00,-4.83066223e-07,-8.70139739e-07,-1.30520967e-06
0.00000000e+00,-2.79424750e-06,-5.53133469e-06,-8.29700205e-06
0.00000000e+00,-4.29881928e-07,-8.37982241e-07,-1.25697337e-06
0.00000000e+00,-2.71367493e-06,-5.33090606e-06,-7.99635916e-06
0.00000000e+00,-3.13112128e-06,-6.23837732e-06,-9.35756599e-06
0.00000000e+00,-2.97952876e-06,-5.96746064e-06,-8.95119118e-06
0.00000000e+00,-2.62218918e-06,-5.57441209e-06,-8.36161814e-06
0.00000000e+00,1.34355645e-06,2.53323245e-06,3.79984869e-06
0.00000000e+00,-4.19114839e-07,-1.16811427e-06,-1.75217140e-06
0.00000000e+00,1.72867128e-06,3.19378624e-06,4.79067940e-06
0.00000000e+00,-4.75324770e-07,-1.21404321e-06,-1.82106477e-06
0.00000000e+00,-6.62444175e-07,-1.56453450e-06,-2.34680174e-06
0.00000000e+00,1.59698089e-06,2.95390242e-06,4.43085364e-06
0.00000000e+00,1.51481437e-06,2.85214826e-06,4.27822243e-06
0.00000000e+00,0.00000000e+00,0.00000000e+00,0.00000000e+00
0.00000000e+00,-2.40442593e-06,-5.16565411e-06,-7.74848113e-06
0.00000000e+00,-2.48987004e-07,-8.54585740e-07,-1.28187858e-06
0.00000000e+00,-2.48576527e-07,-7.92110610e-07,-1.18816584e-06
0.00000000e+00,3.59784531e-06,7.14819948e-06,1.07222992e-05
0.00000000e+00,3.47551951e-06,6.87931037e-06,1.03189656e-05
0.00000000e+00,1.22550736e-06,2.40446994e-06,3.60670491e-06
0.00000000e+00,3.34250671e-06,6.67042966e-06,1.00056445e-05
0.00000000e+00,0.00000000e+00,0.00000000e+00,0.00000000e+00
0.00000000e+00,-1.01007127e-06,-2.04754674e-06,-3.07132010e-06
0.00000000e+00,0.00000000e+00,0.00000000e+00,0.00000000e+00
0.00000000e+00,-2.09425756e-06,-4.20316918e-06,-6.30475377e-06
0.00000000e+00,-3.74988804e-08,-5.87561892e-07,-8.81342911e-07
0.00000000e+00,2.64895760e-06,4.69315701e-06,7.03973531e-06
0.00000000e+00,-2.82944037e-06,-5.49225897e-06,-8.23838878e-06
0.00000000e+00,-7.10058784e-07,-1.25372965e-06,-1.88059479e-06
0.00000000e+00,-2.63948076e-06,-5.61136397e-06,-8.41704605e-06
0.00000000e+00,1.22015852e-06,2.70382580e-06,4.05573842e-06
0.00000000e+00,-2.83873006e-07,-2.64574826e-07,-3.96862382e-07
0.00000000e+00,-2.36429650e-06,-4.46366789e-06,-6.69550202e-06
0.00000000e+00,-2.27416254e-06,-4.24535913e-06,-6.36803883e-06
0.00000000e+00,-4.32408498e-07,-6.97519376e-07,-1.04627914e-06
0.00000000e+00,-2.40610166e-06,-4.64160584e-06,-6.96240889e-06
0.00000000e+00,0.00000000e+00,0.00000000e+00,0.00000000e+00
0.00000000e+00,0.00000000e+00,0.00000000e+00,0.00000000e+00
0.00000000e+00,-1.06215102e-06,-2.66410175e-06,-3.99615257e-06
0.00000000e+00,-8.73525239e-07,-2.35507891e-06,-3.53261824e-06
0.00000000e+00,1.05947940e-06,1.51018396e-06,2.26527606e-06
0.00000000e+00,2.60250209e-06,4.61030892e-06,6.91546322e-06
0.00000000e+00,2.00900116e-06,3.68430933e-06,5.52646368e-06
0.00000000e+00,-2.90624888e-06,-5.82539235e-06,-8.73808861e-06
0.00000000e+00,1.59898165e-06,3.18504948e-06,4.77757414e-06
0.00000000e+00,-6.75910707e-07,-1.35721260e-06,-2.03581895e-06
0.00000000e+00,-3.24645969e-06,-6.44554402e-06,-9.66831608e-06
0.00000000e+00,-1.14148967e-06,-2.24910694e-06,-3.37366045e-06
0.00000000e+00,1.61505927e-06,3.22477289e-06,4.83715929e-06
0.00000000e+00,-6.49074383e-07,-1.31117012e-06,-1.96675526e-06
0.00000000e+00,-1.01059150e-06,-1.97383554e-06,-2.96075336e-06
0.00000000e+00,1.37582006e-06,2.74316088e-06,4.11474110e-06
0.00000000e+00,1.19454863e-06,2.45652146e-06,3.68478203e-06
0.00000000e+00,1.05624375e-06,2.25967941e-06,3.38951895e-06
0.00000000e+00,-8.92275466e-07,-1.71544409e-06,-2.57316636e-06
0.00000000e+00,-8.02178049e-07,-1.61334788e-06,-2.42002204e-06
0.00000000e+00,-1.07086026e-06,-1.99459284e-06,-2.99188942e-06
0.00000000e+00,1.03120038e-06,2.04477681e-06,3.06716524e-06
0.00000000e+00,0.00000000e+00,0.00000000e+00,0.00000000e+00
0.00000000e+00,-1.99548097e-07,-4.11038020e-07,-6.16557021e-07
0.00000000e+00,-8.80577662e-07,-1.81306846e-06,-2.71960266e-06
0.00000000e+00,1.69853803e-06,3.33201710e-06,4.99802569e-06
0.00000000e+00,0.00000000e+00,0.00000000e+00,0.00000000e+00
0.00000000e+00,7.77569047e-07,1.58927877e-06,2.38391815e-06
0.00000000e+00,1.93620236e-06,3.91121410e-06,5.86682116e-06
0.00000000e+00,-5.09889512e-07,-9.82334855e-07,-1.47350228e-06
0.00000000e+00,7.46951959e-07,1.56519065e-06,2.34778598e-06
0.00000000e+00,1.76691590e-06,3.55021260e-06,5.32531890e-06
0.00000000e+00,-1.50566196e-06,-2.94039195e-06,-4.41058793e-06
0.00000000e+00,-1.15889232e-06,-1.64927515e-06,-2.47391292e-06
0.00000000e+00,9.31280775e-07,2.34802816e-06,3.52204202e-06
0.00000000e+00,7.78909928e-07,2.22570423e-06,3.33855615e-06
0.00000000e+00,1.16189586e-06,2.78294513e-06,4.17441744e-06
0.00000000e+00,3.00689866e-06,5.72334772e-06,8.58502157e-06
0.00000000e+00,9.99010644e-07,1.93531891e-06,2.90297836e-06
0.00000000e+00,1.65454919e-06,3.29892441e-06,4.94838662e-06
0.00000000e+00,-3.81724940e-07,-1.05186545e-06,-1.57779829e-06
0.00000000e+00,0.00000000e+00,0.00000000e+00,0.00000000e+00
0.00000000e+00,-2.35371023e-06,-4.81076472e-06,-7.21614712e-06
0.00000000e+00,4.07231521e-06,7.51260601e-06,1.12689087e-05
0.00000000e+00,3.21131807e-06,6.41026687e-06,9.61540030e-06
0.00000000e+00,-4.46589676e-06,-9.56368520e-06,-1.43455281e-05
0.00000000e+00,-2.97368698e-06,-5.98386263e-06,-8.97579396e-06
0.00000000e+00,1.48908540e-07,2.36670415e-07,3.55005609e-07
0.00000000e+00,-2.02195014e-07,-4.82646609e-07,-7.23969940e-07
0.00000000e+00,-6.58544598e-07,-1.35273437e-06,-2.02910157e-06
0.00000000e+00,2.59146052e-06,5.12103775e-06,7.68155661e-06
0.00000000e+00,2.14400097e-06,3.77010169e-06,5.65515214e-06
0.00000000e+00,-1.80139517e-06,-4.00941483e-06,-6.01412232e-06
0.00000000e+00,3.80134438e-07,3.53740742e-07,5.30611030e-07
0.00000000e+00,5.06848373e-07,6.66196614e-07,9.99294865e-07
0.00000000e+00,1.27181839e-07,1.64806011e-07,2.47208908e-07
0.00000000e+00,-2.25618737e-06,-4.60188297e-06,-6.90282457e-06
0.00000000e+00,2.16443638e-06,3.81698656e-06,5.72547976e-06
0.00000000e+00,-6.84299388e-07,-1.43830625e-06,-2.15745959e-06
0.00000000e+00,-9.57243831e-07,-1.84730744e-06,-2.77096131e-06
0.00000000e+00,-3.19874776e-06,-6.25006902e-06,-9.37510369e-06
0.00000000e+00,-3.11087252e-06,-6.15439569e-06,-9.23159369e-06
0.00000000e+00,2.09757899e-06,4.20512880e-06,6.30769318e-06
0.00000000e+00,2.73782932e-06,5.49476847e-06,8.24215263e-06
0.00000000e+00,-3.28245406e-06,-6.71904268e-06,-1.00785640e-05
0.00000000e+00,-2.68176993e-06,-5.62717676e-06,-8.44076510e-06
0.00000000e+00,-2.99344041e-06,-6.16448821e-06,-9.24673229e-06
0.00000000e+00,-2.92070231e-06,-6.08115847e-06,-9.12173769e-06
0.00000000e+00,-7.41943542e-07,-1.66097073e-06,-2.49145606e-06
0.00000000e+00,-9.74909031e-07,-2.10331311e-06,-3.15496966e-06
0.00000000e+00,-2.30543619e-06,-4.81929880e-06,-7.22894839e-06
0.00000000e+00,-2.25887606e-06,-4.67151163e-06,-7.00726759e-06
0.00000000e+00,-5.89286498e-07,-9.32542108e-07,-1.39881347e-06
0.00000000e+00,2.71173921e-06,4.87259889e-06,7.30889832e-06
0.00000000e+00,2.69852776e-06,4.88461106e-06,7.32691655e-06
0.00000000e+00,1.49676938e-06,3.23974008e-06,4.85960982e-06
0.00000000e+00,2.41954021e-06,4.33893696e-06,6.50840505e-06
0.00000000e+00,2.38304463e-06,4.79729038e-06,7.19593542e-06
0.00000000e+00,2.18982067e-06,4.47077072e-06,6.70615597e-06
0.00000000e+00,-6.62460891e-08,-4.19717539e-08,-6.29577391e-08
0.00000000e+00,1.00009407e-07,2.30979273e-07,3.46468763e-07
0.00000000e+00,1.32557969e-07,5.52302574e-08,8.28452583e-08
0.00000000e+00,-2.07502451e-06,-4.37225359e-06,-6.55838051e-06
0.00000000e+00,1.29454562e-07,3.66731605e-08,5.50096188e-08
0.00000000e+00,2.12441450e-06,4.23358432e-06,6.35037647e-06
0.00000000e+00,1.62195531e-06,3.26677460e-06,4.90016155e-06
0.00000000e+00,-2.95615299e-06,-6.28417406e-06,-9.42626146e-06
0.00000000e+00,-2.65824321e-06,-5.48274619e-06,-8.22411951e-06
0.00000000e+00,-2.77220623e-06,-5.63939022e-06,-8.45908551e-06
0.00000000e+00,2.08805544e-06,3.72661984e-06,5.58992975e-06
0.00000000e+00,2.35432100e-06,4.17536911e-06,6.26305366e-06
0.00000000e+00,2.04533333e-07,-1.24760767e-07,-1.87141156e-07
0.00000000e+00,2.19265603e-06,3.88654788e-06,5.82982179e-06
0.00000000e+00,2.25779512e-06,4.02082213e-06,6.03123321e-06
0.00000000e+00,1.02877463e-08,-4.78609896e-07,-7.17914878e-07
0.00000000e+00,-3.46323738e-07,-1.02773406e-06,-1.54160142e-06
0.00000000e+00,4.62135721e-07,3.48532596e-07,5.22798898e-07
0.00000000e+00,5.04345690e-07,4.35461422e-07,6.53192121e-07
0.00000000e+00,2.58472611e-06,4.59435995e-06,6.89153993e-06
0.00000000e+00,0.00000000e+00,0.00000000e+00,0.00000000e+00
0.00000000e+00,-4.05886278e-06,-8.08370136e-06,-1.21255520e-05
0.00000000e+00,-2.25910149e-06,-4.47980193e-06,-6.71970289e-06
0.00000000e+00,-9.32397657e-07,-1.84882424e-06,-2.77323636e-06
0.00000000e+00,-3.55346320e-06,-7.08952941e-06,-1.06342941e-05
0.00000000e+00,-3.75154181e-06,-7.43176267e-06,-1.11476440e-05
0.00000000e+00,-1.70583777e-06,-3.37813333e-06,-5.06720001e-06
0.00000000e+00,0.00000000e+00,0.00000000e+00,0.00000000e+00
0.00000000e+00,0.00000000e+00,0.00000000e+00,0.00000000e+00
0.00000000e+00,-2.60780282e-06,-5.57450881e-06,-8.36176326e-06
0.00000000e+00,-2.46671653e-06,-5.33948413e-06,-8.00922623e-06
0.00000000e+00,2.51049511e-06,4.91405213e-06,7.37107814e-06
0.00000000e+00,-2.16024451e-06,-4.28899659e-06,-6.43349503e-06
0.00000000e+00,-2.33438511e-06,-4.57797706e-06,-6.86696570e-06
0.00000000e+00,0.00000000e+00,0.00000000e+00,0.00000000e+00
0.00000000e+00,1.79946897e-06,3.69618774e-06,5.54428154e-06
0.00000000e+00,-4.25883257e-07,-7.96757058e-07,-1.19513561e-06
0.00000000e+00,1.18176022e-06,2.41918699e-06,3.62878047e-06
0.00000000e+00,2.35483777e-06,4.73279105e-06,7.09918656e-06
0.00000000e+00,0.00000000e+00,0.00000000e+00,0.00000000e+00
0.00000000e+00,-2.06216638e-06,-4.40489954e-06,-6.60734944e-06
0.00000000e+00,-2.03063499e-06,-4.39661250e-06,-6.59491888e-06
0.00000000e+00,-3.64624976e-06,-7.38010044e-06,-1.10701507e-05
0.00000000e+00,-3.46299062e-06,-7.05134815e-06,-1.05770222e-05
0.00000000e+00,-1.24555375e-06,-2.57811472e-06,-3.86717207e-06
0.00000000e+00,0.00000000e+00,0.00000000e+00,0.00000000e+00
0.00000000e+00,-2.14525017e-06,-4.34587937e-06,-6.51881911e-06
0.00000000e+00,-1.61562561e-06,-2.59096559e-06,-3.88644848e-06
0.00000000e+00,-3.52340804e-06,-6.58099684e-06,-9.87149535e-06
0.00000000e+00,-3.54957210e-06,-6.45940559e-06,-9.68910848e-06
0.00000000e+00,2.36165080e-06,4.26412349e-06,6.39618484e-06
0.00000000e+00,0.00000000e+00,0.00000000e+00,0.00000000e+00
0.00000000e+00,-2.75782277e-06,-5.52993152e-06,-8.29489727e-06
0.00000000e+00,-1.12195208e-06,-2.36872831e-06,-3.55309248e-06
0.00000000e+00,1.22785219e-06,2.33030941e-06,3.49546411e-06
0.00000000e+00,1.16554418e-06,2.24321694e-06,3.36482543e-06
0.00000000e+00,-2.36159341e-06,-4.68774649e-06,-7.03162000e-06
0.00000000e+00,-1.24742051e-07,-2.97414901e-07,-4.46122616e-07
0.00000000e+00,8.77798992e-10,-6.45480043e-09,-9.68239260e-09
0.00000000e+00,2.35166373e-06,4.64410039e-06,6.96615040e-06
0.00000000e+00,-6.44987853e-08,-2.43744292e-07,-3.65616696e-07
0.00000000e+00,-2.33075472e-06,-4.70891281e-06,-7.06336948e-06
0.00000000e+00,4.55234946e-08,3.13448661e-08,4.70171165e-08
0.00000000e+00,1.89370929e-06,3.49213616e-06,5.23820431e-06
0.00000000e+00,-1.76102329e-06,-3.98274419e-06,-5.97411636e-06
0.00000000e+00,1.62982882e-06,3.00158651e-06,4.50237974e-06
0.00000000e+00,1.77957502e-06,3.28617178e-06,4.92925759e-06
0.00000000e+00,-5.47377941e-07,-1.36121323e-06,-2.04181991e-06
0.00000000e+00,-8.31595400e-07,-1.83662638e-06,-2.75493960e-06
0.00000000e+00,-2.99675255e-06,-6.17295982e-06,-9.25943977e-06
0.00000000e+00,-4.64343056e-07,-1.20170229e-06,-1.80255353e-06
0.00000000e+00,1.70487811e-06,3.14311215e-06,4.71466817e-06
0.00000000e+00,-6.71755735e-07,-1.52267983e-06,-2.28401978e-06
0.00000000e+00,1.67175041e-07,-1.36861522e-07,-2.05292224e-07
0.00000000e+00,2.26003980e-06,4.04932945e-06,6.07399423e-06
0.00000000e+00,1.63728446e-06,3.14102124e-06,4.71153182e-06
0.00000000e+00,2.00216047e-06,3.88918926e-06,5.83378383e-06
0.00000000e+00,-2.12270067e-06,-4.42471559e-06,-6.63707345e-06
0.00000000e+00,2.42442710e-06,4.66961291e-06,7.00441931e-06
0.00000000e+00,-5.71247238e-08,-2.21318492e-07,-3.31977778e-07
0.00000000e+00,2.16257983e-06,4.24622513e-06,6.36933767e-06
0.00000000e+00,1.70150355e-07,1.95865022e-07,2.93797492e-07
0.00000000e+00,1.50603074e-07,1.22390851e-07,1.83586217e-07
0.00000000e+00,2.26438425e-06,4.42099293e-06,6.63148935e-06
0.00000000e+00,2.47359162e-06,4.80217348e-06,7.20326018e-06
0.00000000e+00,0.00000000e+00,0.00000000e+00,0.00000000e+00
0.00000000e+00,-3.02815030e-06,-6.06604502e-06,-9.09906753e-06
0.00000000e+00,-5.38638246e-07,-1.08587009e-06,-1.62880513e-06
0.00000000e+00,1.93756539e-06,3.84582029e-06,5.76873039e-06
0.00000000e+00,-3.72998404e-07,-7.75332740e-07,-1.16299916e-06
0.00000000e+00,2.53422011e-06,4.52910311e-06,6.79365454e-06
0.00000000e+00,2.43772155e-07,-5.23856873e-08,-7.85786507e-08
0.00000000e+00,-2.11558610e-06,-4.40236504e-06,-6.60354766e-06
0.00000000e+00,-2.94954262e-06,-5.82110544e-06,-8.73165845e-06
0.00000000e+00,-9.27268111e-07,-1.71008509e-06,-2.56512788e-06
0.00000000e+00,-3.05874799e-06,-5.97275965e-06,-8.95913972e-06
0.00000000e+00,-2.24860182e-06,-4.55919308e-06,-6.83878963e-06
0.00000000e+00,-2.55008943e-06,-5.17914593e-06,-7.76871892e-06
0.00000000e+00,-2.39185595e-06,-5.02010868e-06,-7.53016319e-06
0.00000000e+00,1.91123148e-06,3.46586994e-06,5.19880494e-06
0.00000000e+00,-3.17942966e-06,-6.15316986e-06,-9.22975498e-06
0.00000000e+00,-1.28290819e-06,-2.29235532e-06,-3.43853310e-06
0.00000000e+00,-1.07511005e-06,-1.94465039e-06,-2.91697578e-06
0.00000000e+00,-1.42212798e-07,-3.89068256e-07,-5.83602689e-07
0.00000000e+00,-2.39131078e-06,-5.07752981e-06,-7.61629465e-06
0.00000000e+00,2.14441920e-07,-7.50603978e-08,-1.12590732e-07
0.00000000e+00,2.50712852e-06,4.56265888e-06,6.84398821e-06
0.00000000e+00,2.46191600e-06,4.42051828e-06,6.63077728e-06
0.00000000e+00,1.52221172e-06,3.18364892e-06,4.77547304e-06
0.00000000e+00,-2.10268106e-06,-4.42601663e-06,-6.63902505e-06
0.00000000e+00,1.28256501e-07,3.39916272e-08,5.09873459e-08
0.00000000e+00,1.22327693e-07,2.41127885e-08,3.61690748e-08
0.00000000e+00,7.89779453e-07,1.85308398e-06,2.77962584e-06
0.00000000e+00,1.02958610e-06,2.26495369e-06,3.39743035e-06
0.00000000e+00,8.03121928e-07,1.13464910e-06,1.70197365e-06
0.00000000e+00,-1.28776511e-06,-3.04675663e-06,-4.57013495e-06
0.00000000e+00,-2.06937486e-06,-4.34863851e-06,-6.52295789e-06
0.00000000e+00,2.69199587e-06,5.03622025e-06,7.55433032e-06
0.00000000e+00,2.82448489e-06,5.24714797e-06,7.87072194e-06
0.00000000e+00,6.84669994e-07,9.67254936e-07,1.45088238e-06
0.00000000e+00,1.85224677e-06,3.36001427e-06,5.04002127e-06
0.00000000e+00,1.80334830e-06,3.27450898e-06,4.91176338e-06
0.00000000e+00,-2.58391486e-06,-5.18984109e-06,-7.78476167e-06
0.00000000e+00,-5.23138520e-07,-1.10032022e-06,-1.65048045e-06
0.00000000e+00,1.86847630e-06,3.68703601e-06,5.53055393e-06
0.00000000e+00,1.69933341e-06,3.34477524e-06,5.01716274e-06
0.00000000e+00,2.70507313e-06,5.36071356e-06,8.04107025e-06
0.00000000e+00,-1.32423589e-06,-2.76089326e-06,-4.14133989e-06
0.00000000e+00,9.66467375e-07,1.82132789e-06,2.73199183e-06
0.00000000e+00,6.71715713e-07,1.26670961e-06,1.90006441e-06
0.00000000e+00,3.27887451e-06,6.44555366e-06,9.66833048e-06
0.00000000e+00,3.03853383e-06,5.99954004e-06,8.99931005e-06
0.00000000e+00,-2.88694379e-06,-6.03187597e-06,-9.04781398e-06
0.00000000e+00,-6.28602213e-07,-1.51511663e-06,-2.27267498e-06
0.00000000e+00,-2.80569562e-06,-5.87772977e-06,-8.81659472e-06
0.00000000e+00,-3.15537512e-06,-6.48469255e-06,-9.72703886e-06
0.00000000e+00,0.00000000e+00,0.00000000e+00,0.00000000e+00
0.00000000e+00,0.00000000e+00,0.00000000e+00,0.00000000e+00
0.00000000e+00,1.87648120e-06,3.74298571e-06,5.61447857e-06
0.00000000e+00,2.77599182e-06,5.07013486e-06,7.60520226e-06
0.00000000e+00,-8.10589472e-07,-1.82482948e-06,-2.73724422e-06
0.00000000e+00,-3.09068551e-06,-6.38540289e-06,-9.57810435e-06
0.00000000e+00,1.07955960e-06,2.25709350e-06,3.38564014e-06
0.00000000e+00,1.10562227e-06,2.28572437e-06,3.42858649e-06
0.00000000e+00,9.33837767e-07,1.83424900e-06,2.75137349e-06
0.00000000e+00,3.25266592e-06,6.47096946e-06,9.70645419e-06
0.00000000e+00,-3.02275974e-06,-6.16469208e-06,-9.24703807e-06
0.00000000e+00,-7.14086536e-07,-1.54676341e-06,-2.32014507e-06
0.00000000e+00,-2.41127760e-06,-4.93017388e-06,-7.39526086e-06
0.00000000e+00,-2.12967931e-06,-4.40425831e-06,-6.60638750e-06
0.00000000e+00,2.47105083e-06,4.38523196e-06,6.57784795e-06
0.00000000e+00,-1.38868769e-07,-1.84508343e-07,-2.76762737e-07
0.00000000e+00,-2.31738581e-06,-4.54129378e-06,-6.81194089e-06
0.00000000e+00,-1.45476575e-06,-3.31160979e-06,-4.96741470e-06
0.00000000e+00,-1.68480239e-06,-3.71703074e-06,-5.57554616e-06
0.00000000e+00,-1.92706901e-06,-4.32507915e-06,-6.48761867e-06
0.00000000e+00,-2.24837690e-06,-4.94649257e-06,-7.41973886e-06
0.00000000e+00,-2.16860028e-06,-4.83590554e-06,-7.25385834e-06
0.00000000e+00,1.28548131e-07,-2.38025612e-07,-3.57038402e-07
0.00000000e+00,-8.03296667e-08,-6.10621505e-07,-9.15932267e-07
0.00000000e+00,1.85630666e-06,3.42472682e-06,5.13709011e-06
0.00000000e+00,2.56915539e-06,4.73194820e-06,7.09792222e-06
0.00000000e+00,1.63434382e-07,-2.92210739e-07,-4.38316458e-07
0.00000000e+00,6.28073024e-07,6.24694507e-07,9.37041401e-07
0.00000000e+00,-7.55041785e-07,-1.51256317e-06,-2.26884486e-06
0.00000000e+00,-2.97183589e-06,-5.94592131e-06,-8.91888206e-06
0.00000000e+00,4.36204001e-06,8.07694308e-06,1.21154143e-05
0.00000000e+00,-1.03941155e-06,-2.07094269e-06,-3.10641403e-06
0.00000000e+00,8.80595819e-07,1.77933346e-06,2.66900017e-06
0.00000000e+00,-1.62116079e-06,-3.22470731e-06,-4.83706099e-06
0.00000000e+00,-3.53183725e-06,-7.05525611e-06,-1.05828842e-05
0.00000000e+00,2.89330145e-06,5.31518309e-06,7.97277464e-06
0.00000000e+00,-4.56637731e-06,-9.77971407e-06,-1.46695714e-05
0.00000000e+00,-1.51355483e-06,-2.95688001e-06,-4.43532003e-06
0.00000000e+00,7.76803862e-07,1.62406851e-06,2.43610274e-06
0.00000000e+00,-3.40300847e-06,-6.90298588e-06,-1.03544788e-05
0.00000000e+00,-1.06110956e-06,-2.21844492e-06,-3.32766736e-06
0.00000000e+00,-2.20370275e-06,-4.82481590e-06,-7.23722381e-06
0.00000000e+00,-6.67151128e-08,-5.51105071e-07,-8.26657576e-07
0.00000000e+00,-2.41770261e-07,-1.10260002e-06,-1.65390037e-06
0.00000000e+00,2.64225717e-06,4.71198102e-06,7.06797152e-06
0.00000000e+00,1.28400511e-06,1.98668736e-06,2.98003069e-06
0.00000000e+00,-1.76356859e-06,-4.10795469e-06,-6.16193240e-06
0.00000000e+00,-4.00409890e-06,-7.99028265e-06,-1.19854240e-05
0.00000000e+00,1.50082618e-06,3.01058555e-06,4.51587832e-06
0.00000000e+00,0.00000000e+00,0.00000000e+00,0.00000000e+00
0.00000000e+00,1.49993304e-06,2.82612700e-06,4.23919047e-06
0.00000000e+00,1.47708959e-06,2.75036678e-06,4.12555017e-06
0.00000000e+00,2.01416284e-06,4.06393426e-06,6.09590112e-06
0.00000000e+00,2.04713455e-06,4.18778265e-06,6.28167375e-06
0.00000000e+00,2.27860776e-06,4.54939903e-06,6.82409836e-06
0.00000000e+00,-1.74301675e-07,-3.13523294e-07,-4.70285207e-07
0.00000000e+00,-2.06167466e-06,-4.35262650e-06,-6.52893983e-06
0.00000000e+00,-1.94558279e-06,-4.11517812e-06,-6.17276724e-06
0.00000000e+00,1.76767351e-07,1.24584976e-07,1.86877382e-07
0.00000000e+00,-1.63472082e-06,-3.84193407e-06,-5.76290111e-06
0.00000000e+00,0.00000000e+00,0.00000000e+00,0.00000000e+00
0.00000000e+00,0.00000000e+00,0.00000000e+00,0.00000000e+00
0.00000000e+00,1.86755852e-07,3.07980676e-07,4.61970877e-07
0.00000000e+00,-2.15754646e-06,-4.38055006e-06,-6.57082523e-06
0.00000000e+00,2.11797239e-08,-8.15069410e-08,-1.22260623e-07
0.00000000e+00,-2.25668213e-06,-4.57265580e-06,-6.85898388e-06
0.00000000e+00,-2.23659181e-06,-4.59637538e-06,-6.89456328e-06
0.00000000e+00,2.33811853e-06,4.46645372e-06,6.69968045e-06
0.00000000e+00,2.08973778e-06,4.13209188e-06,6.19813755e-06
0.00000000e+00,0.00000000e+00,0.00000000e+00,0.00000000e+00
0.00000000e+00,0.00000000e+00,0.00000000e+00,0.00000000e+00
0.00000000e+00,2.33116280e-06,4.44012820e-06,6.66019218e-06
0.00000000e+00,1.00768135e-07,2.86024423e-08,4.29035933e-08
0.00000000e+00,2.37664913e-06,4.58001909e-06,6.87002856e-06
0.00000000e+00,1.86916801e-06,3.70183428e-06,5.55275141e-06
0.00000000e+00,0.00000000e+00,0.00000000e+00,0.00000000e+00
0.00000000e+00,-3.79778447e-06,-7.52520112e-06,-1.12878017e-05
0.00000000e+00,-2.35707310e-06,-4.81798084e-06,-7.22697156e-06
0.00000000e+00,2.98241289e-07,3.72825671e-07,5.59238446e-07
0.00000000e+00,2.53886553e-06,4.85371072e-06,7.28056602e-06
0.00000000e+00,1.94422074e-06,3.49592128e-06,5.24388191e-06
0.00000000e+00,-1.25983380e-07,-7.14933070e-07,-1.07239965e-06
0.00000000e+00,2.05833665e-06,3.65421918e-06,5.48132873e-06
0.00000000e+00,1.46324245e-06,2.92409035e-06,4.38613543e-06
0.00000000e+00,-1.91057826e-06,-4.27267626e-06,-6.40901450e-06
0.00000000e+00,-2.03522690e-06,-4.57391109e-06,-6.86086676e-06
0.00000000e+00,2.99341314e-07,1.46784196e-07,2.20176187e-07
0.00000000e+00,-3.94081523e-07,-8.38120220e-07,-1.25718042e-06
0.00000000e+00,5.63146531e-06,1.06797386e-05,1.60196075e-05
0.00000000e+00,-5.60782632e-06,-1.17984455e-05,-1.76976687e-05
0.00000000e+00,-2.74943214e-06,-5.55272326e-06,-8.32908500e-06
0.00000000e+00,1.60059098e-06,3.08210413e-06,4.62315624e-06
0.00000000e+00,-2.10604934e-06,-4.43485657e-06,-6.65228495e-06
0.00000000e+00,1.69133017e-06,3.08818669e-06,4.63228002e-06
0.00000000e+00,-4.73577373e-07,-1.27060475e-06,-1.90590718e-06
0.00000000e+00,1.75461391e-06,3.18590513e-06,4.77885763e-06
0.00000000e+00,-1.67551667e-06,-3.42845364e-06,-5.14268047e-06
0.00000000e+00,-1.66087223e-06,-3.89671746e-06,-5.84507618e-06
0.00000000e+00,-2.91675160e-06,-5.69760398e-06,-8.54640628e-06
0.00000000e+00,-2.70153814e-06,-5.73679995e-06,-8.60520024e-06
0.00000000e+00,2.45076099e-06,4.81205578e-06,7.21808356e-06
0.00000000e+00,-2.93796247e-06,-5.89890641e-06,-8.84835978e-06
0.00000000e+00,-7.54266465e-07,-1.53186017e-06,-2.29779042e-06
0.00000000e+00,1.43150050e-06,2.83996219e-06,4.25994313e-06
0.00000000e+00,-2.66489264e-06,-5.37957048e-06,-8.06935581e-06
0.00000000e+00,1.21486346e-06,2.47710481e-06,3.71565717e-06
0.00000000e+00,1.13771859e-06,2.30932344e-06,3.46398512e-06
0.00000000e+00,-3.66756326e-06,-7.37982382e-06,-1.10697357e-05
0.00000000e+00,-1.21856472e-06,-2.48085971e-06,-3.72128955e-06
0.00000000e+00,2.41751447e-06,4.60587662e-06,6.90881485e-06
0.00000000e+00,2.07336048e-06,3.72928690e-06,5.59393038e-06
0.00000000e+00,-2.56389554e-06,-5.49331839e-06,-8.23997790e-06
0.00000000e+00,-2.43373131e-06,-5.20916992e-06,-7.81375517e-06
0.00000000e+00,1.57135784e-06,3.09225064e-06,4.63837582e-06
0.00000000e+00,-6.24651909e-07,-1.30004127e-06,-1.95006205e-06
0.00000000e+00,-2.40443422e-07,-8.73654615e-07,-1.31048193e-06
0.00000000e+00,-2.18609473e-06,-4.54555299e-06,-6.81832956e-06
0.00000000e+00,-3.35639212e-06,-6.43936380e-06,-9.65904582e-06
0.00000000e+00,2.28420800e-06,4.44487370e-06,6.66731034e-06
0.00000000e+00,2.49665395e-06,4.92808792e-06,7.39213174e-06
0.00000000e+00,8.58639104e-07,1.08162287e-06,1.62243396e-06
0.00000000e+00,-8.11950019e-07,-2.25943712e-06,-3.38915603e-06
0.00000000e+00,2.35102632e-06,4.48142015e-06,6.72213012e-06
0.00000000e+00,1.65238835e-06,3.12565890e-06,4.68848831e-06
0.00000000e+00,-2.78453238e-07,-4.49746973e-07,-6.74620746e-07
0.00000000e+00,-2.42595640e-06,-5.24441847e-06,-7.86662771e-06
0.00000000e+00,-2.42711701e-06,-4.74666227e-06,-7.11999369e-06
0.00000000e+00,-5.42979724e-07,-1.38048352e-06,-2.07072530e-06
0.00000000e+00,-2.77485870e-06,-5.84425313e-06,-8.76637972e-06
0.00000000e+00,-4.84903722e-07,-1.19208238e-06,-1.78812365e-06
0.00000000e+00,1.78759462e-06,3.35280198e-06,5.02920290e-06
0.00000000e+00,-1.19822485e-06,-2.99876053e-06,-4.49814112e-06
0.00000000e+00,-3.00350755e-06,-6.01234258e-06,-9.01851392e-06
0.00000000e+00,-3.45453574e-06,-6.87507242e-06,-1.03126087e-05
0.00000000e+00,-1.99958246e-06,-4.49390510e-06,-6.74085763e-06
0.00000000e+00,3.66759418e-07,1.31529700e-07,1.97294221e-07
0.00000000e+00,-2.31525151e-06,-5.09309338e-06,-7.63964011e-06
0.00000000e+00,-2.28584654e-06,-4.57953104e-06,-6.86929675e-06
0.00000000e+00,1.86159684e-06,3.83079957e-06,5.74619907e-06
0.00000000e+00,-2.76361355e-06,-5.74915974e-06,-8.62373969e-06
0.00000000e+00,1.29702760e-06,2.49713409e-06,3.74570116e-06
0.00000000e+00,-2.67366325e-06,-5.37664270e-06,-8.06496410e-06
0.00000000e+00,-2.69996261e-06,-5.72303254e-06,-8.58454887e-06
0.00000000e+00,-1.59415898e-06,-3.22271665e-06,-4.83407498e-06
0.00000000e+00,-2.03703537e-06,-4.61322654e-06,-6.91983992e-06
0.00000000e+00,1.40686186e-06,2.98073527e-06,4.47110258e-06
0.00000000e+00,2.36361803e-06,4.50451152e-06,6.75676718e-06
0.00000000e+00,1.97305871e-06,3.92873187e-06,5.89309750e-06
0.00000000e+00,-2.09452622e-07,-4.36794543e-07,-6.55192120e-07
0.00000000e+00,-2.82142458e-06,-5.69328301e-06,-8.53992465e-06
0.00000000e+00,1.34614515e-06,2.64756979e-06,3.97135470e-06
0.00000000e+00,-2.39691599e-06,-4.81105851e-06,-7.21658806e-06
0.00000000e+00,-3.47218345e-07,-1.31258579e-06,-1.96887901e-06
0.00000000e+00,-1.43522998e-07,-8.82268478e-07,-1.32340310e-06
0.00000000e+00,-3.04558789e-07,-1.20042289e-06,-1.80063468e-06
0.00000000e+00,-1.01092850e-08,-6.44788838e-07,-9.67183623e-07
0.00000000e+00,-1.69030053e-07,-9.19218233e-07,-1.37882772e-06
