0.00000000e+00,0.00000000e+00,0.00000000e+00,0.00000000e+00
0.00000000e+00,0.00000000e+00,0.00000000e+00,0.00000000e+00
0.00000000e+00,0.00000000e+00,0.00000000e+00,0.00000000e+00
0.00000000e+00,0.00000000e+00,0.00000000e+00,0.00000000e+00
0.00000000e+00,5.22797830e-06,1.04560182e-05,1.56840115e-05
0.00000000e+00,1.06925455e-05,2.13851596e-05,3.20775491e-05
0.00000000e+00,1.09504858e-05,2.19007189e-05,3.28513716e-05
0.00000000e+00,5.34983225e-06,1.06995659e-05,1.60493185e-05
0.00000000e+00,0.00000000e+00,0.00000000e+00,0.00000000e+00
0.00000000e+00,0.00000000e+00,0.00000000e+00,0.00000000e+00
0.00000000e+00,0.00000000e+00,0.00000000e+00,0.00000000e+00
0.00000000e+00,0.00000000e+00,0.00000000e+00,0.00000000e+00
0.00000000e+00,2.85270211e-06,5.70539595e-06,8.55805939e-06
0.00000000e+00,5.86803616e-06,1.17361046e-05,1.76041365e-05
0.00000000e+00,6.06176996e-06,1.21235174e-05,1.81852701e-05
0.00000000e+00,2.93765534e-06,5.87522709e-06,8.81279642e-06
0.00000000e+00,7.90785339e-06,1.58158015e-05,2.37236189e-05
0.00000000e+00,1.07962611e-05,2.15924549e-05,3.23887359e-05
0.00000000e+00,8.09378461e-06,1.61873954e-05,2.42812196e-05
0.00000000e+00,5.27597533e-06,1.05519627e-05,1.58279162e-05
0.00000000e+00,7.72444350e-06,1.54490344e-05,2.31732919e-05
0.00000000e+00,1.54657262e-05,3.09317143e-05,4.63970349e-05
0.00000000e+00,1.54722506e-05,3.09445907e-05,4.64171948e-05
0.00000000e+00,7.73404049e-06,1.54679749e-05,2.32017757e-05
0.00000000e+00,6.83966230e-06,1.36793376e-05,2.05188452e-05
0.00000000e+00,1.38270481e-05,2.76542026e-05,4.14812071e-05
0.00000000e+00,1.39678858e-05,2.79357405e-05,4.19035303e-05
0.00000000e+00,6.91412742e-06,1.38280621e-05,2.07419421e-05
0.00000000e+00,1.15941558e-05,2.31885808e-05,3.47824639e-05
0.00000000e+00,1.54720359e-05,3.09442167e-05,4.64161538e-05
0.00000000e+00,1.16063697e-05,2.32127049e-05,3.48191363e-05
0.00000000e+00,7.72972494e-06,1.54595190e-05,2.31890944e-05
0.00000000e+00,8.21527491e-06,1.64306823e-05,2.46457999e-05
0.00000000e+00,1.63436217e-05,3.26876777e-05,4.90312072e-05
0.00000000e+00,1.62535247e-05,3.25067146e-05,4.87603887e-05
0.00000000e+00,8.16979635e-06,1.63394378e-05,2.45090245e-05
0.00000000e+00,8.10869420e-06,1.62174294e-05,2.43259161e-05
0.00000000e+00,1.61554834e-05,3.23111645e-05,4.84666547e-05
0.00000000e+00,1.60872606e-05,3.21744631e-05,4.82615408e-05
0.00000000e+00,8.07827723e-06,1.61563193e-05,2.42342323e-05
0.00000000e+00,1.23005428e-05,2.46014326e-05,3.69018945e-05
0.00000000e+00,1.63064634e-05,3.26129483e-05,4.89193194e-05
0.00000000e+00,1.22315914e-05,2.44630147e-05,3.66946335e-05
0.00000000e+00,8.19719661e-06,1.63944185e-05,2.45914549e-05
0.00000000e+00,7.72447070e-06,1.54489606e-05,2.31732872e-05
0.00000000e+00,1.54654801e-05,3.09313245e-05,4.63969442e-05
0.00000000e+00,1.54728088e-05,3.09450509e-05,4.64173836e-05
0.00000000e+00,7.73413107e-06,1.54680061e-05,2.32018287e-05
0.00000000e+00,8.10871769e-06,1.62174031e-05,2.43259150e-05
0.00000000e+00,1.61555187e-05,3.23111341e-05,4.84666537e-05
0.00000000e+00,1.60872841e-05,3.21744440e-05,4.82615341e-05
0.00000000e+00,8.07830662e-06,1.61563075e-05,2.42342378e-05
0.00000000e+00,1.15940683e-05,2.31883589e-05,3.47824194e-05
0.00000000e+00,1.54721506e-05,3.09441822e-05,4.64162009e-05
0.00000000e+00,1.16067135e-05,2.32129649e-05,3.48192635e-05
0.00000000e+00,7.72979768e-06,1.54595112e-05,2.31891251e-05
0.00000000e+00,5.22799696e-06,1.04560472e-05,1.56840089e-05
0.00000000e+00,1.06923635e-05,2.13850252e-05,3.20774922e-05
0.00000000e+00,1.09505778e-05,2.19010916e-05,3.28514609e-05
0.00000000e+00,5.34986651e-06,1.06996241e-05,1.60493293e-05
0.00000000e+00,6.83966778e-06,1.36793049e-05,2.05188551e-05
0.00000000e+00,1.38270383e-05,2.76541623e-05,4.14812263e-05
0.00000000e+00,1.39678952e-05,2.79357339e-05,4.19035255e-05
0.00000000e+00,6.91416350e-06,1.38281021e-05,2.07419478e-05
0.00000000e+00,7.90779772e-06,1.58157598e-05,2.37235817e-05
0.00000000e+00,1.07962120e-05,2.15925673e-05,3.23887444e-05
0.00000000e+00,8.09382702e-06,1.61876169e-05,2.42812811e-05
0.00000000e+00,5.27600502e-06,1.05519983e-05,1.58279254e-05
0.00000000e+00,0.00000000e+00,0.00000000e+00,0.00000000e+00
0.00000000e+00,0.00000000e+00,0.00000000e+00,0.00000000e+00
0.00000000e+00,0.00000000e+00,0.00000000e+00,0.00000000e+00
0.00000000e+00,0.00000000e+00,0.00000000e+00,0.00000000e+00
0.00000000e+00,2.85270235e-06,5.70538560e-06,8.55805972e-06
0.00000000e+00,5.86803620e-06,1.17361103e-05,1.76041370e-05
0.00000000e+00,6.06177068e-06,1.21235307e-05,1.81852514e-05
0.00000000e+00,2.93764346e-06,5.87524887e-06,8.81279220e-06
0.00000000e+00,0.00000000e+00,0.00000000e+00,0.00000000e+00
0.00000000e+00,0.00000000e+00,0.00000000e+00,0.00000000e+00
0.00000000e+00,0.00000000e+00,0.00000000e+00,0.00000000e+00
0.00000000e+00,0.00000000e+00,0.00000000e+00,0.00000000e+00
0.00000000e+00,0.00000000e+00,0.00000000e+00,0.00000000e+00
0.00000000e+00,0.00000000e+00,0.00000000e+00,0.00000000e+00
0.00000000e+00,7.77587673e-11,8.52454217e-11,-4.61341165e-11
0.00000000e+00,1.19369930e-10,1.05432139e-10,-3.85330219e-11
0.00000000e+00,0.00000000e+00,0.00000000e+00,0.00000000e+00
0.00000000e+00,0.00000000e+00,0.00000000e+00,0.00000000e+00
0.00000000e+00,0.00000000e+00,0.00000000e+00,0.00000000e+00
0.00000000e+00,3.10786243e-11,4.08024028e-11,-1.55080188e-11
0.00000000e+00,6.94807691e-11,5.16925721e-11,-2.41165196e-11
0.00000000e+00,2.59782327e-06,5.19562184e-06,7.79335639e-06
0.00000000e+00,2.65785424e-06,5.31561497e-06,7.97330800e-06
0.00000000e+00,1.11199368e-10,9.67545569e-11,-4.25671458e-11
0.00000000e+00,1.27100344e-10,1.12017612e-10,-5.33722247e-11
0.00000000e+00,2.20367607e-10,1.52519603e-10,-7.34252612e-11
0.00000000e+00,7.57586808e-11,1.20942486e-10,-3.68089406e-11
0.00000000e+00,1.77357705e-10,1.30609985e-10,-7.17690913e-11
0.00000000e+00,3.86082532e-06,7.72162761e-06,1.15822133e-05
0.00000000e+00,3.86653214e-06,7.73284435e-06,1.15989769e-05
0.00000000e+00,1.77160291e-10,1.44698043e-10,-6.52086774e-11
0.00000000e+00,1.33506946e-10,1.73489669e-10,-6.01840631e-11
0.00000000e+00,2.62100657e-10,2.04171337e-10,-1.02295829e-10
0.00000000e+00,8.56047708e-11,1.56660754e-10,-4.63863386e-11
0.00000000e+00,2.44214272e-10,1.97024566e-10,-1.00875135e-10
0.00000000e+00,4.11478192e-06,8.22955196e-06,1.23440485e-05
0.00000000e+00,4.09225330e-06,8.18420190e-06,1.22760423e-05
0.00000000e+00,2.10789030e-10,1.79171835e-10,-8.29960831e-11
0.00000000e+00,1.33880715e-10,8.40591961e-11,-4.86820023e-11
0.00000000e+00,2.31611329e-10,1.02654210e-10,-7.73851982e-11
0.00000000e+00,1.16219610e-10,1.53584396e-10,-4.09615574e-11
0.00000000e+00,2.60752535e-10,1.59122558e-10,-9.41252331e-11
0.00000000e+00,3.86086610e-06,7.72159255e-06,1.15822191e-05
0.00000000e+00,3.86652547e-06,7.73279586e-06,1.15989921e-05
0.00000000e+00,1.90111653e-10,1.27758091e-10,-5.92030548e-11
0.00000000e+00,7.23958341e-11,6.24218516e-11,-2.03548060e-11
0.00000000e+00,1.42605914e-10,4.00132470e-11,-4.39572685e-11
0.00000000e+00,5.27011669e-11,6.69298292e-11,-1.52756566e-11
0.00000000e+00,1.63117208e-10,8.93102206e-11,-5.41035952e-11
0.00000000e+00,2.59782801e-06,5.19564348e-06,7.79337353e-06
0.00000000e+00,2.65794213e-06,5.31560783e-06,7.97328743e-06
0.00000000e+00,1.12156196e-10,6.40324201e-11,-3.65431927e-11
0.00000000e+00,0.00000000e+00,0.00000000e+00,0.00000000e+00
0.00000000e+00,0.00000000e+00,0.00000000e+00,0.00000000e+00
0.00000000e+00,2.07650007e-11,7.78233835e-12,-6.35037483e-12
0.00000000e+00,5.72417208e-11,4.22113177e-11,-1.90752761e-11
0.00000000e+00,0.00000000e+00,0.00000000e+00,0.00000000e+00
0.00000000e+00,0.00000000e+00,0.00000000e+00,0.00000000e+00
0.00000000e+00,0.00000000e+00,0.00000000e+00,0.00000000e+00
0.00000000e+00,0.00000000e+00,0.00000000e+00,0.00000000e+00
0.00000000e+00,0.00000000e+00,0.00000000e+00,0.00000000e+00
0.00000000e+00,-5.22792162e-06,-1.04558659e-05,-1.56840590e-05
0.00000000e+00,-5.34953643e-06,-1.06993662e-05,-1.60494156e-05
0.00000000e+00,0.00000000e+00,0.00000000e+00,0.00000000e+00
0.00000000e+00,0.00000000e+00,0.00000000e+00,0.00000000e+00
0.00000000e+00,0.00000000e+00,0.00000000e+00,0.00000000e+00
0.00000000e+00,-2.85264057e-06,-5.70533414e-06,-8.55808774e-06
0.00000000e+00,-2.93747923e-06,-5.87511300e-06,-8.81283928e-06
0.00000000e+00,-2.59770166e-06,-5.19545877e-06,-7.79343197e-06
0.00000000e+00,-2.65760889e-06,-5.31541884e-06,-7.97338916e-06
0.00000000e+00,-5.27581965e-06,-1.05517953e-05,-1.58279898e-05
0.00000000e+00,-7.72438385e-06,-1.54487882e-05,-2.31733368e-05
0.00000000e+00,-7.73351459e-06,-1.54675664e-05,-2.32019726e-05
0.00000000e+00,-6.83951101e-06,-1.36791149e-05,-2.05189063e-05
0.00000000e+00,-6.91373758e-06,-1.38277786e-05,-2.07420763e-05
0.00000000e+00,-3.86064100e-06,-7.72139930e-06,-1.15822960e-05
0.00000000e+00,-3.86605683e-06,-7.73249092e-06,-1.15991424e-05
0.00000000e+00,-7.72944605e-06,-1.54591843e-05,-2.31892218e-05
0.00000000e+00,-8.21511625e-06,-1.64303660e-05,-2.46458788e-05
0.00000000e+00,-8.16916524e-06,-1.63389271e-05,-2.45092248e-05
0.00000000e+00,-8.10850941e-06,-1.62171235e-05,-2.43260029e-05
0.00000000e+00,-8.07774717e-06,-1.61558986e-05,-2.42344414e-05
0.00000000e+00,-4.11451996e-06,-8.22920103e-06,-1.23441586e-05
0.00000000e+00,-4.09169179e-06,-8.18376628e-06,-1.22762347e-05
0.00000000e+00,-8.19684092e-06,-1.63940337e-05,-2.45915960e-05
0.00000000e+00,-7.72430237e-06,-1.54486692e-05,-2.31733223e-05
0.00000000e+00,-7.73352024e-06,-1.54676547e-05,-2.32019625e-05
0.00000000e+00,-8.10846292e-06,-1.62170818e-05,-2.43259836e-05
0.00000000e+00,-8.07774286e-06,-1.61559374e-05,-2.42344332e-05
0.00000000e+00,-3.86061158e-06,-7.72137533e-06,-1.15822964e-05
0.00000000e+00,-3.86600612e-06,-7.73252840e-06,-1.15991359e-05
0.00000000e+00,-7.72946236e-06,-1.54592068e-05,-2.31892045e-05
0.00000000e+00,-5.22795527e-06,-1.04559417e-05,-1.56840107e-05
0.00000000e+00,-5.34955546e-06,-1.06993945e-05,-1.60494264e-05
0.00000000e+00,-6.83952694e-06,-1.36791249e-05,-2.05188870e-05
0.00000000e+00,-6.91376152e-06,-1.38278374e-05,-2.07420717e-05
0.00000000e+00,-2.59772843e-06,-5.19552906e-06,-7.79339578e-06
0.00000000e+00,-2.65763859e-06,-5.31548074e-06,-7.97337844e-06
0.00000000e+00,-5.27585815e-06,-1.05518499e-05,-1.58279739e-05
0.00000000e+00,0.00000000e+00,0.00000000e+00,0.00000000e+00
0.00000000e+00,0.00000000e+00,0.00000000e+00,0.00000000e+00
0.00000000e+00,-2.85263691e-06,-5.70532704e-06,-8.55807149e-06
0.00000000e+00,-2.93749256e-06,-5.87511823e-06,-8.81283744e-06
0.00000000e+00,0.00000000e+00,0.00000000e+00,0.00000000e+00
0.00000000e+00,0.00000000e+00,0.00000000e+00,0.00000000e+00
0.00000000e+00,0.00000000e+00,0.00000000e+00,0.00000000e+00
0.00000000e+00,0.00000000e+00,0.00000000e+00,0.00000000e+00
0.00000000e+00,0.00000000e+00,0.00000000e+00,0.00000000e+00
0.00000000e+00,-1.06926379e-05,-2.13850791e-05,-3.20775373e-05
0.00000000e+00,-1.09499226e-05,-2.19004799e-05,-3.28515312e-05
0.00000000e+00,0.00000000e+00,0.00000000e+00,0.00000000e+00
0.00000000e+00,0.00000000e+00,0.00000000e+00,0.00000000e+00
0.00000000e+00,0.00000000e+00,0.00000000e+00,0.00000000e+00
0.00000000e+00,-5.86794770e-06,-1.17360139e-05,-1.76041732e-05
0.00000000e+00,-6.06165669e-06,-1.21234400e-05,-1.81853095e-05
0.00000000e+00,-7.90787842e-06,-1.58156770e-05,-2.37236302e-05
0.00000000e+00,-8.09335174e-06,-1.61871670e-05,-2.42813547e-05
0.00000000e+00,-1.07960749e-05,-2.15923130e-05,-3.23888077e-05
0.00000000e+00,-1.54657921e-05,-3.09314629e-05,-4.63969834e-05
0.00000000e+00,-1.54715180e-05,-3.09440736e-05,-4.64175799e-05
0.00000000e+00,-1.38268637e-05,-2.76539434e-05,-4.14812907e-05
0.00000000e+00,-1.39675965e-05,-2.79354936e-05,-4.19036544e-05
0.00000000e+00,-1.15942070e-05,-2.31883310e-05,-3.47824511e-05
0.00000000e+00,-1.16057212e-05,-2.32122559e-05,-3.48194348e-05
0.00000000e+00,-1.54717187e-05,-3.09438683e-05,-4.64162967e-05
0.00000000e+00,-1.63437350e-05,-3.26874510e-05,-4.90311425e-05
0.00000000e+00,-1.62526248e-05,-3.25061830e-05,-4.87607879e-05
0.00000000e+00,-1.61553202e-05,-3.23108266e-05,-4.84667597e-05
0.00000000e+00,-1.60868252e-05,-3.21741099e-05,-4.82617144e-05
0.00000000e+00,-1.23005668e-05,-2.46011660e-05,-3.69018962e-05
0.00000000e+00,-1.22308708e-05,-2.44624957e-05,-3.66949345e-05
0.00000000e+00,-1.63060386e-05,-3.26125462e-05,-4.89194770e-05
0.00000000e+00,-1.54655242e-05,-3.09310267e-05,-4.63968370e-05
0.00000000e+00,-1.54720158e-05,-3.09446696e-05,-4.64176976e-05
0.00000000e+00,-1.61553220e-05,-3.23108064e-05,-4.84667216e-05
0.00000000e+00,-1.60868062e-05,-3.21741088e-05,-4.82616902e-05
0.00000000e+00,-1.15940336e-05,-2.31880491e-05,-3.47823758e-05
0.00000000e+00,-1.16059818e-05,-2.32125961e-05,-3.48194839e-05
0.00000000e+00,-1.54717796e-05,-3.09438514e-05,-4.64162784e-05
0.00000000e+00,-1.06924399e-05,-2.13848837e-05,-3.20773944e-05
0.00000000e+00,-1.09501304e-05,-2.19008049e-05,-3.28516529e-05
0.00000000e+00,-1.38269230e-05,-2.76539727e-05,-4.14812760e-05
0.00000000e+00,-1.39676016e-05,-2.79355177e-05,-4.19036018e-05
0.00000000e+00,-7.90780253e-06,-1.58156203e-05,-2.37235441e-05
0.00000000e+00,-8.09348866e-06,-1.61873656e-05,-2.42814102e-05
0.00000000e+00,-1.07960508e-05,-2.15923673e-05,-3.23887699e-05
0.00000000e+00,0.00000000e+00,0.00000000e+00,0.00000000e+00
0.00000000e+00,0.00000000e+00,0.00000000e+00,0.00000000e+00
0.00000000e+00,-5.86796965e-06,-1.17360213e-05,-1.76041618e-05
0.00000000e+00,-6.06164943e-06,-1.21234088e-05,-1.81852865e-05
0.00000000e+00,0.00000000e+00,0.00000000e+00,0.00000000e+00
0.00000000e+00,0.00000000e+00,0.00000000e+00,0.00000000e+00
0.00000000e+00,0.00000000e+00,0.00000000e+00,0.00000000e+00
0.00000000e+00,0.00000000e+00,0.00000000e+00,0.00000000e+00
0.00000000e+00,0.00000000e+00,0.00000000e+00,0.00000000e+00
0.00000000e+00,5.19046552e-06,1.03809852e-05,1.55714737e-05
0.00000000e+00,1.06097148e-05,2.12193858e-05,3.18290587e-05
0.00000000e+00,0.00000000e+00,0.00000000e+00,0.00000000e+00
0.00000000e+00,0.00000000e+00,0.00000000e+00,0.00000000e+00
0.00000000e+00,0.00000000e+00,0.00000000e+00,0.00000000e+00
0.00000000e+00,2.82489298e-06,5.64980529e-06,8.47468786e-06
0.00000000e+00,5.80934833e-06,1.16187169e-05,1.74280650e-05
0.00000000e+00,7.84902080e-06,1.56980471e-05,2.35470677e-05
0.00000000e+00,1.06294202e-05,2.12588732e-05,3.18881888e-05
0.00000000e+00,5.19799414e-06,1.03960451e-05,1.55940232e-05
0.00000000e+00,7.71911213e-06,1.54384720e-05,2.31575608e-05
0.00000000e+00,1.54612065e-05,3.09226520e-05,4.63837394e-05
0.00000000e+00,6.81458773e-06,1.36292905e-05,2.04437877e-05
0.00000000e+00,1.37773253e-05,2.75547558e-05,4.13319323e-05
0.00000000e+00,1.15880046e-05,2.31762496e-05,3.47641780e-05
0.00000000e+00,1.54629156e-05,3.09261206e-05,4.63888512e-05
0.00000000e+00,7.72073169e-06,1.54416341e-05,2.31622519e-05
0.00000000e+00,8.22948963e-06,1.64591098e-05,2.46884764e-05
0.00000000e+00,1.63726972e-05,3.27456878e-05,4.91184045e-05
0.00000000e+00,8.11829178e-06,1.62367680e-05,2.43549436e-05
0.00000000e+00,1.61772059e-05,3.23546895e-05,4.85318109e-05
0.00000000e+00,1.23224107e-05,2.46450190e-05,3.69673986e-05
0.00000000e+00,1.63664698e-05,3.27332448e-05,4.90997026e-05
0.00000000e+00,8.22716575e-06,1.64545091e-05,2.46815674e-05
0.00000000e+00,7.71913846e-06,1.54384219e-05,2.31575415e-05
0.00000000e+00,1.54610498e-05,3.09224019e-05,4.63837237e-05
0.00000000e+00,8.11829735e-06,1.62367427e-05,2.43549451e-05
0.00000000e+00,1.61771589e-05,3.23545710e-05,4.85317974e-05
0.00000000e+00,1.15879368e-05,2.31760990e-05,3.47641560e-05
0.00000000e+00,1.54627383e-05,3.09258520e-05,4.63888021e-05
0.00000000e+00,7.72072168e-06,1.54415501e-05,2.31622367e-05
0.00000000e+00,5.19055012e-06,1.03810589e-05,1.55714712e-05
0.00000000e+00,1.06095586e-05,2.12194035e-05,3.18291402e-05
0.00000000e+00,6.81458925e-06,1.36292515e-05,2.04437922e-05
0.00000000e+00,1.37772339e-05,2.75546424e-05,4.13319194e-05
0.00000000e+00,7.84897159e-06,1.56980899e-05,2.35471143e-05
0.00000000e+00,1.06293159e-05,2.12587714e-05,3.18881967e-05
0.00000000e+00,5.19797684e-06,1.03960527e-05,1.55940326e-05
0.00000000e+00,0.00000000e+00,0.00000000e+00,0.00000000e+00
0.00000000e+00,0.00000000e+00,0.00000000e+00,0.00000000e+00
0.00000000e+00,2.82492081e-06,5.64981350e-06,8.47468315e-06
0.00000000e+00,5.80936943e-06,1.16187582e-05,1.74280563e-05
0.00000000e+00,0.00000000e+00,0.00000000e+00,0.00000000e+00
0.00000000e+00,0.00000000e+00,0.00000000e+00,0.00000000e+00
0.00000000e+00,0.00000000e+00,0.00000000e+00,0.00000000e+00
0.00000000e+00,0.00000000e+00,0.00000000e+00,0.00000000e+00
0.00000000e+00,9.01038435e-12,7.07735654e-11,2.25039472e-12
0.00000000e+00,0.00000000e+00,0.00000000e+00,0.00000000e+00
0.00000000e+00,0.00000000e+00,0.00000000e+00,0.00000000e+00
0.00000000e+00,5.01602282e-12,2.90943423e-11,-2.36728668e-12
0.00000000e+00,2.57943889e-06,5.15894024e-06,7.73835409e-06
0.00000000e+00,4.92333362e-11,6.75114738e-11,-2.22719329e-11
0.00000000e+00,1.73705413e-11,1.30820860e-10,-4.86736205e-12
0.00000000e+00,1.82319575e-11,1.01608439e-10,-2.72185382e-12
0.00000000e+00,3.85776201e-06,7.71569587e-06,1.15733801e-05
0.00000000e+00,7.00536980e-11,1.29769952e-10,-2.28789178e-11
0.00000000e+00,2.08263984e-11,1.86481446e-10,-1.06141378e-11
0.00000000e+00,1.77047842e-11,1.52698449e-10,-9.18103613e-12
0.00000000e+00,4.12179949e-06,8.24372224e-06,1.23653263e-05
0.00000000e+00,8.30492311e-11,1.72577302e-10,-3.09593311e-11
0.00000000e+00,7.44608000e-11,1.44837851e-10,-6.17974508e-12
0.00000000e+00,1.04895562e-11,1.36498444e-10,-4.61396688e-12
0.00000000e+00,3.85781316e-06,7.71568270e-06,1.15733686e-05
0.00000000e+00,1.21978768e-10,1.50222145e-10,-2.77306120e-11
0.00000000e+00,3.67304649e-11,6.85072362e-11,-3.18440848e-12
0.00000000e+00,1.62747118e-11,9.37010896e-11,-4.63766962e-12
0.00000000e+00,2.57952036e-06,5.15897939e-06,7.73834841e-06
0.00000000e+00,7.55374400e-11,8.91140917e-11,-1.65430851e-11
0.00000000e+00,0.00000000e+00,0.00000000e+00,0.00000000e+00
0.00000000e+00,1.15331507e-11,3.09828832e-11,-5.62896620e-12
0.00000000e+00,0.00000000e+00,0.00000000e+00,0.00000000e+00
0.00000000e+00,0.00000000e+00,0.00000000e+00,0.00000000e+00
0.00000000e+00,0.00000000e+00,0.00000000e+00,0.00000000e+00
0.00000000e+00,-5.19039348e-06,-1.03808455e-05,-1.55714680e-05
0.00000000e+00,0.00000000e+00,0.00000000e+00,0.00000000e+00
0.00000000e+00,0.00000000e+00,0.00000000e+00,0.00000000e+00
0.00000000e+00,-2.82486165e-06,-5.64974308e-06,-8.47469676e-06
0.00000000e+00,-2.57939259e-06,-5.15879172e-06,-7.73834417e-06
0.00000000e+00,-5.19793518e-06,-1.03958943e-05,-1.55940474e-05
0.00000000e+00,-7.71907136e-06,-1.54381793e-05,-2.31575262e-05
0.00000000e+00,-6.81454092e-06,-1.36290728e-05,-2.04437919e-05
0.00000000e+00,-3.85772566e-06,-7.71542709e-06,-1.15733682e-05
0.00000000e+00,-7.72065236e-06,-1.54413572e-05,-2.31622716e-05
0.00000000e+00,-8.22942516e-06,-1.64587912e-05,-2.46885045e-05
0.00000000e+00,-8.11825337e-06,-1.62364445e-05,-2.43549578e-05
0.00000000e+00,-4.12174334e-06,-8.24337261e-06,-1.23653532e-05
0.00000000e+00,-8.22709791e-06,-1.64541905e-05,-2.46816098e-05
0.00000000e+00,-7.71910790e-06,-1.54381566e-05,-2.31575329e-05
0.00000000e+00,-8.11822079e-06,-1.62364179e-05,-2.43549518e-05
0.00000000e+00,-3.85771912e-06,-7.71540849e-06,-1.15733698e-05
0.00000000e+00,-7.72064103e-06,-1.54412992e-05,-2.31622588e-05
0.00000000e+00,-5.19049709e-06,-1.03809628e-05,-1.55714846e-05
0.00000000e+00,-6.81454280e-06,-1.36290794e-05,-2.04437875e-05
0.00000000e+00,-2.57945141e-06,-5.15886552e-06,-7.73835832e-06
0.00000000e+00,-5.19795449e-06,-1.03959368e-05,-1.55940440e-05
0.00000000e+00,0.00000000e+00,0.00000000e+00,0.00000000e+00
0.00000000e+00,-2.82489162e-06,-5.64977809e-06,-8.47468284e-06
0.00000000e+00,0.00000000e+00,0.00000000e+00,0.00000000e+00
0.00000000e+00,0.00000000e+00,0.00000000e+00,0.00000000e+00
0.00000000e+00,0.00000000e+00,0.00000000e+00,0.00000000e+00
0.00000000e+00,-1.06096167e-05,-2.12192828e-05,-3.18291193e-05
0.00000000e+00,0.00000000e+00,0.00000000e+00,0.00000000e+00
0.00000000e+00,0.00000000e+00,0.00000000e+00,0.00000000e+00
0.00000000e+00,-5.80930984e-06,-1.16186609e-05,-1.74280838e-05
0.00000000e+00,-7.84894260e-06,-1.56979393e-05,-2.35470948e-05
0.00000000e+00,-1.06294316e-05,-2.12587788e-05,-3.18882081e-05
0.00000000e+00,-1.54610450e-05,-3.09222601e-05,-4.63837182e-05
0.00000000e+00,-1.37772149e-05,-2.75544893e-05,-4.13319320e-05
0.00000000e+00,-1.15879106e-05,-2.31759042e-05,-3.47641503e-05
0.00000000e+00,-1.54629371e-05,-3.09258307e-05,-4.63888137e-05
0.00000000e+00,-1.63726478e-05,-3.27453105e-05,-4.91184303e-05
0.00000000e+00,-1.61771400e-05,-3.23543219e-05,-4.85318079e-05
0.00000000e+00,-1.23223394e-05,-2.46446819e-05,-3.69674296e-05
0.00000000e+00,-1.63665011e-05,-3.27330027e-05,-4.90996799e-05
0.00000000e+00,-1.54612014e-05,-3.09222713e-05,-4.63837452e-05
0.00000000e+00,-1.61771199e-05,-3.23542725e-05,-4.85317803e-05
0.00000000e+00,-1.15879994e-05,-2.31758946e-05,-3.47641638e-05
0.00000000e+00,-1.54628865e-05,-3.09256562e-05,-4.63887375e-05
0.00000000e+00,-1.06096906e-05,-2.12193252e-05,-3.18291279e-05
0.00000000e+00,-1.37772242e-05,-2.75544445e-05,-4.13319199e-05
0.00000000e+00,-7.84902474e-06,-1.56980188e-05,-2.35471069e-05
0.00000000e+00,-1.06294397e-05,-2.12587246e-05,-3.18881238e-05
0.00000000e+00,0.00000000e+00,0.00000000e+00,0.00000000e+00
0.00000000e+00,-5.80930725e-06,-1.16186446e-05,-1.74280738e-05
0.00000000e+00,0.00000000e+00,0.00000000e+00,0.00000000e+00
0.00000000e+00,0.00000000e+00,0.00000000e+00,0.00000000e+00
0.00000000e+00,0.00000000e+00,0.00000000e+00,0.00000000e+00
0.00000000e+00,0.00000000e+00,0.00000000e+00,0.00000000e+00
0.00000000e+00,5.22795132e-06,1.04560328e-05,1.56840307e-05
0.00000000e+00,1.06927172e-05,2.13852634e-05,3.20775545e-05
0.00000000e+00,0.00000000e+00,0.00000000e+00,0.00000000e+00
0.00000000e+00,0.00000000e+00,0.00000000e+00,0.00000000e+00
0.00000000e+00,0.00000000e+00,0.00000000e+00,0.00000000e+00
0.00000000e+00,2.85266229e-06,5.70539216e-06,8.55808414e-06
0.00000000e+00,5.86800451e-06,1.17361019e-05,1.76041622e-05
0.00000000e+00,7.90793760e-06,1.58158576e-05,2.37236209e-05
0.00000000e+00,1.06295080e-05,2.12589098e-05,3.18881894e-05
0.00000000e+00,5.19798777e-06,1.03960572e-05,1.55940366e-05
0.00000000e+00,7.72445433e-06,1.54490883e-05,2.31733550e-05
0.00000000e+00,1.54660923e-05,3.09319158e-05,4.63970243e-05
0.00000000e+00,6.83956115e-06,1.36793281e-05,2.05189052e-05
0.00000000e+00,1.38269654e-05,2.76541922e-05,4.14812741e-05
0.00000000e+00,1.15943605e-05,2.31886854e-05,3.47824834e-05
0.00000000e+00,1.54631019e-05,3.09262151e-05,4.63888361e-05
0.00000000e+00,7.72074307e-06,1.54416690e-05,2.31622825e-05
0.00000000e+00,8.21523865e-06,1.64307400e-05,2.46458516e-05
0.00000000e+00,1.63439842e-05,3.26879352e-05,4.90311458e-05
0.00000000e+00,8.10856606e-06,1.62174429e-05,2.43259984e-05
0.00000000e+00,1.61553750e-05,3.23111550e-05,4.84667448e-05
0.00000000e+00,1.23007305e-05,2.46015801e-05,3.69018792e-05
0.00000000e+00,1.63666570e-05,3.27334116e-05,4.90996618e-05
0.00000000e+00,8.22713499e-06,1.64545176e-05,2.46815987e-05
0.00000000e+00,7.72441801e-06,1.54489856e-05,2.31733224e-05
0.00000000e+00,1.54657078e-05,3.09315129e-05,4.63968771e-05
0.00000000e+00,8.10856058e-06,1.62174128e-05,2.43259960e-05
0.00000000e+00,1.61554015e-05,3.23111305e-05,4.84667450e-05
0.00000000e+00,1.15941631e-05,2.31884332e-05,3.47824037e-05
0.00000000e+00,1.54628935e-05,3.09259481e-05,4.63887646e-05
0.00000000e+00,7.72071720e-06,1.54415884e-05,2.31622488e-05
0.00000000e+00,5.22795370e-06,1.04560796e-05,1.56840143e-05
0.00000000e+00,1.06924689e-05,2.13850633e-05,3.20774502e-05
0.00000000e+00,6.83950367e-06,1.36792947e-05,2.05189209e-05
0.00000000e+00,1.38269340e-05,2.76541552e-05,4.14813011e-05
0.00000000e+00,7.90782292e-06,1.58158010e-05,2.37235630e-05
0.00000000e+00,1.06293507e-05,2.12588016e-05,3.18881614e-05
0.00000000e+00,5.19798333e-06,1.03960789e-05,1.55940353e-05
0.00000000e+00,0.00000000e+00,0.00000000e+00,0.00000000e+00
0.00000000e+00,0.00000000e+00,0.00000000e+00,0.00000000e+00
0.00000000e+00,2.85266040e-06,5.70538349e-06,8.55807847e-06
0.00000000e+00,5.86799688e-06,1.17360912e-05,1.76041652e-05
0.00000000e+00,0.00000000e+00,0.00000000e+00,0.00000000e+00
0.00000000e+00,0.00000000e+00,0.00000000e+00,0.00000000e+00
0.00000000e+00,0.00000000e+00,0.00000000e+00,0.00000000e+00
0.00000000e+00,0.00000000e+00,0.00000000e+00,0.00000000e+00
0.00000000e+00,-4.05636137e-11,7.09081774e-11,2.60540724e-11
0.00000000e+00,0.00000000e+00,0.00000000e+00,0.00000000e+00
0.00000000e+00,0.00000000e+00,0.00000000e+00,0.00000000e+00
0.00000000e+00,-1.48419236e-11,2.24697234e-11,9.51440727e-12
0.00000000e+00,2.59773461e-06,5.19562663e-06,7.79340480e-06
0.00000000e+00,-2.52574690e-12,7.20056808e-11,1.42138334e-11
0.00000000e+00,-6.62481854e-11,1.30477212e-10,4.17046447e-11
0.00000000e+00,-6.69739348e-11,6.50437004e-11,2.20940762e-11
0.00000000e+00,3.86070988e-06,7.72166568e-06,1.15822986e-05
0.00000000e+00,-6.63498966e-12,1.51231610e-10,1.84725538e-11
0.00000000e+00,-6.68076734e-11,2.10834331e-10,3.53081687e-11
0.00000000e+00,-7.21772411e-11,1.44996199e-10,3.55253522e-11
0.00000000e+00,4.11463721e-06,8.22959672e-06,1.23441299e-05
0.00000000e+00,-9.82124023e-12,1.89377555e-10,1.23685953e-11
0.00000000e+00,-9.95692067e-11,1.33032170e-10,4.74160056e-11
0.00000000e+00,-6.83878073e-11,1.52651508e-10,3.44623271e-11
0.00000000e+00,3.86069770e-06,7.72163873e-06,1.15822934e-05
0.00000000e+00,-4.89773457e-12,1.52697245e-10,2.35086110e-11
0.00000000e+00,-4.27428708e-11,7.02036753e-11,3.77546368e-11
0.00000000e+00,-7.02330418e-11,9.68859266e-11,3.32381938e-11
0.00000000e+00,2.59775078e-06,5.19566123e-06,7.79340529e-06
0.00000000e+00,1.06655096e-11,6.75594133e-11,1.30297509e-11
0.00000000e+00,0.00000000e+00,0.00000000e+00,0.00000000e+00
0.00000000e+00,-2.79964010e-12,3.01220342e-11,4.01317299e-12
0.00000000e+00,0.00000000e+00,0.00000000e+00,0.00000000e+00
0.00000000e+00,0.00000000e+00,0.00000000e+00,0.00000000e+00
0.00000000e+00,0.00000000e+00,0.00000000e+00,0.00000000e+00
0.00000000e+00,-5.22791913e-06,-1.04558771e-05,-1.56840089e-05
0.00000000e+00,0.00000000e+00,0.00000000e+00,0.00000000e+00
0.00000000e+00,0.00000000e+00,0.00000000e+00,0.00000000e+00
0.00000000e+00,-2.85267576e-06,-5.70534175e-06,-8.55806653e-06
0.00000000e+00,-2.59777919e-06,-5.19548728e-06,-7.79336687e-06
0.00000000e+00,-5.19794891e-06,-1.03959068e-05,-1.55940214e-05
0.00000000e+00,-7.72446095e-06,-1.54487464e-05,-2.31733181e-05
0.00000000e+00,-6.83964032e-06,-1.36791571e-05,-2.05188497e-05
0.00000000e+00,-3.86082102e-06,-7.72138951e-06,-1.15822309e-05
0.00000000e+00,-7.72070366e-06,-1.54413450e-05,-2.31622508e-05
0.00000000e+00,-8.21522933e-06,-1.64303152e-05,-2.46458457e-05
0.00000000e+00,-8.10865660e-06,-1.62171150e-05,-2.43259464e-05
0.00000000e+00,-4.11472090e-06,-8.22917384e-06,-1.23440842e-05
0.00000000e+00,-8.22712108e-06,-1.64541615e-05,-2.46815995e-05
0.00000000e+00,-7.72443174e-06,-1.54486875e-05,-2.31732893e-05
0.00000000e+00,-8.10868881e-06,-1.62171346e-05,-2.43259303e-05
0.00000000e+00,-3.86080639e-06,-7.72133899e-06,-1.15822196e-05
0.00000000e+00,-7.72071970e-06,-1.54413255e-05,-2.31622359e-05
0.00000000e+00,-5.22800155e-06,-1.04560222e-05,-1.56839976e-05
0.00000000e+00,-6.83961451e-06,-1.36791151e-05,-2.05188639e-05
0.00000000e+00,-2.59781779e-06,-5.19555717e-06,-7.79335531e-06
0.00000000e+00,-5.19796398e-06,-1.03959483e-05,-1.55940441e-05
0.00000000e+00,0.00000000e+00,0.00000000e+00,0.00000000e+00
0.00000000e+00,-2.85267644e-06,-5.70533250e-06,-8.55806732e-06
0.00000000e+00,0.00000000e+00,0.00000000e+00,0.00000000e+00
0.00000000e+00,0.00000000e+00,0.00000000e+00,0.00000000e+00
0.00000000e+00,0.00000000e+00,0.00000000e+00,0.00000000e+00
0.00000000e+00,-1.06922410e-05,-2.13847939e-05,-3.20775253e-05
0.00000000e+00,0.00000000e+00,0.00000000e+00,0.00000000e+00
0.00000000e+00,0.00000000e+00,0.00000000e+00,0.00000000e+00
0.00000000e+00,-5.86805171e-06,-1.17360705e-05,-1.76041478e-05
0.00000000e+00,-7.90767475e-06,-1.58155444e-05,-2.37236013e-05
0.00000000e+00,-1.06292111e-05,-2.12586126e-05,-3.18882076e-05
0.00000000e+00,-1.54653463e-05,-3.09309991e-05,-4.63970831e-05
0.00000000e+00,-1.38271347e-05,-2.76540983e-05,-4.14812275e-05
0.00000000e+00,-1.15940073e-05,-2.31880890e-05,-3.47824984e-05
0.00000000e+00,-1.54626536e-05,-3.09255830e-05,-4.63888603e-05
0.00000000e+00,-1.63433401e-05,-3.26870734e-05,-4.90313132e-05
0.00000000e+00,-1.61556027e-05,-3.23109522e-05,-4.84666682e-05
0.00000000e+00,-1.23003988e-05,-2.46009496e-05,-3.69019617e-05
0.00000000e+00,-1.63662778e-05,-3.27327522e-05,-4.90997662e-05
0.00000000e+00,-1.54653282e-05,-3.09309649e-05,-4.63970484e-05
0.00000000e+00,-1.61555950e-05,-3.23109125e-05,-4.84666526e-05
0.00000000e+00,-1.15939744e-05,-2.31880225e-05,-3.47824708e-05
0.00000000e+00,-1.54627561e-05,-3.09256317e-05,-4.63888545e-05
0.00000000e+00,-1.06923008e-05,-2.13848407e-05,-3.20775261e-05
0.00000000e+00,-1.38271131e-05,-2.76540321e-05,-4.14812329e-05
0.00000000e+00,-7.90775977e-06,-1.58156738e-05,-2.37236013e-05
0.00000000e+00,-1.06292638e-05,-2.12587005e-05,-3.18882105e-05
0.00000000e+00,0.00000000e+00,0.00000000e+00,0.00000000e+00
0.00000000e+00,-5.86805947e-06,-1.17360624e-05,-1.76041454e-05
0.00000000e+00,0.00000000e+00,0.00000000e+00,0.00000000e+00
0.00000000e+00,0.00000000e+00,0.00000000e+00,0.00000000e+00
0.00000000e+00,0.00000000e+00,0.00000000e+00,0.00000000e+00
0.00000000e+00,0.00000000e+00,0.00000000e+00,0.00000000e+00
0.00000000e+00,5.34961825e-06,1.06995239e-05,1.60494286e-05
0.00000000e+00,1.09500167e-05,2.19005854e-05,3.28515349e-05
0.00000000e+00,0.00000000e+00,0.00000000e+00,0.00000000e+00
0.00000000e+00,0.00000000e+00,0.00000000e+00,0.00000000e+00
0.00000000e+00,0.00000000e+00,0.00000000e+00,0.00000000e+00
0.00000000e+00,2.93752469e-06,5.87519151e-06,8.81285045e-06
0.00000000e+00,6.06169444e-06,1.21235150e-05,1.81853196e-05
0.00000000e+00,8.09343879e-06,1.61872816e-05,2.42813617e-05
0.00000000e+00,1.07961280e-05,2.15924512e-05,3.23888084e-05
0.00000000e+00,5.27585180e-06,1.05519268e-05,1.58279777e-05
0.00000000e+00,7.73364043e-06,1.54678920e-05,2.32019709e-05
0.00000000e+00,1.54713922e-05,3.09443037e-05,4.64175399e-05
0.00000000e+00,6.91375325e-06,1.38279793e-05,2.07420773e-05
0.00000000e+00,1.39676997e-05,2.79357861e-05,4.19036711e-05
0.00000000e+00,1.16057311e-05,2.32125335e-05,3.48194125e-05
0.00000000e+00,1.54718426e-05,3.09441910e-05,4.64163121e-05
0.00000000e+00,7.72952494e-06,1.54594725e-05,2.31892165e-05
0.00000000e+00,8.16935744e-06,1.63394005e-05,2.45092366e-05
0.00000000e+00,1.62526105e-05,3.25064245e-05,4.87608098e-05
0.00000000e+00,8.07784131e-06,1.61562547e-05,2.42344324e-05
0.00000000e+00,1.60870015e-05,3.21745100e-05,4.82617280e-05
0.00000000e+00,1.22309434e-05,2.44628376e-05,3.66949442e-05
0.00000000e+00,1.63061892e-05,3.26129278e-05,4.89194833e-05
0.00000000e+00,8.19697629e-06,1.63943987e-05,2.45915892e-05
0.00000000e+00,7.73374038e-06,1.54679759e-05,2.32020294e-05
0.00000000e+00,1.54720404e-05,3.09447942e-05,4.64177552e-05
0.00000000e+00,8.07784908e-06,1.61562828e-05,2.42344531e-05
0.00000000e+00,1.60869848e-05,3.21745141e-05,4.82617259e-05
0.00000000e+00,1.16061132e-05,2.32128191e-05,3.48195475e-05
0.00000000e+00,1.54719203e-05,3.09441573e-05,4.64163240e-05
0.00000000e+00,7.72959033e-06,1.54595211e-05,2.31892356e-05
0.00000000e+00,5.34955419e-06,1.06995205e-05,1.60494925e-05
0.00000000e+00,1.09503116e-05,2.19009351e-05,3.28517066e-05
0.00000000e+00,6.91381539e-06,1.38280568e-05,2.07420962e-05
0.00000000e+00,1.39676594e-05,2.79357688e-05,4.19036707e-05
0.00000000e+00,8.09356586e-06,1.61874868e-05,2.42814797e-05
0.00000000e+00,1.07961866e-05,2.15924995e-05,3.23888231e-05
0.00000000e+00,5.27586794e-06,1.05519698e-05,1.58280116e-05
0.00000000e+00,0.00000000e+00,0.00000000e+00,0.00000000e+00
0.00000000e+00,0.00000000e+00,0.00000000e+00,0.00000000e+00
0.00000000e+00,2.93751739e-06,5.87517048e-06,8.81284519e-06
0.00000000e+00,6.06166455e-06,1.21235050e-05,1.81853105e-05
0.00000000e+00,0.00000000e+00,0.00000000e+00,0.00000000e+00
0.00000000e+00,0.00000000e+00,0.00000000e+00,0.00000000e+00
0.00000000e+00,0.00000000e+00,0.00000000e+00,0.00000000e+00
0.00000000e+00,0.00000000e+00,0.00000000e+00,0.00000000e+00
0.00000000e+00,-1.19290960e-10,5.61873999e-11,3.68785872e-11
0.00000000e+00,0.00000000e+00,0.00000000e+00,0.00000000e+00
0.00000000e+00,0.00000000e+00,0.00000000e+00,0.00000000e+00
0.00000000e+00,-6.33355649e-11,-1.43598868e-11,2.63318848e-11
0.00000000e+00,2.65764330e-06,5.31558596e-06,7.97339642e-06
0.00000000e+00,-7.13474092e-11,6.06436695e-11,3.01617792e-11
0.00000000e+00,-1.66581430e-10,6.52601331e-11,5.42849352e-11
0.00000000e+00,-2.05054758e-10,-2.57654613e-11,6.70770755e-11
0.00000000e+00,3.86615174e-06,7.73275857e-06,1.15991450e-05
0.00000000e+00,-1.22317736e-10,1.11718888e-10,4.53605534e-11
0.00000000e+00,-1.63425898e-10,1.89052873e-10,7.20791636e-11
0.00000000e+00,-2.52912847e-10,9.48923868e-12,8.37163159e-11
0.00000000e+00,4.09184248e-06,8.18422807e-06,1.22762244e-05
0.00000000e+00,-1.24089295e-10,1.81552956e-10,5.48685988e-11
0.00000000e+00,-1.29948578e-10,2.32259799e-10,7.09787739e-11
0.00000000e+00,-2.24337349e-10,7.64172113e-11,8.61879448e-11
0.00000000e+00,3.86617397e-06,7.73283683e-06,1.15991653e-05
0.00000000e+00,-1.15707575e-10,1.65182023e-10,6.40608339e-11
0.00000000e+00,-1.17237178e-10,5.06684181e-12,5.86983057e-11
0.00000000e+00,-1.57348261e-10,7.62943088e-11,6.98802680e-11
0.00000000e+00,2.65760931e-06,5.31554636e-06,7.97342302e-06
0.00000000e+00,-7.62544031e-11,4.46858054e-11,4.19309517e-11
0.00000000e+00,0.00000000e+00,0.00000000e+00,0.00000000e+00
0.00000000e+00,-7.54354781e-11,-1.09191033e-11,2.38609766e-11
0.00000000e+00,0.00000000e+00,0.00000000e+00,0.00000000e+00
0.00000000e+00,0.00000000e+00,0.00000000e+00,0.00000000e+00
0.00000000e+00,0.00000000e+00,0.00000000e+00,0.00000000e+00
0.00000000e+00,-5.34989480e-06,-1.06996236e-05,-1.60493760e-05
0.00000000e+00,0.00000000e+00,0.00000000e+00,0.00000000e+00
0.00000000e+00,0.00000000e+00,0.00000000e+00,0.00000000e+00
0.00000000e+00,-2.93764001e-06,-5.87519903e-06,-8.81279022e-06
0.00000000e+00,-2.65788332e-06,-5.31553791e-06,-7.97332338e-06
0.00000000e+00,-5.27600180e-06,-1.05519235e-05,-1.58279465e-05
0.00000000e+00,-7.73424823e-06,-1.54679843e-05,-2.32018407e-05
0.00000000e+00,-6.91414700e-06,-1.38279791e-05,-2.07419609e-05
0.00000000e+00,-3.86657182e-06,-7.73270917e-06,-1.15990146e-05
0.00000000e+00,-7.72984623e-06,-1.54593764e-05,-2.31891417e-05
0.00000000e+00,-8.16983543e-06,-1.63392594e-05,-2.45090441e-05
0.00000000e+00,-8.07835339e-06,-1.61561511e-05,-2.42342606e-05
0.00000000e+00,-4.09219157e-06,-8.18389999e-06,-1.22760682e-05
0.00000000e+00,-8.19724250e-06,-1.63941718e-05,-2.45914786e-05
0.00000000e+00,-7.73392459e-06,-1.54676480e-05,-2.32018376e-05
0.00000000e+00,-8.07829659e-06,-1.61560888e-05,-2.42342639e-05
0.00000000e+00,-3.86641805e-06,-7.73247217e-06,-1.15990051e-05
0.00000000e+00,-7.72971923e-06,-1.54592083e-05,-2.31891357e-05
0.00000000e+00,-5.34978610e-06,-1.06994742e-05,-1.60493957e-05
0.00000000e+00,-6.91412752e-06,-1.38279188e-05,-2.07419507e-05
0.00000000e+00,-2.65783059e-06,-5.31550351e-06,-7.97331488e-06
0.00000000e+00,-5.27602864e-06,-1.05519474e-05,-1.58279368e-05
0.00000000e+00,0.00000000e+00,0.00000000e+00,0.00000000e+00
0.00000000e+00,-2.93763561e-06,-5.87521046e-06,-8.81279443e-06
0.00000000e+00,0.00000000e+00,0.00000000e+00,0.00000000e+00
0.00000000e+00,0.00000000e+00,0.00000000e+00,0.00000000e+00
0.00000000e+00,0.00000000e+00,0.00000000e+00,0.00000000e+00
0.00000000e+00,-1.09508631e-05,-2.19011949e-05,-3.28514579e-05
0.00000000e+00,0.00000000e+00,0.00000000e+00,0.00000000e+00
0.00000000e+00,0.00000000e+00,0.00000000e+00,0.00000000e+00
0.00000000e+00,-6.06177164e-06,-1.21234936e-05,-1.81852677e-05
0.00000000e+00,-8.09400802e-06,-1.61876853e-05,-2.42813003e-05
0.00000000e+00,-1.07962700e-05,-2.15924953e-05,-3.23887492e-05
0.00000000e+00,-1.54731510e-05,-3.09452112e-05,-4.64172162e-05
0.00000000e+00,-1.39679639e-05,-2.79356521e-05,-4.19035528e-05
0.00000000e+00,-1.16069354e-05,-2.32130409e-05,-3.48191775e-05
0.00000000e+00,-1.54722205e-05,-3.09440826e-05,-4.64161936e-05
0.00000000e+00,-1.62543019e-05,-3.25072175e-05,-4.87602971e-05
0.00000000e+00,-1.60873248e-05,-3.21742708e-05,-4.82615942e-05
0.00000000e+00,-1.22320420e-05,-2.44631820e-05,-3.66945934e-05
0.00000000e+00,-1.63066320e-05,-3.26128426e-05,-4.89193441e-05
0.00000000e+00,-1.54730238e-05,-3.09450199e-05,-4.64172446e-05
0.00000000e+00,-1.60873176e-05,-3.21742601e-05,-4.82615779e-05
0.00000000e+00,-1.16066792e-05,-2.32127747e-05,-3.48191979e-05
0.00000000e+00,-1.54721536e-05,-3.09439861e-05,-4.64161764e-05
0.00000000e+00,-1.09508176e-05,-2.19009123e-05,-3.28514672e-05
0.00000000e+00,-1.39679412e-05,-2.79355888e-05,-4.19035411e-05
0.00000000e+00,-8.09394765e-06,-1.61874443e-05,-2.42813185e-05
0.00000000e+00,-1.07963174e-05,-2.15923993e-05,-3.23887577e-05
0.00000000e+00,0.00000000e+00,0.00000000e+00,0.00000000e+00
0.00000000e+00,-6.06176666e-06,-1.21234719e-05,-1.81852696e-05
0.00000000e+00,0.00000000e+00,0.00000000e+00,0.00000000e+00
0.00000000e+00,0.00000000e+00,0.00000000e+00,0.00000000e+00
0.00000000e+00,0.00000000e+00,0.00000000e+00,0.00000000e+00
0.00000000e+00,0.00000000e+00,0.00000000e+00,0.00000000e+00
0.00000000e+00,1.56338981e-05,3.12677273e-05,4.69014719e-05
0.00000000e+00,1.42737886e-05,2.85475273e-05,4.28213962e-05
0.00000000e+00,0.00000000e+00,0.00000000e+00,0.00000000e+00
0.00000000e+00,0.00000000e+00,0.00000000e+00,0.00000000e+00
0.00000000e+00,0.00000000e+00,0.00000000e+00,0.00000000e+00
0.00000000e+00,8.68764704e-06,1.73753140e-05,2.60629636e-05
0.00000000e+00,8.01489760e-06,1.60297573e-05,2.40446560e-05
0.00000000e+00,1.30888716e-05,2.61777264e-05,3.92663980e-05
0.00000000e+00,1.49162571e-05,2.98324640e-05,4.47487836e-05
0.00000000e+00,1.25611783e-05,2.51221580e-05,3.76834886e-05
0.00000000e+00,2.18096739e-05,4.36195224e-05,6.54290030e-05
0.00000000e+00,1.93933018e-05,3.87867633e-05,5.81802772e-05
0.00000000e+00,1.97937871e-05,3.95876682e-05,5.93813561e-05
0.00000000e+00,1.77731424e-05,3.55462556e-05,5.33193866e-05
0.00000000e+00,1.86476641e-05,3.72955305e-05,5.59428303e-05
0.00000000e+00,2.06086870e-05,4.12174386e-05,6.18261548e-05
0.00000000e+00,1.74447586e-05,3.48896348e-05,5.23347161e-05
0.00000000e+00,2.28518947e-05,4.57038803e-05,6.85557556e-05
0.00000000e+00,2.02258417e-05,4.04513741e-05,6.06772096e-05
0.00000000e+00,2.26264857e-05,4.52531331e-05,6.78795503e-05
0.00000000e+00,2.00507320e-05,4.01013711e-05,6.01521019e-05
0.00000000e+00,1.96208388e-05,3.92419103e-05,5.88626335e-05
0.00000000e+00,2.15485608e-05,4.30970887e-05,6.46456793e-05
0.00000000e+00,1.82517952e-05,3.65031618e-05,5.47550602e-05
0.00000000e+00,2.18095810e-05,4.36193291e-05,6.54289559e-05
0.00000000e+00,1.93935431e-05,3.87869731e-05,5.81803202e-05
0.00000000e+00,2.26264967e-05,4.52530713e-05,6.78795345e-05
0.00000000e+00,2.00508513e-05,4.01014725e-05,6.01521163e-05
0.00000000e+00,1.86474379e-05,3.72951810e-05,5.59427488e-05
0.00000000e+00,2.06088328e-05,4.12174903e-05,6.18261792e-05
0.00000000e+00,1.74452257e-05,3.48900493e-05,5.23348502e-05
0.00000000e+00,1.56338538e-05,3.12676969e-05,4.69014375e-05
0.00000000e+00,1.42738000e-05,2.85475632e-05,4.28213796e-05
0.00000000e+00,1.97937183e-05,3.95875669e-05,5.93813327e-05
0.00000000e+00,1.77732093e-05,3.55463329e-05,5.33194004e-05
0.00000000e+00,1.30887155e-05,2.61776186e-05,3.92663408e-05
0.00000000e+00,1.49163227e-05,2.98325978e-05,4.47487746e-05
0.00000000e+00,1.25612662e-05,2.51224057e-05,3.76835233e-05
0.00000000e+00,0.00000000e+00,0.00000000e+00,0.00000000e+00
0.00000000e+00,0.00000000e+00,0.00000000e+00,0.00000000e+00
0.00000000e+00,8.68762659e-06,1.73752975e-05,2.60629249e-05
0.00000000e+00,8.01491066e-06,1.60298104e-05,2.40446464e-05
0.00000000e+00,0.00000000e+00,0.00000000e+00,0.00000000e+00
0.00000000e+00,0.00000000e+00,0.00000000e+00,0.00000000e+00
0.00000000e+00,0.00000000e+00,0.00000000e+00,0.00000000e+00
0.00000000e+00,0.00000000e+00,0.00000000e+00,0.00000000e+00
0.00000000e+00,0.00000000e+00,0.00000000e+00,0.00000000e+00
0.00000000e+00,2.12519656e-05,4.25039931e-05,6.37559835e-05
0.00000000e+00,1.80120824e-05,3.60241255e-05,5.40362311e-05
0.00000000e+00,0.00000000e+00,0.00000000e+00,0.00000000e+00
0.00000000e+00,0.00000000e+00,0.00000000e+00,0.00000000e+00
0.00000000e+00,0.00000000e+00,0.00000000e+00,0.00000000e+00
0.00000000e+00,1.20666835e-05,2.41333761e-05,3.62000810e-05
0.00000000e+00,1.03805828e-05,2.07610870e-05,3.11416411e-05
0.00000000e+00,1.83290853e-05,3.66581466e-05,5.49871597e-05
0.00000000e+00,1.95565047e-05,3.91130714e-05,5.86696574e-05
0.00000000e+00,1.60744710e-05,3.21489480e-05,4.82234739e-05
0.00000000e+00,2.80530705e-05,5.61063563e-05,8.41594921e-05
0.00000000e+00,2.32382429e-05,4.64765345e-05,6.97150674e-05
0.00000000e+00,2.59715421e-05,5.19431743e-05,7.79147377e-05
0.00000000e+00,2.16516780e-05,4.33032837e-05,6.49550083e-05
0.00000000e+00,2.49671812e-05,4.99345561e-05,7.49016877e-05
0.00000000e+00,2.56595027e-05,5.13190921e-05,7.69787159e-05
0.00000000e+00,2.13429700e-05,4.26860500e-05,6.40292706e-05
0.00000000e+00,2.91367210e-05,5.82735870e-05,8.74103910e-05
0.00000000e+00,2.40670163e-05,4.81336984e-05,7.22007133e-05
0.00000000e+00,2.89333063e-05,5.78667114e-05,8.68000764e-05
0.00000000e+00,2.39138813e-05,4.78276042e-05,7.17415918e-05
0.00000000e+00,2.60137983e-05,5.20277186e-05,7.80415615e-05
0.00000000e+00,2.66254361e-05,5.32508530e-05,7.98763613e-05
0.00000000e+00,2.21537549e-05,4.43072013e-05,6.64609333e-05
0.00000000e+00,2.80531179e-05,5.61062892e-05,8.41594851e-05
0.00000000e+00,2.32384734e-05,4.64768818e-05,6.97150302e-05
0.00000000e+00,2.89333619e-05,5.78667278e-05,8.68000681e-05
0.00000000e+00,2.39140054e-05,4.78277719e-05,7.17415810e-05
0.00000000e+00,2.49671821e-05,4.99344414e-05,7.49016697e-05
0.00000000e+00,2.56596113e-05,5.13191533e-05,7.69787357e-05
0.00000000e+00,2.13431872e-05,4.26863096e-05,6.40292660e-05
0.00000000e+00,2.12519761e-05,4.25039868e-05,6.37560336e-05
0.00000000e+00,1.80120931e-05,3.60241060e-05,5.40361670e-05
0.00000000e+00,2.59715455e-05,5.19431740e-05,7.79147321e-05
0.00000000e+00,2.16517346e-05,4.33034016e-05,6.49549967e-05
0.00000000e+00,1.83290603e-05,3.66581219e-05,5.49871659e-05
0.00000000e+00,1.95565906e-05,3.91131464e-05,5.86696468e-05
0.00000000e+00,1.60744960e-05,3.21489353e-05,4.82234322e-05
0.00000000e+00,0.00000000e+00,0.00000000e+00,0.00000000e+00
0.00000000e+00,0.00000000e+00,0.00000000e+00,0.00000000e+00
0.00000000e+00,1.20667034e-05,2.41333974e-05,3.62000673e-05
0.00000000e+00,1.03805442e-05,2.07611336e-05,3.11416198e-05
0.00000000e+00,0.00000000e+00,0.00000000e+00,0.00000000e+00
0.00000000e+00,0.00000000e+00,0.00000000e+00,0.00000000e+00
0.00000000e+00,0.00000000e+00,0.00000000e+00,0.00000000e+00
0.00000000e+00,0.00000000e+00,0.00000000e+00,0.00000000e+00
0.00000000e+00,0.00000000e+00,0.00000000e+00,0.00000000e+00
0.00000000e+00,2.77481702e-05,5.54964827e-05,8.32447013e-05
0.00000000e+00,2.21512170e-05,4.43023287e-05,6.64536034e-05
0.00000000e+00,0.00000000e+00,0.00000000e+00,0.00000000e+00
0.00000000e+00,0.00000000e+00,0.00000000e+00,0.00000000e+00
0.00000000e+00,0.00000000e+00,0.00000000e+00,0.00000000e+00
0.00000000e+00,1.65694932e-05,3.31390132e-05,4.97085079e-05
0.00000000e+00,1.34970932e-05,2.69940881e-05,4.04911153e-05
0.00000000e+00,2.43498488e-05,4.86998073e-05,7.30497004e-05
0.00000000e+00,2.47792027e-05,4.95584293e-05,7.43377295e-05
0.00000000e+00,2.00063580e-05,4.00126309e-05,6.00190264e-05
0.00000000e+00,3.41849449e-05,6.83699503e-05,1.02554916e-04
0.00000000e+00,2.70225858e-05,5.40451322e-05,8.10683631e-05
0.00000000e+00,3.21033697e-05,6.42068541e-05,9.63103233e-05
0.00000000e+00,2.54343467e-05,5.08685606e-05,7.63029021e-05
0.00000000e+00,3.11956229e-05,6.23913877e-05,9.35870627e-05
0.00000000e+00,3.06604506e-05,6.13209575e-05,9.19817408e-05
0.00000000e+00,2.51741516e-05,5.03483042e-05,7.55229219e-05
0.00000000e+00,3.52204658e-05,7.04409947e-05,1.05661540e-04
0.00000000e+00,2.78163336e-05,5.56324625e-05,8.34490830e-05
0.00000000e+00,3.49952006e-05,6.99904639e-05,1.04985799e-04
0.00000000e+00,2.76397386e-05,5.52791779e-05,8.29189217e-05
0.00000000e+00,3.21809953e-05,6.43620936e-05,9.65431659e-05
0.00000000e+00,3.15566048e-05,6.31131186e-05,9.46699499e-05
0.00000000e+00,2.59400309e-05,5.18797880e-05,7.78199686e-05
0.00000000e+00,3.41849414e-05,6.83698590e-05,1.02554901e-04
0.00000000e+00,2.70229215e-05,5.40456582e-05,8.10682554e-05
0.00000000e+00,3.49952420e-05,6.99904710e-05,1.04985796e-04
0.00000000e+00,2.76398111e-05,5.52793201e-05,8.29188961e-05
0.00000000e+00,3.11956519e-05,6.23913218e-05,9.35870479e-05
0.00000000e+00,3.06605791e-05,6.13211574e-05,9.19817258e-05
0.00000000e+00,2.51744204e-05,5.03487432e-05,7.55228518e-05
0.00000000e+00,2.77482235e-05,5.54965487e-05,8.32447590e-05
0.00000000e+00,2.21512634e-05,4.43025056e-05,6.64535174e-05
0.00000000e+00,3.21033636e-05,6.42068833e-05,9.63103258e-05
0.00000000e+00,2.54344296e-05,5.08687306e-05,7.63028649e-05
0.00000000e+00,2.43498721e-05,4.86998266e-05,7.30497691e-05
0.00000000e+00,2.47792956e-05,4.95584970e-05,7.43376914e-05
0.00000000e+00,2.00063970e-05,4.00127112e-05,6.00189365e-05
0.00000000e+00,0.00000000e+00,0.00000000e+00,0.00000000e+00
0.00000000e+00,0.00000000e+00,0.00000000e+00,0.00000000e+00
0.00000000e+00,1.65695189e-05,3.31390808e-05,4.97085067e-05
0.00000000e+00,1.34970788e-05,2.69941657e-05,4.04910840e-05
0.00000000e+00,0.00000000e+00,0.00000000e+00,0.00000000e+00
0.00000000e+00,0.00000000e+00,0.00000000e+00,0.00000000e+00
0.00000000e+00,0.00000000e+00,0.00000000e+00,0.00000000e+00
0.00000000e+00,0.00000000e+00,0.00000000e+00,0.00000000e+00
0.00000000e+00,0.00000000e+00,0.00000000e+00,0.00000000e+00
0.00000000e+00,3.29568772e-05,6.59138920e-05,9.88708958e-05
0.00000000e+00,2.52378051e-05,5.04754164e-05,7.57131499e-05
0.00000000e+00,0.00000000e+00,0.00000000e+00,0.00000000e+00
0.00000000e+00,0.00000000e+00,0.00000000e+00,0.00000000e+00
0.00000000e+00,0.00000000e+00,0.00000000e+00,0.00000000e+00
0.00000000e+00,2.36826479e-05,4.73653092e-05,7.10479191e-05
0.00000000e+00,1.82173732e-05,3.64345584e-05,5.46518024e-05
0.00000000e+00,3.03209775e-05,6.06420999e-05,9.09631635e-05
0.00000000e+00,2.97090090e-05,5.94180115e-05,8.91271002e-05
0.00000000e+00,2.36951764e-05,4.73902142e-05,7.10854036e-05
0.00000000e+00,3.99856353e-05,7.99713602e-05,1.19957157e-04
0.00000000e+00,3.06001482e-05,6.12000547e-05,9.18005645e-05
0.00000000e+00,3.80481993e-05,7.60964848e-05,1.14144818e-04
0.00000000e+00,2.91017913e-05,5.82033852e-05,8.73051243e-05
0.00000000e+00,3.71561683e-05,7.43123960e-05,1.11468629e-04
0.00000000e+00,3.59983803e-05,7.19967043e-05,1.07995425e-04
0.00000000e+00,2.88441128e-05,5.76881037e-05,8.65327619e-05
0.00000000e+00,4.11005400e-05,8.22010429e-05,1.23301785e-04
0.00000000e+00,3.14558917e-05,6.29113877e-05,9.43673193e-05
0.00000000e+00,4.08609207e-05,8.17218449e-05,1.22582915e-04
0.00000000e+00,3.12784349e-05,6.25564189e-05,9.38348997e-05
0.00000000e+00,3.81547847e-05,7.63095759e-05,1.14464501e-04
0.00000000e+00,3.69971075e-05,7.39940458e-05,1.10991286e-04
0.00000000e+00,2.96340179e-05,5.92677509e-05,8.89019433e-05
0.00000000e+00,3.99856238e-05,7.99714085e-05,1.19957156e-04
0.00000000e+00,3.06003988e-05,6.12004741e-05,9.18004694e-05
0.00000000e+00,4.08609468e-05,8.17218639e-05,1.22582914e-04
0.00000000e+00,3.12785175e-05,6.25565659e-05,9.38348802e-05
0.00000000e+00,3.71561450e-05,7.43123533e-05,1.11468626e-04
0.00000000e+00,3.59985024e-05,7.19969831e-05,1.07995378e-04
0.00000000e+00,2.88444188e-05,5.76885894e-05,8.65326507e-05
0.00000000e+00,3.29570016e-05,6.59139988e-05,9.88708754e-05
0.00000000e+00,2.52378477e-05,5.04756216e-05,7.57130766e-05
0.00000000e+00,3.80482329e-05,7.60965689e-05,1.14144806e-04
0.00000000e+00,2.91018885e-05,5.82035472e-05,8.73050730e-05
0.00000000e+00,3.03210831e-05,6.06421955e-05,9.09631748e-05
0.00000000e+00,2.97090721e-05,5.94181821e-05,8.91270674e-05
0.00000000e+00,2.36952344e-05,4.73904420e-05,7.10853250e-05
0.00000000e+00,0.00000000e+00,0.00000000e+00,0.00000000e+00
0.00000000e+00,0.00000000e+00,0.00000000e+00,0.00000000e+00
0.00000000e+00,2.36826953e-05,4.73653611e-05,7.10479033e-05
0.00000000e+00,1.82173604e-05,3.64345808e-05,5.46517492e-05
0.00000000e+00,0.00000000e+00,0.00000000e+00,0.00000000e+00
0.00000000e+00,0.00000000e+00,0.00000000e+00,0.00000000e+00
0.00000000e+00,0.00000000e+00,0.00000000e+00,0.00000000e+00
0.00000000e+00,0.00000000e+00,0.00000000e+00,0.00000000e+00
0.00000000e+00,1.60953809e-05,3.21906964e-05,4.82858828e-05
0.00000000e+00,0.00000000e+00,0.00000000e+00,0.00000000e+00
0.00000000e+00,0.00000000e+00,0.00000000e+00,0.00000000e+00
0.00000000e+00,8.91150401e-06,1.78230084e-05,2.67344753e-05
0.00000000e+00,1.32711992e-05,2.65423252e-05,3.98134073e-05
0.00000000e+00,1.58105268e-05,3.16210098e-05,4.74313926e-05
0.00000000e+00,2.26538731e-05,4.53080952e-05,6.79619272e-05
0.00000000e+00,2.04882885e-05,4.09767061e-05,6.14649095e-05
0.00000000e+00,1.90653360e-05,3.81309779e-05,5.71962234e-05
0.00000000e+00,2.22358671e-05,4.44719574e-05,6.67077315e-05
0.00000000e+00,2.37800416e-05,4.75602537e-05,7.13403738e-05
0.00000000e+00,2.35360655e-05,4.70723733e-05,7.06084544e-05
0.00000000e+00,2.01037178e-05,4.02077118e-05,6.03115384e-05
0.00000000e+00,2.33334339e-05,4.66669978e-05,7.00004255e-05
0.00000000e+00,2.26538750e-05,4.53078975e-05,6.79619209e-05
0.00000000e+00,2.35360568e-05,4.70722951e-05,7.06084569e-05
0.00000000e+00,1.90652869e-05,3.81307534e-05,5.71962206e-05
0.00000000e+00,2.22357742e-05,4.44717403e-05,6.67076917e-05
0.00000000e+00,1.60952627e-05,3.21905421e-05,4.82859391e-05
0.00000000e+00,2.04882322e-05,4.09765912e-05,6.14649103e-05
0.00000000e+00,1.32710186e-05,2.65422595e-05,3.98134900e-05
0.00000000e+00,1.58104661e-05,3.16209660e-05,4.74314128e-05
0.00000000e+00,0.00000000e+00,0.00000000e+00,0.00000000e+00
0.00000000e+00,8.91147835e-06,1.78229656e-05,2.67344863e-05
0.00000000e+00,0.00000000e+00,0.00000000e+00,0.00000000e+00
0.00000000e+00,0.00000000e+00,0.00000000e+00,0.00000000e+00
0.00000000e+00,0.00000000e+00,0.00000000e+00,0.00000000e+00
0.00000000e+00,2.23471020e-05,4.46942144e-05,6.70411805e-05
0.00000000e+00,0.00000000e+00,0.00000000e+00,0.00000000e+00
0.00000000e+00,0.00000000e+00,0.00000000e+00,0.00000000e+00
0.00000000e+00,1.26205539e-05,2.52411304e-05,3.78616371e-05
0.00000000e+00,1.90896177e-05,3.81792064e-05,5.72686535e-05
0.00000000e+00,2.16804623e-05,4.33609346e-05,6.50412984e-05
0.00000000e+00,2.97421732e-05,5.94845838e-05,8.92267355e-05
0.00000000e+00,2.74697853e-05,5.49396621e-05,8.24093366e-05
0.00000000e+00,2.62353732e-05,5.24710336e-05,7.87063552e-05
0.00000000e+00,2.89145984e-05,5.78294244e-05,8.67439910e-05
0.00000000e+00,3.09315883e-05,6.18633962e-05,9.27951422e-05
0.00000000e+00,3.07071837e-05,6.14145688e-05,9.21217777e-05
0.00000000e+00,2.73817324e-05,5.47636107e-05,8.21454530e-05
0.00000000e+00,3.00714915e-05,6.01432171e-05,9.02147818e-05
0.00000000e+00,2.97420929e-05,5.94843821e-05,8.92267260e-05
0.00000000e+00,3.07071266e-05,6.14144816e-05,9.21217836e-05
0.00000000e+00,2.62353132e-05,5.24708403e-05,7.87063425e-05
0.00000000e+00,2.89145694e-05,5.78292039e-05,8.67439671e-05
0.00000000e+00,2.23470370e-05,4.46940511e-05,6.70412029e-05
0.00000000e+00,2.74696545e-05,5.49394451e-05,8.24093431e-05
0.00000000e+00,1.90895453e-05,3.81790377e-05,5.72686926e-05
0.00000000e+00,2.16804119e-05,4.33609170e-05,6.50413288e-05
0.00000000e+00,0.00000000e+00,0.00000000e+00,0.00000000e+00
0.00000000e+00,1.26205224e-05,2.52410293e-05,3.78616480e-05
0.00000000e+00,0.00000000e+00,0.00000000e+00,0.00000000e+00
0.00000000e+00,0.00000000e+00,0.00000000e+00,0.00000000e+00
0.00000000e+00,0.00000000e+00,0.00000000e+00,0.00000000e+00
0.00000000e+00,2.96842967e-05,5.93686646e-05,8.90529013e-05
0.00000000e+00,0.00000000e+00,0.00000000e+00,0.00000000e+00
0.00000000e+00,0.00000000e+00,0.00000000e+00,0.00000000e+00
0.00000000e+00,1.75835759e-05,3.51671703e-05,5.27506916e-05
0.00000000e+00,2.58312988e-05,5.16626500e-05,7.74938609e-05
0.00000000e+00,2.84814747e-05,5.69629950e-05,8.54443978e-05
0.00000000e+00,3.67031345e-05,7.34065145e-05,1.10109569e-04
0.00000000e+00,3.44345569e-05,6.88692232e-05,1.03303664e-04
0.00000000e+00,3.33134329e-05,6.66270826e-05,9.99404491e-05
0.00000000e+00,3.55157837e-05,7.10317669e-05,1.06547471e-04
0.00000000e+00,3.78320291e-05,7.56644579e-05,1.13496714e-04
0.00000000e+00,3.75897624e-05,7.51798214e-05,1.12769653e-04
0.00000000e+00,3.43869607e-05,6.87742504e-05,1.03161405e-04
0.00000000e+00,3.65797105e-05,7.31595996e-05,1.09739382e-04
0.00000000e+00,3.67029638e-05,7.34061517e-05,1.10109564e-04
0.00000000e+00,3.75897610e-05,7.51797158e-05,1.12769642e-04
0.00000000e+00,3.33133004e-05,6.66267867e-05,9.99404493e-05
0.00000000e+00,3.55157123e-05,7.10315363e-05,1.06547455e-04
0.00000000e+00,2.96842376e-05,5.93685859e-05,8.90528760e-05
0.00000000e+00,3.44344466e-05,6.88690052e-05,1.03303656e-04
0.00000000e+00,2.58312485e-05,5.16625428e-05,7.74938489e-05
0.00000000e+00,2.84814404e-05,5.69629592e-05,8.54444216e-05
0.00000000e+00,0.00000000e+00,0.00000000e+00,0.00000000e+00
0.00000000e+00,1.75834846e-05,3.51670643e-05,5.27507031e-05
0.00000000e+00,0.00000000e+00,0.00000000e+00,0.00000000e+00
0.00000000e+00,0.00000000e+00,0.00000000e+00,0.00000000e+00
0.00000000e+00,0.00000000e+00,0.00000000e+00,0.00000000e+00
0.00000000e+00,3.56328501e-05,7.12657692e-05,1.06898539e-04
0.00000000e+00,0.00000000e+00,0.00000000e+00,0.00000000e+00
0.00000000e+00,0.00000000e+00,0.00000000e+00,0.00000000e+00
0.00000000e+00,2.56143475e-05,5.12286975e-05,7.68429667e-05
0.00000000e+00,3.26081242e-05,6.52163170e-05,9.78243692e-05
0.00000000e+00,3.50001881e-05,7.00004672e-05,1.05000645e-04
0.00000000e+00,4.32834558e-05,8.65673435e-05,1.29850905e-04
0.00000000e+00,4.11808361e-05,8.23618670e-05,1.23542652e-04
0.00000000e+00,4.00854597e-05,8.01712739e-05,1.20256753e-04
0.00000000e+00,4.24695216e-05,8.49392007e-05,1.27408691e-04
0.00000000e+00,4.44869036e-05,8.89742424e-05,1.33461431e-04
0.00000000e+00,4.42259235e-05,8.84522637e-05,1.32678365e-04
0.00000000e+00,4.11497138e-05,8.22998527e-05,1.23449825e-04
0.00000000e+00,4.36417041e-05,8.72836251e-05,1.30925528e-04
0.00000000e+00,4.32833664e-05,8.65670684e-05,1.29850870e-04
0.00000000e+00,4.42260079e-05,8.84522283e-05,1.32678306e-04
0.00000000e+00,4.00853336e-05,8.01709488e-05,1.20256729e-04
0.00000000e+00,4.24694094e-05,8.49389776e-05,1.27408682e-04
0.00000000e+00,3.56328569e-05,7.12656706e-05,1.06898511e-04
0.00000000e+00,4.11807958e-05,8.23617134e-05,1.23542635e-04
0.00000000e+00,3.26080981e-05,6.52162308e-05,9.78243439e-05
0.00000000e+00,3.50001788e-05,7.00004438e-05,1.05000661e-04
0.00000000e+00,0.00000000e+00,0.00000000e+00,0.00000000e+00
0.00000000e+00,2.56142347e-05,5.12285740e-05,7.68429711e-05
0.00000000e+00,0.00000000e+00,0.00000000e+00,0.00000000e+00
0.00000000e+00,0.00000000e+00,0.00000000e+00,0.00000000e+00
0.00000000e+00,0.00000000e+00,0.00000000e+00,0.00000000e+00
0.00000000e+00,1.56338742e-05,3.12678244e-05,4.69015531e-05
0.00000000e+00,0.00000000e+00,0.00000000e+00,0.00000000e+00
0.00000000e+00,0.00000000e+00,0.00000000e+00,0.00000000e+00
0.00000000e+00,8.68763075e-06,1.73753432e-05,2.60629930e-05
0.00000000e+00,1.30889549e-05,2.61778319e-05,3.92664394e-05
0.00000000e+00,1.58105167e-05,3.16210775e-05,4.74314295e-05
0.00000000e+00,2.18096510e-05,4.36195915e-05,6.54290893e-05
0.00000000e+00,1.97937519e-05,3.95877327e-05,5.93814369e-05
0.00000000e+00,1.86478445e-05,3.72956528e-05,5.59428629e-05
0.00000000e+00,2.22358679e-05,4.44719957e-05,6.67077721e-05
0.00000000e+00,2.28519029e-05,4.57041135e-05,6.85558476e-05
0.00000000e+00,2.26264320e-05,4.52532218e-05,6.78796526e-05
0.00000000e+00,1.96210456e-05,3.92421724e-05,5.88626430e-05
0.00000000e+00,2.33334152e-05,4.66671346e-05,7.00004730e-05
0.00000000e+00,2.18095620e-05,4.36194101e-05,6.54290567e-05
0.00000000e+00,2.26264135e-05,4.52531331e-05,6.78796371e-05
0.00000000e+00,1.86475616e-05,3.72953336e-05,5.59427567e-05
0.00000000e+00,2.22357933e-05,4.44717728e-05,6.67077380e-05
0.00000000e+00,1.56338456e-05,3.12677196e-05,4.69014597e-05
0.00000000e+00,1.97937030e-05,3.95876167e-05,5.93814033e-05
0.00000000e+00,1.30888109e-05,2.61776565e-05,3.92663183e-05
0.00000000e+00,1.58104440e-05,3.16209843e-05,4.74314243e-05
0.00000000e+00,0.00000000e+00,0.00000000e+00,0.00000000e+00
0.00000000e+00,8.68763354e-06,1.73753173e-05,2.60629453e-05
0.00000000e+00,0.00000000e+00,0.00000000e+00,0.00000000e+00
0.00000000e+00,0.00000000e+00,0.00000000e+00,0.00000000e+00
0.00000000e+00,0.00000000e+00,0.00000000e+00,0.00000000e+00
0.00000000e+00,2.12519365e-05,4.25041099e-05,6.37561036e-05
0.00000000e+00,0.00000000e+00,0.00000000e+00,0.00000000e+00
0.00000000e+00,0.00000000e+00,0.00000000e+00,0.00000000e+00
0.00000000e+00,1.20666418e-05,2.41334148e-05,3.62001312e-05
0.00000000e+00,1.83290455e-05,3.66582500e-05,5.49872628e-05
0.00000000e+00,2.16804447e-05,4.33609913e-05,6.50413588e-05
0.00000000e+00,2.80530149e-05,5.61064693e-05,8.41596314e-05
0.00000000e+00,2.59714434e-05,5.19432592e-05,7.79148625e-05
0.00000000e+00,2.49671155e-05,4.99346447e-05,7.49018079e-05
0.00000000e+00,2.89145730e-05,5.78294758e-05,8.67440524e-05
0.00000000e+00,2.91366150e-05,5.82736698e-05,8.74105414e-05
0.00000000e+00,2.89331444e-05,5.78668071e-05,8.68002339e-05
0.00000000e+00,2.60137287e-05,5.20278696e-05,7.80416926e-05
0.00000000e+00,3.00714614e-05,6.01432654e-05,9.02148517e-05
0.00000000e+00,2.80530124e-05,5.61063325e-05,8.41596307e-05
0.00000000e+00,2.89331352e-05,5.78667842e-05,8.68002345e-05
0.00000000e+00,2.49671140e-05,4.99344997e-05,7.49018007e-05
0.00000000e+00,2.89145300e-05,5.78292480e-05,8.67440398e-05
0.00000000e+00,2.12519228e-05,4.25040214e-05,6.37560946e-05
0.00000000e+00,2.59714224e-05,5.19431984e-05,7.79148529e-05
0.00000000e+00,1.83290170e-05,3.66581446e-05,5.49872101e-05
0.00000000e+00,2.16803956e-05,4.33609091e-05,6.50413502e-05
0.00000000e+00,0.00000000e+00,0.00000000e+00,0.00000000e+00
0.00000000e+00,1.20666417e-05,2.41333908e-05,3.62001188e-05
0.00000000e+00,0.00000000e+00,0.00000000e+00,0.00000000e+00
0.00000000e+00,0.00000000e+00,0.00000000e+00,0.00000000e+00
0.00000000e+00,0.00000000e+00,0.00000000e+00,0.00000000e+00
0.00000000e+00,2.77480990e-05,5.54965408e-05,8.32448529e-05
0.00000000e+00,0.00000000e+00,0.00000000e+00,0.00000000e+00
0.00000000e+00,0.00000000e+00,0.00000000e+00,0.00000000e+00
0.00000000e+00,1.65694495e-05,3.31390533e-05,4.97085828e-05
0.00000000e+00,2.43498030e-05,4.86998997e-05,7.30498381e-05
0.00000000e+00,2.84814374e-05,5.69630226e-05,8.54444690e-05
0.00000000e+00,3.41848174e-05,6.83700563e-05,1.02555083e-04
0.00000000e+00,3.21032814e-05,6.42069871e-05,9.63104784e-05
0.00000000e+00,3.11955352e-05,6.23915032e-05,9.35872141e-05
0.00000000e+00,3.55157061e-05,7.10317801e-05,1.06547559e-04
0.00000000e+00,3.52202507e-05,7.04410907e-05,1.05661727e-04
0.00000000e+00,3.49950382e-05,6.99906288e-05,1.04985978e-04
0.00000000e+00,3.21808296e-05,6.43621681e-05,9.65433373e-05
0.00000000e+00,3.65795963e-05,7.31596207e-05,1.09739493e-04
0.00000000e+00,3.41846888e-05,6.83699142e-05,1.02555102e-04
0.00000000e+00,3.49949664e-05,6.99905462e-05,1.04985998e-04
0.00000000e+00,3.11954679e-05,6.23913638e-05,9.35872170e-05
0.00000000e+00,3.55155827e-05,7.10315995e-05,1.06547567e-04
0.00000000e+00,2.77481466e-05,5.54965975e-05,8.32448612e-05
0.00000000e+00,3.21032514e-05,6.42069086e-05,9.63104762e-05
0.00000000e+00,2.43498102e-05,4.86998632e-05,7.30498456e-05
0.00000000e+00,2.84814135e-05,5.69629677e-05,8.54444464e-05
0.00000000e+00,0.00000000e+00,0.00000000e+00,0.00000000e+00
0.00000000e+00,1.65694578e-05,3.31390511e-05,4.97085722e-05
0.00000000e+00,0.00000000e+00,0.00000000e+00,0.00000000e+00
0.00000000e+00,0.00000000e+00,0.00000000e+00,0.00000000e+00
0.00000000e+00,0.00000000e+00,0.00000000e+00,0.00000000e+00
0.00000000e+00,3.29567766e-05,6.59139763e-05,9.88710473e-05
0.00000000e+00,0.00000000e+00,0.00000000e+00,0.00000000e+00
0.00000000e+00,0.00000000e+00,0.00000000e+00,0.00000000e+00
0.00000000e+00,2.36825903e-05,4.73653375e-05,7.10480042e-05
0.00000000e+00,3.03208877e-05,6.06421693e-05,9.09633151e-05
0.00000000e+00,3.50001463e-05,7.00004982e-05,1.05000724e-04
0.00000000e+00,3.99854768e-05,7.99715442e-05,1.19957367e-04
0.00000000e+00,3.80480769e-05,7.60966341e-05,1.14145001e-04
0.00000000e+00,3.71560221e-05,7.43125313e-05,1.11468816e-04
0.00000000e+00,4.24694413e-05,8.49392486e-05,1.27408794e-04
0.00000000e+00,4.11003112e-05,8.22012732e-05,1.23302015e-04
0.00000000e+00,4.08606892e-05,8.17220110e-05,1.22583132e-04
0.00000000e+00,3.81545648e-05,7.63097395e-05,1.14464709e-04
0.00000000e+00,4.36415864e-05,8.72837002e-05,1.30925653e-04
0.00000000e+00,3.99853938e-05,7.99714746e-05,1.19957372e-04
0.00000000e+00,4.08606184e-05,8.17219266e-05,1.22583149e-04
0.00000000e+00,3.71558976e-05,7.43124180e-05,1.11468837e-04
0.00000000e+00,4.24692711e-05,8.49390498e-05,1.27408816e-04
0.00000000e+00,3.29569046e-05,6.59140739e-05,9.88710333e-05
0.00000000e+00,3.80481020e-05,7.60965981e-05,1.14144977e-04
0.00000000e+00,3.03209909e-05,6.06422422e-05,9.09633054e-05
0.00000000e+00,3.50001219e-05,7.00004356e-05,1.05000712e-04
0.00000000e+00,0.00000000e+00,0.00000000e+00,0.00000000e+00
0.00000000e+00,2.36826134e-05,4.73653596e-05,7.10479877e-05
0.00000000e+00,0.00000000e+00,0.00000000e+00,0.00000000e+00
0.00000000e+00,0.00000000e+00,0.00000000e+00,0.00000000e+00
0.00000000e+00,0.00000000e+00,0.00000000e+00,0.00000000e+00
0.00000000e+00,1.42735611e-05,2.85475564e-05,4.28215820e-05
0.00000000e+00,0.00000000e+00,0.00000000e+00,0.00000000e+00
0.00000000e+00,0.00000000e+00,0.00000000e+00,0.00000000e+00
0.00000000e+00,8.01478794e-06,1.60297579e-05,2.40447277e-05
0.00000000e+00,1.25607929e-05,2.51220992e-05,3.76836680e-05
0.00000000e+00,1.49161106e-05,2.98325107e-05,4.47489048e-05
0.00000000e+00,1.93928488e-05,3.87867252e-05,5.81805728e-05
0.00000000e+00,1.77728282e-05,3.55462602e-05,5.33196010e-05
0.00000000e+00,1.74440120e-05,3.48894455e-05,5.23350538e-05
0.00000000e+00,2.06083966e-05,4.12174972e-05,6.18263616e-05
0.00000000e+00,2.02253279e-05,4.04514909e-05,6.06775478e-05
0.00000000e+00,2.00502855e-05,4.01013938e-05,6.01523754e-05
0.00000000e+00,1.82509911e-05,3.65030677e-05,5.47554743e-05
0.00000000e+00,2.15482617e-05,4.30971578e-05,6.46459067e-05
0.00000000e+00,1.93931337e-05,3.87868687e-05,5.81806552e-05
0.00000000e+00,2.00503825e-05,4.01014637e-05,6.01523959e-05
0.00000000e+00,1.74445773e-05,3.48898553e-05,5.23352378e-05
0.00000000e+00,2.06085327e-05,4.12175344e-05,6.18263995e-05
0.00000000e+00,1.42735651e-05,2.85476698e-05,4.28216031e-05
0.00000000e+00,1.77728914e-05,3.55462940e-05,5.33196042e-05
0.00000000e+00,1.25609784e-05,2.51223781e-05,3.76837840e-05
0.00000000e+00,1.49161630e-05,2.98325937e-05,4.47489252e-05
0.00000000e+00,0.00000000e+00,0.00000000e+00,0.00000000e+00
0.00000000e+00,8.01480294e-06,1.60297888e-05,2.40447207e-05
0.00000000e+00,0.00000000e+00,0.00000000e+00,0.00000000e+00
0.00000000e+00,0.00000000e+00,0.00000000e+00,0.00000000e+00
0.00000000e+00,0.00000000e+00,0.00000000e+00,0.00000000e+00
0.00000000e+00,1.80119012e-05,3.60242538e-05,5.40364268e-05
0.00000000e+00,0.00000000e+00,0.00000000e+00,0.00000000e+00
0.00000000e+00,0.00000000e+00,0.00000000e+00,0.00000000e+00
0.00000000e+00,1.03804667e-05,2.07611290e-05,3.11417400e-05
0.00000000e+00,1.60742921e-05,3.21490228e-05,4.82236644e-05
0.00000000e+00,1.95564090e-05,3.91131635e-05,5.86698073e-05
0.00000000e+00,2.32379184e-05,4.64766834e-05,6.97153785e-05
0.00000000e+00,2.16513385e-05,4.33033949e-05,6.49552734e-05
0.00000000e+00,2.13425934e-05,4.26860913e-05,6.40295684e-05
0.00000000e+00,2.56593003e-05,5.13192116e-05,7.69789425e-05
0.00000000e+00,2.40665221e-05,4.81338820e-05,7.22010581e-05
0.00000000e+00,2.39134017e-05,4.78277412e-05,7.17419283e-05
0.00000000e+00,2.21532726e-05,4.43073567e-05,6.64612621e-05
0.00000000e+00,2.66251486e-05,5.32509468e-05,7.98766023e-05
0.00000000e+00,2.32380190e-05,4.64768211e-05,6.97153773e-05
0.00000000e+00,2.39135428e-05,4.78278178e-05,7.17419281e-05
0.00000000e+00,2.13427641e-05,4.26862037e-05,6.40296069e-05
0.00000000e+00,2.56593261e-05,5.13191564e-05,7.69789635e-05
0.00000000e+00,1.80117652e-05,3.60242080e-05,5.40363876e-05
0.00000000e+00,2.16513668e-05,4.33034000e-05,6.49552309e-05
0.00000000e+00,1.60742293e-05,3.21490627e-05,4.82236489e-05
0.00000000e+00,1.95564234e-05,3.91131989e-05,5.86698031e-05
0.00000000e+00,0.00000000e+00,0.00000000e+00,0.00000000e+00
0.00000000e+00,1.03804577e-05,2.07611227e-05,3.11416928e-05
0.00000000e+00,0.00000000e+00,0.00000000e+00,0.00000000e+00
0.00000000e+00,0.00000000e+00,0.00000000e+00,0.00000000e+00
0.00000000e+00,0.00000000e+00,0.00000000e+00,0.00000000e+00
0.00000000e+00,2.21509551e-05,4.43025330e-05,6.64538196e-05
0.00000000e+00,0.00000000e+00,0.00000000e+00,0.00000000e+00
0.00000000e+00,0.00000000e+00,0.00000000e+00,0.00000000e+00
0.00000000e+00,1.34969451e-05,2.69941356e-05,4.04912180e-05
0.00000000e+00,2.00061341e-05,4.00128024e-05,6.00192296e-05
0.00000000e+00,2.47790608e-05,4.95585503e-05,7.43379156e-05
0.00000000e+00,2.70224107e-05,5.40456126e-05,8.10687168e-05
0.00000000e+00,2.54339935e-05,5.08687124e-05,7.63031801e-05
0.00000000e+00,2.51739109e-05,5.03486233e-05,7.55232518e-05
0.00000000e+00,3.06602717e-05,6.13212139e-05,9.19820128e-05
0.00000000e+00,2.78159478e-05,5.56328175e-05,8.34495056e-05
0.00000000e+00,2.76392022e-05,5.52793379e-05,8.29192941e-05
0.00000000e+00,2.59396002e-05,5.18800603e-05,7.78203512e-05
0.00000000e+00,3.15562929e-05,6.31133470e-05,9.46702555e-05
0.00000000e+00,2.70224084e-05,5.40457533e-05,8.10687037e-05
0.00000000e+00,2.76392568e-05,5.52794012e-05,8.29193084e-05
0.00000000e+00,2.51739543e-05,5.03487701e-05,7.55232503e-05
0.00000000e+00,3.06602586e-05,6.13211644e-05,9.19820176e-05
0.00000000e+00,2.21509363e-05,4.43023945e-05,6.64537807e-05
0.00000000e+00,2.54339558e-05,5.08686831e-05,7.63031711e-05
0.00000000e+00,2.00060618e-05,4.00127335e-05,6.00191864e-05
0.00000000e+00,2.47790850e-05,4.95585888e-05,7.43378840e-05
0.00000000e+00,0.00000000e+00,0.00000000e+00,0.00000000e+00
0.00000000e+00,1.34969276e-05,2.69940949e-05,4.04911957e-05
0.00000000e+00,0.00000000e+00,0.00000000e+00,0.00000000e+00
0.00000000e+00,0.00000000e+00,0.00000000e+00,0.00000000e+00
0.00000000e+00,0.00000000e+00,0.00000000e+00,0.00000000e+00
0.00000000e+00,2.52374243e-05,5.04755788e-05,7.57134041e-05
0.00000000e+00,0.00000000e+00,0.00000000e+00,0.00000000e+00
0.00000000e+00,0.00000000e+00,0.00000000e+00,0.00000000e+00
0.00000000e+00,1.82171422e-05,3.64346318e-05,5.46519212e-05
0.00000000e+00,2.36948717e-05,4.73904036e-05,7.10856357e-05
0.00000000e+00,2.97088128e-05,5.94181338e-05,8.91273023e-05
0.00000000e+00,3.05998253e-05,6.12004279e-05,9.18009820e-05
0.00000000e+00,2.91013550e-05,5.82035313e-05,8.73054594e-05
0.00000000e+00,2.88438833e-05,5.76885569e-05,8.65331458e-05
0.00000000e+00,3.59981279e-05,7.19970187e-05,1.07995733e-04
0.00000000e+00,3.14553632e-05,6.29116266e-05,9.43678165e-05
0.00000000e+00,3.12778899e-05,6.25566965e-05,9.38353541e-05
0.00000000e+00,2.96335596e-05,5.92680550e-05,8.89024019e-05
0.00000000e+00,3.69967016e-05,7.39942414e-05,1.10991654e-04
0.00000000e+00,3.05998080e-05,6.12005201e-05,9.18009382e-05
0.00000000e+00,3.12778946e-05,6.25567694e-05,9.38353490e-05
0.00000000e+00,2.88438722e-05,5.76886450e-05,8.65331126e-05
0.00000000e+00,3.59981042e-05,7.19969715e-05,1.07995724e-04
0.00000000e+00,2.52374659e-05,5.04753262e-05,7.57133551e-05
0.00000000e+00,2.91012998e-05,5.82035176e-05,8.73054564e-05
0.00000000e+00,2.36948954e-05,4.73902427e-05,7.10855925e-05
0.00000000e+00,2.97088096e-05,5.94180769e-05,8.91272859e-05
0.00000000e+00,0.00000000e+00,0.00000000e+00,0.00000000e+00
0.00000000e+00,1.82171795e-05,3.64345960e-05,5.46518779e-05
0.00000000e+00,0.00000000e+00,0.00000000e+00,0.00000000e+00
0.00000000e+00,0.00000000e+00,0.00000000e+00,0.00000000e+00
0.00000000e+00,0.00000000e+00,0.00000000e+00,0.00000000e+00
0.00000000e+00,7.19759661e-06,1.43955197e-05,2.15934154e-05
0.00000000e+00,0.00000000e+00,0.00000000e+00,0.00000000e+00
0.00000000e+00,0.00000000e+00,0.00000000e+00,0.00000000e+00
0.00000000e+00,4.00391241e-06,8.00805833e-06,1.20121994e-05
0.00000000e+00,6.24179407e-06,1.24838821e-05,1.87259811e-05
0.00000000e+00,1.06507581e-05,2.13018945e-05,3.19529849e-05
0.00000000e+00,1.00300778e-05,2.00609588e-05,3.00917017e-05
0.00000000e+00,9.10220332e-06,1.82050033e-05,2.73077083e-05
0.00000000e+00,8.88631827e-06,1.77733344e-05,2.66602151e-05
0.00000000e+00,1.47237597e-05,2.94484196e-05,4.41729122e-05
0.00000000e+00,1.05056903e-05,2.10122226e-05,3.15185876e-05
0.00000000e+00,1.04046175e-05,2.08100582e-05,3.12153117e-05
0.00000000e+00,9.34733839e-06,1.86954639e-05,2.80433986e-05
0.00000000e+00,1.53908282e-05,3.07824822e-05,4.61739594e-05
0.00000000e+00,1.00302874e-05,2.00611797e-05,3.00916448e-05
0.00000000e+00,1.04046755e-05,2.08101315e-05,3.12153257e-05
0.00000000e+00,8.88646383e-06,1.77734760e-05,2.66602108e-05
0.00000000e+00,1.47239638e-05,2.94485887e-05,4.41729038e-05
0.00000000e+00,7.19769067e-06,1.43957083e-05,2.15933168e-05
0.00000000e+00,9.10231635e-06,1.82051593e-05,2.73077434e-05
0.00000000e+00,6.24181046e-06,1.24840005e-05,1.87259620e-05
0.00000000e+00,1.06507860e-05,2.13019976e-05,3.19529397e-05
0.00000000e+00,0.00000000e+00,0.00000000e+00,0.00000000e+00
0.00000000e+00,4.00398452e-06,8.00814694e-06,1.20121760e-05
0.00000000e+00,0.00000000e+00,0.00000000e+00,0.00000000e+00
0.00000000e+00,0.00000000e+00,0.00000000e+00,0.00000000e+00
0.00000000e+00,0.00000000e+00,0.00000000e+00,0.00000000e+00
0.00000000e+00,9.31540274e-06,1.86313824e-05,2.79469883e-05
0.00000000e+00,0.00000000e+00,0.00000000e+00,0.00000000e+00
0.00000000e+00,0.00000000e+00,0.00000000e+00,0.00000000e+00
0.00000000e+00,5.29345897e-06,1.05871879e-05,1.58808188e-05
0.00000000e+00,8.20948845e-06,1.64194311e-05,2.46291892e-05
0.00000000e+00,1.35427048e-05,2.70859230e-05,4.06288690e-05
0.00000000e+00,1.22747834e-05,2.45506265e-05,3.68262781e-05
0.00000000e+00,1.13775831e-05,2.27559293e-05,3.41340856e-05
0.00000000e+00,1.11677973e-05,2.23365311e-05,3.35051078e-05
0.00000000e+00,1.77834070e-05,3.55677305e-05,5.33518541e-05
0.00000000e+00,1.27567460e-05,2.55143872e-05,3.82718312e-05
0.00000000e+00,1.26646156e-05,2.53301548e-05,3.79954500e-05
0.00000000e+00,1.16392209e-05,2.32792950e-05,3.49191681e-05
0.00000000e+00,1.84431158e-05,3.68871451e-05,5.53309797e-05
0.00000000e+00,1.22750406e-05,2.45508495e-05,3.68262231e-05
0.00000000e+00,1.26646550e-05,2.53302493e-05,3.79954629e-05
0.00000000e+00,1.11680060e-05,2.23367155e-05,3.35050482e-05
0.00000000e+00,1.77835214e-05,3.55678496e-05,5.33518209e-05
0.00000000e+00,9.31526294e-06,1.86311204e-05,2.79469463e-05
0.00000000e+00,1.13776980e-05,2.27560560e-05,3.41340563e-05
0.00000000e+00,8.20946879e-06,1.64193869e-05,2.46291135e-05
0.00000000e+00,1.35426025e-05,2.70857805e-05,4.06288484e-05
0.00000000e+00,0.00000000e+00,0.00000000e+00,0.00000000e+00
0.00000000e+00,5.29351573e-06,1.05872403e-05,1.58807868e-05
0.00000000e+00,0.00000000e+00,0.00000000e+00,0.00000000e+00
0.00000000e+00,0.00000000e+00,0.00000000e+00,0.00000000e+00
0.00000000e+00,0.00000000e+00,0.00000000e+00,0.00000000e+00
0.00000000e+00,1.17969375e-05,2.35943962e-05,3.53916388e-05
0.00000000e+00,0.00000000e+00,0.00000000e+00,0.00000000e+00
0.00000000e+00,0.00000000e+00,0.00000000e+00,0.00000000e+00
0.00000000e+00,7.00507761e-06,1.40104406e-05,2.10156724e-05
0.00000000e+00,1.04968263e-05,2.09942217e-05,3.14913037e-05
0.00000000e+00,1.68117839e-05,3.36241655e-05,5.04362642e-05
0.00000000e+00,1.44816316e-05,2.89642338e-05,4.34467021e-05
0.00000000e+00,1.36107956e-05,2.72224138e-05,4.08338026e-05
0.00000000e+00,1.34108821e-05,2.68227893e-05,4.02345513e-05
0.00000000e+00,2.08075649e-05,4.16160051e-05,6.24243537e-05
0.00000000e+00,1.49297998e-05,2.98606940e-05,4.47913265e-05
0.00000000e+00,1.48317939e-05,2.96646365e-05,4.44971635e-05
0.00000000e+00,1.38429390e-05,2.76868825e-05,4.15305914e-05
0.00000000e+00,2.14065636e-05,4.28141261e-05,6.42214984e-05
0.00000000e+00,1.44817187e-05,2.89644753e-05,4.34466890e-05
0.00000000e+00,1.48318017e-05,2.96647010e-05,4.44971568e-05
0.00000000e+00,1.34110491e-05,2.68230254e-05,4.02345189e-05
0.00000000e+00,2.08075885e-05,4.16161994e-05,6.24243304e-05
0.00000000e+00,1.17968618e-05,2.35943411e-05,3.53916115e-05
0.00000000e+00,1.36107794e-05,2.72224475e-05,4.08337779e-05
0.00000000e+00,1.04967118e-05,2.09940450e-05,3.14912749e-05
0.00000000e+00,1.68117488e-05,3.36240530e-05,5.04362357e-05
0.00000000e+00,0.00000000e+00,0.00000000e+00,0.00000000e+00
0.00000000e+00,7.00506605e-06,1.40104298e-05,2.10156521e-05
0.00000000e+00,0.00000000e+00,0.00000000e+00,0.00000000e+00
0.00000000e+00,0.00000000e+00,0.00000000e+00,0.00000000e+00
0.00000000e+00,0.00000000e+00,0.00000000e+00,0.00000000e+00
0.00000000e+00,1.36212528e-05,2.72430560e-05,4.08646126e-05
0.00000000e+00,0.00000000e+00,0.00000000e+00,0.00000000e+00
0.00000000e+00,0.00000000e+00,0.00000000e+00,0.00000000e+00
0.00000000e+00,9.86000160e-06,1.97202062e-05,2.95802958e-05
0.00000000e+00,1.27027021e-05,2.54059875e-05,3.81090256e-05
0.00000000e+00,1.98340125e-05,3.96687095e-05,5.95031298e-05
0.00000000e+00,1.65638989e-05,3.31290054e-05,4.96937439e-05
0.00000000e+00,1.57468156e-05,3.14944203e-05,4.72417131e-05
0.00000000e+00,1.55529124e-05,3.11068720e-05,4.66606259e-05
0.00000000e+00,2.40564656e-05,4.81139138e-05,7.21711969e-05
0.00000000e+00,1.70229324e-05,3.40472335e-05,5.10709658e-05
0.00000000e+00,1.69266594e-05,3.38546247e-05,5.07821125e-05
0.00000000e+00,1.59710743e-05,3.19433398e-05,4.79152341e-05
0.00000000e+00,2.47180601e-05,4.94372630e-05,7.41561777e-05
0.00000000e+00,1.65640175e-05,3.31291892e-05,4.96937028e-05
0.00000000e+00,1.69267565e-05,3.38546862e-05,5.07820869e-05
0.00000000e+00,1.55530009e-05,3.11071289e-05,4.66606028e-05
0.00000000e+00,2.40564640e-05,4.81140790e-05,7.21711750e-05
0.00000000e+00,1.36210822e-05,2.72429626e-05,4.08646056e-05
0.00000000e+00,1.57467548e-05,3.14943967e-05,4.72416816e-05
0.00000000e+00,1.27025852e-05,2.54058799e-05,3.81090148e-05
0.00000000e+00,1.98339701e-05,3.96685394e-05,5.95031069e-05
0.00000000e+00,0.00000000e+00,0.00000000e+00,0.00000000e+00
0.00000000e+00,9.85993151e-06,1.97201583e-05,2.95802587e-05
0.00000000e+00,0.00000000e+00,0.00000000e+00,0.00000000e+00
0.00000000e+00,0.00000000e+00,0.00000000e+00,0.00000000e+00
0.00000000e+00,0.00000000e+00,0.00000000e+00,0.00000000e+00
0.00000000e+00,-2.93279775e-10,-2.79551397e-10,1.24637366e-10
0.00000000e+00,0.00000000e+00,0.00000000e+00,0.00000000e+00
0.00000000e+00,0.00000000e+00,0.00000000e+00,0.00000000e+00
0.00000000e+00,-1.25493472e-10,-5.30755280e-11,3.98808310e-11
0.00000000e+00,-2.08982378e-10,-1.17764832e-10,8.27099060e-11
0.00000000e+00,3.56835698e-06,7.13701391e-06,1.07059302e-05
0.00000000e+00,-5.59223590e-10,-3.19791113e-10,2.04287536e-10
0.00000000e+00,-3.07511346e-10,-5.04913841e-11,1.10696469e-10
0.00000000e+00,-3.76467138e-10,-1.46559543e-10,1.27775253e-10
0.00000000e+00,5.01698196e-06,1.00347734e-05,1.50527022e-05
0.00000000e+00,-5.93036594e-10,-3.40649964e-10,1.25538841e-10
0.00000000e+00,-3.90920133e-10,1.67005133e-11,1.41800004e-10
0.00000000e+00,-3.79884059e-10,-9.36126890e-11,9.67514746e-11
0.00000000e+00,5.26297228e-06,1.05267994e-05,1.57907238e-05
0.00000000e+00,-5.22511456e-10,-3.21101004e-10,4.81421030e-11
0.00000000e+00,-3.74576838e-10,4.65832295e-11,1.34641364e-10
0.00000000e+00,-3.41161904e-10,-8.13200234e-11,6.46810686e-11
0.00000000e+00,5.01713769e-06,1.00349086e-05,1.50525722e-05
0.00000000e+00,-4.21034736e-10,-3.04994071e-10,4.16745962e-11
0.00000000e+00,-2.82712249e-10,4.59788545e-11,1.16702067e-10
0.00000000e+00,-2.67362406e-10,-1.74963124e-10,4.52862827e-11
0.00000000e+00,3.56833317e-06,7.13711608e-06,1.07058269e-05
0.00000000e+00,0.00000000e+00,0.00000000e+00,0.00000000e+00
0.00000000e+00,-7.89831617e-11,4.30080244e-11,2.53833179e-11
0.00000000e+00,0.00000000e+00,0.00000000e+00,0.00000000e+00
0.00000000e+00,0.00000000e+00,0.00000000e+00,0.00000000e+00
0.00000000e+00,0.00000000e+00,0.00000000e+00,0.00000000e+00
0.00000000e+00,-3.61572844e-10,-1.55287123e-10,9.25694800e-11
0.00000000e+00,0.00000000e+00,0.00000000e+00,0.00000000e+00
0.00000000e+00,0.00000000e+00,0.00000000e+00,0.00000000e+00
0.00000000e+00,-1.37552493e-10,-3.46840087e-11,4.70755343e-11
0.00000000e+00,-3.28350311e-10,-2.25530448e-10,1.07340959e-10
0.00000000e+00,4.60940411e-06,9.21937447e-06,1.38291712e-05
0.00000000e+00,-4.38947017e-10,-3.24110670e-11,1.78100483e-10
0.00000000e+00,-3.98496163e-10,-7.87739321e-11,1.32075436e-10
0.00000000e+00,-5.11479715e-10,-1.93870206e-10,1.86972992e-10
0.00000000e+00,6.14646259e-06,1.22938865e-05,1.84411292e-05
0.00000000e+00,-4.37927920e-10,5.49445114e-11,1.87479050e-10
0.00000000e+00,-4.93772198e-10,-4.15676199e-11,1.68482932e-10
0.00000000e+00,-5.20681857e-10,-1.62738770e-10,1.54249010e-10
0.00000000e+00,6.39107685e-06,1.27830373e-05,1.91747434e-05
0.00000000e+00,-4.17975996e-10,5.28826018e-11,1.55134210e-10
0.00000000e+00,-4.62809135e-10,9.55132401e-12,1.65395134e-10
0.00000000e+00,-4.49322271e-10,-1.11213215e-10,9.62772956e-11
0.00000000e+00,6.14661777e-06,1.22940829e-05,1.84410887e-05
0.00000000e+00,-2.27497481e-10,-8.60176591e-12,1.12182767e-10
0.00000000e+00,-3.37052529e-10,1.42290888e-11,1.19574889e-10
0.00000000e+00,-3.11603497e-10,-1.69000312e-10,7.25971430e-11
0.00000000e+00,4.60940892e-06,9.21932124e-06,1.38291637e-05
0.00000000e+00,0.00000000e+00,0.00000000e+00,0.00000000e+00
0.00000000e+00,-1.28659196e-10,-9.18412098e-12,3.00172274e-11
0.00000000e+00,0.00000000e+00,0.00000000e+00,0.00000000e+00
0.00000000e+00,0.00000000e+00,0.00000000e+00,0.00000000e+00
0.00000000e+00,0.00000000e+00,0.00000000e+00,0.00000000e+00
0.00000000e+00,-2.73682260e-10,5.35896126e-11,1.34141127e-10
0.00000000e+00,0.00000000e+00,0.00000000e+00,0.00000000e+00
0.00000000e+00,0.00000000e+00,0.00000000e+00,0.00000000e+00
0.00000000e+00,-1.52285252e-10,-1.45524788e-11,5.91550407e-11
0.00000000e+00,-3.20379849e-10,-3.93574524e-11,1.12229408e-10
0.00000000e+00,5.83350570e-06,1.16675504e-05,1.75013603e-05
0.00000000e+00,-3.91154321e-10,1.73993775e-10,2.11939601e-10
0.00000000e+00,-4.26956214e-10,-5.26404954e-12,1.61736282e-10
0.00000000e+00,-4.08517703e-10,7.38399084e-11,1.92738417e-10
0.00000000e+00,7.26213215e-06,1.45252151e-05,2.17879207e-05
0.00000000e+00,-4.57295733e-10,1.39365787e-10,2.07887642e-10
0.00000000e+00,-5.57936711e-10,2.37959228e-11,1.98683835e-10
0.00000000e+00,-4.25419285e-10,1.17576373e-10,1.94041820e-10
0.00000000e+00,7.47732956e-06,1.49557051e-05,2.24336892e-05
0.00000000e+00,-4.59779261e-10,7.65194093e-11,1.62903020e-10
0.00000000e+00,-5.54843843e-10,2.38053871e-11,1.99375420e-10
0.00000000e+00,-4.34075210e-10,6.34391262e-11,1.63670972e-10
0.00000000e+00,7.26215288e-06,1.45252381e-05,2.17878852e-05
0.00000000e+00,-3.05642442e-10,2.05026919e-11,9.76107904e-11
0.00000000e+00,-3.99698064e-10,4.22735426e-11,1.37943378e-10
0.00000000e+00,-2.60442749e-10,2.19044300e-11,1.07894311e-10
0.00000000e+00,5.83343983e-06,1.16674915e-05,1.75013275e-05
0.00000000e+00,0.00000000e+00,0.00000000e+00,0.00000000e+00
0.00000000e+00,-1.74363342e-10,-2.10410184e-12,5.22334457e-11
0.00000000e+00,0.00000000e+00,0.00000000e+00,0.00000000e+00
0.00000000e+00,0.00000000e+00,0.00000000e+00,0.00000000e+00
0.00000000e+00,0.00000000e+00,0.00000000e+00,0.00000000e+00
0.00000000e+00,-2.58763069e-10,8.48807272e-11,1.53274372e-10
0.00000000e+00,0.00000000e+00,0.00000000e+00,0.00000000e+00
0.00000000e+00,0.00000000e+00,0.00000000e+00,0.00000000e+00
0.00000000e+00,-1.64658854e-10,1.81615023e-11,7.14608207e-11
0.00000000e+00,-2.55455424e-10,6.98349954e-11,1.43305283e-10
0.00000000e+00,6.94967168e-06,1.38999313e-05,2.08498991e-05
0.00000000e+00,-5.66088813e-10,1.19346026e-10,2.17474627e-10
0.00000000e+00,-4.64628074e-10,5.35591295e-11,1.89140497e-10
0.00000000e+00,-4.83493517e-10,1.49199836e-10,2.13370908e-10
0.00000000e+00,8.44842393e-06,1.68980992e-05,2.53472175e-05
0.00000000e+00,-7.53556231e-10,5.48340694e-11,2.18898590e-10
0.00000000e+00,-6.49916441e-10,4.65681971e-11,2.40096263e-10
0.00000000e+00,-6.04936559e-10,1.01333704e-10,2.09430345e-10
0.00000000e+00,8.67974324e-06,1.73609639e-05,2.60415817e-05
0.00000000e+00,-6.30092511e-10,1.89375023e-11,1.65911404e-10
0.00000000e+00,-6.37389780e-10,3.94391088e-11,2.33417603e-10
0.00000000e+00,-5.53669955e-10,3.96574558e-11,1.64015211e-10
0.00000000e+00,8.44840016e-06,1.68980210e-05,2.53471648e-05
0.00000000e+00,-4.19563050e-10,-3.81889119e-11,9.47642842e-11
0.00000000e+00,-4.64866666e-10,3.06771253e-11,1.57198414e-10
0.00000000e+00,-3.69292424e-10,2.62242045e-12,9.88464723e-11
0.00000000e+00,6.94951197e-06,1.38997937e-05,2.08498439e-05
0.00000000e+00,0.00000000e+00,0.00000000e+00,0.00000000e+00
0.00000000e+00,-1.93730000e-10,-6.24872843e-12,4.78097275e-11
0.00000000e+00,0.00000000e+00,0.00000000e+00,0.00000000e+00
0.00000000e+00,0.00000000e+00,0.00000000e+00,0.00000000e+00
0.00000000e+00,0.00000000e+00,0.00000000e+00,0.00000000e+00
0.00000000e+00,-7.19797934e-06,-1.43955956e-05,-2.15931726e-05
0.00000000e+00,0.00000000e+00,0.00000000e+00,0.00000000e+00
0.00000000e+00,0.00000000e+00,0.00000000e+00,0.00000000e+00
0.00000000e+00,-4.00413172e-06,-8.00811791e-06,-1.20121156e-05
0.00000000e+00,-6.24212879e-06,-1.24839837e-05,-1.87258329e-05
0.00000000e+00,-3.56883410e-06,-7.13737710e-06,-1.07056810e-05
0.00000000e+00,-1.00309157e-05,-2.00610404e-05,-3.00913393e-05
0.00000000e+00,-9.10281877e-06,-1.82051166e-05,-2.73075198e-05
0.00000000e+00,-8.88704952e-06,-1.77734215e-05,-2.66599503e-05
0.00000000e+00,-5.01798229e-06,-1.00351832e-05,-1.50523088e-05
0.00000000e+00,-1.05065294e-05,-2.10121821e-05,-3.15182574e-05
0.00000000e+00,-1.04054192e-05,-2.08101035e-05,-3.12150601e-05
0.00000000e+00,-9.34805013e-06,-1.86954110e-05,-2.80431154e-05
0.00000000e+00,-5.26400123e-06,-1.05271923e-05,-1.57904421e-05
0.00000000e+00,-1.00308293e-05,-2.00610162e-05,-3.00913889e-05
0.00000000e+00,-1.04053993e-05,-2.08100890e-05,-3.12150578e-05
0.00000000e+00,-8.88681873e-06,-1.77732315e-05,-2.66599819e-05
0.00000000e+00,-5.01792974e-06,-1.00351829e-05,-1.50524166e-05
0.00000000e+00,-7.19807979e-06,-1.43955382e-05,-2.15931388e-05
0.00000000e+00,-9.10282252e-06,-1.82050529e-05,-2.73075157e-05
0.00000000e+00,-6.24216230e-06,-1.24838783e-05,-1.87258147e-05
0.00000000e+00,-3.56897046e-06,-7.13736562e-06,-1.07057198e-05
0.00000000e+00,0.00000000e+00,0.00000000e+00,0.00000000e+00
0.00000000e+00,-4.00414923e-06,-8.00811031e-06,-1.20121096e-05
0.00000000e+00,0.00000000e+00,0.00000000e+00,0.00000000e+00
0.00000000e+00,0.00000000e+00,0.00000000e+00,0.00000000e+00
0.00000000e+00,0.00000000e+00,0.00000000e+00,0.00000000e+00
0.00000000e+00,-9.31589516e-06,-1.86313785e-05,-2.79468092e-05
0.00000000e+00,0.00000000e+00,0.00000000e+00,0.00000000e+00
0.00000000e+00,0.00000000e+00,0.00000000e+00,0.00000000e+00
0.00000000e+00,-5.29369753e-06,-1.05872068e-05,-1.58807231e-05
0.00000000e+00,-8.20994173e-06,-1.64194817e-05,-2.46289721e-05
0.00000000e+00,-4.61002777e-06,-9.21955685e-06,-1.38289921e-05
0.00000000e+00,-1.22757587e-05,-2.45507254e-05,-3.68259788e-05
0.00000000e+00,-1.13783392e-05,-2.27560150e-05,-3.41338341e-05
0.00000000e+00,-1.11687114e-05,-2.23366248e-05,-3.35047658e-05
0.00000000e+00,-6.14739330e-06,-1.22939735e-05,-1.84408085e-05
0.00000000e+00,-1.27576851e-05,-2.55143971e-05,-3.82715197e-05
0.00000000e+00,-1.26655775e-05,-2.53302044e-05,-3.79951377e-05
0.00000000e+00,-1.16401042e-05,-2.32792629e-05,-3.49188483e-05
0.00000000e+00,-6.39198026e-06,-1.27830082e-05,-1.91743995e-05
0.00000000e+00,-1.22757698e-05,-2.45507175e-05,-3.68259492e-05
0.00000000e+00,-1.26655422e-05,-2.53301721e-05,-3.79951297e-05
0.00000000e+00,-1.11686715e-05,-2.23366187e-05,-3.35047809e-05
0.00000000e+00,-6.14739919e-06,-1.22939321e-05,-1.84407923e-05
0.00000000e+00,-9.31574753e-06,-1.86311879e-05,-2.79468174e-05
0.00000000e+00,-1.13782672e-05,-2.27559233e-05,-3.41338235e-05
0.00000000e+00,-8.20989361e-06,-1.64193328e-05,-2.46289635e-05
0.00000000e+00,-4.60987784e-06,-9.21937684e-06,-1.38289886e-05
0.00000000e+00,0.00000000e+00,0.00000000e+00,0.00000000e+00
0.00000000e+00,-5.29368150e-06,-1.05871510e-05,-1.58807321e-05
0.00000000e+00,0.00000000e+00,0.00000000e+00,0.00000000e+00
0.00000000e+00,0.00000000e+00,0.00000000e+00,0.00000000e+00
0.00000000e+00,0.00000000e+00,0.00000000e+00,0.00000000e+00
0.00000000e+00,-1.17974834e-05,-2.35944516e-05,-3.53914259e-05
0.00000000e+00,0.00000000e+00,0.00000000e+00,0.00000000e+00
0.00000000e+00,0.00000000e+00,0.00000000e+00,0.00000000e+00
0.00000000e+00,-7.00535798e-06,-1.40104488e-05,-2.10155599e-05
0.00000000e+00,-1.04973526e-05,-2.09942490e-05,-3.14911140e-05
0.00000000e+00,-5.83405408e-06,-1.16675135e-05,-1.75011185e-05
0.00000000e+00,-1.44827094e-05,-2.89643541e-05,-4.34463624e-05
0.00000000e+00,-1.36116394e-05,-2.72224854e-05,-4.08335014e-05
0.00000000e+00,-1.34119093e-05,-2.68229042e-05,-4.02342311e-05
0.00000000e+00,-7.26304944e-06,-1.45250828e-05,-2.17875396e-05
0.00000000e+00,-1.49309949e-05,-2.98607847e-05,-4.47909347e-05
0.00000000e+00,-1.48328799e-05,-2.96646581e-05,-4.44967886e-05
0.00000000e+00,-1.38440291e-05,-2.76869550e-05,-4.15302346e-05
0.00000000e+00,-7.47837114e-06,-1.49556181e-05,-2.24332842e-05
0.00000000e+00,-1.44827463e-05,-2.89643987e-05,-4.34463124e-05
0.00000000e+00,-1.48328437e-05,-2.96646424e-05,-4.44967853e-05
0.00000000e+00,-1.34119473e-05,-2.68229159e-05,-4.02341903e-05
0.00000000e+00,-7.26308533e-06,-1.45251076e-05,-2.17875405e-05
0.00000000e+00,-1.17974528e-05,-2.35943475e-05,-3.53914183e-05
0.00000000e+00,-1.36115800e-05,-2.72224300e-05,-4.08334957e-05
0.00000000e+00,-1.04972488e-05,-2.09941091e-05,-3.14911174e-05
0.00000000e+00,-5.83404309e-06,-1.16674855e-05,-1.75011279e-05
0.00000000e+00,0.00000000e+00,0.00000000e+00,0.00000000e+00
0.00000000e+00,-7.00535866e-06,-1.40104129e-05,-2.10155639e-05
0.00000000e+00,0.00000000e+00,0.00000000e+00,0.00000000e+00
0.00000000e+00,0.00000000e+00,0.00000000e+00,0.00000000e+00
0.00000000e+00,0.00000000e+00,0.00000000e+00,0.00000000e+00
0.00000000e+00,-1.36219411e-05,-2.72431439e-05,-4.08643428e-05
0.00000000e+00,0.00000000e+00,0.00000000e+00,0.00000000e+00
0.00000000e+00,0.00000000e+00,0.00000000e+00,0.00000000e+00
0.00000000e+00,-9.86031333e-06,-1.97202193e-05,-2.95801550e-05
0.00000000e+00,-1.27033332e-05,-2.54060575e-05,-3.81087847e-05
0.00000000e+00,-6.95029238e-06,-1.38998695e-05,-2.08496083e-05
0.00000000e+00,-1.65651638e-05,-3.31290702e-05,-4.96933299e-05
0.00000000e+00,-1.57477483e-05,-3.14944223e-05,-4.72413655e-05
0.00000000e+00,-1.55540680e-05,-3.11069955e-05,-4.66602524e-05
0.00000000e+00,-8.44962018e-06,-1.68979778e-05,-2.53467790e-05
0.00000000e+00,-1.70242800e-05,-3.40472527e-05,-5.10704970e-05
0.00000000e+00,-1.69280175e-05,-3.38546274e-05,-5.07816817e-05
0.00000000e+00,-1.59723410e-05,-3.19434119e-05,-4.79148003e-05
0.00000000e+00,-8.68111407e-06,-1.73608681e-05,-2.60411228e-05
0.00000000e+00,-1.65651632e-05,-3.31291237e-05,-4.96932587e-05
0.00000000e+00,-1.69279931e-05,-3.38546952e-05,-5.07816664e-05
0.00000000e+00,-1.55540749e-05,-3.11070240e-05,-4.66601934e-05
0.00000000e+00,-8.44966555e-06,-1.68980145e-05,-2.53467659e-05
0.00000000e+00,-1.36219079e-05,-2.72429763e-05,-4.08643268e-05
0.00000000e+00,-1.57477134e-05,-3.14943878e-05,-4.72413460e-05
0.00000000e+00,-1.27033107e-05,-2.54059370e-05,-3.81087763e-05
0.00000000e+00,-6.95031897e-06,-1.38998229e-05,-2.08496067e-05
0.00000000e+00,0.00000000e+00,0.00000000e+00,0.00000000e+00
0.00000000e+00,-9.86030859e-06,-1.97201433e-05,-2.95801492e-05
0.00000000e+00,0.00000000e+00,0.00000000e+00,0.00000000e+00
0.00000000e+00,0.00000000e+00,0.00000000e+00,0.00000000e+00
0.00000000e+00,0.00000000e+00,0.00000000e+00,0.00000000e+00
0.00000000e+00,-1.42740473e-05,-2.85477437e-05,-4.28214293e-05
0.00000000e+00,0.00000000e+00,0.00000000e+00,0.00000000e+00
0.00000000e+00,0.00000000e+00,0.00000000e+00,0.00000000e+00
0.00000000e+00,-8.01497315e-06,-1.60298064e-05,-2.40446693e-05
0.00000000e+00,-1.25615419e-05,-2.51225603e-05,-3.76835512e-05
0.00000000e+00,-1.06511562e-05,-2.13019577e-05,-3.19527746e-05
0.00000000e+00,-1.93938147e-05,-3.87869095e-05,-5.81803450e-05
0.00000000e+00,-1.77734119e-05,-3.55463526e-05,-5.33194283e-05
0.00000000e+00,-1.74455323e-05,-3.48901104e-05,-5.23347693e-05
0.00000000e+00,-1.47246335e-05,-2.94484997e-05,-4.41726014e-05
0.00000000e+00,-2.02262169e-05,-4.04515429e-05,-6.06772281e-05
0.00000000e+00,-2.00510221e-05,-4.01014296e-05,-6.01521390e-05
0.00000000e+00,-1.82524034e-05,-3.65035826e-05,-5.47550091e-05
0.00000000e+00,-1.53916728e-05,-3.07824449e-05,-4.61736353e-05
0.00000000e+00,-1.93937929e-05,-3.87869803e-05,-5.81803381e-05
0.00000000e+00,-2.00510012e-05,-4.01013958e-05,-6.01521436e-05
0.00000000e+00,-1.74454502e-05,-3.48900284e-05,-5.23347912e-05
0.00000000e+00,-1.47245922e-05,-2.94484904e-05,-4.41726051e-05
0.00000000e+00,-1.42739258e-05,-2.85474929e-05,-4.28214069e-05
0.00000000e+00,-1.77733230e-05,-3.55462193e-05,-5.33194280e-05
0.00000000e+00,-1.25614277e-05,-2.51222805e-05,-3.76835445e-05
0.00000000e+00,-1.06511554e-05,-2.13018440e-05,-3.19527490e-05
0.00000000e+00,0.00000000e+00,0.00000000e+00,0.00000000e+00
0.00000000e+00,-8.01495677e-06,-1.60297706e-05,-2.40446663e-05
0.00000000e+00,0.00000000e+00,0.00000000e+00,0.00000000e+00
0.00000000e+00,0.00000000e+00,0.00000000e+00,0.00000000e+00
0.00000000e+00,0.00000000e+00,0.00000000e+00,0.00000000e+00
0.00000000e+00,-1.80123025e-05,-3.60242955e-05,-5.40362371e-05
0.00000000e+00,0.00000000e+00,0.00000000e+00,0.00000000e+00
0.00000000e+00,0.00000000e+00,0.00000000e+00,0.00000000e+00
0.00000000e+00,-1.03806570e-05,-2.07611501e-05,-3.11416593e-05
0.00000000e+00,-1.60747334e-05,-3.21491297e-05,-4.82234913e-05
0.00000000e+00,-1.35431390e-05,-2.70859001e-05,-4.06286876e-05
0.00000000e+00,-2.32387178e-05,-4.64767212e-05,-6.97151367e-05
0.00000000e+00,-2.16519878e-05,-4.33034277e-05,-6.49550530e-05
0.00000000e+00,-2.13434375e-05,-4.26861933e-05,-6.40293380e-05
0.00000000e+00,-1.77842500e-05,-3.55677980e-05,-5.33515917e-05
0.00000000e+00,-2.40673342e-05,-4.81338891e-05,-7.22007731e-05
0.00000000e+00,-2.39142675e-05,-4.78277765e-05,-7.17416508e-05
0.00000000e+00,-2.21540869e-05,-4.43073462e-05,-6.64609708e-05
0.00000000e+00,-1.84439979e-05,-3.68871297e-05,-5.53306718e-05
0.00000000e+00,-2.32387057e-05,-4.64768023e-05,-6.97151113e-05
0.00000000e+00,-2.39142867e-05,-4.78277996e-05,-7.17416557e-05
0.00000000e+00,-2.13434183e-05,-4.26862760e-05,-6.40293190e-05
0.00000000e+00,-1.77842211e-05,-3.55677579e-05,-5.33515833e-05
0.00000000e+00,-1.80121022e-05,-3.60239877e-05,-5.40362776e-05
0.00000000e+00,-2.16519249e-05,-4.33033461e-05,-6.49550337e-05
0.00000000e+00,-1.60745561e-05,-3.21488313e-05,-4.82235053e-05
0.00000000e+00,-1.35430738e-05,-2.70857794e-05,-4.06286856e-05
0.00000000e+00,0.00000000e+00,0.00000000e+00,0.00000000e+00
0.00000000e+00,-1.03805929e-05,-2.07610858e-05,-3.11416517e-05
0.00000000e+00,0.00000000e+00,0.00000000e+00,0.00000000e+00
0.00000000e+00,0.00000000e+00,0.00000000e+00,0.00000000e+00
0.00000000e+00,0.00000000e+00,0.00000000e+00,0.00000000e+00
0.00000000e+00,-2.21514259e-05,-4.43025067e-05,-6.64536144e-05
0.00000000e+00,0.00000000e+00,0.00000000e+00,0.00000000e+00
0.00000000e+00,0.00000000e+00,0.00000000e+00,0.00000000e+00
0.00000000e+00,-1.34971817e-05,-2.69941444e-05,-4.04911184e-05
0.00000000e+00,-2.00065590e-05,-4.00128078e-05,-6.00190332e-05
0.00000000e+00,-1.68123123e-05,-3.36241607e-05,-5.04360613e-05
0.00000000e+00,-2.70232546e-05,-5.40456653e-05,-8.10684419e-05
0.00000000e+00,-2.54346730e-05,-5.08687114e-05,-7.63029439e-05
0.00000000e+00,-2.51747242e-05,-5.03486601e-05,-7.55229931e-05
0.00000000e+00,-2.08085360e-05,-4.16161327e-05,-6.24240408e-05
0.00000000e+00,-2.78168845e-05,-5.56328930e-05,-8.34491909e-05
0.00000000e+00,-2.76401359e-05,-5.52793878e-05,-8.29189904e-05
0.00000000e+00,-2.59404527e-05,-5.18801192e-05,-7.78200616e-05
0.00000000e+00,-2.14076464e-05,-4.28142134e-05,-6.42211403e-05
0.00000000e+00,-2.70232215e-05,-5.40456742e-05,-8.10684270e-05
0.00000000e+00,-2.76401079e-05,-5.52793705e-05,-8.29189920e-05
0.00000000e+00,-2.51746974e-05,-5.03487142e-05,-7.55229772e-05
0.00000000e+00,-2.08085325e-05,-4.16161307e-05,-6.24240114e-05
0.00000000e+00,-2.21513955e-05,-4.43024512e-05,-6.64536336e-05
0.00000000e+00,-2.54346288e-05,-5.08686746e-05,-7.63029326e-05
0.00000000e+00,-2.00064371e-05,-4.00126114e-05,-6.00190682e-05
0.00000000e+00,-1.68122726e-05,-3.36240941e-05,-5.04360521e-05
0.00000000e+00,0.00000000e+00,0.00000000e+00,0.00000000e+00
0.00000000e+00,-1.34971341e-05,-2.69940830e-05,-4.04911182e-05
0.00000000e+00,0.00000000e+00,0.00000000e+00,0.00000000e+00
0.00000000e+00,0.00000000e+00,0.00000000e+00,0.00000000e+00
0.00000000e+00,0.00000000e+00,0.00000000e+00,0.00000000e+00
0.00000000e+00,-2.52380196e-05,-5.04755425e-05,-7.57131715e-05
0.00000000e+00,0.00000000e+00,0.00000000e+00,0.00000000e+00
0.00000000e+00,0.00000000e+00,0.00000000e+00,0.00000000e+00
0.00000000e+00,-1.82174740e-05,-3.64346186e-05,-5.46517991e-05
0.00000000e+00,-2.36954010e-05,-4.73903698e-05,-7.10854167e-05
0.00000000e+00,-1.98346702e-05,-3.96687726e-05,-5.95028870e-05
0.00000000e+00,-3.06008000e-05,-6.12005155e-05,-9.18006416e-05
0.00000000e+00,-2.91021668e-05,-5.82035872e-05,-8.73051791e-05
0.00000000e+00,-2.88447879e-05,-5.76886101e-05,-8.65328370e-05
0.00000000e+00,-2.40575960e-05,-4.81141063e-05,-7.21708230e-05
0.00000000e+00,-3.14565686e-05,-6.29117684e-05,-9.43674021e-05
0.00000000e+00,-3.12789582e-05,-6.25568235e-05,-9.38349980e-05
0.00000000e+00,-2.96346306e-05,-5.92681378e-05,-8.89020380e-05
0.00000000e+00,-2.47193342e-05,-4.94373607e-05,-7.41557270e-05
0.00000000e+00,-3.06007117e-05,-6.12004587e-05,-9.18006302e-05
0.00000000e+00,-3.12788464e-05,-6.25567852e-05,-9.38350058e-05
0.00000000e+00,-2.88447334e-05,-5.76885978e-05,-8.65328238e-05
0.00000000e+00,-2.40575312e-05,-4.81139766e-05,-7.21707851e-05
0.00000000e+00,-2.52380543e-05,-5.04754748e-05,-7.57131419e-05
0.00000000e+00,-2.91021061e-05,-5.82035555e-05,-8.73051604e-05
0.00000000e+00,-2.36954125e-05,-4.73903221e-05,-7.10854105e-05
0.00000000e+00,-1.98346534e-05,-3.96686849e-05,-5.95028792e-05
0.00000000e+00,0.00000000e+00,0.00000000e+00,0.00000000e+00
0.00000000e+00,-1.82174402e-05,-3.64345326e-05,-5.46517777e-05
0.00000000e+00,0.00000000e+00,0.00000000e+00,0.00000000e+00
0.00000000e+00,0.00000000e+00,0.00000000e+00,0.00000000e+00
0.00000000e+00,0.00000000e+00,0.00000000e+00,0.00000000e+00
0.00000000e+00,-1.56338089e-05,-3.12676048e-05,-4.69014423e-05
0.00000000e+00,0.00000000e+00,0.00000000e+00,0.00000000e+00
0.00000000e+00,0.00000000e+00,0.00000000e+00,0.00000000e+00
0.00000000e+00,-8.68763421e-06,-1.73752662e-05,-2.60629474e-05
0.00000000e+00,-1.30886457e-05,-2.61774582e-05,-3.92663636e-05
0.00000000e+00,-1.49163526e-05,-2.98325544e-05,-4.47487906e-05
0.00000000e+00,-2.18096443e-05,-4.36191190e-05,-6.54290285e-05
0.00000000e+00,-1.97937703e-05,-3.95874446e-05,-5.93813790e-05
0.00000000e+00,-1.86474235e-05,-3.72949191e-05,-5.59428602e-05
0.00000000e+00,-2.06090100e-05,-4.12174209e-05,-6.18261871e-05
0.00000000e+00,-2.28518438e-05,-4.57035642e-05,-6.85557859e-05
0.00000000e+00,-2.26264771e-05,-4.52528243e-05,-6.78796021e-05
0.00000000e+00,-1.96206408e-05,-3.92414169e-05,-5.88627040e-05
0.00000000e+00,-2.15488103e-05,-4.30970734e-05,-6.46456941e-05
0.00000000e+00,-2.18096501e-05,-4.36191166e-05,-6.54290350e-05
0.00000000e+00,-2.26265091e-05,-4.52528391e-05,-6.78795702e-05
0.00000000e+00,-1.86473931e-05,-3.72948796e-05,-5.59428428e-05
0.00000000e+00,-2.06089635e-05,-4.12174204e-05,-6.18261728e-05
0.00000000e+00,-1.56337365e-05,-3.12674797e-05,-4.69014357e-05
0.00000000e+00,-1.97938075e-05,-3.95874501e-05,-5.93813413e-05
0.00000000e+00,-1.30886437e-05,-2.61773909e-05,-3.92663517e-05
0.00000000e+00,-1.49163394e-05,-2.98324314e-05,-4.47488094e-05
0.00000000e+00,0.00000000e+00,0.00000000e+00,0.00000000e+00
0.00000000e+00,-8.68765877e-06,-1.73752893e-05,-2.60629275e-05
0.00000000e+00,0.00000000e+00,0.00000000e+00,0.00000000e+00
0.00000000e+00,0.00000000e+00,0.00000000e+00,0.00000000e+00
0.00000000e+00,0.00000000e+00,0.00000000e+00,0.00000000e+00
0.00000000e+00,-2.12520627e-05,-4.25040011e-05,-6.37559962e-05
0.00000000e+00,0.00000000e+00,0.00000000e+00,0.00000000e+00
0.00000000e+00,0.00000000e+00,0.00000000e+00,0.00000000e+00
0.00000000e+00,-1.20667098e-05,-2.41333957e-05,-3.62000769e-05
0.00000000e+00,-1.83290761e-05,-3.66580906e-05,-5.49871509e-05
0.00000000e+00,-1.95566871e-05,-3.91131662e-05,-5.86696737e-05
0.00000000e+00,-2.80532282e-05,-5.61061396e-05,-8.41595504e-05
0.00000000e+00,-2.59716346e-05,-5.19430938e-05,-7.79147597e-05
0.00000000e+00,-2.49672596e-05,-4.99342717e-05,-7.49017337e-05
0.00000000e+00,-2.56598403e-05,-5.13191027e-05,-7.69787801e-05
0.00000000e+00,-2.91368247e-05,-5.82733921e-05,-8.74104158e-05
0.00000000e+00,-2.89334241e-05,-5.78665614e-05,-8.68001201e-05
0.00000000e+00,-2.60138297e-05,-5.20274784e-05,-7.80415811e-05
0.00000000e+00,-2.66256803e-05,-5.32508530e-05,-7.98763935e-05
0.00000000e+00,-2.80533360e-05,-5.61062410e-05,-8.41594914e-05
0.00000000e+00,-2.89334642e-05,-5.78665940e-05,-8.68000963e-05
0.00000000e+00,-2.49673296e-05,-4.99343162e-05,-7.49017186e-05
0.00000000e+00,-2.56598251e-05,-5.13191564e-05,-7.69787367e-05
0.00000000e+00,-2.12520417e-05,-4.25038742e-05,-6.37560063e-05
0.00000000e+00,-2.59716729e-05,-5.19430474e-05,-7.79147467e-05
0.00000000e+00,-1.83290182e-05,-3.66579580e-05,-5.49871521e-05
0.00000000e+00,-1.95566527e-05,-3.91130541e-05,-5.86697012e-05
0.00000000e+00,0.00000000e+00,0.00000000e+00,0.00000000e+00
0.00000000e+00,-1.20667228e-05,-2.41333558e-05,-3.62000835e-05
0.00000000e+00,0.00000000e+00,0.00000000e+00,0.00000000e+00
0.00000000e+00,0.00000000e+00,0.00000000e+00,0.00000000e+00
0.00000000e+00,0.00000000e+00,0.00000000e+00,0.00000000e+00
0.00000000e+00,-2.77483060e-05,-5.54965029e-05,-8.32447504e-05
0.00000000e+00,0.00000000e+00,0.00000000e+00,0.00000000e+00
0.00000000e+00,0.00000000e+00,0.00000000e+00,0.00000000e+00
0.00000000e+00,-1.65695307e-05,-3.31390392e-05,-4.97085202e-05
0.00000000e+00,-2.43499825e-05,-4.86998346e-05,-7.30497314e-05
0.00000000e+00,-2.47794048e-05,-4.95585585e-05,-7.43377657e-05
0.00000000e+00,-3.41851091e-05,-6.83697977e-05,-1.02554982e-04
0.00000000e+00,-3.21035485e-05,-6.42068537e-05,-9.63103603e-05
0.00000000e+00,-3.11957866e-05,-6.23911991e-05,-9.35871293e-05
0.00000000e+00,-3.06608883e-05,-6.13211563e-05,-9.19818144e-05
0.00000000e+00,-3.52206141e-05,-7.04409344e-05,-1.05661581e-04
0.00000000e+00,-3.49953772e-05,-6.99904243e-05,-1.04985838e-04
0.00000000e+00,-3.21811137e-05,-6.43619436e-05,-9.65432023e-05
0.00000000e+00,-3.15569792e-05,-6.31133418e-05,-9.46700270e-05
0.00000000e+00,-3.41851632e-05,-6.83698830e-05,-1.02554928e-04
0.00000000e+00,-3.49953813e-05,-6.99904800e-05,-1.04985828e-04
0.00000000e+00,-3.11958756e-05,-6.23913058e-05,-9.35870583e-05
0.00000000e+00,-3.06608873e-05,-6.13212028e-05,-9.19817857e-05
0.00000000e+00,-2.77483208e-05,-5.54964952e-05,-8.32447880e-05
0.00000000e+00,-3.21035703e-05,-6.42068580e-05,-9.63103490e-05
0.00000000e+00,-2.43499806e-05,-4.86997521e-05,-7.30497623e-05
0.00000000e+00,-2.47793418e-05,-4.95584914e-05,-7.43377898e-05
0.00000000e+00,0.00000000e+00,0.00000000e+00,0.00000000e+00
0.00000000e+00,-1.65695499e-05,-3.31390211e-05,-4.97085432e-05
0.00000000e+00,0.00000000e+00,0.00000000e+00,0.00000000e+00
0.00000000e+00,0.00000000e+00,0.00000000e+00,0.00000000e+00
0.00000000e+00,0.00000000e+00,0.00000000e+00,0.00000000e+00
0.00000000e+00,-3.29570707e-05,-6.59139476e-05,-9.88709226e-05
0.00000000e+00,0.00000000e+00,0.00000000e+00,0.00000000e+00
0.00000000e+00,0.00000000e+00,0.00000000e+00,0.00000000e+00
0.00000000e+00,-2.36827078e-05,-4.73653331e-05,-7.10479362e-05
0.00000000e+00,-3.03211407e-05,-6.06421285e-05,-9.09632030e-05
0.00000000e+00,-2.97092415e-05,-5.94181543e-05,-8.91271226e-05
0.00000000e+00,-3.99858666e-05,-7.99713613e-05,-1.19957179e-04
0.00000000e+00,-3.80484275e-05,-7.60965315e-05,-1.14144862e-04
0.00000000e+00,-3.71563608e-05,-7.43123178e-05,-1.11468679e-04
0.00000000e+00,-3.59988720e-05,-7.19969947e-05,-1.07995470e-04
0.00000000e+00,-4.11008140e-05,-8.22012174e-05,-1.23301817e-04
0.00000000e+00,-4.08611321e-05,-8.17218583e-05,-1.22582946e-04
0.00000000e+00,-3.81549979e-05,-7.63096433e-05,-1.14464533e-04
0.00000000e+00,-3.69975504e-05,-7.39942753e-05,-1.10991361e-04
0.00000000e+00,-3.99859006e-05,-7.99714814e-05,-1.19957213e-04
0.00000000e+00,-4.08612157e-05,-8.17219870e-05,-1.22582968e-04
0.00000000e+00,-3.71564029e-05,-7.43124126e-05,-1.11468667e-04
0.00000000e+00,-3.59988557e-05,-7.19969978e-05,-1.07995459e-04
0.00000000e+00,-3.29570235e-05,-6.59139846e-05,-9.88709486e-05
0.00000000e+00,-3.80483572e-05,-7.60965247e-05,-1.14144849e-04
0.00000000e+00,-3.03211223e-05,-6.06421448e-05,-9.09632347e-05
0.00000000e+00,-2.97092020e-05,-5.94181057e-05,-8.91271485e-05
0.00000000e+00,0.00000000e+00,0.00000000e+00,0.00000000e+00
0.00000000e+00,-2.36826625e-05,-4.73652795e-05,-7.10479500e-05
0.00000000e+00,0.00000000e+00,0.00000000e+00,0.00000000e+00
0.00000000e+00,0.00000000e+00,0.00000000e+00,0.00000000e+00
0.00000000e+00,0.00000000e+00,0.00000000e+00,0.00000000e+00
0.00000000e+00,-1.60952393e-05,-3.21905100e-05,-4.82859216e-05
0.00000000e+00,0.00000000e+00,0.00000000e+00,0.00000000e+00
0.00000000e+00,0.00000000e+00,0.00000000e+00,0.00000000e+00
0.00000000e+00,-8.91145279e-06,-1.78229257e-05,-2.67344977e-05
0.00000000e+00,-1.32710656e-05,-2.65421736e-05,-3.98134704e-05
0.00000000e+00,-1.58104384e-05,-3.16208518e-05,-4.74314150e-05
0.00000000e+00,-2.26538012e-05,-4.53077917e-05,-6.79619325e-05
0.00000000e+00,-2.04881720e-05,-4.09764408e-05,-6.14649332e-05
0.00000000e+00,-1.90652119e-05,-3.81306310e-05,-5.71962294e-05
0.00000000e+00,-2.22357895e-05,-4.44716629e-05,-6.67077158e-05
0.00000000e+00,-2.37799342e-05,-4.75599134e-05,-7.13403766e-05
0.00000000e+00,-2.35359616e-05,-4.70720134e-05,-7.06084624e-05
0.00000000e+00,-2.01036751e-05,-4.02073772e-05,-6.03115436e-05
0.00000000e+00,-2.33333897e-05,-4.66666423e-05,-7.00004614e-05
0.00000000e+00,-2.26537782e-05,-4.53076869e-05,-6.79619321e-05
0.00000000e+00,-2.35359976e-05,-4.70720255e-05,-7.06084523e-05
0.00000000e+00,-1.90652891e-05,-3.81305757e-05,-5.71962535e-05
0.00000000e+00,-2.22358037e-05,-4.44715925e-05,-6.67077146e-05
0.00000000e+00,-1.60953043e-05,-3.21904986e-05,-4.82859178e-05
0.00000000e+00,-2.04882132e-05,-4.09764257e-05,-6.14649030e-05
0.00000000e+00,-1.32711537e-05,-2.65422096e-05,-3.98134664e-05
0.00000000e+00,-1.58104095e-05,-3.16207915e-05,-4.74314149e-05
0.00000000e+00,0.00000000e+00,0.00000000e+00,0.00000000e+00
0.00000000e+00,-8.91147335e-06,-1.78229235e-05,-2.67344670e-05
0.00000000e+00,0.00000000e+00,0.00000000e+00,0.00000000e+00
0.00000000e+00,0.00000000e+00,0.00000000e+00,0.00000000e+00
0.00000000e+00,0.00000000e+00,0.00000000e+00,0.00000000e+00
0.00000000e+00,-2.23469579e-05,-4.46940270e-05,-6.70412094e-05
0.00000000e+00,0.00000000e+00,0.00000000e+00,0.00000000e+00
0.00000000e+00,0.00000000e+00,0.00000000e+00,0.00000000e+00
0.00000000e+00,-1.26205210e-05,-2.52410600e-05,-3.78616495e-05
0.00000000e+00,-1.90894830e-05,-3.81790194e-05,-5.72686804e-05
0.00000000e+00,-2.16804221e-05,-4.33607841e-05,-6.50413392e-05
0.00000000e+00,-2.97421013e-05,-5.94842553e-05,-8.92267438e-05
0.00000000e+00,-2.74696260e-05,-5.49393659e-05,-8.24093586e-05
0.00000000e+00,-2.62352844e-05,-5.24706983e-05,-7.87063588e-05
0.00000000e+00,-2.89146174e-05,-5.78291516e-05,-8.67440047e-05
0.00000000e+00,-3.09315547e-05,-6.18630874e-05,-9.27951347e-05
0.00000000e+00,-3.07070561e-05,-6.14142225e-05,-9.21218228e-05
0.00000000e+00,-2.73816427e-05,-5.47632787e-05,-8.21454596e-05
0.00000000e+00,-3.00715344e-05,-6.01429251e-05,-9.02147847e-05
0.00000000e+00,-2.97420661e-05,-5.94841815e-05,-8.92267001e-05
0.00000000e+00,-3.07070487e-05,-6.14142237e-05,-9.21217541e-05
0.00000000e+00,-2.62352465e-05,-5.24706282e-05,-7.87063384e-05
0.00000000e+00,-2.89146299e-05,-5.78291237e-05,-8.67439811e-05
0.00000000e+00,-2.23470386e-05,-4.46939606e-05,-6.70411901e-05
0.00000000e+00,-2.74697252e-05,-5.49393799e-05,-8.24093078e-05
0.00000000e+00,-1.90895258e-05,-3.81789383e-05,-5.72686793e-05
0.00000000e+00,-2.16804601e-05,-4.33607736e-05,-6.50413111e-05
0.00000000e+00,0.00000000e+00,0.00000000e+00,0.00000000e+00
0.00000000e+00,-1.26205658e-05,-2.52410118e-05,-3.78616101e-05
0.00000000e+00,0.00000000e+00,0.00000000e+00,0.00000000e+00
0.00000000e+00,0.00000000e+00,0.00000000e+00,0.00000000e+00
0.00000000e+00,0.00000000e+00,0.00000000e+00,0.00000000e+00
0.00000000e+00,-2.96841298e-05,-5.93684751e-05,-8.90529229e-05
0.00000000e+00,0.00000000e+00,0.00000000e+00,0.00000000e+00
0.00000000e+00,0.00000000e+00,0.00000000e+00,0.00000000e+00
0.00000000e+00,-1.75835109e-05,-3.51671002e-05,-5.27507052e-05
0.00000000e+00,-2.58311302e-05,-5.16624591e-05,-7.74938807e-05
0.00000000e+00,-2.84814717e-05,-5.69628711e-05,-8.54444427e-05
0.00000000e+00,-3.67030234e-05,-7.34060964e-05,-1.10109587e-04
0.00000000e+00,-3.44343910e-05,-6.88689627e-05,-1.03303681e-04
0.00000000e+00,-3.33133359e-05,-6.66267074e-05,-9.99404674e-05
0.00000000e+00,-3.55157954e-05,-7.10314397e-05,-1.06547517e-04
0.00000000e+00,-3.78319810e-05,-7.56640933e-05,-1.13496683e-04
0.00000000e+00,-3.75897078e-05,-7.51794890e-05,-1.12769674e-04
0.00000000e+00,-3.43869364e-05,-6.87739168e-05,-1.03161378e-04
0.00000000e+00,-3.65797546e-05,-7.31593556e-05,-1.09739409e-04
0.00000000e+00,-3.67030640e-05,-7.34061107e-05,-1.10109520e-04
0.00000000e+00,-3.75896196e-05,-7.51793798e-05,-1.12769587e-04
0.00000000e+00,-3.33133247e-05,-6.66266587e-05,-9.99404069e-05
0.00000000e+00,-3.55158245e-05,-7.10313949e-05,-1.06547468e-04
0.00000000e+00,-2.96842337e-05,-5.93684364e-05,-8.90528542e-05
0.00000000e+00,-3.44344963e-05,-6.88689033e-05,-1.03303637e-04
0.00000000e+00,-2.58312446e-05,-5.16623988e-05,-7.74938343e-05
0.00000000e+00,-2.84814906e-05,-5.69628623e-05,-8.54443934e-05
0.00000000e+00,0.00000000e+00,0.00000000e+00,0.00000000e+00
0.00000000e+00,-1.75835687e-05,-3.51670338e-05,-5.27506668e-05
0.00000000e+00,0.00000000e+00,0.00000000e+00,0.00000000e+00
0.00000000e+00,0.00000000e+00,0.00000000e+00,0.00000000e+00
0.00000000e+00,0.00000000e+00,0.00000000e+00,0.00000000e+00
0.00000000e+00,-3.56327214e-05,-7.12655917e-05,-1.06898560e-04
0.00000000e+00,0.00000000e+00,0.00000000e+00,0.00000000e+00
0.00000000e+00,0.00000000e+00,0.00000000e+00,0.00000000e+00
0.00000000e+00,-2.56143054e-05,-5.12286340e-05,-7.68429874e-05
0.00000000e+00,-3.26079793e-05,-6.52161387e-05,-9.78243929e-05
0.00000000e+00,-3.50002122e-05,-7.00003544e-05,-1.05000670e-04
0.00000000e+00,-4.32833381e-05,-8.65669372e-05,-1.29850877e-04
0.00000000e+00,-4.11807290e-05,-8.23616353e-05,-1.23542642e-04
0.00000000e+00,-4.00853592e-05,-8.01708693e-05,-1.20256745e-04
0.00000000e+00,-4.24695384e-05,-8.49389380e-05,-1.27408733e-04
0.00000000e+00,-4.44868548e-05,-8.89738824e-05,-1.33461421e-04
0.00000000e+00,-4.42259482e-05,-8.84519477e-05,-1.32678325e-04
0.00000000e+00,-4.11496486e-05,-8.22994721e-05,-1.23449805e-04
0.00000000e+00,-4.36418108e-05,-8.72835201e-05,-1.30925554e-04
0.00000000e+00,-4.32834942e-05,-8.65670157e-05,-1.29850882e-04
0.00000000e+00,-4.42259294e-05,-8.84518759e-05,-1.32678291e-04
0.00000000e+00,-4.00854556e-05,-8.01709123e-05,-1.20256713e-04
0.00000000e+00,-4.24696208e-05,-8.49389458e-05,-1.27408702e-04
0.00000000e+00,-3.56326696e-05,-7.12653668e-05,-1.06898494e-04
0.00000000e+00,-4.11808011e-05,-8.23615003e-05,-1.23542617e-04
0.00000000e+00,-3.26080032e-05,-6.52159964e-05,-9.78243232e-05
0.00000000e+00,-3.50002542e-05,-7.00003799e-05,-1.05000654e-04
0.00000000e+00,0.00000000e+00,0.00000000e+00,0.00000000e+00
0.00000000e+00,-2.56142852e-05,-5.12285236e-05,-7.68429160e-05
0.00000000e+00,0.00000000e+00,0.00000000e+00,0.00000000e+00
0.00000000e+00,0.00000000e+00,0.00000000e+00,0.00000000e+00
0.00000000e+00,0.00000000e+00,0.00000000e+00,0.00000000e+00
0.00000000e+00,-1.56337806e-05,-3.12675788e-05,-4.69015538e-05
0.00000000e+00,0.00000000e+00,0.00000000e+00,0.00000000e+00
0.00000000e+00,0.00000000e+00,0.00000000e+00,0.00000000e+00
0.00000000e+00,-8.68758568e-06,-1.73752332e-05,-2.60629834e-05
0.00000000e+00,-1.30888745e-05,-2.61776069e-05,-3.92664335e-05
0.00000000e+00,-1.58104024e-05,-3.16208858e-05,-4.74314616e-05
0.00000000e+00,-2.18093656e-05,-4.36191675e-05,-6.54291089e-05
0.00000000e+00,-1.97935850e-05,-3.95874377e-05,-5.93814361e-05
0.00000000e+00,-1.86475534e-05,-3.72952310e-05,-5.59428480e-05
0.00000000e+00,-2.22357407e-05,-4.44716048e-05,-6.67077703e-05
0.00000000e+00,-2.28517133e-05,-4.57035698e-05,-6.85558098e-05
0.00000000e+00,-2.26262351e-05,-4.52528035e-05,-6.78796333e-05
0.00000000e+00,-1.96208138e-05,-3.92416411e-05,-5.88626184e-05
0.00000000e+00,-2.33332248e-05,-4.66667447e-05,-7.00004746e-05
0.00000000e+00,-2.18093467e-05,-4.36190449e-05,-6.54289944e-05
0.00000000e+00,-2.26262563e-05,-4.52527674e-05,-6.78795987e-05
0.00000000e+00,-1.86473491e-05,-3.72949000e-05,-5.59427050e-05
0.00000000e+00,-2.22356813e-05,-4.44714839e-05,-6.67076732e-05
0.00000000e+00,-1.56336974e-05,-3.12674810e-05,-4.69013883e-05
0.00000000e+00,-1.97935670e-05,-3.95873427e-05,-5.93813357e-05
0.00000000e+00,-1.30887068e-05,-2.61774457e-05,-3.92662559e-05
0.00000000e+00,-1.58103751e-05,-3.16208741e-05,-4.74313896e-05
0.00000000e+00,0.00000000e+00,0.00000000e+00,0.00000000e+00
0.00000000e+00,-8.68760969e-06,-1.73752098e-05,-2.60629256e-05
0.00000000e+00,0.00000000e+00,0.00000000e+00,0.00000000e+00
0.00000000e+00,0.00000000e+00,0.00000000e+00,0.00000000e+00
0.00000000e+00,0.00000000e+00,0.00000000e+00,0.00000000e+00
0.00000000e+00,-2.12517744e-05,-4.25038490e-05,-6.37560978e-05
0.00000000e+00,0.00000000e+00,0.00000000e+00,0.00000000e+00
0.00000000e+00,0.00000000e+00,0.00000000e+00,0.00000000e+00
0.00000000e+00,-1.20665897e-05,-2.41333080e-05,-3.62001159e-05
0.00000000e+00,-1.83289173e-05,-3.66579923e-05,-5.49872629e-05
0.00000000e+00,-2.16802691e-05,-4.33607609e-05,-6.50413821e-05
0.00000000e+00,-2.80526208e-05,-5.61059550e-05,-8.41596610e-05
0.00000000e+00,-2.59712677e-05,-5.19429309e-05,-7.79148524e-05
0.00000000e+00,-2.49667564e-05,-4.99341703e-05,-7.49018437e-05
0.00000000e+00,-2.89143294e-05,-5.78290492e-05,-8.67440496e-05
0.00000000e+00,-2.91363050e-05,-5.82731861e-05,-8.74105213e-05
0.00000000e+00,-2.89329219e-05,-5.78663579e-05,-8.68002192e-05
0.00000000e+00,-2.60135050e-05,-5.20273569e-05,-7.80416540e-05
0.00000000e+00,-3.00712686e-05,-6.01428300e-05,-9.02148122e-05
0.00000000e+00,-2.80528260e-05,-5.61060237e-05,-8.41595757e-05
0.00000000e+00,-2.89329872e-05,-5.78664172e-05,-8.68001928e-05
0.00000000e+00,-2.49668880e-05,-4.99341609e-05,-7.49017463e-05
0.00000000e+00,-2.89143905e-05,-5.78289290e-05,-8.67439870e-05
0.00000000e+00,-2.12518043e-05,-4.25037262e-05,-6.37560081e-05
0.00000000e+00,-2.59713289e-05,-5.19429496e-05,-7.79147877e-05
0.00000000e+00,-1.83288903e-05,-3.66578809e-05,-5.49871221e-05
0.00000000e+00,-2.16803343e-05,-4.33606872e-05,-6.50412996e-05
0.00000000e+00,0.00000000e+00,0.00000000e+00,0.00000000e+00
0.00000000e+00,-1.20665886e-05,-2.41332874e-05,-3.62000993e-05
0.00000000e+00,0.00000000e+00,0.00000000e+00,0.00000000e+00
0.00000000e+00,0.00000000e+00,0.00000000e+00,0.00000000e+00
0.00000000e+00,0.00000000e+00,0.00000000e+00,0.00000000e+00
0.00000000e+00,-2.77479309e-05,-5.54963042e-05,-8.32448096e-05
0.00000000e+00,0.00000000e+00,0.00000000e+00,0.00000000e+00
0.00000000e+00,0.00000000e+00,0.00000000e+00,0.00000000e+00
0.00000000e+00,-1.65693631e-05,-3.31389155e-05,-4.97085625e-05
0.00000000e+00,-2.43496326e-05,-4.86996562e-05,-7.30498067e-05
0.00000000e+00,-2.84812590e-05,-5.69627949e-05,-8.54444648e-05
0.00000000e+00,-3.41845123e-05,-6.83695637e-05,-1.02555087e-04
0.00000000e+00,-3.21030759e-05,-6.42065880e-05,-9.63104680e-05
0.00000000e+00,-3.11951801e-05,-6.23909931e-05,-9.35872266e-05
0.00000000e+00,-3.55154325e-05,-7.10313500e-05,-1.06547540e-04
0.00000000e+00,-3.52199143e-05,-7.04406141e-05,-1.05661688e-04
0.00000000e+00,-3.49947681e-05,-6.99901401e-05,-1.04985979e-04
0.00000000e+00,-3.21804796e-05,-6.43616823e-05,-9.65433111e-05
0.00000000e+00,-3.65794255e-05,-7.31592205e-05,-1.09739444e-04
0.00000000e+00,-3.41845818e-05,-6.83696840e-05,-1.02555041e-04
0.00000000e+00,-3.49947949e-05,-6.99901941e-05,-1.04985937e-04
0.00000000e+00,-3.11953360e-05,-6.23911081e-05,-9.35871574e-05
0.00000000e+00,-3.55155882e-05,-7.10313592e-05,-1.06547495e-04
0.00000000e+00,-2.77481163e-05,-5.54963171e-05,-8.32447706e-05
0.00000000e+00,-3.21032545e-05,-6.42067119e-05,-9.63103949e-05
0.00000000e+00,-2.43497235e-05,-4.86995824e-05,-7.30497631e-05
0.00000000e+00,-2.84813549e-05,-5.69627988e-05,-8.54443887e-05
0.00000000e+00,0.00000000e+00,0.00000000e+00,0.00000000e+00
0.00000000e+00,-1.65694313e-05,-3.31389252e-05,-4.97085494e-05
0.00000000e+00,0.00000000e+00,0.00000000e+00,0.00000000e+00
0.00000000e+00,0.00000000e+00,0.00000000e+00,0.00000000e+00
0.00000000e+00,0.00000000e+00,0.00000000e+00,0.00000000e+00
0.00000000e+00,-3.29566644e-05,-6.59137098e-05,-9.88710117e-05
0.00000000e+00,0.00000000e+00,0.00000000e+00,0.00000000e+00
0.00000000e+00,0.00000000e+00,0.00000000e+00,0.00000000e+00
0.00000000e+00,-2.36825087e-05,-4.73651824e-05,-7.10479902e-05
0.00000000e+00,-3.03207422e-05,-6.06419189e-05,-9.09632754e-05
0.00000000e+00,-3.49999875e-05,-7.00002763e-05,-1.05000721e-04
0.00000000e+00,-3.99852407e-05,-7.99710369e-05,-1.19957349e-04
0.00000000e+00,-3.80478746e-05,-7.60962135e-05,-1.14144989e-04
0.00000000e+00,-3.71557417e-05,-7.43120343e-05,-1.11468816e-04
0.00000000e+00,-4.24691734e-05,-8.49387993e-05,-1.27408808e-04
0.00000000e+00,-4.11000723e-05,-8.22007967e-05,-1.23301971e-04
0.00000000e+00,-4.08603979e-05,-8.17215173e-05,-1.22583111e-04
0.00000000e+00,-3.81542775e-05,-7.63092708e-05,-1.14464665e-04
0.00000000e+00,-4.36414160e-05,-8.72833081e-05,-1.30925629e-04
0.00000000e+00,-3.99853187e-05,-7.99711516e-05,-1.19957345e-04
0.00000000e+00,-4.08605196e-05,-8.17216296e-05,-1.22583083e-04
0.00000000e+00,-3.71558118e-05,-7.43121542e-05,-1.11468791e-04
0.00000000e+00,-4.24692571e-05,-8.49388303e-05,-1.27408755e-04
0.00000000e+00,-3.29568423e-05,-6.59137009e-05,-9.88709476e-05
0.00000000e+00,-3.80480268e-05,-7.60963436e-05,-1.14144908e-04
0.00000000e+00,-3.03209388e-05,-6.06419144e-05,-9.09632180e-05
0.00000000e+00,-3.50000790e-05,-7.00002439e-05,-1.05000665e-04
0.00000000e+00,0.00000000e+00,0.00000000e+00,0.00000000e+00
0.00000000e+00,-2.36825566e-05,-4.73651886e-05,-7.10479668e-05
0.00000000e+00,0.00000000e+00,0.00000000e+00,0.00000000e+00
0.00000000e+00,0.00000000e+00,0.00000000e+00,0.00000000e+00
0.00000000e+00,0.00000000e+00,0.00000000e+00,0.00000000e+00
0.00000000e+00,-1.42734587e-05,-2.85473246e-05,-4.28215337e-05
0.00000000e+00,0.00000000e+00,0.00000000e+00,0.00000000e+00
0.00000000e+00,0.00000000e+00,0.00000000e+00,0.00000000e+00
0.00000000e+00,-8.01474491e-06,-1.60296483e-05,-2.40447232e-05
0.00000000e+00,-1.25606758e-05,-2.51219375e-05,-3.76836367e-05
0.00000000e+00,-1.49160056e-05,-2.98323169e-05,-4.47488849e-05
0.00000000e+00,-1.93927917e-05,-3.87863605e-05,-5.81805678e-05
0.00000000e+00,-1.77727517e-05,-3.55459504e-05,-5.33195838e-05
0.00000000e+00,-1.74440767e-05,-3.48891374e-05,-5.23350889e-05
0.00000000e+00,-2.06082175e-05,-4.12170702e-05,-6.18263621e-05
0.00000000e+00,-2.02251754e-05,-4.04510436e-05,-6.06775064e-05
0.00000000e+00,-2.00502062e-05,-4.01010283e-05,-6.01523623e-05
0.00000000e+00,-1.82509414e-05,-3.65027310e-05,-5.47554286e-05
0.00000000e+00,-2.15480260e-05,-4.30966993e-05,-6.46458706e-05
0.00000000e+00,-1.93930205e-05,-3.87866843e-05,-5.81805657e-05
0.00000000e+00,-2.00502673e-05,-4.01011209e-05,-6.01523469e-05
0.00000000e+00,-1.74445133e-05,-3.48897028e-05,-5.23351662e-05
0.00000000e+00,-2.06083741e-05,-4.12172235e-05,-6.18263386e-05
0.00000000e+00,-1.42735888e-05,-2.85474332e-05,-4.28214769e-05
0.00000000e+00,-1.77728660e-05,-3.55461185e-05,-5.33195278e-05
0.00000000e+00,-1.25608717e-05,-2.51221801e-05,-3.76836892e-05
0.00000000e+00,-1.49160489e-05,-2.98323503e-05,-4.47488322e-05
0.00000000e+00,0.00000000e+00,0.00000000e+00,0.00000000e+00
0.00000000e+00,-8.01476120e-06,-1.60297023e-05,-2.40446973e-05
0.00000000e+00,0.00000000e+00,0.00000000e+00,0.00000000e+00
0.00000000e+00,0.00000000e+00,0.00000000e+00,0.00000000e+00
0.00000000e+00,0.00000000e+00,0.00000000e+00,0.00000000e+00
0.00000000e+00,-1.80117957e-05,-3.60239376e-05,-5.40363766e-05
0.00000000e+00,0.00000000e+00,0.00000000e+00,0.00000000e+00
0.00000000e+00,0.00000000e+00,0.00000000e+00,0.00000000e+00
0.00000000e+00,-1.03804067e-05,-2.07609760e-05,-3.11417286e-05
0.00000000e+00,-1.60741933e-05,-3.21487459e-05,-4.82236181e-05
0.00000000e+00,-1.95562731e-05,-3.91128898e-05,-5.86697849e-05
0.00000000e+00,-2.32378063e-05,-4.64762381e-05,-6.97153440e-05
0.00000000e+00,-2.16512074e-05,-4.33029780e-05,-6.49552478e-05
0.00000000e+00,-2.13425282e-05,-4.26857149e-05,-6.40295430e-05
0.00000000e+00,-2.56590810e-05,-5.13187546e-05,-7.69789331e-05
0.00000000e+00,-2.40663584e-05,-4.81334528e-05,-7.22010111e-05
0.00000000e+00,-2.39132213e-05,-4.78272896e-05,-7.17419109e-05
0.00000000e+00,-2.21531243e-05,-4.43069156e-05,-6.64612239e-05
0.00000000e+00,-2.66249389e-05,-5.32504925e-05,-7.98765699e-05
0.00000000e+00,-2.32379532e-05,-4.64765284e-05,-6.97152760e-05
0.00000000e+00,-2.39133449e-05,-4.78274451e-05,-7.17418575e-05
0.00000000e+00,-2.13427069e-05,-4.26860025e-05,-6.40295042e-05
0.00000000e+00,-2.56592471e-05,-5.13188946e-05,-7.69788872e-05
0.00000000e+00,-1.80117586e-05,-3.60239409e-05,-5.40363370e-05
0.00000000e+00,-2.16513197e-05,-4.33031757e-05,-6.49551513e-05
0.00000000e+00,-1.60742365e-05,-3.21487944e-05,-4.82235647e-05
0.00000000e+00,-1.95563698e-05,-3.91129369e-05,-5.86697338e-05
0.00000000e+00,0.00000000e+00,0.00000000e+00,0.00000000e+00
0.00000000e+00,-1.03803948e-05,-2.07610062e-05,-3.11416844e-05
0.00000000e+00,0.00000000e+00,0.00000000e+00,0.00000000e+00
0.00000000e+00,0.00000000e+00,0.00000000e+00,0.00000000e+00
0.00000000e+00,0.00000000e+00,0.00000000e+00,0.00000000e+00
0.00000000e+00,-2.21508155e-05,-4.43020547e-05,-6.64537851e-05
0.00000000e+00,0.00000000e+00,0.00000000e+00,0.00000000e+00
0.00000000e+00,0.00000000e+00,0.00000000e+00,0.00000000e+00
0.00000000e+00,-1.34968972e-05,-2.69939782e-05,-4.04912005e-05
0.00000000e+00,-2.00060075e-05,-4.00124038e-05,-6.00191884e-05
0.00000000e+00,-2.47789242e-05,-4.95581711e-05,-7.43378872e-05
0.00000000e+00,-2.70221293e-05,-5.40449393e-05,-8.10686745e-05
0.00000000e+00,-2.54338229e-05,-5.08682663e-05,-7.63031476e-05
0.00000000e+00,-2.51737047e-05,-5.03480532e-05,-7.55232184e-05
0.00000000e+00,-3.06600123e-05,-6.13206284e-05,-9.19819903e-05
0.00000000e+00,-2.78156910e-05,-5.56323246e-05,-8.34494409e-05
0.00000000e+00,-2.76390127e-05,-5.52788993e-05,-8.29192573e-05
0.00000000e+00,-2.59393819e-05,-5.18795971e-05,-7.78203004e-05
0.00000000e+00,-3.15560382e-05,-6.31128496e-05,-9.46702083e-05
0.00000000e+00,-2.70223123e-05,-5.40453766e-05,-8.10686034e-05
0.00000000e+00,-2.76391113e-05,-5.52790442e-05,-8.29192232e-05
0.00000000e+00,-2.51738730e-05,-5.03484343e-05,-7.55231418e-05
0.00000000e+00,-3.06601617e-05,-6.13208805e-05,-9.19819342e-05
0.00000000e+00,-2.21509291e-05,-4.43022464e-05,-6.64537209e-05
0.00000000e+00,-2.54339409e-05,-5.08684676e-05,-7.63030804e-05
0.00000000e+00,-2.00060421e-05,-4.00124835e-05,-6.00191366e-05
0.00000000e+00,-2.47790146e-05,-4.95583294e-05,-7.43378288e-05
0.00000000e+00,0.00000000e+00,0.00000000e+00,0.00000000e+00
0.00000000e+00,-1.34969357e-05,-2.69940289e-05,-4.04911591e-05
0.00000000e+00,0.00000000e+00,0.00000000e+00,0.00000000e+00
0.00000000e+00,0.00000000e+00,0.00000000e+00,0.00000000e+00
0.00000000e+00,0.00000000e+00,0.00000000e+00,0.00000000e+00
0.00000000e+00,-2.52373240e-05,-5.04751651e-05,-7.57133746e-05
0.00000000e+00,0.00000000e+00,0.00000000e+00,0.00000000e+00
0.00000000e+00,0.00000000e+00,0.00000000e+00,0.00000000e+00
0.00000000e+00,-1.82171410e-05,-3.64344576e-05,-5.46518978e-05
0.00000000e+00,-2.36947389e-05,-4.73899496e-05,-7.10856057e-05
0.00000000e+00,-2.97086827e-05,-5.94177621e-05,-8.91272752e-05
0.00000000e+00,-3.05995628e-05,-6.11999082e-05,-9.18009057e-05
0.00000000e+00,-2.91012223e-05,-5.82030419e-05,-8.73054133e-05
0.00000000e+00,-2.88436044e-05,-5.76879517e-05,-8.65330824e-05
0.00000000e+00,-3.59978883e-05,-7.19964278e-05,-1.07995698e-04
0.00000000e+00,-3.14551963e-05,-6.29113203e-05,-9.43676919e-05
0.00000000e+00,-3.12777110e-05,-6.25562966e-05,-9.38352827e-05
0.00000000e+00,-2.96333420e-05,-5.92676392e-05,-8.89023053e-05
0.00000000e+00,-3.69964775e-05,-7.39938034e-05,-1.10991585e-04
0.00000000e+00,-3.05997312e-05,-6.12002313e-05,-9.18008243e-05
0.00000000e+00,-3.12777323e-05,-6.25563800e-05,-9.38352754e-05
0.00000000e+00,-2.88437878e-05,-5.76883386e-05,-8.65330087e-05
0.00000000e+00,-3.59980442e-05,-7.19967016e-05,-1.07995628e-04
0.00000000e+00,-2.52375103e-05,-5.04753490e-05,-7.57132739e-05
0.00000000e+00,-2.91013251e-05,-5.82033305e-05,-8.73053508e-05
0.00000000e+00,-2.36949088e-05,-4.73901609e-05,-7.10855162e-05
0.00000000e+00,-2.97087982e-05,-5.94178951e-05,-8.91272189e-05
0.00000000e+00,0.00000000e+00,0.00000000e+00,0.00000000e+00
0.00000000e+00,-1.82171698e-05,-3.64345177e-05,-5.46518440e-05
0.00000000e+00,0.00000000e+00,0.00000000e+00,0.00000000e+00
0.00000000e+00,0.00000000e+00,0.00000000e+00,0.00000000e+00
0.00000000e+00,0.00000000e+00,0.00000000e+00,0.00000000e+00
0.00000000e+00,-7.19752119e-06,-1.43953603e-05,-2.15932957e-05
0.00000000e+00,0.00000000e+00,0.00000000e+00,0.00000000e+00
0.00000000e+00,0.00000000e+00,0.00000000e+00,0.00000000e+00
0.00000000e+00,-4.00390854e-06,-8.00799632e-06,-1.20121871e-05
0.00000000e+00,-6.24171937e-06,-1.24837360e-05,-1.87259130e-05
0.00000000e+00,-1.06506513e-05,-2.13016941e-05,-3.19528842e-05
0.00000000e+00,-1.00301354e-05,-2.00607122e-05,-3.00915826e-05
0.00000000e+00,-9.10216915e-06,-1.82047863e-05,-2.73077053e-05
0.00000000e+00,-8.88628342e-06,-1.77730608e-05,-2.66601423e-05
0.00000000e+00,-1.47236970e-05,-2.94480553e-05,-4.41728405e-05
0.00000000e+00,-1.05058788e-05,-2.10120266e-05,-3.15185321e-05
0.00000000e+00,-1.04045904e-05,-2.08097565e-05,-3.12153020e-05
0.00000000e+00,-9.34733751e-06,-1.86951355e-05,-2.80433590e-05
0.00000000e+00,-1.53907847e-05,-3.07821278e-05,-4.61739066e-05
0.00000000e+00,-1.00303500e-05,-2.00610522e-05,-3.00916379e-05
0.00000000e+00,-1.04046078e-05,-2.08098443e-05,-3.12152875e-05
0.00000000e+00,-8.88639106e-06,-1.77732798e-05,-2.66601706e-05
0.00000000e+00,-1.47238875e-05,-2.94483625e-05,-4.41728548e-05
0.00000000e+00,-7.19759708e-06,-1.43955527e-05,-2.15932715e-05
0.00000000e+00,-9.10223406e-06,-1.82049220e-05,-2.73076699e-05
0.00000000e+00,-6.24176350e-06,-1.24838651e-05,-1.87258968e-05
0.00000000e+00,-1.06507386e-05,-2.13018094e-05,-3.19528617e-05
0.00000000e+00,0.00000000e+00,0.00000000e+00,0.00000000e+00
0.00000000e+00,-4.00395231e-06,-8.00803845e-06,-1.20121558e-05
0.00000000e+00,0.00000000e+00,0.00000000e+00,0.00000000e+00
0.00000000e+00,0.00000000e+00,0.00000000e+00,0.00000000e+00
0.00000000e+00,0.00000000e+00,0.00000000e+00,0.00000000e+00
0.00000000e+00,-9.31528717e-06,-1.86309474e-05,-2.79469681e-05
0.00000000e+00,0.00000000e+00,0.00000000e+00,0.00000000e+00
0.00000000e+00,0.00000000e+00,0.00000000e+00,0.00000000e+00
0.00000000e+00,-5.29343888e-06,-1.05870754e-05,-1.58808057e-05
0.00000000e+00,-8.20939586e-06,-1.64191405e-05,-2.46291165e-05
0.00000000e+00,-1.35425903e-05,-2.70855479e-05,-4.06288339e-05
0.00000000e+00,-1.22746949e-05,-2.45501476e-05,-3.68262630e-05
0.00000000e+00,-1.13775486e-05,-2.27556592e-05,-3.41340582e-05
0.00000000e+00,-1.11677863e-05,-2.23361691e-05,-3.35050339e-05
0.00000000e+00,-1.77832772e-05,-3.55672556e-05,-5.33518299e-05
0.00000000e+00,-1.27566201e-05,-2.55140011e-05,-3.82718018e-05
0.00000000e+00,-1.26645505e-05,-2.53298266e-05,-3.79954325e-05
0.00000000e+00,-1.16392354e-05,-2.32789959e-05,-3.49191215e-05
0.00000000e+00,-1.84429968e-05,-3.68867388e-05,-5.53309256e-05
0.00000000e+00,-1.22749123e-05,-2.45504977e-05,-3.68261634e-05
0.00000000e+00,-1.26645686e-05,-2.53299382e-05,-3.79954141e-05
0.00000000e+00,-1.11679998e-05,-2.23365018e-05,-3.35050073e-05
0.00000000e+00,-1.77834370e-05,-3.55675270e-05,-5.33517667e-05
0.00000000e+00,-9.31526078e-06,-1.86310349e-05,-2.79469216e-05
0.00000000e+00,-1.13775904e-05,-2.27557975e-05,-3.41340185e-05
0.00000000e+00,-8.20941494e-06,-1.64192785e-05,-2.46290786e-05
0.00000000e+00,-1.35426121e-05,-2.70856467e-05,-4.06287836e-05
0.00000000e+00,0.00000000e+00,0.00000000e+00,0.00000000e+00
0.00000000e+00,-5.29347448e-06,-1.05871082e-05,-1.58807831e-05
0.00000000e+00,0.00000000e+00,0.00000000e+00,0.00000000e+00
0.00000000e+00,0.00000000e+00,0.00000000e+00,0.00000000e+00
0.00000000e+00,0.00000000e+00,0.00000000e+00,0.00000000e+00
0.00000000e+00,-1.17968346e-05,-2.35940948e-05,-3.53916224e-05
0.00000000e+00,0.00000000e+00,0.00000000e+00,0.00000000e+00
0.00000000e+00,0.00000000e+00,0.00000000e+00,0.00000000e+00
0.00000000e+00,-7.00504129e-06,-1.40103054e-05,-2.10156639e-05
0.00000000e+00,-1.04967191e-05,-2.09938423e-05,-3.14912923e-05
0.00000000e+00,-1.68116650e-05,-3.36237555e-05,-5.04362415e-05
0.00000000e+00,-1.44815548e-05,-2.89638829e-05,-4.34466895e-05
0.00000000e+00,-1.36107392e-05,-2.72221004e-05,-4.08337751e-05
0.00000000e+00,-1.34107975e-05,-2.68223715e-05,-4.02345342e-05
0.00000000e+00,-2.08074011e-05,-4.16155184e-05,-6.24243129e-05
0.00000000e+00,-1.49297395e-05,-2.98604360e-05,-4.47912907e-05
0.00000000e+00,-1.48317224e-05,-2.96642934e-05,-4.44971368e-05
0.00000000e+00,-1.38428521e-05,-2.76865616e-05,-4.15305522e-05
0.00000000e+00,-2.14064318e-05,-4.28137700e-05,-6.42214327e-05
0.00000000e+00,-1.44816712e-05,-2.89642037e-05,-4.34466163e-05
0.00000000e+00,-1.48317201e-05,-2.96643844e-05,-4.44971213e-05
0.00000000e+00,-1.34109628e-05,-2.68227093e-05,-4.02344451e-05
0.00000000e+00,-2.08075129e-05,-4.16158547e-05,-6.24242611e-05
0.00000000e+00,-1.17968679e-05,-2.35942189e-05,-3.53915757e-05
0.00000000e+00,-1.36107882e-05,-2.72222580e-05,-4.08337246e-05
0.00000000e+00,-1.04967342e-05,-2.09939576e-05,-3.14912397e-05
0.00000000e+00,-1.68117421e-05,-3.36239352e-05,-5.04361807e-05
0.00000000e+00,0.00000000e+00,0.00000000e+00,0.00000000e+00
0.00000000e+00,-7.00507958e-06,-1.40103597e-05,-2.10156390e-05
0.00000000e+00,0.00000000e+00,0.00000000e+00,0.00000000e+00
0.00000000e+00,0.00000000e+00,0.00000000e+00,0.00000000e+00
0.00000000e+00,0.00000000e+00,0.00000000e+00,0.00000000e+00
0.00000000e+00,-1.36211843e-05,-2.72427934e-05,-4.08645915e-05
0.00000000e+00,0.00000000e+00,0.00000000e+00,0.00000000e+00
0.00000000e+00,0.00000000e+00,0.00000000e+00,0.00000000e+00
0.00000000e+00,-9.85991817e-06,-1.97200636e-05,-2.95802863e-05
0.00000000e+00,-1.27026428e-05,-2.54057111e-05,-3.81090053e-05
0.00000000e+00,-1.98339502e-05,-3.96683773e-05,-5.95031021e-05
0.00000000e+00,-1.65639455e-05,-3.31287273e-05,-4.96937306e-05
0.00000000e+00,-1.57466972e-05,-3.14941237e-05,-4.72416918e-05
0.00000000e+00,-1.55528978e-05,-3.11065649e-05,-4.66606175e-05
0.00000000e+00,-2.40563925e-05,-4.81135255e-05,-7.21711655e-05
0.00000000e+00,-1.70229831e-05,-3.40469261e-05,-5.10709322e-05
0.00000000e+00,-1.69266632e-05,-3.38543160e-05,-5.07820934e-05
0.00000000e+00,-1.59710670e-05,-3.19430794e-05,-4.79152008e-05
0.00000000e+00,-2.47180212e-05,-4.94369988e-05,-7.41560997e-05
0.00000000e+00,-1.65640300e-05,-3.31289591e-05,-4.96936412e-05
0.00000000e+00,-1.69266592e-05,-3.38543792e-05,-5.07820723e-05
0.00000000e+00,-1.55529937e-05,-3.11068682e-05,-4.66605286e-05
0.00000000e+00,-2.40564751e-05,-4.81137948e-05,-7.21710701e-05
0.00000000e+00,-1.36211750e-05,-2.72429245e-05,-4.08645794e-05
0.00000000e+00,-1.57467327e-05,-3.14942728e-05,-4.72416559e-05
0.00000000e+00,-1.27026701e-05,-2.54058160e-05,-3.81089764e-05
0.00000000e+00,-1.98340284e-05,-3.96684977e-05,-5.95030596e-05
0.00000000e+00,0.00000000e+00,0.00000000e+00,0.00000000e+00
0.00000000e+00,-9.85994253e-06,-1.97201781e-05,-2.95802704e-05
0.00000000e+00,0.00000000e+00,0.00000000e+00,0.00000000e+00
0.00000000e+00,0.00000000e+00,0.00000000e+00,0.00000000e+00
0.00000000e+00,0.00000000e+00,0.00000000e+00,0.00000000e+00
0.00000000e+00,3.10659156e-11,3.04910609e-11,-9.43565076e-11
0.00000000e+00,0.00000000e+00,0.00000000e+00,0.00000000e+00
0.00000000e+00,0.00000000e+00,0.00000000e+00,0.00000000e+00
0.00000000e+00,1.02563119e-10,5.50758285e-11,-3.74488983e-11
0.00000000e+00,7.28508789e-11,5.76342544e-11,-7.02728796e-11
0.00000000e+00,-3.56846972e-06,-7.13709392e-06,-1.07058486e-05
0.00000000e+00,1.30475529e-10,3.79709324e-11,-1.28310432e-10
0.00000000e+00,2.55404151e-10,1.42444615e-10,-9.31579570e-11
0.00000000e+00,1.50766866e-10,9.36439732e-11,-1.08163308e-10
0.00000000e+00,-5.01725330e-06,-1.00348387e-05,-1.50525929e-05
0.00000000e+00,1.42595285e-10,9.49411770e-11,-1.28334800e-10
0.00000000e+00,3.60464340e-10,1.82385612e-10,-1.36669518e-10
0.00000000e+00,1.89840308e-10,1.35168127e-10,-1.14727627e-10
0.00000000e+00,-5.26334570e-06,-1.05268833e-05,-1.57907113e-05
0.00000000e+00,2.14876460e-10,1.28527113e-10,-1.08789944e-10
0.00000000e+00,3.89918613e-10,1.61764853e-10,-1.28597323e-10
0.00000000e+00,2.18747952e-10,1.33030109e-10,-1.00056311e-10
0.00000000e+00,-5.01735688e-06,-1.00349836e-05,-1.50526121e-05
0.00000000e+00,1.34130386e-10,3.03963243e-11,-3.47545529e-11
0.00000000e+00,2.59883520e-10,8.47330412e-11,-8.39780024e-11
0.00000000e+00,1.47464564e-10,4.88280397e-11,-4.14289249e-11
0.00000000e+00,-3.56846877e-06,-7.13721804e-06,-1.07058084e-05
0.00000000e+00,0.00000000e+00,0.00000000e+00,0.00000000e+00
0.00000000e+00,1.05991396e-10,4.65984119e-11,-2.77532725e-11
0.00000000e+00,0.00000000e+00,0.00000000e+00,0.00000000e+00
0.00000000e+00,0.00000000e+00,0.00000000e+00,0.00000000e+00
0.00000000e+00,0.00000000e+00,0.00000000e+00,0.00000000e+00
0.00000000e+00,3.38103974e-10,2.14060445e-10,-6.65509257e-11
0.00000000e+00,0.00000000e+00,0.00000000e+00,0.00000000e+00
0.00000000e+00,0.00000000e+00,0.00000000e+00,0.00000000e+00
0.00000000e+00,1.13916816e-10,5.48067095e-11,-4.60300279e-11
0.00000000e+00,1.88827151e-10,1.29753089e-10,-8.01540893e-11
0.00000000e+00,-4.60935219e-06,-9.21912854e-06,-1.38291477e-05
0.00000000e+00,5.49271380e-10,2.89881610e-10,-1.09049964e-10
0.00000000e+00,3.18576521e-10,1.50945314e-10,-1.30280655e-10
0.00000000e+00,3.40660488e-10,1.57458438e-10,-1.16610292e-10
0.00000000e+00,-6.14635035e-06,-1.22935156e-05,-1.84410894e-05
0.00000000e+00,5.56824905e-10,2.18894012e-10,-1.31509896e-10
0.00000000e+00,4.13770677e-10,1.76787761e-10,-1.74836469e-10
0.00000000e+00,3.42547084e-10,1.68229482e-10,-1.32049391e-10
0.00000000e+00,-6.39093656e-06,-1.27827008e-05,-1.91746986e-05
0.00000000e+00,4.15495667e-10,1.75247272e-10,-1.19888544e-10
0.00000000e+00,4.19135474e-10,1.46422559e-10,-1.58215703e-10
0.00000000e+00,2.99879040e-10,1.30991486e-10,-1.08448046e-10
0.00000000e+00,-6.14655665e-06,-1.22937851e-05,-1.84410251e-05
0.00000000e+00,2.50126380e-10,1.00364020e-10,-7.08206532e-11
0.00000000e+00,2.73695185e-10,8.28888740e-11,-1.06006990e-10
0.00000000e+00,2.11381494e-10,9.20451902e-11,-6.59510827e-11
0.00000000e+00,-4.60936749e-06,-9.21918936e-06,-1.38291370e-05
0.00000000e+00,0.00000000e+00,0.00000000e+00,0.00000000e+00
0.00000000e+00,1.00517561e-10,1.91736044e-11,-3.73271962e-11
0.00000000e+00,0.00000000e+00,0.00000000e+00,0.00000000e+00
0.00000000e+00,0.00000000e+00,0.00000000e+00,0.00000000e+00
0.00000000e+00,0.00000000e+00,0.00000000e+00,0.00000000e+00
0.00000000e+00,2.71420301e-10,1.07509768e-10,-1.17639074e-10
0.00000000e+00,0.00000000e+00,0.00000000e+00,0.00000000e+00
0.00000000e+00,0.00000000e+00,0.00000000e+00,0.00000000e+00
0.00000000e+00,1.50262755e-10,5.58510261e-11,-5.79288998e-11
0.00000000e+00,3.06429575e-10,1.62661526e-10,-8.92100837e-11
0.00000000e+00,-5.83345387e-06,-1.16673265e-05,-1.75013414e-05
0.00000000e+00,4.18910713e-10,6.25324502e-11,-1.68137260e-10
0.00000000e+00,4.00844765e-10,1.35208612e-10,-1.53454663e-10
0.00000000e+00,4.81314390e-10,1.82180789e-10,-1.35879909e-10
0.00000000e+00,-7.26207959e-06,-1.45249082e-05,-2.17878918e-05
0.00000000e+00,5.35730286e-10,1.04689612e-10,-2.13379066e-10
0.00000000e+00,5.16727043e-10,1.53644747e-10,-2.04269771e-10
0.00000000e+00,5.55822070e-10,1.57543313e-10,-1.72806180e-10
0.00000000e+00,-7.47727115e-06,-1.49554567e-05,-2.24336775e-05
0.00000000e+00,4.59019678e-10,7.63266292e-11,-1.82380086e-10
0.00000000e+00,5.23927671e-10,1.41363043e-10,-2.01709010e-10
0.00000000e+00,4.23191877e-10,1.27201105e-10,-1.47962362e-10
0.00000000e+00,-7.26211288e-06,-1.45250318e-05,-2.17878649e-05
0.00000000e+00,2.87196948e-10,-7.79497058e-13,-8.31406472e-11
0.00000000e+00,3.96861627e-10,7.46700099e-11,-1.38266169e-10
0.00000000e+00,2.74128551e-10,5.28119742e-11,-7.75265465e-11
0.00000000e+00,-5.83343794e-06,-1.16674523e-05,-1.75013073e-05
0.00000000e+00,0.00000000e+00,0.00000000e+00,0.00000000e+00
0.00000000e+00,1.08206947e-10,-1.60615412e-12,-4.05373461e-11
0.00000000e+00,0.00000000e+00,0.00000000e+00,0.00000000e+00
0.00000000e+00,0.00000000e+00,0.00000000e+00,0.00000000e+00
0.00000000e+00,0.00000000e+00,0.00000000e+00,0.00000000e+00
0.00000000e+00,3.91433903e-10,6.12342886e-11,-1.43472002e-10
0.00000000e+00,0.00000000e+00,0.00000000e+00,0.00000000e+00
0.00000000e+00,0.00000000e+00,0.00000000e+00,0.00000000e+00
0.00000000e+00,1.76100015e-10,4.59112698e-11,-6.69406726e-11
0.00000000e+00,3.30326723e-10,7.95482296e-11,-1.31527487e-10
0.00000000e+00,-6.94954921e-06,-1.38996876e-05,-2.08498779e-05
0.00000000e+00,6.69452985e-10,1.26291942e-10,-2.34566671e-10
0.00000000e+00,4.50179711e-10,1.29005964e-10,-1.80381051e-10
0.00000000e+00,5.40319478e-10,8.18336766e-11,-2.02457022e-10
0.00000000e+00,-8.44839172e-06,-1.68978001e-05,-2.53472025e-05
0.00000000e+00,7.20332079e-10,1.45497064e-10,-2.65420055e-10
0.00000000e+00,5.98848955e-10,1.32972559e-10,-2.50672892e-10
0.00000000e+00,6.27879698e-10,1.33481252e-10,-2.40254060e-10
0.00000000e+00,-8.67975012e-06,-1.73606836e-05,-2.60415719e-05
0.00000000e+00,6.53177841e-10,1.50028631e-10,-2.23259519e-10
0.00000000e+00,6.26654773e-10,1.28854896e-10,-2.36552023e-10
0.00000000e+00,5.55248472e-10,1.09907877e-10,-2.02142345e-10
0.00000000e+00,-8.44842866e-06,-1.68978377e-05,-2.53471752e-05
0.00000000e+00,3.83188316e-10,1.26433667e-10,-1.14754627e-10
0.00000000e+00,4.51576631e-10,1.14843299e-10,-1.66823393e-10
0.00000000e+00,3.47070387e-10,6.28268022e-11,-9.73732079e-11
0.00000000e+00,-6.94952093e-06,-1.38997266e-05,-2.08498414e-05
0.00000000e+00,0.00000000e+00,0.00000000e+00,0.00000000e+00
0.00000000e+00,1.08587045e-10,1.94460252e-11,-5.10676616e-11
0.00000000e+00,0.00000000e+00,0.00000000e+00,0.00000000e+00
0.00000000e+00,0.00000000e+00,0.00000000e+00,0.00000000e+00
0.00000000e+00,0.00000000e+00,0.00000000e+00,0.00000000e+00
0.00000000e+00,7.19806804e-06,1.43955736e-05,2.15931890e-05
0.00000000e+00,0.00000000e+00,0.00000000e+00,0.00000000e+00
0.00000000e+00,0.00000000e+00,0.00000000e+00,0.00000000e+00
0.00000000e+00,4.00407393e-06,8.00808452e-06,1.20121177e-05
0.00000000e+00,6.24214159e-06,1.24839430e-05,1.87258155e-05
0.00000000e+00,3.56874761e-06,7.13722992e-06,1.07056907e-05
0.00000000e+00,1.00310192e-05,2.00611242e-05,3.00913802e-05
0.00000000e+00,9.10262872e-06,1.82050672e-05,2.73075021e-05
0.00000000e+00,8.88699857e-06,1.77734635e-05,2.66599523e-05
0.00000000e+00,5.01778394e-06,1.00350459e-05,1.50523691e-05
0.00000000e+00,1.05068171e-05,2.10124246e-05,3.15182923e-05
0.00000000e+00,1.04051833e-05,2.08101099e-05,3.12150289e-05
0.00000000e+00,9.34814662e-06,1.86956218e-05,2.80431394e-05
0.00000000e+00,5.26389572e-06,1.05271863e-05,1.57904639e-05
0.00000000e+00,1.00312326e-05,2.00613678e-05,3.00914078e-05
0.00000000e+00,1.04052571e-05,2.08101399e-05,3.12150331e-05
0.00000000e+00,8.88716413e-06,1.77735826e-05,2.66599922e-05
0.00000000e+00,5.01798050e-06,1.00352612e-05,1.50523927e-05
0.00000000e+00,7.19825998e-06,1.43956858e-05,2.15931698e-05
0.00000000e+00,9.10269025e-06,1.82050976e-05,2.73075034e-05
0.00000000e+00,6.24224794e-06,1.24840296e-05,1.87258090e-05
0.00000000e+00,3.56887108e-06,7.13729520e-06,1.07057319e-05
0.00000000e+00,0.00000000e+00,0.00000000e+00,0.00000000e+00
0.00000000e+00,4.00419051e-06,8.00815230e-06,1.20120849e-05
0.00000000e+00,0.00000000e+00,0.00000000e+00,0.00000000e+00
0.00000000e+00,0.00000000e+00,0.00000000e+00,0.00000000e+00
0.00000000e+00,0.00000000e+00,0.00000000e+00,0.00000000e+00
0.00000000e+00,9.31583725e-06,1.86312385e-05,2.79467646e-05
0.00000000e+00,0.00000000e+00,0.00000000e+00,0.00000000e+00
0.00000000e+00,0.00000000e+00,0.00000000e+00,0.00000000e+00
0.00000000e+00,5.29369038e-06,1.05871848e-05,1.58807244e-05
0.00000000e+00,8.20994599e-06,1.64193909e-05,2.46289577e-05
0.00000000e+00,4.60995598e-06,9.21948676e-06,1.38289837e-05
0.00000000e+00,1.22754213e-05,2.45505502e-05,3.68259329e-05
0.00000000e+00,1.13781977e-05,2.27559581e-05,3.41338213e-05
0.00000000e+00,1.11685871e-05,2.23365943e-05,3.35047585e-05
0.00000000e+00,6.14726972e-06,1.22940039e-05,1.84408196e-05
0.00000000e+00,1.27573853e-05,2.55142821e-05,3.82714444e-05
0.00000000e+00,1.26653871e-05,2.53301697e-05,3.79950956e-05
0.00000000e+00,1.16401006e-05,2.32793122e-05,3.49188286e-05
0.00000000e+00,6.39187034e-06,1.27830812e-05,1.91743915e-05
0.00000000e+00,1.22755242e-05,2.45507757e-05,3.68258743e-05
0.00000000e+00,1.26654092e-05,2.53302172e-05,3.79951030e-05
0.00000000e+00,1.11687371e-05,2.23368278e-05,3.35047533e-05
0.00000000e+00,6.14728803e-06,1.22941047e-05,1.84407689e-05
0.00000000e+00,9.31565616e-06,1.86312255e-05,2.79467669e-05
0.00000000e+00,1.13781876e-05,2.27560104e-05,3.41338023e-05
0.00000000e+00,8.20991805e-06,1.64194167e-05,2.46289633e-05
0.00000000e+00,4.60981029e-06,9.21939469e-06,1.38289900e-05
0.00000000e+00,0.00000000e+00,0.00000000e+00,0.00000000e+00
0.00000000e+00,5.29373725e-06,1.05872265e-05,1.58806917e-05
0.00000000e+00,0.00000000e+00,0.00000000e+00,0.00000000e+00
0.00000000e+00,0.00000000e+00,0.00000000e+00,0.00000000e+00
0.00000000e+00,0.00000000e+00,0.00000000e+00,0.00000000e+00
0.00000000e+00,1.17973968e-05,2.35943419e-05,3.53913975e-05
0.00000000e+00,0.00000000e+00,0.00000000e+00,0.00000000e+00
0.00000000e+00,0.00000000e+00,0.00000000e+00,0.00000000e+00
0.00000000e+00,7.00533504e-06,1.40104258e-05,2.10155519e-05
0.00000000e+00,1.04972787e-05,2.09941207e-05,3.14910733e-05
0.00000000e+00,5.83397705e-06,1.16675421e-05,1.75011189e-05
0.00000000e+00,1.44823040e-05,2.89641464e-05,4.34463233e-05
0.00000000e+00,1.36114504e-05,2.72223860e-05,4.08334785e-05
0.00000000e+00,1.34115037e-05,2.68226820e-05,4.02341872e-05
0.00000000e+00,7.26292117e-06,1.45251314e-05,2.17875369e-05
0.00000000e+00,1.49306930e-05,2.98606614e-05,4.47908496e-05
0.00000000e+00,1.48326266e-05,2.96645635e-05,4.44967382e-05
0.00000000e+00,1.38436738e-05,2.76868056e-05,4.15301569e-05
0.00000000e+00,7.47828346e-06,1.49556725e-05,2.24332489e-05
0.00000000e+00,1.44825497e-05,2.89643463e-05,4.34462326e-05
0.00000000e+00,1.48326656e-05,2.96646352e-05,4.44967281e-05
0.00000000e+00,1.34117188e-05,2.68229139e-05,4.02340999e-05
0.00000000e+00,7.26301681e-06,1.45251828e-05,2.17875018e-05
0.00000000e+00,1.17973381e-05,2.35943824e-05,3.53913947e-05
0.00000000e+00,1.36114558e-05,2.72224373e-05,4.08334573e-05
0.00000000e+00,1.04971386e-05,2.09941431e-05,3.14910839e-05
0.00000000e+00,5.83397310e-06,1.16675114e-05,1.75011216e-05
0.00000000e+00,0.00000000e+00,0.00000000e+00,0.00000000e+00
0.00000000e+00,7.00533129e-06,1.40104419e-05,2.10155425e-05
0.00000000e+00,0.00000000e+00,0.00000000e+00,0.00000000e+00
0.00000000e+00,0.00000000e+00,0.00000000e+00,0.00000000e+00
0.00000000e+00,0.00000000e+00,0.00000000e+00,0.00000000e+00
0.00000000e+00,1.36218218e-05,2.72431104e-05,4.08643394e-05
0.00000000e+00,0.00000000e+00,0.00000000e+00,0.00000000e+00
0.00000000e+00,0.00000000e+00,0.00000000e+00,0.00000000e+00
0.00000000e+00,9.86025409e-06,1.97201806e-05,2.95801515e-05
0.00000000e+00,1.27032402e-05,2.54060015e-05,3.81087677e-05
0.00000000e+00,6.95028007e-06,1.38999104e-05,2.08496036e-05
0.00000000e+00,1.65649390e-05,3.31289870e-05,4.96932731e-05
0.00000000e+00,1.57475780e-05,3.14943825e-05,4.72413405e-05
0.00000000e+00,1.55537391e-05,3.11068304e-05,4.66602023e-05
0.00000000e+00,8.44959539e-06,1.68980948e-05,2.53467443e-05
0.00000000e+00,1.70241824e-05,3.40471858e-05,5.10704175e-05
0.00000000e+00,1.69278045e-05,3.38545814e-05,5.07816232e-05
0.00000000e+00,1.59721333e-05,3.19432966e-05,4.79147167e-05
0.00000000e+00,8.68109704e-06,1.73610077e-05,2.60410633e-05
0.00000000e+00,1.65649846e-05,3.31290897e-05,4.96932525e-05
0.00000000e+00,1.69278313e-05,3.38546213e-05,5.07816007e-05
0.00000000e+00,1.55539079e-05,3.11069931e-05,4.66601449e-05
0.00000000e+00,8.44955223e-06,1.68980607e-05,2.53467509e-05
0.00000000e+00,1.36217704e-05,2.72429610e-05,4.08643462e-05
0.00000000e+00,1.57476186e-05,3.14944163e-05,4.72413236e-05
0.00000000e+00,1.27031647e-05,2.54059076e-05,3.81087710e-05
0.00000000e+00,6.95025087e-06,1.38998690e-05,2.08496083e-05
0.00000000e+00,0.00000000e+00,0.00000000e+00,0.00000000e+00
0.00000000e+00,9.86024063e-06,1.97202066e-05,2.95801504e-05
0.00000000e+00,0.00000000e+00,0.00000000e+00,0.00000000e+00
0.00000000e+00,0.00000000e+00,0.00000000e+00,0.00000000e+00
0.00000000e+00,0.00000000e+00,0.00000000e+00,0.00000000e+00
0.00000000e+00,1.06511203e-05,2.13019000e-05,3.19527713e-05
0.00000000e+00,1.47245484e-05,2.94484545e-05,4.41726004e-05
0.00000000e+00,1.53916605e-05,3.07825416e-05,4.61736323e-05
0.00000000e+00,1.47247174e-05,2.94486903e-05,4.41726100e-05
0.00000000e+00,1.06512310e-05,2.13019574e-05,3.19527464e-05
0.00000000e+00,0.00000000e+00,0.00000000e+00,0.00000000e+00
0.00000000e+00,0.00000000e+00,0.00000000e+00,0.00000000e+00
0.00000000e+00,1.35429824e-05,2.70857707e-05,4.06286616e-05
0.00000000e+00,1.77839033e-05,3.55675844e-05,5.33515280e-05
0.00000000e+00,1.84436417e-05,3.68870179e-05,5.53305948e-05
0.00000000e+00,1.77840367e-05,3.55677919e-05,5.33515007e-05
0.00000000e+00,1.35429478e-05,2.70858473e-05,4.06286169e-05
0.00000000e+00,0.00000000e+00,0.00000000e+00,0.00000000e+00
0.00000000e+00,0.00000000e+00,0.00000000e+00,0.00000000e+00
0.00000000e+00,1.68121720e-05,3.36240203e-05,5.04360331e-05
0.00000000e+00,2.08080216e-05,4.16157461e-05,6.24239813e-05
0.00000000e+00,2.14071894e-05,4.28139270e-05,6.42210388e-05
0.00000000e+00,2.08082690e-05,4.16160581e-05,6.24238885e-05
0.00000000e+00,1.68121714e-05,3.36241322e-05,5.04359874e-05
0.00000000e+00,0.00000000e+00,0.00000000e+00,0.00000000e+00
0.00000000e+00,0.00000000e+00,0.00000000e+00,0.00000000e+00
0.00000000e+00,1.98345486e-05,3.96686698e-05,5.95028536e-05
0.00000000e+00,2.40572238e-05,4.81138078e-05,7.21707598e-05
0.00000000e+00,2.47189830e-05,4.94372029e-05,7.41556459e-05
0.00000000e+00,2.40572964e-05,4.81139926e-05,7.21707093e-05
0.00000000e+00,1.98345212e-05,3.96686904e-05,5.95028467e-05
0.00000000e+00,0.00000000e+00,0.00000000e+00,0.00000000e+00
