$MeshFormat
4.1 0 8
$EndMeshFormat
$PhysicalNames
3
2 1 "bc-bot"
2 2 "bc-top"
3 3 "vol"
$EndPhysicalNames
$Entities
17 32 22 5
1 0 0 0 0 
2 -0.00175 0 -0.00175 0 
3 0.00175 0 -0.00175 0 
4 0.00175 0 0.00175 0 
5 -0.00175 0 0.00175 0 
6 -0.003535533905932737 0 -0.003535533905932737 0 
7 0.003535533905932737 0 -0.003535533905932737 0 
8 0.003535533905932737 0 0.003535533905932737 0 
9 -0.003535533905932737 0 0.003535533905932737 0 
10 -0.00175 0.012 -0.00175 0 
11 0.00175 0.012 -0.00175 0 
12 0.00175 0.012 0.00175 0 
13 -0.00175 0.012 0.00175 0 
14 0.003535533905932737 0.012 -0.003535533905932737 0 
15 -0.003535533905932737 0.012 -0.003535533905932737 0 
16 0.003535533905932737 0.012 0.003535533905932737 0 
17 -0.003535533905932737 0.012 0.003535533905932737 0 
1 -0.0017501 -1e-07 -0.0017501 0.0017501 1e-07 -0.0017499 0 2 2 -3 
2 0.0017499 -1e-07 -0.0017501 0.0017501 1e-07 0.0017501 0 2 3 -4 
3 -0.0017501 -1e-07 0.0017499 0.0017501 1e-07 0.0017501 0 2 4 -5 
4 -0.0017501 -1e-07 -0.0017501 -0.0017499 1e-07 0.0017501 0 2 5 -2 
5 -0.003535633905932738 -1e-07 -0.0050001 0.003535633905932739 1e-07 -0.003535433905932735 0 2 6 -7 
6 0.003535433905932737 -1e-07 -0.003535633905932738 0.0050001 1e-07 0.003535633905932736 0 2 7 -8 
7 -0.003535633905932736 -1e-07 0.003535433905932737 0.003535633905932738 1e-07 0.0050001 0 2 8 -9 
8 -0.0050001 -1e-07 -0.003535633905932733 -0.003535433905932737 1e-07 0.003535633905932737 0 2 9 -6 
9 -0.003535633905932737 -1e-07 -0.003535633905932737 -0.0017499 1e-07 -0.0017499 0 2 2 -6 
10 0.0017499 -1e-07 -0.003535633905932737 0.003535633905932737 1e-07 -0.0017499 0 2 3 -7 
11 0.0017499 -1e-07 0.0017499 0.003535633905932737 1e-07 0.003535633905932737 0 2 4 -8 
12 -0.003535633905932737 -1e-07 0.0017499 -0.0017499 1e-07 0.003535633905932737 0 2 5 -9 
13 -0.0017501 -1.000000000002735e-07 -0.0017501 -0.0017499 0.0120001 -0.0017499 0 2 2 -10 
14 0.0017499 -1.000000000002735e-07 -0.0017501 0.0017501 0.0120001 -0.0017499 0 2 3 -11 
15 -0.0017501 0.0119999 -0.0017501 0.0017501 0.0120001 -0.0017499 0 2 10 -11 
16 0.0017499 -1.000000000002735e-07 0.0017499 0.0017501 0.0120001 0.0017501 0 2 4 -12 
17 0.0017499 0.0119999 -0.0017501 0.0017501 0.0120001 0.0017501 0 2 11 -12 
18 -0.0017501 -1.000000000002735e-07 0.0017499 -0.0017499 0.0120001 0.0017501 0 2 5 -13 
19 -0.0017501 0.0119999 0.0017499 0.0017501 0.0120001 0.0017501 0 2 12 -13 
20 -0.0017501 0.0119999 -0.0017501 -0.0017499 0.0120001 0.0017501 0 2 13 -10 
21 0.003535433905932737 -1.000000000002735e-07 -0.003535633905932737 0.003535633905932737 0.0120001 -0.003535433905932737 0 2 7 -14 
22 0.0017499 0.0119999 -0.003535633905932737 0.003535633905932737 0.0120001 -0.0017499 0 2 11 -14 
23 -0.003535633905932737 -1.000000000002735e-07 -0.003535633905932737 -0.003535433905932737 0.0120001 -0.003535433905932737 0 2 6 -15 
24 -0.003535633905932738 0.0119999 -0.0050001 0.003535633905932739 0.0120001 -0.003535433905932735 0 2 15 -14 
25 -0.003535633905932737 0.0119999 -0.003535633905932737 -0.0017499 0.0120001 -0.0017499 0 2 10 -15 
26 0.003535433905932737 -1.000000000002735e-07 0.003535433905932737 0.003535633905932737 0.0120001 0.003535633905932737 0 2 8 -16 
27 0.0017499 0.0119999 0.0017499 0.003535633905932737 0.0120001 0.003535633905932737 0 2 12 -16 
28 0.003535433905932737 0.0119999 -0.003535633905932738 0.0050001 0.0120001 0.003535633905932736 0 2 14 -16 
29 -0.003535633905932737 -1.000000000002735e-07 0.003535433905932737 -0.003535433905932737 0.0120001 0.003535633905932737 0 2 9 -17 
30 -0.003535633905932737 0.0119999 0.0017499 -0.0017499 0.0120001 0.003535633905932737 0 2 13 -17 
31 -0.003535633905932736 0.0119999 0.003535433905932737 0.003535633905932738 0.0120001 0.0050001 0 2 16 -17 
32 -0.0050001 0.0119999 -0.003535633905932733 -0.003535433905932737 0.0120001 0.003535633905932737 0 2 17 -15 
14 -0.0017501 -1e-07 -0.0017501 0.0017501 1e-07 0.0017501 1 1 4 1 2 3 4 
16 -0.003535633905932738 -1e-07 -0.0050001 0.003535633905932739 1e-07 -0.0017499 1 1 4 1 10 -5 -9 
18 0.0017499 -1e-07 -0.003535633905932738 0.0050001 1e-07 0.003535633905932738 1 1 4 2 11 -6 -10 
20 -0.003535633905932738 -1e-07 0.0017499 0.003535633905932738 1e-07 0.0050001 1 1 4 3 12 -7 -11 
22 -0.0050001 -1e-07 -0.003535633905932737 -0.0017499 1e-07 0.003535633905932737 1 1 4 4 9 -8 -12 
23 -0.0017501 -1.000000000002735e-07 -0.0017501 0.0017501 0.0120001 -0.0017499 0 4 13 15 -14 -1 
24 0.0017499 -1.000000000002735e-07 -0.0017501 0.0017501 0.0120001 0.0017501 0 4 14 17 -16 -2 
25 -0.0017501 -1.000000000002735e-07 0.0017499 0.0017501 0.0120001 0.0017501 0 4 16 19 -18 -3 
26 -0.0017501 -1.000000000002735e-07 -0.0017501 -0.0017499 0.0120001 0.0017501 0 4 18 20 -13 -4 
27 -0.0017501 0.0119999 -0.0017501 0.0017501 0.0120001 0.0017501 1 2 4 15 17 19 20 
28 0.0017499 -1.000000000002735e-07 -0.003535633905932737 0.003535633905932737 0.0120001 -0.0017499 0 4 14 22 -21 -10 
29 -0.003535633905932738 -1.000000000002735e-07 -0.0050001 0.003535633905932739 0.0120001 -0.003535433905932735 0 4 23 24 -21 -5 
30 -0.003535633905932737 -1.000000000002735e-07 -0.003535633905932737 -0.0017499 0.0120001 -0.0017499 0 4 13 25 -23 -9 
31 -0.003535633905932738 0.0119999 -0.0050001 0.003535633905932739 0.0120001 -0.0017499 1 2 4 15 22 -24 -25 
32 0.0017499 -1.000000000002735e-07 0.0017499 0.003535633905932737 0.0120001 0.003535633905932737 0 4 16 27 -26 -11 
33 0.003535433905932737 -1.000000000002735e-07 -0.003535633905932738 0.0050001 0.0120001 0.003535633905932736 0 4 21 28 -26 -6 
34 0.0017499 0.0119999 -0.003535633905932738 0.0050001 0.0120001 0.003535633905932738 1 2 4 17 27 -28 -22 
35 -0.003535633905932737 -1.000000000002735e-07 0.0017499 -0.0017499 0.0120001 0.003535633905932737 0 4 18 30 -29 -12 
36 -0.003535633905932736 -1.000000000002735e-07 0.003535433905932737 0.003535633905932738 0.0120001 0.0050001 0 4 26 31 -29 -7 
37 -0.003535633905932738 0.0119999 0.0017499 0.003535633905932738 0.0120001 0.0050001 1 2 4 19 30 -31 -27 
38 -0.0050001 -1.000000000002735e-07 -0.003535633905932733 -0.003535433905932737 0.0120001 0.003535633905932737 0 4 29 32 -23 -8 
39 -0.0050001 0.0119999 -0.003535633905932737 -0.0017499 0.0120001 0.003535633905932737 1 2 4 20 25 -32 -30 
1 -0.0017501 -1.000000000002735e-07 -0.0017501 0.0017501 0.0120001 0.0017501 1 3 6 23 24 25 26 14 -27 
2 -0.003535633905932738 -1.000000000002735e-07 -0.0050001 0.003535633905932739 0.0120001 -0.0017499 1 3 6 -23 -28 29 30 -16 31 
3 0.0017499 -1.000000000002735e-07 -0.003535633905932738 0.0050001 0.0120001 0.003535633905932738 1 3 6 -24 -32 33 28 -18 34 
4 -0.003535633905932738 -1.000000000002735e-07 0.0017499 0.003535633905932738 0.0120001 0.0050001 1 3 6 -25 -35 36 32 -20 37 
5 -0.0050001 -1.000000000002735e-07 -0.003535633905932737 -0.0017499 0.0120001 0.003535633905932737 1 3 6 -26 -30 38 35 -22 39 
$EndEntities
$Nodes
75 2333 1 2333
0 2 0 1
1
-0.00175 0 -0.00175
0 3 0 1
2
0.00175 0 -0.00175
0 4 0 1
3
0.00175 0 0.00175
0 5 0 1
4
-0.00175 0 0.00175
0 6 0 1
5
-0.003535533905932737 0 -0.003535533905932737
0 7 0 1
6
0.003535533905932737 0 -0.003535533905932737
0 8 0 1
7
0.003535533905932737 0 0.003535533905932737
0 9 0 1
8
-0.003535533905932737 0 0.003535533905932737
0 10 0 1
9
-0.00175 0.012 -0.00175
0 11 0 1
10
0.00175 0.012 -0.00175
0 12 0 1
11
0.00175 0.012 0.00175
0 13 0 1
12
-0.00175 0.012 0.00175
0 14 0 1
13
0.003535533905932737 0.012 -0.003535533905932737
0 15 0 1
14
-0.003535533905932737 0.012 -0.003535533905932737
0 16 0 1
15
0.003535533905932737 0.012 0.003535533905932737
0 17 0 1
16
-0.003535533905932737 0.012 0.003535533905932737
1 1 0 7
17
18
19
20
21
22
23
-0.000875 0 -0.00175
0 0 -0.00175
0.0008749999999999999 0 -0.00175
-0.0013125 0 -0.00175
-0.0004375 0 -0.00175
0.0004375 0 -0.00175
0.0013125 0 -0.00175
1 2 0 7
24
25
26
27
28
29
30
0.00175 0 -0.000875
0.00175 0 0
0.00175 0 0.0008749999999999999
0.00175 0 -0.0013125
0.00175 0 -0.0004375
0.00175 0 0.0004375
0.00175 0 0.0013125
1 3 0 7
31
32
33
34
35
36
37
0.000875 0 0.00175
0 0 0.00175
-0.0008749999999999999 0 0.00175
0.0013125 0 0.00175
0.0004375 0 0.00175
-0.0004375 0 0.00175
-0.0013125 0 0.00175
1 4 0 7
38
39
40
41
42
43
44
-0.00175 0 0.000875
-0.00175 0 0
-0.00175 0 -0.0008749999999999999
-0.00175 0 0.0013125
-0.00175 0 0.0004375
-0.00175 0 -0.0004375
-0.00175 0 -0.0013125
1 5 0 7
45
46
47
48
49
50
51
-0.001913417161825445 0 -0.004619397662556435
3.828568698926949e-18 0 -0.004999999999999999
0.001913417161825452 0 -0.004619397662556432
-0.00277785116509801 0 -0.004157348061512726
-0.0009754516100806385 0 -0.004903926402016152
0.000975451610080646 0 -0.004903926402016151
0.002777851165098015 0 -0.004157348061512723
1 6 0 7
52
53
54
55
56
57
58
0.004619397662556432 0 -0.001913417161825451
0.004999999999999999 0 -9.184850993605148e-19
0.004619397662556434 0 0.001913417161825446
0.004157348061512725 0 -0.00277785116509801
0.004903926402016151 0 -0.0009754516100806431
0.004903926402016152 0 0.000975451610080637
0.004157348061512726 0 0.002777851165098009
1 7 0 7
59
60
61
62
63
64
65
0.001913417161825452 0 0.004619397662556432
1.224646799147353e-18 0 0.004999999999999999
-0.001913417161825445 0 0.004619397662556435
0.00277785116509801 0 0.004157348061512725
0.0009754516100806435 0 0.004903926402016151
-0.0009754516100806366 0 0.004903926402016152
-0.002777851165098009 0 0.004157348061512726
1 8 0 7
66
67
68
69
70
71
72
-0.004619397662556432 0 0.00191341716182545
-0.004999999999999999 0 2.526607749037151e-18
-0.004619397662556435 0 -0.001913417161825445
-0.004157348061512725 0 0.002777851165098012
-0.004903926402016152 0 0.0009754516100806425
-0.004903926402016152 0 -0.0009754516100806376
-0.004157348061512728 0 -0.002777851165098008
1 9 0 7
73
74
75
76
77
78
79
-0.002196383476483184 0 -0.002196383476483184
-0.002642766952966369 0 -0.002642766952966369
-0.003089150429449553 0 -0.003089150429449553
-0.001973191738241592 0 -0.001973191738241592
-0.002419575214724776 0 -0.002419575214724776
-0.002865958691207961 0 -0.002865958691207961
-0.003312342167691145 0 -0.003312342167691145
1 10 0 7
80
81
82
83
84
85
86
0.002196383476483184 0 -0.002196383476483184
0.002642766952966369 0 -0.002642766952966369
0.003089150429449553 0 -0.003089150429449553
0.001973191738241592 0 -0.001973191738241592
0.002419575214724776 0 -0.002419575214724776
0.002865958691207961 0 -0.002865958691207961
0.003312342167691145 0 -0.003312342167691145
1 11 0 7
87
88
89
90
91
92
93
0.002196383476483184 0 0.002196383476483184
0.002642766952966369 0 0.002642766952966369
0.003089150429449553 0 0.003089150429449553
0.001973191738241592 0 0.001973191738241592
0.002419575214724776 0 0.002419575214724776
0.002865958691207961 0 0.002865958691207961
0.003312342167691145 0 0.003312342167691145
1 12 0 7
94
95
96
97
98
99
100
-0.002196383476483184 0 0.002196383476483184
-0.002642766952966369 0 0.002642766952966369
-0.003089150429449553 0 0.003089150429449553
-0.001973191738241592 0 0.001973191738241592
-0.002419575214724776 0 0.002419575214724776
-0.002865958691207961 0 0.002865958691207961
-0.003312342167691145 0 0.003312342167691145
1 13 0 11
101
102
103
104
105
106
107
108
109
110
111
-0.00175 0.002 -0.00175
-0.00175 0.004 -0.00175
-0.00175 0.006 -0.00175
-0.00175 0.008 -0.00175
-0.00175 0.01 -0.00175
-0.00175 0.001 -0.00175
-0.00175 0.003 -0.00175
-0.00175 0.005 -0.00175
-0.00175 0.007 -0.00175
-0.00175 0.009000000000000001 -0.00175
-0.00175 0.011 -0.00175
1 14 0 11
112
113
114
115
116
117
118
119
120
121
122
0.00175 0.002 -0.00175
0.00175 0.004 -0.00175
0.00175 0.006 -0.00175
0.00175 0.008 -0.00175
0.00175 0.01 -0.00175
0.00175 0.001 -0.00175
0.00175 0.003 -0.00175
0.00175 0.005 -0.00175
0.00175 0.007 -0.00175
0.00175 0.009000000000000001 -0.00175
0.00175 0.011 -0.00175
1 15 0 7
123
124
125
126
127
128
129
-0.000875 0.012 -0.00175
0 0.012 -0.00175
0.0008749999999999999 0.012 -0.00175
-0.0013125 0.012 -0.00175
-0.0004375 0.012 -0.00175
0.0004375 0.012 -0.00175
0.0013125 0.012 -0.00175
1 16 0 11
130
131
132
133
134
135
136
137
138
139
140
0.00175 0.002 0.00175
0.00175 0.004 0.00175
0.00175 0.006 0.00175
0.00175 0.008 0.00175
0.00175 0.01 0.00175
0.00175 0.001 0.00175
0.00175 0.003 0.00175
0.00175 0.005 0.00175
0.00175 0.007 0.00175
0.00175 0.009000000000000001 0.00175
0.00175 0.011 0.00175
1 17 0 7
141
142
143
144
145
146
147
0.00175 0.012 -0.000875
0.00175 0.012 0
0.00175 0.012 0.0008749999999999999
0.00175 0.012 -0.0013125
0.00175 0.012 -0.0004375
0.00175 0.012 0.0004375
0.00175 0.012 0.0013125
1 18 0 11
148
149
150
151
152
153
154
155
156
157
158
-0.00175 0.002 0.00175
-0.00175 0.004 0.00175
-0.00175 0.006 0.00175
-0.00175 0.008 0.00175
-0.00175 0.01 0.00175
-0.00175 0.001 0.00175
-0.00175 0.003 0.00175
-0.00175 0.005 0.00175
-0.00175 0.007 0.00175
-0.00175 0.009000000000000001 0.00175
-0.00175 0.011 0.00175
1 19 0 7
159
160
161
162
163
164
165
0.000875 0.012 0.00175
0 0.012 0.00175
-0.0008749999999999999 0.012 0.00175
0.0013125 0.012 0.00175
0.0004375 0.012 0.00175
-0.0004375 0.012 0.00175
-0.0013125 0.012 0.00175
1 20 0 7
166
167
168
169
170
171
172
-0.00175 0.012 0.000875
-0.00175 0.012 0
-0.00175 0.012 -0.0008749999999999999
-0.00175 0.012 0.0013125
-0.00175 0.012 0.0004375
-0.00175 0.012 -0.0004375
-0.00175 0.012 -0.0013125
1 21 0 11
173
174
175
176
177
178
179
180
181
182
183
0.003535533905932737 0.002 -0.003535533905932737
0.003535533905932737 0.004 -0.003535533905932737
0.003535533905932737 0.006 -0.003535533905932737
0.003535533905932737 0.008 -0.003535533905932737
0.003535533905932737 0.01 -0.003535533905932737
0.003535533905932737 0.001 -0.003535533905932737
0.003535533905932737 0.003 -0.003535533905932737
0.003535533905932737 0.005 -0.003535533905932737
0.003535533905932737 0.007 -0.003535533905932737
0.003535533905932737 0.009000000000000001 -0.003535533905932737
0.003535533905932737 0.011 -0.003535533905932737
1 22 0 7
184
185
186
187
188
189
190
0.002196383476483184 0.012 -0.002196383476483184
0.002642766952966369 0.012 -0.002642766952966369
0.003089150429449553 0.012 -0.003089150429449553
0.001973191738241592 0.012 -0.001973191738241592
0.002419575214724776 0.012 -0.002419575214724776
0.002865958691207961 0.012 -0.002865958691207961
0.003312342167691145 0.012 -0.003312342167691145
1 23 0 11
191
192
193
194
195
196
197
198
199
200
201
-0.003535533905932737 0.002 -0.003535533905932737
-0.003535533905932737 0.004 -0.003535533905932737
-0.003535533905932737 0.006 -0.003535533905932737
-0.003535533905932737 0.008 -0.003535533905932737
-0.003535533905932737 0.01 -0.003535533905932737
-0.003535533905932737 0.001 -0.003535533905932737
-0.003535533905932737 0.003 -0.003535533905932737
-0.003535533905932737 0.005 -0.003535533905932737
-0.003535533905932737 0.007 -0.003535533905932737
-0.003535533905932737 0.009000000000000001 -0.003535533905932737
-0.003535533905932737 0.011 -0.003535533905932737
1 24 0 7
202
203
204
205
206
207
208
-0.001913417161825445 0.012 -0.004619397662556435
3.828568698926949e-18 0.012 -0.004999999999999999
0.001913417161825452 0.012 -0.004619397662556432
-0.00277785116509801 0.012 -0.004157348061512726
-0.0009754516100806385 0.012 -0.004903926402016152
0.000975451610080646 0.012 -0.004903926402016151
0.002777851165098015 0.012 -0.004157348061512723
1 25 0 7
209
210
211
212
213
214
215
-0.002196383476483184 0.012 -0.002196383476483184
-0.002642766952966369 0.012 -0.002642766952966369
-0.003089150429449553 0.012 -0.003089150429449553
-0.001973191738241592 0.012 -0.001973191738241592
-0.002419575214724776 0.012 -0.002419575214724776
-0.002865958691207961 0.012 -0.002865958691207961
-0.003312342167691145 0.012 -0.003312342167691145
1 26 0 11
216
217
218
219
220
221
222
223
224
225
226
0.003535533905932737 0.002 0.003535533905932737
0.003535533905932737 0.004 0.003535533905932737
0.003535533905932737 0.006 0.003535533905932737
0.003535533905932737 0.008 0.003535533905932737
0.003535533905932737 0.01 0.003535533905932737
0.003535533905932737 0.001 0.003535533905932737
0.003535533905932737 0.003 0.003535533905932737
0.003535533905932737 0.005 0.003535533905932737
0.003535533905932737 0.007 0.003535533905932737
0.003535533905932737 0.009000000000000001 0.003535533905932737
0.003535533905932737 0.011 0.003535533905932737
1 27 0 7
227
228
229
230
231
232
233
0.002196383476483184 0.012 0.002196383476483184
0.002642766952966369 0.012 0.002642766952966369
0.003089150429449553 0.012 0.003089150429449553
0.001973191738241592 0.012 0.001973191738241592
0.002419575214724776 0.012 0.002419575214724776
0.002865958691207961 0.012 0.002865958691207961
0.003312342167691145 0.012 0.003312342167691145
1 28 0 7
234
235
236
237
238
239
240
0.004619397662556432 0.012 -0.001913417161825451
0.004999999999999999 0.012 -9.184850993605148e-19
0.004619397662556434 0.012 0.001913417161825446
0.004157348061512725 0.012 -0.00277785116509801
0.004903926402016151 0.012 -0.0009754516100806431
0.004903926402016152 0.012 0.000975451610080637
0.004157348061512726 0.012 0.002777851165098009
1 29 0 11
241
242
243
244
245
246
247
248
249
250
251
-0.003535533905932737 0.002 0.003535533905932737
-0.003535533905932737 0.004 0.003535533905932737
-0.003535533905932737 0.006 0.003535533905932737
-0.003535533905932737 0.008 0.003535533905932737
-0.003535533905932737 0.01 0.003535533905932737
-0.003535533905932737 0.001 0.003535533905932737
-0.003535533905932737 0.003 0.003535533905932737
-0.003535533905932737 0.005 0.003535533905932737
-0.003535533905932737 0.007 0.003535533905932737
-0.003535533905932737 0.009000000000000001 0.003535533905932737
-0.003535533905932737 0.011 0.003535533905932737
1 30 0 7
252
253
254
255
256
257
258
-0.002196383476483184 0.012 0.002196383476483184
-0.002642766952966369 0.012 0.002642766952966369
-0.003089150429449553 0.012 0.003089150429449553
-0.001973191738241592 0.012 0.001973191738241592
-0.002419575214724776 0.012 0.002419575214724776
-0.002865958691207961 0.012 0.002865958691207961
-0.003312342167691145 0.012 0.003312342167691145
1 31 0 7
259
260
261
262
263
264
265
0.001913417161825452 0.012 0.004619397662556432
1.224646799147353e-18 0.012 0.004999999999999999
-0.001913417161825445 0.012 0.004619397662556435
0.00277785116509801 0.012 0.004157348061512725
0.0009754516100806435 0.012 0.004903926402016151
-0.0009754516100806366 0.012 0.004903926402016152
-0.002777851165098009 0.012 0.004157348061512726
1 32 0 7
266
267
268
269
270
271
272
-0.004619397662556432 0.012 0.00191341716182545
-0.004999999999999999 0.012 2.526607749037151e-18
-0.004619397662556435 0.012 -0.001913417161825445
-0.004157348061512725 0.012 0.002777851165098012
-0.004903926402016152 0.012 0.0009754516100806425
-0.004903926402016152 0.012 -0.0009754516100806376
-0.004157348061512728 0.012 -0.002777851165098008
2 14 0 33
273
274
275
276
277
278
279
280
281
282
283
284
285
286
287
288
289
290
291
292
293
294
295
296
297
298
299
300
301
302
303
304
305
-0.0008750000000000001 0 -0.0008749999999999999
-0.000875 0 6.050235337530717e-20
-0.0008749999999999999 0 0.0008749999999999999
-6.050235337530717e-20 0 -0.0008749999999999998
-6.050235337530717e-20 0 6.050235337530717e-20
-6.050235337530717e-20 0 0.000875
0.0008749999999999997 0 -0.0008749999999999997
0.0008749999999999998 0 6.050235337530717e-20
0.0008749999999999997 0 0.0008749999999999999
-0.0008750000000000001 0 -0.0013125
-0.0013125 0 -0.0008749999999999998
-0.000875 0 -0.0004375
-0.0013125 0 6.050235337530717e-20
-0.000875 0 0.0004375
-0.0013125 0 0.000875
-0.000875 0 0.0013125
-6.050235337530717e-20 0 -0.0013125
-0.0004375000000000001 0 -0.0008749999999999998
-6.050235337530717e-20 0 -0.0004374999999999999
-0.0004375 0 6.050235337530717e-20
-6.050235337530717e-20 0 0.0004375
-0.0004375 0 0.000875
-6.050235337530717e-20 0 0.0013125
0.0008749999999999998 0 -0.0013125
0.0004374999999999998 0 -0.0008749999999999998
0.0008749999999999998 0 -0.0004374999999999998
0.0004374999999999999 0 6.050235337530717e-20
0.0008749999999999998 0 0.0004375
0.0004374999999999998 0 0.000875
0.0008749999999999998 0 0.0013125
0.0013125 0 -0.0008749999999999998
0.0013125 0 6.050235337530717e-20
0.0013125 0 0.000875
2 16 0 33
306
307
308
309
310
311
312
313
314
315
316
317
318
319
320
321
322
323
324
325
326
327
328
329
330
331
332
333
334
335
336
337
338
-0.001134604290456362 0 -0.002467349415639109
-0.001394208580912723 0 -0.003184698831278218
-0.001653812871369084 0 -0.003902048246917327
6.654626103042168e-19 0 -0.002562500000000001
1.358430582349959e-18 0 -0.003375
2.430869314765628e-18 0 -0.004187500000000001
0.001134604290456362 0 -0.002467349415639108
0.001394208580912725 0 -0.003184698831278217
0.001653812871369088 0 -0.003902048246917326
-0.001004802145228181 0 -0.002108674707819554
-0.001665493883469773 0 -0.002331866446061147
-0.001264406435684542 0 -0.002826024123458664
-0.002018487766939546 0 -0.002913732892122294
-0.001524010726140903 0 -0.003543373539097773
-0.002371481650409319 0 -0.00349559933818344
-0.001783615016597264 0 -0.004260722954736881
3.189786242813455e-19 0 -0.00215625
-0.0005673021452281805 0 -0.002514924707819555
1.011946596327088e-18 0 -0.00296875
-0.0006971042904563605 0 -0.00327984941563911
1.894649948557794e-18 0 -0.003781250000000001
-0.0008269064356845407 0 -0.004044774123458664
3.129719006846288e-18 0 -0.004593750000000001
0.001004802145228181 0 -0.002108674707819554
0.0005673021452281815 0 -0.002514924707819554
0.001264406435684544 0 -0.002826024123458662
0.0006971042904563631 0 -0.003279849415639109
0.001524010726140906 0 -0.003543373539097771
0.0008269064356845451 0 -0.004044774123458664
0.00178361501659727 0 -0.004260722954736879
0.001665493883469773 0 -0.002331866446061147
0.002018487766939546 0 -0.002913732892122293
0.002371481650409321 0 -0.003495599338183439
2 18 0 33
339
340
341
342
343
344
345
346
347
348
349
350
351
352
353
354
355
356
357
358
359
360
361
362
363
364
365
366
367
368
369
370
371
0.002467349415639108 0 -0.001134604290456363
0.003184698831278216 0 -0.001394208580912726
0.003902048246917324 0 -0.001653812871369088
0.0025625 0 -1.922017098749189e-19
0.003375 0 -2.897358833720503e-19
0.0041875 0 1.548310293735706e-19
0.002467349415639108 0 0.001134604290456361
0.003184698831278217 0 0.001394208580912723
0.003902048246917326 0 0.001653812871369085
0.002108674707819554 0 -0.001004802145228181
0.002331866446061146 0 -0.001665493883469774
0.002826024123458662 0 -0.001264406435684544
0.002913732892122292 0 -0.002018487766939547
0.00354337353909777 0 -0.001524010726140907
0.003495599338183439 0 -0.002371481650409321
0.004260722954736878 0 -0.00178361501659727
0.00215625 0 -1.434346231263533e-19
0.002514924707819554 0 -0.0005673021452281816
0.00296875 0 -2.409687966234846e-19
0.003279849415639108 0 -0.0006971042904563631
0.00378125 0 -6.745242699923988e-20
0.004044774123458662 0 -0.000826906435684544
0.00459375 0 -3.818270349934721e-19
0.002108674707819554 0 0.001004802145228181
0.002514924707819554 0 0.0005673021452281806
0.002826024123458663 0 0.001264406435684542
0.003279849415639108 0 0.0006971042904563614
0.003543373539097771 0 0.001524010726140904
0.004044774123458663 0 0.0008269064356845425
0.00426072295473688 0 0.001783615016597265
0.002331866446061147 0 0.001665493883469773
0.002913732892122293 0 0.002018487766939546
0.003495599338183439 0 0.002371481650409319
2 20 0 33
372
373
374
375
376
377
378
379
380
381
382
383
384
385
386
387
388
389
390
391
392
393
394
395
396
397
398
399
400
401
402
403
404
0.001134604290456363 0 0.002467349415639108
0.001394208580912726 0 0.003184698831278216
0.001653812871369088 0 0.003902048246917324
2.687421348216285e-19 0 0.0025625
4.428167332654695e-19 0 0.003375
7.479024546655805e-20 0 0.0041875
-0.001134604290456361 0 0.002467349415639109
-0.001394208580912723 0 0.003184698831278218
-0.001653812871369085 0 0.003902048246917326
0.001004802145228181 0 0.002108674707819554
0.001665493883469774 0 0.002331866446061146
0.001264406435684544 0 0.002826024123458662
0.002018487766939547 0 0.002913732892122292
0.001524010726140907 0 0.00354337353909777
0.002371481650409321 0 0.003495599338183439
0.00178361501659727 0 0.004260722954736878
1.817048355997081e-19 0 0.00215625
0.0005673021452281816 0 0.002514924707819554
3.55779434043549e-19 0 0.00296875
0.0006971042904563631 0 0.003279849415639108
2.588034893660138e-19 0 0.00378125
0.0008269064356845443 0 0.004044774123458663
6.497185223069555e-19 0 0.00459375
-0.001004802145228181 0 0.002108674707819554
-0.0005673021452281805 0 0.002514924707819554
-0.001264406435684542 0 0.002826024123458663
-0.0006971042904563613 0 0.003279849415639109
-0.001524010726140904 0 0.003543373539097772
-0.0008269064356845423 0 0.004044774123458664
-0.001783615016597265 0 0.00426072295473688
-0.001665493883469773 0 0.002331866446061147
-0.002018487766939546 0 0.002913732892122293
-0.002371481650409319 0 0.00349559933818344
2 22 0 33
405
406
407
408
409
410
411
412
413
414
415
416
417
418
419
420
421
422
423
424
425
426
427
428
429
430
431
432
433
434
435
436
437
-0.002467349415639108 0 0.001134604290456363
-0.003184698831278216 0 0.001394208580912724
-0.003902048246917324 0 0.001653812871369086
-0.002562499999999999 0 7.883603293407561e-20
-0.003374999999999999 0 4.249389968913822e-19
-0.004187499999999999 0 3.915712004787622e-19
-0.002467349415639108 0 -0.001134604290456362
-0.003184698831278216 0 -0.001394208580912724
-0.003902048246917325 0 -0.001653812871369086
-0.002108674707819553 0 0.001004802145228181
-0.002331866446061146 0 0.001665493883469773
-0.002826024123458662 0 0.001264406435684543
-0.002913732892122292 0 0.002018487766939547
-0.00354337353909777 0 0.001524010726140906
-0.003495599338183439 0 0.00237148165040932
-0.004260722954736878 0 0.001783615016597268
-0.002156249999999999 0 6.841487682824795e-20
-0.002514924707819553 0 0.0005673021452281814
-0.002968749999999999 0 2.518875149127289e-19
-0.003279849415639107 0 0.0006971042904563625
-0.003781249999999999 0 4.082550986850721e-19
-0.004044774123458662 0 0.0008269064356845434
-0.004593749999999999 0 1.459089474757957e-18
-0.002108674707819554 0 -0.001004802145228181
-0.002514924707819553 0 -0.0005673021452281808
-0.002826024123458662 0 -0.001264406435684543
-0.003279849415639108 0 -0.0006971042904563616
-0.003543373539097771 0 -0.001524010726140905
-0.004044774123458662 0 -0.0008269064356845428
-0.00426072295473688 0 -0.001783615016597266
-0.002331866446061146 0 -0.001665493883469773
-0.002913732892122292 0 -0.002018487766939546
-0.003495599338183439 0 -0.00237148165040932
2 23 0 53
438
439
440
441
442
443
444
445
446
447
448
449
450
451
452
453
454
455
456
457
458
459
460
461
462
463
464
465
466
467
468
469
470
471
472
473
474
475
476
477
478
479
480
481
482
483
484
485
486
487
488
489
490
-0.000875 0.002 -0.00175
-0.000875 0.004 -0.00175
-0.000875 0.006 -0.00175
-0.000875 0.008 -0.00175
-0.000875 0.01 -0.00175
0 0.002 -0.00175
0 0.004 -0.00175
0 0.006 -0.00175
0 0.008 -0.00175
0 0.01 -0.00175
0.0008749999999999999 0.002 -0.00175
0.0008749999999999999 0.004 -0.00175
0.0008749999999999999 0.006 -0.00175
0.0008749999999999999 0.008 -0.00175
0.0008749999999999999 0.01 -0.00175
-0.0013125 0.002 -0.00175
-0.000875 0.001 -0.00175
-0.0013125 0.004 -0.00175
-0.000875 0.003 -0.00175
-0.0013125 0.006 -0.00175
-0.000875 0.005 -0.00175
-0.0013125 0.008 -0.00175
-0.000875 0.007 -0.00175
-0.0013125 0.01 -0.00175
-0.000875 0.009000000000000001 -0.00175
-0.000875 0.011 -0.00175
-0.0004375 0.002 -0.00175
0 0.001 -0.00175
-0.0004375 0.004 -0.00175
0 0.003 -0.00175
-0.0004375 0.006 -0.00175
0 0.005 -0.00175
-0.0004375 0.008 -0.00175
0 0.007 -0.00175
-0.0004375 0.01 -0.00175
0 0.009000000000000001 -0.00175
0 0.011 -0.00175
0.0004375 0.002 -0.00175
0.0008749999999999999 0.001 -0.00175
0.0004375 0.004 -0.00175
0.0008749999999999999 0.003 -0.00175
0.0004375 0.006 -0.00175
0.0008749999999999999 0.005 -0.00175
0.0004375 0.008 -0.00175
0.0008749999999999999 0.007 -0.00175
0.0004375 0.01 -0.00175
0.0008749999999999999 0.009000000000000001 -0.00175
0.0008749999999999999 0.011 -0.00175
0.0013125 0.002 -0.00175
0.0013125 0.004 -0.00175
0.0013125 0.006 -0.00175
0.0013125 0.008 -0.00175
0.0013125 0.01 -0.00175
2 24 0 53
491
492
493
494
495
496
497
498
499
500
501
502
503
504
505
506
507
508
509
510
511
512
513
514
515
516
517
518
519
520
521
522
523
524
525
526
527
528
529
530
531
532
533
534
535
536
537
538
539
540
541
542
543
0.00175 0.002 -0.000875
0.00175 0.004 -0.000875
0.00175 0.006 -0.000875
0.00175 0.008 -0.000875
0.00175 0.01 -0.000875
0.00175 0.002 0
0.00175 0.004 0
0.00175 0.006 0
0.00175 0.008 0
0.00175 0.01 0
0.00175 0.002 0.0008749999999999999
0.00175 0.004 0.0008749999999999999
0.00175 0.006 0.0008749999999999999
0.00175 0.008 0.0008749999999999999
0.00175 0.01 0.0008749999999999999
0.00175 0.002 -0.0013125
0.00175 0.001 -0.000875
0.00175 0.004 -0.0013125
0.00175 0.003 -0.000875
0.00175 0.006 -0.0013125
0.00175 0.005 -0.000875
0.00175 0.008 -0.0013125
0.00175 0.007 -0.000875
0.00175 0.01 -0.0013125
0.00175 0.009000000000000001 -0.000875
0.00175 0.011 -0.000875
0.00175 0.002 -0.0004375
0.00175 0.001 0
0.00175 0.004 -0.0004375
0.00175 0.003 0
0.00175 0.006 -0.0004375
0.00175 0.005 0
0.00175 0.008 -0.0004375
0.00175 0.007 0
0.00175 0.01 -0.0004375
0.00175 0.009000000000000001 0
0.00175 0.011 0
0.00175 0.002 0.0004375
0.00175 0.001 0.0008749999999999999
0.00175 0.004 0.0004375
0.00175 0.003 0.0008749999999999999
0.00175 0.006 0.0004375
0.00175 0.005 0.0008749999999999999
0.00175 0.008 0.0004375
0.00175 0.007 0.0008749999999999999
0.00175 0.01 0.0004375
0.00175 0.009000000000000001 0.0008749999999999999
0.00175 0.011 0.0008749999999999999
0.00175 0.002 0.0013125
0.00175 0.004 0.0013125
0.00175 0.006 0.0013125
0.00175 0.008 0.0013125
0.00175 0.01 0.0013125
2 25 0 53
544
545
546
547
548
549
550
551
552
553
554
555
556
557
558
559
560
561
562
563
564
565
566
567
568
569
570
571
572
573
574
575
576
577
578
579
580
581
582
583
584
585
586
587
588
589
590
591
592
593
594
595
596
0.000875 0.002 0.00175
0.000875 0.004 0.00175
0.000875 0.006 0.00175
0.000875 0.008 0.00175
0.000875 0.01 0.00175
0 0.002 0.00175
0 0.004 0.00175
0 0.006 0.00175
0 0.008 0.00175
0 0.01 0.00175
-0.0008749999999999999 0.002 0.00175
-0.0008749999999999999 0.004 0.00175
-0.0008749999999999999 0.006 0.00175
-0.0008749999999999999 0.008 0.00175
-0.0008749999999999999 0.01 0.00175
0.0013125 0.002 0.00175
0.000875 0.001 0.00175
0.0013125 0.004 0.00175
0.000875 0.003 0.00175
0.0013125 0.006 0.00175
0.000875 0.005 0.00175
0.0013125 0.008 0.00175
0.000875 0.007 0.00175
0.0013125 0.01 0.00175
0.000875 0.009000000000000001 0.00175
0.000875 0.011 0.00175
0.0004375 0.002 0.00175
0 0.001 0.00175
0.0004375 0.004 0.00175
0 0.003 0.00175
0.0004375 0.006 0.00175
0 0.005 0.00175
0.0004375 0.008 0.00175
0 0.007 0.00175
0.0004375 0.01 0.00175
0 0.009000000000000001 0.00175
0 0.011 0.00175
-0.0004375 0.002 0.00175
-0.0008749999999999999 0.001 0.00175
-0.0004375 0.004 0.00175
-0.0008749999999999999 0.003 0.00175
-0.0004375 0.006 0.00175
-0.0008749999999999999 0.005 0.00175
-0.0004375 0.008 0.00175
-0.0008749999999999999 0.007 0.00175
-0.0004375 0.01 0.00175
-0.0008749999999999999 0.009000000000000001 0.00175
-0.0008749999999999999 0.011 0.00175
-0.0013125 0.002 0.00175
-0.0013125 0.004 0.00175
-0.0013125 0.006 0.00175
-0.0013125 0.008 0.00175
-0.0013125 0.01 0.00175
2 26 0 53
597
598
599
600
601
602
603
604
605
606
607
608
609
610
611
612
613
614
615
616
617
618
619
620
621
622
623
624
625
626
627
628
629
630
631
632
633
634
635
636
637
638
639
640
641
642
643
644
645
646
647
648
649
-0.00175 0.002 0.000875
-0.00175 0.004 0.000875
-0.00175 0.006 0.000875
-0.00175 0.008 0.000875
-0.00175 0.01 0.000875
-0.00175 0.002 0
-0.00175 0.004 0
-0.00175 0.006 0
-0.00175 0.008 0
-0.00175 0.01 0
-0.00175 0.002 -0.0008749999999999999
-0.00175 0.004 -0.0008749999999999999
-0.00175 0.006 -0.0008749999999999999
-0.00175 0.008 -0.0008749999999999999
-0.00175 0.01 -0.0008749999999999999
-0.00175 0.002 0.0013125
-0.00175 0.001 0.000875
-0.00175 0.004 0.0013125
-0.00175 0.003 0.000875
-0.00175 0.006 0.0013125
-0.00175 0.005 0.000875
-0.00175 0.008 0.0013125
-0.00175 0.007 0.000875
-0.00175 0.01 0.0013125
-0.00175 0.009000000000000001 0.000875
-0.00175 0.011 0.000875
-0.00175 0.002 0.0004375
-0.00175 0.001 0
-0.00175 0.004 0.0004375
-0.00175 0.003 0
-0.00175 0.006 0.0004375
-0.00175 0.005 0
-0.00175 0.008 0.0004375
-0.00175 0.007 0
-0.00175 0.01 0.0004375
-0.00175 0.009000000000000001 0
-0.00175 0.011 0
-0.00175 0.002 -0.0004375
-0.00175 0.001 -0.0008749999999999999
-0.00175 0.004 -0.0004375
-0.00175 0.003 -0.0008749999999999999
-0.00175 0.006 -0.0004375
-0.00175 0.005 -0.0008749999999999999
-0.00175 0.008 -0.0004375
-0.00175 0.007 -0.0008749999999999999
-0.00175 0.01 -0.0004375
-0.00175 0.009000000000000001 -0.0008749999999999999
-0.00175 0.011 -0.0008749999999999999
-0.00175 0.002 -0.0013125
-0.00175 0.004 -0.0013125
-0.00175 0.006 -0.0013125
-0.00175 0.008 -0.0013125
-0.00175 0.01 -0.0013125
2 27 0 33
650
651
652
653
654
655
656
657
658
659
660
661
662
663
664
665
666
667
668
669
670
671
672
673
674
675
676
677
678
679
680
681
682
-0.0008750000000000001 0.012 -0.0008749999999999999
-0.000875 0.012 6.050235337530717e-20
-0.0008749999999999999 0.012 0.0008749999999999999
-6.050235337530717e-20 0.012 -0.0008749999999999998
-6.050235337530717e-20 0.012 6.050235337530717e-20
-6.050235337530717e-20 0.012 0.000875
0.0008749999999999997 0.012 -0.0008749999999999997
0.0008749999999999998 0.012 6.050235337530717e-20
0.0008749999999999997 0.012 0.0008749999999999999
-0.0013125 0.012 -0.0008749999999999998
-0.0008750000000000001 0.012 -0.0013125
-0.0013125 0.012 6.050235337530717e-20
-0.000875 0.012 -0.0004375
-0.0013125 0.012 0.000875
-0.000875 0.012 0.0004375
-0.000875 0.012 0.0013125
-0.0004375000000000001 0.012 -0.0008749999999999998
-6.050235337530717e-20 0.012 -0.0013125
-0.0004375 0.012 6.050235337530717e-20
-6.050235337530717e-20 0.012 -0.0004374999999999999
-0.0004375 0.012 0.000875
-6.050235337530717e-20 0.012 0.0004375
-6.050235337530717e-20 0.012 0.0013125
0.0004374999999999998 0.012 -0.0008749999999999998
0.0008749999999999998 0.012 -0.0013125
0.0004374999999999999 0.012 6.050235337530717e-20
0.0008749999999999998 0.012 -0.0004374999999999998
0.0004374999999999998 0.012 0.000875
0.0008749999999999998 0.012 0.0004375
0.0008749999999999998 0.012 0.0013125
0.0013125 0.012 -0.0008749999999999998
0.0013125 0.012 6.050235337530717e-20
0.0013125 0.012 0.000875
2 28 0 53
683
684
685
686
687
688
689
690
691
692
693
694
695
696
697
698
699
700
701
702
703
704
705
706
707
708
709
710
711
712
713
714
715
716
717
718
719
720
721
722
723
724
725
726
727
728
729
730
731
732
733
734
735
0.002196383476483184 0.002 -0.002196383476483184
0.002196383476483184 0.004 -0.002196383476483184
0.002196383476483184 0.006 -0.002196383476483184
0.002196383476483184 0.008 -0.002196383476483184
0.002196383476483184 0.01 -0.002196383476483184
0.002642766952966369 0.002 -0.002642766952966369
0.002642766952966369 0.004 -0.002642766952966369
0.002642766952966369 0.006 -0.002642766952966369
0.002642766952966369 0.008 -0.002642766952966369
0.002642766952966369 0.01 -0.002642766952966369
0.003089150429449553 0.002 -0.003089150429449553
0.003089150429449553 0.004 -0.003089150429449553
0.003089150429449553 0.006 -0.003089150429449553
0.003089150429449553 0.008 -0.003089150429449553
0.003089150429449553 0.01 -0.003089150429449553
0.002196383476483184 0.001 -0.002196383476483184
0.001973191738241592 0.002 -0.001973191738241592
0.002196383476483184 0.003 -0.002196383476483184
0.001973191738241592 0.004 -0.001973191738241592
0.002196383476483184 0.005 -0.002196383476483184
0.001973191738241592 0.006 -0.001973191738241592
0.002196383476483184 0.007 -0.002196383476483184
0.001973191738241592 0.008 -0.001973191738241592
0.002196383476483184 0.009000000000000001 -0.002196383476483184
0.001973191738241592 0.01 -0.001973191738241592
0.002196383476483184 0.011 -0.002196383476483184
0.002642766952966369 0.001 -0.002642766952966369
0.002419575214724776 0.002 -0.002419575214724776
0.002642766952966369 0.003 -0.002642766952966369
0.002419575214724776 0.004 -0.002419575214724776
0.002642766952966369 0.005 -0.002642766952966369
0.002419575214724776 0.006 -0.002419575214724776
0.002642766952966369 0.007 -0.002642766952966369
0.002419575214724776 0.008 -0.002419575214724776
0.002642766952966369 0.009000000000000001 -0.002642766952966369
0.002419575214724776 0.01 -0.002419575214724776
0.002642766952966369 0.011 -0.002642766952966369
0.003089150429449553 0.001 -0.003089150429449553
0.002865958691207961 0.002 -0.002865958691207961
0.003089150429449553 0.003 -0.003089150429449553
0.002865958691207961 0.004 -0.002865958691207961
0.003089150429449553 0.005 -0.003089150429449553
0.002865958691207961 0.006 -0.002865958691207961
0.003089150429449553 0.007 -0.003089150429449553
0.002865958691207961 0.008 -0.002865958691207961
0.003089150429449553 0.009000000000000001 -0.003089150429449553
0.002865958691207961 0.01 -0.002865958691207961
0.003089150429449553 0.011 -0.003089150429449553
0.003312342167691145 0.002 -0.003312342167691145
0.003312342167691145 0.004 -0.003312342167691145
0.003312342167691145 0.006 -0.003312342167691145
0.003312342167691145 0.008 -0.003312342167691145
0.003312342167691145 0.01 -0.003312342167691145
2 29 0 53
736
737
738
739
740
741
742
743
744
745
746
747
748
749
750
751
752
753
754
755
756
757
758
759
760
761
762
763
764
765
766
767
768
769
770
771
772
773
774
775
776
777
778
779
780
781
782
783
784
785
786
787
788
-0.001913417161825445 0.002 -0.004619397662556435
-0.001913417161825445 0.004 -0.004619397662556435
-0.001913417161825445 0.006 -0.004619397662556435
-0.001913417161825445 0.008 -0.004619397662556435
-0.001913417161825445 0.01 -0.004619397662556435
3.828568698926949e-18 0.002 -0.004999999999999999
3.828568698926949e-18 0.004 -0.004999999999999999
3.828568698926949e-18 0.006 -0.004999999999999999
3.828568698926949e-18 0.008 -0.004999999999999999
3.828568698926949e-18 0.01 -0.004999999999999999
0.001913417161825452 0.002 -0.004619397662556432
0.001913417161825452 0.004 -0.004619397662556432
0.001913417161825452 0.006 -0.004619397662556432
0.001913417161825452 0.008 -0.004619397662556432
0.001913417161825452 0.01 -0.004619397662556432
-0.00277785116509801 0.002 -0.004157348061512726
-0.001913417161825445 0.001 -0.004619397662556435
-0.00277785116509801 0.004 -0.004157348061512726
-0.001913417161825445 0.003 -0.004619397662556435
-0.00277785116509801 0.006 -0.004157348061512726
-0.001913417161825445 0.005 -0.004619397662556435
-0.00277785116509801 0.008 -0.004157348061512726
-0.001913417161825445 0.007 -0.004619397662556435
-0.00277785116509801 0.01 -0.004157348061512726
-0.001913417161825445 0.009000000000000001 -0.004619397662556435
-0.001913417161825445 0.011 -0.004619397662556435
-0.0009754516100806385 0.002 -0.004903926402016152
3.828568698926949e-18 0.001 -0.004999999999999999
-0.0009754516100806385 0.004 -0.004903926402016152
3.828568698926949e-18 0.003 -0.004999999999999999
-0.0009754516100806385 0.006 -0.004903926402016152
3.828568698926949e-18 0.005 -0.004999999999999999
-0.0009754516100806385 0.008 -0.004903926402016152
3.828568698926949e-18 0.007 -0.004999999999999999
-0.0009754516100806385 0.01 -0.004903926402016152
3.828568698926949e-18 0.009000000000000001 -0.004999999999999999
3.828568698926949e-18 0.011 -0.004999999999999999
0.0009754516100806439 0.002 -0.004903926402016151
0.001913417161825452 0.001 -0.004619397662556432
0.0009754516100806439 0.004 -0.004903926402016151
0.001913417161825452 0.003 -0.004619397662556432
0.0009754516100806439 0.006 -0.004903926402016151
0.001913417161825452 0.005 -0.004619397662556432
0.0009754516100806439 0.008 -0.004903926402016151
0.001913417161825452 0.007 -0.004619397662556432
0.0009754516100806439 0.01 -0.004903926402016151
0.001913417161825452 0.009000000000000001 -0.004619397662556432
0.001913417161825452 0.011 -0.004619397662556432
0.002777851165098011 0.002 -0.004157348061512725
0.002777851165098011 0.004 -0.004157348061512725
0.002777851165098011 0.006 -0.004157348061512725
0.002777851165098011 0.008 -0.004157348061512725
0.002777851165098011 0.01 -0.004157348061512725
2 30 0 53
789
790
791
792
793
794
795
796
797
798
799
800
801
802
803
804
805
806
807
808
809
810
811
812
813
814
815
816
817
818
819
820
821
822
823
824
825
826
827
828
829
830
831
832
833
834
835
836
837
838
839
840
841
-0.002196383476483184 0.002 -0.002196383476483184
-0.002196383476483184 0.004 -0.002196383476483184
-0.002196383476483184 0.006 -0.002196383476483184
-0.002196383476483184 0.008 -0.002196383476483184
-0.002196383476483184 0.01 -0.002196383476483184
-0.002642766952966369 0.002 -0.002642766952966369
-0.002642766952966369 0.004 -0.002642766952966369
-0.002642766952966369 0.006 -0.002642766952966369
-0.002642766952966369 0.008 -0.002642766952966369
-0.002642766952966369 0.01 -0.002642766952966369
-0.003089150429449553 0.002 -0.003089150429449553
-0.003089150429449553 0.004 -0.003089150429449553
-0.003089150429449553 0.006 -0.003089150429449553
-0.003089150429449553 0.008 -0.003089150429449553
-0.003089150429449553 0.01 -0.003089150429449553
-0.001973191738241592 0.002 -0.001973191738241592
-0.002196383476483184 0.001 -0.002196383476483184
-0.001973191738241592 0.004 -0.001973191738241592
-0.002196383476483184 0.003 -0.002196383476483184
-0.001973191738241592 0.006 -0.001973191738241592
-0.002196383476483184 0.005 -0.002196383476483184
-0.001973191738241592 0.008 -0.001973191738241592
-0.002196383476483184 0.007 -0.002196383476483184
-0.001973191738241592 0.01 -0.001973191738241592
-0.002196383476483184 0.009000000000000001 -0.002196383476483184
-0.002196383476483184 0.011 -0.002196383476483184
-0.002419575214724776 0.002 -0.002419575214724776
-0.002642766952966369 0.001 -0.002642766952966369
-0.002419575214724776 0.004 -0.002419575214724776
-0.002642766952966369 0.003 -0.002642766952966369
-0.002419575214724776 0.006 -0.002419575214724776
-0.002642766952966369 0.005 -0.002642766952966369
-0.002419575214724776 0.008 -0.002419575214724776
-0.002642766952966369 0.007 -0.002642766952966369
-0.002419575214724776 0.01 -0.002419575214724776
-0.002642766952966369 0.009000000000000001 -0.002642766952966369
-0.002642766952966369 0.011 -0.002642766952966369
-0.002865958691207961 0.002 -0.002865958691207961
-0.003089150429449553 0.001 -0.003089150429449553
-0.002865958691207961 0.004 -0.002865958691207961
-0.003089150429449553 0.003 -0.003089150429449553
-0.002865958691207961 0.006 -0.002865958691207961
-0.003089150429449553 0.005 -0.003089150429449553
-0.002865958691207961 0.008 -0.002865958691207961
-0.003089150429449553 0.007 -0.003089150429449553
-0.002865958691207961 0.01 -0.002865958691207961
-0.003089150429449553 0.009000000000000001 -0.003089150429449553
-0.003089150429449553 0.011 -0.003089150429449553
-0.003312342167691145 0.002 -0.003312342167691145
-0.003312342167691145 0.004 -0.003312342167691145
-0.003312342167691145 0.006 -0.003312342167691145
-0.003312342167691145 0.008 -0.003312342167691145
-0.003312342167691145 0.01 -0.003312342167691145
2 31 0 33
842
843
844
845
846
847
848
849
850
851
852
853
854
855
856
857
858
859
860
861
862
863
864
865
866
867
868
869
870
871
872
873
874
-0.001134604290456362 0.012 -0.002467349415639109
-0.001394208580912723 0.012 -0.003184698831278218
-0.001653812871369084 0.012 -0.003902048246917327
6.654626103042168e-19 0.012 -0.002562500000000001
1.358430582349959e-18 0.012 -0.003375
2.430869314765628e-18 0.012 -0.004187500000000001
0.001134604290456362 0.012 -0.002467349415639108
0.001394208580912725 0.012 -0.003184698831278217
0.001653812871369088 0.012 -0.003902048246917326
-0.001004802145228181 0.012 -0.002108674707819554
-0.001665493883469773 0.012 -0.002331866446061147
-0.001264406435684542 0.012 -0.002826024123458663
-0.002018487766939546 0.012 -0.002913732892122294
-0.001524010726140903 0.012 -0.003543373539097773
-0.002371481650409319 0.012 -0.00349559933818344
-0.001783615016597264 0.012 -0.004260722954736881
3.189786242813455e-19 0.012 -0.00215625
-0.0005673021452281805 0.012 -0.002514924707819555
1.011946596327088e-18 0.012 -0.00296875
-0.0006971042904563605 0.012 -0.00327984941563911
1.894649948557794e-18 0.012 -0.003781250000000001
-0.0008269064356845407 0.012 -0.004044774123458664
3.129719006846288e-18 0.012 -0.004593750000000001
0.001004802145228181 0.012 -0.002108674707819554
0.0005673021452281815 0.012 -0.002514924707819555
0.001264406435684544 0.012 -0.002826024123458662
0.0006971042904563631 0.012 -0.003279849415639109
0.001524010726140906 0.012 -0.003543373539097771
0.0008269064356845451 0.012 -0.004044774123458664
0.00178361501659727 0.012 -0.004260722954736879
0.001665493883469773 0.012 -0.002331866446061147
0.002018487766939546 0.012 -0.002913732892122293
0.002371481650409321 0.012 -0.003495599338183439
2 32 0 53
875
876
877
878
879
880
881
882
883
884
885
886
887
888
889
890
891
892
893
894
895
896
897
898
899
900
901
902
903
904
905
906
907
908
909
910
911
912
913
914
915
916
917
918
919
920
921
922
923
924
925
926
927
0.002196383476483184 0.002 0.002196383476483184
0.002196383476483184 0.004 0.002196383476483184
0.002196383476483184 0.006 0.002196383476483184
0.002196383476483184 0.008 0.002196383476483184
0.002196383476483184 0.01 0.002196383476483184
0.002642766952966369 0.002 0.002642766952966369
0.002642766952966369 0.004 0.002642766952966369
0.002642766952966369 0.006 0.002642766952966369
0.002642766952966369 0.008 0.002642766952966369
0.002642766952966369 0.01 0.002642766952966369
0.003089150429449553 0.002 0.003089150429449553
0.003089150429449553 0.004 0.003089150429449553
0.003089150429449553 0.006 0.003089150429449553
0.003089150429449553 0.008 0.003089150429449553
0.003089150429449553 0.01 0.003089150429449553
0.002196383476483184 0.001 0.002196383476483184
0.001973191738241592 0.002 0.001973191738241592
0.002196383476483184 0.003 0.002196383476483184
0.001973191738241592 0.004 0.001973191738241592
0.002196383476483184 0.005 0.002196383476483184
0.001973191738241592 0.006 0.001973191738241592
0.002196383476483184 0.007 0.002196383476483184
0.001973191738241592 0.008 0.001973191738241592
0.002196383476483184 0.009000000000000001 0.002196383476483184
0.001973191738241592 0.01 0.001973191738241592
0.002196383476483184 0.011 0.002196383476483184
0.002642766952966369 0.001 0.002642766952966369
0.002419575214724776 0.002 0.002419575214724776
0.002642766952966369 0.003 0.002642766952966369
0.002419575214724776 0.004 0.002419575214724776
0.002642766952966369 0.005 0.002642766952966369
0.002419575214724776 0.006 0.002419575214724776
0.002642766952966369 0.007 0.002642766952966369
0.002419575214724776 0.008 0.002419575214724776
0.002642766952966369 0.009000000000000001 0.002642766952966369
0.002419575214724776 0.01 0.002419575214724776
0.002642766952966369 0.011 0.002642766952966369
0.003089150429449553 0.001 0.003089150429449553
0.002865958691207961 0.002 0.002865958691207961
0.003089150429449553 0.003 0.003089150429449553
0.002865958691207961 0.004 0.002865958691207961
0.003089150429449553 0.005 0.003089150429449553
0.002865958691207961 0.006 0.002865958691207961
0.003089150429449553 0.007 0.003089150429449553
0.002865958691207961 0.008 0.002865958691207961
0.003089150429449553 0.009000000000000001 0.003089150429449553
0.002865958691207961 0.01 0.002865958691207961
0.003089150429449553 0.011 0.003089150429449553
0.003312342167691145 0.002 0.003312342167691145
0.003312342167691145 0.004 0.003312342167691145
0.003312342167691145 0.006 0.003312342167691145
0.003312342167691145 0.008 0.003312342167691145
0.003312342167691145 0.01 0.003312342167691145
2 33 0 53
928
929
930
931
932
933
934
935
936
937
938
939
940
941
942
943
944
945
946
947
948
949
950
951
952
953
954
955
956
957
958
959
960
961
962
963
964
965
966
967
968
969
970
971
972
973
974
975
976
977
978
979
980
0.004619397662556432 0.002 -0.001913417161825451
0.004619397662556432 0.004 -0.001913417161825451
0.004619397662556432 0.006 -0.001913417161825451
0.004619397662556432 0.008 -0.001913417161825451
0.004619397662556432 0.01 -0.001913417161825451
0.004999999999999999 0.002 -9.184850993605148e-19
0.004999999999999999 0.004 -9.184850993605148e-19
0.004999999999999999 0.006 -9.184850993605148e-19
0.004999999999999999 0.008 -9.184850993605148e-19
0.004999999999999999 0.01 -9.184850993605148e-19
0.004619397662556434 0.002 0.001913417161825446
0.004619397662556434 0.004 0.001913417161825446
0.004619397662556434 0.006 0.001913417161825446
0.004619397662556434 0.008 0.001913417161825446
0.004619397662556434 0.01 0.001913417161825446
0.004157348061512725 0.002 -0.00277785116509801
0.004619397662556432 0.001 -0.001913417161825451
0.004157348061512725 0.004 -0.00277785116509801
0.004619397662556432 0.003 -0.001913417161825451
0.004157348061512725 0.006 -0.00277785116509801
0.004619397662556432 0.005 -0.001913417161825451
0.004157348061512725 0.008 -0.00277785116509801
0.004619397662556432 0.007 -0.001913417161825451
0.004157348061512725 0.01 -0.00277785116509801
0.004619397662556432 0.009000000000000001 -0.001913417161825451
0.004619397662556432 0.011 -0.001913417161825451
0.004903926402016151 0.002 -0.0009754516100806431
0.004999999999999999 0.001 -9.184850993605148e-19
0.004903926402016151 0.004 -0.0009754516100806431
0.004999999999999999 0.003 -9.184850993605148e-19
0.004903926402016151 0.006 -0.0009754516100806431
0.004999999999999999 0.005 -9.184850993605148e-19
0.004903926402016151 0.008 -0.0009754516100806431
0.004999999999999999 0.007 -9.184850993605148e-19
0.004903926402016151 0.01 -0.0009754516100806431
0.004999999999999999 0.009000000000000001 -9.184850993605148e-19
0.004999999999999999 0.011 -9.184850993605148e-19
0.004903926402016152 0.002 0.000975451610080637
0.004619397662556434 0.001 0.001913417161825446
0.004903926402016152 0.004 0.000975451610080637
0.004619397662556434 0.003 0.001913417161825446
0.004903926402016152 0.006 0.000975451610080637
0.004619397662556434 0.005 0.001913417161825446
0.004903926402016152 0.008 0.000975451610080637
0.004619397662556434 0.007 0.001913417161825446
0.004903926402016152 0.01 0.000975451610080637
0.004619397662556434 0.009000000000000001 0.001913417161825446
0.004619397662556434 0.011 0.001913417161825446
0.004157348061512726 0.002 0.002777851165098009
0.004157348061512726 0.004 0.002777851165098009
0.004157348061512726 0.006 0.002777851165098009
0.004157348061512726 0.008 0.002777851165098009
0.004157348061512726 0.01 0.002777851165098009
2 34 0 33
981
982
983
984
985
986
987
988
989
990
991
992
993
994
995
996
997
998
999
1000
1001
1002
1003
1004
1005
1006
1007
1008
1009
1010
1011
1012
1013
0.002467349415639108 0.012 -0.001134604290456363
0.003184698831278216 0.012 -0.001394208580912726
0.003902048246917324 0.012 -0.001653812871369088
0.0025625 0.012 -1.922017098749189e-19
0.003375 0.012 -2.897358833720503e-19
0.0041875 0.012 1.548310293735706e-19
0.002467349415639108 0.012 0.001134604290456361
0.003184698831278217 0.012 0.001394208580912723
0.003902048246917326 0.012 0.001653812871369085
0.002108674707819554 0.012 -0.001004802145228181
0.002331866446061146 0.012 -0.001665493883469774
0.002826024123458662 0.012 -0.001264406435684544
0.002913732892122292 0.012 -0.002018487766939547
0.00354337353909777 0.012 -0.001524010726140907
0.003495599338183439 0.012 -0.002371481650409321
0.004260722954736878 0.012 -0.00178361501659727
0.00215625 0.012 -1.434346231263533e-19
0.002514924707819554 0.012 -0.0005673021452281816
0.00296875 0.012 -2.409687966234846e-19
0.003279849415639108 0.012 -0.0006971042904563631
0.00378125 0.012 -6.745242699923988e-20
0.004044774123458663 0.012 -0.000826906435684544
0.00459375 0.012 -3.818270349934721e-19
0.002108674707819554 0.012 0.001004802145228181
0.002514924707819554 0.012 0.0005673021452281806
0.002826024123458662 0.012 0.001264406435684542
0.003279849415639108 0.012 0.0006971042904563614
0.003543373539097771 0.012 0.001524010726140904
0.004044774123458663 0.012 0.0008269064356845425
0.00426072295473688 0.012 0.001783615016597265
0.002331866446061147 0.012 0.001665493883469773
0.002913732892122293 0.012 0.002018487766939546
0.00349559933818344 0.012 0.002371481650409319
2 35 0 53
1014
1015
1016
1017
1018
1019
1020
1021
1022
1023
1024
1025
1026
1027
1028
1029
1030
1031
1032
1033
1034
1035
1036
1037
1038
1039
1040
1041
1042
1043
1044
1045
1046
1047
1048
1049
1050
1051
1052
1053
1054
1055
1056
1057
1058
1059
1060
1061
1062
1063
1064
1065
1066
-0.002196383476483184 0.002 0.002196383476483184
-0.002196383476483184 0.004 0.002196383476483184
-0.002196383476483184 0.006 0.002196383476483184
-0.002196383476483184 0.008 0.002196383476483184
-0.002196383476483184 0.01 0.002196383476483184
-0.002642766952966369 0.002 0.002642766952966369
-0.002642766952966369 0.004 0.002642766952966369
-0.002642766952966369 0.006 0.002642766952966369
-0.002642766952966369 0.008 0.002642766952966369
-0.002642766952966369 0.01 0.002642766952966369
-0.003089150429449553 0.002 0.003089150429449553
-0.003089150429449553 0.004 0.003089150429449553
-0.003089150429449553 0.006 0.003089150429449553
-0.003089150429449553 0.008 0.003089150429449553
-0.003089150429449553 0.01 0.003089150429449553
-0.002196383476483184 0.001 0.002196383476483184
-0.001973191738241592 0.002 0.001973191738241592
-0.002196383476483184 0.003 0.002196383476483184
-0.001973191738241592 0.004 0.001973191738241592
-0.002196383476483184 0.005 0.002196383476483184
-0.001973191738241592 0.006 0.001973191738241592
-0.002196383476483184 0.007 0.002196383476483184
-0.001973191738241592 0.008 0.001973191738241592
-0.002196383476483184 0.009000000000000001 0.002196383476483184
-0.001973191738241592 0.01 0.001973191738241592
-0.002196383476483184 0.011 0.002196383476483184
-0.002642766952966369 0.001 0.002642766952966369
-0.002419575214724776 0.002 0.002419575214724776
-0.002642766952966369 0.003 0.002642766952966369
-0.002419575214724776 0.004 0.002419575214724776
-0.002642766952966369 0.005 0.002642766952966369
-0.002419575214724776 0.006 0.002419575214724776
-0.002642766952966369 0.007 0.002642766952966369
-0.002419575214724776 0.008 0.002419575214724776
-0.002642766952966369 0.009000000000000001 0.002642766952966369
-0.002419575214724776 0.01 0.002419575214724776
-0.002642766952966369 0.011 0.002642766952966369
-0.003089150429449553 0.001 0.003089150429449553
-0.002865958691207961 0.002 0.002865958691207961
-0.003089150429449553 0.003 0.003089150429449553
-0.002865958691207961 0.004 0.002865958691207961
-0.003089150429449553 0.005 0.003089150429449553
-0.002865958691207961 0.006 0.002865958691207961
-0.003089150429449553 0.007 0.003089150429449553
-0.002865958691207961 0.008 0.002865958691207961
-0.003089150429449553 0.009000000000000001 0.003089150429449553
-0.002865958691207961 0.01 0.002865958691207961
-0.003089150429449553 0.011 0.003089150429449553
-0.003312342167691145 0.002 0.003312342167691145
-0.003312342167691145 0.004 0.003312342167691145
-0.003312342167691145 0.006 0.003312342167691145
-0.003312342167691145 0.008 0.003312342167691145
-0.003312342167691145 0.01 0.003312342167691145
2 36 0 53
1067
1068
1069
1070
1071
1072
1073
1074
1075
1076
1077
1078
1079
1080
1081
1082
1083
1084
1085
1086
1087
1088
1089
1090
1091
1092
1093
1094
1095
1096
1097
1098
1099
1100
1101
1102
1103
1104
1105
1106
1107
1108
1109
1110
1111
1112
1113
1114
1115
1116
1117
1118
1119
0.001913417161825452 0.002 0.004619397662556432
0.001913417161825452 0.004 0.004619397662556432
0.001913417161825452 0.006 0.004619397662556432
0.001913417161825452 0.008 0.004619397662556432
0.001913417161825452 0.01 0.004619397662556432
1.224646799147353e-18 0.002 0.004999999999999999
1.224646799147353e-18 0.004 0.004999999999999999
1.224646799147353e-18 0.006 0.004999999999999999
1.224646799147353e-18 0.008 0.004999999999999999
1.224646799147353e-18 0.01 0.004999999999999999
-0.001913417161825445 0.002 0.004619397662556435
-0.001913417161825445 0.004 0.004619397662556435
-0.001913417161825445 0.006 0.004619397662556435
-0.001913417161825445 0.008 0.004619397662556435
-0.001913417161825445 0.01 0.004619397662556435
0.00277785116509801 0.002 0.004157348061512725
0.001913417161825452 0.001 0.004619397662556432
0.00277785116509801 0.004 0.004157348061512725
0.001913417161825452 0.003 0.004619397662556432
0.00277785116509801 0.006 0.004157348061512725
0.001913417161825452 0.005 0.004619397662556432
0.00277785116509801 0.008 0.004157348061512725
0.001913417161825452 0.007 0.004619397662556432
0.00277785116509801 0.01 0.004157348061512725
0.001913417161825452 0.009000000000000001 0.004619397662556432
0.001913417161825452 0.011 0.004619397662556432
0.0009754516100806435 0.002 0.004903926402016151
5.665538897647979e-18 0.001 0.004999999999999999
0.0009754516100806435 0.004 0.004903926402016151
5.665538897647979e-18 0.003 0.004999999999999999
0.0009754516100806435 0.006 0.004903926402016151
5.665538897647979e-18 0.005 0.004999999999999999
0.0009754516100806435 0.008 0.004903926402016151
5.665538897647979e-18 0.007 0.004999999999999999
0.0009754516100806435 0.01 0.004903926402016151
5.665538897647979e-18 0.009000000000000001 0.004999999999999999
5.665538897647979e-18 0.011 0.004999999999999999
-0.0009754516100806324 0.002 0.004903926402016153
-0.001913417161825441 0.001 0.004619397662556437
-0.0009754516100806324 0.004 0.004903926402016153
-0.001913417161825441 0.003 0.004619397662556437
-0.0009754516100806324 0.006 0.004903926402016153
-0.001913417161825441 0.005 0.004619397662556437
-0.0009754516100806324 0.008 0.004903926402016153
-0.001913417161825441 0.007 0.004619397662556437
-0.0009754516100806324 0.01 0.004903926402016153
-0.001913417161825441 0.009000000000000001 0.004619397662556437
-0.001913417161825441 0.011 0.004619397662556437
-0.002777851165098005 0.002 0.00415734806151273
-0.002777851165098005 0.004 0.00415734806151273
-0.002777851165098005 0.006 0.00415734806151273
-0.002777851165098005 0.008 0.00415734806151273
-0.002777851165098005 0.01 0.00415734806151273
2 37 0 33
1120
1121
1122
1123
1124
1125
1126
1127
1128
1129
1130
1131
1132
1133
1134
1135
1136
1137
1138
1139
1140
1141
1142
1143
1144
1145
1146
1147
1148
1149
1150
1151
1152
0.001134604290456363 0.012 0.002467349415639108
0.001394208580912726 0.012 0.003184698831278216
0.001653812871369088 0.012 0.003902048246917324
2.687421348216285e-19 0.012 0.0025625
4.428167332654695e-19 0.012 0.003375
7.479024546655805e-20 0.012 0.0041875
-0.001134604290456361 0.012 0.002467349415639109
-0.001394208580912723 0.012 0.003184698831278218
-0.001653812871369085 0.012 0.003902048246917326
0.001004802145228181 0.012 0.002108674707819554
0.001665493883469774 0.012 0.002331866446061146
0.001264406435684544 0.012 0.002826024123458662
0.002018487766939547 0.012 0.002913732892122292
0.001524010726140907 0.012 0.00354337353909777
0.002371481650409321 0.012 0.003495599338183439
0.00178361501659727 0.012 0.004260722954736878
1.817048355997081e-19 0.012 0.00215625
0.0005673021452281816 0.012 0.002514924707819554
3.55779434043549e-19 0.012 0.00296875
0.0006971042904563631 0.012 0.003279849415639108
2.588034893660138e-19 0.012 0.00378125
0.0008269064356845443 0.012 0.004044774123458663
6.497185223069555e-19 0.012 0.00459375
-0.001004802145228181 0.012 0.002108674707819554
-0.0005673021452281805 0.012 0.002514924707819554
-0.001264406435684542 0.012 0.002826024123458663
-0.0006971042904563613 0.012 0.003279849415639109
-0.001524010726140904 0.012 0.003543373539097772
-0.0008269064356845423 0.012 0.004044774123458664
-0.001783615016597265 0.012 0.00426072295473688
-0.001665493883469773 0.012 0.002331866446061147
-0.002018487766939546 0.012 0.002913732892122293
-0.002371481650409319 0.012 0.00349559933818344
2 38 0 53
1153
1154
1155
1156
1157
1158
1159
1160
1161
1162
1163
1164
1165
1166
1167
1168
1169
1170
1171
1172
1173
1174
1175
1176
1177
1178
1179
1180
1181
1182
1183
1184
1185
1186
1187
1188
1189
1190
1191
1192
1193
1194
1195
1196
1197
1198
1199
1200
1201
1202
1203
1204
1205
-0.004619397662556432 0.002 0.00191341716182545
-0.004619397662556432 0.004 0.00191341716182545
-0.004619397662556432 0.006 0.00191341716182545
-0.004619397662556432 0.008 0.00191341716182545
-0.004619397662556432 0.01 0.00191341716182545
-0.004999999999999999 0.002 2.526607749037151e-18
-0.004999999999999999 0.004 2.526607749037151e-18
-0.004999999999999999 0.006 2.526607749037151e-18
-0.004999999999999999 0.008 2.526607749037151e-18
-0.004999999999999999 0.01 2.526607749037151e-18
-0.004619397662556435 0.002 -0.001913417161825445
-0.004619397662556435 0.004 -0.001913417161825445
-0.004619397662556435 0.006 -0.001913417161825445
-0.004619397662556435 0.008 -0.001913417161825445
-0.004619397662556435 0.01 -0.001913417161825445
-0.004157348061512725 0.002 0.002777851165098011
-0.004619397662556432 0.001 0.00191341716182545
-0.004157348061512725 0.004 0.002777851165098011
-0.004619397662556432 0.003 0.00191341716182545
-0.004157348061512725 0.006 0.002777851165098011
-0.004619397662556432 0.005 0.00191341716182545
-0.004157348061512725 0.008 0.002777851165098011
-0.004619397662556432 0.007 0.00191341716182545
-0.004157348061512725 0.01 0.002777851165098011
-0.004619397662556432 0.009000000000000001 0.00191341716182545
-0.004619397662556432 0.011 0.00191341716182545
-0.004903926402016152 0.002 0.0009754516100806425
-0.004999999999999999 0.001 2.526607749037151e-18
-0.004903926402016152 0.004 0.0009754516100806425
-0.004999999999999999 0.003 2.526607749037151e-18
-0.004903926402016152 0.006 0.0009754516100806425
-0.004999999999999999 0.005 2.526607749037151e-18
-0.004903926402016152 0.008 0.0009754516100806425
-0.004999999999999999 0.007 2.526607749037151e-18
-0.004903926402016152 0.01 0.0009754516100806425
-0.004999999999999999 0.009000000000000001 2.526607749037151e-18
-0.004999999999999999 0.011 2.526607749037151e-18
-0.004903926402016152 0.002 -0.0009754516100806376
-0.004619397662556435 0.001 -0.001913417161825445
-0.004903926402016152 0.004 -0.0009754516100806376
-0.004619397662556435 0.003 -0.001913417161825445
-0.004903926402016152 0.006 -0.0009754516100806376
-0.004619397662556435 0.005 -0.001913417161825445
-0.004903926402016152 0.008 -0.0009754516100806376
-0.004619397662556435 0.007 -0.001913417161825445
-0.004903926402016152 0.01 -0.0009754516100806376
-0.004619397662556435 0.009000000000000001 -0.001913417161825445
-0.004619397662556435 0.011 -0.001913417161825445
-0.004157348061512726 0.002 -0.00277785116509801
-0.004157348061512726 0.004 -0.00277785116509801
-0.004157348061512726 0.006 -0.00277785116509801
-0.004157348061512726 0.008 -0.00277785116509801
-0.004157348061512726 0.01 -0.00277785116509801
2 39 0 33
1206
1207
1208
1209
1210
1211
1212
1213
1214
1215
1216
1217
1218
1219
1220
1221
1222
1223
1224
1225
1226
1227
1228
1229
1230
1231
1232
1233
1234
1235
1236
1237
1238
-0.002467349415639108 0.012 0.001134604290456363
-0.003184698831278216 0.012 0.001394208580912724
-0.003902048246917324 0.012 0.001653812871369086
-0.002562499999999999 0.012 7.883603293407561e-20
-0.003374999999999999 0.012 4.249389968913822e-19
-0.004187499999999999 0.012 3.915712004787622e-19
-0.002467349415639108 0.012 -0.001134604290456362
-0.003184698831278216 0.012 -0.001394208580912724
-0.003902048246917325 0.012 -0.001653812871369086
-0.002108674707819553 0.012 0.001004802145228181
-0.002331866446061146 0.012 0.001665493883469773
-0.002826024123458662 0.012 0.001264406435684543
-0.002913732892122292 0.012 0.002018487766939547
-0.00354337353909777 0.012 0.001524010726140906
-0.003495599338183439 0.012 0.00237148165040932
-0.004260722954736878 0.012 0.001783615016597268
-0.002156249999999999 0.012 6.841487682824795e-20
-0.002514924707819553 0.012 0.0005673021452281814
-0.002968749999999999 0.012 2.518875149127289e-19
-0.003279849415639108 0.012 0.0006971042904563625
-0.003781249999999999 0.012 4.082550986850721e-19
-0.004044774123458661 0.012 0.0008269064356845434
-0.004593749999999999 0.012 1.459089474757957e-18
-0.002108674707819554 0.012 -0.001004802145228181
-0.002514924707819554 0.012 -0.0005673021452281808
-0.002826024123458662 0.012 -0.001264406435684543
-0.003279849415639108 0.012 -0.0006971042904563616
-0.003543373539097771 0.012 -0.001524010726140905
-0.004044774123458662 0.012 -0.0008269064356845428
-0.00426072295473688 0.012 -0.001783615016597266
-0.002331866446061146 0.012 -0.001665493883469773
-0.002913732892122292 0.012 -0.002018487766939546
-0.003495599338183439 0.012 -0.00237148165040932
3 1 0 219
1239
1240
1241
1242
1243
1244
1245
1246
1247
1248
1249
1250
1251
1252
1253
1254
1255
1256
1257
1258
1259
1260
1261
1262
1263
1264
1265
1266
1267
1268
1269
1270
1271
1272
1273
1274
1275
1276
1277
1278
1279
1280
1281
1282
1283
1284
1285
1286
1287
1288
1289
1290
1291
1292
1293
1294
1295
1296
1297
1298
1299
1300
1301
1302
1303
1304
1305
1306
1307
1308
1309
1310
1311
1312
1313
1314
1315
1316
1317
1318
1319
1320
1321
1322
1323
1324
1325
1326
1327
1328
1329
1330
1331
1332
1333
1334
1335
1336
1337
1338
1339
1340
1341
1342
1343
1344
1345
1346
1347
1348
1349
1350
1351
1352
1353
1354
1355
1356
1357
1358
1359
1360
1361
1362
1363
1364
1365
1366
1367
1368
1369
1370
1371
1372
1373
1374
1375
1376
1377
1378
1379
1380
1381
1382
1383
1384
1385
1386
1387
1388
1389
1390
1391
1392
1393
1394
1395
1396
1397
1398
1399
1400
1401
1402
1403
1404
1405
1406
1407
1408
1409
1410
1411
1412
1413
1414
1415
1416
1417
1418
1419
1420
1421
1422
1423
1424
1425
1426
1427
1428
1429
1430
1431
1432
1433
1434
1435
1436
1437
1438
1439
1440
1441
1442
1443
1444
1445
1446
1447
1448
1449
1450
1451
1452
1453
1454
1455
1456
1457
-0.0008750000000000001 0.002 -0.0008749999999999999
-0.0008750000000000001 0.004 -0.0008749999999999999
-0.0008750000000000001 0.006 -0.0008749999999999999
-0.0008750000000000001 0.008 -0.0008749999999999999
-0.0008750000000000001 0.01 -0.0008749999999999999
-0.000875 0.002 6.050235337530717e-20
-0.000875 0.004 6.050235337530717e-20
-0.000875 0.006 6.050235337530717e-20
-0.000875 0.008 6.050235337530717e-20
-0.000875 0.01 6.050235337530717e-20
-0.0008749999999999999 0.002 0.0008749999999999999
-0.0008749999999999999 0.004 0.0008749999999999999
-0.0008749999999999999 0.006 0.0008749999999999999
-0.0008749999999999999 0.008 0.0008749999999999999
-0.0008749999999999999 0.01 0.0008749999999999999
-6.050235337530717e-20 0.002 -0.0008749999999999998
-6.050235337530717e-20 0.004 -0.0008749999999999998
-6.050235337530717e-20 0.006 -0.0008749999999999998
-6.050235337530717e-20 0.008 -0.0008749999999999998
-6.050235337530717e-20 0.01 -0.0008749999999999998
-6.050235337530717e-20 0.002 6.050235337530717e-20
-6.050235337530717e-20 0.004 6.050235337530717e-20
-6.050235337530717e-20 0.006 6.050235337530717e-20
-6.050235337530717e-20 0.008 6.050235337530717e-20
-6.050235337530717e-20 0.01 6.050235337530717e-20
-6.050235337530717e-20 0.002 0.000875
-6.050235337530717e-20 0.004 0.000875
-6.050235337530717e-20 0.006 0.000875
-6.050235337530717e-20 0.008 0.000875
-6.050235337530717e-20 0.01 0.000875
0.0008749999999999997 0.002 -0.0008749999999999997
0.0008749999999999997 0.004 -0.0008749999999999997
0.0008749999999999997 0.006 -0.0008749999999999997
0.0008749999999999997 0.008 -0.0008749999999999997
0.0008749999999999997 0.01 -0.0008749999999999997
0.0008749999999999998 0.002 6.050235337530717e-20
0.0008749999999999998 0.004 6.050235337530717e-20
0.0008749999999999998 0.006 6.050235337530717e-20
0.0008749999999999998 0.008 6.050235337530717e-20
0.0008749999999999998 0.01 6.050235337530717e-20
0.0008749999999999997 0.002 0.0008749999999999999
0.0008749999999999997 0.004 0.0008749999999999999
0.0008749999999999997 0.006 0.0008749999999999999
0.0008749999999999997 0.008 0.0008749999999999999
0.0008749999999999997 0.01 0.0008749999999999999
-0.0008750000000000001 0.001 -0.0008749999999999999
-0.0008750000000000001 0.002 -0.0013125
-0.0013125 0.002 -0.0008749999999999999
-0.0008750000000000001 0.003 -0.0008749999999999999
-0.0008750000000000001 0.004 -0.0013125
-0.0013125 0.004 -0.0008749999999999999
-0.0008750000000000001 0.005 -0.0008749999999999999
-0.0008750000000000001 0.006 -0.0013125
-0.0013125 0.006 -0.0008749999999999999
-0.0008750000000000001 0.007 -0.0008749999999999999
-0.0008750000000000001 0.008 -0.0013125
-0.0013125 0.008 -0.0008749999999999999
-0.0008750000000000001 0.009000000000000001 -0.0008749999999999999
-0.0008750000000000001 0.01 -0.0013125
-0.0013125 0.01 -0.0008749999999999999
-0.0008750000000000001 0.011 -0.0008749999999999999
-0.000875 0.001 6.050235337530717e-20
-0.0008750000000000001 0.002 -0.0004374999999999999
-0.0013125 0.002 3.025117668765358e-20
-0.000875 0.003 6.050235337530717e-20
-0.0008750000000000001 0.004 -0.0004374999999999999
-0.0013125 0.004 3.025117668765358e-20
-0.000875 0.005 6.050235337530717e-20
-0.0008750000000000001 0.006 -0.0004374999999999999
-0.0013125 0.006 3.025117668765358e-20
-0.000875 0.007 6.050235337530717e-20
-0.0008750000000000001 0.008 -0.0004374999999999999
-0.0013125 0.008 3.025117668765358e-20
-0.000875 0.009000000000000001 6.050235337530717e-20
-0.0008750000000000001 0.01 -0.0004374999999999999
-0.0013125 0.01 3.025117668765358e-20
-0.000875 0.011 6.050235337530717e-20
-0.0008749999999999999 0.001 0.0008749999999999999
-0.0008749999999999999 0.002 0.0004375
-0.0013125 0.002 0.0008749999999999999
-0.0008749999999999999 0.003 0.0008749999999999999
-0.0008749999999999999 0.004 0.0004375
-0.0013125 0.004 0.0008749999999999999
-0.0008749999999999999 0.005 0.0008749999999999999
-0.0008749999999999999 0.006 0.0004375
-0.0013125 0.006 0.0008749999999999999
-0.0008749999999999999 0.007 0.0008749999999999999
-0.0008749999999999999 0.008 0.0004375
-0.0013125 0.008 0.0008749999999999999
-0.0008749999999999999 0.009000000000000001 0.0008749999999999999
-0.0008749999999999999 0.01 0.0004375
-0.0013125 0.01 0.0008749999999999999
-0.0008749999999999999 0.011 0.0008749999999999999
-0.0008749999999999999 0.002 0.0013125
-0.0008749999999999999 0.004 0.0013125
-0.0008749999999999999 0.006 0.0013125
-0.0008749999999999999 0.008 0.0013125
-0.0008749999999999999 0.01 0.0013125
-6.050235337530717e-20 0.001 -0.0008749999999999998
-3.025117668765358e-20 0.002 -0.0013125
-0.0004375000000000001 0.002 -0.0008749999999999999
-6.050235337530717e-20 0.003 -0.0008749999999999998
-3.025117668765358e-20 0.004 -0.0013125
-0.0004375000000000001 0.004 -0.0008749999999999999
-6.050235337530717e-20 0.005 -0.0008749999999999998
-3.025117668765358e-20 0.006 -0.0013125
-0.0004375000000000001 0.006 -0.0008749999999999999
-6.050235337530717e-20 0.007 -0.0008749999999999998
-3.025117668765358e-20 0.008 -0.0013125
-0.0004375000000000001 0.008 -0.0008749999999999999
-6.050235337530717e-20 0.009000000000000001 -0.0008749999999999998
-3.025117668765358e-20 0.01 -0.0013125
-0.0004375000000000001 0.01 -0.0008749999999999999
-6.050235337530717e-20 0.011 -0.0008749999999999998
-6.050235337530717e-20 0.001 6.050235337530717e-20
-6.050235337530717e-20 0.002 -0.0004374999999999998
-0.0004375000000000001 0.002 6.050235337530717e-20
-6.050235337530717e-20 0.003 6.050235337530717e-20
-6.050235337530717e-20 0.004 -0.0004374999999999998
-0.0004375000000000001 0.004 6.050235337530717e-20
-6.050235337530717e-20 0.005 6.050235337530717e-20
-6.050235337530717e-20 0.006 -0.0004374999999999998
-0.0004375000000000001 0.006 6.050235337530717e-20
-6.050235337530717e-20 0.007 6.050235337530717e-20
-6.050235337530717e-20 0.008 -0.0004374999999999998
-0.0004375000000000001 0.008 6.050235337530717e-20
-6.050235337530717e-20 0.009000000000000001 6.050235337530717e-20
-6.050235337530717e-20 0.01 -0.0004374999999999998
-0.0004375000000000001 0.01 6.050235337530717e-20
-6.050235337530717e-20 0.011 6.050235337530717e-20
-6.050235337530717e-20 0.001 0.000875
-6.050235337530717e-20 0.002 0.0004375000000000001
-0.0004375 0.002 0.0008749999999999999
-6.050235337530717e-20 0.003 0.000875
-6.050235337530717e-20 0.004 0.0004375000000000001
-0.0004375 0.004 0.0008749999999999999
-6.050235337530717e-20 0.005 0.000875
-6.050235337530717e-20 0.006 0.0004375000000000001
-0.0004375 0.006 0.0008749999999999999
-6.050235337530717e-20 0.007 0.000875
-6.050235337530717e-20 0.008 0.0004375000000000001
-0.0004375 0.008 0.0008749999999999999
-6.050235337530717e-20 0.009000000000000001 0.000875
-6.050235337530717e-20 0.01 0.0004375000000000001
-0.0004375 0.01 0.0008749999999999999
-6.050235337530717e-20 0.011 0.000875
-3.025117668765358e-20 0.002 0.0013125
-3.025117668765358e-20 0.004 0.0013125
-3.025117668765358e-20 0.006 0.0013125
-3.025117668765358e-20 0.008 0.0013125
-3.025117668765358e-20 0.01 0.0013125
0.0008749999999999997 0.001 -0.0008749999999999997
0.0008749999999999998 0.002 -0.0013125
0.0004374999999999998 0.002 -0.0008749999999999997
0.0008749999999999997 0.003 -0.0008749999999999997
0.0008749999999999998 0.004 -0.0013125
0.0004374999999999998 0.004 -0.0008749999999999997
0.0008749999999999997 0.005 -0.0008749999999999997
0.0008749999999999998 0.006 -0.0013125
0.0004374999999999998 0.006 -0.0008749999999999997
0.0008749999999999997 0.007 -0.0008749999999999997
0.0008749999999999998 0.008 -0.0013125
0.0004374999999999998 0.008 -0.0008749999999999997
0.0008749999999999997 0.009000000000000001 -0.0008749999999999997
0.0008749999999999998 0.01 -0.0013125
0.0004374999999999998 0.01 -0.0008749999999999997
0.0008749999999999997 0.011 -0.0008749999999999997
0.0008749999999999998 0.001 6.050235337530717e-20
0.0008749999999999997 0.002 -0.0004374999999999998
0.0004374999999999998 0.002 6.050235337530717e-20
0.0008749999999999998 0.003 6.050235337530717e-20
0.0008749999999999997 0.004 -0.0004374999999999998
0.0004374999999999998 0.004 6.050235337530717e-20
0.0008749999999999998 0.005 6.050235337530717e-20
0.0008749999999999997 0.006 -0.0004374999999999998
0.0004374999999999998 0.006 6.050235337530717e-20
0.0008749999999999998 0.007 6.050235337530717e-20
0.0008749999999999997 0.008 -0.0004374999999999998
0.0004374999999999998 0.008 6.050235337530717e-20
0.0008749999999999998 0.009000000000000001 6.050235337530717e-20
0.0008749999999999997 0.01 -0.0004374999999999998
0.0004374999999999998 0.01 6.050235337530717e-20
0.0008749999999999998 0.011 6.050235337530717e-20
0.0008749999999999997 0.001 0.0008749999999999999
0.0008749999999999997 0.002 0.0004375
0.0004374999999999998 0.002 0.0008749999999999999
0.0008749999999999997 0.003 0.0008749999999999999
0.0008749999999999997 0.004 0.0004375
0.0004374999999999998 0.004 0.0008749999999999999
0.0008749999999999997 0.005 0.0008749999999999999
0.0008749999999999997 0.006 0.0004375
0.0004374999999999998 0.006 0.0008749999999999999
0.0008749999999999997 0.007 0.0008749999999999999
0.0008749999999999997 0.008 0.0004375
0.0004374999999999998 0.008 0.0008749999999999999
0.0008749999999999997 0.009000000000000001 0.0008749999999999999
0.0008749999999999997 0.01 0.0004375
0.0004374999999999998 0.01 0.0008749999999999999
0.0008749999999999997 0.011 0.0008749999999999999
0.0008749999999999999 0.002 0.0013125
0.0008749999999999999 0.004 0.0013125
0.0008749999999999999 0.006 0.0013125
0.0008749999999999999 0.008 0.0013125
0.0008749999999999999 0.01 0.0013125
0.0013125 0.002 -0.0008749999999999999
0.0013125 0.004 -0.0008749999999999999
0.0013125 0.006 -0.0008749999999999999
0.0013125 0.008 -0.0008749999999999999
0.0013125 0.01 -0.0008749999999999999
0.0013125 0.002 3.025117668765358e-20
0.0013125 0.004 3.025117668765358e-20
0.0013125 0.006 3.025117668765358e-20
0.0013125 0.008 3.025117668765358e-20
0.0013125 0.01 3.025117668765358e-20
0.0013125 0.002 0.0008749999999999999
0.0013125 0.004 0.0008749999999999999
0.0013125 0.006 0.0008749999999999999
0.0013125 0.008 0.0008749999999999999
0.0013125 0.01 0.0008749999999999999
3 2 0 219
1458
1459
1460
1461
1462
1463
1464
1465
1466
1467
1468
1469
1470
1471
1472
1473
1474
1475
1476
1477
1478
1479
1480
1481
1482
1483
1484
1485
1486
1487
1488
1489
1490
1491
1492
1493
1494
1495
1496
1497
1498
1499
1500
1501
1502
1503
1504
1505
1506
1507
1508
1509
1510
1511
1512
1513
1514
1515
1516
1517
1518
1519
1520
1521
1522
1523
1524
1525
1526
1527
1528
1529
1530
1531
1532
1533
1534
1535
1536
1537
1538
1539
1540
1541
1542
1543
1544
1545
1546
1547
1548
1549
1550
1551
1552
1553
1554
1555
1556
1557
1558
1559
1560
1561
1562
1563
1564
1565
1566
1567
1568
1569
1570
1571
1572
1573
1574
1575
1576
1577
1578
1579
1580
1581
1582
1583
1584
1585
1586
1587
1588
1589
1590
1591
1592
1593
1594
1595
1596
1597
1598
1599
1600
1601
1602
1603
1604
1605
1606
1607
1608
1609
1610
1611
1612
1613
1614
1615
1616
1617
1618
1619
1620
1621
1622
1623
1624
1625
1626
1627
1628
1629
1630
1631
1632
1633
1634
1635
1636
1637
1638
1639
1640
1641
1642
1643
1644
1645
1646
1647
1648
1649
1650
1651
1652
1653
1654
1655
1656
1657
1658
1659
1660
1661
1662
1663
1664
1665
1666
1667
1668
1669
1670
1671
1672
1673
1674
1675
1676
-0.001134604290456362 0.002 -0.002467349415639109
-0.001134604290456362 0.004 -0.002467349415639109
-0.001134604290456362 0.006 -0.002467349415639109
-0.001134604290456362 0.008 -0.002467349415639109
-0.001134604290456362 0.01 -0.002467349415639109
-0.001394208580912723 0.002 -0.003184698831278218
-0.001394208580912723 0.004 -0.003184698831278218
-0.001394208580912723 0.006 -0.003184698831278218
-0.001394208580912723 0.008 -0.003184698831278218
-0.001394208580912723 0.01 -0.003184698831278218
-0.001653812871369084 0.002 -0.003902048246917327
-0.001653812871369084 0.004 -0.003902048246917327
-0.001653812871369084 0.006 -0.003902048246917327
-0.001653812871369084 0.008 -0.003902048246917327
-0.001653812871369084 0.01 -0.003902048246917327
6.654626103042168e-19 0.002 -0.002562500000000001
6.654626103042168e-19 0.004 -0.002562500000000001
6.654626103042168e-19 0.006 -0.002562500000000001
6.654626103042168e-19 0.008 -0.002562500000000001
6.654626103042168e-19 0.01 -0.002562500000000001
1.358430582349959e-18 0.002 -0.003375
1.358430582349959e-18 0.004 -0.003375
1.358430582349959e-18 0.006 -0.003375
1.358430582349959e-18 0.008 -0.003375
1.358430582349959e-18 0.01 -0.003375
2.430869314765628e-18 0.002 -0.004187500000000001
2.430869314765628e-18 0.004 -0.004187500000000001
2.430869314765628e-18 0.006 -0.004187500000000001
2.430869314765628e-18 0.008 -0.004187500000000001
2.430869314765628e-18 0.01 -0.004187500000000001
0.001134604290456362 0.002 -0.002467349415639108
0.001134604290456362 0.004 -0.002467349415639108
0.001134604290456362 0.006 -0.002467349415639108
0.001134604290456362 0.008 -0.002467349415639108
0.001134604290456362 0.01 -0.002467349415639108
0.001394208580912725 0.002 -0.003184698831278217
0.001394208580912725 0.004 -0.003184698831278217
0.001394208580912725 0.006 -0.003184698831278217
0.001394208580912725 0.008 -0.003184698831278217
0.001394208580912725 0.01 -0.003184698831278217
0.001653812871369088 0.002 -0.003902048246917326
0.001653812871369088 0.004 -0.003902048246917326
0.001653812871369088 0.006 -0.003902048246917326
0.001653812871369088 0.008 -0.003902048246917326
0.001653812871369088 0.01 -0.003902048246917326
-0.001134604290456362 0.001 -0.002467349415639109
-0.001004802145228181 0.002 -0.002108674707819554
-0.001665493883469773 0.002 -0.002331866446061147
-0.001134604290456362 0.003 -0.002467349415639109
-0.001004802145228181 0.004 -0.002108674707819554
-0.001665493883469773 0.004 -0.002331866446061147
-0.001134604290456362 0.005 -0.002467349415639109
-0.001004802145228181 0.006 -0.002108674707819554
-0.001665493883469773 0.006 -0.002331866446061147
-0.001134604290456362 0.007 -0.002467349415639109
-0.001004802145228181 0.008 -0.002108674707819554
-0.001665493883469773 0.008 -0.002331866446061147
-0.001134604290456362 0.009000000000000001 -0.002467349415639109
-0.001004802145228181 0.01 -0.002108674707819554
-0.001665493883469773 0.01 -0.002331866446061147
-0.001134604290456362 0.011 -0.002467349415639109
-0.001394208580912723 0.001 -0.003184698831278218
-0.001264406435684542 0.002 -0.002826024123458663
-0.002018487766939546 0.002 -0.002913732892122293
-0.001394208580912723 0.003 -0.003184698831278218
-0.001264406435684542 0.004 -0.002826024123458663
-0.002018487766939546 0.004 -0.002913732892122293
-0.001394208580912723 0.005 -0.003184698831278218
-0.001264406435684542 0.006 -0.002826024123458663
-0.002018487766939546 0.006 -0.002913732892122293
-0.001394208580912723 0.007 -0.003184698831278218
-0.001264406435684542 0.008 -0.002826024123458663
-0.002018487766939546 0.008 -0.002913732892122293
-0.001394208580912723 0.009000000000000001 -0.003184698831278218
-0.001264406435684542 0.01 -0.002826024123458663
-0.002018487766939546 0.01 -0.002913732892122293
-0.001394208580912723 0.011 -0.003184698831278218
-0.001653812871369084 0.001 -0.003902048246917327
-0.001524010726140903 0.002 -0.003543373539097773
-0.002371481650409318 0.002 -0.00349559933818344
-0.001653812871369084 0.003 -0.003902048246917327
-0.001524010726140903 0.004 -0.003543373539097773
-0.002371481650409318 0.004 -0.00349559933818344
-0.001653812871369084 0.005 -0.003902048246917327
-0.001524010726140903 0.006 -0.003543373539097773
-0.002371481650409318 0.006 -0.00349559933818344
-0.001653812871369084 0.007 -0.003902048246917327
-0.001524010726140903 0.008 -0.003543373539097773
-0.002371481650409318 0.008 -0.00349559933818344
-0.001653812871369084 0.009000000000000001 -0.003902048246917327
-0.001524010726140903 0.01 -0.003543373539097773
-0.002371481650409318 0.01 -0.00349559933818344
-0.001653812871369084 0.011 -0.003902048246917327
-0.001783615016597264 0.002 -0.004260722954736881
-0.001783615016597264 0.004 -0.004260722954736881
-0.001783615016597264 0.006 -0.004260722954736881
-0.001783615016597264 0.008 -0.004260722954736881
-0.001783615016597264 0.01 -0.004260722954736881
6.654626103042168e-19 0.001 -0.002562500000000001
3.327313051521084e-19 0.002 -0.00215625
-0.0005673021452281805 0.002 -0.002514924707819555
6.654626103042168e-19 0.003 -0.002562500000000001
3.327313051521084e-19 0.004 -0.00215625
-0.0005673021452281805 0.004 -0.002514924707819555
6.654626103042168e-19 0.005 -0.002562500000000001
3.327313051521084e-19 0.006 -0.00215625
-0.0005673021452281805 0.006 -0.002514924707819555
6.654626103042168e-19 0.007 -0.002562500000000001
3.327313051521084e-19 0.008 -0.00215625
-0.0005673021452281805 0.008 -0.002514924707819555
6.654626103042168e-19 0.009000000000000001 -0.002562500000000001
3.327313051521084e-19 0.01 -0.00215625
-0.0005673021452281805 0.01 -0.002514924707819555
6.654626103042168e-19 0.011 -0.002562500000000001
1.358430582349959e-18 0.001 -0.003375
1.011946596327088e-18 0.002 -0.00296875
-0.0006971042904563606 0.002 -0.00327984941563911
1.358430582349959e-18 0.003 -0.003375
1.011946596327088e-18 0.004 -0.00296875
-0.0006971042904563606 0.004 -0.00327984941563911
1.358430582349959e-18 0.005 -0.003375
1.011946596327088e-18 0.006 -0.00296875
-0.0006971042904563606 0.006 -0.00327984941563911
1.358430582349959e-18 0.007 -0.003375
1.011946596327088e-18 0.008 -0.00296875
-0.0006971042904563606 0.008 -0.00327984941563911
1.358430582349959e-18 0.009000000000000001 -0.003375
1.011946596327088e-18 0.01 -0.00296875
-0.0006971042904563606 0.01 -0.00327984941563911
1.358430582349959e-18 0.011 -0.003375
2.430869314765628e-18 0.001 -0.004187500000000001
1.894649948557794e-18 0.002 -0.003781250000000001
-0.0008269064356845408 0.002 -0.004044774123458664
2.430869314765628e-18 0.003 -0.004187500000000001
1.894649948557794e-18 0.004 -0.003781250000000001
-0.0008269064356845408 0.004 -0.004044774123458664
2.430869314765628e-18 0.005 -0.004187500000000001
1.894649948557794e-18 0.006 -0.003781250000000001
-0.0008269064356845408 0.006 -0.004044774123458664
2.430869314765628e-18 0.007 -0.004187500000000001
1.894649948557794e-18 0.008 -0.003781250000000001
-0.0008269064356845408 0.008 -0.004044774123458664
2.430869314765628e-18 0.009000000000000001 -0.004187500000000001
1.894649948557794e-18 0.01 -0.003781250000000001
-0.0008269064356845408 0.01 -0.004044774123458664
2.430869314765628e-18 0.011 -0.004187500000000001
3.129719006846288e-18 0.002 -0.004593750000000001
3.129719006846288e-18 0.004 -0.004593750000000001
3.129719006846288e-18 0.006 -0.004593750000000001
3.129719006846288e-18 0.008 -0.004593750000000001
3.129719006846288e-18 0.01 -0.004593750000000001
0.001134604290456362 0.001 -0.002467349415639108
0.001004802145228181 0.002 -0.002108674707819554
0.0005673021452281815 0.002 -0.002514924707819555
0.001134604290456362 0.003 -0.002467349415639108
0.001004802145228181 0.004 -0.002108674707819554
0.0005673021452281815 0.004 -0.002514924707819555
0.001134604290456362 0.005 -0.002467349415639108
0.001004802145228181 0.006 -0.002108674707819554
0.0005673021452281815 0.006 -0.002514924707819555
0.001134604290456362 0.007 -0.002467349415639108
0.001004802145228181 0.008 -0.002108674707819554
0.0005673021452281815 0.008 -0.002514924707819555
0.001134604290456362 0.009000000000000001 -0.002467349415639108
0.001004802145228181 0.01 -0.002108674707819554
0.0005673021452281815 0.01 -0.002514924707819555
0.001134604290456362 0.011 -0.002467349415639108
0.001394208580912725 0.001 -0.003184698831278217
0.001264406435684544 0.002 -0.002826024123458662
0.0006971042904563631 0.002 -0.003279849415639109
0.001394208580912725 0.003 -0.003184698831278217
0.001264406435684544 0.004 -0.002826024123458662
0.0006971042904563631 0.004 -0.003279849415639109
0.001394208580912725 0.005 -0.003184698831278217
0.001264406435684544 0.006 -0.002826024123458662
0.0006971042904563631 0.006 -0.003279849415639109
0.001394208580912725 0.007 -0.003184698831278217
0.001264406435684544 0.008 -0.002826024123458662
0.0006971042904563631 0.008 -0.003279849415639109
0.001394208580912725 0.009000000000000001 -0.003184698831278217
0.001264406435684544 0.01 -0.002826024123458662
0.0006971042904563631 0.01 -0.003279849415639109
0.001394208580912725 0.011 -0.003184698831278217
0.001653812871369088 0.001 -0.003902048246917326
0.001524010726140906 0.002 -0.003543373539097771
0.0008269064356845451 0.002 -0.004044774123458664
0.001653812871369088 0.003 -0.003902048246917326
0.001524010726140906 0.004 -0.003543373539097771
0.0008269064356845451 0.004 -0.004044774123458664
0.001653812871369088 0.005 -0.003902048246917326
0.001524010726140906 0.006 -0.003543373539097771
0.0008269064356845451 0.006 -0.004044774123458664
0.001653812871369088 0.007 -0.003902048246917326
0.001524010726140906 0.008 -0.003543373539097771
0.0008269064356845451 0.008 -0.004044774123458664
0.001653812871369088 0.009000000000000001 -0.003902048246917326
0.001524010726140906 0.01 -0.003543373539097771
0.0008269064356845451 0.01 -0.004044774123458664
0.001653812871369088 0.011 -0.003902048246917326
0.00178361501659727 0.002 -0.004260722954736879
0.00178361501659727 0.004 -0.004260722954736879
0.00178361501659727 0.006 -0.004260722954736879
0.00178361501659727 0.008 -0.004260722954736879
0.00178361501659727 0.01 -0.004260722954736879
0.001665493883469773 0.002 -0.002331866446061147
0.001665493883469773 0.004 -0.002331866446061147
0.001665493883469773 0.006 -0.002331866446061147
0.001665493883469773 0.008 -0.002331866446061147
0.001665493883469773 0.01 -0.002331866446061147
0.002018487766939547 0.002 -0.002913732892122293
0.002018487766939547 0.004 -0.002913732892122293
0.002018487766939547 0.006 -0.002913732892122293
0.002018487766939547 0.008 -0.002913732892122293
0.002018487766939547 0.01 -0.002913732892122293
0.00237148165040932 0.002 -0.003495599338183439
0.00237148165040932 0.004 -0.003495599338183439
0.00237148165040932 0.006 -0.003495599338183439
0.00237148165040932 0.008 -0.003495599338183439
0.00237148165040932 0.01 -0.003495599338183439
3 3 0 219
1677
1678
1679
1680
1681
1682
1683
1684
1685
1686
1687
1688
1689
1690
1691
1692
1693
1694
1695
1696
1697
1698
1699
1700
1701
1702
1703
1704
1705
1706
1707
1708
1709
1710
1711
1712
1713
1714
1715
1716
1717
1718
1719
1720
1721
1722
1723
1724
1725
1726
1727
1728
1729
1730
1731
1732
1733
1734
1735
1736
1737
1738
1739
1740
1741
1742
1743
1744
1745
1746
1747
1748
1749
1750
1751
1752
1753
1754
1755
1756
1757
1758
1759
1760
1761
1762
1763
1764
1765
1766
1767
1768
1769
1770
1771
1772
1773
1774
1775
1776
1777
1778
1779
1780
1781
1782
1783
1784
1785
1786
1787
1788
1789
1790
1791
1792
1793
1794
1795
1796
1797
1798
1799
1800
1801
1802
1803
1804
1805
1806
1807
1808
1809
1810
1811
1812
1813
1814
1815
1816
1817
1818
1819
1820
1821
1822
1823
1824
1825
1826
1827
1828
1829
1830
1831
1832
1833
1834
1835
1836
1837
1838
1839
1840
1841
1842
1843
1844
1845
1846
1847
1848
1849
1850
1851
1852
1853
1854
1855
1856
1857
1858
1859
1860
1861
1862
1863
1864
1865
1866
1867
1868
1869
1870
1871
1872
1873
1874
1875
1876
1877
1878
1879
1880
1881
1882
1883
1884
1885
1886
1887
1888
1889
1890
1891
1892
1893
1894
1895
0.002467349415639108 0.002 -0.001134604290456363
0.002467349415639108 0.004 -0.001134604290456363
0.002467349415639108 0.006 -0.001134604290456363
0.002467349415639108 0.008 -0.001134604290456363
0.002467349415639108 0.01 -0.001134604290456363
0.003184698831278216 0.002 -0.001394208580912726
0.003184698831278216 0.004 -0.001394208580912726
0.003184698831278216 0.006 -0.001394208580912726
0.003184698831278216 0.008 -0.001394208580912726
0.003184698831278216 0.01 -0.001394208580912726
0.003902048246917324 0.002 -0.001653812871369088
0.003902048246917324 0.004 -0.001653812871369088
0.003902048246917324 0.006 -0.001653812871369088
0.003902048246917324 0.008 -0.001653812871369088
0.003902048246917324 0.01 -0.001653812871369088
0.0025625 0.002 -1.922017098749189e-19
0.0025625 0.004 -1.922017098749189e-19
0.0025625 0.006 -1.922017098749189e-19
0.0025625 0.008 -1.922017098749189e-19
0.0025625 0.01 -1.922017098749189e-19
0.003375 0.002 -2.897358833720503e-19
0.003375 0.004 -2.897358833720503e-19
0.003375 0.006 -2.897358833720503e-19
0.003375 0.008 -2.897358833720503e-19
0.003375 0.01 -2.897358833720503e-19
0.0041875 0.002 1.548310293735706e-19
0.0041875 0.004 1.548310293735706e-19
0.0041875 0.006 1.548310293735706e-19
0.0041875 0.008 1.548310293735706e-19
0.0041875 0.01 1.548310293735706e-19
0.002467349415639108 0.002 0.001134604290456361
0.002467349415639108 0.004 0.001134604290456361
0.002467349415639108 0.006 0.001134604290456361
0.002467349415639108 0.008 0.001134604290456361
0.002467349415639108 0.01 0.001134604290456361
0.003184698831278217 0.002 0.001394208580912723
0.003184698831278217 0.004 0.001394208580912723
0.003184698831278217 0.006 0.001394208580912723
0.003184698831278217 0.008 0.001394208580912723
0.003184698831278217 0.01 0.001394208580912723
0.003902048246917326 0.002 0.001653812871369085
0.003902048246917326 0.004 0.001653812871369085
0.003902048246917326 0.006 0.001653812871369085
0.003902048246917326 0.008 0.001653812871369085
0.003902048246917326 0.01 0.001653812871369085
0.002467349415639108 0.001 -0.001134604290456363
0.002108674707819554 0.002 -0.001004802145228181
0.002331866446061146 0.002 -0.001665493883469774
0.002467349415639108 0.003 -0.001134604290456363
0.002108674707819554 0.004 -0.001004802145228181
0.002331866446061146 0.004 -0.001665493883469774
0.002467349415639108 0.005 -0.001134604290456363
0.002108674707819554 0.006 -0.001004802145228181
0.002331866446061146 0.006 -0.001665493883469774
0.002467349415639108 0.007 -0.001134604290456363
0.002108674707819554 0.008 -0.001004802145228181
0.002331866446061146 0.008 -0.001665493883469774
0.002467349415639108 0.009000000000000001 -0.001134604290456363
0.002108674707819554 0.01 -0.001004802145228181
0.002331866446061146 0.01 -0.001665493883469774
0.002467349415639108 0.011 -0.001134604290456363
0.003184698831278216 0.001 -0.001394208580912726
0.002826024123458662 0.002 -0.001264406435684544
0.002913732892122292 0.002 -0.002018487766939547
0.003184698831278216 0.003 -0.001394208580912726
0.002826024123458662 0.004 -0.001264406435684544
0.002913732892122292 0.004 -0.002018487766939547
0.003184698831278216 0.005 -0.001394208580912726
0.002826024123458662 0.006 -0.001264406435684544
0.002913732892122292 0.006 -0.002018487766939547
0.003184698831278216 0.007 -0.001394208580912726
0.002826024123458662 0.008 -0.001264406435684544
0.002913732892122292 0.008 -0.002018487766939547
0.003184698831278216 0.009000000000000001 -0.001394208580912726
0.002826024123458662 0.01 -0.001264406435684544
0.002913732892122292 0.01 -0.002018487766939547
0.003184698831278216 0.011 -0.001394208580912726
0.003902048246917324 0.001 -0.001653812871369088
0.00354337353909777 0.002 -0.001524010726140907
0.003495599338183439 0.002 -0.002371481650409321
0.003902048246917324 0.003 -0.001653812871369088
0.00354337353909777 0.004 -0.001524010726140907
0.003495599338183439 0.004 -0.002371481650409321
0.003902048246917324 0.005 -0.001653812871369088
0.00354337353909777 0.006 -0.001524010726140907
0.003495599338183439 0.006 -0.002371481650409321
0.003902048246917324 0.007 -0.001653812871369088
0.00354337353909777 0.008 -0.001524010726140907
0.003495599338183439 0.008 -0.002371481650409321
0.003902048246917324 0.009000000000000001 -0.001653812871369088
0.00354337353909777 0.01 -0.001524010726140907
0.003495599338183439 0.01 -0.002371481650409321
0.003902048246917324 0.011 -0.001653812871369088
0.004260722954736878 0.002 -0.00178361501659727
0.004260722954736878 0.004 -0.00178361501659727
0.004260722954736878 0.006 -0.00178361501659727
0.004260722954736878 0.008 -0.00178361501659727
0.004260722954736878 0.01 -0.00178361501659727
0.0025625 0.001 -1.922017098749189e-19
0.00215625 0.002 -9.610085493745947e-20
0.002514924707819554 0.002 -0.0005673021452281815
0.0025625 0.003 -1.922017098749189e-19
0.00215625 0.004 -9.610085493745947e-20
0.002514924707819554 0.004 -0.0005673021452281815
0.0025625 0.005 -1.922017098749189e-19
0.00215625 0.006 -9.610085493745947e-20
0.002514924707819554 0.006 -0.0005673021452281815
0.0025625 0.007 -1.922017098749189e-19
0.00215625 0.008 -9.610085493745947e-20
0.002514924707819554 0.008 -0.0005673021452281815
0.0025625 0.009000000000000001 -1.922017098749189e-19
0.00215625 0.01 -9.610085493745947e-20
0.002514924707819554 0.01 -0.0005673021452281815
0.0025625 0.011 -1.922017098749189e-19
0.003375 0.001 -2.897358833720503e-19
0.00296875 0.002 -2.409687966234846e-19
0.003279849415639108 0.002 -0.000697104290456363
0.003375 0.003 -2.897358833720503e-19
0.00296875 0.004 -2.409687966234846e-19
0.003279849415639108 0.004 -0.000697104290456363
0.003375 0.005 -2.897358833720503e-19
0.00296875 0.006 -2.409687966234846e-19
0.003279849415639108 0.006 -0.000697104290456363
0.003375 0.007 -2.897358833720503e-19
0.00296875 0.008 -2.409687966234846e-19
0.003279849415639108 0.008 -0.000697104290456363
0.003375 0.009000000000000001 -2.897358833720503e-19
0.00296875 0.01 -2.409687966234846e-19
0.003279849415639108 0.01 -0.000697104290456363
0.003375 0.011 -2.897358833720503e-19
0.0041875 0.001 1.548310293735706e-19
0.00378125 0.002 -6.745242699923988e-20
0.004044774123458663 0.002 -0.0008269064356845439
0.0041875 0.003 1.548310293735706e-19
0.00378125 0.004 -6.745242699923988e-20
0.004044774123458663 0.004 -0.0008269064356845439
0.0041875 0.005 1.548310293735706e-19
0.00378125 0.006 -6.745242699923988e-20
0.004044774123458663 0.006 -0.0008269064356845439
0.0041875 0.007 1.548310293735706e-19
0.00378125 0.008 -6.745242699923988e-20
0.004044774123458663 0.008 -0.0008269064356845439
0.0041875 0.009000000000000001 1.548310293735706e-19
0.00378125 0.01 -6.745242699923988e-20
0.004044774123458663 0.01 -0.0008269064356845439
0.0041875 0.011 1.548310293735706e-19
0.00459375 0.002 -3.818270349934721e-19
0.00459375 0.004 -3.818270349934721e-19
0.00459375 0.006 -3.818270349934721e-19
0.00459375 0.008 -3.818270349934721e-19
0.00459375 0.01 -3.818270349934721e-19
0.002467349415639108 0.001 0.001134604290456361
0.002108674707819554 0.002 0.001004802145228181
0.002514924707819554 0.002 0.0005673021452281806
0.002467349415639108 0.003 0.001134604290456361
0.002108674707819554 0.004 0.001004802145228181
0.002514924707819554 0.004 0.0005673021452281806
0.002467349415639108 0.005 0.001134604290456361
0.002108674707819554 0.006 0.001004802145228181
0.002514924707819554 0.006 0.0005673021452281806
0.002467349415639108 0.007 0.001134604290456361
0.002108674707819554 0.008 0.001004802145228181
0.002514924707819554 0.008 0.0005673021452281806
0.002467349415639108 0.009000000000000001 0.001134604290456361
0.002108674707819554 0.01 0.001004802145228181
0.002514924707819554 0.01 0.0005673021452281806
0.002467349415639108 0.011 0.001134604290456361
0.003184698831278217 0.001 0.001394208580912723
0.002826024123458662 0.002 0.001264406435684542
0.003279849415639108 0.002 0.0006971042904563615
0.003184698831278217 0.003 0.001394208580912723
0.002826024123458662 0.004 0.001264406435684542
0.003279849415639108 0.004 0.0006971042904563615
0.003184698831278217 0.005 0.001394208580912723
0.002826024123458662 0.006 0.001264406435684542
0.003279849415639108 0.006 0.0006971042904563615
0.003184698831278217 0.007 0.001394208580912723
0.002826024123458662 0.008 0.001264406435684542
0.003279849415639108 0.008 0.0006971042904563615
0.003184698831278217 0.009000000000000001 0.001394208580912723
0.002826024123458662 0.01 0.001264406435684542
0.003279849415639108 0.01 0.0006971042904563615
0.003184698831278217 0.011 0.001394208580912723
0.003902048246917326 0.001 0.001653812871369085
0.003543373539097771 0.002 0.001524010726140904
0.004044774123458663 0.002 0.0008269064356845426
0.003902048246917326 0.003 0.001653812871369085
0.003543373539097771 0.004 0.001524010726140904
0.004044774123458663 0.004 0.0008269064356845426
0.003902048246917326 0.005 0.001653812871369085
0.003543373539097771 0.006 0.001524010726140904
0.004044774123458663 0.006 0.0008269064356845426
0.003902048246917326 0.007 0.001653812871369085
0.003543373539097771 0.008 0.001524010726140904
0.004044774123458663 0.008 0.0008269064356845426
0.003902048246917326 0.009000000000000001 0.001653812871369085
0.003543373539097771 0.01 0.001524010726140904
0.004044774123458663 0.01 0.0008269064356845426
0.003902048246917326 0.011 0.001653812871369085
0.00426072295473688 0.002 0.001783615016597265
0.00426072295473688 0.004 0.001783615016597265
0.00426072295473688 0.006 0.001783615016597265
0.00426072295473688 0.008 0.001783615016597265
0.00426072295473688 0.01 0.001783615016597265
0.002331866446061147 0.002 0.001665493883469773
0.002331866446061147 0.004 0.001665493883469773
0.002331866446061147 0.006 0.001665493883469773
0.002331866446061147 0.008 0.001665493883469773
0.002331866446061147 0.01 0.001665493883469773
0.002913732892122293 0.002 0.002018487766939546
0.002913732892122293 0.004 0.002018487766939546
0.002913732892122293 0.006 0.002018487766939546
0.002913732892122293 0.008 0.002018487766939546
0.002913732892122293 0.01 0.002018487766939546
0.003495599338183439 0.002 0.002371481650409319
0.003495599338183439 0.004 0.002371481650409319
0.003495599338183439 0.006 0.002371481650409319
0.003495599338183439 0.008 0.002371481650409319
0.003495599338183439 0.01 0.002371481650409319
3 4 0 219
1896
1897
1898
1899
1900
1901
1902
1903
1904
1905
1906
1907
1908
1909
1910
1911
1912
1913
1914
1915
1916
1917
1918
1919
1920
1921
1922
1923
1924
1925
1926
1927
1928
1929
1930
1931
1932
1933
1934
1935
1936
1937
1938
1939
1940
1941
1942
1943
1944
1945
1946
1947
1948
1949
1950
1951
1952
1953
1954
1955
1956
1957
1958
1959
1960
1961
1962
1963
1964
1965
1966
1967
1968
1969
1970
1971
1972
1973
1974
1975
1976
1977
1978
1979
1980
1981
1982
1983
1984
1985
1986
1987
1988
1989
1990
1991
1992
1993
1994
1995
1996
1997
1998
1999
2000
2001
2002
2003
2004
2005
2006
2007
2008
2009
2010
2011
2012
2013
2014
2015
2016
2017
2018
2019
2020
2021
2022
2023
2024
2025
2026
2027
2028
2029
2030
2031
2032
2033
2034
2035
2036
2037
2038
2039
2040
2041
2042
2043
2044
2045
2046
2047
2048
2049
2050
2051
2052
2053
2054
2055
2056
2057
2058
2059
2060
2061
2062
2063
2064
2065
2066
2067
2068
2069
2070
2071
2072
2073
2074
2075
2076
2077
2078
2079
2080
2081
2082
2083
2084
2085
2086
2087
2088
2089
2090
2091
2092
2093
2094
2095
2096
2097
2098
2099
2100
2101
2102
2103
2104
2105
2106
2107
2108
2109
2110
2111
2112
2113
2114
0.001134604290456363 0.002 0.002467349415639108
0.001134604290456363 0.004 0.002467349415639108
0.001134604290456363 0.006 0.002467349415639108
0.001134604290456363 0.008 0.002467349415639108
0.001134604290456363 0.01 0.002467349415639108
0.001394208580912726 0.002 0.003184698831278216
0.001394208580912726 0.004 0.003184698831278216
0.001394208580912726 0.006 0.003184698831278216
0.001394208580912726 0.008 0.003184698831278216
0.001394208580912726 0.01 0.003184698831278216
0.001653812871369088 0.002 0.003902048246917324
0.001653812871369088 0.004 0.003902048246917324
0.001653812871369088 0.006 0.003902048246917324
0.001653812871369088 0.008 0.003902048246917324
0.001653812871369088 0.01 0.003902048246917324
2.687421348216285e-19 0.002 0.0025625
2.687421348216285e-19 0.004 0.0025625
2.687421348216285e-19 0.006 0.0025625
2.687421348216285e-19 0.008 0.0025625
2.687421348216285e-19 0.01 0.0025625
4.428167332654695e-19 0.002 0.003375
4.428167332654695e-19 0.004 0.003375
4.428167332654695e-19 0.006 0.003375
4.428167332654695e-19 0.008 0.003375
4.428167332654695e-19 0.01 0.003375
7.479024546655805e-20 0.002 0.0041875
7.479024546655805e-20 0.004 0.0041875
7.479024546655805e-20 0.006 0.0041875
7.479024546655805e-20 0.008 0.0041875
7.479024546655805e-20 0.01 0.0041875
-0.001134604290456361 0.002 0.002467349415639109
-0.001134604290456361 0.004 0.002467349415639109
-0.001134604290456361 0.006 0.002467349415639109
-0.001134604290456361 0.008 0.002467349415639109
-0.001134604290456361 0.01 0.002467349415639109
-0.001394208580912723 0.002 0.003184698831278218
-0.001394208580912723 0.004 0.003184698831278218
-0.001394208580912723 0.006 0.003184698831278218
-0.001394208580912723 0.008 0.003184698831278218
-0.001394208580912723 0.01 0.003184698831278218
-0.001653812871369085 0.002 0.003902048246917326
-0.001653812871369085 0.004 0.003902048246917326
-0.001653812871369085 0.006 0.003902048246917326
-0.001653812871369085 0.008 0.003902048246917326
-0.001653812871369085 0.01 0.003902048246917326
0.001134604290456363 0.001 0.002467349415639108
0.001004802145228181 0.002 0.002108674707819554
0.001665493883469774 0.002 0.002331866446061146
0.001134604290456363 0.003 0.002467349415639108
0.001004802145228181 0.004 0.002108674707819554
0.001665493883469774 0.004 0.002331866446061146
0.001134604290456363 0.005 0.002467349415639108
0.001004802145228181 0.006 0.002108674707819554
0.001665493883469774 0.006 0.002331866446061146
0.001134604290456363 0.007 0.002467349415639108
0.001004802145228181 0.008 0.002108674707819554
0.001665493883469774 0.008 0.002331866446061146
0.001134604290456363 0.009000000000000001 0.002467349415639108
0.001004802145228181 0.01 0.002108674707819554
0.001665493883469774 0.01 0.002331866446061146
0.001134604290456363 0.011 0.002467349415639108
0.001394208580912726 0.001 0.003184698831278216
0.001264406435684544 0.002 0.002826024123458662
0.002018487766939547 0.002 0.002913732892122292
0.001394208580912726 0.003 0.003184698831278216
0.001264406435684544 0.004 0.002826024123458662
0.002018487766939547 0.004 0.002913732892122292
0.001394208580912726 0.005 0.003184698831278216
0.001264406435684544 0.006 0.002826024123458662
0.002018487766939547 0.006 0.002913732892122292
0.001394208580912726 0.007 0.003184698831278216
0.001264406435684544 0.008 0.002826024123458662
0.002018487766939547 0.008 0.002913732892122292
0.001394208580912726 0.009000000000000001 0.003184698831278216
0.001264406435684544 0.01 0.002826024123458662
0.002018487766939547 0.01 0.002913732892122292
0.001394208580912726 0.011 0.003184698831278216
0.001653812871369088 0.001 0.003902048246917324
0.001524010726140907 0.002 0.00354337353909777
0.002371481650409321 0.002 0.003495599338183439
0.001653812871369088 0.003 0.003902048246917324
0.001524010726140907 0.004 0.00354337353909777
0.002371481650409321 0.004 0.003495599338183439
0.001653812871369088 0.005 0.003902048246917324
0.001524010726140907 0.006 0.00354337353909777
0.002371481650409321 0.006 0.003495599338183439
0.001653812871369088 0.007 0.003902048246917324
0.001524010726140907 0.008 0.00354337353909777
0.002371481650409321 0.008 0.003495599338183439
0.001653812871369088 0.009000000000000001 0.003902048246917324
0.001524010726140907 0.01 0.00354337353909777
0.002371481650409321 0.01 0.003495599338183439
0.001653812871369088 0.011 0.003902048246917324
0.00178361501659727 0.002 0.004260722954736878
0.00178361501659727 0.004 0.004260722954736878
0.00178361501659727 0.006 0.004260722954736878
0.00178361501659727 0.008 0.004260722954736878
0.00178361501659727 0.01 0.004260722954736878
2.687421348216285e-19 0.001 0.0025625
1.343710674108143e-19 0.002 0.00215625
0.0005673021452281815 0.002 0.002514924707819554
2.687421348216285e-19 0.003 0.0025625
1.343710674108143e-19 0.004 0.00215625
0.0005673021452281815 0.004 0.002514924707819554
2.687421348216285e-19 0.005 0.0025625
1.343710674108143e-19 0.006 0.00215625
0.0005673021452281815 0.006 0.002514924707819554
2.687421348216285e-19 0.007 0.0025625
1.343710674108143e-19 0.008 0.00215625
0.0005673021452281815 0.008 0.002514924707819554
2.687421348216285e-19 0.009000000000000001 0.0025625
1.343710674108143e-19 0.01 0.00215625
0.0005673021452281815 0.01 0.002514924707819554
2.687421348216285e-19 0.011 0.0025625
4.428167332654695e-19 0.001 0.003375
3.55779434043549e-19 0.002 0.00296875
0.0006971042904563631 0.002 0.003279849415639108
4.428167332654695e-19 0.003 0.003375
3.55779434043549e-19 0.004 0.00296875
0.0006971042904563631 0.004 0.003279849415639108
4.428167332654695e-19 0.005 0.003375
3.55779434043549e-19 0.006 0.00296875
0.0006971042904563631 0.006 0.003279849415639108
4.428167332654695e-19 0.007 0.003375
3.55779434043549e-19 0.008 0.00296875
0.0006971042904563631 0.008 0.003279849415639108
4.428167332654695e-19 0.009000000000000001 0.003375
3.55779434043549e-19 0.01 0.00296875
0.0006971042904563631 0.01 0.003279849415639108
4.428167332654695e-19 0.011 0.003375
7.479024546655805e-20 0.001 0.0041875
2.588034893660138e-19 0.002 0.00378125
0.0008269064356845442 0.002 0.004044774123458663
7.479024546655805e-20 0.003 0.0041875
2.588034893660138e-19 0.004 0.00378125
0.0008269064356845442 0.004 0.004044774123458663
7.479024546655805e-20 0.005 0.0041875
2.588034893660138e-19 0.006 0.00378125
0.0008269064356845442 0.006 0.004044774123458663
7.479024546655805e-20 0.007 0.0041875
2.588034893660138e-19 0.008 0.00378125
0.0008269064356845442 0.008 0.004044774123458663
7.479024546655805e-20 0.009000000000000001 0.0041875
2.588034893660138e-19 0.01 0.00378125
0.0008269064356845442 0.01 0.004044774123458663
7.479024546655805e-20 0.011 0.0041875
6.497185223069555e-19 0.002 0.00459375
6.497185223069555e-19 0.004 0.00459375
6.497185223069555e-19 0.006 0.00459375
6.497185223069555e-19 0.008 0.00459375
6.497185223069555e-19 0.01 0.00459375
-0.001134604290456361 0.001 0.002467349415639109
-0.001004802145228181 0.002 0.002108674707819554
-0.0005673021452281806 0.002 0.002514924707819554
-0.001134604290456361 0.003 0.002467349415639109
-0.001004802145228181 0.004 0.002108674707819554
-0.0005673021452281806 0.004 0.002514924707819554
-0.001134604290456361 0.005 0.002467349415639109
-0.001004802145228181 0.006 0.002108674707819554
-0.0005673021452281806 0.006 0.002514924707819554
-0.001134604290456361 0.007 0.002467349415639109
-0.001004802145228181 0.008 0.002108674707819554
-0.0005673021452281806 0.008 0.002514924707819554
-0.001134604290456361 0.009000000000000001 0.002467349415639109
-0.001004802145228181 0.01 0.002108674707819554
-0.0005673021452281806 0.01 0.002514924707819554
-0.001134604290456361 0.011 0.002467349415639109
-0.001394208580912723 0.001 0.003184698831278218
-0.001264406435684542 0.002 0.002826024123458663
-0.0006971042904563614 0.002 0.003279849415639109
-0.001394208580912723 0.003 0.003184698831278218
-0.001264406435684542 0.004 0.002826024123458663
-0.0006971042904563614 0.004 0.003279849415639109
-0.001394208580912723 0.005 0.003184698831278218
-0.001264406435684542 0.006 0.002826024123458663
-0.0006971042904563614 0.006 0.003279849415639109
-0.001394208580912723 0.007 0.003184698831278218
-0.001264406435684542 0.008 0.002826024123458663
-0.0006971042904563614 0.008 0.003279849415639109
-0.001394208580912723 0.009000000000000001 0.003184698831278218
-0.001264406435684542 0.01 0.002826024123458663
-0.0006971042904563614 0.01 0.003279849415639109
-0.001394208580912723 0.011 0.003184698831278218
-0.001653812871369085 0.001 0.003902048246917326
-0.001524010726140904 0.002 0.003543373539097772
-0.0008269064356845425 0.002 0.004044774123458664
-0.001653812871369085 0.003 0.003902048246917326
-0.001524010726140904 0.004 0.003543373539097772
-0.0008269064356845425 0.004 0.004044774123458664
-0.001653812871369085 0.005 0.003902048246917326
-0.001524010726140904 0.006 0.003543373539097772
-0.0008269064356845425 0.006 0.004044774123458664
-0.001653812871369085 0.007 0.003902048246917326
-0.001524010726140904 0.008 0.003543373539097772
-0.0008269064356845425 0.008 0.004044774123458664
-0.001653812871369085 0.009000000000000001 0.003902048246917326
-0.001524010726140904 0.01 0.003543373539097772
-0.0008269064356845425 0.01 0.004044774123458664
-0.001653812871369085 0.011 0.003902048246917326
-0.001783615016597265 0.002 0.00426072295473688
-0.001783615016597265 0.004 0.00426072295473688
-0.001783615016597265 0.006 0.00426072295473688
-0.001783615016597265 0.008 0.00426072295473688
-0.001783615016597265 0.01 0.00426072295473688
-0.001665493883469773 0.002 0.002331866446061147
-0.001665493883469773 0.004 0.002331866446061147
-0.001665493883469773 0.006 0.002331866446061147
-0.001665493883469773 0.008 0.002331866446061147
-0.001665493883469773 0.01 0.002331866446061147
-0.002018487766939546 0.002 0.002913732892122293
-0.002018487766939546 0.004 0.002913732892122293
-0.002018487766939546 0.006 0.002913732892122293
-0.002018487766939546 0.008 0.002913732892122293
-0.002018487766939546 0.01 0.002913732892122293
-0.002371481650409319 0.002 0.00349559933818344
-0.002371481650409319 0.004 0.00349559933818344
-0.002371481650409319 0.006 0.00349559933818344
-0.002371481650409319 0.008 0.00349559933818344
-0.002371481650409319 0.01 0.00349559933818344
3 5 0 219
2115
2116
2117
2118
2119
2120
2121
2122
2123
2124
2125
2126
2127
2128
2129
2130
2131
2132
2133
2134
2135
2136
2137
2138
2139
2140
2141
2142
2143
2144
2145
2146
2147
2148
2149
2150
2151
2152
2153
2154
2155
2156
2157
2158
2159
2160
2161
2162
2163
2164
2165
2166
2167
2168
2169
2170
2171
2172
2173
2174
2175
2176
2177
2178
2179
2180
2181
2182
2183
2184
2185
2186
2187
2188
2189
2190
2191
2192
2193
2194
2195
2196
2197
2198
2199
2200
2201
2202
2203
2204
2205
2206
2207
2208
2209
2210
2211
2212
2213
2214
2215
2216
2217
2218
2219
2220
2221
2222
2223
2224
2225
2226
2227
2228
2229
2230
2231
2232
2233
2234
2235
2236
2237
2238
2239
2240
2241
2242
2243
2244
2245
2246
2247
2248
2249
2250
2251
2252
2253
2254
2255
2256
2257
2258
2259
2260
2261
2262
2263
2264
2265
2266
2267
2268
2269
2270
2271
2272
2273
2274
2275
2276
2277
2278
2279
2280
2281
2282
2283
2284
2285
2286
2287
2288
2289
2290
2291
2292
2293
2294
2295
2296
2297
2298
2299
2300
2301
2302
2303
2304
2305
2306
2307
2308
2309
2310
2311
2312
2313
2314
2315
2316
2317
2318
2319
2320
2321
2322
2323
2324
2325
2326
2327
2328
2329
2330
2331
2332
2333
-0.002467349415639108 0.002 0.001134604290456363
-0.002467349415639108 0.004 0.001134604290456363
-0.002467349415639108 0.006 0.001134604290456363
-0.002467349415639108 0.008 0.001134604290456363
-0.002467349415639108 0.01 0.001134604290456363
-0.003184698831278216 0.002 0.001394208580912724
-0.003184698831278216 0.004 0.001394208580912724
-0.003184698831278216 0.006 0.001394208580912724
-0.003184698831278216 0.008 0.001394208580912724
-0.003184698831278216 0.01 0.001394208580912724
-0.003902048246917324 0.002 0.001653812871369086
-0.003902048246917324 0.004 0.001653812871369086
-0.003902048246917324 0.006 0.001653812871369086
-0.003902048246917324 0.008 0.001653812871369086
-0.003902048246917324 0.01 0.001653812871369086
-0.002562499999999999 0.002 7.883603293407561e-20
-0.002562499999999999 0.004 7.883603293407561e-20
-0.002562499999999999 0.006 7.883603293407561e-20
-0.002562499999999999 0.008 7.883603293407561e-20
-0.002562499999999999 0.01 7.883603293407561e-20
-0.003374999999999999 0.002 4.249389968913822e-19
-0.003374999999999999 0.004 4.249389968913822e-19
-0.003374999999999999 0.006 4.249389968913822e-19
-0.003374999999999999 0.008 4.249389968913822e-19
-0.003374999999999999 0.01 4.249389968913822e-19
-0.004187499999999999 0.002 3.915712004787622e-19
-0.004187499999999999 0.004 3.915712004787622e-19
-0.004187499999999999 0.006 3.915712004787622e-19
-0.004187499999999999 0.008 3.915712004787622e-19
-0.004187499999999999 0.01 3.915712004787622e-19
-0.002467349415639108 0.002 -0.001134604290456362
-0.002467349415639108 0.004 -0.001134604290456362
-0.002467349415639108 0.006 -0.001134604290456362
-0.002467349415639108 0.008 -0.001134604290456362
-0.002467349415639108 0.01 -0.001134604290456362
-0.003184698831278216 0.002 -0.001394208580912724
-0.003184698831278216 0.004 -0.001394208580912724
-0.003184698831278216 0.006 -0.001394208580912724
-0.003184698831278216 0.008 -0.001394208580912724
-0.003184698831278216 0.01 -0.001394208580912724
-0.003902048246917325 0.002 -0.001653812871369086
-0.003902048246917325 0.004 -0.001653812871369086
-0.003902048246917325 0.006 -0.001653812871369086
-0.003902048246917325 0.008 -0.001653812871369086
-0.003902048246917325 0.01 -0.001653812871369086
-0.002467349415639108 0.001 0.001134604290456363
-0.002108674707819553 0.002 0.001004802145228181
-0.002331866446061146 0.002 0.001665493883469773
-0.002467349415639108 0.003 0.001134604290456363
-0.002108674707819553 0.004 0.001004802145228181
-0.002331866446061146 0.004 0.001665493883469773
-0.002467349415639108 0.005 0.001134604290456363
-0.002108674707819553 0.006 0.001004802145228181
-0.002331866446061146 0.006 0.001665493883469773
-0.002467349415639108 0.007 0.001134604290456363
-0.002108674707819553 0.008 0.001004802145228181
-0.002331866446061146 0.008 0.001665493883469773
-0.002467349415639108 0.009000000000000001 0.001134604290456363
-0.002108674707819553 0.01 0.001004802145228181
-0.002331866446061146 0.01 0.001665493883469773
-0.002467349415639108 0.011 0.001134604290456363
-0.003184698831278216 0.001 0.001394208580912724
-0.002826024123458662 0.002 0.001264406435684544
-0.002913732892122292 0.002 0.002018487766939546
-0.003184698831278216 0.003 0.001394208580912724
-0.002826024123458662 0.004 0.001264406435684544
-0.002913732892122292 0.004 0.002018487766939546
-0.003184698831278216 0.005 0.001394208580912724
-0.002826024123458662 0.006 0.001264406435684544
-0.002913732892122292 0.006 0.002018487766939546
-0.003184698831278216 0.007 0.001394208580912724
-0.002826024123458662 0.008 0.001264406435684544
-0.002913732892122292 0.008 0.002018487766939546
-0.003184698831278216 0.009000000000000001 0.001394208580912724
-0.002826024123458662 0.01 0.001264406435684544
-0.002913732892122292 0.01 0.002018487766939546
-0.003184698831278216 0.011 0.001394208580912724
-0.003902048246917324 0.001 0.001653812871369086
-0.00354337353909777 0.002 0.001524010726140905
-0.003495599338183439 0.002 0.00237148165040932
-0.003902048246917324 0.003 0.001653812871369086
-0.00354337353909777 0.004 0.001524010726140905
-0.003495599338183439 0.004 0.00237148165040932
-0.003902048246917324 0.005 0.001653812871369086
-0.00354337353909777 0.006 0.001524010726140905
-0.003495599338183439 0.006 0.00237148165040932
-0.003902048246917324 0.007 0.001653812871369086
-0.00354337353909777 0.008 0.001524010726140905
-0.003495599338183439 0.008 0.00237148165040932
-0.003902048246917324 0.009000000000000001 0.001653812871369086
-0.00354337353909777 0.01 0.001524010726140905
-0.003495599338183439 0.01 0.00237148165040932
-0.003902048246917324 0.011 0.001653812871369086
-0.004260722954736878 0.002 0.001783615016597268
-0.004260722954736878 0.004 0.001783615016597268
-0.004260722954736878 0.006 0.001783615016597268
-0.004260722954736878 0.008 0.001783615016597268
-0.004260722954736878 0.01 0.001783615016597268
-0.002562499999999999 0.001 7.883603293407561e-20
-0.002156249999999999 0.002 3.941801646703781e-20
-0.002514924707819553 0.002 0.0005673021452281813
-0.002562499999999999 0.003 7.883603293407561e-20
-0.002156249999999999 0.004 3.941801646703781e-20
-0.002514924707819553 0.004 0.0005673021452281813
-0.002562499999999999 0.005 7.883603293407561e-20
-0.002156249999999999 0.006 3.941801646703781e-20
-0.002514924707819553 0.006 0.0005673021452281813
-0.002562499999999999 0.007 7.883603293407561e-20
-0.002156249999999999 0.008 3.941801646703781e-20
-0.002514924707819553 0.008 0.0005673021452281813
-0.002562499999999999 0.009000000000000001 7.883603293407561e-20
-0.002156249999999999 0.01 3.941801646703781e-20
-0.002514924707819553 0.01 0.0005673021452281813
-0.002562499999999999 0.011 7.883603293407561e-20
-0.003374999999999999 0.001 4.249389968913822e-19
-0.002968749999999999 0.002 2.518875149127289e-19
-0.003279849415639108 0.002 0.0006971042904563625
-0.003374999999999999 0.003 4.249389968913822e-19
-0.002968749999999999 0.004 2.518875149127289e-19
-0.003279849415639108 0.004 0.0006971042904563625
-0.003374999999999999 0.005 4.249389968913822e-19
-0.002968749999999999 0.006 2.518875149127289e-19
-0.003279849415639108 0.006 0.0006971042904563625
-0.003374999999999999 0.007 4.249389968913822e-19
-0.002968749999999999 0.008 2.518875149127289e-19
-0.003279849415639108 0.008 0.0006971042904563625
-0.003374999999999999 0.009000000000000001 4.249389968913822e-19
-0.002968749999999999 0.01 2.518875149127289e-19
-0.003279849415639108 0.01 0.0006971042904563625
-0.003374999999999999 0.011 4.249389968913822e-19
-0.004187499999999999 0.001 3.915712004787622e-19
-0.003781249999999999 0.002 4.082550986850722e-19
-0.004044774123458661 0.002 0.0008269064356845434
-0.004187499999999999 0.003 3.915712004787622e-19
-0.003781249999999999 0.004 4.082550986850722e-19
-0.004044774123458661 0.004 0.0008269064356845434
-0.004187499999999999 0.005 3.915712004787622e-19
-0.003781249999999999 0.006 4.082550986850722e-19
-0.004044774123458661 0.006 0.0008269064356845434
-0.004187499999999999 0.007 3.915712004787622e-19
-0.003781249999999999 0.008 4.082550986850722e-19
-0.004044774123458661 0.008 0.0008269064356845434
-0.004187499999999999 0.009000000000000001 3.915712004787622e-19
-0.003781249999999999 0.01 4.082550986850722e-19
-0.004044774123458661 0.01 0.0008269064356845434
-0.004187499999999999 0.011 3.915712004787622e-19
-0.004593749999999999 0.002 1.459089474757957e-18
-0.004593749999999999 0.004 1.459089474757957e-18
-0.004593749999999999 0.006 1.459089474757957e-18
-0.004593749999999999 0.008 1.459089474757957e-18
-0.004593749999999999 0.01 1.459089474757957e-18
-0.002467349415639108 0.001 -0.001134604290456362
-0.002108674707819554 0.002 -0.001004802145228181
-0.002514924707819554 0.002 -0.0005673021452281809
-0.002467349415639108 0.003 -0.001134604290456362
-0.002108674707819554 0.004 -0.001004802145228181
-0.002514924707819554 0.004 -0.0005673021452281809
-0.002467349415639108 0.005 -0.001134604290456362
-0.002108674707819554 0.006 -0.001004802145228181
-0.002514924707819554 0.006 -0.0005673021452281809
-0.002467349415639108 0.007 -0.001134604290456362
-0.002108674707819554 0.008 -0.001004802145228181
-0.002514924707819554 0.008 -0.0005673021452281809
-0.002467349415639108 0.009000000000000001 -0.001134604290456362
-0.002108674707819554 0.01 -0.001004802145228181
-0.002514924707819554 0.01 -0.0005673021452281809
-0.002467349415639108 0.011 -0.001134604290456362
-0.003184698831278216 0.001 -0.001394208580912724
-0.002826024123458662 0.002 -0.001264406435684543
-0.003279849415639108 0.002 -0.0006971042904563617
-0.003184698831278216 0.003 -0.001394208580912724
-0.002826024123458662 0.004 -0.001264406435684543
-0.003279849415639108 0.004 -0.0006971042904563617
-0.003184698831278216 0.005 -0.001394208580912724
-0.002826024123458662 0.006 -0.001264406435684543
-0.003279849415639108 0.006 -0.0006971042904563617
-0.003184698831278216 0.007 -0.001394208580912724
-0.002826024123458662 0.008 -0.001264406435684543
-0.003279849415639108 0.008 -0.0006971042904563617
-0.003184698831278216 0.009000000000000001 -0.001394208580912724
-0.002826024123458662 0.01 -0.001264406435684543
-0.003279849415639108 0.01 -0.0006971042904563617
-0.003184698831278216 0.011 -0.001394208580912724
-0.003902048246917325 0.001 -0.001653812871369086
-0.003543373539097771 0.002 -0.001524010726140905
-0.004044774123458662 0.002 -0.0008269064356845429
-0.003902048246917325 0.003 -0.001653812871369086
-0.003543373539097771 0.004 -0.001524010726140905
-0.004044774123458662 0.004 -0.0008269064356845429
-0.003902048246917325 0.005 -0.001653812871369086
-0.003543373539097771 0.006 -0.001524010726140905
-0.004044774123458662 0.006 -0.0008269064356845429
-0.003902048246917325 0.007 -0.001653812871369086
-0.003543373539097771 0.008 -0.001524010726140905
-0.004044774123458662 0.008 -0.0008269064356845429
-0.003902048246917325 0.009000000000000001 -0.001653812871369086
-0.003543373539097771 0.01 -0.001524010726140905
-0.004044774123458662 0.01 -0.0008269064356845429
-0.003902048246917325 0.011 -0.001653812871369086
-0.00426072295473688 0.002 -0.001783615016597266
-0.00426072295473688 0.004 -0.001783615016597266
-0.00426072295473688 0.006 -0.001783615016597266
-0.00426072295473688 0.008 -0.001783615016597266
-0.00426072295473688 0.01 -0.001783615016597266
-0.002331866446061146 0.002 -0.001665493883469773
-0.002331866446061146 0.004 -0.001665493883469773
-0.002331866446061146 0.006 -0.001665493883469773
-0.002331866446061146 0.008 -0.001665493883469773
-0.002331866446061146 0.01 -0.001665493883469773
-0.002913732892122292 0.002 -0.002018487766939546
-0.002913732892122292 0.004 -0.002018487766939546
-0.002913732892122292 0.006 -0.002018487766939546
-0.002913732892122292 0.008 -0.002018487766939546
-0.002913732892122292 0.01 -0.002018487766939546
-0.003495599338183439 0.002 -0.00237148165040932
-0.003495599338183439 0.004 -0.00237148165040932
-0.003495599338183439 0.006 -0.00237148165040932
-0.003495599338183439 0.008 -0.00237148165040932
-0.003495599338183439 0.01 -0.00237148165040932
$EndNodes
$Elements
15 640 1 640
2 14 16 16
1 1 17 273 40 20 282 283 44 
2 40 273 274 39 283 284 285 43 
3 39 274 275 38 285 286 287 42 
4 38 275 33 4 287 288 37 41 
5 17 18 276 273 21 289 290 282 
6 273 276 277 274 290 291 292 284 
7 274 277 278 275 292 293 294 286 
8 275 278 32 33 294 295 36 288 
9 18 19 279 276 22 296 297 289 
10 276 279 280 277 297 298 299 291 
11 277 280 281 278 299 300 301 293 
12 278 281 31 32 301 302 35 295 
13 19 2 24 279 23 27 303 296 
14 279 24 25 280 303 28 304 298 
15 280 25 26 281 304 29 305 300 
16 281 26 3 31 305 30 34 302 
2 16 16 16
17 1 17 306 73 20 315 316 76 
18 73 306 307 74 316 317 318 77 
19 74 307 308 75 318 319 320 78 
20 75 308 45 5 320 321 48 79 
21 17 18 309 306 21 322 323 315 
22 306 309 310 307 323 324 325 317 
23 307 310 311 308 325 326 327 319 
24 308 311 46 45 327 328 49 321 
25 18 19 312 309 22 329 330 322 
26 309 312 313 310 330 331 332 324 
27 310 313 314 311 332 333 334 326 
28 311 314 47 46 334 335 50 328 
29 19 2 80 312 23 83 336 329 
30 312 80 81 313 336 84 337 331 
31 313 81 82 314 337 85 338 333 
32 314 82 6 47 338 86 51 335 
2 18 16 16
33 2 24 339 80 27 348 349 83 
34 80 339 340 81 349 350 351 84 
35 81 340 341 82 351 352 353 85 
36 82 341 52 6 353 354 55 86 
37 24 25 342 339 28 355 356 348 
38 339 342 343 340 356 357 358 350 
39 340 343 344 341 358 359 360 352 
40 341 344 53 52 360 361 56 354 
41 25 26 345 342 29 362 363 355 
42 342 345 346 343 363 364 365 357 
43 343 346 347 344 365 366 367 359 
44 344 347 54 53 367 368 57 361 
45 26 3 87 345 30 90 369 362 
46 345 87 88 346 369 91 370 364 
47 346 88 89 347 370 92 371 366 
48 347 89 7 54 371 93 58 368 
2 20 16 16
49 3 31 372 87 34 381 382 90 
50 87 372 373 88 382 383 384 91 
51 88 373 374 89 384 385 386 92 
52 89 374 59 7 386 387 62 93 
53 31 32 375 372 35 388 389 381 
54 372 375 376 373 389 390 391 383 
55 373 376 377 374 391 392 393 385 
56 374 377 60 59 393 394 63 387 
57 32 33 378 375 36 395 396 388 
58 375 378 379 376 396 397 398 390 
59 376 379 380 377 398 399 400 392 
60 377 380 61 60 400 401 64 394 
61 33 4 94 378 37 97 402 395 
62 378 94 95 379 402 98 403 397 
63 379 95 96 380 403 99 404 399 
64 380 96 8 61 404 100 65 401 
2 22 16 16
65 4 38 405 94 41 414 415 97 
66 94 405 406 95 415 416 417 98 
67 95 406 407 96 417 418 419 99 
68 96 407 66 8 419 420 69 100 
69 38 39 408 405 42 421 422 414 
70 405 408 409 406 422 423 424 416 
71 406 409 410 407 424 425 426 418 
72 407 410 67 66 426 427 70 420 
73 39 40 411 408 43 428 429 421 
74 408 411 412 409 429 430 431 423 
75 409 412 413 410 431 432 433 425 
76 410 413 68 67 433 434 71 427 
77 40 1 73 411 44 76 435 428 
78 411 73 74 412 435 77 436 430 
79 412 74 75 413 436 78 437 432 
80 413 75 5 68 437 79 72 434 
2 27 16 16
81 9 168 650 123 172 659 660 126 
82 168 167 651 650 171 661 662 659 
83 167 166 652 651 170 663 664 661 
84 166 12 161 652 169 165 665 663 
85 123 650 653 124 660 666 667 127 
86 650 651 654 653 662 668 669 666 
87 651 652 655 654 664 670 671 668 
88 652 161 160 655 665 164 672 670 
89 124 653 656 125 667 673 674 128 
90 653 654 657 656 669 675 676 673 
91 654 655 658 657 671 677 678 675 
92 655 160 159 658 672 163 679 677 
93 125 656 141 10 674 680 144 129 
94 656 657 142 141 676 681 145 680 
95 657 658 143 142 678 682 146 681 
96 658 159 11 143 679 162 147 682 
2 31 16 16
97 9 123 842 209 126 851 852 212 
98 209 842 843 210 852 853 854 213 
99 210 843 844 211 854 855 856 214 
100 211 844 202 14 856 857 205 215 
101 123 124 845 842 127 858 859 851 
102 842 845 846 843 859 860 861 853 
103 843 846 847 844 861 862 863 855 
104 844 847 203 202 863 864 206 857 
105 124 125 848 845 128 865 866 858 
106 845 848 849 846 866 867 868 860 
107 846 849 850 847 868 869 870 862 
108 847 850 204 203 870 871 207 864 
109 125 10 184 848 129 187 872 865 
110 848 184 185 849 872 188 873 867 
111 849 185 186 850 873 189 874 869 
112 850 186 13 204 874 190 208 871 
2 34 16 16
113 10 141 981 184 144 990 991 187 
114 184 981 982 185 991 992 993 188 
115 185 982 983 186 993 994 995 189 
116 186 983 234 13 995 996 237 190 
117 141 142 984 981 145 997 998 990 
118 981 984 985 982 998 999 1000 992 
119 982 985 986 983 1000 1001 1002 994 
120 983 986 235 234 1002 1003 238 996 
121 142 143 987 984 146 1004 1005 997 
122 984 987 988 985 1005 1006 1007 999 
123 985 988 989 986 1007 1008 1009 1001 
124 986 989 236 235 1009 1010 239 1003 
125 143 11 227 987 147 230 1011 1004 
126 987 227 228 988 1011 231 1012 1006 
127 988 228 229 989 1012 232 1013 1008 
128 989 229 15 236 1013 233 240 1010 
2 37 16 16
129 11 159 1120 227 162 1129 1130 230 
130 227 1120 1121 228 1130 1131 1132 231 
131 228 1121 1122 229 1132 1133 1134 232 
132 229 1122 259 15 1134 1135 262 233 
133 159 160 1123 1120 163 1136 1137 1129 
134 1120 1123 1124 1121 1137 1138 1139 1131 
135 1121 1124 1125 1122 1139 1140 1141 1133 
136 1122 1125 260 259 1141 1142 263 1135 
137 160 161 1126 1123 164 1143 1144 1136 
138 1123 1126 1127 1124 1144 1145 1146 1138 
139 1124 1127 1128 1125 1146 1147 1148 1140 
140 1125 1128 261 260 1148 1149 264 1142 
141 161 12 252 1126 165 255 1150 1143 
142 1126 252 253 1127 1150 256 1151 1145 
143 1127 253 254 1128 1151 257 1152 1147 
144 1128 254 16 261 1152 258 265 1149 
2 39 16 16
145 12 166 1206 252 169 1215 1216 255 
146 252 1206 1207 253 1216 1217 1218 256 
147 253 1207 1208 254 1218 1219 1220 257 
148 254 1208 266 16 1220 1221 269 258 
149 166 167 1209 1206 170 1222 1223 1215 
150 1206 1209 1210 1207 1223 1224 1225 1217 
151 1207 1210 1211 1208 1225 1226 1227 1219 
152 1208 1211 267 266 1227 1228 270 1221 
153 167 168 1212 1209 171 1229 1230 1222 
154 1209 1212 1213 1210 1230 1231 1232 1224 
155 1210 1213 1214 1211 1232 1233 1234 1226 
156 1211 1214 268 267 1234 1235 271 1228 
157 168 9 209 1212 172 212 1236 1229 
158 1212 209 210 1213 1236 213 1237 1231 
159 1213 210 211 1214 1237 214 1238 1233 
160 1214 211 14 268 1238 215 272 1235 
3 1 17 96
161 273 17 1 40 1239 438 101 607 282 283 1284 20 454 44 106 635 1285 1286 453 645 
162 1239 438 101 607 1240 439 102 608 1285 1286 1287 453 456 645 107 637 1288 1289 455 646 
163 1240 439 102 608 1241 440 103 609 1288 1289 1290 455 458 646 108 639 1291 1292 457 647 
164 1241 440 103 609 1242 441 104 610 1291 1292 1293 457 460 647 109 641 1294 1295 459 648 
165 1242 441 104 610 1243 442 105 611 1294 1295 1296 459 462 648 110 643 1297 1298 461 649 
166 1243 442 105 611 650 123 9 168 1297 1298 1299 461 463 649 111 644 660 659 126 172 
167 274 273 40 39 1244 1239 607 602 284 285 1300 283 1284 43 635 624 1301 1302 1286 634 
168 1244 1239 607 602 1245 1240 608 603 1301 1302 1303 1286 1287 634 637 626 1304 1305 1289 636 
169 1245 1240 608 603 1246 1241 609 604 1304 1305 1306 1289 1290 636 639 628 1307 1308 1292 638 
170 1246 1241 609 604 1247 1242 610 605 1307 1308 1309 1292 1293 638 641 630 1310 1311 1295 640 
171 1247 1242 610 605 1248 1243 611 606 1310 1311 1312 1295 1296 640 643 632 1313 1314 1298 642 
172 1248 1243 611 606 651 650 168 167 1313 1314 1315 1298 1299 642 644 633 662 661 659 171 
173 275 274 39 38 1249 1244 602 597 286 287 1316 285 1300 42 624 613 1317 1318 1302 623 
174 1249 1244 602 597 1250 1245 603 598 1317 1318 1319 1302 1303 623 626 615 1320 1321 1305 625 
175 1250 1245 603 598 1251 1246 604 599 1320 1321 1322 1305 1306 625 628 617 1323 1324 1308 627 
176 1251 1246 604 599 1252 1247 605 600 1323 1324 1325 1308 1309 627 630 619 1326 1327 1311 629 
177 1252 1247 605 600 1253 1248 606 601 1326 1327 1328 1311 1312 629 632 621 1329 1330 1314 631 
178 1253 1248 606 601 652 651 167 166 1329 1330 1331 1314 1315 631 633 622 664 663 661 170 
179 33 275 38 4 554 1249 597 148 288 37 582 287 1316 41 613 153 1332 592 1318 612 
180 554 1249 597 148 555 1250 598 149 1332 592 584 1318 1319 612 615 154 1333 593 1321 614 
181 555 1250 598 149 556 1251 599 150 1333 593 586 1321 1322 614 617 155 1334 594 1324 616 
182 556 1251 599 150 557 1252 600 151 1334 594 588 1324 1325 616 619 156 1335 595 1327 618 
183 557 1252 600 151 558 1253 601 152 1335 595 590 1327 1328 618 621 157 1336 596 1330 620 
184 558 1253 601 152 161 652 166 12 1336 596 591 1330 1331 620 622 158 665 165 663 169 
185 276 18 17 273 1254 443 438 1239 289 290 1337 21 465 282 454 1284 1338 1339 464 1285 
186 1254 443 438 1239 1255 444 439 1240 1338 1339 1340 464 467 1285 456 1287 1341 1342 466 1288 
187 1255 444 439 1240 1256 445 440 1241 1341 1342 1343 466 469 1288 458 1290 1344 1345 468 1291 
188 1256 445 440 1241 1257 446 441 1242 1344 1345 1346 468 471 1291 460 1293 1347 1348 470 1294 
189 1257 446 441 1242 1258 447 442 1243 1347 1348 1349 470 473 1294 462 1296 1350 1351 472 1297 
190 1258 447 442 1243 653 124 123 650 1350 1351 1352 472 474 1297 463 1299 667 666 127 660 
191 277 276 273 274 1259 1254 1239 1244 291 292 1353 290 1337 284 1284 1300 1354 1355 1339 1301 
192 1259 1254 1239 1244 1260 1255 1240 1245 1354 1355 1356 1339 1340 1301 1287 1303 1357 1358 1342 1304 
193 1260 1255 1240 1245 1261 1256 1241 1246 1357 1358 1359 1342 1343 1304 1290 1306 1360 1361 1345 1307 
194 1261 1256 1241 1246 1262 1257 1242 1247 1360 1361 1362 1345 1346 1307 1293 1309 1363 1364 1348 1310 
195 1262 1257 1242 1247 1263 1258 1243 1248 1363 1364 1365 1348 1349 1310 1296 1312 1366 1367 1351 1313 
196 1263 1258 1243 1248 654 653 650 651 1366 1367 1368 1351 1352 1313 1299 1315 669 668 666 662 
197 278 277 274 275 1264 1259 1244 1249 293 294 1369 292 1353 286 1300 1316 1370 1371 1355 1317 
198 1264 1259 1244 1249 1265 1260 1245 1250 1370 1371 1372 1355 1356 1317 1303 1319 1373 1374 1358 1320 
199 1265 1260 1245 1250 1266 1261 1246 1251 1373 1374 1375 1358 1359 1320 1306 1322 1376 1377 1361 1323 
200 1266 1261 1246 1251 1267 1262 1247 1252 1376 1377 1378 1361 1362 1323 1309 1325 1379 1380 1364 1326 
201 1267 1262 1247 1252 1268 1263 1248 1253 1379 1380 1381 1364 1365 1326 1312 1328 1382 1383 1367 1329 
202 1268 1263 1248 1253 655 654 651 652 1382 1383 1384 1367 1368 1329 1315 1331 671 670 668 664 
203 32 278 275 33 549 1264 1249 554 295 36 571 294 1369 288 1316 582 1385 581 1371 1332 
204 549 1264 1249 554 550 1265 1250 555 1385 581 573 1371 1372 1332 1319 584 1386 583 1374 1333 
205 550 1265 1250 555 551 1266 1251 556 1386 583 575 1374 1375 1333 1322 586 1387 585 1377 1334 
206 551 1266 1251 556 552 1267 1252 557 1387 585 577 1377 1378 1334 1325 588 1388 587 1380 1335 
207 552 1267 1252 557 553 1268 1253 558 1388 587 579 1380 1381 1335 1328 590 1389 589 1383 1336 
208 553 1268 1253 558 160 655 652 161 1389 589 580 1383 1384 1336 1331 591 672 164 670 665 
209 279 19 18 276 1269 448 443 1254 296 297 1390 22 476 289 465 1337 1391 1392 475 1338 
210 1269 448 443 1254 1270 449 444 1255 1391 1392 1393 475 478 1338 467 1340 1394 1395 477 1341 
211 1270 449 444 1255 1271 450 445 1256 1394 1395 1396 477 480 1341 469 1343 1397 1398 479 1344 
212 1271 450 445 1256 1272 451 446 1257 1397 1398 1399 479 482 1344 471 1346 1400 1401 481 1347 
213 1272 451 446 1257 1273 452 447 1258 1400 1401 1402 481 484 1347 473 1349 1403 1404 483 1350 
214 1273 452 447 1258 656 125 124 653 1403 1404 1405 483 485 1350 474 1352 674 673 128 667 
215 280 279 276 277 1274 1269 1254 1259 298 299 1406 297 1390 291 1337 1353 1407 1408 1392 1354 
216 1274 1269 1254 1259 1275 1270 1255 1260 1407 1408 1409 1392 1393 1354 1340 1356 1410 1411 1395 1357 
217 1275 1270 1255 1260 1276 1271 1256 1261 1410 1411 1412 1395 1396 1357 1343 1359 1413 1414 1398 1360 
218 1276 1271 1256 1261 1277 1272 1257 1262 1413 1414 1415 1398 1399 1360 1346 1362 1416 1417 1401 1363 
219 1277 1272 1257 1262 1278 1273 1258 1263 1416 1417 1418 1401 1402 1363 1349 1365 1419 1420 1404 1366 
220 1278 1273 1258 1263 657 656 653 654 1419 1420 1421 1404 1405 1366 1352 1368 676 675 673 669 
221 281 280 277 278 1279 1274 1259 1264 300 301 1422 299 1406 293 1353 1369 1423 1424 1408 1370 
222 1279 1274 1259 1264 1280 1275 1260 1265 1423 1424 1425 1408 1409 1370 1356 1372 1426 1427 1411 1373 
223 1280 1275 1260 1265 1281 1276 1261 1266 1426 1427 1428 1411 1412 1373 1359 1375 1429 1430 1414 1376 
224 1281 1276 1261 1266 1282 1277 1262 1267 1429 1430 1431 1414 1415 1376 1362 1378 1432 1433 1417 1379 
225 1282 1277 1262 1267 1283 1278 1263 1268 1432 1433 1434 1417 1418 1379 1365 1381 1435 1436 1420 1382 
226 1283 1278 1263 1268 658 657 654 655 1435 1436 1437 1420 1421 1382 1368 1384 678 677 675 671 
227 31 281 278 32 544 1279 1264 549 302 35 560 301 1422 295 1369 571 1438 570 1424 1385 
228 544 1279 1264 549 545 1280 1265 550 1438 570 562 1424 1425 1385 1372 573 1439 572 1427 1386 
229 545 1280 1265 550 546 1281 1266 551 1439 572 564 1427 1428 1386 1375 575 1440 574 1430 1387 
230 546 1281 1266 551 547 1282 1267 552 1440 574 566 1430 1431 1387 1378 577 1441 576 1433 1388 
231 547 1282 1267 552 548 1283 1268 553 1441 576 568 1433 1434 1388 1381 579 1442 578 1436 1389 
232 548 1283 1268 553 159 658 655 160 1442 578 569 1436 1437 1389 1384 580 679 163 677 672 
233 24 2 19 279 491 112 448 1269 27 303 507 23 117 296 476 1390 506 1443 486 1391 
234 491 112 448 1269 492 113 449 1270 506 1443 509 486 118 1391 478 1393 508 1444 487 1394 
235 492 113 449 1270 493 114 450 1271 508 1444 511 487 119 1394 480 1396 510 1445 488 1397 
236 493 114 450 1271 494 115 451 1272 510 1445 513 488 120 1397 482 1399 512 1446 489 1400 
237 494 115 451 1272 495 116 452 1273 512 1446 515 489 121 1400 484 1402 514 1447 490 1403 
238 495 116 452 1273 141 10 125 656 514 1447 516 490 122 1403 485 1405 144 680 129 674 
239 25 24 279 280 496 491 1269 1274 28 304 518 303 507 298 1390 1406 517 1448 1443 1407 
240 496 491 1269 1274 497 492 1270 1275 517 1448 520 1443 509 1407 1393 1409 519 1449 1444 1410 
241 497 492 1270 1275 498 493 1271 1276 519 1449 522 1444 511 1410 1396 1412 521 1450 1445 1413 
242 498 493 1271 1276 499 494 1272 1277 521 1450 524 1445 513 1413 1399 1415 523 1451 1446 1416 
243 499 494 1272 1277 500 495 1273 1278 523 1451 526 1446 515 1416 1402 1418 525 1452 1447 1419 
244 500 495 1273 1278 142 141 656 657 525 1452 527 1447 516 1419 1405 1421 145 681 680 676 
245 26 25 280 281 501 496 1274 1279 29 305 529 304 518 300 1406 1422 528 1453 1448 1423 
246 501 496 1274 1279 502 497 1275 1280 528 1453 531 1448 520 1423 1409 1425 530 1454 1449 1426 
247 502 497 1275 1280 503 498 1276 1281 530 1454 533 1449 522 1426 1412 1428 532 1455 1450 1429 
248 503 498 1276 1281 504 499 1277 1282 532 1455 535 1450 524 1429 1415 1431 534 1456 1451 1432 
249 504 499 1277 1282 505 500 1278 1283 534 1456 537 1451 526 1432 1418 1434 536 1457 1452 1435 
250 505 500 1278 1283 143 142 657 658 536 1457 538 1452 527 1435 1421 1437 146 682 681 678 
251 3 26 281 31 130 501 1279 544 30 34 135 305 529 302 1422 560 539 559 1453 1438 
252 130 501 1279 544 131 502 1280 545 539 559 136 1453 531 1438 1425 562 540 561 1454 1439 
253 131 502 1280 545 132 503 1281 546 540 561 137 1454 533 1439 1428 564 541 563 1455 1440 
254 132 503 1281 546 133 504 1282 547 541 563 138 1455 535 1440 1431 566 542 565 1456 1441 
255 133 504 1282 547 134 505 1283 548 542 565 139 1456 537 1441 1434 568 543 567 1457 1442 
256 134 505 1283 548 11 143 658 159 543 567 140 1457 538 1442 1437 569 147 162 682 679 
3 2 17 96
257 1 17 306 73 101 438 1458 789 20 76 106 315 454 316 1503 805 453 804 1504 1505 
258 101 438 1458 789 102 439 1459 790 453 804 107 1504 456 1505 1506 807 455 806 1507 1508 
259 102 439 1459 790 103 440 1460 791 455 806 108 1507 458 1508 1509 809 457 808 1510 1511 
260 103 440 1460 791 104 441 1461 792 457 808 109 1510 460 1511 1512 811 459 810 1513 1514 
261 104 441 1461 792 105 442 1462 793 459 810 110 1513 462 1514 1515 813 461 812 1516 1517 
262 105 442 1462 793 9 123 842 209 461 812 111 1516 463 1517 1518 814 126 212 851 852 
263 73 306 307 74 789 1458 1463 794 316 77 805 317 1503 318 1519 816 1505 815 1520 1521 
264 789 1458 1463 794 790 1459 1464 795 1505 815 807 1520 1506 1521 1522 818 1508 817 1523 1524 
265 790 1459 1464 795 791 1460 1465 796 1508 817 809 1523 1509 1524 1525 820 1511 819 1526 1527 
266 791 1460 1465 796 792 1461 1466 797 1511 819 811 1526 1512 1527 1528 822 1514 821 1529 1530 
267 792 1461 1466 797 793 1462 1467 798 1514 821 813 1529 1515 1530 1531 824 1517 823 1532 1533 
268 793 1462 1467 798 209 842 843 210 1517 823 814 1532 1518 1533 1534 825 852 213 853 854 
269 74 307 308 75 794 1463 1468 799 318 78 816 319 1519 320 1535 827 1521 826 1536 1537 
270 794 1463 1468 799 795 1464 1469 800 1521 826 818 1536 1522 1537 1538 829 1524 828 1539 1540 
271 795 1464 1469 800 796 1465 1470 801 1524 828 820 1539 1525 1540 1541 831 1527 830 1542 1543 
272 796 1465 1470 801 797 1466 1471 802 1527 830 822 1542 1528 1543 1544 833 1530 832 1545 1546 
273 797 1466 1471 802 798 1467 1472 803 1530 832 824 1545 1531 1546 1547 835 1533 834 1548 1549 
274 798 1467 1472 803 210 843 844 211 1533 834 825 1548 1534 1549 1550 836 854 214 855 856 
275 75 308 45 5 799 1468 736 191 320 79 827 321 1535 48 752 196 1537 837 1551 751 
276 799 1468 736 191 800 1469 737 192 1537 837 829 1551 1538 751 754 197 1540 838 1552 753 
277 800 1469 737 192 801 1470 738 193 1540 838 831 1552 1541 753 756 198 1543 839 1553 755 
278 801 1470 738 193 802 1471 739 194 1543 839 833 1553 1544 755 758 199 1546 840 1554 757 
279 802 1471 739 194 803 1472 740 195 1546 840 835 1554 1547 757 760 200 1549 841 1555 759 
280 803 1472 740 195 211 844 202 14 1549 841 836 1555 1550 759 761 201 856 215 857 205 
281 17 18 309 306 438 443 1473 1458 21 315 454 322 465 323 1556 1503 464 1504 1557 1558 
282 438 443 1473 1458 439 444 1474 1459 464 1504 456 1557 467 1558 1559 1506 466 1507 1560 1561 
283 439 444 1474 1459 440 445 1475 1460 466 1507 458 1560 469 1561 1562 1509 468 1510 1563 1564 
284 440 445 1475 1460 441 446 1476 1461 468 1510 460 1563 471 1564 1565 1512 470 1513 1566 1567 
285 441 446 1476 1461 442 447 1477 1462 470 1513 462 1566 473 1567 1568 1515 472 1516 1569 1570 
286 442 447 1477 1462 123 124 845 842 472 1516 463 1569 474 1570 1571 1518 127 851 858 859 
287 306 309 310 307 1458 1473 1478 1463 323 317 1503 324 1556 325 1572 1519 1558 1520 1573 1574 
288 1458 1473 1478 1463 1459 1474 1479 1464 1558 1520 1506 1573 1559 1574 1575 1522 1561 1523 1576 1577 
289 1459 1474 1479 1464 1460 1475 1480 1465 1561 1523 1509 1576 1562 1577 1578 1525 1564 1526 1579 1580 
290 1460 1475 1480 1465 1461 1476 1481 1466 1564 1526 1512 1579 1565 1580 1581 1528 1567 1529 1582 1583 
291 1461 1476 1481 1466 1462 1477 1482 1467 1567 1529 1515 1582 1568 1583 1584 1531 1570 1532 1585 1586 
292 1462 1477 1482 1467 842 845 846 843 1570 1532 1518 1585 1571 1586 1587 1534 859 853 860 861 
293 307 310 311 308 1463 1478 1483 1468 325 319 1519 326 1572 327 1588 1535 1574 1536 1589 1590 
294 1463 1478 1483 1468 1464 1479 1484 1469 1574 1536 1522 1589 1575 1590 1591 1538 1577 1539 1592 1593 
295 1464 1479 1484 1469 1465 1480 1485 1470 1577 1539 1525 1592 1578 1593 1594 1541 1580 1542 1595 1596 
296 1465 1480 1485 1470 1466 1481 1486 1471 1580 1542 1528 1595 1581 1596 1597 1544 1583 1545 1598 1599 
297 1466 1481 1486 1471 1467 1482 1487 1472 1583 1545 1531 1598 1584 1599 1600 1547 1586 1548 1601 1602 
298 1467 1482 1487 1472 843 846 847 844 1586 1548 1534 1601 1587 1602 1603 1550 861 855 862 863 
299 308 311 46 45 1468 1483 741 736 327 321 1535 328 1588 49 763 752 1590 1551 1604 762 
300 1468 1483 741 736 1469 1484 742 737 1590 1551 1538 1604 1591 762 765 754 1593 1552 1605 764 
301 1469 1484 742 737 1470 1485 743 738 1593 1552 1541 1605 1594 764 767 756 1596 1553 1606 766 
302 1470 1485 743 738 1471 1486 744 739 1596 1553 1544 1606 1597 766 769 758 1599 1554 1607 768 
303 1471 1486 744 739 1472 1487 745 740 1599 1554 1547 1607 1600 768 771 760 1602 1555 1608 770 
304 1472 1487 745 740 844 847 203 202 1602 1555 1550 1608 1603 770 772 761 863 857 864 206 
305 18 19 312 309 443 448 1488 1473 22 322 465 329 476 330 1609 1556 475 1557 1610 1611 
306 443 448 1488 1473 444 449 1489 1474 475 1557 467 1610 478 1611 1612 1559 477 1560 1613 1614 
307 444 449 1489 1474 445 450 1490 1475 477 1560 469 1613 480 1614 1615 1562 479 1563 1616 1617 
308 445 450 1490 1475 446 451 1491 1476 479 1563 471 1616 482 1617 1618 1565 481 1566 1619 1620 
309 446 451 1491 1476 447 452 1492 1477 481 1566 473 1619 484 1620 1621 1568 483 1569 1622 1623 
310 447 452 1492 1477 124 125 848 845 483 1569 474 1622 485 1623 1624 1571 128 858 865 866 
311 309 312 313 310 1473 1488 1493 1478 330 324 1556 331 1609 332 1625 1572 1611 1573 1626 1627 
312 1473 1488 1493 1478 1474 1489 1494 1479 1611 1573 1559 1626 1612 1627 1628 1575 1614 1576 1629 1630 
313 1474 1489 1494 1479 1475 1490 1495 1480 1614 1576 1562 1629 1615 1630 1631 1578 1617 1579 1632 1633 
314 1475 1490 1495 1480 1476 1491 1496 1481 1617 1579 1565 1632 1618 1633 1634 1581 1620 1582 1635 1636 
315 1476 1491 1496 1481 1477 1492 1497 1482 1620 1582 1568 1635 1621 1636 1637 1584 1623 1585 1638 1639 
316 1477 1492 1497 1482 845 848 849 846 1623 1585 1571 1638 1624 1639 1640 1587 866 860 867 868 
317 310 313 314 311 1478 1493 1498 1483 332 326 1572 333 1625 334 1641 1588 1627 1589 1642 1643 
318 1478 1493 1498 1483 1479 1494 1499 1484 1627 1589 1575 1642 1628 1643 1644 1591 1630 1592 1645 1646 
319 1479 1494 1499 1484 1480 1495 1500 1485 1630 1592 1578 1645 1631 1646 1647 1594 1633 1595 1648 1649 
320 1480 1495 1500 1485 1481 1496 1501 1486 1633 1595 1581 1648 1634 1649 1650 1597 1636 1598 1651 1652 
321 1481 1496 1501 1486 1482 1497 1502 1487 1636 1598 1584 1651 1637 1652 1653 1600 1639 1601 1654 1655 
322 1482 1497 1502 1487 846 849 850 847 1639 1601 1587 1654 1640 1655 1656 1603 868 862 869 870 
323 311 314 47 46 1483 1498 746 741 334 328 1588 335 1641 50 774 763 1643 1604 1657 773 
324 1483 1498 746 741 1484 1499 747 742 1643 1604 1591 1657 1644 773 776 765 1646 1605 1658 775 
325 1484 1499 747 742 1485 1500 748 743 1646 1605 1594 1658 1647 775 778 767 1649 1606 1659 777 
326 1485 1500 748 743 1486 1501 749 744 1649 1606 1597 1659 1650 777 780 769 1652 1607 1660 779 
327 1486 1501 749 744 1487 1502 750 745 1652 1607 1600 1660 1653 779 782 771 1655 1608 1661 781 
328 1487 1502 750 745 847 850 204 203 1655 1608 1603 1661 1656 781 783 772 870 864 871 207 
329 19 2 80 312 448 112 683 1488 23 329 476 83 117 336 698 1609 486 1610 699 1662 
330 448 112 683 1488 449 113 684 1489 486 1610 478 699 118 1662 700 1612 487 1613 701 1663 
331 449 113 684 1489 450 114 685 1490 487 1613 480 701 119 1663 702 1615 488 1616 703 1664 
332 450 114 685 1490 451 115 686 1491 488 1616 482 703 120 1664 704 1618 489 1619 705 1665 
333 451 115 686 1491 452 116 687 1492 489 1619 484 705 121 1665 706 1621 490 1622 707 1666 
334 452 116 687 1492 125 10 184 848 490 1622 485 707 122 1666 708 1624 129 865 187 872 
335 312 80 81 313 1488 683 688 1493 336 331 1609 84 698 337 709 1625 1662 1626 710 1667 
336 1488 683 688 1493 1489 684 689 1494 1662 1626 1612 710 700 1667 711 1628 1663 1629 712 1668 
337 1489 684 689 1494 1490 685 690 1495 1663 1629 1615 712 702 1668 713 1631 1664 1632 714 1669 
338 1490 685 690 1495 1491 686 691 1496 1664 1632 1618 714 704 1669 715 1634 1665 1635 716 1670 
339 1491 686 691 1496 1492 687 692 1497 1665 1635 1621 716 706 1670 717 1637 1666 1638 718 1671 
340 1492 687 692 1497 848 184 185 849 1666 1638 1624 718 708 1671 719 1640 872 867 188 873 
341 313 81 82 314 1493 688 693 1498 337 333 1625 85 709 338 720 1641 1667 1642 721 1672 
342 1493 688 693 1498 1494 689 694 1499 1667 1642 1628 721 711 1672 722 1644 1668 1645 723 1673 
343 1494 689 694 1499 1495 690 695 1500 1668 1645 1631 723 713 1673 724 1647 1669 1648 725 1674 
344 1495 690 695 1500 1496 691 696 1501 1669 1648 1634 725 715 1674 726 1650 1670 1651 727 1675 
345 1496 691 696 1501 1497 692 697 1502 1670 1651 1637 727 717 1675 728 1653 1671 1654 729 1676 
346 1497 692 697 1502 849 185 186 850 1671 1654 1640 729 719 1676 730 1656 873 869 189 874 
347 314 82 6 47 1498 693 173 746 338 335 1641 86 720 51 178 774 1672 1657 731 784 
348 1498 693 173 746 1499 694 174 747 1672 1657 1644 731 722 784 179 776 1673 1658 732 785 
349 1499 694 174 747 1500 695 175 748 1673 1658 1647 732 724 785 180 778 1674 1659 733 786 
350 1500 695 175 748 1501 696 176 749 1674 1659 1650 733 726 786 181 780 1675 1660 734 787 
351 1501 696 176 749 1502 697 177 750 1675 1660 1653 734 728 787 182 782 1676 1661 735 788 
352 1502 697 177 750 850 186 13 204 1676 1661 1656 735 730 788 183 783 874 871 190 208 
3 3 17 96
353 2 24 339 80 112 491 1677 683 27 83 117 348 507 349 1722 698 506 699 1723 1724 
354 112 491 1677 683 113 492 1678 684 506 699 118 1723 509 1724 1725 700 508 701 1726 1727 
355 113 492 1678 684 114 493 1679 685 508 701 119 1726 511 1727 1728 702 510 703 1729 1730 
356 114 493 1679 685 115 494 1680 686 510 703 120 1729 513 1730 1731 704 512 705 1732 1733 
357 115 494 1680 686 116 495 1681 687 512 705 121 1732 515 1733 1734 706 514 707 1735 1736 
358 116 495 1681 687 10 141 981 184 514 707 122 1735 516 1736 1737 708 144 187 990 991 
359 80 339 340 81 683 1677 1682 688 349 84 698 350 1722 351 1738 709 1724 710 1739 1740 
360 683 1677 1682 688 684 1678 1683 689 1724 710 700 1739 1725 1740 1741 711 1727 712 1742 1743 
361 684 1678 1683 689 685 1679 1684 690 1727 712 702 1742 1728 1743 1744 713 1730 714 1745 1746 
362 685 1679 1684 690 686 1680 1685 691 1730 714 704 1745 1731 1746 1747 715 1733 716 1748 1749 
363 686 1680 1685 691 687 1681 1686 692 1733 716 706 1748 1734 1749 1750 717 1736 718 1751 1752 
364 687 1681 1686 692 184 981 982 185 1736 718 708 1751 1737 1752 1753 719 991 188 992 993 
365 81 340 341 82 688 1682 1687 693 351 85 709 352 1738 353 1754 720 1740 721 1755 1756 
366 688 1682 1687 693 689 1683 1688 694 1740 721 711 1755 1741 1756 1757 722 1743 723 1758 1759 
367 689 1683 1688 694 690 1684 1689 695 1743 723 713 1758 1744 1759 1760 724 1746 725 1761 1762 
368 690 1684 1689 695 691 1685 1690 696 1746 725 715 1761 1747 1762 1763 726 1749 727 1764 1765 
369 691 1685 1690 696 692 1686 1691 697 1749 727 717 1764 1750 1765 1766 728 1752 729 1767 1768 
370 692 1686 1691 697 185 982 983 186 1752 729 719 1767 1753 1768 1769 730 993 189 994 995 
371 82 341 52 6 693 1687 928 173 353 86 720 354 1754 55 944 178 1756 731 1770 943 
372 693 1687 928 173 694 1688 929 174 1756 731 722 1770 1757 943 946 179 1759 732 1771 945 
373 694 1688 929 174 695 1689 930 175 1759 732 724 1771 1760 945 948 180 1762 733 1772 947 
374 695 1689 930 175 696 1690 931 176 1762 733 726 1772 1763 947 950 181 1765 734 1773 949 
375 696 1690 931 176 697 1691 932 177 1765 734 728 1773 1766 949 952 182 1768 735 1774 951 
376 697 1691 932 177 186 983 234 13 1768 735 730 1774 1769 951 953 183 995 190 996 237 
377 24 25 342 339 491 496 1692 1677 28 348 507 355 518 356 1775 1722 517 1723 1776 1777 
378 491 496 1692 1677 492 497 1693 1678 517 1723 509 1776 520 1777 1778 1725 519 1726 1779 1780 
379 492 497 1693 1678 493 498 1694 1679 519 1726 511 1779 522 1780 1781 1728 521 1729 1782 1783 
380 493 498 1694 1679 494 499 1695 1680 521 1729 513 1782 524 1783 1784 1731 523 1732 1785 1786 
381 494 499 1695 1680 495 500 1696 1681 523 1732 515 1785 526 1786 1787 1734 525 1735 1788 1789 
382 495 500 1696 1681 141 142 984 981 525 1735 516 1788 527 1789 1790 1737 145 990 997 998 
383 339 342 343 340 1677 1692 1697 1682 356 350 1722 357 1775 358 1791 1738 1777 1739 1792 1793 
384 1677 1692 1697 1682 1678 1693 1698 1683 1777 1739 1725 1792 1778 1793 1794 1741 1780 1742 1795 1796 
385 1678 1693 1698 1683 1679 1694 1699 1684 1780 1742 1728 1795 1781 1796 1797 1744 1783 1745 1798 1799 
386 1679 1694 1699 1684 1680 1695 1700 1685 1783 1745 1731 1798 1784 1799 1800 1747 1786 1748 1801 1802 
387 1680 1695 1700 1685 1681 1696 1701 1686 1786 1748 1734 1801 1787 1802 1803 1750 1789 1751 1804 1805 
388 1681 1696 1701 1686 981 984 985 982 1789 1751 1737 1804 1790 1805 1806 1753 998 992 999 1000 
389 340 343 344 341 1682 1697 1702 1687 358 352 1738 359 1791 360 1807 1754 1793 1755 1808 1809 
390 1682 1697 1702 1687 1683 1698 1703 1688 1793 1755 1741 1808 1794 1809 1810 1757 1796 1758 1811 1812 
391 1683 1698 1703 1688 1684 1699 1704 1689 1796 1758 1744 1811 1797 1812 1813 1760 1799 1761 1814 1815 
392 1684 1699 1704 1689 1685 1700 1705 1690 1799 1761 1747 1814 1800 1815 1816 1763 1802 1764 1817 1818 
393 1685 1700 1705 1690 1686 1701 1706 1691 1802 1764 1750 1817 1803 1818 1819 1766 1805 1767 1820 1821 
394 1686 1701 1706 1691 982 985 986 983 1805 1767 1753 1820 1806 1821 1822 1769 1000 994 1001 1002 
395 341 344 53 52 1687 1702 933 928 360 354 1754 361 1807 56 955 944 1809 1770 1823 954 
396 1687 1702 933 928 1688 1703 934 929 1809 1770 1757 1823 1810 954 957 946 1812 1771 1824 956 
397 1688 1703 934 929 1689 1704 935 930 1812 1771 1760 1824 1813 956 959 948 1815 1772 1825 958 
398 1689 1704 935 930 1690 1705 936 931 1815 1772 1763 1825 1816 958 961 950 1818 1773 1826 960 
399 1690 1705 936 931 1691 1706 937 932 1818 1773 1766 1826 1819 960 963 952 1821 1774 1827 962 
400 1691 1706 937 932 983 986 235 234 1821 1774 1769 1827 1822 962 964 953 1002 996 1003 238 
401 25 26 345 342 496 501 1707 1692 29 355 518 362 529 363 1828 1775 528 1776 1829 1830 
402 496 501 1707 1692 497 502 1708 1693 528 1776 520 1829 531 1830 1831 1778 530 1779 1832 1833 
403 497 502 1708 1693 498 503 1709 1694 530 1779 522 1832 533 1833 1834 1781 532 1782 1835 1836 
404 498 503 1709 1694 499 504 1710 1695 532 1782 524 1835 535 1836 1837 1784 534 1785 1838 1839 
405 499 504 1710 1695 500 505 1711 1696 534 1785 526 1838 537 1839 1840 1787 536 1788 1841 1842 
406 500 505 1711 1696 142 143 987 984 536 1788 527 1841 538 1842 1843 1790 146 997 1004 1005 
407 342 345 346 343 1692 1707 1712 1697 363 357 1775 364 1828 365 1844 1791 1830 1792 1845 1846 
408 1692 1707 1712 1697 1693 1708 1713 1698 1830 1792 1778 1845 1831 1846 1847 1794 1833 1795 1848 1849 
409 1693 1708 1713 1698 1694 1709 1714 1699 1833 1795 1781 1848 1834 1849 1850 1797 1836 1798 1851 1852 
410 1694 1709 1714 1699 1695 1710 1715 1700 1836 1798 1784 1851 1837 1852 1853 1800 1839 1801 1854 1855 
411 1695 1710 1715 1700 1696 1711 1716 1701 1839 1801 1787 1854 1840 1855 1856 1803 1842 1804 1857 1858 
412 1696 1711 1716 1701 984 987 988 985 1842 1804 1790 1857 1843 1858 1859 1806 1005 999 1006 1007 
413 343 346 347 344 1697 1712 1717 1702 365 359 1791 366 1844 367 1860 1807 1846 1808 1861 1862 
414 1697 1712 1717 1702 1698 1713 1718 1703 1846 1808 1794 1861 1847 1862 1863 1810 1849 1811 1864 1865 
415 1698 1713 1718 1703 1699 1714 1719 1704 1849 1811 1797 1864 1850 1865 1866 1813 1852 1814 1867 1868 
416 1699 1714 1719 1704 1700 1715 1720 1705 1852 1814 1800 1867 1853 1868 1869 1816 1855 1817 1870 1871 
417 1700 1715 1720 1705 1701 1716 1721 1706 1855 1817 1803 1870 1856 1871 1872 1819 1858 1820 1873 1874 
418 1701 1716 1721 1706 985 988 989 986 1858 1820 1806 1873 1859 1874 1875 1822 1007 1001 1008 1009 
419 344 347 54 53 1702 1717 938 933 367 361 1807 368 1860 57 966 955 1862 1823 1876 965 
420 1702 1717 938 933 1703 1718 939 934 1862 1823 1810 1876 1863 965 968 957 1865 1824 1877 967 
421 1703 1718 939 934 1704 1719 940 935 1865 1824 1813 1877 1866 967 970 959 1868 1825 1878 969 
422 1704 1719 940 935 1705 1720 941 936 1868 1825 1816 1878 1869 969 972 961 1871 1826 1879 971 
423 1705 1720 941 936 1706 1721 942 937 1871 1826 1819 1879 1872 971 974 963 1874 1827 1880 973 
424 1706 1721 942 937 986 989 236 235 1874 1827 1822 1880 1875 973 975 964 1009 1003 1010 239 
425 26 3 87 345 501 130 875 1707 30 362 529 90 135 369 890 1828 539 1829 891 1881 
426 501 130 875 1707 502 131 876 1708 539 1829 531 891 136 1881 892 1831 540 1832 893 1882 
427 502 131 876 1708 503 132 877 1709 540 1832 533 893 137 1882 894 1834 541 1835 895 1883 
428 503 132 877 1709 504 133 878 1710 541 1835 535 895 138 1883 896 1837 542 1838 897 1884 
429 504 133 878 1710 505 134 879 1711 542 1838 537 897 139 1884 898 1840 543 1841 899 1885 
430 505 134 879 1711 143 11 227 987 543 1841 538 899 140 1885 900 1843 147 1004 230 1011 
431 345 87 88 346 1707 875 880 1712 369 364 1828 91 890 370 901 1844 1881 1845 902 1886 
432 1707 875 880 1712 1708 876 881 1713 1881 1845 1831 902 892 1886 903 1847 1882 1848 904 1887 
433 1708 876 881 1713 1709 877 882 1714 1882 1848 1834 904 894 1887 905 1850 1883 1851 906 1888 
434 1709 877 882 1714 1710 878 883 1715 1883 1851 1837 906 896 1888 907 1853 1884 1854 908 1889 
435 1710 878 883 1715 1711 879 884 1716 1884 1854 1840 908 898 1889 909 1856 1885 1857 910 1890 
436 1711 879 884 1716 987 227 228 988 1885 1857 1843 910 900 1890 911 1859 1011 1006 231 1012 
437 346 88 89 347 1712 880 885 1717 370 366 1844 92 901 371 912 1860 1886 1861 913 1891 
438 1712 880 885 1717 1713 881 886 1718 1886 1861 1847 913 903 1891 914 1863 1887 1864 915 1892 
439 1713 881 886 1718 1714 882 887 1719 1887 1864 1850 915 905 1892 916 1866 1888 1867 917 1893 
440 1714 882 887 1719 1715 883 888 1720 1888 1867 1853 917 907 1893 918 1869 1889 1870 919 1894 
441 1715 883 888 1720 1716 884 889 1721 1889 1870 1856 919 909 1894 920 1872 1890 1873 921 1895 
442 1716 884 889 1721 988 228 229 989 1890 1873 1859 921 911 1895 922 1875 1012 1008 232 1013 
443 347 89 7 54 1717 885 216 938 371 368 1860 93 912 58 221 966 1891 1876 923 976 
444 1717 885 216 938 1718 886 217 939 1891 1876 1863 923 914 976 222 968 1892 1877 924 977 
445 1718 886 217 939 1719 887 218 940 1892 1877 1866 924 916 977 223 970 1893 1878 925 978 
446 1719 887 218 940 1720 888 219 941 1893 1878 1869 925 918 978 224 972 1894 1879 926 979 
447 1720 888 219 941 1721 889 220 942 1894 1879 1872 926 920 979 225 974 1895 1880 927 980 
448 1721 889 220 942 989 229 15 236 1895 1880 1875 927 922 980 226 975 1013 1010 233 240 
3 4 17 96
449 3 31 372 87 130 544 1896 875 34 90 135 381 560 382 1941 890 559 891 1942 1943 
450 130 544 1896 875 131 545 1897 876 559 891 136 1942 562 1943 1944 892 561 893 1945 1946 
451 131 545 1897 876 132 546 1898 877 561 893 137 1945 564 1946 1947 894 563 895 1948 1949 
452 132 546 1898 877 133 547 1899 878 563 895 138 1948 566 1949 1950 896 565 897 1951 1952 
453 133 547 1899 878 134 548 1900 879 565 897 139 1951 568 1952 1953 898 567 899 1954 1955 
454 134 548 1900 879 11 159 1120 227 567 899 140 1954 569 1955 1956 900 162 230 1129 1130 
455 87 372 373 88 875 1896 1901 880 382 91 890 383 1941 384 1957 901 1943 902 1958 1959 
456 875 1896 1901 880 876 1897 1902 881 1943 902 892 1958 1944 1959 1960 903 1946 904 1961 1962 
457 876 1897 1902 881 877 1898 1903 882 1946 904 894 1961 1947 1962 1963 905 1949 906 1964 1965 
458 877 1898 1903 882 878 1899 1904 883 1949 906 896 1964 1950 1965 1966 907 1952 908 1967 1968 
459 878 1899 1904 883 879 1900 1905 884 1952 908 898 1967 1953 1968 1969 909 1955 910 1970 1971 
460 879 1900 1905 884 227 1120 1121 228 1955 910 900 1970 1956 1971 1972 911 1130 231 1131 1132 
461 88 373 374 89 880 1901 1906 885 384 92 901 385 1957 386 1973 912 1959 913 1974 1975 
462 880 1901 1906 885 881 1902 1907 886 1959 913 903 1974 1960 1975 1976 914 1962 915 1977 1978 
463 881 1902 1907 886 882 1903 1908 887 1962 915 905 1977 1963 1978 1979 916 1965 917 1980 1981 
464 882 1903 1908 887 883 1904 1909 888 1965 917 907 1980 1966 1981 1982 918 1968 919 1983 1984 
465 883 1904 1909 888 884 1905 1910 889 1968 919 909 1983 1969 1984 1985 920 1971 921 1986 1987 
466 884 1905 1910 889 228 1121 1122 229 1971 921 911 1986 1972 1987 1988 922 1132 232 1133 1134 
467 89 374 59 7 885 1906 1067 216 386 93 912 387 1973 62 1083 221 1975 923 1989 1082 
468 885 1906 1067 216 886 1907 1068 217 1975 923 914 1989 1976 1082 1085 222 1978 924 1990 1084 
469 886 1907 1068 217 887 1908 1069 218 1978 924 916 1990 1979 1084 1087 223 1981 925 1991 1086 
470 887 1908 1069 218 888 1909 1070 219 1981 925 918 1991 1982 1086 1089 224 1984 926 1992 1088 
471 888 1909 1070 219 889 1910 1071 220 1984 926 920 1992 1985 1088 1091 225 1987 927 1993 1090 
472 889 1910 1071 220 229 1122 259 15 1987 927 922 1993 1988 1090 1092 226 1134 233 1135 262 
473 31 32 375 372 544 549 1911 1896 35 381 560 388 571 389 1994 1941 570 1942 1995 1996 
474 544 549 1911 1896 545 550 1912 1897 570 1942 562 1995 573 1996 1997 1944 572 1945 1998 1999 
475 545 550 1912 1897 546 551 1913 1898 572 1945 564 1998 575 1999 2000 1947 574 1948 2001 2002 
476 546 551 1913 1898 547 552 1914 1899 574 1948 566 2001 577 2002 2003 1950 576 1951 2004 2005 
477 547 552 1914 1899 548 553 1915 1900 576 1951 568 2004 579 2005 2006 1953 578 1954 2007 2008 
478 548 553 1915 1900 159 160 1123 1120 578 1954 569 2007 580 2008 2009 1956 163 1129 1136 1137 
479 372 375 376 373 1896 1911 1916 1901 389 383 1941 390 1994 391 2010 1957 1996 1958 2011 2012 
480 1896 1911 1916 1901 1897 1912 1917 1902 1996 1958 1944 2011 1997 2012 2013 1960 1999 1961 2014 2015 
481 1897 1912 1917 1902 1898 1913 1918 1903 1999 1961 1947 2014 2000 2015 2016 1963 2002 1964 2017 2018 
482 1898 1913 1918 1903 1899 1914 1919 1904 2002 1964 1950 2017 2003 2018 2019 1966 2005 1967 2020 2021 
483 1899 1914 1919 1904 1900 1915 1920 1905 2005 1967 1953 2020 2006 2021 2022 1969 2008 1970 2023 2024 
484 1900 1915 1920 1905 1120 1123 1124 1121 2008 1970 1956 2023 2009 2024 2025 1972 1137 1131 1138 1139 
485 373 376 377 374 1901 1916 1921 1906 391 385 1957 392 2010 393 2026 1973 2012 1974 2027 2028 
486 1901 1916 1921 1906 1902 1917 1922 1907 2012 1974 1960 2027 2013 2028 2029 1976 2015 1977 2030 2031 
487 1902 1917 1922 1907 1903 1918 1923 1908 2015 1977 1963 2030 2016 2031 2032 1979 2018 1980 2033 2034 
488 1903 1918 1923 1908 1904 1919 1924 1909 2018 1980 1966 2033 2019 2034 2035 1982 2021 1983 2036 2037 
489 1904 1919 1924 1909 1905 1920 1925 1910 2021 1983 1969 2036 2022 2037 2038 1985 2024 1986 2039 2040 
490 1905 1920 1925 1910 1121 1124 1125 1122 2024 1986 1972 2039 2025 2040 2041 1988 1139 1133 1140 1141 
491 374 377 60 59 1906 1921 1072 1067 393 387 1973 394 2026 63 1094 1083 2028 1989 2042 1093 
492 1906 1921 1072 1067 1907 1922 1073 1068 2028 1989 1976 2042 2029 1093 1096 1085 2031 1990 2043 1095 
493 1907 1922 1073 1068 1908 1923 1074 1069 2031 1990 1979 2043 2032 1095 1098 1087 2034 1991 2044 1097 
494 1908 1923 1074 1069 1909 1924 1075 1070 2034 1991 1982 2044 2035 1097 1100 1089 2037 1992 2045 1099 
495 1909 1924 1075 1070 1910 1925 1076 1071 2037 1992 1985 2045 2038 1099 1102 1091 2040 1993 2046 1101 
496 1910 1925 1076 1071 1122 1125 260 259 2040 1993 1988 2046 2041 1101 1103 1092 1141 1135 1142 263 
497 32 33 378 375 549 554 1926 1911 36 388 571 395 582 396 2047 1994 581 1995 2048 2049 
498 549 554 1926 1911 550 555 1927 1912 581 1995 573 2048 584 2049 2050 1997 583 1998 2051 2052 
499 550 555 1927 1912 551 556 1928 1913 583 1998 575 2051 586 2052 2053 2000 585 2001 2054 2055 
500 551 556 1928 1913 552 557 1929 1914 585 2001 577 2054 588 2055 2056 2003 587 2004 2057 2058 
501 552 557 1929 1914 553 558 1930 1915 587 2004 579 2057 590 2058 2059 2006 589 2007 2060 2061 
502 553 558 1930 1915 160 161 1126 1123 589 2007 580 2060 591 2061 2062 2009 164 1136 1143 1144 
503 375 378 379 376 1911 1926 1931 1916 396 390 1994 397 2047 398 2063 2010 2049 2011 2064 2065 
504 1911 1926 1931 1916 1912 1927 1932 1917 2049 2011 1997 2064 2050 2065 2066 2013 2052 2014 2067 2068 
505 1912 1927 1932 1917 1913 1928 1933 1918 2052 2014 2000 2067 2053 2068 2069 2016 2055 2017 2070 2071 
506 1913 1928 1933 1918 1914 1929 1934 1919 2055 2017 2003 2070 2056 2071 2072 2019 2058 2020 2073 2074 
507 1914 1929 1934 1919 1915 1930 1935 1920 2058 2020 2006 2073 2059 2074 2075 2022 2061 2023 2076 2077 
508 1915 1930 1935 1920 1123 1126 1127 1124 2061 2023 2009 2076 2062 2077 2078 2025 1144 1138 1145 1146 
509 376 379 380 377 1916 1931 1936 1921 398 392 2010 399 2063 400 2079 2026 2065 2027 2080 2081 
510 1916 1931 1936 1921 1917 1932 1937 1922 2065 2027 2013 2080 2066 2081 2082 2029 2068 2030 2083 2084 
511 1917 1932 1937 1922 1918 1933 1938 1923 2068 2030 2016 2083 2069 2084 2085 2032 2071 2033 2086 2087 
512 1918 1933 1938 1923 1919 1934 1939 1924 2071 2033 2019 2086 2072 2087 2088 2035 2074 2036 2089 2090 
513 1919 1934 1939 1924 1920 1935 1940 1925 2074 2036 2022 2089 2075 2090 2091 2038 2077 2039 2092 2093 
514 1920 1935 1940 1925 1124 1127 1128 1125 2077 2039 2025 2092 2078 2093 2094 2041 1146 1140 1147 1148 
515 377 380 61 60 1921 1936 1077 1072 400 394 2026 401 2079 64 1105 1094 2081 2042 2095 1104 
516 1921 1936 1077 1072 1922 1937 1078 1073 2081 2042 2029 2095 2082 1104 1107 1096 2084 2043 2096 1106 
517 1922 1937 1078 1073 1923 1938 1079 1074 2084 2043 2032 2096 2085 1106 1109 1098 2087 2044 2097 1108 
518 1923 1938 1079 1074 1924 1939 1080 1075 2087 2044 2035 2097 2088 1108 1111 1100 2090 2045 2098 1110 
519 1924 1939 1080 1075 1925 1940 1081 1076 2090 2045 2038 2098 2091 1110 1113 1102 2093 2046 2099 1112 
520 1925 1940 1081 1076 1125 1128 261 260 2093 2046 2041 2099 2094 1112 1114 1103 1148 1142 1149 264 
521 33 4 94 378 554 148 1014 1926 37 395 582 97 153 402 1029 2047 592 2048 1030 2100 
522 554 148 1014 1926 555 149 1015 1927 592 2048 584 1030 154 2100 1031 2050 593 2051 1032 2101 
523 555 149 1015 1927 556 150 1016 1928 593 2051 586 1032 155 2101 1033 2053 594 2054 1034 2102 
524 556 150 1016 1928 557 151 1017 1929 594 2054 588 1034 156 2102 1035 2056 595 2057 1036 2103 
525 557 151 1017 1929 558 152 1018 1930 595 2057 590 1036 157 2103 1037 2059 596 2060 1038 2104 
526 558 152 1018 1930 161 12 252 1126 596 2060 591 1038 158 2104 1039 2062 165 1143 255 1150 
527 378 94 95 379 1926 1014 1019 1931 402 397 2047 98 1029 403 1040 2063 2100 2064 1041 2105 
528 1926 1014 1019 1931 1927 1015 1020 1932 2100 2064 2050 1041 1031 2105 1042 2066 2101 2067 1043 2106 
529 1927 1015 1020 1932 1928 1016 1021 1933 2101 2067 2053 1043 1033 2106 1044 2069 2102 2070 1045 2107 
530 1928 1016 1021 1933 1929 1017 1022 1934 2102 2070 2056 1045 1035 2107 1046 2072 2103 2073 1047 2108 
531 1929 1017 1022 1934 1930 1018 1023 1935 2103 2073 2059 1047 1037 2108 1048 2075 2104 2076 1049 2109 
532 1930 1018 1023 1935 1126 252 253 1127 2104 2076 2062 1049 1039 2109 1050 2078 1150 1145 256 1151 
533 379 95 96 380 1931 1019 1024 1936 403 399 2063 99 1040 404 1051 2079 2105 2080 1052 2110 
534 1931 1019 1024 1936 1932 1020 1025 1937 2105 2080 2066 1052 1042 2110 1053 2082 2106 2083 1054 2111 
535 1932 1020 1025 1937 1933 1021 1026 1938 2106 2083 2069 1054 1044 2111 1055 2085 2107 2086 1056 2112 
536 1933 1021 1026 1938 1934 1022 1027 1939 2107 2086 2072 1056 1046 2112 1057 2088 2108 2089 1058 2113 
537 1934 1022 1027 1939 1935 1023 1028 1940 2108 2089 2075 1058 1048 2113 1059 2091 2109 2092 1060 2114 
538 1935 1023 1028 1940 1127 253 254 1128 2109 2092 2078 1060 1050 2114 1061 2094 1151 1147 257 1152 
539 380 96 8 61 1936 1024 241 1077 404 401 2079 100 1051 65 246 1105 2110 2095 1062 1115 
540 1936 1024 241 1077 1937 1025 242 1078 2110 2095 2082 1062 1053 1115 247 1107 2111 2096 1063 1116 
541 1937 1025 242 1078 1938 1026 243 1079 2111 2096 2085 1063 1055 1116 248 1109 2112 2097 1064 1117 
542 1938 1026 243 1079 1939 1027 244 1080 2112 2097 2088 1064 1057 1117 249 1111 2113 2098 1065 1118 
543 1939 1027 244 1080 1940 1028 245 1081 2113 2098 2091 1065 1059 1118 250 1113 2114 2099 1066 1119 
544 1940 1028 245 1081 1128 254 16 261 2114 2099 2094 1066 1061 1119 251 1114 1152 1149 258 265 
3 5 17 96
545 4 38 405 94 148 597 2115 1014 41 97 153 414 613 415 2160 1029 612 1030 2161 2162 
546 148 597 2115 1014 149 598 2116 1015 612 1030 154 2161 615 2162 2163 1031 614 1032 2164 2165 
547 149 598 2116 1015 150 599 2117 1016 614 1032 155 2164 617 2165 2166 1033 616 1034 2167 2168 
548 150 599 2117 1016 151 600 2118 1017 616 1034 156 2167 619 2168 2169 1035 618 1036 2170 2171 
549 151 600 2118 1017 152 601 2119 1018 618 1036 157 2170 621 2171 2172 1037 620 1038 2173 2174 
550 152 601 2119 1018 12 166 1206 252 620 1038 158 2173 622 2174 2175 1039 169 255 1215 1216 
551 94 405 406 95 1014 2115 2120 1019 415 98 1029 416 2160 417 2176 1040 2162 1041 2177 2178 
552 1014 2115 2120 1019 1015 2116 2121 1020 2162 1041 1031 2177 2163 2178 2179 1042 2165 1043 2180 2181 
553 1015 2116 2121 1020 1016 2117 2122 1021 2165 1043 1033 2180 2166 2181 2182 1044 2168 1045 2183 2184 
554 1016 2117 2122 1021 1017 2118 2123 1022 2168 1045 1035 2183 2169 2184 2185 1046 2171 1047 2186 2187 
555 1017 2118 2123 1022 1018 2119 2124 1023 2171 1047 1037 2186 2172 2187 2188 1048 2174 1049 2189 2190 
556 1018 2119 2124 1023 252 1206 1207 253 2174 1049 1039 2189 2175 2190 2191 1050 1216 256 1217 1218 
557 95 406 407 96 1019 2120 2125 1024 417 99 1040 418 2176 419 2192 1051 2178 1052 2193 2194 
558 1019 2120 2125 1024 1020 2121 2126 1025 2178 1052 1042 2193 2179 2194 2195 1053 2181 1054 2196 2197 
559 1020 2121 2126 1025 1021 2122 2127 1026 2181 1054 1044 2196 2182 2197 2198 1055 2184 1056 2199 2200 
560 1021 2122 2127 1026 1022 2123 2128 1027 2184 1056 1046 2199 2185 2200 2201 1057 2187 1058 2202 2203 
561 1022 2123 2128 1027 1023 2124 2129 1028 2187 1058 1048 2202 2188 2203 2204 1059 2190 1060 2205 2206 
562 1023 2124 2129 1028 253 1207 1208 254 2190 1060 1050 2205 2191 2206 2207 1061 1218 257 1219 1220 
563 96 407 66 8 1024 2125 1153 241 419 100 1051 420 2192 69 1169 246 2194 1062 2208 1168 
564 1024 2125 1153 241 1025 2126 1154 242 2194 1062 1053 2208 2195 1168 1171 247 2197 1063 2209 1170 
565 1025 2126 1154 242 1026 2127 1155 243 2197 1063 1055 2209 2198 1170 1173 248 2200 1064 2210 1172 
566 1026 2127 1155 243 1027 2128 1156 244 2200 1064 1057 2210 2201 1172 1175 249 2203 1065 2211 1174 
567 1027 2128 1156 244 1028 2129 1157 245 2203 1065 1059 2211 2204 1174 1177 250 2206 1066 2212 1176 
568 1028 2129 1157 245 254 1208 266 16 2206 1066 1061 2212 2207 1176 1178 251 1220 258 1221 269 
569 38 39 408 405 597 602 2130 2115 42 414 613 421 624 422 2213 2160 623 2161 2214 2215 
570 597 602 2130 2115 598 603 2131 2116 623 2161 615 2214 626 2215 2216 2163 625 2164 2217 2218 
571 598 603 2131 2116 599 604 2132 2117 625 2164 617 2217 628 2218 2219 2166 627 2167 2220 2221 
572 599 604 2132 2117 600 605 2133 2118 627 2167 619 2220 630 2221 2222 2169 629 2170 2223 2224 
573 600 605 2133 2118 601 606 2134 2119 629 2170 621 2223 632 2224 2225 2172 631 2173 2226 2227 
574 601 606 2134 2119 166 167 1209 1206 631 2173 622 2226 633 2227 2228 2175 170 1215 1222 1223 
575 405 408 409 406 2115 2130 2135 2120 422 416 2160 423 2213 424 2229 2176 2215 2177 2230 2231 
576 2115 2130 2135 2120 2116 2131 2136 2121 2215 2177 2163 2230 2216 2231 2232 2179 2218 2180 2233 2234 
577 2116 2131 2136 2121 2117 2132 2137 2122 2218 2180 2166 2233 2219 2234 2235 2182 2221 2183 2236 2237 
578 2117 2132 2137 2122 2118 2133 2138 2123 2221 2183 2169 2236 2222 2237 2238 2185 2224 2186 2239 2240 
579 2118 2133 2138 2123 2119 2134 2139 2124 2224 2186 2172 2239 2225 2240 2241 2188 2227 2189 2242 2243 
580 2119 2134 2139 2124 1206 1209 1210 1207 2227 2189 2175 2242 2228 2243 2244 2191 1223 1217 1224 1225 
581 406 409 410 407 2120 2135 2140 2125 424 418 2176 425 2229 426 2245 2192 2231 2193 2246 2247 
582 2120 2135 2140 2125 2121 2136 2141 2126 2231 2193 2179 2246 2232 2247 2248 2195 2234 2196 2249 2250 
583 2121 2136 2141 2126 2122 2137 2142 2127 2234 2196 2182 2249 2235 2250 2251 2198 2237 2199 2252 2253 
584 2122 2137 2142 2127 2123 2138 2143 2128 2237 2199 2185 2252 2238 2253 2254 2201 2240 2202 2255 2256 
585 2123 2138 2143 2128 2124 2139 2144 2129 2240 2202 2188 2255 2241 2256 2257 2204 2243 2205 2258 2259 
586 2124 2139 2144 2129 1207 1210 1211 1208 2243 2205 2191 2258 2244 2259 2260 2207 1225 1219 1226 1227 
587 407 410 67 66 2125 2140 1158 1153 426 420 2192 427 2245 70 1180 1169 2247 2208 2261 1179 
588 2125 2140 1158 1153 2126 2141 1159 1154 2247 2208 2195 2261 2248 1179 1182 1171 2250 2209 2262 1181 
589 2126 2141 1159 1154 2127 2142 1160 1155 2250 2209 2198 2262 2251 1181 1184 1173 2253 2210 2263 1183 
590 2127 2142 1160 1155 2128 2143 1161 1156 2253 2210 2201 2263 2254 1183 1186 1175 2256 2211 2264 1185 
591 2128 2143 1161 1156 2129 2144 1162 1157 2256 2211 2204 2264 2257 1185 1188 1177 2259 2212 2265 1187 
592 2129 2144 1162 1157 1208 1211 267 266 2259 2212 2207 2265 2260 1187 1189 1178 1227 1221 1228 270 
593 39 40 411 408 602 607 2145 2130 43 421 624 428 635 429 2266 2213 634 2214 2267 2268 
594 602 607 2145 2130 603 608 2146 2131 634 2214 626 2267 637 2268 2269 2216 636 2217 2270 2271 
595 603 608 2146 2131 604 609 2147 2132 636 2217 628 2270 639 2271 2272 2219 638 2220 2273 2274 
596 604 609 2147 2132 605 610 2148 2133 638 2220 630 2273 641 2274 2275 2222 640 2223 2276 2277 
597 605 610 2148 2133 606 611 2149 2134 640 2223 632 2276 643 2277 2278 2225 642 2226 2279 2280 
598 606 611 2149 2134 167 168 1212 1209 642 2226 633 2279 644 2280 2281 2228 171 1222 1229 1230 
599 408 411 412 409 2130 2145 2150 2135 429 423 2213 430 2266 431 2282 2229 2268 2230 2283 2284 
600 2130 2145 2150 2135 2131 2146 2151 2136 2268 2230 2216 2283 2269 2284 2285 2232 2271 2233 2286 2287 
601 2131 2146 2151 2136 2132 2147 2152 2137 2271 2233 2219 2286 2272 2287 2288 2235 2274 2236 2289 2290 
602 2132 2147 2152 2137 2133 2148 2153 2138 2274 2236 2222 2289 2275 2290 2291 2238 2277 2239 2292 2293 
603 2133 2148 2153 2138 2134 2149 2154 2139 2277 2239 2225 2292 2278 2293 2294 2241 2280 2242 2295 2296 
604 2134 2149 2154 2139 1209 1212 1213 1210 2280 2242 2228 2295 2281 2296 2297 2244 1230 1224 1231 1232 
605 409 412 413 410 2135 2150 2155 2140 431 425 2229 432 2282 433 2298 2245 2284 2246 2299 2300 
606 2135 2150 2155 2140 2136 2151 2156 2141 2284 2246 2232 2299 2285 2300 2301 2248 2287 2249 2302 2303 
607 2136 2151 2156 2141 2137 2152 2157 2142 2287 2249 2235 2302 2288 2303 2304 2251 2290 2252 2305 2306 
608 2137 2152 2157 2142 2138 2153 2158 2143 2290 2252 2238 2305 2291 2306 2307 2254 2293 2255 2308 2309 
609 2138 2153 2158 2143 2139 2154 2159 2144 2293 2255 2241 2308 2294 2309 2310 2257 2296 2258 2311 2312 
610 2139 2154 2159 2144 1210 1213 1214 1211 2296 2258 2244 2311 2297 2312 2313 2260 1232 1226 1233 1234 
611 410 413 68 67 2140 2155 1163 1158 433 427 2245 434 2298 71 1191 1180 2300 2261 2314 1190 
612 2140 2155 1163 1158 2141 2156 1164 1159 2300 2261 2248 2314 2301 1190 1193 1182 2303 2262 2315 1192 
613 2141 2156 1164 1159 2142 2157 1165 1160 2303 2262 2251 2315 2304 1192 1195 1184 2306 2263 2316 1194 
614 2142 2157 1165 1160 2143 2158 1166 1161 2306 2263 2254 2316 2307 1194 1197 1186 2309 2264 2317 1196 
615 2143 2158 1166 1161 2144 2159 1167 1162 2309 2264 2257 2317 2310 1196 1199 1188 2312 2265 2318 1198 
616 2144 2159 1167 1162 1211 1214 268 267 2312 2265 2260 2318 2313 1198 1200 1189 1234 1228 1235 271 
617 40 1 73 411 607 101 789 2145 44 428 635 76 106 435 805 2266 645 2267 804 2319 
618 607 101 789 2145 608 102 790 2146 645 2267 637 804 107 2319 807 2269 646 2270 806 2320 
619 608 102 790 2146 609 103 791 2147 646 2270 639 806 108 2320 809 2272 647 2273 808 2321 
620 609 103 791 2147 610 104 792 2148 647 2273 641 808 109 2321 811 2275 648 2276 810 2322 
621 610 104 792 2148 611 105 793 2149 648 2276 643 810 110 2322 813 2278 649 2279 812 2323 
622 611 105 793 2149 168 9 209 1212 649 2279 644 812 111 2323 814 2281 172 1229 212 1236 
623 411 73 74 412 2145 789 794 2150 435 430 2266 77 805 436 816 2282 2319 2283 815 2324 
624 2145 789 794 2150 2146 790 795 2151 2319 2283 2269 815 807 2324 818 2285 2320 2286 817 2325 
625 2146 790 795 2151 2147 791 796 2152 2320 2286 2272 817 809 2325 820 2288 2321 2289 819 2326 
626 2147 791 796 2152 2148 792 797 2153 2321 2289 2275 819 811 2326 822 2291 2322 2292 821 2327 
627 2148 792 797 2153 2149 793 798 2154 2322 2292 2278 821 813 2327 824 2294 2323 2295 823 2328 
628 2149 793 798 2154 1212 209 210 1213 2323 2295 2281 823 814 2328 825 2297 1236 1231 213 1237 
629 412 74 75 413 2150 794 799 2155 436 432 2282 78 816 437 827 2298 2324 2299 826 2329 
630 2150 794 799 2155 2151 795 800 2156 2324 2299 2285 826 818 2329 829 2301 2325 2302 828 2330 
631 2151 795 800 2156 2152 796 801 2157 2325 2302 2288 828 820 2330 831 2304 2326 2305 830 2331 
632 2152 796 801 2157 2153 797 802 2158 2326 2305 2291 830 822 2331 833 2307 2327 2308 832 2332 
633 2153 797 802 2158 2154 798 803 2159 2327 2308 2294 832 824 2332 835 2310 2328 2311 834 2333 
634 2154 798 803 2159 1213 210 211 1214 2328 2311 2297 834 825 2333 836 2313 1237 1233 214 1238 
635 413 75 5 68 2155 799 191 1163 437 434 2298 79 827 72 196 1191 2329 2314 837 1201 
636 2155 799 191 1163 2156 800 192 1164 2329 2314 2301 837 829 1201 197 1193 2330 2315 838 1202 
637 2156 800 192 1164 2157 801 193 1165 2330 2315 2304 838 831 1202 198 1195 2331 2316 839 1203 
638 2157 801 193 1165 2158 802 194 1166 2331 2316 2307 839 833 1203 199 1197 2332 2317 840 1204 
639 2158 802 194 1166 2159 803 195 1167 2332 2317 2310 840 835 1204 200 1199 2333 2318 841 1205 
640 2159 803 195 1167 1214 211 14 268 2333 2318 2313 841 836 1205 201 1200 1238 1235 215 272 
$EndElements
