$MeshFormat
4.1 0 8
$EndMeshFormat
$PhysicalNames
3
2 1 "bc-bot"
2 2 "bc-top"
3 3 "vol"
$EndPhysicalNames
$Entities
2 3 3 1
1 -1.224646799147353e-18 0.012 0.005 0 
2 -1.224646799147353e-18 0 0.005 0 
1 -0.0050001 0.0119999 -0.0050001 0.0050001 0.0120001 0.0050001 0 2 1 -1 
2 -1.000000000012246e-07 -1.000000000002735e-07 0.0049999 9.999999999877534e-08 0.0120001 0.0050001 0 2 2 -1 
3 -0.0050001 -1e-07 -0.0050001 0.0050001 1e-07 0.0050001 0 2 2 -2 
1 -0.0050001 -1.000000000002735e-07 -0.0050001 0.0050001 0.0120001 0.0050001 0 4 -1 -2 3 2 
2 -0.0050001 0.0119999 -0.0050001 0.0050001 0.0120001 0.0050001 1 2 1 1 
3 -0.0050001 -1e-07 -0.0050001 0.0050001 1e-07 0.0050001 1 1 1 3 
1 -0.0050001 -1.000000000002735e-07 -0.0050001 0.0050001 0.0120001 0.0050001 1 3 3 1 2 -3 
$EndEntities
$Nodes
9 1286 1 1286
0 1 0 1
1
-1.224646799147353e-18 0.012 0.005
0 2 0 1
2
-1.224646799147353e-18 0 0.005
1 1 0 31
3
4
5
6
7
8
9
10
11
12
13
14
15
16
17
18
19
20
21
22
23
24
25
26
27
28
29
30
31
32
33
0.001913417161825444 0.012 0.004619397662556436
0.003535533905932731 0.012 0.003535533905932744
0.004619397662556429 0.012 0.001913417161825461
0.005 0.012 1.695950706916419e-17
0.004619397662556444 0.012 -0.001913417161825426
0.003535533905932758 0.012 -0.003535533905932717
0.001913417161825478 0.012 -0.004619397662556422
3.613946018757869e-17 0.012 -0.005
-0.001913417161825411 0.012 -0.00461939766255645
-0.003535533905932715 0.012 -0.00353553390593276
-0.004619397662556425 0.012 -0.001913417161825472
-0.005 0.012 -2.312294559186364e-17
-0.004619397662556442 0.012 0.00191341716182543
-0.003535533905932745 0.012 0.003535533905932731
-0.001913417161825452 0.012 0.004619397662556432
0.0009754516100806389 0.012 0.004903926402016152
0.002777851165098006 0.012 0.00415734806151273
0.00415734806151272 0.012 0.00277785116509802
0.00490392640201615 0.012 0.0009754516100806558
0.004903926402016157 0.012 -0.0009754516100806203
0.004157348061512742 0.012 -0.002777851165097988
0.002777851165098036 0.012 -0.00415734806151271
0.0009754516100806735 0.012 -0.004903926402016146
-0.0009754516100806027 0.012 -0.00490392640201616
-0.002777851165097982 0.012 -0.004157348061512745
-0.004157348061512712 0.012 -0.002777851165098033
-0.004903926402016148 0.012 -0.0009754516100806651
-0.004903926402016157 0.012 0.0009754516100806197
-0.004157348061512735 0.012 0.002777851165097998
-0.002777851165098015 0.012 0.004157348061512724
-0.0009754516100806437 0.012 0.004903926402016152
1 2 0 11
34
35
36
37
38
39
40
41
42
43
44
-1.224646799147353e-18 0.001999999999999999 0.005
-1.224646799147353e-18 0.003999999999999999 0.005
-1.224646799147353e-18 0.006 0.005
-1.224646799147353e-18 0.008 0.005
-1.224646799147353e-18 0.01 0.005
-1.224646799147353e-18 0.0009999999999999996 0.005
-1.224646799147353e-18 0.002999999999999999 0.005
-1.224646799147353e-18 0.005 0.005
-1.224646799147353e-18 0.007 0.005
-1.224646799147353e-18 0.009000000000000001 0.005
-1.224646799147353e-18 0.011 0.005
1 3 0 31
45
46
47
48
49
50
51
52
53
54
55
56
57
58
59
60
61
62
63
64
65
66
67
68
69
70
71
72
73
74
75
0.001913417161825444 0 0.004619397662556436
0.003535533905932731 0 0.003535533905932744
0.004619397662556429 0 0.001913417161825461
0.005 0 1.695950706916419e-17
0.004619397662556444 0 -0.001913417161825426
0.003535533905932758 0 -0.003535533905932717
0.001913417161825478 0 -0.004619397662556422
3.613946018757869e-17 0 -0.005
-0.001913417161825411 0 -0.00461939766255645
-0.003535533905932715 0 -0.00353553390593276
-0.004619397662556425 0 -0.001913417161825472
-0.005 0 -2.312294559186364e-17
-0.004619397662556442 0 0.00191341716182543
-0.003535533905932745 0 0.003535533905932731
-0.001913417161825452 0 0.004619397662556432
0.0009754516100806389 0 0.004903926402016152
0.002777851165098006 0 0.00415734806151273
0.00415734806151272 0 0.00277785116509802
0.00490392640201615 0 0.0009754516100806558
0.004903926402016157 0 -0.0009754516100806203
0.004157348061512742 0 -0.002777851165097988
0.002777851165098036 0 -0.00415734806151271
0.0009754516100806735 0 -0.004903926402016146
-0.0009754516100806027 0 -0.00490392640201616
-0.002777851165097982 0 -0.004157348061512745
-0.004157348061512712 0 -0.002777851165098033
-0.004903926402016148 0 -0.0009754516100806651
-0.004903926402016157 0 0.0009754516100806197
-0.004157348061512735 0 0.002777851165097998
-0.002777851165098015 0 0.004157348061512724
-0.0009754516100806437 0 0.004903926402016152
2 1 0 429
76
77
78
79
80
81
82
83
84
85
86
87
88
89
90
91
92
93
94
95
96
97
98
99
100
101
102
103
104
105
106
107
108
109
110
111
112
113
114
115
116
117
118
119
120
121
122
123
124
125
126
127
128
129
130
131
132
133
134
135
136
137
138
139
140
141
142
143
144
145
146
147
148
149
150
151
152
153
154
155
156
157
158
159
160
161
162
163
164
165
166
167
168
169
170
171
172
173
174
175
176
177
178
179
180
181
182
183
184
185
186
187
188
189
190
191
192
193
194
195
196
197
198
199
200
201
202
203
204
205
206
207
208
209
210
211
212
213
214
215
216
217
218
219
220
221
222
223
224
225
226
227
228
229
230
231
232
233
234
235
236
237
238
239
240
241
242
243
244
245
246
247
248
249
250
251
252
253
254
255
256
257
258
259
260
261
262
263
264
265
266
267
268
269
270
271
272
273
274
275
276
277
278
279
280
281
282
283
284
285
286
287
288
289
290
291
292
293
294
295
296
297
298
299
300
301
302
303
304
305
306
307
308
309
310
311
312
313
314
315
316
317
318
319
320
321
322
323
324
325
326
327
328
329
330
331
332
333
334
335
336
337
338
339
340
341
342
343
344
345
346
347
348
349
350
351
352
353
354
355
356
357
358
359
360
361
362
363
364
365
366
367
368
369
370
371
372
373
374
375
376
377
378
379
380
381
382
383
384
385
386
387
388
389
390
391
392
393
394
395
396
397
398
399
400
401
402
403
404
405
406
407
408
409
410
411
412
413
414
415
416
417
418
419
420
421
422
423
424
425
426
427
428
429
430
431
432
433
434
435
436
437
438
439
440
441
442
443
444
445
446
447
448
449
450
451
452
453
454
455
456
457
458
459
460
461
462
463
464
465
466
467
468
469
470
471
472
473
474
475
476
477
478
479
480
481
482
483
484
485
486
487
488
489
490
491
492
493
494
495
496
497
498
499
500
501
502
503
504
0.004903926402016156 0.01031320202911043 -0.0009754516100806214
0.001077609146920104 0.002067983804134917 -0.004882495112795724
-0.004903926402016148 0.001686797970889576 -0.0009754516100806651
-0.00277785116509798 0.01031320202910973 -0.004157348061512747
0.004938618734167545 0.002006967817669809 0.0007810537744159197
-0.004903926402016157 0.01031320202911042 0.0009754516100806197
0.0010771381427705 0.009933046886612448 -0.004882599043684513
-0.002797647691404247 0.001548871761223712 -0.004144052050201649
0.00210239717993953 0.007096486347437907 0.004536510343621219
-0.001703675492999734 0.005000056799615044 0.004700796721253974
0.004157348061512742 0.001686797970894656 -0.002777851165097988
0.004176952858243688 0.01065091761953895 0.002748283977322921
-0.004157348061512735 0.001686797970893391 0.002777851165097998
0.001705872210923194 0.002999999999999999 0.004700000000000002
-0.00170587221092333 0.009000000000000001 0.004699999999999952
-0.001703710676709638 0.006996077507933107 0.004700783969729474
-0.003198217741861214 0.005999992576198808 0.003843358332974452
-0.003201034629087706 0.004508053304698913 0.003841012536217674
-0.004307396612363379 0.005009761091662713 0.002538963257670438
-0.00430678212615452 0.00698313838051515 0.002540005456261059
-0.004909668910142028 0.005993019264602622 0.0009461243009165327
-0.004908741776858854 0.004543004204751464 0.0009509227981916223
-0.004943222601521536 0.005017150272376938 -0.0007513656312386534
-0.004943315589070049 0.006973528181613349 -0.0007507536126167025
-0.004408924310424199 0.005997921422125283 -0.00235825919375935
-0.004409490504152136 0.007952735016720634 -0.002357200350795864
-0.003370698365644046 0.00697635228605117 -0.00369301943236758
-0.003369544103727559 0.005023208030939692 -0.003694072621516101
-0.001942935570731482 0.005726463122450702 -0.004607059948382084
-0.001943259970548195 0.00434221693285983 -0.004606923125782003
-0.0003000308664063796 0.00502643120194659 -0.00499099002996434
-0.0003014567321581453 0.00697794964285554 -0.004990904110342788
0.001378942321908735 0.00600340953679237 -0.004806091767002472
0.001380380169576043 0.004052186196869416 -0.004805678993382852
0.002901621888003821 0.005029074658738083 -0.004071927113671995
0.002900471678529383 0.00698108464745454 -0.004072746498623372
0.004091756679068837 0.006005861743113156 -0.002873591355655074
0.004090588265751509 0.007956257965696129 -0.002875254360938536
0.004815025817207829 0.006982585603369943 -0.001347414702169334
0.004815596080052928 0.005030461105282564 -0.001345375186993902
0.004988697654487813 0.006008331714984827 0.0003359995715887029
0.004988846823662589 0.007482793339338887 0.0003337774258869186
0.004589618661438267 0.006585751905561771 0.001983784399217216
0.004588412088811885 0.005023572532326446 0.001986573558478255
0.00289931636250957 0.008931153904981644 -0.004073569028515937
0.003656094838950795 0.006006525078360562 0.003410714078986593
0.003656223493081549 0.007976811406511009 0.003410576163735177
0.003654723043382383 0.004037797303597075 0.003412183974549119
0.002182545327166146 0.009068794844026245 0.004498499293638405
0.002902857844453077 0.003078016440266446 -0.004071046098350795
-0.004943190245625734 0.008930688645986279 -0.0007515784693234607
-0.004409347811893976 0.009905925659681339 -0.002357467258255311
0.002213023287155641 0.005028908274550603 0.004483584272711605
0.003313845002238889 0.001840065601200847 0.003744119562879415
0.004090116879955054 0.0099078170089305 -0.002875924878766262
-0.003196450297410356 0.007996095062228167 0.0038448284091992
-0.004312716349773388 0.008958043842971468 0.002529916537437018
-0.001703710676709638 0.003003922492066892 0.004700783969729474
-0.004909408265366785 0.007655456460674252 0.0009474758487414303
0.001378586593957119 0.007952714120320309 -0.004806193816624722
0.004092008296063548 0.004056613969981947 -0.002873233040487161
0.004830127666862338 0.002952869984842163 -0.00129223323042359
0.004988011048264388 0.004035405200388247 0.0003460430354629415
-0.0009788193914251927 0.0102754922471404 -0.004903255306321507
-0.001913417161824798 0.008626404058220479 -0.004619397662556704
-0.0009397294049481483 0.001570600252666872 -0.004910896928818177
-0.004166036187429458 0.001619284710277336 -0.002764804239910708
-0.00462431322833531 0.003188451369165448 -0.001901506551722362
-0.004905662451790892 0.002373777066879588 0.0009666829413458039
0.00490022817084899 0.01047051905775118 0.0009938631060754622
-0.003200717279081434 0.009978235573527439 0.003841276988110795
-0.002821517342445758 0.001307550843115828 0.004127837192317282
0.004562807884354246 0.003165969190043925 0.00204469660597232
-0.003535533905932598 0.00321544312685698 -0.003535533905932878
0.004619517056892874 0.008797138109704608 0.001913128892959333
-0.003446771395561926 0.008752993826441676 -0.003622121884577615
-0.000187967955452821 0.003264717983908881 -0.004996465555542526
-0.000188722538514867 0.008737388297559526 -0.004996437110927797
0.004773603728565126 0.008685575420982269 -0.0014875172075069
0.002777851165098036 0.001382856984153089 -0.00415734806151271
0.002777851165098036 0.01062240971281944 -0.00415734806151271
-0.004367082297309341 0.003491253113099251 0.002434870059885614
0.002777851165098005 0.01062172000153944 0.00415734806151273
-0.004915182316026673 0.01059879017701567 -0.0009170511437311846
0.004373054770549028 0.001510625163841333 0.002424127053967757
0.004903926402016157 0.001327682062134107 -0.0009754516100806203
-0.004213144385712535 0.01059950466723823 0.002692473655421525
-0.004985674586446579 0.003160866539297447 -0.0003782180826728657
-0.001454577538134233 0.001475981660617558 0.004783743741626986
-0.001564896375236419 0.01027981448348291 0.004748799778341041
0.001510126377949435 0.001591095068401661 0.004766499588022779
0.001496628422755934 0.0107747266299856 0.004770755009869935
0.003414941645643929 0.009406831505568534 0.003652146431462837
-0.004247221811508059 0.004568392012347765 -0.002638390964934916
0.004999692409646833 0.009119555430643436 5.54599758370675e-05
-0.003491158206434588 0.002820822357439029 0.003579359492652901
-0.001914184040459434 0.002664448739298628 -0.004619079936443014
0.0007570419244171102 0.0113873633149928 0.004942356474868526
0.001706701492317032 0.0113873633149928 0.004699698928242406
-0.00174035987439936 0.01113990724174145 0.004687339064712585
-0.0007924648598817505 0.01113990724174145 0.004936800527249668
-0.0007924648598817505 0.01013990724174145 0.004936800527249668
0.0007570419244171102 0.0103873633149928 0.004942356474868526
-0.000735282697968978 0.001737990830308778 0.004945640439221948
-0.000735282697968978 0.0007379908303087788 0.004945640439221948
0.0007640360135118317 0.0007955475342008306 0.004941280094272834
0.0007640360135118317 0.00179554753420083 0.004941280094272834
0.001713351200513938 0.0007955475342008306 0.004697278750904341
-0.001686001032966945 0.0007379908303087788 0.004707164806636199
0.002356983684129983 0.01131086000076972 0.004409606321741778
0.003171966420818221 0.01131086000076972 0.00386505226681369
0.002159134307498777 0.01069822331576252 0.004509782593671427
0.003876280902414472 0.01132545880976948 0.003158234691338952
0.004417940274732088 0.01132545880976948 0.002341325207847078
0.003548054417439348 0.0106363188105392 0.003522968897235559
0.00478196757803433 0.01123525952887559 0.001460406136192423
0.004974994515285667 0.01123525952887559 0.0004994292471186828
0.00462258607351958 0.01056071833864507 0.001905701443800374
0.004975923633360986 0.01115660101455522 -0.0004900857016477844
0.004784701678661051 0.01115660101455522 -0.00145142338627229
0.004999991183489764 0.01039186054343081 9.389623242359588e-06
0.004381268785163435 0.01095390850446525 -0.002409249640894966
0.003827062645719002 0.01095390850446525 -0.003217699722743295
0.004596319538580845 0.01011050951902047 -0.001968209008022259
0.003171966420818251 0.01131120485640972 -0.003865052266813665
0.002356983684130017 0.01131120485640972 -0.004409606321741761
0.003493244567774722 0.01026511336087497 -0.003577323355486949
0.001501057626881367 0.01096652344330622 -0.004769363269953472
0.0005417586093351333 0.01096652344330622 -0.004970563107859235
0.00196130897304083 0.01027772829971594 -0.004599268106152274
-0.0004917944023636441 0.0111377461235702 -0.00497575504479509
-0.001453066364785413 0.0111377461235702 -0.004784202978504288
5.023260408397422e-05 0.01010426956687643 -0.004999747662181257
-0.002356983684129953 0.01115660101455486 -0.004409606321741795
-0.003171966420818201 0.01115660101455486 -0.003865052266813707
-0.001915003347784691 0.01029434713812506 -0.004618740323721764
-0.004015874329975563 0.01095296282984067 -0.002978716731386743
-0.004519829237110289 0.01095296282984067 -0.002138023308423699
-0.003704571501564276 0.01010956384439553 -0.003357997913906112
-0.004793249435664983 0.01129939508850784 -0.001422940563585608
-0.004978750424561034 0.01129939508850784 -0.0004604825837459338
-0.004717564538230521 0.01025235791834851 -0.001656678854705959
-0.004975923633360987 0.01115660101455521 0.0004900857016477783
-0.004784701678661052 0.01115660101455521 0.001451423386272289
-0.0049999115664662 0.01045599610306305 2.973764478755688e-05
-0.004433416517051318 0.01129975233361911 0.002311886239921108
-0.003897203030809622 0.01129975233361911 0.003132380650024562
-0.004638672882750048 0.01045635334817432 0.001866203066881887
-0.003371593052990853 0.01098911778676372 0.003692202633256174
-0.002586495837212468 0.01098911778676372 0.004279023169379031
-0.003751169613663838 0.01028887012038283 0.003305862448669802
-0.002425627296031281 0.01012902502850517 0.004372222800904361
0.0008660254037844357 0.002499999999999999 0.004924428900898053
0.0008660254037844357 0.003499999999999999 0.004924428900898053
-0.0008648931007218855 0.003501961246033445 0.004924627897041936
-0.0008648931007218855 0.002501961246033445 0.004924627897041936
0.001608343023023846 0.00229554753420083 0.004734261581312393
-0.0015796887962329 0.002239952076342225 0.00474389958863552
-0.0008648746711894537 0.005500028399807523 0.004924631133712954
-0.0008648746711894537 0.004500028399807522 0.004924631133712954
0.001136239111376205 0.004514454137275302 0.004869184806698039
0.001136239111376205 0.005514454137275302 0.004869184806698039
-0.001703693084866616 0.004001989645840968 0.004700790345524641
0.001962433291342684 0.004014454137275301 0.004598788490138454
0.001076440495776219 0.006548243173718953 0.004882752897603262
0.001076440495776219 0.007548243173718954 0.004882752897603262
-0.0008648931007218855 0.007498038753966554 0.004924627897041936
-0.0008648931007218855 0.006498038753966554 0.004924627897041936
0.002157872504158079 0.006062697310994255 0.004510386486300098
-0.001703693084866616 0.005998067153774076 0.004700790345524641
-0.0008660254037845106 0.009500000000000001 0.00492442890089804
-0.0008660254037845106 0.008500000000000001 0.00492442890089804
0.001119710572381983 0.008534397422013121 0.004873012234141836
0.001119710572381983 0.009534397422013122 0.004873012234141836
0.002142555549403671 0.008082640595732075 0.004517682560530292
-0.001704791488881275 0.007998038753966555 0.004700392109115788
-0.001635566305792552 0.009639907241741453 0.004724925698818565
0.00184461667136674 0.009921760737005923 0.004647299144203641
0.003426277112406049 0.0009200328006004233 0.003641514128628704
0.002650017994449884 0.0009200328006004233 0.004239976960915214
0.002465560828325281 0.001715580334801254 0.004349828709481324
0.004503471587442188 0.0007553125819206663 0.002172266940571748
0.003993150386736337 0.0007553125819206663 0.003009111162603909
0.003899705384399885 0.00167534538252109 0.00312926475627783
0.004984631063119803 0.001003483908834904 0.0003917309849643546
0.004812429850948218 0.001003483908834904 0.001356657263166535
0.004727762506207821 0.001758796490755571 0.001627348052782668
0.004784701678661051 0.0006638410310670535 -0.00145142338627229
0.004975923633360986 0.0006638410310670535 -0.0004900857016477844
0.004999025053037311 0.001667324939901958 -9.873458920411606e-05
0.003865052266813702 0.0008433989854473279 -0.003171966420818206
0.004409606321741788 0.0008433989854473279 -0.002356983684129965
0.004619397662556444 0.001507240016514381 -0.001913417161825426
0.002356983684130017 0.0006914284920765447 -0.004409606321741761
0.003171966420818251 0.0006914284920765447 -0.003865052266813665
0.003535533905932758 0.001534827477523873 -0.003535533905932717
0.0005419983560959485 0.001033991902067458 -0.004970536971192276
0.001501287667964626 0.001033991902067458 -0.00476929086322247
0.001961530809312683 0.001725420394144003 -0.004599173500110333
-0.001433999403218396 0.000785300126333436 -0.004789952579261019
-0.0004719721156536067 0.000785300126333436 -0.004977674388913507
7.038729714875125e-05 0.001819292028400894 -0.004999504538291779
-0.003181174448091144 0.0007744358806118559 -0.003857477042162663
-0.002367492634757325 0.0007744358806118559 -0.004403973049914113
-0.001907618844803638 0.001559736006945292 -0.004621795142901731
-0.004413295477565722 0.0008096423551386681 -0.002350068728292419
-0.003870019577504003 0.0008096423551386681 -0.003165904052515764
-0.003549479457840288 0.001584078235750524 -0.003521533128960995
-0.004975923633360982 0.000843398985444788 -0.0004900857016478287
-0.004784701678661037 0.000843398985444788 -0.001451423386272338
-0.004622391269890037 0.001653041340583456 -0.001906173902886192
-0.004785997175776372 0.001186888533439794 0.001447145823150035
-0.004976359726695533 0.001186888533439794 0.0004856375917520768
-0.004999998002414096 0.002030287518884582 -4.469435652353735e-06
-0.003865052266813693 0.0008433989854466954 0.003171966420818218
-0.004409606321741783 0.0008433989854466954 0.002356983684129972
-0.00462110619600388 0.00203028751888649 0.001909287177261335
-0.002380190982654532 0.000653775421557914 0.004397123023761111
-0.003192292426986156 0.000653775421557914 0.003848281312561081
-0.003554118195848869 0.001497174407004609 0.003516851411409925
-0.002163053445314621 0.001391766251866693 0.004507904146353664
0.004845534041887852 0.00949938872504635 -0.001233207139496838
0.004485900658940108 0.009296696214956384 -0.002208324088108605
0.004972148125683857 0.009795037244197308 0.000527013297990204
0.004978565161386972 0.009716378729876934 -0.0004624812794307587
0.004947173334175508 0.008902565425812851 -0.0007248972352152973
0.002172890550354947 0.003565101318567931 -0.004503170733625161
0.002031167581248228 0.002573000122200682 -0.004568846490842763
0.001229594668601289 0.003060085000502167 -0.004846451996145973
0.0004484558817139178 0.002666350894021899 -0.004979848122398533
0.0006037893673896041 0.003658452090389149 -0.004963409956857005
0.002840682263120993 0.002230436712209767 -0.004114671831384587
-0.0005654695673806869 0.002417659118287877 -0.004967921513909645
-0.004786567878144503 0.002437624670027512 -0.001445257052539525
-0.004416319897541032 0.002403868039721392 -0.002344380208622988
-0.004953809029354656 0.002423832255093511 -0.0006780679174568581
-0.00486498390439772 0.003174658954231448 -0.001154093414742116
-0.004991174890955407 0.002767321803088518 0.0002969397378194419
-0.00312379549119148 0.009533097927775701 -0.003904087822937873
-0.003978629171135326 0.009329459743061506 -0.003028284979751911
-0.001453066364785095 0.009450948152680442 -0.004784202978504385
-0.002356983684129659 0.009469803043665102 -0.004409606321741952
-0.002726086038081124 0.008689698942331077 -0.004191474073995825
0.004976941755557257 0.003494137592615206 -0.0004796360722367051
0.004968078430854053 0.003021186509029028 0.0005640892703134285
0.004993168464313784 0.002479918901255986 -0.0002612827720733419
0.004869603659714954 0.002140276023488135 -0.001134442681359762
0.00485034963266234 0.003600687195216086 0.001214128675607449
0.004792543713752081 0.002586468503856867 0.00142531566741386
0.00447195731341884 0.002338297176942629 0.002236425224987358
-0.004999011977244778 0.008293072553330266 9.939442319999925e-05
-0.004906687271909694 0.008984329244892338 0.0009614676363140912
-0.004998708312340112 0.009621945337548352 0.0001136450973067802
-0.004929880596178692 0.009764739411500977 -0.0008344323264476477
-0.004678453295438933 0.00830675015182286 0.001764107355689157
-0.004673405204572354 0.009635622936040946 0.001777437423336201
-0.004263705140412151 0.009778774255104847 0.002611669671995867
0.002170091748354081 0.008441934012650976 -0.004504520152438607
0.001228456525614358 0.008942880503466378 -0.004846740612481289
0.00202896032477263 0.009432100395797047 -0.004569827130264179
0.002838892832729519 0.00977678180890054 -0.004115906641832023
0.0006024883777843297 0.008345051208939917 -0.004963568046741659
0.000447839645252234 0.009335217592085988 -0.004979903578598722
-0.000585627229318668 0.009506440272349963 -0.004965585640010707
-0.002367858196878796 0.00210666025026117 -0.004403776511072502
-0.001434397008407806 0.00211752449598275 -0.004789833527615624
-0.00387001957750395 0.002417363918567158 -0.00316590405251583
-0.00318117444809108 0.002382157444040346 -0.003857477042162716
-0.002778196253662691 0.002939945933077804 -0.004157117459987701
0.003656159166666466 0.006991668242435785 0.003410645121967511
0.002933830253831218 0.007536648876974458 0.004048782538208819
0.002933753890542322 0.006551505712899234 0.00404883787150434
0.002983186133598382 0.005517716676455582 0.004012555356914884
0.00296962952541538 0.008522803125268628 0.00402259872244066
-0.002488176086180261 0.006498035042065958 0.004336932068197596
-0.00248815985598147 0.005500024687906927 0.004336941379714772
-0.003199626400451225 0.005254022940448861 0.003842185692745151
-0.00248974949676396 0.004754055052156978 0.004336028994755871
-0.002489765723548305 0.003755987898382902 0.004336019677289759
0.003548341459236082 0.003567315205124196 -0.003522679787983341
0.004124953879028137 0.002871705970438301 -0.002825730966651058
0.003588832002547115 0.002382407205580551 -0.00348141994845403
0.004530564825172367 0.003504741977412055 -0.002115179038500259
0.004554716802830814 0.00231983397786841 -0.002062657229403531
0.004418013325660103 0.00972402786462178 0.002341187359928666
0.004782013142705936 0.009633828583727893 0.001460256930470696
0.003822755207117075 0.01002887456255374 0.003222815946724121
0.004110252688156537 0.009101984807636571 0.002847072678998897
0.003106682776040308 0.01001427575355399 0.003917718995672671
-0.004265663752012697 0.002589025541996321 0.002608469427607876
-0.004694128476006281 0.00293251508998942 0.001721963370907451
-0.003168229015256824 0.002064186600277428 0.003868116454669478
-0.003845193874500003 0.002253810164166209 0.003196010648841404
-0.003970573002615544 0.00315603773526914 0.003038840244386103
0.00298237931853265 0.004533352789073838 0.004013155068071595
0.002756558161725033 0.003518898651798537 0.004171496985618845
0.002554959310350439 0.002420032800600423 0.004297927747467797
0.003488234576446016 0.002938931452398961 0.003582208751550708
-0.002488176261111128 0.008498047531114085 0.0043369319678366
-0.002487178999081656 0.007496086285080637 0.004337503962710256
-0.002490583547814308 0.00948911778676372 0.004335549975649767
-0.003198584281143362 0.008987165317877802 0.003843053290864258
-0.003197334104125084 0.006998043819213488 0.003844093472666689
-0.003809058064233848 0.00550487683393076 0.003238993155796272
-0.00381024513749982 0.004758907198180813 0.003237596638273362
-0.003808666162193572 0.006491565478356979 0.003239453976361091
-0.004307089400781917 0.005996449736088931 0.002539484375551869
-0.003807921340460877 0.007489616721371658 0.003240329468566836
-0.004337551721541252 0.004250507102380982 0.002487095708442785
-0.003848818990137194 0.003999653208899083 0.003191644150145708
-0.003348652985269699 0.003664437831068971 0.00371302076270041
-0.002657266244227637 0.00291237242475296 0.004235438124596834
-0.004676628776207658 0.006488078822558885 0.00176893846403612
-0.004676842759498943 0.005501390178132667 0.00176837264255086
-0.00490920592978613 0.005268011734677043 0.0009485236628322445
-0.004675977954135303 0.004776382648207088 0.001770658118452184
-0.004696887579302046 0.004017128658925357 0.001714423246283766
-0.004676385246202355 0.0073192974205947 0.001769582162291691
-0.004909538634262889 0.006824237862638437 0.000946800083798098
-0.003811711458311013 0.008477069452599817 0.003235870170229414
-0.004309752190173078 0.007970591111743308 0.002534962733315494
-0.004999023484901329 0.005505084768489779 9.881395349328021e-05
-0.004998974595100686 0.0047800772385642 0.0001012570863590713
-0.004999017358320292 0.006483273723107985 9.912341404738186e-05
-0.004943269104767429 0.005995339226995144 -0.0007510596233667588
-0.004999003667112412 0.0073144923211438 9.981150332831044e-05
-0.004967953262215784 0.004089008405837192 -0.0005651905735586485
-0.004991645286166464 0.003851935372024455 0.0002889244487614716
-0.004907208441299653 0.003458390635815526 0.0009588041059765202
-0.004744693491973347 0.006485724801869316 -0.001577302655556558
-0.00474459584116199 0.00550753584725111 -0.001577596369173166
-0.004330338886665361 0.005283156717236524 -0.002499632998388724
-0.004691085511877778 0.004792771142362351 -0.001730236030213913
-0.004818209366366452 0.004102800820771193 -0.001335985966190736
-0.004451042928393418 0.003878421690756607 -0.002277765758281334
-0.004744882847342506 0.007463131599166992 -0.001576732940289788
-0.004409207439072463 0.006975328219422958 -0.002357729789273583
-0.004943252934552873 0.007952108413799813 -0.0007511660435845133
-0.004744751279928393 0.008441711831353456 -0.001577128812626881
-0.003947016324655607 0.007464543651385902 -0.003069374876567237
-0.003946647750831228 0.006487136854088226 -0.003069848779803137
-0.003370121275827029 0.005999780158495431 -0.003693546072031321
-0.003946168026824624 0.005510564726532488 -0.00307046542140879
-0.003844788250591218 0.004795800021643729 -0.003196498601300449
-0.003978720822184047 0.008352864421581155 -0.003028164562753995
-0.003408919198486539 0.007864673056246423 -0.003657768431460621
-0.004744703545000771 0.009418307152833809 -0.001577272414663083
-0.004409419160042585 0.008929330338200987 -0.002357333805605252
-0.002695838258998383 0.006351407704250935 -0.004210992291766937
-0.002695180242143293 0.005374835576695196 -0.004211413475587551
-0.002682352210887194 0.007801378172135824 -0.004219595551323442
-0.001928186234333016 0.007176433590335591 -0.004613252415132806
-0.001943097771844128 0.005034340027655266 -0.004606991539937357
-0.002695328513130615 0.004682712481899762 -0.004211318582855625
-0.002791283629505087 0.003778830029858405 -0.004148341319088499
-0.003453448886397156 0.004119325578898336 -0.003615755908387933
-0.00391714666606759 0.003891917569602373 -0.00310740438252178
-0.001137793999991943 0.005376447162198646 -0.004868821706900175
-0.001137965417538309 0.00468432406740321 -0.004868781645184642
-0.001138489476229524 0.006352206382653121 -0.004868659128806886
-0.000300743802350564 0.006002190422401065 -0.004990947121073086
-0.00112290732108596 0.00780217685053801 -0.004872276587823351
-0.0002440147697969956 0.004145574592927736 -0.00499404212959011
-0.001083267715889097 0.003803467458384356 -0.004881242777788503
-0.001928731583586999 0.003503332836079229 -0.004613024439396997
-0.001067879080165562 0.002964583361603755 -0.004884632460087939
0.0005466101897996228 0.006490679589823955 -0.00497003192146763
0.0005473201294627603 0.005514920369369481 -0.004969953790115646
0.001379661261179336 0.005027797866830893 -0.004805885433965425
0.0005480635905481426 0.004539308699408003 -0.004969871859587074
0.0005464262603006213 0.007465331881587925 -0.004970052146814345
0.001378764458877082 0.00697806182855634 -0.004806142795104759
-0.0002451052485632436 0.007857668970207534 -0.004993988728173779
-0.001067842458578525 0.008681896177890003 -0.004884640466160941
0.002171533311590233 0.005516242097765227 -0.004503825382566908
0.002172207025245142 0.004540630427803749 -0.004503500487340448
0.002170897249399417 0.006492247092123455 -0.004504132006563535
0.002901046812195458 0.006005079653096311 -0.004072336846756488
0.002170730560641886 0.007466899383887424 -0.004504212343251078
0.002902239899659008 0.004053545549502264 -0.004071486652910368
0.003547154862058747 0.006493473195283848 -0.00352387462668197
0.003547652476333231 0.005517468200925619 -0.003523373654207952
0.00409188249148828 0.005031237856547551 -0.002873412200825296
0.003547806739120192 0.004542844314360014 -0.003523218321627734
0.003546438585551205 0.007468671306575334 -0.00352459548869279
0.004091172556908765 0.006981059854404642 -0.002874422917664795
0.002899894049682415 0.007956119276218091 -0.00407315780453158
0.00354593868935705 0.008443705935338885 -0.00352509841157957
0.004517860561635111 0.007469421784533036 -0.00214218018514365
0.004518295851690805 0.00649422367324155 -0.002141261916859698
0.004815311056609441 0.006006523354326254 -0.001346394974773326
0.004518749213930541 0.00551816142419786 -0.002140305011348177
0.004518842919982128 0.004543537537632255 -0.002140107161926102
0.004486081645465274 0.0083209166933392 -0.002207956401340296
0.004794826516102328 0.007834080512176106 -0.001417617254579676
0.00354564974864619 0.009419485456956072 -0.003525389036677401
0.004090352586592749 0.008932037487313315 -0.002875589629511488
0.004973602254065164 0.006495458659177385 -0.0005131087782896632
0.004973710805624748 0.005519396410133695 -0.0005120554872390449
0.004973487853856834 0.007232689471354415 -0.0005142164598090434
0.004988772362801321 0.006745562527161858 0.0003348885070433522
0.004965444464655715 0.008084184380160578 -0.0005868230298990614
0.004988356879041887 0.005021868457686537 0.0003410214763258723
0.004974223766821642 0.004532933152835405 -0.0005070482399010125
0.004822935067709112 0.003991665545062363 -0.001318824223564952
0.004859771704033714 0.007034272622450329 0.001175848197971683
0.004859509704849309 0.0062970418102733 0.001176930511319754
0.004589015587028082 0.005804662218944109 0.001985179070515633
0.004859151816968742 0.005515952123655637 0.001178407238457648
0.004857963063292954 0.004529488866357347 0.001183298303760019
0.004868649903148372 0.008139965724521747 0.001138528928298858
0.004604703380219158 0.007691445007633189 0.001948513992815616
0.004996207977515643 0.008301174384991162 0.0001946942356852034
0.004898472327338629 0.008958346770174021 0.00100248135059844
0.004184134302382787 0.006296138491961166 0.002737338148571292
0.004183302245358342 0.005515048805343504 0.002738609560338943
0.004184185929680715 0.007281281656036391 0.002737259232491861
0.004205063316385527 0.008386974758107808 0.002705077171762158
0.00365540901505001 0.005022161190978819 0.003411449095720339
0.004182751542526317 0.004530684917961761 0.002739450589715703
0.004165268186189369 0.0036018832468205 0.002765961123573272
0.004575702276315755 0.004094770861185186 0.002015675737443604
0.003537645142371424 0.008691821456039771 0.003533421408020259
0.002830555315573751 0.009237813174797389 0.004121644890753834
0.0040289483454848 0.002503017395622386 0.002961009157266369
0.002486056994703025 0.009845257422782843 0.004338147141244539
-0.003813507280929127 0.009468139708249453 0.003233753580330533
-0.002280677346485912 0.00215573666759136 0.004449551757337584
-0.004160923895270389 0.003201947248011214 -0.002772492080740339
2 2 0 113
505
506
507
508
509
510
511
512
513
514
515
516
517
518
519
520
521
522
523
524
525
526
527
528
529
530
531
532
533
534
535
536
537
538
539
540
541
542
543
544
545
546
547
548
549
550
551
552
553
554
555
556
557
558
559
560
561
562
563
564
565
566
567
568
569
570
571
572
573
574
575
576
577
578
579
580
581
582
583
584
585
586
587
588
589
590
591
592
593
594
595
596
597
598
599
600
601
602
603
604
605
606
607
608
609
610
611
612
613
614
615
616
617
0.002747103829134461 0.012 -0.001736869114533524
-0.002672671475943574 0.012 0.001785821986401728
0.001876011349584362 0.012 0.002344046073754606
-0.001902160914263374 0.012 -0.00282809742492455
0.003258259712549153 0.012 0.0007840870563530164
0.0005967831098843694 0.012 -0.003270044007792842
-0.0006270972879468598 0.012 0.003152630961100258
-0.003438057871356735 0.012 -0.0006899142436705707
0.002106520661450201 0.012 -0.003152630961100248
0.0009171406719848353 0.012 -0.001383994752304555
-0.0006737253241410548 0.012 -0.002133508066570889
-0.0008486564242975511 0.012 -0.0003308651112545655
0.0005634535208527659 0.012 0.000855870204790508
-0.00105574521318384 0.012 0.001547893468160816
0.001892409438553588 0.012 -6.102065453425285e-06
-0.0007397116867516326 0.012 -0.003718781775593657
-0.003105791308780317 0.012 -0.002068050771252224
0.0007271307176366582 0.012 0.003543813265643066
-0.002106520661450184 0.012 0.003152630961100254
0.003503434128558729 0.012 -0.0005744602570918682
0.003322300657655668 0.012 0.002144271049466457
-0.003718781775593649 0.012 0.000739711686751645
-0.002197409943737617 0.012 0.00043709201401244
0.0002967506173886172 0.012 0.00228885079468985
-0.002027633631096108 0.012 -0.00126889060061006
0.001320273939731051 0.012 0.00408160546409975
0.0003635653588183291 0.012 0.004271906632821533
-0.0003135486439734299 0.012 0.004076315480550129
-0.001270257224886156 0.012 0.003886014311828345
5.001671484489926e-05 0.012 0.003348222113371662
0.002705772627758546 0.012 0.002939789989843675
0.001894714255704903 0.012 0.003481721868155521
0.00130157103361051 0.012 0.002943929669698836
0.003970849160106048 0.012 0.002028844105645959
0.0034289172817942 0.012 0.0028399024776996
0.002599156003620015 0.012 0.002244158561610531
0.004129129856274576 0.012 0.0003920435281765167
0.003938828687552791 0.012 0.001348752109089239
0.00329028018510241 0.012 0.001464179052909736
0.004061415895557587 0.012 -0.001243938709458647
0.004251717064279365 0.012 -0.0002872301285459257
0.003380846920553941 0.012 0.000104813399630574
0.00314131886753361 0.012 -0.00263620151023312
0.003683250745845452 0.012 -0.001825143138179475
0.003125268978846595 0.012 -0.001155664685812696
0.002009968911637839 0.012 -0.003886014311828335
0.002821027283691479 0.012 -0.003344082433516482
0.002426812245292331 0.012 -0.002444750037816886
0.0002983915549422028 0.012 -0.004135022003896422
0.001255100135854924 0.012 -0.003944720835174632
0.001351651885667285 0.012 -0.003211337484446545
-0.001326564424288522 0.012 -0.004169089719075054
-0.0003698558433757982 0.012 -0.004359390887796829
-7.14642884336315e-05 0.012 -0.00349441289169325
-0.002718847410098045 0.012 -0.003181815665428655
-0.001907789038044393 0.012 -0.0037237475437405
-0.001320936300507503 0.012 -0.003273439600259104
-0.003862594485668371 0.012 -0.001990733966538848
-0.003320662607356516 0.012 -0.002801792338592492
-0.002503976111521846 0.012 -0.002448074098088387
-0.004219028935678368 0.012 -0.000344957121835297
-0.00402872776695658 0.012 -0.001301665702748021
-0.003271924590068526 0.012 -0.001378982507461397
-0.004169089719075045 0.012 0.001326564424288537
-0.004359390887796824 0.012 0.000369855843375811
-0.003578419823475192 0.012 2.489872154053715e-05
-0.003104102690938159 0.012 0.002660677946167229
-0.003646034569250008 0.012 0.001849619574113579
-0.003195726625768612 0.012 0.001262766836576686
-0.002009968911637818 0.012 0.003886014311828343
-0.002821027283691465 0.012 0.003344082433516492
-0.002389596068696879 0.012 0.00246922647375099
-0.001366808974698522 0.012 0.003152630961100256
0.001511830666717518 0.012 -0.002268312856702401
0.001832122250559648 0.012 -0.00156043193341904
0.001404775055269212 0.012 -0.0006950484088789903
0.002319756633844024 0.012 -0.0008714855899934745
0.002697921783556159 0.012 -0.0002902811612726468
-0.001581132937317012 0.012 0.002350262214630535
-0.001864208344563707 0.012 0.001666857727281272
-0.001626577578460728 0.012 0.000992492741086628
-0.002435040709840595 0.012 0.001111457000207084
-0.002958095859665633 0.012 0.0005884018503820425
0.00257533457555137 0.012 0.0003889924954497956
0.001884210394068975 0.012 0.00116897200415059
0.002567135531066757 0.012 0.001564066565053811
0.001227931479703177 0.012 0.0004248840696685413
0.001219732435218564 0.012 0.001599958139272557
0.0004301020691206915 0.012 0.001572360499740179
0.00108638098348649 0.012 0.002316448434222228
0.0005119406675126377 0.012 0.002916332030166458
-0.0007067185054463437 0.012 -0.002926144921082273
-0.001287943119202215 0.012 -0.002480802745747719
-0.001964897272679741 0.012 -0.002048494012767305
-0.001350679477618581 0.012 -0.001701199333590474
-0.002566712469938212 0.012 -0.001668470685931142
0.0007569618909346024 0.012 -0.002327019380048699
-3.847110712834265e-05 0.012 -0.002701776037181866
0.0001217076739218902 0.012 -0.001758751409437722
-0.0008414212505653498 0.012 0.002350262214630537
-0.0001651733352791213 0.012 0.002720740877895054
-0.0003794972978976113 0.012 0.001918372131425333
-0.002732845751226422 0.012 -0.0009794024221403152
-0.002817733907547177 0.012 -0.0001264111148290653
-0.002112521787416863 0.012 -0.0004158992932988098
-0.000761190874219303 0.012 -0.001232186588912727
3.424212384364213e-05 0.012 -0.0008574299317795605
-0.0001426014517223927 0.012 0.0002625025467679712
0.0007402970964188006 0.012 -0.0002640622737570236
-0.001438145027696829 0.012 -0.0007998778559323126
-0.0009522008187406955 0.012 0.0006085141784531253
-0.000246145846165537 0.012 0.001201881836475662
-0.001523033184017584 0.012 5.311345137893724e-05
2 3 0 113
618
619
620
621
622
623
624
625
626
627
628
629
630
631
632
633
634
635
636
637
638
639
640
641
642
643
644
645
646
647
648
649
650
651
652
653
654
655
656
657
658
659
660
661
662
663
664
665
666
667
668
669
670
671
672
673
674
675
676
677
678
679
680
681
682
683
684
685
686
687
688
689
690
691
692
693
694
695
696
697
698
699
700
701
702
703
704
705
706
707
708
709
710
711
712
713
714
715
716
717
718
719
720
721
722
723
724
725
726
727
728
729
730
0.002747103829134461 0 -0.001736869114533524
-0.002672671475943574 0 0.001785821986401728
0.001876011349584362 0 0.002344046073754606
-0.001902160914263374 0 -0.00282809742492455
0.003258259712549153 0 0.0007840870563530164
0.0005967831098843694 0 -0.003270044007792842
-0.0006270972879468598 0 0.003152630961100258
-0.003438057871356735 0 -0.0006899142436705707
0.002106520661450201 0 -0.003152630961100248
0.0009171406719848353 0 -0.001383994752304555
-0.0006737253241410548 0 -0.002133508066570889
-0.0008486564242975511 0 -0.0003308651112545655
0.0005634535208527659 0 0.000855870204790508
-0.00105574521318384 0 0.001547893468160816
0.001892409438553588 0 -6.102065453425285e-06
-0.0007397116867516326 0 -0.003718781775593657
-0.003105791308780317 0 -0.002068050771252224
0.0007271307176366582 0 0.003543813265643066
-0.002106520661450184 0 0.003152630961100254
0.003503434128558729 0 -0.0005744602570918682
0.003322300657655668 0 0.002144271049466457
-0.003718781775593649 0 0.000739711686751645
-0.002197409943737617 0 0.00043709201401244
0.0002967506173886172 0 0.00228885079468985
-0.002027633631096108 0 -0.00126889060061006
0.0003635653588183291 0 0.004271906632821533
0.001320273939731051 0 0.00408160546409975
-0.001270257224886156 0 0.003886014311828345
-0.0003135486439734299 0 0.004076315480550129
5.001671484489915e-05 0 0.003348222113371662
0.001894714255704903 0 0.003481721868155521
0.002705772627758546 0 0.002939789989843675
0.00130157103361051 0 0.002943929669698836
0.0034289172817942 0 0.0028399024776996
0.003970849160106048 0 0.002028844105645959
0.002599156003620015 0 0.002244158561610531
0.003938828687552791 0 0.001348752109089239
0.004129129856274576 0 0.0003920435281765166
0.00329028018510241 0 0.001464179052909736
0.004251717064279365 0 -0.0002872301285459256
0.004061415895557587 0 -0.001243938709458647
0.003380846920553941 0 0.0001048133996305741
0.003683250745845452 0 -0.001825143138179475
0.00314131886753361 0 -0.00263620151023312
0.003125268978846595 0 -0.001155664685812696
0.002821027283691479 0 -0.003344082433516482
0.002009968911637839 0 -0.003886014311828335
0.002426812245292331 0 -0.002444750037816886
0.001255100135854924 0 -0.003944720835174632
0.0002983915549422028 0 -0.004135022003896422
0.001351651885667285 0 -0.003211337484446545
-0.0003698558433757982 0 -0.004359390887796829
-0.001326564424288522 0 -0.004169089719075054
-7.146428843363161e-05 0 -0.00349441289169325
-0.001907789038044393 0 -0.0037237475437405
-0.002718847410098045 0 -0.003181815665428655
-0.001320936300507503 0 -0.003273439600259104
-0.003320662607356516 0 -0.002801792338592492
-0.003862594485668371 0 -0.001990733966538848
-0.002503976111521846 0 -0.002448074098088387
-0.00402872776695658 0 -0.001301665702748021
-0.004219028935678368 0 -0.0003449571218352969
-0.003271924590068526 0 -0.001378982507461397
-0.004359390887796824 0 0.0003698558433758109
-0.004169089719075045 0 0.001326564424288537
-0.003578419823475192 0 2.489872154053715e-05
-0.003646034569250008 0 0.001849619574113579
-0.003104102690938159 0 0.002660677946167229
-0.003195726625768612 0 0.001262766836576686
-0.002821027283691465 0 0.003344082433516492
-0.002009968911637818 0 0.003886014311828343
-0.002389596068696879 0 0.00246922647375099
-0.001366808974698522 0 0.003152630961100256
0.001832122250559648 0 -0.00156043193341904
0.001511830666717518 0 -0.002268312856702401
0.002319756633844024 0 -0.0008714855899934745
0.001404775055269212 0 -0.0006950484088789903
0.002697921783556159 0 -0.0002902811612726467
-0.001864208344563707 0 0.001666857727281272
-0.001581132937317012 0 0.002350262214630535
-0.002435040709840595 0 0.001111457000207084
-0.001626577578460728 0 0.000992492741086628
-0.002958095859665633 0 0.0005884018503820425
0.002567135531066757 0 0.001564066565053811
0.001884210394068975 0 0.00116897200415059
0.00257533457555137 0 0.0003889924954497955
0.001219732435218564 0 0.001599958139272557
0.001227931479703177 0 0.0004248840696685414
0.001086380983486489 0 0.002316448434222228
0.0004301020691206915 0 0.001572360499740179
0.0005119406675126377 0 0.002916332030166458
-0.001287943119202215 0 -0.002480802745747719
-0.0007067185054463437 0 -0.002926144921082273
-0.001350679477618581 0 -0.001701199333590474
-0.001964897272679741 0 -0.002048494012767305
-0.002566712469938212 0 -0.001668470685931142
0.0007569618909346024 0 -0.002327019380048699
0.0001217076739218903 0 -0.001758751409437722
-3.847110712834275e-05 0 -0.002701776037181866
-0.0008414212505653498 0 0.002350262214630537
-0.0003794972978976113 0 0.001918372131425333
-0.0001651733352791213 0 0.002720740877895054
-0.002732845751226422 0 -0.0009794024221403152
-0.002817733907547177 0 -0.0001264111148290654
-0.002112521787416863 0 -0.0004158992932988099
3.424212384364202e-05 0 -0.0008574299317795605
-0.000761190874219303 0 -0.001232186588912727
0.0007402970964188006 0 -0.0002640622737570238
-0.0001426014517223926 0 0.0002625025467679712
-0.001438145027696829 0 -0.0007998778559323126
-0.000246145846165537 0 0.001201881836475662
-0.0009522008187406955 0 0.0006085141784531253
-0.001523033184017584 0 5.311345137893724e-05
3 1 0 556
731
732
733
734
735
736
737
738
739
740
741
742
743
744
745
746
747
748
749
750
751
752
753
754
755
756
757
758
759
760
761
762
763
764
765
766
767
768
769
770
771
772
773
774
775
776
777
778
779
780
781
782
783
784
785
786
787
788
789
790
791
792
793
794
795
796
797
798
799
800
801
802
803
804
805
806
807
808
809
810
811
812
813
814
815
816
817
818
819
820
821
822
823
824
825
826
827
828
829
830
831
832
833
834
835
836
837
838
839
840
841
842
843
844
845
846
847
848
849
850
851
852
853
854
855
856
857
858
859
860
861
862
863
864
865
866
867
868
869
870
871
872
873
874
875
876
877
878
879
880
881
882
883
884
885
886
887
888
889
890
891
892
893
894
895
896
897
898
899
900
901
902
903
904
905
906
907
908
909
910
911
912
913
914
915
916
917
918
919
920
921
922
923
924
925
926
927
928
929
930
931
932
933
934
935
936
937
938
939
940
941
942
943
944
945
946
947
948
949
950
951
952
953
954
955
956
957
958
959
960
961
962
963
964
965
966
967
968
969
970
971
972
973
974
975
976
977
978
979
980
981
982
983
984
985
986
987
988
989
990
991
992
993
994
995
996
997
998
999
1000
1001
1002
1003
1004
1005
1006
1007
1008
1009
1010
1011
1012
1013
1014
1015
1016
1017
1018
1019
1020
1021
1022
1023
1024
1025
1026
1027
1028
1029
1030
1031
1032
1033
1034
1035
1036
1037
1038
1039
1040
1041
1042
1043
1044
1045
1046
1047
1048
1049
1050
1051
1052
1053
1054
1055
1056
1057
1058
1059
1060
1061
1062
1063
1064
1065
1066
1067
1068
1069
1070
1071
1072
1073
1074
1075
1076
1077
1078
1079
1080
1081
1082
1083
1084
1085
1086
1087
1088
1089
1090
1091
1092
1093
1094
1095
1096
1097
1098
1099
1100
1101
1102
1103
1104
1105
1106
1107
1108
1109
1110
1111
1112
1113
1114
1115
1116
1117
1118
1119
1120
1121
1122
1123
1124
1125
1126
1127
1128
1129
1130
1131
1132
1133
1134
1135
1136
1137
1138
1139
1140
1141
1142
1143
1144
1145
1146
1147
1148
1149
1150
1151
1152
1153
1154
1155
1156
1157
1158
1159
1160
1161
1162
1163
1164
1165
1166
1167
1168
1169
1170
1171
1172
1173
1174
1175
1176
1177
1178
1179
1180
1181
1182
1183
1184
1185
1186
1187
1188
1189
1190
1191
1192
1193
1194
1195
1196
1197
1198
1199
1200
1201
1202
1203
1204
1205
1206
1207
1208
1209
1210
1211
1212
1213
1214
1215
1216
1217
1218
1219
1220
1221
1222
1223
1224
1225
1226
1227
1228
1229
1230
1231
1232
1233
1234
1235
1236
1237
1238
1239
1240
1241
1242
1243
1244
1245
1246
1247
1248
1249
1250
1251
1252
1253
1254
1255
1256
1257
1258
1259
1260
1261
1262
1263
1264
1265
1266
1267
1268
1269
1270
1271
1272
1273
1274
1275
1276
1277
1278
1279
1280
1281
1282
1283
1284
1285
1286
1.298935728240498e-07 0.004917397415445361 -1.350876829842029e-07
-0.001223846280462966 0.008443979053545788 0.0005785716779685625
0.001679642428572391 0.007636664055941622 -0.0006898347380529363
-0.002049252314316268 0.00282767319949891 -0.0004096028294581353
-0.0004529232689578313 0.002826977267282876 0.002052399174763827
-0.0003769360762719209 0.009109237130646573 -0.002120490765086502
0.0002793813275005049 0.002755771380192899 -0.002163421083570955
-0.002216169095579974 0.00599653584847034 0.001143614219687711
0.002235458784652551 0.002991744818989216 0.0001165347271126061
0.001107977451799655 0.009422623598868326 0.001698525036804878
-0.001590949278328855 0.006641895412870903 -0.001545178969042873
0.0003522974523083238 0.006696522393899258 0.002231934622971953
0.001140429672175625 0.005610823816406123 -0.002239762815647305
0.002455547930380652 0.005528208621892638 0.0006028145962835151
-0.002518097417743213 0.009962564066575218 -0.0004562614484719447
0.002589338189718252 0.009823873907025441 -0.000806957179312584
-0.001591468596394688 0.004335178941368012 -0.002227329831777607
-0.001052408033647229 0.009851669877643021 0.002406619748008044
-0.002267008339274765 0.001786949281103755 -0.002072805538165854
4.628637010023375e-05 0.00205844963432361 -2.001915309500561e-05
-0.002365705414507133 0.003822740802507258 0.001544382648118896
0.002549828538036566 0.007662809763687715 0.001429241781940619
-0.002885636987776599 0.001734924208181087 0.0009526771985846763
0.001238473129677783 0.004482884346553143 0.002372346242695332
0.0004401484273146306 0.01010908252689369 -0.0003091883279956612
0.001462741638696125 0.01005742178055142 -0.00259034298648152
0.001070239495747477 0.007677174722672694 -0.00272347643307302
-0.000863901059208981 0.004841084768808651 0.00271675770420058
0.001072129356010049 0.001764812637060142 0.002724219461469316
-0.003056500564869746 0.007933382678646596 -0.0007290397960393632
-0.002820622873536701 0.004821420632608707 -0.0005420048092384595
-0.00159845103545775 0.007546762121961745 0.002488802386812996
0.002730036777765459 0.004540881875229373 -0.001279581741194878
0.003847677714102348 0.0007553125819206663 0.002284199051717107
0.00381565724154909 0.0007553125819206663 0.001604107055160387
0.00277887972115411 0.001495872409494608 0.001130402888289531
0.002746859248600852 0.001495872409494608 0.0004503108917328112
0.00330425677760079 0.002251184991415274 0.001270330890540181
0.004079243941699071 0.01123525952887559 0.0008889750812142393
0.003004102811324323 0.009946571328309752 0.00134619407144017
0.002183118582174404 0.01071131179943416 0.001241306046578947
0.002923798951133703 0.01091193695351272 -1.143506147978379e-05
0.001848657820758954 0.009623248752946883 0.0004457839287461472
0.003744783180283621 0.01014719648238831 9.345296338143913e-05
0.002762477497116249 0.0006914284920765447 -0.002947108588023117
0.002442185913274119 0.0006914284920765447 -0.003654989511306479
0.001192950994475353 0.001377885690096449 -0.002658026022335601
0.001528616246299271 0.002069314182172994 -0.003160384572541833
0.001513242578317483 0.001377885690096449 -0.001950145099052239
0.002197215006832859 0.0008824063185300709 0.002434245255467886
0.0016537940703313 0.002378278728024679 0.001420377094290961
0.002722592063279538 0.001637718900450737 0.002574173257718537
-0.003442907930828055 0.01129975233361911 0.002239147820911626
-0.003365620901727874 0.01028103436690672 0.00111810610347479
-0.002595384446843394 0.01098128203328761 0.0006647802689648914
-0.001862539754795401 0.01092583493882151 0.002096220867204886
-0.001785252725695221 0.009907116972109119 0.0009751791497680496
-0.002632776209679882 0.01022558727244062 0.002549546701714784
0.003749626757949679 0.01132545880976948 0.002446277513394689
0.003717606285396421 0.01132545880976948 0.001766185516837969
0.002642465155021672 0.01003677060920364 0.0022234045070639
0.002215139054727662 0.01071131179943416 0.001921398043135668
-0.0005583238815117767 0.01055461856532329 -0.002919636270340079
-0.001139548495267648 0.01055461856532329 -0.002474294095005526
-0.0005253307002064879 0.01055461856532329 -0.002126999415828695
0.002218364694506623 0.002221284675543777 -0.002470636124334472
0.003452225945323601 0.0008433989854473279 -0.002257360139815756
0.003196403423082647 0.002339271394941936 -0.001330658218992691
0.002491281306893506 0.001495872409494608 -0.0008101671937104589
0.001257420056076528 0.002873758099591057 -0.001023443178229175
0.002863747254346265 0.009109880854286467 0.001805826964882106
0.003604427623305563 0.009310506008365024 0.0005530858568233743
-0.002210129166003294 0.01098128203328761 -0.001642179436698248
-0.002811944363261765 0.01098128203328761 -0.001262156109862084
-0.00227286552441966 0.01098128203328761 -0.0008625760245410021
-0.0034154068837583 0.009460303954773343 0.001036827544482537
-0.002682562191710308 0.009404856860307245 0.002468268142722531
0.002165194534279601 0.0008824063185300709 0.001754153258911166
0.004203680265287443 0.0006638410310670535 -0.0007749559335862443
0.003825515115575309 0.0006638410310670535 -0.001356160362307072
0.003569692593334354 0.002159713440561662 -0.0004294584414840071
0.00286944645660564 0.001495872409494608 -0.0002289627649896311
-0.002941821236939149 0.01115660101455486 -0.003112699416382485
-0.002340006039680677 0.01115660101455486 -0.003492722743218649
-0.002647974291420597 0.01013788304784247 -0.002306804754992346
-0.001911853735916924 0.008931115478544124 -0.002871306324832059
-0.001447516747007567 0.009535900598610895 -0.001288376106779223
-0.00298243440665257 0.009357778946508447 -0.00203919166652478
-0.003251635980215836 0.008343188252544136 -0.002175580840308489
-0.00278729899130648 0.008947973372610907 -0.000592650622255654
-0.001716718320570834 0.008521309904646585 -0.001424765280562932
-0.00157739362068495 0.009711219579878149 -0.003138919413299624
-0.0001910181407704117 0.0111377461235702 -0.004086649657057175
-0.0008592655390884127 0.0111377461235702 -0.004311018540957582
-0.0006778777338485568 0.009692364688893488 -0.003511873035704004
0.0001099235168062243 0.01055461856532329 -0.002695267386439672
0.001504709052632982 0.003648326627711136 -0.001721501412382917
0.0034436924196391 0.003113839923062015 -0.002028716453146433
0.002482747781209005 0.003766313347109295 -0.0005815235070411362
0.0002278980740547127 0.008040321554743705 -5.56315300421869e-05
0.0008398861610726075 0.006277030735693492 -0.0003449849128679603
-0.0006118581934450708 0.006680688234495575 0.0002892182951427892
-0.00140739777939591 0.007542937233208346 -0.0004833036455371553
-0.0007954096923780153 0.005779646414158133 -0.0007726570283629287
4.434657512176815e-05 0.007139279734406262 -0.001117506853547905
0.00324733412289011 0.007309624829655782 -0.001018624720111135
0.002885699553820614 0.006821262899527388 -0.001781713046854005
0.003410896728417148 0.005273371809171265 -0.002076586548424976
0.002204839603168925 0.006088772965585498 -0.0009847082396239075
0.003772531297486644 0.005761733739299658 -0.001313498221682106
0.00288511534716195 0.007796461010818875 -0.001782544549495736
0.002580998087408157 0.006841518232892925 -0.002798533894364047
0.002580413880749493 0.007816716344184411 -0.002799365397005778
0.001374940962159934 0.007656919389307158 -0.001706655585562978
0.001591119585976791 0.002916893910229672 -0.003117233590960875
0.002816447311109268 0.00380944915774791 -0.002675313919772837
0.0001762136729405739 0.00580695990467231 0.001115899767644484
-0.0004357744140773209 0.007570250723722523 0.001405253150470258
0.001015969940440357 0.00716659322492044 0.0007710499424595082
-0.001870971849103089 0.009203271560060504 6.115511474830891e-05
-0.002768281315118176 0.008701011448258628 0.00155424410770279
-0.001138127157055097 0.009147824465594406 0.001492595712988303
-0.00251886033694539 0.007697444619656289 -0.002583650426810244
-0.0009839426773003879 0.007875566271758738 -0.001832834867064687
-0.0023237249215993 0.007287639045758749 -0.001137109382541118
0.001828902994918111 0.008542716681278021 0.001563883409372749
0.00358467279746472 0.008229973936696161 0.001671185337449976
0.002569583363877409 0.008743341835356577 0.0003111423013140175
-0.003684608457321567 0.008445713260809031 0.0009004383706988275
-0.002140173422666356 0.008188680866096192 -7.523405903540035e-05
-1.032476945293735e-05 0.003891101291069744 -0.003577205556767648
0.000829880748538274 0.003403978788531157 -0.003484550038476903
0.0004201994028846229 0.005318627509176357 -0.003615376422805822
0.001260404920875834 0.00483150500663777 -0.003522720904515078
0.0007099054998380651 0.004183297598299511 -0.00220159194960913
-0.0009462030052435 0.006809922527863221 -0.003268041539692831
-0.0003391964042150331 0.008043593386751056 -0.003555697437714645
0.0003466517097377781 0.008393205926659634 -0.002421983599079761
0.0003843913817946659 0.007327562182764117 -0.003857190271707904
-0.0002603548912906888 0.007159535067771798 -0.002134327701057947
0.002026039914207189 0.009940647843788428 -0.001698650082897052
0.002776664952223817 0.009006839873123772 -0.002732798673710029
0.00333996322773488 0.008890065936360785 -0.00184110577012556
0.001829788842732865 0.008750524314849068 -0.001765216806192802
0.001266490567221801 0.008867298251612055 -0.002656909709777271
0.001474070352797205 0.0008824063185300709 0.002534132767611961
0.002616093175622231 0.00580834277975964 -0.002556677085651189
0.001410036050374008 0.006623743936173872 -0.00146479877685012
0.001105334583961551 0.006643999269539408 -0.002481619624360163
-0.000197171998320275 0.001377885690096449 -0.002148464575070922
-0.0002301651796255638 0.001377885690096449 -0.002941101429582306
-0.00147036683170791 0.0008934746405518777 -0.002103156802368372
-0.001503360013013199 0.0008934746405518777 -0.002895793656879755
-0.0009938135058871302 0.002271360330648327 -0.002118113310868404
0.00198535558713843 0.007329129685063617 -0.003398111465848196
0.003635286873794241 0.006255397112631291 -0.0003723000529429096
0.002067595179476522 0.006582436338917129 -4.351007088471061e-05
0.002592792354073056 0.005034545248561006 -0.0003383835724556816
-0.0009457497314005335 0.004680805071657301 -0.003609159930870974
-0.0002255194621095311 0.004973001378887067 -0.002233546323712456
-0.0006560436344470913 0.003545475160780455 -0.002195375457674282
-0.001637220305701795 0.002067264055199352 0.003090118183540554
-0.001279721965204008 0.001413488633641438 0.00260251506793204
-0.002464019001947971 0.000653775421557914 0.003640234076708768
-0.002853577165111179 0.001521237525648457 0.002540257195450979
-0.002496078824613392 0.0008674621040905433 0.002052654079842465
-0.001669280128367215 0.002280950737731981 0.001502538186674252
0.001935233224970542 0.005075852845817748 -0.001759672278421092
0.002134490309145321 0.008730268981483531 -0.0007483959586827601
-0.0003301740387238217 0.002163185816429885 -0.003537159006194566
-0.0008397205458498904 0.000785300126333436 -0.004314839352205916
-0.001603368872111457 0.001678774766885314 -0.003491851233492015
0.0005982609997426701 0.001377885690096449 -0.001773707917937755
0.001576299728318693 0.001495872409494608 -0.0006337300125959747
-0.001595911370942134 0.01098128203328761 -0.001294884757521417
-0.001683376921020382 0.01098128203328761 -0.0003935632798632551
-0.0008003911783674432 0.00877660809209618 -0.0007709595435589695
0.000651353176150235 0.008372950593294097 -0.001405162751569719
-0.0002252598030766147 0.006126359614638513 -0.001892470892345089
0.00041948647000874 0.006294386729630832 -0.003615333462995046
-0.0007543342410708356 0.001413488633641438 0.001800146321462321
-0.00197069110048022 0.0008674621040905433 0.001250285333372746
4.570668602384197e-05 0.00301024468205089 -0.003579943319556741
0.0007023640345941363 0.01071131179943416 0.001993687915747364
0.0009175540847181569 0.01071131179943416 0.002621169151223972
-0.0001626386580052853 0.01092583493882151 0.002975216506825555
2.778470907621332e-05 0.009637146738255675 0.002052572392406461
-0.0003778287081293058 0.01092583493882151 0.002347735271348947
-0.000282829307393394 0.00892331271410305 -0.003558463938007149
0.000440758478616305 0.008207281510116109 -0.003859956772000408
0.003681470959141689 0.009254724664003854 -0.001147237193409742
0.003794515299682543 0.009471714668834438 -0.0003757486017377582
0.003789092506690421 0.008653333623182165 -0.0002365898767128327
0.001029762374290247 0.01102871089027571 -0.002930193497137181
0.0002419611236354662 0.01016645701384591 -0.003746799146401514
0.0005429027812121021 0.009583329455598994 -0.002355416875784011
-0.0006127962502847359 0.01055461856532329 -0.001225677938170534
0.002020450675352504 0.006295954231930332 -0.003156254657135338
-0.00263633483022486 0.006964959263558468 0.0002072872118241739
-0.00172000768802147 0.007220257451008064 0.0008610929488281368
-0.001411148657960358 0.007995370587753767 0.001533687032390779
-0.001907310065518862 0.006771648985216042 0.001816208303250354
-0.002327475800163748 0.007740072400304171 0.0008798812953868165
-0.00197204073769621 0.002823899812360952 0.002815879333708364
-0.003188397597105594 0.002277873282810058 0.002266018345618789
-0.001780549099792209 0.0007379908303087788 0.003968187351363619
-0.001040837413040546 0.0007379908303087788 0.003968187351363622
-0.0005400102784523455 0.001413488633641438 0.002602515067932042
-0.000953750403546032 0.002151479463950217 0.003418071458195406
-0.0001167884484132121 0.01105454126344685 -0.001221348197283275
3.160617552135488e-05 0.009609159828770131 -0.001214839546541081
-0.0002042539984914602 0.01105454126344685 -0.0003200267196251134
0.002021643758314351 0.004344420128336284 -0.00315540445699905
0.003226623078568759 0.008161119738461946 -0.001088675972779918
0.00333424462611749 0.007559728697640255 -0.0001780286560830089
0.0003635653588183285 0.011 0.004271906632821533
0.001111879570196296 0.0113873633149928 0.0041572841377565
0.001302302937277795 0.01009867511442696 0.003234640023337406
0.0005539887258998271 0.009711311799434163 0.003349262518402439
-0.002357753680740415 0.01098128203328761 -9.58471722975235e-06
-0.001624908988692423 0.01092583493882151 0.001421855881010242
-0.0001714731475318894 0.000785300126333436 -0.00409047046830551
0.0004380822186924372 0.001377885690096449 -0.002716732545681899
-0.0008897182759237542 0.003799948462638447 -0.003611897693660067
0.002021025780089723 0.005319949237572104 -0.00315584496465965
0.001491994400692009 0.01071131179943416 0.002021285555279742
-0.002955583692615569 0.008252402982466607 0.002509359462125007
-0.001325429534552489 0.008699215999802383 0.00244771106741052
-0.001108019601003575 0.00545696663195785 0.0005717395660023634
-0.001903559186954414 0.006319215630670621 -0.0002007823746775811
-0.0009319358216358252 0.006346529121184798 0.001687774421329832
0.0037747604738417 0.008391182597165574 0.0007423508788888432
0.0005702797828742247 0.005264110615925742 -0.001119948951665144
-0.003118439596668431 0.01098128203328761 0.0001417251191398502
0.003026482103914025 0.01132545880976948 0.002546165025538763
-0.003476589358166208 0.002257235585194243 -0.0006925272197694002
-0.002743655092836502 0.001413836599749455 -0.0005497585365643531
-0.004170992136686442 0.000843398985444788 -0.0008326829268756179
-0.003585467370645457 0.001736873625996666 -0.001524128574123259
-0.00285253310531575 0.0008934746405518777 -0.001381359890918212
-0.002158130326795517 0.002307311240301333 -0.001241204183811994
-0.002928431810470861 0.003321781579973143 0.002561871070385899
-0.001409314341732482 0.003324859034895067 0.001798390911441362
-0.002625671201141866 0.002778832505344172 0.001248529923351786
-0.00176867968907794 0.0007744358806118559 -0.003931416912897653
-0.002349904302833811 0.0007744358806118559 -0.0034860747375631
-0.00208458462676907 0.0008934746405518777 -0.002450451481545202
-0.002532328015339506 0.001667910521163734 -0.003108428794183751
0.002181029000602848 0.009494287842766531 -0.003331956007498729
0.001984777929128524 0.008304164313827168 -0.003398522730794479
0.00281582933288464 0.004784978266983728 -0.002675754427433437
0.001687317137491203 0.0006914284920765447 -0.003713696034652776
-0.002038442972706188 0.001413836599749455 -0.0008392467150340976
-0.002147320985185437 0.0008934746405518777 -0.001670848069387957
-0.000526204016823615 0.009925834938821512 0.003703309874004022
0.001393809940186023 0.008529643827404974 0.000504345149375971
-5.793441433165508e-05 0.008933301326207057 0.001138548357386721
0.0007301374520539896 0.008059572996383792 0.001965229829888416
-0.003711011909879685 0.01013788304784282 0.0002595950808043375
-0.003982954415118266 0.007794419569660424 0.0001092180263510335
-0.003066627272914875 0.00804971775711002 0.0007630237633549964
-0.003253929650412268 0.007601109291317998 0.001718139117777213
0.0006370095500906291 0.009397405039055472 -0.003793390048704659
-0.0004012529492779281 0.005668643469428412 -0.003423411382014695
-0.001767202083563085 0.005030821031909357 -0.003417194890079846
0.003399133334503399 0.00307885700451657 0.001080615666542463
0.002817468620182148 0.002465390913552033 0.002384458033720818
-0.001038974495214291 0.01003582329673446 -0.0003827248882338029
-0.002779154231860087 0.0008674621040905433 0.001369249592493202
-0.003757569560337146 0.01095296282984067 -0.002212759014753767
-0.003463722614818594 0.009934244863128279 -0.001406864353363628
-0.0003918489265741675 0.00927653079021974 0.0001346916749864507
-0.0003061298031662991 0.009980376202268357 0.001048715710006191
-0.00356278868047338 0.006825996154572296 0.001045545034214571
0.001059895427943511 0.008872873291417657 -0.0004995115330242988
0.00310296168849368 0.006834667421024138 0.002419977930463606
0.002502688234208609 0.006595509192790176 0.001016028189112067
0.003055821384665724 0.0057673668501266 0.002006764337635054
0.002447283984314289 0.005244704712456852 0.002891530160840963
0.001847010530029218 0.005005546484222891 0.001487580419489424
0.001894150833857175 0.006072847055120429 0.001900794012317976
-0.003161847429566668 0.0008674621040905433 0.0001313814774570528
-0.003894781694896374 0.001710861089535331 -1.13872057479944e-05
-0.002467444651046434 0.002281298703839999 0.0002715371845632705
-0.003579742342325012 0.006485032015041844 0.0001964303035355042
-0.003562919002861001 0.005994777556536481 0.001044869260302122
-0.003881969231303375 0.005897474407111029 -0.0006463792109275811
-0.003865145891839364 0.005407219948605664 0.0002020597458390366
-0.002518395984558337 0.005408978240539524 0.0003008047052246258
0.0003945081572775351 0.01102871089027571 -0.002361925526526205
-0.003983084737505887 0.006963200971624609 0.0001085422524385847
-0.003999908076969897 0.007453455430129973 -0.0007398967043280328
0.001227838911976738 0.005222803018668999 0.0003013397543002654
0.001403922691344488 0.006112365507895947 0.001417374609627734
0.003722122792434233 0.005768270168438732 0.000469407083936109
0.00363557200521679 0.005279334863587601 -0.0003712802953551934
0.001686319886170148 0.0113873633149928 0.00355740054181227
-0.002456635309436354 0.0008674621040905433 -0.0001581067010126917
-0.002541523465757108 0.0008674621040905433 0.0006948846062985582
-0.0008174013564794644 0.002710110059745763 -0.003391250510006985
-0.0020905961898671 0.002225699010201192 -0.003345942737304434
0.00206393411160307 0.001495872409494608 5.521633082959038e-05
-0.002938561719203224 0.006377401655627652 -0.0006355223026389113
-0.001766942424530168 0.006184179267660803 -0.003076119458712479
-0.001591208937361771 0.005488537177119458 -0.00188625440041024
0.0008371961284022369 0.001033991902067458 -0.004076269560294284
0.0006784952372103047 0.002411877592163908 -0.00352295809818334
0.002261459548721792 0.00941472755221843 0.002675335734133858
-0.003261475610867247 0.006489837114492745 0.001841809837974385
-0.002952616580806135 0.007264950251238448 0.002514403921537027
-0.0008397526607970443 0.01092583493882151 0.002779625354554151
0.001451062995172445 0.007179666078793487 0.001830588202456286
0.0007953852909930536 0.0055897033702262 0.002302140432833642
0.004221026431363137 0.001003483908834904 0.0001032967586620257
0.003587038759410048 0.002499356318329512 0.0004487942507642629
-0.001145176619048359 0.008867820594433525 -0.003369944213821603
-0.001752183220076826 0.007634149735545692 -0.003082288315799789
0.003772816428909194 0.004785671490255969 -0.00131247846409439
0.003339727534836653 0.00986584545797797 -0.001841441029039423
0.002776429259325589 0.009982619394740957 -0.002733133932623891
0.0004817135210425345 0.001029224817161805 -0.0007020069526997805
0.0001628338488003693 0.002407110507258254 -0.00109172011833298
0.001140872577376393 0.002525097226656413 4.825778700880022e-05
-0.002207478864411701 0.003325207001003084 0.0005673899093303805
-0.003675690000476856 0.003491803670902352 0.0005830822827230153
-0.003517463450381423 0.002994269869398178 -0.0003939104560655005
-0.003935655787111589 0.002447895373739267 0.0002872295579559053
0.003532793225757445 0.00297230740191569 -0.000587849251655492
0.003780082222313899 0.003746875930035768 -0.001285907485809234
-0.00144895436930691 0.001413836599749455 -0.0003702339703563504
-0.002123331129026943 0.001413836599749455 1.374459227715234e-05
-0.00390314872999164 0.003991143585953077 -0.0004601114459556626
-0.002434937593926484 0.003824546916053809 -0.0004758038193482974
-0.002593164144021917 0.004322080717557982 0.0005011889194402184
0.002004196145629559 0.00635152373612991 0.002821324350979273
0.003509177907367449 0.004347088905968281 0.001323755601127918
0.002345503357516602 0.004259976720440927 0.0003596746616980606
0.002900640507016015 0.003824426768298534 0.002208521424333826
0.001736965957165167 0.00373731458277118 0.001244440484903969
0.00125968599704218 0.005807116676599246 -0.003522927291324888
0.002192987179124469 0.001802439119130494 0.003234169512174366
0.001500193445176622 0.01071131179943416 0.0008462114856757266
0.00224087381413592 0.01091193695351272 -0.0004065296223830046
0.002114735483304478 0.007649736909814669 0.0003697035219438413
-0.000504729421541803 0.001029224817161805 0.0007639371575329052
-0.001075561786818692 0.001029224817161805 0.0002085364304587172
-0.001419675308838183 0.001896686921252348 0.0004663290227448353
0.00194291430844883 0.01002217180020389 0.002927936549158804
-0.001054076623415534 0.01092583493882151 0.00197725660808443
0.004098439223358349 0.001003483908834904 0.000782570415384468
-0.001557832381786158 0.0008934746405518777 -0.00120183532471021
-0.0004011850270986587 0.001029224817161805 -0.0001754421321747856
-0.001110360984587266 0.001922699457713682 -0.001046412345630429
-0.0003137194770204105 0.001029224817161805 -0.001076763609832947
0.0007740629395571431 0.009765853062881009 0.0006946683544046086
-0.001752826318427061 0.003499813840333319 -0.003423204884110311
-0.001929238467834726 0.003061064111235883 -0.002150067684971731
0.0009514450330053779 0.01008325215372255 -0.001449765657238591
-7.808632578460705e-05 0.001413488633641438 0.002170624984726839
5.526512594746728e-05 0.001413488633641438 0.001454134689777167
-0.00125108779163705 0.002827325233390893 0.0008213981726528459
-0.0002263966876925036 0.003872187341364118 0.001026132043540421
-0.001024561210371722 0.003872535307472135 -0.0002048689585705598
-0.001182787760467155 0.00437006910897631 0.000772123780217956
-0.001078316972833735 0.002915449879674884 0.00337659157224665
-0.003107890912364999 0.00376181515526673 -0.002064418191749985
-0.001820360455355478 0.003581426070433461 -0.001318466330617871
-0.003336782771325789 0.003008062284332179 -0.001155554690590248
-0.003445660783805037 0.002487700325134602 -0.001987156044944108
-0.0002033184494287988 0.002442713450803243 0.001016190010834411
0.0001397556105366645 0.00383658439781913 -0.00108177808562697
0.001365083335669142 0.004729139645337367 -0.0006398584144389313
0.003411022536914504 0.004298747922605661 -0.00207640739084102
-0.003732712437646972 0.006965652050385939 -0.001543649494899357
-0.00361477359198045 0.005409671027366995 -0.001450132001498905
0.0005539887258998271 0.008711311799434164 0.003349262518402439
0.001645261389482901 0.009245709221447285 0.003098512165221641
0.001267421389737235 0.007882658618962752 0.003365216958305179
0.0001761487261541613 0.007348261196949629 0.003615967311485976
0.003318072829947278 0.0009200328006004233 0.002944195306172936
0.00089126775784736 0.002909361043136046 0.001084466950938216
0.001117794339112688 0.003954571117217288 5.819981971481092e-05
0.000392774930359976 0.00365493080691801 0.00221237270872958
0.0006193015116253037 0.004700140880999252 0.001186105577506174
-0.0001912240910620919 0.00162039714883885 0.003753981601548151
0.0003096030435261088 0.002295894952171509 0.002388309318116572
0.0002225160340315946 0.0008824063185300709 0.002938425211284787
2.32081318365289e-05 0.003487923524884485 -1.007712038899491e-05
0.001797988801278139 0.005569516219149381 -0.0008184741096818948
-0.000526204016823615 0.008925834938821511 0.003703309874004022
0.002982385091840248 0.008534820634628125 0.002540694106701728
-0.004004858855398232 0.000843398985444788 -0.001521751190666444
-0.002686399824027541 0.0008934746405518777 -0.002070428154709039
-0.001001482972108017 0.00244306141691126 -0.0002148109912765705
0.00372177948932252 0.004781806911140442 0.0004744288158732283
0.003521980009596269 0.005275890577109543 0.001294694077380885
0.0008369606263274346 0.01096652344330622 -0.004076321525738677
0.001269939890733313 0.009995234333581932 -0.003736471015083017
0.002326931257341183 0.01131086000076972 0.003250697067633668
-0.004316982045810161 0.01129939508850784 -8.86697284897698e-05
-0.004176620093691704 0.01129939508850784 -0.0008034826937008777
-0.002978077644549974 0.01098128203328761 -0.0005730878460712577
-0.003716639866884943 0.01028067712179545 -0.0006866562961015646
-0.002480246691028207 0.005832551721905298 -0.002619625795279487
-0.002999936794376527 0.006319908417498093 -0.001951719081401112
-0.002480506350061124 0.004679193486153851 -0.002960701226646855
-0.003000196453409443 0.005166550181746648 -0.002292794512768479
-0.0003135486439734305 0.0009999999999999996 0.004076315480550129
0.0005360646780050238 0.00188240631853007 0.003862109730734658
-0.0002264616344789163 0.002413488633641438 0.003526199587381914
0.001073688819258988 0.008805110804642571 -0.003803037738378767
0.002913442609244834 0.004753228439439795 0.002179459900586793
-0.003732924188381861 0.008919654169163967 -0.001543253527147337
-0.002919345203951373 0.004451785476857888 -0.002432860398356261
0.0003048699454764998 0.001029224817161805 0.0004179255258477512
0.001399456152752658 0.001495872409494608 0.000486202465951557
0.0008177914384314074 0.0008824063185300709 0.001790044833129912
0.0005592078630551414 0.001911631135691876 0.001352100154187155
0.001224590908828106 0.006840292129732532 -0.003764784100037747
-0.0008849354934078815 0.002791722289845904 -0.001286511956514545
-0.0007956693514109318 0.004626288178406686 -0.001113732459730296
-0.00248082382198645 0.006809123849461036 -0.002619099200705226
-0.003213599465256896 0.007454867482348883 -0.002211029614203472
-0.003637223595682994 0.004182872503629361 0.001247652723155259
-0.003864682325197777 0.004682212418680085 0.0002044589944765814
0.00420183114970386 0.01123525952887559 0.000209701424491797
0.003046386159138491 0.01091193695351272 -0.0006907087182022262
-0.002034708045608386 0.003413331647287075 0.003122583308924185
-0.003722468050936005 0.004004936000887077 -0.00122175568048041
-0.002206045734965694 0.004578299786988359 -0.001384667320508033
-0.003732995534510941 0.007943058847683615 -0.001543120073417613
-0.002205786075932778 0.005731658022739805 -0.001043591889140666
-0.002126562656364331 0.00991495272558523 0.003123948368059419
0.002363426199696216 0.002901304970328608 0.003068201718009218
0.00361173491645847 0.003513575009688732 0.0002312888812877738
0.001482269397281818 0.0008824063185300709 0.001359058698007946
-0.001767364283471441 0.004338697937113921 -0.003417126478779805
-0.00353392234252238 0.004694906322478236 -0.001590197887086688
-0.003730643831684474 0.009446626356280748 -0.0006039199588977026
-0.00399984540524774 0.008432035662316439 -0.0007403091326814119
-0.003980213483442951 0.009123292353878511 0.0001232059070206282
0.004203680265287443 0.01115660101455522 -0.0007749559335862449
0.003746632295867204 0.01006853796806794 -0.0008912043946966027
-0.003635913748104887 0.0008096423551386681 -0.002416427505581466
-0.003216522263352112 0.001703116995690546 -0.002418804889038281
-0.003521492524644667 0.001710861089537239 0.001865264181841337
-0.0006584121640834061 0.003834031018045764 0.002384578439482203
-0.00128380586795931 0.003922503630437771 0.003708770836965027
-0.001614803236858057 0.004331912785657954 0.002130570176159738
0.0009693479043269106 0.001029224817161805 -1.306060927421545e-05
-0.0003135486439734305 0.011 0.004076315480550129
0.000678644549649733 0.01105454126344685 -0.0008465915401501083
0.00118994115534048 0.01102871089027571 -0.001987168869393038
0.001227347316123927 0.006896504370668582 0.003384222483296586
0.002326112858988048 0.00737964805556281 0.002982876062780919
0.000684439986699333 0.0008824063185300709 0.002506535128079583
0.001155301242843916 0.003123848491806643 0.002548282852082324
-0.002563501251163643 0.003775311034112496 -0.002881431868855242
-0.002901271122603682 0.002501196203980368 -0.002804169722049366
-0.0002444772563972315 0.01092583493882151 0.001631244976399276
0.001282660369731982 0.00586271533422493 0.003357759447841779
0.001725748208416712 0.004755896310551873 0.003427965257703469
-0.0002452367918290473 0.008484692860415036 0.002093663711808937
-0.001410246489981938 0.004869409024027034 -0.0002710699484607218
-0.004311354088804898 0.000843398985444788 -0.0001178699616645101
-0.003302209381685124 0.0008674621040905433 0.0008461944426681607
0.001514743308516442 0.009966478216959566 -0.0005580727536541226
-0.00128380586795931 0.005918581138370879 0.003708770836965027
-0.002031059400535098 0.00542053867250373 0.003280058018587516
-0.001651080856083694 0.007271419814947426 0.003594793178271235
-0.002398334388659482 0.006773377349080277 0.003166080359893724
-0.001231176047333366 0.006193923445385198 0.002602780045506788
-0.001379140122285279 0.009425834938821511 0.003553309874003998
-0.0007992255177288757 0.007773381060980872 0.003744401193406498
-0.00165216162319054 0.008273381060980873 0.003594401193406475
0.0005018009740836982 0.01105454126344685 0.0002733409383974234
-0.0003077983929346046 0.01105454126344685 0.0006193525700825775
-0.0006757066122006573 0.006846299950916183 0.003466359296350714
-0.0002558018034503286 0.005768803581353954 0.002474346163586267
-0.0006230767915747132 0.007121642257930501 0.002360368504892474
-0.002397450666434053 0.007771428592094956 0.003166815398006098
-0.002399584157269592 0.008762498847744592 0.003165039687461896
0.001224413044852298 0.007814944421496502 -0.003764835124848871
-0.0002264616344789163 0.003413488633641438 0.003526199587381914
0.0005360646780050238 0.00288240631853007 0.003862109730734658
0.0008357154863262106 0.01071131179943416 0.001277197620797693
0.001166278932934109 0.01105454126344685 -0.0001576451967245432
-0.003635683933149013 0.003098258934693423 0.00125553279473235
-0.003895649719783746 0.002054350637530337 0.0009596800699652401
-0.001283788276104357 0.004920570784211847 0.003708777212727277
-0.0004318855828180784 0.004879241092127006 0.001358311308258798
-0.001540035077394477 0.005418810308639496 0.001930185961944145
-0.002707193418720594 0.005998264212334574 0.002493486276331081
-0.002936694377512504 0.01098911778676372 0.002813549487256262
-0.003923702841625356 0.01095296282984067 -0.001523690750962941
0.003050075911376837 0.01131086000076972 0.003150809555489593
-0.003261782853971677 0.005503148470066527 0.001841288738679075
-0.00270860186233384 0.005252294576584627 0.002492313377952693
-0.002032467844148343 0.004674569036753782 0.003278885120209127
0.002446598086530083 0.004260340825075109 0.002892265108622226
0.0003635653588183285 0.0009999999999999996 0.004271906632821533
0.0008996300368233536 0.0008824063185300709 0.003134016363556191
0.003103026015559058 0.007819810585099361 0.002419908972837898
0.002366186932601356 0.00836580230385698 0.002963870537789512
-0.002783370021797419 0.004165397053603085 0.002692697592168285
-0.002290937255043554 0.004909638325488798 0.001343998433903304
-0.003336551013435256 0.004416250947084985 0.002041672952894667
0.003825515115575308 0.01115660101455522 -0.001356160362307073
0.002668221009426357 0.01091193695351272 -0.001271913146923054
0.003859023913014924 0.004288143537808811 -0.0004667693528659684
-0.003881922737529119 0.004919285452492823 -0.0006466852202385565
-0.003562455436219414 0.005269770026610902 0.001047268508939667
0.0001761487261541613 0.006348261196949629 0.003615967311485976
-0.0004319505296044911 0.005420542384404326 0.00385837885210029
0.00352258329590946 0.006056980263727205 0.001293299497750366
0.003569723599737417 0.007124280834624743 0.001706513090578918
0.00376926309626219 0.006835570739336271 0.000882620676764661
0.002594928175911625 0.0009200328006004233 0.003044082818317011
0.0006192365648388911 0.004241442173276572 0.003686173121347666
-0.0004319505296044911 0.004420542384404326 0.00385837885210029
0.0001872860352344012 0.004661984557680897 0.002544551973447956
0.001420664116326622 0.009005067950435862 -0.003698268401553121
-0.002653618970265809 0.01098911778676372 0.003496953974605524
-0.001579464347548706 0.01092583493882151 0.002779625354554149
0.003418610354544757 0.01095390850446525 -0.002306396996649893
0.002104922733915293 0.01102871089027571 -0.002163606050507522
0.003769337680849577 0.007572801551513301 0.0008815096039137688
0.001472172670300489 0.003741442173276571 0.003536173121347667
0.001389000783466621 0.00238240631853007 0.003712109730734659
0.0006192365648388911 0.005241442173276572 0.003686173121347666
-0.00315983252358136 0.01129975233361911 0.002922552308260889
-0.004311354088804903 0.01115660101455521 0.0008575816484161324
-0.00290127112260374 0.0008934746405518777 -0.002804169722049307
0.001687317137491203 0.01131120485640972 -0.003713696034652776
0.002442185913274119 0.01131120485640972 -0.003654989511306479
0.001784631150073163 0.01102871089027571 -0.002871486973790884
0.002120296401897081 0.01033991574668543 -0.003373845523997115
0.003098318770702627 0.01095390850446525 -0.003014277919933255
-0.003366393855908237 0.003656996957803254 0.001989626354002255
-0.00362635964254297 0.002613088660640169 0.001693773629235145
-0.00431222211369227 0.001186888533439794 0.0008531973140487245
0.001753239430851544 0.01091193695351272 -0.00109547596580857
-0.001758781425924806 0.01115660101455486 -0.003938064918553202
-0.003415009768728155 0.0008433989854466954 0.002281836575749863
-0.00313193436148146 0.0008433989854466954 0.002965241063099126
-0.001095996831591639 0.01113990724174145 0.003950715369720649
-0.001308652204441824 0.01006574218056296 0.003577709763174542
-0.003965963080653092 0.01129975233361911 0.001716092671086585
-0.001835708518343302 0.01113990724174145 0.003950715369720647
0.001118628547793047 0.0007955475342008306 0.004155156426832922
0.001291127866979742 0.001677953852730901 0.003745359524746048
-0.003752517325166521 0.0008674621040905433 0.001433047180205053
0.001492773258917747 0.0008824063185300709 0.003671808562012876
-0.0008786307582114932 0.01105454126344685 6.395184300838941e-05
0.001106201056723166 0.009466555518836007 -0.001463723972199543
0.003334170041530102 0.006822497885463224 -0.0001769175832321167
$EndNodes
$Elements
3 799 1 799
2 2 9 64
1 3 522 1 530 531 18 
2 1 511 17 532 533 33 
3 1 522 511 531 534 532 
4 4 507 3 535 536 19 
5 507 522 3 537 530 536 
6 5 525 4 538 539 20 
7 4 525 507 539 540 535 
8 6 509 5 541 542 21 
9 509 525 5 543 538 542 
10 7 524 6 544 545 22 
11 6 524 509 545 546 541 
12 8 505 7 547 548 23 
13 505 524 7 549 544 548 
14 9 513 8 550 551 24 
15 8 513 505 551 552 547 
16 10 510 9 553 554 25 
17 510 513 9 555 550 554 
18 11 520 10 556 557 26 
19 10 520 510 557 558 553 
20 12 508 11 559 560 27 
21 508 520 11 561 556 560 
22 13 521 12 562 563 28 
23 12 521 508 563 564 559 
24 14 512 13 565 566 29 
25 512 521 13 567 562 566 
26 15 526 14 568 569 30 
27 14 526 512 569 570 565 
28 16 506 15 571 572 31 
29 506 526 15 573 568 572 
30 17 523 16 574 575 32 
31 16 523 506 575 576 571 
32 511 523 17 577 574 533 
33 513 514 505 578 579 552 
34 514 519 505 580 581 579 
35 519 524 505 582 549 581 
36 506 523 518 576 583 584 
37 518 527 506 585 586 584 
38 506 527 526 586 587 573 
39 509 519 507 588 589 590 
40 507 525 509 540 543 590 
41 507 519 517 589 591 592 
42 517 528 507 593 594 592 
43 507 528 522 594 595 537 
44 515 520 508 596 561 597 
45 508 529 515 598 599 597 
46 521 529 508 600 598 564 
47 509 524 519 546 582 588 
48 510 514 513 601 578 555 
49 510 515 514 602 603 601 
50 510 520 515 558 596 602 
51 518 523 511 583 577 604 
52 511 528 518 605 606 604 
53 522 528 511 595 605 534 
54 512 529 521 607 600 567 
55 526 527 512 587 608 570 
56 527 529 512 609 607 608 
57 515 516 514 610 611 603 
58 516 517 514 612 613 611 
59 517 519 514 591 580 613 
60 515 529 516 599 614 610 
61 516 518 517 615 616 612 
62 516 527 518 617 585 615 
63 516 529 527 614 609 617 
64 518 528 517 606 593 616 
2 3 9 64
65 45 2 635 60 643 644 
66 2 59 624 75 645 646 
67 2 624 635 646 647 643 
68 46 45 620 61 648 649 
69 620 45 635 648 644 650 
70 47 46 638 62 651 652 
71 46 620 638 649 653 651 
72 48 47 622 63 654 655 
73 622 47 638 654 652 656 
74 49 48 637 64 657 658 
75 48 622 637 655 659 657 
76 50 49 618 65 660 661 
77 618 49 637 660 658 662 
78 51 50 626 66 663 664 
79 50 618 626 661 665 663 
80 52 51 623 67 666 667 
81 623 51 626 666 664 668 
82 53 52 633 68 669 670 
83 52 623 633 667 671 669 
84 54 53 621 69 672 673 
85 621 53 633 672 670 674 
86 55 54 634 70 675 676 
87 54 621 634 673 677 675 
88 56 55 625 71 678 679 
89 625 55 634 678 676 680 
90 57 56 639 72 681 682 
91 56 625 639 679 683 681 
92 58 57 619 73 684 685 
93 619 57 639 684 682 686 
94 59 58 636 74 687 688 
95 58 619 636 685 689 687 
96 624 59 636 645 688 690 
97 626 618 627 665 691 692 
98 627 618 632 691 693 694 
99 632 618 637 693 662 695 
100 619 631 636 696 697 689 
101 631 619 640 696 698 699 
102 619 639 640 686 700 698 
103 622 620 632 701 702 703 
104 620 622 638 701 656 653 
105 620 630 632 704 705 702 
106 630 620 641 704 706 707 
107 620 635 641 650 708 706 
108 628 621 633 709 674 710 
109 621 628 642 709 711 712 
110 634 621 642 677 712 713 
111 622 632 637 703 695 659 
112 623 626 627 668 692 714 
113 623 627 628 714 715 716 
114 623 628 633 716 710 671 
115 631 624 636 717 690 697 
116 624 631 641 717 718 719 
117 635 624 641 647 719 708 
118 625 634 642 680 713 720 
119 639 625 640 683 721 700 
120 640 625 642 721 720 722 
121 628 627 629 715 723 724 
122 629 627 630 723 725 726 
123 630 627 632 725 694 705 
124 628 629 642 724 727 711 
125 629 630 631 726 728 729 
126 629 631 640 729 699 730 
127 629 640 642 730 722 727 
128 631 630 641 728 707 718 
3 1 11 671
129 638 160 622 739 764 765 656 766 767 768 
130 509 145 740 746 769 770 771 772 773 774 
131 626 618 155 737 665 775 776 777 778 779 
132 638 160 739 759 764 768 766 780 781 782 
133 506 162 745 748 783 784 785 786 787 788 
134 87 525 509 740 789 543 790 791 771 792 
135 520 515 508 736 596 597 561 793 794 795 
136 86 737 618 739 796 779 797 798 799 800 
137 150 740 145 746 801 770 361 802 774 773 
138 508 529 521 745 598 600 564 803 804 805 
139 162 132 745 748 332 806 784 788 787 807 
140 86 155 618 737 271 775 797 796 779 778 
141 638 739 622 759 766 767 656 780 808 781 
142 509 145 87 740 769 193 790 771 791 770 
143 618 637 161 739 662 809 810 799 811 812 
144 521 79 508 745 813 814 564 804 803 815 
145 151 736 745 760 816 817 818 819 820 821 
146 79 736 508 745 822 794 814 815 803 817 
147 139 510 520 736 823 558 824 825 793 826 
148 737 739 86 763 800 798 796 827 828 829 
149 145 150 87 740 361 360 193 770 791 801 
150 732 733 731 741 830 831 832 833 834 835 
151 112 114 733 763 465 836 837 838 839 840 
152 112 733 113 757 837 841 461 842 843 844 
153 125 737 86 763 845 796 357 846 828 827 
154 731 733 732 742 831 830 832 847 848 849 
155 732 745 132 748 850 806 851 852 807 787 
156 151 741 736 760 853 854 816 819 821 855 
157 151 736 79 745 816 822 314 818 815 817 
158 740 746 150 752 773 802 801 856 857 858 
159 520 510 515 736 558 602 596 793 795 826 
160 132 745 732 760 806 850 851 859 860 820 
161 106 737 109 743 861 862 445 863 864 865 
162 736 741 107 757 854 866 867 868 869 870 
163 746 756 113 757 871 872 873 874 843 875 
164 638 622 620 759 656 701 653 780 876 808 
165 112 743 733 757 877 878 837 842 844 879 
166 112 114 113 733 465 464 461 837 841 836 
167 628 737 633 749 880 881 710 882 883 884 
168 112 113 111 757 461 460 456 842 885 843 
169 114 744 733 763 886 887 836 840 839 888 
170 106 737 743 747 861 865 863 889 890 891 
171 86 125 155 737 357 307 271 796 778 845 
172 147 735 636 753 892 893 894 895 896 897 
173 112 733 743 763 837 878 877 838 898 839 
174 733 746 113 757 899 873 841 844 843 874 
175 633 737 141 749 881 900 901 883 902 884 
176 618 737 627 739 779 903 691 799 904 800 
177 515 516 529 745 610 614 599 905 805 906 
178 732 736 733 741 907 908 830 833 835 854 
179 741 743 107 757 909 910 866 870 869 879 
180 636 735 631 753 893 911 697 896 912 897 
181 106 152 109 737 438 306 445 861 862 913 
182 522 528 740 748 595 914 915 916 917 918 
183 107 153 736 757 448 919 867 869 868 920 
184 154 117 170 746 477 488 301 921 922 923 
185 510 736 139 756 826 825 823 924 925 926 
186 515 736 516 745 795 927 610 905 906 817 
187 161 86 618 739 268 797 810 811 799 798 
188 111 743 112 757 928 877 456 885 842 879 
189 170 150 145 746 489 361 299 922 774 802 
190 732 760 738 762 860 929 930 931 932 933 
191 171 735 147 753 934 892 367 935 895 897 
192 636 164 624 735 936 937 690 893 938 939 
193 515 516 736 755 610 927 795 940 941 942 
194 109 737 125 743 862 845 302 864 943 865 
195 154 733 117 746 944 945 477 921 923 899 
196 167 38 522 740 178 946 947 948 915 949 
197 527 506 745 748 586 785 950 951 787 786 
198 633 623 141 737 671 952 901 881 900 953 
199 106 152 737 747 438 913 861 889 891 954 
200 110 109 125 743 451 302 455 955 943 864 
201 525 507 509 740 540 590 543 792 771 956 
202 636 624 631 735 690 717 697 893 911 938 
203 732 748 132 762 852 807 851 931 957 958 
204 733 741 736 757 835 854 908 844 868 870 
205 147 164 636 735 296 936 894 892 893 939 
206 731 738 732 741 959 930 832 834 833 960 
207 732 738 731 742 930 959 832 848 847 961 
208 170 150 746 752 489 802 922 962 858 857 
209 731 741 733 743 834 835 831 963 878 909 
210 125 743 737 763 943 865 845 846 827 898 
211 527 506 526 745 586 573 587 950 964 785 
212 628 623 633 737 716 671 710 880 881 953 
213 87 507 525 740 965 540 789 791 792 956 
214 78 734 625 749 966 967 968 969 970 971 
215 626 627 618 737 692 691 665 777 779 903 
216 171 751 735 753 972 973 934 935 897 974 
217 621 633 83 749 674 975 976 977 978 883 
218 628 633 621 749 710 674 709 882 977 883 
219 120 113 756 757 463 872 979 980 875 843 
220 110 743 125 763 955 943 455 981 846 898 
221 626 155 623 737 776 982 668 777 953 778 
222 625 734 642 749 967 983 720 970 984 971 
223 522 740 38 748 915 949 946 916 985 917 
224 733 740 732 742 986 987 830 849 848 988 
225 81 162 132 745 223 332 331 989 806 784 
226 134 760 732 762 990 860 991 992 931 933 
227 134 732 132 762 991 851 330 992 957 931 
228 153 756 736 757 993 926 919 920 868 875 
229 106 743 104 747 863 994 433 889 995 890 
230 160 148 739 759 325 996 768 782 781 997 
231 134 132 732 760 330 851 991 990 860 859 
232 516 745 736 755 906 817 927 942 941 998 
233 619 636 631 753 689 697 696 999 912 896 
234 733 743 741 757 878 909 835 844 870 879 
235 521 127 79 745 1000 214 813 804 815 1001 
236 745 748 732 755 787 852 850 998 1002 1003 
237 134 738 760 762 1004 929 990 992 933 932 
238 733 736 732 755 908 907 830 1005 1002 941 
239 121 752 744 754 1006 1007 1008 1009 1010 1011 
240 625 734 78 753 967 966 968 1012 1013 1014 
241 99 738 96 761 1015 1016 399 1017 1018 1019 
242 510 515 736 756 602 795 826 924 926 1020 
243 96 738 99 760 1016 1015 399 1021 1022 929 
244 733 742 731 744 849 847 831 887 1023 1024 
245 154 114 117 733 470 475 477 944 945 836 
246 114 115 116 744 466 474 473 886 1025 1026 
247 154 113 733 746 469 841 944 921 899 873 
248 104 106 107 743 433 436 435 994 910 863 
249 507 167 522 740 1027 947 537 956 915 948 
250 625 640 642 753 721 722 720 1012 1028 1029 
251 172 141 737 749 341 900 1030 1031 884 902 
252 637 618 632 739 662 693 695 812 1032 799 
253 625 642 734 753 720 983 967 1012 1014 1028 
254 99 760 738 761 1022 929 1015 1017 1019 1033 
255 154 113 114 733 469 464 470 944 836 841 
256 104 743 741 747 994 909 1034 995 1035 890 
257 623 155 77 737 982 274 1036 953 1037 778 
258 87 150 168 740 360 363 362 791 1038 801 
259 95 738 134 762 1039 1004 393 1040 992 932 
260 522 511 528 748 534 605 595 916 918 1041 
261 618 627 632 739 691 694 693 799 1032 904 
262 744 752 742 754 1007 1042 1024 1010 1043 1011 
263 161 637 80 739 809 1044 265 811 1045 812 
264 151 140 736 741 318 1046 816 853 854 1047 
265 115 744 114 763 1026 886 466 1048 840 888 
266 113 746 130 756 873 1049 472 872 1050 871 
267 627 739 737 750 904 800 903 1051 1052 1053 
268 107 736 140 741 867 1046 437 866 1047 854 
269 734 751 163 753 1054 1055 1056 1014 1057 974 
270 86 739 137 763 798 1058 359 828 1059 829 
271 642 640 629 734 722 730 727 983 1060 1061 
272 95 134 132 762 393 330 396 1040 957 992 
273 163 751 734 761 1055 1054 1056 1062 1063 1064 
274 104 107 741 743 435 866 1034 994 909 910 
275 137 86 161 739 359 268 322 1058 811 798 
276 633 141 83 749 901 280 975 883 978 902 
277 121 742 752 754 1065 1042 1006 1009 1011 1043 
278 148 744 739 754 1066 1067 996 1068 1069 1010 
279 106 108 107 743 443 442 436 863 910 1070 
280 160 129 148 759 259 500 325 782 997 1071 
281 509 740 519 746 771 1072 588 772 1073 773 
282 740 742 733 752 988 849 986 856 1074 1042 
283 640 631 750 753 699 1075 1076 1029 1077 912 
284 87 168 158 740 362 364 190 791 1078 1038 
285 527 518 506 748 585 584 586 951 786 1079 
286 127 151 79 745 315 314 214 1001 815 818 
287 80 637 622 739 1044 659 1080 1045 767 812 
288 629 628 749 750 724 882 1081 1082 1083 1084 
289 640 734 642 753 1061 983 722 1029 1028 1014 
290 733 732 740 755 830 987 986 1005 1085 1002 
291 737 747 172 749 891 1086 1030 884 1031 1087 
292 515 755 736 756 940 941 795 1020 926 1088 
293 641 630 631 735 707 728 718 1089 911 1090 
294 737 749 628 750 884 882 880 1052 1084 1083 
295 734 735 731 751 1091 1092 1093 1054 1094 973 
296 171 133 147 735 387 503 367 934 892 1095 
297 143 747 734 749 1096 1097 1098 1099 971 1087 
298 624 641 631 735 719 718 717 938 911 1089 
299 735 750 631 753 1100 1075 911 897 912 1077 
300 731 737 743 763 1101 865 963 1102 898 827 
301 125 86 136 763 357 356 355 846 1103 828 
302 100 760 99 761 1104 1022 405 1105 1017 1033 
303 124 37 740 742 248 1106 1107 1108 988 1109 
304 638 129 160 759 1110 259 764 780 782 1071 
305 735 739 731 754 1111 1112 1092 1113 1114 1069 
306 164 624 735 759 937 938 939 1115 1116 1117 
307 622 160 80 739 765 262 1080 767 1045 768 
308 735 731 739 750 1092 1112 1111 1100 1053 1118 
309 733 731 743 744 831 963 878 887 1119 1023 
310 38 740 37 748 949 1106 43 985 1120 917 
311 168 740 150 752 1038 801 363 1121 857 856 
312 625 634 78 749 680 1122 968 970 969 1123 
313 629 734 640 750 1060 1061 730 1082 1076 1124 
314 642 734 629 749 983 1060 727 984 1081 971 
315 640 750 734 753 1076 1124 1061 1029 1014 1077 
316 148 119 138 744 497 485 323 1066 1125 1126 
317 510 139 82 756 823 208 1127 924 1128 925 
318 87 158 507 740 190 1129 965 791 956 1078 
319 507 522 528 740 537 595 594 956 914 915 
320 526 159 512 745 1130 1131 570 964 1132 1133 
321 642 629 628 749 727 724 711 984 882 1081 
322 103 741 100 747 1134 1135 418 1136 1137 1035 
323 158 167 507 740 187 1027 1129 1078 956 948 
324 736 732 745 760 907 850 817 821 820 860 
325 164 147 133 735 296 503 233 939 1095 892 
326 164 34 624 759 179 1138 937 1115 1117 1139 
327 164 735 34 759 939 1140 179 1115 1139 1116 
328 731 735 734 750 1092 1091 1093 1118 1124 1100 
329 731 739 737 763 1112 800 1101 1102 827 829 
330 153 82 756 757 338 1128 993 920 875 1141 
331 107 153 140 736 448 449 437 867 1046 919 
332 121 744 119 754 1008 1126 491 1009 1142 1010 
333 127 151 745 760 315 818 1001 1143 820 819 
334 629 640 631 750 730 699 729 1082 1075 1076 
335 152 172 737 747 441 1030 913 954 891 1086 
336 106 109 108 743 445 444 443 863 1070 864 
337 169 103 100 747 419 418 407 1144 1137 1136 
338 739 750 630 759 1053 1145 1146 781 1147 1148 
339 626 623 627 737 668 714 692 777 903 953 
340 108 107 743 757 442 910 1070 1149 879 869 
341 742 744 733 752 1024 887 849 1042 1074 1007 
342 77 141 623 737 277 952 1036 1037 953 900 
343 731 737 734 747 1101 1150 1093 1151 1097 891 
344 151 102 741 760 421 1152 853 819 855 1153 
345 97 751 163 761 1154 1055 403 1155 1062 1064 
346 736 741 732 760 854 833 907 821 860 855 
347 120 113 130 756 463 472 471 979 1050 872 
348 145 509 524 746 769 546 1156 774 1157 772 
349 133 735 171 751 1095 934 387 1158 972 973 
350 112 115 114 763 467 466 465 838 840 1048 
351 731 734 737 750 1093 1150 1101 1118 1052 1124 
352 143 734 747 761 1098 1097 1096 1159 1160 1063 
353 151 101 102 760 420 415 421 819 1153 1161 
354 100 747 741 761 1137 1035 1135 1105 1162 1160 
355 737 731 743 747 1101 963 865 891 890 1151 
356 146 132 162 748 502 332 226 1163 788 807 
357 100 741 760 761 1135 855 1104 1105 1033 1162 
358 129 123 148 759 373 496 500 1071 997 1164 
359 148 138 739 744 323 1165 996 1066 1067 1125 
360 632 739 630 759 1032 1146 705 1166 1147 781 
361 106 105 152 747 434 439 438 889 954 1167 
362 733 746 740 752 899 773 986 1074 856 858 
363 169 747 100 761 1144 1137 407 1168 1105 1160 
364 126 745 81 760 1169 989 328 1170 1171 820 
365 145 524 76 746 1156 1172 196 774 1173 1157 
366 733 744 743 763 887 1119 878 839 898 888 
367 629 749 734 750 1081 971 1060 1082 1124 1083 
368 78 634 142 749 1122 1174 286 969 1175 1123 
369 88 171 147 753 368 367 295 1176 895 935 
370 735 751 133 758 973 1158 1095 1177 1178 1179 
371 78 734 163 753 966 1056 311 1013 1057 1014 
372 632 739 627 750 1032 904 694 1180 1051 1053 
373 522 38 511 748 946 1181 534 916 1041 985 
374 143 734 78 749 1098 966 309 1099 969 971 
375 515 514 755 756 603 1182 940 1020 1088 1183 
376 121 742 84 752 1065 1184 347 1006 1185 1042 
377 641 630 735 759 707 1090 1089 1186 1116 1147 
378 739 754 735 759 1069 1113 1111 781 1116 1187 
379 143 149 747 749 504 1188 1096 1099 1087 1189 
380 528 518 517 748 606 616 593 918 1190 1079 
381 141 152 172 737 308 441 341 900 1030 913 
382 124 37 38 740 248 43 249 1107 949 1106 
383 111 110 112 743 453 457 456 928 877 955 
384 77 155 125 737 274 307 303 1037 845 778 
385 128 742 121 754 1191 1065 348 1192 1009 1043 
386 632 622 637 739 703 659 695 1032 812 767 
387 630 739 632 750 1146 1032 705 1145 1180 1053 
388 732 740 748 762 987 917 852 931 958 1193 
389 734 751 731 761 1054 1094 1093 1063 1194 1064 
390 639 625 78 753 683 968 1195 1196 1013 1012 
391 740 746 733 755 773 899 986 1085 1005 1197 
392 124 38 167 740 249 178 253 1107 948 949 
393 741 743 731 747 909 963 834 1035 1151 890 
394 91 758 92 762 1198 1199 350 1200 1201 1202 
395 37 90 748 762 247 1203 1120 1204 958 1205 
396 517 748 518 755 1190 1079 616 1206 1207 1003 
397 91 742 758 762 1208 1209 1198 1200 1202 1210 
398 736 745 732 755 817 850 907 941 1002 998 
399 131 132 146 762 395 502 377 1211 1212 957 
400 124 84 37 742 250 241 248 1108 1109 1184 
401 158 124 167 740 501 253 187 1078 948 1107 
402 153 135 82 757 337 334 338 920 1141 1213 
403 737 739 731 750 800 1112 1101 1052 1118 1053 
404 163 78 143 734 311 309 312 1056 1098 966 
405 34 735 35 759 1140 1214 40 1139 1215 1116 
406 734 750 735 753 1124 1100 1091 1014 897 1077 
407 151 102 140 741 421 426 318 853 1047 1152 
408 136 86 137 763 356 359 358 1103 1059 828 
409 732 742 740 762 848 988 987 931 1193 1210 
410 528 517 740 748 593 1216 914 918 917 1190 
411 624 641 735 759 719 1089 938 1117 1116 1186 
412 172 83 141 749 340 280 341 1031 902 978 
413 100 102 101 760 416 415 412 1104 1161 1153 
414 152 105 172 747 439 440 441 954 1086 1167 
415 735 750 739 759 1100 1053 1111 1116 781 1148 
416 519 746 740 755 1073 773 1072 1217 1085 1197 
417 144 163 751 753 313 1055 1218 1219 974 1057 
418 91 85 92 758 245 351 350 1198 1199 1220 
419 731 751 735 758 1094 973 1092 1221 1177 1179 
420 116 115 138 744 474 479 478 1025 1125 1026 
421 132 748 146 762 807 1163 502 957 1212 958 
422 92 758 738 762 1199 1222 1223 1201 932 1202 
423 506 146 162 748 1224 226 783 786 788 1163 
424 631 735 630 750 911 1090 728 1075 1145 1100 
425 163 734 143 761 1056 1098 312 1062 1159 1063 
426 164 133 34 735 233 231 179 939 1140 1095 
427 512 127 521 745 1225 1000 567 1132 804 1001 
428 143 747 169 761 1096 1144 410 1159 1168 1160 
429 507 519 509 740 589 588 590 956 771 1072 
430 128 84 121 742 244 347 348 1191 1065 1184 
431 525 87 158 507 789 190 1226 540 1129 965 
432 743 744 731 763 1119 1023 963 898 1102 888 
433 92 93 94 738 352 380 379 1223 1227 1228 
434 112 743 110 763 877 955 457 838 981 898 
435 92 93 738 758 352 1228 1223 1199 1222 1229 
436 123 121 119 754 494 491 495 1230 1142 1009 
437 624 34 635 759 1138 1231 647 1117 1232 1139 
438 122 84 124 752 346 250 349 1233 1234 1185 
439 734 749 737 750 971 884 1150 1124 1052 1083 
440 93 94 738 751 380 1227 1228 1235 1236 1237 
441 103 102 100 741 417 416 418 1134 1135 1152 
442 731 751 738 761 1094 1236 959 1194 1019 1064 
443 524 505 76 746 549 1238 1172 1157 1173 1239 
444 739 744 138 763 1067 1125 1165 829 1240 888 
445 124 740 168 752 1107 1038 499 1234 1121 856 
446 134 738 96 760 1004 1016 394 990 1021 929 
447 172 747 149 749 1086 1188 344 1031 1189 1087 
448 93 751 738 758 1235 1236 1228 1229 1222 1179 
449 734 731 747 761 1093 1151 1097 1063 1160 1194 
450 738 742 732 762 961 848 930 932 931 1210 
451 133 751 93 758 1158 1235 354 1178 1229 1179 
452 110 108 109 743 450 444 451 955 864 1070 
453 98 99 96 761 400 399 397 1241 1018 1017 
454 740 748 517 755 917 1190 1216 1085 1206 1003 
455 731 738 751 758 959 1236 1094 1221 1179 1222 
456 739 744 731 754 1067 1023 1112 1069 1114 1010 
457 115 138 744 763 479 1125 1026 1048 888 1240 
458 122 124 168 752 349 499 498 1233 1121 1234 
459 623 628 627 737 716 715 714 953 903 880 
460 627 737 628 750 903 880 715 1051 1084 1052 
461 95 132 131 762 396 395 383 1040 1211 957 
462 125 109 77 737 302 304 303 845 1037 862 
463 731 742 738 758 847 961 959 1221 1222 1209 
464 127 101 151 760 423 420 315 1143 819 1161 
465 94 97 738 751 391 1242 1227 1237 1236 1154 
466 732 741 738 760 833 960 930 860 929 855 
467 36 91 742 758 243 1208 1243 1244 1209 1198 
468 118 116 744 752 482 1025 1245 1246 1007 1247 
469 79 151 140 736 314 318 317 822 1046 816 
470 93 133 171 751 354 387 386 1235 972 1158 
471 738 741 731 761 960 834 959 1019 1194 1162 
472 735 751 734 753 973 1054 1091 897 1014 974 
473 97 144 163 751 404 313 403 1154 1055 1218 
474 738 760 741 761 929 855 960 1019 1162 1033 
475 100 741 102 760 1135 1152 416 1104 1153 855 
476 620 632 630 759 702 705 704 876 1147 1166 
477 80 160 148 739 262 325 324 1045 996 768 
478 512 521 529 745 567 600 607 1132 805 804 
479 108 743 111 757 1070 928 452 1149 885 879 
480 620 129 638 759 1248 1110 653 876 780 1071 
481 35 754 735 758 1249 1113 1214 1250 1177 1251 
482 92 738 95 762 1223 1039 381 1201 1040 932 
483 135 756 82 757 1252 1128 334 1213 1141 875 
484 143 149 169 747 504 432 410 1096 1144 1188 
485 55 78 625 634 285 968 678 676 680 1122 
486 734 747 737 749 1097 891 1150 971 884 1087 
487 145 76 170 746 196 300 299 774 922 1173 
488 35 34 133 735 40 231 230 1214 1095 1140 
489 108 110 111 743 450 453 452 1070 928 955 
490 738 751 97 761 1236 1154 1242 1019 1155 1064 
491 506 523 146 748 576 1253 1224 786 1163 1254 
492 134 126 81 760 326 328 327 990 1171 1170 
493 161 80 137 739 265 321 322 811 1058 1045 
494 98 100 99 761 406 405 400 1241 1017 1105 
495 92 94 95 738 379 382 381 1223 1039 1227 
496 152 141 77 737 308 277 305 913 1037 900 
497 512 527 526 745 608 587 570 1132 964 950 
498 731 735 754 758 1092 1113 1114 1221 1251 1177 
499 731 744 742 754 1023 1024 847 1114 1043 1010 
500 739 731 744 763 1112 1023 1067 829 888 1102 
501 110 125 136 763 455 355 459 981 1103 846 
502 94 97 96 738 391 390 389 1227 1016 1242 
503 111 113 120 757 460 463 462 885 980 843 
504 520 139 10 510 824 206 557 558 553 823 
505 154 130 113 746 298 472 469 921 873 1049 
506 37 742 91 762 1109 1208 242 1204 1200 1210 
507 104 107 140 741 435 437 427 1034 1047 866 
508 130 746 505 756 1049 1239 1255 1050 1256 871 
509 117 150 170 752 486 489 488 1257 962 857 
510 134 96 99 760 394 399 401 990 1022 1021 
511 96 738 97 761 1016 1242 390 1018 1155 1019 
512 116 138 119 744 478 485 484 1025 1126 1125 
513 135 120 756 757 333 979 1252 1213 875 980 
514 118 744 121 752 1245 1008 490 1246 1006 1007 
515 630 750 735 759 1145 1100 1090 1147 1116 1148 
516 89 754 123 759 1258 1230 371 1259 1164 1187 
517 118 117 116 752 481 476 482 1246 1247 1257 
518 77 109 152 737 304 306 305 1037 913 862 
519 732 748 740 755 852 917 987 1002 1085 1003 
520 38 37 90 748 43 247 246 985 1203 1120 
521 742 754 36 758 1043 1260 1243 1209 1244 1251 
522 104 140 102 741 427 426 424 1034 1152 1047 
523 94 96 95 738 389 388 382 1227 1039 1016 
524 634 625 642 749 680 720 713 1123 984 970 
525 741 747 731 761 1035 1151 834 1162 1194 1160 
526 512 159 127 745 1131 217 1225 1132 1001 1133 
527 516 517 518 755 612 616 615 942 1207 1206 
528 162 146 506 523 226 1224 783 1261 576 1253 
529 505 130 76 746 1255 199 1238 1239 1173 1049 
530 35 735 133 758 1214 1095 230 1250 1178 1177 
531 526 81 159 745 1262 220 1130 964 1133 989 
532 139 140 153 736 316 449 339 825 919 1046 
533 629 627 628 750 723 715 724 1082 1084 1051 
534 634 621 54 749 677 673 675 1123 1263 977 
535 119 121 118 744 491 490 483 1126 1245 1008 
536 89 34 35 759 228 40 229 1259 1215 1139 
537 510 514 515 756 601 603 602 924 1020 1183 
538 142 143 78 749 310 309 286 1175 969 1099 
539 36 742 128 754 1243 1191 237 1260 1192 1043 
540 78 55 142 634 285 281 286 1122 1174 676 
541 122 121 84 752 345 347 346 1233 1185 1006 
542 168 124 158 740 499 501 364 1038 1078 1107 
543 138 137 739 763 319 1058 1165 1240 829 1059 
544 104 741 103 747 1034 1134 425 995 1136 1035 
545 95 96 134 738 388 394 393 1039 1004 1016 
546 513 510 156 756 555 1264 1265 1266 1267 924 
547 79 140 139 736 317 316 211 822 825 1046 
548 53 633 83 621 670 975 279 672 976 674 
549 731 754 742 758 1114 1043 847 1221 1209 1251 
550 505 513 130 756 552 1268 1255 1256 1050 1266 
551 130 513 156 756 1268 1265 202 1050 1267 1266 
552 36 85 91 758 234 245 243 1244 1198 1220 
553 138 137 80 739 319 321 320 1165 1045 1058 
554 52 141 633 623 276 901 669 667 671 952 
555 157 751 171 753 1269 972 369 1270 935 974 
556 107 135 153 757 446 337 448 869 920 1213 
557 142 634 54 749 1174 675 282 1175 1263 1123 
558 91 37 36 742 242 42 243 1208 1243 1109 
559 100 101 99 760 412 411 405 1104 1022 1161 
560 624 34 2 635 1138 39 646 647 643 1231 
561 517 519 507 740 591 589 592 1216 956 1072 
562 36 754 35 758 1260 1249 41 1244 1250 1251 
563 519 740 517 755 1072 1216 591 1217 1206 1085 
564 129 89 123 759 372 371 373 1071 1164 1259 
565 639 78 144 753 1195 289 1271 1196 1219 1013 
566 161 637 618 49 809 662 810 263 660 658 
567 88 157 171 753 365 369 368 1176 935 1270 
568 510 82 156 756 1127 205 1264 924 1267 1128 
569 135 120 82 756 333 335 334 1252 1128 979 
570 36 84 128 742 240 244 237 1243 1191 1184 
571 131 92 95 762 378 381 383 1211 1040 1201 
572 514 505 746 756 579 1239 1272 1183 871 1256 
573 512 14 159 526 565 216 1131 570 1130 569 
574 514 746 755 756 1272 1197 1182 1183 1088 871 
575 37 91 90 762 242 251 247 1204 1205 1200 
576 76 524 7 505 1172 544 195 1238 548 549 
577 103 104 102 741 425 424 417 1134 1152 1034 
578 83 633 53 141 975 670 279 280 275 901 
579 528 517 507 740 593 592 594 914 956 1216 
580 168 150 122 752 363 493 498 1121 1233 857 
581 97 157 144 751 392 366 404 1154 1218 1269 
582 626 51 623 155 664 666 668 776 982 269 
583 738 758 742 762 1222 1209 961 932 1210 1202 
584 9 156 513 510 201 1265 550 554 555 1264 
585 518 523 506 748 583 576 584 1079 786 1254 
586 516 527 529 745 617 609 614 906 805 950 
587 148 138 80 739 323 320 324 996 1045 1165 
588 108 135 107 757 447 446 442 1149 869 1213 
589 108 111 135 757 452 454 447 1149 1213 885 
590 508 11 520 79 560 556 561 814 1273 209 
591 119 118 116 744 483 482 484 1126 1025 1245 
592 639 640 625 753 700 721 683 1196 1012 1029 
593 85 133 93 758 238 354 353 1220 1229 1178 
594 524 6 145 76 545 192 1156 1172 196 194 
595 619 88 58 636 1274 290 685 689 687 1275 
596 105 149 172 747 430 344 440 1167 1086 1188 
597 106 104 105 747 433 428 434 889 1167 995 
598 78 56 625 639 284 679 968 1195 683 681 
599 515 514 516 755 603 611 610 940 942 1182 
600 165 511 38 748 1276 1181 177 1277 985 1041 
601 510 139 10 82 823 206 553 1127 204 208 
602 112 110 136 763 457 459 458 838 1103 981 
603 506 15 526 162 572 568 573 783 1278 221 
604 78 163 144 753 311 313 289 1013 1219 1057 
605 87 158 4 525 190 186 188 789 539 1226 
606 54 621 83 749 673 976 278 1263 978 977 
607 83 172 149 749 340 344 343 978 1189 1031 
608 510 9 156 82 554 201 1264 1127 205 203 
609 623 51 77 155 666 273 1036 982 274 269 
610 637 80 48 161 1044 260 657 809 264 265 
611 36 128 35 754 237 236 41 1260 1249 1192 
612 529 527 512 745 609 608 607 805 1132 950 
613 505 7 76 130 548 195 1238 1255 199 197 
614 519 524 509 746 582 546 588 1073 772 1157 
615 98 163 143 761 402 312 409 1241 1159 1062 
616 511 165 523 748 1276 1279 577 1041 1254 1277 
617 34 166 635 759 182 1280 1231 1139 1232 1281 
618 138 115 137 763 479 480 319 1240 1059 1048 
619 48 622 80 637 655 1080 260 657 1044 659 
620 37 84 36 742 241 240 42 1109 1243 1184 
621 98 97 163 761 398 403 402 1241 1062 1155 
622 92 85 93 758 351 353 352 1199 1229 1220 
623 130 505 8 513 1255 547 198 1268 551 552 
624 127 745 126 760 1001 1169 422 1143 1170 820 
625 518 528 511 748 606 605 604 1079 1041 918 
626 143 142 149 749 310 342 504 1099 1189 1175 
627 147 58 88 636 294 290 295 894 1275 687 
628 83 142 54 749 283 282 278 978 1263 1175 
629 52 77 141 623 272 277 276 667 952 1036 
630 156 130 8 513 202 198 200 1265 551 1268 
631 157 144 751 753 366 1218 1269 1270 974 1219 
632 506 16 162 523 571 222 783 576 1261 575 
633 11 139 520 79 207 824 556 209 1273 211 
634 618 161 49 86 810 263 660 797 267 268 
635 624 2 34 164 646 39 1138 937 179 180 
636 624 635 641 759 647 708 719 1117 1186 1232 
637 619 631 640 753 696 699 698 999 1029 912 
638 91 131 90 762 375 374 251 1200 1205 1211 
639 509 6 145 524 541 192 769 546 1156 545 
640 126 159 81 745 329 220 328 1169 989 1133 
641 525 158 4 507 1226 186 539 540 535 1129 
642 170 76 154 746 300 297 301 922 921 1173 
643 629 631 630 750 729 728 726 1082 1145 1075 
644 98 96 97 761 397 390 398 1241 1155 1018 
645 1 38 511 522 44 1181 532 531 534 946 
646 91 92 131 762 350 378 375 1200 1211 1201 
647 169 149 103 747 432 431 419 1144 1136 1188 
648 94 157 97 751 384 392 391 1237 1154 1269 
649 514 746 519 755 1272 1073 580 1182 1217 1197 
650 98 143 169 761 409 410 408 1241 1168 1159 
651 519 514 505 746 580 579 581 1073 1239 1272 
652 135 111 120 757 454 462 333 1213 980 885 
653 523 518 511 748 583 604 577 1254 1041 1079 
654 642 628 621 749 711 709 712 984 977 882 
655 78 56 639 144 284 681 1195 289 1271 288 
656 619 639 57 753 686 682 684 999 1282 1196 
657 169 100 98 761 407 406 408 1168 1241 1105 
658 79 508 12 521 814 559 210 813 563 564 
659 523 165 146 748 1279 227 1253 1254 1163 1277 
660 85 35 133 758 235 230 238 1220 1178 1250 
661 519 505 524 746 581 549 582 1073 1157 1239 
662 101 127 126 760 423 422 414 1161 1170 1143 
663 105 103 149 747 429 431 430 1167 1188 1136 
664 159 126 127 745 329 422 217 1133 1001 1169 
665 165 38 90 748 177 246 252 1277 1203 985 
666 620 638 129 46 653 1110 1248 649 254 651 
667 635 45 620 759 644 648 650 1232 876 1283 
668 122 118 121 752 492 490 345 1233 1006 1246 
669 123 128 121 754 370 348 494 1230 1009 1192 
670 76 130 154 746 199 298 297 1173 921 1049 
671 150 117 118 752 486 481 487 857 1246 1257 
672 635 166 45 759 1280 183 644 1232 1283 1281 
673 12 79 521 127 210 813 563 212 1000 214 
674 639 144 57 753 1271 287 682 1196 1282 1219 
675 162 16 146 523 222 224 226 1261 1253 575 
676 93 157 94 751 385 384 380 1235 1237 1269 
677 526 14 159 81 569 216 1130 1262 220 218 
678 156 120 130 756 336 471 202 1267 1050 979 
679 630 627 629 750 725 723 726 1145 1082 1051 
680 166 2 34 635 181 39 182 1280 1231 643 
681 81 526 15 162 1262 568 219 223 221 1278 
682 638 47 622 160 652 654 656 764 765 257 
683 641 620 630 759 706 704 707 1186 1147 876 
684 166 129 45 759 256 255 183 1281 1283 1071 
685 128 89 35 754 239 229 236 1192 1249 1258 
686 93 171 157 751 386 369 385 1235 1269 972 
687 514 513 505 756 578 552 579 1183 1256 1266 
688 620 45 129 759 648 255 1248 876 1071 1283 
689 150 118 122 752 487 492 493 857 1233 1246 
690 83 149 142 749 343 342 283 978 1175 1189 
691 128 123 89 754 370 371 239 1192 1258 1230 
692 85 36 35 758 234 41 235 1220 1250 1244 
693 630 632 627 750 705 694 725 1145 1051 1180 
694 82 120 156 756 335 336 205 1128 1267 979 
695 88 619 57 753 1274 684 291 1176 1282 999 
696 8 7 505 130 23 548 547 198 1255 197 
697 642 621 634 749 712 677 713 984 1123 977 
698 157 88 144 753 365 292 366 1270 1219 1176 
699 511 38 1 165 1181 44 532 1276 176 177 
700 513 514 510 756 578 601 555 1266 924 1183 
701 112 136 115 763 458 468 467 838 1048 1103 
702 59 624 636 164 645 690 688 184 936 937 
703 129 45 620 46 255 648 1248 254 649 61 
704 80 622 47 160 1080 654 261 262 257 765 
705 510 10 9 82 553 25 554 1127 203 204 
706 52 51 77 623 67 273 272 667 1036 666 
707 165 90 146 748 252 376 227 1277 1163 1203 
708 136 137 115 763 358 480 468 1103 1048 1059 
709 1 38 522 167 44 946 531 173 947 178 
710 57 144 88 753 287 292 291 1282 1176 1219 
711 50 618 49 86 661 660 65 266 267 797 
712 166 34 89 759 182 228 232 1281 1259 1139 
713 517 516 514 755 612 611 613 1206 1182 942 
714 101 126 99 760 414 413 411 1161 1022 1170 
715 104 103 105 747 425 429 428 995 1167 1136 
716 53 83 54 621 279 278 69 672 673 976 
717 506 16 15 162 571 31 572 783 221 222 
718 55 54 142 634 70 282 281 676 1174 675 
719 638 160 129 46 764 259 1110 651 254 258 
720 2 624 59 164 646 645 75 180 184 937 
721 80 622 48 47 1080 655 260 261 63 654 
722 521 13 12 127 562 28 563 1000 212 213 
723 639 56 57 144 681 72 682 1271 287 288 
724 145 5 6 509 191 21 192 769 541 542 
725 126 134 99 760 326 401 413 1170 1022 990 
726 58 88 619 57 290 1274 685 73 684 291 
727 17 523 511 165 574 577 533 175 1276 1279 
728 619 640 639 753 698 700 686 999 1196 1029 
729 158 3 4 507 185 19 186 1129 535 536 
730 1 17 511 165 33 533 532 176 1276 175 
731 514 519 517 755 580 591 613 1182 1206 1217 
732 524 7 6 76 544 22 545 1172 194 195 
733 89 129 166 759 372 256 232 1259 1281 1071 
734 139 10 11 520 206 26 207 824 556 557 
735 16 17 146 523 32 225 224 575 1253 574 
736 55 78 56 625 285 284 71 678 679 968 
737 636 147 59 164 894 293 688 936 184 296 
738 13 14 159 512 29 216 215 566 1131 565 
739 620 641 635 759 706 708 650 876 1232 1186 
740 17 146 523 165 225 1253 574 175 1279 227 
741 15 14 526 81 30 569 568 219 1262 218 
742 160 638 47 46 764 652 257 258 62 651 
743 508 12 11 79 559 27 560 814 209 210 
744 633 53 141 52 670 275 901 669 276 68 
745 48 637 161 49 657 809 264 64 263 658 
746 45 2 166 635 60 181 183 644 1280 643 
747 87 4 5 525 188 20 189 789 538 539 
748 522 3 1 167 530 18 531 947 173 174 
749 147 58 636 59 294 687 894 293 688 74 
750 50 51 626 155 66 664 663 270 776 269 
751 8 9 156 513 24 201 200 551 1265 550 
752 745 515 508 529 905 597 803 805 598 599 
753 745 508 515 736 803 597 905 817 795 794 
754 746 117 752 733 923 1257 858 899 1074 945 
755 746 752 117 170 858 1257 923 922 488 962 
756 748 527 755 745 951 1284 1003 787 998 950 
757 748 755 527 518 1003 1284 951 1079 585 1207 
758 516 755 527 745 942 1284 617 906 950 998 
759 516 527 755 518 617 1284 942 615 1207 585 
760 162 526 745 81 1278 964 784 223 989 1262 
761 162 745 526 506 784 964 1278 783 573 785 
762 167 507 3 158 1027 536 174 187 185 1129 
763 3 507 167 522 536 1027 174 530 947 537 
764 759 622 632 739 808 703 1166 781 1032 767 
765 759 632 622 620 1166 703 808 876 701 702 
766 757 746 736 733 874 1285 868 844 908 899 
767 757 736 746 756 868 1285 874 875 871 926 
768 755 736 746 733 941 1285 1197 1005 899 908 
769 755 746 736 756 1197 1285 941 1088 926 871 
770 754 148 759 739 1068 997 1187 1069 781 996 
771 754 759 148 123 1187 997 1068 1230 496 1164 
772 618 155 50 626 775 270 661 665 663 776 
773 50 155 618 86 270 775 661 266 797 271 
774 756 153 139 82 993 339 925 1128 208 338 
775 756 139 153 736 925 339 993 926 919 825 
776 742 124 752 740 1108 1234 1042 988 856 1107 
777 742 752 124 84 1042 1234 1108 1184 250 1185 
778 762 740 37 742 1193 1106 1204 1210 1109 988 
779 762 37 740 748 1204 1106 1193 958 917 1120 
780 520 79 736 508 1273 822 793 561 794 814 
781 736 79 520 139 822 1273 793 825 824 211 
782 81 760 132 134 1171 859 331 327 330 990 
783 132 760 81 745 859 1171 331 806 989 820 
784 127 512 13 159 1225 566 213 217 215 1131 
785 13 512 127 521 566 1225 213 562 1000 567 
786 752 116 733 117 1247 1286 1074 1257 945 476 
787 752 733 116 744 1074 1286 1247 1007 1025 887 
788 114 733 116 117 836 1286 473 475 476 945 
789 114 116 733 744 473 1286 836 886 887 1025 
790 146 762 90 131 1212 1205 376 377 374 1211 
791 90 762 146 748 1205 1212 376 1203 1163 958 
792 119 754 148 123 1142 1068 497 495 496 1230 
793 148 754 119 744 1068 1142 497 1066 1126 1010 
794 636 88 753 619 1275 1176 896 689 999 1274 
795 636 753 88 147 896 1176 1275 894 295 895 
796 509 87 5 525 790 189 542 543 538 789 
797 509 5 87 145 542 189 790 769 193 191 
798 35 759 754 89 1215 1187 1249 229 1258 1259 
799 754 759 35 735 1187 1215 1249 1113 1214 1116 
$EndElements
