$MeshFormat
4.1 0 8
$EndMeshFormat
$PhysicalNames
3
2 1 "bc-bot"
2 2 "bc-top"
3 3 "vol"
$EndPhysicalNames
$Entities
17 32 22 5
1 0 0 0 0 
2 -0.00175 0 -0.00175 0 
3 0.00175 0 -0.00175 0 
4 0.00175 0 0.00175 0 
5 -0.00175 0 0.00175 0 
6 -0.003535533905932737 0 -0.003535533905932737 0 
7 0.003535533905932737 0 -0.003535533905932737 0 
8 0.003535533905932737 0 0.003535533905932737 0 
9 -0.003535533905932737 0 0.003535533905932737 0 
10 -0.00175 0.012 -0.00175 0 
11 0.00175 0.012 -0.00175 0 
12 0.00175 0.012 0.00175 0 
13 -0.00175 0.012 0.00175 0 
14 0.003535533905932737 0.012 -0.003535533905932737 0 
15 -0.003535533905932737 0.012 -0.003535533905932737 0 
16 0.003535533905932737 0.012 0.003535533905932737 0 
17 -0.003535533905932737 0.012 0.003535533905932737 0 
1 -0.0017501 -1e-07 -0.0017501 0.0017501 1e-07 -0.0017499 0 2 2 -3 
2 0.0017499 -1e-07 -0.0017501 0.0017501 1e-07 0.0017501 0 2 3 -4 
3 -0.0017501 -1e-07 0.0017499 0.0017501 1e-07 0.0017501 0 2 4 -5 
4 -0.0017501 -1e-07 -0.0017501 -0.0017499 1e-07 0.0017501 0 2 5 -2 
5 -0.003535633905932738 -1e-07 -0.0050001 0.003535633905932739 1e-07 -0.003535433905932735 0 2 6 -7 
6 0.003535433905932737 -1e-07 -0.003535633905932738 0.0050001 1e-07 0.003535633905932736 0 2 7 -8 
7 -0.003535633905932736 -1e-07 0.003535433905932737 0.003535633905932738 1e-07 0.0050001 0 2 8 -9 
8 -0.0050001 -1e-07 -0.003535633905932733 -0.003535433905932737 1e-07 0.003535633905932737 0 2 9 -6 
9 -0.003535633905932737 -1e-07 -0.003535633905932737 -0.0017499 1e-07 -0.0017499 0 2 2 -6 
10 0.0017499 -1e-07 -0.003535633905932737 0.003535633905932737 1e-07 -0.0017499 0 2 3 -7 
11 0.0017499 -1e-07 0.0017499 0.003535633905932737 1e-07 0.003535633905932737 0 2 4 -8 
12 -0.003535633905932737 -1e-07 0.0017499 -0.0017499 1e-07 0.003535633905932737 0 2 5 -9 
13 -0.0017501 -1.000000000002735e-07 -0.0017501 -0.0017499 0.0120001 -0.0017499 0 2 2 -10 
14 0.0017499 -1.000000000002735e-07 -0.0017501 0.0017501 0.0120001 -0.0017499 0 2 3 -11 
15 -0.0017501 0.0119999 -0.0017501 0.0017501 0.0120001 -0.0017499 0 2 10 -11 
16 0.0017499 -1.000000000002735e-07 0.0017499 0.0017501 0.0120001 0.0017501 0 2 4 -12 
17 0.0017499 0.0119999 -0.0017501 0.0017501 0.0120001 0.0017501 0 2 11 -12 
18 -0.0017501 -1.000000000002735e-07 0.0017499 -0.0017499 0.0120001 0.0017501 0 2 5 -13 
19 -0.0017501 0.0119999 0.0017499 0.0017501 0.0120001 0.0017501 0 2 12 -13 
20 -0.0017501 0.0119999 -0.0017501 -0.0017499 0.0120001 0.0017501 0 2 13 -10 
21 0.003535433905932737 -1.000000000002735e-07 -0.003535633905932737 0.003535633905932737 0.0120001 -0.003535433905932737 0 2 7 -14 
22 0.0017499 0.0119999 -0.003535633905932737 0.003535633905932737 0.0120001 -0.0017499 0 2 11 -14 
23 -0.003535633905932737 -1.000000000002735e-07 -0.003535633905932737 -0.003535433905932737 0.0120001 -0.003535433905932737 0 2 6 -15 
24 -0.003535633905932738 0.0119999 -0.0050001 0.003535633905932739 0.0120001 -0.003535433905932735 0 2 15 -14 
25 -0.003535633905932737 0.0119999 -0.003535633905932737 -0.0017499 0.0120001 -0.0017499 0 2 10 -15 
26 0.003535433905932737 -1.000000000002735e-07 0.003535433905932737 0.003535633905932737 0.0120001 0.003535633905932737 0 2 8 -16 
27 0.0017499 0.0119999 0.0017499 0.003535633905932737 0.0120001 0.003535633905932737 0 2 12 -16 
28 0.003535433905932737 0.0119999 -0.003535633905932738 0.0050001 0.0120001 0.003535633905932736 0 2 14 -16 
29 -0.003535633905932737 -1.000000000002735e-07 0.003535433905932737 -0.003535433905932737 0.0120001 0.003535633905932737 0 2 9 -17 
30 -0.003535633905932737 0.0119999 0.0017499 -0.0017499 0.0120001 0.003535633905932737 0 2 13 -17 
31 -0.003535633905932736 0.0119999 0.003535433905932737 0.003535633905932738 0.0120001 0.0050001 0 2 16 -17 
32 -0.0050001 0.0119999 -0.003535633905932733 -0.003535433905932737 0.0120001 0.003535633905932737 0 2 17 -15 
14 -0.0017501 -1e-07 -0.0017501 0.0017501 1e-07 0.0017501 1 1 4 1 2 3 4 
16 -0.003535633905932738 -1e-07 -0.0050001 0.003535633905932739 1e-07 -0.0017499 1 1 4 1 10 -5 -9 
18 0.0017499 -1e-07 -0.003535633905932738 0.0050001 1e-07 0.003535633905932738 1 1 4 2 11 -6 -10 
20 -0.003535633905932738 -1e-07 0.0017499 0.003535633905932738 1e-07 0.0050001 1 1 4 3 12 -7 -11 
22 -0.0050001 -1e-07 -0.003535633905932737 -0.0017499 1e-07 0.003535633905932737 1 1 4 4 9 -8 -12 
23 -0.0017501 -1.000000000002735e-07 -0.0017501 0.0017501 0.0120001 -0.0017499 0 4 13 15 -14 -1 
24 0.0017499 -1.000000000002735e-07 -0.0017501 0.0017501 0.0120001 0.0017501 0 4 14 17 -16 -2 
25 -0.0017501 -1.000000000002735e-07 0.0017499 0.0017501 0.0120001 0.0017501 0 4 16 19 -18 -3 
26 -0.0017501 -1.000000000002735e-07 -0.0017501 -0.0017499 0.0120001 0.0017501 0 4 18 20 -13 -4 
27 -0.0017501 0.0119999 -0.0017501 0.0017501 0.0120001 0.0017501 1 2 4 15 17 19 20 
28 0.0017499 -1.000000000002735e-07 -0.003535633905932737 0.003535633905932737 0.0120001 -0.0017499 0 4 14 22 -21 -10 
29 -0.003535633905932738 -1.000000000002735e-07 -0.0050001 0.003535633905932739 0.0120001 -0.003535433905932735 0 4 23 24 -21 -5 
30 -0.003535633905932737 -1.000000000002735e-07 -0.003535633905932737 -0.0017499 0.0120001 -0.0017499 0 4 13 25 -23 -9 
31 -0.003535633905932738 0.0119999 -0.0050001 0.003535633905932739 0.0120001 -0.0017499 1 2 4 15 22 -24 -25 
32 0.0017499 -1.000000000002735e-07 0.0017499 0.003535633905932737 0.0120001 0.003535633905932737 0 4 16 27 -26 -11 
33 0.003535433905932737 -1.000000000002735e-07 -0.003535633905932738 0.0050001 0.0120001 0.003535633905932736 0 4 21 28 -26 -6 
34 0.0017499 0.0119999 -0.003535633905932738 0.0050001 0.0120001 0.003535633905932738 1 2 4 17 27 -28 -22 
35 -0.003535633905932737 -1.000000000002735e-07 0.0017499 -0.0017499 0.0120001 0.003535633905932737 0 4 18 30 -29 -12 
36 -0.003535633905932736 -1.000000000002735e-07 0.003535433905932737 0.003535633905932738 0.0120001 0.0050001 0 4 26 31 -29 -7 
37 -0.003535633905932738 0.0119999 0.0017499 0.003535633905932738 0.0120001 0.0050001 1 2 4 19 30 -31 -27 
38 -0.0050001 -1.000000000002735e-07 -0.003535633905932733 -0.003535433905932737 0.0120001 0.003535633905932737 0 4 29 32 -23 -8 
39 -0.0050001 0.0119999 -0.003535633905932737 -0.0017499 0.0120001 0.003535633905932737 1 2 4 20 25 -32 -30 
1 -0.0017501 -1.000000000002735e-07 -0.0017501 0.0017501 0.0120001 0.0017501 1 3 6 23 24 25 26 14 -27 
2 -0.003535633905932738 -1.000000000002735e-07 -0.0050001 0.003535633905932739 0.0120001 -0.0017499 1 3 6 -23 -28 29 30 -16 31 
3 0.0017499 -1.000000000002735e-07 -0.003535633905932738 0.0050001 0.0120001 0.003535633905932738 1 3 6 -24 -32 33 28 -18 34 
4 -0.003535633905932738 -1.000000000002735e-07 0.0017499 0.003535633905932738 0.0120001 0.0050001 1 3 6 -25 -35 36 32 -20 37 
5 -0.0050001 -1.000000000002735e-07 -0.003535633905932737 -0.0017499 0.0120001 0.003535633905932737 1 3 6 -26 -30 38 35 -22 39 
$EndEntities
$Nodes
75 4381 1 4381
0 2 0 1
1
-0.00175 0 -0.00175
0 3 0 1
2
0.00175 0 -0.00175
0 4 0 1
3
0.00175 0 0.00175
0 5 0 1
4
-0.00175 0 0.00175
0 6 0 1
5
-0.003535533905932737 0 -0.003535533905932737
0 7 0 1
6
0.003535533905932737 0 -0.003535533905932737
0 8 0 1
7
0.003535533905932737 0 0.003535533905932737
0 9 0 1
8
-0.003535533905932737 0 0.003535533905932737
0 10 0 1
9
-0.00175 0.012 -0.00175
0 11 0 1
10
0.00175 0.012 -0.00175
0 12 0 1
11
0.00175 0.012 0.00175
0 13 0 1
12
-0.00175 0.012 0.00175
0 14 0 1
13
0.003535533905932737 0.012 -0.003535533905932737
0 15 0 1
14
-0.003535533905932737 0.012 -0.003535533905932737
0 16 0 1
15
0.003535533905932737 0.012 0.003535533905932737
0 17 0 1
16
-0.003535533905932737 0.012 0.003535533905932737
1 1 0 7
17
18
19
20
21
22
23
-0.000875 0 -0.00175
0 0 -0.00175
0.0008749999999999999 0 -0.00175
-0.0013125 0 -0.00175
-0.0004375 0 -0.00175
0.0004375 0 -0.00175
0.0013125 0 -0.00175
1 2 0 7
24
25
26
27
28
29
30
0.00175 0 -0.000875
0.00175 0 0
0.00175 0 0.0008749999999999999
0.00175 0 -0.0013125
0.00175 0 -0.0004375
0.00175 0 0.0004375
0.00175 0 0.0013125
1 3 0 7
31
32
33
34
35
36
37
0.000875 0 0.00175
0 0 0.00175
-0.0008749999999999999 0 0.00175
0.0013125 0 0.00175
0.0004375 0 0.00175
-0.0004375 0 0.00175
-0.0013125 0 0.00175
1 4 0 7
38
39
40
41
42
43
44
-0.00175 0 0.000875
-0.00175 0 0
-0.00175 0 -0.0008749999999999999
-0.00175 0 0.0013125
-0.00175 0 0.0004375
-0.00175 0 -0.0004375
-0.00175 0 -0.0013125
1 5 0 7
45
46
47
48
49
50
51
-0.001913417161825445 0 -0.004619397662556435
3.828568698926949e-18 0 -0.004999999999999999
0.001913417161825452 0 -0.004619397662556432
-0.00277785116509801 0 -0.004157348061512726
-0.0009754516100806385 0 -0.004903926402016152
0.000975451610080646 0 -0.004903926402016151
0.002777851165098015 0 -0.004157348061512723
1 6 0 7
52
53
54
55
56
57
58
0.004619397662556432 0 -0.001913417161825451
0.004999999999999999 0 -9.184850993605148e-19
0.004619397662556434 0 0.001913417161825446
0.004157348061512725 0 -0.00277785116509801
0.004903926402016151 0 -0.0009754516100806431
0.004903926402016152 0 0.000975451610080637
0.004157348061512726 0 0.002777851165098009
1 7 0 7
59
60
61
62
63
64
65
0.001913417161825452 0 0.004619397662556432
1.224646799147353e-18 0 0.004999999999999999
-0.001913417161825445 0 0.004619397662556435
0.00277785116509801 0 0.004157348061512725
0.0009754516100806435 0 0.004903926402016151
-0.0009754516100806366 0 0.004903926402016152
-0.002777851165098009 0 0.004157348061512726
1 8 0 7
66
67
68
69
70
71
72
-0.004619397662556432 0 0.00191341716182545
-0.004999999999999999 0 2.526607749037151e-18
-0.004619397662556435 0 -0.001913417161825445
-0.004157348061512725 0 0.002777851165098012
-0.004903926402016152 0 0.0009754516100806425
-0.004903926402016152 0 -0.0009754516100806376
-0.004157348061512728 0 -0.002777851165098008
1 9 0 7
73
74
75
76
77
78
79
-0.002196383476483184 0 -0.002196383476483184
-0.002642766952966369 0 -0.002642766952966369
-0.003089150429449553 0 -0.003089150429449553
-0.001973191738241592 0 -0.001973191738241592
-0.002419575214724776 0 -0.002419575214724776
-0.002865958691207961 0 -0.002865958691207961
-0.003312342167691145 0 -0.003312342167691145
1 10 0 7
80
81
82
83
84
85
86
0.002196383476483184 0 -0.002196383476483184
0.002642766952966369 0 -0.002642766952966369
0.003089150429449553 0 -0.003089150429449553
0.001973191738241592 0 -0.001973191738241592
0.002419575214724776 0 -0.002419575214724776
0.002865958691207961 0 -0.002865958691207961
0.003312342167691145 0 -0.003312342167691145
1 11 0 7
87
88
89
90
91
92
93
0.002196383476483184 0 0.002196383476483184
0.002642766952966369 0 0.002642766952966369
0.003089150429449553 0 0.003089150429449553
0.001973191738241592 0 0.001973191738241592
0.002419575214724776 0 0.002419575214724776
0.002865958691207961 0 0.002865958691207961
0.003312342167691145 0 0.003312342167691145
1 12 0 7
94
95
96
97
98
99
100
-0.002196383476483184 0 0.002196383476483184
-0.002642766952966369 0 0.002642766952966369
-0.003089150429449553 0 0.003089150429449553
-0.001973191738241592 0 0.001973191738241592
-0.002419575214724776 0 0.002419575214724776
-0.002865958691207961 0 0.002865958691207961
-0.003312342167691145 0 0.003312342167691145
1 13 0 11
101
102
103
104
105
106
107
108
109
110
111
-0.00175 0.002 -0.00175
-0.00175 0.004 -0.00175
-0.00175 0.006 -0.00175
-0.00175 0.008 -0.00175
-0.00175 0.01 -0.00175
-0.00175 0.001 -0.00175
-0.00175 0.003 -0.00175
-0.00175 0.005 -0.00175
-0.00175 0.007 -0.00175
-0.00175 0.009000000000000001 -0.00175
-0.00175 0.011 -0.00175
1 14 0 11
112
113
114
115
116
117
118
119
120
121
122
0.00175 0.002 -0.00175
0.00175 0.004 -0.00175
0.00175 0.006 -0.00175
0.00175 0.008 -0.00175
0.00175 0.01 -0.00175
0.00175 0.001 -0.00175
0.00175 0.003 -0.00175
0.00175 0.005 -0.00175
0.00175 0.007 -0.00175
0.00175 0.009000000000000001 -0.00175
0.00175 0.011 -0.00175
1 15 0 7
123
124
125
126
127
128
129
-0.000875 0.012 -0.00175
0 0.012 -0.00175
0.0008749999999999999 0.012 -0.00175
-0.0013125 0.012 -0.00175
-0.0004375 0.012 -0.00175
0.0004375 0.012 -0.00175
0.0013125 0.012 -0.00175
1 16 0 11
130
131
132
133
134
135
136
137
138
139
140
0.00175 0.002 0.00175
0.00175 0.004 0.00175
0.00175 0.006 0.00175
0.00175 0.008 0.00175
0.00175 0.01 0.00175
0.00175 0.001 0.00175
0.00175 0.003 0.00175
0.00175 0.005 0.00175
0.00175 0.007 0.00175
0.00175 0.009000000000000001 0.00175
0.00175 0.011 0.00175
1 17 0 7
141
142
143
144
145
146
147
0.00175 0.012 -0.000875
0.00175 0.012 0
0.00175 0.012 0.0008749999999999999
0.00175 0.012 -0.0013125
0.00175 0.012 -0.0004375
0.00175 0.012 0.0004375
0.00175 0.012 0.0013125
1 18 0 11
148
149
150
151
152
153
154
155
156
157
158
-0.00175 0.002 0.00175
-0.00175 0.004 0.00175
-0.00175 0.006 0.00175
-0.00175 0.008 0.00175
-0.00175 0.01 0.00175
-0.00175 0.001 0.00175
-0.00175 0.003 0.00175
-0.00175 0.005 0.00175
-0.00175 0.007 0.00175
-0.00175 0.009000000000000001 0.00175
-0.00175 0.011 0.00175
1 19 0 7
159
160
161
162
163
164
165
0.000875 0.012 0.00175
0 0.012 0.00175
-0.0008749999999999999 0.012 0.00175
0.0013125 0.012 0.00175
0.0004375 0.012 0.00175
-0.0004375 0.012 0.00175
-0.0013125 0.012 0.00175
1 20 0 7
166
167
168
169
170
171
172
-0.00175 0.012 0.000875
-0.00175 0.012 0
-0.00175 0.012 -0.0008749999999999999
-0.00175 0.012 0.0013125
-0.00175 0.012 0.0004375
-0.00175 0.012 -0.0004375
-0.00175 0.012 -0.0013125
1 21 0 11
173
174
175
176
177
178
179
180
181
182
183
0.003535533905932737 0.002 -0.003535533905932737
0.003535533905932737 0.004 -0.003535533905932737
0.003535533905932737 0.006 -0.003535533905932737
0.003535533905932737 0.008 -0.003535533905932737
0.003535533905932737 0.01 -0.003535533905932737
0.003535533905932737 0.001 -0.003535533905932737
0.003535533905932737 0.003 -0.003535533905932737
0.003535533905932737 0.005 -0.003535533905932737
0.003535533905932737 0.007 -0.003535533905932737
0.003535533905932737 0.009000000000000001 -0.003535533905932737
0.003535533905932737 0.011 -0.003535533905932737
1 22 0 7
184
185
186
187
188
189
190
0.002196383476483184 0.012 -0.002196383476483184
0.002642766952966369 0.012 -0.002642766952966369
0.003089150429449553 0.012 -0.003089150429449553
0.001973191738241592 0.012 -0.001973191738241592
0.002419575214724776 0.012 -0.002419575214724776
0.002865958691207961 0.012 -0.002865958691207961
0.003312342167691145 0.012 -0.003312342167691145
1 23 0 11
191
192
193
194
195
196
197
198
199
200
201
-0.003535533905932737 0.002 -0.003535533905932737
-0.003535533905932737 0.004 -0.003535533905932737
-0.003535533905932737 0.006 -0.003535533905932737
-0.003535533905932737 0.008 -0.003535533905932737
-0.003535533905932737 0.01 -0.003535533905932737
-0.003535533905932737 0.001 -0.003535533905932737
-0.003535533905932737 0.003 -0.003535533905932737
-0.003535533905932737 0.005 -0.003535533905932737
-0.003535533905932737 0.007 -0.003535533905932737
-0.003535533905932737 0.009000000000000001 -0.003535533905932737
-0.003535533905932737 0.011 -0.003535533905932737
1 24 0 7
202
203
204
205
206
207
208
-0.001913417161825445 0.012 -0.004619397662556435
3.828568698926949e-18 0.012 -0.004999999999999999
0.001913417161825452 0.012 -0.004619397662556432
-0.00277785116509801 0.012 -0.004157348061512726
-0.0009754516100806385 0.012 -0.004903926402016152
0.000975451610080646 0.012 -0.004903926402016151
0.002777851165098015 0.012 -0.004157348061512723
1 25 0 7
209
210
211
212
213
214
215
-0.002196383476483184 0.012 -0.002196383476483184
-0.002642766952966369 0.012 -0.002642766952966369
-0.003089150429449553 0.012 -0.003089150429449553
-0.001973191738241592 0.012 -0.001973191738241592
-0.002419575214724776 0.012 -0.002419575214724776
-0.002865958691207961 0.012 -0.002865958691207961
-0.003312342167691145 0.012 -0.003312342167691145
1 26 0 11
216
217
218
219
220
221
222
223
224
225
226
0.003535533905932737 0.002 0.003535533905932737
0.003535533905932737 0.004 0.003535533905932737
0.003535533905932737 0.006 0.003535533905932737
0.003535533905932737 0.008 0.003535533905932737
0.003535533905932737 0.01 0.003535533905932737
0.003535533905932737 0.001 0.003535533905932737
0.003535533905932737 0.003 0.003535533905932737
0.003535533905932737 0.005 0.003535533905932737
0.003535533905932737 0.007 0.003535533905932737
0.003535533905932737 0.009000000000000001 0.003535533905932737
0.003535533905932737 0.011 0.003535533905932737
1 27 0 7
227
228
229
230
231
232
233
0.002196383476483184 0.012 0.002196383476483184
0.002642766952966369 0.012 0.002642766952966369
0.003089150429449553 0.012 0.003089150429449553
0.001973191738241592 0.012 0.001973191738241592
0.002419575214724776 0.012 0.002419575214724776
0.002865958691207961 0.012 0.002865958691207961
0.003312342167691145 0.012 0.003312342167691145
1 28 0 7
234
235
236
237
238
239
240
0.004619397662556432 0.012 -0.001913417161825451
0.004999999999999999 0.012 -9.184850993605148e-19
0.004619397662556434 0.012 0.001913417161825446
0.004157348061512725 0.012 -0.00277785116509801
0.004903926402016151 0.012 -0.0009754516100806431
0.004903926402016152 0.012 0.000975451610080637
0.004157348061512726 0.012 0.002777851165098009
1 29 0 11
241
242
243
244
245
246
247
248
249
250
251
-0.003535533905932737 0.002 0.003535533905932737
-0.003535533905932737 0.004 0.003535533905932737
-0.003535533905932737 0.006 0.003535533905932737
-0.003535533905932737 0.008 0.003535533905932737
-0.003535533905932737 0.01 0.003535533905932737
-0.003535533905932737 0.001 0.003535533905932737
-0.003535533905932737 0.003 0.003535533905932737
-0.003535533905932737 0.005 0.003535533905932737
-0.003535533905932737 0.007 0.003535533905932737
-0.003535533905932737 0.009000000000000001 0.003535533905932737
-0.003535533905932737 0.011 0.003535533905932737
1 30 0 7
252
253
254
255
256
257
258
-0.002196383476483184 0.012 0.002196383476483184
-0.002642766952966369 0.012 0.002642766952966369
-0.003089150429449553 0.012 0.003089150429449553
-0.001973191738241592 0.012 0.001973191738241592
-0.002419575214724776 0.012 0.002419575214724776
-0.002865958691207961 0.012 0.002865958691207961
-0.003312342167691145 0.012 0.003312342167691145
1 31 0 7
259
260
261
262
263
264
265
0.001913417161825452 0.012 0.004619397662556432
1.224646799147353e-18 0.012 0.004999999999999999
-0.001913417161825445 0.012 0.004619397662556435
0.00277785116509801 0.012 0.004157348061512725
0.0009754516100806435 0.012 0.004903926402016151
-0.0009754516100806366 0.012 0.004903926402016152
-0.002777851165098009 0.012 0.004157348061512726
1 32 0 7
266
267
268
269
270
271
272
-0.004619397662556432 0.012 0.00191341716182545
-0.004999999999999999 0.012 2.526607749037151e-18
-0.004619397662556435 0.012 -0.001913417161825445
-0.004157348061512725 0.012 0.002777851165098012
-0.004903926402016152 0.012 0.0009754516100806425
-0.004903926402016152 0.012 -0.0009754516100806376
-0.004157348061512728 0.012 -0.002777851165098008
2 14 0 49
273
274
275
276
277
278
279
280
281
282
283
284
285
286
287
288
289
290
291
292
293
294
295
296
297
298
299
300
301
302
303
304
305
306
307
308
309
310
311
312
313
314
315
316
317
318
319
320
321
-0.0008750000000000001 0 -0.0008749999999999999
-0.000875 0 6.050235337530717e-20
-0.0008749999999999999 0 0.0008749999999999999
-6.050235337530717e-20 0 -0.0008749999999999998
-6.050235337530717e-20 0 6.050235337530717e-20
-6.050235337530717e-20 0 0.000875
0.0008749999999999997 0 -0.0008749999999999997
0.0008749999999999998 0 6.050235337530717e-20
0.0008749999999999997 0 0.0008749999999999999
-0.0008750000000000001 0 -0.0013125
-0.0013125 0 -0.0008749999999999998
-0.0013125 0 -0.0013125
-0.000875 0 -0.0004375
-0.0013125 0 6.050235337530717e-20
-0.0013125 0 -0.0004374999999999999
-0.000875 0 0.0004375
-0.0013125 0 0.000875
-0.0013125 0 0.0004375
-0.000875 0 0.0013125
-0.0013125 0 0.0013125
-6.050235337530717e-20 0 -0.0013125
-0.0004375000000000001 0 -0.0008749999999999998
-0.0004375 0 -0.0013125
-6.050235337530717e-20 0 -0.0004374999999999999
-0.0004375 0 6.050235337530717e-20
-0.0004375 0 -0.0004374999999999999
-6.050235337530717e-20 0 0.0004375
-0.0004375 0 0.000875
-0.0004375 0 0.0004375
-6.050235337530717e-20 0 0.0013125
-0.0004375 0 0.0013125
0.0008749999999999998 0 -0.0013125
0.0004374999999999998 0 -0.0008749999999999998
0.0004374999999999999 0 -0.0013125
0.0008749999999999998 0 -0.0004374999999999998
0.0004374999999999999 0 6.050235337530717e-20
0.0004374999999999999 0 -0.0004374999999999999
0.0008749999999999998 0 0.0004375
0.0004374999999999998 0 0.000875
0.0004374999999999999 0 0.0004375
0.0008749999999999998 0 0.0013125
0.0004374999999999999 0 0.0013125
0.0013125 0 -0.0008749999999999998
0.0013125 0 -0.0013125
0.0013125 0 6.050235337530717e-20
0.0013125 0 -0.0004374999999999999
0.0013125 0 0.000875
0.0013125 0 0.0004375
0.0013125 0 0.0013125
2 16 0 49
322
323
324
325
326
327
328
329
330
331
332
333
334
335
336
337
338
339
340
341
342
343
344
345
346
347
348
349
350
351
352
353
354
355
356
357
358
359
360
361
362
363
364
365
366
367
368
369
370
-0.001134604290456362 0 -0.002467349415639109
-0.001394208580912723 0 -0.003184698831278218
-0.001653812871369084 0 -0.003902048246917327
6.654626103042168e-19 0 -0.002562500000000001
1.358430582349959e-18 0 -0.003375
2.430869314765628e-18 0 -0.004187500000000001
0.001134604290456362 0 -0.002467349415639108
0.001394208580912725 0 -0.003184698831278217
0.001653812871369088 0 -0.003902048246917326
-0.001004802145228181 0 -0.002108674707819554
-0.001665493883469773 0 -0.002331866446061147
-0.001488996941734886 0 -0.002040933223030573
-0.001264406435684542 0 -0.002826024123458664
-0.002018487766939546 0 -0.002913732892122294
-0.001841990825204659 0 -0.00262279966909172
-0.001524010726140903 0 -0.003543373539097773
-0.002371481650409319 0 -0.00349559933818344
-0.002194984708674432 0 -0.003204666115152867
-0.001783615016597264 0 -0.004260722954736881
-0.002574666407753665 0 -0.003826473699848084
3.189786242813455e-19 0 -0.00215625
-0.0005673021452281805 0 -0.002514924707819555
-0.0005024010726140902 0 -0.002132462353909777
1.011946596327088e-18 0 -0.00296875
-0.0006971042904563605 0 -0.00327984941563911
-0.0006322032178422705 0 -0.002897387061729332
1.894649948557794e-18 0 -0.003781250000000001
-0.0008269064356845407 0 -0.004044774123458664
-0.0007620053630704506 0 -0.003662311769548887
3.129719006846288e-18 0 -0.004593750000000001
-0.0009011790228825895 0 -0.004474350262737408
0.001004802145228181 0 -0.002108674707819554
0.0005673021452281815 0 -0.002514924707819554
0.0005024010726140908 0 -0.002132462353909777
0.001264406435684544 0 -0.002826024123458662
0.0006971042904563631 0 -0.003279849415639109
0.0006322032178422722 0 -0.002897387061729332
0.001524010726140906 0 -0.003543373539097771
0.0008269064356845451 0 -0.004044774123458664
0.0007620053630704542 0 -0.003662311769548886
0.00178361501659727 0 -0.004260722954736879
0.0009011790228825956 0 -0.004474350262737407
0.001665493883469773 0 -0.002331866446061147
0.001488996941734886 0 -0.002040933223030573
0.002018487766939546 0 -0.002913732892122293
0.00184199082520466 0 -0.00262279966909172
0.002371481650409321 0 -0.003495599338183439
0.002194984708674433 0 -0.003204666115152866
0.002574666407753667 0 -0.003826473699848082
2 18 0 49
371
372
373
374
375
376
377
378
379
380
381
382
383
384
385
386
387
388
389
390
391
392
393
394
395
396
397
398
399
400
401
402
403
404
405
406
407
408
409
410
411
412
413
414
415
416
417
418
419
0.002467349415639108 0 -0.001134604290456363
0.003184698831278216 0 -0.001394208580912726
0.003902048246917324 0 -0.001653812871369088
0.0025625 0 -1.922017098749189e-19
0.003375 0 -2.897358833720503e-19
0.0041875 0 1.548310293735706e-19
0.002467349415639108 0 0.001134604290456361
0.003184698831278217 0 0.001394208580912723
0.003902048246917326 0 0.001653812871369085
0.002108674707819554 0 -0.001004802145228181
0.002331866446061146 0 -0.001665493883469774
0.002040933223030573 0 -0.001488996941734887
0.002826024123458662 0 -0.001264406435684544
0.002913732892122292 0 -0.002018487766939547
0.002622799669091719 0 -0.00184199082520466
0.00354337353909777 0 -0.001524010726140907
0.003495599338183439 0 -0.002371481650409321
0.003204666115152866 0 -0.002194984708674434
0.004260722954736878 0 -0.00178361501659727
0.003826473699848082 0 -0.002574666407753666
0.00215625 0 -1.434346231263533e-19
0.002514924707819554 0 -0.0005673021452281816
0.002132462353909777 0 -0.0005024010726140908
0.00296875 0 -2.409687966234846e-19
0.003279849415639108 0 -0.0006971042904563631
0.002897387061729331 0 -0.0006322032178422723
0.00378125 0 -6.745242699923988e-20
0.004044774123458662 0 -0.000826906435684544
0.003662311769548885 0 -0.0007620053630704535
0.00459375 0 -3.818270349934721e-19
0.004474350262737407 0 -0.0009011790228825935
0.002108674707819554 0 0.001004802145228181
0.002514924707819554 0 0.0005673021452281806
0.002132462353909777 0 0.0005024010726140903
0.002826024123458663 0 0.001264406435684542
0.003279849415639108 0 0.0006971042904563614
0.002897387061729331 0 0.0006322032178422708
0.003543373539097771 0 0.001524010726140904
0.004044774123458663 0 0.0008269064356845425
0.003662311769548886 0 0.0007620053630704519
0.00426072295473688 0 0.001783615016597265
0.004474350262737408 0 0.0009011790228825896
0.002331866446061147 0 0.001665493883469773
0.002040933223030573 0 0.001488996941734887
0.002913732892122293 0 0.002018487766939546
0.00262279966909172 0 0.001841990825204659
0.003495599338183439 0 0.002371481650409319
0.003204666115152866 0 0.002194984708674432
0.003826473699848083 0 0.002574666407753663
2 20 0 49
420
421
422
423
424
425
426
427
428
429
430
431
432
433
434
435
436
437
438
439
440
441
442
443
444
445
446
447
448
449
450
451
452
453
454
455
456
457
458
459
460
461
462
463
464
465
466
467
468
0.001134604290456363 0 0.002467349415639108
0.001394208580912726 0 0.003184698831278216
0.001653812871369088 0 0.003902048246917324
2.687421348216285e-19 0 0.0025625
4.428167332654695e-19 0 0.003375
7.479024546655805e-20 0 0.0041875
-0.001134604290456361 0 0.002467349415639109
-0.001394208580912723 0 0.003184698831278218
-0.001653812871369085 0 0.003902048246917326
0.001004802145228181 0 0.002108674707819554
0.001665493883469774 0 0.002331866446061146
0.001488996941734887 0 0.002040933223030573
0.001264406435684544 0 0.002826024123458662
0.002018487766939547 0 0.002913732892122292
0.00184199082520466 0 0.002622799669091719
0.001524010726140907 0 0.00354337353909777
0.002371481650409321 0 0.003495599338183439
0.002194984708674434 0 0.003204666115152866
0.00178361501659727 0 0.004260722954736878
0.002574666407753666 0 0.003826473699848082
1.817048355997081e-19 0 0.00215625
0.0005673021452281816 0 0.002514924707819554
0.0005024010726140908 0 0.002132462353909777
3.55779434043549e-19 0 0.00296875
0.0006971042904563631 0 0.003279849415639108
0.0006322032178422723 0 0.002897387061729331
2.588034893660138e-19 0 0.00378125
0.0008269064356845443 0 0.004044774123458663
0.0007620053630704536 0 0.003662311769548885
6.497185223069555e-19 0 0.00459375
0.0009011790228825938 0 0.004474350262737407
-0.001004802145228181 0 0.002108674707819554
-0.0005673021452281805 0 0.002514924707819554
-0.0005024010726140903 0 0.002132462353909777
-0.001264406435684542 0 0.002826024123458663
-0.0006971042904563613 0 0.003279849415639109
-0.0006322032178422708 0 0.002897387061729331
-0.001524010726140904 0 0.003543373539097772
-0.0008269064356845423 0 0.004044774123458664
-0.0007620053630704518 0 0.003662311769548886
-0.001783615016597265 0 0.00426072295473688
-0.0009011790228825895 0 0.004474350262737408
-0.001665493883469773 0 0.002331866446061147
-0.001488996941734887 0 0.002040933223030573
-0.002018487766939546 0 0.002913732892122293
-0.001841990825204659 0 0.00262279966909172
-0.002371481650409319 0 0.00349559933818344
-0.002194984708674432 0 0.003204666115152867
-0.002574666407753663 0 0.003826473699848083
2 22 0 49
469
470
471
472
473
474
475
476
477
478
479
480
481
482
483
484
485
486
487
488
489
490
491
492
493
494
495
496
497
498
499
500
501
502
503
504
505
506
507
508
509
510
511
512
513
514
515
516
517
-0.002467349415639108 0 0.001134604290456363
-0.003184698831278216 0 0.001394208580912724
-0.003902048246917324 0 0.001653812871369086
-0.002562499999999999 0 7.883603293407561e-20
-0.003374999999999999 0 4.249389968913822e-19
-0.004187499999999999 0 3.915712004787622e-19
-0.002467349415639108 0 -0.001134604290456362
-0.003184698831278216 0 -0.001394208580912724
-0.003902048246917325 0 -0.001653812871369086
-0.002108674707819553 0 0.001004802145228181
-0.002331866446061146 0 0.001665493883469773
-0.002040933223030573 0 0.001488996941734887
-0.002826024123458662 0 0.001264406435684543
-0.002913732892122292 0 0.002018487766939547
-0.002622799669091719 0 0.00184199082520466
-0.00354337353909777 0 0.001524010726140906
-0.003495599338183439 0 0.00237148165040932
-0.003204666115152866 0 0.002194984708674433
-0.004260722954736878 0 0.001783615016597268
-0.003826473699848082 0 0.002574666407753666
-0.002156249999999999 0 6.841487682824795e-20
-0.002514924707819553 0 0.0005673021452281814
-0.002132462353909776 0 0.0005024010726140907
-0.002968749999999999 0 2.518875149127289e-19
-0.003279849415639107 0 0.0006971042904563625
-0.00289738706172933 0 0.0006322032178422719
-0.003781249999999999 0 4.082550986850721e-19
-0.004044774123458662 0 0.0008269064356845434
-0.003662311769548884 0 0.000762005363070453
-0.004593749999999999 0 1.459089474757957e-18
-0.004474350262737407 0 0.0009011790228825931
-0.002108674707819554 0 -0.001004802145228181
-0.002514924707819553 0 -0.0005673021452281808
-0.002132462353909776 0 -0.0005024010726140903
-0.002826024123458662 0 -0.001264406435684543
-0.003279849415639108 0 -0.0006971042904563616
-0.00289738706172933 0 -0.0006322032178422713
-0.003543373539097771 0 -0.001524010726140905
-0.004044774123458662 0 -0.0008269064356845428
-0.003662311769548885 0 -0.0007620053630704522
-0.00426072295473688 0 -0.001783615016597266
-0.004474350262737407 0 -0.0009011790228825901
-0.002331866446061146 0 -0.001665493883469773
-0.002040933223030573 0 -0.001488996941734886
-0.002913732892122292 0 -0.002018487766939546
-0.002622799669091719 0 -0.00184199082520466
-0.003495599338183439 0 -0.00237148165040932
-0.003204666115152866 0 -0.002194984708674433
-0.003826473699848083 0 -0.002574666407753665
2 23 0 77
518
519
520
521
522
523
524
525
526
527
528
529
530
531
532
533
534
535
536
537
538
539
540
541
542
543
544
545
546
547
548
549
550
551
552
553
554
555
556
557
558
559
560
561
562
563
564
565
566
567
568
569
570
571
572
573
574
575
576
577
578
579
580
581
582
583
584
585
586
587
588
589
590
591
592
593
594
-0.000875 0.002 -0.00175
-0.000875 0.004 -0.00175
-0.000875 0.006 -0.00175
-0.000875 0.008 -0.00175
-0.000875 0.01 -0.00175
0 0.002 -0.00175
0 0.004 -0.00175
0 0.006 -0.00175
0 0.008 -0.00175
0 0.01 -0.00175
0.0008749999999999999 0.002 -0.00175
0.0008749999999999999 0.004 -0.00175
0.0008749999999999999 0.006 -0.00175
0.0008749999999999999 0.008 -0.00175
0.0008749999999999999 0.01 -0.00175
-0.0013125 0.002 -0.00175
-0.000875 0.001 -0.00175
-0.0013125 0.001 -0.00175
-0.0013125 0.004 -0.00175
-0.000875 0.003 -0.00175
-0.0013125 0.003 -0.00175
-0.0013125 0.006 -0.00175
-0.000875 0.005 -0.00175
-0.0013125 0.005 -0.00175
-0.0013125 0.008 -0.00175
-0.000875 0.007 -0.00175
-0.0013125 0.007000000000000001 -0.00175
-0.0013125 0.01 -0.00175
-0.000875 0.009000000000000001 -0.00175
-0.0013125 0.009000000000000001 -0.00175
-0.000875 0.011 -0.00175
-0.0013125 0.011 -0.00175
-0.0004375 0.002 -0.00175
0 0.001 -0.00175
-0.0004375 0.001 -0.00175
-0.0004375 0.004 -0.00175
0 0.003 -0.00175
-0.0004375 0.003 -0.00175
-0.0004375 0.006 -0.00175
0 0.005 -0.00175
-0.0004375 0.005 -0.00175
-0.0004375 0.008 -0.00175
0 0.007 -0.00175
-0.0004375 0.007000000000000001 -0.00175
-0.0004375 0.01 -0.00175
0 0.009000000000000001 -0.00175
-0.0004375 0.009000000000000001 -0.00175
0 0.011 -0.00175
-0.0004375 0.011 -0.00175
0.0004375 0.002 -0.00175
0.0008749999999999999 0.001 -0.00175
0.0004375 0.001 -0.00175
0.0004375 0.004 -0.00175
0.0008749999999999999 0.003 -0.00175
0.0004375 0.003 -0.00175
0.0004375 0.006 -0.00175
0.0008749999999999999 0.005 -0.00175
0.0004375 0.005 -0.00175
0.0004375 0.008 -0.00175
0.0008749999999999999 0.007 -0.00175
0.0004375 0.007000000000000001 -0.00175
0.0004375 0.01 -0.00175
0.0008749999999999999 0.009000000000000001 -0.00175
0.0004375 0.009000000000000001 -0.00175
0.0008749999999999999 0.011 -0.00175
0.0004375 0.011 -0.00175
0.0013125 0.002 -0.00175
0.0013125 0.001 -0.00175
0.0013125 0.004 -0.00175
0.0013125 0.003 -0.00175
0.0013125 0.006 -0.00175
0.0013125 0.005 -0.00175
0.0013125 0.008 -0.00175
0.0013125 0.007000000000000001 -0.00175
0.0013125 0.01 -0.00175
0.0013125 0.009000000000000001 -0.00175
0.0013125 0.011 -0.00175
2 24 0 77
595
596
597
598
599
600
601
602
603
604
605
606
607
608
609
610
611
612
613
614
615
616
617
618
619
620
621
622
623
624
625
626
627
628
629
630
631
632
633
634
635
636
637
638
639
640
641
642
643
644
645
646
647
648
649
650
651
652
653
654
655
656
657
658
659
660
661
662
663
664
665
666
667
668
669
670
671
0.00175 0.002 -0.000875
0.00175 0.004 -0.000875
0.00175 0.006 -0.000875
0.00175 0.008 -0.000875
0.00175 0.01 -0.000875
0.00175 0.002 0
0.00175 0.004 0
0.00175 0.006 0
0.00175 0.008 0
0.00175 0.01 0
0.00175 0.002 0.0008749999999999999
0.00175 0.004 0.0008749999999999999
0.00175 0.006 0.0008749999999999999
0.00175 0.008 0.0008749999999999999
0.00175 0.01 0.0008749999999999999
0.00175 0.002 -0.0013125
0.00175 0.001 -0.000875
0.00175 0.001 -0.0013125
0.00175 0.004 -0.0013125
0.00175 0.003 -0.000875
0.00175 0.003 -0.0013125
0.00175 0.006 -0.0013125
0.00175 0.005 -0.000875
0.00175 0.005 -0.0013125
0.00175 0.008 -0.0013125
0.00175 0.007 -0.000875
0.00175 0.007000000000000001 -0.0013125
0.00175 0.01 -0.0013125
0.00175 0.009000000000000001 -0.000875
0.00175 0.009000000000000001 -0.0013125
0.00175 0.011 -0.000875
0.00175 0.011 -0.0013125
0.00175 0.002 -0.0004375
0.00175 0.001 0
0.00175 0.001 -0.0004375
0.00175 0.004 -0.0004375
0.00175 0.003 0
0.00175 0.003 -0.0004375
0.00175 0.006 -0.0004375
0.00175 0.005 0
0.00175 0.005 -0.0004375
0.00175 0.008 -0.0004375
0.00175 0.007 0
0.00175 0.007000000000000001 -0.0004375
0.00175 0.01 -0.0004375
0.00175 0.009000000000000001 0
0.00175 0.009000000000000001 -0.0004375
0.00175 0.011 0
0.00175 0.011 -0.0004375
0.00175 0.002 0.0004375
0.00175 0.001 0.0008749999999999999
0.00175 0.001 0.0004375
0.00175 0.004 0.0004375
0.00175 0.003 0.0008749999999999999
0.00175 0.003 0.0004375
0.00175 0.006 0.0004375
0.00175 0.005 0.0008749999999999999
0.00175 0.005 0.0004375
0.00175 0.008 0.0004375
0.00175 0.007 0.0008749999999999999
0.00175 0.007000000000000001 0.0004375
0.00175 0.01 0.0004375
0.00175 0.009000000000000001 0.0008749999999999999
0.00175 0.009000000000000001 0.0004375
0.00175 0.011 0.0008749999999999999
0.00175 0.011 0.0004375
0.00175 0.002 0.0013125
0.00175 0.001 0.0013125
0.00175 0.004 0.0013125
0.00175 0.003 0.0013125
0.00175 0.006 0.0013125
0.00175 0.005 0.0013125
0.00175 0.008 0.0013125
0.00175 0.007000000000000001 0.0013125
0.00175 0.01 0.0013125
0.00175 0.009000000000000001 0.0013125
0.00175 0.011 0.0013125
2 25 0 77
672
673
674
675
676
677
678
679
680
681
682
683
684
685
686
687
688
689
690
691
692
693
694
695
696
697
698
699
700
701
702
703
704
705
706
707
708
709
710
711
712
713
714
715
716
717
718
719
720
721
722
723
724
725
726
727
728
729
730
731
732
733
734
735
736
737
738
739
740
741
742
743
744
745
746
747
748
0.000875 0.002 0.00175
0.000875 0.004 0.00175
0.000875 0.006 0.00175
0.000875 0.008 0.00175
0.000875 0.01 0.00175
0 0.002 0.00175
0 0.004 0.00175
0 0.006 0.00175
0 0.008 0.00175
0 0.01 0.00175
-0.0008749999999999999 0.002 0.00175
-0.0008749999999999999 0.004 0.00175
-0.0008749999999999999 0.006 0.00175
-0.0008749999999999999 0.008 0.00175
-0.0008749999999999999 0.01 0.00175
0.0013125 0.002 0.00175
0.000875 0.001 0.00175
0.0013125 0.001 0.00175
0.0013125 0.004 0.00175
0.000875 0.003 0.00175
0.0013125 0.003 0.00175
0.0013125 0.006 0.00175
0.000875 0.005 0.00175
0.0013125 0.005 0.00175
0.0013125 0.008 0.00175
0.000875 0.007 0.00175
0.0013125 0.007000000000000001 0.00175
0.0013125 0.01 0.00175
0.000875 0.009000000000000001 0.00175
0.0013125 0.009000000000000001 0.00175
0.000875 0.011 0.00175
0.0013125 0.011 0.00175
0.0004375 0.002 0.00175
0 0.001 0.00175
0.0004375 0.001 0.00175
0.0004375 0.004 0.00175
0 0.003 0.00175
0.0004375 0.003 0.00175
0.0004375 0.006 0.00175
0 0.005 0.00175
0.0004375 0.005 0.00175
0.0004375 0.008 0.00175
0 0.007 0.00175
0.0004375 0.007000000000000001 0.00175
0.0004375 0.01 0.00175
0 0.009000000000000001 0.00175
0.0004375 0.009000000000000001 0.00175
0 0.011 0.00175
0.0004375 0.011 0.00175
-0.0004375 0.002 0.00175
-0.0008749999999999999 0.001 0.00175
-0.0004375 0.001 0.00175
-0.0004375 0.004 0.00175
-0.0008749999999999999 0.003 0.00175
-0.0004375 0.003 0.00175
-0.0004375 0.006 0.00175
-0.0008749999999999999 0.005 0.00175
-0.0004375 0.005 0.00175
-0.0004375 0.008 0.00175
-0.0008749999999999999 0.007 0.00175
-0.0004375 0.007000000000000001 0.00175
-0.0004375 0.01 0.00175
-0.0008749999999999999 0.009000000000000001 0.00175
-0.0004375 0.009000000000000001 0.00175
-0.0008749999999999999 0.011 0.00175
-0.0004375 0.011 0.00175
-0.0013125 0.002 0.00175
-0.0013125 0.001 0.00175
-0.0013125 0.004 0.00175
-0.0013125 0.003 0.00175
-0.0013125 0.006 0.00175
-0.0013125 0.005 0.00175
-0.0013125 0.008 0.00175
-0.0013125 0.007000000000000001 0.00175
-0.0013125 0.01 0.00175
-0.0013125 0.009000000000000001 0.00175
-0.0013125 0.011 0.00175
2 26 0 77
749
750
751
752
753
754
755
756
757
758
759
760
761
762
763
764
765
766
767
768
769
770
771
772
773
774
775
776
777
778
779
780
781
782
783
784
785
786
787
788
789
790
791
792
793
794
795
796
797
798
799
800
801
802
803
804
805
806
807
808
809
810
811
812
813
814
815
816
817
818
819
820
821
822
823
824
825
-0.00175 0.002 0.000875
-0.00175 0.004 0.000875
-0.00175 0.006 0.000875
-0.00175 0.008 0.000875
-0.00175 0.01 0.000875
-0.00175 0.002 0
-0.00175 0.004 0
-0.00175 0.006 0
-0.00175 0.008 0
-0.00175 0.01 0
-0.00175 0.002 -0.0008749999999999999
-0.00175 0.004 -0.0008749999999999999
-0.00175 0.006 -0.0008749999999999999
-0.00175 0.008 -0.0008749999999999999
-0.00175 0.01 -0.0008749999999999999
-0.00175 0.002 0.0013125
-0.00175 0.001 0.000875
-0.00175 0.001 0.0013125
-0.00175 0.004 0.0013125
-0.00175 0.003 0.000875
-0.00175 0.003 0.0013125
-0.00175 0.006 0.0013125
-0.00175 0.005 0.000875
-0.00175 0.005 0.0013125
-0.00175 0.008 0.0013125
-0.00175 0.007 0.000875
-0.00175 0.007000000000000001 0.0013125
-0.00175 0.01 0.0013125
-0.00175 0.009000000000000001 0.000875
-0.00175 0.009000000000000001 0.0013125
-0.00175 0.011 0.000875
-0.00175 0.011 0.0013125
-0.00175 0.002 0.0004375
-0.00175 0.001 0
-0.00175 0.001 0.0004375
-0.00175 0.004 0.0004375
-0.00175 0.003 0
-0.00175 0.003 0.0004375
-0.00175 0.006 0.0004375
-0.00175 0.005 0
-0.00175 0.005 0.0004375
-0.00175 0.008 0.0004375
-0.00175 0.007 0
-0.00175 0.007000000000000001 0.0004375
-0.00175 0.01 0.0004375
-0.00175 0.009000000000000001 0
-0.00175 0.009000000000000001 0.0004375
-0.00175 0.011 0
-0.00175 0.011 0.0004375
-0.00175 0.002 -0.0004375
-0.00175 0.001 -0.0008749999999999999
-0.00175 0.001 -0.0004375
-0.00175 0.004 -0.0004375
-0.00175 0.003 -0.0008749999999999999
-0.00175 0.003 -0.0004375
-0.00175 0.006 -0.0004375
-0.00175 0.005 -0.0008749999999999999
-0.00175 0.005 -0.0004375
-0.00175 0.008 -0.0004375
-0.00175 0.007 -0.0008749999999999999
-0.00175 0.007000000000000001 -0.0004375
-0.00175 0.01 -0.0004375
-0.00175 0.009000000000000001 -0.0008749999999999999
-0.00175 0.009000000000000001 -0.0004375
-0.00175 0.011 -0.0008749999999999999
-0.00175 0.011 -0.0004375
-0.00175 0.002 -0.0013125
-0.00175 0.001 -0.0013125
-0.00175 0.004 -0.0013125
-0.00175 0.003 -0.0013125
-0.00175 0.006 -0.0013125
-0.00175 0.005 -0.0013125
-0.00175 0.008 -0.0013125
-0.00175 0.007000000000000001 -0.0013125
-0.00175 0.01 -0.0013125
-0.00175 0.009000000000000001 -0.0013125
-0.00175 0.011 -0.0013125
2 27 0 49
826
827
828
829
830
831
832
833
834
835
836
837
838
839
840
841
842
843
844
845
846
847
848
849
850
851
852
853
854
855
856
857
858
859
860
861
862
863
864
865
866
867
868
869
870
871
872
873
874
-0.0008750000000000001 0.012 -0.0008749999999999999
-0.000875 0.012 6.050235337530717e-20
-0.0008749999999999999 0.012 0.0008749999999999999
-6.050235337530717e-20 0.012 -0.0008749999999999998
-6.050235337530717e-20 0.012 6.050235337530717e-20
-6.050235337530717e-20 0.012 0.000875
0.0008749999999999997 0.012 -0.0008749999999999997
0.0008749999999999998 0.012 6.050235337530717e-20
0.0008749999999999997 0.012 0.0008749999999999999
-0.0013125 0.012 -0.0008749999999999998
-0.0008750000000000001 0.012 -0.0013125
-0.0013125 0.012 -0.0013125
-0.0013125 0.012 6.050235337530717e-20
-0.000875 0.012 -0.0004375
-0.0013125 0.012 -0.0004374999999999999
-0.0013125 0.012 0.000875
-0.000875 0.012 0.0004375
-0.0013125 0.012 0.0004375
-0.000875 0.012 0.0013125
-0.0013125 0.012 0.0013125
-0.0004375000000000001 0.012 -0.0008749999999999998
-6.050235337530717e-20 0.012 -0.0013125
-0.0004375 0.012 -0.0013125
-0.0004375 0.012 6.050235337530717e-20
-6.050235337530717e-20 0.012 -0.0004374999999999999
-0.0004375 0.012 -0.0004374999999999999
-0.0004375 0.012 0.000875
-6.050235337530717e-20 0.012 0.0004375
-0.0004375 0.012 0.0004375
-6.050235337530717e-20 0.012 0.0013125
-0.0004375 0.012 0.0013125
0.0004374999999999998 0.012 -0.0008749999999999998
0.0008749999999999998 0.012 -0.0013125
0.0004374999999999999 0.012 -0.0013125
0.0004374999999999999 0.012 6.050235337530717e-20
0.0008749999999999998 0.012 -0.0004374999999999998
0.0004374999999999999 0.012 -0.0004374999999999999
0.0004374999999999998 0.012 0.000875
0.0008749999999999998 0.012 0.0004375
0.0004374999999999999 0.012 0.0004375
0.0008749999999999998 0.012 0.0013125
0.0004374999999999999 0.012 0.0013125
0.0013125 0.012 -0.0008749999999999998
0.0013125 0.012 -0.0013125
0.0013125 0.012 6.050235337530717e-20
0.0013125 0.012 -0.0004374999999999999
0.0013125 0.012 0.000875
0.0013125 0.012 0.0004375
0.0013125 0.012 0.0013125
2 28 0 77
875
876
877
878
879
880
881
882
883
884
885
886
887
888
889
890
891
892
893
894
895
896
897
898
899
900
901
902
903
904
905
906
907
908
909
910
911
912
913
914
915
916
917
918
919
920
921
922
923
924
925
926
927
928
929
930
931
932
933
934
935
936
937
938
939
940
941
942
943
944
945
946
947
948
949
950
951
0.002196383476483184 0.002 -0.002196383476483184
0.002196383476483184 0.004 -0.002196383476483184
0.002196383476483184 0.006 -0.002196383476483184
0.002196383476483184 0.008 -0.002196383476483184
0.002196383476483184 0.01 -0.002196383476483184
0.002642766952966369 0.002 -0.002642766952966369
0.002642766952966369 0.004 -0.002642766952966369
0.002642766952966369 0.006 -0.002642766952966369
0.002642766952966369 0.008 -0.002642766952966369
0.002642766952966369 0.01 -0.002642766952966369
0.003089150429449553 0.002 -0.003089150429449553
0.003089150429449553 0.004 -0.003089150429449553
0.003089150429449553 0.006 -0.003089150429449553
0.003089150429449553 0.008 -0.003089150429449553
0.003089150429449553 0.01 -0.003089150429449553
0.002196383476483184 0.001 -0.002196383476483184
0.001973191738241592 0.002 -0.001973191738241592
0.001973191738241592 0.001 -0.001973191738241592
0.002196383476483184 0.003 -0.002196383476483184
0.001973191738241592 0.004 -0.001973191738241592
0.001973191738241592 0.003 -0.001973191738241592
0.002196383476483184 0.005 -0.002196383476483184
0.001973191738241592 0.006 -0.001973191738241592
0.001973191738241592 0.005 -0.001973191738241592
0.002196383476483184 0.007 -0.002196383476483184
0.001973191738241592 0.008 -0.001973191738241592
0.001973191738241592 0.007 -0.001973191738241592
0.002196383476483184 0.009000000000000001 -0.002196383476483184
0.001973191738241592 0.01 -0.001973191738241592
0.001973191738241592 0.009000000000000001 -0.001973191738241592
0.002196383476483184 0.011 -0.002196383476483184
0.001973191738241592 0.011 -0.001973191738241592
0.002642766952966369 0.001 -0.002642766952966369
0.002419575214724776 0.002 -0.002419575214724776
0.002419575214724776 0.001 -0.002419575214724776
0.002642766952966369 0.003 -0.002642766952966369
0.002419575214724776 0.004 -0.002419575214724776
0.002419575214724776 0.003 -0.002419575214724776
0.002642766952966369 0.005 -0.002642766952966369
0.002419575214724776 0.006 -0.002419575214724776
0.002419575214724776 0.005 -0.002419575214724776
0.002642766952966369 0.007 -0.002642766952966369
0.002419575214724776 0.008 -0.002419575214724776
0.002419575214724776 0.007 -0.002419575214724776
0.002642766952966369 0.009000000000000001 -0.002642766952966369
0.002419575214724776 0.01 -0.002419575214724776
0.002419575214724776 0.009000000000000001 -0.002419575214724776
0.002642766952966369 0.011 -0.002642766952966369
0.002419575214724776 0.011 -0.002419575214724776
0.003089150429449553 0.001 -0.003089150429449553
0.002865958691207961 0.002 -0.002865958691207961
0.002865958691207961 0.001 -0.002865958691207961
0.003089150429449553 0.003 -0.003089150429449553
0.002865958691207961 0.004 -0.002865958691207961
0.002865958691207961 0.003 -0.002865958691207961
0.003089150429449553 0.005 -0.003089150429449553
0.002865958691207961 0.006 -0.002865958691207961
0.002865958691207961 0.005 -0.002865958691207961
0.003089150429449553 0.007 -0.003089150429449553
0.002865958691207961 0.008 -0.002865958691207961
0.002865958691207961 0.007 -0.002865958691207961
0.003089150429449553 0.009000000000000001 -0.003089150429449553
0.002865958691207961 0.01 -0.002865958691207961
0.002865958691207961 0.009000000000000001 -0.002865958691207961
0.003089150429449553 0.011 -0.003089150429449553
0.002865958691207961 0.011 -0.002865958691207961
0.003312342167691145 0.002 -0.003312342167691145
0.003312342167691145 0.001 -0.003312342167691145
0.003312342167691145 0.004 -0.003312342167691145
0.003312342167691145 0.003 -0.003312342167691145
0.003312342167691145 0.006 -0.003312342167691145
0.003312342167691145 0.005 -0.003312342167691145
0.003312342167691145 0.008 -0.003312342167691145
0.003312342167691145 0.007 -0.003312342167691145
0.003312342167691145 0.01 -0.003312342167691145
0.003312342167691145 0.009000000000000001 -0.003312342167691145
0.003312342167691145 0.011 -0.003312342167691145
2 29 0 77
952
953
954
955
956
957
958
959
960
961
962
963
964
965
966
967
968
969
970
971
972
973
974
975
976
977
978
979
980
981
982
983
984
985
986
987
988
989
990
991
992
993
994
995
996
997
998
999
1000
1001
1002
1003
1004
1005
1006
1007
1008
1009
1010
1011
1012
1013
1014
1015
1016
1017
1018
1019
1020
1021
1022
1023
1024
1025
1026
1027
1028
-0.001913417161825445 0.002 -0.004619397662556435
-0.001913417161825445 0.004 -0.004619397662556435
-0.001913417161825445 0.006 -0.004619397662556435
-0.001913417161825445 0.008 -0.004619397662556435
-0.001913417161825445 0.01 -0.004619397662556435
3.828568698926949e-18 0.002 -0.004999999999999999
3.828568698926949e-18 0.004 -0.004999999999999999
3.828568698926949e-18 0.006 -0.004999999999999999
3.828568698926949e-18 0.008 -0.004999999999999999
3.828568698926949e-18 0.01 -0.004999999999999999
0.001913417161825452 0.002 -0.004619397662556432
0.001913417161825452 0.004 -0.004619397662556432
0.001913417161825452 0.006 -0.004619397662556432
0.001913417161825452 0.008 -0.004619397662556432
0.001913417161825452 0.01 -0.004619397662556432
-0.00277785116509801 0.002 -0.004157348061512726
-0.001913417161825445 0.001 -0.004619397662556435
-0.002777851165098011 0.001 -0.004157348061512727
-0.00277785116509801 0.004 -0.004157348061512726
-0.001913417161825445 0.003 -0.004619397662556435
-0.002777851165098011 0.003 -0.004157348061512727
-0.00277785116509801 0.006 -0.004157348061512726
-0.001913417161825445 0.005 -0.004619397662556435
-0.002777851165098011 0.005 -0.004157348061512727
-0.00277785116509801 0.008 -0.004157348061512726
-0.001913417161825445 0.007 -0.004619397662556435
-0.002777851165098011 0.007000000000000001 -0.004157348061512727
-0.00277785116509801 0.01 -0.004157348061512726
-0.001913417161825445 0.009000000000000001 -0.004619397662556435
-0.002777851165098011 0.009000000000000001 -0.004157348061512727
-0.001913417161825445 0.011 -0.004619397662556435
-0.002777851165098011 0.011 -0.004157348061512727
-0.0009754516100806385 0.002 -0.004903926402016152
3.828568698926949e-18 0.001 -0.004999999999999999
-0.0009754516100806386 0.001 -0.004903926402016151
-0.0009754516100806385 0.004 -0.004903926402016152
3.828568698926949e-18 0.003 -0.004999999999999999
-0.0009754516100806386 0.003 -0.004903926402016151
-0.0009754516100806385 0.006 -0.004903926402016152
3.828568698926949e-18 0.005 -0.004999999999999999
-0.0009754516100806386 0.005 -0.004903926402016151
-0.0009754516100806385 0.008 -0.004903926402016152
3.828568698926949e-18 0.007 -0.004999999999999999
-0.0009754516100806386 0.007000000000000001 -0.004903926402016151
-0.0009754516100806385 0.01 -0.004903926402016152
3.828568698926949e-18 0.009000000000000001 -0.004999999999999999
-0.0009754516100806386 0.009000000000000001 -0.004903926402016151
3.828568698926949e-18 0.011 -0.004999999999999999
-0.0009754516100806386 0.011 -0.004903926402016151
0.0009754516100806439 0.002 -0.004903926402016151
0.001913417161825452 0.001 -0.004619397662556432
0.0009754516100806451 0.001 -0.004903926402016151
0.0009754516100806439 0.004 -0.004903926402016151
0.001913417161825452 0.003 -0.004619397662556432
0.000975451610080644 0.003 -0.004903926402016151
0.0009754516100806439 0.006 -0.004903926402016151
0.001913417161825452 0.005 -0.004619397662556432
0.000975451610080644 0.005 -0.004903926402016151
0.0009754516100806439 0.008 -0.004903926402016151
0.001913417161825452 0.007 -0.004619397662556432
0.000975451610080644 0.007000000000000001 -0.004903926402016151
0.0009754516100806439 0.01 -0.004903926402016151
0.001913417161825452 0.009000000000000001 -0.004619397662556432
0.000975451610080644 0.009000000000000001 -0.004903926402016151
0.001913417161825452 0.011 -0.004619397662556432
0.0009754516100806451 0.011 -0.004903926402016151
0.002777851165098011 0.002 -0.004157348061512725
0.002777851165098013 0.001 -0.004157348061512724
0.002777851165098011 0.004 -0.004157348061512725
0.002777851165098011 0.003 -0.004157348061512725
0.002777851165098011 0.006 -0.004157348061512725
0.002777851165098011 0.005 -0.004157348061512725
0.002777851165098011 0.008 -0.004157348061512725
0.002777851165098011 0.007000000000000001 -0.004157348061512725
0.002777851165098011 0.01 -0.004157348061512725
0.002777851165098011 0.009000000000000001 -0.004157348061512725
0.002777851165098013 0.011 -0.004157348061512724
2 30 0 77
1029
1030
1031
1032
1033
1034
1035
1036
1037
1038
1039
1040
1041
1042
1043
1044
1045
1046
1047
1048
1049
1050
1051
1052
1053
1054
1055
1056
1057
1058
1059
1060
1061
1062
1063
1064
1065
1066
1067
1068
1069
1070
1071
1072
1073
1074
1075
1076
1077
1078
1079
1080
1081
1082
1083
1084
1085
1086
1087
1088
1089
1090
1091
1092
1093
1094
1095
1096
1097
1098
1099
1100
1101
1102
1103
1104
1105
-0.002196383476483184 0.002 -0.002196383476483184
-0.002196383476483184 0.004 -0.002196383476483184
-0.002196383476483184 0.006 -0.002196383476483184
-0.002196383476483184 0.008 -0.002196383476483184
-0.002196383476483184 0.01 -0.002196383476483184
-0.002642766952966369 0.002 -0.002642766952966369
-0.002642766952966369 0.004 -0.002642766952966369
-0.002642766952966369 0.006 -0.002642766952966369
-0.002642766952966369 0.008 -0.002642766952966369
-0.002642766952966369 0.01 -0.002642766952966369
-0.003089150429449553 0.002 -0.003089150429449553
-0.003089150429449553 0.004 -0.003089150429449553
-0.003089150429449553 0.006 -0.003089150429449553
-0.003089150429449553 0.008 -0.003089150429449553
-0.003089150429449553 0.01 -0.003089150429449553
-0.001973191738241592 0.002 -0.001973191738241592
-0.002196383476483184 0.001 -0.002196383476483184
-0.001973191738241592 0.001 -0.001973191738241592
-0.001973191738241592 0.004 -0.001973191738241592
-0.002196383476483184 0.003 -0.002196383476483184
-0.001973191738241592 0.003 -0.001973191738241592
-0.001973191738241592 0.006 -0.001973191738241592
-0.002196383476483184 0.005 -0.002196383476483184
-0.001973191738241592 0.005 -0.001973191738241592
-0.001973191738241592 0.008 -0.001973191738241592
-0.002196383476483184 0.007 -0.002196383476483184
-0.001973191738241592 0.007000000000000001 -0.001973191738241592
-0.001973191738241592 0.01 -0.001973191738241592
-0.002196383476483184 0.009000000000000001 -0.002196383476483184
-0.001973191738241592 0.009000000000000001 -0.001973191738241592
-0.002196383476483184 0.011 -0.002196383476483184
-0.001973191738241592 0.011 -0.001973191738241592
-0.002419575214724776 0.002 -0.002419575214724776
-0.002642766952966369 0.001 -0.002642766952966369
-0.002419575214724776 0.001 -0.002419575214724776
-0.002419575214724776 0.004 -0.002419575214724776
-0.002642766952966369 0.003 -0.002642766952966369
-0.002419575214724776 0.003 -0.002419575214724776
-0.002419575214724776 0.006 -0.002419575214724776
-0.002642766952966369 0.005 -0.002642766952966369
-0.002419575214724776 0.005 -0.002419575214724776
-0.002419575214724776 0.008 -0.002419575214724776
-0.002642766952966369 0.007 -0.002642766952966369
-0.002419575214724776 0.007000000000000001 -0.002419575214724776
-0.002419575214724776 0.01 -0.002419575214724776
-0.002642766952966369 0.009000000000000001 -0.002642766952966369
-0.002419575214724776 0.009000000000000001 -0.002419575214724776
-0.002642766952966369 0.011 -0.002642766952966369
-0.002419575214724776 0.011 -0.002419575214724776
-0.002865958691207961 0.002 -0.002865958691207961
-0.003089150429449553 0.001 -0.003089150429449553
-0.002865958691207961 0.001 -0.002865958691207961
-0.002865958691207961 0.004 -0.002865958691207961
-0.003089150429449553 0.003 -0.003089150429449553
-0.002865958691207961 0.003 -0.002865958691207961
-0.002865958691207961 0.006 -0.002865958691207961
-0.003089150429449553 0.005 -0.003089150429449553
-0.002865958691207961 0.005 -0.002865958691207961
-0.002865958691207961 0.008 -0.002865958691207961
-0.003089150429449553 0.007 -0.003089150429449553
-0.002865958691207961 0.007000000000000001 -0.002865958691207961
-0.002865958691207961 0.01 -0.002865958691207961
-0.003089150429449553 0.009000000000000001 -0.003089150429449553
-0.002865958691207961 0.009000000000000001 -0.002865958691207961
-0.003089150429449553 0.011 -0.003089150429449553
-0.002865958691207961 0.011 -0.002865958691207961
-0.003312342167691145 0.002 -0.003312342167691145
-0.003312342167691145 0.001 -0.003312342167691145
-0.003312342167691145 0.004 -0.003312342167691145
-0.003312342167691145 0.003 -0.003312342167691145
-0.003312342167691145 0.006 -0.003312342167691145
-0.003312342167691145 0.005 -0.003312342167691145
-0.003312342167691145 0.008 -0.003312342167691145
-0.003312342167691145 0.007000000000000001 -0.003312342167691145
-0.003312342167691145 0.01 -0.003312342167691145
-0.003312342167691145 0.009000000000000001 -0.003312342167691145
-0.003312342167691145 0.011 -0.003312342167691145
2 31 0 49
1106
1107
1108
1109
1110
1111
1112
1113
1114
1115
1116
1117
1118
1119
1120
1121
1122
1123
1124
1125
1126
1127
1128
1129
1130
1131
1132
1133
1134
1135
1136
1137
1138
1139
1140
1141
1142
1143
1144
1145
1146
1147
1148
1149
1150
1151
1152
1153
1154
-0.001134604290456362 0.012 -0.002467349415639109
-0.001394208580912723 0.012 -0.003184698831278218
-0.001653812871369084 0.012 -0.003902048246917327
6.654626103042168e-19 0.012 -0.002562500000000001
1.358430582349959e-18 0.012 -0.003375
2.430869314765628e-18 0.012 -0.004187500000000001
0.001134604290456362 0.012 -0.002467349415639108
0.001394208580912725 0.012 -0.003184698831278217
0.001653812871369088 0.012 -0.003902048246917326
-0.001004802145228181 0.012 -0.002108674707819554
-0.001665493883469773 0.012 -0.002331866446061147
-0.001488996941734886 0.012 -0.002040933223030573
-0.001264406435684542 0.012 -0.002826024123458663
-0.002018487766939546 0.012 -0.002913732892122294
-0.001841990825204659 0.012 -0.00262279966909172
-0.001524010726140903 0.012 -0.003543373539097773
-0.002371481650409319 0.012 -0.00349559933818344
-0.002194984708674432 0.012 -0.003204666115152867
-0.001783615016597264 0.012 -0.004260722954736881
-0.002574666407753665 0.012 -0.003826473699848084
3.189786242813455e-19 0.012 -0.00215625
-0.0005673021452281805 0.012 -0.002514924707819555
-0.0005024010726140902 0.012 -0.002132462353909777
1.011946596327088e-18 0.012 -0.00296875
-0.0006971042904563605 0.012 -0.00327984941563911
-0.0006322032178422705 0.012 -0.002897387061729332
1.894649948557794e-18 0.012 -0.003781250000000001
-0.0008269064356845407 0.012 -0.004044774123458664
-0.0007620053630704506 0.012 -0.003662311769548887
3.129719006846288e-18 0.012 -0.004593750000000001
-0.0009011790228825895 0.012 -0.004474350262737408
0.001004802145228181 0.012 -0.002108674707819554
0.0005673021452281815 0.012 -0.002514924707819555
0.0005024010726140908 0.012 -0.002132462353909777
0.001264406435684544 0.012 -0.002826024123458662
0.0006971042904563631 0.012 -0.003279849415639109
0.0006322032178422722 0.012 -0.002897387061729332
0.001524010726140906 0.012 -0.003543373539097771
0.0008269064356845451 0.012 -0.004044774123458664
0.0007620053630704542 0.012 -0.003662311769548886
0.00178361501659727 0.012 -0.004260722954736879
0.0009011790228825956 0.012 -0.004474350262737407
0.001665493883469773 0.012 -0.002331866446061147
0.001488996941734886 0.012 -0.002040933223030573
0.002018487766939546 0.012 -0.002913732892122293
0.00184199082520466 0.012 -0.00262279966909172
0.002371481650409321 0.012 -0.003495599338183439
0.002194984708674433 0.012 -0.003204666115152866
0.002574666407753667 0.012 -0.003826473699848081
2 32 0 77
1155
1156
1157
1158
1159
1160
1161
1162
1163
1164
1165
1166
1167
1168
1169
1170
1171
1172
1173
1174
1175
1176
1177
1178
1179
1180
1181
1182
1183
1184
1185
1186
1187
1188
1189
1190
1191
1192
1193
1194
1195
1196
1197
1198
1199
1200
1201
1202
1203
1204
1205
1206
1207
1208
1209
1210
1211
1212
1213
1214
1215
1216
1217
1218
1219
1220
1221
1222
1223
1224
1225
1226
1227
1228
1229
1230
1231
0.002196383476483184 0.002 0.002196383476483184
0.002196383476483184 0.004 0.002196383476483184
0.002196383476483184 0.006 0.002196383476483184
0.002196383476483184 0.008 0.002196383476483184
0.002196383476483184 0.01 0.002196383476483184
0.002642766952966369 0.002 0.002642766952966369
0.002642766952966369 0.004 0.002642766952966369
0.002642766952966369 0.006 0.002642766952966369
0.002642766952966369 0.008 0.002642766952966369
0.002642766952966369 0.01 0.002642766952966369
0.003089150429449553 0.002 0.003089150429449553
0.003089150429449553 0.004 0.003089150429449553
0.003089150429449553 0.006 0.003089150429449553
0.003089150429449553 0.008 0.003089150429449553
0.003089150429449553 0.01 0.003089150429449553
0.002196383476483184 0.001 0.002196383476483184
0.001973191738241592 0.002 0.001973191738241592
0.001973191738241592 0.001 0.001973191738241592
0.002196383476483184 0.003 0.002196383476483184
0.001973191738241592 0.004 0.001973191738241592
0.001973191738241592 0.003 0.001973191738241592
0.002196383476483184 0.005 0.002196383476483184
0.001973191738241592 0.006 0.001973191738241592
0.001973191738241592 0.005 0.001973191738241592
0.002196383476483184 0.007 0.002196383476483184
0.001973191738241592 0.008 0.001973191738241592
0.001973191738241592 0.007 0.001973191738241592
0.002196383476483184 0.009000000000000001 0.002196383476483184
0.001973191738241592 0.01 0.001973191738241592
0.001973191738241592 0.009000000000000001 0.001973191738241592
0.002196383476483184 0.011 0.002196383476483184
0.001973191738241592 0.011 0.001973191738241592
0.002642766952966369 0.001 0.002642766952966369
0.002419575214724776 0.002 0.002419575214724776
0.002419575214724776 0.001 0.002419575214724776
0.002642766952966369 0.003 0.002642766952966369
0.002419575214724776 0.004 0.002419575214724776
0.002419575214724776 0.003 0.002419575214724776
0.002642766952966369 0.005 0.002642766952966369
0.002419575214724776 0.006 0.002419575214724776
0.002419575214724776 0.005 0.002419575214724776
0.002642766952966369 0.007 0.002642766952966369
0.002419575214724776 0.008 0.002419575214724776
0.002419575214724776 0.007 0.002419575214724776
0.002642766952966369 0.009000000000000001 0.002642766952966369
0.002419575214724776 0.01 0.002419575214724776
0.002419575214724776 0.009000000000000001 0.002419575214724776
0.002642766952966369 0.011 0.002642766952966369
0.002419575214724776 0.011 0.002419575214724776
0.003089150429449553 0.001 0.003089150429449553
0.002865958691207961 0.002 0.002865958691207961
0.002865958691207961 0.001 0.002865958691207961
0.003089150429449553 0.003 0.003089150429449553
0.002865958691207961 0.004 0.002865958691207961
0.002865958691207961 0.003 0.002865958691207961
0.003089150429449553 0.005 0.003089150429449553
0.002865958691207961 0.006 0.002865958691207961
0.002865958691207961 0.005 0.002865958691207961
0.003089150429449553 0.007 0.003089150429449553
0.002865958691207961 0.008 0.002865958691207961
0.002865958691207961 0.007 0.002865958691207961
0.003089150429449553 0.009000000000000001 0.003089150429449553
0.002865958691207961 0.01 0.002865958691207961
0.002865958691207961 0.009000000000000001 0.002865958691207961
0.003089150429449553 0.011 0.003089150429449553
0.002865958691207961 0.011 0.002865958691207961
0.003312342167691145 0.002 0.003312342167691145
0.003312342167691145 0.001 0.003312342167691145
0.003312342167691145 0.004 0.003312342167691145
0.003312342167691145 0.003 0.003312342167691145
0.003312342167691145 0.006 0.003312342167691145
0.003312342167691145 0.005 0.003312342167691145
0.003312342167691145 0.008 0.003312342167691145
0.003312342167691145 0.007 0.003312342167691145
0.003312342167691145 0.01 0.003312342167691145
0.003312342167691145 0.009000000000000001 0.003312342167691145
0.003312342167691145 0.011 0.003312342167691145
2 33 0 77
1232
1233
1234
1235
1236
1237
1238
1239
1240
1241
1242
1243
1244
1245
1246
1247
1248
1249
1250
1251
1252
1253
1254
1255
1256
1257
1258
1259
1260
1261
1262
1263
1264
1265
1266
1267
1268
1269
1270
1271
1272
1273
1274
1275
1276
1277
1278
1279
1280
1281
1282
1283
1284
1285
1286
1287
1288
1289
1290
1291
1292
1293
1294
1295
1296
1297
1298
1299
1300
1301
1302
1303
1304
1305
1306
1307
1308
0.004619397662556432 0.002 -0.001913417161825451
0.004619397662556432 0.004 -0.001913417161825451
0.004619397662556432 0.006 -0.001913417161825451
0.004619397662556432 0.008 -0.001913417161825451
0.004619397662556432 0.01 -0.001913417161825451
0.004999999999999999 0.002 -9.184850993605148e-19
0.004999999999999999 0.004 -9.184850993605148e-19
0.004999999999999999 0.006 -9.184850993605148e-19
0.004999999999999999 0.008 -9.184850993605148e-19
0.004999999999999999 0.01 -9.184850993605148e-19
0.004619397662556434 0.002 0.001913417161825446
0.004619397662556434 0.004 0.001913417161825446
0.004619397662556434 0.006 0.001913417161825446
0.004619397662556434 0.008 0.001913417161825446
0.004619397662556434 0.01 0.001913417161825446
0.004157348061512725 0.002 -0.00277785116509801
0.004619397662556432 0.001 -0.001913417161825451
0.004157348061512725 0.001 -0.00277785116509801
0.004157348061512725 0.004 -0.00277785116509801
0.004619397662556432 0.003 -0.001913417161825451
0.004157348061512725 0.003 -0.00277785116509801
0.004157348061512725 0.006 -0.00277785116509801
0.004619397662556432 0.005 -0.001913417161825451
0.004157348061512725 0.005 -0.00277785116509801
0.004157348061512725 0.008 -0.00277785116509801
0.004619397662556432 0.007 -0.001913417161825451
0.004157348061512725 0.007000000000000001 -0.00277785116509801
0.004157348061512725 0.01 -0.00277785116509801
0.004619397662556432 0.009000000000000001 -0.001913417161825451
0.004157348061512725 0.009000000000000001 -0.00277785116509801
0.004619397662556432 0.011 -0.001913417161825451
0.004157348061512725 0.011 -0.00277785116509801
0.004903926402016151 0.002 -0.0009754516100806431
0.004999999999999999 0.001 -9.184850993605148e-19
0.004903926402016151 0.001 -0.0009754516100806431
0.004903926402016151 0.004 -0.0009754516100806431
0.004999999999999999 0.003 -9.184850993605148e-19
0.004903926402016151 0.003 -0.0009754516100806431
0.004903926402016151 0.006 -0.0009754516100806431
0.004999999999999999 0.005 -9.184850993605148e-19
0.004903926402016151 0.005 -0.0009754516100806431
0.004903926402016151 0.008 -0.0009754516100806431
0.004999999999999999 0.007 -9.184850993605148e-19
0.004903926402016151 0.007000000000000001 -0.0009754516100806431
0.004903926402016151 0.01 -0.0009754516100806431
0.004999999999999999 0.009000000000000001 -9.184850993605148e-19
0.004903926402016151 0.009000000000000001 -0.0009754516100806431
0.004999999999999999 0.011 -9.184850993605148e-19
0.004903926402016151 0.011 -0.0009754516100806431
0.004903926402016152 0.002 0.000975451610080637
0.004619397662556434 0.001 0.001913417161825446
0.004903926402016152 0.001 0.000975451610080637
0.004903926402016152 0.004 0.000975451610080637
0.004619397662556434 0.003 0.001913417161825446
0.004903926402016152 0.003 0.000975451610080637
0.004903926402016152 0.006 0.000975451610080637
0.004619397662556434 0.005 0.001913417161825446
0.004903926402016152 0.005 0.000975451610080637
0.004903926402016152 0.008 0.000975451610080637
0.004619397662556434 0.007 0.001913417161825446
0.004903926402016152 0.007000000000000001 0.000975451610080637
0.004903926402016152 0.01 0.000975451610080637
0.004619397662556434 0.009000000000000001 0.001913417161825446
0.004903926402016152 0.009000000000000001 0.000975451610080637
0.004619397662556434 0.011 0.001913417161825446
0.004903926402016152 0.011 0.000975451610080637
0.004157348061512726 0.002 0.002777851165098009
0.004157348061512726 0.001 0.002777851165098009
0.004157348061512726 0.004 0.002777851165098009
0.004157348061512726 0.003 0.002777851165098009
0.004157348061512726 0.006 0.002777851165098009
0.004157348061512726 0.005 0.002777851165098009
0.004157348061512726 0.008 0.002777851165098009
0.004157348061512726 0.007000000000000001 0.002777851165098009
0.004157348061512726 0.01 0.002777851165098009
0.004157348061512726 0.009000000000000001 0.002777851165098009
0.004157348061512726 0.011 0.002777851165098009
2 34 0 49
1309
1310
1311
1312
1313
1314
1315
1316
1317
1318
1319
1320
1321
1322
1323
1324
1325
1326
1327
1328
1329
1330
1331
1332
1333
1334
1335
1336
1337
1338
1339
1340
1341
1342
1343
1344
1345
1346
1347
1348
1349
1350
1351
1352
1353
1354
1355
1356
1357
0.002467349415639108 0.012 -0.001134604290456363
0.003184698831278216 0.012 -0.001394208580912726
0.003902048246917324 0.012 -0.001653812871369088
0.0025625 0.012 -1.922017098749189e-19
0.003375 0.012 -2.897358833720503e-19
0.0041875 0.012 1.548310293735706e-19
0.002467349415639108 0.012 0.001134604290456361
0.003184698831278217 0.012 0.001394208580912723
0.003902048246917326 0.012 0.001653812871369085
0.002108674707819554 0.012 -0.001004802145228181
0.002331866446061146 0.012 -0.001665493883469774
0.002040933223030573 0.012 -0.001488996941734887
0.002826024123458662 0.012 -0.001264406435684544
0.002913732892122292 0.012 -0.002018487766939547
0.002622799669091719 0.012 -0.00184199082520466
0.00354337353909777 0.012 -0.001524010726140907
0.003495599338183439 0.012 -0.002371481650409321
0.003204666115152866 0.012 -0.002194984708674434
0.004260722954736878 0.012 -0.00178361501659727
0.003826473699848082 0.012 -0.002574666407753666
0.00215625 0.012 -1.434346231263533e-19
0.002514924707819554 0.012 -0.0005673021452281816
0.002132462353909777 0.012 -0.0005024010726140908
0.00296875 0.012 -2.409687966234846e-19
0.003279849415639108 0.012 -0.0006971042904563631
0.002897387061729331 0.012 -0.0006322032178422723
0.00378125 0.012 -6.745242699923988e-20
0.004044774123458663 0.012 -0.000826906435684544
0.003662311769548885 0.012 -0.0007620053630704535
0.00459375 0.012 -3.818270349934721e-19
0.004474350262737407 0.012 -0.0009011790228825935
0.002108674707819554 0.012 0.001004802145228181
0.002514924707819554 0.012 0.0005673021452281806
0.002132462353909777 0.012 0.0005024010726140903
0.002826024123458662 0.012 0.001264406435684542
0.003279849415639108 0.012 0.0006971042904563614
0.002897387061729331 0.012 0.0006322032178422708
0.003543373539097771 0.012 0.001524010726140904
0.004044774123458663 0.012 0.0008269064356845425
0.003662311769548886 0.012 0.0007620053630704519
0.00426072295473688 0.012 0.001783615016597265
0.004474350262737408 0.012 0.0009011790228825896
0.002331866446061147 0.012 0.001665493883469773
0.002040933223030573 0.012 0.001488996941734887
0.002913732892122293 0.012 0.002018487766939546
0.00262279966909172 0.012 0.001841990825204659
0.00349559933818344 0.012 0.002371481650409319
0.003204666115152866 0.012 0.002194984708674432
0.003826473699848083 0.012 0.002574666407753663
2 35 0 77
1358
1359
1360
1361
1362
1363
1364
1365
1366
1367
1368
1369
1370
1371
1372
1373
1374
1375
1376
1377
1378
1379
1380
1381
1382
1383
1384
1385
1386
1387
1388
1389
1390
1391
1392
1393
1394
1395
1396
1397
1398
1399
1400
1401
1402
1403
1404
1405
1406
1407
1408
1409
1410
1411
1412
1413
1414
1415
1416
1417
1418
1419
1420
1421
1422
1423
1424
1425
1426
1427
1428
1429
1430
1431
1432
1433
1434
-0.002196383476483184 0.002 0.002196383476483184
-0.002196383476483184 0.004 0.002196383476483184
-0.002196383476483184 0.006 0.002196383476483184
-0.002196383476483184 0.008 0.002196383476483184
-0.002196383476483184 0.01 0.002196383476483184
-0.002642766952966369 0.002 0.002642766952966369
-0.002642766952966369 0.004 0.002642766952966369
-0.002642766952966369 0.006 0.002642766952966369
-0.002642766952966369 0.008 0.002642766952966369
-0.002642766952966369 0.01 0.002642766952966369
-0.003089150429449553 0.002 0.003089150429449553
-0.003089150429449553 0.004 0.003089150429449553
-0.003089150429449553 0.006 0.003089150429449553
-0.003089150429449553 0.008 0.003089150429449553
-0.003089150429449553 0.01 0.003089150429449553
-0.002196383476483184 0.001 0.002196383476483184
-0.001973191738241592 0.002 0.001973191738241592
-0.001973191738241592 0.001 0.001973191738241592
-0.002196383476483184 0.003 0.002196383476483184
-0.001973191738241592 0.004 0.001973191738241592
-0.001973191738241592 0.003 0.001973191738241592
-0.002196383476483184 0.005 0.002196383476483184
-0.001973191738241592 0.006 0.001973191738241592
-0.001973191738241592 0.005 0.001973191738241592
-0.002196383476483184 0.007 0.002196383476483184
-0.001973191738241592 0.008 0.001973191738241592
-0.001973191738241592 0.007 0.001973191738241592
-0.002196383476483184 0.009000000000000001 0.002196383476483184
-0.001973191738241592 0.01 0.001973191738241592
-0.001973191738241592 0.009000000000000001 0.001973191738241592
-0.002196383476483184 0.011 0.002196383476483184
-0.001973191738241592 0.011 0.001973191738241592
-0.002642766952966369 0.001 0.002642766952966369
-0.002419575214724776 0.002 0.002419575214724776
-0.002419575214724776 0.001 0.002419575214724776
-0.002642766952966369 0.003 0.002642766952966369
-0.002419575214724776 0.004 0.002419575214724776
-0.002419575214724776 0.003 0.002419575214724776
-0.002642766952966369 0.005 0.002642766952966369
-0.002419575214724776 0.006 0.002419575214724776
-0.002419575214724776 0.005 0.002419575214724776
-0.002642766952966369 0.007 0.002642766952966369
-0.002419575214724776 0.008 0.002419575214724776
-0.002419575214724776 0.007 0.002419575214724776
-0.002642766952966369 0.009000000000000001 0.002642766952966369
-0.002419575214724776 0.01 0.002419575214724776
-0.002419575214724776 0.009000000000000001 0.002419575214724776
-0.002642766952966369 0.011 0.002642766952966369
-0.002419575214724776 0.011 0.002419575214724776
-0.003089150429449553 0.001 0.003089150429449553
-0.002865958691207961 0.002 0.002865958691207961
-0.002865958691207961 0.001 0.002865958691207961
-0.003089150429449553 0.003 0.003089150429449553
-0.002865958691207961 0.004 0.002865958691207961
-0.002865958691207961 0.003 0.002865958691207961
-0.003089150429449553 0.005 0.003089150429449553
-0.002865958691207961 0.006 0.002865958691207961
-0.002865958691207961 0.005 0.002865958691207961
-0.003089150429449553 0.007 0.003089150429449553
-0.002865958691207961 0.008 0.002865958691207961
-0.002865958691207961 0.007 0.002865958691207961
-0.003089150429449553 0.009000000000000001 0.003089150429449553
-0.002865958691207961 0.01 0.002865958691207961
-0.002865958691207961 0.009000000000000001 0.002865958691207961
-0.003089150429449553 0.011 0.003089150429449553
-0.002865958691207961 0.011 0.002865958691207961
-0.003312342167691145 0.002 0.003312342167691145
-0.003312342167691145 0.001 0.003312342167691145
-0.003312342167691145 0.004 0.003312342167691145
-0.003312342167691145 0.003 0.003312342167691145
-0.003312342167691145 0.006 0.003312342167691145
-0.003312342167691145 0.005 0.003312342167691145
-0.003312342167691145 0.008 0.003312342167691145
-0.003312342167691145 0.007 0.003312342167691145
-0.003312342167691145 0.01 0.003312342167691145
-0.003312342167691145 0.009000000000000001 0.003312342167691145
-0.003312342167691145 0.011 0.003312342167691145
2 36 0 77
1435
1436
1437
1438
1439
1440
1441
1442
1443
1444
1445
1446
1447
1448
1449
1450
1451
1452
1453
1454
1455
1456
1457
1458
1459
1460
1461
1462
1463
1464
1465
1466
1467
1468
1469
1470
1471
1472
1473
1474
1475
1476
1477
1478
1479
1480
1481
1482
1483
1484
1485
1486
1487
1488
1489
1490
1491
1492
1493
1494
1495
1496
1497
1498
1499
1500
1501
1502
1503
1504
1505
1506
1507
1508
1509
1510
1511
0.001913417161825452 0.002 0.004619397662556432
0.001913417161825452 0.004 0.004619397662556432
0.001913417161825452 0.006 0.004619397662556432
0.001913417161825452 0.008 0.004619397662556432
0.001913417161825452 0.01 0.004619397662556432
1.224646799147353e-18 0.002 0.004999999999999999
1.224646799147353e-18 0.004 0.004999999999999999
1.224646799147353e-18 0.006 0.004999999999999999
1.224646799147353e-18 0.008 0.004999999999999999
1.224646799147353e-18 0.01 0.004999999999999999
-0.001913417161825445 0.002 0.004619397662556435
-0.001913417161825445 0.004 0.004619397662556435
-0.001913417161825445 0.006 0.004619397662556435
-0.001913417161825445 0.008 0.004619397662556435
-0.001913417161825445 0.01 0.004619397662556435
0.00277785116509801 0.002 0.004157348061512725
0.001913417161825452 0.001 0.004619397662556432
0.00277785116509801 0.001 0.004157348061512725
0.00277785116509801 0.004 0.004157348061512725
0.001913417161825452 0.003 0.004619397662556432
0.00277785116509801 0.003 0.004157348061512725
0.00277785116509801 0.006 0.004157348061512725
0.001913417161825452 0.005 0.004619397662556432
0.00277785116509801 0.005 0.004157348061512725
0.00277785116509801 0.008 0.004157348061512725
0.001913417161825452 0.007 0.004619397662556432
0.00277785116509801 0.007000000000000001 0.004157348061512725
0.00277785116509801 0.01 0.004157348061512725
0.001913417161825452 0.009000000000000001 0.004619397662556432
0.00277785116509801 0.009000000000000001 0.004157348061512725
0.001913417161825452 0.011 0.004619397662556432
0.00277785116509801 0.011 0.004157348061512725
0.0009754516100806435 0.002 0.004903926402016151
5.665538897647979e-18 0.001 0.004999999999999999
0.0009754516100806456 0.001 0.004903926402016151
0.0009754516100806435 0.004 0.004903926402016151
5.665538897647979e-18 0.003 0.004999999999999999
0.0009754516100806456 0.003 0.004903926402016151
0.0009754516100806435 0.006 0.004903926402016151
5.665538897647979e-18 0.005 0.004999999999999999
0.0009754516100806456 0.005 0.004903926402016151
0.0009754516100806435 0.008 0.004903926402016151
5.665538897647979e-18 0.007 0.004999999999999999
0.0009754516100806456 0.007000000000000001 0.004903926402016151
0.0009754516100806435 0.01 0.004903926402016151
5.665538897647979e-18 0.009000000000000001 0.004999999999999999
0.0009754516100806456 0.009000000000000001 0.004903926402016151
5.665538897647979e-18 0.011 0.004999999999999999
0.0009754516100806456 0.011 0.004903926402016151
-0.0009754516100806324 0.002 0.004903926402016153
-0.001913417161825441 0.001 0.004619397662556437
-0.0009754516100806301 0.001 0.004903926402016154
-0.0009754516100806324 0.004 0.004903926402016153
-0.001913417161825441 0.003 0.004619397662556437
-0.0009754516100806281 0.003 0.004903926402016154
-0.0009754516100806324 0.006 0.004903926402016153
-0.001913417161825441 0.005 0.004619397662556437
-0.0009754516100806281 0.005 0.004903926402016154
-0.0009754516100806324 0.008 0.004903926402016153
-0.001913417161825441 0.007 0.004619397662556437
-0.0009754516100806281 0.007000000000000001 0.004903926402016154
-0.0009754516100806324 0.01 0.004903926402016153
-0.001913417161825441 0.009000000000000001 0.004619397662556437
-0.0009754516100806281 0.009000000000000001 0.004903926402016154
-0.001913417161825441 0.011 0.004619397662556437
-0.0009754516100806301 0.011 0.004903926402016154
-0.002777851165098005 0.002 0.00415734806151273
-0.002777851165098005 0.001 0.004157348061512729
-0.002777851165098005 0.004 0.00415734806151273
-0.002777851165098003 0.003 0.004157348061512731
-0.002777851165098005 0.006 0.00415734806151273
-0.002777851165098003 0.005 0.004157348061512731
-0.002777851165098005 0.008 0.00415734806151273
-0.002777851165098003 0.007000000000000001 0.004157348061512731
-0.002777851165098005 0.01 0.00415734806151273
-0.002777851165098003 0.009000000000000001 0.004157348061512731
-0.002777851165098005 0.011 0.004157348061512729
2 37 0 49
1512
1513
1514
1515
1516
1517
1518
1519
1520
1521
1522
1523
1524
1525
1526
1527
1528
1529
1530
1531
1532
1533
1534
1535
1536
1537
1538
1539
1540
1541
1542
1543
1544
1545
1546
1547
1548
1549
1550
1551
1552
1553
1554
1555
1556
1557
1558
1559
1560
0.001134604290456363 0.012 0.002467349415639108
0.001394208580912726 0.012 0.003184698831278216
0.001653812871369088 0.012 0.003902048246917324
2.687421348216285e-19 0.012 0.0025625
4.428167332654695e-19 0.012 0.003375
7.479024546655805e-20 0.012 0.0041875
-0.001134604290456361 0.012 0.002467349415639109
-0.001394208580912723 0.012 0.003184698831278218
-0.001653812871369085 0.012 0.003902048246917326
0.001004802145228181 0.012 0.002108674707819554
0.001665493883469774 0.012 0.002331866446061146
0.001488996941734887 0.012 0.002040933223030573
0.001264406435684544 0.012 0.002826024123458662
0.002018487766939547 0.012 0.002913732892122292
0.00184199082520466 0.012 0.002622799669091719
0.001524010726140907 0.012 0.00354337353909777
0.002371481650409321 0.012 0.003495599338183439
0.002194984708674434 0.012 0.003204666115152866
0.00178361501659727 0.012 0.004260722954736878
0.002574666407753666 0.012 0.003826473699848082
1.817048355997081e-19 0.012 0.00215625
0.0005673021452281816 0.012 0.002514924707819554
0.0005024010726140908 0.012 0.002132462353909777
3.55779434043549e-19 0.012 0.00296875
0.0006971042904563631 0.012 0.003279849415639108
0.0006322032178422723 0.012 0.002897387061729331
2.588034893660138e-19 0.012 0.00378125
0.0008269064356845443 0.012 0.004044774123458663
0.0007620053630704536 0.012 0.003662311769548885
6.497185223069555e-19 0.012 0.00459375
0.0009011790228825938 0.012 0.004474350262737407
-0.001004802145228181 0.012 0.002108674707819554
-0.0005673021452281805 0.012 0.002514924707819554
-0.0005024010726140903 0.012 0.002132462353909777
-0.001264406435684542 0.012 0.002826024123458663
-0.0006971042904563613 0.012 0.003279849415639109
-0.0006322032178422708 0.012 0.002897387061729332
-0.001524010726140904 0.012 0.003543373539097772
-0.0008269064356845423 0.012 0.004044774123458664
-0.0007620053630704518 0.012 0.003662311769548886
-0.001783615016597265 0.012 0.00426072295473688
-0.0009011790228825895 0.012 0.004474350262737408
-0.001665493883469773 0.012 0.002331866446061147
-0.001488996941734887 0.012 0.002040933223030573
-0.002018487766939546 0.012 0.002913732892122293
-0.001841990825204659 0.012 0.00262279966909172
-0.002371481650409319 0.012 0.00349559933818344
-0.002194984708674432 0.012 0.003204666115152867
-0.002574666407753663 0.012 0.003826473699848083
2 38 0 77
1561
1562
1563
1564
1565
1566
1567
1568
1569
1570
1571
1572
1573
1574
1575
1576
1577
1578
1579
1580
1581
1582
1583
1584
1585
1586
1587
1588
1589
1590
1591
1592
1593
1594
1595
1596
1597
1598
1599
1600
1601
1602
1603
1604
1605
1606
1607
1608
1609
1610
1611
1612
1613
1614
1615
1616
1617
1618
1619
1620
1621
1622
1623
1624
1625
1626
1627
1628
1629
1630
1631
1632
1633
1634
1635
1636
1637
-0.004619397662556432 0.002 0.00191341716182545
-0.004619397662556432 0.004 0.00191341716182545
-0.004619397662556432 0.006 0.00191341716182545
-0.004619397662556432 0.008 0.00191341716182545
-0.004619397662556432 0.01 0.00191341716182545
-0.004999999999999999 0.002 2.526607749037151e-18
-0.004999999999999999 0.004 2.526607749037151e-18
-0.004999999999999999 0.006 2.526607749037151e-18
-0.004999999999999999 0.008 2.526607749037151e-18
-0.004999999999999999 0.01 2.526607749037151e-18
-0.004619397662556435 0.002 -0.001913417161825445
-0.004619397662556435 0.004 -0.001913417161825445
-0.004619397662556435 0.006 -0.001913417161825445
-0.004619397662556435 0.008 -0.001913417161825445
-0.004619397662556435 0.01 -0.001913417161825445
-0.004157348061512725 0.002 0.002777851165098011
-0.004619397662556432 0.001 0.00191341716182545
-0.004157348061512725 0.001 0.002777851165098011
-0.004157348061512725 0.004 0.002777851165098011
-0.004619397662556432 0.003 0.00191341716182545
-0.004157348061512725 0.003 0.002777851165098011
-0.004157348061512725 0.006 0.002777851165098011
-0.004619397662556432 0.005 0.00191341716182545
-0.004157348061512725 0.005 0.002777851165098011
-0.004157348061512725 0.008 0.002777851165098011
-0.004619397662556432 0.007 0.00191341716182545
-0.004157348061512725 0.007000000000000001 0.002777851165098011
-0.004157348061512725 0.01 0.002777851165098011
-0.004619397662556432 0.009000000000000001 0.00191341716182545
-0.004157348061512725 0.009000000000000001 0.002777851165098011
-0.004619397662556432 0.011 0.00191341716182545
-0.004157348061512725 0.011 0.002777851165098012
-0.004903926402016152 0.002 0.0009754516100806425
-0.004999999999999999 0.001 2.526607749037151e-18
-0.004903926402016152 0.001 0.0009754516100806425
-0.004903926402016152 0.004 0.0009754516100806425
-0.004999999999999999 0.003 2.526607749037151e-18
-0.004903926402016152 0.003 0.0009754516100806425
-0.004903926402016152 0.006 0.0009754516100806425
-0.004999999999999999 0.005 2.526607749037151e-18
-0.004903926402016152 0.005 0.0009754516100806425
-0.004903926402016152 0.008 0.0009754516100806425
-0.004999999999999999 0.007 2.526607749037151e-18
-0.004903926402016152 0.007000000000000001 0.0009754516100806425
-0.004903926402016152 0.01 0.0009754516100806425
-0.004999999999999999 0.009000000000000001 2.526607749037151e-18
-0.004903926402016152 0.009000000000000001 0.0009754516100806425
-0.004999999999999999 0.011 2.526607749037151e-18
-0.004903926402016152 0.011 0.0009754516100806425
-0.004903926402016152 0.002 -0.0009754516100806376
-0.004619397662556435 0.001 -0.001913417161825445
-0.004903926402016152 0.001 -0.0009754516100806375
-0.004903926402016152 0.004 -0.0009754516100806376
-0.004619397662556435 0.003 -0.001913417161825445
-0.004903926402016152 0.003 -0.0009754516100806375
-0.004903926402016152 0.006 -0.0009754516100806376
-0.004619397662556435 0.005 -0.001913417161825445
-0.004903926402016152 0.005 -0.0009754516100806375
-0.004903926402016152 0.008 -0.0009754516100806376
-0.004619397662556435 0.007 -0.001913417161825445
-0.004903926402016152 0.007000000000000001 -0.0009754516100806375
-0.004903926402016152 0.01 -0.0009754516100806376
-0.004619397662556435 0.009000000000000001 -0.001913417161825445
-0.004903926402016152 0.009000000000000001 -0.0009754516100806375
-0.004619397662556435 0.011 -0.001913417161825445
-0.004903926402016152 0.011 -0.0009754516100806375
-0.004157348061512726 0.002 -0.00277785116509801
-0.004157348061512727 0.001 -0.002777851165098009
-0.004157348061512726 0.004 -0.00277785116509801
-0.004157348061512725 0.003 -0.00277785116509801
-0.004157348061512726 0.006 -0.00277785116509801
-0.004157348061512725 0.005 -0.00277785116509801
-0.004157348061512726 0.008 -0.00277785116509801
-0.004157348061512725 0.007000000000000001 -0.00277785116509801
-0.004157348061512726 0.01 -0.00277785116509801
-0.004157348061512725 0.009000000000000001 -0.00277785116509801
-0.004157348061512727 0.011 -0.002777851165098009
2 39 0 49
1638
1639
1640
1641
1642
1643
1644
1645
1646
1647
1648
1649
1650
1651
1652
1653
1654
1655
1656
1657
1658
1659
1660
1661
1662
1663
1664
1665
1666
1667
1668
1669
1670
1671
1672
1673
1674
1675
1676
1677
1678
1679
1680
1681
1682
1683
1684
1685
1686
-0.002467349415639108 0.012 0.001134604290456363
-0.003184698831278216 0.012 0.001394208580912724
-0.003902048246917324 0.012 0.001653812871369086
-0.002562499999999999 0.012 7.883603293407561e-20
-0.003374999999999999 0.012 4.249389968913822e-19
-0.004187499999999999 0.012 3.915712004787622e-19
-0.002467349415639108 0.012 -0.001134604290456362
-0.003184698831278216 0.012 -0.001394208580912724
-0.003902048246917325 0.012 -0.001653812871369086
-0.002108674707819553 0.012 0.001004802145228181
-0.002331866446061146 0.012 0.001665493883469773
-0.002040933223030573 0.012 0.001488996941734887
-0.002826024123458662 0.012 0.001264406435684543
-0.002913732892122292 0.012 0.002018487766939547
-0.002622799669091719 0.012 0.00184199082520466
-0.00354337353909777 0.012 0.001524010726140906
-0.003495599338183439 0.012 0.00237148165040932
-0.003204666115152866 0.012 0.002194984708674433
-0.004260722954736878 0.012 0.001783615016597268
-0.003826473699848082 0.012 0.002574666407753666
-0.002156249999999999 0.012 6.841487682824795e-20
-0.002514924707819553 0.012 0.0005673021452281814
-0.002132462353909776 0.012 0.0005024010726140907
-0.002968749999999999 0.012 2.518875149127289e-19
-0.003279849415639108 0.012 0.0006971042904563625
-0.00289738706172933 0.012 0.0006322032178422719
-0.003781249999999999 0.012 4.082550986850721e-19
-0.004044774123458661 0.012 0.0008269064356845434
-0.003662311769548884 0.012 0.000762005363070453
-0.004593749999999999 0.012 1.459089474757957e-18
-0.004474350262737407 0.012 0.0009011790228825931
-0.002108674707819554 0.012 -0.001004802145228181
-0.002514924707819554 0.012 -0.0005673021452281808
-0.002132462353909776 0.012 -0.0005024010726140903
-0.002826024123458662 0.012 -0.001264406435684543
-0.003279849415639108 0.012 -0.0006971042904563616
-0.00289738706172933 0.012 -0.0006322032178422713
-0.003543373539097771 0.012 -0.001524010726140905
-0.004044774123458662 0.012 -0.0008269064356845428
-0.003662311769548884 0.012 -0.0007620053630704522
-0.00426072295473688 0.012 -0.001783615016597266
-0.004474350262737407 0.012 -0.0009011790228825901
-0.002331866446061146 0.012 -0.001665493883469773
-0.002040933223030573 0.012 -0.001488996941734886
-0.002913732892122292 0.012 -0.002018487766939546
-0.002622799669091719 0.012 -0.00184199082520466
-0.003495599338183439 0.012 -0.00237148165040932
-0.003204666115152866 0.012 -0.002194984708674433
-0.003826473699848084 0.012 -0.002574666407753663
3 1 0 539
1687
1688
1689
1690
1691
1692
1693
1694
1695
1696
1697
1698
1699
1700
1701
1702
1703
1704
1705
1706
1707
1708
1709
1710
1711
1712
1713
1714
1715
1716
1717
1718
1719
1720
1721
1722
1723
1724
1725
1726
1727
1728
1729
1730
1731
1732
1733
1734
1735
1736
1737
1738
1739
1740
1741
1742
1743
1744
1745
1746
1747
1748
1749
1750
1751
1752
1753
1754
1755
1756
1757
1758
1759
1760
1761
1762
1763
1764
1765
1766
1767
1768
1769
1770
1771
1772
1773
1774
1775
1776
1777
1778
1779
1780
1781
1782
1783
1784
1785
1786
1787
1788
1789
1790
1791
1792
1793
1794
1795
1796
1797
1798
1799
1800
1801
1802
1803
1804
1805
1806
1807
1808
1809
1810
1811
1812
1813
1814
1815
1816
1817
1818
1819
1820
1821
1822
1823
1824
1825
1826
1827
1828
1829
1830
1831
1832
1833
1834
1835
1836
1837
1838
1839
1840
1841
1842
1843
1844
1845
1846
1847
1848
1849
1850
1851
1852
1853
1854
1855
1856
1857
1858
1859
1860
1861
1862
1863
1864
1865
1866
1867
1868
1869
1870
1871
1872
1873
1874
1875
1876
1877
1878
1879
1880
1881
1882
1883
1884
1885
1886
1887
1888
1889
1890
1891
1892
1893
1894
1895
1896
1897
1898
1899
1900
1901
1902
1903
1904
1905
1906
1907
1908
1909
1910
1911
1912
1913
1914
1915
1916
1917
1918
1919
1920
1921
1922
1923
1924
1925
1926
1927
1928
1929
1930
1931
1932
1933
1934
1935
1936
1937
1938
1939
1940
1941
1942
1943
1944
1945
1946
1947
1948
1949
1950
1951
1952
1953
1954
1955
1956
1957
1958
1959
1960
1961
1962
1963
1964
1965
1966
1967
1968
1969
1970
1971
1972
1973
1974
1975
1976
1977
1978
1979
1980
1981
1982
1983
1984
1985
1986
1987
1988
1989
1990
1991
1992
1993
1994
1995
1996
1997
1998
1999
2000
2001
2002
2003
2004
2005
2006
2007
2008
2009
2010
2011
2012
2013
2014
2015
2016
2017
2018
2019
2020
2021
2022
2023
2024
2025
2026
2027
2028
2029
2030
2031
2032
2033
2034
2035
2036
2037
2038
2039
2040
2041
2042
2043
2044
2045
2046
2047
2048
2049
2050
2051
2052
2053
2054
2055
2056
2057
2058
2059
2060
2061
2062
2063
2064
2065
2066
2067
2068
2069
2070
2071
2072
2073
2074
2075
2076
2077
2078
2079
2080
2081
2082
2083
2084
2085
2086
2087
2088
2089
2090
2091
2092
2093
2094
2095
2096
2097
2098
2099
2100
2101
2102
2103
2104
2105
2106
2107
2108
2109
2110
2111
2112
2113
2114
2115
2116
2117
2118
2119
2120
2121
2122
2123
2124
2125
2126
2127
2128
2129
2130
2131
2132
2133
2134
2135
2136
2137
2138
2139
2140
2141
2142
2143
2144
2145
2146
2147
2148
2149
2150
2151
2152
2153
2154
2155
2156
2157
2158
2159
2160
2161
2162
2163
2164
2165
2166
2167
2168
2169
2170
2171
2172
2173
2174
2175
2176
2177
2178
2179
2180
2181
2182
2183
2184
2185
2186
2187
2188
2189
2190
2191
2192
2193
2194
2195
2196
2197
2198
2199
2200
2201
2202
2203
2204
2205
2206
2207
2208
2209
2210
2211
2212
2213
2214
2215
2216
2217
2218
2219
2220
2221
2222
2223
2224
2225
-0.0008750000000000001 0.002 -0.0008749999999999999
-0.0008750000000000001 0.004 -0.0008749999999999999
-0.0008750000000000001 0.006 -0.0008749999999999999
-0.0008750000000000001 0.008 -0.0008749999999999999
-0.0008750000000000001 0.01 -0.0008749999999999999
-0.000875 0.002 6.050235337530717e-20
-0.000875 0.004 6.050235337530717e-20
-0.000875 0.006 6.050235337530717e-20
-0.000875 0.008 6.050235337530717e-20
-0.000875 0.01 6.050235337530717e-20
-0.0008749999999999999 0.002 0.0008749999999999999
-0.0008749999999999999 0.004 0.0008749999999999999
-0.0008749999999999999 0.006 0.0008749999999999999
-0.0008749999999999999 0.008 0.0008749999999999999
-0.0008749999999999999 0.01 0.0008749999999999999
-6.050235337530717e-20 0.002 -0.0008749999999999998
-6.050235337530717e-20 0.004 -0.0008749999999999998
-6.050235337530717e-20 0.006 -0.0008749999999999998
-6.050235337530717e-20 0.008 -0.0008749999999999998
-6.050235337530717e-20 0.01 -0.0008749999999999998
-6.050235337530717e-20 0.002 6.050235337530717e-20
-6.050235337530717e-20 0.004 6.050235337530717e-20
-6.050235337530717e-20 0.006 6.050235337530717e-20
-6.050235337530717e-20 0.008 6.050235337530717e-20
-6.050235337530717e-20 0.01 6.050235337530717e-20
-6.050235337530717e-20 0.002 0.000875
-6.050235337530717e-20 0.004 0.000875
-6.050235337530717e-20 0.006 0.000875
-6.050235337530717e-20 0.008 0.000875
-6.050235337530717e-20 0.01 0.000875
0.0008749999999999997 0.002 -0.0008749999999999997
0.0008749999999999997 0.004 -0.0008749999999999997
0.0008749999999999997 0.006 -0.0008749999999999997
0.0008749999999999997 0.008 -0.0008749999999999997
0.0008749999999999997 0.01 -0.0008749999999999997
0.0008749999999999998 0.002 6.050235337530717e-20
0.0008749999999999998 0.004 6.050235337530717e-20
0.0008749999999999998 0.006 6.050235337530717e-20
0.0008749999999999998 0.008 6.050235337530717e-20
0.0008749999999999998 0.01 6.050235337530717e-20
0.0008749999999999997 0.002 0.0008749999999999999
0.0008749999999999997 0.004 0.0008749999999999999
0.0008749999999999997 0.006 0.0008749999999999999
0.0008749999999999997 0.008 0.0008749999999999999
0.0008749999999999997 0.01 0.0008749999999999999
-0.0008750000000000001 0.001 -0.0008749999999999999
-0.0008750000000000001 0.002 -0.0013125
-0.0013125 0.002 -0.0008749999999999999
-0.0008750000000000001 0.001 -0.0013125
-0.0013125 0.001 -0.0008749999999999999
-0.0013125 0.002 -0.0013125
-0.0013125 0.001 -0.001312500000000001
-0.0008750000000000001 0.003 -0.0008749999999999999
-0.0008750000000000001 0.004 -0.0013125
-0.0013125 0.004 -0.0008749999999999999
-0.0008750000000000001 0.003 -0.0013125
-0.0013125 0.003 -0.0008749999999999999
-0.0013125 0.004 -0.0013125
-0.0013125 0.003 -0.001312500000000001
-0.0008750000000000001 0.005 -0.0008749999999999999
-0.0008750000000000001 0.006 -0.0013125
-0.0013125 0.006 -0.0008749999999999999
-0.0008750000000000001 0.005 -0.0013125
-0.0013125 0.005 -0.0008749999999999999
-0.0013125 0.006 -0.0013125
-0.0013125 0.005000000000000001 -0.001312500000000001
-0.0008750000000000001 0.007 -0.0008749999999999999
-0.0008750000000000001 0.008 -0.0013125
-0.0013125 0.008 -0.0008749999999999999
-0.0008750000000000001 0.007 -0.0013125
-0.0013125 0.007000000000000001 -0.0008749999999999999
-0.0013125 0.008 -0.0013125
-0.0013125 0.007000000000000002 -0.001312500000000001
-0.0008750000000000001 0.009000000000000001 -0.0008749999999999999
-0.0008750000000000001 0.01 -0.0013125
-0.0013125 0.01 -0.0008749999999999999
-0.0008750000000000001 0.009000000000000001 -0.0013125
-0.0013125 0.009000000000000001 -0.0008749999999999999
-0.0013125 0.01 -0.0013125
-0.0013125 0.009000000000000001 -0.001312500000000001
-0.0008750000000000001 0.011 -0.0008749999999999999
-0.0008750000000000001 0.011 -0.0013125
-0.0013125 0.011 -0.0008749999999999999
-0.0013125 0.011 -0.001312500000000001
-0.000875 0.001 6.050235337530717e-20
-0.0008750000000000001 0.002 -0.0004374999999999999
-0.0013125 0.002 3.025117668765358e-20
-0.000875 0.001 -0.0004374999999999999
-0.0013125 0.001 4.537676503148037e-20
-0.0013125 0.002 -0.0004375
-0.0013125 0.001 -0.0004375
-0.000875 0.003 6.050235337530717e-20
-0.0008750000000000001 0.004 -0.0004374999999999999
-0.0013125 0.004 3.025117668765358e-20
-0.0008750000000000001 0.003 -0.0004374999999999998
-0.0013125 0.003 3.025117668765358e-20
-0.0013125 0.004 -0.0004375
-0.0013125 0.003 -0.0004374999999999999
-0.000875 0.005 6.050235337530717e-20
-0.0008750000000000001 0.006 -0.0004374999999999999
-0.0013125 0.006 3.025117668765358e-20
-0.0008750000000000001 0.005 -0.0004374999999999998
-0.0013125 0.005 3.025117668765358e-20
-0.0013125 0.006 -0.0004375
-0.0013125 0.005000000000000001 -0.0004374999999999999
-0.000875 0.007 6.050235337530717e-20
-0.0008750000000000001 0.008 -0.0004374999999999999
-0.0013125 0.008 3.025117668765358e-20
-0.0008750000000000001 0.007 -0.0004374999999999998
-0.0013125 0.007000000000000001 3.025117668765358e-20
-0.0013125 0.008 -0.0004375
-0.0013125 0.007000000000000002 -0.0004374999999999999
-0.000875 0.009000000000000001 6.050235337530717e-20
-0.0008750000000000001 0.01 -0.0004374999999999999
-0.0013125 0.01 3.025117668765358e-20
-0.0008750000000000001 0.009000000000000001 -0.0004374999999999998
-0.0013125 0.009000000000000001 3.025117668765358e-20
-0.0013125 0.01 -0.0004375
-0.0013125 0.009000000000000001 -0.0004374999999999999
-0.000875 0.011 6.050235337530717e-20
-0.000875 0.011 -0.0004374999999999999
-0.0013125 0.011 4.537676503148037e-20
-0.0013125 0.011 -0.0004375
-0.0008749999999999999 0.001 0.0008749999999999999
-0.0008749999999999999 0.002 0.0004375
-0.0013125 0.002 0.0008749999999999999
-0.000875 0.001 0.0004375
-0.0013125 0.001 0.000875
-0.0013125 0.002 0.0004375
-0.0013125 0.001 0.0004375
-0.0008749999999999999 0.003 0.0008749999999999999
-0.0008749999999999999 0.004 0.0004375
-0.0013125 0.004 0.0008749999999999999
-0.0008749999999999999 0.003 0.0004375
-0.0013125 0.003 0.0008749999999999999
-0.0013125 0.004 0.0004375
-0.0013125 0.003 0.0004374999999999998
-0.0008749999999999999 0.005 0.0008749999999999999
-0.0008749999999999999 0.006 0.0004375
-0.0013125 0.006 0.0008749999999999999
-0.0008749999999999999 0.005 0.0004375
-0.0013125 0.005 0.0008749999999999999
-0.0013125 0.006 0.0004375
-0.0013125 0.005000000000000001 0.0004374999999999998
-0.0008749999999999999 0.007 0.0008749999999999999
-0.0008749999999999999 0.008 0.0004375
-0.0013125 0.008 0.0008749999999999999
-0.0008749999999999999 0.007 0.0004375
-0.0013125 0.007000000000000001 0.0008749999999999999
-0.0013125 0.008 0.0004375
-0.0013125 0.007000000000000002 0.0004374999999999998
-0.0008749999999999999 0.009000000000000001 0.0008749999999999999
-0.0008749999999999999 0.01 0.0004375
-0.0013125 0.01 0.0008749999999999999
-0.0008749999999999999 0.009000000000000001 0.0004375
-0.0013125 0.009000000000000001 0.0008749999999999999
-0.0013125 0.01 0.0004375
-0.0013125 0.009000000000000001 0.0004374999999999998
-0.0008749999999999999 0.011 0.0008749999999999999
-0.000875 0.011 0.0004375
-0.0013125 0.011 0.000875
-0.0013125 0.011 0.0004375
-0.0008749999999999999 0.002 0.0013125
-0.0008749999999999999 0.001 0.0013125
-0.0013125 0.002 0.0013125
-0.0013125 0.001 0.001312500000000001
-0.0008749999999999999 0.004 0.0013125
-0.0008749999999999999 0.003 0.0013125
-0.0013125 0.004 0.0013125
-0.0013125 0.003 0.001312500000000001
-0.0008749999999999999 0.006 0.0013125
-0.0008749999999999999 0.005 0.0013125
-0.0013125 0.006 0.0013125
-0.0013125 0.005000000000000001 0.001312500000000001
-0.0008749999999999999 0.008 0.0013125
-0.0008749999999999999 0.007 0.0013125
-0.0013125 0.008 0.0013125
-0.0013125 0.007000000000000002 0.001312500000000001
-0.0008749999999999999 0.01 0.0013125
-0.0008749999999999999 0.009000000000000001 0.0013125
-0.0013125 0.01 0.0013125
-0.0013125 0.009000000000000001 0.001312500000000001
-0.0008749999999999999 0.011 0.0013125
-0.0013125 0.011 0.0013125
-6.050235337530717e-20 0.001 -0.0008749999999999998
-3.025117668765358e-20 0.002 -0.0013125
-0.0004375000000000001 0.002 -0.0008749999999999999
-4.537676503148037e-20 0.001 -0.0013125
-0.0004375000000000002 0.001 -0.0008749999999999998
-0.0004375000000000001 0.002 -0.0013125
-0.0004375000000000002 0.001 -0.001312500000000001
-6.050235337530717e-20 0.003 -0.0008749999999999998
-3.025117668765358e-20 0.004 -0.0013125
-0.0004375000000000001 0.004 -0.0008749999999999999
-3.025117668765358e-20 0.003 -0.0013125
-0.0004375000000000002 0.003 -0.0008749999999999999
-0.0004375000000000001 0.004 -0.0013125
-0.0004375 0.003 -0.001312500000000001
-6.050235337530717e-20 0.005 -0.0008749999999999998
-3.025117668765358e-20 0.006 -0.0013125
-0.0004375000000000001 0.006 -0.0008749999999999999
-3.025117668765358e-20 0.005 -0.0013125
-0.0004375000000000002 0.005 -0.0008749999999999999
-0.0004375000000000001 0.006 -0.0013125
-0.0004375 0.005000000000000001 -0.001312500000000001
-6.050235337530717e-20 0.007 -0.0008749999999999998
-3.025117668765358e-20 0.008 -0.0013125
-0.0004375000000000001 0.008 -0.0008749999999999999
-3.025117668765358e-20 0.007 -0.0013125
-0.0004375000000000002 0.007000000000000001 -0.0008749999999999999
-0.0004375000000000001 0.008 -0.0013125
-0.0004375 0.007000000000000001 -0.001312500000000001
-6.050235337530717e-20 0.009000000000000001 -0.0008749999999999998
-3.025117668765358e-20 0.01 -0.0013125
-0.0004375000000000001 0.01 -0.0008749999999999999
-3.025117668765358e-20 0.009000000000000001 -0.0013125
-0.0004375000000000002 0.009000000000000001 -0.0008749999999999999
-0.0004375000000000001 0.01 -0.0013125
-0.0004375 0.009000000000000001 -0.001312500000000001
-6.050235337530717e-20 0.011 -0.0008749999999999998
-4.537676503148037e-20 0.011 -0.0013125
-0.0004375000000000002 0.011 -0.0008749999999999998
-0.0004375 0.011 -0.001312500000000001
-6.050235337530717e-20 0.001 6.050235337530717e-20
-6.050235337530717e-20 0.002 -0.0004374999999999998
-0.0004375000000000001 0.002 6.050235337530717e-20
-6.050235337530717e-20 0.001 -0.0004374999999999999
-0.0004375000000000001 0.001 6.050235337530717e-20
-0.0004375000000000002 0.002 -0.0004374999999999999
-0.0004375000000000001 0.001 -0.0004374999999999998
-6.050235337530717e-20 0.003 6.050235337530717e-20
-6.050235337530717e-20 0.004 -0.0004374999999999998
-0.0004375000000000001 0.004 6.050235337530717e-20
-6.050235337530717e-20 0.003 -0.0004374999999999998
-0.0004375000000000001 0.003 6.050235337530717e-20
-0.0004375000000000002 0.004 -0.0004374999999999999
-0.0004375000000000002 0.003 -0.0004374999999999998
-6.050235337530717e-20 0.005 6.050235337530717e-20
-6.050235337530717e-20 0.006 -0.0004374999999999998
-0.0004375000000000001 0.006 6.050235337530717e-20
-6.050235337530717e-20 0.005 -0.0004374999999999998
-0.0004375000000000001 0.005 6.050235337530717e-20
-0.0004375000000000002 0.006 -0.0004374999999999999
-0.0004375000000000002 0.005000000000000001 -0.0004374999999999998
-6.050235337530717e-20 0.007 6.050235337530717e-20
-6.050235337530717e-20 0.008 -0.0004374999999999998
-0.0004375000000000001 0.008 6.050235337530717e-20
-6.050235337530717e-20 0.007 -0.0004374999999999998
-0.0004375000000000001 0.007000000000000001 6.050235337530717e-20
-0.0004375000000000002 0.008 -0.0004374999999999999
-0.0004375000000000002 0.007000000000000001 -0.0004374999999999998
-6.050235337530717e-20 0.009000000000000001 6.050235337530717e-20
-6.050235337530717e-20 0.01 -0.0004374999999999998
-0.0004375000000000001 0.01 6.050235337530717e-20
-6.050235337530717e-20 0.009000000000000001 -0.0004374999999999998
-0.0004375000000000001 0.009000000000000001 6.050235337530717e-20
-0.0004375000000000002 0.01 -0.0004374999999999999
-0.0004375000000000002 0.009000000000000001 -0.0004374999999999998
-6.050235337530717e-20 0.011 6.050235337530717e-20
-6.050235337530717e-20 0.011 -0.0004374999999999999
-0.0004375000000000001 0.011 6.050235337530717e-20
-0.0004375000000000002 0.011 -0.0004374999999999999
-6.050235337530717e-20 0.001 0.000875
-6.050235337530717e-20 0.002 0.0004375000000000001
-0.0004375 0.002 0.0008749999999999999
-6.050235337530717e-20 0.001 0.0004375
-0.0004375000000000001 0.001 0.000875
-0.0004375000000000001 0.002 0.0004375
-0.0004375000000000002 0.001 0.0004375
-6.050235337530717e-20 0.003 0.000875
-6.050235337530717e-20 0.004 0.0004375000000000001
-0.0004375 0.004 0.0008749999999999999
-6.050235337530717e-20 0.003 0.0004375000000000001
-0.0004375000000000001 0.003 0.0008749999999999999
-0.0004375000000000001 0.004 0.0004375
-0.0004375000000000001 0.003 0.0004375
-6.050235337530717e-20 0.005 0.000875
-6.050235337530717e-20 0.006 0.0004375000000000001
-0.0004375 0.006 0.0008749999999999999
-6.050235337530717e-20 0.005 0.0004375000000000001
-0.0004375000000000001 0.005 0.0008749999999999999
-0.0004375000000000001 0.006 0.0004375
-0.0004375000000000001 0.005000000000000001 0.0004375
-6.050235337530717e-20 0.007 0.000875
-6.050235337530717e-20 0.008 0.0004375000000000001
-0.0004375 0.008 0.0008749999999999999
-6.050235337530717e-20 0.007 0.0004375000000000001
-0.0004375000000000001 0.007000000000000001 0.0008749999999999999
-0.0004375000000000001 0.008 0.0004375
-0.0004375000000000001 0.007000000000000001 0.0004375
-6.050235337530717e-20 0.009000000000000001 0.000875
-6.050235337530717e-20 0.01 0.0004375000000000001
-0.0004375 0.01 0.0008749999999999999
-6.050235337530717e-20 0.009000000000000001 0.0004375000000000001
-0.0004375000000000001 0.009000000000000001 0.0008749999999999999
-0.0004375000000000001 0.01 0.0004375
-0.0004375000000000001 0.009000000000000001 0.0004375
-6.050235337530717e-20 0.011 0.000875
-6.050235337530717e-20 0.011 0.0004375
-0.0004375000000000001 0.011 0.000875
-0.0004375000000000002 0.011 0.0004375
-3.025117668765358e-20 0.002 0.0013125
-4.537676503148037e-20 0.001 0.0013125
-0.0004375 0.002 0.0013125
-0.0004374999999999999 0.001 0.001312500000000001
-3.025117668765358e-20 0.004 0.0013125
-3.025117668765358e-20 0.003 0.0013125
-0.0004375 0.004 0.0013125
-0.0004375 0.003 0.001312500000000001
-3.025117668765358e-20 0.006 0.0013125
-3.025117668765358e-20 0.005 0.0013125
-0.0004375 0.006 0.0013125
-0.0004375 0.005000000000000001 0.001312500000000001
-3.025117668765358e-20 0.008 0.0013125
-3.025117668765358e-20 0.007 0.0013125
-0.0004375 0.008 0.0013125
-0.0004375 0.007000000000000001 0.001312500000000001
-3.025117668765358e-20 0.01 0.0013125
-3.025117668765358e-20 0.009000000000000001 0.0013125
-0.0004375 0.01 0.0013125
-0.0004375 0.009000000000000001 0.001312500000000001
-4.537676503148037e-20 0.011 0.0013125
-0.0004375000000000001 0.011 0.0013125
0.0008749999999999997 0.001 -0.0008749999999999997
0.0008749999999999998 0.002 -0.0013125
0.0004374999999999998 0.002 -0.0008749999999999997
0.0008749999999999997 0.001 -0.0013125
0.0004374999999999998 0.001 -0.0008749999999999997
0.0004374999999999998 0.002 -0.0013125
0.0004374999999999998 0.001 -0.0013125
0.0008749999999999997 0.003 -0.0008749999999999997
0.0008749999999999998 0.004 -0.0013125
0.0004374999999999998 0.004 -0.0008749999999999997
0.0008749999999999997 0.003 -0.0013125
0.0004374999999999997 0.003 -0.0008749999999999997
0.0004374999999999998 0.004 -0.0013125
0.0004374999999999996 0.003 -0.0013125
0.0008749999999999997 0.005 -0.0008749999999999997
0.0008749999999999998 0.006 -0.0013125
0.0004374999999999998 0.006 -0.0008749999999999997
0.0008749999999999997 0.005 -0.0013125
0.0004374999999999997 0.005 -0.0008749999999999997
0.0004374999999999998 0.006 -0.0013125
0.0004374999999999996 0.005000000000000001 -0.0013125
0.0008749999999999997 0.007 -0.0008749999999999997
0.0008749999999999998 0.008 -0.0013125
0.0004374999999999998 0.008 -0.0008749999999999997
0.0008749999999999997 0.007 -0.0013125
0.0004374999999999997 0.007000000000000001 -0.0008749999999999997
0.0004374999999999998 0.008 -0.0013125
0.0004374999999999996 0.007000000000000001 -0.0013125
0.0008749999999999997 0.009000000000000001 -0.0008749999999999997
0.0008749999999999998 0.01 -0.0013125
0.0004374999999999998 0.01 -0.0008749999999999997
0.0008749999999999997 0.009000000000000001 -0.0013125
0.0004374999999999997 0.009000000000000001 -0.0008749999999999997
0.0004374999999999998 0.01 -0.0013125
0.0004374999999999996 0.009000000000000001 -0.0013125
0.0008749999999999997 0.011 -0.0008749999999999997
0.0008749999999999997 0.011 -0.0013125
0.0004374999999999998 0.011 -0.0008749999999999997
0.0004374999999999997 0.011 -0.0013125
0.0008749999999999998 0.001 6.050235337530717e-20
0.0008749999999999997 0.002 -0.0004374999999999998
0.0004374999999999998 0.002 6.050235337530717e-20
0.0008749999999999998 0.001 -0.0004374999999999998
0.0004374999999999998 0.001 6.050235337530717e-20
0.0004374999999999998 0.002 -0.0004374999999999998
0.0004374999999999997 0.001 -0.0004374999999999997
0.0008749999999999998 0.003 6.050235337530717e-20
0.0008749999999999997 0.004 -0.0004374999999999998
0.0004374999999999998 0.004 6.050235337530717e-20
0.0008749999999999997 0.003 -0.0004374999999999997
0.0004374999999999998 0.003 6.050235337530717e-20
0.0004374999999999998 0.004 -0.0004374999999999998
0.0004374999999999997 0.003 -0.0004374999999999995
0.0008749999999999998 0.005 6.050235337530717e-20
0.0008749999999999997 0.006 -0.0004374999999999998
0.0004374999999999998 0.006 6.050235337530717e-20
0.0008749999999999997 0.005 -0.0004374999999999997
0.0004374999999999998 0.005 6.050235337530717e-20
0.0004374999999999998 0.006 -0.0004374999999999998
0.0004374999999999997 0.005000000000000001 -0.0004374999999999995
0.0008749999999999998 0.007 6.050235337530717e-20
0.0008749999999999997 0.008 -0.0004374999999999998
0.0004374999999999998 0.008 6.050235337530717e-20
0.0008749999999999997 0.007 -0.0004374999999999997
0.0004374999999999998 0.007000000000000001 6.050235337530717e-20
0.0004374999999999998 0.008 -0.0004374999999999998
0.0004374999999999997 0.007000000000000001 -0.0004374999999999995
0.0008749999999999998 0.009000000000000001 6.050235337530717e-20
0.0008749999999999997 0.01 -0.0004374999999999998
0.0004374999999999998 0.01 6.050235337530717e-20
0.0008749999999999997 0.009000000000000001 -0.0004374999999999997
0.0004374999999999998 0.009000000000000001 6.050235337530717e-20
0.0004374999999999998 0.01 -0.0004374999999999998
0.0004374999999999997 0.009000000000000001 -0.0004374999999999995
0.0008749999999999998 0.011 6.050235337530717e-20
0.0008749999999999998 0.011 -0.0004374999999999998
0.0004374999999999998 0.011 6.050235337530717e-20
0.0004374999999999997 0.011 -0.0004374999999999996
0.0008749999999999997 0.001 0.0008749999999999999
0.0008749999999999997 0.002 0.0004375
0.0004374999999999998 0.002 0.0008749999999999999
0.0008749999999999998 0.001 0.0004375
0.0004374999999999998 0.001 0.000875
0.0004374999999999998 0.002 0.0004375
0.0004374999999999996 0.001 0.0004375
0.0008749999999999997 0.003 0.0008749999999999999
0.0008749999999999997 0.004 0.0004375
0.0004374999999999998 0.004 0.0008749999999999999
0.0008749999999999997 0.003 0.0004375
0.0004374999999999997 0.003 0.0008749999999999999
0.0004374999999999998 0.004 0.0004375
0.0004374999999999997 0.003 0.0004375
0.0008749999999999997 0.005 0.0008749999999999999
0.0008749999999999997 0.006 0.0004375
0.0004374999999999998 0.006 0.0008749999999999999
0.0008749999999999997 0.005 0.0004375
0.0004374999999999997 0.005 0.0008749999999999999
0.0004374999999999998 0.006 0.0004375
0.0004374999999999997 0.005000000000000001 0.0004375
0.0008749999999999997 0.007 0.0008749999999999999
0.0008749999999999997 0.008 0.0004375
0.0004374999999999998 0.008 0.0008749999999999999
0.0008749999999999997 0.007 0.0004375
0.0004374999999999997 0.007000000000000001 0.0008749999999999999
0.0004374999999999998 0.008 0.0004375
0.0004374999999999997 0.007000000000000001 0.0004375
0.0008749999999999997 0.009000000000000001 0.0008749999999999999
0.0008749999999999997 0.01 0.0004375
0.0004374999999999998 0.01 0.0008749999999999999
0.0008749999999999997 0.009000000000000001 0.0004375
0.0004374999999999997 0.009000000000000001 0.0008749999999999999
0.0004374999999999998 0.01 0.0004375
0.0004374999999999997 0.009000000000000001 0.0004375
0.0008749999999999997 0.011 0.0008749999999999999
0.0008749999999999998 0.011 0.0004375
0.0004374999999999998 0.011 0.000875
0.0004374999999999997 0.011 0.0004375
0.0008749999999999999 0.002 0.0013125
0.0008749999999999998 0.001 0.0013125
0.0004374999999999998 0.002 0.0013125
0.0004374999999999998 0.001 0.001312500000000001
0.0008749999999999999 0.004 0.0013125
0.0008749999999999999 0.003 0.0013125
0.0004374999999999998 0.004 0.0013125
0.0004374999999999997 0.003 0.001312500000000001
0.0008749999999999999 0.006 0.0013125
0.0008749999999999999 0.005 0.0013125
0.0004374999999999998 0.006 0.0013125
0.0004374999999999997 0.005000000000000001 0.001312500000000001
0.0008749999999999999 0.008 0.0013125
0.0008749999999999999 0.007 0.0013125
0.0004374999999999998 0.008 0.0013125
0.0004374999999999997 0.007000000000000001 0.001312500000000001
0.0008749999999999999 0.01 0.0013125
0.0008749999999999999 0.009000000000000001 0.0013125
0.0004374999999999998 0.01 0.0013125
0.0004374999999999997 0.009000000000000001 0.001312500000000001
0.0008749999999999998 0.011 0.0013125
0.0004374999999999997 0.011 0.0013125
0.0013125 0.002 -0.0008749999999999999
0.0013125 0.001 -0.0008749999999999998
0.0013125 0.002 -0.0013125
0.001312499999999999 0.001 -0.001312500000000001
0.0013125 0.004 -0.0008749999999999999
0.0013125 0.003 -0.0008749999999999999
0.0013125 0.004 -0.0013125
0.001312499999999999 0.003 -0.001312500000000001
0.0013125 0.006 -0.0008749999999999999
0.0013125 0.005 -0.0008749999999999999
0.0013125 0.006 -0.0013125
0.001312499999999999 0.005000000000000001 -0.001312500000000001
0.0013125 0.008 -0.0008749999999999999
0.0013125 0.007000000000000001 -0.0008749999999999999
0.0013125 0.008 -0.0013125
0.001312499999999999 0.007000000000000003 -0.001312500000000001
0.0013125 0.01 -0.0008749999999999999
0.0013125 0.009000000000000001 -0.0008749999999999999
0.0013125 0.01 -0.0013125
0.001312499999999999 0.009000000000000001 -0.001312500000000001
0.0013125 0.011 -0.0008749999999999998
0.001312499999999999 0.011 -0.001312500000000001
0.0013125 0.002 3.025117668765358e-20
0.0013125 0.001 4.537676503148037e-20
0.0013125 0.002 -0.0004374999999999998
0.0013125 0.001 -0.0004374999999999998
0.0013125 0.004 3.025117668765358e-20
0.0013125 0.003 3.025117668765358e-20
0.0013125 0.004 -0.0004374999999999998
0.001312499999999999 0.003 -0.0004374999999999998
0.0013125 0.006 3.025117668765358e-20
0.0013125 0.005 3.025117668765358e-20
0.0013125 0.006 -0.0004374999999999998
0.001312499999999999 0.005000000000000001 -0.0004374999999999998
0.0013125 0.008 3.025117668765358e-20
0.0013125 0.007000000000000001 3.025117668765358e-20
0.0013125 0.008 -0.0004374999999999998
0.001312499999999999 0.007000000000000003 -0.0004374999999999998
0.0013125 0.01 3.025117668765358e-20
0.0013125 0.009000000000000001 3.025117668765358e-20
0.0013125 0.01 -0.0004374999999999998
0.001312499999999999 0.009000000000000001 -0.0004374999999999998
0.0013125 0.011 4.537676503148037e-20
0.0013125 0.011 -0.0004374999999999998
0.0013125 0.002 0.0008749999999999999
0.0013125 0.001 0.0008749999999999999
0.0013125 0.002 0.0004375
0.0013125 0.001 0.0004374999999999999
0.0013125 0.004 0.0008749999999999999
0.0013125 0.003 0.0008749999999999999
0.0013125 0.004 0.0004375
0.001312499999999999 0.003 0.0004374999999999999
0.0013125 0.006 0.0008749999999999999
0.0013125 0.005 0.0008749999999999999
0.0013125 0.006 0.0004375
0.001312499999999999 0.005000000000000001 0.0004374999999999999
0.0013125 0.008 0.0008749999999999999
0.0013125 0.007000000000000001 0.0008749999999999999
0.0013125 0.008 0.0004375
0.001312499999999999 0.007000000000000003 0.0004374999999999999
0.0013125 0.01 0.0008749999999999999
0.0013125 0.009000000000000001 0.0008749999999999999
0.0013125 0.01 0.0004375
0.001312499999999999 0.009000000000000001 0.0004374999999999999
0.0013125 0.011 0.0008749999999999999
0.0013125 0.011 0.0004374999999999999
0.0013125 0.002 0.0013125
0.0013125 0.001 0.001312500000000001
0.0013125 0.004 0.0013125
0.0013125 0.003 0.001312500000000001
0.0013125 0.006 0.0013125
0.0013125 0.005000000000000001 0.001312500000000001
0.0013125 0.008 0.0013125
0.0013125 0.007000000000000003 0.001312500000000001
0.0013125 0.01 0.0013125
0.0013125 0.009000000000000001 0.001312500000000001
0.001312500000000001 0.011 0.0013125
3 2 0 539
2226
2227
2228
2229
2230
2231
2232
2233
2234
2235
2236
2237
2238
2239
2240
2241
2242
2243
2244
2245
2246
2247
2248
2249
2250
2251
2252
2253
2254
2255
2256
2257
2258
2259
2260
2261
2262
2263
2264
2265
2266
2267
2268
2269
2270
2271
2272
2273
2274
2275
2276
2277
2278
2279
2280
2281
2282
2283
2284
2285
2286
2287
2288
2289
2290
2291
2292
2293
2294
2295
2296
2297
2298
2299
2300
2301
2302
2303
2304
2305
2306
2307
2308
2309
2310
2311
2312
2313
2314
2315
2316
2317
2318
2319
2320
2321
2322
2323
2324
2325
2326
2327
2328
2329
2330
2331
2332
2333
2334
2335
2336
2337
2338
2339
2340
2341
2342
2343
2344
2345
2346
2347
2348
2349
2350
2351
2352
2353
2354
2355
2356
2357
2358
2359
2360
2361
2362
2363
2364
2365
2366
2367
2368
2369
2370
2371
2372
2373
2374
2375
2376
2377
2378
2379
2380
2381
2382
2383
2384
2385
2386
2387
2388
2389
2390
2391
2392
2393
2394
2395
2396
2397
2398
2399
2400
2401
2402
2403
2404
2405
2406
2407
2408
2409
2410
2411
2412
2413
2414
2415
2416
2417
2418
2419
2420
2421
2422
2423
2424
2425
2426
2427
2428
2429
2430
2431
2432
2433
2434
2435
2436
2437
2438
2439
2440
2441
2442
2443
2444
2445
2446
2447
2448
2449
2450
2451
2452
2453
2454
2455
2456
2457
2458
2459
2460
2461
2462
2463
2464
2465
2466
2467
2468
2469
2470
2471
2472
2473
2474
2475
2476
2477
2478
2479
2480
2481
2482
2483
2484
2485
2486
2487
2488
2489
2490
2491
2492
2493
2494
2495
2496
2497
2498
2499
2500
2501
2502
2503
2504
2505
2506
2507
2508
2509
2510
2511
2512
2513
2514
2515
2516
2517
2518
2519
2520
2521
2522
2523
2524
2525
2526
2527
2528
2529
2530
2531
2532
2533
2534
2535
2536
2537
2538
2539
2540
2541
2542
2543
2544
2545
2546
2547
2548
2549
2550
2551
2552
2553
2554
2555
2556
2557
2558
2559
2560
2561
2562
2563
2564
2565
2566
2567
2568
2569
2570
2571
2572
2573
2574
2575
2576
2577
2578
2579
2580
2581
2582
2583
2584
2585
2586
2587
2588
2589
2590
2591
2592
2593
2594
2595
2596
2597
2598
2599
2600
2601
2602
2603
2604
2605
2606
2607
2608
2609
2610
2611
2612
2613
2614
2615
2616
2617
2618
2619
2620
2621
2622
2623
2624
2625
2626
2627
2628
2629
2630
2631
2632
2633
2634
2635
2636
2637
2638
2639
2640
2641
2642
2643
2644
2645
2646
2647
2648
2649
2650
2651
2652
2653
2654
2655
2656
2657
2658
2659
2660
2661
2662
2663
2664
2665
2666
2667
2668
2669
2670
2671
2672
2673
2674
2675
2676
2677
2678
2679
2680
2681
2682
2683
2684
2685
2686
2687
2688
2689
2690
2691
2692
2693
2694
2695
2696
2697
2698
2699
2700
2701
2702
2703
2704
2705
2706
2707
2708
2709
2710
2711
2712
2713
2714
2715
2716
2717
2718
2719
2720
2721
2722
2723
2724
2725
2726
2727
2728
2729
2730
2731
2732
2733
2734
2735
2736
2737
2738
2739
2740
2741
2742
2743
2744
2745
2746
2747
2748
2749
2750
2751
2752
2753
2754
2755
2756
2757
2758
2759
2760
2761
2762
2763
2764
-0.001134604290456362 0.002 -0.002467349415639109
-0.001134604290456362 0.004 -0.002467349415639109
-0.001134604290456362 0.006 -0.002467349415639109
-0.001134604290456362 0.008 -0.002467349415639109
-0.001134604290456362 0.01 -0.002467349415639109
-0.001394208580912723 0.002 -0.003184698831278218
-0.001394208580912723 0.004 -0.003184698831278218
-0.001394208580912723 0.006 -0.003184698831278218
-0.001394208580912723 0.008 -0.003184698831278218
-0.001394208580912723 0.01 -0.003184698831278218
-0.001653812871369084 0.002 -0.003902048246917327
-0.001653812871369084 0.004 -0.003902048246917327
-0.001653812871369084 0.006 -0.003902048246917327
-0.001653812871369084 0.008 -0.003902048246917327
-0.001653812871369084 0.01 -0.003902048246917327
6.654626103042168e-19 0.002 -0.002562500000000001
6.654626103042168e-19 0.004 -0.002562500000000001
6.654626103042168e-19 0.006 -0.002562500000000001
6.654626103042168e-19 0.008 -0.002562500000000001
6.654626103042168e-19 0.01 -0.002562500000000001
1.358430582349959e-18 0.002 -0.003375
1.358430582349959e-18 0.004 -0.003375
1.358430582349959e-18 0.006 -0.003375
1.358430582349959e-18 0.008 -0.003375
1.358430582349959e-18 0.01 -0.003375
2.430869314765628e-18 0.002 -0.004187500000000001
2.430869314765628e-18 0.004 -0.004187500000000001
2.430869314765628e-18 0.006 -0.004187500000000001
2.430869314765628e-18 0.008 -0.004187500000000001
2.430869314765628e-18 0.01 -0.004187500000000001
0.001134604290456362 0.002 -0.002467349415639108
0.001134604290456362 0.004 -0.002467349415639108
0.001134604290456362 0.006 -0.002467349415639108
0.001134604290456362 0.008 -0.002467349415639108
0.001134604290456362 0.01 -0.002467349415639108
0.001394208580912725 0.002 -0.003184698831278217
0.001394208580912725 0.004 -0.003184698831278217
0.001394208580912725 0.006 -0.003184698831278217
0.001394208580912725 0.008 -0.003184698831278217
0.001394208580912725 0.01 -0.003184698831278217
0.001653812871369088 0.002 -0.003902048246917326
0.001653812871369088 0.004 -0.003902048246917326
0.001653812871369088 0.006 -0.003902048246917326
0.001653812871369088 0.008 -0.003902048246917326
0.001653812871369088 0.01 -0.003902048246917326
-0.001134604290456362 0.001 -0.002467349415639109
-0.001004802145228181 0.002 -0.002108674707819554
-0.001665493883469773 0.002 -0.002331866446061147
-0.001004802145228181 0.001 -0.002108674707819554
-0.001665493883469773 0.001 -0.002331866446061147
-0.001488996941734886 0.002 -0.002040933223030573
-0.001488996941734887 0.001 -0.002040933223030573
-0.001134604290456362 0.003 -0.002467349415639109
-0.001004802145228181 0.004 -0.002108674707819554
-0.001665493883469773 0.004 -0.002331866446061147
-0.001004802145228181 0.003 -0.002108674707819554
-0.001665493883469773 0.003 -0.002331866446061147
-0.001488996941734886 0.004 -0.002040933223030573
-0.001488996941734887 0.003 -0.002040933223030573
-0.001134604290456362 0.005 -0.002467349415639109
-0.001004802145228181 0.006 -0.002108674707819554
-0.001665493883469773 0.006 -0.002331866446061147
-0.001004802145228181 0.005 -0.002108674707819554
-0.001665493883469773 0.005 -0.002331866446061147
-0.001488996941734886 0.006 -0.002040933223030573
-0.001488996941734887 0.005000000000000001 -0.002040933223030573
-0.001134604290456362 0.007 -0.002467349415639109
-0.001004802145228181 0.008 -0.002108674707819554
-0.001665493883469773 0.008 -0.002331866446061147
-0.001004802145228181 0.007 -0.002108674707819554
-0.001665493883469773 0.007 -0.002331866446061147
-0.001488996941734886 0.008 -0.002040933223030573
-0.001488996941734887 0.007000000000000002 -0.002040933223030573
-0.001134604290456362 0.009000000000000001 -0.002467349415639109
-0.001004802145228181 0.01 -0.002108674707819554
-0.001665493883469773 0.01 -0.002331866446061147
-0.001004802145228181 0.009000000000000001 -0.002108674707819554
-0.001665493883469773 0.009000000000000001 -0.002331866446061147
-0.001488996941734886 0.01 -0.002040933223030573
-0.001488996941734887 0.009000000000000001 -0.002040933223030573
-0.001134604290456362 0.011 -0.002467349415639109
-0.001004802145228181 0.011 -0.002108674707819554
-0.001665493883469773 0.011 -0.002331866446061147
-0.001488996941734887 0.011 -0.002040933223030573
-0.001394208580912723 0.001 -0.003184698831278218
-0.001264406435684542 0.002 -0.002826024123458663
-0.002018487766939546 0.002 -0.002913732892122293
-0.001264406435684542 0.001 -0.002826024123458664
-0.002018487766939546 0.001 -0.002913732892122294
-0.001841990825204659 0.002 -0.00262279966909172
-0.00184199082520466 0.001 -0.00262279966909172
-0.001394208580912723 0.003 -0.003184698831278218
-0.001264406435684542 0.004 -0.002826024123458663
-0.002018487766939546 0.004 -0.002913732892122293
-0.001264406435684542 0.003 -0.002826024123458663
-0.002018487766939546 0.003 -0.002913732892122293
-0.001841990825204659 0.004 -0.00262279966909172
-0.001841990825204659 0.003 -0.00262279966909172
-0.001394208580912723 0.005 -0.003184698831278218
-0.001264406435684542 0.006 -0.002826024123458663
-0.002018487766939546 0.006 -0.002913732892122293
-0.001264406435684542 0.005 -0.002826024123458663
-0.002018487766939546 0.005 -0.002913732892122293
-0.001841990825204659 0.006 -0.00262279966909172
-0.001841990825204659 0.005000000000000001 -0.00262279966909172
-0.001394208580912723 0.007 -0.003184698831278218
-0.001264406435684542 0.008 -0.002826024123458663
-0.002018487766939546 0.008 -0.002913732892122293
-0.001264406435684542 0.007 -0.002826024123458663
-0.002018487766939546 0.007 -0.002913732892122293
-0.001841990825204659 0.008 -0.00262279966909172
-0.001841990825204659 0.007000000000000001 -0.00262279966909172
-0.001394208580912723 0.009000000000000001 -0.003184698831278218
-0.001264406435684542 0.01 -0.002826024123458663
-0.002018487766939546 0.01 -0.002913732892122293
-0.001264406435684542 0.009000000000000001 -0.002826024123458663
-0.002018487766939546 0.009000000000000001 -0.002913732892122293
-0.001841990825204659 0.01 -0.00262279966909172
-0.001841990825204659 0.009000000000000001 -0.00262279966909172
-0.001394208580912723 0.011 -0.003184698831278218
-0.001264406435684542 0.011 -0.002826024123458663
-0.002018487766939546 0.011 -0.002913732892122294
-0.001841990825204659 0.011 -0.00262279966909172
-0.001653812871369084 0.001 -0.003902048246917327
-0.001524010726140903 0.002 -0.003543373539097773
-0.002371481650409318 0.002 -0.00349559933818344
-0.001524010726140903 0.001 -0.003543373539097773
-0.002371481650409319 0.001 -0.00349559933818344
-0.002194984708674432 0.002 -0.003204666115152867
-0.002194984708674432 0.001 -0.003204666115152867
-0.001653812871369084 0.003 -0.003902048246917327
-0.001524010726140903 0.004 -0.003543373539097773
-0.002371481650409318 0.004 -0.00349559933818344
-0.001524010726140903 0.003 -0.003543373539097773
-0.002371481650409318 0.003 -0.00349559933818344
-0.002194984708674432 0.004 -0.003204666115152867
-0.002194984708674432 0.003 -0.003204666115152867
-0.001653812871369084 0.005 -0.003902048246917327
-0.001524010726140903 0.006 -0.003543373539097773
-0.002371481650409318 0.006 -0.00349559933818344
-0.001524010726140903 0.005 -0.003543373539097773
-0.002371481650409318 0.005 -0.00349559933818344
-0.002194984708674432 0.006 -0.003204666115152867
-0.002194984708674432 0.005000000000000001 -0.003204666115152867
-0.001653812871369084 0.007 -0.003902048246917327
-0.001524010726140903 0.008 -0.003543373539097773
-0.002371481650409318 0.008 -0.00349559933818344
-0.001524010726140903 0.007 -0.003543373539097773
-0.002371481650409318 0.007 -0.00349559933818344
-0.002194984708674432 0.008 -0.003204666115152867
-0.002194984708674432 0.007000000000000001 -0.003204666115152867
-0.001653812871369084 0.009000000000000001 -0.003902048246917327
-0.001524010726140903 0.01 -0.003543373539097773
-0.002371481650409318 0.01 -0.00349559933818344
-0.001524010726140903 0.009000000000000001 -0.003543373539097773
-0.002371481650409318 0.009000000000000001 -0.00349559933818344
-0.002194984708674432 0.01 -0.003204666115152867
-0.002194984708674432 0.009000000000000001 -0.003204666115152867
-0.001653812871369084 0.011 -0.003902048246917327
-0.001524010726140903 0.011 -0.003543373539097773
-0.002371481650409319 0.011 -0.00349559933818344
-0.002194984708674432 0.011 -0.003204666115152867
-0.001783615016597264 0.002 -0.004260722954736881
-0.001783615016597264 0.001 -0.004260722954736881
-0.002574666407753665 0.002 -0.003826473699848084
-0.002574666407753665 0.001 -0.003826473699848084
-0.001783615016597264 0.004 -0.004260722954736881
-0.001783615016597264 0.003 -0.004260722954736881
-0.002574666407753665 0.004 -0.003826473699848084
-0.002574666407753665 0.003 -0.003826473699848084
-0.001783615016597264 0.006 -0.004260722954736881
-0.001783615016597264 0.005 -0.004260722954736881
-0.002574666407753665 0.006 -0.003826473699848084
-0.002574666407753665 0.005000000000000001 -0.003826473699848084
-0.001783615016597264 0.008 -0.004260722954736881
-0.001783615016597264 0.007 -0.004260722954736881
-0.002574666407753665 0.008 -0.003826473699848084
-0.002574666407753665 0.007000000000000001 -0.003826473699848084
-0.001783615016597264 0.01 -0.004260722954736881
-0.001783615016597264 0.009000000000000001 -0.004260722954736881
-0.002574666407753665 0.01 -0.003826473699848084
-0.002574666407753665 0.009000000000000001 -0.003826473699848084
-0.001783615016597264 0.011 -0.004260722954736881
-0.002574666407753665 0.011 -0.003826473699848084
6.654626103042168e-19 0.001 -0.002562500000000001
3.327313051521084e-19 0.002 -0.00215625
-0.0005673021452281805 0.002 -0.002514924707819555
3.25854964716727e-19 0.001 -0.00215625
-0.0005673021452281806 0.001 -0.002514924707819555
-0.0005024010726140902 0.002 -0.002132462353909777
-0.0005024010726140903 0.001 -0.002132462353909777
6.654626103042168e-19 0.003 -0.002562500000000001
3.327313051521084e-19 0.004 -0.00215625
-0.0005673021452281805 0.004 -0.002514924707819555
3.327313051521084e-19 0.003 -0.00215625
-0.0005673021452281806 0.003 -0.002514924707819555
-0.0005024010726140902 0.004 -0.002132462353909777
-0.0005024010726140903 0.003 -0.002132462353909777
6.654626103042168e-19 0.005 -0.002562500000000001
3.327313051521084e-19 0.006 -0.00215625
-0.0005673021452281805 0.006 -0.002514924707819555
3.327313051521084e-19 0.005 -0.00215625
-0.0005673021452281806 0.005 -0.002514924707819555
-0.0005024010726140902 0.006 -0.002132462353909777
-0.0005024010726140903 0.005000000000000001 -0.002132462353909777
6.654626103042168e-19 0.007 -0.002562500000000001
3.327313051521084e-19 0.008 -0.00215625
-0.0005673021452281805 0.008 -0.002514924707819555
3.327313051521084e-19 0.007 -0.00215625
-0.0005673021452281806 0.007 -0.002514924707819555
-0.0005024010726140902 0.008 -0.002132462353909777
-0.0005024010726140903 0.007000000000000002 -0.002132462353909777
6.654626103042168e-19 0.009000000000000001 -0.002562500000000001
3.327313051521084e-19 0.01 -0.00215625
-0.0005673021452281805 0.01 -0.002514924707819555
3.327313051521084e-19 0.009000000000000001 -0.00215625
-0.0005673021452281806 0.009000000000000001 -0.002514924707819555
-0.0005024010726140902 0.01 -0.002132462353909777
-0.0005024010726140903 0.009000000000000001 -0.002132462353909777
6.654626103042168e-19 0.011 -0.002562500000000001
3.25854964716727e-19 0.011 -0.00215625
-0.0005673021452281806 0.011 -0.002514924707819555
-0.0005024010726140903 0.011 -0.002132462353909777
1.358430582349959e-18 0.001 -0.003375
1.011946596327088e-18 0.002 -0.00296875
-0.0006971042904563606 0.002 -0.00327984941563911
1.011946596327088e-18 0.001 -0.00296875
-0.0006971042904563606 0.001 -0.00327984941563911
-0.0006322032178422706 0.002 -0.002897387061729332
-0.0006322032178422706 0.001 -0.002897387061729332
1.358430582349959e-18 0.003 -0.003375
1.011946596327088e-18 0.004 -0.00296875
-0.0006971042904563606 0.004 -0.00327984941563911
1.011946596327088e-18 0.003 -0.00296875
-0.0006971042904563606 0.003 -0.00327984941563911
-0.0006322032178422706 0.004 -0.002897387061729332
-0.0006322032178422707 0.003 -0.002897387061729331
1.358430582349959e-18 0.005 -0.003375
1.011946596327088e-18 0.006 -0.00296875
-0.0006971042904563606 0.006 -0.00327984941563911
1.011946596327088e-18 0.005 -0.00296875
-0.0006971042904563606 0.005 -0.00327984941563911
-0.0006322032178422706 0.006 -0.002897387061729332
-0.0006322032178422707 0.005000000000000001 -0.002897387061729331
1.358430582349959e-18 0.007 -0.003375
1.011946596327088e-18 0.008 -0.00296875
-0.0006971042904563606 0.008 -0.00327984941563911
1.011946596327088e-18 0.007 -0.00296875
-0.0006971042904563606 0.007 -0.00327984941563911
-0.0006322032178422706 0.008 -0.002897387061729332
-0.0006322032178422707 0.007 -0.002897387061729331
1.358430582349959e-18 0.009000000000000001 -0.003375
1.011946596327088e-18 0.01 -0.00296875
-0.0006971042904563606 0.01 -0.00327984941563911
1.011946596327088e-18 0.009000000000000001 -0.00296875
-0.0006971042904563606 0.009000000000000001 -0.00327984941563911
-0.0006322032178422706 0.01 -0.002897387061729332
-0.0006322032178422707 0.009000000000000001 -0.002897387061729331
1.358430582349959e-18 0.011 -0.003375
1.011946596327088e-18 0.011 -0.00296875
-0.0006971042904563606 0.011 -0.00327984941563911
-0.0006322032178422707 0.011 -0.002897387061729331
2.430869314765628e-18 0.001 -0.004187500000000001
1.894649948557794e-18 0.002 -0.003781250000000001
-0.0008269064356845408 0.002 -0.004044774123458664
1.894649948557794e-18 0.001 -0.003781250000000001
-0.0008269064356845407 0.001 -0.004044774123458664
-0.0007620053630704507 0.002 -0.003662311769548887
-0.0007620053630704506 0.001 -0.003662311769548887
2.430869314765628e-18 0.003 -0.004187500000000001
1.894649948557794e-18 0.004 -0.003781250000000001
-0.0008269064356845408 0.004 -0.004044774123458664
1.894649948557794e-18 0.003 -0.003781250000000001
-0.0008269064356845408 0.003 -0.004044774123458664
-0.0007620053630704507 0.004 -0.003662311769548887
-0.0007620053630704507 0.003 -0.003662311769548887
2.430869314765628e-18 0.005 -0.004187500000000001
1.894649948557794e-18 0.006 -0.003781250000000001
-0.0008269064356845408 0.006 -0.004044774123458664
1.894649948557794e-18 0.005 -0.003781250000000001
-0.0008269064356845408 0.005 -0.004044774123458664
-0.0007620053630704507 0.006 -0.003662311769548887
-0.0007620053630704507 0.005000000000000001 -0.003662311769548887
2.430869314765628e-18 0.007 -0.004187500000000001
1.894649948557794e-18 0.008 -0.003781250000000001
-0.0008269064356845408 0.008 -0.004044774123458664
1.894649948557794e-18 0.007 -0.003781250000000001
-0.0008269064356845408 0.007 -0.004044774123458664
-0.0007620053630704507 0.008 -0.003662311769548887
-0.0007620053630704507 0.007 -0.003662311769548887
2.430869314765628e-18 0.009000000000000001 -0.004187500000000001
1.894649948557794e-18 0.01 -0.003781250000000001
-0.0008269064356845408 0.01 -0.004044774123458664
1.894649948557794e-18 0.009000000000000001 -0.003781250000000001
-0.0008269064356845408 0.009000000000000001 -0.004044774123458664
-0.0007620053630704507 0.01 -0.003662311769548887
-0.0007620053630704507 0.009000000000000001 -0.003662311769548887
2.430869314765628e-18 0.011 -0.004187500000000001
1.894649948557794e-18 0.011 -0.003781250000000001
-0.0008269064356845407 0.011 -0.004044774123458664
-0.0007620053630704507 0.011 -0.003662311769548887
3.129719006846288e-18 0.002 -0.004593750000000001
3.129719006846288e-18 0.001 -0.004593750000000001
-0.0009011790228825896 0.002 -0.004474350262737408
-0.0009011790228825897 0.001 -0.004474350262737409
3.129719006846288e-18 0.004 -0.004593750000000001
3.129719006846288e-18 0.003 -0.004593750000000001
-0.0009011790228825896 0.004 -0.004474350262737408
-0.0009011790228825898 0.003 -0.004474350262737409
3.129719006846288e-18 0.006 -0.004593750000000001
3.129719006846288e-18 0.005 -0.004593750000000001
-0.0009011790228825896 0.006 -0.004474350262737408
-0.0009011790228825898 0.005000000000000001 -0.004474350262737409
3.129719006846288e-18 0.008 -0.004593750000000001
3.129719006846288e-18 0.007 -0.004593750000000001
-0.0009011790228825896 0.008 -0.004474350262737408
-0.0009011790228825898 0.007000000000000001 -0.004474350262737409
3.129719006846288e-18 0.01 -0.004593750000000001
3.129719006846288e-18 0.009000000000000001 -0.004593750000000001
-0.0009011790228825896 0.01 -0.004474350262737408
-0.0009011790228825898 0.009000000000000001 -0.004474350262737409
3.129719006846288e-18 0.011 -0.004593750000000001
-0.0009011790228825897 0.011 -0.004474350262737409
0.001134604290456362 0.001 -0.002467349415639108
0.001004802145228181 0.002 -0.002108674707819554
0.0005673021452281815 0.002 -0.002514924707819555
0.001004802145228181 0.001 -0.002108674707819554
0.0005673021452281815 0.001 -0.002514924707819554
0.0005024010726140907 0.002 -0.002132462353909777
0.0005024010726140909 0.001 -0.002132462353909777
0.001134604290456362 0.003 -0.002467349415639108
0.001004802145228181 0.004 -0.002108674707819554
0.0005673021452281815 0.004 -0.002514924707819555
0.001004802145228181 0.003 -0.002108674707819554
0.0005673021452281815 0.003 -0.002514924707819555
0.0005024010726140907 0.004 -0.002132462353909777
0.0005024010726140907 0.003 -0.002132462353909777
0.001134604290456362 0.005 -0.002467349415639108
0.001004802145228181 0.006 -0.002108674707819554
0.0005673021452281815 0.006 -0.002514924707819555
0.001004802145228181 0.005 -0.002108674707819554
0.0005673021452281815 0.005 -0.002514924707819555
0.0005024010726140907 0.006 -0.002132462353909777
0.0005024010726140907 0.005000000000000001 -0.002132462353909777
0.001134604290456362 0.007 -0.002467349415639108
0.001004802145228181 0.008 -0.002108674707819554
0.0005673021452281815 0.008 -0.002514924707819555
0.001004802145228181 0.007 -0.002108674707819554
0.0005673021452281815 0.007 -0.002514924707819555
0.0005024010726140907 0.008 -0.002132462353909777
0.0005024010726140907 0.007000000000000002 -0.002132462353909777
0.001134604290456362 0.009000000000000001 -0.002467349415639108
0.001004802145228181 0.01 -0.002108674707819554
0.0005673021452281815 0.01 -0.002514924707819555
0.001004802145228181 0.009000000000000001 -0.002108674707819554
0.0005673021452281815 0.009000000000000001 -0.002514924707819555
0.0005024010726140907 0.01 -0.002132462353909777
0.0005024010726140907 0.009000000000000001 -0.002132462353909777
0.001134604290456362 0.011 -0.002467349415639108
0.001004802145228181 0.011 -0.002108674707819554
0.0005673021452281815 0.011 -0.002514924707819555
0.0005024010726140909 0.011 -0.002132462353909777
0.001394208580912725 0.001 -0.003184698831278217
0.001264406435684544 0.002 -0.002826024123458662
0.0006971042904563631 0.002 -0.003279849415639109
0.001264406435684544 0.001 -0.002826024123458662
0.0006971042904563632 0.001 -0.003279849415639109
0.0006322032178422723 0.002 -0.002897387061729332
0.0006322032178422725 0.001 -0.002897387061729331
0.001394208580912725 0.003 -0.003184698831278217
0.001264406435684544 0.004 -0.002826024123458662
0.0006971042904563631 0.004 -0.003279849415639109
0.001264406435684544 0.003 -0.002826024123458662
0.0006971042904563632 0.003 -0.003279849415639109
0.0006322032178422723 0.004 -0.002897387061729332
0.0006322032178422727 0.003 -0.002897387061729332
0.001394208580912725 0.005 -0.003184698831278217
0.001264406435684544 0.006 -0.002826024123458662
0.0006971042904563631 0.006 -0.003279849415639109
0.001264406435684544 0.005 -0.002826024123458662
0.0006971042904563632 0.005 -0.003279849415639109
0.0006322032178422723 0.006 -0.002897387061729332
0.0006322032178422727 0.005000000000000001 -0.002897387061729332
0.001394208580912725 0.007 -0.003184698831278217
0.001264406435684544 0.008 -0.002826024123458662
0.0006971042904563631 0.008 -0.003279849415639109
0.001264406435684544 0.007 -0.002826024123458662
0.0006971042904563632 0.007 -0.003279849415639109
0.0006322032178422723 0.008 -0.002897387061729332
0.0006322032178422727 0.007 -0.002897387061729332
0.001394208580912725 0.009000000000000001 -0.003184698831278217
0.001264406435684544 0.01 -0.002826024123458662
0.0006971042904563631 0.01 -0.003279849415639109
0.001264406435684544 0.009000000000000001 -0.002826024123458662
0.0006971042904563632 0.009000000000000001 -0.003279849415639109
0.0006322032178422723 0.01 -0.002897387061729332
0.0006322032178422727 0.009000000000000001 -0.002897387061729332
0.001394208580912725 0.011 -0.003184698831278217
0.001264406435684544 0.011 -0.002826024123458662
0.0006971042904563632 0.011 -0.003279849415639109
0.0006322032178422726 0.011 -0.002897387061729332
0.001653812871369088 0.001 -0.003902048246917326
0.001524010726140906 0.002 -0.003543373539097771
0.0008269064356845451 0.002 -0.004044774123458664
0.001524010726140906 0.001 -0.003543373539097771
0.0008269064356845451 0.001 -0.004044774123458664
0.000762005363070454 0.002 -0.003662311769548886
0.0007620053630704542 0.001 -0.003662311769548885
0.001653812871369088 0.003 -0.003902048246917326
0.001524010726140906 0.004 -0.003543373539097771
0.0008269064356845451 0.004 -0.004044774123458664
0.001524010726140906 0.003 -0.003543373539097771
0.0008269064356845451 0.003 -0.004044774123458664
0.000762005363070454 0.004 -0.003662311769548886
0.000762005363070454 0.003 -0.003662311769548885
0.001653812871369088 0.005 -0.003902048246917326
0.001524010726140906 0.006 -0.003543373539097771
0.0008269064356845451 0.006 -0.004044774123458664
0.001524010726140906 0.005 -0.003543373539097771
0.0008269064356845451 0.005 -0.004044774123458664
0.000762005363070454 0.006 -0.003662311769548886
0.000762005363070454 0.005000000000000001 -0.003662311769548885
0.001653812871369088 0.007 -0.003902048246917326
0.001524010726140906 0.008 -0.003543373539097771
0.0008269064356845451 0.008 -0.004044774123458664
0.001524010726140906 0.007 -0.003543373539097771
0.0008269064356845451 0.007 -0.004044774123458664
0.000762005363070454 0.008 -0.003662311769548886
0.000762005363070454 0.007 -0.003662311769548885
0.001653812871369088 0.009000000000000001 -0.003902048246917326
0.001524010726140906 0.01 -0.003543373539097771
0.0008269064356845451 0.01 -0.004044774123458664
0.001524010726140906 0.009000000000000001 -0.003543373539097771
0.0008269064356845451 0.009000000000000001 -0.004044774123458664
0.000762005363070454 0.01 -0.003662311769548886
0.000762005363070454 0.009000000000000001 -0.003662311769548885
0.001653812871369088 0.011 -0.003902048246917326
0.001524010726140906 0.011 -0.003543373539097771
0.0008269064356845451 0.011 -0.004044774123458664
0.0007620053630704542 0.011 -0.003662311769548885
0.00178361501659727 0.002 -0.004260722954736879
0.00178361501659727 0.001 -0.004260722954736879
0.0009011790228825944 0.002 -0.004474350262737408
0.0009011790228825951 0.001 -0.004474350262737407
0.00178361501659727 0.004 -0.004260722954736879
0.00178361501659727 0.003 -0.004260722954736879
0.0009011790228825944 0.004 -0.004474350262737408
0.0009011790228825943 0.003 -0.004474350262737407
0.00178361501659727 0.006 -0.004260722954736879
0.00178361501659727 0.005 -0.004260722954736879
0.0009011790228825944 0.006 -0.004474350262737408
0.0009011790228825943 0.005000000000000001 -0.004474350262737407
0.00178361501659727 0.008 -0.004260722954736879
0.00178361501659727 0.007 -0.004260722954736879
0.0009011790228825944 0.008 -0.004474350262737408
0.0009011790228825943 0.007000000000000001 -0.004474350262737407
0.00178361501659727 0.01 -0.004260722954736879
0.00178361501659727 0.009000000000000001 -0.004260722954736879
0.0009011790228825944 0.01 -0.004474350262737408
0.0009011790228825943 0.009000000000000001 -0.004474350262737407
0.00178361501659727 0.011 -0.004260722954736879
0.0009011790228825948 0.011 -0.004474350262737407
0.001665493883469773 0.002 -0.002331866446061147
0.001665493883469773 0.001 -0.002331866446061147
0.001488996941734886 0.002 -0.002040933223030573
0.001488996941734887 0.001 -0.002040933223030573
0.001665493883469773 0.004 -0.002331866446061147
0.001665493883469773 0.003 -0.002331866446061147
0.001488996941734886 0.004 -0.002040933223030573
0.001488996941734886 0.003 -0.002040933223030573
0.001665493883469773 0.006 -0.002331866446061147
0.001665493883469773 0.005 -0.002331866446061147
0.001488996941734886 0.006 -0.002040933223030573
0.001488996941734886 0.005000000000000001 -0.002040933223030573
0.001665493883469773 0.008 -0.002331866446061147
0.001665493883469773 0.007 -0.002331866446061147
0.001488996941734886 0.008 -0.002040933223030573
0.001488996941734886 0.007000000000000002 -0.002040933223030573
0.001665493883469773 0.01 -0.002331866446061147
0.001665493883469773 0.009000000000000001 -0.002331866446061147
0.001488996941734886 0.01 -0.002040933223030573
0.001488996941734886 0.009000000000000001 -0.002040933223030573
0.001665493883469773 0.011 -0.002331866446061147
0.001488996941734887 0.011 -0.002040933223030573
0.002018487766939547 0.002 -0.002913732892122293
0.002018487766939546 0.001 -0.002913732892122293
0.00184199082520466 0.002 -0.002622799669091719
0.001841990825204659 0.001 -0.00262279966909172
0.002018487766939547 0.004 -0.002913732892122293
0.002018487766939547 0.003 -0.002913732892122293
0.00184199082520466 0.004 -0.002622799669091719
0.00184199082520466 0.003 -0.00262279966909172
0.002018487766939547 0.006 -0.002913732892122293
0.002018487766939547 0.005 -0.002913732892122293
0.00184199082520466 0.006 -0.002622799669091719
0.00184199082520466 0.005000000000000001 -0.00262279966909172
0.002018487766939547 0.008 -0.002913732892122293
0.002018487766939547 0.007 -0.002913732892122293
0.00184199082520466 0.008 -0.002622799669091719
0.00184199082520466 0.007 -0.00262279966909172
0.002018487766939547 0.01 -0.002913732892122293
0.002018487766939547 0.009000000000000001 -0.002913732892122293
0.00184199082520466 0.01 -0.002622799669091719
0.00184199082520466 0.009000000000000001 -0.00262279966909172
0.002018487766939546 0.011 -0.002913732892122293
0.00184199082520466 0.011 -0.00262279966909172
0.00237148165040932 0.002 -0.003495599338183439
0.002371481650409321 0.001 -0.003495599338183439
0.002194984708674433 0.002 -0.003204666115152867
0.002194984708674433 0.001 -0.003204666115152867
0.00237148165040932 0.004 -0.003495599338183439
0.00237148165040932 0.003 -0.003495599338183439
0.002194984708674433 0.004 -0.003204666115152867
0.002194984708674433 0.003 -0.003204666115152867
0.00237148165040932 0.006 -0.003495599338183439
0.00237148165040932 0.005 -0.003495599338183439
0.002194984708674433 0.006 -0.003204666115152867
0.002194984708674433 0.005000000000000001 -0.003204666115152867
0.00237148165040932 0.008 -0.003495599338183439
0.00237148165040932 0.007 -0.003495599338183439
0.002194984708674433 0.008 -0.003204666115152867
0.002194984708674433 0.007 -0.003204666115152867
0.00237148165040932 0.01 -0.003495599338183439
0.00237148165040932 0.009000000000000001 -0.003495599338183439
0.002194984708674433 0.01 -0.003204666115152867
0.002194984708674433 0.009000000000000001 -0.003204666115152867
0.002371481650409321 0.011 -0.003495599338183439
0.002194984708674433 0.011 -0.003204666115152867
0.002574666407753666 0.002 -0.003826473699848083
0.002574666407753667 0.001 -0.003826473699848082
0.002574666407753666 0.004 -0.003826473699848083
0.002574666407753667 0.003 -0.003826473699848082
0.002574666407753666 0.006 -0.003826473699848083
0.002574666407753667 0.005000000000000001 -0.003826473699848082
0.002574666407753666 0.008 -0.003826473699848083
0.002574666407753667 0.007000000000000001 -0.003826473699848082
0.002574666407753666 0.01 -0.003826473699848083
0.002574666407753667 0.009000000000000001 -0.003826473699848082
0.002574666407753667 0.011 -0.003826473699848082
3 3 0 539
2765
2766
2767
2768
2769
2770
2771
2772
2773
2774
2775
2776
2777
2778
2779
2780
2781
2782
2783
2784
2785
2786
2787
2788
2789
2790
2791
2792
2793
2794
2795
2796
2797
2798
2799
2800
2801
2802
2803
2804
2805
2806
2807
2808
2809
2810
2811
2812
2813
2814
2815
2816
2817
2818
2819
2820
2821
2822
2823
2824
2825
2826
2827
2828
2829
2830
2831
2832
2833
2834
2835
2836
2837
2838
2839
2840
2841
2842
2843
2844
2845
2846
2847
2848
2849
2850
2851
2852
2853
2854
2855
2856
2857
2858
2859
2860
2861
2862
2863
2864
2865
2866
2867
2868
2869
2870
2871
2872
2873
2874
2875
2876
2877
2878
2879
2880
2881
2882
2883
2884
2885
2886
2887
2888
2889
2890
2891
2892
2893
2894
2895
2896
2897
2898
2899
2900
2901
2902
2903
2904
2905
2906
2907
2908
2909
2910
2911
2912
2913
2914
2915
2916
2917
2918
2919
2920
2921
2922
2923
2924
2925
2926
2927
2928
2929
2930
2931
2932
2933
2934
2935
2936
2937
2938
2939
2940
2941
2942
2943
2944
2945
2946
2947
2948
2949
2950
2951
2952
2953
2954
2955
2956
2957
2958
2959
2960
2961
2962
2963
2964
2965
2966
2967
2968
2969
2970
2971
2972
2973
2974
2975
2976
2977
2978
2979
2980
2981
2982
2983
2984
2985
2986
2987
2988
2989
2990
2991
2992
2993
2994
2995
2996
2997
2998
2999
3000
3001
3002
3003
3004
3005
3006
3007
3008
3009
3010
3011
3012
3013
3014
3015
3016
3017
3018
3019
3020
3021
3022
3023
3024
3025
3026
3027
3028
3029
3030
3031
3032
3033
3034
3035
3036
3037
3038
3039
3040
3041
3042
3043
3044
3045
3046
3047
3048
3049
3050
3051
3052
3053
3054
3055
3056
3057
3058
3059
3060
3061
3062
3063
3064
3065
3066
3067
3068
3069
3070
3071
3072
3073
3074
3075
3076
3077
3078
3079
3080
3081
3082
3083
3084
3085
3086
3087
3088
3089
3090
3091
3092
3093
3094
3095
3096
3097
3098
3099
3100
3101
3102
3103
3104
3105
3106
3107
3108
3109
3110
3111
3112
3113
3114
3115
3116
3117
3118
3119
3120
3121
3122
3123
3124
3125
3126
3127
3128
3129
3130
3131
3132
3133
3134
3135
3136
3137
3138
3139
3140
3141
3142
3143
3144
3145
3146
3147
3148
3149
3150
3151
3152
3153
3154
3155
3156
3157
3158
3159
3160
3161
3162
3163
3164
3165
3166
3167
3168
3169
3170
3171
3172
3173
3174
3175
3176
3177
3178
3179
3180
3181
3182
3183
3184
3185
3186
3187
3188
3189
3190
3191
3192
3193
3194
3195
3196
3197
3198
3199
3200
3201
3202
3203
3204
3205
3206
3207
3208
3209
3210
3211
3212
3213
3214
3215
3216
3217
3218
3219
3220
3221
3222
3223
3224
3225
3226
3227
3228
3229
3230
3231
3232
3233
3234
3235
3236
3237
3238
3239
3240
3241
3242
3243
3244
3245
3246
3247
3248
3249
3250
3251
3252
3253
3254
3255
3256
3257
3258
3259
3260
3261
3262
3263
3264
3265
3266
3267
3268
3269
3270
3271
3272
3273
3274
3275
3276
3277
3278
3279
3280
3281
3282
3283
3284
3285
3286
3287
3288
3289
3290
3291
3292
3293
3294
3295
3296
3297
3298
3299
3300
3301
3302
3303
0.002467349415639108 0.002 -0.001134604290456363
0.002467349415639108 0.004 -0.001134604290456363
0.002467349415639108 0.006 -0.001134604290456363
0.002467349415639108 0.008 -0.001134604290456363
0.002467349415639108 0.01 -0.001134604290456363
0.003184698831278216 0.002 -0.001394208580912726
0.003184698831278216 0.004 -0.001394208580912726
0.003184698831278216 0.006 -0.001394208580912726
0.003184698831278216 0.008 -0.001394208580912726
0.003184698831278216 0.01 -0.001394208580912726
0.003902048246917324 0.002 -0.001653812871369088
0.003902048246917324 0.004 -0.001653812871369088
0.003902048246917324 0.006 -0.001653812871369088
0.003902048246917324 0.008 -0.001653812871369088
0.003902048246917324 0.01 -0.001653812871369088
0.0025625 0.002 -1.922017098749189e-19
0.0025625 0.004 -1.922017098749189e-19
0.0025625 0.006 -1.922017098749189e-19
0.0025625 0.008 -1.922017098749189e-19
0.0025625 0.01 -1.922017098749189e-19
0.003375 0.002 -2.897358833720503e-19
0.003375 0.004 -2.897358833720503e-19
0.003375 0.006 -2.897358833720503e-19
0.003375 0.008 -2.897358833720503e-19
0.003375 0.01 -2.897358833720503e-19
0.0041875 0.002 1.548310293735706e-19
0.0041875 0.004 1.548310293735706e-19
0.0041875 0.006 1.548310293735706e-19
0.0041875 0.008 1.548310293735706e-19
0.0041875 0.01 1.548310293735706e-19
0.002467349415639108 0.002 0.001134604290456361
0.002467349415639108 0.004 0.001134604290456361
0.002467349415639108 0.006 0.001134604290456361
0.002467349415639108 0.008 0.001134604290456361
0.002467349415639108 0.01 0.001134604290456361
0.003184698831278217 0.002 0.001394208580912723
0.003184698831278217 0.004 0.001394208580912723
0.003184698831278217 0.006 0.001394208580912723
0.003184698831278217 0.008 0.001394208580912723
0.003184698831278217 0.01 0.001394208580912723
0.003902048246917326 0.002 0.001653812871369085
0.003902048246917326 0.004 0.001653812871369085
0.003902048246917326 0.006 0.001653812871369085
0.003902048246917326 0.008 0.001653812871369085
0.003902048246917326 0.01 0.001653812871369085
0.002467349415639108 0.001 -0.001134604290456363
0.002108674707819554 0.002 -0.001004802145228181
0.002331866446061146 0.002 -0.001665493883469774
0.002108674707819554 0.001 -0.001004802145228181
0.002331866446061146 0.001 -0.001665493883469774
0.002040933223030573 0.002 -0.001488996941734887
0.002040933223030573 0.001 -0.001488996941734886
0.002467349415639108 0.003 -0.001134604290456363
0.002108674707819554 0.004 -0.001004802145228181
0.002331866446061146 0.004 -0.001665493883469774
0.002108674707819554 0.003 -0.001004802145228181
0.002331866446061146 0.003 -0.001665493883469774
0.002040933223030573 0.004 -0.001488996941734887
0.002040933223030573 0.003 -0.001488996941734886
0.002467349415639108 0.005 -0.001134604290456363
0.002108674707819554 0.006 -0.001004802145228181
0.002331866446061146 0.006 -0.001665493883469774
0.002108674707819554 0.005 -0.001004802145228181
0.002331866446061146 0.005 -0.001665493883469774
0.002040933223030573 0.006 -0.001488996941734887
0.002040933223030573 0.005000000000000001 -0.001488996941734886
0.002467349415639108 0.007 -0.001134604290456363
0.002108674707819554 0.008 -0.001004802145228181
0.002331866446061146 0.008 -0.001665493883469774
0.002108674707819554 0.007 -0.001004802145228181
0.002331866446061146 0.007 -0.001665493883469774
0.002040933223030573 0.008 -0.001488996941734887
0.002040933223030573 0.007000000000000002 -0.001488996941734886
0.002467349415639108 0.009000000000000001 -0.001134604290456363
0.002108674707819554 0.01 -0.001004802145228181
0.002331866446061146 0.01 -0.001665493883469774
0.002108674707819554 0.009000000000000001 -0.001004802145228181
0.002331866446061146 0.009000000000000001 -0.001665493883469774
0.002040933223030573 0.01 -0.001488996941734887
0.002040933223030573 0.009000000000000001 -0.001488996941734886
0.002467349415639108 0.011 -0.001134604290456363
0.002108674707819554 0.011 -0.001004802145228181
0.002331866446061146 0.011 -0.001665493883469774
0.002040933223030574 0.011 -0.001488996941734886
0.003184698831278216 0.001 -0.001394208580912726
0.002826024123458662 0.002 -0.001264406435684544
0.002913732892122292 0.002 -0.002018487766939547
0.002826024123458662 0.001 -0.001264406435684544
0.002913732892122292 0.001 -0.002018487766939547
0.002622799669091719 0.002 -0.00184199082520466
0.002622799669091719 0.001 -0.00184199082520466
0.003184698831278216 0.003 -0.001394208580912726
0.002826024123458662 0.004 -0.001264406435684544
0.002913732892122292 0.004 -0.002018487766939547
0.002826024123458662 0.003 -0.001264406435684544
0.002913732892122292 0.003 -0.002018487766939547
0.002622799669091719 0.004 -0.00184199082520466
0.002622799669091719 0.003 -0.001841990825204659
0.003184698831278216 0.005 -0.001394208580912726
0.002826024123458662 0.006 -0.001264406435684544
0.002913732892122292 0.006 -0.002018487766939547
0.002826024123458662 0.005 -0.001264406435684544
0.002913732892122292 0.005 -0.002018487766939547
0.002622799669091719 0.006 -0.00184199082520466
0.002622799669091719 0.005000000000000001 -0.001841990825204659
0.003184698831278216 0.007 -0.001394208580912726
0.002826024123458662 0.008 -0.001264406435684544
0.002913732892122292 0.008 -0.002018487766939547
0.002826024123458662 0.007 -0.001264406435684544
0.002913732892122292 0.007 -0.002018487766939547
0.002622799669091719 0.008 -0.00184199082520466
0.002622799669091719 0.007 -0.001841990825204659
0.003184698831278216 0.009000000000000001 -0.001394208580912726
0.002826024123458662 0.01 -0.001264406435684544
0.002913732892122292 0.01 -0.002018487766939547
0.002826024123458662 0.009000000000000001 -0.001264406435684544
0.002913732892122292 0.009000000000000001 -0.002018487766939547
0.002622799669091719 0.01 -0.00184199082520466
0.002622799669091719 0.009000000000000001 -0.001841990825204659
0.003184698831278216 0.011 -0.001394208580912726
0.002826024123458662 0.011 -0.001264406435684544
0.002913732892122292 0.011 -0.002018487766939547
0.00262279966909172 0.011 -0.00184199082520466
0.003902048246917324 0.001 -0.001653812871369088
0.00354337353909777 0.002 -0.001524010726140907
0.003495599338183439 0.002 -0.002371481650409321
0.00354337353909777 0.001 -0.001524010726140907
0.003495599338183438 0.001 -0.002371481650409321
0.003204666115152866 0.002 -0.002194984708674434
0.003204666115152867 0.001 -0.002194984708674434
0.003902048246917324 0.003 -0.001653812871369088
0.00354337353909777 0.004 -0.001524010726140907
0.003495599338183439 0.004 -0.002371481650409321
0.00354337353909777 0.003 -0.001524010726140907
0.003495599338183438 0.003 -0.002371481650409321
0.003204666115152866 0.004 -0.002194984708674434
0.003204666115152867 0.003 -0.002194984708674434
0.003902048246917324 0.005 -0.001653812871369088
0.00354337353909777 0.006 -0.001524010726140907
0.003495599338183439 0.006 -0.002371481650409321
0.00354337353909777 0.005 -0.001524010726140907
0.003495599338183438 0.005 -0.002371481650409321
0.003204666115152866 0.006 -0.002194984708674434
0.003204666115152867 0.005000000000000001 -0.002194984708674434
0.003902048246917324 0.007 -0.001653812871369088
0.00354337353909777 0.008 -0.001524010726140907
0.003495599338183439 0.008 -0.002371481650409321
0.00354337353909777 0.007 -0.001524010726140907
0.003495599338183438 0.007 -0.002371481650409321
0.003204666115152866 0.008 -0.002194984708674434
0.003204666115152867 0.007 -0.002194984708674434
0.003902048246917324 0.009000000000000001 -0.001653812871369088
0.00354337353909777 0.01 -0.001524010726140907
0.003495599338183439 0.01 -0.002371481650409321
0.00354337353909777 0.009000000000000001 -0.001524010726140907
0.003495599338183438 0.009000000000000001 -0.002371481650409321
0.003204666115152866 0.01 -0.002194984708674434
0.003204666115152867 0.009000000000000001 -0.002194984708674434
0.003902048246917324 0.011 -0.001653812871369088
0.00354337353909777 0.011 -0.001524010726140907
0.003495599338183438 0.011 -0.002371481650409321
0.003204666115152867 0.011 -0.002194984708674434
0.004260722954736878 0.002 -0.00178361501659727
0.004260722954736878 0.001 -0.00178361501659727
0.003826473699848082 0.002 -0.002574666407753666
0.003826473699848081 0.001 -0.002574666407753666
0.004260722954736878 0.004 -0.00178361501659727
0.004260722954736878 0.003 -0.00178361501659727
0.003826473699848082 0.004 -0.002574666407753666
0.003826473699848081 0.003 -0.002574666407753666
0.004260722954736878 0.006 -0.00178361501659727
0.004260722954736878 0.005 -0.00178361501659727
0.003826473699848082 0.006 -0.002574666407753666
0.003826473699848081 0.005000000000000001 -0.002574666407753666
0.004260722954736878 0.008 -0.00178361501659727
0.004260722954736878 0.007 -0.00178361501659727
0.003826473699848082 0.008 -0.002574666407753666
0.003826473699848081 0.007000000000000001 -0.002574666407753666
0.004260722954736878 0.01 -0.00178361501659727
0.004260722954736878 0.009000000000000001 -0.00178361501659727
0.003826473699848082 0.01 -0.002574666407753666
0.003826473699848081 0.009000000000000001 -0.002574666407753666
0.004260722954736878 0.011 -0.00178361501659727
0.003826473699848081 0.011 -0.002574666407753666
0.0025625 0.001 -1.922017098749189e-19
0.00215625 0.002 -9.610085493745947e-20
0.002514924707819554 0.002 -0.0005673021452281815
0.00215625 0.001 -1.197677390319064e-19
0.002514924707819554 0.001 -0.0005673021452281816
0.002132462353909777 0.002 -0.0005024010726140907
0.002132462353909776 0.001 -0.0005024010726140909
0.0025625 0.003 -1.922017098749189e-19
0.00215625 0.004 -9.610085493745947e-20
0.002514924707819554 0.004 -0.0005673021452281815
0.00215625 0.003 -9.610085493745947e-20
0.002514924707819554 0.003 -0.0005673021452281815
0.002132462353909777 0.004 -0.0005024010726140907
0.002132462353909776 0.003 -0.0005024010726140907
0.0025625 0.005 -1.922017098749189e-19
0.00215625 0.006 -9.610085493745947e-20
0.002514924707819554 0.006 -0.0005673021452281815
0.00215625 0.005 -9.610085493745947e-20
0.002514924707819554 0.005 -0.0005673021452281815
0.002132462353909777 0.006 -0.0005024010726140907
0.002132462353909776 0.005000000000000001 -0.0005024010726140907
0.0025625 0.007 -1.922017098749189e-19
0.00215625 0.008 -9.610085493745947e-20
0.002514924707819554 0.008 -0.0005673021452281815
0.00215625 0.007 -9.610085493745947e-20
0.002514924707819554 0.007 -0.0005673021452281815
0.002132462353909777 0.008 -0.0005024010726140907
0.002132462353909776 0.007000000000000002 -0.0005024010726140907
0.0025625 0.009000000000000001 -1.922017098749189e-19
0.00215625 0.01 -9.610085493745947e-20
0.002514924707819554 0.01 -0.0005673021452281815
0.00215625 0.009000000000000001 -9.610085493745947e-20
0.002514924707819554 0.009000000000000001 -0.0005673021452281815
0.002132462353909777 0.01 -0.0005024010726140907
0.002132462353909776 0.009000000000000001 -0.0005024010726140907
0.0025625 0.011 -1.922017098749189e-19
0.00215625 0.011 -1.197677390319064e-19
0.002514924707819554 0.011 -0.0005673021452281816
0.002132462353909776 0.011 -0.0005024010726140909
0.003375 0.001 -2.897358833720503e-19
0.00296875 0.002 -2.409687966234846e-19
0.003279849415639108 0.002 -0.000697104290456363
0.00296875 0.001 -2.409687966234846e-19
0.003279849415639108 0.001 -0.0006971042904563629
0.002897387061729331 0.002 -0.0006322032178422722
0.002897387061729331 0.001 -0.0006322032178422722
0.003375 0.003 -2.897358833720503e-19
0.00296875 0.004 -2.409687966234846e-19
0.003279849415639108 0.004 -0.000697104290456363
0.00296875 0.003 -2.409687966234846e-19
0.003279849415639108 0.003 -0.0006971042904563629
0.002897387061729331 0.004 -0.0006322032178422722
0.002897387061729331 0.003 -0.0006322032178422722
0.003375 0.005 -2.897358833720503e-19
0.00296875 0.006 -2.409687966234846e-19
0.003279849415639108 0.006 -0.000697104290456363
0.00296875 0.005 -2.409687966234846e-19
0.003279849415639108 0.005 -0.0006971042904563629
0.002897387061729331 0.006 -0.0006322032178422722
0.002897387061729331 0.005000000000000001 -0.0006322032178422722
0.003375 0.007 -2.897358833720503e-19
0.00296875 0.008 -2.409687966234846e-19
0.003279849415639108 0.008 -0.000697104290456363
0.00296875 0.007 -2.409687966234846e-19
0.003279849415639108 0.007 -0.0006971042904563629
0.002897387061729331 0.008 -0.0006322032178422722
0.002897387061729331 0.007 -0.0006322032178422722
0.003375 0.009000000000000001 -2.897358833720503e-19
0.00296875 0.01 -2.409687966234846e-19
0.003279849415639108 0.01 -0.000697104290456363
0.00296875 0.009000000000000001 -2.409687966234846e-19
0.003279849415639108 0.009000000000000001 -0.0006971042904563629
0.002897387061729331 0.01 -0.0006322032178422722
0.002897387061729331 0.009000000000000001 -0.0006322032178422722
0.003375 0.011 -2.897358833720503e-19
0.00296875 0.011 -2.409687966234846e-19
0.003279849415639108 0.011 -0.0006971042904563629
0.002897387061729331 0.011 -0.0006322032178422723
0.0041875 0.001 1.548310293735706e-19
0.00378125 0.002 -6.745242699923988e-20
0.004044774123458663 0.002 -0.0008269064356845439
0.00378125 0.001 -6.745242699923988e-20
0.004044774123458662 0.001 -0.000826906435684544
0.003662311769548885 0.002 -0.0007620053630704535
0.003662311769548884 0.001 -0.0007620053630704536
0.0041875 0.003 1.548310293735706e-19
0.00378125 0.004 -6.745242699923988e-20
0.004044774123458663 0.004 -0.0008269064356845439
0.00378125 0.003 -6.745242699923988e-20
0.004044774123458663 0.003 -0.0008269064356845439
0.003662311769548885 0.004 -0.0007620053630704535
0.003662311769548885 0.003 -0.0007620053630704535
0.0041875 0.005 1.548310293735706e-19
0.00378125 0.006 -6.745242699923988e-20
0.004044774123458663 0.006 -0.0008269064356845439
0.00378125 0.005 -6.745242699923988e-20
0.004044774123458663 0.005 -0.0008269064356845439
0.003662311769548885 0.006 -0.0007620053630704535
0.003662311769548885 0.005000000000000001 -0.0007620053630704535
0.0041875 0.007 1.548310293735706e-19
0.00378125 0.008 -6.745242699923988e-20
0.004044774123458663 0.008 -0.0008269064356845439
0.00378125 0.007 -6.745242699923988e-20
0.004044774123458663 0.007 -0.0008269064356845439
0.003662311769548885 0.008 -0.0007620053630704535
0.003662311769548885 0.007 -0.0007620053630704535
0.0041875 0.009000000000000001 1.548310293735706e-19
0.00378125 0.01 -6.745242699923988e-20
0.004044774123458663 0.01 -0.0008269064356845439
0.00378125 0.009000000000000001 -6.745242699923988e-20
0.004044774123458663 0.009000000000000001 -0.0008269064356845439
0.003662311769548885 0.01 -0.0007620053630704535
0.003662311769548885 0.009000000000000001 -0.0007620053630704535
0.0041875 0.011 1.548310293735706e-19
0.00378125 0.011 -6.745242699923988e-20
0.004044774123458663 0.011 -0.000826906435684544
0.003662311769548885 0.011 -0.0007620053630704536
0.00459375 0.002 -3.818270349934721e-19
0.00459375 0.001 -3.818270349934721e-19
0.004474350262737407 0.002 -0.0009011790228825935
0.004474350262737407 0.001 -0.000901179022882594
0.00459375 0.004 -3.818270349934721e-19
0.00459375 0.003 -3.818270349934721e-19
0.004474350262737407 0.004 -0.0009011790228825935
0.004474350262737408 0.003 -0.0009011790228825938
0.00459375 0.006 -3.818270349934721e-19
0.00459375 0.005 -3.818270349934721e-19
0.004474350262737407 0.006 -0.0009011790228825935
0.004474350262737408 0.005000000000000001 -0.0009011790228825938
0.00459375 0.008 -3.818270349934721e-19
0.00459375 0.007 -3.818270349934721e-19
0.004474350262737407 0.008 -0.0009011790228825935
0.004474350262737408 0.007000000000000001 -0.0009011790228825938
0.00459375 0.01 -3.818270349934721e-19
0.00459375 0.009000000000000001 -3.818270349934721e-19
0.004474350262737407 0.01 -0.0009011790228825935
0.004474350262737408 0.009000000000000001 -0.0009011790228825938
0.00459375 0.011 -3.818270349934721e-19
0.004474350262737408 0.011 -0.000901179022882594
0.002467349415639108 0.001 0.001134604290456361
0.002108674707819554 0.002 0.001004802145228181
0.002514924707819554 0.002 0.0005673021452281806
0.002108674707819554 0.001 0.001004802145228181
0.002514924707819554 0.001 0.0005673021452281806
0.002132462353909776 0.002 0.0005024010726140903
0.002132462353909777 0.001 0.0005024010726140903
0.002467349415639108 0.003 0.001134604290456361
0.002108674707819554 0.004 0.001004802145228181
0.002514924707819554 0.004 0.0005673021452281806
0.002108674707819554 0.003 0.001004802145228181
0.002514924707819554 0.003 0.0005673021452281806
0.002132462353909776 0.004 0.0005024010726140903
0.002132462353909776 0.003 0.0005024010726140903
0.002467349415639108 0.005 0.001134604290456361
0.002108674707819554 0.006 0.001004802145228181
0.002514924707819554 0.006 0.0005673021452281806
0.002108674707819554 0.005 0.001004802145228181
0.002514924707819554 0.005 0.0005673021452281806
0.002132462353909776 0.006 0.0005024010726140903
0.002132462353909776 0.005000000000000001 0.0005024010726140903
0.002467349415639108 0.007 0.001134604290456361
0.002108674707819554 0.008 0.001004802145228181
0.002514924707819554 0.008 0.0005673021452281806
0.002108674707819554 0.007 0.001004802145228181
0.002514924707819554 0.007 0.0005673021452281806
0.002132462353909776 0.008 0.0005024010726140903
0.002132462353909776 0.007000000000000002 0.0005024010726140903
0.002467349415639108 0.009000000000000001 0.001134604290456361
0.002108674707819554 0.01 0.001004802145228181
0.002514924707819554 0.01 0.0005673021452281806
0.002108674707819554 0.009000000000000001 0.001004802145228181
0.002514924707819554 0.009000000000000001 0.0005673021452281806
0.002132462353909776 0.01 0.0005024010726140903
0.002132462353909776 0.009000000000000001 0.0005024010726140903
0.002467349415639108 0.011 0.001134604290456361
0.002108674707819554 0.011 0.001004802145228181
0.002514924707819554 0.011 0.0005673021452281806
0.002132462353909777 0.011 0.0005024010726140903
0.003184698831278217 0.001 0.001394208580912723
0.002826024123458662 0.002 0.001264406435684542
0.003279849415639108 0.002 0.0006971042904563615
0.002826024123458662 0.001 0.001264406435684542
0.003279849415639109 0.001 0.0006971042904563614
0.002897387061729331 0.002 0.000632203217842271
0.002897387061729331 0.001 0.000632203217842271
0.003184698831278217 0.003 0.001394208580912723
0.002826024123458662 0.004 0.001264406435684542
0.003279849415639108 0.004 0.0006971042904563615
0.002826024123458662 0.003 0.001264406435684542
0.003279849415639109 0.003 0.0006971042904563615
0.002897387061729331 0.004 0.000632203217842271
0.002897387061729331 0.003 0.0006322032178422714
0.003184698831278217 0.005 0.001394208580912723
0.002826024123458662 0.006 0.001264406435684542
0.003279849415639108 0.006 0.0006971042904563615
0.002826024123458662 0.005 0.001264406435684542
0.003279849415639109 0.005 0.0006971042904563615
0.002897387061729331 0.006 0.000632203217842271
0.002897387061729331 0.005000000000000001 0.0006322032178422714
0.003184698831278217 0.007 0.001394208580912723
0.002826024123458662 0.008 0.001264406435684542
0.003279849415639108 0.008 0.0006971042904563615
0.002826024123458662 0.007 0.001264406435684542
0.003279849415639109 0.007 0.0006971042904563615
0.002897387061729331 0.008 0.000632203217842271
0.002897387061729331 0.007 0.0006322032178422714
0.003184698831278217 0.009000000000000001 0.001394208580912723
0.002826024123458662 0.01 0.001264406435684542
0.003279849415639108 0.01 0.0006971042904563615
0.002826024123458662 0.009000000000000001 0.001264406435684542
0.003279849415639109 0.009000000000000001 0.0006971042904563615
0.002897387061729331 0.01 0.000632203217842271
0.002897387061729331 0.009000000000000001 0.0006322032178422714
0.003184698831278217 0.011 0.001394208580912723
0.002826024123458662 0.011 0.001264406435684542
0.003279849415639109 0.011 0.0006971042904563614
0.002897387061729331 0.011 0.0006322032178422712
0.003902048246917326 0.001 0.001653812871369085
0.003543373539097771 0.002 0.001524010726140904
0.004044774123458663 0.002 0.0008269064356845426
0.003543373539097771 0.001 0.001524010726140904
0.004044774123458663 0.001 0.0008269064356845425
0.003662311769548886 0.002 0.000762005363070452
0.003662311769548885 0.001 0.0007620053630704518
0.003902048246917326 0.003 0.001653812871369085
0.003543373539097771 0.004 0.001524010726140904
0.004044774123458663 0.004 0.0008269064356845426
0.003543373539097771 0.003 0.001524010726140904
0.004044774123458663 0.003 0.0008269064356845426
0.003662311769548886 0.004 0.000762005363070452
0.003662311769548885 0.003 0.0007620053630704519
0.003902048246917326 0.005 0.001653812871369085
0.003543373539097771 0.006 0.001524010726140904
0.004044774123458663 0.006 0.0008269064356845426
0.003543373539097771 0.005 0.001524010726140904
0.004044774123458663 0.005 0.0008269064356845426
0.003662311769548886 0.006 0.000762005363070452
0.003662311769548885 0.005000000000000001 0.0007620053630704519
0.003902048246917326 0.007 0.001653812871369085
0.003543373539097771 0.008 0.001524010726140904
0.004044774123458663 0.008 0.0008269064356845426
0.003543373539097771 0.007 0.001524010726140904
0.004044774123458663 0.007 0.0008269064356845426
0.003662311769548886 0.008 0.000762005363070452
0.003662311769548885 0.007 0.0007620053630704519
0.003902048246917326 0.009000000000000001 0.001653812871369085
0.003543373539097771 0.01 0.001524010726140904
0.004044774123458663 0.01 0.0008269064356845426
0.003543373539097771 0.009000000000000001 0.001524010726140904
0.004044774123458663 0.009000000000000001 0.0008269064356845426
0.003662311769548886 0.01 0.000762005363070452
0.003662311769548885 0.009000000000000001 0.0007620053630704519
0.003902048246917326 0.011 0.001653812871369085
0.003543373539097771 0.011 0.001524010726140904
0.004044774123458663 0.011 0.0008269064356845425
0.003662311769548885 0.011 0.0007620053630704517
0.00426072295473688 0.002 0.001783615016597265
0.00426072295473688 0.001 0.001783615016597265
0.004474350262737408 0.002 0.0009011790228825897
0.004474350262737407 0.001 0.0009011790228825895
0.00426072295473688 0.004 0.001783615016597265
0.00426072295473688 0.003 0.001783615016597265
0.004474350262737408 0.004 0.0009011790228825897
0.004474350262737408 0.003 0.0009011790228825895
0.00426072295473688 0.006 0.001783615016597265
0.00426072295473688 0.005 0.001783615016597265
0.004474350262737408 0.006 0.0009011790228825897
0.004474350262737408 0.005000000000000001 0.0009011790228825895
0.00426072295473688 0.008 0.001783615016597265
0.00426072295473688 0.007 0.001783615016597265
0.004474350262737408 0.008 0.0009011790228825897
0.004474350262737408 0.007000000000000001 0.0009011790228825895
0.00426072295473688 0.01 0.001783615016597265
0.00426072295473688 0.009000000000000001 0.001783615016597265
0.004474350262737408 0.01 0.0009011790228825897
0.004474350262737408 0.009000000000000001 0.0009011790228825895
0.00426072295473688 0.011 0.001783615016597265
0.004474350262737408 0.011 0.0009011790228825896
0.002331866446061147 0.002 0.001665493883469773
0.002331866446061147 0.001 0.001665493883469773
0.002040933223030573 0.002 0.001488996941734886
0.002040933223030573 0.001 0.001488996941734886
0.002331866446061147 0.004 0.001665493883469773
0.002331866446061147 0.003 0.001665493883469773
0.002040933223030573 0.004 0.001488996941734886
0.002040933223030573 0.003 0.001488996941734886
0.002331866446061147 0.006 0.001665493883469773
0.002331866446061147 0.005 0.001665493883469773
0.002040933223030573 0.006 0.001488996941734886
0.002040933223030573 0.005000000000000001 0.001488996941734886
0.002331866446061147 0.008 0.001665493883469773
0.002331866446061147 0.007 0.001665493883469773
0.002040933223030573 0.008 0.001488996941734886
0.002040933223030573 0.007000000000000002 0.001488996941734886
0.002331866446061147 0.01 0.001665493883469773
0.002331866446061147 0.009000000000000001 0.001665493883469773
0.002040933223030573 0.01 0.001488996941734886
0.002040933223030573 0.009000000000000001 0.001488996941734886
0.002331866446061147 0.011 0.001665493883469773
0.002040933223030573 0.011 0.001488996941734886
0.002913732892122293 0.002 0.002018487766939546
0.002913732892122293 0.001 0.002018487766939546
0.002622799669091719 0.002 0.001841990825204659
0.00262279966909172 0.001 0.001841990825204659
0.002913732892122293 0.004 0.002018487766939546
0.002913732892122293 0.003 0.002018487766939546
0.002622799669091719 0.004 0.001841990825204659
0.00262279966909172 0.003 0.00184199082520466
0.002913732892122293 0.006 0.002018487766939546
0.002913732892122293 0.005 0.002018487766939546
0.002622799669091719 0.006 0.001841990825204659
0.00262279966909172 0.005000000000000001 0.00184199082520466
0.002913732892122293 0.008 0.002018487766939546
0.002913732892122293 0.007 0.002018487766939546
0.002622799669091719 0.008 0.001841990825204659
0.00262279966909172 0.007 0.00184199082520466
0.002913732892122293 0.01 0.002018487766939546
0.002913732892122293 0.009000000000000001 0.002018487766939546
0.002622799669091719 0.01 0.001841990825204659
0.00262279966909172 0.009000000000000001 0.00184199082520466
0.002913732892122293 0.011 0.002018487766939546
0.00262279966909172 0.011 0.001841990825204659
0.003495599338183439 0.002 0.002371481650409319
0.003495599338183439 0.001 0.002371481650409319
0.003204666115152867 0.002 0.002194984708674432
0.003204666115152867 0.001 0.002194984708674433
0.003495599338183439 0.004 0.002371481650409319
0.003495599338183439 0.003 0.002371481650409319
0.003204666115152867 0.004 0.002194984708674432
0.003204666115152867 0.003 0.002194984708674433
0.003495599338183439 0.006 0.002371481650409319
0.003495599338183439 0.005 0.002371481650409319
0.003204666115152867 0.006 0.002194984708674432
0.003204666115152867 0.005000000000000001 0.002194984708674433
0.003495599338183439 0.008 0.002371481650409319
0.003495599338183439 0.007 0.002371481650409319
0.003204666115152867 0.008 0.002194984708674432
0.003204666115152867 0.007 0.002194984708674433
0.003495599338183439 0.01 0.002371481650409319
0.003495599338183439 0.009000000000000001 0.002371481650409319
0.003204666115152867 0.01 0.002194984708674432
0.003204666115152867 0.009000000000000001 0.002194984708674433
0.00349559933818344 0.011 0.002371481650409319
0.003204666115152866 0.011 0.002194984708674433
0.003826473699848083 0.002 0.002574666407753663
0.003826473699848083 0.001 0.002574666407753664
0.003826473699848083 0.004 0.002574666407753663
0.003826473699848083 0.003 0.002574666407753664
0.003826473699848083 0.006 0.002574666407753663
0.003826473699848083 0.005000000000000001 0.002574666407753664
0.003826473699848083 0.008 0.002574666407753663
0.003826473699848083 0.007000000000000001 0.002574666407753664
0.003826473699848083 0.01 0.002574666407753663
0.003826473699848083 0.009000000000000001 0.002574666407753664
0.003826473699848082 0.011 0.002574666407753664
3 4 0 539
3304
3305
3306
3307
3308
3309
3310
3311
3312
3313
3314
3315
3316
3317
3318
3319
3320
3321
3322
3323
3324
3325
3326
3327
3328
3329
3330
3331
3332
3333
3334
3335
3336
3337
3338
3339
3340
3341
3342
3343
3344
3345
3346
3347
3348
3349
3350
3351
3352
3353
3354
3355
3356
3357
3358
3359
3360
3361
3362
3363
3364
3365
3366
3367
3368
3369
3370
3371
3372
3373
3374
3375
3376
3377
3378
3379
3380
3381
3382
3383
3384
3385
3386
3387
3388
3389
3390
3391
3392
3393
3394
3395
3396
3397
3398
3399
3400
3401
3402
3403
3404
3405
3406
3407
3408
3409
3410
3411
3412
3413
3414
3415
3416
3417
3418
3419
3420
3421
3422
3423
3424
3425
3426
3427
3428
3429
3430
3431
3432
3433
3434
3435
3436
3437
3438
3439
3440
3441
3442
3443
3444
3445
3446
3447
3448
3449
3450
3451
3452
3453
3454
3455
3456
3457
3458
3459
3460
3461
3462
3463
3464
3465
3466
3467
3468
3469
3470
3471
3472
3473
3474
3475
3476
3477
3478
3479
3480
3481
3482
3483
3484
3485
3486
3487
3488
3489
3490
3491
3492
3493
3494
3495
3496
3497
3498
3499
3500
3501
3502
3503
3504
3505
3506
3507
3508
3509
3510
3511
3512
3513
3514
3515
3516
3517
3518
3519
3520
3521
3522
3523
3524
3525
3526
3527
3528
3529
3530
3531
3532
3533
3534
3535
3536
3537
3538
3539
3540
3541
3542
3543
3544
3545
3546
3547
3548
3549
3550
3551
3552
3553
3554
3555
3556
3557
3558
3559
3560
3561
3562
3563
3564
3565
3566
3567
3568
3569
3570
3571
3572
3573
3574
3575
3576
3577
3578
3579
3580
3581
3582
3583
3584
3585
3586
3587
3588
3589
3590
3591
3592
3593
3594
3595
3596
3597
3598
3599
3600
3601
3602
3603
3604
3605
3606
3607
3608
3609
3610
3611
3612
3613
3614
3615
3616
3617
3618
3619
3620
3621
3622
3623
3624
3625
3626
3627
3628
3629
3630
3631
3632
3633
3634
3635
3636
3637
3638
3639
3640
3641
3642
3643
3644
3645
3646
3647
3648
3649
3650
3651
3652
3653
3654
3655
3656
3657
3658
3659
3660
3661
3662
3663
3664
3665
3666
3667
3668
3669
3670
3671
3672
3673
3674
3675
3676
3677
3678
3679
3680
3681
3682
3683
3684
3685
3686
3687
3688
3689
3690
3691
3692
3693
3694
3695
3696
3697
3698
3699
3700
3701
3702
3703
3704
3705
3706
3707
3708
3709
3710
3711
3712
3713
3714
3715
3716
3717
3718
3719
3720
3721
3722
3723
3724
3725
3726
3727
3728
3729
3730
3731
3732
3733
3734
3735
3736
3737
3738
3739
3740
3741
3742
3743
3744
3745
3746
3747
3748
3749
3750
3751
3752
3753
3754
3755
3756
3757
3758
3759
3760
3761
3762
3763
3764
3765
3766
3767
3768
3769
3770
3771
3772
3773
3774
3775
3776
3777
3778
3779
3780
3781
3782
3783
3784
3785
3786
3787
3788
3789
3790
3791
3792
3793
3794
3795
3796
3797
3798
3799
3800
3801
3802
3803
3804
3805
3806
3807
3808
3809
3810
3811
3812
3813
3814
3815
3816
3817
3818
3819
3820
3821
3822
3823
3824
3825
3826
3827
3828
3829
3830
3831
3832
3833
3834
3835
3836
3837
3838
3839
3840
3841
3842
0.001134604290456363 0.002 0.002467349415639108
0.001134604290456363 0.004 0.002467349415639108
0.001134604290456363 0.006 0.002467349415639108
0.001134604290456363 0.008 0.002467349415639108
0.001134604290456363 0.01 0.002467349415639108
0.001394208580912726 0.002 0.003184698831278216
0.001394208580912726 0.004 0.003184698831278216
0.001394208580912726 0.006 0.003184698831278216
0.001394208580912726 0.008 0.003184698831278216
0.001394208580912726 0.01 0.003184698831278216
0.001653812871369088 0.002 0.003902048246917324
0.001653812871369088 0.004 0.003902048246917324
0.001653812871369088 0.006 0.003902048246917324
0.001653812871369088 0.008 0.003902048246917324
0.001653812871369088 0.01 0.003902048246917324
2.687421348216285e-19 0.002 0.0025625
2.687421348216285e-19 0.004 0.0025625
2.687421348216285e-19 0.006 0.0025625
2.687421348216285e-19 0.008 0.0025625
2.687421348216285e-19 0.01 0.0025625
4.428167332654695e-19 0.002 0.003375
4.428167332654695e-19 0.004 0.003375
4.428167332654695e-19 0.006 0.003375
4.428167332654695e-19 0.008 0.003375
4.428167332654695e-19 0.01 0.003375
7.479024546655805e-20 0.002 0.0041875
7.479024546655805e-20 0.004 0.0041875
7.479024546655805e-20 0.006 0.0041875
7.479024546655805e-20 0.008 0.0041875
7.479024546655805e-20 0.01 0.0041875
-0.001134604290456361 0.002 0.002467349415639109
-0.001134604290456361 0.004 0.002467349415639109
-0.001134604290456361 0.006 0.002467349415639109
-0.001134604290456361 0.008 0.002467349415639109
-0.001134604290456361 0.01 0.002467349415639109
-0.001394208580912723 0.002 0.003184698831278218
-0.001394208580912723 0.004 0.003184698831278218
-0.001394208580912723 0.006 0.003184698831278218
-0.001394208580912723 0.008 0.003184698831278218
-0.001394208580912723 0.01 0.003184698831278218
-0.001653812871369085 0.002 0.003902048246917326
-0.001653812871369085 0.004 0.003902048246917326
-0.001653812871369085 0.006 0.003902048246917326
-0.001653812871369085 0.008 0.003902048246917326
-0.001653812871369085 0.01 0.003902048246917326
0.001134604290456363 0.001 0.002467349415639108
0.001004802145228181 0.002 0.002108674707819554
0.001665493883469774 0.002 0.002331866446061146
0.001004802145228181 0.001 0.002108674707819554
0.001665493883469774 0.001 0.002331866446061146
0.001488996941734887 0.002 0.002040933223030573
0.001488996941734886 0.001 0.002040933223030573
0.001134604290456363 0.003 0.002467349415639108
0.001004802145228181 0.004 0.002108674707819554
0.001665493883469774 0.004 0.002331866446061146
0.001004802145228181 0.003 0.002108674707819554
0.001665493883469774 0.003 0.002331866446061146
0.001488996941734887 0.004 0.002040933223030573
0.001488996941734886 0.003 0.002040933223030573
0.001134604290456363 0.005 0.002467349415639108
0.001004802145228181 0.006 0.002108674707819554
0.001665493883469774 0.006 0.002331866446061146
0.001004802145228181 0.005 0.002108674707819554
0.001665493883469774 0.005 0.002331866446061146
0.001488996941734887 0.006 0.002040933223030573
0.001488996941734886 0.005000000000000001 0.002040933223030573
0.001134604290456363 0.007 0.002467349415639108
0.001004802145228181 0.008 0.002108674707819554
0.001665493883469774 0.008 0.002331866446061146
0.001004802145228181 0.007 0.002108674707819554
0.001665493883469774 0.007 0.002331866446061146
0.001488996941734887 0.008 0.002040933223030573
0.001488996941734886 0.007000000000000002 0.002040933223030573
0.001134604290456363 0.009000000000000001 0.002467349415639108
0.001004802145228181 0.01 0.002108674707819554
0.001665493883469774 0.01 0.002331866446061146
0.001004802145228181 0.009000000000000001 0.002108674707819554
0.001665493883469774 0.009000000000000001 0.002331866446061146
0.001488996941734887 0.01 0.002040933223030573
0.001488996941734886 0.009000000000000001 0.002040933223030573
0.001134604290456363 0.011 0.002467349415639108
0.001004802145228181 0.011 0.002108674707819554
0.001665493883469774 0.011 0.002331866446061146
0.001488996941734886 0.011 0.002040933223030574
0.001394208580912726 0.001 0.003184698831278216
0.001264406435684544 0.002 0.002826024123458662
0.002018487766939547 0.002 0.002913732892122292
0.001264406435684544 0.001 0.002826024123458662
0.002018487766939547 0.001 0.002913732892122292
0.00184199082520466 0.002 0.002622799669091719
0.00184199082520466 0.001 0.002622799669091719
0.001394208580912726 0.003 0.003184698831278216
0.001264406435684544 0.004 0.002826024123458662
0.002018487766939547 0.004 0.002913732892122292
0.001264406435684544 0.003 0.002826024123458662
0.002018487766939547 0.003 0.002913732892122292
0.00184199082520466 0.004 0.002622799669091719
0.001841990825204659 0.003 0.002622799669091719
0.001394208580912726 0.005 0.003184698831278216
0.001264406435684544 0.006 0.002826024123458662
0.002018487766939547 0.006 0.002913732892122292
0.001264406435684544 0.005 0.002826024123458662
0.002018487766939547 0.005 0.002913732892122292
0.00184199082520466 0.006 0.002622799669091719
0.001841990825204659 0.005000000000000001 0.002622799669091719
0.001394208580912726 0.007 0.003184698831278216
0.001264406435684544 0.008 0.002826024123458662
0.002018487766939547 0.008 0.002913732892122292
0.001264406435684544 0.007 0.002826024123458662
0.002018487766939547 0.007 0.002913732892122292
0.00184199082520466 0.008 0.002622799669091719
0.001841990825204659 0.007 0.002622799669091719
0.001394208580912726 0.009000000000000001 0.003184698831278216
0.001264406435684544 0.01 0.002826024123458662
0.002018487766939547 0.01 0.002913732892122292
0.001264406435684544 0.009000000000000001 0.002826024123458662
0.002018487766939547 0.009000000000000001 0.002913732892122292
0.00184199082520466 0.01 0.002622799669091719
0.001841990825204659 0.009000000000000001 0.002622799669091719
0.001394208580912726 0.011 0.003184698831278216
0.001264406435684544 0.011 0.002826024123458662
0.002018487766939547 0.011 0.002913732892122292
0.00184199082520466 0.011 0.00262279966909172
0.001653812871369088 0.001 0.003902048246917324
0.001524010726140907 0.002 0.00354337353909777
0.002371481650409321 0.002 0.003495599338183439
0.001524010726140907 0.001 0.00354337353909777
0.002371481650409321 0.001 0.003495599338183438
0.002194984708674434 0.002 0.003204666115152866
0.002194984708674434 0.001 0.003204666115152867
0.001653812871369088 0.003 0.003902048246917324
0.001524010726140907 0.004 0.00354337353909777
0.002371481650409321 0.004 0.003495599338183439
0.001524010726140907 0.003 0.00354337353909777
0.00237148165040932 0.003 0.003495599338183438
0.002194984708674434 0.004 0.003204666115152866
0.002194984708674434 0.003 0.003204666115152867
0.001653812871369088 0.005 0.003902048246917324
0.001524010726140907 0.006 0.00354337353909777
0.002371481650409321 0.006 0.003495599338183439
0.001524010726140907 0.005 0.00354337353909777
0.00237148165040932 0.005 0.003495599338183438
0.002194984708674434 0.006 0.003204666115152866
0.002194984708674434 0.005000000000000001 0.003204666115152867
0.001653812871369088 0.007 0.003902048246917324
0.001524010726140907 0.008 0.00354337353909777
0.002371481650409321 0.008 0.003495599338183439
0.001524010726140907 0.007 0.00354337353909777
0.00237148165040932 0.007 0.003495599338183438
0.002194984708674434 0.008 0.003204666115152866
0.002194984708674434 0.007 0.003204666115152867
0.001653812871369088 0.009000000000000001 0.003902048246917324
0.001524010726140907 0.01 0.00354337353909777
0.002371481650409321 0.01 0.003495599338183439
0.001524010726140907 0.009000000000000001 0.00354337353909777
0.00237148165040932 0.009000000000000001 0.003495599338183438
0.002194984708674434 0.01 0.003204666115152866
0.002194984708674434 0.009000000000000001 0.003204666115152867
0.001653812871369088 0.011 0.003902048246917324
0.001524010726140907 0.011 0.00354337353909777
0.002371481650409321 0.011 0.003495599338183438
0.002194984708674434 0.011 0.003204666115152867
0.00178361501659727 0.002 0.004260722954736878
0.00178361501659727 0.001 0.004260722954736878
0.002574666407753666 0.002 0.003826473699848082
0.002574666407753666 0.001 0.003826473699848081
0.00178361501659727 0.004 0.004260722954736878
0.00178361501659727 0.003 0.004260722954736878
0.002574666407753666 0.004 0.003826473699848082
0.002574666407753666 0.003 0.003826473699848081
0.00178361501659727 0.006 0.004260722954736878
0.00178361501659727 0.005 0.004260722954736878
0.002574666407753666 0.006 0.003826473699848082
0.002574666407753666 0.005000000000000001 0.003826473699848081
0.00178361501659727 0.008 0.004260722954736878
0.00178361501659727 0.007 0.004260722954736878
0.002574666407753666 0.008 0.003826473699848082
0.002574666407753666 0.007000000000000001 0.003826473699848081
0.00178361501659727 0.01 0.004260722954736878
0.00178361501659727 0.009000000000000001 0.004260722954736878
0.002574666407753666 0.01 0.003826473699848082
0.002574666407753666 0.009000000000000001 0.003826473699848081
0.00178361501659727 0.011 0.004260722954736878
0.002574666407753666 0.011 0.003826473699848081
2.687421348216285e-19 0.001 0.0025625
1.343710674108143e-19 0.002 0.00215625
0.0005673021452281815 0.002 0.002514924707819554
1.580379515052612e-19 0.001 0.00215625
0.0005673021452281814 0.001 0.002514924707819554
0.0005024010726140907 0.002 0.002132462353909777
0.0005024010726140908 0.001 0.002132462353909776
2.687421348216285e-19 0.003 0.0025625
1.343710674108143e-19 0.004 0.00215625
0.0005673021452281815 0.004 0.002514924707819554
1.343710674108143e-19 0.003 0.00215625
0.0005673021452281814 0.003 0.002514924707819554
0.0005024010726140907 0.004 0.002132462353909777
0.0005024010726140907 0.003 0.002132462353909776
2.687421348216285e-19 0.005 0.0025625
1.343710674108143e-19 0.006 0.00215625
0.0005673021452281815 0.006 0.002514924707819554
1.343710674108143e-19 0.005 0.00215625
0.0005673021452281814 0.005 0.002514924707819554
0.0005024010726140907 0.006 0.002132462353909777
0.0005024010726140907 0.005000000000000001 0.002132462353909776
2.687421348216285e-19 0.007 0.0025625
1.343710674108143e-19 0.008 0.00215625
0.0005673021452281815 0.008 0.002514924707819554
1.343710674108143e-19 0.007 0.00215625
0.0005673021452281814 0.007 0.002514924707819554
0.0005024010726140907 0.008 0.002132462353909777
0.0005024010726140907 0.007000000000000002 0.002132462353909776
2.687421348216285e-19 0.009000000000000001 0.0025625
1.343710674108143e-19 0.01 0.00215625
0.0005673021452281815 0.01 0.002514924707819554
1.343710674108143e-19 0.009000000000000001 0.00215625
0.0005673021452281814 0.009000000000000001 0.002514924707819554
0.0005024010726140907 0.01 0.002132462353909777
0.0005024010726140907 0.009000000000000001 0.002132462353909776
2.687421348216285e-19 0.011 0.0025625
1.580379515052612e-19 0.011 0.00215625
0.0005673021452281814 0.011 0.002514924707819554
0.0005024010726140907 0.011 0.002132462353909776
4.428167332654695e-19 0.001 0.003375
3.55779434043549e-19 0.002 0.00296875
0.0006971042904563631 0.002 0.003279849415639108
3.55779434043549e-19 0.001 0.00296875
0.0006971042904563631 0.001 0.003279849415639108
0.0006322032178422723 0.002 0.002897387061729331
0.0006322032178422725 0.001 0.002897387061729331
4.428167332654695e-19 0.003 0.003375
3.55779434043549e-19 0.004 0.00296875
0.0006971042904563631 0.004 0.003279849415639108
3.55779434043549e-19 0.003 0.00296875
0.0006971042904563631 0.003 0.003279849415639108
0.0006322032178422723 0.004 0.002897387061729331
0.0006322032178422725 0.003 0.002897387061729332
4.428167332654695e-19 0.005 0.003375
3.55779434043549e-19 0.006 0.00296875
0.0006971042904563631 0.006 0.003279849415639108
3.55779434043549e-19 0.005 0.00296875
0.0006971042904563631 0.005 0.003279849415639108
0.0006322032178422723 0.006 0.002897387061729331
0.0006322032178422725 0.005000000000000001 0.002897387061729332
4.428167332654695e-19 0.007 0.003375
3.55779434043549e-19 0.008 0.00296875
0.0006971042904563631 0.008 0.003279849415639108
3.55779434043549e-19 0.007 0.00296875
0.0006971042904563631 0.007 0.003279849415639108
0.0006322032178422723 0.008 0.002897387061729331
0.0006322032178422725 0.007 0.002897387061729332
4.428167332654695e-19 0.009000000000000001 0.003375
3.55779434043549e-19 0.01 0.00296875
0.0006971042904563631 0.01 0.003279849415639108
3.55779434043549e-19 0.009000000000000001 0.00296875
0.0006971042904563631 0.009000000000000001 0.003279849415639108
0.0006322032178422723 0.01 0.002897387061729331
0.0006322032178422725 0.009000000000000001 0.002897387061729332
4.428167332654695e-19 0.011 0.003375
3.55779434043549e-19 0.011 0.00296875
0.0006971042904563631 0.011 0.003279849415639108
0.0006322032178422725 0.011 0.002897387061729331
7.479024546655805e-20 0.001 0.0041875
2.588034893660138e-19 0.002 0.00378125
0.0008269064356845442 0.002 0.004044774123458663
2.588034893660138e-19 0.001 0.00378125
0.0008269064356845443 0.001 0.004044774123458663
0.0007620053630704536 0.002 0.003662311769548885
0.0007620053630704535 0.001 0.003662311769548885
7.479024546655805e-20 0.003 0.0041875
2.588034893660138e-19 0.004 0.00378125
0.0008269064356845442 0.004 0.004044774123458663
2.588034893660138e-19 0.003 0.00378125
0.0008269064356845442 0.003 0.004044774123458663
0.0007620053630704536 0.004 0.003662311769548885
0.0007620053630704538 0.003 0.003662311769548885
7.479024546655805e-20 0.005 0.0041875
2.588034893660138e-19 0.006 0.00378125
0.0008269064356845442 0.006 0.004044774123458663
2.588034893660138e-19 0.005 0.00378125
0.0008269064356845442 0.005 0.004044774123458663
0.0007620053630704536 0.006 0.003662311769548885
0.0007620053630704538 0.005000000000000001 0.003662311769548885
7.479024546655805e-20 0.007 0.0041875
2.588034893660138e-19 0.008 0.00378125
0.0008269064356845442 0.008 0.004044774123458663
2.588034893660138e-19 0.007 0.00378125
0.0008269064356845442 0.007 0.004044774123458663
0.0007620053630704536 0.008 0.003662311769548885
0.0007620053630704538 0.007 0.003662311769548885
7.479024546655805e-20 0.009000000000000001 0.0041875
2.588034893660138e-19 0.01 0.00378125
0.0008269064356845442 0.01 0.004044774123458663
2.588034893660138e-19 0.009000000000000001 0.00378125
0.0008269064356845442 0.009000000000000001 0.004044774123458663
0.0007620053630704536 0.01 0.003662311769548885
0.0007620053630704538 0.009000000000000001 0.003662311769548885
7.479024546655805e-20 0.011 0.0041875
2.588034893660138e-19 0.011 0.00378125
0.0008269064356845443 0.011 0.004044774123458663
0.0007620053630704538 0.011 0.003662311769548885
6.497185223069555e-19 0.002 0.00459375
2.870164571557268e-18 0.001 0.00459375
0.0009011790228825939 0.002 0.004474350262737407
0.0009011790228825949 0.001 0.004474350262737408
6.497185223069555e-19 0.004 0.00459375
2.870164571557268e-18 0.003 0.00459375
0.0009011790228825939 0.004 0.004474350262737407
0.0009011790228825949 0.003 0.004474350262737408
6.497185223069555e-19 0.006 0.00459375
2.870164571557268e-18 0.005 0.00459375
0.0009011790228825939 0.006 0.004474350262737407
0.0009011790228825949 0.005000000000000001 0.004474350262737408
6.497185223069555e-19 0.008 0.00459375
2.870164571557268e-18 0.007 0.00459375
0.0009011790228825939 0.008 0.004474350262737407
0.0009011790228825949 0.007000000000000001 0.004474350262737408
6.497185223069555e-19 0.01 0.00459375
2.870164571557268e-18 0.009000000000000001 0.00459375
0.0009011790228825939 0.01 0.004474350262737407
0.0009011790228825949 0.009000000000000001 0.004474350262737408
2.870164571557268e-18 0.011 0.00459375
0.000901179022882595 0.011 0.004474350262737408
-0.001134604290456361 0.001 0.002467349415639109
-0.001004802145228181 0.002 0.002108674707819554
-0.0005673021452281806 0.002 0.002514924707819554
-0.001004802145228181 0.001 0.002108674707819554
-0.0005673021452281806 0.001 0.002514924707819554
-0.0005024010726140903 0.002 0.002132462353909777
-0.0005024010726140903 0.001 0.002132462353909776
-0.001134604290456361 0.003 0.002467349415639109
-0.001004802145228181 0.004 0.002108674707819554
-0.0005673021452281806 0.004 0.002514924707819554
-0.001004802145228181 0.003 0.002108674707819554
-0.0005673021452281806 0.003 0.002514924707819554
-0.0005024010726140903 0.004 0.002132462353909777
-0.0005024010726140902 0.003 0.002132462353909776
-0.001134604290456361 0.005 0.002467349415639109
-0.001004802145228181 0.006 0.002108674707819554
-0.0005673021452281806 0.006 0.002514924707819554
-0.001004802145228181 0.005 0.002108674707819554
-0.0005673021452281806 0.005 0.002514924707819554
-0.0005024010726140903 0.006 0.002132462353909777
-0.0005024010726140902 0.005000000000000001 0.002132462353909776
-0.001134604290456361 0.007 0.002467349415639109
-0.001004802145228181 0.008 0.002108674707819554
-0.0005673021452281806 0.008 0.002514924707819554
-0.001004802145228181 0.007 0.002108674707819554
-0.0005673021452281806 0.007 0.002514924707819554
-0.0005024010726140903 0.008 0.002132462353909777
-0.0005024010726140902 0.007000000000000002 0.002132462353909776
-0.001134604290456361 0.009000000000000001 0.002467349415639109
-0.001004802145228181 0.01 0.002108674707819554
-0.0005673021452281806 0.01 0.002514924707819554
-0.001004802145228181 0.009000000000000001 0.002108674707819554
-0.0005673021452281806 0.009000000000000001 0.002514924707819554
-0.0005024010726140903 0.01 0.002132462353909777
-0.0005024010726140902 0.009000000000000001 0.002132462353909776
-0.001134604290456361 0.011 0.002467349415639109
-0.001004802145228181 0.011 0.002108674707819554
-0.0005673021452281806 0.011 0.002514924707819554
-0.0005024010726140903 0.011 0.002132462353909776
-0.001394208580912723 0.001 0.003184698831278218
-0.001264406435684542 0.002 0.002826024123458663
-0.0006971042904563614 0.002 0.003279849415639109
-0.001264406435684542 0.001 0.002826024123458663
-0.0006971042904563613 0.001 0.003279849415639109
-0.0006322032178422709 0.002 0.002897387061729332
-0.0006322032178422706 0.001 0.002897387061729332
-0.001394208580912723 0.003 0.003184698831278218
-0.001264406435684542 0.004 0.002826024123458663
-0.0006971042904563614 0.004 0.003279849415639109
-0.001264406435684542 0.003 0.002826024123458663
-0.0006971042904563614 0.003 0.003279849415639109
-0.0006322032178422709 0.004 0.002897387061729332
-0.0006322032178422707 0.003 0.002897387061729333
-0.001394208580912723 0.005 0.003184698831278218
-0.001264406435684542 0.006 0.002826024123458663
-0.0006971042904563614 0.006 0.003279849415639109
-0.001264406435684542 0.005 0.002826024123458663
-0.0006971042904563614 0.005 0.003279849415639109
-0.0006322032178422709 0.006 0.002897387061729332
-0.0006322032178422707 0.005000000000000001 0.002897387061729333
-0.001394208580912723 0.007 0.003184698831278218
-0.001264406435684542 0.008 0.002826024123458663
-0.0006971042904563614 0.008 0.003279849415639109
-0.001264406435684542 0.007 0.002826024123458663
-0.0006971042904563614 0.007 0.003279849415639109
-0.0006322032178422709 0.008 0.002897387061729332
-0.0006322032178422707 0.007 0.002897387061729333
-0.001394208580912723 0.009000000000000001 0.003184698831278218
-0.001264406435684542 0.01 0.002826024123458663
-0.0006971042904563614 0.01 0.003279849415639109
-0.001264406435684542 0.009000000000000001 0.002826024123458663
-0.0006971042904563614 0.009000000000000001 0.003279849415639109
-0.0006322032178422709 0.01 0.002897387061729332
-0.0006322032178422707 0.009000000000000001 0.002897387061729333
-0.001394208580912723 0.011 0.003184698831278218
-0.001264406435684542 0.011 0.002826024123458663
-0.0006971042904563613 0.011 0.003279849415639109
-0.0006322032178422709 0.011 0.002897387061729332
-0.001653812871369085 0.001 0.003902048246917326
-0.001524010726140904 0.002 0.003543373539097772
-0.0008269064356845425 0.002 0.004044774123458664
-0.001524010726140904 0.001 0.003543373539097772
-0.0008269064356845423 0.001 0.004044774123458664
-0.0007620053630704519 0.002 0.003662311769548886
-0.000762005363070452 0.001 0.003662311769548885
-0.001653812871369085 0.003 0.003902048246917326
-0.001524010726140904 0.004 0.003543373539097772
-0.0008269064356845425 0.004 0.004044774123458664
-0.001524010726140904 0.003 0.003543373539097772
-0.0008269064356845423 0.003 0.004044774123458664
-0.0007620053630704519 0.004 0.003662311769548886
-0.000762005363070452 0.003 0.003662311769548885
-0.001653812871369085 0.005 0.003902048246917326
-0.001524010726140904 0.006 0.003543373539097772
-0.0008269064356845425 0.006 0.004044774123458664
-0.001524010726140904 0.005 0.003543373539097772
-0.0008269064356845423 0.005 0.004044774123458664
-0.0007620053630704519 0.006 0.003662311769548886
-0.000762005363070452 0.005000000000000001 0.003662311769548885
-0.001653812871369085 0.007 0.003902048246917326
-0.001524010726140904 0.008 0.003543373539097772
-0.0008269064356845425 0.008 0.004044774123458664
-0.001524010726140904 0.007 0.003543373539097772
-0.0008269064356845423 0.007 0.004044774123458664
-0.0007620053630704519 0.008 0.003662311769548886
-0.000762005363070452 0.007 0.003662311769548885
-0.001653812871369085 0.009000000000000001 0.003902048246917326
-0.001524010726140904 0.01 0.003543373539097772
-0.0008269064356845425 0.01 0.004044774123458664
-0.001524010726140904 0.009000000000000001 0.003543373539097772
-0.0008269064356845423 0.009000000000000001 0.004044774123458664
-0.0007620053630704519 0.01 0.003662311769548886
-0.000762005363070452 0.009000000000000001 0.003662311769548885
-0.001653812871369085 0.011 0.003902048246917326
-0.001524010726140904 0.011 0.003543373539097772
-0.0008269064356845423 0.011 0.004044774123458664
-0.0007620053630704519 0.011 0.003662311769548885
-0.001783615016597265 0.002 0.00426072295473688
-0.001783615016597263 0.001 0.004260722954736881
-0.0009011790228825874 0.002 0.004474350262737408
-0.0009011790228825864 0.001 0.004474350262737406
-0.001783615016597265 0.004 0.00426072295473688
-0.001783615016597263 0.003 0.004260722954736881
-0.0009011790228825874 0.004 0.004474350262737408
-0.0009011790228825855 0.003 0.004474350262737406
-0.001783615016597265 0.006 0.00426072295473688
-0.001783615016597263 0.005 0.004260722954736881
-0.0009011790228825874 0.006 0.004474350262737408
-0.0009011790228825855 0.005000000000000001 0.004474350262737406
-0.001783615016597265 0.008 0.00426072295473688
-0.001783615016597263 0.007 0.004260722954736881
-0.0009011790228825874 0.008 0.004474350262737408
-0.0009011790228825855 0.007000000000000001 0.004474350262737406
-0.001783615016597265 0.01 0.00426072295473688
-0.001783615016597263 0.009000000000000001 0.004260722954736881
-0.0009011790228825874 0.01 0.004474350262737408
-0.0009011790228825855 0.009000000000000001 0.004474350262737406
-0.001783615016597263 0.011 0.004260722954736881
-0.0009011790228825864 0.011 0.004474350262737407
-0.001665493883469773 0.002 0.002331866446061147
-0.001665493883469773 0.001 0.002331866446061147
-0.001488996941734886 0.002 0.002040933223030573
-0.001488996941734886 0.001 0.002040933223030573
-0.001665493883469773 0.004 0.002331866446061147
-0.001665493883469773 0.003 0.002331866446061147
-0.001488996941734886 0.004 0.002040933223030573
-0.001488996941734886 0.003 0.002040933223030573
-0.001665493883469773 0.006 0.002331866446061147
-0.001665493883469773 0.005 0.002331866446061147
-0.001488996941734886 0.006 0.002040933223030573
-0.001488996941734886 0.005000000000000001 0.002040933223030573
-0.001665493883469773 0.008 0.002331866446061147
-0.001665493883469773 0.007 0.002331866446061147
-0.001488996941734886 0.008 0.002040933223030573
-0.001488996941734886 0.007000000000000002 0.002040933223030573
-0.001665493883469773 0.01 0.002331866446061147
-0.001665493883469773 0.009000000000000001 0.002331866446061147
-0.001488996941734886 0.01 0.002040933223030573
-0.001488996941734886 0.009000000000000001 0.002040933223030573
-0.001665493883469773 0.011 0.002331866446061147
-0.001488996941734886 0.011 0.002040933223030573
-0.002018487766939546 0.002 0.002913732892122293
-0.002018487766939546 0.001 0.002913732892122293
-0.001841990825204659 0.002 0.00262279966909172
-0.001841990825204659 0.001 0.00262279966909172
-0.002018487766939546 0.004 0.002913732892122293
-0.002018487766939546 0.003 0.002913732892122293
-0.001841990825204659 0.004 0.00262279966909172
-0.00184199082520466 0.003 0.00262279966909172
-0.002018487766939546 0.006 0.002913732892122293
-0.002018487766939546 0.005 0.002913732892122293
-0.001841990825204659 0.006 0.00262279966909172
-0.00184199082520466 0.005000000000000001 0.00262279966909172
-0.002018487766939546 0.008 0.002913732892122293
-0.002018487766939546 0.007 0.002913732892122293
-0.001841990825204659 0.008 0.00262279966909172
-0.00184199082520466 0.007 0.00262279966909172
-0.002018487766939546 0.01 0.002913732892122293
-0.002018487766939546 0.009000000000000001 0.002913732892122293
-0.001841990825204659 0.01 0.00262279966909172
-0.00184199082520466 0.009000000000000001 0.00262279966909172
-0.002018487766939546 0.011 0.002913732892122293
-0.001841990825204659 0.011 0.00262279966909172
-0.002371481650409319 0.002 0.00349559933818344
-0.002371481650409319 0.001 0.00349559933818344
-0.002194984708674432 0.002 0.003204666115152867
-0.002194984708674433 0.001 0.003204666115152867
-0.002371481650409319 0.004 0.00349559933818344
-0.002371481650409319 0.003 0.00349559933818344
-0.002194984708674432 0.004 0.003204666115152867
-0.002194984708674433 0.003 0.003204666115152867
-0.002371481650409319 0.006 0.00349559933818344
-0.002371481650409319 0.005 0.00349559933818344
-0.002194984708674432 0.006 0.003204666115152867
-0.002194984708674433 0.005000000000000001 0.003204666115152867
-0.002371481650409319 0.008 0.00349559933818344
-0.002371481650409319 0.007 0.00349559933818344
-0.002194984708674432 0.008 0.003204666115152867
-0.002194984708674433 0.007 0.003204666115152867
-0.002371481650409319 0.01 0.00349559933818344
-0.002371481650409319 0.009000000000000001 0.00349559933818344
-0.002194984708674432 0.01 0.003204666115152867
-0.002194984708674433 0.009000000000000001 0.003204666115152867
-0.002371481650409319 0.011 0.00349559933818344
-0.002194984708674433 0.011 0.003204666115152867
-0.002574666407753661 0.002 0.003826473699848084
-0.002574666407753661 0.001 0.003826473699848083
-0.002574666407753661 0.004 0.003826473699848084
-0.00257466640775366 0.003 0.003826473699848084
-0.002574666407753661 0.006 0.003826473699848084
-0.00257466640775366 0.005000000000000001 0.003826473699848084
-0.002574666407753661 0.008 0.003826473699848084
-0.00257466640775366 0.007000000000000001 0.003826473699848084
-0.002574666407753661 0.01 0.003826473699848084
-0.00257466640775366 0.009000000000000001 0.003826473699848084
-0.002574666407753662 0.011 0.003826473699848084
3 5 0 539
3843
3844
3845
3846
3847
3848
3849
3850
3851
3852
3853
3854
3855
3856
3857
3858
3859
3860
3861
3862
3863
3864
3865
3866
3867
3868
3869
3870
3871
3872
3873
3874
3875
3876
3877
3878
3879
3880
3881
3882
3883
3884
3885
3886
3887
3888
3889
3890
3891
3892
3893
3894
3895
3896
3897
3898
3899
3900
3901
3902
3903
3904
3905
3906
3907
3908
3909
3910
3911
3912
3913
3914
3915
3916
3917
3918
3919
3920
3921
3922
3923
3924
3925
3926
3927
3928
3929
3930
3931
3932
3933
3934
3935
3936
3937
3938
3939
3940
3941
3942
3943
3944
3945
3946
3947
3948
3949
3950
3951
3952
3953
3954
3955
3956
3957
3958
3959
3960
3961
3962
3963
3964
3965
3966
3967
3968
3969
3970
3971
3972
3973
3974
3975
3976
3977
3978
3979
3980
3981
3982
3983
3984
3985
3986
3987
3988
3989
3990
3991
3992
3993
3994
3995
3996
3997
3998
3999
4000
4001
4002
4003
4004
4005
4006
4007
4008
4009
4010
4011
4012
4013
4014
4015
4016
4017
4018
4019
4020
4021
4022
4023
4024
4025
4026
4027
4028
4029
4030
4031
4032
4033
4034
4035
4036
4037
4038
4039
4040
4041
4042
4043
4044
4045
4046
4047
4048
4049
4050
4051
4052
4053
4054
4055
4056
4057
4058
4059
4060
4061
4062
4063
4064
4065
4066
4067
4068
4069
4070
4071
4072
4073
4074
4075
4076
4077
4078
4079
4080
4081
4082
4083
4084
4085
4086
4087
4088
4089
4090
4091
4092
4093
4094
4095
4096
4097
4098
4099
4100
4101
4102
4103
4104
4105
4106
4107
4108
4109
4110
4111
4112
4113
4114
4115
4116
4117
4118
4119
4120
4121
4122
4123
4124
4125
4126
4127
4128
4129
4130
4131
4132
4133
4134
4135
4136
4137
4138
4139
4140
4141
4142
4143
4144
4145
4146
4147
4148
4149
4150
4151
4152
4153
4154
4155
4156
4157
4158
4159
4160
4161
4162
4163
4164
4165
4166
4167
4168
4169
4170
4171
4172
4173
4174
4175
4176
4177
4178
4179
4180
4181
4182
4183
4184
4185
4186
4187
4188
4189
4190
4191
4192
4193
4194
4195
4196
4197
4198
4199
4200
4201
4202
4203
4204
4205
4206
4207
4208
4209
4210
4211
4212
4213
4214
4215
4216
4217
4218
4219
4220
4221
4222
4223
4224
4225
4226
4227
4228
4229
4230
4231
4232
4233
4234
4235
4236
4237
4238
4239
4240
4241
4242
4243
4244
4245
4246
4247
4248
4249
4250
4251
4252
4253
4254
4255
4256
4257
4258
4259
4260
4261
4262
4263
4264
4265
4266
4267
4268
4269
4270
4271
4272
4273
4274
4275
4276
4277
4278
4279
4280
4281
4282
4283
4284
4285
4286
4287
4288
4289
4290
4291
4292
4293
4294
4295
4296
4297
4298
4299
4300
4301
4302
4303
4304
4305
4306
4307
4308
4309
4310
4311
4312
4313
4314
4315
4316
4317
4318
4319
4320
4321
4322
4323
4324
4325
4326
4327
4328
4329
4330
4331
4332
4333
4334
4335
4336
4337
4338
4339
4340
4341
4342
4343
4344
4345
4346
4347
4348
4349
4350
4351
4352
4353
4354
4355
4356
4357
4358
4359
4360
4361
4362
4363
4364
4365
4366
4367
4368
4369
4370
4371
4372
4373
4374
4375
4376
4377
4378
4379
4380
4381
-0.002467349415639108 0.002 0.001134604290456363
-0.002467349415639108 0.004 0.001134604290456363
-0.002467349415639108 0.006 0.001134604290456363
-0.002467349415639108 0.008 0.001134604290456363
-0.002467349415639108 0.01 0.001134604290456363
-0.003184698831278216 0.002 0.001394208580912724
-0.003184698831278216 0.004 0.001394208580912724
-0.003184698831278216 0.006 0.001394208580912724
-0.003184698831278216 0.008 0.001394208580912724
-0.003184698831278216 0.01 0.001394208580912724
-0.003902048246917324 0.002 0.001653812871369086
-0.003902048246917324 0.004 0.001653812871369086
-0.003902048246917324 0.006 0.001653812871369086
-0.003902048246917324 0.008 0.001653812871369086
-0.003902048246917324 0.01 0.001653812871369086
-0.002562499999999999 0.002 7.883603293407561e-20
-0.002562499999999999 0.004 7.883603293407561e-20
-0.002562499999999999 0.006 7.883603293407561e-20
-0.002562499999999999 0.008 7.883603293407561e-20
-0.002562499999999999 0.01 7.883603293407561e-20
-0.003374999999999999 0.002 4.249389968913822e-19
-0.003374999999999999 0.004 4.249389968913822e-19
-0.003374999999999999 0.006 4.249389968913822e-19
-0.003374999999999999 0.008 4.249389968913822e-19
-0.003374999999999999 0.01 4.249389968913822e-19
-0.004187499999999999 0.002 3.915712004787622e-19
-0.004187499999999999 0.004 3.915712004787622e-19
-0.004187499999999999 0.006 3.915712004787622e-19
-0.004187499999999999 0.008 3.915712004787622e-19
-0.004187499999999999 0.01 3.915712004787622e-19
-0.002467349415639108 0.002 -0.001134604290456362
-0.002467349415639108 0.004 -0.001134604290456362
-0.002467349415639108 0.006 -0.001134604290456362
-0.002467349415639108 0.008 -0.001134604290456362
-0.002467349415639108 0.01 -0.001134604290456362
-0.003184698831278216 0.002 -0.001394208580912724
-0.003184698831278216 0.004 -0.001394208580912724
-0.003184698831278216 0.006 -0.001394208580912724
-0.003184698831278216 0.008 -0.001394208580912724
-0.003184698831278216 0.01 -0.001394208580912724
-0.003902048246917325 0.002 -0.001653812871369086
-0.003902048246917325 0.004 -0.001653812871369086
-0.003902048246917325 0.006 -0.001653812871369086
-0.003902048246917325 0.008 -0.001653812871369086
-0.003902048246917325 0.01 -0.001653812871369086
-0.002467349415639108 0.001 0.001134604290456363
-0.002108674707819553 0.002 0.001004802145228181
-0.002331866446061146 0.002 0.001665493883469773
-0.002108674707819553 0.001 0.001004802145228181
-0.002331866446061146 0.001 0.001665493883469773
-0.002040933223030573 0.002 0.001488996941734887
-0.002040933223030573 0.001 0.001488996941734887
-0.002467349415639108 0.003 0.001134604290456363
-0.002108674707819553 0.004 0.001004802145228181
-0.002331866446061146 0.004 0.001665493883469773
-0.002108674707819553 0.003 0.001004802145228181
-0.002331866446061146 0.003 0.001665493883469773
-0.002040933223030573 0.004 0.001488996941734887
-0.002040933223030573 0.003 0.001488996941734887
-0.002467349415639108 0.005 0.001134604290456363
-0.002108674707819553 0.006 0.001004802145228181
-0.002331866446061146 0.006 0.001665493883469773
-0.002108674707819553 0.005 0.001004802145228181
-0.002331866446061146 0.005 0.001665493883469773
-0.002040933223030573 0.006 0.001488996941734887
-0.002040933223030573 0.005000000000000001 0.001488996941734887
-0.002467349415639108 0.007 0.001134604290456363
-0.002108674707819553 0.008 0.001004802145228181
-0.002331866446061146 0.008 0.001665493883469773
-0.002108674707819553 0.007 0.001004802145228181
-0.002331866446061146 0.007 0.001665493883469773
-0.002040933223030573 0.008 0.001488996941734887
-0.002040933223030573 0.007000000000000002 0.001488996941734887
-0.002467349415639108 0.009000000000000001 0.001134604290456363
-0.002108674707819553 0.01 0.001004802145228181
-0.002331866446061146 0.01 0.001665493883469773
-0.002108674707819553 0.009000000000000001 0.001004802145228181
-0.002331866446061146 0.009000000000000001 0.001665493883469773
-0.002040933223030573 0.01 0.001488996941734887
-0.002040933223030573 0.009000000000000001 0.001488996941734887
-0.002467349415639108 0.011 0.001134604290456363
-0.002108674707819553 0.011 0.001004802145228181
-0.002331866446061146 0.011 0.001665493883469773
-0.002040933223030573 0.011 0.001488996941734887
-0.003184698831278216 0.001 0.001394208580912724
-0.002826024123458662 0.002 0.001264406435684544
-0.002913732892122292 0.002 0.002018487766939546
-0.002826024123458662 0.001 0.001264406435684543
-0.002913732892122292 0.001 0.002018487766939547
-0.002622799669091719 0.002 0.00184199082520466
-0.00262279966909172 0.001 0.00184199082520466
-0.003184698831278216 0.003 0.001394208580912724
-0.002826024123458662 0.004 0.001264406435684544
-0.002913732892122292 0.004 0.002018487766939546
-0.002826024123458662 0.003 0.001264406435684544
-0.002913732892122292 0.003 0.002018487766939546
-0.002622799669091719 0.004 0.00184199082520466
-0.00262279966909172 0.003 0.00184199082520466
-0.003184698831278216 0.005 0.001394208580912724
-0.002826024123458662 0.006 0.001264406435684544
-0.002913732892122292 0.006 0.002018487766939546
-0.002826024123458662 0.005 0.001264406435684544
-0.002913732892122292 0.005 0.002018487766939546
-0.002622799669091719 0.006 0.00184199082520466
-0.00262279966909172 0.005000000000000001 0.00184199082520466
-0.003184698831278216 0.007 0.001394208580912724
-0.002826024123458662 0.008 0.001264406435684544
-0.002913732892122292 0.008 0.002018487766939546
-0.002826024123458662 0.007 0.001264406435684544
-0.002913732892122292 0.007 0.002018487766939546
-0.002622799669091719 0.008 0.00184199082520466
-0.00262279966909172 0.007 0.00184199082520466
-0.003184698831278216 0.009000000000000001 0.001394208580912724
-0.002826024123458662 0.01 0.001264406435684544
-0.002913732892122292 0.01 0.002018487766939546
-0.002826024123458662 0.009000000000000001 0.001264406435684544
-0.002913732892122292 0.009000000000000001 0.002018487766939546
-0.002622799669091719 0.01 0.00184199082520466
-0.00262279966909172 0.009000000000000001 0.00184199082520466
-0.003184698831278216 0.011 0.001394208580912724
-0.002826024123458662 0.011 0.001264406435684543
-0.002913732892122292 0.011 0.002018487766939547
-0.00262279966909172 0.011 0.00184199082520466
-0.003902048246917324 0.001 0.001653812871369086
-0.00354337353909777 0.002 0.001524010726140905
-0.003495599338183439 0.002 0.00237148165040932
-0.00354337353909777 0.001 0.001524010726140906
-0.003495599338183438 0.001 0.00237148165040932
-0.003204666115152866 0.002 0.002194984708674433
-0.003204666115152867 0.001 0.002194984708674434
-0.003902048246917324 0.003 0.001653812871369086
-0.00354337353909777 0.004 0.001524010726140905
-0.003495599338183439 0.004 0.00237148165040932
-0.00354337353909777 0.003 0.001524010726140905
-0.003495599338183438 0.003 0.00237148165040932
-0.003204666115152866 0.004 0.002194984708674433
-0.003204666115152867 0.003 0.002194984708674433
-0.003902048246917324 0.005 0.001653812871369086
-0.00354337353909777 0.006 0.001524010726140905
-0.003495599338183439 0.006 0.00237148165040932
-0.00354337353909777 0.005 0.001524010726140905
-0.003495599338183438 0.005 0.00237148165040932
-0.003204666115152866 0.006 0.002194984708674433
-0.003204666115152867 0.005000000000000001 0.002194984708674433
-0.003902048246917324 0.007 0.001653812871369086
-0.00354337353909777 0.008 0.001524010726140905
-0.003495599338183439 0.008 0.00237148165040932
-0.00354337353909777 0.007 0.001524010726140905
-0.003495599338183438 0.007 0.00237148165040932
-0.003204666115152866 0.008 0.002194984708674433
-0.003204666115152867 0.007 0.002194984708674433
-0.003902048246917324 0.009000000000000001 0.001653812871369086
-0.00354337353909777 0.01 0.001524010726140905
-0.003495599338183439 0.01 0.00237148165040932
-0.00354337353909777 0.009000000000000001 0.001524010726140905
-0.003495599338183438 0.009000000000000001 0.00237148165040932
-0.003204666115152866 0.01 0.002194984708674433
-0.003204666115152867 0.009000000000000001 0.002194984708674433
-0.003902048246917324 0.011 0.001653812871369086
-0.00354337353909777 0.011 0.001524010726140906
-0.003495599338183438 0.011 0.00237148165040932
-0.003204666115152867 0.011 0.002194984708674434
-0.004260722954736878 0.002 0.001783615016597268
-0.004260722954736878 0.001 0.001783615016597268
-0.003826473699848082 0.002 0.002574666407753666
-0.003826473699848083 0.001 0.002574666407753666
-0.004260722954736878 0.004 0.001783615016597268
-0.004260722954736878 0.003 0.001783615016597268
-0.003826473699848082 0.004 0.002574666407753666
-0.003826473699848083 0.003 0.002574666407753666
-0.004260722954736878 0.006 0.001783615016597268
-0.004260722954736878 0.005 0.001783615016597268
-0.003826473699848082 0.006 0.002574666407753666
-0.003826473699848083 0.005000000000000001 0.002574666407753666
-0.004260722954736878 0.008 0.001783615016597268
-0.004260722954736878 0.007 0.001783615016597268
-0.003826473699848082 0.008 0.002574666407753666
-0.003826473699848083 0.007000000000000001 0.002574666407753666
-0.004260722954736878 0.01 0.001783615016597268
-0.004260722954736878 0.009000000000000001 0.001783615016597268
-0.003826473699848082 0.01 0.002574666407753666
-0.003826473699848083 0.009000000000000001 0.002574666407753666
-0.004260722954736878 0.011 0.001783615016597268
-0.003826473699848083 0.011 0.002574666407753666
-0.002562499999999999 0.001 7.883603293407561e-20
-0.002156249999999999 0.002 3.941801646703781e-20
-0.002514924707819553 0.002 0.0005673021452281813
-0.002156249999999999 0.001 5.391644664764288e-20
-0.002514924707819553 0.001 0.0005673021452281813
-0.002132462353909776 0.002 0.0005024010726140905
-0.002132462353909776 0.001 0.0005024010726140906
-0.002562499999999999 0.003 7.883603293407561e-20
-0.002156249999999999 0.004 3.941801646703781e-20
-0.002514924707819553 0.004 0.0005673021452281813
-0.002156249999999999 0.003 3.941801646703781e-20
-0.002514924707819553 0.003 0.0005673021452281813
-0.002132462353909776 0.004 0.0005024010726140905
-0.002132462353909776 0.003 0.0005024010726140905
-0.002562499999999999 0.005 7.883603293407561e-20
-0.002156249999999999 0.006 3.941801646703781e-20
-0.002514924707819553 0.006 0.0005673021452281813
-0.002156249999999999 0.005 3.941801646703781e-20
-0.002514924707819553 0.005 0.0005673021452281813
-0.002132462353909776 0.006 0.0005024010726140905
-0.002132462353909776 0.005000000000000001 0.0005024010726140905
-0.002562499999999999 0.007 7.883603293407561e-20
-0.002156249999999999 0.008 3.941801646703781e-20
-0.002514924707819553 0.008 0.0005673021452281813
-0.002156249999999999 0.007 3.941801646703781e-20
-0.002514924707819553 0.007 0.0005673021452281813
-0.002132462353909776 0.008 0.0005024010726140905
-0.002132462353909776 0.007000000000000002 0.0005024010726140905
-0.002562499999999999 0.009000000000000001 7.883603293407561e-20
-0.002156249999999999 0.01 3.941801646703781e-20
-0.002514924707819553 0.01 0.0005673021452281813
-0.002156249999999999 0.009000000000000001 3.941801646703781e-20
-0.002514924707819553 0.009000000000000001 0.0005673021452281813
-0.002132462353909776 0.01 0.0005024010726140905
-0.002132462353909776 0.009000000000000001 0.0005024010726140905
-0.002562499999999999 0.011 7.883603293407561e-20
-0.002156249999999999 0.011 5.391644664764288e-20
-0.002514924707819553 0.011 0.0005673021452281813
-0.002132462353909776 0.011 0.0005024010726140906
-0.003374999999999999 0.001 4.249389968913822e-19
-0.002968749999999999 0.002 2.518875149127289e-19
-0.003279849415639108 0.002 0.0006971042904563625
-0.002968749999999999 0.001 2.518875149127289e-19
-0.003279849415639107 0.001 0.0006971042904563625
-0.00289738706172933 0.002 0.000632203217842272
-0.00289738706172933 0.001 0.0006322032178422716
-0.003374999999999999 0.003 4.249389968913822e-19
-0.002968749999999999 0.004 2.518875149127289e-19
-0.003279849415639108 0.004 0.0006971042904563625
-0.002968749999999999 0.003 2.518875149127289e-19
-0.003279849415639108 0.003 0.0006971042904563625
-0.00289738706172933 0.004 0.000632203217842272
-0.002897387061729331 0.003 0.0006322032178422718
-0.003374999999999999 0.005 4.249389968913822e-19
-0.002968749999999999 0.006 2.518875149127289e-19
-0.003279849415639108 0.006 0.0006971042904563625
-0.002968749999999999 0.005 2.518875149127289e-19
-0.003279849415639108 0.005 0.0006971042904563625
-0.00289738706172933 0.006 0.000632203217842272
-0.002897387061729331 0.005000000000000001 0.0006322032178422718
-0.003374999999999999 0.007 4.249389968913822e-19
-0.002968749999999999 0.008 2.518875149127289e-19
-0.003279849415639108 0.008 0.0006971042904563625
-0.002968749999999999 0.007 2.518875149127289e-19
-0.003279849415639108 0.007 0.0006971042904563625
-0.00289738706172933 0.008 0.000632203217842272
-0.002897387061729331 0.007 0.0006322032178422718
-0.003374999999999999 0.009000000000000001 4.249389968913822e-19
-0.002968749999999999 0.01 2.518875149127289e-19
-0.003279849415639108 0.01 0.0006971042904563625
-0.002968749999999999 0.009000000000000001 2.518875149127289e-19
-0.003279849415639108 0.009000000000000001 0.0006971042904563625
-0.00289738706172933 0.01 0.000632203217842272
-0.002897387061729331 0.009000000000000001 0.0006322032178422718
-0.003374999999999999 0.011 4.249389968913822e-19
-0.002968749999999999 0.011 2.518875149127289e-19
-0.003279849415639108 0.011 0.0006971042904563625
-0.002897387061729331 0.011 0.0006322032178422718
-0.004187499999999999 0.001 3.915712004787622e-19
-0.003781249999999999 0.002 4.082550986850722e-19
-0.004044774123458661 0.002 0.0008269064356845434
-0.003781249999999999 0.001 4.082550986850722e-19
-0.004044774123458662 0.001 0.0008269064356845434
-0.003662311769548884 0.002 0.0007620053630704529
-0.003662311769548884 0.001 0.000762005363070453
-0.004187499999999999 0.003 3.915712004787622e-19
-0.003781249999999999 0.004 4.082550986850722e-19
-0.004044774123458661 0.004 0.0008269064356845434
-0.003781249999999999 0.003 4.082550986850722e-19
-0.004044774123458661 0.003 0.0008269064356845434
-0.003662311769548884 0.004 0.0007620053630704529
-0.003662311769548885 0.003 0.0007620053630704529
-0.004187499999999999 0.005 3.915712004787622e-19
-0.003781249999999999 0.006 4.082550986850722e-19
-0.004044774123458661 0.006 0.0008269064356845434
-0.003781249999999999 0.005 4.082550986850722e-19
-0.004044774123458661 0.005 0.0008269064356845434
-0.003662311769548884 0.006 0.0007620053630704529
-0.003662311769548885 0.005000000000000001 0.0007620053630704529
-0.004187499999999999 0.007 3.915712004787622e-19
-0.003781249999999999 0.008 4.082550986850722e-19
-0.004044774123458661 0.008 0.0008269064356845434
-0.003781249999999999 0.007 4.082550986850722e-19
-0.004044774123458661 0.007 0.0008269064356845434
-0.003662311769548884 0.008 0.0007620053630704529
-0.003662311769548885 0.007 0.0007620053630704529
-0.004187499999999999 0.009000000000000001 3.915712004787622e-19
-0.003781249999999999 0.01 4.082550986850722e-19
-0.004044774123458661 0.01 0.0008269064356845434
-0.003781249999999999 0.009000000000000001 4.082550986850722e-19
-0.004044774123458661 0.009000000000000001 0.0008269064356845434
-0.003662311769548884 0.01 0.0007620053630704529
-0.003662311769548885 0.009000000000000001 0.0007620053630704529
-0.004187499999999999 0.011 3.915712004787622e-19
-0.003781249999999999 0.011 4.082550986850722e-19
-0.004044774123458661 0.011 0.0008269064356845434
-0.003662311769548885 0.011 0.0007620053630704531
-0.004593749999999999 0.002 1.459089474757957e-18
-0.004593749999999999 0.001 1.459089474757957e-18
-0.004474350262737407 0.002 0.0009011790228825927
-0.004474350262737407 0.001 0.000901179022882593
-0.004593749999999999 0.004 1.459089474757957e-18
-0.004593749999999999 0.003 1.459089474757957e-18
-0.004474350262737407 0.004 0.0009011790228825927
-0.004474350262737407 0.003 0.0009011790228825926
-0.004593749999999999 0.006 1.459089474757957e-18
-0.004593749999999999 0.005 1.459089474757957e-18
-0.004474350262737407 0.006 0.0009011790228825927
-0.004474350262737407 0.005000000000000001 0.0009011790228825926
-0.004593749999999999 0.008 1.459089474757957e-18
-0.004593749999999999 0.007 1.459089474757957e-18
-0.004474350262737407 0.008 0.0009011790228825927
-0.004474350262737407 0.007000000000000001 0.0009011790228825926
-0.004593749999999999 0.01 1.459089474757957e-18
-0.004593749999999999 0.009000000000000001 1.459089474757957e-18
-0.004474350262737407 0.01 0.0009011790228825927
-0.004474350262737407 0.009000000000000001 0.0009011790228825926
-0.004593749999999999 0.011 1.459089474757957e-18
-0.004474350262737407 0.011 0.0009011790228825927
-0.002467349415639108 0.001 -0.001134604290456362
-0.002108674707819554 0.002 -0.001004802145228181
-0.002514924707819554 0.002 -0.0005673021452281809
-0.002108674707819554 0.001 -0.001004802145228181
-0.002514924707819553 0.001 -0.0005673021452281808
-0.002132462353909776 0.002 -0.0005024010726140905
-0.002132462353909776 0.001 -0.0005024010726140904
-0.002467349415639108 0.003 -0.001134604290456362
-0.002108674707819554 0.004 -0.001004802145228181
-0.002514924707819554 0.004 -0.0005673021452281809
-0.002108674707819554 0.003 -0.001004802145228181
-0.002514924707819554 0.003 -0.0005673021452281808
-0.002132462353909776 0.004 -0.0005024010726140905
-0.002132462353909776 0.003 -0.0005024010726140906
-0.002467349415639108 0.005 -0.001134604290456362
-0.002108674707819554 0.006 -0.001004802145228181
-0.002514924707819554 0.006 -0.0005673021452281809
-0.002108674707819554 0.005 -0.001004802145228181
-0.002514924707819554 0.005 -0.0005673021452281808
-0.002132462353909776 0.006 -0.0005024010726140905
-0.002132462353909776 0.005000000000000001 -0.0005024010726140906
-0.002467349415639108 0.007 -0.001134604290456362
-0.002108674707819554 0.008 -0.001004802145228181
-0.002514924707819554 0.008 -0.0005673021452281809
-0.002108674707819554 0.007 -0.001004802145228181
-0.002514924707819554 0.007 -0.0005673021452281808
-0.002132462353909776 0.008 -0.0005024010726140905
-0.002132462353909776 0.007000000000000002 -0.0005024010726140906
-0.002467349415639108 0.009000000000000001 -0.001134604290456362
-0.002108674707819554 0.01 -0.001004802145228181
-0.002514924707819554 0.01 -0.0005673021452281809
-0.002108674707819554 0.009000000000000001 -0.001004802145228181
-0.002514924707819554 0.009000000000000001 -0.0005673021452281808
-0.002132462353909776 0.01 -0.0005024010726140905
-0.002132462353909776 0.009000000000000001 -0.0005024010726140906
-0.002467349415639108 0.011 -0.001134604290456362
-0.002108674707819554 0.011 -0.001004802145228181
-0.002514924707819554 0.011 -0.0005673021452281808
-0.002132462353909776 0.011 -0.0005024010726140904
-0.003184698831278216 0.001 -0.001394208580912724
-0.002826024123458662 0.002 -0.001264406435684543
-0.003279849415639108 0.002 -0.0006971042904563617
-0.002826024123458662 0.001 -0.001264406435684543
-0.003279849415639108 0.001 -0.0006971042904563617
-0.00289738706172933 0.002 -0.0006322032178422713
-0.00289738706172933 0.001 -0.0006322032178422712
-0.003184698831278216 0.003 -0.001394208580912724
-0.002826024123458662 0.004 -0.001264406435684543
-0.003279849415639108 0.004 -0.0006971042904563617
-0.002826024123458662 0.003 -0.001264406435684543
-0.003279849415639108 0.003 -0.0006971042904563617
-0.00289738706172933 0.004 -0.0006322032178422713
-0.00289738706172933 0.003 -0.0006322032178422712
-0.003184698831278216 0.005 -0.001394208580912724
-0.002826024123458662 0.006 -0.001264406435684543
-0.003279849415639108 0.006 -0.0006971042904563617
-0.002826024123458662 0.005 -0.001264406435684543
-0.003279849415639108 0.005 -0.0006971042904563617
-0.00289738706172933 0.006 -0.0006322032178422713
-0.00289738706172933 0.005000000000000001 -0.0006322032178422712
-0.003184698831278216 0.007 -0.001394208580912724
-0.002826024123458662 0.008 -0.001264406435684543
-0.003279849415639108 0.008 -0.0006971042904563617
-0.002826024123458662 0.007 -0.001264406435684543
-0.003279849415639108 0.007 -0.0006971042904563617
-0.00289738706172933 0.008 -0.0006322032178422713
-0.00289738706172933 0.007 -0.0006322032178422712
-0.003184698831278216 0.009000000000000001 -0.001394208580912724
-0.002826024123458662 0.01 -0.001264406435684543
-0.003279849415639108 0.01 -0.0006971042904563617
-0.002826024123458662 0.009000000000000001 -0.001264406435684543
-0.003279849415639108 0.009000000000000001 -0.0006971042904563617
-0.00289738706172933 0.01 -0.0006322032178422713
-0.00289738706172933 0.009000000000000001 -0.0006322032178422712
-0.003184698831278216 0.011 -0.001394208580912724
-0.002826024123458662 0.011 -0.001264406435684543
-0.003279849415639108 0.011 -0.0006971042904563617
-0.00289738706172933 0.011 -0.0006322032178422712
-0.003902048246917325 0.001 -0.001653812871369086
-0.003543373539097771 0.002 -0.001524010726140905
-0.004044774123458662 0.002 -0.0008269064356845429
-0.003543373539097771 0.001 -0.001524010726140905
-0.004044774123458662 0.001 -0.0008269064356845428
-0.003662311769548885 0.002 -0.0007620053630704522
-0.003662311769548885 0.001 -0.0007620053630704523
-0.003902048246917325 0.003 -0.001653812871369086
-0.003543373539097771 0.004 -0.001524010726140905
-0.004044774123458662 0.004 -0.0008269064356845429
-0.003543373539097771 0.003 -0.001524010726140905
-0.004044774123458662 0.003 -0.0008269064356845429
-0.003662311769548885 0.004 -0.0007620053630704522
-0.003662311769548885 0.003 -0.0007620053630704522
-0.003902048246917325 0.005 -0.001653812871369086
-0.003543373539097771 0.006 -0.001524010726140905
-0.004044774123458662 0.006 -0.0008269064356845429
-0.003543373539097771 0.005 -0.001524010726140905
-0.004044774123458662 0.005 -0.0008269064356845429
-0.003662311769548885 0.006 -0.0007620053630704522
-0.003662311769548885 0.005000000000000001 -0.0007620053630704522
-0.003902048246917325 0.007 -0.001653812871369086
-0.003543373539097771 0.008 -0.001524010726140905
-0.004044774123458662 0.008 -0.0008269064356845429
-0.003543373539097771 0.007 -0.001524010726140905
-0.004044774123458662 0.007 -0.0008269064356845429
-0.003662311769548885 0.008 -0.0007620053630704522
-0.003662311769548885 0.007 -0.0007620053630704522
-0.003902048246917325 0.009000000000000001 -0.001653812871369086
-0.003543373539097771 0.01 -0.001524010726140905
-0.004044774123458662 0.01 -0.0008269064356845429
-0.003543373539097771 0.009000000000000001 -0.001524010726140905
-0.004044774123458662 0.009000000000000001 -0.0008269064356845429
-0.003662311769548885 0.01 -0.0007620053630704522
-0.003662311769548885 0.009000000000000001 -0.0007620053630704522
-0.003902048246917325 0.011 -0.001653812871369086
-0.003543373539097771 0.011 -0.001524010726140905
-0.004044774123458662 0.011 -0.0008269064356845428
-0.003662311769548885 0.011 -0.0007620053630704523
-0.00426072295473688 0.002 -0.001783615016597266
-0.00426072295473688 0.001 -0.001783615016597266
-0.004474350262737407 0.002 -0.0009011790228825902
-0.004474350262737407 0.001 -0.0009011790228825901
-0.00426072295473688 0.004 -0.001783615016597266
-0.00426072295473688 0.003 -0.001783615016597266
-0.004474350262737407 0.004 -0.0009011790228825902
-0.004474350262737407 0.003 -0.0009011790228825901
-0.00426072295473688 0.006 -0.001783615016597266
-0.00426072295473688 0.005 -0.001783615016597266
-0.004474350262737407 0.006 -0.0009011790228825902
-0.004474350262737407 0.005000000000000001 -0.0009011790228825901
-0.00426072295473688 0.008 -0.001783615016597266
-0.00426072295473688 0.007 -0.001783615016597266
-0.004474350262737407 0.008 -0.0009011790228825902
-0.004474350262737407 0.007000000000000001 -0.0009011790228825901
-0.00426072295473688 0.01 -0.001783615016597266
-0.00426072295473688 0.009000000000000001 -0.001783615016597266
-0.004474350262737407 0.01 -0.0009011790228825902
-0.004474350262737407 0.009000000000000001 -0.0009011790228825901
-0.00426072295473688 0.011 -0.001783615016597266
-0.004474350262737407 0.011 -0.0009011790228825901
-0.002331866446061146 0.002 -0.001665493883469773
-0.002331866446061146 0.001 -0.001665493883469773
-0.002040933223030573 0.002 -0.001488996941734886
-0.002040933223030572 0.001 -0.001488996941734886
-0.002331866446061146 0.004 -0.001665493883469773
-0.002331866446061146 0.003 -0.001665493883469773
-0.002040933223030573 0.004 -0.001488996941734886
-0.002040933223030572 0.003 -0.001488996941734886
-0.002331866446061146 0.006 -0.001665493883469773
-0.002331866446061146 0.005 -0.001665493883469773
-0.002040933223030573 0.006 -0.001488996941734886
-0.002040933223030572 0.005000000000000001 -0.001488996941734886
-0.002331866446061146 0.008 -0.001665493883469773
-0.002331866446061146 0.007 -0.001665493883469773
-0.002040933223030573 0.008 -0.001488996941734886
-0.002040933223030572 0.007000000000000003 -0.001488996941734886
-0.002331866446061146 0.01 -0.001665493883469773
-0.002331866446061146 0.009000000000000001 -0.001665493883469773
-0.002040933223030573 0.01 -0.001488996941734886
-0.002040933223030572 0.009000000000000001 -0.001488996941734886
-0.002331866446061146 0.011 -0.001665493883469773
-0.002040933223030573 0.011 -0.001488996941734886
-0.002913732892122292 0.002 -0.002018487766939546
-0.002913732892122292 0.001 -0.002018487766939546
-0.002622799669091719 0.002 -0.001841990825204659
-0.00262279966909172 0.001 -0.001841990825204659
-0.002913732892122292 0.004 -0.002018487766939546
-0.002913732892122292 0.003 -0.002018487766939546
-0.002622799669091719 0.004 -0.001841990825204659
-0.00262279966909172 0.003 -0.001841990825204659
-0.002913732892122292 0.006 -0.002018487766939546
-0.002913732892122292 0.005 -0.002018487766939546
-0.002622799669091719 0.006 -0.001841990825204659
-0.00262279966909172 0.005000000000000001 -0.001841990825204659
-0.002913732892122292 0.008 -0.002018487766939546
-0.002913732892122292 0.007 -0.002018487766939546
-0.002622799669091719 0.008 -0.001841990825204659
-0.00262279966909172 0.007000000000000001 -0.001841990825204659
-0.002913732892122292 0.01 -0.002018487766939546
-0.002913732892122292 0.009000000000000001 -0.002018487766939546
-0.002622799669091719 0.01 -0.001841990825204659
-0.00262279966909172 0.009000000000000001 -0.001841990825204659
-0.002913732892122292 0.011 -0.002018487766939546
-0.00262279966909172 0.011 -0.001841990825204659
-0.003495599338183439 0.002 -0.00237148165040932
-0.003495599338183439 0.001 -0.00237148165040932
-0.003204666115152866 0.002 -0.002194984708674433
-0.003204666115152867 0.001 -0.002194984708674433
-0.003495599338183439 0.004 -0.00237148165040932
-0.003495599338183439 0.003 -0.00237148165040932
-0.003204666115152866 0.004 -0.002194984708674433
-0.003204666115152867 0.003 -0.002194984708674433
-0.003495599338183439 0.006 -0.00237148165040932
-0.003495599338183439 0.005 -0.00237148165040932
-0.003204666115152866 0.006 -0.002194984708674433
-0.003204666115152867 0.005000000000000001 -0.002194984708674433
-0.003495599338183439 0.008 -0.00237148165040932
-0.003495599338183439 0.007 -0.00237148165040932
-0.003204666115152866 0.008 -0.002194984708674433
-0.003204666115152867 0.007000000000000001 -0.002194984708674433
-0.003495599338183439 0.01 -0.00237148165040932
-0.003495599338183439 0.009000000000000001 -0.00237148165040932
-0.003204666115152866 0.01 -0.002194984708674433
-0.003204666115152867 0.009000000000000001 -0.002194984708674433
-0.003495599338183439 0.011 -0.00237148165040932
-0.003204666115152867 0.011 -0.002194984708674433
-0.003826473699848083 0.002 -0.002574666407753665
-0.003826473699848082 0.001 -0.002574666407753664
-0.003826473699848083 0.004 -0.002574666407753665
-0.003826473699848083 0.003 -0.002574666407753664
-0.003826473699848083 0.006 -0.002574666407753665
-0.003826473699848083 0.005000000000000001 -0.002574666407753664
-0.003826473699848083 0.008 -0.002574666407753665
-0.003826473699848083 0.007000000000000001 -0.002574666407753664
-0.003826473699848083 0.01 -0.002574666407753665
-0.003826473699848083 0.009000000000000001 -0.002574666407753664
-0.003826473699848084 0.011 -0.002574666407753663
$EndNodes
$Elements
15 640 1 640
2 14 10 16
1 1 17 273 40 20 282 283 44 284 
2 40 273 274 39 283 285 286 43 287 
3 39 274 275 38 286 288 289 42 290 
4 38 275 33 4 289 291 37 41 292 
5 17 18 276 273 21 293 294 282 295 
6 273 276 277 274 294 296 297 285 298 
7 274 277 278 275 297 299 300 288 301 
8 275 278 32 33 300 302 36 291 303 
9 18 19 279 276 22 304 305 293 306 
10 276 279 280 277 305 307 308 296 309 
11 277 280 281 278 308 310 311 299 312 
12 278 281 31 32 311 313 35 302 314 
13 19 2 24 279 23 27 315 304 316 
14 279 24 25 280 315 28 317 307 318 
15 280 25 26 281 317 29 319 310 320 
16 281 26 3 31 319 30 34 313 321 
2 16 10 16
17 1 17 322 73 20 331 332 76 333 
18 73 322 323 74 332 334 335 77 336 
19 74 323 324 75 335 337 338 78 339 
20 75 324 45 5 338 340 48 79 341 
21 17 18 325 322 21 342 343 331 344 
22 322 325 326 323 343 345 346 334 347 
23 323 326 327 324 346 348 349 337 350 
24 324 327 46 45 349 351 49 340 352 
25 18 19 328 325 22 353 354 342 355 
26 325 328 329 326 354 356 357 345 358 
27 326 329 330 327 357 359 360 348 361 
28 327 330 47 46 360 362 50 351 363 
29 19 2 80 328 23 83 364 353 365 
30 328 80 81 329 364 84 366 356 367 
31 329 81 82 330 366 85 368 359 369 
32 330 82 6 47 368 86 51 362 370 
2 18 10 16
33 2 24 371 80 27 380 381 83 382 
34 80 371 372 81 381 383 384 84 385 
35 81 372 373 82 384 386 387 85 388 
36 82 373 52 6 387 389 55 86 390 
37 24 25 374 371 28 391 392 380 393 
38 371 374 375 372 392 394 395 383 396 
39 372 375 376 373 395 397 398 386 399 
40 373 376 53 52 398 400 56 389 401 
41 25 26 377 374 29 402 403 391 404 
42 374 377 378 375 403 405 406 394 407 
43 375 378 379 376 406 408 409 397 410 
44 376 379 54 53 409 411 57 400 412 
45 26 3 87 377 30 90 413 402 414 
46 377 87 88 378 413 91 415 405 416 
47 378 88 89 379 415 92 417 408 418 
48 379 89 7 54 417 93 58 411 419 
2 20 10 16
49 3 31 420 87 34 429 430 90 431 
50 87 420 421 88 430 432 433 91 434 
51 88 421 422 89 433 435 436 92 437 
52 89 422 59 7 436 438 62 93 439 
53 31 32 423 420 35 440 441 429 442 
54 420 423 424 421 441 443 444 432 445 
55 421 424 425 422 444 446 447 435 448 
56 422 425 60 59 447 449 63 438 450 
57 32 33 426 423 36 451 452 440 453 
58 423 426 427 424 452 454 455 443 456 
59 424 427 428 425 455 457 458 446 459 
60 425 428 61 60 458 460 64 449 461 
61 33 4 94 426 37 97 462 451 463 
62 426 94 95 427 462 98 464 454 465 
63 427 95 96 428 464 99 466 457 467 
64 428 96 8 61 466 100 65 460 468 
2 22 10 16
65 4 38 469 94 41 478 479 97 480 
66 94 469 470 95 479 481 482 98 483 
67 95 470 471 96 482 484 485 99 486 
68 96 471 66 8 485 487 69 100 488 
69 38 39 472 469 42 489 490 478 491 
70 469 472 473 470 490 492 493 481 494 
71 470 473 474 471 493 495 496 484 497 
72 471 474 67 66 496 498 70 487 499 
73 39 40 475 472 43 500 501 489 502 
74 472 475 476 473 501 503 504 492 505 
75 473 476 477 474 504 506 507 495 508 
76 474 477 68 67 507 509 71 498 510 
77 40 1 73 475 44 76 511 500 512 
78 475 73 74 476 511 77 513 503 514 
79 476 74 75 477 513 78 515 506 516 
80 477 75 5 68 515 79 72 509 517 
2 27 10 16
81 9 168 826 123 172 835 836 126 837 
82 168 167 827 826 171 838 839 835 840 
83 167 166 828 827 170 841 842 838 843 
84 166 12 161 828 169 165 844 841 845 
85 123 826 829 124 836 846 847 127 848 
86 826 827 830 829 839 849 850 846 851 
87 827 828 831 830 842 852 853 849 854 
88 828 161 160 831 844 164 855 852 856 
89 124 829 832 125 847 857 858 128 859 
90 829 830 833 832 850 860 861 857 862 
91 830 831 834 833 853 863 864 860 865 
92 831 160 159 834 855 163 866 863 867 
93 125 832 141 10 858 868 144 129 869 
94 832 833 142 141 861 870 145 868 871 
95 833 834 143 142 864 872 146 870 873 
96 834 159 11 143 866 162 147 872 874 
2 31 10 16
97 9 123 1106 209 126 1115 1116 212 1117 
98 209 1106 1107 210 1116 1118 1119 213 1120 
99 210 1107 1108 211 1119 1121 1122 214 1123 
100 211 1108 202 14 1122 1124 205 215 1125 
101 123 124 1109 1106 127 1126 1127 1115 1128 
102 1106 1109 1110 1107 1127 1129 1130 1118 1131 
103 1107 1110 1111 1108 1130 1132 1133 1121 1134 
104 1108 1111 203 202 1133 1135 206 1124 1136 
105 124 125 1112 1109 128 1137 1138 1126 1139 
106 1109 1112 1113 1110 1138 1140 1141 1129 1142 
107 1110 1113 1114 1111 1141 1143 1144 1132 1145 
108 1111 1114 204 203 1144 1146 207 1135 1147 
109 125 10 184 1112 129 187 1148 1137 1149 
110 1112 184 185 1113 1148 188 1150 1140 1151 
111 1113 185 186 1114 1150 189 1152 1143 1153 
112 1114 186 13 204 1152 190 208 1146 1154 
2 34 10 16
113 10 141 1309 184 144 1318 1319 187 1320 
114 184 1309 1310 185 1319 1321 1322 188 1323 
115 185 1310 1311 186 1322 1324 1325 189 1326 
116 186 1311 234 13 1325 1327 237 190 1328 
117 141 142 1312 1309 145 1329 1330 1318 1331 
118 1309 1312 1313 1310 1330 1332 1333 1321 1334 
119 1310 1313 1314 1311 1333 1335 1336 1324 1337 
120 1311 1314 235 234 1336 1338 238 1327 1339 
121 142 143 1315 1312 146 1340 1341 1329 1342 
122 1312 1315 1316 1313 1341 1343 1344 1332 1345 
123 1313 1316 1317 1314 1344 1346 1347 1335 1348 
124 1314 1317 236 235 1347 1349 239 1338 1350 
125 143 11 227 1315 147 230 1351 1340 1352 
126 1315 227 228 1316 1351 231 1353 1343 1354 
127 1316 228 229 1317 1353 232 1355 1346 1356 
128 1317 229 15 236 1355 233 240 1349 1357 
2 37 10 16
129 11 159 1512 227 162 1521 1522 230 1523 
130 227 1512 1513 228 1522 1524 1525 231 1526 
131 228 1513 1514 229 1525 1527 1528 232 1529 
132 229 1514 259 15 1528 1530 262 233 1531 
133 159 160 1515 1512 163 1532 1533 1521 1534 
134 1512 1515 1516 1513 1533 1535 1536 1524 1537 
135 1513 1516 1517 1514 1536 1538 1539 1527 1540 
136 1514 1517 260 259 1539 1541 263 1530 1542 
137 160 161 1518 1515 164 1543 1544 1532 1545 
138 1515 1518 1519 1516 1544 1546 1547 1535 1548 
139 1516 1519 1520 1517 1547 1549 1550 1538 1551 
140 1517 1520 261 260 1550 1552 264 1541 1553 
141 161 12 252 1518 165 255 1554 1543 1555 
142 1518 252 253 1519 1554 256 1556 1546 1557 
143 1519 253 254 1520 1556 257 1558 1549 1559 
144 1520 254 16 261 1558 258 265 1552 1560 
2 39 10 16
145 12 166 1638 252 169 1647 1648 255 1649 
146 252 1638 1639 253 1648 1650 1651 256 1652 
147 253 1639 1640 254 1651 1653 1654 257 1655 
148 254 1640 266 16 1654 1656 269 258 1657 
149 166 167 1641 1638 170 1658 1659 1647 1660 
150 1638 1641 1642 1639 1659 1661 1662 1650 1663 
151 1639 1642 1643 1640 1662 1664 1665 1653 1666 
152 1640 1643 267 266 1665 1667 270 1656 1668 
153 167 168 1644 1641 171 1669 1670 1658 1671 
154 1641 1644 1645 1642 1670 1672 1673 1661 1674 
155 1642 1645 1646 1643 1673 1675 1676 1664 1677 
156 1643 1646 268 267 1676 1678 271 1667 1679 
157 168 9 209 1644 172 212 1680 1669 1681 
158 1644 209 210 1645 1680 213 1682 1672 1683 
159 1645 210 211 1646 1682 214 1684 1675 1685 
160 1646 211 14 268 1684 215 272 1678 1686 
3 1 12 96
161 273 17 1 40 1687 518 101 759 282 283 1732 20 534 44 106 799 1733 1734 533 815 284 1735 1736 535 816 1737 1738 
162 1687 518 101 759 1688 519 102 760 1733 1734 1739 533 537 815 107 802 1740 1741 536 817 1737 1742 1743 538 818 1744 1745 
163 1688 519 102 760 1689 520 103 761 1740 1741 1746 536 540 817 108 805 1747 1748 539 819 1744 1749 1750 541 820 1751 1752 
164 1689 520 103 761 1690 521 104 762 1747 1748 1753 539 543 819 109 808 1754 1755 542 821 1751 1756 1757 544 822 1758 1759 
165 1690 521 104 762 1691 522 105 763 1754 1755 1760 542 546 821 110 811 1761 1762 545 823 1758 1763 1764 547 824 1765 1766 
166 1691 522 105 763 826 123 9 168 1761 1762 1767 545 548 823 111 813 836 835 126 172 1765 1768 1769 549 825 837 1770 
167 274 273 40 39 1692 1687 759 754 285 286 1771 283 1732 43 799 782 1772 1773 1734 798 287 1774 1775 1736 800 1776 1777 
168 1692 1687 759 754 1693 1688 760 755 1772 1773 1778 1734 1739 798 802 785 1779 1780 1741 801 1776 1781 1782 1743 803 1783 1784 
169 1693 1688 760 755 1694 1689 761 756 1779 1780 1785 1741 1746 801 805 788 1786 1787 1748 804 1783 1788 1789 1750 806 1790 1791 
170 1694 1689 761 756 1695 1690 762 757 1786 1787 1792 1748 1753 804 808 791 1793 1794 1755 807 1790 1795 1796 1757 809 1797 1798 
171 1695 1690 762 757 1696 1691 763 758 1793 1794 1799 1755 1760 807 811 794 1800 1801 1762 810 1797 1802 1803 1764 812 1804 1805 
172 1696 1691 763 758 827 826 168 167 1800 1801 1806 1762 1767 810 813 796 839 838 835 171 1804 1807 1808 1769 814 840 1809 
173 275 274 39 38 1697 1692 754 749 288 289 1810 286 1771 42 782 765 1811 1812 1773 781 290 1813 1814 1775 783 1815 1816 
174 1697 1692 754 749 1698 1693 755 750 1811 1812 1817 1773 1778 781 785 768 1818 1819 1780 784 1815 1820 1821 1782 786 1822 1823 
175 1698 1693 755 750 1699 1694 756 751 1818 1819 1824 1780 1785 784 788 771 1825 1826 1787 787 1822 1827 1828 1789 789 1829 1830 
176 1699 1694 756 751 1700 1695 757 752 1825 1826 1831 1787 1792 787 791 774 1832 1833 1794 790 1829 1834 1835 1796 792 1836 1837 
177 1700 1695 757 752 1701 1696 758 753 1832 1833 1838 1794 1799 790 794 777 1839 1840 1801 793 1836 1841 1842 1803 795 1843 1844 
178 1701 1696 758 753 828 827 167 166 1839 1840 1845 1801 1806 793 796 779 842 841 838 170 1843 1846 1847 1808 797 843 1848 
179 33 275 38 4 682 1697 749 148 291 37 722 289 1810 41 765 153 1849 738 1812 764 292 1850 739 1814 766 1851 1852 
180 682 1697 749 148 683 1698 750 149 1849 738 725 1812 1817 764 768 154 1853 740 1819 767 1851 1854 741 1821 769 1855 1856 
181 683 1698 750 149 684 1699 751 150 1853 740 728 1819 1824 767 771 155 1857 742 1826 770 1855 1858 743 1828 772 1859 1860 
182 684 1699 751 150 685 1700 752 151 1857 742 731 1826 1831 770 774 156 1861 744 1833 773 1859 1862 745 1835 775 1863 1864 
183 685 1700 752 151 686 1701 753 152 1861 744 734 1833 1838 773 777 157 1865 746 1840 776 1863 1866 747 1842 778 1867 1868 
184 686 1701 753 152 161 828 166 12 1865 746 736 1840 1845 776 779 158 844 165 841 169 1867 1869 748 1847 780 845 1870 
185 276 18 17 273 1702 523 518 1687 293 294 1871 21 551 282 534 1732 1872 1873 550 1733 295 1874 1875 552 1735 1876 1877 
186 1702 523 518 1687 1703 524 519 1688 1872 1873 1878 550 554 1733 537 1739 1879 1880 553 1740 1876 1881 1882 555 1742 1883 1884 
187 1703 524 519 1688 1704 525 520 1689 1879 1880 1885 553 557 1740 540 1746 1886 1887 556 1747 1883 1888 1889 558 1749 1890 1891 
188 1704 525 520 1689 1705 526 521 1690 1886 1887 1892 556 560 1747 543 1753 1893 1894 559 1754 1890 1895 1896 561 1756 1897 1898 
189 1705 526 521 1690 1706 527 522 1691 1893 1894 1899 559 563 1754 546 1760 1900 1901 562 1761 1897 1902 1903 564 1763 1904 1905 
190 1706 527 522 1691 829 124 123 826 1900 1901 1906 562 565 1761 548 1767 847 846 127 836 1904 1907 1908 566 1768 848 1909 
191 277 276 273 274 1707 1702 1687 1692 296 297 1910 294 1871 285 1732 1771 1911 1912 1873 1772 298 1913 1914 1875 1774 1915 1916 
192 1707 1702 1687 1692 1708 1703 1688 1693 1911 1912 1917 1873 1878 1772 1739 1778 1918 1919 1880 1779 1915 1920 1921 1882 1781 1922 1923 
193 1708 1703 1688 1693 1709 1704 1689 1694 1918 1919 1924 1880 1885 1779 1746 1785 1925 1926 1887 1786 1922 1927 1928 1889 1788 1929 1930 
194 1709 1704 1689 1694 1710 1705 1690 1695 1925 1926 1931 1887 1892 1786 1753 1792 1932 1933 1894 1793 1929 1934 1935 1896 1795 1936 1937 
195 1710 1705 1690 1695 1711 1706 1691 1696 1932 1933 1938 1894 1899 1793 1760 1799 1939 1940 1901 1800 1936 1941 1942 1903 1802 1943 1944 
196 1711 1706 1691 1696 830 829 826 827 1939 1940 1945 1901 1906 1800 1767 1806 850 849 846 839 1943 1946 1947 1908 1807 851 1948 
197 278 277 274 275 1712 1707 1692 1697 299 300 1949 297 1910 288 1771 1810 1950 1951 1912 1811 301 1952 1953 1914 1813 1954 1955 
198 1712 1707 1692 1697 1713 1708 1693 1698 1950 1951 1956 1912 1917 1811 1778 1817 1957 1958 1919 1818 1954 1959 1960 1921 1820 1961 1962 
199 1713 1708 1693 1698 1714 1709 1694 1699 1957 1958 1963 1919 1924 1818 1785 1824 1964 1965 1926 1825 1961 1966 1967 1928 1827 1968 1969 
200 1714 1709 1694 1699 1715 1710 1695 1700 1964 1965 1970 1926 1931 1825 1792 1831 1971 1972 1933 1832 1968 1973 1974 1935 1834 1975 1976 
201 1715 1710 1695 1700 1716 1711 1696 1701 1971 1972 1977 1933 1938 1832 1799 1838 1978 1979 1940 1839 1975 1980 1981 1942 1841 1982 1983 
202 1716 1711 1696 1701 831 830 827 828 1978 1979 1984 1940 1945 1839 1806 1845 853 852 849 842 1982 1985 1986 1947 1846 854 1987 
203 32 278 275 33 677 1712 1697 682 302 36 705 300 1949 291 1810 722 1988 721 1951 1849 303 1989 723 1953 1850 1990 1991 
204 677 1712 1697 682 678 1713 1698 683 1988 721 708 1951 1956 1849 1817 725 1992 724 1958 1853 1990 1993 726 1960 1854 1994 1995 
205 678 1713 1698 683 679 1714 1699 684 1992 724 711 1958 1963 1853 1824 728 1996 727 1965 1857 1994 1997 729 1967 1858 1998 1999 
206 679 1714 1699 684 680 1715 1700 685 1996 727 714 1965 1970 1857 1831 731 2000 730 1972 1861 1998 2001 732 1974 1862 2002 2003 
207 680 1715 1700 685 681 1716 1701 686 2000 730 717 1972 1977 1861 1838 734 2004 733 1979 1865 2002 2005 735 1981 1866 2006 2007 
208 681 1716 1701 686 160 831 828 161 2004 733 719 1979 1984 1865 1845 736 855 164 852 844 2006 2008 737 1986 1869 856 2009 
209 279 19 18 276 1717 528 523 1702 304 305 2010 22 568 293 551 1871 2011 2012 567 1872 306 2013 2014 569 1874 2015 2016 
210 1717 528 523 1702 1718 529 524 1703 2011 2012 2017 567 571 1872 554 1878 2018 2019 570 1879 2015 2020 2021 572 1881 2022 2023 
211 1718 529 524 1703 1719 530 525 1704 2018 2019 2024 570 574 1879 557 1885 2025 2026 573 1886 2022 2027 2028 575 1888 2029 2030 
212 1719 530 525 1704 1720 531 526 1705 2025 2026 2031 573 577 1886 560 1892 2032 2033 576 1893 2029 2034 2035 578 1895 2036 2037 
213 1720 531 526 1705 1721 532 527 1706 2032 2033 2038 576 580 1893 563 1899 2039 2040 579 1900 2036 2041 2042 581 1902 2043 2044 
214 1721 532 527 1706 832 125 124 829 2039 2040 2045 579 582 1900 565 1906 858 857 128 847 2043 2046 2047 583 1907 859 2048 
215 280 279 276 277 1722 1717 1702 1707 307 308 2049 305 2010 296 1871 1910 2050 2051 2012 1911 309 2052 2053 2014 1913 2054 2055 
216 1722 1717 1702 1707 1723 1718 1703 1708 2050 2051 2056 2012 2017 1911 1878 1917 2057 2058 2019 1918 2054 2059 2060 2021 1920 2061 2062 
217 1723 1718 1703 1708 1724 1719 1704 1709 2057 2058 2063 2019 2024 1918 1885 1924 2064 2065 2026 1925 2061 2066 2067 2028 1927 2068 2069 
218 1724 1719 1704 1709 1725 1720 1705 1710 2064 2065 2070 2026 2031 1925 1892 1931 2071 2072 2033 1932 2068 2073 2074 2035 1934 2075 2076 
219 1725 1720 1705 1710 1726 1721 1706 1711 2071 2072 2077 2033 2038 1932 1899 1938 2078 2079 2040 1939 2075 2080 2081 2042 1941 2082 2083 
220 1726 1721 1706 1711 833 832 829 830 2078 2079 2084 2040 2045 1939 1906 1945 861 860 857 850 2082 2085 2086 2047 1946 862 2087 
221 281 280 277 278 1727 1722 1707 1712 310 311 2088 308 2049 299 1910 1949 2089 2090 2051 1950 312 2091 2092 2053 1952 2093 2094 
222 1727 1722 1707 1712 1728 1723 1708 1713 2089 2090 2095 2051 2056 1950 1917 1956 2096 2097 2058 1957 2093 2098 2099 2060 1959 2100 2101 
223 1728 1723 1708 1713 1729 1724 1709 1714 2096 2097 2102 2058 2063 1957 1924 1963 2103 2104 2065 1964 2100 2105 2106 2067 1966 2107 2108 
224 1729 1724 1709 1714 1730 1725 1710 1715 2103 2104 2109 2065 2070 1964 1931 1970 2110 2111 2072 1971 2107 2112 2113 2074 1973 2114 2115 
225 1730 1725 1710 1715 1731 1726 1711 1716 2110 2111 2116 2072 2077 1971 1938 1977 2117 2118 2079 1978 2114 2119 2120 2081 1980 2121 2122 
226 1731 1726 1711 1716 834 833 830 831 2117 2118 2123 2079 2084 1978 1945 1984 864 863 860 853 2121 2124 2125 2086 1985 865 2126 
227 31 281 278 32 672 1727 1712 677 313 35 688 311 2088 302 1949 705 2127 704 2090 1988 314 2128 706 2092 1989 2129 2130 
228 672 1727 1712 677 673 1728 1713 678 2127 704 691 2090 2095 1988 1956 708 2131 707 2097 1992 2129 2132 709 2099 1993 2133 2134 
229 673 1728 1713 678 674 1729 1714 679 2131 707 694 2097 2102 1992 1963 711 2135 710 2104 1996 2133 2136 712 2106 1997 2137 2138 
230 674 1729 1714 679 675 1730 1715 680 2135 710 697 2104 2109 1996 1970 714 2139 713 2111 2000 2137 2140 715 2113 2001 2141 2142 
231 675 1730 1715 680 676 1731 1716 681 2139 713 700 2111 2116 2000 1977 717 2143 716 2118 2004 2141 2144 718 2120 2005 2145 2146 
232 676 1731 1716 681 159 834 831 160 2143 716 702 2118 2123 2004 1984 719 866 163 863 855 2145 2147 720 2125 2008 867 2148 
233 24 2 19 279 595 112 528 1717 27 315 611 23 117 304 568 2010 610 2149 584 2011 316 612 2150 585 2013 2151 2152 
234 595 112 528 1717 596 113 529 1718 610 2149 614 584 118 2011 571 2017 613 2153 586 2018 2151 615 2154 587 2020 2155 2156 
235 596 113 529 1718 597 114 530 1719 613 2153 617 586 119 2018 574 2024 616 2157 588 2025 2155 618 2158 589 2027 2159 2160 
236 597 114 530 1719 598 115 531 1720 616 2157 620 588 120 2025 577 2031 619 2161 590 2032 2159 621 2162 591 2034 2163 2164 
237 598 115 531 1720 599 116 532 1721 619 2161 623 590 121 2032 580 2038 622 2165 592 2039 2163 624 2166 593 2041 2167 2168 
238 599 116 532 1721 141 10 125 832 622 2165 625 592 122 2039 582 2045 144 868 129 858 2167 626 2169 594 2046 869 2170 
239 25 24 279 280 600 595 1717 1722 28 317 628 315 611 307 2010 2049 627 2171 2149 2050 318 629 2172 2150 2052 2173 2174 
240 600 595 1717 1722 601 596 1718 1723 627 2171 631 2149 614 2050 2017 2056 630 2175 2153 2057 2173 632 2176 2154 2059 2177 2178 
241 601 596 1718 1723 602 597 1719 1724 630 2175 634 2153 617 2057 2024 2063 633 2179 2157 2064 2177 635 2180 2158 2066 2181 2182 
242 602 597 1719 1724 603 598 1720 1725 633 2179 637 2157 620 2064 2031 2070 636 2183 2161 2071 2181 638 2184 2162 2073 2185 2186 
243 603 598 1720 1725 604 599 1721 1726 636 2183 640 2161 623 2071 2038 2077 639 2187 2165 2078 2185 641 2188 2166 2080 2189 2190 
244 604 599 1721 1726 142 141 832 833 639 2187 642 2165 625 2078 2045 2084 145 870 868 861 2189 643 2191 2169 2085 871 2192 
245 26 25 280 281 605 600 1722 1727 29 319 645 317 628 310 2049 2088 644 2193 2171 2089 320 646 2194 2172 2091 2195 2196 
246 605 600 1722 1727 606 601 1723 1728 644 2193 648 2171 631 2089 2056 2095 647 2197 2175 2096 2195 649 2198 2176 2098 2199 2200 
247 606 601 1723 1728 607 602 1724 1729 647 2197 651 2175 634 2096 2063 2102 650 2201 2179 2103 2199 652 2202 2180 2105 2203 2204 
248 607 602 1724 1729 608 603 1725 1730 650 2201 654 2179 637 2103 2070 2109 653 2205 2183 2110 2203 655 2206 2184 2112 2207 2208 
249 608 603 1725 1730 609 604 1726 1731 653 2205 657 2183 640 2110 2077 2116 656 2209 2187 2117 2207 658 2210 2188 2119 2211 2212 
250 609 604 1726 1731 143 142 833 834 656 2209 659 2187 642 2117 2084 2123 146 872 870 864 2211 660 2213 2191 2124 873 2214 
251 3 26 281 31 130 605 1727 672 30 34 135 319 645 313 2088 688 661 687 2193 2127 321 662 689 2194 2128 2215 2216 
252 130 605 1727 672 131 606 1728 673 661 687 136 2193 648 2127 2095 691 663 690 2197 2131 2215 664 692 2198 2132 2217 2218 
253 131 606 1728 673 132 607 1729 674 663 690 137 2197 651 2131 2102 694 665 693 2201 2135 2217 666 695 2202 2136 2219 2220 
254 132 607 1729 674 133 608 1730 675 665 693 138 2201 654 2135 2109 697 667 696 2205 2139 2219 668 698 2206 2140 2221 2222 
255 133 608 1730 675 134 609 1731 676 667 696 139 2205 657 2139 2116 700 669 699 2209 2143 2221 670 701 2210 2144 2223 2224 
256 134 609 1731 676 11 143 834 159 669 699 140 2209 659 2143 2123 702 147 162 872 866 2223 671 703 2213 2147 874 2225 
3 2 12 96
257 1 17 322 73 101 518 2226 1029 20 76 106 331 534 332 2271 1045 533 1044 2272 2273 333 535 1046 2274 2275 2276 2277 
258 101 518 2226 1029 102 519 2227 1030 533 1044 107 2272 537 2273 2278 1048 536 1047 2279 2280 2276 538 1049 2281 2282 2283 2284 
259 102 519 2227 1030 103 520 2228 1031 536 1047 108 2279 540 2280 2285 1051 539 1050 2286 2287 2283 541 1052 2288 2289 2290 2291 
260 103 520 2228 1031 104 521 2229 1032 539 1050 109 2286 543 2287 2292 1054 542 1053 2293 2294 2290 544 1055 2295 2296 2297 2298 
261 104 521 2229 1032 105 522 2230 1033 542 1053 110 2293 546 2294 2299 1057 545 1056 2300 2301 2297 547 1058 2302 2303 2304 2305 
262 105 522 2230 1033 9 123 1106 209 545 1056 111 2300 548 2301 2306 1059 126 212 1115 1116 2304 549 1060 2307 2308 1117 2309 
263 73 322 323 74 1029 2226 2231 1034 332 77 1045 334 2271 335 2310 1062 2273 1061 2311 2312 336 2275 1063 2313 2314 2315 2316 
264 1029 2226 2231 1034 1030 2227 2232 1035 2273 1061 1048 2311 2278 2312 2317 1065 2280 1064 2318 2319 2315 2282 1066 2320 2321 2322 2323 
265 1030 2227 2232 1035 1031 2228 2233 1036 2280 1064 1051 2318 2285 2319 2324 1068 2287 1067 2325 2326 2322 2289 1069 2327 2328 2329 2330 
266 1031 2228 2233 1036 1032 2229 2234 1037 2287 1067 1054 2325 2292 2326 2331 1071 2294 1070 2332 2333 2329 2296 1072 2334 2335 2336 2337 
267 1032 2229 2234 1037 1033 2230 2235 1038 2294 1070 1057 2332 2299 2333 2338 1074 2301 1073 2339 2340 2336 2303 1075 2341 2342 2343 2344 
268 1033 2230 2235 1038 209 1106 1107 210 2301 1073 1059 2339 2306 2340 2345 1076 1116 213 1118 1119 2343 2308 1077 2346 2347 1120 2348 
269 74 323 324 75 1034 2231 2236 1039 335 78 1062 337 2310 338 2349 1079 2312 1078 2350 2351 339 2314 1080 2352 2353 2354 2355 
270 1034 2231 2236 1039 1035 2232 2237 1040 2312 1078 1065 2350 2317 2351 2356 1082 2319 1081 2357 2358 2354 2321 1083 2359 2360 2361 2362 
271 1035 2232 2237 1040 1036 2233 2238 1041 2319 1081 1068 2357 2324 2358 2363 1085 2326 1084 2364 2365 2361 2328 1086 2366 2367 2368 2369 
272 1036 2233 2238 1041 1037 2234 2239 1042 2326 1084 1071 2364 2331 2365 2370 1088 2333 1087 2371 2372 2368 2335 1089 2373 2374 2375 2376 
273 1037 2234 2239 1042 1038 2235 2240 1043 2333 1087 1074 2371 2338 2372 2377 1091 2340 1090 2378 2379 2375 2342 1092 2380 2381 2382 2383 
274 1038 2235 2240 1043 210 1107 1108 211 2340 1090 1076 2378 2345 2379 2384 1093 1119 214 1121 1122 2382 2347 1094 2385 2386 1123 2387 
275 75 324 45 5 1039 2236 952 191 338 79 1079 340 2349 48 968 196 2351 1095 2388 967 341 2353 1096 2389 969 2390 2391 
276 1039 2236 952 191 1040 2237 953 192 2351 1095 1082 2388 2356 967 971 197 2358 1097 2392 970 2390 2360 1098 2393 972 2394 2395 
277 1040 2237 953 192 1041 2238 954 193 2358 1097 1085 2392 2363 970 974 198 2365 1099 2396 973 2394 2367 1100 2397 975 2398 2399 
278 1041 2238 954 193 1042 2239 955 194 2365 1099 1088 2396 2370 973 977 199 2372 1101 2400 976 2398 2374 1102 2401 978 2402 2403 
279 1042 2239 955 194 1043 2240 956 195 2372 1101 1091 2400 2377 976 980 200 2379 1103 2404 979 2402 2381 1104 2405 981 2406 2407 
280 1043 2240 956 195 211 1108 202 14 2379 1103 1093 2404 2384 979 982 201 1122 215 1124 205 2406 2386 1105 2408 983 1125 2409 
281 17 18 325 322 518 523 2241 2226 21 331 534 342 551 343 2410 2271 550 2272 2411 2412 344 552 2274 2413 2414 2415 2416 
282 518 523 2241 2226 519 524 2242 2227 550 2272 537 2411 554 2412 2417 2278 553 2279 2418 2419 2415 555 2281 2420 2421 2422 2423 
283 519 524 2242 2227 520 525 2243 2228 553 2279 540 2418 557 2419 2424 2285 556 2286 2425 2426 2422 558 2288 2427 2428 2429 2430 
284 520 525 2243 2228 521 526 2244 2229 556 2286 543 2425 560 2426 2431 2292 559 2293 2432 2433 2429 561 2295 2434 2435 2436 2437 
285 521 526 2244 2229 522 527 2245 2230 559 2293 546 2432 563 2433 2438 2299 562 2300 2439 2440 2436 564 2302 2441 2442 2443 2444 
286 522 527 2245 2230 123 124 1109 1106 562 2300 548 2439 565 2440 2445 2306 127 1115 1126 1127 2443 566 2307 2446 2447 1128 2448 
287 322 325 326 323 2226 2241 2246 2231 343 334 2271 345 2410 346 2449 2310 2412 2311 2450 2451 347 2414 2313 2452 2453 2454 2455 
288 2226 2241 2246 2231 2227 2242 2247 2232 2412 2311 2278 2450 2417 2451 2456 2317 2419 2318 2457 2458 2454 2421 2320 2459 2460 2461 2462 
289 2227 2242 2247 2232 2228 2243 2248 2233 2419 2318 2285 2457 2424 2458 2463 2324 2426 2325 2464 2465 2461 2428 2327 2466 2467 2468 2469 
290 2228 2243 2248 2233 2229 2244 2249 2234 2426 2325 2292 2464 2431 2465 2470 2331 2433 2332 2471 2472 2468 2435 2334 2473 2474 2475 2476 
291 2229 2244 2249 2234 2230 2245 2250 2235 2433 2332 2299 2471 2438 2472 2477 2338 2440 2339 2478 2479 2475 2442 2341 2480 2481 2482 2483 
292 2230 2245 2250 2235 1106 1109 1110 1107 2440 2339 2306 2478 2445 2479 2484 2345 1127 1118 1129 1130 2482 2447 2346 2485 2486 1131 2487 
293 323 326 327 324 2231 2246 2251 2236 346 337 2310 348 2449 349 2488 2349 2451 2350 2489 2490 350 2453 2352 2491 2492 2493 2494 
294 2231 2246 2251 2236 2232 2247 2252 2237 2451 2350 2317 2489 2456 2490 2495 2356 2458 2357 2496 2497 2493 2460 2359 2498 2499 2500 2501 
295 2232 2247 2252 2237 2233 2248 2253 2238 2458 2357 2324 2496 2463 2497 2502 2363 2465 2364 2503 2504 2500 2467 2366 2505 2506 2507 2508 
296 2233 2248 2253 2238 2234 2249 2254 2239 2465 2364 2331 2503 2470 2504 2509 2370 2472 2371 2510 2511 2507 2474 2373 2512 2513 2514 2515 
297 2234 2249 2254 2239 2235 2250 2255 2240 2472 2371 2338 2510 2477 2511 2516 2377 2479 2378 2517 2518 2514 2481 2380 2519 2520 2521 2522 
298 2235 2250 2255 2240 1107 1110 1111 1108 2479 2378 2345 2517 2484 2518 2523 2384 1130 1121 1132 1133 2521 2486 2385 2524 2525 1134 2526 
299 324 327 46 45 2236 2251 957 952 349 340 2349 351 2488 49 985 968 2490 2388 2527 984 352 2492 2389 2528 986 2529 2530 
300 2236 2251 957 952 2237 2252 958 953 2490 2388 2356 2527 2495 984 988 971 2497 2392 2531 987 2529 2499 2393 2532 989 2533 2534 
301 2237 2252 958 953 2238 2253 959 954 2497 2392 2363 2531 2502 987 991 974 2504 2396 2535 990 2533 2506 2397 2536 992 2537 2538 
302 2238 2253 959 954 2239 2254 960 955 2504 2396 2370 2535 2509 990 994 977 2511 2400 2539 993 2537 2513 2401 2540 995 2541 2542 
303 2239 2254 960 955 2240 2255 961 956 2511 2400 2377 2539 2516 993 997 980 2518 2404 2543 996 2541 2520 2405 2544 998 2545 2546 
304 2240 2255 961 956 1108 1111 203 202 2518 2404 2384 2543 2523 996 999 982 1133 1124 1135 206 2545 2525 2408 2547 1000 1136 2548 
305 18 19 328 325 523 528 2256 2241 22 342 551 353 568 354 2549 2410 567 2411 2550 2551 355 569 2413 2552 2553 2554 2555 
306 523 528 2256 2241 524 529 2257 2242 567 2411 554 2550 571 2551 2556 2417 570 2418 2557 2558 2554 572 2420 2559 2560 2561 2562 
307 524 529 2257 2242 525 530 2258 2243 570 2418 557 2557 574 2558 2563 2424 573 2425 2564 2565 2561 575 2427 2566 2567 2568 2569 
308 525 530 2258 2243 526 531 2259 2244 573 2425 560 2564 577 2565 2570 2431 576 2432 2571 2572 2568 578 2434 2573 2574 2575 2576 
309 526 531 2259 2244 527 532 2260 2245 576 2432 563 2571 580 2572 2577 2438 579 2439 2578 2579 2575 581 2441 2580 2581 2582 2583 
310 527 532 2260 2245 124 125 1112 1109 579 2439 565 2578 582 2579 2584 2445 128 1126 1137 1138 2582 583 2446 2585 2586 1139 2587 
311 325 328 329 326 2241 2256 2261 2246 354 345 2410 356 2549 357 2588 2449 2551 2450 2589 2590 358 2553 2452 2591 2592 2593 2594 
312 2241 2256 2261 2246 2242 2257 2262 2247 2551 2450 2417 2589 2556 2590 2595 2456 2558 2457 2596 2597 2593 2560 2459 2598 2599 2600 2601 
313 2242 2257 2262 2247 2243 2258 2263 2248 2558 2457 2424 2596 2563 2597 2602 2463 2565 2464 2603 2604 2600 2567 2466 2605 2606 2607 2608 
314 2243 2258 2263 2248 2244 2259 2264 2249 2565 2464 2431 2603 2570 2604 2609 2470 2572 2471 2610 2611 2607 2574 2473 2612 2613 2614 2615 
315 2244 2259 2264 2249 2245 2260 2265 2250 2572 2471 2438 2610 2577 2611 2616 2477 2579 2478 2617 2618 2614 2581 2480 2619 2620 2621 2622 
316 2245 2260 2265 2250 1109 1112 1113 1110 2579 2478 2445 2617 2584 2618 2623 2484 1138 1129 1140 1141 2621 2586 2485 2624 2625 1142 2626 
317 326 329 330 327 2246 2261 2266 2251 357 348 2449 359 2588 360 2627 2488 2590 2489 2628 2629 361 2592 2491 2630 2631 2632 2633 
318 2246 2261 2266 2251 2247 2262 2267 2252 2590 2489 2456 2628 2595 2629 2634 2495 2597 2496 2635 2636 2632 2599 2498 2637 2638 2639 2640 
319 2247 2262 2267 2252 2248 2263 2268 2253 2597 2496 2463 2635 2602 2636 2641 2502 2604 2503 2642 2643 2639 2606 2505 2644 2645 2646 2647 
320 2248 2263 2268 2253 2249 2264 2269 2254 2604 2503 2470 2642 2609 2643 2648 2509 2611 2510 2649 2650 2646 2613 2512 2651 2652 2653 2654 
321 2249 2264 2269 2254 2250 2265 2270 2255 2611 2510 2477 2649 2616 2650 2655 2516 2618 2517 2656 2657 2653 2620 2519 2658 2659 2660 2661 
322 2250 2265 2270 2255 1110 1113 1114 1111 2618 2517 2484 2656 2623 2657 2662 2523 1141 1132 1143 1144 2660 2625 2524 2663 2664 1145 2665 
323 327 330 47 46 2251 2266 962 957 360 351 2488 362 2627 50 1002 985 2629 2527 2666 1001 363 2631 2528 2667 1003 2668 2669 
324 2251 2266 962 957 2252 2267 963 958 2629 2527 2495 2666 2634 1001 1005 988 2636 2531 2670 1004 2668 2638 2532 2671 1006 2672 2673 
325 2252 2267 963 958 2253 2268 964 959 2636 2531 2502 2670 2641 1004 1008 991 2643 2535 2674 1007 2672 2645 2536 2675 1009 2676 2677 
326 2253 2268 964 959 2254 2269 965 960 2643 2535 2509 2674 2648 1007 1011 994 2650 2539 2678 1010 2676 2652 2540 2679 1012 2680 2681 
327 2254 2269 965 960 2255 2270 966 961 2650 2539 2516 2678 2655 1010 1014 997 2657 2543 2682 1013 2680 2659 2544 2683 1015 2684 2685 
328 2255 2270 966 961 1111 1114 204 203 2657 2543 2523 2682 2662 1013 1016 999 1144 1135 1146 207 2684 2664 2547 2686 1017 1147 2687 
329 19 2 80 328 528 112 875 2256 23 353 568 83 117 364 890 2549 584 2550 891 2688 365 585 2552 892 2689 2690 2691 
330 528 112 875 2256 529 113 876 2257 584 2550 571 891 118 2688 893 2556 586 2557 894 2692 2690 587 2559 895 2693 2694 2695 
331 529 113 876 2257 530 114 877 2258 586 2557 574 894 119 2692 896 2563 588 2564 897 2696 2694 589 2566 898 2697 2698 2699 
332 530 114 877 2258 531 115 878 2259 588 2564 577 897 120 2696 899 2570 590 2571 900 2700 2698 591 2573 901 2701 2702 2703 
333 531 115 878 2259 532 116 879 2260 590 2571 580 900 121 2700 902 2577 592 2578 903 2704 2702 593 2580 904 2705 2706 2707 
334 532 116 879 2260 125 10 184 1112 592 2578 582 903 122 2704 905 2584 129 1137 187 1148 2706 594 2585 906 2708 1149 2709 
335 328 80 81 329 2256 875 880 2261 364 356 2549 84 890 366 907 2588 2688 2589 908 2710 367 2689 2591 909 2711 2712 2713 
336 2256 875 880 2261 2257 876 881 2262 2688 2589 2556 908 893 2710 910 2595 2692 2596 911 2714 2712 2693 2598 912 2715 2716 2717 
337 2257 876 881 2262 2258 877 882 2263 2692 2596 2563 911 896 2714 913 2602 2696 2603 914 2718 2716 2697 2605 915 2719 2720 2721 
338 2258 877 882 2263 2259 878 883 2264 2696 2603 2570 914 899 2718 916 2609 2700 2610 917 2722 2720 2701 2612 918 2723 2724 2725 
339 2259 878 883 2264 2260 879 884 2265 2700 2610 2577 917 902 2722 919 2616 2704 2617 920 2726 2724 2705 2619 921 2727 2728 2729 
340 2260 879 884 2265 1112 184 185 1113 2704 2617 2584 920 905 2726 922 2623 1148 1140 188 1150 2728 2708 2624 923 2730 1151 2731 
341 329 81 82 330 2261 880 885 2266 366 359 2588 85 907 368 924 2627 2710 2628 925 2732 369 2711 2630 926 2733 2734 2735 
342 2261 880 885 2266 2262 881 886 2267 2710 2628 2595 925 910 2732 927 2634 2714 2635 928 2736 2734 2715 2637 929 2737 2738 2739 
343 2262 881 886 2267 2263 882 887 2268 2714 2635 2602 928 913 2736 930 2641 2718 2642 931 2740 2738 2719 2644 932 2741 2742 2743 
344 2263 882 887 2268 2264 883 888 2269 2718 2642 2609 931 916 2740 933 2648 2722 2649 934 2744 2742 2723 2651 935 2745 2746 2747 
345 2264 883 888 2269 2265 884 889 2270 2722 2649 2616 934 919 2744 936 2655 2726 2656 937 2748 2746 2727 2658 938 2749 2750 2751 
346 2265 884 889 2270 1113 185 186 1114 2726 2656 2623 937 922 2748 939 2662 1150 1143 189 1152 2750 2730 2663 940 2752 1153 2753 
347 330 82 6 47 2266 885 173 962 368 362 2627 86 924 51 178 1002 2732 2666 941 1018 370 2733 2667 942 1019 2754 2755 
348 2266 885 173 962 2267 886 174 963 2732 2666 2634 941 927 1018 179 1005 2736 2670 943 1020 2754 2737 2671 944 1021 2756 2757 
349 2267 886 174 963 2268 887 175 964 2736 2670 2641 943 930 1020 180 1008 2740 2674 945 1022 2756 2741 2675 946 1023 2758 2759 
350 2268 887 175 964 2269 888 176 965 2740 2674 2648 945 933 1022 181 1011 2744 2678 947 1024 2758 2745 2679 948 1025 2760 2761 
351 2269 888 176 965 2270 889 177 966 2744 2678 2655 947 936 1024 182 1014 2748 2682 949 1026 2760 2749 2683 950 1027 2762 2763 
352 2270 889 177 966 1114 186 13 204 2748 2682 2662 949 939 1026 183 1016 1152 1146 190 208 2762 2752 2686 951 1028 1154 2764 
3 3 12 96
353 2 24 371 80 112 595 2765 875 27 83 117 380 611 381 2810 890 610 891 2811 2812 382 612 892 2813 2814 2815 2816 
354 112 595 2765 875 113 596 2766 876 610 891 118 2811 614 2812 2817 893 613 894 2818 2819 2815 615 895 2820 2821 2822 2823 
355 113 596 2766 876 114 597 2767 877 613 894 119 2818 617 2819 2824 896 616 897 2825 2826 2822 618 898 2827 2828 2829 2830 
356 114 597 2767 877 115 598 2768 878 616 897 120 2825 620 2826 2831 899 619 900 2832 2833 2829 621 901 2834 2835 2836 2837 
357 115 598 2768 878 116 599 2769 879 619 900 121 2832 623 2833 2838 902 622 903 2839 2840 2836 624 904 2841 2842 2843 2844 
358 116 599 2769 879 10 141 1309 184 622 903 122 2839 625 2840 2845 905 144 187 1318 1319 2843 626 906 2846 2847 1320 2848 
359 80 371 372 81 875 2765 2770 880 381 84 890 383 2810 384 2849 907 2812 908 2850 2851 385 2814 909 2852 2853 2854 2855 
360 875 2765 2770 880 876 2766 2771 881 2812 908 893 2850 2817 2851 2856 910 2819 911 2857 2858 2854 2821 912 2859 2860 2861 2862 
361 876 2766 2771 881 877 2767 2772 882 2819 911 896 2857 2824 2858 2863 913 2826 914 2864 2865 2861 2828 915 2866 2867 2868 2869 
362 877 2767 2772 882 878 2768 2773 883 2826 914 899 2864 2831 2865 2870 916 2833 917 2871 2872 2868 2835 918 2873 2874 2875 2876 
363 878 2768 2773 883 879 2769 2774 884 2833 917 902 2871 2838 2872 2877 919 2840 920 2878 2879 2875 2842 921 2880 2881 2882 2883 
364 879 2769 2774 884 184 1309 1310 185 2840 920 905 2878 2845 2879 2884 922 1319 188 1321 1322 2882 2847 923 2885 2886 1323 2887 
365 81 372 373 82 880 2770 2775 885 384 85 907 386 2849 387 2888 924 2851 925 2889 2890 388 2853 926 2891 2892 2893 2894 
366 880 2770 2775 885 881 2771 2776 886 2851 925 910 2889 2856 2890 2895 927 2858 928 2896 2897 2893 2860 929 2898 2899 2900 2901 
367 881 2771 2776 886 882 2772 2777 887 2858 928 913 2896 2863 2897 2902 930 2865 931 2903 2904 2900 2867 932 2905 2906 2907 2908 
368 882 2772 2777 887 883 2773 2778 888 2865 931 916 2903 2870 2904 2909 933 2872 934 2910 2911 2907 2874 935 2912 2913 2914 2915 
369 883 2773 2778 888 884 2774 2779 889 2872 934 919 2910 2877 2911 2916 936 2879 937 2917 2918 2914 2881 938 2919 2920 2921 2922 
370 884 2774 2779 889 185 1310 1311 186 2879 937 922 2917 2884 2918 2923 939 1322 189 1324 1325 2921 2886 940 2924 2925 1326 2926 
371 82 373 52 6 885 2775 1232 173 387 86 924 389 2888 55 1248 178 2890 941 2927 1247 390 2892 942 2928 1249 2929 2930 
372 885 2775 1232 173 886 2776 1233 174 2890 941 927 2927 2895 1247 1251 179 2897 943 2931 1250 2929 2899 944 2932 1252 2933 2934 
373 886 2776 1233 174 887 2777 1234 175 2897 943 930 2931 2902 1250 1254 180 2904 945 2935 1253 2933 2906 946 2936 1255 2937 2938 
374 887 2777 1234 175 888 2778 1235 176 2904 945 933 2935 2909 1253 1257 181 2911 947 2939 1256 2937 2913 948 2940 1258 2941 2942 
375 888 2778 1235 176 889 2779 1236 177 2911 947 936 2939 2916 1256 1260 182 2918 949 2943 1259 2941 2920 950 2944 1261 2945 2946 
376 889 2779 1236 177 186 1311 234 13 2918 949 939 2943 2923 1259 1262 183 1325 190 1327 237 2945 2925 951 2947 1263 1328 2948 
377 24 25 374 371 595 600 2780 2765 28 380 611 391 628 392 2949 2810 627 2811 2950 2951 393 629 2813 2952 2953 2954 2955 
378 595 600 2780 2765 596 601 2781 2766 627 2811 614 2950 631 2951 2956 2817 630 2818 2957 2958 2954 632 2820 2959 2960 2961 2962 
379 596 601 2781 2766 597 602 2782 2767 630 2818 617 2957 634 2958 2963 2824 633 2825 2964 2965 2961 635 2827 2966 2967 2968 2969 
380 597 602 2782 2767 598 603 2783 2768 633 2825 620 2964 637 2965 2970 2831 636 2832 2971 2972 2968 638 2834 2973 2974 2975 2976 
381 598 603 2783 2768 599 604 2784 2769 636 2832 623 2971 640 2972 2977 2838 639 2839 2978 2979 2975 641 2841 2980 2981 2982 2983 
382 599 604 2784 2769 141 142 1312 1309 639 2839 625 2978 642 2979 2984 2845 145 1318 1329 1330 2982 643 2846 2985 2986 1331 2987 
383 371 374 375 372 2765 2780 2785 2770 392 383 2810 394 2949 395 2988 2849 2951 2850 2989 2990 396 2953 2852 2991 2992 2993 2994 
384 2765 2780 2785 2770 2766 2781 2786 2771 2951 2850 2817 2989 2956 2990 2995 2856 2958 2857 2996 2997 2993 2960 2859 2998 2999 3000 3001 
385 2766 2781 2786 2771 2767 2782 2787 2772 2958 2857 2824 2996 2963 2997 3002 2863 2965 2864 3003 3004 3000 2967 2866 3005 3006 3007 3008 
386 2767 2782 2787 2772 2768 2783 2788 2773 2965 2864 2831 3003 2970 3004 3009 2870 2972 2871 3010 3011 3007 2974 2873 3012 3013 3014 3015 
387 2768 2783 2788 2773 2769 2784 2789 2774 2972 2871 2838 3010 2977 3011 3016 2877 2979 2878 3017 3018 3014 2981 2880 3019 3020 3021 3022 
388 2769 2784 2789 2774 1309 1312 1313 1310 2979 2878 2845 3017 2984 3018 3023 2884 1330 1321 1332 1333 3021 2986 2885 3024 3025 1334 3026 
389 372 375 376 373 2770 2785 2790 2775 395 386 2849 397 2988 398 3027 2888 2990 2889 3028 3029 399 2992 2891 3030 3031 3032 3033 
390 2770 2785 2790 2775 2771 2786 2791 2776 2990 2889 2856 3028 2995 3029 3034 2895 2997 2896 3035 3036 3032 2999 2898 3037 3038 3039 3040 
391 2771 2786 2791 2776 2772 2787 2792 2777 2997 2896 2863 3035 3002 3036 3041 2902 3004 2903 3042 3043 3039 3006 2905 3044 3045 3046 3047 
392 2772 2787 2792 2777 2773 2788 2793 2778 3004 2903 2870 3042 3009 3043 3048 2909 3011 2910 3049 3050 3046 3013 2912 3051 3052 3053 3054 
393 2773 2788 2793 2778 2774 2789 2794 2779 3011 2910 2877 3049 3016 3050 3055 2916 3018 2917 3056 3057 3053 3020 2919 3058 3059 3060 3061 
394 2774 2789 2794 2779 1310 1313 1314 1311 3018 2917 2884 3056 3023 3057 3062 2923 1333 1324 1335 1336 3060 3025 2924 3063 3064 1337 3065 
395 373 376 53 52 2775 2790 1237 1232 398 389 2888 400 3027 56 1265 1248 3029 2927 3066 1264 401 3031 2928 3067 1266 3068 3069 
396 2775 2790 1237 1232 2776 2791 1238 1233 3029 2927 2895 3066 3034 1264 1268 1251 3036 2931 3070 1267 3068 3038 2932 3071 1269 3072 3073 
397 2776 2791 1238 1233 2777 2792 1239 1234 3036 2931 2902 3070 3041 1267 1271 1254 3043 2935 3074 1270 3072 3045 2936 3075 1272 3076 3077 
398 2777 2792 1239 1234 2778 2793 1240 1235 3043 2935 2909 3074 3048 1270 1274 1257 3050 2939 3078 1273 3076 3052 2940 3079 1275 3080 3081 
399 2778 2793 1240 1235 2779 2794 1241 1236 3050 2939 2916 3078 3055 1273 1277 1260 3057 2943 3082 1276 3080 3059 2944 3083 1278 3084 3085 
400 2779 2794 1241 1236 1311 1314 235 234 3057 2943 2923 3082 3062 1276 1279 1262 1336 1327 1338 238 3084 3064 2947 3086 1280 1339 3087 
401 25 26 377 374 600 605 2795 2780 29 391 628 402 645 403 3088 2949 644 2950 3089 3090 404 646 2952 3091 3092 3093 3094 
402 600 605 2795 2780 601 606 2796 2781 644 2950 631 3089 648 3090 3095 2956 647 2957 3096 3097 3093 649 2959 3098 3099 3100 3101 
403 601 606 2796 2781 602 607 2797 2782 647 2957 634 3096 651 3097 3102 2963 650 2964 3103 3104 3100 652 2966 3105 3106 3107 3108 
404 602 607 2797 2782 603 608 2798 2783 650 2964 637 3103 654 3104 3109 2970 653 2971 3110 3111 3107 655 2973 3112 3113 3114 3115 
405 603 608 2798 2783 604 609 2799 2784 653 2971 640 3110 657 3111 3116 2977 656 2978 3117 3118 3114 658 2980 3119 3120 3121 3122 
406 604 609 2799 2784 142 143 1315 1312 656 2978 642 3117 659 3118 3123 2984 146 1329 1340 1341 3121 660 2985 3124 3125 1342 3126 
407 374 377 378 375 2780 2795 2800 2785 403 394 2949 405 3088 406 3127 2988 3090 2989 3128 3129 407 3092 2991 3130 3131 3132 3133 
408 2780 2795 2800 2785 2781 2796 2801 2786 3090 2989 2956 3128 3095 3129 3134 2995 3097 2996 3135 3136 3132 3099 2998 3137 3138 3139 3140 
409 2781 2796 2801 2786 2782 2797 2802 2787 3097 2996 2963 3135 3102 3136 3141 3002 3104 3003 3142 3143 3139 3106 3005 3144 3145 3146 3147 
410 2782 2797 2802 2787 2783 2798 2803 2788 3104 3003 2970 3142 3109 3143 3148 3009 3111 3010 3149 3150 3146 3113 3012 3151 3152 3153 3154 
411 2783 2798 2803 2788 2784 2799 2804 2789 3111 3010 2977 3149 3116 3150 3155 3016 3118 3017 3156 3157 3153 3120 3019 3158 3159 3160 3161 
412 2784 2799 2804 2789 1312 1315 1316 1313 3118 3017 2984 3156 3123 3157 3162 3023 1341 1332 1343 1344 3160 3125 3024 3163 3164 1345 3165 
413 375 378 379 376 2785 2800 2805 2790 406 397 2988 408 3127 409 3166 3027 3129 3028 3167 3168 410 3131 3030 3169 3170 3171 3172 
414 2785 2800 2805 2790 2786 2801 2806 2791 3129 3028 2995 3167 3134 3168 3173 3034 3136 3035 3174 3175 3171 3138 3037 3176 3177 3178 3179 
415 2786 2801 2806 2791 2787 2802 2807 2792 3136 3035 3002 3174 3141 3175 3180 3041 3143 3042 3181 3182 3178 3145 3044 3183 3184 3185 3186 
416 2787 2802 2807 2792 2788 2803 2808 2793 3143 3042 3009 3181 3148 3182 3187 3048 3150 3049 3188 3189 3185 3152 3051 3190 3191 3192 3193 
417 2788 2803 2808 2793 2789 2804 2809 2794 3150 3049 3016 3188 3155 3189 3194 3055 3157 3056 3195 3196 3192 3159 3058 3197 3198 3199 3200 
418 2789 2804 2809 2794 1313 1316 1317 1314 3157 3056 3023 3195 3162 3196 3201 3062 1344 1335 1346 1347 3199 3164 3063 3202 3203 1348 3204 
419 376 379 54 53 2790 2805 1242 1237 409 400 3027 411 3166 57 1282 1265 3168 3066 3205 1281 412 3170 3067 3206 1283 3207 3208 
420 2790 2805 1242 1237 2791 2806 1243 1238 3168 3066 3034 3205 3173 1281 1285 1268 3175 3070 3209 1284 3207 3177 3071 3210 1286 3211 3212 
421 2791 2806 1243 1238 2792 2807 1244 1239 3175 3070 3041 3209 3180 1284 1288 1271 3182 3074 3213 1287 3211 3184 3075 3214 1289 3215 3216 
422 2792 2807 1244 1239 2793 2808 1245 1240 3182 3074 3048 3213 3187 1287 1291 1274 3189 3078 3217 1290 3215 3191 3079 3218 1292 3219 3220 
423 2793 2808 1245 1240 2794 2809 1246 1241 3189 3078 3055 3217 3194 1290 1294 1277 3196 3082 3221 1293 3219 3198 3083 3222 1295 3223 3224 
424 2794 2809 1246 1241 1314 1317 236 235 3196 3082 3062 3221 3201 1293 1296 1279 1347 1338 1349 239 3223 3203 3086 3225 1297 1350 3226 
425 26 3 87 377 605 130 1155 2795 30 402 645 90 135 413 1170 3088 661 3089 1171 3227 414 662 3091 1172 3228 3229 3230 
426 605 130 1155 2795 606 131 1156 2796 661 3089 648 1171 136 3227 1173 3095 663 3096 1174 3231 3229 664 3098 1175 3232 3233 3234 
427 606 131 1156 2796 607 132 1157 2797 663 3096 651 1174 137 3231 1176 3102 665 3103 1177 3235 3233 666 3105 1178 3236 3237 3238 
428 607 132 1157 2797 608 133 1158 2798 665 3103 654 1177 138 3235 1179 3109 667 3110 1180 3239 3237 668 3112 1181 3240 3241 3242 
429 608 133 1158 2798 609 134 1159 2799 667 3110 657 1180 139 3239 1182 3116 669 3117 1183 3243 3241 670 3119 1184 3244 3245 3246 
430 609 134 1159 2799 143 11 227 1315 669 3117 659 1183 140 3243 1185 3123 147 1340 230 1351 3245 671 3124 1186 3247 1352 3248 
431 377 87 88 378 2795 1155 1160 2800 413 405 3088 91 1170 415 1187 3127 3227 3128 1188 3249 416 3228 3130 1189 3250 3251 3252 
432 2795 1155 1160 2800 2796 1156 1161 2801 3227 3128 3095 1188 1173 3249 1190 3134 3231 3135 1191 3253 3251 3232 3137 1192 3254 3255 3256 
433 2796 1156 1161 2801 2797 1157 1162 2802 3231 3135 3102 1191 1176 3253 1193 3141 3235 3142 1194 3257 3255 3236 3144 1195 3258 3259 3260 
434 2797 1157 1162 2802 2798 1158 1163 2803 3235 3142 3109 1194 1179 3257 1196 3148 3239 3149 1197 3261 3259 3240 3151 1198 3262 3263 3264 
435 2798 1158 1163 2803 2799 1159 1164 2804 3239 3149 3116 1197 1182 3261 1199 3155 3243 3156 1200 3265 3263 3244 3158 1201 3266 3267 3268 
436 2799 1159 1164 2804 1315 227 228 1316 3243 3156 3123 1200 1185 3265 1202 3162 1351 1343 231 1353 3267 3247 3163 1203 3269 1354 3270 
437 378 88 89 379 2800 1160 1165 2805 415 408 3127 92 1187 417 1204 3166 3249 3167 1205 3271 418 3250 3169 1206 3272 3273 3274 
438 2800 1160 1165 2805 2801 1161 1166 2806 3249 3167 3134 1205 1190 3271 1207 3173 3253 3174 1208 3275 3273 3254 3176 1209 3276 3277 3278 
439 2801 1161 1166 2806 2802 1162 1167 2807 3253 3174 3141 1208 1193 3275 1210 3180 3257 3181 1211 3279 3277 3258 3183 1212 3280 3281 3282 
440 2802 1162 1167 2807 2803 1163 1168 2808 3257 3181 3148 1211 1196 3279 1213 3187 3261 3188 1214 3283 3281 3262 3190 1215 3284 3285 3286 
441 2803 1163 1168 2808 2804 1164 1169 2809 3261 3188 3155 1214 1199 3283 1216 3194 3265 3195 1217 3287 3285 3266 3197 1218 3288 3289 3290 
442 2804 1164 1169 2809 1316 228 229 1317 3265 3195 3162 1217 1202 3287 1219 3201 1353 1346 232 1355 3289 3269 3202 1220 3291 1356 3292 
443 379 89 7 54 2805 1165 216 1242 417 411 3166 93 1204 58 221 1282 3271 3205 1221 1298 419 3272 3206 1222 1299 3293 3294 
444 2805 1165 216 1242 2806 1166 217 1243 3271 3205 3173 1221 1207 1298 222 1285 3275 3209 1223 1300 3293 3276 3210 1224 1301 3295 3296 
445 2806 1166 217 1243 2807 1167 218 1244 3275 3209 3180 1223 1210 1300 223 1288 3279 3213 1225 1302 3295 3280 3214 1226 1303 3297 3298 
446 2807 1167 218 1244 2808 1168 219 1245 3279 3213 3187 1225 1213 1302 224 1291 3283 3217 1227 1304 3297 3284 3218 1228 1305 3299 3300 
447 2808 1168 219 1245 2809 1169 220 1246 3283 3217 3194 1227 1216 1304 225 1294 3287 3221 1229 1306 3299 3288 3222 1230 1307 3301 3302 
448 2809 1169 220 1246 1317 229 15 236 3287 3221 3201 1229 1219 1306 226 1296 1355 1349 233 240 3301 3291 3225 1231 1308 1357 3303 
3 4 12 96
449 3 31 420 87 130 672 3304 1155 34 90 135 429 688 430 3349 1170 687 1171 3350 3351 431 689 1172 3352 3353 3354 3355 
450 130 672 3304 1155 131 673 3305 1156 687 1171 136 3350 691 3351 3356 1173 690 1174 3357 3358 3354 692 1175 3359 3360 3361 3362 
451 131 673 3305 1156 132 674 3306 1157 690 1174 137 3357 694 3358 3363 1176 693 1177 3364 3365 3361 695 1178 3366 3367 3368 3369 
452 132 674 3306 1157 133 675 3307 1158 693 1177 138 3364 697 3365 3370 1179 696 1180 3371 3372 3368 698 1181 3373 3374 3375 3376 
453 133 675 3307 1158 134 676 3308 1159 696 1180 139 3371 700 3372 3377 1182 699 1183 3378 3379 3375 701 1184 3380 3381 3382 3383 
454 134 676 3308 1159 11 159 1512 227 699 1183 140 3378 702 3379 3384 1185 162 230 1521 1522 3382 703 1186 3385 3386 1523 3387 
455 87 420 421 88 1155 3304 3309 1160 430 91 1170 432 3349 433 3388 1187 3351 1188 3389 3390 434 3353 1189 3391 3392 3393 3394 
456 1155 3304 3309 1160 1156 3305 3310 1161 3351 1188 1173 3389 3356 3390 3395 1190 3358 1191 3396 3397 3393 3360 1192 3398 3399 3400 3401 
457 1156 3305 3310 1161 1157 3306 3311 1162 3358 1191 1176 3396 3363 3397 3402 1193 3365 1194 3403 3404 3400 3367 1195 3405 3406 3407 3408 
458 1157 3306 3311 1162 1158 3307 3312 1163 3365 1194 1179 3403 3370 3404 3409 1196 3372 1197 3410 3411 3407 3374 1198 3412 3413 3414 3415 
459 1158 3307 3312 1163 1159 3308 3313 1164 3372 1197 1182 3410 3377 3411 3416 1199 3379 1200 3417 3418 3414 3381 1201 3419 3420 3421 3422 
460 1159 3308 3313 1164 227 1512 1513 228 3379 1200 1185 3417 3384 3418 3423 1202 1522 231 1524 1525 3421 3386 1203 3424 3425 1526 3426 
461 88 421 422 89 1160 3309 3314 1165 433 92 1187 435 3388 436 3427 1204 3390 1205 3428 3429 437 3392 1206 3430 3431 3432 3433 
462 1160 3309 3314 1165 1161 3310 3315 1166 3390 1205 1190 3428 3395 3429 3434 1207 3397 1208 3435 3436 3432 3399 1209 3437 3438 3439 3440 
463 1161 3310 3315 1166 1162 3311 3316 1167 3397 1208 1193 3435 3402 3436 3441 1210 3404 1211 3442 3443 3439 3406 1212 3444 3445 3446 3447 
464 1162 3311 3316 1167 1163 3312 3317 1168 3404 1211 1196 3442 3409 3443 3448 1213 3411 1214 3449 3450 3446 3413 1215 3451 3452 3453 3454 
465 1163 3312 3317 1168 1164 3313 3318 1169 3411 1214 1199 3449 3416 3450 3455 1216 3418 1217 3456 3457 3453 3420 1218 3458 3459 3460 3461 
466 1164 3313 3318 1169 228 1513 1514 229 3418 1217 1202 3456 3423 3457 3462 1219 1525 232 1527 1528 3460 3425 1220 3463 3464 1529 3465 
467 89 422 59 7 1165 3314 1435 216 436 93 1204 438 3427 62 1451 221 3429 1221 3466 1450 439 3431 1222 3467 1452 3468 3469 
468 1165 3314 1435 216 1166 3315 1436 217 3429 1221 1207 3466 3434 1450 1454 222 3436 1223 3470 1453 3468 3438 1224 3471 1455 3472 3473 
469 1166 3315 1436 217 1167 3316 1437 218 3436 1223 1210 3470 3441 1453 1457 223 3443 1225 3474 1456 3472 3445 1226 3475 1458 3476 3477 
470 1167 3316 1437 218 1168 3317 1438 219 3443 1225 1213 3474 3448 1456 1460 224 3450 1227 3478 1459 3476 3452 1228 3479 1461 3480 3481 
471 1168 3317 1438 219 1169 3318 1439 220 3450 1227 1216 3478 3455 1459 1463 225 3457 1229 3482 1462 3480 3459 1230 3483 1464 3484 3485 
472 1169 3318 1439 220 229 1514 259 15 3457 1229 1219 3482 3462 1462 1465 226 1528 233 1530 262 3484 3464 1231 3486 1466 1531 3487 
473 31 32 423 420 672 677 3319 3304 35 429 688 440 705 441 3488 3349 704 3350 3489 3490 442 706 3352 3491 3492 3493 3494 
474 672 677 3319 3304 673 678 3320 3305 704 3350 691 3489 708 3490 3495 3356 707 3357 3496 3497 3493 709 3359 3498 3499 3500 3501 
475 673 678 3320 3305 674 679 3321 3306 707 3357 694 3496 711 3497 3502 3363 710 3364 3503 3504 3500 712 3366 3505 3506 3507 3508 
476 674 679 3321 3306 675 680 3322 3307 710 3364 697 3503 714 3504 3509 3370 713 3371 3510 3511 3507 715 3373 3512 3513 3514 3515 
477 675 680 3322 3307 676 681 3323 3308 713 3371 700 3510 717 3511 3516 3377 716 3378 3517 3518 3514 718 3380 3519 3520 3521 3522 
478 676 681 3323 3308 159 160 1515 1512 716 3378 702 3517 719 3518 3523 3384 163 1521 1532 1533 3521 720 3385 3524 3525 1534 3526 
479 420 423 424 421 3304 3319 3324 3309 441 432 3349 443 3488 444 3527 3388 3490 3389 3528 3529 445 3492 3391 3530 3531 3532 3533 
480 3304 3319 3324 3309 3305 3320 3325 3310 3490 3389 3356 3528 3495 3529 3534 3395 3497 3396 3535 3536 3532 3499 3398 3537 3538 3539 3540 
481 3305 3320 3325 3310 3306 3321 3326 3311 3497 3396 3363 3535 3502 3536 3541 3402 3504 3403 3542 3543 3539 3506 3405 3544 3545 3546 3547 
482 3306 3321 3326 3311 3307 3322 3327 3312 3504 3403 3370 3542 3509 3543 3548 3409 3511 3410 3549 3550 3546 3513 3412 3551 3552 3553 3554 
483 3307 3322 3327 3312 3308 3323 3328 3313 3511 3410 3377 3549 3516 3550 3555 3416 3518 3417 3556 3557 3553 3520 3419 3558 3559 3560 3561 
484 3308 3323 3328 3313 1512 1515 1516 1513 3518 3417 3384 3556 3523 3557 3562 3423 1533 1524 1535 1536 3560 3525 3424 3563 3564 1537 3565 
485 421 424 425 422 3309 3324 3329 3314 444 435 3388 446 3527 447 3566 3427 3529 3428 3567 3568 448 3531 3430 3569 3570 3571 3572 
486 3309 3324 3329 3314 3310 3325 3330 3315 3529 3428 3395 3567 3534 3568 3573 3434 3536 3435 3574 3575 3571 3538 3437 3576 3577 3578 3579 
487 3310 3325 3330 3315 3311 3326 3331 3316 3536 3435 3402 3574 3541 3575 3580 3441 3543 3442 3581 3582 3578 3545 3444 3583 3584 3585 3586 
488 3311 3326 3331 3316 3312 3327 3332 3317 3543 3442 3409 3581 3548 3582 3587 3448 3550 3449 3588 3589 3585 3552 3451 3590 3591 3592 3593 
489 3312 3327 3332 3317 3313 3328 3333 3318 3550 3449 3416 3588 3555 3589 3594 3455 3557 3456 3595 3596 3592 3559 3458 3597 3598 3599 3600 
490 3313 3328 3333 3318 1513 1516 1517 1514 3557 3456 3423 3595 3562 3596 3601 3462 1536 1527 1538 1539 3599 3564 3463 3602 3603 1540 3604 
491 422 425 60 59 3314 3329 1440 1435 447 438 3427 449 3566 63 1468 1451 3568 3466 3605 1467 450 3570 3467 3606 1469 3607 3608 
492 3314 3329 1440 1435 3315 3330 1441 1436 3568 3466 3434 3605 3573 1467 1471 1454 3575 3470 3609 1470 3607 3577 3471 3610 1472 3611 3612 
493 3315 3330 1441 1436 3316 3331 1442 1437 3575 3470 3441 3609 3580 1470 1474 1457 3582 3474 3613 1473 3611 3584 3475 3614 1475 3615 3616 
494 3316 3331 1442 1437 3317 3332 1443 1438 3582 3474 3448 3613 3587 1473 1477 1460 3589 3478 3617 1476 3615 3591 3479 3618 1478 3619 3620 
495 3317 3332 1443 1438 3318 3333 1444 1439 3589 3478 3455 3617 3594 1476 1480 1463 3596 3482 3621 1479 3619 3598 3483 3622 1481 3623 3624 
496 3318 3333 1444 1439 1514 1517 260 259 3596 3482 3462 3621 3601 1479 1482 1465 1539 1530 1541 263 3623 3603 3486 3625 1483 1542 3626 
497 32 33 426 423 677 682 3334 3319 36 440 705 451 722 452 3627 3488 721 3489 3628 3629 453 723 3491 3630 3631 3632 3633 
498 677 682 3334 3319 678 683 3335 3320 721 3489 708 3628 725 3629 3634 3495 724 3496 3635 3636 3632 726 3498 3637 3638 3639 3640 
499 678 683 3335 3320 679 684 3336 3321 724 3496 711 3635 728 3636 3641 3502 727 3503 3642 3643 3639 729 3505 3644 3645 3646 3647 
500 679 684 3336 3321 680 685 3337 3322 727 3503 714 3642 731 3643 3648 3509 730 3510 3649 3650 3646 732 3512 3651 3652 3653 3654 
501 680 685 3337 3322 681 686 3338 3323 730 3510 717 3649 734 3650 3655 3516 733 3517 3656 3657 3653 735 3519 3658 3659 3660 3661 
502 681 686 3338 3323 160 161 1518 1515 733 3517 719 3656 736 3657 3662 3523 164 1532 1543 1544 3660 737 3524 3663 3664 1545 3665 
503 423 426 427 424 3319 3334 3339 3324 452 443 3488 454 3627 455 3666 3527 3629 3528 3667 3668 456 3631 3530 3669 3670 3671 3672 
504 3319 3334 3339 3324 3320 3335 3340 3325 3629 3528 3495 3667 3634 3668 3673 3534 3636 3535 3674 3675 3671 3638 3537 3676 3677 3678 3679 
505 3320 3335 3340 3325 3321 3336 3341 3326 3636 3535 3502 3674 3641 3675 3680 3541 3643 3542 3681 3682 3678 3645 3544 3683 3684 3685 3686 
506 3321 3336 3341 3326 3322 3337 3342 3327 3643 3542 3509 3681 3648 3682 3687 3548 3650 3549 3688 3689 3685 3652 3551 3690 3691 3692 3693 
507 3322 3337 3342 3327 3323 3338 3343 3328 3650 3549 3516 3688 3655 3689 3694 3555 3657 3556 3695 3696 3692 3659 3558 3697 3698 3699 3700 
508 3323 3338 3343 3328 1515 1518 1519 1516 3657 3556 3523 3695 3662 3696 3701 3562 1544 1535 1546 1547 3699 3664 3563 3702 3703 1548 3704 
509 424 427 428 425 3324 3339 3344 3329 455 446 3527 457 3666 458 3705 3566 3668 3567 3706 3707 459 3670 3569 3708 3709 3710 3711 
510 3324 3339 3344 3329 3325 3340 3345 3330 3668 3567 3534 3706 3673 3707 3712 3573 3675 3574 3713 3714 3710 3677 3576 3715 3716 3717 3718 
511 3325 3340 3345 3330 3326 3341 3346 3331 3675 3574 3541 3713 3680 3714 3719 3580 3682 3581 3720 3721 3717 3684 3583 3722 3723 3724 3725 
512 3326 3341 3346 3331 3327 3342 3347 3332 3682 3581 3548 3720 3687 3721 3726 3587 3689 3588 3727 3728 3724 3691 3590 3729 3730 3731 3732 
513 3327 3342 3347 3332 3328 3343 3348 3333 3689 3588 3555 3727 3694 3728 3733 3594 3696 3595 3734 3735 3731 3698 3597 3736 3737 3738 3739 
514 3328 3343 3348 3333 1516 1519 1520 1517 3696 3595 3562 3734 3701 3735 3740 3601 1547 1538 1549 1550 3738 3703 3602 3741 3742 1551 3743 
515 425 428 61 60 3329 3344 1445 1440 458 449 3566 460 3705 64 1485 1468 3707 3605 3744 1484 461 3709 3606 3745 1486 3746 3747 
516 3329 3344 1445 1440 3330 3345 1446 1441 3707 3605 3573 3744 3712 1484 1488 1471 3714 3609 3748 1487 3746 3716 3610 3749 1489 3750 3751 
517 3330 3345 1446 1441 3331 3346 1447 1442 3714 3609 3580 3748 3719 1487 1491 1474 3721 3613 3752 1490 3750 3723 3614 3753 1492 3754 3755 
518 3331 3346 1447 1442 3332 3347 1448 1443 3721 3613 3587 3752 3726 1490 1494 1477 3728 3617 3756 1493 3754 3730 3618 3757 1495 3758 3759 
519 3332 3347 1448 1443 3333 3348 1449 1444 3728 3617 3594 3756 3733 1493 1497 1480 3735 3621 3760 1496 3758 3737 3622 3761 1498 3762 3763 
520 3333 3348 1449 1444 1517 1520 261 260 3735 3621 3601 3760 3740 1496 1499 1482 1550 1541 1552 264 3762 3742 3625 3764 1500 1553 3765 
521 33 4 94 426 682 148 1358 3334 37 451 722 97 153 462 1373 3627 738 3628 1374 3766 463 739 3630 1375 3767 3768 3769 
522 682 148 1358 3334 683 149 1359 3335 738 3628 725 1374 154 3766 1376 3634 740 3635 1377 3770 3768 741 3637 1378 3771 3772 3773 
523 683 149 1359 3335 684 150 1360 3336 740 3635 728 1377 155 3770 1379 3641 742 3642 1380 3774 3772 743 3644 1381 3775 3776 3777 
524 684 150 1360 3336 685 151 1361 3337 742 3642 731 1380 156 3774 1382 3648 744 3649 1383 3778 3776 745 3651 1384 3779 3780 3781 
525 685 151 1361 3337 686 152 1362 3338 744 3649 734 1383 157 3778 1385 3655 746 3656 1386 3782 3780 747 3658 1387 3783 3784 3785 
526 686 152 1362 3338 161 12 252 1518 746 3656 736 1386 158 3782 1388 3662 165 1543 255 1554 3784 748 3663 1389 3786 1555 3787 
527 426 94 95 427 3334 1358 1363 3339 462 454 3627 98 1373 464 1390 3666 3766 3667 1391 3788 465 3767 3669 1392 3789 3790 3791 
528 3334 1358 1363 3339 3335 1359 1364 3340 3766 3667 3634 1391 1376 3788 1393 3673 3770 3674 1394 3792 3790 3771 3676 1395 3793 3794 3795 
529 3335 1359 1364 3340 3336 1360 1365 3341 3770 3674 3641 1394 1379 3792 1396 3680 3774 3681 1397 3796 3794 3775 3683 1398 3797 3798 3799 
530 3336 1360 1365 3341 3337 1361 1366 3342 3774 3681 3648 1397 1382 3796 1399 3687 3778 3688 1400 3800 3798 3779 3690 1401 3801 3802 3803 
531 3337 1361 1366 3342 3338 1362 1367 3343 3778 3688 3655 1400 1385 3800 1402 3694 3782 3695 1403 3804 3802 3783 3697 1404 3805 3806 3807 
532 3338 1362 1367 3343 1518 252 253 1519 3782 3695 3662 1403 1388 3804 1405 3701 1554 1546 256 1556 3806 3786 3702 1406 3808 1557 3809 
533 427 95 96 428 3339 1363 1368 3344 464 457 3666 99 1390 466 1407 3705 3788 3706 1408 3810 467 3789 3708 1409 3811 3812 3813 
534 3339 1363 1368 3344 3340 1364 1369 3345 3788 3706 3673 1408 1393 3810 1410 3712 3792 3713 1411 3814 3812 3793 3715 1412 3815 3816 3817 
535 3340 1364 1369 3345 3341 1365 1370 3346 3792 3713 3680 1411 1396 3814 1413 3719 3796 3720 1414 3818 3816 3797 3722 1415 3819 3820 3821 
536 3341 1365 1370 3346 3342 1366 1371 3347 3796 3720 3687 1414 1399 3818 1416 3726 3800 3727 1417 3822 3820 3801 3729 1418 3823 3824 3825 
537 3342 1366 1371 3347 3343 1367 1372 3348 3800 3727 3694 1417 1402 3822 1419 3733 3804 3734 1420 3826 3824 3805 3736 1421 3827 3828 3829 
538 3343 1367 1372 3348 1519 253 254 1520 3804 3734 3701 1420 1405 3826 1422 3740 1556 1549 257 1558 3828 3808 3741 1423 3830 1559 3831 
539 428 96 8 61 3344 1368 241 1445 466 460 3705 100 1407 65 246 1485 3810 3744 1424 1501 468 3811 3745 1425 1502 3832 3833 
540 3344 1368 241 1445 3345 1369 242 1446 3810 3744 3712 1424 1410 1501 247 1488 3814 3748 1426 1503 3832 3815 3749 1427 1504 3834 3835 
541 3345 1369 242 1446 3346 1370 243 1447 3814 3748 3719 1426 1413 1503 248 1491 3818 3752 1428 1505 3834 3819 3753 1429 1506 3836 3837 
542 3346 1370 243 1447 3347 1371 244 1448 3818 3752 3726 1428 1416 1505 249 1494 3822 3756 1430 1507 3836 3823 3757 1431 1508 3838 3839 
543 3347 1371 244 1448 3348 1372 245 1449 3822 3756 3733 1430 1419 1507 250 1497 3826 3760 1432 1509 3838 3827 3761 1433 1510 3840 3841 
544 3348 1372 245 1449 1520 254 16 261 3826 3760 3740 1432 1422 1509 251 1499 1558 1552 258 265 3840 3830 3764 1434 1511 1560 3842 
3 5 12 96
545 4 38 469 94 148 749 3843 1358 41 97 153 478 765 479 3888 1373 764 1374 3889 3890 480 766 1375 3891 3892 3893 3894 
546 148 749 3843 1358 149 750 3844 1359 764 1374 154 3889 768 3890 3895 1376 767 1377 3896 3897 3893 769 1378 3898 3899 3900 3901 
547 149 750 3844 1359 150 751 3845 1360 767 1377 155 3896 771 3897 3902 1379 770 1380 3903 3904 3900 772 1381 3905 3906 3907 3908 
548 150 751 3845 1360 151 752 3846 1361 770 1380 156 3903 774 3904 3909 1382 773 1383 3910 3911 3907 775 1384 3912 3913 3914 3915 
549 151 752 3846 1361 152 753 3847 1362 773 1383 157 3910 777 3911 3916 1385 776 1386 3917 3918 3914 778 1387 3919 3920 3921 3922 
550 152 753 3847 1362 12 166 1638 252 776 1386 158 3917 779 3918 3923 1388 169 255 1647 1648 3921 780 1389 3924 3925 1649 3926 
551 94 469 470 95 1358 3843 3848 1363 479 98 1373 481 3888 482 3927 1390 3890 1391 3928 3929 483 3892 1392 3930 3931 3932 3933 
552 1358 3843 3848 1363 1359 3844 3849 1364 3890 1391 1376 3928 3895 3929 3934 1393 3897 1394 3935 3936 3932 3899 1395 3937 3938 3939 3940 
553 1359 3844 3849 1364 1360 3845 3850 1365 3897 1394 1379 3935 3902 3936 3941 1396 3904 1397 3942 3943 3939 3906 1398 3944 3945 3946 3947 
554 1360 3845 3850 1365 1361 3846 3851 1366 3904 1397 1382 3942 3909 3943 3948 1399 3911 1400 3949 3950 3946 3913 1401 3951 3952 3953 3954 
555 1361 3846 3851 1366 1362 3847 3852 1367 3911 1400 1385 3949 3916 3950 3955 1402 3918 1403 3956 3957 3953 3920 1404 3958 3959 3960 3961 
556 1362 3847 3852 1367 252 1638 1639 253 3918 1403 1388 3956 3923 3957 3962 1405 1648 256 1650 1651 3960 3925 1406 3963 3964 1652 3965 
557 95 470 471 96 1363 3848 3853 1368 482 99 1390 484 3927 485 3966 1407 3929 1408 3967 3968 486 3931 1409 3969 3970 3971 3972 
558 1363 3848 3853 1368 1364 3849 3854 1369 3929 1408 1393 3967 3934 3968 3973 1410 3936 1411 3974 3975 3971 3938 1412 3976 3977 3978 3979 
559 1364 3849 3854 1369 1365 3850 3855 1370 3936 1411 1396 3974 3941 3975 3980 1413 3943 1414 3981 3982 3978 3945 1415 3983 3984 3985 3986 
560 1365 3850 3855 1370 1366 3851 3856 1371 3943 1414 1399 3981 3948 3982 3987 1416 3950 1417 3988 3989 3985 3952 1418 3990 3991 3992 3993 
561 1366 3851 3856 1371 1367 3852 3857 1372 3950 1417 1402 3988 3955 3989 3994 1419 3957 1420 3995 3996 3992 3959 1421 3997 3998 3999 4000 
562 1367 3852 3857 1372 253 1639 1640 254 3957 1420 1405 3995 3962 3996 4001 1422 1651 257 1653 1654 3999 3964 1423 4002 4003 1655 4004 
563 96 471 66 8 1368 3853 1561 241 485 100 1407 487 3966 69 1577 246 3968 1424 4005 1576 488 3970 1425 4006 1578 4007 4008 
564 1368 3853 1561 241 1369 3854 1562 242 3968 1424 1410 4005 3973 1576 1580 247 3975 1426 4009 1579 4007 3977 1427 4010 1581 4011 4012 
565 1369 3854 1562 242 1370 3855 1563 243 3975 1426 1413 4009 3980 1579 1583 248 3982 1428 4013 1582 4011 3984 1429 4014 1584 4015 4016 
566 1370 3855 1563 243 1371 3856 1564 244 3982 1428 1416 4013 3987 1582 1586 249 3989 1430 4017 1585 4015 3991 1431 4018 1587 4019 4020 
567 1371 3856 1564 244 1372 3857 1565 245 3989 1430 1419 4017 3994 1585 1589 250 3996 1432 4021 1588 4019 3998 1433 4022 1590 4023 4024 
568 1372 3857 1565 245 254 1640 266 16 3996 1432 1422 4021 4001 1588 1591 251 1654 258 1656 269 4023 4003 1434 4025 1592 1657 4026 
569 38 39 472 469 749 754 3858 3843 42 478 765 489 782 490 4027 3888 781 3889 4028 4029 491 783 3891 4030 4031 4032 4033 
570 749 754 3858 3843 750 755 3859 3844 781 3889 768 4028 785 4029 4034 3895 784 3896 4035 4036 4032 786 3898 4037 4038 4039 4040 
571 750 755 3859 3844 751 756 3860 3845 784 3896 771 4035 788 4036 4041 3902 787 3903 4042 4043 4039 789 3905 4044 4045 4046 4047 
572 751 756 3860 3845 752 757 3861 3846 787 3903 774 4042 791 4043 4048 3909 790 3910 4049 4050 4046 792 3912 4051 4052 4053 4054 
573 752 757 3861 3846 753 758 3862 3847 790 3910 777 4049 794 4050 4055 3916 793 3917 4056 4057 4053 795 3919 4058 4059 4060 4061 
574 753 758 3862 3847 166 167 1641 1638 793 3917 779 4056 796 4057 4062 3923 170 1647 1658 1659 4060 797 3924 4063 4064 1660 4065 
575 469 472 473 470 3843 3858 3863 3848 490 481 3888 492 4027 493 4066 3927 4029 3928 4067 4068 494 4031 3930 4069 4070 4071 4072 
576 3843 3858 3863 3848 3844 3859 3864 3849 4029 3928 3895 4067 4034 4068 4073 3934 4036 3935 4074 4075 4071 4038 3937 4076 4077 4078 4079 
577 3844 3859 3864 3849 3845 3860 3865 3850 4036 3935 3902 4074 4041 4075 4080 3941 4043 3942 4081 4082 4078 4045 3944 4083 4084 4085 4086 
578 3845 3860 3865 3850 3846 3861 3866 3851 4043 3942 3909 4081 4048 4082 4087 3948 4050 3949 4088 4089 4085 4052 3951 4090 4091 4092 4093 
579 3846 3861 3866 3851 3847 3862 3867 3852 4050 3949 3916 4088 4055 4089 4094 3955 4057 3956 4095 4096 4092 4059 3958 4097 4098 4099 4100 
580 3847 3862 3867 3852 1638 1641 1642 1639 4057 3956 3923 4095 4062 4096 4101 3962 1659 1650 1661 1662 4099 4064 3963 4102 4103 1663 4104 
581 470 473 474 471 3848 3863 3868 3853 493 484 3927 495 4066 496 4105 3966 4068 3967 4106 4107 497 4070 3969 4108 4109 4110 4111 
582 3848 3863 3868 3853 3849 3864 3869 3854 4068 3967 3934 4106 4073 4107 4112 3973 4075 3974 4113 4114 4110 4077 3976 4115 4116 4117 4118 
583 3849 3864 3869 3854 3850 3865 3870 3855 4075 3974 3941 4113 4080 4114 4119 3980 4082 3981 4120 4121 4117 4084 3983 4122 4123 4124 4125 
584 3850 3865 3870 3855 3851 3866 3871 3856 4082 3981 3948 4120 4087 4121 4126 3987 4089 3988 4127 4128 4124 4091 3990 4129 4130 4131 4132 
585 3851 3866 3871 3856 3852 3867 3872 3857 4089 3988 3955 4127 4094 4128 4133 3994 4096 3995 4134 4135 4131 4098 3997 4136 4137 4138 4139 
586 3852 3867 3872 3857 1639 1642 1643 1640 4096 3995 3962 4134 4101 4135 4140 4001 1662 1653 1664 1665 4138 4103 4002 4141 4142 1666 4143 
587 471 474 67 66 3853 3868 1566 1561 496 487 3966 498 4105 70 1594 1577 4107 4005 4144 1593 499 4109 4006 4145 1595 4146 4147 
588 3853 3868 1566 1561 3854 3869 1567 1562 4107 4005 3973 4144 4112 1593 1597 1580 4114 4009 4148 1596 4146 4116 4010 4149 1598 4150 4151 
589 3854 3869 1567 1562 3855 3870 1568 1563 4114 4009 3980 4148 4119 1596 1600 1583 4121 4013 4152 1599 4150 4123 4014 4153 1601 4154 4155 
590 3855 3870 1568 1563 3856 3871 1569 1564 4121 4013 3987 4152 4126 1599 1603 1586 4128 4017 4156 1602 4154 4130 4018 4157 1604 4158 4159 
591 3856 3871 1569 1564 3857 3872 1570 1565 4128 4017 3994 4156 4133 1602 1606 1589 4135 4021 4160 1605 4158 4137 4022 4161 1607 4162 4163 
592 3857 3872 1570 1565 1640 1643 267 266 4135 4021 4001 4160 4140 1605 1608 1591 1665 1656 1667 270 4162 4142 4025 4164 1609 1668 4165 
593 39 40 475 472 754 759 3873 3858 43 489 782 500 799 501 4166 4027 798 4028 4167 4168 502 800 4030 4169 4170 4171 4172 
594 754 759 3873 3858 755 760 3874 3859 798 4028 785 4167 802 4168 4173 4034 801 4035 4174 4175 4171 803 4037 4176 4177 4178 4179 
595 755 760 3874 3859 756 761 3875 3860 801 4035 788 4174 805 4175 4180 4041 804 4042 4181 4182 4178 806 4044 4183 4184 4185 4186 
596 756 761 3875 3860 757 762 3876 3861 804 4042 791 4181 808 4182 4187 4048 807 4049 4188 4189 4185 809 4051 4190 4191 4192 4193 
597 757 762 3876 3861 758 763 3877 3862 807 4049 794 4188 811 4189 4194 4055 810 4056 4195 4196 4192 812 4058 4197 4198 4199 4200 
598 758 763 3877 3862 167 168 1644 1641 810 4056 796 4195 813 4196 4201 4062 171 1658 1669 1670 4199 814 4063 4202 4203 1671 4204 
599 472 475 476 473 3858 3873 3878 3863 501 492 4027 503 4166 504 4205 4066 4168 4067 4206 4207 505 4170 4069 4208 4209 4210 4211 
600 3858 3873 3878 3863 3859 3874 3879 3864 4168 4067 4034 4206 4173 4207 4212 4073 4175 4074 4213 4214 4210 4177 4076 4215 4216 4217 4218 
601 3859 3874 3879 3864 3860 3875 3880 3865 4175 4074 4041 4213 4180 4214 4219 4080 4182 4081 4220 4221 4217 4184 4083 4222 4223 4224 4225 
602 3860 3875 3880 3865 3861 3876 3881 3866 4182 4081 4048 4220 4187 4221 4226 4087 4189 4088 4227 4228 4224 4191 4090 4229 4230 4231 4232 
603 3861 3876 3881 3866 3862 3877 3882 3867 4189 4088 4055 4227 4194 4228 4233 4094 4196 4095 4234 4235 4231 4198 4097 4236 4237 4238 4239 
604 3862 3877 3882 3867 1641 1644 1645 1642 4196 4095 4062 4234 4201 4235 4240 4101 1670 1661 1672 1673 4238 4203 4102 4241 4242 1674 4243 
605 473 476 477 474 3863 3878 3883 3868 504 495 4066 506 4205 507 4244 4105 4207 4106 4245 4246 508 4209 4108 4247 4248 4249 4250 
606 3863 3878 3883 3868 3864 3879 3884 3869 4207 4106 4073 4245 4212 4246 4251 4112 4214 4113 4252 4253 4249 4216 4115 4254 4255 4256 4257 
607 3864 3879 3884 3869 3865 3880 3885 3870 4214 4113 4080 4252 4219 4253 4258 4119 4221 4120 4259 4260 4256 4223 4122 4261 4262 4263 4264 
608 3865 3880 3885 3870 3866 3881 3886 3871 4221 4120 4087 4259 4226 4260 4265 4126 4228 4127 4266 4267 4263 4230 4129 4268 4269 4270 4271 
609 3866 3881 3886 3871 3867 3882 3887 3872 4228 4127 4094 4266 4233 4267 4272 4133 4235 4134 4273 4274 4270 4237 4136 4275 4276 4277 4278 
610 3867 3882 3887 3872 1642 1645 1646 1643 4235 4134 4101 4273 4240 4274 4279 4140 1673 1664 1675 1676 4277 4242 4141 4280 4281 1677 4282 
611 474 477 68 67 3868 3883 1571 1566 507 498 4105 509 4244 71 1611 1594 4246 4144 4283 1610 510 4248 4145 4284 1612 4285 4286 
612 3868 3883 1571 1566 3869 3884 1572 1567 4246 4144 4112 4283 4251 1610 1614 1597 4253 4148 4287 1613 4285 4255 4149 4288 1615 4289 4290 
613 3869 3884 1572 1567 3870 3885 1573 1568 4253 4148 4119 4287 4258 1613 1617 1600 4260 4152 4291 1616 4289 4262 4153 4292 1618 4293 4294 
614 3870 3885 1573 1568 3871 3886 1574 1569 4260 4152 4126 4291 4265 1616 1620 1603 4267 4156 4295 1619 4293 4269 4157 4296 1621 4297 4298 
615 3871 3886 1574 1569 3872 3887 1575 1570 4267 4156 4133 4295 4272 1619 1623 1606 4274 4160 4299 1622 4297 4276 4161 4300 1624 4301 4302 
616 3872 3887 1575 1570 1643 1646 268 267 4274 4160 4140 4299 4279 1622 1625 1608 1676 1667 1678 271 4301 4281 4164 4303 1626 1679 4304 
617 40 1 73 475 759 101 1029 3873 44 500 799 76 106 511 1045 4166 815 4167 1044 4305 512 816 4169 1046 4306 4307 4308 
618 759 101 1029 3873 760 102 1030 3874 815 4167 802 1044 107 4305 1048 4173 817 4174 1047 4309 4307 818 4176 1049 4310 4311 4312 
619 760 102 1030 3874 761 103 1031 3875 817 4174 805 1047 108 4309 1051 4180 819 4181 1050 4313 4311 820 4183 1052 4314 4315 4316 
620 761 103 1031 3875 762 104 1032 3876 819 4181 808 1050 109 4313 1054 4187 821 4188 1053 4317 4315 822 4190 1055 4318 4319 4320 
621 762 104 1032 3876 763 105 1033 3877 821 4188 811 1053 110 4317 1057 4194 823 4195 1056 4321 4319 824 4197 1058 4322 4323 4324 
622 763 105 1033 3877 168 9 209 1644 823 4195 813 1056 111 4321 1059 4201 172 1669 212 1680 4323 825 4202 1060 4325 1681 4326 
623 475 73 74 476 3873 1029 1034 3878 511 503 4166 77 1045 513 1062 4205 4305 4206 1061 4327 514 4306 4208 1063 4328 4329 4330 
624 3873 1029 1034 3878 3874 1030 1035 3879 4305 4206 4173 1061 1048 4327 1065 4212 4309 4213 1064 4331 4329 4310 4215 1066 4332 4333 4334 
625 3874 1030 1035 3879 3875 1031 1036 3880 4309 4213 4180 1064 1051 4331 1068 4219 4313 4220 1067 4335 4333 4314 4222 1069 4336 4337 4338 
626 3875 1031 1036 3880 3876 1032 1037 3881 4313 4220 4187 1067 1054 4335 1071 4226 4317 4227 1070 4339 4337 4318 4229 1072 4340 4341 4342 
627 3876 1032 1037 3881 3877 1033 1038 3882 4317 4227 4194 1070 1057 4339 1074 4233 4321 4234 1073 4343 4341 4322 4236 1075 4344 4345 4346 
628 3877 1033 1038 3882 1644 209 210 1645 4321 4234 4201 1073 1059 4343 1076 4240 1680 1672 213 1682 4345 4325 4241 1077 4347 1683 4348 
629 476 74 75 477 3878 1034 1039 3883 513 506 4205 78 1062 515 1079 4244 4327 4245 1078 4349 516 4328 4247 1080 4350 4351 4352 
630 3878 1034 1039 3883 3879 1035 1040 3884 4327 4245 4212 1078 1065 4349 1082 4251 4331 4252 1081 4353 4351 4332 4254 1083 4354 4355 4356 
631 3879 1035 1040 3884 3880 1036 1041 3885 4331 4252 4219 1081 1068 4353 1085 4258 4335 4259 1084 4357 4355 4336 4261 1086 4358 4359 4360 
632 3880 1036 1041 3885 3881 1037 1042 3886 4335 4259 4226 1084 1071 4357 1088 4265 4339 4266 1087 4361 4359 4340 4268 1089 4362 4363 4364 
633 3881 1037 1042 3886 3882 1038 1043 3887 4339 4266 4233 1087 1074 4361 1091 4272 4343 4273 1090 4365 4363 4344 4275 1092 4366 4367 4368 
634 3882 1038 1043 3887 1645 210 211 1646 4343 4273 4240 1090 1076 4365 1093 4279 1682 1675 214 1684 4367 4347 4280 1094 4369 1685 4370 
635 477 75 5 68 3883 1039 191 1571 515 509 4244 79 1079 72 196 1611 4349 4283 1095 1627 517 4350 4284 1096 1628 4371 4372 
636 3883 1039 191 1571 3884 1040 192 1572 4349 4283 4251 1095 1082 1627 197 1614 4353 4287 1097 1629 4371 4354 4288 1098 1630 4373 4374 
637 3884 1040 192 1572 3885 1041 193 1573 4353 4287 4258 1097 1085 1629 198 1617 4357 4291 1099 1631 4373 4358 4292 1100 1632 4375 4376 
638 3885 1041 193 1573 3886 1042 194 1574 4357 4291 4265 1099 1088 1631 199 1620 4361 4295 1101 1633 4375 4362 4296 1102 1634 4377 4378 
639 3886 1042 194 1574 3887 1043 195 1575 4361 4295 4272 1101 1091 1633 200 1623 4365 4299 1103 1635 4377 4366 4300 1104 1636 4379 4380 
640 3887 1043 195 1575 1646 211 14 268 4365 4299 4279 1103 1093 1635 201 1625 1684 1678 215 272 4379 4369 4303 1105 1637 1686 4381 
$EndElements
