0.00000000e+00,0.00000000e+00,0.00000000e+00,0.00000000e+00
0.00000000e+00,0.00000000e+00,0.00000000e+00,0.00000000e+00
0.00000000e+00,0.00000000e+00,0.00000000e+00,0.00000000e+00
0.00000000e+00,0.00000000e+00,0.00000000e+00,0.00000000e+00
0.00000000e+00,5.25180714e-06,1.05032035e-05,1.57554832e-05
0.00000000e+00,5.37251447e-06,1.07438027e-05,1.61170503e-05
0.00000000e+00,1.09991732e-05,2.19972033e-05,3.29971517e-05
0.00000000e+00,1.07419105e-05,2.14834185e-05,3.22258098e-05
0.00000000e+00,0.00000000e+00,0.00000000e+00,0.00000000e+00
0.00000000e+00,0.00000000e+00,0.00000000e+00,0.00000000e+00
0.00000000e+00,0.00000000e+00,0.00000000e+00,0.00000000e+00
0.00000000e+00,0.00000000e+00,0.00000000e+00,0.00000000e+00
0.00000000e+00,2.88933103e-06,5.77847017e-06,8.66803776e-06
0.00000000e+00,2.97919293e-06,5.95775089e-06,8.93730889e-06
0.00000000e+00,6.15387877e-06,1.23071534e-05,1.84614026e-05
0.00000000e+00,5.95580548e-06,1.19113893e-05,1.78674131e-05
0.00000000e+00,5.30111389e-06,1.06014323e-05,1.59031503e-05
0.00000000e+00,8.13675877e-06,1.62723126e-05,2.44098212e-05
0.00000000e+00,1.08480055e-05,2.16952979e-05,3.25439459e-05
0.00000000e+00,7.95083074e-06,1.59012620e-05,2.38525731e-05
0.00000000e+00,0.00000000e+00,0.00000000e+00,0.00000000e+00
0.00000000e+00,2.92576714e-06,5.85113047e-06,8.77719762e-06
0.00000000e+00,4.52797191e-06,9.05531065e-06,1.35836458e-05
0.00000000e+00,6.03673593e-06,1.20730776e-05,1.81101079e-05
0.00000000e+00,4.38774699e-06,8.77529029e-06,1.31632662e-05
0.00000000e+00,8.02690439e-06,1.60530571e-05,2.40805830e-05
0.00000000e+00,4.44461333e-06,8.88882609e-06,1.33337339e-05
0.00000000e+00,7.72407119e-06,1.54471597e-05,2.31720181e-05
0.00000000e+00,7.73422238e-06,1.54660572e-05,2.32014449e-05
0.00000000e+00,1.54741019e-05,3.09458082e-05,4.64211487e-05
0.00000000e+00,1.54673441e-05,3.09336540e-05,4.64018164e-05
0.00000000e+00,6.84636450e-06,1.36920281e-05,2.05390408e-05
0.00000000e+00,6.91806414e-06,1.38342603e-05,2.07533197e-05
0.00000000e+00,1.39703015e-05,2.79387882e-05,4.19101557e-05
0.00000000e+00,1.38342050e-05,2.76676619e-05,4.15025241e-05
0.00000000e+00,7.72907934e-06,1.54564961e-05,2.31865586e-05
0.00000000e+00,1.16043662e-05,2.32063264e-05,3.48118981e-05
0.00000000e+00,1.54718650e-05,3.09420288e-05,4.64149248e-05
0.00000000e+00,1.15933552e-05,2.31857080e-05,3.47798703e-05
0.00000000e+00,6.87656908e-06,1.37518709e-05,2.06292612e-05
0.00000000e+00,1.04198984e-05,2.08379544e-05,3.12588736e-05
0.00000000e+00,1.38924479e-05,2.77836381e-05,4.16769488e-05
0.00000000e+00,1.03144035e-05,2.06280899e-05,3.09431480e-05
0.00000000e+00,1.15991432e-05,2.31966193e-05,3.47967720e-05
0.00000000e+00,1.03590015e-05,2.07167513e-05,3.10765905e-05
0.00000000e+00,8.21148632e-06,1.64215588e-05,2.46339331e-05
0.00000000e+00,8.16672076e-06,1.63303411e-05,2.44983978e-05
0.00000000e+00,1.62402404e-05,3.24773311e-05,4.87189750e-05
0.00000000e+00,1.63324452e-05,3.26634617e-05,4.89968661e-05
0.00000000e+00,8.10404779e-06,1.62068269e-05,2.43117415e-05
0.00000000e+00,8.07364594e-06,1.61444370e-05,2.42193863e-05
0.00000000e+00,1.60790972e-05,3.21552880e-05,4.82357561e-05
0.00000000e+00,1.61463476e-05,3.22913858e-05,4.84386515e-05
0.00000000e+00,8.19306498e-06,1.63838930e-05,2.45780734e-05
0.00000000e+00,1.22208389e-05,2.44385089e-05,3.66607177e-05
0.00000000e+00,1.62938946e-05,3.25855315e-05,4.88806115e-05
0.00000000e+00,1.22890727e-05,2.45767149e-05,3.68667146e-05
0.00000000e+00,8.09181593e-06,1.61815827e-05,2.42744849e-05
0.00000000e+00,1.20894981e-05,2.41761042e-05,3.62669331e-05
0.00000000e+00,1.61187795e-05,3.22354769e-05,4.83554036e-05
0.00000000e+00,1.21373137e-05,2.42733192e-05,3.64115289e-05
0.00000000e+00,1.22608680e-05,2.45194671e-05,3.67814824e-05
0.00000000e+00,1.21179538e-05,2.42338319e-05,3.63529059e-05
0.00000000e+00,7.72424124e-06,1.54470680e-05,2.31720015e-05
0.00000000e+00,7.73442438e-06,1.54659258e-05,2.32014244e-05
0.00000000e+00,1.54743203e-05,3.09456346e-05,4.64211027e-05
0.00000000e+00,1.54674974e-05,3.09335675e-05,4.64018199e-05
0.00000000e+00,8.10411704e-06,1.62067837e-05,2.43117370e-05
0.00000000e+00,8.07373978e-06,1.61443598e-05,2.42193801e-05
0.00000000e+00,1.60791896e-05,3.21551659e-05,4.82357475e-05
0.00000000e+00,1.61463839e-05,3.22913650e-05,4.84386680e-05
0.00000000e+00,7.72926644e-06,1.54563882e-05,2.31865413e-05
0.00000000e+00,1.16046179e-05,2.32061284e-05,3.48118394e-05
0.00000000e+00,1.54720296e-05,3.09419229e-05,4.64149114e-05
0.00000000e+00,1.15935173e-05,2.31856150e-05,3.47798616e-05
0.00000000e+00,8.09190213e-06,1.61815192e-05,2.42744766e-05
0.00000000e+00,1.20896045e-05,2.41759898e-05,3.62669110e-05
0.00000000e+00,1.61188436e-05,3.22354049e-05,4.83554048e-05
0.00000000e+00,1.21373705e-05,2.42732842e-05,3.64115311e-05
0.00000000e+00,1.15993369e-05,2.31964964e-05,3.47967503e-05
0.00000000e+00,1.21180405e-05,2.42337588e-05,3.63528971e-05
0.00000000e+00,5.25198678e-06,1.05031363e-05,1.57554615e-05
0.00000000e+00,5.37272555e-06,1.07437460e-05,1.61170087e-05
0.00000000e+00,1.09994081e-05,2.19970834e-05,3.29970872e-05
0.00000000e+00,1.07420729e-05,2.14833327e-05,3.22257887e-05
0.00000000e+00,6.84658279e-06,1.36919278e-05,2.05390135e-05
0.00000000e+00,6.91830332e-06,1.38341541e-05,2.07532700e-05
0.00000000e+00,1.39705870e-05,2.79386111e-05,4.19100624e-05
0.00000000e+00,1.38343895e-05,2.76675543e-05,4.15025087e-05
0.00000000e+00,5.30132847e-06,1.06013542e-05,1.59031157e-05
0.00000000e+00,8.13696323e-06,1.62722422e-05,2.44097731e-05
0.00000000e+00,1.08482391e-05,2.16951690e-05,3.25438952e-05
0.00000000e+00,7.95099771e-06,1.59011870e-05,2.38525498e-05
0.00000000e+00,6.87680742e-06,1.37517599e-05,2.06292229e-05
0.00000000e+00,1.04201783e-05,2.08377835e-05,3.12587865e-05
0.00000000e+00,1.38926907e-05,2.77834959e-05,4.16768951e-05
0.00000000e+00,1.03146216e-05,2.06279680e-05,3.09431212e-05
0.00000000e+00,8.02711608e-06,1.60529603e-05,2.40805456e-05
0.00000000e+00,1.03592611e-05,2.07166034e-05,3.10765385e-05
0.00000000e+00,0.00000000e+00,0.00000000e+00,0.00000000e+00
0.00000000e+00,0.00000000e+00,0.00000000e+00,0.00000000e+00
0.00000000e+00,0.00000000e+00,0.00000000e+00,0.00000000e+00
0.00000000e+00,0.00000000e+00,0.00000000e+00,0.00000000e+00
0.00000000e+00,2.88944580e-06,5.77842023e-06,8.66802344e-06
0.00000000e+00,2.97932174e-06,5.95772675e-06,8.93730334e-06
0.00000000e+00,6.15401746e-06,1.23070903e-05,1.84613746e-05
0.00000000e+00,5.95590973e-06,1.19113272e-05,1.78673997e-05
0.00000000e+00,0.00000000e+00,0.00000000e+00,0.00000000e+00
0.00000000e+00,0.00000000e+00,0.00000000e+00,0.00000000e+00
0.00000000e+00,0.00000000e+00,0.00000000e+00,0.00000000e+00
0.00000000e+00,0.00000000e+00,0.00000000e+00,0.00000000e+00
0.00000000e+00,2.92588749e-06,5.85109130e-06,8.77718673e-06
0.00000000e+00,4.52808923e-06,9.05528548e-06,1.35836334e-05
0.00000000e+00,6.03685128e-06,1.20730198e-05,1.81100890e-05
0.00000000e+00,4.38785399e-06,8.77523417e-06,1.31632529e-05
0.00000000e+00,0.00000000e+00,0.00000000e+00,0.00000000e+00
0.00000000e+00,4.44472710e-06,8.88878237e-06,1.33337206e-05
0.00000000e+00,0.00000000e+00,0.00000000e+00,0.00000000e+00
0.00000000e+00,0.00000000e+00,0.00000000e+00,0.00000000e+00
0.00000000e+00,5.21336660e-06,1.04270270e-05,1.56406156e-05
0.00000000e+00,1.06597256e-05,2.13197132e-05,3.19796463e-05
0.00000000e+00,0.00000000e+00,0.00000000e+00,0.00000000e+00
0.00000000e+00,0.00000000e+00,0.00000000e+00,0.00000000e+00
0.00000000e+00,0.00000000e+00,0.00000000e+00,0.00000000e+00
0.00000000e+00,2.86129138e-06,5.72274909e-06,8.58414348e-06
0.00000000e+00,5.89412998e-06,1.17883735e-05,1.76825802e-05
0.00000000e+00,5.22303209e-06,1.04460091e-05,1.56693873e-05
0.00000000e+00,1.06814089e-05,2.13627441e-05,3.20444940e-05
0.00000000e+00,7.89162990e-06,1.57835368e-05,2.36753820e-05
0.00000000e+00,0.00000000e+00,0.00000000e+00,0.00000000e+00
0.00000000e+00,2.86833030e-06,5.73665436e-06,8.60515389e-06
0.00000000e+00,5.91048580e-06,1.18209144e-05,1.77315460e-05
0.00000000e+00,4.34408536e-06,8.68831127e-06,1.30324862e-05
0.00000000e+00,7.90653520e-06,1.58130093e-05,2.37198898e-05
0.00000000e+00,4.35507287e-06,8.71011756e-06,1.30653480e-05
0.00000000e+00,7.71903860e-06,1.54383518e-05,2.31577638e-05
0.00000000e+00,1.54618772e-05,3.09239319e-05,4.63861687e-05
0.00000000e+00,6.82176962e-06,1.36438538e-05,2.04659265e-05
0.00000000e+00,1.37869941e-05,2.75741953e-05,4.13614645e-05
0.00000000e+00,7.72042034e-06,1.54405027e-05,2.31615072e-05
0.00000000e+00,1.54634338e-05,3.09264636e-05,4.63904900e-05
0.00000000e+00,1.15872774e-05,2.31747930e-05,3.47624365e-05
0.00000000e+00,6.82803111e-06,1.36558754e-05,2.04843818e-05
0.00000000e+00,1.37995896e-05,2.75989030e-05,4.13989558e-05
0.00000000e+00,1.02781332e-05,2.05565284e-05,3.08349482e-05
0.00000000e+00,1.15889352e-05,2.31775026e-05,3.47670281e-05
0.00000000e+00,1.02873622e-05,2.05745004e-05,3.08623302e-05
0.00000000e+00,8.22568555e-06,1.64514588e-05,2.46775720e-05
0.00000000e+00,1.63624762e-05,3.27249991e-05,4.90879509e-05
0.00000000e+00,8.11310556e-06,1.62263647e-05,2.43398812e-05
0.00000000e+00,1.61672040e-05,3.23344841e-05,4.85021228e-05
0.00000000e+00,8.22223703e-06,1.64438514e-05,2.46667513e-05
0.00000000e+00,1.63546204e-05,3.27086040e-05,4.90639462e-05
0.00000000e+00,1.23110176e-05,2.46220977e-05,3.69335658e-05
0.00000000e+00,8.11095938e-06,1.62213658e-05,2.43329654e-05
0.00000000e+00,1.61618023e-05,3.23229961e-05,4.84854799e-05
0.00000000e+00,1.21518628e-05,2.43038290e-05,3.64561116e-05
0.00000000e+00,1.23056035e-05,2.46105646e-05,3.69168609e-05
0.00000000e+00,1.21483216e-05,2.42960632e-05,3.64450448e-05
0.00000000e+00,7.71915683e-06,1.54382838e-05,2.31577523e-05
0.00000000e+00,1.54619705e-05,3.09238678e-05,4.63861890e-05
0.00000000e+00,8.11314060e-06,1.62263351e-05,2.43398839e-05
0.00000000e+00,1.61672106e-05,3.23344749e-05,4.85021557e-05
0.00000000e+00,7.72056662e-06,1.54404280e-05,2.31614946e-05
0.00000000e+00,1.54635603e-05,3.09263967e-05,4.63905059e-05
0.00000000e+00,1.15873848e-05,2.31747261e-05,3.47624428e-05
0.00000000e+00,8.11101046e-06,1.62213340e-05,2.43329644e-05
0.00000000e+00,1.61618232e-05,3.23229875e-05,4.84855043e-05
0.00000000e+00,1.21518794e-05,2.43038112e-05,3.64561315e-05
0.00000000e+00,1.15890732e-05,2.31774273e-05,3.47670290e-05
0.00000000e+00,1.21483567e-05,2.42960402e-05,3.64450565e-05
0.00000000e+00,5.21351229e-06,1.04269645e-05,1.56405956e-05
0.00000000e+00,1.06598574e-05,2.13196186e-05,3.19796247e-05
0.00000000e+00,6.82194045e-06,1.36437694e-05,2.04659023e-05
0.00000000e+00,1.37871091e-05,2.75741254e-05,4.13614725e-05
0.00000000e+00,5.22318916e-06,1.04459509e-05,1.56693697e-05
0.00000000e+00,1.06815563e-05,2.13626599e-05,3.20444767e-05
0.00000000e+00,7.89174976e-06,1.57834739e-05,2.36753690e-05
0.00000000e+00,6.82822025e-06,1.36557882e-05,2.04843602e-05
0.00000000e+00,1.37997213e-05,2.75988334e-05,4.13989631e-05
0.00000000e+00,1.02782850e-05,2.05564407e-05,3.08349336e-05
0.00000000e+00,7.90667745e-06,1.58129492e-05,2.37198770e-05
0.00000000e+00,1.02875316e-05,2.05744076e-05,3.08623180e-05
0.00000000e+00,0.00000000e+00,0.00000000e+00,0.00000000e+00
0.00000000e+00,0.00000000e+00,0.00000000e+00,0.00000000e+00
0.00000000e+00,2.86136850e-06,5.72270145e-06,8.58413125e-06
0.00000000e+00,5.89418893e-06,1.17883179e-05,1.76825745e-05
0.00000000e+00,0.00000000e+00,0.00000000e+00,0.00000000e+00
0.00000000e+00,0.00000000e+00,0.00000000e+00,0.00000000e+00
0.00000000e+00,0.00000000e+00,0.00000000e+00,0.00000000e+00
0.00000000e+00,2.86842767e-06,5.73660290e-06,8.60514094e-06
0.00000000e+00,5.91057590e-06,1.18208451e-05,1.77315318e-05
0.00000000e+00,4.34415682e-06,8.68825023e-06,1.30324734e-05
0.00000000e+00,0.00000000e+00,0.00000000e+00,0.00000000e+00
0.00000000e+00,4.35516439e-06,8.71005439e-06,1.30653342e-05
0.00000000e+00,0.00000000e+00,0.00000000e+00,0.00000000e+00
0.00000000e+00,0.00000000e+00,0.00000000e+00,0.00000000e+00
0.00000000e+00,5.25134066e-06,1.05037048e-05,1.57550258e-05
0.00000000e+00,1.07414893e-05,2.14839438e-05,3.22253595e-05
0.00000000e+00,0.00000000e+00,0.00000000e+00,0.00000000e+00
0.00000000e+00,0.00000000e+00,0.00000000e+00,0.00000000e+00
0.00000000e+00,0.00000000e+00,0.00000000e+00,0.00000000e+00
0.00000000e+00,2.88909492e-06,5.77872764e-06,8.66779953e-06
0.00000000e+00,5.95559507e-06,1.19116536e-05,1.78671847e-05
0.00000000e+00,5.22280107e-06,1.04462606e-05,1.56691633e-05
0.00000000e+00,1.06811987e-05,2.13630040e-05,3.20442723e-05
0.00000000e+00,7.95038975e-06,1.59017764e-05,2.38521172e-05
0.00000000e+00,0.00000000e+00,0.00000000e+00,0.00000000e+00
0.00000000e+00,2.86821766e-06,5.73678100e-06,8.60503701e-06
0.00000000e+00,5.91038079e-06,1.18210446e-05,1.77314324e-05
0.00000000e+00,4.38752679e-06,8.77555121e-06,1.31630317e-05
0.00000000e+00,7.90631573e-06,1.58132666e-05,2.37196680e-05
0.00000000e+00,4.35496802e-06,8.71024590e-06,1.30652332e-05
0.00000000e+00,7.72326612e-06,1.54480360e-05,2.31712516e-05
0.00000000e+00,1.54666063e-05,3.09345816e-05,4.64010752e-05
0.00000000e+00,6.84570790e-06,1.36927374e-05,2.05384044e-05
0.00000000e+00,1.38336030e-05,2.76684081e-05,4.15019043e-05
0.00000000e+00,7.72002596e-06,1.54409410e-05,2.31611285e-05
0.00000000e+00,1.54630700e-05,3.09269225e-05,4.63901224e-05
0.00000000e+00,1.15925839e-05,2.31866139e-05,3.47791137e-05
0.00000000e+00,6.82770906e-06,1.36562293e-05,2.04840685e-05
0.00000000e+00,1.37992947e-05,2.75992710e-05,4.13986513e-05
0.00000000e+00,1.03137735e-05,2.06288226e-05,3.09425179e-05
0.00000000e+00,1.15885595e-05,2.31779541e-05,3.47666544e-05
0.00000000e+00,1.02870552e-05,2.05748629e-05,3.08620222e-05
0.00000000e+00,8.21052896e-06,1.64225761e-05,2.46330469e-05
0.00000000e+00,1.63315496e-05,3.26644996e-05,4.89960379e-05
0.00000000e+00,8.10313859e-06,1.62078164e-05,2.43108846e-05
0.00000000e+00,1.61454969e-05,3.22924157e-05,4.84378290e-05
0.00000000e+00,8.22177698e-06,1.64443476e-05,2.46663144e-05
0.00000000e+00,1.63541851e-05,3.27091106e-05,4.90635369e-05
0.00000000e+00,1.22881475e-05,2.45777456e-05,3.68658504e-05
0.00000000e+00,8.11051127e-06,1.62218566e-05,2.43325412e-05
0.00000000e+00,1.61613862e-05,3.23235052e-05,4.84850725e-05
0.00000000e+00,1.21364335e-05,2.42743367e-05,3.64106837e-05
0.00000000e+00,1.23051611e-05,2.46110662e-05,3.69164364e-05
0.00000000e+00,1.21478927e-05,2.42965617e-05,3.64446278e-05
0.00000000e+00,7.72336498e-06,1.54479387e-05,2.31712311e-05
0.00000000e+00,1.54666639e-05,3.09344666e-05,4.64010896e-05
0.00000000e+00,8.10316548e-06,1.62077523e-05,2.43108818e-05
0.00000000e+00,1.61454872e-05,3.22923555e-05,4.84378593e-05
0.00000000e+00,7.72013138e-06,1.54408602e-05,2.31611123e-05
0.00000000e+00,1.54631464e-05,3.09268382e-05,4.63901411e-05
0.00000000e+00,1.15926711e-05,2.31864943e-05,3.47791024e-05
0.00000000e+00,8.11053908e-06,1.62218152e-05,2.43325438e-05
0.00000000e+00,1.61613777e-05,3.23234781e-05,4.84851076e-05
0.00000000e+00,1.21364486e-05,2.42742679e-05,3.64106933e-05
0.00000000e+00,1.15886496e-05,2.31778677e-05,3.47666570e-05
0.00000000e+00,1.21479022e-05,2.42965267e-05,3.64446470e-05
0.00000000e+00,5.25143227e-06,1.05036508e-05,1.57550062e-05
0.00000000e+00,1.07415843e-05,2.14838199e-05,3.22253254e-05
0.00000000e+00,6.84584256e-06,1.36926407e-05,2.05383600e-05
0.00000000e+00,1.38337151e-05,2.76682861e-05,4.15018808e-05
0.00000000e+00,5.22291207e-06,1.04462029e-05,1.56691451e-05
0.00000000e+00,1.06813067e-05,2.13629052e-05,3.20442515e-05
0.00000000e+00,7.95045938e-06,1.59017031e-05,2.38520927e-05
0.00000000e+00,6.82785991e-06,1.36561439e-05,2.04840371e-05
0.00000000e+00,1.37993953e-05,2.75991923e-05,4.13986515e-05
0.00000000e+00,1.03139142e-05,2.06286959e-05,3.09424745e-05
0.00000000e+00,7.90640734e-06,1.58131950e-05,2.37196512e-05
0.00000000e+00,1.02871906e-05,2.05747656e-05,3.08619988e-05
0.00000000e+00,0.00000000e+00,0.00000000e+00,0.00000000e+00
0.00000000e+00,0.00000000e+00,0.00000000e+00,0.00000000e+00
0.00000000e+00,2.88915872e-06,5.77868221e-06,8.66778478e-06
0.00000000e+00,5.95564883e-06,1.19115761e-05,1.78671658e-05
0.00000000e+00,0.00000000e+00,0.00000000e+00,0.00000000e+00
0.00000000e+00,0.00000000e+00,0.00000000e+00,0.00000000e+00
0.00000000e+00,0.00000000e+00,0.00000000e+00,0.00000000e+00
0.00000000e+00,2.86828531e-06,5.73673424e-06,8.60502364e-06
0.00000000e+00,5.91044252e-06,1.18209685e-05,1.77314147e-05
0.00000000e+00,4.38757644e-06,8.77549618e-06,1.31630174e-05
0.00000000e+00,0.00000000e+00,0.00000000e+00,0.00000000e+00
0.00000000e+00,4.35502694e-06,8.71017934e-06,1.30652172e-05
0.00000000e+00,0.00000000e+00,0.00000000e+00,0.00000000e+00
0.00000000e+00,0.00000000e+00,0.00000000e+00,0.00000000e+00
0.00000000e+00,5.37152519e-06,1.07448232e-05,1.61160684e-05
0.00000000e+00,1.09982717e-05,2.19982731e-05,3.29961705e-05
0.00000000e+00,0.00000000e+00,0.00000000e+00,0.00000000e+00
0.00000000e+00,0.00000000e+00,0.00000000e+00,0.00000000e+00
0.00000000e+00,0.00000000e+00,0.00000000e+00,0.00000000e+00
0.00000000e+00,2.97866092e-06,5.95828484e-06,8.93679113e-06
0.00000000e+00,6.15339429e-06,1.23076976e-05,1.84608897e-05
0.00000000e+00,5.30039603e-06,1.06021885e-05,1.59024374e-05
0.00000000e+00,1.08473666e-05,2.16960896e-05,3.25432415e-05
0.00000000e+00,8.13581346e-06,1.62733524e-05,2.44088321e-05
0.00000000e+00,0.00000000e+00,0.00000000e+00,0.00000000e+00
0.00000000e+00,2.92539052e-06,5.85152298e-06,8.77682483e-06
0.00000000e+00,6.03640239e-06,1.20734779e-05,1.81097459e-05
0.00000000e+00,4.52745834e-06,9.05584869e-06,1.35831281e-05
0.00000000e+00,8.02622727e-06,1.60538287e-05,2.40798753e-05
0.00000000e+00,4.44425864e-06,8.88922071e-06,1.33333672e-05
0.00000000e+00,7.73248613e-06,1.54678265e-05,2.31998352e-05
0.00000000e+00,1.54724953e-05,3.09476443e-05,4.64195452e-05
0.00000000e+00,6.91665058e-06,1.38357060e-05,2.07519515e-05
0.00000000e+00,1.39689983e-05,2.79402973e-05,4.19087965e-05
0.00000000e+00,7.72782412e-06,1.54578163e-05,2.31853779e-05
0.00000000e+00,1.54707148e-05,3.09434076e-05,4.64137683e-05
0.00000000e+00,1.16026804e-05,2.32081296e-05,3.48102831e-05
0.00000000e+00,6.87554578e-06,1.37529450e-05,2.06282689e-05
0.00000000e+00,1.38915157e-05,2.77847654e-05,4.16759739e-05
0.00000000e+00,1.04185378e-05,2.08394194e-05,3.12575123e-05
0.00000000e+00,1.15979457e-05,2.31979704e-05,3.47956038e-05
0.00000000e+00,1.03580227e-05,2.07178456e-05,3.10756056e-05
0.00000000e+00,8.16467463e-06,1.63324430e-05,2.44965243e-05
0.00000000e+00,1.62383132e-05,3.24794700e-05,4.87171486e-05
0.00000000e+00,8.07166793e-06,1.61464711e-05,2.42175801e-05
0.00000000e+00,1.60772615e-05,3.21573873e-05,4.82339722e-05
0.00000000e+00,8.19157570e-06,1.63854502e-05,2.45767047e-05
0.00000000e+00,1.62925102e-05,3.25871086e-05,4.88793014e-05
0.00000000e+00,1.22188442e-05,2.44406415e-05,3.66588508e-05
0.00000000e+00,8.09039211e-06,1.61830916e-05,2.42731637e-05
0.00000000e+00,1.61174635e-05,3.22370358e-05,4.83541172e-05
0.00000000e+00,1.20875955e-05,2.41781598e-05,3.62651374e-05
0.00000000e+00,1.22594341e-05,2.45210376e-05,3.67801426e-05
0.00000000e+00,1.21165846e-05,2.42353701e-05,3.63515999e-05
0.00000000e+00,7.73256573e-06,1.54677100e-05,2.31998128e-05
0.00000000e+00,1.54725535e-05,3.09474636e-05,4.64195418e-05
0.00000000e+00,8.07172774e-06,1.61463970e-05,2.42175695e-05
0.00000000e+00,1.60772958e-05,3.21572397e-05,4.82339814e-05
0.00000000e+00,7.72791765e-06,1.54577079e-05,2.31853561e-05
0.00000000e+00,1.54707689e-05,3.09432628e-05,4.64137740e-05
0.00000000e+00,1.16027790e-05,2.32079565e-05,3.48102557e-05
0.00000000e+00,8.09043457e-06,1.61830117e-05,2.42731540e-05
0.00000000e+00,1.61174793e-05,3.22369270e-05,4.83541339e-05
0.00000000e+00,1.20876611e-05,2.41780308e-05,3.62651266e-05
0.00000000e+00,1.15980282e-05,2.31978306e-05,3.47955901e-05
0.00000000e+00,1.21166218e-05,2.42352677e-05,3.63515980e-05
0.00000000e+00,5.37155646e-06,1.07447553e-05,1.61160501e-05
0.00000000e+00,1.09982887e-05,2.19981481e-05,3.29961520e-05
0.00000000e+00,6.91670196e-06,1.38356102e-05,2.07519240e-05
0.00000000e+00,1.39690677e-05,2.79401088e-05,4.19087482e-05
0.00000000e+00,5.30046870e-06,1.06021157e-05,1.59024090e-05
0.00000000e+00,1.08474298e-05,2.16959546e-05,3.25432009e-05
0.00000000e+00,8.13581851e-06,1.62732555e-05,2.44088162e-05
0.00000000e+00,6.87564672e-06,1.37528425e-05,2.06282265e-05
0.00000000e+00,1.38916242e-05,2.77845950e-05,4.16759327e-05
0.00000000e+00,1.04185910e-05,2.08392696e-05,3.12574754e-05
0.00000000e+00,8.02628215e-06,1.60537295e-05,2.40798449e-05
0.00000000e+00,1.03581341e-05,2.07177028e-05,3.10755560e-05
0.00000000e+00,0.00000000e+00,0.00000000e+00,0.00000000e+00
0.00000000e+00,0.00000000e+00,0.00000000e+00,0.00000000e+00
0.00000000e+00,2.97869025e-06,5.95825953e-06,8.93679599e-06
0.00000000e+00,6.15341183e-06,1.23076312e-05,1.84608816e-05
0.00000000e+00,0.00000000e+00,0.00000000e+00,0.00000000e+00
0.00000000e+00,0.00000000e+00,0.00000000e+00,0.00000000e+00
0.00000000e+00,0.00000000e+00,0.00000000e+00,0.00000000e+00
0.00000000e+00,2.92542853e-06,5.85149549e-06,8.77682338e-06
0.00000000e+00,6.03642766e-06,1.20734168e-05,1.81097383e-05
0.00000000e+00,4.52747065e-06,9.05581667e-06,1.35831319e-05
0.00000000e+00,0.00000000e+00,0.00000000e+00,0.00000000e+00
0.00000000e+00,4.44427988e-06,8.88918927e-06,1.33333665e-05
0.00000000e+00,0.00000000e+00,0.00000000e+00,0.00000000e+00
0.00000000e+00,0.00000000e+00,0.00000000e+00,0.00000000e+00
0.00000000e+00,6.44678600e-11,-2.84043603e-10,2.56800513e-10
0.00000000e+00,3.45017341e-10,-5.52855469e-10,5.19705333e-10
0.00000000e+00,0.00000000e+00,0.00000000e+00,0.00000000e+00
0.00000000e+00,0.00000000e+00,0.00000000e+00,0.00000000e+00
0.00000000e+00,0.00000000e+00,0.00000000e+00,0.00000000e+00
0.00000000e+00,2.36635618e-11,-1.42162528e-10,1.33994894e-10
0.00000000e+00,1.78910281e-10,-2.87938485e-10,2.69241991e-10
0.00000000e+00,2.00389671e-10,-4.14969305e-10,3.86962596e-10
0.00000000e+00,2.67120282e-06,5.34116432e-06,8.01309828e-06
0.00000000e+00,2.61161653e-06,5.22281771e-06,7.83490557e-06
0.00000000e+00,0.00000000e+00,0.00000000e+00,0.00000000e+00
0.00000000e+00,9.88133191e-11,-2.12811200e-10,2.00633582e-10
0.00000000e+00,1.47820071e-06,2.95574833e-06,4.43431670e-06
0.00000000e+00,1.43418157e-06,2.86817786e-06,4.30260520e-06
0.00000000e+00,2.63592986e-06,5.27104583e-06,7.90757457e-06
0.00000000e+00,1.45200924e-06,2.90361149e-06,4.35592641e-06
0.00000000e+00,2.06916078e-10,-5.28748642e-10,4.36877409e-10
0.00000000e+00,6.92180225e-10,-9.62743007e-10,8.51771131e-10
0.00000000e+00,1.32891398e-10,-4.13915204e-10,3.62500345e-10
0.00000000e+00,5.53473070e-10,-7.90371287e-10,7.31886958e-10
0.00000000e+00,4.42826815e-10,-7.43596711e-10,6.42680549e-10
0.00000000e+00,3.86658352e-06,7.73080763e-06,1.15985373e-05
0.00000000e+00,3.86048984e-06,7.72002080e-06,1.15812844e-05
0.00000000e+00,3.38071742e-10,-5.99632315e-10,5.42983111e-10
0.00000000e+00,3.45066286e-06,6.89942040e-06,1.03510608e-05
0.00000000e+00,3.41421581e-06,6.82773947e-06,1.02426007e-05
0.00000000e+00,3.86341855e-06,7.72520042e-06,1.15895783e-05
0.00000000e+00,3.42953190e-06,6.85778226e-06,1.02881245e-05
0.00000000e+00,3.31719962e-10,-6.61460378e-10,4.98723412e-10
0.00000000e+00,9.09203600e-10,-1.19548774e-09,9.85498257e-10
0.00000000e+00,2.80549109e-10,-6.17401893e-10,4.88356873e-10
0.00000000e+00,8.35935702e-10,-1.12687054e-09,9.54597853e-10
0.00000000e+00,6.15416038e-10,-9.26012070e-10,7.39359258e-10
0.00000000e+00,4.08949324e-06,8.17591533e-06,1.22667165e-05
0.00000000e+00,4.11142962e-06,8.22148798e-06,1.23337771e-05
0.00000000e+00,5.51405163e-10,-8.69001195e-10,7.17490182e-10
0.00000000e+00,4.04123842e-06,8.07962433e-06,1.21221359e-05
0.00000000e+00,4.05577637e-06,8.11031678e-06,1.21669365e-05
0.00000000e+00,4.10245051e-06,8.20271783e-06,1.23062527e-05
0.00000000e+00,4.04996858e-06,8.09792400e-06,1.21489519e-05
0.00000000e+00,3.69366472e-10,-5.72043420e-10,4.30490715e-10
0.00000000e+00,8.73962000e-10,-1.04046537e-09,8.57853668e-10
0.00000000e+00,3.66586409e-10,-6.47409472e-10,4.76454466e-10
0.00000000e+00,9.35240077e-10,-1.18189625e-09,9.51585489e-10
0.00000000e+00,6.18540730e-10,-8.05632662e-10,6.42890356e-10
0.00000000e+00,3.86676442e-06,7.73072363e-06,1.15985474e-05
0.00000000e+00,3.86066666e-06,7.71993966e-06,1.15812662e-05
0.00000000e+00,6.45538462e-10,-9.08406669e-10,7.12575776e-10
0.00000000e+00,4.04131481e-06,8.07958302e-06,1.21221454e-05
0.00000000e+00,4.05585221e-06,8.11027717e-06,1.21669268e-05
0.00000000e+00,3.86359101e-06,7.72511884e-06,1.15895733e-05
0.00000000e+00,4.05005328e-06,8.09787383e-06,1.21489449e-05
0.00000000e+00,2.86148252e-10,-3.24634679e-10,2.35753973e-10
0.00000000e+00,5.59231927e-10,-5.65156560e-10,5.02406048e-10
0.00000000e+00,3.52836377e-10,-4.67408078e-10,3.44162217e-10
0.00000000e+00,7.59300256e-10,-8.58581524e-10,7.08540538e-10
0.00000000e+00,4.26673882e-10,-4.53808900e-10,3.67068323e-10
0.00000000e+00,2.67143425e-06,5.34112388e-06,8.01306523e-06
0.00000000e+00,2.61181281e-06,5.22276632e-06,7.83488624e-06
0.00000000e+00,5.54449554e-10,-6.57948240e-10,5.25388577e-10
0.00000000e+00,3.45086629e-06,6.89935176e-06,1.03510346e-05
0.00000000e+00,3.41443219e-06,6.82766692e-06,1.02425770e-05
0.00000000e+00,2.63616097e-06,5.27097991e-06,7.90754145e-06
0.00000000e+00,3.42974737e-06,6.85770976e-06,1.02881004e-05
0.00000000e+00,0.00000000e+00,0.00000000e+00,0.00000000e+00
0.00000000e+00,0.00000000e+00,0.00000000e+00,0.00000000e+00
0.00000000e+00,1.51689604e-10,-1.66119672e-10,1.22817729e-10
0.00000000e+00,3.04416204e-10,-3.01517736e-10,2.65301800e-10
0.00000000e+00,0.00000000e+00,0.00000000e+00,0.00000000e+00
0.00000000e+00,0.00000000e+00,0.00000000e+00,0.00000000e+00
0.00000000e+00,0.00000000e+00,0.00000000e+00,0.00000000e+00
0.00000000e+00,2.29733483e-10,-2.33014150e-10,1.91700744e-10
0.00000000e+00,1.47834556e-06,2.95571122e-06,4.43430892e-06
0.00000000e+00,1.43430649e-06,2.86813867e-06,4.30259029e-06
0.00000000e+00,0.00000000e+00,0.00000000e+00,0.00000000e+00
0.00000000e+00,1.45213417e-06,2.90357691e-06,4.35591626e-06
0.00000000e+00,0.00000000e+00,0.00000000e+00,0.00000000e+00
0.00000000e+00,-1.82475524e-10,-3.82031491e-11,2.59087116e-11
0.00000000e+00,0.00000000e+00,0.00000000e+00,0.00000000e+00
0.00000000e+00,0.00000000e+00,0.00000000e+00,0.00000000e+00
0.00000000e+00,-1.01488671e-10,-1.34891574e-11,1.25757571e-11
0.00000000e+00,-6.27555612e-11,-1.58322674e-10,1.39666139e-10
0.00000000e+00,2.59260196e-06,5.18551661e-06,7.77835159e-06
0.00000000e+00,0.00000000e+00,0.00000000e+00,0.00000000e+00
0.00000000e+00,-4.10084199e-11,-7.53773632e-11,7.23669242e-11
0.00000000e+00,1.42042391e-06,2.84103365e-06,4.26157364e-06
0.00000000e+00,2.59739678e-06,5.19474990e-06,7.79249901e-06
0.00000000e+00,1.42387714e-06,2.84776303e-06,4.27181957e-06
0.00000000e+00,-2.30542514e-10,-1.06506177e-10,5.12621984e-11
0.00000000e+00,-2.23148833e-10,-6.90583074e-11,4.14112700e-11
0.00000000e+00,-1.56455942e-11,-3.17963495e-10,2.42624193e-10
0.00000000e+00,3.85751257e-06,7.71535012e-06,1.15732466e-05
0.00000000e+00,-4.85614511e-11,-2.38754439e-10,1.99975559e-10
0.00000000e+00,3.40166855e-06,6.80368826e-06,1.02056759e-05
0.00000000e+00,3.85837206e-06,7.71643766e-06,1.15753902e-05
0.00000000e+00,3.40489320e-06,6.80962709e-06,1.02150025e-05
0.00000000e+00,-1.81240683e-10,-1.61115981e-10,4.69000298e-11
0.00000000e+00,-2.10607941e-10,-1.39258283e-10,5.45787727e-11
0.00000000e+00,6.91086066e-11,-4.08922402e-10,2.69098200e-10
0.00000000e+00,4.11818290e-06,8.23651248e-06,1.23551032e-05
0.00000000e+00,3.15015328e-11,-3.76089833e-10,2.69544941e-10
0.00000000e+00,4.05990896e-06,8.12002370e-06,1.21803378e-05
0.00000000e+00,4.11661465e-06,8.23264329e-06,1.23498937e-05
0.00000000e+00,4.05900060e-06,8.11748957e-06,1.21771147e-05
0.00000000e+00,-9.37863783e-11,-1.38161867e-10,2.75395203e-11
0.00000000e+00,-1.40017110e-10,-1.71267565e-10,3.43511629e-11
0.00000000e+00,1.37385789e-10,-3.55660855e-10,2.22965730e-10
0.00000000e+00,3.85764623e-06,7.71529256e-06,1.15732241e-05
0.00000000e+00,1.11650049e-10,-4.05315222e-10,2.51781580e-10
0.00000000e+00,4.05995551e-06,8.11999371e-06,1.21803293e-05
0.00000000e+00,3.85852774e-06,7.71637317e-06,1.15753687e-05
0.00000000e+00,4.05906391e-06,8.11745941e-06,1.21771045e-05
0.00000000e+00,1.76344399e-14,-8.08372077e-11,-6.01313753e-13
0.00000000e+00,-4.05636099e-11,-1.12277709e-10,1.06068689e-11
0.00000000e+00,1.40424942e-10,-2.01577214e-10,1.14175510e-10
0.00000000e+00,2.59277041e-06,5.18546228e-06,7.77832957e-06
0.00000000e+00,1.52724168e-10,-2.84365455e-10,1.75656196e-10
0.00000000e+00,3.40184549e-06,6.80362670e-06,1.02056493e-05
0.00000000e+00,2.59757023e-06,5.19470378e-06,7.79248011e-06
0.00000000e+00,3.40508705e-06,6.80956178e-06,1.02149793e-05
0.00000000e+00,0.00000000e+00,0.00000000e+00,0.00000000e+00
0.00000000e+00,9.90741795e-13,-3.17323622e-11,1.01194589e-14
0.00000000e+00,0.00000000e+00,0.00000000e+00,0.00000000e+00
0.00000000e+00,0.00000000e+00,0.00000000e+00,0.00000000e+00
0.00000000e+00,7.11851480e-11,-9.53666712e-11,6.14652945e-11
0.00000000e+00,1.42051642e-06,2.84099824e-06,4.26156022e-06
0.00000000e+00,0.00000000e+00,0.00000000e+00,0.00000000e+00
0.00000000e+00,1.42398608e-06,2.84772133e-06,4.27180565e-06
0.00000000e+00,0.00000000e+00,0.00000000e+00,0.00000000e+00
0.00000000e+00,-4.33307959e-10,2.00937904e-10,-2.02985927e-10
0.00000000e+00,0.00000000e+00,0.00000000e+00,0.00000000e+00
0.00000000e+00,0.00000000e+00,0.00000000e+00,0.00000000e+00
0.00000000e+00,-2.30194717e-10,1.09156665e-10,-1.09449381e-10
0.00000000e+00,-3.07641165e-10,8.13286019e-11,-8.65769721e-11
0.00000000e+00,2.61113082e-06,5.22330893e-06,7.83444704e-06
0.00000000e+00,0.00000000e+00,0.00000000e+00,0.00000000e+00
0.00000000e+00,-1.64353265e-10,4.76098614e-11,-4.66900960e-11
0.00000000e+00,1.43393410e-06,2.86843274e-06,4.30236319e-06
0.00000000e+00,2.59715413e-06,5.19499621e-06,7.79227377e-06
0.00000000e+00,1.42375795e-06,2.84788734e-06,4.27170133e-06
0.00000000e+00,-6.65156254e-10,3.14220872e-10,-3.35550432e-10
0.00000000e+00,-5.74112554e-10,2.72824455e-10,-2.81813001e-10
0.00000000e+00,-4.44989394e-10,1.03097106e-10,-1.40327675e-10
0.00000000e+00,3.85964995e-06,7.72087660e-06,1.15805139e-05
0.00000000e+00,-3.96662658e-10,1.01244201e-10,-1.17682895e-10
0.00000000e+00,3.41353124e-06,6.82843607e-06,1.02419587e-05
0.00000000e+00,3.85795836e-06,7.71686469e-06,1.15750084e-05
0.00000000e+00,3.40455858e-06,6.80997181e-06,1.02146858e-05
0.00000000e+00,-6.89682747e-10,3.27834542e-10,-4.04293881e-10
0.00000000e+00,-6.98209788e-10,3.40097334e-10,-3.80022275e-10
0.00000000e+00,-4.30564555e-10,8.00699255e-11,-1.75929868e-10
0.00000000e+00,4.11043963e-06,8.22249211e-06,1.23328790e-05
0.00000000e+00,-4.51973186e-10,9.92445330e-11,-1.59577459e-10
0.00000000e+00,4.05483027e-06,8.11128944e-06,1.21660695e-05
0.00000000e+00,4.11613741e-06,8.23313379e-06,1.23494498e-05
0.00000000e+00,4.05853315e-06,8.11797280e-06,1.21766866e-05
0.00000000e+00,-5.53003522e-10,2.75670538e-10,-3.65154980e-10
0.00000000e+00,-6.44189659e-10,2.99671120e-10,-4.01488745e-10
0.00000000e+00,-3.22693339e-10,6.74225975e-11,-1.68287405e-10
0.00000000e+00,3.85975976e-06,7.72080542e-06,1.15804848e-05
0.00000000e+00,-3.89055005e-10,6.11163689e-11,-1.81674153e-10
0.00000000e+00,4.05486751e-06,8.11123368e-06,1.21660557e-05
0.00000000e+00,3.85807617e-06,7.71680242e-06,1.15749806e-05
0.00000000e+00,4.05857551e-06,8.11793116e-06,1.21766755e-05
0.00000000e+00,-2.82493920e-10,1.63468350e-10,-2.32918139e-10
0.00000000e+00,-4.28916398e-10,2.34413812e-10,-3.15966221e-10
0.00000000e+00,-1.42005691e-10,4.19411704e-11,-1.13508278e-10
0.00000000e+00,2.61125669e-06,5.22327014e-06,7.83442771e-06
0.00000000e+00,-2.31454918e-10,5.95484497e-11,-1.52726643e-10
0.00000000e+00,3.41366397e-06,6.82837391e-06,1.02419203e-05
0.00000000e+00,2.59728386e-06,5.19496028e-06,7.79225851e-06
0.00000000e+00,3.40471425e-06,6.80990985e-06,1.02146529e-05
0.00000000e+00,0.00000000e+00,0.00000000e+00,0.00000000e+00
0.00000000e+00,-1.42223822e-10,8.83789471e-11,-1.20720058e-10
0.00000000e+00,0.00000000e+00,0.00000000e+00,0.00000000e+00
0.00000000e+00,0.00000000e+00,0.00000000e+00,0.00000000e+00
0.00000000e+00,-7.18338141e-11,3.05940149e-11,-5.92568953e-11
0.00000000e+00,1.43401616e-06,2.86839304e-06,4.30234726e-06
0.00000000e+00,0.00000000e+00,0.00000000e+00,0.00000000e+00
0.00000000e+00,1.42384131e-06,2.84785384e-06,4.27168760e-06
0.00000000e+00,0.00000000e+00,0.00000000e+00,0.00000000e+00
0.00000000e+00,-7.03590971e-10,4.49325982e-10,-4.55011790e-10
0.00000000e+00,0.00000000e+00,0.00000000e+00,0.00000000e+00
0.00000000e+00,0.00000000e+00,0.00000000e+00,0.00000000e+00
0.00000000e+00,-3.69919147e-10,2.45449599e-10,-2.46617323e-10
0.00000000e+00,-5.66925722e-10,3.24730228e-10,-3.27922181e-10
0.00000000e+00,2.67017458e-06,5.34217052e-06,8.01211372e-06
0.00000000e+00,0.00000000e+00,0.00000000e+00,0.00000000e+00
0.00000000e+00,-2.98751812e-10,1.75864090e-10,-1.77194050e-10
0.00000000e+00,1.47765065e-06,2.95628607e-06,4.43379686e-06
0.00000000e+00,2.63518339e-06,5.27178934e-06,7.90686194e-06
0.00000000e+00,1.45161765e-06,2.90400176e-06,4.35555030e-06
0.00000000e+00,-1.13544846e-09,7.71447854e-10,-7.52467661e-10
0.00000000e+00,-9.44254733e-10,6.42735036e-10,-6.41388115e-10
0.00000000e+00,-8.99875496e-10,5.37675630e-10,-5.42482045e-10
0.00000000e+00,3.86479511e-06,7.73255923e-06,1.15969196e-05
0.00000000e+00,-7.56644794e-10,4.54772451e-10,-4.58734143e-10
0.00000000e+00,3.44919768e-06,6.90086139e-06,1.03496759e-05
0.00000000e+00,3.86211997e-06,7.72648917e-06,1.15883979e-05
0.00000000e+00,3.42846933e-06,6.85884355e-06,1.02871266e-05
0.00000000e+00,-1.23641881e-09,8.67398791e-10,-8.88533222e-10
0.00000000e+00,-1.24026621e-09,8.67974184e-10,-8.56210579e-10
0.00000000e+00,-9.62967603e-10,5.92147849e-10,-6.46521037e-10
0.00000000e+00,4.08737297e-06,8.17801141e-06,1.22648312e-05
0.00000000e+00,-9.64164588e-10,6.00647074e-10,-6.15422036e-10
0.00000000e+00,4.03918371e-06,8.08165141e-06,1.21203118e-05
0.00000000e+00,4.10091709e-06,8.20425279e-06,1.23048716e-05
0.00000000e+00,4.04849513e-06,8.09941336e-06,1.21476224e-05
0.00000000e+00,-1.03938629e-09,7.04836142e-10,-7.84453699e-10
0.00000000e+00,-1.16698982e-09,8.25056166e-10,-8.82887317e-10
0.00000000e+00,-7.89630972e-10,4.84397292e-10,-5.75047361e-10
0.00000000e+00,3.86487197e-06,7.73249059e-06,1.15969027e-05
0.00000000e+00,-9.05771168e-10,5.59259569e-10,-6.39064306e-10
0.00000000e+00,4.03924019e-06,8.08161181e-06,1.21202981e-05
0.00000000e+00,3.86222234e-06,7.72641300e-06,1.15883739e-05
0.00000000e+00,4.04854133e-06,8.09935351e-06,1.21476062e-05
0.00000000e+00,-6.19401231e-10,4.18517261e-10,-4.73970943e-10
0.00000000e+00,-8.60390683e-10,5.87652400e-10,-6.77035003e-10
0.00000000e+00,-4.48518005e-10,2.91967297e-10,-3.54078254e-10
0.00000000e+00,2.67023562e-06,5.34212939e-06,8.01208993e-06
0.00000000e+00,-6.43889528e-10,4.10462726e-10,-4.93799955e-10
0.00000000e+00,3.44924657e-06,6.90080009e-06,1.03496534e-05
0.00000000e+00,2.63528611e-06,5.27172984e-06,7.90683063e-06
0.00000000e+00,3.42856649e-06,6.85878084e-06,1.02870911e-05
0.00000000e+00,0.00000000e+00,0.00000000e+00,0.00000000e+00
0.00000000e+00,-3.19048420e-10,2.33190285e-10,-2.51789483e-10
0.00000000e+00,0.00000000e+00,0.00000000e+00,0.00000000e+00
0.00000000e+00,0.00000000e+00,0.00000000e+00,0.00000000e+00
0.00000000e+00,-2.28614074e-10,1.58001710e-10,-1.84714002e-10
0.00000000e+00,1.47770705e-06,2.95625717e-06,4.43379560e-06
0.00000000e+00,0.00000000e+00,0.00000000e+00,0.00000000e+00
0.00000000e+00,1.45167527e-06,2.90397554e-06,4.35554689e-06
0.00000000e+00,0.00000000e+00,0.00000000e+00,0.00000000e+00
0.00000000e+00,0.00000000e+00,0.00000000e+00,0.00000000e+00
0.00000000e+00,-5.25168615e-06,-1.05037767e-05,-1.57549686e-05
0.00000000e+00,-5.37183765e-06,-1.07449122e-05,-1.61160073e-05
0.00000000e+00,0.00000000e+00,0.00000000e+00,0.00000000e+00
0.00000000e+00,0.00000000e+00,0.00000000e+00,0.00000000e+00
0.00000000e+00,0.00000000e+00,0.00000000e+00,0.00000000e+00
0.00000000e+00,-2.88928254e-06,-5.77875718e-06,-8.66777436e-06
0.00000000e+00,-2.97884999e-06,-5.95832712e-06,-8.93676915e-06
0.00000000e+00,-5.30072725e-06,-1.06022660e-05,-1.59023777e-05
0.00000000e+00,-2.67051180e-06,-5.34227008e-06,-8.01204874e-06
0.00000000e+00,-2.61148896e-06,-5.22338818e-06,-7.83439331e-06
0.00000000e+00,0.00000000e+00,0.00000000e+00,0.00000000e+00
0.00000000e+00,-2.92557737e-06,-5.85155673e-06,-8.77680090e-06
0.00000000e+00,-1.47784015e-06,-2.95632755e-06,-4.43377395e-06
0.00000000e+00,-1.43413392e-06,-2.86846327e-06,-4.30233836e-06
0.00000000e+00,-2.63553572e-06,-5.27187547e-06,-7.90680259e-06
0.00000000e+00,-1.45181480e-06,-2.90403605e-06,-4.35552642e-06
0.00000000e+00,-7.72366792e-06,-1.54482269e-05,-2.31711510e-05
0.00000000e+00,-7.73284097e-06,-1.54680063e-05,-2.31997292e-05
0.00000000e+00,-6.84610681e-06,-1.36928583e-05,-2.05383210e-05
0.00000000e+00,-6.91699027e-06,-1.38358399e-05,-2.07518583e-05
0.00000000e+00,-7.72820585e-06,-1.54579994e-05,-2.31852751e-05
0.00000000e+00,-3.86518834e-06,-7.73275036e-06,-1.15968193e-05
0.00000000e+00,-3.86008097e-06,-7.72108233e-06,-1.15804136e-05
0.00000000e+00,-6.87591558e-06,-1.37530699e-05,-2.06281818e-05
0.00000000e+00,-3.44954755e-06,-6.90100854e-06,-1.03495844e-05
0.00000000e+00,-3.41395357e-06,-6.82856626e-06,-1.02418776e-05
0.00000000e+00,-3.86254070e-06,-7.72668703e-06,-1.15882968e-05
0.00000000e+00,-3.42886300e-06,-6.85897951e-06,-1.02870410e-05
0.00000000e+00,-8.21083314e-06,-1.64228755e-05,-2.46329448e-05
0.00000000e+00,-8.16490791e-06,-1.63327410e-05,-2.44964307e-05
0.00000000e+00,-8.10349648e-06,-1.62080654e-05,-2.43107728e-05
0.00000000e+00,-8.07199347e-06,-1.61466985e-05,-2.42174889e-05
0.00000000e+00,-8.19184632e-06,-1.63857433e-05,-2.45766064e-05
0.00000000e+00,-4.08766523e-06,-8.17831953e-06,-1.22647330e-05
0.00000000e+00,-4.11077333e-06,-8.22281061e-06,-1.23327811e-05
0.00000000e+00,-8.09073423e-06,-1.61833247e-05,-2.42730620e-05
0.00000000e+00,-4.03955255e-06,-8.08189468e-06,-1.21202224e-05
0.00000000e+00,-4.05521905e-06,-8.11155086e-06,-1.21659592e-05
0.00000000e+00,-4.10122624e-06,-8.20456708e-06,-1.23047778e-05
0.00000000e+00,-4.04887272e-06,-8.09966117e-06,-1.21475215e-05
0.00000000e+00,-7.72351759e-06,-1.54482080e-05,-2.31711468e-05
0.00000000e+00,-7.73265155e-06,-1.54680398e-05,-2.31997204e-05
0.00000000e+00,-8.10339411e-06,-1.62080684e-05,-2.43107917e-05
0.00000000e+00,-8.07187968e-06,-1.61467327e-05,-2.42174902e-05
0.00000000e+00,-7.72802334e-06,-1.54580082e-05,-2.31852671e-05
0.00000000e+00,-3.86499729e-06,-7.73282315e-06,-1.15968233e-05
0.00000000e+00,-3.85993878e-06,-7.72108033e-06,-1.15804032e-05
0.00000000e+00,-8.09062545e-06,-1.61833344e-05,-2.42730679e-05
0.00000000e+00,-4.03943045e-06,-8.08196005e-06,-1.21202325e-05
0.00000000e+00,-4.05512443e-06,-8.11156522e-06,-1.21659738e-05
0.00000000e+00,-3.86235608e-06,-7.72672856e-06,-1.15882908e-05
0.00000000e+00,-4.04876624e-06,-8.09969213e-06,-1.21475261e-05
0.00000000e+00,-5.25143601e-06,-1.05037860e-05,-1.57549890e-05
0.00000000e+00,-5.37158195e-06,-1.07449066e-05,-1.61160047e-05
0.00000000e+00,-6.84588100e-06,-1.36928558e-05,-2.05383184e-05
0.00000000e+00,-6.91675889e-06,-1.38358820e-05,-2.07518552e-05
0.00000000e+00,-5.30047895e-06,-1.06022631e-05,-1.59023777e-05
0.00000000e+00,-2.67031504e-06,-5.34226386e-06,-8.01205043e-06
0.00000000e+00,-2.61124340e-06,-5.22341973e-06,-7.83441608e-06
0.00000000e+00,-6.87568953e-06,-1.37530806e-05,-2.06281713e-05
0.00000000e+00,-3.44933007e-06,-6.90107961e-06,-1.03496108e-05
0.00000000e+00,-3.41372091e-06,-6.82860080e-06,-1.02418884e-05
0.00000000e+00,-2.63530371e-06,-5.27188565e-06,-7.90680771e-06
0.00000000e+00,-3.42863685e-06,-6.85902796e-06,-1.02870510e-05
0.00000000e+00,0.00000000e+00,0.00000000e+00,0.00000000e+00
0.00000000e+00,0.00000000e+00,0.00000000e+00,0.00000000e+00
0.00000000e+00,-2.88915190e-06,-5.77874189e-06,-8.66777819e-06
0.00000000e+00,-2.97872154e-06,-5.95831466e-06,-8.93676772e-06
0.00000000e+00,0.00000000e+00,0.00000000e+00,0.00000000e+00
0.00000000e+00,0.00000000e+00,0.00000000e+00,0.00000000e+00
0.00000000e+00,0.00000000e+00,0.00000000e+00,0.00000000e+00
0.00000000e+00,-2.92543685e-06,-5.85155012e-06,-8.77680557e-06
0.00000000e+00,-1.47773175e-06,-2.95631401e-06,-4.43377284e-06
0.00000000e+00,-1.43400190e-06,-2.86846908e-06,-4.30234589e-06
0.00000000e+00,0.00000000e+00,0.00000000e+00,0.00000000e+00
0.00000000e+00,-1.45167667e-06,-2.90404076e-06,-4.35553361e-06
0.00000000e+00,0.00000000e+00,0.00000000e+00,0.00000000e+00
0.00000000e+00,-5.21373073e-06,-1.04271066e-05,-1.56405602e-05
0.00000000e+00,0.00000000e+00,0.00000000e+00,0.00000000e+00
0.00000000e+00,0.00000000e+00,0.00000000e+00,0.00000000e+00
0.00000000e+00,-2.86149292e-06,-5.72277755e-06,-8.58411789e-06
0.00000000e+00,-5.22316110e-06,-1.04463292e-05,-1.56691067e-05
0.00000000e+00,-2.59296673e-06,-5.18559461e-06,-7.77830058e-06
0.00000000e+00,0.00000000e+00,0.00000000e+00,0.00000000e+00
0.00000000e+00,-2.86841131e-06,-5.73680797e-06,-8.60501114e-06
0.00000000e+00,-1.42062751e-06,-2.84106031e-06,-4.26154833e-06
0.00000000e+00,-2.59752460e-06,-5.19506641e-06,-7.79222005e-06
0.00000000e+00,-1.42395913e-06,-2.84791407e-06,-4.27167557e-06
0.00000000e+00,-7.71948685e-06,-1.54385665e-05,-2.31576593e-05
0.00000000e+00,-6.82220714e-06,-1.36439908e-05,-2.04658428e-05
0.00000000e+00,-7.72044754e-06,-1.54411419e-05,-2.31610256e-05
0.00000000e+00,-3.85797132e-06,-7.71556510e-06,-1.15731438e-05
0.00000000e+00,-6.82812718e-06,-1.36563566e-05,-2.04839848e-05
0.00000000e+00,-3.40211409e-06,-6.80382492e-06,-1.02055932e-05
0.00000000e+00,-3.85840374e-06,-7.71707343e-06,-1.15749063e-05
0.00000000e+00,-3.40499034e-06,-6.81010568e-06,-1.02146033e-05
0.00000000e+00,-8.22604052e-06,-1.64517793e-05,-2.46774720e-05
0.00000000e+00,-8.11351956e-06,-1.62266399e-05,-2.43397668e-05
0.00000000e+00,-8.22209848e-06,-1.64446621e-05,-2.46662154e-05
0.00000000e+00,-4.11854651e-06,-8.23683211e-06,-1.23550064e-05
0.00000000e+00,-8.11089970e-06,-1.62221183e-05,-2.43324289e-05
0.00000000e+00,-4.06033003e-06,-8.12029962e-06,-1.21802258e-05
0.00000000e+00,-4.11647803e-06,-8.23345827e-06,-1.23493569e-05
0.00000000e+00,-4.05893868e-06,-8.11824293e-06,-1.21765765e-05
0.00000000e+00,-7.71933906e-06,-1.54385583e-05,-2.31576916e-05
0.00000000e+00,-8.11340863e-06,-1.62266697e-05,-2.43398083e-05
0.00000000e+00,-7.72029798e-06,-1.54411299e-05,-2.31610455e-05
0.00000000e+00,-3.85783751e-06,-7.71556466e-06,-1.15731653e-05
0.00000000e+00,-8.11079142e-06,-1.62221353e-05,-2.43324611e-05
0.00000000e+00,-4.06023321e-06,-8.12033372e-06,-1.21802594e-05
0.00000000e+00,-3.85825643e-06,-7.71708094e-06,-1.15749230e-05
0.00000000e+00,-4.05884035e-06,-8.11826925e-06,-1.21766025e-05
0.00000000e+00,-5.21352176e-06,-1.04271171e-05,-1.56405994e-05
0.00000000e+00,-6.82200826e-06,-1.36439947e-05,-2.04658788e-05
0.00000000e+00,-5.22292714e-06,-1.04463360e-05,-1.56691375e-05
0.00000000e+00,-2.59276592e-06,-5.18562876e-06,-7.77833427e-06
0.00000000e+00,-6.82791154e-06,-1.36563548e-05,-2.04840057e-05
0.00000000e+00,-3.40192091e-06,-6.80385231e-06,-1.02056282e-05
0.00000000e+00,-2.59729529e-06,-5.19510183e-06,-7.79225150e-06
0.00000000e+00,-3.40477807e-06,-6.81013093e-06,-1.02146282e-05
0.00000000e+00,0.00000000e+00,0.00000000e+00,0.00000000e+00
0.00000000e+00,-2.86138808e-06,-5.72275673e-06,-8.58412762e-06
0.00000000e+00,0.00000000e+00,0.00000000e+00,0.00000000e+00
0.00000000e+00,0.00000000e+00,0.00000000e+00,0.00000000e+00
0.00000000e+00,-2.86829692e-06,-5.73678759e-06,-8.60501830e-06
0.00000000e+00,-1.42051946e-06,-2.84105808e-06,-4.26155907e-06
0.00000000e+00,0.00000000e+00,0.00000000e+00,0.00000000e+00
0.00000000e+00,-1.42384785e-06,-2.84791016e-06,-4.27168265e-06
0.00000000e+00,0.00000000e+00,0.00000000e+00,0.00000000e+00
0.00000000e+00,-5.25219563e-06,-1.05033000e-05,-1.57554271e-05
0.00000000e+00,0.00000000e+00,0.00000000e+00,0.00000000e+00
0.00000000e+00,0.00000000e+00,0.00000000e+00,0.00000000e+00
0.00000000e+00,-2.88954610e-06,-5.77850847e-06,-8.66801395e-06
0.00000000e+00,-5.22340686e-06,-1.04460988e-05,-1.56693313e-05
0.00000000e+00,-2.61199611e-06,-5.22290742e-06,-7.83485241e-06
0.00000000e+00,0.00000000e+00,0.00000000e+00,0.00000000e+00
0.00000000e+00,-2.86854020e-06,-5.73668666e-06,-8.60512859e-06
0.00000000e+00,-1.43439326e-06,-2.86821318e-06,-4.30258099e-06
0.00000000e+00,-2.59776837e-06,-5.19483391e-06,-7.79244483e-06
0.00000000e+00,-1.42408555e-06,-2.84779178e-06,-4.27179397e-06
0.00000000e+00,-7.72457915e-06,-1.54473968e-05,-2.31719128e-05
0.00000000e+00,-6.84683931e-06,-1.36921840e-05,-2.05389556e-05
0.00000000e+00,-7.72089797e-06,-1.54407293e-05,-2.31614019e-05
0.00000000e+00,-3.86097785e-06,-7.72024767e-06,-1.15811824e-05
0.00000000e+00,-6.82848910e-06,-1.36560227e-05,-2.04842970e-05
0.00000000e+00,-3.41467560e-06,-6.82788743e-06,-1.02425189e-05
0.00000000e+00,-3.85884366e-06,-7.71665764e-06,-1.15752864e-05
0.00000000e+00,-3.40534935e-06,-6.80976789e-06,-1.02149198e-05
0.00000000e+00,-8.21188534e-06,-1.64219190e-05,-2.46338356e-05
0.00000000e+00,-8.10452053e-06,-1.62071331e-05,-2.43116282e-05
0.00000000e+00,-8.22261852e-06,-1.64441877e-05,-2.46666526e-05
0.00000000e+00,-4.11181303e-06,-8.22183773e-06,-1.23336818e-05
0.00000000e+00,-8.11140230e-06,-1.62216562e-05,-2.43328503e-05
0.00000000e+00,-4.05622333e-06,-8.11060598e-06,-1.21668249e-05
0.00000000e+00,-4.11699152e-06,-8.23297372e-06,-1.23497981e-05
0.00000000e+00,-4.05943439e-06,-8.11777385e-06,-1.21770028e-05
0.00000000e+00,-7.72444907e-06,-1.54473831e-05,-2.31719448e-05
0.00000000e+00,-8.10442547e-06,-1.62071519e-05,-2.43116659e-05
0.00000000e+00,-7.72075704e-06,-1.54407255e-05,-2.31614382e-05
0.00000000e+00,-3.86086695e-06,-7.72024774e-06,-1.15812070e-05
0.00000000e+00,-8.11129885e-06,-1.62216858e-05,-2.43328912e-05
0.00000000e+00,-4.05615001e-06,-8.11063543e-06,-1.21668558e-05
0.00000000e+00,-3.85871866e-06,-7.71666717e-06,-1.15753146e-05
0.00000000e+00,-4.05934817e-06,-8.11780899e-06,-1.21770357e-05
0.00000000e+00,-5.25201032e-06,-1.05033148e-05,-1.57554665e-05
0.00000000e+00,-6.84667915e-06,-1.36921769e-05,-2.05389892e-05
0.00000000e+00,-5.22320634e-06,-1.04461178e-05,-1.56693759e-05
0.00000000e+00,-2.61181949e-06,-5.22293901e-06,-7.83488948e-06
0.00000000e+00,-6.82830499e-06,-1.36560208e-05,-2.04843372e-05
0.00000000e+00,-3.41451572e-06,-6.82790575e-06,-1.02425540e-05
0.00000000e+00,-2.59757253e-06,-5.19487726e-06,-7.79248588e-06
0.00000000e+00,-3.40517064e-06,-6.80978963e-06,-1.02149568e-05
0.00000000e+00,0.00000000e+00,0.00000000e+00,0.00000000e+00
0.00000000e+00,-2.88944755e-06,-5.77849988e-06,-8.66802984e-06
0.00000000e+00,0.00000000e+00,0.00000000e+00,0.00000000e+00
0.00000000e+00,0.00000000e+00,0.00000000e+00,0.00000000e+00
0.00000000e+00,-2.86843900e-06,-5.73667026e-06,-8.60514359e-06
0.00000000e+00,-1.43429741e-06,-2.86821819e-06,-4.30259255e-06
0.00000000e+00,0.00000000e+00,0.00000000e+00,0.00000000e+00
0.00000000e+00,-1.42398905e-06,-2.84778829e-06,-4.27180467e-06
0.00000000e+00,0.00000000e+00,0.00000000e+00,0.00000000e+00
0.00000000e+00,-5.37292531e-06,-1.07439058e-05,-1.61169801e-05
0.00000000e+00,0.00000000e+00,0.00000000e+00,0.00000000e+00
0.00000000e+00,0.00000000e+00,0.00000000e+00,0.00000000e+00
0.00000000e+00,-2.97940224e-06,-5.95779121e-06,-8.93728225e-06
0.00000000e+00,-5.30152107e-06,-1.06015289e-05,-1.59030885e-05
0.00000000e+00,-2.67158715e-06,-5.34126026e-06,-8.01302831e-06
0.00000000e+00,0.00000000e+00,0.00000000e+00,0.00000000e+00
0.00000000e+00,-2.92598150e-06,-5.85117079e-06,-8.77717334e-06
0.00000000e+00,-1.47839463e-06,-2.95578892e-06,-4.43429457e-06
0.00000000e+00,-2.63631753e-06,-5.27113921e-06,-7.90751532e-06
0.00000000e+00,-1.45221389e-06,-2.90365038e-06,-4.35590296e-06
0.00000000e+00,-7.73474904e-06,-1.54662786e-05,-2.32013380e-05
0.00000000e+00,-6.91853924e-06,-1.38344217e-05,-2.07532236e-05
0.00000000e+00,-7.72960856e-06,-1.54567294e-05,-2.31864533e-05
0.00000000e+00,-3.86707315e-06,-7.73100280e-06,-1.15984345e-05
0.00000000e+00,-6.87704801e-06,-1.37520302e-05,-2.06291721e-05
0.00000000e+00,-3.45109218e-06,-6.89956456e-06,-1.03509685e-05
0.00000000e+00,-3.86391785e-06,-7.72541615e-06,-1.15894770e-05
0.00000000e+00,-3.42997846e-06,-6.85793580e-06,-1.02880395e-05
0.00000000e+00,-8.16714119e-06,-1.63307148e-05,-2.44982918e-05
0.00000000e+00,-8.07413956e-06,-1.61447452e-05,-2.42192776e-05
0.00000000e+00,-8.19347851e-06,-1.63842699e-05,-2.45779779e-05
0.00000000e+00,-4.08986167e-06,-8.17626802e-06,-1.22666164e-05
0.00000000e+00,-8.09230724e-06,-1.61818940e-05,-2.42743741e-05
0.00000000e+00,-4.04167871e-06,-8.07989845e-06,-1.21220381e-05
0.00000000e+00,-4.10283650e-06,-8.20307176e-06,-1.23061573e-05
0.00000000e+00,-4.05041717e-06,-8.09821600e-06,-1.21488470e-05
0.00000000e+00,-7.73461155e-06,-1.54663029e-05,-2.32013797e-05
0.00000000e+00,-8.07404552e-06,-1.61447659e-05,-2.42193123e-05
0.00000000e+00,-7.72946733e-06,-1.54567366e-05,-2.31864947e-05
0.00000000e+00,-3.86695536e-06,-7.73106922e-06,-1.15984847e-05
0.00000000e+00,-8.09221463e-06,-1.61819033e-05,-2.42744075e-05
0.00000000e+00,-4.04158601e-06,-8.07995306e-06,-1.21220776e-05
0.00000000e+00,-3.86379251e-06,-7.72544728e-06,-1.15895173e-05
0.00000000e+00,-4.05034350e-06,-8.09824075e-06,-1.21488776e-05
0.00000000e+00,-5.37277754e-06,-1.07439140e-05,-1.61169961e-05
0.00000000e+00,-6.91840404e-06,-1.38344456e-05,-2.07532632e-05
0.00000000e+00,-5.30136058e-06,-1.06015256e-05,-1.59031137e-05
0.00000000e+00,-2.67148506e-06,-5.34127030e-06,-8.01304085e-06
0.00000000e+00,-6.87690852e-06,-1.37520353e-05,-2.06292036e-05
0.00000000e+00,-3.45097923e-06,-6.89962510e-06,-1.03510180e-05
0.00000000e+00,-2.63618271e-06,-5.27114418e-06,-7.90753750e-06
0.00000000e+00,-3.42984770e-06,-6.85796402e-06,-1.02880752e-05
0.00000000e+00,0.00000000e+00,0.00000000e+00,0.00000000e+00
0.00000000e+00,-2.97933534e-06,-5.95779632e-06,-8.93729405e-06
0.00000000e+00,0.00000000e+00,0.00000000e+00,0.00000000e+00
0.00000000e+00,0.00000000e+00,0.00000000e+00,0.00000000e+00
0.00000000e+00,-2.92589095e-06,-5.85117487e-06,-8.77718998e-06
0.00000000e+00,-1.47835162e-06,-2.95579145e-06,-4.43430111e-06
0.00000000e+00,0.00000000e+00,0.00000000e+00,0.00000000e+00
0.00000000e+00,-1.45213304e-06,-2.90366018e-06,-4.35591443e-06
0.00000000e+00,0.00000000e+00,0.00000000e+00,0.00000000e+00
0.00000000e+00,0.00000000e+00,0.00000000e+00,0.00000000e+00
0.00000000e+00,-1.07417932e-05,-2.14840077e-05,-3.22252949e-05
0.00000000e+00,-1.09985339e-05,-2.19983423e-05,-3.29961112e-05
0.00000000e+00,0.00000000e+00,0.00000000e+00,0.00000000e+00
0.00000000e+00,0.00000000e+00,0.00000000e+00,0.00000000e+00
0.00000000e+00,0.00000000e+00,0.00000000e+00,0.00000000e+00
0.00000000e+00,-5.95575046e-06,-1.19116847e-05,-1.78671608e-05
0.00000000e+00,-6.15355063e-06,-1.23077390e-05,-1.84608676e-05
0.00000000e+00,-1.08476512e-05,-2.16961530e-05,-3.25431787e-05
0.00000000e+00,-8.13610270e-06,-1.62734296e-05,-2.44087730e-05
0.00000000e+00,-7.95071863e-06,-1.59018409e-05,-2.38520574e-05
0.00000000e+00,0.00000000e+00,0.00000000e+00,0.00000000e+00
0.00000000e+00,-6.03655174e-06,-1.20735104e-05,-1.81097217e-05
0.00000000e+00,-4.52763879e-06,-9.05589239e-06,-1.35831078e-05
0.00000000e+00,-4.38769685e-06,-8.77558182e-06,-1.31630065e-05
0.00000000e+00,-8.02653976e-06,-1.60538979e-05,-2.40798141e-05
0.00000000e+00,-4.44442884e-06,-8.88925352e-06,-1.33333438e-05
0.00000000e+00,-1.54669644e-05,-3.09347449e-05,-4.64009725e-05
0.00000000e+00,-1.54727684e-05,-3.09477969e-05,-4.64194363e-05
0.00000000e+00,-1.38339573e-05,-2.76685142e-05,-4.15018184e-05
0.00000000e+00,-1.39692971e-05,-2.79404004e-05,-4.19086986e-05
0.00000000e+00,-1.54710335e-05,-3.09435632e-05,-4.64136641e-05
0.00000000e+00,-1.16029978e-05,-2.32082972e-05,-3.48101736e-05
0.00000000e+00,-1.15929613e-05,-2.31867906e-05,-3.47790136e-05
0.00000000e+00,-1.38918377e-05,-2.77848648e-05,-4.16758841e-05
0.00000000e+00,-1.04188626e-05,-2.08395357e-05,-3.12574149e-05
0.00000000e+00,-1.03141498e-05,-2.06289318e-05,-3.09424315e-05
0.00000000e+00,-1.15982922e-05,-2.31981379e-05,-3.47954997e-05
0.00000000e+00,-1.03583701e-05,-2.07179573e-05,-3.10755170e-05
0.00000000e+00,-1.63318213e-05,-3.26647597e-05,-4.89959038e-05
0.00000000e+00,-1.62384666e-05,-3.24797210e-05,-4.87170402e-05
0.00000000e+00,-1.61458077e-05,-3.22926441e-05,-4.84377100e-05
0.00000000e+00,-1.60774911e-05,-3.21575691e-05,-4.82338670e-05
0.00000000e+00,-1.62927195e-05,-3.25873562e-05,-4.88791770e-05
0.00000000e+00,-1.22190278e-05,-2.44409168e-05,-3.66587575e-05
0.00000000e+00,-1.22884316e-05,-2.45780235e-05,-3.68657362e-05
0.00000000e+00,-1.61177392e-05,-3.22372295e-05,-4.83540049e-05
0.00000000e+00,-1.20878750e-05,-2.41783671e-05,-3.62650478e-05
0.00000000e+00,-1.21367664e-05,-2.42745732e-05,-3.64105671e-05
0.00000000e+00,-1.22596721e-05,-2.45213068e-05,-3.67800336e-05
0.00000000e+00,-1.21168939e-05,-2.42355840e-05,-3.63514934e-05
0.00000000e+00,-1.54667921e-05,-3.09347083e-05,-4.64009984e-05
0.00000000e+00,-1.54725706e-05,-3.09477612e-05,-4.64194259e-05
0.00000000e+00,-1.61456766e-05,-3.22926330e-05,-4.84377482e-05
0.00000000e+00,-1.60773837e-05,-3.21575324e-05,-4.82338672e-05
0.00000000e+00,-1.54708326e-05,-3.09435293e-05,-4.64136693e-05
0.00000000e+00,-1.16028162e-05,-2.32082807e-05,-3.48101505e-05
0.00000000e+00,-1.15928063e-05,-2.31867474e-05,-3.47790132e-05
0.00000000e+00,-1.61176094e-05,-3.22372022e-05,-4.83540250e-05
0.00000000e+00,-1.20877733e-05,-2.41783548e-05,-3.62650371e-05
0.00000000e+00,-1.21366540e-05,-2.42745645e-05,-3.64105933e-05
0.00000000e+00,-1.15981124e-05,-2.31981082e-05,-3.47954909e-05
0.00000000e+00,-1.21167799e-05,-2.42355688e-05,-3.63515038e-05
0.00000000e+00,-1.07415842e-05,-2.14839262e-05,-3.22252985e-05
0.00000000e+00,-1.09982699e-05,-2.19983005e-05,-3.29961007e-05
0.00000000e+00,-1.38337363e-05,-2.76684656e-05,-4.15018160e-05
0.00000000e+00,-1.39690517e-05,-2.79403552e-05,-4.19086576e-05
0.00000000e+00,-1.08474276e-05,-2.16960770e-05,-3.25431607e-05
0.00000000e+00,-8.13579095e-06,-1.62734405e-05,-2.44087710e-05
0.00000000e+00,-7.95047855e-06,-1.59018216e-05,-2.38520721e-05
0.00000000e+00,-1.38916129e-05,-2.77848047e-05,-4.16758559e-05
0.00000000e+00,-1.04186161e-05,-2.08395318e-05,-3.12573844e-05
0.00000000e+00,-1.03139285e-05,-2.06288991e-05,-3.09424233e-05
0.00000000e+00,-8.02628775e-06,-1.60538663e-05,-2.40798053e-05
0.00000000e+00,-1.03581445e-05,-2.07179243e-05,-3.10754866e-05
0.00000000e+00,0.00000000e+00,0.00000000e+00,0.00000000e+00
0.00000000e+00,0.00000000e+00,0.00000000e+00,0.00000000e+00
0.00000000e+00,-5.95565118e-06,-1.19116169e-05,-1.78671533e-05
0.00000000e+00,-6.15342666e-06,-1.23076785e-05,-1.84608422e-05
0.00000000e+00,0.00000000e+00,0.00000000e+00,0.00000000e+00
0.00000000e+00,0.00000000e+00,0.00000000e+00,0.00000000e+00
0.00000000e+00,0.00000000e+00,0.00000000e+00,0.00000000e+00
0.00000000e+00,-6.03643170e-06,-1.20734596e-05,-1.81097130e-05
0.00000000e+00,-4.52750794e-06,-9.05586014e-06,-1.35830980e-05
0.00000000e+00,-4.38757423e-06,-8.77554594e-06,-1.31630074e-05
0.00000000e+00,0.00000000e+00,0.00000000e+00,0.00000000e+00
0.00000000e+00,-4.44428671e-06,-8.88923644e-06,-1.33333459e-05
0.00000000e+00,0.00000000e+00,0.00000000e+00,0.00000000e+00
0.00000000e+00,-1.06600772e-05,-2.13198067e-05,-3.19795894e-05
0.00000000e+00,0.00000000e+00,0.00000000e+00,0.00000000e+00
0.00000000e+00,0.00000000e+00,0.00000000e+00,0.00000000e+00
0.00000000e+00,-5.89432413e-06,-1.17884053e-05,-1.76825549e-05
0.00000000e+00,-1.06815306e-05,-2.13630807e-05,-3.20442102e-05
0.00000000e+00,-7.89199065e-06,-1.57836241e-05,-2.36753256e-05
0.00000000e+00,0.00000000e+00,0.00000000e+00,0.00000000e+00
0.00000000e+00,-5.91055569e-06,-1.18210750e-05,-1.77314082e-05
0.00000000e+00,-4.34428455e-06,-8.68834156e-06,-1.30324599e-05
0.00000000e+00,-7.90666916e-06,-1.58133357e-05,-2.37196074e-05
0.00000000e+00,-4.35515114e-06,-8.71027379e-06,-1.30652078e-05
0.00000000e+00,-1.54623078e-05,-3.09241390e-05,-4.63860598e-05
0.00000000e+00,-1.37874042e-05,-2.75743407e-05,-4.13613824e-05
0.00000000e+00,-1.54634544e-05,-3.09271141e-05,-4.63900151e-05
0.00000000e+00,-1.15877175e-05,-2.31750038e-05,-3.47623309e-05
0.00000000e+00,-1.37996736e-05,-2.75993983e-05,-4.13985686e-05
0.00000000e+00,-1.02785575e-05,-2.05566677e-05,-3.08348650e-05
0.00000000e+00,-1.15889609e-05,-2.31781477e-05,-3.47665511e-05
0.00000000e+00,-1.02874543e-05,-2.05749865e-05,-3.08619376e-05
0.00000000e+00,-1.63628158e-05,-3.27253156e-05,-4.90878360e-05
0.00000000e+00,-1.61675986e-05,-3.23347613e-05,-4.85020000e-05
0.00000000e+00,-1.63544879e-05,-3.27094024e-05,-4.90634132e-05
0.00000000e+00,-1.23113652e-05,-2.46224158e-05,-3.69334594e-05
0.00000000e+00,-1.61617345e-05,-3.23237605e-05,-4.84849529e-05
0.00000000e+00,-1.21522682e-05,-2.43041026e-05,-3.64559918e-05
0.00000000e+00,-1.23054702e-05,-2.46113694e-05,-3.69163296e-05
0.00000000e+00,-1.21482602e-05,-2.42968186e-05,-3.64445133e-05
0.00000000e+00,-1.54621367e-05,-3.09241309e-05,-4.63861172e-05
0.00000000e+00,-1.61674614e-05,-3.23348008e-05,-4.85020645e-05
0.00000000e+00,-1.54632916e-05,-3.09270880e-05,-4.63900629e-05
0.00000000e+00,-1.15875630e-05,-2.31749893e-05,-3.47623749e-05
0.00000000e+00,-1.61616056e-05,-3.23237777e-05,-4.84850053e-05
0.00000000e+00,-1.21521392e-05,-2.43041385e-05,-3.64560487e-05
0.00000000e+00,-1.15888063e-05,-2.31781219e-05,-3.47665820e-05
0.00000000e+00,-1.21481395e-05,-2.42968329e-05,-3.64445550e-05
0.00000000e+00,-1.06598883e-05,-2.13197491e-05,-3.19796200e-05
0.00000000e+00,-1.37871839e-05,-2.75743209e-05,-4.13614289e-05
0.00000000e+00,-1.06813292e-05,-2.13630026e-05,-3.20442326e-05
0.00000000e+00,-7.89176323e-06,-1.57836201e-05,-2.36753770e-05
0.00000000e+00,-1.37994440e-05,-2.75993734e-05,-4.13985974e-05
0.00000000e+00,-1.02783488e-05,-2.05566568e-05,-3.08349042e-05
0.00000000e+00,-7.90643226e-06,-1.58133065e-05,-2.37196408e-05
0.00000000e+00,-1.02872346e-05,-2.05749640e-05,-3.08619583e-05
0.00000000e+00,0.00000000e+00,0.00000000e+00,0.00000000e+00
0.00000000e+00,-5.89421906e-06,-1.17883589e-05,-1.76825697e-05
0.00000000e+00,0.00000000e+00,0.00000000e+00,0.00000000e+00
0.00000000e+00,0.00000000e+00,0.00000000e+00,0.00000000e+00
0.00000000e+00,-5.91046096e-06,-1.18210134e-05,-1.77314096e-05
0.00000000e+00,-4.34418997e-06,-8.68829638e-06,-1.30324665e-05
0.00000000e+00,0.00000000e+00,0.00000000e+00,0.00000000e+00
0.00000000e+00,-4.35504588e-06,-8.71023072e-06,-1.30652115e-05
0.00000000e+00,0.00000000e+00,0.00000000e+00,0.00000000e+00
0.00000000e+00,-1.07422996e-05,-2.14835290e-05,-3.22257410e-05
0.00000000e+00,0.00000000e+00,0.00000000e+00,0.00000000e+00
0.00000000e+00,0.00000000e+00,0.00000000e+00,0.00000000e+00
0.00000000e+00,-5.95601644e-06,-1.19114376e-05,-1.78673923e-05
0.00000000e+00,-1.06817798e-05,-2.13628488e-05,-3.20444318e-05
0.00000000e+00,-7.95122922e-06,-1.59013635e-05,-2.38525117e-05
0.00000000e+00,0.00000000e+00,0.00000000e+00,0.00000000e+00
0.00000000e+00,-5.91068643e-06,-1.18209557e-05,-1.77315233e-05
0.00000000e+00,-4.38796476e-06,-8.77533308e-06,-1.31632431e-05
0.00000000e+00,-7.90691370e-06,-1.58131077e-05,-2.37198305e-05
0.00000000e+00,-4.35528053e-06,-8.71015373e-06,-1.30653234e-05
0.00000000e+00,-1.54678653e-05,-3.09339273e-05,-4.64017022e-05
0.00000000e+00,-1.38346851e-05,-2.76678459e-05,-4.15024252e-05
0.00000000e+00,-1.54639041e-05,-3.09267057e-05,-4.63903799e-05
0.00000000e+00,-1.15938758e-05,-2.31859639e-05,-3.47797607e-05
0.00000000e+00,-1.38000318e-05,-2.75990698e-05,-4.13988640e-05
0.00000000e+00,-1.03148882e-05,-2.06282581e-05,-3.09430577e-05
0.00000000e+00,-1.15894139e-05,-2.31777376e-05,-3.47669198e-05
0.00000000e+00,-1.02878150e-05,-2.05746559e-05,-3.08622422e-05
0.00000000e+00,-1.63328540e-05,-3.26638517e-05,-4.89967598e-05
0.00000000e+00,-1.61468300e-05,-3.22917335e-05,-4.84385302e-05
0.00000000e+00,-1.63549992e-05,-3.27089502e-05,-4.90638358e-05
0.00000000e+00,-1.22894851e-05,-2.45770905e-05,-3.68666127e-05
0.00000000e+00,-1.61622378e-05,-3.23233106e-05,-4.84853556e-05
0.00000000e+00,-1.21378023e-05,-2.42736454e-05,-3.64114113e-05
0.00000000e+00,-1.23059859e-05,-2.46109069e-05,-3.69167573e-05
0.00000000e+00,-1.21487643e-05,-2.42963629e-05,-3.64449259e-05
0.00000000e+00,-1.54676745e-05,-3.09339256e-05,-4.64017637e-05
0.00000000e+00,-1.61466784e-05,-3.22917647e-05,-4.84385817e-05
0.00000000e+00,-1.54637301e-05,-3.09267028e-05,-4.63904429e-05
0.00000000e+00,-1.15937257e-05,-2.31859422e-05,-3.47798032e-05
0.00000000e+00,-1.61620956e-05,-3.23233529e-05,-4.84854135e-05
0.00000000e+00,-1.21376811e-05,-2.42736640e-05,-3.64114545e-05
0.00000000e+00,-1.15892535e-05,-2.31777299e-05,-3.47669695e-05
0.00000000e+00,-1.21486408e-05,-2.42963984e-05,-3.64449758e-05
0.00000000e+00,-1.07421440e-05,-2.14834775e-05,-3.22257728e-05
0.00000000e+00,-1.38345000e-05,-2.76678253e-05,-4.15024835e-05
0.00000000e+00,-1.06815951e-05,-2.13627895e-05,-3.20444732e-05
0.00000000e+00,-7.95104531e-06,-1.59013591e-05,-2.38525503e-05
0.00000000e+00,-1.37998209e-05,-2.75990562e-05,-4.13989247e-05
0.00000000e+00,-1.03147244e-05,-2.06282366e-05,-3.09430988e-05
0.00000000e+00,-7.90670998e-06,-1.58130997e-05,-2.37198810e-05
0.00000000e+00,-1.02876225e-05,-2.05746401e-05,-3.08622908e-05
0.00000000e+00,0.00000000e+00,0.00000000e+00,0.00000000e+00
0.00000000e+00,-5.95593255e-06,-1.19113970e-05,-1.78674084e-05
0.00000000e+00,0.00000000e+00,0.00000000e+00,0.00000000e+00
0.00000000e+00,0.00000000e+00,0.00000000e+00,0.00000000e+00
0.00000000e+00,-5.91059684e-06,-1.18209079e-05,-1.77315373e-05
0.00000000e+00,-4.38786806e-06,-8.77531008e-06,-1.31632626e-05
0.00000000e+00,0.00000000e+00,0.00000000e+00,0.00000000e+00
0.00000000e+00,-4.35518508e-06,-8.71011902e-06,-1.30653396e-05
0.00000000e+00,0.00000000e+00,0.00000000e+00,0.00000000e+00
0.00000000e+00,-1.09996511e-05,-2.19973143e-05,-3.29970693e-05
0.00000000e+00,0.00000000e+00,0.00000000e+00,0.00000000e+00
0.00000000e+00,0.00000000e+00,0.00000000e+00,0.00000000e+00
0.00000000e+00,-6.15411508e-06,-1.23071950e-05,-1.84613668e-05
0.00000000e+00,-1.08484554e-05,-2.16954062e-05,-3.25438688e-05
0.00000000e+00,-8.13720464e-06,-1.62724207e-05,-2.44097441e-05
0.00000000e+00,0.00000000e+00,0.00000000e+00,0.00000000e+00
0.00000000e+00,-6.03696442e-06,-1.20731238e-05,-1.81100810e-05
0.00000000e+00,-4.52819228e-06,-9.05535539e-06,-1.35836139e-05
0.00000000e+00,-8.02733850e-06,-1.60531587e-05,-2.40805153e-05
0.00000000e+00,-4.44483711e-06,-8.88886900e-06,-1.33337091e-05
0.00000000e+00,-1.54747255e-05,-3.09460678e-05,-4.64210314e-05
0.00000000e+00,-1.39708722e-05,-2.79389813e-05,-4.19100352e-05
0.00000000e+00,-1.54724446e-05,-3.09423027e-05,-4.64148055e-05
0.00000000e+00,-1.16049408e-05,-2.32065723e-05,-3.48117847e-05
0.00000000e+00,-1.38929773e-05,-2.77838301e-05,-4.16768393e-05
0.00000000e+00,-1.04204156e-05,-2.08381349e-05,-3.12587639e-05
0.00000000e+00,-1.15997035e-05,-2.31968719e-05,-3.47966605e-05
0.00000000e+00,-1.03595115e-05,-2.07169200e-05,-3.10764939e-05
0.00000000e+00,-1.62407338e-05,-3.24777422e-05,-4.87188661e-05
0.00000000e+00,-1.60796950e-05,-3.21556415e-05,-4.82356257e-05
0.00000000e+00,-1.62943435e-05,-3.25859390e-05,-4.88805011e-05
0.00000000e+00,-1.22212987e-05,-2.44389093e-05,-3.66606079e-05
0.00000000e+00,-1.61193323e-05,-3.22358292e-05,-4.83552775e-05
0.00000000e+00,-1.20900507e-05,-2.41764382e-05,-3.62668052e-05
0.00000000e+00,-1.22613036e-05,-2.45198652e-05,-3.67813836e-05
0.00000000e+00,-1.21184848e-05,-2.42341690e-05,-3.63527879e-05
0.00000000e+00,-1.54745341e-05,-3.09460445e-05,-4.64210648e-05
0.00000000e+00,-1.60795648e-05,-3.21556221e-05,-4.82356580e-05
0.00000000e+00,-1.54722408e-05,-3.09422929e-05,-4.64148559e-05
0.00000000e+00,-1.16047913e-05,-2.32065435e-05,-3.48118133e-05
0.00000000e+00,-1.61191855e-05,-3.22358331e-05,-4.83553166e-05
0.00000000e+00,-1.20899419e-05,-2.41764251e-05,-3.62668359e-05
0.00000000e+00,-1.15995416e-05,-2.31968607e-05,-3.47967033e-05
0.00000000e+00,-1.21183678e-05,-2.42341642e-05,-3.63528231e-05
0.00000000e+00,-1.09994475e-05,-2.19973047e-05,-3.29970921e-05
0.00000000e+00,-1.39706980e-05,-2.79389394e-05,-4.19100562e-05
0.00000000e+00,-1.08482881e-05,-2.16953638e-05,-3.25438877e-05
0.00000000e+00,-8.13700234e-06,-1.62724221e-05,-2.44097683e-05
0.00000000e+00,-1.38928108e-05,-2.77837920e-05,-4.16768771e-05
0.00000000e+00,-1.04202586e-05,-2.08381264e-05,-3.12587938e-05
0.00000000e+00,-8.02716215e-06,-1.60531409e-05,-2.40805400e-05
0.00000000e+00,-1.03593637e-05,-2.07169017e-05,-3.10765231e-05
0.00000000e+00,0.00000000e+00,0.00000000e+00,0.00000000e+00
0.00000000e+00,-6.15402016e-06,-1.23071962e-05,-1.84613816e-05
0.00000000e+00,0.00000000e+00,0.00000000e+00,0.00000000e+00
0.00000000e+00,0.00000000e+00,0.00000000e+00,0.00000000e+00
0.00000000e+00,-6.03685752e-06,-1.20731157e-05,-1.81101043e-05
0.00000000e+00,-4.52810638e-06,-9.05535748e-06,-1.35836288e-05
0.00000000e+00,0.00000000e+00,0.00000000e+00,0.00000000e+00
0.00000000e+00,-4.44473700e-06,-8.88886615e-06,-1.33337313e-05
0.00000000e+00,0.00000000e+00,0.00000000e+00,0.00000000e+00
0.00000000e+00,0.00000000e+00,0.00000000e+00,0.00000000e+00
0.00000000e+00,7.22553541e-06,1.44490448e-05,2.16755318e-05
0.00000000e+00,1.43292153e-05,2.86568857e-05,4.29870590e-05
0.00000000e+00,0.00000000e+00,0.00000000e+00,0.00000000e+00
0.00000000e+00,0.00000000e+00,0.00000000e+00,0.00000000e+00
0.00000000e+00,0.00000000e+00,0.00000000e+00,0.00000000e+00
0.00000000e+00,4.06508583e-06,8.12914044e-06,1.21947164e-05
0.00000000e+00,8.15376172e-06,1.63067334e-05,2.44609586e-05
0.00000000e+00,6.27118729e-06,1.25407767e-05,1.88128063e-05
0.00000000e+00,1.07033003e-05,2.14047900e-05,3.21090421e-05
0.00000000e+00,1.26197412e-05,2.52381337e-05,3.78587306e-05
0.00000000e+00,0.00000000e+00,0.00000000e+00,0.00000000e+00
0.00000000e+00,3.49871511e-06,6.99660029e-06,1.04957426e-05
0.00000000e+00,6.04645386e-06,1.20919780e-05,1.81389102e-05
0.00000000e+00,7.11266958e-06,1.42246378e-05,2.13377211e-05
0.00000000e+00,9.38450986e-06,1.87675279e-05,2.81528838e-05
0.00000000e+00,5.25605419e-06,1.05113312e-05,1.57678059e-05
0.00000000e+00,1.00317927e-05,2.00599325e-05,3.00932446e-05
0.00000000e+00,1.94000891e-05,3.87970379e-05,5.81986460e-05
0.00000000e+00,9.10292004e-06,1.82029275e-05,2.73071537e-05
0.00000000e+00,1.77655805e-05,3.55288049e-05,5.32957052e-05
0.00000000e+00,8.88533443e-06,1.77676672e-05,2.66543406e-05
0.00000000e+00,1.47211561e-05,2.94388878e-05,4.41615764e-05
0.00000000e+00,1.74433281e-05,3.48839301e-05,5.23286292e-05
0.00000000e+00,7.99949723e-06,1.59966184e-05,2.39972584e-05
0.00000000e+00,1.34048006e-05,2.68069664e-05,4.02130857e-05
0.00000000e+00,1.58547764e-05,3.17074727e-05,4.75634414e-05
0.00000000e+00,1.31667143e-05,2.63305322e-05,3.94986070e-05
0.00000000e+00,1.18999022e-05,2.37975733e-05,3.56986388e-05
0.00000000e+00,1.04975137e-05,2.09906208e-05,3.14898956e-05
0.00000000e+00,2.02051477e-05,4.04061868e-05,6.06130596e-05
0.00000000e+00,1.04006702e-05,2.07970957e-05,3.11994797e-05
0.00000000e+00,2.00407004e-05,4.00776234e-05,6.01199880e-05
0.00000000e+00,9.34122220e-06,1.86786501e-05,2.80214231e-05
0.00000000e+00,1.53756658e-05,3.07468945e-05,4.61242986e-05
0.00000000e+00,1.82361002e-05,3.64685936e-05,5.47062461e-05
0.00000000e+00,9.24471860e-06,1.84859009e-05,2.77321165e-05
0.00000000e+00,1.52405055e-05,3.04769819e-05,4.57191869e-05
0.00000000e+00,1.80717887e-05,3.61402337e-05,5.42135297e-05
0.00000000e+00,1.38094257e-05,2.76150994e-05,4.14260685e-05
0.00000000e+00,1.36745882e-05,2.73457357e-05,4.10218262e-05
0.00000000e+00,1.00319519e-05,2.00598271e-05,3.00932245e-05
0.00000000e+00,1.94002982e-05,3.87968099e-05,5.81985782e-05
0.00000000e+00,1.04007424e-05,2.07970447e-05,3.11994878e-05
0.00000000e+00,2.00408302e-05,4.00774716e-05,6.01199550e-05
0.00000000e+00,8.88552310e-06,1.77675345e-05,2.66543140e-05
0.00000000e+00,1.47213790e-05,2.94386886e-05,4.41615122e-05
0.00000000e+00,1.74435703e-05,3.48837050e-05,5.23285730e-05
0.00000000e+00,9.24481105e-06,1.84858231e-05,2.77321096e-05
0.00000000e+00,1.52406125e-05,3.04768753e-05,4.57191724e-05
0.00000000e+00,1.80718972e-05,3.61400783e-05,5.42135099e-05
0.00000000e+00,1.31669403e-05,2.63303547e-05,3.94985566e-05
0.00000000e+00,1.36746864e-05,2.73456221e-05,4.10218114e-05
0.00000000e+00,7.22571247e-06,1.44490050e-05,2.16754846e-05
0.00000000e+00,1.43294662e-05,2.86566939e-05,4.29869580e-05
0.00000000e+00,9.10309975e-06,1.82028473e-05,2.73071112e-05
0.00000000e+00,1.77658464e-05,3.55285646e-05,5.32955951e-05
0.00000000e+00,6.27138263e-06,1.25407479e-05,1.88127643e-05
0.00000000e+00,1.07035125e-05,2.14046750e-05,3.21089662e-05
0.00000000e+00,1.26199812e-05,2.52379775e-05,3.78586502e-05
0.00000000e+00,7.99972124e-06,1.59965287e-05,2.39972072e-05
0.00000000e+00,1.34050337e-05,2.68068118e-05,4.02130032e-05
0.00000000e+00,1.58550564e-05,3.17072589e-05,4.75633284e-05
0.00000000e+00,9.38472598e-06,1.87674402e-05,2.81528228e-05
0.00000000e+00,1.19001648e-05,2.37974225e-05,3.56985576e-05
0.00000000e+00,0.00000000e+00,0.00000000e+00,0.00000000e+00
0.00000000e+00,0.00000000e+00,0.00000000e+00,0.00000000e+00
0.00000000e+00,4.06518647e-06,8.12911045e-06,1.21946948e-05
0.00000000e+00,8.15389256e-06,1.63066250e-05,2.44609008e-05
0.00000000e+00,0.00000000e+00,0.00000000e+00,0.00000000e+00
0.00000000e+00,0.00000000e+00,0.00000000e+00,0.00000000e+00
0.00000000e+00,0.00000000e+00,0.00000000e+00,0.00000000e+00
0.00000000e+00,3.49883198e-06,6.99657678e-06,1.04957291e-05
0.00000000e+00,6.04658492e-06,1.20919088e-05,1.81388686e-05
0.00000000e+00,7.11282152e-06,1.42245407e-05,2.13376725e-05
0.00000000e+00,0.00000000e+00,0.00000000e+00,0.00000000e+00
0.00000000e+00,5.25618370e-06,1.05112834e-05,1.57677809e-05
0.00000000e+00,0.00000000e+00,0.00000000e+00,0.00000000e+00
0.00000000e+00,0.00000000e+00,0.00000000e+00,0.00000000e+00
0.00000000e+00,9.33822667e-06,1.86736254e-05,2.80130410e-05
0.00000000e+00,1.80568433e-05,3.61116805e-05,5.41696468e-05
0.00000000e+00,0.00000000e+00,0.00000000e+00,0.00000000e+00
0.00000000e+00,0.00000000e+00,0.00000000e+00,0.00000000e+00
0.00000000e+00,0.00000000e+00,0.00000000e+00,0.00000000e+00
0.00000000e+00,5.39744495e-06,1.07934491e-05,1.61914877e-05
0.00000000e+00,1.05862416e-05,2.11714846e-05,3.17582679e-05
0.00000000e+00,8.24399656e-06,1.64855667e-05,2.47306284e-05
0.00000000e+00,1.35933827e-05,2.71844136e-05,4.07789890e-05
0.00000000e+00,1.61404062e-05,3.22790648e-05,4.84205245e-05
0.00000000e+00,0.00000000e+00,0.00000000e+00,0.00000000e+00
0.00000000e+00,4.68963813e-06,9.37803084e-06,1.40682146e-05
0.00000000e+00,7.88625198e-06,1.57712881e-05,2.36581171e-05
0.00000000e+00,9.30005855e-06,1.85992321e-05,2.78997950e-05
0.00000000e+00,1.21028022e-05,2.42035374e-05,3.63074060e-05
0.00000000e+00,6.91268051e-06,1.38242942e-05,2.07375032e-05
0.00000000e+00,1.22914275e-05,2.45778317e-05,3.68711999e-05
0.00000000e+00,2.32498234e-05,4.64956569e-05,6.97472853e-05
0.00000000e+00,1.13620446e-05,2.27200425e-05,3.40837338e-05
0.00000000e+00,2.16322308e-05,4.32614572e-05,6.48952466e-05
0.00000000e+00,1.11696364e-05,2.23349264e-05,3.35062931e-05
0.00000000e+00,1.77847342e-05,3.55649610e-05,5.33515967e-05
0.00000000e+00,2.13376442e-05,4.26717467e-05,6.40110538e-05
0.00000000e+00,1.02261444e-05,2.04487957e-05,3.06764123e-05
0.00000000e+00,1.64703707e-05,3.29372306e-05,4.94092299e-05
0.00000000e+00,1.96962644e-05,3.93898641e-05,5.90875768e-05
0.00000000e+00,1.62633211e-05,3.25226963e-05,4.87877295e-05
0.00000000e+00,1.49318420e-05,2.98606207e-05,4.47939309e-05
0.00000000e+00,1.27496475e-05,2.54933273e-05,3.82452002e-05
0.00000000e+00,2.40558024e-05,4.81064083e-05,7.21642269e-05
0.00000000e+00,1.26580011e-05,2.53102860e-05,3.79704341e-05
0.00000000e+00,2.38968970e-05,4.77890473e-05,7.16879047e-05
0.00000000e+00,1.16343577e-05,2.32635329e-05,3.48998811e-05
0.00000000e+00,1.84343771e-05,3.68630698e-05,5.52995723e-05
0.00000000e+00,2.21453996e-05,4.42861394e-05,6.64334108e-05
0.00000000e+00,1.15394247e-05,2.30738661e-05,3.46152218e-05
0.00000000e+00,1.83051885e-05,3.66051448e-05,5.49124097e-05
0.00000000e+00,2.19829539e-05,4.39616603e-05,6.59464332e-05
0.00000000e+00,1.69179951e-05,3.38310195e-05,5.07509492e-05
0.00000000e+00,1.67849390e-05,3.35652686e-05,5.03520849e-05
0.00000000e+00,1.22915286e-05,2.45777694e-05,3.68711809e-05
0.00000000e+00,2.32500564e-05,4.64954084e-05,6.97471710e-05
0.00000000e+00,1.26580737e-05,2.53102629e-05,3.79704335e-05
0.00000000e+00,2.38970656e-05,4.77888779e-05,7.16878320e-05
0.00000000e+00,1.11697563e-05,2.23348586e-05,3.35062860e-05
0.00000000e+00,1.77849394e-05,3.55647801e-05,5.33514982e-05
0.00000000e+00,2.13378682e-05,4.26715034e-05,6.40109601e-05
0.00000000e+00,1.15394867e-05,2.30738337e-05,3.46152323e-05
0.00000000e+00,1.83053136e-05,3.66050551e-05,5.49123709e-05
0.00000000e+00,2.19831281e-05,4.39614828e-05,6.59463724e-05
0.00000000e+00,1.62635211e-05,3.25225224e-05,4.87876604e-05
0.00000000e+00,1.67850564e-05,3.35651617e-05,5.03520584e-05
0.00000000e+00,9.33832001e-06,1.86735756e-05,2.80129916e-05
0.00000000e+00,1.80570714e-05,3.61114750e-05,5.41695249e-05
0.00000000e+00,1.13621599e-05,2.27200146e-05,3.40836834e-05
0.00000000e+00,2.16325239e-05,4.32611896e-05,6.48950973e-05
0.00000000e+00,8.24411664e-06,1.64855268e-05,2.47305903e-05
0.00000000e+00,1.35936199e-05,2.71842373e-05,4.07788616e-05
0.00000000e+00,1.61406516e-05,3.22788587e-05,4.84204099e-05
0.00000000e+00,1.02262855e-05,2.04487572e-05,3.06763709e-05
0.00000000e+00,1.64705945e-05,3.29370851e-05,4.94091328e-05
0.00000000e+00,1.96965612e-05,3.93895884e-05,5.90874495e-05
0.00000000e+00,1.21030175e-05,2.42033979e-05,3.63073129e-05
0.00000000e+00,1.49320678e-05,2.98604647e-05,4.47938467e-05
0.00000000e+00,0.00000000e+00,0.00000000e+00,0.00000000e+00
0.00000000e+00,0.00000000e+00,0.00000000e+00,0.00000000e+00
0.00000000e+00,5.39751056e-06,1.07934234e-05,1.61914605e-05
0.00000000e+00,1.05863717e-05,2.11713574e-05,3.17581838e-05
0.00000000e+00,0.00000000e+00,0.00000000e+00,0.00000000e+00
0.00000000e+00,0.00000000e+00,0.00000000e+00,0.00000000e+00
0.00000000e+00,0.00000000e+00,0.00000000e+00,0.00000000e+00
0.00000000e+00,4.68972596e-06,9.37801035e-06,1.40681951e-05
0.00000000e+00,7.88635911e-06,1.57712122e-05,2.36580588e-05
0.00000000e+00,9.30018377e-06,1.85991106e-05,2.78997245e-05
0.00000000e+00,0.00000000e+00,0.00000000e+00,0.00000000e+00
0.00000000e+00,6.91279279e-06,1.38242203e-05,2.07374547e-05
0.00000000e+00,0.00000000e+00,0.00000000e+00,0.00000000e+00
0.00000000e+00,0.00000000e+00,0.00000000e+00,0.00000000e+00
0.00000000e+00,1.17349612e-05,2.34661775e-05,3.52025142e-05
0.00000000e+00,2.21254823e-05,4.42487014e-05,6.63754994e-05
0.00000000e+00,0.00000000e+00,0.00000000e+00,0.00000000e+00
0.00000000e+00,0.00000000e+00,0.00000000e+00,0.00000000e+00
0.00000000e+00,0.00000000e+00,0.00000000e+00,0.00000000e+00
0.00000000e+00,7.19830104e-06,1.43946598e-05,2.15936437e-05
0.00000000e+00,1.37876654e-05,2.75741706e-05,4.13624757e-05
0.00000000e+00,1.05113558e-05,2.10194798e-05,3.15321131e-05
0.00000000e+00,1.68091658e-05,3.36154319e-05,5.04259790e-05
0.00000000e+00,2.00730190e-05,4.01438919e-05,6.02181320e-05
0.00000000e+00,0.00000000e+00,0.00000000e+00,0.00000000e+00
0.00000000e+00,6.21517301e-06,1.24286760e-05,1.86444893e-05
0.00000000e+00,1.02978608e-05,2.05941783e-05,3.08926996e-05
0.00000000e+00,1.20576910e-05,2.41142878e-05,3.61725656e-05
0.00000000e+00,1.51766022e-05,3.03506026e-05,4.55284879e-05
0.00000000e+00,8.99455081e-06,1.79877527e-05,2.69829243e-05
0.00000000e+00,1.44699460e-05,2.89334492e-05,4.34056765e-05
0.00000000e+00,2.69893316e-05,5.39739579e-05,8.09653763e-05
0.00000000e+00,1.36107041e-05,2.72161263e-05,4.08287446e-05
0.00000000e+00,2.54265535e-05,5.08495279e-05,7.62778698e-05
0.00000000e+00,1.33928981e-05,2.67801050e-05,4.01751177e-05
0.00000000e+00,2.07497182e-05,4.14939175e-05,6.22458490e-05
0.00000000e+00,2.51326967e-05,5.02610518e-05,7.53956994e-05
0.00000000e+00,1.24983188e-05,2.49920426e-05,3.74921452e-05
0.00000000e+00,1.95158848e-05,3.90274278e-05,5.85452045e-05
0.00000000e+00,2.35521829e-05,4.71010694e-05,7.06549339e-05
0.00000000e+00,1.92823045e-05,3.85596386e-05,5.78440042e-05
0.00000000e+00,1.80069295e-05,3.60099531e-05,5.40186414e-05
0.00000000e+00,1.49122719e-05,2.98171313e-05,4.47320389e-05
0.00000000e+00,2.77850954e-05,5.55639578e-05,8.33513107e-05
0.00000000e+00,1.48327899e-05,2.96583893e-05,4.44937105e-05
0.00000000e+00,2.76388180e-05,5.52719286e-05,8.29129796e-05
0.00000000e+00,1.38431744e-05,2.76796610e-05,4.15252468e-05
0.00000000e+00,2.13869269e-05,4.27670311e-05,6.41564010e-05
0.00000000e+00,2.59353406e-05,5.18649514e-05,7.78024414e-05
0.00000000e+00,1.37552321e-05,2.75040307e-05,4.12616045e-05
0.00000000e+00,2.12731083e-05,4.25397582e-05,6.38152712e-05
0.00000000e+00,2.57818333e-05,5.15584206e-05,7.73423623e-05
0.00000000e+00,1.99253790e-05,3.98445279e-05,5.97721858e-05
0.00000000e+00,1.98000016e-05,3.95941704e-05,5.93964182e-05
0.00000000e+00,1.44699458e-05,2.89335016e-05,4.34056731e-05
0.00000000e+00,2.69896429e-05,5.39736395e-05,8.09651996e-05
0.00000000e+00,1.48327930e-05,2.96584170e-05,4.44937391e-05
0.00000000e+00,2.76390170e-05,5.52717333e-05,8.29128681e-05
0.00000000e+00,1.33929692e-05,2.67800766e-05,4.01750961e-05
0.00000000e+00,2.07498851e-05,4.14937843e-05,6.22457476e-05
0.00000000e+00,2.51329683e-05,5.02607572e-05,7.53955471e-05
0.00000000e+00,1.37552688e-05,2.75040338e-05,4.12616003e-05
0.00000000e+00,2.12731957e-05,4.25396987e-05,6.38152091e-05
0.00000000e+00,2.57820346e-05,5.15582226e-05,7.73422600e-05
0.00000000e+00,1.92825041e-05,3.85594777e-05,5.78439014e-05
0.00000000e+00,1.98001077e-05,3.95940988e-05,5.93963643e-05
0.00000000e+00,1.17349172e-05,2.34662486e-05,3.52024915e-05
0.00000000e+00,2.21258459e-05,4.42483973e-05,6.63753091e-05
0.00000000e+00,1.36106956e-05,2.72162032e-05,4.08287043e-05
0.00000000e+00,2.54268883e-05,5.08492304e-05,7.62776840e-05
0.00000000e+00,1.05113978e-05,2.10194706e-05,3.15320690e-05
0.00000000e+00,1.68094022e-05,3.36152583e-05,5.04258321e-05
0.00000000e+00,2.00732794e-05,4.01436571e-05,6.02179845e-05
0.00000000e+00,1.24983968e-05,2.49920425e-05,3.74920975e-05
0.00000000e+00,1.95160873e-05,3.90273373e-05,5.85451011e-05
0.00000000e+00,2.35525150e-05,4.71007626e-05,7.06547540e-05
0.00000000e+00,1.51768452e-05,3.03504222e-05,4.55283511e-05
0.00000000e+00,1.80071441e-05,3.60098279e-05,5.40185365e-05
0.00000000e+00,0.00000000e+00,0.00000000e+00,0.00000000e+00
0.00000000e+00,0.00000000e+00,0.00000000e+00,0.00000000e+00
0.00000000e+00,7.19829354e-06,1.43946878e-05,2.15936175e-05
0.00000000e+00,1.37878380e-05,2.75740134e-05,4.13623695e-05
0.00000000e+00,0.00000000e+00,0.00000000e+00,0.00000000e+00
0.00000000e+00,0.00000000e+00,0.00000000e+00,0.00000000e+00
0.00000000e+00,0.00000000e+00,0.00000000e+00,0.00000000e+00
0.00000000e+00,6.21521313e-06,1.24286657e-05,1.86444563e-05
0.00000000e+00,1.02979423e-05,2.05941199e-05,3.08926384e-05
0.00000000e+00,1.20578427e-05,2.41141415e-05,3.61724634e-05
0.00000000e+00,0.00000000e+00,0.00000000e+00,0.00000000e+00
0.00000000e+00,8.99466151e-06,1.79876690e-05,2.69828575e-05
0.00000000e+00,0.00000000e+00,0.00000000e+00,0.00000000e+00
0.00000000e+00,0.00000000e+00,0.00000000e+00,0.00000000e+00
0.00000000e+00,1.37620784e-05,2.75192829e-05,4.12829024e-05
0.00000000e+00,2.54520036e-05,5.09013062e-05,7.63547574e-05
0.00000000e+00,0.00000000e+00,0.00000000e+00,0.00000000e+00
0.00000000e+00,0.00000000e+00,0.00000000e+00,0.00000000e+00
0.00000000e+00,0.00000000e+00,0.00000000e+00,0.00000000e+00
0.00000000e+00,9.96152968e-06,1.99204761e-05,2.98827901e-05
0.00000000e+00,1.84158527e-05,3.68304103e-05,5.52469962e-05
0.00000000e+00,1.29432737e-05,2.58822774e-05,3.88269985e-05
0.00000000e+00,1.99852595e-05,3.99664215e-05,5.99531508e-05
0.00000000e+00,2.40701903e-05,4.81379905e-05,7.22095936e-05
0.00000000e+00,0.00000000e+00,0.00000000e+00,0.00000000e+00
0.00000000e+00,8.41844175e-06,1.68346095e-05,2.52537827e-05
0.00000000e+00,1.44494335e-05,2.88966646e-05,4.33468252e-05
0.00000000e+00,1.58862618e-05,3.17713295e-05,4.76582892e-05
0.00000000e+00,1.86784868e-05,3.73535116e-05,5.60334206e-05
0.00000000e+00,1.21272388e-05,2.42526464e-05,3.63805850e-05
0.00000000e+00,1.65505845e-05,3.30930652e-05,4.96462517e-05
0.00000000e+00,3.05857801e-05,6.11659859e-05,9.17540718e-05
0.00000000e+00,1.57251518e-05,3.14435873e-05,4.71708856e-05
0.00000000e+00,2.90442436e-05,5.80842699e-05,8.71304910e-05
0.00000000e+00,1.55483983e-05,3.10895516e-05,4.66403925e-05
0.00000000e+00,2.40285232e-05,4.80498653e-05,7.20808366e-05
0.00000000e+00,2.88474134e-05,5.76897323e-05,8.65393633e-05
0.00000000e+00,1.46647072e-05,2.93234284e-05,4.39901549e-05
0.00000000e+00,2.28267297e-05,4.56475638e-05,6.84763224e-05
0.00000000e+00,2.72206607e-05,5.44374624e-05,8.16600336e-05
0.00000000e+00,2.24461092e-05,4.48858789e-05,6.73343303e-05
0.00000000e+00,2.11668779e-05,4.23287064e-05,6.34975475e-05
0.00000000e+00,1.70201575e-05,3.40314897e-05,5.10546894e-05
0.00000000e+00,3.14482352e-05,6.28893520e-05,9.43400745e-05
0.00000000e+00,1.69260685e-05,3.38433317e-05,5.07723311e-05
0.00000000e+00,3.12704705e-05,6.25343214e-05,9.38072593e-05
0.00000000e+00,1.59772764e-05,3.19464304e-05,4.79265296e-05
0.00000000e+00,2.47095935e-05,4.94111405e-05,7.41235607e-05
0.00000000e+00,2.96350696e-05,5.92634270e-05,8.89008690e-05
0.00000000e+00,1.58826947e-05,3.17573931e-05,4.76428190e-05
0.00000000e+00,2.45732996e-05,4.91386462e-05,7.37146977e-05
0.00000000e+00,2.94568493e-05,5.89075198e-05,8.83667307e-05
0.00000000e+00,2.30659693e-05,4.61244925e-05,6.91930992e-05
0.00000000e+00,2.29295596e-05,4.58519310e-05,6.87840724e-05
0.00000000e+00,1.65503865e-05,3.30933052e-05,4.96463216e-05
0.00000000e+00,3.05860605e-05,6.11657250e-05,9.17539011e-05
0.00000000e+00,1.69259748e-05,3.38434842e-05,5.07723801e-05
0.00000000e+00,3.12706593e-05,6.25341548e-05,9.38071326e-05
0.00000000e+00,1.55483201e-05,3.10896803e-05,4.66404154e-05
0.00000000e+00,2.40284297e-05,4.80500047e-05,7.20808510e-05
0.00000000e+00,2.88477377e-05,5.76894145e-05,8.65391732e-05
0.00000000e+00,1.58826248e-05,3.17575014e-05,4.76428515e-05
0.00000000e+00,2.45732195e-05,4.91387683e-05,7.37147227e-05
0.00000000e+00,2.94570678e-05,5.89073133e-05,8.83665973e-05
0.00000000e+00,2.24461613e-05,4.48858680e-05,6.73342780e-05
0.00000000e+00,2.29295831e-05,4.58519403e-05,6.87840352e-05
0.00000000e+00,1.37618579e-05,2.75195206e-05,4.12829193e-05
0.00000000e+00,2.54524037e-05,5.09009992e-05,7.63545566e-05
0.00000000e+00,1.57249695e-05,3.14438225e-05,4.71709184e-05
0.00000000e+00,2.90445664e-05,5.80840304e-05,8.71303063e-05
0.00000000e+00,1.29431620e-05,2.58824156e-05,3.88269904e-05
0.00000000e+00,1.99851884e-05,3.99665488e-05,5.99531247e-05
0.00000000e+00,2.40706314e-05,4.81376293e-05,7.22093722e-05
0.00000000e+00,1.46646140e-05,2.93235777e-05,4.39901596e-05
0.00000000e+00,2.28266723e-05,4.56476887e-05,6.84763109e-05
0.00000000e+00,2.72210255e-05,5.44371685e-05,8.16598291e-05
0.00000000e+00,1.86785912e-05,3.73534747e-05,5.60333344e-05
0.00000000e+00,2.11669766e-05,4.23286877e-05,6.34974762e-05
0.00000000e+00,0.00000000e+00,0.00000000e+00,0.00000000e+00
0.00000000e+00,0.00000000e+00,0.00000000e+00,0.00000000e+00
0.00000000e+00,9.96138005e-06,1.99206252e-05,2.98827903e-05
0.00000000e+00,1.84160478e-05,3.68302539e-05,5.52468878e-05
0.00000000e+00,0.00000000e+00,0.00000000e+00,0.00000000e+00
0.00000000e+00,0.00000000e+00,0.00000000e+00,0.00000000e+00
0.00000000e+00,0.00000000e+00,0.00000000e+00,0.00000000e+00
0.00000000e+00,8.41835988e-06,1.68346984e-05,2.52537704e-05
0.00000000e+00,1.44493508e-05,2.88967503e-05,4.33468074e-05
0.00000000e+00,1.58864666e-05,3.17711521e-05,4.76581718e-05
0.00000000e+00,0.00000000e+00,0.00000000e+00,0.00000000e+00
0.00000000e+00,1.21272622e-05,2.42526384e-05,3.63805349e-05
0.00000000e+00,0.00000000e+00,0.00000000e+00,0.00000000e+00
0.00000000e+00,6.49325152e-10,-8.40915401e-10,7.66666976e-10
0.00000000e+00,0.00000000e+00,0.00000000e+00,0.00000000e+00
0.00000000e+00,0.00000000e+00,0.00000000e+00,0.00000000e+00
0.00000000e+00,3.37286583e-10,-4.39917171e-10,3.92127038e-10
0.00000000e+00,4.80740617e-10,-6.85229450e-10,6.33740759e-10
0.00000000e+00,3.58640320e-06,7.17071939e-06,1.07580727e-05
0.00000000e+00,0.00000000e+00,0.00000000e+00,0.00000000e+00
0.00000000e+00,2.55018118e-10,-3.64962119e-10,3.32263303e-10
0.00000000e+00,2.01141430e-06,4.02175521e-06,6.03365771e-06
0.00000000e+00,3.11535013e-06,6.22905042e-06,9.34523310e-06
0.00000000e+00,1.73367709e-06,3.46650112e-06,5.20060894e-06
0.00000000e+00,1.19869209e-09,-1.43070692e-09,1.26462516e-09
0.00000000e+00,9.60318576e-10,-1.16494629e-09,1.05695659e-09
0.00000000e+00,9.28839770e-10,-1.17644697e-09,1.04307693e-09
0.00000000e+00,5.01706493e-06,1.00303828e-05,1.50489593e-05
0.00000000e+00,7.49808335e-10,-9.72840267e-10,8.88174508e-10
0.00000000e+00,4.53939608e-06,9.07580553e-06,1.36164592e-05
0.00000000e+00,4.44273037e-06,8.88243293e-06,1.33264772e-05
0.00000000e+00,3.98938316e-06,7.97633772e-06,1.19668421e-05
0.00000000e+00,1.44862336e-09,-1.70466865e-09,1.46701669e-09
0.00000000e+00,1.34659148e-09,-1.60290520e-09,1.38209264e-09
0.00000000e+00,1.17849166e-09,-1.45212449e-09,1.21282184e-09
0.00000000e+00,5.25872331e-06,1.05129178e-05,1.57733765e-05
0.00000000e+00,1.08084321e-09,-1.35029243e-09,1.16233394e-09
0.00000000e+00,5.20813809e-06,1.04120437e-05,1.56218406e-05
0.00000000e+00,4.67860491e-06,9.35341583e-06,1.40335335e-05
0.00000000e+00,4.62834722e-06,9.25316985e-06,1.38829820e-05
0.00000000e+00,1.33977814e-09,-1.47873600e-09,1.27127426e-09
0.00000000e+00,1.42578937e-09,-1.64736680e-09,1.39113787e-09
0.00000000e+00,1.08642482e-09,-1.24326666e-09,1.05309438e-09
0.00000000e+00,5.01721540e-06,1.00303087e-05,1.50489420e-05
0.00000000e+00,1.18448304e-09,-1.42044415e-09,1.15845434e-09
0.00000000e+00,5.20822013e-06,1.04119953e-05,1.56218572e-05
0.00000000e+00,4.44290300e-06,8.88234043e-06,1.33264727e-05
0.00000000e+00,4.62843892e-06,9.25310956e-06,1.38829828e-05
0.00000000e+00,8.25237637e-10,-8.29689869e-10,7.60978886e-10
0.00000000e+00,1.11195610e-09,-1.21876267e-09,1.03589353e-09
0.00000000e+00,6.78218030e-10,-6.86056725e-10,6.19901617e-10
0.00000000e+00,3.58656277e-06,7.17072431e-06,1.07580529e-05
0.00000000e+00,9.26153689e-10,-1.02775877e-09,8.74173325e-10
0.00000000e+00,4.53955404e-06,9.07574182e-06,1.36164426e-05
0.00000000e+00,3.11554370e-06,6.22903254e-06,9.34520492e-06
0.00000000e+00,3.98957256e-06,7.97627116e-06,1.19668110e-05
0.00000000e+00,0.00000000e+00,0.00000000e+00,0.00000000e+00
0.00000000e+00,4.20996016e-10,-4.24486543e-10,3.87739661e-10
0.00000000e+00,0.00000000e+00,0.00000000e+00,0.00000000e+00
0.00000000e+00,0.00000000e+00,0.00000000e+00,0.00000000e+00
0.00000000e+00,3.73651510e-10,-3.66299765e-10,3.27113765e-10
0.00000000e+00,2.01150503e-06,4.02174800e-06,6.03365032e-06
0.00000000e+00,0.00000000e+00,0.00000000e+00,0.00000000e+00
0.00000000e+00,1.73379585e-06,3.46649188e-06,5.20060123e-06
0.00000000e+00,0.00000000e+00,0.00000000e+00,0.00000000e+00
0.00000000e+00,1.00841647e-09,-1.15448272e-09,1.01453455e-09
0.00000000e+00,0.00000000e+00,0.00000000e+00,0.00000000e+00
0.00000000e+00,0.00000000e+00,0.00000000e+00,0.00000000e+00
0.00000000e+00,5.25977041e-10,-6.03683851e-10,5.24881289e-10
0.00000000e+00,8.21330080e-10,-9.92310924e-10,8.88808754e-10
0.00000000e+00,4.62888988e-06,9.25475036e-06,1.38847910e-05
0.00000000e+00,0.00000000e+00,0.00000000e+00,0.00000000e+00
0.00000000e+00,4.26965966e-10,-5.20624797e-10,4.57615792e-10
0.00000000e+00,2.66121122e-06,5.32084652e-06,7.98265486e-06
0.00000000e+00,4.08871037e-06,8.17488083e-06,1.22646428e-05
0.00000000e+00,2.31645044e-06,4.63158734e-06,6.94858361e-06
0.00000000e+00,1.75637496e-09,-1.94364128e-09,1.70057748e-09
0.00000000e+00,1.42156331e-09,-1.59463614e-09,1.40059360e-09
0.00000000e+00,1.46540163e-09,-1.67828657e-09,1.47334888e-09
0.00000000e+00,6.15104103e-06,1.22968609e-05,1.84497925e-05
0.00000000e+00,1.18535482e-09,-1.37518427e-09,1.22741024e-09
0.00000000e+00,5.66880939e-06,1.13333585e-05,1.70037579e-05
0.00000000e+00,5.58787174e-06,1.11712746e-05,1.67608436e-05
0.00000000e+00,5.10020915e-06,1.01968006e-05,1.52984397e-05
0.00000000e+00,2.00990804e-09,-2.21868779e-09,1.95371956e-09
0.00000000e+00,1.92712915e-09,-2.14297327e-09,1.87364328e-09
0.00000000e+00,1.70884455e-09,-1.94349406e-09,1.68714206e-09
0.00000000e+00,6.38841367e-06,1.27707843e-05,1.91613752e-05
0.00000000e+00,1.63953609e-09,-1.87925752e-09,1.62895554e-09
0.00000000e+00,6.34078102e-06,1.26757227e-05,1.90186125e-05
0.00000000e+00,5.82908961e-06,1.16529104e-05,1.74839496e-05
0.00000000e+00,5.77951797e-06,1.15539918e-05,1.73353976e-05
0.00000000e+00,1.77649016e-09,-1.91386099e-09,1.71724984e-09
0.00000000e+00,1.94658342e-09,-2.12123892e-09,1.89769737e-09
0.00000000e+00,1.55622705e-09,-1.69508472e-09,1.47350936e-09
0.00000000e+00,6.15109901e-06,1.22968519e-05,1.84498002e-05
0.00000000e+00,1.68729603e-09,-1.88545700e-09,1.64727194e-09
0.00000000e+00,6.34081795e-06,1.26757308e-05,1.90186337e-05
0.00000000e+00,5.58797878e-06,1.11712290e-05,1.67608395e-05
0.00000000e+00,5.77957881e-06,1.15539698e-05,1.73354085e-05
0.00000000e+00,1.05149744e-09,-1.10651409e-09,1.02632771e-09
0.00000000e+00,1.46620883e-09,-1.55720309e-09,1.39820184e-09
0.00000000e+00,9.23585082e-10,-9.74638687e-10,8.84426814e-10
0.00000000e+00,4.62891747e-06,9.25477421e-06,1.38847892e-05
0.00000000e+00,1.29902988e-09,-1.38849303e-09,1.21870689e-09
0.00000000e+00,5.66886075e-06,1.13333862e-05,1.70037498e-05
0.00000000e+00,4.08880661e-06,8.17488815e-06,1.22646312e-05
0.00000000e+00,5.10032918e-06,1.01967777e-05,1.52984181e-05
0.00000000e+00,0.00000000e+00,0.00000000e+00,0.00000000e+00
0.00000000e+00,5.40082713e-10,-5.70563850e-10,5.24814394e-10
0.00000000e+00,0.00000000e+00,0.00000000e+00,0.00000000e+00
0.00000000e+00,0.00000000e+00,0.00000000e+00,0.00000000e+00
0.00000000e+00,4.86301538e-10,-4.95183682e-10,4.58927544e-10
0.00000000e+00,2.66123830e-06,5.32086073e-06,7.98264695e-06
0.00000000e+00,0.00000000e+00,0.00000000e+00,0.00000000e+00
0.00000000e+00,2.31651678e-06,4.63159091e-06,6.94857456e-06
0.00000000e+00,0.00000000e+00,0.00000000e+00,0.00000000e+00
0.00000000e+00,1.33715795e-09,-1.45004899e-09,1.25463280e-09
0.00000000e+00,0.00000000e+00,0.00000000e+00,0.00000000e+00
0.00000000e+00,0.00000000e+00,0.00000000e+00,0.00000000e+00
0.00000000e+00,7.20259583e-10,-7.69296979e-10,6.58922821e-10
0.00000000e+00,1.17349202e-09,-1.29668659e-09,1.13010942e-09
0.00000000e+00,5.81937042e-06,1.16347715e-05,1.74554896e-05
0.00000000e+00,0.00000000e+00,0.00000000e+00,0.00000000e+00
0.00000000e+00,6.33406510e-10,-6.92933336e-10,5.96059792e-10
0.00000000e+00,3.52841945e-06,7.05473764e-06,1.05838525e-05
0.00000000e+00,5.20990491e-06,1.04163402e-05,1.56274933e-05
0.00000000e+00,3.05677016e-06,6.11171744e-06,9.16913281e-06
0.00000000e+00,2.27006298e-09,-2.42868824e-09,2.12927989e-09
0.00000000e+00,1.84608940e-09,-1.99161103e-09,1.73938259e-09
0.00000000e+00,2.02464865e-09,-2.19301890e-09,1.92080286e-09
0.00000000e+00,7.24381948e-06,1.44809089e-05,2.17269945e-05
0.00000000e+00,1.63630129e-09,-1.79666306e-09,1.56991821e-09
0.00000000e+00,6.80342991e-06,1.36013303e-05,2.04066394e-05
0.00000000e+00,6.70463257e-06,1.34033108e-05,2.01100256e-05
0.00000000e+00,6.24017476e-06,1.24754771e-05,1.87173882e-05
0.00000000e+00,2.53217998e-09,-2.71098907e-09,2.44055610e-09
0.00000000e+00,2.49224744e-09,-2.66600301e-09,2.36532171e-09
0.00000000e+00,2.27129416e-09,-2.45973962e-09,2.19400570e-09
0.00000000e+00,7.47229924e-06,1.49370296e-05,2.24119498e-05
0.00000000e+00,2.22598653e-09,-2.41932964e-09,2.12924133e-09
0.00000000e+00,7.43180983e-06,1.48562042e-05,2.22905455e-05
0.00000000e+00,6.93701445e-06,1.38672308e-05,2.08066397e-05
0.00000000e+00,6.89100238e-06,1.37753868e-05,2.06687077e-05
0.00000000e+00,2.19480666e-09,-2.33444502e-09,2.14686935e-09
0.00000000e+00,2.44725983e-09,-2.59967259e-09,2.35668011e-09
0.00000000e+00,1.99545523e-09,-2.13055684e-09,1.93821012e-09
0.00000000e+00,7.24378046e-06,1.44809834e-05,2.17270138e-05
0.00000000e+00,2.19480689e-09,-2.35918310e-09,2.12743430e-09
0.00000000e+00,7.43176585e-06,1.48562876e-05,2.22905753e-05
0.00000000e+00,6.70463979e-06,1.34033442e-05,2.01100358e-05
0.00000000e+00,6.89100720e-06,1.37754229e-05,2.06687275e-05
0.00000000e+00,1.28186700e-09,-1.35656138e-09,1.25973478e-09
0.00000000e+00,1.79980080e-09,-1.90565821e-09,1.76815039e-09
0.00000000e+00,1.16389028e-09,-1.22745720e-09,1.13698180e-09
0.00000000e+00,5.81930081e-06,1.16348711e-05,1.74555014e-05
0.00000000e+00,1.63027790e-09,-1.73314283e-09,1.59632961e-09
0.00000000e+00,6.80336672e-06,1.36014364e-05,2.04066548e-05
0.00000000e+00,5.20989347e-06,1.04163939e-05,1.56274929e-05
0.00000000e+00,6.24018258e-06,1.24755262e-05,1.87173864e-05
0.00000000e+00,0.00000000e+00,0.00000000e+00,0.00000000e+00
0.00000000e+00,6.71597441e-10,-7.01238359e-10,6.63283995e-10
0.00000000e+00,0.00000000e+00,0.00000000e+00,0.00000000e+00
0.00000000e+00,0.00000000e+00,0.00000000e+00,0.00000000e+00
0.00000000e+00,6.06141869e-10,-6.44939610e-10,5.98395524e-10
0.00000000e+00,3.52839023e-06,7.05478961e-06,1.05838417e-05
0.00000000e+00,0.00000000e+00,0.00000000e+00,0.00000000e+00
0.00000000e+00,3.05676959e-06,6.11174598e-06,9.16912232e-06
0.00000000e+00,0.00000000e+00,0.00000000e+00,0.00000000e+00
0.00000000e+00,1.65256102e-09,-1.74594010e-09,1.50436198e-09
0.00000000e+00,0.00000000e+00,0.00000000e+00,0.00000000e+00
0.00000000e+00,0.00000000e+00,0.00000000e+00,0.00000000e+00
0.00000000e+00,8.80836332e-10,-9.19788934e-10,7.88652161e-10
0.00000000e+00,1.50964264e-09,-1.60718084e-09,1.38383051e-09
0.00000000e+00,7.01494726e-06,1.40249939e-05,2.10415504e-05
0.00000000e+00,0.00000000e+00,0.00000000e+00,0.00000000e+00
0.00000000e+00,8.10060770e-10,-8.53398400e-10,7.28775564e-10
0.00000000e+00,5.07191138e-06,1.01412222e-05,1.52139589e-05
0.00000000e+00,6.52854314e-06,1.30526406e-05,1.95826530e-05
0.00000000e+00,4.19684934e-06,8.39134091e-06,1.25889458e-05
0.00000000e+00,2.75349475e-09,-2.90327036e-09,2.55272530e-09
0.00000000e+00,2.27738998e-09,-2.41049164e-09,2.09946887e-09
0.00000000e+00,2.53647219e-09,-2.68220880e-09,2.35386535e-09
0.00000000e+00,8.43861516e-06,1.68689400e-05,2.53102463e-05
0.00000000e+00,2.07138776e-09,-2.20596512e-09,1.92048245e-09
0.00000000e+00,8.01852833e-06,1.60302262e-05,2.40509888e-05
0.00000000e+00,7.86283649e-06,1.57181684e-05,2.35834829e-05
0.00000000e+00,7.41202709e-06,1.48178699e-05,2.22319428e-05
0.00000000e+00,3.06709522e-09,-3.23121971e-09,2.92402787e-09
0.00000000e+00,3.02408286e-09,-3.18174689e-09,2.83765749e-09
0.00000000e+00,2.82043889e-09,-2.98621232e-09,2.70108302e-09
0.00000000e+00,8.67879289e-06,1.73483527e-05,2.60302285e-05
0.00000000e+00,2.76625022e-09,-2.92751659e-09,2.60772289e-09
0.00000000e+00,8.63123291e-06,1.72533827e-05,2.58876138e-05
0.00000000e+00,8.08211720e-06,1.61558420e-05,2.42408111e-05
0.00000000e+00,8.03472381e-06,1.60611994e-05,2.40986817e-05
0.00000000e+00,2.61762183e-09,-2.74581577e-09,2.55502933e-09
0.00000000e+00,2.93328210e-09,-3.08638528e-09,2.83475364e-09
0.00000000e+00,2.43050580e-09,-2.56283772e-09,2.36868771e-09
0.00000000e+00,8.43848430e-06,1.68691056e-05,2.53102621e-05
0.00000000e+00,2.68903281e-09,-2.84290682e-09,2.60083462e-09
0.00000000e+00,8.63115652e-06,1.72534833e-05,2.58876214e-05
0.00000000e+00,7.86274511e-06,1.57182962e-05,2.35835032e-05
0.00000000e+00,8.03466129e-06,1.60612914e-05,2.40986982e-05
0.00000000e+00,1.51440405e-09,-1.59728564e-09,1.50302535e-09
0.00000000e+00,2.14290764e-09,-2.25202986e-09,2.10687919e-09
0.00000000e+00,1.41984110e-09,-1.49077111e-09,1.39809624e-09
0.00000000e+00,7.01480878e-06,1.40251469e-05,2.10415370e-05
0.00000000e+00,1.96704152e-09,-2.08003385e-09,1.94437677e-09
0.00000000e+00,8.01839661e-06,1.60303812e-05,2.40509924e-05
0.00000000e+00,6.52843794e-06,1.30527698e-05,1.95826540e-05
0.00000000e+00,7.41192766e-06,1.48180029e-05,2.22319547e-05
0.00000000e+00,0.00000000e+00,0.00000000e+00,0.00000000e+00
0.00000000e+00,7.91421383e-10,-8.22315737e-10,7.83363125e-10
0.00000000e+00,0.00000000e+00,0.00000000e+00,0.00000000e+00
0.00000000e+00,0.00000000e+00,0.00000000e+00,0.00000000e+00
0.00000000e+00,7.40688809e-10,-7.69552507e-10,7.28236105e-10
0.00000000e+00,5.07182213e-06,1.01413200e-05,1.52139425e-05
0.00000000e+00,0.00000000e+00,0.00000000e+00,0.00000000e+00
0.00000000e+00,4.19678143e-06,8.39142144e-06,1.25889368e-05
0.00000000e+00,0.00000000e+00,0.00000000e+00,0.00000000e+00
0.00000000e+00,-7.22428964e-06,-1.44506948e-05,-2.16740475e-05
0.00000000e+00,0.00000000e+00,0.00000000e+00,0.00000000e+00
0.00000000e+00,0.00000000e+00,0.00000000e+00,0.00000000e+00
0.00000000e+00,-4.06444743e-06,-8.12999390e-06,-1.21939453e-05
0.00000000e+00,-6.27025086e-06,-1.25421362e-05,-1.88115432e-05
0.00000000e+00,-3.58514559e-06,-7.17236799e-06,-1.07565749e-05
0.00000000e+00,0.00000000e+00,0.00000000e+00,0.00000000e+00
0.00000000e+00,-3.49823375e-06,-6.99731502e-06,-1.04950865e-05
0.00000000e+00,-2.01075605e-06,-4.02262308e-06,-6.03288413e-06
0.00000000e+00,-3.11437887e-06,-6.23042367e-06,-9.34396847e-06
0.00000000e+00,-1.73317880e-06,-3.46722029e-06,-5.19995146e-06
0.00000000e+00,-1.00295310e-05,-2.00627127e-05,-3.00907902e-05
0.00000000e+00,-9.10111647e-06,-1.82052173e-05,-2.73050791e-05
0.00000000e+00,-8.88352949e-06,-1.77700054e-05,-2.66522600e-05
0.00000000e+00,-5.01473718e-06,-1.00331973e-05,-1.50464710e-05
0.00000000e+00,-7.99807686e-06,-1.59985298e-05,-2.39955002e-05
0.00000000e+00,-4.53753159e-06,-9.07810331e-06,-1.36143867e-05
0.00000000e+00,-4.44088660e-06,-8.88479003e-06,-1.33243913e-05
0.00000000e+00,-3.98791265e-06,-7.97826687e-06,-1.19650734e-05
0.00000000e+00,-1.04947405e-05,-2.09939152e-05,-3.14870696e-05
0.00000000e+00,-1.03980569e-05,-2.08002602e-05,-3.11967655e-05
0.00000000e+00,-9.33890724e-06,-1.86815215e-05,-2.80190349e-05
0.00000000e+00,-5.25588805e-06,-1.05162673e-05,-1.57705130e-05
0.00000000e+00,-9.24260159e-06,-1.84885927e-05,-2.77298261e-05
0.00000000e+00,-5.20549429e-06,-1.04152049e-05,-1.56191155e-05
0.00000000e+00,-4.67627695e-06,-9.35628960e-06,-1.40311248e-05
0.00000000e+00,-4.62620025e-06,-9.25587047e-06,-1.38806713e-05
0.00000000e+00,-1.00293790e-05,-2.00627176e-05,-3.00907843e-05
0.00000000e+00,-1.03979651e-05,-2.08002826e-05,-3.11967693e-05
0.00000000e+00,-8.88335922e-06,-1.77700362e-05,-2.66522553e-05
0.00000000e+00,-5.01461599e-06,-1.00332094e-05,-1.50464580e-05
0.00000000e+00,-9.24249192e-06,-1.84886345e-05,-2.77298260e-05
0.00000000e+00,-5.20541327e-06,-1.04152390e-05,-1.56191093e-05
0.00000000e+00,-4.44072694e-06,-8.88483743e-06,-1.33243869e-05
0.00000000e+00,-4.62609937e-06,-9.25592088e-06,-1.38806732e-05
0.00000000e+00,-7.22411743e-06,-1.44506523e-05,-2.16740352e-05
0.00000000e+00,-9.10093064e-06,-1.82052352e-05,-2.73050905e-05
0.00000000e+00,-6.26999527e-06,-1.25421566e-05,-1.88115488e-05
0.00000000e+00,-3.58496072e-06,-7.17235576e-06,-1.07565702e-05
0.00000000e+00,-7.99785325e-06,-1.59985700e-05,-2.39954955e-05
0.00000000e+00,-4.53736802e-06,-9.07812756e-06,-1.36143991e-05
0.00000000e+00,-3.11417192e-06,-6.23041960e-06,-9.34397286e-06
0.00000000e+00,-3.98771870e-06,-7.97831695e-06,-1.19650837e-05
0.00000000e+00,0.00000000e+00,0.00000000e+00,0.00000000e+00
0.00000000e+00,-4.06436092e-06,-8.12995423e-06,-1.21939385e-05
0.00000000e+00,0.00000000e+00,0.00000000e+00,0.00000000e+00
0.00000000e+00,0.00000000e+00,0.00000000e+00,0.00000000e+00
0.00000000e+00,-3.49810610e-06,-6.99728718e-06,-1.04950805e-05
0.00000000e+00,-2.01066484e-06,-4.02260363e-06,-6.03288672e-06
0.00000000e+00,0.00000000e+00,0.00000000e+00,0.00000000e+00
0.00000000e+00,-1.73306266e-06,-3.46721346e-06,-5.19995349e-06
0.00000000e+00,0.00000000e+00,0.00000000e+00,0.00000000e+00
0.00000000e+00,-9.33635157e-06,-1.86758486e-05,-2.80110836e-05
0.00000000e+00,0.00000000e+00,0.00000000e+00,0.00000000e+00
0.00000000e+00,0.00000000e+00,0.00000000e+00,0.00000000e+00
0.00000000e+00,-5.39648817e-06,-1.07945696e-05,-1.61904962e-05
0.00000000e+00,-8.24244482e-06,-1.64875031e-05,-2.47289051e-05
0.00000000e+00,-4.62695390e-06,-9.25699120e-06,-1.38828102e-05
0.00000000e+00,0.00000000e+00,0.00000000e+00,0.00000000e+00
0.00000000e+00,-4.68883392e-06,-9.37902429e-06,-1.40673307e-05
0.00000000e+00,-2.66020072e-06,-5.32201725e-06,-7.98163133e-06
0.00000000e+00,-4.08711494e-06,-8.17682670e-06,-1.22629045e-05
0.00000000e+00,-2.31562453e-06,-4.63260209e-06,-6.94768642e-06
0.00000000e+00,-1.22881958e-05,-2.45815537e-05,-3.68679352e-05
0.00000000e+00,-1.13594289e-05,-2.27231268e-05,-3.40810324e-05
0.00000000e+00,-1.11668946e-05,-2.23381746e-05,-3.35034357e-05
0.00000000e+00,-6.14768289e-06,-1.23006352e-05,-1.84464820e-05
0.00000000e+00,-1.02239324e-05,-2.04514844e-05,-3.06740251e-05
0.00000000e+00,-5.66607352e-06,-1.13364790e-05,-1.70010134e-05
0.00000000e+00,-5.58503471e-06,-1.11745632e-05,-1.67579495e-05
0.00000000e+00,-5.09792144e-06,-1.01995035e-05,-1.52960316e-05
0.00000000e+00,-1.27458339e-05,-2.54975993e-05,-3.82414705e-05
0.00000000e+00,-1.26543777e-05,-2.53144093e-05,-3.79668418e-05
0.00000000e+00,-1.16310718e-05,-2.32673071e-05,-3.48966176e-05
0.00000000e+00,-6.38452647e-06,-1.27751061e-05,-1.91575832e-05
0.00000000e+00,-1.15362967e-05,-2.30775148e-05,-3.46120648e-05
0.00000000e+00,-6.33704026e-06,-1.26799202e-05,-1.90149567e-05
0.00000000e+00,-5.82574115e-06,-1.16567331e-05,-1.74806344e-05
0.00000000e+00,-5.77632679e-06,-1.15576729e-05,-1.73322039e-05
0.00000000e+00,-1.22881286e-05,-2.45814810e-05,-3.68679363e-05
0.00000000e+00,-1.26543202e-05,-2.53143850e-05,-3.79668397e-05
0.00000000e+00,-1.11667716e-05,-2.23381592e-05,-3.35034467e-05
0.00000000e+00,-6.14764728e-06,-1.23005917e-05,-1.84464797e-05
0.00000000e+00,-1.15362265e-05,-2.30775129e-05,-3.46120635e-05
0.00000000e+00,-6.33701553e-06,-1.26799012e-05,-1.90149395e-05
0.00000000e+00,-5.58494864e-06,-1.11745533e-05,-1.67579464e-05
0.00000000e+00,-5.77627830e-06,-1.15576730e-05,-1.73321918e-05
0.00000000e+00,-9.33630263e-06,-1.86757625e-05,-2.80110631e-05
0.00000000e+00,-1.13593571e-05,-2.27230543e-05,-3.40810222e-05
0.00000000e+00,-8.24233258e-06,-1.64874474e-05,-2.47289088e-05
0.00000000e+00,-4.62688066e-06,-9.25695713e-06,-1.38828109e-05
0.00000000e+00,-1.02237887e-05,-2.04514539e-05,-3.06740155e-05
0.00000000e+00,-5.66600897e-06,-1.13364341e-05,-1.70010154e-05
0.00000000e+00,-4.08699100e-06,-8.17680299e-06,-1.22629083e-05
0.00000000e+00,-5.09779997e-06,-1.01994968e-05,-1.52960333e-05
0.00000000e+00,0.00000000e+00,0.00000000e+00,0.00000000e+00
0.00000000e+00,-5.39648852e-06,-1.07945059e-05,-1.61904782e-05
0.00000000e+00,0.00000000e+00,0.00000000e+00,0.00000000e+00
0.00000000e+00,0.00000000e+00,0.00000000e+00,0.00000000e+00
0.00000000e+00,-4.68879624e-06,-9.37898517e-06,-1.40673233e-05
0.00000000e+00,-2.66018548e-06,-5.32196929e-06,-7.98162397e-06
0.00000000e+00,0.00000000e+00,0.00000000e+00,0.00000000e+00
0.00000000e+00,-2.31556872e-06,-4.63256815e-06,-6.94768248e-06
0.00000000e+00,0.00000000e+00,0.00000000e+00,0.00000000e+00
0.00000000e+00,-1.17324249e-05,-2.34689488e-05,-3.52001107e-05
0.00000000e+00,0.00000000e+00,0.00000000e+00,0.00000000e+00
0.00000000e+00,0.00000000e+00,0.00000000e+00,0.00000000e+00
0.00000000e+00,-7.19698247e-06,-1.43960784e-05,-2.15924189e-05
0.00000000e+00,-1.05091867e-05,-2.10219542e-05,-3.15299483e-05
0.00000000e+00,-5.81676829e-06,-1.16375972e-05,-1.74530416e-05
0.00000000e+00,0.00000000e+00,0.00000000e+00,0.00000000e+00
0.00000000e+00,-6.21404368e-06,-1.24299401e-05,-1.86433845e-05
0.00000000e+00,-3.52703158e-06,-7.05622362e-06,-1.05825788e-05
0.00000000e+00,-5.20764455e-06,-1.04188642e-05,-1.56252888e-05
0.00000000e+00,-3.05557738e-06,-6.11303811e-06,-9.16798771e-06
0.00000000e+00,-1.44657294e-05,-2.89380592e-05,-4.34016184e-05
0.00000000e+00,-1.36072007e-05,-2.72199591e-05,-4.08254018e-05
0.00000000e+00,-1.33892050e-05,-2.67842450e-05,-4.01714759e-05
0.00000000e+00,-7.23943001e-06,-1.44856237e-05,-2.17228625e-05
0.00000000e+00,-1.24952929e-05,-2.49954895e-05,-3.74891325e-05
0.00000000e+00,-6.79980958e-06,-1.36052490e-05,-2.04032329e-05
0.00000000e+00,-6.70077197e-06,-1.34075494e-05,-2.01063104e-05
0.00000000e+00,-6.23700589e-06,-1.24789930e-05,-1.87143179e-05
0.00000000e+00,-1.49074136e-05,-2.98223347e-05,-4.47273924e-05
0.00000000e+00,-1.48281099e-05,-2.96634622e-05,-4.44892247e-05
0.00000000e+00,-1.38388679e-05,-2.76843725e-05,-4.15210823e-05
0.00000000e+00,-7.46734528e-06,-1.49423362e-05,-2.24071959e-05
0.00000000e+00,-1.37510928e-05,-2.75086159e-05,-4.12575762e-05
0.00000000e+00,-7.42697236e-06,-1.48613972e-05,-2.22859511e-05
0.00000000e+00,-6.93260181e-06,-1.38720356e-05,-2.08023766e-05
0.00000000e+00,-6.88672109e-06,-1.37800756e-05,-2.06645881e-05
0.00000000e+00,-1.44657444e-05,-2.89379929e-05,-4.34016373e-05
0.00000000e+00,-1.48280880e-05,-2.96634208e-05,-4.44892352e-05
0.00000000e+00,-1.33891747e-05,-2.67841657e-05,-4.01714780e-05
0.00000000e+00,-7.23948801e-06,-1.44855396e-05,-2.17228559e-05
0.00000000e+00,-1.37510560e-05,-2.75085886e-05,-4.12575729e-05
0.00000000e+00,-7.42699450e-06,-1.48613693e-05,-2.22859548e-05
0.00000000e+00,-6.70077729e-06,-1.34074869e-05,-2.01063044e-05
0.00000000e+00,-6.88671704e-06,-1.37800478e-05,-2.06645812e-05
0.00000000e+00,-1.17324660e-05,-2.34688385e-05,-3.52001028e-05
0.00000000e+00,-1.36072628e-05,-2.72198518e-05,-4.08253701e-05
0.00000000e+00,-1.05091833e-05,-2.10218602e-05,-3.15299292e-05
0.00000000e+00,-5.81680948e-06,-1.16375091e-05,-1.74530321e-05
0.00000000e+00,-1.24952796e-05,-2.49953860e-05,-3.74891167e-05
0.00000000e+00,-6.79985907e-06,-1.36051558e-05,-2.04032278e-05
0.00000000e+00,-5.20763261e-06,-1.04188005e-05,-1.56252829e-05
0.00000000e+00,-6.23700354e-06,-1.24789140e-05,-1.87143132e-05
0.00000000e+00,0.00000000e+00,0.00000000e+00,0.00000000e+00
0.00000000e+00,-7.19705056e-06,-1.43960022e-05,-2.15923918e-05
0.00000000e+00,0.00000000e+00,0.00000000e+00,0.00000000e+00
0.00000000e+00,0.00000000e+00,0.00000000e+00,0.00000000e+00
0.00000000e+00,-6.21407915e-06,-1.24298600e-05,-1.86433574e-05
0.00000000e+00,-3.52710031e-06,-7.05613756e-06,-1.05825585e-05
0.00000000e+00,0.00000000e+00,0.00000000e+00,0.00000000e+00
0.00000000e+00,-3.05560439e-06,-6.11297505e-06,-9.16797489e-06
0.00000000e+00,0.00000000e+00,0.00000000e+00,0.00000000e+00
0.00000000e+00,-1.37588136e-05,-2.75226558e-05,-4.12800257e-05
0.00000000e+00,0.00000000e+00,0.00000000e+00,0.00000000e+00
0.00000000e+00,0.00000000e+00,0.00000000e+00,0.00000000e+00
0.00000000e+00,-9.95976555e-06,-1.99222649e-05,-2.98812948e-05
0.00000000e+00,-1.29403995e-05,-2.58853365e-05,-3.88243681e-05
0.00000000e+00,-7.01166684e-06,-1.40284487e-05,-2.10385725e-05
0.00000000e+00,0.00000000e+00,0.00000000e+00,0.00000000e+00
0.00000000e+00,-8.41689835e-06,-1.68362114e-05,-2.52524250e-05
0.00000000e+00,-5.07015078e-06,-1.01430462e-05,-1.52124023e-05
0.00000000e+00,-6.52559510e-06,-1.30557778e-05,-1.95799480e-05
0.00000000e+00,-4.19527400e-06,-8.39299358e-06,-1.25875342e-05
0.00000000e+00,-1.65452552e-05,-3.30986067e-05,-4.96413831e-05
0.00000000e+00,-1.57207026e-05,-3.14482270e-05,-4.71668821e-05
0.00000000e+00,-1.55436356e-05,-3.10946105e-05,-4.66359404e-05
0.00000000e+00,-8.43316903e-06,-1.68746682e-05,-2.53052052e-05
0.00000000e+00,-1.46607425e-05,-2.93276621e-05,-4.39864856e-05
0.00000000e+00,-8.01400443e-06,-1.60350020e-05,-2.40468400e-05
0.00000000e+00,-7.85791468e-06,-1.57233865e-05,-2.35788974e-05
0.00000000e+00,-7.40795546e-06,-1.48222065e-05,-2.22281731e-05
0.00000000e+00,-1.70142565e-05,-3.40376310e-05,-5.10490900e-05
0.00000000e+00,-1.69202308e-05,-3.38493946e-05,-5.07668964e-05
0.00000000e+00,-1.59719070e-05,-3.19521007e-05,-4.79214141e-05
0.00000000e+00,-8.67271220e-06,-1.73547340e-05,-2.60244427e-05
0.00000000e+00,-1.58774314e-05,-3.17629478e-05,-4.76378624e-05
0.00000000e+00,-8.62525694e-06,-1.72596631e-05,-2.58820018e-05
0.00000000e+00,-8.07659956e-06,-1.61616804e-05,-2.42355408e-05
0.00000000e+00,-8.02931341e-06,-1.60669273e-05,-2.40935839e-05
0.00000000e+00,-1.65453829e-05,-3.30985200e-05,-4.96413958e-05
0.00000000e+00,-1.69203326e-05,-3.38493655e-05,-5.07669194e-05
0.00000000e+00,-1.55437115e-05,-3.10945210e-05,-4.66359431e-05
0.00000000e+00,-8.43330775e-06,-1.68745257e-05,-2.53052056e-05
0.00000000e+00,-1.58774713e-05,-3.17629330e-05,-4.76378710e-05
0.00000000e+00,-8.62534288e-06,-1.72595767e-05,-2.58820053e-05
0.00000000e+00,-7.85801025e-06,-1.57232825e-05,-2.35788945e-05
0.00000000e+00,-8.02937214e-06,-1.60668727e-05,-2.40935895e-05
0.00000000e+00,-1.37589959e-05,-2.75225056e-05,-4.12800172e-05
0.00000000e+00,-1.57208711e-05,-3.14481054e-05,-4.71668640e-05
0.00000000e+00,-1.29405118e-05,-2.58852111e-05,-3.88243585e-05
0.00000000e+00,-7.01182301e-06,-1.40282958e-05,-2.10385582e-05
0.00000000e+00,-1.46608398e-05,-2.93275472e-05,-4.39864789e-05
0.00000000e+00,-8.01417482e-06,-1.60348241e-05,-2.40468127e-05
0.00000000e+00,-6.52569853e-06,-1.30556586e-05,-1.95799355e-05
0.00000000e+00,-7.40806604e-06,-1.48220773e-05,-2.22281558e-05
0.00000000e+00,0.00000000e+00,0.00000000e+00,0.00000000e+00
0.00000000e+00,-9.95989972e-06,-1.99221923e-05,-2.98812805e-05
0.00000000e+00,0.00000000e+00,0.00000000e+00,0.00000000e+00
0.00000000e+00,0.00000000e+00,0.00000000e+00,0.00000000e+00
0.00000000e+00,-8.41699977e-06,-1.68361287e-05,-2.52524033e-05
0.00000000e+00,-5.07025155e-06,-1.01429507e-05,-1.52123901e-05
0.00000000e+00,0.00000000e+00,0.00000000e+00,0.00000000e+00
0.00000000e+00,-4.19535541e-06,-8.39291016e-06,-1.25875213e-05
0.00000000e+00,0.00000000e+00,0.00000000e+00,0.00000000e+00
0.00000000e+00,-1.43282338e-05,-2.86583881e-05,-4.29857386e-05
0.00000000e+00,0.00000000e+00,0.00000000e+00,0.00000000e+00
0.00000000e+00,0.00000000e+00,0.00000000e+00,0.00000000e+00
0.00000000e+00,-8.15324991e-06,-1.63074916e-05,-2.44602873e-05
0.00000000e+00,-1.26189406e-05,-2.52394468e-05,-3.78575552e-05
0.00000000e+00,-1.07021805e-05,-2.14063691e-05,-3.21076178e-05
0.00000000e+00,0.00000000e+00,0.00000000e+00,0.00000000e+00
0.00000000e+00,-7.11225397e-06,-1.42253076e-05,-2.13371155e-05
0.00000000e+00,-6.04587345e-06,-1.20927875e-05,-1.81381809e-05
0.00000000e+00,-9.38363218e-06,-1.87688640e-05,-2.81516567e-05
0.00000000e+00,-5.25560349e-06,-1.05120268e-05,-1.57671729e-05
0.00000000e+00,-1.93982527e-05,-3.87995809e-05,-5.81964690e-05
0.00000000e+00,-1.77641691e-05,-3.55309009e-05,-5.32938840e-05
0.00000000e+00,-1.74417617e-05,-3.48861778e-05,-5.23266980e-05
0.00000000e+00,-1.47190886e-05,-2.94415595e-05,-4.41592331e-05
0.00000000e+00,-1.58535777e-05,-3.17093148e-05,-4.75617972e-05
0.00000000e+00,-1.34031910e-05,-2.68091559e-05,-4.02111221e-05
0.00000000e+00,-1.31650104e-05,-2.63328315e-05,-3.94965835e-05
0.00000000e+00,-1.18985892e-05,-2.37994438e-05,-3.56969322e-05
0.00000000e+00,-2.02027859e-05,-4.04091643e-05,-6.06105867e-05
0.00000000e+00,-2.00385499e-05,-4.00804814e-05,-6.01175908e-05
0.00000000e+00,-1.82340488e-05,-3.64712689e-05,-5.47040664e-05
0.00000000e+00,-1.53730251e-05,-3.07500977e-05,-4.61216401e-05
0.00000000e+00,-1.80699091e-05,-3.61428004e-05,-5.42113885e-05
0.00000000e+00,-1.52380942e-05,-3.04800114e-05,-4.57166161e-05
0.00000000e+00,-1.38072130e-05,-2.76178930e-05,-4.14237772e-05
0.00000000e+00,-1.36725753e-05,-2.73483662e-05,-4.10196037e-05
0.00000000e+00,-1.93980954e-05,-3.87994537e-05,-5.81964461e-05
0.00000000e+00,-2.00384335e-05,-4.00803920e-05,-6.01176054e-05
0.00000000e+00,-1.74415839e-05,-3.48860975e-05,-5.23266786e-05
0.00000000e+00,-1.47189406e-05,-2.94414935e-05,-4.41592121e-05
0.00000000e+00,-1.80698051e-05,-3.61427311e-05,-5.42113920e-05
0.00000000e+00,-1.52379989e-05,-3.04799830e-05,-4.57166214e-05
0.00000000e+00,-1.31648327e-05,-2.63328138e-05,-3.94965679e-05
0.00000000e+00,-1.36724700e-05,-2.73483607e-05,-4.10196027e-05
0.00000000e+00,-1.43280952e-05,-2.86582543e-05,-4.29856968e-05
0.00000000e+00,-1.77639848e-05,-3.55307572e-05,-5.32938272e-05
0.00000000e+00,-1.26187108e-05,-2.52393720e-05,-3.78575354e-05
0.00000000e+00,-1.07020035e-05,-2.14062921e-05,-3.21076007e-05
0.00000000e+00,-1.58533535e-05,-3.17092266e-05,-4.75617398e-05
0.00000000e+00,-1.34029731e-05,-2.68091110e-05,-4.02111015e-05
0.00000000e+00,-9.38338878e-06,-1.87688409e-05,-2.81516479e-05
0.00000000e+00,-1.18983489e-05,-2.37994388e-05,-3.56969118e-05
0.00000000e+00,0.00000000e+00,0.00000000e+00,0.00000000e+00
0.00000000e+00,-8.15320839e-06,-1.63073827e-05,-2.44602461e-05
0.00000000e+00,0.00000000e+00,0.00000000e+00,0.00000000e+00
0.00000000e+00,0.00000000e+00,0.00000000e+00,0.00000000e+00
0.00000000e+00,-7.11216711e-06,-1.42252220e-05,-2.13370778e-05
0.00000000e+00,-6.04580625e-06,-1.20927164e-05,-1.81381566e-05
0.00000000e+00,0.00000000e+00,0.00000000e+00,0.00000000e+00
0.00000000e+00,-5.25549203e-06,-1.05119680e-05,-1.57671518e-05
0.00000000e+00,0.00000000e+00,0.00000000e+00,0.00000000e+00
0.00000000e+00,-1.80554729e-05,-3.61135472e-05,-5.41680226e-05
0.00000000e+00,0.00000000e+00,0.00000000e+00,0.00000000e+00
0.00000000e+00,0.00000000e+00,0.00000000e+00,0.00000000e+00
0.00000000e+00,-1.05855299e-05,-2.11724113e-05,-3.17574428e-05
0.00000000e+00,-1.61392406e-05,-3.22807480e-05,-4.84190495e-05
0.00000000e+00,-1.35917726e-05,-2.71864722e-05,-4.07771704e-05
0.00000000e+00,0.00000000e+00,0.00000000e+00,0.00000000e+00
0.00000000e+00,-9.29944936e-06,-1.86000734e-05,-2.78990480e-05
0.00000000e+00,-7.88540944e-06,-1.57723157e-05,-2.36572041e-05
0.00000000e+00,-1.21014497e-05,-2.42053430e-05,-3.63057979e-05
0.00000000e+00,-6.91197256e-06,-1.38252109e-05,-2.07366838e-05
0.00000000e+00,-2.32473914e-05,-4.64987875e-05,-6.97445816e-05
0.00000000e+00,-2.16303179e-05,-4.32640573e-05,-6.48930057e-05
0.00000000e+00,-2.13355219e-05,-4.26745795e-05,-6.40086198e-05
0.00000000e+00,-1.77818995e-05,-3.55684001e-05,-5.33485871e-05
0.00000000e+00,-1.96946126e-05,-3.93922194e-05,-5.90855477e-05
0.00000000e+00,-1.64680932e-05,-3.29400977e-05,-4.94067320e-05
0.00000000e+00,-1.62608845e-05,-3.25257436e-05,-4.87850714e-05
0.00000000e+00,-1.49299079e-05,-2.98631435e-05,-4.47917107e-05
0.00000000e+00,-2.40527584e-05,-4.81100294e-05,-7.21611713e-05
0.00000000e+00,-2.38940911e-05,-4.77925143e-05,-7.16849291e-05
0.00000000e+00,-2.21427067e-05,-4.42894345e-05,-6.64306548e-05
0.00000000e+00,-1.84308908e-05,-3.68670587e-05,-5.52961541e-05
0.00000000e+00,-2.19804857e-05,-4.39648263e-05,-6.59437446e-05
0.00000000e+00,-1.83019427e-05,-3.66089582e-05,-5.49090944e-05
0.00000000e+00,-1.69149709e-05,-3.38345841e-05,-5.07479263e-05
0.00000000e+00,-1.67821264e-05,-3.35686751e-05,-5.03491549e-05
0.00000000e+00,-2.32472636e-05,-4.64986150e-05,-6.97445689e-05
0.00000000e+00,-2.38939749e-05,-4.77924208e-05,-7.16849389e-05
0.00000000e+00,-2.13353901e-05,-4.26744108e-05,-6.40086017e-05
0.00000000e+00,-1.77817845e-05,-3.55682763e-05,-5.33485706e-05
0.00000000e+00,-2.19803729e-05,-4.39647247e-05,-6.59437637e-05
0.00000000e+00,-1.83018500e-05,-3.66089133e-05,-5.49091007e-05
0.00000000e+00,-1.62607486e-05,-3.25256524e-05,-4.87850559e-05
0.00000000e+00,-1.67820343e-05,-3.35686334e-05,-5.03491606e-05
0.00000000e+00,-1.80554183e-05,-3.61133820e-05,-5.41679775e-05
0.00000000e+00,-2.16302050e-05,-4.32638652e-05,-6.48929617e-05
0.00000000e+00,-1.61391661e-05,-3.22805876e-05,-4.84190056e-05
0.00000000e+00,-1.35917430e-05,-2.71863050e-05,-4.07771236e-05
0.00000000e+00,-1.96944638e-05,-3.93920433e-05,-5.90854964e-05
0.00000000e+00,-1.64679943e-05,-3.29399609e-05,-4.94067066e-05
0.00000000e+00,-1.21013478e-05,-2.42052271e-05,-3.63057707e-05
0.00000000e+00,-1.49297521e-05,-2.98630477e-05,-4.47916877e-05
0.00000000e+00,0.00000000e+00,0.00000000e+00,0.00000000e+00
0.00000000e+00,-1.05855307e-05,-2.11722809e-05,-3.17573917e-05
0.00000000e+00,0.00000000e+00,0.00000000e+00,0.00000000e+00
0.00000000e+00,0.00000000e+00,0.00000000e+00,0.00000000e+00
0.00000000e+00,-9.29943595e-06,-1.85999392e-05,-2.78989955e-05
0.00000000e+00,-7.88541410e-06,-1.57722153e-05,-2.36571609e-05
0.00000000e+00,0.00000000e+00,0.00000000e+00,0.00000000e+00
0.00000000e+00,-6.91194095e-06,-1.38251275e-05,-2.07366537e-05
0.00000000e+00,0.00000000e+00,0.00000000e+00,0.00000000e+00
0.00000000e+00,-2.21238008e-05,-4.42508877e-05,-6.63735630e-05
0.00000000e+00,0.00000000e+00,0.00000000e+00,0.00000000e+00
0.00000000e+00,0.00000000e+00,0.00000000e+00,0.00000000e+00
0.00000000e+00,-1.37867731e-05,-2.75752755e-05,-4.13614860e-05
0.00000000e+00,-2.00714897e-05,-4.01459202e-05,-6.02163453e-05
0.00000000e+00,-1.68070746e-05,-3.36179162e-05,-5.04238045e-05
0.00000000e+00,0.00000000e+00,0.00000000e+00,0.00000000e+00
0.00000000e+00,-1.20568816e-05,-2.41153000e-05,-3.61716555e-05
0.00000000e+00,-1.02967504e-05,-2.05954371e-05,-3.08916004e-05
0.00000000e+00,-1.51747662e-05,-3.03528607e-05,-4.55265044e-05
0.00000000e+00,-8.99358687e-06,-1.79888867e-05,-2.69819193e-05
0.00000000e+00,-2.69863500e-05,-5.39776132e-05,-8.09621382e-05
0.00000000e+00,-2.54241554e-05,-5.08525828e-05,-7.62751998e-05
0.00000000e+00,-2.51299931e-05,-5.02644465e-05,-7.53927254e-05
0.00000000e+00,-2.07461454e-05,-4.14980358e-05,-6.22421970e-05
0.00000000e+00,-2.35500195e-05,-4.71039060e-05,-7.06524666e-05
0.00000000e+00,-1.95129554e-05,-3.90308741e-05,-5.85421764e-05
0.00000000e+00,-1.92791237e-05,-3.85634063e-05,-5.78406843e-05
0.00000000e+00,-1.80043389e-05,-3.60131058e-05,-5.40158870e-05
0.00000000e+00,-2.77813579e-05,-5.55681878e-05,-8.33476689e-05
0.00000000e+00,-2.76353497e-05,-5.52759933e-05,-8.29094213e-05
0.00000000e+00,-2.59319579e-05,-5.18688843e-05,-7.77990907e-05
0.00000000e+00,-2.13826296e-05,-4.27717310e-05,-6.41522529e-05
0.00000000e+00,-2.57786860e-05,-5.15621986e-05,-7.73390853e-05
0.00000000e+00,-2.12690025e-05,-4.25443367e-05,-6.38112145e-05
0.00000000e+00,-1.99215061e-05,-3.98488558e-05,-5.97684170e-05
0.00000000e+00,-1.97963415e-05,-3.95983627e-05,-5.93927422e-05
0.00000000e+00,-2.69862218e-05,-5.39774366e-05,-8.09621043e-05
0.00000000e+00,-2.76352137e-05,-5.52758926e-05,-8.29094102e-05
0.00000000e+00,-2.51298723e-05,-5.02642625e-05,-7.53927088e-05
0.00000000e+00,-2.07460582e-05,-4.14979263e-05,-6.22421895e-05
0.00000000e+00,-2.57785652e-05,-5.15621013e-05,-7.73390835e-05
0.00000000e+00,-2.12689121e-05,-4.25443028e-05,-6.38112184e-05
0.00000000e+00,-1.92790270e-05,-3.85632833e-05,-5.78406703e-05
0.00000000e+00,-1.97962451e-05,-3.95983244e-05,-5.93927433e-05
0.00000000e+00,-2.21238204e-05,-4.42506722e-05,-6.63734853e-05
0.00000000e+00,-2.54240959e-05,-5.08523892e-05,-7.62751297e-05
0.00000000e+00,-2.00714648e-05,-4.01457339e-05,-6.02162934e-05
0.00000000e+00,-1.68071285e-05,-3.36177436e-05,-5.04237363e-05
0.00000000e+00,-2.35499343e-05,-4.71037042e-05,-7.06524168e-05
0.00000000e+00,-1.95129477e-05,-3.90307314e-05,-5.85421318e-05
0.00000000e+00,-1.51747790e-05,-3.03526855e-05,-4.55264421e-05
0.00000000e+00,-1.80042828e-05,-3.60129602e-05,-5.40158535e-05
0.00000000e+00,0.00000000e+00,0.00000000e+00,0.00000000e+00
0.00000000e+00,-1.37868102e-05,-2.75751537e-05,-4.13614374e-05
0.00000000e+00,0.00000000e+00,0.00000000e+00,0.00000000e+00
0.00000000e+00,0.00000000e+00,0.00000000e+00,0.00000000e+00
0.00000000e+00,-1.20569040e-05,-2.41151813e-05,-3.61716084e-05
0.00000000e+00,-1.02968002e-05,-2.05953294e-05,-3.08915549e-05
0.00000000e+00,0.00000000e+00,0.00000000e+00,0.00000000e+00
0.00000000e+00,-8.99361231e-06,-1.79887855e-05,-2.69818763e-05
0.00000000e+00,0.00000000e+00,0.00000000e+00,0.00000000e+00
0.00000000e+00,-2.54499558e-05,-5.09038033e-05,-7.63525286e-05
0.00000000e+00,0.00000000e+00,0.00000000e+00,0.00000000e+00
0.00000000e+00,0.00000000e+00,0.00000000e+00,0.00000000e+00
0.00000000e+00,-1.84147961e-05,-3.68316757e-05,-5.52458588e-05
0.00000000e+00,-2.40683513e-05,-4.81403340e-05,-7.22075001e-05
0.00000000e+00,-1.99824384e-05,-3.99694540e-05,-5.99505414e-05
0.00000000e+00,0.00000000e+00,0.00000000e+00,0.00000000e+00
0.00000000e+00,-1.58852965e-05,-3.17725145e-05,-4.76572193e-05
0.00000000e+00,-1.44478957e-05,-2.88982526e-05,-4.33454913e-05
0.00000000e+00,-1.86760434e-05,-3.73562578e-05,-5.60310323e-05
0.00000000e+00,-1.21259324e-05,-2.42540576e-05,-3.63793677e-05
0.00000000e+00,-3.05821622e-05,-6.11701801e-05,-9.17503141e-05
0.00000000e+00,-2.90413568e-05,-5.80877535e-05,-8.71274120e-05
0.00000000e+00,-2.88441419e-05,-5.76936531e-05,-8.65358570e-05
0.00000000e+00,-2.40238343e-05,-4.80548564e-05,-7.20764290e-05
0.00000000e+00,-2.72180282e-05,-5.44407438e-05,-8.16571468e-05
0.00000000e+00,-2.28228203e-05,-4.56517693e-05,-6.84726821e-05
0.00000000e+00,-2.24419708e-05,-4.48904409e-05,-6.73302916e-05
0.00000000e+00,-2.11634911e-05,-4.23325141e-05,-6.34942197e-05
0.00000000e+00,-3.14438080e-05,-6.28941635e-05,-9.43358406e-05
0.00000000e+00,-3.12663458e-05,-6.25389533e-05,-9.38031285e-05
0.00000000e+00,-2.96309854e-05,-5.92679447e-05,-8.88969289e-05
0.00000000e+00,-2.47042879e-05,-4.94167448e-05,-7.41185003e-05
0.00000000e+00,-2.94530497e-05,-5.89118760e-05,-8.83628698e-05
0.00000000e+00,-2.45680751e-05,-4.91441301e-05,-7.37097554e-05
0.00000000e+00,-2.30611557e-05,-4.61296551e-05,-6.91884899e-05
0.00000000e+00,-2.29249199e-05,-4.58569513e-05,-6.87795851e-05
0.00000000e+00,-3.05820520e-05,-6.11700272e-05,-9.17502658e-05
0.00000000e+00,-3.12662091e-05,-6.25388719e-05,-9.38031160e-05
0.00000000e+00,-2.88440199e-05,-5.76934700e-05,-8.65358050e-05
0.00000000e+00,-2.40238614e-05,-4.80547694e-05,-7.20764214e-05
0.00000000e+00,-2.94528989e-05,-5.89117774e-05,-8.83628549e-05
0.00000000e+00,-2.45680860e-05,-4.91441591e-05,-7.37097791e-05
0.00000000e+00,-2.24419474e-05,-4.48903416e-05,-6.73302791e-05
0.00000000e+00,-2.29248802e-05,-4.58569336e-05,-6.87795877e-05
0.00000000e+00,-2.54500247e-05,-5.09035702e-05,-7.63524309e-05
0.00000000e+00,-2.90413174e-05,-5.80876034e-05,-8.71273376e-05
0.00000000e+00,-2.40684140e-05,-4.81400941e-05,-7.22074052e-05
0.00000000e+00,-1.99825421e-05,-3.99692993e-05,-5.99505149e-05
0.00000000e+00,-2.72179729e-05,-5.44405699e-05,-8.16570660e-05
0.00000000e+00,-2.28228941e-05,-4.56516689e-05,-6.84726790e-05
0.00000000e+00,-1.86761298e-05,-3.73560898e-05,-5.60309831e-05
0.00000000e+00,-2.11635190e-05,-4.23323778e-05,-6.34941894e-05
0.00000000e+00,0.00000000e+00,0.00000000e+00,0.00000000e+00
0.00000000e+00,-1.84148478e-05,-3.68315520e-05,-5.52458035e-05
0.00000000e+00,0.00000000e+00,0.00000000e+00,0.00000000e+00
0.00000000e+00,0.00000000e+00,0.00000000e+00,0.00000000e+00
0.00000000e+00,-1.58853401e-05,-3.17723847e-05,-4.76571614e-05
0.00000000e+00,-1.44480030e-05,-2.88981613e-05,-4.33454561e-05
0.00000000e+00,0.00000000e+00,0.00000000e+00,0.00000000e+00
0.00000000e+00,-1.21260142e-05,-2.42539563e-05,-3.63793286e-05
0.00000000e+00,0.00000000e+00,0.00000000e+00,0.00000000e+00
0.00000000e+00,-1.57070476e-05,-3.14148586e-05,-4.71213339e-05
0.00000000e+00,0.00000000e+00,0.00000000e+00,0.00000000e+00
0.00000000e+00,0.00000000e+00,0.00000000e+00,0.00000000e+00
0.00000000e+00,-8.83499203e-06,-1.76703761e-05,-2.65050608e-05
0.00000000e+00,-1.31581018e-05,-2.63167861e-05,-3.94743452e-05
0.00000000e+00,-1.49823124e-05,-2.99659451e-05,-4.49475322e-05
0.00000000e+00,0.00000000e+00,0.00000000e+00,0.00000000e+00
0.00000000e+00,-7.34015597e-06,-1.46805805e-05,-2.20204434e-05
0.00000000e+00,-8.46367359e-06,-1.69280310e-05,-2.53913243e-05
0.00000000e+00,-1.28620914e-05,-2.57252465e-05,-3.85866589e-05
0.00000000e+00,-7.20418888e-06,-1.44089063e-05,-2.16127287e-05
0.00000000e+00,-2.18131475e-05,-4.36274281e-05,-6.54397120e-05
0.00000000e+00,-1.97924505e-05,-3.95858600e-05,-5.93775550e-05
0.00000000e+00,-1.86445390e-05,-3.72900290e-05,-5.59337665e-05
0.00000000e+00,-2.06092095e-05,-4.12204368e-05,-6.18285384e-05
0.00000000e+00,-1.67856687e-05,-3.35720731e-05,-5.03570409e-05
0.00000000e+00,-1.87661317e-05,-3.75339803e-05,-5.62991410e-05
0.00000000e+00,-1.80452907e-05,-3.60923301e-05,-5.41366057e-05
0.00000000e+00,-1.63094505e-05,-3.26203402e-05,-4.89288944e-05
0.00000000e+00,-2.28251935e-05,-4.56520163e-05,-6.84764657e-05
0.00000000e+00,-2.26148652e-05,-4.52311279e-05,-6.78451371e-05
0.00000000e+00,-1.96005614e-05,-3.92024773e-05,-5.88023248e-05
0.00000000e+00,-2.15249820e-05,-4.30525153e-05,-6.45764698e-05
0.00000000e+00,-1.93983071e-05,-3.87978336e-05,-5.81953586e-05
0.00000000e+00,-2.13360257e-05,-4.26743656e-05,-6.40092432e-05
0.00000000e+00,-1.89258011e-05,-3.78538443e-05,-5.67786859e-05
0.00000000e+00,-1.87411682e-05,-3.74843701e-05,-5.62244863e-05
0.00000000e+00,-2.18129126e-05,-4.36274118e-05,-6.54397576e-05
0.00000000e+00,-2.26146941e-05,-4.52311151e-05,-6.78451853e-05
0.00000000e+00,-1.86443244e-05,-3.72900174e-05,-5.59338157e-05
0.00000000e+00,-2.06089840e-05,-4.12203780e-05,-6.18285435e-05
0.00000000e+00,-1.93981498e-05,-3.87978275e-05,-5.81954040e-05
0.00000000e+00,-2.13358689e-05,-4.26743082e-05,-6.40092718e-05
0.00000000e+00,-1.80450620e-05,-3.60923040e-05,-5.41366157e-05
0.00000000e+00,-1.87410246e-05,-3.74843314e-05,-5.62245081e-05
0.00000000e+00,-1.57069050e-05,-3.14147089e-05,-4.71213131e-05
0.00000000e+00,-1.97922382e-05,-3.95857698e-05,-5.93775512e-05
0.00000000e+00,-1.31579248e-05,-2.63166626e-05,-3.94743311e-05
0.00000000e+00,-1.49821489e-05,-2.99657939e-05,-4.49474881e-05
0.00000000e+00,-1.67854414e-05,-3.35720196e-05,-5.03570384e-05
0.00000000e+00,-1.87659417e-05,-3.75338484e-05,-5.62990958e-05
0.00000000e+00,-1.28618799e-05,-2.57251429e-05,-3.85866323e-05
0.00000000e+00,-1.63092327e-05,-3.26202607e-05,-4.89288615e-05
0.00000000e+00,0.00000000e+00,0.00000000e+00,0.00000000e+00
0.00000000e+00,-8.83493312e-06,-1.76702711e-05,-2.65050372e-05
0.00000000e+00,0.00000000e+00,0.00000000e+00,0.00000000e+00
0.00000000e+00,0.00000000e+00,0.00000000e+00,0.00000000e+00
0.00000000e+00,-7.34008069e-06,-1.46804850e-05,-2.20204253e-05
0.00000000e+00,-8.46360175e-06,-1.69279364e-05,-2.53912950e-05
0.00000000e+00,0.00000000e+00,0.00000000e+00,0.00000000e+00
0.00000000e+00,-7.20408054e-06,-1.44088341e-05,-2.16127070e-05
0.00000000e+00,0.00000000e+00,0.00000000e+00,0.00000000e+00
0.00000000e+00,-2.13234499e-05,-4.26480656e-05,-6.39708832e-05
0.00000000e+00,0.00000000e+00,0.00000000e+00,0.00000000e+00
0.00000000e+00,0.00000000e+00,0.00000000e+00,0.00000000e+00
0.00000000e+00,-1.23197526e-05,-2.46401558e-05,-3.69595867e-05
0.00000000e+00,-1.84204844e-05,-3.68419346e-05,-5.52618211e-05
0.00000000e+00,-1.96168833e-05,-3.92356337e-05,-5.88516988e-05
0.00000000e+00,0.00000000e+00,0.00000000e+00,0.00000000e+00
0.00000000e+00,-1.04760593e-05,-2.09526392e-05,-3.14283789e-05
0.00000000e+00,-1.13794745e-05,-2.27599518e-05,-3.41390225e-05
0.00000000e+00,-1.72298759e-05,-3.44613554e-05,-5.16904578e-05
0.00000000e+00,-9.84201720e-06,-1.96848819e-05,-2.95265115e-05
0.00000000e+00,-2.80730432e-05,-5.61476590e-05,-8.42197138e-05
0.00000000e+00,-2.59506276e-05,-5.19026622e-05,-7.78524235e-05
0.00000000e+00,-2.49613309e-05,-4.99239845e-05,-7.48843867e-05
0.00000000e+00,-2.56700373e-05,-5.13427314e-05,-7.70114773e-05
0.00000000e+00,-2.28528443e-05,-4.57068627e-05,-6.85589011e-05
0.00000000e+00,-2.37728610e-05,-4.75480570e-05,-7.13197927e-05
0.00000000e+00,-2.31542684e-05,-4.63108424e-05,-6.94639066e-05
0.00000000e+00,-2.12586645e-05,-4.25193381e-05,-6.37769560e-05
0.00000000e+00,-2.91184478e-05,-5.82390480e-05,-8.73566530e-05
0.00000000e+00,-2.89093654e-05,-5.78205831e-05,-8.67289598e-05
0.00000000e+00,-2.59993250e-05,-5.20005355e-05,-7.79990849e-05
0.00000000e+00,-2.66072958e-05,-5.32178288e-05,-7.98239302e-05
0.00000000e+00,-2.57873604e-05,-5.15763295e-05,-7.73627637e-05
0.00000000e+00,-2.64208531e-05,-5.28446660e-05,-7.92641888e-05
0.00000000e+00,-2.40863197e-05,-4.81755111e-05,-7.22607296e-05
0.00000000e+00,-2.38970010e-05,-4.77966001e-05,-7.16923581e-05
0.00000000e+00,-2.80728229e-05,-5.61476031e-05,-8.42197749e-05
0.00000000e+00,-2.89091807e-05,-5.78205557e-05,-8.67290187e-05
0.00000000e+00,-2.49610889e-05,-4.99239538e-05,-7.48844375e-05
0.00000000e+00,-2.56698477e-05,-5.13426012e-05,-7.70114895e-05
0.00000000e+00,-2.57871780e-05,-5.15763051e-05,-7.73628189e-05
0.00000000e+00,-2.64206845e-05,-5.28445979e-05,-7.92642299e-05
0.00000000e+00,-2.31540547e-05,-4.63107450e-05,-6.94639107e-05
0.00000000e+00,-2.38968271e-05,-4.77965258e-05,-7.16923960e-05
0.00000000e+00,-2.13233659e-05,-4.26478558e-05,-6.39708577e-05
0.00000000e+00,-2.59504666e-05,-5.19024839e-05,-7.78524168e-05
0.00000000e+00,-1.84204017e-05,-3.68417390e-05,-5.52617873e-05
0.00000000e+00,-1.96168216e-05,-3.92354098e-05,-5.88516345e-05
0.00000000e+00,-2.28526585e-05,-4.57067304e-05,-6.85588885e-05
0.00000000e+00,-2.37727283e-05,-4.75478373e-05,-7.13197507e-05
0.00000000e+00,-1.72297787e-05,-3.44611436e-05,-5.16903922e-05
0.00000000e+00,-2.12585015e-05,-4.25191494e-05,-6.37769042e-05
0.00000000e+00,0.00000000e+00,0.00000000e+00,0.00000000e+00
0.00000000e+00,-1.23197301e-05,-2.46400355e-05,-3.69595692e-05
0.00000000e+00,0.00000000e+00,0.00000000e+00,0.00000000e+00
0.00000000e+00,0.00000000e+00,0.00000000e+00,0.00000000e+00
0.00000000e+00,-1.04760146e-05,-2.09525239e-05,-3.14283553e-05
0.00000000e+00,-1.13794511e-05,-2.27598264e-05,-3.41389885e-05
0.00000000e+00,0.00000000e+00,0.00000000e+00,0.00000000e+00
0.00000000e+00,-9.84198026e-06,-1.96847656e-05,-2.95264776e-05
0.00000000e+00,0.00000000e+00,0.00000000e+00,0.00000000e+00
0.00000000e+00,-2.76901982e-05,-5.53819237e-05,-8.30714037e-05
0.00000000e+00,0.00000000e+00,0.00000000e+00,0.00000000e+00
0.00000000e+00,0.00000000e+00,0.00000000e+00,0.00000000e+00
0.00000000e+00,-1.69681516e-05,-3.39371844e-05,-5.09050007e-05
0.00000000e+00,-2.44353294e-05,-4.88719947e-05,-7.33066497e-05
0.00000000e+00,-2.47768109e-05,-4.95560110e-05,-7.43318901e-05
0.00000000e+00,0.00000000e+00,0.00000000e+00,0.00000000e+00
0.00000000e+00,-1.44415130e-05,-2.88837879e-05,-4.33249757e-05
0.00000000e+00,-1.51693140e-05,-3.03399350e-05,-4.55087908e-05
0.00000000e+00,-2.21512815e-05,-4.43046914e-05,-6.64551034e-05
0.00000000e+00,-1.31288413e-05,-2.62588326e-05,-3.93872491e-05
0.00000000e+00,-3.41346357e-05,-6.82713719e-05,-1.02404906e-04
0.00000000e+00,-3.21116253e-05,-6.42250948e-05,-9.63357467e-05
0.00000000e+00,-3.11337606e-05,-6.22693250e-05,-9.34020420e-05
0.00000000e+00,-3.05832177e-05,-6.11698565e-05,-9.17516144e-05
0.00000000e+00,-2.90555002e-05,-5.81126242e-05,-8.71672065e-05
0.00000000e+00,-2.87622991e-05,-5.75275968e-05,-8.62886274e-05
0.00000000e+00,-2.81486475e-05,-5.63003101e-05,-8.44475836e-05
0.00000000e+00,-2.62856108e-05,-5.25738696e-05,-7.88582820e-05
0.00000000e+00,-3.51769452e-05,-7.03566325e-05,-1.05532602e-04
0.00000000e+00,-3.49904141e-05,-6.99832024e-05,-1.04972486e-04
0.00000000e+00,-3.21798491e-05,-6.43621280e-05,-9.65410775e-05
0.00000000e+00,-3.15213519e-05,-6.30466911e-05,-9.45666281e-05
0.00000000e+00,-3.19757895e-05,-6.39536593e-05,-9.59283924e-05
0.00000000e+00,-3.13528704e-05,-6.27094669e-05,-9.40608302e-05
0.00000000e+00,-2.90873628e-05,-5.81783431e-05,-8.72644140e-05
0.00000000e+00,-2.89046263e-05,-5.78125602e-05,-8.67157704e-05
0.00000000e+00,-3.41344569e-05,-6.82712782e-05,-1.02404977e-04
0.00000000e+00,-3.49902364e-05,-6.99831814e-05,-1.04972570e-04
0.00000000e+00,-3.11335566e-05,-6.22692509e-05,-9.34021156e-05
0.00000000e+00,-3.05830640e-05,-6.11696959e-05,-9.17516197e-05
0.00000000e+00,-3.19756084e-05,-6.39536367e-05,-9.59284679e-05
0.00000000e+00,-3.13526989e-05,-6.27094137e-05,-9.40608628e-05
0.00000000e+00,-2.81484797e-05,-5.63001605e-05,-8.44475969e-05
0.00000000e+00,-2.89044534e-05,-5.78125079e-05,-8.67158132e-05
0.00000000e+00,-2.76901461e-05,-5.53816954e-05,-8.30713824e-05
0.00000000e+00,-3.21115225e-05,-6.42248757e-05,-9.63357447e-05
0.00000000e+00,-2.44352356e-05,-4.88717780e-05,-7.33066293e-05
0.00000000e+00,-2.47768005e-05,-4.95557835e-05,-7.43318291e-05
0.00000000e+00,-2.90553806e-05,-5.81124078e-05,-8.71672025e-05
0.00000000e+00,-2.87622083e-05,-5.75273721e-05,-8.62885911e-05
0.00000000e+00,-2.21512479e-05,-4.43044656e-05,-6.64550413e-05
0.00000000e+00,-2.62854987e-05,-5.25736412e-05,-7.88582503e-05
0.00000000e+00,0.00000000e+00,0.00000000e+00,0.00000000e+00
0.00000000e+00,-1.69681493e-05,-3.39370713e-05,-5.09049933e-05
0.00000000e+00,0.00000000e+00,0.00000000e+00,0.00000000e+00
0.00000000e+00,0.00000000e+00,0.00000000e+00,0.00000000e+00
0.00000000e+00,-1.44415062e-05,-2.88836735e-05,-4.33249667e-05
0.00000000e+00,-1.51693162e-05,-3.03398139e-05,-4.55087603e-05
0.00000000e+00,0.00000000e+00,0.00000000e+00,0.00000000e+00
0.00000000e+00,-1.31288277e-05,-2.62587065e-05,-3.93872173e-05
0.00000000e+00,0.00000000e+00,0.00000000e+00,0.00000000e+00
0.00000000e+00,-3.32400302e-05,-6.64819520e-05,-9.97211775e-05
0.00000000e+00,0.00000000e+00,0.00000000e+00,0.00000000e+00
0.00000000e+00,0.00000000e+00,0.00000000e+00,0.00000000e+00
0.00000000e+00,-2.40432546e-05,-4.80876347e-05,-7.21304992e-05
0.00000000e+00,-3.09072215e-05,-6.18161745e-05,-9.27226313e-05
0.00000000e+00,-2.99215786e-05,-5.98461282e-05,-8.97666462e-05
0.00000000e+00,0.00000000e+00,0.00000000e+00,0.00000000e+00
0.00000000e+00,-2.01049364e-05,-4.02108843e-05,-6.03154639e-05
0.00000000e+00,-2.16194436e-05,-4.32405379e-05,-6.48594322e-05
0.00000000e+00,-2.77414482e-05,-5.54856060e-05,-8.32260483e-05
0.00000000e+00,-1.80185058e-05,-3.60385001e-05,-5.40565005e-05
0.00000000e+00,-3.99523646e-05,-7.99074364e-05,-1.19858583e-04
0.00000000e+00,-3.79543609e-05,-7.59110551e-05,-1.13864331e-04
0.00000000e+00,-3.71338125e-05,-7.42700471e-05,-1.11402691e-04
0.00000000e+00,-3.59610265e-05,-7.19263375e-05,-1.07885700e-04
0.00000000e+00,-3.50273368e-05,-7.00567570e-05,-1.05083066e-04
0.00000000e+00,-3.41531742e-05,-6.83101153e-05,-1.02461867e-04
0.00000000e+00,-3.33526108e-05,-6.67090971e-05,-1.00060141e-04
0.00000000e+00,-3.14563450e-05,-6.29160772e-05,-9.43710773e-05
0.00000000e+00,-4.10826849e-05,-8.21686457e-05,-1.23250186e-04
0.00000000e+00,-4.08544742e-05,-8.17119126e-05,-1.22565109e-04
0.00000000e+00,-3.81586972e-05,-7.63204415e-05,-1.14478082e-04
0.00000000e+00,-3.69771623e-05,-7.39591049e-05,-1.10934583e-04
0.00000000e+00,-3.79338530e-05,-7.58703809e-05,-1.13803020e-04
0.00000000e+00,-3.67707695e-05,-7.35461492e-05,-1.10315178e-04
0.00000000e+00,-3.42757796e-05,-6.85559487e-05,-1.02830170e-04
0.00000000e+00,-3.40746419e-05,-6.81534427e-05,-1.02226460e-04
0.00000000e+00,-3.99522273e-05,-7.99073125e-05,-1.19858630e-04
0.00000000e+00,-4.08542944e-05,-8.17118822e-05,-1.22565182e-04
0.00000000e+00,-3.71336494e-05,-7.42699383e-05,-1.11402753e-04
0.00000000e+00,-3.59608717e-05,-7.19261625e-05,-1.07885670e-04
0.00000000e+00,-3.79336672e-05,-7.58703546e-05,-1.13803110e-04
0.00000000e+00,-3.67705916e-05,-7.35460643e-05,-1.10315180e-04
0.00000000e+00,-3.33524557e-05,-6.67089279e-05,-1.00060128e-04
0.00000000e+00,-3.40744536e-05,-6.81533739e-05,-1.02226481e-04
0.00000000e+00,-3.32400172e-05,-6.64817368e-05,-9.97211659e-05
0.00000000e+00,-3.79542897e-05,-7.59108366e-05,-1.13864318e-04
0.00000000e+00,-3.09071829e-05,-6.18159653e-05,-9.27226277e-05
0.00000000e+00,-2.99215871e-05,-5.98459120e-05,-8.97665737e-05
0.00000000e+00,-3.50272599e-05,-7.00565377e-05,-1.05083059e-04
0.00000000e+00,-3.41531061e-05,-6.83099074e-05,-1.02461796e-04
0.00000000e+00,-2.77414514e-05,-5.54853830e-05,-8.32259785e-05
0.00000000e+00,-3.14562813e-05,-6.29158519e-05,-9.43710191e-05
0.00000000e+00,0.00000000e+00,0.00000000e+00,0.00000000e+00
0.00000000e+00,-2.40432623e-05,-4.80875201e-05,-7.21304990e-05
0.00000000e+00,0.00000000e+00,0.00000000e+00,0.00000000e+00
0.00000000e+00,0.00000000e+00,0.00000000e+00,0.00000000e+00
0.00000000e+00,-2.01049443e-05,-4.02107678e-05,-6.03154531e-05
0.00000000e+00,-2.16194683e-05,-4.32404048e-05,-6.48593980e-05
0.00000000e+00,0.00000000e+00,0.00000000e+00,0.00000000e+00
0.00000000e+00,-1.80185228e-05,-3.60383819e-05,-5.40564722e-05
0.00000000e+00,0.00000000e+00,0.00000000e+00,0.00000000e+00
0.00000000e+00,-1.61736567e-05,-3.23470029e-05,-4.85203703e-05
0.00000000e+00,0.00000000e+00,0.00000000e+00,0.00000000e+00
0.00000000e+00,0.00000000e+00,0.00000000e+00,0.00000000e+00
0.00000000e+00,-9.06444297e-06,-1.81286953e-05,-2.71929801e-05
0.00000000e+00,-1.33436837e-05,-2.66870401e-05,-4.00304353e-05
0.00000000e+00,-1.58916136e-05,-3.17834243e-05,-4.76746045e-05
0.00000000e+00,0.00000000e+00,0.00000000e+00,0.00000000e+00
0.00000000e+00,-7.42004402e-06,-1.48398399e-05,-2.22597043e-05
0.00000000e+00,-8.91161798e-06,-1.78233131e-05,-2.67347002e-05
0.00000000e+00,-1.32198816e-05,-2.64398640e-05,-3.96593257e-05
0.00000000e+00,-7.35656225e-06,-1.47131320e-05,-2.20694665e-05
0.00000000e+00,-2.26577769e-05,-4.53150158e-05,-6.79724063e-05
0.00000000e+00,-2.04906558e-05,-4.09808179e-05,-6.14711068e-05
0.00000000e+00,-1.90631337e-05,-3.81257458e-05,-5.71884947e-05
0.00000000e+00,-2.22361360e-05,-4.44725609e-05,-6.67080873e-05
0.00000000e+00,-1.71060151e-05,-3.42115394e-05,-5.13171888e-05
0.00000000e+00,-2.01184746e-05,-4.02371456e-05,-6.03550670e-05
0.00000000e+00,-1.88530360e-05,-3.77063293e-05,-5.65587836e-05
0.00000000e+00,-1.69295385e-05,-3.38591862e-05,-5.07882002e-05
0.00000000e+00,-2.37540899e-05,-4.75078915e-05,-7.12617310e-05
0.00000000e+00,-2.35246409e-05,-4.70487831e-05,-7.05730731e-05
0.00000000e+00,-2.00835347e-05,-4.01667741e-05,-6.02500401e-05
0.00000000e+00,-2.33063860e-05,-4.66134416e-05,-6.99193390e-05
0.00000000e+00,-1.98659721e-05,-3.97314685e-05,-5.95970911e-05
0.00000000e+00,-2.30826215e-05,-4.61656941e-05,-6.92477386e-05
0.00000000e+00,-1.98531713e-05,-3.97068846e-05,-5.95595768e-05
0.00000000e+00,-1.96402699e-05,-3.92809257e-05,-5.89206423e-05
0.00000000e+00,-2.26575627e-05,-4.53150196e-05,-6.79724874e-05
0.00000000e+00,-2.35244779e-05,-4.70488278e-05,-7.05731393e-05
0.00000000e+00,-1.90629327e-05,-3.81257376e-05,-5.71885651e-05
0.00000000e+00,-2.22359087e-05,-4.44725681e-05,-6.67081670e-05
0.00000000e+00,-1.98658202e-05,-3.97315183e-05,-5.95971596e-05
0.00000000e+00,-2.30824644e-05,-4.61657254e-05,-6.92478022e-05
0.00000000e+00,-1.88528490e-05,-3.77063174e-05,-5.65588512e-05
0.00000000e+00,-1.96401318e-05,-3.92809463e-05,-5.89207009e-05
0.00000000e+00,-1.61734671e-05,-3.23469281e-05,-4.85204110e-05
0.00000000e+00,-2.04904173e-05,-4.09807853e-05,-6.14711655e-05
0.00000000e+00,-1.33435042e-05,-2.66869554e-05,-4.00304624e-05
0.00000000e+00,-1.58914293e-05,-3.17833212e-05,-4.76746246e-05
0.00000000e+00,-1.71057860e-05,-3.42115146e-05,-5.13172427e-05
0.00000000e+00,-2.01182411e-05,-4.02371027e-05,-6.03551109e-05
0.00000000e+00,-1.32196933e-05,-2.64397684e-05,-3.96593475e-05
0.00000000e+00,-1.69293007e-05,-3.38591547e-05,-5.07882333e-05
0.00000000e+00,0.00000000e+00,0.00000000e+00,0.00000000e+00
0.00000000e+00,-9.06435549e-06,-1.81286238e-05,-2.71929871e-05
0.00000000e+00,0.00000000e+00,0.00000000e+00,0.00000000e+00
0.00000000e+00,0.00000000e+00,0.00000000e+00,0.00000000e+00
0.00000000e+00,-7.41993097e-06,-1.48397871e-05,-2.22597241e-05
0.00000000e+00,-8.91154848e-06,-1.78232257e-05,-2.67346967e-05
0.00000000e+00,0.00000000e+00,0.00000000e+00,0.00000000e+00
0.00000000e+00,-7.35647828e-06,-1.47130544e-05,-2.20694647e-05
0.00000000e+00,0.00000000e+00,0.00000000e+00,0.00000000e+00
0.00000000e+00,-2.24265538e-05,-4.48528710e-05,-6.72791418e-05
0.00000000e+00,0.00000000e+00,0.00000000e+00,0.00000000e+00
0.00000000e+00,0.00000000e+00,0.00000000e+00,0.00000000e+00
0.00000000e+00,-1.28958410e-05,-2.57915917e-05,-3.86873058e-05
0.00000000e+00,-1.91892088e-05,-3.83781492e-05,-5.75670714e-05
0.00000000e+00,-2.17666334e-05,-4.35337002e-05,-6.52998781e-05
0.00000000e+00,0.00000000e+00,0.00000000e+00,0.00000000e+00
0.00000000e+00,-1.08678813e-05,-2.17356217e-05,-3.26033654e-05
0.00000000e+00,-1.25104598e-05,-2.50211561e-05,-3.75313854e-05
0.00000000e+00,-1.87304317e-05,-3.74611730e-05,-5.61911574e-05
0.00000000e+00,-1.06107131e-05,-2.12215888e-05,-3.18320712e-05
0.00000000e+00,-2.97705895e-05,-5.95405722e-05,-8.93107716e-05
0.00000000e+00,-2.74482583e-05,-5.48960435e-05,-8.23439335e-05
0.00000000e+00,-2.62337012e-05,-5.24668302e-05,-7.87001408e-05
0.00000000e+00,-2.89327298e-05,-5.78659023e-05,-8.67979578e-05
0.00000000e+00,-2.39430155e-05,-4.78855365e-05,-7.18281865e-05
0.00000000e+00,-2.66642699e-05,-5.33289555e-05,-7.99926235e-05
0.00000000e+00,-2.56020277e-05,-5.12043983e-05,-7.68057867e-05
0.00000000e+00,-2.33677242e-05,-4.67357534e-05,-7.01028975e-05
0.00000000e+00,-3.09119814e-05,-6.18236979e-05,-9.27354531e-05
0.00000000e+00,-3.06825487e-05,-6.13645919e-05,-9.20467997e-05
0.00000000e+00,-2.73658185e-05,-5.47313494e-05,-8.20969293e-05
0.00000000e+00,-3.00483531e-05,-6.00976418e-05,-9.01454787e-05
0.00000000e+00,-2.71332574e-05,-5.42660044e-05,-8.13989156e-05
0.00000000e+00,-2.98243521e-05,-5.96493678e-05,-8.94730889e-05
0.00000000e+00,-2.67068193e-05,-5.34144343e-05,-8.01207594e-05
0.00000000e+00,-2.64798647e-05,-5.29602637e-05,-7.94395220e-05
0.00000000e+00,-2.97703443e-05,-5.95406044e-05,-8.93108700e-05
0.00000000e+00,-3.06823726e-05,-6.13646362e-05,-9.20468687e-05
0.00000000e+00,-2.62334680e-05,-5.24668521e-05,-7.87002335e-05
0.00000000e+00,-2.89324746e-05,-5.78659130e-05,-8.67980408e-05
0.00000000e+00,-2.71330829e-05,-5.42660513e-05,-8.13989846e-05
0.00000000e+00,-2.98241875e-05,-5.96493987e-05,-8.94731532e-05
0.00000000e+00,-2.56017771e-05,-5.12044076e-05,-7.68058718e-05
0.00000000e+00,-2.64796973e-05,-5.29603009e-05,-7.94395888e-05
0.00000000e+00,-2.24263842e-05,-4.48527660e-05,-6.72791842e-05
0.00000000e+00,-2.74480066e-05,-5.48960091e-05,-8.23440090e-05
0.00000000e+00,-1.91890181e-05,-3.83780735e-05,-5.75671175e-05
0.00000000e+00,-2.17664937e-05,-4.35335609e-05,-6.52998860e-05
0.00000000e+00,-2.39427677e-05,-4.78855033e-05,-7.18282531e-05
0.00000000e+00,-2.66640495e-05,-5.33288827e-05,-7.99926668e-05
0.00000000e+00,-1.87302472e-05,-3.74610653e-05,-5.61911841e-05
0.00000000e+00,-2.33674999e-05,-4.67356951e-05,-7.01029462e-05
0.00000000e+00,0.00000000e+00,0.00000000e+00,0.00000000e+00
0.00000000e+00,-1.28957949e-05,-2.57914959e-05,-3.86872959e-05
0.00000000e+00,0.00000000e+00,0.00000000e+00,0.00000000e+00
0.00000000e+00,0.00000000e+00,0.00000000e+00,0.00000000e+00
0.00000000e+00,-1.08678157e-05,-2.17355332e-05,-3.26033619e-05
0.00000000e+00,-1.25104118e-05,-2.50210494e-05,-3.75313685e-05
0.00000000e+00,0.00000000e+00,0.00000000e+00,0.00000000e+00
0.00000000e+00,-1.06106606e-05,-2.12214944e-05,-3.18320611e-05
0.00000000e+00,0.00000000e+00,0.00000000e+00,0.00000000e+00
0.00000000e+00,-2.96014197e-05,-5.92026743e-05,-8.88038220e-05
0.00000000e+00,0.00000000e+00,0.00000000e+00,0.00000000e+00
0.00000000e+00,0.00000000e+00,0.00000000e+00,0.00000000e+00
0.00000000e+00,-1.80355158e-05,-3.60709886e-05,-5.41063864e-05
0.00000000e+00,-2.59172802e-05,-5.18343606e-05,-7.77513618e-05
0.00000000e+00,-2.84573938e-05,-5.69154583e-05,-8.53723696e-05
0.00000000e+00,0.00000000e+00,0.00000000e+00,0.00000000e+00
0.00000000e+00,-1.52347326e-05,-3.04694106e-05,-4.57040260e-05
0.00000000e+00,-1.72427224e-05,-3.44858223e-05,-5.17283154e-05
0.00000000e+00,-2.50267452e-05,-5.00540470e-05,-7.50803235e-05
0.00000000e+00,-1.46817572e-05,-2.93638203e-05,-4.40453469e-05
0.00000000e+00,-3.66517579e-05,-7.33028722e-05,-1.09954250e-04
0.00000000e+00,-3.44552626e-05,-6.89100866e-05,-1.03364986e-04
0.00000000e+00,-3.32489633e-05,-6.64972938e-05,-9.97458709e-05
0.00000000e+00,-3.54229586e-05,-7.08465601e-05,-1.06268784e-04
0.00000000e+00,-3.09745570e-05,-6.19486583e-05,-9.29228476e-05
0.00000000e+00,-3.32685034e-05,-6.65376756e-05,-9.98055351e-05
0.00000000e+00,-3.22134836e-05,-6.44275023e-05,-9.66402795e-05
0.00000000e+00,-2.99816054e-05,-5.99637414e-05,-8.99447238e-05
0.00000000e+00,-3.77866715e-05,-7.55731359e-05,-1.13359609e-04
0.00000000e+00,-3.75845197e-05,-7.51685587e-05,-1.12752758e-04
0.00000000e+00,-3.43891106e-05,-6.87779862e-05,-1.03166887e-04
0.00000000e+00,-3.65388451e-05,-7.30789603e-05,-1.09617240e-04
0.00000000e+00,-3.41647922e-05,-6.83290859e-05,-1.02493547e-04
0.00000000e+00,-3.63402300e-05,-7.26813978e-05,-1.09020938e-04
0.00000000e+00,-3.33297847e-05,-6.66606522e-05,-9.99898958e-05
0.00000000e+00,-3.31089181e-05,-6.62186393e-05,-9.93268999e-05
0.00000000e+00,-3.66515208e-05,-7.33029218e-05,-1.09954354e-04
0.00000000e+00,-3.75843408e-05,-7.51686093e-05,-1.12752823e-04
0.00000000e+00,-3.32487158e-05,-6.64973366e-05,-9.97459744e-05
0.00000000e+00,-3.54227179e-05,-7.08465730e-05,-1.06268875e-04
0.00000000e+00,-3.41646137e-05,-6.83291347e-05,-1.02493613e-04
0.00000000e+00,-3.63400607e-05,-7.26814355e-05,-1.09021014e-04
0.00000000e+00,-3.22132324e-05,-6.44275122e-05,-9.66403652e-05
0.00000000e+00,-3.31087544e-05,-6.62186688e-05,-9.93269708e-05
0.00000000e+00,-2.96012900e-05,-5.92025338e-05,-8.88038582e-05
0.00000000e+00,-3.44550080e-05,-6.89100517e-05,-1.03365074e-04
0.00000000e+00,-2.59171311e-05,-5.18342342e-05,-7.77513986e-05
0.00000000e+00,-2.84573065e-05,-5.69152676e-05,-8.53723590e-05
0.00000000e+00,-3.09743013e-05,-6.19486220e-05,-9.29229329e-05
0.00000000e+00,-3.32683263e-05,-6.65375699e-05,-9.98055768e-05
0.00000000e+00,-2.50266471e-05,-5.00538678e-05,-7.50803189e-05
0.00000000e+00,-2.99813906e-05,-5.99636595e-05,-8.99447654e-05
0.00000000e+00,0.00000000e+00,0.00000000e+00,0.00000000e+00
0.00000000e+00,-1.80354875e-05,-3.60708860e-05,-5.41063741e-05
0.00000000e+00,0.00000000e+00,0.00000000e+00,0.00000000e+00
0.00000000e+00,0.00000000e+00,0.00000000e+00,0.00000000e+00
0.00000000e+00,-1.52347036e-05,-3.04693035e-05,-4.57040077e-05
0.00000000e+00,-1.72427030e-05,-3.44856937e-05,-5.17282885e-05
0.00000000e+00,0.00000000e+00,0.00000000e+00,0.00000000e+00
0.00000000e+00,-1.46817207e-05,-2.93636987e-05,-4.40453255e-05
0.00000000e+00,0.00000000e+00,0.00000000e+00,0.00000000e+00
0.00000000e+00,-3.59692306e-05,-7.19383216e-05,-1.07907288e-04
0.00000000e+00,0.00000000e+00,0.00000000e+00,0.00000000e+00
0.00000000e+00,0.00000000e+00,0.00000000e+00,0.00000000e+00
0.00000000e+00,-2.60163597e-05,-5.20326611e-05,-7.80488902e-05
0.00000000e+00,-3.32963996e-05,-6.65926670e-05,-9.98887967e-05
0.00000000e+00,-3.52754807e-05,-7.05518679e-05,-1.05826824e-04
0.00000000e+00,0.00000000e+00,0.00000000e+00,0.00000000e+00
0.00000000e+00,-2.15428338e-05,-4.30856228e-05,-6.46283348e-05
0.00000000e+00,-2.54877202e-05,-5.09759509e-05,-7.64634080e-05
0.00000000e+00,-3.23878170e-05,-6.47764405e-05,-9.71637515e-05
0.00000000e+00,-2.08278156e-05,-4.16560778e-05,-6.24836549e-05
0.00000000e+00,-4.32423624e-05,-8.64840914e-05,-1.29726096e-04
0.00000000e+00,-4.10864798e-05,-8.21725506e-05,-1.23258681e-04
0.00000000e+00,-4.00499084e-05,-8.00991539e-05,-1.20148690e-04
0.00000000e+00,-4.24136759e-05,-8.48283206e-05,-1.27241196e-04
0.00000000e+00,-3.77712385e-05,-7.55420643e-05,-1.13312945e-04
0.00000000e+00,-4.02955650e-05,-8.05921179e-05,-1.20886987e-04
0.00000000e+00,-3.90239477e-05,-7.80486817e-05,-1.17071858e-04
0.00000000e+00,-3.67916331e-05,-7.35840916e-05,-1.10375056e-04
0.00000000e+00,-4.44680189e-05,-8.89358559e-05,-1.33403693e-04
0.00000000e+00,-4.42221142e-05,-8.84437713e-05,-1.32665589e-04
0.00000000e+00,-4.11604881e-05,-8.23207936e-05,-1.23481094e-04
0.00000000e+00,-4.36170519e-05,-8.72357450e-05,-1.30852155e-04
0.00000000e+00,-4.09188832e-05,-8.18373156e-05,-1.22755892e-04
0.00000000e+00,-4.33763793e-05,-8.67540378e-05,-1.30129640e-04
0.00000000e+00,-4.01137400e-05,-8.02289746e-05,-1.20342120e-04
0.00000000e+00,-3.98797690e-05,-7.97606256e-05,-1.19639659e-04
0.00000000e+00,-4.32421624e-05,-8.64841426e-05,-1.29726195e-04
0.00000000e+00,-4.42219386e-05,-8.84438241e-05,-1.32665649e-04
0.00000000e+00,-4.00496749e-05,-8.00992209e-05,-1.20148798e-04
0.00000000e+00,-4.24134580e-05,-8.48283279e-05,-1.27241282e-04
0.00000000e+00,-4.09187082e-05,-8.18373659e-05,-1.22755952e-04
0.00000000e+00,-4.33762134e-05,-8.67540718e-05,-1.30129710e-04
0.00000000e+00,-3.90237227e-05,-7.80486952e-05,-1.17071951e-04
0.00000000e+00,-3.98795865e-05,-7.97606733e-05,-1.19639740e-04
0.00000000e+00,-3.59690998e-05,-7.19381868e-05,-1.07907329e-04
0.00000000e+00,-4.10862464e-05,-8.21725080e-05,-1.23258768e-04
0.00000000e+00,-3.32962645e-05,-6.65925292e-05,-9.98888441e-05
0.00000000e+00,-3.52754280e-05,-7.05516653e-05,-1.05826811e-04
0.00000000e+00,-3.77709909e-05,-7.55420261e-05,-1.13313034e-04
0.00000000e+00,-4.02954377e-05,-8.05919962e-05,-1.20887021e-04
0.00000000e+00,-3.23877547e-05,-6.47762263e-05,-9.71637333e-05
0.00000000e+00,-3.67914883e-05,-7.35839707e-05,-1.10375096e-04
0.00000000e+00,0.00000000e+00,0.00000000e+00,0.00000000e+00
0.00000000e+00,-2.60163295e-05,-5.20325689e-05,-7.80488827e-05
0.00000000e+00,0.00000000e+00,0.00000000e+00,0.00000000e+00
0.00000000e+00,0.00000000e+00,0.00000000e+00,0.00000000e+00
0.00000000e+00,-2.15428074e-05,-4.30855225e-05,-6.46283223e-05
0.00000000e+00,-2.54877251e-05,-5.09758077e-05,-7.64633794e-05
0.00000000e+00,0.00000000e+00,0.00000000e+00,0.00000000e+00
0.00000000e+00,-2.08278122e-05,-4.16559412e-05,-6.24836269e-05
0.00000000e+00,0.00000000e+00,0.00000000e+00,0.00000000e+00
0.00000000e+00,-1.57077517e-05,-3.14141973e-05,-4.71219135e-05
0.00000000e+00,0.00000000e+00,0.00000000e+00,0.00000000e+00
0.00000000e+00,0.00000000e+00,0.00000000e+00,0.00000000e+00
0.00000000e+00,-8.83535199e-06,-1.76700286e-05,-2.65053641e-05
0.00000000e+00,-1.31586949e-05,-2.63162214e-05,-3.94748599e-05
0.00000000e+00,-1.58919507e-05,-3.17831007e-05,-4.76748869e-05
0.00000000e+00,0.00000000e+00,0.00000000e+00,0.00000000e+00
0.00000000e+00,-7.34046320e-06,-1.46802863e-05,-2.20207097e-05
0.00000000e+00,-8.91178833e-06,-1.78231486e-05,-2.67348521e-05
0.00000000e+00,-1.32201721e-05,-2.64395899e-05,-3.96595795e-05
0.00000000e+00,-7.35671245e-06,-1.47129934e-05,-2.20695988e-05
0.00000000e+00,-2.18143515e-05,-4.36263411e-05,-6.54406771e-05
0.00000000e+00,-1.97934339e-05,-3.95849585e-05,-5.93783457e-05
0.00000000e+00,-1.86455813e-05,-3.72890853e-05,-5.59346127e-05
0.00000000e+00,-2.22367128e-05,-4.44720356e-05,-6.67085594e-05
0.00000000e+00,-1.67865045e-05,-3.35713046e-05,-5.03577328e-05
0.00000000e+00,-2.01189421e-05,-4.02367138e-05,-6.03554504e-05
0.00000000e+00,-1.88535433e-05,-3.77058645e-05,-5.65592013e-05
0.00000000e+00,-1.69299462e-05,-3.38588116e-05,-5.07885339e-05
0.00000000e+00,-2.28265847e-05,-4.56508181e-05,-6.84775837e-05
0.00000000e+00,-2.26162096e-05,-4.52299348e-05,-6.78462117e-05
0.00000000e+00,-1.96017592e-05,-3.92014323e-05,-5.88033145e-05
0.00000000e+00,-2.33070581e-05,-4.66128594e-05,-6.99198810e-05
0.00000000e+00,-1.93994808e-05,-3.87967922e-05,-5.81962928e-05
0.00000000e+00,-2.30832704e-05,-4.61651238e-05,-6.92482644e-05
0.00000000e+00,-1.98537541e-05,-3.97063734e-05,-5.95600568e-05
0.00000000e+00,-1.96408431e-05,-3.92804165e-05,-5.89210984e-05
0.00000000e+00,-2.18140749e-05,-4.36263749e-05,-6.54407571e-05
0.00000000e+00,-2.26160277e-05,-4.52299724e-05,-6.78462654e-05
0.00000000e+00,-1.86453308e-05,-3.72891100e-05,-5.59346911e-05
0.00000000e+00,-2.22364815e-05,-4.44720647e-05,-6.67086470e-05
0.00000000e+00,-1.93993063e-05,-3.87968391e-05,-5.81963513e-05
0.00000000e+00,-2.30831055e-05,-4.61651691e-05,-6.92483241e-05
0.00000000e+00,-1.88533443e-05,-3.77058770e-05,-5.65592797e-05
0.00000000e+00,-1.96406884e-05,-3.92804617e-05,-5.89211606e-05
0.00000000e+00,-1.57075968e-05,-3.14141114e-05,-4.71219406e-05
0.00000000e+00,-1.97932215e-05,-3.95849088e-05,-5.93784049e-05
0.00000000e+00,-1.31585635e-05,-2.63161308e-05,-3.94748837e-05
0.00000000e+00,-1.58917690e-05,-3.17830272e-05,-4.76749337e-05
0.00000000e+00,-1.67863012e-05,-3.35712780e-05,-5.03578025e-05
0.00000000e+00,-2.01187086e-05,-4.02366842e-05,-6.03555210e-05
0.00000000e+00,-1.32199836e-05,-2.64395141e-05,-3.96596250e-05
0.00000000e+00,-1.69297224e-05,-3.38587973e-05,-5.07886036e-05
0.00000000e+00,0.00000000e+00,0.00000000e+00,0.00000000e+00
0.00000000e+00,-8.83526692e-06,-1.76699960e-05,-2.65053791e-05
0.00000000e+00,0.00000000e+00,0.00000000e+00,0.00000000e+00
0.00000000e+00,0.00000000e+00,0.00000000e+00,0.00000000e+00
0.00000000e+00,-7.34037917e-06,-1.46802528e-05,-2.20207245e-05
0.00000000e+00,-8.91171021e-06,-1.78230949e-05,-2.67348618e-05
0.00000000e+00,0.00000000e+00,0.00000000e+00,0.00000000e+00
0.00000000e+00,-7.35663058e-06,-1.47129399e-05,-2.20696084e-05
0.00000000e+00,0.00000000e+00,0.00000000e+00,0.00000000e+00
0.00000000e+00,-2.13243768e-05,-4.26471842e-05,-6.39715967e-05
0.00000000e+00,0.00000000e+00,0.00000000e+00,0.00000000e+00
0.00000000e+00,0.00000000e+00,0.00000000e+00,0.00000000e+00
0.00000000e+00,-1.23202280e-05,-2.46396949e-05,-3.69599579e-05
0.00000000e+00,-1.84212992e-05,-3.68411670e-05,-5.52624636e-05
0.00000000e+00,-2.17670849e-05,-4.35332582e-05,-6.53002184e-05
0.00000000e+00,0.00000000e+00,0.00000000e+00,0.00000000e+00
0.00000000e+00,-1.04764733e-05,-2.09522360e-05,-3.14287172e-05
0.00000000e+00,-1.25106814e-05,-2.50209268e-05,-3.75315677e-05
0.00000000e+00,-1.87308227e-05,-3.74607915e-05,-5.61914667e-05
0.00000000e+00,-1.06109096e-05,-2.12213928e-05,-3.18322411e-05
0.00000000e+00,-2.80745817e-05,-5.61462664e-05,-8.42209220e-05
0.00000000e+00,-2.59519054e-05,-5.19014818e-05,-7.78534117e-05
0.00000000e+00,-2.49626946e-05,-4.99227499e-05,-7.48854670e-05
0.00000000e+00,-2.89334648e-05,-5.78652250e-05,-8.67985514e-05
0.00000000e+00,-2.28539736e-05,-4.57058267e-05,-6.85597877e-05
0.00000000e+00,-2.66648787e-05,-5.33283890e-05,-7.99931033e-05
0.00000000e+00,-2.56026775e-05,-5.12038040e-05,-7.68063149e-05
0.00000000e+00,-2.33682616e-05,-4.67352569e-05,-7.01033316e-05
0.00000000e+00,-2.91202076e-05,-5.82375254e-05,-8.73580573e-05
0.00000000e+00,-2.89110675e-05,-5.78190668e-05,-8.67303219e-05
0.00000000e+00,-2.60009012e-05,-5.19991864e-05,-7.80003335e-05
0.00000000e+00,-3.00492170e-05,-6.00968983e-05,-9.01461533e-05
0.00000000e+00,-2.57888804e-05,-5.15749763e-05,-7.73639777e-05
0.00000000e+00,-2.98251903e-05,-5.96486368e-05,-8.94737606e-05
0.00000000e+00,-2.67075834e-05,-5.34137802e-05,-8.01213600e-05
0.00000000e+00,-2.64806049e-05,-5.29596204e-05,-7.94401248e-05
0.00000000e+00,-2.80742841e-05,-5.61462974e-05,-8.42210120e-05
0.00000000e+00,-2.89108581e-05,-5.78191098e-05,-8.67303747e-05
0.00000000e+00,-2.49623946e-05,-4.99227880e-05,-7.48855512e-05
0.00000000e+00,-2.89332089e-05,-5.78652645e-05,-8.67986442e-05
0.00000000e+00,-2.57886820e-05,-5.15750140e-05,-7.73640322e-05
0.00000000e+00,-2.98250112e-05,-5.96486724e-05,-8.94738097e-05
0.00000000e+00,-2.56024332e-05,-5.12038406e-05,-7.68064047e-05
0.00000000e+00,-2.64804304e-05,-5.29596606e-05,-7.94401790e-05
0.00000000e+00,-2.13242569e-05,-4.26470839e-05,-6.39716268e-05
0.00000000e+00,-2.59516722e-05,-5.19014307e-05,-7.78534761e-05
0.00000000e+00,-1.84211560e-05,-3.68410673e-05,-5.52624863e-05
0.00000000e+00,-2.17669162e-05,-4.35331838e-05,-6.53002666e-05
0.00000000e+00,-2.28537540e-05,-4.57057665e-05,-6.85598393e-05
0.00000000e+00,-2.66646485e-05,-5.33283383e-05,-7.99931818e-05
0.00000000e+00,-1.87306316e-05,-3.74607315e-05,-5.61915203e-05
0.00000000e+00,-2.33680220e-05,-4.67352127e-05,-7.01034047e-05
0.00000000e+00,0.00000000e+00,0.00000000e+00,0.00000000e+00
0.00000000e+00,-1.23201683e-05,-2.46396502e-05,-3.69599686e-05
0.00000000e+00,0.00000000e+00,0.00000000e+00,0.00000000e+00
0.00000000e+00,0.00000000e+00,0.00000000e+00,0.00000000e+00
0.00000000e+00,-1.04763966e-05,-2.09521956e-05,-3.14287307e-05
0.00000000e+00,-1.25106276e-05,-2.50208652e-05,-3.75315734e-05
0.00000000e+00,0.00000000e+00,0.00000000e+00,0.00000000e+00
0.00000000e+00,-1.06108425e-05,-2.12213340e-05,-3.18322485e-05
0.00000000e+00,0.00000000e+00,0.00000000e+00,0.00000000e+00
0.00000000e+00,-2.76913508e-05,-5.53808167e-05,-8.30722724e-05
0.00000000e+00,0.00000000e+00,0.00000000e+00,0.00000000e+00
0.00000000e+00,0.00000000e+00,0.00000000e+00,0.00000000e+00
0.00000000e+00,-1.69687639e-05,-3.39365988e-05,-5.09054484e-05
0.00000000e+00,-2.44363601e-05,-4.88710014e-05,-7.33074323e-05
0.00000000e+00,-2.84579693e-05,-5.69148938e-05,-8.53727821e-05
0.00000000e+00,0.00000000e+00,0.00000000e+00,0.00000000e+00
0.00000000e+00,-1.44420497e-05,-2.88832695e-05,-4.33253812e-05
0.00000000e+00,-1.72430063e-05,-3.44855295e-05,-5.17285288e-05
0.00000000e+00,-2.50272572e-05,-5.00535423e-05,-7.50806944e-05
0.00000000e+00,-1.46820038e-05,-2.93635592e-05,-4.40455425e-05
0.00000000e+00,-3.41365354e-05,-6.82696563e-05,-1.02406398e-04
0.00000000e+00,-3.21132060e-05,-6.42236333e-05,-9.63369518e-05
0.00000000e+00,-3.11354641e-05,-6.22677815e-05,-9.34033777e-05
0.00000000e+00,-3.54238648e-05,-7.08457236e-05,-1.06269509e-04
0.00000000e+00,-2.90569248e-05,-5.81113035e-05,-8.71682945e-05
0.00000000e+00,-3.32692762e-05,-6.65369541e-05,-9.98061216e-05
0.00000000e+00,-3.22142970e-05,-6.44267471e-05,-9.66409341e-05
0.00000000e+00,-2.99822855e-05,-5.99631060e-05,-8.99452500e-05
0.00000000e+00,-3.51790869e-05,-7.03547613e-05,-1.05534338e-04
0.00000000e+00,-3.49924890e-05,-6.99813387e-05,-1.04974179e-04
0.00000000e+00,-3.21817794e-05,-6.43604446e-05,-9.65426359e-05
0.00000000e+00,-3.65399136e-05,-7.30780341e-05,-1.09618084e-04
0.00000000e+00,-3.19776630e-05,-6.39519818e-05,-9.59299114e-05
0.00000000e+00,-3.63412551e-05,-7.26804900e-05,-1.09021764e-04
0.00000000e+00,-3.33307427e-05,-6.66598225e-05,-9.99906453e-05
0.00000000e+00,-3.31098497e-05,-6.62178221e-05,-9.93276444e-05
0.00000000e+00,-3.41362631e-05,-6.82696709e-05,-1.02406494e-04
0.00000000e+00,-3.49922638e-05,-6.99814174e-05,-1.04974237e-04
0.00000000e+00,-3.11351644e-05,-6.22678116e-05,-9.34034782e-05
0.00000000e+00,-3.54235956e-05,-7.08457771e-05,-1.06269614e-04
0.00000000e+00,-3.19774531e-05,-6.39520349e-05,-9.59299649e-05
0.00000000e+00,-3.63410803e-05,-7.26805309e-05,-1.09021820e-04
0.00000000e+00,-3.22140340e-05,-6.44267916e-05,-9.66410315e-05
0.00000000e+00,-3.31096663e-05,-6.62178590e-05,-9.93276918e-05
0.00000000e+00,-2.76912529e-05,-5.53807340e-05,-8.30723171e-05
0.00000000e+00,-3.21129544e-05,-6.42235983e-05,-9.63370551e-05
0.00000000e+00,-2.44362477e-05,-4.88709142e-05,-7.33074774e-05
0.00000000e+00,-2.84578205e-05,-5.69148100e-05,-8.53728340e-05
0.00000000e+00,-2.90566814e-05,-5.81112596e-05,-8.71683776e-05
0.00000000e+00,-3.32690426e-05,-6.65369204e-05,-9.98062150e-05
0.00000000e+00,-2.50271141e-05,-5.00534498e-05,-7.50807381e-05
0.00000000e+00,-2.99820584e-05,-5.99630592e-05,-8.99453400e-05
0.00000000e+00,0.00000000e+00,0.00000000e+00,0.00000000e+00
0.00000000e+00,-1.69687424e-05,-3.39365596e-05,-5.09054599e-05
0.00000000e+00,0.00000000e+00,0.00000000e+00,0.00000000e+00
0.00000000e+00,0.00000000e+00,0.00000000e+00,0.00000000e+00
0.00000000e+00,-1.44420111e-05,-2.88832249e-05,-4.33253905e-05
0.00000000e+00,-1.72429757e-05,-3.44854738e-05,-5.17285307e-05
0.00000000e+00,0.00000000e+00,0.00000000e+00,0.00000000e+00
0.00000000e+00,-1.46819633e-05,-2.93634987e-05,-4.40455454e-05
0.00000000e+00,0.00000000e+00,0.00000000e+00,0.00000000e+00
0.00000000e+00,-3.32414346e-05,-6.64806194e-05,-9.97222273e-05
0.00000000e+00,0.00000000e+00,0.00000000e+00,0.00000000e+00
0.00000000e+00,0.00000000e+00,0.00000000e+00,0.00000000e+00
0.00000000e+00,-2.40440358e-05,-4.80868941e-05,-7.21310384e-05
0.00000000e+00,-3.09085071e-05,-6.18149473e-05,-9.27235907e-05
0.00000000e+00,-3.52762027e-05,-7.05511691e-05,-1.05827340e-04
0.00000000e+00,0.00000000e+00,0.00000000e+00,0.00000000e+00
0.00000000e+00,-2.01056307e-05,-4.02102223e-05,-6.03159586e-05
0.00000000e+00,-2.54881021e-05,-5.09755730e-05,-7.64636733e-05
0.00000000e+00,-3.23884713e-05,-6.47758020e-05,-9.71642160e-05
0.00000000e+00,-2.08281444e-05,-4.16557467e-05,-6.24838926e-05
0.00000000e+00,-3.99546441e-05,-7.99053822e-05,-1.19860387e-04
0.00000000e+00,-3.79562732e-05,-7.59093002e-05,-1.13865796e-04
0.00000000e+00,-3.71359174e-05,-7.42681442e-05,-1.11404343e-04
0.00000000e+00,-4.24148047e-05,-8.48272856e-05,-1.27242097e-04
0.00000000e+00,-3.50290844e-05,-7.00551513e-05,-1.05084396e-04
0.00000000e+00,-4.02965444e-05,-8.05912086e-05,-1.20887716e-04
0.00000000e+00,-3.90249683e-05,-7.80477421e-05,-1.17072670e-04
0.00000000e+00,-3.67925133e-05,-7.35832724e-05,-1.10375710e-04
0.00000000e+00,-4.10852239e-05,-8.21664229e-05,-1.23252287e-04
0.00000000e+00,-4.08569743e-05,-8.17096824e-05,-1.22567160e-04
0.00000000e+00,-3.81610542e-05,-7.63183847e-05,-1.14480011e-04
0.00000000e+00,-4.36183729e-05,-8.72346044e-05,-1.30853216e-04
0.00000000e+00,-3.79361349e-05,-7.58683260e-05,-1.13804892e-04
0.00000000e+00,-4.33776252e-05,-8.67529176e-05,-1.30130665e-04
0.00000000e+00,-4.01149542e-05,-8.02279281e-05,-1.20343074e-04
0.00000000e+00,-3.98808960e-05,-7.97596141e-05,-1.19640581e-04
0.00000000e+00,-3.99543968e-05,-7.99053955e-05,-1.19860470e-04
0.00000000e+00,-4.08567327e-05,-8.17097777e-05,-1.22567222e-04
0.00000000e+00,-3.71356514e-05,-7.42681573e-05,-1.11404439e-04
0.00000000e+00,-4.24145524e-05,-8.48273430e-05,-1.27242199e-04
0.00000000e+00,-3.79359018e-05,-7.58684224e-05,-1.13804957e-04
0.00000000e+00,-4.33774682e-05,-8.67529680e-05,-1.30130729e-04
0.00000000e+00,-3.90247103e-05,-7.80477984e-05,-1.17072776e-04
0.00000000e+00,-3.98807264e-05,-7.97596659e-05,-1.19640648e-04
0.00000000e+00,-3.32413344e-05,-6.64805657e-05,-9.97222738e-05
0.00000000e+00,-3.79560260e-05,-7.59092786e-05,-1.13865907e-04
0.00000000e+00,-3.09084157e-05,-6.18148762e-05,-9.27236404e-05
0.00000000e+00,-3.52760417e-05,-7.05511135e-05,-1.05827397e-04
0.00000000e+00,-3.50288270e-05,-7.00551227e-05,-1.05084509e-04
0.00000000e+00,-4.02963097e-05,-8.05911897e-05,-1.20887806e-04
0.00000000e+00,-3.23883111e-05,-6.47757298e-05,-9.71642718e-05
0.00000000e+00,-3.67922662e-05,-7.35832514e-05,-1.10375805e-04
0.00000000e+00,0.00000000e+00,0.00000000e+00,0.00000000e+00
0.00000000e+00,-2.40440200e-05,-4.80868543e-05,-7.21310520e-05
0.00000000e+00,0.00000000e+00,0.00000000e+00,0.00000000e+00
0.00000000e+00,0.00000000e+00,0.00000000e+00,0.00000000e+00
0.00000000e+00,-2.01056203e-05,-4.02101828e-05,-6.03159688e-05
0.00000000e+00,-2.54880762e-05,-5.09755264e-05,-7.64636767e-05
0.00000000e+00,0.00000000e+00,0.00000000e+00,0.00000000e+00
0.00000000e+00,-2.08281215e-05,-4.16556988e-05,-6.24838945e-05
0.00000000e+00,0.00000000e+00,0.00000000e+00,0.00000000e+00
0.00000000e+00,-1.43297210e-05,-2.86569988e-05,-4.29869480e-05
0.00000000e+00,0.00000000e+00,0.00000000e+00,0.00000000e+00
0.00000000e+00,0.00000000e+00,0.00000000e+00,0.00000000e+00
0.00000000e+00,-8.15400193e-06,-1.63067773e-05,-2.44609046e-05
0.00000000e+00,-1.26202323e-05,-2.52382477e-05,-3.78586375e-05
0.00000000e+00,-1.49833914e-05,-2.99649356e-05,-4.49484099e-05
0.00000000e+00,0.00000000e+00,0.00000000e+00,0.00000000e+00
0.00000000e+00,-7.11290990e-06,-1.42246787e-05,-2.13376772e-05
0.00000000e+00,-8.46422542e-06,-1.69275092e-05,-2.53917799e-05
0.00000000e+00,-1.28630292e-05,-2.57243757e-05,-3.85874443e-05
0.00000000e+00,-7.20466837e-06,-1.44084543e-05,-2.16131382e-05
0.00000000e+00,-1.94007823e-05,-3.87973175e-05,-5.81984994e-05
0.00000000e+00,-1.77662325e-05,-3.55290079e-05,-5.32955523e-05
0.00000000e+00,-1.74439961e-05,-3.48841943e-05,-5.23285031e-05
0.00000000e+00,-2.06110502e-05,-4.12187976e-05,-6.18299988e-05
0.00000000e+00,-1.58553933e-05,-3.17076683e-05,-4.75633027e-05
0.00000000e+00,-1.87676371e-05,-3.75326044e-05,-5.63003566e-05
0.00000000e+00,-1.80469192e-05,-3.60908845e-05,-5.41379087e-05
0.00000000e+00,-1.63107705e-05,-3.26191430e-05,-4.89299860e-05
0.00000000e+00,-2.02056731e-05,-4.04066200e-05,-6.06129266e-05
0.00000000e+00,-2.00413643e-05,-4.00779865e-05,-6.01198348e-05
0.00000000e+00,-1.82366241e-05,-3.64690143e-05,-5.47061345e-05
0.00000000e+00,-2.15271002e-05,-4.30506850e-05,-6.45781584e-05
0.00000000e+00,-1.80724227e-05,-3.61405917e-05,-5.42133922e-05
0.00000000e+00,-2.13380821e-05,-4.26725539e-05,-6.40108843e-05
0.00000000e+00,-1.89276756e-05,-3.78522235e-05,-5.67801890e-05
0.00000000e+00,-1.87429995e-05,-3.74827683e-05,-5.62259446e-05
0.00000000e+00,-1.94005722e-05,-3.87972910e-05,-5.81985243e-05
0.00000000e+00,-2.00411920e-05,-4.00779793e-05,-6.01198653e-05
0.00000000e+00,-1.74438037e-05,-3.48841580e-05,-5.23285267e-05
0.00000000e+00,-2.06108017e-05,-4.12187895e-05,-6.18300505e-05
0.00000000e+00,-1.80722751e-05,-3.61405701e-05,-5.42134235e-05
0.00000000e+00,-2.13379003e-05,-4.26725585e-05,-6.40109228e-05
0.00000000e+00,-1.80466840e-05,-3.60908803e-05,-5.41379622e-05
0.00000000e+00,-1.87428357e-05,-3.74827693e-05,-5.62259830e-05
0.00000000e+00,-1.43295841e-05,-2.86569713e-05,-4.29869652e-05
0.00000000e+00,-1.77660337e-05,-3.55289900e-05,-5.32955755e-05
0.00000000e+00,-1.26200498e-05,-2.52382309e-05,-3.78586546e-05
0.00000000e+00,-1.49832431e-05,-2.99648692e-05,-4.49484156e-05
0.00000000e+00,-1.58552006e-05,-3.17076314e-05,-4.75633207e-05
0.00000000e+00,-1.87674435e-05,-3.75325472e-05,-5.63003813e-05
0.00000000e+00,-1.28628540e-05,-2.57243272e-05,-3.85874587e-05
0.00000000e+00,-1.63105944e-05,-3.26190858e-05,-4.89300164e-05
0.00000000e+00,0.00000000e+00,0.00000000e+00,0.00000000e+00
0.00000000e+00,-8.15394736e-06,-1.63067496e-05,-2.44609049e-05
0.00000000e+00,0.00000000e+00,0.00000000e+00,0.00000000e+00
0.00000000e+00,0.00000000e+00,0.00000000e+00,0.00000000e+00
0.00000000e+00,-7.11283765e-06,-1.42246626e-05,-2.13376822e-05
0.00000000e+00,-8.46413444e-06,-1.69274840e-05,-2.53917946e-05
0.00000000e+00,0.00000000e+00,0.00000000e+00,0.00000000e+00
0.00000000e+00,-7.20455950e-06,-1.44084479e-05,-2.16131615e-05
0.00000000e+00,0.00000000e+00,0.00000000e+00,0.00000000e+00
0.00000000e+00,-1.80573702e-05,-3.61117784e-05,-5.41695137e-05
0.00000000e+00,0.00000000e+00,0.00000000e+00,0.00000000e+00
0.00000000e+00,0.00000000e+00,0.00000000e+00,0.00000000e+00
0.00000000e+00,-1.05864896e-05,-2.11715056e-05,-3.17581993e-05
0.00000000e+00,-1.61409355e-05,-3.22791661e-05,-4.84203980e-05
0.00000000e+00,-1.96182752e-05,-3.92343194e-05,-5.88527794e-05
0.00000000e+00,0.00000000e+00,0.00000000e+00,0.00000000e+00
0.00000000e+00,-9.30030490e-06,-1.85992636e-05,-2.78997313e-05
0.00000000e+00,-1.13801875e-05,-2.27592765e-05,-3.41395737e-05
0.00000000e+00,-1.72311066e-05,-3.44601945e-05,-5.16914323e-05
0.00000000e+00,-9.84264608e-06,-1.96842887e-05,-2.95270096e-05
0.00000000e+00,-2.32505599e-05,-4.64959384e-05,-6.97471136e-05
0.00000000e+00,-2.16329358e-05,-4.32616517e-05,-6.48950795e-05
0.00000000e+00,-2.13383673e-05,-4.26720271e-05,-6.40108940e-05
0.00000000e+00,-2.56723479e-05,-5.13406660e-05,-7.70132964e-05
0.00000000e+00,-1.96969525e-05,-3.93900642e-05,-5.90874145e-05
0.00000000e+00,-2.37747671e-05,-4.75462953e-05,-7.13212877e-05
0.00000000e+00,-2.31563332e-05,-4.63089990e-05,-6.94655328e-05
0.00000000e+00,-2.12603597e-05,-4.25177757e-05,-6.37782937e-05
0.00000000e+00,-2.40563369e-05,-4.81068643e-05,-7.21640939e-05
0.00000000e+00,-2.38976138e-05,-4.77894018e-05,-7.16877455e-05
0.00000000e+00,-2.21459257e-05,-4.42865897e-05,-6.64332760e-05
0.00000000e+00,-2.66099265e-05,-5.32155457e-05,-7.98260456e-05
0.00000000e+00,-2.19836590e-05,-4.39620160e-05,-6.59462723e-05
0.00000000e+00,-2.64234124e-05,-5.28424034e-05,-7.92662346e-05
0.00000000e+00,-2.40886876e-05,-4.81734634e-05,-7.22626186e-05
0.00000000e+00,-2.38992874e-05,-4.77945724e-05,-7.16941804e-05
0.00000000e+00,-2.32503199e-05,-4.64959361e-05,-6.97471374e-05
0.00000000e+00,-2.38974086e-05,-4.77894252e-05,-7.16877670e-05
0.00000000e+00,-2.13381457e-05,-4.26720088e-05,-6.40109139e-05
0.00000000e+00,-2.56720716e-05,-5.13406648e-05,-7.70133512e-05
0.00000000e+00,-2.19834644e-05,-4.39620199e-05,-6.59463014e-05
0.00000000e+00,-2.64231933e-05,-5.28424291e-05,-7.92662722e-05
0.00000000e+00,-2.31560640e-05,-4.63089921e-05,-6.94655859e-05
0.00000000e+00,-2.38990788e-05,-4.77945860e-05,-7.16942210e-05
0.00000000e+00,-1.80572778e-05,-3.61117477e-05,-5.41695362e-05
0.00000000e+00,-2.16327342e-05,-4.32616495e-05,-6.48951131e-05
0.00000000e+00,-1.61408170e-05,-3.22791425e-05,-4.84204235e-05
0.00000000e+00,-1.96181826e-05,-3.92342335e-05,-5.88527836e-05
0.00000000e+00,-1.96967517e-05,-3.93900588e-05,-5.90874471e-05
0.00000000e+00,-2.37745599e-05,-4.75462500e-05,-7.13213287e-05
0.00000000e+00,-1.72310004e-05,-3.44601031e-05,-5.16914271e-05
0.00000000e+00,-2.12601538e-05,-4.25177275e-05,-6.37783207e-05
0.00000000e+00,0.00000000e+00,0.00000000e+00,0.00000000e+00
0.00000000e+00,-1.05864666e-05,-2.11714888e-05,-3.17581997e-05
0.00000000e+00,0.00000000e+00,0.00000000e+00,0.00000000e+00
0.00000000e+00,0.00000000e+00,0.00000000e+00,0.00000000e+00
0.00000000e+00,-9.30026863e-06,-1.85992386e-05,-2.78997314e-05
0.00000000e+00,-1.13801282e-05,-2.27592463e-05,-3.41395866e-05
0.00000000e+00,0.00000000e+00,0.00000000e+00,0.00000000e+00
0.00000000e+00,-9.84256998e-06,-1.96842508e-05,-2.95270192e-05
0.00000000e+00,0.00000000e+00,0.00000000e+00,0.00000000e+00
0.00000000e+00,-2.21261134e-05,-4.42487357e-05,-6.63753503e-05
0.00000000e+00,0.00000000e+00,0.00000000e+00,0.00000000e+00
0.00000000e+00,0.00000000e+00,0.00000000e+00,0.00000000e+00
0.00000000e+00,-1.37879589e-05,-2.75741600e-05,-4.13623950e-05
0.00000000e+00,-2.00735981e-05,-4.01439577e-05,-6.02179844e-05
0.00000000e+00,-2.47785395e-05,-4.95543810e-05,-7.43332009e-05
0.00000000e+00,0.00000000e+00,0.00000000e+00,0.00000000e+00
0.00000000e+00,-1.20579536e-05,-2.41142916e-05,-3.61724894e-05
0.00000000e+00,-1.51702109e-05,-3.03390813e-05,-4.55094652e-05
0.00000000e+00,-2.21528363e-05,-4.43032224e-05,-6.64562925e-05
0.00000000e+00,-1.31296394e-05,-2.62580754e-05,-3.93878572e-05
0.00000000e+00,-2.69901731e-05,-5.39741889e-05,-8.09651836e-05
0.00000000e+00,-2.54273307e-05,-5.08496691e-05,-7.62776957e-05
0.00000000e+00,-2.51334903e-05,-5.02613065e-05,-7.53955126e-05
0.00000000e+00,-3.05860407e-05,-6.11673290e-05,-9.17538461e-05
0.00000000e+00,-2.35529259e-05,-4.71012373e-05,-7.06547561e-05
0.00000000e+00,-2.87646462e-05,-5.75254405e-05,-8.62904568e-05
0.00000000e+00,-2.81512015e-05,-5.62980240e-05,-8.44496017e-05
0.00000000e+00,-2.62877260e-05,-5.25719185e-05,-7.88599334e-05
0.00000000e+00,-2.77856631e-05,-5.55643879e-05,-8.33511978e-05
0.00000000e+00,-2.76395711e-05,-5.52722549e-05,-8.29128192e-05
0.00000000e+00,-2.59358961e-05,-5.18654036e-05,-7.78023164e-05
0.00000000e+00,-3.15245304e-05,-6.30439166e-05,-9.45692332e-05
0.00000000e+00,-2.57825676e-05,-5.15587614e-05,-7.73422009e-05
0.00000000e+00,-3.13559968e-05,-6.27067157e-05,-9.40633359e-05
0.00000000e+00,-2.90902555e-05,-5.81758273e-05,-8.72667660e-05
0.00000000e+00,-2.89074542e-05,-5.78100689e-05,-8.67180363e-05
0.00000000e+00,-2.69898929e-05,-5.39742283e-05,-8.09652013e-05
0.00000000e+00,-2.76393253e-05,-5.52723132e-05,-8.29128432e-05
0.00000000e+00,-2.51332175e-05,-5.02613223e-05,-7.53955361e-05
0.00000000e+00,-3.05857665e-05,-6.11673368e-05,-9.17538974e-05
0.00000000e+00,-2.57823507e-05,-5.15588042e-05,-7.73422180e-05
0.00000000e+00,-3.13557412e-05,-6.27067800e-05,-9.40633747e-05
0.00000000e+00,-2.81509317e-05,-5.62980237e-05,-8.44496569e-05
0.00000000e+00,-2.89072185e-05,-5.78101121e-05,-8.67180729e-05
0.00000000e+00,-2.21260734e-05,-4.42486894e-05,-6.63753437e-05
0.00000000e+00,-2.54271373e-05,-5.08496975e-05,-7.62777202e-05
0.00000000e+00,-2.00735254e-05,-4.01439229e-05,-6.02180004e-05
0.00000000e+00,-2.47784593e-05,-4.95543113e-05,-7.43332176e-05
0.00000000e+00,-2.35527295e-05,-4.71012429e-05,-7.06547894e-05
0.00000000e+00,-2.87644446e-05,-5.75254028e-05,-8.62905122e-05
0.00000000e+00,-2.21527611e-05,-4.43031381e-05,-6.64563009e-05
0.00000000e+00,-2.62875136e-05,-5.25718730e-05,-7.88599852e-05
0.00000000e+00,0.00000000e+00,0.00000000e+00,0.00000000e+00
0.00000000e+00,-1.37879449e-05,-2.75741528e-05,-4.13623957e-05
0.00000000e+00,0.00000000e+00,0.00000000e+00,0.00000000e+00
0.00000000e+00,0.00000000e+00,0.00000000e+00,0.00000000e+00
0.00000000e+00,-1.20579373e-05,-2.41142800e-05,-3.61724887e-05
0.00000000e+00,-1.51701805e-05,-3.03390516e-05,-4.55094765e-05
0.00000000e+00,0.00000000e+00,0.00000000e+00,0.00000000e+00
0.00000000e+00,-1.31296043e-05,-2.62580444e-05,-3.93878685e-05
0.00000000e+00,0.00000000e+00,0.00000000e+00,0.00000000e+00
0.00000000e+00,-2.54526454e-05,-5.09013060e-05,-7.63546102e-05
0.00000000e+00,0.00000000e+00,0.00000000e+00,0.00000000e+00
0.00000000e+00,0.00000000e+00,0.00000000e+00,0.00000000e+00
0.00000000e+00,-1.84162030e-05,-3.68303587e-05,-5.52469034e-05
0.00000000e+00,-2.40708742e-05,-4.81379911e-05,-7.22094408e-05
0.00000000e+00,-2.99236926e-05,-5.98441494e-05,-8.97682351e-05
0.00000000e+00,0.00000000e+00,0.00000000e+00,0.00000000e+00
0.00000000e+00,-1.58865983e-05,-3.17712922e-05,-4.76581997e-05
0.00000000e+00,-2.16205747e-05,-4.32394645e-05,-6.48602495e-05
0.00000000e+00,-2.77433821e-05,-5.54837890e-05,-8.32275023e-05
0.00000000e+00,-1.80195196e-05,-3.60375352e-05,-5.40572505e-05
0.00000000e+00,-3.05865774e-05,-6.11662103e-05,-9.17538803e-05
0.00000000e+00,-2.90450226e-05,-5.80843734e-05,-8.71303226e-05
0.00000000e+00,-2.88482854e-05,-5.76899470e-05,-8.65391695e-05
0.00000000e+00,-3.59644368e-05,-7.19232856e-05,-1.07888418e-04
0.00000000e+00,-2.72214745e-05,-5.44375743e-05,-8.16598595e-05
0.00000000e+00,-3.41560319e-05,-6.83074984e-05,-1.02464091e-04
0.00000000e+00,-3.33557451e-05,-6.67062901e-05,-1.00062623e-04
0.00000000e+00,-3.14589514e-05,-6.29136893e-05,-9.43731009e-05
0.00000000e+00,-3.14487704e-05,-6.28897601e-05,-9.43399671e-05
0.00000000e+00,-3.12712153e-05,-6.25346268e-05,-9.38071045e-05
0.00000000e+00,-2.96356396e-05,-5.92638328e-05,-8.89007647e-05
0.00000000e+00,-3.69809731e-05,-7.39557680e-05,-1.10937758e-04
0.00000000e+00,-2.94576270e-05,-5.89078256e-05,-8.83665727e-05
0.00000000e+00,-3.67745576e-05,-7.35428366e-05,-1.10318227e-04
0.00000000e+00,-3.42792954e-05,-6.85528737e-05,-1.02833069e-04
0.00000000e+00,-3.40781044e-05,-6.81504065e-05,-1.02229233e-04
0.00000000e+00,-3.05863223e-05,-6.11663022e-05,-9.17539052e-05
0.00000000e+00,-3.12709642e-05,-6.25347067e-05,-9.38071338e-05
0.00000000e+00,-2.88479977e-05,-5.76900141e-05,-8.65391857e-05
0.00000000e+00,-3.59641382e-05,-7.19233394e-05,-1.07888460e-04
0.00000000e+00,-2.94573603e-05,-5.89078946e-05,-8.83665968e-05
0.00000000e+00,-3.67742627e-05,-7.35429077e-05,-1.10318262e-04
0.00000000e+00,-3.33554563e-05,-6.67063200e-05,-1.00062667e-04
0.00000000e+00,-3.40778075e-05,-6.81504868e-05,-1.02229276e-04
0.00000000e+00,-2.54526439e-05,-5.09012858e-05,-7.63545986e-05
0.00000000e+00,-2.90448558e-05,-5.80844495e-05,-8.71303577e-05
0.00000000e+00,-2.40708654e-05,-4.81379375e-05,-7.22094178e-05
0.00000000e+00,-2.99235854e-05,-5.98441132e-05,-8.97682472e-05
0.00000000e+00,-2.72212892e-05,-5.44376290e-05,-8.16598836e-05
0.00000000e+00,-3.41558645e-05,-6.83074831e-05,-1.02464118e-04
0.00000000e+00,-2.77432885e-05,-5.54837268e-05,-8.32275120e-05
0.00000000e+00,-3.14587677e-05,-6.29136591e-05,-9.43731406e-05
0.00000000e+00,0.00000000e+00,0.00000000e+00,0.00000000e+00
0.00000000e+00,-1.84162008e-05,-3.68303752e-05,-5.52469149e-05
0.00000000e+00,0.00000000e+00,0.00000000e+00,0.00000000e+00
0.00000000e+00,0.00000000e+00,0.00000000e+00,0.00000000e+00
0.00000000e+00,-1.58865886e-05,-3.17712960e-05,-4.76582044e-05
0.00000000e+00,-2.16205409e-05,-4.32394409e-05,-6.48602598e-05
0.00000000e+00,0.00000000e+00,0.00000000e+00,0.00000000e+00
0.00000000e+00,-1.80194893e-05,-3.60375059e-05,-5.40572606e-05
0.00000000e+00,0.00000000e+00,0.00000000e+00,0.00000000e+00
0.00000000e+00,-7.22590485e-06,-1.44491730e-05,-2.16754463e-05
0.00000000e+00,0.00000000e+00,0.00000000e+00,0.00000000e+00
0.00000000e+00,0.00000000e+00,0.00000000e+00,0.00000000e+00
0.00000000e+00,-4.06527597e-06,-8.12919481e-06,-1.21946771e-05
0.00000000e+00,-6.27158515e-06,-1.25408921e-05,-1.88127293e-05
0.00000000e+00,-1.07037306e-05,-2.14049062e-05,-3.21089415e-05
0.00000000e+00,0.00000000e+00,0.00000000e+00,0.00000000e+00
0.00000000e+00,-3.49891840e-06,-6.99664829e-06,-1.04957098e-05
0.00000000e+00,-6.04666545e-06,-1.20920270e-05,-1.81388606e-05
0.00000000e+00,-9.38494949e-06,-1.87676399e-05,-2.81527996e-05
0.00000000e+00,-5.25627112e-06,-1.05113782e-05,-1.57677674e-05
0.00000000e+00,-1.00323099e-05,-2.00601601e-05,-3.00931262e-05
0.00000000e+00,-9.10338960e-06,-1.82031039e-05,-2.73070341e-05
0.00000000e+00,-8.88586103e-06,-1.77678969e-05,-2.66542291e-05
0.00000000e+00,-1.47217701e-05,-2.94391366e-05,-4.41614367e-05
0.00000000e+00,-7.99997160e-06,-1.59967920e-05,-2.39971537e-05
0.00000000e+00,-1.34053723e-05,-2.68071509e-05,-4.02129464e-05
0.00000000e+00,-1.31673077e-05,-2.63307784e-05,-3.94984861e-05
0.00000000e+00,-1.19004470e-05,-2.37977540e-05,-3.56985208e-05
0.00000000e+00,-1.04979616e-05,-2.09909565e-05,-3.14897582e-05
0.00000000e+00,-1.04011669e-05,-2.07974027e-05,-3.11993517e-05
0.00000000e+00,-9.34164298e-06,-1.86790412e-05,-2.80213067e-05
0.00000000e+00,-1.53761262e-05,-3.07473222e-05,-4.61241684e-05
0.00000000e+00,-9.24521482e-06,-1.84862187e-05,-2.77319956e-05
0.00000000e+00,-1.52410862e-05,-3.04773246e-05,-4.57190492e-05
0.00000000e+00,-1.38098904e-05,-2.76155127e-05,-4.14259567e-05
0.00000000e+00,-1.36751523e-05,-2.73460704e-05,-4.10216960e-05
0.00000000e+00,-1.00321832e-05,-2.00602020e-05,-3.00931609e-05
0.00000000e+00,-1.04010634e-05,-2.07974582e-05,-3.11993792e-05
0.00000000e+00,-8.88573194e-06,-1.77679231e-05,-2.66542656e-05
0.00000000e+00,-1.47216137e-05,-2.94391398e-05,-4.41614682e-05
0.00000000e+00,-9.24512180e-06,-1.84862455e-05,-2.77320283e-05
0.00000000e+00,-1.52409614e-05,-3.04773477e-05,-4.57190758e-05
0.00000000e+00,-1.31671496e-05,-2.63307720e-05,-3.94985184e-05
0.00000000e+00,-1.36750346e-05,-2.73460780e-05,-4.10217296e-05
0.00000000e+00,-7.22579627e-06,-1.44491906e-05,-2.16754633e-05
0.00000000e+00,-9.10326944e-06,-1.82031370e-05,-2.73070858e-05
0.00000000e+00,-6.27144065e-06,-1.25409013e-05,-1.88127481e-05
0.00000000e+00,-1.07036023e-05,-2.14049093e-05,-3.21089593e-05
0.00000000e+00,-7.99985244e-06,-1.59968108e-05,-2.39971908e-05
0.00000000e+00,-1.34052004e-05,-2.68071580e-05,-4.02129817e-05
0.00000000e+00,-9.38477968e-06,-1.87676471e-05,-2.81528231e-05
0.00000000e+00,-1.19002907e-05,-2.37977494e-05,-3.56985513e-05
0.00000000e+00,0.00000000e+00,0.00000000e+00,0.00000000e+00
0.00000000e+00,-4.06522267e-06,-8.12920777e-06,-1.21946825e-05
0.00000000e+00,0.00000000e+00,0.00000000e+00,0.00000000e+00
0.00000000e+00,0.00000000e+00,0.00000000e+00,0.00000000e+00
0.00000000e+00,-3.49885170e-06,-6.99665810e-06,-1.04957139e-05
0.00000000e+00,-6.04661395e-06,-1.20920240e-05,-1.81388624e-05
0.00000000e+00,0.00000000e+00,0.00000000e+00,0.00000000e+00
0.00000000e+00,-5.25619597e-06,-1.05113843e-05,-1.57677745e-05
0.00000000e+00,0.00000000e+00,0.00000000e+00,0.00000000e+00
0.00000000e+00,-9.33856659e-06,-1.86737450e-05,-2.80129323e-05
0.00000000e+00,0.00000000e+00,0.00000000e+00,0.00000000e+00
0.00000000e+00,0.00000000e+00,0.00000000e+00,0.00000000e+00
0.00000000e+00,-5.39760369e-06,-1.07934995e-05,-1.61914374e-05
0.00000000e+00,-8.24434470e-06,-1.64856873e-05,-2.47305337e-05
0.00000000e+00,-1.35938439e-05,-2.71845132e-05,-4.07788643e-05
0.00000000e+00,0.00000000e+00,0.00000000e+00,0.00000000e+00
0.00000000e+00,-4.68981309e-06,-9.37808759e-06,-1.40681694e-05
0.00000000e+00,-7.88645965e-06,-1.57713218e-05,-2.36580546e-05
0.00000000e+00,-1.21032485e-05,-2.42036436e-05,-3.63072937e-05
0.00000000e+00,-6.91289068e-06,-1.38243373e-05,-2.07374466e-05
0.00000000e+00,-1.22919204e-05,-2.45780705e-05,-3.68710561e-05
0.00000000e+00,-1.13624931e-05,-2.27202307e-05,-3.40835946e-05
0.00000000e+00,-1.11701399e-05,-2.23351626e-05,-3.35061619e-05
0.00000000e+00,-1.77853993e-05,-3.55652079e-05,-5.33514337e-05
0.00000000e+00,-1.02266026e-05,-2.04489790e-05,-3.06762796e-05
0.00000000e+00,-1.64709697e-05,-3.29374114e-05,-4.94090797e-05
0.00000000e+00,-1.62639521e-05,-3.25229512e-05,-4.87875808e-05
0.00000000e+00,-1.49324268e-05,-2.98608055e-05,-4.47937843e-05
0.00000000e+00,-1.27501256e-05,-2.54936546e-05,-3.82450450e-05
0.00000000e+00,-1.26584894e-05,-2.53106028e-05,-3.79702797e-05
0.00000000e+00,-1.16348152e-05,-2.32638667e-05,-3.48997363e-05
0.00000000e+00,-1.84349008e-05,-3.68634686e-05,-5.52994340e-05
0.00000000e+00,-1.15399058e-05,-2.30741768e-05,-3.46150828e-05
0.00000000e+00,-1.83058270e-05,-3.66054561e-05,-5.49122576e-05
0.00000000e+00,-1.69184959e-05,-3.38314196e-05,-5.07508128e-05
0.00000000e+00,-1.67855454e-05,-3.35655894e-05,-5.03519390e-05
0.00000000e+00,-1.22918338e-05,-2.45781190e-05,-3.68710837e-05
0.00000000e+00,-1.26584088e-05,-2.53106404e-05,-3.79703041e-05
0.00000000e+00,-1.11700143e-05,-2.23352292e-05,-3.35062049e-05
0.00000000e+00,-1.77852054e-05,-3.55652546e-05,-5.33514650e-05
0.00000000e+00,-1.15398194e-05,-2.30742261e-05,-3.46151053e-05
0.00000000e+00,-1.83056705e-05,-3.66055142e-05,-5.49122832e-05
0.00000000e+00,-1.62637786e-05,-3.25229746e-05,-4.87876119e-05
0.00000000e+00,-1.67854088e-05,-3.35656272e-05,-5.03519634e-05
0.00000000e+00,-9.33852380e-06,-1.86737918e-05,-2.80129735e-05
0.00000000e+00,-1.13623848e-05,-2.27202988e-05,-3.40836246e-05
0.00000000e+00,-8.24427189e-06,-1.64857278e-05,-2.47305652e-05
0.00000000e+00,-1.35938236e-05,-2.71844894e-05,-4.07788795e-05
0.00000000e+00,-1.02264822e-05,-2.04490316e-05,-3.06763238e-05
0.00000000e+00,-1.64708265e-05,-3.29374518e-05,-4.94091159e-05
0.00000000e+00,-1.21031636e-05,-2.42036422e-05,-3.63073147e-05
0.00000000e+00,-1.49322679e-05,-2.98608314e-05,-4.47938241e-05
0.00000000e+00,0.00000000e+00,0.00000000e+00,0.00000000e+00
0.00000000e+00,-5.39758254e-06,-1.07935200e-05,-1.61914443e-05
0.00000000e+00,0.00000000e+00,0.00000000e+00,0.00000000e+00
0.00000000e+00,0.00000000e+00,0.00000000e+00,0.00000000e+00
0.00000000e+00,-4.68977019e-06,-9.37810706e-06,-1.40681787e-05
0.00000000e+00,-7.88643966e-06,-1.57713275e-05,-2.36580587e-05
0.00000000e+00,0.00000000e+00,0.00000000e+00,0.00000000e+00
0.00000000e+00,-6.91285502e-06,-1.38243360e-05,-2.07374495e-05
0.00000000e+00,0.00000000e+00,0.00000000e+00,0.00000000e+00
0.00000000e+00,-1.17351967e-05,-2.34662989e-05,-3.52024083e-05
0.00000000e+00,0.00000000e+00,0.00000000e+00,0.00000000e+00
0.00000000e+00,0.00000000e+00,0.00000000e+00,0.00000000e+00
0.00000000e+00,-7.19839536e-06,-1.43947136e-05,-2.15935849e-05
0.00000000e+00,-1.05116601e-05,-2.10195933e-05,-3.15320043e-05
0.00000000e+00,-1.68096379e-05,-3.36155007e-05,-5.04258491e-05
0.00000000e+00,0.00000000e+00,0.00000000e+00,0.00000000e+00
0.00000000e+00,-6.21530411e-06,-1.24287264e-05,-1.86444352e-05
0.00000000e+00,-1.02980433e-05,-2.05942038e-05,-3.08926329e-05
0.00000000e+00,-1.51770716e-05,-3.03506872e-05,-4.55283618e-05
0.00000000e+00,-8.99475448e-06,-1.79877802e-05,-2.69828601e-05
0.00000000e+00,-1.44703474e-05,-2.89336880e-05,-4.34055152e-05
0.00000000e+00,-1.36110343e-05,-2.72163055e-05,-4.08286035e-05
0.00000000e+00,-1.33933576e-05,-2.67803384e-05,-4.01749621e-05
0.00000000e+00,-2.07504001e-05,-4.14941327e-05,-6.22456739e-05
0.00000000e+00,-1.24987377e-05,-2.49922216e-05,-3.74920053e-05
0.00000000e+00,-1.95164840e-05,-3.90275777e-05,-5.85450555e-05
0.00000000e+00,-1.92829915e-05,-3.85598695e-05,-5.78438365e-05
0.00000000e+00,-1.80075397e-05,-3.60101183e-05,-5.40184921e-05
0.00000000e+00,-1.49126932e-05,-2.98174117e-05,-4.47318646e-05
0.00000000e+00,-1.48332362e-05,-2.96586826e-05,-4.44935316e-05
0.00000000e+00,-1.38436302e-05,-2.76799766e-05,-4.15250859e-05
0.00000000e+00,-2.13874905e-05,-4.27673816e-05,-6.41562699e-05
0.00000000e+00,-1.37557087e-05,-2.75043286e-05,-4.12614395e-05
0.00000000e+00,-2.12737537e-05,-4.25400531e-05,-6.38151011e-05
0.00000000e+00,-1.99259281e-05,-3.98448994e-05,-5.97720510e-05
0.00000000e+00,-1.98006460e-05,-3.95944762e-05,-5.93962593e-05
0.00000000e+00,-1.44702953e-05,-2.89337785e-05,-4.34055482e-05
0.00000000e+00,-1.48331369e-05,-2.96587364e-05,-4.44935814e-05
0.00000000e+00,-1.33932752e-05,-2.67804071e-05,-4.01749906e-05
0.00000000e+00,-2.07501967e-05,-4.14942306e-05,-6.22457106e-05
0.00000000e+00,-1.37556215e-05,-2.75043808e-05,-4.12614624e-05
0.00000000e+00,-2.12735581e-05,-4.25401260e-05,-6.38151348e-05
0.00000000e+00,-1.92827966e-05,-3.85599290e-05,-5.78438626e-05
0.00000000e+00,-1.98004790e-05,-3.95945440e-05,-5.93962844e-05
0.00000000e+00,-1.17351942e-05,-2.34663751e-05,-3.52024489e-05
0.00000000e+00,-1.36110425e-05,-2.72164129e-05,-4.08286222e-05
0.00000000e+00,-1.05116269e-05,-2.10196522e-05,-3.15320390e-05
0.00000000e+00,-1.68096490e-05,-3.36155018e-05,-5.04258558e-05
0.00000000e+00,-1.24986728e-05,-2.49922918e-05,-3.74920320e-05
0.00000000e+00,-1.95164010e-05,-3.90276393e-05,-5.85450820e-05
0.00000000e+00,-1.51770626e-05,-3.03506726e-05,-4.55283708e-05
0.00000000e+00,-1.80074168e-05,-3.60101623e-05,-5.40185243e-05
0.00000000e+00,0.00000000e+00,0.00000000e+00,0.00000000e+00
0.00000000e+00,-7.19839941e-06,-1.43947499e-05,-2.15936031e-05
0.00000000e+00,0.00000000e+00,0.00000000e+00,0.00000000e+00
0.00000000e+00,0.00000000e+00,0.00000000e+00,0.00000000e+00
0.00000000e+00,-6.21529835e-06,-1.24287528e-05,-1.86444466e-05
0.00000000e+00,-1.02980566e-05,-2.05942236e-05,-3.08926459e-05
0.00000000e+00,0.00000000e+00,0.00000000e+00,0.00000000e+00
0.00000000e+00,-8.99474598e-06,-1.79877899e-05,-2.69828664e-05
0.00000000e+00,0.00000000e+00,0.00000000e+00,0.00000000e+00
0.00000000e+00,-1.37621439e-05,-2.75194359e-05,-4.12827930e-05
0.00000000e+00,0.00000000e+00,0.00000000e+00,0.00000000e+00
0.00000000e+00,0.00000000e+00,0.00000000e+00,0.00000000e+00
0.00000000e+00,-9.96155281e-06,-1.99205198e-05,-2.98827168e-05
0.00000000e+00,-1.29434366e-05,-2.58824047e-05,-3.88268910e-05
0.00000000e+00,-1.99855151e-05,-3.99665268e-05,-5.99530350e-05
0.00000000e+00,0.00000000e+00,0.00000000e+00,0.00000000e+00
0.00000000e+00,-8.41849151e-06,-1.68346645e-05,-2.52537187e-05
0.00000000e+00,-1.44495261e-05,-2.88966954e-05,-4.33467505e-05
0.00000000e+00,-1.86788651e-05,-3.73535886e-05,-5.60332976e-05
0.00000000e+00,-1.21273876e-05,-2.42526733e-05,-3.63805136e-05
0.00000000e+00,-1.65507578e-05,-3.30933342e-05,-4.96460829e-05
0.00000000e+00,-1.57252831e-05,-3.14437990e-05,-4.71707468e-05
0.00000000e+00,-1.55486891e-05,-3.10898015e-05,-4.66402267e-05
0.00000000e+00,-2.40288903e-05,-4.80501373e-05,-7.20806721e-05
0.00000000e+00,-1.46649459e-05,-2.93236230e-05,-4.39900166e-05
0.00000000e+00,-2.28270313e-05,-4.56477619e-05,-6.84761826e-05
0.00000000e+00,-2.24466408e-05,-4.48861217e-05,-6.73341543e-05
0.00000000e+00,-2.11673604e-05,-4.23288671e-05,-6.34973987e-05
0.00000000e+00,-1.70204596e-05,-3.40317502e-05,-5.10544806e-05
0.00000000e+00,-1.69263130e-05,-3.38436314e-05,-5.07721340e-05
0.00000000e+00,-1.59776544e-05,-3.19467064e-05,-4.79263426e-05
0.00000000e+00,-2.47100361e-05,-4.94114592e-05,-7.41234043e-05
0.00000000e+00,-1.58830317e-05,-3.17576815e-05,-4.76426289e-05
0.00000000e+00,-2.45737142e-05,-4.91389546e-05,-7.37145038e-05
0.00000000e+00,-2.30664657e-05,-4.61248295e-05,-6.91929523e-05
0.00000000e+00,-2.29301077e-05,-4.58522251e-05,-6.87838889e-05
0.00000000e+00,-1.65507660e-05,-3.30935047e-05,-4.96461301e-05
0.00000000e+00,-1.69263171e-05,-3.38437146e-05,-5.07721796e-05
0.00000000e+00,-1.55486781e-05,-3.10899190e-05,-4.66402656e-05
0.00000000e+00,-2.40288422e-05,-4.80502853e-05,-7.20807414e-05
0.00000000e+00,-1.58829905e-05,-3.17577679e-05,-4.76426704e-05
0.00000000e+00,-2.45736094e-05,-4.91390792e-05,-7.37145759e-05
0.00000000e+00,-2.24465158e-05,-4.48862374e-05,-6.73342036e-05
0.00000000e+00,-2.29299601e-05,-4.58523263e-05,-6.87839343e-05
0.00000000e+00,-1.37622075e-05,-2.75195745e-05,-4.12828483e-05
0.00000000e+00,-1.57253587e-05,-3.14439605e-05,-4.71707875e-05
0.00000000e+00,-1.29434719e-05,-2.58825082e-05,-3.88269350e-05
0.00000000e+00,-1.99855666e-05,-3.99666447e-05,-5.99531025e-05
0.00000000e+00,-1.46649736e-05,-2.93237459e-05,-4.39900543e-05
0.00000000e+00,-2.28270644e-05,-4.56478802e-05,-6.84762489e-05
0.00000000e+00,-1.86788955e-05,-3.73536399e-05,-5.60333310e-05
0.00000000e+00,-2.11673175e-05,-4.23289545e-05,-6.34974446e-05
0.00000000e+00,0.00000000e+00,0.00000000e+00,0.00000000e+00
0.00000000e+00,-9.96159856e-06,-1.99205851e-05,-2.98827602e-05
0.00000000e+00,0.00000000e+00,0.00000000e+00,0.00000000e+00
0.00000000e+00,0.00000000e+00,0.00000000e+00,0.00000000e+00
0.00000000e+00,-8.41852390e-06,-1.68347156e-05,-2.52537484e-05
0.00000000e+00,-1.44495767e-05,-2.88967532e-05,-4.33467945e-05
0.00000000e+00,0.00000000e+00,0.00000000e+00,0.00000000e+00
0.00000000e+00,-1.21274198e-05,-2.42527060e-05,-3.63805361e-05
0.00000000e+00,0.00000000e+00,0.00000000e+00,0.00000000e+00
0.00000000e+00,-9.48354974e-10,7.11350397e-10,-6.93138063e-10
0.00000000e+00,0.00000000e+00,0.00000000e+00,0.00000000e+00
0.00000000e+00,0.00000000e+00,0.00000000e+00,0.00000000e+00
0.00000000e+00,-4.92752150e-10,3.73060819e-10,-3.65185533e-10
0.00000000e+00,-8.21050539e-10,5.62136693e-10,-5.69754263e-10
0.00000000e+00,-3.58673081e-06,-7.17084909e-06,-1.07579933e-05
0.00000000e+00,0.00000000e+00,0.00000000e+00,0.00000000e+00
0.00000000e+00,-4.40651646e-10,3.09660823e-10,-3.07644255e-10
0.00000000e+00,-2.01159535e-06,-4.02181261e-06,-6.03362836e-06
0.00000000e+00,-3.11570582e-06,-6.22916905e-06,-9.34516358e-06
0.00000000e+00,-1.73386934e-06,-3.46655115e-06,-5.20058125e-06
0.00000000e+00,-1.55270175e-09,1.21210136e-09,-1.14359047e-09
0.00000000e+00,-1.28429122e-09,9.95957927e-10,-9.55683491e-10
0.00000000e+00,-1.33172156e-09,9.76151590e-10,-9.38134606e-10
0.00000000e+00,-5.01748732e-06,-1.00306143e-05,-1.50488364e-05
0.00000000e+00,-1.11082145e-09,8.11438461e-10,-7.94543896e-10
0.00000000e+00,-4.53978679e-06,-9.07597387e-06,-1.36163575e-05
0.00000000e+00,-4.44319378e-06,-8.88264461e-06,-1.33263694e-05
0.00000000e+00,-3.98979669e-06,-7.97650189e-06,-1.19667427e-05
0.00000000e+00,-1.72038924e-09,1.37068519e-09,-1.33288828e-09
0.00000000e+00,-1.71583240e-09,1.34700735e-09,-1.27204672e-09
0.00000000e+00,-1.46534259e-09,1.10291028e-09,-1.10417821e-09
0.00000000e+00,-5.25905677e-06,-1.05132800e-05,-1.57732490e-05
0.00000000e+00,-1.48203731e-09,1.10067404e-09,-1.05960645e-09
0.00000000e+00,-5.20857167e-06,-1.04123105e-05,-1.56217204e-05
0.00000000e+00,-4.67896076e-06,-9.35377114e-06,-1.40334202e-05
0.00000000e+00,-4.62878829e-06,-9.25344968e-06,-1.38828706e-05
0.00000000e+00,-1.47607723e-09,1.15675350e-09,-1.16649254e-09
0.00000000e+00,-1.63815273e-09,1.30890505e-09,-1.28616919e-09
0.00000000e+00,-1.26856304e-09,9.20632308e-10,-9.56032878e-10
0.00000000e+00,-5.01739869e-06,-1.00306519e-05,-1.50488594e-05
0.00000000e+00,-1.40007834e-09,1.06718729e-09,-1.07759795e-09
0.00000000e+00,-5.20848815e-06,-1.04123631e-05,-1.56217405e-05
0.00000000e+00,-4.44308684e-06,-8.88269152e-06,-1.33264016e-05
0.00000000e+00,-4.62870360e-06,-9.25348975e-06,-1.38828964e-05
0.00000000e+00,-8.96219509e-10,6.65545874e-10,-7.10900071e-10
0.00000000e+00,-1.25204606e-09,9.18795793e-10,-9.80995352e-10
0.00000000e+00,-7.41783551e-10,5.35797709e-10,-5.89879193e-10
0.00000000e+00,-3.58662713e-06,-7.17088681e-06,-1.07580127e-05
0.00000000e+00,-1.05803150e-09,7.59098965e-10,-8.26502055e-10
0.00000000e+00,-4.53971521e-06,-9.07602171e-06,-1.36163991e-05
0.00000000e+00,-3.11560420e-06,-6.22919158e-06,-9.34518156e-06
0.00000000e+00,-3.98970364e-06,-7.97654475e-06,-1.19667827e-05
0.00000000e+00,0.00000000e+00,0.00000000e+00,0.00000000e+00
0.00000000e+00,-4.66282578e-10,3.50609187e-10,-3.67783781e-10
0.00000000e+00,0.00000000e+00,0.00000000e+00,0.00000000e+00
0.00000000e+00,0.00000000e+00,0.00000000e+00,0.00000000e+00
0.00000000e+00,-3.93037506e-10,2.89086855e-10,-3.11952526e-10
0.00000000e+00,-2.01154509e-06,-4.02183193e-06,-6.03363180e-06
0.00000000e+00,0.00000000e+00,0.00000000e+00,0.00000000e+00
0.00000000e+00,-1.73381758e-06,-3.46656406e-06,-5.20058801e-06
0.00000000e+00,0.00000000e+00,0.00000000e+00,0.00000000e+00
0.00000000e+00,-1.20101997e-09,1.01070651e-09,-9.33736728e-10
0.00000000e+00,0.00000000e+00,0.00000000e+00,0.00000000e+00
0.00000000e+00,0.00000000e+00,0.00000000e+00,0.00000000e+00
0.00000000e+00,-6.27699662e-10,5.32263341e-10,-4.95709657e-10
0.00000000e+00,-1.06941926e-09,8.60562804e-10,-8.08812309e-10
0.00000000e+00,-4.62913967e-06,-9.25488225e-06,-1.38846951e-05
0.00000000e+00,0.00000000e+00,0.00000000e+00,0.00000000e+00
0.00000000e+00,-5.63641329e-10,4.54947865e-10,-4.29302439e-10
0.00000000e+00,-2.66133558e-06,-5.32091381e-06,-7.98261443e-06
0.00000000e+00,-4.08900323e-06,-8.17501217e-06,-1.22645568e-05
0.00000000e+00,-2.31660604e-06,-4.63165031e-06,-6.94854695e-06
0.00000000e+00,-1.98786707e-09,1.70264072e-09,-1.55694944e-09
0.00000000e+00,-1.65441472e-09,1.40179758e-09,-1.28090154e-09
0.00000000e+00,-1.74713387e-09,1.44688312e-09,-1.34206949e-09
0.00000000e+00,-6.15137556e-06,-1.22971020e-05,-1.84496518e-05
0.00000000e+00,-1.46801482e-09,1.19634366e-09,-1.11765500e-09
0.00000000e+00,-5.66913304e-06,-1.13335488e-05,-1.70036315e-05
0.00000000e+00,-5.58825342e-06,-1.11715099e-05,-1.67607125e-05
0.00000000e+00,-5.10056886e-06,-1.01969833e-05,-1.52983214e-05
0.00000000e+00,-2.26223501e-09,1.92608499e-09,-1.78400837e-09
0.00000000e+00,-2.18734056e-09,1.86726891e-09,-1.70868190e-09
0.00000000e+00,-1.96158724e-09,1.62356886e-09,-1.55181670e-09
0.00000000e+00,-6.38876140e-06,-1.27710981e-05,-1.91612142e-05
0.00000000e+00,-1.93653101e-09,1.60461936e-09,-1.48983707e-09
0.00000000e+00,-6.34113365e-06,-1.26760211e-05,-1.90184603e-05
0.00000000e+00,-5.82943715e-06,-1.16532406e-05,-1.74838045e-05
0.00000000e+00,-5.77990225e-06,-1.15542849e-05,-1.73352587e-05
0.00000000e+00,-1.98184100e-09,1.66128341e-09,-1.56298303e-09
0.00000000e+00,-2.14767412e-09,1.82720429e-09,-1.72782998e-09
0.00000000e+00,-1.71808587e-09,1.40090447e-09,-1.35461293e-09
0.00000000e+00,-6.15133043e-06,-1.22971549e-05,-1.84496758e-05
0.00000000e+00,-1.89256926e-09,1.56605638e-09,-1.50623959e-09
0.00000000e+00,-6.34110135e-06,-1.26760493e-05,-1.90184760e-05
0.00000000e+00,-5.58818722e-06,-1.11715541e-05,-1.67607363e-05
0.00000000e+00,-5.77984465e-06,-1.15543192e-05,-1.73352756e-05
0.00000000e+00,-1.22880080e-09,9.70412115e-10,-9.42514233e-10
0.00000000e+00,-1.61100300e-09,1.30896663e-09,-1.29425893e-09
0.00000000e+00,-1.03368346e-09,7.95113475e-10,-8.23396729e-10
0.00000000e+00,-4.62909508e-06,-9.25494809e-06,-1.38847268e-05
0.00000000e+00,-1.42991629e-09,1.11181027e-09,-1.13943986e-09
0.00000000e+00,-5.66906627e-06,-1.13336352e-05,-1.70036600e-05
0.00000000e+00,-4.08893451e-06,-8.17507106e-06,-1.22645865e-05
0.00000000e+00,-5.10049219e-06,-1.01970485e-05,-1.52983537e-05
0.00000000e+00,0.00000000e+00,0.00000000e+00,0.00000000e+00
0.00000000e+00,-6.39283734e-10,5.11458169e-10,-4.93110027e-10
0.00000000e+00,0.00000000e+00,0.00000000e+00,0.00000000e+00
0.00000000e+00,0.00000000e+00,0.00000000e+00,0.00000000e+00
0.00000000e+00,-5.46008911e-10,4.37675242e-10,-4.26420518e-10
0.00000000e+00,-2.66131695e-06,-5.32094337e-06,-7.98262168e-06
0.00000000e+00,0.00000000e+00,0.00000000e+00,0.00000000e+00
0.00000000e+00,-2.31657191e-06,-4.63167305e-06,-6.94855142e-06
0.00000000e+00,0.00000000e+00,0.00000000e+00,0.00000000e+00
0.00000000e+00,-1.44563022e-09,1.30362074e-09,-1.15944904e-09
0.00000000e+00,0.00000000e+00,0.00000000e+00,0.00000000e+00
0.00000000e+00,0.00000000e+00,0.00000000e+00,0.00000000e+00
0.00000000e+00,-7.56243865e-10,6.97960168e-10,-6.17750444e-10
0.00000000e+00,-1.32901658e-09,1.16534615e-09,-1.04311015e-09
0.00000000e+00,-5.81954187e-06,-1.16349012e-05,-1.74553907e-05
0.00000000e+00,0.00000000e+00,0.00000000e+00,0.00000000e+00
0.00000000e+00,-7.00650779e-10,6.26177484e-10,-5.61963246e-10
0.00000000e+00,-3.52847707e-06,-7.05480442e-06,-1.05838040e-05
0.00000000e+00,-5.21011916e-06,-1.04164696e-05,-1.56273976e-05
0.00000000e+00,-3.05686409e-06,-6.11178344e-06,-9.16908745e-06
0.00000000e+00,-2.44435598e-09,2.20815276e-09,-1.95294213e-09
0.00000000e+00,-2.00580873e-09,1.79826814e-09,-1.59827337e-09
0.00000000e+00,-2.22087954e-09,1.96244472e-09,-1.75618891e-09
0.00000000e+00,-7.24407031e-06,-1.44811445e-05,-2.17268346e-05
0.00000000e+00,-1.83697684e-09,1.60998591e-09,-1.44506860e-09
0.00000000e+00,-6.80366626e-06,-1.36015212e-05,-2.04065082e-05
0.00000000e+00,-6.70493806e-06,-1.34035477e-05,-2.01098730e-05
0.00000000e+00,-6.24046157e-06,-1.24756669e-05,-1.87172575e-05
0.00000000e+00,-2.78884568e-09,2.46310077e-09,-2.21076767e-09
0.00000000e+00,-2.69488128e-09,2.42210872e-09,-2.16682371e-09
0.00000000e+00,-2.51747121e-09,2.19314782e-09,-2.00187362e-09
0.00000000e+00,-7.47262419e-06,-1.49373113e-05,-2.24117557e-05
0.00000000e+00,-2.45135777e-09,2.15939394e-09,-1.94646865e-09
0.00000000e+00,-7.43210865e-06,-1.48564761e-05,-2.22903659e-05
0.00000000e+00,-6.93735398e-06,-1.38675288e-05,-2.08064630e-05
0.00000000e+00,-6.89133721e-06,-1.37756688e-05,-2.06685387e-05
0.00000000e+00,-2.42521841e-09,2.10751835e-09,-1.95256610e-09
0.00000000e+00,-2.67269723e-09,2.34635480e-09,-2.14337781e-09
0.00000000e+00,-2.18904111e-09,1.87231716e-09,-1.76899900e-09
0.00000000e+00,-7.24406698e-06,-1.44812206e-05,-2.17268479e-05
0.00000000e+00,-2.42863047e-09,2.10870563e-09,-1.93954325e-09
0.00000000e+00,-7.43208276e-06,-1.48565407e-05,-2.22903786e-05
0.00000000e+00,-6.70490510e-06,-1.34036128e-05,-2.01098906e-05
0.00000000e+00,-6.89130146e-06,-1.37757171e-05,-2.06685531e-05
0.00000000e+00,-1.48935273e-09,1.23608379e-09,-1.15168387e-09
0.00000000e+00,-2.03156772e-09,1.72299059e-09,-1.61366408e-09
0.00000000e+00,-1.37415528e-09,1.12064137e-09,-1.04091119e-09
0.00000000e+00,-5.81953870e-06,-1.16350000e-05,-1.74554267e-05
0.00000000e+00,-1.84420344e-09,1.52896558e-09,-1.45792533e-09
0.00000000e+00,-6.80365631e-06,-1.36016206e-05,-2.04065292e-05
0.00000000e+00,-5.21010074e-06,-1.04165425e-05,-1.56274257e-05
0.00000000e+00,-6.24042473e-06,-1.24757518e-05,-1.87172813e-05
0.00000000e+00,0.00000000e+00,0.00000000e+00,0.00000000e+00
0.00000000e+00,-7.84435034e-10,6.61057037e-10,-6.19060394e-10
0.00000000e+00,0.00000000e+00,0.00000000e+00,0.00000000e+00
0.00000000e+00,0.00000000e+00,0.00000000e+00,0.00000000e+00
0.00000000e+00,-7.16990932e-10,5.94297063e-10,-5.61400821e-10
0.00000000e+00,-3.52850035e-06,-7.05483422e-06,-1.05838117e-05
0.00000000e+00,0.00000000e+00,0.00000000e+00,0.00000000e+00
0.00000000e+00,-3.05686777e-06,-6.11181268e-06,-9.16909523e-06
0.00000000e+00,0.00000000e+00,0.00000000e+00,0.00000000e+00
0.00000000e+00,-1.67109036e-09,1.60074287e-09,-1.39492006e-09
0.00000000e+00,0.00000000e+00,0.00000000e+00,0.00000000e+00
0.00000000e+00,0.00000000e+00,0.00000000e+00,0.00000000e+00
0.00000000e+00,-8.61701628e-10,8.43034859e-10,-7.31267809e-10
0.00000000e+00,-1.58401914e-09,1.47054731e-09,-1.28356086e-09
0.00000000e+00,-7.01501683e-06,-1.40251291e-05,-2.10414351e-05
0.00000000e+00,0.00000000e+00,0.00000000e+00,0.00000000e+00
0.00000000e+00,-8.17465170e-10,7.78949827e-10,-6.86048628e-10
0.00000000e+00,-5.07193355e-06,-1.01412687e-05,-1.52138953e-05
0.00000000e+00,-6.52866129e-06,-1.30527707e-05,-1.95825484e-05
0.00000000e+00,-4.19688467e-06,-8.39140016e-06,-1.25888904e-05
0.00000000e+00,-2.86906885e-09,2.69878128e-09,-2.34800112e-09
0.00000000e+00,-2.36172039e-09,2.23431055e-09,-1.93520255e-09
0.00000000e+00,-2.67122998e-09,2.47350972e-09,-2.17102283e-09
0.00000000e+00,-8.43878415e-06,-1.68691626e-05,-2.53100560e-05
0.00000000e+00,-2.20953755e-09,2.03710995e-09,-1.77626183e-09
0.00000000e+00,-8.01865572e-06,-1.60304109e-05,-2.40508322e-05
0.00000000e+00,-7.86305034e-06,-1.57183930e-05,-2.35833094e-05
0.00000000e+00,-7.41220497e-06,-1.48180568e-05,-2.22318008e-05
0.00000000e+00,-3.29428202e-09,3.01439053e-09,-2.66298965e-09
0.00000000e+00,-3.18004723e-09,2.95777659e-09,-2.59766085e-09
0.00000000e+00,-3.05805856e-09,2.76329430e-09,-2.46643196e-09
0.00000000e+00,-8.67907647e-06,-1.73485889e-05,-2.60299918e-05
0.00000000e+00,-2.95947460e-09,2.71448214e-09,-2.39451465e-09
0.00000000e+00,-8.63144258e-06,-1.72536360e-05,-2.58873976e-05
0.00000000e+00,-8.08241857e-06,-1.61560972e-05,-2.42405972e-05
0.00000000e+00,-8.03497909e-06,-1.60614579e-05,-2.40984845e-05
0.00000000e+00,-2.86055663e-09,2.54758706e-09,-2.31941518e-09
0.00000000e+00,-3.18294046e-09,2.87685416e-09,-2.57176366e-09
0.00000000e+00,-2.68679794e-09,2.37728165e-09,-2.14748188e-09
0.00000000e+00,-8.43876510e-06,-1.68693329e-05,-2.53100593e-05
0.00000000e+00,-2.95239569e-09,2.63946490e-09,-2.36960104e-09
0.00000000e+00,-8.63144805e-06,-1.72537144e-05,-2.58873859e-05
0.00000000e+00,-7.86304450e-06,-1.57185122e-05,-2.35833201e-05
0.00000000e+00,-8.03496647e-06,-1.60615316e-05,-2.40984873e-05
0.00000000e+00,-1.74311033e-09,1.51283084e-09,-1.37431196e-09
0.00000000e+00,-2.38814442e-09,2.09579172e-09,-1.91582769e-09
0.00000000e+00,-1.62859691e-09,1.38988749e-09,-1.28830928e-09
0.00000000e+00,-7.01511193e-06,-1.40252196e-05,-2.10414330e-05
0.00000000e+00,-2.21748301e-09,1.91527121e-09,-1.77570648e-09
0.00000000e+00,-8.01871036e-06,-1.60305486e-05,-2.40508300e-05
0.00000000e+00,-6.52870147e-06,-1.30528646e-05,-1.95825665e-05
0.00000000e+00,-7.41223142e-06,-1.48181707e-05,-2.22318120e-05
0.00000000e+00,0.00000000e+00,0.00000000e+00,0.00000000e+00
0.00000000e+00,-8.95529829e-10,7.88929680e-10,-7.32454294e-10
0.00000000e+00,0.00000000e+00,0.00000000e+00,0.00000000e+00
0.00000000e+00,0.00000000e+00,0.00000000e+00,0.00000000e+00
0.00000000e+00,-8.52612909e-10,7.36238853e-10,-6.85775114e-10
0.00000000e+00,-5.07199304e-06,-1.01413257e-05,-1.52139098e-05
0.00000000e+00,0.00000000e+00,0.00000000e+00,0.00000000e+00
0.00000000e+00,-4.19691787e-06,-8.39144838e-06,-1.25889042e-05
0.00000000e+00,0.00000000e+00,0.00000000e+00,0.00000000e+00
0.00000000e+00,7.22407215e-06,1.44505899e-05,2.16741060e-05
0.00000000e+00,0.00000000e+00,0.00000000e+00,0.00000000e+00
0.00000000e+00,0.00000000e+00,0.00000000e+00,0.00000000e+00
0.00000000e+00,4.06431507e-06,8.12993721e-06,1.21939673e-05
0.00000000e+00,6.26997414e-06,1.25420360e-05,1.88116052e-05
0.00000000e+00,3.58487546e-06,7.17225440e-06,1.07566425e-05
0.00000000e+00,0.00000000e+00,0.00000000e+00,0.00000000e+00
0.00000000e+00,3.49805435e-06,6.99726514e-06,1.04951071e-05
0.00000000e+00,2.01061372e-06,4.02255737e-06,6.03290865e-06
0.00000000e+00,3.11407812e-06,6.23031301e-06,9.34403186e-06
0.00000000e+00,1.73300435e-06,3.46716567e-06,5.19997481e-06
0.00000000e+00,1.00292818e-05,2.00625346e-05,3.00909049e-05
0.00000000e+00,9.10086967e-06,1.82050617e-05,2.73051828e-05
0.00000000e+00,8.88321497e-06,1.77698290e-05,2.66523750e-05
0.00000000e+00,5.01443601e-06,1.00330064e-05,1.50465969e-05
0.00000000e+00,7.99777422e-06,1.59983863e-05,2.39955977e-05
0.00000000e+00,4.53724435e-06,9.07793715e-06,1.36144854e-05
0.00000000e+00,4.44053702e-06,8.88459929e-06,1.33244989e-05
0.00000000e+00,3.98758687e-06,7.97811443e-06,1.19651686e-05
0.00000000e+00,1.04945810e-05,2.09936438e-05,3.14871878e-05
0.00000000e+00,1.03978165e-05,2.08000493e-05,3.11968784e-05
0.00000000e+00,9.33872419e-06,1.86812200e-05,2.80191352e-05
0.00000000e+00,5.25567160e-06,1.05159641e-05,1.57706449e-05
0.00000000e+00,9.24231802e-06,1.84883669e-05,2.77299227e-05
0.00000000e+00,5.20519769e-06,1.04149686e-05,1.56192209e-05
0.00000000e+00,4.67603354e-06,9.35597501e-06,1.40312305e-05
0.00000000e+00,4.62585823e-06,9.25562822e-06,1.38807708e-05
0.00000000e+00,1.00293152e-05,2.00624020e-05,3.00908860e-05
0.00000000e+00,1.03978594e-05,2.07999968e-05,3.11968829e-05
0.00000000e+00,8.88326980e-06,1.77697170e-05,2.66523622e-05
0.00000000e+00,5.01449388e-06,1.00329099e-05,1.50465726e-05
0.00000000e+00,9.24237672e-06,1.84882995e-05,2.77299176e-05
0.00000000e+00,5.20524202e-06,1.04149226e-05,1.56192114e-05
0.00000000e+00,4.44059602e-06,8.88451437e-06,1.33244806e-05
0.00000000e+00,4.62593051e-06,9.25558777e-06,1.38807567e-05
0.00000000e+00,7.22404036e-06,1.44505140e-05,2.16740994e-05
0.00000000e+00,9.10085523e-06,1.82049591e-05,2.73051727e-05
0.00000000e+00,6.26995419e-06,1.25420029e-05,1.88116070e-05
0.00000000e+00,3.58490876e-06,7.17219946e-06,1.07566339e-05
0.00000000e+00,7.99779734e-06,1.59982791e-05,2.39955759e-05
0.00000000e+00,4.53726138e-06,9.07784986e-06,1.36144671e-05
0.00000000e+00,3.11411772e-06,6.23026296e-06,9.34401527e-06
0.00000000e+00,3.98761911e-06,7.97803924e-06,1.19651480e-05
0.00000000e+00,0.00000000e+00,0.00000000e+00,0.00000000e+00
0.00000000e+00,4.06433801e-06,8.12988994e-06,1.21939762e-05
0.00000000e+00,0.00000000e+00,0.00000000e+00,0.00000000e+00
0.00000000e+00,0.00000000e+00,0.00000000e+00,0.00000000e+00
0.00000000e+00,3.49809193e-06,6.99721808e-06,1.04951075e-05
0.00000000e+00,2.01061554e-06,4.02253373e-06,6.03291452e-06
0.00000000e+00,0.00000000e+00,0.00000000e+00,0.00000000e+00
0.00000000e+00,1.73303766e-06,3.46714500e-06,5.19997498e-06
0.00000000e+00,0.00000000e+00,0.00000000e+00,0.00000000e+00
0.00000000e+00,9.33626498e-06,1.86757415e-05,2.80111714e-05
0.00000000e+00,0.00000000e+00,0.00000000e+00,0.00000000e+00
0.00000000e+00,0.00000000e+00,0.00000000e+00,0.00000000e+00
0.00000000e+00,5.39644457e-06,1.07945148e-05,1.61905317e-05
0.00000000e+00,8.24228896e-06,1.64873927e-05,2.47289811e-05
0.00000000e+00,4.62679496e-06,9.25686564e-06,1.38828924e-05
0.00000000e+00,0.00000000e+00,0.00000000e+00,0.00000000e+00
0.00000000e+00,4.68875426e-06,9.37896531e-06,1.40673572e-05
0.00000000e+00,2.66011719e-06,5.32195418e-06,7.98166256e-06
0.00000000e+00,4.08691004e-06,8.17670610e-06,1.22629781e-05
0.00000000e+00,2.31551124e-06,4.63253991e-06,6.94771248e-06
0.00000000e+00,1.22880988e-05,2.45813630e-05,3.68680990e-05
0.00000000e+00,1.13593133e-05,2.27229683e-05,3.40811612e-05
0.00000000e+00,1.11667241e-05,2.23379880e-05,3.35035702e-05
0.00000000e+00,6.14750354e-06,1.23004084e-05,1.84466364e-05
0.00000000e+00,1.02237429e-05,2.04513333e-05,3.06741356e-05
0.00000000e+00,5.66589641e-06,1.13362963e-05,1.70011330e-05
0.00000000e+00,5.58479846e-06,1.11743605e-05,1.67580829e-05
0.00000000e+00,5.09768620e-06,1.01993387e-05,1.52961382e-05
0.00000000e+00,1.27457634e-05,2.54973649e-05,3.82416518e-05
0.00000000e+00,1.26542887e-05,2.53141959e-05,3.79670178e-05
0.00000000e+00,1.16309443e-05,2.32670583e-05,3.48967571e-05
0.00000000e+00,6.38436704e-06,1.27748257e-05,1.91577481e-05
0.00000000e+00,1.15361380e-05,2.30773067e-05,3.46122078e-05
0.00000000e+00,6.33686960e-06,1.26796722e-05,1.90151255e-05
0.00000000e+00,5.82554279e-06,1.16564489e-05,1.74807727e-05
0.00000000e+00,5.77609118e-06,1.15574277e-05,1.73323405e-05
0.00000000e+00,1.22881053e-05,2.45811986e-05,3.68680924e-05
0.00000000e+00,1.26542777e-05,2.53141204e-05,3.79670176e-05
0.00000000e+00,1.11667338e-05,2.23378633e-05,3.35035631e-05
0.00000000e+00,6.14753682e-06,1.23003217e-05,1.84466310e-05
0.00000000e+00,1.15361451e-05,2.30772330e-05,3.46122039e-05
0.00000000e+00,6.33687309e-06,1.26796247e-05,1.90151127e-05
0.00000000e+00,5.58483754e-06,1.11742635e-05,1.67580687e-05
0.00000000e+00,5.77612340e-06,1.15573837e-05,1.73323301e-05
0.00000000e+00,9.33624281e-06,1.86755937e-05,2.80111739e-05
0.00000000e+00,1.13592835e-05,2.27228109e-05,3.40811599e-05
0.00000000e+00,8.24224135e-06,1.64872969e-05,2.47290021e-05
0.00000000e+00,4.62674724e-06,9.25681303e-06,1.38829037e-05
0.00000000e+00,1.02237317e-05,2.04511862e-05,3.06741243e-05
0.00000000e+00,5.66588386e-06,1.13362016e-05,1.70011402e-05
0.00000000e+00,4.08689163e-06,8.17664848e-06,1.22629811e-05
0.00000000e+00,5.09768834e-06,1.01992360e-05,1.52961297e-05
0.00000000e+00,0.00000000e+00,0.00000000e+00,0.00000000e+00
0.00000000e+00,5.39643812e-06,1.07944446e-05,1.61905332e-05
0.00000000e+00,0.00000000e+00,0.00000000e+00,0.00000000e+00
0.00000000e+00,0.00000000e+00,0.00000000e+00,0.00000000e+00
0.00000000e+00,4.68876700e-06,9.37890546e-06,1.40673584e-05
0.00000000e+00,2.66010450e-06,5.32192772e-06,7.98167231e-06
0.00000000e+00,0.00000000e+00,0.00000000e+00,0.00000000e+00
0.00000000e+00,2.31551883e-06,4.63250534e-06,6.94771438e-06
0.00000000e+00,0.00000000e+00,0.00000000e+00,0.00000000e+00
0.00000000e+00,1.17324481e-05,2.34687965e-05,3.52002116e-05
0.00000000e+00,0.00000000e+00,0.00000000e+00,0.00000000e+00
0.00000000e+00,0.00000000e+00,0.00000000e+00,0.00000000e+00
0.00000000e+00,7.19700399e-06,1.43960087e-05,2.15924645e-05
0.00000000e+00,1.05091432e-05,2.10218317e-05,3.15300418e-05
0.00000000e+00,5.81669983e-06,1.16374607e-05,1.74531409e-05
0.00000000e+00,0.00000000e+00,0.00000000e+00,0.00000000e+00
0.00000000e+00,6.21403182e-06,1.24298793e-05,1.86434248e-05
0.00000000e+00,3.52701276e-06,7.05614997e-06,1.05826130e-05
0.00000000e+00,5.20754226e-06,1.04187352e-05,1.56253773e-05
0.00000000e+00,3.05552821e-06,6.11297532e-06,9.16802191e-06
0.00000000e+00,1.44656825e-05,2.89378343e-05,4.34018195e-05
0.00000000e+00,1.36071939e-05,2.72197755e-05,4.08255551e-05
0.00000000e+00,1.33891368e-05,2.67840485e-05,4.01716549e-05
0.00000000e+00,7.23932150e-06,1.44854042e-05,2.17230426e-05
0.00000000e+00,1.24952304e-05,2.49953199e-05,3.74892748e-05
0.00000000e+00,6.79972231e-06,1.36050590e-05,2.04033821e-05
0.00000000e+00,6.70063272e-06,1.34073269e-05,2.01064789e-05
0.00000000e+00,6.23688109e-06,1.24788065e-05,1.87144536e-05
0.00000000e+00,1.49073762e-05,2.98221211e-05,4.47276318e-05
0.00000000e+00,1.48280755e-05,2.96632448e-05,4.44894524e-05
0.00000000e+00,1.38388177e-05,2.76841498e-05,4.15212898e-05
0.00000000e+00,7.46720149e-06,1.49420982e-05,2.24074252e-05
0.00000000e+00,1.37510447e-05,2.75084058e-05,4.12577770e-05
0.00000000e+00,7.42685066e-06,1.48611713e-05,2.22861616e-05
0.00000000e+00,6.93244942e-06,1.38717829e-05,2.08025770e-05
0.00000000e+00,6.88657903e-06,1.37798377e-05,2.06647771e-05
0.00000000e+00,1.44656615e-05,2.89377382e-05,4.34018422e-05
0.00000000e+00,1.48280379e-05,2.96631976e-05,4.44894706e-05
0.00000000e+00,1.33891266e-05,2.67839056e-05,4.01716567e-05
0.00000000e+00,7.23935150e-06,1.44853050e-05,2.17230533e-05
0.00000000e+00,1.37510139e-05,2.75083413e-05,4.12577772e-05
0.00000000e+00,7.42683964e-06,1.48611378e-05,2.22861829e-05
0.00000000e+00,6.70065216e-06,1.34072346e-05,2.01064821e-05
0.00000000e+00,6.88658203e-06,1.37797915e-05,2.06647798e-05
0.00000000e+00,1.17324092e-05,2.34686924e-05,3.52002381e-05
0.00000000e+00,1.36071782e-05,2.72196429e-05,4.08255634e-05
0.00000000e+00,1.05091115e-05,2.10217023e-05,3.15300503e-05
0.00000000e+00,5.81660071e-06,1.16374294e-05,1.74531708e-05
0.00000000e+00,1.24952135e-05,2.49951573e-05,3.74892786e-05
0.00000000e+00,6.79968857e-06,1.36049665e-05,2.04033949e-05
0.00000000e+00,5.20748653e-06,1.04186689e-05,1.56253880e-05
0.00000000e+00,6.23686574e-06,1.24787021e-05,1.87144575e-05
0.00000000e+00,0.00000000e+00,0.00000000e+00,0.00000000e+00
0.00000000e+00,7.19697061e-06,1.43959533e-05,2.15924739e-05
0.00000000e+00,0.00000000e+00,0.00000000e+00,0.00000000e+00
0.00000000e+00,0.00000000e+00,0.00000000e+00,0.00000000e+00
0.00000000e+00,6.21402511e-06,1.24298045e-05,1.86434257e-05
0.00000000e+00,3.52698866e-06,7.05610953e-06,1.05826182e-05
0.00000000e+00,0.00000000e+00,0.00000000e+00,0.00000000e+00
0.00000000e+00,3.05550651e-06,6.11293580e-06,9.16802791e-06
0.00000000e+00,0.00000000e+00,0.00000000e+00,0.00000000e+00
0.00000000e+00,1.37589013e-05,2.75224636e-05,4.12801471e-05
0.00000000e+00,0.00000000e+00,0.00000000e+00,0.00000000e+00
0.00000000e+00,0.00000000e+00,0.00000000e+00,0.00000000e+00
0.00000000e+00,9.95988465e-06,1.99221183e-05,2.98813444e-05
0.00000000e+00,1.29404526e-05,2.58851610e-05,3.88244791e-05
0.00000000e+00,7.01170339e-06,1.40282699e-05,2.10386817e-05
0.00000000e+00,0.00000000e+00,0.00000000e+00,0.00000000e+00
0.00000000e+00,8.41696430e-06,1.68361063e-05,2.52524725e-05
0.00000000e+00,5.07020730e-06,1.01429329e-05,1.52124515e-05
0.00000000e+00,6.52558225e-06,1.30556221e-05,1.95800505e-05
0.00000000e+00,4.19529515e-06,8.39290469e-06,1.25875765e-05
0.00000000e+00,1.65452716e-05,3.30983668e-05,4.96416146e-05
0.00000000e+00,1.57207469e-05,3.14479958e-05,4.71670537e-05
0.00000000e+00,1.55436284e-05,3.10943855e-05,4.66361545e-05
0.00000000e+00,8.43310525e-06,1.68744573e-05,2.53054318e-05
0.00000000e+00,1.46607513e-05,2.93274540e-05,4.39866524e-05
0.00000000e+00,8.01398676e-06,1.60348003e-05,2.40470144e-05
0.00000000e+00,7.85783339e-06,1.57231753e-05,2.35790984e-05
0.00000000e+00,7.40789959e-06,1.48220139e-05,2.22283294e-05
0.00000000e+00,1.70141402e-05,3.40374562e-05,5.10493980e-05
0.00000000e+00,1.69202133e-05,3.38491662e-05,5.07671784e-05
0.00000000e+00,1.59718327e-05,3.19519039e-05,4.79216888e-05
0.00000000e+00,8.67256655e-06,1.73545178e-05,2.60247382e-05
0.00000000e+00,1.58774158e-05,3.17627282e-05,4.76381172e-05
0.00000000e+00,8.62515685e-06,1.72594457e-05,2.58822700e-05
0.00000000e+00,8.07644085e-06,1.61614678e-05,2.42357999e-05
0.00000000e+00,8.02920353e-06,1.60667079e-05,2.40938179e-05
0.00000000e+00,1.65452321e-05,3.30983518e-05,4.96416743e-05
0.00000000e+00,1.69201623e-05,3.38492172e-05,5.07672380e-05
0.00000000e+00,1.55436107e-05,3.10943107e-05,4.66361868e-05
0.00000000e+00,8.43310688e-06,1.68743408e-05,2.53054763e-05
0.00000000e+00,1.58773628e-05,3.17627380e-05,4.76381475e-05
0.00000000e+00,8.62515736e-06,1.72593829e-05,2.58822980e-05
0.00000000e+00,7.85783448e-06,1.57230801e-05,2.35791258e-05
0.00000000e+00,8.02919445e-06,1.60666672e-05,2.40938457e-05
0.00000000e+00,1.37588604e-05,2.75224199e-05,4.12802055e-05
0.00000000e+00,1.57206975e-05,3.14479498e-05,4.71671145e-05
0.00000000e+00,1.29404067e-05,2.58850823e-05,3.88245164e-05
0.00000000e+00,7.01164517e-06,1.40281772e-05,2.10387021e-05
0.00000000e+00,1.46607200e-05,2.93273613e-05,4.39866950e-05
0.00000000e+00,8.01397637e-06,1.60346612e-05,2.40470340e-05
0.00000000e+00,6.52552774e-06,1.30555538e-05,1.95800719e-05
0.00000000e+00,7.40787456e-06,1.48219116e-05,2.22283494e-05
0.00000000e+00,0.00000000e+00,0.00000000e+00,0.00000000e+00
0.00000000e+00,9.95982216e-06,1.99221120e-05,2.98813671e-05
0.00000000e+00,0.00000000e+00,0.00000000e+00,0.00000000e+00
0.00000000e+00,0.00000000e+00,0.00000000e+00,0.00000000e+00
0.00000000e+00,8.41692715e-06,1.68360705e-05,2.52524868e-05
0.00000000e+00,5.07019573e-06,1.01428896e-05,1.52124570e-05
0.00000000e+00,0.00000000e+00,0.00000000e+00,0.00000000e+00
0.00000000e+00,4.19526134e-06,8.39286807e-06,1.25875849e-05
0.00000000e+00,0.00000000e+00,0.00000000e+00,0.00000000e+00
0.00000000e+00,1.43280858e-05,2.86583168e-05,4.29858141e-05
0.00000000e+00,0.00000000e+00,0.00000000e+00,0.00000000e+00
0.00000000e+00,0.00000000e+00,0.00000000e+00,0.00000000e+00
0.00000000e+00,8.15317617e-06,1.63074605e-05,2.44603186e-05
0.00000000e+00,1.26187277e-05,2.52393788e-05,3.78576203e-05
0.00000000e+00,1.07019906e-05,2.14062755e-05,3.21076849e-05
0.00000000e+00,0.00000000e+00,0.00000000e+00,0.00000000e+00
0.00000000e+00,7.11213066e-06,1.42252687e-05,2.13371410e-05
0.00000000e+00,6.04575952e-06,1.20927407e-05,1.81382032e-05
0.00000000e+00,9.38338380e-06,1.87687760e-05,2.81517190e-05
0.00000000e+00,5.25544528e-06,1.05119805e-05,1.57671937e-05
0.00000000e+00,1.93980929e-05,3.87994615e-05,5.81965962e-05
0.00000000e+00,1.77639921e-05,3.55308093e-05,5.32939912e-05
0.00000000e+00,1.74415388e-05,3.48860424e-05,5.23268121e-05
0.00000000e+00,1.47188749e-05,2.94414163e-05,4.41593514e-05
0.00000000e+00,1.58533299e-05,3.17092171e-05,4.75618985e-05
0.00000000e+00,1.34029745e-05,2.68090236e-05,4.02112223e-05
0.00000000e+00,1.31647393e-05,2.63326769e-05,3.94966984e-05
0.00000000e+00,1.18983067e-05,2.37993210e-05,3.56970324e-05
0.00000000e+00,2.02027157e-05,4.04089719e-05,6.06107444e-05
0.00000000e+00,2.00384355e-05,4.00803360e-05,6.01177427e-05
0.00000000e+00,1.82339409e-05,3.64710449e-05,5.47041905e-05
0.00000000e+00,1.53729055e-05,3.07498657e-05,4.61217720e-05
0.00000000e+00,1.80697369e-05,3.61426343e-05,5.42115151e-05
0.00000000e+00,1.52379306e-05,3.04798283e-05,4.57167399e-05
0.00000000e+00,1.38070608e-05,2.76176246e-05,4.14238857e-05
0.00000000e+00,1.36723486e-05,2.73481672e-05,4.10197085e-05
0.00000000e+00,1.93980994e-05,3.87992072e-05,5.81965877e-05
0.00000000e+00,2.00384351e-05,4.00801623e-05,6.01177525e-05
0.00000000e+00,1.74415843e-05,3.48858147e-05,5.23268038e-05
0.00000000e+00,1.47189031e-05,2.94412230e-05,4.41593377e-05
0.00000000e+00,1.80697585e-05,3.61424659e-05,5.42115265e-05
0.00000000e+00,1.52379405e-05,3.04797039e-05,4.57167479e-05
0.00000000e+00,1.31647968e-05,2.63325024e-05,3.94966815e-05
0.00000000e+00,1.36723771e-05,2.73480527e-05,4.10197140e-05
0.00000000e+00,1.43281225e-05,2.86580855e-05,4.29857761e-05
0.00000000e+00,1.77640295e-05,3.55305315e-05,5.32939332e-05
0.00000000e+00,1.26187512e-05,2.52392034e-05,3.78575937e-05
0.00000000e+00,1.07019720e-05,2.14061512e-05,3.21076799e-05
0.00000000e+00,1.58533796e-05,3.17089901e-05,4.75618395e-05
0.00000000e+00,1.34029694e-05,2.68088533e-05,4.02111941e-05
0.00000000e+00,9.38338524e-06,1.87686760e-05,2.81517045e-05
0.00000000e+00,1.18983374e-05,2.37991681e-05,3.56970004e-05
0.00000000e+00,0.00000000e+00,0.00000000e+00,0.00000000e+00
0.00000000e+00,8.15320007e-06,1.63073254e-05,2.44603000e-05
0.00000000e+00,0.00000000e+00,0.00000000e+00,0.00000000e+00
0.00000000e+00,0.00000000e+00,0.00000000e+00,0.00000000e+00
0.00000000e+00,7.11215159e-06,1.42251662e-05,2.13371246e-05
0.00000000e+00,6.04578151e-06,1.20926542e-05,1.81381997e-05
0.00000000e+00,0.00000000e+00,0.00000000e+00,0.00000000e+00
0.00000000e+00,5.25546929e-06,1.05119143e-05,1.57671887e-05
0.00000000e+00,0.00000000e+00,0.00000000e+00,0.00000000e+00
0.00000000e+00,1.80554397e-05,3.61134478e-05,5.41681131e-05
0.00000000e+00,0.00000000e+00,0.00000000e+00,0.00000000e+00
0.00000000e+00,0.00000000e+00,0.00000000e+00,0.00000000e+00
0.00000000e+00,1.05855278e-05,2.11723645e-05,3.17574783e-05
0.00000000e+00,1.61391525e-05,3.22806672e-05,4.84191334e-05
0.00000000e+00,1.35917141e-05,2.71863669e-05,4.07772584e-05
0.00000000e+00,0.00000000e+00,0.00000000e+00,0.00000000e+00
0.00000000e+00,9.29941859e-06,1.86000391e-05,2.78990818e-05
0.00000000e+00,7.88539479e-06,1.57722676e-05,2.36572378e-05
0.00000000e+00,1.21013283e-05,2.42052479e-05,3.63058759e-05
0.00000000e+00,6.91191207e-06,1.38251672e-05,2.07367138e-05
0.00000000e+00,2.32473439e-05,4.64986920e-05,6.97447497e-05
0.00000000e+00,2.16302601e-05,4.32639597e-05,6.48931347e-05
0.00000000e+00,2.13354273e-05,4.26744733e-05,6.40087670e-05
0.00000000e+00,1.77818382e-05,3.55682694e-05,5.33487517e-05
0.00000000e+00,1.96945003e-05,3.93921309e-05,5.90856651e-05
0.00000000e+00,1.64680162e-05,3.29399711e-05,4.94068614e-05
0.00000000e+00,1.62607511e-05,3.25256032e-05,4.87852110e-05
0.00000000e+00,1.49297635e-05,2.98630188e-05,4.47918256e-05
0.00000000e+00,2.40527796e-05,4.81098743e-05,7.21613721e-05
0.00000000e+00,2.38940778e-05,4.77923962e-05,7.16851188e-05
0.00000000e+00,2.21426822e-05,4.42892652e-05,6.64308375e-05
0.00000000e+00,1.84309061e-05,3.68668544e-05,5.52963372e-05
0.00000000e+00,2.19804328e-05,4.39646965e-05,6.59439171e-05
0.00000000e+00,1.83019056e-05,3.66087933e-05,5.49092699e-05
0.00000000e+00,1.69149130e-05,3.38343664e-05,5.07480845e-05
0.00000000e+00,1.67820266e-05,3.35685007e-05,5.03493057e-05
0.00000000e+00,2.32473228e-05,4.64983832e-05,6.97447376e-05
0.00000000e+00,2.38940570e-05,4.77922111e-05,7.16851201e-05
0.00000000e+00,2.13354152e-05,4.26741827e-05,6.40087602e-05
0.00000000e+00,1.77818207e-05,3.55680112e-05,5.33487272e-05
0.00000000e+00,2.19804201e-05,4.39645069e-05,6.59439232e-05
0.00000000e+00,1.83018848e-05,3.66086691e-05,5.49092691e-05
0.00000000e+00,1.62607520e-05,3.25253826e-05,4.87851937e-05
0.00000000e+00,1.67820262e-05,3.35683758e-05,5.03493072e-05
0.00000000e+00,1.80554724e-05,3.61131840e-05,5.41680888e-05
0.00000000e+00,2.16302678e-05,4.32636247e-05,6.48931001e-05
0.00000000e+00,1.61391868e-05,3.22804124e-05,4.84191029e-05
0.00000000e+00,1.35917324e-05,2.71861331e-05,4.07772454e-05
0.00000000e+00,1.96945154e-05,3.93918129e-05,5.90856156e-05
0.00000000e+00,1.64679962e-05,3.29397167e-05,4.94068421e-05
0.00000000e+00,1.21013264e-05,2.42050623e-05,3.63058652e-05
0.00000000e+00,1.49297544e-05,2.98627982e-05,4.47918012e-05
0.00000000e+00,0.00000000e+00,0.00000000e+00,0.00000000e+00
0.00000000e+00,1.05855576e-05,2.11722015e-05,3.17574636e-05
0.00000000e+00,0.00000000e+00,0.00000000e+00,0.00000000e+00
0.00000000e+00,0.00000000e+00,0.00000000e+00,0.00000000e+00
0.00000000e+00,9.29944936e-06,1.85998770e-05,2.78990621e-05
0.00000000e+00,7.88541826e-06,1.57721385e-05,2.36572234e-05
0.00000000e+00,0.00000000e+00,0.00000000e+00,0.00000000e+00
0.00000000e+00,6.91192759e-06,1.38250601e-05,2.07367061e-05
0.00000000e+00,0.00000000e+00,0.00000000e+00,0.00000000e+00
0.00000000e+00,2.21238515e-05,4.42507469e-05,6.63736676e-05
0.00000000e+00,0.00000000e+00,0.00000000e+00,0.00000000e+00
0.00000000e+00,0.00000000e+00,0.00000000e+00,0.00000000e+00
0.00000000e+00,1.37868168e-05,2.75752022e-05,4.13615268e-05
0.00000000e+00,2.00715037e-05,4.01457981e-05,6.02164447e-05
0.00000000e+00,1.68071068e-05,3.36177834e-05,5.04239054e-05
0.00000000e+00,0.00000000e+00,0.00000000e+00,0.00000000e+00
0.00000000e+00,1.20569074e-05,2.41152410e-05,3.61716935e-05
0.00000000e+00,1.02967847e-05,2.05953669e-05,3.08916411e-05
0.00000000e+00,1.51747535e-05,3.03527439e-05,4.55265985e-05
0.00000000e+00,8.99359473e-06,1.79888286e-05,2.69819570e-05
0.00000000e+00,2.69863651e-05,5.39775314e-05,8.09623334e-05
0.00000000e+00,2.54241747e-05,5.08524663e-05,7.62753465e-05
0.00000000e+00,2.51299839e-05,5.02643624e-05,7.53929100e-05
0.00000000e+00,2.07461566e-05,4.14978957e-05,6.22423969e-05
0.00000000e+00,2.35500101e-05,4.71038030e-05,7.06526066e-05
0.00000000e+00,1.95129658e-05,3.90307156e-05,5.85423289e-05
0.00000000e+00,1.92790999e-05,3.85632726e-05,5.78408675e-05
0.00000000e+00,1.80043065e-05,3.60129641e-05,5.40160284e-05
0.00000000e+00,2.77814516e-05,5.55680480e-05,8.33478906e-05
0.00000000e+00,2.76353969e-05,5.52758890e-05,8.29096288e-05
0.00000000e+00,2.59320156e-05,5.18687440e-05,7.77993076e-05
0.00000000e+00,2.13827087e-05,4.27715444e-05,6.41524786e-05
0.00000000e+00,2.57787058e-05,5.15620962e-05,7.73392882e-05
0.00000000e+00,2.12690436e-05,4.25441716e-05,6.38114354e-05
0.00000000e+00,1.99215595e-05,3.98486614e-05,5.97686200e-05
0.00000000e+00,1.97963454e-05,3.95981984e-05,5.93929425e-05
0.00000000e+00,2.69863243e-05,5.39771914e-05,8.09622950e-05
0.00000000e+00,2.76353503e-05,5.52756951e-05,8.29096221e-05
0.00000000e+00,2.51299525e-05,5.02640303e-05,7.53928873e-05
0.00000000e+00,2.07460900e-05,4.14976718e-05,6.22423867e-05
0.00000000e+00,2.57786801e-05,5.15618991e-05,7.73392810e-05
0.00000000e+00,2.12689704e-05,4.25440769e-05,6.38114420e-05
0.00000000e+00,1.92790668e-05,3.85630234e-05,5.78408475e-05
0.00000000e+00,1.97962995e-05,3.95980858e-05,5.93929405e-05
0.00000000e+00,2.21239120e-05,4.42504202e-05,6.63736225e-05
0.00000000e+00,2.54241704e-05,5.08521210e-05,7.62752998e-05
0.00000000e+00,2.00715455e-05,4.01455112e-05,6.02164184e-05
0.00000000e+00,1.68071518e-05,3.36175173e-05,5.04238706e-05
0.00000000e+00,2.35500113e-05,4.71034470e-05,7.06525691e-05
0.00000000e+00,1.95129597e-05,3.90304807e-05,5.85423118e-05
0.00000000e+00,1.51747909e-05,3.03524885e-05,4.55265718e-05
0.00000000e+00,1.80042930e-05,3.60127122e-05,5.40160100e-05
0.00000000e+00,0.00000000e+00,0.00000000e+00,0.00000000e+00
0.00000000e+00,1.37868175e-05,2.75750525e-05,4.13615298e-05
0.00000000e+00,0.00000000e+00,0.00000000e+00,0.00000000e+00
0.00000000e+00,0.00000000e+00,0.00000000e+00,0.00000000e+00
0.00000000e+00,1.20569215e-05,2.41150862e-05,3.61716895e-05
0.00000000e+00,1.02967907e-05,2.05952506e-05,3.08916426e-05
0.00000000e+00,0.00000000e+00,0.00000000e+00,0.00000000e+00
0.00000000e+00,8.99360897e-06,1.79887062e-05,2.69819500e-05
0.00000000e+00,0.00000000e+00,0.00000000e+00,0.00000000e+00
0.00000000e+00,2.54500590e-05,5.09036297e-05,7.63526382e-05
0.00000000e+00,0.00000000e+00,0.00000000e+00,0.00000000e+00
0.00000000e+00,0.00000000e+00,0.00000000e+00,0.00000000e+00
0.00000000e+00,1.84149002e-05,3.68315523e-05,5.52458995e-05
0.00000000e+00,2.40684411e-05,4.81401710e-05,7.22076101e-05
0.00000000e+00,1.99825535e-05,3.99692584e-05,5.99506538e-05
0.00000000e+00,0.00000000e+00,0.00000000e+00,0.00000000e+00
0.00000000e+00,1.58853679e-05,3.17724203e-05,4.76572614e-05
0.00000000e+00,1.44480166e-05,2.88981184e-05,4.33455352e-05
0.00000000e+00,1.86761190e-05,3.73560886e-05,5.60311410e-05
0.00000000e+00,1.21260080e-05,2.42539606e-05,3.63794115e-05
0.00000000e+00,3.05822111e-05,6.11700893e-05,9.17505241e-05
0.00000000e+00,2.90414156e-05,5.80876155e-05,8.71275682e-05
0.00000000e+00,2.88441817e-05,5.76935745e-05,8.65360627e-05
0.00000000e+00,2.40238779e-05,4.80546590e-05,7.20766510e-05
0.00000000e+00,2.72180707e-05,5.44406218e-05,8.16573014e-05
0.00000000e+00,2.28228693e-05,4.56515599e-05,6.84728560e-05
0.00000000e+00,2.24420034e-05,4.48902731e-05,6.73305039e-05
0.00000000e+00,2.11635224e-05,4.23323341e-05,6.34943836e-05
0.00000000e+00,3.14439099e-05,6.28940320e-05,9.43360796e-05
0.00000000e+00,3.12664201e-05,6.25388409e-05,9.38033545e-05
0.00000000e+00,2.96311048e-05,5.92678102e-05,8.88971575e-05
0.00000000e+00,2.47042586e-05,4.94165813e-05,7.41187927e-05
0.00000000e+00,2.94531202e-05,5.89117750e-05,8.83630894e-05
0.00000000e+00,2.45681242e-05,4.91439374e-05,7.37100219e-05
0.00000000e+00,2.30611841e-05,4.61294784e-05,6.91887485e-05
0.00000000e+00,2.29249694e-05,4.58567765e-05,6.87798269e-05
0.00000000e+00,3.05821494e-05,6.11697902e-05,9.17504867e-05
0.00000000e+00,3.12663579e-05,6.25386660e-05,9.38033478e-05
0.00000000e+00,2.88441321e-05,5.76932221e-05,8.65360121e-05
0.00000000e+00,2.40238193e-05,4.80545831e-05,7.20766862e-05
0.00000000e+00,2.94530659e-05,5.89115736e-05,8.83630776e-05
0.00000000e+00,2.45680190e-05,4.91439897e-05,7.37100722e-05
0.00000000e+00,2.24419457e-05,4.48901187e-05,6.73305126e-05
0.00000000e+00,2.29248928e-05,4.58567305e-05,6.87798437e-05
0.00000000e+00,2.54501325e-05,5.09033007e-05,7.63525882e-05
0.00000000e+00,2.90413637e-05,5.80873300e-05,8.71275364e-05
0.00000000e+00,2.40685289e-05,4.81398030e-05,7.22075501e-05
0.00000000e+00,1.99825363e-05,3.99691359e-05,5.99506847e-05
0.00000000e+00,2.72180468e-05,5.44402899e-05,8.16572533e-05
0.00000000e+00,2.28228038e-05,4.56514806e-05,6.84729093e-05
0.00000000e+00,1.86761332e-05,3.73558978e-05,5.60311391e-05
0.00000000e+00,2.11634917e-05,4.23321545e-05,6.34943942e-05
0.00000000e+00,0.00000000e+00,0.00000000e+00,0.00000000e+00
0.00000000e+00,1.84148917e-05,3.68314082e-05,5.52459050e-05
0.00000000e+00,0.00000000e+00,0.00000000e+00,0.00000000e+00
0.00000000e+00,0.00000000e+00,0.00000000e+00,0.00000000e+00
0.00000000e+00,1.58853623e-05,3.17722672e-05,4.76572653e-05
0.00000000e+00,1.44479901e-05,2.88980730e-05,4.33455525e-05
0.00000000e+00,0.00000000e+00,0.00000000e+00,0.00000000e+00
0.00000000e+00,1.21259993e-05,2.42538709e-05,3.63794192e-05
0.00000000e+00,0.00000000e+00,0.00000000e+00,0.00000000e+00
0.00000000e+00,1.57068047e-05,3.14147955e-05,4.71213932e-05
0.00000000e+00,0.00000000e+00,0.00000000e+00,0.00000000e+00
0.00000000e+00,0.00000000e+00,0.00000000e+00,0.00000000e+00
0.00000000e+00,8.83487146e-06,1.76703411e-05,2.65050855e-05
0.00000000e+00,1.31578188e-05,2.63167258e-05,3.94744078e-05
0.00000000e+00,1.49821024e-05,2.99658926e-05,4.49476015e-05
0.00000000e+00,0.00000000e+00,0.00000000e+00,0.00000000e+00
0.00000000e+00,7.34001633e-06,1.46805461e-05,2.20204663e-05
0.00000000e+00,8.46357233e-06,1.69280036e-05,2.53913538e-05
0.00000000e+00,1.28618327e-05,2.57251884e-05,3.85867231e-05
0.00000000e+00,7.20405779e-06,1.44088732e-05,2.16127537e-05
0.00000000e+00,2.18128405e-05,4.36272875e-05,6.54398199e-05
0.00000000e+00,1.97921623e-05,3.95857646e-05,5.93776402e-05
0.00000000e+00,1.86441954e-05,3.72898834e-05,5.59338714e-05
0.00000000e+00,2.06089705e-05,4.12203141e-05,6.18286517e-05
0.00000000e+00,1.67853393e-05,3.35719764e-05,5.03571251e-05
0.00000000e+00,1.87658863e-05,3.75338987e-05,5.62992354e-05
0.00000000e+00,1.80450100e-05,3.60921845e-05,5.41367122e-05
0.00000000e+00,1.63091614e-05,3.26202503e-05,4.89289878e-05
0.00000000e+00,2.28249894e-05,4.56517911e-05,6.84766192e-05
0.00000000e+00,2.26146100e-05,4.52309446e-05,6.78452653e-05
0.00000000e+00,1.96003090e-05,3.92022359e-05,5.88024771e-05
0.00000000e+00,2.15248577e-05,4.30523228e-05,6.45766207e-05
0.00000000e+00,1.93980223e-05,3.87976267e-05,5.81954753e-05
0.00000000e+00,2.13358360e-05,4.26742165e-05,6.40093845e-05
0.00000000e+00,1.89256372e-05,3.78536149e-05,5.67788169e-05
0.00000000e+00,1.87409317e-05,3.74842019e-05,5.62246063e-05
0.00000000e+00,2.18128422e-05,4.36271921e-05,6.54398799e-05
0.00000000e+00,2.26145622e-05,4.52308795e-05,6.78453252e-05
0.00000000e+00,1.86442173e-05,3.72897960e-05,5.59339234e-05
0.00000000e+00,2.06089804e-05,4.12201303e-05,6.18286648e-05
0.00000000e+00,1.93979801e-05,3.87975684e-05,5.81955295e-05
0.00000000e+00,2.13358086e-05,4.26740929e-05,6.40094218e-05
0.00000000e+00,1.80450404e-05,3.60920300e-05,5.41367266e-05
0.00000000e+00,1.87409305e-05,3.74840786e-05,5.62246358e-05
0.00000000e+00,1.57068986e-05,3.14146254e-05,4.71213647e-05
0.00000000e+00,1.97922376e-05,3.95855961e-05,5.93776343e-05
0.00000000e+00,1.31579324e-05,2.63165650e-05,3.94743666e-05
0.00000000e+00,1.49821935e-05,2.99656565e-05,4.49475404e-05
0.00000000e+00,1.67854249e-05,3.35718440e-05,5.03571117e-05
0.00000000e+00,1.87659845e-05,3.75336491e-05,5.62991889e-05
0.00000000e+00,1.28618957e-05,2.57250215e-05,3.85866767e-05
0.00000000e+00,1.63092664e-05,3.26200412e-05,4.89289447e-05
0.00000000e+00,0.00000000e+00,0.00000000e+00,0.00000000e+00
0.00000000e+00,8.83492626e-06,1.76702424e-05,2.65050688e-05
0.00000000e+00,0.00000000e+00,0.00000000e+00,0.00000000e+00
0.00000000e+00,0.00000000e+00,0.00000000e+00,0.00000000e+00
0.00000000e+00,7.34007126e-06,1.46804552e-05,2.20204465e-05
0.00000000e+00,8.46359245e-06,1.69278953e-05,2.53913375e-05
0.00000000e+00,0.00000000e+00,0.00000000e+00,0.00000000e+00
0.00000000e+00,7.20407739e-06,1.44087941e-05,2.16127443e-05
0.00000000e+00,0.00000000e+00,0.00000000e+00,0.00000000e+00
0.00000000e+00,2.13232992e-05,4.26479969e-05,6.39709472e-05
0.00000000e+00,0.00000000e+00,0.00000000e+00,0.00000000e+00
0.00000000e+00,0.00000000e+00,0.00000000e+00,0.00000000e+00
0.00000000e+00,1.23196945e-05,2.46401149e-05,3.69596169e-05
0.00000000e+00,1.84202813e-05,3.68418760e-05,5.52618782e-05
0.00000000e+00,1.96167853e-05,3.92355679e-05,5.88517773e-05
0.00000000e+00,0.00000000e+00,0.00000000e+00,0.00000000e+00
0.00000000e+00,1.04759624e-05,2.09526040e-05,3.14284074e-05
0.00000000e+00,1.13794512e-05,2.27599219e-05,3.41390567e-05
0.00000000e+00,1.72297196e-05,3.44613023e-05,5.16905347e-05
0.00000000e+00,9.84195706e-06,1.96848592e-05,2.95265454e-05
0.00000000e+00,2.80728192e-05,5.61475540e-05,8.42198442e-05
0.00000000e+00,2.59504170e-05,5.19025743e-05,7.78525151e-05
0.00000000e+00,2.49610581e-05,4.99238633e-05,7.48845030e-05
0.00000000e+00,2.56698957e-05,5.13426435e-05,7.70116179e-05
0.00000000e+00,2.28525924e-05,4.57067753e-05,6.85589847e-05
0.00000000e+00,2.37727155e-05,4.75479838e-05,7.13198998e-05
0.00000000e+00,2.31540762e-05,4.63107397e-05,6.94640299e-05
0.00000000e+00,2.12584687e-05,4.25192650e-05,6.37770544e-05
0.00000000e+00,2.91183080e-05,5.82388904e-05,8.73568414e-05
0.00000000e+00,2.89091838e-05,5.78204453e-05,8.67291271e-05
0.00000000e+00,2.59991607e-05,5.20003439e-05,7.79992501e-05
0.00000000e+00,2.66072433e-05,5.32177063e-05,7.98241304e-05
0.00000000e+00,2.57871407e-05,5.15761648e-05,7.73629060e-05
0.00000000e+00,2.64207558e-05,5.28445646e-05,7.92643723e-05
0.00000000e+00,2.40862344e-05,4.81753590e-05,7.22609070e-05
0.00000000e+00,2.38968602e-05,4.77964752e-05,7.16925219e-05
0.00000000e+00,2.80727942e-05,5.61474334e-05,8.42199166e-05
0.00000000e+00,2.89090974e-05,5.78203952e-05,8.67291961e-05
0.00000000e+00,2.49610421e-05,4.99237535e-05,7.48845679e-05
0.00000000e+00,2.56698734e-05,5.13424197e-05,7.70116469e-05
0.00000000e+00,2.57870736e-05,5.15761072e-05,7.73629753e-05
0.00000000e+00,2.64206804e-05,5.28444496e-05,7.92644140e-05
0.00000000e+00,2.31540597e-05,4.63105347e-05,6.94640498e-05
0.00000000e+00,2.38968017e-05,4.77963520e-05,7.16925627e-05
0.00000000e+00,2.13234020e-05,4.26477721e-05,6.39709262e-05
0.00000000e+00,2.59504851e-05,5.19023549e-05,7.78525335e-05
0.00000000e+00,1.84203921e-05,3.68416661e-05,5.52618503e-05
0.00000000e+00,1.96168896e-05,3.92352540e-05,5.88517187e-05
0.00000000e+00,2.28526660e-05,4.57065753e-05,6.85589827e-05
0.00000000e+00,2.37727951e-05,4.75476708e-05,7.13198766e-05
0.00000000e+00,1.72298404e-05,3.44609929e-05,5.16904591e-05
0.00000000e+00,2.12585669e-05,4.25189699e-05,6.37770076e-05
0.00000000e+00,0.00000000e+00,0.00000000e+00,0.00000000e+00
0.00000000e+00,1.23197550e-05,2.46399948e-05,3.69595979e-05
0.00000000e+00,0.00000000e+00,0.00000000e+00,0.00000000e+00
0.00000000e+00,0.00000000e+00,0.00000000e+00,0.00000000e+00
0.00000000e+00,1.04760173e-05,2.09524953e-05,3.14283912e-05
0.00000000e+00,1.13794762e-05,2.27597749e-05,3.41390367e-05
0.00000000e+00,0.00000000e+00,0.00000000e+00,0.00000000e+00
0.00000000e+00,9.84197810e-06,1.96847237e-05,2.95265238e-05
0.00000000e+00,0.00000000e+00,0.00000000e+00,0.00000000e+00
0.00000000e+00,2.76901332e-05,5.53818250e-05,8.30714763e-05
0.00000000e+00,0.00000000e+00,0.00000000e+00,0.00000000e+00
0.00000000e+00,0.00000000e+00,0.00000000e+00,0.00000000e+00
0.00000000e+00,1.69681658e-05,3.39371242e-05,5.09050303e-05
0.00000000e+00,2.44352205e-05,4.88719115e-05,7.33067168e-05
0.00000000e+00,2.47768074e-05,4.95559063e-05,7.43319756e-05
0.00000000e+00,0.00000000e+00,0.00000000e+00,0.00000000e+00
0.00000000e+00,1.44414917e-05,2.88837395e-05,4.33250059e-05
0.00000000e+00,1.51693377e-05,3.03398860e-05,4.55088266e-05
0.00000000e+00,2.21512363e-05,4.43046065e-05,6.64551836e-05
0.00000000e+00,1.31288475e-05,2.62587925e-05,3.93872835e-05
0.00000000e+00,3.41344922e-05,6.82712953e-05,1.02405059e-04
0.00000000e+00,3.21114876e-05,6.42250040e-05,9.63358489e-05
0.00000000e+00,3.11335741e-05,6.22692390e-05,9.34021824e-05
0.00000000e+00,3.05831533e-05,6.11697892e-05,9.17517846e-05
0.00000000e+00,2.90553267e-05,5.81125364e-05,8.71673007e-05
0.00000000e+00,2.87622416e-05,5.75275113e-05,8.62887542e-05
0.00000000e+00,2.81485478e-05,5.63002352e-05,8.44477408e-05
0.00000000e+00,2.62855113e-05,5.25737910e-05,7.88583985e-05
0.00000000e+00,3.51768254e-05,7.03565439e-05,1.05532828e-04
0.00000000e+00,3.49902767e-05,6.99831184e-05,1.04972695e-04
0.00000000e+00,3.21797163e-05,6.43620073e-05,9.65412847e-05
0.00000000e+00,3.15213383e-05,6.30466110e-05,9.45668638e-05
0.00000000e+00,3.19756280e-05,6.39535562e-05,9.59285809e-05
0.00000000e+00,3.13528367e-05,6.27094004e-05,9.40610359e-05
0.00000000e+00,2.90873354e-05,5.81782499e-05,8.72646366e-05
0.00000000e+00,2.89045596e-05,5.78124810e-05,8.67159703e-05
0.00000000e+00,3.41344743e-05,6.82711486e-05,1.02405144e-04
0.00000000e+00,3.49901696e-05,6.99830828e-05,1.04972776e-04
0.00000000e+00,3.11335398e-05,6.22691215e-05,9.34022711e-05
0.00000000e+00,3.05831353e-05,6.11695280e-05,9.17518029e-05
0.00000000e+00,3.19755292e-05,6.39535120e-05,9.59286557e-05
0.00000000e+00,3.13527305e-05,6.27093003e-05,9.40610836e-05
0.00000000e+00,2.81485256e-05,5.62999963e-05,8.44477730e-05
0.00000000e+00,2.89044703e-05,5.78123767e-05,8.67160151e-05
0.00000000e+00,2.76902205e-05,5.53815878e-05,8.30714777e-05
0.00000000e+00,3.21115295e-05,6.42247820e-05,9.63358961e-05
0.00000000e+00,2.44353132e-05,4.88716798e-05,7.33067084e-05
0.00000000e+00,2.47768723e-05,4.95556036e-05,7.43319430e-05
0.00000000e+00,2.90553812e-05,5.81123157e-05,8.71673409e-05
0.00000000e+00,2.87622908e-05,5.75271862e-05,8.62887447e-05
0.00000000e+00,2.21513267e-05,4.43042955e-05,6.64551411e-05
0.00000000e+00,2.62855752e-05,5.25734706e-05,7.88583931e-05
0.00000000e+00,0.00000000e+00,0.00000000e+00,0.00000000e+00
0.00000000e+00,1.69682146e-05,3.39370085e-05,5.09050201e-05
0.00000000e+00,0.00000000e+00,0.00000000e+00,0.00000000e+00
0.00000000e+00,0.00000000e+00,0.00000000e+00,0.00000000e+00
0.00000000e+00,1.44415504e-05,2.88836202e-05,4.33249886e-05
0.00000000e+00,1.51693535e-05,3.03397402e-05,4.55088249e-05
0.00000000e+00,0.00000000e+00,0.00000000e+00,0.00000000e+00
0.00000000e+00,1.31288767e-05,2.62586388e-05,3.93872678e-05
0.00000000e+00,0.00000000e+00,0.00000000e+00,0.00000000e+00
0.00000000e+00,3.32400332e-05,6.64818310e-05,9.97212580e-05
0.00000000e+00,0.00000000e+00,0.00000000e+00,0.00000000e+00
0.00000000e+00,0.00000000e+00,0.00000000e+00,0.00000000e+00
0.00000000e+00,2.40433149e-05,4.80875472e-05,7.21305293e-05
0.00000000e+00,3.09072071e-05,6.18160526e-05,9.27227097e-05
0.00000000e+00,2.99216436e-05,5.98459906e-05,8.97667403e-05
0.00000000e+00,0.00000000e+00,0.00000000e+00,0.00000000e+00
0.00000000e+00,2.01049809e-05,4.02108109e-05,6.03154931e-05
0.00000000e+00,2.16195033e-05,4.32404495e-05,6.48594722e-05
0.00000000e+00,2.77414862e-05,5.54854780e-05,8.32261394e-05
0.00000000e+00,1.80185438e-05,3.60384375e-05,5.40565384e-05
0.00000000e+00,3.99522688e-05,7.99073849e-05,1.19858747e-04
0.00000000e+00,3.79542850e-05,7.59109631e-05,1.13864451e-04
0.00000000e+00,3.71337032e-05,7.42699790e-05,1.11402853e-04
0.00000000e+00,3.59610112e-05,7.19262882e-05,1.07885883e-04
0.00000000e+00,3.50272375e-05,7.00566623e-05,1.05083181e-04
0.00000000e+00,3.41531740e-05,6.83100226e-05,1.02462009e-04
0.00000000e+00,3.33525763e-05,6.67090395e-05,1.00060319e-04
0.00000000e+00,3.14563192e-05,6.29159861e-05,9.43712127e-05
0.00000000e+00,4.10825701e-05,8.21686081e-05,1.23250433e-04
0.00000000e+00,4.08543759e-05,8.17118684e-05,1.22565330e-04
0.00000000e+00,3.81585817e-05,7.63203847e-05,1.14478331e-04
0.00000000e+00,3.69771881e-05,7.39590385e-05,1.10934821e-04
0.00000000e+00,3.79337379e-05,7.58703125e-05,1.13803243e-04
0.00000000e+00,3.67707799e-05,7.35461042e-05,1.10315385e-04
0.00000000e+00,3.42757862e-05,6.85558755e-05,1.02830408e-04
0.00000000e+00,3.40746308e-05,6.81533880e-05,1.02226666e-04
0.00000000e+00,3.99522770e-05,7.99071861e-05,1.19858810e-04
0.00000000e+00,4.08542538e-05,8.17118291e-05,1.22565423e-04
0.00000000e+00,3.71337127e-05,7.42697942e-05,1.11402925e-04
0.00000000e+00,3.59609576e-05,7.19259959e-05,1.07885876e-04
0.00000000e+00,3.79336237e-05,7.58702764e-05,1.13803340e-04
0.00000000e+00,3.67706687e-05,7.35459666e-05,1.10315420e-04
0.00000000e+00,3.33525434e-05,6.67087576e-05,1.00060320e-04
0.00000000e+00,3.40745102e-05,6.81532764e-05,1.02226716e-04
0.00000000e+00,3.32400894e-05,6.64815937e-05,9.97212705e-05
0.00000000e+00,3.79542905e-05,7.59107396e-05,1.13864487e-04
0.00000000e+00,3.09072820e-05,6.18158125e-05,9.27227207e-05
0.00000000e+00,2.99216605e-05,5.98456860e-05,8.97667052e-05
0.00000000e+00,3.50272604e-05,7.00564427e-05,1.05083224e-04
0.00000000e+00,3.41532075e-05,6.83096721e-05,1.02461964e-04
0.00000000e+00,2.77415205e-05,5.54851726e-05,8.32261022e-05
0.00000000e+00,3.14563696e-05,6.29156421e-05,9.43711799e-05
0.00000000e+00,0.00000000e+00,0.00000000e+00,0.00000000e+00
0.00000000e+00,2.40433415e-05,4.80874288e-05,7.21305320e-05
0.00000000e+00,0.00000000e+00,0.00000000e+00,0.00000000e+00
0.00000000e+00,0.00000000e+00,0.00000000e+00,0.00000000e+00
0.00000000e+00,2.01050216e-05,4.02106949e-05,6.03154897e-05
0.00000000e+00,2.16195028e-05,4.32402945e-05,6.48594835e-05
0.00000000e+00,0.00000000e+00,0.00000000e+00,0.00000000e+00
0.00000000e+00,1.80185467e-05,3.60382946e-05,5.40565505e-05
0.00000000e+00,0.00000000e+00,0.00000000e+00,0.00000000e+00
0.00000000e+00,1.61733374e-05,3.23468916e-05,4.85204235e-05
0.00000000e+00,0.00000000e+00,0.00000000e+00,0.00000000e+00
0.00000000e+00,0.00000000e+00,0.00000000e+00,0.00000000e+00
0.00000000e+00,9.06427699e-06,1.81286536e-05,2.71929961e-05
0.00000000e+00,1.33433430e-05,2.66869376e-05,4.00304882e-05
0.00000000e+00,1.58913297e-05,3.17833313e-05,4.76746624e-05
0.00000000e+00,0.00000000e+00,0.00000000e+00,0.00000000e+00
0.00000000e+00,7.41985129e-06,1.48398088e-05,2.22597263e-05
0.00000000e+00,8.91146897e-06,1.78232761e-05,2.67347189e-05
0.00000000e+00,1.32195689e-05,2.64397802e-05,3.96593875e-05
0.00000000e+00,7.35639991e-06,1.47130969e-05,2.20694871e-05
0.00000000e+00,2.26573739e-05,4.53147873e-05,6.79725211e-05
0.00000000e+00,2.04902681e-05,4.09806516e-05,6.14711917e-05
0.00000000e+00,1.90627103e-05,3.81255401e-05,5.71886063e-05
0.00000000e+00,2.22357849e-05,4.44723802e-05,6.67082011e-05
0.00000000e+00,1.71056184e-05,3.42113845e-05,5.13172720e-05
0.00000000e+00,2.01181319e-05,4.02370141e-05,6.03551513e-05
0.00000000e+00,1.88526717e-05,3.77061382e-05,5.65588955e-05
0.00000000e+00,1.69291762e-05,3.38590555e-05,5.07882818e-05
0.00000000e+00,2.37537748e-05,4.75075724e-05,7.12618570e-05
0.00000000e+00,2.35242568e-05,4.70484902e-05,7.05732015e-05
0.00000000e+00,2.00832133e-05,4.01664567e-05,6.02501599e-05
0.00000000e+00,2.33061221e-05,4.66131687e-05,6.99194819e-05
0.00000000e+00,1.98655827e-05,3.97311848e-05,5.95972166e-05
0.00000000e+00,2.30823061e-05,4.61654581e-05,6.92478720e-05
0.00000000e+00,1.98528819e-05,3.97066027e-05,5.95597141e-05
0.00000000e+00,1.96399408e-05,3.92806731e-05,5.89207671e-05
0.00000000e+00,2.26574017e-05,4.53147608e-05,6.79725706e-05
0.00000000e+00,2.35242349e-05,4.70485049e-05,7.05732507e-05
0.00000000e+00,1.90627814e-05,3.81254775e-05,5.71886347e-05
0.00000000e+00,2.22357930e-05,4.44723303e-05,6.67082601e-05
0.00000000e+00,1.98655751e-05,3.97311927e-05,5.95972612e-05
0.00000000e+00,2.30822622e-05,4.61654456e-05,6.92479279e-05
0.00000000e+00,1.88527081e-05,3.77060746e-05,5.65589383e-05
0.00000000e+00,1.96399095e-05,3.92806572e-05,5.89208163e-05
0.00000000e+00,1.61734246e-05,3.23468283e-05,4.85204389e-05
0.00000000e+00,2.04903422e-05,4.09806117e-05,6.14712322e-05
0.00000000e+00,1.33434815e-05,2.66868333e-05,4.00304678e-05
0.00000000e+00,1.58914148e-05,3.17832394e-05,4.76746665e-05
0.00000000e+00,1.71057108e-05,3.42113286e-05,5.13172996e-05
0.00000000e+00,2.01181906e-05,4.02369357e-05,6.03551835e-05
0.00000000e+00,1.32196692e-05,2.64396829e-05,3.96593815e-05
0.00000000e+00,1.69292548e-05,3.38589872e-05,5.07882999e-05
0.00000000e+00,0.00000000e+00,0.00000000e+00,0.00000000e+00
0.00000000e+00,9.06434642e-06,1.81286051e-05,2.71929982e-05
0.00000000e+00,0.00000000e+00,0.00000000e+00,0.00000000e+00
0.00000000e+00,0.00000000e+00,0.00000000e+00,0.00000000e+00
0.00000000e+00,7.41990486e-06,1.48397648e-05,2.22597307e-05
0.00000000e+00,8.91154172e-06,1.78231965e-05,2.67347061e-05
0.00000000e+00,0.00000000e+00,0.00000000e+00,0.00000000e+00
0.00000000e+00,7.35647052e-06,1.47130171e-05,2.20694684e-05
0.00000000e+00,0.00000000e+00,0.00000000e+00,0.00000000e+00
0.00000000e+00,2.24262731e-05,4.48527362e-05,6.72791982e-05
0.00000000e+00,0.00000000e+00,0.00000000e+00,0.00000000e+00
0.00000000e+00,0.00000000e+00,0.00000000e+00,0.00000000e+00
0.00000000e+00,1.28957231e-05,2.57915308e-05,3.86873189e-05
0.00000000e+00,1.91889091e-05,3.83780254e-05,5.75671246e-05
0.00000000e+00,2.17664080e-05,4.35335888e-05,6.52999324e-05
0.00000000e+00,0.00000000e+00,0.00000000e+00,0.00000000e+00
0.00000000e+00,1.08677424e-05,2.17355714e-05,3.26033771e-05
0.00000000e+00,1.25103498e-05,2.50211109e-05,3.75313979e-05
0.00000000e+00,1.87301761e-05,3.74610679e-05,5.61912136e-05
0.00000000e+00,1.06105824e-05,2.12215491e-05,3.18320863e-05
0.00000000e+00,2.97702083e-05,5.95403269e-05,8.93108921e-05
0.00000000e+00,2.74479023e-05,5.48958535e-05,8.23440271e-05
0.00000000e+00,2.62333077e-05,5.24665896e-05,7.87002571e-05
0.00000000e+00,2.89324130e-05,5.78657396e-05,8.67980805e-05
0.00000000e+00,2.39426416e-05,4.78853595e-05,7.18282729e-05
0.00000000e+00,2.66639733e-05,5.33288255e-05,7.99927105e-05
0.00000000e+00,2.56016937e-05,5.12042264e-05,7.68059042e-05
0.00000000e+00,2.33674062e-05,4.67356225e-05,7.01029854e-05
0.00000000e+00,3.09116759e-05,6.18233780e-05,9.27355910e-05
0.00000000e+00,3.06821892e-05,6.13642961e-05,9.20469397e-05
0.00000000e+00,2.73655080e-05,5.47310282e-05,8.20970569e-05
0.00000000e+00,3.00481370e-05,6.00974043e-05,9.01456360e-05
0.00000000e+00,2.71328847e-05,5.42657049e-05,8.13990486e-05
0.00000000e+00,2.98240777e-05,5.96491630e-05,8.94732370e-05
0.00000000e+00,2.67065841e-05,5.34141752e-05,8.01209066e-05
0.00000000e+00,2.64795702e-05,5.29600459e-05,7.94396665e-05
0.00000000e+00,2.97701740e-05,5.95403513e-05,8.93109765e-05
0.00000000e+00,3.06821365e-05,6.13643280e-05,9.20470034e-05
0.00000000e+00,2.62333048e-05,5.24665936e-05,7.87003278e-05
0.00000000e+00,2.89323917e-05,5.78656849e-05,8.67981528e-05
0.00000000e+00,2.71328421e-05,5.42657321e-05,8.13991057e-05
0.00000000e+00,2.98240303e-05,5.96491489e-05,8.94732983e-05
0.00000000e+00,2.56016842e-05,5.12041721e-05,7.68059697e-05
0.00000000e+00,2.64795204e-05,5.29600346e-05,7.94397259e-05
0.00000000e+00,2.24263269e-05,4.48526941e-05,6.72792416e-05
0.00000000e+00,2.74479086e-05,5.48958512e-05,8.23441013e-05
0.00000000e+00,1.91889582e-05,3.83779932e-05,5.75671684e-05
0.00000000e+00,2.17664768e-05,4.35334824e-05,6.52999518e-05
0.00000000e+00,2.39426873e-05,4.78853354e-05,7.18283285e-05
0.00000000e+00,2.66640111e-05,5.33287225e-05,7.99927612e-05
0.00000000e+00,1.87302380e-05,3.74609842e-05,5.61912324e-05
0.00000000e+00,2.33674473e-05,4.67355324e-05,7.01030285e-05
0.00000000e+00,0.00000000e+00,0.00000000e+00,0.00000000e+00
0.00000000e+00,1.28957957e-05,2.57914784e-05,3.86873192e-05
0.00000000e+00,0.00000000e+00,0.00000000e+00,0.00000000e+00
0.00000000e+00,0.00000000e+00,0.00000000e+00,0.00000000e+00
0.00000000e+00,1.08678174e-05,2.17355216e-05,3.26033783e-05
0.00000000e+00,1.25104122e-05,2.50210311e-05,3.75313961e-05
0.00000000e+00,0.00000000e+00,0.00000000e+00,0.00000000e+00
0.00000000e+00,1.06106533e-05,2.12214685e-05,3.18320793e-05
0.00000000e+00,0.00000000e+00,0.00000000e+00,0.00000000e+00
0.00000000e+00,2.96011682e-05,5.92025267e-05,8.88038948e-05
0.00000000e+00,0.00000000e+00,0.00000000e+00,0.00000000e+00
0.00000000e+00,0.00000000e+00,0.00000000e+00,0.00000000e+00
0.00000000e+00,1.80354251e-05,3.60709104e-05,5.41064066e-05
0.00000000e+00,2.59170126e-05,5.18342200e-05,7.77514249e-05
0.00000000e+00,2.84572200e-05,5.69153290e-05,8.53724250e-05
0.00000000e+00,0.00000000e+00,0.00000000e+00,0.00000000e+00
0.00000000e+00,1.52346329e-05,3.04693410e-05,4.57040397e-05
0.00000000e+00,1.72426667e-05,3.44857579e-05,5.17283308e-05
0.00000000e+00,2.50265474e-05,5.00539224e-05,7.50803782e-05
0.00000000e+00,1.46816725e-05,2.93637660e-05,4.40453592e-05
0.00000000e+00,3.66514166e-05,7.33026337e-05,1.09954385e-04
0.00000000e+00,3.44549378e-05,6.89098829e-05,1.03365096e-04
0.00000000e+00,3.32486001e-05,6.64970484e-05,9.97459974e-05
0.00000000e+00,3.54226796e-05,7.08464270e-05,1.06268914e-04
0.00000000e+00,3.09742163e-05,6.19484595e-05,9.29229495e-05
0.00000000e+00,3.32682559e-05,6.65375510e-05,9.98056271e-05
0.00000000e+00,3.22131824e-05,6.44273513e-05,9.66404077e-05
0.00000000e+00,2.99813319e-05,5.99636131e-05,8.99448129e-05
0.00000000e+00,3.77863848e-05,7.55728300e-05,1.13359764e-04
0.00000000e+00,3.75841842e-05,7.51682752e-05,1.12752909e-04
0.00000000e+00,3.43888094e-05,6.87776736e-05,1.03167034e-04
0.00000000e+00,3.65386560e-05,7.30787728e-05,1.09617416e-04
0.00000000e+00,3.41644456e-05,6.83287937e-05,1.02493691e-04
0.00000000e+00,3.63399839e-05,7.26812346e-05,1.09021104e-04
0.00000000e+00,3.33295868e-05,6.66604343e-05,9.99900639e-05
0.00000000e+00,3.31086615e-05,6.62184507e-05,9.93270580e-05
0.00000000e+00,3.66513288e-05,7.33026844e-05,1.09954486e-04
0.00000000e+00,3.75841245e-05,7.51683114e-05,1.12752976e-04
0.00000000e+00,3.32485305e-05,6.64970926e-05,9.97460939e-05
0.00000000e+00,3.54226226e-05,7.08463901e-05,1.06269007e-04
0.00000000e+00,3.41643877e-05,6.83288287e-05,1.02493759e-04
0.00000000e+00,3.63399314e-05,7.26812221e-05,1.09021170e-04
0.00000000e+00,3.22131514e-05,6.44273009e-05,9.66404876e-05
0.00000000e+00,3.31086113e-05,6.62184392e-05,9.93271230e-05
0.00000000e+00,2.96012354e-05,5.92024517e-05,8.88039301e-05
0.00000000e+00,3.44549040e-05,6.89098973e-05,1.03365188e-04
0.00000000e+00,2.59170749e-05,5.18341596e-05,7.77514638e-05
0.00000000e+00,2.84572993e-05,5.69151943e-05,8.53724498e-05
0.00000000e+00,3.09741943e-05,6.19484728e-05,9.29230382e-05
0.00000000e+00,3.32682849e-05,6.65374377e-05,9.98057019e-05
0.00000000e+00,2.50266261e-05,5.00537968e-05,7.50803990e-05
0.00000000e+00,2.99813623e-05,5.99635050e-05,8.99448773e-05
0.00000000e+00,0.00000000e+00,0.00000000e+00,0.00000000e+00
0.00000000e+00,1.80354672e-05,3.60708661e-05,5.41064108e-05
0.00000000e+00,0.00000000e+00,0.00000000e+00,0.00000000e+00
0.00000000e+00,0.00000000e+00,0.00000000e+00,0.00000000e+00
0.00000000e+00,1.52346982e-05,3.04692879e-05,4.57040395e-05
0.00000000e+00,1.72427214e-05,3.44856749e-05,5.17283338e-05
0.00000000e+00,0.00000000e+00,0.00000000e+00,0.00000000e+00
0.00000000e+00,1.46817338e-05,2.93636825e-05,4.40453592e-05
0.00000000e+00,0.00000000e+00,0.00000000e+00,0.00000000e+00
0.00000000e+00,3.59689941e-05,7.19381670e-05,1.07907374e-04
0.00000000e+00,0.00000000e+00,0.00000000e+00,0.00000000e+00
0.00000000e+00,0.00000000e+00,0.00000000e+00,0.00000000e+00
0.00000000e+00,2.60162715e-05,5.20325684e-05,7.80489242e-05
0.00000000e+00,3.32961502e-05,6.65925157e-05,9.98888789e-05
0.00000000e+00,3.52753621e-05,7.05517253e-05,1.05826890e-04
0.00000000e+00,0.00000000e+00,0.00000000e+00,0.00000000e+00
0.00000000e+00,2.15427487e-05,4.30855390e-05,6.46283607e-05
0.00000000e+00,2.54877076e-05,5.09758548e-05,7.64634381e-05
0.00000000e+00,3.23876730e-05,6.47762988e-05,9.71638123e-05
0.00000000e+00,2.08277888e-05,4.16559972e-05,6.24836766e-05
0.00000000e+00,4.32420530e-05,8.64838715e-05,1.29726241e-04
0.00000000e+00,4.10861851e-05,8.21723468e-05,1.23258803e-04
0.00000000e+00,4.00495833e-05,8.00989297e-05,1.20148831e-04
0.00000000e+00,4.24134520e-05,8.48282074e-05,1.27241338e-04
0.00000000e+00,3.77709316e-05,7.55418594e-05,1.13313063e-04
0.00000000e+00,4.02953723e-05,8.05919988e-05,1.20887089e-04
0.00000000e+00,3.90236994e-05,7.80485590e-05,1.17071993e-04
0.00000000e+00,3.67914118e-05,7.35839713e-05,1.10375152e-04
0.00000000e+00,4.44677532e-05,8.89355656e-05,1.33403853e-04
0.00000000e+00,4.42217987e-05,8.84435052e-05,1.32665743e-04
0.00000000e+00,4.11602065e-05,8.23204985e-05,1.23481254e-04
0.00000000e+00,4.36168867e-05,8.72356093e-05,1.30852355e-04
0.00000000e+00,4.09185600e-05,8.18370383e-05,1.22756043e-04
0.00000000e+00,4.33761641e-05,8.67539169e-05,1.30129826e-04
0.00000000e+00,4.01135691e-05,8.02288130e-05,1.20342308e-04
0.00000000e+00,3.98795303e-05,7.97604911e-05,1.19639837e-04
0.00000000e+00,4.32419626e-05,8.64839080e-05,1.29726330e-04
0.00000000e+00,4.42217396e-05,8.84435492e-05,1.32665810e-04
0.00000000e+00,4.00494773e-05,8.00989836e-05,1.20148933e-04
0.00000000e+00,4.24133787e-05,8.48281676e-05,1.27241440e-04
0.00000000e+00,4.09185012e-05,8.18370795e-05,1.22756111e-04
0.00000000e+00,4.33761063e-05,8.67538923e-05,1.30129884e-04
0.00000000e+00,3.90236258e-05,7.80485275e-05,1.17072096e-04
0.00000000e+00,3.98794733e-05,7.97604746e-05,1.19639900e-04
0.00000000e+00,3.59690498e-05,7.19380879e-05,1.07907409e-04
0.00000000e+00,4.10861355e-05,8.21723629e-05,1.23258898e-04
0.00000000e+00,3.32962154e-05,6.65924355e-05,9.98889161e-05
0.00000000e+00,3.52754296e-05,7.05515795e-05,1.05826922e-04
0.00000000e+00,3.77708910e-05,7.55418717e-05,1.13313157e-04
0.00000000e+00,4.02954024e-05,8.05918619e-05,1.20887160e-04
0.00000000e+00,3.23877587e-05,6.47761476e-05,9.71638386e-05
0.00000000e+00,3.67914432e-05,7.35838474e-05,1.10375229e-04
0.00000000e+00,0.00000000e+00,0.00000000e+00,0.00000000e+00
0.00000000e+00,2.60162884e-05,5.20325255e-05,7.80489303e-05
0.00000000e+00,0.00000000e+00,0.00000000e+00,0.00000000e+00
0.00000000e+00,0.00000000e+00,0.00000000e+00,0.00000000e+00
0.00000000e+00,2.15427730e-05,4.30854971e-05,6.46283665e-05
0.00000000e+00,2.54877522e-05,5.09757669e-05,7.64634460e-05
0.00000000e+00,0.00000000e+00,0.00000000e+00,0.00000000e+00
0.00000000e+00,2.08278369e-05,4.16559144e-05,6.24836825e-05
0.00000000e+00,0.00000000e+00,0.00000000e+00,0.00000000e+00
0.00000000e+00,1.57073478e-05,3.14140607e-05,4.71219935e-05
0.00000000e+00,0.00000000e+00,0.00000000e+00,0.00000000e+00
0.00000000e+00,0.00000000e+00,0.00000000e+00,0.00000000e+00
0.00000000e+00,8.83515324e-06,1.76699677e-05,2.65053909e-05
0.00000000e+00,1.31583045e-05,2.63160983e-05,3.94749335e-05
0.00000000e+00,1.58915982e-05,3.17829721e-05,4.76749519e-05
0.00000000e+00,0.00000000e+00,0.00000000e+00,0.00000000e+00
0.00000000e+00,7.34026304e-06,1.46802293e-05,2.20207311e-05
0.00000000e+00,8.91161371e-06,1.78230934e-05,2.67348717e-05
0.00000000e+00,1.32198084e-05,2.64394757e-05,3.96596451e-05
0.00000000e+00,7.35652324e-06,1.47129459e-05,2.20696183e-05
0.00000000e+00,2.18137964e-05,4.36260333e-05,6.54408038e-05
0.00000000e+00,1.97929318e-05,3.95847170e-05,5.93784655e-05
0.00000000e+00,1.86450462e-05,3.72887855e-05,5.59347286e-05
0.00000000e+00,2.22362503e-05,4.44717587e-05,6.67086796e-05
0.00000000e+00,1.67860231e-05,3.35710902e-05,5.03578412e-05
0.00000000e+00,2.01185115e-05,4.02365056e-05,6.03555534e-05
0.00000000e+00,1.88530830e-05,3.77056037e-05,5.65593165e-05
0.00000000e+00,1.69295107e-05,3.38586266e-05,5.07886314e-05
0.00000000e+00,2.28261507e-05,4.56503916e-05,6.84777056e-05
0.00000000e+00,2.26156951e-05,4.52295584e-05,6.78463397e-05
0.00000000e+00,1.96013476e-05,3.92010127e-05,5.88034236e-05
0.00000000e+00,2.33066805e-05,4.66124861e-05,6.99200073e-05
0.00000000e+00,1.93989932e-05,3.87964249e-05,5.81964179e-05
0.00000000e+00,2.30828353e-05,4.61647821e-05,6.92483909e-05
0.00000000e+00,1.98533789e-05,3.97060137e-05,5.95601762e-05
0.00000000e+00,1.96404108e-05,3.92800833e-05,5.89212263e-05
0.00000000e+00,2.18138680e-05,4.36259965e-05,6.54408322e-05
0.00000000e+00,2.26156904e-05,4.52295315e-05,6.78463809e-05
0.00000000e+00,1.86451663e-05,3.72887326e-05,5.59347506e-05
0.00000000e+00,2.22363062e-05,4.44717543e-05,6.67087279e-05
0.00000000e+00,1.93990024e-05,3.87964085e-05,5.81964489e-05
0.00000000e+00,2.30828223e-05,4.61647893e-05,6.92484390e-05
0.00000000e+00,1.88531817e-05,3.77055665e-05,5.65593495e-05
0.00000000e+00,1.96404175e-05,3.92800889e-05,5.89212638e-05
0.00000000e+00,1.57075262e-05,3.14139508e-05,4.71219562e-05
0.00000000e+00,1.97930543e-05,3.95846555e-05,5.93784476e-05
0.00000000e+00,1.31584740e-05,2.63160076e-05,3.94749138e-05
0.00000000e+00,1.58917140e-05,3.17829155e-05,4.76749598e-05
0.00000000e+00,1.67861763e-05,3.35710069e-05,5.03578236e-05
0.00000000e+00,2.01186003e-05,4.02364765e-05,6.03555782e-05
0.00000000e+00,1.32199397e-05,2.64394011e-05,3.96596392e-05
0.00000000e+00,1.69296217e-05,3.38585789e-05,5.07886505e-05
0.00000000e+00,0.00000000e+00,0.00000000e+00,0.00000000e+00
0.00000000e+00,8.83526939e-06,1.76699037e-05,2.65053711e-05
0.00000000e+00,0.00000000e+00,0.00000000e+00,0.00000000e+00
0.00000000e+00,0.00000000e+00,0.00000000e+00,0.00000000e+00
0.00000000e+00,7.34037479e-06,1.46801690e-05,2.20207156e-05
0.00000000e+00,8.91170771e-06,1.78230333e-05,2.67348631e-05
0.00000000e+00,0.00000000e+00,0.00000000e+00,0.00000000e+00
0.00000000e+00,7.35661438e-06,1.47128792e-05,2.20696081e-05
0.00000000e+00,0.00000000e+00,0.00000000e+00,0.00000000e+00
0.00000000e+00,2.13239869e-05,4.26470109e-05,6.39716907e-05
0.00000000e+00,0.00000000e+00,0.00000000e+00,0.00000000e+00
0.00000000e+00,0.00000000e+00,0.00000000e+00,0.00000000e+00
0.00000000e+00,1.23200482e-05,2.46396248e-05,3.69599931e-05
0.00000000e+00,1.84208932e-05,3.68410122e-05,5.52625517e-05
0.00000000e+00,2.17667465e-05,4.35331005e-05,6.53002923e-05
0.00000000e+00,0.00000000e+00,0.00000000e+00,0.00000000e+00
0.00000000e+00,1.04762785e-05,2.09521715e-05,3.14287479e-05
0.00000000e+00,1.25105380e-05,2.50208563e-05,3.75315915e-05
0.00000000e+00,1.87304742e-05,3.74606500e-05,5.61915342e-05
0.00000000e+00,1.06107507e-05,2.12213290e-05,3.18322621e-05
0.00000000e+00,2.80740222e-05,5.61459116e-05,8.42210689e-05
0.00000000e+00,2.59513916e-05,5.19011899e-05,7.78535468e-05
0.00000000e+00,2.49621243e-05,4.99224197e-05,7.48856057e-05
0.00000000e+00,2.89330109e-05,5.78649159e-05,8.67986818e-05
0.00000000e+00,2.28534574e-05,4.57055606e-05,6.85599142e-05
0.00000000e+00,2.66644625e-05,5.33281357e-05,7.99932177e-05
0.00000000e+00,2.56022141e-05,5.12035121e-05,7.68064428e-05
0.00000000e+00,2.33678362e-05,4.67350237e-05,7.01034414e-05
0.00000000e+00,2.91197397e-05,5.82370711e-05,8.73582076e-05
0.00000000e+00,2.89105306e-05,5.78186626e-05,8.67304625e-05
0.00000000e+00,2.60004467e-05,5.19987427e-05,7.80004676e-05
0.00000000e+00,3.00488271e-05,6.00965162e-05,9.01463024e-05
0.00000000e+00,2.57883498e-05,5.15745825e-05,7.73641095e-05
0.00000000e+00,2.98247454e-05,5.96482733e-05,8.94738924e-05
0.00000000e+00,2.67071974e-05,5.34134024e-05,8.01214991e-05
0.00000000e+00,2.64801606e-05,5.29592701e-05,7.94402515e-05
0.00000000e+00,2.80739901e-05,5.61459183e-05,8.42211221e-05
0.00000000e+00,2.89104767e-05,5.78186752e-05,8.67305239e-05
0.00000000e+00,2.49621440e-05,4.99224050e-05,7.48856443e-05
0.00000000e+00,2.89329759e-05,5.78649681e-05,8.67987556e-05
0.00000000e+00,2.57883224e-05,5.15745722e-05,7.73641631e-05
0.00000000e+00,2.98246899e-05,5.96483040e-05,8.94739574e-05
0.00000000e+00,2.56022274e-05,5.12035389e-05,7.68065031e-05
0.00000000e+00,2.64801245e-05,5.29592837e-05,7.94403114e-05
0.00000000e+00,2.13241074e-05,4.26469032e-05,6.39716473e-05
0.00000000e+00,2.59514197e-05,5.19011766e-05,7.78535456e-05
0.00000000e+00,1.84210570e-05,3.68408963e-05,5.52625041e-05
0.00000000e+00,2.17668232e-05,4.35330742e-05,6.53003094e-05
0.00000000e+00,2.28535436e-05,4.57055135e-05,6.85599001e-05
0.00000000e+00,2.66644824e-05,5.33281518e-05,7.99932661e-05
0.00000000e+00,1.87305709e-05,3.74606151e-05,5.61915526e-05
0.00000000e+00,2.33678918e-05,4.67350214e-05,7.01034775e-05
0.00000000e+00,0.00000000e+00,0.00000000e+00,0.00000000e+00
0.00000000e+00,1.23201405e-05,2.46395487e-05,3.69599640e-05
0.00000000e+00,0.00000000e+00,0.00000000e+00,0.00000000e+00
0.00000000e+00,0.00000000e+00,0.00000000e+00,0.00000000e+00
0.00000000e+00,1.04763969e-05,2.09520977e-05,3.14287234e-05
0.00000000e+00,1.25106152e-05,2.50208095e-05,3.75315845e-05
0.00000000e+00,0.00000000e+00,0.00000000e+00,0.00000000e+00
0.00000000e+00,1.06108445e-05,2.12212723e-05,3.18322529e-05
0.00000000e+00,0.00000000e+00,0.00000000e+00,0.00000000e+00
0.00000000e+00,2.76909950e-05,5.53806251e-05,8.30723726e-05
0.00000000e+00,0.00000000e+00,0.00000000e+00,0.00000000e+00
0.00000000e+00,0.00000000e+00,0.00000000e+00,0.00000000e+00
0.00000000e+00,1.69686073e-05,3.39365216e-05,5.09054972e-05
0.00000000e+00,2.44359907e-05,4.88708147e-05,7.33075321e-05
0.00000000e+00,2.84576538e-05,5.69147065e-05,8.53728700e-05
0.00000000e+00,0.00000000e+00,0.00000000e+00,0.00000000e+00
0.00000000e+00,1.44418911e-05,2.88831931e-05,4.33254216e-05
0.00000000e+00,1.72428856e-05,3.44854493e-05,5.17285584e-05
0.00000000e+00,2.50269280e-05,5.00533688e-05,7.50807760e-05
0.00000000e+00,1.46818781e-05,2.93634828e-05,4.40455682e-05
0.00000000e+00,3.41360354e-05,6.82692463e-05,1.02406549e-04
0.00000000e+00,3.21127368e-05,6.42232863e-05,9.63371004e-05
0.00000000e+00,3.11349311e-05,6.22673981e-05,9.34035312e-05
0.00000000e+00,3.54234461e-05,7.08453786e-05,1.06269648e-04
0.00000000e+00,2.90564381e-05,5.81109788e-05,8.71684399e-05
0.00000000e+00,3.32688884e-05,6.65366691e-05,9.98062475e-05
0.00000000e+00,3.22138592e-05,6.44264199e-05,9.66410687e-05
0.00000000e+00,2.99818868e-05,5.99628321e-05,8.99453694e-05
0.00000000e+00,3.51786168e-05,7.03542843e-05,1.05534510e-04
0.00000000e+00,3.49919936e-05,6.99808894e-05,1.04974340e-04
0.00000000e+00,3.21813123e-05,6.43599771e-05,9.65427979e-05
0.00000000e+00,3.65395318e-05,7.30776355e-05,1.09618249e-04
0.00000000e+00,3.19771447e-05,6.39515586e-05,9.59300664e-05
0.00000000e+00,3.63408347e-05,7.26801054e-05,1.09021913e-04
0.00000000e+00,3.33303564e-05,6.66594320e-05,9.99908043e-05
0.00000000e+00,3.31094148e-05,6.62174458e-05,9.93277832e-05
0.00000000e+00,3.41358991e-05,6.82693297e-05,1.02406623e-04
0.00000000e+00,3.49918448e-05,6.99809800e-05,1.04974426e-04
0.00000000e+00,3.11348268e-05,6.22674566e-05,9.34036042e-05
0.00000000e+00,3.54233185e-05,7.08454934e-05,1.06269750e-04
0.00000000e+00,3.19770543e-05,6.39516010e-05,9.59301410e-05
0.00000000e+00,3.63407467e-05,7.26801670e-05,1.09021989e-04
0.00000000e+00,3.22137816e-05,6.44264993e-05,9.66411564e-05
0.00000000e+00,3.31093338e-05,6.62174991e-05,9.93278551e-05
0.00000000e+00,2.76909946e-05,5.53805731e-05,8.30723520e-05
0.00000000e+00,3.21126284e-05,6.42233625e-05,9.63371367e-05
0.00000000e+00,2.44360307e-05,4.88707504e-05,7.33075045e-05
0.00000000e+00,2.84576691e-05,5.69147041e-05,8.53728909e-05
0.00000000e+00,2.90563971e-05,5.81110120e-05,8.71684546e-05
0.00000000e+00,3.32688156e-05,6.65367388e-05,9.98063163e-05
0.00000000e+00,2.50269810e-05,5.00533514e-05,7.50807935e-05
0.00000000e+00,2.99818567e-05,5.99628763e-05,8.99454331e-05
0.00000000e+00,0.00000000e+00,0.00000000e+00,0.00000000e+00
0.00000000e+00,1.69686361e-05,3.39364818e-05,5.09054716e-05
0.00000000e+00,0.00000000e+00,0.00000000e+00,0.00000000e+00
0.00000000e+00,0.00000000e+00,0.00000000e+00,0.00000000e+00
0.00000000e+00,1.44419444e-05,2.88831353e-05,4.33253977e-05
0.00000000e+00,1.72429112e-05,3.44854265e-05,5.17285578e-05
0.00000000e+00,0.00000000e+00,0.00000000e+00,0.00000000e+00
0.00000000e+00,1.46819307e-05,2.93634471e-05,4.40455641e-05
0.00000000e+00,0.00000000e+00,0.00000000e+00,0.00000000e+00
0.00000000e+00,3.32410504e-05,6.64804371e-05,9.97223395e-05
0.00000000e+00,0.00000000e+00,0.00000000e+00,0.00000000e+00
0.00000000e+00,0.00000000e+00,0.00000000e+00,0.00000000e+00
0.00000000e+00,2.40438303e-05,4.80868342e-05,7.21311088e-05
0.00000000e+00,3.09081454e-05,6.18147556e-05,9.27236926e-05
0.00000000e+00,3.52758974e-05,7.05509748e-05,1.05827438e-04
0.00000000e+00,0.00000000e+00,0.00000000e+00,0.00000000e+00
0.00000000e+00,2.01054692e-05,4.02101485e-05,6.03160154e-05
0.00000000e+00,2.54879501e-05,5.09754949e-05,7.64637189e-05
0.00000000e+00,3.23881606e-05,6.47756080e-05,9.71643096e-05
0.00000000e+00,2.08280160e-05,4.16556666e-05,6.24839272e-05
0.00000000e+00,3.99541656e-05,7.99049539e-05,1.19860549e-04
0.00000000e+00,3.79557849e-05,7.59089640e-05,1.13865951e-04
0.00000000e+00,3.71354420e-05,7.42677099e-05,1.11404500e-04
0.00000000e+00,4.24144182e-05,8.48269192e-05,1.27242243e-04
0.00000000e+00,3.50286134e-05,7.00548027e-05,1.05084545e-04
0.00000000e+00,4.02961662e-05,8.05909174e-05,1.20887856e-04
0.00000000e+00,3.90245684e-05,7.80473799e-05,1.17072813e-04
0.00000000e+00,3.67921287e-05,7.35829810e-05,1.10375845e-04
0.00000000e+00,4.10847723e-05,8.21659176e-05,1.23252451e-04
0.00000000e+00,4.08564869e-05,8.17092095e-05,1.22567328e-04
0.00000000e+00,3.81605854e-05,7.63178923e-05,1.14480184e-04
0.00000000e+00,4.36179993e-05,8.72342016e-05,1.30853388e-04
0.00000000e+00,3.79356530e-05,7.58678599e-05,1.13805060e-04
0.00000000e+00,4.33772336e-05,8.67525205e-05,1.30130824e-04
0.00000000e+00,4.01145714e-05,8.02275252e-05,1.20343245e-04
0.00000000e+00,3.98804903e-05,7.97592211e-05,1.19640739e-04
0.00000000e+00,3.99540482e-05,7.99050119e-05,1.19860588e-04
0.00000000e+00,4.08563092e-05,8.17093293e-05,1.22567400e-04
0.00000000e+00,3.71352861e-05,7.42678096e-05,1.11404572e-04
0.00000000e+00,4.24142463e-05,8.48270712e-05,1.27242348e-04
0.00000000e+00,3.79354591e-05,7.58679940e-05,1.13805149e-04
0.00000000e+00,4.33771485e-05,8.67525814e-05,1.30130897e-04
0.00000000e+00,3.90244045e-05,7.80475268e-05,1.17072924e-04
0.00000000e+00,3.98804031e-05,7.97592857e-05,1.19640818e-04
0.00000000e+00,3.32410339e-05,6.64803839e-05,9.97223096e-05
0.00000000e+00,3.79556689e-05,7.59090255e-05,1.13865981e-04
0.00000000e+00,3.09080982e-05,6.18147252e-05,9.27236861e-05
0.00000000e+00,3.52758680e-05,7.05509820e-05,1.05827457e-04
0.00000000e+00,3.50284716e-05,7.00548926e-05,1.05084592e-04
0.00000000e+00,4.02960517e-05,8.05910039e-05,1.20887916e-04
0.00000000e+00,3.23881524e-05,6.47756032e-05,9.71643268e-05
0.00000000e+00,3.67920200e-05,7.35830732e-05,1.10375914e-04
0.00000000e+00,0.00000000e+00,0.00000000e+00,0.00000000e+00
0.00000000e+00,2.40438792e-05,4.80867751e-05,7.21310717e-05
0.00000000e+00,0.00000000e+00,0.00000000e+00,0.00000000e+00
0.00000000e+00,0.00000000e+00,0.00000000e+00,0.00000000e+00
0.00000000e+00,2.01054983e-05,4.02101058e-05,6.03159860e-05
0.00000000e+00,2.54879561e-05,5.09754737e-05,7.64637173e-05
0.00000000e+00,0.00000000e+00,0.00000000e+00,0.00000000e+00
0.00000000e+00,2.08280238e-05,4.16556495e-05,6.24839273e-05
0.00000000e+00,0.00000000e+00,0.00000000e+00,0.00000000e+00
0.00000000e+00,1.49828962e-05,2.99648102e-05,4.49485022e-05
0.00000000e+00,0.00000000e+00,0.00000000e+00,0.00000000e+00
0.00000000e+00,8.46398564e-06,1.69274619e-05,2.53918195e-05
0.00000000e+00,1.28625448e-05,2.57242618e-05,3.85875294e-05
0.00000000e+00,7.20443139e-06,1.44084097e-05,2.16131709e-05
0.00000000e+00,2.06103957e-05,4.12185039e-05,6.18301378e-05
0.00000000e+00,1.87670368e-05,3.75323734e-05,5.63004916e-05
0.00000000e+00,1.80462994e-05,3.60906057e-05,5.41380355e-05
0.00000000e+00,1.63102062e-05,3.26189287e-05,4.89301095e-05
0.00000000e+00,2.15265805e-05,4.30502638e-05,6.45782905e-05
0.00000000e+00,2.13374703e-05,4.26721860e-05,6.40110202e-05
0.00000000e+00,1.89271938e-05,3.78518099e-05,5.67803082e-05
0.00000000e+00,1.87424113e-05,3.74824090e-05,5.62260749e-05
0.00000000e+00,2.06105066e-05,4.12184013e-05,6.18301357e-05
0.00000000e+00,2.13375108e-05,4.26720888e-05,6.40110304e-05
0.00000000e+00,1.80464355e-05,3.60905123e-05,5.41380279e-05
0.00000000e+00,1.87424620e-05,3.74823163e-05,5.62260826e-05
0.00000000e+00,1.49831786e-05,2.99646244e-05,4.49484163e-05
0.00000000e+00,1.87672519e-05,3.75322274e-05,5.63004222e-05
0.00000000e+00,1.28628159e-05,2.57241017e-05,3.85874580e-05
0.00000000e+00,1.63104490e-05,3.26187906e-05,4.89300424e-05
0.00000000e+00,0.00000000e+00,0.00000000e+00,0.00000000e+00
0.00000000e+00,8.46411247e-06,1.69273661e-05,2.53917800e-05
0.00000000e+00,0.00000000e+00,0.00000000e+00,0.00000000e+00
0.00000000e+00,7.20455474e-06,1.44083399e-05,2.16131440e-05
0.00000000e+00,0.00000000e+00,0.00000000e+00,0.00000000e+00
0.00000000e+00,1.96177802e-05,3.92341691e-05,5.88528883e-05
0.00000000e+00,0.00000000e+00,0.00000000e+00,0.00000000e+00
0.00000000e+00,1.13799618e-05,2.27592234e-05,3.41396285e-05
0.00000000e+00,1.72305912e-05,3.44600621e-05,5.16915324e-05
0.00000000e+00,9.84240540e-06,1.96842390e-05,2.95270564e-05
0.00000000e+00,2.56716681e-05,5.13403313e-05,7.70134544e-05
0.00000000e+00,2.37741493e-05,4.75460194e-05,7.13214405e-05
0.00000000e+00,2.31556456e-05,4.63086873e-05,6.94656841e-05
0.00000000e+00,2.12597291e-05,4.25175255e-05,6.37784408e-05
0.00000000e+00,2.66093800e-05,5.32151022e-05,7.98261988e-05
0.00000000e+00,2.64227683e-05,5.28420086e-05,7.92663903e-05
0.00000000e+00,2.40881397e-05,4.81730330e-05,7.22627637e-05
0.00000000e+00,2.38986445e-05,4.77941954e-05,7.16943272e-05
0.00000000e+00,2.56717150e-05,5.13402582e-05,7.70134545e-05
0.00000000e+00,2.64227764e-05,5.28419446e-05,7.92664056e-05
0.00000000e+00,2.31557268e-05,4.63085844e-05,6.94656857e-05
0.00000000e+00,2.38986801e-05,4.77941020e-05,7.16943389e-05
0.00000000e+00,1.96180162e-05,3.92339782e-05,5.88527864e-05
0.00000000e+00,2.37742861e-05,4.75458942e-05,7.13213752e-05
0.00000000e+00,1.72308973e-05,3.44598305e-05,5.16914228e-05
0.00000000e+00,2.12599090e-05,4.25173764e-05,6.37783749e-05
0.00000000e+00,0.00000000e+00,0.00000000e+00,0.00000000e+00
0.00000000e+00,1.13800436e-05,2.27591278e-05,3.41395797e-05
0.00000000e+00,0.00000000e+00,0.00000000e+00,0.00000000e+00
0.00000000e+00,9.84252059e-06,1.96841237e-05,2.95270066e-05
0.00000000e+00,0.00000000e+00,0.00000000e+00,0.00000000e+00
0.00000000e+00,2.47780359e-05,4.95542328e-05,7.43333265e-05
0.00000000e+00,0.00000000e+00,0.00000000e+00,0.00000000e+00
0.00000000e+00,1.51699909e-05,3.03390352e-05,4.55095340e-05
0.00000000e+00,2.21523471e-05,4.43030668e-05,6.64564065e-05
0.00000000e+00,1.31294207e-05,2.62580257e-05,3.93879190e-05
0.00000000e+00,3.05853638e-05,6.11669770e-05,9.17540153e-05
0.00000000e+00,2.87640232e-05,5.75251567e-05,8.62906172e-05
0.00000000e+00,2.81505354e-05,5.62976692e-05,8.44497613e-05
0.00000000e+00,2.62871074e-05,5.25716281e-05,7.88600883e-05
0.00000000e+00,3.15239882e-05,6.30434422e-05,9.45693847e-05
0.00000000e+00,3.13553519e-05,6.27063009e-05,9.40634991e-05
0.00000000e+00,2.90897137e-05,5.81753635e-05,8.72669168e-05
0.00000000e+00,2.89068074e-05,5.78096598e-05,8.67181939e-05
0.00000000e+00,3.05854153e-05,6.11668885e-05,9.17539782e-05
0.00000000e+00,3.13553386e-05,6.27062552e-05,9.40634988e-05
0.00000000e+00,2.81505713e-05,5.62976050e-05,8.44497477e-05
0.00000000e+00,2.89067914e-05,5.78096130e-05,8.67182060e-05
0.00000000e+00,2.47781966e-05,4.95540577e-05,7.43332222e-05
0.00000000e+00,2.87641287e-05,5.75250392e-05,8.62905388e-05
0.00000000e+00,2.21525427e-05,4.43028867e-05,6.64563076e-05
0.00000000e+00,2.62872142e-05,5.25715212e-05,7.88600199e-05
0.00000000e+00,0.00000000e+00,0.00000000e+00,0.00000000e+00
0.00000000e+00,1.51700671e-05,3.03389439e-05,4.55094687e-05
0.00000000e+00,0.00000000e+00,0.00000000e+00,0.00000000e+00
0.00000000e+00,1.31294861e-05,2.62579359e-05,3.93878614e-05
0.00000000e+00,0.00000000e+00,0.00000000e+00,0.00000000e+00
0.00000000e+00,2.99230961e-05,5.98440576e-05,8.97683790e-05
0.00000000e+00,0.00000000e+00,0.00000000e+00,0.00000000e+00
0.00000000e+00,2.16202577e-05,4.32394638e-05,6.48603396e-05
0.00000000e+00,2.77428124e-05,5.54836789e-05,8.32276387e-05
0.00000000e+00,1.80192624e-05,3.60375061e-05,5.40573298e-05
0.00000000e+00,3.59637000e-05,7.19229719e-05,1.07888595e-04
0.00000000e+00,3.41553270e-05,6.83072805e-05,1.02464260e-04
0.00000000e+00,3.33550306e-05,6.67059593e-05,1.00062801e-04
0.00000000e+00,3.14582850e-05,6.29134361e-05,9.43732662e-05
0.00000000e+00,3.69804474e-05,7.39552876e-05,1.10937885e-04
0.00000000e+00,3.67738516e-05,7.35424503e-05,1.10318388e-04
0.00000000e+00,3.42787553e-05,6.85523910e-05,1.02833210e-04
0.00000000e+00,3.40774267e-05,6.81500004e-05,1.02229399e-04
0.00000000e+00,3.59638413e-05,7.19228026e-05,1.07888496e-04
0.00000000e+00,3.67739110e-05,7.35423513e-05,1.10318342e-04
0.00000000e+00,3.33551366e-05,6.67058141e-05,1.00062724e-04
0.00000000e+00,3.40774307e-05,6.81499376e-05,1.02229381e-04
0.00000000e+00,2.99233419e-05,5.98437855e-05,8.97682125e-05
0.00000000e+00,3.41555496e-05,6.83070673e-05,1.02464113e-04
0.00000000e+00,2.77430348e-05,5.54834288e-05,8.32274948e-05
0.00000000e+00,3.14584382e-05,6.29132739e-05,9.43731610e-05
0.00000000e+00,0.00000000e+00,0.00000000e+00,0.00000000e+00
0.00000000e+00,2.16204012e-05,4.32393322e-05,6.48602511e-05
0.00000000e+00,0.00000000e+00,0.00000000e+00,0.00000000e+00
0.00000000e+00,1.80193702e-05,3.60374010e-05,5.40572547e-05
