2.00000000e+01,2.00244385e+01,2.01222970e+01,2.03512522e+01
2.00000000e+01,2.00244385e+01,2.01222468e+01,2.03509754e+01
2.00000000e+01,2.00244383e+01,2.01221918e+01,2.03506763e+01
2.00000000e+01,2.00244384e+01,2.01222469e+01,2.03509752e+01
2.00000000e+01,2.00409355e+01,2.01936524e+01,2.05326761e+01
2.00000000e+01,2.00409353e+01,2.01936441e+01,2.05326064e+01
2.00000000e+01,2.00409352e+01,2.01936369e+01,2.05325466e+01
2.00000000e+01,2.00409353e+01,2.01936441e+01,2.05326063e+01
2.00000000e+01,2.00244385e+01,2.01222766e+01,2.03511396e+01
2.00000000e+01,2.00244384e+01,2.01222244e+01,2.03508535e+01
2.00000000e+01,2.00244384e+01,2.01222244e+01,2.03508535e+01
2.00000000e+01,2.00244385e+01,2.01222766e+01,2.03511395e+01
2.00000000e+01,2.00290348e+01,2.01429282e+01,2.04054697e+01
2.00000000e+01,2.00290347e+01,2.01428844e+01,2.04052268e+01
2.00000000e+01,2.00290346e+01,2.01428371e+01,2.04049695e+01
2.00000000e+01,2.00290347e+01,2.01428845e+01,2.04052269e+01
2.00000000e+01,2.00409355e+01,2.01936488e+01,2.05326463e+01
2.00000000e+01,2.00409353e+01,2.01936407e+01,2.05325799e+01
2.00000000e+01,2.00409354e+01,2.01936407e+01,2.05325798e+01
2.00000000e+01,2.00409355e+01,2.01936488e+01,2.05326462e+01
2.00000000e+01,2.00244385e+01,2.01222555e+01,2.03510232e+01
2.00000000e+01,2.00290348e+01,2.01429103e+01,2.04053702e+01
2.00000000e+01,2.00290347e+01,2.01428651e+01,2.04051213e+01
2.00000000e+01,2.00290346e+01,2.01428652e+01,2.04051213e+01
2.00000000e+01,2.00290348e+01,2.01429104e+01,2.04053702e+01
2.00000000e+01,2.00409354e+01,2.01936454e+01,2.05326176e+01
2.00000000e+01,2.00290347e+01,2.01428919e+01,2.04052681e+01
2.00000000e+01,2.01009447e+01,2.04346414e+01,2.11092840e+01
2.00000000e+01,2.01009446e+01,2.04347717e+01,2.11098187e+01
2.00000000e+01,2.01009445e+01,2.04348981e+01,2.11103442e+01
2.00000000e+01,2.01009446e+01,2.04347717e+01,2.11098187e+01
2.00000000e+01,2.00630139e+01,2.02846578e+01,2.07547457e+01
2.00000000e+01,2.00630137e+01,2.02847120e+01,2.07549635e+01
2.00000000e+01,2.00630135e+01,2.02847697e+01,2.07552024e+01
2.00000000e+01,2.00630137e+01,2.02847122e+01,2.07549636e+01
2.00000000e+01,2.01009448e+01,2.04346960e+01,2.11095079e+01
2.00000000e+01,2.01009446e+01,2.04348249e+01,2.11100397e+01
2.00000000e+01,2.01009446e+01,2.04348251e+01,2.11100398e+01
2.00000000e+01,2.01009448e+01,2.04346961e+01,2.11095079e+01
2.00000000e+01,2.00630138e+01,2.02846801e+01,2.07548344e+01
2.00000000e+01,2.00630137e+01,2.02847357e+01,2.07550607e+01
2.00000000e+01,2.00630137e+01,2.02847358e+01,2.07550608e+01
2.00000000e+01,2.00630138e+01,2.02846802e+01,2.07548344e+01
2.00000000e+01,2.01009447e+01,2.04347503e+01,2.11097309e+01
2.00000000e+01,2.00630137e+01,2.02847030e+01,2.07549267e+01
2.00000000e+01,2.02682534e+01,2.10454932e+01,2.24696419e+01
2.00000000e+01,2.02682533e+01,2.10457692e+01,2.24706423e+01
2.00000000e+01,2.02682532e+01,2.10460139e+01,2.24715261e+01
2.00000000e+01,2.02682533e+01,2.10457691e+01,2.24706424e+01
2.00000000e+01,2.01639735e+01,2.06726101e+01,2.16523273e+01
2.00000000e+01,2.01639733e+01,2.06728113e+01,2.16531122e+01
2.00000000e+01,2.01639732e+01,2.06729961e+01,2.16538376e+01
2.00000000e+01,2.01639735e+01,2.06728113e+01,2.16531123e+01
2.00000000e+01,2.02682535e+01,2.10456118e+01,2.24700730e+01
2.00000000e+01,2.02682533e+01,2.10458751e+01,2.24710256e+01
2.00000000e+01,2.02682534e+01,2.10458751e+01,2.24710257e+01
2.00000000e+01,2.02682535e+01,2.10456118e+01,2.24700731e+01
2.00000000e+01,2.01639734e+01,2.06726958e+01,2.16526615e+01
2.00000000e+01,2.01639733e+01,2.06728905e+01,2.16534229e+01
2.00000000e+01,2.01639734e+01,2.06728905e+01,2.16534229e+01
2.00000000e+01,2.01639735e+01,2.06726959e+01,2.16526615e+01
2.00000000e+01,2.02682534e+01,2.10457252e+01,2.24704840e+01
2.00000000e+01,2.01639734e+01,2.06727789e+01,2.16529860e+01
2.00000000e+01,2.07207021e+01,2.25121829e+01,2.54655653e+01
2.00000000e+01,2.07207018e+01,2.25128499e+01,2.54678613e+01
2.00000000e+01,2.07207025e+01,2.25134263e+01,2.54697851e+01
2.00000000e+01,2.07207021e+01,2.25128495e+01,2.54678618e+01
2.00000000e+01,2.04392288e+01,2.16226423e+01,2.36820801e+01
2.00000000e+01,2.04392288e+01,2.16230351e+01,2.36834209e+01
2.00000000e+01,2.04392287e+01,2.16233762e+01,2.36845609e+01
2.00000000e+01,2.04392289e+01,2.16230350e+01,2.36834209e+01
2.00000000e+01,2.07207021e+01,2.25124710e+01,2.54665666e+01
2.00000000e+01,2.07207023e+01,2.25131009e+01,2.54687079e+01
2.00000000e+01,2.07207023e+01,2.25131007e+01,2.54687082e+01
2.00000000e+01,2.07207021e+01,2.25124712e+01,2.54665666e+01
2.00000000e+01,2.04392287e+01,2.16228122e+01,2.36826637e+01
2.00000000e+01,2.04392288e+01,2.16231835e+01,2.36839206e+01
2.00000000e+01,2.04392288e+01,2.16231835e+01,2.36839206e+01
2.00000000e+01,2.04392287e+01,2.16228123e+01,2.36826638e+01
2.00000000e+01,2.07207022e+01,2.25127439e+01,2.54675022e+01
2.00000000e+01,2.04392288e+01,2.16229730e+01,2.36832113e+01
2.00000000e+01,2.19392199e+01,2.59290290e+01,3.17842900e+01
2.00000000e+01,2.19392197e+01,2.59321520e+01,3.17957625e+01
2.00000000e+01,2.19392200e+01,2.59352262e+01,3.18068337e+01
2.00000000e+01,2.19392196e+01,2.59321525e+01,3.17957626e+01
2.00000000e+01,2.11813618e+01,2.38697352e+01,2.80576986e+01
2.00000000e+01,2.11813618e+01,2.38711735e+01,2.80628760e+01
2.00000000e+01,2.11813622e+01,2.38724658e+01,2.80674091e+01
2.00000000e+01,2.11813620e+01,2.38711735e+01,2.80628756e+01
2.00000000e+01,2.19392200e+01,2.59303297e+01,3.17890984e+01
2.00000000e+01,2.19392200e+01,2.59334432e+01,3.18004414e+01
2.00000000e+01,2.19392202e+01,2.59334432e+01,3.18004411e+01
2.00000000e+01,2.19392200e+01,2.59303300e+01,3.17890983e+01
2.00000000e+01,2.11813617e+01,2.38703495e+01,2.80599245e+01
2.00000000e+01,2.11813616e+01,2.38717321e+01,2.80648500e+01
2.00000000e+01,2.11813617e+01,2.38717321e+01,2.80648498e+01
2.00000000e+01,2.11813618e+01,2.38703495e+01,2.80599244e+01
2.00000000e+01,2.19392201e+01,2.59316304e+01,3.17938636e+01
2.00000000e+01,2.11813618e+01,2.38709412e+01,2.80620480e+01
2.00000000e+01,2.61557558e+01,3.55074593e+01,4.73247900e+01
2.00000000e+01,2.61557551e+01,3.55154031e+01,4.73533052e+01
2.00000000e+01,2.61557516e+01,3.55243719e+01,4.73848673e+01
2.00000000e+01,2.61557551e+01,3.55154028e+01,4.73533057e+01
2.00000000e+01,2.31929061e+01,2.90408378e+01,3.70928482e+01
2.00000000e+01,2.31929053e+01,2.90465171e+01,3.71135926e+01
2.00000000e+01,2.31929037e+01,2.90526358e+01,3.71355100e+01
2.00000000e+01,2.31929059e+01,2.90465166e+01,3.71135913e+01
2.00000000e+01,2.61557563e+01,3.55106501e+01,4.73363172e+01
2.00000000e+01,2.61557543e+01,3.55189999e+01,4.73660417e+01
2.00000000e+01,2.61557545e+01,3.55189994e+01,4.73660419e+01
2.00000000e+01,2.61557562e+01,3.55106502e+01,4.73363171e+01
2.00000000e+01,2.31929058e+01,2.90431525e+01,3.71013522e+01
2.00000000e+01,2.31929050e+01,2.90490137e+01,3.71225891e+01
2.00000000e+01,2.31929054e+01,2.90490132e+01,3.71225884e+01
2.00000000e+01,2.31929061e+01,2.90431522e+01,3.71013519e+01
2.00000000e+01,2.61557553e+01,3.55140091e+01,4.73483419e+01
2.00000000e+01,2.31929055e+01,2.90455446e+01,3.71100680e+01
2.00000000e+01,2.00244386e+01,2.01223127e+01,2.03513396e+01
2.00000000e+01,2.00244385e+01,2.01222640e+01,2.03510699e+01
2.00000000e+01,2.00409355e+01,2.01936555e+01,2.05327010e+01
2.00000000e+01,2.00409353e+01,2.01936469e+01,2.05326288e+01
2.00000000e+01,2.00244386e+01,2.01223088e+01,2.03513180e+01
2.00000000e+01,2.00244385e+01,2.01222598e+01,2.03510466e+01
2.00000000e+01,2.00244385e+01,2.01222930e+01,2.03512300e+01
2.00000000e+01,2.00290348e+01,2.01429421e+01,2.04055474e+01
2.00000000e+01,2.00290346e+01,2.01428996e+01,2.04053095e+01
2.00000000e+01,2.00409355e+01,2.01936546e+01,2.05326947e+01
2.00000000e+01,2.00409353e+01,2.01936461e+01,2.05326231e+01
2.00000000e+01,2.00409354e+01,2.01936517e+01,2.05326702e+01
2.00000000e+01,2.00244386e+01,2.01222890e+01,2.03512077e+01
2.00000000e+01,2.00290348e+01,2.01429386e+01,2.04055280e+01
2.00000000e+01,2.00290347e+01,2.01428957e+01,2.04052888e+01
2.00000000e+01,2.00290347e+01,2.01429247e+01,2.04054500e+01
2.00000000e+01,2.00409354e+01,2.01936511e+01,2.05326643e+01
2.00000000e+01,2.00290347e+01,2.01429212e+01,2.04054301e+01
2.00000000e+01,2.01009447e+01,2.04345974e+01,2.11091048e+01
2.00000000e+01,2.01009445e+01,2.04347287e+01,2.11096410e+01
2.00000000e+01,2.00630138e+01,2.02846405e+01,2.07546773e+01
2.00000000e+01,2.00630135e+01,2.02846938e+01,2.07548887e+01
2.00000000e+01,2.01009447e+01,2.04346085e+01,2.11091501e+01
2.00000000e+01,2.01009446e+01,2.04347396e+01,2.11096861e+01
2.00000000e+01,2.01009447e+01,2.04346525e+01,2.11093291e+01
2.00000000e+01,2.00630138e+01,2.02846449e+01,2.07546945e+01
2.00000000e+01,2.00630136e+01,2.02846985e+01,2.07549075e+01
2.00000000e+01,2.00630137e+01,2.02846624e+01,2.07547634e+01
2.00000000e+01,2.01009447e+01,2.04346635e+01,2.11093743e+01
2.00000000e+01,2.00630137e+01,2.02846669e+01,2.07547813e+01
2.00000000e+01,2.02682532e+01,2.10453945e+01,2.24692827e+01
2.00000000e+01,2.02682533e+01,2.10456807e+01,2.24703218e+01
2.00000000e+01,2.01639734e+01,2.06725399e+01,2.16520538e+01
2.00000000e+01,2.01639732e+01,2.06727463e+01,2.16528567e+01
2.00000000e+01,2.02682534e+01,2.10454194e+01,2.24693737e+01
2.00000000e+01,2.02682534e+01,2.10457031e+01,2.24704033e+01
2.00000000e+01,2.02682534e+01,2.10455174e+01,2.24697298e+01
2.00000000e+01,2.01639734e+01,2.06725577e+01,2.16521231e+01
2.00000000e+01,2.01639732e+01,2.06727629e+01,2.16529218e+01
2.00000000e+01,2.01639733e+01,2.06726277e+01,2.16523951e+01
2.00000000e+01,2.02682534e+01,2.10455413e+01,2.24698168e+01
2.00000000e+01,2.01639734e+01,2.06726450e+01,2.16524626e+01
2.00000000e+01,2.07207021e+01,2.25119413e+01,2.54647157e+01
2.00000000e+01,2.07207021e+01,2.25126377e+01,2.54671386e+01
2.00000000e+01,2.04392288e+01,2.16225000e+01,2.36815867e+01
2.00000000e+01,2.04392286e+01,2.16229103e+01,2.36829972e+01
2.00000000e+01,2.07207020e+01,2.25120018e+01,2.54649301e+01
2.00000000e+01,2.07207022e+01,2.25126909e+01,2.54673212e+01
2.00000000e+01,2.07207021e+01,2.25122415e+01,2.54657694e+01
2.00000000e+01,2.04392287e+01,2.16225361e+01,2.36817118e+01
2.00000000e+01,2.04392286e+01,2.16229420e+01,2.36831048e+01
2.00000000e+01,2.04392287e+01,2.16226773e+01,2.36821996e+01
2.00000000e+01,2.07207022e+01,2.25122994e+01,2.54659708e+01
2.00000000e+01,2.04392287e+01,2.16227114e+01,2.36823172e+01
2.00000000e+01,2.19392200e+01,2.59279892e+01,3.17804201e+01
2.00000000e+01,2.19392196e+01,2.59311142e+01,3.17919705e+01
2.00000000e+01,2.11813620e+01,2.38692292e+01,2.80558481e+01
2.00000000e+01,2.11813622e+01,2.38707085e+01,2.80612171e+01
2.00000000e+01,2.19392201e+01,2.59282477e+01,3.17813867e+01
2.00000000e+01,2.19392197e+01,2.59313723e+01,3.17929189e+01
2.00000000e+01,2.19392199e+01,2.59292881e+01,3.17852509e+01
2.00000000e+01,2.11813619e+01,2.38693564e+01,2.80563141e+01
2.00000000e+01,2.11813619e+01,2.38708258e+01,2.80616356e+01
2.00000000e+01,2.11813619e+01,2.38698592e+01,2.80581488e+01
2.00000000e+01,2.19392200e+01,2.59295481e+01,3.17862126e+01
2.00000000e+01,2.11813619e+01,2.38699820e+01,2.80585956e+01
2.00000000e+01,2.61557556e+01,3.55050187e+01,4.73159066e+01
2.00000000e+01,2.61557547e+01,3.55126483e+01,4.73434757e+01
2.00000000e+01,2.31929057e+01,2.90390436e+01,3.70862042e+01
2.00000000e+01,2.31929038e+01,2.90445756e+01,3.71065414e+01
2.00000000e+01,2.61557557e+01,3.55056186e+01,4.73180986e+01
2.00000000e+01,2.61557548e+01,3.55133251e+01,4.73458992e+01
2.00000000e+01,2.61557554e+01,3.55080851e+01,4.73270565e+01
2.00000000e+01,2.31929057e+01,2.90394894e+01,3.70878588e+01
2.00000000e+01,2.31929041e+01,2.90450587e+01,3.71082998e+01
2.00000000e+01,2.31929051e+01,2.90412974e+01,3.70945383e+01
2.00000000e+01,2.61557556e+01,3.55087177e+01,4.73293440e+01
2.00000000e+01,2.31929052e+01,2.90417587e+01,3.70962363e+01
2.00000000e+01,2.00244385e+01,2.01222970e+01,2.03512522e+01
2.00000000e+01,2.00244383e+01,2.01222468e+01,2.03509752e+01
2.00000000e+01,2.00409354e+01,2.01936526e+01,2.05326764e+01
2.00000000e+01,2.00409353e+01,2.01936443e+01,2.05326065e+01
2.00000000e+01,2.00244385e+01,2.01223088e+01,2.03513180e+01
2.00000000e+01,2.00244384e+01,2.01222598e+01,2.03510466e+01
2.00000000e+01,2.00244385e+01,2.01222766e+01,2.03511395e+01
2.00000000e+01,2.00290348e+01,2.01429283e+01,2.04054697e+01
2.00000000e+01,2.00290347e+01,2.01428846e+01,2.04052269e+01
2.00000000e+01,2.00409355e+01,2.01936546e+01,2.05326947e+01
2.00000000e+01,2.00409353e+01,2.01936462e+01,2.05326232e+01
2.00000000e+01,2.00409354e+01,2.01936489e+01,2.05326463e+01
2.00000000e+01,2.00244385e+01,2.01222889e+01,2.03512076e+01
2.00000000e+01,2.00290348e+01,2.01429387e+01,2.04055280e+01
2.00000000e+01,2.00290346e+01,2.01428958e+01,2.04052889e+01
2.00000000e+01,2.00290347e+01,2.01429105e+01,2.04053703e+01
2.00000000e+01,2.00409354e+01,2.01936511e+01,2.05326643e+01
2.00000000e+01,2.00290347e+01,2.01429212e+01,2.04054301e+01
2.00000000e+01,2.01009447e+01,2.04346414e+01,2.11092841e+01
2.00000000e+01,2.01009445e+01,2.04347718e+01,2.11098188e+01
2.00000000e+01,2.00630138e+01,2.02846579e+01,2.07547458e+01
2.00000000e+01,2.00630137e+01,2.02847123e+01,2.07549639e+01
2.00000000e+01,2.01009447e+01,2.04346085e+01,2.11091501e+01
2.00000000e+01,2.01009446e+01,2.04347396e+01,2.11096861e+01
2.00000000e+01,2.01009448e+01,2.04346961e+01,2.11095080e+01
2.00000000e+01,2.00630137e+01,2.02846449e+01,2.07546945e+01
2.00000000e+01,2.00630135e+01,2.02846984e+01,2.07549076e+01
2.00000000e+01,2.00630138e+01,2.02846802e+01,2.07548346e+01
2.00000000e+01,2.01009447e+01,2.04346635e+01,2.11093744e+01
2.00000000e+01,2.00630137e+01,2.02846669e+01,2.07547813e+01
2.00000000e+01,2.02682535e+01,2.10454932e+01,2.24696420e+01
2.00000000e+01,2.02682532e+01,2.10457692e+01,2.24706425e+01
2.00000000e+01,2.01639736e+01,2.06726102e+01,2.16523273e+01
2.00000000e+01,2.01639735e+01,2.06728116e+01,2.16531124e+01
2.00000000e+01,2.02682534e+01,2.10454195e+01,2.24693738e+01
2.00000000e+01,2.02682534e+01,2.10457032e+01,2.24704034e+01
2.00000000e+01,2.02682536e+01,2.10456118e+01,2.24700732e+01
2.00000000e+01,2.01639734e+01,2.06725578e+01,2.16521231e+01
2.00000000e+01,2.01639732e+01,2.06727629e+01,2.16529217e+01
2.00000000e+01,2.01639735e+01,2.06726960e+01,2.16526616e+01
2.00000000e+01,2.02682534e+01,2.10455413e+01,2.24698169e+01
2.00000000e+01,2.01639734e+01,2.06726450e+01,2.16524626e+01
2.00000000e+01,2.07207020e+01,2.25121834e+01,2.54655653e+01
2.00000000e+01,2.07207021e+01,2.25128498e+01,2.54678611e+01
2.00000000e+01,2.04392289e+01,2.16226425e+01,2.36820802e+01
2.00000000e+01,2.04392290e+01,2.16230351e+01,2.36834212e+01
2.00000000e+01,2.07207021e+01,2.25120019e+01,2.54649302e+01
2.00000000e+01,2.07207022e+01,2.25126908e+01,2.54673212e+01
2.00000000e+01,2.07207022e+01,2.25124713e+01,2.54665665e+01
2.00000000e+01,2.04392287e+01,2.16225362e+01,2.36817119e+01
2.00000000e+01,2.04392286e+01,2.16229420e+01,2.36831047e+01
2.00000000e+01,2.04392288e+01,2.16228125e+01,2.36826640e+01
2.00000000e+01,2.07207022e+01,2.25122995e+01,2.54659708e+01
2.00000000e+01,2.04392287e+01,2.16227115e+01,2.36823173e+01
2.00000000e+01,2.19392201e+01,2.59290291e+01,3.17842891e+01
2.00000000e+01,2.19392197e+01,2.59321529e+01,3.17957623e+01
2.00000000e+01,2.11813619e+01,2.38697357e+01,2.80576982e+01
2.00000000e+01,2.11813622e+01,2.38711734e+01,2.80628754e+01
2.00000000e+01,2.19392202e+01,2.59282480e+01,3.17813865e+01
2.00000000e+01,2.19392199e+01,2.59313724e+01,3.17929189e+01
2.00000000e+01,2.19392202e+01,2.59303304e+01,3.17890979e+01
2.00000000e+01,2.11813619e+01,2.38693567e+01,2.80563139e+01
2.00000000e+01,2.11813620e+01,2.38708258e+01,2.80616351e+01
2.00000000e+01,2.11813618e+01,2.38703499e+01,2.80599241e+01
2.00000000e+01,2.19392201e+01,2.59295484e+01,3.17862125e+01
2.00000000e+01,2.11813620e+01,2.38699821e+01,2.80585954e+01
2.00000000e+01,2.61557564e+01,3.55074598e+01,4.73247891e+01
2.00000000e+01,2.61557548e+01,3.55154040e+01,4.73533037e+01
2.00000000e+01,2.31929063e+01,2.90408385e+01,3.70928475e+01
2.00000000e+01,2.31929056e+01,2.90465172e+01,3.71135909e+01
2.00000000e+01,2.61557559e+01,3.55056190e+01,4.73180982e+01
2.00000000e+01,2.61557549e+01,3.55133251e+01,4.73458989e+01
2.00000000e+01,2.61557563e+01,3.55106509e+01,4.73363160e+01
2.00000000e+01,2.31929057e+01,2.90394898e+01,3.70878585e+01
2.00000000e+01,2.31929041e+01,2.90450589e+01,3.71082991e+01
2.00000000e+01,2.31929060e+01,2.90431531e+01,3.71013512e+01
2.00000000e+01,2.61557556e+01,3.55087181e+01,4.73293435e+01
2.00000000e+01,2.31929053e+01,2.90417590e+01,3.70962359e+01
2.00000000e+01,2.00244384e+01,2.01222468e+01,2.03509752e+01
2.00000000e+01,2.00244382e+01,2.01221919e+01,2.03506763e+01
2.00000000e+01,2.00409354e+01,2.01936443e+01,2.05326064e+01
2.00000000e+01,2.00409353e+01,2.01936373e+01,2.05325468e+01
2.00000000e+01,2.00244384e+01,2.01222767e+01,2.03511396e+01
2.00000000e+01,2.00244383e+01,2.01222245e+01,2.03508535e+01
2.00000000e+01,2.00244383e+01,2.01222245e+01,2.03508535e+01
2.00000000e+01,2.00290346e+01,2.01428845e+01,2.04052269e+01
2.00000000e+01,2.00290344e+01,2.01428374e+01,2.04049697e+01
2.00000000e+01,2.00409355e+01,2.01936490e+01,2.05326463e+01
2.00000000e+01,2.00409353e+01,2.01936411e+01,2.05325801e+01
2.00000000e+01,2.00409354e+01,2.01936410e+01,2.05325799e+01
2.00000000e+01,2.00244384e+01,2.01222555e+01,2.03510231e+01
2.00000000e+01,2.00290347e+01,2.01429105e+01,2.04053702e+01
2.00000000e+01,2.00290346e+01,2.01428654e+01,2.04051214e+01
2.00000000e+01,2.00290345e+01,2.01428653e+01,2.04051213e+01
2.00000000e+01,2.00409354e+01,2.01936456e+01,2.05326178e+01
2.00000000e+01,2.00290346e+01,2.01428920e+01,2.04052681e+01
2.00000000e+01,2.01009447e+01,2.04347718e+01,2.11098187e+01
2.00000000e+01,2.01009444e+01,2.04348985e+01,2.11103447e+01
2.00000000e+01,2.00630137e+01,2.02847122e+01,2.07549638e+01
2.00000000e+01,2.00630135e+01,2.02847701e+01,2.07552030e+01
2.00000000e+01,2.01009448e+01,2.04346961e+01,2.11095080e+01
2.00000000e+01,2.01009446e+01,2.04348253e+01,2.11100402e+01
2.00000000e+01,2.01009446e+01,2.04348252e+01,2.11100400e+01
2.00000000e+01,2.00630138e+01,2.02846802e+01,2.07548346e+01
2.00000000e+01,2.00630136e+01,2.02847360e+01,2.07550612e+01
2.00000000e+01,2.00630137e+01,2.02847359e+01,2.07550611e+01
2.00000000e+01,2.01009447e+01,2.04347504e+01,2.11097311e+01
2.00000000e+01,2.00630137e+01,2.02847031e+01,2.07549269e+01
2.00000000e+01,2.02682535e+01,2.10457694e+01,2.24706425e+01
2.00000000e+01,2.02682532e+01,2.10460147e+01,2.24715267e+01
2.00000000e+01,2.01639736e+01,2.06728114e+01,2.16531123e+01
2.00000000e+01,2.01639733e+01,2.06729967e+01,2.16538381e+01
2.00000000e+01,2.02682537e+01,2.10456118e+01,2.24700732e+01
2.00000000e+01,2.02682534e+01,2.10458755e+01,2.24710261e+01
2.00000000e+01,2.02682535e+01,2.10458755e+01,2.24710260e+01
2.00000000e+01,2.01639736e+01,2.06726959e+01,2.16526615e+01
2.00000000e+01,2.01639735e+01,2.06728909e+01,2.16534232e+01
2.00000000e+01,2.01639735e+01,2.06728907e+01,2.16534231e+01
2.00000000e+01,2.02682535e+01,2.10457254e+01,2.24704843e+01
2.00000000e+01,2.01639735e+01,2.06727791e+01,2.16529862e+01
2.00000000e+01,2.07207020e+01,2.25128506e+01,2.54678615e+01
2.00000000e+01,2.07207024e+01,2.25134274e+01,2.54697860e+01
2.00000000e+01,2.04392289e+01,2.16230354e+01,2.36834212e+01
2.00000000e+01,2.04392287e+01,2.16233770e+01,2.36845616e+01
2.00000000e+01,2.07207022e+01,2.25124716e+01,2.54665666e+01
2.00000000e+01,2.07207023e+01,2.25131013e+01,2.54687083e+01
2.00000000e+01,2.07207023e+01,2.25131018e+01,2.54687086e+01
2.00000000e+01,2.04392288e+01,2.16228124e+01,2.36826640e+01
2.00000000e+01,2.04392289e+01,2.16231839e+01,2.36839210e+01
2.00000000e+01,2.04392288e+01,2.16231841e+01,2.36839210e+01
2.00000000e+01,2.07207022e+01,2.25127444e+01,2.54675023e+01
2.00000000e+01,2.04392288e+01,2.16229734e+01,2.36832117e+01
2.00000000e+01,2.19392200e+01,2.59321529e+01,3.17957618e+01
2.00000000e+01,2.19392200e+01,2.59352271e+01,3.18068332e+01
2.00000000e+01,2.11813619e+01,2.38711747e+01,2.80628751e+01
2.00000000e+01,2.11813623e+01,2.38724665e+01,2.80674096e+01
2.00000000e+01,2.19392202e+01,2.59303305e+01,3.17890976e+01
2.00000000e+01,2.19392202e+01,2.59334439e+01,3.18004410e+01
2.00000000e+01,2.19392202e+01,2.59334444e+01,3.18004404e+01
2.00000000e+01,2.11813618e+01,2.38703502e+01,2.80599240e+01
2.00000000e+01,2.11813619e+01,2.38717322e+01,2.80648497e+01
2.00000000e+01,2.11813618e+01,2.38717330e+01,2.80648495e+01
2.00000000e+01,2.19392202e+01,2.59316312e+01,3.17938630e+01
2.00000000e+01,2.11813619e+01,2.38709418e+01,2.80620476e+01
2.00000000e+01,2.61557556e+01,3.55154023e+01,4.73533046e+01
2.00000000e+01,2.61557519e+01,3.55243732e+01,4.73848660e+01
2.00000000e+01,2.31929056e+01,2.90465176e+01,3.71135907e+01
2.00000000e+01,2.31929036e+01,2.90526373e+01,3.71355108e+01
2.00000000e+01,2.61557565e+01,3.55106506e+01,4.73363161e+01
2.00000000e+01,2.61557542e+01,3.55190014e+01,4.73660404e+01
2.00000000e+01,2.61557545e+01,3.55190000e+01,4.73660413e+01
2.00000000e+01,2.31929060e+01,2.90431531e+01,3.71013511e+01
2.00000000e+01,2.31929052e+01,2.90490142e+01,3.71225882e+01
2.00000000e+01,2.31929052e+01,2.90490142e+01,3.71225880e+01
2.00000000e+01,2.61557554e+01,3.55140099e+01,4.73483409e+01
2.00000000e+01,2.31929055e+01,2.90455454e+01,3.71100673e+01
2.00000000e+01,2.00244386e+01,2.01223127e+01,2.03513397e+01
2.00000000e+01,2.00244385e+01,2.01222640e+01,2.03510700e+01
2.00000000e+01,2.00409355e+01,2.01936555e+01,2.05327010e+01
2.00000000e+01,2.00409353e+01,2.01936469e+01,2.05326289e+01
2.00000000e+01,2.00244385e+01,2.01222930e+01,2.03512301e+01
2.00000000e+01,2.00244385e+01,2.01222597e+01,2.03510467e+01
2.00000000e+01,2.00244386e+01,2.01223088e+01,2.03513181e+01
2.00000000e+01,2.00290348e+01,2.01429422e+01,2.04055474e+01
2.00000000e+01,2.00290347e+01,2.01428995e+01,2.04053097e+01
2.00000000e+01,2.00409354e+01,2.01936518e+01,2.05326702e+01
2.00000000e+01,2.00409354e+01,2.01936461e+01,2.05326231e+01
2.00000000e+01,2.00409355e+01,2.01936546e+01,2.05326947e+01
2.00000000e+01,2.00244386e+01,2.01222890e+01,2.03512078e+01
2.00000000e+01,2.00290348e+01,2.01429248e+01,2.04054500e+01
2.00000000e+01,2.00290347e+01,2.01428957e+01,2.04052890e+01
2.00000000e+01,2.00290348e+01,2.01429387e+01,2.04055280e+01
2.00000000e+01,2.00409354e+01,2.01936511e+01,2.05326643e+01
2.00000000e+01,2.00290348e+01,2.01429212e+01,2.04054301e+01
2.00000000e+01,2.01009447e+01,2.04345973e+01,2.11091049e+01
2.00000000e+01,2.01009446e+01,2.04347285e+01,2.11096410e+01
2.00000000e+01,2.00630138e+01,2.02846405e+01,2.07546773e+01
2.00000000e+01,2.00630136e+01,2.02846937e+01,2.07548887e+01
2.00000000e+01,2.01009447e+01,2.04346523e+01,2.11093292e+01
2.00000000e+01,2.01009446e+01,2.04347395e+01,2.11096861e+01
2.00000000e+01,2.01009447e+01,2.04346084e+01,2.11091500e+01
2.00000000e+01,2.00630137e+01,2.02846624e+01,2.07547634e+01
2.00000000e+01,2.00630136e+01,2.02846983e+01,2.07549075e+01
2.00000000e+01,2.00630138e+01,2.02846449e+01,2.07546945e+01
2.00000000e+01,2.01009447e+01,2.04346634e+01,2.11093743e+01
2.00000000e+01,2.00630137e+01,2.02846668e+01,2.07547812e+01
2.00000000e+01,2.02682532e+01,2.10453943e+01,2.24692826e+01
2.00000000e+01,2.02682533e+01,2.10456804e+01,2.24703217e+01
2.00000000e+01,2.01639734e+01,2.06725398e+01,2.16520538e+01
2.00000000e+01,2.01639733e+01,2.06727460e+01,2.16528567e+01
2.00000000e+01,2.02682534e+01,2.10455172e+01,2.24697298e+01
2.00000000e+01,2.02682534e+01,2.10457031e+01,2.24704033e+01
2.00000000e+01,2.02682534e+01,2.10454193e+01,2.24693737e+01
2.00000000e+01,2.01639734e+01,2.06726275e+01,2.16523951e+01
2.00000000e+01,2.01639732e+01,2.06727627e+01,2.16529217e+01
2.00000000e+01,2.01639734e+01,2.06725577e+01,2.16521231e+01
2.00000000e+01,2.02682534e+01,2.10455412e+01,2.24698168e+01
2.00000000e+01,2.01639734e+01,2.06726449e+01,2.16524626e+01
2.00000000e+01,2.07207020e+01,2.25119410e+01,2.54647157e+01
2.00000000e+01,2.07207020e+01,2.25126373e+01,2.54671385e+01
2.00000000e+01,2.04392288e+01,2.16224998e+01,2.36815866e+01
2.00000000e+01,2.04392287e+01,2.16229101e+01,2.36829971e+01
2.00000000e+01,2.07207021e+01,2.25122412e+01,2.54657695e+01
2.00000000e+01,2.07207021e+01,2.25126908e+01,2.54673214e+01
2.00000000e+01,2.07207020e+01,2.25120017e+01,2.54649302e+01
2.00000000e+01,2.04392286e+01,2.16226771e+01,2.36821995e+01
2.00000000e+01,2.04392286e+01,2.16229420e+01,2.36831047e+01
2.00000000e+01,2.04392287e+01,2.16225359e+01,2.36817118e+01
2.00000000e+01,2.07207021e+01,2.25122992e+01,2.54659709e+01
2.00000000e+01,2.04392287e+01,2.16227113e+01,2.36823171e+01
2.00000000e+01,2.19392199e+01,2.59279885e+01,3.17804202e+01
2.00000000e+01,2.19392194e+01,2.59311128e+01,3.17919703e+01
2.00000000e+01,2.11813618e+01,2.38692287e+01,2.80558482e+01
2.00000000e+01,2.11813621e+01,2.38707078e+01,2.80612171e+01
2.00000000e+01,2.19392198e+01,2.59292872e+01,3.17852511e+01
2.00000000e+01,2.19392196e+01,2.59313717e+01,3.17929192e+01
2.00000000e+01,2.19392200e+01,2.59282475e+01,3.17813868e+01
2.00000000e+01,2.11813617e+01,2.38698586e+01,2.80581488e+01
2.00000000e+01,2.11813618e+01,2.38708253e+01,2.80616356e+01
2.00000000e+01,2.11813618e+01,2.38693561e+01,2.80563142e+01
2.00000000e+01,2.19392199e+01,2.59295475e+01,3.17862128e+01
2.00000000e+01,2.11813618e+01,2.38699817e+01,2.80585957e+01
2.00000000e+01,2.61557557e+01,3.55050183e+01,4.73159067e+01
2.00000000e+01,2.61557549e+01,3.55126476e+01,4.73434758e+01
2.00000000e+01,2.31929057e+01,2.90390429e+01,3.70862044e+01
2.00000000e+01,2.31929038e+01,2.90445745e+01,3.71065416e+01
2.00000000e+01,2.61557555e+01,3.55080847e+01,4.73270569e+01
2.00000000e+01,2.61557551e+01,3.55133250e+01,4.73458997e+01
2.00000000e+01,2.61557557e+01,3.55056186e+01,4.73180987e+01
2.00000000e+01,2.31929052e+01,2.90412965e+01,3.70945386e+01
2.00000000e+01,2.31929040e+01,2.90450580e+01,3.71083000e+01
2.00000000e+01,2.31929057e+01,2.90394889e+01,3.70878589e+01
2.00000000e+01,2.61557557e+01,3.55087175e+01,4.73293442e+01
2.00000000e+01,2.31929052e+01,2.90417583e+01,3.70962366e+01
2.00000000e+01,2.00244386e+01,2.01223279e+01,2.03514247e+01
2.00000000e+01,2.00409355e+01,2.01936585e+01,2.05327262e+01
2.00000000e+01,2.00244386e+01,2.01223241e+01,2.03514038e+01
2.00000000e+01,2.00244386e+01,2.01223241e+01,2.03514037e+01
2.00000000e+01,2.00290348e+01,2.01429557e+01,2.04056233e+01
2.00000000e+01,2.00409355e+01,2.01936576e+01,2.05327198e+01
2.00000000e+01,2.00409355e+01,2.01936575e+01,2.05327197e+01
2.00000000e+01,2.00244386e+01,2.01223203e+01,2.03513825e+01
2.00000000e+01,2.00290348e+01,2.01429523e+01,2.04056044e+01
2.00000000e+01,2.00290348e+01,2.01429523e+01,2.04056043e+01
2.00000000e+01,2.00409355e+01,2.01936569e+01,2.05327136e+01
2.00000000e+01,2.00290348e+01,2.01429489e+01,2.04055853e+01
2.00000000e+01,2.01009446e+01,2.04345532e+01,2.11089256e+01
2.00000000e+01,2.00630138e+01,2.02846234e+01,2.07546110e+01
2.00000000e+01,2.01009447e+01,2.04345643e+01,2.11089708e+01
2.00000000e+01,2.01009447e+01,2.04345643e+01,2.11089708e+01
2.00000000e+01,2.00630138e+01,2.02846277e+01,2.07546276e+01
2.00000000e+01,2.00630138e+01,2.02846277e+01,2.07546276e+01
2.00000000e+01,2.01009447e+01,2.04345755e+01,2.11090160e+01
2.00000000e+01,2.00630138e+01,2.02846320e+01,2.07546444e+01
2.00000000e+01,2.02682533e+01,2.10452925e+01,2.24689107e+01
2.00000000e+01,2.01639734e+01,2.06724681e+01,2.16517748e+01
2.00000000e+01,2.02682533e+01,2.10453182e+01,2.24690049e+01
2.00000000e+01,2.02682533e+01,2.10453183e+01,2.24690049e+01
2.00000000e+01,2.01639734e+01,2.06724863e+01,2.16518455e+01
2.00000000e+01,2.01639733e+01,2.06724864e+01,2.16518455e+01
2.00000000e+01,2.02682534e+01,2.10453438e+01,2.24690984e+01
2.00000000e+01,2.01639734e+01,2.06725044e+01,2.16519158e+01
2.00000000e+01,2.07207019e+01,2.25116896e+01,2.54638241e+01
2.00000000e+01,2.04392288e+01,2.16223515e+01,2.36810692e+01
2.00000000e+01,2.07207020e+01,2.25117523e+01,2.54640489e+01
2.00000000e+01,2.07207020e+01,2.25117525e+01,2.54640489e+01
2.00000000e+01,2.04392286e+01,2.16223892e+01,2.36812004e+01
2.00000000e+01,2.04392286e+01,2.16223893e+01,2.36812004e+01
2.00000000e+01,2.07207021e+01,2.25118154e+01,2.54642716e+01
2.00000000e+01,2.04392287e+01,2.16224263e+01,2.36813299e+01
2.00000000e+01,2.19392200e+01,2.59269535e+01,3.17765414e+01
2.00000000e+01,2.11813620e+01,2.38687115e+01,2.80539421e+01
2.00000000e+01,2.19392201e+01,2.59272108e+01,3.17775097e+01
2.00000000e+01,2.19392201e+01,2.59272112e+01,3.17775096e+01
2.00000000e+01,2.11813619e+01,2.38688415e+01,2.80544217e+01
2.00000000e+01,2.11813619e+01,2.38688417e+01,2.80544217e+01
2.00000000e+01,2.19392202e+01,2.59274697e+01,3.17784780e+01
2.00000000e+01,2.11813619e+01,2.38689704e+01,2.80548975e+01
2.00000000e+01,2.61557556e+01,3.55026738e+01,4.73073152e+01
2.00000000e+01,2.31929054e+01,2.90372974e+01,3.70796974e+01
2.00000000e+01,2.61557556e+01,3.55032505e+01,4.73094358e+01
2.00000000e+01,2.61557556e+01,3.55032507e+01,4.73094357e+01
2.00000000e+01,2.31929053e+01,2.90377312e+01,3.70813178e+01
2.00000000e+01,2.31929053e+01,2.90377314e+01,3.70813177e+01
2.00000000e+01,2.61557558e+01,3.55038343e+01,4.73115750e+01
2.00000000e+01,2.31929055e+01,2.90381680e+01,3.70829464e+01
2.00000000e+01,2.00244385e+01,2.01223127e+01,2.03513397e+01
2.00000000e+01,2.00409355e+01,2.01936556e+01,2.05327010e+01
2.00000000e+01,2.00244386e+01,2.01223242e+01,2.03514038e+01
2.00000000e+01,2.00244385e+01,2.01223088e+01,2.03513181e+01
2.00000000e+01,2.00290348e+01,2.01429423e+01,2.04055474e+01
2.00000000e+01,2.00409355e+01,2.01936578e+01,2.05327199e+01
2.00000000e+01,2.00409355e+01,2.01936548e+01,2.05326948e+01
2.00000000e+01,2.00244386e+01,2.01223203e+01,2.03513825e+01
2.00000000e+01,2.00290348e+01,2.01429523e+01,2.04056044e+01
2.00000000e+01,2.00290348e+01,2.01429388e+01,2.04055281e+01
2.00000000e+01,2.00409355e+01,2.01936570e+01,2.05327136e+01
2.00000000e+01,2.00290348e+01,2.01429489e+01,2.04055854e+01
2.00000000e+01,2.01009447e+01,2.04345974e+01,2.11091049e+01
2.00000000e+01,2.00630138e+01,2.02846406e+01,2.07546775e+01
2.00000000e+01,2.01009447e+01,2.04345643e+01,2.11089708e+01
2.00000000e+01,2.01009448e+01,2.04346085e+01,2.11091501e+01
2.00000000e+01,2.00630138e+01,2.02846278e+01,2.07546277e+01
2.00000000e+01,2.00630137e+01,2.02846450e+01,2.07546946e+01
2.00000000e+01,2.01009447e+01,2.04345755e+01,2.11090161e+01
2.00000000e+01,2.00630138e+01,2.02846321e+01,2.07546444e+01
2.00000000e+01,2.02682533e+01,2.10453946e+01,2.24692827e+01
2.00000000e+01,2.01639735e+01,2.06725399e+01,2.16520538e+01
2.00000000e+01,2.02682533e+01,2.10453183e+01,2.24690049e+01
2.00000000e+01,2.02682535e+01,2.10454194e+01,2.24693738e+01
2.00000000e+01,2.01639734e+01,2.06724864e+01,2.16518455e+01
2.00000000e+01,2.01639734e+01,2.06725578e+01,2.16521231e+01
2.00000000e+01,2.02682534e+01,2.10453439e+01,2.24690984e+01
2.00000000e+01,2.01639734e+01,2.06725045e+01,2.16519158e+01
2.00000000e+01,2.07207021e+01,2.25119413e+01,2.54647157e+01
2.00000000e+01,2.04392288e+01,2.16224999e+01,2.36815866e+01
2.00000000e+01,2.07207020e+01,2.25117526e+01,2.54640489e+01
2.00000000e+01,2.07207020e+01,2.25120021e+01,2.54649302e+01
2.00000000e+01,2.04392287e+01,2.16223892e+01,2.36812003e+01
2.00000000e+01,2.04392287e+01,2.16225361e+01,2.36817119e+01
2.00000000e+01,2.07207021e+01,2.25118156e+01,2.54642717e+01
2.00000000e+01,2.04392287e+01,2.16224264e+01,2.36813299e+01
2.00000000e+01,2.19392200e+01,2.59279895e+01,3.17804199e+01
2.00000000e+01,2.11813619e+01,2.38692292e+01,2.80558479e+01
2.00000000e+01,2.19392201e+01,2.59272111e+01,3.17775095e+01
2.00000000e+01,2.19392201e+01,2.59282482e+01,3.17813862e+01
2.00000000e+01,2.11813619e+01,2.38688417e+01,2.80544215e+01
2.00000000e+01,2.11813619e+01,2.38693567e+01,2.80563138e+01
2.00000000e+01,2.19392202e+01,2.59274702e+01,3.17784778e+01
2.00000000e+01,2.11813619e+01,2.38689706e+01,2.80548973e+01
2.00000000e+01,2.61557560e+01,3.55050187e+01,4.73159060e+01
2.00000000e+01,2.31929057e+01,2.90390437e+01,3.70862037e+01
2.00000000e+01,2.61557559e+01,3.55032508e+01,4.73094355e+01
2.00000000e+01,2.61557560e+01,3.55056191e+01,4.73180980e+01
2.00000000e+01,2.31929054e+01,2.90377316e+01,3.70813174e+01
2.00000000e+01,2.31929058e+01,2.90394897e+01,3.70878582e+01
2.00000000e+01,2.61557559e+01,3.55038346e+01,4.73115746e+01
2.00000000e+01,2.31929055e+01,2.90381684e+01,3.70829460e+01
2.00000000e+01,2.00244385e+01,2.01222640e+01,2.03510699e+01
2.00000000e+01,2.00409354e+01,2.01936472e+01,2.05326289e+01
2.00000000e+01,2.00244385e+01,2.01222931e+01,2.03512301e+01
2.00000000e+01,2.00244384e+01,2.01222598e+01,2.03510466e+01
2.00000000e+01,2.00290347e+01,2.01428997e+01,2.04053096e+01
2.00000000e+01,2.00409354e+01,2.01936521e+01,2.05326704e+01
2.00000000e+01,2.00409354e+01,2.01936464e+01,2.05326232e+01
2.00000000e+01,2.00244385e+01,2.01222890e+01,2.03512077e+01
2.00000000e+01,2.00290347e+01,2.01429249e+01,2.04054500e+01
2.00000000e+01,2.00290347e+01,2.01428959e+01,2.04052889e+01
2.00000000e+01,2.00409354e+01,2.01936513e+01,2.05326644e+01
2.00000000e+01,2.00290347e+01,2.01429213e+01,2.04054301e+01
2.00000000e+01,2.01009447e+01,2.04347287e+01,2.11096411e+01
2.00000000e+01,2.00630137e+01,2.02846939e+01,2.07548887e+01
2.00000000e+01,2.01009448e+01,2.04346525e+01,2.11093292e+01
2.00000000e+01,2.01009447e+01,2.04347396e+01,2.11096861e+01
2.00000000e+01,2.00630137e+01,2.02846626e+01,2.07547636e+01
2.00000000e+01,2.00630137e+01,2.02846986e+01,2.07549076e+01
2.00000000e+01,2.01009448e+01,2.04346635e+01,2.11093744e+01
2.00000000e+01,2.00630138e+01,2.02846670e+01,2.07547814e+01
2.00000000e+01,2.02682535e+01,2.10456805e+01,2.24703217e+01
2.00000000e+01,2.01639734e+01,2.06727461e+01,2.16528567e+01
2.00000000e+01,2.02682535e+01,2.10455172e+01,2.24697298e+01
2.00000000e+01,2.02682535e+01,2.10457032e+01,2.24704033e+01
2.00000000e+01,2.01639734e+01,2.06726277e+01,2.16523951e+01
2.00000000e+01,2.01639734e+01,2.06727629e+01,2.16529217e+01
2.00000000e+01,2.02682535e+01,2.10455413e+01,2.24698169e+01
2.00000000e+01,2.01639735e+01,2.06726450e+01,2.16524626e+01
2.00000000e+01,2.07207021e+01,2.25126379e+01,2.54671384e+01
2.00000000e+01,2.04392287e+01,2.16229103e+01,2.36829970e+01
2.00000000e+01,2.07207022e+01,2.25122418e+01,2.54657694e+01
2.00000000e+01,2.07207021e+01,2.25126916e+01,2.54673213e+01
2.00000000e+01,2.04392287e+01,2.16226772e+01,2.36821995e+01
2.00000000e+01,2.04392287e+01,2.16229421e+01,2.36831048e+01
2.00000000e+01,2.07207022e+01,2.25122998e+01,2.54659708e+01
2.00000000e+01,2.04392288e+01,2.16227115e+01,2.36823172e+01
2.00000000e+01,2.19392198e+01,2.59311138e+01,3.17919696e+01
2.00000000e+01,2.11813621e+01,2.38707089e+01,2.80612165e+01
2.00000000e+01,2.19392200e+01,2.59292881e+01,3.17852502e+01
2.00000000e+01,2.19392199e+01,2.59313727e+01,3.17929182e+01
2.00000000e+01,2.11813619e+01,2.38698593e+01,2.80581483e+01
2.00000000e+01,2.11813620e+01,2.38708263e+01,2.80616348e+01
2.00000000e+01,2.19392201e+01,2.59295486e+01,3.17862119e+01
2.00000000e+01,2.11813619e+01,2.38699824e+01,2.80585952e+01
2.00000000e+01,2.61557554e+01,3.55126477e+01,4.73434748e+01
2.00000000e+01,2.31929046e+01,2.90445748e+01,3.71065403e+01
2.00000000e+01,2.61557558e+01,3.55080851e+01,4.73270558e+01
2.00000000e+01,2.61557554e+01,3.55133248e+01,4.73458986e+01
2.00000000e+01,2.31929055e+01,2.90412971e+01,3.70945375e+01
2.00000000e+01,2.31929047e+01,2.90450583e+01,3.71082983e+01
2.00000000e+01,2.61557560e+01,3.55087178e+01,4.73293432e+01
2.00000000e+01,2.31929055e+01,2.90417589e+01,3.70962355e+01
2.00000000e+01,2.00244385e+01,2.01222971e+01,2.03512524e+01
2.00000000e+01,2.00244384e+01,2.01222469e+01,2.03509756e+01
2.00000000e+01,2.00409354e+01,2.01936527e+01,2.05326765e+01
2.00000000e+01,2.00409353e+01,2.01936443e+01,2.05326066e+01
2.00000000e+01,2.00244385e+01,2.01222768e+01,2.03511398e+01
2.00000000e+01,2.00244385e+01,2.01222598e+01,2.03510468e+01
2.00000000e+01,2.00244386e+01,2.01223089e+01,2.03513182e+01
2.00000000e+01,2.00290348e+01,2.01429285e+01,2.04054700e+01
2.00000000e+01,2.00290347e+01,2.01428848e+01,2.04052272e+01
2.00000000e+01,2.00409355e+01,2.01936491e+01,2.05326465e+01
2.00000000e+01,2.00409354e+01,2.01936463e+01,2.05326233e+01
2.00000000e+01,2.00409355e+01,2.01936548e+01,2.05326948e+01
2.00000000e+01,2.00244386e+01,2.01222890e+01,2.03512078e+01
2.00000000e+01,2.00290348e+01,2.01429106e+01,2.04053705e+01
2.00000000e+01,2.00290347e+01,2.01428958e+01,2.04052890e+01
2.00000000e+01,2.00290348e+01,2.01429388e+01,2.04055282e+01
2.00000000e+01,2.00409354e+01,2.01936512e+01,2.05326644e+01
2.00000000e+01,2.00290348e+01,2.01429213e+01,2.04054303e+01
2.00000000e+01,2.01009448e+01,2.04346412e+01,2.11092841e+01
2.00000000e+01,2.01009446e+01,2.04347715e+01,2.11098188e+01
2.00000000e+01,2.00630139e+01,2.02846579e+01,2.07547458e+01
2.00000000e+01,2.00630137e+01,2.02847124e+01,2.07549639e+01
2.00000000e+01,2.01009449e+01,2.04346959e+01,2.11095080e+01
2.00000000e+01,2.01009447e+01,2.04347394e+01,2.11096861e+01
2.00000000e+01,2.01009448e+01,2.04346084e+01,2.11091501e+01
2.00000000e+01,2.00630138e+01,2.02846803e+01,2.07548346e+01
2.00000000e+01,2.00630136e+01,2.02846984e+01,2.07549076e+01
2.00000000e+01,2.00630138e+01,2.02846449e+01,2.07546946e+01
2.00000000e+01,2.01009448e+01,2.04346633e+01,2.11093743e+01
2.00000000e+01,2.00630138e+01,2.02846669e+01,2.07547814e+01
2.00000000e+01,2.02682535e+01,2.10454928e+01,2.24696419e+01
2.00000000e+01,2.02682534e+01,2.10457687e+01,2.24706423e+01
2.00000000e+01,2.01639736e+01,2.06726099e+01,2.16523273e+01
2.00000000e+01,2.01639736e+01,2.06728112e+01,2.16531123e+01
2.00000000e+01,2.02682536e+01,2.10456114e+01,2.24700730e+01
2.00000000e+01,2.02682534e+01,2.10457028e+01,2.24704032e+01
2.00000000e+01,2.02682534e+01,2.10454192e+01,2.24693737e+01
2.00000000e+01,2.01639736e+01,2.06726956e+01,2.16526615e+01
2.00000000e+01,2.01639733e+01,2.06727625e+01,2.16529216e+01
2.00000000e+01,2.01639734e+01,2.06725576e+01,2.16521231e+01
2.00000000e+01,2.02682535e+01,2.10455410e+01,2.24698168e+01
2.00000000e+01,2.01639734e+01,2.06726448e+01,2.16524626e+01
2.00000000e+01,2.07207020e+01,2.25121826e+01,2.54655652e+01
2.00000000e+01,2.07207021e+01,2.25128491e+01,2.54678612e+01
2.00000000e+01,2.04392289e+01,2.16226420e+01,2.36820801e+01
2.00000000e+01,2.04392290e+01,2.16230348e+01,2.36834210e+01
2.00000000e+01,2.07207022e+01,2.25124705e+01,2.54665666e+01
2.00000000e+01,2.07207022e+01,2.25126904e+01,2.54673211e+01
2.00000000e+01,2.07207021e+01,2.25120015e+01,2.54649301e+01
2.00000000e+01,2.04392289e+01,2.16228119e+01,2.36826638e+01
2.00000000e+01,2.04392287e+01,2.16229415e+01,2.36831047e+01
2.00000000e+01,2.04392287e+01,2.16225359e+01,2.36817118e+01
2.00000000e+01,2.07207021e+01,2.25122990e+01,2.54659708e+01
2.00000000e+01,2.04392288e+01,2.16227111e+01,2.36823172e+01
2.00000000e+01,2.19392201e+01,2.59290278e+01,3.17842893e+01
2.00000000e+01,2.19392195e+01,2.59321513e+01,3.17957624e+01
2.00000000e+01,2.11813617e+01,2.38697347e+01,2.80576982e+01
2.00000000e+01,2.11813620e+01,2.38711726e+01,2.80628752e+01
2.00000000e+01,2.19392200e+01,2.59303290e+01,3.17890982e+01
2.00000000e+01,2.19392196e+01,2.59313715e+01,3.17929190e+01
2.00000000e+01,2.19392200e+01,2.59282471e+01,3.17813866e+01
2.00000000e+01,2.11813616e+01,2.38703488e+01,2.80599240e+01
2.00000000e+01,2.11813618e+01,2.38708247e+01,2.80616351e+01
2.00000000e+01,2.11813618e+01,2.38693559e+01,2.80563140e+01
2.00000000e+01,2.19392198e+01,2.59295473e+01,3.17862126e+01
2.00000000e+01,2.11813618e+01,2.38699813e+01,2.80585954e+01
2.00000000e+01,2.61557568e+01,3.55074586e+01,4.73247894e+01
2.00000000e+01,2.61557557e+01,3.55154004e+01,4.73533049e+01
2.00000000e+01,2.31929063e+01,2.90408369e+01,3.70928478e+01
2.00000000e+01,2.31929058e+01,2.90465156e+01,3.71135916e+01
2.00000000e+01,2.61557568e+01,3.55106491e+01,4.73363167e+01
2.00000000e+01,2.61557552e+01,3.55133241e+01,4.73458991e+01
2.00000000e+01,2.61557561e+01,3.55056181e+01,4.73180983e+01
2.00000000e+01,2.31929061e+01,2.90431512e+01,3.71013517e+01
2.00000000e+01,2.31929041e+01,2.90450574e+01,3.71082994e+01
2.00000000e+01,2.31929058e+01,2.90394886e+01,3.70878587e+01
2.00000000e+01,2.61557559e+01,3.55087169e+01,4.73293439e+01
2.00000000e+01,2.31929053e+01,2.90417577e+01,3.70962363e+01
2.00000000e+01,2.00244385e+01,2.01223128e+01,2.03513398e+01
2.00000000e+01,2.00409355e+01,2.01936557e+01,2.05327011e+01
2.00000000e+01,2.00244385e+01,2.01223089e+01,2.03513182e+01
2.00000000e+01,2.00244386e+01,2.01223242e+01,2.03514038e+01
2.00000000e+01,2.00290348e+01,2.01429423e+01,2.04055475e+01
2.00000000e+01,2.00409355e+01,2.01936549e+01,2.05326950e+01
2.00000000e+01,2.00409355e+01,2.01936578e+01,2.05327199e+01
2.00000000e+01,2.00244386e+01,2.01223203e+01,2.03513826e+01
2.00000000e+01,2.00290348e+01,2.01429388e+01,2.04055282e+01
2.00000000e+01,2.00290348e+01,2.01429523e+01,2.04056044e+01
2.00000000e+01,2.00409355e+01,2.01936571e+01,2.05327137e+01
2.00000000e+01,2.00290348e+01,2.01429490e+01,2.04055855e+01
2.00000000e+01,2.01009447e+01,2.04345974e+01,2.11091048e+01
2.00000000e+01,2.00630138e+01,2.02846406e+01,2.07546775e+01
2.00000000e+01,2.01009448e+01,2.04346084e+01,2.11091501e+01
2.00000000e+01,2.01009447e+01,2.04345643e+01,2.11089708e+01
2.00000000e+01,2.00630138e+01,2.02846450e+01,2.07546946e+01
2.00000000e+01,2.00630138e+01,2.02846278e+01,2.07546277e+01
2.00000000e+01,2.01009448e+01,2.04345754e+01,2.11090161e+01
2.00000000e+01,2.00630138e+01,2.02846321e+01,2.07546445e+01
2.00000000e+01,2.02682534e+01,2.10453943e+01,2.24692827e+01
2.00000000e+01,2.01639735e+01,2.06725398e+01,2.16520538e+01
2.00000000e+01,2.02682534e+01,2.10454191e+01,2.24693737e+01
2.00000000e+01,2.02682533e+01,2.10453181e+01,2.24690049e+01
2.00000000e+01,2.01639734e+01,2.06725576e+01,2.16521231e+01
2.00000000e+01,2.01639733e+01,2.06724863e+01,2.16518455e+01
2.00000000e+01,2.02682534e+01,2.10453437e+01,2.24690984e+01
2.00000000e+01,2.01639734e+01,2.06725043e+01,2.16519158e+01
2.00000000e+01,2.07207020e+01,2.25119409e+01,2.54647156e+01
2.00000000e+01,2.04392288e+01,2.16224996e+01,2.36815866e+01
2.00000000e+01,2.07207021e+01,2.25120014e+01,2.54649301e+01
2.00000000e+01,2.07207021e+01,2.25117524e+01,2.54640488e+01
2.00000000e+01,2.04392287e+01,2.16225357e+01,2.36817118e+01
2.00000000e+01,2.04392287e+01,2.16223891e+01,2.36812003e+01
2.00000000e+01,2.07207021e+01,2.25118152e+01,2.54642716e+01
2.00000000e+01,2.04392287e+01,2.16224261e+01,2.36813299e+01
2.00000000e+01,2.19392200e+01,2.59279888e+01,3.17804200e+01
2.00000000e+01,2.11813618e+01,2.38692286e+01,2.80558479e+01
2.00000000e+01,2.19392201e+01,2.59282471e+01,3.17813865e+01
2.00000000e+01,2.19392201e+01,2.59272108e+01,3.17775095e+01
2.00000000e+01,2.11813618e+01,2.38693558e+01,2.80563138e+01
2.00000000e+01,2.11813619e+01,2.38688414e+01,2.80544216e+01
2.00000000e+01,2.19392201e+01,2.59274694e+01,3.17784779e+01
2.00000000e+01,2.11813619e+01,2.38689701e+01,2.80548974e+01
2.00000000e+01,2.61557562e+01,3.55050181e+01,4.73159059e+01
2.00000000e+01,2.31929057e+01,2.90390430e+01,3.70862037e+01
2.00000000e+01,2.61557563e+01,3.55056182e+01,4.73180981e+01
2.00000000e+01,2.61557560e+01,3.55032505e+01,4.73094353e+01
2.00000000e+01,2.31929058e+01,2.90394886e+01,3.70878583e+01
2.00000000e+01,2.31929054e+01,2.90377310e+01,3.70813175e+01
2.00000000e+01,2.61557561e+01,3.55038340e+01,4.73115747e+01
2.00000000e+01,2.31929056e+01,2.90381676e+01,3.70829462e+01
2.00000000e+01,2.00244385e+01,2.01222971e+01,2.03512524e+01
2.00000000e+01,2.00409355e+01,2.01936529e+01,2.05326765e+01
2.00000000e+01,2.00244385e+01,2.01223090e+01,2.03513182e+01
2.00000000e+01,2.00244385e+01,2.01223089e+01,2.03513182e+01
2.00000000e+01,2.00290349e+01,2.01429286e+01,2.04054700e+01
2.00000000e+01,2.00409355e+01,2.01936551e+01,2.05326951e+01
2.00000000e+01,2.00409355e+01,2.01936551e+01,2.05326950e+01
2.00000000e+01,2.00244386e+01,2.01223204e+01,2.03513826e+01
2.00000000e+01,2.00290348e+01,2.01429389e+01,2.04055282e+01
2.00000000e+01,2.00290348e+01,2.01429389e+01,2.04055282e+01
2.00000000e+01,2.00409355e+01,2.01936572e+01,2.05327138e+01
2.00000000e+01,2.00290348e+01,2.01429490e+01,2.04055855e+01
2.00000000e+01,2.01009448e+01,2.04346414e+01,2.11092841e+01
2.00000000e+01,2.00630139e+01,2.02846582e+01,2.07547459e+01
2.00000000e+01,2.01009448e+01,2.04346084e+01,2.11091501e+01
2.00000000e+01,2.01009448e+01,2.04346085e+01,2.11091501e+01
2.00000000e+01,2.00630138e+01,2.02846451e+01,2.07546947e+01
2.00000000e+01,2.00630138e+01,2.02846451e+01,2.07546947e+01
2.00000000e+01,2.01009448e+01,2.04345755e+01,2.11090161e+01
2.00000000e+01,2.00630138e+01,2.02846322e+01,2.07546445e+01
2.00000000e+01,2.02682535e+01,2.10454928e+01,2.24696420e+01
2.00000000e+01,2.01639736e+01,2.06726100e+01,2.16523273e+01
2.00000000e+01,2.02682535e+01,2.10454191e+01,2.24693737e+01
2.00000000e+01,2.02682535e+01,2.10454193e+01,2.24693737e+01
2.00000000e+01,2.01639735e+01,2.06725577e+01,2.16521231e+01
2.00000000e+01,2.01639735e+01,2.06725578e+01,2.16521231e+01
2.00000000e+01,2.02682534e+01,2.10453437e+01,2.24690984e+01
2.00000000e+01,2.01639734e+01,2.06725044e+01,2.16519158e+01
2.00000000e+01,2.07207022e+01,2.25121828e+01,2.54655650e+01
2.00000000e+01,2.04392290e+01,2.16226418e+01,2.36820800e+01
2.00000000e+01,2.07207022e+01,2.25120015e+01,2.54649299e+01
2.00000000e+01,2.07207021e+01,2.25120018e+01,2.54649300e+01
2.00000000e+01,2.04392288e+01,2.16225357e+01,2.36817117e+01
2.00000000e+01,2.04392288e+01,2.16225359e+01,2.36817117e+01
2.00000000e+01,2.07207022e+01,2.25118154e+01,2.54642715e+01
2.00000000e+01,2.04392288e+01,2.16224261e+01,2.36813298e+01
2.00000000e+01,2.19392200e+01,2.59290287e+01,3.17842891e+01
2.00000000e+01,2.11813618e+01,2.38697349e+01,2.80576979e+01
2.00000000e+01,2.19392201e+01,2.59282473e+01,3.17813862e+01
2.00000000e+01,2.19392201e+01,2.59282477e+01,3.17813861e+01
2.00000000e+01,2.11813618e+01,2.38693560e+01,2.80563137e+01
2.00000000e+01,2.11813619e+01,2.38693563e+01,2.80563137e+01
2.00000000e+01,2.19392201e+01,2.59274697e+01,3.17784776e+01
2.00000000e+01,2.11813619e+01,2.38689703e+01,2.80548972e+01
2.00000000e+01,2.61557566e+01,3.55074594e+01,4.73247882e+01
2.00000000e+01,2.31929064e+01,2.90408372e+01,3.70928470e+01
2.00000000e+01,2.61557565e+01,3.55056186e+01,4.73180973e+01
2.00000000e+01,2.61557564e+01,3.55056189e+01,4.73180974e+01
2.00000000e+01,2.31929059e+01,2.90394890e+01,3.70878579e+01
2.00000000e+01,2.31929059e+01,2.90394891e+01,3.70878579e+01
2.00000000e+01,2.61557562e+01,3.55038344e+01,4.73115742e+01
2.00000000e+01,2.31929056e+01,2.90381679e+01,3.70829458e+01
2.00000000e+01,2.00244384e+01,2.01222468e+01,2.03509754e+01
2.00000000e+01,2.00409354e+01,2.01936447e+01,2.05326067e+01
2.00000000e+01,2.00244385e+01,2.01222768e+01,2.03511397e+01
2.00000000e+01,2.00244384e+01,2.01222598e+01,2.03510467e+01
2.00000000e+01,2.00290347e+01,2.01428850e+01,2.04052272e+01
2.00000000e+01,2.00409356e+01,2.01936494e+01,2.05326466e+01
2.00000000e+01,2.00409354e+01,2.01936466e+01,2.05326234e+01
2.00000000e+01,2.00244385e+01,2.01222890e+01,2.03512078e+01
2.00000000e+01,2.00290348e+01,2.01429107e+01,2.04053705e+01
2.00000000e+01,2.00290347e+01,2.01428959e+01,2.04052890e+01
2.00000000e+01,2.00409355e+01,2.01936515e+01,2.05326645e+01
2.00000000e+01,2.00290348e+01,2.01429214e+01,2.04054303e+01
2.00000000e+01,2.01009448e+01,2.04347717e+01,2.11098189e+01
2.00000000e+01,2.00630138e+01,2.02847127e+01,2.07549640e+01
2.00000000e+01,2.01009449e+01,2.04346960e+01,2.11095080e+01
2.00000000e+01,2.01009447e+01,2.04347396e+01,2.11096862e+01
2.00000000e+01,2.00630139e+01,2.02846805e+01,2.07548347e+01
2.00000000e+01,2.00630137e+01,2.02846986e+01,2.07549077e+01
2.00000000e+01,2.01009448e+01,2.04346635e+01,2.11093744e+01
2.00000000e+01,2.00630138e+01,2.02846671e+01,2.07547815e+01
2.00000000e+01,2.02682536e+01,2.10457686e+01,2.24706422e+01
2.00000000e+01,2.01639736e+01,2.06728113e+01,2.16531123e+01
2.00000000e+01,2.02682538e+01,2.10456113e+01,2.24700730e+01
2.00000000e+01,2.02682536e+01,2.10457027e+01,2.24704032e+01
2.00000000e+01,2.01639736e+01,2.06726958e+01,2.16526615e+01
2.00000000e+01,2.01639734e+01,2.06727625e+01,2.16529217e+01
2.00000000e+01,2.02682536e+01,2.10455410e+01,2.24698168e+01
2.00000000e+01,2.01639735e+01,2.06726449e+01,2.16524626e+01
2.00000000e+01,2.07207022e+01,2.25128495e+01,2.54678611e+01
2.00000000e+01,2.04392291e+01,2.16230346e+01,2.36834210e+01
2.00000000e+01,2.07207023e+01,2.25124708e+01,2.54665663e+01
2.00000000e+01,2.07207023e+01,2.25126908e+01,2.54673210e+01
2.00000000e+01,2.04392290e+01,2.16228118e+01,2.36826638e+01
2.00000000e+01,2.04392288e+01,2.16229417e+01,2.36831045e+01
2.00000000e+01,2.07207022e+01,2.25122993e+01,2.54659706e+01
2.00000000e+01,2.04392289e+01,2.16227112e+01,2.36823171e+01
2.00000000e+01,2.19392198e+01,2.59321523e+01,3.17957616e+01
2.00000000e+01,2.11813620e+01,2.38711729e+01,2.80628751e+01
2.00000000e+01,2.19392202e+01,2.59303295e+01,3.17890974e+01
2.00000000e+01,2.19392199e+01,2.59313721e+01,3.17929181e+01
2.00000000e+01,2.11813617e+01,2.38703493e+01,2.80599238e+01
2.00000000e+01,2.11813619e+01,2.38708256e+01,2.80616348e+01
2.00000000e+01,2.19392201e+01,2.59295480e+01,3.17862118e+01
2.00000000e+01,2.11813619e+01,2.38699819e+01,2.80585951e+01
2.00000000e+01,2.61557560e+01,3.55154035e+01,4.73533030e+01
2.00000000e+01,2.31929062e+01,2.90465157e+01,3.71135902e+01
2.00000000e+01,2.61557570e+01,3.55106504e+01,4.73363150e+01
2.00000000e+01,2.61557556e+01,3.55133246e+01,4.73458979e+01
2.00000000e+01,2.31929064e+01,2.90431519e+01,3.71013505e+01
2.00000000e+01,2.31929049e+01,2.90450578e+01,3.71082982e+01
2.00000000e+01,2.61557562e+01,3.55087177e+01,4.73293427e+01
2.00000000e+01,2.31929056e+01,2.90417583e+01,3.70962352e+01
2.00000000e+01,2.00244384e+01,2.01222469e+01,2.03509755e+01
2.00000000e+01,2.00244383e+01,2.01221921e+01,2.03506767e+01
2.00000000e+01,2.00409354e+01,2.01936445e+01,2.05326067e+01
2.00000000e+01,2.00409352e+01,2.01936375e+01,2.05325472e+01
2.00000000e+01,2.00244384e+01,2.01222246e+01,2.03508539e+01
2.00000000e+01,2.00244384e+01,2.01222246e+01,2.03508539e+01
2.00000000e+01,2.00244385e+01,2.01222768e+01,2.03511398e+01
2.00000000e+01,2.00290347e+01,2.01428848e+01,2.04052273e+01
2.00000000e+01,2.00290345e+01,2.01428376e+01,2.04049701e+01
2.00000000e+01,2.00409354e+01,2.01936412e+01,2.05325802e+01
2.00000000e+01,2.00409353e+01,2.01936413e+01,2.05325803e+01
2.00000000e+01,2.00409355e+01,2.01936492e+01,2.05326466e+01
2.00000000e+01,2.00244384e+01,2.01222556e+01,2.03510235e+01
2.00000000e+01,2.00290346e+01,2.01428655e+01,2.04051218e+01
2.00000000e+01,2.00290346e+01,2.01428656e+01,2.04051218e+01
2.00000000e+01,2.00290348e+01,2.01429107e+01,2.04053706e+01
2.00000000e+01,2.00409354e+01,2.01936458e+01,2.05326180e+01
2.00000000e+01,2.00290347e+01,2.01428922e+01,2.04052685e+01
2.00000000e+01,2.01009448e+01,2.04347717e+01,2.11098187e+01
2.00000000e+01,2.01009443e+01,2.04348985e+01,2.11103446e+01
2.00000000e+01,2.00630137e+01,2.02847122e+01,2.07549639e+01
2.00000000e+01,2.00630134e+01,2.02847702e+01,2.07552031e+01
2.00000000e+01,2.01009446e+01,2.04348251e+01,2.11100400e+01
2.00000000e+01,2.01009446e+01,2.04348251e+01,2.11100401e+01
2.00000000e+01,2.01009449e+01,2.04346959e+01,2.11095080e+01
2.00000000e+01,2.00630137e+01,2.02847359e+01,2.07550612e+01
2.00000000e+01,2.00630137e+01,2.02847361e+01,2.07550613e+01
2.00000000e+01,2.00630138e+01,2.02846803e+01,2.07548347e+01
2.00000000e+01,2.01009447e+01,2.04347503e+01,2.11097311e+01
2.00000000e+01,2.00630137e+01,2.02847032e+01,2.07549270e+01
2.00000000e+01,2.02682534e+01,2.10457690e+01,2.24706422e+01
2.00000000e+01,2.02682531e+01,2.10460145e+01,2.24715264e+01
2.00000000e+01,2.01639735e+01,2.06728111e+01,2.16531122e+01
2.00000000e+01,2.01639732e+01,2.06729967e+01,2.16538379e+01
2.00000000e+01,2.02682533e+01,2.10458752e+01,2.24710257e+01
2.00000000e+01,2.02682534e+01,2.10458752e+01,2.24710259e+01
2.00000000e+01,2.02682536e+01,2.10456114e+01,2.24700730e+01
2.00000000e+01,2.01639734e+01,2.06728905e+01,2.16534230e+01
2.00000000e+01,2.01639735e+01,2.06728906e+01,2.16534231e+01
2.00000000e+01,2.01639736e+01,2.06726956e+01,2.16526615e+01
2.00000000e+01,2.02682535e+01,2.10457250e+01,2.24704841e+01
2.00000000e+01,2.01639735e+01,2.06727789e+01,2.16529861e+01
2.00000000e+01,2.07207019e+01,2.25128499e+01,2.54678609e+01
2.00000000e+01,2.07207021e+01,2.25134268e+01,2.54697855e+01
2.00000000e+01,2.04392287e+01,2.16230350e+01,2.36834208e+01
2.00000000e+01,2.04392286e+01,2.16233769e+01,2.36845613e+01
2.00000000e+01,2.07207021e+01,2.25131012e+01,2.54687081e+01
2.00000000e+01,2.07207022e+01,2.25131007e+01,2.54687083e+01
2.00000000e+01,2.07207021e+01,2.25124707e+01,2.54665665e+01
2.00000000e+01,2.04392286e+01,2.16231837e+01,2.36839207e+01
2.00000000e+01,2.04392289e+01,2.16231836e+01,2.36839208e+01
2.00000000e+01,2.04392288e+01,2.16228119e+01,2.36826638e+01
2.00000000e+01,2.07207021e+01,2.25127437e+01,2.54675021e+01
2.00000000e+01,2.04392288e+01,2.16229730e+01,2.36832115e+01
2.00000000e+01,2.19392198e+01,2.59321515e+01,3.17957620e+01
2.00000000e+01,2.19392202e+01,2.59352249e+01,3.18068336e+01
2.00000000e+01,2.11813617e+01,2.38711729e+01,2.80628753e+01
2.00000000e+01,2.11813622e+01,2.38724655e+01,2.80674094e+01
2.00000000e+01,2.19392201e+01,2.59334423e+01,3.18004412e+01
2.00000000e+01,2.19392201e+01,2.59334421e+01,3.18004409e+01
2.00000000e+01,2.19392201e+01,2.59303290e+01,3.17890981e+01
2.00000000e+01,2.11813616e+01,2.38717314e+01,2.80648497e+01
2.00000000e+01,2.11813618e+01,2.38717312e+01,2.80648495e+01
2.00000000e+01,2.11813616e+01,2.38703490e+01,2.80599241e+01
2.00000000e+01,2.19392201e+01,2.59316295e+01,3.17938633e+01
2.00000000e+01,2.11813618e+01,2.38709405e+01,2.80620477e+01
2.00000000e+01,2.61557546e+01,3.55154026e+01,4.73533044e+01
2.00000000e+01,2.61557520e+01,3.55243709e+01,4.73848672e+01
2.00000000e+01,2.31929053e+01,2.90465156e+01,3.71135917e+01
2.00000000e+01,2.31929037e+01,2.90526354e+01,3.71355110e+01
2.00000000e+01,2.61557544e+01,3.55189995e+01,4.73660414e+01
2.00000000e+01,2.61557550e+01,3.55189978e+01,4.73660420e+01
2.00000000e+01,2.61557567e+01,3.55106494e+01,4.73363163e+01
2.00000000e+01,2.31929051e+01,2.90490122e+01,3.71225888e+01
2.00000000e+01,2.31929055e+01,2.90490121e+01,3.71225888e+01
2.00000000e+01,2.31929062e+01,2.90431511e+01,3.71013515e+01
2.00000000e+01,2.61557557e+01,3.55140081e+01,4.73483415e+01
2.00000000e+01,2.31929056e+01,2.90455435e+01,3.71100678e+01
2.00000000e+01,2.00244384e+01,2.01222640e+01,2.03510701e+01
2.00000000e+01,2.00409354e+01,2.01936473e+01,2.05326291e+01
2.00000000e+01,2.00244384e+01,2.01222599e+01,2.03510468e+01
2.00000000e+01,2.00244385e+01,2.01222931e+01,2.03512302e+01
2.00000000e+01,2.00290347e+01,2.01428998e+01,2.04053098e+01
2.00000000e+01,2.00409354e+01,2.01936465e+01,2.05326235e+01
2.00000000e+01,2.00409354e+01,2.01936522e+01,2.05326705e+01
2.00000000e+01,2.00244385e+01,2.01222891e+01,2.03512079e+01
2.00000000e+01,2.00290347e+01,2.01428960e+01,2.04052891e+01
2.00000000e+01,2.00290348e+01,2.01429249e+01,2.04054502e+01
2.00000000e+01,2.00409355e+01,2.01936514e+01,2.05326646e+01
2.00000000e+01,2.00290348e+01,2.01429214e+01,2.04054304e+01
2.00000000e+01,2.01009446e+01,2.04347287e+01,2.11096410e+01
2.00000000e+01,2.00630137e+01,2.02846940e+01,2.07548888e+01
2.00000000e+01,2.01009447e+01,2.04347395e+01,2.11096860e+01
2.00000000e+01,2.01009448e+01,2.04346524e+01,2.11093292e+01
2.00000000e+01,2.00630137e+01,2.02846986e+01,2.07549077e+01
2.00000000e+01,2.00630137e+01,2.02846626e+01,2.07547637e+01
2.00000000e+01,2.01009448e+01,2.04346634e+01,2.11093743e+01
2.00000000e+01,2.00630138e+01,2.02846670e+01,2.07547814e+01
2.00000000e+01,2.02682534e+01,2.10456804e+01,2.24703215e+01
2.00000000e+01,2.01639733e+01,2.06727460e+01,2.16528565e+01
2.00000000e+01,2.02682534e+01,2.10457028e+01,2.24704032e+01
2.00000000e+01,2.02682534e+01,2.10455169e+01,2.24697297e+01
2.00000000e+01,2.01639734e+01,2.06727626e+01,2.16529216e+01
2.00000000e+01,2.01639734e+01,2.06726275e+01,2.16523951e+01
2.00000000e+01,2.02682535e+01,2.10455409e+01,2.24698167e+01
2.00000000e+01,2.01639734e+01,2.06726447e+01,2.16524625e+01
2.00000000e+01,2.07207021e+01,2.25126376e+01,2.54671381e+01
2.00000000e+01,2.04392287e+01,2.16229103e+01,2.36829968e+01
2.00000000e+01,2.07207021e+01,2.25126907e+01,2.54673211e+01
2.00000000e+01,2.07207021e+01,2.25122412e+01,2.54657693e+01
2.00000000e+01,2.04392287e+01,2.16229418e+01,2.36831045e+01
2.00000000e+01,2.04392288e+01,2.16226769e+01,2.36821995e+01
2.00000000e+01,2.07207021e+01,2.25122991e+01,2.54659706e+01
2.00000000e+01,2.04392288e+01,2.16227111e+01,2.36823171e+01
2.00000000e+01,2.19392197e+01,2.59311133e+01,3.17919697e+01
2.00000000e+01,2.11813620e+01,2.38707083e+01,2.80612165e+01
2.00000000e+01,2.19392198e+01,2.59313712e+01,3.17929187e+01
2.00000000e+01,2.19392199e+01,2.59292872e+01,3.17852505e+01
2.00000000e+01,2.11813617e+01,2.38708256e+01,2.80616347e+01
2.00000000e+01,2.11813618e+01,2.38698586e+01,2.80581483e+01
2.00000000e+01,2.19392200e+01,2.59295471e+01,3.17862124e+01
2.00000000e+01,2.11813618e+01,2.38699815e+01,2.80585952e+01
2.00000000e+01,2.61557554e+01,3.55126468e+01,4.73434744e+01
2.00000000e+01,2.31929045e+01,2.90445739e+01,3.71065404e+01
2.00000000e+01,2.61557552e+01,3.55133238e+01,4.73458985e+01
2.00000000e+01,2.61557562e+01,3.55080842e+01,4.73270554e+01
2.00000000e+01,2.31929047e+01,2.90450574e+01,3.71082986e+01
2.00000000e+01,2.31929055e+01,2.90412963e+01,3.70945375e+01
2.00000000e+01,2.61557561e+01,3.55087169e+01,4.73293432e+01
2.00000000e+01,2.31929055e+01,2.90417577e+01,3.70962357e+01
2.00000000e+01,2.00244385e+01,2.01222469e+01,2.03509755e+01
2.00000000e+01,2.00409355e+01,2.01936447e+01,2.05326068e+01
2.00000000e+01,2.00244384e+01,2.01222599e+01,2.03510468e+01
2.00000000e+01,2.00244385e+01,2.01222768e+01,2.03511398e+01
2.00000000e+01,2.00290347e+01,2.01428850e+01,2.04052272e+01
2.00000000e+01,2.00409354e+01,2.01936467e+01,2.05326235e+01
2.00000000e+01,2.00409356e+01,2.01936494e+01,2.05326466e+01
2.00000000e+01,2.00244385e+01,2.01222891e+01,2.03512079e+01
2.00000000e+01,2.00290347e+01,2.01428960e+01,2.04052891e+01
2.00000000e+01,2.00290348e+01,2.01429108e+01,2.04053705e+01
2.00000000e+01,2.00409355e+01,2.01936515e+01,2.05326646e+01
2.00000000e+01,2.00290348e+01,2.01429215e+01,2.04054303e+01
2.00000000e+01,2.01009447e+01,2.04347718e+01,2.11098188e+01
2.00000000e+01,2.00630137e+01,2.02847128e+01,2.07549640e+01
2.00000000e+01,2.01009447e+01,2.04347396e+01,2.11096861e+01
2.00000000e+01,2.01009450e+01,2.04346960e+01,2.11095080e+01
2.00000000e+01,2.00630137e+01,2.02846987e+01,2.07549077e+01
2.00000000e+01,2.00630139e+01,2.02846805e+01,2.07548347e+01
2.00000000e+01,2.01009448e+01,2.04346635e+01,2.11093743e+01
2.00000000e+01,2.00630138e+01,2.02846671e+01,2.07547815e+01
2.00000000e+01,2.02682535e+01,2.10457687e+01,2.24706421e+01
2.00000000e+01,2.01639736e+01,2.06728113e+01,2.16531122e+01
2.00000000e+01,2.02682535e+01,2.10457027e+01,2.24704031e+01
2.00000000e+01,2.02682537e+01,2.10456112e+01,2.24700730e+01
2.00000000e+01,2.01639733e+01,2.06727625e+01,2.16529215e+01
2.00000000e+01,2.01639736e+01,2.06726958e+01,2.16526614e+01
2.00000000e+01,2.02682535e+01,2.10455409e+01,2.24698167e+01
2.00000000e+01,2.01639735e+01,2.06726448e+01,2.16524625e+01
2.00000000e+01,2.07207022e+01,2.25128495e+01,2.54678607e+01
2.00000000e+01,2.04392292e+01,2.16230346e+01,2.36834209e+01
2.00000000e+01,2.07207023e+01,2.25126904e+01,2.54673209e+01
2.00000000e+01,2.07207023e+01,2.25124706e+01,2.54665663e+01
2.00000000e+01,2.04392287e+01,2.16229417e+01,2.36831043e+01
2.00000000e+01,2.04392291e+01,2.16228118e+01,2.36826638e+01
2.00000000e+01,2.07207022e+01,2.25122990e+01,2.54659705e+01
2.00000000e+01,2.04392289e+01,2.16227110e+01,2.36823170e+01
2.00000000e+01,2.19392197e+01,2.59321517e+01,3.17957617e+01
2.00000000e+01,2.11813621e+01,2.38711725e+01,2.80628751e+01
2.00000000e+01,2.19392198e+01,2.59313712e+01,3.17929185e+01
2.00000000e+01,2.19392201e+01,2.59303292e+01,3.17890976e+01
2.00000000e+01,2.11813619e+01,2.38708253e+01,2.80616346e+01
2.00000000e+01,2.11813618e+01,2.38703491e+01,2.80599237e+01
2.00000000e+01,2.19392199e+01,2.59295473e+01,3.17862121e+01
2.00000000e+01,2.11813619e+01,2.38699815e+01,2.80585950e+01
2.00000000e+01,2.61557568e+01,3.55154029e+01,4.73533023e+01
2.00000000e+01,2.31929063e+01,2.90465150e+01,3.71135903e+01
2.00000000e+01,2.61557562e+01,3.55133235e+01,4.73458974e+01
2.00000000e+01,2.61557573e+01,3.55106499e+01,4.73363147e+01
2.00000000e+01,2.31929050e+01,2.90450571e+01,3.71082982e+01
2.00000000e+01,2.31929065e+01,2.90431516e+01,3.71013505e+01
2.00000000e+01,2.61557565e+01,3.55087171e+01,4.73293424e+01
2.00000000e+01,2.31929057e+01,2.90417578e+01,3.70962352e+01
2.00000000e+01,2.00244383e+01,2.01221922e+01,2.03506766e+01
2.00000000e+01,2.00409354e+01,2.01936382e+01,2.05325473e+01
2.00000000e+01,2.00244384e+01,2.01222247e+01,2.03508538e+01
2.00000000e+01,2.00244384e+01,2.01222247e+01,2.03508538e+01
2.00000000e+01,2.00290346e+01,2.01428379e+01,2.04049702e+01
2.00000000e+01,2.00409355e+01,2.01936418e+01,2.05325804e+01
2.00000000e+01,2.00409355e+01,2.01936418e+01,2.05325804e+01
2.00000000e+01,2.00244384e+01,2.01222557e+01,2.03510234e+01
2.00000000e+01,2.00290347e+01,2.01428658e+01,2.04051218e+01
2.00000000e+01,2.00290347e+01,2.01428658e+01,2.04051218e+01
2.00000000e+01,2.00409355e+01,2.01936462e+01,2.05326181e+01
2.00000000e+01,2.00290348e+01,2.01428924e+01,2.04052685e+01
2.00000000e+01,2.01009446e+01,2.04348994e+01,2.11103449e+01
2.00000000e+01,2.00630136e+01,2.02847709e+01,2.07552033e+01
2.00000000e+01,2.01009447e+01,2.04348256e+01,2.11100402e+01
2.00000000e+01,2.01009447e+01,2.04348256e+01,2.11100402e+01
2.00000000e+01,2.00630138e+01,2.02847366e+01,2.07550614e+01
2.00000000e+01,2.00630138e+01,2.02847365e+01,2.07550614e+01
2.00000000e+01,2.01009448e+01,2.04347506e+01,2.11097312e+01
2.00000000e+01,2.00630138e+01,2.02847036e+01,2.07549271e+01
2.00000000e+01,2.02682533e+01,2.10460150e+01,2.24715268e+01
2.00000000e+01,2.01639733e+01,2.06729974e+01,2.16538382e+01
2.00000000e+01,2.02682535e+01,2.10458753e+01,2.24710259e+01
2.00000000e+01,2.02682535e+01,2.10458753e+01,2.24710260e+01
2.00000000e+01,2.01639736e+01,2.06728910e+01,2.16534231e+01
2.00000000e+01,2.01639736e+01,2.06728910e+01,2.16534231e+01
2.00000000e+01,2.02682536e+01,2.10457251e+01,2.24704841e+01
2.00000000e+01,2.01639736e+01,2.06727791e+01,2.16529861e+01
2.00000000e+01,2.07207031e+01,2.25134274e+01,2.54697859e+01
2.00000000e+01,2.04392289e+01,2.16233772e+01,2.36845617e+01
2.00000000e+01,2.07207027e+01,2.25131012e+01,2.54687081e+01
2.00000000e+01,2.07207027e+01,2.25131011e+01,2.54687083e+01
2.00000000e+01,2.04392292e+01,2.16231835e+01,2.36839209e+01
2.00000000e+01,2.04392291e+01,2.16231836e+01,2.36839209e+01
2.00000000e+01,2.07207025e+01,2.25127438e+01,2.54675020e+01
2.00000000e+01,2.04392291e+01,2.16229729e+01,2.36832115e+01
2.00000000e+01,2.19392202e+01,2.59352256e+01,3.18068331e+01
2.00000000e+01,2.11813627e+01,2.38724660e+01,2.80674094e+01
2.00000000e+01,2.19392202e+01,2.59334421e+01,3.18004407e+01
2.00000000e+01,2.19392201e+01,2.59334426e+01,3.18004406e+01
2.00000000e+01,2.11813622e+01,2.38717312e+01,2.80648494e+01
2.00000000e+01,2.11813620e+01,2.38717316e+01,2.80648495e+01
2.00000000e+01,2.19392202e+01,2.59316298e+01,3.17938627e+01
2.00000000e+01,2.11813620e+01,2.38709408e+01,2.80620474e+01
2.00000000e+01,2.61557538e+01,3.55243724e+01,4.73848659e+01
2.00000000e+01,2.31929036e+01,2.90526361e+01,3.71355102e+01
2.00000000e+01,2.61557561e+01,3.55190005e+01,4.73660395e+01
2.00000000e+01,2.61557554e+01,3.55190009e+01,4.73660399e+01
2.00000000e+01,2.31929058e+01,2.90490122e+01,3.71225875e+01
2.00000000e+01,2.31929057e+01,2.90490126e+01,3.71225874e+01
2.00000000e+01,2.61557564e+01,3.55140094e+01,4.73483398e+01
2.00000000e+01,2.31929059e+01,2.90455439e+01,3.71100666e+01
2.00000000e+01,2.00244383e+01,2.01221597e+01,2.03505040e+01
2.00000000e+01,2.00244382e+01,2.01220981e+01,2.03501739e+01
2.00000000e+01,2.00409352e+01,2.01936345e+01,2.05325203e+01
2.00000000e+01,2.00409351e+01,2.01936322e+01,2.05324885e+01
2.00000000e+01,2.00244384e+01,2.01222083e+01,2.03507657e+01
2.00000000e+01,2.00244382e+01,2.01221376e+01,2.03503852e+01
2.00000000e+01,2.00244382e+01,2.01221492e+01,2.03504460e+01
2.00000000e+01,2.00290345e+01,2.01428105e+01,2.04048250e+01
2.00000000e+01,2.00290344e+01,2.01427597e+01,2.04045537e+01
2.00000000e+01,2.00409352e+01,2.01936390e+01,2.05325628e+01
2.00000000e+01,2.00409351e+01,2.01936331e+01,2.05325064e+01
2.00000000e+01,2.00409351e+01,2.01936338e+01,2.05325135e+01
2.00000000e+01,2.00244383e+01,2.01221853e+01,2.03506415e+01
2.00000000e+01,2.00290346e+01,2.01428513e+01,2.04050460e+01
2.00000000e+01,2.00290344e+01,2.01427918e+01,2.04047257e+01
2.00000000e+01,2.00290345e+01,2.01428013e+01,2.04047760e+01
2.00000000e+01,2.00409352e+01,2.01936365e+01,2.05325412e+01
2.00000000e+01,2.00290345e+01,2.01428317e+01,2.04049399e+01
2.00000000e+01,2.01009444e+01,2.04349650e+01,2.11106225e+01
2.00000000e+01,2.01009444e+01,2.04350805e+01,2.11111096e+01
2.00000000e+01,2.00630135e+01,2.02848024e+01,2.07553398e+01
2.00000000e+01,2.00630134e+01,2.02848644e+01,2.07556062e+01
2.00000000e+01,2.01009445e+01,2.04348620e+01,2.11101925e+01
2.00000000e+01,2.01009444e+01,2.04350084e+01,2.11108058e+01
2.00000000e+01,2.01009444e+01,2.04349863e+01,2.11107128e+01
2.00000000e+01,2.00630135e+01,2.02847525e+01,2.07551304e+01
2.00000000e+01,2.00630134e+01,2.02848251e+01,2.07554369e+01
2.00000000e+01,2.00630135e+01,2.02848136e+01,2.07553877e+01
2.00000000e+01,2.01009445e+01,2.04349122e+01,2.11104026e+01
2.00000000e+01,2.00630135e+01,2.02847765e+01,2.07552307e+01
2.00000000e+01,2.02682533e+01,2.10461349e+01,2.24719598e+01
2.00000000e+01,2.02682531e+01,2.10463304e+01,2.24726597e+01
2.00000000e+01,2.01639732e+01,2.06730900e+01,2.16542051e+01
2.00000000e+01,2.01639732e+01,2.06732455e+01,2.16548185e+01
2.00000000e+01,2.02682533e+01,2.10459464e+01,2.24712815e+01
2.00000000e+01,2.02682531e+01,2.10462102e+01,2.24722299e+01
2.00000000e+01,2.02682532e+01,2.10461720e+01,2.24720936e+01
2.00000000e+01,2.01639732e+01,2.06729443e+01,2.16536333e+01
2.00000000e+01,2.01639731e+01,2.06731493e+01,2.16544393e+01
2.00000000e+01,2.01639731e+01,2.06731192e+01,2.16543208e+01
2.00000000e+01,2.02682533e+01,2.10460398e+01,2.24716189e+01
2.00000000e+01,2.01639732e+01,2.06730161e+01,2.16539155e+01
2.00000000e+01,2.07207022e+01,2.25137061e+01,2.54706922e+01
2.00000000e+01,2.07207024e+01,2.25141490e+01,2.54720857e+01
2.00000000e+01,2.04392287e+01,2.16235418e+01,2.36851048e+01
2.00000000e+01,2.04392286e+01,2.16238053e+01,2.36859543e+01
2.00000000e+01,2.07207022e+01,2.25132686e+01,2.54692660e+01
2.00000000e+01,2.07207024e+01,2.25138769e+01,2.54712359e+01
2.00000000e+01,2.07207024e+01,2.25137907e+01,2.54709627e+01
2.00000000e+01,2.04392287e+01,2.16232824e+01,2.36842509e+01
2.00000000e+01,2.04392286e+01,2.16236439e+01,2.36854358e+01
2.00000000e+01,2.04392286e+01,2.16235925e+01,2.36852696e+01
2.00000000e+01,2.07207023e+01,2.25134862e+01,2.54699807e+01
2.00000000e+01,2.04392287e+01,2.16234118e+01,2.36846783e+01
2.00000000e+01,2.19392194e+01,2.59368523e+01,3.18126057e+01
2.00000000e+01,2.19392193e+01,2.59396414e+01,3.18223431e+01
2.00000000e+01,2.11813618e+01,2.38731034e+01,2.80695983e+01
2.00000000e+01,2.11813619e+01,2.38741108e+01,2.80729639e+01
2.00000000e+01,2.19392195e+01,2.59343406e+01,3.18036705e+01
2.00000000e+01,2.19392196e+01,2.59379022e+01,3.18162942e+01
2.00000000e+01,2.19392196e+01,2.59373689e+01,3.18144214e+01
2.00000000e+01,2.11813616e+01,2.38721082e+01,2.80661682e+01
2.00000000e+01,2.11813619e+01,2.38734926e+01,2.80709111e+01
2.00000000e+01,2.11813620e+01,2.38732956e+01,2.80702472e+01
2.00000000e+01,2.19392197e+01,2.59355632e+01,3.18080375e+01
2.00000000e+01,2.11813619e+01,2.38726012e+01,2.80678770e+01
2.00000000e+01,2.61557540e+01,3.55297085e+01,4.74034065e+01
2.00000000e+01,2.61557528e+01,3.55403844e+01,4.74399457e+01
2.00000000e+01,2.31929040e+01,2.90561245e+01,3.71478399e+01
2.00000000e+01,2.31929032e+01,2.90627749e+01,3.71709873e+01
2.00000000e+01,2.61557550e+01,3.55216351e+01,4.73753157e+01
2.00000000e+01,2.61557519e+01,3.55334980e+01,4.74164402e+01
2.00000000e+01,2.61557525e+01,3.55315670e+01,4.74097990e+01
2.00000000e+01,2.31929050e+01,2.90508055e+01,3.71290037e+01
2.00000000e+01,2.31929032e+01,2.90585405e+01,3.71562919e+01
2.00000000e+01,2.31929034e+01,2.90573147e+01,3.71520039e+01
2.00000000e+01,2.61557534e+01,3.55254345e+01,4.73885815e+01
2.00000000e+01,2.31929040e+01,2.90533473e+01,3.71380363e+01
2.00000000e+01,2.00244381e+01,2.01220266e+01,2.03497950e+01
2.00000000e+01,2.00244382e+01,2.01219679e+01,2.03494858e+01
2.00000000e+01,2.00409351e+01,2.01936353e+01,2.05324838e+01
2.00000000e+01,2.00409350e+01,2.01936431e+01,2.05325115e+01
2.00000000e+01,2.00244382e+01,2.01220999e+01,2.03501834e+01
2.00000000e+01,2.00244382e+01,2.01220121e+01,2.03497181e+01
2.00000000e+01,2.00244381e+01,2.01220381e+01,2.03498555e+01
2.00000000e+01,2.00290344e+01,2.01427036e+01,2.04042578e+01
2.00000000e+01,2.00290344e+01,2.01426598e+01,2.04040294e+01
2.00000000e+01,2.00409351e+01,2.01936325e+01,2.05324895e+01
2.00000000e+01,2.00409350e+01,2.01936370e+01,2.05324896e+01
2.00000000e+01,2.00409351e+01,2.01936347e+01,2.05324839e+01
2.00000000e+01,2.00244382e+01,2.01220804e+01,2.03500797e+01
2.00000000e+01,2.00290344e+01,2.01427611e+01,2.04045614e+01
2.00000000e+01,2.00290344e+01,2.01426923e+01,2.04041990e+01
2.00000000e+01,2.00290344e+01,2.01427122e+01,2.04043032e+01
2.00000000e+01,2.00409351e+01,2.01936327e+01,2.05324854e+01
2.00000000e+01,2.00290344e+01,2.01427453e+01,2.04044776e+01
2.00000000e+01,2.01009445e+01,2.04351938e+01,2.11115901e+01
2.00000000e+01,2.01009445e+01,2.04352715e+01,2.11119223e+01
2.00000000e+01,2.00630135e+01,2.02849328e+01,2.07559055e+01
2.00000000e+01,2.00630134e+01,2.02849857e+01,2.07561412e+01
2.00000000e+01,2.01009444e+01,2.04350774e+01,2.11110959e+01
2.00000000e+01,2.01009444e+01,2.04352146e+01,2.11116785e+01
2.00000000e+01,2.01009445e+01,2.04351770e+01,2.11115186e+01
2.00000000e+01,2.00630135e+01,2.02848626e+01,2.07555981e+01
2.00000000e+01,2.00630134e+01,2.02849470e+01,2.07559683e+01
2.00000000e+01,2.00630134e+01,2.02849223e+01,2.07558593e+01
2.00000000e+01,2.01009444e+01,2.04351109e+01,2.11112380e+01
2.00000000e+01,2.00630134e+01,2.02848822e+01,2.07556833e+01
2.00000000e+01,2.02682534e+01,2.10465073e+01,2.24732899e+01
2.00000000e+01,2.02682533e+01,2.10466216e+01,2.24736956e+01
2.00000000e+01,2.01639732e+01,2.06733907e+01,2.16553928e+01
2.00000000e+01,2.01639731e+01,2.06734871e+01,2.16557757e+01
2.00000000e+01,2.02682534e+01,2.10463254e+01,2.24726417e+01
2.00000000e+01,2.02682532e+01,2.10465383e+01,2.24733996e+01
2.00000000e+01,2.02682532e+01,2.10464821e+01,2.24731999e+01
2.00000000e+01,2.01639732e+01,2.06732414e+01,2.16548020e+01
2.00000000e+01,2.01639731e+01,2.06734167e+01,2.16554957e+01
2.00000000e+01,2.01639731e+01,2.06733697e+01,2.16553095e+01
2.00000000e+01,2.02682532e+01,2.10463789e+01,2.24728325e+01
2.00000000e+01,2.01639731e+01,2.06732850e+01,2.16549743e+01
2.00000000e+01,2.07207025e+01,2.25145433e+01,2.54732738e+01
2.00000000e+01,2.07207024e+01,2.25147949e+01,2.54739975e+01
2.00000000e+01,2.04392288e+01,2.16240361e+01,2.36866801e+01
2.00000000e+01,2.04392286e+01,2.16241792e+01,2.36871168e+01
2.00000000e+01,2.07207024e+01,2.25141383e+01,2.54720536e+01
2.00000000e+01,2.07207022e+01,2.25146113e+01,2.54734709e+01
2.00000000e+01,2.07207023e+01,2.25144876e+01,2.54731087e+01
2.00000000e+01,2.04392287e+01,2.16237988e+01,2.36859336e+01
2.00000000e+01,2.04392287e+01,2.16240748e+01,2.36867986e+01
2.00000000e+01,2.04392286e+01,2.16240039e+01,2.36865799e+01
2.00000000e+01,2.07207023e+01,2.25142568e+01,2.54724152e+01
2.00000000e+01,2.04392287e+01,2.16238693e+01,2.36861573e+01
2.00000000e+01,2.19392194e+01,2.59422918e+01,3.18313879e+01
2.00000000e+01,2.19392191e+01,2.59439640e+01,3.18369390e+01
2.00000000e+01,2.11813618e+01,2.38749755e+01,2.80757315e+01
2.00000000e+01,2.11813620e+01,2.38754864e+01,2.80772722e+01
2.00000000e+01,2.19392193e+01,2.59395655e+01,3.18220826e+01
2.00000000e+01,2.19392194e+01,2.59427368e+01,3.18328766e+01
2.00000000e+01,2.19392193e+01,2.59418964e+01,3.18300506e+01
2.00000000e+01,2.11813618e+01,2.38740865e+01,2.80728860e+01
2.00000000e+01,2.11813618e+01,2.38751086e+01,2.80761352e+01
2.00000000e+01,2.11813619e+01,2.38748539e+01,2.80753493e+01
2.00000000e+01,2.19392194e+01,2.59403501e+01,3.18247836e+01
2.00000000e+01,2.11813619e+01,2.38743498e+01,2.80737409e+01
2.00000000e+01,2.61557536e+01,3.55533436e+01,4.74835251e+01
2.00000000e+01,2.61557531e+01,3.55645478e+01,4.75206179e+01
2.00000000e+01,2.31929037e+01,2.90701877e+01,3.71963168e+01
2.00000000e+01,2.31929036e+01,2.90760508e+01,3.72159877e+01
2.00000000e+01,2.61557533e+01,3.55400707e+01,4.74388837e+01
2.00000000e+01,2.61557532e+01,3.55560991e+01,4.74926850e+01
2.00000000e+01,2.61557530e+01,3.55512367e+01,4.74764860e+01
2.00000000e+01,2.31929036e+01,2.90625798e+01,3.71703185e+01
2.00000000e+01,2.31929036e+01,2.90716846e+01,3.72013649e+01
2.00000000e+01,2.31929034e+01,2.90690431e+01,3.71924317e+01
2.00000000e+01,2.61557528e+01,3.55435453e+01,4.74506480e+01
2.00000000e+01,2.31929035e+01,2.90646600e+01,3.71774757e+01
2.00000000e+01,2.00244382e+01,2.01218320e+01,2.03487758e+01
2.00000000e+01,2.00244382e+01,2.01217917e+01,2.03485669e+01
2.00000000e+01,2.00409351e+01,2.01936776e+01,2.05326676e+01
2.00000000e+01,2.00409351e+01,2.01936964e+01,2.05327601e+01
2.00000000e+01,2.00244382e+01,2.01219384e+01,2.03493306e+01
2.00000000e+01,2.00244382e+01,2.01218361e+01,2.03487969e+01
2.00000000e+01,2.00244382e+01,2.01218863e+01,2.03490588e+01
2.00000000e+01,2.00290344e+01,2.01425735e+01,2.04035857e+01
2.00000000e+01,2.00290344e+01,2.01425514e+01,2.04034749e+01
2.00000000e+01,2.00409351e+01,2.01936491e+01,2.05325360e+01
2.00000000e+01,2.00409351e+01,2.01936763e+01,2.05326618e+01
2.00000000e+01,2.00409351e+01,2.01936626e+01,2.05325976e+01
2.00000000e+01,2.00244381e+01,2.01219316e+01,2.03492949e+01
2.00000000e+01,2.00290344e+01,2.01426392e+01,2.04039223e+01
2.00000000e+01,2.00290344e+01,2.01425762e+01,2.04036002e+01
2.00000000e+01,2.00290344e+01,2.01426045e+01,2.04037444e+01
2.00000000e+01,2.00409351e+01,2.01936511e+01,2.05325454e+01
2.00000000e+01,2.00290344e+01,2.01426342e+01,2.04038968e+01
2.00000000e+01,2.01009445e+01,2.04353988e+01,2.11124713e+01
2.00000000e+01,2.01009445e+01,2.04354286e+01,2.11126020e+01
2.00000000e+01,2.00630135e+01,2.02850880e+01,2.07566060e+01
2.00000000e+01,2.00630134e+01,2.02851090e+01,2.07567029e+01
2.00000000e+01,2.01009445e+01,2.04353051e+01,2.11120666e+01
2.00000000e+01,2.01009445e+01,2.04353955e+01,2.11124566e+01
2.00000000e+01,2.01009445e+01,2.04353570e+01,2.11122906e+01
2.00000000e+01,2.00630135e+01,2.02850103e+01,2.07562516e+01
2.00000000e+01,2.00630135e+01,2.02850859e+01,2.07565964e+01
2.00000000e+01,2.00630134e+01,2.02850505e+01,2.07564340e+01
2.00000000e+01,2.01009445e+01,2.04353129e+01,2.11121005e+01
2.00000000e+01,2.00630135e+01,2.02850166e+01,2.07562801e+01
2.00000000e+01,2.02682535e+01,2.10468060e+01,2.24743468e+01
2.00000000e+01,2.02682532e+01,2.10468402e+01,2.24744668e+01
2.00000000e+01,2.01639733e+01,2.06736444e+01,2.16564080e+01
2.00000000e+01,2.01639731e+01,2.06736771e+01,2.16565396e+01
2.00000000e+01,2.02682534e+01,2.10466697e+01,2.24738658e+01
2.00000000e+01,2.02682533e+01,2.10468020e+01,2.24743318e+01
2.00000000e+01,2.02682533e+01,2.10467429e+01,2.24741245e+01
2.00000000e+01,2.01639732e+01,2.06735281e+01,2.16559397e+01
2.00000000e+01,2.01639732e+01,2.06736408e+01,2.16563934e+01
2.00000000e+01,2.01639731e+01,2.06735914e+01,2.16561931e+01
2.00000000e+01,2.02682533e+01,2.10466803e+01,2.24739035e+01
2.00000000e+01,2.01639732e+01,2.06735376e+01,2.16559774e+01
2.00000000e+01,2.07207026e+01,2.25152026e+01,2.54751162e+01
2.00000000e+01,2.07207023e+01,2.25152422e+01,2.54751757e+01
2.00000000e+01,2.04392289e+01,2.16243751e+01,2.36876820e+01
2.00000000e+01,2.04392286e+01,2.16244137e+01,2.36877863e+01
2.00000000e+01,2.07207025e+01,2.25149005e+01,2.54742939e+01
2.00000000e+01,2.07207023e+01,2.25151965e+01,2.54751021e+01
2.00000000e+01,2.07207023e+01,2.25150562e+01,2.54747151e+01
2.00000000e+01,2.04392288e+01,2.16242363e+01,2.36872883e+01
2.00000000e+01,2.04392288e+01,2.16243708e+01,2.36876691e+01
2.00000000e+01,2.04392287e+01,2.16243185e+01,2.36875268e+01
2.00000000e+01,2.07207023e+01,2.25149217e+01,2.54743497e+01
2.00000000e+01,2.04392288e+01,2.16242486e+01,2.36873240e+01
2.00000000e+01,2.19392193e+01,2.59462081e+01,3.18439403e+01
2.00000000e+01,2.19392192e+01,2.59463272e+01,3.18441113e+01
2.00000000e+01,2.11813619e+01,2.38761749e+01,2.80791134e+01
2.00000000e+01,2.11813620e+01,2.38763454e+01,2.80795519e+01
2.00000000e+01,2.19392193e+01,2.59446316e+01,3.18391025e+01
2.00000000e+01,2.19392194e+01,2.59461715e+01,3.18438353e+01
2.00000000e+01,2.19392192e+01,2.59455227e+01,3.18418966e+01
2.00000000e+01,2.11813619e+01,2.38756898e+01,2.80778589e+01
2.00000000e+01,2.11813618e+01,2.38761465e+01,2.80790300e+01
2.00000000e+01,2.11813619e+01,2.38759778e+01,2.80786424e+01
2.00000000e+01,2.19392194e+01,2.59447523e+01,3.18394829e+01
2.00000000e+01,2.11813618e+01,2.38757248e+01,2.80779488e+01
2.00000000e+01,2.61557541e+01,3.55923337e+01,4.76107039e+01
2.00000000e+01,2.61557536e+01,3.56012649e+01,4.76391862e+01
2.00000000e+01,2.31929038e+01,2.90878370e+01,3.72545059e+01
2.00000000e+01,2.31929039e+01,2.90908814e+01,3.72641601e+01
2.00000000e+01,2.61557538e+01,3.55703917e+01,4.75397685e+01
2.00000000e+01,2.61557535e+01,3.55914728e+01,4.76079175e+01
2.00000000e+01,2.61557533e+01,3.55809815e+01,4.75741910e+01
2.00000000e+01,2.31929037e+01,2.90788339e+01,3.72252143e+01
2.00000000e+01,2.31929038e+01,2.90874434e+01,3.72532425e+01
2.00000000e+01,2.31929037e+01,2.90835460e+01,3.72406575e+01
2.00000000e+01,2.61557534e+01,3.55717781e+01,4.75442937e+01
2.00000000e+01,2.31929037e+01,2.90795023e+01,3.72274190e+01
2.00000000e+01,2.00244382e+01,2.01215395e+01,2.03472585e+01
2.00000000e+01,2.00244382e+01,2.01215382e+01,2.03472526e+01
2.00000000e+01,2.00409351e+01,2.01937605e+01,2.05330886e+01
2.00000000e+01,2.00409351e+01,2.01937577e+01,2.05330745e+01
2.00000000e+01,2.00244381e+01,2.01217075e+01,2.03481297e+01
2.00000000e+01,2.00244382e+01,2.01215399e+01,2.03472604e+01
2.00000000e+01,2.00244382e+01,2.01216826e+01,2.03480008e+01
2.00000000e+01,2.00290344e+01,2.01425300e+01,2.04033922e+01
2.00000000e+01,2.00290344e+01,2.01425316e+01,2.04034010e+01
2.00000000e+01,2.00409351e+01,2.01937424e+01,2.05329880e+01
2.00000000e+01,2.00409351e+01,2.01937616e+01,2.05330942e+01
2.00000000e+01,2.00409351e+01,2.01937526e+01,2.05330400e+01
2.00000000e+01,2.00244382e+01,2.01217101e+01,2.03481434e+01
2.00000000e+01,2.00290344e+01,2.01425184e+01,2.04033122e+01
2.00000000e+01,2.00290344e+01,2.01425293e+01,2.04033889e+01
2.00000000e+01,2.00290344e+01,2.01425133e+01,2.04032889e+01
2.00000000e+01,2.00409351e+01,2.01937421e+01,2.05329865e+01
2.00000000e+01,2.00290344e+01,2.01425188e+01,2.04033142e+01
2.00000000e+01,2.01009446e+01,2.04355267e+01,2.11130525e+01
2.00000000e+01,2.01009444e+01,2.04355255e+01,2.11130460e+01
2.00000000e+01,2.00630135e+01,2.02851485e+01,2.07569012e+01
2.00000000e+01,2.00630134e+01,2.02851494e+01,2.07569058e+01
2.00000000e+01,2.01009446e+01,2.04354842e+01,2.11128545e+01
2.00000000e+01,2.01009445e+01,2.04355268e+01,2.11130527e+01
2.00000000e+01,2.01009445e+01,2.04354951e+01,2.11129045e+01
2.00000000e+01,2.00630135e+01,2.02851320e+01,2.07568110e+01
2.00000000e+01,2.00630135e+01,2.02851491e+01,2.07569040e+01
2.00000000e+01,2.00630134e+01,2.02851368e+01,2.07568345e+01
2.00000000e+01,2.01009445e+01,2.04354828e+01,2.11128483e+01
2.00000000e+01,2.00630135e+01,2.02851321e+01,2.07568113e+01
2.00000000e+01,2.02682535e+01,2.10469122e+01,2.24747102e+01
2.00000000e+01,2.02682531e+01,2.10469159e+01,2.24747214e+01
2.00000000e+01,2.01639733e+01,2.06737465e+01,2.16568283e+01
2.00000000e+01,2.01639730e+01,2.06737464e+01,2.16568277e+01
2.00000000e+01,2.02682535e+01,2.10468759e+01,2.24745948e+01
2.00000000e+01,2.02682534e+01,2.10469128e+01,2.24747123e+01
2.00000000e+01,2.02682532e+01,2.10468834e+01,2.24746203e+01
2.00000000e+01,2.01639733e+01,2.06737211e+01,2.16567183e+01
2.00000000e+01,2.01639732e+01,2.06737470e+01,2.16568302e+01
2.00000000e+01,2.01639731e+01,2.06737299e+01,2.16567540e+01
2.00000000e+01,2.02682534e+01,2.10468752e+01,2.24745924e+01
2.00000000e+01,2.01639732e+01,2.06737205e+01,2.16567158e+01
2.00000000e+01,2.07207026e+01,2.25152509e+01,2.54748434e+01
2.00000000e+01,2.07207024e+01,2.25152797e+01,2.54749402e+01
2.00000000e+01,2.04392289e+01,2.16245090e+01,2.36880486e+01
2.00000000e+01,2.04392286e+01,2.16245054e+01,2.36880348e+01
2.00000000e+01,2.07207026e+01,2.25151676e+01,2.54747704e+01
2.00000000e+01,2.07207023e+01,2.25152536e+01,2.54748518e+01
2.00000000e+01,2.07207023e+01,2.25151604e+01,2.54747073e+01
2.00000000e+01,2.04392289e+01,2.16244799e+01,2.36879754e+01
2.00000000e+01,2.04392288e+01,2.16245085e+01,2.36880454e+01
2.00000000e+01,2.04392287e+01,2.16244914e+01,2.36880049e+01
2.00000000e+01,2.07207023e+01,2.25151702e+01,2.54747830e+01
2.00000000e+01,2.04392288e+01,2.16244783e+01,2.36879700e+01
2.00000000e+01,2.19392194e+01,2.59481675e+01,3.18488235e+01
2.00000000e+01,2.19392194e+01,2.59483159e+01,3.18493171e+01
2.00000000e+01,2.11813620e+01,2.38768720e+01,2.80808423e+01
2.00000000e+01,2.11813619e+01,2.38768394e+01,2.80807289e+01
2.00000000e+01,2.19392193e+01,2.59461156e+01,3.18428853e+01
2.00000000e+01,2.19392193e+01,2.59481315e+01,3.18486964e+01
2.00000000e+01,2.19392193e+01,2.59461485e+01,3.18428354e+01
2.00000000e+01,2.11813620e+01,2.38767349e+01,2.80806443e+01
2.00000000e+01,2.11813618e+01,2.38768628e+01,2.80808063e+01
2.00000000e+01,2.11813619e+01,2.38767982e+01,2.80807991e+01
2.00000000e+01,2.19392193e+01,2.59460873e+01,3.18428012e+01
2.00000000e+01,2.11813618e+01,2.38767168e+01,2.80805853e+01
2.00000000e+01,2.61557544e+01,3.56575239e+01,4.78139071e+01
2.00000000e+01,2.61557541e+01,3.56575724e+01,4.78140274e+01
2.00000000e+01,2.31929039e+01,2.90941932e+01,3.72718685e+01
2.00000000e+01,2.31929038e+01,2.90939956e+01,3.72712329e+01
2.00000000e+01,2.61557544e+01,3.56208839e+01,4.77009665e+01
2.00000000e+01,2.61557534e+01,3.56574915e+01,4.78138189e+01
2.00000000e+01,2.61557539e+01,3.56266088e+01,4.77188086e+01
2.00000000e+01,2.31929038e+01,2.90954530e+01,3.72781259e+01
2.00000000e+01,2.31929038e+01,2.90942776e+01,3.72721505e+01
2.00000000e+01,2.31929038e+01,2.90961854e+01,3.72801975e+01
2.00000000e+01,2.61557537e+01,3.56202988e+01,4.76991366e+01
2.00000000e+01,2.31929038e+01,2.90953934e+01,3.72779679e+01
2.00000000e+01,2.00244384e+01,2.01221806e+01,2.03506161e+01
2.00000000e+01,2.00409352e+01,2.01936364e+01,2.05325367e+01
2.00000000e+01,2.00244384e+01,2.01222276e+01,2.03508710e+01
2.00000000e+01,2.00244383e+01,2.01221786e+01,2.03506053e+01
2.00000000e+01,2.00290346e+01,2.01428281e+01,2.04049194e+01
2.00000000e+01,2.00409352e+01,2.01936416e+01,2.05325838e+01
2.00000000e+01,2.00409352e+01,2.01936361e+01,2.05325353e+01
2.00000000e+01,2.00244384e+01,2.01222241e+01,2.03508518e+01
2.00000000e+01,2.00290346e+01,2.01428681e+01,2.04051367e+01
2.00000000e+01,2.00290345e+01,2.01428262e+01,2.04049097e+01
2.00000000e+01,2.00409352e+01,2.01936411e+01,2.05325799e+01
2.00000000e+01,2.00290346e+01,2.01428649e+01,2.04051196e+01
2.00000000e+01,2.01009445e+01,2.04349220e+01,2.11104428e+01
2.00000000e+01,2.00630135e+01,2.02847812e+01,2.07552495e+01
2.00000000e+01,2.01009445e+01,2.04348175e+01,2.11100080e+01
2.00000000e+01,2.01009444e+01,2.04349267e+01,2.11104618e+01
2.00000000e+01,2.00630135e+01,2.02847324e+01,2.07550465e+01
2.00000000e+01,2.00630134e+01,2.02847835e+01,2.07552594e+01
2.00000000e+01,2.01009445e+01,2.04348260e+01,2.11100433e+01
2.00000000e+01,2.00630135e+01,2.02847363e+01,2.07550625e+01
2.00000000e+01,2.02682534e+01,2.10460580e+01,2.24716838e+01
2.00000000e+01,2.01639733e+01,2.06730302e+01,2.16539697e+01
2.00000000e+01,2.02682533e+01,2.10458605e+01,2.24709724e+01
2.00000000e+01,2.02682533e+01,2.10460660e+01,2.24717118e+01
2.00000000e+01,2.01639731e+01,2.06728797e+01,2.16533790e+01
2.00000000e+01,2.01639731e+01,2.06730366e+01,2.16539942e+01
2.00000000e+01,2.02682533e+01,2.10458769e+01,2.24710314e+01
2.00000000e+01,2.01639732e+01,2.06728921e+01,2.16534276e+01
2.00000000e+01,2.07207023e+01,2.25135287e+01,2.54701212e+01
2.00000000e+01,2.04392287e+01,2.16234366e+01,2.36847605e+01
2.00000000e+01,2.07207023e+01,2.25130664e+01,2.54685942e+01
2.00000000e+01,2.07207021e+01,2.25135460e+01,2.54701753e+01
2.00000000e+01,2.04392285e+01,2.16231636e+01,2.36838527e+01
2.00000000e+01,2.04392286e+01,2.16234474e+01,2.36847943e+01
2.00000000e+01,2.07207022e+01,2.25131044e+01,2.54687201e+01
2.00000000e+01,2.04392286e+01,2.16231860e+01,2.36839279e+01
2.00000000e+01,2.19392189e+01,2.59358079e+01,3.18089094e+01
2.00000000e+01,2.11813620e+01,2.38726993e+01,2.80682191e+01
2.00000000e+01,2.19392194e+01,2.59332602e+01,3.17997827e+01
2.00000000e+01,2.19392192e+01,2.59359088e+01,3.18092678e+01
2.00000000e+01,2.11813621e+01,2.38716540e+01,2.80645803e+01
2.00000000e+01,2.11813620e+01,2.38727375e+01,2.80683479e+01
2.00000000e+01,2.19392193e+01,2.59334610e+01,3.18005075e+01
2.00000000e+01,2.11813619e+01,2.38717391e+01,2.80648774e+01
2.00000000e+01,2.61557540e+01,3.55262071e+01,4.73912737e+01
2.00000000e+01,2.31929032e+01,2.90538449e+01,3.71398039e+01
2.00000000e+01,2.61557545e+01,3.55184776e+01,4.73641986e+01
2.00000000e+01,2.61557544e+01,3.55265511e+01,4.73924677e+01
2.00000000e+01,2.31929025e+01,2.90486533e+01,3.71212941e+01
2.00000000e+01,2.31929030e+01,2.90540764e+01,3.71406192e+01
2.00000000e+01,2.61557546e+01,3.55190560e+01,4.73662408e+01
2.00000000e+01,2.31929037e+01,2.90490541e+01,3.71227337e+01
2.00000000e+01,2.00244383e+01,2.01220476e+01,2.03499056e+01
2.00000000e+01,2.00409352e+01,2.01936337e+01,2.05324804e+01
2.00000000e+01,2.00244383e+01,2.01221214e+01,2.03502978e+01
2.00000000e+01,2.00244382e+01,2.01220521e+01,2.03499290e+01
2.00000000e+01,2.00290345e+01,2.01427200e+01,2.04043429e+01
2.00000000e+01,2.00409352e+01,2.01936330e+01,2.05324979e+01
2.00000000e+01,2.00409351e+01,2.01936337e+01,2.05324812e+01
2.00000000e+01,2.00244382e+01,2.01221220e+01,2.03503009e+01
2.00000000e+01,2.00290345e+01,2.01427788e+01,2.04046544e+01
2.00000000e+01,2.00290345e+01,2.01427231e+01,2.04043603e+01
2.00000000e+01,2.00409352e+01,2.01936331e+01,2.05324986e+01
2.00000000e+01,2.00290345e+01,2.01427790e+01,2.04046561e+01
2.00000000e+01,2.01009446e+01,2.04351629e+01,2.11114582e+01
2.00000000e+01,2.00630136e+01,2.02849132e+01,2.07558185e+01
2.00000000e+01,2.01009446e+01,2.04350391e+01,2.11109339e+01
2.00000000e+01,2.01009445e+01,2.04351565e+01,2.11114307e+01
2.00000000e+01,2.00630135e+01,2.02848415e+01,2.07555061e+01
2.00000000e+01,2.00630135e+01,2.02849096e+01,2.07558030e+01
2.00000000e+01,2.01009445e+01,2.04350385e+01,2.11109315e+01
2.00000000e+01,2.00630135e+01,2.02848412e+01,2.07555054e+01
2.00000000e+01,2.02682535e+01,2.10464601e+01,2.24731225e+01
2.00000000e+01,2.01639734e+01,2.06733516e+01,2.16552378e+01
2.00000000e+01,2.02682535e+01,2.10462620e+01,2.24724154e+01
2.00000000e+01,2.02682534e+01,2.10464502e+01,2.24730865e+01
2.00000000e+01,2.01639733e+01,2.06731906e+01,2.16546012e+01
2.00000000e+01,2.01639732e+01,2.06733434e+01,2.16552053e+01
2.00000000e+01,2.02682534e+01,2.10462606e+01,2.24724101e+01
2.00000000e+01,2.01639732e+01,2.06731897e+01,2.16545974e+01
2.00000000e+01,2.07207025e+01,2.25144388e+01,2.54729663e+01
2.00000000e+01,2.04392289e+01,2.16239751e+01,2.36864915e+01
2.00000000e+01,2.07207024e+01,2.25139953e+01,2.54716112e+01
2.00000000e+01,2.07207022e+01,2.25144160e+01,2.54728958e+01
2.00000000e+01,2.04392288e+01,2.16237139e+01,2.36856629e+01
2.00000000e+01,2.04392288e+01,2.16239614e+01,2.36864473e+01
2.00000000e+01,2.07207023e+01,2.25139907e+01,2.54715945e+01
2.00000000e+01,2.04392287e+01,2.16237118e+01,2.36856551e+01
2.00000000e+01,2.19392192e+01,2.59415892e+01,3.18290171e+01
2.00000000e+01,2.11813619e+01,2.38747540e+01,2.80750404e+01
2.00000000e+01,2.19392191e+01,2.59386448e+01,3.18188907e+01
2.00000000e+01,2.19392190e+01,2.59414245e+01,3.18284562e+01
2.00000000e+01,2.11813620e+01,2.38737643e+01,2.80718238e+01
2.00000000e+01,2.11813618e+01,2.38746960e+01,2.80748517e+01
2.00000000e+01,2.19392191e+01,2.59386169e+01,3.18187938e+01
2.00000000e+01,2.11813619e+01,2.38737525e+01,2.80717820e+01
2.00000000e+01,2.61557541e+01,3.55494698e+01,4.74705834e+01
2.00000000e+01,2.31929036e+01,2.90680363e+01,3.71890224e+01
2.00000000e+01,2.61557540e+01,3.55363109e+01,4.74260836e+01
2.00000000e+01,2.61557536e+01,3.55486770e+01,4.74679188e+01
2.00000000e+01,2.31929033e+01,2.90602872e+01,3.71623841e+01
2.00000000e+01,2.31929036e+01,2.90675946e+01,3.71875165e+01
2.00000000e+01,2.61557539e+01,3.55362187e+01,4.74257683e+01
2.00000000e+01,2.31929034e+01,2.90602416e+01,3.71622239e+01
2.00000000e+01,2.00244383e+01,2.01218471e+01,2.03488538e+01
2.00000000e+01,2.00409352e+01,2.01936711e+01,2.05326359e+01
2.00000000e+01,2.00244383e+01,2.01219574e+01,2.03494300e+01
2.00000000e+01,2.00244382e+01,2.01218641e+01,2.03489424e+01
2.00000000e+01,2.00290345e+01,2.01425824e+01,2.04036300e+01
2.00000000e+01,2.00409352e+01,2.01936452e+01,2.05325189e+01
2.00000000e+01,2.00409351e+01,2.01936648e+01,2.05326059e+01
2.00000000e+01,2.00244382e+01,2.01219674e+01,2.03494822e+01
2.00000000e+01,2.00290345e+01,2.01426526e+01,2.04039910e+01
2.00000000e+01,2.00290345e+01,2.01425930e+01,2.04036850e+01
2.00000000e+01,2.00409351e+01,2.01936438e+01,2.05325138e+01
2.00000000e+01,2.00290345e+01,2.01426593e+01,2.04040263e+01
2.00000000e+01,2.01009447e+01,2.04353869e+01,2.11124192e+01
2.00000000e+01,2.00630136e+01,2.02850792e+01,2.07565652e+01
2.00000000e+01,2.01009446e+01,2.04352838e+01,2.11119753e+01
2.00000000e+01,2.01009446e+01,2.04353725e+01,2.11123566e+01
2.00000000e+01,2.00630136e+01,2.02849946e+01,2.07561805e+01
2.00000000e+01,2.00630135e+01,2.02850687e+01,2.07565175e+01
2.00000000e+01,2.01009446e+01,2.04352728e+01,2.11119284e+01
2.00000000e+01,2.00630135e+01,2.02849868e+01,2.07561458e+01
2.00000000e+01,2.02682537e+01,2.10467911e+01,2.24742946e+01
2.00000000e+01,2.01639734e+01,2.06736307e+01,2.16563530e+01
2.00000000e+01,2.02682536e+01,2.10466388e+01,2.24737575e+01
2.00000000e+01,2.02682535e+01,2.10467727e+01,2.24742293e+01
2.00000000e+01,2.01639734e+01,2.06735019e+01,2.16558353e+01
2.00000000e+01,2.01639734e+01,2.06736142e+01,2.16562865e+01
2.00000000e+01,2.02682535e+01,2.10466223e+01,2.24736986e+01
2.00000000e+01,2.01639733e+01,2.06734881e+01,2.16557803e+01
2.00000000e+01,2.07207026e+01,2.25151803e+01,2.54750696e+01
2.00000000e+01,2.04392290e+01,2.16243585e+01,2.36876368e+01
2.00000000e+01,2.07207026e+01,2.25148334e+01,2.54741084e+01
2.00000000e+01,2.07207023e+01,2.25151492e+01,2.54749952e+01
2.00000000e+01,2.04392290e+01,2.16242001e+01,2.36871819e+01
2.00000000e+01,2.04392289e+01,2.16243384e+01,2.36875796e+01
2.00000000e+01,2.07207024e+01,2.25147945e+01,2.54739949e+01
2.00000000e+01,2.04392289e+01,2.16241805e+01,2.36871222e+01
2.00000000e+01,2.19392193e+01,2.59461226e+01,3.18437342e+01
2.00000000e+01,2.11813620e+01,2.38761087e+01,2.80789440e+01
2.00000000e+01,2.19392192e+01,2.59442212e+01,3.18377800e+01
2.00000000e+01,2.19392192e+01,2.59459726e+01,3.18433119e+01
2.00000000e+01,2.11813620e+01,2.38755651e+01,2.80775055e+01
2.00000000e+01,2.11813617e+01,2.38760183e+01,2.80786971e+01
2.00000000e+01,2.19392192e+01,2.59439721e+01,3.18369653e+01
2.00000000e+01,2.11813618e+01,2.38754881e+01,2.80772756e+01
2.00000000e+01,2.61557545e+01,3.55890626e+01,4.76002265e+01
2.00000000e+01,2.31929039e+01,2.90866278e+01,3.72506381e+01
2.00000000e+01,2.61557544e+01,3.55666308e+01,4.75274582e+01
2.00000000e+01,2.61557537e+01,3.55854343e+01,4.75885333e+01
2.00000000e+01,2.31929036e+01,2.90770362e+01,3.72192675e+01
2.00000000e+01,2.31929037e+01,2.90851394e+01,3.72458431e+01
2.00000000e+01,2.61557538e+01,3.55647011e+01,4.75211188e+01
2.00000000e+01,2.31929037e+01,2.90761112e+01,3.72161948e+01
2.00000000e+01,2.00244383e+01,2.01215402e+01,2.03472613e+01
2.00000000e+01,2.00409352e+01,2.01937617e+01,2.05330940e+01
2.00000000e+01,2.00244383e+01,2.01217170e+01,2.03481782e+01
2.00000000e+01,2.00244382e+01,2.01215410e+01,2.03472654e+01
2.00000000e+01,2.00290345e+01,2.01425294e+01,2.04033883e+01
2.00000000e+01,2.00409352e+01,2.01937383e+01,2.05329670e+01
2.00000000e+01,2.00409351e+01,2.01937638e+01,2.05331046e+01
2.00000000e+01,2.00244382e+01,2.01217277e+01,2.03482341e+01
2.00000000e+01,2.00290345e+01,2.01425210e+01,2.04033234e+01
2.00000000e+01,2.00290345e+01,2.01425279e+01,2.04033816e+01
2.00000000e+01,2.00409352e+01,2.01937343e+01,2.05329473e+01
2.00000000e+01,2.00290345e+01,2.01425236e+01,2.04033365e+01
2.00000000e+01,2.01009447e+01,2.04355271e+01,2.11130545e+01
2.00000000e+01,2.00630136e+01,2.02851483e+01,2.07568995e+01
2.00000000e+01,2.01009447e+01,2.04354799e+01,2.11128346e+01
2.00000000e+01,2.01009446e+01,2.04355275e+01,2.11130565e+01
2.00000000e+01,2.00630136e+01,2.02851299e+01,2.07568001e+01
2.00000000e+01,2.00630136e+01,2.02851485e+01,2.07569007e+01
2.00000000e+01,2.01009446e+01,2.04354744e+01,2.11128101e+01
2.00000000e+01,2.00630136e+01,2.02851276e+01,2.07567898e+01
2.00000000e+01,2.02682537e+01,2.10469108e+01,2.24747063e+01
2.00000000e+01,2.01639735e+01,2.06737465e+01,2.16568284e+01
2.00000000e+01,2.02682536e+01,2.10468724e+01,2.24745834e+01
2.00000000e+01,2.02682535e+01,2.10469102e+01,2.24747042e+01
2.00000000e+01,2.01639735e+01,2.06737173e+01,2.16567027e+01
2.00000000e+01,2.01639734e+01,2.06737469e+01,2.16568299e+01
2.00000000e+01,2.02682536e+01,2.10468685e+01,2.24745692e+01
2.00000000e+01,2.01639734e+01,2.06737129e+01,2.16566849e+01
2.00000000e+01,2.07207027e+01,2.25152402e+01,2.54748079e+01
2.00000000e+01,2.04392291e+01,2.16245099e+01,2.36880527e+01
2.00000000e+01,2.07207027e+01,2.25151692e+01,2.54747911e+01
2.00000000e+01,2.07207024e+01,2.25152325e+01,2.54747802e+01
2.00000000e+01,2.04392291e+01,2.16244747e+01,2.36879626e+01
2.00000000e+01,2.04392289e+01,2.16245105e+01,2.36880533e+01
2.00000000e+01,2.07207024e+01,2.25151719e+01,2.54748158e+01
2.00000000e+01,2.04392290e+01,2.16244686e+01,2.36879449e+01
2.00000000e+01,2.19392194e+01,2.59481039e+01,3.18486129e+01
2.00000000e+01,2.11813621e+01,2.38768848e+01,2.80808877e+01
2.00000000e+01,2.19392194e+01,2.59461094e+01,3.18429260e+01
2.00000000e+01,2.19392192e+01,2.59480097e+01,3.18482906e+01
2.00000000e+01,2.11813621e+01,2.38767112e+01,2.80805894e+01
2.00000000e+01,2.11813618e+01,2.38768868e+01,2.80808893e+01
2.00000000e+01,2.19392192e+01,2.59460721e+01,3.18428626e+01
2.00000000e+01,2.11813618e+01,2.38766701e+01,2.80804731e+01
2.00000000e+01,2.61557548e+01,3.56574942e+01,4.78138293e+01
2.00000000e+01,2.31929040e+01,2.90942794e+01,3.72721451e+01
2.00000000e+01,2.61557549e+01,3.56187291e+01,4.76942365e+01
2.00000000e+01,2.61557537e+01,3.56574471e+01,4.78137012e+01
2.00000000e+01,2.31929039e+01,2.90951128e+01,3.72771313e+01
2.00000000e+01,2.31929037e+01,2.90944379e+01,3.72726596e+01
2.00000000e+01,2.61557539e+01,3.56162788e+01,4.76865602e+01
2.00000000e+01,2.31929038e+01,2.90947205e+01,3.72759795e+01
2.00000000e+01,2.00244383e+01,2.01221600e+01,2.03505043e+01
2.00000000e+01,2.00409352e+01,2.01936349e+01,2.05325207e+01
2.00000000e+01,2.00244384e+01,2.01222084e+01,2.03507660e+01
2.00000000e+01,2.00244384e+01,2.01221788e+01,2.03506054e+01
2.00000000e+01,2.00290346e+01,2.01428108e+01,2.04048253e+01
2.00000000e+01,2.00409352e+01,2.01936394e+01,2.05325632e+01
2.00000000e+01,2.00409352e+01,2.01936364e+01,2.05325355e+01
2.00000000e+01,2.00244384e+01,2.01222242e+01,2.03508519e+01
2.00000000e+01,2.00290347e+01,2.01428517e+01,2.04050463e+01
2.00000000e+01,2.00290346e+01,2.01428263e+01,2.04049098e+01
2.00000000e+01,2.00409352e+01,2.01936413e+01,2.05325801e+01
2.00000000e+01,2.00290346e+01,2.01428650e+01,2.04051198e+01
2.00000000e+01,2.01009445e+01,2.04349650e+01,2.11106228e+01
2.00000000e+01,2.00630135e+01,2.02848027e+01,2.07553402e+01
2.00000000e+01,2.01009445e+01,2.04348619e+01,2.11101927e+01
2.00000000e+01,2.01009446e+01,2.04349266e+01,2.11104618e+01
2.00000000e+01,2.00630137e+01,2.02847529e+01,2.07551308e+01
2.00000000e+01,2.00630135e+01,2.02847835e+01,2.07552596e+01
2.00000000e+01,2.01009446e+01,2.04348260e+01,2.11100434e+01
2.00000000e+01,2.00630136e+01,2.02847363e+01,2.07550627e+01
2.00000000e+01,2.02682534e+01,2.10461349e+01,2.24719599e+01
2.00000000e+01,2.01639733e+01,2.06730900e+01,2.16542052e+01
2.00000000e+01,2.02682534e+01,2.10459461e+01,2.24712818e+01
2.00000000e+01,2.02682534e+01,2.10460657e+01,2.24717118e+01
2.00000000e+01,2.01639735e+01,2.06729443e+01,2.16536334e+01
2.00000000e+01,2.01639732e+01,2.06730363e+01,2.16539941e+01
2.00000000e+01,2.02682534e+01,2.10458767e+01,2.24710314e+01
2.00000000e+01,2.01639733e+01,2.06728919e+01,2.16534276e+01
2.00000000e+01,2.07207024e+01,2.25137055e+01,2.54706922e+01
2.00000000e+01,2.04392288e+01,2.16235418e+01,2.36851048e+01
2.00000000e+01,2.07207023e+01,2.25132679e+01,2.54692660e+01
2.00000000e+01,2.07207022e+01,2.25135454e+01,2.54701749e+01
2.00000000e+01,2.04392288e+01,2.16232825e+01,2.36842509e+01
2.00000000e+01,2.04392287e+01,2.16234469e+01,2.36847941e+01
2.00000000e+01,2.07207022e+01,2.25131040e+01,2.54687198e+01
2.00000000e+01,2.04392287e+01,2.16231857e+01,2.36839279e+01
2.00000000e+01,2.19392195e+01,2.59368515e+01,3.18126056e+01
2.00000000e+01,2.11813619e+01,2.38731028e+01,2.80695980e+01
2.00000000e+01,2.19392195e+01,2.59343399e+01,3.18036706e+01
2.00000000e+01,2.19392191e+01,2.59359085e+01,3.18092676e+01
2.00000000e+01,2.11813617e+01,2.38721078e+01,2.80661677e+01
2.00000000e+01,2.11813620e+01,2.38727368e+01,2.80683474e+01
2.00000000e+01,2.19392193e+01,2.59334609e+01,3.18005072e+01
2.00000000e+01,2.11813619e+01,2.38717386e+01,2.80648770e+01
2.00000000e+01,2.61557542e+01,3.55297079e+01,4.74034065e+01
2.00000000e+01,2.31929042e+01,2.90561237e+01,3.71478399e+01
2.00000000e+01,2.61557553e+01,3.55216345e+01,4.73753163e+01
2.00000000e+01,2.61557543e+01,3.55265506e+01,4.73924672e+01
2.00000000e+01,2.31929053e+01,2.90508043e+01,3.71290032e+01
2.00000000e+01,2.31929031e+01,2.90540759e+01,3.71406189e+01
2.00000000e+01,2.61557547e+01,3.55190553e+01,4.73662405e+01
2.00000000e+01,2.31929038e+01,2.90490535e+01,3.71227333e+01
2.00000000e+01,2.00244383e+01,2.01220269e+01,2.03497953e+01
2.00000000e+01,2.00409351e+01,2.01936356e+01,2.05324842e+01
2.00000000e+01,2.00244383e+01,2.01221001e+01,2.03501837e+01
2.00000000e+01,2.00244383e+01,2.01220522e+01,2.03499291e+01
2.00000000e+01,2.00290345e+01,2.01427039e+01,2.04042582e+01
2.00000000e+01,2.00409351e+01,2.01936329e+01,2.05324899e+01
2.00000000e+01,2.00409351e+01,2.01936338e+01,2.05324814e+01
2.00000000e+01,2.00244383e+01,2.01221221e+01,2.03503010e+01
2.00000000e+01,2.00290345e+01,2.01427614e+01,2.04045618e+01
2.00000000e+01,2.00290345e+01,2.01427233e+01,2.04043605e+01
2.00000000e+01,2.00409352e+01,2.01936333e+01,2.05324989e+01
2.00000000e+01,2.00290345e+01,2.01427791e+01,2.04046563e+01
2.00000000e+01,2.01009446e+01,2.04351939e+01,2.11115904e+01
2.00000000e+01,2.00630135e+01,2.02849330e+01,2.07559059e+01
2.00000000e+01,2.01009445e+01,2.04350776e+01,2.11110962e+01
2.00000000e+01,2.01009446e+01,2.04351564e+01,2.11114308e+01
2.00000000e+01,2.00630135e+01,2.02848629e+01,2.07555986e+01
2.00000000e+01,2.00630135e+01,2.02849097e+01,2.07558031e+01
2.00000000e+01,2.01009446e+01,2.04350385e+01,2.11109315e+01
2.00000000e+01,2.00630135e+01,2.02848413e+01,2.07555055e+01
2.00000000e+01,2.02682535e+01,2.10465072e+01,2.24732899e+01
2.00000000e+01,2.01639734e+01,2.06733907e+01,2.16553928e+01
2.00000000e+01,2.02682534e+01,2.10463254e+01,2.24726417e+01
2.00000000e+01,2.02682535e+01,2.10464500e+01,2.24730865e+01
2.00000000e+01,2.01639733e+01,2.06732415e+01,2.16548021e+01
2.00000000e+01,2.01639734e+01,2.06733433e+01,2.16552053e+01
2.00000000e+01,2.02682535e+01,2.10462605e+01,2.24724101e+01
2.00000000e+01,2.01639733e+01,2.06731896e+01,2.16545974e+01
2.00000000e+01,2.07207026e+01,2.25145427e+01,2.54732735e+01
2.00000000e+01,2.04392289e+01,2.16240358e+01,2.36866800e+01
2.00000000e+01,2.07207025e+01,2.25141377e+01,2.54720532e+01
2.00000000e+01,2.07207023e+01,2.25144155e+01,2.54728956e+01
2.00000000e+01,2.04392288e+01,2.16237986e+01,2.36859335e+01
2.00000000e+01,2.04392288e+01,2.16239612e+01,2.36864473e+01
2.00000000e+01,2.07207023e+01,2.25139903e+01,2.54715943e+01
2.00000000e+01,2.04392288e+01,2.16237115e+01,2.36856550e+01
2.00000000e+01,2.19392194e+01,2.59422910e+01,3.18313878e+01
2.00000000e+01,2.11813620e+01,2.38749749e+01,2.80757311e+01
2.00000000e+01,2.19392194e+01,2.59395647e+01,3.18220825e+01
2.00000000e+01,2.19392191e+01,2.59414241e+01,3.18284561e+01
2.00000000e+01,2.11813620e+01,2.38740858e+01,2.80728855e+01
2.00000000e+01,2.11813618e+01,2.38746956e+01,2.80748515e+01
2.00000000e+01,2.19392192e+01,2.59386165e+01,3.18187936e+01
2.00000000e+01,2.11813619e+01,2.38737520e+01,2.80717818e+01
2.00000000e+01,2.61557539e+01,3.55533429e+01,4.74835250e+01
2.00000000e+01,2.31929039e+01,2.90701869e+01,3.71963166e+01
2.00000000e+01,2.61557536e+01,3.55400700e+01,4.74388834e+01
2.00000000e+01,2.61557537e+01,3.55486765e+01,4.74679186e+01
2.00000000e+01,2.31929037e+01,2.90625789e+01,3.71703184e+01
2.00000000e+01,2.31929037e+01,2.90675942e+01,3.71875164e+01
2.00000000e+01,2.61557539e+01,3.55362183e+01,4.74257680e+01
2.00000000e+01,2.31929035e+01,2.90602412e+01,3.71622237e+01
2.00000000e+01,2.00244383e+01,2.01218322e+01,2.03487761e+01
2.00000000e+01,2.00409352e+01,2.01936778e+01,2.05326679e+01
2.00000000e+01,2.00244382e+01,2.01219386e+01,2.03493309e+01
2.00000000e+01,2.00244383e+01,2.01218643e+01,2.03489425e+01
2.00000000e+01,2.00290345e+01,2.01425737e+01,2.04035860e+01
2.00000000e+01,2.00409351e+01,2.01936493e+01,2.05325363e+01
2.00000000e+01,2.00409352e+01,2.01936649e+01,2.05326060e+01
2.00000000e+01,2.00244383e+01,2.01219675e+01,2.03494823e+01
2.00000000e+01,2.00290345e+01,2.01426394e+01,2.04039226e+01
2.00000000e+01,2.00290345e+01,2.01425931e+01,2.04036852e+01
2.00000000e+01,2.00409352e+01,2.01936439e+01,2.05325140e+01
2.00000000e+01,2.00290345e+01,2.01426594e+01,2.04040265e+01
2.00000000e+01,2.01009447e+01,2.04353989e+01,2.11124715e+01
2.00000000e+01,2.00630136e+01,2.02850882e+01,2.07566063e+01
2.00000000e+01,2.01009446e+01,2.04353052e+01,2.11120668e+01
2.00000000e+01,2.01009447e+01,2.04353726e+01,2.11123567e+01
2.00000000e+01,2.00630136e+01,2.02850105e+01,2.07562520e+01
2.00000000e+01,2.00630136e+01,2.02850688e+01,2.07565176e+01
2.00000000e+01,2.01009447e+01,2.04352728e+01,2.11119284e+01
2.00000000e+01,2.00630136e+01,2.02849868e+01,2.07561459e+01
2.00000000e+01,2.02682537e+01,2.10468058e+01,2.24743468e+01
2.00000000e+01,2.01639734e+01,2.06736443e+01,2.16564081e+01
2.00000000e+01,2.02682536e+01,2.10466694e+01,2.24738658e+01
2.00000000e+01,2.02682536e+01,2.10467726e+01,2.24742293e+01
2.00000000e+01,2.01639734e+01,2.06735280e+01,2.16559398e+01
2.00000000e+01,2.01639735e+01,2.06736141e+01,2.16562865e+01
2.00000000e+01,2.02682536e+01,2.10466222e+01,2.24736987e+01
2.00000000e+01,2.01639734e+01,2.06734881e+01,2.16557803e+01
2.00000000e+01,2.07207027e+01,2.25152021e+01,2.54751159e+01
2.00000000e+01,2.04392290e+01,2.16243747e+01,2.36876819e+01
2.00000000e+01,2.07207027e+01,2.25148998e+01,2.54742936e+01
2.00000000e+01,2.07207024e+01,2.25151488e+01,2.54749951e+01
2.00000000e+01,2.04392290e+01,2.16242359e+01,2.36872881e+01
2.00000000e+01,2.04392289e+01,2.16243382e+01,2.36875796e+01
2.00000000e+01,2.07207024e+01,2.25147942e+01,2.54739948e+01
2.00000000e+01,2.04392289e+01,2.16241803e+01,2.36871221e+01
2.00000000e+01,2.19392194e+01,2.59462075e+01,3.18439402e+01
2.00000000e+01,2.11813621e+01,2.38761743e+01,2.80791130e+01
2.00000000e+01,2.19392194e+01,2.59446309e+01,3.18391023e+01
2.00000000e+01,2.19392192e+01,2.59459721e+01,3.18433118e+01
2.00000000e+01,2.11813621e+01,2.38756892e+01,2.80778584e+01
2.00000000e+01,2.11813618e+01,2.38760181e+01,2.80786969e+01
2.00000000e+01,2.19392192e+01,2.59439718e+01,3.18369652e+01
2.00000000e+01,2.11813619e+01,2.38754877e+01,2.80772754e+01
2.00000000e+01,2.61557544e+01,3.55923328e+01,4.76107038e+01
2.00000000e+01,2.31929041e+01,2.90878361e+01,3.72545056e+01
2.00000000e+01,2.61557542e+01,3.55703907e+01,4.75397681e+01
2.00000000e+01,2.61557537e+01,3.55854341e+01,4.75885333e+01
2.00000000e+01,2.31929040e+01,2.90788330e+01,3.72252140e+01
2.00000000e+01,2.31929038e+01,2.90851392e+01,3.72458431e+01
2.00000000e+01,2.61557539e+01,3.55647008e+01,4.75211188e+01
2.00000000e+01,2.31929038e+01,2.90761109e+01,3.72161948e+01
2.00000000e+01,2.00244383e+01,2.01215398e+01,2.03472588e+01
2.00000000e+01,2.00409352e+01,2.01937607e+01,2.05330889e+01
2.00000000e+01,2.00244383e+01,2.01217078e+01,2.03481300e+01
2.00000000e+01,2.00244383e+01,2.01215411e+01,2.03472655e+01
2.00000000e+01,2.00290345e+01,2.01425303e+01,2.04033925e+01
2.00000000e+01,2.00409352e+01,2.01937426e+01,2.05329883e+01
2.00000000e+01,2.00409352e+01,2.01937639e+01,2.05331047e+01
2.00000000e+01,2.00244383e+01,2.01217279e+01,2.03482342e+01
2.00000000e+01,2.00290345e+01,2.01425187e+01,2.04033125e+01
2.00000000e+01,2.00290345e+01,2.01425281e+01,2.04033818e+01
2.00000000e+01,2.00409352e+01,2.01937345e+01,2.05329475e+01
2.00000000e+01,2.00290345e+01,2.01425237e+01,2.04033367e+01
2.00000000e+01,2.01009447e+01,2.04355268e+01,2.11130527e+01
2.00000000e+01,2.00630136e+01,2.02851487e+01,2.07569015e+01
2.00000000e+01,2.01009446e+01,2.04354843e+01,2.11128548e+01
2.00000000e+01,2.01009447e+01,2.04355275e+01,2.11130566e+01
2.00000000e+01,2.00630136e+01,2.02851322e+01,2.07568113e+01
2.00000000e+01,2.00630136e+01,2.02851485e+01,2.07569008e+01
2.00000000e+01,2.01009447e+01,2.04354744e+01,2.11128102e+01
2.00000000e+01,2.00630136e+01,2.02851277e+01,2.07567900e+01
2.00000000e+01,2.02682537e+01,2.10469120e+01,2.24747103e+01
2.00000000e+01,2.01639734e+01,2.06737465e+01,2.16568285e+01
2.00000000e+01,2.02682537e+01,2.10468757e+01,2.24745949e+01
2.00000000e+01,2.02682536e+01,2.10469100e+01,2.24747042e+01
2.00000000e+01,2.01639734e+01,2.06737211e+01,2.16567185e+01
2.00000000e+01,2.01639735e+01,2.06737468e+01,2.16568299e+01
2.00000000e+01,2.02682537e+01,2.10468683e+01,2.24745692e+01
2.00000000e+01,2.01639735e+01,2.06737128e+01,2.16566849e+01
2.00000000e+01,2.07207027e+01,2.25152505e+01,2.54748433e+01
2.00000000e+01,2.04392290e+01,2.16245087e+01,2.36880486e+01
2.00000000e+01,2.07207028e+01,2.25151671e+01,2.54747703e+01
2.00000000e+01,2.07207025e+01,2.25152322e+01,2.54747800e+01
2.00000000e+01,2.04392290e+01,2.16244795e+01,2.36879753e+01
2.00000000e+01,2.04392290e+01,2.16245103e+01,2.36880532e+01
2.00000000e+01,2.07207025e+01,2.25151716e+01,2.54748156e+01
2.00000000e+01,2.04392290e+01,2.16244684e+01,2.36879448e+01
2.00000000e+01,2.19392195e+01,2.59481669e+01,3.18488234e+01
2.00000000e+01,2.11813622e+01,2.38768715e+01,2.80808419e+01
2.00000000e+01,2.19392195e+01,2.59461150e+01,3.18428851e+01
2.00000000e+01,2.19392193e+01,2.59480093e+01,3.18482903e+01
2.00000000e+01,2.11813622e+01,2.38767343e+01,2.80806440e+01
2.00000000e+01,2.11813618e+01,2.38768865e+01,2.80808890e+01
2.00000000e+01,2.19392193e+01,2.59460717e+01,3.18428623e+01
2.00000000e+01,2.11813619e+01,2.38766698e+01,2.80804729e+01
2.00000000e+01,2.61557548e+01,3.56575228e+01,4.78139072e+01
2.00000000e+01,2.31929042e+01,2.90941922e+01,3.72718682e+01
2.00000000e+01,2.61557549e+01,3.56208824e+01,4.77009663e+01
2.00000000e+01,2.61557539e+01,3.56574466e+01,4.78137012e+01
2.00000000e+01,2.31929041e+01,2.90954521e+01,3.72781256e+01
2.00000000e+01,2.31929038e+01,2.90944377e+01,3.72726595e+01
2.00000000e+01,2.61557540e+01,3.56162785e+01,4.76865603e+01
2.00000000e+01,2.31929038e+01,2.90947203e+01,3.72759794e+01
2.00000000e+01,2.00244382e+01,2.01220985e+01,2.03501745e+01
2.00000000e+01,2.00409351e+01,2.01936328e+01,2.05324893e+01
2.00000000e+01,2.00244381e+01,2.01221494e+01,2.03504464e+01
2.00000000e+01,2.00244383e+01,2.01221380e+01,2.03503856e+01
2.00000000e+01,2.00290344e+01,2.01427601e+01,2.04045543e+01
2.00000000e+01,2.00409351e+01,2.01936344e+01,2.05325141e+01
2.00000000e+01,2.00409350e+01,2.01936338e+01,2.05325070e+01
2.00000000e+01,2.00244383e+01,2.01221857e+01,2.03506420e+01
2.00000000e+01,2.00290344e+01,2.01428017e+01,2.04047766e+01
2.00000000e+01,2.00290344e+01,2.01427923e+01,2.04047263e+01
2.00000000e+01,2.00409352e+01,2.01936371e+01,2.05325417e+01
2.00000000e+01,2.00290345e+01,2.01428321e+01,2.04049404e+01
2.00000000e+01,2.01009444e+01,2.04350809e+01,2.11111100e+01
2.00000000e+01,2.00630134e+01,2.02848648e+01,2.07556068e+01
2.00000000e+01,2.01009443e+01,2.04349867e+01,2.11107133e+01
2.00000000e+01,2.01009442e+01,2.04350089e+01,2.11108063e+01
2.00000000e+01,2.00630134e+01,2.02848140e+01,2.07553883e+01
2.00000000e+01,2.00630133e+01,2.02848255e+01,2.07554375e+01
2.00000000e+01,2.01009444e+01,2.04349125e+01,2.11104030e+01
2.00000000e+01,2.00630135e+01,2.02847769e+01,2.07552313e+01
2.00000000e+01,2.02682533e+01,2.10463307e+01,2.24726598e+01
2.00000000e+01,2.01639731e+01,2.06732459e+01,2.16548188e+01
2.00000000e+01,2.02682532e+01,2.10461726e+01,2.24720938e+01
2.00000000e+01,2.02682532e+01,2.10462107e+01,2.24722301e+01
2.00000000e+01,2.01639732e+01,2.06731196e+01,2.16543211e+01
2.00000000e+01,2.01639731e+01,2.06731498e+01,2.16544396e+01
2.00000000e+01,2.02682533e+01,2.10460402e+01,2.24716192e+01
2.00000000e+01,2.01639733e+01,2.06730165e+01,2.16539158e+01
2.00000000e+01,2.07207023e+01,2.25141491e+01,2.54720857e+01
2.00000000e+01,2.04392286e+01,2.16238057e+01,2.36859544e+01
2.00000000e+01,2.07207022e+01,2.25137911e+01,2.54709630e+01
2.00000000e+01,2.07207024e+01,2.25138770e+01,2.54712361e+01
2.00000000e+01,2.04392286e+01,2.16235930e+01,2.36852698e+01
2.00000000e+01,2.04392286e+01,2.16236443e+01,2.36854359e+01
2.00000000e+01,2.07207023e+01,2.25134861e+01,2.54699809e+01
2.00000000e+01,2.04392287e+01,2.16234121e+01,2.36846785e+01
2.00000000e+01,2.19392197e+01,2.59396407e+01,3.18223426e+01
2.00000000e+01,2.11813619e+01,2.38741103e+01,2.80729637e+01
2.00000000e+01,2.19392197e+01,2.59373681e+01,3.18144214e+01
2.00000000e+01,2.19392197e+01,2.59379011e+01,3.18162939e+01
2.00000000e+01,2.11813621e+01,2.38732952e+01,2.80702473e+01
2.00000000e+01,2.11813621e+01,2.38734917e+01,2.80709111e+01
2.00000000e+01,2.19392198e+01,2.59355622e+01,3.18080373e+01
2.00000000e+01,2.11813620e+01,2.38726005e+01,2.80678769e+01
2.00000000e+01,2.61557536e+01,3.55403832e+01,4.74399456e+01
2.00000000e+01,2.31929032e+01,2.90627738e+01,3.71709878e+01
2.00000000e+01,2.61557532e+01,3.55315661e+01,4.74097990e+01
2.00000000e+01,2.61557523e+01,3.55334973e+01,4.74164402e+01
2.00000000e+01,2.31929035e+01,2.90573139e+01,3.71520045e+01
2.00000000e+01,2.31929034e+01,2.90585394e+01,3.71562926e+01
2.00000000e+01,2.61557540e+01,3.55254334e+01,4.73885816e+01
2.00000000e+01,2.31929042e+01,2.90533462e+01,3.71380366e+01
2.00000000e+01,2.00244382e+01,2.01219683e+01,2.03494863e+01
2.00000000e+01,2.00409351e+01,2.01936436e+01,2.05325122e+01
2.00000000e+01,2.00244382e+01,2.01220385e+01,2.03498561e+01
2.00000000e+01,2.00244383e+01,2.01220125e+01,2.03497185e+01
2.00000000e+01,2.00290345e+01,2.01426602e+01,2.04040299e+01
2.00000000e+01,2.00409351e+01,2.01936352e+01,2.05324846e+01
2.00000000e+01,2.00409351e+01,2.01936375e+01,2.05324902e+01
2.00000000e+01,2.00244382e+01,2.01220808e+01,2.03500802e+01
2.00000000e+01,2.00290344e+01,2.01427126e+01,2.04043038e+01
2.00000000e+01,2.00290345e+01,2.01426927e+01,2.04041995e+01
2.00000000e+01,2.00409351e+01,2.01936333e+01,2.05324860e+01
2.00000000e+01,2.00290345e+01,2.01427457e+01,2.04044781e+01
2.00000000e+01,2.01009446e+01,2.04352717e+01,2.11119226e+01
2.00000000e+01,2.00630134e+01,2.02849860e+01,2.07561418e+01
2.00000000e+01,2.01009445e+01,2.04351773e+01,2.11115190e+01
2.00000000e+01,2.01009445e+01,2.04352148e+01,2.11116788e+01
2.00000000e+01,2.00630134e+01,2.02849226e+01,2.07558599e+01
2.00000000e+01,2.00630134e+01,2.02849472e+01,2.07559687e+01
2.00000000e+01,2.01009444e+01,2.04351112e+01,2.11112384e+01
2.00000000e+01,2.00630134e+01,2.02848825e+01,2.07556838e+01
2.00000000e+01,2.02682535e+01,2.10466214e+01,2.24736956e+01
2.00000000e+01,2.01639733e+01,2.06734872e+01,2.16557759e+01
2.00000000e+01,2.02682534e+01,2.10464821e+01,2.24732000e+01
2.00000000e+01,2.02682534e+01,2.10465382e+01,2.24733997e+01
2.00000000e+01,2.01639732e+01,2.06733699e+01,2.16553097e+01
2.00000000e+01,2.01639733e+01,2.06734167e+01,2.16554959e+01
2.00000000e+01,2.02682534e+01,2.10463790e+01,2.24728326e+01
2.00000000e+01,2.01639732e+01,2.06732852e+01,2.16549745e+01
2.00000000e+01,2.07207023e+01,2.25147945e+01,2.54739971e+01
2.00000000e+01,2.04392288e+01,2.16241789e+01,2.36871167e+01
2.00000000e+01,2.07207023e+01,2.25144873e+01,2.54731085e+01
2.00000000e+01,2.07207023e+01,2.25146108e+01,2.54734707e+01
2.00000000e+01,2.04392287e+01,2.16240039e+01,2.36865799e+01
2.00000000e+01,2.04392288e+01,2.16240746e+01,2.36867986e+01
2.00000000e+01,2.07207024e+01,2.25142565e+01,2.54724152e+01
2.00000000e+01,2.04392287e+01,2.16238693e+01,2.36861574e+01
2.00000000e+01,2.19392195e+01,2.59439632e+01,3.18369381e+01
2.00000000e+01,2.11813619e+01,2.38754859e+01,2.80772717e+01
2.00000000e+01,2.19392195e+01,2.59418956e+01,3.18300501e+01
2.00000000e+01,2.19392195e+01,2.59427362e+01,3.18328763e+01
2.00000000e+01,2.11813619e+01,2.38748534e+01,2.80753491e+01
2.00000000e+01,2.11813619e+01,2.38751079e+01,2.80761349e+01
2.00000000e+01,2.19392196e+01,2.59403493e+01,3.18247833e+01
2.00000000e+01,2.11813620e+01,2.38743491e+01,2.80737406e+01
2.00000000e+01,2.61557538e+01,3.55645465e+01,4.75206180e+01
2.00000000e+01,2.31929039e+01,2.90760496e+01,3.72159878e+01
2.00000000e+01,2.61557537e+01,3.55512352e+01,4.74764860e+01
2.00000000e+01,2.61557533e+01,3.55560984e+01,4.74926850e+01
2.00000000e+01,2.31929036e+01,2.90690422e+01,3.71924318e+01
2.00000000e+01,2.31929039e+01,2.90716838e+01,3.72013649e+01
2.00000000e+01,2.61557531e+01,3.55435445e+01,4.74506480e+01
2.00000000e+01,2.31929036e+01,2.90646591e+01,3.71774759e+01
2.00000000e+01,2.00244383e+01,2.01217921e+01,2.03485674e+01
2.00000000e+01,2.00409352e+01,2.01936969e+01,2.05327607e+01
2.00000000e+01,2.00244383e+01,2.01218867e+01,2.03490593e+01
2.00000000e+01,2.00244383e+01,2.01218364e+01,2.03487974e+01
2.00000000e+01,2.00290345e+01,2.01425519e+01,2.04034754e+01
2.00000000e+01,2.00409351e+01,2.01936631e+01,2.05325982e+01
2.00000000e+01,2.00409352e+01,2.01936767e+01,2.05326623e+01
2.00000000e+01,2.00244383e+01,2.01219319e+01,2.03492954e+01
2.00000000e+01,2.00290345e+01,2.01426050e+01,2.04037449e+01
2.00000000e+01,2.00290345e+01,2.01425766e+01,2.04036007e+01
2.00000000e+01,2.00409351e+01,2.01936515e+01,2.05325459e+01
2.00000000e+01,2.00290345e+01,2.01426345e+01,2.04038973e+01
2.00000000e+01,2.01009446e+01,2.04354287e+01,2.11126023e+01
2.00000000e+01,2.00630135e+01,2.02851094e+01,2.07567034e+01
2.00000000e+01,2.01009446e+01,2.04353572e+01,2.11122910e+01
2.00000000e+01,2.01009446e+01,2.04353956e+01,2.11124569e+01
2.00000000e+01,2.00630135e+01,2.02850508e+01,2.07564345e+01
2.00000000e+01,2.00630135e+01,2.02850862e+01,2.07565968e+01
2.00000000e+01,2.01009446e+01,2.04353131e+01,2.11121008e+01
2.00000000e+01,2.00630135e+01,2.02850168e+01,2.07562806e+01
2.00000000e+01,2.02682536e+01,2.10468398e+01,2.24744668e+01
2.00000000e+01,2.01639734e+01,2.06736769e+01,2.16565396e+01
2.00000000e+01,2.02682535e+01,2.10467426e+01,2.24741245e+01
2.00000000e+01,2.02682536e+01,2.10468017e+01,2.24743319e+01
2.00000000e+01,2.01639733e+01,2.06735914e+01,2.16561932e+01
2.00000000e+01,2.01639734e+01,2.06736408e+01,2.16563935e+01
2.00000000e+01,2.02682535e+01,2.10466801e+01,2.24739035e+01
2.00000000e+01,2.01639734e+01,2.06735375e+01,2.16559775e+01
2.00000000e+01,2.07207023e+01,2.25152416e+01,2.54751753e+01
2.00000000e+01,2.04392289e+01,2.16244130e+01,2.36877860e+01
2.00000000e+01,2.07207023e+01,2.25150557e+01,2.54747147e+01
2.00000000e+01,2.07207024e+01,2.25151958e+01,2.54751017e+01
2.00000000e+01,2.04392289e+01,2.16243180e+01,2.36875266e+01
2.00000000e+01,2.04392290e+01,2.16243703e+01,2.36876689e+01
2.00000000e+01,2.07207024e+01,2.25149211e+01,2.54743494e+01
2.00000000e+01,2.04392289e+01,2.16242483e+01,2.36873239e+01
2.00000000e+01,2.19392195e+01,2.59463266e+01,3.18441105e+01
2.00000000e+01,2.11813621e+01,2.38763447e+01,2.80795511e+01
2.00000000e+01,2.19392195e+01,2.59455219e+01,3.18418960e+01
2.00000000e+01,2.19392196e+01,2.59461709e+01,3.18438348e+01
2.00000000e+01,2.11813620e+01,2.38759772e+01,2.80786418e+01
2.00000000e+01,2.11813619e+01,2.38761459e+01,2.80790295e+01
2.00000000e+01,2.19392195e+01,2.59447516e+01,3.18394825e+01
2.00000000e+01,2.11813619e+01,2.38757242e+01,2.80779484e+01
2.00000000e+01,2.61557540e+01,3.56012642e+01,4.76391869e+01
2.00000000e+01,2.31929040e+01,2.90908805e+01,3.72641601e+01
2.00000000e+01,2.61557540e+01,3.55809804e+01,4.75741912e+01
2.00000000e+01,2.61557535e+01,3.55914724e+01,4.76079176e+01
2.00000000e+01,2.31929039e+01,2.90835451e+01,3.72406574e+01
2.00000000e+01,2.31929040e+01,2.90874429e+01,3.72532424e+01
2.00000000e+01,2.61557536e+01,3.55717775e+01,4.75442938e+01
2.00000000e+01,2.31929040e+01,2.90795016e+01,3.72274189e+01
2.00000000e+01,2.00244383e+01,2.01215386e+01,2.03472530e+01
2.00000000e+01,2.00409352e+01,2.01937580e+01,2.05330750e+01
2.00000000e+01,2.00244383e+01,2.01216829e+01,2.03480012e+01
2.00000000e+01,2.00244383e+01,2.01215402e+01,2.03472609e+01
2.00000000e+01,2.00290345e+01,2.01425322e+01,2.04034016e+01
2.00000000e+01,2.00409352e+01,2.01937530e+01,2.05330406e+01
2.00000000e+01,2.00409352e+01,2.01937620e+01,2.05330947e+01
2.00000000e+01,2.00244383e+01,2.01217105e+01,2.03481439e+01
2.00000000e+01,2.00290345e+01,2.01425138e+01,2.04032895e+01
2.00000000e+01,2.00290345e+01,2.01425297e+01,2.04033893e+01
2.00000000e+01,2.00409352e+01,2.01937424e+01,2.05329870e+01
2.00000000e+01,2.00290345e+01,2.01425192e+01,2.04033147e+01
2.00000000e+01,2.01009446e+01,2.04355257e+01,2.11130462e+01
2.00000000e+01,2.00630135e+01,2.02851498e+01,2.07569063e+01
2.00000000e+01,2.01009446e+01,2.04354953e+01,2.11129049e+01
2.00000000e+01,2.01009446e+01,2.04355269e+01,2.11130530e+01
2.00000000e+01,2.00630135e+01,2.02851371e+01,2.07568350e+01
2.00000000e+01,2.00630136e+01,2.02851493e+01,2.07569044e+01
2.00000000e+01,2.01009446e+01,2.04354829e+01,2.11128486e+01
2.00000000e+01,2.00630136e+01,2.02851323e+01,2.07568117e+01
2.00000000e+01,2.02682536e+01,2.10469153e+01,2.24747212e+01
2.00000000e+01,2.01639734e+01,2.06737463e+01,2.16568278e+01
2.00000000e+01,2.02682536e+01,2.10468830e+01,2.24746202e+01
2.00000000e+01,2.02682536e+01,2.10469125e+01,2.24747123e+01
2.00000000e+01,2.01639734e+01,2.06737298e+01,2.16567541e+01
2.00000000e+01,2.01639735e+01,2.06737469e+01,2.16568302e+01
2.00000000e+01,2.02682536e+01,2.10468750e+01,2.24745924e+01
2.00000000e+01,2.01639734e+01,2.06737205e+01,2.16567159e+01
2.00000000e+01,2.07207023e+01,2.25152790e+01,2.54749397e+01
2.00000000e+01,2.04392290e+01,2.16245047e+01,2.36880345e+01
2.00000000e+01,2.07207024e+01,2.25151597e+01,2.54747068e+01
2.00000000e+01,2.07207025e+01,2.25152530e+01,2.54748514e+01
2.00000000e+01,2.04392290e+01,2.16244908e+01,2.36880046e+01
2.00000000e+01,2.04392290e+01,2.16245080e+01,2.36880452e+01
2.00000000e+01,2.07207025e+01,2.25151696e+01,2.54747826e+01
2.00000000e+01,2.04392290e+01,2.16244778e+01,2.36879698e+01
2.00000000e+01,2.19392196e+01,2.59483150e+01,3.18493167e+01
2.00000000e+01,2.11813621e+01,2.38768385e+01,2.80807278e+01
2.00000000e+01,2.19392196e+01,2.59461478e+01,3.18428349e+01
2.00000000e+01,2.19392196e+01,2.59481309e+01,3.18486959e+01
2.00000000e+01,2.11813621e+01,2.38767974e+01,2.80807983e+01
2.00000000e+01,2.11813619e+01,2.38768622e+01,2.80808059e+01
2.00000000e+01,2.19392195e+01,2.59460868e+01,3.18428008e+01
2.00000000e+01,2.11813619e+01,2.38767162e+01,2.80805848e+01
2.00000000e+01,2.61557540e+01,3.56575724e+01,4.78140289e+01
2.00000000e+01,2.31929041e+01,2.90939945e+01,3.72712328e+01
2.00000000e+01,2.61557541e+01,3.56266086e+01,4.77188097e+01
2.00000000e+01,2.61557536e+01,3.56574910e+01,4.78138194e+01
2.00000000e+01,2.31929040e+01,2.90961846e+01,3.72801973e+01
2.00000000e+01,2.31929039e+01,2.90942772e+01,3.72721503e+01
2.00000000e+01,2.61557537e+01,3.56202984e+01,4.76991370e+01
2.00000000e+01,2.31929040e+01,2.90953929e+01,3.72779678e+01
2.00000000e+01,2.00244384e+01,2.01221601e+01,2.03505044e+01
2.00000000e+01,2.00409352e+01,2.01936351e+01,2.05325208e+01
2.00000000e+01,2.00244383e+01,2.01222085e+01,2.03507660e+01
2.00000000e+01,2.00244383e+01,2.01221380e+01,2.03503856e+01
2.00000000e+01,2.00290345e+01,2.01428109e+01,2.04048254e+01
2.00000000e+01,2.00409353e+01,2.01936396e+01,2.05325632e+01
2.00000000e+01,2.00409350e+01,2.01936337e+01,2.05325069e+01
2.00000000e+01,2.00244383e+01,2.01221857e+01,2.03506420e+01
2.00000000e+01,2.00290346e+01,2.01428516e+01,2.04050464e+01
2.00000000e+01,2.00290344e+01,2.01427923e+01,2.04047263e+01
2.00000000e+01,2.00409352e+01,2.01936371e+01,2.05325416e+01
2.00000000e+01,2.00290345e+01,2.01428321e+01,2.04049404e+01
2.00000000e+01,2.01009445e+01,2.04349652e+01,2.11106228e+01
2.00000000e+01,2.00630135e+01,2.02848028e+01,2.07553403e+01
2.00000000e+01,2.01009445e+01,2.04348622e+01,2.11101928e+01
2.00000000e+01,2.01009443e+01,2.04350088e+01,2.11108063e+01
2.00000000e+01,2.00630136e+01,2.02847527e+01,2.07551309e+01
2.00000000e+01,2.00630133e+01,2.02848255e+01,2.07554375e+01
2.00000000e+01,2.01009445e+01,2.04349125e+01,2.11104029e+01
2.00000000e+01,2.00630135e+01,2.02847769e+01,2.07552313e+01
2.00000000e+01,2.02682533e+01,2.10461351e+01,2.24719600e+01
2.00000000e+01,2.01639733e+01,2.06730901e+01,2.16542053e+01
2.00000000e+01,2.02682533e+01,2.10459465e+01,2.24712819e+01
2.00000000e+01,2.02682531e+01,2.10462107e+01,2.24722301e+01
2.00000000e+01,2.01639734e+01,2.06729441e+01,2.16536335e+01
2.00000000e+01,2.01639731e+01,2.06731498e+01,2.16544396e+01
2.00000000e+01,2.02682532e+01,2.10460402e+01,2.24716191e+01
2.00000000e+01,2.01639732e+01,2.06730164e+01,2.16539158e+01
2.00000000e+01,2.07207022e+01,2.25137063e+01,2.54706922e+01
2.00000000e+01,2.04392288e+01,2.16235419e+01,2.36851050e+01
2.00000000e+01,2.07207021e+01,2.25132692e+01,2.54692660e+01
2.00000000e+01,2.07207021e+01,2.25138774e+01,2.54712360e+01
2.00000000e+01,2.04392289e+01,2.16232820e+01,2.36842510e+01
2.00000000e+01,2.04392285e+01,2.16236443e+01,2.36854360e+01
2.00000000e+01,2.07207021e+01,2.25134865e+01,2.54699808e+01
2.00000000e+01,2.04392286e+01,2.16234121e+01,2.36846786e+01
2.00000000e+01,2.19392198e+01,2.59368521e+01,3.18126050e+01
2.00000000e+01,2.11813619e+01,2.38731032e+01,2.80695978e+01
2.00000000e+01,2.19392198e+01,2.59343406e+01,3.18036700e+01
2.00000000e+01,2.19392197e+01,2.59379016e+01,3.18162939e+01
2.00000000e+01,2.11813617e+01,2.38721075e+01,2.80661675e+01
2.00000000e+01,2.11813619e+01,2.38734925e+01,2.80709112e+01
2.00000000e+01,2.19392199e+01,2.59355625e+01,3.18080372e+01
2.00000000e+01,2.11813619e+01,2.38726009e+01,2.80678769e+01
2.00000000e+01,2.61557545e+01,3.55297088e+01,4.74034055e+01
2.00000000e+01,2.31929043e+01,2.90561238e+01,3.71478392e+01
2.00000000e+01,2.61557564e+01,3.55216370e+01,4.73753145e+01
2.00000000e+01,2.61557522e+01,3.55334975e+01,4.74164398e+01
2.00000000e+01,2.31929054e+01,2.90508040e+01,3.71290028e+01
2.00000000e+01,2.31929033e+01,2.90585399e+01,3.71562921e+01
2.00000000e+01,2.61557538e+01,3.55254341e+01,4.73885811e+01
2.00000000e+01,2.31929041e+01,2.90533464e+01,3.71380364e+01
2.00000000e+01,2.00244382e+01,2.01220270e+01,2.03497955e+01
2.00000000e+01,2.00409351e+01,2.01936358e+01,2.05324843e+01
2.00000000e+01,2.00244383e+01,2.01221003e+01,2.03501838e+01
2.00000000e+01,2.00244383e+01,2.01220125e+01,2.03497186e+01
2.00000000e+01,2.00290345e+01,2.01427041e+01,2.04042584e+01
2.00000000e+01,2.00409351e+01,2.01936331e+01,2.05324901e+01
2.00000000e+01,2.00409351e+01,2.01936376e+01,2.05324902e+01
2.00000000e+01,2.00244382e+01,2.01220808e+01,2.03500802e+01
2.00000000e+01,2.00290344e+01,2.01427616e+01,2.04045619e+01
2.00000000e+01,2.00290344e+01,2.01426928e+01,2.04041996e+01
2.00000000e+01,2.00409351e+01,2.01936333e+01,2.05324860e+01
2.00000000e+01,2.00290344e+01,2.01427457e+01,2.04044782e+01
2.00000000e+01,2.01009445e+01,2.04351941e+01,2.11115905e+01
2.00000000e+01,2.00630135e+01,2.02849332e+01,2.07559061e+01
2.00000000e+01,2.01009445e+01,2.04350778e+01,2.11110963e+01
2.00000000e+01,2.01009445e+01,2.04352148e+01,2.11116789e+01
2.00000000e+01,2.00630134e+01,2.02848630e+01,2.07555987e+01
2.00000000e+01,2.00630134e+01,2.02849473e+01,2.07559688e+01
2.00000000e+01,2.01009444e+01,2.04351112e+01,2.11112384e+01
2.00000000e+01,2.00630134e+01,2.02848825e+01,2.07556839e+01
2.00000000e+01,2.02682535e+01,2.10465073e+01,2.24732901e+01
2.00000000e+01,2.01639733e+01,2.06733909e+01,2.16553930e+01
2.00000000e+01,2.02682534e+01,2.10463255e+01,2.24726418e+01
2.00000000e+01,2.02682534e+01,2.10465383e+01,2.24733998e+01
2.00000000e+01,2.01639733e+01,2.06732417e+01,2.16548022e+01
2.00000000e+01,2.01639732e+01,2.06734168e+01,2.16554959e+01
2.00000000e+01,2.02682533e+01,2.10463791e+01,2.24728327e+01
2.00000000e+01,2.01639732e+01,2.06732853e+01,2.16549745e+01
2.00000000e+01,2.07207025e+01,2.25145433e+01,2.54732734e+01
2.00000000e+01,2.04392289e+01,2.16240360e+01,2.36866802e+01
2.00000000e+01,2.07207023e+01,2.25141382e+01,2.54720533e+01
2.00000000e+01,2.07207023e+01,2.25146111e+01,2.54734707e+01
2.00000000e+01,2.04392288e+01,2.16237989e+01,2.36859338e+01
2.00000000e+01,2.04392288e+01,2.16240746e+01,2.36867987e+01
2.00000000e+01,2.07207023e+01,2.25142569e+01,2.54724151e+01
2.00000000e+01,2.04392287e+01,2.16238694e+01,2.36861574e+01
2.00000000e+01,2.19392198e+01,2.59422916e+01,3.18313871e+01
2.00000000e+01,2.11813620e+01,2.38749755e+01,2.80757310e+01
2.00000000e+01,2.19392196e+01,2.59395652e+01,3.18220821e+01
2.00000000e+01,2.19392195e+01,2.59427365e+01,3.18328761e+01
2.00000000e+01,2.11813620e+01,2.38740865e+01,2.80728854e+01
2.00000000e+01,2.11813619e+01,2.38751082e+01,2.80761348e+01
2.00000000e+01,2.19392196e+01,2.59403497e+01,3.18247832e+01
2.00000000e+01,2.11813619e+01,2.38743495e+01,2.80737406e+01
2.00000000e+01,2.61557540e+01,3.55533433e+01,4.74835240e+01
2.00000000e+01,2.31929040e+01,2.90701872e+01,3.71963161e+01
2.00000000e+01,2.61557539e+01,3.55400699e+01,4.74388825e+01
2.00000000e+01,2.61557536e+01,3.55560984e+01,4.74926844e+01
2.00000000e+01,2.31929040e+01,2.90625791e+01,3.71703178e+01
2.00000000e+01,2.31929039e+01,2.90716841e+01,3.72013645e+01
2.00000000e+01,2.61557532e+01,3.55435446e+01,4.74506475e+01
2.00000000e+01,2.31929037e+01,2.90646594e+01,3.71774755e+01
2.00000000e+01,2.00244382e+01,2.01218324e+01,2.03487762e+01
2.00000000e+01,2.00409351e+01,2.01936780e+01,2.05326682e+01
2.00000000e+01,2.00244382e+01,2.01219388e+01,2.03493311e+01
2.00000000e+01,2.00244383e+01,2.01218365e+01,2.03487975e+01
2.00000000e+01,2.00290345e+01,2.01425739e+01,2.04035862e+01
2.00000000e+01,2.00409351e+01,2.01936495e+01,2.05325365e+01
2.00000000e+01,2.00409351e+01,2.01936768e+01,2.05326624e+01
2.00000000e+01,2.00244383e+01,2.01219320e+01,2.03492955e+01
2.00000000e+01,2.00290345e+01,2.01426396e+01,2.04039228e+01
2.00000000e+01,2.00290345e+01,2.01425767e+01,2.04036008e+01
2.00000000e+01,2.00409351e+01,2.01936516e+01,2.05325460e+01
2.00000000e+01,2.00290345e+01,2.01426346e+01,2.04038973e+01
2.00000000e+01,2.01009446e+01,2.04353991e+01,2.11124716e+01
2.00000000e+01,2.00630135e+01,2.02850884e+01,2.07566065e+01
2.00000000e+01,2.01009445e+01,2.04353054e+01,2.11120669e+01
2.00000000e+01,2.01009445e+01,2.04353958e+01,2.11124570e+01
2.00000000e+01,2.00630135e+01,2.02850107e+01,2.07562522e+01
2.00000000e+01,2.00630135e+01,2.02850863e+01,2.07565970e+01
2.00000000e+01,2.01009445e+01,2.04353132e+01,2.11121009e+01
2.00000000e+01,2.00630135e+01,2.02850169e+01,2.07562807e+01
2.00000000e+01,2.02682536e+01,2.10468060e+01,2.24743469e+01
2.00000000e+01,2.01639734e+01,2.06736445e+01,2.16564082e+01
2.00000000e+01,2.02682536e+01,2.10466696e+01,2.24738660e+01
2.00000000e+01,2.02682535e+01,2.10468018e+01,2.24743320e+01
2.00000000e+01,2.01639733e+01,2.06735283e+01,2.16559399e+01
2.00000000e+01,2.01639733e+01,2.06736409e+01,2.16563936e+01
2.00000000e+01,2.02682535e+01,2.10466802e+01,2.24739036e+01
2.00000000e+01,2.01639733e+01,2.06735377e+01,2.16559776e+01
2.00000000e+01,2.07207025e+01,2.25152026e+01,2.54751159e+01
2.00000000e+01,2.04392290e+01,2.16243750e+01,2.36876821e+01
2.00000000e+01,2.07207024e+01,2.25149005e+01,2.54742936e+01
2.00000000e+01,2.07207024e+01,2.25151961e+01,2.54751017e+01
2.00000000e+01,2.04392290e+01,2.16242362e+01,2.36872884e+01
2.00000000e+01,2.04392289e+01,2.16243704e+01,2.36876690e+01
2.00000000e+01,2.07207024e+01,2.25149213e+01,2.54743494e+01
2.00000000e+01,2.04392289e+01,2.16242484e+01,2.36873240e+01
2.00000000e+01,2.19392193e+01,2.59462078e+01,3.18439397e+01
2.00000000e+01,2.11813621e+01,2.38761749e+01,2.80791128e+01
2.00000000e+01,2.19392194e+01,2.59446315e+01,3.18391017e+01
2.00000000e+01,2.19392194e+01,2.59461713e+01,3.18438347e+01
2.00000000e+01,2.11813621e+01,2.38756896e+01,2.80778582e+01
2.00000000e+01,2.11813620e+01,2.38761460e+01,2.80790293e+01
2.00000000e+01,2.19392195e+01,2.59447520e+01,3.18394823e+01
2.00000000e+01,2.11813620e+01,2.38757245e+01,2.80779483e+01
2.00000000e+01,2.61557539e+01,3.55923336e+01,4.76107025e+01
2.00000000e+01,2.31929041e+01,2.90878369e+01,3.72545048e+01
2.00000000e+01,2.61557540e+01,3.55703913e+01,4.75397672e+01
2.00000000e+01,2.61557543e+01,3.55914723e+01,4.76079168e+01
2.00000000e+01,2.31929041e+01,2.90788333e+01,3.72252134e+01
2.00000000e+01,2.31929041e+01,2.90874431e+01,3.72532419e+01
2.00000000e+01,2.61557540e+01,3.55717775e+01,4.75442931e+01
2.00000000e+01,2.31929040e+01,2.90795018e+01,3.72274185e+01
2.00000000e+01,2.00244383e+01,2.01215398e+01,2.03472589e+01
2.00000000e+01,2.00409352e+01,2.01937609e+01,2.05330891e+01
2.00000000e+01,2.00244383e+01,2.01217079e+01,2.03481301e+01
2.00000000e+01,2.00244383e+01,2.01215403e+01,2.03472610e+01
2.00000000e+01,2.00290345e+01,2.01425304e+01,2.04033927e+01
2.00000000e+01,2.00409352e+01,2.01937428e+01,2.05329885e+01
2.00000000e+01,2.00409351e+01,2.01937621e+01,2.05330948e+01
2.00000000e+01,2.00244383e+01,2.01217105e+01,2.03481440e+01
2.00000000e+01,2.00290345e+01,2.01425188e+01,2.04033127e+01
2.00000000e+01,2.00290345e+01,2.01425297e+01,2.04033894e+01
2.00000000e+01,2.00409351e+01,2.01937425e+01,2.05329871e+01
2.00000000e+01,2.00290345e+01,2.01425193e+01,2.04033148e+01
2.00000000e+01,2.01009446e+01,2.04355270e+01,2.11130528e+01
2.00000000e+01,2.00630135e+01,2.02851489e+01,2.07569016e+01
2.00000000e+01,2.01009446e+01,2.04354844e+01,2.11128548e+01
2.00000000e+01,2.01009445e+01,2.04355270e+01,2.11130531e+01
2.00000000e+01,2.00630135e+01,2.02851324e+01,2.07568115e+01
2.00000000e+01,2.00630135e+01,2.02851495e+01,2.07569045e+01
2.00000000e+01,2.01009446e+01,2.04354830e+01,2.11128487e+01
2.00000000e+01,2.00630135e+01,2.02851324e+01,2.07568119e+01
2.00000000e+01,2.02682535e+01,2.10469121e+01,2.24747104e+01
2.00000000e+01,2.01639733e+01,2.06737467e+01,2.16568286e+01
2.00000000e+01,2.02682535e+01,2.10468758e+01,2.24745950e+01
2.00000000e+01,2.02682536e+01,2.10469127e+01,2.24747125e+01
2.00000000e+01,2.01639733e+01,2.06737213e+01,2.16567186e+01
2.00000000e+01,2.01639734e+01,2.06737470e+01,2.16568304e+01
2.00000000e+01,2.02682536e+01,2.10468751e+01,2.24745925e+01
2.00000000e+01,2.01639734e+01,2.06737206e+01,2.16567160e+01
2.00000000e+01,2.07207026e+01,2.25152511e+01,2.54748432e+01
2.00000000e+01,2.04392290e+01,2.16245090e+01,2.36880488e+01
2.00000000e+01,2.07207026e+01,2.25151677e+01,2.54747704e+01
2.00000000e+01,2.07207024e+01,2.25152533e+01,2.54748515e+01
2.00000000e+01,2.04392290e+01,2.16244799e+01,2.36879756e+01
2.00000000e+01,2.04392290e+01,2.16245082e+01,2.36880453e+01
2.00000000e+01,2.07207024e+01,2.25151699e+01,2.54747826e+01
2.00000000e+01,2.04392290e+01,2.16244780e+01,2.36879699e+01
2.00000000e+01,2.19392192e+01,2.59481671e+01,3.18488223e+01
2.00000000e+01,2.11813621e+01,2.38768722e+01,2.80808416e+01
2.00000000e+01,2.19392193e+01,2.59461154e+01,3.18428843e+01
2.00000000e+01,2.19392192e+01,2.59481315e+01,3.18486957e+01
2.00000000e+01,2.11813621e+01,2.38767351e+01,2.80806437e+01
2.00000000e+01,2.11813621e+01,2.38768623e+01,2.80808056e+01
2.00000000e+01,2.19392194e+01,2.59460872e+01,3.18428005e+01
2.00000000e+01,2.11813620e+01,2.38767164e+01,2.80805846e+01
2.00000000e+01,2.61557537e+01,3.56575241e+01,4.78139053e+01
2.00000000e+01,2.31929043e+01,2.90941931e+01,3.72718674e+01
2.00000000e+01,2.61557537e+01,3.56208837e+01,4.77009647e+01
2.00000000e+01,2.61557549e+01,3.56574903e+01,4.78138177e+01
2.00000000e+01,2.31929041e+01,2.90954530e+01,3.72781249e+01
2.00000000e+01,2.31929038e+01,2.90942776e+01,3.72721499e+01
2.00000000e+01,2.61557544e+01,3.56202982e+01,4.76991359e+01
2.00000000e+01,2.31929040e+01,2.90953932e+01,3.72779673e+01
2.00000000e+01,2.00244383e+01,2.01221809e+01,2.03506163e+01
2.00000000e+01,2.00409352e+01,2.01936368e+01,2.05325370e+01
2.00000000e+01,2.00244384e+01,2.01222278e+01,2.03508712e+01
2.00000000e+01,2.00244383e+01,2.01221789e+01,2.03506056e+01
2.00000000e+01,2.00290346e+01,2.01428284e+01,2.04049196e+01
2.00000000e+01,2.00409353e+01,2.01936421e+01,2.05325840e+01
2.00000000e+01,2.00409352e+01,2.01936366e+01,2.05325357e+01
2.00000000e+01,2.00244384e+01,2.01222243e+01,2.03508520e+01
2.00000000e+01,2.00290346e+01,2.01428684e+01,2.04051368e+01
2.00000000e+01,2.00290346e+01,2.01428266e+01,2.04049100e+01
2.00000000e+01,2.00409353e+01,2.01936415e+01,2.05325802e+01
2.00000000e+01,2.00290346e+01,2.01428652e+01,2.04051199e+01
2.00000000e+01,2.01009446e+01,2.04349223e+01,2.11104428e+01
2.00000000e+01,2.00630136e+01,2.02847816e+01,2.07552497e+01
2.00000000e+01,2.01009445e+01,2.04348178e+01,2.11100080e+01
2.00000000e+01,2.01009445e+01,2.04349270e+01,2.11104619e+01
2.00000000e+01,2.00630136e+01,2.02847328e+01,2.07550466e+01
2.00000000e+01,2.00630136e+01,2.02847838e+01,2.07552597e+01
2.00000000e+01,2.01009446e+01,2.04348262e+01,2.11100434e+01
2.00000000e+01,2.00630136e+01,2.02847366e+01,2.07550628e+01
2.00000000e+01,2.02682534e+01,2.10460581e+01,2.24716836e+01
2.00000000e+01,2.01639733e+01,2.06730303e+01,2.16539697e+01
2.00000000e+01,2.02682533e+01,2.10458606e+01,2.24709721e+01
2.00000000e+01,2.02682533e+01,2.10460660e+01,2.24717119e+01
2.00000000e+01,2.01639732e+01,2.06728797e+01,2.16533788e+01
2.00000000e+01,2.01639732e+01,2.06730366e+01,2.16539941e+01
2.00000000e+01,2.02682534e+01,2.10458768e+01,2.24710313e+01
2.00000000e+01,2.01639733e+01,2.06728920e+01,2.16534276e+01
2.00000000e+01,2.07207023e+01,2.25135294e+01,2.54701208e+01
2.00000000e+01,2.04392287e+01,2.16234370e+01,2.36847603e+01
2.00000000e+01,2.07207023e+01,2.25130673e+01,2.54685937e+01
2.00000000e+01,2.07207021e+01,2.25135465e+01,2.54701749e+01
2.00000000e+01,2.04392285e+01,2.16231641e+01,2.36838522e+01
2.00000000e+01,2.04392286e+01,2.16234476e+01,2.36847941e+01
2.00000000e+01,2.07207022e+01,2.25131047e+01,2.54687198e+01
2.00000000e+01,2.04392287e+01,2.16231861e+01,2.36839277e+01
2.00000000e+01,2.19392193e+01,2.59358083e+01,3.18089088e+01
2.00000000e+01,2.11813620e+01,2.38726999e+01,2.80682187e+01
2.00000000e+01,2.19392197e+01,2.59332600e+01,3.17997821e+01
2.00000000e+01,2.19392196e+01,2.59359083e+01,3.18092672e+01
2.00000000e+01,2.11813620e+01,2.38716549e+01,2.80645798e+01
2.00000000e+01,2.11813618e+01,2.38727382e+01,2.80683472e+01
2.00000000e+01,2.19392196e+01,2.59334602e+01,3.18005071e+01
2.00000000e+01,2.11813619e+01,2.38717395e+01,2.80648767e+01
2.00000000e+01,2.61557542e+01,3.55262066e+01,4.73912724e+01
2.00000000e+01,2.31929039e+01,2.90538445e+01,3.71398027e+01
2.00000000e+01,2.61557547e+01,3.55184765e+01,4.73641971e+01
2.00000000e+01,2.61557534e+01,3.55265503e+01,4.73924666e+01
2.00000000e+01,2.31929036e+01,2.90486525e+01,3.71212929e+01
2.00000000e+01,2.31929036e+01,2.90540761e+01,3.71406180e+01
2.00000000e+01,2.61557546e+01,3.55190552e+01,4.73662396e+01
2.00000000e+01,2.31929043e+01,2.90490535e+01,3.71227325e+01
2.00000000e+01,2.00244383e+01,2.01220480e+01,2.03499059e+01
2.00000000e+01,2.00409352e+01,2.01936341e+01,2.05324807e+01
2.00000000e+01,2.00244383e+01,2.01221217e+01,2.03502980e+01
2.00000000e+01,2.00244382e+01,2.01220525e+01,2.03499294e+01
2.00000000e+01,2.00290345e+01,2.01427203e+01,2.04043432e+01
2.00000000e+01,2.00409352e+01,2.01936335e+01,2.05324982e+01
2.00000000e+01,2.00409351e+01,2.01936341e+01,2.05324817e+01
2.00000000e+01,2.00244383e+01,2.01221223e+01,2.03503012e+01
2.00000000e+01,2.00290345e+01,2.01427791e+01,2.04046547e+01
2.00000000e+01,2.00290345e+01,2.01427235e+01,2.04043607e+01
2.00000000e+01,2.00409352e+01,2.01936335e+01,2.05324991e+01
2.00000000e+01,2.00290345e+01,2.01427794e+01,2.04046565e+01
2.00000000e+01,2.01009446e+01,2.04351631e+01,2.11114584e+01
2.00000000e+01,2.00630136e+01,2.02849135e+01,2.07558188e+01
2.00000000e+01,2.01009446e+01,2.04350394e+01,2.11109340e+01
2.00000000e+01,2.01009446e+01,2.04351568e+01,2.11114310e+01
2.00000000e+01,2.00630136e+01,2.02848419e+01,2.07555063e+01
2.00000000e+01,2.00630135e+01,2.02849100e+01,2.07558035e+01
2.00000000e+01,2.01009446e+01,2.04350388e+01,2.11109317e+01
2.00000000e+01,2.00630135e+01,2.02848416e+01,2.07555058e+01
2.00000000e+01,2.02682536e+01,2.10464601e+01,2.24731226e+01
2.00000000e+01,2.01639734e+01,2.06733517e+01,2.16552379e+01
2.00000000e+01,2.02682534e+01,2.10462621e+01,2.24724154e+01
2.00000000e+01,2.02682534e+01,2.10464503e+01,2.24730868e+01
2.00000000e+01,2.01639733e+01,2.06731907e+01,2.16546012e+01
2.00000000e+01,2.01639733e+01,2.06733436e+01,2.16552055e+01
2.00000000e+01,2.02682534e+01,2.10462607e+01,2.24724102e+01
2.00000000e+01,2.01639733e+01,2.06731898e+01,2.16545975e+01
2.00000000e+01,2.07207026e+01,2.25144392e+01,2.54729660e+01
2.00000000e+01,2.04392290e+01,2.16239752e+01,2.36864914e+01
2.00000000e+01,2.07207025e+01,2.25139958e+01,2.54716109e+01
2.00000000e+01,2.07207022e+01,2.25144162e+01,2.54728957e+01
2.00000000e+01,2.04392288e+01,2.16237142e+01,2.36856628e+01
2.00000000e+01,2.04392289e+01,2.16239614e+01,2.36864473e+01
2.00000000e+01,2.07207023e+01,2.25139910e+01,2.54715942e+01
2.00000000e+01,2.04392288e+01,2.16237119e+01,2.36856550e+01
2.00000000e+01,2.19392196e+01,2.59415895e+01,3.18290163e+01
2.00000000e+01,2.11813620e+01,2.38747544e+01,2.80750398e+01
2.00000000e+01,2.19392194e+01,2.59386449e+01,3.18188899e+01
2.00000000e+01,2.19392194e+01,2.59414244e+01,3.18284557e+01
2.00000000e+01,2.11813620e+01,2.38737650e+01,2.80718233e+01
2.00000000e+01,2.11813618e+01,2.38746964e+01,2.80748511e+01
2.00000000e+01,2.19392195e+01,2.59386168e+01,3.18187932e+01
2.00000000e+01,2.11813619e+01,2.38737529e+01,2.80717815e+01
2.00000000e+01,2.61557545e+01,3.55494701e+01,4.74705817e+01
2.00000000e+01,2.31929041e+01,2.90680362e+01,3.71890210e+01
2.00000000e+01,2.61557543e+01,3.55363105e+01,4.74260821e+01
2.00000000e+01,2.61557535e+01,3.55486768e+01,4.74679176e+01
2.00000000e+01,2.31929039e+01,2.90602870e+01,3.71623828e+01
2.00000000e+01,2.31929039e+01,2.90675945e+01,3.71875153e+01
2.00000000e+01,2.61557537e+01,3.55362184e+01,4.74257672e+01
2.00000000e+01,2.31929038e+01,2.90602413e+01,3.71622228e+01
2.00000000e+01,2.00244383e+01,2.01218474e+01,2.03488542e+01
2.00000000e+01,2.00409352e+01,2.01936714e+01,2.05326364e+01
2.00000000e+01,2.00244383e+01,2.01219578e+01,2.03494303e+01
2.00000000e+01,2.00244382e+01,2.01218645e+01,2.03489428e+01
2.00000000e+01,2.00290345e+01,2.01425826e+01,2.04036304e+01
2.00000000e+01,2.00409352e+01,2.01936456e+01,2.05325193e+01
2.00000000e+01,2.00409351e+01,2.01936651e+01,2.05326063e+01
2.00000000e+01,2.00244382e+01,2.01219678e+01,2.03494826e+01
2.00000000e+01,2.00290345e+01,2.01426529e+01,2.04039913e+01
2.00000000e+01,2.00290345e+01,2.01425934e+01,2.04036855e+01
2.00000000e+01,2.00409351e+01,2.01936442e+01,2.05325143e+01
2.00000000e+01,2.00290345e+01,2.01426597e+01,2.04040268e+01
2.00000000e+01,2.01009447e+01,2.04353871e+01,2.11124194e+01
2.00000000e+01,2.00630136e+01,2.02850795e+01,2.07565655e+01
2.00000000e+01,2.01009447e+01,2.04352840e+01,2.11119755e+01
2.00000000e+01,2.01009446e+01,2.04353728e+01,2.11123570e+01
2.00000000e+01,2.00630136e+01,2.02849949e+01,2.07561808e+01
2.00000000e+01,2.00630135e+01,2.02850691e+01,2.07565180e+01
2.00000000e+01,2.01009446e+01,2.04352731e+01,2.11119287e+01
2.00000000e+01,2.00630135e+01,2.02849871e+01,2.07561462e+01
2.00000000e+01,2.02682537e+01,2.10467910e+01,2.24742948e+01
2.00000000e+01,2.01639735e+01,2.06736307e+01,2.16563531e+01
2.00000000e+01,2.02682536e+01,2.10466387e+01,2.24737576e+01
2.00000000e+01,2.02682536e+01,2.10467727e+01,2.24742295e+01
2.00000000e+01,2.01639735e+01,2.06735019e+01,2.16558354e+01
2.00000000e+01,2.01639734e+01,2.06736143e+01,2.16562868e+01
2.00000000e+01,2.02682536e+01,2.10466223e+01,2.24736988e+01
2.00000000e+01,2.01639734e+01,2.06734883e+01,2.16557805e+01
2.00000000e+01,2.07207028e+01,2.25151804e+01,2.54750693e+01
2.00000000e+01,2.04392292e+01,2.16243584e+01,2.36876368e+01
2.00000000e+01,2.07207027e+01,2.25148337e+01,2.54741083e+01
2.00000000e+01,2.07207024e+01,2.25151493e+01,2.54749951e+01
2.00000000e+01,2.04392291e+01,2.16242001e+01,2.36871820e+01
2.00000000e+01,2.04392290e+01,2.16243382e+01,2.36875796e+01
2.00000000e+01,2.07207025e+01,2.25147947e+01,2.54739947e+01
2.00000000e+01,2.04392290e+01,2.16241804e+01,2.36871222e+01
2.00000000e+01,2.19392196e+01,2.59461230e+01,3.18437333e+01
2.00000000e+01,2.11813622e+01,2.38761089e+01,2.80789433e+01
2.00000000e+01,2.19392195e+01,2.59442215e+01,3.18377791e+01
2.00000000e+01,2.19392194e+01,2.59459727e+01,3.18433110e+01
2.00000000e+01,2.11813622e+01,2.38755654e+01,2.80775049e+01
2.00000000e+01,2.11813619e+01,2.38760185e+01,2.80786965e+01
2.00000000e+01,2.19392195e+01,2.59439722e+01,3.18369644e+01
2.00000000e+01,2.11813619e+01,2.38754883e+01,2.80772750e+01
2.00000000e+01,2.61557549e+01,3.55890632e+01,4.76002240e+01
2.00000000e+01,2.31929043e+01,2.90866280e+01,3.72506363e+01
2.00000000e+01,2.61557548e+01,3.55666312e+01,4.75274560e+01
2.00000000e+01,2.61557540e+01,3.55854350e+01,4.75885313e+01
2.00000000e+01,2.31929042e+01,2.90770361e+01,3.72192658e+01
2.00000000e+01,2.31929041e+01,2.90851395e+01,3.72458416e+01
2.00000000e+01,2.61557540e+01,3.55647014e+01,4.75211173e+01
2.00000000e+01,2.31929040e+01,2.90761112e+01,3.72161936e+01
2.00000000e+01,2.00244383e+01,2.01215404e+01,2.03472617e+01
2.00000000e+01,2.00409352e+01,2.01937620e+01,2.05330945e+01
2.00000000e+01,2.00244383e+01,2.01217173e+01,2.03481786e+01
2.00000000e+01,2.00244382e+01,2.01215413e+01,2.03472659e+01
2.00000000e+01,2.00290345e+01,2.01425297e+01,2.04033887e+01
2.00000000e+01,2.00409352e+01,2.01937386e+01,2.05329674e+01
2.00000000e+01,2.00409352e+01,2.01937641e+01,2.05331050e+01
2.00000000e+01,2.00244382e+01,2.01217281e+01,2.03482346e+01
2.00000000e+01,2.00290345e+01,2.01425212e+01,2.04033238e+01
2.00000000e+01,2.00290345e+01,2.01425283e+01,2.04033821e+01
2.00000000e+01,2.00409352e+01,2.01937347e+01,2.05329478e+01
2.00000000e+01,2.00290345e+01,2.01425240e+01,2.04033370e+01
2.00000000e+01,2.01009447e+01,2.04355273e+01,2.11130547e+01
2.00000000e+01,2.00630136e+01,2.02851485e+01,2.07568998e+01
2.00000000e+01,2.01009447e+01,2.04354800e+01,2.11128348e+01
2.00000000e+01,2.01009446e+01,2.04355277e+01,2.11130570e+01
2.00000000e+01,2.00630136e+01,2.02851301e+01,2.07568004e+01
2.00000000e+01,2.00630136e+01,2.02851488e+01,2.07569011e+01
2.00000000e+01,2.01009446e+01,2.04354746e+01,2.11128105e+01
2.00000000e+01,2.00630136e+01,2.02851279e+01,2.07567903e+01
2.00000000e+01,2.02682538e+01,2.10469107e+01,2.24747064e+01
2.00000000e+01,2.01639736e+01,2.06737465e+01,2.16568285e+01
2.00000000e+01,2.02682538e+01,2.10468723e+01,2.24745835e+01
2.00000000e+01,2.02682537e+01,2.10469100e+01,2.24747044e+01
2.00000000e+01,2.01639735e+01,2.06737172e+01,2.16567029e+01
2.00000000e+01,2.01639735e+01,2.06737470e+01,2.16568302e+01
2.00000000e+01,2.02682537e+01,2.10468684e+01,2.24745694e+01
2.00000000e+01,2.01639735e+01,2.06737130e+01,2.16566852e+01
2.00000000e+01,2.07207029e+01,2.25152403e+01,2.54748076e+01
2.00000000e+01,2.04392293e+01,2.16245098e+01,2.36880528e+01
2.00000000e+01,2.07207029e+01,2.25151692e+01,2.54747909e+01
2.00000000e+01,2.07207025e+01,2.25152326e+01,2.54747800e+01
2.00000000e+01,2.04392292e+01,2.16244747e+01,2.36879628e+01
2.00000000e+01,2.04392291e+01,2.16245104e+01,2.36880533e+01
2.00000000e+01,2.07207025e+01,2.25151719e+01,2.54748156e+01
2.00000000e+01,2.04392291e+01,2.16244684e+01,2.36879449e+01
2.00000000e+01,2.19392197e+01,2.59481043e+01,3.18486118e+01
2.00000000e+01,2.11813623e+01,2.38768850e+01,2.80808870e+01
2.00000000e+01,2.19392197e+01,2.59461096e+01,3.18429249e+01
2.00000000e+01,2.19392193e+01,2.59480098e+01,3.18482895e+01
2.00000000e+01,2.11813623e+01,2.38767114e+01,2.80805887e+01
2.00000000e+01,2.11813619e+01,2.38768869e+01,2.80808887e+01
2.00000000e+01,2.19392194e+01,2.59460722e+01,3.18428615e+01
2.00000000e+01,2.11813619e+01,2.38766703e+01,2.80804725e+01
2.00000000e+01,2.61557552e+01,3.56574953e+01,4.78138258e+01
2.00000000e+01,2.31929045e+01,2.90942796e+01,3.72721433e+01
2.00000000e+01,2.61557554e+01,3.56187297e+01,4.76942334e+01
2.00000000e+01,2.61557541e+01,3.56574483e+01,4.78136984e+01
2.00000000e+01,2.31929044e+01,2.90951130e+01,3.72771293e+01
2.00000000e+01,2.31929039e+01,2.90944382e+01,3.72726583e+01
2.00000000e+01,2.61557542e+01,3.56162797e+01,4.76865580e+01
2.00000000e+01,2.31929041e+01,2.90947208e+01,3.72759780e+01
2.00000000e+01,2.00244383e+01,2.01221602e+01,2.03505044e+01
2.00000000e+01,2.00409353e+01,2.01936354e+01,2.05325209e+01
2.00000000e+01,2.00244383e+01,2.01222086e+01,2.03507660e+01
2.00000000e+01,2.00244383e+01,2.01221790e+01,2.03506055e+01
2.00000000e+01,2.00290346e+01,2.01428110e+01,2.04048254e+01
2.00000000e+01,2.00409353e+01,2.01936399e+01,2.05325634e+01
2.00000000e+01,2.00409353e+01,2.01936369e+01,2.05325357e+01
2.00000000e+01,2.00244384e+01,2.01222243e+01,2.03508520e+01
2.00000000e+01,2.00290348e+01,2.01428518e+01,2.04050464e+01
2.00000000e+01,2.00290346e+01,2.01428266e+01,2.04049100e+01
2.00000000e+01,2.00409353e+01,2.01936417e+01,2.05325803e+01
2.00000000e+01,2.00290346e+01,2.01428653e+01,2.04051199e+01
2.00000000e+01,2.01009446e+01,2.04349655e+01,2.11106229e+01
2.00000000e+01,2.00630136e+01,2.02848032e+01,2.07553404e+01
2.00000000e+01,2.01009445e+01,2.04348624e+01,2.11101928e+01
2.00000000e+01,2.01009445e+01,2.04349270e+01,2.11104619e+01
2.00000000e+01,2.00630138e+01,2.02847533e+01,2.07551310e+01
2.00000000e+01,2.00630135e+01,2.02847840e+01,2.07552598e+01
2.00000000e+01,2.01009446e+01,2.04348263e+01,2.11100434e+01
2.00000000e+01,2.00630136e+01,2.02847368e+01,2.07550628e+01
2.00000000e+01,2.02682535e+01,2.10461351e+01,2.24719599e+01
2.00000000e+01,2.01639734e+01,2.06730904e+01,2.16542053e+01
2.00000000e+01,2.02682534e+01,2.10459464e+01,2.24712818e+01
2.00000000e+01,2.02682534e+01,2.10460659e+01,2.24717117e+01
2.00000000e+01,2.01639736e+01,2.06729445e+01,2.16536334e+01
2.00000000e+01,2.01639732e+01,2.06730365e+01,2.16539941e+01
2.00000000e+01,2.02682534e+01,2.10458767e+01,2.24710312e+01
2.00000000e+01,2.01639733e+01,2.06728920e+01,2.16534276e+01
2.00000000e+01,2.07207027e+01,2.25137060e+01,2.54706921e+01
2.00000000e+01,2.04392290e+01,2.16235419e+01,2.36851048e+01
2.00000000e+01,2.07207026e+01,2.25132687e+01,2.54692658e+01
2.00000000e+01,2.07207024e+01,2.25135458e+01,2.54701748e+01
2.00000000e+01,2.04392292e+01,2.16232821e+01,2.36842509e+01
2.00000000e+01,2.04392287e+01,2.16234475e+01,2.36847939e+01
2.00000000e+01,2.07207024e+01,2.25131045e+01,2.54687196e+01
2.00000000e+01,2.04392288e+01,2.16231860e+01,2.36839276e+01
2.00000000e+01,2.19392199e+01,2.59368521e+01,3.18126049e+01
2.00000000e+01,2.11813622e+01,2.38731032e+01,2.80695976e+01
2.00000000e+01,2.19392198e+01,2.59343406e+01,3.18036698e+01
2.00000000e+01,2.19392194e+01,2.59359083e+01,3.18092670e+01
2.00000000e+01,2.11813620e+01,2.38721078e+01,2.80661673e+01
2.00000000e+01,2.11813621e+01,2.38727378e+01,2.80683470e+01
2.00000000e+01,2.19392196e+01,2.59334603e+01,3.18005068e+01
2.00000000e+01,2.11813620e+01,2.38717392e+01,2.80648766e+01
2.00000000e+01,2.61557549e+01,3.55297091e+01,4.74034045e+01
2.00000000e+01,2.31929046e+01,2.90561239e+01,3.71478384e+01
2.00000000e+01,2.61557560e+01,3.55216372e+01,4.73753133e+01
2.00000000e+01,2.61557549e+01,3.55265498e+01,4.73924657e+01
2.00000000e+01,2.31929057e+01,2.90508044e+01,3.71290016e+01
2.00000000e+01,2.31929040e+01,2.90540756e+01,3.71406176e+01
2.00000000e+01,2.61557555e+01,3.55190552e+01,4.73662387e+01
2.00000000e+01,2.31929046e+01,2.90490532e+01,3.71227321e+01
2.00000000e+01,2.00244382e+01,2.01220272e+01,2.03497955e+01
2.00000000e+01,2.00409352e+01,2.01936360e+01,2.05324844e+01
2.00000000e+01,2.00244383e+01,2.01221004e+01,2.03501838e+01
2.00000000e+01,2.00244383e+01,2.01220525e+01,2.03499294e+01
2.00000000e+01,2.00290345e+01,2.01427042e+01,2.04042584e+01
2.00000000e+01,2.00409352e+01,2.01936334e+01,2.05324901e+01
2.00000000e+01,2.00409352e+01,2.01936343e+01,2.05324817e+01
2.00000000e+01,2.00244383e+01,2.01221223e+01,2.03503012e+01
2.00000000e+01,2.00290345e+01,2.01427618e+01,2.04045620e+01
2.00000000e+01,2.00290345e+01,2.01427236e+01,2.04043607e+01
2.00000000e+01,2.00409352e+01,2.01936337e+01,2.05324991e+01
2.00000000e+01,2.00290345e+01,2.01427794e+01,2.04046565e+01
2.00000000e+01,2.01009446e+01,2.04351943e+01,2.11115905e+01
2.00000000e+01,2.00630136e+01,2.02849334e+01,2.07559062e+01
2.00000000e+01,2.01009445e+01,2.04350780e+01,2.11110964e+01
2.00000000e+01,2.01009446e+01,2.04351568e+01,2.11114310e+01
2.00000000e+01,2.00630135e+01,2.02848634e+01,2.07555988e+01
2.00000000e+01,2.00630135e+01,2.02849101e+01,2.07558035e+01
2.00000000e+01,2.01009445e+01,2.04350389e+01,2.11109317e+01
2.00000000e+01,2.00630136e+01,2.02848418e+01,2.07555058e+01
2.00000000e+01,2.02682536e+01,2.10465074e+01,2.24732900e+01
2.00000000e+01,2.01639734e+01,2.06733909e+01,2.16553929e+01
2.00000000e+01,2.02682535e+01,2.10463256e+01,2.24726417e+01
2.00000000e+01,2.02682535e+01,2.10464502e+01,2.24730865e+01
2.00000000e+01,2.01639733e+01,2.06732418e+01,2.16548022e+01
2.00000000e+01,2.01639733e+01,2.06733436e+01,2.16552054e+01
2.00000000e+01,2.02682535e+01,2.10462607e+01,2.24724101e+01
2.00000000e+01,2.01639733e+01,2.06731898e+01,2.16545974e+01
2.00000000e+01,2.07207029e+01,2.25145433e+01,2.54732733e+01
2.00000000e+01,2.04392291e+01,2.16240360e+01,2.36866800e+01
2.00000000e+01,2.07207029e+01,2.25141382e+01,2.54720531e+01
2.00000000e+01,2.07207025e+01,2.25144159e+01,2.54728954e+01
2.00000000e+01,2.04392290e+01,2.16237988e+01,2.36859336e+01
2.00000000e+01,2.04392290e+01,2.16239614e+01,2.36864473e+01
2.00000000e+01,2.07207025e+01,2.25139908e+01,2.54715941e+01
2.00000000e+01,2.04392289e+01,2.16237118e+01,2.36856549e+01
2.00000000e+01,2.19392198e+01,2.59422920e+01,3.18313870e+01
2.00000000e+01,2.11813623e+01,2.38749754e+01,2.80757307e+01
2.00000000e+01,2.19392198e+01,2.59395652e+01,3.18220817e+01
2.00000000e+01,2.19392194e+01,2.59414243e+01,3.18284551e+01
2.00000000e+01,2.11813623e+01,2.38740863e+01,2.80728852e+01
2.00000000e+01,2.11813621e+01,2.38746962e+01,2.80748510e+01
2.00000000e+01,2.19392195e+01,2.59386166e+01,3.18187928e+01
2.00000000e+01,2.11813621e+01,2.38737527e+01,2.80717813e+01
2.00000000e+01,2.61557544e+01,3.55533440e+01,4.74835230e+01
2.00000000e+01,2.31929043e+01,2.90701873e+01,3.71963152e+01
2.00000000e+01,2.61557544e+01,3.55400706e+01,4.74388815e+01
2.00000000e+01,2.61557544e+01,3.55486764e+01,4.74679166e+01
2.00000000e+01,2.31929041e+01,2.90625792e+01,3.71703171e+01
2.00000000e+01,2.31929042e+01,2.90675944e+01,3.71875149e+01
2.00000000e+01,2.61557546e+01,3.55362182e+01,4.74257664e+01
2.00000000e+01,2.31929041e+01,2.90602412e+01,3.71622224e+01
2.00000000e+01,2.00244382e+01,2.01218324e+01,2.03487763e+01
2.00000000e+01,2.00409352e+01,2.01936781e+01,2.05326682e+01
2.00000000e+01,2.00244382e+01,2.01219389e+01,2.03493311e+01
2.00000000e+01,2.00244383e+01,2.01218645e+01,2.03489428e+01
2.00000000e+01,2.00290345e+01,2.01425740e+01,2.04035863e+01
2.00000000e+01,2.00409352e+01,2.01936496e+01,2.05325366e+01
2.00000000e+01,2.00409352e+01,2.01936652e+01,2.05326064e+01
2.00000000e+01,2.00244382e+01,2.01219678e+01,2.03494826e+01
2.00000000e+01,2.00290345e+01,2.01426397e+01,2.04039229e+01
2.00000000e+01,2.00290345e+01,2.01425934e+01,2.04036855e+01
2.00000000e+01,2.00409352e+01,2.01936443e+01,2.05325143e+01
2.00000000e+01,2.00290345e+01,2.01426597e+01,2.04040268e+01
2.00000000e+01,2.01009446e+01,2.04353991e+01,2.11124716e+01
2.00000000e+01,2.00630136e+01,2.02850884e+01,2.07566065e+01
2.00000000e+01,2.01009446e+01,2.04353054e+01,2.11120669e+01
2.00000000e+01,2.01009447e+01,2.04353728e+01,2.11123569e+01
2.00000000e+01,2.00630136e+01,2.02850108e+01,2.07562522e+01
2.00000000e+01,2.00630136e+01,2.02850691e+01,2.07565179e+01
2.00000000e+01,2.01009446e+01,2.04352731e+01,2.11119286e+01
2.00000000e+01,2.00630136e+01,2.02849872e+01,2.07561462e+01
2.00000000e+01,2.02682537e+01,2.10468060e+01,2.24743468e+01
2.00000000e+01,2.01639734e+01,2.06736445e+01,2.16564081e+01
2.00000000e+01,2.02682536e+01,2.10466695e+01,2.24738659e+01
2.00000000e+01,2.02682536e+01,2.10467727e+01,2.24742293e+01
2.00000000e+01,2.01639734e+01,2.06735282e+01,2.16559398e+01
2.00000000e+01,2.01639735e+01,2.06736143e+01,2.16562866e+01
2.00000000e+01,2.02682536e+01,2.10466223e+01,2.24736987e+01
2.00000000e+01,2.01639734e+01,2.06734883e+01,2.16557804e+01
2.00000000e+01,2.07207029e+01,2.25152026e+01,2.54751157e+01
2.00000000e+01,2.04392292e+01,2.16243750e+01,2.36876818e+01
2.00000000e+01,2.07207030e+01,2.25149003e+01,2.54742934e+01
2.00000000e+01,2.07207026e+01,2.25151492e+01,2.54749948e+01
2.00000000e+01,2.04392292e+01,2.16242361e+01,2.36872881e+01
2.00000000e+01,2.04392291e+01,2.16243384e+01,2.36875795e+01
2.00000000e+01,2.07207026e+01,2.25147946e+01,2.54739946e+01
2.00000000e+01,2.04392291e+01,2.16241805e+01,2.36871221e+01
2.00000000e+01,2.19392198e+01,2.59462083e+01,3.18439392e+01
2.00000000e+01,2.11813624e+01,2.38761749e+01,2.80791125e+01
2.00000000e+01,2.19392198e+01,2.59446315e+01,3.18391014e+01
2.00000000e+01,2.19392195e+01,2.59459724e+01,3.18433106e+01
2.00000000e+01,2.11813624e+01,2.38756896e+01,2.80778579e+01
2.00000000e+01,2.11813621e+01,2.38760186e+01,2.80786963e+01
2.00000000e+01,2.19392196e+01,2.59439720e+01,3.18369640e+01
2.00000000e+01,2.11813621e+01,2.38754883e+01,2.80772748e+01
2.00000000e+01,2.61557548e+01,3.55923344e+01,4.76107012e+01
2.00000000e+01,2.31929044e+01,2.90878369e+01,3.72545039e+01
2.00000000e+01,2.61557547e+01,3.55703919e+01,4.75397659e+01
2.00000000e+01,2.61557543e+01,3.55854347e+01,4.75885306e+01
2.00000000e+01,2.31929043e+01,2.90788336e+01,3.72252125e+01
2.00000000e+01,2.31929041e+01,2.90851398e+01,3.72458414e+01
2.00000000e+01,2.61557544e+01,3.55647013e+01,4.75211165e+01
2.00000000e+01,2.31929042e+01,2.90761113e+01,3.72161932e+01
2.00000000e+01,2.00244382e+01,2.01215399e+01,2.03472590e+01
2.00000000e+01,2.00409352e+01,2.01937610e+01,2.05330892e+01
2.00000000e+01,2.00244382e+01,2.01217079e+01,2.03481302e+01
2.00000000e+01,2.00244383e+01,2.01215413e+01,2.03472659e+01
2.00000000e+01,2.00290345e+01,2.01425305e+01,2.04033928e+01
2.00000000e+01,2.00409352e+01,2.01937428e+01,2.05329885e+01
2.00000000e+01,2.00409352e+01,2.01937641e+01,2.05331051e+01
2.00000000e+01,2.00244383e+01,2.01217280e+01,2.03482345e+01
2.00000000e+01,2.00290345e+01,2.01425189e+01,2.04033128e+01
2.00000000e+01,2.00290345e+01,2.01425283e+01,2.04033821e+01
2.00000000e+01,2.00409352e+01,2.01937347e+01,2.05329478e+01
2.00000000e+01,2.00290345e+01,2.01425240e+01,2.04033370e+01
2.00000000e+01,2.01009447e+01,2.04355270e+01,2.11130528e+01
2.00000000e+01,2.00630136e+01,2.02851489e+01,2.07569017e+01
2.00000000e+01,2.01009446e+01,2.04354844e+01,2.11128549e+01
2.00000000e+01,2.01009447e+01,2.04355277e+01,2.11130568e+01
2.00000000e+01,2.00630136e+01,2.02851324e+01,2.07568115e+01
2.00000000e+01,2.00630136e+01,2.02851488e+01,2.07569011e+01
2.00000000e+01,2.01009447e+01,2.04354746e+01,2.11128104e+01
2.00000000e+01,2.00630136e+01,2.02851279e+01,2.07567902e+01
2.00000000e+01,2.02682537e+01,2.10469122e+01,2.24747103e+01
2.00000000e+01,2.01639735e+01,2.06737466e+01,2.16568285e+01
2.00000000e+01,2.02682537e+01,2.10468759e+01,2.24745949e+01
2.00000000e+01,2.02682537e+01,2.10469101e+01,2.24747043e+01
2.00000000e+01,2.01639734e+01,2.06737212e+01,2.16567185e+01
2.00000000e+01,2.01639735e+01,2.06737470e+01,2.16568300e+01
2.00000000e+01,2.02682537e+01,2.10468684e+01,2.24745692e+01
2.00000000e+01,2.01639735e+01,2.06737130e+01,2.16566850e+01
2.00000000e+01,2.07207029e+01,2.25152510e+01,2.54748430e+01
2.00000000e+01,2.04392292e+01,2.16245089e+01,2.36880485e+01
2.00000000e+01,2.07207030e+01,2.25151675e+01,2.54747701e+01
2.00000000e+01,2.07207027e+01,2.25152326e+01,2.54747797e+01
2.00000000e+01,2.04392292e+01,2.16244798e+01,2.36879753e+01
2.00000000e+01,2.04392291e+01,2.16245105e+01,2.36880531e+01
2.00000000e+01,2.07207027e+01,2.25151720e+01,2.54748154e+01
2.00000000e+01,2.04392291e+01,2.16244686e+01,2.36879447e+01
2.00000000e+01,2.19392198e+01,2.59481677e+01,3.18488224e+01
2.00000000e+01,2.11813624e+01,2.38768720e+01,2.80808413e+01
2.00000000e+01,2.19392198e+01,2.59461157e+01,3.18428840e+01
2.00000000e+01,2.19392195e+01,2.59480096e+01,3.18482891e+01
2.00000000e+01,2.11813624e+01,2.38767349e+01,2.80806434e+01
2.00000000e+01,2.11813621e+01,2.38768871e+01,2.80808885e+01
2.00000000e+01,2.19392196e+01,2.59460720e+01,3.18428611e+01
2.00000000e+01,2.11813621e+01,2.38766704e+01,2.80804723e+01
2.00000000e+01,2.61557551e+01,3.56575251e+01,4.78139036e+01
2.00000000e+01,2.31929045e+01,2.90941931e+01,3.72718666e+01
2.00000000e+01,2.61557552e+01,3.56208843e+01,4.77009632e+01
2.00000000e+01,2.61557544e+01,3.56574483e+01,4.78136976e+01
2.00000000e+01,2.31929044e+01,2.90954531e+01,3.72781239e+01
2.00000000e+01,2.31929040e+01,2.90944385e+01,3.72726579e+01
2.00000000e+01,2.61557544e+01,3.56162798e+01,4.76865573e+01
2.00000000e+01,2.31929042e+01,2.90947210e+01,3.72759776e+01
2.00000000e+01,2.00244382e+01,2.01220987e+01,2.03501745e+01
2.00000000e+01,2.00409352e+01,2.01936334e+01,2.05324895e+01
2.00000000e+01,2.00244382e+01,2.01221495e+01,2.03504464e+01
2.00000000e+01,2.00244383e+01,2.01221382e+01,2.03503856e+01
2.00000000e+01,2.00290345e+01,2.01427604e+01,2.04045543e+01
2.00000000e+01,2.00409353e+01,2.01936350e+01,2.05325143e+01
2.00000000e+01,2.00409352e+01,2.01936344e+01,2.05325072e+01
2.00000000e+01,2.00244384e+01,2.01221858e+01,2.03506419e+01
2.00000000e+01,2.00290345e+01,2.01428020e+01,2.04047766e+01
2.00000000e+01,2.00290345e+01,2.01427927e+01,2.04047263e+01
2.00000000e+01,2.00409354e+01,2.01936377e+01,2.05325418e+01
2.00000000e+01,2.00290346e+01,2.01428324e+01,2.04049404e+01
2.00000000e+01,2.01009445e+01,2.04350815e+01,2.11111102e+01
2.00000000e+01,2.00630135e+01,2.02848654e+01,2.07556071e+01
2.00000000e+01,2.01009445e+01,2.04349875e+01,2.11107135e+01
2.00000000e+01,2.01009444e+01,2.04350097e+01,2.11108065e+01
2.00000000e+01,2.00630135e+01,2.02848147e+01,2.07553886e+01
2.00000000e+01,2.00630134e+01,2.02848263e+01,2.07554378e+01
2.00000000e+01,2.01009446e+01,2.04349131e+01,2.11104031e+01
2.00000000e+01,2.00630136e+01,2.02847775e+01,2.07552315e+01
2.00000000e+01,2.02682534e+01,2.10463310e+01,2.24726600e+01
2.00000000e+01,2.01639733e+01,2.06732463e+01,2.16548189e+01
2.00000000e+01,2.02682533e+01,2.10461730e+01,2.24720941e+01
2.00000000e+01,2.02682533e+01,2.10462111e+01,2.24722303e+01
2.00000000e+01,2.01639733e+01,2.06731202e+01,2.16543213e+01
2.00000000e+01,2.01639732e+01,2.06731504e+01,2.16544398e+01
2.00000000e+01,2.02682534e+01,2.10460405e+01,2.24716193e+01
2.00000000e+01,2.01639734e+01,2.06730170e+01,2.16539160e+01
2.00000000e+01,2.07207028e+01,2.25141495e+01,2.54720860e+01
2.00000000e+01,2.04392289e+01,2.16238058e+01,2.36859546e+01
2.00000000e+01,2.07207029e+01,2.25137915e+01,2.54709633e+01
2.00000000e+01,2.07207030e+01,2.25138775e+01,2.54712363e+01
2.00000000e+01,2.04392290e+01,2.16235932e+01,2.36852701e+01
2.00000000e+01,2.04392289e+01,2.16236447e+01,2.36854362e+01
2.00000000e+01,2.07207029e+01,2.25134866e+01,2.54699809e+01
2.00000000e+01,2.04392290e+01,2.16234123e+01,2.36846787e+01
2.00000000e+01,2.19392198e+01,2.59396413e+01,3.18223422e+01
2.00000000e+01,2.11813623e+01,2.38741107e+01,2.80729636e+01
2.00000000e+01,2.19392199e+01,2.59373687e+01,3.18144208e+01
2.00000000e+01,2.19392201e+01,2.59379016e+01,3.18162934e+01
2.00000000e+01,2.11813625e+01,2.38732956e+01,2.80702473e+01
2.00000000e+01,2.11813625e+01,2.38734924e+01,2.80709111e+01
2.00000000e+01,2.19392201e+01,2.59355625e+01,3.18080368e+01
2.00000000e+01,2.11813624e+01,2.38726010e+01,2.80678768e+01
2.00000000e+01,2.61557539e+01,3.55403850e+01,4.74399445e+01
2.00000000e+01,2.31929037e+01,2.90627740e+01,3.71709866e+01
2.00000000e+01,2.61557538e+01,3.55315677e+01,4.74097975e+01
2.00000000e+01,2.61557537e+01,3.55334985e+01,4.74164383e+01
2.00000000e+01,2.31929037e+01,2.90573144e+01,3.71520036e+01
2.00000000e+01,2.31929036e+01,2.90585401e+01,3.71562915e+01
2.00000000e+01,2.61557547e+01,3.55254351e+01,4.73885796e+01
2.00000000e+01,2.31929044e+01,2.90533467e+01,3.71380355e+01
2.00000000e+01,2.00244382e+01,2.01219685e+01,2.03494864e+01
2.00000000e+01,2.00409352e+01,2.01936439e+01,2.05325123e+01
2.00000000e+01,2.00244382e+01,2.01220387e+01,2.03498561e+01
2.00000000e+01,2.00244383e+01,2.01220127e+01,2.03497186e+01
2.00000000e+01,2.00290345e+01,2.01426604e+01,2.04040300e+01
2.00000000e+01,2.00409352e+01,2.01936356e+01,2.05324848e+01
2.00000000e+01,2.00409352e+01,2.01936379e+01,2.05324903e+01
2.00000000e+01,2.00244382e+01,2.01220810e+01,2.03500802e+01
2.00000000e+01,2.00290345e+01,2.01427129e+01,2.04043038e+01
2.00000000e+01,2.00290345e+01,2.01426930e+01,2.04041997e+01
2.00000000e+01,2.00409352e+01,2.01936337e+01,2.05324861e+01
2.00000000e+01,2.00290345e+01,2.01427460e+01,2.04044783e+01
2.00000000e+01,2.01009446e+01,2.04352719e+01,2.11119227e+01
2.00000000e+01,2.00630135e+01,2.02849863e+01,2.07561419e+01
2.00000000e+01,2.01009445e+01,2.04351777e+01,2.11115191e+01
2.00000000e+01,2.01009445e+01,2.04352151e+01,2.11116789e+01
2.00000000e+01,2.00630135e+01,2.02849231e+01,2.07558601e+01
2.00000000e+01,2.00630135e+01,2.02849476e+01,2.07559689e+01
2.00000000e+01,2.01009445e+01,2.04351117e+01,2.11112385e+01
2.00000000e+01,2.00630135e+01,2.02848830e+01,2.07556840e+01
2.00000000e+01,2.02682536e+01,2.10466216e+01,2.24736955e+01
2.00000000e+01,2.01639733e+01,2.06734873e+01,2.16557759e+01
2.00000000e+01,2.02682535e+01,2.10464823e+01,2.24732000e+01
2.00000000e+01,2.02682535e+01,2.10465384e+01,2.24733997e+01
2.00000000e+01,2.01639733e+01,2.06733702e+01,2.16553098e+01
2.00000000e+01,2.01639733e+01,2.06734169e+01,2.16554959e+01
2.00000000e+01,2.02682535e+01,2.10463793e+01,2.24728327e+01
2.00000000e+01,2.01639733e+01,2.06732856e+01,2.16549746e+01
2.00000000e+01,2.07207026e+01,2.25147950e+01,2.54739972e+01
2.00000000e+01,2.04392291e+01,2.16241790e+01,2.36871166e+01
2.00000000e+01,2.07207027e+01,2.25144877e+01,2.54731086e+01
2.00000000e+01,2.07207027e+01,2.25146113e+01,2.54734706e+01
2.00000000e+01,2.04392290e+01,2.16240041e+01,2.36865799e+01
2.00000000e+01,2.04392291e+01,2.16240748e+01,2.36867986e+01
2.00000000e+01,2.07207028e+01,2.25142571e+01,2.54724152e+01
2.00000000e+01,2.04392290e+01,2.16238696e+01,2.36861575e+01
2.00000000e+01,2.19392197e+01,2.59439642e+01,3.18369375e+01
2.00000000e+01,2.11813623e+01,2.38754864e+01,2.80772714e+01
2.00000000e+01,2.19392198e+01,2.59418962e+01,3.18300495e+01
2.00000000e+01,2.19392199e+01,2.59427367e+01,3.18328755e+01
2.00000000e+01,2.11813623e+01,2.38748539e+01,2.80753489e+01
2.00000000e+01,2.11813622e+01,2.38751085e+01,2.80761346e+01
2.00000000e+01,2.19392199e+01,2.59403498e+01,3.18247827e+01
2.00000000e+01,2.11813623e+01,2.38743497e+01,2.80737404e+01
2.00000000e+01,2.61557538e+01,3.55645488e+01,4.75206168e+01
2.00000000e+01,2.31929042e+01,2.90760502e+01,3.72159866e+01
2.00000000e+01,2.61557538e+01,3.55512373e+01,4.74764849e+01
2.00000000e+01,2.61557538e+01,3.55560995e+01,4.74926831e+01
2.00000000e+01,2.31929039e+01,2.90690428e+01,3.71924306e+01
2.00000000e+01,2.31929041e+01,2.90716846e+01,3.72013637e+01
2.00000000e+01,2.61557539e+01,3.55435458e+01,4.74506463e+01
2.00000000e+01,2.31929039e+01,2.90646597e+01,3.71774747e+01
2.00000000e+01,2.00244382e+01,2.01217922e+01,2.03485675e+01
2.00000000e+01,2.00409352e+01,2.01936970e+01,2.05327608e+01
2.00000000e+01,2.00244382e+01,2.01218869e+01,2.03490594e+01
2.00000000e+01,2.00244382e+01,2.01218366e+01,2.03487975e+01
2.00000000e+01,2.00290345e+01,2.01425520e+01,2.04034755e+01
2.00000000e+01,2.00409352e+01,2.01936633e+01,2.05325983e+01
2.00000000e+01,2.00409352e+01,2.01936769e+01,2.05326625e+01
2.00000000e+01,2.00244382e+01,2.01219321e+01,2.03492955e+01
2.00000000e+01,2.00290345e+01,2.01426051e+01,2.04037450e+01
2.00000000e+01,2.00290345e+01,2.01425768e+01,2.04036009e+01
2.00000000e+01,2.00409352e+01,2.01936518e+01,2.05325461e+01
2.00000000e+01,2.00290345e+01,2.01426348e+01,2.04038974e+01
2.00000000e+01,2.01009446e+01,2.04354288e+01,2.11126024e+01
2.00000000e+01,2.00630135e+01,2.02851095e+01,2.07567035e+01
2.00000000e+01,2.01009446e+01,2.04353573e+01,2.11122910e+01
2.00000000e+01,2.01009446e+01,2.04353957e+01,2.11124570e+01
2.00000000e+01,2.00630135e+01,2.02850510e+01,2.07564346e+01
2.00000000e+01,2.00630136e+01,2.02850864e+01,2.07565970e+01
2.00000000e+01,2.01009446e+01,2.04353133e+01,2.11121009e+01
2.00000000e+01,2.00630135e+01,2.02850171e+01,2.07562807e+01
2.00000000e+01,2.02682536e+01,2.10468399e+01,2.24744666e+01
2.00000000e+01,2.01639734e+01,2.06736770e+01,2.16565395e+01
2.00000000e+01,2.02682536e+01,2.10467428e+01,2.24741244e+01
2.00000000e+01,2.02682536e+01,2.10468018e+01,2.24743318e+01
2.00000000e+01,2.01639734e+01,2.06735914e+01,2.16561932e+01
2.00000000e+01,2.01639734e+01,2.06736408e+01,2.16563935e+01
2.00000000e+01,2.02682536e+01,2.10466803e+01,2.24739035e+01
2.00000000e+01,2.01639734e+01,2.06735377e+01,2.16559776e+01
2.00000000e+01,2.07207026e+01,2.25152422e+01,2.54751752e+01
2.00000000e+01,2.04392291e+01,2.16244133e+01,2.36877859e+01
2.00000000e+01,2.07207026e+01,2.25150561e+01,2.54747146e+01
2.00000000e+01,2.07207027e+01,2.25151963e+01,2.54751015e+01
2.00000000e+01,2.04392291e+01,2.16243183e+01,2.36875265e+01
2.00000000e+01,2.04392291e+01,2.16243705e+01,2.36876688e+01
2.00000000e+01,2.07207027e+01,2.25149216e+01,2.54743493e+01
2.00000000e+01,2.04392291e+01,2.16242485e+01,2.36873238e+01
2.00000000e+01,2.19392198e+01,2.59463275e+01,3.18441097e+01
2.00000000e+01,2.11813623e+01,2.38763454e+01,2.80795508e+01
2.00000000e+01,2.19392198e+01,2.59455227e+01,3.18418953e+01
2.00000000e+01,2.19392199e+01,2.59461716e+01,3.18438339e+01
2.00000000e+01,2.11813623e+01,2.38759778e+01,2.80786415e+01
2.00000000e+01,2.11813622e+01,2.38761465e+01,2.80790291e+01
2.00000000e+01,2.19392198e+01,2.59447523e+01,3.18394817e+01
2.00000000e+01,2.11813622e+01,2.38757248e+01,2.80779480e+01
2.00000000e+01,2.61557539e+01,3.56012667e+01,4.76391852e+01
2.00000000e+01,2.31929043e+01,2.90908814e+01,3.72641588e+01
2.00000000e+01,2.61557538e+01,3.55809828e+01,4.75741898e+01
2.00000000e+01,2.61557539e+01,3.55914740e+01,4.76079152e+01
2.00000000e+01,2.31929042e+01,2.90835461e+01,3.72406561e+01
2.00000000e+01,2.31929043e+01,2.90874440e+01,3.72532410e+01
2.00000000e+01,2.61557540e+01,3.55717790e+01,4.75442918e+01
2.00000000e+01,2.31929042e+01,2.90795025e+01,3.72274176e+01
2.00000000e+01,2.00244383e+01,2.01215387e+01,2.03472531e+01
2.00000000e+01,2.00409352e+01,2.01937582e+01,2.05330751e+01
2.00000000e+01,2.00244382e+01,2.01216830e+01,2.03480012e+01
2.00000000e+01,2.00244382e+01,2.01215403e+01,2.03472610e+01
2.00000000e+01,2.00290345e+01,2.01425322e+01,2.04034017e+01
2.00000000e+01,2.00409352e+01,2.01937532e+01,2.05330407e+01
2.00000000e+01,2.00409352e+01,2.01937622e+01,2.05330948e+01
2.00000000e+01,2.00244382e+01,2.01217106e+01,2.03481440e+01
2.00000000e+01,2.00290345e+01,2.01425139e+01,2.04032896e+01
2.00000000e+01,2.00290345e+01,2.01425298e+01,2.04033895e+01
2.00000000e+01,2.00409352e+01,2.01937426e+01,2.05329871e+01
2.00000000e+01,2.00290345e+01,2.01425194e+01,2.04033148e+01
2.00000000e+01,2.01009446e+01,2.04355257e+01,2.11130462e+01
2.00000000e+01,2.00630135e+01,2.02851498e+01,2.07569063e+01
2.00000000e+01,2.01009446e+01,2.04354953e+01,2.11129048e+01
2.00000000e+01,2.01009446e+01,2.04355270e+01,2.11130530e+01
2.00000000e+01,2.00630135e+01,2.02851372e+01,2.07568351e+01
2.00000000e+01,2.00630136e+01,2.02851495e+01,2.07569045e+01
2.00000000e+01,2.01009446e+01,2.04354830e+01,2.11128487e+01
2.00000000e+01,2.00630136e+01,2.02851325e+01,2.07568119e+01
2.00000000e+01,2.02682537e+01,2.10469155e+01,2.24747210e+01
2.00000000e+01,2.01639734e+01,2.06737463e+01,2.16568276e+01
2.00000000e+01,2.02682537e+01,2.10468832e+01,2.24746201e+01
2.00000000e+01,2.02682536e+01,2.10469127e+01,2.24747123e+01
2.00000000e+01,2.01639734e+01,2.06737299e+01,2.16567540e+01
2.00000000e+01,2.01639735e+01,2.06737470e+01,2.16568302e+01
2.00000000e+01,2.02682537e+01,2.10468751e+01,2.24745923e+01
2.00000000e+01,2.01639734e+01,2.06737205e+01,2.16567159e+01
2.00000000e+01,2.07207026e+01,2.25152796e+01,2.54749396e+01
2.00000000e+01,2.04392291e+01,2.16245050e+01,2.36880343e+01
2.00000000e+01,2.07207026e+01,2.25151602e+01,2.54747066e+01
2.00000000e+01,2.07207027e+01,2.25152535e+01,2.54748512e+01
2.00000000e+01,2.04392291e+01,2.16244911e+01,2.36880045e+01
2.00000000e+01,2.04392292e+01,2.16245083e+01,2.36880451e+01
2.00000000e+01,2.07207027e+01,2.25151701e+01,2.54747824e+01
2.00000000e+01,2.04392292e+01,2.16244781e+01,2.36879697e+01
2.00000000e+01,2.19392198e+01,2.59483161e+01,3.18493160e+01
2.00000000e+01,2.11813623e+01,2.38768393e+01,2.80807275e+01
2.00000000e+01,2.19392198e+01,2.59461486e+01,3.18428341e+01
2.00000000e+01,2.19392199e+01,2.59481316e+01,3.18486949e+01
2.00000000e+01,2.11813623e+01,2.38767981e+01,2.80807980e+01
2.00000000e+01,2.11813622e+01,2.38768628e+01,2.80808055e+01
2.00000000e+01,2.19392198e+01,2.59460875e+01,3.18427999e+01
2.00000000e+01,2.11813622e+01,2.38767169e+01,2.80805844e+01
2.00000000e+01,2.61557540e+01,3.56575753e+01,4.78140268e+01
2.00000000e+01,2.31929043e+01,2.90939954e+01,3.72712315e+01
2.00000000e+01,2.61557539e+01,3.56266114e+01,4.77188077e+01
2.00000000e+01,2.61557540e+01,3.56574932e+01,4.78138159e+01
2.00000000e+01,2.31929042e+01,2.90961857e+01,3.72801960e+01
2.00000000e+01,2.31929042e+01,2.90942782e+01,3.72721491e+01
2.00000000e+01,2.61557541e+01,3.56203004e+01,4.76991342e+01
2.00000000e+01,2.31929042e+01,2.90953940e+01,3.72779663e+01
2.00000000e+01,2.00244383e+01,2.01221601e+01,2.03505042e+01
2.00000000e+01,2.00409353e+01,2.01936353e+01,2.05325208e+01
2.00000000e+01,2.00244383e+01,2.01222085e+01,2.03507659e+01
2.00000000e+01,2.00244383e+01,2.01221381e+01,2.03503856e+01
2.00000000e+01,2.00290346e+01,2.01428110e+01,2.04048253e+01
2.00000000e+01,2.00409353e+01,2.01936397e+01,2.05325632e+01
2.00000000e+01,2.00409352e+01,2.01936344e+01,2.05325071e+01
2.00000000e+01,2.00244383e+01,2.01221858e+01,2.03506419e+01
2.00000000e+01,2.00290347e+01,2.01428519e+01,2.04050463e+01
2.00000000e+01,2.00290345e+01,2.01427926e+01,2.04047263e+01
2.00000000e+01,2.00409354e+01,2.01936376e+01,2.05325418e+01
2.00000000e+01,2.00290346e+01,2.01428324e+01,2.04049404e+01
2.00000000e+01,2.01009446e+01,2.04349654e+01,2.11106230e+01
2.00000000e+01,2.00630136e+01,2.02848031e+01,2.07553404e+01
2.00000000e+01,2.01009446e+01,2.04348623e+01,2.11101929e+01
2.00000000e+01,2.01009444e+01,2.04350096e+01,2.11108065e+01
2.00000000e+01,2.00630138e+01,2.02847533e+01,2.07551309e+01
2.00000000e+01,2.00630135e+01,2.02848262e+01,2.07554377e+01
2.00000000e+01,2.01009446e+01,2.04349131e+01,2.11104032e+01
2.00000000e+01,2.00630136e+01,2.02847775e+01,2.07552315e+01
2.00000000e+01,2.02682535e+01,2.10461350e+01,2.24719600e+01
2.00000000e+01,2.01639735e+01,2.06730903e+01,2.16542054e+01
2.00000000e+01,2.02682535e+01,2.10459462e+01,2.24712818e+01
2.00000000e+01,2.02682533e+01,2.10462110e+01,2.24722304e+01
2.00000000e+01,2.01639736e+01,2.06729446e+01,2.16536335e+01
2.00000000e+01,2.01639733e+01,2.06731503e+01,2.16544398e+01
2.00000000e+01,2.02682534e+01,2.10460404e+01,2.24716193e+01
2.00000000e+01,2.01639734e+01,2.06730170e+01,2.16539160e+01
2.00000000e+01,2.07207027e+01,2.25137060e+01,2.54706922e+01
2.00000000e+01,2.04392290e+01,2.16235419e+01,2.36851049e+01
2.00000000e+01,2.07207025e+01,2.25132686e+01,2.54692659e+01
2.00000000e+01,2.07207029e+01,2.25138776e+01,2.54712364e+01
2.00000000e+01,2.04392291e+01,2.16232826e+01,2.36842509e+01
2.00000000e+01,2.04392289e+01,2.16236445e+01,2.36854362e+01
2.00000000e+01,2.07207028e+01,2.25134866e+01,2.54699810e+01
2.00000000e+01,2.04392290e+01,2.16234123e+01,2.36846787e+01
2.00000000e+01,2.19392198e+01,2.59368526e+01,3.18126047e+01
2.00000000e+01,2.11813621e+01,2.38731035e+01,2.80695977e+01
2.00000000e+01,2.19392198e+01,2.59343411e+01,3.18036695e+01
2.00000000e+01,2.19392199e+01,2.59379021e+01,3.18162933e+01
2.00000000e+01,2.11813619e+01,2.38721083e+01,2.80661672e+01
2.00000000e+01,2.11813624e+01,2.38734926e+01,2.80709111e+01
2.00000000e+01,2.19392200e+01,2.59355629e+01,3.18080367e+01
2.00000000e+01,2.11813623e+01,2.38726012e+01,2.80678768e+01
2.00000000e+01,2.61557549e+01,3.55297098e+01,4.74034045e+01
2.00000000e+01,2.31929046e+01,2.90561245e+01,3.71478383e+01
2.00000000e+01,2.61557560e+01,3.55216379e+01,4.73753134e+01
2.00000000e+01,2.61557536e+01,3.55334991e+01,4.74164384e+01
2.00000000e+01,2.31929058e+01,2.90508048e+01,3.71290016e+01
2.00000000e+01,2.31929035e+01,2.90585404e+01,3.71562915e+01
2.00000000e+01,2.61557546e+01,3.55254355e+01,4.73885797e+01
2.00000000e+01,2.31929044e+01,2.90533470e+01,3.71380355e+01
2.00000000e+01,2.00244382e+01,2.01220270e+01,2.03497953e+01
2.00000000e+01,2.00409352e+01,2.01936359e+01,2.05324843e+01
2.00000000e+01,2.00244383e+01,2.01221003e+01,2.03501837e+01
2.00000000e+01,2.00244382e+01,2.01220126e+01,2.03497185e+01
2.00000000e+01,2.00290345e+01,2.01427041e+01,2.04042582e+01
2.00000000e+01,2.00409352e+01,2.01936333e+01,2.05324900e+01
2.00000000e+01,2.00409352e+01,2.01936378e+01,2.05324902e+01
2.00000000e+01,2.00244382e+01,2.01220809e+01,2.03500801e+01
2.00000000e+01,2.00290345e+01,2.01427616e+01,2.04045618e+01
2.00000000e+01,2.00290345e+01,2.01426929e+01,2.04041996e+01
2.00000000e+01,2.00409352e+01,2.01936337e+01,2.05324861e+01
2.00000000e+01,2.00290345e+01,2.01427459e+01,2.04044782e+01
2.00000000e+01,2.01009446e+01,2.04351942e+01,2.11115906e+01
2.00000000e+01,2.00630136e+01,2.02849333e+01,2.07559061e+01
2.00000000e+01,2.01009446e+01,2.04350780e+01,2.11110964e+01
2.00000000e+01,2.01009445e+01,2.04352151e+01,2.11116789e+01
2.00000000e+01,2.00630135e+01,2.02848633e+01,2.07555988e+01
2.00000000e+01,2.00630135e+01,2.02849475e+01,2.07559689e+01
2.00000000e+01,2.01009445e+01,2.04351117e+01,2.11112385e+01
2.00000000e+01,2.00630135e+01,2.02848830e+01,2.07556840e+01
2.00000000e+01,2.02682537e+01,2.10465073e+01,2.24732900e+01
2.00000000e+01,2.01639734e+01,2.06733909e+01,2.16553930e+01
2.00000000e+01,2.02682536e+01,2.10463255e+01,2.24726418e+01
2.00000000e+01,2.02682535e+01,2.10465384e+01,2.24733997e+01
2.00000000e+01,2.01639734e+01,2.06732418e+01,2.16548023e+01
2.00000000e+01,2.01639734e+01,2.06734169e+01,2.16554960e+01
2.00000000e+01,2.02682535e+01,2.10463793e+01,2.24728328e+01
2.00000000e+01,2.01639733e+01,2.06732856e+01,2.16549746e+01
2.00000000e+01,2.07207028e+01,2.25145433e+01,2.54732734e+01
2.00000000e+01,2.04392291e+01,2.16240360e+01,2.36866800e+01
2.00000000e+01,2.07207028e+01,2.25141382e+01,2.54720532e+01
2.00000000e+01,2.07207027e+01,2.25146114e+01,2.54734707e+01
2.00000000e+01,2.04392290e+01,2.16237987e+01,2.36859336e+01
2.00000000e+01,2.04392291e+01,2.16240748e+01,2.36867986e+01
2.00000000e+01,2.07207028e+01,2.25142571e+01,2.54724153e+01
2.00000000e+01,2.04392290e+01,2.16238696e+01,2.36861575e+01
2.00000000e+01,2.19392198e+01,2.59422924e+01,3.18313867e+01
2.00000000e+01,2.11813622e+01,2.38749757e+01,2.80757307e+01
2.00000000e+01,2.19392197e+01,2.59395658e+01,3.18220816e+01
2.00000000e+01,2.19392198e+01,2.59427370e+01,3.18328754e+01
2.00000000e+01,2.11813622e+01,2.38740867e+01,2.80728853e+01
2.00000000e+01,2.11813622e+01,2.38751087e+01,2.80761346e+01
2.00000000e+01,2.19392198e+01,2.59403502e+01,3.18247826e+01
2.00000000e+01,2.11813623e+01,2.38743498e+01,2.80737404e+01
2.00000000e+01,2.61557545e+01,3.55533446e+01,4.74835229e+01
2.00000000e+01,2.31929043e+01,2.90701881e+01,3.71963151e+01
2.00000000e+01,2.61557544e+01,3.55400715e+01,4.74388814e+01
2.00000000e+01,2.61557538e+01,3.55561000e+01,4.74926831e+01
2.00000000e+01,2.31929042e+01,2.90625799e+01,3.71703170e+01
2.00000000e+01,2.31929042e+01,2.90716849e+01,3.72013635e+01
2.00000000e+01,2.61557538e+01,3.55435462e+01,4.74506463e+01
2.00000000e+01,2.31929040e+01,2.90646601e+01,3.71774747e+01
2.00000000e+01,2.00244382e+01,2.01218323e+01,2.03487761e+01
2.00000000e+01,2.00409352e+01,2.01936779e+01,2.05326681e+01
2.00000000e+01,2.00244382e+01,2.01219387e+01,2.03493309e+01
2.00000000e+01,2.00244382e+01,2.01218365e+01,2.03487974e+01
2.00000000e+01,2.00290345e+01,2.01425738e+01,2.04035861e+01
2.00000000e+01,2.00409352e+01,2.01936495e+01,2.05325364e+01
2.00000000e+01,2.00409352e+01,2.01936768e+01,2.05326624e+01
2.00000000e+01,2.00244382e+01,2.01219320e+01,2.03492954e+01
2.00000000e+01,2.00290345e+01,2.01426396e+01,2.04039227e+01
2.00000000e+01,2.00290345e+01,2.01425767e+01,2.04036008e+01
2.00000000e+01,2.00409352e+01,2.01936517e+01,2.05325460e+01
2.00000000e+01,2.00290345e+01,2.01426347e+01,2.04038973e+01
2.00000000e+01,2.01009446e+01,2.04353991e+01,2.11124717e+01
2.00000000e+01,2.00630136e+01,2.02850884e+01,2.07566065e+01
2.00000000e+01,2.01009446e+01,2.04353054e+01,2.11120670e+01
2.00000000e+01,2.01009446e+01,2.04353958e+01,2.11124570e+01
2.00000000e+01,2.00630135e+01,2.02850107e+01,2.07562522e+01
2.00000000e+01,2.00630136e+01,2.02850863e+01,2.07565969e+01
2.00000000e+01,2.01009446e+01,2.04353133e+01,2.11121010e+01
2.00000000e+01,2.00630135e+01,2.02850171e+01,2.07562807e+01
2.00000000e+01,2.02682537e+01,2.10468060e+01,2.24743468e+01
2.00000000e+01,2.01639735e+01,2.06736445e+01,2.16564082e+01
2.00000000e+01,2.02682537e+01,2.10466695e+01,2.24738659e+01
2.00000000e+01,2.02682536e+01,2.10468019e+01,2.24743318e+01
2.00000000e+01,2.01639735e+01,2.06735282e+01,2.16559399e+01
2.00000000e+01,2.01639734e+01,2.06736408e+01,2.16563935e+01
2.00000000e+01,2.02682536e+01,2.10466803e+01,2.24739035e+01
2.00000000e+01,2.01639734e+01,2.06735377e+01,2.16559776e+01
2.00000000e+01,2.07207029e+01,2.25152026e+01,2.54751157e+01
2.00000000e+01,2.04392292e+01,2.16243750e+01,2.36876818e+01
2.00000000e+01,2.07207029e+01,2.25149003e+01,2.54742933e+01
2.00000000e+01,2.07207027e+01,2.25151964e+01,2.54751016e+01
2.00000000e+01,2.04392292e+01,2.16242361e+01,2.36872881e+01
2.00000000e+01,2.04392292e+01,2.16243706e+01,2.36876689e+01
2.00000000e+01,2.07207027e+01,2.25149217e+01,2.54743493e+01
2.00000000e+01,2.04392291e+01,2.16242486e+01,2.36873239e+01
2.00000000e+01,2.19392198e+01,2.59462089e+01,3.18439391e+01
2.00000000e+01,2.11813623e+01,2.38761752e+01,2.80791126e+01
2.00000000e+01,2.19392198e+01,2.59446321e+01,3.18391013e+01
2.00000000e+01,2.19392198e+01,2.59461718e+01,3.18438339e+01
2.00000000e+01,2.11813623e+01,2.38756900e+01,2.80778579e+01
2.00000000e+01,2.11813622e+01,2.38761467e+01,2.80790291e+01
2.00000000e+01,2.19392198e+01,2.59447526e+01,3.18394816e+01
2.00000000e+01,2.11813622e+01,2.38757250e+01,2.80779480e+01
2.00000000e+01,2.61557549e+01,3.55923352e+01,4.76107009e+01
2.00000000e+01,2.31929044e+01,2.90878378e+01,3.72545040e+01
2.00000000e+01,2.61557547e+01,3.55703927e+01,4.75397657e+01
2.00000000e+01,2.61557539e+01,3.55914745e+01,4.76079152e+01
2.00000000e+01,2.31929043e+01,2.90788345e+01,3.72252124e+01
2.00000000e+01,2.31929044e+01,2.90874443e+01,3.72532409e+01
2.00000000e+01,2.61557540e+01,3.55717794e+01,4.75442917e+01
2.00000000e+01,2.31929043e+01,2.90795028e+01,3.72274175e+01
2.00000000e+01,2.00244382e+01,2.01215398e+01,2.03472588e+01
2.00000000e+01,2.00409352e+01,2.01937609e+01,2.05330890e+01
2.00000000e+01,2.00244382e+01,2.01217078e+01,2.03481300e+01
2.00000000e+01,2.00244382e+01,2.01215402e+01,2.03472609e+01
2.00000000e+01,2.00290345e+01,2.01425303e+01,2.04033927e+01
2.00000000e+01,2.00409352e+01,2.01937427e+01,2.05329884e+01
2.00000000e+01,2.00409352e+01,2.01937621e+01,2.05330948e+01
2.00000000e+01,2.00244382e+01,2.01217105e+01,2.03481439e+01
2.00000000e+01,2.00290345e+01,2.01425188e+01,2.04033126e+01
2.00000000e+01,2.00290345e+01,2.01425298e+01,2.04033894e+01
2.00000000e+01,2.00409352e+01,2.01937425e+01,2.05329871e+01
2.00000000e+01,2.00290345e+01,2.01425193e+01,2.04033148e+01
2.00000000e+01,2.01009446e+01,2.04355270e+01,2.11130528e+01
2.00000000e+01,2.00630136e+01,2.02851489e+01,2.07569017e+01
2.00000000e+01,2.01009446e+01,2.04354844e+01,2.11128549e+01
2.00000000e+01,2.01009446e+01,2.04355270e+01,2.11130530e+01
2.00000000e+01,2.00630135e+01,2.02851324e+01,2.07568115e+01
2.00000000e+01,2.00630136e+01,2.02851495e+01,2.07569045e+01
2.00000000e+01,2.01009446e+01,2.04354830e+01,2.11128487e+01
2.00000000e+01,2.00630136e+01,2.02851324e+01,2.07568118e+01
2.00000000e+01,2.02682537e+01,2.10469122e+01,2.24747103e+01
2.00000000e+01,2.01639735e+01,2.06737467e+01,2.16568286e+01
2.00000000e+01,2.02682537e+01,2.10468759e+01,2.24745949e+01
2.00000000e+01,2.02682537e+01,2.10469128e+01,2.24747123e+01
2.00000000e+01,2.01639735e+01,2.06737212e+01,2.16567186e+01
2.00000000e+01,2.01639735e+01,2.06737470e+01,2.16568303e+01
2.00000000e+01,2.02682537e+01,2.10468752e+01,2.24745923e+01
2.00000000e+01,2.01639734e+01,2.06737206e+01,2.16567159e+01
2.00000000e+01,2.07207029e+01,2.25152510e+01,2.54748430e+01
2.00000000e+01,2.04392292e+01,2.16245089e+01,2.36880485e+01
2.00000000e+01,2.07207029e+01,2.25151676e+01,2.54747700e+01
2.00000000e+01,2.07207027e+01,2.25152536e+01,2.54748513e+01
2.00000000e+01,2.04392292e+01,2.16244797e+01,2.36879753e+01
2.00000000e+01,2.04392292e+01,2.16245084e+01,2.36880452e+01
2.00000000e+01,2.07207027e+01,2.25151702e+01,2.54747825e+01
2.00000000e+01,2.04392292e+01,2.16244782e+01,2.36879697e+01
2.00000000e+01,2.19392198e+01,2.59481684e+01,3.18488223e+01
2.00000000e+01,2.11813624e+01,2.38768723e+01,2.80808414e+01
2.00000000e+01,2.19392198e+01,2.59461163e+01,3.18428840e+01
2.00000000e+01,2.19392199e+01,2.59481318e+01,3.18486948e+01
2.00000000e+01,2.11813624e+01,2.38767352e+01,2.80806435e+01
2.00000000e+01,2.11813622e+01,2.38768630e+01,2.80808055e+01
2.00000000e+01,2.19392198e+01,2.59460877e+01,3.18427998e+01
2.00000000e+01,2.11813622e+01,2.38767170e+01,2.80805844e+01
2.00000000e+01,2.61557551e+01,3.56575261e+01,4.78139031e+01
2.00000000e+01,2.31929044e+01,2.90941940e+01,3.72718667e+01
2.00000000e+01,2.61557552e+01,3.56208853e+01,4.77009628e+01
2.00000000e+01,2.61557540e+01,3.56574938e+01,4.78138159e+01
2.00000000e+01,2.31929043e+01,2.90954541e+01,3.72781239e+01
2.00000000e+01,2.31929043e+01,2.90942785e+01,3.72721489e+01
2.00000000e+01,2.61557541e+01,3.56203009e+01,4.76991341e+01
2.00000000e+01,2.31929043e+01,2.90953943e+01,3.72779662e+01
2.00000000e+01,2.00244383e+01,2.01221807e+01,2.03506161e+01
2.00000000e+01,2.00409352e+01,2.01936367e+01,2.05325368e+01
2.00000000e+01,2.00244384e+01,2.01222277e+01,2.03508710e+01
2.00000000e+01,2.00244383e+01,2.01221789e+01,2.03506054e+01
2.00000000e+01,2.00290345e+01,2.01428283e+01,2.04049194e+01
2.00000000e+01,2.00409353e+01,2.01936419e+01,2.05325839e+01
2.00000000e+01,2.00409352e+01,2.01936367e+01,2.05325356e+01
2.00000000e+01,2.00244384e+01,2.01222243e+01,2.03508518e+01
2.00000000e+01,2.00290346e+01,2.01428682e+01,2.04051366e+01
2.00000000e+01,2.00290345e+01,2.01428264e+01,2.04049097e+01
2.00000000e+01,2.00409353e+01,2.01936416e+01,2.05325802e+01
2.00000000e+01,2.00290346e+01,2.01428651e+01,2.04051197e+01
2.00000000e+01,2.01009445e+01,2.04349223e+01,2.11104430e+01
2.00000000e+01,2.00630135e+01,2.02847815e+01,2.07552497e+01
2.00000000e+01,2.01009445e+01,2.04348178e+01,2.11100081e+01
2.00000000e+01,2.01009445e+01,2.04349268e+01,2.11104620e+01
2.00000000e+01,2.00630136e+01,2.02847327e+01,2.07550466e+01
2.00000000e+01,2.00630135e+01,2.02847838e+01,2.07552597e+01
2.00000000e+01,2.01009446e+01,2.04348262e+01,2.11100435e+01
2.00000000e+01,2.00630136e+01,2.02847366e+01,2.07550628e+01
2.00000000e+01,2.02682535e+01,2.10460583e+01,2.24716839e+01
2.00000000e+01,2.01639733e+01,2.06730304e+01,2.16539699e+01
2.00000000e+01,2.02682534e+01,2.10458606e+01,2.24709724e+01
2.00000000e+01,2.02682535e+01,2.10460657e+01,2.24717118e+01
2.00000000e+01,2.01639733e+01,2.06728798e+01,2.16533791e+01
2.00000000e+01,2.01639733e+01,2.06730364e+01,2.16539943e+01
2.00000000e+01,2.02682535e+01,2.10458767e+01,2.24710314e+01
2.00000000e+01,2.01639734e+01,2.06728920e+01,2.16534277e+01
2.00000000e+01,2.07207024e+01,2.25135295e+01,2.54701213e+01
2.00000000e+01,2.04392288e+01,2.16234372e+01,2.36847606e+01
2.00000000e+01,2.07207024e+01,2.25130670e+01,2.54685942e+01
2.00000000e+01,2.07207024e+01,2.25135459e+01,2.54701750e+01
2.00000000e+01,2.04392286e+01,2.16231639e+01,2.36838526e+01
2.00000000e+01,2.04392288e+01,2.16234472e+01,2.36847941e+01
2.00000000e+01,2.07207024e+01,2.25131046e+01,2.54687198e+01
2.00000000e+01,2.04392288e+01,2.16231859e+01,2.36839278e+01
2.00000000e+01,2.19392196e+01,2.59358086e+01,3.18089083e+01
2.00000000e+01,2.11813621e+01,2.38727006e+01,2.80682188e+01
2.00000000e+01,2.19392198e+01,2.59332611e+01,3.17997818e+01
2.00000000e+01,2.19392196e+01,2.59359093e+01,3.18092666e+01
2.00000000e+01,2.11813622e+01,2.38716554e+01,2.80645797e+01
2.00000000e+01,2.11813621e+01,2.38727379e+01,2.80683472e+01
2.00000000e+01,2.19392197e+01,2.59334615e+01,3.18005062e+01
2.00000000e+01,2.11813620e+01,2.38717395e+01,2.80648767e+01
2.00000000e+01,2.61557548e+01,3.55262073e+01,4.73912723e+01
2.00000000e+01,2.31929039e+01,2.90538456e+01,3.71398026e+01
2.00000000e+01,2.61557552e+01,3.55184773e+01,4.73641976e+01
2.00000000e+01,2.61557551e+01,3.55265511e+01,4.73924659e+01
2.00000000e+01,2.31929037e+01,2.90486535e+01,3.71212926e+01
2.00000000e+01,2.31929039e+01,2.90540765e+01,3.71406176e+01
2.00000000e+01,2.61557554e+01,3.55190561e+01,4.73662390e+01
2.00000000e+01,2.31929046e+01,2.90490540e+01,3.71227320e+01
2.00000000e+01,2.00244382e+01,2.01220477e+01,2.03499055e+01
2.00000000e+01,2.00409351e+01,2.01936340e+01,2.05324805e+01
2.00000000e+01,2.00244382e+01,2.01221215e+01,2.03502978e+01
2.00000000e+01,2.00244382e+01,2.01220523e+01,2.03499291e+01
2.00000000e+01,2.00290344e+01,2.01427202e+01,2.04043430e+01
2.00000000e+01,2.00409351e+01,2.01936334e+01,2.05324981e+01
2.00000000e+01,2.00409351e+01,2.01936341e+01,2.05324815e+01
2.00000000e+01,2.00244382e+01,2.01221222e+01,2.03503010e+01
2.00000000e+01,2.00290344e+01,2.01427789e+01,2.04046545e+01
2.00000000e+01,2.00290345e+01,2.01427235e+01,2.04043605e+01
2.00000000e+01,2.00409352e+01,2.01936335e+01,2.05324990e+01
2.00000000e+01,2.00290345e+01,2.01427793e+01,2.04046563e+01
2.00000000e+01,2.01009445e+01,2.04351633e+01,2.11114585e+01
2.00000000e+01,2.00630135e+01,2.02849135e+01,2.07558188e+01
2.00000000e+01,2.01009445e+01,2.04350395e+01,2.11109341e+01
2.00000000e+01,2.01009446e+01,2.04351567e+01,2.11114311e+01
2.00000000e+01,2.00630135e+01,2.02848418e+01,2.07555063e+01
2.00000000e+01,2.00630135e+01,2.02849100e+01,2.07558034e+01
2.00000000e+01,2.01009446e+01,2.04350388e+01,2.11109318e+01
2.00000000e+01,2.00630135e+01,2.02848416e+01,2.07555057e+01
2.00000000e+01,2.02682536e+01,2.10464607e+01,2.24731229e+01
2.00000000e+01,2.01639734e+01,2.06733520e+01,2.16552381e+01
2.00000000e+01,2.02682536e+01,2.10462625e+01,2.24724156e+01
2.00000000e+01,2.02682536e+01,2.10464503e+01,2.24730867e+01
2.00000000e+01,2.01639734e+01,2.06731909e+01,2.16546014e+01
2.00000000e+01,2.01639734e+01,2.06733436e+01,2.16552055e+01
2.00000000e+01,2.02682536e+01,2.10462607e+01,2.24724103e+01
2.00000000e+01,2.01639734e+01,2.06731898e+01,2.16545976e+01
2.00000000e+01,2.07207027e+01,2.25144398e+01,2.54729665e+01
2.00000000e+01,2.04392290e+01,2.16239759e+01,2.36864918e+01
2.00000000e+01,2.07207025e+01,2.25139963e+01,2.54716113e+01
2.00000000e+01,2.07207025e+01,2.25144162e+01,2.54728957e+01
2.00000000e+01,2.04392289e+01,2.16237145e+01,2.36856632e+01
2.00000000e+01,2.04392290e+01,2.16239617e+01,2.36864475e+01
2.00000000e+01,2.07207025e+01,2.25139910e+01,2.54715943e+01
2.00000000e+01,2.04392290e+01,2.16237119e+01,2.36856551e+01
2.00000000e+01,2.19392200e+01,2.59415900e+01,3.18290160e+01
2.00000000e+01,2.11813620e+01,2.38747552e+01,2.80750402e+01
2.00000000e+01,2.19392197e+01,2.59386459e+01,3.18188898e+01
2.00000000e+01,2.19392195e+01,2.59414253e+01,3.18284550e+01
2.00000000e+01,2.11813621e+01,2.38737654e+01,2.80718235e+01
2.00000000e+01,2.11813621e+01,2.38746966e+01,2.80748511e+01
2.00000000e+01,2.19392196e+01,2.59386176e+01,3.18187926e+01
2.00000000e+01,2.11813621e+01,2.38737530e+01,2.80717815e+01
2.00000000e+01,2.61557548e+01,3.55494714e+01,4.74705816e+01
2.00000000e+01,2.31929042e+01,2.90680377e+01,3.71890211e+01
2.00000000e+01,2.61557550e+01,3.55363119e+01,4.74260819e+01
2.00000000e+01,2.61557546e+01,3.55486778e+01,4.74679165e+01
2.00000000e+01,2.31929041e+01,2.90602879e+01,3.71623828e+01
2.00000000e+01,2.31929044e+01,2.90675952e+01,3.71875148e+01
2.00000000e+01,2.61557547e+01,3.55362193e+01,4.74257663e+01
2.00000000e+01,2.31929042e+01,2.90602420e+01,3.71622223e+01
2.00000000e+01,2.00244382e+01,2.01218472e+01,2.03488539e+01
2.00000000e+01,2.00409351e+01,2.01936714e+01,2.05326361e+01
2.00000000e+01,2.00244382e+01,2.01219576e+01,2.03494301e+01
2.00000000e+01,2.00244382e+01,2.01218643e+01,2.03489426e+01
2.00000000e+01,2.00290344e+01,2.01425825e+01,2.04036302e+01
2.00000000e+01,2.00409351e+01,2.01936455e+01,2.05325191e+01
2.00000000e+01,2.00409351e+01,2.01936651e+01,2.05326062e+01
2.00000000e+01,2.00244382e+01,2.01219676e+01,2.03494824e+01
2.00000000e+01,2.00290344e+01,2.01426528e+01,2.04039911e+01
2.00000000e+01,2.00290345e+01,2.01425933e+01,2.04036852e+01
2.00000000e+01,2.00409351e+01,2.01936442e+01,2.05325141e+01
2.00000000e+01,2.00290345e+01,2.01426596e+01,2.04040266e+01
2.00000000e+01,2.01009446e+01,2.04353873e+01,2.11124195e+01
2.00000000e+01,2.00630135e+01,2.02850795e+01,2.07565655e+01
2.00000000e+01,2.01009445e+01,2.04352842e+01,2.11119756e+01
2.00000000e+01,2.01009446e+01,2.04353728e+01,2.11123570e+01
2.00000000e+01,2.00630135e+01,2.02849949e+01,2.07561808e+01
2.00000000e+01,2.00630135e+01,2.02850690e+01,2.07565179e+01
2.00000000e+01,2.01009446e+01,2.04352731e+01,2.11119287e+01
2.00000000e+01,2.00630135e+01,2.02849871e+01,2.07561461e+01
2.00000000e+01,2.02682537e+01,2.10467918e+01,2.24742951e+01
2.00000000e+01,2.01639734e+01,2.06736312e+01,2.16563534e+01
2.00000000e+01,2.02682536e+01,2.10466395e+01,2.24737579e+01
2.00000000e+01,2.02682536e+01,2.10467730e+01,2.24742296e+01
2.00000000e+01,2.01639734e+01,2.06735024e+01,2.16558357e+01
2.00000000e+01,2.01639734e+01,2.06736145e+01,2.16562868e+01
2.00000000e+01,2.02682537e+01,2.10466225e+01,2.24736989e+01
2.00000000e+01,2.01639734e+01,2.06734884e+01,2.16557806e+01
2.00000000e+01,2.07207027e+01,2.25151817e+01,2.54750699e+01
2.00000000e+01,2.04392291e+01,2.16243594e+01,2.36876373e+01
2.00000000e+01,2.07207026e+01,2.25148347e+01,2.54741088e+01
2.00000000e+01,2.07207026e+01,2.25151496e+01,2.54749951e+01
2.00000000e+01,2.04392291e+01,2.16242010e+01,2.36871824e+01
2.00000000e+01,2.04392291e+01,2.16243388e+01,2.36875797e+01
2.00000000e+01,2.07207026e+01,2.25147950e+01,2.54739948e+01
2.00000000e+01,2.04392291e+01,2.16241809e+01,2.36871223e+01
2.00000000e+01,2.19392197e+01,2.59461239e+01,3.18437334e+01
2.00000000e+01,2.11813621e+01,2.38761099e+01,2.80789439e+01
2.00000000e+01,2.19392197e+01,2.59442224e+01,3.18377792e+01
2.00000000e+01,2.19392196e+01,2.59459734e+01,3.18433107e+01
2.00000000e+01,2.11813622e+01,2.38755663e+01,2.80775054e+01
2.00000000e+01,2.11813621e+01,2.38760191e+01,2.80786965e+01
2.00000000e+01,2.19392196e+01,2.59439730e+01,3.18369640e+01
2.00000000e+01,2.11813621e+01,2.38754888e+01,2.80772750e+01
2.00000000e+01,2.61557545e+01,3.55890659e+01,4.76002240e+01
2.00000000e+01,2.31929042e+01,2.90866300e+01,3.72506363e+01
2.00000000e+01,2.61557548e+01,3.55666331e+01,4.75274558e+01
2.00000000e+01,2.61557545e+01,3.55854362e+01,4.75885303e+01
2.00000000e+01,2.31929042e+01,2.90770380e+01,3.72192660e+01
2.00000000e+01,2.31929044e+01,2.90851407e+01,3.72458413e+01
2.00000000e+01,2.61557546e+01,3.55647025e+01,4.75211163e+01
2.00000000e+01,2.31929043e+01,2.90761122e+01,3.72161931e+01
2.00000000e+01,2.00244382e+01,2.01215403e+01,2.03472614e+01
2.00000000e+01,2.00409351e+01,2.01937619e+01,2.05330942e+01
2.00000000e+01,2.00244381e+01,2.01217171e+01,2.03481783e+01
2.00000000e+01,2.00244382e+01,2.01215412e+01,2.03472656e+01
2.00000000e+01,2.00290344e+01,2.01425295e+01,2.04033885e+01
2.00000000e+01,2.00409351e+01,2.01937385e+01,2.05329672e+01
2.00000000e+01,2.00409351e+01,2.01937641e+01,2.05331049e+01
2.00000000e+01,2.00244382e+01,2.01217279e+01,2.03482343e+01
2.00000000e+01,2.00290344e+01,2.01425211e+01,2.04033235e+01
2.00000000e+01,2.00290345e+01,2.01425282e+01,2.04033819e+01
2.00000000e+01,2.00409351e+01,2.01937346e+01,2.05329477e+01
2.00000000e+01,2.00290345e+01,2.01425238e+01,2.04033368e+01
2.00000000e+01,2.01009446e+01,2.04355275e+01,2.11130549e+01
2.00000000e+01,2.00630135e+01,2.02851485e+01,2.07568998e+01
2.00000000e+01,2.01009446e+01,2.04354802e+01,2.11128350e+01
2.00000000e+01,2.01009446e+01,2.04355277e+01,2.11130569e+01
2.00000000e+01,2.00630135e+01,2.02851301e+01,2.07568004e+01
2.00000000e+01,2.00630135e+01,2.02851487e+01,2.07569010e+01
2.00000000e+01,2.01009446e+01,2.04354746e+01,2.11128105e+01
2.00000000e+01,2.00630136e+01,2.02851279e+01,2.07567902e+01
2.00000000e+01,2.02682537e+01,2.10469115e+01,2.24747068e+01
2.00000000e+01,2.01639734e+01,2.06737470e+01,2.16568288e+01
2.00000000e+01,2.02682537e+01,2.10468732e+01,2.24745838e+01
2.00000000e+01,2.02682537e+01,2.10469105e+01,2.24747045e+01
2.00000000e+01,2.01639734e+01,2.06737178e+01,2.16567031e+01
2.00000000e+01,2.01639735e+01,2.06737472e+01,2.16568302e+01
2.00000000e+01,2.02682537e+01,2.10468688e+01,2.24745695e+01
2.00000000e+01,2.01639735e+01,2.06737131e+01,2.16566852e+01
2.00000000e+01,2.07207026e+01,2.25152418e+01,2.54748084e+01
2.00000000e+01,2.04392291e+01,2.16245110e+01,2.36880533e+01
2.00000000e+01,2.07207026e+01,2.25151708e+01,2.54747917e+01
2.00000000e+01,2.07207026e+01,2.25152331e+01,2.54747800e+01
2.00000000e+01,2.04392291e+01,2.16244759e+01,2.36879633e+01
2.00000000e+01,2.04392291e+01,2.16245110e+01,2.36880534e+01
2.00000000e+01,2.07207027e+01,2.25151724e+01,2.54748156e+01
2.00000000e+01,2.04392291e+01,2.16244690e+01,2.36879450e+01
2.00000000e+01,2.19392197e+01,2.59481054e+01,3.18486121e+01
2.00000000e+01,2.11813621e+01,2.38768862e+01,2.80808879e+01
2.00000000e+01,2.19392196e+01,2.59461108e+01,3.18429252e+01
2.00000000e+01,2.19392196e+01,2.59480106e+01,3.18482894e+01
2.00000000e+01,2.11813621e+01,2.38767128e+01,2.80805894e+01
2.00000000e+01,2.11813621e+01,2.38768875e+01,2.80808887e+01
2.00000000e+01,2.19392197e+01,2.59460728e+01,3.18428614e+01
2.00000000e+01,2.11813621e+01,2.38766709e+01,2.80804726e+01
2.00000000e+01,2.61557544e+01,3.56574991e+01,4.78138256e+01
2.00000000e+01,2.31929041e+01,2.90942818e+01,3.72721436e+01
2.00000000e+01,2.61557543e+01,3.56187337e+01,4.76942337e+01
2.00000000e+01,2.61557544e+01,3.56574502e+01,4.78136969e+01
2.00000000e+01,2.31929040e+01,2.90951153e+01,3.72771296e+01
2.00000000e+01,2.31929043e+01,2.90944392e+01,3.72726580e+01
2.00000000e+01,2.61557546e+01,3.56162814e+01,4.76865568e+01
2.00000000e+01,2.31929043e+01,2.90947220e+01,3.72759776e+01
2.00000000e+01,2.00244382e+01,2.01221600e+01,2.03505042e+01
2.00000000e+01,2.00409352e+01,2.01936348e+01,2.05325203e+01
2.00000000e+01,2.00244383e+01,2.01222083e+01,2.03507657e+01
2.00000000e+01,2.00244382e+01,2.01221787e+01,2.03506052e+01
2.00000000e+01,2.00290344e+01,2.01428106e+01,2.04048249e+01
2.00000000e+01,2.00409353e+01,2.01936394e+01,2.05325629e+01
2.00000000e+01,2.00409351e+01,2.01936365e+01,2.05325354e+01
2.00000000e+01,2.00244383e+01,2.01222242e+01,2.03508517e+01
2.00000000e+01,2.00290345e+01,2.01428515e+01,2.04050460e+01
2.00000000e+01,2.00290346e+01,2.01428264e+01,2.04049097e+01
2.00000000e+01,2.00409353e+01,2.01936414e+01,2.05325800e+01
2.00000000e+01,2.00290346e+01,2.01428651e+01,2.04051196e+01
2.00000000e+01,2.01009445e+01,2.04349653e+01,2.11106230e+01
2.00000000e+01,2.00630135e+01,2.02848027e+01,2.07553401e+01
2.00000000e+01,2.01009445e+01,2.04348623e+01,2.11101928e+01
2.00000000e+01,2.01009445e+01,2.04349270e+01,2.11104620e+01
2.00000000e+01,2.00630137e+01,2.02847527e+01,2.07551307e+01
2.00000000e+01,2.00630135e+01,2.02847839e+01,2.07552596e+01
2.00000000e+01,2.01009446e+01,2.04348263e+01,2.11100435e+01
2.00000000e+01,2.00630136e+01,2.02847366e+01,2.07550627e+01
2.00000000e+01,2.02682534e+01,2.10461355e+01,2.24719602e+01
2.00000000e+01,2.01639733e+01,2.06730903e+01,2.16542054e+01
2.00000000e+01,2.02682534e+01,2.10459468e+01,2.24712820e+01
2.00000000e+01,2.02682535e+01,2.10460664e+01,2.24717120e+01
2.00000000e+01,2.01639735e+01,2.06729444e+01,2.16536335e+01
2.00000000e+01,2.01639733e+01,2.06730369e+01,2.16539944e+01
2.00000000e+01,2.02682535e+01,2.10458771e+01,2.24710315e+01
2.00000000e+01,2.01639734e+01,2.06728923e+01,2.16534278e+01
2.00000000e+01,2.07207025e+01,2.25137067e+01,2.54706926e+01
2.00000000e+01,2.04392288e+01,2.16235424e+01,2.36851052e+01
2.00000000e+01,2.07207023e+01,2.25132695e+01,2.54692661e+01
2.00000000e+01,2.07207022e+01,2.25135471e+01,2.54701754e+01
2.00000000e+01,2.04392288e+01,2.16232826e+01,2.36842511e+01
2.00000000e+01,2.04392288e+01,2.16234479e+01,2.36847944e+01
2.00000000e+01,2.07207022e+01,2.25131053e+01,2.54687201e+01
2.00000000e+01,2.04392288e+01,2.16231864e+01,2.36839280e+01
2.00000000e+01,2.19392199e+01,2.59368535e+01,3.18126048e+01
2.00000000e+01,2.11813619e+01,2.38731045e+01,2.80695979e+01
2.00000000e+01,2.19392198e+01,2.59343420e+01,3.18036702e+01
2.00000000e+01,2.19392197e+01,2.59359105e+01,3.18092671e+01
2.00000000e+01,2.11813618e+01,2.38721090e+01,2.80661674e+01
2.00000000e+01,2.11813621e+01,2.38727386e+01,2.80683473e+01
2.00000000e+01,2.19392199e+01,2.59334625e+01,3.18005065e+01
2.00000000e+01,2.11813620e+01,2.38717402e+01,2.80648768e+01
2.00000000e+01,2.61557541e+01,3.55297099e+01,4.74034058e+01
2.00000000e+01,2.31929040e+01,2.90561259e+01,3.71478389e+01
2.00000000e+01,2.61557554e+01,3.55216362e+01,4.73753160e+01
2.00000000e+01,2.61557550e+01,3.55265525e+01,4.73924665e+01
2.00000000e+01,2.31929052e+01,2.90508063e+01,3.71290021e+01
2.00000000e+01,2.31929034e+01,2.90540766e+01,3.71406171e+01
2.00000000e+01,2.61557550e+01,3.55190565e+01,4.73662398e+01
2.00000000e+01,2.31929043e+01,2.90490544e+01,3.71227321e+01
2.00000000e+01,2.00244381e+01,2.01220269e+01,2.03497951e+01
2.00000000e+01,2.00409351e+01,2.01936356e+01,2.05324840e+01
2.00000000e+01,2.00244382e+01,2.01221001e+01,2.03501835e+01
2.00000000e+01,2.00244381e+01,2.01220523e+01,2.03499291e+01
2.00000000e+01,2.00290344e+01,2.01427039e+01,2.04042580e+01
2.00000000e+01,2.00409350e+01,2.01936328e+01,2.05324896e+01
2.00000000e+01,2.00409351e+01,2.01936340e+01,2.05324813e+01
2.00000000e+01,2.00244382e+01,2.01221222e+01,2.03503009e+01
2.00000000e+01,2.00290344e+01,2.01427614e+01,2.04045615e+01
2.00000000e+01,2.00290344e+01,2.01427234e+01,2.04043603e+01
2.00000000e+01,2.00409351e+01,2.01936334e+01,2.05324988e+01
2.00000000e+01,2.00290345e+01,2.01427792e+01,2.04046562e+01
2.00000000e+01,2.01009445e+01,2.04351942e+01,2.11115906e+01
2.00000000e+01,2.00630135e+01,2.02849332e+01,2.07559059e+01
2.00000000e+01,2.01009445e+01,2.04350778e+01,2.11110964e+01
2.00000000e+01,2.01009445e+01,2.04351568e+01,2.11114311e+01
2.00000000e+01,2.00630135e+01,2.02848630e+01,2.07555985e+01
2.00000000e+01,2.00630135e+01,2.02849099e+01,2.07558033e+01
2.00000000e+01,2.01009445e+01,2.04350389e+01,2.11109318e+01
2.00000000e+01,2.00630135e+01,2.02848416e+01,2.07555056e+01
2.00000000e+01,2.02682536e+01,2.10465079e+01,2.24732903e+01
2.00000000e+01,2.01639734e+01,2.06733912e+01,2.16553932e+01
2.00000000e+01,2.02682535e+01,2.10463260e+01,2.24726421e+01
2.00000000e+01,2.02682535e+01,2.10464507e+01,2.24730869e+01
2.00000000e+01,2.01639733e+01,2.06732419e+01,2.16548024e+01
2.00000000e+01,2.01639733e+01,2.06733438e+01,2.16552056e+01
2.00000000e+01,2.02682535e+01,2.10462611e+01,2.24724104e+01
2.00000000e+01,2.01639733e+01,2.06731900e+01,2.16545977e+01
2.00000000e+01,2.07207028e+01,2.25145440e+01,2.54732738e+01
2.00000000e+01,2.04392290e+01,2.16240367e+01,2.36866804e+01
2.00000000e+01,2.07207027e+01,2.25141390e+01,2.54720537e+01
2.00000000e+01,2.07207022e+01,2.25144169e+01,2.54728961e+01
2.00000000e+01,2.04392290e+01,2.16237994e+01,2.36859340e+01
2.00000000e+01,2.04392290e+01,2.16239620e+01,2.36864476e+01
2.00000000e+01,2.07207024e+01,2.25139915e+01,2.54715946e+01
2.00000000e+01,2.04392289e+01,2.16237123e+01,2.36856553e+01
2.00000000e+01,2.19392197e+01,2.59422931e+01,3.18313872e+01
2.00000000e+01,2.11813621e+01,2.38749764e+01,2.80757310e+01
2.00000000e+01,2.19392197e+01,2.59395667e+01,3.18220819e+01
2.00000000e+01,2.19392196e+01,2.59414260e+01,3.18284555e+01
2.00000000e+01,2.11813620e+01,2.38740874e+01,2.80728855e+01
2.00000000e+01,2.11813620e+01,2.38746971e+01,2.80748513e+01
2.00000000e+01,2.19392196e+01,2.59386185e+01,3.18187931e+01
2.00000000e+01,2.11813621e+01,2.38737535e+01,2.80717817e+01
2.00000000e+01,2.61557543e+01,3.55533451e+01,4.74835232e+01
2.00000000e+01,2.31929041e+01,2.90701887e+01,3.71963154e+01
2.00000000e+01,2.61557541e+01,3.55400719e+01,4.74388818e+01
2.00000000e+01,2.61557542e+01,3.55486781e+01,4.74679169e+01
2.00000000e+01,2.31929038e+01,2.90625807e+01,3.71703172e+01
2.00000000e+01,2.31929043e+01,2.90675957e+01,3.71875149e+01
2.00000000e+01,2.61557544e+01,3.55362200e+01,4.74257668e+01
2.00000000e+01,2.31929040e+01,2.90602425e+01,3.71622224e+01
2.00000000e+01,2.00244381e+01,2.01218322e+01,2.03487760e+01
2.00000000e+01,2.00409350e+01,2.01936779e+01,2.05326680e+01
2.00000000e+01,2.00244381e+01,2.01219386e+01,2.03493308e+01
2.00000000e+01,2.00244381e+01,2.01218643e+01,2.03489426e+01
2.00000000e+01,2.00290344e+01,2.01425737e+01,2.04035859e+01
2.00000000e+01,2.00409351e+01,2.01936494e+01,2.05325363e+01
2.00000000e+01,2.00409351e+01,2.01936651e+01,2.05326061e+01
2.00000000e+01,2.00244381e+01,2.01219676e+01,2.03494823e+01
2.00000000e+01,2.00290344e+01,2.01426394e+01,2.04039224e+01
2.00000000e+01,2.00290344e+01,2.01425932e+01,2.04036851e+01
2.00000000e+01,2.00409351e+01,2.01936441e+01,2.05325140e+01
2.00000000e+01,2.00290344e+01,2.01426595e+01,2.04040265e+01
2.00000000e+01,2.01009446e+01,2.04353992e+01,2.11124718e+01
2.00000000e+01,2.00630135e+01,2.02850883e+01,2.07566064e+01
2.00000000e+01,2.01009445e+01,2.04353054e+01,2.11120671e+01
2.00000000e+01,2.01009446e+01,2.04353729e+01,2.11123571e+01
2.00000000e+01,2.00630135e+01,2.02850106e+01,2.07562521e+01
2.00000000e+01,2.00630135e+01,2.02850691e+01,2.07565179e+01
2.00000000e+01,2.01009446e+01,2.04352732e+01,2.11119288e+01
2.00000000e+01,2.00630135e+01,2.02849871e+01,2.07561461e+01
2.00000000e+01,2.02682536e+01,2.10468066e+01,2.24743471e+01
2.00000000e+01,2.01639734e+01,2.06736448e+01,2.16564084e+01
2.00000000e+01,2.02682536e+01,2.10466702e+01,2.24738662e+01
2.00000000e+01,2.02682536e+01,2.10467732e+01,2.24742297e+01
2.00000000e+01,2.01639734e+01,2.06735286e+01,2.16559402e+01
2.00000000e+01,2.01639734e+01,2.06736147e+01,2.16562869e+01
2.00000000e+01,2.02682536e+01,2.10466229e+01,2.24736990e+01
2.00000000e+01,2.01639734e+01,2.06734886e+01,2.16557807e+01
2.00000000e+01,2.07207028e+01,2.25152035e+01,2.54751162e+01
2.00000000e+01,2.04392291e+01,2.16243757e+01,2.36876822e+01
2.00000000e+01,2.07207027e+01,2.25149012e+01,2.54742939e+01
2.00000000e+01,2.07207025e+01,2.25151498e+01,2.54749953e+01
2.00000000e+01,2.04392291e+01,2.16242370e+01,2.36872886e+01
2.00000000e+01,2.04392290e+01,2.16243391e+01,2.36875797e+01
2.00000000e+01,2.07207025e+01,2.25147954e+01,2.54739951e+01
2.00000000e+01,2.04392290e+01,2.16241812e+01,2.36871224e+01
2.00000000e+01,2.19392196e+01,2.59462095e+01,3.18439396e+01
2.00000000e+01,2.11813623e+01,2.38761756e+01,2.80791129e+01
2.00000000e+01,2.19392196e+01,2.59446328e+01,3.18391017e+01
2.00000000e+01,2.19392196e+01,2.59459737e+01,3.18433111e+01
2.00000000e+01,2.11813622e+01,2.38756905e+01,2.80778583e+01
2.00000000e+01,2.11813620e+01,2.38760193e+01,2.80786968e+01
2.00000000e+01,2.19392196e+01,2.59439735e+01,3.18369645e+01
2.00000000e+01,2.11813620e+01,2.38754891e+01,2.80772752e+01
2.00000000e+01,2.61557549e+01,3.55923354e+01,4.76107007e+01
2.00000000e+01,2.31929044e+01,2.90878379e+01,3.72545040e+01
2.00000000e+01,2.61557546e+01,3.55703931e+01,4.75397657e+01
2.00000000e+01,2.61557543e+01,3.55854364e+01,4.75885308e+01
2.00000000e+01,2.31929043e+01,2.90788349e+01,3.72252125e+01
2.00000000e+01,2.31929043e+01,2.90851410e+01,3.72458414e+01
2.00000000e+01,2.61557544e+01,3.55647029e+01,4.75211167e+01
2.00000000e+01,2.31929042e+01,2.90761126e+01,3.72161933e+01
2.00000000e+01,2.00244382e+01,2.01215397e+01,2.03472587e+01
2.00000000e+01,2.00409351e+01,2.01937608e+01,2.05330889e+01
2.00000000e+01,2.00244382e+01,2.01217077e+01,2.03481299e+01
2.00000000e+01,2.00244381e+01,2.01215412e+01,2.03472656e+01
2.00000000e+01,2.00290344e+01,2.01425302e+01,2.04033925e+01
2.00000000e+01,2.00409351e+01,2.01937426e+01,2.05329883e+01
2.00000000e+01,2.00409351e+01,2.01937640e+01,2.05331048e+01
2.00000000e+01,2.00244381e+01,2.01217279e+01,2.03482343e+01
2.00000000e+01,2.00290344e+01,2.01425187e+01,2.04033125e+01
2.00000000e+01,2.00290344e+01,2.01425281e+01,2.04033818e+01
2.00000000e+01,2.00409351e+01,2.01937346e+01,2.05329476e+01
2.00000000e+01,2.00290344e+01,2.01425238e+01,2.04033367e+01
2.00000000e+01,2.01009446e+01,2.04355271e+01,2.11130529e+01
2.00000000e+01,2.00630135e+01,2.02851488e+01,2.07569016e+01
2.00000000e+01,2.01009446e+01,2.04354845e+01,2.11128550e+01
2.00000000e+01,2.01009446e+01,2.04355279e+01,2.11130570e+01
2.00000000e+01,2.00630135e+01,2.02851323e+01,2.07568114e+01
2.00000000e+01,2.00630135e+01,2.02851488e+01,2.07569010e+01
2.00000000e+01,2.01009446e+01,2.04354748e+01,2.11128106e+01
2.00000000e+01,2.00630135e+01,2.02851279e+01,2.07567902e+01
2.00000000e+01,2.02682536e+01,2.10469127e+01,2.24747106e+01
2.00000000e+01,2.01639734e+01,2.06737469e+01,2.16568287e+01
2.00000000e+01,2.02682536e+01,2.10468764e+01,2.24745951e+01
2.00000000e+01,2.02682537e+01,2.10469106e+01,2.24747046e+01
2.00000000e+01,2.01639734e+01,2.06737216e+01,2.16567187e+01
2.00000000e+01,2.01639735e+01,2.06737474e+01,2.16568303e+01
2.00000000e+01,2.02682537e+01,2.10468690e+01,2.24745696e+01
2.00000000e+01,2.01639734e+01,2.06737133e+01,2.16566853e+01
2.00000000e+01,2.07207028e+01,2.25152519e+01,2.54748434e+01
2.00000000e+01,2.04392291e+01,2.16245096e+01,2.36880488e+01
2.00000000e+01,2.07207028e+01,2.25151685e+01,2.54747705e+01
2.00000000e+01,2.07207026e+01,2.25152331e+01,2.54747800e+01
2.00000000e+01,2.04392291e+01,2.16244804e+01,2.36879756e+01
2.00000000e+01,2.04392291e+01,2.16245111e+01,2.36880534e+01
2.00000000e+01,2.07207026e+01,2.25151727e+01,2.54748157e+01
2.00000000e+01,2.04392291e+01,2.16244692e+01,2.36879451e+01
2.00000000e+01,2.19392198e+01,2.59481687e+01,3.18488227e+01
2.00000000e+01,2.11813624e+01,2.38768727e+01,2.80808417e+01
2.00000000e+01,2.19392197e+01,2.59461166e+01,3.18428844e+01
2.00000000e+01,2.19392194e+01,2.59480107e+01,3.18482895e+01
2.00000000e+01,2.11813624e+01,2.38767355e+01,2.80806439e+01
2.00000000e+01,2.11813621e+01,2.38768876e+01,2.80808890e+01
2.00000000e+01,2.19392196e+01,2.59460731e+01,3.18428616e+01
2.00000000e+01,2.11813621e+01,2.38766711e+01,2.80804728e+01
2.00000000e+01,2.61557554e+01,3.56575259e+01,4.78139027e+01
2.00000000e+01,2.31929046e+01,2.90941938e+01,3.72718667e+01
2.00000000e+01,2.61557555e+01,3.56208852e+01,4.77009624e+01
2.00000000e+01,2.61557545e+01,3.56574498e+01,4.78136973e+01
2.00000000e+01,2.31929045e+01,2.90954539e+01,3.72781238e+01
2.00000000e+01,2.31929042e+01,2.90944395e+01,3.72726580e+01
2.00000000e+01,2.61557546e+01,3.56162814e+01,4.76865570e+01
2.00000000e+01,2.31929042e+01,2.90947223e+01,3.72759777e+01
2.00000000e+01,2.00244381e+01,2.01220983e+01,2.03501742e+01
2.00000000e+01,2.00409351e+01,2.01936327e+01,2.05324890e+01
2.00000000e+01,2.00244381e+01,2.01221492e+01,2.03504460e+01
2.00000000e+01,2.00244382e+01,2.01221378e+01,2.03503853e+01
2.00000000e+01,2.00290343e+01,2.01427599e+01,2.04045539e+01
2.00000000e+01,2.00409351e+01,2.01936342e+01,2.05325138e+01
2.00000000e+01,2.00409351e+01,2.01936335e+01,2.05325065e+01
2.00000000e+01,2.00244382e+01,2.01221855e+01,2.03506416e+01
2.00000000e+01,2.00290344e+01,2.01428016e+01,2.04047762e+01
2.00000000e+01,2.00290344e+01,2.01427921e+01,2.04047258e+01
2.00000000e+01,2.00409352e+01,2.01936369e+01,2.05325412e+01
2.00000000e+01,2.00290345e+01,2.01428319e+01,2.04049400e+01
2.00000000e+01,2.01009444e+01,2.04350810e+01,2.11111101e+01
2.00000000e+01,2.00630134e+01,2.02848648e+01,2.07556067e+01
2.00000000e+01,2.01009444e+01,2.04349867e+01,2.11107134e+01
2.00000000e+01,2.01009444e+01,2.04350089e+01,2.11108063e+01
2.00000000e+01,2.00630135e+01,2.02848140e+01,2.07553882e+01
2.00000000e+01,2.00630134e+01,2.02848254e+01,2.07554374e+01
2.00000000e+01,2.01009445e+01,2.04349126e+01,2.11104030e+01
2.00000000e+01,2.00630135e+01,2.02847768e+01,2.07552311e+01
2.00000000e+01,2.02682534e+01,2.10463310e+01,2.24726601e+01
2.00000000e+01,2.01639732e+01,2.06732460e+01,2.16548189e+01
2.00000000e+01,2.02682533e+01,2.10461728e+01,2.24720941e+01
2.00000000e+01,2.02682533e+01,2.10462109e+01,2.24722304e+01
2.00000000e+01,2.01639732e+01,2.06731197e+01,2.16543213e+01
2.00000000e+01,2.01639732e+01,2.06731498e+01,2.16544398e+01
2.00000000e+01,2.02682534e+01,2.10460404e+01,2.24716194e+01
2.00000000e+01,2.01639733e+01,2.06730166e+01,2.16539159e+01
2.00000000e+01,2.07207024e+01,2.25141498e+01,2.54720862e+01
2.00000000e+01,2.04392287e+01,2.16238059e+01,2.36859547e+01
2.00000000e+01,2.07207024e+01,2.25137916e+01,2.54709634e+01
2.00000000e+01,2.07207024e+01,2.25138779e+01,2.54712366e+01
2.00000000e+01,2.04392287e+01,2.16235932e+01,2.36852701e+01
2.00000000e+01,2.04392288e+01,2.16236447e+01,2.36854363e+01
2.00000000e+01,2.07207024e+01,2.25134871e+01,2.54699813e+01
2.00000000e+01,2.04392288e+01,2.16234124e+01,2.36846788e+01
2.00000000e+01,2.19392195e+01,2.59396425e+01,3.18223424e+01
2.00000000e+01,2.11813620e+01,2.38741115e+01,2.80729638e+01
2.00000000e+01,2.19392196e+01,2.59373700e+01,3.18144211e+01
2.00000000e+01,2.19392196e+01,2.59379035e+01,3.18162933e+01
2.00000000e+01,2.11813621e+01,2.38732963e+01,2.80702475e+01
2.00000000e+01,2.11813620e+01,2.38734935e+01,2.80709112e+01
2.00000000e+01,2.19392199e+01,2.59355643e+01,3.18080367e+01
2.00000000e+01,2.11813620e+01,2.38726021e+01,2.80678770e+01
2.00000000e+01,2.61557531e+01,3.55403857e+01,4.74399449e+01
2.00000000e+01,2.31929033e+01,2.90627757e+01,3.71709871e+01
2.00000000e+01,2.61557528e+01,3.55315682e+01,4.74097979e+01
2.00000000e+01,2.61557524e+01,3.55334990e+01,4.74164388e+01
2.00000000e+01,2.31929034e+01,2.90573158e+01,3.71520041e+01
2.00000000e+01,2.31929032e+01,2.90585414e+01,3.71562918e+01
2.00000000e+01,2.61557537e+01,3.55254354e+01,4.73885806e+01
2.00000000e+01,2.31929040e+01,2.90533482e+01,3.71380360e+01
2.00000000e+01,2.00244382e+01,2.01219681e+01,2.03494861e+01
2.00000000e+01,2.00409351e+01,2.01936435e+01,2.05325120e+01
2.00000000e+01,2.00244381e+01,2.01220383e+01,2.03498558e+01
2.00000000e+01,2.00244382e+01,2.01220123e+01,2.03497183e+01
2.00000000e+01,2.00290344e+01,2.01426601e+01,2.04040297e+01
2.00000000e+01,2.00409351e+01,2.01936351e+01,2.05324844e+01
2.00000000e+01,2.00409351e+01,2.01936374e+01,2.05324899e+01
2.00000000e+01,2.00244381e+01,2.01220806e+01,2.03500799e+01
2.00000000e+01,2.00290344e+01,2.01427125e+01,2.04043035e+01
2.00000000e+01,2.00290344e+01,2.01426926e+01,2.04041993e+01
2.00000000e+01,2.00409351e+01,2.01936331e+01,2.05324856e+01
2.00000000e+01,2.00290344e+01,2.01427455e+01,2.04044778e+01
2.00000000e+01,2.01009445e+01,2.04352718e+01,2.11119227e+01
2.00000000e+01,2.00630134e+01,2.02849860e+01,2.07561417e+01
2.00000000e+01,2.01009444e+01,2.04351774e+01,2.11115190e+01
2.00000000e+01,2.01009444e+01,2.04352150e+01,2.11116790e+01
2.00000000e+01,2.00630134e+01,2.02849226e+01,2.07558598e+01
2.00000000e+01,2.00630134e+01,2.02849473e+01,2.07559687e+01
2.00000000e+01,2.01009444e+01,2.04351113e+01,2.11112385e+01
2.00000000e+01,2.00630134e+01,2.02848825e+01,2.07556837e+01
2.00000000e+01,2.02682535e+01,2.10466220e+01,2.24736958e+01
2.00000000e+01,2.01639732e+01,2.06734875e+01,2.16557760e+01
2.00000000e+01,2.02682534e+01,2.10464825e+01,2.24732002e+01
2.00000000e+01,2.02682534e+01,2.10465389e+01,2.24734000e+01
2.00000000e+01,2.01639732e+01,2.06733701e+01,2.16553099e+01
2.00000000e+01,2.01639732e+01,2.06734172e+01,2.16554961e+01
2.00000000e+01,2.02682534e+01,2.10463795e+01,2.24728330e+01
2.00000000e+01,2.01639732e+01,2.06732855e+01,2.16549747e+01
2.00000000e+01,2.07207024e+01,2.25147954e+01,2.54739974e+01
2.00000000e+01,2.04392288e+01,2.16241796e+01,2.36871169e+01
2.00000000e+01,2.07207024e+01,2.25144881e+01,2.54731088e+01
2.00000000e+01,2.07207023e+01,2.25146120e+01,2.54734710e+01
2.00000000e+01,2.04392288e+01,2.16240044e+01,2.36865801e+01
2.00000000e+01,2.04392288e+01,2.16240754e+01,2.36867989e+01
2.00000000e+01,2.07207024e+01,2.25142575e+01,2.54724155e+01
2.00000000e+01,2.04392288e+01,2.16238700e+01,2.36861577e+01
2.00000000e+01,2.19392194e+01,2.59439652e+01,3.18369378e+01
2.00000000e+01,2.11813621e+01,2.38754871e+01,2.80772717e+01
2.00000000e+01,2.19392195e+01,2.59418974e+01,3.18300498e+01
2.00000000e+01,2.19392196e+01,2.59427380e+01,3.18328757e+01
2.00000000e+01,2.11813620e+01,2.38748546e+01,2.80753491e+01
2.00000000e+01,2.11813620e+01,2.38751094e+01,2.80761348e+01
2.00000000e+01,2.19392196e+01,2.59403512e+01,3.18247828e+01
2.00000000e+01,2.11813620e+01,2.38743507e+01,2.80737407e+01
2.00000000e+01,2.61557532e+01,3.55645497e+01,4.75206169e+01
2.00000000e+01,2.31929040e+01,2.90760515e+01,3.72159869e+01
2.00000000e+01,2.61557531e+01,3.55512383e+01,4.74764851e+01
2.00000000e+01,2.61557535e+01,3.55561005e+01,4.74926834e+01
2.00000000e+01,2.31929037e+01,2.90690441e+01,3.71924309e+01
2.00000000e+01,2.31929039e+01,2.90716860e+01,3.72013638e+01
2.00000000e+01,2.61557532e+01,3.55435466e+01,4.74506467e+01
2.00000000e+01,2.31929036e+01,2.90646611e+01,3.71774750e+01
2.00000000e+01,2.00244382e+01,2.01217919e+01,2.03485672e+01
2.00000000e+01,2.00409351e+01,2.01936967e+01,2.05327605e+01
2.00000000e+01,2.00244382e+01,2.01218865e+01,2.03490591e+01
2.00000000e+01,2.00244382e+01,2.01218363e+01,2.03487972e+01
2.00000000e+01,2.00290344e+01,2.01425517e+01,2.04034752e+01
2.00000000e+01,2.00409351e+01,2.01936629e+01,2.05325980e+01
2.00000000e+01,2.00409350e+01,2.01936766e+01,2.05326622e+01
2.00000000e+01,2.00244382e+01,2.01219318e+01,2.03492952e+01
2.00000000e+01,2.00290344e+01,2.01426048e+01,2.04037447e+01
2.00000000e+01,2.00290344e+01,2.01425765e+01,2.04036006e+01
2.00000000e+01,2.00409351e+01,2.01936514e+01,2.05325458e+01
2.00000000e+01,2.00290344e+01,2.01426344e+01,2.04038971e+01
2.00000000e+01,2.01009445e+01,2.04354288e+01,2.11126024e+01
2.00000000e+01,2.00630134e+01,2.02851093e+01,2.07567033e+01
2.00000000e+01,2.01009445e+01,2.04353573e+01,2.11122910e+01
2.00000000e+01,2.01009445e+01,2.04353959e+01,2.11124571e+01
2.00000000e+01,2.00630134e+01,2.02850508e+01,2.07564345e+01
2.00000000e+01,2.00630134e+01,2.02850862e+01,2.07565969e+01
2.00000000e+01,2.01009445e+01,2.04353133e+01,2.11121010e+01
2.00000000e+01,2.00630134e+01,2.02850169e+01,2.07562806e+01
2.00000000e+01,2.02682536e+01,2.10468405e+01,2.24744669e+01
2.00000000e+01,2.01639733e+01,2.06736772e+01,2.16565397e+01
2.00000000e+01,2.02682535e+01,2.10467432e+01,2.24741246e+01
2.00000000e+01,2.02682535e+01,2.10468025e+01,2.24743323e+01
2.00000000e+01,2.01639733e+01,2.06735917e+01,2.16561933e+01
2.00000000e+01,2.01639733e+01,2.06736413e+01,2.16563938e+01
2.00000000e+01,2.02682535e+01,2.10466808e+01,2.24739039e+01
2.00000000e+01,2.01639733e+01,2.06735380e+01,2.16559778e+01
2.00000000e+01,2.07207024e+01,2.25152427e+01,2.54751754e+01
2.00000000e+01,2.04392290e+01,2.16244139e+01,2.36877862e+01
2.00000000e+01,2.07207024e+01,2.25150566e+01,2.54747149e+01
2.00000000e+01,2.07207025e+01,2.25151970e+01,2.54751019e+01
2.00000000e+01,2.04392289e+01,2.16243188e+01,2.36875268e+01
2.00000000e+01,2.04392289e+01,2.16243713e+01,2.36876692e+01
2.00000000e+01,2.07207025e+01,2.25149223e+01,2.54743496e+01
2.00000000e+01,2.04392289e+01,2.16242492e+01,2.36873242e+01
2.00000000e+01,2.19392196e+01,2.59463283e+01,3.18441100e+01
2.00000000e+01,2.11813622e+01,2.38763460e+01,2.80795511e+01
2.00000000e+01,2.19392196e+01,2.59455236e+01,3.18418956e+01
2.00000000e+01,2.19392197e+01,2.59461726e+01,3.18438343e+01
2.00000000e+01,2.11813621e+01,2.38759785e+01,2.80786418e+01
2.00000000e+01,2.11813620e+01,2.38761473e+01,2.80790294e+01
2.00000000e+01,2.19392196e+01,2.59447534e+01,3.18394819e+01
2.00000000e+01,2.11813620e+01,2.38757256e+01,2.80779483e+01
2.00000000e+01,2.61557536e+01,3.56012676e+01,4.76391849e+01
2.00000000e+01,2.31929041e+01,2.90908823e+01,3.72641591e+01
2.00000000e+01,2.61557533e+01,3.55809838e+01,4.75741897e+01
2.00000000e+01,2.61557537e+01,3.55914749e+01,4.76079153e+01
2.00000000e+01,2.31929040e+01,2.90835471e+01,3.72406564e+01
2.00000000e+01,2.31929041e+01,2.90874452e+01,3.72532411e+01
2.00000000e+01,2.61557537e+01,3.55717799e+01,4.75442919e+01
2.00000000e+01,2.31929040e+01,2.90795037e+01,3.72274177e+01
2.00000000e+01,2.00244382e+01,2.01215384e+01,2.03472528e+01
2.00000000e+01,2.00409351e+01,2.01937579e+01,2.05330748e+01
2.00000000e+01,2.00244382e+01,2.01216827e+01,2.03480010e+01
2.00000000e+01,2.00244382e+01,2.01215401e+01,2.03472607e+01
2.00000000e+01,2.00290344e+01,2.01425319e+01,2.04034014e+01
2.00000000e+01,2.00409351e+01,2.01937529e+01,2.05330404e+01
2.00000000e+01,2.00409350e+01,2.01937619e+01,2.05330946e+01
2.00000000e+01,2.00244382e+01,2.01217103e+01,2.03481437e+01
2.00000000e+01,2.00290344e+01,2.01425136e+01,2.04032893e+01
2.00000000e+01,2.00290344e+01,2.01425295e+01,2.04033892e+01
2.00000000e+01,2.00409351e+01,2.01937424e+01,2.05329869e+01
2.00000000e+01,2.00290344e+01,2.01425191e+01,2.04033145e+01
2.00000000e+01,2.01009446e+01,2.04355257e+01,2.11130462e+01
2.00000000e+01,2.00630134e+01,2.02851497e+01,2.07569062e+01
2.00000000e+01,2.01009445e+01,2.04354953e+01,2.11129049e+01
2.00000000e+01,2.01009445e+01,2.04355272e+01,2.11130531e+01
2.00000000e+01,2.00630134e+01,2.02851370e+01,2.07568349e+01
2.00000000e+01,2.00630135e+01,2.02851494e+01,2.07569045e+01
2.00000000e+01,2.01009445e+01,2.04354832e+01,2.11128488e+01
2.00000000e+01,2.00630135e+01,2.02851324e+01,2.07568118e+01
2.00000000e+01,2.02682536e+01,2.10469161e+01,2.24747214e+01
2.00000000e+01,2.01639733e+01,2.06737466e+01,2.16568278e+01
2.00000000e+01,2.02682536e+01,2.10468836e+01,2.24746204e+01
2.00000000e+01,2.02682535e+01,2.10469133e+01,2.24747127e+01
2.00000000e+01,2.01639733e+01,2.06737302e+01,2.16567542e+01
2.00000000e+01,2.01639734e+01,2.06737474e+01,2.16568305e+01
2.00000000e+01,2.02682536e+01,2.10468757e+01,2.24745927e+01
2.00000000e+01,2.01639733e+01,2.06737209e+01,2.16567162e+01
2.00000000e+01,2.07207024e+01,2.25152802e+01,2.54749398e+01
2.00000000e+01,2.04392290e+01,2.16245056e+01,2.36880346e+01
2.00000000e+01,2.07207024e+01,2.25151608e+01,2.54747069e+01
2.00000000e+01,2.07207025e+01,2.25152541e+01,2.54748515e+01
2.00000000e+01,2.04392290e+01,2.16244916e+01,2.36880048e+01
2.00000000e+01,2.04392290e+01,2.16245090e+01,2.36880455e+01
2.00000000e+01,2.07207025e+01,2.25151708e+01,2.54747827e+01
2.00000000e+01,2.04392290e+01,2.16244788e+01,2.36879701e+01
2.00000000e+01,2.19392196e+01,2.59483169e+01,3.18493162e+01
2.00000000e+01,2.11813622e+01,2.38768398e+01,2.80807277e+01
2.00000000e+01,2.19392197e+01,2.59461494e+01,3.18428344e+01
2.00000000e+01,2.19392197e+01,2.59481325e+01,3.18486953e+01
2.00000000e+01,2.11813621e+01,2.38767987e+01,2.80807983e+01
2.00000000e+01,2.11813620e+01,2.38768636e+01,2.80808058e+01
2.00000000e+01,2.19392197e+01,2.59460884e+01,3.18428002e+01
2.00000000e+01,2.11813621e+01,2.38767176e+01,2.80805847e+01
2.00000000e+01,2.61557537e+01,3.56575761e+01,4.78140262e+01
2.00000000e+01,2.31929042e+01,2.90939962e+01,3.72712318e+01
2.00000000e+01,2.61557537e+01,3.56266123e+01,4.77188073e+01
2.00000000e+01,2.61557538e+01,3.56574941e+01,4.78138157e+01
2.00000000e+01,2.31929040e+01,2.90961865e+01,3.72801962e+01
2.00000000e+01,2.31929041e+01,2.90942792e+01,3.72721492e+01
2.00000000e+01,2.61557539e+01,3.56203013e+01,4.76991341e+01
2.00000000e+01,2.31929041e+01,2.90953950e+01,3.72779664e+01
2.00000000e+01,2.00244383e+01,2.01221599e+01,2.03505041e+01
2.00000000e+01,2.00409351e+01,2.01936349e+01,2.05325206e+01
2.00000000e+01,2.00244383e+01,2.01222083e+01,2.03507657e+01
2.00000000e+01,2.00244382e+01,2.01221378e+01,2.03503853e+01
2.00000000e+01,2.00290345e+01,2.01428107e+01,2.04048251e+01
2.00000000e+01,2.00409351e+01,2.01936394e+01,2.05325631e+01
2.00000000e+01,2.00409351e+01,2.01936337e+01,2.05325068e+01
2.00000000e+01,2.00244383e+01,2.01221855e+01,2.03506416e+01
2.00000000e+01,2.00290347e+01,2.01428515e+01,2.04050460e+01
2.00000000e+01,2.00290344e+01,2.01427922e+01,2.04047259e+01
2.00000000e+01,2.00409352e+01,2.01936370e+01,2.05325414e+01
2.00000000e+01,2.00290345e+01,2.01428320e+01,2.04049400e+01
2.00000000e+01,2.01009445e+01,2.04349652e+01,2.11106228e+01
2.00000000e+01,2.00630135e+01,2.02848027e+01,2.07553402e+01
2.00000000e+01,2.01009444e+01,2.04348621e+01,2.11101927e+01
2.00000000e+01,2.01009443e+01,2.04350090e+01,2.11108064e+01
2.00000000e+01,2.00630137e+01,2.02847528e+01,2.07551308e+01
2.00000000e+01,2.00630134e+01,2.02848256e+01,2.07554375e+01
2.00000000e+01,2.01009444e+01,2.04349126e+01,2.11104030e+01
2.00000000e+01,2.00630135e+01,2.02847769e+01,2.07552312e+01
2.00000000e+01,2.02682534e+01,2.10461352e+01,2.24719601e+01
2.00000000e+01,2.01639734e+01,2.06730902e+01,2.16542053e+01
2.00000000e+01,2.02682533e+01,2.10459465e+01,2.24712820e+01
2.00000000e+01,2.02682532e+01,2.10462108e+01,2.24722304e+01
2.00000000e+01,2.01639735e+01,2.06729445e+01,2.16536335e+01
2.00000000e+01,2.01639732e+01,2.06731499e+01,2.16544398e+01
2.00000000e+01,2.02682533e+01,2.10460404e+01,2.24716194e+01
2.00000000e+01,2.01639733e+01,2.06730166e+01,2.16539159e+01
2.00000000e+01,2.07207024e+01,2.25137061e+01,2.54706923e+01
2.00000000e+01,2.04392289e+01,2.16235419e+01,2.36851050e+01
2.00000000e+01,2.07207023e+01,2.25132689e+01,2.54692660e+01
2.00000000e+01,2.07207024e+01,2.25138774e+01,2.54712364e+01
2.00000000e+01,2.04392289e+01,2.16232828e+01,2.36842511e+01
2.00000000e+01,2.04392287e+01,2.16236443e+01,2.36854362e+01
2.00000000e+01,2.07207024e+01,2.25134867e+01,2.54699811e+01
2.00000000e+01,2.04392288e+01,2.16234122e+01,2.36846788e+01
2.00000000e+01,2.19392196e+01,2.59368531e+01,3.18126053e+01
2.00000000e+01,2.11813621e+01,2.38731038e+01,2.80695980e+01
2.00000000e+01,2.19392197e+01,2.59343416e+01,3.18036702e+01
2.00000000e+01,2.19392197e+01,2.59379030e+01,3.18162937e+01
2.00000000e+01,2.11813619e+01,2.38721088e+01,2.80661677e+01
2.00000000e+01,2.11813621e+01,2.38734929e+01,2.80709113e+01
2.00000000e+01,2.19392199e+01,2.59355640e+01,3.18080371e+01
2.00000000e+01,2.11813621e+01,2.38726016e+01,2.80678770e+01
2.00000000e+01,2.61557539e+01,3.55297105e+01,4.74034052e+01
2.00000000e+01,2.31929042e+01,2.90561254e+01,3.71478389e+01
2.00000000e+01,2.61557549e+01,3.55216384e+01,4.73753143e+01
2.00000000e+01,2.61557521e+01,3.55334998e+01,4.74164387e+01
2.00000000e+01,2.31929052e+01,2.90508060e+01,3.71290023e+01
2.00000000e+01,2.31929033e+01,2.90585416e+01,3.71562918e+01
2.00000000e+01,2.61557535e+01,3.55254362e+01,4.73885801e+01
2.00000000e+01,2.31929041e+01,2.90533482e+01,3.71380360e+01
2.00000000e+01,2.00244382e+01,2.01220268e+01,2.03497952e+01
2.00000000e+01,2.00409351e+01,2.01936355e+01,2.05324841e+01
2.00000000e+01,2.00244382e+01,2.01221001e+01,2.03501835e+01
2.00000000e+01,2.00244382e+01,2.01220123e+01,2.03497183e+01
2.00000000e+01,2.00290345e+01,2.01427038e+01,2.04042581e+01
2.00000000e+01,2.00409351e+01,2.01936328e+01,2.05324898e+01
2.00000000e+01,2.00409351e+01,2.01936374e+01,2.05324900e+01
2.00000000e+01,2.00244382e+01,2.01220806e+01,2.03500799e+01
2.00000000e+01,2.00290345e+01,2.01427614e+01,2.04045616e+01
2.00000000e+01,2.00290344e+01,2.01426926e+01,2.04041993e+01
2.00000000e+01,2.00409351e+01,2.01936332e+01,2.05324857e+01
2.00000000e+01,2.00290344e+01,2.01427456e+01,2.04044779e+01
2.00000000e+01,2.01009445e+01,2.04351940e+01,2.11115904e+01
2.00000000e+01,2.00630135e+01,2.02849330e+01,2.07559059e+01
2.00000000e+01,2.01009445e+01,2.04350777e+01,2.11110963e+01
2.00000000e+01,2.01009444e+01,2.04352148e+01,2.11116788e+01
2.00000000e+01,2.00630135e+01,2.02848629e+01,2.07555985e+01
2.00000000e+01,2.00630134e+01,2.02849472e+01,2.07559687e+01
2.00000000e+01,2.01009444e+01,2.04351113e+01,2.11112384e+01
2.00000000e+01,2.00630134e+01,2.02848825e+01,2.07556838e+01
2.00000000e+01,2.02682536e+01,2.10465075e+01,2.24732900e+01
2.00000000e+01,2.01639734e+01,2.06733909e+01,2.16553929e+01
2.00000000e+01,2.02682535e+01,2.10463257e+01,2.24726418e+01
2.00000000e+01,2.02682535e+01,2.10465386e+01,2.24733998e+01
2.00000000e+01,2.01639733e+01,2.06732417e+01,2.16548022e+01
2.00000000e+01,2.01639732e+01,2.06734169e+01,2.16554959e+01
2.00000000e+01,2.02682534e+01,2.10463793e+01,2.24728328e+01
2.00000000e+01,2.01639732e+01,2.06732854e+01,2.16549746e+01
2.00000000e+01,2.07207026e+01,2.25145435e+01,2.54732735e+01
2.00000000e+01,2.04392290e+01,2.16240361e+01,2.36866801e+01
2.00000000e+01,2.07207025e+01,2.25141383e+01,2.54720533e+01
2.00000000e+01,2.07207024e+01,2.25146116e+01,2.54734708e+01
2.00000000e+01,2.04392289e+01,2.16237987e+01,2.36859336e+01
2.00000000e+01,2.04392289e+01,2.16240751e+01,2.36867988e+01
2.00000000e+01,2.07207024e+01,2.25142572e+01,2.54724154e+01
2.00000000e+01,2.04392288e+01,2.16238696e+01,2.36861576e+01
2.00000000e+01,2.19392195e+01,2.59422930e+01,3.18313871e+01
2.00000000e+01,2.11813621e+01,2.38749759e+01,2.80757310e+01
2.00000000e+01,2.19392195e+01,2.59395663e+01,3.18220820e+01
2.00000000e+01,2.19392197e+01,2.59427377e+01,3.18328758e+01
2.00000000e+01,2.11813621e+01,2.38740868e+01,2.80728856e+01
2.00000000e+01,2.11813620e+01,2.38751091e+01,2.80761348e+01
2.00000000e+01,2.19392196e+01,2.59403510e+01,3.18247830e+01
2.00000000e+01,2.11813621e+01,2.38743503e+01,2.80737406e+01
2.00000000e+01,2.61557537e+01,3.55533453e+01,4.74835234e+01
2.00000000e+01,2.31929039e+01,2.90701887e+01,3.71963156e+01
2.00000000e+01,2.61557534e+01,3.55400723e+01,4.74388820e+01
2.00000000e+01,2.61557532e+01,3.55561007e+01,4.74926835e+01
2.00000000e+01,2.31929037e+01,2.90625808e+01,3.71703175e+01
2.00000000e+01,2.31929039e+01,2.90716860e+01,3.72013639e+01
2.00000000e+01,2.61557529e+01,3.55435469e+01,4.74506467e+01
2.00000000e+01,2.31929036e+01,2.90646612e+01,3.71774751e+01
2.00000000e+01,2.00244382e+01,2.01218322e+01,2.03487760e+01
2.00000000e+01,2.00409351e+01,2.01936777e+01,2.05326679e+01
2.00000000e+01,2.00244382e+01,2.01219385e+01,2.03493308e+01
2.00000000e+01,2.00244382e+01,2.01218363e+01,2.03487972e+01
2.00000000e+01,2.00290345e+01,2.01425736e+01,2.04035860e+01
2.00000000e+01,2.00409351e+01,2.01936492e+01,2.05325362e+01
2.00000000e+01,2.00409351e+01,2.01936766e+01,2.05326622e+01
2.00000000e+01,2.00244382e+01,2.01219318e+01,2.03492952e+01
2.00000000e+01,2.00290345e+01,2.01426393e+01,2.04039225e+01
2.00000000e+01,2.00290344e+01,2.01425765e+01,2.04036006e+01
2.00000000e+01,2.00409351e+01,2.01936514e+01,2.05325458e+01
2.00000000e+01,2.00290344e+01,2.01426344e+01,2.04038971e+01
2.00000000e+01,2.01009446e+01,2.04353990e+01,2.11124715e+01
2.00000000e+01,2.00630135e+01,2.02850882e+01,2.07566062e+01
2.00000000e+01,2.01009446e+01,2.04353052e+01,2.11120668e+01
2.00000000e+01,2.01009445e+01,2.04353957e+01,2.11124569e+01
2.00000000e+01,2.00630135e+01,2.02850105e+01,2.07562519e+01
2.00000000e+01,2.00630135e+01,2.02850861e+01,2.07565968e+01
2.00000000e+01,2.01009445e+01,2.04353131e+01,2.11121008e+01
2.00000000e+01,2.00630135e+01,2.02850168e+01,2.07562805e+01
2.00000000e+01,2.02682537e+01,2.10468062e+01,2.24743468e+01
2.00000000e+01,2.01639734e+01,2.06736445e+01,2.16564081e+01
2.00000000e+01,2.02682536e+01,2.10466698e+01,2.24738659e+01
2.00000000e+01,2.02682536e+01,2.10468022e+01,2.24743320e+01
2.00000000e+01,2.01639734e+01,2.06735282e+01,2.16559398e+01
2.00000000e+01,2.01639733e+01,2.06736410e+01,2.16563935e+01
2.00000000e+01,2.02682535e+01,2.10466806e+01,2.24739036e+01
2.00000000e+01,2.01639733e+01,2.06735378e+01,2.16559776e+01
2.00000000e+01,2.07207027e+01,2.25152029e+01,2.54751158e+01
2.00000000e+01,2.04392291e+01,2.16243752e+01,2.36876819e+01
2.00000000e+01,2.07207027e+01,2.25149005e+01,2.54742935e+01
2.00000000e+01,2.07207025e+01,2.25151968e+01,2.54751017e+01
2.00000000e+01,2.04392291e+01,2.16242363e+01,2.36872882e+01
2.00000000e+01,2.04392290e+01,2.16243710e+01,2.36876690e+01
2.00000000e+01,2.07207025e+01,2.25149220e+01,2.54743495e+01
2.00000000e+01,2.04392290e+01,2.16242489e+01,2.36873240e+01
2.00000000e+01,2.19392195e+01,2.59462093e+01,3.18439393e+01
2.00000000e+01,2.11813622e+01,2.38761755e+01,2.80791128e+01
2.00000000e+01,2.19392195e+01,2.59446325e+01,3.18391016e+01
2.00000000e+01,2.19392197e+01,2.59461724e+01,3.18438342e+01
2.00000000e+01,2.11813622e+01,2.38756903e+01,2.80778582e+01
2.00000000e+01,2.11813620e+01,2.38761471e+01,2.80790293e+01
2.00000000e+01,2.19392197e+01,2.59447532e+01,3.18394819e+01
2.00000000e+01,2.11813620e+01,2.38757254e+01,2.80779483e+01
2.00000000e+01,2.61557543e+01,3.55923357e+01,4.76107014e+01
2.00000000e+01,2.31929040e+01,2.90878383e+01,3.72545044e+01
2.00000000e+01,2.61557540e+01,3.55703934e+01,4.75397663e+01
2.00000000e+01,2.61557535e+01,3.55914749e+01,4.76079155e+01
2.00000000e+01,2.31929039e+01,2.90788351e+01,3.72252129e+01
2.00000000e+01,2.31929041e+01,2.90874450e+01,3.72532412e+01
2.00000000e+01,2.61557535e+01,3.55717800e+01,4.75442921e+01
2.00000000e+01,2.31929040e+01,2.90795037e+01,3.72274179e+01
2.00000000e+01,2.00244382e+01,2.01215397e+01,2.03472588e+01
2.00000000e+01,2.00409352e+01,2.01937606e+01,2.05330888e+01
2.00000000e+01,2.00244382e+01,2.01217077e+01,2.03481300e+01
2.00000000e+01,2.00244382e+01,2.01215400e+01,2.03472607e+01
2.00000000e+01,2.00290345e+01,2.01425302e+01,2.04033925e+01
2.00000000e+01,2.00409352e+01,2.01937425e+01,2.05329882e+01
2.00000000e+01,2.00409351e+01,2.01937618e+01,2.05330945e+01
2.00000000e+01,2.00244382e+01,2.01217103e+01,2.03481438e+01
2.00000000e+01,2.00290345e+01,2.01425186e+01,2.04033125e+01
2.00000000e+01,2.00290345e+01,2.01425295e+01,2.04033892e+01
2.00000000e+01,2.00409351e+01,2.01937423e+01,2.05329868e+01
2.00000000e+01,2.00290345e+01,2.01425190e+01,2.04033145e+01
2.00000000e+01,2.01009446e+01,2.04355269e+01,2.11130527e+01
2.00000000e+01,2.00630136e+01,2.02851487e+01,2.07569014e+01
2.00000000e+01,2.01009446e+01,2.04354843e+01,2.11128547e+01
2.00000000e+01,2.01009445e+01,2.04355269e+01,2.11130529e+01
2.00000000e+01,2.00630135e+01,2.02851322e+01,2.07568113e+01
2.00000000e+01,2.00630135e+01,2.02851493e+01,2.07569043e+01
2.00000000e+01,2.01009446e+01,2.04354830e+01,2.11128486e+01
2.00000000e+01,2.00630135e+01,2.02851322e+01,2.07568117e+01
2.00000000e+01,2.02682537e+01,2.10469123e+01,2.24747103e+01
2.00000000e+01,2.01639734e+01,2.06737467e+01,2.16568285e+01
2.00000000e+01,2.02682537e+01,2.10468761e+01,2.24745948e+01
2.00000000e+01,2.02682536e+01,2.10469130e+01,2.24747124e+01
2.00000000e+01,2.01639734e+01,2.06737213e+01,2.16567185e+01
2.00000000e+01,2.01639734e+01,2.06737471e+01,2.16568303e+01
2.00000000e+01,2.02682536e+01,2.10468755e+01,2.24745924e+01
2.00000000e+01,2.01639734e+01,2.06737207e+01,2.16567159e+01
2.00000000e+01,2.07207028e+01,2.25152513e+01,2.54748431e+01
2.00000000e+01,2.04392291e+01,2.16245092e+01,2.36880486e+01
2.00000000e+01,2.07207028e+01,2.25151679e+01,2.54747701e+01
2.00000000e+01,2.07207025e+01,2.25152539e+01,2.54748514e+01
2.00000000e+01,2.04392291e+01,2.16244799e+01,2.36879753e+01
2.00000000e+01,2.04392291e+01,2.16245088e+01,2.36880453e+01
2.00000000e+01,2.07207025e+01,2.25151706e+01,2.54747826e+01
2.00000000e+01,2.04392290e+01,2.16244786e+01,2.36879699e+01
2.00000000e+01,2.19392196e+01,2.59481687e+01,3.18488224e+01
2.00000000e+01,2.11813623e+01,2.38768726e+01,2.80808416e+01
2.00000000e+01,2.19392196e+01,2.59461166e+01,3.18428843e+01
2.00000000e+01,2.19392197e+01,2.59481323e+01,3.18486952e+01
2.00000000e+01,2.11813623e+01,2.38767355e+01,2.80806436e+01
2.00000000e+01,2.11813620e+01,2.38768634e+01,2.80808057e+01
2.00000000e+01,2.19392197e+01,2.59460883e+01,3.18428001e+01
2.00000000e+01,2.11813621e+01,2.38767174e+01,2.80805846e+01
2.00000000e+01,2.61557546e+01,3.56575264e+01,4.78139037e+01
2.00000000e+01,2.31929040e+01,2.90941945e+01,3.72718671e+01
2.00000000e+01,2.61557546e+01,3.56208858e+01,4.77009633e+01
2.00000000e+01,2.61557536e+01,3.56574941e+01,4.78138161e+01
2.00000000e+01,2.31929040e+01,2.90954546e+01,3.72781243e+01
2.00000000e+01,2.31929040e+01,2.90942790e+01,3.72721493e+01
2.00000000e+01,2.61557537e+01,3.56203013e+01,4.76991343e+01
2.00000000e+01,2.31929041e+01,2.90953949e+01,3.72779665e+01
2.00000000e+01,2.00244383e+01,2.01221806e+01,2.03506160e+01
2.00000000e+01,2.00409352e+01,2.01936365e+01,2.05325367e+01
2.00000000e+01,2.00244384e+01,2.01222277e+01,2.03508709e+01
2.00000000e+01,2.00244383e+01,2.01221787e+01,2.03506052e+01
2.00000000e+01,2.00290346e+01,2.01428282e+01,2.04049193e+01
2.00000000e+01,2.00409352e+01,2.01936416e+01,2.05325837e+01
2.00000000e+01,2.00409352e+01,2.01936364e+01,2.05325354e+01
2.00000000e+01,2.00244384e+01,2.01222242e+01,2.03508517e+01
2.00000000e+01,2.00290346e+01,2.01428681e+01,2.04051365e+01
2.00000000e+01,2.00290345e+01,2.01428264e+01,2.04049097e+01
2.00000000e+01,2.00409352e+01,2.01936413e+01,2.05325800e+01
2.00000000e+01,2.00290346e+01,2.01428650e+01,2.04051196e+01
2.00000000e+01,2.01009445e+01,2.04349222e+01,2.11104428e+01
2.00000000e+01,2.00630135e+01,2.02847813e+01,2.07552495e+01
2.00000000e+01,2.01009445e+01,2.04348177e+01,2.11100081e+01
2.00000000e+01,2.01009445e+01,2.04349267e+01,2.11104619e+01
2.00000000e+01,2.00630134e+01,2.02847326e+01,2.07550465e+01
2.00000000e+01,2.00630134e+01,2.02847837e+01,2.07552595e+01
2.00000000e+01,2.01009445e+01,2.04348262e+01,2.11100434e+01
2.00000000e+01,2.00630135e+01,2.02847364e+01,2.07550626e+01
2.00000000e+01,2.02682533e+01,2.10460583e+01,2.24716838e+01
2.00000000e+01,2.01639732e+01,2.06730305e+01,2.16539698e+01
2.00000000e+01,2.02682532e+01,2.10458608e+01,2.24709725e+01
2.00000000e+01,2.02682533e+01,2.10460661e+01,2.24717118e+01
2.00000000e+01,2.01639730e+01,2.06728801e+01,2.16533791e+01
2.00000000e+01,2.01639731e+01,2.06730367e+01,2.16539942e+01
2.00000000e+01,2.02682533e+01,2.10458770e+01,2.24710315e+01
2.00000000e+01,2.01639732e+01,2.06728923e+01,2.16534277e+01
2.00000000e+01,2.07207024e+01,2.25135291e+01,2.54701214e+01
2.00000000e+01,2.04392287e+01,2.16234369e+01,2.36847606e+01
2.00000000e+01,2.07207024e+01,2.25130669e+01,2.54685945e+01
2.00000000e+01,2.07207023e+01,2.25135459e+01,2.54701752e+01
2.00000000e+01,2.04392284e+01,2.16231639e+01,2.36838528e+01
2.00000000e+01,2.04392286e+01,2.16234473e+01,2.36847942e+01
2.00000000e+01,2.07207023e+01,2.25131045e+01,2.54687200e+01
2.00000000e+01,2.04392287e+01,2.16231861e+01,2.36839280e+01
2.00000000e+01,2.19392192e+01,2.59358088e+01,3.18089092e+01
2.00000000e+01,2.11813621e+01,2.38726999e+01,2.80682192e+01
2.00000000e+01,2.19392196e+01,2.59332610e+01,3.17997825e+01
2.00000000e+01,2.19392194e+01,2.59359093e+01,3.18092675e+01
2.00000000e+01,2.11813621e+01,2.38716548e+01,2.80645803e+01
2.00000000e+01,2.11813621e+01,2.38727379e+01,2.80683475e+01
2.00000000e+01,2.19392195e+01,2.59334615e+01,3.18005072e+01
2.00000000e+01,2.11813621e+01,2.38717396e+01,2.80648771e+01
2.00000000e+01,2.61557539e+01,3.55262081e+01,4.73912734e+01
2.00000000e+01,2.31929032e+01,2.90538461e+01,3.71398036e+01
2.00000000e+01,2.61557544e+01,3.55184785e+01,4.73641989e+01
2.00000000e+01,2.61557542e+01,3.55265515e+01,4.73924669e+01
2.00000000e+01,2.31929025e+01,2.90486545e+01,3.71212941e+01
2.00000000e+01,2.31929032e+01,2.90540775e+01,3.71406183e+01
2.00000000e+01,2.61557545e+01,3.55190568e+01,4.73662400e+01
2.00000000e+01,2.31929038e+01,2.90490550e+01,3.71227329e+01
2.00000000e+01,2.00244383e+01,2.01220476e+01,2.03499055e+01
2.00000000e+01,2.00409352e+01,2.01936337e+01,2.05324803e+01
2.00000000e+01,2.00244383e+01,2.01221214e+01,2.03502977e+01
2.00000000e+01,2.00244383e+01,2.01220522e+01,2.03499291e+01
2.00000000e+01,2.00290345e+01,2.01427200e+01,2.04043429e+01
2.00000000e+01,2.00409352e+01,2.01936331e+01,2.05324978e+01
2.00000000e+01,2.00409351e+01,2.01936338e+01,2.05324813e+01
2.00000000e+01,2.00244383e+01,2.01221221e+01,2.03503009e+01
2.00000000e+01,2.00290345e+01,2.01427788e+01,2.04046544e+01
2.00000000e+01,2.00290345e+01,2.01427233e+01,2.04043604e+01
2.00000000e+01,2.00409351e+01,2.01936332e+01,2.05324988e+01
2.00000000e+01,2.00290345e+01,2.01427791e+01,2.04046562e+01
2.00000000e+01,2.01009446e+01,2.04351629e+01,2.11114582e+01
2.00000000e+01,2.00630136e+01,2.02849132e+01,2.07558185e+01
2.00000000e+01,2.01009446e+01,2.04350392e+01,2.11109339e+01
2.00000000e+01,2.01009445e+01,2.04351565e+01,2.11114308e+01
2.00000000e+01,2.00630135e+01,2.02848415e+01,2.07555060e+01
2.00000000e+01,2.00630135e+01,2.02849097e+01,2.07558031e+01
2.00000000e+01,2.01009445e+01,2.04350386e+01,2.11109316e+01
2.00000000e+01,2.00630135e+01,2.02848414e+01,2.07555055e+01
2.00000000e+01,2.02682536e+01,2.10464604e+01,2.24731226e+01
2.00000000e+01,2.01639734e+01,2.06733517e+01,2.16552378e+01
2.00000000e+01,2.02682535e+01,2.10462624e+01,2.24724154e+01
2.00000000e+01,2.02682535e+01,2.10464503e+01,2.24730866e+01
2.00000000e+01,2.01639733e+01,2.06731908e+01,2.16546012e+01
2.00000000e+01,2.01639733e+01,2.06733436e+01,2.16552053e+01
2.00000000e+01,2.02682534e+01,2.10462608e+01,2.24724102e+01
2.00000000e+01,2.01639733e+01,2.06731898e+01,2.16545975e+01
2.00000000e+01,2.07207026e+01,2.25144393e+01,2.54729664e+01
2.00000000e+01,2.04392290e+01,2.16239753e+01,2.36864916e+01
2.00000000e+01,2.07207025e+01,2.25139957e+01,2.54716114e+01
2.00000000e+01,2.07207024e+01,2.25144160e+01,2.54728957e+01
2.00000000e+01,2.04392288e+01,2.16237142e+01,2.36856630e+01
2.00000000e+01,2.04392289e+01,2.16239616e+01,2.36864474e+01
2.00000000e+01,2.07207024e+01,2.25139908e+01,2.54715944e+01
2.00000000e+01,2.04392288e+01,2.16237118e+01,2.36856551e+01
2.00000000e+01,2.19392195e+01,2.59415902e+01,3.18290166e+01
2.00000000e+01,2.11813621e+01,2.38747547e+01,2.80750403e+01
2.00000000e+01,2.19392193e+01,2.59386456e+01,3.18188903e+01
2.00000000e+01,2.19392193e+01,2.59414253e+01,3.18284556e+01
2.00000000e+01,2.11813621e+01,2.38737649e+01,2.80718239e+01
2.00000000e+01,2.11813620e+01,2.38746966e+01,2.80748514e+01
2.00000000e+01,2.19392194e+01,2.59386176e+01,3.18187933e+01
2.00000000e+01,2.11813621e+01,2.38737530e+01,2.80717817e+01
2.00000000e+01,2.61557541e+01,3.55494714e+01,4.74705823e+01
2.00000000e+01,2.31929036e+01,2.90680375e+01,3.71890218e+01
2.00000000e+01,2.61557540e+01,3.55363121e+01,4.74260828e+01
2.00000000e+01,2.61557536e+01,3.55486782e+01,4.74679174e+01
2.00000000e+01,2.31929033e+01,2.90602884e+01,3.71623837e+01
2.00000000e+01,2.31929038e+01,2.90675957e+01,3.71875155e+01
2.00000000e+01,2.61557538e+01,3.55362198e+01,4.74257672e+01
2.00000000e+01,2.31929036e+01,2.90602427e+01,3.71622230e+01
2.00000000e+01,2.00244383e+01,2.01218471e+01,2.03488539e+01
2.00000000e+01,2.00409352e+01,2.01936710e+01,2.05326359e+01
2.00000000e+01,2.00244383e+01,2.01219575e+01,2.03494300e+01
2.00000000e+01,2.00244383e+01,2.01218642e+01,2.03489425e+01
2.00000000e+01,2.00290346e+01,2.01425823e+01,2.04036300e+01
2.00000000e+01,2.00409352e+01,2.01936451e+01,2.05325189e+01
2.00000000e+01,2.00409352e+01,2.01936648e+01,2.05326060e+01
2.00000000e+01,2.00244383e+01,2.01219675e+01,2.03494823e+01
2.00000000e+01,2.00290345e+01,2.01426526e+01,2.04039910e+01
2.00000000e+01,2.00290345e+01,2.01425931e+01,2.04036851e+01
2.00000000e+01,2.00409352e+01,2.01936438e+01,2.05325139e+01
2.00000000e+01,2.00290345e+01,2.01426594e+01,2.04040264e+01
2.00000000e+01,2.01009447e+01,2.04353869e+01,2.11124191e+01
2.00000000e+01,2.00630136e+01,2.02850791e+01,2.07565651e+01
2.00000000e+01,2.01009447e+01,2.04352838e+01,2.11119752e+01
2.00000000e+01,2.01009446e+01,2.04353726e+01,2.11123567e+01
2.00000000e+01,2.00630136e+01,2.02849945e+01,2.07561804e+01
2.00000000e+01,2.00630136e+01,2.02850687e+01,2.07565176e+01
2.00000000e+01,2.01009446e+01,2.04352729e+01,2.11119284e+01
2.00000000e+01,2.00630135e+01,2.02849868e+01,2.07561459e+01
2.00000000e+01,2.02682537e+01,2.10467912e+01,2.24742947e+01
2.00000000e+01,2.01639735e+01,2.06736307e+01,2.16563529e+01
2.00000000e+01,2.02682536e+01,2.10466390e+01,2.24737575e+01
2.00000000e+01,2.02682536e+01,2.10467729e+01,2.24742293e+01
2.00000000e+01,2.01639735e+01,2.06735020e+01,2.16558353e+01
2.00000000e+01,2.01639734e+01,2.06736143e+01,2.16562865e+01
2.00000000e+01,2.02682536e+01,2.10466224e+01,2.24736987e+01
2.00000000e+01,2.01639734e+01,2.06734883e+01,2.16557803e+01
2.00000000e+01,2.07207028e+01,2.25151807e+01,2.54750695e+01
2.00000000e+01,2.04392291e+01,2.16243586e+01,2.36876369e+01
2.00000000e+01,2.07207027e+01,2.25148339e+01,2.54741085e+01
2.00000000e+01,2.07207025e+01,2.25151495e+01,2.54749950e+01
2.00000000e+01,2.04392291e+01,2.16242003e+01,2.36871820e+01
2.00000000e+01,2.04392290e+01,2.16243387e+01,2.36875796e+01
2.00000000e+01,2.07207026e+01,2.25147948e+01,2.54739948e+01
2.00000000e+01,2.04392290e+01,2.16241807e+01,2.36871222e+01
2.00000000e+01,2.19392195e+01,2.59461236e+01,3.18437336e+01
2.00000000e+01,2.11813622e+01,2.38761094e+01,2.80789438e+01
2.00000000e+01,2.19392195e+01,2.59442222e+01,3.18377795e+01
2.00000000e+01,2.19392194e+01,2.59459735e+01,3.18433110e+01
2.00000000e+01,2.11813621e+01,2.38755657e+01,2.80775055e+01
2.00000000e+01,2.11813620e+01,2.38760190e+01,2.80786966e+01
2.00000000e+01,2.19392194e+01,2.59439731e+01,3.18369645e+01
2.00000000e+01,2.11813620e+01,2.38754887e+01,2.80772752e+01
2.00000000e+01,2.61557545e+01,3.55890646e+01,4.76002245e+01
2.00000000e+01,2.31929039e+01,2.90866293e+01,3.72506370e+01
2.00000000e+01,2.61557544e+01,3.55666326e+01,4.75274566e+01
2.00000000e+01,2.61557537e+01,3.55854363e+01,4.75885313e+01
2.00000000e+01,2.31929037e+01,2.90770377e+01,3.72192667e+01
2.00000000e+01,2.31929039e+01,2.90851408e+01,3.72458419e+01
2.00000000e+01,2.61557538e+01,3.55647027e+01,4.75211172e+01
2.00000000e+01,2.31929038e+01,2.90761125e+01,3.72161937e+01
2.00000000e+01,2.00244383e+01,2.01215402e+01,2.03472614e+01
2.00000000e+01,2.00409353e+01,2.01937616e+01,2.05330940e+01
2.00000000e+01,2.00244383e+01,2.01217170e+01,2.03481783e+01
2.00000000e+01,2.00244383e+01,2.01215410e+01,2.03472656e+01
2.00000000e+01,2.00290346e+01,2.01425293e+01,2.04033883e+01
2.00000000e+01,2.00409352e+01,2.01937382e+01,2.05329670e+01
2.00000000e+01,2.00409352e+01,2.01937638e+01,2.05331047e+01
2.00000000e+01,2.00244383e+01,2.01217278e+01,2.03482343e+01
2.00000000e+01,2.00290346e+01,2.01425209e+01,2.04033234e+01
2.00000000e+01,2.00290345e+01,2.01425280e+01,2.04033817e+01
2.00000000e+01,2.00409352e+01,2.01937343e+01,2.05329474e+01
2.00000000e+01,2.00290345e+01,2.01425236e+01,2.04033367e+01
2.00000000e+01,2.01009447e+01,2.04355271e+01,2.11130544e+01
2.00000000e+01,2.00630137e+01,2.02851482e+01,2.07568994e+01
2.00000000e+01,2.01009447e+01,2.04354798e+01,2.11128345e+01
2.00000000e+01,2.01009447e+01,2.04355275e+01,2.11130566e+01
2.00000000e+01,2.00630136e+01,2.02851297e+01,2.07568000e+01
2.00000000e+01,2.00630136e+01,2.02851484e+01,2.07569007e+01
2.00000000e+01,2.01009447e+01,2.04354744e+01,2.11128102e+01
2.00000000e+01,2.00630136e+01,2.02851276e+01,2.07567899e+01
2.00000000e+01,2.02682538e+01,2.10469108e+01,2.24747063e+01
2.00000000e+01,2.01639735e+01,2.06737466e+01,2.16568283e+01
2.00000000e+01,2.02682537e+01,2.10468725e+01,2.24745834e+01
2.00000000e+01,2.02682536e+01,2.10469103e+01,2.24747042e+01
2.00000000e+01,2.01639735e+01,2.06737173e+01,2.16567027e+01
2.00000000e+01,2.01639735e+01,2.06737470e+01,2.16568299e+01
2.00000000e+01,2.02682537e+01,2.10468686e+01,2.24745692e+01
2.00000000e+01,2.01639735e+01,2.06737130e+01,2.16566849e+01
2.00000000e+01,2.07207028e+01,2.25152407e+01,2.54748078e+01
2.00000000e+01,2.04392292e+01,2.16245100e+01,2.36880528e+01
2.00000000e+01,2.07207028e+01,2.25151696e+01,2.54747910e+01
2.00000000e+01,2.07207026e+01,2.25152328e+01,2.54747799e+01
2.00000000e+01,2.04392292e+01,2.16244748e+01,2.36879628e+01
2.00000000e+01,2.04392291e+01,2.16245108e+01,2.36880532e+01
2.00000000e+01,2.07207026e+01,2.25151722e+01,2.54748155e+01
2.00000000e+01,2.04392291e+01,2.16244688e+01,2.36879448e+01
2.00000000e+01,2.19392196e+01,2.59481050e+01,3.18486123e+01
2.00000000e+01,2.11813622e+01,2.38768855e+01,2.80808876e+01
2.00000000e+01,2.19392195e+01,2.59461104e+01,3.18429255e+01
2.00000000e+01,2.19392194e+01,2.59480106e+01,3.18482896e+01
2.00000000e+01,2.11813623e+01,2.38767119e+01,2.80805892e+01
2.00000000e+01,2.11813620e+01,2.38768875e+01,2.80808888e+01
2.00000000e+01,2.19392195e+01,2.59460730e+01,3.18428616e+01
2.00000000e+01,2.11813620e+01,2.38766708e+01,2.80804727e+01
2.00000000e+01,2.61557548e+01,3.56574968e+01,4.78138262e+01
2.00000000e+01,2.31929041e+01,2.90942810e+01,3.72721441e+01
2.00000000e+01,2.61557549e+01,3.56187316e+01,4.76942339e+01
2.00000000e+01,2.61557538e+01,3.56574496e+01,4.78136980e+01
2.00000000e+01,2.31929040e+01,2.90951145e+01,3.72771301e+01
2.00000000e+01,2.31929039e+01,2.90944392e+01,3.72726585e+01
2.00000000e+01,2.61557540e+01,3.56162811e+01,4.76865577e+01
2.00000000e+01,2.31929039e+01,2.90947220e+01,3.72759781e+01
2.00000000e+01,2.00244384e+01,2.01221598e+01,2.03505039e+01
2.00000000e+01,2.00409352e+01,2.01936347e+01,2.05325203e+01
2.00000000e+01,2.00244384e+01,2.01222083e+01,2.03507656e+01
2.00000000e+01,2.00244383e+01,2.01221787e+01,2.03506052e+01
2.00000000e+01,2.00290346e+01,2.01428105e+01,2.04048250e+01
2.00000000e+01,2.00409352e+01,2.01936392e+01,2.05325628e+01
2.00000000e+01,2.00409351e+01,2.01936363e+01,2.05325352e+01
2.00000000e+01,2.00244384e+01,2.01222242e+01,2.03508517e+01
2.00000000e+01,2.00290347e+01,2.01428513e+01,2.04050460e+01
2.00000000e+01,2.00290346e+01,2.01428263e+01,2.04049096e+01
2.00000000e+01,2.00409352e+01,2.01936412e+01,2.05325799e+01
2.00000000e+01,2.00290346e+01,2.01428650e+01,2.04051195e+01
2.00000000e+01,2.01009446e+01,2.04349650e+01,2.11106226e+01
2.00000000e+01,2.00630136e+01,2.02848025e+01,2.07553398e+01
2.00000000e+01,2.01009446e+01,2.04348620e+01,2.11101925e+01
2.00000000e+01,2.01009446e+01,2.04349266e+01,2.11104619e+01
2.00000000e+01,2.00630137e+01,2.02847526e+01,2.07551305e+01
2.00000000e+01,2.00630135e+01,2.02847837e+01,2.07552594e+01
2.00000000e+01,2.01009445e+01,2.04348262e+01,2.11100434e+01
2.00000000e+01,2.00630135e+01,2.02847364e+01,2.07550625e+01
2.00000000e+01,2.02682534e+01,2.10461349e+01,2.24719598e+01
2.00000000e+01,2.01639734e+01,2.06730900e+01,2.16542051e+01
2.00000000e+01,2.02682534e+01,2.10459463e+01,2.24712817e+01
2.00000000e+01,2.02682535e+01,2.10460659e+01,2.24717119e+01
2.00000000e+01,2.01639734e+01,2.06729444e+01,2.16536333e+01
2.00000000e+01,2.01639732e+01,2.06730367e+01,2.16539942e+01
2.00000000e+01,2.02682533e+01,2.10458770e+01,2.24710314e+01
2.00000000e+01,2.01639733e+01,2.06728922e+01,2.16534277e+01
2.00000000e+01,2.07207024e+01,2.25137058e+01,2.54706922e+01
2.00000000e+01,2.04392288e+01,2.16235417e+01,2.36851048e+01
2.00000000e+01,2.07207023e+01,2.25132686e+01,2.54692660e+01
2.00000000e+01,2.07207024e+01,2.25135458e+01,2.54701754e+01
2.00000000e+01,2.04392288e+01,2.16232825e+01,2.36842507e+01
2.00000000e+01,2.04392287e+01,2.16234473e+01,2.36847944e+01
2.00000000e+01,2.07207022e+01,2.25131045e+01,2.54687201e+01
2.00000000e+01,2.04392287e+01,2.16231860e+01,2.36839280e+01
2.00000000e+01,2.19392197e+01,2.59368524e+01,3.18126054e+01
2.00000000e+01,2.11813620e+01,2.38731034e+01,2.80695982e+01
2.00000000e+01,2.19392196e+01,2.59343409e+01,3.18036708e+01
2.00000000e+01,2.19392193e+01,2.59359093e+01,3.18092672e+01
2.00000000e+01,2.11813618e+01,2.38721083e+01,2.80661678e+01
2.00000000e+01,2.11813621e+01,2.38727378e+01,2.80683480e+01
2.00000000e+01,2.19392194e+01,2.59334617e+01,3.18005067e+01
2.00000000e+01,2.11813620e+01,2.38717394e+01,2.80648774e+01
2.00000000e+01,2.61557541e+01,3.55297087e+01,4.74034061e+01
2.00000000e+01,2.31929042e+01,2.90561247e+01,3.71478393e+01
2.00000000e+01,2.61557552e+01,3.55216352e+01,4.73753165e+01
2.00000000e+01,2.61557542e+01,3.55265519e+01,4.73924670e+01
2.00000000e+01,2.31929052e+01,2.90508056e+01,3.71290027e+01
2.00000000e+01,2.31929030e+01,2.90540772e+01,3.71406191e+01
2.00000000e+01,2.61557545e+01,3.55190564e+01,4.73662404e+01
2.00000000e+01,2.31929038e+01,2.90490547e+01,3.71227334e+01
2.00000000e+01,2.00244382e+01,2.01220268e+01,2.03497951e+01
2.00000000e+01,2.00409351e+01,2.01936354e+01,2.05324838e+01
2.00000000e+01,2.00244383e+01,2.01221000e+01,2.03501834e+01
2.00000000e+01,2.00244383e+01,2.01220522e+01,2.03499290e+01
2.00000000e+01,2.00290345e+01,2.01427037e+01,2.04042579e+01
2.00000000e+01,2.00409351e+01,2.01936326e+01,2.05324895e+01
2.00000000e+01,2.00409351e+01,2.01936337e+01,2.05324812e+01
2.00000000e+01,2.00244383e+01,2.01221220e+01,2.03503008e+01
2.00000000e+01,2.00290345e+01,2.01427612e+01,2.04045614e+01
2.00000000e+01,2.00290345e+01,2.01427232e+01,2.04043603e+01
2.00000000e+01,2.00409352e+01,2.01936332e+01,2.05324986e+01
2.00000000e+01,2.00290346e+01,2.01427791e+01,2.04046561e+01
2.00000000e+01,2.01009446e+01,2.04351938e+01,2.11115901e+01
2.00000000e+01,2.00630136e+01,2.02849328e+01,2.07559055e+01
2.00000000e+01,2.01009446e+01,2.04350775e+01,2.11110960e+01
2.00000000e+01,2.01009446e+01,2.04351565e+01,2.11114307e+01
2.00000000e+01,2.00630135e+01,2.02848627e+01,2.07555981e+01
2.00000000e+01,2.00630135e+01,2.02849096e+01,2.07558030e+01
2.00000000e+01,2.01009446e+01,2.04350386e+01,2.11109315e+01
2.00000000e+01,2.00630135e+01,2.02848413e+01,2.07555054e+01
2.00000000e+01,2.02682535e+01,2.10465072e+01,2.24732899e+01
2.00000000e+01,2.01639734e+01,2.06733906e+01,2.16553927e+01
2.00000000e+01,2.02682535e+01,2.10463253e+01,2.24726416e+01
2.00000000e+01,2.02682535e+01,2.10464502e+01,2.24730865e+01
2.00000000e+01,2.01639733e+01,2.06732414e+01,2.16548020e+01
2.00000000e+01,2.01639734e+01,2.06733435e+01,2.16552053e+01
2.00000000e+01,2.02682535e+01,2.10462607e+01,2.24724102e+01
2.00000000e+01,2.01639733e+01,2.06731898e+01,2.16545974e+01
2.00000000e+01,2.07207027e+01,2.25145431e+01,2.54732736e+01
2.00000000e+01,2.04392290e+01,2.16240358e+01,2.36866801e+01
2.00000000e+01,2.07207026e+01,2.25141380e+01,2.54720533e+01
2.00000000e+01,2.07207024e+01,2.25144159e+01,2.54728958e+01
2.00000000e+01,2.04392289e+01,2.16237984e+01,2.36859335e+01
2.00000000e+01,2.04392289e+01,2.16239614e+01,2.36864474e+01
2.00000000e+01,2.07207024e+01,2.25139907e+01,2.54715945e+01
2.00000000e+01,2.04392288e+01,2.16237117e+01,2.36856551e+01
2.00000000e+01,2.19392198e+01,2.59422917e+01,3.18313876e+01
2.00000000e+01,2.11813621e+01,2.38749757e+01,2.80757313e+01
2.00000000e+01,2.19392195e+01,2.59395656e+01,3.18220823e+01
2.00000000e+01,2.19392192e+01,2.59414251e+01,3.18284557e+01
2.00000000e+01,2.11813621e+01,2.38740865e+01,2.80728857e+01
2.00000000e+01,2.11813620e+01,2.38746964e+01,2.80748516e+01
2.00000000e+01,2.19392193e+01,2.59386174e+01,3.18187932e+01
2.00000000e+01,2.11813621e+01,2.38737528e+01,2.80717820e+01
2.00000000e+01,2.61557538e+01,3.55533441e+01,4.74835243e+01
2.00000000e+01,2.31929039e+01,2.90701880e+01,3.71963163e+01
2.00000000e+01,2.61557537e+01,3.55400710e+01,4.74388826e+01
2.00000000e+01,2.61557537e+01,3.55486780e+01,4.74679178e+01
2.00000000e+01,2.31929037e+01,2.90625800e+01,3.71703178e+01
2.00000000e+01,2.31929038e+01,2.90675953e+01,3.71875159e+01
2.00000000e+01,2.61557539e+01,3.55362195e+01,4.74257675e+01
2.00000000e+01,2.31929035e+01,2.90602423e+01,3.71622234e+01
2.00000000e+01,2.00244382e+01,2.01218320e+01,2.03487759e+01
2.00000000e+01,2.00409352e+01,2.01936775e+01,2.05326676e+01
2.00000000e+01,2.00244382e+01,2.01219385e+01,2.03493307e+01
2.00000000e+01,2.00244383e+01,2.01218642e+01,2.03489424e+01
2.00000000e+01,2.00290345e+01,2.01425735e+01,2.04035857e+01
2.00000000e+01,2.00409352e+01,2.01936491e+01,2.05325360e+01
2.00000000e+01,2.00409352e+01,2.01936648e+01,2.05326058e+01
2.00000000e+01,2.00244383e+01,2.01219674e+01,2.03494822e+01
2.00000000e+01,2.00290345e+01,2.01426392e+01,2.04039223e+01
2.00000000e+01,2.00290345e+01,2.01425930e+01,2.04036850e+01
2.00000000e+01,2.00409352e+01,2.01936438e+01,2.05325138e+01
2.00000000e+01,2.00290345e+01,2.01426593e+01,2.04040264e+01
2.00000000e+01,2.01009447e+01,2.04353988e+01,2.11124713e+01
2.00000000e+01,2.00630136e+01,2.02850880e+01,2.07566060e+01
2.00000000e+01,2.01009446e+01,2.04353050e+01,2.11120665e+01
2.00000000e+01,2.01009447e+01,2.04353725e+01,2.11123566e+01
2.00000000e+01,2.00630136e+01,2.02850103e+01,2.07562516e+01
2.00000000e+01,2.00630136e+01,2.02850687e+01,2.07565174e+01
2.00000000e+01,2.01009447e+01,2.04352728e+01,2.11119283e+01
2.00000000e+01,2.00630136e+01,2.02849867e+01,2.07561457e+01
2.00000000e+01,2.02682536e+01,2.10468059e+01,2.24743468e+01
2.00000000e+01,2.01639734e+01,2.06736443e+01,2.16564080e+01
2.00000000e+01,2.02682536e+01,2.10466695e+01,2.24738658e+01
2.00000000e+01,2.02682536e+01,2.10467727e+01,2.24742293e+01
2.00000000e+01,2.01639734e+01,2.06735280e+01,2.16559397e+01
2.00000000e+01,2.01639735e+01,2.06736142e+01,2.16562865e+01
2.00000000e+01,2.02682536e+01,2.10466223e+01,2.24736987e+01
2.00000000e+01,2.01639734e+01,2.06734882e+01,2.16557803e+01
2.00000000e+01,2.07207027e+01,2.25152026e+01,2.54751161e+01
2.00000000e+01,2.04392291e+01,2.16243749e+01,2.36876821e+01
2.00000000e+01,2.07207027e+01,2.25149003e+01,2.54742938e+01
2.00000000e+01,2.07207025e+01,2.25151493e+01,2.54749952e+01
2.00000000e+01,2.04392290e+01,2.16242360e+01,2.36872883e+01
2.00000000e+01,2.04392290e+01,2.16243385e+01,2.36875796e+01
2.00000000e+01,2.07207025e+01,2.25147946e+01,2.54739949e+01
2.00000000e+01,2.04392290e+01,2.16241805e+01,2.36871222e+01
2.00000000e+01,2.19392198e+01,2.59462082e+01,3.18439399e+01
2.00000000e+01,2.11813622e+01,2.38761751e+01,2.80791133e+01
2.00000000e+01,2.19392196e+01,2.59446317e+01,3.18391022e+01
2.00000000e+01,2.19392194e+01,2.59459732e+01,3.18433114e+01
2.00000000e+01,2.11813622e+01,2.38756899e+01,2.80778586e+01
2.00000000e+01,2.11813620e+01,2.38760188e+01,2.80786969e+01
2.00000000e+01,2.19392194e+01,2.59439727e+01,3.18369648e+01
2.00000000e+01,2.11813620e+01,2.38754885e+01,2.80772754e+01
2.00000000e+01,2.61557543e+01,3.55923344e+01,4.76107026e+01
2.00000000e+01,2.31929041e+01,2.90878373e+01,3.72545053e+01
2.00000000e+01,2.61557542e+01,3.55703920e+01,4.75397671e+01
2.00000000e+01,2.61557539e+01,3.55854357e+01,4.75885317e+01
2.00000000e+01,2.31929039e+01,2.90788343e+01,3.72252135e+01
2.00000000e+01,2.31929038e+01,2.90851404e+01,3.72458423e+01
2.00000000e+01,2.61557539e+01,3.55647023e+01,4.75211176e+01
2.00000000e+01,2.31929038e+01,2.90761121e+01,3.72161941e+01
2.00000000e+01,2.00244383e+01,2.01215395e+01,2.03472586e+01
2.00000000e+01,2.00409352e+01,2.01937605e+01,2.05330886e+01
2.00000000e+01,2.00244382e+01,2.01217075e+01,2.03481298e+01
2.00000000e+01,2.00244383e+01,2.01215410e+01,2.03472655e+01
2.00000000e+01,2.00290345e+01,2.01425300e+01,2.04033923e+01
2.00000000e+01,2.00409352e+01,2.01937423e+01,2.05329880e+01
2.00000000e+01,2.00409352e+01,2.01937637e+01,2.05331046e+01
2.00000000e+01,2.00244383e+01,2.01217278e+01,2.03482342e+01
2.00000000e+01,2.00290345e+01,2.01425185e+01,2.04033123e+01
2.00000000e+01,2.00290345e+01,2.01425279e+01,2.04033817e+01
2.00000000e+01,2.00409352e+01,2.01937343e+01,2.05329473e+01
2.00000000e+01,2.00290346e+01,2.01425236e+01,2.04033366e+01
2.00000000e+01,2.01009447e+01,2.04355267e+01,2.11130525e+01
2.00000000e+01,2.00630136e+01,2.02851485e+01,2.07569012e+01
2.00000000e+01,2.01009446e+01,2.04354841e+01,2.11128545e+01
2.00000000e+01,2.01009447e+01,2.04355274e+01,2.11130565e+01
2.00000000e+01,2.00630136e+01,2.02851320e+01,2.07568110e+01
2.00000000e+01,2.00630136e+01,2.02851484e+01,2.07569006e+01
2.00000000e+01,2.01009447e+01,2.04354743e+01,2.11128101e+01
2.00000000e+01,2.00630136e+01,2.02851276e+01,2.07567898e+01
2.00000000e+01,2.02682536e+01,2.10469122e+01,2.24747104e+01
2.00000000e+01,2.01639734e+01,2.06737465e+01,2.16568284e+01
2.00000000e+01,2.02682536e+01,2.10468758e+01,2.24745949e+01
2.00000000e+01,2.02682537e+01,2.10469102e+01,2.24747042e+01
2.00000000e+01,2.01639734e+01,2.06737211e+01,2.16567184e+01
2.00000000e+01,2.01639735e+01,2.06737469e+01,2.16568299e+01
2.00000000e+01,2.02682537e+01,2.10468685e+01,2.24745692e+01
2.00000000e+01,2.01639735e+01,2.06737129e+01,2.16566849e+01
2.00000000e+01,2.07207028e+01,2.25152510e+01,2.54748434e+01
2.00000000e+01,2.04392291e+01,2.16245089e+01,2.36880488e+01
2.00000000e+01,2.07207028e+01,2.25151676e+01,2.54747706e+01
2.00000000e+01,2.07207026e+01,2.25152326e+01,2.54747801e+01
2.00000000e+01,2.04392291e+01,2.16244797e+01,2.36879756e+01
2.00000000e+01,2.04392291e+01,2.16245106e+01,2.36880532e+01
2.00000000e+01,2.07207026e+01,2.25151721e+01,2.54748157e+01
2.00000000e+01,2.04392291e+01,2.16244686e+01,2.36879449e+01
2.00000000e+01,2.19392198e+01,2.59481678e+01,3.18488229e+01
2.00000000e+01,2.11813622e+01,2.38768722e+01,2.80808422e+01
2.00000000e+01,2.19392196e+01,2.59461158e+01,3.18428851e+01
2.00000000e+01,2.19392194e+01,2.59480103e+01,3.18482901e+01
2.00000000e+01,2.11813622e+01,2.38767350e+01,2.80806442e+01
2.00000000e+01,2.11813620e+01,2.38768872e+01,2.80808890e+01
2.00000000e+01,2.19392195e+01,2.59460727e+01,3.18428620e+01
2.00000000e+01,2.11813620e+01,2.38766705e+01,2.80804729e+01
2.00000000e+01,2.61557546e+01,3.56575248e+01,4.78139052e+01
2.00000000e+01,2.31929041e+01,2.90941934e+01,3.72718681e+01
2.00000000e+01,2.61557545e+01,3.56208847e+01,4.77009649e+01
2.00000000e+01,2.61557539e+01,3.56574486e+01,4.78136987e+01
2.00000000e+01,2.31929041e+01,2.90954533e+01,3.72781251e+01
2.00000000e+01,2.31929039e+01,2.90944388e+01,3.72726588e+01
2.00000000e+01,2.61557541e+01,3.56162803e+01,4.76865583e+01
2.00000000e+01,2.31929039e+01,2.90947215e+01,3.72759785e+01
2.00000000e+01,2.00244383e+01,2.01221377e+01,2.03503852e+01
2.00000000e+01,2.00409351e+01,2.01936332e+01,2.05325063e+01
2.00000000e+01,2.00244384e+01,2.01221854e+01,2.03506415e+01
2.00000000e+01,2.00290345e+01,2.01427920e+01,2.04047258e+01
2.00000000e+01,2.00409352e+01,2.01936366e+01,2.05325411e+01
2.00000000e+01,2.00290346e+01,2.01428318e+01,2.04049399e+01
2.00000000e+01,2.01009444e+01,2.04350086e+01,2.11108058e+01
2.00000000e+01,2.00630134e+01,2.02848252e+01,2.07554369e+01
2.00000000e+01,2.01009445e+01,2.04349123e+01,2.11104026e+01
2.00000000e+01,2.00630135e+01,2.02847766e+01,2.07552308e+01
2.00000000e+01,2.02682533e+01,2.10462101e+01,2.24722298e+01
2.00000000e+01,2.01639731e+01,2.06731494e+01,2.16544393e+01
2.00000000e+01,2.02682533e+01,2.10460398e+01,2.24716189e+01
2.00000000e+01,2.01639733e+01,2.06730162e+01,2.16539156e+01
2.00000000e+01,2.07207025e+01,2.25138767e+01,2.54712359e+01
2.00000000e+01,2.04392287e+01,2.16236437e+01,2.36854358e+01
2.00000000e+01,2.07207024e+01,2.25134861e+01,2.54699807e+01
2.00000000e+01,2.04392287e+01,2.16234117e+01,2.36846783e+01
2.00000000e+01,2.19392197e+01,2.59379019e+01,3.18162938e+01
2.00000000e+01,2.11813620e+01,2.38734925e+01,2.80709111e+01
2.00000000e+01,2.19392198e+01,2.59355632e+01,3.18080372e+01
2.00000000e+01,2.11813620e+01,2.38726012e+01,2.80678769e+01
2.00000000e+01,2.61557522e+01,3.55334980e+01,4.74164396e+01
2.00000000e+01,2.31929034e+01,2.90585402e+01,3.71562917e+01
2.00000000e+01,2.61557535e+01,3.55254345e+01,4.73885813e+01
2.00000000e+01,2.31929042e+01,2.90533471e+01,3.71380360e+01
2.00000000e+01,2.00244382e+01,2.01220122e+01,2.03497181e+01
2.00000000e+01,2.00409351e+01,2.01936371e+01,2.05324895e+01
2.00000000e+01,2.00244382e+01,2.01220805e+01,2.03500798e+01
2.00000000e+01,2.00290344e+01,2.01426924e+01,2.04041991e+01
2.00000000e+01,2.00409351e+01,2.01936328e+01,2.05324853e+01
2.00000000e+01,2.00290345e+01,2.01427453e+01,2.04044777e+01
2.00000000e+01,2.01009445e+01,2.04352146e+01,2.11116784e+01
2.00000000e+01,2.00630135e+01,2.02849469e+01,2.07559682e+01
2.00000000e+01,2.01009445e+01,2.04351110e+01,2.11112380e+01
2.00000000e+01,2.00630135e+01,2.02848822e+01,2.07556833e+01
2.00000000e+01,2.02682533e+01,2.10465383e+01,2.24733996e+01
2.00000000e+01,2.01639732e+01,2.06734166e+01,2.16554957e+01
2.00000000e+01,2.02682533e+01,2.10463788e+01,2.24728325e+01
2.00000000e+01,2.01639732e+01,2.06732850e+01,2.16549742e+01
2.00000000e+01,2.07207023e+01,2.25146113e+01,2.54734709e+01
2.00000000e+01,2.04392288e+01,2.16240747e+01,2.36867986e+01
2.00000000e+01,2.07207024e+01,2.25142567e+01,2.54724152e+01
2.00000000e+01,2.04392287e+01,2.16238692e+01,2.36861573e+01
2.00000000e+01,2.19392194e+01,2.59427370e+01,3.18328766e+01
2.00000000e+01,2.11813620e+01,2.38751086e+01,2.80761351e+01
2.00000000e+01,2.19392195e+01,2.59403501e+01,3.18247834e+01
2.00000000e+01,2.11813620e+01,2.38743498e+01,2.80737407e+01
2.00000000e+01,2.61557535e+01,3.55560993e+01,4.74926844e+01
2.00000000e+01,2.31929036e+01,2.90716850e+01,3.72013646e+01
2.00000000e+01,2.61557530e+01,3.55435454e+01,4.74506475e+01
2.00000000e+01,2.31929035e+01,2.90646601e+01,3.71774755e+01
2.00000000e+01,2.00244382e+01,2.01218362e+01,2.03487970e+01
2.00000000e+01,2.00409351e+01,2.01936763e+01,2.05326618e+01
2.00000000e+01,2.00244382e+01,2.01219317e+01,2.03492950e+01
2.00000000e+01,2.00290345e+01,2.01425762e+01,2.04036002e+01
2.00000000e+01,2.00409351e+01,2.01936511e+01,2.05325454e+01
2.00000000e+01,2.00290345e+01,2.01426342e+01,2.04038968e+01
2.00000000e+01,2.01009445e+01,2.04353955e+01,2.11124566e+01
2.00000000e+01,2.00630135e+01,2.02850859e+01,2.07565964e+01
2.00000000e+01,2.01009445e+01,2.04353129e+01,2.11121005e+01
2.00000000e+01,2.00630135e+01,2.02850165e+01,2.07562801e+01
2.00000000e+01,2.02682534e+01,2.10468019e+01,2.24743319e+01
2.00000000e+01,2.01639733e+01,2.06736407e+01,2.16563934e+01
2.00000000e+01,2.02682534e+01,2.10466803e+01,2.24739035e+01
2.00000000e+01,2.01639733e+01,2.06735375e+01,2.16559774e+01
2.00000000e+01,2.07207023e+01,2.25151966e+01,2.54751021e+01
2.00000000e+01,2.04392288e+01,2.16243707e+01,2.36876691e+01
2.00000000e+01,2.07207024e+01,2.25149217e+01,2.54743497e+01
2.00000000e+01,2.04392288e+01,2.16242486e+01,2.36873240e+01
2.00000000e+01,2.19392194e+01,2.59461718e+01,3.18438352e+01
2.00000000e+01,2.11813619e+01,2.38761466e+01,2.80790299e+01
2.00000000e+01,2.19392195e+01,2.59447525e+01,3.18394827e+01
2.00000000e+01,2.11813620e+01,2.38757249e+01,2.80779487e+01
2.00000000e+01,2.61557537e+01,3.55914732e+01,4.76079168e+01
2.00000000e+01,2.31929037e+01,2.90874441e+01,3.72532422e+01
2.00000000e+01,2.61557536e+01,3.55717785e+01,4.75442932e+01
2.00000000e+01,2.31929037e+01,2.90795027e+01,3.72274188e+01
2.00000000e+01,2.00244382e+01,2.01215399e+01,2.03472605e+01
2.00000000e+01,2.00409352e+01,2.01937616e+01,2.05330942e+01
2.00000000e+01,2.00244382e+01,2.01217102e+01,2.03481436e+01
2.00000000e+01,2.00290345e+01,2.01425293e+01,2.04033889e+01
2.00000000e+01,2.00409351e+01,2.01937421e+01,2.05329865e+01
2.00000000e+01,2.00290345e+01,2.01425188e+01,2.04033142e+01
2.00000000e+01,2.01009446e+01,2.04355267e+01,2.11130527e+01
2.00000000e+01,2.00630135e+01,2.02851491e+01,2.07569040e+01
2.00000000e+01,2.01009446e+01,2.04354828e+01,2.11128483e+01
2.00000000e+01,2.00630135e+01,2.02851320e+01,2.07568113e+01
2.00000000e+01,2.02682534e+01,2.10469127e+01,2.24747124e+01
2.00000000e+01,2.01639733e+01,2.06737469e+01,2.16568302e+01
2.00000000e+01,2.02682534e+01,2.10468752e+01,2.24745924e+01
2.00000000e+01,2.01639733e+01,2.06737205e+01,2.16567158e+01
2.00000000e+01,2.07207023e+01,2.25152537e+01,2.54748518e+01
2.00000000e+01,2.04392289e+01,2.16245085e+01,2.36880454e+01
2.00000000e+01,2.07207024e+01,2.25151703e+01,2.54747830e+01
2.00000000e+01,2.04392289e+01,2.16244783e+01,2.36879700e+01
2.00000000e+01,2.19392195e+01,2.59481316e+01,3.18486964e+01
2.00000000e+01,2.11813619e+01,2.38768629e+01,2.80808063e+01
2.00000000e+01,2.19392195e+01,2.59460875e+01,3.18428010e+01
2.00000000e+01,2.11813619e+01,2.38767170e+01,2.80805853e+01
2.00000000e+01,2.61557535e+01,3.56574922e+01,4.78138180e+01
2.00000000e+01,2.31929038e+01,2.90942780e+01,3.72721501e+01
2.00000000e+01,2.61557538e+01,3.56202993e+01,4.76991358e+01
2.00000000e+01,2.31929038e+01,2.90953939e+01,3.72779676e+01
