0.00000000e+00,0.00000000e+00,0.00000000e+00,0.00000000e+00
0.00000000e+00,0.00000000e+00,0.00000000e+00,0.00000000e+00
0.00000000e+00,0.00000000e+00,0.00000000e+00,0.00000000e+00
0.00000000e+00,0.00000000e+00,0.00000000e+00,0.00000000e+00
0.00000000e+00,4.66988740e-05,9.33975163e-05,1.40096297e-04
0.00000000e+00,4.72389621e-05,9.44779119e-05,1.41716806e-04
0.00000000e+00,4.78833023e-05,9.57666460e-05,1.43649920e-04
0.00000000e+00,4.72390030e-05,9.44778488e-05,1.41716797e-04
0.00000000e+00,0.00000000e+00,0.00000000e+00,0.00000000e+00
0.00000000e+00,0.00000000e+00,0.00000000e+00,0.00000000e+00
0.00000000e+00,0.00000000e+00,0.00000000e+00,0.00000000e+00
0.00000000e+00,0.00000000e+00,0.00000000e+00,0.00000000e+00
0.00000000e+00,2.12293338e-05,4.24585072e-05,6.36877838e-05
0.00000000e+00,2.14255690e-05,4.28511162e-05,6.42766472e-05
0.00000000e+00,2.16758008e-05,4.33515820e-05,6.50273624e-05
0.00000000e+00,2.14255950e-05,4.28510804e-05,6.42766478e-05
0.00000000e+00,4.69127398e-05,9.38252687e-05,1.40737915e-04
0.00000000e+00,4.74933447e-05,9.49866789e-05,1.42479969e-04
0.00000000e+00,4.74933689e-05,9.49866446e-05,1.42479970e-04
0.00000000e+00,4.69127538e-05,9.38252497e-05,1.40737910e-04
0.00000000e+00,0.00000000e+00,0.00000000e+00,0.00000000e+00
0.00000000e+00,2.13044017e-05,4.26086725e-05,6.39130180e-05
0.00000000e+00,2.15209668e-05,4.30418919e-05,6.45628210e-05
0.00000000e+00,2.15209824e-05,4.30418708e-05,6.45628251e-05
0.00000000e+00,2.13044141e-05,4.26086574e-05,6.39130153e-05
0.00000000e+00,4.71430087e-05,9.42858875e-05,1.41428829e-04
0.00000000e+00,2.13873927e-05,4.27746875e-05,6.41620384e-05
0.00000000e+00,1.05204939e-04,2.10409600e-04,3.15614443e-04
0.00000000e+00,1.05863146e-04,2.11726277e-04,3.17589374e-04
0.00000000e+00,1.06549978e-04,2.13100027e-04,3.19650015e-04
0.00000000e+00,1.05863181e-04,2.11726224e-04,3.17589356e-04
0.00000000e+00,7.51500120e-05,1.50299706e-04,2.25449603e-04
0.00000000e+00,7.58851025e-05,1.51770235e-04,2.27655277e-04
0.00000000e+00,7.67041160e-05,1.53408324e-04,2.30112425e-04
0.00000000e+00,7.58851334e-05,1.51770179e-04,2.27655264e-04
0.00000000e+00,1.05475508e-04,2.10950786e-04,3.16426210e-04
0.00000000e+00,1.06146945e-04,2.12293897e-04,3.18440816e-04
0.00000000e+00,1.06146964e-04,2.12293868e-04,3.18440806e-04
0.00000000e+00,1.05475518e-04,2.10950774e-04,3.16426205e-04
0.00000000e+00,7.54468491e-05,1.50893481e-04,2.26340232e-04
0.00000000e+00,7.62163968e-05,1.52432841e-04,2.28649196e-04
0.00000000e+00,7.62164180e-05,1.52432807e-04,2.28649191e-04
0.00000000e+00,7.54468635e-05,1.50893464e-04,2.26340229e-04
0.00000000e+00,1.05752179e-04,2.11504223e-04,3.17256346e-04
0.00000000e+00,7.57582569e-05,1.51516404e-04,2.27274595e-04
0.00000000e+00,1.66666760e-04,3.33333230e-04,4.99999943e-04
0.00000000e+00,1.66666711e-04,3.33333270e-04,4.99999964e-04
0.00000000e+00,1.66666681e-04,3.33333288e-04,4.99999983e-04
0.00000000e+00,1.66666720e-04,3.33333246e-04,4.99999947e-04
0.00000000e+00,1.35843905e-04,2.71687493e-04,4.07531319e-04
0.00000000e+00,1.36216816e-04,2.72433515e-04,4.08650294e-04
0.00000000e+00,1.36590249e-04,2.73180456e-04,4.09770708e-04
0.00000000e+00,1.36216819e-04,2.72433491e-04,4.08650284e-04
0.00000000e+00,1.66666741e-04,3.33333241e-04,4.99999951e-04
0.00000000e+00,1.66666703e-04,3.33333275e-04,4.99999969e-04
0.00000000e+00,1.66666697e-04,3.33333266e-04,4.99999964e-04
0.00000000e+00,1.66666740e-04,3.33333242e-04,4.99999947e-04
0.00000000e+00,1.35998922e-04,2.71997583e-04,4.07996444e-04
0.00000000e+00,1.36373060e-04,2.72746040e-04,4.09119084e-04
0.00000000e+00,1.36373067e-04,2.72746023e-04,4.09119077e-04
0.00000000e+00,1.35998924e-04,2.71997580e-04,4.07996440e-04
0.00000000e+00,1.66666721e-04,3.33333256e-04,4.99999958e-04
0.00000000e+00,1.36154825e-04,2.72309477e-04,4.08464266e-04
0.00000000e+00,2.28128499e-04,4.56256942e-04,6.84385482e-04
0.00000000e+00,2.27470246e-04,4.54940313e-04,6.82410602e-04
0.00000000e+00,2.26783326e-04,4.53566637e-04,6.80349989e-04
0.00000000e+00,2.27470215e-04,4.54940350e-04,6.82410577e-04
0.00000000e+00,1.97489575e-04,3.94979000e-04,5.92468581e-04
0.00000000e+00,1.97116602e-04,3.94233041e-04,5.91349655e-04
0.00000000e+00,1.96743131e-04,3.93486108e-04,5.90229247e-04
0.00000000e+00,1.97116588e-04,3.94233051e-04,5.91349636e-04
0.00000000e+00,2.27857901e-04,4.55715775e-04,6.83573732e-04
0.00000000e+00,2.27186407e-04,4.54372726e-04,6.81559170e-04
0.00000000e+00,2.27186382e-04,4.54372752e-04,6.81559153e-04
0.00000000e+00,2.27857899e-04,4.55715787e-04,6.83573724e-04
0.00000000e+00,1.97334534e-04,3.94668920e-04,5.92003471e-04
0.00000000e+00,1.96960336e-04,3.93920524e-04,5.90880873e-04
0.00000000e+00,1.96960328e-04,3.93920525e-04,5.90880858e-04
0.00000000e+00,1.97334531e-04,3.94668926e-04,5.92003463e-04
0.00000000e+00,2.27581205e-04,4.55162360e-04,6.82743606e-04
0.00000000e+00,1.97178596e-04,3.94357056e-04,5.91535663e-04
0.00000000e+00,2.86634546e-04,5.73269084e-04,8.59903658e-04
0.00000000e+00,2.86094429e-04,5.72188731e-04,8.58283178e-04
0.00000000e+00,2.85450039e-04,5.70900037e-04,8.56350096e-04
0.00000000e+00,2.86094414e-04,5.72188722e-04,8.58283147e-04
0.00000000e+00,2.58183423e-04,5.16366871e-04,7.74550340e-04
0.00000000e+00,2.57448244e-04,5.14896436e-04,7.72344728e-04
0.00000000e+00,2.56629174e-04,5.13258367e-04,7.69887578e-04
0.00000000e+00,2.57448238e-04,5.14896422e-04,7.72344687e-04
0.00000000e+00,2.86420667e-04,5.72841351e-04,8.59262054e-04
0.00000000e+00,2.85840007e-04,5.71679989e-04,8.57520031e-04
0.00000000e+00,2.85840007e-04,5.71679986e-04,8.57520013e-04
0.00000000e+00,2.86420664e-04,5.72841344e-04,8.59262045e-04
0.00000000e+00,2.57886554e-04,5.15773116e-04,7.73659725e-04
0.00000000e+00,2.57116941e-04,5.14233822e-04,7.71350800e-04
0.00000000e+00,2.57116918e-04,5.14233832e-04,7.71350786e-04
0.00000000e+00,2.57886562e-04,5.15773112e-04,7.73659711e-04
0.00000000e+00,2.86190374e-04,5.72380744e-04,8.58571149e-04
0.00000000e+00,2.57575116e-04,5.15150217e-04,7.72725373e-04
0.00000000e+00,3.33333333e-04,6.66666667e-04,1.00000000e-03
0.00000000e+00,3.33333333e-04,6.66666667e-04,1.00000000e-03
0.00000000e+00,3.33333333e-04,6.66666667e-04,1.00000000e-03
0.00000000e+00,3.33333333e-04,6.66666667e-04,1.00000000e-03
0.00000000e+00,3.12104039e-04,6.24208132e-04,9.36312199e-04
0.00000000e+00,3.11907782e-04,6.23815549e-04,9.35723350e-04
0.00000000e+00,3.11657547e-04,6.23315078e-04,9.34972634e-04
0.00000000e+00,3.11907764e-04,6.23815558e-04,9.35723340e-04
0.00000000e+00,3.33333333e-04,6.66666667e-04,1.00000000e-03
0.00000000e+00,3.33333333e-04,6.66666667e-04,1.00000000e-03
0.00000000e+00,3.33333333e-04,6.66666667e-04,1.00000000e-03
0.00000000e+00,3.33333333e-04,6.66666667e-04,1.00000000e-03
0.00000000e+00,3.12028982e-04,6.24057960e-04,9.36086963e-04
0.00000000e+00,3.11812389e-04,6.23624763e-04,9.35437174e-04
0.00000000e+00,3.11812381e-04,6.23624769e-04,9.35437163e-04
0.00000000e+00,3.12028973e-04,6.24057964e-04,9.36086960e-04
0.00000000e+00,3.33333333e-04,6.66666667e-04,1.00000000e-03
0.00000000e+00,3.11945982e-04,6.23891950e-04,9.35837947e-04
0.00000000e+00,0.00000000e+00,0.00000000e+00,0.00000000e+00
0.00000000e+00,0.00000000e+00,0.00000000e+00,0.00000000e+00
0.00000000e+00,4.65389372e-05,9.30776173e-05,1.39616455e-04
0.00000000e+00,4.70481043e-05,9.40960664e-05,1.41144106e-04
0.00000000e+00,0.00000000e+00,0.00000000e+00,0.00000000e+00
0.00000000e+00,0.00000000e+00,0.00000000e+00,0.00000000e+00
0.00000000e+00,0.00000000e+00,0.00000000e+00,0.00000000e+00
0.00000000e+00,2.11737872e-05,4.23474241e-05,6.35211578e-05
0.00000000e+00,2.13548935e-05,4.27096948e-05,6.40645562e-05
0.00000000e+00,4.65781912e-05,9.31560967e-05,1.39734182e-04
0.00000000e+00,4.70950050e-05,9.41898426e-05,1.41284785e-04
0.00000000e+00,4.67406833e-05,9.34810851e-05,1.40221665e-04
0.00000000e+00,0.00000000e+00,0.00000000e+00,0.00000000e+00
0.00000000e+00,2.11865983e-05,4.23730332e-05,6.35595745e-05
0.00000000e+00,2.13711154e-05,4.27421193e-05,6.41132027e-05
0.00000000e+00,2.12431050e-05,4.24860454e-05,6.37290936e-05
0.00000000e+00,4.67829834e-05,9.35657323e-05,1.40348628e-04
0.00000000e+00,2.12572847e-05,4.25144287e-05,6.37716661e-05
0.00000000e+00,1.04993686e-04,2.09987031e-04,3.14980600e-04
0.00000000e+00,1.05639911e-04,2.11279611e-04,3.16919443e-04
0.00000000e+00,7.49231975e-05,1.49846027e-04,2.24769096e-04
0.00000000e+00,7.56306235e-05,1.51261048e-04,2.26891585e-04
0.00000000e+00,1.05046570e-04,2.10092806e-04,3.15139265e-04
0.00000000e+00,1.05695996e-04,2.11391805e-04,3.17087739e-04
0.00000000e+00,1.05258911e-04,2.10517471e-04,3.15776262e-04
0.00000000e+00,7.49794569e-05,1.49958583e-04,2.24937919e-04
0.00000000e+00,7.56939619e-05,1.51387747e-04,2.27081633e-04
0.00000000e+00,7.52086796e-05,1.50417021e-04,2.25625579e-04
0.00000000e+00,1.05313178e-04,2.10626075e-04,3.15939157e-04
0.00000000e+00,7.52678403e-05,1.50535418e-04,2.25803159e-04
0.00000000e+00,1.66666792e-04,3.33333215e-04,4.99999924e-04
0.00000000e+00,1.66666750e-04,3.33333238e-04,4.99999933e-04
0.00000000e+00,1.35721101e-04,2.71441825e-04,4.07162814e-04
0.00000000e+00,1.36092055e-04,2.72183845e-04,4.08275825e-04
0.00000000e+00,1.66666775e-04,3.33333226e-04,4.99999936e-04
0.00000000e+00,1.66666722e-04,3.33333251e-04,4.99999945e-04
0.00000000e+00,1.66666774e-04,3.33333227e-04,4.99999928e-04
0.00000000e+00,1.35751948e-04,2.71503547e-04,4.07255399e-04
0.00000000e+00,1.36123514e-04,2.72246814e-04,4.08370277e-04
0.00000000e+00,1.35874982e-04,2.71749615e-04,4.07624492e-04
0.00000000e+00,1.66666753e-04,3.33333237e-04,4.99999939e-04
0.00000000e+00,1.35906134e-04,2.71811981e-04,4.07718038e-04
0.00000000e+00,2.28339806e-04,4.56679486e-04,6.85019304e-04
0.00000000e+00,2.27693552e-04,4.55386923e-04,6.83080462e-04
0.00000000e+00,1.97612435e-04,3.95224650e-04,5.92837061e-04
0.00000000e+00,1.97241424e-04,3.94482656e-04,5.91724060e-04
0.00000000e+00,2.28286892e-04,4.56573731e-04,6.84860654e-04
0.00000000e+00,2.27637433e-04,4.55274747e-04,6.82912179e-04
0.00000000e+00,2.28074582e-04,4.56149051e-04,6.84223643e-04
0.00000000e+00,1.97581569e-04,3.95162931e-04,5.92744486e-04
0.00000000e+00,1.97209934e-04,3.94419703e-04,5.91629621e-04
0.00000000e+00,1.97458539e-04,3.94916863e-04,5.92375381e-04
0.00000000e+00,2.28020277e-04,4.56040464e-04,6.84060758e-04
0.00000000e+00,1.97427347e-04,3.94854517e-04,5.92281854e-04
0.00000000e+00,2.86794490e-04,5.73588982e-04,8.60383489e-04
0.00000000e+00,2.86285291e-04,5.72570526e-04,8.58855833e-04
0.00000000e+00,2.58410284e-04,5.16820530e-04,7.75230831e-04
0.00000000e+00,2.57702783e-04,5.15405541e-04,7.73108350e-04
0.00000000e+00,2.86755237e-04,5.73510500e-04,8.60265768e-04
0.00000000e+00,2.86238434e-04,5.72476718e-04,8.58715145e-04
0.00000000e+00,2.86592747e-04,5.73185512e-04,8.59778279e-04
0.00000000e+00,2.58354005e-04,5.16707978e-04,7.75062012e-04
0.00000000e+00,2.57639440e-04,5.15278844e-04,7.72918308e-04
0.00000000e+00,2.58124801e-04,5.16249536e-04,7.74374345e-04
0.00000000e+00,2.86550431e-04,5.73100865e-04,8.59651322e-04
0.00000000e+00,2.58065599e-04,5.16131154e-04,7.74196776e-04
0.00000000e+00,3.33333333e-04,6.66666667e-04,1.00000000e-03
0.00000000e+00,3.33333333e-04,6.66666667e-04,1.00000000e-03
0.00000000e+00,3.12159582e-04,6.24319219e-04,9.36478819e-04
0.00000000e+00,3.11978491e-04,6.23956920e-04,9.35935407e-04
0.00000000e+00,3.33333333e-04,6.66666667e-04,1.00000000e-03
0.00000000e+00,3.33333333e-04,6.66666667e-04,1.00000000e-03
0.00000000e+00,3.33333333e-04,6.66666667e-04,1.00000000e-03
0.00000000e+00,3.12146772e-04,6.24293604e-04,9.36440402e-04
0.00000000e+00,3.11962265e-04,6.23924494e-04,9.35886764e-04
0.00000000e+00,3.12090283e-04,6.24180578e-04,9.36270870e-04
0.00000000e+00,3.33333333e-04,6.66666667e-04,1.00000000e-03
0.00000000e+00,3.12076100e-04,6.24152193e-04,9.36228304e-04
0.00000000e+00,0.00000000e+00,0.00000000e+00,0.00000000e+00
0.00000000e+00,0.00000000e+00,0.00000000e+00,0.00000000e+00
0.00000000e+00,4.66988887e-05,9.33974982e-05,1.40096277e-04
0.00000000e+00,4.72390126e-05,9.44778450e-05,1.41716766e-04
0.00000000e+00,0.00000000e+00,0.00000000e+00,0.00000000e+00
0.00000000e+00,0.00000000e+00,0.00000000e+00,0.00000000e+00
0.00000000e+00,0.00000000e+00,0.00000000e+00,0.00000000e+00
0.00000000e+00,2.12293348e-05,4.24585008e-05,6.36877743e-05
0.00000000e+00,2.14255870e-05,4.28510842e-05,6.42766287e-05
0.00000000e+00,4.65781956e-05,9.31560884e-05,1.39734172e-04
0.00000000e+00,4.70950078e-05,9.41898413e-05,1.41284770e-04
0.00000000e+00,4.69127685e-05,9.38252348e-05,1.40737888e-04
0.00000000e+00,0.00000000e+00,0.00000000e+00,0.00000000e+00
0.00000000e+00,2.11865950e-05,4.23730326e-05,6.35595698e-05
0.00000000e+00,2.13711086e-05,4.27421236e-05,6.41131934e-05
0.00000000e+00,2.13044113e-05,4.26086526e-05,6.39130028e-05
0.00000000e+00,4.67829879e-05,9.35657272e-05,1.40348616e-04
0.00000000e+00,2.12572817e-05,4.25144283e-05,6.37716594e-05
0.00000000e+00,1.05204985e-04,2.10409572e-04,3.15614419e-04
0.00000000e+00,1.05863235e-04,2.11726198e-04,3.17589322e-04
0.00000000e+00,7.51500416e-05,1.50299682e-04,2.25449582e-04
0.00000000e+00,7.58851823e-05,1.51770146e-04,2.27655234e-04
0.00000000e+00,1.05046593e-04,2.10092795e-04,3.15139254e-04
0.00000000e+00,1.05696021e-04,2.11391796e-04,3.17087721e-04
0.00000000e+00,1.05475569e-04,2.10950750e-04,3.16426179e-04
0.00000000e+00,7.49794742e-05,1.49958568e-04,2.24937907e-04
0.00000000e+00,7.56939762e-05,1.51387736e-04,2.27081617e-04
0.00000000e+00,7.54469005e-05,1.50893439e-04,2.26340202e-04
0.00000000e+00,1.05313203e-04,2.10626063e-04,3.15939143e-04
0.00000000e+00,7.52678565e-05,1.50535406e-04,2.25803146e-04
0.00000000e+00,1.66666811e-04,3.33333205e-04,4.99999906e-04
0.00000000e+00,1.66666795e-04,3.33333218e-04,4.99999916e-04
0.00000000e+00,1.35843956e-04,2.71687472e-04,4.07531287e-04
0.00000000e+00,1.36216897e-04,2.72433461e-04,4.08650239e-04
0.00000000e+00,1.66666802e-04,3.33333211e-04,4.99999915e-04
0.00000000e+00,1.66666765e-04,3.33333231e-04,4.99999926e-04
0.00000000e+00,1.66666798e-04,3.33333215e-04,4.99999910e-04
0.00000000e+00,1.35751973e-04,2.71503536e-04,4.07255381e-04
0.00000000e+00,1.36123557e-04,2.72246798e-04,4.08370254e-04
0.00000000e+00,1.35998988e-04,2.71997556e-04,4.07996400e-04
0.00000000e+00,1.66666785e-04,3.33333222e-04,4.99999921e-04
0.00000000e+00,1.35906166e-04,2.71811970e-04,4.07718019e-04
0.00000000e+00,2.28128523e-04,4.56256940e-04,6.84385467e-04
0.00000000e+00,2.27470257e-04,4.54940325e-04,6.82410568e-04
0.00000000e+00,1.97489610e-04,3.94978983e-04,5.92468553e-04
0.00000000e+00,1.97116639e-04,3.94233013e-04,5.91349615e-04
0.00000000e+00,2.28286911e-04,4.56573726e-04,6.84860646e-04
0.00000000e+00,2.27637454e-04,4.55274733e-04,6.82912175e-04
0.00000000e+00,2.27857932e-04,4.55715774e-04,6.83573712e-04
0.00000000e+00,1.97581588e-04,3.95162922e-04,5.92744475e-04
0.00000000e+00,1.97209962e-04,3.94419683e-04,5.91629613e-04
0.00000000e+00,1.97334575e-04,3.94668902e-04,5.92003442e-04
0.00000000e+00,2.28020293e-04,4.56040457e-04,6.84060753e-04
0.00000000e+00,1.97427371e-04,3.94854503e-04,5.92281843e-04
0.00000000e+00,2.86634558e-04,5.73269095e-04,8.59903655e-04
0.00000000e+00,2.86094405e-04,5.72188749e-04,8.58283160e-04
0.00000000e+00,2.58183449e-04,5.16366876e-04,7.74550332e-04
0.00000000e+00,2.57448249e-04,5.14896444e-04,7.72344694e-04
0.00000000e+00,2.86755249e-04,5.73510510e-04,8.60265768e-04
0.00000000e+00,2.86238425e-04,5.72476728e-04,8.58715154e-04
0.00000000e+00,2.86420679e-04,5.72841364e-04,8.59262046e-04
0.00000000e+00,2.58354021e-04,5.16707979e-04,7.75062008e-04
0.00000000e+00,2.57639449e-04,5.15278847e-04,7.72918309e-04
0.00000000e+00,2.57886573e-04,5.15773127e-04,7.73659712e-04
0.00000000e+00,2.86550440e-04,5.73100873e-04,8.59651323e-04
0.00000000e+00,2.58065608e-04,5.16131158e-04,7.74196776e-04
0.00000000e+00,3.33333333e-04,6.66666667e-04,1.00000000e-03
0.00000000e+00,3.33333333e-04,6.66666667e-04,1.00000000e-03
0.00000000e+00,3.12104054e-04,6.24208134e-04,9.36312193e-04
0.00000000e+00,3.11907783e-04,6.23815557e-04,9.35723345e-04
0.00000000e+00,3.33333333e-04,6.66666667e-04,1.00000000e-03
0.00000000e+00,3.33333333e-04,6.66666667e-04,1.00000000e-03
0.00000000e+00,3.33333333e-04,6.66666667e-04,1.00000000e-03
0.00000000e+00,3.12146784e-04,6.24293606e-04,9.36440400e-04
0.00000000e+00,3.11962276e-04,6.23924493e-04,9.35886768e-04
0.00000000e+00,3.12028984e-04,6.24057973e-04,9.36086958e-04
0.00000000e+00,3.33333333e-04,6.66666667e-04,1.00000000e-03
0.00000000e+00,3.12076108e-04,6.24152196e-04,9.36228304e-04
0.00000000e+00,0.00000000e+00,0.00000000e+00,0.00000000e+00
0.00000000e+00,0.00000000e+00,0.00000000e+00,0.00000000e+00
0.00000000e+00,4.72390320e-05,9.44778449e-05,1.41716776e-04
0.00000000e+00,4.78833782e-05,9.57665820e-05,1.43649878e-04
0.00000000e+00,0.00000000e+00,0.00000000e+00,0.00000000e+00
0.00000000e+00,0.00000000e+00,0.00000000e+00,0.00000000e+00
0.00000000e+00,0.00000000e+00,0.00000000e+00,0.00000000e+00
0.00000000e+00,2.14256009e-05,4.28510823e-05,6.42766389e-05
0.00000000e+00,2.16758131e-05,4.33515623e-05,6.50273478e-05
0.00000000e+00,4.69127716e-05,9.38252361e-05,1.40737888e-04
0.00000000e+00,4.74934025e-05,9.49866213e-05,1.42479931e-04
0.00000000e+00,4.74934167e-05,9.49866183e-05,1.42479939e-04
0.00000000e+00,0.00000000e+00,0.00000000e+00,0.00000000e+00
0.00000000e+00,2.13044135e-05,4.26086549e-05,6.39130054e-05
0.00000000e+00,2.15209780e-05,4.30418655e-05,6.45628038e-05
0.00000000e+00,2.15209918e-05,4.30418622e-05,6.45628120e-05
0.00000000e+00,4.71430433e-05,9.42858565e-05,1.41428800e-04
0.00000000e+00,2.13874012e-05,4.27746726e-05,6.41620244e-05
0.00000000e+00,1.05863276e-04,2.11726179e-04,3.17589321e-04
0.00000000e+00,1.06550124e-04,2.13099957e-04,3.19649951e-04
0.00000000e+00,7.58852040e-05,1.51770152e-04,2.27655232e-04
0.00000000e+00,7.67042294e-05,1.53408246e-04,2.30112377e-04
0.00000000e+00,1.05475582e-04,2.10950739e-04,3.16426173e-04
0.00000000e+00,1.06147051e-04,2.12293826e-04,3.18440760e-04
0.00000000e+00,1.06147075e-04,2.12293815e-04,3.18440760e-04
0.00000000e+00,7.54469085e-05,1.50893434e-04,2.26340200e-04
0.00000000e+00,7.62164884e-05,1.52432763e-04,2.28649149e-04
0.00000000e+00,7.62165072e-05,1.52432757e-04,2.28649152e-04
0.00000000e+00,1.05752266e-04,2.11504173e-04,3.17256304e-04
0.00000000e+00,7.57583233e-05,1.51516357e-04,2.27274560e-04
0.00000000e+00,1.66666830e-04,3.33333215e-04,4.99999908e-04
0.00000000e+00,1.66666818e-04,3.33333224e-04,4.99999919e-04
0.00000000e+00,1.36216940e-04,2.72433444e-04,4.08650232e-04
0.00000000e+00,1.36590408e-04,2.73180383e-04,4.09770635e-04
0.00000000e+00,1.66666815e-04,3.33333207e-04,4.99999900e-04
0.00000000e+00,1.66666803e-04,3.33333224e-04,4.99999917e-04
0.00000000e+00,1.66666819e-04,3.33333223e-04,4.99999910e-04
0.00000000e+00,1.35999006e-04,2.71997542e-04,4.07996396e-04
0.00000000e+00,1.36373183e-04,2.72745974e-04,4.09119019e-04
0.00000000e+00,1.36373205e-04,2.72745970e-04,4.09119017e-04
0.00000000e+00,1.66666811e-04,3.33333217e-04,4.99999908e-04
0.00000000e+00,1.36154926e-04,2.72309433e-04,4.08464213e-04
0.00000000e+00,2.27470251e-04,4.54940345e-04,6.82410564e-04
0.00000000e+00,2.26783325e-04,4.53566622e-04,6.80349954e-04
0.00000000e+00,1.97116660e-04,3.94233025e-04,5.91349605e-04
0.00000000e+00,1.96743192e-04,3.93486077e-04,5.90229203e-04
0.00000000e+00,2.27857927e-04,4.55715781e-04,6.83573707e-04
0.00000000e+00,2.27186427e-04,4.54372718e-04,6.81559136e-04
0.00000000e+00,2.27186420e-04,4.54372730e-04,6.81559136e-04
0.00000000e+00,1.97334576e-04,3.94668905e-04,5.92003430e-04
0.00000000e+00,1.96960386e-04,3.93920490e-04,5.90880827e-04
0.00000000e+00,1.96960395e-04,3.93920496e-04,5.90880822e-04
0.00000000e+00,2.27581229e-04,4.55162357e-04,6.82743585e-04
0.00000000e+00,1.97178650e-04,3.94357030e-04,5.91535627e-04
0.00000000e+00,2.86094418e-04,5.72188756e-04,8.58283151e-04
0.00000000e+00,2.85449998e-04,5.70900078e-04,8.56350087e-04
0.00000000e+00,2.57448256e-04,5.14896455e-04,7.72344691e-04
0.00000000e+00,2.56629151e-04,5.13258405e-04,7.69887570e-04
0.00000000e+00,2.86420674e-04,5.72841370e-04,8.59262046e-04
0.00000000e+00,2.85839995e-04,5.71680010e-04,8.57520016e-04
0.00000000e+00,2.85839994e-04,5.71680042e-04,8.57520021e-04
0.00000000e+00,2.57886572e-04,5.15773135e-04,7.73659711e-04
0.00000000e+00,2.57116922e-04,5.14233847e-04,7.71350780e-04
0.00000000e+00,2.57116921e-04,5.14233862e-04,7.71350780e-04
0.00000000e+00,2.86190376e-04,5.72380769e-04,8.58571144e-04
0.00000000e+00,2.57575126e-04,5.15150235e-04,7.72725363e-04
0.00000000e+00,3.33333333e-04,6.66666667e-04,1.00000000e-03
0.00000000e+00,3.33333333e-04,6.66666667e-04,1.00000000e-03
0.00000000e+00,3.11907748e-04,6.23815601e-04,9.35723353e-04
0.00000000e+00,3.11657544e-04,6.23315098e-04,9.34972637e-04
0.00000000e+00,3.33333333e-04,6.66666667e-04,1.00000000e-03
0.00000000e+00,3.33333333e-04,6.66666667e-04,1.00000000e-03
0.00000000e+00,3.33333333e-04,6.66666667e-04,1.00000000e-03
0.00000000e+00,3.12028977e-04,6.24057979e-04,9.36086960e-04
0.00000000e+00,3.11812383e-04,6.23624784e-04,9.35437175e-04
0.00000000e+00,3.11812373e-04,6.23624800e-04,9.35437171e-04
0.00000000e+00,3.33333333e-04,6.66666667e-04,1.00000000e-03
0.00000000e+00,3.11945980e-04,6.23891968e-04,9.35837946e-04
0.00000000e+00,0.00000000e+00,0.00000000e+00,0.00000000e+00
0.00000000e+00,0.00000000e+00,0.00000000e+00,0.00000000e+00
0.00000000e+00,4.65389248e-05,9.30776315e-05,1.39616465e-04
0.00000000e+00,4.70480618e-05,9.40961342e-05,1.41144137e-04
0.00000000e+00,0.00000000e+00,0.00000000e+00,0.00000000e+00
0.00000000e+00,0.00000000e+00,0.00000000e+00,0.00000000e+00
0.00000000e+00,0.00000000e+00,0.00000000e+00,0.00000000e+00
0.00000000e+00,2.11737782e-05,4.23474335e-05,6.35211633e-05
0.00000000e+00,2.13548699e-05,4.27097316e-05,6.40645697e-05
0.00000000e+00,4.67406615e-05,9.34811124e-05,1.40221680e-04
0.00000000e+00,4.70949603e-05,9.41899103e-05,1.41284805e-04
0.00000000e+00,4.65781860e-05,9.31561024e-05,1.39734186e-04
0.00000000e+00,0.00000000e+00,0.00000000e+00,0.00000000e+00
0.00000000e+00,2.12430877e-05,4.24860672e-05,6.37291037e-05
0.00000000e+00,2.13710886e-05,4.27421592e-05,6.41132097e-05
0.00000000e+00,2.11865937e-05,4.23730403e-05,6.35595769e-05
0.00000000e+00,4.67829629e-05,9.35657615e-05,1.40348639e-04
0.00000000e+00,2.12572699e-05,4.25144492e-05,6.37716719e-05
0.00000000e+00,1.04993671e-04,2.09987040e-04,3.14980607e-04
0.00000000e+00,1.05639868e-04,2.11279679e-04,3.16919472e-04
0.00000000e+00,7.49231864e-05,1.49846036e-04,2.24769102e-04
0.00000000e+00,7.56305733e-05,1.51261117e-04,2.26891616e-04
0.00000000e+00,1.05258892e-04,2.10517488e-04,3.15776273e-04
0.00000000e+00,1.05695961e-04,2.11391866e-04,3.17087761e-04
0.00000000e+00,1.05046567e-04,2.10092806e-04,3.15139266e-04
0.00000000e+00,7.52086546e-05,1.50417047e-04,2.25625593e-04
0.00000000e+00,7.56939131e-05,1.51387816e-04,2.27081657e-04
0.00000000e+00,7.49794524e-05,1.49958585e-04,2.24937921e-04
0.00000000e+00,1.05313160e-04,2.10626097e-04,3.15939167e-04
0.00000000e+00,7.52678185e-05,1.50535446e-04,2.25803170e-04
0.00000000e+00,1.66666795e-04,3.33333210e-04,4.99999932e-04
0.00000000e+00,1.66666741e-04,3.33333262e-04,4.99999964e-04
0.00000000e+00,1.35721097e-04,2.71441821e-04,4.07162820e-04
0.00000000e+00,1.36092036e-04,2.72183886e-04,4.08275851e-04
0.00000000e+00,1.66666777e-04,3.33333220e-04,4.99999940e-04
0.00000000e+00,1.66666722e-04,3.33333269e-04,4.99999964e-04
0.00000000e+00,1.66666778e-04,3.33333218e-04,4.99999936e-04
0.00000000e+00,1.35874974e-04,2.71749619e-04,4.07624504e-04
0.00000000e+00,1.36123503e-04,2.72246846e-04,4.08370295e-04
0.00000000e+00,1.35751947e-04,2.71503542e-04,4.07255401e-04
0.00000000e+00,1.66666755e-04,3.33333236e-04,4.99999949e-04
0.00000000e+00,1.35906128e-04,2.71811991e-04,4.07718048e-04
0.00000000e+00,2.28339794e-04,4.56679477e-04,6.85019314e-04
0.00000000e+00,2.27693562e-04,4.55386906e-04,6.83080493e-04
0.00000000e+00,1.97612430e-04,3.95224644e-04,5.92837069e-04
0.00000000e+00,1.97241428e-04,3.94482658e-04,5.91724090e-04
0.00000000e+00,2.28074563e-04,4.56149043e-04,6.84223662e-04
0.00000000e+00,2.27637449e-04,4.55274718e-04,6.82912208e-04
0.00000000e+00,2.28286873e-04,4.56573729e-04,6.84860660e-04
0.00000000e+00,1.97458537e-04,3.94916854e-04,5.92375396e-04
0.00000000e+00,1.97209944e-04,3.94419698e-04,5.91629651e-04
0.00000000e+00,1.97581567e-04,3.95162924e-04,5.92744489e-04
0.00000000e+00,2.28020270e-04,4.56040454e-04,6.84060775e-04
0.00000000e+00,1.97427351e-04,3.94854510e-04,5.92281867e-04
0.00000000e+00,2.86794468e-04,5.73588987e-04,8.60383496e-04
0.00000000e+00,2.86285293e-04,5.72570543e-04,8.58855861e-04
0.00000000e+00,2.58410248e-04,5.16820533e-04,7.75230843e-04
0.00000000e+00,2.57702795e-04,5.15405535e-04,7.73108381e-04
0.00000000e+00,2.86592714e-04,5.73185523e-04,8.59778291e-04
0.00000000e+00,2.86238436e-04,5.72476733e-04,8.58715180e-04
0.00000000e+00,2.86755229e-04,5.73510505e-04,8.60265772e-04
0.00000000e+00,2.58124766e-04,5.16249535e-04,7.74374364e-04
0.00000000e+00,2.57639451e-04,5.15278836e-04,7.72918340e-04
0.00000000e+00,2.58353988e-04,5.16707978e-04,7.75062017e-04
0.00000000e+00,2.86550426e-04,5.73100873e-04,8.59651335e-04
0.00000000e+00,2.58065587e-04,5.16131155e-04,7.74196794e-04
0.00000000e+00,3.33333333e-04,6.66666667e-04,1.00000000e-03
0.00000000e+00,3.33333333e-04,6.66666667e-04,1.00000000e-03
0.00000000e+00,3.12159572e-04,6.24319222e-04,9.36478823e-04
0.00000000e+00,3.11978481e-04,6.23956932e-04,9.35935420e-04
0.00000000e+00,3.33333333e-04,6.66666667e-04,1.00000000e-03
0.00000000e+00,3.33333333e-04,6.66666667e-04,1.00000000e-03
0.00000000e+00,3.33333333e-04,6.66666667e-04,1.00000000e-03
0.00000000e+00,3.12090271e-04,6.24180585e-04,9.36270878e-04
0.00000000e+00,3.11962276e-04,6.23924498e-04,9.35886777e-04
0.00000000e+00,3.12146771e-04,6.24293606e-04,9.36440404e-04
0.00000000e+00,3.33333333e-04,6.66666667e-04,1.00000000e-03
0.00000000e+00,3.12076101e-04,6.24152196e-04,9.36228311e-04
0.00000000e+00,0.00000000e+00,0.00000000e+00,0.00000000e+00
0.00000000e+00,4.63881553e-05,9.27760851e-05,1.39164149e-04
0.00000000e+00,0.00000000e+00,0.00000000e+00,0.00000000e+00
0.00000000e+00,0.00000000e+00,0.00000000e+00,0.00000000e+00
0.00000000e+00,2.11224826e-05,4.22448547e-05,6.33672948e-05
0.00000000e+00,4.64251498e-05,9.28500621e-05,1.39275118e-04
0.00000000e+00,4.64251554e-05,9.28500563e-05,1.39275114e-04
0.00000000e+00,0.00000000e+00,0.00000000e+00,0.00000000e+00
0.00000000e+00,2.11342916e-05,4.22684628e-05,6.34027077e-05
0.00000000e+00,2.11342958e-05,4.22684598e-05,6.34027050e-05
0.00000000e+00,4.64627191e-05,9.29251886e-05,1.39387808e-04
0.00000000e+00,2.11463452e-05,4.22925547e-05,6.34388484e-05
0.00000000e+00,1.04787086e-04,2.09573846e-04,3.14360821e-04
0.00000000e+00,7.47053711e-05,1.49410412e-04,2.24115664e-04
0.00000000e+00,1.04838773e-04,2.09677228e-04,3.14515892e-04
0.00000000e+00,1.04838780e-04,2.09677226e-04,3.14515890e-04
0.00000000e+00,7.47593804e-05,1.49518451e-04,2.24277716e-04
0.00000000e+00,7.47593861e-05,1.49518445e-04,2.24277713e-04
0.00000000e+00,1.04890771e-04,2.09781234e-04,3.14671897e-04
0.00000000e+00,7.48139729e-05,1.49627635e-04,2.24441494e-04
0.00000000e+00,1.66666823e-04,3.33333192e-04,4.99999912e-04
0.00000000e+00,1.35599529e-04,2.71198667e-04,4.06798084e-04
0.00000000e+00,1.66666808e-04,3.33333208e-04,4.99999926e-04
0.00000000e+00,1.66666808e-04,3.33333205e-04,4.99999921e-04
0.00000000e+00,1.35630045e-04,2.71259713e-04,4.06889654e-04
0.00000000e+00,1.35630051e-04,2.71259711e-04,4.06889650e-04
0.00000000e+00,1.66666800e-04,3.33333207e-04,4.99999927e-04
0.00000000e+00,1.35660652e-04,2.71320938e-04,4.06981490e-04
0.00000000e+00,2.28546412e-04,4.57092654e-04,6.85639080e-04
0.00000000e+00,1.97734035e-04,3.95467789e-04,5.93201784e-04
0.00000000e+00,2.28494700e-04,4.56989290e-04,6.85484024e-04
0.00000000e+00,2.28494708e-04,4.56989295e-04,6.85484020e-04
0.00000000e+00,1.97703512e-04,3.95406737e-04,5.93110221e-04
0.00000000e+00,1.97703514e-04,3.95406741e-04,5.93110217e-04
0.00000000e+00,2.28442693e-04,4.56885288e-04,6.85328018e-04
0.00000000e+00,1.97672885e-04,3.95345526e-04,5.93018390e-04
0.00000000e+00,2.86945248e-04,5.73890529e-04,8.60835804e-04
0.00000000e+00,2.58628097e-04,5.17256141e-04,7.75884262e-04
0.00000000e+00,2.86908246e-04,5.73816558e-04,8.60724844e-04
0.00000000e+00,2.86908264e-04,5.73816555e-04,8.60724839e-04
0.00000000e+00,2.58574077e-04,5.17148097e-04,7.75722214e-04
0.00000000e+00,2.58574093e-04,5.17148097e-04,7.75722207e-04
0.00000000e+00,2.86870708e-04,5.73741409e-04,8.60612139e-04
0.00000000e+00,2.58519481e-04,5.17038923e-04,7.75558438e-04
0.00000000e+00,3.33333333e-04,6.66666667e-04,1.00000000e-03
0.00000000e+00,3.12210859e-04,6.24421806e-04,9.36632693e-04
0.00000000e+00,3.33333333e-04,6.66666667e-04,1.00000000e-03
0.00000000e+00,3.33333333e-04,6.66666667e-04,1.00000000e-03
0.00000000e+00,3.12199045e-04,6.24398203e-04,9.36597282e-04
0.00000000e+00,3.12199050e-04,6.24398200e-04,9.36597279e-04
0.00000000e+00,3.33333333e-04,6.66666667e-04,1.00000000e-03
0.00000000e+00,3.12187018e-04,6.24374092e-04,9.36561132e-04
0.00000000e+00,0.00000000e+00,0.00000000e+00,0.00000000e+00
0.00000000e+00,4.65389313e-05,9.30776155e-05,1.39616447e-04
0.00000000e+00,0.00000000e+00,0.00000000e+00,0.00000000e+00
0.00000000e+00,0.00000000e+00,0.00000000e+00,0.00000000e+00
0.00000000e+00,2.11737817e-05,4.23474266e-05,6.35211555e-05
0.00000000e+00,4.64251503e-05,9.28500548e-05,1.39275109e-04
0.00000000e+00,4.65781920e-05,9.31560884e-05,1.39734168e-04
0.00000000e+00,0.00000000e+00,0.00000000e+00,0.00000000e+00
0.00000000e+00,2.11342910e-05,4.22684606e-05,6.34027038e-05
0.00000000e+00,2.11865959e-05,4.23730328e-05,6.35595686e-05
0.00000000e+00,4.64627222e-05,9.29251797e-05,1.39387797e-04
0.00000000e+00,2.11463446e-05,4.22925522e-05,6.34388443e-05
0.00000000e+00,1.04993706e-04,2.09987012e-04,3.14980586e-04
0.00000000e+00,7.49231985e-05,1.49846017e-04,2.24769083e-04
0.00000000e+00,1.04838789e-04,2.09677216e-04,3.14515883e-04
0.00000000e+00,1.05046601e-04,2.10092785e-04,3.15139246e-04
0.00000000e+00,7.47593881e-05,1.49518439e-04,2.24277705e-04
0.00000000e+00,7.49794742e-05,1.49958562e-04,2.24937901e-04
0.00000000e+00,1.04890792e-04,2.09781222e-04,3.14671888e-04
0.00000000e+00,7.48139839e-05,1.49627623e-04,2.24441483e-04
0.00000000e+00,1.66666822e-04,3.33333190e-04,4.99999901e-04
0.00000000e+00,1.35721126e-04,2.71441798e-04,4.07162795e-04
0.00000000e+00,1.66666822e-04,3.33333194e-04,4.99999907e-04
0.00000000e+00,1.66666817e-04,3.33333195e-04,4.99999901e-04
0.00000000e+00,1.35630061e-04,2.71259699e-04,4.06889640e-04
0.00000000e+00,1.35751989e-04,2.71503519e-04,4.07255372e-04
0.00000000e+00,1.66666820e-04,3.33333191e-04,4.99999907e-04
0.00000000e+00,1.35660672e-04,2.71320927e-04,4.06981476e-04
0.00000000e+00,2.28339817e-04,4.56679481e-04,6.85019292e-04
0.00000000e+00,1.97612456e-04,3.95224633e-04,5.92837036e-04
0.00000000e+00,2.28494719e-04,4.56989290e-04,6.85484013e-04
0.00000000e+00,2.28286906e-04,4.56573729e-04,6.84860640e-04
0.00000000e+00,1.97703523e-04,3.95406734e-04,5.93110207e-04
0.00000000e+00,1.97581596e-04,3.95162913e-04,5.92744458e-04
0.00000000e+00,2.28442708e-04,4.56885291e-04,6.85328010e-04
0.00000000e+00,1.97672902e-04,3.95345519e-04,5.93018376e-04
0.00000000e+00,2.86794490e-04,5.73588983e-04,8.60383490e-04
0.00000000e+00,2.58410282e-04,5.16820535e-04,7.75230828e-04
0.00000000e+00,2.86908257e-04,5.73816561e-04,8.60724841e-04
0.00000000e+00,2.86755254e-04,5.73510500e-04,8.60265763e-04
0.00000000e+00,2.58574095e-04,5.17148099e-04,7.75722205e-04
0.00000000e+00,2.58354018e-04,5.16707978e-04,7.75062003e-04
0.00000000e+00,2.86870719e-04,5.73741411e-04,8.60612137e-04
0.00000000e+00,2.58519497e-04,5.17038925e-04,7.75558432e-04
0.00000000e+00,3.33333333e-04,6.66666667e-04,1.00000000e-03
0.00000000e+00,3.12159581e-04,6.24319217e-04,9.36478820e-04
0.00000000e+00,3.33333333e-04,6.66666667e-04,1.00000000e-03
0.00000000e+00,3.33333333e-04,6.66666667e-04,1.00000000e-03
0.00000000e+00,3.12199058e-04,6.24398194e-04,9.36597279e-04
0.00000000e+00,3.12146779e-04,6.24293606e-04,9.36440401e-04
0.00000000e+00,3.33333333e-04,6.66666667e-04,1.00000000e-03
0.00000000e+00,3.12187025e-04,6.24374091e-04,9.36561130e-04
0.00000000e+00,0.00000000e+00,0.00000000e+00,0.00000000e+00
0.00000000e+00,4.70481189e-05,9.40960679e-05,1.41144101e-04
0.00000000e+00,0.00000000e+00,0.00000000e+00,0.00000000e+00
0.00000000e+00,0.00000000e+00,0.00000000e+00,0.00000000e+00
0.00000000e+00,2.13548968e-05,4.27096993e-05,6.40645528e-05
0.00000000e+00,4.67406788e-05,9.34810850e-05,1.40221656e-04
0.00000000e+00,4.70950257e-05,9.41898430e-05,1.41284773e-04
0.00000000e+00,0.00000000e+00,0.00000000e+00,0.00000000e+00
0.00000000e+00,2.12430999e-05,4.24860498e-05,6.37290909e-05
0.00000000e+00,2.13711181e-05,4.27421247e-05,6.41131965e-05
0.00000000e+00,4.67829917e-05,9.35657277e-05,1.40348614e-04
0.00000000e+00,2.12572836e-05,4.25144305e-05,6.37716601e-05
0.00000000e+00,1.05639976e-04,2.11279578e-04,3.16919422e-04
0.00000000e+00,7.56306606e-05,1.51261029e-04,2.26891569e-04
0.00000000e+00,1.05258945e-04,2.10517440e-04,3.15776241e-04
0.00000000e+00,1.05696073e-04,2.11391772e-04,3.17087710e-04
0.00000000e+00,7.52086901e-05,1.50417005e-04,2.25625562e-04
0.00000000e+00,7.56940134e-05,1.51387726e-04,2.27081613e-04
0.00000000e+00,1.05313229e-04,2.10626044e-04,3.15939133e-04
0.00000000e+00,7.52678700e-05,1.50535398e-04,2.25803139e-04
0.00000000e+00,1.66666818e-04,3.33333207e-04,4.99999914e-04
0.00000000e+00,1.36092123e-04,2.72183805e-04,4.08275802e-04
0.00000000e+00,1.66666819e-04,3.33333188e-04,4.99999896e-04
0.00000000e+00,1.66666814e-04,3.33333214e-04,4.99999912e-04
0.00000000e+00,1.35875028e-04,2.71749575e-04,4.07624467e-04
0.00000000e+00,1.36123612e-04,2.72246768e-04,4.08370242e-04
0.00000000e+00,1.66666817e-04,3.33333202e-04,4.99999903e-04
0.00000000e+00,1.35906200e-04,2.71811945e-04,4.07718006e-04
0.00000000e+00,2.27693568e-04,4.55386935e-04,6.83080455e-04
0.00000000e+00,1.97241476e-04,3.94482647e-04,5.91724038e-04
0.00000000e+00,2.28074587e-04,4.56149054e-04,6.84223625e-04
0.00000000e+00,2.27637464e-04,4.55274752e-04,6.82912169e-04
0.00000000e+00,1.97458570e-04,3.94916844e-04,5.92375351e-04
0.00000000e+00,1.97209998e-04,3.94419686e-04,5.91629597e-04
0.00000000e+00,2.28020297e-04,4.56040462e-04,6.84060744e-04
0.00000000e+00,1.97427391e-04,3.94854498e-04,5.92281825e-04
0.00000000e+00,2.86285293e-04,5.72570547e-04,8.58855847e-04
0.00000000e+00,2.57702813e-04,5.15405553e-04,7.73108353e-04
0.00000000e+00,2.86592748e-04,5.73185512e-04,8.59778280e-04
0.00000000e+00,2.86238426e-04,5.72476752e-04,8.58715162e-04
0.00000000e+00,2.58124796e-04,5.16249542e-04,7.74374343e-04
0.00000000e+00,2.57639464e-04,5.15278857e-04,7.72918307e-04
0.00000000e+00,2.86550441e-04,5.73100878e-04,8.59651324e-04
0.00000000e+00,2.58065610e-04,5.16131166e-04,7.74196773e-04
0.00000000e+00,3.33333333e-04,6.66666667e-04,1.00000000e-03
0.00000000e+00,3.11978464e-04,6.23956949e-04,9.35935425e-04
0.00000000e+00,3.33333333e-04,6.66666667e-04,1.00000000e-03
0.00000000e+00,3.33333333e-04,6.66666667e-04,1.00000000e-03
0.00000000e+00,3.12090272e-04,6.24180584e-04,9.36270876e-04
0.00000000e+00,3.11962253e-04,6.23924521e-04,9.35886776e-04
0.00000000e+00,3.33333333e-04,6.66666667e-04,1.00000000e-03
0.00000000e+00,3.12076100e-04,6.24152205e-04,9.36228308e-04
0.00000000e+00,0.00000000e+00,0.00000000e+00,0.00000000e+00
0.00000000e+00,0.00000000e+00,0.00000000e+00,0.00000000e+00
0.00000000e+00,4.66988611e-05,9.33975171e-05,1.40096293e-04
0.00000000e+00,4.72389589e-05,9.44779037e-05,1.41716810e-04
0.00000000e+00,0.00000000e+00,0.00000000e+00,0.00000000e+00
0.00000000e+00,0.00000000e+00,0.00000000e+00,0.00000000e+00
0.00000000e+00,0.00000000e+00,0.00000000e+00,0.00000000e+00
0.00000000e+00,2.12293186e-05,4.24585111e-05,6.36877822e-05
0.00000000e+00,2.14255671e-05,4.28511100e-05,6.42766538e-05
0.00000000e+00,4.69127304e-05,9.38252684e-05,1.40737912e-04
0.00000000e+00,4.70949615e-05,9.41899038e-05,1.41284805e-04
0.00000000e+00,4.65781783e-05,9.31561044e-05,1.39734185e-04
0.00000000e+00,0.00000000e+00,0.00000000e+00,0.00000000e+00
0.00000000e+00,2.13043900e-05,4.26086727e-05,6.39130172e-05
0.00000000e+00,2.13710894e-05,4.27421551e-05,6.41132127e-05
0.00000000e+00,2.11865860e-05,4.23730414e-05,6.35595773e-05
0.00000000e+00,4.67829595e-05,9.35657599e-05,1.40348639e-04
0.00000000e+00,2.12572653e-05,4.25144486e-05,6.37716723e-05
0.00000000e+00,1.05204954e-04,2.10409598e-04,3.15614438e-04
0.00000000e+00,1.05863191e-04,2.11726264e-04,3.17589364e-04
0.00000000e+00,7.51500127e-05,1.50299706e-04,2.25449599e-04
0.00000000e+00,7.58851258e-05,1.51770222e-04,2.27655279e-04
0.00000000e+00,1.05475534e-04,2.10950784e-04,3.16426205e-04
0.00000000e+00,1.05695983e-04,2.11391858e-04,3.17087753e-04
0.00000000e+00,1.05046573e-04,2.10092807e-04,3.15139264e-04
0.00000000e+00,7.54468607e-05,1.50893478e-04,2.26340231e-04
0.00000000e+00,7.56939257e-05,1.51387806e-04,2.27081656e-04
0.00000000e+00,7.49794543e-05,1.49958584e-04,2.24937919e-04
0.00000000e+00,1.05313174e-04,2.10626094e-04,3.15939164e-04
0.00000000e+00,7.52678251e-05,1.50535442e-04,2.25803169e-04
0.00000000e+00,1.66666803e-04,3.33333208e-04,4.99999930e-04
0.00000000e+00,1.66666758e-04,3.33333256e-04,4.99999954e-04
0.00000000e+00,1.35843935e-04,2.71687488e-04,4.07531308e-04
0.00000000e+00,1.36216853e-04,2.72433516e-04,4.08650283e-04
0.00000000e+00,1.66666788e-04,3.33333221e-04,4.99999940e-04
0.00000000e+00,1.66666748e-04,3.33333258e-04,4.99999961e-04
0.00000000e+00,1.66666806e-04,3.33333204e-04,4.99999928e-04
0.00000000e+00,1.35998962e-04,2.71997577e-04,4.07996430e-04
0.00000000e+00,1.36123526e-04,2.72246843e-04,4.08370289e-04
0.00000000e+00,1.35751963e-04,2.71503538e-04,4.07255394e-04
0.00000000e+00,1.66666779e-04,3.33333226e-04,4.99999943e-04
0.00000000e+00,1.35906148e-04,2.71811987e-04,4.07718041e-04
0.00000000e+00,2.28128518e-04,4.56256925e-04,6.84385486e-04
0.00000000e+00,2.27470261e-04,4.54940314e-04,6.82410594e-04
0.00000000e+00,1.97489610e-04,3.94978974e-04,5.92468575e-04
0.00000000e+00,1.97116629e-04,3.94233028e-04,5.91349652e-04
0.00000000e+00,2.27857923e-04,4.55715761e-04,6.83573738e-04
0.00000000e+00,2.27637457e-04,4.55274723e-04,6.82912207e-04
0.00000000e+00,2.28286889e-04,4.56573717e-04,6.84860662e-04
0.00000000e+00,1.97334573e-04,3.94668897e-04,5.92003469e-04
0.00000000e+00,1.97209958e-04,3.94419691e-04,5.91629642e-04
0.00000000e+00,1.97581585e-04,3.95162911e-04,5.92744487e-04
0.00000000e+00,2.28020281e-04,4.56040449e-04,6.84060775e-04
0.00000000e+00,1.97427369e-04,3.94854499e-04,5.92281864e-04
0.00000000e+00,2.86634518e-04,5.73269096e-04,8.59903667e-04
0.00000000e+00,2.86094399e-04,5.72188749e-04,8.58283176e-04
0.00000000e+00,2.58183414e-04,5.16366872e-04,7.74550350e-04
0.00000000e+00,2.57448227e-04,5.14896438e-04,7.72344726e-04
0.00000000e+00,2.86420627e-04,5.72841371e-04,8.59262063e-04
0.00000000e+00,2.86238419e-04,5.72476738e-04,8.58715175e-04
0.00000000e+00,2.86755209e-04,5.73510510e-04,8.60265774e-04
0.00000000e+00,2.57886546e-04,5.15773120e-04,7.73659732e-04
0.00000000e+00,2.57639450e-04,5.15278839e-04,7.72918336e-04
0.00000000e+00,2.58353985e-04,5.16707971e-04,7.75062019e-04
0.00000000e+00,2.86550407e-04,5.73100880e-04,8.59651337e-04
0.00000000e+00,2.58065582e-04,5.16131157e-04,7.74196795e-04
0.00000000e+00,3.33333333e-04,6.66666667e-04,1.00000000e-03
0.00000000e+00,3.33333333e-04,6.66666667e-04,1.00000000e-03
0.00000000e+00,3.12104025e-04,6.24208135e-04,9.36312202e-04
0.00000000e+00,3.11907763e-04,6.23815577e-04,9.35723352e-04
0.00000000e+00,3.33333333e-04,6.66666667e-04,1.00000000e-03
0.00000000e+00,3.33333333e-04,6.66666667e-04,1.00000000e-03
0.00000000e+00,3.33333333e-04,6.66666667e-04,1.00000000e-03
0.00000000e+00,3.12028950e-04,6.24057982e-04,9.36086970e-04
0.00000000e+00,3.11962254e-04,6.23924508e-04,9.35886779e-04
0.00000000e+00,3.12146761e-04,6.24293612e-04,9.36440405e-04
0.00000000e+00,3.33333333e-04,6.66666667e-04,1.00000000e-03
0.00000000e+00,3.12076088e-04,6.24152203e-04,9.36228312e-04
0.00000000e+00,0.00000000e+00,0.00000000e+00,0.00000000e+00
0.00000000e+00,4.65389181e-05,9.30776197e-05,1.39616454e-04
0.00000000e+00,0.00000000e+00,0.00000000e+00,0.00000000e+00
0.00000000e+00,0.00000000e+00,0.00000000e+00,0.00000000e+00
0.00000000e+00,2.11737752e-05,4.23474271e-05,6.35211579e-05
0.00000000e+00,4.65781739e-05,9.31560988e-05,1.39734179e-04
0.00000000e+00,4.64251445e-05,9.28500594e-05,1.39275112e-04
0.00000000e+00,0.00000000e+00,0.00000000e+00,0.00000000e+00
0.00000000e+00,2.11865826e-05,4.23730379e-05,6.35595738e-05
0.00000000e+00,2.11342892e-05,4.22684606e-05,6.34027054e-05
0.00000000e+00,4.64627101e-05,9.29251893e-05,1.39387806e-04
0.00000000e+00,2.11463376e-05,4.22925564e-05,6.34388484e-05
0.00000000e+00,1.04993687e-04,2.09987027e-04,3.14980595e-04
0.00000000e+00,7.49231831e-05,1.49846029e-04,2.24769089e-04
0.00000000e+00,1.05046575e-04,2.10092806e-04,3.15139258e-04
0.00000000e+00,1.04838777e-04,2.09677224e-04,3.14515887e-04
0.00000000e+00,7.49794508e-05,1.49958581e-04,2.24937912e-04
0.00000000e+00,7.47593803e-05,1.49518446e-04,2.24277709e-04
0.00000000e+00,1.04890771e-04,2.09781233e-04,3.14671895e-04
0.00000000e+00,7.48139710e-05,1.49627634e-04,2.24441491e-04
0.00000000e+00,1.66666817e-04,3.33333196e-04,4.99999912e-04
0.00000000e+00,1.35721114e-04,2.71441814e-04,4.07162804e-04
0.00000000e+00,1.66666812e-04,3.33333204e-04,4.99999920e-04
0.00000000e+00,1.66666823e-04,3.33333195e-04,4.99999911e-04
0.00000000e+00,1.35751970e-04,2.71503537e-04,4.07255387e-04
0.00000000e+00,1.35630056e-04,2.71259705e-04,4.06889644e-04
0.00000000e+00,1.66666824e-04,3.33333193e-04,4.99999917e-04
0.00000000e+00,1.35660662e-04,2.71320933e-04,4.06981484e-04
0.00000000e+00,2.28339816e-04,4.56679472e-04,6.85019302e-04
0.00000000e+00,1.97612454e-04,3.95224632e-04,5.92837049e-04
0.00000000e+00,2.28286903e-04,4.56573719e-04,6.84860655e-04
0.00000000e+00,2.28494715e-04,4.56989286e-04,6.85484019e-04
0.00000000e+00,1.97581597e-04,3.95162906e-04,5.92744476e-04
0.00000000e+00,1.97703523e-04,3.95406730e-04,5.93110211e-04
0.00000000e+00,2.28442704e-04,4.56885280e-04,6.85328018e-04
0.00000000e+00,1.97672900e-04,3.95345513e-04,5.93018386e-04
0.00000000e+00,2.86794472e-04,5.73588980e-04,8.60383495e-04
0.00000000e+00,2.58410269e-04,5.16820533e-04,7.75230837e-04
0.00000000e+00,2.86755218e-04,5.73510504e-04,8.60265776e-04
0.00000000e+00,2.86908249e-04,5.73816555e-04,8.60724842e-04
0.00000000e+00,2.58353998e-04,5.16707975e-04,7.75062017e-04
0.00000000e+00,2.58574088e-04,5.17148093e-04,7.75722206e-04
0.00000000e+00,2.86870692e-04,5.73741411e-04,8.60612142e-04
0.00000000e+00,2.58519476e-04,5.17038921e-04,7.75558441e-04
0.00000000e+00,3.33333333e-04,6.66666667e-04,1.00000000e-03
0.00000000e+00,3.12159572e-04,6.24319214e-04,9.36478824e-04
0.00000000e+00,3.33333333e-04,6.66666667e-04,1.00000000e-03
0.00000000e+00,3.33333333e-04,6.66666667e-04,1.00000000e-03
0.00000000e+00,3.12146760e-04,6.24293607e-04,9.36440409e-04
0.00000000e+00,3.12199049e-04,6.24398197e-04,9.36597282e-04
0.00000000e+00,3.33333333e-04,6.66666667e-04,1.00000000e-03
0.00000000e+00,3.12187013e-04,6.24374093e-04,9.36561134e-04
0.00000000e+00,0.00000000e+00,0.00000000e+00,0.00000000e+00
0.00000000e+00,4.66988640e-05,9.33975005e-05,1.40096277e-04
0.00000000e+00,0.00000000e+00,0.00000000e+00,0.00000000e+00
0.00000000e+00,0.00000000e+00,0.00000000e+00,0.00000000e+00
0.00000000e+00,2.12293222e-05,4.24585024e-05,6.36877744e-05
0.00000000e+00,4.65781709e-05,9.31560931e-05,1.39734171e-04
0.00000000e+00,4.65781773e-05,9.31560926e-05,1.39734168e-04
0.00000000e+00,0.00000000e+00,0.00000000e+00,0.00000000e+00
0.00000000e+00,2.11865846e-05,4.23730338e-05,6.35595701e-05
0.00000000e+00,2.11865890e-05,4.23730331e-05,6.35595683e-05
0.00000000e+00,4.64627070e-05,9.29251833e-05,1.39387797e-04
0.00000000e+00,2.11463386e-05,4.22925530e-05,6.34388443e-05
0.00000000e+00,1.05204982e-04,2.10409561e-04,3.15614415e-04
0.00000000e+00,7.51500192e-05,1.50299684e-04,2.25449578e-04
0.00000000e+00,1.05046588e-04,2.10092788e-04,3.15139248e-04
0.00000000e+00,1.05046598e-04,2.10092778e-04,3.15139244e-04
0.00000000e+00,7.49794533e-05,1.49958570e-04,2.24937903e-04
0.00000000e+00,7.49794629e-05,1.49958565e-04,2.24937899e-04
0.00000000e+00,1.04890790e-04,2.09781216e-04,3.14671886e-04
0.00000000e+00,7.48139744e-05,1.49627624e-04,2.24441481e-04
0.00000000e+00,1.66666820e-04,3.33333191e-04,4.99999901e-04
0.00000000e+00,1.35843958e-04,2.71687457e-04,4.07531282e-04
0.00000000e+00,1.66666819e-04,3.33333195e-04,4.99999903e-04
0.00000000e+00,1.66666821e-04,3.33333189e-04,4.99999896e-04
0.00000000e+00,1.35751982e-04,2.71503522e-04,4.07255374e-04
0.00000000e+00,1.35751988e-04,2.71503511e-04,4.07255369e-04
0.00000000e+00,1.66666825e-04,3.33333187e-04,4.99999901e-04
0.00000000e+00,1.35660676e-04,2.71320919e-04,4.06981471e-04
0.00000000e+00,2.28128532e-04,4.56256927e-04,6.84385465e-04
0.00000000e+00,1.97489628e-04,3.94978967e-04,5.92468544e-04
0.00000000e+00,2.28286913e-04,4.56573717e-04,6.84860643e-04
0.00000000e+00,2.28286914e-04,4.56573718e-04,6.84860638e-04
0.00000000e+00,1.97581602e-04,3.95162906e-04,5.92744462e-04
0.00000000e+00,1.97581604e-04,3.95162905e-04,5.92744455e-04
0.00000000e+00,2.28442718e-04,4.56885281e-04,6.85328007e-04
0.00000000e+00,1.97672909e-04,3.95345511e-04,5.93018371e-04
0.00000000e+00,2.86634546e-04,5.73269094e-04,8.59903662e-04
0.00000000e+00,2.58183437e-04,5.16366875e-04,7.74550338e-04
0.00000000e+00,2.86755237e-04,5.73510502e-04,8.60265768e-04
0.00000000e+00,2.86755244e-04,5.73510503e-04,8.60265766e-04
0.00000000e+00,2.58354014e-04,5.16707970e-04,7.75062007e-04
0.00000000e+00,2.58354018e-04,5.16707974e-04,7.75062005e-04
0.00000000e+00,2.86870707e-04,5.73741408e-04,8.60612138e-04
0.00000000e+00,2.58519493e-04,5.17038921e-04,7.75558432e-04
0.00000000e+00,3.33333333e-04,6.66666667e-04,1.00000000e-03
0.00000000e+00,3.12104036e-04,6.24208134e-04,9.36312198e-04
0.00000000e+00,3.33333333e-04,6.66666667e-04,1.00000000e-03
0.00000000e+00,3.33333333e-04,6.66666667e-04,1.00000000e-03
0.00000000e+00,3.12146771e-04,6.24293604e-04,9.36440405e-04
0.00000000e+00,3.12146772e-04,6.24293606e-04,9.36440404e-04
0.00000000e+00,3.33333333e-04,6.66666667e-04,1.00000000e-03
0.00000000e+00,3.12187021e-04,6.24374090e-04,9.36561132e-04
0.00000000e+00,0.00000000e+00,0.00000000e+00,0.00000000e+00
0.00000000e+00,4.72390025e-05,9.44778407e-05,1.41716763e-04
0.00000000e+00,0.00000000e+00,0.00000000e+00,0.00000000e+00
0.00000000e+00,0.00000000e+00,0.00000000e+00,0.00000000e+00
0.00000000e+00,2.14255802e-05,4.28510886e-05,6.42766275e-05
0.00000000e+00,4.69127402e-05,9.38252409e-05,1.40737886e-04
0.00000000e+00,4.70950155e-05,9.41898372e-05,1.41284765e-04
0.00000000e+00,0.00000000e+00,0.00000000e+00,0.00000000e+00
0.00000000e+00,2.13043968e-05,4.26086573e-05,6.39130029e-05
0.00000000e+00,2.13711098e-05,4.27421258e-05,6.41131911e-05
0.00000000e+00,4.67829767e-05,9.35657293e-05,1.40348612e-04
0.00000000e+00,2.12572759e-05,4.25144316e-05,6.37716580e-05
0.00000000e+00,1.05863270e-04,2.11726168e-04,3.17589311e-04
0.00000000e+00,7.58851844e-05,1.51770142e-04,2.27655218e-04
0.00000000e+00,1.05475577e-04,2.10950726e-04,3.16426169e-04
0.00000000e+00,1.05696070e-04,2.11391760e-04,3.17087702e-04
0.00000000e+00,7.54468865e-05,1.50893434e-04,2.26340195e-04
0.00000000e+00,7.56940024e-05,1.51387719e-04,2.27081605e-04
0.00000000e+00,1.05313225e-04,2.10626036e-04,3.15939129e-04
0.00000000e+00,7.52678594e-05,1.50535396e-04,2.25803135e-04
0.00000000e+00,1.66666822e-04,3.33333199e-04,4.99999909e-04
0.00000000e+00,1.36216928e-04,2.72433430e-04,4.08650234e-04
0.00000000e+00,1.66666822e-04,3.33333190e-04,4.99999898e-04
0.00000000e+00,1.66666811e-04,3.33333206e-04,4.99999911e-04
0.00000000e+00,1.35999003e-04,2.71997524e-04,4.07996393e-04
0.00000000e+00,1.36123600e-04,2.72246763e-04,4.08370241e-04
0.00000000e+00,1.66666818e-04,3.33333195e-04,4.99999902e-04
0.00000000e+00,1.35906197e-04,2.71811936e-04,4.07718004e-04
0.00000000e+00,2.27470252e-04,4.54940341e-04,6.82410579e-04
0.00000000e+00,1.97116668e-04,3.94233024e-04,5.91349606e-04
0.00000000e+00,2.27857938e-04,4.55715769e-04,6.83573708e-04
0.00000000e+00,2.27637464e-04,4.55274750e-04,6.82912177e-04
0.00000000e+00,1.97334595e-04,3.94668891e-04,5.92003426e-04
0.00000000e+00,1.97210000e-04,3.94419679e-04,5.91629599e-04
0.00000000e+00,2.28020301e-04,4.56040458e-04,6.84060745e-04
0.00000000e+00,1.97427399e-04,3.94854490e-04,5.92281824e-04
0.00000000e+00,2.86094396e-04,5.72188758e-04,8.58283181e-04
0.00000000e+00,2.57448243e-04,5.14896462e-04,7.72344718e-04
0.00000000e+00,2.86420664e-04,5.72841366e-04,8.59262057e-04
0.00000000e+00,2.86238413e-04,5.72476754e-04,8.58715178e-04
0.00000000e+00,2.57886568e-04,5.15773127e-04,7.73659720e-04
0.00000000e+00,2.57639450e-04,5.15278863e-04,7.72918319e-04
0.00000000e+00,2.86550431e-04,5.73100880e-04,8.59651332e-04
0.00000000e+00,2.58065606e-04,5.16131164e-04,7.74196780e-04
0.00000000e+00,3.33333333e-04,6.66666667e-04,1.00000000e-03
0.00000000e+00,3.11907761e-04,6.23815571e-04,9.35723360e-04
0.00000000e+00,3.33333333e-04,6.66666667e-04,1.00000000e-03
0.00000000e+00,3.33333333e-04,6.66666667e-04,1.00000000e-03
0.00000000e+00,3.12028965e-04,6.24057979e-04,9.36086968e-04
0.00000000e+00,3.11962252e-04,6.23924513e-04,9.35886783e-04
0.00000000e+00,3.33333333e-04,6.66666667e-04,1.00000000e-03
0.00000000e+00,3.12076094e-04,6.24152203e-04,9.36228312e-04
0.00000000e+00,0.00000000e+00,0.00000000e+00,0.00000000e+00
0.00000000e+00,0.00000000e+00,0.00000000e+00,0.00000000e+00
0.00000000e+00,4.72389594e-05,9.44778714e-05,1.41716784e-04
0.00000000e+00,4.78832839e-05,9.57666480e-05,1.43649910e-04
0.00000000e+00,0.00000000e+00,0.00000000e+00,0.00000000e+00
0.00000000e+00,0.00000000e+00,0.00000000e+00,0.00000000e+00
0.00000000e+00,0.00000000e+00,0.00000000e+00,0.00000000e+00
0.00000000e+00,2.14255606e-05,4.28510994e-05,6.42766365e-05
0.00000000e+00,2.16757736e-05,4.33515904e-05,6.50273582e-05
0.00000000e+00,4.74933359e-05,9.49866607e-05,1.42479955e-04
0.00000000e+00,4.74933333e-05,9.49866775e-05,1.42479970e-04
0.00000000e+00,4.69127311e-05,9.38252554e-05,1.40737904e-04
0.00000000e+00,0.00000000e+00,0.00000000e+00,0.00000000e+00
0.00000000e+00,2.15209485e-05,4.30418859e-05,6.45628135e-05
0.00000000e+00,2.15209530e-05,4.30418901e-05,6.45628249e-05
0.00000000e+00,2.13043902e-05,4.26086656e-05,6.39130111e-05
0.00000000e+00,4.71429906e-05,9.42858918e-05,1.41428823e-04
0.00000000e+00,2.13873728e-05,4.27746922e-05,6.41620355e-05
0.00000000e+00,1.05863205e-04,2.11726229e-04,3.17589350e-04
0.00000000e+00,1.06550031e-04,2.13100046e-04,3.19650009e-04
0.00000000e+00,7.58851222e-05,1.51770190e-04,2.27655252e-04
0.00000000e+00,7.67041314e-05,1.53408337e-04,2.30112419e-04
0.00000000e+00,1.06146997e-04,2.12293883e-04,3.18440804e-04
0.00000000e+00,1.06146996e-04,2.12293893e-04,3.18440809e-04
0.00000000e+00,1.05475538e-04,2.10950776e-04,3.16426198e-04
0.00000000e+00,7.62164211e-05,1.52432820e-04,2.28649183e-04
0.00000000e+00,7.62164169e-05,1.52432840e-04,2.28649194e-04
0.00000000e+00,7.54468607e-05,1.50893466e-04,2.26340221e-04
0.00000000e+00,1.05752213e-04,2.11504224e-04,3.17256340e-04
0.00000000e+00,7.57582653e-05,1.51516406e-04,2.27274591e-04
0.00000000e+00,1.66666797e-04,3.33333218e-04,4.99999946e-04
0.00000000e+00,1.66666760e-04,3.33333263e-04,4.99999975e-04
0.00000000e+00,1.36216880e-04,2.72433486e-04,4.08650273e-04
0.00000000e+00,1.36590329e-04,2.73180452e-04,4.09770694e-04
0.00000000e+00,1.66666784e-04,3.33333237e-04,4.99999955e-04
0.00000000e+00,1.66666761e-04,3.33333259e-04,4.99999963e-04
0.00000000e+00,1.66666800e-04,3.33333215e-04,4.99999933e-04
0.00000000e+00,1.36373138e-04,2.72746018e-04,4.09119066e-04
0.00000000e+00,1.36373122e-04,2.72746034e-04,4.09119070e-04
0.00000000e+00,1.35998971e-04,2.71997571e-04,4.07996425e-04
0.00000000e+00,1.66666785e-04,3.33333232e-04,4.99999947e-04
0.00000000e+00,1.36154881e-04,2.72309471e-04,4.08464253e-04
0.00000000e+00,2.27470254e-04,4.54940294e-04,6.82410598e-04
0.00000000e+00,2.26783359e-04,4.53566583e-04,6.80349991e-04
0.00000000e+00,1.97116654e-04,3.94232994e-04,5.91349641e-04
0.00000000e+00,1.96743187e-04,3.93486064e-04,5.90229243e-04
0.00000000e+00,2.27186434e-04,4.54372681e-04,6.81559170e-04
0.00000000e+00,2.27186433e-04,4.54372708e-04,6.81559172e-04
0.00000000e+00,2.27857928e-04,4.55715755e-04,6.83573732e-04
0.00000000e+00,1.96960390e-04,3.93920474e-04,5.90880861e-04
0.00000000e+00,1.96960380e-04,3.93920494e-04,5.90880865e-04
0.00000000e+00,1.97334578e-04,3.94668890e-04,5.92003460e-04
0.00000000e+00,2.27581233e-04,4.55162333e-04,6.82743614e-04
0.00000000e+00,1.97178647e-04,3.94357021e-04,5.91535661e-04
0.00000000e+00,2.86094403e-04,5.72188718e-04,8.58283172e-04
0.00000000e+00,2.85450006e-04,5.70900040e-04,8.56350111e-04
0.00000000e+00,2.57448257e-04,5.14896407e-04,7.72344718e-04
0.00000000e+00,2.56629166e-04,5.13258355e-04,7.69887601e-04
0.00000000e+00,2.85839970e-04,5.71680004e-04,8.57520041e-04
0.00000000e+00,2.85839972e-04,5.71680003e-04,8.57520036e-04
0.00000000e+00,2.86420639e-04,5.72841358e-04,8.59262061e-04
0.00000000e+00,2.57116925e-04,5.14233808e-04,7.71350806e-04
0.00000000e+00,2.57116921e-04,5.14233822e-04,7.71350808e-04
0.00000000e+00,2.57886553e-04,5.15773112e-04,7.73659733e-04
0.00000000e+00,2.86190343e-04,5.72380759e-04,8.58571163e-04
0.00000000e+00,2.57575111e-04,5.15150213e-04,7.72725388e-04
0.00000000e+00,3.33333333e-04,6.66666667e-04,1.00000000e-03
0.00000000e+00,3.33333333e-04,6.66666667e-04,1.00000000e-03
0.00000000e+00,3.11907753e-04,6.23815561e-04,9.35723363e-04
0.00000000e+00,3.11657529e-04,6.23315099e-04,9.34972649e-04
0.00000000e+00,3.33333333e-04,6.66666667e-04,1.00000000e-03
0.00000000e+00,3.33333333e-04,6.66666667e-04,1.00000000e-03
0.00000000e+00,3.33333333e-04,6.66666667e-04,1.00000000e-03
0.00000000e+00,3.11812368e-04,6.23624779e-04,9.35437185e-04
0.00000000e+00,3.11812367e-04,6.23624797e-04,9.35437182e-04
0.00000000e+00,3.12028952e-04,6.24057973e-04,9.36086971e-04
0.00000000e+00,3.33333333e-04,6.66666667e-04,1.00000000e-03
0.00000000e+00,3.11945961e-04,6.23891965e-04,9.35837956e-04
0.00000000e+00,0.00000000e+00,0.00000000e+00,0.00000000e+00
0.00000000e+00,4.70480742e-05,9.40960699e-05,1.41144112e-04
0.00000000e+00,0.00000000e+00,0.00000000e+00,0.00000000e+00
0.00000000e+00,0.00000000e+00,0.00000000e+00,0.00000000e+00
0.00000000e+00,2.13548775e-05,4.27096999e-05,6.40645575e-05
0.00000000e+00,4.70949696e-05,9.41898562e-05,1.41284782e-04
0.00000000e+00,4.67406566e-05,9.34810884e-05,1.40221663e-04
0.00000000e+00,0.00000000e+00,0.00000000e+00,0.00000000e+00
0.00000000e+00,2.13710882e-05,4.27421326e-05,6.41131978e-05
0.00000000e+00,2.12430869e-05,4.24860500e-05,6.37290941e-05
0.00000000e+00,4.67829577e-05,9.35657381e-05,1.40348624e-04
0.00000000e+00,2.12572644e-05,4.25144361e-05,6.37716642e-05
0.00000000e+00,1.05639920e-04,2.11279610e-04,3.16919445e-04
0.00000000e+00,7.56306017e-05,1.51261049e-04,2.26891587e-04
0.00000000e+00,1.05696007e-04,2.11391812e-04,3.17087732e-04
0.00000000e+00,1.05258912e-04,2.10517467e-04,3.15776255e-04
0.00000000e+00,7.56939393e-05,1.51387754e-04,2.27081632e-04
0.00000000e+00,7.52086578e-05,1.50417023e-04,2.25625573e-04
0.00000000e+00,1.05313189e-04,2.10626073e-04,3.15939151e-04
0.00000000e+00,7.52678278e-05,1.50535421e-04,2.25803154e-04
0.00000000e+00,1.66666793e-04,3.33333211e-04,4.99999938e-04
0.00000000e+00,1.36092089e-04,2.72183835e-04,4.08275825e-04
0.00000000e+00,1.66666788e-04,3.33333225e-04,4.99999945e-04
0.00000000e+00,1.66666809e-04,3.33333202e-04,4.99999915e-04
0.00000000e+00,1.36123564e-04,2.72246804e-04,4.08370272e-04
0.00000000e+00,1.35875008e-04,2.71749599e-04,4.07624482e-04
0.00000000e+00,1.66666801e-04,3.33333211e-04,4.99999929e-04
0.00000000e+00,1.35906170e-04,2.71811971e-04,4.07718029e-04
0.00000000e+00,2.27693569e-04,4.55386887e-04,6.83080474e-04
0.00000000e+00,1.97241462e-04,3.94482619e-04,5.91724062e-04
0.00000000e+00,2.27637465e-04,4.55274710e-04,6.82912197e-04
0.00000000e+00,2.28074586e-04,4.56149039e-04,6.84223644e-04
0.00000000e+00,1.97209986e-04,3.94419650e-04,5.91629629e-04
0.00000000e+00,1.97458567e-04,3.94916837e-04,5.92375369e-04
0.00000000e+00,2.28020295e-04,4.56040439e-04,6.84060765e-04
0.00000000e+00,1.97427388e-04,3.94854483e-04,5.92281849e-04
0.00000000e+00,2.86285291e-04,5.72570514e-04,8.58855854e-04
0.00000000e+00,2.57702793e-04,5.15405523e-04,7.73108373e-04
0.00000000e+00,2.86238418e-04,5.72476708e-04,8.58715171e-04
0.00000000e+00,2.86592734e-04,5.73185502e-04,8.59778286e-04
0.00000000e+00,2.57639454e-04,5.15278803e-04,7.72918326e-04
0.00000000e+00,2.58124784e-04,5.16249527e-04,7.74374353e-04
0.00000000e+00,2.86550416e-04,5.73100863e-04,8.59651336e-04
0.00000000e+00,2.58065595e-04,5.16131145e-04,7.74196790e-04
0.00000000e+00,3.33333333e-04,6.66666667e-04,1.00000000e-03
0.00000000e+00,3.11978473e-04,6.23956926e-04,9.35935424e-04
0.00000000e+00,3.33333333e-04,6.66666667e-04,1.00000000e-03
0.00000000e+00,3.33333333e-04,6.66666667e-04,1.00000000e-03
0.00000000e+00,3.11962263e-04,6.23924497e-04,9.35886780e-04
0.00000000e+00,3.12090270e-04,6.24180572e-04,9.36270880e-04
0.00000000e+00,3.33333333e-04,6.66666667e-04,1.00000000e-03
0.00000000e+00,3.12076089e-04,6.24152194e-04,9.36228314e-04
0.00000000e+00,0.00000000e+00,0.00000000e+00,0.00000000e+00
0.00000000e+00,4.72389831e-05,9.44778342e-05,1.41716780e-04
0.00000000e+00,0.00000000e+00,0.00000000e+00,0.00000000e+00
0.00000000e+00,0.00000000e+00,0.00000000e+00,0.00000000e+00
0.00000000e+00,2.14255792e-05,4.28510763e-05,6.42766376e-05
0.00000000e+00,4.70949844e-05,9.41898342e-05,1.41284779e-04
0.00000000e+00,4.69127340e-05,9.38252371e-05,1.40737890e-04
0.00000000e+00,0.00000000e+00,0.00000000e+00,0.00000000e+00
0.00000000e+00,2.13710974e-05,4.27421207e-05,6.41131987e-05
0.00000000e+00,2.13043949e-05,4.26086545e-05,6.39130052e-05
0.00000000e+00,4.67829612e-05,9.35657277e-05,1.40348619e-04
0.00000000e+00,2.12572680e-05,4.25144295e-05,6.37716618e-05
0.00000000e+00,1.05863235e-04,2.11726186e-04,3.17589329e-04
0.00000000e+00,7.58851508e-05,1.51770146e-04,2.27655238e-04
0.00000000e+00,1.05696026e-04,2.11391788e-04,3.17087725e-04
0.00000000e+00,1.05475563e-04,2.10950737e-04,3.16426174e-04
0.00000000e+00,7.56939540e-05,1.51387733e-04,2.27081626e-04
0.00000000e+00,7.54468733e-05,1.50893436e-04,2.26340201e-04
0.00000000e+00,1.05313202e-04,2.10626054e-04,3.15939140e-04
0.00000000e+00,7.52678349e-05,1.50535405e-04,2.25803145e-04
0.00000000e+00,1.66666818e-04,3.33333199e-04,4.99999919e-04
0.00000000e+00,1.36216913e-04,2.72433446e-04,4.08650246e-04
0.00000000e+00,1.66666792e-04,3.33333212e-04,4.99999929e-04
0.00000000e+00,1.66666819e-04,3.33333195e-04,4.99999905e-04
0.00000000e+00,1.36123578e-04,2.72246787e-04,4.08370259e-04
0.00000000e+00,1.35998998e-04,2.71997536e-04,4.07996398e-04
0.00000000e+00,1.66666810e-04,3.33333201e-04,4.99999914e-04
0.00000000e+00,1.35906183e-04,2.71811954e-04,4.07718015e-04
0.00000000e+00,2.27470251e-04,4.54940313e-04,6.82410576e-04
0.00000000e+00,1.97116655e-04,3.94233001e-04,5.91349615e-04
0.00000000e+00,2.27637459e-04,4.55274715e-04,6.82912184e-04
0.00000000e+00,2.27857935e-04,4.55715763e-04,6.83573709e-04
0.00000000e+00,1.97209992e-04,3.94419651e-04,5.91629613e-04
0.00000000e+00,1.97334592e-04,3.94668885e-04,5.92003432e-04
0.00000000e+00,2.28020297e-04,4.56040444e-04,6.84060753e-04
0.00000000e+00,1.97427394e-04,3.94854482e-04,5.92281835e-04
0.00000000e+00,2.86094400e-04,5.72188750e-04,8.58283182e-04
0.00000000e+00,2.57448232e-04,5.14896447e-04,7.72344715e-04
0.00000000e+00,2.86238419e-04,5.72476733e-04,8.58715177e-04
0.00000000e+00,2.86420667e-04,5.72841360e-04,8.59262056e-04
0.00000000e+00,2.57639439e-04,5.15278832e-04,7.72918328e-04
0.00000000e+00,2.57886566e-04,5.15773119e-04,7.73659720e-04
0.00000000e+00,2.86550427e-04,5.73100868e-04,8.59651333e-04
0.00000000e+00,2.58065598e-04,5.16131152e-04,7.74196785e-04
0.00000000e+00,3.33333333e-04,6.66666667e-04,1.00000000e-03
0.00000000e+00,3.11907761e-04,6.23815570e-04,9.35723354e-04
0.00000000e+00,3.33333333e-04,6.66666667e-04,1.00000000e-03
0.00000000e+00,3.33333333e-04,6.66666667e-04,1.00000000e-03
0.00000000e+00,3.11962259e-04,6.23924502e-04,9.35886779e-04
0.00000000e+00,3.12028970e-04,6.24057975e-04,9.36086966e-04
0.00000000e+00,3.33333333e-04,6.66666667e-04,1.00000000e-03
0.00000000e+00,3.12076096e-04,6.24152196e-04,9.36228311e-04
0.00000000e+00,0.00000000e+00,0.00000000e+00,0.00000000e+00
0.00000000e+00,4.78833302e-05,9.57665716e-05,1.43649869e-04
0.00000000e+00,0.00000000e+00,0.00000000e+00,0.00000000e+00
0.00000000e+00,0.00000000e+00,0.00000000e+00,0.00000000e+00
0.00000000e+00,2.16757968e-05,4.33515591e-05,6.50273420e-05
0.00000000e+00,4.74933614e-05,9.49866122e-05,1.42479937e-04
0.00000000e+00,4.74933719e-05,9.49866145e-05,1.42479926e-04
0.00000000e+00,0.00000000e+00,0.00000000e+00,0.00000000e+00
0.00000000e+00,2.15209684e-05,4.30418583e-05,6.45628088e-05
0.00000000e+00,2.15209668e-05,4.30418672e-05,6.45628013e-05
0.00000000e+00,4.71430091e-05,9.42858548e-05,1.41428798e-04
0.00000000e+00,2.13873837e-05,4.27746733e-05,6.41620232e-05
0.00000000e+00,1.06550123e-04,2.13099942e-04,3.19649951e-04
0.00000000e+00,7.67042027e-05,1.53408239e-04,2.30112370e-04
0.00000000e+00,1.06147052e-04,2.12293809e-04,3.18440764e-04
0.00000000e+00,1.06147071e-04,2.12293803e-04,3.18440756e-04
0.00000000e+00,7.62164677e-05,1.52432751e-04,2.28649153e-04
0.00000000e+00,7.62164829e-05,1.52432751e-04,2.28649142e-04
0.00000000e+00,1.05752261e-04,2.11504158e-04,3.17256302e-04
0.00000000e+00,7.57582999e-05,1.51516351e-04,2.27274556e-04
0.00000000e+00,1.66666813e-04,3.33333222e-04,4.99999920e-04
0.00000000e+00,1.36590406e-04,2.73180369e-04,4.09770639e-04
0.00000000e+00,1.66666823e-04,3.33333205e-04,4.99999916e-04
0.00000000e+00,1.66666824e-04,3.33333205e-04,4.99999910e-04
0.00000000e+00,1.36373192e-04,2.72745959e-04,4.09119024e-04
0.00000000e+00,1.36373197e-04,2.72745951e-04,4.09119018e-04
0.00000000e+00,1.66666822e-04,3.33333199e-04,4.99999907e-04
0.00000000e+00,1.36154928e-04,2.72309415e-04,4.08464214e-04
0.00000000e+00,2.26783321e-04,4.53566634e-04,6.80349981e-04
0.00000000e+00,1.96743187e-04,3.93486083e-04,5.90229211e-04
0.00000000e+00,2.27186421e-04,4.54372717e-04,6.81559150e-04
0.00000000e+00,2.27186421e-04,4.54372732e-04,6.81559149e-04
0.00000000e+00,1.96960392e-04,3.93920486e-04,5.90880832e-04
0.00000000e+00,1.96960399e-04,3.93920496e-04,5.90880827e-04
0.00000000e+00,2.27581233e-04,4.55162352e-04,6.82743590e-04
0.00000000e+00,1.97178662e-04,3.94357020e-04,5.91535626e-04
0.00000000e+00,2.85449988e-04,5.70900079e-04,8.56350108e-04
0.00000000e+00,2.56629147e-04,5.13258408e-04,7.69887597e-04
0.00000000e+00,2.85839979e-04,5.71680023e-04,8.57520039e-04
0.00000000e+00,2.85839977e-04,5.71680028e-04,8.57520043e-04
0.00000000e+00,2.57116909e-04,5.14233851e-04,7.71350803e-04
0.00000000e+00,2.57116912e-04,5.14233857e-04,7.71350805e-04
0.00000000e+00,2.86190360e-04,5.72380770e-04,8.58571162e-04
0.00000000e+00,2.57575117e-04,5.15150233e-04,7.72725380e-04
0.00000000e+00,3.33333333e-04,6.66666667e-04,1.00000000e-03
0.00000000e+00,3.11657514e-04,6.23315117e-04,9.34972654e-04
0.00000000e+00,3.33333333e-04,6.66666667e-04,1.00000000e-03
0.00000000e+00,3.33333333e-04,6.66666667e-04,1.00000000e-03
0.00000000e+00,3.11812363e-04,6.23624791e-04,9.35437179e-04
0.00000000e+00,3.11812371e-04,6.23624792e-04,9.35437186e-04
0.00000000e+00,3.33333333e-04,6.66666667e-04,1.00000000e-03
0.00000000e+00,3.11945970e-04,6.23891968e-04,9.35837955e-04
0.00000000e+00,0.00000000e+00,0.00000000e+00,0.00000000e+00
0.00000000e+00,0.00000000e+00,0.00000000e+00,0.00000000e+00
0.00000000e+00,4.82809163e-05,9.65620916e-05,1.44842969e-04
0.00000000e+00,4.91145962e-05,9.82293487e-05,1.47343954e-04
0.00000000e+00,0.00000000e+00,0.00000000e+00,0.00000000e+00
0.00000000e+00,0.00000000e+00,0.00000000e+00,0.00000000e+00
0.00000000e+00,0.00000000e+00,0.00000000e+00,0.00000000e+00
0.00000000e+00,2.18434059e-05,4.36869228e-05,6.55303063e-05
0.00000000e+00,2.22138577e-05,4.44277563e-05,6.66416122e-05
0.00000000e+00,4.76830946e-05,9.53663331e-05,1.43049388e-04
0.00000000e+00,4.85730430e-05,9.71462969e-05,1.45719321e-04
0.00000000e+00,4.84248087e-05,9.68497271e-05,1.45274527e-04
0.00000000e+00,0.00000000e+00,0.00000000e+00,0.00000000e+00
0.00000000e+00,2.15959441e-05,4.31919461e-05,6.47878635e-05
0.00000000e+00,2.19667115e-05,4.39334973e-05,6.59001887e-05
0.00000000e+00,2.19028174e-05,4.38056493e-05,6.57084552e-05
0.00000000e+00,4.79624684e-05,9.59250450e-05,1.43887480e-04
0.00000000e+00,2.17064897e-05,4.34130050e-05,6.51194696e-05
0.00000000e+00,1.06929529e-04,2.13859328e-04,3.20788860e-04
0.00000000e+00,1.07623894e-04,2.15247975e-04,3.22871915e-04
0.00000000e+00,7.71806190e-05,1.54361542e-04,2.31542144e-04
0.00000000e+00,7.81095835e-05,1.56219422e-04,2.34329040e-04
0.00000000e+00,1.06347344e-04,2.12694834e-04,3.19042157e-04
0.00000000e+00,1.07186154e-04,2.14372531e-04,3.21558709e-04
0.00000000e+00,1.07055760e-04,2.14111645e-04,3.21167432e-04
0.00000000e+00,7.64561928e-05,1.52912593e-04,2.29368752e-04
0.00000000e+00,7.75163993e-05,1.55033048e-04,2.32549447e-04
0.00000000e+00,7.73458770e-05,1.54691950e-04,2.32037838e-04
0.00000000e+00,1.06628309e-04,2.13256737e-04,3.19885047e-04
0.00000000e+00,7.68009882e-05,1.53602128e-04,2.30403096e-04
0.00000000e+00,1.66666661e-04,3.33333328e-04,5.00000010e-04
0.00000000e+00,1.66666661e-04,3.33333305e-04,4.99999992e-04
0.00000000e+00,1.36790513e-04,2.73581130e-04,4.10371645e-04
0.00000000e+00,1.37145329e-04,2.74290694e-04,4.11436049e-04
0.00000000e+00,1.66666691e-04,3.33333299e-04,4.99999983e-04
0.00000000e+00,1.66666677e-04,3.33333302e-04,4.99999994e-04
0.00000000e+00,1.66666683e-04,3.33333289e-04,4.99999982e-04
0.00000000e+00,1.36481827e-04,2.72963666e-04,4.09445483e-04
0.00000000e+00,1.36923064e-04,2.73846185e-04,4.10769262e-04
0.00000000e+00,1.36855735e-04,2.73711491e-04,4.10567247e-04
0.00000000e+00,1.66666692e-04,3.33333291e-04,4.99999985e-04
0.00000000e+00,1.36631931e-04,2.73263851e-04,4.09895785e-04
0.00000000e+00,2.26403805e-04,4.52807354e-04,6.79211185e-04
0.00000000e+00,2.25709414e-04,4.51418649e-04,6.77128079e-04
0.00000000e+00,1.96542835e-04,3.93085514e-04,5.89628367e-04
0.00000000e+00,1.96188033e-04,3.92375900e-04,5.88563934e-04
0.00000000e+00,2.26986010e-04,4.53971807e-04,6.80957849e-04
0.00000000e+00,2.26147168e-04,4.52294128e-04,6.78441305e-04
0.00000000e+00,2.26277557e-04,4.52554979e-04,6.78832553e-04
0.00000000e+00,1.96851547e-04,3.93702942e-04,5.90554506e-04
0.00000000e+00,1.96410293e-04,3.92820423e-04,5.89230732e-04
0.00000000e+00,1.96477628e-04,3.92955094e-04,5.89432729e-04
0.00000000e+00,2.26705021e-04,4.53409902e-04,6.80114957e-04
0.00000000e+00,1.96701447e-04,3.93402729e-04,5.90104189e-04
0.00000000e+00,2.85052394e-04,5.70104640e-04,8.55157056e-04
0.00000000e+00,2.84218714e-04,5.68437365e-04,8.52656062e-04
0.00000000e+00,2.56152691e-04,5.12305172e-04,7.68457887e-04
0.00000000e+00,2.55223661e-04,5.10447301e-04,7.65670980e-04
0.00000000e+00,2.85650227e-04,5.71300372e-04,8.56950628e-04
0.00000000e+00,2.84760252e-04,5.69520429e-04,8.54280702e-04
0.00000000e+00,2.84908503e-04,5.69816983e-04,8.54725490e-04
0.00000000e+00,2.56877135e-04,5.13754099e-04,7.70631265e-04
0.00000000e+00,2.55816875e-04,5.11633674e-04,7.67450581e-04
0.00000000e+00,2.55987380e-04,5.11974770e-04,7.67962179e-04
0.00000000e+00,2.85370850e-04,5.70741660e-04,8.56112536e-04
0.00000000e+00,2.56532312e-04,5.13064566e-04,7.69596917e-04
0.00000000e+00,3.33333333e-04,6.66666667e-04,1.00000000e-03
0.00000000e+00,3.33333333e-04,6.66666667e-04,1.00000000e-03
0.00000000e+00,3.11489878e-04,6.22979803e-04,9.34469720e-04
0.00000000e+00,3.11119493e-04,6.22238898e-04,9.33358387e-04
0.00000000e+00,3.33333333e-04,6.66666667e-04,1.00000000e-03
0.00000000e+00,3.33333333e-04,6.66666667e-04,1.00000000e-03
0.00000000e+00,3.33333333e-04,6.66666667e-04,1.00000000e-03
0.00000000e+00,3.11737389e-04,6.23474740e-04,9.35212142e-04
0.00000000e+00,3.11366614e-04,6.22733190e-04,9.34099816e-04
0.00000000e+00,3.11430538e-04,6.22861011e-04,9.34291543e-04
0.00000000e+00,3.33333333e-04,6.66666667e-04,1.00000000e-03
0.00000000e+00,3.11626858e-04,6.23253663e-04,9.34880530e-04
0.00000000e+00,0.00000000e+00,0.00000000e+00,0.00000000e+00
0.00000000e+00,0.00000000e+00,0.00000000e+00,0.00000000e+00
0.00000000e+00,5.01774530e-05,1.00355245e-04,1.50532667e-04
0.00000000e+00,5.11503759e-05,1.02301030e-04,1.53451445e-04
0.00000000e+00,0.00000000e+00,0.00000000e+00,0.00000000e+00
0.00000000e+00,0.00000000e+00,0.00000000e+00,0.00000000e+00
0.00000000e+00,0.00000000e+00,0.00000000e+00,0.00000000e+00
0.00000000e+00,2.27517858e-05,4.55037235e-05,6.82554832e-05
0.00000000e+00,2.32898632e-05,4.65798528e-05,6.98697313e-05
0.00000000e+00,4.90898853e-05,9.81800551e-05,1.47269915e-04
0.00000000e+00,5.04170974e-05,1.00834477e-04,1.51251575e-04
0.00000000e+00,5.00065292e-05,1.00013265e-04,1.50019818e-04
0.00000000e+00,0.00000000e+00,0.00000000e+00,0.00000000e+00
0.00000000e+00,2.22034070e-05,4.44069428e-05,6.66103266e-05
0.00000000e+00,2.28735833e-05,4.57472848e-05,6.86208571e-05
0.00000000e+00,2.26540384e-05,4.53081467e-05,6.79621849e-05
0.00000000e+00,4.93726904e-05,9.87456161e-05,1.48118297e-04
0.00000000e+00,2.23323254e-05,4.46647420e-05,6.69970523e-05
0.00000000e+00,1.08353194e-04,2.16706755e-04,3.25059957e-04
0.00000000e+00,1.08893603e-04,2.17787437e-04,3.26681112e-04
0.00000000e+00,7.91729969e-05,1.58346417e-04,2.37519416e-04
0.00000000e+00,8.00297410e-05,1.60059791e-04,2.40089592e-04
0.00000000e+00,1.07603952e-04,2.15208209e-04,3.22812166e-04
0.00000000e+00,1.08493155e-04,2.16986604e-04,3.25479794e-04
0.00000000e+00,1.08241770e-04,2.16483753e-04,3.24725578e-04
0.00000000e+00,7.80820707e-05,1.56164517e-04,2.34246581e-04
0.00000000e+00,7.93936714e-05,1.58787708e-04,2.38181407e-04
0.00000000e+00,7.90056624e-05,1.58011611e-04,2.37017318e-04
0.00000000e+00,1.07813678e-04,2.15627611e-04,3.23441317e-04
0.00000000e+00,7.83784736e-05,1.56757267e-04,2.35135756e-04
0.00000000e+00,1.66666660e-04,3.33333337e-04,5.00000023e-04
0.00000000e+00,1.66666705e-04,3.33333298e-04,4.99999993e-04
0.00000000e+00,1.37505791e-04,2.75011777e-04,4.12517577e-04
0.00000000e+00,1.37766938e-04,2.75533900e-04,4.13300859e-04
0.00000000e+00,1.66666668e-04,3.33333325e-04,5.00000010e-04
0.00000000e+00,1.66666683e-04,3.33333308e-04,5.00000004e-04
0.00000000e+00,1.66666689e-04,3.33333302e-04,4.99999994e-04
0.00000000e+00,1.37135359e-04,2.74270877e-04,4.11406240e-04
0.00000000e+00,1.37574261e-04,2.75148632e-04,4.12722911e-04
0.00000000e+00,1.37451429e-04,2.74902909e-04,4.12354365e-04
0.00000000e+00,1.66666680e-04,3.33333306e-04,5.00000001e-04
0.00000000e+00,1.37240071e-04,2.74480237e-04,4.11720326e-04
0.00000000e+00,2.24980111e-04,4.49959981e-04,6.74940093e-04
0.00000000e+00,2.24439705e-04,4.48879196e-04,6.73318891e-04
0.00000000e+00,1.95827535e-04,3.91654917e-04,5.87482464e-04
0.00000000e+00,1.95566439e-04,3.91132699e-04,5.86699129e-04
0.00000000e+00,2.25729370e-04,4.51458491e-04,6.77187872e-04
0.00000000e+00,2.24840154e-04,4.49680087e-04,6.74520236e-04
0.00000000e+00,2.25091532e-04,4.50182892e-04,6.75274421e-04
0.00000000e+00,1.96197976e-04,3.92395793e-04,5.88593788e-04
0.00000000e+00,1.95759095e-04,3.91518007e-04,5.87277105e-04
0.00000000e+00,1.95881934e-04,3.91763696e-04,5.87645625e-04
0.00000000e+00,2.25519634e-04,4.51039064e-04,6.76558706e-04
0.00000000e+00,1.96093285e-04,3.92186385e-04,5.88279681e-04
0.00000000e+00,2.83155887e-04,5.66311469e-04,8.49467361e-04
0.00000000e+00,2.82182894e-04,5.64365719e-04,8.46548587e-04
0.00000000e+00,2.54160304e-04,5.08320315e-04,7.62480632e-04
0.00000000e+00,2.53303527e-04,5.06606920e-04,7.59910430e-04
0.00000000e+00,2.84243423e-04,5.68486672e-04,8.52730116e-04
0.00000000e+00,2.82916210e-04,5.65832234e-04,8.48748448e-04
0.00000000e+00,2.83326765e-04,5.66653452e-04,8.49980202e-04
0.00000000e+00,2.55251239e-04,5.10502204e-04,7.65753460e-04
0.00000000e+00,2.53939599e-04,5.07879025e-04,7.61818632e-04
0.00000000e+00,2.54327596e-04,5.08655104e-04,7.62982702e-04
0.00000000e+00,2.83960608e-04,5.67921107e-04,8.51881729e-04
0.00000000e+00,2.54954791e-04,5.09909470e-04,7.64864281e-04
0.00000000e+00,3.33333333e-04,6.66666667e-04,1.00000000e-03
0.00000000e+00,3.33333333e-04,6.66666667e-04,1.00000000e-03
0.00000000e+00,3.10581517e-04,6.21162989e-04,9.31744538e-04
0.00000000e+00,3.10043479e-04,6.20086810e-04,9.30130265e-04
0.00000000e+00,3.33333333e-04,6.66666667e-04,1.00000000e-03
0.00000000e+00,3.33333333e-04,6.66666667e-04,1.00000000e-03
0.00000000e+00,3.33333333e-04,6.66666667e-04,1.00000000e-03
0.00000000e+00,3.11129908e-04,6.22259762e-04,9.33389689e-04
0.00000000e+00,3.10459730e-04,6.20919418e-04,9.31379159e-04
0.00000000e+00,3.10679308e-04,6.21358524e-04,9.32037817e-04
0.00000000e+00,3.33333333e-04,6.66666667e-04,1.00000000e-03
0.00000000e+00,3.11001010e-04,6.22001941e-04,9.33002954e-04
0.00000000e+00,0.00000000e+00,0.00000000e+00,0.00000000e+00
0.00000000e+00,0.00000000e+00,0.00000000e+00,0.00000000e+00
0.00000000e+00,5.36363140e-05,1.07273133e-04,1.60909437e-04
0.00000000e+00,5.44946996e-05,1.08989869e-04,1.63484665e-04
0.00000000e+00,0.00000000e+00,0.00000000e+00,0.00000000e+00
0.00000000e+00,0.00000000e+00,0.00000000e+00,0.00000000e+00
0.00000000e+00,0.00000000e+00,0.00000000e+00,0.00000000e+00
0.00000000e+00,2.50714184e-05,5.01431070e-05,7.52145135e-05
0.00000000e+00,2.57608387e-05,5.15219471e-05,7.72828408e-05
0.00000000e+00,5.16700554e-05,1.03340503e-04,1.55010544e-04
0.00000000e+00,5.35519223e-05,1.07104280e-04,1.60656243e-04
0.00000000e+00,5.26344530e-05,1.05269244e-04,1.57903757e-04
0.00000000e+00,0.00000000e+00,0.00000000e+00,0.00000000e+00
0.00000000e+00,2.36147872e-05,4.72297707e-05,7.08445412e-05
0.00000000e+00,2.50214245e-05,5.00430894e-05,7.50645329e-05
0.00000000e+00,2.42514147e-05,4.85030088e-05,7.27544531e-05
0.00000000e+00,5.18026030e-05,1.03605551e-04,1.55408172e-04
0.00000000e+00,2.36863425e-05,4.73728469e-05,7.10591906e-05
0.00000000e+00,1.09909524e-04,2.19819536e-04,3.29729068e-04
0.00000000e+00,1.10187456e-04,2.20375138e-04,3.30562678e-04
0.00000000e+00,8.18648119e-05,1.63730178e-04,2.45594998e-04
0.00000000e+00,8.23367465e-05,1.64673860e-04,2.47010700e-04
0.00000000e+00,1.09142240e-04,2.18284890e-04,3.27427141e-04
0.00000000e+00,1.09879331e-04,2.19759023e-04,3.29638396e-04
0.00000000e+00,1.09549852e-04,2.19099930e-04,3.28649854e-04
0.00000000e+00,8.04471315e-05,1.60894762e-04,2.41341897e-04
0.00000000e+00,8.18175158e-05,1.63635495e-04,2.45453058e-04
0.00000000e+00,8.11577466e-05,1.62315830e-04,2.43473647e-04
0.00000000e+00,1.09201137e-04,2.18402605e-04,3.27603782e-04
0.00000000e+00,8.05490224e-05,1.61098461e-04,2.41647522e-04
0.00000000e+00,1.66666665e-04,3.33333355e-04,5.00000039e-04
0.00000000e+00,1.66666736e-04,3.33333274e-04,4.99999984e-04
0.00000000e+00,1.38266392e-04,2.76533066e-04,4.14799469e-04
0.00000000e+00,1.38387573e-04,2.76775132e-04,4.15162727e-04
0.00000000e+00,1.66666661e-04,3.33333352e-04,5.00000029e-04
0.00000000e+00,1.66666697e-04,3.33333318e-04,5.00000014e-04
0.00000000e+00,1.66666711e-04,3.33333294e-04,4.99999992e-04
0.00000000e+00,1.37886470e-04,2.75773180e-04,4.13659662e-04
0.00000000e+00,1.38253405e-04,2.76506955e-04,4.14760381e-04
0.00000000e+00,1.38082289e-04,2.76164553e-04,4.14246854e-04
0.00000000e+00,1.66666691e-04,3.33333314e-04,5.00000011e-04
0.00000000e+00,1.37914447e-04,2.75829018e-04,4.13743483e-04
0.00000000e+00,2.23423784e-04,4.46847225e-04,6.70270989e-04
0.00000000e+00,2.23145893e-04,4.46291472e-04,6.69437326e-04
0.00000000e+00,1.95066921e-04,3.90133686e-04,5.85200605e-04
0.00000000e+00,1.94945845e-04,3.89891437e-04,5.84837255e-04
0.00000000e+00,2.24191076e-04,4.48381847e-04,6.72572916e-04
0.00000000e+00,2.23453986e-04,4.46907689e-04,6.70361647e-04
0.00000000e+00,2.23783469e-04,4.47566708e-04,6.71350157e-04
0.00000000e+00,1.95446845e-04,3.90893543e-04,5.86340395e-04
0.00000000e+00,1.95079962e-04,3.90159706e-04,5.85239651e-04
0.00000000e+00,1.95251124e-04,3.90502019e-04,5.85753123e-04
0.00000000e+00,2.24132174e-04,4.48264094e-04,6.72396252e-04
0.00000000e+00,1.95418912e-04,3.90837634e-04,5.86256540e-04
0.00000000e+00,2.79697052e-04,5.59393558e-04,8.39090589e-04
0.00000000e+00,2.78838520e-04,5.57676921e-04,8.36515385e-04
0.00000000e+00,2.51468509e-04,5.02936552e-04,7.54405055e-04
0.00000000e+00,2.50996548e-04,5.01992850e-04,7.52989328e-04
0.00000000e+00,2.81663280e-04,5.63326202e-04,8.44989487e-04
0.00000000e+00,2.79781379e-04,5.59562424e-04,8.39343777e-04
0.00000000e+00,2.80698834e-04,5.61397477e-04,8.42096257e-04
0.00000000e+00,2.52886168e-04,5.05771986e-04,7.58658161e-04
0.00000000e+00,2.51515778e-04,5.03031232e-04,7.54546984e-04
0.00000000e+00,2.52175536e-04,5.04350887e-04,7.56526382e-04
0.00000000e+00,2.81530693e-04,5.63061169e-04,8.44591856e-04
0.00000000e+00,2.52784253e-04,5.05568276e-04,7.58352522e-04
0.00000000e+00,3.33333333e-04,6.66666667e-04,1.00000000e-03
0.00000000e+00,3.33333333e-04,6.66666667e-04,1.00000000e-03
0.00000000e+00,3.08261894e-04,6.16523592e-04,9.24785502e-04
0.00000000e+00,3.07572470e-04,6.15144721e-04,9.22717147e-04
0.00000000e+00,3.33333333e-04,6.66666667e-04,1.00000000e-03
0.00000000e+00,3.33333333e-04,6.66666667e-04,1.00000000e-03
0.00000000e+00,3.33333333e-04,6.66666667e-04,1.00000000e-03
0.00000000e+00,3.09718539e-04,6.19436922e-04,9.29155471e-04
0.00000000e+00,3.08311863e-04,6.16623629e-04,9.24935492e-04
0.00000000e+00,3.09081903e-04,6.18163674e-04,9.27245549e-04
0.00000000e+00,3.33333333e-04,6.66666667e-04,1.00000000e-03
0.00000000e+00,3.09646979e-04,6.19293845e-04,9.28940820e-04
0.00000000e+00,0.00000000e+00,0.00000000e+00,0.00000000e+00
0.00000000e+00,0.00000000e+00,0.00000000e+00,0.00000000e+00
0.00000000e+00,5.80609402e-05,1.16122684e-04,1.74183640e-04
0.00000000e+00,5.79919856e-05,1.15984719e-04,1.73976892e-04
0.00000000e+00,0.00000000e+00,0.00000000e+00,0.00000000e+00
0.00000000e+00,0.00000000e+00,0.00000000e+00,0.00000000e+00
0.00000000e+00,0.00000000e+00,0.00000000e+00,0.00000000e+00
0.00000000e+00,3.33067789e-05,6.66141902e-05,9.99209965e-05
0.00000000e+00,3.33610719e-05,6.67228220e-05,1.00084035e-04
0.00000000e+00,5.63042548e-05,1.12609132e-04,1.68913395e-04
0.00000000e+00,5.80786039e-05,1.16158000e-04,1.74236713e-04
0.00000000e+00,5.67360123e-05,1.13472569e-04,1.70208707e-04
0.00000000e+00,0.00000000e+00,0.00000000e+00,0.00000000e+00
0.00000000e+00,2.76758291e-05,5.53520766e-05,8.30279140e-05
0.00000000e+00,3.32889297e-05,6.65785603e-05,9.98675869e-05
0.00000000e+00,2.83543164e-05,5.67090403e-05,8.50634386e-05
0.00000000e+00,5.62672625e-05,1.12535116e-04,1.68802448e-04
0.00000000e+00,2.76012725e-05,5.52029369e-05,8.28042555e-05
0.00000000e+00,1.11321729e-04,2.22644092e-04,3.33965838e-04
0.00000000e+00,1.11310149e-04,2.22620431e-04,3.33930650e-04
0.00000000e+00,8.45099377e-05,1.69020588e-04,2.53530529e-04
0.00000000e+00,8.45200603e-05,1.69040500e-04,2.53560694e-04
0.00000000e+00,1.10752051e-04,2.21504627e-04,3.32256689e-04
0.00000000e+00,1.11325579e-04,2.22651512e-04,3.33977130e-04
0.00000000e+00,1.10880359e-04,2.21760904e-04,3.32641342e-04
0.00000000e+00,8.31636524e-05,1.66327939e-04,2.49491591e-04
0.00000000e+00,8.45138113e-05,1.69028193e-04,2.53542076e-04
0.00000000e+00,8.33868172e-05,1.66774026e-04,2.50160957e-04
0.00000000e+00,1.10738501e-04,2.21477366e-04,3.32215911e-04
0.00000000e+00,8.31445798e-05,1.66289688e-04,2.49434328e-04
0.00000000e+00,1.66666622e-04,3.33333435e-04,5.00000079e-04
0.00000000e+00,1.66666761e-04,3.33333237e-04,4.99999974e-04
0.00000000e+00,1.38845154e-04,2.77690789e-04,4.16535980e-04
0.00000000e+00,1.38845715e-04,2.77691265e-04,4.16536981e-04
0.00000000e+00,1.66666656e-04,3.33333384e-04,5.00000051e-04
0.00000000e+00,1.66666701e-04,3.33333323e-04,5.00000014e-04
0.00000000e+00,1.66666740e-04,3.33333263e-04,4.99999984e-04
0.00000000e+00,1.38586227e-04,2.77172803e-04,4.15759044e-04
0.00000000e+00,1.38846063e-04,2.77692287e-04,4.16538369e-04
0.00000000e+00,1.38635566e-04,2.77271041e-04,4.15906615e-04
0.00000000e+00,1.66666699e-04,3.33333323e-04,5.00000016e-04
0.00000000e+00,1.38581743e-04,2.77163647e-04,4.15745412e-04
0.00000000e+00,2.22011620e-04,4.44022659e-04,6.66034231e-04
0.00000000e+00,2.22023266e-04,4.44046162e-04,6.66069360e-04
0.00000000e+00,1.94488148e-04,3.88976030e-04,5.83464141e-04
0.00000000e+00,1.94487818e-04,3.88975204e-04,5.83462968e-04
0.00000000e+00,2.22581289e-04,4.45162120e-04,6.67743383e-04
0.00000000e+00,2.22007822e-04,4.44015177e-04,6.66022926e-04
0.00000000e+00,2.22453028e-04,4.44905699e-04,6.67358663e-04
0.00000000e+00,1.94747088e-04,3.89493977e-04,5.84241048e-04
0.00000000e+00,1.94487347e-04,3.88974375e-04,5.83461673e-04
0.00000000e+00,1.94697907e-04,3.89395481e-04,5.84093352e-04
0.00000000e+00,2.22594852e-04,4.45189329e-04,6.67784135e-04
0.00000000e+00,1.94751639e-04,3.89503021e-04,5.84254627e-04
0.00000000e+00,2.75272463e-04,5.50543937e-04,8.25816352e-04
0.00000000e+00,2.75341257e-04,5.50682024e-04,8.26023131e-04
0.00000000e+00,2.48823426e-04,4.97646114e-04,7.46469519e-04
0.00000000e+00,2.48813291e-04,4.97626194e-04,7.46439342e-04
0.00000000e+00,2.77029098e-04,5.54057546e-04,8.31086627e-04
0.00000000e+00,2.75254655e-04,5.50508712e-04,8.25763308e-04
0.00000000e+00,2.76597250e-04,5.53194168e-04,8.29791312e-04
0.00000000e+00,2.50169688e-04,5.00338784e-04,7.50508462e-04
0.00000000e+00,2.48819546e-04,4.97638492e-04,7.46457959e-04
0.00000000e+00,2.49946520e-04,4.99892665e-04,7.49839067e-04
0.00000000e+00,2.77066021e-04,5.54131596e-04,8.31197575e-04
0.00000000e+00,2.50188739e-04,5.00377022e-04,7.50565711e-04
0.00000000e+00,3.33333333e-04,6.66666667e-04,1.00000000e-03
0.00000000e+00,3.33333333e-04,6.66666667e-04,1.00000000e-03
0.00000000e+00,3.00026525e-04,6.00052471e-04,9.00078993e-04
0.00000000e+00,2.99972140e-04,5.99943908e-04,8.99915958e-04
0.00000000e+00,3.33333333e-04,6.66666667e-04,1.00000000e-03
0.00000000e+00,3.33333333e-04,6.66666667e-04,1.00000000e-03
0.00000000e+00,3.33333333e-04,6.66666667e-04,1.00000000e-03
0.00000000e+00,3.05657492e-04,6.11314601e-04,9.16972091e-04
0.00000000e+00,3.00044279e-04,6.00088183e-04,9.00132436e-04
0.00000000e+00,3.04978958e-04,6.09957661e-04,9.14936560e-04
0.00000000e+00,3.33333333e-04,6.66666667e-04,1.00000000e-03
0.00000000e+00,3.05732011e-04,6.11463768e-04,9.17195758e-04
0.00000000e+00,0.00000000e+00,0.00000000e+00,0.00000000e+00
0.00000000e+00,4.80174541e-05,9.60351270e-05,1.44052559e-04
0.00000000e+00,0.00000000e+00,0.00000000e+00,0.00000000e+00
0.00000000e+00,0.00000000e+00,0.00000000e+00,0.00000000e+00
0.00000000e+00,2.17336128e-05,4.34673387e-05,6.52009406e-05
0.00000000e+00,4.74559424e-05,9.49120116e-05,1.42367917e-04
0.00000000e+00,4.80442528e-05,9.60888113e-05,1.44133042e-04
0.00000000e+00,0.00000000e+00,0.00000000e+00,0.00000000e+00
0.00000000e+00,2.15072475e-05,4.30145551e-05,6.45217831e-05
0.00000000e+00,2.17421533e-05,4.34844530e-05,6.52265967e-05
0.00000000e+00,4.74977682e-05,9.49956713e-05,1.42493397e-04
0.00000000e+00,2.15218581e-05,4.30437812e-05,6.45656158e-05
0.00000000e+00,1.06682858e-04,2.13365917e-04,3.20048736e-04
0.00000000e+00,7.68676864e-05,1.53735649e-04,2.30603306e-04
0.00000000e+00,1.06105808e-04,2.12211706e-04,3.18317463e-04
0.00000000e+00,1.06708468e-04,2.13417256e-04,3.20125712e-04
0.00000000e+00,7.61678037e-05,1.52335759e-04,2.28503515e-04
0.00000000e+00,7.69003588e-05,1.53801084e-04,2.30701424e-04
0.00000000e+00,1.06151496e-04,2.12303111e-04,3.18454567e-04
0.00000000e+00,7.62217956e-05,1.52443771e-04,2.28665524e-04
0.00000000e+00,1.66666681e-04,3.33333328e-04,5.00000001e-04
0.00000000e+00,1.36661137e-04,2.73322356e-04,4.09983464e-04
0.00000000e+00,1.66666707e-04,3.33333300e-04,4.99999984e-04
0.00000000e+00,1.66666667e-04,3.33333337e-04,5.00000006e-04
0.00000000e+00,1.36350655e-04,2.72701266e-04,4.09051875e-04
0.00000000e+00,1.36674551e-04,2.73349228e-04,4.10023765e-04
0.00000000e+00,1.66666698e-04,3.33333299e-04,4.99999984e-04
0.00000000e+00,1.36375535e-04,2.72751058e-04,4.09126562e-04
0.00000000e+00,2.26650515e-04,4.53300761e-04,6.79951286e-04
0.00000000e+00,1.96672230e-04,3.93344310e-04,5.90016546e-04
0.00000000e+00,2.27227593e-04,4.54454926e-04,6.81682531e-04
0.00000000e+00,2.26624884e-04,4.53249421e-04,6.79874325e-04
0.00000000e+00,1.96982765e-04,3.93965335e-04,5.90948101e-04
0.00000000e+00,1.96658803e-04,3.93317444e-04,5.89976253e-04
0.00000000e+00,2.27181886e-04,4.54363522e-04,6.81545434e-04
0.00000000e+00,1.96957862e-04,3.93915550e-04,5.90873421e-04
0.00000000e+00,2.85315856e-04,5.70631603e-04,8.55947480e-04
0.00000000e+00,2.56465665e-04,5.12931048e-04,7.69396721e-04
0.00000000e+00,2.85877391e-04,5.71754689e-04,8.57632100e-04
0.00000000e+00,2.85289067e-04,5.70577913e-04,8.55866988e-04
0.00000000e+00,2.57165561e-04,5.14330912e-04,7.71496495e-04
0.00000000e+00,2.56433006e-04,5.12865605e-04,7.69298605e-04
0.00000000e+00,2.85835574e-04,5.71671025e-04,8.57506617e-04
0.00000000e+00,2.57111563e-04,5.14222902e-04,7.71334489e-04
0.00000000e+00,3.33333333e-04,6.66666667e-04,1.00000000e-03
0.00000000e+00,3.11599695e-04,6.23199373e-04,9.34799082e-04
0.00000000e+00,3.33333333e-04,6.66666667e-04,1.00000000e-03
0.00000000e+00,3.33333333e-04,6.66666667e-04,1.00000000e-03
0.00000000e+00,3.11826083e-04,6.23652132e-04,9.35478224e-04
0.00000000e+00,3.11591119e-04,6.23182287e-04,9.34773439e-04
0.00000000e+00,3.33333333e-04,6.66666667e-04,1.00000000e-03
0.00000000e+00,3.11811473e-04,6.23622908e-04,9.35434391e-04
0.00000000e+00,0.00000000e+00,0.00000000e+00,0.00000000e+00
0.00000000e+00,4.98506436e-05,9.97016261e-05,1.49552251e-04
0.00000000e+00,0.00000000e+00,0.00000000e+00,0.00000000e+00
0.00000000e+00,0.00000000e+00,0.00000000e+00,0.00000000e+00
0.00000000e+00,2.25837196e-05,4.51676151e-05,6.77513282e-05
0.00000000e+00,4.87918236e-05,9.75839533e-05,1.46375757e-04
0.00000000e+00,4.97877022e-05,9.95757722e-05,1.49363449e-04
0.00000000e+00,0.00000000e+00,0.00000000e+00,0.00000000e+00
0.00000000e+00,2.20668736e-05,4.41338942e-05,6.62007595e-05
0.00000000e+00,2.25468143e-05,4.50938159e-05,6.76406141e-05
0.00000000e+00,4.87866429e-05,9.75735961e-05,1.46360216e-04
0.00000000e+00,2.20600387e-05,4.41202314e-05,6.61802551e-05
0.00000000e+00,1.08147529e-04,2.16295431e-04,3.24442932e-04
0.00000000e+00,7.88623300e-05,1.57725086e-04,2.36587397e-04
0.00000000e+00,1.07368715e-04,2.14737741e-04,3.22106425e-04
0.00000000e+00,1.08104621e-04,2.16209624e-04,3.24314235e-04
0.00000000e+00,7.77594211e-05,1.55519215e-04,2.33278615e-04
0.00000000e+00,7.88024859e-05,1.57605407e-04,2.36407876e-04
0.00000000e+00,1.07364790e-04,2.14729904e-04,3.22094681e-04
0.00000000e+00,7.77544676e-05,1.55509314e-04,2.33263764e-04
0.00000000e+00,1.66666645e-04,3.33333373e-04,5.00000028e-04
0.00000000e+00,1.37405378e-04,2.74810988e-04,4.12216346e-04
0.00000000e+00,1.66666649e-04,3.33333357e-04,5.00000020e-04
0.00000000e+00,1.66666644e-04,3.33333367e-04,5.00000023e-04
0.00000000e+00,1.37016450e-04,2.74033067e-04,4.11049495e-04
0.00000000e+00,1.37384762e-04,2.74769760e-04,4.12154517e-04
0.00000000e+00,1.66666660e-04,3.33333347e-04,5.00000015e-04
0.00000000e+00,1.37014287e-04,2.74028747e-04,4.11043027e-04
0.00000000e+00,2.25185795e-04,4.50371319e-04,6.75557125e-04
0.00000000e+00,1.95927922e-04,3.91855770e-04,5.87783711e-04
0.00000000e+00,2.25964629e-04,4.51928983e-04,6.77893620e-04
0.00000000e+00,2.25228711e-04,4.50457096e-04,6.75685824e-04
0.00000000e+00,1.96316874e-04,3.92633659e-04,5.88950548e-04
0.00000000e+00,1.95948549e-04,3.91896968e-04,5.87845535e-04
0.00000000e+00,2.25968552e-04,4.51936797e-04,6.77905363e-04
0.00000000e+00,1.96319046e-04,3.92637948e-04,5.88957008e-04
0.00000000e+00,2.83482665e-04,5.66965123e-04,8.50447808e-04
0.00000000e+00,2.54470992e-04,5.08941654e-04,7.63412662e-04
0.00000000e+00,2.84541483e-04,5.69082812e-04,8.53624304e-04
0.00000000e+00,2.83545643e-04,5.67090929e-04,8.50636572e-04
0.00000000e+00,2.55573913e-04,5.11147509e-04,7.66721432e-04
0.00000000e+00,2.54530861e-04,5.09061311e-04,7.63592174e-04
0.00000000e+00,2.84546674e-04,5.69093131e-04,8.53639819e-04
0.00000000e+00,2.55578874e-04,5.11157397e-04,7.66736277e-04
0.00000000e+00,3.33333333e-04,6.66666667e-04,1.00000000e-03
0.00000000e+00,3.10749601e-04,6.21499089e-04,9.32248698e-04
0.00000000e+00,3.33333333e-04,6.66666667e-04,1.00000000e-03
0.00000000e+00,3.33333333e-04,6.66666667e-04,1.00000000e-03
0.00000000e+00,3.11266420e-04,6.22532838e-04,9.33799279e-04
0.00000000e+00,3.10786479e-04,6.21572908e-04,9.32359415e-04
0.00000000e+00,3.33333333e-04,6.66666667e-04,1.00000000e-03
0.00000000e+00,3.11273268e-04,6.22546481e-04,9.33819767e-04
0.00000000e+00,0.00000000e+00,0.00000000e+00,0.00000000e+00
0.00000000e+00,5.33220376e-05,1.06644594e-04,1.59966617e-04
0.00000000e+00,0.00000000e+00,0.00000000e+00,0.00000000e+00
0.00000000e+00,0.00000000e+00,0.00000000e+00,0.00000000e+00
0.00000000e+00,2.48357845e-05,4.96718425e-05,7.45076172e-05
0.00000000e+00,5.13335244e-05,1.02667464e-04,1.54000967e-04
0.00000000e+00,5.29729705e-05,1.05946480e-04,1.58919429e-04
0.00000000e+00,0.00000000e+00,0.00000000e+00,0.00000000e+00
0.00000000e+00,2.34086349e-05,4.68174812e-05,7.02261061e-05
0.00000000e+00,2.45980249e-05,4.91963412e-05,7.37943508e-05
0.00000000e+00,5.11695873e-05,1.02339599e-04,1.53509165e-04
0.00000000e+00,2.32993443e-05,4.65989031e-05,6.98982315e-05
0.00000000e+00,1.09802764e-04,2.19606072e-04,3.29408807e-04
0.00000000e+00,8.16808652e-05,1.63362371e-04,2.45043218e-04
0.00000000e+00,1.08983919e-04,2.17968292e-04,3.26952185e-04
0.00000000e+00,1.09677800e-04,2.19356116e-04,3.29033905e-04
0.00000000e+00,8.01796560e-05,1.60359833e-04,2.40539471e-04
0.00000000e+00,8.14696822e-05,1.62939977e-04,2.44409650e-04
0.00000000e+00,1.08902911e-04,2.17806258e-04,3.26709159e-04
0.00000000e+00,8.00447506e-05,1.60090006e-04,2.40134744e-04
0.00000000e+00,1.66666617e-04,3.33333419e-04,5.00000049e-04
0.00000000e+00,1.38218238e-04,2.76436854e-04,4.14655069e-04
0.00000000e+00,1.66666628e-04,3.33333397e-04,5.00000039e-04
0.00000000e+00,1.66666629e-04,3.33333407e-04,5.00000041e-04
0.00000000e+00,1.37809963e-04,2.75620222e-04,4.13430166e-04
0.00000000e+00,1.38161652e-04,2.76323646e-04,4.14485288e-04
0.00000000e+00,1.66666641e-04,3.33333381e-04,5.00000032e-04
0.00000000e+00,1.37770168e-04,2.75540615e-04,4.13310776e-04
0.00000000e+00,2.23530530e-04,4.47060741e-04,6.70591284e-04
0.00000000e+00,1.95115006e-04,3.90229999e-04,5.85345034e-04
0.00000000e+00,2.24349391e-04,4.48698495e-04,6.73047893e-04
0.00000000e+00,2.23655518e-04,4.47310653e-04,6.70966177e-04
0.00000000e+00,1.95523312e-04,3.91046578e-04,5.86569913e-04
0.00000000e+00,1.95171620e-04,3.90343159e-04,5.85514802e-04
0.00000000e+00,2.24430409e-04,4.48860491e-04,6.73290912e-04
0.00000000e+00,1.95563125e-04,3.91126149e-04,5.86689294e-04
0.00000000e+00,2.80011293e-04,5.60022122e-04,8.40033434e-04
0.00000000e+00,2.51652445e-04,5.03304396e-04,7.54956863e-04
0.00000000e+00,2.81999794e-04,5.63999287e-04,8.45999103e-04
0.00000000e+00,2.80360379e-04,5.60720213e-04,8.41080593e-04
0.00000000e+00,2.53153656e-04,5.06306924e-04,7.59460598e-04
0.00000000e+00,2.51863667e-04,5.03726749e-04,7.55590409e-04
0.00000000e+00,2.82163739e-04,5.64327119e-04,8.46490870e-04
0.00000000e+00,2.53288588e-04,5.06576721e-04,7.59865311e-04
0.00000000e+00,3.33333333e-04,6.66666667e-04,1.00000000e-03
0.00000000e+00,3.08497543e-04,6.16994854e-04,9.25492408e-04
0.00000000e+00,3.33333333e-04,6.66666667e-04,1.00000000e-03
0.00000000e+00,3.33333333e-04,6.66666667e-04,1.00000000e-03
0.00000000e+00,3.09924689e-04,6.19849219e-04,9.29773918e-04
0.00000000e+00,3.08735288e-04,6.17470364e-04,9.26205670e-04
0.00000000e+00,3.33333333e-04,6.66666667e-04,1.00000000e-03
0.00000000e+00,3.10033982e-04,6.20067793e-04,9.30101785e-04
0.00000000e+00,0.00000000e+00,0.00000000e+00,0.00000000e+00
0.00000000e+00,5.80905111e-05,1.16181899e-04,1.74272398e-04
0.00000000e+00,0.00000000e+00,0.00000000e+00,0.00000000e+00
0.00000000e+00,0.00000000e+00,0.00000000e+00,0.00000000e+00
0.00000000e+00,3.32826832e-05,6.65660210e-05,9.98487187e-05
0.00000000e+00,5.61349751e-05,1.12270633e-04,1.68405588e-04
0.00000000e+00,5.81340945e-05,1.16269057e-04,1.74403141e-04
0.00000000e+00,0.00000000e+00,0.00000000e+00,0.00000000e+00
0.00000000e+00,2.74344794e-05,5.48693677e-05,8.23038441e-05
0.00000000e+00,3.32442973e-05,6.64892792e-05,9.97335873e-05
0.00000000e+00,5.59473166e-05,1.11895309e-04,1.67842611e-04
0.00000000e+00,2.71574310e-05,5.43152701e-05,8.14726948e-05
0.00000000e+00,1.11325237e-04,2.22651294e-04,3.33976499e-04
0.00000000e+00,8.45066575e-05,1.69014174e-04,2.53520778e-04
0.00000000e+00,1.10701818e-04,2.21404317e-04,3.32106103e-04
0.00000000e+00,1.11332331e-04,2.22665431e-04,3.33997752e-04
0.00000000e+00,8.30763043e-05,1.66153351e-04,2.49229627e-04
0.00000000e+00,8.45074758e-05,1.69015801e-04,2.53523248e-04
0.00000000e+00,1.10643174e-04,2.21286983e-04,3.31930141e-04
0.00000000e+00,8.29790637e-05,1.65958844e-04,2.48937894e-04
0.00000000e+00,1.66666575e-04,3.33333504e-04,5.00000083e-04
0.00000000e+00,1.38844941e-04,2.77690591e-04,4.16535518e-04
0.00000000e+00,1.66666598e-04,3.33333456e-04,5.00000063e-04
0.00000000e+00,1.66666600e-04,3.33333480e-04,5.00000082e-04
0.00000000e+00,1.38566417e-04,2.77133350e-04,4.15699749e-04
0.00000000e+00,1.38845647e-04,2.77691925e-04,4.16537576e-04
0.00000000e+00,1.66666617e-04,3.33333438e-04,5.00000061e-04
0.00000000e+00,1.38543887e-04,2.77088223e-04,4.15632105e-04
0.00000000e+00,2.22008031e-04,4.44015565e-04,6.66023618e-04
0.00000000e+00,1.94488224e-04,3.88976398e-04,5.83464638e-04
0.00000000e+00,2.22631467e-04,4.45262522e-04,6.67894002e-04
0.00000000e+00,2.22000976e-04,4.44001379e-04,6.66002356e-04
0.00000000e+00,1.94766798e-04,3.89533559e-04,5.84300378e-04
0.00000000e+00,1.94487576e-04,3.88974999e-04,5.83462576e-04
0.00000000e+00,2.22690132e-04,4.45379824e-04,6.68069962e-04
0.00000000e+00,1.94789372e-04,3.89578627e-04,5.84368011e-04
0.00000000e+00,2.75242886e-04,5.50484716e-04,8.25727605e-04
0.00000000e+00,2.48826698e-04,4.97652555e-04,7.46479277e-04
0.00000000e+00,2.77198387e-04,5.54396047e-04,8.31594448e-04
0.00000000e+00,2.75199298e-04,5.50397570e-04,8.25596855e-04
0.00000000e+00,2.50257028e-04,5.00513394e-04,7.50770440e-04
0.00000000e+00,2.48825922e-04,4.97650894e-04,7.46476799e-04
0.00000000e+00,2.77386036e-04,5.54771371e-04,8.32157410e-04
0.00000000e+00,2.50354296e-04,5.00707874e-04,7.51062162e-04
0.00000000e+00,3.33333333e-04,6.66666667e-04,1.00000000e-03
0.00000000e+00,3.00050656e-04,6.00100608e-04,9.00151278e-04
0.00000000e+00,3.33333333e-04,6.66666667e-04,1.00000000e-03
0.00000000e+00,3.33333333e-04,6.66666667e-04,1.00000000e-03
0.00000000e+00,3.05898866e-04,6.11797290e-04,9.17696163e-04
0.00000000e+00,3.00089033e-04,6.00177359e-04,9.00266398e-04
0.00000000e+00,3.33333333e-04,6.66666667e-04,1.00000000e-03
0.00000000e+00,3.06175910e-04,6.12351395e-04,9.18527307e-04
0.00000000e+00,0.00000000e+00,0.00000000e+00,0.00000000e+00
0.00000000e+00,4.82809216e-05,9.65620625e-05,1.44842984e-04
0.00000000e+00,0.00000000e+00,0.00000000e+00,0.00000000e+00
0.00000000e+00,0.00000000e+00,0.00000000e+00,0.00000000e+00
0.00000000e+00,2.18434072e-05,4.36869084e-05,6.55303217e-05
0.00000000e+00,4.76831035e-05,9.53663132e-05,1.43049393e-04
0.00000000e+00,4.80442616e-05,9.60887893e-05,1.44133048e-04
0.00000000e+00,0.00000000e+00,0.00000000e+00,0.00000000e+00
0.00000000e+00,2.15959456e-05,4.31919327e-05,6.47878702e-05
0.00000000e+00,2.17421650e-05,4.34844390e-05,6.52266031e-05
0.00000000e+00,4.74977717e-05,9.49956602e-05,1.42493401e-04
0.00000000e+00,2.15218615e-05,4.30437736e-05,6.45656210e-05
0.00000000e+00,1.06929580e-04,2.13859316e-04,3.20788848e-04
0.00000000e+00,7.71806520e-05,1.54361521e-04,2.31542141e-04
0.00000000e+00,1.06347398e-04,2.12694816e-04,3.19042146e-04
0.00000000e+00,1.06708501e-04,2.13417238e-04,3.20125706e-04
0.00000000e+00,7.64562298e-05,1.52912566e-04,2.29368745e-04
0.00000000e+00,7.69003693e-05,1.53801071e-04,2.30701420e-04
0.00000000e+00,1.06151524e-04,2.12303098e-04,3.18454561e-04
0.00000000e+00,7.62218093e-05,1.52443759e-04,2.28665522e-04
0.00000000e+00,1.66666706e-04,3.33333318e-04,4.99999993e-04
0.00000000e+00,1.36790571e-04,2.73581122e-04,4.10371636e-04
0.00000000e+00,1.66666732e-04,3.33333286e-04,4.99999975e-04
0.00000000e+00,1.66666682e-04,3.33333341e-04,5.00000003e-04
0.00000000e+00,1.36481891e-04,2.72963645e-04,4.09445468e-04
0.00000000e+00,1.36674589e-04,2.73349210e-04,4.10023761e-04
0.00000000e+00,1.66666718e-04,3.33333295e-04,4.99999981e-04
0.00000000e+00,1.36375563e-04,2.72751052e-04,4.09126557e-04
0.00000000e+00,2.26403802e-04,4.52807361e-04,6.79211167e-04
0.00000000e+00,1.96542849e-04,3.93085508e-04,5.89628349e-04
0.00000000e+00,2.26986011e-04,4.53971811e-04,6.80957841e-04
0.00000000e+00,2.26624879e-04,4.53249446e-04,6.79874311e-04
0.00000000e+00,1.96851573e-04,3.93702928e-04,5.90554492e-04
0.00000000e+00,1.96658809e-04,3.93317441e-04,5.89976243e-04
0.00000000e+00,2.27181887e-04,4.54363528e-04,6.81545427e-04
0.00000000e+00,1.96957874e-04,3.93915546e-04,5.90873413e-04
0.00000000e+00,2.85052354e-04,5.70104652e-04,8.55157051e-04
0.00000000e+00,2.56152666e-04,5.12305177e-04,7.68457881e-04
0.00000000e+00,2.85650202e-04,5.71300385e-04,8.56950624e-04
0.00000000e+00,2.85289042e-04,5.70577919e-04,8.55866976e-04
0.00000000e+00,2.56877109e-04,5.13754109e-04,7.70631263e-04
0.00000000e+00,2.56432989e-04,5.12865618e-04,7.69298597e-04
0.00000000e+00,2.85835556e-04,5.71671035e-04,8.57506613e-04
0.00000000e+00,2.57111552e-04,5.14222912e-04,7.71334485e-04
0.00000000e+00,3.33333333e-04,6.66666667e-04,1.00000000e-03
0.00000000e+00,3.11489869e-04,6.22979828e-04,9.34469715e-04
0.00000000e+00,3.33333333e-04,6.66666667e-04,1.00000000e-03
0.00000000e+00,3.33333333e-04,6.66666667e-04,1.00000000e-03
0.00000000e+00,3.11737373e-04,6.23474759e-04,9.35212142e-04
0.00000000e+00,3.11591107e-04,6.23182304e-04,9.34773437e-04
0.00000000e+00,3.33333333e-04,6.66666667e-04,1.00000000e-03
0.00000000e+00,3.11811459e-04,6.23622918e-04,9.35434389e-04
0.00000000e+00,0.00000000e+00,0.00000000e+00,0.00000000e+00
0.00000000e+00,5.01774659e-05,1.00355219e-04,1.50532685e-04
0.00000000e+00,0.00000000e+00,0.00000000e+00,0.00000000e+00
0.00000000e+00,0.00000000e+00,0.00000000e+00,0.00000000e+00
0.00000000e+00,2.27517940e-05,4.55037023e-05,6.82554985e-05
0.00000000e+00,4.90898964e-05,9.81800324e-05,1.47269930e-04
0.00000000e+00,4.97877212e-05,9.95757440e-05,1.49363466e-04
0.00000000e+00,0.00000000e+00,0.00000000e+00,0.00000000e+00
0.00000000e+00,2.22034105e-05,4.44069259e-05,6.66103403e-05
0.00000000e+00,2.25468297e-05,4.50937979e-05,6.76406256e-05
0.00000000e+00,4.87866540e-05,9.75735760e-05,1.46360227e-04
0.00000000e+00,2.20600484e-05,4.41202167e-05,6.61802640e-05
0.00000000e+00,1.08353229e-04,2.16706771e-04,3.25059959e-04
0.00000000e+00,7.91730247e-05,1.58346419e-04,2.37519422e-04
0.00000000e+00,1.07603993e-04,2.15208216e-04,3.22812165e-04
0.00000000e+00,1.08104636e-04,2.16209625e-04,3.24314230e-04
0.00000000e+00,7.80820997e-05,1.56164507e-04,2.34246587e-04
0.00000000e+00,7.88024940e-05,1.57605402e-04,2.36407880e-04
0.00000000e+00,1.07364812e-04,2.14729901e-04,3.22094678e-04
0.00000000e+00,7.77544800e-05,1.55509304e-04,2.33263766e-04
0.00000000e+00,1.66666680e-04,3.33333359e-04,5.00000012e-04
0.00000000e+00,1.37505821e-04,2.75011800e-04,4.12517577e-04
0.00000000e+00,1.66666697e-04,3.33333334e-04,5.00000001e-04
0.00000000e+00,1.66666658e-04,3.33333376e-04,5.00000028e-04
0.00000000e+00,1.37135403e-04,2.74270885e-04,4.11406239e-04
0.00000000e+00,1.37384782e-04,2.74769766e-04,4.12154518e-04
0.00000000e+00,1.66666675e-04,3.33333351e-04,5.00000012e-04
0.00000000e+00,1.37014311e-04,2.74028749e-04,4.11043025e-04
0.00000000e+00,2.24980084e-04,4.49959971e-04,6.74940090e-04
0.00000000e+00,1.95827527e-04,3.91654924e-04,5.87482451e-04
0.00000000e+00,2.25729354e-04,4.51458486e-04,6.77187860e-04
0.00000000e+00,2.25228693e-04,4.50457114e-04,6.75685813e-04
0.00000000e+00,1.96197979e-04,3.92395800e-04,5.88593772e-04
0.00000000e+00,1.95948538e-04,3.91896979e-04,5.87845529e-04
0.00000000e+00,2.25968540e-04,4.51936810e-04,6.77905353e-04
0.00000000e+00,1.96319044e-04,3.92637953e-04,5.88956999e-04
0.00000000e+00,2.83155818e-04,5.66311476e-04,8.49467349e-04
0.00000000e+00,2.54160268e-04,5.08320308e-04,7.62480619e-04
0.00000000e+00,2.84243385e-04,5.68486683e-04,8.52730107e-04
0.00000000e+00,2.83545588e-04,5.67090949e-04,8.50636562e-04
0.00000000e+00,2.55251199e-04,5.10502208e-04,7.65753447e-04
0.00000000e+00,2.54530830e-04,5.09061311e-04,7.63592160e-04
0.00000000e+00,2.84546641e-04,5.69093140e-04,8.53639809e-04
0.00000000e+00,2.55578850e-04,5.11157406e-04,7.66736268e-04
0.00000000e+00,3.33333333e-04,6.66666667e-04,1.00000000e-03
0.00000000e+00,3.10581509e-04,6.21162995e-04,9.31744525e-04
0.00000000e+00,3.33333333e-04,6.66666667e-04,1.00000000e-03
0.00000000e+00,3.33333333e-04,6.66666667e-04,1.00000000e-03
0.00000000e+00,3.11129893e-04,6.22259774e-04,9.33389682e-04
0.00000000e+00,3.10786458e-04,6.21572925e-04,9.32359410e-04
0.00000000e+00,3.33333333e-04,6.66666667e-04,1.00000000e-03
0.00000000e+00,3.11273254e-04,6.22546495e-04,9.33819763e-04
0.00000000e+00,0.00000000e+00,0.00000000e+00,0.00000000e+00
0.00000000e+00,5.36363314e-05,1.07273129e-04,1.60909448e-04
0.00000000e+00,0.00000000e+00,0.00000000e+00,0.00000000e+00
0.00000000e+00,0.00000000e+00,0.00000000e+00,0.00000000e+00
0.00000000e+00,2.50714384e-05,5.01430936e-05,7.52145220e-05
0.00000000e+00,5.16700695e-05,1.03340493e-04,1.55010556e-04
0.00000000e+00,5.29729996e-05,1.05946456e-04,1.58919442e-04
0.00000000e+00,0.00000000e+00,0.00000000e+00,0.00000000e+00
0.00000000e+00,2.36147971e-05,4.72297576e-05,7.08445514e-05
0.00000000e+00,2.45980462e-05,4.91963234e-05,7.37943647e-05
0.00000000e+00,5.11696093e-05,1.02339582e-04,1.53509179e-04
0.00000000e+00,2.32993576e-05,4.65988888e-05,6.98982416e-05
0.00000000e+00,1.09909556e-04,2.19819568e-04,3.29729078e-04
0.00000000e+00,8.18648251e-05,1.63730205e-04,2.45595003e-04
0.00000000e+00,1.09142263e-04,2.18284921e-04,3.27427144e-04
0.00000000e+00,1.09677804e-04,2.19356136e-04,3.29033905e-04
0.00000000e+00,8.04471561e-05,1.60894772e-04,2.41341904e-04
0.00000000e+00,8.14696896e-05,1.62939985e-04,2.44409653e-04
0.00000000e+00,1.08902920e-04,2.17806276e-04,3.26709156e-04
0.00000000e+00,8.00447599e-05,1.60090008e-04,2.40134749e-04
0.00000000e+00,1.66666638e-04,3.33333394e-04,5.00000029e-04
0.00000000e+00,1.38266388e-04,2.76533120e-04,4.14799471e-04
0.00000000e+00,1.66666660e-04,3.33333379e-04,5.00000020e-04
0.00000000e+00,1.66666623e-04,3.33333420e-04,5.00000041e-04
0.00000000e+00,1.37886486e-04,2.75773220e-04,4.13659665e-04
0.00000000e+00,1.38161658e-04,2.76323660e-04,4.14485293e-04
0.00000000e+00,1.66666639e-04,3.33333395e-04,5.00000031e-04
0.00000000e+00,1.37770180e-04,2.75540626e-04,4.13310778e-04
0.00000000e+00,2.23423736e-04,4.46847212e-04,6.70270987e-04
0.00000000e+00,1.95066890e-04,3.90133689e-04,5.85200594e-04
0.00000000e+00,2.24191039e-04,4.48381834e-04,6.72572905e-04
0.00000000e+00,2.23655491e-04,4.47310658e-04,6.70966165e-04
0.00000000e+00,1.95446826e-04,3.90893549e-04,5.86340383e-04
0.00000000e+00,1.95171600e-04,3.90343171e-04,5.85514793e-04
0.00000000e+00,2.24430387e-04,4.48860506e-04,6.73290904e-04
0.00000000e+00,1.95563113e-04,3.91126158e-04,5.86689287e-04
0.00000000e+00,2.79696982e-04,5.59393546e-04,8.39090579e-04
0.00000000e+00,2.51468484e-04,5.02936516e-04,7.54405039e-04
0.00000000e+00,2.81663238e-04,5.63326198e-04,8.44989474e-04
0.00000000e+00,2.80360345e-04,5.60720235e-04,8.41080588e-04
0.00000000e+00,2.52886122e-04,5.05771972e-04,7.58658146e-04
0.00000000e+00,2.51863646e-04,5.03726742e-04,7.55590395e-04
0.00000000e+00,2.82163716e-04,5.64327134e-04,8.46490861e-04
0.00000000e+00,2.53288561e-04,5.06576722e-04,7.59865300e-04
0.00000000e+00,3.33333333e-04,6.66666667e-04,1.00000000e-03
0.00000000e+00,3.08261887e-04,6.16523574e-04,9.24785491e-04
0.00000000e+00,3.33333333e-04,6.66666667e-04,1.00000000e-03
0.00000000e+00,3.33333333e-04,6.66666667e-04,1.00000000e-03
0.00000000e+00,3.09718527e-04,6.19436918e-04,9.29155462e-04
0.00000000e+00,3.08735273e-04,6.17470365e-04,9.26205660e-04
0.00000000e+00,3.33333333e-04,6.66666667e-04,1.00000000e-03
0.00000000e+00,3.10033967e-04,6.20067800e-04,9.30101779e-04
0.00000000e+00,0.00000000e+00,0.00000000e+00,0.00000000e+00
0.00000000e+00,5.80609706e-05,1.16122700e-04,1.74183642e-04
0.00000000e+00,0.00000000e+00,0.00000000e+00,0.00000000e+00
0.00000000e+00,0.00000000e+00,0.00000000e+00,0.00000000e+00
0.00000000e+00,3.33068259e-05,6.66141899e-05,9.99209981e-05
0.00000000e+00,5.63042747e-05,1.12609145e-04,1.68913399e-04
0.00000000e+00,5.81341219e-05,1.16269043e-04,1.74403158e-04
0.00000000e+00,0.00000000e+00,0.00000000e+00,0.00000000e+00
0.00000000e+00,2.76758647e-05,5.53520684e-05,8.30279204e-05
0.00000000e+00,3.32443231e-05,6.64892693e-05,9.97336010e-05
0.00000000e+00,5.59473401e-05,1.11895298e-04,1.67842627e-04
0.00000000e+00,2.71574506e-05,5.43152593e-05,8.14727055e-05
0.00000000e+00,1.11321725e-04,2.22644165e-04,3.33965843e-04
0.00000000e+00,8.45099348e-05,1.69020633e-04,2.53530531e-04
0.00000000e+00,1.10752045e-04,2.21504691e-04,3.32256691e-04
0.00000000e+00,1.11332323e-04,2.22665468e-04,3.33997748e-04
0.00000000e+00,8.31636608e-05,1.66327971e-04,2.49491597e-04
0.00000000e+00,8.45074801e-05,1.69015811e-04,2.53523252e-04
0.00000000e+00,1.10643172e-04,2.21287010e-04,3.31930141e-04
0.00000000e+00,8.29790692e-05,1.65958855e-04,2.48937898e-04
0.00000000e+00,1.66666563e-04,3.33333493e-04,5.00000063e-04
0.00000000e+00,1.38845114e-04,2.77690882e-04,4.16535970e-04
0.00000000e+00,1.66666604e-04,3.33333436e-04,5.00000041e-04
0.00000000e+00,1.66666566e-04,3.33333513e-04,5.00000078e-04
0.00000000e+00,1.38586201e-04,2.77172879e-04,4.15759046e-04
0.00000000e+00,1.38845642e-04,2.77691955e-04,4.16537574e-04
0.00000000e+00,1.66666590e-04,3.33333465e-04,5.00000061e-04
0.00000000e+00,1.38543881e-04,2.77088250e-04,4.15632105e-04
0.00000000e+00,2.22011557e-04,4.44022638e-04,6.66034234e-04
0.00000000e+00,1.94488069e-04,3.88976053e-04,5.83464136e-04
0.00000000e+00,2.22581244e-04,4.45162101e-04,6.67743366e-04
0.00000000e+00,2.22000952e-04,4.44001371e-04,6.66002336e-04
0.00000000e+00,1.94747030e-04,3.89493987e-04,5.84241043e-04
0.00000000e+00,1.94487534e-04,3.88975019e-04,5.83462566e-04
0.00000000e+00,2.22690106e-04,4.45379822e-04,6.68069943e-04
0.00000000e+00,1.94789343e-04,3.89578641e-04,5.84368001e-04
0.00000000e+00,2.75272426e-04,5.50543888e-04,8.25816348e-04
0.00000000e+00,2.48823419e-04,4.97646051e-04,7.46469489e-04
0.00000000e+00,2.77029073e-04,5.54057505e-04,8.31086612e-04
0.00000000e+00,2.75199299e-04,5.50397543e-04,8.25596834e-04
0.00000000e+00,2.50169666e-04,5.00338737e-04,7.50508437e-04
0.00000000e+00,2.48825908e-04,4.97650865e-04,7.46476777e-04
0.00000000e+00,2.77386041e-04,5.54771347e-04,8.32157390e-04
0.00000000e+00,2.50354281e-04,5.00707858e-04,7.51062144e-04
0.00000000e+00,3.33333333e-04,6.66666667e-04,1.00000000e-03
0.00000000e+00,3.00026530e-04,6.00052420e-04,9.00078998e-04
0.00000000e+00,3.33333333e-04,6.66666667e-04,1.00000000e-03
0.00000000e+00,3.33333333e-04,6.66666667e-04,1.00000000e-03
0.00000000e+00,3.05657487e-04,6.11314570e-04,9.16972080e-04
0.00000000e+00,3.00089044e-04,6.00177322e-04,9.00266393e-04
0.00000000e+00,3.33333333e-04,6.66666667e-04,1.00000000e-03
0.00000000e+00,3.06175905e-04,6.12351382e-04,9.18527299e-04
0.00000000e+00,0.00000000e+00,0.00000000e+00,0.00000000e+00
0.00000000e+00,4.91145835e-05,9.82293635e-05,1.47343938e-04
0.00000000e+00,0.00000000e+00,0.00000000e+00,0.00000000e+00
0.00000000e+00,0.00000000e+00,0.00000000e+00,0.00000000e+00
0.00000000e+00,2.22138428e-05,4.44277657e-05,6.66416052e-05
0.00000000e+00,4.84247942e-05,9.68497339e-05,1.45274516e-04
0.00000000e+00,4.85730430e-05,9.71462840e-05,1.45719330e-04
0.00000000e+00,0.00000000e+00,0.00000000e+00,0.00000000e+00
0.00000000e+00,2.19027968e-05,4.38056567e-05,6.57084494e-05
0.00000000e+00,2.19667017e-05,4.39334914e-05,6.59001977e-05
0.00000000e+00,4.79624646e-05,9.59250369e-05,1.43887484e-04
0.00000000e+00,2.17064772e-05,4.34130016e-05,6.51194748e-05
0.00000000e+00,1.07623953e-04,2.15248012e-04,3.22871915e-04
0.00000000e+00,7.81096133e-05,1.56219447e-04,2.34329034e-04
0.00000000e+00,1.07055814e-04,2.14111673e-04,3.21167427e-04
0.00000000e+00,1.07186212e-04,2.14372544e-04,3.21558701e-04
0.00000000e+00,7.73459007e-05,1.54691966e-04,2.32037832e-04
0.00000000e+00,7.75164288e-05,1.55033051e-04,2.32549447e-04
0.00000000e+00,1.06628368e-04,2.13256740e-04,3.19885039e-04
0.00000000e+00,7.68010200e-05,1.53602124e-04,2.30403091e-04
0.00000000e+00,1.66666761e-04,3.33333266e-04,4.99999979e-04
0.00000000e+00,1.37145403e-04,2.74290704e-04,4.11436040e-04
0.00000000e+00,1.66666771e-04,3.33333253e-04,4.99999969e-04
0.00000000e+00,1.66666744e-04,3.33333282e-04,4.99999978e-04
0.00000000e+00,1.36855822e-04,2.73711487e-04,4.10567234e-04
0.00000000e+00,1.36923133e-04,2.73846188e-04,4.10769253e-04
0.00000000e+00,1.66666755e-04,3.33333266e-04,4.99999969e-04
0.00000000e+00,1.36632004e-04,2.73263849e-04,4.09895770e-04
0.00000000e+00,2.25709401e-04,4.51418631e-04,6.77128086e-04
0.00000000e+00,1.96188064e-04,3.92375860e-04,5.88563927e-04
0.00000000e+00,2.26277558e-04,4.52554955e-04,6.78832565e-04
0.00000000e+00,2.26147156e-04,4.52294117e-04,6.78441302e-04
0.00000000e+00,1.96477675e-04,3.92955051e-04,5.89432721e-04
0.00000000e+00,1.96410321e-04,3.92820401e-04,5.89230717e-04
0.00000000e+00,2.26705028e-04,4.53409888e-04,6.80114952e-04
0.00000000e+00,1.96701488e-04,3.93402699e-04,5.90104177e-04
0.00000000e+00,2.84218738e-04,5.68437297e-04,8.52656064e-04
0.00000000e+00,2.55223651e-04,5.10447267e-04,7.65671002e-04
0.00000000e+00,2.84908502e-04,5.69816961e-04,8.54725505e-04
0.00000000e+00,2.84760236e-04,5.69520427e-04,8.54280706e-04
0.00000000e+00,2.55987359e-04,5.11974754e-04,7.67962206e-04
0.00000000e+00,2.55816855e-04,5.11633661e-04,7.67450585e-04
0.00000000e+00,2.85370818e-04,5.70741673e-04,8.56112544e-04
0.00000000e+00,2.56532285e-04,5.13064568e-04,7.69596926e-04
0.00000000e+00,3.33333333e-04,6.66666667e-04,1.00000000e-03
0.00000000e+00,3.11119463e-04,6.22238917e-04,9.33358402e-04
0.00000000e+00,3.33333333e-04,6.66666667e-04,1.00000000e-03
0.00000000e+00,3.33333333e-04,6.66666667e-04,1.00000000e-03
0.00000000e+00,3.11430520e-04,6.22861020e-04,9.34291554e-04
0.00000000e+00,3.11366589e-04,6.22733215e-04,9.34099823e-04
0.00000000e+00,3.33333333e-04,6.66666667e-04,1.00000000e-03
0.00000000e+00,3.11626838e-04,6.23253687e-04,9.34880536e-04
0.00000000e+00,0.00000000e+00,0.00000000e+00,0.00000000e+00
0.00000000e+00,5.11503906e-05,1.02301054e-04,1.53451426e-04
0.00000000e+00,0.00000000e+00,0.00000000e+00,0.00000000e+00
0.00000000e+00,0.00000000e+00,0.00000000e+00,0.00000000e+00
0.00000000e+00,2.32898690e-05,4.65798625e-05,6.98697218e-05
0.00000000e+00,5.00065312e-05,1.00013284e-04,1.50019803e-04
0.00000000e+00,5.04171072e-05,1.00834477e-04,1.51251577e-04
0.00000000e+00,0.00000000e+00,0.00000000e+00,0.00000000e+00
0.00000000e+00,2.26540289e-05,4.53081557e-05,6.79621781e-05
0.00000000e+00,2.28735812e-05,4.57472819e-05,6.86208598e-05
0.00000000e+00,4.93726934e-05,9.87456103e-05,1.48118302e-04
0.00000000e+00,2.23323207e-05,4.46647365e-05,6.69970566e-05
0.00000000e+00,1.08893648e-04,2.17787504e-04,3.26681112e-04
0.00000000e+00,8.00297772e-05,1.60059840e-04,2.40089585e-04
0.00000000e+00,1.08241825e-04,2.16483799e-04,3.24725578e-04
0.00000000e+00,1.08493196e-04,2.16986642e-04,3.25479797e-04
0.00000000e+00,7.90056920e-05,1.58011645e-04,2.37017313e-04
0.00000000e+00,7.93937004e-05,1.58787732e-04,2.38181408e-04
0.00000000e+00,1.07813727e-04,2.15627636e-04,3.23441315e-04
0.00000000e+00,7.83785008e-05,1.56757279e-04,2.35135757e-04
0.00000000e+00,1.66666732e-04,3.33333294e-04,4.99999999e-04
0.00000000e+00,1.37766973e-04,2.75533931e-04,4.13300863e-04
0.00000000e+00,1.66666745e-04,3.33333279e-04,4.99999987e-04
0.00000000e+00,1.66666713e-04,3.33333321e-04,4.99999996e-04
0.00000000e+00,1.37451491e-04,2.74902925e-04,4.12354359e-04
0.00000000e+00,1.37574298e-04,2.75148663e-04,4.12722911e-04
0.00000000e+00,1.66666728e-04,3.33333303e-04,4.99999987e-04
0.00000000e+00,1.37240127e-04,2.74480257e-04,4.11720323e-04
0.00000000e+00,2.24439665e-04,4.48879171e-04,6.73318902e-04
0.00000000e+00,1.95566440e-04,3.91132674e-04,5.86699129e-04
0.00000000e+00,2.25091505e-04,4.50182862e-04,6.75274432e-04
0.00000000e+00,2.24840126e-04,4.49680063e-04,6.74520231e-04
0.00000000e+00,1.95881952e-04,3.91763659e-04,5.87645621e-04
0.00000000e+00,1.95759093e-04,3.91518002e-04,5.87277093e-04
0.00000000e+00,2.25519612e-04,4.51039048e-04,6.76558700e-04
0.00000000e+00,1.96093296e-04,3.92186373e-04,5.88279664e-04
0.00000000e+00,2.82182967e-04,5.64365576e-04,8.46548555e-04
0.00000000e+00,2.53303509e-04,5.06606859e-04,7.59910442e-04
0.00000000e+00,2.83326783e-04,5.66653390e-04,8.49980207e-04
0.00000000e+00,2.82916213e-04,5.65832199e-04,8.48748437e-04
0.00000000e+00,2.54327578e-04,5.08655065e-04,7.62982721e-04
0.00000000e+00,2.53939583e-04,5.07878986e-04,7.61818630e-04
0.00000000e+00,2.83960596e-04,5.67921093e-04,8.51881727e-04
0.00000000e+00,2.54954776e-04,5.09909440e-04,7.64864282e-04
0.00000000e+00,3.33333333e-04,6.66666667e-04,1.00000000e-03
0.00000000e+00,3.10043418e-04,6.20086836e-04,9.30130294e-04
0.00000000e+00,3.33333333e-04,6.66666667e-04,1.00000000e-03
0.00000000e+00,3.33333333e-04,6.66666667e-04,1.00000000e-03
0.00000000e+00,3.10679287e-04,6.21358521e-04,9.32037826e-04
0.00000000e+00,3.10459718e-04,6.20919413e-04,9.31379158e-04
0.00000000e+00,3.33333333e-04,6.66666667e-04,1.00000000e-03
0.00000000e+00,3.11000993e-04,6.22001948e-04,9.33002955e-04
0.00000000e+00,0.00000000e+00,0.00000000e+00,0.00000000e+00
0.00000000e+00,5.44947707e-05,1.08989915e-04,1.63484635e-04
0.00000000e+00,0.00000000e+00,0.00000000e+00,0.00000000e+00
0.00000000e+00,0.00000000e+00,0.00000000e+00,0.00000000e+00
0.00000000e+00,2.57608800e-05,5.15219684e-05,7.72828250e-05
0.00000000e+00,5.26344879e-05,1.05269282e-04,1.57903740e-04
0.00000000e+00,5.35519493e-05,1.07104312e-04,1.60656231e-04
0.00000000e+00,0.00000000e+00,0.00000000e+00,0.00000000e+00
0.00000000e+00,2.42514337e-05,4.85030228e-05,7.27544403e-05
0.00000000e+00,2.50214386e-05,5.00431029e-05,7.50645259e-05
0.00000000e+00,5.18026187e-05,1.03605567e-04,1.55408168e-04
0.00000000e+00,2.36863453e-05,4.73728518e-05,7.10591882e-05
0.00000000e+00,1.10187465e-04,2.20375227e-04,3.30562685e-04
0.00000000e+00,8.23367870e-05,1.64673946e-04,2.47010691e-04
0.00000000e+00,1.09549880e-04,2.19100005e-04,3.28649857e-04
0.00000000e+00,1.09879344e-04,2.19759086e-04,3.29638402e-04
0.00000000e+00,8.11577867e-05,1.62315893e-04,2.43473640e-04
0.00000000e+00,8.18175429e-05,1.63635547e-04,2.45453055e-04
0.00000000e+00,1.09201167e-04,2.18402654e-04,3.27603785e-04
0.00000000e+00,8.05490518e-05,1.61098500e-04,2.41647521e-04
0.00000000e+00,1.66666719e-04,3.33333312e-04,4.99999999e-04
0.00000000e+00,1.38387559e-04,2.76775203e-04,4.15162749e-04
0.00000000e+00,1.66666723e-04,3.33333302e-04,5.00000000e-04
0.00000000e+00,1.66666685e-04,3.33333357e-04,5.00000008e-04
0.00000000e+00,1.38082293e-04,2.76164604e-04,4.14246872e-04
0.00000000e+00,1.38253398e-04,2.76507019e-04,4.14760389e-04
0.00000000e+00,1.66666698e-04,3.33333341e-04,5.00000003e-04
0.00000000e+00,1.37914461e-04,2.75829065e-04,4.13743489e-04
0.00000000e+00,2.23145819e-04,4.46291439e-04,6.69437346e-04
0.00000000e+00,1.94945803e-04,3.89891435e-04,5.84837260e-04
0.00000000e+00,2.23783425e-04,4.47566662e-04,6.71350163e-04
0.00000000e+00,2.23453956e-04,4.46907632e-04,6.70361639e-04
0.00000000e+00,1.95251100e-04,3.90502014e-04,5.85753128e-04
0.00000000e+00,1.95079933e-04,3.90159707e-04,5.85239643e-04
0.00000000e+00,2.24132138e-04,4.48264063e-04,6.72396249e-04
0.00000000e+00,1.95418899e-04,3.90837633e-04,5.86256530e-04
0.00000000e+00,2.78838608e-04,5.57676721e-04,8.36515338e-04
0.00000000e+00,2.50996523e-04,5.01992731e-04,7.52989326e-04
0.00000000e+00,2.80698857e-04,5.61397374e-04,8.42096253e-04
0.00000000e+00,2.79781396e-04,5.59562355e-04,8.39343775e-04
0.00000000e+00,2.52175505e-04,5.04350804e-04,7.56526388e-04
0.00000000e+00,2.51515763e-04,5.03031161e-04,7.54546980e-04
0.00000000e+00,2.81530695e-04,5.63061120e-04,8.44591848e-04
0.00000000e+00,2.52784246e-04,5.05568213e-04,7.58352516e-04
0.00000000e+00,3.33333333e-04,6.66666667e-04,1.00000000e-03
0.00000000e+00,3.07572436e-04,6.15144710e-04,9.22717177e-04
0.00000000e+00,3.33333333e-04,6.66666667e-04,1.00000000e-03
0.00000000e+00,3.33333333e-04,6.66666667e-04,1.00000000e-03
0.00000000e+00,3.09081888e-04,6.18163649e-04,9.27245558e-04
0.00000000e+00,3.08311872e-04,6.16623578e-04,9.24935484e-04
0.00000000e+00,3.33333333e-04,6.66666667e-04,1.00000000e-03
0.00000000e+00,3.09646975e-04,6.19293824e-04,9.28940819e-04
0.00000000e+00,0.00000000e+00,0.00000000e+00,0.00000000e+00
0.00000000e+00,5.79921386e-05,1.15984802e-04,1.73976856e-04
0.00000000e+00,0.00000000e+00,0.00000000e+00,0.00000000e+00
0.00000000e+00,0.00000000e+00,0.00000000e+00,0.00000000e+00
0.00000000e+00,3.33612200e-05,6.67228585e-05,1.00084010e-04
0.00000000e+00,5.67361024e-05,1.13472640e-04,1.70208679e-04
0.00000000e+00,5.80786924e-05,1.16158054e-04,1.74236686e-04
0.00000000e+00,0.00000000e+00,0.00000000e+00,0.00000000e+00
0.00000000e+00,2.83543932e-05,5.67090678e-05,8.50634212e-05
0.00000000e+00,3.32890269e-05,6.65785817e-05,9.98675661e-05
0.00000000e+00,5.62673167e-05,1.12535158e-04,1.68802433e-04
0.00000000e+00,2.76013160e-05,5.52029534e-05,8.28042449e-05
0.00000000e+00,1.11310106e-04,2.22620549e-04,3.33930666e-04
0.00000000e+00,8.45201046e-05,1.69040627e-04,2.53560680e-04
0.00000000e+00,1.10880341e-04,2.21761012e-04,3.32641350e-04
0.00000000e+00,1.11325531e-04,2.22651629e-04,3.33977137e-04
0.00000000e+00,8.33868645e-05,1.66774129e-04,2.50160947e-04
0.00000000e+00,8.45138263e-05,1.69028286e-04,2.53542065e-04
0.00000000e+00,1.10738491e-04,2.21477452e-04,3.32215917e-04
0.00000000e+00,8.31446049e-05,1.66289759e-04,2.49434322e-04
0.00000000e+00,1.66666636e-04,3.33333335e-04,5.00000005e-04
0.00000000e+00,1.38845588e-04,2.77691396e-04,4.16537030e-04
0.00000000e+00,1.66666680e-04,3.33333325e-04,5.00000004e-04
0.00000000e+00,1.66666588e-04,3.33333430e-04,5.00000027e-04
0.00000000e+00,1.38635498e-04,2.77271142e-04,4.15906652e-04
0.00000000e+00,1.38845977e-04,2.77692402e-04,4.16538386e-04
0.00000000e+00,1.66666646e-04,3.33333385e-04,5.00000018e-04
0.00000000e+00,1.38581701e-04,2.77163734e-04,4.15745424e-04
0.00000000e+00,2.22023213e-04,4.44046103e-04,6.66069358e-04
0.00000000e+00,1.94487693e-04,3.88975261e-04,5.83462983e-04
0.00000000e+00,2.22452965e-04,4.44905642e-04,6.67358668e-04
0.00000000e+00,2.22007783e-04,4.44015108e-04,6.66022911e-04
0.00000000e+00,1.94697835e-04,3.89395503e-04,5.84093358e-04
0.00000000e+00,1.94487258e-04,3.88974410e-04,5.83461676e-04
0.00000000e+00,2.22594809e-04,4.45189276e-04,6.67784127e-04
0.00000000e+00,1.94751587e-04,3.89503032e-04,5.84254623e-04
0.00000000e+00,2.75341264e-04,5.50681816e-04,8.26023117e-04
0.00000000e+00,2.48813269e-04,4.97626013e-04,7.46439322e-04
0.00000000e+00,2.76597261e-04,5.53194013e-04,8.29791306e-04
0.00000000e+00,2.75254704e-04,5.50508549e-04,8.25763298e-04
0.00000000e+00,2.49946464e-04,4.99892532e-04,7.49839067e-04
0.00000000e+00,2.48819533e-04,4.97638378e-04,7.46457951e-04
0.00000000e+00,2.77066038e-04,5.54131496e-04,8.31197572e-04
0.00000000e+00,2.50188728e-04,5.00376925e-04,7.50565702e-04
0.00000000e+00,3.33333333e-04,6.66666667e-04,1.00000000e-03
0.00000000e+00,2.99972108e-04,5.99943825e-04,8.99915985e-04
0.00000000e+00,3.33333333e-04,6.66666667e-04,1.00000000e-03
0.00000000e+00,3.33333333e-04,6.66666667e-04,1.00000000e-03
0.00000000e+00,3.04978945e-04,6.09957596e-04,9.14936570e-04
0.00000000e+00,3.00044324e-04,6.00088065e-04,9.00132441e-04
0.00000000e+00,3.33333333e-04,6.66666667e-04,1.00000000e-03
0.00000000e+00,3.05732026e-04,6.11463701e-04,9.17195756e-04
0.00000000e+00,0.00000000e+00,0.00000000e+00,0.00000000e+00
0.00000000e+00,4.82809358e-05,9.65620172e-05,1.44842947e-04
0.00000000e+00,0.00000000e+00,0.00000000e+00,0.00000000e+00
0.00000000e+00,0.00000000e+00,0.00000000e+00,0.00000000e+00
0.00000000e+00,2.18434032e-05,4.36868920e-05,6.55302969e-05
0.00000000e+00,4.76831057e-05,9.53662781e-05,1.43049365e-04
0.00000000e+00,4.85730519e-05,9.71462656e-05,1.45719307e-04
0.00000000e+00,0.00000000e+00,0.00000000e+00,0.00000000e+00
0.00000000e+00,2.15959401e-05,4.31919193e-05,6.47878531e-05
0.00000000e+00,2.19666994e-05,4.39334846e-05,6.59001824e-05
0.00000000e+00,4.79624686e-05,9.59250187e-05,1.43887465e-04
0.00000000e+00,2.17064762e-05,4.34129949e-05,6.51194621e-05
0.00000000e+00,1.06929620e-04,2.13859243e-04,3.20788827e-04
0.00000000e+00,7.71806795e-05,1.54361463e-04,2.31542114e-04
0.00000000e+00,1.06347420e-04,2.12694768e-04,3.19042129e-04
0.00000000e+00,1.07186231e-04,2.14372507e-04,3.21558687e-04
0.00000000e+00,7.64562560e-05,1.52912509e-04,2.29368725e-04
0.00000000e+00,7.75164417e-05,1.55033023e-04,2.32549429e-04
0.00000000e+00,1.06628379e-04,2.13256716e-04,3.19885030e-04
0.00000000e+00,7.68010257e-05,1.53602103e-04,2.30403076e-04
0.00000000e+00,1.66666762e-04,3.33333244e-04,4.99999977e-04
0.00000000e+00,1.36790619e-04,2.73581054e-04,4.10371615e-04
0.00000000e+00,1.66666776e-04,3.33333234e-04,4.99999965e-04
0.00000000e+00,1.66666776e-04,3.33333240e-04,4.99999971e-04
0.00000000e+00,1.36481920e-04,2.72963608e-04,4.09445455e-04
0.00000000e+00,1.36923165e-04,2.73846146e-04,4.10769241e-04
0.00000000e+00,1.66666781e-04,3.33333239e-04,4.99999963e-04
0.00000000e+00,1.36632028e-04,2.73263819e-04,4.09895762e-04
0.00000000e+00,2.26403778e-04,4.52807313e-04,6.79211164e-04
0.00000000e+00,1.96542869e-04,3.93085452e-04,5.89628340e-04
0.00000000e+00,2.26986010e-04,4.53971776e-04,6.80957842e-04
0.00000000e+00,2.26147152e-04,4.52294088e-04,6.78441297e-04
0.00000000e+00,1.96851601e-04,3.93702876e-04,5.90554481e-04
0.00000000e+00,1.96410330e-04,3.92820372e-04,5.89230713e-04
0.00000000e+00,2.26705027e-04,4.53409868e-04,6.80114951e-04
0.00000000e+00,1.96701496e-04,3.93402674e-04,5.90104172e-04
0.00000000e+00,2.85052358e-04,5.70104639e-04,8.55157055e-04
0.00000000e+00,2.56152665e-04,5.12305141e-04,7.68457873e-04
0.00000000e+00,2.85650208e-04,5.71300355e-04,8.56950624e-04
0.00000000e+00,2.84760252e-04,5.69520412e-04,8.54280706e-04
0.00000000e+00,2.56877116e-04,5.13754069e-04,7.70631253e-04
0.00000000e+00,2.55816851e-04,5.11633648e-04,7.67450587e-04
0.00000000e+00,2.85370827e-04,5.70741658e-04,8.56112546e-04
0.00000000e+00,2.56532295e-04,5.13064550e-04,7.69596927e-04
0.00000000e+00,3.33333333e-04,6.66666667e-04,1.00000000e-03
0.00000000e+00,3.11489878e-04,6.22979808e-04,9.34469721e-04
0.00000000e+00,3.33333333e-04,6.66666667e-04,1.00000000e-03
0.00000000e+00,3.33333333e-04,6.66666667e-04,1.00000000e-03
0.00000000e+00,3.11737372e-04,6.23474744e-04,9.35212149e-04
0.00000000e+00,3.11366609e-04,6.22733197e-04,9.34099821e-04
0.00000000e+00,3.33333333e-04,6.66666667e-04,1.00000000e-03
0.00000000e+00,3.11626841e-04,6.23253675e-04,9.34880538e-04
0.00000000e+00,0.00000000e+00,0.00000000e+00,0.00000000e+00
0.00000000e+00,5.01775071e-05,1.00355165e-04,1.50532640e-04
0.00000000e+00,0.00000000e+00,0.00000000e+00,0.00000000e+00
0.00000000e+00,0.00000000e+00,0.00000000e+00,0.00000000e+00
0.00000000e+00,2.27518015e-05,4.55036824e-05,6.82554701e-05
0.00000000e+00,4.90899239e-05,9.81799839e-05,1.47269891e-04
0.00000000e+00,5.04171302e-05,1.00834452e-04,1.51251554e-04
0.00000000e+00,0.00000000e+00,0.00000000e+00,0.00000000e+00
0.00000000e+00,2.22034143e-05,4.44069071e-05,6.66103155e-05
0.00000000e+00,2.28735866e-05,4.57472707e-05,6.86208478e-05
0.00000000e+00,4.93727087e-05,9.87455897e-05,1.48118281e-04
0.00000000e+00,2.23323219e-05,4.46647285e-05,6.69970432e-05
0.00000000e+00,1.08353305e-04,2.16706651e-04,3.25059919e-04
0.00000000e+00,7.91730933e-05,1.58346328e-04,2.37519383e-04
0.00000000e+00,1.07604051e-04,2.15208123e-04,3.22812134e-04
0.00000000e+00,1.08493243e-04,2.16986579e-04,3.25479775e-04
0.00000000e+00,7.80821434e-05,1.56164437e-04,2.34246551e-04
0.00000000e+00,7.93937407e-05,1.58787683e-04,2.38181388e-04
0.00000000e+00,1.07813762e-04,2.15627585e-04,3.23441298e-04
0.00000000e+00,7.83785263e-05,1.56757243e-04,2.35135737e-04
0.00000000e+00,1.66666750e-04,3.33333235e-04,4.99999978e-04
0.00000000e+00,1.37505901e-04,2.75011675e-04,4.12517541e-04
0.00000000e+00,1.66666753e-04,3.33333244e-04,4.99999977e-04
0.00000000e+00,1.66666744e-04,3.33333259e-04,4.99999988e-04
0.00000000e+00,1.37135473e-04,2.74270784e-04,4.11406207e-04
0.00000000e+00,1.37574346e-04,2.75148589e-04,4.12722893e-04
0.00000000e+00,1.66666760e-04,3.33333249e-04,4.99999979e-04
0.00000000e+00,1.37240169e-04,2.74480196e-04,4.11720306e-04
0.00000000e+00,2.24980072e-04,4.49959923e-04,6.74940060e-04
0.00000000e+00,1.95827531e-04,3.91654854e-04,5.87482433e-04
0.00000000e+00,2.25729331e-04,4.51458453e-04,6.77187850e-04
0.00000000e+00,2.24840101e-04,4.49680033e-04,6.74520219e-04
0.00000000e+00,1.96198006e-04,3.92395722e-04,5.88593754e-04
0.00000000e+00,1.95759094e-04,3.91517957e-04,5.87277085e-04
0.00000000e+00,2.25519604e-04,4.51039022e-04,6.76558694e-04
0.00000000e+00,1.96093300e-04,3.92186336e-04,5.88279660e-04
0.00000000e+00,2.83155761e-04,5.66311552e-04,8.49467401e-04
0.00000000e+00,2.54160233e-04,5.08320306e-04,7.62480617e-04
0.00000000e+00,2.84243370e-04,5.68486687e-04,8.52730123e-04
0.00000000e+00,2.82916191e-04,5.65832216e-04,8.48748449e-04
0.00000000e+00,2.55251186e-04,5.10502190e-04,7.65753450e-04
0.00000000e+00,2.53939545e-04,5.07878996e-04,7.61818631e-04
0.00000000e+00,2.83960591e-04,5.67921092e-04,8.51881733e-04
0.00000000e+00,2.54954756e-04,5.09909439e-04,7.64864284e-04
0.00000000e+00,3.33333333e-04,6.66666667e-04,1.00000000e-03
0.00000000e+00,3.10581492e-04,6.21163015e-04,9.31744543e-04
0.00000000e+00,3.33333333e-04,6.66666667e-04,1.00000000e-03
0.00000000e+00,3.33333333e-04,6.66666667e-04,1.00000000e-03
0.00000000e+00,3.11129890e-04,6.22259772e-04,9.33389692e-04
0.00000000e+00,3.10459723e-04,6.20919414e-04,9.31379160e-04
0.00000000e+00,3.33333333e-04,6.66666667e-04,1.00000000e-03
0.00000000e+00,3.11000999e-04,6.22001945e-04,9.33002958e-04
0.00000000e+00,0.00000000e+00,0.00000000e+00,0.00000000e+00
0.00000000e+00,5.36364472e-05,1.07273022e-04,1.60909403e-04
0.00000000e+00,0.00000000e+00,0.00000000e+00,0.00000000e+00
0.00000000e+00,0.00000000e+00,0.00000000e+00,0.00000000e+00
0.00000000e+00,2.50714864e-05,5.01430475e-05,7.52144973e-05
0.00000000e+00,5.16701450e-05,1.03340412e-04,1.55010519e-04
0.00000000e+00,5.35520124e-05,1.07104255e-04,1.60656219e-04
0.00000000e+00,0.00000000e+00,0.00000000e+00,0.00000000e+00
0.00000000e+00,2.36148267e-05,4.72297233e-05,7.08445280e-05
0.00000000e+00,2.50214703e-05,5.00430750e-05,7.50645208e-05
0.00000000e+00,5.18026607e-05,1.03605525e-04,1.55408152e-04
0.00000000e+00,2.36863631e-05,4.73728326e-05,7.10591799e-05
0.00000000e+00,1.09909668e-04,2.19819395e-04,3.29729027e-04
0.00000000e+00,8.18649662e-05,1.63730049e-04,2.45594963e-04
0.00000000e+00,1.09142363e-04,2.18284775e-04,3.27427103e-04
0.00000000e+00,1.09879418e-04,2.19758986e-04,3.29638379e-04
0.00000000e+00,8.04472523e-05,1.60894654e-04,2.41341863e-04
0.00000000e+00,8.18176217e-05,1.63635463e-04,2.45453036e-04
0.00000000e+00,1.09201227e-04,2.18402573e-04,3.27603764e-04
0.00000000e+00,8.05491103e-05,1.61098434e-04,2.41647500e-04
0.00000000e+00,1.66666724e-04,3.33333235e-04,4.99999988e-04
0.00000000e+00,1.38266498e-04,2.76532929e-04,4.14799427e-04
0.00000000e+00,1.66666724e-04,3.33333250e-04,4.99999993e-04
0.00000000e+00,1.66666719e-04,3.33333270e-04,4.99999998e-04
0.00000000e+00,1.37886589e-04,2.75773058e-04,4.13659621e-04
0.00000000e+00,1.38253460e-04,2.76506912e-04,4.14760369e-04
0.00000000e+00,1.66666733e-04,3.33333264e-04,4.99999993e-04
0.00000000e+00,1.37914517e-04,2.75828977e-04,4.13743470e-04
0.00000000e+00,2.23423659e-04,4.46847200e-04,6.70270957e-04
0.00000000e+00,1.95066878e-04,3.90133607e-04,5.85200568e-04
0.00000000e+00,2.24190980e-04,4.48381817e-04,6.72572886e-04
0.00000000e+00,2.23453898e-04,4.46907634e-04,6.70361624e-04
0.00000000e+00,1.95446829e-04,3.90893464e-04,5.86340357e-04
0.00000000e+00,1.95079925e-04,3.90159654e-04,5.85239630e-04
0.00000000e+00,2.24132102e-04,4.48264046e-04,6.72396236e-04
0.00000000e+00,1.95418893e-04,3.90837580e-04,5.86256520e-04
0.00000000e+00,2.79696859e-04,5.59393682e-04,8.39090628e-04
0.00000000e+00,2.51468371e-04,5.02936570e-04,7.54405029e-04
0.00000000e+00,2.81663175e-04,5.63326256e-04,8.44989494e-04
0.00000000e+00,2.79781318e-04,5.59562409e-04,8.39343780e-04
0.00000000e+00,2.52886052e-04,5.05771998e-04,7.58658146e-04
0.00000000e+00,2.51515677e-04,5.03031202e-04,7.54546974e-04
0.00000000e+00,2.81530652e-04,5.63061150e-04,8.44591855e-04
0.00000000e+00,2.52784175e-04,5.05568245e-04,7.58352515e-04
0.00000000e+00,3.33333333e-04,6.66666667e-04,1.00000000e-03
0.00000000e+00,3.08261860e-04,6.16523609e-04,9.24785493e-04
0.00000000e+00,3.33333333e-04,6.66666667e-04,1.00000000e-03
0.00000000e+00,3.33333333e-04,6.66666667e-04,1.00000000e-03
0.00000000e+00,3.09718488e-04,6.19436956e-04,9.29155477e-04
0.00000000e+00,3.08311841e-04,6.16623617e-04,9.24935486e-04
0.00000000e+00,3.33333333e-04,6.66666667e-04,1.00000000e-03
0.00000000e+00,3.09646959e-04,6.19293844e-04,9.28940822e-04
0.00000000e+00,0.00000000e+00,0.00000000e+00,0.00000000e+00
0.00000000e+00,5.80612186e-05,1.16122525e-04,1.74183620e-04
0.00000000e+00,0.00000000e+00,0.00000000e+00,0.00000000e+00
0.00000000e+00,0.00000000e+00,0.00000000e+00,0.00000000e+00
0.00000000e+00,3.33069868e-05,6.66140977e-05,9.99209946e-05
0.00000000e+00,5.63044439e-05,1.12609004e-04,1.68913370e-04
0.00000000e+00,5.80788349e-05,1.16157960e-04,1.74236693e-04
0.00000000e+00,0.00000000e+00,0.00000000e+00,0.00000000e+00
0.00000000e+00,2.76759561e-05,5.53520045e-05,8.30279035e-05
0.00000000e+00,3.32891243e-05,6.65785348e-05,9.98675748e-05
0.00000000e+00,5.62674122e-05,1.12535084e-04,1.68802426e-04
0.00000000e+00,2.76013702e-05,5.52029177e-05,8.28042432e-05
0.00000000e+00,1.11321907e-04,2.22643891e-04,3.33965794e-04
0.00000000e+00,8.45101689e-05,1.69020397e-04,2.53530494e-04
0.00000000e+00,1.10752203e-04,2.21504462e-04,3.32256648e-04
0.00000000e+00,1.11325647e-04,2.22651463e-04,3.33977115e-04
0.00000000e+00,8.31638489e-05,1.66327776e-04,2.49491555e-04
0.00000000e+00,8.45139628e-05,1.69028150e-04,2.53542054e-04
0.00000000e+00,1.10738583e-04,2.21477323e-04,3.32215894e-04
0.00000000e+00,8.31447127e-05,1.66289651e-04,2.49434306e-04
0.00000000e+00,1.66666637e-04,3.33333255e-04,5.00000021e-04
0.00000000e+00,1.38845267e-04,2.77690581e-04,4.16535918e-04
0.00000000e+00,1.66666679e-04,3.33333255e-04,5.00000007e-04
0.00000000e+00,1.66666635e-04,3.33333287e-04,5.00000011e-04
0.00000000e+00,1.38586328e-04,2.77172636e-04,4.15758995e-04
0.00000000e+00,1.38846067e-04,2.77692231e-04,4.16538361e-04
0.00000000e+00,1.66666685e-04,3.33333279e-04,5.00000005e-04
0.00000000e+00,1.38581775e-04,2.77163600e-04,4.15745402e-04
0.00000000e+00,2.22011462e-04,4.44022634e-04,6.66034168e-04
0.00000000e+00,1.94488040e-04,3.88975945e-04,5.83464102e-04
0.00000000e+00,2.22581144e-04,4.45162106e-04,6.67743344e-04
0.00000000e+00,2.22007694e-04,4.44015134e-04,6.66022886e-04
0.00000000e+00,1.94747015e-04,3.89493892e-04,5.84241007e-04
0.00000000e+00,1.94487239e-04,3.88974339e-04,5.83461653e-04
0.00000000e+00,2.22594740e-04,4.45189288e-04,6.67784111e-04
0.00000000e+00,1.94751571e-04,3.89502974e-04,5.84254605e-04
0.00000000e+00,2.75272168e-04,5.50544106e-04,8.25816350e-04
0.00000000e+00,2.48823215e-04,4.97646190e-04,7.46469480e-04
0.00000000e+00,2.77028905e-04,5.54057649e-04,8.31086628e-04
0.00000000e+00,2.75254546e-04,5.50508683e-04,8.25763288e-04
0.00000000e+00,2.50169508e-04,5.00338831e-04,7.50508429e-04
0.00000000e+00,2.48819386e-04,4.97638484e-04,7.46457938e-04
0.00000000e+00,2.77065934e-04,5.54131573e-04,8.31197568e-04
0.00000000e+00,2.50188609e-04,5.00376995e-04,7.50565695e-04
0.00000000e+00,3.33333333e-04,6.66666667e-04,1.00000000e-03
0.00000000e+00,3.00026368e-04,6.00052575e-04,9.00078993e-04
0.00000000e+00,3.33333333e-04,6.66666667e-04,1.00000000e-03
0.00000000e+00,3.33333333e-04,6.66666667e-04,1.00000000e-03
0.00000000e+00,3.05657387e-04,6.11314665e-04,9.16972088e-04
0.00000000e+00,3.00044225e-04,6.00088156e-04,9.00132414e-04
0.00000000e+00,3.33333333e-04,6.66666667e-04,1.00000000e-03
0.00000000e+00,3.05731969e-04,6.11463760e-04,9.17195747e-04
0.00000000e+00,0.00000000e+00,0.00000000e+00,0.00000000e+00
0.00000000e+00,4.80174993e-05,9.60350233e-05,1.44052529e-04
0.00000000e+00,0.00000000e+00,0.00000000e+00,0.00000000e+00
0.00000000e+00,0.00000000e+00,0.00000000e+00,0.00000000e+00
0.00000000e+00,2.17336350e-05,4.34672862e-05,6.52009249e-05
0.00000000e+00,4.74559692e-05,9.49119288e-05,1.42367889e-04
0.00000000e+00,4.80442850e-05,9.60887132e-05,1.44133009e-04
0.00000000e+00,0.00000000e+00,0.00000000e+00,0.00000000e+00
0.00000000e+00,2.15072617e-05,4.30145118e-05,6.45217683e-05
0.00000000e+00,2.17421684e-05,4.34844056e-05,6.52265809e-05
0.00000000e+00,4.74977884e-05,9.49955968e-05,1.42493370e-04
0.00000000e+00,2.15218662e-05,4.30437441e-05,6.45656022e-05
0.00000000e+00,1.06682951e-04,2.13365789e-04,3.20048693e-04
0.00000000e+00,7.68677597e-05,1.53735523e-04,2.30603266e-04
0.00000000e+00,1.06105877e-04,2.12211609e-04,3.18317427e-04
0.00000000e+00,1.06708570e-04,2.13417125e-04,3.20125669e-04
0.00000000e+00,7.61678570e-05,1.52335655e-04,2.28503481e-04
0.00000000e+00,7.69004466e-05,1.53800947e-04,2.30701384e-04
0.00000000e+00,1.06151569e-04,2.12303023e-04,3.18454534e-04
0.00000000e+00,7.62218436e-05,1.52443680e-04,2.28665492e-04
0.00000000e+00,1.66666756e-04,3.33333241e-04,4.99999968e-04
0.00000000e+00,1.36661232e-04,2.73322244e-04,4.09983422e-04
0.00000000e+00,1.66666773e-04,3.33333231e-04,4.99999956e-04
0.00000000e+00,1.66666750e-04,3.33333250e-04,4.99999981e-04
0.00000000e+00,1.36350731e-04,2.72701184e-04,4.09051841e-04
0.00000000e+00,1.36674647e-04,2.73349130e-04,4.10023731e-04
0.00000000e+00,1.66666771e-04,3.33333235e-04,4.99999960e-04
0.00000000e+00,1.36375617e-04,2.72750987e-04,4.09126533e-04
0.00000000e+00,2.26650484e-04,4.53300741e-04,6.79951262e-04
0.00000000e+00,1.96672257e-04,3.93344252e-04,5.90016517e-04
0.00000000e+00,2.27227580e-04,4.54454908e-04,6.81682512e-04
0.00000000e+00,2.26624857e-04,4.53249399e-04,6.79874309e-04
0.00000000e+00,1.96982797e-04,3.93965285e-04,5.90948074e-04
0.00000000e+00,1.96658829e-04,3.93317382e-04,5.89976229e-04
0.00000000e+00,2.27181880e-04,4.54363498e-04,6.81545418e-04
0.00000000e+00,1.96957903e-04,3.93915493e-04,5.90873397e-04
0.00000000e+00,2.85315826e-04,5.70631600e-04,8.55947474e-04
0.00000000e+00,2.56465619e-04,5.12931051e-04,7.69396712e-04
0.00000000e+00,2.85877378e-04,5.71754671e-04,8.57632094e-04
0.00000000e+00,2.85289041e-04,5.70577898e-04,8.55866974e-04
0.00000000e+00,2.57165534e-04,5.14330899e-04,7.71496484e-04
0.00000000e+00,2.56432937e-04,5.12865588e-04,7.69298586e-04
0.00000000e+00,2.85835552e-04,5.71671003e-04,8.57506607e-04
0.00000000e+00,2.57111531e-04,5.14222881e-04,7.71334475e-04
0.00000000e+00,3.33333333e-04,6.66666667e-04,1.00000000e-03
0.00000000e+00,3.11599683e-04,6.23199374e-04,9.34799080e-04
0.00000000e+00,3.33333333e-04,6.66666667e-04,1.00000000e-03
0.00000000e+00,3.33333333e-04,6.66666667e-04,1.00000000e-03
0.00000000e+00,3.11826074e-04,6.23652128e-04,9.35478223e-04
0.00000000e+00,3.11591110e-04,6.23182290e-04,9.34773436e-04
0.00000000e+00,3.33333333e-04,6.66666667e-04,1.00000000e-03
0.00000000e+00,3.11811459e-04,6.23622909e-04,9.35434393e-04
0.00000000e+00,0.00000000e+00,0.00000000e+00,0.00000000e+00
0.00000000e+00,4.98507360e-05,9.97014842e-05,1.49552216e-04
0.00000000e+00,0.00000000e+00,0.00000000e+00,0.00000000e+00
0.00000000e+00,0.00000000e+00,0.00000000e+00,0.00000000e+00
0.00000000e+00,2.25837677e-05,4.51675413e-05,6.77513077e-05
0.00000000e+00,4.87918874e-05,9.75838279e-05,1.46375725e-04
0.00000000e+00,4.97877779e-05,9.95756572e-05,1.49363416e-04
0.00000000e+00,0.00000000e+00,0.00000000e+00,0.00000000e+00
0.00000000e+00,2.20669054e-05,4.41338315e-05,6.62007418e-05
0.00000000e+00,2.25468484e-05,4.50937574e-05,6.76405990e-05
0.00000000e+00,4.87866932e-05,9.75734954e-05,1.46360186e-04
0.00000000e+00,2.20600598e-05,4.41201801e-05,6.61802400e-05
0.00000000e+00,1.08147679e-04,2.16295242e-04,3.24442872e-04
0.00000000e+00,7.88624697e-05,1.57724908e-04,2.36587345e-04
0.00000000e+00,1.07368842e-04,2.14737576e-04,3.22106368e-04
0.00000000e+00,1.08104744e-04,2.16209472e-04,3.24314185e-04
0.00000000e+00,7.77595265e-05,1.55519059e-04,2.33278568e-04
0.00000000e+00,7.88026002e-05,1.57605259e-04,2.36407830e-04
0.00000000e+00,1.07364898e-04,2.14729772e-04,3.22094637e-04
0.00000000e+00,7.77545549e-05,1.55509187e-04,2.33263723e-04
0.00000000e+00,1.66666722e-04,3.33333253e-04,4.99999980e-04
0.00000000e+00,1.37405505e-04,2.74810820e-04,4.12216289e-04
0.00000000e+00,1.66666735e-04,3.33333245e-04,4.99999976e-04
0.00000000e+00,1.66666715e-04,3.33333261e-04,4.99999981e-04
0.00000000e+00,1.37016560e-04,2.74032926e-04,4.11049447e-04
0.00000000e+00,1.37384872e-04,2.74769624e-04,4.12154470e-04
0.00000000e+00,1.66666739e-04,3.33333252e-04,4.99999979e-04
0.00000000e+00,1.37014393e-04,2.74028631e-04,4.11042986e-04
0.00000000e+00,2.25185728e-04,4.50371325e-04,6.75557097e-04
0.00000000e+00,1.95927920e-04,3.91855714e-04,5.87783673e-04
0.00000000e+00,2.25964578e-04,4.51928975e-04,6.77893593e-04
0.00000000e+00,2.25228634e-04,4.50457101e-04,6.75685804e-04
0.00000000e+00,1.96316889e-04,3.92633594e-04,5.88950514e-04
0.00000000e+00,1.95948545e-04,3.91896913e-04,5.87845503e-04
0.00000000e+00,2.25968507e-04,4.51936780e-04,6.77905342e-04
0.00000000e+00,1.96319062e-04,3.92637886e-04,5.88956978e-04
0.00000000e+00,2.83482565e-04,5.66965181e-04,8.50447812e-04
0.00000000e+00,2.54470900e-04,5.08941695e-04,7.63412648e-04
0.00000000e+00,2.84541402e-04,5.69082841e-04,8.53624307e-04
0.00000000e+00,2.83545531e-04,5.67090999e-04,8.50636593e-04
0.00000000e+00,2.55573842e-04,5.11147532e-04,7.66721422e-04
0.00000000e+00,2.54530733e-04,5.09061360e-04,7.63592175e-04
0.00000000e+00,2.84546611e-04,5.69093149e-04,8.53639819e-04
0.00000000e+00,2.55578795e-04,5.11157409e-04,7.66736269e-04
0.00000000e+00,3.33333333e-04,6.66666667e-04,1.00000000e-03
0.00000000e+00,3.10749556e-04,6.21499120e-04,9.32248700e-04
0.00000000e+00,3.33333333e-04,6.66666667e-04,1.00000000e-03
0.00000000e+00,3.33333333e-04,6.66666667e-04,1.00000000e-03
0.00000000e+00,3.11266383e-04,6.22532851e-04,9.33799278e-04
0.00000000e+00,3.10786427e-04,6.21572943e-04,9.32359425e-04
0.00000000e+00,3.33333333e-04,6.66666667e-04,1.00000000e-03
0.00000000e+00,3.11273241e-04,6.22546497e-04,9.33819772e-04
0.00000000e+00,0.00000000e+00,0.00000000e+00,0.00000000e+00
0.00000000e+00,5.33222426e-05,1.06644383e-04,1.59966572e-04
0.00000000e+00,0.00000000e+00,0.00000000e+00,0.00000000e+00
0.00000000e+00,0.00000000e+00,0.00000000e+00,0.00000000e+00
0.00000000e+00,2.48358971e-05,4.96717325e-05,7.45075947e-05
0.00000000e+00,5.13336629e-05,1.02667290e-04,1.54000925e-04
0.00000000e+00,5.29731335e-05,1.05946317e-04,1.58919393e-04
0.00000000e+00,0.00000000e+00,0.00000000e+00,0.00000000e+00
0.00000000e+00,2.34087082e-05,4.68173927e-05,7.02260852e-05
0.00000000e+00,2.45981127e-05,4.91962546e-05,7.37943341e-05
0.00000000e+00,5.11696963e-05,1.02339466e-04,1.53509131e-04
0.00000000e+00,2.32993978e-05,4.65988350e-05,6.98982144e-05
0.00000000e+00,1.09802980e-04,2.19605803e-04,3.29408734e-04
0.00000000e+00,8.16811151e-05,1.63362105e-04,2.45043155e-04
0.00000000e+00,1.08984107e-04,2.17968065e-04,3.26952118e-04
0.00000000e+00,1.09677974e-04,2.19355904e-04,3.29033845e-04
0.00000000e+00,8.01798419e-05,1.60359616e-04,2.40539414e-04
0.00000000e+00,8.14698730e-05,1.62939775e-04,2.44409598e-04
0.00000000e+00,1.08903058e-04,2.17806081e-04,3.26709104e-04
0.00000000e+00,8.00448986e-05,1.60089837e-04,2.40134696e-04
0.00000000e+00,1.66666693e-04,3.33333260e-04,4.99999989e-04
0.00000000e+00,1.38218396e-04,2.76436614e-04,4.14654997e-04
0.00000000e+00,1.66666706e-04,3.33333255e-04,4.99999981e-04
0.00000000e+00,1.66666683e-04,3.33333263e-04,4.99999987e-04
0.00000000e+00,1.37810101e-04,2.75620025e-04,4.13430103e-04
0.00000000e+00,1.38161780e-04,2.76323455e-04,4.14485230e-04
0.00000000e+00,1.66666707e-04,3.33333260e-04,4.99999986e-04
0.00000000e+00,1.37770288e-04,2.75540454e-04,4.13310722e-04
0.00000000e+00,2.23530394e-04,4.47060788e-04,6.70591254e-04
0.00000000e+00,1.95114969e-04,3.90229942e-04,5.85344990e-04
0.00000000e+00,2.24349289e-04,4.48698513e-04,6.73047861e-04
0.00000000e+00,2.23655377e-04,4.47310681e-04,6.70966152e-04
0.00000000e+00,1.95523294e-04,3.91046523e-04,5.86569870e-04
0.00000000e+00,1.95171581e-04,3.90343092e-04,5.85514759e-04
0.00000000e+00,2.24430304e-04,4.48860505e-04,6.73290889e-04
0.00000000e+00,1.95563106e-04,3.91126087e-04,5.86689256e-04
0.00000000e+00,2.80011104e-04,5.60022266e-04,8.40033439e-04
0.00000000e+00,2.51652270e-04,5.03304508e-04,7.54956839e-04
0.00000000e+00,2.81999648e-04,5.63999387e-04,8.45999108e-04
0.00000000e+00,2.80360201e-04,5.60720341e-04,8.41080613e-04
0.00000000e+00,2.53153519e-04,5.06307004e-04,7.59460586e-04
0.00000000e+00,2.51863463e-04,5.03726867e-04,7.55590413e-04
0.00000000e+00,2.82163615e-04,5.64327198e-04,8.46490884e-04
0.00000000e+00,2.53288441e-04,5.06576790e-04,7.59865309e-04
0.00000000e+00,3.33333333e-04,6.66666667e-04,1.00000000e-03
0.00000000e+00,3.08497427e-04,6.16994958e-04,9.25492426e-04
0.00000000e+00,3.33333333e-04,6.66666667e-04,1.00000000e-03
0.00000000e+00,3.33333333e-04,6.66666667e-04,1.00000000e-03
0.00000000e+00,3.09924613e-04,6.19849277e-04,9.29773926e-04
0.00000000e+00,3.08735203e-04,6.17470416e-04,9.26205672e-04
0.00000000e+00,3.33333333e-04,6.66666667e-04,1.00000000e-03
0.00000000e+00,3.10033919e-04,6.20067837e-04,9.30101794e-04
0.00000000e+00,0.00000000e+00,0.00000000e+00,0.00000000e+00
0.00000000e+00,5.80909096e-05,1.16181579e-04,1.74272354e-04
0.00000000e+00,0.00000000e+00,0.00000000e+00,0.00000000e+00
0.00000000e+00,0.00000000e+00,0.00000000e+00,0.00000000e+00
0.00000000e+00,3.32829801e-05,6.65658326e-05,9.98486989e-05
0.00000000e+00,5.61352751e-05,1.12270363e-04,1.68405542e-04
0.00000000e+00,5.81344234e-05,1.16268812e-04,1.74403114e-04
0.00000000e+00,0.00000000e+00,0.00000000e+00,0.00000000e+00
0.00000000e+00,2.74346591e-05,5.48692272e-05,8.23038229e-05
0.00000000e+00,3.32445543e-05,6.64891229e-05,9.97335777e-05
0.00000000e+00,5.59475523e-05,1.11895108e-04,1.67842577e-04
0.00000000e+00,2.71575740e-05,5.43151612e-05,8.14726788e-05
0.00000000e+00,1.11325544e-04,2.22650905e-04,3.33976415e-04
0.00000000e+00,8.45070465e-05,1.69013771e-04,2.53520706e-04
0.00000000e+00,1.10702084e-04,2.21403986e-04,3.32106022e-04
0.00000000e+00,1.11332585e-04,2.22665109e-04,3.33997676e-04
0.00000000e+00,8.30766148e-05,1.66153028e-04,2.49229561e-04
0.00000000e+00,8.45077855e-05,1.69015492e-04,2.53523193e-04
0.00000000e+00,1.10643382e-04,2.21286716e-04,3.31930075e-04
0.00000000e+00,8.29793088e-05,1.65958598e-04,2.48937841e-04
0.00000000e+00,1.66666630e-04,3.33333276e-04,5.00000010e-04
0.00000000e+00,1.38845142e-04,2.77690243e-04,4.16535432e-04
0.00000000e+00,1.66666672e-04,3.33333262e-04,4.99999996e-04
0.00000000e+00,1.66666623e-04,3.33333275e-04,5.00000017e-04
0.00000000e+00,1.38566592e-04,2.77133064e-04,4.15699671e-04
0.00000000e+00,1.38845803e-04,2.77691630e-04,4.16537499e-04
0.00000000e+00,1.66666660e-04,3.33333266e-04,5.00000002e-04
0.00000000e+00,1.38544028e-04,2.77087987e-04,4.15632037e-04
0.00000000e+00,2.22007813e-04,4.44015659e-04,6.66023581e-04
0.00000000e+00,1.94488133e-04,3.88976341e-04,5.83464589e-04
0.00000000e+00,2.22631286e-04,4.45262598e-04,6.67893970e-04
0.00000000e+00,2.22000770e-04,4.44001441e-04,6.66002322e-04
0.00000000e+00,1.94766739e-04,3.89533497e-04,5.84300328e-04
0.00000000e+00,1.94487474e-04,3.88974918e-04,5.83462525e-04
0.00000000e+00,2.22689954e-04,4.45379870e-04,6.68069934e-04
0.00000000e+00,1.94789299e-04,3.89578558e-04,5.84367965e-04
0.00000000e+00,2.75242519e-04,5.50485044e-04,8.25727618e-04
0.00000000e+00,2.48826373e-04,4.97652790e-04,7.46479265e-04
0.00000000e+00,2.77198101e-04,5.54396280e-04,8.31594458e-04
0.00000000e+00,2.75198961e-04,5.50397833e-04,8.25596869e-04
0.00000000e+00,2.50256780e-04,5.00513570e-04,7.50770427e-04
0.00000000e+00,2.48825610e-04,4.97651091e-04,7.46476788e-04
0.00000000e+00,2.77385804e-04,5.54771543e-04,8.32157421e-04
0.00000000e+00,2.50354057e-04,5.00708015e-04,7.51062156e-04
0.00000000e+00,3.33333333e-04,6.66666667e-04,1.00000000e-03
0.00000000e+00,3.00050398e-04,6.00100869e-04,9.00151292e-04
0.00000000e+00,3.33333333e-04,6.66666667e-04,1.00000000e-03
0.00000000e+00,3.33333333e-04,6.66666667e-04,1.00000000e-03
0.00000000e+00,3.05898697e-04,6.11797445e-04,9.17696175e-04
0.00000000e+00,3.00088791e-04,6.00177572e-04,9.00266417e-04
0.00000000e+00,3.33333333e-04,6.66666667e-04,1.00000000e-03
0.00000000e+00,3.06175771e-04,6.12351505e-04,9.18527318e-04
0.00000000e+00,0.00000000e+00,0.00000000e+00,0.00000000e+00
0.00000000e+00,4.82809886e-05,9.65619414e-05,1.44842943e-04
0.00000000e+00,0.00000000e+00,0.00000000e+00,0.00000000e+00
0.00000000e+00,0.00000000e+00,0.00000000e+00,0.00000000e+00
0.00000000e+00,2.18434376e-05,4.36868515e-05,6.55302989e-05
0.00000000e+00,4.76831455e-05,9.53662233e-05,1.43049359e-04
0.00000000e+00,4.80443225e-05,9.60886645e-05,1.44133013e-04
0.00000000e+00,0.00000000e+00,0.00000000e+00,0.00000000e+00
0.00000000e+00,2.15959657e-05,4.31918881e-05,6.47878517e-05
0.00000000e+00,2.17421886e-05,4.34843807e-05,6.52265828e-05
0.00000000e+00,4.74978092e-05,9.49955679e-05,1.42493370e-04
0.00000000e+00,2.15218785e-05,4.30437279e-05,6.45656041e-05
0.00000000e+00,1.06929682e-04,2.13859171e-04,3.20788795e-04
0.00000000e+00,7.71807493e-05,1.54361379e-04,2.31542092e-04
0.00000000e+00,1.06347471e-04,2.12694706e-04,3.19042102e-04
0.00000000e+00,1.06708600e-04,2.13417098e-04,3.20125660e-04
0.00000000e+00,7.64563000e-05,1.52912447e-04,2.29368704e-04
0.00000000e+00,7.69004796e-05,1.53800907e-04,2.30701380e-04
0.00000000e+00,1.06151591e-04,2.12302996e-04,3.18454524e-04
0.00000000e+00,7.62218666e-05,1.52443649e-04,2.28665487e-04
0.00000000e+00,1.66666794e-04,3.33333230e-04,4.99999945e-04
0.00000000e+00,1.36790668e-04,2.73581003e-04,4.10371581e-04
0.00000000e+00,1.66666799e-04,3.33333218e-04,4.99999932e-04
0.00000000e+00,1.66666767e-04,3.33333236e-04,4.99999963e-04
0.00000000e+00,1.36481964e-04,2.72963561e-04,4.09445422e-04
0.00000000e+00,1.36674677e-04,2.73349096e-04,4.10023717e-04
0.00000000e+00,1.66666785e-04,3.33333223e-04,4.99999946e-04
0.00000000e+00,1.36375638e-04,2.72750963e-04,4.09126518e-04
0.00000000e+00,2.26403749e-04,4.52807379e-04,6.79211150e-04
0.00000000e+00,1.96542863e-04,3.93085483e-04,5.89628317e-04
0.00000000e+00,2.26985987e-04,4.53971822e-04,6.80957824e-04
0.00000000e+00,2.26624830e-04,4.53249437e-04,6.79874294e-04
0.00000000e+00,1.96851591e-04,3.93702895e-04,5.90554460e-04
0.00000000e+00,1.96658826e-04,3.93317396e-04,5.89976214e-04
0.00000000e+00,2.27181870e-04,4.54363518e-04,6.81545407e-04
0.00000000e+00,1.96957901e-04,3.93915501e-04,5.90873384e-04
0.00000000e+00,2.85052331e-04,5.70104687e-04,8.55157056e-04
0.00000000e+00,2.56152613e-04,5.12305229e-04,7.68457883e-04
0.00000000e+00,2.85650188e-04,5.71300402e-04,8.56950628e-04
0.00000000e+00,2.85289025e-04,5.70577937e-04,8.55866986e-04
0.00000000e+00,2.56877084e-04,5.13754137e-04,7.70631261e-04
0.00000000e+00,2.56432930e-04,5.12865635e-04,7.69298595e-04
0.00000000e+00,2.85835546e-04,5.71671032e-04,8.57506614e-04
0.00000000e+00,2.57111522e-04,5.14222916e-04,7.71334480e-04
0.00000000e+00,3.33333333e-04,6.66666667e-04,1.00000000e-03
0.00000000e+00,3.11489852e-04,6.22979833e-04,9.34469716e-04
0.00000000e+00,3.33333333e-04,6.66666667e-04,1.00000000e-03
0.00000000e+00,3.33333333e-04,6.66666667e-04,1.00000000e-03
0.00000000e+00,3.11737362e-04,6.23474761e-04,9.35212144e-04
0.00000000e+00,3.11591094e-04,6.23182300e-04,9.34773439e-04
0.00000000e+00,3.33333333e-04,6.66666667e-04,1.00000000e-03
0.00000000e+00,3.11811456e-04,6.23622916e-04,9.35434389e-04
0.00000000e+00,0.00000000e+00,0.00000000e+00,0.00000000e+00
0.00000000e+00,5.01776034e-05,1.00355050e-04,1.50532630e-04
0.00000000e+00,0.00000000e+00,0.00000000e+00,0.00000000e+00
0.00000000e+00,0.00000000e+00,0.00000000e+00,0.00000000e+00
0.00000000e+00,2.27518547e-05,4.55036208e-05,6.82554719e-05
0.00000000e+00,4.90899906e-05,9.81798978e-05,1.47269884e-04
0.00000000e+00,4.97878343e-05,9.95755881e-05,1.49363420e-04
0.00000000e+00,0.00000000e+00,0.00000000e+00,0.00000000e+00
0.00000000e+00,2.22034543e-05,4.44068591e-05,6.66103164e-05
0.00000000e+00,2.25468828e-05,4.50937171e-05,6.76406026e-05
0.00000000e+00,4.87867325e-05,9.75734447e-05,1.46360188e-04
0.00000000e+00,2.20600846e-05,4.41201498e-05,6.61802429e-05
0.00000000e+00,1.08353414e-04,2.16706543e-04,3.25059886e-04
0.00000000e+00,7.91732103e-05,1.58346202e-04,2.37519354e-04
0.00000000e+00,1.07604135e-04,2.15208034e-04,3.22812101e-04
0.00000000e+00,1.08104802e-04,2.16209419e-04,3.24314166e-04
0.00000000e+00,7.80822369e-05,1.56164329e-04,2.34246528e-04
0.00000000e+00,7.88026500e-05,1.57605203e-04,2.36407821e-04
0.00000000e+00,1.07364941e-04,2.14729731e-04,3.22094623e-04
0.00000000e+00,7.77545975e-05,1.55509138e-04,2.33263716e-04
0.00000000e+00,1.66666751e-04,3.33333254e-04,4.99999952e-04
0.00000000e+00,1.37505965e-04,2.75011617e-04,4.12517506e-04
0.00000000e+00,1.66666773e-04,3.33333242e-04,4.99999948e-04
0.00000000e+00,1.66666731e-04,3.33333255e-04,4.99999972e-04
0.00000000e+00,1.37135524e-04,2.74270731e-04,4.11406175e-04
0.00000000e+00,1.37384914e-04,2.74769586e-04,4.12154456e-04
0.00000000e+00,1.66666753e-04,3.33333245e-04,4.99999966e-04
0.00000000e+00,1.37014425e-04,2.74028600e-04,4.11042971e-04
0.00000000e+00,2.24980005e-04,4.49960038e-04,6.74940075e-04
0.00000000e+00,1.95827513e-04,3.91654915e-04,5.87482414e-04
0.00000000e+00,2.25729294e-04,4.51458534e-04,6.77187847e-04
0.00000000e+00,2.25228618e-04,4.50457144e-04,6.75685791e-04
0.00000000e+00,1.96197981e-04,3.92395779e-04,5.88593737e-04
0.00000000e+00,1.95948543e-04,3.91896937e-04,5.87845489e-04
0.00000000e+00,2.25968487e-04,4.51936820e-04,6.77905332e-04
0.00000000e+00,1.96319058e-04,3.92637907e-04,5.88956965e-04
0.00000000e+00,2.83155724e-04,5.66311588e-04,8.49467363e-04
0.00000000e+00,2.54160144e-04,5.08320426e-04,7.62480626e-04
0.00000000e+00,2.84243320e-04,5.68486748e-04,8.52730116e-04
0.00000000e+00,2.83545533e-04,5.67091009e-04,8.50636566e-04
0.00000000e+00,2.55251115e-04,5.10502290e-04,7.65753455e-04
0.00000000e+00,2.54530738e-04,5.09061387e-04,7.63592158e-04
0.00000000e+00,2.84546601e-04,5.69093176e-04,8.53639813e-04
0.00000000e+00,2.55578779e-04,5.11157449e-04,7.66736266e-04
0.00000000e+00,3.33333333e-04,6.66666667e-04,1.00000000e-03
0.00000000e+00,3.10581453e-04,6.21163047e-04,9.31744530e-04
0.00000000e+00,3.33333333e-04,6.66666667e-04,1.00000000e-03
0.00000000e+00,3.33333333e-04,6.66666667e-04,1.00000000e-03
0.00000000e+00,3.11129860e-04,6.22259803e-04,9.33389685e-04
0.00000000e+00,3.10786422e-04,6.21572952e-04,9.32359412e-04
0.00000000e+00,3.33333333e-04,6.66666667e-04,1.00000000e-03
0.00000000e+00,3.11273231e-04,6.22546508e-04,9.33819764e-04
0.00000000e+00,0.00000000e+00,0.00000000e+00,0.00000000e+00
0.00000000e+00,5.36366106e-05,1.07272864e-04,1.60909382e-04
0.00000000e+00,0.00000000e+00,0.00000000e+00,0.00000000e+00
0.00000000e+00,0.00000000e+00,0.00000000e+00,0.00000000e+00
0.00000000e+00,2.50715786e-05,5.01429602e-05,7.52144917e-05
0.00000000e+00,5.16702624e-05,1.03340289e-04,1.55010498e-04
0.00000000e+00,5.29732173e-05,1.05946231e-04,1.58919390e-04
0.00000000e+00,0.00000000e+00,0.00000000e+00,0.00000000e+00
0.00000000e+00,2.36148929e-05,4.72296532e-05,7.08445232e-05
0.00000000e+00,2.45981717e-05,4.91962002e-05,7.37943370e-05
0.00000000e+00,5.11697624e-05,1.02339396e-04,1.53509130e-04
0.00000000e+00,2.32994374e-05,4.65987925e-05,6.98982168e-05
0.00000000e+00,1.09909822e-04,2.19819257e-04,3.29728989e-04
0.00000000e+00,8.18651488e-05,1.63729882e-04,2.45594919e-04
0.00000000e+00,1.09142491e-04,2.18284653e-04,3.27427063e-04
0.00000000e+00,1.09678052e-04,2.19355839e-04,3.29033825e-04
0.00000000e+00,8.04474089e-05,1.60894501e-04,2.41341826e-04
0.00000000e+00,8.14699586e-05,1.62939691e-04,2.44409581e-04
0.00000000e+00,1.08903123e-04,2.17806025e-04,3.26709084e-04
0.00000000e+00,8.00449665e-05,1.60089768e-04,2.40134684e-04
0.00000000e+00,1.66666712e-04,3.33333268e-04,4.99999960e-04
0.00000000e+00,1.38266577e-04,2.76532863e-04,4.14799385e-04
0.00000000e+00,1.66666732e-04,3.33333262e-04,4.99999956e-04
0.00000000e+00,1.66666699e-04,3.33333265e-04,4.99999976e-04
0.00000000e+00,1.37886658e-04,2.75773000e-04,4.13659585e-04
0.00000000e+00,1.38161828e-04,2.76323418e-04,4.14485217e-04
0.00000000e+00,1.66666718e-04,3.33333261e-04,4.99999971e-04
0.00000000e+00,1.37770330e-04,2.75540419e-04,4.13310708e-04
0.00000000e+00,2.23423583e-04,4.46847336e-04,6.70270971e-04
0.00000000e+00,1.95066833e-04,3.90133695e-04,5.85200551e-04
0.00000000e+00,2.24190920e-04,4.48381934e-04,6.72572891e-04
0.00000000e+00,2.23655357e-04,4.47310739e-04,6.70966141e-04
0.00000000e+00,1.95446792e-04,3.90893549e-04,5.86340342e-04
0.00000000e+00,1.95171575e-04,3.90343132e-04,5.85514745e-04
0.00000000e+00,2.24430282e-04,4.48860557e-04,6.73290880e-04
0.00000000e+00,1.95563102e-04,3.91126120e-04,5.86689243e-04
0.00000000e+00,2.79696766e-04,5.59393766e-04,8.39090604e-04
0.00000000e+00,2.51468243e-04,5.02936737e-04,7.54405051e-04
0.00000000e+00,2.81663082e-04,5.63326351e-04,8.44989490e-04
0.00000000e+00,2.80360155e-04,5.60720393e-04,8.41080596e-04
0.00000000e+00,2.52885946e-04,5.05772140e-04,7.58658157e-04
0.00000000e+00,2.51863456e-04,5.03726896e-04,7.55590392e-04
0.00000000e+00,2.82163583e-04,5.64327236e-04,8.46490867e-04
0.00000000e+00,2.53288425e-04,5.06576830e-04,7.59865296e-04
0.00000000e+00,3.33333333e-04,6.66666667e-04,1.00000000e-03
0.00000000e+00,3.08261765e-04,6.16523698e-04,9.24785505e-04
0.00000000e+00,3.33333333e-04,6.66666667e-04,1.00000000e-03
0.00000000e+00,3.33333333e-04,6.66666667e-04,1.00000000e-03
0.00000000e+00,3.09718443e-04,6.19436999e-04,9.29155471e-04
0.00000000e+00,3.08735171e-04,6.17470457e-04,9.26205664e-04
0.00000000e+00,3.33333333e-04,6.66666667e-04,1.00000000e-03
0.00000000e+00,3.10033901e-04,6.20067857e-04,9.30101783e-04
0.00000000e+00,0.00000000e+00,0.00000000e+00,0.00000000e+00
0.00000000e+00,5.80614769e-05,1.16122306e-04,1.74183567e-04
0.00000000e+00,0.00000000e+00,0.00000000e+00,0.00000000e+00
0.00000000e+00,0.00000000e+00,0.00000000e+00,0.00000000e+00
0.00000000e+00,3.33071677e-05,6.66139392e-05,9.99209599e-05
0.00000000e+00,5.63046501e-05,1.12608821e-04,1.68913330e-04
0.00000000e+00,5.81345702e-05,1.16268683e-04,1.74403094e-04
0.00000000e+00,0.00000000e+00,0.00000000e+00,0.00000000e+00
0.00000000e+00,2.76760834e-05,5.53518892e-05,8.30278862e-05
0.00000000e+00,3.32446676e-05,6.64890312e-05,9.97335669e-05
0.00000000e+00,5.59476698e-05,1.11895002e-04,1.67842568e-04
0.00000000e+00,2.71576469e-05,5.43150979e-05,8.14726760e-05
0.00000000e+00,1.11322116e-04,2.22643709e-04,3.33965734e-04
0.00000000e+00,8.45104345e-05,1.69020174e-04,2.53530430e-04
0.00000000e+00,1.10752376e-04,2.21504312e-04,3.32256592e-04
0.00000000e+00,1.11332683e-04,2.22665026e-04,3.33997650e-04
0.00000000e+00,8.31640793e-05,1.66327577e-04,2.49491505e-04
0.00000000e+00,8.45079220e-05,1.69015367e-04,2.53523162e-04
0.00000000e+00,1.10643479e-04,2.21286640e-04,3.31930049e-04
0.00000000e+00,8.29794170e-05,1.65958497e-04,2.48937818e-04
0.00000000e+00,1.66666626e-04,3.33333302e-04,4.99999983e-04
0.00000000e+00,1.38845364e-04,2.77690512e-04,4.16535866e-04
0.00000000e+00,1.66666671e-04,3.33333283e-04,4.99999967e-04
0.00000000e+00,1.66666636e-04,3.33333286e-04,5.00000002e-04
0.00000000e+00,1.38586418e-04,2.77172570e-04,4.15758949e-04
0.00000000e+00,1.38845870e-04,2.77691587e-04,4.16537481e-04
0.00000000e+00,1.66666669e-04,3.33333275e-04,4.99999989e-04
0.00000000e+00,1.38544077e-04,2.77087952e-04,4.15632021e-04
0.00000000e+00,2.22011298e-04,4.44022831e-04,6.66034217e-04
0.00000000e+00,1.94487947e-04,3.88976062e-04,5.83464089e-04
0.00000000e+00,2.22581030e-04,4.45162262e-04,6.67743354e-04
0.00000000e+00,2.22000707e-04,4.44001520e-04,6.66002316e-04
0.00000000e+00,1.94746945e-04,3.89493998e-04,5.84240996e-04
0.00000000e+00,1.94487450e-04,3.88974973e-04,5.83462511e-04
0.00000000e+00,2.22689925e-04,4.45379934e-04,6.68069916e-04
0.00000000e+00,1.94789289e-04,3.89578602e-04,5.84367951e-04
0.00000000e+00,2.75271974e-04,5.50544326e-04,8.25816395e-04
0.00000000e+00,2.48823017e-04,4.97646409e-04,7.46469516e-04
0.00000000e+00,2.77028750e-04,5.54057813e-04,8.31086646e-04
0.00000000e+00,2.75198901e-04,5.50397920e-04,8.25596860e-04
0.00000000e+00,2.50169345e-04,5.00339027e-04,7.50508455e-04
0.00000000e+00,2.48825548e-04,4.97651171e-04,7.46476786e-04
0.00000000e+00,2.77385754e-04,5.54771603e-04,8.32157404e-04
0.00000000e+00,2.50354015e-04,5.00708078e-04,7.51062145e-04
0.00000000e+00,3.33333333e-04,6.66666667e-04,1.00000000e-03
0.00000000e+00,3.00026210e-04,6.00052746e-04,9.00079034e-04
0.00000000e+00,3.33333333e-04,6.66666667e-04,1.00000000e-03
0.00000000e+00,3.33333333e-04,6.66666667e-04,1.00000000e-03
0.00000000e+00,3.05657291e-04,6.11314768e-04,9.16972102e-04
0.00000000e+00,3.00088753e-04,6.00177626e-04,9.00266413e-04
0.00000000e+00,3.33333333e-04,6.66666667e-04,1.00000000e-03
0.00000000e+00,3.06175734e-04,6.12351549e-04,9.18527312e-04
0.00000000e+00,0.00000000e+00,0.00000000e+00,0.00000000e+00
0.00000000e+00,4.91146792e-05,9.82292534e-05,1.47343893e-04
0.00000000e+00,0.00000000e+00,0.00000000e+00,0.00000000e+00
0.00000000e+00,0.00000000e+00,0.00000000e+00,0.00000000e+00
0.00000000e+00,2.22138895e-05,4.44277127e-05,6.66415825e-05
0.00000000e+00,4.84248621e-05,9.68496462e-05,1.45274474e-04
0.00000000e+00,4.85731176e-05,9.71461757e-05,1.45719282e-04
0.00000000e+00,0.00000000e+00,0.00000000e+00,0.00000000e+00
0.00000000e+00,2.19028310e-05,4.38056147e-05,6.57084297e-05
0.00000000e+00,2.19667371e-05,4.39334388e-05,6.59001754e-05
0.00000000e+00,4.79625145e-05,9.59249511e-05,1.43887445e-04
0.00000000e+00,2.17065034e-05,4.34129593e-05,6.51194554e-05
0.00000000e+00,1.07624088e-04,2.15247867e-04,3.22871844e-04
0.00000000e+00,7.81097474e-05,1.56219296e-04,2.34328970e-04
0.00000000e+00,1.07055923e-04,2.14111549e-04,3.21167364e-04
0.00000000e+00,1.07186334e-04,2.14372395e-04,3.21558637e-04
0.00000000e+00,7.73460021e-05,1.54691840e-04,2.32037776e-04
0.00000000e+00,7.75165364e-05,1.55032907e-04,2.32549390e-04
0.00000000e+00,1.06628456e-04,2.13256624e-04,3.19884985e-04
0.00000000e+00,7.68010901e-05,1.53602010e-04,2.30403042e-04
0.00000000e+00,1.66666811e-04,3.33333225e-04,4.99999924e-04
0.00000000e+00,1.37145512e-04,2.74290596e-04,4.11435971e-04
0.00000000e+00,1.66666819e-04,3.33333215e-04,4.99999916e-04
0.00000000e+00,1.66666808e-04,3.33333224e-04,4.99999924e-04
0.00000000e+00,1.36855918e-04,2.73711391e-04,4.10567170e-04
0.00000000e+00,1.36923237e-04,2.73846073e-04,4.10769190e-04
0.00000000e+00,1.66666817e-04,3.33333212e-04,4.99999919e-04
0.00000000e+00,1.36632090e-04,2.73263753e-04,4.09895715e-04
0.00000000e+00,2.25709327e-04,4.51418734e-04,6.77128088e-04
0.00000000e+00,1.96188043e-04,3.92375910e-04,5.88563900e-04
0.00000000e+00,2.26277514e-04,4.52555032e-04,6.78832561e-04
0.00000000e+00,2.26147110e-04,4.52294175e-04,6.78441299e-04
0.00000000e+00,1.96477665e-04,3.92955085e-04,5.89432692e-04
0.00000000e+00,1.96410318e-04,3.92820412e-04,5.89230687e-04
0.00000000e+00,2.26704999e-04,4.53409926e-04,6.80114938e-04
0.00000000e+00,1.96701493e-04,3.93402697e-04,5.90104143e-04
0.00000000e+00,2.84218679e-04,5.68437382e-04,8.52656070e-04
0.00000000e+00,2.55223573e-04,5.10447379e-04,7.65671004e-04
0.00000000e+00,2.84908467e-04,5.69817013e-04,8.54725504e-04
0.00000000e+00,2.84760185e-04,5.69520484e-04,8.54280703e-04
0.00000000e+00,2.55987311e-04,5.11974835e-04,7.67962203e-04
0.00000000e+00,2.55816794e-04,5.11633741e-04,7.67450588e-04
0.00000000e+00,2.85370795e-04,5.70741708e-04,8.56112544e-04
0.00000000e+00,2.56532258e-04,5.13064618e-04,7.69596927e-04
0.00000000e+00,3.33333333e-04,6.66666667e-04,1.00000000e-03
0.00000000e+00,3.11119430e-04,6.22238957e-04,9.33358413e-04
0.00000000e+00,3.33333333e-04,6.66666667e-04,1.00000000e-03
0.00000000e+00,3.33333333e-04,6.66666667e-04,1.00000000e-03
0.00000000e+00,3.11430496e-04,6.22861049e-04,9.34291561e-04
0.00000000e+00,3.11366560e-04,6.22733238e-04,9.34099826e-04
0.00000000e+00,3.33333333e-04,6.66666667e-04,1.00000000e-03
0.00000000e+00,3.11626821e-04,6.23253699e-04,9.34880537e-04
0.00000000e+00,0.00000000e+00,0.00000000e+00,0.00000000e+00
0.00000000e+00,5.11505717e-05,1.02300878e-04,1.53451369e-04
0.00000000e+00,0.00000000e+00,0.00000000e+00,0.00000000e+00
0.00000000e+00,0.00000000e+00,0.00000000e+00,0.00000000e+00
0.00000000e+00,2.32899548e-05,4.65797766e-05,6.98696946e-05
0.00000000e+00,5.00066618e-05,1.00013148e-04,1.50019752e-04
0.00000000e+00,5.04172572e-05,1.00834312e-04,1.51251519e-04
0.00000000e+00,0.00000000e+00,0.00000000e+00,0.00000000e+00
0.00000000e+00,2.26540919e-05,4.53080884e-05,6.79621537e-05
0.00000000e+00,2.28736484e-05,4.57472017e-05,6.86208337e-05
0.00000000e+00,4.93728000e-05,9.87454805e-05,1.48118252e-04
0.00000000e+00,2.23323694e-05,4.46646725e-05,6.69970326e-05
0.00000000e+00,1.08893851e-04,2.17787306e-04,3.26681027e-04
0.00000000e+00,8.00299986e-05,1.60059623e-04,2.40089509e-04
0.00000000e+00,1.08241989e-04,2.16483630e-04,3.24725500e-04
0.00000000e+00,1.08493391e-04,2.16986427e-04,3.25479715e-04
0.00000000e+00,7.90058667e-05,1.58011463e-04,2.37017241e-04
0.00000000e+00,7.93939002e-05,1.58787515e-04,2.38181334e-04
0.00000000e+00,1.07813881e-04,2.15627457e-04,3.23441243e-04
0.00000000e+00,7.83786513e-05,1.56757100e-04,2.35135690e-04
0.00000000e+00,1.66666764e-04,3.33333267e-04,4.99999945e-04
0.00000000e+00,1.37767110e-04,2.75533806e-04,4.13300784e-04
0.00000000e+00,1.66666789e-04,3.33333248e-04,4.99999933e-04
0.00000000e+00,1.66666771e-04,3.33333255e-04,4.99999939e-04
0.00000000e+00,1.37451617e-04,2.74902805e-04,4.12354285e-04
0.00000000e+00,1.37574440e-04,2.75148501e-04,4.12722835e-04
0.00000000e+00,1.66666788e-04,3.33333239e-04,4.99999932e-04
0.00000000e+00,1.37240252e-04,2.74480116e-04,4.11720252e-04
0.00000000e+00,2.24439536e-04,4.48879330e-04,6.73318902e-04
0.00000000e+00,1.95566383e-04,3.91132756e-04,5.86699103e-04
0.00000000e+00,2.25091411e-04,4.50182993e-04,6.75274431e-04
0.00000000e+00,2.24840019e-04,4.49680180e-04,6.74520229e-04
0.00000000e+00,1.95881911e-04,3.91763727e-04,5.87645595e-04
0.00000000e+00,1.95759058e-04,3.91518032e-04,5.87277063e-04
0.00000000e+00,2.25519542e-04,4.51039134e-04,6.76558695e-04
0.00000000e+00,1.96093281e-04,3.92186394e-04,5.88279635e-04
0.00000000e+00,2.82182837e-04,5.64365730e-04,8.46548577e-04
0.00000000e+00,2.53303352e-04,5.06607038e-04,7.59910454e-04
0.00000000e+00,2.83326689e-04,5.66653503e-04,8.49980219e-04
0.00000000e+00,2.82916087e-04,5.65832325e-04,8.48748452e-04
0.00000000e+00,2.54327460e-04,5.08655211e-04,7.62982730e-04
0.00000000e+00,2.53939437e-04,5.07879139e-04,7.61818641e-04
0.00000000e+00,2.83960510e-04,5.67921181e-04,8.51881735e-04
0.00000000e+00,2.54954673e-04,5.09909559e-04,7.64864290e-04
0.00000000e+00,3.33333333e-04,6.66666667e-04,1.00000000e-03
0.00000000e+00,3.10043350e-04,6.20086916e-04,9.30130309e-04
0.00000000e+00,3.33333333e-04,6.66666667e-04,1.00000000e-03
0.00000000e+00,3.33333333e-04,6.66666667e-04,1.00000000e-03
0.00000000e+00,3.10679239e-04,6.21358578e-04,9.32037838e-04
0.00000000e+00,3.10459655e-04,6.20919478e-04,9.31379168e-04
0.00000000e+00,3.33333333e-04,6.66666667e-04,1.00000000e-03
0.00000000e+00,3.11000950e-04,6.22001990e-04,9.33002961e-04
0.00000000e+00,0.00000000e+00,0.00000000e+00,0.00000000e+00
0.00000000e+00,5.44950719e-05,1.08989641e-04,1.63484564e-04
0.00000000e+00,0.00000000e+00,0.00000000e+00,0.00000000e+00
0.00000000e+00,0.00000000e+00,0.00000000e+00,0.00000000e+00
0.00000000e+00,2.57610439e-05,5.15218207e-05,7.72827914e-05
0.00000000e+00,5.26347190e-05,1.05269065e-04,1.57903677e-04
0.00000000e+00,5.35522295e-05,1.07104050e-04,1.60656162e-04
0.00000000e+00,0.00000000e+00,0.00000000e+00,0.00000000e+00
0.00000000e+00,2.42515519e-05,4.85029108e-05,7.27544102e-05
0.00000000e+00,2.50215862e-05,5.00429657e-05,7.50644945e-05
0.00000000e+00,5.18028229e-05,1.03605362e-04,1.55408108e-04
0.00000000e+00,2.36864459e-05,4.73727480e-05,7.10591594e-05
0.00000000e+00,1.10187747e-04,2.20374970e-04,3.30562590e-04
0.00000000e+00,8.23371318e-05,1.64673631e-04,2.47010599e-04
0.00000000e+00,1.09550119e-04,2.19099780e-04,3.28649768e-04
0.00000000e+00,1.09879631e-04,2.19758791e-04,3.29638301e-04
0.00000000e+00,8.11580695e-05,1.62315628e-04,2.43473555e-04
0.00000000e+00,8.18178682e-05,1.63635233e-04,2.45452965e-04
0.00000000e+00,1.09201402e-04,2.18402403e-04,3.27603696e-04
0.00000000e+00,8.05493131e-05,1.61098233e-04,2.41647437e-04
0.00000000e+00,1.66666730e-04,3.33333297e-04,4.99999946e-04
0.00000000e+00,1.38387730e-04,2.76775054e-04,4.15162663e-04
0.00000000e+00,1.66666750e-04,3.33333279e-04,4.99999944e-04
0.00000000e+00,1.66666732e-04,3.33333273e-04,4.99999949e-04
0.00000000e+00,1.38082446e-04,2.76164469e-04,4.14246786e-04
0.00000000e+00,1.38253582e-04,2.76506806e-04,4.14760302e-04
0.00000000e+00,1.66666752e-04,3.33333264e-04,4.99999945e-04
0.00000000e+00,1.37914628e-04,2.75828877e-04,4.13743407e-04
0.00000000e+00,2.23145631e-04,4.46291656e-04,6.69437346e-04
0.00000000e+00,1.94945691e-04,3.89891551e-04,5.84837239e-04
0.00000000e+00,2.23783267e-04,4.47566851e-04,6.71350162e-04
0.00000000e+00,2.23453764e-04,4.46907815e-04,6.70361636e-04
0.00000000e+00,1.95251014e-04,3.90502114e-04,5.85753106e-04
0.00000000e+00,1.95079848e-04,3.90159761e-04,5.85239612e-04
0.00000000e+00,2.24131994e-04,4.48264208e-04,6.72396246e-04
0.00000000e+00,1.95418839e-04,3.90837674e-04,5.86256499e-04
0.00000000e+00,2.78838377e-04,5.57676960e-04,8.36515374e-04
0.00000000e+00,2.50996272e-04,5.01993000e-04,7.52989346e-04
0.00000000e+00,2.80698675e-04,5.61397566e-04,8.42096281e-04
0.00000000e+00,2.79781158e-04,5.59562580e-04,8.39343806e-04
0.00000000e+00,2.52175301e-04,5.04351024e-04,7.56526405e-04
0.00000000e+00,2.51515506e-04,5.03031406e-04,7.54547000e-04
0.00000000e+00,2.81530523e-04,5.63061289e-04,8.44591871e-04
0.00000000e+00,2.52784040e-04,5.05568415e-04,7.58352533e-04
0.00000000e+00,3.33333333e-04,6.66666667e-04,1.00000000e-03
0.00000000e+00,3.07572283e-04,6.15144870e-04,9.22717209e-04
0.00000000e+00,3.33333333e-04,6.66666667e-04,1.00000000e-03
0.00000000e+00,3.33333333e-04,6.66666667e-04,1.00000000e-03
0.00000000e+00,3.09081789e-04,6.18163758e-04,9.27245579e-04
0.00000000e+00,3.08311737e-04,6.16623717e-04,9.24935508e-04
0.00000000e+00,3.33333333e-04,6.66666667e-04,1.00000000e-03
0.00000000e+00,3.09646885e-04,6.19293917e-04,9.28940834e-04
0.00000000e+00,0.00000000e+00,0.00000000e+00,0.00000000e+00
0.00000000e+00,5.79926343e-05,1.15984376e-04,1.73976768e-04
0.00000000e+00,0.00000000e+00,0.00000000e+00,0.00000000e+00
0.00000000e+00,0.00000000e+00,0.00000000e+00,0.00000000e+00
0.00000000e+00,3.33615671e-05,6.67225619e-05,1.00083963e-04
0.00000000e+00,5.67364894e-05,1.13472299e-04,1.70208600e-04
0.00000000e+00,5.80792120e-05,1.16157638e-04,1.74236604e-04
0.00000000e+00,0.00000000e+00,0.00000000e+00,0.00000000e+00
0.00000000e+00,2.83546275e-05,5.67088625e-05,8.50633814e-05
0.00000000e+00,3.32893992e-05,6.65782998e-05,9.98675228e-05
0.00000000e+00,5.62676987e-05,1.12534827e-04,1.68802359e-04
0.00000000e+00,2.76015419e-05,5.52027651e-05,8.28042085e-05
0.00000000e+00,1.11310488e-04,2.22620219e-04,3.33930555e-04
0.00000000e+00,8.45205997e-05,1.69040205e-04,2.53560564e-04
0.00000000e+00,1.10880673e-04,2.21760718e-04,3.32641247e-04
0.00000000e+00,1.11325969e-04,2.22651199e-04,3.33977018e-04
0.00000000e+00,8.33872885e-05,1.66773756e-04,2.50160840e-04
0.00000000e+00,8.45143376e-05,1.69027830e-04,2.53541955e-04
0.00000000e+00,1.10738840e-04,2.21477104e-04,3.32215810e-04
0.00000000e+00,8.31450257e-05,1.66289373e-04,2.49434222e-04
0.00000000e+00,1.66666635e-04,3.33333345e-04,4.99999959e-04
0.00000000e+00,1.38845807e-04,2.77691213e-04,4.16536939e-04
0.00000000e+00,1.66666693e-04,3.33333315e-04,4.99999952e-04
0.00000000e+00,1.66666615e-04,3.33333313e-04,4.99999960e-04
0.00000000e+00,1.38635695e-04,2.77270977e-04,4.15906564e-04
0.00000000e+00,1.38846227e-04,2.77692102e-04,4.16538285e-04
0.00000000e+00,1.66666687e-04,3.33333288e-04,4.99999956e-04
0.00000000e+00,1.38581917e-04,2.77163481e-04,4.15745329e-04
0.00000000e+00,2.22022905e-04,4.44046386e-04,6.66069368e-04
0.00000000e+00,1.94487508e-04,3.88975430e-04,5.83462968e-04
0.00000000e+00,2.22452717e-04,4.44905895e-04,6.67358674e-04
0.00000000e+00,2.22007456e-04,4.44015365e-04,6.66022916e-04
0.00000000e+00,1.94697679e-04,3.89395647e-04,5.84093341e-04
0.00000000e+00,1.94487091e-04,3.88974488e-04,5.83461642e-04
0.00000000e+00,2.22594561e-04,4.45189492e-04,6.67784127e-04
0.00000000e+00,1.94751460e-04,3.89503100e-04,5.84254590e-04
0.00000000e+00,2.75340874e-04,5.50682215e-04,8.26023165e-04
0.00000000e+00,2.48812891e-04,4.97626371e-04,7.46439351e-04
0.00000000e+00,2.76596952e-04,5.53194324e-04,8.29791350e-04
0.00000000e+00,2.75254243e-04,5.50508995e-04,8.25763357e-04
0.00000000e+00,2.49946156e-04,4.99892847e-04,7.49839091e-04
0.00000000e+00,2.48819105e-04,4.97638763e-04,7.46457991e-04
0.00000000e+00,2.77065702e-04,5.54131816e-04,8.31197614e-04
0.00000000e+00,2.50188386e-04,5.00377242e-04,7.50565733e-04
0.00000000e+00,3.33333333e-04,6.66666667e-04,1.00000000e-03
0.00000000e+00,2.99971779e-04,5.99944143e-04,8.99916050e-04
0.00000000e+00,3.33333333e-04,6.66666667e-04,1.00000000e-03
0.00000000e+00,3.33333333e-04,6.66666667e-04,1.00000000e-03
0.00000000e+00,3.04978735e-04,6.09957807e-04,9.14936610e-04
0.00000000e+00,3.00043972e-04,6.00088405e-04,9.00132488e-04
0.00000000e+00,3.33333333e-04,6.66666667e-04,1.00000000e-03
0.00000000e+00,3.05731818e-04,6.11463906e-04,9.17195787e-04
0.00000000e+00,0.00000000e+00,0.00000000e+00,0.00000000e+00
0.00000000e+00,4.82810205e-05,9.65619514e-05,1.44842915e-04
0.00000000e+00,0.00000000e+00,0.00000000e+00,0.00000000e+00
0.00000000e+00,0.00000000e+00,0.00000000e+00,0.00000000e+00
0.00000000e+00,2.18434438e-05,4.36868670e-05,6.55302840e-05
0.00000000e+00,4.76831685e-05,9.53662329e-05,1.43049338e-04
0.00000000e+00,4.85731324e-05,9.71461813e-05,1.45719269e-04
0.00000000e+00,0.00000000e+00,0.00000000e+00,0.00000000e+00
0.00000000e+00,2.15959723e-05,4.31918981e-05,6.47878403e-05
0.00000000e+00,2.19667399e-05,4.39334478e-05,6.59001655e-05
0.00000000e+00,4.79625250e-05,9.59249575e-05,1.43887432e-04
0.00000000e+00,2.17065041e-05,4.34129673e-05,6.51194471e-05
0.00000000e+00,1.06929725e-04,2.13859160e-04,3.20788767e-04
0.00000000e+00,7.71807821e-05,1.54361377e-04,2.31542066e-04
0.00000000e+00,1.06347504e-04,2.12694693e-04,3.19042080e-04
0.00000000e+00,1.07186340e-04,2.14372401e-04,3.21558623e-04
0.00000000e+00,7.64563355e-05,1.52912445e-04,2.29368681e-04
0.00000000e+00,7.75165505e-05,1.55032911e-04,2.32549376e-04
0.00000000e+00,1.06628468e-04,2.13256623e-04,3.19884973e-04
0.00000000e+00,7.68011056e-05,1.53602013e-04,2.30403029e-04
0.00000000e+00,1.66666797e-04,3.33333252e-04,4.99999935e-04
0.00000000e+00,1.36790683e-04,2.73581005e-04,4.10371564e-04
0.00000000e+00,1.66666809e-04,3.33333223e-04,4.99999921e-04
0.00000000e+00,1.66666816e-04,3.33333226e-04,4.99999921e-04
0.00000000e+00,1.36481979e-04,2.72963552e-04,4.09445408e-04
0.00000000e+00,1.36923243e-04,2.73846073e-04,4.10769182e-04
0.00000000e+00,1.66666820e-04,3.33333215e-04,4.99999915e-04
0.00000000e+00,1.36632095e-04,2.73263745e-04,4.09895709e-04
0.00000000e+00,2.26403757e-04,4.52807428e-04,6.79211153e-04
0.00000000e+00,1.96542881e-04,3.93085510e-04,5.89628309e-04
0.00000000e+00,2.26985997e-04,4.53971853e-04,6.80957821e-04
0.00000000e+00,2.26147109e-04,4.52294192e-04,6.78441291e-04
0.00000000e+00,1.96851613e-04,3.93702918e-04,5.90554451e-04
0.00000000e+00,1.96410322e-04,3.92820427e-04,5.89230683e-04
0.00000000e+00,2.26705002e-04,4.53409942e-04,6.80114938e-04
0.00000000e+00,1.96701497e-04,3.93402710e-04,5.90104139e-04
0.00000000e+00,2.85052336e-04,5.70104687e-04,8.55157047e-04
0.00000000e+00,2.56152617e-04,5.12305249e-04,7.68457876e-04
0.00000000e+00,2.85650191e-04,5.71300410e-04,8.56950629e-04
0.00000000e+00,2.84760216e-04,5.69520475e-04,8.54280707e-04
0.00000000e+00,2.56877085e-04,5.13754155e-04,7.70631258e-04
0.00000000e+00,2.55816803e-04,5.11633744e-04,7.67450584e-04
0.00000000e+00,2.85370810e-04,5.70741703e-04,8.56112547e-04
0.00000000e+00,2.56532268e-04,5.13064619e-04,7.69596925e-04
0.00000000e+00,3.33333333e-04,6.66666667e-04,1.00000000e-03
0.00000000e+00,3.11489872e-04,6.22979834e-04,9.34469725e-04
0.00000000e+00,3.33333333e-04,6.66666667e-04,1.00000000e-03
0.00000000e+00,3.33333333e-04,6.66666667e-04,1.00000000e-03
0.00000000e+00,3.11737371e-04,6.23474764e-04,9.35212148e-04
0.00000000e+00,3.11366584e-04,6.22733236e-04,9.34099834e-04
0.00000000e+00,3.33333333e-04,6.66666667e-04,1.00000000e-03
0.00000000e+00,3.11626832e-04,6.23253698e-04,9.34880543e-04
0.00000000e+00,0.00000000e+00,0.00000000e+00,0.00000000e+00
0.00000000e+00,5.01776368e-05,1.00355048e-04,1.50532599e-04
0.00000000e+00,0.00000000e+00,0.00000000e+00,0.00000000e+00
0.00000000e+00,0.00000000e+00,0.00000000e+00,0.00000000e+00
0.00000000e+00,2.27518636e-05,4.55036276e-05,6.82554546e-05
0.00000000e+00,4.90900176e-05,9.81799042e-05,1.47269857e-04
0.00000000e+00,5.04172742e-05,1.00834316e-04,1.51251507e-04
0.00000000e+00,0.00000000e+00,0.00000000e+00,0.00000000e+00
0.00000000e+00,2.22034638e-05,4.44068674e-05,6.66103006e-05
0.00000000e+00,2.28736579e-05,4.57472036e-05,6.86208261e-05
0.00000000e+00,4.93728142e-05,9.87454850e-05,1.48118239e-04
0.00000000e+00,2.23323748e-05,4.46646780e-05,6.69970243e-05
0.00000000e+00,1.08353432e-04,2.16706556e-04,3.25059860e-04
0.00000000e+00,7.91732410e-05,1.58346196e-04,2.37519328e-04
0.00000000e+00,1.07604162e-04,2.15208035e-04,3.22812076e-04
0.00000000e+00,1.08493391e-04,2.16986438e-04,3.25479702e-04
0.00000000e+00,7.80822699e-05,1.56164327e-04,2.34246498e-04
0.00000000e+00,7.93939164e-05,1.58787514e-04,2.38181323e-04
0.00000000e+00,1.07813887e-04,2.15627463e-04,3.23441230e-04
0.00000000e+00,7.83786658e-05,1.56757103e-04,2.35135677e-04
0.00000000e+00,1.66666760e-04,3.33333298e-04,4.99999947e-04
0.00000000e+00,1.37505978e-04,2.75011646e-04,4.12517489e-04
0.00000000e+00,1.66666781e-04,3.33333271e-04,4.99999938e-04
0.00000000e+00,1.66666786e-04,3.33333270e-04,4.99999937e-04
0.00000000e+00,1.37135536e-04,2.74270748e-04,4.11406156e-04
0.00000000e+00,1.37574445e-04,2.75148519e-04,4.12722827e-04
0.00000000e+00,1.66666799e-04,3.33333249e-04,4.99999931e-04
0.00000000e+00,1.37240257e-04,2.74480124e-04,4.11720242e-04
0.00000000e+00,2.24979977e-04,4.49960105e-04,6.74940065e-04
0.00000000e+00,1.95827518e-04,3.91654961e-04,5.87482404e-04
0.00000000e+00,2.25729293e-04,4.51458578e-04,6.77187840e-04
0.00000000e+00,2.24840009e-04,4.49680197e-04,6.74520215e-04
0.00000000e+00,1.96197994e-04,3.92395814e-04,5.88593728e-04
0.00000000e+00,1.95759058e-04,3.91518055e-04,5.87277059e-04
0.00000000e+00,2.25519539e-04,4.51039150e-04,6.76558689e-04
0.00000000e+00,1.96093283e-04,3.92186412e-04,5.88279631e-04
0.00000000e+00,2.83155785e-04,5.66311578e-04,8.49467347e-04
0.00000000e+00,2.54160145e-04,5.08320466e-04,7.62480613e-04
0.00000000e+00,2.84243344e-04,5.68486755e-04,8.52730111e-04
0.00000000e+00,2.82916106e-04,5.65832335e-04,8.48748456e-04
0.00000000e+00,2.55251128e-04,5.10502310e-04,7.65753442e-04
0.00000000e+00,2.53939440e-04,5.07879154e-04,7.61818631e-04
0.00000000e+00,2.83960536e-04,5.67921178e-04,8.51881736e-04
0.00000000e+00,2.54954679e-04,5.09909565e-04,7.64864281e-04
0.00000000e+00,3.33333333e-04,6.66666667e-04,1.00000000e-03
0.00000000e+00,3.10581467e-04,6.21163064e-04,9.31744549e-04
0.00000000e+00,3.33333333e-04,6.66666667e-04,1.00000000e-03
0.00000000e+00,3.33333333e-04,6.66666667e-04,1.00000000e-03
0.00000000e+00,3.11129880e-04,6.22259808e-04,9.33389693e-04
0.00000000e+00,3.10459678e-04,6.20919473e-04,9.31379170e-04
0.00000000e+00,3.33333333e-04,6.66666667e-04,1.00000000e-03
0.00000000e+00,3.11000970e-04,6.22001989e-04,9.33002967e-04
0.00000000e+00,0.00000000e+00,0.00000000e+00,0.00000000e+00
0.00000000e+00,5.36366622e-05,1.07272814e-04,1.60909355e-04
0.00000000e+00,0.00000000e+00,0.00000000e+00,0.00000000e+00
0.00000000e+00,0.00000000e+00,0.00000000e+00,0.00000000e+00
0.00000000e+00,2.50716036e-05,5.01429315e-05,7.52144768e-05
0.00000000e+00,5.16703009e-05,1.03340267e-04,1.55010473e-04
0.00000000e+00,5.35522612e-05,1.07104027e-04,1.60656158e-04
0.00000000e+00,0.00000000e+00,0.00000000e+00,0.00000000e+00
0.00000000e+00,2.36149113e-05,4.72296427e-05,7.08445082e-05
0.00000000e+00,2.50216051e-05,5.00429488e-05,7.50644925e-05
0.00000000e+00,5.18028454e-05,1.03605352e-04,1.55408098e-04
0.00000000e+00,2.36864593e-05,4.73727415e-05,7.10591553e-05
0.00000000e+00,1.09909843e-04,2.19819270e-04,3.29728963e-04
0.00000000e+00,8.18651936e-05,1.63729844e-04,2.45594897e-04
0.00000000e+00,1.09142511e-04,2.18284663e-04,3.27427041e-04
0.00000000e+00,1.09879643e-04,2.19758800e-04,3.29638298e-04
0.00000000e+00,8.04474429e-05,1.60894484e-04,2.41341799e-04
0.00000000e+00,8.18178948e-05,1.63635214e-04,2.45452958e-04
0.00000000e+00,1.09201412e-04,2.18402411e-04,3.27603688e-04
0.00000000e+00,8.05493327e-05,1.61098226e-04,2.41647428e-04
0.00000000e+00,1.66666725e-04,3.33333342e-04,4.99999955e-04
0.00000000e+00,1.38266596e-04,2.76532915e-04,4.14799372e-04
0.00000000e+00,1.66666746e-04,3.33333317e-04,4.99999950e-04
0.00000000e+00,1.66666742e-04,3.33333312e-04,4.99999946e-04
0.00000000e+00,1.37886668e-04,2.75773042e-04,4.13659570e-04
0.00000000e+00,1.38253591e-04,2.76506839e-04,4.14760299e-04
0.00000000e+00,1.66666764e-04,3.33333291e-04,4.99999944e-04
0.00000000e+00,1.37914632e-04,2.75828905e-04,4.13743400e-04
0.00000000e+00,2.23423538e-04,4.46847449e-04,6.70270964e-04
0.00000000e+00,1.95066825e-04,3.90133789e-04,5.85200544e-04
0.00000000e+00,2.24190896e-04,4.48382009e-04,6.72572881e-04
0.00000000e+00,2.23453743e-04,4.46907863e-04,6.70361625e-04
0.00000000e+00,1.95446787e-04,3.90893614e-04,5.86340334e-04
0.00000000e+00,1.95079844e-04,3.90159807e-04,5.85239608e-04
0.00000000e+00,2.24131984e-04,4.48264240e-04,6.72396234e-04
0.00000000e+00,1.95418837e-04,3.90837706e-04,5.86256494e-04
0.00000000e+00,2.79696807e-04,5.59393792e-04,8.39090583e-04
0.00000000e+00,2.51468213e-04,5.02936822e-04,7.54405036e-04
0.00000000e+00,2.81663105e-04,5.63326378e-04,8.44989486e-04
0.00000000e+00,2.79781154e-04,5.59562608e-04,8.39343793e-04
0.00000000e+00,2.52885947e-04,5.05772191e-04,7.58658138e-04
0.00000000e+00,2.51515495e-04,5.03031443e-04,7.54546983e-04
0.00000000e+00,2.81530536e-04,5.63061300e-04,8.44591865e-04
0.00000000e+00,2.52784038e-04,5.05568438e-04,7.58352517e-04
0.00000000e+00,3.33333333e-04,6.66666667e-04,1.00000000e-03
0.00000000e+00,3.08261758e-04,6.16523742e-04,9.24785518e-04
0.00000000e+00,3.33333333e-04,6.66666667e-04,1.00000000e-03
0.00000000e+00,3.33333333e-04,6.66666667e-04,1.00000000e-03
0.00000000e+00,3.09718454e-04,6.19437019e-04,9.29155478e-04
0.00000000e+00,3.08311743e-04,6.16623726e-04,9.24935501e-04
0.00000000e+00,3.33333333e-04,6.66666667e-04,1.00000000e-03
0.00000000e+00,3.09646894e-04,6.19293922e-04,9.28940833e-04
0.00000000e+00,0.00000000e+00,0.00000000e+00,0.00000000e+00
0.00000000e+00,5.80615719e-05,1.16122144e-04,1.74183555e-04
0.00000000e+00,0.00000000e+00,0.00000000e+00,0.00000000e+00
0.00000000e+00,0.00000000e+00,0.00000000e+00,0.00000000e+00
0.00000000e+00,3.33072399e-05,6.66138090e-05,9.99209514e-05
0.00000000e+00,5.63047195e-05,1.12608724e-04,1.68913312e-04
0.00000000e+00,5.80792766e-05,1.16157548e-04,1.74236614e-04
0.00000000e+00,0.00000000e+00,0.00000000e+00,0.00000000e+00
0.00000000e+00,2.76761239e-05,5.53518256e-05,8.30278737e-05
0.00000000e+00,3.32894473e-05,6.65782251e-05,9.98675280e-05
0.00000000e+00,5.62677418e-05,1.12534777e-04,1.68802358e-04
0.00000000e+00,2.76015690e-05,5.52027292e-05,8.28042088e-05
0.00000000e+00,1.11322163e-04,2.22643719e-04,3.33965710e-04
0.00000000e+00,8.45104915e-05,1.69020092e-04,2.53530414e-04
0.00000000e+00,1.10752416e-04,2.21504314e-04,3.32256575e-04
0.00000000e+00,1.11325992e-04,2.22651206e-04,3.33977013e-04
0.00000000e+00,8.31641297e-05,1.66327516e-04,2.49491481e-04
0.00000000e+00,8.45143836e-05,1.69027778e-04,2.53541954e-04
0.00000000e+00,1.10738857e-04,2.21477108e-04,3.32215806e-04
0.00000000e+00,8.31450616e-05,1.66289340e-04,2.49434217e-04
0.00000000e+00,1.66666642e-04,3.33333445e-04,4.99999996e-04
0.00000000e+00,1.38845407e-04,2.77690598e-04,4.16535864e-04
0.00000000e+00,1.66666691e-04,3.33333384e-04,4.99999972e-04
0.00000000e+00,1.66666635e-04,3.33333399e-04,4.99999976e-04
0.00000000e+00,1.38586445e-04,2.77172638e-04,4.15758938e-04
0.00000000e+00,1.38846247e-04,2.77692162e-04,4.16538290e-04
0.00000000e+00,1.66666699e-04,3.33333348e-04,4.99999960e-04
0.00000000e+00,1.38581931e-04,2.77163524e-04,4.15745330e-04
0.00000000e+00,2.22011251e-04,4.44023000e-04,6.66034202e-04
0.00000000e+00,1.94487947e-04,3.88976217e-04,5.83464089e-04
0.00000000e+00,2.22580996e-04,4.45162389e-04,6.67743347e-04
0.00000000e+00,2.22007436e-04,4.44015436e-04,6.66022897e-04
0.00000000e+00,1.94746928e-04,3.89494128e-04,5.84240993e-04
0.00000000e+00,1.94487089e-04,3.88974573e-04,5.83461647e-04
0.00000000e+00,2.22594538e-04,4.45189557e-04,6.67784117e-04
0.00000000e+00,1.94751456e-04,3.89503164e-04,5.84254589e-04
0.00000000e+00,2.75271914e-04,5.50544410e-04,8.25816369e-04
0.00000000e+00,2.48822944e-04,4.97646550e-04,7.46469500e-04
0.00000000e+00,2.77028726e-04,5.54057884e-04,8.31086633e-04
0.00000000e+00,2.75254200e-04,5.50509056e-04,8.25763324e-04
0.00000000e+00,2.50169292e-04,5.00339143e-04,7.50508443e-04
0.00000000e+00,2.48819064e-04,4.97638835e-04,7.46457961e-04
0.00000000e+00,2.77065689e-04,5.54131847e-04,8.31197591e-04
0.00000000e+00,2.50188368e-04,5.00377294e-04,7.50565710e-04
0.00000000e+00,3.33333333e-04,6.66666667e-04,1.00000000e-03
0.00000000e+00,3.00026136e-04,6.00052820e-04,9.00079025e-04
0.00000000e+00,3.33333333e-04,6.66666667e-04,1.00000000e-03
0.00000000e+00,3.33333333e-04,6.66666667e-04,1.00000000e-03
0.00000000e+00,3.05657265e-04,6.11314813e-04,9.16972106e-04
0.00000000e+00,3.00043947e-04,6.00088421e-04,9.00132458e-04
0.00000000e+00,3.33333333e-04,6.66666667e-04,1.00000000e-03
0.00000000e+00,3.05731810e-04,6.11463922e-04,9.17195776e-04
0.00000000e+00,0.00000000e+00,0.00000000e+00,0.00000000e+00
0.00000000e+00,4.80175670e-05,9.60350098e-05,1.44052511e-04
0.00000000e+00,0.00000000e+00,0.00000000e+00,0.00000000e+00
0.00000000e+00,0.00000000e+00,0.00000000e+00,0.00000000e+00
0.00000000e+00,2.17336668e-05,4.34672767e-05,6.52009184e-05
0.00000000e+00,4.74560249e-05,9.49119216e-05,1.42367875e-04
0.00000000e+00,4.80443704e-05,9.60886706e-05,1.44132985e-04
0.00000000e+00,0.00000000e+00,0.00000000e+00,0.00000000e+00
0.00000000e+00,2.15072871e-05,4.30145074e-05,6.45217627e-05
0.00000000e+00,2.17422075e-05,4.34843889e-05,6.52265699e-05
0.00000000e+00,4.74978470e-05,9.49955720e-05,1.42493350e-04
0.00000000e+00,2.15218933e-05,4.30437336e-05,6.45655936e-05
0.00000000e+00,1.06683028e-04,2.13365754e-04,3.20048664e-04
0.00000000e+00,7.68678452e-05,1.53735494e-04,2.30603239e-04
0.00000000e+00,1.06105947e-04,2.12211575e-04,3.18317400e-04
0.00000000e+00,1.06708664e-04,2.13417073e-04,3.20125625e-04
0.00000000e+00,7.61679313e-05,1.52335633e-04,2.28503457e-04
0.00000000e+00,7.69005404e-05,1.53800892e-04,2.30701344e-04
0.00000000e+00,1.06151644e-04,2.12302972e-04,3.18454497e-04
0.00000000e+00,7.62219240e-05,1.52443636e-04,2.28665460e-04
0.00000000e+00,1.66666794e-04,3.33333264e-04,4.99999938e-04
0.00000000e+00,1.36661291e-04,2.73322227e-04,4.09983392e-04
0.00000000e+00,1.66666806e-04,3.33333235e-04,4.99999926e-04
0.00000000e+00,1.66666789e-04,3.33333261e-04,4.99999942e-04
0.00000000e+00,1.36350778e-04,2.72701160e-04,4.09051813e-04
0.00000000e+00,1.36674709e-04,2.73349095e-04,4.10023692e-04
0.00000000e+00,1.66666801e-04,3.33333230e-04,4.99999926e-04
0.00000000e+00,1.36375667e-04,2.72750947e-04,4.09126497e-04
0.00000000e+00,2.26650490e-04,4.53300823e-04,6.79951243e-04
0.00000000e+00,1.96672281e-04,3.93344310e-04,5.90016488e-04
0.00000000e+00,2.27227587e-04,4.54454968e-04,6.81682493e-04
0.00000000e+00,2.26624851e-04,4.53249503e-04,6.79874287e-04
0.00000000e+00,1.96982815e-04,3.93965328e-04,5.90948048e-04
0.00000000e+00,1.96658851e-04,3.93317438e-04,5.89976196e-04
0.00000000e+00,2.27181881e-04,4.54363567e-04,6.81545398e-04
0.00000000e+00,1.96957923e-04,3.93915536e-04,5.90873367e-04
0.00000000e+00,2.85315818e-04,5.70631652e-04,8.55947458e-04
0.00000000e+00,2.56465605e-04,5.12931133e-04,7.69396697e-04
0.00000000e+00,2.85877368e-04,5.71754727e-04,8.57632089e-04
0.00000000e+00,2.85289019e-04,5.70577960e-04,8.55866976e-04
0.00000000e+00,2.57165534e-04,5.14330963e-04,7.71496470e-04
0.00000000e+00,2.56432918e-04,5.12865691e-04,7.69298585e-04
0.00000000e+00,2.85835541e-04,5.71671060e-04,8.57506610e-04
0.00000000e+00,2.57111518e-04,5.14222956e-04,7.71334472e-04
0.00000000e+00,3.33333333e-04,6.66666667e-04,1.00000000e-03
0.00000000e+00,3.11599666e-04,6.23199412e-04,9.34799083e-04
0.00000000e+00,3.33333333e-04,6.66666667e-04,1.00000000e-03
0.00000000e+00,3.33333333e-04,6.66666667e-04,1.00000000e-03
0.00000000e+00,3.11826065e-04,6.23652157e-04,9.35478224e-04
0.00000000e+00,3.11591106e-04,6.23182308e-04,9.34773435e-04
0.00000000e+00,3.33333333e-04,6.66666667e-04,1.00000000e-03
0.00000000e+00,3.11811458e-04,6.23622928e-04,9.35434391e-04
0.00000000e+00,0.00000000e+00,0.00000000e+00,0.00000000e+00
0.00000000e+00,4.98508299e-05,9.97014323e-05,1.49552195e-04
0.00000000e+00,0.00000000e+00,0.00000000e+00,0.00000000e+00
0.00000000e+00,0.00000000e+00,0.00000000e+00,0.00000000e+00
0.00000000e+00,2.25838129e-05,4.51675106e-05,6.77512997e-05
0.00000000e+00,4.87919731e-05,9.75837932e-05,1.46375704e-04
0.00000000e+00,4.97878801e-05,9.95755784e-05,1.49363385e-04
0.00000000e+00,0.00000000e+00,0.00000000e+00,0.00000000e+00
0.00000000e+00,2.20669459e-05,4.41338147e-05,6.62007348e-05
0.00000000e+00,2.25469051e-05,4.50937132e-05,6.76405835e-05
0.00000000e+00,4.87867796e-05,9.75734420e-05,1.46360158e-04
0.00000000e+00,2.20601055e-05,4.41201519e-05,6.61802279e-05
0.00000000e+00,1.08147771e-04,2.16295204e-04,3.24442841e-04
0.00000000e+00,7.88625684e-05,1.57724852e-04,2.36587315e-04
0.00000000e+00,1.07368932e-04,2.14737540e-04,3.22106340e-04
0.00000000e+00,1.08104859e-04,2.16209405e-04,3.24314134e-04
0.00000000e+00,7.77596224e-05,1.55519022e-04,2.33278537e-04
0.00000000e+00,7.88027192e-05,1.57605175e-04,2.36407786e-04
0.00000000e+00,1.07364997e-04,2.14729714e-04,3.22094591e-04
0.00000000e+00,7.77546602e-05,1.55509120e-04,2.33263682e-04
0.00000000e+00,1.66666765e-04,3.33333309e-04,4.99999951e-04
0.00000000e+00,1.37405580e-04,2.74810824e-04,4.12216257e-04
0.00000000e+00,1.66666781e-04,3.33333283e-04,4.99999944e-04
0.00000000e+00,1.66666753e-04,3.33333309e-04,4.99999946e-04
0.00000000e+00,1.37016625e-04,2.74032921e-04,4.11049415e-04
0.00000000e+00,1.37384944e-04,2.74769614e-04,4.12154429e-04
0.00000000e+00,1.66666774e-04,3.33333282e-04,4.99999944e-04
0.00000000e+00,1.37014458e-04,2.74028610e-04,4.11042945e-04
0.00000000e+00,2.25185705e-04,4.50371463e-04,6.75557076e-04
0.00000000e+00,1.95927942e-04,3.91855809e-04,5.87783641e-04
0.00000000e+00,2.25964573e-04,4.51929088e-04,6.77893574e-04
0.00000000e+00,2.25228619e-04,4.50457231e-04,6.75685779e-04
0.00000000e+00,1.96316917e-04,3.92633671e-04,5.88950480e-04
0.00000000e+00,1.95948561e-04,3.91897006e-04,5.87845471e-04
0.00000000e+00,2.25968495e-04,4.51936891e-04,6.77905321e-04
0.00000000e+00,1.96319081e-04,3.92637961e-04,5.88956946e-04
0.00000000e+00,2.83482540e-04,5.66965257e-04,8.50447788e-04
0.00000000e+00,2.54470822e-04,5.08941850e-04,7.63412645e-04
0.00000000e+00,2.84541357e-04,5.69082921e-04,8.53624295e-04
0.00000000e+00,2.83545537e-04,5.67091051e-04,8.50636563e-04
0.00000000e+00,2.55573824e-04,5.11147632e-04,7.66721404e-04
0.00000000e+00,2.54530729e-04,5.09061463e-04,7.63592144e-04
0.00000000e+00,2.84546603e-04,5.69093210e-04,8.53639805e-04
0.00000000e+00,2.55578771e-04,5.11157514e-04,7.66736255e-04
0.00000000e+00,3.33333333e-04,6.66666667e-04,1.00000000e-03
0.00000000e+00,3.10749528e-04,6.21499168e-04,9.32248696e-04
0.00000000e+00,3.33333333e-04,6.66666667e-04,1.00000000e-03
0.00000000e+00,3.33333333e-04,6.66666667e-04,1.00000000e-03
0.00000000e+00,3.11266362e-04,6.22532895e-04,9.33799279e-04
0.00000000e+00,3.10786437e-04,6.21572963e-04,9.32359410e-04
0.00000000e+00,3.33333333e-04,6.66666667e-04,1.00000000e-03
0.00000000e+00,3.11273241e-04,6.22546521e-04,9.33819764e-04
0.00000000e+00,0.00000000e+00,0.00000000e+00,0.00000000e+00
0.00000000e+00,5.33223615e-05,1.06644255e-04,1.59966545e-04
0.00000000e+00,0.00000000e+00,0.00000000e+00,0.00000000e+00
0.00000000e+00,0.00000000e+00,0.00000000e+00,0.00000000e+00
0.00000000e+00,2.48359645e-05,4.96716494e-05,7.45075847e-05
0.00000000e+00,5.13337667e-05,1.02667209e-04,1.54000900e-04
0.00000000e+00,5.29732923e-05,1.05946157e-04,1.58919355e-04
0.00000000e+00,0.00000000e+00,0.00000000e+00,0.00000000e+00
0.00000000e+00,2.34087676e-05,4.68173383e-05,7.02260761e-05
0.00000000e+00,2.45982077e-05,4.91961557e-05,7.37943153e-05
0.00000000e+00,5.11698206e-05,1.02339358e-04,1.53509098e-04
0.00000000e+00,2.32994670e-05,4.65987709e-05,6.98981991e-05
0.00000000e+00,1.09803095e-04,2.19605756e-04,3.29408703e-04
0.00000000e+00,8.16812396e-05,1.63361994e-04,2.45043122e-04
0.00000000e+00,1.08984208e-04,2.17968026e-04,3.26952085e-04
0.00000000e+00,1.09678109e-04,2.19355826e-04,3.29033798e-04
0.00000000e+00,8.01799523e-05,1.60359537e-04,2.40539383e-04
0.00000000e+00,8.14700416e-05,1.62939627e-04,2.44409549e-04
0.00000000e+00,1.08903178e-04,2.17806012e-04,3.26709056e-04
0.00000000e+00,8.00450354e-05,1.60089726e-04,2.40134652e-04
0.00000000e+00,1.66666727e-04,3.33333377e-04,4.99999958e-04
0.00000000e+00,1.38218478e-04,2.76436658e-04,4.14654964e-04
0.00000000e+00,1.66666747e-04,3.33333338e-04,4.99999952e-04
0.00000000e+00,1.66666714e-04,3.33333370e-04,4.99999957e-04
0.00000000e+00,1.37810173e-04,2.75620049e-04,4.13430072e-04
0.00000000e+00,1.38161860e-04,2.76323477e-04,4.14485190e-04
0.00000000e+00,1.66666740e-04,3.33333334e-04,4.99999951e-04
0.00000000e+00,1.37770362e-04,2.75540459e-04,4.13310682e-04
0.00000000e+00,2.23530349e-04,4.47060987e-04,6.70591231e-04
0.00000000e+00,1.95114984e-04,3.90230097e-04,5.85344950e-04
0.00000000e+00,2.24349241e-04,4.48698692e-04,6.73047843e-04
0.00000000e+00,2.23655329e-04,4.47310877e-04,6.70966129e-04
0.00000000e+00,1.95523307e-04,3.91046647e-04,5.86569838e-04
0.00000000e+00,1.95171574e-04,3.90343255e-04,5.85514731e-04
0.00000000e+00,2.24430275e-04,4.48860663e-04,6.73290866e-04
0.00000000e+00,1.95563109e-04,3.91126213e-04,5.86689226e-04
0.00000000e+00,2.80011029e-04,5.60022409e-04,8.40033428e-04
0.00000000e+00,2.51652134e-04,5.03304745e-04,7.54956844e-04
0.00000000e+00,2.81999581e-04,5.63999498e-04,8.45999090e-04
0.00000000e+00,2.80360133e-04,5.60720470e-04,8.41080591e-04
0.00000000e+00,2.53153459e-04,5.06307164e-04,7.59460569e-04
0.00000000e+00,2.51863412e-04,5.03727026e-04,7.55590380e-04
0.00000000e+00,2.82163583e-04,5.64327292e-04,8.46490860e-04
0.00000000e+00,2.53288398e-04,5.06576932e-04,7.59865283e-04
0.00000000e+00,3.33333333e-04,6.66666667e-04,1.00000000e-03
0.00000000e+00,3.08497412e-04,6.16994989e-04,9.25492396e-04
0.00000000e+00,3.33333333e-04,6.66666667e-04,1.00000000e-03
0.00000000e+00,3.33333333e-04,6.66666667e-04,1.00000000e-03
0.00000000e+00,3.09924592e-04,6.19849324e-04,9.29773912e-04
0.00000000e+00,3.08735150e-04,6.17470506e-04,9.26205674e-04
0.00000000e+00,3.33333333e-04,6.66666667e-04,1.00000000e-03
0.00000000e+00,3.10033897e-04,6.20067888e-04,9.30101786e-04
0.00000000e+00,0.00000000e+00,0.00000000e+00,0.00000000e+00
0.00000000e+00,5.80910870e-05,1.16181294e-04,1.74272322e-04
0.00000000e+00,0.00000000e+00,0.00000000e+00,0.00000000e+00
0.00000000e+00,0.00000000e+00,0.00000000e+00,0.00000000e+00
0.00000000e+00,3.32831113e-05,6.65655836e-05,9.98486794e-05
0.00000000e+00,5.61354305e-05,1.12270154e-04,1.68405509e-04
0.00000000e+00,5.81346842e-05,1.16268486e-04,1.74403061e-04
0.00000000e+00,0.00000000e+00,0.00000000e+00,0.00000000e+00
0.00000000e+00,2.74347513e-05,5.48690862e-05,8.23038085e-05
0.00000000e+00,3.32447698e-05,6.64888456e-05,9.97335440e-05
0.00000000e+00,5.59477608e-05,1.11894877e-04,1.67842534e-04
0.00000000e+00,2.71577056e-05,5.43150057e-05,8.14726571e-05
0.00000000e+00,1.11325690e-04,2.22650843e-04,3.33976380e-04
0.00000000e+00,8.45072200e-05,1.69013586e-04,2.53520678e-04
0.00000000e+00,1.10702219e-04,2.21403930e-04,3.32105987e-04
0.00000000e+00,1.11332780e-04,2.22664994e-04,3.33997628e-04
0.00000000e+00,8.30767620e-05,1.66152882e-04,2.49229528e-04
0.00000000e+00,8.45080442e-05,1.69015230e-04,2.53523136e-04
0.00000000e+00,1.10643548e-04,2.21286624e-04,3.31930026e-04
0.00000000e+00,8.29795118e-05,1.65958403e-04,2.48937791e-04
0.00000000e+00,1.66666683e-04,3.33333485e-04,4.99999980e-04
0.00000000e+00,1.38845273e-04,2.77690315e-04,4.16535389e-04
0.00000000e+00,1.66666707e-04,3.33333431e-04,4.99999967e-04
0.00000000e+00,1.66666669e-04,3.33333475e-04,4.99999985e-04
0.00000000e+00,1.38566688e-04,2.77133125e-04,4.15699636e-04
0.00000000e+00,1.38845927e-04,2.77691691e-04,4.16537459e-04
0.00000000e+00,1.66666695e-04,3.33333414e-04,4.99999968e-04
0.00000000e+00,1.38544126e-04,2.77088025e-04,4.15631998e-04
0.00000000e+00,2.22007729e-04,4.44015955e-04,6.66023563e-04
0.00000000e+00,1.94488124e-04,3.88976604e-04,5.83464544e-04
0.00000000e+00,2.22631220e-04,4.45262846e-04,6.67893944e-04
0.00000000e+00,2.22000655e-04,4.44001751e-04,6.66002304e-04
0.00000000e+00,1.94766733e-04,3.89533708e-04,5.84300293e-04
0.00000000e+00,1.94487433e-04,3.88975203e-04,5.83462502e-04
0.00000000e+00,2.22689871e-04,4.45380119e-04,6.68069910e-04
0.00000000e+00,1.94789280e-04,3.89578771e-04,5.84367939e-04
0.00000000e+00,2.75242355e-04,5.50485262e-04,8.25727621e-04
0.00000000e+00,2.48826207e-04,4.97653111e-04,7.46479271e-04
0.00000000e+00,2.77197996e-04,5.54396451e-04,8.31594446e-04
0.00000000e+00,2.75198779e-04,5.50398068e-04,8.25596866e-04
0.00000000e+00,2.50256658e-04,5.00513813e-04,7.50770421e-04
0.00000000e+00,2.48825460e-04,4.97651370e-04,7.46476773e-04
0.00000000e+00,2.77385668e-04,5.54771737e-04,8.32157412e-04
0.00000000e+00,2.50353944e-04,5.00708244e-04,7.51062137e-04
0.00000000e+00,3.33333333e-04,6.66666667e-04,1.00000000e-03
0.00000000e+00,3.00050248e-04,6.00100997e-04,9.00151290e-04
0.00000000e+00,3.33333333e-04,6.66666667e-04,1.00000000e-03
0.00000000e+00,3.33333333e-04,6.66666667e-04,1.00000000e-03
0.00000000e+00,3.05898626e-04,6.11797532e-04,9.17696169e-04
0.00000000e+00,3.00088601e-04,6.00177755e-04,9.00266430e-04
0.00000000e+00,3.33333333e-04,6.66666667e-04,1.00000000e-03
0.00000000e+00,3.06175676e-04,6.12351622e-04,9.18527319e-04
0.00000000e+00,0.00000000e+00,0.00000000e+00,0.00000000e+00
0.00000000e+00,4.82810495e-05,9.65619568e-05,1.44842945e-04
0.00000000e+00,0.00000000e+00,0.00000000e+00,0.00000000e+00
0.00000000e+00,0.00000000e+00,0.00000000e+00,0.00000000e+00
0.00000000e+00,2.18434641e-05,4.36868532e-05,6.55303033e-05
0.00000000e+00,4.76831971e-05,9.53662344e-05,1.43049358e-04
0.00000000e+00,4.80443896e-05,9.60886699e-05,1.44133002e-04
0.00000000e+00,0.00000000e+00,0.00000000e+00,0.00000000e+00
0.00000000e+00,2.15959907e-05,4.31918913e-05,6.47878546e-05
0.00000000e+00,2.17422157e-05,4.34843788e-05,6.52265810e-05
0.00000000e+00,4.74978606e-05,9.49955760e-05,1.42493363e-04
0.00000000e+00,2.15219029e-05,4.30437279e-05,6.45656022e-05
0.00000000e+00,1.06929723e-04,2.13859175e-04,3.20788784e-04
0.00000000e+00,7.71808095e-05,1.54361377e-04,2.31542088e-04
0.00000000e+00,1.06347514e-04,2.12694701e-04,3.19042090e-04
0.00000000e+00,1.06708669e-04,2.13417079e-04,3.20125636e-04
0.00000000e+00,7.64563586e-05,1.52912454e-04,2.29368698e-04
0.00000000e+00,7.69005552e-05,1.53800914e-04,2.30701362e-04
0.00000000e+00,1.06151650e-04,2.12302978e-04,3.18454505e-04
0.00000000e+00,7.62219369e-05,1.52443643e-04,2.28665471e-04
0.00000000e+00,1.66666817e-04,3.33333260e-04,4.99999936e-04
0.00000000e+00,1.36790710e-04,2.73581006e-04,4.10371563e-04
0.00000000e+00,1.66666822e-04,3.33333233e-04,4.99999917e-04
0.00000000e+00,1.66666815e-04,3.33333262e-04,4.99999936e-04
0.00000000e+00,1.36481995e-04,2.72963561e-04,4.09445409e-04
0.00000000e+00,1.36674731e-04,2.73349087e-04,4.10023693e-04
0.00000000e+00,1.66666812e-04,3.33333236e-04,4.99999924e-04
0.00000000e+00,1.36375680e-04,2.72750951e-04,4.09126497e-04
0.00000000e+00,2.26403772e-04,4.52807417e-04,6.79211128e-04
0.00000000e+00,1.96542887e-04,3.93085516e-04,5.89628297e-04
0.00000000e+00,2.26985998e-04,4.53971854e-04,6.80957805e-04
0.00000000e+00,2.26624850e-04,4.53249513e-04,6.79874275e-04
0.00000000e+00,1.96851603e-04,3.93702929e-04,5.90554444e-04
0.00000000e+00,1.96658848e-04,3.93317447e-04,5.89976193e-04
0.00000000e+00,2.27181884e-04,4.54363569e-04,6.81545387e-04
0.00000000e+00,1.96957919e-04,3.93915543e-04,5.90873365e-04
0.00000000e+00,2.85052376e-04,5.70104692e-04,8.55157019e-04
0.00000000e+00,2.56152624e-04,5.12305261e-04,7.68457848e-04
0.00000000e+00,2.85650198e-04,5.71300432e-04,8.56950609e-04
0.00000000e+00,2.85289022e-04,5.70577973e-04,8.55866959e-04
0.00000000e+00,2.56877102e-04,5.13754159e-04,7.70631232e-04
0.00000000e+00,2.56432947e-04,5.12865697e-04,7.69298562e-04
0.00000000e+00,2.85835550e-04,5.71671066e-04,8.57506596e-04
0.00000000e+00,2.57111534e-04,5.14222959e-04,7.71334455e-04
0.00000000e+00,3.33333333e-04,6.66666667e-04,1.00000000e-03
0.00000000e+00,3.11489877e-04,6.22979829e-04,9.34469692e-04
0.00000000e+00,3.33333333e-04,6.66666667e-04,1.00000000e-03
0.00000000e+00,3.33333333e-04,6.66666667e-04,1.00000000e-03
0.00000000e+00,3.11737364e-04,6.23474782e-04,9.35212135e-04
0.00000000e+00,3.11591105e-04,6.23182312e-04,9.34773419e-04
0.00000000e+00,3.33333333e-04,6.66666667e-04,1.00000000e-03
0.00000000e+00,3.11811443e-04,6.23622944e-04,9.35434387e-04
0.00000000e+00,0.00000000e+00,0.00000000e+00,0.00000000e+00
0.00000000e+00,5.01776596e-05,1.00355024e-04,1.50532633e-04
0.00000000e+00,0.00000000e+00,0.00000000e+00,0.00000000e+00
0.00000000e+00,0.00000000e+00,0.00000000e+00,0.00000000e+00
0.00000000e+00,2.27518861e-05,4.55036012e-05,6.82554724e-05
0.00000000e+00,4.90900472e-05,9.81798867e-05,1.47269884e-04
0.00000000e+00,4.97879095e-05,9.95755541e-05,1.49363409e-04
0.00000000e+00,0.00000000e+00,0.00000000e+00,0.00000000e+00
0.00000000e+00,2.22034829e-05,4.44068508e-05,6.66103177e-05
0.00000000e+00,2.25469188e-05,4.50936946e-05,6.76405993e-05
0.00000000e+00,4.87868002e-05,9.75734317e-05,1.46360178e-04
0.00000000e+00,2.20601172e-05,4.41201385e-05,6.61802397e-05
0.00000000e+00,1.08353467e-04,2.16706547e-04,3.25059875e-04
0.00000000e+00,7.91732615e-05,1.58346185e-04,2.37519353e-04
0.00000000e+00,1.07604182e-04,2.15208037e-04,3.22812090e-04
0.00000000e+00,1.08104873e-04,2.16209406e-04,3.24314143e-04
0.00000000e+00,7.80822944e-05,1.56164321e-04,2.34246525e-04
0.00000000e+00,7.88027341e-05,1.57605172e-04,2.36407807e-04
0.00000000e+00,1.07365012e-04,2.14729716e-04,3.22094600e-04
0.00000000e+00,7.77546795e-05,1.55509121e-04,2.33263699e-04
0.00000000e+00,1.66666802e-04,3.33333296e-04,4.99999938e-04
0.00000000e+00,1.37506017e-04,2.75011642e-04,4.12517488e-04
0.00000000e+00,1.66666818e-04,3.33333271e-04,4.99999930e-04
0.00000000e+00,1.66666787e-04,3.33333304e-04,4.99999943e-04
0.00000000e+00,1.37135575e-04,2.74270743e-04,4.11406155e-04
0.00000000e+00,1.37384982e-04,2.74769601e-04,4.12154431e-04
0.00000000e+00,1.66666803e-04,3.33333279e-04,4.99999939e-04
0.00000000e+00,1.37014484e-04,2.74028606e-04,4.11042947e-04
0.00000000e+00,2.24980004e-04,4.49960119e-04,6.74940041e-04
0.00000000e+00,1.95827557e-04,3.91654961e-04,5.87482385e-04
0.00000000e+00,2.25729306e-04,4.51458576e-04,6.77187813e-04
0.00000000e+00,2.25228610e-04,4.50457251e-04,6.75685765e-04
0.00000000e+00,1.96198027e-04,3.92395809e-04,5.88593710e-04
0.00000000e+00,1.95948566e-04,3.91897022e-04,5.87845463e-04
0.00000000e+00,2.25968487e-04,4.51936909e-04,6.77905309e-04
0.00000000e+00,1.96319083e-04,3.92637975e-04,5.88956940e-04
0.00000000e+00,2.83155745e-04,5.66311627e-04,8.49467326e-04
0.00000000e+00,2.54160141e-04,5.08320490e-04,7.62480586e-04
0.00000000e+00,2.84243348e-04,5.68486779e-04,8.52730084e-04
0.00000000e+00,2.83545533e-04,5.67091077e-04,8.50636543e-04
0.00000000e+00,2.55251114e-04,5.10502338e-04,7.65753415e-04
0.00000000e+00,2.54530699e-04,5.09061510e-04,7.63592138e-04
0.00000000e+00,2.84546591e-04,5.69093236e-04,8.53639795e-04
0.00000000e+00,2.55578768e-04,5.11157535e-04,7.66736241e-04
0.00000000e+00,3.33333333e-04,6.66666667e-04,1.00000000e-03
0.00000000e+00,3.10581446e-04,6.21163091e-04,9.31744531e-04
0.00000000e+00,3.33333333e-04,6.66666667e-04,1.00000000e-03
0.00000000e+00,3.33333333e-04,6.66666667e-04,1.00000000e-03
0.00000000e+00,3.11129885e-04,6.22259810e-04,9.33389667e-04
0.00000000e+00,3.10786457e-04,6.21572950e-04,9.32359382e-04
0.00000000e+00,3.33333333e-04,6.66666667e-04,1.00000000e-03
0.00000000e+00,3.11273237e-04,6.22546528e-04,9.33819751e-04
0.00000000e+00,0.00000000e+00,0.00000000e+00,0.00000000e+00
0.00000000e+00,5.36366574e-05,1.07272790e-04,1.60909386e-04
0.00000000e+00,0.00000000e+00,0.00000000e+00,0.00000000e+00
0.00000000e+00,0.00000000e+00,0.00000000e+00,0.00000000e+00
0.00000000e+00,2.50716058e-05,5.01429032e-05,7.52144919e-05
0.00000000e+00,5.16703086e-05,1.03340245e-04,1.55010502e-04
0.00000000e+00,5.29732987e-05,1.05946137e-04,1.58919382e-04
0.00000000e+00,0.00000000e+00,0.00000000e+00,0.00000000e+00
0.00000000e+00,2.36149196e-05,4.72296208e-05,7.08445250e-05
0.00000000e+00,2.45982135e-05,4.91961380e-05,7.37943337e-05
0.00000000e+00,5.11698389e-05,1.02339338e-04,1.53509120e-04
0.00000000e+00,2.32994780e-05,4.65987559e-05,6.98982129e-05
0.00000000e+00,1.09909879e-04,2.19819257e-04,3.29728984e-04
0.00000000e+00,8.18651980e-05,1.63729830e-04,2.45594921e-04
0.00000000e+00,1.09142542e-04,2.18284658e-04,3.27427056e-04
0.00000000e+00,1.09678132e-04,2.19355826e-04,3.29033805e-04
0.00000000e+00,8.04474587e-05,1.60894469e-04,2.41341829e-04
0.00000000e+00,8.14700482e-05,1.62939626e-04,2.44409566e-04
0.00000000e+00,1.08903198e-04,2.17806015e-04,3.26709064e-04
0.00000000e+00,8.00450493e-05,1.60089722e-04,2.40134668e-04
0.00000000e+00,1.66666782e-04,3.33333337e-04,4.99999936e-04
0.00000000e+00,1.38266643e-04,2.76532912e-04,4.14799369e-04
0.00000000e+00,1.66666791e-04,3.33333316e-04,4.99999936e-04
0.00000000e+00,1.66666755e-04,3.33333362e-04,4.99999950e-04
0.00000000e+00,1.37886715e-04,2.75773039e-04,4.13659569e-04
0.00000000e+00,1.38161908e-04,2.76323455e-04,4.14485192e-04
0.00000000e+00,1.66666772e-04,3.33333331e-04,4.99999946e-04
0.00000000e+00,1.37770398e-04,2.75540446e-04,4.13310684e-04
0.00000000e+00,2.23423594e-04,4.46847448e-04,6.70270936e-04
0.00000000e+00,1.95066894e-04,3.90133788e-04,5.85200517e-04
0.00000000e+00,2.24190930e-04,4.48382020e-04,6.72572856e-04
0.00000000e+00,2.23655327e-04,4.47310899e-04,6.70966112e-04
0.00000000e+00,1.95446850e-04,3.90893614e-04,5.86340310e-04
0.00000000e+00,1.95171590e-04,3.90343268e-04,5.85514714e-04
0.00000000e+00,2.24430264e-04,4.48860694e-04,6.73290851e-04
0.00000000e+00,1.95563122e-04,3.91126225e-04,5.86689215e-04
0.00000000e+00,2.79696731e-04,5.59393868e-04,8.39090576e-04
0.00000000e+00,2.51468212e-04,5.02936852e-04,7.54405018e-04
0.00000000e+00,2.81663083e-04,5.63326417e-04,8.44989460e-04
0.00000000e+00,2.80360110e-04,5.60720510e-04,8.41080578e-04
0.00000000e+00,2.52885918e-04,5.05772234e-04,7.58658120e-04
0.00000000e+00,2.51863363e-04,5.03727085e-04,7.55590381e-04
0.00000000e+00,2.82163554e-04,5.64327333e-04,8.46490847e-04
0.00000000e+00,2.53288372e-04,5.06576972e-04,7.59865277e-04
0.00000000e+00,3.33333333e-04,6.66666667e-04,1.00000000e-03
0.00000000e+00,3.08261746e-04,6.16523757e-04,9.24785502e-04
0.00000000e+00,3.33333333e-04,6.66666667e-04,1.00000000e-03
0.00000000e+00,3.33333333e-04,6.66666667e-04,1.00000000e-03
0.00000000e+00,3.09718449e-04,6.19437032e-04,9.29155459e-04
0.00000000e+00,3.08735172e-04,6.17470495e-04,9.26205646e-04
0.00000000e+00,3.33333333e-04,6.66666667e-04,1.00000000e-03
0.00000000e+00,3.10033900e-04,6.20067891e-04,9.30101769e-04
0.00000000e+00,0.00000000e+00,0.00000000e+00,0.00000000e+00
0.00000000e+00,5.80615092e-05,1.16122110e-04,1.74183581e-04
0.00000000e+00,0.00000000e+00,0.00000000e+00,0.00000000e+00
0.00000000e+00,0.00000000e+00,0.00000000e+00,0.00000000e+00
0.00000000e+00,3.33071900e-05,6.66137703e-05,9.99209618e-05
0.00000000e+00,5.63046856e-05,1.12608702e-04,1.68913338e-04
0.00000000e+00,5.81346673e-05,1.16268445e-04,1.74403091e-04
0.00000000e+00,0.00000000e+00,0.00000000e+00,0.00000000e+00
0.00000000e+00,2.76761034e-05,5.53517966e-05,8.30278893e-05
0.00000000e+00,3.32447307e-05,6.64888275e-05,9.97335577e-05
0.00000000e+00,5.59477689e-05,1.11894841e-04,1.67842559e-04
0.00000000e+00,2.71576976e-05,5.43149883e-05,8.14726705e-05
0.00000000e+00,1.11322196e-04,2.22643705e-04,3.33965728e-04
0.00000000e+00,8.45104811e-05,1.69020057e-04,2.53530442e-04
0.00000000e+00,1.10752439e-04,2.21504310e-04,3.32256587e-04
0.00000000e+00,1.11332803e-04,2.22665005e-04,3.33997631e-04
0.00000000e+00,8.31641257e-05,1.66327499e-04,2.49491512e-04
0.00000000e+00,8.45080393e-05,1.69015223e-04,2.53523156e-04
0.00000000e+00,1.10643579e-04,2.21286622e-04,3.31930029e-04
0.00000000e+00,8.29795188e-05,1.65958395e-04,2.48937806e-04
0.00000000e+00,1.66666717e-04,3.33333444e-04,4.99999951e-04
0.00000000e+00,1.38845457e-04,2.77690607e-04,4.16535847e-04
0.00000000e+00,1.66666755e-04,3.33333381e-04,4.99999941e-04
0.00000000e+00,1.66666696e-04,3.33333486e-04,4.99999968e-04
0.00000000e+00,1.38586504e-04,2.77172632e-04,4.15758930e-04
0.00000000e+00,1.38845977e-04,2.77691679e-04,4.16537451e-04
0.00000000e+00,1.66666734e-04,3.33333408e-04,4.99999956e-04
0.00000000e+00,1.38544165e-04,2.77088015e-04,4.15631994e-04
0.00000000e+00,2.22011312e-04,4.44023005e-04,6.66034178e-04
0.00000000e+00,1.94488031e-04,3.88976226e-04,5.83464045e-04
0.00000000e+00,2.22581037e-04,4.45162407e-04,6.67743319e-04
0.00000000e+00,2.22000672e-04,4.44001767e-04,6.66002286e-04
0.00000000e+00,1.94747015e-04,3.89494124e-04,5.84240958e-04
0.00000000e+00,1.94487446e-04,3.88975229e-04,5.83462481e-04
0.00000000e+00,2.22689893e-04,4.45380128e-04,6.68069883e-04
0.00000000e+00,1.94789303e-04,3.89578784e-04,5.84367919e-04
0.00000000e+00,2.75271902e-04,5.50544460e-04,8.25816375e-04
0.00000000e+00,2.48822968e-04,4.97646578e-04,7.46469490e-04
0.00000000e+00,2.77028708e-04,5.54057929e-04,8.31086623e-04
0.00000000e+00,2.75198785e-04,5.50398100e-04,8.25596857e-04
0.00000000e+00,2.50169289e-04,5.00339180e-04,7.50508431e-04
0.00000000e+00,2.48825441e-04,4.97651416e-04,7.46476768e-04
0.00000000e+00,2.77385670e-04,5.54771758e-04,8.32157392e-04
0.00000000e+00,2.50353927e-04,5.00708282e-04,7.51062128e-04
0.00000000e+00,3.33333333e-04,6.66666667e-04,1.00000000e-03
0.00000000e+00,3.00026143e-04,6.00052839e-04,9.00079030e-04
0.00000000e+00,3.33333333e-04,6.66666667e-04,1.00000000e-03
0.00000000e+00,3.33333333e-04,6.66666667e-04,1.00000000e-03
0.00000000e+00,3.05657263e-04,6.11314832e-04,9.16972094e-04
0.00000000e+00,3.00088660e-04,6.00177737e-04,9.00266419e-04
0.00000000e+00,3.33333333e-04,6.66666667e-04,1.00000000e-03
0.00000000e+00,3.06175692e-04,6.12351620e-04,9.18527306e-04
0.00000000e+00,0.00000000e+00,0.00000000e+00,0.00000000e+00
0.00000000e+00,4.91147053e-05,9.82292599e-05,1.47343911e-04
0.00000000e+00,0.00000000e+00,0.00000000e+00,0.00000000e+00
0.00000000e+00,0.00000000e+00,0.00000000e+00,0.00000000e+00
0.00000000e+00,2.22139098e-05,4.44277102e-05,6.66415916e-05
0.00000000e+00,4.84248950e-05,9.68496541e-05,1.45274488e-04
0.00000000e+00,4.85731723e-05,9.71461779e-05,1.45719295e-04
0.00000000e+00,0.00000000e+00,0.00000000e+00,0.00000000e+00
0.00000000e+00,2.19028513e-05,4.38056147e-05,6.57084363e-05
0.00000000e+00,2.19667617e-05,4.39334404e-05,6.59001816e-05
0.00000000e+00,4.79625662e-05,9.59249569e-05,1.43887451e-04
0.00000000e+00,2.17065275e-05,4.34129617e-05,6.51194601e-05
0.00000000e+00,1.07624086e-04,2.15247875e-04,3.22871848e-04
0.00000000e+00,7.81097624e-05,1.56219302e-04,2.34328984e-04
0.00000000e+00,1.07055925e-04,2.14111561e-04,3.21167366e-04
0.00000000e+00,1.07186353e-04,2.14372409e-04,3.21558634e-04
0.00000000e+00,7.73460245e-05,1.54691849e-04,2.32037786e-04
0.00000000e+00,7.75165735e-05,1.55032910e-04,2.32549394e-04
0.00000000e+00,1.06628478e-04,2.13256631e-04,3.19884980e-04
0.00000000e+00,7.68011327e-05,1.53602013e-04,2.30403043e-04
0.00000000e+00,1.66666832e-04,3.33333218e-04,4.99999915e-04
0.00000000e+00,1.37145513e-04,2.74290605e-04,4.11435970e-04
0.00000000e+00,1.66666834e-04,3.33333213e-04,4.99999911e-04
0.00000000e+00,1.66666837e-04,3.33333229e-04,4.99999917e-04
0.00000000e+00,1.36855915e-04,2.73711404e-04,4.10567167e-04
0.00000000e+00,1.36923255e-04,2.73846084e-04,4.10769181e-04
0.00000000e+00,1.66666832e-04,3.33333221e-04,4.99999911e-04
0.00000000e+00,1.36632107e-04,2.73263765e-04,4.09895705e-04
0.00000000e+00,2.25709359e-04,4.51418711e-04,6.77128050e-04
0.00000000e+00,1.96188067e-04,3.92375889e-04,5.88563883e-04
0.00000000e+00,2.26277522e-04,4.52555018e-04,6.78832533e-04
0.00000000e+00,2.26147113e-04,4.52294189e-04,6.78441265e-04
0.00000000e+00,1.96477675e-04,3.92955073e-04,5.89432682e-04
0.00000000e+00,1.96410343e-04,3.92820419e-04,5.89230670e-04
0.00000000e+00,2.26705002e-04,4.53409934e-04,6.80114915e-04
0.00000000e+00,1.96701506e-04,3.93402706e-04,5.90104129e-04
0.00000000e+00,2.84218715e-04,5.68437367e-04,8.52656031e-04
0.00000000e+00,2.55223592e-04,5.10447374e-04,7.65670970e-04
0.00000000e+00,2.84908482e-04,5.69817015e-04,8.54725479e-04
0.00000000e+00,2.84760214e-04,5.69520507e-04,8.54280681e-04
0.00000000e+00,2.55987323e-04,5.11974834e-04,7.67962173e-04
0.00000000e+00,2.55816809e-04,5.11633752e-04,7.67450553e-04
0.00000000e+00,2.85370813e-04,5.70741721e-04,8.56112521e-04
0.00000000e+00,2.56532267e-04,5.13064627e-04,7.69596898e-04
0.00000000e+00,3.33333333e-04,6.66666667e-04,1.00000000e-03
0.00000000e+00,3.11119431e-04,6.22238975e-04,9.33358404e-04
0.00000000e+00,3.33333333e-04,6.66666667e-04,1.00000000e-03
0.00000000e+00,3.33333333e-04,6.66666667e-04,1.00000000e-03
0.00000000e+00,3.11430510e-04,6.22861048e-04,9.34291546e-04
0.00000000e+00,3.11366596e-04,6.22733228e-04,9.34099802e-04
0.00000000e+00,3.33333333e-04,6.66666667e-04,1.00000000e-03
0.00000000e+00,3.11626834e-04,6.23253704e-04,9.34880525e-04
0.00000000e+00,0.00000000e+00,0.00000000e+00,0.00000000e+00
0.00000000e+00,5.11505794e-05,1.02300875e-04,1.53451394e-04
0.00000000e+00,0.00000000e+00,0.00000000e+00,0.00000000e+00
0.00000000e+00,0.00000000e+00,0.00000000e+00,0.00000000e+00
0.00000000e+00,2.32899593e-05,4.65797720e-05,6.98697070e-05
0.00000000e+00,5.00066792e-05,1.00013149e-04,1.50019772e-04
0.00000000e+00,5.04172905e-05,1.00834298e-04,1.51251535e-04
0.00000000e+00,0.00000000e+00,0.00000000e+00,0.00000000e+00
0.00000000e+00,2.26541045e-05,4.53080855e-05,6.79621636e-05
0.00000000e+00,2.28736698e-05,4.57471896e-05,6.86208406e-05
0.00000000e+00,4.93728405e-05,9.87454743e-05,1.48118264e-04
0.00000000e+00,2.23323929e-05,4.46646664e-05,6.69970384e-05
0.00000000e+00,1.08893843e-04,2.17787304e-04,3.26681041e-04
0.00000000e+00,8.00299964e-05,1.60059624e-04,2.40089532e-04
0.00000000e+00,1.08241987e-04,2.16483633e-04,3.24725509e-04
0.00000000e+00,1.08493415e-04,2.16986436e-04,3.25479719e-04
0.00000000e+00,7.90058732e-05,1.58011467e-04,2.37017262e-04
0.00000000e+00,7.93939245e-05,1.58787508e-04,2.38181346e-04
0.00000000e+00,1.07813902e-04,2.15627468e-04,3.23441243e-04
0.00000000e+00,7.83786842e-05,1.56757098e-04,2.35135699e-04
0.00000000e+00,1.66666808e-04,3.33333245e-04,4.99999927e-04
0.00000000e+00,1.37767128e-04,2.75533793e-04,4.13300785e-04
0.00000000e+00,1.66666818e-04,3.33333233e-04,4.99999921e-04
0.00000000e+00,1.66666813e-04,3.33333267e-04,4.99999924e-04
0.00000000e+00,1.37451622e-04,2.74902807e-04,4.12354286e-04
0.00000000e+00,1.37574471e-04,2.75148519e-04,4.12722828e-04
0.00000000e+00,1.66666823e-04,3.33333249e-04,4.99999921e-04
0.00000000e+00,1.37240274e-04,2.74480131e-04,4.11720244e-04
0.00000000e+00,2.24439585e-04,4.48879308e-04,6.73318862e-04
0.00000000e+00,1.95566427e-04,3.91132724e-04,5.86699075e-04
0.00000000e+00,2.25091444e-04,4.50182970e-04,6.75274394e-04
0.00000000e+00,2.24840050e-04,4.49680193e-04,6.74520187e-04
0.00000000e+00,1.95881951e-04,3.91763698e-04,5.87645571e-04
0.00000000e+00,1.95759104e-04,3.91518047e-04,5.87277037e-04
0.00000000e+00,2.25519560e-04,4.51039146e-04,6.76558660e-04
0.00000000e+00,1.96093318e-04,3.92186403e-04,5.88279614e-04
0.00000000e+00,2.82182877e-04,5.64365739e-04,8.46548541e-04
0.00000000e+00,2.53303393e-04,5.06607038e-04,7.59910411e-04
0.00000000e+00,2.83326722e-04,5.66653504e-04,8.49980185e-04
0.00000000e+00,2.82916134e-04,5.65832338e-04,8.48748410e-04
0.00000000e+00,2.54327487e-04,5.08655207e-04,7.62982690e-04
0.00000000e+00,2.53939467e-04,5.07879162e-04,7.61818597e-04
0.00000000e+00,2.83960549e-04,5.67921194e-04,8.51881700e-04
0.00000000e+00,2.54954695e-04,5.09909575e-04,7.64864250e-04
0.00000000e+00,3.33333333e-04,6.66666667e-04,1.00000000e-03
0.00000000e+00,3.10043376e-04,6.20086917e-04,9.30130288e-04
0.00000000e+00,3.33333333e-04,6.66666667e-04,1.00000000e-03
0.00000000e+00,3.33333333e-04,6.66666667e-04,1.00000000e-03
0.00000000e+00,3.10679258e-04,6.21358579e-04,9.32037818e-04
0.00000000e+00,3.10459685e-04,6.20919482e-04,9.31379148e-04
0.00000000e+00,3.33333333e-04,6.66666667e-04,1.00000000e-03
0.00000000e+00,3.11000975e-04,6.22001995e-04,9.33002944e-04
0.00000000e+00,0.00000000e+00,0.00000000e+00,0.00000000e+00
0.00000000e+00,5.44950342e-05,1.08989633e-04,1.63484599e-04
0.00000000e+00,0.00000000e+00,0.00000000e+00,0.00000000e+00
0.00000000e+00,0.00000000e+00,0.00000000e+00,0.00000000e+00
0.00000000e+00,2.57610188e-05,5.15218132e-05,7.72828102e-05
0.00000000e+00,5.26347056e-05,1.05269060e-04,1.57903705e-04
0.00000000e+00,5.35522311e-05,1.07104007e-04,1.60656183e-04
0.00000000e+00,0.00000000e+00,0.00000000e+00,0.00000000e+00
0.00000000e+00,2.42515436e-05,4.85029046e-05,7.27544257e-05
0.00000000e+00,2.50215838e-05,5.00429362e-05,7.50645051e-05
0.00000000e+00,5.18028408e-05,1.03605336e-04,1.55408124e-04
0.00000000e+00,2.36864578e-05,4.73727285e-05,7.10591677e-05
0.00000000e+00,1.10187752e-04,2.20374962e-04,3.30562611e-04
0.00000000e+00,8.23371034e-05,1.64673628e-04,2.47010630e-04
0.00000000e+00,1.09550118e-04,2.19099774e-04,3.28649785e-04
0.00000000e+00,1.09879658e-04,2.19758796e-04,3.29638317e-04
0.00000000e+00,8.11580560e-05,1.62315628e-04,2.43473581e-04
0.00000000e+00,8.18178780e-05,1.63635204e-04,2.45452985e-04
0.00000000e+00,1.09201427e-04,2.18402410e-04,3.27603704e-04
0.00000000e+00,8.05493292e-05,1.61098217e-04,2.41647455e-04
0.00000000e+00,1.66666790e-04,3.33333258e-04,4.99999918e-04
0.00000000e+00,1.38387768e-04,2.76775022e-04,4.15162662e-04
0.00000000e+00,1.66666799e-04,3.33333252e-04,4.99999924e-04
0.00000000e+00,1.66666794e-04,3.33333305e-04,4.99999927e-04
0.00000000e+00,1.38082480e-04,2.76164441e-04,4.14246786e-04
0.00000000e+00,1.38253631e-04,2.76506828e-04,4.14760296e-04
0.00000000e+00,1.66666802e-04,3.33333287e-04,4.99999926e-04
0.00000000e+00,1.37914667e-04,2.75828898e-04,4.13743401e-04
0.00000000e+00,2.23145715e-04,4.46291624e-04,6.69437297e-04
0.00000000e+00,1.94945767e-04,3.89891513e-04,5.84837198e-04
0.00000000e+00,2.23783329e-04,4.47566826e-04,6.71350120e-04
0.00000000e+00,2.23453828e-04,4.46907844e-04,6.70361589e-04
0.00000000e+00,1.95251070e-04,3.90502075e-04,5.85753071e-04
0.00000000e+00,1.95079914e-04,3.90159797e-04,5.85239578e-04
0.00000000e+00,2.24132041e-04,4.48264230e-04,6.72396201e-04
0.00000000e+00,1.95418896e-04,3.90837698e-04,5.86256468e-04
0.00000000e+00,2.78838419e-04,5.57676988e-04,8.36515328e-04
0.00000000e+00,2.50996331e-04,5.01993009e-04,7.52989300e-04
0.00000000e+00,2.80698715e-04,5.61397581e-04,8.42096242e-04
0.00000000e+00,2.79781189e-04,5.59562618e-04,8.39343756e-04
0.00000000e+00,2.52175354e-04,5.04351031e-04,7.56526358e-04
0.00000000e+00,2.51515546e-04,5.03031451e-04,7.54546951e-04
0.00000000e+00,2.81530560e-04,5.63061315e-04,8.44591828e-04
0.00000000e+00,2.52784080e-04,5.05568447e-04,7.58352484e-04
0.00000000e+00,3.33333333e-04,6.66666667e-04,1.00000000e-03
0.00000000e+00,3.07572309e-04,6.15144879e-04,9.22717185e-04
0.00000000e+00,3.33333333e-04,6.66666667e-04,1.00000000e-03
0.00000000e+00,3.33333333e-04,6.66666667e-04,1.00000000e-03
0.00000000e+00,3.09081814e-04,6.18163762e-04,9.27245556e-04
0.00000000e+00,3.08311763e-04,6.16623731e-04,9.24935483e-04
0.00000000e+00,3.33333333e-04,6.66666667e-04,1.00000000e-03
0.00000000e+00,3.09646910e-04,6.19293927e-04,9.28940813e-04
0.00000000e+00,0.00000000e+00,0.00000000e+00,0.00000000e+00
0.00000000e+00,5.79925200e-05,1.15984368e-04,1.73976820e-04
0.00000000e+00,0.00000000e+00,0.00000000e+00,0.00000000e+00
0.00000000e+00,0.00000000e+00,0.00000000e+00,0.00000000e+00
0.00000000e+00,3.33614716e-05,6.67225542e-05,1.00083997e-04
0.00000000e+00,5.67364195e-05,1.13472290e-04,1.70208643e-04
0.00000000e+00,5.80791573e-05,1.16157521e-04,1.74236638e-04
0.00000000e+00,0.00000000e+00,0.00000000e+00,0.00000000e+00
0.00000000e+00,2.83545761e-05,5.67088530e-05,8.50634071e-05
0.00000000e+00,3.32893432e-05,6.65782061e-05,9.98675428e-05
0.00000000e+00,5.62676786e-05,1.12534757e-04,1.68802384e-04
0.00000000e+00,2.76015220e-05,5.52027137e-05,8.28042227e-05
0.00000000e+00,1.11310505e-04,2.22620197e-04,3.33930578e-04
0.00000000e+00,8.45205311e-05,1.69040201e-04,2.53560613e-04
0.00000000e+00,1.10880683e-04,2.21760701e-04,3.32641269e-04
0.00000000e+00,1.11326004e-04,2.22651198e-04,3.33977028e-04
0.00000000e+00,8.33872398e-05,1.66773753e-04,2.50160881e-04
0.00000000e+00,8.45143321e-05,1.69027762e-04,2.53541984e-04
0.00000000e+00,1.10738871e-04,2.21477101e-04,3.32215823e-04
0.00000000e+00,8.31450271e-05,1.66289326e-04,2.49434246e-04
0.00000000e+00,1.66666753e-04,3.33333262e-04,4.99999914e-04
0.00000000e+00,1.38845899e-04,2.77691151e-04,4.16536924e-04
0.00000000e+00,1.66666773e-04,3.33333265e-04,4.99999919e-04
0.00000000e+00,1.66666736e-04,3.33333363e-04,4.99999929e-04
0.00000000e+00,1.38635756e-04,2.77270931e-04,4.15906556e-04
0.00000000e+00,1.38846318e-04,2.77692135e-04,4.16538271e-04
0.00000000e+00,1.66666773e-04,3.33333326e-04,4.99999928e-04
0.00000000e+00,1.38581986e-04,2.77163506e-04,4.15745321e-04
0.00000000e+00,2.22023007e-04,4.44046370e-04,6.66069315e-04
0.00000000e+00,1.94487626e-04,3.88975361e-04,5.83462914e-04
0.00000000e+00,2.22452807e-04,4.44905874e-04,6.67358625e-04
0.00000000e+00,2.22007526e-04,4.44015457e-04,6.66022869e-04
0.00000000e+00,1.94697778e-04,3.89395595e-04,5.84093293e-04
0.00000000e+00,1.94487191e-04,3.88974562e-04,5.83461602e-04
0.00000000e+00,2.22594630e-04,4.45189545e-04,6.67784081e-04
0.00000000e+00,1.94751544e-04,3.89503153e-04,5.84254553e-04
0.00000000e+00,2.75340915e-04,5.50682258e-04,8.26023127e-04
0.00000000e+00,2.48812964e-04,4.97626401e-04,7.46439312e-04
0.00000000e+00,2.76596990e-04,5.53194362e-04,8.29791308e-04
0.00000000e+00,2.75254269e-04,5.50509054e-04,8.25763308e-04
0.00000000e+00,2.49946228e-04,4.99892862e-04,7.49839046e-04
0.00000000e+00,2.48819151e-04,4.97638846e-04,7.46457946e-04
0.00000000e+00,2.77065728e-04,5.54131867e-04,8.31197567e-04
0.00000000e+00,2.50188430e-04,5.00377304e-04,7.50565683e-04
0.00000000e+00,3.33333333e-04,6.66666667e-04,1.00000000e-03
0.00000000e+00,2.99971811e-04,5.99944188e-04,8.99916013e-04
0.00000000e+00,3.33333333e-04,6.66666667e-04,1.00000000e-03
0.00000000e+00,3.33333333e-04,6.66666667e-04,1.00000000e-03
0.00000000e+00,3.04978764e-04,6.09957828e-04,9.14936581e-04
0.00000000e+00,3.00043987e-04,6.00088447e-04,9.00132453e-04
0.00000000e+00,3.33333333e-04,6.66666667e-04,1.00000000e-03
0.00000000e+00,3.05731835e-04,6.11463934e-04,9.17195761e-04
0.00000000e+00,0.00000000e+00,0.00000000e+00,0.00000000e+00
0.00000000e+00,4.82810101e-05,9.65619666e-05,1.44842924e-04
0.00000000e+00,0.00000000e+00,0.00000000e+00,0.00000000e+00
0.00000000e+00,0.00000000e+00,0.00000000e+00,0.00000000e+00
0.00000000e+00,2.18434376e-05,4.36868700e-05,6.55302901e-05
0.00000000e+00,4.76831668e-05,9.53662412e-05,1.43049344e-04
0.00000000e+00,4.85731434e-05,9.71461950e-05,1.45719283e-04
0.00000000e+00,0.00000000e+00,0.00000000e+00,0.00000000e+00
0.00000000e+00,2.15959736e-05,4.31918987e-05,6.47878441e-05
0.00000000e+00,2.19667461e-05,4.39334512e-05,6.59001736e-05
0.00000000e+00,4.79625435e-05,9.59249669e-05,1.43887441e-04
0.00000000e+00,2.17065137e-05,4.34129691e-05,6.51194522e-05
0.00000000e+00,1.06929667e-04,2.13859177e-04,3.20788783e-04
0.00000000e+00,7.71807519e-05,1.54361392e-04,2.31542080e-04
0.00000000e+00,1.06347461e-04,2.12694717e-04,3.19042091e-04
0.00000000e+00,1.07186323e-04,2.14372409e-04,3.21558631e-04
0.00000000e+00,7.64563058e-05,1.52912465e-04,2.29368688e-04
0.00000000e+00,7.75165487e-05,1.55032922e-04,2.32549390e-04
0.00000000e+00,1.06628450e-04,2.13256639e-04,3.19884979e-04
0.00000000e+00,7.68011130e-05,1.53602024e-04,2.30403040e-04
0.00000000e+00,1.66666763e-04,3.33333246e-04,4.99999934e-04
0.00000000e+00,1.36790646e-04,2.73581011e-04,4.10371571e-04
0.00000000e+00,1.66666777e-04,3.33333232e-04,4.99999927e-04
0.00000000e+00,1.66666813e-04,3.33333215e-04,4.99999920e-04
0.00000000e+00,1.36481952e-04,2.72963572e-04,4.09445413e-04
0.00000000e+00,1.36923226e-04,2.73846079e-04,4.10769184e-04
0.00000000e+00,1.66666811e-04,3.33333217e-04,4.99999917e-04
0.00000000e+00,1.36632080e-04,2.73263765e-04,4.09895708e-04
0.00000000e+00,2.26403761e-04,4.52807375e-04,6.79211118e-04
0.00000000e+00,1.96542854e-04,3.93085488e-04,5.89628303e-04
0.00000000e+00,2.26985991e-04,4.53971825e-04,6.80957803e-04
0.00000000e+00,2.26147114e-04,4.52294158e-04,6.78441266e-04
0.00000000e+00,1.96851578e-04,3.93702909e-04,5.90554450e-04
0.00000000e+00,1.96410323e-04,3.92820403e-04,5.89230675e-04
0.00000000e+00,2.26705006e-04,4.53409916e-04,6.80114917e-04
0.00000000e+00,1.96701490e-04,3.93402698e-04,5.90104136e-04
0.00000000e+00,2.85052337e-04,5.70104669e-04,8.55157023e-04
0.00000000e+00,2.56152625e-04,5.12305215e-04,7.68457845e-04
0.00000000e+00,2.85650192e-04,5.71300390e-04,8.56950606e-04
0.00000000e+00,2.84760212e-04,5.69520458e-04,8.54280679e-04
0.00000000e+00,2.56877101e-04,5.13754131e-04,7.70631230e-04
0.00000000e+00,2.55816814e-04,5.11633726e-04,7.67450551e-04
0.00000000e+00,2.85370818e-04,5.70741689e-04,8.56112520e-04
0.00000000e+00,2.56532271e-04,5.13064609e-04,7.69596895e-04
0.00000000e+00,3.33333333e-04,6.66666667e-04,1.00000000e-03
0.00000000e+00,3.11489855e-04,6.22979824e-04,9.34469713e-04
0.00000000e+00,3.33333333e-04,6.66666667e-04,1.00000000e-03
0.00000000e+00,3.33333333e-04,6.66666667e-04,1.00000000e-03
0.00000000e+00,3.11737371e-04,6.23474754e-04,9.35212137e-04
0.00000000e+00,3.11366585e-04,6.22733222e-04,9.34099817e-04
0.00000000e+00,3.33333333e-04,6.66666667e-04,1.00000000e-03
0.00000000e+00,3.11626841e-04,6.23253686e-04,9.34880529e-04
0.00000000e+00,0.00000000e+00,0.00000000e+00,0.00000000e+00
0.00000000e+00,5.01776003e-05,1.00355072e-04,1.50532623e-04
0.00000000e+00,0.00000000e+00,0.00000000e+00,0.00000000e+00
0.00000000e+00,0.00000000e+00,0.00000000e+00,0.00000000e+00
0.00000000e+00,2.27518466e-05,4.55036419e-05,6.82554667e-05
0.00000000e+00,4.90899955e-05,9.81799217e-05,1.47269872e-04
0.00000000e+00,5.04172634e-05,1.00834329e-04,1.51251531e-04
0.00000000e+00,0.00000000e+00,0.00000000e+00,0.00000000e+00
0.00000000e+00,2.22034543e-05,4.44068757e-05,6.66103095e-05
0.00000000e+00,2.28736552e-05,4.57472099e-05,6.86208391e-05
0.00000000e+00,4.93728143e-05,9.87454976e-05,1.48118257e-04
0.00000000e+00,2.23323780e-05,4.46646825e-05,6.69970342e-05
0.00000000e+00,1.08353383e-04,2.16706551e-04,3.25059880e-04
0.00000000e+00,7.91731915e-05,1.58346211e-04,2.37519355e-04
0.00000000e+00,1.07604112e-04,2.15208040e-04,3.22812093e-04
0.00000000e+00,1.08493374e-04,2.16986430e-04,3.25479716e-04
0.00000000e+00,7.80822330e-05,1.56164340e-04,2.34246518e-04
0.00000000e+00,7.93938959e-05,1.58787524e-04,2.38181346e-04
0.00000000e+00,1.07813869e-04,2.15627464e-04,3.23441242e-04
0.00000000e+00,7.83786583e-05,1.56757114e-04,2.35135696e-04
0.00000000e+00,1.66666732e-04,3.33333252e-04,4.99999943e-04
0.00000000e+00,1.37505934e-04,2.75011615e-04,4.12517499e-04
0.00000000e+00,1.66666751e-04,3.33333245e-04,4.99999936e-04
0.00000000e+00,1.66666787e-04,3.33333228e-04,4.99999929e-04
0.00000000e+00,1.37135495e-04,2.74270735e-04,4.11406164e-04
0.00000000e+00,1.37574432e-04,2.75148493e-04,4.12722832e-04
0.00000000e+00,1.66666796e-04,3.33333224e-04,4.99999926e-04
0.00000000e+00,1.37240242e-04,2.74480113e-04,4.11720246e-04
0.00000000e+00,2.24980007e-04,4.49960028e-04,6.74940028e-04
0.00000000e+00,1.95827517e-04,3.91654901e-04,5.87482388e-04
0.00000000e+00,2.25729300e-04,4.51458523e-04,6.77187808e-04
0.00000000e+00,2.24840049e-04,4.49680146e-04,6.74520178e-04
0.00000000e+00,1.96197978e-04,3.92395775e-04,5.88593719e-04
0.00000000e+00,1.95759084e-04,3.91518005e-04,5.87277036e-04
0.00000000e+00,2.25519561e-04,4.51039109e-04,6.76558657e-04
0.00000000e+00,1.96093293e-04,3.92186375e-04,5.88279616e-04
0.00000000e+00,2.83155797e-04,5.66311551e-04,8.49467324e-04
0.00000000e+00,2.54160176e-04,5.08320407e-04,7.62480574e-04
0.00000000e+00,2.84243349e-04,5.68486726e-04,8.52730087e-04
0.00000000e+00,2.82916119e-04,5.65832321e-04,8.48748426e-04
0.00000000e+00,2.55251134e-04,5.10502271e-04,7.65753408e-04
0.00000000e+00,2.53939479e-04,5.07879117e-04,7.61818590e-04
0.00000000e+00,2.83960548e-04,5.67921163e-04,8.51881707e-04
0.00000000e+00,2.54954704e-04,5.09909535e-04,7.64864243e-04
0.00000000e+00,3.33333333e-04,6.66666667e-04,1.00000000e-03
0.00000000e+00,3.10581472e-04,6.21163044e-04,9.31744532e-04
0.00000000e+00,3.33333333e-04,6.66666667e-04,1.00000000e-03
0.00000000e+00,3.33333333e-04,6.66666667e-04,1.00000000e-03
0.00000000e+00,3.11129876e-04,6.22259795e-04,9.33389680e-04
0.00000000e+00,3.10459685e-04,6.20919469e-04,9.31379151e-04
0.00000000e+00,3.33333333e-04,6.66666667e-04,1.00000000e-03
0.00000000e+00,3.11000973e-04,6.22001983e-04,9.33002950e-04
0.00000000e+00,0.00000000e+00,0.00000000e+00,0.00000000e+00
0.00000000e+00,5.36365700e-05,1.07272869e-04,1.60909400e-04
0.00000000e+00,0.00000000e+00,0.00000000e+00,0.00000000e+00
0.00000000e+00,0.00000000e+00,0.00000000e+00,0.00000000e+00
0.00000000e+00,2.50715530e-05,5.01429669e-05,7.52144997e-05
0.00000000e+00,5.16702435e-05,1.03340300e-04,1.55010505e-04
0.00000000e+00,5.35522078e-05,1.07104049e-04,1.60656198e-04
0.00000000e+00,0.00000000e+00,0.00000000e+00,0.00000000e+00
0.00000000e+00,2.36148804e-05,4.72296647e-05,7.08445257e-05
0.00000000e+00,2.50215708e-05,5.00429642e-05,7.50645145e-05
0.00000000e+00,5.18028165e-05,1.03605369e-04,1.55408129e-04
0.00000000e+00,2.36864441e-05,4.73727509e-05,7.10591721e-05
0.00000000e+00,1.09909770e-04,2.19819255e-04,3.29728993e-04
0.00000000e+00,8.18650982e-05,1.63729876e-04,2.45594943e-04
0.00000000e+00,1.09142453e-04,2.18284652e-04,3.27427066e-04
0.00000000e+00,1.09879614e-04,2.19758779e-04,3.29638319e-04
0.00000000e+00,8.04473732e-05,1.60894508e-04,2.41341836e-04
0.00000000e+00,8.18178401e-05,1.63635229e-04,2.45452996e-04
0.00000000e+00,1.09201385e-04,2.18402400e-04,3.27603707e-04
0.00000000e+00,8.05492972e-05,1.61098238e-04,2.41647458e-04
0.00000000e+00,1.66666732e-04,3.33333237e-04,4.99999943e-04
0.00000000e+00,1.38266556e-04,2.76532844e-04,4.14799384e-04
0.00000000e+00,1.66666727e-04,3.33333249e-04,4.99999944e-04
0.00000000e+00,1.66666769e-04,3.33333236e-04,4.99999930e-04
0.00000000e+00,1.37886627e-04,2.75772989e-04,4.13659580e-04
0.00000000e+00,1.38253592e-04,2.76506782e-04,4.14760304e-04
0.00000000e+00,1.66666778e-04,3.33333234e-04,4.99999930e-04
0.00000000e+00,1.37914625e-04,2.75828862e-04,4.13743405e-04
0.00000000e+00,2.23423600e-04,4.46847336e-04,6.70270912e-04
0.00000000e+00,1.95066864e-04,3.90133676e-04,5.85200511e-04
0.00000000e+00,2.24190942e-04,4.48381918e-04,6.72572840e-04
0.00000000e+00,2.23453815e-04,4.46907792e-04,6.70361579e-04
0.00000000e+00,1.95446808e-04,3.90893527e-04,5.86340309e-04
0.00000000e+00,1.95079906e-04,3.90159720e-04,5.85239570e-04
0.00000000e+00,2.24132039e-04,4.48264177e-04,6.72396191e-04
0.00000000e+00,1.95418880e-04,3.90837638e-04,5.86256464e-04
0.00000000e+00,2.79696863e-04,5.59393739e-04,8.39090539e-04
0.00000000e+00,2.51468283e-04,5.02936737e-04,7.54404984e-04
0.00000000e+00,2.81663146e-04,5.63326332e-04,8.44989448e-04
0.00000000e+00,2.79781184e-04,5.59562603e-04,8.39343757e-04
0.00000000e+00,2.52885992e-04,5.05772117e-04,7.58658093e-04
0.00000000e+00,2.51515559e-04,5.03031398e-04,7.54546933e-04
0.00000000e+00,2.81530563e-04,5.63061288e-04,8.44591831e-04
0.00000000e+00,2.52784090e-04,5.05568399e-04,7.58352473e-04
0.00000000e+00,3.33333333e-04,6.66666667e-04,1.00000000e-03
0.00000000e+00,3.08261789e-04,6.16523716e-04,9.24785493e-04
0.00000000e+00,3.33333333e-04,6.66666667e-04,1.00000000e-03
0.00000000e+00,3.33333333e-04,6.66666667e-04,1.00000000e-03
0.00000000e+00,3.09718473e-04,6.19436999e-04,9.29155459e-04
0.00000000e+00,3.08311762e-04,6.16623727e-04,9.24935481e-04
0.00000000e+00,3.33333333e-04,6.66666667e-04,1.00000000e-03
0.00000000e+00,3.09646908e-04,6.19293919e-04,9.28940813e-04
0.00000000e+00,0.00000000e+00,0.00000000e+00,0.00000000e+00
0.00000000e+00,5.80613732e-05,1.16122278e-04,1.74183632e-04
0.00000000e+00,0.00000000e+00,0.00000000e+00,0.00000000e+00
0.00000000e+00,0.00000000e+00,0.00000000e+00,0.00000000e+00
0.00000000e+00,3.33070970e-05,6.66139246e-05,9.99210041e-05
0.00000000e+00,5.63045844e-05,1.12608810e-04,1.68913370e-04
0.00000000e+00,5.80791185e-05,1.16157616e-04,1.74236679e-04
0.00000000e+00,0.00000000e+00,0.00000000e+00,0.00000000e+00
0.00000000e+00,2.76760372e-05,5.53518875e-05,8.30279085e-05
0.00000000e+00,3.32893192e-05,6.65782836e-05,9.98675751e-05
0.00000000e+00,5.62676418e-05,1.12534820e-04,1.68802408e-04
0.00000000e+00,2.76015019e-05,5.52027585e-05,8.28042391e-05
0.00000000e+00,1.11322061e-04,2.22643697e-04,3.33965762e-04
0.00000000e+00,8.45103416e-05,1.69020159e-04,2.53530485e-04
0.00000000e+00,1.10752330e-04,2.21504292e-04,3.32256614e-04
0.00000000e+00,1.11325955e-04,2.22651167e-04,3.33977050e-04
0.00000000e+00,8.31640026e-05,1.66327567e-04,2.49491540e-04
0.00000000e+00,8.45142759e-05,1.69027812e-04,2.53542015e-04
0.00000000e+00,1.10738821e-04,2.21477082e-04,3.32215835e-04
0.00000000e+00,8.31449801e-05,1.66289363e-04,2.49434266e-04
0.00000000e+00,1.66666685e-04,3.33333252e-04,4.99999972e-04
0.00000000e+00,1.38845364e-04,2.77690465e-04,4.16535882e-04
0.00000000e+00,1.66666708e-04,3.33333244e-04,4.99999955e-04
0.00000000e+00,1.66666729e-04,3.33333229e-04,4.99999933e-04
0.00000000e+00,1.38586408e-04,2.77172534e-04,4.15758952e-04
0.00000000e+00,1.38846278e-04,2.77692047e-04,4.16538288e-04
0.00000000e+00,1.66666757e-04,3.33333234e-04,4.99999931e-04
0.00000000e+00,1.38581946e-04,2.77163443e-04,4.15745332e-04
0.00000000e+00,2.22011372e-04,4.44022826e-04,6.66034119e-04
0.00000000e+00,1.94488053e-04,3.88976021e-04,5.83464023e-04
0.00000000e+00,2.22581081e-04,4.45162257e-04,6.67743287e-04
0.00000000e+00,2.22007545e-04,4.44015355e-04,6.66022832e-04
0.00000000e+00,1.94747005e-04,3.89493972e-04,5.84240943e-04
0.00000000e+00,1.94487213e-04,3.88974422e-04,5.83461578e-04
0.00000000e+00,2.22594632e-04,4.45189471e-04,6.67784060e-04
0.00000000e+00,1.94751550e-04,3.89503047e-04,5.84254537e-04
0.00000000e+00,2.75272057e-04,5.50544343e-04,8.25816305e-04
0.00000000e+00,2.48823063e-04,4.97646439e-04,7.46469434e-04
0.00000000e+00,2.77028811e-04,5.54057832e-04,8.31086585e-04
0.00000000e+00,2.75254242e-04,5.50509072e-04,8.25763294e-04
0.00000000e+00,2.50169394e-04,5.00339037e-04,7.50508381e-04
0.00000000e+00,2.48819159e-04,4.97638790e-04,7.46457905e-04
0.00000000e+00,2.77065738e-04,5.54131844e-04,8.31197551e-04
0.00000000e+00,2.50188442e-04,5.00377250e-04,7.50565658e-04
0.00000000e+00,3.33333333e-04,6.66666667e-04,1.00000000e-03
0.00000000e+00,3.00026225e-04,6.00052801e-04,9.00078990e-04
0.00000000e+00,3.33333333e-04,6.66666667e-04,1.00000000e-03
0.00000000e+00,3.33333333e-04,6.66666667e-04,1.00000000e-03
0.00000000e+00,3.05657320e-04,6.11314789e-04,9.16972076e-04
0.00000000e+00,3.00043987e-04,6.00088452e-04,9.00132432e-04
0.00000000e+00,3.33333333e-04,6.66666667e-04,1.00000000e-03
0.00000000e+00,3.05731838e-04,6.11463932e-04,9.17195754e-04
0.00000000e+00,0.00000000e+00,0.00000000e+00,0.00000000e+00
0.00000000e+00,4.80175237e-05,9.60350144e-05,1.44052520e-04
0.00000000e+00,0.00000000e+00,0.00000000e+00,0.00000000e+00
0.00000000e+00,0.00000000e+00,0.00000000e+00,0.00000000e+00
0.00000000e+00,2.17336501e-05,4.34672788e-05,6.52009248e-05
0.00000000e+00,4.74559988e-05,9.49119228e-05,1.42367882e-04
0.00000000e+00,4.80443370e-05,9.60886832e-05,1.44132991e-04
0.00000000e+00,0.00000000e+00,0.00000000e+00,0.00000000e+00
0.00000000e+00,2.15072772e-05,4.30145068e-05,6.45217672e-05
0.00000000e+00,2.17421940e-05,4.34843901e-05,6.52265749e-05
0.00000000e+00,4.74978282e-05,9.49955793e-05,1.42493355e-04
0.00000000e+00,2.15218872e-05,4.30437328e-05,6.45655973e-05
0.00000000e+00,1.06682929e-04,2.13365782e-04,3.20048687e-04
0.00000000e+00,7.68677703e-05,1.53735510e-04,2.30603259e-04
0.00000000e+00,1.06105864e-04,2.12211606e-04,3.18317422e-04
0.00000000e+00,1.06708579e-04,2.13417093e-04,3.20125647e-04
0.00000000e+00,7.61678705e-05,1.52335650e-04,2.28503472e-04
0.00000000e+00,7.69004644e-05,1.53800922e-04,2.30701351e-04
0.00000000e+00,1.06151580e-04,2.12303000e-04,3.18454514e-04
0.00000000e+00,7.62218781e-05,1.52443654e-04,2.28665471e-04
0.00000000e+00,1.66666704e-04,3.33333266e-04,4.99999951e-04
0.00000000e+00,1.36661182e-04,2.73322254e-04,4.09983417e-04
0.00000000e+00,1.66666720e-04,3.33333257e-04,4.99999945e-04
0.00000000e+00,1.66666731e-04,3.33333257e-04,4.99999943e-04
0.00000000e+00,1.36350689e-04,2.72701193e-04,4.09051836e-04
0.00000000e+00,1.36674648e-04,2.73349108e-04,4.10023702e-04
0.00000000e+00,1.66666748e-04,3.33333245e-04,4.99999935e-04
0.00000000e+00,1.36375608e-04,2.72750975e-04,4.09126510e-04
0.00000000e+00,2.26650465e-04,4.53300790e-04,6.79951230e-04
0.00000000e+00,1.96672210e-04,3.93344297e-04,5.90016492e-04
0.00000000e+00,2.27227560e-04,4.54454947e-04,6.81682488e-04
0.00000000e+00,2.26624830e-04,4.53249461e-04,6.79874264e-04
0.00000000e+00,1.96982756e-04,3.93965327e-04,5.90948058e-04
0.00000000e+00,1.96658811e-04,3.93317410e-04,5.89976185e-04
0.00000000e+00,2.27181865e-04,4.54363541e-04,6.81545385e-04
0.00000000e+00,1.96957876e-04,3.93915527e-04,5.90873370e-04
0.00000000e+00,2.85315819e-04,5.70631614e-04,8.55947443e-04
0.00000000e+00,2.56465604e-04,5.12931085e-04,7.69396673e-04
0.00000000e+00,2.85877368e-04,5.71754687e-04,8.57632069e-04
0.00000000e+00,2.85289002e-04,5.70577928e-04,8.55866953e-04
0.00000000e+00,2.57165527e-04,5.14330929e-04,7.71496455e-04
0.00000000e+00,2.56432903e-04,5.12865644e-04,7.69298551e-04
0.00000000e+00,2.85835540e-04,5.71671029e-04,8.57506589e-04
0.00000000e+00,2.57111520e-04,5.14222925e-04,7.71334449e-04
0.00000000e+00,3.33333333e-04,6.66666667e-04,1.00000000e-03
0.00000000e+00,3.11599677e-04,6.23199379e-04,9.34799065e-04
0.00000000e+00,3.33333333e-04,6.66666667e-04,1.00000000e-03
0.00000000e+00,3.33333333e-04,6.66666667e-04,1.00000000e-03
0.00000000e+00,3.11826075e-04,6.23652129e-04,9.35478209e-04
0.00000000e+00,3.11591093e-04,6.23182299e-04,9.34773430e-04
0.00000000e+00,3.33333333e-04,6.66666667e-04,1.00000000e-03
0.00000000e+00,3.11811461e-04,6.23622910e-04,9.35434380e-04
0.00000000e+00,0.00000000e+00,0.00000000e+00,0.00000000e+00
0.00000000e+00,4.98507486e-05,9.97014570e-05,1.49552216e-04
0.00000000e+00,0.00000000e+00,0.00000000e+00,0.00000000e+00
0.00000000e+00,0.00000000e+00,0.00000000e+00,0.00000000e+00
0.00000000e+00,2.25837734e-05,4.51675288e-05,6.77513129e-05
0.00000000e+00,4.87919122e-05,9.75838054e-05,1.46375719e-04
0.00000000e+00,4.97878241e-05,9.95756045e-05,1.49363406e-04
0.00000000e+00,0.00000000e+00,0.00000000e+00,0.00000000e+00
0.00000000e+00,2.20669186e-05,4.41338209e-05,6.62007431e-05
0.00000000e+00,2.25468774e-05,4.50937281e-05,6.76405958e-05
0.00000000e+00,4.87867388e-05,9.75734567e-05,1.46360172e-04
0.00000000e+00,2.20600866e-05,4.41201593e-05,6.61802359e-05
0.00000000e+00,1.08147634e-04,2.16295229e-04,3.24442879e-04
0.00000000e+00,7.88624502e-05,1.57724883e-04,2.36587350e-04
0.00000000e+00,1.07368804e-04,2.14737564e-04,3.22106371e-04
0.00000000e+00,1.08104763e-04,2.16209414e-04,3.24314167e-04
0.00000000e+00,7.77595275e-05,1.55519037e-04,2.33278562e-04
0.00000000e+00,7.88026343e-05,1.57605195e-04,2.36407816e-04
0.00000000e+00,1.07364912e-04,2.14729728e-04,3.22094616e-04
0.00000000e+00,7.77545900e-05,1.55509137e-04,2.33263703e-04
0.00000000e+00,1.66666663e-04,3.33333291e-04,4.99999965e-04
0.00000000e+00,1.37405449e-04,2.74810830e-04,4.12216288e-04
0.00000000e+00,1.66666679e-04,3.33333281e-04,4.99999959e-04
0.00000000e+00,1.66666691e-04,3.33333279e-04,4.99999948e-04
0.00000000e+00,1.37016507e-04,2.74032935e-04,4.11049441e-04
0.00000000e+00,1.37384869e-04,2.74769601e-04,4.12154445e-04
0.00000000e+00,1.66666712e-04,3.33333266e-04,4.99999947e-04
0.00000000e+00,1.37014384e-04,2.74028613e-04,4.11042961e-04
0.00000000e+00,2.25185715e-04,4.50371375e-04,6.75557051e-04
0.00000000e+00,1.95927885e-04,3.91855758e-04,5.87783639e-04
0.00000000e+00,2.25964559e-04,4.51929028e-04,6.77893551e-04
0.00000000e+00,2.25228620e-04,4.50457150e-04,6.75685750e-04
0.00000000e+00,1.96316843e-04,3.92633640e-04,5.88950479e-04
0.00000000e+00,1.95948522e-04,3.91896950e-04,5.87845458e-04
0.00000000e+00,2.25968486e-04,4.51936833e-04,6.77905295e-04
0.00000000e+00,1.96319035e-04,3.92637926e-04,5.88956937e-04
0.00000000e+00,2.83482586e-04,5.66965198e-04,8.50447764e-04
0.00000000e+00,2.54470890e-04,5.08941749e-04,7.63412600e-04
0.00000000e+00,2.84541406e-04,5.69082850e-04,8.53624261e-04
0.00000000e+00,2.83545551e-04,5.67091008e-04,8.50636535e-04
0.00000000e+00,2.55573834e-04,5.11147570e-04,7.66721377e-04
0.00000000e+00,2.54530753e-04,5.09061391e-04,7.63592107e-04
0.00000000e+00,2.84546604e-04,5.69093175e-04,8.53639784e-04
0.00000000e+00,2.55578784e-04,5.11157453e-04,7.66736220e-04
0.00000000e+00,3.33333333e-04,6.66666667e-04,1.00000000e-03
0.00000000e+00,3.10749561e-04,6.21499131e-04,9.32248678e-04
0.00000000e+00,3.33333333e-04,6.66666667e-04,1.00000000e-03
0.00000000e+00,3.33333333e-04,6.66666667e-04,1.00000000e-03
0.00000000e+00,3.11266390e-04,6.22532858e-04,9.33799258e-04
0.00000000e+00,3.10786431e-04,6.21572959e-04,9.32359404e-04
0.00000000e+00,3.33333333e-04,6.66666667e-04,1.00000000e-03
0.00000000e+00,3.11273237e-04,6.22546507e-04,9.33819755e-04
0.00000000e+00,0.00000000e+00,0.00000000e+00,0.00000000e+00
0.00000000e+00,5.33222043e-05,1.06644341e-04,1.59966593e-04
0.00000000e+00,0.00000000e+00,0.00000000e+00,0.00000000e+00
0.00000000e+00,0.00000000e+00,0.00000000e+00,0.00000000e+00
0.00000000e+00,2.48358772e-05,4.96717060e-05,7.45076115e-05
0.00000000e+00,5.13336569e-05,1.02667252e-04,1.54000934e-04
0.00000000e+00,5.29731759e-05,1.05946226e-04,1.58919397e-04
0.00000000e+00,0.00000000e+00,0.00000000e+00,0.00000000e+00
0.00000000e+00,2.34087053e-05,4.68173715e-05,7.02260949e-05
0.00000000e+00,2.45981419e-05,4.91962010e-05,7.37943399e-05
0.00000000e+00,5.11697413e-05,1.02339399e-04,1.53509128e-04
0.00000000e+00,2.32994253e-05,4.65987965e-05,6.98982166e-05
0.00000000e+00,1.09802915e-04,2.19605786e-04,3.29408757e-04
0.00000000e+00,8.16810475e-05,1.63362067e-04,2.45043179e-04
0.00000000e+00,1.08984045e-04,2.17968055e-04,3.26952133e-04
0.00000000e+00,1.09677990e-04,2.19355828e-04,3.29033840e-04
0.00000000e+00,8.01798035e-05,1.60359586e-04,2.40539427e-04
0.00000000e+00,8.14699045e-05,1.62939678e-04,2.44409599e-04
0.00000000e+00,1.08903073e-04,2.17806016e-04,3.26709092e-04
0.00000000e+00,8.00449304e-05,1.60089759e-04,2.40134689e-04
0.00000000e+00,1.66666638e-04,3.33333302e-04,4.99999974e-04
0.00000000e+00,1.38218330e-04,2.76436625e-04,4.14655005e-04
0.00000000e+00,1.66666644e-04,3.33333299e-04,4.99999970e-04
0.00000000e+00,1.66666661e-04,3.33333286e-04,4.99999959e-04
0.00000000e+00,1.37810042e-04,2.75620037e-04,4.13430105e-04
0.00000000e+00,1.38161780e-04,2.76323425e-04,4.14485211e-04
0.00000000e+00,1.66666680e-04,3.33333280e-04,4.99999954e-04
0.00000000e+00,1.37770281e-04,2.75540429e-04,4.13310703e-04
0.00000000e+00,2.23530406e-04,4.47060843e-04,6.70591192e-04
0.00000000e+00,1.95114937e-04,3.90230003e-04,5.85344951e-04
0.00000000e+00,2.24349285e-04,4.48698567e-04,6.73047808e-04
0.00000000e+00,2.23655375e-04,4.47310752e-04,6.70966086e-04
0.00000000e+00,1.95523262e-04,3.91046570e-04,5.86569834e-04
0.00000000e+00,1.95171556e-04,3.90343151e-04,5.85514713e-04
0.00000000e+00,2.24430296e-04,4.48860563e-04,6.73290830e-04
0.00000000e+00,1.95563081e-04,3.91126136e-04,5.86689211e-04
0.00000000e+00,2.80011153e-04,5.60022312e-04,8.40033379e-04
0.00000000e+00,2.51652275e-04,5.03304596e-04,7.54956782e-04
0.00000000e+00,2.81999687e-04,5.63999409e-04,8.45999051e-04
0.00000000e+00,2.80360227e-04,5.60720391e-04,8.41080540e-04
0.00000000e+00,2.53153531e-04,5.06307059e-04,7.59460526e-04
0.00000000e+00,2.51863498e-04,5.03726917e-04,7.55590325e-04
0.00000000e+00,2.82163629e-04,5.64327235e-04,8.46490824e-04
0.00000000e+00,2.53288451e-04,5.06576843e-04,7.59865240e-04
0.00000000e+00,3.33333333e-04,6.66666667e-04,1.00000000e-03
0.00000000e+00,3.08497456e-04,6.16994967e-04,9.25492385e-04
0.00000000e+00,3.33333333e-04,6.66666667e-04,1.00000000e-03
0.00000000e+00,3.33333333e-04,6.66666667e-04,1.00000000e-03
0.00000000e+00,3.09924638e-04,6.19849286e-04,9.29773895e-04
0.00000000e+00,3.08735195e-04,6.17470477e-04,9.26205652e-04
0.00000000e+00,3.33333333e-04,6.66666667e-04,1.00000000e-03
0.00000000e+00,3.10033921e-04,6.20067864e-04,9.30101769e-04
0.00000000e+00,0.00000000e+00,0.00000000e+00,0.00000000e+00
0.00000000e+00,5.80907932e-05,1.16181498e-04,1.74272406e-04
0.00000000e+00,0.00000000e+00,0.00000000e+00,0.00000000e+00
0.00000000e+00,0.00000000e+00,0.00000000e+00,0.00000000e+00
0.00000000e+00,3.32828933e-05,6.65657604e-05,9.98487374e-05
0.00000000e+00,5.61351965e-05,1.12270304e-04,1.68405578e-04
0.00000000e+00,5.81344397e-05,1.16268663e-04,1.74403142e-04
0.00000000e+00,0.00000000e+00,0.00000000e+00,0.00000000e+00
0.00000000e+00,2.74346163e-05,5.48691844e-05,8.23038479e-05
0.00000000e+00,3.32445800e-05,6.64889991e-05,9.97336039e-05
0.00000000e+00,5.59475885e-05,1.11894988e-04,1.67842594e-04
0.00000000e+00,2.71575989e-05,5.43150849e-05,8.14726935e-05
0.00000000e+00,1.11325463e-04,2.22650870e-04,3.33976451e-04
0.00000000e+00,8.45069349e-05,1.69013711e-04,2.53520755e-04
0.00000000e+00,1.10702006e-04,2.21403964e-04,3.32106053e-04
0.00000000e+00,1.11332621e-04,2.22664996e-04,3.33997689e-04
0.00000000e+00,8.30765303e-05,1.66152980e-04,2.49229597e-04
0.00000000e+00,8.45078191e-05,1.69015344e-04,2.53523213e-04
0.00000000e+00,1.10643407e-04,2.21286626e-04,3.31930076e-04
0.00000000e+00,8.29793382e-05,1.65958479e-04,2.48937852e-04
0.00000000e+00,1.66666610e-04,3.33333319e-04,4.99999998e-04
0.00000000e+00,1.38845086e-04,2.77690240e-04,4.16535449e-04
0.00000000e+00,1.66666615e-04,3.33333311e-04,4.99999984e-04
0.00000000e+00,1.66666643e-04,3.33333283e-04,4.99999978e-04
0.00000000e+00,1.38566532e-04,2.77133072e-04,4.15699683e-04
0.00000000e+00,1.38845832e-04,2.77691577e-04,4.16537489e-04
0.00000000e+00,1.66666653e-04,3.33333286e-04,4.99999969e-04
0.00000000e+00,1.38544036e-04,2.77087948e-04,4.15632024e-04
0.00000000e+00,2.22007850e-04,4.44015758e-04,6.66023507e-04
0.00000000e+00,1.94488129e-04,3.88976417e-04,5.83464537e-04
0.00000000e+00,2.22631306e-04,4.45262674e-04,6.67893900e-04
0.00000000e+00,2.22000761e-04,4.44001568e-04,6.66002242e-04
0.00000000e+00,1.94766721e-04,3.89533564e-04,5.84300285e-04
0.00000000e+00,1.94487474e-04,3.88974997e-04,5.83462463e-04
0.00000000e+00,2.22689949e-04,4.45379964e-04,6.68069856e-04
0.00000000e+00,1.94789291e-04,3.89578623e-04,5.84367912e-04
0.00000000e+00,2.75242600e-04,5.50485125e-04,8.25727529e-04
0.00000000e+00,2.48826435e-04,4.97652918e-04,7.46479184e-04
0.00000000e+00,2.77198166e-04,5.54396355e-04,8.31594390e-04
0.00000000e+00,2.75198945e-04,5.50397983e-04,8.25596795e-04
0.00000000e+00,2.50256825e-04,5.00513653e-04,7.50770348e-04
0.00000000e+00,2.48825625e-04,4.97651217e-04,7.46476689e-04
0.00000000e+00,2.77385804e-04,5.54771646e-04,8.32157350e-04
0.00000000e+00,2.50354062e-04,5.00708117e-04,7.51062073e-04
0.00000000e+00,3.33333333e-04,6.66666667e-04,1.00000000e-03
0.00000000e+00,3.00050449e-04,6.00100918e-04,9.00151238e-04
0.00000000e+00,3.33333333e-04,6.66666667e-04,1.00000000e-03
0.00000000e+00,3.33333333e-04,6.66666667e-04,1.00000000e-03
0.00000000e+00,3.05898738e-04,6.11797476e-04,9.17696133e-04
0.00000000e+00,3.00088754e-04,6.00177699e-04,9.00266377e-04
0.00000000e+00,3.33333333e-04,6.66666667e-04,1.00000000e-03
0.00000000e+00,3.06175759e-04,6.12351581e-04,9.18527286e-04
0.00000000e+00,0.00000000e+00,0.00000000e+00,0.00000000e+00
0.00000000e+00,4.82809832e-05,9.65619711e-05,1.44842969e-04
0.00000000e+00,0.00000000e+00,0.00000000e+00,0.00000000e+00
0.00000000e+00,0.00000000e+00,0.00000000e+00,0.00000000e+00
0.00000000e+00,2.18434450e-05,4.36868598e-05,6.55303155e-05
0.00000000e+00,4.76831518e-05,9.53662462e-05,1.43049379e-04
0.00000000e+00,4.80443328e-05,9.60886732e-05,1.44133018e-04
0.00000000e+00,0.00000000e+00,0.00000000e+00,0.00000000e+00
0.00000000e+00,2.15959776e-05,4.31918952e-05,6.47878644e-05
0.00000000e+00,2.17421999e-05,4.34843809e-05,6.52265888e-05
0.00000000e+00,4.74978255e-05,9.49955764e-05,1.42493375e-04
0.00000000e+00,2.15218927e-05,4.30437278e-05,6.45656092e-05
0.00000000e+00,1.06929582e-04,2.13859224e-04,3.20788823e-04
0.00000000e+00,7.71806848e-05,1.54361426e-04,2.31542122e-04
0.00000000e+00,1.06347391e-04,2.12694753e-04,3.19042131e-04
0.00000000e+00,1.06708545e-04,2.13417113e-04,3.20125666e-04
0.00000000e+00,7.64562586e-05,1.52912491e-04,2.29368727e-04
0.00000000e+00,7.69004448e-05,1.53800934e-04,2.30701373e-04
0.00000000e+00,1.06151550e-04,2.12303015e-04,3.18454534e-04
0.00000000e+00,7.62218623e-05,1.52443664e-04,2.28665491e-04
0.00000000e+00,1.66666678e-04,3.33333276e-04,4.99999973e-04
0.00000000e+00,1.36790541e-04,2.73581062e-04,4.10371622e-04
0.00000000e+00,1.66666690e-04,3.33333269e-04,4.99999962e-04
0.00000000e+00,1.66666673e-04,3.33333274e-04,4.99999963e-04
0.00000000e+00,1.36481852e-04,2.72963613e-04,4.09445460e-04
0.00000000e+00,1.36674586e-04,2.73349129e-04,4.10023729e-04
0.00000000e+00,1.66666700e-04,3.33333265e-04,4.99999954e-04
0.00000000e+00,1.36375560e-04,2.72750993e-04,4.09126533e-04
0.00000000e+00,2.26403740e-04,4.52807412e-04,6.79211131e-04
0.00000000e+00,1.96542799e-04,3.93085528e-04,5.89628324e-04
0.00000000e+00,2.26985965e-04,4.53971849e-04,6.80957812e-04
0.00000000e+00,2.26624799e-04,4.53249498e-04,6.79874270e-04
0.00000000e+00,1.96851526e-04,3.93702946e-04,5.90554468e-04
0.00000000e+00,1.96658776e-04,3.93317436e-04,5.89976201e-04
0.00000000e+00,2.27181843e-04,4.54363561e-04,6.81545392e-04
0.00000000e+00,1.96957844e-04,3.93915550e-04,5.90873380e-04
0.00000000e+00,2.85052375e-04,5.70104637e-04,8.55157004e-04
0.00000000e+00,2.56152624e-04,5.12305224e-04,7.68457848e-04
0.00000000e+00,2.85650197e-04,5.71300383e-04,8.56950596e-04
0.00000000e+00,2.85289011e-04,5.70577933e-04,8.55866942e-04
0.00000000e+00,2.56877088e-04,5.13754129e-04,7.70631231e-04
0.00000000e+00,2.56432919e-04,5.12865662e-04,7.69298556e-04
0.00000000e+00,2.85835546e-04,5.71671026e-04,8.57506581e-04
0.00000000e+00,2.57111512e-04,5.14222936e-04,7.71334450e-04
0.00000000e+00,3.33333333e-04,6.66666667e-04,1.00000000e-03
0.00000000e+00,3.11489860e-04,6.22979818e-04,9.34469696e-04
0.00000000e+00,3.33333333e-04,6.66666667e-04,1.00000000e-03
0.00000000e+00,3.33333333e-04,6.66666667e-04,1.00000000e-03
0.00000000e+00,3.11737376e-04,6.23474743e-04,9.35212124e-04
0.00000000e+00,3.11591096e-04,6.23182299e-04,9.34773417e-04
0.00000000e+00,3.33333333e-04,6.66666667e-04,1.00000000e-03
0.00000000e+00,3.11811461e-04,6.23622906e-04,9.35434371e-04
0.00000000e+00,0.00000000e+00,0.00000000e+00,0.00000000e+00
0.00000000e+00,5.01775359e-05,1.00355087e-04,1.50532673e-04
0.00000000e+00,0.00000000e+00,0.00000000e+00,0.00000000e+00
0.00000000e+00,0.00000000e+00,0.00000000e+00,0.00000000e+00
0.00000000e+00,2.27518390e-05,4.55036312e-05,6.82554954e-05
0.00000000e+00,4.90899522e-05,9.81799315e-05,1.47269918e-04
0.00000000e+00,4.97878038e-05,9.95755930e-05,1.49363441e-04
0.00000000e+00,0.00000000e+00,0.00000000e+00,0.00000000e+00
0.00000000e+00,2.22034489e-05,4.44068692e-05,6.66103356e-05
0.00000000e+00,2.25468763e-05,4.50937141e-05,6.76406154e-05
0.00000000e+00,4.87867262e-05,9.75734512e-05,1.46360199e-04
0.00000000e+00,2.20600885e-05,4.41201490e-05,6.61802522e-05
0.00000000e+00,1.08353252e-04,2.16706620e-04,3.25059935e-04
0.00000000e+00,7.91730664e-05,1.58346270e-04,2.37519405e-04
0.00000000e+00,1.07604002e-04,2.15208097e-04,3.22812143e-04
0.00000000e+00,1.08104701e-04,2.16209452e-04,3.24314192e-04
0.00000000e+00,7.80821341e-05,1.56164387e-04,2.34246565e-04
0.00000000e+00,7.88025860e-05,1.57605220e-04,2.36407843e-04
0.00000000e+00,1.07364863e-04,2.14729755e-04,3.22094639e-04
0.00000000e+00,7.77545556e-05,1.55509154e-04,2.33263729e-04
0.00000000e+00,1.66666662e-04,3.33333297e-04,4.99999982e-04
0.00000000e+00,1.37505820e-04,2.75011680e-04,4.12517553e-04
0.00000000e+00,1.66666667e-04,3.33333290e-04,4.99999978e-04
0.00000000e+00,1.66666651e-04,3.33333293e-04,4.99999977e-04
0.00000000e+00,1.37135386e-04,2.74270790e-04,4.11406217e-04
0.00000000e+00,1.37384814e-04,2.74769624e-04,4.12154477e-04
0.00000000e+00,1.66666665e-04,3.33333286e-04,4.99999969e-04
0.00000000e+00,1.37014329e-04,2.74028636e-04,4.11042989e-04
0.00000000e+00,2.24980017e-04,4.49960053e-04,6.74940043e-04
0.00000000e+00,1.95827481e-04,3.91654941e-04,5.87482416e-04
0.00000000e+00,2.25729294e-04,4.51458548e-04,6.77187820e-04
0.00000000e+00,2.25228607e-04,4.50457193e-04,6.75685753e-04
0.00000000e+00,1.96197926e-04,3.92395818e-04,5.88593742e-04
0.00000000e+00,1.95948496e-04,3.91896980e-04,5.87845469e-04
0.00000000e+00,2.25968468e-04,4.51936866e-04,6.77905301e-04
0.00000000e+00,1.96319004e-04,3.92637953e-04,5.88956948e-04
0.00000000e+00,2.83155799e-04,5.66311559e-04,8.49467316e-04
0.00000000e+00,2.54160211e-04,5.08320399e-04,7.62480569e-04
0.00000000e+00,2.84243359e-04,5.68486731e-04,8.52730078e-04
0.00000000e+00,2.83545556e-04,5.67091016e-04,8.50636522e-04
0.00000000e+00,2.55251148e-04,5.10502277e-04,7.65753407e-04
0.00000000e+00,2.54530756e-04,5.09061417e-04,7.63592110e-04
0.00000000e+00,2.84546609e-04,5.69093180e-04,8.53639773e-04
0.00000000e+00,2.55578785e-04,5.11157470e-04,7.66736221e-04
0.00000000e+00,3.33333333e-04,6.66666667e-04,1.00000000e-03
0.00000000e+00,3.10581459e-04,6.21163071e-04,9.31744530e-04
0.00000000e+00,3.33333333e-04,6.66666667e-04,1.00000000e-03
0.00000000e+00,3.33333333e-04,6.66666667e-04,1.00000000e-03
0.00000000e+00,3.11129879e-04,6.22259794e-04,9.33389667e-04
0.00000000e+00,3.10786437e-04,6.21572957e-04,9.32359390e-04
0.00000000e+00,3.33333333e-04,6.66666667e-04,1.00000000e-03
0.00000000e+00,3.11273238e-04,6.22546509e-04,9.33819744e-04
0.00000000e+00,0.00000000e+00,0.00000000e+00,0.00000000e+00
0.00000000e+00,5.36364188e-05,1.07272929e-04,1.60909448e-04
0.00000000e+00,0.00000000e+00,0.00000000e+00,0.00000000e+00
0.00000000e+00,0.00000000e+00,0.00000000e+00,0.00000000e+00
0.00000000e+00,2.50714853e-05,5.01429917e-05,7.52145265e-05
0.00000000e+00,5.16701397e-05,1.03340339e-04,1.55010551e-04
0.00000000e+00,5.29731215e-05,1.05946223e-04,1.58919436e-04
0.00000000e+00,0.00000000e+00,0.00000000e+00,0.00000000e+00
0.00000000e+00,2.36148425e-05,4.72296728e-05,7.08445524e-05
0.00000000e+00,2.45981172e-05,4.91961952e-05,7.37943624e-05
0.00000000e+00,5.11697033e-05,1.02339399e-04,1.53509160e-04
0.00000000e+00,2.32994133e-05,4.65987897e-05,6.98982350e-05
0.00000000e+00,1.09909599e-04,2.19819348e-04,3.29729058e-04
0.00000000e+00,8.18648988e-05,1.63729975e-04,2.45594993e-04
0.00000000e+00,1.09142300e-04,2.18284735e-04,3.27427122e-04
0.00000000e+00,1.09677903e-04,2.19355882e-04,3.29033867e-04
0.00000000e+00,8.04472057e-05,1.60894585e-04,2.41341891e-04
0.00000000e+00,8.14698202e-05,1.62939715e-04,2.44409628e-04
0.00000000e+00,1.08903000e-04,2.17806061e-04,3.26709118e-04
0.00000000e+00,8.00448642e-05,1.60089790e-04,2.40134719e-04
0.00000000e+00,1.66666666e-04,3.33333297e-04,4.99999987e-04
0.00000000e+00,1.38266434e-04,2.76532922e-04,4.14799438e-04
0.00000000e+00,1.66666657e-04,3.33333301e-04,4.99999987e-04
0.00000000e+00,1.66666632e-04,3.33333307e-04,4.99999991e-04
0.00000000e+00,1.37886502e-04,2.75773063e-04,4.13659637e-04
0.00000000e+00,1.38161720e-04,2.76323459e-04,4.14485246e-04
0.00000000e+00,1.66666643e-04,3.33333302e-04,4.99999980e-04
0.00000000e+00,1.37770225e-04,2.75540459e-04,4.13310733e-04
0.00000000e+00,2.23423675e-04,4.46847318e-04,6.70270920e-04
0.00000000e+00,1.95066866e-04,3.90133698e-04,5.85200539e-04
0.00000000e+00,2.24190973e-04,4.48381926e-04,6.72572849e-04
0.00000000e+00,2.23655379e-04,4.47310789e-04,6.70966087e-04
0.00000000e+00,1.95446794e-04,3.90893562e-04,5.86340338e-04
0.00000000e+00,1.95171556e-04,3.90343173e-04,5.85514719e-04
0.00000000e+00,2.24430297e-04,4.48860593e-04,6.73290832e-04
0.00000000e+00,1.95563068e-04,3.91126161e-04,5.86689222e-04
0.00000000e+00,2.79696924e-04,5.59393713e-04,8.39090535e-04
0.00000000e+00,2.51468372e-04,5.02936706e-04,7.54404987e-04
0.00000000e+00,2.81663180e-04,5.63326326e-04,8.44989442e-04
0.00000000e+00,2.80360253e-04,5.60720393e-04,8.41080526e-04
0.00000000e+00,2.52886035e-04,5.05772112e-04,7.58658093e-04
0.00000000e+00,2.51863522e-04,5.03726930e-04,7.55590325e-04
0.00000000e+00,2.82163641e-04,5.64327242e-04,8.46490815e-04
0.00000000e+00,2.53288463e-04,5.06576858e-04,7.59865240e-04
0.00000000e+00,3.33333333e-04,6.66666667e-04,1.00000000e-03
0.00000000e+00,3.08261810e-04,6.16523719e-04,9.24785497e-04
0.00000000e+00,3.33333333e-04,6.66666667e-04,1.00000000e-03
0.00000000e+00,3.33333333e-04,6.66666667e-04,1.00000000e-03
0.00000000e+00,3.09718489e-04,6.19436997e-04,9.29155452e-04
0.00000000e+00,3.08735221e-04,6.17470466e-04,9.26205634e-04
0.00000000e+00,3.33333333e-04,6.66666667e-04,1.00000000e-03
0.00000000e+00,3.10033930e-04,6.20067863e-04,9.30101759e-04
0.00000000e+00,0.00000000e+00,0.00000000e+00,0.00000000e+00
0.00000000e+00,5.80610813e-05,1.16122385e-04,1.74183663e-04
0.00000000e+00,0.00000000e+00,0.00000000e+00,0.00000000e+00
0.00000000e+00,0.00000000e+00,0.00000000e+00,0.00000000e+00
0.00000000e+00,3.33068671e-05,6.66140226e-05,9.99210271e-05
0.00000000e+00,5.63043636e-05,1.12608904e-04,1.68913411e-04
0.00000000e+00,5.81343241e-05,1.16268680e-04,1.74403176e-04
0.00000000e+00,0.00000000e+00,0.00000000e+00,0.00000000e+00
0.00000000e+00,2.76759106e-05,5.53519376e-05,8.30279342e-05
0.00000000e+00,3.32444789e-05,6.64890217e-05,9.97336240e-05
0.00000000e+00,5.59474963e-05,1.11895007e-04,1.67842625e-04
0.00000000e+00,2.71575452e-05,5.43150944e-05,8.14727127e-05
0.00000000e+00,1.11321853e-04,2.22643803e-04,3.33965818e-04
0.00000000e+00,8.45100718e-05,1.69020270e-04,2.53530533e-04
0.00000000e+00,1.10752133e-04,2.21504402e-04,3.32256669e-04
0.00000000e+00,1.11332499e-04,2.22665063e-04,3.33997715e-04
0.00000000e+00,8.31637616e-05,1.66327675e-04,2.49491595e-04
0.00000000e+00,8.45076895e-05,1.69015387e-04,2.53523241e-04
0.00000000e+00,1.10643309e-04,2.21286682e-04,3.31930107e-04
0.00000000e+00,8.29792346e-05,1.65958520e-04,2.48937881e-04
0.00000000e+00,1.66666627e-04,3.33333316e-04,5.00000005e-04
0.00000000e+00,1.38845220e-04,2.77690567e-04,4.16535930e-04
0.00000000e+00,1.66666649e-04,3.33333305e-04,4.99999993e-04
0.00000000e+00,1.66666610e-04,3.33333325e-04,5.00000011e-04
0.00000000e+00,1.38586269e-04,2.77172629e-04,4.15759011e-04
0.00000000e+00,1.38845756e-04,2.77691631e-04,4.16537525e-04
0.00000000e+00,1.66666623e-04,3.33333319e-04,4.99999997e-04
0.00000000e+00,1.38543968e-04,2.77087993e-04,4.15632056e-04
0.00000000e+00,2.22011490e-04,4.44022808e-04,6.66034147e-04
0.00000000e+00,1.94488066e-04,3.88976053e-04,5.83464061e-04
0.00000000e+00,2.22581151e-04,4.45162251e-04,6.67743302e-04
0.00000000e+00,2.22000788e-04,4.44001591e-04,6.66002242e-04
0.00000000e+00,1.94747024e-04,3.89493993e-04,5.84240975e-04
0.00000000e+00,1.94487478e-04,3.88975032e-04,5.83462475e-04
0.00000000e+00,2.22689986e-04,4.45379969e-04,6.68069850e-04
0.00000000e+00,1.94789293e-04,3.89578649e-04,5.84367921e-04
0.00000000e+00,2.75272330e-04,5.50544192e-04,8.25816272e-04
0.00000000e+00,2.48823231e-04,4.97646381e-04,7.46469438e-04
0.00000000e+00,2.77028937e-04,5.54057782e-04,8.31086583e-04
0.00000000e+00,2.75199048e-04,5.50397952e-04,8.25596782e-04
0.00000000e+00,2.50169519e-04,5.00338990e-04,7.50508382e-04
0.00000000e+00,2.48825698e-04,4.97651215e-04,7.46476686e-04
0.00000000e+00,2.77385869e-04,5.54771626e-04,8.32157337e-04
0.00000000e+00,2.50354109e-04,5.00708122e-04,7.51062071e-04
0.00000000e+00,3.33333333e-04,6.66666667e-04,1.00000000e-03
0.00000000e+00,3.00026385e-04,6.00052741e-04,9.00079002e-04
0.00000000e+00,3.33333333e-04,6.66666667e-04,1.00000000e-03
0.00000000e+00,3.33333333e-04,6.66666667e-04,1.00000000e-03
0.00000000e+00,3.05657405e-04,6.11314757e-04,9.16972071e-04
0.00000000e+00,3.00088873e-04,6.00177637e-04,9.00266356e-04
0.00000000e+00,3.33333333e-04,6.66666667e-04,1.00000000e-03
0.00000000e+00,3.06175808e-04,6.12351559e-04,9.18527273e-04
0.00000000e+00,0.00000000e+00,0.00000000e+00,0.00000000e+00
0.00000000e+00,4.85730776e-05,9.71462375e-05,1.45719332e-04
0.00000000e+00,0.00000000e+00,0.00000000e+00,0.00000000e+00
0.00000000e+00,2.19667347e-05,4.39334601e-05,6.59002003e-05
0.00000000e+00,4.79624977e-05,9.59249987e-05,1.43887483e-04
0.00000000e+00,2.17065080e-05,4.34129767e-05,6.51194757e-05
0.00000000e+00,1.07186183e-04,2.14372472e-04,3.21558693e-04
0.00000000e+00,7.75164279e-05,1.55032991e-04,2.32549441e-04
0.00000000e+00,1.06628332e-04,2.13256695e-04,3.19885035e-04
0.00000000e+00,7.68010185e-05,1.53602078e-04,2.30403088e-04
0.00000000e+00,1.66666678e-04,3.33333283e-04,4.99999977e-04
0.00000000e+00,1.36923076e-04,2.73846152e-04,4.10769251e-04
0.00000000e+00,1.66666691e-04,3.33333273e-04,4.99999970e-04
0.00000000e+00,1.36631941e-04,2.73263831e-04,4.09895774e-04
0.00000000e+00,2.26147113e-04,4.52294167e-04,6.78441283e-04
0.00000000e+00,1.96410275e-04,3.92820432e-04,5.89230707e-04
0.00000000e+00,2.26704996e-04,4.53409926e-04,6.80114930e-04
0.00000000e+00,1.96701428e-04,3.93402734e-04,5.90104168e-04
0.00000000e+00,2.84760216e-04,5.69520473e-04,8.54280692e-04
0.00000000e+00,2.55816847e-04,5.11633689e-04,7.67450551e-04
0.00000000e+00,2.85370833e-04,5.70741669e-04,8.56112516e-04
0.00000000e+00,2.56532281e-04,5.13064582e-04,7.69596898e-04
0.00000000e+00,3.33333333e-04,6.66666667e-04,1.00000000e-03
0.00000000e+00,3.11366609e-04,6.22733197e-04,9.34099796e-04
0.00000000e+00,3.33333333e-04,6.66666667e-04,1.00000000e-03
0.00000000e+00,3.11626848e-04,6.23253671e-04,9.34880517e-04
0.00000000e+00,0.00000000e+00,0.00000000e+00,0.00000000e+00
0.00000000e+00,5.04171305e-05,1.00834402e-04,1.51251585e-04
0.00000000e+00,0.00000000e+00,0.00000000e+00,0.00000000e+00
0.00000000e+00,2.28736144e-05,4.57472348e-05,6.86208652e-05
0.00000000e+00,4.93727228e-05,9.87455511e-05,1.48118305e-04
0.00000000e+00,2.23323509e-05,4.46647002e-05,6.69970604e-05
0.00000000e+00,1.08493185e-04,2.16986527e-04,3.25479782e-04
0.00000000e+00,7.93937024e-05,1.58787631e-04,2.38181405e-04
0.00000000e+00,1.07813705e-04,2.15627549e-04,3.23441303e-04
0.00000000e+00,7.83785014e-05,1.56757200e-04,2.35135752e-04
0.00000000e+00,1.66666682e-04,3.33333295e-04,4.99999989e-04
0.00000000e+00,1.37574275e-04,2.75148583e-04,4.12722901e-04
0.00000000e+00,1.66666678e-04,3.33333291e-04,4.99999982e-04
0.00000000e+00,1.37240080e-04,2.74480199e-04,4.11720320e-04
0.00000000e+00,2.24840108e-04,4.49680105e-04,6.74520191e-04
0.00000000e+00,1.95759065e-04,3.91518023e-04,5.87277075e-04
0.00000000e+00,2.25519589e-04,4.51039090e-04,6.76558672e-04
0.00000000e+00,1.96093255e-04,3.92186404e-04,5.88279654e-04
0.00000000e+00,2.82916158e-04,5.65832307e-04,8.48748434e-04
0.00000000e+00,2.53939565e-04,5.07879056e-04,7.61818592e-04
0.00000000e+00,2.83960575e-04,5.67921147e-04,8.51881706e-04
0.00000000e+00,2.54954764e-04,5.09909484e-04,7.64864241e-04
0.00000000e+00,3.33333333e-04,6.66666667e-04,1.00000000e-03
0.00000000e+00,3.10459734e-04,6.20919422e-04,9.31379134e-04
0.00000000e+00,3.33333333e-04,6.66666667e-04,1.00000000e-03
0.00000000e+00,3.11000998e-04,6.22001961e-04,9.33002940e-04
0.00000000e+00,0.00000000e+00,0.00000000e+00,0.00000000e+00
0.00000000e+00,5.35519515e-05,1.07104197e-04,1.60656249e-04
0.00000000e+00,0.00000000e+00,0.00000000e+00,0.00000000e+00
0.00000000e+00,2.50214521e-05,5.00430345e-05,7.50645388e-05
0.00000000e+00,5.18026369e-05,1.03605471e-04,1.55408178e-04
0.00000000e+00,2.36863690e-05,4.73727972e-05,7.10591965e-05
0.00000000e+00,1.09879373e-04,2.19758906e-04,3.29638384e-04
0.00000000e+00,8.18175563e-05,1.63635386e-04,2.45453056e-04
0.00000000e+00,1.09201172e-04,2.18402515e-04,3.27603771e-04
0.00000000e+00,8.05490573e-05,1.61098369e-04,2.41647521e-04
0.00000000e+00,1.66666699e-04,3.33333288e-04,4.99999989e-04
0.00000000e+00,1.38253422e-04,2.76506885e-04,4.14760368e-04
0.00000000e+00,1.66666687e-04,3.33333294e-04,4.99999988e-04
0.00000000e+00,1.37914466e-04,2.75828958e-04,4.13743472e-04
0.00000000e+00,2.23453928e-04,4.46907723e-04,6.70361599e-04
0.00000000e+00,1.95079930e-04,3.90159715e-04,5.85239614e-04
0.00000000e+00,2.24132124e-04,4.48264125e-04,6.72396211e-04
0.00000000e+00,1.95418880e-04,3.90837645e-04,5.86256507e-04
0.00000000e+00,2.79781318e-04,5.59562528e-04,8.39343772e-04
0.00000000e+00,2.51515721e-04,5.03031304e-04,7.54546947e-04
0.00000000e+00,2.81530650e-04,5.63061232e-04,8.44591833e-04
0.00000000e+00,2.52784215e-04,5.05568320e-04,7.58352479e-04
0.00000000e+00,3.33333333e-04,6.66666667e-04,1.00000000e-03
0.00000000e+00,3.08311866e-04,6.16623639e-04,9.24935462e-04
0.00000000e+00,3.33333333e-04,6.66666667e-04,1.00000000e-03
0.00000000e+00,3.09646968e-04,6.19293869e-04,9.28940804e-04
0.00000000e+00,0.00000000e+00,0.00000000e+00,0.00000000e+00
0.00000000e+00,5.80786561e-05,1.16157867e-04,1.74236724e-04
0.00000000e+00,0.00000000e+00,0.00000000e+00,0.00000000e+00
0.00000000e+00,3.32889893e-05,6.65784648e-05,9.98675957e-05
0.00000000e+00,5.62673153e-05,1.12535002e-04,1.68802455e-04
0.00000000e+00,2.76013087e-05,5.52028705e-05,8.28042624e-05
0.00000000e+00,1.11325622e-04,2.22651363e-04,3.33977119e-04
0.00000000e+00,8.45138698e-05,1.69028037e-04,2.53542075e-04
0.00000000e+00,1.10738547e-04,2.21477236e-04,3.32215900e-04
0.00000000e+00,8.31446311e-05,1.66289555e-04,2.49434327e-04
0.00000000e+00,1.66666700e-04,3.33333262e-04,4.99999988e-04
0.00000000e+00,1.38846105e-04,2.77692160e-04,4.16538346e-04
0.00000000e+00,1.66666701e-04,3.33333276e-04,4.99999987e-04
0.00000000e+00,1.38581777e-04,2.77163547e-04,4.15745390e-04
0.00000000e+00,2.22007729e-04,4.44015249e-04,6.66022867e-04
0.00000000e+00,1.94487302e-04,3.88974377e-04,5.83461626e-04
0.00000000e+00,2.22594793e-04,4.45189377e-04,6.67784084e-04
0.00000000e+00,1.94751607e-04,3.89503019e-04,5.84254584e-04
0.00000000e+00,2.75254541e-04,5.50508923e-04,8.25763320e-04
0.00000000e+00,2.48819459e-04,4.97638621e-04,7.46457919e-04
0.00000000e+00,2.77065957e-04,5.54131716e-04,8.31197558e-04
0.00000000e+00,2.50188669e-04,5.00377132e-04,7.50565677e-04
0.00000000e+00,3.33333333e-04,6.66666667e-04,1.00000000e-03
0.00000000e+00,3.00044251e-04,6.00088281e-04,9.00132423e-04
0.00000000e+00,3.33333333e-04,6.66666667e-04,1.00000000e-03
0.00000000e+00,3.05731980e-04,6.11463832e-04,9.17195746e-04
