0.00000000e+00,0.00000000e+00,0.00000000e+00,0.00000000e+00
0.00000000e+00,0.00000000e+00,0.00000000e+00,0.00000000e+00
0.00000000e+00,0.00000000e+00,0.00000000e+00,0.00000000e+00
0.00000000e+00,0.00000000e+00,0.00000000e+00,0.00000000e+00
0.00000000e+00,4.66344957e-05,9.32690048e-05,1.39903520e-04
0.00000000e+00,4.71676618e-05,9.43354227e-05,1.41503152e-04
0.00000000e+00,4.78029196e-05,9.56059312e-05,1.43408721e-04
0.00000000e+00,4.71677561e-05,9.43354347e-05,1.41503127e-04
0.00000000e+00,0.00000000e+00,0.00000000e+00,0.00000000e+00
0.00000000e+00,0.00000000e+00,0.00000000e+00,0.00000000e+00
0.00000000e+00,0.00000000e+00,0.00000000e+00,0.00000000e+00
0.00000000e+00,0.00000000e+00,0.00000000e+00,0.00000000e+00
0.00000000e+00,2.12147694e-05,4.24295923e-05,6.36443980e-05
0.00000000e+00,2.14078480e-05,4.28156873e-05,6.42235326e-05
0.00000000e+00,2.16454430e-05,4.32908420e-05,6.49361394e-05
0.00000000e+00,2.14078620e-05,4.28157117e-05,6.42235268e-05
0.00000000e+00,4.68424496e-05,9.36849347e-05,1.40527411e-04
0.00000000e+00,4.74164741e-05,9.48330239e-05,1.42249466e-04
0.00000000e+00,4.74164974e-05,9.48330347e-05,1.42249462e-04
0.00000000e+00,4.68424815e-05,9.36849418e-05,1.40527403e-04
0.00000000e+00,1.05161502e-04,2.10322818e-04,3.15484083e-04
0.00000000e+00,1.05818273e-04,2.11636531e-04,3.17454817e-04
0.00000000e+00,1.06503905e-04,2.13007946e-04,3.19511675e-04
0.00000000e+00,1.05818341e-04,2.11636587e-04,3.17454812e-04
0.00000000e+00,7.50675207e-05,1.50134991e-04,2.25202471e-04
0.00000000e+00,7.57961432e-05,1.51592245e-04,2.27388334e-04
0.00000000e+00,7.66208086e-05,1.53241643e-04,2.29862321e-04
0.00000000e+00,7.57961928e-05,1.51592283e-04,2.27388336e-04
0.00000000e+00,1.05424918e-04,2.10849744e-04,3.16274540e-04
0.00000000e+00,1.06095114e-04,2.12190279e-04,3.18285312e-04
0.00000000e+00,1.06095154e-04,2.12190306e-04,3.18285307e-04
0.00000000e+00,1.05424951e-04,2.10849757e-04,3.16274537e-04
0.00000000e+00,1.66666896e-04,3.33333518e-04,4.99999990e-04
0.00000000e+00,1.66666782e-04,3.33333373e-04,5.00000049e-04
0.00000000e+00,1.66666568e-04,3.33333321e-04,5.00000030e-04
0.00000000e+00,1.66666794e-04,3.33333448e-04,5.00000049e-04
0.00000000e+00,1.35814568e-04,2.71628929e-04,4.07443183e-04
0.00000000e+00,1.36190834e-04,2.72381556e-04,4.08572259e-04
0.00000000e+00,1.36562268e-04,2.73124610e-04,4.09686900e-04
0.00000000e+00,1.36190860e-04,2.72381612e-04,4.08572245e-04
0.00000000e+00,1.66666831e-04,3.33333438e-04,5.00000026e-04
0.00000000e+00,1.66666719e-04,3.33333387e-04,5.00000030e-04
0.00000000e+00,1.66666696e-04,3.33333393e-04,5.00000034e-04
0.00000000e+00,1.66666825e-04,3.33333477e-04,5.00000025e-04
0.00000000e+00,2.28172105e-04,4.56344083e-04,6.84515937e-04
0.00000000e+00,2.27515209e-04,4.55030185e-04,6.82545326e-04
0.00000000e+00,2.26829503e-04,4.53658991e-04,6.80488373e-04
0.00000000e+00,2.27515119e-04,4.55030203e-04,6.82545338e-04
0.00000000e+00,1.97519139e-04,3.95038064e-04,5.92556853e-04
0.00000000e+00,1.97142703e-04,3.94285253e-04,5.91427819e-04
0.00000000e+00,1.96771050e-04,3.93542087e-04,5.90313191e-04
0.00000000e+00,1.97142696e-04,3.94285232e-04,5.91427824e-04
0.00000000e+00,2.27908615e-04,4.55817065e-04,6.83725549e-04
0.00000000e+00,2.27238311e-04,4.54476527e-04,6.81714775e-04
0.00000000e+00,2.27238275e-04,4.54476549e-04,6.81714769e-04
0.00000000e+00,2.27908579e-04,4.55817064e-04,6.83725549e-04
0.00000000e+00,2.86698863e-04,5.73397655e-04,8.60096530e-04
0.00000000e+00,2.86165608e-04,5.72331156e-04,8.58496934e-04
0.00000000e+00,2.85530269e-04,5.71060739e-04,8.56591250e-04
0.00000000e+00,2.86165511e-04,5.72331140e-04,8.58496906e-04
0.00000000e+00,2.58265932e-04,5.16531755e-04,7.74797575e-04
0.00000000e+00,2.57537232e-04,5.15074422e-04,7.72611753e-04
0.00000000e+00,2.56712519e-04,5.13425074e-04,7.70137740e-04
0.00000000e+00,2.57537218e-04,5.15074460e-04,7.72611739e-04
0.00000000e+00,2.86490892e-04,5.72981701e-04,8.59472649e-04
0.00000000e+00,2.85916728e-04,5.71833571e-04,8.57750571e-04
0.00000000e+00,2.85916705e-04,5.71833571e-04,8.57750560e-04
0.00000000e+00,2.86490843e-04,5.72981692e-04,8.59472642e-04
0.00000000e+00,3.33333333e-04,6.66666667e-04,1.00000000e-03
0.00000000e+00,3.33333333e-04,6.66666667e-04,1.00000000e-03
0.00000000e+00,3.33333333e-04,6.66666667e-04,1.00000000e-03
0.00000000e+00,3.33333333e-04,6.66666667e-04,1.00000000e-03
0.00000000e+00,3.12118561e-04,6.24237069e-04,9.36355618e-04
0.00000000e+00,3.11925426e-04,6.23850921e-04,9.35776511e-04
0.00000000e+00,3.11687936e-04,6.23375879e-04,9.35063855e-04
0.00000000e+00,3.11925446e-04,6.23850913e-04,9.35776490e-04
0.00000000e+00,3.33333333e-04,6.66666667e-04,1.00000000e-03
0.00000000e+00,3.33333333e-04,6.66666667e-04,1.00000000e-03
0.00000000e+00,3.33333333e-04,6.66666667e-04,1.00000000e-03
0.00000000e+00,3.33333333e-04,6.66666667e-04,1.00000000e-03
0.00000000e+00,0.00000000e+00,0.00000000e+00,0.00000000e+00
0.00000000e+00,0.00000000e+00,0.00000000e+00,0.00000000e+00
0.00000000e+00,4.64771085e-05,9.29542344e-05,1.39431313e-04
0.00000000e+00,4.69775451e-05,9.39550123e-05,1.40932411e-04
0.00000000e+00,0.00000000e+00,0.00000000e+00,0.00000000e+00
0.00000000e+00,0.00000000e+00,0.00000000e+00,0.00000000e+00
0.00000000e+00,0.00000000e+00,0.00000000e+00,0.00000000e+00
0.00000000e+00,2.11602995e-05,4.23206208e-05,6.34808917e-05
0.00000000e+00,2.13388416e-05,4.26776702e-05,6.40164401e-05
0.00000000e+00,4.65149544e-05,9.30299007e-05,1.39544824e-04
0.00000000e+00,4.70245991e-05,9.40491459e-05,1.41073700e-04
0.00000000e+00,4.66725840e-05,9.33451387e-05,1.40017641e-04
0.00000000e+00,1.04949733e-04,2.09899308e-04,3.14848796e-04
0.00000000e+00,1.05594551e-04,2.11188906e-04,3.16783282e-04
0.00000000e+00,7.48430791e-05,1.49686066e-04,2.24529014e-04
0.00000000e+00,7.55440085e-05,1.51087888e-04,2.26631752e-04
0.00000000e+00,1.04996092e-04,2.09992023e-04,3.14987876e-04
0.00000000e+00,1.05644426e-04,2.11288679e-04,3.16932921e-04
0.00000000e+00,1.05207610e-04,2.10415057e-04,3.15622459e-04
0.00000000e+00,1.66666834e-04,3.33333489e-04,4.99999994e-04
0.00000000e+00,1.66666779e-04,3.33333461e-04,5.00000066e-04
0.00000000e+00,1.35691340e-04,2.71382506e-04,4.07073524e-04
0.00000000e+00,1.36064729e-04,2.72129373e-04,4.08193986e-04
0.00000000e+00,1.66666859e-04,3.33333503e-04,4.99999993e-04
0.00000000e+00,1.66666785e-04,3.33333438e-04,5.00000055e-04
0.00000000e+00,1.66666816e-04,3.33333478e-04,5.00000032e-04
0.00000000e+00,2.28383945e-04,4.56767678e-04,6.85151221e-04
0.00000000e+00,2.27739044e-04,4.55477924e-04,6.83216890e-04
0.00000000e+00,1.97642352e-04,3.95284482e-04,5.92926499e-04
0.00000000e+00,1.97268799e-04,3.94537479e-04,5.91806141e-04
0.00000000e+00,2.28337554e-04,4.56674929e-04,6.85012145e-04
0.00000000e+00,2.27689150e-04,4.55378157e-04,6.83067206e-04
0.00000000e+00,2.28125996e-04,4.56251838e-04,6.84377629e-04
0.00000000e+00,2.86856336e-04,5.73712555e-04,8.60568706e-04
0.00000000e+00,2.86355925e-04,5.72711718e-04,8.59067657e-04
0.00000000e+00,2.58490489e-04,5.16980784e-04,7.75471011e-04
0.00000000e+00,2.57789486e-04,5.15578877e-04,7.73368357e-04
0.00000000e+00,2.86818467e-04,5.73636847e-04,8.60455203e-04
0.00000000e+00,2.86308760e-04,5.72617486e-04,8.58926355e-04
0.00000000e+00,2.86660862e-04,5.73321608e-04,8.59982405e-04
0.00000000e+00,3.33333333e-04,6.66666667e-04,1.00000000e-03
0.00000000e+00,3.33333333e-04,6.66666667e-04,1.00000000e-03
0.00000000e+00,3.12173076e-04,6.24346109e-04,9.36519124e-04
0.00000000e+00,3.11994486e-04,6.23988996e-04,9.35983591e-04
0.00000000e+00,3.33333333e-04,6.66666667e-04,1.00000000e-03
0.00000000e+00,3.33333333e-04,6.66666667e-04,1.00000000e-03
0.00000000e+00,3.33333333e-04,6.66666667e-04,1.00000000e-03
0.00000000e+00,0.00000000e+00,0.00000000e+00,0.00000000e+00
0.00000000e+00,0.00000000e+00,0.00000000e+00,0.00000000e+00
0.00000000e+00,4.66345222e-05,9.32690493e-05,1.39903505e-04
0.00000000e+00,4.71677497e-05,9.43354854e-05,1.41503147e-04
0.00000000e+00,0.00000000e+00,0.00000000e+00,0.00000000e+00
0.00000000e+00,0.00000000e+00,0.00000000e+00,0.00000000e+00
0.00000000e+00,0.00000000e+00,0.00000000e+00,0.00000000e+00
0.00000000e+00,2.12147901e-05,4.24295991e-05,6.36443965e-05
0.00000000e+00,2.14078683e-05,4.28157224e-05,6.42235366e-05
0.00000000e+00,4.65149667e-05,9.30299284e-05,1.39544818e-04
0.00000000e+00,4.70246102e-05,9.40491876e-05,1.41073704e-04
0.00000000e+00,4.68424872e-05,9.36849777e-05,1.40527403e-04
0.00000000e+00,1.05161534e-04,2.10322883e-04,3.15484080e-04
0.00000000e+00,1.05818353e-04,2.11636591e-04,3.17454839e-04
0.00000000e+00,7.50675658e-05,1.50135038e-04,2.25202469e-04
0.00000000e+00,7.57962117e-05,1.51592302e-04,2.27388337e-04
0.00000000e+00,1.04996101e-04,2.09992049e-04,3.14987877e-04
0.00000000e+00,1.05644417e-04,2.11288672e-04,3.16932931e-04
0.00000000e+00,1.05424971e-04,2.10849788e-04,3.16274550e-04
0.00000000e+00,1.66666863e-04,3.33333493e-04,5.00000007e-04
0.00000000e+00,1.66666792e-04,3.33333467e-04,5.00000077e-04
0.00000000e+00,1.35814591e-04,2.71628948e-04,4.07443183e-04
0.00000000e+00,1.36190849e-04,2.72381562e-04,4.08572279e-04
0.00000000e+00,1.66666850e-04,3.33333497e-04,5.00000004e-04
0.00000000e+00,1.66666782e-04,3.33333468e-04,5.00000072e-04
0.00000000e+00,1.66666824e-04,3.33333478e-04,5.00000039e-04
0.00000000e+00,2.28172170e-04,4.56344086e-04,6.84515965e-04
0.00000000e+00,2.27515211e-04,4.55030245e-04,6.82545315e-04
0.00000000e+00,1.97519121e-04,3.95038058e-04,5.92556872e-04
0.00000000e+00,1.97142716e-04,3.94285284e-04,5.91427817e-04
0.00000000e+00,2.28337578e-04,4.56674919e-04,6.85012157e-04
0.00000000e+00,2.27689162e-04,4.55378168e-04,6.83067210e-04
0.00000000e+00,2.27908654e-04,4.55817090e-04,6.83725545e-04
0.00000000e+00,2.86698958e-04,5.73397731e-04,8.60096524e-04
0.00000000e+00,2.86165634e-04,5.72331193e-04,8.58496908e-04
0.00000000e+00,2.58265983e-04,5.16531784e-04,7.74797584e-04
0.00000000e+00,2.57537300e-04,5.15074456e-04,7.72611736e-04
0.00000000e+00,2.86818516e-04,5.73636876e-04,8.60455202e-04
0.00000000e+00,2.86308806e-04,5.72617504e-04,8.58926361e-04
0.00000000e+00,2.86490936e-04,5.72981750e-04,8.59472636e-04
0.00000000e+00,3.33333333e-04,6.66666667e-04,1.00000000e-03
0.00000000e+00,3.33333333e-04,6.66666667e-04,1.00000000e-03
0.00000000e+00,3.12118597e-04,6.24237109e-04,9.36355602e-04
0.00000000e+00,3.11925456e-04,6.23850929e-04,9.35776500e-04
0.00000000e+00,3.33333333e-04,6.66666667e-04,1.00000000e-03
0.00000000e+00,3.33333333e-04,6.66666667e-04,1.00000000e-03
0.00000000e+00,3.33333333e-04,6.66666667e-04,1.00000000e-03
0.00000000e+00,0.00000000e+00,0.00000000e+00,0.00000000e+00
0.00000000e+00,0.00000000e+00,0.00000000e+00,0.00000000e+00
0.00000000e+00,4.71676970e-05,9.43353661e-05,1.41503129e-04
0.00000000e+00,4.78028969e-05,9.56058331e-05,1.43408794e-04
0.00000000e+00,0.00000000e+00,0.00000000e+00,0.00000000e+00
0.00000000e+00,0.00000000e+00,0.00000000e+00,0.00000000e+00
0.00000000e+00,0.00000000e+00,0.00000000e+00,0.00000000e+00
0.00000000e+00,2.14078301e-05,4.28156695e-05,6.42235272e-05
0.00000000e+00,2.16454193e-05,4.32908168e-05,6.49361495e-05
0.00000000e+00,4.68424714e-05,9.36849285e-05,1.40527399e-04
0.00000000e+00,4.74165009e-05,9.48330018e-05,1.42249501e-04
0.00000000e+00,4.74164799e-05,9.48329646e-05,1.42249493e-04
0.00000000e+00,1.05818348e-04,2.11636508e-04,3.17454819e-04
0.00000000e+00,1.06503985e-04,2.13007829e-04,3.19511747e-04
0.00000000e+00,7.57961354e-05,1.51592218e-04,2.27388341e-04
0.00000000e+00,7.66208127e-05,1.53241564e-04,2.29862351e-04
0.00000000e+00,1.05424971e-04,2.10849755e-04,3.16274535e-04
0.00000000e+00,1.06095175e-04,2.12190249e-04,3.18285354e-04
0.00000000e+00,1.06095193e-04,2.12190231e-04,3.18285341e-04
0.00000000e+00,1.66666702e-04,3.33333359e-04,5.00000010e-04
0.00000000e+00,1.66666670e-04,3.33333288e-04,4.99999998e-04
0.00000000e+00,1.36190806e-04,2.72381512e-04,4.08572253e-04
0.00000000e+00,1.36562345e-04,2.73124590e-04,4.09686918e-04
0.00000000e+00,1.66666773e-04,3.33333418e-04,5.00000020e-04
0.00000000e+00,1.66666721e-04,3.33333368e-04,5.00000033e-04
0.00000000e+00,1.66666689e-04,3.33333341e-04,5.00000001e-04
0.00000000e+00,2.27515236e-04,4.55030275e-04,6.82545322e-04
0.00000000e+00,2.26829474e-04,4.53658857e-04,6.80488264e-04
0.00000000e+00,1.97142670e-04,3.94285227e-04,5.91427820e-04
0.00000000e+00,1.96771104e-04,3.93542109e-04,5.90313142e-04
0.00000000e+00,2.27908655e-04,4.55817095e-04,6.83725546e-04
0.00000000e+00,2.27238319e-04,4.54476510e-04,6.81714728e-04
0.00000000e+00,2.27238356e-04,4.54476532e-04,6.81714726e-04
0.00000000e+00,2.86165542e-04,5.72331138e-04,8.58496905e-04
0.00000000e+00,2.85530375e-04,5.71060708e-04,8.56591194e-04
0.00000000e+00,2.57537289e-04,5.15074449e-04,7.72611736e-04
0.00000000e+00,2.56712627e-04,5.13425138e-04,7.70137699e-04
0.00000000e+00,2.86490893e-04,5.72981715e-04,8.59472642e-04
0.00000000e+00,2.85916823e-04,5.71833609e-04,8.57750526e-04
0.00000000e+00,2.85916834e-04,5.71833627e-04,8.57750514e-04
0.00000000e+00,3.33333333e-04,6.66666667e-04,1.00000000e-03
0.00000000e+00,3.33333333e-04,6.66666667e-04,1.00000000e-03
0.00000000e+00,3.11925459e-04,6.23850948e-04,9.35776492e-04
0.00000000e+00,3.11687932e-04,6.23375853e-04,9.35063858e-04
0.00000000e+00,3.33333333e-04,6.66666667e-04,1.00000000e-03
0.00000000e+00,3.33333333e-04,6.66666667e-04,1.00000000e-03
0.00000000e+00,3.33333333e-04,6.66666667e-04,1.00000000e-03
0.00000000e+00,0.00000000e+00,0.00000000e+00,0.00000000e+00
0.00000000e+00,0.00000000e+00,0.00000000e+00,0.00000000e+00
0.00000000e+00,4.64771455e-05,9.29542496e-05,1.39431322e-04
0.00000000e+00,4.69775616e-05,9.39549881e-05,1.40932403e-04
0.00000000e+00,0.00000000e+00,0.00000000e+00,0.00000000e+00
0.00000000e+00,0.00000000e+00,0.00000000e+00,0.00000000e+00
0.00000000e+00,0.00000000e+00,0.00000000e+00,0.00000000e+00
0.00000000e+00,2.11603029e-05,4.23206119e-05,6.34808954e-05
0.00000000e+00,2.13388423e-05,4.26776339e-05,6.40164364e-05
0.00000000e+00,4.66726005e-05,9.33451350e-05,1.40017644e-04
0.00000000e+00,4.70245676e-05,9.40491342e-05,1.41073705e-04
0.00000000e+00,4.65149698e-05,9.30299101e-05,1.39544829e-04
0.00000000e+00,1.04949755e-04,2.09899341e-04,3.14848787e-04
0.00000000e+00,1.05594487e-04,2.11188899e-04,3.16783266e-04
0.00000000e+00,7.48430807e-05,1.49686067e-04,2.24529013e-04
0.00000000e+00,7.55439895e-05,1.51087890e-04,2.26631741e-04
0.00000000e+00,1.05207587e-04,2.10415057e-04,3.15622450e-04
0.00000000e+00,1.05644353e-04,2.11288637e-04,3.16932922e-04
0.00000000e+00,1.04996092e-04,2.09992027e-04,3.14987872e-04
0.00000000e+00,1.66666807e-04,3.33333451e-04,5.00000003e-04
0.00000000e+00,1.66666710e-04,3.33333389e-04,5.00000046e-04
0.00000000e+00,1.35691357e-04,2.71382515e-04,4.07073519e-04
0.00000000e+00,1.36064715e-04,2.72129352e-04,4.08193975e-04
0.00000000e+00,1.66666772e-04,3.33333435e-04,5.00000025e-04
0.00000000e+00,1.66666773e-04,3.33333404e-04,5.00000045e-04
0.00000000e+00,1.66666857e-04,3.33333489e-04,4.99999994e-04
0.00000000e+00,2.28383919e-04,4.56767662e-04,6.85151223e-04
0.00000000e+00,2.27738999e-04,4.55477872e-04,6.83216871e-04
0.00000000e+00,1.97642322e-04,3.95284464e-04,5.92926502e-04
0.00000000e+00,1.97268787e-04,3.94537449e-04,5.91806125e-04
0.00000000e+00,2.28125976e-04,4.56251812e-04,6.84377615e-04
0.00000000e+00,2.27689174e-04,4.55378114e-04,6.83067189e-04
0.00000000e+00,2.28337528e-04,4.56674904e-04,6.85012150e-04
0.00000000e+00,2.86856377e-04,5.73712585e-04,8.60568706e-04
0.00000000e+00,2.86355908e-04,5.72711729e-04,8.59067670e-04
0.00000000e+00,2.58490489e-04,5.16980796e-04,7.75471004e-04
0.00000000e+00,2.57789509e-04,5.15578861e-04,7.73368356e-04
0.00000000e+00,2.86660855e-04,5.73321613e-04,8.59982412e-04
0.00000000e+00,2.86308773e-04,5.72617495e-04,8.58926383e-04
0.00000000e+00,2.86818511e-04,5.73636873e-04,8.60455202e-04
0.00000000e+00,3.33333333e-04,6.66666667e-04,1.00000000e-03
0.00000000e+00,3.33333333e-04,6.66666667e-04,1.00000000e-03
0.00000000e+00,3.12173090e-04,6.24346122e-04,9.36519128e-04
0.00000000e+00,3.11994507e-04,6.23988990e-04,9.35983611e-04
0.00000000e+00,3.33333333e-04,6.66666667e-04,1.00000000e-03
0.00000000e+00,3.33333333e-04,6.66666667e-04,1.00000000e-03
0.00000000e+00,3.33333333e-04,6.66666667e-04,1.00000000e-03
0.00000000e+00,0.00000000e+00,0.00000000e+00,0.00000000e+00
0.00000000e+00,4.63284333e-05,9.26567795e-05,1.38985084e-04
0.00000000e+00,0.00000000e+00,0.00000000e+00,0.00000000e+00
0.00000000e+00,0.00000000e+00,0.00000000e+00,0.00000000e+00
0.00000000e+00,2.11097632e-05,4.22194779e-05,6.33291515e-05
0.00000000e+00,4.63648182e-05,9.27295824e-05,1.39094316e-04
0.00000000e+00,4.63648032e-05,9.27295779e-05,1.39094313e-04
0.00000000e+00,1.04742779e-04,2.09485358e-04,3.14227806e-04
0.00000000e+00,7.46283795e-05,1.49256647e-04,2.23884861e-04
0.00000000e+00,1.04788151e-04,2.09576111e-04,3.14363952e-04
0.00000000e+00,1.04788144e-04,2.09576107e-04,3.14363956e-04
0.00000000e+00,1.66666887e-04,3.33333505e-04,5.00000013e-04
0.00000000e+00,1.35568819e-04,2.71137465e-04,4.06706003e-04
0.00000000e+00,1.66666849e-04,3.33333482e-04,5.00000009e-04
0.00000000e+00,1.66666870e-04,3.33333502e-04,5.00000004e-04
0.00000000e+00,2.28590984e-04,4.57181704e-04,6.85772236e-04
0.00000000e+00,1.97764867e-04,3.95529517e-04,5.93294041e-04
0.00000000e+00,2.28545570e-04,4.57090917e-04,6.85636059e-04
0.00000000e+00,2.28545562e-04,4.57090912e-04,6.85636068e-04
0.00000000e+00,2.87005079e-04,5.74010050e-04,8.61014928e-04
0.00000000e+00,2.58705222e-04,5.17410249e-04,7.76115158e-04
0.00000000e+00,2.86968676e-04,5.73937229e-04,8.60905706e-04
0.00000000e+00,2.86968673e-04,5.73937233e-04,8.60905702e-04
0.00000000e+00,3.33333333e-04,6.66666667e-04,1.00000000e-03
0.00000000e+00,3.12223697e-04,6.24447309e-04,9.36670845e-04
0.00000000e+00,3.33333333e-04,6.66666667e-04,1.00000000e-03
0.00000000e+00,3.33333333e-04,6.66666667e-04,1.00000000e-03
0.00000000e+00,0.00000000e+00,0.00000000e+00,0.00000000e+00
0.00000000e+00,4.64771028e-05,9.29542176e-05,1.39431320e-04
0.00000000e+00,0.00000000e+00,0.00000000e+00,0.00000000e+00
0.00000000e+00,0.00000000e+00,0.00000000e+00,0.00000000e+00
0.00000000e+00,2.11602920e-05,4.23205936e-05,6.34808909e-05
0.00000000e+00,4.63648016e-05,9.27295733e-05,1.39094315e-04
0.00000000e+00,4.65149575e-05,9.30299095e-05,1.39544824e-04
0.00000000e+00,1.04949767e-04,2.09899369e-04,3.14848813e-04
0.00000000e+00,7.48430881e-05,1.49686083e-04,2.24529022e-04
0.00000000e+00,1.04788155e-04,2.09576131e-04,3.14363965e-04
0.00000000e+00,1.04996113e-04,2.09992067e-04,3.14987883e-04
0.00000000e+00,1.66666846e-04,3.33333480e-04,5.00000038e-04
0.00000000e+00,1.35691342e-04,2.71382504e-04,4.07073541e-04
0.00000000e+00,1.66666890e-04,3.33333515e-04,5.00000022e-04
0.00000000e+00,1.66666843e-04,3.33333472e-04,5.00000020e-04
0.00000000e+00,2.28383898e-04,4.56767620e-04,6.85151277e-04
0.00000000e+00,1.97642302e-04,3.95284444e-04,5.92926531e-04
0.00000000e+00,2.28545551e-04,4.57090885e-04,6.85636095e-04
0.00000000e+00,2.28337560e-04,4.56674893e-04,6.85012182e-04
0.00000000e+00,2.86856314e-04,5.73712527e-04,8.60568731e-04
0.00000000e+00,2.58490446e-04,5.16980741e-04,7.75471046e-04
0.00000000e+00,2.86968662e-04,5.73937216e-04,8.60905719e-04
0.00000000e+00,2.86818503e-04,5.73636864e-04,8.60455210e-04
0.00000000e+00,3.33333333e-04,6.66666667e-04,1.00000000e-03
0.00000000e+00,3.12173082e-04,6.24346112e-04,9.36519134e-04
0.00000000e+00,3.33333333e-04,6.66666667e-04,1.00000000e-03
0.00000000e+00,3.33333333e-04,6.66666667e-04,1.00000000e-03
0.00000000e+00,0.00000000e+00,0.00000000e+00,0.00000000e+00
0.00000000e+00,4.69774593e-05,9.39548886e-05,1.40932407e-04
0.00000000e+00,0.00000000e+00,0.00000000e+00,0.00000000e+00
0.00000000e+00,0.00000000e+00,0.00000000e+00,0.00000000e+00
0.00000000e+00,2.13388096e-05,4.26776151e-05,6.40164278e-05
0.00000000e+00,4.66725340e-05,9.33450657e-05,1.40017646e-04
0.00000000e+00,4.70245676e-05,9.40490926e-05,1.41073685e-04
0.00000000e+00,1.05594454e-04,2.11188816e-04,3.16783303e-04
0.00000000e+00,7.55439563e-05,1.51087812e-04,2.26631759e-04
0.00000000e+00,1.05207567e-04,2.10415025e-04,3.15622476e-04
0.00000000e+00,1.05644377e-04,2.11288629e-04,3.16932937e-04
0.00000000e+00,1.66666612e-04,3.33333264e-04,5.00000045e-04
0.00000000e+00,1.36064690e-04,2.72129303e-04,4.08193980e-04
0.00000000e+00,1.66666744e-04,3.33333384e-04,5.00000050e-04
0.00000000e+00,1.66666683e-04,3.33333332e-04,5.00000016e-04
0.00000000e+00,2.27739063e-04,4.55477932e-04,6.83216884e-04
0.00000000e+00,1.97268782e-04,3.94537442e-04,5.91806115e-04
0.00000000e+00,2.28125994e-04,4.56251810e-04,6.84377646e-04
0.00000000e+00,2.27689154e-04,4.55378174e-04,6.83067228e-04
0.00000000e+00,2.86355774e-04,5.72711618e-04,8.59067652e-04
0.00000000e+00,2.57789493e-04,5.15578875e-04,7.73368348e-04
0.00000000e+00,2.86660799e-04,5.73321565e-04,8.59982411e-04
0.00000000e+00,2.86308715e-04,5.72617452e-04,8.58926362e-04
0.00000000e+00,3.33333333e-04,6.66666667e-04,1.00000000e-03
0.00000000e+00,3.11994483e-04,6.23989003e-04,9.35983590e-04
0.00000000e+00,3.33333333e-04,6.66666667e-04,1.00000000e-03
0.00000000e+00,3.33333333e-04,6.66666667e-04,1.00000000e-03
0.00000000e+00,0.00000000e+00,0.00000000e+00,0.00000000e+00
0.00000000e+00,0.00000000e+00,0.00000000e+00,0.00000000e+00
0.00000000e+00,4.66344869e-05,9.32690370e-05,1.39903520e-04
0.00000000e+00,4.71677077e-05,9.43354142e-05,1.41503127e-04
0.00000000e+00,0.00000000e+00,0.00000000e+00,0.00000000e+00
0.00000000e+00,0.00000000e+00,0.00000000e+00,0.00000000e+00
0.00000000e+00,0.00000000e+00,0.00000000e+00,0.00000000e+00
0.00000000e+00,2.12147480e-05,4.24295700e-05,6.36443938e-05
0.00000000e+00,2.14078355e-05,4.28156826e-05,6.42235321e-05
0.00000000e+00,4.68424597e-05,9.36849417e-05,1.40527401e-04
0.00000000e+00,4.70245935e-05,9.40491413e-05,1.41073690e-04
0.00000000e+00,4.65149647e-05,9.30299218e-05,1.39544831e-04
0.00000000e+00,1.05161502e-04,2.10322861e-04,3.15484078e-04
0.00000000e+00,1.05818324e-04,2.11636563e-04,3.17454799e-04
0.00000000e+00,7.50675211e-05,1.50135003e-04,2.25202465e-04
0.00000000e+00,7.57961661e-05,1.51592262e-04,2.27388329e-04
0.00000000e+00,1.05424950e-04,2.10849774e-04,3.16274533e-04
0.00000000e+00,1.05644372e-04,2.11288671e-04,3.16932910e-04
0.00000000e+00,1.04996102e-04,2.09992058e-04,3.14987868e-04
0.00000000e+00,1.66666845e-04,3.33333520e-04,5.00000008e-04
0.00000000e+00,1.66666742e-04,3.33333427e-04,5.00000085e-04
0.00000000e+00,1.35814554e-04,2.71628942e-04,4.07443188e-04
0.00000000e+00,1.36190840e-04,2.72381547e-04,4.08572261e-04
0.00000000e+00,1.66666800e-04,3.33333478e-04,5.00000042e-04
0.00000000e+00,1.66666734e-04,3.33333416e-04,5.00000063e-04
0.00000000e+00,1.66666810e-04,3.33333473e-04,5.00000011e-04
0.00000000e+00,2.28172081e-04,4.56344070e-04,6.84515938e-04
0.00000000e+00,2.27515148e-04,4.55030204e-04,6.82545327e-04
0.00000000e+00,1.97519109e-04,3.95038065e-04,5.92556863e-04
0.00000000e+00,1.97142691e-04,3.94285267e-04,5.91427816e-04
0.00000000e+00,2.27908574e-04,4.55817050e-04,6.83725546e-04
0.00000000e+00,2.27689116e-04,4.55378125e-04,6.83067200e-04
0.00000000e+00,2.28337529e-04,4.56674913e-04,6.85012144e-04
0.00000000e+00,2.86698869e-04,5.73397647e-04,8.60096516e-04
0.00000000e+00,2.86165649e-04,5.72331181e-04,8.58496920e-04
0.00000000e+00,2.58265913e-04,5.16531751e-04,7.74797573e-04
0.00000000e+00,2.57537289e-04,5.15074453e-04,7.72611725e-04
0.00000000e+00,2.86490918e-04,5.72981729e-04,8.59472635e-04
0.00000000e+00,2.86308803e-04,5.72617524e-04,8.58926369e-04
0.00000000e+00,2.86818505e-04,5.73636856e-04,8.60455201e-04
0.00000000e+00,3.33333333e-04,6.66666667e-04,1.00000000e-03
0.00000000e+00,3.33333333e-04,6.66666667e-04,1.00000000e-03
0.00000000e+00,3.12118559e-04,6.24237067e-04,9.36355613e-04
0.00000000e+00,3.11925487e-04,6.23850923e-04,9.35776498e-04
0.00000000e+00,3.33333333e-04,6.66666667e-04,1.00000000e-03
0.00000000e+00,3.33333333e-04,6.66666667e-04,1.00000000e-03
0.00000000e+00,3.33333333e-04,6.66666667e-04,1.00000000e-03
0.00000000e+00,0.00000000e+00,0.00000000e+00,0.00000000e+00
0.00000000e+00,4.64770975e-05,9.29542037e-05,1.39431312e-04
0.00000000e+00,0.00000000e+00,0.00000000e+00,0.00000000e+00
0.00000000e+00,0.00000000e+00,0.00000000e+00,0.00000000e+00
0.00000000e+00,2.11602822e-05,4.23205814e-05,6.34808860e-05
0.00000000e+00,4.65149351e-05,9.30298935e-05,1.39544824e-04
0.00000000e+00,4.63648021e-05,9.27295648e-05,1.39094311e-04
0.00000000e+00,1.04949735e-04,2.09899325e-04,3.14848787e-04
0.00000000e+00,7.48430697e-05,1.49686049e-04,2.24529010e-04
0.00000000e+00,1.04996097e-04,2.09992045e-04,3.14987868e-04
0.00000000e+00,1.04788135e-04,2.09576111e-04,3.14363952e-04
0.00000000e+00,1.66666817e-04,3.33333486e-04,4.99999989e-04
0.00000000e+00,1.35691338e-04,2.71382501e-04,4.07073517e-04
0.00000000e+00,1.66666836e-04,3.33333502e-04,4.99999992e-04
0.00000000e+00,1.66666872e-04,3.33333511e-04,5.00000000e-04
0.00000000e+00,2.28383869e-04,4.56767608e-04,6.85151227e-04
0.00000000e+00,1.97642324e-04,3.95284475e-04,5.92926503e-04
0.00000000e+00,2.28337509e-04,4.56674891e-04,6.85012148e-04
0.00000000e+00,2.28545509e-04,4.57090853e-04,6.85636079e-04
0.00000000e+00,2.86856301e-04,5.73712501e-04,8.60568719e-04
0.00000000e+00,2.58490432e-04,5.16980730e-04,7.75471030e-04
0.00000000e+00,2.86818473e-04,5.73636828e-04,8.60455193e-04
0.00000000e+00,2.86968651e-04,5.73937199e-04,8.60905715e-04
0.00000000e+00,3.33333333e-04,6.66666667e-04,1.00000000e-03
0.00000000e+00,3.12173065e-04,6.24346094e-04,9.36519126e-04
0.00000000e+00,3.33333333e-04,6.66666667e-04,1.00000000e-03
0.00000000e+00,3.33333333e-04,6.66666667e-04,1.00000000e-03
0.00000000e+00,0.00000000e+00,0.00000000e+00,0.00000000e+00
0.00000000e+00,4.66344818e-05,9.32689874e-05,1.39903497e-04
0.00000000e+00,0.00000000e+00,0.00000000e+00,0.00000000e+00
0.00000000e+00,0.00000000e+00,0.00000000e+00,0.00000000e+00
0.00000000e+00,2.12147983e-05,4.24295918e-05,6.36443924e-05
0.00000000e+00,4.65149431e-05,9.30298777e-05,1.39544816e-04
0.00000000e+00,4.65149281e-05,9.30298705e-05,1.39544822e-04
0.00000000e+00,1.05161497e-04,2.10322853e-04,3.15484080e-04
0.00000000e+00,7.50675156e-05,1.50134992e-04,2.25202457e-04
0.00000000e+00,1.04996103e-04,2.09992055e-04,3.14987869e-04
0.00000000e+00,1.04996095e-04,2.09992051e-04,3.14987886e-04
0.00000000e+00,1.66666816e-04,3.33333472e-04,5.00000017e-04
0.00000000e+00,1.35814508e-04,2.71628871e-04,4.07443184e-04
0.00000000e+00,1.66666821e-04,3.33333480e-04,5.00000007e-04
0.00000000e+00,1.66666826e-04,3.33333479e-04,5.00000028e-04
0.00000000e+00,2.28172192e-04,4.56344127e-04,6.84515960e-04
0.00000000e+00,1.97519119e-04,3.95038037e-04,5.92556874e-04
0.00000000e+00,2.28337554e-04,4.56674911e-04,6.85012158e-04
0.00000000e+00,2.28337562e-04,4.56674910e-04,6.85012182e-04
0.00000000e+00,2.86698898e-04,5.73397705e-04,8.60096550e-04
0.00000000e+00,2.58265982e-04,5.16531788e-04,7.74797597e-04
0.00000000e+00,2.86818489e-04,5.73636856e-04,8.60455216e-04
0.00000000e+00,2.86818476e-04,5.73636852e-04,8.60455218e-04
0.00000000e+00,3.33333333e-04,6.66666667e-04,1.00000000e-03
0.00000000e+00,3.12118586e-04,6.24237106e-04,9.36355620e-04
0.00000000e+00,3.33333333e-04,6.66666667e-04,1.00000000e-03
0.00000000e+00,3.33333333e-04,6.66666667e-04,1.00000000e-03
0.00000000e+00,0.00000000e+00,0.00000000e+00,0.00000000e+00
0.00000000e+00,4.71676480e-05,9.43353317e-05,1.41503123e-04
0.00000000e+00,0.00000000e+00,0.00000000e+00,0.00000000e+00
0.00000000e+00,0.00000000e+00,0.00000000e+00,0.00000000e+00
0.00000000e+00,2.14078108e-05,4.28156423e-05,6.42235247e-05
0.00000000e+00,4.68424479e-05,9.36848993e-05,1.40527386e-04
0.00000000e+00,4.70245358e-05,9.40490620e-05,1.41073684e-04
0.00000000e+00,1.05818232e-04,2.11636404e-04,3.17454814e-04
0.00000000e+00,7.57961258e-05,1.51592189e-04,2.27388345e-04
0.00000000e+00,1.05424923e-04,2.10849716e-04,3.16274544e-04
0.00000000e+00,1.05644318e-04,2.11288565e-04,3.16932922e-04
0.00000000e+00,1.66666719e-04,3.33333325e-04,5.00000067e-04
0.00000000e+00,1.36190833e-04,2.72381550e-04,4.08572267e-04
0.00000000e+00,1.66666772e-04,3.33333413e-04,5.00000043e-04
0.00000000e+00,1.66666646e-04,3.33333279e-04,5.00000050e-04
0.00000000e+00,2.27515178e-04,4.55030166e-04,6.82545315e-04
0.00000000e+00,1.97142683e-04,3.94285266e-04,5.91427821e-04
0.00000000e+00,2.27908644e-04,4.55817076e-04,6.83725541e-04
0.00000000e+00,2.27689166e-04,4.55378134e-04,6.83067213e-04
0.00000000e+00,2.86165566e-04,5.72331124e-04,8.58496899e-04
0.00000000e+00,2.57537234e-04,5.15074427e-04,7.72611719e-04
0.00000000e+00,2.86490860e-04,5.72981688e-04,8.59472660e-04
0.00000000e+00,2.86308702e-04,5.72617455e-04,8.58926369e-04
0.00000000e+00,3.33333333e-04,6.66666667e-04,1.00000000e-03
0.00000000e+00,3.11925424e-04,6.23850923e-04,9.35776489e-04
0.00000000e+00,3.33333333e-04,6.66666667e-04,1.00000000e-03
0.00000000e+00,3.33333333e-04,6.66666667e-04,1.00000000e-03
0.00000000e+00,0.00000000e+00,0.00000000e+00,0.00000000e+00
0.00000000e+00,0.00000000e+00,0.00000000e+00,0.00000000e+00
0.00000000e+00,4.71676675e-05,9.43354025e-05,1.41503130e-04
0.00000000e+00,4.78029184e-05,9.56057767e-05,1.43408754e-04
0.00000000e+00,0.00000000e+00,0.00000000e+00,0.00000000e+00
0.00000000e+00,0.00000000e+00,0.00000000e+00,0.00000000e+00
0.00000000e+00,0.00000000e+00,0.00000000e+00,0.00000000e+00
0.00000000e+00,2.14078425e-05,4.28156907e-05,6.42235190e-05
0.00000000e+00,2.16454176e-05,4.32907782e-05,6.49361373e-05
0.00000000e+00,4.74164823e-05,9.48329539e-05,1.42249473e-04
0.00000000e+00,4.74164863e-05,9.48329549e-05,1.42249476e-04
0.00000000e+00,4.68424322e-05,9.36849269e-05,1.40527404e-04
0.00000000e+00,1.05818365e-04,2.11636571e-04,3.17454800e-04
0.00000000e+00,1.06504103e-04,2.13007824e-04,3.19511715e-04
0.00000000e+00,7.57962091e-05,1.51592270e-04,2.27388331e-04
0.00000000e+00,7.66208092e-05,1.53241547e-04,2.29862334e-04
0.00000000e+00,1.06095246e-04,2.12190254e-04,3.18285319e-04
0.00000000e+00,1.06095214e-04,2.12190240e-04,3.18285319e-04
0.00000000e+00,1.05424966e-04,2.10849774e-04,3.16274527e-04
0.00000000e+00,1.66666871e-04,3.33333506e-04,5.00000005e-04
0.00000000e+00,1.66666804e-04,3.33333400e-04,4.99999992e-04
0.00000000e+00,1.36190923e-04,2.72381608e-04,4.08572229e-04
0.00000000e+00,1.36562337e-04,2.73124608e-04,4.09686903e-04
0.00000000e+00,1.66666819e-04,3.33333438e-04,5.00000007e-04
0.00000000e+00,1.66666799e-04,3.33333425e-04,5.00000035e-04
0.00000000e+00,1.66666847e-04,3.33333508e-04,5.00000010e-04
0.00000000e+00,2.27515165e-04,4.55030241e-04,6.82545293e-04
0.00000000e+00,2.26829581e-04,4.53658897e-04,6.80488303e-04
0.00000000e+00,1.97142729e-04,3.94285285e-04,5.91427806e-04
0.00000000e+00,1.96771128e-04,3.93542100e-04,5.90313166e-04
0.00000000e+00,2.27238341e-04,4.54476538e-04,6.81714728e-04
0.00000000e+00,2.27238336e-04,4.54476511e-04,6.81714743e-04
0.00000000e+00,2.27908580e-04,4.55817074e-04,6.83725527e-04
0.00000000e+00,2.86165524e-04,5.72331137e-04,8.58496887e-04
0.00000000e+00,2.85530415e-04,5.71060740e-04,8.56591221e-04
0.00000000e+00,2.57537269e-04,5.15074448e-04,7.72611717e-04
0.00000000e+00,2.56712611e-04,5.13425080e-04,7.70137710e-04
0.00000000e+00,2.85916769e-04,5.71833565e-04,8.57750543e-04
0.00000000e+00,2.85916844e-04,5.71833577e-04,8.57750543e-04
0.00000000e+00,2.86490865e-04,5.72981703e-04,8.59472620e-04
0.00000000e+00,3.33333333e-04,6.66666667e-04,1.00000000e-03
0.00000000e+00,3.33333333e-04,6.66666667e-04,1.00000000e-03
0.00000000e+00,3.11925448e-04,6.23850934e-04,9.35776488e-04
0.00000000e+00,3.11687947e-04,6.23375871e-04,9.35063866e-04
0.00000000e+00,3.33333333e-04,6.66666667e-04,1.00000000e-03
0.00000000e+00,3.33333333e-04,6.66666667e-04,1.00000000e-03
0.00000000e+00,3.33333333e-04,6.66666667e-04,1.00000000e-03
0.00000000e+00,0.00000000e+00,0.00000000e+00,0.00000000e+00
0.00000000e+00,4.69774931e-05,9.39548878e-05,1.40932398e-04
0.00000000e+00,0.00000000e+00,0.00000000e+00,0.00000000e+00
0.00000000e+00,0.00000000e+00,0.00000000e+00,0.00000000e+00
0.00000000e+00,2.13388069e-05,4.26775930e-05,6.40164274e-05
0.00000000e+00,4.70245660e-05,9.40491101e-05,1.41073685e-04
0.00000000e+00,4.66725552e-05,9.33450685e-05,1.40017635e-04
0.00000000e+00,1.05594571e-04,2.11188865e-04,3.16783252e-04
0.00000000e+00,7.55439925e-05,1.51087854e-04,2.26631738e-04
0.00000000e+00,1.05644406e-04,2.11288641e-04,3.16932909e-04
0.00000000e+00,1.05207618e-04,2.10415034e-04,3.15622442e-04
0.00000000e+00,1.66666779e-04,3.33333370e-04,5.00000026e-04
0.00000000e+00,1.36064759e-04,2.72129344e-04,4.08193963e-04
0.00000000e+00,1.66666807e-04,3.33333422e-04,5.00000020e-04
0.00000000e+00,1.66666806e-04,3.33333440e-04,5.00000014e-04
0.00000000e+00,2.27739110e-04,4.55477989e-04,6.83216865e-04
0.00000000e+00,1.97268838e-04,3.94537496e-04,5.91806106e-04
0.00000000e+00,2.27689155e-04,4.55378194e-04,6.83067191e-04
0.00000000e+00,2.28126014e-04,4.56251842e-04,6.84377615e-04
0.00000000e+00,2.86355886e-04,5.72711730e-04,8.59067656e-04
0.00000000e+00,2.57789511e-04,5.15578916e-04,7.73368338e-04
0.00000000e+00,2.86308717e-04,5.72617484e-04,8.58926359e-04
0.00000000e+00,2.86660834e-04,5.73321594e-04,8.59982410e-04
0.00000000e+00,3.33333333e-04,6.66666667e-04,1.00000000e-03
0.00000000e+00,3.11994501e-04,6.23989024e-04,9.35983590e-04
0.00000000e+00,3.33333333e-04,6.66666667e-04,1.00000000e-03
0.00000000e+00,3.33333333e-04,6.66666667e-04,1.00000000e-03
0.00000000e+00,0.00000000e+00,0.00000000e+00,0.00000000e+00
0.00000000e+00,4.71677515e-05,9.43354365e-05,1.41503119e-04
0.00000000e+00,0.00000000e+00,0.00000000e+00,0.00000000e+00
0.00000000e+00,0.00000000e+00,0.00000000e+00,0.00000000e+00
0.00000000e+00,2.14078305e-05,4.28156639e-05,6.42235220e-05
0.00000000e+00,4.70245874e-05,9.40491024e-05,1.41073680e-04
0.00000000e+00,4.68424870e-05,9.36849391e-05,1.40527386e-04
0.00000000e+00,1.05818421e-04,2.11636581e-04,3.17454807e-04
0.00000000e+00,7.57962072e-05,1.51592277e-04,2.27388344e-04
0.00000000e+00,1.05644442e-04,2.11288643e-04,3.16932899e-04
0.00000000e+00,1.05424995e-04,2.10849785e-04,3.16274535e-04
0.00000000e+00,1.66666833e-04,3.33333453e-04,5.00000058e-04
0.00000000e+00,1.36190936e-04,2.72381644e-04,4.08572263e-04
0.00000000e+00,1.66666765e-04,3.33333370e-04,5.00000046e-04
0.00000000e+00,1.66666824e-04,3.33333467e-04,5.00000038e-04
0.00000000e+00,2.27515118e-04,4.55030099e-04,6.82545328e-04
0.00000000e+00,1.97142735e-04,3.94285307e-04,5.91427820e-04
0.00000000e+00,2.27689165e-04,4.55378136e-04,6.83067208e-04
0.00000000e+00,2.27908628e-04,4.55817056e-04,6.83725544e-04
0.00000000e+00,2.86165604e-04,5.72331123e-04,8.58496959e-04
0.00000000e+00,2.57537265e-04,5.15074447e-04,7.72611738e-04
0.00000000e+00,2.86308772e-04,5.72617483e-04,8.58926392e-04
0.00000000e+00,2.86490859e-04,5.72981679e-04,8.59472682e-04
0.00000000e+00,3.33333333e-04,6.66666667e-04,1.00000000e-03
0.00000000e+00,3.11925487e-04,6.23850929e-04,9.35776492e-04
0.00000000e+00,3.33333333e-04,6.66666667e-04,1.00000000e-03
0.00000000e+00,3.33333333e-04,6.66666667e-04,1.00000000e-03
0.00000000e+00,0.00000000e+00,0.00000000e+00,0.00000000e+00
0.00000000e+00,4.78029730e-05,9.56059034e-05,1.43408816e-04
0.00000000e+00,0.00000000e+00,0.00000000e+00,0.00000000e+00
0.00000000e+00,0.00000000e+00,0.00000000e+00,0.00000000e+00
0.00000000e+00,2.16454520e-05,4.32908043e-05,6.49361522e-05
0.00000000e+00,4.74165123e-05,9.48330065e-05,1.42249506e-04
0.00000000e+00,4.74164826e-05,9.48329736e-05,1.42249499e-04
0.00000000e+00,1.06504192e-04,2.13008081e-04,3.19511846e-04
0.00000000e+00,7.66208628e-05,1.53241630e-04,2.29862359e-04
0.00000000e+00,1.06095314e-04,2.12190364e-04,3.18285384e-04
0.00000000e+00,1.06095217e-04,2.12190271e-04,3.18285389e-04
0.00000000e+00,1.66666945e-04,3.33333783e-04,5.00000023e-04
0.00000000e+00,1.36562403e-04,2.73124689e-04,4.09686937e-04
0.00000000e+00,1.66666899e-04,3.33333630e-04,5.00000040e-04
0.00000000e+00,1.66666849e-04,3.33333569e-04,5.00000032e-04
0.00000000e+00,2.26829427e-04,4.53658998e-04,6.80488224e-04
0.00000000e+00,1.96771141e-04,3.93542190e-04,5.90313144e-04
0.00000000e+00,2.27238234e-04,4.54476492e-04,6.81714716e-04
0.00000000e+00,2.27238246e-04,4.54476527e-04,6.81714722e-04
0.00000000e+00,2.85530324e-04,5.71060788e-04,8.56591176e-04
0.00000000e+00,2.56712629e-04,5.13425185e-04,7.70137695e-04
0.00000000e+00,2.85916789e-04,5.71833605e-04,8.57750536e-04
0.00000000e+00,2.85916800e-04,5.71833633e-04,8.57750504e-04
0.00000000e+00,3.33333333e-04,6.66666667e-04,1.00000000e-03
0.00000000e+00,3.11687969e-04,6.23375898e-04,9.35063840e-04
0.00000000e+00,3.33333333e-04,6.66666667e-04,1.00000000e-03
0.00000000e+00,3.33333333e-04,6.66666667e-04,1.00000000e-03
0.00000000e+00,0.00000000e+00,0.00000000e+00,0.00000000e+00
0.00000000e+00,0.00000000e+00,0.00000000e+00,0.00000000e+00
0.00000000e+00,4.82161627e-05,9.64322914e-05,1.44648432e-04
0.00000000e+00,4.90374393e-05,9.80746384e-05,1.47111792e-04
0.00000000e+00,0.00000000e+00,0.00000000e+00,0.00000000e+00
0.00000000e+00,0.00000000e+00,0.00000000e+00,0.00000000e+00
0.00000000e+00,0.00000000e+00,0.00000000e+00,0.00000000e+00
0.00000000e+00,2.18121900e-05,4.36243317e-05,6.54364732e-05
0.00000000e+00,2.21667864e-05,4.43335245e-05,6.65002199e-05
0.00000000e+00,4.76100095e-05,9.52200506e-05,1.42830091e-04
0.00000000e+00,4.84987482e-05,9.69973676e-05,1.45495927e-04
0.00000000e+00,4.83407465e-05,9.66814471e-05,1.45021993e-04
0.00000000e+00,1.06886971e-04,2.13773803e-04,3.20660598e-04
0.00000000e+00,1.07577386e-04,2.15154356e-04,3.22731242e-04
0.00000000e+00,7.70878691e-05,1.54175653e-04,2.31263426e-04
0.00000000e+00,7.80310194e-05,1.56061840e-04,2.34092517e-04
0.00000000e+00,1.06301744e-04,2.12603419e-04,3.18905083e-04
0.00000000e+00,1.07133678e-04,2.14267191e-04,3.21400628e-04
0.00000000e+00,1.07010613e-04,2.14021063e-04,3.21031281e-04
0.00000000e+00,1.66666766e-04,3.33333346e-04,5.00000014e-04
0.00000000e+00,1.66666689e-04,3.33333285e-04,4.99999937e-04
0.00000000e+00,1.36764852e-04,2.73529569e-04,4.10294252e-04
0.00000000e+00,1.37121167e-04,2.74242083e-04,4.11362954e-04
0.00000000e+00,1.66666740e-04,3.33333314e-04,5.00000040e-04
0.00000000e+00,1.66666719e-04,3.33333336e-04,4.99999998e-04
0.00000000e+00,1.66666586e-04,3.33333284e-04,4.99999978e-04
0.00000000e+00,2.26446463e-04,4.52892880e-04,6.79339447e-04
0.00000000e+00,2.25756246e-04,4.51512463e-04,6.77268764e-04
0.00000000e+00,1.96568655e-04,3.93137146e-04,5.89705776e-04
0.00000000e+00,1.96212381e-04,3.92424664e-04,5.88637023e-04
0.00000000e+00,2.27031715e-04,4.54063293e-04,6.81095023e-04
0.00000000e+00,2.26199787e-04,4.52399547e-04,6.78599409e-04
0.00000000e+00,2.26322943e-04,4.52645862e-04,6.78968728e-04
0.00000000e+00,2.85117059e-04,5.70234254e-04,8.55351613e-04
0.00000000e+00,2.84296034e-04,5.68592067e-04,8.52888289e-04
0.00000000e+00,2.56245444e-04,5.12490935e-04,7.68736646e-04
0.00000000e+00,2.55302408e-04,5.10604871e-04,7.65907506e-04
0.00000000e+00,2.85723227e-04,5.71446494e-04,8.57169978e-04
0.00000000e+00,2.84834646e-04,5.69669321e-04,8.54504105e-04
0.00000000e+00,2.84992565e-04,5.69985253e-04,8.54978010e-04
0.00000000e+00,3.33333333e-04,6.66666667e-04,1.00000000e-03
0.00000000e+00,3.33333333e-04,6.66666667e-04,1.00000000e-03
0.00000000e+00,3.11521128e-04,6.23042303e-04,9.34563566e-04
0.00000000e+00,3.11166531e-04,6.22333112e-04,9.33499807e-04
0.00000000e+00,3.33333333e-04,6.66666667e-04,1.00000000e-03
0.00000000e+00,3.33333333e-04,6.66666667e-04,1.00000000e-03
0.00000000e+00,3.33333333e-04,6.66666667e-04,1.00000000e-03
0.00000000e+00,0.00000000e+00,0.00000000e+00,0.00000000e+00
0.00000000e+00,0.00000000e+00,0.00000000e+00,0.00000000e+00
0.00000000e+00,5.00959786e-05,1.00191884e-04,1.50287700e-04
0.00000000e+00,5.10794596e-05,1.02158870e-04,1.53238169e-04
0.00000000e+00,0.00000000e+00,0.00000000e+00,0.00000000e+00
0.00000000e+00,0.00000000e+00,0.00000000e+00,0.00000000e+00
0.00000000e+00,0.00000000e+00,0.00000000e+00,0.00000000e+00
0.00000000e+00,2.26738330e-05,4.53476101e-05,6.80213405e-05
0.00000000e+00,2.31672280e-05,4.63344227e-05,6.95015538e-05
0.00000000e+00,4.90012530e-05,9.80024506e-05,1.47003604e-04
0.00000000e+00,5.03476450e-05,1.00695212e-04,1.51042689e-04
0.00000000e+00,4.99187811e-05,9.98374134e-05,1.49755985e-04
0.00000000e+00,1.08265679e-04,2.16531410e-04,3.24797053e-04
0.00000000e+00,1.08812104e-04,2.17624120e-04,3.26435935e-04
0.00000000e+00,7.91303469e-05,1.58260683e-04,2.37390905e-04
0.00000000e+00,7.99981767e-05,1.59996308e-04,2.39994254e-04
0.00000000e+00,1.07546534e-04,2.15093029e-04,3.22639468e-04
0.00000000e+00,1.08393516e-04,2.16786909e-04,3.25180189e-04
0.00000000e+00,1.08189718e-04,2.16379165e-04,3.24568476e-04
0.00000000e+00,1.66666793e-04,3.33333381e-04,5.00000014e-04
0.00000000e+00,1.66667000e-04,3.33333569e-04,5.00000021e-04
0.00000000e+00,1.37492790e-04,2.74985473e-04,4.12478105e-04
0.00000000e+00,1.37756185e-04,2.75512173e-04,4.13268019e-04
0.00000000e+00,1.66666760e-04,3.33333345e-04,5.00000016e-04
0.00000000e+00,1.66666811e-04,3.33333418e-04,5.00000006e-04
0.00000000e+00,1.66666877e-04,3.33333432e-04,4.99999977e-04
0.00000000e+00,2.25067630e-04,4.50135267e-04,6.75202997e-04
0.00000000e+00,2.24521484e-04,4.49042757e-04,6.73564089e-04
0.00000000e+00,1.95840730e-04,3.91681305e-04,5.87521928e-04
0.00000000e+00,1.95577554e-04,3.91154776e-04,5.86732028e-04
0.00000000e+00,2.25786833e-04,4.51573645e-04,6.77360579e-04
0.00000000e+00,2.24939988e-04,4.49879876e-04,6.74819838e-04
0.00000000e+00,2.25143879e-04,4.50287675e-04,6.75431536e-04
0.00000000e+00,2.83237332e-04,5.66474744e-04,8.49712326e-04
0.00000000e+00,2.82253942e-04,5.64507813e-04,8.46761840e-04
0.00000000e+00,2.54202987e-04,5.08405993e-04,7.62609125e-04
0.00000000e+00,2.53335216e-04,5.06670433e-04,7.60005763e-04
0.00000000e+00,2.84332002e-04,5.68664141e-04,8.52996426e-04
0.00000000e+00,2.82985715e-04,5.65971453e-04,8.48957335e-04
0.00000000e+00,2.83414653e-04,5.66829269e-04,8.50244062e-04
0.00000000e+00,3.33333333e-04,6.66666667e-04,1.00000000e-03
0.00000000e+00,3.33333333e-04,6.66666667e-04,1.00000000e-03
0.00000000e+00,3.10659538e-04,6.21319063e-04,9.31978667e-04
0.00000000e+00,3.10166107e-04,6.20332232e-04,9.30498459e-04
0.00000000e+00,3.33333333e-04,6.66666667e-04,1.00000000e-03
0.00000000e+00,3.33333333e-04,6.66666667e-04,1.00000000e-03
0.00000000e+00,3.33333333e-04,6.66666667e-04,1.00000000e-03
0.00000000e+00,0.00000000e+00,0.00000000e+00,0.00000000e+00
0.00000000e+00,0.00000000e+00,0.00000000e+00,0.00000000e+00
0.00000000e+00,5.40743687e-05,1.08148623e-04,1.62222730e-04
0.00000000e+00,5.48664745e-05,1.09732854e-04,1.64599138e-04
0.00000000e+00,0.00000000e+00,0.00000000e+00,0.00000000e+00
0.00000000e+00,0.00000000e+00,0.00000000e+00,0.00000000e+00
0.00000000e+00,0.00000000e+00,0.00000000e+00,0.00000000e+00
0.00000000e+00,2.45413783e-05,4.90826943e-05,7.36239388e-05
0.00000000e+00,2.52659177e-05,5.05317347e-05,7.57975019e-05
0.00000000e+00,5.17598138e-05,1.03519524e-04,1.55279110e-04
0.00000000e+00,5.38916542e-05,1.07783253e-04,1.61674754e-04
0.00000000e+00,5.27138684e-05,1.05427672e-04,1.58141366e-04
0.00000000e+00,1.09856850e-04,2.19713530e-04,3.29570043e-04
0.00000000e+00,1.10150731e-04,2.20301393e-04,3.30451820e-04
0.00000000e+00,8.18518025e-05,1.63703494e-04,2.45555067e-04
0.00000000e+00,8.23258575e-05,1.64651619e-04,2.46977162e-04
0.00000000e+00,1.09116174e-04,2.18232310e-04,3.27348306e-04
0.00000000e+00,1.09877793e-04,2.19755459e-04,3.29632966e-04
0.00000000e+00,1.09541666e-04,2.19083306e-04,3.28624724e-04
0.00000000e+00,1.66666826e-04,3.33333505e-04,5.00000010e-04
0.00000000e+00,1.66666858e-04,3.33333541e-04,4.99999996e-04
0.00000000e+00,1.38216745e-04,2.76433356e-04,4.14649804e-04
0.00000000e+00,1.38337408e-04,2.76674675e-04,4.15011789e-04
0.00000000e+00,1.66666812e-04,3.33333442e-04,5.00000007e-04
0.00000000e+00,1.66666828e-04,3.33333470e-04,5.00000014e-04
0.00000000e+00,1.66666975e-04,3.33333588e-04,5.00000015e-04
0.00000000e+00,2.23476741e-04,4.46953363e-04,6.70429915e-04
0.00000000e+00,2.23182830e-04,4.46365461e-04,6.69548181e-04
0.00000000e+00,1.95116872e-04,3.90233568e-04,5.85350191e-04
0.00000000e+00,1.94996206e-04,3.89992252e-04,5.84988194e-04
0.00000000e+00,2.24217256e-04,4.48434472e-04,6.72651705e-04
0.00000000e+00,2.23455765e-04,4.46911391e-04,6.70367038e-04
0.00000000e+00,2.23791872e-04,4.47583537e-04,6.71375292e-04
0.00000000e+00,2.79259041e-04,5.58518056e-04,8.37777270e-04
0.00000000e+00,2.78466913e-04,5.56933867e-04,8.35400889e-04
0.00000000e+00,2.51481653e-04,5.02963260e-04,7.54444921e-04
0.00000000e+00,2.51007615e-04,5.02015187e-04,7.53022840e-04
0.00000000e+00,2.81573560e-04,5.63147130e-04,8.44720895e-04
0.00000000e+00,2.79441726e-04,5.58883448e-04,8.38325261e-04
0.00000000e+00,2.80619551e-04,5.61239062e-04,8.41858637e-04
0.00000000e+00,3.33333333e-04,6.66666667e-04,1.00000000e-03
0.00000000e+00,3.33333333e-04,6.66666667e-04,1.00000000e-03
0.00000000e+00,3.08792023e-04,6.17584005e-04,9.26376056e-04
0.00000000e+00,3.08067469e-04,6.16134969e-04,9.24202513e-04
0.00000000e+00,3.33333333e-04,6.66666667e-04,1.00000000e-03
0.00000000e+00,3.33333333e-04,6.66666667e-04,1.00000000e-03
0.00000000e+00,3.33333333e-04,6.66666667e-04,1.00000000e-03
0.00000000e+00,0.00000000e+00,0.00000000e+00,0.00000000e+00
0.00000000e+00,0.00000000e+00,0.00000000e+00,0.00000000e+00
0.00000000e+00,5.87608551e-05,1.17521611e-04,1.76282255e-04
0.00000000e+00,5.86083445e-05,1.17216558e-04,1.75824549e-04
0.00000000e+00,0.00000000e+00,0.00000000e+00,0.00000000e+00
0.00000000e+00,0.00000000e+00,0.00000000e+00,0.00000000e+00
0.00000000e+00,0.00000000e+00,0.00000000e+00,0.00000000e+00
0.00000000e+00,3.22598377e-05,6.45196520e-05,9.67793800e-05
0.00000000e+00,3.25277263e-05,6.50554211e-05,9.75830524e-05
0.00000000e+00,5.57921706e-05,1.11584229e-04,1.67376160e-04
0.00000000e+00,5.85885234e-05,1.17177004e-04,1.75765340e-04
0.00000000e+00,5.62792967e-05,1.12558442e-04,1.68837421e-04
0.00000000e+00,1.11212567e-04,2.22424875e-04,3.33637122e-04
0.00000000e+00,1.11230809e-04,2.22461340e-04,3.33691694e-04
0.00000000e+00,8.46771372e-05,1.69354078e-04,2.54030915e-04
0.00000000e+00,8.46143552e-05,1.69228609e-04,2.53842734e-04
0.00000000e+00,1.10740796e-04,2.21481356e-04,3.32221806e-04
0.00000000e+00,1.11254559e-04,2.22508974e-04,3.33763299e-04
0.00000000e+00,1.10850608e-04,2.21701048e-04,3.32551269e-04
0.00000000e+00,1.66666838e-04,3.33333479e-04,5.00000075e-04
0.00000000e+00,1.66666735e-04,3.33333329e-04,5.00000075e-04
0.00000000e+00,1.38772321e-04,2.77544409e-04,4.16316448e-04
0.00000000e+00,1.38787081e-04,2.77573856e-04,4.16360553e-04
0.00000000e+00,1.66666834e-04,3.33333506e-04,5.00000045e-04
0.00000000e+00,1.66666782e-04,3.33333448e-04,5.00000014e-04
0.00000000e+00,1.66666792e-04,3.33333420e-04,5.00000038e-04
0.00000000e+00,2.22120966e-04,4.44241925e-04,6.66362831e-04
0.00000000e+00,2.22102713e-04,4.44205399e-04,6.66308282e-04
0.00000000e+00,1.94561272e-04,3.89122435e-04,5.83683607e-04
0.00000000e+00,1.94546554e-04,3.89092997e-04,5.83639498e-04
0.00000000e+00,2.22592781e-04,4.45185482e-04,6.67778144e-04
0.00000000e+00,2.22079007e-04,4.44157920e-04,6.66236696e-04
0.00000000e+00,2.22482908e-04,4.44965743e-04,6.67448718e-04
0.00000000e+00,2.74572633e-04,5.49145199e-04,8.23717774e-04
0.00000000e+00,2.74725049e-04,5.49450340e-04,8.24175508e-04
0.00000000e+00,2.48656384e-04,4.97312747e-04,7.45969077e-04
0.00000000e+00,2.48719029e-04,4.97438113e-04,7.46157268e-04
0.00000000e+00,2.77541280e-04,5.55082538e-04,8.32623857e-04
0.00000000e+00,2.74744898e-04,5.49489702e-04,8.24234656e-04
0.00000000e+00,2.77054119e-04,5.54108377e-04,8.31162620e-04
0.00000000e+00,3.33333333e-04,6.66666667e-04,1.00000000e-03
0.00000000e+00,3.33333333e-04,6.66666667e-04,1.00000000e-03
0.00000000e+00,3.01073565e-04,6.02147075e-04,9.03220640e-04
0.00000000e+00,3.00805644e-04,6.01611376e-04,9.02417010e-04
0.00000000e+00,3.33333333e-04,6.66666667e-04,1.00000000e-03
0.00000000e+00,3.33333333e-04,6.66666667e-04,1.00000000e-03
0.00000000e+00,3.33333333e-04,6.66666667e-04,1.00000000e-03
0.00000000e+00,0.00000000e+00,0.00000000e+00,0.00000000e+00
0.00000000e+00,4.79524373e-05,9.59048394e-05,1.43857255e-04
0.00000000e+00,0.00000000e+00,0.00000000e+00,0.00000000e+00
0.00000000e+00,0.00000000e+00,0.00000000e+00,0.00000000e+00
0.00000000e+00,2.17075088e-05,4.34149998e-05,6.51225245e-05
0.00000000e+00,4.73838235e-05,9.47675458e-05,1.42151268e-04
0.00000000e+00,4.79777091e-05,9.59553753e-05,1.43933045e-04
0.00000000e+00,1.06642470e-04,2.13284949e-04,3.19927337e-04
0.00000000e+00,7.67722524e-05,1.53544471e-04,2.30316605e-04
0.00000000e+00,1.06059654e-04,2.12119295e-04,3.18178880e-04
0.00000000e+00,1.06657623e-04,2.13315216e-04,3.19972740e-04
0.00000000e+00,1.66666799e-04,3.33333368e-04,5.00000016e-04
0.00000000e+00,1.36634207e-04,2.73268313e-04,4.09902384e-04
0.00000000e+00,1.66666750e-04,3.33333369e-04,5.00000039e-04
0.00000000e+00,1.66666790e-04,3.33333386e-04,5.00000016e-04
0.00000000e+00,2.26691042e-04,4.53381803e-04,6.80072718e-04
0.00000000e+00,1.96699312e-04,3.93398444e-04,5.90097663e-04
0.00000000e+00,2.27273843e-04,4.54547440e-04,6.81821214e-04
0.00000000e+00,2.26675834e-04,4.53351512e-04,6.80027314e-04
0.00000000e+00,2.85380844e-04,5.70761736e-04,8.56142799e-04
0.00000000e+00,2.56561153e-04,5.13122192e-04,7.69683470e-04
0.00000000e+00,2.85949576e-04,5.71899118e-04,8.57848784e-04
0.00000000e+00,2.85355604e-04,5.70711238e-04,8.56066991e-04
0.00000000e+00,3.33333333e-04,6.66666667e-04,1.00000000e-03
0.00000000e+00,3.11625748e-04,6.23251586e-04,9.34877512e-04
0.00000000e+00,3.33333333e-04,6.66666667e-04,1.00000000e-03
0.00000000e+00,3.33333333e-04,6.66666667e-04,1.00000000e-03
0.00000000e+00,0.00000000e+00,0.00000000e+00,0.00000000e+00
0.00000000e+00,4.97626262e-05,9.95252040e-05,1.49287700e-04
0.00000000e+00,0.00000000e+00,0.00000000e+00,0.00000000e+00
0.00000000e+00,0.00000000e+00,0.00000000e+00,0.00000000e+00
0.00000000e+00,2.25189935e-05,4.50379351e-05,6.75568557e-05
0.00000000e+00,4.87001004e-05,9.74001577e-05,1.46100183e-04
0.00000000e+00,4.97088337e-05,9.94176295e-05,1.49126361e-04
0.00000000e+00,1.08062947e-04,2.16125899e-04,3.24188657e-04
0.00000000e+00,7.88130234e-05,1.57626037e-04,2.36438923e-04
0.00000000e+00,1.07311613e-04,2.14623242e-04,3.21934727e-04
0.00000000e+00,1.08000689e-04,2.16001337e-04,3.24001868e-04
0.00000000e+00,1.66666724e-04,3.33333377e-04,4.99999994e-04
0.00000000e+00,1.37391212e-04,2.74782381e-04,4.12173470e-04
0.00000000e+00,1.66666776e-04,3.33333373e-04,5.00000004e-04
0.00000000e+00,1.66666731e-04,3.33333364e-04,5.00000013e-04
0.00000000e+00,2.25270522e-04,4.50540918e-04,6.75811417e-04
0.00000000e+00,1.95942247e-04,3.91884369e-04,5.87826563e-04
0.00000000e+00,2.26021855e-04,4.52043536e-04,6.78065346e-04
0.00000000e+00,2.25332761e-04,4.50665403e-04,6.75998166e-04
0.00000000e+00,2.83570788e-04,5.67141492e-04,8.50712353e-04
0.00000000e+00,2.54520370e-04,5.09040677e-04,7.63561156e-04
0.00000000e+00,2.84633265e-04,5.69266484e-04,8.53899867e-04
0.00000000e+00,2.83624525e-04,5.67249051e-04,8.50873677e-04
0.00000000e+00,3.33333333e-04,6.66666667e-04,1.00000000e-03
0.00000000e+00,3.10814358e-04,6.21628738e-04,9.32443171e-04
0.00000000e+00,3.33333333e-04,6.66666667e-04,1.00000000e-03
0.00000000e+00,3.33333333e-04,6.66666667e-04,1.00000000e-03
0.00000000e+00,0.00000000e+00,0.00000000e+00,0.00000000e+00
0.00000000e+00,5.37723594e-05,1.07544636e-04,1.61316825e-04
0.00000000e+00,0.00000000e+00,0.00000000e+00,0.00000000e+00
0.00000000e+00,0.00000000e+00,0.00000000e+00,0.00000000e+00
0.00000000e+00,2.43082578e-05,4.86164600e-05,7.29246221e-05
0.00000000e+00,5.14187421e-05,1.02837418e-04,1.54256000e-04
0.00000000e+00,5.33496776e-05,1.06699294e-04,1.60048803e-04
0.00000000e+00,1.09745387e-04,2.19490729e-04,3.29235956e-04
0.00000000e+00,8.16626201e-05,1.63325169e-04,2.44987606e-04
0.00000000e+00,1.08953571e-04,2.17907122e-04,3.26860497e-04
0.00000000e+00,1.09658475e-04,2.19316867e-04,3.28975165e-04
0.00000000e+00,1.66666735e-04,3.33333418e-04,5.00000009e-04
0.00000000e+00,1.38170377e-04,2.76340683e-04,4.14510827e-04
0.00000000e+00,1.66666720e-04,3.33333401e-04,4.99999998e-04
0.00000000e+00,1.66666770e-04,3.33333405e-04,5.00000004e-04
0.00000000e+00,2.23588122e-04,4.47176007e-04,6.70764021e-04
0.00000000e+00,1.95163154e-04,3.90326160e-04,5.85489172e-04
0.00000000e+00,2.24379933e-04,4.48759670e-04,6.73139519e-04
0.00000000e+00,2.23675019e-04,4.47349890e-04,6.71024840e-04
0.00000000e+00,2.79561096e-04,5.59122113e-04,8.38683192e-04
0.00000000e+00,2.51670830e-04,5.03341555e-04,7.55012404e-04
0.00000000e+00,2.81914732e-04,5.63829348e-04,8.45744020e-04
0.00000000e+00,2.79983743e-04,5.59967429e-04,8.39951215e-04
0.00000000e+00,3.33333333e-04,6.66666667e-04,1.00000000e-03
0.00000000e+00,3.09025147e-04,6.18050237e-04,9.27075384e-04
0.00000000e+00,3.33333333e-04,6.66666667e-04,1.00000000e-03
0.00000000e+00,3.33333333e-04,6.66666667e-04,1.00000000e-03
0.00000000e+00,0.00000000e+00,0.00000000e+00,0.00000000e+00
0.00000000e+00,5.88132597e-05,1.17626478e-04,1.76439707e-04
0.00000000e+00,0.00000000e+00,0.00000000e+00,0.00000000e+00
0.00000000e+00,0.00000000e+00,0.00000000e+00,0.00000000e+00
0.00000000e+00,3.21412295e-05,6.42824535e-05,9.64236650e-05
0.00000000e+00,5.55984580e-05,1.11196849e-04,1.66795221e-04
0.00000000e+00,5.86736666e-05,1.17347321e-04,1.76020889e-04
0.00000000e+00,1.11206331e-04,2.22412503e-04,3.33618819e-04
0.00000000e+00,8.47110820e-05,1.69422123e-04,2.54133199e-04
0.00000000e+00,1.10698111e-04,2.21396084e-04,3.32094079e-04
0.00000000e+00,1.11247286e-04,2.22494508e-04,3.33741661e-04
0.00000000e+00,1.66666792e-04,3.33333385e-04,5.00000064e-04
0.00000000e+00,1.38764681e-04,2.77529224e-04,4.16293890e-04
0.00000000e+00,1.66666752e-04,3.33333396e-04,5.00000049e-04
0.00000000e+00,1.66666788e-04,3.33333415e-04,5.00000007e-04
0.00000000e+00,2.22126999e-04,4.44254041e-04,6.66381207e-04
0.00000000e+00,1.94568769e-04,3.89137419e-04,5.83706168e-04
0.00000000e+00,2.22635317e-04,4.45270562e-04,6.67905907e-04
0.00000000e+00,2.22086175e-04,4.44172262e-04,6.66258369e-04
0.00000000e+00,2.74520045e-04,5.49040106e-04,8.23560400e-04
0.00000000e+00,2.48622276e-04,4.97244499e-04,7.45866854e-04
0.00000000e+00,2.77734935e-04,5.55469821e-04,8.33204837e-04
0.00000000e+00,2.74659728e-04,5.49319367e-04,8.23979140e-04
0.00000000e+00,3.33333333e-04,6.66666667e-04,1.00000000e-03
0.00000000e+00,3.01192119e-04,6.02384195e-04,9.03576404e-04
0.00000000e+00,3.33333333e-04,6.66666667e-04,1.00000000e-03
0.00000000e+00,3.33333333e-04,6.66666667e-04,1.00000000e-03
0.00000000e+00,0.00000000e+00,0.00000000e+00,0.00000000e+00
0.00000000e+00,4.82160634e-05,9.64322393e-05,1.44648436e-04
0.00000000e+00,0.00000000e+00,0.00000000e+00,0.00000000e+00
0.00000000e+00,0.00000000e+00,0.00000000e+00,0.00000000e+00
0.00000000e+00,2.18121564e-05,4.36243228e-05,6.54364697e-05
0.00000000e+00,4.76099791e-05,9.52200208e-05,1.42830079e-04
0.00000000e+00,4.79776682e-05,9.59553555e-05,1.43933049e-04
0.00000000e+00,1.06886868e-04,2.13773734e-04,3.20660594e-04
0.00000000e+00,7.70877997e-05,1.54175641e-04,2.31263424e-04
0.00000000e+00,1.06301720e-04,2.12603400e-04,3.18905062e-04
0.00000000e+00,1.06657597e-04,2.13315182e-04,3.19972740e-04
0.00000000e+00,1.66666775e-04,3.33333341e-04,5.00000009e-04
0.00000000e+00,1.36764819e-04,2.73529539e-04,4.10294248e-04
0.00000000e+00,1.66666715e-04,3.33333341e-04,5.00000051e-04
0.00000000e+00,1.66666774e-04,3.33333368e-04,5.00000017e-04
0.00000000e+00,2.26446456e-04,4.52892875e-04,6.79339463e-04
0.00000000e+00,1.96568640e-04,3.93137152e-04,5.89705788e-04
0.00000000e+00,2.27031682e-04,4.54063289e-04,6.81095029e-04
0.00000000e+00,2.26675827e-04,4.53351507e-04,6.80027322e-04
0.00000000e+00,2.85117094e-04,5.70234239e-04,8.55351606e-04
0.00000000e+00,2.56245491e-04,5.12490948e-04,7.68736640e-04
0.00000000e+00,2.85723272e-04,5.71446489e-04,8.57169970e-04
0.00000000e+00,2.85355630e-04,5.70711230e-04,8.56066982e-04
0.00000000e+00,3.33333333e-04,6.66666667e-04,1.00000000e-03
0.00000000e+00,3.11521148e-04,6.23042299e-04,9.34563562e-04
0.00000000e+00,3.33333333e-04,6.66666667e-04,1.00000000e-03
0.00000000e+00,3.33333333e-04,6.66666667e-04,1.00000000e-03
0.00000000e+00,0.00000000e+00,0.00000000e+00,0.00000000e+00
0.00000000e+00,5.00959420e-05,1.00191831e-04,1.50287727e-04
0.00000000e+00,0.00000000e+00,0.00000000e+00,0.00000000e+00
0.00000000e+00,0.00000000e+00,0.00000000e+00,0.00000000e+00
0.00000000e+00,2.26738086e-05,4.53475849e-05,6.80213548e-05
0.00000000e+00,4.90011771e-05,9.80023869e-05,1.47003624e-04
0.00000000e+00,4.97088259e-05,9.94176140e-05,1.49126367e-04
0.00000000e+00,1.08265734e-04,2.16531436e-04,3.24797087e-04
0.00000000e+00,7.91303265e-05,1.58260658e-04,2.37390933e-04
0.00000000e+00,1.07546509e-04,2.15093008e-04,3.22639486e-04
0.00000000e+00,1.08000700e-04,2.16001337e-04,3.24001876e-04
0.00000000e+00,1.66666854e-04,3.33333438e-04,5.00000010e-04
0.00000000e+00,1.37492833e-04,2.74985518e-04,4.12478116e-04
0.00000000e+00,1.66666800e-04,3.33333363e-04,5.00000010e-04
0.00000000e+00,1.66666756e-04,3.33333391e-04,5.00000015e-04
0.00000000e+00,2.25067665e-04,4.50135290e-04,6.75203009e-04
0.00000000e+00,1.95840742e-04,3.91681334e-04,5.87521936e-04
0.00000000e+00,2.25786852e-04,4.51573659e-04,6.77360591e-04
0.00000000e+00,2.25332754e-04,4.50665422e-04,6.75998181e-04
0.00000000e+00,2.83237310e-04,5.66474788e-04,8.49712336e-04
0.00000000e+00,2.54203016e-04,5.08406033e-04,7.62609130e-04
0.00000000e+00,2.84332020e-04,5.68664163e-04,8.52996425e-04
0.00000000e+00,2.83624543e-04,5.67249038e-04,8.50873680e-04
0.00000000e+00,3.33333333e-04,6.66666667e-04,1.00000000e-03
0.00000000e+00,3.10659504e-04,6.21319075e-04,9.31978675e-04
0.00000000e+00,3.33333333e-04,6.66666667e-04,1.00000000e-03
0.00000000e+00,3.33333333e-04,6.66666667e-04,1.00000000e-03
0.00000000e+00,0.00000000e+00,0.00000000e+00,0.00000000e+00
0.00000000e+00,5.40743492e-05,1.08148599e-04,1.62222738e-04
0.00000000e+00,0.00000000e+00,0.00000000e+00,0.00000000e+00
0.00000000e+00,0.00000000e+00,0.00000000e+00,0.00000000e+00
0.00000000e+00,2.45413781e-05,4.90826917e-05,7.36239418e-05
0.00000000e+00,5.17597941e-05,1.03519491e-04,1.55279128e-04
0.00000000e+00,5.33496519e-05,1.06699262e-04,1.60048807e-04
0.00000000e+00,1.09856852e-04,2.19713538e-04,3.29570064e-04
0.00000000e+00,8.18517963e-05,1.63703489e-04,2.45555075e-04
0.00000000e+00,1.09116228e-04,2.18232339e-04,3.27348334e-04
0.00000000e+00,1.09658454e-04,2.19316854e-04,3.28975171e-04
0.00000000e+00,1.66666838e-04,3.33333505e-04,5.00000011e-04
0.00000000e+00,1.38216739e-04,2.76433343e-04,4.14649815e-04
0.00000000e+00,1.66666848e-04,3.33333481e-04,5.00000006e-04
0.00000000e+00,1.66666777e-04,3.33333409e-04,5.00000009e-04
0.00000000e+00,2.23476729e-04,4.46953329e-04,6.70429933e-04
0.00000000e+00,1.95116874e-04,3.90233539e-04,5.85350197e-04
0.00000000e+00,2.24217289e-04,4.48434477e-04,6.72651720e-04
0.00000000e+00,2.23675009e-04,4.47349896e-04,6.71024854e-04
0.00000000e+00,2.79259102e-04,5.58518150e-04,8.37777261e-04
0.00000000e+00,2.51481669e-04,5.02963271e-04,7.54444929e-04
0.00000000e+00,2.81573588e-04,5.63147228e-04,8.44720893e-04
0.00000000e+00,2.79983751e-04,5.59967431e-04,8.39951219e-04
0.00000000e+00,3.33333333e-04,6.66666667e-04,1.00000000e-03
0.00000000e+00,3.08792009e-04,6.17584017e-04,9.26376062e-04
0.00000000e+00,3.33333333e-04,6.66666667e-04,1.00000000e-03
0.00000000e+00,3.33333333e-04,6.66666667e-04,1.00000000e-03
0.00000000e+00,0.00000000e+00,0.00000000e+00,0.00000000e+00
0.00000000e+00,5.87607917e-05,1.17521563e-04,1.76282238e-04
0.00000000e+00,0.00000000e+00,0.00000000e+00,0.00000000e+00
0.00000000e+00,0.00000000e+00,0.00000000e+00,0.00000000e+00
0.00000000e+00,3.22598123e-05,6.45196178e-05,9.67793658e-05
0.00000000e+00,5.57921226e-05,1.11584193e-04,1.67376153e-04
0.00000000e+00,5.86736770e-05,1.17347321e-04,1.76020885e-04
0.00000000e+00,1.11212464e-04,2.22424777e-04,3.33637140e-04
0.00000000e+00,8.46770525e-05,1.69353991e-04,2.54030902e-04
0.00000000e+00,1.10740729e-04,2.21481301e-04,3.32221828e-04
0.00000000e+00,1.11247272e-04,2.22494490e-04,3.33741660e-04
0.00000000e+00,1.66666773e-04,3.33333335e-04,5.00000070e-04
0.00000000e+00,1.38772250e-04,2.77544291e-04,4.16316450e-04
0.00000000e+00,1.66666812e-04,3.33333433e-04,5.00000037e-04
0.00000000e+00,1.66666764e-04,3.33333391e-04,5.00000017e-04
0.00000000e+00,2.22120979e-04,4.44241878e-04,6.66362819e-04
0.00000000e+00,1.94561238e-04,3.89122339e-04,5.83683624e-04
0.00000000e+00,2.22592776e-04,4.45185452e-04,6.67778145e-04
0.00000000e+00,2.22086167e-04,4.44172209e-04,6.66258377e-04
0.00000000e+00,2.74572608e-04,5.49145137e-04,8.23717784e-04
0.00000000e+00,2.48656380e-04,4.97312716e-04,7.45969077e-04
0.00000000e+00,2.77541337e-04,5.55082555e-04,8.32623848e-04
0.00000000e+00,2.74659678e-04,5.49319353e-04,8.23979145e-04
0.00000000e+00,3.33333333e-04,6.66666667e-04,1.00000000e-03
0.00000000e+00,3.01073531e-04,6.02147016e-04,9.03220656e-04
0.00000000e+00,3.33333333e-04,6.66666667e-04,1.00000000e-03
0.00000000e+00,3.33333333e-04,6.66666667e-04,1.00000000e-03
0.00000000e+00,0.00000000e+00,0.00000000e+00,0.00000000e+00
0.00000000e+00,4.90373718e-05,9.80746489e-05,1.47111756e-04
0.00000000e+00,0.00000000e+00,0.00000000e+00,0.00000000e+00
0.00000000e+00,0.00000000e+00,0.00000000e+00,0.00000000e+00
0.00000000e+00,2.21667527e-05,4.43334796e-05,6.65001973e-05
0.00000000e+00,4.83407158e-05,9.66813585e-05,1.45021992e-04
0.00000000e+00,4.84986691e-05,9.69973282e-05,1.45495921e-04
0.00000000e+00,1.07577263e-04,2.15154362e-04,3.22731227e-04
0.00000000e+00,7.80309333e-05,1.56061789e-04,2.34092506e-04
0.00000000e+00,1.07010663e-04,2.14020977e-04,3.21031309e-04
0.00000000e+00,1.07133615e-04,2.14267154e-04,3.21400632e-04
0.00000000e+00,1.66666599e-04,3.33333263e-04,4.99999996e-04
0.00000000e+00,1.37121114e-04,2.74242070e-04,4.11362976e-04
0.00000000e+00,1.66666701e-04,3.33333326e-04,4.99999985e-04
0.00000000e+00,1.66666709e-04,3.33333337e-04,5.00000010e-04
0.00000000e+00,2.25756232e-04,4.51512415e-04,6.77268829e-04
0.00000000e+00,1.96212447e-04,3.92424739e-04,5.88637061e-04
0.00000000e+00,2.26322957e-04,4.52645746e-04,6.78968730e-04
0.00000000e+00,2.26199779e-04,4.52399499e-04,6.78599424e-04
0.00000000e+00,2.84295995e-04,5.68592007e-04,8.52888293e-04
0.00000000e+00,2.55302496e-04,5.10604956e-04,7.65907534e-04
0.00000000e+00,2.84992620e-04,5.69985198e-04,8.54977996e-04
0.00000000e+00,2.84834630e-04,5.69669289e-04,8.54504112e-04
0.00000000e+00,3.33333333e-04,6.66666667e-04,1.00000000e-03
0.00000000e+00,3.11166567e-04,6.22333131e-04,9.33499806e-04
0.00000000e+00,3.33333333e-04,6.66666667e-04,1.00000000e-03
0.00000000e+00,3.33333333e-04,6.66666667e-04,1.00000000e-03
0.00000000e+00,0.00000000e+00,0.00000000e+00,0.00000000e+00
0.00000000e+00,5.10794668e-05,1.02158875e-04,1.53238188e-04
0.00000000e+00,0.00000000e+00,0.00000000e+00,0.00000000e+00
0.00000000e+00,0.00000000e+00,0.00000000e+00,0.00000000e+00
0.00000000e+00,2.31672265e-05,4.63344062e-05,6.95015629e-05
0.00000000e+00,4.99187555e-05,9.98374345e-05,1.49755973e-04
0.00000000e+00,5.03476287e-05,1.00695206e-04,1.51042693e-04
0.00000000e+00,1.08812149e-04,2.17624217e-04,3.26435911e-04
0.00000000e+00,7.99981517e-05,1.59996298e-04,2.39994255e-04
0.00000000e+00,1.08189663e-04,2.16379215e-04,3.24568452e-04
0.00000000e+00,1.08393513e-04,2.16786914e-04,3.25180194e-04
0.00000000e+00,1.66666870e-04,3.33333556e-04,4.99999989e-04
0.00000000e+00,1.37756180e-04,2.75512188e-04,4.13267989e-04
0.00000000e+00,1.66666731e-04,3.33333402e-04,4.99999996e-04
0.00000000e+00,1.66666827e-04,3.33333460e-04,5.00000008e-04
0.00000000e+00,2.24521550e-04,4.49042905e-04,6.73564078e-04
0.00000000e+00,1.95577523e-04,3.91154815e-04,5.86732018e-04
0.00000000e+00,2.25143925e-04,4.50287734e-04,6.75431570e-04
0.00000000e+00,2.24940024e-04,4.49879917e-04,6.74819836e-04
0.00000000e+00,2.82253990e-04,5.64508009e-04,8.46761806e-04
0.00000000e+00,2.53335298e-04,5.06670581e-04,7.60005754e-04
0.00000000e+00,2.83414661e-04,5.66829337e-04,8.50244046e-04
0.00000000e+00,2.82985752e-04,5.65971544e-04,8.48957331e-04
0.00000000e+00,3.33333333e-04,6.66666667e-04,1.00000000e-03
0.00000000e+00,3.10166149e-04,6.20332303e-04,9.30498423e-04
0.00000000e+00,3.33333333e-04,6.66666667e-04,1.00000000e-03
0.00000000e+00,3.33333333e-04,6.66666667e-04,1.00000000e-03
0.00000000e+00,0.00000000e+00,0.00000000e+00,0.00000000e+00
0.00000000e+00,5.48664745e-05,1.09732878e-04,1.64599131e-04
0.00000000e+00,0.00000000e+00,0.00000000e+00,0.00000000e+00
0.00000000e+00,0.00000000e+00,0.00000000e+00,0.00000000e+00
0.00000000e+00,2.52658838e-05,5.05317420e-05,7.57974971e-05
0.00000000e+00,5.27138750e-05,1.05427684e-04,1.58141379e-04
0.00000000e+00,5.38916430e-05,1.07783237e-04,1.61674756e-04
0.00000000e+00,1.10150787e-04,2.20301415e-04,3.30451795e-04
0.00000000e+00,8.23258146e-05,1.64651566e-04,2.46977153e-04
0.00000000e+00,1.09541737e-04,2.19083386e-04,3.28624699e-04
0.00000000e+00,1.09877807e-04,2.19755454e-04,3.29632965e-04
0.00000000e+00,1.66666837e-04,3.33333506e-04,4.99999998e-04
0.00000000e+00,1.38337435e-04,2.76674677e-04,4.15011785e-04
0.00000000e+00,1.66666871e-04,3.33333558e-04,4.99999990e-04
0.00000000e+00,1.66666830e-04,3.33333469e-04,5.00000015e-04
0.00000000e+00,2.23182855e-04,4.46365553e-04,6.69548181e-04
0.00000000e+00,1.94996233e-04,3.89992303e-04,5.84988207e-04
0.00000000e+00,2.23791920e-04,4.47583689e-04,6.71375284e-04
0.00000000e+00,2.23455766e-04,4.46911407e-04,6.70367041e-04
0.00000000e+00,2.78466997e-04,5.56933896e-04,8.35400875e-04
0.00000000e+00,2.51007713e-04,5.02015283e-04,7.53022825e-04
0.00000000e+00,2.80619592e-04,5.61239143e-04,8.41858622e-04
0.00000000e+00,2.79441764e-04,5.58883489e-04,8.38325260e-04
0.00000000e+00,3.33333333e-04,6.66666667e-04,1.00000000e-03
0.00000000e+00,3.08067524e-04,6.16135009e-04,9.24202499e-04
0.00000000e+00,3.33333333e-04,6.66666667e-04,1.00000000e-03
0.00000000e+00,3.33333333e-04,6.66666667e-04,1.00000000e-03
0.00000000e+00,0.00000000e+00,0.00000000e+00,0.00000000e+00
0.00000000e+00,5.86082318e-05,1.17216431e-04,1.75824524e-04
0.00000000e+00,0.00000000e+00,0.00000000e+00,0.00000000e+00
0.00000000e+00,0.00000000e+00,0.00000000e+00,0.00000000e+00
0.00000000e+00,3.25276480e-05,6.50553941e-05,9.75830456e-05
0.00000000e+00,5.62792428e-05,1.12558388e-04,1.68837401e-04
0.00000000e+00,5.85884875e-05,1.17176964e-04,1.75765338e-04
0.00000000e+00,1.11230739e-04,2.22461114e-04,3.33691678e-04
0.00000000e+00,8.46143826e-05,1.69228512e-04,2.53842730e-04
0.00000000e+00,1.10850596e-04,2.21700933e-04,3.32551245e-04
0.00000000e+00,1.11254529e-04,2.22508928e-04,3.33763290e-04
0.00000000e+00,1.66666783e-04,3.33333253e-04,5.00000106e-04
0.00000000e+00,1.38787052e-04,2.77573744e-04,4.16360570e-04
0.00000000e+00,1.66666805e-04,3.33333362e-04,5.00000058e-04
0.00000000e+00,1.66666821e-04,3.33333414e-04,5.00000004e-04
0.00000000e+00,2.22102785e-04,4.44205393e-04,6.66308301e-04
0.00000000e+00,1.94546587e-04,3.89092949e-04,5.83639521e-04
0.00000000e+00,2.22482955e-04,4.44965765e-04,6.67448733e-04
0.00000000e+00,2.22079011e-04,4.44157861e-04,6.66236704e-04
0.00000000e+00,2.74725168e-04,5.49450175e-04,8.24175495e-04
0.00000000e+00,2.48719117e-04,4.97438071e-04,7.46157269e-04
0.00000000e+00,2.77054214e-04,5.54108294e-04,8.31162607e-04
0.00000000e+00,2.74744903e-04,5.49489739e-04,8.24234668e-04
0.00000000e+00,3.33333333e-04,6.66666667e-04,1.00000000e-03
0.00000000e+00,3.00805664e-04,6.01611303e-04,9.02417003e-04
0.00000000e+00,3.33333333e-04,6.66666667e-04,1.00000000e-03
0.00000000e+00,3.33333333e-04,6.66666667e-04,1.00000000e-03
0.00000000e+00,0.00000000e+00,0.00000000e+00,0.00000000e+00
0.00000000e+00,4.82162446e-05,9.64323982e-05,1.44648415e-04
0.00000000e+00,0.00000000e+00,0.00000000e+00,0.00000000e+00
0.00000000e+00,0.00000000e+00,0.00000000e+00,0.00000000e+00
0.00000000e+00,2.18122202e-05,4.36243855e-05,6.54364633e-05
0.00000000e+00,4.76100746e-05,9.52201171e-05,1.42830067e-04
0.00000000e+00,4.84987377e-05,9.69973855e-05,1.45495912e-04
0.00000000e+00,1.06887093e-04,2.13773916e-04,3.20660598e-04
0.00000000e+00,7.70879219e-05,1.54175738e-04,2.31263418e-04
0.00000000e+00,1.06301873e-04,2.12603513e-04,3.18905077e-04
0.00000000e+00,1.07133707e-04,2.14267213e-04,3.21400627e-04
0.00000000e+00,1.66666730e-04,3.33333298e-04,5.00000041e-04
0.00000000e+00,1.36764837e-04,2.73529548e-04,4.10294255e-04
0.00000000e+00,1.66666767e-04,3.33333370e-04,5.00000019e-04
0.00000000e+00,1.66666712e-04,3.33333341e-04,5.00000028e-04
0.00000000e+00,2.26446504e-04,4.52892982e-04,6.79339496e-04
0.00000000e+00,1.96568564e-04,3.93137127e-04,5.89705807e-04
0.00000000e+00,2.27031720e-04,4.54063378e-04,6.81095026e-04
0.00000000e+00,2.26199809e-04,4.52399557e-04,6.78599441e-04
0.00000000e+00,2.85117097e-04,5.70234261e-04,8.55351594e-04
0.00000000e+00,2.56245467e-04,5.12491008e-04,7.68736649e-04
0.00000000e+00,2.85723201e-04,5.71446505e-04,8.57169939e-04
0.00000000e+00,2.84834664e-04,5.69669317e-04,8.54504108e-04
0.00000000e+00,3.33333333e-04,6.66666667e-04,1.00000000e-03
0.00000000e+00,3.11521106e-04,6.23042273e-04,9.34563568e-04
0.00000000e+00,3.33333333e-04,6.66666667e-04,1.00000000e-03
0.00000000e+00,3.33333333e-04,6.66666667e-04,1.00000000e-03
0.00000000e+00,0.00000000e+00,0.00000000e+00,0.00000000e+00
0.00000000e+00,5.00959033e-05,1.00191771e-04,1.50287677e-04
0.00000000e+00,0.00000000e+00,0.00000000e+00,0.00000000e+00
0.00000000e+00,0.00000000e+00,0.00000000e+00,0.00000000e+00
0.00000000e+00,2.26737845e-05,4.53475591e-05,6.80213365e-05
0.00000000e+00,4.90012508e-05,9.80024353e-05,1.47003584e-04
0.00000000e+00,5.03476359e-05,1.00695204e-04,1.51042678e-04
0.00000000e+00,1.08265691e-04,2.16531396e-04,3.24797030e-04
0.00000000e+00,7.91303453e-05,1.58260655e-04,2.37390879e-04
0.00000000e+00,1.07546599e-04,2.15093084e-04,3.22639461e-04
0.00000000e+00,1.08393527e-04,2.16786940e-04,3.25180171e-04
0.00000000e+00,1.66666874e-04,3.33333464e-04,5.00000070e-04
0.00000000e+00,1.37492869e-04,2.74985527e-04,4.12478111e-04
0.00000000e+00,1.66666797e-04,3.33333370e-04,5.00000053e-04
0.00000000e+00,1.66666790e-04,3.33333446e-04,5.00000019e-04
0.00000000e+00,2.25067651e-04,4.50135362e-04,6.75203041e-04
0.00000000e+00,1.95840801e-04,3.91681429e-04,5.87521975e-04
0.00000000e+00,2.25786882e-04,4.51573752e-04,6.77360630e-04
0.00000000e+00,2.24939983e-04,4.49879923e-04,6.74819866e-04
0.00000000e+00,2.83237317e-04,5.66474791e-04,8.49712291e-04
0.00000000e+00,2.54202965e-04,5.08406054e-04,7.62609123e-04
0.00000000e+00,2.84332016e-04,5.68664148e-04,8.52996399e-04
0.00000000e+00,2.82985766e-04,5.65971578e-04,8.48957324e-04
0.00000000e+00,3.33333333e-04,6.66666667e-04,1.00000000e-03
0.00000000e+00,3.10659500e-04,6.21319093e-04,9.31978651e-04
0.00000000e+00,3.33333333e-04,6.66666667e-04,1.00000000e-03
0.00000000e+00,3.33333333e-04,6.66666667e-04,1.00000000e-03
0.00000000e+00,0.00000000e+00,0.00000000e+00,0.00000000e+00
0.00000000e+00,5.40744011e-05,1.08148692e-04,1.62222730e-04
0.00000000e+00,0.00000000e+00,0.00000000e+00,0.00000000e+00
0.00000000e+00,0.00000000e+00,0.00000000e+00,0.00000000e+00
0.00000000e+00,2.45413833e-05,4.90827041e-05,7.36239411e-05
0.00000000e+00,5.17597900e-05,1.03519494e-04,1.55279092e-04
0.00000000e+00,5.38916725e-05,1.07783259e-04,1.61674752e-04
0.00000000e+00,1.09856904e-04,2.19713599e-04,3.29570053e-04
0.00000000e+00,8.18518883e-05,1.63703605e-04,2.45555071e-04
0.00000000e+00,1.09116200e-04,2.18232341e-04,3.27348295e-04
0.00000000e+00,1.09877806e-04,2.19755467e-04,3.29632965e-04
0.00000000e+00,1.66666748e-04,3.33333398e-04,5.00000033e-04
0.00000000e+00,1.38216736e-04,2.76433349e-04,4.14649807e-04
0.00000000e+00,1.66666820e-04,3.33333438e-04,5.00000048e-04
0.00000000e+00,1.66666804e-04,3.33333425e-04,5.00000023e-04
0.00000000e+00,2.23476815e-04,4.46953430e-04,6.70429941e-04
0.00000000e+00,1.95116839e-04,3.90233548e-04,5.85350209e-04
0.00000000e+00,2.24217348e-04,4.48434579e-04,6.72651738e-04
0.00000000e+00,2.23455752e-04,4.46911408e-04,6.70367060e-04
0.00000000e+00,2.79259004e-04,5.58518117e-04,8.37777267e-04
0.00000000e+00,2.51481690e-04,5.02963317e-04,7.54444925e-04
0.00000000e+00,2.81573550e-04,5.63147220e-04,8.44720873e-04
0.00000000e+00,2.79441741e-04,5.58883476e-04,8.38325260e-04
0.00000000e+00,3.33333333e-04,6.66666667e-04,1.00000000e-03
0.00000000e+00,3.08791935e-04,6.17583976e-04,9.26376069e-04
0.00000000e+00,3.33333333e-04,6.66666667e-04,1.00000000e-03
0.00000000e+00,3.33333333e-04,6.66666667e-04,1.00000000e-03
0.00000000e+00,0.00000000e+00,0.00000000e+00,0.00000000e+00
0.00000000e+00,5.87608362e-05,1.17521573e-04,1.76282282e-04
0.00000000e+00,0.00000000e+00,0.00000000e+00,0.00000000e+00
0.00000000e+00,0.00000000e+00,0.00000000e+00,0.00000000e+00
0.00000000e+00,3.22598423e-05,6.45196070e-05,9.67793879e-05
0.00000000e+00,5.57921651e-05,1.11584250e-04,1.67376177e-04
0.00000000e+00,5.85884971e-05,1.17176959e-04,1.75765352e-04
0.00000000e+00,1.11212599e-04,2.22424845e-04,3.33637173e-04
0.00000000e+00,8.46771550e-05,1.69354067e-04,2.54030938e-04
0.00000000e+00,1.10740840e-04,2.21481375e-04,3.32221837e-04
0.00000000e+00,1.11254577e-04,2.22508941e-04,3.33763301e-04
0.00000000e+00,1.66666739e-04,3.33333311e-04,5.00000119e-04
0.00000000e+00,1.38772281e-04,2.77544301e-04,4.16316485e-04
0.00000000e+00,1.66666740e-04,3.33333353e-04,5.00000082e-04
0.00000000e+00,1.66666735e-04,3.33333318e-04,5.00000043e-04
0.00000000e+00,2.22120795e-04,4.44241707e-04,6.66362865e-04
0.00000000e+00,1.94561165e-04,3.89122303e-04,5.83683645e-04
0.00000000e+00,2.22592716e-04,4.45185401e-04,6.67778176e-04
0.00000000e+00,2.22078969e-04,4.44157792e-04,6.66236729e-04
0.00000000e+00,2.74572387e-04,5.49144998e-04,8.23717839e-04
0.00000000e+00,2.48656217e-04,4.97312572e-04,7.45969107e-04
0.00000000e+00,2.77541124e-04,5.55082437e-04,8.32623905e-04
0.00000000e+00,2.74744890e-04,5.49489706e-04,8.24234669e-04
0.00000000e+00,3.33333333e-04,6.66666667e-04,1.00000000e-03
0.00000000e+00,3.01073433e-04,6.02146935e-04,9.03220664e-04
0.00000000e+00,3.33333333e-04,6.66666667e-04,1.00000000e-03
0.00000000e+00,3.33333333e-04,6.66666667e-04,1.00000000e-03
0.00000000e+00,0.00000000e+00,0.00000000e+00,0.00000000e+00
0.00000000e+00,4.79524303e-05,9.59048543e-05,1.43857240e-04
0.00000000e+00,0.00000000e+00,0.00000000e+00,0.00000000e+00
0.00000000e+00,0.00000000e+00,0.00000000e+00,0.00000000e+00
0.00000000e+00,2.17075118e-05,4.34150155e-05,6.51225184e-05
0.00000000e+00,4.73837839e-05,9.47675120e-05,1.42151260e-04
0.00000000e+00,4.79777319e-05,9.59554162e-05,1.43933039e-04
0.00000000e+00,1.06642481e-04,2.13284935e-04,3.19927323e-04
0.00000000e+00,7.67722715e-05,1.53544467e-04,2.30316599e-04
0.00000000e+00,1.06059715e-04,2.12119277e-04,3.18178874e-04
0.00000000e+00,1.06657709e-04,2.13315255e-04,3.19972735e-04
0.00000000e+00,1.66666622e-04,3.33333278e-04,5.00000009e-04
0.00000000e+00,1.36634164e-04,2.73268256e-04,4.09902379e-04
0.00000000e+00,1.66666703e-04,3.33333327e-04,5.00000007e-04
0.00000000e+00,1.66666746e-04,3.33333353e-04,5.00000017e-04
0.00000000e+00,2.26691038e-04,4.53381999e-04,6.80072725e-04
0.00000000e+00,1.96699213e-04,3.93398424e-04,5.90097669e-04
0.00000000e+00,2.27273851e-04,4.54547591e-04,6.81821236e-04
0.00000000e+00,2.26675845e-04,4.53351640e-04,6.80027328e-04
0.00000000e+00,2.85380832e-04,5.70761793e-04,8.56142780e-04
0.00000000e+00,2.56561202e-04,5.13122349e-04,7.69683449e-04
0.00000000e+00,2.85949559e-04,5.71899152e-04,8.57848772e-04
0.00000000e+00,2.85355616e-04,5.70711277e-04,8.56066966e-04
0.00000000e+00,3.33333333e-04,6.66666667e-04,1.00000000e-03
0.00000000e+00,3.11625791e-04,6.23251623e-04,9.34877490e-04
0.00000000e+00,3.33333333e-04,6.66666667e-04,1.00000000e-03
0.00000000e+00,3.33333333e-04,6.66666667e-04,1.00000000e-03
0.00000000e+00,0.00000000e+00,0.00000000e+00,0.00000000e+00
0.00000000e+00,4.97626033e-05,9.95251414e-05,1.49287673e-04
0.00000000e+00,0.00000000e+00,0.00000000e+00,0.00000000e+00
0.00000000e+00,0.00000000e+00,0.00000000e+00,0.00000000e+00
0.00000000e+00,2.25189807e-05,4.50378964e-05,6.75568382e-05
0.00000000e+00,4.87000917e-05,9.74001449e-05,1.46100156e-04
0.00000000e+00,4.97088284e-05,9.94175943e-05,1.49126334e-04
0.00000000e+00,1.08062925e-04,2.16125802e-04,3.24188650e-04
0.00000000e+00,7.88129786e-05,1.57625940e-04,2.36438900e-04
0.00000000e+00,1.07311600e-04,2.14623173e-04,3.21934716e-04
0.00000000e+00,1.08000689e-04,2.16001303e-04,3.24001870e-04
0.00000000e+00,1.66666849e-04,3.33333460e-04,5.00000036e-04
0.00000000e+00,1.37391260e-04,2.74782402e-04,4.12173486e-04
0.00000000e+00,1.66666764e-04,3.33333377e-04,5.00000031e-04
0.00000000e+00,1.66666768e-04,3.33333386e-04,5.00000041e-04
0.00000000e+00,2.25270603e-04,4.50541033e-04,6.75811418e-04
0.00000000e+00,1.95942337e-04,3.91884459e-04,5.87826582e-04
0.00000000e+00,2.26021881e-04,4.52043695e-04,6.78065345e-04
0.00000000e+00,2.25332771e-04,4.50665510e-04,6.75998194e-04
0.00000000e+00,2.83570732e-04,5.67141513e-04,8.50712330e-04
0.00000000e+00,2.54520406e-04,5.09040767e-04,7.63561135e-04
0.00000000e+00,2.84633188e-04,5.69266486e-04,8.53899858e-04
0.00000000e+00,2.83624478e-04,5.67249039e-04,8.50873686e-04
0.00000000e+00,3.33333333e-04,6.66666667e-04,1.00000000e-03
0.00000000e+00,3.10814334e-04,6.21628721e-04,9.32443156e-04
0.00000000e+00,3.33333333e-04,6.66666667e-04,1.00000000e-03
0.00000000e+00,3.33333333e-04,6.66666667e-04,1.00000000e-03
0.00000000e+00,0.00000000e+00,0.00000000e+00,0.00000000e+00
0.00000000e+00,5.37724616e-05,1.07544704e-04,1.61316828e-04
0.00000000e+00,0.00000000e+00,0.00000000e+00,0.00000000e+00
0.00000000e+00,0.00000000e+00,0.00000000e+00,0.00000000e+00
0.00000000e+00,2.43082980e-05,4.86164996e-05,7.29246235e-05
0.00000000e+00,5.14187853e-05,1.02837419e-04,1.54255990e-04
0.00000000e+00,5.33497371e-05,1.06699337e-04,1.60048798e-04
0.00000000e+00,1.09745588e-04,2.19490895e-04,3.29235958e-04
0.00000000e+00,8.16627774e-05,1.63325293e-04,2.44987598e-04
0.00000000e+00,1.08953664e-04,2.17907158e-04,3.26860492e-04
0.00000000e+00,1.09658531e-04,2.19316907e-04,3.28975161e-04
0.00000000e+00,1.66666714e-04,3.33333407e-04,4.99999997e-04
0.00000000e+00,1.38170418e-04,2.76340702e-04,4.14510834e-04
0.00000000e+00,1.66666793e-04,3.33333438e-04,5.00000014e-04
0.00000000e+00,1.66666800e-04,3.33333431e-04,5.00000020e-04
0.00000000e+00,2.23588136e-04,4.47176072e-04,6.70764025e-04
0.00000000e+00,1.95163137e-04,3.90326165e-04,5.85489171e-04
0.00000000e+00,2.24379976e-04,4.48759758e-04,6.73139535e-04
0.00000000e+00,2.23674975e-04,4.47349913e-04,6.71024856e-04
0.00000000e+00,2.79561064e-04,5.59122153e-04,8.38683195e-04
0.00000000e+00,2.51670833e-04,5.03341632e-04,7.55012412e-04
0.00000000e+00,2.81914681e-04,5.63829354e-04,8.45744016e-04
0.00000000e+00,2.79983693e-04,5.59967427e-04,8.39951223e-04
0.00000000e+00,3.33333333e-04,6.66666667e-04,1.00000000e-03
0.00000000e+00,3.09025102e-04,6.18050246e-04,9.27075385e-04
0.00000000e+00,3.33333333e-04,6.66666667e-04,1.00000000e-03
0.00000000e+00,3.33333333e-04,6.66666667e-04,1.00000000e-03
0.00000000e+00,0.00000000e+00,0.00000000e+00,0.00000000e+00
0.00000000e+00,5.88133521e-05,1.17626540e-04,1.76439703e-04
0.00000000e+00,0.00000000e+00,0.00000000e+00,0.00000000e+00
0.00000000e+00,0.00000000e+00,0.00000000e+00,0.00000000e+00
0.00000000e+00,3.21412989e-05,6.42824945e-05,9.64236666e-05
0.00000000e+00,5.55985508e-05,1.11196913e-04,1.66795220e-04
0.00000000e+00,5.86737499e-05,1.17347389e-04,1.76020894e-04
0.00000000e+00,1.11206333e-04,2.22412558e-04,3.33618833e-04
0.00000000e+00,8.47111535e-05,1.69422177e-04,2.54133197e-04
0.00000000e+00,1.10698204e-04,2.21396201e-04,3.32094094e-04
0.00000000e+00,1.11247363e-04,2.22494561e-04,3.33741666e-04
0.00000000e+00,1.66666762e-04,3.33333454e-04,5.00000041e-04
0.00000000e+00,1.38764708e-04,2.77529320e-04,4.16293892e-04
0.00000000e+00,1.66666727e-04,3.33333424e-04,5.00000016e-04
0.00000000e+00,1.66666699e-04,3.33333355e-04,5.00000031e-04
0.00000000e+00,2.22126752e-04,4.44253949e-04,6.66381183e-04
0.00000000e+00,1.94568588e-04,3.89137374e-04,5.83706166e-04
0.00000000e+00,2.22635190e-04,4.45270538e-04,6.67905908e-04
0.00000000e+00,2.22086117e-04,4.44172210e-04,6.66258369e-04
0.00000000e+00,2.74519893e-04,5.49040081e-04,8.23560415e-04
0.00000000e+00,2.48622067e-04,4.97244415e-04,7.45866846e-04
0.00000000e+00,2.77734858e-04,5.55469843e-04,8.33204843e-04
0.00000000e+00,2.74659616e-04,5.49319360e-04,8.23979138e-04
0.00000000e+00,3.33333333e-04,6.66666667e-04,1.00000000e-03
0.00000000e+00,3.01192056e-04,6.02384187e-04,9.03576412e-04
0.00000000e+00,3.33333333e-04,6.66666667e-04,1.00000000e-03
0.00000000e+00,3.33333333e-04,6.66666667e-04,1.00000000e-03
0.00000000e+00,0.00000000e+00,0.00000000e+00,0.00000000e+00
0.00000000e+00,4.82161372e-05,9.64322504e-05,1.44648417e-04
0.00000000e+00,0.00000000e+00,0.00000000e+00,0.00000000e+00
0.00000000e+00,0.00000000e+00,0.00000000e+00,0.00000000e+00
0.00000000e+00,2.18121528e-05,4.36242828e-05,6.54364553e-05
0.00000000e+00,4.76100501e-05,9.52200502e-05,1.42830065e-04
0.00000000e+00,4.79776924e-05,9.59553550e-05,1.43933034e-04
0.00000000e+00,1.06886901e-04,2.13773703e-04,3.20660540e-04
0.00000000e+00,7.70878366e-05,1.54175623e-04,2.31263393e-04
0.00000000e+00,1.06301790e-04,2.12603389e-04,3.18905044e-04
0.00000000e+00,1.06657621e-04,2.13315184e-04,3.19972717e-04
0.00000000e+00,1.66666632e-04,3.33333257e-04,5.00000014e-04
0.00000000e+00,1.36764807e-04,2.73529505e-04,4.10294238e-04
0.00000000e+00,1.66666700e-04,3.33333320e-04,5.00000042e-04
0.00000000e+00,1.66666686e-04,3.33333344e-04,5.00000015e-04
0.00000000e+00,2.26446501e-04,4.52892924e-04,6.79339501e-04
0.00000000e+00,1.96568628e-04,3.93137170e-04,5.89705809e-04
0.00000000e+00,2.27031679e-04,4.54063259e-04,6.81095043e-04
0.00000000e+00,2.26675820e-04,4.53351580e-04,6.80027337e-04
0.00000000e+00,2.85117109e-04,5.70234274e-04,8.55351642e-04
0.00000000e+00,2.56245515e-04,5.12491029e-04,7.68736669e-04
0.00000000e+00,2.85723263e-04,5.71446501e-04,8.57170001e-04
0.00000000e+00,2.85355603e-04,5.70711264e-04,8.56066991e-04
0.00000000e+00,3.33333333e-04,6.66666667e-04,1.00000000e-03
0.00000000e+00,3.11521129e-04,6.23042275e-04,9.34563574e-04
0.00000000e+00,3.33333333e-04,6.66666667e-04,1.00000000e-03
0.00000000e+00,3.33333333e-04,6.66666667e-04,1.00000000e-03
0.00000000e+00,0.00000000e+00,0.00000000e+00,0.00000000e+00
0.00000000e+00,5.00959595e-05,1.00191800e-04,1.50287708e-04
0.00000000e+00,0.00000000e+00,0.00000000e+00,0.00000000e+00
0.00000000e+00,0.00000000e+00,0.00000000e+00,0.00000000e+00
0.00000000e+00,2.26738298e-05,4.53475677e-05,6.80213415e-05
0.00000000e+00,4.90012212e-05,9.80023776e-05,1.47003606e-04
0.00000000e+00,4.97088308e-05,9.94175914e-05,1.49126348e-04
0.00000000e+00,1.08265750e-04,2.16531408e-04,3.24797041e-04
0.00000000e+00,7.91303523e-05,1.58260630e-04,2.37390897e-04
0.00000000e+00,1.07546522e-04,2.15092973e-04,3.22639434e-04
0.00000000e+00,1.08000725e-04,2.16001323e-04,3.24001859e-04
0.00000000e+00,1.66666779e-04,3.33333406e-04,5.00000002e-04
0.00000000e+00,1.37492784e-04,2.74985455e-04,4.12478096e-04
0.00000000e+00,1.66666690e-04,3.33333323e-04,5.00000006e-04
0.00000000e+00,1.66666743e-04,3.33333385e-04,5.00000028e-04
0.00000000e+00,2.25067676e-04,4.50135276e-04,6.75203025e-04
0.00000000e+00,1.95840699e-04,3.91681291e-04,5.87521948e-04
0.00000000e+00,2.25786871e-04,4.51573661e-04,6.77360620e-04
0.00000000e+00,2.25332791e-04,4.50665478e-04,6.75998188e-04
0.00000000e+00,2.83237402e-04,5.66474873e-04,8.49712319e-04
0.00000000e+00,2.54203035e-04,5.08406068e-04,7.62609132e-04
0.00000000e+00,2.84332105e-04,5.68664242e-04,8.52996424e-04
0.00000000e+00,2.83624526e-04,5.67249098e-04,8.50873682e-04
0.00000000e+00,3.33333333e-04,6.66666667e-04,1.00000000e-03
0.00000000e+00,3.10659521e-04,6.21319079e-04,9.31978677e-04
0.00000000e+00,3.33333333e-04,6.66666667e-04,1.00000000e-03
0.00000000e+00,3.33333333e-04,6.66666667e-04,1.00000000e-03
0.00000000e+00,0.00000000e+00,0.00000000e+00,0.00000000e+00
0.00000000e+00,5.40744420e-05,1.08148644e-04,1.62222728e-04
0.00000000e+00,0.00000000e+00,0.00000000e+00,0.00000000e+00
0.00000000e+00,0.00000000e+00,0.00000000e+00,0.00000000e+00
0.00000000e+00,2.45414231e-05,4.90827059e-05,7.36239353e-05
0.00000000e+00,5.17598397e-05,1.03519492e-04,1.55279113e-04
0.00000000e+00,5.33497143e-05,1.06699281e-04,1.60048797e-04
0.00000000e+00,1.09856908e-04,2.19713556e-04,3.29570053e-04
0.00000000e+00,8.18518784e-05,1.63703529e-04,2.45555064e-04
0.00000000e+00,1.09116259e-04,2.18232322e-04,3.27348308e-04
0.00000000e+00,1.09658508e-04,2.19316884e-04,3.28975160e-04
0.00000000e+00,1.66666780e-04,3.33333409e-04,4.99999989e-04
0.00000000e+00,1.38216751e-04,2.76433339e-04,4.14649798e-04
0.00000000e+00,1.66666793e-04,3.33333423e-04,4.99999991e-04
0.00000000e+00,1.66666764e-04,3.33333413e-04,5.00000012e-04
0.00000000e+00,2.23476668e-04,4.46953287e-04,6.70429956e-04
0.00000000e+00,1.95116793e-04,3.90233471e-04,5.85350200e-04
0.00000000e+00,2.24217271e-04,4.48434453e-04,6.72651734e-04
0.00000000e+00,2.23675005e-04,4.47349926e-04,6.71024852e-04
0.00000000e+00,2.79259104e-04,5.58518231e-04,8.37777290e-04
0.00000000e+00,2.51481653e-04,5.02963321e-04,7.54444952e-04
0.00000000e+00,2.81573632e-04,5.63147313e-04,8.44720897e-04
0.00000000e+00,2.79983746e-04,5.59967480e-04,8.39951216e-04
0.00000000e+00,3.33333333e-04,6.66666667e-04,1.00000000e-03
0.00000000e+00,3.08792049e-04,6.17584075e-04,9.26376068e-04
0.00000000e+00,3.33333333e-04,6.66666667e-04,1.00000000e-03
0.00000000e+00,3.33333333e-04,6.66666667e-04,1.00000000e-03
0.00000000e+00,0.00000000e+00,0.00000000e+00,0.00000000e+00
0.00000000e+00,5.87608955e-05,1.17521612e-04,1.76282232e-04
0.00000000e+00,0.00000000e+00,0.00000000e+00,0.00000000e+00
0.00000000e+00,0.00000000e+00,0.00000000e+00,0.00000000e+00
0.00000000e+00,3.22598753e-05,6.45196747e-05,9.67793693e-05
0.00000000e+00,5.57922190e-05,1.11584237e-04,1.67376146e-04
0.00000000e+00,5.86737644e-05,1.17347382e-04,1.76020871e-04
0.00000000e+00,1.11212376e-04,2.22424788e-04,3.33637112e-04
0.00000000e+00,8.46770569e-05,1.69353997e-04,2.54030901e-04
0.00000000e+00,1.10740718e-04,2.21481326e-04,3.32221805e-04
0.00000000e+00,1.11247340e-04,2.22494535e-04,3.33741653e-04
0.00000000e+00,1.66666670e-04,3.33333329e-04,5.00000021e-04
0.00000000e+00,1.38772165e-04,2.77544296e-04,4.16316417e-04
0.00000000e+00,1.66666730e-04,3.33333375e-04,5.00000008e-04
0.00000000e+00,1.66666680e-04,3.33333364e-04,5.00000019e-04
0.00000000e+00,2.22120886e-04,4.44241909e-04,6.66362858e-04
0.00000000e+00,1.94561192e-04,3.89122405e-04,5.83683601e-04
0.00000000e+00,2.22592692e-04,4.45185452e-04,6.67778176e-04
0.00000000e+00,2.22086096e-04,4.44172199e-04,6.66258371e-04
0.00000000e+00,2.74572583e-04,5.49145187e-04,8.23717811e-04
0.00000000e+00,2.48656339e-04,4.97312744e-04,7.45969091e-04
0.00000000e+00,2.77541311e-04,5.55082607e-04,8.32623886e-04
0.00000000e+00,2.74659614e-04,5.49319372e-04,8.23979140e-04
0.00000000e+00,3.33333333e-04,6.66666667e-04,1.00000000e-03
0.00000000e+00,3.01073499e-04,6.02147089e-04,9.03220670e-04
0.00000000e+00,3.33333333e-04,6.66666667e-04,1.00000000e-03
0.00000000e+00,3.33333333e-04,6.66666667e-04,1.00000000e-03
0.00000000e+00,0.00000000e+00,0.00000000e+00,0.00000000e+00
0.00000000e+00,4.90372978e-05,9.80745082e-05,1.47111754e-04
0.00000000e+00,0.00000000e+00,0.00000000e+00,0.00000000e+00
0.00000000e+00,0.00000000e+00,0.00000000e+00,0.00000000e+00
0.00000000e+00,2.21667719e-05,4.43334791e-05,6.65002133e-05
0.00000000e+00,4.83407283e-05,9.66813847e-05,1.45022040e-04
0.00000000e+00,4.84986883e-05,9.69972896e-05,1.45495913e-04
0.00000000e+00,1.07577158e-04,2.15154174e-04,3.22731228e-04
0.00000000e+00,7.80309089e-05,1.56061735e-04,2.34092497e-04
0.00000000e+00,1.07010677e-04,2.14021070e-04,3.21031390e-04
0.00000000e+00,1.07133625e-04,2.14267104e-04,3.21400619e-04
0.00000000e+00,1.66666805e-04,3.33333390e-04,4.99999982e-04
0.00000000e+00,1.37121065e-04,2.74242004e-04,4.11362960e-04
0.00000000e+00,1.66666903e-04,3.33333633e-04,5.00000001e-04
0.00000000e+00,1.66666770e-04,3.33333391e-04,5.00000008e-04
0.00000000e+00,2.25756363e-04,4.51512580e-04,6.77268845e-04
0.00000000e+00,1.96212432e-04,3.92424742e-04,5.88637066e-04
0.00000000e+00,2.26322940e-04,4.52645891e-04,6.78968688e-04
0.00000000e+00,2.26199850e-04,4.52399622e-04,6.78599433e-04
0.00000000e+00,2.84295998e-04,5.68592078e-04,8.52888306e-04
0.00000000e+00,2.55302499e-04,5.10605006e-04,7.65907553e-04
0.00000000e+00,2.84992516e-04,5.69985233e-04,8.54977997e-04
0.00000000e+00,2.84834657e-04,5.69669323e-04,8.54504138e-04
0.00000000e+00,3.33333333e-04,6.66666667e-04,1.00000000e-03
0.00000000e+00,3.11166563e-04,6.22333168e-04,9.33499804e-04
0.00000000e+00,3.33333333e-04,6.66666667e-04,1.00000000e-03
0.00000000e+00,3.33333333e-04,6.66666667e-04,1.00000000e-03
0.00000000e+00,0.00000000e+00,0.00000000e+00,0.00000000e+00
0.00000000e+00,5.10795135e-05,1.02158884e-04,1.53238170e-04
0.00000000e+00,0.00000000e+00,0.00000000e+00,0.00000000e+00
0.00000000e+00,0.00000000e+00,0.00000000e+00,0.00000000e+00
0.00000000e+00,2.31672476e-05,4.63344162e-05,6.95015589e-05
0.00000000e+00,4.99187287e-05,9.98373551e-05,1.49755967e-04
0.00000000e+00,5.03476333e-05,1.00695167e-04,1.51042685e-04
0.00000000e+00,1.08812022e-04,2.17623995e-04,3.26435924e-04
0.00000000e+00,7.99981652e-05,1.59996246e-04,2.39994248e-04
0.00000000e+00,1.08189535e-04,2.16378991e-04,3.24568457e-04
0.00000000e+00,1.08393454e-04,2.16786839e-04,3.25180178e-04
0.00000000e+00,1.66666770e-04,3.33333416e-04,4.99999976e-04
0.00000000e+00,1.37756101e-04,2.75512069e-04,4.13267981e-04
0.00000000e+00,1.66666784e-04,3.33333392e-04,4.99999982e-04
0.00000000e+00,1.66666769e-04,3.33333395e-04,4.99999991e-04
0.00000000e+00,2.24521428e-04,4.49042764e-04,6.73564083e-04
0.00000000e+00,1.95577436e-04,3.91154761e-04,5.86732014e-04
0.00000000e+00,2.25143949e-04,4.50287756e-04,6.75431584e-04
0.00000000e+00,2.24939975e-04,4.49879912e-04,6.74819856e-04
0.00000000e+00,2.82253926e-04,5.64507867e-04,8.46761830e-04
0.00000000e+00,2.53335257e-04,5.06670489e-04,7.60005758e-04
0.00000000e+00,2.83414633e-04,5.66829303e-04,8.50244060e-04
0.00000000e+00,2.82985763e-04,5.65971544e-04,8.48957342e-04
0.00000000e+00,3.33333333e-04,6.66666667e-04,1.00000000e-03
0.00000000e+00,3.10166135e-04,6.20332292e-04,9.30498452e-04
0.00000000e+00,3.33333333e-04,6.66666667e-04,1.00000000e-03
0.00000000e+00,3.33333333e-04,6.66666667e-04,1.00000000e-03
0.00000000e+00,0.00000000e+00,0.00000000e+00,0.00000000e+00
0.00000000e+00,5.48665434e-05,1.09732891e-04,1.64599107e-04
0.00000000e+00,0.00000000e+00,0.00000000e+00,0.00000000e+00
0.00000000e+00,0.00000000e+00,0.00000000e+00,0.00000000e+00
0.00000000e+00,2.52659223e-05,5.05317311e-05,7.57974848e-05
0.00000000e+00,5.27139508e-05,1.05427712e-04,1.58141351e-04
0.00000000e+00,5.38916912e-05,1.07783253e-04,1.61674742e-04
0.00000000e+00,1.10150783e-04,2.20301370e-04,3.30451803e-04
0.00000000e+00,8.23258556e-05,1.64651552e-04,2.46977150e-04
0.00000000e+00,1.09541689e-04,2.19083252e-04,3.28624711e-04
0.00000000e+00,1.09877782e-04,2.19755412e-04,3.29632951e-04
0.00000000e+00,1.66666820e-04,3.33333440e-04,4.99999983e-04
0.00000000e+00,1.38337404e-04,2.76674643e-04,4.15011779e-04
0.00000000e+00,1.66666796e-04,3.33333435e-04,4.99999976e-04
0.00000000e+00,1.66666774e-04,3.33333412e-04,5.00000000e-04
0.00000000e+00,2.23182754e-04,4.46365547e-04,6.69548207e-04
0.00000000e+00,1.94996164e-04,3.89992243e-04,5.84988212e-04
0.00000000e+00,2.23791794e-04,4.47583574e-04,6.71375298e-04
0.00000000e+00,2.23455732e-04,4.46911424e-04,6.70367052e-04
0.00000000e+00,2.78467023e-04,5.56933998e-04,8.35400879e-04
0.00000000e+00,2.51007638e-04,5.02015282e-04,7.53022859e-04
0.00000000e+00,2.80619587e-04,5.61239139e-04,8.41858635e-04
0.00000000e+00,2.79441735e-04,5.58883502e-04,8.38325276e-04
0.00000000e+00,3.33333333e-04,6.66666667e-04,1.00000000e-03
0.00000000e+00,3.08067576e-04,6.16135069e-04,9.24202508e-04
0.00000000e+00,3.33333333e-04,6.66666667e-04,1.00000000e-03
0.00000000e+00,3.33333333e-04,6.66666667e-04,1.00000000e-03
0.00000000e+00,0.00000000e+00,0.00000000e+00,0.00000000e+00
0.00000000e+00,5.86082254e-05,1.17216389e-04,1.75824526e-04
0.00000000e+00,0.00000000e+00,0.00000000e+00,0.00000000e+00
0.00000000e+00,0.00000000e+00,0.00000000e+00,0.00000000e+00
0.00000000e+00,3.25277143e-05,6.50553853e-05,9.75830155e-05
0.00000000e+00,5.62792463e-05,1.12558362e-04,1.68837399e-04
0.00000000e+00,5.85885580e-05,1.17176987e-04,1.75765326e-04
0.00000000e+00,1.11230576e-04,2.22461135e-04,3.33691665e-04
0.00000000e+00,8.46142956e-05,1.69228510e-04,2.53842714e-04
0.00000000e+00,1.10850522e-04,2.21700935e-04,3.32551243e-04
0.00000000e+00,1.11254536e-04,2.22508956e-04,3.33763284e-04
0.00000000e+00,1.66666670e-04,3.33333362e-04,5.00000019e-04
0.00000000e+00,1.38786846e-04,2.77573682e-04,4.16360504e-04
0.00000000e+00,1.66666752e-04,3.33333408e-04,5.00000000e-04
0.00000000e+00,1.66666756e-04,3.33333411e-04,5.00000001e-04
0.00000000e+00,2.22102978e-04,4.44205866e-04,6.66308318e-04
0.00000000e+00,1.94546582e-04,3.89093119e-04,5.83639496e-04
0.00000000e+00,2.22483040e-04,4.44966039e-04,6.67448755e-04
0.00000000e+00,2.22078913e-04,4.44157854e-04,6.66236717e-04
0.00000000e+00,2.74725215e-04,5.49450386e-04,8.24175470e-04
0.00000000e+00,2.48719188e-04,4.97438359e-04,7.46157298e-04
0.00000000e+00,2.77054272e-04,5.54108504e-04,8.31162586e-04
0.00000000e+00,2.74744894e-04,5.49489789e-04,8.24234687e-04
0.00000000e+00,3.33333333e-04,6.66666667e-04,1.00000000e-03
0.00000000e+00,3.00805694e-04,6.01611310e-04,9.02416988e-04
0.00000000e+00,3.33333333e-04,6.66666667e-04,1.00000000e-03
0.00000000e+00,3.33333333e-04,6.66666667e-04,1.00000000e-03
0.00000000e+00,0.00000000e+00,0.00000000e+00,0.00000000e+00
0.00000000e+00,4.82161437e-05,9.64322844e-05,1.44648401e-04
0.00000000e+00,0.00000000e+00,0.00000000e+00,0.00000000e+00
0.00000000e+00,0.00000000e+00,0.00000000e+00,0.00000000e+00
0.00000000e+00,2.18121658e-05,4.36243120e-05,6.54364580e-05
0.00000000e+00,4.76099969e-05,9.52200059e-05,1.42830055e-04
0.00000000e+00,4.84986812e-05,9.69973029e-05,1.45495910e-04
0.00000000e+00,1.06886817e-04,2.13773696e-04,3.20660547e-04
0.00000000e+00,7.70878221e-05,1.54175619e-04,2.31263391e-04
0.00000000e+00,1.06301624e-04,2.12603277e-04,3.18905051e-04
0.00000000e+00,1.07133595e-04,2.14267107e-04,3.21400621e-04
0.00000000e+00,1.66666540e-04,3.33333238e-04,4.99999975e-04
0.00000000e+00,1.36764724e-04,2.73529479e-04,4.10294218e-04
0.00000000e+00,1.66666594e-04,3.33333243e-04,5.00000019e-04
0.00000000e+00,1.66666726e-04,3.33333405e-04,5.00000000e-04
0.00000000e+00,2.26446479e-04,4.52893012e-04,6.79339515e-04
0.00000000e+00,1.96568584e-04,3.93137174e-04,5.89705790e-04
0.00000000e+00,2.27031680e-04,4.54063332e-04,6.81095054e-04
0.00000000e+00,2.26199870e-04,4.52399661e-04,6.78599427e-04
0.00000000e+00,2.85117116e-04,5.70234326e-04,8.55351639e-04
0.00000000e+00,2.56245562e-04,5.12491110e-04,7.68736666e-04
0.00000000e+00,2.85723249e-04,5.71446536e-04,8.57169968e-04
0.00000000e+00,2.84834629e-04,5.69669337e-04,8.54504140e-04
0.00000000e+00,3.33333333e-04,6.66666667e-04,1.00000000e-03
0.00000000e+00,3.11521138e-04,6.23042309e-04,9.34563562e-04
0.00000000e+00,3.33333333e-04,6.66666667e-04,1.00000000e-03
0.00000000e+00,3.33333333e-04,6.66666667e-04,1.00000000e-03
0.00000000e+00,0.00000000e+00,0.00000000e+00,0.00000000e+00
0.00000000e+00,5.00959746e-05,1.00191875e-04,1.50287684e-04
0.00000000e+00,0.00000000e+00,0.00000000e+00,0.00000000e+00
0.00000000e+00,0.00000000e+00,0.00000000e+00,0.00000000e+00
0.00000000e+00,2.26738302e-05,4.53475973e-05,6.80213362e-05
0.00000000e+00,4.90012450e-05,9.80024456e-05,1.47003585e-04
0.00000000e+00,5.03476494e-05,1.00695191e-04,1.51042675e-04
0.00000000e+00,1.08265812e-04,2.16531460e-04,3.24797040e-04
0.00000000e+00,7.91303965e-05,1.58260694e-04,2.37390892e-04
0.00000000e+00,1.07546524e-04,2.15093002e-04,3.22639435e-04
0.00000000e+00,1.08393487e-04,2.16786861e-04,3.25180178e-04
0.00000000e+00,1.66666815e-04,3.33333481e-04,4.99999995e-04
0.00000000e+00,1.37492808e-04,2.74985495e-04,4.12478087e-04
0.00000000e+00,1.66666670e-04,3.33333362e-04,4.99999985e-04
0.00000000e+00,1.66666731e-04,3.33333391e-04,4.99999993e-04
0.00000000e+00,2.25067652e-04,4.50135349e-04,6.75202995e-04
0.00000000e+00,1.95840721e-04,3.91681398e-04,5.87521926e-04
0.00000000e+00,2.25786828e-04,4.51573737e-04,6.77360613e-04
0.00000000e+00,2.24939998e-04,4.49879940e-04,6.74819850e-04
0.00000000e+00,2.83237414e-04,5.66474827e-04,8.49712302e-04
0.00000000e+00,2.54203014e-04,5.08406052e-04,7.62609126e-04
0.00000000e+00,2.84332097e-04,5.68664229e-04,8.52996418e-04
0.00000000e+00,2.82985787e-04,5.65971553e-04,8.48957333e-04
0.00000000e+00,3.33333333e-04,6.66666667e-04,1.00000000e-03
0.00000000e+00,3.10659542e-04,6.21319081e-04,9.31978659e-04
0.00000000e+00,3.33333333e-04,6.66666667e-04,1.00000000e-03
0.00000000e+00,3.33333333e-04,6.66666667e-04,1.00000000e-03
0.00000000e+00,0.00000000e+00,0.00000000e+00,0.00000000e+00
0.00000000e+00,5.40743673e-05,1.08148595e-04,1.62222725e-04
0.00000000e+00,0.00000000e+00,0.00000000e+00,0.00000000e+00
0.00000000e+00,0.00000000e+00,0.00000000e+00,0.00000000e+00
0.00000000e+00,2.45413755e-05,4.90826806e-05,7.36239320e-05
0.00000000e+00,5.17598048e-05,1.03519502e-04,1.55279104e-04
0.00000000e+00,5.38916826e-05,1.07783244e-04,1.61674742e-04
0.00000000e+00,1.09856888e-04,2.19713549e-04,3.29570116e-04
0.00000000e+00,8.18518465e-05,1.63703512e-04,2.45555097e-04
0.00000000e+00,1.09116279e-04,2.18232358e-04,3.27348339e-04
0.00000000e+00,1.09877770e-04,2.19755405e-04,3.29632950e-04
0.00000000e+00,1.66666715e-04,3.33333372e-04,4.99999962e-04
0.00000000e+00,1.38216724e-04,2.76433301e-04,4.14649808e-04
0.00000000e+00,1.66666808e-04,3.33333460e-04,4.99999978e-04
0.00000000e+00,1.66666762e-04,3.33333414e-04,4.99999988e-04
0.00000000e+00,2.23476822e-04,4.46953427e-04,6.70429989e-04
0.00000000e+00,1.95116846e-04,3.90233563e-04,5.85350195e-04
0.00000000e+00,2.24217302e-04,4.48434533e-04,6.72651728e-04
0.00000000e+00,2.23455778e-04,4.46911472e-04,6.70367050e-04
0.00000000e+00,2.79259133e-04,5.58518241e-04,8.37777275e-04
0.00000000e+00,2.51481714e-04,5.02963338e-04,7.54444967e-04
0.00000000e+00,2.81573683e-04,5.63147302e-04,8.44720876e-04
0.00000000e+00,2.79441781e-04,5.58883538e-04,8.38325265e-04
0.00000000e+00,3.33333333e-04,6.66666667e-04,1.00000000e-03
0.00000000e+00,3.08792044e-04,6.17584077e-04,9.26376064e-04
0.00000000e+00,3.33333333e-04,6.66666667e-04,1.00000000e-03
0.00000000e+00,3.33333333e-04,6.66666667e-04,1.00000000e-03
0.00000000e+00,0.00000000e+00,0.00000000e+00,0.00000000e+00
0.00000000e+00,5.87608733e-05,1.17521584e-04,1.76282202e-04
0.00000000e+00,0.00000000e+00,0.00000000e+00,0.00000000e+00
0.00000000e+00,0.00000000e+00,0.00000000e+00,0.00000000e+00
0.00000000e+00,3.22598464e-05,6.45196261e-05,9.67793447e-05
0.00000000e+00,5.57921802e-05,1.11584210e-04,1.67376126e-04
0.00000000e+00,5.85885194e-05,1.17176934e-04,1.75765328e-04
0.00000000e+00,1.11212332e-04,2.22424663e-04,3.33637107e-04
0.00000000e+00,8.46770348e-05,1.69353932e-04,2.54030895e-04
0.00000000e+00,1.10740687e-04,2.21481257e-04,3.32221839e-04
0.00000000e+00,1.11254517e-04,2.22508915e-04,3.33763285e-04
0.00000000e+00,1.66666342e-04,3.33333093e-04,4.99999866e-04
0.00000000e+00,1.38771949e-04,2.77544113e-04,4.16316321e-04
0.00000000e+00,1.66666491e-04,3.33333189e-04,4.99999910e-04
0.00000000e+00,1.66666762e-04,3.33333443e-04,4.99999985e-04
0.00000000e+00,2.22121418e-04,4.44242319e-04,6.66362930e-04
0.00000000e+00,1.94561357e-04,3.89122574e-04,5.83683528e-04
0.00000000e+00,2.22593087e-04,4.45185772e-04,6.67778239e-04
0.00000000e+00,2.22078975e-04,4.44157908e-04,6.66236722e-04
0.00000000e+00,2.74572510e-04,5.49145121e-04,8.23717791e-04
0.00000000e+00,2.48656581e-04,4.97312927e-04,7.45969127e-04
0.00000000e+00,2.77541249e-04,5.55082546e-04,8.32623867e-04
0.00000000e+00,2.74744925e-04,5.49489821e-04,8.24234695e-04
0.00000000e+00,3.33333333e-04,6.66666667e-04,1.00000000e-03
0.00000000e+00,3.01073506e-04,6.02147068e-04,9.03220628e-04
0.00000000e+00,3.33333333e-04,6.66666667e-04,1.00000000e-03
0.00000000e+00,3.33333333e-04,6.66666667e-04,1.00000000e-03
0.00000000e+00,0.00000000e+00,0.00000000e+00,0.00000000e+00
0.00000000e+00,4.79525453e-05,9.59049619e-05,1.43857234e-04
0.00000000e+00,0.00000000e+00,0.00000000e+00,0.00000000e+00
0.00000000e+00,0.00000000e+00,0.00000000e+00,0.00000000e+00
0.00000000e+00,2.17075490e-05,4.34150479e-05,6.51225112e-05
0.00000000e+00,4.73838195e-05,9.47675591e-05,1.42151261e-04
0.00000000e+00,4.79777320e-05,9.59554075e-05,1.43933032e-04
0.00000000e+00,1.06642687e-04,2.13285147e-04,3.19927306e-04
0.00000000e+00,7.67723521e-05,1.53544570e-04,2.30316591e-04
0.00000000e+00,1.06059772e-04,2.12119371e-04,3.18178892e-04
0.00000000e+00,1.06657663e-04,2.13315244e-04,3.19972706e-04
0.00000000e+00,1.66666564e-04,3.33333265e-04,4.99999921e-04
0.00000000e+00,1.36634168e-04,2.73268322e-04,4.09902344e-04
0.00000000e+00,1.66666553e-04,3.33333230e-04,4.99999973e-04
0.00000000e+00,1.66666656e-04,3.33333353e-04,4.99999975e-04
0.00000000e+00,2.26691106e-04,4.53382041e-04,6.80072743e-04
0.00000000e+00,1.96699213e-04,3.93398467e-04,5.90097637e-04
0.00000000e+00,2.27273887e-04,4.54547597e-04,6.81821253e-04
0.00000000e+00,2.26675857e-04,4.53351647e-04,6.80027326e-04
0.00000000e+00,2.85380875e-04,5.70761826e-04,8.56142791e-04
0.00000000e+00,2.56561182e-04,5.13122340e-04,7.69683485e-04
0.00000000e+00,2.85949525e-04,5.71899100e-04,8.57848773e-04
0.00000000e+00,2.85355589e-04,5.70711256e-04,8.56067005e-04
0.00000000e+00,3.33333333e-04,6.66666667e-04,1.00000000e-03
0.00000000e+00,3.11625802e-04,6.23251647e-04,9.34877501e-04
0.00000000e+00,3.33333333e-04,6.66666667e-04,1.00000000e-03
0.00000000e+00,3.33333333e-04,6.66666667e-04,1.00000000e-03
0.00000000e+00,0.00000000e+00,0.00000000e+00,0.00000000e+00
0.00000000e+00,4.97625986e-05,9.95251278e-05,1.49287673e-04
0.00000000e+00,0.00000000e+00,0.00000000e+00,0.00000000e+00
0.00000000e+00,0.00000000e+00,0.00000000e+00,0.00000000e+00
0.00000000e+00,2.25189747e-05,4.50379107e-05,6.75568371e-05
0.00000000e+00,4.87001425e-05,9.74001885e-05,1.46100150e-04
0.00000000e+00,4.97088465e-05,9.94176128e-05,1.49126345e-04
0.00000000e+00,1.08063061e-04,2.16125931e-04,3.24188664e-04
0.00000000e+00,7.88130778e-05,1.57626009e-04,2.36438904e-04
0.00000000e+00,1.07311767e-04,2.14623350e-04,3.21934709e-04
0.00000000e+00,1.08000760e-04,2.16001376e-04,3.24001865e-04
0.00000000e+00,1.66666890e-04,3.33333575e-04,4.99999999e-04
0.00000000e+00,1.37391315e-04,2.74782478e-04,4.12173468e-04
0.00000000e+00,1.66666728e-04,3.33333415e-04,4.99999960e-04
0.00000000e+00,1.66666753e-04,3.33333438e-04,5.00000000e-04
0.00000000e+00,2.25270621e-04,4.50541056e-04,6.75811357e-04
0.00000000e+00,1.95942347e-04,3.91884520e-04,5.87826528e-04
0.00000000e+00,2.26021930e-04,4.52043719e-04,6.78065325e-04
0.00000000e+00,2.25332838e-04,4.50665543e-04,6.75998146e-04
0.00000000e+00,2.83570682e-04,5.67141483e-04,8.50712294e-04
0.00000000e+00,2.54520440e-04,5.09040823e-04,7.63561094e-04
0.00000000e+00,2.84633239e-04,5.69266532e-04,8.53899834e-04
0.00000000e+00,2.83624515e-04,5.67249071e-04,8.50873677e-04
0.00000000e+00,3.33333333e-04,6.66666667e-04,1.00000000e-03
0.00000000e+00,3.10814318e-04,6.21628710e-04,9.32443139e-04
0.00000000e+00,3.33333333e-04,6.66666667e-04,1.00000000e-03
0.00000000e+00,3.33333333e-04,6.66666667e-04,1.00000000e-03
0.00000000e+00,0.00000000e+00,0.00000000e+00,0.00000000e+00
0.00000000e+00,5.37723210e-05,1.07544608e-04,1.61316849e-04
0.00000000e+00,0.00000000e+00,0.00000000e+00,0.00000000e+00
0.00000000e+00,0.00000000e+00,0.00000000e+00,0.00000000e+00
0.00000000e+00,2.43082266e-05,4.86164407e-05,7.29246339e-05
0.00000000e+00,5.14187059e-05,1.02837365e-04,1.54255999e-04
0.00000000e+00,5.33496677e-05,1.06699260e-04,1.60048802e-04
0.00000000e+00,1.09745502e-04,2.19490800e-04,3.29236108e-04
0.00000000e+00,8.16626824e-05,1.63325199e-04,2.44987691e-04
0.00000000e+00,1.08953662e-04,2.17907139e-04,3.26860588e-04
0.00000000e+00,1.09658508e-04,2.19316888e-04,3.28975180e-04
0.00000000e+00,1.66666727e-04,3.33333415e-04,4.99999955e-04
0.00000000e+00,1.38170363e-04,2.76340652e-04,4.14510885e-04
0.00000000e+00,1.66666851e-04,3.33333523e-04,4.99999991e-04
0.00000000e+00,1.66666763e-04,3.33333421e-04,4.99999983e-04
0.00000000e+00,2.23588290e-04,4.47176180e-04,6.70764035e-04
0.00000000e+00,1.95163190e-04,3.90326215e-04,5.85489153e-04
0.00000000e+00,2.24380015e-04,4.48759775e-04,6.73139509e-04
0.00000000e+00,2.23675125e-04,4.47350055e-04,6.71024859e-04
0.00000000e+00,2.79561049e-04,5.59122075e-04,8.38683196e-04
0.00000000e+00,2.51670995e-04,5.03341735e-04,7.55012389e-04
0.00000000e+00,2.81914632e-04,5.63829293e-04,8.45743999e-04
0.00000000e+00,2.79983725e-04,5.59967470e-04,8.39951235e-04
0.00000000e+00,3.33333333e-04,6.66666667e-04,1.00000000e-03
0.00000000e+00,3.09025119e-04,6.18050255e-04,9.27075376e-04
0.00000000e+00,3.33333333e-04,6.66666667e-04,1.00000000e-03
0.00000000e+00,3.33333333e-04,6.66666667e-04,1.00000000e-03
0.00000000e+00,0.00000000e+00,0.00000000e+00,0.00000000e+00
0.00000000e+00,5.88132499e-05,1.17626473e-04,1.76439637e-04
0.00000000e+00,0.00000000e+00,0.00000000e+00,0.00000000e+00
0.00000000e+00,0.00000000e+00,0.00000000e+00,0.00000000e+00
0.00000000e+00,3.21412192e-05,6.42824198e-05,9.64236288e-05
0.00000000e+00,5.55984352e-05,1.11196835e-04,1.66795189e-04
0.00000000e+00,5.86736681e-05,1.17347272e-04,1.76020877e-04
0.00000000e+00,1.11206324e-04,2.22412497e-04,3.33618775e-04
0.00000000e+00,8.47111428e-05,1.69422169e-04,2.54133147e-04
0.00000000e+00,1.10698166e-04,2.21396130e-04,3.32094144e-04
0.00000000e+00,1.11247267e-04,2.22494456e-04,3.33741635e-04
0.00000000e+00,1.66666386e-04,3.33333094e-04,4.99999754e-04
0.00000000e+00,1.38764530e-04,2.77529114e-04,4.16293727e-04
0.00000000e+00,1.66666543e-04,3.33333256e-04,4.99999846e-04
0.00000000e+00,1.66666620e-04,3.33333292e-04,4.99999932e-04
0.00000000e+00,2.22127631e-04,4.44254701e-04,6.66381243e-04
0.00000000e+00,1.94568890e-04,3.89137612e-04,5.83706064e-04
0.00000000e+00,2.22635744e-04,4.45270995e-04,6.67905953e-04
0.00000000e+00,2.22086280e-04,4.44172397e-04,6.66258368e-04
0.00000000e+00,2.74520203e-04,5.49040298e-04,8.23560266e-04
0.00000000e+00,2.48622671e-04,4.97244951e-04,7.45866808e-04
0.00000000e+00,2.77734956e-04,5.55469840e-04,8.33204787e-04
0.00000000e+00,2.74659814e-04,5.49319585e-04,8.23979130e-04
0.00000000e+00,3.33333333e-04,6.66666667e-04,1.00000000e-03
0.00000000e+00,3.01192091e-04,6.02384203e-04,9.03576349e-04
0.00000000e+00,3.33333333e-04,6.66666667e-04,1.00000000e-03
0.00000000e+00,3.33333333e-04,6.66666667e-04,1.00000000e-03
0.00000000e+00,0.00000000e+00,0.00000000e+00,0.00000000e+00
0.00000000e+00,4.82162060e-05,9.64323789e-05,1.44648413e-04
0.00000000e+00,0.00000000e+00,0.00000000e+00,0.00000000e+00
0.00000000e+00,0.00000000e+00,0.00000000e+00,0.00000000e+00
0.00000000e+00,2.18122130e-05,4.36243856e-05,6.54364534e-05
0.00000000e+00,4.76100633e-05,9.52200796e-05,1.42830063e-04
0.00000000e+00,4.79777681e-05,9.59554631e-05,1.43933035e-04
0.00000000e+00,1.06887054e-04,2.13773947e-04,3.20660594e-04
0.00000000e+00,7.70879411e-05,1.54175763e-04,2.31263413e-04
0.00000000e+00,1.06301822e-04,2.12603482e-04,3.18905087e-04
0.00000000e+00,1.06657758e-04,2.13315344e-04,3.19972731e-04
0.00000000e+00,1.66666629e-04,3.33333319e-04,4.99999995e-04
0.00000000e+00,1.36764817e-04,2.73529579e-04,4.10294233e-04
0.00000000e+00,1.66666621e-04,3.33333304e-04,4.99999996e-04
0.00000000e+00,1.66666655e-04,3.33333339e-04,4.99999974e-04
0.00000000e+00,2.26446561e-04,4.52893033e-04,6.79339534e-04
0.00000000e+00,1.96568585e-04,3.93137169e-04,5.89705794e-04
0.00000000e+00,2.27031785e-04,4.54063415e-04,6.81095069e-04
0.00000000e+00,2.26675914e-04,4.53351660e-04,6.80027343e-04
0.00000000e+00,2.85117151e-04,5.70234323e-04,8.55351595e-04
0.00000000e+00,2.56245629e-04,5.12491150e-04,7.68736652e-04
0.00000000e+00,2.85723237e-04,5.71446527e-04,8.57169955e-04
0.00000000e+00,2.85355609e-04,5.70711279e-04,8.56066988e-04
0.00000000e+00,3.33333333e-04,6.66666667e-04,1.00000000e-03
0.00000000e+00,3.11521145e-04,6.23042326e-04,9.34563564e-04
0.00000000e+00,3.33333333e-04,6.66666667e-04,1.00000000e-03
0.00000000e+00,3.33333333e-04,6.66666667e-04,1.00000000e-03
0.00000000e+00,0.00000000e+00,0.00000000e+00,0.00000000e+00
0.00000000e+00,5.00959301e-05,1.00191824e-04,1.50287704e-04
0.00000000e+00,0.00000000e+00,0.00000000e+00,0.00000000e+00
0.00000000e+00,0.00000000e+00,0.00000000e+00,0.00000000e+00
0.00000000e+00,2.26737763e-05,4.53475686e-05,6.80213475e-05
0.00000000e+00,4.90012410e-05,9.80024576e-05,1.47003598e-04
0.00000000e+00,4.97088112e-05,9.94175767e-05,1.49126349e-04
0.00000000e+00,1.08265726e-04,2.16531411e-04,3.24797047e-04
0.00000000e+00,7.91303308e-05,1.58260643e-04,2.37390911e-04
0.00000000e+00,1.07546618e-04,2.15093122e-04,3.22639454e-04
0.00000000e+00,1.08000759e-04,2.16001386e-04,3.24001870e-04
0.00000000e+00,1.66666801e-04,3.33333466e-04,5.00000003e-04
0.00000000e+00,1.37492855e-04,2.74985537e-04,4.12478099e-04
0.00000000e+00,1.66666727e-04,3.33333389e-04,4.99999994e-04
0.00000000e+00,1.66666799e-04,3.33333471e-04,4.99999992e-04
0.00000000e+00,2.25067726e-04,4.50135409e-04,6.75203002e-04
0.00000000e+00,1.95840742e-04,3.91681389e-04,5.87521929e-04
0.00000000e+00,2.25786902e-04,4.51573777e-04,6.77360631e-04
0.00000000e+00,2.25332826e-04,4.50665538e-04,6.75998171e-04
0.00000000e+00,2.83237407e-04,5.66474822e-04,8.49712278e-04
0.00000000e+00,2.54203089e-04,5.08406114e-04,7.62609082e-04
0.00000000e+00,2.84332092e-04,5.68664213e-04,8.52996393e-04
0.00000000e+00,2.83624554e-04,5.67249124e-04,8.50873641e-04
0.00000000e+00,3.33333333e-04,6.66666667e-04,1.00000000e-03
0.00000000e+00,3.10659514e-04,6.21319068e-04,9.31978644e-04
0.00000000e+00,3.33333333e-04,6.66666667e-04,1.00000000e-03
0.00000000e+00,3.33333333e-04,6.66666667e-04,1.00000000e-03
0.00000000e+00,0.00000000e+00,0.00000000e+00,0.00000000e+00
0.00000000e+00,5.40743197e-05,1.08148567e-04,1.62222769e-04
0.00000000e+00,0.00000000e+00,0.00000000e+00,0.00000000e+00
0.00000000e+00,0.00000000e+00,0.00000000e+00,0.00000000e+00
0.00000000e+00,2.45413344e-05,4.90826572e-05,7.36239644e-05
0.00000000e+00,5.17597761e-05,1.03519477e-04,1.55279133e-04
0.00000000e+00,5.33496466e-05,1.06699243e-04,1.60048833e-04
0.00000000e+00,1.09856834e-04,2.19713440e-04,3.29570156e-04
0.00000000e+00,8.18517977e-05,1.63703449e-04,2.45555137e-04
0.00000000e+00,1.09116186e-04,2.18232252e-04,3.27348366e-04
0.00000000e+00,1.09658492e-04,2.19316851e-04,3.28975202e-04
0.00000000e+00,1.66666688e-04,3.33333412e-04,5.00000020e-04
0.00000000e+00,1.38216707e-04,2.76433304e-04,4.14649846e-04
0.00000000e+00,1.66666743e-04,3.33333441e-04,5.00000015e-04
0.00000000e+00,1.66666773e-04,3.33333446e-04,5.00000003e-04
0.00000000e+00,2.23476775e-04,4.46953418e-04,6.70429956e-04
0.00000000e+00,1.95116880e-04,3.90233620e-04,5.85350184e-04
0.00000000e+00,2.24217328e-04,4.48434580e-04,6.72651719e-04
0.00000000e+00,2.23675067e-04,4.47349991e-04,6.71024860e-04
0.00000000e+00,2.79259043e-04,5.58518148e-04,8.37777279e-04
0.00000000e+00,2.51481681e-04,5.02963325e-04,7.54444959e-04
0.00000000e+00,2.81573588e-04,5.63147207e-04,8.44720885e-04
0.00000000e+00,2.79983772e-04,5.59967488e-04,8.39951200e-04
0.00000000e+00,3.33333333e-04,6.66666667e-04,1.00000000e-03
0.00000000e+00,3.08791968e-04,6.17583979e-04,9.26376074e-04
0.00000000e+00,3.33333333e-04,6.66666667e-04,1.00000000e-03
0.00000000e+00,3.33333333e-04,6.66666667e-04,1.00000000e-03
0.00000000e+00,0.00000000e+00,0.00000000e+00,0.00000000e+00
0.00000000e+00,5.87607463e-05,1.17521507e-04,1.76282234e-04
0.00000000e+00,0.00000000e+00,0.00000000e+00,0.00000000e+00
0.00000000e+00,0.00000000e+00,0.00000000e+00,0.00000000e+00
0.00000000e+00,3.22597645e-05,6.45195514e-05,9.67793755e-05
0.00000000e+00,5.57921018e-05,1.11584169e-04,1.67376159e-04
0.00000000e+00,5.86736288e-05,1.17347268e-04,1.76020891e-04
0.00000000e+00,1.11212616e-04,2.22424915e-04,3.33637133e-04
0.00000000e+00,8.46770604e-05,1.69353976e-04,2.54030918e-04
0.00000000e+00,1.10740826e-04,2.21481343e-04,3.32221876e-04
0.00000000e+00,1.11247270e-04,2.22494433e-04,3.33741652e-04
0.00000000e+00,1.66666676e-04,3.33333315e-04,4.99999945e-04
0.00000000e+00,1.38772226e-04,2.77544337e-04,4.16316379e-04
0.00000000e+00,1.66666630e-04,3.33333316e-04,4.99999978e-04
0.00000000e+00,1.66666789e-04,3.33333425e-04,4.99999939e-04
0.00000000e+00,2.22121252e-04,4.44242190e-04,6.66362900e-04
0.00000000e+00,1.94561349e-04,3.89122537e-04,5.83683570e-04
0.00000000e+00,2.22592954e-04,4.45185664e-04,6.67778203e-04
0.00000000e+00,2.22086289e-04,4.44172404e-04,6.66258353e-04
0.00000000e+00,2.74572529e-04,5.49145195e-04,8.23717783e-04
0.00000000e+00,2.48656511e-04,4.97312872e-04,7.45969113e-04
0.00000000e+00,2.77541236e-04,5.55082578e-04,8.32623863e-04
0.00000000e+00,2.74659743e-04,5.49319486e-04,8.23979142e-04
0.00000000e+00,3.33333333e-04,6.66666667e-04,1.00000000e-03
0.00000000e+00,3.01073496e-04,6.02147116e-04,9.03220644e-04
0.00000000e+00,3.33333333e-04,6.66666667e-04,1.00000000e-03
0.00000000e+00,3.33333333e-04,6.66666667e-04,1.00000000e-03
0.00000000e+00,0.00000000e+00,0.00000000e+00,0.00000000e+00
0.00000000e+00,4.90373529e-05,9.80745999e-05,1.47111764e-04
0.00000000e+00,0.00000000e+00,0.00000000e+00,0.00000000e+00
0.00000000e+00,0.00000000e+00,0.00000000e+00,0.00000000e+00
0.00000000e+00,2.21667547e-05,4.43334808e-05,6.65002115e-05
0.00000000e+00,4.83406927e-05,9.66813666e-05,1.45022025e-04
0.00000000e+00,4.84987198e-05,9.69973709e-05,1.45495921e-04
0.00000000e+00,1.07577220e-04,2.15154306e-04,3.22731255e-04
0.00000000e+00,7.80309629e-05,1.56061778e-04,2.34092529e-04
0.00000000e+00,1.07010578e-04,2.14020972e-04,3.21031338e-04
0.00000000e+00,1.07133649e-04,2.14267210e-04,3.21400642e-04
0.00000000e+00,1.66666587e-04,3.33333238e-04,5.00000012e-04
0.00000000e+00,1.37121097e-04,2.74242053e-04,4.11362990e-04
0.00000000e+00,1.66666629e-04,3.33333255e-04,5.00000002e-04
0.00000000e+00,1.66666676e-04,3.33333337e-04,5.00000022e-04
0.00000000e+00,2.25756355e-04,4.51512509e-04,6.77268843e-04
0.00000000e+00,1.96212397e-04,3.92424741e-04,5.88637066e-04
0.00000000e+00,2.26322950e-04,4.52645784e-04,6.78968713e-04
0.00000000e+00,2.26199838e-04,4.52399587e-04,6.78599450e-04
0.00000000e+00,2.84296040e-04,5.68592104e-04,8.52888306e-04
0.00000000e+00,2.55302492e-04,5.10604975e-04,7.65907538e-04
0.00000000e+00,2.84992589e-04,5.69985200e-04,8.54978006e-04
0.00000000e+00,2.84834711e-04,5.69669350e-04,8.54504106e-04
0.00000000e+00,3.33333333e-04,6.66666667e-04,1.00000000e-03
0.00000000e+00,3.11166523e-04,6.22333111e-04,9.33499801e-04
0.00000000e+00,3.33333333e-04,6.66666667e-04,1.00000000e-03
0.00000000e+00,3.33333333e-04,6.66666667e-04,1.00000000e-03
0.00000000e+00,0.00000000e+00,0.00000000e+00,0.00000000e+00
0.00000000e+00,5.10794662e-05,1.02158872e-04,1.53238191e-04
0.00000000e+00,0.00000000e+00,0.00000000e+00,0.00000000e+00
0.00000000e+00,0.00000000e+00,0.00000000e+00,0.00000000e+00
0.00000000e+00,2.31672358e-05,4.63344143e-05,6.95015671e-05
0.00000000e+00,4.99187376e-05,9.98374009e-05,1.49755981e-04
0.00000000e+00,5.03476343e-05,1.00695193e-04,1.51042693e-04
0.00000000e+00,1.08812122e-04,2.17624137e-04,3.26435930e-04
0.00000000e+00,7.99981931e-05,1.59996308e-04,2.39994266e-04
0.00000000e+00,1.08189625e-04,2.16379143e-04,3.24568481e-04
0.00000000e+00,1.08393500e-04,2.16786891e-04,3.25180196e-04
0.00000000e+00,1.66666730e-04,3.33333407e-04,4.99999991e-04
0.00000000e+00,1.37756112e-04,2.75512112e-04,4.13267991e-04
0.00000000e+00,1.66666638e-04,3.33333301e-04,5.00000003e-04
0.00000000e+00,1.66666745e-04,3.33333426e-04,4.99999997e-04
0.00000000e+00,2.24521445e-04,4.49042784e-04,6.73564052e-04
0.00000000e+00,1.95577408e-04,3.91154754e-04,5.86732011e-04
0.00000000e+00,2.25143967e-04,4.50287740e-04,6.75431559e-04
0.00000000e+00,2.24940022e-04,4.49879939e-04,6.74819835e-04
0.00000000e+00,2.82253915e-04,5.64507847e-04,8.46761796e-04
0.00000000e+00,2.53335285e-04,5.06670508e-04,7.60005727e-04
0.00000000e+00,2.83414633e-04,5.66829300e-04,8.50244049e-04
0.00000000e+00,2.82985734e-04,5.65971521e-04,8.48957328e-04
0.00000000e+00,3.33333333e-04,6.66666667e-04,1.00000000e-03
0.00000000e+00,3.10166115e-04,6.20332245e-04,9.30498436e-04
0.00000000e+00,3.33333333e-04,6.66666667e-04,1.00000000e-03
0.00000000e+00,3.33333333e-04,6.66666667e-04,1.00000000e-03
0.00000000e+00,0.00000000e+00,0.00000000e+00,0.00000000e+00
0.00000000e+00,5.48665439e-05,1.09732884e-04,1.64599136e-04
0.00000000e+00,0.00000000e+00,0.00000000e+00,0.00000000e+00
0.00000000e+00,0.00000000e+00,0.00000000e+00,0.00000000e+00
0.00000000e+00,2.52659368e-05,5.05317409e-05,7.57975018e-05
0.00000000e+00,5.27139089e-05,1.05427693e-04,1.58141379e-04
0.00000000e+00,5.38916553e-05,1.07783219e-04,1.61674767e-04
0.00000000e+00,1.10150807e-04,2.20301435e-04,3.30451817e-04
0.00000000e+00,8.23258776e-05,1.64651585e-04,2.46977179e-04
0.00000000e+00,1.09541748e-04,2.19083354e-04,3.28624710e-04
0.00000000e+00,1.09877786e-04,2.19755432e-04,3.29632979e-04
0.00000000e+00,1.66666819e-04,3.33333512e-04,4.99999979e-04
0.00000000e+00,1.38337421e-04,2.76674690e-04,4.15011799e-04
0.00000000e+00,1.66666794e-04,3.33333485e-04,4.99999985e-04
0.00000000e+00,1.66666782e-04,3.33333459e-04,5.00000007e-04
0.00000000e+00,2.23182821e-04,4.46365543e-04,6.69548169e-04
0.00000000e+00,1.94996153e-04,3.89992252e-04,5.84988206e-04
0.00000000e+00,2.23791825e-04,4.47583586e-04,6.71375266e-04
0.00000000e+00,2.23455767e-04,4.46911448e-04,6.70367037e-04
0.00000000e+00,2.78466927e-04,5.56933924e-04,8.35400883e-04
0.00000000e+00,2.51007617e-04,5.02015229e-04,7.53022830e-04
0.00000000e+00,2.80619543e-04,5.61239100e-04,8.41858612e-04
0.00000000e+00,2.79441747e-04,5.58883526e-04,8.38325253e-04
0.00000000e+00,3.33333333e-04,6.66666667e-04,1.00000000e-03
0.00000000e+00,3.08067508e-04,6.16135023e-04,9.24202504e-04
0.00000000e+00,3.33333333e-04,6.66666667e-04,1.00000000e-03
0.00000000e+00,3.33333333e-04,6.66666667e-04,1.00000000e-03
0.00000000e+00,0.00000000e+00,0.00000000e+00,0.00000000e+00
0.00000000e+00,5.86082858e-05,1.17216412e-04,1.75824543e-04
0.00000000e+00,0.00000000e+00,0.00000000e+00,0.00000000e+00
0.00000000e+00,0.00000000e+00,0.00000000e+00,0.00000000e+00
0.00000000e+00,3.25277351e-05,6.50553532e-05,9.75830328e-05
0.00000000e+00,5.62792815e-05,1.12558373e-04,1.68837419e-04
0.00000000e+00,5.85885016e-05,1.17176910e-04,1.75765369e-04
0.00000000e+00,1.11230728e-04,2.22461273e-04,3.33691718e-04
0.00000000e+00,8.46143785e-05,1.69228564e-04,2.53842743e-04
0.00000000e+00,1.10850603e-04,2.21701028e-04,3.32551283e-04
0.00000000e+00,1.11254550e-04,2.22508960e-04,3.33763311e-04
0.00000000e+00,1.66666717e-04,3.33333356e-04,5.00000000e-04
0.00000000e+00,1.38786959e-04,2.77573822e-04,4.16360533e-04
0.00000000e+00,1.66666778e-04,3.33333432e-04,4.99999986e-04
0.00000000e+00,1.66666840e-04,3.33333476e-04,4.99999992e-04
0.00000000e+00,2.22102935e-04,4.44205617e-04,6.66308288e-04
0.00000000e+00,1.94546628e-04,3.89093073e-04,5.83639469e-04
0.00000000e+00,2.22483044e-04,4.44965909e-04,6.67448723e-04
0.00000000e+00,2.22079004e-04,4.44157935e-04,6.66236690e-04
0.00000000e+00,2.74725191e-04,5.49450410e-04,8.24175449e-04
0.00000000e+00,2.48719156e-04,4.97438253e-04,7.46157255e-04
0.00000000e+00,2.77054216e-04,5.54108464e-04,8.31162584e-04
0.00000000e+00,2.74744889e-04,5.49489798e-04,8.24234670e-04
0.00000000e+00,3.33333333e-04,6.66666667e-04,1.00000000e-03
0.00000000e+00,3.00805660e-04,6.01611370e-04,9.02416977e-04
0.00000000e+00,3.33333333e-04,6.66666667e-04,1.00000000e-03
0.00000000e+00,3.33333333e-04,6.66666667e-04,1.00000000e-03
0.00000000e+00,0.00000000e+00,0.00000000e+00,0.00000000e+00
0.00000000e+00,4.82161661e-05,9.64322659e-05,1.44648439e-04
0.00000000e+00,0.00000000e+00,0.00000000e+00,0.00000000e+00
0.00000000e+00,0.00000000e+00,0.00000000e+00,0.00000000e+00
0.00000000e+00,2.18121974e-05,4.36243450e-05,6.54364703e-05
0.00000000e+00,4.76100525e-05,9.52200644e-05,1.42830093e-04
0.00000000e+00,4.84987225e-05,9.69973418e-05,1.45495925e-04
0.00000000e+00,1.06886946e-04,2.13773784e-04,3.20660602e-04
0.00000000e+00,7.70878536e-05,1.54175637e-04,2.31263425e-04
0.00000000e+00,1.06301772e-04,2.12603441e-04,3.18905094e-04
0.00000000e+00,1.07133636e-04,2.14267157e-04,3.21400649e-04
0.00000000e+00,1.66666687e-04,3.33333378e-04,5.00000023e-04
0.00000000e+00,1.36764812e-04,2.73529561e-04,4.10294263e-04
0.00000000e+00,1.66666708e-04,3.33333399e-04,5.00000055e-04
0.00000000e+00,1.66666699e-04,3.33333349e-04,5.00000022e-04
0.00000000e+00,2.26446456e-04,4.52892941e-04,6.79339492e-04
0.00000000e+00,1.96568601e-04,3.93137171e-04,5.89705804e-04
0.00000000e+00,2.27031706e-04,4.54063347e-04,6.81095036e-04
0.00000000e+00,2.26199804e-04,4.52399561e-04,6.78599435e-04
0.00000000e+00,2.85117081e-04,5.70234242e-04,8.55351608e-04
0.00000000e+00,2.56245485e-04,5.12491001e-04,7.68736663e-04
0.00000000e+00,2.85723240e-04,5.71446504e-04,8.57169969e-04
0.00000000e+00,2.84834691e-04,5.69669349e-04,8.54504104e-04
0.00000000e+00,3.33333333e-04,6.66666667e-04,1.00000000e-03
0.00000000e+00,3.11521130e-04,6.23042291e-04,9.34563557e-04
0.00000000e+00,3.33333333e-04,6.66666667e-04,1.00000000e-03
0.00000000e+00,3.33333333e-04,6.66666667e-04,1.00000000e-03
0.00000000e+00,0.00000000e+00,0.00000000e+00,0.00000000e+00
0.00000000e+00,5.00960119e-05,1.00191909e-04,1.50287715e-04
0.00000000e+00,0.00000000e+00,0.00000000e+00,0.00000000e+00
0.00000000e+00,0.00000000e+00,0.00000000e+00,0.00000000e+00
0.00000000e+00,2.26738421e-05,4.53476182e-05,6.80213451e-05
0.00000000e+00,4.90012606e-05,9.80024423e-05,1.47003618e-04
0.00000000e+00,5.03476631e-05,1.00695221e-04,1.51042697e-04
0.00000000e+00,1.08265773e-04,2.16531438e-04,3.24797070e-04
0.00000000e+00,7.91304133e-05,1.58260703e-04,2.37390927e-04
0.00000000e+00,1.07546573e-04,2.15093037e-04,3.22639478e-04
0.00000000e+00,1.08393510e-04,2.16786897e-04,3.25180204e-04
0.00000000e+00,1.66666787e-04,3.33333416e-04,4.99999997e-04
0.00000000e+00,1.37492809e-04,2.74985492e-04,4.12478112e-04
0.00000000e+00,1.66666731e-04,3.33333386e-04,5.00000010e-04
0.00000000e+00,1.66666760e-04,3.33333399e-04,5.00000002e-04
0.00000000e+00,2.25067681e-04,4.50135321e-04,6.75202986e-04
0.00000000e+00,1.95840736e-04,3.91681334e-04,5.87521922e-04
0.00000000e+00,2.25786842e-04,4.51573701e-04,6.77360601e-04
0.00000000e+00,2.24939952e-04,4.49879882e-04,6.74819836e-04
0.00000000e+00,2.83237338e-04,5.66474741e-04,8.49712300e-04
0.00000000e+00,2.54202969e-04,5.08406000e-04,7.62609112e-04
0.00000000e+00,2.84332038e-04,5.68664141e-04,8.52996408e-04
0.00000000e+00,2.82985730e-04,5.65971503e-04,8.48957312e-04
0.00000000e+00,3.33333333e-04,6.66666667e-04,1.00000000e-03
0.00000000e+00,3.10659520e-04,6.21319025e-04,9.31978657e-04
0.00000000e+00,3.33333333e-04,6.66666667e-04,1.00000000e-03
0.00000000e+00,3.33333333e-04,6.66666667e-04,1.00000000e-03
0.00000000e+00,0.00000000e+00,0.00000000e+00,0.00000000e+00
0.00000000e+00,5.40744436e-05,1.08148666e-04,1.62222766e-04
0.00000000e+00,0.00000000e+00,0.00000000e+00,0.00000000e+00
0.00000000e+00,0.00000000e+00,0.00000000e+00,0.00000000e+00
0.00000000e+00,2.45414187e-05,4.90827196e-05,7.36239544e-05
0.00000000e+00,5.17598667e-05,1.03519560e-04,1.55279136e-04
0.00000000e+00,5.38917109e-05,1.07783272e-04,1.61674769e-04
0.00000000e+00,1.09856922e-04,2.19713542e-04,3.29570089e-04
0.00000000e+00,8.18518992e-05,1.63703559e-04,2.45555103e-04
0.00000000e+00,1.09116273e-04,2.18232339e-04,3.27348336e-04
0.00000000e+00,1.09877832e-04,2.19755465e-04,3.29632981e-04
0.00000000e+00,1.66666871e-04,3.33333507e-04,5.00000009e-04
0.00000000e+00,1.38216804e-04,2.76433359e-04,4.14649819e-04
0.00000000e+00,1.66666836e-04,3.33333470e-04,5.00000000e-04
0.00000000e+00,1.66666798e-04,3.33333454e-04,5.00000004e-04
0.00000000e+00,2.23476591e-04,4.46953219e-04,6.70429928e-04
0.00000000e+00,1.95116807e-04,3.90233508e-04,5.85350197e-04
0.00000000e+00,2.24217214e-04,4.48434431e-04,6.72651701e-04
0.00000000e+00,2.23455724e-04,4.46911401e-04,6.70367028e-04
0.00000000e+00,2.79259011e-04,5.58518083e-04,8.37777245e-04
0.00000000e+00,2.51481539e-04,5.02963201e-04,7.54444909e-04
0.00000000e+00,2.81573558e-04,5.63147158e-04,8.44720867e-04
0.00000000e+00,2.79441686e-04,5.58883445e-04,8.38325246e-04
0.00000000e+00,3.33333333e-04,6.66666667e-04,1.00000000e-03
0.00000000e+00,3.08792019e-04,6.17584014e-04,9.26376046e-04
0.00000000e+00,3.33333333e-04,6.66666667e-04,1.00000000e-03
0.00000000e+00,3.33333333e-04,6.66666667e-04,1.00000000e-03
0.00000000e+00,0.00000000e+00,0.00000000e+00,0.00000000e+00
0.00000000e+00,5.87609367e-05,1.17521603e-04,1.76282270e-04
0.00000000e+00,0.00000000e+00,0.00000000e+00,0.00000000e+00
0.00000000e+00,0.00000000e+00,0.00000000e+00,0.00000000e+00
0.00000000e+00,3.22599070e-05,6.45196489e-05,9.67793940e-05
0.00000000e+00,5.57922401e-05,1.11584242e-04,1.67376180e-04
0.00000000e+00,5.85885966e-05,1.17177000e-04,1.75765379e-04
0.00000000e+00,1.11212518e-04,2.22424796e-04,3.33637182e-04
0.00000000e+00,8.46771641e-05,1.69354056e-04,2.54030962e-04
0.00000000e+00,1.10740806e-04,2.21481321e-04,3.32221858e-04
0.00000000e+00,1.11254598e-04,2.22508973e-04,3.33763324e-04
0.00000000e+00,1.66666755e-04,3.33333366e-04,5.00000065e-04
0.00000000e+00,1.38772286e-04,2.77544317e-04,4.16316466e-04
0.00000000e+00,1.66666810e-04,3.33333445e-04,5.00000041e-04
0.00000000e+00,1.66666763e-04,3.33333444e-04,5.00000017e-04
0.00000000e+00,2.22120851e-04,4.44241836e-04,6.66362817e-04
0.00000000e+00,1.94561188e-04,3.89122384e-04,5.83683591e-04
0.00000000e+00,2.22592653e-04,4.45185369e-04,6.67778141e-04
0.00000000e+00,2.22078898e-04,4.44157827e-04,6.66236681e-04
0.00000000e+00,2.74572469e-04,5.49145066e-04,8.23717773e-04
0.00000000e+00,2.48656237e-04,4.97312624e-04,7.45969055e-04
0.00000000e+00,2.77541194e-04,5.55082482e-04,8.32623849e-04
0.00000000e+00,2.74744810e-04,5.49489694e-04,8.24234650e-04
0.00000000e+00,3.33333333e-04,6.66666667e-04,1.00000000e-03
0.00000000e+00,3.01073458e-04,6.02146998e-04,9.03220631e-04
0.00000000e+00,3.33333333e-04,6.66666667e-04,1.00000000e-03
0.00000000e+00,3.33333333e-04,6.66666667e-04,1.00000000e-03
0.00000000e+00,0.00000000e+00,0.00000000e+00,0.00000000e+00
0.00000000e+00,4.79524132e-05,9.59048670e-05,1.43857247e-04
0.00000000e+00,0.00000000e+00,0.00000000e+00,0.00000000e+00
0.00000000e+00,0.00000000e+00,0.00000000e+00,0.00000000e+00
0.00000000e+00,2.17075020e-05,4.34150395e-05,6.51225325e-05
0.00000000e+00,4.73837961e-05,9.47675700e-05,1.42151266e-04
0.00000000e+00,4.79777148e-05,9.59553962e-05,1.43933047e-04
0.00000000e+00,1.06642465e-04,2.13284896e-04,3.19927336e-04
0.00000000e+00,7.67722524e-05,1.53544457e-04,2.30316609e-04
0.00000000e+00,1.06059676e-04,2.12119265e-04,3.18178888e-04
0.00000000e+00,1.06657628e-04,2.13315189e-04,3.19972746e-04
0.00000000e+00,1.66666719e-04,3.33333377e-04,5.00000031e-04
0.00000000e+00,1.36634183e-04,2.73268298e-04,4.09902391e-04
0.00000000e+00,1.66666736e-04,3.33333409e-04,5.00000052e-04
0.00000000e+00,1.66666723e-04,3.33333396e-04,5.00000029e-04
0.00000000e+00,2.26690928e-04,4.53381795e-04,6.80072723e-04
0.00000000e+00,1.96699239e-04,3.93398420e-04,5.90097667e-04
0.00000000e+00,2.27273778e-04,4.54547449e-04,6.81821235e-04
0.00000000e+00,2.26675792e-04,4.53351533e-04,6.80027327e-04
0.00000000e+00,2.85380763e-04,5.70761669e-04,8.56142785e-04
0.00000000e+00,2.56561098e-04,5.13122209e-04,7.69683466e-04
0.00000000e+00,2.85949552e-04,5.71899090e-04,8.57848773e-04
0.00000000e+00,2.85355565e-04,5.70711198e-04,8.56066985e-04
0.00000000e+00,3.33333333e-04,6.66666667e-04,1.00000000e-03
0.00000000e+00,3.11625756e-04,6.23251558e-04,9.34877500e-04
0.00000000e+00,3.33333333e-04,6.66666667e-04,1.00000000e-03
0.00000000e+00,3.33333333e-04,6.66666667e-04,1.00000000e-03
0.00000000e+00,0.00000000e+00,0.00000000e+00,0.00000000e+00
0.00000000e+00,4.97626864e-05,9.95252605e-05,1.49287704e-04
0.00000000e+00,0.00000000e+00,0.00000000e+00,0.00000000e+00
0.00000000e+00,0.00000000e+00,0.00000000e+00,0.00000000e+00
0.00000000e+00,2.25190208e-05,4.50379826e-05,6.75568556e-05
0.00000000e+00,4.87001198e-05,9.74001988e-05,1.46100179e-04
0.00000000e+00,4.97088836e-05,9.94176757e-05,1.49126369e-04
0.00000000e+00,1.08062994e-04,2.16125905e-04,3.24188687e-04
0.00000000e+00,7.88130684e-05,1.57626063e-04,2.36438931e-04
0.00000000e+00,1.07311627e-04,2.14623208e-04,3.21934742e-04
0.00000000e+00,1.08000750e-04,2.16001352e-04,3.24001885e-04
0.00000000e+00,1.66666886e-04,3.33333494e-04,5.00000014e-04
0.00000000e+00,1.37391296e-04,2.74782427e-04,4.12173496e-04
0.00000000e+00,1.66666802e-04,3.33333436e-04,5.00000023e-04
0.00000000e+00,1.66666765e-04,3.33333402e-04,5.00000023e-04
0.00000000e+00,2.25270530e-04,4.50540972e-04,6.75811404e-04
0.00000000e+00,1.95942293e-04,3.91884429e-04,5.87826566e-04
0.00000000e+00,2.26021804e-04,4.52043554e-04,6.78065342e-04
0.00000000e+00,2.25332761e-04,4.50665444e-04,6.75998164e-04
0.00000000e+00,2.83570678e-04,5.67141412e-04,8.50712352e-04
0.00000000e+00,2.54520339e-04,5.09040693e-04,7.63561142e-04
0.00000000e+00,2.84633175e-04,5.69266422e-04,8.53899856e-04
0.00000000e+00,2.83624495e-04,5.67249025e-04,8.50873666e-04
0.00000000e+00,3.33333333e-04,6.66666667e-04,1.00000000e-03
0.00000000e+00,3.10814305e-04,6.21628677e-04,9.32443169e-04
0.00000000e+00,3.33333333e-04,6.66666667e-04,1.00000000e-03
0.00000000e+00,3.33333333e-04,6.66666667e-04,1.00000000e-03
0.00000000e+00,0.00000000e+00,0.00000000e+00,0.00000000e+00
0.00000000e+00,5.37724634e-05,1.07544741e-04,1.61316856e-04
0.00000000e+00,0.00000000e+00,0.00000000e+00,0.00000000e+00
0.00000000e+00,0.00000000e+00,0.00000000e+00,0.00000000e+00
0.00000000e+00,2.43083163e-05,4.86165253e-05,7.29246402e-05
0.00000000e+00,5.14188253e-05,1.02837497e-04,1.54256018e-04
0.00000000e+00,5.33497589e-05,1.06699352e-04,1.60048827e-04
0.00000000e+00,1.09745547e-04,2.19490887e-04,3.29235983e-04
0.00000000e+00,8.16627750e-05,1.63325318e-04,2.44987631e-04
0.00000000e+00,1.08953683e-04,2.17907218e-04,3.26860524e-04
0.00000000e+00,1.09658538e-04,2.19316911e-04,3.28975198e-04
0.00000000e+00,1.66666812e-04,3.33333469e-04,5.00000019e-04
0.00000000e+00,1.38170479e-04,2.76340745e-04,4.14510857e-04
0.00000000e+00,1.66666846e-04,3.33333475e-04,5.00000015e-04
0.00000000e+00,1.66666791e-04,3.33333425e-04,5.00000019e-04
0.00000000e+00,2.23588022e-04,4.47176010e-04,6.70763985e-04
0.00000000e+00,1.95163112e-04,3.90326142e-04,5.85489160e-04
0.00000000e+00,2.24379909e-04,4.48759719e-04,6.73139494e-04
0.00000000e+00,2.23674951e-04,4.47349871e-04,6.71024830e-04
0.00000000e+00,2.79560982e-04,5.59122004e-04,8.38683164e-04
0.00000000e+00,2.51670742e-04,5.03341519e-04,7.55012359e-04
0.00000000e+00,2.81914618e-04,5.63829252e-04,8.45744012e-04
0.00000000e+00,2.79983664e-04,5.59967361e-04,8.39951186e-04
0.00000000e+00,3.33333333e-04,6.66666667e-04,1.00000000e-03
0.00000000e+00,3.09025055e-04,6.18050164e-04,9.27075374e-04
0.00000000e+00,3.33333333e-04,6.66666667e-04,1.00000000e-03
0.00000000e+00,3.33333333e-04,6.66666667e-04,1.00000000e-03
0.00000000e+00,0.00000000e+00,0.00000000e+00,0.00000000e+00
0.00000000e+00,5.88134274e-05,1.17626589e-04,1.76439742e-04
0.00000000e+00,0.00000000e+00,0.00000000e+00,0.00000000e+00
0.00000000e+00,0.00000000e+00,0.00000000e+00,0.00000000e+00
0.00000000e+00,3.21413448e-05,6.42825320e-05,9.64236889e-05
0.00000000e+00,5.55985851e-05,1.11196949e-04,1.66795252e-04
0.00000000e+00,5.86738320e-05,1.17347421e-04,1.76020930e-04
0.00000000e+00,1.11206428e-04,2.22412557e-04,3.33618866e-04
0.00000000e+00,8.47112405e-05,1.69422217e-04,2.54133240e-04
0.00000000e+00,1.10698219e-04,2.21396181e-04,3.32094122e-04
0.00000000e+00,1.11247391e-04,2.22494571e-04,3.33741702e-04
0.00000000e+00,1.66666768e-04,3.33333413e-04,5.00000074e-04
0.00000000e+00,1.38764737e-04,2.77529271e-04,4.16293933e-04
0.00000000e+00,1.66666795e-04,3.33333444e-04,5.00000048e-04
0.00000000e+00,1.66666739e-04,3.33333368e-04,5.00000030e-04
0.00000000e+00,2.22126696e-04,4.44253837e-04,6.66381147e-04
0.00000000e+00,1.94568561e-04,3.89137317e-04,5.83706169e-04
0.00000000e+00,2.22635096e-04,4.45270441e-04,6.67905864e-04
0.00000000e+00,2.22086012e-04,4.44172148e-04,6.66258340e-04
0.00000000e+00,2.74519803e-04,5.49039906e-04,8.23560354e-04
0.00000000e+00,2.48621973e-04,4.97244253e-04,7.45866796e-04
0.00000000e+00,2.77734770e-04,5.55469678e-04,8.33204804e-04
0.00000000e+00,2.74659546e-04,5.49319270e-04,8.23979082e-04
0.00000000e+00,3.33333333e-04,6.66666667e-04,1.00000000e-03
0.00000000e+00,3.01191996e-04,6.02384089e-04,9.03576367e-04
0.00000000e+00,3.33333333e-04,6.66666667e-04,1.00000000e-03
0.00000000e+00,3.33333333e-04,6.66666667e-04,1.00000000e-03
0.00000000e+00,0.00000000e+00,0.00000000e+00,0.00000000e+00
0.00000000e+00,4.82161714e-05,9.64323343e-05,1.44648453e-04
0.00000000e+00,0.00000000e+00,0.00000000e+00,0.00000000e+00
0.00000000e+00,0.00000000e+00,0.00000000e+00,0.00000000e+00
0.00000000e+00,2.18121872e-05,4.36243444e-05,6.54364843e-05
0.00000000e+00,4.76100737e-05,9.52200837e-05,1.42830090e-04
0.00000000e+00,4.79777127e-05,9.59554212e-05,1.43933049e-04
0.00000000e+00,1.06887041e-04,2.13773855e-04,3.20660597e-04
0.00000000e+00,7.70879562e-05,1.54175715e-04,2.31263432e-04
0.00000000e+00,1.06301829e-04,2.12603480e-04,3.18905077e-04
0.00000000e+00,1.06657652e-04,2.13315218e-04,3.19972741e-04
0.00000000e+00,1.66666770e-04,3.33333338e-04,5.00000001e-04
0.00000000e+00,1.36764875e-04,2.73529576e-04,4.10294254e-04
0.00000000e+00,1.66666739e-04,3.33333359e-04,5.00000022e-04
0.00000000e+00,1.66666780e-04,3.33333404e-04,5.00000014e-04
0.00000000e+00,2.26446411e-04,4.52892841e-04,6.79339414e-04
0.00000000e+00,1.96568609e-04,3.93137146e-04,5.89705748e-04
0.00000000e+00,2.27031632e-04,4.54063266e-04,6.81095010e-04
0.00000000e+00,2.26675769e-04,4.53351478e-04,6.80027310e-04
0.00000000e+00,2.85117037e-04,5.70234206e-04,8.55351592e-04
0.00000000e+00,2.56245435e-04,5.12490934e-04,7.68736622e-04
0.00000000e+00,2.85723137e-04,5.71446449e-04,8.57169952e-04
0.00000000e+00,2.85355545e-04,5.70711179e-04,8.56066980e-04
0.00000000e+00,3.33333333e-04,6.66666667e-04,1.00000000e-03
0.00000000e+00,3.11521098e-04,6.23042268e-04,9.34563555e-04
0.00000000e+00,3.33333333e-04,6.66666667e-04,1.00000000e-03
0.00000000e+00,3.33333333e-04,6.66666667e-04,1.00000000e-03
0.00000000e+00,0.00000000e+00,0.00000000e+00,0.00000000e+00
0.00000000e+00,5.00959683e-05,1.00191886e-04,1.50287699e-04
0.00000000e+00,0.00000000e+00,0.00000000e+00,0.00000000e+00
0.00000000e+00,0.00000000e+00,0.00000000e+00,0.00000000e+00
0.00000000e+00,2.26738349e-05,4.53476055e-05,6.80213430e-05
0.00000000e+00,4.90012330e-05,9.80024757e-05,1.47003617e-04
0.00000000e+00,4.97088787e-05,9.94176782e-05,1.49126370e-04
0.00000000e+00,1.08265758e-04,2.16531492e-04,3.24797063e-04
0.00000000e+00,7.91303797e-05,1.58260725e-04,2.37390919e-04
0.00000000e+00,1.07546608e-04,2.15093092e-04,3.22639472e-04
0.00000000e+00,1.08000762e-04,2.16001391e-04,3.24001887e-04
0.00000000e+00,1.66666930e-04,3.33333514e-04,5.00000052e-04
0.00000000e+00,1.37492919e-04,2.74985564e-04,4.12478122e-04
0.00000000e+00,1.66666852e-04,3.33333410e-04,5.00000029e-04
0.00000000e+00,1.66666818e-04,3.33333437e-04,5.00000025e-04
0.00000000e+00,2.25067623e-04,4.50135252e-04,6.75203010e-04
0.00000000e+00,1.95840759e-04,3.91681356e-04,5.87521953e-04
0.00000000e+00,2.25786772e-04,4.51573603e-04,6.77360574e-04
0.00000000e+00,2.25332717e-04,4.50665397e-04,6.75998175e-04
0.00000000e+00,2.83237343e-04,5.66474744e-04,8.49712319e-04
0.00000000e+00,2.54202986e-04,5.08405986e-04,7.62609117e-04
0.00000000e+00,2.84332035e-04,5.68664124e-04,8.52996412e-04
0.00000000e+00,2.83624474e-04,5.67249002e-04,8.50873669e-04
0.00000000e+00,3.33333333e-04,6.66666667e-04,1.00000000e-03
0.00000000e+00,3.10659456e-04,6.21319006e-04,9.31978675e-04
0.00000000e+00,3.33333333e-04,6.66666667e-04,1.00000000e-03
0.00000000e+00,3.33333333e-04,6.66666667e-04,1.00000000e-03
0.00000000e+00,0.00000000e+00,0.00000000e+00,0.00000000e+00
0.00000000e+00,5.40744677e-05,1.08148697e-04,1.62222740e-04
0.00000000e+00,0.00000000e+00,0.00000000e+00,0.00000000e+00
0.00000000e+00,0.00000000e+00,0.00000000e+00,0.00000000e+00
0.00000000e+00,2.45414083e-05,4.90827164e-05,7.36239453e-05
0.00000000e+00,5.17598705e-05,1.03519569e-04,1.55279110e-04
0.00000000e+00,5.33497671e-05,1.06699374e-04,1.60048821e-04
0.00000000e+00,1.09856907e-04,2.19713628e-04,3.29570067e-04
0.00000000e+00,8.18519054e-05,1.63703608e-04,2.45555089e-04
0.00000000e+00,1.09116235e-04,2.18232395e-04,3.27348325e-04
0.00000000e+00,1.09658546e-04,2.19316922e-04,3.28975192e-04
0.00000000e+00,1.66666820e-04,3.33333456e-04,5.00000027e-04
0.00000000e+00,1.38216763e-04,2.76433385e-04,4.14649826e-04
0.00000000e+00,1.66666880e-04,3.33333496e-04,5.00000033e-04
0.00000000e+00,1.66666803e-04,3.33333423e-04,5.00000016e-04
0.00000000e+00,2.23476686e-04,4.46953279e-04,6.70429890e-04
0.00000000e+00,1.95116841e-04,3.90233520e-04,5.85350181e-04
0.00000000e+00,2.24217251e-04,4.48434443e-04,6.72651707e-04
0.00000000e+00,2.23674907e-04,4.47349849e-04,6.71024833e-04
0.00000000e+00,2.79258942e-04,5.58518061e-04,8.37777245e-04
0.00000000e+00,2.51481583e-04,5.02963197e-04,7.54444896e-04
0.00000000e+00,2.81573536e-04,5.63147158e-04,8.44720879e-04
0.00000000e+00,2.79983627e-04,5.59967353e-04,8.39951194e-04
0.00000000e+00,3.33333333e-04,6.66666667e-04,1.00000000e-03
0.00000000e+00,3.08791925e-04,6.17583976e-04,9.26376046e-04
0.00000000e+00,3.33333333e-04,6.66666667e-04,1.00000000e-03
0.00000000e+00,3.33333333e-04,6.66666667e-04,1.00000000e-03
0.00000000e+00,0.00000000e+00,0.00000000e+00,0.00000000e+00
0.00000000e+00,5.87609207e-05,1.17521648e-04,1.76282275e-04
0.00000000e+00,0.00000000e+00,0.00000000e+00,0.00000000e+00
0.00000000e+00,0.00000000e+00,0.00000000e+00,0.00000000e+00
0.00000000e+00,3.22599091e-05,6.45196850e-05,9.67793901e-05
0.00000000e+00,5.57922405e-05,1.11584278e-04,1.67376174e-04
0.00000000e+00,5.86738331e-05,1.17347433e-04,1.76020931e-04
0.00000000e+00,1.11212532e-04,2.22424847e-04,3.33637182e-04
0.00000000e+00,8.46772130e-05,1.69354145e-04,2.54030952e-04
0.00000000e+00,1.10740803e-04,2.21481392e-04,3.32221841e-04
0.00000000e+00,1.11247432e-04,2.22494596e-04,3.33741696e-04
0.00000000e+00,1.66666715e-04,3.33333264e-04,5.00000116e-04
0.00000000e+00,1.38772253e-04,2.77544300e-04,4.16316497e-04
0.00000000e+00,1.66666754e-04,3.33333361e-04,5.00000079e-04
0.00000000e+00,1.66666694e-04,3.33333345e-04,5.00000042e-04
0.00000000e+00,2.22120689e-04,4.44241678e-04,6.66362810e-04
0.00000000e+00,1.94561101e-04,3.89122238e-04,5.83683621e-04
0.00000000e+00,2.22592617e-04,4.45185316e-04,6.67778117e-04
0.00000000e+00,2.22086006e-04,4.44172133e-04,6.66258334e-04
0.00000000e+00,2.74572436e-04,5.49145038e-04,8.23717752e-04
0.00000000e+00,2.48656181e-04,4.97312574e-04,7.45969036e-04
0.00000000e+00,2.77541143e-04,5.55082454e-04,8.32623840e-04
0.00000000e+00,2.74659516e-04,5.49319220e-04,8.23979084e-04
0.00000000e+00,3.33333333e-04,6.66666667e-04,1.00000000e-03
0.00000000e+00,3.01073370e-04,6.02146961e-04,9.03220624e-04
0.00000000e+00,3.33333333e-04,6.66666667e-04,1.00000000e-03
0.00000000e+00,3.33333333e-04,6.66666667e-04,1.00000000e-03
0.00000000e+00,0.00000000e+00,0.00000000e+00,0.00000000e+00
0.00000000e+00,4.84987679e-05,9.69973942e-05,1.45495948e-04
0.00000000e+00,1.07133741e-04,2.14267232e-04,3.21400636e-04
0.00000000e+00,1.66666717e-04,3.33333334e-04,4.99999984e-04
0.00000000e+00,2.26199767e-04,4.52399516e-04,6.78599383e-04
0.00000000e+00,2.84834649e-04,5.69669313e-04,8.54504098e-04
0.00000000e+00,3.33333333e-04,6.66666667e-04,1.00000000e-03
0.00000000e+00,0.00000000e+00,0.00000000e+00,0.00000000e+00
0.00000000e+00,5.03476420e-05,1.00695210e-04,1.51042689e-04
0.00000000e+00,1.08393541e-04,2.16786946e-04,3.25180193e-04
0.00000000e+00,1.66666840e-04,3.33333455e-04,5.00000023e-04
0.00000000e+00,2.24940027e-04,4.49879884e-04,6.74819835e-04
0.00000000e+00,2.82985729e-04,5.65971446e-04,8.48957338e-04
0.00000000e+00,3.33333333e-04,6.66666667e-04,1.00000000e-03
0.00000000e+00,0.00000000e+00,0.00000000e+00,0.00000000e+00
0.00000000e+00,5.38917048e-05,1.07783288e-04,1.61674764e-04
0.00000000e+00,1.09877809e-04,2.19755488e-04,3.29632975e-04
0.00000000e+00,1.66666817e-04,3.33333448e-04,5.00000024e-04
0.00000000e+00,2.23455720e-04,4.46911335e-04,6.70367032e-04
0.00000000e+00,2.79441691e-04,5.58883439e-04,8.38325252e-04
0.00000000e+00,3.33333333e-04,6.66666667e-04,1.00000000e-03
0.00000000e+00,0.00000000e+00,0.00000000e+00,0.00000000e+00
0.00000000e+00,5.85885924e-05,1.17177045e-04,1.75765369e-04
0.00000000e+00,1.11254576e-04,2.22509010e-04,3.33763323e-04
0.00000000e+00,1.66666706e-04,3.33333328e-04,5.00000021e-04
0.00000000e+00,2.22078872e-04,4.44157756e-04,6.66236704e-04
0.00000000e+00,2.74744827e-04,5.49489713e-04,8.24234627e-04
0.00000000e+00,3.33333333e-04,6.66666667e-04,1.00000000e-03
