0.00000000e+00,0.00000000e+00,0.00000000e+00,0.00000000e+00
0.00000000e+00,0.00000000e+00,0.00000000e+00,0.00000000e+00
0.00000000e+00,0.00000000e+00,0.00000000e+00,0.00000000e+00
0.00000000e+00,0.00000000e+00,0.00000000e+00,0.00000000e+00
0.00000000e+00,5.25096360e-06,1.05041093e-05,1.57549714e-05
0.00000000e+00,1.07410696e-05,2.14843110e-05,3.22252727e-05
0.00000000e+00,1.09977581e-05,2.19986913e-05,3.29960961e-05
0.00000000e+00,5.37110501e-06,1.07452601e-05,1.61160226e-05
0.00000000e+00,0.00000000e+00,0.00000000e+00,0.00000000e+00
0.00000000e+00,0.00000000e+00,0.00000000e+00,0.00000000e+00
0.00000000e+00,0.00000000e+00,0.00000000e+00,0.00000000e+00
0.00000000e+00,0.00000000e+00,0.00000000e+00,0.00000000e+00
0.00000000e+00,2.88892829e-06,5.77890438e-06,8.66776842e-06
0.00000000e+00,5.95540490e-06,1.19118158e-05,1.78671466e-05
0.00000000e+00,6.15316855e-06,1.23078784e-05,1.84608526e-05
0.00000000e+00,2.97847332e-06,5.95847978e-06,8.93676806e-06
0.00000000e+00,7.94998532e-06,1.59021626e-05,2.38520490e-05
0.00000000e+00,1.08469082e-05,2.16964735e-05,3.25431542e-05
0.00000000e+00,8.13533070e-06,1.62737897e-05,2.44087772e-05
0.00000000e+00,5.29999639e-06,1.06026066e-05,1.59023864e-05
0.00000000e+00,0.00000000e+00,0.00000000e+00,0.00000000e+00
0.00000000e+00,4.38734736e-06,8.77571906e-06,1.31629969e-05
0.00000000e+00,6.03619554e-06,1.20736449e-05,1.81097069e-05
0.00000000e+00,4.52724350e-06,9.05604192e-06,1.35830995e-05
0.00000000e+00,2.92521369e-06,5.85170642e-06,8.77679682e-06
0.00000000e+00,8.02579428e-06,1.60542318e-05,2.40798060e-05
0.00000000e+00,4.44406671e-06,8.88939569e-06,1.33333347e-05
0.00000000e+00,7.72251349e-06,1.54488642e-05,2.31711779e-05
0.00000000e+00,1.54657897e-05,3.09353909e-05,4.64009642e-05
0.00000000e+00,1.54715882e-05,3.09484787e-05,4.64194565e-05
0.00000000e+00,7.73171662e-06,1.54686506e-05,2.31997696e-05
0.00000000e+00,6.84511829e-06,1.36933617e-05,2.05383310e-05
0.00000000e+00,1.38329536e-05,2.76690003e-05,4.15017957e-05
0.00000000e+00,1.39682552e-05,2.79409514e-05,4.19087034e-05
0.00000000e+00,6.91601791e-06,1.38363611e-05,2.07519034e-05
0.00000000e+00,1.15917961e-05,2.31874332e-05,3.47790225e-05
0.00000000e+00,1.54698499e-05,3.09442235e-05,4.64136628e-05
0.00000000e+00,1.16018358e-05,2.32089699e-05,3.48102055e-05
0.00000000e+00,7.72705575e-06,1.54586417e-05,2.31853048e-05
0.00000000e+00,1.03131517e-05,2.06294240e-05,3.09424251e-05
0.00000000e+00,1.38908147e-05,2.77853768e-05,4.16758677e-05
0.00000000e+00,1.04178405e-05,2.08400809e-05,3.12574431e-05
0.00000000e+00,6.87492952e-06,1.37535809e-05,2.06282042e-05
0.00000000e+00,1.15971204e-05,2.31987896e-05,3.47955133e-05
0.00000000e+00,1.03573607e-05,2.07184723e-05,3.10755220e-05
0.00000000e+00,8.20957429e-06,1.64236259e-05,2.46330125e-05
0.00000000e+00,1.63305247e-05,3.26656413e-05,4.89959425e-05
0.00000000e+00,1.62372844e-05,3.24804795e-05,4.87170664e-05
0.00000000e+00,8.16373780e-06,1.63333930e-05,2.44964968e-05
0.00000000e+00,8.10225524e-06,1.62087866e-05,2.43108311e-05
0.00000000e+00,1.61445583e-05,3.22934181e-05,4.84377385e-05
0.00000000e+00,1.60762600e-05,3.21583212e-05,4.82338965e-05
0.00000000e+00,8.07080438e-06,1.61473859e-05,2.42175371e-05
0.00000000e+00,1.22871551e-05,2.45788372e-05,3.68657874e-05
0.00000000e+00,1.62914781e-05,3.25881874e-05,4.88792047e-05
0.00000000e+00,1.22178492e-05,2.44416161e-05,3.66587995e-05
0.00000000e+00,8.19062810e-06,1.63864497e-05,2.45766703e-05
0.00000000e+00,1.21355153e-05,2.42753246e-05,3.64106136e-05
0.00000000e+00,1.61164832e-05,3.22380124e-05,4.83540292e-05
0.00000000e+00,1.20866522e-05,2.41790873e-05,3.62650794e-05
0.00000000e+00,8.08950820e-06,1.61840346e-05,2.42731120e-05
0.00000000e+00,1.22584354e-05,2.45220762e-05,3.67800775e-05
0.00000000e+00,1.21156471e-05,2.42363328e-05,3.63515317e-05
0.00000000e+00,7.72248605e-06,1.54488791e-05,2.31712161e-05
0.00000000e+00,1.54656976e-05,3.09355324e-05,4.64010534e-05
0.00000000e+00,1.54716893e-05,3.09483778e-05,4.64194588e-05
0.00000000e+00,7.73176341e-06,1.54685504e-05,2.31997859e-05
0.00000000e+00,8.10220884e-06,1.62088059e-05,2.43108537e-05
0.00000000e+00,1.61444645e-05,3.22935160e-05,4.84377864e-05
0.00000000e+00,1.60763188e-05,3.21582634e-05,4.82338833e-05
0.00000000e+00,8.07082017e-06,1.61473188e-05,2.42175439e-05
0.00000000e+00,1.15917545e-05,2.31874879e-05,3.47790693e-05
0.00000000e+00,1.54698504e-05,3.09442552e-05,4.64137101e-05
0.00000000e+00,1.16019457e-05,2.32088222e-05,3.48101970e-05
0.00000000e+00,7.72706180e-06,1.54586032e-05,2.31853316e-05
0.00000000e+00,1.21354456e-05,2.42753731e-05,3.64106399e-05
0.00000000e+00,1.61164570e-05,3.22380217e-05,4.83540489e-05
0.00000000e+00,1.20867069e-05,2.41790030e-05,3.62650694e-05
0.00000000e+00,8.08949169e-06,1.61840062e-05,2.42731243e-05
0.00000000e+00,1.15971302e-05,2.31987734e-05,3.47955419e-05
0.00000000e+00,1.21156312e-05,2.42363101e-05,3.63515423e-05
0.00000000e+00,5.25094150e-06,1.05041403e-05,1.57550307e-05
0.00000000e+00,1.07410840e-05,2.14843764e-05,3.22253447e-05
0.00000000e+00,1.09978199e-05,2.19986350e-05,3.29961407e-05
0.00000000e+00,5.37112770e-06,1.07451854e-05,1.61160476e-05
0.00000000e+00,6.84512530e-06,1.36933702e-05,2.05383743e-05
0.00000000e+00,1.38329381e-05,2.76691222e-05,4.15018762e-05
0.00000000e+00,1.39683969e-05,2.79408054e-05,4.19087160e-05
0.00000000e+00,6.91605000e-06,1.38362583e-05,2.07519196e-05
0.00000000e+00,7.94996368e-06,1.59022272e-05,2.38521198e-05
0.00000000e+00,1.08469473e-05,2.16964760e-05,3.25432076e-05
0.00000000e+00,8.13536808e-06,1.62737145e-05,2.44088016e-05
0.00000000e+00,5.30001096e-06,1.06025753e-05,1.59024218e-05
0.00000000e+00,1.03131598e-05,2.06294741e-05,3.09424779e-05
0.00000000e+00,1.38908715e-05,2.77853881e-05,4.16759196e-05
0.00000000e+00,1.04179325e-05,2.08399322e-05,3.12574464e-05
0.00000000e+00,6.87495663e-06,1.37535346e-05,2.06282334e-05
0.00000000e+00,8.02582041e-06,1.60542102e-05,2.40798473e-05
0.00000000e+00,1.03574149e-05,2.07184362e-05,3.10755525e-05
0.00000000e+00,0.00000000e+00,0.00000000e+00,0.00000000e+00
0.00000000e+00,0.00000000e+00,0.00000000e+00,0.00000000e+00
0.00000000e+00,0.00000000e+00,0.00000000e+00,0.00000000e+00
0.00000000e+00,0.00000000e+00,0.00000000e+00,0.00000000e+00
0.00000000e+00,2.88892256e-06,5.77891282e-06,8.66780069e-06
0.00000000e+00,5.95541828e-06,1.19118236e-05,1.78671829e-05
0.00000000e+00,6.15319723e-06,1.23078491e-05,1.84608791e-05
0.00000000e+00,2.97847746e-06,5.95845489e-06,8.93679654e-06
0.00000000e+00,0.00000000e+00,0.00000000e+00,0.00000000e+00
0.00000000e+00,0.00000000e+00,0.00000000e+00,0.00000000e+00
0.00000000e+00,0.00000000e+00,0.00000000e+00,0.00000000e+00
0.00000000e+00,0.00000000e+00,0.00000000e+00,0.00000000e+00
0.00000000e+00,4.38734176e-06,8.77573383e-06,1.31630313e-05
0.00000000e+00,6.03621273e-06,1.20736472e-05,1.81097478e-05
0.00000000e+00,4.52726090e-06,9.05601365e-06,1.35831265e-05
0.00000000e+00,2.92520537e-06,5.85170405e-06,8.77683028e-06
0.00000000e+00,0.00000000e+00,0.00000000e+00,0.00000000e+00
0.00000000e+00,4.44406751e-06,8.88939570e-06,1.33333702e-05
0.00000000e+00,0.00000000e+00,0.00000000e+00,0.00000000e+00
0.00000000e+00,0.00000000e+00,0.00000000e+00,0.00000000e+00
0.00000000e+00,-7.55093261e-10,6.34860742e-10,-2.33221086e-10
0.00000000e+00,-1.02720459e-09,8.88178119e-10,-4.86899809e-10
0.00000000e+00,0.00000000e+00,0.00000000e+00,0.00000000e+00
0.00000000e+00,0.00000000e+00,0.00000000e+00,0.00000000e+00
0.00000000e+00,0.00000000e+00,0.00000000e+00,0.00000000e+00
0.00000000e+00,-3.76473257e-10,3.09911843e-10,-1.27485838e-10
0.00000000e+00,-5.24595349e-10,4.46306383e-10,-2.63366309e-10
0.00000000e+00,2.61078269e-06,5.22372846e-06,7.83440569e-06
0.00000000e+00,2.66981319e-06,5.34261233e-06,8.01207627e-06
0.00000000e+00,-8.94557752e-10,7.61347648e-10,-3.58081072e-10
0.00000000e+00,0.00000000e+00,0.00000000e+00,0.00000000e+00
0.00000000e+00,1.43377820e-06,2.86862114e-06,4.30233813e-06
0.00000000e+00,1.47748247e-06,2.95648559e-06,4.43377826e-06
0.00000000e+00,-4.49324285e-10,3.75526914e-10,-1.94566695e-10
0.00000000e+00,2.63482185e-06,5.27222063e-06,7.90682342e-06
0.00000000e+00,1.45145762e-06,2.90419147e-06,4.35552725e-06
0.00000000e+00,-1.32790932e-09,1.15403838e-09,-3.74158007e-10
0.00000000e+00,-1.77028960e-09,1.57754577e-09,-7.99180592e-10
0.00000000e+00,-1.08056902e-09,9.30375389e-10,-3.17925136e-10
0.00000000e+00,-1.47045111e-09,1.27491286e-09,-6.70840472e-10
0.00000000e+00,3.85894130e-06,7.72171354e-06,1.15804565e-05
0.00000000e+00,3.86409374e-06,7.73337582e-06,1.15968664e-05
0.00000000e+00,-1.55334399e-09,1.36558043e-09,-5.86938284e-10
0.00000000e+00,3.41298256e-06,6.82907799e-06,1.02419047e-05
0.00000000e+00,3.44862051e-06,6.90150516e-06,1.03496452e-05
0.00000000e+00,-1.27477229e-09,1.10012275e-09,-4.93606541e-10
0.00000000e+00,3.86141106e-06,7.72731898e-06,1.15883368e-05
0.00000000e+00,3.42789971e-06,6.85948659e-06,1.02870781e-05
0.00000000e+00,-1.55387175e-09,1.31570811e-09,-3.94724976e-10
0.00000000e+00,-2.07710137e-09,1.79064310e-09,-8.82010202e-10
0.00000000e+00,-1.49396351e-09,1.28688933e-09,-3.97561891e-10
0.00000000e+00,-1.99239286e-09,1.75024983e-09,-8.78200050e-10
0.00000000e+00,4.10952840e-06,8.22350942e-06,1.23328703e-05
0.00000000e+00,4.08649939e-06,8.17893963e-06,1.22648212e-05
0.00000000e+00,-1.81433586e-09,1.54855831e-09,-6.40174608e-10
0.00000000e+00,4.05398804e-06,8.11224565e-06,1.21660337e-05
0.00000000e+00,4.03839145e-06,8.08254585e-06,1.21202821e-05
0.00000000e+00,-1.74187769e-09,1.51410583e-09,-6.37146750e-10
0.00000000e+00,4.10002157e-06,8.20522265e-06,1.23048598e-05
0.00000000e+00,4.04766629e-06,8.10033603e-06,1.21475853e-05
0.00000000e+00,-1.34769659e-09,1.11391164e-09,-3.34311497e-10
0.00000000e+00,-1.78846750e-09,1.51064305e-09,-7.56041915e-10
0.00000000e+00,-1.51198224e-09,1.26542300e-09,-3.75941126e-10
0.00000000e+00,-2.00750180e-09,1.70375909e-09,-8.57795485e-10
0.00000000e+00,3.85892298e-06,7.72169220e-06,1.15804923e-05
0.00000000e+00,3.86411589e-06,7.73329793e-06,1.15968980e-05
0.00000000e+00,-1.56652246e-09,1.30951018e-09,-5.44844286e-10
0.00000000e+00,4.05395436e-06,8.11224469e-06,1.21660559e-05
0.00000000e+00,4.03837652e-06,8.08250002e-06,1.21203052e-05
0.00000000e+00,-1.76149822e-09,1.48559862e-09,-6.15254665e-10
0.00000000e+00,3.86140318e-06,7.72727389e-06,1.15883708e-05
0.00000000e+00,4.04764724e-06,8.10030660e-06,1.21476015e-05
0.00000000e+00,-7.57932927e-10,6.01057938e-10,-1.89564612e-10
0.00000000e+00,-1.04784964e-09,8.33079011e-10,-4.43095181e-10
0.00000000e+00,-1.09254457e-09,8.83470260e-10,-2.72058590e-10
0.00000000e+00,-1.48689625e-09,1.21531556e-09,-6.30044170e-10
0.00000000e+00,2.61076106e-06,5.22373829e-06,7.83446168e-06
0.00000000e+00,2.66980456e-06,5.34254945e-06,8.01210752e-06
0.00000000e+00,-9.01839576e-10,7.17033912e-10,-3.15099929e-10
0.00000000e+00,3.41297458e-06,6.82906109e-06,1.02419489e-05
0.00000000e+00,3.44860197e-06,6.90144363e-06,1.03496766e-05
0.00000000e+00,-1.29027603e-09,1.04730403e-09,-4.49013838e-10
0.00000000e+00,2.63482830e-06,5.27218079e-06,7.90685637e-06
0.00000000e+00,3.42790143e-06,6.85943725e-06,1.02871132e-05
0.00000000e+00,0.00000000e+00,0.00000000e+00,0.00000000e+00
0.00000000e+00,0.00000000e+00,0.00000000e+00,0.00000000e+00
0.00000000e+00,-3.89596516e-10,2.97760113e-10,-1.00911059e-10
0.00000000e+00,-5.36839332e-10,4.26836188e-10,-2.36481782e-10
0.00000000e+00,0.00000000e+00,0.00000000e+00,0.00000000e+00
0.00000000e+00,0.00000000e+00,0.00000000e+00,0.00000000e+00
0.00000000e+00,0.00000000e+00,0.00000000e+00,0.00000000e+00
0.00000000e+00,1.43377225e-06,2.86861753e-06,4.30236557e-06
0.00000000e+00,1.47749011e-06,2.95644897e-06,4.43380275e-06
0.00000000e+00,-4.65807613e-10,3.62152726e-10,-1.66753936e-10
0.00000000e+00,0.00000000e+00,0.00000000e+00,0.00000000e+00
0.00000000e+00,1.45144107e-06,2.90418584e-06,4.35555926e-06
0.00000000e+00,0.00000000e+00,0.00000000e+00,0.00000000e+00
0.00000000e+00,0.00000000e+00,0.00000000e+00,0.00000000e+00
0.00000000e+00,-5.25246795e-06,-1.05028186e-05,-1.57554341e-05
0.00000000e+00,-5.37317963e-06,-1.07434617e-05,-1.61170016e-05
0.00000000e+00,0.00000000e+00,0.00000000e+00,0.00000000e+00
0.00000000e+00,0.00000000e+00,0.00000000e+00,0.00000000e+00
0.00000000e+00,0.00000000e+00,0.00000000e+00,0.00000000e+00
0.00000000e+00,-2.88966611e-06,-5.77828313e-06,-8.66801782e-06
0.00000000e+00,-2.97953428e-06,-5.95758473e-06,-8.93729403e-06
0.00000000e+00,-2.61229186e-06,-5.22245338e-06,-7.83487149e-06
0.00000000e+00,-2.67187365e-06,-5.34082325e-06,-8.01305618e-06
0.00000000e+00,-5.30178626e-06,-1.06010656e-05,-1.59031021e-05
0.00000000e+00,0.00000000e+00,0.00000000e+00,0.00000000e+00
0.00000000e+00,-1.43452784e-06,-2.86800016e-06,-4.30259208e-06
0.00000000e+00,-1.47854089e-06,-2.95558598e-06,-4.43430914e-06
0.00000000e+00,-2.92610566e-06,-5.85095394e-06,-8.77718117e-06
0.00000000e+00,-2.63661196e-06,-5.27069431e-06,-7.90753800e-06
0.00000000e+00,-1.45235461e-06,-2.90344188e-06,-4.35591497e-06
0.00000000e+00,-7.72515616e-06,-1.54465276e-05,-2.31719177e-05
0.00000000e+00,-7.73528289e-06,-1.54654702e-05,-2.32013656e-05
0.00000000e+00,-6.84726731e-06,-1.36914803e-05,-2.05389637e-05
0.00000000e+00,-6.91897135e-06,-1.38337866e-05,-2.07532479e-05
0.00000000e+00,-3.86159437e-06,-7.71939603e-06,-1.15812033e-05
0.00000000e+00,-3.86765445e-06,-7.73020437e-06,-1.15984723e-05
0.00000000e+00,-7.73016592e-06,-1.54558812e-05,-2.31864690e-05
0.00000000e+00,-3.41514125e-06,-6.82720936e-06,-1.02425399e-05
0.00000000e+00,-3.45157880e-06,-6.89893969e-06,-1.03509958e-05
0.00000000e+00,-6.87747433e-06,-1.37513563e-05,-2.06291889e-05
0.00000000e+00,-3.86451558e-06,-7.72458293e-06,-1.15895083e-05
0.00000000e+00,-3.43044938e-06,-6.85728196e-06,-1.02880632e-05
0.00000000e+00,-8.21265974e-06,-1.64209710e-05,-2.46337913e-05
0.00000000e+00,-8.16790154e-06,-1.63297884e-05,-2.44982567e-05
0.00000000e+00,-8.10522218e-06,-1.62061889e-05,-2.43116117e-05
0.00000000e+00,-8.07480980e-06,-1.61438518e-05,-2.42192813e-05
0.00000000e+00,-4.11263313e-06,-8.22087091e-06,-1.23336550e-05
0.00000000e+00,-4.09066759e-06,-8.17534543e-06,-1.22665946e-05
0.00000000e+00,-8.19424687e-06,-1.63833273e-05,-2.45779373e-05
0.00000000e+00,-4.05697201e-06,-8.10966490e-06,-1.21668265e-05
0.00000000e+00,-4.04239192e-06,-8.07902199e-06,-1.21220502e-05
0.00000000e+00,-8.09298909e-06,-1.61809744e-05,-2.42743689e-05
0.00000000e+00,-4.10364713e-06,-8.20212132e-06,-1.23061358e-05
0.00000000e+00,-4.05114874e-06,-8.09730229e-06,-1.21488541e-05
0.00000000e+00,-7.72516301e-06,-1.54466341e-05,-2.31718746e-05
0.00000000e+00,-7.73532633e-06,-1.54655396e-05,-2.32012989e-05
0.00000000e+00,-8.10520112e-06,-1.62062610e-05,-2.43115982e-05
0.00000000e+00,-8.07483799e-06,-1.61438929e-05,-2.42192470e-05
0.00000000e+00,-3.86161815e-06,-7.71945457e-06,-1.15811537e-05
0.00000000e+00,-3.86768819e-06,-7.73027648e-06,-1.15984245e-05
0.00000000e+00,-7.73017728e-06,-1.54559737e-05,-2.31864153e-05
0.00000000e+00,-4.05697261e-06,-8.10970671e-06,-1.21668060e-05
0.00000000e+00,-4.04240625e-06,-8.07907144e-06,-1.21220311e-05
0.00000000e+00,-8.09299660e-06,-1.61810233e-05,-2.42743428e-05
0.00000000e+00,-3.86453404e-06,-7.72465087e-06,-1.15894560e-05
0.00000000e+00,-4.05116570e-06,-8.09733568e-06,-1.21488283e-05
0.00000000e+00,-5.25245385e-06,-1.05029405e-05,-1.57554099e-05
0.00000000e+00,-5.37319415e-06,-1.07435254e-05,-1.61169386e-05
0.00000000e+00,-6.84727870e-06,-1.36916018e-05,-2.05389175e-05
0.00000000e+00,-6.91900077e-06,-1.38338375e-05,-2.07531771e-05
0.00000000e+00,-2.61227824e-06,-5.22253319e-06,-7.83483737e-06
0.00000000e+00,-2.67190845e-06,-5.34087124e-06,-8.01300035e-06
0.00000000e+00,-5.30179620e-06,-1.06011465e-05,-1.59030531e-05
0.00000000e+00,-3.41515155e-06,-6.82729250e-06,-1.02424934e-05
0.00000000e+00,-3.45157528e-06,-6.89901022e-06,-1.03509489e-05
0.00000000e+00,-6.87750507e-06,-1.37514451e-05,-2.06291262e-05
0.00000000e+00,-2.63662612e-06,-5.27074850e-06,-7.90748557e-06
0.00000000e+00,-3.43047419e-06,-6.85734760e-06,-1.02880103e-05
0.00000000e+00,0.00000000e+00,0.00000000e+00,0.00000000e+00
0.00000000e+00,0.00000000e+00,0.00000000e+00,0.00000000e+00
0.00000000e+00,-2.88968648e-06,-5.77832683e-06,-8.66800108e-06
0.00000000e+00,-2.97954719e-06,-5.95760084e-06,-8.93727277e-06
0.00000000e+00,0.00000000e+00,0.00000000e+00,0.00000000e+00
0.00000000e+00,0.00000000e+00,0.00000000e+00,0.00000000e+00
0.00000000e+00,0.00000000e+00,0.00000000e+00,0.00000000e+00
0.00000000e+00,-1.43454840e-06,-2.86802682e-06,-4.30256974e-06
0.00000000e+00,-1.47857535e-06,-2.95558684e-06,-4.43427888e-06
0.00000000e+00,-2.92611763e-06,-5.85099173e-06,-8.77716403e-06
0.00000000e+00,0.00000000e+00,0.00000000e+00,0.00000000e+00
0.00000000e+00,-1.45236731e-06,-2.90346622e-06,-4.35589308e-06
0.00000000e+00,0.00000000e+00,0.00000000e+00,0.00000000e+00
0.00000000e+00,0.00000000e+00,0.00000000e+00,0.00000000e+00
0.00000000e+00,-1.07425328e-05,-2.14829939e-05,-3.22257260e-05
0.00000000e+00,-1.09998436e-05,-2.19968206e-05,-3.29970776e-05
0.00000000e+00,0.00000000e+00,0.00000000e+00,0.00000000e+00
0.00000000e+00,0.00000000e+00,0.00000000e+00,0.00000000e+00
0.00000000e+00,0.00000000e+00,0.00000000e+00,0.00000000e+00
0.00000000e+00,-5.95611101e-06,-1.19111929e-05,-1.78673814e-05
0.00000000e+00,-6.15420984e-06,-1.23069736e-05,-1.84613694e-05
0.00000000e+00,-7.95147915e-06,-1.59008516e-05,-2.38525072e-05
0.00000000e+00,-8.13742755e-06,-1.62719572e-05,-2.44097591e-05
0.00000000e+00,-1.08486629e-05,-2.16948922e-05,-3.25438630e-05
0.00000000e+00,0.00000000e+00,0.00000000e+00,0.00000000e+00
0.00000000e+00,-4.38806999e-06,-8.77509689e-06,-1.31632392e-05
0.00000000e+00,-4.52831108e-06,-9.05513947e-06,-1.35836223e-05
0.00000000e+00,-6.03705049e-06,-1.20728920e-05,-1.81100782e-05
0.00000000e+00,-8.02757462e-06,-1.60526687e-05,-2.40805194e-05
0.00000000e+00,-4.44494224e-06,-8.88864403e-06,-1.33337123e-05
0.00000000e+00,-1.54683829e-05,-3.09329988e-05,-4.64016789e-05
0.00000000e+00,-1.54751667e-05,-3.09452151e-05,-4.64210359e-05
0.00000000e+00,-1.38350579e-05,-2.76670753e-05,-4.15024148e-05
0.00000000e+00,-1.39711987e-05,-2.79382776e-05,-4.19100434e-05
0.00000000e+00,-1.15944188e-05,-2.31850619e-05,-3.47797531e-05
0.00000000e+00,-1.16054281e-05,-2.32057492e-05,-3.48118001e-05
0.00000000e+00,-1.54729208e-05,-3.09413990e-05,-4.64147950e-05
0.00000000e+00,-1.03152840e-05,-2.06275195e-05,-3.09430568e-05
0.00000000e+00,-1.04207994e-05,-2.08374735e-05,-3.12587835e-05
0.00000000e+00,-1.38933221e-05,-2.77830856e-05,-4.16768402e-05
0.00000000e+00,-1.16002202e-05,-2.31959944e-05,-3.47966628e-05
0.00000000e+00,-1.03598969e-05,-2.07162133e-05,-3.10765039e-05
0.00000000e+00,-1.63335310e-05,-3.26629368e-05,-4.89966840e-05
0.00000000e+00,-1.62413939e-05,-3.24768148e-05,-4.87188086e-05
0.00000000e+00,-1.61474569e-05,-3.22907713e-05,-4.84384834e-05
0.00000000e+00,-1.60802511e-05,-3.21547051e-05,-4.82356123e-05
0.00000000e+00,-1.22902100e-05,-2.45761571e-05,-3.68665482e-05
0.00000000e+00,-1.22220181e-05,-2.44379806e-05,-3.66605564e-05
0.00000000e+00,-1.62950144e-05,-3.25850176e-05,-4.88804313e-05
0.00000000e+00,-1.21384620e-05,-2.42726939e-05,-3.64113796e-05
0.00000000e+00,-1.20906610e-05,-2.41755271e-05,-3.62668078e-05
0.00000000e+00,-1.61199139e-05,-3.22348793e-05,-4.83552472e-05
0.00000000e+00,-1.22620246e-05,-2.45189318e-05,-3.67813263e-05
0.00000000e+00,-1.21191187e-05,-2.42332338e-05,-3.63527705e-05
0.00000000e+00,-1.54683353e-05,-3.09332499e-05,-4.64016723e-05
0.00000000e+00,-1.54751696e-05,-3.09453583e-05,-4.64209655e-05
0.00000000e+00,-1.61473648e-05,-3.22909417e-05,-4.84384987e-05
0.00000000e+00,-1.60802579e-05,-3.21547887e-05,-4.82355637e-05
0.00000000e+00,-1.15944122e-05,-2.31852219e-05,-3.47797149e-05
0.00000000e+00,-1.16054779e-05,-2.32058126e-05,-3.48117103e-05
0.00000000e+00,-1.54728855e-05,-3.09416098e-05,-4.64147552e-05
0.00000000e+00,-1.21384059e-05,-2.42728091e-05,-3.64113787e-05
0.00000000e+00,-1.20907075e-05,-2.41755653e-05,-3.62667542e-05
0.00000000e+00,-1.61198614e-05,-3.22350094e-05,-4.83552364e-05
0.00000000e+00,-1.16002191e-05,-2.31961348e-05,-3.47966142e-05
0.00000000e+00,-1.21191023e-05,-2.42333095e-05,-3.63527494e-05
0.00000000e+00,-1.07425429e-05,-2.14831781e-05,-3.22257093e-05
0.00000000e+00,-1.09998455e-05,-2.19969419e-05,-3.29970302e-05
0.00000000e+00,-1.38350412e-05,-2.76673243e-05,-4.15023946e-05
0.00000000e+00,-1.39712364e-05,-2.79384075e-05,-4.19099527e-05
0.00000000e+00,-7.95147213e-06,-1.59010091e-05,-2.38524882e-05
0.00000000e+00,-8.13741427e-06,-1.62720532e-05,-2.44097033e-05
0.00000000e+00,-1.08486830e-05,-2.16950328e-05,-3.25438236e-05
0.00000000e+00,-1.03152833e-05,-2.06276984e-05,-3.09430208e-05
0.00000000e+00,-1.04208387e-05,-2.08375342e-05,-3.12586950e-05
0.00000000e+00,-1.38933421e-05,-2.77832835e-05,-4.16767817e-05
0.00000000e+00,-8.02758429e-06,-1.60527840e-05,-2.40804763e-05
0.00000000e+00,-1.03599261e-05,-2.07163445e-05,-3.10764360e-05
0.00000000e+00,0.00000000e+00,0.00000000e+00,0.00000000e+00
0.00000000e+00,0.00000000e+00,0.00000000e+00,0.00000000e+00
0.00000000e+00,-5.95614980e-06,-1.19112454e-05,-1.78673751e-05
0.00000000e+00,-6.15421665e-06,-1.23070231e-05,-1.84613574e-05
0.00000000e+00,0.00000000e+00,0.00000000e+00,0.00000000e+00
0.00000000e+00,0.00000000e+00,0.00000000e+00,0.00000000e+00
0.00000000e+00,0.00000000e+00,0.00000000e+00,0.00000000e+00
0.00000000e+00,-4.38809608e-06,-8.77514933e-06,-1.31632283e-05
0.00000000e+00,-4.52831418e-06,-9.05517392e-06,-1.35836078e-05
0.00000000e+00,-6.03705843e-06,-1.20729598e-05,-1.81100754e-05
0.00000000e+00,0.00000000e+00,0.00000000e+00,0.00000000e+00
0.00000000e+00,-4.44495236e-06,-8.88869604e-06,-1.33337009e-05
0.00000000e+00,0.00000000e+00,0.00000000e+00,0.00000000e+00
0.00000000e+00,0.00000000e+00,0.00000000e+00,0.00000000e+00
0.00000000e+00,5.21302742e-06,1.04274286e-05,1.56405672e-05
0.00000000e+00,1.06593605e-05,2.13200919e-05,3.19795769e-05
0.00000000e+00,0.00000000e+00,0.00000000e+00,0.00000000e+00
0.00000000e+00,0.00000000e+00,0.00000000e+00,0.00000000e+00
0.00000000e+00,0.00000000e+00,0.00000000e+00,0.00000000e+00
0.00000000e+00,2.86114690e-06,5.72292146e-06,8.58411586e-06
0.00000000e+00,5.89397228e-06,1.17885273e-05,1.76825441e-05
0.00000000e+00,7.89127551e-06,1.57839258e-05,2.36753211e-05
0.00000000e+00,1.06808056e-05,2.13633744e-05,3.20441931e-05
0.00000000e+00,5.22244457e-06,1.04466593e-05,1.56691102e-05
0.00000000e+00,0.00000000e+00,0.00000000e+00,0.00000000e+00
0.00000000e+00,4.34393589e-06,8.68847191e-06,1.30324528e-05
0.00000000e+00,5.91021165e-06,1.18211994e-05,1.77313948e-05
0.00000000e+00,2.86806231e-06,5.73695437e-06,8.60500676e-06
0.00000000e+00,7.90593856e-06,1.58136506e-05,2.37196006e-05
0.00000000e+00,4.35480423e-06,8.71040828e-06,1.30651986e-05
0.00000000e+00,7.71833484e-06,1.54391971e-05,2.31577055e-05
0.00000000e+00,1.54611410e-05,3.09247889e-05,4.63860750e-05
0.00000000e+00,6.82124037e-06,1.36444783e-05,2.04658666e-05
0.00000000e+00,1.37864144e-05,2.75748159e-05,4.13613717e-05
0.00000000e+00,1.15865538e-05,2.31756416e-05,3.47623585e-05
0.00000000e+00,1.54622889e-05,3.09277600e-05,4.63900172e-05
0.00000000e+00,7.71929378e-06,1.54417763e-05,2.31610614e-05
0.00000000e+00,1.02775756e-05,2.05571481e-05,3.08348689e-05
0.00000000e+00,1.37986796e-05,2.75998785e-05,4.13985512e-05
0.00000000e+00,6.82714968e-06,1.36568511e-05,2.04839997e-05
0.00000000e+00,1.15877995e-05,2.31787875e-05,3.47665683e-05
0.00000000e+00,1.02864636e-05,2.05754711e-05,3.08619338e-05
0.00000000e+00,8.22475950e-06,1.64525727e-05,2.46775524e-05
0.00000000e+00,1.63615308e-05,3.27261877e-05,4.90878930e-05
0.00000000e+00,8.11226858e-06,1.62273790e-05,2.43398391e-05
0.00000000e+00,1.61663404e-05,3.23355474e-05,4.85020445e-05
0.00000000e+00,1.23100771e-05,2.46232525e-05,3.69335265e-05
0.00000000e+00,1.63532027e-05,3.27102753e-05,4.90634583e-05
0.00000000e+00,8.22082462e-06,1.64454383e-05,2.46662870e-05
0.00000000e+00,1.21510114e-05,2.43048689e-05,3.64560496e-05
0.00000000e+00,1.61604858e-05,3.23245419e-05,4.84849912e-05
0.00000000e+00,8.10965185e-06,1.62228518e-05,2.43324924e-05
0.00000000e+00,1.23041830e-05,2.46121983e-05,3.69163853e-05
0.00000000e+00,1.21470087e-05,2.42975776e-05,3.64445620e-05
0.00000000e+00,7.71825508e-06,1.54392859e-05,2.31577593e-05
0.00000000e+00,1.54610346e-05,3.09249680e-05,4.63861591e-05
0.00000000e+00,8.11218210e-06,1.62274552e-05,2.43398798e-05
0.00000000e+00,1.61662147e-05,3.23356966e-05,4.85021101e-05
0.00000000e+00,1.15864572e-05,2.31757851e-05,3.47624335e-05
0.00000000e+00,1.54621945e-05,3.09279245e-05,4.63901106e-05
0.00000000e+00,7.71924111e-06,1.54418337e-05,2.31611107e-05
0.00000000e+00,1.21508911e-05,2.43049900e-05,3.64561069e-05
0.00000000e+00,1.61603709e-05,3.23246746e-05,4.84850485e-05
0.00000000e+00,8.10957983e-06,1.62229061e-05,2.43325268e-05
0.00000000e+00,1.15877214e-05,2.31789026e-05,3.47666391e-05
0.00000000e+00,1.21469101e-05,2.42976717e-05,3.64446067e-05
0.00000000e+00,5.21298961e-06,1.04275045e-05,1.56406257e-05
0.00000000e+00,1.06593256e-05,2.13202275e-05,3.19796508e-05
0.00000000e+00,6.82119356e-06,1.36445654e-05,2.04659205e-05
0.00000000e+00,1.37863405e-05,2.75750013e-05,4.13614572e-05
0.00000000e+00,7.89121909e-06,1.57840642e-05,2.36754000e-05
0.00000000e+00,1.06808030e-05,2.13634827e-05,3.20442715e-05
0.00000000e+00,5.22241388e-06,1.04467165e-05,1.56691730e-05
0.00000000e+00,1.02775219e-05,2.05572819e-05,3.08349364e-05
0.00000000e+00,1.37986198e-05,2.76000438e-05,4.13986376e-05
0.00000000e+00,6.82712537e-06,1.36569065e-05,2.04840514e-05
0.00000000e+00,7.90590940e-06,1.58137447e-05,2.37196755e-05
0.00000000e+00,1.02864324e-05,2.05755773e-05,3.08619983e-05
0.00000000e+00,0.00000000e+00,0.00000000e+00,0.00000000e+00
0.00000000e+00,0.00000000e+00,0.00000000e+00,0.00000000e+00
0.00000000e+00,2.86113946e-06,5.72294701e-06,8.58414913e-06
0.00000000e+00,5.89397221e-06,1.17885988e-05,1.76825930e-05
0.00000000e+00,0.00000000e+00,0.00000000e+00,0.00000000e+00
0.00000000e+00,0.00000000e+00,0.00000000e+00,0.00000000e+00
0.00000000e+00,0.00000000e+00,0.00000000e+00,0.00000000e+00
0.00000000e+00,4.34393819e-06,8.68851460e-06,1.30324922e-05
0.00000000e+00,5.91021735e-06,1.18212354e-05,1.77314338e-05
0.00000000e+00,2.86805598e-06,5.73697339e-06,8.60504152e-06
0.00000000e+00,0.00000000e+00,0.00000000e+00,0.00000000e+00
0.00000000e+00,4.35480265e-06,8.71044011e-06,1.30652374e-05
0.00000000e+00,0.00000000e+00,0.00000000e+00,0.00000000e+00
0.00000000e+00,-4.91028030e-10,3.97256553e-10,4.68882516e-12
0.00000000e+00,0.00000000e+00,0.00000000e+00,0.00000000e+00
0.00000000e+00,0.00000000e+00,0.00000000e+00,0.00000000e+00
0.00000000e+00,-2.37019395e-10,1.87378496e-10,-1.71506561e-12
0.00000000e+00,2.59227803e-06,5.18593415e-06,7.77831793e-06
0.00000000e+00,-6.21785467e-10,5.16900806e-10,-1.13041209e-10
0.00000000e+00,0.00000000e+00,0.00000000e+00,0.00000000e+00
0.00000000e+00,1.42028437e-06,2.84121888e-06,4.26155224e-06
0.00000000e+00,-3.04605512e-10,2.48108792e-10,-6.41367516e-11
0.00000000e+00,2.59682181e-06,5.19541241e-06,7.79223509e-06
0.00000000e+00,1.42361145e-06,2.84807302e-06,4.27167700e-06
0.00000000e+00,-8.92386739e-10,7.45991398e-10,3.36736019e-11
0.00000000e+00,-7.12440172e-10,5.90933268e-10,1.75726481e-11
0.00000000e+00,3.85682987e-06,7.71619786e-06,1.15732094e-05
0.00000000e+00,-1.11354734e-09,9.52578806e-10,-1.68450032e-10
0.00000000e+00,3.40116155e-06,6.80432809e-06,1.02056352e-05
0.00000000e+00,-8.93553525e-10,7.60706326e-10,-1.48786929e-10
0.00000000e+00,3.85725760e-06,7.71770690e-06,1.15749610e-05
0.00000000e+00,3.40402994e-06,6.81061252e-06,1.02146378e-05
0.00000000e+00,-1.05342418e-09,8.67609862e-10,6.84403343e-11
0.00000000e+00,-1.01017096e-09,8.38518551e-10,5.21831290e-11
0.00000000e+00,4.11728113e-06,8.23758217e-06,1.23551048e-05
0.00000000e+00,-1.30631507e-09,1.09370620e-09,-1.59403416e-10
0.00000000e+00,4.05908879e-06,8.12101737e-06,1.21803144e-05
0.00000000e+00,-1.24901552e-09,1.06292019e-09,-1.70782229e-10
0.00000000e+00,4.11521897e-06,8.23418533e-06,1.23494460e-05
0.00000000e+00,4.05770231e-06,8.11895075e-06,1.21766561e-05
0.00000000e+00,-9.24601196e-10,7.32207383e-10,6.15482981e-11
0.00000000e+00,-1.02797935e-09,8.36428824e-10,6.84440982e-11
0.00000000e+00,3.85677428e-06,7.71623005e-06,1.15732466e-05
0.00000000e+00,-1.13722612e-09,9.25912844e-10,-1.34088604e-10
0.00000000e+00,4.05903384e-06,8.12105581e-06,1.21803447e-05
0.00000000e+00,-1.26752543e-09,1.05013647e-09,-1.52071415e-10
0.00000000e+00,3.85722533e-06,7.71771439e-06,1.15749974e-05
0.00000000e+00,4.05765493e-06,8.11897296e-06,1.21766842e-05
0.00000000e+00,-4.88739654e-10,3.63883720e-10,3.37953019e-11
0.00000000e+00,-7.32153677e-10,5.72137603e-10,4.99101947e-11
0.00000000e+00,2.59225579e-06,5.18595630e-06,7.77836391e-06
0.00000000e+00,-6.22262527e-10,4.78847740e-10,-7.68251978e-11
0.00000000e+00,3.40112176e-06,6.80436774e-06,1.02056799e-05
0.00000000e+00,-9.06935456e-10,7.23538125e-10,-1.10120785e-10
0.00000000e+00,2.59679304e-06,5.19542646e-06,7.79228731e-06
0.00000000e+00,3.40400543e-06,6.81062380e-06,1.02146819e-05
0.00000000e+00,0.00000000e+00,0.00000000e+00,0.00000000e+00
0.00000000e+00,-2.44419549e-10,1.72132810e-10,2.05998187e-11
0.00000000e+00,0.00000000e+00,0.00000000e+00,0.00000000e+00
0.00000000e+00,0.00000000e+00,0.00000000e+00,0.00000000e+00
0.00000000e+00,1.42027937e-06,2.84122039e-06,4.26157775e-06
0.00000000e+00,-3.18092885e-10,2.36090181e-10,-3.76715640e-11
0.00000000e+00,0.00000000e+00,0.00000000e+00,0.00000000e+00
0.00000000e+00,1.42360605e-06,2.84807275e-06,4.27170557e-06
0.00000000e+00,0.00000000e+00,0.00000000e+00,0.00000000e+00
0.00000000e+00,-5.21401061e-06,-1.04266180e-05,-1.56405562e-05
0.00000000e+00,0.00000000e+00,0.00000000e+00,0.00000000e+00
0.00000000e+00,0.00000000e+00,0.00000000e+00,0.00000000e+00
0.00000000e+00,-2.86161194e-06,-5.72254572e-06,-8.58411711e-06
0.00000000e+00,-2.59326277e-06,-5.18513423e-06,-7.77830898e-06
0.00000000e+00,-5.22368374e-06,-1.04456085e-05,-1.56693324e-05
0.00000000e+00,0.00000000e+00,0.00000000e+00,0.00000000e+00
0.00000000e+00,-1.42075541e-06,-2.84084402e-06,-4.26155522e-06
0.00000000e+00,-2.86866034e-06,-5.73645573e-06,-8.60513045e-06
0.00000000e+00,-2.59806610e-06,-5.19437300e-06,-7.79245935e-06
0.00000000e+00,-1.42421733e-06,-2.84757659e-06,-4.27180438e-06
0.00000000e+00,-7.72011039e-06,-1.54376861e-05,-2.31576401e-05
0.00000000e+00,-6.82265595e-06,-1.36432842e-05,-2.04658340e-05
0.00000000e+00,-3.85861798e-06,-7.71469694e-06,-1.15731428e-05
0.00000000e+00,-7.72150102e-06,-1.54398525e-05,-2.31613926e-05
0.00000000e+00,-3.40258215e-06,-6.80314294e-06,-1.02056006e-05
0.00000000e+00,-6.82892645e-06,-1.36553122e-05,-2.04842972e-05
0.00000000e+00,-3.85948156e-06,-7.71579652e-06,-1.15752959e-05
0.00000000e+00,-3.40581626e-06,-6.80908583e-06,-1.02149352e-05
0.00000000e+00,-8.22684399e-06,-1.64508234e-05,-2.46774169e-05
0.00000000e+00,-8.11426315e-06,-1.62256837e-05,-2.43397310e-05
0.00000000e+00,-4.11938754e-06,-8.23583981e-06,-1.23549667e-05
0.00000000e+00,-8.22340645e-06,-1.64432364e-05,-2.46665994e-05
0.00000000e+00,-4.06110423e-06,-8.11933597e-06,-1.21802097e-05
0.00000000e+00,-8.11212390e-06,-1.62207006e-05,-2.43328230e-05
0.00000000e+00,-4.11782537e-06,-8.23199619e-06,-1.23497630e-05
0.00000000e+00,-4.06019490e-06,-8.11681708e-06,-1.21769947e-05
0.00000000e+00,-7.72010195e-06,-1.54378041e-05,-2.31576375e-05
0.00000000e+00,-8.11422260e-06,-1.62257774e-05,-2.43397442e-05
0.00000000e+00,-3.85863782e-06,-7.71475122e-06,-1.15731203e-05
0.00000000e+00,-7.72149519e-06,-1.54399751e-05,-2.31613752e-05
0.00000000e+00,-4.06108494e-06,-8.11938249e-06,-1.21802094e-05
0.00000000e+00,-8.11208977e-06,-1.62207941e-05,-2.43328265e-05
0.00000000e+00,-3.85949507e-06,-7.71586354e-06,-1.15752667e-05
0.00000000e+00,-4.06018485e-06,-8.11686829e-06,-1.21769870e-05
0.00000000e+00,-5.21398332e-06,-1.04267378e-05,-1.56405494e-05
0.00000000e+00,-6.82264021e-06,-1.36434166e-05,-2.04658244e-05
0.00000000e+00,-2.59324404e-06,-5.18521222e-06,-7.77829113e-06
0.00000000e+00,-5.22365502e-06,-1.04457451e-05,-1.56693220e-05
0.00000000e+00,-3.40257748e-06,-6.80322379e-06,-1.02055823e-05
0.00000000e+00,-6.82892136e-06,-1.36554478e-05,-2.04842717e-05
0.00000000e+00,-2.59803496e-06,-5.19447225e-06,-7.79244238e-06
0.00000000e+00,-3.40581519e-06,-6.80917284e-06,-1.02149013e-05
0.00000000e+00,0.00000000e+00,0.00000000e+00,0.00000000e+00
0.00000000e+00,-2.86162486e-06,-5.72259621e-06,-8.58410419e-06
0.00000000e+00,0.00000000e+00,0.00000000e+00,0.00000000e+00
0.00000000e+00,0.00000000e+00,0.00000000e+00,0.00000000e+00
0.00000000e+00,-1.42076629e-06,-2.84087374e-06,-4.26153529e-06
0.00000000e+00,-2.86868423e-06,-5.73649921e-06,-8.60511340e-06
0.00000000e+00,0.00000000e+00,0.00000000e+00,0.00000000e+00
0.00000000e+00,-1.42424222e-06,-2.84759841e-06,-4.27177837e-06
0.00000000e+00,0.00000000e+00,0.00000000e+00,0.00000000e+00
0.00000000e+00,-1.06603176e-05,-2.13192713e-05,-3.19795625e-05
0.00000000e+00,0.00000000e+00,0.00000000e+00,0.00000000e+00
0.00000000e+00,0.00000000e+00,0.00000000e+00,0.00000000e+00
0.00000000e+00,-5.89442328e-06,-1.17881524e-05,-1.76825405e-05
0.00000000e+00,-7.89224986e-06,-1.57831057e-05,-2.36753080e-05
0.00000000e+00,-1.06820134e-05,-2.13623038e-05,-3.20444119e-05
0.00000000e+00,0.00000000e+00,0.00000000e+00,0.00000000e+00
0.00000000e+00,-4.34439457e-06,-8.68809502e-06,-1.30324518e-05
0.00000000e+00,-5.91078652e-06,-1.18207053e-05,-1.77315099e-05
0.00000000e+00,-7.90717036e-06,-1.58125847e-05,-2.37198202e-05
0.00000000e+00,-4.35538988e-06,-8.70991000e-06,-1.30653166e-05
0.00000000e+00,-1.54628751e-05,-3.09232450e-05,-4.63860092e-05
0.00000000e+00,-1.37878126e-05,-2.75735879e-05,-4.13613396e-05
0.00000000e+00,-1.15883159e-05,-2.31741094e-05,-3.47622927e-05
0.00000000e+00,-1.54644517e-05,-3.09257912e-05,-4.63903408e-05
0.00000000e+00,-1.02789859e-05,-2.05559352e-05,-3.08348380e-05
0.00000000e+00,-1.38004215e-05,-2.75983095e-05,-4.13988389e-05
0.00000000e+00,-1.15899874e-05,-2.31768401e-05,-3.47668946e-05
0.00000000e+00,-1.02882265e-05,-2.05739160e-05,-3.08622279e-05
0.00000000e+00,-1.63635561e-05,-3.27243985e-05,-4.90877548e-05
0.00000000e+00,-1.61682820e-05,-3.23338018e-05,-4.85019339e-05
0.00000000e+00,-1.23121341e-05,-2.46214837e-05,-3.69333893e-05
0.00000000e+00,-1.63557055e-05,-3.27080313e-05,-4.90637546e-05
0.00000000e+00,-1.21529824e-05,-2.43031450e-05,-3.64559390e-05
0.00000000e+00,-1.61628929e-05,-3.23223484e-05,-4.84852992e-05
0.00000000e+00,-1.23067324e-05,-2.46099728e-05,-3.69166871e-05
0.00000000e+00,-1.21494504e-05,-2.42954037e-05,-3.64448805e-05
0.00000000e+00,-1.54628178e-05,-3.09234857e-05,-4.63860348e-05
0.00000000e+00,-1.61682078e-05,-3.23339957e-05,-4.85019699e-05
0.00000000e+00,-1.15882844e-05,-2.31742940e-05,-3.47623072e-05
0.00000000e+00,-1.54644023e-05,-3.09260414e-05,-4.63903553e-05
0.00000000e+00,-1.21529152e-05,-2.43032969e-05,-3.64559677e-05
0.00000000e+00,-1.61628074e-05,-3.23225411e-05,-4.84853255e-05
0.00000000e+00,-1.15899581e-05,-2.31770295e-05,-3.47668941e-05
0.00000000e+00,-1.21493881e-05,-2.42955500e-05,-3.64448976e-05
0.00000000e+00,-1.06603076e-05,-2.13194631e-05,-3.19795674e-05
0.00000000e+00,-1.37877758e-05,-2.75738330e-05,-4.13613620e-05
0.00000000e+00,-7.89221395e-06,-1.57832790e-05,-2.36753148e-05
0.00000000e+00,-1.06820171e-05,-2.13624942e-05,-3.20444075e-05
0.00000000e+00,-1.02789633e-05,-2.05561222e-05,-3.08348431e-05
0.00000000e+00,-1.38003877e-05,-2.75985704e-05,-4.13988458e-05
0.00000000e+00,-7.90714573e-06,-1.58127603e-05,-2.37198169e-05
0.00000000e+00,-1.02882073e-05,-2.05741132e-05,-3.08622184e-05
0.00000000e+00,0.00000000e+00,0.00000000e+00,0.00000000e+00
0.00000000e+00,-5.89442785e-06,-1.17882513e-05,-1.76825444e-05
0.00000000e+00,0.00000000e+00,0.00000000e+00,0.00000000e+00
0.00000000e+00,0.00000000e+00,0.00000000e+00,0.00000000e+00
0.00000000e+00,-4.34441278e-06,-8.68816727e-06,-1.30324446e-05
0.00000000e+00,-5.91082040e-06,-1.18207748e-05,-1.77315029e-05
0.00000000e+00,0.00000000e+00,0.00000000e+00,0.00000000e+00
0.00000000e+00,-4.35541993e-06,-8.70996606e-06,-1.30653062e-05
0.00000000e+00,0.00000000e+00,0.00000000e+00,0.00000000e+00
0.00000000e+00,0.00000000e+00,0.00000000e+00,0.00000000e+00
0.00000000e+00,5.25150652e-06,1.05036049e-05,1.57554465e-05
0.00000000e+00,1.07416132e-05,2.14837914e-05,3.22257442e-05
0.00000000e+00,0.00000000e+00,0.00000000e+00,0.00000000e+00
0.00000000e+00,0.00000000e+00,0.00000000e+00,0.00000000e+00
0.00000000e+00,0.00000000e+00,0.00000000e+00,0.00000000e+00
0.00000000e+00,2.88920427e-06,5.77864473e-06,8.66801768e-06
0.00000000e+00,5.95567993e-06,1.19115446e-05,1.78673845e-05
0.00000000e+00,7.95053687e-06,1.59016469e-05,2.38525215e-05
0.00000000e+00,1.06810750e-05,2.13631229e-05,3.20444263e-05
0.00000000e+00,5.22271011e-06,1.04464134e-05,1.56693446e-05
0.00000000e+00,0.00000000e+00,0.00000000e+00,0.00000000e+00
0.00000000e+00,4.38762603e-06,8.77545331e-06,1.31632416e-05
0.00000000e+00,5.91034354e-06,1.18210669e-05,1.77315132e-05
0.00000000e+00,2.86819751e-06,5.73682603e-06,8.60512941e-06
0.00000000e+00,7.90620757e-06,1.58134006e-05,2.37198343e-05
0.00000000e+00,4.35493995e-06,8.71027782e-06,1.30653179e-05
0.00000000e+00,7.72343533e-06,1.54480087e-05,2.31719847e-05
0.00000000e+00,1.54667031e-05,3.09345251e-05,4.64017443e-05
0.00000000e+00,6.84589056e-06,1.36926548e-05,2.05389989e-05
0.00000000e+00,1.38337205e-05,2.76682843e-05,4.15024492e-05
0.00000000e+00,1.15927221e-05,2.31865644e-05,3.47798159e-05
0.00000000e+00,1.54627422e-05,3.09273298e-05,4.63904060e-05
0.00000000e+00,7.71974897e-06,1.54413533e-05,2.31614598e-05
0.00000000e+00,1.03139300e-05,2.06287100e-05,3.09430909e-05
0.00000000e+00,1.37990553e-05,2.75995281e-05,4.13988720e-05
0.00000000e+00,6.82753103e-06,1.36565003e-05,2.04843300e-05
0.00000000e+00,1.15882522e-05,2.31783620e-05,3.47669592e-05
0.00000000e+00,1.02868453e-05,2.05751206e-05,3.08622602e-05
0.00000000e+00,8.21059749e-06,1.64227021e-05,2.46339363e-05
0.00000000e+00,1.63315201e-05,3.26647177e-05,4.89968497e-05
0.00000000e+00,8.10326375e-06,1.62078584e-05,2.43117226e-05
0.00000000e+00,1.61455494e-05,3.22924783e-05,4.84386012e-05
0.00000000e+00,1.22881653e-05,2.45779179e-05,3.68667052e-05
0.00000000e+00,1.63536906e-05,3.27098231e-05,4.90639085e-05
0.00000000e+00,8.22133022e-06,1.64449845e-05,2.46667432e-05
0.00000000e+00,1.21365301e-05,2.42743797e-05,3.64114933e-05
0.00000000e+00,1.61609749e-05,3.23240768e-05,4.84854119e-05
0.00000000e+00,8.11014954e-06,1.62223914e-05,2.43329334e-05
0.00000000e+00,1.23046803e-05,2.46117473e-05,3.69168385e-05
0.00000000e+00,1.21475047e-05,2.42971148e-05,3.64449945e-05
0.00000000e+00,7.72334954e-06,1.54481107e-05,2.31720259e-05
0.00000000e+00,1.54665191e-05,3.09347792e-05,4.64018365e-05
0.00000000e+00,8.10317747e-06,1.62079393e-05,2.43117557e-05
0.00000000e+00,1.61453811e-05,3.22926732e-05,4.84386653e-05
0.00000000e+00,1.15925952e-05,2.31867351e-05,3.47798745e-05
0.00000000e+00,1.54625979e-05,3.09275508e-05,4.63904976e-05
0.00000000e+00,7.71965767e-06,1.54414563e-05,2.31615101e-05
0.00000000e+00,1.21363983e-05,2.42745158e-05,3.64115395e-05
0.00000000e+00,1.61608237e-05,3.23242518e-05,4.84854783e-05
0.00000000e+00,8.11005923e-06,1.62224793e-05,2.43329726e-05
0.00000000e+00,1.15881263e-05,2.31785299e-05,3.47670333e-05
0.00000000e+00,1.21473763e-05,2.42972512e-05,3.64450471e-05
0.00000000e+00,5.25144756e-06,1.05037144e-05,1.57554943e-05
0.00000000e+00,1.07415575e-05,2.14839696e-05,3.22258102e-05
0.00000000e+00,6.84581331e-06,1.36927548e-05,2.05390361e-05
0.00000000e+00,1.38335819e-05,2.76685324e-05,4.15025367e-05
0.00000000e+00,7.95044438e-06,1.59018147e-05,2.38525851e-05
0.00000000e+00,1.06810388e-05,2.13632875e-05,3.20444999e-05
0.00000000e+00,5.22265494e-06,1.04465131e-05,1.56694003e-05
0.00000000e+00,1.03138206e-05,2.06288788e-05,3.09431469e-05
0.00000000e+00,1.37989410e-05,2.75997508e-05,4.13989646e-05
0.00000000e+00,6.82746568e-06,1.36566033e-05,2.04843788e-05
0.00000000e+00,7.90614194e-06,1.58135516e-05,2.37199041e-05
0.00000000e+00,1.02867592e-05,2.05752809e-05,3.08623279e-05
0.00000000e+00,0.00000000e+00,0.00000000e+00,0.00000000e+00
0.00000000e+00,0.00000000e+00,0.00000000e+00,0.00000000e+00
0.00000000e+00,2.88918797e-06,5.77867964e-06,8.66804107e-06
0.00000000e+00,5.95567638e-06,1.19116057e-05,1.78674147e-05
0.00000000e+00,0.00000000e+00,0.00000000e+00,0.00000000e+00
0.00000000e+00,0.00000000e+00,0.00000000e+00,0.00000000e+00
0.00000000e+00,0.00000000e+00,0.00000000e+00,0.00000000e+00
0.00000000e+00,4.38761009e-06,8.77550322e-06,1.31632702e-05
0.00000000e+00,5.91034504e-06,1.18211319e-05,1.77315526e-05
0.00000000e+00,2.86818464e-06,5.73685615e-06,8.60515912e-06
0.00000000e+00,0.00000000e+00,0.00000000e+00,0.00000000e+00
0.00000000e+00,4.35493076e-06,8.71032760e-06,1.30653543e-05
0.00000000e+00,0.00000000e+00,0.00000000e+00,0.00000000e+00
0.00000000e+00,-2.33868803e-10,1.51901469e-10,2.44732927e-10
0.00000000e+00,0.00000000e+00,0.00000000e+00,0.00000000e+00
0.00000000e+00,0.00000000e+00,0.00000000e+00,0.00000000e+00
0.00000000e+00,-1.05124599e-10,5.86601221e-11,1.24775209e-10
0.00000000e+00,2.61131457e-06,5.22323548e-06,7.83488136e-06
0.00000000e+00,-3.67347072e-10,2.78737245e-10,1.23598791e-10
0.00000000e+00,0.00000000e+00,0.00000000e+00,0.00000000e+00
0.00000000e+00,1.43405246e-06,2.86836520e-06,4.30259022e-06
0.00000000e+00,-1.71190089e-10,1.24245522e-10,6.08667573e-11
0.00000000e+00,2.59707972e-06,5.19517204e-06,7.79246967e-06
0.00000000e+00,1.42374443e-06,2.84794739e-06,4.27180158e-06
0.00000000e+00,-4.37104881e-10,3.13144065e-10,4.44539693e-10
0.00000000e+00,-3.38332365e-10,2.33718247e-10,3.55344619e-10
0.00000000e+00,3.85985015e-06,7.72086458e-06,1.15812731e-05
0.00000000e+00,-6.71053044e-10,5.33548811e-10,2.36771806e-10
0.00000000e+00,3.41374325e-06,6.82837545e-06,1.02425759e-05
0.00000000e+00,-5.25270361e-10,4.14178024e-10,1.84897853e-10
0.00000000e+00,3.85771026e-06,7.71728486e-06,1.15753644e-05
0.00000000e+00,3.40440708e-06,6.81026346e-06,1.02149698e-05
0.00000000e+00,-5.35143498e-10,3.89940088e-10,5.29411407e-10
0.00000000e+00,-5.11388815e-10,3.70818342e-10,5.06245787e-10
0.00000000e+00,4.11055275e-06,8.22258424e-06,1.23337947e-05
0.00000000e+00,-8.00359526e-10,6.34605116e-10,2.94999620e-10
0.00000000e+00,4.05498729e-06,8.11132467e-06,1.21669349e-05
0.00000000e+00,-7.63573577e-10,6.08491747e-10,2.77143059e-10
0.00000000e+00,4.11572911e-06,8.23372819e-06,1.23499016e-05
0.00000000e+00,4.05819445e-06,8.11849514e-06,1.21771025e-05
0.00000000e+00,-4.63697065e-10,3.13692257e-10,4.61494999e-10
0.00000000e+00,-5.28557354e-10,3.73605378e-10,5.16286293e-10
0.00000000e+00,3.85980073e-06,7.72091025e-06,1.15812994e-05
0.00000000e+00,-7.05365324e-10,5.31708086e-10,2.58582207e-10
0.00000000e+00,4.05493916e-06,8.11136393e-06,1.21669571e-05
0.00000000e+00,-7.77291415e-10,6.07373067e-10,2.88834804e-10
0.00000000e+00,3.85765393e-06,7.71732900e-06,1.15753955e-05
0.00000000e+00,4.05814460e-06,8.11853686e-06,1.21771285e-05
0.00000000e+00,-2.29306573e-10,1.44111822e-10,2.66436555e-10
0.00000000e+00,-3.64573860e-10,2.35286598e-10,3.72614438e-10
0.00000000e+00,2.61128094e-06,5.22329126e-06,7.83491841e-06
0.00000000e+00,-3.65699684e-10,2.61574790e-10,1.47216534e-10
0.00000000e+00,3.41368913e-06,6.82842530e-06,1.02426020e-05
0.00000000e+00,-5.50722265e-10,4.09587411e-10,2.09620800e-10
0.00000000e+00,2.59704332e-06,5.19522099e-06,7.79251366e-06
0.00000000e+00,3.40435847e-06,6.81031328e-06,1.02150050e-05
0.00000000e+00,0.00000000e+00,0.00000000e+00,0.00000000e+00
0.00000000e+00,-1.09379520e-10,4.85867975e-11,1.37249288e-10
0.00000000e+00,0.00000000e+00,0.00000000e+00,0.00000000e+00
0.00000000e+00,0.00000000e+00,0.00000000e+00,0.00000000e+00
0.00000000e+00,1.43404360e-06,2.86837348e-06,4.30260550e-06
0.00000000e+00,-1.78606295e-10,1.11315586e-10,7.88038879e-11
0.00000000e+00,0.00000000e+00,0.00000000e+00,0.00000000e+00
0.00000000e+00,1.42373664e-06,2.84795112e-06,4.27182311e-06
0.00000000e+00,0.00000000e+00,0.00000000e+00,0.00000000e+00
0.00000000e+00,-5.25196924e-06,-1.05032979e-05,-1.57549579e-05
0.00000000e+00,0.00000000e+00,0.00000000e+00,0.00000000e+00
0.00000000e+00,0.00000000e+00,0.00000000e+00,0.00000000e+00
0.00000000e+00,-2.88940522e-06,-5.77852910e-06,-8.66776942e-06
0.00000000e+00,-2.61178183e-06,-5.22293049e-06,-7.83439258e-06
0.00000000e+00,-5.22344138e-06,-1.04458457e-05,-1.56690978e-05
0.00000000e+00,0.00000000e+00,0.00000000e+00,0.00000000e+00
0.00000000e+00,-1.43426078e-06,-2.86824864e-06,-4.30234050e-06
0.00000000e+00,-2.86852942e-06,-5.73657849e-06,-8.60500756e-06
0.00000000e+00,-2.59781882e-06,-5.19460775e-06,-7.79222310e-06
0.00000000e+00,-1.42408382e-06,-2.84769936e-06,-4.27167977e-06
0.00000000e+00,-7.72431307e-06,-1.54473686e-05,-2.31711086e-05
0.00000000e+00,-6.84657597e-06,-1.36921736e-05,-2.05382977e-05
0.00000000e+00,-3.86072648e-06,-7.72023489e-06,-1.15803860e-05
0.00000000e+00,-7.72108378e-06,-1.54402691e-05,-2.31609940e-05
0.00000000e+00,-3.41442160e-06,-6.82790477e-06,-1.02418675e-05
0.00000000e+00,-6.82858410e-06,-1.36556578e-05,-2.04839671e-05
0.00000000e+00,-3.85905125e-06,-7.71621245e-06,-1.15748933e-05
0.00000000e+00,-3.40545850e-06,-6.80943214e-06,-1.02146017e-05
0.00000000e+00,-8.21167656e-06,-1.64219010e-05,-2.46328908e-05
0.00000000e+00,-8.10427986e-06,-1.62071070e-05,-2.43107199e-05
0.00000000e+00,-4.11163003e-06,-8.22179626e-06,-1.23327379e-05
0.00000000e+00,-8.22292499e-06,-1.64436967e-05,-2.46661590e-05
0.00000000e+00,-4.05600988e-06,-8.11058051e-06,-1.21659237e-05
0.00000000e+00,-8.11165784e-06,-1.62211600e-05,-2.43323831e-05
0.00000000e+00,-4.11732701e-06,-8.23245486e-06,-1.23493148e-05
0.00000000e+00,-4.05971886e-06,-8.11727346e-06,-1.21765491e-05
0.00000000e+00,-7.72430654e-06,-1.54474534e-05,-2.31711143e-05
0.00000000e+00,-8.10425251e-06,-1.62071695e-05,-2.43107366e-05
0.00000000e+00,-3.86074654e-06,-7.72026934e-06,-1.15803750e-05
0.00000000e+00,-7.72107523e-06,-1.54403763e-05,-2.31609985e-05
0.00000000e+00,-4.05599609e-06,-8.11061194e-06,-1.21659268e-05
0.00000000e+00,-8.11162404e-06,-1.62212459e-05,-2.43324024e-05
0.00000000e+00,-3.85906792e-06,-7.71625914e-06,-1.15748791e-05
0.00000000e+00,-4.05970354e-06,-8.11731688e-06,-1.21765535e-05
0.00000000e+00,-5.25190683e-06,-1.05034087e-05,-1.57549619e-05
0.00000000e+00,-6.84655598e-06,-1.36922672e-05,-2.05382909e-05
0.00000000e+00,-2.61174612e-06,-5.22299478e-06,-7.83438461e-06
0.00000000e+00,-5.22339107e-06,-1.04459624e-05,-1.56690991e-05
0.00000000e+00,-3.41441790e-06,-6.82795333e-06,-1.02418578e-05
0.00000000e+00,-6.82856693e-06,-1.36557744e-05,-2.04839634e-05
0.00000000e+00,-2.59778097e-06,-5.19468225e-06,-7.79221484e-06
0.00000000e+00,-3.40545980e-06,-6.80949125e-06,-1.02145872e-05
0.00000000e+00,0.00000000e+00,0.00000000e+00,0.00000000e+00
0.00000000e+00,-2.88939242e-06,-5.77857871e-06,-8.66776188e-06
0.00000000e+00,0.00000000e+00,0.00000000e+00,0.00000000e+00
0.00000000e+00,0.00000000e+00,0.00000000e+00,0.00000000e+00
0.00000000e+00,-1.43426089e-06,-2.86827553e-06,-4.30232904e-06
0.00000000e+00,-2.86853299e-06,-5.73663231e-06,-8.60499896e-06
0.00000000e+00,0.00000000e+00,0.00000000e+00,0.00000000e+00
0.00000000e+00,-1.42409141e-06,-2.84773122e-06,-4.27166592e-06
0.00000000e+00,0.00000000e+00,0.00000000e+00,0.00000000e+00
0.00000000e+00,-1.07420619e-05,-2.14834798e-05,-3.22252676e-05
0.00000000e+00,0.00000000e+00,0.00000000e+00,0.00000000e+00
0.00000000e+00,0.00000000e+00,0.00000000e+00,0.00000000e+00
0.00000000e+00,-5.95586217e-06,-1.19114350e-05,-1.78671453e-05
0.00000000e+00,-7.95099278e-06,-1.59013391e-05,-2.38520368e-05
0.00000000e+00,-1.06817825e-05,-2.13625485e-05,-3.20441825e-05
0.00000000e+00,0.00000000e+00,0.00000000e+00,0.00000000e+00
0.00000000e+00,-4.38781495e-06,-8.77534232e-06,-1.31629957e-05
0.00000000e+00,-5.91065732e-06,-1.18208264e-05,-1.77313921e-05
0.00000000e+00,-7.90693437e-06,-1.58128240e-05,-2.37195875e-05
0.00000000e+00,-4.35526068e-06,-8.71003300e-06,-1.30651972e-05
0.00000000e+00,-1.54675887e-05,-3.09338462e-05,-4.64009059e-05
0.00000000e+00,-1.38344208e-05,-2.76677676e-05,-4.15017756e-05
0.00000000e+00,-1.15936024e-05,-2.31859120e-05,-3.47789547e-05
0.00000000e+00,-1.54640554e-05,-3.09262091e-05,-4.63899570e-05
0.00000000e+00,-1.03146180e-05,-2.06282195e-05,-3.09423983e-05
0.00000000e+00,-1.38001080e-05,-2.75986480e-05,-4.13985230e-05
0.00000000e+00,-1.15895808e-05,-2.31772576e-05,-3.47665029e-05
0.00000000e+00,-1.02879011e-05,-2.05742600e-05,-3.08619048e-05
0.00000000e+00,-1.63326135e-05,-3.26638658e-05,-4.89958385e-05
0.00000000e+00,-1.61465562e-05,-3.22916900e-05,-4.84376352e-05
0.00000000e+00,-1.22892560e-05,-2.45770904e-05,-3.68656724e-05
0.00000000e+00,-1.63552548e-05,-3.27084893e-05,-4.90633399e-05
0.00000000e+00,-1.21375361e-05,-2.42736218e-05,-3.64105013e-05
0.00000000e+00,-1.61624508e-05,-3.23228044e-05,-4.84848800e-05
0.00000000e+00,-1.23062686e-05,-2.46104348e-05,-3.69162620e-05
0.00000000e+00,-1.21489964e-05,-2.42958641e-05,-3.64444508e-05
0.00000000e+00,-1.54675259e-05,-3.09340742e-05,-4.64009694e-05
0.00000000e+00,-1.61464852e-05,-3.22918479e-05,-4.84376935e-05
0.00000000e+00,-1.15935783e-05,-2.31860535e-05,-3.47789811e-05
0.00000000e+00,-1.54640026e-05,-3.09264514e-05,-4.63900041e-05
0.00000000e+00,-1.21374893e-05,-2.42737242e-05,-3.64105373e-05
0.00000000e+00,-1.61623785e-05,-3.23229855e-05,-4.84849299e-05
0.00000000e+00,-1.15895468e-05,-2.31774351e-05,-3.47665319e-05
0.00000000e+00,-1.21489443e-05,-2.42959996e-05,-3.64444854e-05
0.00000000e+00,-1.07420115e-05,-2.14836373e-05,-3.22252785e-05
0.00000000e+00,-1.38343503e-05,-2.76679920e-05,-4.15018083e-05
0.00000000e+00,-7.95091428e-06,-1.59014871e-05,-2.38520517e-05
0.00000000e+00,-1.06817544e-05,-2.13627229e-05,-3.20441930e-05
0.00000000e+00,-1.03145765e-05,-2.06283698e-05,-3.09424067e-05
0.00000000e+00,-1.38000470e-05,-2.75988938e-05,-4.13985582e-05
0.00000000e+00,-7.90687642e-06,-1.58129830e-05,-2.37196005e-05
0.00000000e+00,-1.02878618e-05,-2.05744377e-05,-3.08619168e-05
0.00000000e+00,0.00000000e+00,0.00000000e+00,0.00000000e+00
0.00000000e+00,-5.95585986e-06,-1.19115039e-05,-1.78671359e-05
0.00000000e+00,0.00000000e+00,0.00000000e+00,0.00000000e+00
0.00000000e+00,0.00000000e+00,0.00000000e+00,0.00000000e+00
0.00000000e+00,-4.38779681e-06,-8.77540679e-06,-1.31629886e-05
0.00000000e+00,-5.91067016e-06,-1.18209024e-05,-1.77313883e-05
0.00000000e+00,0.00000000e+00,0.00000000e+00,0.00000000e+00
0.00000000e+00,-4.35526759e-06,-8.71010201e-06,-1.30651914e-05
0.00000000e+00,0.00000000e+00,0.00000000e+00,0.00000000e+00
0.00000000e+00,0.00000000e+00,0.00000000e+00,0.00000000e+00
0.00000000e+00,5.37223035e-06,1.07442161e-05,1.61170208e-05
0.00000000e+00,1.09989355e-05,2.19975919e-05,3.29971013e-05
0.00000000e+00,0.00000000e+00,0.00000000e+00,0.00000000e+00
0.00000000e+00,0.00000000e+00,0.00000000e+00,0.00000000e+00
0.00000000e+00,0.00000000e+00,0.00000000e+00,0.00000000e+00
0.00000000e+00,2.97906022e-06,5.95792879e-06,8.93729157e-06
0.00000000e+00,6.15377192e-06,1.23073015e-05,1.84613704e-05
0.00000000e+00,8.13649234e-06,1.62727152e-05,2.44097783e-05
0.00000000e+00,1.08477512e-05,2.16956759e-05,3.25438842e-05
0.00000000e+00,5.30082821e-06,1.06018353e-05,1.59031182e-05
0.00000000e+00,0.00000000e+00,0.00000000e+00,0.00000000e+00
0.00000000e+00,4.52784500e-06,9.05547473e-06,1.35836202e-05
0.00000000e+00,6.03662693e-06,1.20732289e-05,1.81100795e-05
0.00000000e+00,2.92564023e-06,5.85130692e-06,8.77718001e-06
0.00000000e+00,8.02663655e-06,1.60534460e-05,2.40805376e-05
0.00000000e+00,4.44449651e-06,8.88899001e-06,1.33337125e-05
0.00000000e+00,7.73362957e-06,1.54669046e-05,2.32014506e-05
0.00000000e+00,1.54735488e-05,3.09466851e-05,4.64211249e-05
0.00000000e+00,6.91761176e-06,1.38349091e-05,2.07532953e-05
0.00000000e+00,1.39698974e-05,2.79394341e-05,4.19100940e-05
0.00000000e+00,1.16037844e-05,2.32072010e-05,3.48118857e-05
0.00000000e+00,1.54712674e-05,3.09428991e-05,4.64148664e-05
0.00000000e+00,7.72846731e-06,1.54573442e-05,2.31865441e-05
0.00000000e+00,1.04194591e-05,2.08386082e-05,3.12588290e-05
0.00000000e+00,1.38920104e-05,2.77842674e-05,4.16768802e-05
0.00000000e+00,6.87611279e-06,1.37525066e-05,2.06292269e-05
0.00000000e+00,1.15985419e-05,2.31974783e-05,3.47967355e-05
0.00000000e+00,1.03585610e-05,2.07173787e-05,3.10765423e-05
0.00000000e+00,8.16587090e-06,1.63314648e-05,2.44984288e-05
0.00000000e+00,1.62394030e-05,3.24785313e-05,4.87189958e-05
0.00000000e+00,8.07290872e-06,1.61454720e-05,2.42194080e-05
0.00000000e+00,1.60783952e-05,3.21563705e-05,4.82357434e-05
0.00000000e+00,1.22199888e-05,2.44396758e-05,3.66607385e-05
0.00000000e+00,1.62930058e-05,3.25867762e-05,4.88806039e-05
0.00000000e+00,8.19219405e-06,1.63850331e-05,2.45780926e-05
0.00000000e+00,1.20887775e-05,2.41771643e-05,3.62669327e-05
0.00000000e+00,1.61180257e-05,3.22365687e-05,4.83553689e-05
0.00000000e+00,8.09105327e-06,1.61826204e-05,2.42744835e-05
0.00000000e+00,1.22599858e-05,2.45206641e-05,3.67814908e-05
0.00000000e+00,1.21171999e-05,2.42348993e-05,3.63528875e-05
0.00000000e+00,7.73357386e-06,1.54669628e-05,2.32014708e-05
0.00000000e+00,1.54734152e-05,3.09468297e-05,4.64211589e-05
0.00000000e+00,8.07284642e-06,1.61455021e-05,2.42194229e-05
0.00000000e+00,1.60782815e-05,3.21564541e-05,4.82357703e-05
0.00000000e+00,1.16037077e-05,2.32072629e-05,3.48118936e-05
0.00000000e+00,1.54710869e-05,3.09431246e-05,4.64149337e-05
0.00000000e+00,7.72838584e-06,1.54574295e-05,2.31865755e-05
0.00000000e+00,1.20887046e-05,2.41771969e-05,3.62669427e-05
0.00000000e+00,1.61178819e-05,3.22367199e-05,4.83554128e-05
0.00000000e+00,8.09098324e-06,1.61826756e-05,2.42745033e-05
0.00000000e+00,1.15984179e-05,2.31976245e-05,3.47967814e-05
0.00000000e+00,1.21170996e-05,2.42349924e-05,3.63529161e-05
0.00000000e+00,5.37221899e-06,1.07442871e-05,1.61170430e-05
0.00000000e+00,1.09988443e-05,2.19977528e-05,3.29971433e-05
0.00000000e+00,6.91757943e-06,1.38349625e-05,2.07533242e-05
0.00000000e+00,1.39697906e-05,2.79395761e-05,4.19101111e-05
0.00000000e+00,8.13642976e-06,1.62728341e-05,2.44098086e-05
0.00000000e+00,1.08476739e-05,2.16958360e-05,3.25439290e-05
0.00000000e+00,5.30079654e-06,1.06019141e-05,1.59031472e-05
0.00000000e+00,1.04193941e-05,2.08386877e-05,3.12588446e-05
0.00000000e+00,1.38918703e-05,2.77844791e-05,4.16769332e-05
0.00000000e+00,6.87604343e-06,1.37525863e-05,2.06292571e-05
0.00000000e+00,8.02656296e-06,1.60535752e-05,2.40805795e-05
0.00000000e+00,1.03584544e-05,2.07175108e-05,3.10765759e-05
0.00000000e+00,0.00000000e+00,0.00000000e+00,0.00000000e+00
0.00000000e+00,0.00000000e+00,0.00000000e+00,0.00000000e+00
0.00000000e+00,2.97906735e-06,5.95796067e-06,8.93730670e-06
0.00000000e+00,6.15374851e-06,1.23073942e-05,1.84613977e-05
0.00000000e+00,0.00000000e+00,0.00000000e+00,0.00000000e+00
0.00000000e+00,0.00000000e+00,0.00000000e+00,0.00000000e+00
0.00000000e+00,0.00000000e+00,0.00000000e+00,0.00000000e+00
0.00000000e+00,4.52783076e-06,9.05554711e-06,1.35836423e-05
0.00000000e+00,6.03659999e-06,1.20733150e-05,1.81101113e-05
0.00000000e+00,2.92562146e-06,5.85134996e-06,8.77720234e-06
0.00000000e+00,0.00000000e+00,0.00000000e+00,0.00000000e+00
0.00000000e+00,4.44446500e-06,8.88905680e-06,1.33337398e-05
0.00000000e+00,0.00000000e+00,0.00000000e+00,0.00000000e+00
0.00000000e+00,4.18408722e-11,-1.13239235e-10,5.07667539e-10
0.00000000e+00,0.00000000e+00,0.00000000e+00,0.00000000e+00
0.00000000e+00,0.00000000e+00,0.00000000e+00,0.00000000e+00
0.00000000e+00,4.08129596e-11,-8.47085449e-11,2.61507084e-10
0.00000000e+00,2.67090848e-06,5.34158817e-06,8.01307830e-06
0.00000000e+00,-9.74688344e-11,2.05458728e-11,3.74822566e-10
0.00000000e+00,0.00000000e+00,0.00000000e+00,0.00000000e+00
0.00000000e+00,1.47805964e-06,2.95594066e-06,4.43430638e-06
0.00000000e+00,-3.40498834e-11,-1.13071018e-11,1.91912195e-10
0.00000000e+00,2.63563322e-06,5.27146494e-06,7.90755267e-06
0.00000000e+00,1.45187562e-06,2.90380049e-06,4.35591348e-06
0.00000000e+00,5.66215412e-11,-1.37387862e-10,8.81167123e-10
0.00000000e+00,5.74973464e-11,-1.40651419e-10,7.24187242e-10
0.00000000e+00,3.86598029e-06,7.73163447e-06,1.15985590e-05
0.00000000e+00,-1.95413332e-10,8.93798345e-11,6.62752554e-10
0.00000000e+00,3.45018933e-06,6.90006437e-06,1.03510473e-05
0.00000000e+00,-1.41450329e-10,4.71827229e-11,5.36219106e-10
0.00000000e+00,3.86279614e-06,7.72603699e-06,1.15895831e-05
0.00000000e+00,3.42906067e-06,6.85842586e-06,1.02881028e-05
0.00000000e+00,3.40118282e-11,-1.22391555e-10,1.03594669e-09
0.00000000e+00,5.42609521e-11,-1.30230372e-10,9.95958367e-10
0.00000000e+00,4.08863469e-06,8.17701182e-06,1.22667623e-05
0.00000000e+00,-2.55890501e-10,1.36145620e-10,7.80402821e-10
0.00000000e+00,4.04047544e-06,8.08063928e-06,1.21221736e-05
0.00000000e+00,-2.34790790e-10,1.22430568e-10,7.47392445e-10
0.00000000e+00,4.10158669e-06,8.20380977e-06,1.23062817e-05
0.00000000e+00,4.04919107e-06,8.09893945e-06,1.21489668e-05
0.00000000e+00,5.76844612e-11,-1.25251729e-10,9.04162076e-10
0.00000000e+00,3.18202137e-11,-1.23389934e-10,1.00450776e-09
0.00000000e+00,3.86595401e-06,7.73167847e-06,1.15985908e-05
0.00000000e+00,-2.11794234e-10,9.62734824e-11,6.80649038e-10
0.00000000e+00,4.04043076e-06,8.08066936e-06,1.21221906e-05
0.00000000e+00,-2.56427530e-10,1.27787643e-10,7.56069991e-10
0.00000000e+00,3.86274622e-06,7.72607992e-06,1.15896080e-05
0.00000000e+00,4.04914778e-06,8.09896634e-06,1.21489794e-05
0.00000000e+00,9.22327488e-11,-1.14742871e-10,5.27400981e-10
0.00000000e+00,8.91226618e-11,-1.29911510e-10,7.55805391e-10
0.00000000e+00,2.67093606e-06,5.34161454e-06,8.01310255e-06
0.00000000e+00,-7.25717306e-11,1.49891386e-11,3.94377087e-10
0.00000000e+00,3.45018619e-06,6.90010409e-06,1.03510865e-05
0.00000000e+00,-1.49186382e-10,5.17996624e-11,5.58723371e-10
0.00000000e+00,2.63564633e-06,5.27149175e-06,7.90757015e-06
0.00000000e+00,3.42902353e-06,6.85846592e-06,1.02881315e-05
0.00000000e+00,0.00000000e+00,0.00000000e+00,0.00000000e+00
0.00000000e+00,6.58204397e-11,-9.86217437e-11,2.69595369e-10
0.00000000e+00,0.00000000e+00,0.00000000e+00,0.00000000e+00
0.00000000e+00,0.00000000e+00,0.00000000e+00,0.00000000e+00
0.00000000e+00,1.47809374e-06,2.95592612e-06,4.43431015e-06
0.00000000e+00,-2.67343282e-11,-2.03943127e-11,2.03196888e-10
0.00000000e+00,0.00000000e+00,0.00000000e+00,0.00000000e+00
0.00000000e+00,1.45187126e-06,2.90381767e-06,4.35593044e-06
0.00000000e+00,0.00000000e+00,0.00000000e+00,0.00000000e+00
0.00000000e+00,-5.37214349e-06,-1.07444490e-05,-1.61160058e-05
0.00000000e+00,0.00000000e+00,0.00000000e+00,0.00000000e+00
0.00000000e+00,0.00000000e+00,0.00000000e+00,0.00000000e+00
0.00000000e+00,-2.97897751e-06,-5.95810105e-06,-8.93676855e-06
0.00000000e+00,-2.67081880e-06,-5.34182101e-06,-8.01205482e-06
0.00000000e+00,-5.30101872e-06,-1.06017948e-05,-1.59023708e-05
0.00000000e+00,0.00000000e+00,0.00000000e+00,0.00000000e+00
0.00000000e+00,-1.47797406e-06,-2.95611452e-06,-4.43377986e-06
0.00000000e+00,-2.92570408e-06,-5.85133127e-06,-8.77679790e-06
0.00000000e+00,-2.63582938e-06,-5.27142104e-06,-7.90680421e-06
0.00000000e+00,-1.45194413e-06,-2.90382268e-06,-4.35553001e-06
0.00000000e+00,-7.73353524e-06,-1.54671724e-05,-2.31996884e-05
0.00000000e+00,-6.91750767e-06,-1.38351850e-05,-2.07518537e-05
0.00000000e+00,-3.86585872e-06,-7.73191801e-06,-1.15967832e-05
0.00000000e+00,-7.72887345e-06,-1.54571561e-05,-2.31852308e-05
0.00000000e+00,-3.45006275e-06,-6.90035556e-06,-1.03495894e-05
0.00000000e+00,-6.87640951e-06,-1.37524008e-05,-2.06281649e-05
0.00000000e+00,-3.86319219e-06,-7.72585524e-06,-1.15882622e-05
0.00000000e+00,-3.42934883e-06,-6.85832730e-06,-1.02870341e-05
0.00000000e+00,-8.16581451e-06,-1.63317001e-05,-2.44963701e-05
0.00000000e+00,-8.07281262e-06,-1.61457263e-05,-2.42174262e-05
0.00000000e+00,-4.08855188e-06,-8.17726613e-06,-1.22646753e-05
0.00000000e+00,-8.19272203e-06,-1.63847418e-05,-2.45765483e-05
0.00000000e+00,-4.04034972e-06,-8.08091120e-06,-1.21201708e-05
0.00000000e+00,-8.09153451e-06,-1.61823644e-05,-2.42730041e-05
0.00000000e+00,-4.10210573e-06,-8.20353256e-06,-1.23047272e-05
0.00000000e+00,-4.04966679e-06,-8.09868841e-06,-1.21474767e-05
0.00000000e+00,-7.73347215e-06,-1.54672059e-05,-2.31996802e-05
0.00000000e+00,-8.07280033e-06,-1.61457484e-05,-2.42174303e-05
0.00000000e+00,-3.86582752e-06,-7.73193607e-06,-1.15967707e-05
0.00000000e+00,-7.72883576e-06,-1.54572160e-05,-2.31852302e-05
0.00000000e+00,-4.04035079e-06,-8.08092944e-06,-1.21201735e-05
0.00000000e+00,-8.09152297e-06,-1.61824004e-05,-2.42730134e-05
0.00000000e+00,-3.86317872e-06,-7.72588240e-06,-1.15882531e-05
0.00000000e+00,-4.04967095e-06,-8.09870359e-06,-1.21474744e-05
0.00000000e+00,-5.37207705e-06,-1.07445207e-05,-1.61159823e-05
0.00000000e+00,-6.91744077e-06,-1.38352243e-05,-2.07518314e-05
0.00000000e+00,-2.67076049e-06,-5.34184968e-06,-8.01203369e-06
0.00000000e+00,-5.30095935e-06,-1.06018771e-05,-1.59023566e-05
0.00000000e+00,-3.44999068e-06,-6.90037939e-06,-1.03495691e-05
0.00000000e+00,-6.87637182e-06,-1.37524645e-05,-2.06281515e-05
0.00000000e+00,-2.63579370e-06,-5.27145781e-06,-7.90678211e-06
0.00000000e+00,-3.42933111e-06,-6.85835812e-06,-1.02870200e-05
0.00000000e+00,0.00000000e+00,0.00000000e+00,0.00000000e+00
0.00000000e+00,-2.97894080e-06,-5.95814016e-06,-8.93676669e-06
0.00000000e+00,0.00000000e+00,0.00000000e+00,0.00000000e+00
0.00000000e+00,0.00000000e+00,0.00000000e+00,0.00000000e+00
0.00000000e+00,-1.47796273e-06,-2.95612808e-06,-4.43376834e-06
0.00000000e+00,-2.92566986e-06,-5.85138561e-06,-8.77679831e-06
0.00000000e+00,0.00000000e+00,0.00000000e+00,0.00000000e+00
0.00000000e+00,-1.45192276e-06,-2.90385667e-06,-4.35552572e-06
0.00000000e+00,0.00000000e+00,0.00000000e+00,0.00000000e+00
0.00000000e+00,-1.09988363e-05,-2.19978360e-05,-3.29960933e-05
0.00000000e+00,0.00000000e+00,0.00000000e+00,0.00000000e+00
0.00000000e+00,0.00000000e+00,0.00000000e+00,0.00000000e+00
0.00000000e+00,-6.15367635e-06,-1.23074896e-05,-1.84608536e-05
0.00000000e+00,-8.13640621e-06,-1.62729516e-05,-2.44087651e-05
0.00000000e+00,-1.08479419e-05,-2.16956338e-05,-3.25431540e-05
0.00000000e+00,0.00000000e+00,0.00000000e+00,0.00000000e+00
0.00000000e+00,-4.52776330e-06,-9.05565353e-06,-1.35830999e-05
0.00000000e+00,-6.03667143e-06,-1.20732622e-05,-1.81097069e-05
0.00000000e+00,-8.02682866e-06,-1.60534038e-05,-2.40797974e-05
0.00000000e+00,-4.44455307e-06,-8.88901749e-06,-1.33333341e-05
0.00000000e+00,-1.54734764e-05,-3.09469447e-05,-4.64193813e-05
0.00000000e+00,-1.39698221e-05,-2.79396956e-05,-4.19086731e-05
0.00000000e+00,-1.16037065e-05,-2.32074622e-05,-3.48101279e-05
0.00000000e+00,-1.54717043e-05,-3.09426852e-05,-4.64135989e-05
0.00000000e+00,-1.04193827e-05,-2.08388677e-05,-3.12574012e-05
0.00000000e+00,-1.38923350e-05,-2.77841351e-05,-4.16758480e-05
0.00000000e+00,-1.15989690e-05,-2.31972773e-05,-3.47954445e-05
0.00000000e+00,-1.03588707e-05,-2.07172623e-05,-3.10754903e-05
0.00000000e+00,-1.62393511e-05,-3.24787550e-05,-4.87169822e-05
0.00000000e+00,-1.60783387e-05,-3.21566087e-05,-4.82337876e-05
0.00000000e+00,-1.22199386e-05,-2.44399033e-05,-3.66586963e-05
0.00000000e+00,-1.62935677e-05,-3.25864364e-05,-4.88791155e-05
0.00000000e+00,-1.20887135e-05,-2.41774023e-05,-3.62649759e-05
0.00000000e+00,-1.61185250e-05,-3.22362835e-05,-4.83539278e-05
0.00000000e+00,-1.22605350e-05,-2.45203452e-05,-3.67799723e-05
0.00000000e+00,-1.21176923e-05,-2.42346322e-05,-3.63514234e-05
0.00000000e+00,-1.54733647e-05,-3.09470511e-05,-4.64194078e-05
0.00000000e+00,-1.60782596e-05,-3.21566757e-05,-4.82338291e-05
0.00000000e+00,-1.16036296e-05,-2.32075062e-05,-3.48101198e-05
0.00000000e+00,-1.54716070e-05,-3.09428552e-05,-4.64136502e-05
0.00000000e+00,-1.20886839e-05,-2.41774245e-05,-3.62649813e-05
0.00000000e+00,-1.61184591e-05,-3.22363967e-05,-4.83539805e-05
0.00000000e+00,-1.15989066e-05,-2.31973780e-05,-3.47954620e-05
0.00000000e+00,-1.21176619e-05,-2.42346966e-05,-3.63514509e-05
0.00000000e+00,-1.09987622e-05,-2.19979544e-05,-3.29960783e-05
0.00000000e+00,-1.39697251e-05,-2.79398348e-05,-4.19086695e-05
0.00000000e+00,-8.13631518e-06,-1.62730651e-05,-2.44087428e-05
0.00000000e+00,-1.08478773e-05,-2.16957670e-05,-3.25431490e-05
0.00000000e+00,-1.04193059e-05,-2.08389362e-05,-3.12573790e-05
0.00000000e+00,-1.38922539e-05,-2.77843189e-05,-4.16758624e-05
0.00000000e+00,-8.02674774e-06,-1.60535230e-05,-2.40797928e-05
0.00000000e+00,-1.03588138e-05,-2.07173687e-05,-3.10754814e-05
0.00000000e+00,0.00000000e+00,0.00000000e+00,0.00000000e+00
0.00000000e+00,-6.15364498e-06,-1.23075316e-05,-1.84608510e-05
0.00000000e+00,0.00000000e+00,0.00000000e+00,0.00000000e+00
0.00000000e+00,0.00000000e+00,0.00000000e+00,0.00000000e+00
0.00000000e+00,-4.52772717e-06,-9.05569573e-06,-1.35830995e-05
0.00000000e+00,-6.03664506e-06,-1.20733346e-05,-1.81097088e-05
0.00000000e+00,0.00000000e+00,0.00000000e+00,0.00000000e+00
0.00000000e+00,-4.44450865e-06,-8.88909008e-06,-1.33333386e-05
0.00000000e+00,0.00000000e+00,0.00000000e+00,0.00000000e+00
0.00000000e+00,0.00000000e+00,0.00000000e+00,0.00000000e+00
0.00000000e+00,1.57063345e-05,3.14151510e-05,4.71212901e-05
0.00000000e+00,1.43274789e-05,2.86587482e-05,4.29857117e-05
0.00000000e+00,0.00000000e+00,0.00000000e+00,0.00000000e+00
0.00000000e+00,0.00000000e+00,0.00000000e+00,0.00000000e+00
0.00000000e+00,0.00000000e+00,0.00000000e+00,0.00000000e+00
0.00000000e+00,8.83465572e-06,1.76704964e-05,2.65050367e-05
0.00000000e+00,8.15289065e-06,1.63076414e-05,2.44602676e-05
0.00000000e+00,1.31573782e-05,2.63170846e-05,3.94743125e-05
0.00000000e+00,1.49815719e-05,2.99662536e-05,4.49474902e-05
0.00000000e+00,1.26181635e-05,2.52397996e-05,3.78575337e-05
0.00000000e+00,0.00000000e+00,0.00000000e+00,0.00000000e+00
0.00000000e+00,7.33981252e-06,1.46807088e-05,2.20204247e-05
0.00000000e+00,8.46333429e-06,1.69281505e-05,2.53913013e-05
0.00000000e+00,7.11187705e-06,1.42254496e-05,2.13370973e-05
0.00000000e+00,1.28613395e-05,2.57255653e-05,3.85866251e-05
0.00000000e+00,7.20383802e-06,1.44090329e-05,2.16127092e-05
0.00000000e+00,2.18119625e-05,4.36280964e-05,6.54396850e-05
0.00000000e+00,1.93970888e-05,3.88002623e-05,5.81964884e-05
0.00000000e+00,1.97914577e-05,3.95863373e-05,5.93775064e-05
0.00000000e+00,1.77631526e-05,3.55314374e-05,5.32938696e-05
0.00000000e+00,1.86433503e-05,3.72906922e-05,5.59337447e-05
0.00000000e+00,2.06080249e-05,4.12211084e-05,6.18285312e-05
0.00000000e+00,1.74405834e-05,3.48868581e-05,5.23267135e-05
0.00000000e+00,1.67846586e-05,3.35725610e-05,5.03570050e-05
0.00000000e+00,1.87651163e-05,3.75344837e-05,5.62991002e-05
0.00000000e+00,1.58525412e-05,3.17098633e-05,4.75617924e-05
0.00000000e+00,1.80441043e-05,3.60929992e-05,5.41366020e-05
0.00000000e+00,1.63084214e-05,3.26208563e-05,4.89288679e-05
0.00000000e+00,2.28239370e-05,4.56529535e-05,6.84764922e-05
0.00000000e+00,2.02016463e-05,4.04099857e-05,6.06106018e-05
0.00000000e+00,2.26136157e-05,4.52319446e-05,6.78451458e-05
0.00000000e+00,2.00373388e-05,4.00812557e-05,6.01176314e-05
0.00000000e+00,1.95992687e-05,3.92033986e-05,5.88023545e-05
0.00000000e+00,2.15237904e-05,4.30533999e-05,6.45764948e-05
0.00000000e+00,1.82328776e-05,3.64720562e-05,5.47040889e-05
0.00000000e+00,1.93970602e-05,3.87986268e-05,5.81953718e-05
0.00000000e+00,2.13347763e-05,4.26751823e-05,6.40092681e-05
0.00000000e+00,1.80686880e-05,3.61435507e-05,5.42114242e-05
0.00000000e+00,1.89245932e-05,3.78546868e-05,5.67787057e-05
0.00000000e+00,1.87399108e-05,3.74851737e-05,5.62245079e-05
0.00000000e+00,2.18118490e-05,4.36283111e-05,6.54398107e-05
0.00000000e+00,1.93972873e-05,3.88001144e-05,5.81964659e-05
0.00000000e+00,2.26135245e-05,4.52320720e-05,6.78452147e-05
0.00000000e+00,2.00374412e-05,4.00811781e-05,6.01176078e-05
0.00000000e+00,1.86432099e-05,3.72909064e-05,5.59338757e-05
0.00000000e+00,2.06080568e-05,4.12211639e-05,6.18285766e-05
0.00000000e+00,1.74407299e-05,3.48867331e-05,5.23267026e-05
0.00000000e+00,1.93969535e-05,3.87987522e-05,5.81954331e-05
0.00000000e+00,2.13347678e-05,4.26752061e-05,6.40092892e-05
0.00000000e+00,1.80687784e-05,3.61434904e-05,5.42114058e-05
0.00000000e+00,1.80441229e-05,3.60930333e-05,5.41366453e-05
0.00000000e+00,1.87399025e-05,3.74851815e-05,5.62245227e-05
0.00000000e+00,1.57063834e-05,3.14152271e-05,4.71213699e-05
0.00000000e+00,1.43276898e-05,2.86586118e-05,4.29857475e-05
0.00000000e+00,1.97914342e-05,3.95865253e-05,5.93776166e-05
0.00000000e+00,1.77634031e-05,3.55312761e-05,5.32938829e-05
0.00000000e+00,1.31574211e-05,2.63171345e-05,3.94743834e-05
0.00000000e+00,1.49817130e-05,2.99662327e-05,4.49475394e-05
0.00000000e+00,1.26182850e-05,2.52397094e-05,3.78575755e-05
0.00000000e+00,1.67846282e-05,3.35727354e-05,5.03571056e-05
0.00000000e+00,1.87652359e-05,3.75345058e-05,5.62991640e-05
0.00000000e+00,1.58527443e-05,3.17096891e-05,4.75618020e-05
0.00000000e+00,1.28614064e-05,2.57255646e-05,3.85866815e-05
0.00000000e+00,1.63085136e-05,3.26208555e-05,4.89289249e-05
0.00000000e+00,0.00000000e+00,0.00000000e+00,0.00000000e+00
0.00000000e+00,0.00000000e+00,0.00000000e+00,0.00000000e+00
0.00000000e+00,8.83470043e-06,1.76705087e-05,2.65050791e-05
0.00000000e+00,8.15300431e-06,1.63075829e-05,2.44602915e-05
0.00000000e+00,0.00000000e+00,0.00000000e+00,0.00000000e+00
0.00000000e+00,0.00000000e+00,0.00000000e+00,0.00000000e+00
0.00000000e+00,0.00000000e+00,0.00000000e+00,0.00000000e+00
0.00000000e+00,7.33984581e-06,1.46807108e-05,2.20204623e-05
0.00000000e+00,8.46338971e-06,1.69281485e-05,2.53913440e-05
0.00000000e+00,7.11194095e-06,1.42254053e-05,2.13371208e-05
0.00000000e+00,0.00000000e+00,0.00000000e+00,0.00000000e+00
0.00000000e+00,7.20386391e-06,1.44090338e-05,2.16127531e-05
0.00000000e+00,0.00000000e+00,0.00000000e+00,0.00000000e+00
0.00000000e+00,0.00000000e+00,0.00000000e+00,0.00000000e+00
0.00000000e+00,2.13227922e-05,4.26483265e-05,6.39708175e-05
0.00000000e+00,1.80546926e-05,3.61139697e-05,5.41680145e-05
0.00000000e+00,0.00000000e+00,0.00000000e+00,0.00000000e+00
0.00000000e+00,0.00000000e+00,0.00000000e+00,0.00000000e+00
0.00000000e+00,0.00000000e+00,0.00000000e+00,0.00000000e+00
0.00000000e+00,1.23194560e-05,2.46402550e-05,3.69595532e-05
0.00000000e+00,1.05851717e-05,2.11725881e-05,3.17574320e-05
0.00000000e+00,1.84198004e-05,3.68422067e-05,5.52617568e-05
0.00000000e+00,1.96161661e-05,3.92359415e-05,5.88516449e-05
0.00000000e+00,1.61384846e-05,3.22811350e-05,4.84190289e-05
0.00000000e+00,0.00000000e+00,0.00000000e+00,0.00000000e+00
0.00000000e+00,1.04757342e-05,2.09527526e-05,3.14283468e-05
0.00000000e+00,1.13791672e-05,2.27600651e-05,3.41389955e-05
0.00000000e+00,9.29909835e-06,1.86002331e-05,2.78990312e-05
0.00000000e+00,1.72291472e-05,3.44616544e-05,5.16904065e-05
0.00000000e+00,9.84169728e-06,1.96849953e-05,2.95264855e-05
0.00000000e+00,2.80719198e-05,5.61483306e-05,8.42196784e-05
0.00000000e+00,2.32462558e-05,4.64994932e-05,6.97446396e-05
0.00000000e+00,2.59496968e-05,5.19031193e-05,7.78523589e-05
0.00000000e+00,2.16292994e-05,4.32646240e-05,6.48930232e-05
0.00000000e+00,2.49601591e-05,4.99246567e-05,7.48843492e-05
0.00000000e+00,2.56688847e-05,5.13434152e-05,7.70114704e-05
0.00000000e+00,2.13343839e-05,4.26752591e-05,6.40086570e-05
0.00000000e+00,2.28518780e-05,4.57073294e-05,6.85588384e-05
0.00000000e+00,2.37718811e-05,4.75485528e-05,7.13197462e-05
0.00000000e+00,1.96936029e-05,3.93927613e-05,5.90855469e-05
0.00000000e+00,2.31530881e-05,4.63115212e-05,6.94638953e-05
0.00000000e+00,2.12576652e-05,4.25198293e-05,6.37769025e-05
0.00000000e+00,2.91172403e-05,5.82400464e-05,8.73566896e-05
0.00000000e+00,2.40516924e-05,4.81108520e-05,7.21611915e-05
0.00000000e+00,2.89081595e-05,5.78214239e-05,8.67289730e-05
0.00000000e+00,2.38929321e-05,4.77933282e-05,7.16849858e-05
0.00000000e+00,2.59980889e-05,5.20015159e-05,7.79991113e-05
0.00000000e+00,2.66061323e-05,5.32187823e-05,7.98239605e-05
0.00000000e+00,2.21416074e-05,4.42902600e-05,6.64306722e-05
0.00000000e+00,2.57861197e-05,5.15771592e-05,7.73627689e-05
0.00000000e+00,2.64196433e-05,5.28455179e-05,7.92642202e-05
0.00000000e+00,2.19793061e-05,4.39656117e-05,6.59437979e-05
0.00000000e+00,2.40851407e-05,4.81764496e-05,7.22607574e-05
0.00000000e+00,2.38957589e-05,4.77974406e-05,7.16923857e-05
0.00000000e+00,2.80717949e-05,5.61485988e-05,8.42198347e-05
0.00000000e+00,2.32465585e-05,4.64992184e-05,6.97445774e-05
0.00000000e+00,2.89080400e-05,5.78216017e-05,8.67290703e-05
0.00000000e+00,2.38931152e-05,4.77931563e-05,7.16849308e-05
0.00000000e+00,2.49600429e-05,4.99249013e-05,7.48844874e-05
0.00000000e+00,2.56689384e-05,5.13434875e-05,7.70115343e-05
0.00000000e+00,2.13346230e-05,4.26750724e-05,6.40086165e-05
0.00000000e+00,2.57860181e-05,5.15773133e-05,7.73628570e-05
0.00000000e+00,2.64196215e-05,5.28455556e-05,7.92642618e-05
0.00000000e+00,2.19794470e-05,4.39654921e-05,6.59437587e-05
0.00000000e+00,2.31531367e-05,4.63115932e-05,6.94639468e-05
0.00000000e+00,2.38957375e-05,4.77974744e-05,7.16924191e-05
0.00000000e+00,2.13228552e-05,4.26484546e-05,6.39709289e-05
0.00000000e+00,1.80550662e-05,3.61137257e-05,5.41680451e-05
0.00000000e+00,2.59496644e-05,5.19033688e-05,7.78525029e-05
0.00000000e+00,2.16296934e-05,4.32643447e-05,6.48930143e-05
0.00000000e+00,1.84198573e-05,3.68423170e-05,5.52618529e-05
0.00000000e+00,1.96164266e-05,3.92358837e-05,5.88517077e-05
0.00000000e+00,1.61387701e-05,3.22809652e-05,4.84190760e-05
0.00000000e+00,2.28518520e-05,4.57075517e-05,6.85589595e-05
0.00000000e+00,2.37720345e-05,4.75485939e-05,7.13198363e-05
0.00000000e+00,1.96939195e-05,3.93925552e-05,5.90855459e-05
0.00000000e+00,1.72293710e-05,3.44616061e-05,5.16904524e-05
0.00000000e+00,2.12578042e-05,4.25198819e-05,6.37769775e-05
0.00000000e+00,0.00000000e+00,0.00000000e+00,0.00000000e+00
0.00000000e+00,0.00000000e+00,0.00000000e+00,0.00000000e+00
0.00000000e+00,1.23195342e-05,2.46402784e-05,3.69596068e-05
0.00000000e+00,1.05853882e-05,2.11724518e-05,3.17574397e-05
0.00000000e+00,0.00000000e+00,0.00000000e+00,0.00000000e+00
0.00000000e+00,0.00000000e+00,0.00000000e+00,0.00000000e+00
0.00000000e+00,0.00000000e+00,0.00000000e+00,0.00000000e+00
0.00000000e+00,1.04758021e-05,2.09527652e-05,3.14283954e-05
0.00000000e+00,1.13792785e-05,2.27600456e-05,3.41390448e-05
0.00000000e+00,9.29925746e-06,1.86001447e-05,2.78990489e-05
0.00000000e+00,0.00000000e+00,0.00000000e+00,0.00000000e+00
0.00000000e+00,9.84178944e-06,1.96849858e-05,2.95265297e-05
0.00000000e+00,0.00000000e+00,0.00000000e+00,0.00000000e+00
0.00000000e+00,0.00000000e+00,0.00000000e+00,0.00000000e+00
0.00000000e+00,2.76895728e-05,5.53821791e-05,8.30713387e-05
0.00000000e+00,2.21229551e-05,4.42513455e-05,6.63735886e-05
0.00000000e+00,0.00000000e+00,0.00000000e+00,0.00000000e+00
0.00000000e+00,0.00000000e+00,0.00000000e+00,0.00000000e+00
0.00000000e+00,0.00000000e+00,0.00000000e+00,0.00000000e+00
0.00000000e+00,1.69678906e-05,3.39372799e-05,5.09049663e-05
0.00000000e+00,1.37863755e-05,2.75754850e-05,4.13614926e-05
0.00000000e+00,2.44346889e-05,4.88722477e-05,7.33065812e-05
0.00000000e+00,2.47760790e-05,4.95563419e-05,7.43318504e-05
0.00000000e+00,2.00706788e-05,4.01463695e-05,6.02163557e-05
0.00000000e+00,0.00000000e+00,0.00000000e+00,0.00000000e+00
0.00000000e+00,1.44412400e-05,2.88838816e-05,4.33249411e-05
0.00000000e+00,1.51689984e-05,3.03400659e-05,4.55087720e-05
0.00000000e+00,1.20565087e-05,2.41154975e-05,3.61716524e-05
0.00000000e+00,2.21505633e-05,4.43050087e-05,6.64550530e-05
0.00000000e+00,1.31285397e-05,2.62589484e-05,3.93872252e-05
0.00000000e+00,3.41336097e-05,6.82720375e-05,1.02404863e-04
0.00000000e+00,2.69851818e-05,5.39783596e-05,8.09622270e-05
0.00000000e+00,3.21107523e-05,6.42255474e-05,9.63356748e-05
0.00000000e+00,2.54230982e-05,5.08531719e-05,7.62752435e-05
0.00000000e+00,3.11326841e-05,6.22699953e-05,9.34020010e-05
0.00000000e+00,3.05821127e-05,6.11705463e-05,9.17516207e-05
0.00000000e+00,2.51288472e-05,5.02651777e-05,7.53928073e-05
0.00000000e+00,2.90546052e-05,5.81130760e-05,8.71671361e-05
0.00000000e+00,2.87613307e-05,5.75281116e-05,8.62885995e-05
0.00000000e+00,2.35489862e-05,4.71044899e-05,7.06525041e-05
0.00000000e+00,2.81475299e-05,5.63009967e-05,8.44475835e-05
0.00000000e+00,2.62846396e-05,5.25743732e-05,7.88582447e-05
0.00000000e+00,3.51757788e-05,7.03576553e-05,1.05532656e-04
0.00000000e+00,2.77803498e-05,5.55690064e-05,8.33477020e-05
0.00000000e+00,3.49892585e-05,6.99840602e-05,1.04972503e-04
0.00000000e+00,2.76342109e-05,5.52768282e-05,8.29094876e-05
0.00000000e+00,3.21786551e-05,6.43631505e-05,9.65411233e-05
0.00000000e+00,3.15202212e-05,6.30476445e-05,9.45666757e-05
0.00000000e+00,2.59309255e-05,5.18697083e-05,7.77991200e-05
0.00000000e+00,3.19746065e-05,6.39545160e-05,9.59284111e-05
0.00000000e+00,3.13517090e-05,6.27103368e-05,9.40608603e-05
0.00000000e+00,2.57775357e-05,5.15630360e-05,7.73391486e-05
0.00000000e+00,2.90862214e-05,5.81793009e-05,8.72644535e-05
0.00000000e+00,2.89034405e-05,5.78134258e-05,8.67158049e-05
0.00000000e+00,3.41334664e-05,6.82723312e-05,1.02405056e-04
0.00000000e+00,2.69856120e-05,5.39779646e-05,8.09621285e-05
0.00000000e+00,3.49891231e-05,6.99842698e-05,1.04972641e-04
0.00000000e+00,2.76344505e-05,5.52765722e-05,8.29093977e-05
0.00000000e+00,3.11325279e-05,6.22703053e-05,9.34021894e-05
0.00000000e+00,3.05822132e-05,6.11705600e-05,9.17516785e-05
0.00000000e+00,2.51292247e-05,5.02648231e-05,7.53927225e-05
0.00000000e+00,3.19744744e-05,6.39547121e-05,9.59285274e-05
0.00000000e+00,3.13517076e-05,6.27103534e-05,9.40609019e-05
0.00000000e+00,2.57777696e-05,5.15628041e-05,7.73390734e-05
0.00000000e+00,2.81475850e-05,5.63010558e-05,8.44476510e-05
0.00000000e+00,2.89034242e-05,5.78134600e-05,8.67158501e-05
0.00000000e+00,2.76896314e-05,5.53823284e-05,8.30714873e-05
0.00000000e+00,2.21235527e-05,4.42509328e-05,6.63735591e-05
0.00000000e+00,3.21106896e-05,6.42258160e-05,9.63358575e-05
0.00000000e+00,2.54236376e-05,5.08527755e-05,7.62751962e-05
0.00000000e+00,2.44347426e-05,4.88724034e-05,7.33067173e-05
0.00000000e+00,2.47764006e-05,4.95562282e-05,7.43319180e-05
0.00000000e+00,2.00711431e-05,4.01460551e-05,6.02163697e-05
0.00000000e+00,2.90545521e-05,5.81133481e-05,8.71673065e-05
0.00000000e+00,2.87615559e-05,5.75280757e-05,8.62886910e-05
0.00000000e+00,2.35494757e-05,4.71041209e-05,7.06524669e-05
0.00000000e+00,2.21508589e-05,4.43049287e-05,6.64551225e-05
0.00000000e+00,2.62848211e-05,5.25743844e-05,7.88583445e-05
0.00000000e+00,0.00000000e+00,0.00000000e+00,0.00000000e+00
0.00000000e+00,0.00000000e+00,0.00000000e+00,0.00000000e+00
0.00000000e+00,1.69679651e-05,3.39373139e-05,5.09050335e-05
0.00000000e+00,1.37866993e-05,2.75752525e-05,4.13614775e-05
0.00000000e+00,0.00000000e+00,0.00000000e+00,0.00000000e+00
0.00000000e+00,0.00000000e+00,0.00000000e+00,0.00000000e+00
0.00000000e+00,0.00000000e+00,0.00000000e+00,0.00000000e+00
0.00000000e+00,1.44413175e-05,2.88839133e-05,4.33250030e-05
0.00000000e+00,1.51691725e-05,3.03399926e-05,4.55088168e-05
0.00000000e+00,1.20567830e-05,2.41153129e-05,3.61716488e-05
0.00000000e+00,0.00000000e+00,0.00000000e+00,0.00000000e+00
0.00000000e+00,1.31286718e-05,2.62589120e-05,3.93872769e-05
0.00000000e+00,0.00000000e+00,0.00000000e+00,0.00000000e+00
0.00000000e+00,0.00000000e+00,0.00000000e+00,0.00000000e+00
0.00000000e+00,3.32394035e-05,6.64822303e-05,9.97211259e-05
0.00000000e+00,2.54491476e-05,5.09042585e-05,7.63525817e-05
0.00000000e+00,0.00000000e+00,0.00000000e+00,0.00000000e+00
0.00000000e+00,0.00000000e+00,0.00000000e+00,0.00000000e+00
0.00000000e+00,0.00000000e+00,0.00000000e+00,0.00000000e+00
0.00000000e+00,2.40429620e-05,4.80877533e-05,7.21304688e-05
0.00000000e+00,1.84144036e-05,3.68318837e-05,5.52458823e-05
0.00000000e+00,3.09066083e-05,6.18164292e-05,9.27225705e-05
0.00000000e+00,2.99207796e-05,5.98464987e-05,8.97666320e-05
0.00000000e+00,2.40675132e-05,4.81407834e-05,7.22075390e-05
0.00000000e+00,0.00000000e+00,0.00000000e+00,0.00000000e+00
0.00000000e+00,2.01046767e-05,4.02109838e-05,6.03154312e-05
0.00000000e+00,2.16190482e-05,4.32407088e-05,6.48594304e-05
0.00000000e+00,1.58848835e-05,3.17727323e-05,4.76572326e-05
0.00000000e+00,2.77406675e-05,5.54859561e-05,8.32260217e-05
0.00000000e+00,1.80181540e-05,3.60386500e-05,5.40564902e-05
0.00000000e+00,3.99513846e-05,7.99080992e-05,1.19858545e-04
0.00000000e+00,3.05810404e-05,6.11709109e-05,9.17504435e-05
0.00000000e+00,3.79535003e-05,7.59115180e-05,1.13864271e-04
0.00000000e+00,2.90403147e-05,5.80883365e-05,8.71274866e-05
0.00000000e+00,3.71328246e-05,7.42707027e-05,1.11402646e-04
0.00000000e+00,3.59598784e-05,7.19270564e-05,1.07885725e-04
0.00000000e+00,2.88429515e-05,5.76944096e-05,8.65359648e-05
0.00000000e+00,3.50264871e-05,7.00572063e-05,1.05082999e-04
0.00000000e+00,3.41521425e-05,6.83106716e-05,1.02461861e-04
0.00000000e+00,2.72169515e-05,5.44413350e-05,8.16572058e-05
0.00000000e+00,3.33514864e-05,6.67097985e-05,1.00060152e-04
0.00000000e+00,3.14553428e-05,6.29166079e-05,9.43710552e-05
0.00000000e+00,4.10815573e-05,8.21696539e-05,1.23250249e-04
0.00000000e+00,3.14428995e-05,6.28949105e-05,9.43359077e-05
0.00000000e+00,4.08533581e-05,8.17127640e-05,1.22565124e-04
0.00000000e+00,3.12652593e-05,6.25397622e-05,9.38032226e-05
0.00000000e+00,3.81575457e-05,7.63214711e-05,1.14478150e-04
0.00000000e+00,3.69760677e-05,7.39600303e-05,1.10934629e-04
0.00000000e+00,2.96300054e-05,5.92687554e-05,8.88969749e-05
0.00000000e+00,3.79327254e-05,7.58712256e-05,1.13803039e-04
0.00000000e+00,3.67696217e-05,7.35470126e-05,1.10315209e-04
0.00000000e+00,2.94519191e-05,5.89127137e-05,8.83629497e-05
0.00000000e+00,3.42746583e-05,6.85568933e-05,1.02830216e-04
0.00000000e+00,3.40734872e-05,6.81543058e-05,1.02226487e-04
0.00000000e+00,3.99513229e-05,7.99083066e-05,1.19858712e-04
0.00000000e+00,3.05815269e-05,6.11704681e-05,9.17503239e-05
0.00000000e+00,4.08532333e-05,8.17129608e-05,1.22565271e-04
0.00000000e+00,3.12655464e-05,6.25394434e-05,9.38031097e-05
0.00000000e+00,3.71327146e-05,7.42709645e-05,1.11402836e-04
0.00000000e+00,3.59601282e-05,7.19269155e-05,1.07885722e-04
0.00000000e+00,2.88434384e-05,5.76939728e-05,8.65358454e-05
0.00000000e+00,3.79325865e-05,7.58714467e-05,1.13803199e-04
0.00000000e+00,3.67696975e-05,7.35469340e-05,1.10315196e-04
0.00000000e+00,2.94521924e-05,5.89124137e-05,8.83628406e-05
0.00000000e+00,3.33516547e-05,6.67097437e-05,1.00060185e-04
0.00000000e+00,3.40735015e-05,6.81542975e-05,1.02226510e-04
0.00000000e+00,3.32394952e-05,6.64823216e-05,9.97212687e-05
0.00000000e+00,2.54498161e-05,5.09037595e-05,7.63525188e-05
0.00000000e+00,3.79534769e-05,7.59117338e-05,1.13864443e-04
0.00000000e+00,2.90409132e-05,5.80878917e-05,8.71274172e-05
0.00000000e+00,3.09066595e-05,6.18165748e-05,9.27227277e-05
0.00000000e+00,2.99212475e-05,5.98462301e-05,8.97666442e-05
0.00000000e+00,2.40681964e-05,4.81402906e-05,7.22074724e-05
0.00000000e+00,3.50264200e-05,7.00574689e-05,1.05083185e-04
0.00000000e+00,3.41525320e-05,6.83104809e-05,1.02461892e-04
0.00000000e+00,2.72175406e-05,5.44409123e-05,8.16571427e-05
0.00000000e+00,2.77410679e-05,5.54857628e-05,8.32260614e-05
0.00000000e+00,3.14556486e-05,6.29165084e-05,9.43711253e-05
0.00000000e+00,0.00000000e+00,0.00000000e+00,0.00000000e+00
0.00000000e+00,0.00000000e+00,0.00000000e+00,0.00000000e+00
0.00000000e+00,2.40430809e-05,4.80877483e-05,7.21305286e-05
0.00000000e+00,1.84147655e-05,3.68316021e-05,5.52458529e-05
0.00000000e+00,0.00000000e+00,0.00000000e+00,0.00000000e+00
0.00000000e+00,0.00000000e+00,0.00000000e+00,0.00000000e+00
0.00000000e+00,0.00000000e+00,0.00000000e+00,0.00000000e+00
0.00000000e+00,2.01047660e-05,4.02110047e-05,6.03154977e-05
0.00000000e+00,2.16193485e-05,4.32405221e-05,6.48594398e-05
0.00000000e+00,1.58852466e-05,3.17724603e-05,4.76572066e-05
0.00000000e+00,0.00000000e+00,0.00000000e+00,0.00000000e+00
0.00000000e+00,1.80183933e-05,3.60385216e-05,5.40565205e-05
0.00000000e+00,0.00000000e+00,0.00000000e+00,0.00000000e+00
0.00000000e+00,1.61729400e-05,3.23472789e-05,4.85203450e-05
0.00000000e+00,0.00000000e+00,0.00000000e+00,0.00000000e+00
0.00000000e+00,0.00000000e+00,0.00000000e+00,0.00000000e+00
0.00000000e+00,9.06409807e-06,1.81288103e-05,2.71929628e-05
0.00000000e+00,1.33429590e-05,2.66873183e-05,4.00304154e-05
0.00000000e+00,1.58908926e-05,3.17837012e-05,4.76745739e-05
0.00000000e+00,0.00000000e+00,0.00000000e+00,0.00000000e+00
0.00000000e+00,7.41968309e-06,1.48399603e-05,2.22596912e-05
0.00000000e+00,8.91127983e-06,1.78234331e-05,2.67346792e-05
0.00000000e+00,1.32191551e-05,2.64401479e-05,3.96593005e-05
0.00000000e+00,7.35622270e-06,1.47132527e-05,2.20694495e-05
0.00000000e+00,2.26566250e-05,4.53156598e-05,6.79724060e-05
0.00000000e+00,2.04896691e-05,4.09812876e-05,6.14710838e-05
0.00000000e+00,1.90619683e-05,3.81263950e-05,5.71885036e-05
0.00000000e+00,2.22349750e-05,4.44732250e-05,6.67080721e-05
0.00000000e+00,1.71050205e-05,3.42120138e-05,5.13171679e-05
0.00000000e+00,2.01174808e-05,4.02376225e-05,6.03550325e-05
0.00000000e+00,1.88518693e-05,3.77069853e-05,5.65587725e-05
0.00000000e+00,1.69285405e-05,3.38596664e-05,5.07881721e-05
0.00000000e+00,2.37528274e-05,4.75088059e-05,7.12617705e-05
0.00000000e+00,2.35233895e-05,4.70495912e-05,7.05730971e-05
0.00000000e+00,2.00822707e-05,4.01676654e-05,6.02500863e-05
0.00000000e+00,2.33051374e-05,4.66143608e-05,6.99193697e-05
0.00000000e+00,1.98647171e-05,3.97322754e-05,5.95971242e-05
0.00000000e+00,2.30813795e-05,4.61665151e-05,6.92477569e-05
0.00000000e+00,1.98518900e-05,3.97077979e-05,5.95596155e-05
0.00000000e+00,1.96390261e-05,3.92817242e-05,5.89206699e-05
0.00000000e+00,2.26564808e-05,4.53159224e-05,6.79725165e-05
0.00000000e+00,2.35232527e-05,4.70497789e-05,7.05731750e-05
0.00000000e+00,1.90618599e-05,3.81266071e-05,5.71885851e-05
0.00000000e+00,2.22348297e-05,4.44734784e-05,6.67082034e-05
0.00000000e+00,1.98645776e-05,3.97324486e-05,5.95971962e-05
0.00000000e+00,2.30812698e-05,4.61666817e-05,6.92478334e-05
0.00000000e+00,1.88517421e-05,3.77072026e-05,5.65588960e-05
0.00000000e+00,1.96389095e-05,3.92818788e-05,5.89207382e-05
0.00000000e+00,1.61728982e-05,3.23474616e-05,4.85204379e-05
0.00000000e+00,2.04895632e-05,4.09815427e-05,6.14712033e-05
0.00000000e+00,1.33429442e-05,2.66874627e-05,4.00304847e-05
0.00000000e+00,1.58908819e-05,3.17838511e-05,4.76746711e-05
0.00000000e+00,1.71049317e-05,3.42122351e-05,5.13172738e-05
0.00000000e+00,2.01173940e-05,4.02378551e-05,6.03551512e-05
0.00000000e+00,1.32191486e-05,2.64402832e-05,3.96593938e-05
0.00000000e+00,1.69284634e-05,3.38598708e-05,5.07882764e-05
0.00000000e+00,0.00000000e+00,0.00000000e+00,0.00000000e+00
0.00000000e+00,9.06411032e-06,1.81288745e-05,2.71930040e-05
0.00000000e+00,0.00000000e+00,0.00000000e+00,0.00000000e+00
0.00000000e+00,0.00000000e+00,0.00000000e+00,0.00000000e+00
0.00000000e+00,7.41967565e-06,1.48400438e-05,2.22597461e-05
0.00000000e+00,8.91130839e-06,1.78234635e-05,2.67347155e-05
0.00000000e+00,0.00000000e+00,0.00000000e+00,0.00000000e+00
0.00000000e+00,7.35624146e-06,1.47132795e-05,2.20694854e-05
0.00000000e+00,0.00000000e+00,0.00000000e+00,0.00000000e+00
0.00000000e+00,2.24258453e-05,4.48531430e-05,6.72791144e-05
0.00000000e+00,0.00000000e+00,0.00000000e+00,0.00000000e+00
0.00000000e+00,0.00000000e+00,0.00000000e+00,0.00000000e+00
0.00000000e+00,1.28955230e-05,2.57917026e-05,3.86872859e-05
0.00000000e+00,1.91884966e-05,3.83784218e-05,5.75670415e-05
0.00000000e+00,2.17659394e-05,4.35339585e-05,6.52998310e-05
0.00000000e+00,0.00000000e+00,0.00000000e+00,0.00000000e+00
0.00000000e+00,1.08675509e-05,2.17357347e-05,3.26033441e-05
0.00000000e+00,1.25101394e-05,2.50212679e-05,3.75313532e-05
0.00000000e+00,1.87297172e-05,3.74614394e-05,5.61911223e-05
0.00000000e+00,1.06103841e-05,2.12217063e-05,3.18320448e-05
0.00000000e+00,2.97694601e-05,5.95412246e-05,8.93107673e-05
0.00000000e+00,2.74472886e-05,5.48965106e-05,8.23439075e-05
0.00000000e+00,2.62325581e-05,5.24674782e-05,7.87001339e-05
0.00000000e+00,2.89316007e-05,5.78665698e-05,8.67979323e-05
0.00000000e+00,2.39420354e-05,4.78860046e-05,7.18281604e-05
0.00000000e+00,2.66633104e-05,5.33294267e-05,7.99925728e-05
0.00000000e+00,2.56008782e-05,5.12050635e-05,7.68057673e-05
0.00000000e+00,2.33667447e-05,4.67362268e-05,7.01028562e-05
0.00000000e+00,3.09107440e-05,6.18246440e-05,9.27354829e-05
0.00000000e+00,3.06813285e-05,6.13654064e-05,9.20468184e-05
0.00000000e+00,2.73645642e-05,5.47322833e-05,8.20969593e-05
0.00000000e+00,3.00471577e-05,6.00985925e-05,9.01454993e-05
0.00000000e+00,2.71320168e-05,5.42668173e-05,8.13989341e-05
0.00000000e+00,2.98231444e-05,5.96502067e-05,8.94730939e-05
0.00000000e+00,2.67056011e-05,5.34153648e-05,8.01207850e-05
0.00000000e+00,2.64786330e-05,5.29611012e-05,7.94395348e-05
0.00000000e+00,2.97692697e-05,5.95415601e-05,8.93109091e-05
0.00000000e+00,3.06811857e-05,6.13656307e-05,9.20469078e-05
0.00000000e+00,2.62323830e-05,5.24677856e-05,7.87002689e-05
0.00000000e+00,2.89314506e-05,5.78668627e-05,8.67980711e-05
0.00000000e+00,2.71318734e-05,5.42670259e-05,8.13990220e-05
0.00000000e+00,2.98230464e-05,5.96503944e-05,8.94731834e-05
0.00000000e+00,2.56007312e-05,5.12053378e-05,7.68058967e-05
0.00000000e+00,2.64785329e-05,5.29612795e-05,7.94396181e-05
0.00000000e+00,2.24258076e-05,4.48533539e-05,6.72792149e-05
0.00000000e+00,2.74471534e-05,5.48968307e-05,8.23440532e-05
0.00000000e+00,1.91884365e-05,3.83786354e-05,5.75671519e-05
0.00000000e+00,2.17659264e-05,4.35341509e-05,6.52999410e-05
0.00000000e+00,2.39419123e-05,4.78862960e-05,7.18282925e-05
0.00000000e+00,2.66632216e-05,5.33296939e-05,7.99927118e-05
0.00000000e+00,1.87296954e-05,3.74616205e-05,5.61912284e-05
0.00000000e+00,2.33666545e-05,4.67364773e-05,7.01029853e-05
0.00000000e+00,0.00000000e+00,0.00000000e+00,0.00000000e+00
0.00000000e+00,1.28955581e-05,2.57917559e-05,3.86873115e-05
0.00000000e+00,0.00000000e+00,0.00000000e+00,0.00000000e+00
0.00000000e+00,0.00000000e+00,0.00000000e+00,0.00000000e+00
0.00000000e+00,1.08675801e-05,2.17357901e-05,3.26033766e-05
0.00000000e+00,1.25101753e-05,2.50213062e-05,3.75313904e-05
0.00000000e+00,0.00000000e+00,0.00000000e+00,0.00000000e+00
0.00000000e+00,1.06104190e-05,2.12217369e-05,3.18320786e-05
0.00000000e+00,0.00000000e+00,0.00000000e+00,0.00000000e+00
0.00000000e+00,2.96007119e-05,5.92029601e-05,8.88038055e-05
0.00000000e+00,0.00000000e+00,0.00000000e+00,0.00000000e+00
0.00000000e+00,0.00000000e+00,0.00000000e+00,0.00000000e+00
0.00000000e+00,1.80352042e-05,3.60711109e-05,5.41063758e-05
0.00000000e+00,2.59165692e-05,5.18346354e-05,7.77513381e-05
0.00000000e+00,2.84567199e-05,5.69157189e-05,8.53723111e-05
0.00000000e+00,0.00000000e+00,0.00000000e+00,0.00000000e+00
0.00000000e+00,1.52344242e-05,3.04695240e-05,4.57040086e-05
0.00000000e+00,1.72424271e-05,3.44859322e-05,5.17282824e-05
0.00000000e+00,2.50260660e-05,5.00542982e-05,7.50802686e-05
0.00000000e+00,1.46814518e-05,2.93639263e-05,4.40453123e-05
0.00000000e+00,3.66506839e-05,7.33035367e-05,1.09954257e-04
0.00000000e+00,3.44543219e-05,6.89105591e-05,1.03364973e-04
0.00000000e+00,3.32478554e-05,6.64979518e-05,9.97458705e-05
0.00000000e+00,3.54218766e-05,7.08472431e-05,1.06268748e-04
0.00000000e+00,3.09735994e-05,6.19491263e-05,9.29228253e-05
0.00000000e+00,3.32675939e-05,6.65381498e-05,9.98054751e-05
0.00000000e+00,3.22123782e-05,6.44281744e-05,9.66402493e-05
0.00000000e+00,2.99806723e-05,5.99642117e-05,8.99446670e-05
0.00000000e+00,3.77854898e-05,7.55740936e-05,1.13359643e-04
0.00000000e+00,3.75833489e-05,7.51693777e-05,1.12752782e-04
0.00000000e+00,3.43878935e-05,6.87789468e-05,1.03166918e-04
0.00000000e+00,3.65376901e-05,7.30799456e-05,1.09617263e-04
0.00000000e+00,3.41635967e-05,6.83299016e-05,1.02493566e-04
0.00000000e+00,3.63390694e-05,7.26822470e-05,1.09020940e-04
0.00000000e+00,3.33286147e-05,6.66616183e-05,9.99899162e-05
0.00000000e+00,3.31077399e-05,6.62194778e-05,9.93269038e-05
0.00000000e+00,3.66504850e-05,7.33038914e-05,1.09954404e-04
0.00000000e+00,3.75832131e-05,7.51696106e-05,1.12752872e-04
0.00000000e+00,3.32476539e-05,6.64983091e-05,9.97460171e-05
0.00000000e+00,3.54217081e-05,7.08475661e-05,1.06268916e-04
0.00000000e+00,3.41634525e-05,6.83301372e-05,1.02493657e-04
0.00000000e+00,3.63389654e-05,7.26824577e-05,1.09021044e-04
0.00000000e+00,3.22122232e-05,6.44284836e-05,9.66404025e-05
0.00000000e+00,3.31076350e-05,6.62196833e-05,9.93270026e-05
0.00000000e+00,2.96007189e-05,5.92031551e-05,8.88038846e-05
0.00000000e+00,3.44541792e-05,6.89108997e-05,1.03365122e-04
0.00000000e+00,2.59165619e-05,5.18348407e-05,7.77514250e-05
0.00000000e+00,2.84567326e-05,5.69159144e-05,8.53724288e-05
0.00000000e+00,3.09734566e-05,6.19494686e-05,9.29229793e-05
0.00000000e+00,3.32674863e-05,6.65384470e-05,9.98056445e-05
0.00000000e+00,2.50260642e-05,5.00544980e-05,7.50803836e-05
0.00000000e+00,2.99805682e-05,5.99645034e-05,8.99448234e-05
0.00000000e+00,0.00000000e+00,0.00000000e+00,0.00000000e+00
0.00000000e+00,1.80352419e-05,3.60711555e-05,5.41063883e-05
0.00000000e+00,0.00000000e+00,0.00000000e+00,0.00000000e+00
0.00000000e+00,0.00000000e+00,0.00000000e+00,0.00000000e+00
0.00000000e+00,1.52344633e-05,3.04695707e-05,4.57040244e-05
0.00000000e+00,1.72424670e-05,3.44859741e-05,5.17283273e-05
0.00000000e+00,0.00000000e+00,0.00000000e+00,0.00000000e+00
0.00000000e+00,1.46814861e-05,2.93639689e-05,4.40453534e-05
0.00000000e+00,0.00000000e+00,0.00000000e+00,0.00000000e+00
0.00000000e+00,3.59685246e-05,7.19386332e-05,1.07907286e-04
0.00000000e+00,0.00000000e+00,0.00000000e+00,0.00000000e+00
0.00000000e+00,0.00000000e+00,0.00000000e+00,0.00000000e+00
0.00000000e+00,2.60160080e-05,5.20328252e-05,7.80488907e-05
0.00000000e+00,3.32956803e-05,6.65929686e-05,9.98887881e-05
0.00000000e+00,3.52748203e-05,7.05521463e-05,1.05826772e-04
0.00000000e+00,0.00000000e+00,0.00000000e+00,0.00000000e+00
0.00000000e+00,2.15425091e-05,4.30857622e-05,6.46283305e-05
0.00000000e+00,2.54874002e-05,5.09760908e-05,7.64633864e-05
0.00000000e+00,3.23871426e-05,6.47767089e-05,9.71636940e-05
0.00000000e+00,2.08275201e-05,4.16561976e-05,6.24836273e-05
0.00000000e+00,4.32413435e-05,8.64847674e-05,1.29726119e-04
0.00000000e+00,4.10855727e-05,8.21730337e-05,1.23258681e-04
0.00000000e+00,4.00488618e-05,8.00998326e-05,1.20148706e-04
0.00000000e+00,4.24126550e-05,8.48290006e-05,1.27241163e-04
0.00000000e+00,3.77703159e-05,7.55425432e-05,1.13312940e-04
0.00000000e+00,4.02946953e-05,8.05926016e-05,1.20886932e-04
0.00000000e+00,3.90228993e-05,7.80493662e-05,1.17071820e-04
0.00000000e+00,3.67907439e-05,7.35845712e-05,1.10374994e-04
0.00000000e+00,4.44668983e-05,8.89367961e-05,1.33403734e-04
0.00000000e+00,4.42209911e-05,8.84445829e-05,1.32665617e-04
0.00000000e+00,4.11593337e-05,8.23217563e-05,1.23481133e-04
0.00000000e+00,4.36159429e-05,8.72367327e-05,1.30852193e-04
0.00000000e+00,4.09177384e-05,8.18381312e-05,1.22755917e-04
0.00000000e+00,4.33752601e-05,8.67548853e-05,1.30129649e-04
0.00000000e+00,4.01126122e-05,8.02299656e-05,1.20342148e-04
0.00000000e+00,3.98786209e-05,7.97614820e-05,1.19639664e-04
0.00000000e+00,4.32411691e-05,8.64850844e-05,1.29726250e-04
0.00000000e+00,4.42208673e-05,8.84448063e-05,1.32665703e-04
0.00000000e+00,4.00486673e-05,8.01001825e-05,1.20148851e-04
0.00000000e+00,4.24124985e-05,8.48292969e-05,1.27241340e-04
0.00000000e+00,4.09176103e-05,8.18383589e-05,1.22756003e-04
0.00000000e+00,4.33751711e-05,8.67550827e-05,1.30129754e-04
0.00000000e+00,3.90227259e-05,7.80496836e-05,1.17072000e-04
0.00000000e+00,3.98785223e-05,7.97616956e-05,1.19639773e-04
0.00000000e+00,3.59685463e-05,7.19388060e-05,1.07907352e-04
0.00000000e+00,4.10854358e-05,8.21733536e-05,1.23258823e-04
0.00000000e+00,3.32957053e-05,6.65931552e-05,9.98888586e-05
0.00000000e+00,3.52748537e-05,7.05523207e-05,1.05826896e-04
0.00000000e+00,3.77701758e-05,7.55428718e-05,1.13313085e-04
0.00000000e+00,4.02946034e-05,8.05928617e-05,1.20887099e-04
0.00000000e+00,3.23871734e-05,6.47768957e-05,9.71638173e-05
0.00000000e+00,3.67906358e-05,7.35848597e-05,1.10375170e-04
0.00000000e+00,0.00000000e+00,0.00000000e+00,0.00000000e+00
0.00000000e+00,2.60160453e-05,5.20328632e-05,7.80488979e-05
0.00000000e+00,0.00000000e+00,0.00000000e+00,0.00000000e+00
0.00000000e+00,0.00000000e+00,0.00000000e+00,0.00000000e+00
0.00000000e+00,2.15425532e-05,4.30857956e-05,6.46283364e-05
0.00000000e+00,2.54874632e-05,5.09761176e-05,7.64634326e-05
0.00000000e+00,0.00000000e+00,0.00000000e+00,0.00000000e+00
0.00000000e+00,2.08275705e-05,4.16562332e-05,6.24836742e-05
0.00000000e+00,0.00000000e+00,0.00000000e+00,0.00000000e+00
0.00000000e+00,1.57070497e-05,3.14144469e-05,4.71219154e-05
0.00000000e+00,0.00000000e+00,0.00000000e+00,0.00000000e+00
0.00000000e+00,0.00000000e+00,0.00000000e+00,0.00000000e+00
0.00000000e+00,8.83502484e-06,1.76701229e-05,2.65053572e-05
0.00000000e+00,1.31580012e-05,2.63164728e-05,3.94748606e-05
0.00000000e+00,1.58912403e-05,3.17833663e-05,4.76748752e-05
0.00000000e+00,0.00000000e+00,0.00000000e+00,0.00000000e+00
0.00000000e+00,7.34013079e-06,1.46803841e-05,2.20206991e-05
0.00000000e+00,8.91145019e-06,1.78232510e-05,2.67348379e-05
0.00000000e+00,1.32194616e-05,2.64398580e-05,3.96595685e-05
0.00000000e+00,7.35636932e-06,1.47130977e-05,2.20695855e-05
0.00000000e+00,2.18131654e-05,4.36269334e-05,6.54407186e-05
0.00000000e+00,1.97924519e-05,3.95853725e-05,5.93783643e-05
0.00000000e+00,1.86444047e-05,3.72896799e-05,5.59346515e-05
0.00000000e+00,2.22355569e-05,4.44726570e-05,6.67085807e-05
0.00000000e+00,1.67855324e-05,3.35717314e-05,5.03577544e-05
0.00000000e+00,2.01179604e-05,4.02371618e-05,6.03554508e-05
0.00000000e+00,1.88523893e-05,3.77064832e-05,5.65592223e-05
0.00000000e+00,1.69289673e-05,3.38592652e-05,5.07885383e-05
0.00000000e+00,2.28252279e-05,4.56517211e-05,6.84776734e-05
0.00000000e+00,2.26149101e-05,4.52306876e-05,6.78462803e-05
0.00000000e+00,1.96004113e-05,3.92023187e-05,5.88034059e-05
0.00000000e+00,2.33057532e-05,4.66137680e-05,6.99199446e-05
0.00000000e+00,1.93981921e-05,3.87975403e-05,5.81963603e-05
0.00000000e+00,2.30820079e-05,4.61659007e-05,6.92483082e-05
0.00000000e+00,1.98524463e-05,3.97072689e-05,5.95601273e-05
0.00000000e+00,1.96395803e-05,3.92811887e-05,5.89211475e-05
0.00000000e+00,2.18129000e-05,4.36273107e-05,6.54408457e-05
0.00000000e+00,2.26147016e-05,4.52309556e-05,6.78463611e-05
0.00000000e+00,1.86441581e-05,3.72900194e-05,5.59347734e-05
0.00000000e+00,2.22353534e-05,4.44729818e-05,6.67087042e-05
0.00000000e+00,1.93979879e-05,3.87977872e-05,5.81964410e-05
0.00000000e+00,2.30818387e-05,4.61661277e-05,6.92483877e-05
0.00000000e+00,1.88522108e-05,3.77067641e-05,5.65593353e-05
0.00000000e+00,1.96394161e-05,3.92813926e-05,5.89212239e-05
0.00000000e+00,1.57070009e-05,3.14146590e-05,4.71219850e-05
0.00000000e+00,1.97922783e-05,3.95857145e-05,5.93784741e-05
0.00000000e+00,1.31579853e-05,2.63166499e-05,3.94749249e-05
0.00000000e+00,1.58912071e-05,3.17835671e-05,4.76749657e-05
0.00000000e+00,1.67853688e-05,3.35720390e-05,5.03578592e-05
0.00000000e+00,2.01178260e-05,4.02374597e-05,6.03555724e-05
0.00000000e+00,1.32194309e-05,2.64400438e-05,3.96596552e-05
0.00000000e+00,1.69288403e-05,3.38595335e-05,5.07886483e-05
0.00000000e+00,0.00000000e+00,0.00000000e+00,0.00000000e+00
0.00000000e+00,8.83502076e-06,1.76702258e-05,2.65053916e-05
0.00000000e+00,0.00000000e+00,0.00000000e+00,0.00000000e+00
0.00000000e+00,0.00000000e+00,0.00000000e+00,0.00000000e+00
0.00000000e+00,7.34013624e-06,1.46804650e-05,2.20207316e-05
0.00000000e+00,8.91146948e-06,1.78233271e-05,2.67348742e-05
0.00000000e+00,0.00000000e+00,0.00000000e+00,0.00000000e+00
0.00000000e+00,7.35638625e-06,1.47131656e-05,2.20696229e-05
0.00000000e+00,0.00000000e+00,0.00000000e+00,0.00000000e+00
0.00000000e+00,2.13236916e-05,4.26474327e-05,6.39716069e-05
0.00000000e+00,0.00000000e+00,0.00000000e+00,0.00000000e+00
0.00000000e+00,0.00000000e+00,0.00000000e+00,0.00000000e+00
0.00000000e+00,1.23199206e-05,2.46397949e-05,3.69599616e-05
0.00000000e+00,1.84205962e-05,3.68414151e-05,5.52624678e-05
0.00000000e+00,2.17663743e-05,4.35335284e-05,6.53002126e-05
0.00000000e+00,0.00000000e+00,0.00000000e+00,0.00000000e+00
0.00000000e+00,1.04761548e-05,2.09523312e-05,3.14287156e-05
0.00000000e+00,1.25103622e-05,2.50210348e-05,3.75315595e-05
0.00000000e+00,1.87301086e-05,3.74610589e-05,5.61914573e-05
0.00000000e+00,1.06105804e-05,2.12214951e-05,3.18322287e-05
0.00000000e+00,2.80733970e-05,5.61468428e-05,8.42209759e-05
0.00000000e+00,2.59509299e-05,5.19018742e-05,7.78534394e-05
0.00000000e+00,2.49615021e-05,4.99233339e-05,7.48855113e-05
0.00000000e+00,2.89323164e-05,5.78658476e-05,8.67985779e-05
0.00000000e+00,2.28529856e-05,4.57062278e-05,6.85598064e-05
0.00000000e+00,2.66639034e-05,5.33288258e-05,7.99931066e-05
0.00000000e+00,2.56015239e-05,5.12044284e-05,7.68063393e-05
0.00000000e+00,2.33672797e-05,4.67356984e-05,7.01033303e-05
0.00000000e+00,2.91188433e-05,5.82384750e-05,8.73581581e-05
0.00000000e+00,2.89097507e-05,5.78198314e-05,8.67304015e-05
0.00000000e+00,2.59995301e-05,5.20001141e-05,7.80004236e-05
0.00000000e+00,3.00479232e-05,6.00978394e-05,9.01462173e-05
0.00000000e+00,2.57875710e-05,5.15757313e-05,7.73640499e-05
0.00000000e+00,2.98239293e-05,5.96494229e-05,8.94738034e-05
0.00000000e+00,2.67062829e-05,5.34147048e-05,8.01214213e-05
0.00000000e+00,2.64793412e-05,5.29604032e-05,7.94401661e-05
0.00000000e+00,2.80730893e-05,5.61473169e-05,8.42211256e-05
0.00000000e+00,2.89095256e-05,5.78201673e-05,8.67304880e-05
0.00000000e+00,2.49612106e-05,4.99237662e-05,7.48856500e-05
0.00000000e+00,2.89320803e-05,5.78662424e-05,8.67987144e-05
0.00000000e+00,2.57873444e-05,5.15760404e-05,7.73641363e-05
0.00000000e+00,2.98237574e-05,5.96496852e-05,8.94738800e-05
0.00000000e+00,2.56013045e-05,5.12047877e-05,7.68064677e-05
0.00000000e+00,2.64791680e-05,5.29606506e-05,7.94402456e-05
0.00000000e+00,2.13236067e-05,4.26477025e-05,6.39716855e-05
0.00000000e+00,2.59506899e-05,5.19023175e-05,7.78535756e-05
0.00000000e+00,1.84205370e-05,3.68416541e-05,5.52625362e-05
0.00000000e+00,2.17663193e-05,4.35337716e-05,6.53003056e-05
0.00000000e+00,2.28527914e-05,4.57066184e-05,6.85599272e-05
0.00000000e+00,2.66637421e-05,5.33291764e-05,7.99932443e-05
0.00000000e+00,1.87300544e-05,3.74612925e-05,5.61915539e-05
0.00000000e+00,2.33671311e-05,4.67360264e-05,7.01034640e-05
0.00000000e+00,0.00000000e+00,0.00000000e+00,0.00000000e+00
0.00000000e+00,1.23199071e-05,2.46399066e-05,3.69599890e-05
0.00000000e+00,0.00000000e+00,0.00000000e+00,0.00000000e+00
0.00000000e+00,0.00000000e+00,0.00000000e+00,0.00000000e+00
0.00000000e+00,1.04761449e-05,2.09524397e-05,3.14287465e-05
0.00000000e+00,1.25103749e-05,2.50211188e-05,3.75315873e-05
0.00000000e+00,0.00000000e+00,0.00000000e+00,0.00000000e+00
0.00000000e+00,1.06105978e-05,2.12215733e-05,3.18322604e-05
0.00000000e+00,0.00000000e+00,0.00000000e+00,0.00000000e+00
0.00000000e+00,2.76906958e-05,5.53810715e-05,8.30723049e-05
0.00000000e+00,0.00000000e+00,0.00000000e+00,0.00000000e+00
0.00000000e+00,0.00000000e+00,0.00000000e+00,0.00000000e+00
0.00000000e+00,1.69684748e-05,3.39367143e-05,5.09054671e-05
0.00000000e+00,2.44356859e-05,4.88712544e-05,7.33074517e-05
0.00000000e+00,2.84572559e-05,5.69151780e-05,8.53727908e-05
0.00000000e+00,0.00000000e+00,0.00000000e+00,0.00000000e+00
0.00000000e+00,1.44417545e-05,2.88833748e-05,4.33253912e-05
0.00000000e+00,1.72426976e-05,3.44856583e-05,5.17285304e-05
0.00000000e+00,2.50265434e-05,5.00538206e-05,7.50806941e-05
0.00000000e+00,1.46816936e-05,2.93636761e-05,4.40455386e-05
0.00000000e+00,3.41353928e-05,6.82702152e-05,1.02406477e-04
0.00000000e+00,3.21122647e-05,6.42240185e-05,9.63370061e-05
0.00000000e+00,3.11342894e-05,6.22683541e-05,9.34034422e-05
0.00000000e+00,3.54227469e-05,7.08463408e-05,1.06269550e-04
0.00000000e+00,2.90559658e-05,5.81116903e-05,8.71683342e-05
0.00000000e+00,3.32683238e-05,6.65373923e-05,9.98061437e-05
0.00000000e+00,3.22131579e-05,6.44273700e-05,9.66409657e-05
0.00000000e+00,2.99813188e-05,5.99635411e-05,8.99452615e-05
0.00000000e+00,3.51777557e-05,7.03557194e-05,1.05534466e-04
0.00000000e+00,3.49912098e-05,6.99821058e-05,1.04974283e-04
0.00000000e+00,3.21804280e-05,6.43614102e-05,9.65427497e-05
0.00000000e+00,3.65386519e-05,7.30789824e-05,1.09618157e-04
0.00000000e+00,3.19763577e-05,6.39527512e-05,9.59300000e-05
0.00000000e+00,3.63400286e-05,7.26812769e-05,1.09021819e-04
0.00000000e+00,3.33294619e-05,6.66607736e-05,9.99907141e-05
0.00000000e+00,3.31085977e-05,6.62186115e-05,9.93276917e-05
0.00000000e+00,3.41350689e-05,6.82707251e-05,1.02406631e-04
0.00000000e+00,3.49909749e-05,6.99824789e-05,1.04974378e-04
0.00000000e+00,3.11339648e-05,6.22688660e-05,9.34036032e-05
0.00000000e+00,3.54224865e-05,7.08467821e-05,1.06269694e-04
0.00000000e+00,3.19761379e-05,6.39531040e-05,9.59300907e-05
0.00000000e+00,3.63398590e-05,7.26815614e-05,1.09021903e-04
0.00000000e+00,3.22129097e-05,6.44277926e-05,9.66411080e-05
0.00000000e+00,3.31084261e-05,6.62188898e-05,9.93277679e-05
0.00000000e+00,2.76905567e-05,5.53813958e-05,8.30723970e-05
0.00000000e+00,3.21119532e-05,6.42245209e-05,9.63371695e-05
0.00000000e+00,2.44355734e-05,4.88715639e-05,7.33075443e-05
0.00000000e+00,2.84571920e-05,5.69154373e-05,8.53728725e-05
0.00000000e+00,2.90556844e-05,5.81121779e-05,8.71684866e-05
0.00000000e+00,3.32681292e-05,6.65377899e-05,9.98062815e-05
0.00000000e+00,2.50264925e-05,5.00540648e-05,7.50807807e-05
0.00000000e+00,2.99811422e-05,5.99639163e-05,8.99454034e-05
0.00000000e+00,0.00000000e+00,0.00000000e+00,0.00000000e+00
0.00000000e+00,1.69684480e-05,3.39368317e-05,5.09054906e-05
0.00000000e+00,0.00000000e+00,0.00000000e+00,0.00000000e+00
0.00000000e+00,0.00000000e+00,0.00000000e+00,0.00000000e+00
0.00000000e+00,1.44417382e-05,2.88834896e-05,4.33254176e-05
0.00000000e+00,1.72427021e-05,3.44857491e-05,5.17285510e-05
0.00000000e+00,0.00000000e+00,0.00000000e+00,0.00000000e+00
0.00000000e+00,1.46817040e-05,2.93637668e-05,4.40455628e-05
0.00000000e+00,0.00000000e+00,0.00000000e+00,0.00000000e+00
0.00000000e+00,3.32407959e-05,6.64808955e-05,9.97222818e-05
0.00000000e+00,0.00000000e+00,0.00000000e+00,0.00000000e+00
0.00000000e+00,0.00000000e+00,0.00000000e+00,0.00000000e+00
0.00000000e+00,2.40437242e-05,4.80870455e-05,7.21310763e-05
0.00000000e+00,3.09078568e-05,6.18152137e-05,9.27236332e-05
0.00000000e+00,3.52754987e-05,7.05514714e-05,1.05827367e-04
0.00000000e+00,0.00000000e+00,0.00000000e+00,0.00000000e+00
0.00000000e+00,2.01053439e-05,4.02103488e-05,6.03159868e-05
0.00000000e+00,2.54877539e-05,5.09757506e-05,7.64636898e-05
0.00000000e+00,3.23877516e-05,6.47760962e-05,9.71642348e-05
0.00000000e+00,2.08278259e-05,4.16558954e-05,6.24839006e-05
0.00000000e+00,3.99535625e-05,7.99059287e-05,1.19860490e-04
0.00000000e+00,3.79553631e-05,7.59096859e-05,1.13865868e-04
0.00000000e+00,3.71348049e-05,7.42686941e-05,1.11404438e-04
0.00000000e+00,4.24137401e-05,8.48278889e-05,1.27242157e-04
0.00000000e+00,3.50281542e-05,7.00555357e-05,1.05084459e-04
0.00000000e+00,4.02956226e-05,8.05916569e-05,1.20887761e-04
0.00000000e+00,3.90238772e-05,7.80483533e-05,1.17072723e-04
0.00000000e+00,3.67915726e-05,7.35837162e-05,1.10375747e-04
0.00000000e+00,4.10839373e-05,8.21673409e-05,1.23252432e-04
0.00000000e+00,4.08557372e-05,8.17104281e-05,1.22567290e-04
0.00000000e+00,3.81597383e-05,7.63193360e-05,1.14480151e-04
0.00000000e+00,4.36171583e-05,8.72355245e-05,1.30853301e-04
0.00000000e+00,3.79348760e-05,7.58690869e-05,1.13805012e-04
0.00000000e+00,4.33764576e-05,8.67536878e-05,1.30130739e-04
0.00000000e+00,4.01137107e-05,8.02288653e-05,1.20343153e-04
0.00000000e+00,3.98796999e-05,7.97603973e-05,1.19640648e-04
0.00000000e+00,3.99532398e-05,7.99064027e-05,1.19860626e-04
0.00000000e+00,4.08554702e-05,8.17108083e-05,1.22567378e-04
0.00000000e+00,3.71344761e-05,7.42692022e-05,1.11404590e-04
0.00000000e+00,4.24134743e-05,8.48283289e-05,1.27242292e-04
0.00000000e+00,3.79346244e-05,7.58694794e-05,1.13805106e-04
0.00000000e+00,4.33762946e-05,8.67539627e-05,1.30130826e-04
0.00000000e+00,3.90236128e-05,7.80488011e-05,1.17072862e-04
0.00000000e+00,3.98795301e-05,7.97606839e-05,1.19640740e-04
0.00000000e+00,3.32406014e-05,6.64812395e-05,9.97223658e-05
0.00000000e+00,3.79550148e-05,7.59101802e-05,1.13866041e-04
0.00000000e+00,3.09076801e-05,6.18155646e-05,9.27237290e-05
0.00000000e+00,3.52753937e-05,7.05517496e-05,1.05827440e-04
0.00000000e+00,3.50278188e-05,7.00560433e-05,1.05084635e-04
0.00000000e+00,4.02954090e-05,8.05920522e-05,1.20887882e-04
0.00000000e+00,3.23876696e-05,6.47763691e-05,9.71643094e-05
0.00000000e+00,3.67913601e-05,7.35841280e-05,1.10375876e-04
0.00000000e+00,0.00000000e+00,0.00000000e+00,0.00000000e+00
0.00000000e+00,2.40436669e-05,4.80871629e-05,7.21310914e-05
0.00000000e+00,0.00000000e+00,0.00000000e+00,0.00000000e+00
0.00000000e+00,0.00000000e+00,0.00000000e+00,0.00000000e+00
0.00000000e+00,2.01053101e-05,4.02104657e-05,6.03160038e-05
0.00000000e+00,2.54877435e-05,5.09758441e-05,7.64637046e-05
0.00000000e+00,0.00000000e+00,0.00000000e+00,0.00000000e+00
0.00000000e+00,2.08278261e-05,4.16559838e-05,6.24839166e-05
0.00000000e+00,0.00000000e+00,0.00000000e+00,0.00000000e+00
0.00000000e+00,1.43290621e-05,2.86572557e-05,4.29869937e-05
0.00000000e+00,0.00000000e+00,0.00000000e+00,0.00000000e+00
0.00000000e+00,0.00000000e+00,0.00000000e+00,0.00000000e+00
0.00000000e+00,8.15370461e-06,1.63068809e-05,2.44609178e-05
0.00000000e+00,1.26195371e-05,2.52385130e-05,3.78586753e-05
0.00000000e+00,1.49826920e-05,2.99651857e-05,4.49484300e-05
0.00000000e+00,0.00000000e+00,0.00000000e+00,0.00000000e+00
0.00000000e+00,7.11258153e-06,1.42247832e-05,2.13376843e-05
0.00000000e+00,8.46390127e-06,1.69276052e-05,2.53917837e-05
0.00000000e+00,1.28623149e-05,2.57246391e-05,3.85874621e-05
0.00000000e+00,7.20433363e-06,1.44085517e-05,2.16131378e-05
0.00000000e+00,1.93996159e-05,3.87979015e-05,5.81986122e-05
0.00000000e+00,1.77652842e-05,3.55294224e-05,5.32956210e-05
0.00000000e+00,1.74428173e-05,3.48847983e-05,5.23286086e-05
0.00000000e+00,2.06098519e-05,4.12193721e-05,6.18300726e-05
0.00000000e+00,1.58544238e-05,3.17081041e-05,4.75633655e-05
0.00000000e+00,1.87666573e-05,3.75330095e-05,5.63003963e-05
0.00000000e+00,1.80457281e-05,3.60914757e-05,5.41379740e-05
0.00000000e+00,1.63097918e-05,3.26195672e-05,4.89300272e-05
0.00000000e+00,2.02043255e-05,4.04074708e-05,6.06130903e-05
0.00000000e+00,2.00400426e-05,4.00787296e-05,6.01199800e-05
0.00000000e+00,1.82352764e-05,3.64698282e-05,5.47062827e-05
0.00000000e+00,2.15257153e-05,4.30515662e-05,6.45782780e-05
0.00000000e+00,1.80711121e-05,3.61413233e-05,5.42135232e-05
0.00000000e+00,2.13367500e-05,4.26732918e-05,6.40109866e-05
0.00000000e+00,1.89263201e-05,3.78530727e-05,5.67802985e-05
0.00000000e+00,1.87416782e-05,3.74835076e-05,5.62260405e-05
0.00000000e+00,1.93994050e-05,3.87981420e-05,5.81986685e-05
0.00000000e+00,2.00398779e-05,4.00788984e-05,6.01200212e-05
0.00000000e+00,1.74426582e-05,3.48849768e-05,5.23286483e-05
0.00000000e+00,2.06095925e-05,4.12197032e-05,6.18301609e-05
0.00000000e+00,1.80709797e-05,3.61414392e-05,5.42135555e-05
0.00000000e+00,2.13365550e-05,4.26735273e-05,6.40110443e-05
0.00000000e+00,1.80455095e-05,3.60917444e-05,5.41380479e-05
0.00000000e+00,1.87415107e-05,3.74836890e-05,5.62260893e-05
0.00000000e+00,1.43289586e-05,2.86574588e-05,4.29870288e-05
0.00000000e+00,1.77650838e-05,3.55297109e-05,5.32956913e-05
0.00000000e+00,1.26194418e-05,2.52386901e-05,3.78587130e-05
0.00000000e+00,1.49826069e-05,2.99653893e-05,4.49484674e-05
0.00000000e+00,1.58542766e-05,3.17082991e-05,4.75633994e-05
0.00000000e+00,1.87664658e-05,3.75333235e-05,5.63004791e-05
0.00000000e+00,1.28622251e-05,2.57248223e-05,3.85875046e-05
0.00000000e+00,1.63096326e-05,3.26198166e-05,4.89300851e-05
0.00000000e+00,0.00000000e+00,0.00000000e+00,0.00000000e+00
0.00000000e+00,8.15365594e-06,1.63069640e-05,2.44609288e-05
0.00000000e+00,0.00000000e+00,0.00000000e+00,0.00000000e+00
0.00000000e+00,0.00000000e+00,0.00000000e+00,0.00000000e+00
0.00000000e+00,7.11254908e-06,1.42248695e-05,2.13377025e-05
0.00000000e+00,8.46386052e-06,1.69277065e-05,2.53918085e-05
0.00000000e+00,0.00000000e+00,0.00000000e+00,0.00000000e+00
0.00000000e+00,7.20430402e-06,1.44086539e-05,2.16131710e-05
0.00000000e+00,0.00000000e+00,0.00000000e+00,0.00000000e+00
0.00000000e+00,1.80567724e-05,3.61120447e-05,5.41695780e-05
0.00000000e+00,0.00000000e+00,0.00000000e+00,0.00000000e+00
0.00000000e+00,0.00000000e+00,0.00000000e+00,0.00000000e+00
0.00000000e+00,1.05862387e-05,2.11716174e-05,3.17582279e-05
0.00000000e+00,1.61403060e-05,3.22794208e-05,4.84204543e-05
0.00000000e+00,1.96176134e-05,3.92345625e-05,5.88528147e-05
0.00000000e+00,0.00000000e+00,0.00000000e+00,0.00000000e+00
0.00000000e+00,9.30003710e-06,1.85993680e-05,2.78997514e-05
0.00000000e+00,1.13798985e-05,2.27593752e-05,3.41395888e-05
0.00000000e+00,1.72304233e-05,3.44604368e-05,5.16914567e-05
0.00000000e+00,9.84233888e-06,1.96843839e-05,2.95270182e-05
0.00000000e+00,2.32494342e-05,4.64965363e-05,6.97472539e-05
0.00000000e+00,2.16320343e-05,4.32620769e-05,6.48951853e-05
0.00000000e+00,2.13372145e-05,4.26726079e-05,6.40110167e-05
0.00000000e+00,2.56711619e-05,5.13412208e-05,7.70133930e-05
0.00000000e+00,1.96960287e-05,3.93904734e-05,5.90875001e-05
0.00000000e+00,2.37738186e-05,4.75466762e-05,7.13213420e-05
0.00000000e+00,2.31551317e-05,4.63095562e-05,6.94656158e-05
0.00000000e+00,2.12593882e-05,4.25181603e-05,6.37783351e-05
0.00000000e+00,2.40550049e-05,4.81077445e-05,7.21642917e-05
0.00000000e+00,2.38963073e-05,4.77901688e-05,7.16879292e-05
0.00000000e+00,2.21445794e-05,4.42874615e-05,6.64334552e-05
0.00000000e+00,2.66085226e-05,5.32164724e-05,7.98261909e-05
0.00000000e+00,2.19823382e-05,4.39627711e-05,6.59464377e-05
0.00000000e+00,2.64220706e-05,5.28431549e-05,7.92663575e-05
0.00000000e+00,2.40872811e-05,4.81743762e-05,7.22627496e-05
0.00000000e+00,2.38979374e-05,4.77953176e-05,7.16942920e-05
0.00000000e+00,2.32491501e-05,4.64968175e-05,6.97473125e-05
0.00000000e+00,2.38961079e-05,4.77903262e-05,7.16879592e-05
0.00000000e+00,2.13369634e-05,4.26728853e-05,6.40110747e-05
0.00000000e+00,2.56708240e-05,5.13416540e-05,7.70135023e-05
0.00000000e+00,2.19821541e-05,4.39629445e-05,6.59464781e-05
0.00000000e+00,2.64218333e-05,5.28434592e-05,7.92664240e-05
0.00000000e+00,2.31548231e-05,4.63099552e-05,6.94657201e-05
0.00000000e+00,2.38977121e-05,4.77956089e-05,7.16943578e-05
0.00000000e+00,1.80566152e-05,3.61122784e-05,5.41696205e-05
0.00000000e+00,2.16317805e-05,4.32624036e-05,6.48952536e-05
0.00000000e+00,1.61401696e-05,3.22796649e-05,4.84204914e-05
0.00000000e+00,1.96175020e-05,3.92348121e-05,5.88528516e-05
0.00000000e+00,1.96957914e-05,3.93908035e-05,5.90875768e-05
0.00000000e+00,2.37735435e-05,4.75470990e-05,7.13214561e-05
0.00000000e+00,1.72303350e-05,3.44606570e-05,5.16914877e-05
0.00000000e+00,2.12591462e-05,4.25185506e-05,6.37784447e-05
0.00000000e+00,0.00000000e+00,0.00000000e+00,0.00000000e+00
0.00000000e+00,1.05861801e-05,2.11716958e-05,3.17582349e-05
0.00000000e+00,0.00000000e+00,0.00000000e+00,0.00000000e+00
0.00000000e+00,0.00000000e+00,0.00000000e+00,0.00000000e+00
0.00000000e+00,9.29998511e-06,1.85994509e-05,2.78997622e-05
0.00000000e+00,1.13798395e-05,2.27594921e-05,3.41396122e-05
0.00000000e+00,0.00000000e+00,0.00000000e+00,0.00000000e+00
0.00000000e+00,9.84228865e-06,1.96844880e-05,2.95270363e-05
0.00000000e+00,0.00000000e+00,0.00000000e+00,0.00000000e+00
0.00000000e+00,2.21255382e-05,4.42490485e-05,6.63754311e-05
0.00000000e+00,0.00000000e+00,0.00000000e+00,0.00000000e+00
0.00000000e+00,0.00000000e+00,0.00000000e+00,0.00000000e+00
0.00000000e+00,1.37877199e-05,2.75742951e-05,4.13624382e-05
0.00000000e+00,2.00730191e-05,4.01442412e-05,6.02180545e-05
0.00000000e+00,2.47779056e-05,4.95546466e-05,7.43332594e-05
0.00000000e+00,0.00000000e+00,0.00000000e+00,0.00000000e+00
0.00000000e+00,1.20577183e-05,2.41144120e-05,3.61725255e-05
0.00000000e+00,1.51699473e-05,3.03391944e-05,4.55094972e-05
0.00000000e+00,2.21521894e-05,4.43034736e-05,6.64563389e-05
0.00000000e+00,1.31293644e-05,2.62581802e-05,3.93878803e-05
0.00000000e+00,2.69890715e-05,5.39748136e-05,8.09653570e-05
0.00000000e+00,2.54264650e-05,5.08501365e-05,7.62778272e-05
0.00000000e+00,2.51323719e-05,5.02619210e-05,7.53956703e-05
0.00000000e+00,3.05848986e-05,6.11678918e-05,9.17539702e-05
0.00000000e+00,2.35520472e-05,4.71016810e-05,7.06548801e-05
0.00000000e+00,2.87637382e-05,5.75258312e-05,8.62905421e-05
0.00000000e+00,2.81500417e-05,5.62985792e-05,8.44497135e-05
0.00000000e+00,2.62867956e-05,5.25723042e-05,7.88600031e-05
0.00000000e+00,2.77843307e-05,5.55652696e-05,8.33514209e-05
0.00000000e+00,2.76383043e-05,5.52730367e-05,8.29130340e-05
0.00000000e+00,2.59345570e-05,5.18663030e-05,7.78025317e-05
0.00000000e+00,3.15231561e-05,6.30448414e-05,9.45694037e-05
0.00000000e+00,2.57812797e-05,5.15595433e-05,7.73424043e-05
0.00000000e+00,3.13546894e-05,6.27074762e-05,9.40634892e-05
0.00000000e+00,2.90888676e-05,5.81767550e-05,8.72669245e-05
0.00000000e+00,2.89061232e-05,5.78108248e-05,8.67181730e-05
0.00000000e+00,2.69887428e-05,5.39750717e-05,8.09654069e-05
0.00000000e+00,2.76380445e-05,5.52731716e-05,8.29130513e-05
0.00000000e+00,2.51320515e-05,5.02622082e-05,7.53957250e-05
0.00000000e+00,3.05845387e-05,6.11683171e-05,9.17540733e-05
0.00000000e+00,2.57810665e-05,5.15596748e-05,7.73424217e-05
0.00000000e+00,3.13544089e-05,6.27077759e-05,9.40635558e-05
0.00000000e+00,2.81496878e-05,5.62990170e-05,8.44498205e-05
0.00000000e+00,2.89058681e-05,5.78111342e-05,8.67182409e-05
0.00000000e+00,2.21253680e-05,4.42492333e-05,6.63754612e-05
0.00000000e+00,2.54261879e-05,5.08504328e-05,7.62778900e-05
0.00000000e+00,2.00728310e-05,4.01444756e-05,6.02181019e-05
0.00000000e+00,2.47777393e-05,4.95549079e-05,7.43333019e-05
0.00000000e+00,2.35517839e-05,4.71019908e-05,7.06549473e-05
0.00000000e+00,2.87634291e-05,5.75262571e-05,8.62906571e-05
0.00000000e+00,2.21520630e-05,4.43037328e-05,6.64563791e-05
0.00000000e+00,2.62864954e-05,5.25727377e-05,7.88601185e-05
0.00000000e+00,0.00000000e+00,0.00000000e+00,0.00000000e+00
0.00000000e+00,1.37876303e-05,2.75743493e-05,4.13624365e-05
0.00000000e+00,0.00000000e+00,0.00000000e+00,0.00000000e+00
0.00000000e+00,0.00000000e+00,0.00000000e+00,0.00000000e+00
0.00000000e+00,1.20576433e-05,2.41144765e-05,3.61725268e-05
0.00000000e+00,1.51698576e-05,3.03393001e-05,4.55095130e-05
0.00000000e+00,0.00000000e+00,0.00000000e+00,0.00000000e+00
0.00000000e+00,1.31292989e-05,2.62582937e-05,3.93879014e-05
0.00000000e+00,0.00000000e+00,0.00000000e+00,0.00000000e+00
0.00000000e+00,2.54520936e-05,5.09016677e-05,7.63547192e-05
0.00000000e+00,0.00000000e+00,0.00000000e+00,0.00000000e+00
0.00000000e+00,0.00000000e+00,0.00000000e+00,0.00000000e+00
0.00000000e+00,1.84159540e-05,3.68305478e-05,5.52469609e-05
0.00000000e+00,2.40702969e-05,4.81383400e-05,7.22095337e-05
0.00000000e+00,2.99230666e-05,5.98444555e-05,8.97683229e-05
0.00000000e+00,0.00000000e+00,0.00000000e+00,0.00000000e+00
0.00000000e+00,1.58863566e-05,3.17714523e-05,4.76582506e-05
0.00000000e+00,2.16202821e-05,4.32396243e-05,6.48603006e-05
0.00000000e+00,2.77427455e-05,5.54840767e-05,8.32275765e-05
0.00000000e+00,1.80192503e-05,3.60376632e-05,5.40572928e-05
0.00000000e+00,3.05855677e-05,6.11668328e-05,9.17540807e-05
0.00000000e+00,2.90442132e-05,5.80848759e-05,8.71304818e-05
0.00000000e+00,2.88472102e-05,5.76905731e-05,8.65393552e-05
0.00000000e+00,3.59633445e-05,7.19238590e-05,1.07888567e-04
0.00000000e+00,2.72206276e-05,5.44380635e-05,8.16600024e-05
0.00000000e+00,3.41551528e-05,6.83079179e-05,1.02464203e-04
0.00000000e+00,3.33546264e-05,6.67068612e-05,1.00062759e-04
0.00000000e+00,3.14580545e-05,6.29140923e-05,9.43731984e-05
0.00000000e+00,3.14475310e-05,6.28905713e-05,9.43402079e-05
0.00000000e+00,3.12700348e-05,6.25353881e-05,9.38073408e-05
0.00000000e+00,2.96343259e-05,5.92646960e-05,8.89009958e-05
0.00000000e+00,3.69796477e-05,7.39566335e-05,1.10937945e-04
0.00000000e+00,2.94563900e-05,5.89086064e-05,8.83667954e-05
0.00000000e+00,3.67732922e-05,7.35435844e-05,1.10318406e-04
0.00000000e+00,3.42779369e-05,6.85537748e-05,1.02833249e-04
0.00000000e+00,3.40768076e-05,6.81511664e-05,1.02229401e-04
0.00000000e+00,3.05852356e-05,6.11670480e-05,9.17541350e-05
0.00000000e+00,3.12697408e-05,6.25354956e-05,9.38073556e-05
0.00000000e+00,2.88468582e-05,5.76908134e-05,8.65394071e-05
0.00000000e+00,3.59629590e-05,7.19242313e-05,1.07888661e-04
0.00000000e+00,2.94560911e-05,5.89087296e-05,8.83668111e-05
0.00000000e+00,3.67729619e-05,7.35438238e-05,1.10318455e-04
0.00000000e+00,3.33542475e-05,6.67072649e-05,1.00062861e-04
0.00000000e+00,3.40764835e-05,6.81514538e-05,1.02229464e-04
0.00000000e+00,2.54519426e-05,5.09018221e-05,7.63547427e-05
0.00000000e+00,2.90439441e-05,5.80851217e-05,8.71305258e-05
0.00000000e+00,2.40701378e-05,4.81384908e-05,7.22095497e-05
0.00000000e+00,2.99228603e-05,5.98446945e-05,8.97683471e-05
0.00000000e+00,2.72203606e-05,5.44383359e-05,8.16600510e-05
0.00000000e+00,3.41548485e-05,6.83082783e-05,1.02464283e-04
0.00000000e+00,2.77425496e-05,5.54843274e-05,8.32276059e-05
0.00000000e+00,3.14577465e-05,6.29144951e-05,9.43733032e-05
0.00000000e+00,0.00000000e+00,0.00000000e+00,0.00000000e+00
0.00000000e+00,1.84158818e-05,3.68305705e-05,5.52469474e-05
0.00000000e+00,0.00000000e+00,0.00000000e+00,0.00000000e+00
0.00000000e+00,0.00000000e+00,0.00000000e+00,0.00000000e+00
0.00000000e+00,1.58862673e-05,3.17714934e-05,4.76582459e-05
0.00000000e+00,2.16201609e-05,4.32397093e-05,6.48603056e-05
0.00000000e+00,0.00000000e+00,0.00000000e+00,0.00000000e+00
0.00000000e+00,1.80191386e-05,3.60377572e-05,5.40573015e-05
0.00000000e+00,0.00000000e+00,0.00000000e+00,0.00000000e+00
0.00000000e+00,7.22527147e-06,1.44494842e-05,2.16755031e-05
0.00000000e+00,0.00000000e+00,0.00000000e+00,0.00000000e+00
0.00000000e+00,0.00000000e+00,0.00000000e+00,0.00000000e+00
0.00000000e+00,4.06497528e-06,8.12932969e-06,1.21946927e-05
0.00000000e+00,6.27090382e-06,1.25412010e-05,1.88127757e-05
0.00000000e+00,1.07030878e-05,2.14051943e-05,3.21089897e-05
0.00000000e+00,0.00000000e+00,0.00000000e+00,0.00000000e+00
0.00000000e+00,3.49858033e-06,6.99678535e-06,1.04957222e-05
0.00000000e+00,6.04635840e-06,1.20921456e-05,1.81388748e-05
0.00000000e+00,9.38426417e-06,1.87679315e-05,2.81528411e-05
0.00000000e+00,5.25593701e-06,1.05114977e-05,1.57677770e-05
0.00000000e+00,1.00312345e-05,2.00608036e-05,3.00932650e-05
0.00000000e+00,9.10250579e-06,1.82035886e-05,2.73071330e-05
0.00000000e+00,8.88475505e-06,1.77685309e-05,2.66543558e-05
0.00000000e+00,1.47206471e-05,2.94397532e-05,4.41615664e-05
0.00000000e+00,7.99905134e-06,1.59972838e-05,2.39972367e-05
0.00000000e+00,1.34044503e-05,2.68076067e-05,4.02130333e-05
0.00000000e+00,1.31661677e-05,2.63314063e-05,3.94986016e-05
0.00000000e+00,1.18995020e-05,2.37982241e-05,3.56985965e-05
0.00000000e+00,1.04967448e-05,2.09917176e-05,3.14899350e-05
0.00000000e+00,1.03999911e-05,2.07981483e-05,3.11995188e-05
0.00000000e+00,9.34039031e-06,1.86797746e-05,2.80214573e-05
0.00000000e+00,1.53748255e-05,3.07481226e-05,4.61243406e-05
0.00000000e+00,9.24400773e-06,1.84869477e-05,2.77321431e-05
0.00000000e+00,1.52398463e-05,3.04780619e-05,4.57192049e-05
0.00000000e+00,1.38085936e-05,2.76162765e-05,4.14261044e-05
0.00000000e+00,1.36738989e-05,2.73467980e-05,4.10218356e-05
0.00000000e+00,1.00312100e-05,2.00608352e-05,3.00932815e-05
0.00000000e+00,1.03999057e-05,2.07982008e-05,3.11995446e-05
0.00000000e+00,8.88471284e-06,1.77685759e-05,2.66543683e-05
0.00000000e+00,1.47205310e-05,2.94398780e-05,4.41615957e-05
0.00000000e+00,9.24394229e-06,1.84869660e-05,2.77321595e-05
0.00000000e+00,1.52397264e-05,3.04781533e-05,4.57192361e-05
0.00000000e+00,1.31660801e-05,2.63314921e-05,3.94986187e-05
0.00000000e+00,1.36738019e-05,2.73468541e-05,4.10218600e-05
0.00000000e+00,7.22524708e-06,1.44495800e-05,2.16755284e-05
0.00000000e+00,9.10244867e-06,1.82036912e-05,2.73071951e-05
0.00000000e+00,6.27086856e-06,1.25412828e-05,1.88128053e-05
0.00000000e+00,1.07029989e-05,2.14053542e-05,3.21090306e-05
0.00000000e+00,7.99903626e-06,1.59973397e-05,2.39972697e-05
0.00000000e+00,1.34043308e-05,2.68077791e-05,4.02130932e-05
0.00000000e+00,9.38419542e-06,1.87680653e-05,2.81528761e-05
0.00000000e+00,1.18994275e-05,2.37983360e-05,3.56986261e-05
0.00000000e+00,0.00000000e+00,0.00000000e+00,0.00000000e+00
0.00000000e+00,4.06496080e-06,8.12938521e-06,1.21947178e-05
0.00000000e+00,0.00000000e+00,0.00000000e+00,0.00000000e+00
0.00000000e+00,0.00000000e+00,0.00000000e+00,0.00000000e+00
0.00000000e+00,3.49858056e-06,6.99683157e-06,1.04957378e-05
0.00000000e+00,6.04632252e-06,1.20922176e-05,1.81388946e-05
0.00000000e+00,0.00000000e+00,0.00000000e+00,0.00000000e+00
0.00000000e+00,5.25592359e-06,1.05115691e-05,1.57677985e-05
0.00000000e+00,0.00000000e+00,0.00000000e+00,0.00000000e+00
0.00000000e+00,9.33804968e-06,1.86740475e-05,2.80130070e-05
0.00000000e+00,0.00000000e+00,0.00000000e+00,0.00000000e+00
0.00000000e+00,0.00000000e+00,0.00000000e+00,0.00000000e+00
0.00000000e+00,5.39736549e-06,1.07936305e-05,1.61914639e-05
0.00000000e+00,8.24378124e-06,1.64859891e-05,2.47305994e-05
0.00000000e+00,1.35932971e-05,2.71848114e-05,4.07789355e-05
0.00000000e+00,0.00000000e+00,0.00000000e+00,0.00000000e+00
0.00000000e+00,4.68953806e-06,9.37821925e-06,1.40681913e-05
0.00000000e+00,7.88621912e-06,1.57714456e-05,2.36580825e-05
0.00000000e+00,1.21026571e-05,2.42039297e-05,3.63073530e-05
0.00000000e+00,6.91261910e-06,1.38244564e-05,2.07374679e-05
0.00000000e+00,1.22909328e-05,2.45787247e-05,3.68712322e-05
0.00000000e+00,1.13617052e-05,2.27207154e-05,3.40837278e-05
0.00000000e+00,1.11691072e-05,2.23358032e-05,3.35063202e-05
0.00000000e+00,1.77843380e-05,3.55658391e-05,5.33516031e-05
0.00000000e+00,1.02257681e-05,2.04494556e-05,3.06763982e-05
0.00000000e+00,1.64701316e-05,3.29378744e-05,4.94092048e-05
0.00000000e+00,1.62628629e-05,3.25235673e-05,4.87877277e-05
0.00000000e+00,1.49315482e-05,2.98612583e-05,4.47938892e-05
0.00000000e+00,1.27489640e-05,2.54944598e-05,3.82452844e-05
0.00000000e+00,1.26573685e-05,2.53113601e-05,3.79704995e-05
0.00000000e+00,1.16336235e-05,2.32646486e-05,3.48999457e-05
0.00000000e+00,1.84336179e-05,3.68643114e-05,5.52996545e-05
0.00000000e+00,1.15387684e-05,2.30749248e-05,3.46152795e-05
0.00000000e+00,1.83046176e-05,3.66062236e-05,5.49124654e-05
0.00000000e+00,1.69172143e-05,3.38322429e-05,5.07510079e-05
0.00000000e+00,1.67843198e-05,3.35663404e-05,5.03521199e-05
0.00000000e+00,1.22908323e-05,2.45788375e-05,3.68712972e-05
0.00000000e+00,1.26572971e-05,2.53114185e-05,3.79705399e-05
0.00000000e+00,1.11690416e-05,2.23358916e-05,3.35063709e-05
0.00000000e+00,1.77841328e-05,3.55660254e-05,5.33516381e-05
0.00000000e+00,1.15386985e-05,2.30749794e-05,3.46153122e-05
0.00000000e+00,1.83044660e-05,3.66063318e-05,5.49124941e-05
0.00000000e+00,1.62627031e-05,3.25237306e-05,4.87877671e-05
0.00000000e+00,1.67841911e-05,3.35664450e-05,5.03521502e-05
0.00000000e+00,9.33791879e-06,1.86742166e-05,2.80130961e-05
0.00000000e+00,1.13616264e-05,2.27208558e-05,3.40837847e-05
0.00000000e+00,8.24371013e-06,1.64861188e-05,2.47306621e-05
0.00000000e+00,1.35931845e-05,2.71849776e-05,4.07789731e-05
0.00000000e+00,1.02256842e-05,2.04495846e-05,3.06764633e-05
0.00000000e+00,1.64699476e-05,3.29381200e-05,4.94092690e-05
0.00000000e+00,1.21025425e-05,2.42041082e-05,3.63073991e-05
0.00000000e+00,1.49313953e-05,2.98614738e-05,4.47939567e-05
0.00000000e+00,0.00000000e+00,0.00000000e+00,0.00000000e+00
0.00000000e+00,5.39731316e-06,1.07937062e-05,1.61915040e-05
0.00000000e+00,0.00000000e+00,0.00000000e+00,0.00000000e+00
0.00000000e+00,0.00000000e+00,0.00000000e+00,0.00000000e+00
0.00000000e+00,4.68950433e-06,9.37828828e-06,1.40682280e-05
0.00000000e+00,7.88617140e-06,1.57715166e-05,2.36580999e-05
0.00000000e+00,0.00000000e+00,0.00000000e+00,0.00000000e+00
0.00000000e+00,6.91257618e-06,1.38245299e-05,2.07374879e-05
0.00000000e+00,0.00000000e+00,0.00000000e+00,0.00000000e+00
0.00000000e+00,1.17347671e-05,2.34666302e-05,3.52025024e-05
0.00000000e+00,0.00000000e+00,0.00000000e+00,0.00000000e+00
0.00000000e+00,0.00000000e+00,0.00000000e+00,0.00000000e+00
0.00000000e+00,7.19821191e-06,1.43948524e-05,2.15936308e-05
0.00000000e+00,1.05111874e-05,2.10199040e-05,3.15320902e-05
0.00000000e+00,1.68091388e-05,3.36158307e-05,5.04259426e-05
0.00000000e+00,0.00000000e+00,0.00000000e+00,0.00000000e+00
0.00000000e+00,6.21509656e-06,1.24288587e-05,1.86444715e-05
0.00000000e+00,1.02978482e-05,2.05943446e-05,3.08926762e-05
0.00000000e+00,1.51765504e-05,3.03509971e-05,4.55284431e-05
0.00000000e+00,8.99453690e-06,1.79879097e-05,2.69828958e-05
0.00000000e+00,1.44694823e-05,2.89343575e-05,4.34057279e-05
0.00000000e+00,1.36103691e-05,2.72168134e-05,4.08287579e-05
0.00000000e+00,1.33924198e-05,2.67810034e-05,4.01751587e-05
0.00000000e+00,2.07494061e-05,4.14947962e-05,6.22458758e-05
0.00000000e+00,1.24980162e-05,2.49927101e-05,3.74921537e-05
0.00000000e+00,1.95157301e-05,3.90280801e-05,5.85452057e-05
0.00000000e+00,1.92819603e-05,3.85605149e-05,5.78440207e-05
0.00000000e+00,1.80067392e-05,3.60106004e-05,5.40186291e-05
0.00000000e+00,1.49116122e-05,2.98182527e-05,4.47321455e-05
0.00000000e+00,1.48321982e-05,2.96594638e-05,4.44937892e-05
0.00000000e+00,1.38424938e-05,2.76807984e-05,4.15253509e-05
0.00000000e+00,2.13862464e-05,4.27682284e-05,6.41565263e-05
0.00000000e+00,1.37546305e-05,2.75050995e-05,4.12616802e-05
0.00000000e+00,2.12725876e-05,4.25408370e-05,6.38153438e-05
0.00000000e+00,1.99246656e-05,3.98457443e-05,5.97722906e-05
0.00000000e+00,1.97994529e-05,3.95952579e-05,5.93964851e-05
0.00000000e+00,1.44693642e-05,2.89344820e-05,4.34058092e-05
0.00000000e+00,1.48321020e-05,2.96595346e-05,4.44938655e-05
0.00000000e+00,1.33923133e-05,2.67811160e-05,4.01752243e-05
0.00000000e+00,2.07491647e-05,4.14949746e-05,6.22459226e-05
0.00000000e+00,1.37545526e-05,2.75051617e-05,4.12617292e-05
0.00000000e+00,2.12723980e-05,4.25409282e-05,6.38153755e-05
0.00000000e+00,1.92817353e-05,3.85607010e-05,5.78440614e-05
0.00000000e+00,1.97992861e-05,3.95953547e-05,5.93965097e-05
0.00000000e+00,1.17346861e-05,2.34667314e-05,3.52025833e-05
0.00000000e+00,1.36102509e-05,2.72169870e-05,4.08288354e-05
0.00000000e+00,1.05110901e-05,2.10200444e-05,3.15321677e-05
0.00000000e+00,1.68090144e-05,3.36159856e-05,5.04259837e-05
0.00000000e+00,1.24978892e-05,2.49928734e-05,3.74922256e-05
0.00000000e+00,1.95155363e-05,3.90282901e-05,5.85452651e-05
0.00000000e+00,1.51764351e-05,3.03511555e-05,4.55284814e-05
0.00000000e+00,1.80065495e-05,3.60108264e-05,5.40186868e-05
0.00000000e+00,0.00000000e+00,0.00000000e+00,0.00000000e+00
0.00000000e+00,7.19816141e-06,1.43949103e-05,2.15936776e-05
0.00000000e+00,0.00000000e+00,0.00000000e+00,0.00000000e+00
0.00000000e+00,0.00000000e+00,0.00000000e+00,0.00000000e+00
0.00000000e+00,6.21505133e-06,1.24289258e-05,1.86445071e-05
0.00000000e+00,1.02977935e-05,2.05943936e-05,3.08926889e-05
0.00000000e+00,0.00000000e+00,0.00000000e+00,0.00000000e+00
0.00000000e+00,8.99448352e-06,1.79879686e-05,2.69829088e-05
0.00000000e+00,0.00000000e+00,0.00000000e+00,0.00000000e+00
0.00000000e+00,1.37617908e-05,2.75197609e-05,4.12829153e-05
0.00000000e+00,0.00000000e+00,0.00000000e+00,0.00000000e+00
0.00000000e+00,0.00000000e+00,0.00000000e+00,0.00000000e+00
0.00000000e+00,9.96138459e-06,1.99207001e-05,2.98827781e-05
0.00000000e+00,1.29430466e-05,2.58827341e-05,3.88269992e-05
0.00000000e+00,1.99851105e-05,3.99668755e-05,5.99531549e-05
0.00000000e+00,0.00000000e+00,0.00000000e+00,0.00000000e+00
0.00000000e+00,8.41831956e-06,1.68348183e-05,2.52537734e-05
0.00000000e+00,1.44493313e-05,2.88968721e-05,4.33468196e-05
0.00000000e+00,1.86784081e-05,3.73539334e-05,5.60334043e-05
0.00000000e+00,1.21271961e-05,2.42528260e-05,3.63805694e-05
0.00000000e+00,1.65500182e-05,3.30940110e-05,4.96463180e-05
0.00000000e+00,1.57247374e-05,3.14443004e-05,4.71709214e-05
0.00000000e+00,1.55478873e-05,3.10904734e-05,4.66404504e-05
0.00000000e+00,2.40280716e-05,4.80507863e-05,7.20808999e-05
0.00000000e+00,1.46643401e-05,2.93241307e-05,4.39901814e-05
0.00000000e+00,2.28264198e-05,4.56482755e-05,6.84763559e-05
0.00000000e+00,2.24457323e-05,4.48867777e-05,6.73343685e-05
0.00000000e+00,2.11666681e-05,4.23293775e-05,6.34975577e-05
0.00000000e+00,1.70194955e-05,3.40325997e-05,5.10548016e-05
0.00000000e+00,1.69254329e-05,3.38444203e-05,5.07724172e-05
0.00000000e+00,1.59766183e-05,3.19475540e-05,4.79266433e-05
0.00000000e+00,2.47089524e-05,4.94122740e-05,7.41236808e-05
0.00000000e+00,1.58820791e-05,3.17584692e-05,4.76429050e-05
0.00000000e+00,2.45727349e-05,4.91397236e-05,7.37147835e-05
0.00000000e+00,2.30653097e-05,4.61256583e-05,6.91932178e-05
0.00000000e+00,2.29290233e-05,4.58530087e-05,6.87841494e-05
0.00000000e+00,1.65499487e-05,3.30941709e-05,4.96464431e-05
0.00000000e+00,1.69253345e-05,3.38445771e-05,5.07725239e-05
0.00000000e+00,1.55477899e-05,3.10906101e-05,4.66405483e-05
0.00000000e+00,2.40278923e-05,4.80509797e-05,7.20810017e-05
0.00000000e+00,1.58819931e-05,3.17585824e-05,4.76429794e-05
0.00000000e+00,2.45725822e-05,4.91398686e-05,7.37148513e-05
0.00000000e+00,2.24455206e-05,4.48869575e-05,6.73344417e-05
0.00000000e+00,2.29288524e-05,4.58531274e-05,6.87841898e-05
0.00000000e+00,1.37616543e-05,2.75199451e-05,4.12830405e-05
0.00000000e+00,1.57246246e-05,3.14444713e-05,4.71710510e-05
0.00000000e+00,1.29429481e-05,2.58828686e-05,3.88270853e-05
0.00000000e+00,1.99850007e-05,3.99670222e-05,5.99532238e-05
0.00000000e+00,1.46642236e-05,2.93242808e-05,4.39902906e-05
0.00000000e+00,2.28262725e-05,4.56484231e-05,6.84764628e-05
0.00000000e+00,1.86782859e-05,3.73540742e-05,5.60334616e-05
0.00000000e+00,2.11664789e-05,4.23295636e-05,6.34976425e-05
0.00000000e+00,0.00000000e+00,0.00000000e+00,0.00000000e+00
0.00000000e+00,9.96135439e-06,1.99207262e-05,2.98828201e-05
0.00000000e+00,0.00000000e+00,0.00000000e+00,0.00000000e+00
0.00000000e+00,0.00000000e+00,0.00000000e+00,0.00000000e+00
0.00000000e+00,8.41826338e-06,1.68348869e-05,2.52538126e-05
0.00000000e+00,1.44492667e-05,2.88969429e-05,4.33468530e-05
0.00000000e+00,0.00000000e+00,0.00000000e+00,0.00000000e+00
0.00000000e+00,1.21271456e-05,2.42528696e-05,3.63805829e-05
0.00000000e+00,0.00000000e+00,0.00000000e+00,0.00000000e+00
0.00000000e+00,3.38521043e-10,-3.81166225e-10,7.53771796e-10
0.00000000e+00,0.00000000e+00,0.00000000e+00,0.00000000e+00
0.00000000e+00,0.00000000e+00,0.00000000e+00,0.00000000e+00
0.00000000e+00,2.01928847e-10,-2.22012891e-10,3.85152311e-10
0.00000000e+00,1.77743961e-10,-2.37593917e-10,6.25127451e-10
0.00000000e+00,3.58610979e-06,7.17116272e-06,1.07580521e-05
0.00000000e+00,0.00000000e+00,0.00000000e+00,0.00000000e+00
0.00000000e+00,1.21694496e-10,-1.52144053e-10,3.24513032e-10
0.00000000e+00,2.01129045e-06,4.02196312e-06,6.03364728e-06
0.00000000e+00,3.11505086e-06,6.22948860e-06,9.34521373e-06
0.00000000e+00,1.73354313e-06,3.46670050e-06,5.20059627e-06
0.00000000e+00,5.28064408e-10,-5.70815603e-10,1.29371515e-09
0.00000000e+00,4.44480680e-10,-4.96105098e-10,1.04765829e-09
0.00000000e+00,2.84060682e-10,-3.47338658e-10,1.07755131e-09
0.00000000e+00,5.01645149e-06,1.00312461e-05,1.50489799e-05
0.00000000e+00,2.39588617e-10,-3.05847561e-10,8.79723714e-10
0.00000000e+00,4.53892370e-06,9.07647219e-06,1.36164575e-05
0.00000000e+00,4.44212162e-06,8.88327576e-06,1.33264996e-05
0.00000000e+00,3.98890549e-06,7.97699883e-06,1.19668304e-05
0.00000000e+00,5.96435210e-10,-6.10423831e-10,1.52402868e-09
0.00000000e+00,5.93504304e-10,-6.09383545e-10,1.43260802e-09
0.00000000e+00,2.86856737e-10,-3.48990725e-10,1.26704391e-09
0.00000000e+00,5.25788964e-06,1.05140300e-05,1.57734307e-05
0.00000000e+00,3.29814390e-10,-3.70081919e-10,1.20814046e-09
0.00000000e+00,5.20743040e-06,1.04130481e-05,1.56218914e-05
0.00000000e+00,4.67775172e-06,9.35452254e-06,1.40335785e-05
0.00000000e+00,4.62760965e-06,9.25418228e-06,1.38830199e-05
0.00000000e+00,5.41953534e-10,-5.42144138e-10,1.33764172e-09
0.00000000e+00,5.68074489e-10,-5.82350249e-10,1.45417118e-09
0.00000000e+00,2.85880540e-10,-3.19780777e-10,1.10637593e-09
0.00000000e+00,5.01643222e-06,1.00312822e-05,1.50490143e-05
0.00000000e+00,2.81181877e-10,-3.48073153e-10,1.21800595e-09
0.00000000e+00,5.20738677e-06,1.04130826e-05,1.56219098e-05
0.00000000e+00,4.44209574e-06,8.88331990e-06,1.33265311e-05
0.00000000e+00,4.62756142e-06,9.25420784e-06,1.38830379e-05
0.00000000e+00,3.77440471e-10,-3.74474137e-10,7.87193269e-10
0.00000000e+00,4.93971208e-10,-4.50908538e-10,1.11336550e-09
0.00000000e+00,2.09410601e-10,-2.37475172e-10,6.34585932e-10
0.00000000e+00,3.58611203e-06,7.17121465e-06,1.07580728e-05
0.00000000e+00,2.83417700e-10,-2.79729420e-10,9.39968485e-10
0.00000000e+00,4.53893643e-06,9.07653759e-06,1.36165196e-05
0.00000000e+00,3.11507049e-06,6.22951971e-06,9.34523515e-06
0.00000000e+00,3.98891683e-06,7.97704097e-06,1.19668766e-05
0.00000000e+00,0.00000000e+00,0.00000000e+00,0.00000000e+00
0.00000000e+00,2.05116550e-10,-1.98669269e-10,3.99120719e-10
0.00000000e+00,0.00000000e+00,0.00000000e+00,0.00000000e+00
0.00000000e+00,0.00000000e+00,0.00000000e+00,0.00000000e+00
0.00000000e+00,1.40000351e-10,-1.56328464e-10,3.30797531e-10
0.00000000e+00,2.01128162e-06,4.02200227e-06,6.03366534e-06
0.00000000e+00,0.00000000e+00,0.00000000e+00,0.00000000e+00
0.00000000e+00,1.73355194e-06,3.46672228e-06,5.20060892e-06
0.00000000e+00,0.00000000e+00,0.00000000e+00,0.00000000e+00
0.00000000e+00,6.93423395e-10,-6.96655846e-10,1.00121622e-09
0.00000000e+00,0.00000000e+00,0.00000000e+00,0.00000000e+00
0.00000000e+00,0.00000000e+00,0.00000000e+00,0.00000000e+00
0.00000000e+00,3.80867948e-10,-3.86252886e-10,5.14188845e-10
0.00000000e+00,5.11359741e-10,-5.29658182e-10,8.78255663e-10
0.00000000e+00,4.62862453e-06,9.25519064e-06,1.38847674e-05
0.00000000e+00,0.00000000e+00,0.00000000e+00,0.00000000e+00
0.00000000e+00,2.87454545e-10,-2.98470725e-10,4.52129148e-10
0.00000000e+00,2.66108171e-06,5.32105392e-06,7.98264145e-06
0.00000000e+00,4.08843607e-06,8.17532531e-06,1.22646233e-05
0.00000000e+00,2.31632908e-06,4.63179249e-06,6.94856897e-06
0.00000000e+00,1.08232603e-09,-1.05302814e-09,1.73444848e-09
0.00000000e+00,9.10689998e-10,-9.15173388e-10,1.41309215e-09
0.00000000e+00,7.94849672e-10,-8.00215831e-10,1.50208857e-09
0.00000000e+00,6.15043358e-06,1.22977495e-05,1.84498229e-05
0.00000000e+00,6.78228549e-10,-7.07017288e-10,1.23580275e-09
0.00000000e+00,5.66837263e-06,1.13340328e-05,1.70037571e-05
0.00000000e+00,5.58726266e-06,1.11721513e-05,1.67608706e-05
0.00000000e+00,5.09975960e-06,1.01974689e-05,1.52984364e-05
0.00000000e+00,1.25011263e-09,-1.15477263e-09,2.02812891e-09
0.00000000e+00,1.17489416e-09,-1.11376330e-09,1.93150082e-09
0.00000000e+00,9.16197257e-10,-8.78696772e-10,1.75574967e-09
0.00000000e+00,6.38768708e-06,1.27718744e-05,1.91614511e-05
0.00000000e+00,8.74840178e-10,-8.56305664e-10,1.68923241e-09
0.00000000e+00,6.34008552e-06,1.26767671e-05,1.90186746e-05
0.00000000e+00,5.82831697e-06,1.16540066e-05,1.74840149e-05
0.00000000e+00,5.77880579e-06,1.15550250e-05,1.73354517e-05
0.00000000e+00,1.10513751e-09,-1.01411791e-09,1.79033883e-09
0.00000000e+00,1.20832250e-09,-1.11098020e-09,1.97115603e-09
0.00000000e+00,8.03752461e-10,-7.60688748e-10,1.54568321e-09
0.00000000e+00,6.15042862e-06,1.22978079e-05,1.84498934e-05
0.00000000e+00,8.89387575e-10,-8.45813244e-10,1.71854921e-09
0.00000000e+00,6.34008131e-06,1.26768036e-05,1.90187221e-05
0.00000000e+00,5.58724935e-06,1.11722003e-05,1.67609204e-05
0.00000000e+00,5.77878599e-06,1.15550560e-05,1.73354846e-05
0.00000000e+00,7.10352397e-10,-6.46151974e-10,1.06607772e-09
0.00000000e+00,9.22306309e-10,-8.41106364e-10,1.46048781e-09
0.00000000e+00,5.34610891e-10,-4.85350928e-10,9.19653534e-10
0.00000000e+00,4.62855922e-06,9.25531452e-06,1.38848589e-05
0.00000000e+00,6.99666570e-10,-6.49096357e-10,1.28557081e-09
0.00000000e+00,5.66832691e-06,1.13341452e-05,1.70038364e-05
0.00000000e+00,4.08841321e-06,8.17541284e-06,1.22646798e-05
0.00000000e+00,5.09973882e-06,1.01975511e-05,1.52984973e-05
0.00000000e+00,0.00000000e+00,0.00000000e+00,0.00000000e+00
0.00000000e+00,3.73015315e-10,-3.40509368e-10,5.53792219e-10
0.00000000e+00,0.00000000e+00,0.00000000e+00,0.00000000e+00
0.00000000e+00,0.00000000e+00,0.00000000e+00,0.00000000e+00
0.00000000e+00,2.76501888e-10,-2.68594353e-10,4.77146059e-10
0.00000000e+00,2.66106406e-06,5.32110457e-06,7.98267778e-06
0.00000000e+00,0.00000000e+00,0.00000000e+00,0.00000000e+00
0.00000000e+00,2.31630779e-06,4.63184396e-06,6.94860292e-06
0.00000000e+00,0.00000000e+00,0.00000000e+00,0.00000000e+00
0.00000000e+00,1.01745645e-09,-9.92690493e-10,1.23817008e-09
0.00000000e+00,0.00000000e+00,0.00000000e+00,0.00000000e+00
0.00000000e+00,0.00000000e+00,0.00000000e+00,0.00000000e+00
0.00000000e+00,5.59580803e-10,-5.51790701e-10,6.35918776e-10
0.00000000e+00,8.54798393e-10,-8.45318098e-10,1.11730103e-09
0.00000000e+00,5.81909969e-06,1.16352259e-05,1.74554800e-05
0.00000000e+00,0.00000000e+00,0.00000000e+00,0.00000000e+00
0.00000000e+00,4.78363378e-10,-4.76136577e-10,5.80752759e-10
0.00000000e+00,3.52828938e-06,7.05494490e-06,1.05838396e-05
0.00000000e+00,5.20964787e-06,1.04167798e-05,1.56274793e-05
0.00000000e+00,3.05664787e-06,6.11192063e-06,9.16912044e-06
0.00000000e+00,1.62790837e-09,-1.52168118e-09,2.16023812e-09
0.00000000e+00,1.35722753e-09,-1.30719528e-09,1.74450181e-09
0.00000000e+00,1.37287766e-09,-1.29778034e-09,1.95841642e-09
0.00000000e+00,7.24323684e-06,1.44818307e-05,2.17270481e-05
0.00000000e+00,1.13881042e-09,-1.11410840e-09,1.58032105e-09
0.00000000e+00,6.80301134e-06,1.36020216e-05,2.04066596e-05
0.00000000e+00,6.70405149e-06,1.34042124e-05,2.01100710e-05
0.00000000e+00,6.23975832e-06,1.24761567e-05,1.87174012e-05
0.00000000e+00,1.83572022e-09,-1.65871915e-09,2.51546322e-09
0.00000000e+00,1.78939118e-09,-1.63681879e-09,2.41614578e-09
0.00000000e+00,1.53962426e-09,-1.40789050e-09,2.26762293e-09
0.00000000e+00,7.47161889e-06,1.49381337e-05,2.24120439e-05
0.00000000e+00,1.50736745e-09,-1.39199206e-09,2.19187396e-09
0.00000000e+00,7.43115435e-06,1.48572650e-05,2.22906255e-05
0.00000000e+00,6.93631784e-06,1.38683244e-05,2.08067315e-05
0.00000000e+00,6.89033695e-06,1.37764339e-05,2.06687834e-05
0.00000000e+00,1.63039699e-09,-1.46314151e-09,2.21759367e-09
0.00000000e+00,1.77944035e-09,-1.60573720e-09,2.43764658e-09
0.00000000e+00,1.38307201e-09,-1.24673162e-09,2.01770020e-09
0.00000000e+00,7.24318818e-06,1.44819219e-05,2.17271290e-05
0.00000000e+00,1.49647943e-09,-1.36181239e-09,2.20728796e-09
0.00000000e+00,7.43111267e-06,1.48573267e-05,2.22906775e-05
0.00000000e+00,6.70401429e-06,1.34042918e-05,2.01101431e-05
0.00000000e+00,6.89031185e-06,1.37764818e-05,2.06688267e-05
0.00000000e+00,1.02941257e-09,-9.22725177e-10,1.30415149e-09
0.00000000e+00,1.36889701e-09,-1.21166061e-09,1.84300184e-09
0.00000000e+00,8.58466783e-10,-7.71453180e-10,1.18751289e-09
0.00000000e+00,5.81907185e-06,1.16353161e-05,1.74555654e-05
0.00000000e+00,1.15531272e-09,-1.04028978e-09,1.66723929e-09
0.00000000e+00,6.80294420e-06,1.36021591e-05,2.04067599e-05
0.00000000e+00,5.20959922e-06,1.04168876e-05,1.56275611e-05
0.00000000e+00,6.23970758e-06,1.24762765e-05,1.87174872e-05
0.00000000e+00,0.00000000e+00,0.00000000e+00,0.00000000e+00
0.00000000e+00,5.58042849e-10,-5.00749805e-10,6.87874410e-10
0.00000000e+00,0.00000000e+00,0.00000000e+00,0.00000000e+00
0.00000000e+00,0.00000000e+00,0.00000000e+00,0.00000000e+00
0.00000000e+00,4.79048886e-10,-4.34730695e-10,6.23538236e-10
0.00000000e+00,3.52826293e-06,7.05499949e-06,1.05838836e-05
0.00000000e+00,0.00000000e+00,0.00000000e+00,0.00000000e+00
0.00000000e+00,3.05661941e-06,6.11197850e-06,9.16916052e-06
0.00000000e+00,0.00000000e+00,0.00000000e+00,0.00000000e+00
0.00000000e+00,1.32873095e-09,-1.28897976e-09,1.45629797e-09
0.00000000e+00,0.00000000e+00,0.00000000e+00,0.00000000e+00
0.00000000e+00,0.00000000e+00,0.00000000e+00,0.00000000e+00
0.00000000e+00,7.26401531e-10,-7.11006519e-10,7.51074612e-10
0.00000000e+00,1.18056159e-09,-1.14639544e-09,1.35468837e-09
0.00000000e+00,7.01468223e-06,1.40254465e-05,2.10415265e-05
0.00000000e+00,0.00000000e+00,0.00000000e+00,0.00000000e+00
0.00000000e+00,6.49160074e-10,-6.37300814e-10,6.98443155e-10
0.00000000e+00,5.07179554e-06,1.01414151e-05,1.52139379e-05
0.00000000e+00,6.52827085e-06,1.30530946e-05,1.95826409e-05
0.00000000e+00,4.19671900e-06,8.39154608e-06,1.25889298e-05
0.00000000e+00,2.12139653e-09,-1.96427340e-09,2.54970769e-09
0.00000000e+00,1.79854828e-09,-1.70337603e-09,2.06570148e-09
0.00000000e+00,1.90053906e-09,-1.75876397e-09,2.37445686e-09
0.00000000e+00,8.43804286e-06,1.68698648e-05,2.53102800e-05
0.00000000e+00,1.58565985e-09,-1.50790699e-09,1.91337360e-09
0.00000000e+00,8.01810859e-06,1.60309201e-05,2.40509840e-05
0.00000000e+00,7.86226700e-06,1.57190884e-05,2.35835288e-05
0.00000000e+00,7.41160680e-06,1.48185629e-05,2.22319541e-05
0.00000000e+00,2.41098555e-09,-2.15850930e-09,2.96597442e-09
0.00000000e+00,2.34092023e-09,-2.12374134e-09,2.86397808e-09
0.00000000e+00,2.14536401e-09,-1.92737478e-09,2.75734071e-09
0.00000000e+00,8.67811734e-06,1.73494744e-05,2.60303266e-05
0.00000000e+00,2.07644231e-09,-1.88400546e-09,2.65502494e-09
0.00000000e+00,8.63058070e-06,1.72544446e-05,2.58876776e-05
0.00000000e+00,8.08144839e-06,1.61569426e-05,2.42409048e-05
0.00000000e+00,8.03407116e-06,1.60622601e-05,2.40987573e-05
0.00000000e+00,2.10227274e-09,-1.88203654e-09,2.61455843e-09
0.00000000e+00,2.33624209e-09,-2.09260444e-09,2.88331737e-09
0.00000000e+00,1.88856485e-09,-1.68514525e-09,2.44297817e-09
0.00000000e+00,8.43797575e-06,1.68700102e-05,2.53103738e-05
0.00000000e+00,2.06463798e-09,-1.85533924e-09,2.66754556e-09
0.00000000e+00,8.63054097e-06,1.72545423e-05,2.58877273e-05
0.00000000e+00,7.86221044e-06,1.57192004e-05,2.35836166e-05
0.00000000e+00,8.03402931e-06,1.60623364e-05,2.40988068e-05
0.00000000e+00,1.29342370e-09,-1.14198885e-09,1.56854826e-09
0.00000000e+00,1.75898134e-09,-1.56155002e-09,2.18186602e-09
0.00000000e+00,1.19267894e-09,-1.04957096e-09,1.45530933e-09
0.00000000e+00,7.01463381e-06,1.40255699e-05,2.10416245e-05
0.00000000e+00,1.57374447e-09,-1.39008414e-09,2.02250101e-09
0.00000000e+00,8.01803300e-06,1.60310786e-05,2.40511021e-05
0.00000000e+00,6.52823059e-06,1.30532027e-05,1.95827295e-05
0.00000000e+00,7.41154256e-06,1.48187034e-05,2.22320624e-05
0.00000000e+00,0.00000000e+00,0.00000000e+00,0.00000000e+00
0.00000000e+00,7.19097002e-10,-6.28059528e-10,8.16104937e-10
0.00000000e+00,0.00000000e+00,0.00000000e+00,0.00000000e+00
0.00000000e+00,0.00000000e+00,0.00000000e+00,0.00000000e+00
0.00000000e+00,6.50772523e-10,-5.74713463e-10,7.53894777e-10
0.00000000e+00,5.07177979e-06,1.01414683e-05,1.52139795e-05
0.00000000e+00,0.00000000e+00,0.00000000e+00,0.00000000e+00
0.00000000e+00,4.19669667e-06,8.39160221e-06,1.25889729e-05
0.00000000e+00,0.00000000e+00,0.00000000e+00,0.00000000e+00
0.00000000e+00,-7.22463378e-06,-1.44502185e-05,-2.16740528e-05
0.00000000e+00,0.00000000e+00,0.00000000e+00,0.00000000e+00
0.00000000e+00,0.00000000e+00,0.00000000e+00,0.00000000e+00
0.00000000e+00,-4.06459907e-06,-8.12975905e-06,-1.21939456e-05
0.00000000e+00,-6.27056614e-06,-1.25416713e-05,-1.88115465e-05
0.00000000e+00,-3.58546119e-06,-7.17190661e-06,-1.07565769e-05
0.00000000e+00,0.00000000e+00,0.00000000e+00,0.00000000e+00
0.00000000e+00,-3.49836480e-06,-6.99708092e-06,-1.04950846e-05
0.00000000e+00,-2.01090394e-06,-4.02239550e-06,-6.03288775e-06
0.00000000e+00,-3.11469684e-06,-6.22996786e-06,-9.34397460e-06
0.00000000e+00,-1.73331578e-06,-3.46699778e-06,-5.19995475e-06
0.00000000e+00,-1.00302626e-05,-2.00618608e-05,-3.00907576e-05
0.00000000e+00,-9.10167902e-06,-1.82045404e-05,-2.73050821e-05
0.00000000e+00,-8.88424378e-06,-1.77691743e-05,-2.66522232e-05
0.00000000e+00,-5.01543399e-06,-1.00323461e-05,-1.50464373e-05
0.00000000e+00,-7.99861216e-06,-1.59978726e-05,-2.39954993e-05
0.00000000e+00,-4.53807609e-06,-9.07742671e-06,-1.36143881e-05
0.00000000e+00,-4.44157246e-06,-8.88395070e-06,-1.33243572e-05
0.00000000e+00,-3.98843997e-06,-7.97760533e-06,-1.19650779e-05
0.00000000e+00,-1.04956428e-05,-2.09928770e-05,-3.14870109e-05
0.00000000e+00,-1.03988912e-05,-2.07992890e-05,-3.11967067e-05
0.00000000e+00,-9.33984426e-06,-1.86804566e-05,-2.80189730e-05
0.00000000e+00,-5.25676874e-06,-1.05152011e-05,-1.57704531e-05
0.00000000e+00,-9.24343013e-06,-1.84876231e-05,-2.77297615e-05
0.00000000e+00,-5.20628866e-06,-1.04142243e-05,-1.56190570e-05
0.00000000e+00,-4.67717561e-06,-9.35521982e-06,-1.40310658e-05
0.00000000e+00,-4.62699310e-06,-9.25489121e-06,-1.38806166e-05
0.00000000e+00,-1.00301690e-05,-2.00618773e-05,-3.00907383e-05
0.00000000e+00,-1.03988387e-05,-2.07993298e-05,-3.11967183e-05
0.00000000e+00,-8.88418023e-06,-1.77691983e-05,-2.66522106e-05
0.00000000e+00,-5.01539204e-06,-1.00323350e-05,-1.50464066e-05
0.00000000e+00,-9.24341429e-06,-1.84876374e-05,-2.77297663e-05
0.00000000e+00,-5.20628783e-06,-1.04142240e-05,-1.56190500e-05
0.00000000e+00,-4.44153233e-06,-8.88395336e-06,-1.33243344e-05
0.00000000e+00,-4.62700445e-06,-9.25489143e-06,-1.38806131e-05
0.00000000e+00,-7.22457622e-06,-1.44502402e-05,-2.16740144e-05
0.00000000e+00,-9.10157385e-06,-1.82045780e-05,-2.73050452e-05
0.00000000e+00,-6.27049727e-06,-1.25417303e-05,-1.88115254e-05
0.00000000e+00,-3.58541571e-06,-7.17191864e-06,-1.07565537e-05
0.00000000e+00,-7.99853778e-06,-1.59979046e-05,-2.39954629e-05
0.00000000e+00,-4.53800067e-06,-9.07742581e-06,-1.36143381e-05
0.00000000e+00,-3.11464055e-06,-6.22999152e-06,-9.34395195e-06
0.00000000e+00,-3.98837542e-06,-7.97761006e-06,-1.19650344e-05
0.00000000e+00,0.00000000e+00,0.00000000e+00,0.00000000e+00
0.00000000e+00,-4.06457234e-06,-8.12977017e-06,-1.21939337e-05
0.00000000e+00,0.00000000e+00,0.00000000e+00,0.00000000e+00
0.00000000e+00,0.00000000e+00,0.00000000e+00,0.00000000e+00
0.00000000e+00,-3.49833062e-06,-6.99710770e-06,-1.04950774e-05
0.00000000e+00,-2.01087667e-06,-4.02239884e-06,-6.03287836e-06
0.00000000e+00,0.00000000e+00,0.00000000e+00,0.00000000e+00
0.00000000e+00,-1.73328670e-06,-3.46701538e-06,-5.19994809e-06
0.00000000e+00,0.00000000e+00,0.00000000e+00,0.00000000e+00
0.00000000e+00,-9.33676558e-06,-1.86753752e-05,-2.80111008e-05
0.00000000e+00,0.00000000e+00,0.00000000e+00,0.00000000e+00
0.00000000e+00,0.00000000e+00,0.00000000e+00,0.00000000e+00
0.00000000e+00,-5.39667671e-06,-1.07943429e-05,-1.61905056e-05
0.00000000e+00,-8.24281924e-06,-1.64870236e-05,-2.47289214e-05
0.00000000e+00,-4.62730339e-06,-9.25653447e-06,-1.38828255e-05
0.00000000e+00,0.00000000e+00,0.00000000e+00,0.00000000e+00
0.00000000e+00,-4.68900659e-06,-9.37879104e-06,-1.40673369e-05
0.00000000e+00,-2.66036513e-06,-5.32179164e-06,-7.98164301e-06
0.00000000e+00,-4.08745458e-06,-8.17636295e-06,-1.22629150e-05
0.00000000e+00,-2.31577965e-06,-4.63237428e-06,-6.94769258e-06
0.00000000e+00,-1.22889773e-05,-2.45806740e-05,-3.68679277e-05
0.00000000e+00,-1.13600501e-05,-2.27224322e-05,-3.40810279e-05
0.00000000e+00,-1.11676578e-05,-2.23373036e-05,-3.35034151e-05
0.00000000e+00,-6.14839843e-06,-1.22997539e-05,-1.84464612e-05
0.00000000e+00,-1.02245235e-05,-2.04508002e-05,-3.06740162e-05
0.00000000e+00,-5.66663779e-06,-1.13357983e-05,-1.70010012e-05
0.00000000e+00,-5.58574608e-06,-1.11736949e-05,-1.67579234e-05
0.00000000e+00,-5.09846975e-06,-1.01988291e-05,-1.52960225e-05
0.00000000e+00,-1.27466794e-05,-2.54966453e-05,-3.82414267e-05
0.00000000e+00,-1.26552217e-05,-2.53134408e-05,-3.79667958e-05
0.00000000e+00,-1.16319397e-05,-2.32663152e-05,-3.48965646e-05
0.00000000e+00,-6.38532950e-06,-1.27740829e-05,-1.91575201e-05
0.00000000e+00,-1.15371413e-05,-2.30765405e-05,-3.46120117e-05
0.00000000e+00,-6.33783442e-06,-1.26789126e-05,-1.90149057e-05
0.00000000e+00,-5.82657300e-06,-1.16556986e-05,-1.74805719e-05
0.00000000e+00,-5.77712745e-06,-1.15566761e-05,-1.73321493e-05
0.00000000e+00,-1.22888388e-05,-2.45807020e-05,-3.68679062e-05
0.00000000e+00,-1.26551258e-05,-2.53134993e-05,-3.79667974e-05
0.00000000e+00,-1.11675254e-05,-2.23373410e-05,-3.35034096e-05
0.00000000e+00,-6.14835228e-06,-1.22997288e-05,-1.84464221e-05
0.00000000e+00,-1.15370658e-05,-2.30765921e-05,-3.46120155e-05
0.00000000e+00,-6.33777876e-06,-1.26789442e-05,-1.90148770e-05
0.00000000e+00,-5.58569645e-06,-1.11736798e-05,-1.67578908e-05
0.00000000e+00,-5.77709255e-06,-1.15566922e-05,-1.73321317e-05
0.00000000e+00,-9.33667229e-06,-1.86753511e-05,-2.80110282e-05
0.00000000e+00,-1.13599143e-05,-2.27224255e-05,-3.40809892e-05
0.00000000e+00,-8.24274480e-06,-1.64870135e-05,-2.47288745e-05
0.00000000e+00,-4.62724589e-06,-9.25650467e-06,-1.38827676e-05
0.00000000e+00,-1.02244007e-05,-2.04508100e-05,-3.06739888e-05
0.00000000e+00,-5.66656765e-06,-1.13357672e-05,-1.70009684e-05
0.00000000e+00,-4.08739903e-06,-8.17635418e-06,-1.22628749e-05
0.00000000e+00,-5.09839824e-06,-1.01988109e-05,-1.52959842e-05
0.00000000e+00,0.00000000e+00,0.00000000e+00,0.00000000e+00
0.00000000e+00,-5.39665345e-06,-1.07943257e-05,-1.61904672e-05
0.00000000e+00,0.00000000e+00,0.00000000e+00,0.00000000e+00
0.00000000e+00,0.00000000e+00,0.00000000e+00,0.00000000e+00
0.00000000e+00,-4.68898013e-06,-9.37879934e-06,-1.40673111e-05
0.00000000e+00,-2.66036385e-06,-5.32176420e-06,-7.98160519e-06
0.00000000e+00,0.00000000e+00,0.00000000e+00,0.00000000e+00
0.00000000e+00,-2.31576771e-06,-4.63236166e-06,-6.94766764e-06
0.00000000e+00,0.00000000e+00,0.00000000e+00,0.00000000e+00
0.00000000e+00,-1.17328969e-05,-2.34684711e-05,-3.52001415e-05
0.00000000e+00,0.00000000e+00,0.00000000e+00,0.00000000e+00
0.00000000e+00,0.00000000e+00,0.00000000e+00,0.00000000e+00
0.00000000e+00,-7.19718788e-06,-1.43958622e-05,-2.15924398e-05
0.00000000e+00,-1.05096197e-05,-2.10214843e-05,-3.15299710e-05
0.00000000e+00,-5.81714548e-06,-1.16371367e-05,-1.74530693e-05
0.00000000e+00,0.00000000e+00,0.00000000e+00,0.00000000e+00
0.00000000e+00,-6.21424573e-06,-1.24297185e-05,-1.86433988e-05
0.00000000e+00,-3.52721087e-06,-7.05600640e-06,-1.05826018e-05
0.00000000e+00,-5.20801284e-06,-1.04184066e-05,-1.56253074e-05
0.00000000e+00,-3.05575038e-06,-6.11281860e-06,-9.16800418e-06
0.00000000e+00,-1.44664986e-05,-2.89371784e-05,-4.34016221e-05
0.00000000e+00,-1.36078675e-05,-2.72192691e-05,-4.08254224e-05
0.00000000e+00,-1.33899852e-05,-2.67833706e-05,-4.01714721e-05
0.00000000e+00,-7.24013492e-06,-1.44847429e-05,-2.17228480e-05
0.00000000e+00,-1.24959341e-05,-2.49947943e-05,-3.74891382e-05
0.00000000e+00,-6.80038677e-06,-1.36045618e-05,-2.04032395e-05
0.00000000e+00,-6.70148352e-06,-1.34066701e-05,-2.01062888e-05
0.00000000e+00,-6.23757827e-06,-1.24783059e-05,-1.87143159e-05
0.00000000e+00,-1.49082522e-05,-2.98213749e-05,-4.47273627e-05
0.00000000e+00,-1.48289285e-05,-2.96625024e-05,-4.44892076e-05
0.00000000e+00,-1.38397078e-05,-2.76834227e-05,-4.15210444e-05
0.00000000e+00,-7.46811609e-06,-1.49413170e-05,-2.24071415e-05
0.00000000e+00,-1.37519380e-05,-2.75076548e-05,-4.12575445e-05
0.00000000e+00,-7.42773806e-06,-1.48603999e-05,-2.22859127e-05
0.00000000e+00,-6.93338800e-06,-1.38710244e-05,-2.08023188e-05
0.00000000e+00,-6.88750166e-06,-1.37790781e-05,-2.06645430e-05
0.00000000e+00,-1.44663517e-05,-2.89371944e-05,-4.34016087e-05
0.00000000e+00,-1.48288574e-05,-2.96625271e-05,-4.44892128e-05
0.00000000e+00,-1.33898489e-05,-2.67833853e-05,-4.01714458e-05
0.00000000e+00,-7.24009777e-06,-1.44846954e-05,-2.17227999e-05
0.00000000e+00,-1.37518301e-05,-2.75077081e-05,-4.12575394e-05
0.00000000e+00,-7.42768917e-06,-1.48604259e-05,-2.22859022e-05
0.00000000e+00,-6.70142554e-06,-1.34066446e-05,-2.01062480e-05
0.00000000e+00,-6.88744848e-06,-1.37791013e-05,-2.06645234e-05
0.00000000e+00,-1.17328274e-05,-2.34683974e-05,-3.52000719e-05
0.00000000e+00,-1.36077527e-05,-2.72192078e-05,-4.08253347e-05
0.00000000e+00,-1.05095319e-05,-2.10214310e-05,-3.15298924e-05
0.00000000e+00,-5.81709359e-06,-1.16370752e-05,-1.74529929e-05
0.00000000e+00,-1.24958054e-05,-2.49947618e-05,-3.74890827e-05
0.00000000e+00,-6.80032791e-06,-1.36044845e-05,-2.04031746e-05
0.00000000e+00,-5.20795411e-06,-1.04183626e-05,-1.56252443e-05
0.00000000e+00,-6.23751316e-06,-1.24782505e-05,-1.87142622e-05
0.00000000e+00,0.00000000e+00,0.00000000e+00,0.00000000e+00
0.00000000e+00,-7.19716200e-06,-1.43958131e-05,-2.15923873e-05
0.00000000e+00,0.00000000e+00,0.00000000e+00,0.00000000e+00
0.00000000e+00,0.00000000e+00,0.00000000e+00,0.00000000e+00
0.00000000e+00,-6.21422511e-06,-1.24296817e-05,-1.86433504e-05
0.00000000e+00,-3.52721444e-06,-7.05594560e-06,-1.05825465e-05
0.00000000e+00,0.00000000e+00,0.00000000e+00,0.00000000e+00
0.00000000e+00,-3.05574492e-06,-6.11277796e-06,-9.16795870e-06
0.00000000e+00,0.00000000e+00,0.00000000e+00,0.00000000e+00
0.00000000e+00,-1.37592940e-05,-2.75221653e-05,-4.12800757e-05
0.00000000e+00,0.00000000e+00,0.00000000e+00,0.00000000e+00
0.00000000e+00,0.00000000e+00,0.00000000e+00,0.00000000e+00
0.00000000e+00,-9.96002235e-06,-1.99220114e-05,-2.98813291e-05
0.00000000e+00,-1.29408631e-05,-2.58848572e-05,-3.88244083e-05
0.00000000e+00,-7.01205171e-06,-1.40279778e-05,-2.10386202e-05
0.00000000e+00,0.00000000e+00,0.00000000e+00,0.00000000e+00
0.00000000e+00,-8.41713144e-06,-1.68359781e-05,-2.52524515e-05
0.00000000e+00,-5.07035428e-06,-1.01428148e-05,-1.52124395e-05
0.00000000e+00,-6.52598179e-06,-1.30553099e-05,-1.95799842e-05
0.00000000e+00,-4.19546455e-06,-8.39276902e-06,-1.25875636e-05
0.00000000e+00,-1.65459960e-05,-3.30977358e-05,-4.96414078e-05
0.00000000e+00,-1.57213365e-05,-3.14475324e-05,-4.71669190e-05
0.00000000e+00,-1.55443951e-05,-3.10937463e-05,-4.66359551e-05
0.00000000e+00,-8.43383357e-06,-1.68737579e-05,-2.53052218e-05
0.00000000e+00,-1.46613846e-05,-2.93269736e-05,-4.39865143e-05
0.00000000e+00,-8.01455300e-06,-1.60342865e-05,-2.40468716e-05
0.00000000e+00,-7.85860340e-06,-1.57224967e-05,-2.35788986e-05
0.00000000e+00,-7.40851658e-06,-1.48215108e-05,-2.22281927e-05
0.00000000e+00,-1.70150195e-05,-3.40366571e-05,-5.10490820e-05
0.00000000e+00,-1.69209970e-05,-3.38484433e-05,-5.07669120e-05
0.00000000e+00,-1.59726966e-05,-3.19511374e-05,-4.79213966e-05
0.00000000e+00,-8.67339405e-06,-1.73537186e-05,-2.60244234e-05
0.00000000e+00,-1.58782409e-05,-3.17619953e-05,-4.76378609e-05
0.00000000e+00,-8.62595565e-06,-1.72586477e-05,-2.58819970e-05
0.00000000e+00,-8.07732569e-06,-1.61606683e-05,-2.42355040e-05
0.00000000e+00,-8.03005113e-06,-1.60659285e-05,-2.40935625e-05
0.00000000e+00,-1.65459245e-05,-3.30977111e-05,-4.96414008e-05
0.00000000e+00,-1.69209825e-05,-3.38484622e-05,-5.07669212e-05
0.00000000e+00,-1.55443045e-05,-3.10937189e-05,-4.66359302e-05
0.00000000e+00,-8.43381662e-06,-1.68737025e-05,-2.53051713e-05
0.00000000e+00,-1.58781755e-05,-3.17620304e-05,-4.76378562e-05
0.00000000e+00,-8.62594110e-06,-1.72586468e-05,-2.58819840e-05
0.00000000e+00,-7.85856514e-06,-1.57224510e-05,-2.35788523e-05
0.00000000e+00,-8.03002535e-06,-1.60659333e-05,-2.40935513e-05
0.00000000e+00,-1.37592766e-05,-2.75220460e-05,-4.12799973e-05
0.00000000e+00,-1.57212668e-05,-3.14474309e-05,-4.71668587e-05
0.00000000e+00,-1.29408148e-05,-2.58847560e-05,-3.88243292e-05
0.00000000e+00,-7.01203585e-06,-1.40278564e-05,-2.10385255e-05
0.00000000e+00,-1.46612944e-05,-2.93268846e-05,-4.39864567e-05
0.00000000e+00,-8.01453936e-06,-1.60341751e-05,-2.40467797e-05
0.00000000e+00,-6.52595629e-06,-1.30552176e-05,-1.95798991e-05
0.00000000e+00,-7.40848232e-06,-1.48214140e-05,-2.22281119e-05
0.00000000e+00,0.00000000e+00,0.00000000e+00,0.00000000e+00
0.00000000e+00,-9.95999198e-06,-1.99219665e-05,-2.98812794e-05
0.00000000e+00,0.00000000e+00,0.00000000e+00,0.00000000e+00
0.00000000e+00,0.00000000e+00,0.00000000e+00,0.00000000e+00
0.00000000e+00,-8.41711091e-06,-1.68359246e-05,-2.52523997e-05
0.00000000e+00,-5.07033717e-06,-1.01427451e-05,-1.52123798e-05
0.00000000e+00,0.00000000e+00,0.00000000e+00,0.00000000e+00
0.00000000e+00,-4.19545655e-06,-8.39270799e-06,-1.25875074e-05
0.00000000e+00,0.00000000e+00,0.00000000e+00,0.00000000e+00
0.00000000e+00,-1.43286189e-05,-2.86578424e-05,-4.29857235e-05
0.00000000e+00,0.00000000e+00,0.00000000e+00,0.00000000e+00
0.00000000e+00,0.00000000e+00,0.00000000e+00,0.00000000e+00
0.00000000e+00,-8.15341648e-06,-1.63072301e-05,-2.44602758e-05
0.00000000e+00,-1.26192733e-05,-2.52389213e-05,-3.78575383e-05
0.00000000e+00,-1.07025402e-05,-2.14058628e-05,-3.21076204e-05
0.00000000e+00,0.00000000e+00,0.00000000e+00,0.00000000e+00
0.00000000e+00,-7.11239605e-06,-1.42250518e-05,-2.13371018e-05
0.00000000e+00,-6.04603094e-06,-1.20925409e-05,-1.81381758e-05
0.00000000e+00,-9.38395620e-06,-1.87683740e-05,-2.81516518e-05
0.00000000e+00,-5.25573769e-06,-1.05117823e-05,-1.57671652e-05
0.00000000e+00,-1.93990026e-05,-3.87986884e-05,-5.81964228e-05
0.00000000e+00,-1.77647565e-05,-3.55301390e-05,-5.32938528e-05
0.00000000e+00,-1.74424894e-05,-3.48853061e-05,-5.23266452e-05
0.00000000e+00,-1.47198358e-05,-2.94406939e-05,-4.41591949e-05
0.00000000e+00,-1.58541293e-05,-3.17085864e-05,-4.75617685e-05
0.00000000e+00,-1.34037662e-05,-2.68084479e-05,-4.02111047e-05
0.00000000e+00,-1.31657327e-05,-2.63319918e-05,-3.94965410e-05
0.00000000e+00,-1.18991296e-05,-2.37987611e-05,-3.56969174e-05
0.00000000e+00,-2.02036356e-05,-4.04082957e-05,-6.06105481e-05
0.00000000e+00,-2.00393995e-05,-4.00795371e-05,-6.01175226e-05
0.00000000e+00,-1.82349243e-05,-3.64703402e-05,-5.47040153e-05
0.00000000e+00,-1.53739236e-05,-3.07491272e-05,-4.61215895e-05
0.00000000e+00,-1.80707683e-05,-3.61418398e-05,-5.42113089e-05
0.00000000e+00,-1.52389588e-05,-3.04790500e-05,-4.57165506e-05
0.00000000e+00,-1.38081213e-05,-2.76168884e-05,-4.14237195e-05
0.00000000e+00,-1.36734290e-05,-2.73474008e-05,-4.10195337e-05
0.00000000e+00,-1.93988207e-05,-3.87988318e-05,-5.81964610e-05
0.00000000e+00,-2.00392599e-05,-4.00796535e-05,-6.01176019e-05
0.00000000e+00,-1.74423459e-05,-3.48854264e-05,-5.23266763e-05
0.00000000e+00,-1.47197134e-05,-2.94407589e-05,-4.41591997e-05
0.00000000e+00,-1.80706580e-05,-3.61419236e-05,-5.42113726e-05
0.00000000e+00,-1.52388635e-05,-3.04791142e-05,-4.57165890e-05
0.00000000e+00,-1.31656390e-05,-2.63320472e-05,-3.94965445e-05
0.00000000e+00,-1.36733627e-05,-2.73474453e-05,-4.10195578e-05
0.00000000e+00,-1.43285295e-05,-2.86579294e-05,-4.29856926e-05
0.00000000e+00,-1.77645984e-05,-3.55302901e-05,-5.32938649e-05
0.00000000e+00,-1.26191983e-05,-2.52390250e-05,-3.78575182e-05
0.00000000e+00,-1.07024682e-05,-2.14059140e-05,-3.21075783e-05
0.00000000e+00,-1.58540040e-05,-3.17087370e-05,-4.75617714e-05
0.00000000e+00,-1.34036280e-05,-2.68085370e-05,-4.02110971e-05
0.00000000e+00,-9.38388463e-06,-1.87684580e-05,-2.81516256e-05
0.00000000e+00,-1.18990309e-05,-2.37988472e-05,-3.56969004e-05
0.00000000e+00,0.00000000e+00,0.00000000e+00,0.00000000e+00
0.00000000e+00,-8.15340326e-06,-1.63072635e-05,-2.44602616e-05
0.00000000e+00,0.00000000e+00,0.00000000e+00,0.00000000e+00
0.00000000e+00,0.00000000e+00,0.00000000e+00,0.00000000e+00
0.00000000e+00,-7.11237060e-06,-1.42250877e-05,-2.13370914e-05
0.00000000e+00,-6.04601143e-06,-1.20925616e-05,-1.81381615e-05
0.00000000e+00,0.00000000e+00,0.00000000e+00,0.00000000e+00
0.00000000e+00,-5.25570871e-06,-1.05118096e-05,-1.57671575e-05
0.00000000e+00,0.00000000e+00,0.00000000e+00,0.00000000e+00
0.00000000e+00,-1.80559532e-05,-3.61129912e-05,-5.41680166e-05
0.00000000e+00,0.00000000e+00,0.00000000e+00,0.00000000e+00
0.00000000e+00,0.00000000e+00,0.00000000e+00,0.00000000e+00
0.00000000e+00,-1.05857423e-05,-2.11721524e-05,-3.17574386e-05
0.00000000e+00,-1.61396781e-05,-3.22801908e-05,-4.84190362e-05
0.00000000e+00,-1.35922324e-05,-2.71859575e-05,-4.07771849e-05
0.00000000e+00,0.00000000e+00,0.00000000e+00,0.00000000e+00
0.00000000e+00,-9.29963887e-06,-1.85998118e-05,-2.78990397e-05
0.00000000e+00,-7.88562206e-06,-1.57720761e-05,-2.36572069e-05
0.00000000e+00,-1.21018558e-05,-2.42048332e-05,-3.63058031e-05
0.00000000e+00,-6.91215697e-06,-1.38249670e-05,-2.07366833e-05
0.00000000e+00,-2.32482060e-05,-4.64978940e-05,-6.97445590e-05
0.00000000e+00,-2.16309926e-05,-4.32632854e-05,-6.48929896e-05
0.00000000e+00,-2.13363038e-05,-4.26736773e-05,-6.40085872e-05
0.00000000e+00,-1.77827215e-05,-3.55675190e-05,-5.33485752e-05
0.00000000e+00,-1.96952436e-05,-3.93914443e-05,-5.90855223e-05
0.00000000e+00,-1.64687594e-05,-3.29393660e-05,-4.94067286e-05
0.00000000e+00,-1.62616624e-05,-3.25248680e-05,-4.87850423e-05
0.00000000e+00,-1.49305259e-05,-2.98624200e-05,-4.47916985e-05
0.00000000e+00,-2.40535859e-05,-4.81092268e-05,-7.21611541e-05
0.00000000e+00,-2.38949688e-05,-4.77916113e-05,-7.16848840e-05
0.00000000e+00,-2.21435321e-05,-4.42886104e-05,-6.64306282e-05
0.00000000e+00,-1.84317650e-05,-3.68661732e-05,-5.52961278e-05
0.00000000e+00,-2.19813483e-05,-4.39639009e-05,-6.59436874e-05
0.00000000e+00,-1.83028257e-05,-3.66080317e-05,-5.49090493e-05
0.00000000e+00,-1.69158479e-05,-3.38336608e-05,-5.07478854e-05
0.00000000e+00,-1.67829930e-05,-3.35677323e-05,-5.03491012e-05
0.00000000e+00,-2.32479634e-05,-4.64980392e-05,-6.97445909e-05
0.00000000e+00,-2.38947876e-05,-4.77917299e-05,-7.16849538e-05
0.00000000e+00,-2.13360941e-05,-4.26738259e-05,-6.40086250e-05
0.00000000e+00,-1.77825136e-05,-3.55675960e-05,-5.33485683e-05
0.00000000e+00,-2.19811860e-05,-4.39640196e-05,-6.59437704e-05
0.00000000e+00,-1.83026880e-05,-3.66081083e-05,-5.49090845e-05
0.00000000e+00,-1.62614967e-05,-3.25249450e-05,-4.87850478e-05
0.00000000e+00,-1.67828788e-05,-3.35678056e-05,-5.03491363e-05
0.00000000e+00,-1.80558146e-05,-3.61130585e-05,-5.41679738e-05
0.00000000e+00,-2.16307721e-05,-4.32634042e-05,-6.48929783e-05
0.00000000e+00,-1.61395570e-05,-3.22802742e-05,-4.84190071e-05
0.00000000e+00,-1.35921387e-05,-2.71859389e-05,-4.07770993e-05
0.00000000e+00,-1.96950456e-05,-3.93915835e-05,-5.90855248e-05
0.00000000e+00,-1.64685633e-05,-3.29394071e-05,-4.94066943e-05
0.00000000e+00,-1.21017674e-05,-2.42048589e-05,-3.63057495e-05
0.00000000e+00,-1.49303566e-05,-2.98624861e-05,-4.47916809e-05
0.00000000e+00,0.00000000e+00,0.00000000e+00,0.00000000e+00
0.00000000e+00,-1.05857332e-05,-2.11721534e-05,-3.17574013e-05
0.00000000e+00,0.00000000e+00,0.00000000e+00,0.00000000e+00
0.00000000e+00,0.00000000e+00,0.00000000e+00,0.00000000e+00
0.00000000e+00,-9.29964201e-06,-1.85998218e-05,-2.78990109e-05
0.00000000e+00,-7.88561400e-06,-1.57720531e-05,-2.36571590e-05
0.00000000e+00,0.00000000e+00,0.00000000e+00,0.00000000e+00
0.00000000e+00,-6.91214286e-06,-1.38249713e-05,-2.07366539e-05
0.00000000e+00,0.00000000e+00,0.00000000e+00,0.00000000e+00
0.00000000e+00,-2.21243652e-05,-4.42503232e-05,-6.63735754e-05
0.00000000e+00,0.00000000e+00,0.00000000e+00,0.00000000e+00
0.00000000e+00,0.00000000e+00,0.00000000e+00,0.00000000e+00
0.00000000e+00,-1.37870339e-05,-2.75750085e-05,-4.13614905e-05
0.00000000e+00,-2.00720171e-05,-4.01453610e-05,-6.02163495e-05
0.00000000e+00,-1.68076111e-05,-3.36174085e-05,-5.04238301e-05
0.00000000e+00,0.00000000e+00,0.00000000e+00,0.00000000e+00
0.00000000e+00,-1.20571202e-05,-2.41150417e-05,-3.61716554e-05
0.00000000e+00,-1.02970007e-05,-2.05952004e-05,-3.08916122e-05
0.00000000e+00,-1.51752636e-05,-3.03523503e-05,-4.55265213e-05
0.00000000e+00,-8.99381810e-06,-1.79886490e-05,-2.69819270e-05
0.00000000e+00,-2.69872290e-05,-5.39767368e-05,-8.09621331e-05
0.00000000e+00,-2.54249088e-05,-5.08518162e-05,-7.62751955e-05
0.00000000e+00,-2.51308425e-05,-5.02635561e-05,-7.53927151e-05
0.00000000e+00,-2.07470075e-05,-4.14971698e-05,-6.22422099e-05
0.00000000e+00,-2.35507375e-05,-4.71031372e-05,-7.06524562e-05
0.00000000e+00,-1.95136784e-05,-3.90301582e-05,-5.85421923e-05
0.00000000e+00,-1.92799676e-05,-3.85625331e-05,-5.78406826e-05
0.00000000e+00,-1.80050361e-05,-3.60123800e-05,-5.40158944e-05
0.00000000e+00,-2.77822244e-05,-5.55674003e-05,-8.33476734e-05
0.00000000e+00,-2.76362648e-05,-5.52751174e-05,-8.29094039e-05
0.00000000e+00,-2.59327970e-05,-5.18680981e-05,-7.77990870e-05
0.00000000e+00,-2.13835075e-05,-4.27708774e-05,-6.41522462e-05
0.00000000e+00,-2.57795773e-05,-5.15613177e-05,-7.73390517e-05
0.00000000e+00,-2.12699251e-05,-4.25434282e-05,-6.38112035e-05
0.00000000e+00,-1.99223843e-05,-3.98479883e-05,-5.97683982e-05
0.00000000e+00,-1.97972438e-05,-3.95974464e-05,-5.93927149e-05
0.00000000e+00,-2.69869159e-05,-5.39768577e-05,-8.09621424e-05
0.00000000e+00,-2.76360351e-05,-5.52752322e-05,-8.29094365e-05
0.00000000e+00,-2.51305674e-05,-5.02636906e-05,-7.53927385e-05
0.00000000e+00,-2.07467492e-05,-4.14972435e-05,-6.22421905e-05
0.00000000e+00,-2.57793749e-05,-5.15614293e-05,-7.73391011e-05
0.00000000e+00,-2.12697421e-05,-4.25434938e-05,-6.38112183e-05
0.00000000e+00,-1.92797377e-05,-3.85626051e-05,-5.78406672e-05
0.00000000e+00,-1.97970755e-05,-3.95975250e-05,-5.93927386e-05
0.00000000e+00,-2.21242168e-05,-4.42502982e-05,-6.63734841e-05
0.00000000e+00,-2.54246439e-05,-5.08518815e-05,-7.62751575e-05
0.00000000e+00,-2.00718619e-05,-4.01453951e-05,-6.02162887e-05
0.00000000e+00,-1.68074942e-05,-3.36173202e-05,-5.04237120e-05
0.00000000e+00,-2.35504891e-05,-4.71032295e-05,-7.06524279e-05
0.00000000e+00,-1.95134860e-05,-3.90301536e-05,-5.85421246e-05
0.00000000e+00,-1.51751630e-05,-3.03522970e-05,-4.55264207e-05
0.00000000e+00,-1.80048373e-05,-3.60124014e-05,-5.40158432e-05
0.00000000e+00,0.00000000e+00,0.00000000e+00,0.00000000e+00
0.00000000e+00,-1.37869827e-05,-2.75750044e-05,-4.13614446e-05
0.00000000e+00,0.00000000e+00,0.00000000e+00,0.00000000e+00
0.00000000e+00,0.00000000e+00,0.00000000e+00,0.00000000e+00
0.00000000e+00,-1.20570922e-05,-2.41150424e-05,-3.61716122e-05
0.00000000e+00,-1.02969693e-05,-2.05951576e-05,-3.08915564e-05
0.00000000e+00,0.00000000e+00,0.00000000e+00,0.00000000e+00
0.00000000e+00,-8.99379027e-06,-1.79886183e-05,-2.69818760e-05
0.00000000e+00,0.00000000e+00,0.00000000e+00,0.00000000e+00
0.00000000e+00,-2.54505775e-05,-5.09032503e-05,-7.63525578e-05
0.00000000e+00,0.00000000e+00,0.00000000e+00,0.00000000e+00
0.00000000e+00,0.00000000e+00,0.00000000e+00,0.00000000e+00
0.00000000e+00,-1.84151265e-05,-3.68313842e-05,-5.52458655e-05
0.00000000e+00,-2.40689563e-05,-4.81397678e-05,-7.22075233e-05
0.00000000e+00,-1.99829869e-05,-3.99689597e-05,-5.99505844e-05
0.00000000e+00,0.00000000e+00,0.00000000e+00,0.00000000e+00
0.00000000e+00,-1.58855900e-05,-3.17722374e-05,-4.76572269e-05
0.00000000e+00,-1.44481933e-05,-2.88979934e-05,-4.33455106e-05
0.00000000e+00,-1.86765922e-05,-3.73557534e-05,-5.60310662e-05
0.00000000e+00,-1.21262038e-05,-2.42538125e-05,-3.63793840e-05
0.00000000e+00,-3.05830975e-05,-6.11693386e-05,-9.17503348e-05
0.00000000e+00,-2.90421623e-05,-5.80870100e-05,-8.71274265e-05
0.00000000e+00,-2.88450584e-05,-5.76927900e-05,-8.65358619e-05
0.00000000e+00,-2.40246557e-05,-4.80540301e-05,-7.20764591e-05
0.00000000e+00,-2.72188217e-05,-5.44399800e-05,-8.16571520e-05
0.00000000e+00,-2.28235254e-05,-4.56510888e-05,-6.84727197e-05
0.00000000e+00,-2.24428202e-05,-4.48895936e-05,-6.73303112e-05
0.00000000e+00,-2.11642109e-05,-4.23318110e-05,-6.34942468e-05
0.00000000e+00,-3.14447226e-05,-6.28933506e-05,-9.43358649e-05
0.00000000e+00,-3.12672892e-05,-6.25380981e-05,-9.38031420e-05
0.00000000e+00,-2.96318795e-05,-5.92671586e-05,-8.88969420e-05
0.00000000e+00,-2.47051092e-05,-4.94158536e-05,-7.41185098e-05
0.00000000e+00,-2.94539921e-05,-5.89110109e-05,-8.83628708e-05
0.00000000e+00,-2.45689372e-05,-4.91432359e-05,-7.37097757e-05
0.00000000e+00,-2.30620109e-05,-4.61287777e-05,-6.91884904e-05
0.00000000e+00,-2.29258215e-05,-4.58560496e-05,-6.87795913e-05
0.00000000e+00,-3.05827596e-05,-6.11694019e-05,-9.17503158e-05
0.00000000e+00,-3.12670463e-05,-6.25381817e-05,-9.38031566e-05
0.00000000e+00,-2.88447120e-05,-5.76928877e-05,-8.65358531e-05
0.00000000e+00,-2.40245055e-05,-4.80540092e-05,-7.20764451e-05
0.00000000e+00,-2.94537407e-05,-5.89111137e-05,-8.83628920e-05
0.00000000e+00,-2.45688382e-05,-4.91433010e-05,-7.37097876e-05
0.00000000e+00,-2.24426181e-05,-4.48896177e-05,-6.73302916e-05
0.00000000e+00,-2.29256698e-05,-4.58561141e-05,-6.87795957e-05
0.00000000e+00,-2.54504484e-05,-5.09031420e-05,-7.63524362e-05
0.00000000e+00,-2.90418477e-05,-5.80870429e-05,-8.71273676e-05
0.00000000e+00,-2.40688208e-05,-4.81396857e-05,-7.22074052e-05
0.00000000e+00,-1.99829181e-05,-3.99688358e-05,-5.99505022e-05
0.00000000e+00,-2.72185197e-05,-5.44400280e-05,-8.16571000e-05
0.00000000e+00,-2.28233642e-05,-4.56510162e-05,-6.84726817e-05
0.00000000e+00,-1.86764983e-05,-3.73556505e-05,-5.60309689e-05
0.00000000e+00,-2.11640272e-05,-4.23317691e-05,-6.34941916e-05
0.00000000e+00,0.00000000e+00,0.00000000e+00,0.00000000e+00
0.00000000e+00,-1.84150525e-05,-3.68313503e-05,-5.52458033e-05
0.00000000e+00,0.00000000e+00,0.00000000e+00,0.00000000e+00
0.00000000e+00,0.00000000e+00,0.00000000e+00,0.00000000e+00
0.00000000e+00,-1.58855298e-05,-3.17722178e-05,-4.76571705e-05
0.00000000e+00,-1.44481703e-05,-2.88979271e-05,-4.33454519e-05
0.00000000e+00,0.00000000e+00,0.00000000e+00,0.00000000e+00
0.00000000e+00,-1.21261733e-05,-2.42537581e-05,-3.63793267e-05
0.00000000e+00,0.00000000e+00,0.00000000e+00,0.00000000e+00
0.00000000e+00,-1.57073415e-05,-3.14142900e-05,-4.71212939e-05
0.00000000e+00,0.00000000e+00,0.00000000e+00,0.00000000e+00
0.00000000e+00,0.00000000e+00,0.00000000e+00,0.00000000e+00
0.00000000e+00,-8.83511345e-06,-1.76701069e-05,-2.65050399e-05
0.00000000e+00,-1.31583715e-05,-2.63162360e-05,-3.94743106e-05
0.00000000e+00,-1.49826435e-05,-2.99653805e-05,-4.49475039e-05
0.00000000e+00,0.00000000e+00,0.00000000e+00,0.00000000e+00
0.00000000e+00,-7.34026733e-06,-1.46803211e-05,-2.20204245e-05
0.00000000e+00,-8.46381335e-06,-1.69277634e-05,-2.53913057e-05
0.00000000e+00,-1.28623924e-05,-2.57247087e-05,-3.85866314e-05
0.00000000e+00,-7.20431210e-06,-1.44086494e-05,-2.16127103e-05
0.00000000e+00,-2.18137615e-05,-4.36265192e-05,-6.54396366e-05
0.00000000e+00,-1.97929277e-05,-3.95850711e-05,-5.93775013e-05
0.00000000e+00,-1.86451516e-05,-3.72891230e-05,-5.59336924e-05
0.00000000e+00,-2.06098993e-05,-4.12195370e-05,-6.18284704e-05
0.00000000e+00,-1.67861327e-05,-3.35713070e-05,-5.03569911e-05
0.00000000e+00,-1.87666585e-05,-3.75332019e-05,-5.62990962e-05
0.00000000e+00,-1.80459742e-05,-3.60914483e-05,-5.41365378e-05
0.00000000e+00,-1.63099617e-05,-3.26195899e-05,-4.89288557e-05
0.00000000e+00,-2.28259802e-05,-4.56511561e-05,-6.84764094e-05
0.00000000e+00,-2.26155885e-05,-4.52301853e-05,-6.78450628e-05
0.00000000e+00,-1.96013427e-05,-3.92016016e-05,-5.88022621e-05
0.00000000e+00,-2.15258229e-05,-4.30516576e-05,-6.45764248e-05
0.00000000e+00,-1.93990413e-05,-3.87968826e-05,-5.81952821e-05
0.00000000e+00,-2.13368132e-05,-4.26734232e-05,-6.40091658e-05
0.00000000e+00,-1.89266554e-05,-3.78529417e-05,-5.67786299e-05
0.00000000e+00,-1.87419614e-05,-3.74834248e-05,-5.62244047e-05
0.00000000e+00,-2.18136080e-05,-4.36268522e-05,-6.54397463e-05
0.00000000e+00,-2.26154738e-05,-4.52304055e-05,-6.78451494e-05
0.00000000e+00,-1.86450385e-05,-3.72894310e-05,-5.59337937e-05
0.00000000e+00,-2.06097223e-05,-4.12197775e-05,-6.18285566e-05
0.00000000e+00,-1.93989502e-05,-3.87970821e-05,-5.81953579e-05
0.00000000e+00,-2.13366776e-05,-4.26736010e-05,-6.40092615e-05
0.00000000e+00,-1.80458365e-05,-3.60916496e-05,-5.41366081e-05
0.00000000e+00,-1.87418607e-05,-3.74835649e-05,-5.62244789e-05
0.00000000e+00,-1.57073181e-05,-3.14144608e-05,-4.71213041e-05
0.00000000e+00,-1.97928231e-05,-3.95853649e-05,-5.93775604e-05
0.00000000e+00,-1.31583497e-05,-2.63163971e-05,-3.94743203e-05
0.00000000e+00,-1.49826030e-05,-2.99655014e-05,-4.49474889e-05
0.00000000e+00,-1.67860349e-05,-3.35715779e-05,-5.03570425e-05
0.00000000e+00,-1.87665522e-05,-3.75334289e-05,-5.62991332e-05
0.00000000e+00,-1.28623393e-05,-2.57248405e-05,-3.85866213e-05
0.00000000e+00,-1.63098667e-05,-3.26198067e-05,-4.89288809e-05
0.00000000e+00,0.00000000e+00,0.00000000e+00,0.00000000e+00
0.00000000e+00,-8.83512977e-06,-1.76701660e-05,-2.65050324e-05
0.00000000e+00,0.00000000e+00,0.00000000e+00,0.00000000e+00
0.00000000e+00,0.00000000e+00,0.00000000e+00,0.00000000e+00
0.00000000e+00,-7.34027989e-06,-1.46803845e-05,-2.20204136e-05
0.00000000e+00,-8.46379066e-06,-1.69278306e-05,-2.53913038e-05
0.00000000e+00,0.00000000e+00,0.00000000e+00,0.00000000e+00
0.00000000e+00,-7.20428590e-06,-1.44087187e-05,-2.16127122e-05
0.00000000e+00,0.00000000e+00,0.00000000e+00,0.00000000e+00
0.00000000e+00,-2.13237977e-05,-4.26474569e-05,-6.39708391e-05
0.00000000e+00,0.00000000e+00,0.00000000e+00,0.00000000e+00
0.00000000e+00,0.00000000e+00,0.00000000e+00,0.00000000e+00
0.00000000e+00,-1.23199127e-05,-2.46398708e-05,-3.69595659e-05
0.00000000e+00,-1.84208044e-05,-3.68413430e-05,-5.52617744e-05
0.00000000e+00,-1.96172896e-05,-3.92350258e-05,-5.88516703e-05
0.00000000e+00,0.00000000e+00,0.00000000e+00,0.00000000e+00
0.00000000e+00,-1.04761946e-05,-2.09523626e-05,-3.14283588e-05
0.00000000e+00,-1.13796579e-05,-2.27596703e-05,-3.41390059e-05
0.00000000e+00,-1.72302437e-05,-3.44607610e-05,-5.16904301e-05
0.00000000e+00,-9.84217866e-06,-1.96846044e-05,-2.95264931e-05
0.00000000e+00,-2.80736586e-05,-5.61467417e-05,-8.42196438e-05
0.00000000e+00,-2.59511351e-05,-5.19018387e-05,-7.78523665e-05
0.00000000e+00,-2.49619463e-05,-4.99230662e-05,-7.48843100e-05
0.00000000e+00,-2.56707478e-05,-5.13418212e-05,-7.70114198e-05
0.00000000e+00,-2.28533344e-05,-4.57060559e-05,-6.85588423e-05
0.00000000e+00,-2.37734372e-05,-4.75472406e-05,-7.13197503e-05
0.00000000e+00,-2.31549679e-05,-4.63099274e-05,-6.94638406e-05
0.00000000e+00,-2.12592149e-05,-4.25185296e-05,-6.37769071e-05
0.00000000e+00,-2.91191957e-05,-5.82382542e-05,-8.73566163e-05
0.00000000e+00,-2.89100582e-05,-5.78196680e-05,-8.67288978e-05
0.00000000e+00,-2.60001019e-05,-5.19997082e-05,-7.79990357e-05
0.00000000e+00,-2.66080914e-05,-5.32170575e-05,-7.98239114e-05
0.00000000e+00,-2.57880740e-05,-5.15753946e-05,-7.73626906e-05
0.00000000e+00,-2.64216259e-05,-5.28437551e-05,-7.92641326e-05
0.00000000e+00,-2.40871431e-05,-4.81747021e-05,-7.22606977e-05
0.00000000e+00,-2.38977779e-05,-4.77956653e-05,-7.16922891e-05
0.00000000e+00,-2.80734604e-05,-5.61471257e-05,-8.42197834e-05
0.00000000e+00,-2.89099038e-05,-5.78199323e-05,-8.67290122e-05
0.00000000e+00,-2.49617576e-05,-4.99234360e-05,-7.48844382e-05
0.00000000e+00,-2.56705212e-05,-5.13421012e-05,-7.70115291e-05
0.00000000e+00,-2.57879321e-05,-5.15756408e-05,-7.73627931e-05
0.00000000e+00,-2.64214445e-05,-5.28439837e-05,-7.92642514e-05
0.00000000e+00,-2.31547532e-05,-4.63101999e-05,-6.94639431e-05
0.00000000e+00,-2.38976085e-05,-4.77958853e-05,-7.16924048e-05
0.00000000e+00,-2.13237798e-05,-4.26476359e-05,-6.39708548e-05
0.00000000e+00,-2.59510073e-05,-5.19021580e-05,-7.78524509e-05
0.00000000e+00,-1.84207892e-05,-3.68415155e-05,-5.52617886e-05
0.00000000e+00,-1.96172410e-05,-3.92351393e-05,-5.88516499e-05
0.00000000e+00,-2.28532272e-05,-4.57063592e-05,-6.85589089e-05
0.00000000e+00,-2.37732854e-05,-4.75474737e-05,-7.13198054e-05
0.00000000e+00,-1.72302162e-05,-3.44608646e-05,-5.16904023e-05
0.00000000e+00,-2.12590862e-05,-4.25187643e-05,-6.37769577e-05
0.00000000e+00,0.00000000e+00,0.00000000e+00,0.00000000e+00
0.00000000e+00,-1.23199263e-05,-2.46399252e-05,-3.69595620e-05
0.00000000e+00,0.00000000e+00,0.00000000e+00,0.00000000e+00
0.00000000e+00,0.00000000e+00,0.00000000e+00,0.00000000e+00
0.00000000e+00,-1.04762095e-05,-2.09524169e-05,-3.14283518e-05
0.00000000e+00,-1.13796459e-05,-2.27597222e-05,-3.41389980e-05
0.00000000e+00,0.00000000e+00,0.00000000e+00,0.00000000e+00
0.00000000e+00,-9.84216060e-06,-1.96846685e-05,-2.95264891e-05
0.00000000e+00,0.00000000e+00,0.00000000e+00,0.00000000e+00
0.00000000e+00,-2.76906048e-05,-5.53812863e-05,-8.30713599e-05
0.00000000e+00,0.00000000e+00,0.00000000e+00,0.00000000e+00
0.00000000e+00,0.00000000e+00,0.00000000e+00,0.00000000e+00
0.00000000e+00,-1.69683601e-05,-3.39368878e-05,-5.09049772e-05
0.00000000e+00,-2.44357018e-05,-4.88713672e-05,-7.33066042e-05
0.00000000e+00,-2.47772938e-05,-4.95553858e-05,-7.43318672e-05
0.00000000e+00,0.00000000e+00,0.00000000e+00,0.00000000e+00
0.00000000e+00,-1.44416950e-05,-2.88834999e-05,-4.33249542e-05
0.00000000e+00,-1.51695382e-05,-3.03396457e-05,-4.55087792e-05
0.00000000e+00,-2.21517267e-05,-4.43040696e-05,-6.64550757e-05
0.00000000e+00,-1.31290448e-05,-2.62585478e-05,-3.93872348e-05
0.00000000e+00,-3.41352455e-05,-6.82704828e-05,-1.02404846e-04
0.00000000e+00,-3.21121554e-05,-6.42242743e-05,-9.63356840e-05
0.00000000e+00,-3.11343685e-05,-6.22684177e-05,-9.34019757e-05
0.00000000e+00,-3.05839550e-05,-6.11689669e-05,-9.17515738e-05
0.00000000e+00,-2.90560204e-05,-5.81117952e-05,-8.71671453e-05
0.00000000e+00,-2.87629248e-05,-5.75267888e-05,-8.62885975e-05
0.00000000e+00,-2.81493668e-05,-5.62994131e-05,-8.44475341e-05
0.00000000e+00,-2.62862125e-05,-5.25730524e-05,-7.88582451e-05
0.00000000e+00,-3.51776369e-05,-7.03559030e-05,-1.05532583e-04
0.00000000e+00,-3.49910635e-05,-6.99823402e-05,-1.04972440e-04
0.00000000e+00,-3.21805629e-05,-6.43613658e-05,-9.65410495e-05
0.00000000e+00,-3.15221211e-05,-6.30459690e-05,-9.45666315e-05
0.00000000e+00,-3.19764514e-05,-6.39527758e-05,-9.59283386e-05
0.00000000e+00,-3.13536519e-05,-6.27086107e-05,-9.40607881e-05
0.00000000e+00,-2.90881381e-05,-5.81776037e-05,-8.72644078e-05
0.00000000e+00,-2.89054002e-05,-5.78116757e-05,-8.67157219e-05
0.00000000e+00,-3.41350652e-05,-6.82708474e-05,-1.02404994e-04
0.00000000e+00,-3.49908922e-05,-6.99826288e-05,-1.04972577e-04
0.00000000e+00,-3.11341641e-05,-6.22688150e-05,-9.34021312e-05
0.00000000e+00,-3.05837229e-05,-6.11692182e-05,-9.17516720e-05
0.00000000e+00,-3.19762930e-05,-6.39530523e-05,-9.59284671e-05
0.00000000e+00,-3.13534327e-05,-6.27088394e-05,-9.40608974e-05
0.00000000e+00,-2.81491402e-05,-5.62996874e-05,-8.44476430e-05
0.00000000e+00,-2.89051976e-05,-5.78119123e-05,-8.67158430e-05
0.00000000e+00,-2.76905537e-05,-5.53814775e-05,-8.30713961e-05
0.00000000e+00,-3.21119933e-05,-6.42246039e-05,-9.63357945e-05
0.00000000e+00,-2.44356737e-05,-4.88715519e-05,-7.33066315e-05
0.00000000e+00,-2.47771886e-05,-4.95554920e-05,-7.43318549e-05
0.00000000e+00,-2.90558747e-05,-5.81121308e-05,-8.71672463e-05
0.00000000e+00,-2.87627427e-05,-5.75269802e-05,-8.62886376e-05
0.00000000e+00,-2.21516616e-05,-4.43041870e-05,-6.64550600e-05
0.00000000e+00,-2.62860401e-05,-5.25732780e-05,-7.88582998e-05
0.00000000e+00,0.00000000e+00,0.00000000e+00,0.00000000e+00
0.00000000e+00,-1.69683643e-05,-3.39369356e-05,-5.09049736e-05
0.00000000e+00,0.00000000e+00,0.00000000e+00,0.00000000e+00
0.00000000e+00,0.00000000e+00,0.00000000e+00,0.00000000e+00
0.00000000e+00,-1.44417091e-05,-2.88835515e-05,-4.33249514e-05
0.00000000e+00,-1.51695054e-05,-3.03396886e-05,-4.55087686e-05
0.00000000e+00,0.00000000e+00,0.00000000e+00,0.00000000e+00
0.00000000e+00,-1.31290379e-05,-2.62585877e-05,-3.93872227e-05
0.00000000e+00,0.00000000e+00,0.00000000e+00,0.00000000e+00
0.00000000e+00,-3.32404932e-05,-6.64813081e-05,-9.97211383e-05
0.00000000e+00,0.00000000e+00,0.00000000e+00,0.00000000e+00
0.00000000e+00,0.00000000e+00,0.00000000e+00,0.00000000e+00
0.00000000e+00,-2.40435228e-05,-4.80872983e-05,-7.21304696e-05
0.00000000e+00,-3.09076720e-05,-6.18155194e-05,-9.27225893e-05
0.00000000e+00,-2.99221314e-05,-5.98455016e-05,-8.97666325e-05
0.00000000e+00,0.00000000e+00,0.00000000e+00,0.00000000e+00
0.00000000e+00,-2.01051739e-05,-4.02105714e-05,-6.03154382e-05
0.00000000e+00,-2.16197276e-05,-4.32402184e-05,-6.48594268e-05
0.00000000e+00,-2.77419749e-05,-5.54849688e-05,-8.32260297e-05
0.00000000e+00,-1.80187519e-05,-3.60382017e-05,-5.40564931e-05
0.00000000e+00,-3.99529813e-05,-7.99065925e-05,-1.19858533e-04
0.00000000e+00,-3.79549191e-05,-7.59102605e-05,-1.13864278e-04
0.00000000e+00,-3.71344255e-05,-7.42691723e-05,-1.11402637e-04
0.00000000e+00,-3.59618125e-05,-7.19254820e-05,-1.07885676e-04
0.00000000e+00,-3.50278842e-05,-7.00559459e-05,-1.05083008e-04
0.00000000e+00,-3.41538699e-05,-6.83093289e-05,-1.02461852e-04
0.00000000e+00,-3.33533747e-05,-6.67082171e-05,-1.00060106e-04
0.00000000e+00,-3.14570065e-05,-6.29152752e-05,-9.43710541e-05
0.00000000e+00,-4.10833484e-05,-8.21679729e-05,-1.23250183e-04
0.00000000e+00,-4.08551219e-05,-8.17111032e-05,-1.22565075e-04
0.00000000e+00,-3.81593753e-05,-7.63197460e-05,-1.14478076e-04
0.00000000e+00,-3.69779444e-05,-7.39584134e-05,-1.10934601e-04
0.00000000e+00,-3.79345016e-05,-7.58695352e-05,-1.13802984e-04
0.00000000e+00,-3.67716003e-05,-7.35453284e-05,-1.10315156e-04
0.00000000e+00,-3.42765603e-05,-6.85552388e-05,-1.02830179e-04
0.00000000e+00,-3.40754493e-05,-6.81526023e-05,-1.02226426e-04
0.00000000e+00,-3.99528269e-05,-7.99068769e-05,-1.19858664e-04
0.00000000e+00,-4.08549274e-05,-8.17113837e-05,-1.22565205e-04
0.00000000e+00,-3.71342648e-05,-7.42694959e-05,-1.11402777e-04
0.00000000e+00,-3.59615182e-05,-7.19256777e-05,-1.07885740e-04
0.00000000e+00,-3.79343149e-05,-7.58698311e-05,-1.13803127e-04
0.00000000e+00,-3.67713447e-05,-7.35455172e-05,-1.10315229e-04
0.00000000e+00,-3.33531089e-05,-6.67084473e-05,-1.00060189e-04
0.00000000e+00,-3.40751928e-05,-6.81528280e-05,-1.02226523e-04
0.00000000e+00,-3.32404043e-05,-6.64814747e-05,-9.97211775e-05
0.00000000e+00,-3.79547339e-05,-7.59105370e-05,-1.13864379e-04
0.00000000e+00,-3.09075895e-05,-6.18157151e-05,-9.27226342e-05
0.00000000e+00,-2.99219552e-05,-5.98455521e-05,-8.97665980e-05
0.00000000e+00,-3.50277119e-05,-7.00562560e-05,-1.05083119e-04
0.00000000e+00,-3.41536580e-05,-6.83094313e-05,-1.02461846e-04
0.00000000e+00,-2.77418250e-05,-5.54850490e-05,-8.32260056e-05
0.00000000e+00,-3.14568189e-05,-6.29154138e-05,-9.43710711e-05
0.00000000e+00,0.00000000e+00,0.00000000e+00,0.00000000e+00
0.00000000e+00,-2.40434754e-05,-4.80873517e-05,-7.21304664e-05
0.00000000e+00,0.00000000e+00,0.00000000e+00,0.00000000e+00
0.00000000e+00,0.00000000e+00,0.00000000e+00,0.00000000e+00
0.00000000e+00,-2.01051519e-05,-4.02106200e-05,-6.03154346e-05
0.00000000e+00,-2.16196563e-05,-4.32402437e-05,-6.48594042e-05
0.00000000e+00,0.00000000e+00,0.00000000e+00,0.00000000e+00
0.00000000e+00,-1.80186970e-05,-3.60382410e-05,-5.40564812e-05
0.00000000e+00,0.00000000e+00,0.00000000e+00,0.00000000e+00
0.00000000e+00,-1.61738844e-05,-3.23464374e-05,-4.85203267e-05
0.00000000e+00,0.00000000e+00,0.00000000e+00,0.00000000e+00
0.00000000e+00,0.00000000e+00,0.00000000e+00,0.00000000e+00
0.00000000e+00,-9.06453134e-06,-1.81284428e-05,-2.71929530e-05
0.00000000e+00,-1.33439121e-05,-2.66864887e-05,-4.00303978e-05
0.00000000e+00,-1.58918694e-05,-3.17828547e-05,-4.76745636e-05
0.00000000e+00,0.00000000e+00,0.00000000e+00,0.00000000e+00
0.00000000e+00,-7.42013032e-06,-1.48395871e-05,-2.22596827e-05
0.00000000e+00,-8.91171755e-06,-1.78230551e-05,-2.67346744e-05
0.00000000e+00,-1.32201289e-05,-2.64393115e-05,-3.96592914e-05
0.00000000e+00,-7.35666029e-06,-1.47128795e-05,-2.20694449e-05
0.00000000e+00,-2.26583030e-05,-4.53140891e-05,-6.79723432e-05
0.00000000e+00,-2.04910366e-05,-4.09800307e-05,-6.14710514e-05
0.00000000e+00,-1.90636739e-05,-3.81248418e-05,-5.71884363e-05
0.00000000e+00,-2.22367000e-05,-4.44716403e-05,-6.67080199e-05
0.00000000e+00,-1.71064063e-05,-3.42107720e-05,-5.13171345e-05
0.00000000e+00,-2.01188945e-05,-4.02363629e-05,-6.03550113e-05
0.00000000e+00,-1.88536192e-05,-3.77054104e-05,-5.65587196e-05
0.00000000e+00,-1.69299639e-05,-3.38584175e-05,-5.07881463e-05
0.00000000e+00,-2.37547772e-05,-4.75069991e-05,-7.12616416e-05
0.00000000e+00,-2.35252816e-05,-4.70478214e-05,-7.05729975e-05
0.00000000e+00,-2.00842525e-05,-4.01658681e-05,-6.02499525e-05
0.00000000e+00,-2.33071266e-05,-4.66125576e-05,-6.99192660e-05
0.00000000e+00,-1.98666359e-05,-3.97305067e-05,-5.95970137e-05
0.00000000e+00,-2.30833042e-05,-4.61647462e-05,-6.92476653e-05
0.00000000e+00,-1.98539185e-05,-3.97059870e-05,-5.95595011e-05
0.00000000e+00,-1.96409729e-05,-3.92799669e-05,-5.89205653e-05
0.00000000e+00,-2.26581979e-05,-4.53144447e-05,-6.79723937e-05
0.00000000e+00,-2.35251675e-05,-4.70480642e-05,-7.05730480e-05
0.00000000e+00,-1.90636015e-05,-3.81251241e-05,-5.71884632e-05
0.00000000e+00,-2.22365855e-05,-4.44720000e-05,-6.67081062e-05
0.00000000e+00,-1.98665310e-05,-3.97307381e-05,-5.95970582e-05
0.00000000e+00,-2.30832032e-05,-4.61649773e-05,-6.92477314e-05
0.00000000e+00,-1.88535381e-05,-3.77057214e-05,-5.65587923e-05
0.00000000e+00,-1.96408830e-05,-3.92801791e-05,-5.89206263e-05
0.00000000e+00,-1.61738932e-05,-3.23466854e-05,-4.85203443e-05
0.00000000e+00,-2.04909847e-05,-4.09803737e-05,-6.14710899e-05
0.00000000e+00,-1.33439204e-05,-2.66867086e-05,-4.00304016e-05
0.00000000e+00,-1.58918461e-05,-3.17830944e-05,-4.76745937e-05
0.00000000e+00,-1.71063637e-05,-3.42110667e-05,-5.13171735e-05
0.00000000e+00,-2.01188121e-05,-4.02366874e-05,-6.03550683e-05
0.00000000e+00,-1.32201029e-05,-2.64395212e-05,-3.96593136e-05
0.00000000e+00,-1.69298889e-05,-3.38587083e-05,-5.07881960e-05
0.00000000e+00,0.00000000e+00,0.00000000e+00,0.00000000e+00
0.00000000e+00,-9.06454682e-06,-1.81285487e-05,-2.71929630e-05
0.00000000e+00,0.00000000e+00,0.00000000e+00,0.00000000e+00
0.00000000e+00,0.00000000e+00,0.00000000e+00,0.00000000e+00
0.00000000e+00,-7.42011905e-06,-1.48397016e-05,-2.22596962e-05
0.00000000e+00,-8.91175203e-06,-1.78231302e-05,-2.67346732e-05
0.00000000e+00,0.00000000e+00,0.00000000e+00,0.00000000e+00
0.00000000e+00,-7.35668386e-06,-1.47129577e-05,-2.20694421e-05
0.00000000e+00,0.00000000e+00,0.00000000e+00,0.00000000e+00
0.00000000e+00,-2.24267728e-05,-4.48522767e-05,-6.72790972e-05
0.00000000e+00,0.00000000e+00,0.00000000e+00,0.00000000e+00
0.00000000e+00,0.00000000e+00,0.00000000e+00,0.00000000e+00
0.00000000e+00,-1.28959403e-05,-2.57913340e-05,-3.86872744e-05
0.00000000e+00,-1.91894354e-05,-3.83775674e-05,-5.75670260e-05
0.00000000e+00,-2.17669189e-05,-4.35330939e-05,-6.52998233e-05
0.00000000e+00,0.00000000e+00,0.00000000e+00,0.00000000e+00
0.00000000e+00,-1.08679691e-05,-2.17353742e-05,-3.26033331e-05
0.00000000e+00,-1.25105786e-05,-2.50208826e-05,-3.75313501e-05
0.00000000e+00,-1.87307028e-05,-3.74605803e-05,-5.61911090e-05
0.00000000e+00,-1.06108204e-05,-2.12213229e-05,-3.18320401e-05
0.00000000e+00,-2.97710839e-05,-5.95396236e-05,-8.93107129e-05
0.00000000e+00,-2.74486248e-05,-5.48952255e-05,-8.23438711e-05
0.00000000e+00,-2.62342117e-05,-5.24658841e-05,-7.87000783e-05
0.00000000e+00,-2.89332659e-05,-5.78649778e-05,-8.67978869e-05
0.00000000e+00,-2.39433893e-05,-4.78847336e-05,-7.18281283e-05
0.00000000e+00,-2.66646932e-05,-5.33281515e-05,-7.99925616e-05
0.00000000e+00,-2.56025729e-05,-5.12034739e-05,-7.68057162e-05
0.00000000e+00,-2.33681454e-05,-4.67349580e-05,-7.01028408e-05
0.00000000e+00,-3.09126277e-05,-6.18228341e-05,-9.27353702e-05
0.00000000e+00,-3.06831415e-05,-6.13636333e-05,-9.20467227e-05
0.00000000e+00,-2.73664845e-05,-5.47304695e-05,-8.20968391e-05
0.00000000e+00,-3.00490567e-05,-6.00968021e-05,-9.01454128e-05
0.00000000e+00,-2.71338790e-05,-5.42650450e-05,-8.13988408e-05
0.00000000e+00,-2.98250013e-05,-5.96484409e-05,-8.94730172e-05
0.00000000e+00,-2.67075493e-05,-5.34135704e-05,-8.01206890e-05
0.00000000e+00,-2.64805308e-05,-5.29593278e-05,-7.94394526e-05
0.00000000e+00,-2.97709296e-05,-5.95400953e-05,-8.93107932e-05
0.00000000e+00,-3.06830012e-05,-6.13639362e-05,-9.20467846e-05
0.00000000e+00,-2.62340713e-05,-5.24663139e-05,-7.87001505e-05
0.00000000e+00,-2.89331089e-05,-5.78653951e-05,-8.67979937e-05
0.00000000e+00,-2.71337511e-05,-5.42653084e-05,-8.13988981e-05
0.00000000e+00,-2.98248864e-05,-5.96486998e-05,-8.94730956e-05
0.00000000e+00,-2.56024385e-05,-5.12038670e-05,-7.68058115e-05
0.00000000e+00,-2.64804191e-05,-5.29595758e-05,-7.94395248e-05
0.00000000e+00,-2.24268171e-05,-4.48525465e-05,-6.72791105e-05
0.00000000e+00,-2.74485451e-05,-5.48956492e-05,-8.23439320e-05
0.00000000e+00,-1.91894587e-05,-3.83778343e-05,-5.75670463e-05
0.00000000e+00,-2.17669046e-05,-4.35333495e-05,-6.52998603e-05
0.00000000e+00,-2.39433285e-05,-4.78851210e-05,-7.18281715e-05
0.00000000e+00,-2.66646087e-05,-5.33285200e-05,-7.99926284e-05
0.00000000e+00,-1.87306684e-05,-3.74608530e-05,-5.61911515e-05
0.00000000e+00,-2.33680573e-05,-4.67353119e-05,-7.01029030e-05
0.00000000e+00,0.00000000e+00,0.00000000e+00,0.00000000e+00
0.00000000e+00,-1.28960022e-05,-2.57914128e-05,-3.86872757e-05
0.00000000e+00,0.00000000e+00,0.00000000e+00,0.00000000e+00
0.00000000e+00,0.00000000e+00,0.00000000e+00,0.00000000e+00
0.00000000e+00,-1.08680094e-05,-2.17354706e-05,-3.26033425e-05
0.00000000e+00,-1.25106272e-05,-2.50209471e-05,-3.75313479e-05
0.00000000e+00,0.00000000e+00,0.00000000e+00,0.00000000e+00
0.00000000e+00,-1.06108691e-05,-2.12213884e-05,-3.18320356e-05
0.00000000e+00,0.00000000e+00,0.00000000e+00,0.00000000e+00
0.00000000e+00,-2.96016401e-05,-5.92020583e-05,-8.88037815e-05
0.00000000e+00,0.00000000e+00,0.00000000e+00,0.00000000e+00
0.00000000e+00,0.00000000e+00,0.00000000e+00,0.00000000e+00
0.00000000e+00,-1.80356366e-05,-3.60707079e-05,-5.41063627e-05
0.00000000e+00,-2.59175005e-05,-5.18337484e-05,-7.77513188e-05
0.00000000e+00,-2.84577145e-05,-5.69148274e-05,-8.53723071e-05
0.00000000e+00,0.00000000e+00,0.00000000e+00,0.00000000e+00
0.00000000e+00,-1.52348444e-05,-3.04691421e-05,-4.57039984e-05
0.00000000e+00,-1.72428813e-05,-3.44855327e-05,-5.17282793e-05
0.00000000e+00,-2.50270484e-05,-5.00534222e-05,-7.50802642e-05
0.00000000e+00,-1.46818928e-05,-2.93635385e-05,-4.40453095e-05
0.00000000e+00,-3.66522399e-05,-7.33019433e-05,-1.09954195e-04
0.00000000e+00,-3.44556310e-05,-6.89092504e-05,-1.03364932e-04
0.00000000e+00,-3.32494537e-05,-6.64963438e-05,-9.97458153e-05
0.00000000e+00,-3.54234790e-05,-7.08456648e-05,-1.06268712e-04
0.00000000e+00,-3.09749235e-05,-6.19478234e-05,-9.29227885e-05
0.00000000e+00,-3.32689414e-05,-6.65368688e-05,-9.98054661e-05
0.00000000e+00,-3.22140083e-05,-6.44265853e-05,-9.66402094e-05
0.00000000e+00,-2.99820339e-05,-5.99629325e-05,-8.99446589e-05
0.00000000e+00,-3.77873026e-05,-7.55722800e-05,-1.13359526e-04
0.00000000e+00,-3.75850806e-05,-7.51676158e-05,-1.12752689e-04
0.00000000e+00,-3.43897505e-05,-6.87771237e-05,-1.03166806e-04
0.00000000e+00,-3.65395026e-05,-7.30781729e-05,-1.09617181e-04
0.00000000e+00,-3.41653669e-05,-6.83281308e-05,-1.02493473e-04
0.00000000e+00,-3.63408354e-05,-7.26805096e-05,-1.09020874e-04
0.00000000e+00,-3.33304652e-05,-6.66598350e-05,-9.99898353e-05
0.00000000e+00,-3.31095474e-05,-6.62177269e-05,-9.93268331e-05
0.00000000e+00,-3.66520306e-05,-7.33024841e-05,-1.09954295e-04
0.00000000e+00,-3.75849357e-05,-7.51679460e-05,-1.12752755e-04
0.00000000e+00,-3.32492743e-05,-6.64968585e-05,-9.97459055e-05
0.00000000e+00,-3.54232828e-05,-7.08461209e-05,-1.06268840e-04
0.00000000e+00,-3.41652230e-05,-6.83284526e-05,-1.02493539e-04
0.00000000e+00,-3.63407097e-05,-7.26807929e-05,-1.09020963e-04
0.00000000e+00,-3.22138348e-05,-6.44270242e-05,-9.66403270e-05
0.00000000e+00,-3.31094293e-05,-6.62179968e-05,-9.93269181e-05
0.00000000e+00,-2.96017768e-05,-5.92022805e-05,-8.88037708e-05
0.00000000e+00,-3.44555424e-05,-6.89097015e-05,-1.03365001e-04
0.00000000e+00,-2.59175887e-05,-5.18340027e-05,-7.77513198e-05
0.00000000e+00,-2.84577249e-05,-5.69150576e-05,-8.53723403e-05
0.00000000e+00,-3.09748385e-05,-6.19482666e-05,-9.29228543e-05
0.00000000e+00,-3.32688450e-05,-6.65372537e-05,-9.98055525e-05
0.00000000e+00,-2.50270583e-05,-5.00536584e-05,-7.50802945e-05
0.00000000e+00,-2.99819455e-05,-5.99633152e-05,-8.99447346e-05
0.00000000e+00,0.00000000e+00,0.00000000e+00,0.00000000e+00
0.00000000e+00,-1.80357303e-05,-3.60707630e-05,-5.41063505e-05
0.00000000e+00,0.00000000e+00,0.00000000e+00,0.00000000e+00
0.00000000e+00,0.00000000e+00,0.00000000e+00,0.00000000e+00
0.00000000e+00,-1.52349281e-05,-3.04692061e-05,-4.57039923e-05
0.00000000e+00,-1.72429293e-05,-3.44855937e-05,-5.17282821e-05
0.00000000e+00,0.00000000e+00,0.00000000e+00,0.00000000e+00
0.00000000e+00,-1.46819431e-05,-2.93635998e-05,-4.40453110e-05
0.00000000e+00,0.00000000e+00,0.00000000e+00,0.00000000e+00
0.00000000e+00,-3.59694393e-05,-7.19377212e-05,-1.07907253e-04
0.00000000e+00,0.00000000e+00,0.00000000e+00,0.00000000e+00
0.00000000e+00,0.00000000e+00,0.00000000e+00,0.00000000e+00
0.00000000e+00,-2.60165114e-05,-5.20323435e-05,-7.80488601e-05
0.00000000e+00,-3.32965998e-05,-6.65920553e-05,-9.98887599e-05
0.00000000e+00,-3.52758498e-05,-7.05512275e-05,-1.05826765e-04
0.00000000e+00,0.00000000e+00,0.00000000e+00,0.00000000e+00
0.00000000e+00,-2.15429664e-05,-4.30853313e-05,-6.46283073e-05
0.00000000e+00,-2.54879406e-05,-5.09756167e-05,-7.64633790e-05
0.00000000e+00,-3.23881698e-05,-6.47757938e-05,-9.71636890e-05
0.00000000e+00,-2.08280048e-05,-4.16557722e-05,-6.24836232e-05
0.00000000e+00,-4.32428169e-05,-8.64832361e-05,-1.29726039e-04
0.00000000e+00,-4.10868411e-05,-8.21717443e-05,-1.23258627e-04
0.00000000e+00,-4.00503765e-05,-8.00982671e-05,-1.20148632e-04
0.00000000e+00,-4.24142004e-05,-8.48274612e-05,-1.27241136e-04
0.00000000e+00,-3.77716031e-05,-7.55412448e-05,-1.13312890e-04
0.00000000e+00,-4.02960340e-05,-8.05913271e-05,-1.20886920e-04
0.00000000e+00,-3.90244727e-05,-7.80478002e-05,-1.17071789e-04
0.00000000e+00,-3.67920870e-05,-7.35832901e-05,-1.10374984e-04
0.00000000e+00,-4.44686245e-05,-8.89350361e-05,-1.33403602e-04
0.00000000e+00,-4.42226284e-05,-8.84428877e-05,-1.32665513e-04
0.00000000e+00,-4.11611141e-05,-8.23199504e-05,-1.23481002e-04
0.00000000e+00,-4.36176785e-05,-8.72350113e-05,-1.30852117e-04
0.00000000e+00,-4.09194193e-05,-8.18364042e-05,-1.22755815e-04
0.00000000e+00,-4.33769576e-05,-8.67531942e-05,-1.30129594e-04
0.00000000e+00,-4.01143886e-05,-8.02282113e-05,-1.20342068e-04
0.00000000e+00,-3.98803513e-05,-7.97597624e-05,-1.19639605e-04
0.00000000e+00,-4.32425921e-05,-8.64837576e-05,-1.29726140e-04
0.00000000e+00,-4.42224919e-05,-8.84432074e-05,-1.32665576e-04
0.00000000e+00,-4.00501217e-05,-8.00988342e-05,-1.20148745e-04
0.00000000e+00,-4.24140072e-05,-8.48278832e-05,-1.27241259e-04
0.00000000e+00,-4.09192830e-05,-8.18367340e-05,-1.22755877e-04
0.00000000e+00,-4.33768197e-05,-8.67534767e-05,-1.30129681e-04
0.00000000e+00,-3.90242706e-05,-7.80482561e-05,-1.17071919e-04
0.00000000e+00,-3.98802128e-05,-7.97600575e-05,-1.19639697e-04
0.00000000e+00,-3.59696218e-05,-7.19378977e-05,-1.07907230e-04
0.00000000e+00,-4.10867436e-05,-8.21721763e-05,-1.23258706e-04
0.00000000e+00,-3.32967959e-05,-6.65922440e-05,-9.98887355e-05
0.00000000e+00,-3.52758188e-05,-7.05514579e-05,-1.05826816e-04
0.00000000e+00,-3.77715180e-05,-7.55416807e-05,-1.13312962e-04
0.00000000e+00,-4.02959101e-05,-8.05916803e-05,-1.20887015e-04
0.00000000e+00,-3.23881626e-05,-6.47760300e-05,-9.71637326e-05
0.00000000e+00,-3.67919728e-05,-7.35836685e-05,-1.10375081e-04
0.00000000e+00,0.00000000e+00,0.00000000e+00,0.00000000e+00
0.00000000e+00,-2.60165927e-05,-5.20324073e-05,-7.80488530e-05
0.00000000e+00,0.00000000e+00,0.00000000e+00,0.00000000e+00
0.00000000e+00,0.00000000e+00,0.00000000e+00,0.00000000e+00
0.00000000e+00,-2.15430564e-05,-4.30853909e-05,-6.46282973e-05
0.00000000e+00,-2.54879708e-05,-5.09756733e-05,-7.64633799e-05
0.00000000e+00,0.00000000e+00,0.00000000e+00,0.00000000e+00
0.00000000e+00,-2.08280488e-05,-4.16558274e-05,-6.24836249e-05
0.00000000e+00,0.00000000e+00,0.00000000e+00,0.00000000e+00
0.00000000e+00,-1.57079394e-05,-3.14136405e-05,-4.71218915e-05
0.00000000e+00,0.00000000e+00,0.00000000e+00,0.00000000e+00
0.00000000e+00,0.00000000e+00,0.00000000e+00,0.00000000e+00
0.00000000e+00,-8.83542913e-06,-1.76697817e-05,-2.65053505e-05
0.00000000e+00,-1.31589084e-05,-2.63156715e-05,-3.94748388e-05
0.00000000e+00,-1.58921560e-05,-3.17825302e-05,-4.76748578e-05
0.00000000e+00,0.00000000e+00,0.00000000e+00,0.00000000e+00
0.00000000e+00,-7.34055294e-06,-1.46800396e-05,-2.20206950e-05
0.00000000e+00,-8.91187751e-06,-1.78229010e-05,-2.67348318e-05
0.00000000e+00,-1.32203897e-05,-2.64390251e-05,-3.96595546e-05
0.00000000e+00,-7.35680841e-06,-1.47127442e-05,-2.20695805e-05
0.00000000e+00,-2.18147879e-05,-4.36253850e-05,-6.54406402e-05
0.00000000e+00,-1.97937415e-05,-3.95841464e-05,-5.93783193e-05
0.00000000e+00,-1.86460629e-05,-3.72881334e-05,-5.59345796e-05
0.00000000e+00,-2.22372069e-05,-4.44710954e-05,-6.67085107e-05
0.00000000e+00,-1.67868537e-05,-3.35705053e-05,-5.03577150e-05
0.00000000e+00,-2.01192933e-05,-4.02359171e-05,-6.03554140e-05
0.00000000e+00,-1.88540729e-05,-3.77049317e-05,-5.65591546e-05
0.00000000e+00,-1.69303169e-05,-3.38580327e-05,-5.07885044e-05
0.00000000e+00,-2.28271841e-05,-4.56499219e-05,-6.84774969e-05
0.00000000e+00,-2.26167446e-05,-4.52289529e-05,-6.78461530e-05
0.00000000e+00,-1.96023932e-05,-3.92005201e-05,-5.88032273e-05
0.00000000e+00,-2.33076928e-05,-4.66119590e-05,-6.99197975e-05
0.00000000e+00,-1.94000708e-05,-3.87958187e-05,-5.81962419e-05
0.00000000e+00,-2.30838665e-05,-4.61641497e-05,-6.92481943e-05
0.00000000e+00,-1.98544237e-05,-3.97054615e-05,-5.95599726e-05
0.00000000e+00,-1.96414717e-05,-3.92794482e-05,-5.89210374e-05
0.00000000e+00,-2.18146777e-05,-4.36257556e-05,-6.54406471e-05
0.00000000e+00,-2.26166283e-05,-4.52292233e-05,-6.78461676e-05
0.00000000e+00,-1.86459690e-05,-3.72884613e-05,-5.59345886e-05
0.00000000e+00,-2.22370931e-05,-4.44714702e-05,-6.67085480e-05
0.00000000e+00,-1.93999598e-05,-3.87960412e-05,-5.81962619e-05
0.00000000e+00,-2.30837544e-05,-4.61644102e-05,-6.92482275e-05
0.00000000e+00,-1.88539886e-05,-3.77052495e-05,-5.65591864e-05
0.00000000e+00,-1.96413707e-05,-3.92796780e-05,-5.89210679e-05
0.00000000e+00,-1.57079659e-05,-3.14138501e-05,-4.71218805e-05
0.00000000e+00,-1.97937011e-05,-3.95844989e-05,-5.93783146e-05
0.00000000e+00,-1.31589233e-05,-2.63158738e-05,-3.94748279e-05
0.00000000e+00,-1.58921756e-05,-3.17827866e-05,-4.76748647e-05
0.00000000e+00,-1.67868229e-05,-3.35708153e-05,-5.03577032e-05
0.00000000e+00,-2.01192419e-05,-4.02362733e-05,-6.03554342e-05
0.00000000e+00,-1.32204002e-05,-2.64392524e-05,-3.96595545e-05
0.00000000e+00,-1.69302759e-05,-3.38583416e-05,-5.07885161e-05
0.00000000e+00,0.00000000e+00,0.00000000e+00,0.00000000e+00
0.00000000e+00,-8.83547502e-06,-1.76698581e-05,-2.65053469e-05
0.00000000e+00,0.00000000e+00,0.00000000e+00,0.00000000e+00
0.00000000e+00,0.00000000e+00,0.00000000e+00,0.00000000e+00
0.00000000e+00,-7.34060005e-06,-1.46800918e-05,-2.20206913e-05
0.00000000e+00,-8.91192630e-06,-1.78229739e-05,-2.67348264e-05
0.00000000e+00,0.00000000e+00,0.00000000e+00,0.00000000e+00
0.00000000e+00,-7.35684969e-06,-1.47128185e-05,-2.20695752e-05
0.00000000e+00,0.00000000e+00,0.00000000e+00,0.00000000e+00
0.00000000e+00,-2.13245210e-05,-4.26465913e-05,-6.39715668e-05
0.00000000e+00,0.00000000e+00,0.00000000e+00,0.00000000e+00
0.00000000e+00,0.00000000e+00,0.00000000e+00,0.00000000e+00
0.00000000e+00,-1.23202842e-05,-2.46394371e-05,-3.69599408e-05
0.00000000e+00,-1.84214616e-05,-3.68405909e-05,-5.52624372e-05
0.00000000e+00,-2.17672648e-05,-4.35326669e-05,-6.53001888e-05
0.00000000e+00,0.00000000e+00,0.00000000e+00,0.00000000e+00
0.00000000e+00,-1.04765361e-05,-2.09519812e-05,-3.14287035e-05
0.00000000e+00,-1.25107585e-05,-2.50206784e-05,-3.75315467e-05
0.00000000e+00,-1.87310163e-05,-3.74602107e-05,-5.61914382e-05
0.00000000e+00,-1.06109914e-05,-2.12211503e-05,-3.18322210e-05
0.00000000e+00,-2.80749320e-05,-5.61452584e-05,-8.42208697e-05
0.00000000e+00,-2.59521326e-05,-5.19006120e-05,-7.78533734e-05
0.00000000e+00,-2.49630843e-05,-4.99217640e-05,-7.48854198e-05
0.00000000e+00,-2.89339116e-05,-5.78642549e-05,-8.67985034e-05
0.00000000e+00,-2.28542345e-05,-4.57049765e-05,-6.85597522e-05
0.00000000e+00,-2.66651932e-05,-5.33275473e-05,-7.99930627e-05
0.00000000e+00,-2.56031446e-05,-5.12028519e-05,-7.68062684e-05
0.00000000e+00,-2.33685935e-05,-4.67344398e-05,-7.01032920e-05
0.00000000e+00,-2.91206871e-05,-5.82366728e-05,-8.73579647e-05
0.00000000e+00,-2.89115070e-05,-5.78180686e-05,-8.67302485e-05
0.00000000e+00,-2.60014433e-05,-5.19983117e-05,-7.80002413e-05
0.00000000e+00,-3.00498065e-05,-6.00960124e-05,-9.01460690e-05
0.00000000e+00,-2.57893645e-05,-5.15739760e-05,-7.73639129e-05
0.00000000e+00,-2.98257212e-05,-5.96476461e-05,-8.94736865e-05
0.00000000e+00,-2.67081917e-05,-5.34128904e-05,-8.01212799e-05
0.00000000e+00,-2.64811654e-05,-5.29586387e-05,-7.94400470e-05
0.00000000e+00,-2.80747766e-05,-5.61457828e-05,-8.42209025e-05
0.00000000e+00,-2.89113327e-05,-5.78184358e-05,-8.67302725e-05
0.00000000e+00,-2.49629406e-05,-4.99222194e-05,-7.48854396e-05
0.00000000e+00,-2.89337490e-05,-5.78647367e-05,-8.67985487e-05
0.00000000e+00,-2.57892161e-05,-5.15743063e-05,-7.73639313e-05
0.00000000e+00,-2.98255810e-05,-5.96479799e-05,-8.94737187e-05
0.00000000e+00,-2.56030076e-05,-5.12032826e-05,-7.68063084e-05
0.00000000e+00,-2.64810391e-05,-5.29589353e-05,-7.94400818e-05
0.00000000e+00,-2.13245476e-05,-4.26468747e-05,-6.39715665e-05
0.00000000e+00,-2.59520973e-05,-5.19010692e-05,-7.78533863e-05
0.00000000e+00,-1.84214876e-05,-3.68408401e-05,-5.52624335e-05
0.00000000e+00,-2.17673151e-05,-4.35329510e-05,-6.53001920e-05
0.00000000e+00,-2.28542020e-05,-4.57053840e-05,-6.85597541e-05
0.00000000e+00,-2.66651490e-05,-5.33279729e-05,-7.99930933e-05
0.00000000e+00,-1.87310460e-05,-3.74604948e-05,-5.61914471e-05
0.00000000e+00,-2.33685411e-05,-4.67348321e-05,-7.01033166e-05
0.00000000e+00,0.00000000e+00,0.00000000e+00,0.00000000e+00
0.00000000e+00,-1.23203363e-05,-2.46395384e-05,-3.69599346e-05
0.00000000e+00,0.00000000e+00,0.00000000e+00,0.00000000e+00
0.00000000e+00,0.00000000e+00,0.00000000e+00,0.00000000e+00
0.00000000e+00,-1.04765929e-05,-2.09520732e-05,-3.14286978e-05
0.00000000e+00,-1.25108226e-05,-2.50207631e-05,-3.75315398e-05
0.00000000e+00,0.00000000e+00,0.00000000e+00,0.00000000e+00
0.00000000e+00,-1.06110526e-05,-2.12212212e-05,-3.18322118e-05
0.00000000e+00,0.00000000e+00,0.00000000e+00,0.00000000e+00
0.00000000e+00,-2.76914942e-05,-5.53801983e-05,-8.30722411e-05
0.00000000e+00,0.00000000e+00,0.00000000e+00,0.00000000e+00
0.00000000e+00,0.00000000e+00,0.00000000e+00,0.00000000e+00
0.00000000e+00,-1.69688139e-05,-3.39363480e-05,-5.09054323e-05
0.00000000e+00,-2.44364997e-05,-4.88703933e-05,-7.33073997e-05
0.00000000e+00,-2.84581260e-05,-5.69142854e-05,-8.53727513e-05
0.00000000e+00,0.00000000e+00,0.00000000e+00,0.00000000e+00
0.00000000e+00,-1.44421032e-05,-2.88830155e-05,-4.33253627e-05
0.00000000e+00,-1.72430797e-05,-3.44852768e-05,-5.17285014e-05
0.00000000e+00,-2.50274223e-05,-5.00529371e-05,-7.50806650e-05
0.00000000e+00,-1.46820801e-05,-2.93633074e-05,-4.40455185e-05
0.00000000e+00,-3.41368409e-05,-6.82686261e-05,-1.02406342e-04
0.00000000e+00,-3.21134006e-05,-6.42227485e-05,-9.63369221e-05
0.00000000e+00,-3.11357843e-05,-6.22667574e-05,-9.34033185e-05
0.00000000e+00,-3.54242787e-05,-7.08447312e-05,-1.06269464e-04
0.00000000e+00,-2.90571271e-05,-5.81104242e-05,-8.71682579e-05
0.00000000e+00,-3.32695631e-05,-6.65360868e-05,-9.98060812e-05
0.00000000e+00,-3.22147317e-05,-6.44257556e-05,-9.66408886e-05
0.00000000e+00,-2.99825868e-05,-5.99622403e-05,-8.99452081e-05
0.00000000e+00,-3.51794821e-05,-7.03539343e-05,-1.05534249e-04
0.00000000e+00,-3.49928846e-05,-6.99803439e-05,-1.04974101e-04
0.00000000e+00,-3.21822051e-05,-6.43596100e-05,-9.65425428e-05
0.00000000e+00,-3.65404553e-05,-7.30771579e-05,-1.09617994e-04
0.00000000e+00,-3.19780721e-05,-6.39509871e-05,-9.59298313e-05
0.00000000e+00,-3.63417405e-05,-7.26795020e-05,-1.09021693e-04
0.00000000e+00,-3.33313138e-05,-6.66589368e-05,-9.99905596e-05
0.00000000e+00,-3.31103572e-05,-6.62168251e-05,-9.93275735e-05
0.00000000e+00,-3.41366786e-05,-6.82692111e-05,-1.02406380e-04
0.00000000e+00,-3.49926828e-05,-6.99807616e-05,-1.04974133e-04
0.00000000e+00,-3.11356152e-05,-6.22673384e-05,-9.34033616e-05
0.00000000e+00,-3.54240743e-05,-7.08453089e-05,-1.06269525e-04
0.00000000e+00,-3.19778833e-05,-6.39513839e-05,-9.59298619e-05
0.00000000e+00,-3.63415784e-05,-7.26798915e-05,-1.09021734e-04
0.00000000e+00,-3.22145458e-05,-6.44262952e-05,-9.66409409e-05
0.00000000e+00,-3.31101976e-05,-6.62171996e-05,-9.93276068e-05
0.00000000e+00,-2.76915071e-05,-5.53805207e-05,-8.30722500e-05
0.00000000e+00,-3.21133342e-05,-6.42232745e-05,-9.63369540e-05
0.00000000e+00,-2.44365126e-05,-4.88707076e-05,-7.33074105e-05
0.00000000e+00,-2.84582065e-05,-5.69145692e-05,-8.53727451e-05
0.00000000e+00,-2.90570848e-05,-5.81109204e-05,-8.71682806e-05
0.00000000e+00,-3.32695016e-05,-6.65365740e-05,-9.98061184e-05
0.00000000e+00,-2.50274944e-05,-5.00532278e-05,-7.50806622e-05
0.00000000e+00,-2.99825384e-05,-5.99627043e-05,-8.99452491e-05
0.00000000e+00,0.00000000e+00,0.00000000e+00,0.00000000e+00
0.00000000e+00,-1.69688520e-05,-3.39364583e-05,-5.09054280e-05
0.00000000e+00,0.00000000e+00,0.00000000e+00,0.00000000e+00
0.00000000e+00,0.00000000e+00,0.00000000e+00,0.00000000e+00
0.00000000e+00,-1.44421487e-05,-2.88831246e-05,-4.33253579e-05
0.00000000e+00,-1.72431381e-05,-3.44853763e-05,-5.17285013e-05
0.00000000e+00,0.00000000e+00,0.00000000e+00,0.00000000e+00
0.00000000e+00,-1.46821408e-05,-2.93634021e-05,-4.40455166e-05
0.00000000e+00,0.00000000e+00,0.00000000e+00,0.00000000e+00
0.00000000e+00,-3.32415775e-05,-6.64800211e-05,-9.97221962e-05
0.00000000e+00,0.00000000e+00,0.00000000e+00,0.00000000e+00
0.00000000e+00,0.00000000e+00,0.00000000e+00,0.00000000e+00
0.00000000e+00,-2.40440774e-05,-4.80866373e-05,-7.21310267e-05
0.00000000e+00,-3.09086544e-05,-6.18143292e-05,-9.27235550e-05
0.00000000e+00,-3.52763431e-05,-7.05505703e-05,-1.05827308e-04
0.00000000e+00,0.00000000e+00,0.00000000e+00,0.00000000e+00
0.00000000e+00,-2.01056790e-05,-4.02099735e-05,-6.03159438e-05
0.00000000e+00,-2.54881807e-05,-5.09752982e-05,-7.64636415e-05
0.00000000e+00,-3.23886160e-05,-6.47751888e-05,-9.71641869e-05
0.00000000e+00,-2.08282174e-05,-4.16554892e-05,-6.24838612e-05
0.00000000e+00,-3.99549287e-05,-7.99043859e-05,-1.19860326e-04
0.00000000e+00,-3.79564466e-05,-7.59084424e-05,-1.13865766e-04
0.00000000e+00,-3.71362036e-05,-7.42671174e-05,-1.11404288e-04
0.00000000e+00,-4.24151827e-05,-8.48263238e-05,-1.27242050e-04
0.00000000e+00,-3.50292625e-05,-7.00542734e-05,-1.05084366e-04
0.00000000e+00,-4.02968001e-05,-8.05903714e-05,-1.20887678e-04
0.00000000e+00,-3.90253664e-05,-7.80467536e-05,-1.17072627e-04
0.00000000e+00,-3.67927833e-05,-7.35824103e-05,-1.10375675e-04
0.00000000e+00,-4.10855949e-05,-8.21656080e-05,-1.23252184e-04
0.00000000e+00,-4.08573364e-05,-8.17087142e-05,-1.22567078e-04
0.00000000e+00,-3.81614187e-05,-7.63175729e-05,-1.14479919e-04
0.00000000e+00,-4.36188502e-05,-8.72337686e-05,-1.30853121e-04
0.00000000e+00,-3.79365187e-05,-7.58673397e-05,-1.13804813e-04
0.00000000e+00,-4.33780709e-05,-8.67519684e-05,-1.30130589e-04
0.00000000e+00,-4.01154661e-05,-8.02270634e-05,-1.20342983e-04
0.00000000e+00,-3.98813627e-05,-7.97586385e-05,-1.19640512e-04
0.00000000e+00,-3.99547832e-05,-7.99049157e-05,-1.19860350e-04
0.00000000e+00,-4.08571217e-05,-8.17091173e-05,-1.22567101e-04
0.00000000e+00,-3.71360545e-05,-7.42676875e-05,-1.11404321e-04
0.00000000e+00,-4.24149560e-05,-8.48269159e-05,-1.27242116e-04
0.00000000e+00,-3.79362962e-05,-7.58677752e-05,-1.13804843e-04
0.00000000e+00,-4.33779157e-05,-8.67523456e-05,-1.30130633e-04
0.00000000e+00,-3.90251446e-05,-7.80473626e-05,-1.17072693e-04
0.00000000e+00,-3.98812006e-05,-7.97590339e-05,-1.19640560e-04
0.00000000e+00,-3.32415674e-05,-6.64803318e-05,-9.97222008e-05
0.00000000e+00,-3.79563676e-05,-7.59089482e-05,-1.13865801e-04
0.00000000e+00,-3.09086466e-05,-6.18146616e-05,-9.27235721e-05
0.00000000e+00,-3.52764116e-05,-7.05508490e-05,-1.05827299e-04
0.00000000e+00,-3.50291868e-05,-7.00548087e-05,-1.05084405e-04
0.00000000e+00,-4.02967250e-05,-8.05908548e-05,-1.20887706e-04
0.00000000e+00,-3.23887026e-05,-6.47754683e-05,-9.71641719e-05
0.00000000e+00,-3.67927041e-05,-7.35829132e-05,-1.10375707e-04
0.00000000e+00,0.00000000e+00,0.00000000e+00,0.00000000e+00
0.00000000e+00,-2.40441141e-05,-4.80867372e-05,-7.21310197e-05
0.00000000e+00,0.00000000e+00,0.00000000e+00,0.00000000e+00
0.00000000e+00,0.00000000e+00,0.00000000e+00,0.00000000e+00
0.00000000e+00,-2.01057090e-05,-4.02100862e-05,-6.03159396e-05
0.00000000e+00,-2.54882200e-05,-5.09754102e-05,-7.64636463e-05
0.00000000e+00,0.00000000e+00,0.00000000e+00,0.00000000e+00
0.00000000e+00,-2.08282694e-05,-4.16555892e-05,-6.24838638e-05
0.00000000e+00,0.00000000e+00,0.00000000e+00,0.00000000e+00
0.00000000e+00,-1.43298710e-05,-2.86564760e-05,-4.29869485e-05
0.00000000e+00,0.00000000e+00,0.00000000e+00,0.00000000e+00
0.00000000e+00,0.00000000e+00,0.00000000e+00,0.00000000e+00
0.00000000e+00,-8.15406373e-06,-1.63065408e-05,-2.44609012e-05
0.00000000e+00,-1.26204054e-05,-2.52377348e-05,-3.78586417e-05
0.00000000e+00,-1.49835443e-05,-2.99643842e-05,-4.49483969e-05
0.00000000e+00,0.00000000e+00,0.00000000e+00,0.00000000e+00
0.00000000e+00,-7.11299136e-06,-1.42244505e-05,-2.13376760e-05
0.00000000e+00,-8.46428470e-06,-1.69272702e-05,-2.53917733e-05
0.00000000e+00,-1.28632065e-05,-2.57238477e-05,-3.85874365e-05
0.00000000e+00,-7.20474134e-06,-1.44082264e-05,-2.16131353e-05
0.00000000e+00,-1.94011294e-05,-3.87964303e-05,-5.81984911e-05
0.00000000e+00,-1.77664778e-05,-3.55282498e-05,-5.32955489e-05
0.00000000e+00,-1.74443848e-05,-3.48833283e-05,-5.23285049e-05
0.00000000e+00,-2.06114217e-05,-4.12178642e-05,-6.18299841e-05
0.00000000e+00,-1.58556787e-05,-3.17069401e-05,-4.75633041e-05
0.00000000e+00,-1.87678979e-05,-3.75318072e-05,-5.63003401e-05
0.00000000e+00,-1.80473488e-05,-3.60899738e-05,-5.41378975e-05
0.00000000e+00,-1.63110753e-05,-3.26183818e-05,-4.89299814e-05
0.00000000e+00,-2.02062264e-05,-4.04057223e-05,-6.06128458e-05
0.00000000e+00,-2.00417985e-05,-4.00770602e-05,-6.01198004e-05
0.00000000e+00,-1.82372249e-05,-3.64681039e-05,-5.47060686e-05
0.00000000e+00,-2.15276641e-05,-4.30497879e-05,-6.45780807e-05
0.00000000e+00,-1.80729242e-05,-3.61396555e-05,-5.42133683e-05
0.00000000e+00,-2.13385603e-05,-4.26715803e-05,-6.40108364e-05
0.00000000e+00,-1.89283030e-05,-3.78513058e-05,-5.67801191e-05
0.00000000e+00,-1.87435317e-05,-3.74818071e-05,-5.62259083e-05
0.00000000e+00,-1.94011267e-05,-3.87966280e-05,-5.81984274e-05
0.00000000e+00,-2.00417644e-05,-4.00771956e-05,-6.01197671e-05
0.00000000e+00,-1.74443917e-05,-3.48834982e-05,-5.23284391e-05
0.00000000e+00,-2.06113478e-05,-4.12181745e-05,-6.18299533e-05
0.00000000e+00,-1.80729143e-05,-3.61397602e-05,-5.42133192e-05
0.00000000e+00,-2.13384575e-05,-4.26718016e-05,-6.40108273e-05
0.00000000e+00,-1.80472878e-05,-3.60902274e-05,-5.41378576e-05
0.00000000e+00,-1.87434627e-05,-3.74819722e-05,-5.62258942e-05
0.00000000e+00,-1.43299114e-05,-2.86566320e-05,-4.29869004e-05
0.00000000e+00,-1.77664836e-05,-3.55284835e-05,-5.32954822e-05
0.00000000e+00,-1.26204135e-05,-2.52378774e-05,-3.78585974e-05
0.00000000e+00,-1.49835923e-05,-2.99645615e-05,-4.49483498e-05
0.00000000e+00,-1.58557008e-05,-3.17071105e-05,-4.75632193e-05
0.00000000e+00,-1.87679044e-05,-3.75321011e-05,-5.63002978e-05
0.00000000e+00,-1.28632435e-05,-2.57239926e-05,-3.85873899e-05
0.00000000e+00,-1.63110984e-05,-3.26186138e-05,-4.89299217e-05
0.00000000e+00,0.00000000e+00,0.00000000e+00,0.00000000e+00
0.00000000e+00,-8.15411589e-06,-1.63065856e-05,-2.44608790e-05
0.00000000e+00,0.00000000e+00,0.00000000e+00,0.00000000e+00
0.00000000e+00,0.00000000e+00,0.00000000e+00,0.00000000e+00
0.00000000e+00,-7.11302225e-06,-1.42244921e-05,-2.13376570e-05
0.00000000e+00,-8.46430606e-06,-1.69273475e-05,-2.53917669e-05
0.00000000e+00,0.00000000e+00,0.00000000e+00,0.00000000e+00
0.00000000e+00,-7.20474129e-06,-1.44083019e-05,-2.16131354e-05
0.00000000e+00,0.00000000e+00,0.00000000e+00,0.00000000e+00
0.00000000e+00,-1.80574839e-05,-3.61112686e-05,-5.41695187e-05
0.00000000e+00,0.00000000e+00,0.00000000e+00,0.00000000e+00
0.00000000e+00,0.00000000e+00,0.00000000e+00,0.00000000e+00
0.00000000e+00,-1.05865359e-05,-2.11712851e-05,-3.17582021e-05
0.00000000e+00,-1.61410645e-05,-3.22786384e-05,-4.84203996e-05
0.00000000e+00,-1.96183931e-05,-3.92337455e-05,-5.88527598e-05
0.00000000e+00,0.00000000e+00,0.00000000e+00,0.00000000e+00
0.00000000e+00,-9.30035412e-06,-1.85990309e-05,-2.78997291e-05
0.00000000e+00,-1.13802258e-05,-2.27590320e-05,-3.41395632e-05
0.00000000e+00,-1.72312371e-05,-3.44596232e-05,-5.16914122e-05
0.00000000e+00,-9.84268880e-06,-1.96840408e-05,-2.95269988e-05
0.00000000e+00,-2.32508412e-05,-4.64950749e-05,-6.97470867e-05
0.00000000e+00,-2.16331322e-05,-4.32609184e-05,-6.48950838e-05
0.00000000e+00,-2.13386735e-05,-4.26711372e-05,-6.40108760e-05
0.00000000e+00,-2.56726344e-05,-5.13396970e-05,-7.70132652e-05
0.00000000e+00,-1.96971726e-05,-3.93893043e-05,-5.90874140e-05
0.00000000e+00,-2.37749621e-05,-4.75454511e-05,-7.13212593e-05
0.00000000e+00,-2.31566501e-05,-4.63080392e-05,-6.94655102e-05
0.00000000e+00,-2.12605772e-05,-4.25169368e-05,-6.37782661e-05
0.00000000e+00,-2.40568090e-05,-4.81059849e-05,-7.21639910e-05
0.00000000e+00,-2.38979728e-05,-4.77885095e-05,-7.16876874e-05
0.00000000e+00,-2.21464327e-05,-4.42856957e-05,-6.64331823e-05
0.00000000e+00,-2.66103760e-05,-5.32146783e-05,-7.98259471e-05
0.00000000e+00,-2.19840431e-05,-4.39611057e-05,-6.59462283e-05
0.00000000e+00,-2.64237852e-05,-5.28414339e-05,-7.92661648e-05
0.00000000e+00,-2.40891881e-05,-4.81725840e-05,-7.22625284e-05
0.00000000e+00,-2.38997028e-05,-4.77935951e-05,-7.16941225e-05
0.00000000e+00,-2.32508175e-05,-4.64952677e-05,-6.97470127e-05
0.00000000e+00,-2.38979432e-05,-4.77886117e-05,-7.16876485e-05
0.00000000e+00,-2.13386636e-05,-4.26713431e-05,-6.40108065e-05
0.00000000e+00,-2.56725298e-05,-5.13401023e-05,-7.70132471e-05
0.00000000e+00,-2.19840090e-05,-4.39612296e-05,-6.59461968e-05
0.00000000e+00,-2.64236414e-05,-5.28417228e-05,-7.92661685e-05
0.00000000e+00,-2.31565598e-05,-4.63084080e-05,-6.94654878e-05
0.00000000e+00,-2.38995648e-05,-4.77938700e-05,-7.16941242e-05
0.00000000e+00,-1.80575514e-05,-3.61114220e-05,-5.41694571e-05
0.00000000e+00,-2.16331411e-05,-4.32611531e-05,-6.48950004e-05
0.00000000e+00,-1.61411092e-05,-3.22788215e-05,-4.84203487e-05
0.00000000e+00,-1.96184461e-05,-3.92339698e-05,-5.88527144e-05
0.00000000e+00,-1.96971688e-05,-3.93895592e-05,-5.90873456e-05
0.00000000e+00,-2.37749458e-05,-4.75458458e-05,-7.13212348e-05
0.00000000e+00,-1.72312985e-05,-3.44598216e-05,-5.16913616e-05
0.00000000e+00,-2.12605670e-05,-4.25173035e-05,-6.37782399e-05
0.00000000e+00,0.00000000e+00,0.00000000e+00,0.00000000e+00
0.00000000e+00,-1.05865933e-05,-2.11713119e-05,-3.17581700e-05
0.00000000e+00,0.00000000e+00,0.00000000e+00,0.00000000e+00
0.00000000e+00,0.00000000e+00,0.00000000e+00,0.00000000e+00
0.00000000e+00,-9.30042121e-06,-1.85990643e-05,-2.78997024e-05
0.00000000e+00,-1.13802572e-05,-2.27591237e-05,-3.41395556e-05
0.00000000e+00,0.00000000e+00,0.00000000e+00,0.00000000e+00
0.00000000e+00,-9.84272322e-06,-1.96841269e-05,-2.95269911e-05
0.00000000e+00,0.00000000e+00,0.00000000e+00,0.00000000e+00
0.00000000e+00,-2.21261919e-05,-4.42482724e-05,-6.63753541e-05
0.00000000e+00,0.00000000e+00,0.00000000e+00,0.00000000e+00
0.00000000e+00,0.00000000e+00,0.00000000e+00,0.00000000e+00
0.00000000e+00,-1.37879934e-05,-2.75739641e-05,-4.13624035e-05
0.00000000e+00,-2.00736909e-05,-4.01434655e-05,-6.02179885e-05
0.00000000e+00,-2.47786311e-05,-4.95538313e-05,-7.43331850e-05
0.00000000e+00,0.00000000e+00,0.00000000e+00,0.00000000e+00
0.00000000e+00,-1.20579981e-05,-2.41140829e-05,-3.61724950e-05
0.00000000e+00,-1.51702472e-05,-3.03388531e-05,-4.55094604e-05
0.00000000e+00,-2.21529457e-05,-4.43026542e-05,-6.64562750e-05
0.00000000e+00,-1.31296771e-05,-2.62578399e-05,-3.93878495e-05
0.00000000e+00,-2.69903916e-05,-5.39733868e-05,-8.09651496e-05
0.00000000e+00,-2.54274774e-05,-5.08490102e-05,-7.62776963e-05
0.00000000e+00,-2.51337329e-05,-5.02604681e-05,-7.53954779e-05
0.00000000e+00,-3.05862917e-05,-6.11663835e-05,-9.17538017e-05
0.00000000e+00,-2.35530982e-05,-4.71005385e-05,-7.06547619e-05
0.00000000e+00,-2.87648152e-05,-5.75246263e-05,-8.62904337e-05
0.00000000e+00,-2.81514723e-05,-5.62970581e-05,-8.44495650e-05
0.00000000e+00,-2.62879063e-05,-5.25710829e-05,-7.88599080e-05
0.00000000e+00,-2.77861134e-05,-5.55635244e-05,-8.33510656e-05
0.00000000e+00,-2.76398984e-05,-5.52714046e-05,-8.29127436e-05
0.00000000e+00,-2.59363362e-05,-5.18645376e-05,-7.78021957e-05
0.00000000e+00,-3.15249306e-05,-6.30430600e-05,-9.45691149e-05
0.00000000e+00,-2.57829075e-05,-5.15578944e-05,-7.73421312e-05
0.00000000e+00,-3.13563225e-05,-6.27057744e-05,-9.40632505e-05
0.00000000e+00,-2.90906730e-05,-5.81749655e-05,-8.72666603e-05
0.00000000e+00,-2.89078009e-05,-5.78091091e-05,-8.67179570e-05
0.00000000e+00,-2.69903853e-05,-5.39735130e-05,-8.09650489e-05
0.00000000e+00,-2.76398726e-05,-5.52714537e-05,-8.29126842e-05
0.00000000e+00,-2.51337067e-05,-5.02606401e-05,-7.53953893e-05
0.00000000e+00,-3.05861923e-05,-6.11667754e-05,-9.17537749e-05
0.00000000e+00,-2.57828885e-05,-5.15579633e-05,-7.73420808e-05
0.00000000e+00,-3.13561745e-05,-6.27060509e-05,-9.40632519e-05
0.00000000e+00,-2.81513619e-05,-5.62974707e-05,-8.44495462e-05
0.00000000e+00,-2.89076489e-05,-5.78094024e-05,-8.67179619e-05
0.00000000e+00,-2.21263325e-05,-4.42483248e-05,-6.63752681e-05
0.00000000e+00,-2.54275315e-05,-5.08491669e-05,-7.62775932e-05
0.00000000e+00,-2.00737691e-05,-4.01435996e-05,-6.02179229e-05
0.00000000e+00,-2.47786845e-05,-4.95540511e-05,-7.43331471e-05
0.00000000e+00,-2.35531306e-05,-4.71007330e-05,-7.06546687e-05
0.00000000e+00,-2.87647865e-05,-5.75250097e-05,-8.62904028e-05
0.00000000e+00,-2.21529975e-05,-4.43028843e-05,-6.64562326e-05
0.00000000e+00,-2.62878782e-05,-5.25714867e-05,-7.88598830e-05
0.00000000e+00,0.00000000e+00,0.00000000e+00,0.00000000e+00
0.00000000e+00,-1.37880634e-05,-2.75739516e-05,-4.13623578e-05
0.00000000e+00,0.00000000e+00,0.00000000e+00,0.00000000e+00
0.00000000e+00,0.00000000e+00,0.00000000e+00,0.00000000e+00
0.00000000e+00,-1.20580670e-05,-2.41140869e-05,-3.61724531e-05
0.00000000e+00,-1.51702877e-05,-3.03389196e-05,-4.55094416e-05
0.00000000e+00,0.00000000e+00,0.00000000e+00,0.00000000e+00
0.00000000e+00,-1.31297088e-05,-2.62579212e-05,-3.93878372e-05
0.00000000e+00,0.00000000e+00,0.00000000e+00,0.00000000e+00
0.00000000e+00,-2.54527297e-05,-5.09008981e-05,-7.63546274e-05
0.00000000e+00,0.00000000e+00,0.00000000e+00,0.00000000e+00
0.00000000e+00,0.00000000e+00,0.00000000e+00,0.00000000e+00
0.00000000e+00,-1.84162253e-05,-3.68301920e-05,-5.52469195e-05
0.00000000e+00,-2.40709336e-05,-4.81375637e-05,-7.22094478e-05
0.00000000e+00,-2.99237493e-05,-5.98436559e-05,-8.97682277e-05
0.00000000e+00,0.00000000e+00,0.00000000e+00,0.00000000e+00
0.00000000e+00,-1.58866248e-05,-3.17711122e-05,-4.76582117e-05
0.00000000e+00,-2.16205921e-05,-4.32392495e-05,-6.48602537e-05
0.00000000e+00,-2.77434494e-05,-5.54832657e-05,-8.32274884e-05
0.00000000e+00,-1.80195468e-05,-3.60373159e-05,-5.40572498e-05
0.00000000e+00,-3.05868192e-05,-6.11654627e-05,-9.17538544e-05
0.00000000e+00,-2.90451670e-05,-5.80837810e-05,-8.71303280e-05
0.00000000e+00,-2.88484879e-05,-5.76891796e-05,-8.65391378e-05
0.00000000e+00,-3.59646611e-05,-7.19224189e-05,-1.07888368e-04
0.00000000e+00,-2.72216095e-05,-5.44369511e-05,-8.16598565e-05
0.00000000e+00,-3.41561839e-05,-6.83067591e-05,-1.02464069e-04
0.00000000e+00,-3.33559792e-05,-6.67053812e-05,-1.00062572e-04
0.00000000e+00,-3.14591070e-05,-6.29129075e-05,-9.43730777e-05
0.00000000e+00,-3.14492822e-05,-6.28888739e-05,-9.43398276e-05
0.00000000e+00,-3.12715552e-05,-6.25338075e-05,-9.38070271e-05
0.00000000e+00,-2.96361104e-05,-5.92629685e-05,-8.89006194e-05
0.00000000e+00,-3.69813972e-05,-7.39549015e-05,-1.10937611e-04
0.00000000e+00,-2.94579481e-05,-5.89069936e-05,-8.83664884e-05
0.00000000e+00,-3.67748528e-05,-7.35419434e-05,-1.10318128e-04
0.00000000e+00,-3.42797030e-05,-6.85520136e-05,-1.02832934e-04
0.00000000e+00,-3.40784085e-05,-6.81494871e-05,-1.02229141e-04
0.00000000e+00,-3.05868345e-05,-6.11655208e-05,-9.17537495e-05
0.00000000e+00,-3.12715360e-05,-6.25338137e-05,-9.38069595e-05
0.00000000e+00,-2.88484984e-05,-5.76892555e-05,-8.65390260e-05
0.00000000e+00,-3.59645730e-05,-7.19227071e-05,-1.07888321e-04
0.00000000e+00,-2.94579175e-05,-5.89070187e-05,-8.83664229e-05
0.00000000e+00,-3.67747335e-05,-7.35421211e-05,-1.10318106e-04
0.00000000e+00,-3.33558840e-05,-6.67057277e-05,-1.00062535e-04
0.00000000e+00,-3.40782583e-05,-6.81497306e-05,-1.02229134e-04
0.00000000e+00,-2.54529157e-05,-5.09008727e-05,-7.63545202e-05
0.00000000e+00,-2.90452706e-05,-5.80838676e-05,-8.71302078e-05
0.00000000e+00,-2.40711293e-05,-4.81375442e-05,-7.22093401e-05
0.00000000e+00,-2.99238265e-05,-5.98437965e-05,-8.97681721e-05
0.00000000e+00,-2.72216872e-05,-5.44370718e-05,-8.16597408e-05
0.00000000e+00,-3.41561953e-05,-6.83070244e-05,-1.02463999e-04
0.00000000e+00,-2.77435217e-05,-5.54834397e-05,-8.32274401e-05
0.00000000e+00,-3.14590956e-05,-6.29132420e-05,-9.43730301e-05
0.00000000e+00,0.00000000e+00,0.00000000e+00,0.00000000e+00
0.00000000e+00,-1.84162992e-05,-3.68301562e-05,-5.52468705e-05
0.00000000e+00,0.00000000e+00,0.00000000e+00,0.00000000e+00
0.00000000e+00,0.00000000e+00,0.00000000e+00,0.00000000e+00
0.00000000e+00,-1.58866983e-05,-3.17710833e-05,-4.76581638e-05
0.00000000e+00,-2.16206515e-05,-4.32392689e-05,-6.48602239e-05
0.00000000e+00,0.00000000e+00,0.00000000e+00,0.00000000e+00
0.00000000e+00,-1.80195984e-05,-3.60373569e-05,-5.40572257e-05
0.00000000e+00,0.00000000e+00,0.00000000e+00,0.00000000e+00
0.00000000e+00,-7.22612014e-06,-1.44487427e-05,-2.16754689e-05
0.00000000e+00,0.00000000e+00,0.00000000e+00,0.00000000e+00
0.00000000e+00,0.00000000e+00,0.00000000e+00,0.00000000e+00
0.00000000e+00,-4.06538800e-06,-8.12898838e-06,-1.21946855e-05
0.00000000e+00,-6.27181964e-06,-1.25404687e-05,-1.88127548e-05
0.00000000e+00,-1.07039181e-05,-2.14044413e-05,-3.21089545e-05
0.00000000e+00,0.00000000e+00,0.00000000e+00,0.00000000e+00
0.00000000e+00,-3.49904437e-06,-6.99644478e-06,-1.04957209e-05
0.00000000e+00,-6.04675826e-06,-1.20918087e-05,-1.81388641e-05
0.00000000e+00,-9.38515379e-06,-1.87671833e-05,-2.81528162e-05
0.00000000e+00,-5.25637865e-06,-1.05111656e-05,-1.57677739e-05
0.00000000e+00,-1.00327864e-05,-2.00593974e-05,-3.00931527e-05
0.00000000e+00,-9.10376630e-06,-1.82024799e-05,-2.73070614e-05
0.00000000e+00,-8.88636585e-06,-1.77671153e-05,-2.66542573e-05
0.00000000e+00,-1.47221758e-05,-2.94383202e-05,-4.41614485e-05
0.00000000e+00,-8.00037065e-06,-1.59961745e-05,-2.39971809e-05
0.00000000e+00,-1.34056729e-05,-2.68064781e-05,-4.02129659e-05
0.00000000e+00,-1.31677616e-05,-2.63299678e-05,-3.94985026e-05
0.00000000e+00,-1.19007914e-05,-2.37970955e-05,-3.56985394e-05
0.00000000e+00,-1.04986591e-05,-2.09900655e-05,-3.14897173e-05
0.00000000e+00,-1.04017473e-05,-2.07965471e-05,-3.11993535e-05
0.00000000e+00,-9.34237526e-06,-1.86781208e-05,-2.80212616e-05
0.00000000e+00,-1.53767396e-05,-3.07464354e-05,-4.61241117e-05
0.00000000e+00,-9.24585052e-06,-1.84853395e-05,-2.77320071e-05
0.00000000e+00,-1.52416066e-05,-3.04764382e-05,-4.57190341e-05
0.00000000e+00,-1.38105614e-05,-2.76145952e-05,-4.14259083e-05
0.00000000e+00,-1.36757275e-05,-2.73451693e-05,-4.10216946e-05
0.00000000e+00,-1.00328451e-05,-2.00594503e-05,-3.00930815e-05
0.00000000e+00,-1.04017971e-05,-2.07966153e-05,-3.11993131e-05
0.00000000e+00,-8.88643493e-06,-1.77671678e-05,-2.66541738e-05
0.00000000e+00,-1.47222266e-05,-2.94384289e-05,-4.41613678e-05
0.00000000e+00,-9.24588994e-06,-1.84853876e-05,-2.77319661e-05
0.00000000e+00,-1.52416199e-05,-3.04765151e-05,-4.57189877e-05
0.00000000e+00,-1.31678031e-05,-2.63300565e-05,-3.94984170e-05
0.00000000e+00,-1.36757511e-05,-2.73452329e-05,-4.10216455e-05
0.00000000e+00,-7.22620047e-06,-1.44487831e-05,-2.16754044e-05
0.00000000e+00,-9.10381686e-06,-1.82025574e-05,-2.73069908e-05
0.00000000e+00,-6.27185559e-06,-1.25405143e-05,-1.88126888e-05
0.00000000e+00,-1.07039749e-05,-2.14045321e-05,-3.21088956e-05
0.00000000e+00,-8.00042909e-06,-1.59962098e-05,-2.39970959e-05
0.00000000e+00,-1.34057257e-05,-2.68066049e-05,-4.02128915e-05
0.00000000e+00,-9.38517660e-06,-1.87672684e-05,-2.81527568e-05
0.00000000e+00,-1.19008455e-05,-2.37971798e-05,-3.56984505e-05
0.00000000e+00,0.00000000e+00,0.00000000e+00,0.00000000e+00
0.00000000e+00,-4.06542332e-06,-8.12900526e-06,-1.21946519e-05
0.00000000e+00,0.00000000e+00,0.00000000e+00,0.00000000e+00
0.00000000e+00,0.00000000e+00,0.00000000e+00,0.00000000e+00
0.00000000e+00,-3.49906137e-06,-6.99644941e-06,-1.04956905e-05
0.00000000e+00,-6.04680814e-06,-1.20918307e-05,-1.81388338e-05
0.00000000e+00,0.00000000e+00,0.00000000e+00,0.00000000e+00
0.00000000e+00,-5.25640201e-06,-1.05111895e-05,-1.57677508e-05
0.00000000e+00,0.00000000e+00,0.00000000e+00,0.00000000e+00
0.00000000e+00,-9.33876094e-06,-1.86733054e-05,-2.80129546e-05
0.00000000e+00,0.00000000e+00,0.00000000e+00,0.00000000e+00
0.00000000e+00,0.00000000e+00,0.00000000e+00,0.00000000e+00
0.00000000e+00,-5.39768638e-06,-1.07932966e-05,-1.61914437e-05
0.00000000e+00,-8.24456271e-06,-1.64852529e-05,-2.47305551e-05
0.00000000e+00,-1.35939914e-05,-2.71840616e-05,-4.07788756e-05
0.00000000e+00,0.00000000e+00,0.00000000e+00,0.00000000e+00
0.00000000e+00,-4.68990780e-06,-9.37788031e-06,-1.40681756e-05
0.00000000e+00,-7.88652124e-06,-1.57711192e-05,-2.36580604e-05
0.00000000e+00,-1.21034195e-05,-2.42031786e-05,-3.63073054e-05
0.00000000e+00,-6.91296757e-06,-1.38241220e-05,-2.07374504e-05
0.00000000e+00,-1.22923428e-05,-2.45773187e-05,-3.68710664e-05
0.00000000e+00,-1.13628049e-05,-2.27196061e-05,-3.40836275e-05
0.00000000e+00,-1.11705921e-05,-2.23344011e-05,-3.35061787e-05
0.00000000e+00,-1.77857216e-05,-3.55644167e-05,-5.33514278e-05
0.00000000e+00,-1.02269378e-05,-2.04483583e-05,-3.06763098e-05
0.00000000e+00,-1.64712206e-05,-3.29367543e-05,-4.94091016e-05
0.00000000e+00,-1.62643215e-05,-3.25221409e-05,-4.87875842e-05
0.00000000e+00,-1.49327028e-05,-2.98601341e-05,-4.47938039e-05
0.00000000e+00,-1.27506762e-05,-2.54927904e-05,-3.82449983e-05
0.00000000e+00,-1.26589944e-05,-2.53097676e-05,-3.79702567e-05
0.00000000e+00,-1.16354327e-05,-2.32629942e-05,-3.48996948e-05
0.00000000e+00,-1.84354002e-05,-3.68626129e-05,-5.52993561e-05
0.00000000e+00,-1.15404575e-05,-2.30733376e-05,-3.46150654e-05
0.00000000e+00,-1.83062392e-05,-3.66046122e-05,-5.49122215e-05
0.00000000e+00,-1.69190570e-05,-3.38305476e-05,-5.07507476e-05
0.00000000e+00,-1.67860105e-05,-3.35647238e-05,-5.03519123e-05
0.00000000e+00,-1.22924189e-05,-2.45773863e-05,-3.68709953e-05
0.00000000e+00,-1.26590369e-05,-2.53097982e-05,-3.79702318e-05
0.00000000e+00,-1.11706512e-05,-2.23344884e-05,-3.35061212e-05
0.00000000e+00,-1.77857505e-05,-3.55645373e-05,-5.33513388e-05
0.00000000e+00,-1.15404884e-05,-2.30733856e-05,-3.46150359e-05
0.00000000e+00,-1.83062641e-05,-3.66046673e-05,-5.49121837e-05
0.00000000e+00,-1.62643605e-05,-3.25222617e-05,-4.87875047e-05
0.00000000e+00,-1.67860270e-05,-3.35647953e-05,-5.03518735e-05
0.00000000e+00,-9.33884942e-06,-1.86733799e-05,-2.80128911e-05
0.00000000e+00,-1.13628803e-05,-2.27197177e-05,-3.40835318e-05
0.00000000e+00,-8.24462707e-06,-1.64853375e-05,-2.47305042e-05
0.00000000e+00,-1.35941111e-05,-2.71841335e-05,-4.07787937e-05
0.00000000e+00,-1.02270086e-05,-2.04484453e-05,-3.06762345e-05
0.00000000e+00,-1.64712906e-05,-3.29369010e-05,-4.94090018e-05
0.00000000e+00,-1.21034934e-05,-2.42032775e-05,-3.63072419e-05
0.00000000e+00,-1.49327561e-05,-2.98602793e-05,-4.47937261e-05
0.00000000e+00,0.00000000e+00,0.00000000e+00,0.00000000e+00
0.00000000e+00,-5.39775148e-06,-1.07933228e-05,-1.61914062e-05
0.00000000e+00,0.00000000e+00,0.00000000e+00,0.00000000e+00
0.00000000e+00,0.00000000e+00,0.00000000e+00,0.00000000e+00
0.00000000e+00,-4.68997163e-06,-9.37789697e-06,-1.40681372e-05
0.00000000e+00,-7.88658657e-06,-1.57711378e-05,-2.36580216e-05
0.00000000e+00,0.00000000e+00,0.00000000e+00,0.00000000e+00
0.00000000e+00,-6.91302909e-06,-1.38241442e-05,-2.07374158e-05
0.00000000e+00,0.00000000e+00,0.00000000e+00,0.00000000e+00
0.00000000e+00,-1.17353949e-05,-2.34658821e-05,-3.52024279e-05
0.00000000e+00,0.00000000e+00,0.00000000e+00,0.00000000e+00
0.00000000e+00,0.00000000e+00,0.00000000e+00,0.00000000e+00
0.00000000e+00,-7.19847259e-06,-1.43945217e-05,-2.15935984e-05
0.00000000e+00,-1.05118437e-05,-2.10191696e-05,-3.15320261e-05
0.00000000e+00,-1.68097573e-05,-3.36150902e-05,-5.04258662e-05
0.00000000e+00,0.00000000e+00,0.00000000e+00,0.00000000e+00
0.00000000e+00,-6.21538468e-06,-1.24285276e-05,-1.86444446e-05
0.00000000e+00,-1.02981022e-05,-2.05940245e-05,-3.08926434e-05
0.00000000e+00,-1.51772027e-05,-3.03502556e-05,-4.55283767e-05
0.00000000e+00,-8.99481133e-06,-1.79875897e-05,-2.69828685e-05
0.00000000e+00,-1.44707326e-05,-2.89329524e-05,-4.34055179e-05
0.00000000e+00,-1.36113284e-05,-2.72157136e-05,-4.08286284e-05
0.00000000e+00,-1.33937577e-05,-2.67796002e-05,-4.01749686e-05
0.00000000e+00,-2.07506816e-05,-4.14933917e-05,-6.22456590e-05
0.00000000e+00,-1.24990265e-05,-2.49916147e-05,-3.74920325e-05
0.00000000e+00,-1.95166911e-05,-3.90269796e-05,-5.85450691e-05
0.00000000e+00,-1.92832897e-05,-3.85591020e-05,-5.78438262e-05
0.00000000e+00,-1.80077618e-05,-3.60094895e-05,-5.40185090e-05
0.00000000e+00,-1.49132196e-05,-2.98165730e-05,-4.47318143e-05
0.00000000e+00,-1.48336683e-05,-2.96578617e-05,-4.44935091e-05
0.00000000e+00,-1.38441535e-05,-2.76791260e-05,-4.15250340e-05
0.00000000e+00,-2.13879412e-05,-4.27665306e-05,-6.41561726e-05
0.00000000e+00,-1.37561796e-05,-2.75035028e-05,-4.12614141e-05
0.00000000e+00,-2.12741151e-05,-4.25392334e-05,-6.38150550e-05
0.00000000e+00,-1.99264058e-05,-3.98440421e-05,-5.97719637e-05
0.00000000e+00,-1.98010404e-05,-3.95936461e-05,-5.93962129e-05
0.00000000e+00,-1.44708303e-05,-2.89330423e-05,-4.34054444e-05
0.00000000e+00,-1.48337157e-05,-2.96579038e-05,-4.44935017e-05
0.00000000e+00,-1.33938424e-05,-2.67796744e-05,-4.01748930e-05
0.00000000e+00,-2.07507145e-05,-4.14934875e-05,-6.22455696e-05
0.00000000e+00,-1.37562138e-05,-2.75035439e-05,-4.12613838e-05
0.00000000e+00,-2.12741297e-05,-4.25392655e-05,-6.38150068e-05
0.00000000e+00,-1.92833299e-05,-3.85591978e-05,-5.78437294e-05
0.00000000e+00,-1.98010472e-05,-3.95936932e-05,-5.93961703e-05
0.00000000e+00,-1.17355074e-05,-2.34659422e-05,-3.52023539e-05
0.00000000e+00,-1.36114376e-05,-2.72158308e-05,-4.08285189e-05
0.00000000e+00,-1.05119382e-05,-2.10192440e-05,-3.15319547e-05
0.00000000e+00,-1.68099119e-05,-3.36151157e-05,-5.04257584e-05
0.00000000e+00,-1.24991285e-05,-2.49917122e-05,-3.74919302e-05
0.00000000e+00,-1.95168220e-05,-3.90270754e-05,-5.85449501e-05
0.00000000e+00,-1.51773388e-05,-3.03502993e-05,-4.55282789e-05
0.00000000e+00,-1.80078597e-05,-3.60096093e-05,-5.40183960e-05
0.00000000e+00,0.00000000e+00,0.00000000e+00,0.00000000e+00
0.00000000e+00,-7.19853666e-06,-1.43945624e-05,-2.15935567e-05
0.00000000e+00,0.00000000e+00,0.00000000e+00,0.00000000e+00
0.00000000e+00,0.00000000e+00,0.00000000e+00,0.00000000e+00
0.00000000e+00,-6.21544995e-06,-1.24285581e-05,-1.86444039e-05
0.00000000e+00,-1.02981710e-05,-2.05940340e-05,-3.08926010e-05
0.00000000e+00,0.00000000e+00,0.00000000e+00,0.00000000e+00
0.00000000e+00,-8.99487890e-06,-1.79876008e-05,-2.69828263e-05
0.00000000e+00,0.00000000e+00,0.00000000e+00,0.00000000e+00
0.00000000e+00,-1.37623326e-05,-2.75190247e-05,-4.12828145e-05
0.00000000e+00,0.00000000e+00,0.00000000e+00,0.00000000e+00
0.00000000e+00,0.00000000e+00,0.00000000e+00,0.00000000e+00
0.00000000e+00,-9.96163225e-06,-1.99203282e-05,-2.98827418e-05
0.00000000e+00,-1.29436178e-05,-2.58819993e-05,-3.88269123e-05
0.00000000e+00,-1.99856604e-05,-3.99661451e-05,-5.99530555e-05
0.00000000e+00,0.00000000e+00,0.00000000e+00,0.00000000e+00
0.00000000e+00,-8.41857496e-06,-1.68344720e-05,-2.52537372e-05
0.00000000e+00,-1.44495949e-05,-2.88965278e-05,-4.33467757e-05
0.00000000e+00,-1.86789938e-05,-3.73531950e-05,-5.60333169e-05
0.00000000e+00,-1.21274492e-05,-2.42524988e-05,-3.63805304e-05
0.00000000e+00,-1.65511769e-05,-3.30925691e-05,-4.96460814e-05
0.00000000e+00,-1.57255839e-05,-3.14431935e-05,-4.71707600e-05
0.00000000e+00,-1.55490894e-05,-3.10890565e-05,-4.66402289e-05
0.00000000e+00,-2.40292433e-05,-4.80493951e-05,-7.20806631e-05
0.00000000e+00,-1.46652387e-05,-2.93230280e-05,-4.39900344e-05
0.00000000e+00,-2.28272938e-05,-4.56471872e-05,-6.84761907e-05
0.00000000e+00,-2.24469559e-05,-4.48853832e-05,-6.73341420e-05
0.00000000e+00,-2.11675811e-05,-4.23282843e-05,-6.34974073e-05
0.00000000e+00,-1.70209699e-05,-3.40309055e-05,-5.10544451e-05
0.00000000e+00,-1.69267703e-05,-3.38427850e-05,-5.07721153e-05
0.00000000e+00,-1.59781494e-05,-3.19458674e-05,-4.79262968e-05
0.00000000e+00,-2.47104992e-05,-4.94106270e-05,-7.41233292e-05
0.00000000e+00,-1.58834925e-05,-3.17568528e-05,-4.76426114e-05
0.00000000e+00,-2.45741398e-05,-4.91381367e-05,-7.37144775e-05
0.00000000e+00,-2.30669363e-05,-4.61239836e-05,-6.91928630e-05
0.00000000e+00,-2.29305030e-05,-4.58514130e-05,-6.87838474e-05
0.00000000e+00,-1.65512695e-05,-3.30927654e-05,-4.96460465e-05
0.00000000e+00,-1.69268311e-05,-3.38429109e-05,-5.07721031e-05
0.00000000e+00,-1.55491999e-05,-3.10891834e-05,-4.66401695e-05
0.00000000e+00,-2.40293352e-05,-4.80495556e-05,-7.20806154e-05
0.00000000e+00,-1.58835255e-05,-3.17569545e-05,-4.76425942e-05
0.00000000e+00,-2.45741400e-05,-4.91382599e-05,-7.37144591e-05
0.00000000e+00,-2.24470217e-05,-4.48854984e-05,-6.73340694e-05
0.00000000e+00,-2.29305002e-05,-4.58514852e-05,-6.87838061e-05
0.00000000e+00,-1.37624707e-05,-2.75191303e-05,-4.12827590e-05
0.00000000e+00,-1.57257329e-05,-3.14433576e-05,-4.71707098e-05
0.00000000e+00,-1.29437396e-05,-2.58820850e-05,-3.88268466e-05
0.00000000e+00,-1.99858116e-05,-3.99662303e-05,-5.99529936e-05
0.00000000e+00,-1.46653752e-05,-2.93231512e-05,-4.39899604e-05
0.00000000e+00,-2.28274690e-05,-4.56472967e-05,-6.84761230e-05
0.00000000e+00,-1.86791532e-05,-3.73532374e-05,-5.60332305e-05
0.00000000e+00,-2.11677331e-05,-4.23283768e-05,-6.34973108e-05
0.00000000e+00,0.00000000e+00,0.00000000e+00,0.00000000e+00
0.00000000e+00,-9.96171164e-06,-1.99203859e-05,-2.98826913e-05
0.00000000e+00,0.00000000e+00,0.00000000e+00,0.00000000e+00
0.00000000e+00,0.00000000e+00,0.00000000e+00,0.00000000e+00
0.00000000e+00,-8.41864535e-06,-1.68345189e-05,-2.52536901e-05
0.00000000e+00,-1.44496741e-05,-2.88965621e-05,-4.33467310e-05
0.00000000e+00,0.00000000e+00,0.00000000e+00,0.00000000e+00
0.00000000e+00,-1.21275228e-05,-2.42525135e-05,-3.63804839e-05
0.00000000e+00,0.00000000e+00,0.00000000e+00,0.00000000e+00
0.00000000e+00,-1.25576488e-09,1.14385423e-09,-7.30037184e-10
0.00000000e+00,0.00000000e+00,0.00000000e+00,0.00000000e+00
0.00000000e+00,0.00000000e+00,0.00000000e+00,0.00000000e+00
0.00000000e+00,-6.44243015e-10,5.81722925e-10,-3.81308183e-10
0.00000000e+00,-1.13587353e-09,9.96729827e-10,-6.04087021e-10
0.00000000e+00,-3.58699500e-06,-7.17042379e-06,-1.07580219e-05
0.00000000e+00,0.00000000e+00,0.00000000e+00,0.00000000e+00
0.00000000e+00,-5.93042729e-10,5.15416333e-10,-3.25157874e-10
0.00000000e+00,-2.01171496e-06,-4.02160976e-06,-6.03364003e-06
0.00000000e+00,-3.11598268e-06,-6.22874066e-06,-9.34519167e-06
0.00000000e+00,-1.73400388e-06,-3.46634929e-06,-5.20059589e-06
0.00000000e+00,-2.15974545e-09,1.98243650e-09,-1.18333102e-09
0.00000000e+00,-1.77507675e-09,1.60676328e-09,-9.80053497e-10
0.00000000e+00,-1.95138777e-09,1.76471856e-09,-9.85677215e-10
0.00000000e+00,-5.01802854e-06,-1.00298521e-05,-1.50488660e-05
0.00000000e+00,-1.61923843e-09,1.42666974e-09,-8.20280262e-10
0.00000000e+00,-4.54021948e-06,-9.07535947e-06,-1.36163891e-05
0.00000000e+00,-4.44375541e-06,-8.88186416e-06,-1.33264047e-05
0.00000000e+00,-3.99025317e-06,-7.97588675e-06,-1.19667703e-05
0.00000000e+00,-2.54017906e-09,2.26313846e-09,-1.31085918e-09
0.00000000e+00,-2.40550321e-09,2.19494438e-09,-1.29759297e-09
0.00000000e+00,-2.30098031e-09,2.00678950e-09,-1.08715730e-09
0.00000000e+00,-5.25981991e-06,-1.05123832e-05,-1.57732068e-05
0.00000000e+00,-2.19735433e-09,1.97008037e-09,-1.08796885e-09
0.00000000e+00,-5.20921233e-06,-1.04114615e-05,-1.56217396e-05
0.00000000e+00,-4.67974314e-06,-9.35286982e-06,-1.40333917e-05
0.00000000e+00,-4.62946750e-06,-9.25258477e-06,-1.38828863e-05
0.00000000e+00,-2.21351739e-09,1.93550519e-09,-1.13207786e-09
0.00000000e+00,-2.44608969e-09,2.13033143e-09,-1.26547276e-09
0.00000000e+00,-1.98595392e-09,1.69031228e-09,-9.36599401e-10
0.00000000e+00,-5.01811084e-06,-1.00298959e-05,-1.50487910e-05
0.00000000e+00,-2.22032478e-09,1.89878395e-09,-1.06012812e-09
0.00000000e+00,-5.20926183e-06,-1.04115279e-05,-1.56217054e-05
0.00000000e+00,-4.44380867e-06,-8.88192724e-06,-1.33263476e-05
0.00000000e+00,-4.62949951e-06,-9.25264001e-06,-1.38828564e-05
0.00000000e+00,-1.30492913e-09,1.10157057e-09,-6.75327769e-10
0.00000000e+00,-1.82026202e-09,1.55879573e-09,-9.36375927e-10
0.00000000e+00,-1.17365863e-09,9.60898441e-10,-5.44263564e-10
0.00000000e+00,-3.58705677e-06,-7.17046332e-06,-1.07579578e-05
0.00000000e+00,-1.66000655e-09,1.38511193e-09,-7.78421211e-10
0.00000000e+00,-4.54027653e-06,-9.07540821e-06,-1.36163301e-05
0.00000000e+00,-3.11602577e-06,-6.22877869e-06,-9.34513122e-06
0.00000000e+00,-3.99029181e-06,-7.97593147e-06,-1.19667130e-05
0.00000000e+00,0.00000000e+00,0.00000000e+00,0.00000000e+00
0.00000000e+00,-6.46506381e-10,5.47646624e-10,-3.54398493e-10
0.00000000e+00,0.00000000e+00,0.00000000e+00,0.00000000e+00
0.00000000e+00,0.00000000e+00,0.00000000e+00,0.00000000e+00
0.00000000e+00,-6.01329128e-10,5.00007993e-10,-2.91408520e-10
0.00000000e+00,-2.01172706e-06,-4.02163556e-06,-6.03361028e-06
0.00000000e+00,0.00000000e+00,0.00000000e+00,0.00000000e+00
0.00000000e+00,-1.73401893e-06,-3.46636160e-06,-5.20056582e-06
0.00000000e+00,0.00000000e+00,0.00000000e+00,0.00000000e+00
0.00000000e+00,-1.49152187e-09,1.46007802e-09,-9.67351382e-10
0.00000000e+00,0.00000000e+00,0.00000000e+00,0.00000000e+00
0.00000000e+00,0.00000000e+00,0.00000000e+00,0.00000000e+00
0.00000000e+00,-7.53529585e-10,7.45771170e-10,-5.08508933e-10
0.00000000e+00,-1.37309385e-09,1.29856954e-09,-8.47082226e-10
0.00000000e+00,-4.62938531e-06,-9.25444284e-06,-1.38847255e-05
0.00000000e+00,0.00000000e+00,0.00000000e+00,0.00000000e+00
0.00000000e+00,-6.94851874e-10,6.59469331e-10,-4.44313158e-10
0.00000000e+00,-2.66144437e-06,-5.32070241e-06,-7.98262441e-06
0.00000000e+00,-4.08925941e-06,-8.17457923e-06,-1.22645866e-05
0.00000000e+00,-2.31671852e-06,-4.63144399e-06,-6.94855805e-06
0.00000000e+00,-2.56498851e-09,2.45970182e-09,-1.58991968e-09
0.00000000e+00,-2.10139192e-09,2.02661857e-09,-1.33017837e-09
0.00000000e+00,-2.35751935e-09,2.20316572e-09,-1.37616102e-09
0.00000000e+00,-6.15189533e-06,-1.22963547e-05,-1.84496748e-05
0.00000000e+00,-1.93302342e-09,1.81363909e-09,-1.15437679e-09
0.00000000e+00,-5.66950967e-06,-1.13329349e-05,-1.70036706e-05
0.00000000e+00,-5.58878597e-06,-1.11707581e-05,-1.67607401e-05
0.00000000e+00,-5.10097131e-06,-1.01963690e-05,-1.52983543e-05
0.00000000e+00,-2.97629869e-09,2.78497327e-09,-1.78287123e-09
0.00000000e+00,-2.85117776e-09,2.70362354e-09,-1.72815918e-09
0.00000000e+00,-2.74034954e-09,2.50725440e-09,-1.54005345e-09
0.00000000e+00,-6.38940498e-06,-1.27702337e-05,-1.91611903e-05
0.00000000e+00,-2.63122131e-09,2.44504556e-09,-1.50551242e-09
0.00000000e+00,-6.34173222e-06,-1.26751870e-05,-1.90184553e-05
0.00000000e+00,-5.83013604e-06,-1.16523661e-05,-1.74837796e-05
0.00000000e+00,-5.78052778e-06,-1.15534449e-05,-1.73352614e-05
0.00000000e+00,-2.62623555e-09,2.40444519e-09,-1.52979861e-09
0.00000000e+00,-2.89593901e-09,2.67249509e-09,-1.70227865e-09
0.00000000e+00,-2.41423354e-09,2.15036625e-09,-1.32583541e-09
0.00000000e+00,-6.15197482e-06,-1.22964147e-05,-1.84496160e-05
0.00000000e+00,-2.67323141e-09,2.40305659e-09,-1.47800539e-09
0.00000000e+00,-6.34178204e-06,-1.26752186e-05,-1.90184274e-05
0.00000000e+00,-5.58885883e-06,-1.11708095e-05,-1.67606794e-05
0.00000000e+00,-5.78057296e-06,-1.15534877e-05,-1.73352284e-05
0.00000000e+00,-1.55533320e-09,1.40333846e-09,-8.96060733e-10
0.00000000e+00,-2.14006967e-09,1.94172597e-09,-1.24809164e-09
0.00000000e+00,-1.40990954e-09,1.23174919e-09,-7.86506024e-10
0.00000000e+00,-4.62943700e-06,-9.25452835e-06,-1.38846699e-05
0.00000000e+00,-1.98291006e-09,1.75725088e-09,-1.09079046e-09
0.00000000e+00,-5.66957290e-06,-1.13330277e-05,-1.70035945e-05
0.00000000e+00,-4.08930978e-06,-8.17464812e-06,-1.22645310e-05
0.00000000e+00,-5.10103694e-06,-1.01964344e-05,-1.52982860e-05
0.00000000e+00,0.00000000e+00,0.00000000e+00,0.00000000e+00
0.00000000e+00,-7.76562822e-10,7.06722435e-10,-4.63527714e-10
0.00000000e+00,0.00000000e+00,0.00000000e+00,0.00000000e+00
0.00000000e+00,0.00000000e+00,0.00000000e+00,0.00000000e+00
0.00000000e+00,-7.16354986e-10,6.29397265e-10,-4.10376871e-10
0.00000000e+00,-2.66149676e-06,-5.32073266e-06,-7.98258390e-06
0.00000000e+00,0.00000000e+00,0.00000000e+00,0.00000000e+00
0.00000000e+00,-2.31675778e-06,-4.63146942e-06,-6.94852245e-06
0.00000000e+00,0.00000000e+00,0.00000000e+00,0.00000000e+00
0.00000000e+00,-1.72438700e-09,1.76237590e-09,-1.19581360e-09
0.00000000e+00,0.00000000e+00,0.00000000e+00,0.00000000e+00
0.00000000e+00,0.00000000e+00,0.00000000e+00,0.00000000e+00
0.00000000e+00,-8.76012103e-10,9.17761281e-10,-6.34017542e-10
0.00000000e+00,-1.59967726e-09,1.60507462e-09,-1.07835423e-09
0.00000000e+00,-5.81975542e-06,-1.16344728e-05,-1.74554175e-05
0.00000000e+00,0.00000000e+00,0.00000000e+00,0.00000000e+00
0.00000000e+00,-8.20654801e-10,8.38262989e-10,-5.75894541e-10
0.00000000e+00,-3.52857684e-06,-7.05459580e-06,-1.05838158e-05
0.00000000e+00,-5.21034639e-06,-1.04160363e-05,-1.56274255e-05
0.00000000e+00,-3.05696740e-06,-6.11157288e-06,-9.16909933e-06
0.00000000e+00,-2.97177916e-09,2.95469998e-09,-1.98640496e-09
0.00000000e+00,-2.41785222e-09,2.43166364e-09,-1.64426216e-09
0.00000000e+00,-2.77581489e-09,2.70950951e-09,-1.79372439e-09
0.00000000e+00,-7.24453891e-06,-1.44804088e-05,-2.17268538e-05
0.00000000e+00,-2.26042516e-09,2.22863521e-09,-1.48612700e-09
0.00000000e+00,-6.80400889e-06,-1.36009136e-05,-2.04065429e-05
0.00000000e+00,-6.70542394e-06,-1.34028075e-05,-2.01098940e-05
0.00000000e+00,-6.24082004e-06,-1.24750549e-05,-1.87172963e-05
0.00000000e+00,-3.42380024e-09,3.32087879e-09,-2.22597914e-09
0.00000000e+00,-3.30414609e-09,3.25306021e-09,-2.18240869e-09
0.00000000e+00,-3.19127744e-09,3.04206400e-09,-2.00320479e-09
0.00000000e+00,-7.47319081e-06,-1.49364639e-05,-2.24117355e-05
0.00000000e+00,-3.08588745e-09,2.98992415e-09,-1.96373234e-09
0.00000000e+00,-7.43264237e-06,-1.48556525e-05,-2.22903602e-05
0.00000000e+00,-6.93795827e-06,-1.38666766e-05,-2.08064394e-05
0.00000000e+00,-6.89189712e-06,-1.37748423e-05,-2.06685363e-05
0.00000000e+00,-3.00533490e-09,2.86093093e-09,-1.91607222e-09
0.00000000e+00,-3.31037448e-09,3.18221612e-09,-2.12924280e-09
0.00000000e+00,-2.81704964e-09,2.62913028e-09,-1.72843563e-09
0.00000000e+00,-7.24464479e-06,-1.44804800e-05,-2.17267778e-05
0.00000000e+00,-3.10119341e-09,2.92484733e-09,-1.91687530e-09
0.00000000e+00,-7.43267926e-06,-1.48557194e-05,-2.22903340e-05
0.00000000e+00,-6.70550678e-06,-1.34028760e-05,-2.01098257e-05
0.00000000e+00,-6.89194145e-06,-1.37748876e-05,-2.06685072e-05
0.00000000e+00,-1.76644874e-09,1.67949668e-09,-1.10448374e-09
0.00000000e+00,-2.47403742e-09,2.34531626e-09,-1.56251392e-09
0.00000000e+00,-1.64358009e-09,1.52321301e-09,-9.99428497e-10
0.00000000e+00,-5.81983798e-06,-1.16345555e-05,-1.74553489e-05
0.00000000e+00,-2.32329352e-09,2.15935124e-09,-1.40944153e-09
0.00000000e+00,-6.80409824e-06,-1.36010153e-05,-2.04064537e-05
0.00000000e+00,-5.21041855e-06,-1.04161143e-05,-1.56273578e-05
0.00000000e+00,-6.24090175e-06,-1.24751460e-05,-1.87172092e-05
0.00000000e+00,0.00000000e+00,0.00000000e+00,0.00000000e+00
0.00000000e+00,-9.00713276e-10,8.65883018e-10,-5.79926923e-10
0.00000000e+00,0.00000000e+00,0.00000000e+00,0.00000000e+00
0.00000000e+00,0.00000000e+00,0.00000000e+00,0.00000000e+00
0.00000000e+00,-8.51488241e-10,8.00782919e-10,-5.23920945e-10
0.00000000e+00,-3.52864068e-06,-7.05463314e-06,-1.05837642e-05
0.00000000e+00,0.00000000e+00,0.00000000e+00,0.00000000e+00
0.00000000e+00,-3.05702031e-06,-6.11160942e-06,-9.16905495e-06
0.00000000e+00,0.00000000e+00,0.00000000e+00,0.00000000e+00
0.00000000e+00,-1.94748836e-09,2.07451505e-09,-1.42658399e-09
0.00000000e+00,0.00000000e+00,0.00000000e+00,0.00000000e+00
0.00000000e+00,0.00000000e+00,0.00000000e+00,0.00000000e+00
0.00000000e+00,-9.80111921e-10,1.07412940e-09,-7.52965612e-10
0.00000000e+00,-1.84072431e-09,1.92458347e-09,-1.31645843e-09
0.00000000e+00,-7.01523502e-06,-1.40246791e-05,-2.10414607e-05
0.00000000e+00,0.00000000e+00,0.00000000e+00,0.00000000e+00
0.00000000e+00,-9.35892727e-10,1.00510041e-09,-6.99001147e-10
0.00000000e+00,-5.07201950e-06,-1.01410570e-05,-1.52139136e-05
0.00000000e+00,-6.52887414e-06,-1.30523390e-05,-1.95825743e-05
0.00000000e+00,-4.19697823e-06,-8.39119181e-06,-1.25889056e-05
0.00000000e+00,-3.37160830e-09,3.48741619e-09,-2.37443541e-09
0.00000000e+00,-2.75795725e-09,2.89054687e-09,-1.97313240e-09
0.00000000e+00,-3.17745053e-09,3.22993020e-09,-2.19359415e-09
0.00000000e+00,-8.43922407e-06,-1.68683800e-05,-2.53100645e-05
0.00000000e+00,-2.59004450e-09,2.65776364e-09,-1.81006123e-09
0.00000000e+00,-8.01899562e-06,-1.60297660e-05,-2.40508566e-05
0.00000000e+00,-7.86349842e-06,-1.57176425e-05,-2.35833222e-05
0.00000000e+00,-7.41254343e-06,-1.48174386e-05,-2.22318277e-05
0.00000000e+00,-3.87897411e-09,3.91072350e-09,-2.67712164e-09
0.00000000e+00,-3.75529382e-09,3.84035695e-09,-2.61536462e-09
0.00000000e+00,-3.65250929e-09,3.62733067e-09,-2.46869654e-09
0.00000000e+00,-8.67957950e-06,-1.73477201e-05,-2.60299812e-05
0.00000000e+00,-3.53533417e-09,3.54588272e-09,-2.40556354e-09
0.00000000e+00,-8.63194218e-06,-1.72527609e-05,-2.58873876e-05
0.00000000e+00,-8.08295815e-06,-1.61552437e-05,-2.42405792e-05
0.00000000e+00,-8.03549242e-06,-1.60606191e-05,-2.40984781e-05
0.00000000e+00,-3.37351782e-09,3.32637852e-09,-2.29734853e-09
0.00000000e+00,-3.75425279e-09,3.74057324e-09,-2.57110190e-09
0.00000000e+00,-3.20117257e-09,3.10962937e-09,-2.11990393e-09
0.00000000e+00,-8.43926706e-06,-1.68685642e-05,-2.53100027e-05
0.00000000e+00,-3.53108938e-09,3.45676747e-09,-2.35159316e-09
0.00000000e+00,-8.63197718e-06,-1.72528754e-05,-2.58873528e-05
0.00000000e+00,-7.86356709e-06,-1.57177735e-05,-2.35832575e-05
0.00000000e+00,-8.03552559e-06,-1.60607087e-05,-2.40984454e-05
0.00000000e+00,-1.96087427e-09,1.94939111e-09,-1.32915997e-09
0.00000000e+00,-2.75872608e-09,2.72192286e-09,-1.88200906e-09
0.00000000e+00,-1.88086936e-09,1.83595776e-09,-1.22484540e-09
0.00000000e+00,-7.01530637e-06,-1.40248078e-05,-2.10413877e-05
0.00000000e+00,-2.62836586e-09,2.54367830e-09,-1.72184235e-09
0.00000000e+00,-8.01906567e-06,-1.60299405e-05,-2.40507836e-05
0.00000000e+00,-6.52895317e-06,-1.30524374e-05,-1.95825001e-05
0.00000000e+00,-7.41263076e-06,-1.48175669e-05,-2.22317479e-05
0.00000000e+00,0.00000000e+00,0.00000000e+00,0.00000000e+00
0.00000000e+00,-9.89006962e-10,1.00050042e-09,-6.91674840e-10
0.00000000e+00,0.00000000e+00,0.00000000e+00,0.00000000e+00
0.00000000e+00,0.00000000e+00,0.00000000e+00,0.00000000e+00
0.00000000e+00,-9.54039695e-10,9.42971930e-10,-6.38563869e-10
0.00000000e+00,-5.07206319e-06,-1.01411217e-05,-1.52138636e-05
0.00000000e+00,0.00000000e+00,0.00000000e+00,0.00000000e+00
0.00000000e+00,-4.19703111e-06,-8.39124333e-06,-1.25888553e-05
0.00000000e+00,0.00000000e+00,0.00000000e+00,0.00000000e+00
0.00000000e+00,7.22362276e-06,1.44510370e-05,2.16740617e-05
0.00000000e+00,0.00000000e+00,0.00000000e+00,0.00000000e+00
0.00000000e+00,0.00000000e+00,0.00000000e+00,0.00000000e+00
0.00000000e+00,4.06410273e-06,8.13014764e-06,1.21939403e-05
0.00000000e+00,6.26953236e-06,1.25424830e-05,1.88115588e-05
0.00000000e+00,3.58451382e-06,7.17268691e-06,1.07565957e-05
0.00000000e+00,0.00000000e+00,0.00000000e+00,0.00000000e+00
0.00000000e+00,3.49785466e-06,6.99746659e-06,1.04950804e-05
0.00000000e+00,2.01043009e-06,4.02277293e-06,6.03288705e-06
0.00000000e+00,3.11370619e-06,6.23074932e-06,9.34399294e-06
0.00000000e+00,1.73282762e-06,3.46737198e-06,5.19995425e-06
0.00000000e+00,1.00284929e-05,2.00633307e-05,3.00908562e-05
0.00000000e+00,9.10021501e-06,1.82057276e-05,2.73051353e-05
0.00000000e+00,8.88242952e-06,1.77706531e-05,2.66523141e-05
0.00000000e+00,5.01373763e-06,1.00337861e-05,1.50465447e-05
0.00000000e+00,7.99712419e-06,1.59990548e-05,2.39955482e-05
0.00000000e+00,4.53669341e-06,9.07856657e-06,1.36144503e-05
0.00000000e+00,4.43983521e-06,8.88539788e-06,1.33244493e-05
0.00000000e+00,3.98701433e-06,7.97875144e-06,1.19651350e-05
0.00000000e+00,1.04936698e-05,2.09945290e-05,3.14871487e-05
0.00000000e+00,1.03969608e-05,2.08009174e-05,3.11968291e-05
0.00000000e+00,9.33779497e-06,1.86821358e-05,2.80191060e-05
0.00000000e+00,5.25481435e-06,1.05168518e-05,1.57706333e-05
0.00000000e+00,9.24144819e-06,1.84892694e-05,2.77298774e-05
0.00000000e+00,5.20441937e-06,1.04158308e-05,1.56191880e-05
0.00000000e+00,4.67515373e-06,9.35688380e-06,1.40312236e-05
0.00000000e+00,4.62507234e-06,9.25651292e-06,1.38807370e-05
0.00000000e+00,1.00285737e-05,2.00631960e-05,3.00908661e-05
0.00000000e+00,1.03970189e-05,2.08008480e-05,3.11968333e-05
0.00000000e+00,8.88250062e-06,1.77705172e-05,2.66523261e-05
0.00000000e+00,5.01375862e-06,1.00336828e-05,1.50465672e-05
0.00000000e+00,9.24149716e-06,1.84891825e-05,2.77298766e-05
0.00000000e+00,5.20442364e-06,1.04157694e-05,1.56192162e-05
0.00000000e+00,4.43984955e-06,8.88530541e-06,1.33244784e-05
0.00000000e+00,4.62508047e-06,9.25644052e-06,1.38807551e-05
0.00000000e+00,7.22368793e-06,1.44509124e-05,2.16740837e-05
0.00000000e+00,9.10028780e-06,1.82055885e-05,2.73051606e-05
0.00000000e+00,6.26955129e-06,1.25424088e-05,1.88115962e-05
0.00000000e+00,3.58450820e-06,7.17261795e-06,1.07566371e-05
0.00000000e+00,7.99717927e-06,1.59989105e-05,2.39955600e-05
0.00000000e+00,4.53669151e-06,9.07848544e-06,1.36144950e-05
0.00000000e+00,3.11371146e-06,6.23067705e-06,9.34402624e-06
0.00000000e+00,3.98700793e-06,7.97867202e-06,1.19651658e-05
0.00000000e+00,0.00000000e+00,0.00000000e+00,0.00000000e+00
0.00000000e+00,4.06412549e-06,8.13011023e-06,1.21939772e-05
0.00000000e+00,0.00000000e+00,0.00000000e+00,0.00000000e+00
0.00000000e+00,0.00000000e+00,0.00000000e+00,0.00000000e+00
0.00000000e+00,3.49787321e-06,6.99743185e-06,1.04951085e-05
0.00000000e+00,2.01043994e-06,4.02273501e-06,6.03291905e-06
0.00000000e+00,0.00000000e+00,0.00000000e+00,0.00000000e+00
0.00000000e+00,1.73282967e-06,3.46734191e-06,5.19998249e-06
0.00000000e+00,0.00000000e+00,0.00000000e+00,0.00000000e+00
0.00000000e+00,9.33576842e-06,1.86762277e-05,2.80111044e-05
0.00000000e+00,0.00000000e+00,0.00000000e+00,0.00000000e+00
0.00000000e+00,0.00000000e+00,0.00000000e+00,0.00000000e+00
0.00000000e+00,5.39620469e-06,1.07947356e-05,1.61904977e-05
0.00000000e+00,8.24182084e-06,1.64878572e-05,2.47289281e-05
0.00000000e+00,4.62643916e-06,9.25732696e-06,1.38828418e-05
0.00000000e+00,0.00000000e+00,0.00000000e+00,0.00000000e+00
0.00000000e+00,4.68852198e-06,9.37918518e-06,1.40673281e-05
0.00000000e+00,2.65994927e-06,5.32216876e-06,7.98163917e-06
0.00000000e+00,4.08654105e-06,8.17714960e-06,1.22629343e-05
0.00000000e+00,2.31533497e-06,4.63275154e-06,6.94769118e-06
0.00000000e+00,1.22872665e-05,2.45821431e-05,3.68680440e-05
0.00000000e+00,1.13586292e-05,2.27236213e-05,3.40810891e-05
0.00000000e+00,1.11659054e-05,2.23387818e-05,3.35035248e-05
0.00000000e+00,6.14682077e-06,1.23011830e-05,1.84465934e-05
0.00000000e+00,1.02230815e-05,2.04519867e-05,3.06740783e-05
0.00000000e+00,5.66534792e-06,1.13369407e-05,1.70010798e-05
0.00000000e+00,5.58410507e-06,1.11751270e-05,1.67580433e-05
0.00000000e+00,5.09713074e-06,1.01999697e-05,1.52960939e-05
0.00000000e+00,1.27448639e-05,2.54982543e-05,3.82415693e-05
0.00000000e+00,1.26533912e-05,2.53150636e-05,3.79669532e-05
0.00000000e+00,1.16300645e-05,2.32679302e-05,3.48966943e-05
0.00000000e+00,6.38355761e-06,1.27757023e-05,1.91577160e-05
0.00000000e+00,1.15352586e-05,2.30781719e-05,3.46121561e-05
0.00000000e+00,6.33608959e-06,1.26805230e-05,1.90150894e-05
0.00000000e+00,5.82471678e-06,1.16573240e-05,1.74807535e-05
0.00000000e+00,5.77531534e-06,1.15582825e-05,1.73323097e-05
0.00000000e+00,1.22873887e-05,2.45820140e-05,3.68680588e-05
0.00000000e+00,1.26534352e-05,2.53149880e-05,3.79669527e-05
0.00000000e+00,1.11660294e-05,2.23386323e-05,3.35035286e-05
0.00000000e+00,6.14684389e-06,1.23010958e-05,1.84466360e-05
0.00000000e+00,1.15353135e-05,2.30780921e-05,3.46121514e-05
0.00000000e+00,6.33608961e-06,1.26804717e-05,1.90151001e-05
0.00000000e+00,5.58412805e-06,1.11750315e-05,1.67580745e-05
0.00000000e+00,5.77531902e-06,1.15582247e-05,1.73323229e-05
0.00000000e+00,9.33591945e-06,1.86760460e-05,2.80111579e-05
0.00000000e+00,1.13587833e-05,2.27234475e-05,3.40811363e-05
0.00000000e+00,8.24190132e-06,1.64877155e-05,2.47289790e-05
0.00000000e+00,4.62642930e-06,9.25723250e-06,1.38829137e-05
0.00000000e+00,1.02232047e-05,2.04518150e-05,3.06740979e-05
0.00000000e+00,5.66538371e-06,1.13368275e-05,1.70011460e-05
0.00000000e+00,4.08653784e-06,8.17706673e-06,1.22629914e-05
0.00000000e+00,5.09715217e-06,1.01998675e-05,1.52961424e-05
0.00000000e+00,0.00000000e+00,0.00000000e+00,0.00000000e+00
0.00000000e+00,5.39629662e-06,1.07946552e-05,1.61905326e-05
0.00000000e+00,0.00000000e+00,0.00000000e+00,0.00000000e+00
0.00000000e+00,0.00000000e+00,0.00000000e+00,0.00000000e+00
0.00000000e+00,4.68858534e-06,9.37912527e-06,1.40673584e-05
0.00000000e+00,2.65995987e-06,5.32212076e-06,7.98167997e-06
0.00000000e+00,0.00000000e+00,0.00000000e+00,0.00000000e+00
0.00000000e+00,2.31534581e-06,4.63270704e-06,6.94772573e-06
0.00000000e+00,0.00000000e+00,0.00000000e+00,0.00000000e+00
0.00000000e+00,1.17319667e-05,2.34693013e-05,3.52001587e-05
0.00000000e+00,0.00000000e+00,0.00000000e+00,0.00000000e+00
0.00000000e+00,0.00000000e+00,0.00000000e+00,0.00000000e+00
0.00000000e+00,7.19678885e-06,1.43962401e-05,2.15924246e-05
0.00000000e+00,1.05086432e-05,2.10223348e-05,3.15299779e-05
0.00000000e+00,5.81636345e-06,1.16379262e-05,1.74530859e-05
0.00000000e+00,0.00000000e+00,0.00000000e+00,0.00000000e+00
0.00000000e+00,6.21379026e-06,1.24301121e-05,1.86433901e-05
0.00000000e+00,3.52686226e-06,7.05637433e-06,1.05825929e-05
0.00000000e+00,5.20718253e-06,1.04191957e-05,1.56253252e-05
0.00000000e+00,3.05536541e-06,6.11319208e-06,9.16799889e-06
0.00000000e+00,1.44649291e-05,2.89386226e-05,4.34017714e-05
0.00000000e+00,1.36065317e-05,2.72204671e-05,4.08254780e-05
0.00000000e+00,1.33883153e-05,2.67848413e-05,4.01715967e-05
0.00000000e+00,7.23870081e-06,1.44861680e-05,2.17229958e-05
0.00000000e+00,1.24945332e-05,2.49959960e-05,3.74892067e-05
0.00000000e+00,6.79921684e-06,1.36057050e-05,2.04033201e-05
0.00000000e+00,6.69997212e-06,1.34080954e-05,2.01064290e-05
0.00000000e+00,6.23634577e-06,1.24794493e-05,1.87143941e-05
0.00000000e+00,1.49065537e-05,2.98229800e-05,4.47275499e-05
0.00000000e+00,1.48272200e-05,2.96641116e-05,4.44893792e-05
0.00000000e+00,1.38379464e-05,2.76850295e-05,4.15212025e-05
0.00000000e+00,7.46646842e-06,1.49429536e-05,2.24073865e-05
0.00000000e+00,1.37501484e-05,2.75092782e-05,4.12577068e-05
0.00000000e+00,7.42614461e-06,1.48620024e-05,2.22861205e-05
0.00000000e+00,6.93168010e-06,1.38726476e-05,2.08025375e-05
0.00000000e+00,6.88583136e-06,1.37806762e-05,2.06647363e-05
0.00000000e+00,1.44650369e-05,2.89384845e-05,4.34018221e-05
0.00000000e+00,1.48272716e-05,2.96640373e-05,4.44893909e-05
0.00000000e+00,1.33884589e-05,2.67846786e-05,4.01716143e-05
0.00000000e+00,7.23873219e-06,1.44860771e-05,2.17230674e-05
0.00000000e+00,1.37502134e-05,2.75091901e-05,4.12577039e-05
0.00000000e+00,7.42613217e-06,1.48619721e-05,2.22861657e-05
0.00000000e+00,6.69999931e-06,1.34080063e-05,2.01064844e-05
0.00000000e+00,6.88583155e-06,1.37806322e-05,2.06647633e-05
0.00000000e+00,1.17321189e-05,2.34691403e-05,3.52002401e-05
0.00000000e+00,1.36067164e-05,2.72202564e-05,4.08255455e-05
0.00000000e+00,1.05088206e-05,2.10221308e-05,3.15300367e-05
0.00000000e+00,5.81637404e-06,1.16378232e-05,1.74531835e-05
0.00000000e+00,1.24947305e-05,2.49957892e-05,3.74892551e-05
0.00000000e+00,6.79923438e-06,1.36056015e-05,2.04034254e-05
0.00000000e+00,5.20719603e-06,1.04190940e-05,1.56254075e-05
0.00000000e+00,6.23638312e-06,1.24793322e-05,1.87144755e-05
0.00000000e+00,0.00000000e+00,0.00000000e+00,0.00000000e+00
0.00000000e+00,7.19688205e-06,1.43961424e-05,2.15924749e-05
0.00000000e+00,0.00000000e+00,0.00000000e+00,0.00000000e+00
0.00000000e+00,0.00000000e+00,0.00000000e+00,0.00000000e+00
0.00000000e+00,6.21390825e-06,1.24300071e-05,1.86434191e-05
0.00000000e+00,3.52690436e-06,7.05629736e-06,1.05826391e-05
0.00000000e+00,0.00000000e+00,0.00000000e+00,0.00000000e+00
0.00000000e+00,3.05539178e-06,6.11313203e-06,9.16804402e-06
0.00000000e+00,0.00000000e+00,0.00000000e+00,0.00000000e+00
0.00000000e+00,1.37585516e-05,2.75229410e-05,4.12800772e-05
0.00000000e+00,0.00000000e+00,0.00000000e+00,0.00000000e+00
0.00000000e+00,0.00000000e+00,0.00000000e+00,0.00000000e+00
0.00000000e+00,9.95970221e-06,1.99223660e-05,2.98813042e-05
0.00000000e+00,1.29400250e-05,2.58856617e-05,3.88244151e-05
0.00000000e+00,7.01137035e-06,1.40287731e-05,2.10386354e-05
0.00000000e+00,0.00000000e+00,0.00000000e+00,0.00000000e+00
0.00000000e+00,8.41676811e-06,1.68363473e-05,2.52524352e-05
0.00000000e+00,5.07006696e-06,1.01431728e-05,1.52124238e-05
0.00000000e+00,6.52525319e-06,1.30560937e-05,1.95800032e-05
0.00000000e+00,4.19514711e-06,8.39313352e-06,1.25875526e-05
0.00000000e+00,1.65446239e-05,3.30991581e-05,4.96415320e-05
0.00000000e+00,1.57202299e-05,3.14486548e-05,4.71669754e-05
0.00000000e+00,1.55429177e-05,3.10951818e-05,4.66360832e-05
0.00000000e+00,8.43253096e-06,1.68752493e-05,2.53053758e-05
0.00000000e+00,1.46601742e-05,2.93281173e-05,4.39865787e-05
0.00000000e+00,8.01352107e-06,1.60354672e-05,2.40469535e-05
0.00000000e+00,7.85723782e-06,1.57239453e-05,2.35790480e-05
0.00000000e+00,7.40742147e-06,1.48226625e-05,2.22282738e-05
0.00000000e+00,1.70134292e-05,3.40383203e-05,5.10493200e-05
0.00000000e+00,1.69195020e-05,3.38500381e-05,5.07670943e-05
0.00000000e+00,1.59710597e-05,3.19527609e-05,4.79216055e-05
0.00000000e+00,8.67187862e-06,1.73554360e-05,2.60246846e-05
0.00000000e+00,1.58766382e-05,3.17635945e-05,4.76380394e-05
0.00000000e+00,8.62449226e-06,1.72603331e-05,2.58822157e-05
0.00000000e+00,8.07575157e-06,1.61623372e-05,2.42357579e-05
0.00000000e+00,8.02852899e-06,1.60675589e-05,2.40937743e-05
0.00000000e+00,1.65445968e-05,3.30991610e-05,4.96416850e-05
0.00000000e+00,1.69194725e-05,3.38500372e-05,5.07671742e-05
0.00000000e+00,1.55429816e-05,3.10950870e-05,4.66361716e-05
0.00000000e+00,8.43256511e-06,1.68751323e-05,2.53054729e-05
0.00000000e+00,1.58766265e-05,3.17635703e-05,4.76380917e-05
0.00000000e+00,8.62451993e-06,1.72602604e-05,2.58822647e-05
0.00000000e+00,7.85726007e-06,1.57238525e-05,2.35791365e-05
0.00000000e+00,8.02853358e-06,1.60675071e-05,2.40938247e-05
0.00000000e+00,1.37585874e-05,2.75228772e-05,4.12802259e-05
0.00000000e+00,1.57202527e-05,3.14485969e-05,4.71671380e-05
0.00000000e+00,1.29401276e-05,2.58855325e-05,3.88245266e-05
0.00000000e+00,7.01140428e-06,1.40286535e-05,2.10387545e-05
0.00000000e+00,1.46602610e-05,2.93279992e-05,4.39867023e-05
0.00000000e+00,8.01357547e-06,1.60353266e-05,2.40470636e-05
0.00000000e+00,6.52527786e-06,1.30559896e-05,1.95801069e-05
0.00000000e+00,7.40745088e-06,1.48225470e-05,2.22283803e-05
0.00000000e+00,0.00000000e+00,0.00000000e+00,0.00000000e+00
0.00000000e+00,9.95970768e-06,1.99223246e-05,2.98813841e-05
0.00000000e+00,0.00000000e+00,0.00000000e+00,0.00000000e+00
0.00000000e+00,0.00000000e+00,0.00000000e+00,0.00000000e+00
0.00000000e+00,8.41682710e-06,1.68362750e-05,2.52524912e-05
0.00000000e+00,5.07007808e-06,1.01431195e-05,1.52124984e-05
0.00000000e+00,0.00000000e+00,0.00000000e+00,0.00000000e+00
0.00000000e+00,4.19516711e-06,8.39307167e-06,1.25876149e-05
0.00000000e+00,0.00000000e+00,0.00000000e+00,0.00000000e+00
0.00000000e+00,1.07014438e-05,2.14067317e-05,3.21076202e-05
0.00000000e+00,0.00000000e+00,0.00000000e+00,0.00000000e+00
0.00000000e+00,6.04550554e-06,1.20929461e-05,1.81381673e-05
0.00000000e+00,9.38287723e-06,1.87692201e-05,2.81516577e-05
0.00000000e+00,5.25521757e-06,1.05121766e-05,1.57671604e-05
0.00000000e+00,1.47179646e-05,2.94422245e-05,4.41592801e-05
0.00000000e+00,1.34022110e-05,2.68096973e-05,4.02111413e-05
0.00000000e+00,1.31638686e-05,2.63335015e-05,3.94966258e-05
0.00000000e+00,1.18975825e-05,2.37999908e-05,3.56969569e-05
0.00000000e+00,1.53719389e-05,3.07507843e-05,4.61216756e-05
0.00000000e+00,1.52369367e-05,3.04807124e-05,4.57166659e-05
0.00000000e+00,1.38060789e-05,2.76185784e-05,4.14238211e-05
0.00000000e+00,1.36713879e-05,2.73490765e-05,4.10196458e-05
0.00000000e+00,1.47181536e-05,2.94420303e-05,4.41592529e-05
0.00000000e+00,1.52370569e-05,3.04806301e-05,4.57166410e-05
0.00000000e+00,1.31639837e-05,2.63333609e-05,3.94966215e-05
0.00000000e+00,1.36714635e-05,2.73490009e-05,4.10196303e-05
0.00000000e+00,1.07015849e-05,2.14065772e-05,3.21076448e-05
0.00000000e+00,1.34023971e-05,2.68094906e-05,4.02111517e-05
0.00000000e+00,9.38295542e-06,1.87691182e-05,2.81516897e-05
0.00000000e+00,1.18977173e-05,2.37998174e-05,3.56969675e-05
0.00000000e+00,0.00000000e+00,0.00000000e+00,0.00000000e+00
0.00000000e+00,6.04558251e-06,1.20928838e-05,1.81381865e-05
0.00000000e+00,0.00000000e+00,0.00000000e+00,0.00000000e+00
0.00000000e+00,5.25525474e-06,1.05121315e-05,1.57671855e-05
0.00000000e+00,0.00000000e+00,0.00000000e+00,0.00000000e+00
0.00000000e+00,1.35910432e-05,2.71868900e-05,4.07771849e-05
0.00000000e+00,0.00000000e+00,0.00000000e+00,0.00000000e+00
0.00000000e+00,7.88507014e-06,1.57725007e-05,2.36571978e-05
0.00000000e+00,1.21007370e-05,2.42057215e-05,3.63058025e-05
0.00000000e+00,6.91162878e-06,1.38253793e-05,2.07366748e-05
0.00000000e+00,1.77808205e-05,3.55690828e-05,5.33486744e-05
0.00000000e+00,1.64671566e-05,3.29406449e-05,4.94067761e-05
0.00000000e+00,1.62598062e-05,3.25264008e-05,4.87851344e-05
0.00000000e+00,1.49289655e-05,2.98636756e-05,4.47917415e-05
0.00000000e+00,1.84298935e-05,3.68677854e-05,5.52961961e-05
0.00000000e+00,1.83008582e-05,3.66097059e-05,5.49091716e-05
0.00000000e+00,1.69139273e-05,3.38352998e-05,5.07479718e-05
0.00000000e+00,1.67810155e-05,3.35693944e-05,5.03492207e-05
0.00000000e+00,1.77811316e-05,3.55687764e-05,5.33485968e-05
0.00000000e+00,1.83010034e-05,3.66095383e-05,5.49091281e-05
0.00000000e+00,1.62600180e-05,3.25261975e-05,4.87851003e-05
0.00000000e+00,1.67811284e-05,3.35692882e-05,5.03491940e-05
0.00000000e+00,1.35913946e-05,2.71866018e-05,4.07771966e-05
0.00000000e+00,1.64674721e-05,3.29403703e-05,4.94067752e-05
0.00000000e+00,1.21009577e-05,2.42055391e-05,3.63058342e-05
0.00000000e+00,1.49292046e-05,2.98634617e-05,4.47917476e-05
0.00000000e+00,0.00000000e+00,0.00000000e+00,0.00000000e+00
0.00000000e+00,7.88525297e-06,1.57723717e-05,2.36572027e-05
0.00000000e+00,0.00000000e+00,0.00000000e+00,0.00000000e+00
0.00000000e+00,6.91174528e-06,1.38252981e-05,2.07366946e-05
0.00000000e+00,0.00000000e+00,0.00000000e+00,0.00000000e+00
0.00000000e+00,1.68063717e-05,3.36183626e-05,5.04238322e-05
0.00000000e+00,0.00000000e+00,0.00000000e+00,0.00000000e+00
0.00000000e+00,1.02964314e-05,2.05956318e-05,3.08916090e-05
0.00000000e+00,1.51740514e-05,3.03532881e-05,4.55265259e-05
0.00000000e+00,8.99325857e-06,1.79890754e-05,2.69819204e-05
0.00000000e+00,2.07451201e-05,4.14987183e-05,6.22423116e-05
0.00000000e+00,1.95120479e-05,3.90314473e-05,5.85422516e-05
0.00000000e+00,1.92780737e-05,3.85640873e-05,5.78407882e-05
0.00000000e+00,1.80034187e-05,3.60136606e-05,5.40159483e-05
0.00000000e+00,2.13816996e-05,4.27724764e-05,6.41523280e-05
0.00000000e+00,2.12679769e-05,4.25450987e-05,6.38113325e-05
0.00000000e+00,1.99205391e-05,3.98496004e-05,5.97684817e-05
0.00000000e+00,1.97952921e-05,3.95991135e-05,5.93928398e-05
0.00000000e+00,2.07454219e-05,4.14984308e-05,6.22422654e-05
0.00000000e+00,2.12681315e-05,4.25449187e-05,6.38112862e-05
0.00000000e+00,1.92783754e-05,3.85637947e-05,5.78407330e-05
0.00000000e+00,1.97954361e-05,3.95989449e-05,5.93927989e-05
0.00000000e+00,1.68068841e-05,3.36179668e-05,5.04238271e-05
0.00000000e+00,1.95124639e-05,3.90311182e-05,5.85422546e-05
0.00000000e+00,1.51744846e-05,3.03529534e-05,4.55265293e-05
0.00000000e+00,1.80037816e-05,3.60133571e-05,5.40159489e-05
0.00000000e+00,0.00000000e+00,0.00000000e+00,0.00000000e+00
0.00000000e+00,1.02966567e-05,2.05954620e-05,3.08916210e-05
0.00000000e+00,0.00000000e+00,0.00000000e+00,0.00000000e+00
0.00000000e+00,8.99346954e-06,1.79889238e-05,2.69819312e-05
0.00000000e+00,0.00000000e+00,0.00000000e+00,0.00000000e+00
0.00000000e+00,1.99819673e-05,3.99698178e-05,5.99505866e-05
0.00000000e+00,0.00000000e+00,0.00000000e+00,0.00000000e+00
0.00000000e+00,1.44477393e-05,2.88983900e-05,4.33455034e-05
0.00000000e+00,1.86754540e-05,3.73566538e-05,5.60310752e-05
0.00000000e+00,1.21256879e-05,2.42542299e-05,3.63793793e-05
0.00000000e+00,2.40230585e-05,4.80554629e-05,7.20765602e-05
0.00000000e+00,2.28221816e-05,4.56522303e-05,6.84727725e-05
0.00000000e+00,2.24410630e-05,4.48910895e-05,6.73304160e-05
0.00000000e+00,2.11626933e-05,4.23330332e-05,6.34943046e-05
0.00000000e+00,2.47034230e-05,4.94174182e-05,7.41186605e-05
0.00000000e+00,2.45672667e-05,4.91448160e-05,7.37099227e-05
0.00000000e+00,2.30602639e-05,4.61303614e-05,6.91886089e-05
0.00000000e+00,2.29239914e-05,4.58576813e-05,6.87797214e-05
0.00000000e+00,2.40231749e-05,4.80553309e-05,7.20766252e-05
0.00000000e+00,2.45672542e-05,4.91447621e-05,7.37099613e-05
0.00000000e+00,2.24412889e-05,4.48908659e-05,6.73304186e-05
0.00000000e+00,2.29241013e-05,4.58575324e-05,6.87797021e-05
0.00000000e+00,1.99822120e-05,3.99696320e-05,5.99507002e-05
0.00000000e+00,2.28223359e-05,4.56520911e-05,6.84728986e-05
0.00000000e+00,1.86758325e-05,3.73563608e-05,5.60311219e-05
0.00000000e+00,2.11630264e-05,4.23327612e-05,6.34943461e-05
0.00000000e+00,0.00000000e+00,0.00000000e+00,0.00000000e+00
0.00000000e+00,1.44478559e-05,2.88982818e-05,4.33455405e-05
0.00000000e+00,0.00000000e+00,0.00000000e+00,0.00000000e+00
0.00000000e+00,1.21258720e-05,2.42540776e-05,3.63794005e-05
