$MeshFormat
2.2 0 8
$EndMeshFormat
$PhysicalNames
3
0 1 "bc-top"
0 2 "bc-bot"
3 3 "vol"
$EndPhysicalNames
$Nodes
7393
1 -0.0018 -0.0018 -0.0018
2 -0.0018 -0.0018 0
3 -0.0018 -0.0018 0.0018
4 -0.0018 0 -0.0018
5 -0.0018 0 0
6 -0.0018 0 0.0018
7 -0.0018 0.0018 -0.0018
8 -0.0018 0.0018 0
9 -0.0018 0.0018 0.0018
10 0 -0.0018 -0.0018
11 0 -0.0018 0
12 0 -0.0018 0.0018
13 0 0 -0.0018
14 0 0 0
15 0 0 0.0018
16 0 0.0018 -0.0018
17 0 0.0018 0
18 0 0.0018 0.0018
19 0.0018 -0.0018 -0.0018
20 0.0018 -0.0018 0
21 0.0018 -0.0018 0.0018
22 0.0018 0 -0.0018
23 0.0018 0 0
24 0.0018 0 0.0018
25 0.0018 0.0018 -0.0018
26 0.0018 0.0018 0
27 0.0018 0.0018 0.0018
28 -0.002886751345948129 -0.002886751345948129 -0.002886751345948129
29 -0.003535533905932737 -0.003535533905932737 0
30 -0.002886751345948129 -0.002886751345948129 0.002886751345948129
31 -0.003535533905932737 0 -0.003535533905932737
32 -0.005 0 0
33 -0.003535533905932737 0 0.003535533905932737
34 -0.002886751345948129 0.002886751345948129 -0.002886751345948129
35 -0.003535533905932737 0.003535533905932737 0
36 -0.002886751345948129 0.002886751345948129 0.002886751345948129
37 0 -0.003535533905932737 -0.003535533905932737
38 0 -0.005 0
39 0 -0.003535533905932737 0.003535533905932737
40 0 0 -0.005
41 0 0 0.005
42 0 0.003535533905932737 -0.003535533905932737
43 0 0.005 0
44 0 0.003535533905932737 0.003535533905932737
45 0.002886751345948129 -0.002886751345948129 -0.002886751345948129
46 0.003535533905932737 -0.003535533905932737 0
47 0.002886751345948129 -0.002886751345948129 0.002886751345948129
48 0.003535533905932737 0 -0.003535533905932737
49 0.005 0 0
50 0.003535533905932737 0 0.003535533905932737
51 0.002886751345948129 0.002886751345948129 -0.002886751345948129
52 0.003535533905932737 0.003535533905932737 0
53 0.002886751345948129 0.002886751345948129 0.002886751345948129
54 -0.0018 -0.0018 -0.001200000000001385
55 -0.0018 -0.0018 -0.0006000000000014976
56 -0.0018 -0.0018 -0.001500000000000698
57 -0.0018 -0.0018 -0.0009000000000024419
58 -0.0018 -0.0018 -0.0003000000000007352
59 -0.001200000000001385 -0.0018 0
60 -0.0006000000000014976 -0.0018 0
61 -0.001500000000000698 -0.0018 0
62 -0.0009000000000024419 -0.0018 0
63 -0.0003000000000007352 -0.0018 0
64 0 -0.0018 -0.0005999999999984991
65 0 -0.0018 -0.001199999999998519
66 0 -0.0018 -0.0002999999999993633
67 0 -0.0018 -0.0008999999999979249
68 0 -0.0018 -0.001499999999999297
69 -0.0005999999999984991 -0.0018 -0.0018
70 -0.001199999999998519 -0.0018 -0.0018
71 -0.0002999999999993633 -0.0018 -0.0018
72 -0.0008999999999979249 -0.0018 -0.0018
73 -0.001499999999999297 -0.0018 -0.0018
74 -0.001200000000001385 0 -0.0018
75 -0.0006000000000014976 0 -0.0018
76 -0.001500000000000698 0 -0.0018
77 -0.0009000000000024419 0 -0.0018
78 -0.0003000000000007352 0 -0.0018
79 0 0 -0.001200000000001385
80 0 0 -0.0006000000000014976
81 0 0 -0.001500000000000698
82 0 0 -0.0009000000000024419
83 0 0 -0.0003000000000007352
84 -0.0005999999999984991 0 0
85 -0.001199999999998519 0 0
86 -0.0002999999999993633 0 0
87 -0.0008999999999979249 0 0
88 -0.001499999999999297 0 0
89 -0.0018 0 -0.0005999999999984991
90 -0.0018 0 -0.001199999999998519
91 -0.0018 0 -0.0002999999999993633
92 -0.0018 0 -0.0008999999999979249
93 -0.0018 0 -0.001499999999999297
94 0 -0.001200000000001385 -0.0018
95 0 -0.0006000000000014976 -0.0018
96 0 -0.001500000000000698 -0.0018
97 0 -0.0009000000000024419 -0.0018
98 0 -0.0003000000000007352 -0.0018
99 -0.0018 -0.0005999999999984991 -0.0018
100 -0.0018 -0.001199999999998519 -0.0018
101 -0.0018 -0.0002999999999993633 -0.0018
102 -0.0018 -0.0008999999999979249 -0.0018
103 -0.0018 -0.001499999999999297 -0.0018
104 0 -0.001200000000001385 0
105 0 -0.0006000000000014976 0
106 0 -0.001500000000000698 0
107 0 -0.0009000000000024419 0
108 0 -0.0003000000000007352 0
109 -0.0018 -0.001200000000001385 0
110 -0.0018 -0.0006000000000014976 0
111 -0.0018 -0.001500000000000698 0
112 -0.0018 -0.0009000000000024419 0
113 -0.0018 -0.0003000000000007352 0
114 -0.0018 -0.0018 0.0005999999999984991
115 -0.0018 -0.0018 0.001199999999998519
116 -0.0018 -0.0018 0.0002999999999993633
117 -0.0018 -0.0018 0.0008999999999979249
118 -0.0018 -0.0018 0.001499999999999297
119 -0.001200000000001385 -0.0018 0.0018
120 -0.0006000000000014976 -0.0018 0.0018
121 -0.001500000000000698 -0.0018 0.0018
122 -0.0009000000000024419 -0.0018 0.0018
123 -0.0003000000000007352 -0.0018 0.0018
124 0 -0.0018 0.001200000000001385
125 0 -0.0018 0.0006000000000014976
126 0 -0.0018 0.001500000000000698
127 0 -0.0018 0.0009000000000024419
128 0 -0.0018 0.0003000000000007352
129 0 0 0.0005999999999984991
130 0 0 0.001199999999998519
131 0 0 0.0002999999999993633
132 0 0 0.0008999999999979249
133 0 0 0.001499999999999297
134 -0.0005999999999984991 0 0.0018
135 -0.001199999999998519 0 0.0018
136 -0.0002999999999993633 0 0.0018
137 -0.0008999999999979249 0 0.0018
138 -0.001499999999999297 0 0.0018
139 -0.0018 0 0.001200000000001385
140 -0.0018 0 0.0006000000000014976
141 -0.0018 0 0.001500000000000698
142 -0.0018 0 0.0009000000000024419
143 -0.0018 0 0.0003000000000007352
144 0 -0.001200000000001385 0.0018
145 0 -0.0006000000000014976 0.0018
146 0 -0.001500000000000698 0.0018
147 0 -0.0009000000000024419 0.0018
148 0 -0.0003000000000007352 0.0018
149 -0.0018 -0.001200000000001385 0.0018
150 -0.0018 -0.0006000000000014976 0.0018
151 -0.0018 -0.001500000000000698 0.0018
152 -0.0018 -0.0009000000000024419 0.0018
153 -0.0018 -0.0003000000000007352 0.0018
154 -0.001200000000001385 0.0018 -0.0018
155 -0.0006000000000014976 0.0018 -0.0018
156 -0.001500000000000698 0.0018 -0.0018
157 -0.0009000000000024419 0.0018 -0.0018
158 -0.0003000000000007352 0.0018 -0.0018
159 0 0.0018 -0.001200000000001385
160 0 0.0018 -0.0006000000000014976
161 0 0.0018 -0.001500000000000698
162 0 0.0018 -0.0009000000000024419
163 0 0.0018 -0.0003000000000007352
164 -0.0005999999999984991 0.0018 0
165 -0.001199999999998519 0.0018 0
166 -0.0002999999999993633 0.0018 0
167 -0.0008999999999979249 0.0018 0
168 -0.001499999999999297 0.0018 0
169 -0.0018 0.0018 -0.0005999999999984991
170 -0.0018 0.0018 -0.001199999999998519
171 -0.0018 0.0018 -0.0002999999999993633
172 -0.0018 0.0018 -0.0008999999999979249
173 -0.0018 0.0018 -0.001499999999999297
174 0 0.0005999999999984991 -0.0018
175 0 0.001199999999998519 -0.0018
176 0 0.0002999999999993633 -0.0018
177 0 0.0008999999999979249 -0.0018
178 0 0.001499999999999297 -0.0018
179 -0.0018 0.001200000000001385 -0.0018
180 -0.0018 0.0006000000000014976 -0.0018
181 -0.0018 0.001500000000000698 -0.0018
182 -0.0018 0.0009000000000024419 -0.0018
183 -0.0018 0.0003000000000007352 -0.0018
184 0 0.0005999999999984991 0
185 0 0.001199999999998519 0
186 0 0.0002999999999993633 0
187 0 0.0008999999999979249 0
188 0 0.001499999999999297 0
189 -0.0018 0.0005999999999984991 0
190 -0.0018 0.001199999999998519 0
191 -0.0018 0.0002999999999993633 0
192 -0.0018 0.0008999999999979249 0
193 -0.0018 0.001499999999999297 0
194 0 0.0018 0.0005999999999984991
195 0 0.0018 0.001199999999998519
196 0 0.0018 0.0002999999999993633
197 0 0.0018 0.0008999999999979249
198 0 0.0018 0.001499999999999297
199 -0.0005999999999984991 0.0018 0.0018
200 -0.001199999999998519 0.0018 0.0018
201 -0.0002999999999993633 0.0018 0.0018
202 -0.0008999999999979249 0.0018 0.0018
203 -0.001499999999999297 0.0018 0.0018
204 -0.0018 0.0018 0.001200000000001385
205 -0.0018 0.0018 0.0006000000000014976
206 -0.0018 0.0018 0.001500000000000698
207 -0.0018 0.0018 0.0009000000000024419
208 -0.0018 0.0018 0.0003000000000007352
209 0 0.0005999999999984991 0.0018
210 0 0.001199999999998519 0.0018
211 0 0.0002999999999993633 0.0018
212 0 0.0008999999999979249 0.0018
213 0 0.001499999999999297 0.0018
214 -0.0018 0.0005999999999984991 0.0018
215 -0.0018 0.001199999999998519 0.0018
216 -0.0018 0.0002999999999993633 0.0018
217 -0.0018 0.0008999999999979249 0.0018
218 -0.0018 0.001499999999999297 0.0018
219 0.0005999999999984991 -0.0018 0
220 0.001199999999998519 -0.0018 0
221 0.0002999999999993633 -0.0018 0
222 0.0008999999999979249 -0.0018 0
223 0.001499999999999297 -0.0018 0
224 0.0018 -0.0018 -0.0005999999999984991
225 0.0018 -0.0018 -0.001199999999998519
226 0.0018 -0.0018 -0.0002999999999993633
227 0.0018 -0.0018 -0.0008999999999979249
228 0.0018 -0.0018 -0.001499999999999297
229 0.001200000000001385 -0.0018 -0.0018
230 0.0006000000000014976 -0.0018 -0.0018
231 0.001500000000000698 -0.0018 -0.0018
232 0.0009000000000024419 -0.0018 -0.0018
233 0.0003000000000007352 -0.0018 -0.0018
234 0.0005999999999984991 0 -0.0018
235 0.001199999999998519 0 -0.0018
236 0.0002999999999993633 0 -0.0018
237 0.0008999999999979249 0 -0.0018
238 0.001499999999999297 0 -0.0018
239 0.0018 0 -0.001200000000001385
240 0.0018 0 -0.0006000000000014976
241 0.0018 0 -0.001500000000000698
242 0.0018 0 -0.0009000000000024419
243 0.0018 0 -0.0003000000000007352
244 0.001200000000001385 0 0
245 0.0006000000000014976 0 0
246 0.001500000000000698 0 0
247 0.0009000000000024419 0 0
248 0.0003000000000007352 0 0
249 0.0018 -0.001200000000001385 -0.0018
250 0.0018 -0.0006000000000014976 -0.0018
251 0.0018 -0.001500000000000698 -0.0018
252 0.0018 -0.0009000000000024419 -0.0018
253 0.0018 -0.0003000000000007352 -0.0018
254 0.0018 -0.001200000000001385 0
255 0.0018 -0.0006000000000014976 0
256 0.0018 -0.001500000000000698 0
257 0.0018 -0.0009000000000024419 0
258 0.0018 -0.0003000000000007352 0
259 0.0005999999999984991 -0.0018 0.0018
260 0.001199999999998519 -0.0018 0.0018
261 0.0002999999999993633 -0.0018 0.0018
262 0.0008999999999979249 -0.0018 0.0018
263 0.001499999999999297 -0.0018 0.0018
264 0.0018 -0.0018 0.001200000000001385
265 0.0018 -0.0018 0.0006000000000014976
266 0.0018 -0.0018 0.001500000000000698
267 0.0018 -0.0018 0.0009000000000024419
268 0.0018 -0.0018 0.0003000000000007352
269 0.0018 0 0.0005999999999984991
270 0.0018 0 0.001199999999998519
271 0.0018 0 0.0002999999999993633
272 0.0018 0 0.0008999999999979249
273 0.0018 0 0.001499999999999297
274 0.001200000000001385 0 0.0018
275 0.0006000000000014976 0 0.0018
276 0.001500000000000698 0 0.0018
277 0.0009000000000024419 0 0.0018
278 0.0003000000000007352 0 0.0018
279 0.0018 -0.001200000000001385 0.0018
280 0.0018 -0.0006000000000014976 0.0018
281 0.0018 -0.001500000000000698 0.0018
282 0.0018 -0.0009000000000024419 0.0018
283 0.0018 -0.0003000000000007352 0.0018
284 0.0005999999999984991 0.0018 -0.0018
285 0.001199999999998519 0.0018 -0.0018
286 0.0002999999999993633 0.0018 -0.0018
287 0.0008999999999979249 0.0018 -0.0018
288 0.001499999999999297 0.0018 -0.0018
289 0.0018 0.0018 -0.001200000000001385
290 0.0018 0.0018 -0.0006000000000014976
291 0.0018 0.0018 -0.001500000000000698
292 0.0018 0.0018 -0.0009000000000024419
293 0.0018 0.0018 -0.0003000000000007352
294 0.001200000000001385 0.0018 0
295 0.0006000000000014976 0.0018 0
296 0.001500000000000698 0.0018 0
297 0.0009000000000024419 0.0018 0
298 0.0003000000000007352 0.0018 0
299 0.0018 0.0005999999999984991 -0.0018
300 0.0018 0.001199999999998519 -0.0018
301 0.0018 0.0002999999999993633 -0.0018
302 0.0018 0.0008999999999979249 -0.0018
303 0.0018 0.001499999999999297 -0.0018
304 0.0018 0.0005999999999984991 0
305 0.0018 0.001199999999998519 0
306 0.0018 0.0002999999999993633 0
307 0.0018 0.0008999999999979249 0
308 0.0018 0.001499999999999297 0
309 0.0018 0.0018 0.0005999999999984991
310 0.0018 0.0018 0.001199999999998519
311 0.0018 0.0018 0.0002999999999993633
312 0.0018 0.0018 0.0008999999999979249
313 0.0018 0.0018 0.001499999999999297
314 0.001200000000001385 0.0018 0.0018
315 0.0006000000000014976 0.0018 0.0018
316 0.001500000000000698 0.0018 0.0018
317 0.0009000000000024419 0.0018 0.0018
318 0.0003000000000007352 0.0018 0.0018
319 0.0018 0.0005999999999984991 0.0018
320 0.0018 0.001199999999998519 0.0018
321 0.0018 0.0002999999999993633 0.0018
322 0.0018 0.0008999999999979249 0.0018
323 0.0018 0.001499999999999297 0.0018
324 -0.001994513038475073 0.003242060898514473 -0.003242060898514473
325 -0.001018618557530307 0.003461388177758665 -0.003461388177758665
326 -0.002453529689255956 0.003080599946758715 -0.003080599946758715
327 -0.001514527228316774 0.003369436694366517 -0.003369436694366517
328 -0.0005120007189232975 0.003516948625145244 -0.003516948625145244
329 0 0.004330127020972021 -0.002499999996449596
330 0 0.004829629132313571 -0.001294095222272327
331 0 0.003966766702695718 -0.003043807143428201
332 0 0.004619397664747183 -0.001913417156536516
333 0 0.00495722430715278 -0.0006526309589451255
334 -0.001294095228773301 0.004829629130571641 0
335 -0.002500000003038447 0.004330127017167945 0
336 -0.000652630962676237 0.004957224306661571 0
337 -0.001913417167011211 0.004619397660408421 0
338 -0.003043807145898384 0.00396676670080028 0
339 -0.003461388176988074 0.003461388176988074 -0.001018618562767421
340 -0.00324206089676951 0.00324206089676951 -0.001994513044147911
341 -0.003516948624986188 0.003516948624986188 -0.000512000721108404
342 -0.00336943669229144 0.00336943669229144 -0.001514527237549805
343 -0.003080599945498792 0.003080599945498792 -0.002453529692419817
344 0 0.002378511301975912 -0.002378511301975912
345 0 0.002957022603953492 -0.002957022603953492
346 0 0.002089255650987821 -0.002089255650987821
347 0 0.002667766952963883 -0.002667766952963883
348 0 0.003246278254943516 -0.003246278254943516
349 -0.002524500897299968 0.002524500897299968 -0.002524500897299968
350 -0.002162250448650309 0.002162250448650309 -0.002162250448650309
351 -0.002705626121623145 0.002705626121623145 -0.002705626121623145
352 -0.002343375672975541 0.002343375672975541 -0.002343375672975541
353 -0.001981125224325155 0.001981125224325155 -0.001981125224325155
354 0 0.002866666666663871 0
355 0 0.003933333333330255 0
356 0 0.002333333333332203 0
357 0 0.003399999999995433 0
358 0 0.004466666666666076 0
359 -0.002378511301975912 0.002378511301975912 0
360 -0.002957022603953492 0.002957022603953492 0
361 -0.002089255650987821 0.002089255650987821 0
362 -0.002667766952963883 0.002667766952963883 0
363 -0.003246278254943516 0.003246278254943516 0
364 0 0.004829629130571641 0.001294095228773301
365 0 0.004330127017167945 0.002500000003038447
366 0 0.004957224306661571 0.000652630962676237
367 0 0.004619397660408421 0.001913417167011211
368 0 0.00396676670080028 0.003043807145898384
369 -0.001018618562767421 0.003461388176988074 0.003461388176988074
370 -0.001994513044147911 0.00324206089676951 0.00324206089676951
371 -0.000512000721264942 0.003516948624974793 0.003516948624974793
372 -0.001514527236587953 0.003369436692507612 0.003369436692507612
373 -0.002453529692419817 0.003080599945498792 0.003080599945498792
374 -0.003242060898465351 0.003242060898465351 0.001994513038634766
375 -0.003461388177842105 0.003461388177842105 0.001018618556963224
376 -0.003080599946697774 0.003080599946697774 0.002453529689408987
377 -0.003369436694247034 0.003369436694247034 0.001514527228848412
378 -0.003516948625147795 0.003516948625147795 0.0005120007188882478
379 0 0.002378511301975912 0.002378511301975912
380 0 0.002957022603953492 0.002957022603953492
381 0 0.002089255650987821 0.002089255650987821
382 0 0.002667766952963883 0.002667766952963883
383 0 0.003246278254943516 0.003246278254943516
384 -0.002162250448648106 0.002162250448648106 0.002162250448648106
385 -0.002524500897297793 0.002524500897297793 0.002524500897297793
386 -0.001981125224324031 0.001981125224324031 0.001981125224324031
387 -0.002343375672972424 0.002343375672972424 0.002343375672972424
388 -0.002705626121623096 0.002705626121623096 0.002705626121623096
389 0.001018618562767421 0.003461388176988074 -0.003461388176988074
390 0.001994513044147911 0.00324206089676951 -0.00324206089676951
391 0.000512000721264942 0.003516948624974793 -0.003516948624974793
392 0.001514527236587953 0.003369436692507612 -0.003369436692507612
393 0.002453529692419817 0.003080599945498792 -0.003080599945498792
394 0.003242060898465351 0.003242060898465351 -0.001994513038634766
395 0.003461388177842105 0.003461388177842105 -0.001018618556963224
396 0.003080599946697774 0.003080599946697774 -0.002453529689408987
397 0.003369436694247034 0.003369436694247034 -0.001514527228848412
398 0.003516948625147795 0.003516948625147795 -0.0005120007188882478
399 0.002499999996449596 0.004330127020972021 0
400 0.001294095222272327 0.004829629132313571 0
401 0.003043807143428201 0.003966766702695718 0
402 0.001913417156536516 0.004619397664747183 0
403 0.0006526309589451255 0.00495722430715278 0
404 0.002162250448648106 0.002162250448648106 -0.002162250448648106
405 0.002524500897297793 0.002524500897297793 -0.002524500897297793
406 0.001981125224324031 0.001981125224324031 -0.001981125224324031
407 0.002343375672972424 0.002343375672972424 -0.002343375672972424
408 0.002705626121623096 0.002705626121623096 -0.002705626121623096
409 0.002378511301975912 0.002378511301975912 0
410 0.002957022603953492 0.002957022603953492 0
411 0.002089255650987821 0.002089255650987821 0
412 0.002667766952963883 0.002667766952963883 0
413 0.003246278254943516 0.003246278254943516 0
414 0.003461388176988074 0.003461388176988074 0.001018618562767421
415 0.00324206089676951 0.00324206089676951 0.001994513044147911
416 0.003516948624986188 0.003516948624986188 0.000512000721108404
417 0.00336943669229144 0.00336943669229144 0.001514527237549805
418 0.003080599945498792 0.003080599945498792 0.002453529692419817
419 0.001994513038475073 0.003242060898514473 0.003242060898514473
420 0.001018618557530307 0.003461388177758665 0.003461388177758665
421 0.002453529689255956 0.003080599946758715 0.003080599946758715
422 0.001514527228316774 0.003369436694366517 0.003369436694366517
423 0.0005120007189232975 0.003516948625145244 0.003516948625145244
424 0.002162250448648106 0.002162250448648106 0.002162250448648106
425 0.002524500897297793 0.002524500897297793 0.002524500897297793
426 0.001981125224324031 0.001981125224324031 0.001981125224324031
427 0.002343375672972424 0.002343375672972424 0.002343375672972424
428 0.002705626121623096 0.002705626121623096 0.002705626121623096
429 -0.003242060898465351 -0.003242060898465351 -0.001994513038634766
430 -0.003461388177842105 -0.003461388177842105 -0.001018618556963224
431 -0.003080599946697774 -0.003080599946697774 -0.002453529689408987
432 -0.003369436694247034 -0.003369436694247034 -0.001514527228848412
433 -0.003516948625147795 -0.003516948625147795 -0.0005120007188882478
434 -0.002499999996449596 -0.004330127020972021 0
435 -0.001294095222272327 -0.004829629132313571 0
436 -0.003043807143428201 -0.003966766702695718 0
437 -0.001913417156536516 -0.004619397664747183 0
438 -0.0006526309589451255 -0.00495722430715278 0
439 0 -0.004829629130571641 -0.001294095228773301
440 0 -0.004330127017167945 -0.002500000003038447
441 0 -0.004957224306661571 -0.000652630962676237
442 0 -0.004619397660408421 -0.001913417167011211
443 0 -0.00396676670080028 -0.003043807145898384
444 -0.001018618562767421 -0.003461388176988074 -0.003461388176988074
445 -0.001994513044147911 -0.00324206089676951 -0.00324206089676951
446 -0.000512000721264942 -0.003516948624974793 -0.003516948624974793
447 -0.001514527236587953 -0.003369436692507612 -0.003369436692507612
448 -0.002453529692419817 -0.003080599945498792 -0.003080599945498792
449 0 -0.002957022603956203 -0.002957022603956203
450 0 -0.002378511301978907 -0.002378511301978907
451 0 -0.003246278254944227 -0.003246278254944227
452 0 -0.00266776695296815 -0.00266776695296815
453 0 -0.002089255650990049 -0.002089255650990049
454 -0.002162250448648106 -0.002162250448648106 -0.002162250448648106
455 -0.002524500897297793 -0.002524500897297793 -0.002524500897297793
456 -0.001981125224324031 -0.001981125224324031 -0.001981125224324031
457 -0.002343375672972424 -0.002343375672972424 -0.002343375672972424
458 -0.002705626121623096 -0.002705626121623096 -0.002705626121623096
459 0 -0.003933333333336326 0
460 0 -0.002866666666669631 0
461 0 -0.004466666666667677 0
462 0 -0.003400000000003189 0
463 0 -0.002333333333334815 0
464 -0.002957022603956203 -0.002957022603956203 0
465 -0.002378511301978907 -0.002378511301978907 0
466 -0.003246278254944227 -0.003246278254944227 0
467 -0.00266776695296815 -0.00266776695296815 0
468 -0.002089255650990049 -0.002089255650990049 0
469 -0.003461388176988074 -0.003461388176988074 0.001018618562767421
470 -0.00324206089676951 -0.00324206089676951 0.001994513044147911
471 -0.003516948624986188 -0.003516948624986188 0.000512000721108404
472 -0.00336943669229144 -0.00336943669229144 0.001514527237549805
473 -0.003080599945498792 -0.003080599945498792 0.002453529692419817
474 -0.001994513038475073 -0.003242060898514473 0.003242060898514473
475 -0.001018618557530307 -0.003461388177758665 0.003461388177758665
476 -0.002453529689255956 -0.003080599946758715 0.003080599946758715
477 -0.001514527228316774 -0.003369436694366517 0.003369436694366517
478 -0.0005120007189232975 -0.003516948625145244 0.003516948625145244
479 0 -0.004330127020972021 0.002499999996449596
480 0 -0.004829629132313571 0.001294095222272327
481 0 -0.003966766702695718 0.003043807143428201
482 0 -0.004619397664747183 0.001913417156536516
483 0 -0.00495722430715278 0.0006526309589451255
484 0 -0.002957022603956203 0.002957022603956203
485 0 -0.002378511301978907 0.002378511301978907
486 0 -0.003246278254944227 0.003246278254944227
487 0 -0.00266776695296815 0.00266776695296815
488 0 -0.002089255650990049 0.002089255650990049
489 -0.002524500897299968 -0.002524500897299968 0.002524500897299968
490 -0.002162250448650309 -0.002162250448650309 0.002162250448650309
491 -0.002705626121623145 -0.002705626121623145 0.002705626121623145
492 -0.002343375672975541 -0.002343375672975541 0.002343375672975541
493 -0.001981125224325155 -0.001981125224325155 0.001981125224325155
494 0.001294095228773301 -0.004829629130571641 0
495 0.002500000003038447 -0.004330127017167945 0
496 0.000652630962676237 -0.004957224306661571 0
497 0.001913417167011211 -0.004619397660408421 0
498 0.003043807145898384 -0.00396676670080028 0
499 0.003461388176988074 -0.003461388176988074 -0.001018618562767421
500 0.00324206089676951 -0.00324206089676951 -0.001994513044147911
501 0.003516948624986188 -0.003516948624986188 -0.000512000721108404
502 0.00336943669229144 -0.00336943669229144 -0.001514527237549805
503 0.003080599945498792 -0.003080599945498792 -0.002453529692419817
504 0.001994513038475073 -0.003242060898514473 -0.003242060898514473
505 0.001018618557530307 -0.003461388177758665 -0.003461388177758665
506 0.002453529689255956 -0.003080599946758715 -0.003080599946758715
507 0.001514527228316774 -0.003369436694366517 -0.003369436694366517
508 0.0005120007189232975 -0.003516948625145244 -0.003516948625145244
509 0.002524500897299968 -0.002524500897299968 -0.002524500897299968
510 0.002162250448650309 -0.002162250448650309 -0.002162250448650309
511 0.002705626121623145 -0.002705626121623145 -0.002705626121623145
512 0.002343375672975541 -0.002343375672975541 -0.002343375672975541
513 0.001981125224325155 -0.001981125224325155 -0.001981125224325155
514 0.002957022603956203 -0.002957022603956203 0
515 0.002378511301978907 -0.002378511301978907 0
516 0.003246278254944227 -0.003246278254944227 0
517 0.00266776695296815 -0.00266776695296815 0
518 0.002089255650990049 -0.002089255650990049 0
519 0.001018618562767421 -0.003461388176988074 0.003461388176988074
520 0.001994513044147911 -0.00324206089676951 0.00324206089676951
521 0.000512000721264942 -0.003516948624974793 0.003516948624974793
522 0.001514527236587953 -0.003369436692507612 0.003369436692507612
523 0.002453529692419817 -0.003080599945498792 0.003080599945498792
524 0.003242060898465351 -0.003242060898465351 0.001994513038634766
525 0.003461388177842105 -0.003461388177842105 0.001018618556963224
526 0.003080599946697774 -0.003080599946697774 0.002453529689408987
527 0.003369436694247034 -0.003369436694247034 0.001514527228848412
528 0.003516948625147795 -0.003516948625147795 0.0005120007188882478
529 0.002524500897299968 -0.002524500897299968 0.002524500897299968
530 0.002162250448650309 -0.002162250448650309 0.002162250448650309
531 0.002705626121623145 -0.002705626121623145 0.002705626121623145
532 0.002343375672975541 -0.002343375672975541 0.002343375672975541
533 0.001981125224325155 -0.001981125224325155 0.001981125224325155
534 0 -0.002499999996449596 0.004330127020972021
535 0 -0.001294095222272327 0.004829629132313571
536 0 -0.003043807143428201 0.003966766702695718
537 0 -0.001913417156536516 0.004619397664747183
538 0 -0.0006526309589451255 0.00495722430715278
539 -0.001294095228773301 0 0.004829629130571641
540 -0.002500000003038447 0 0.004330127017167945
541 -0.000652630962676237 0 0.004957224306661571
542 -0.001913417167011211 0 0.004619397660408421
543 -0.003043807145898384 0 0.00396676670080028
544 -0.003461388176988074 -0.001018618562767421 0.003461388176988074
545 -0.00324206089676951 -0.001994513044147911 0.00324206089676951
546 -0.003516948624974793 -0.000512000721264942 0.003516948624974793
547 -0.003369436692507612 -0.001514527236587953 0.003369436692507612
548 -0.003080599945498792 -0.002453529692419817 0.003080599945498792
549 0 0 0.002866666666663871
550 0 0 0.003933333333330255
551 0 0 0.002333333333332203
552 0 0 0.003399999999995433
553 0 0 0.004466666666666076
554 -0.002378511301975912 0 0.002378511301975912
555 -0.002957022603953492 0 0.002957022603953492
556 -0.002089255650987821 0 0.002089255650987821
557 -0.002667766952963883 0 0.002667766952963883
558 -0.003246278254943516 0 0.003246278254943516
559 0 0.001294095228773301 0.004829629130571641
560 0 0.002500000003038447 0.004330127017167945
561 0 0.000652630962676237 0.004957224306661571
562 0 0.001913417167011211 0.004619397660408421
563 0 0.003043807145898384 0.00396676670080028
564 -0.003242060898514473 0.001994513038475073 0.003242060898514473
565 -0.003461388177758665 0.001018618557530307 0.003461388177758665
566 -0.003080599946758715 0.002453529689255956 0.003080599946758715
567 -0.003369436694366517 0.001514527228316774 0.003369436694366517
568 -0.003516948625145244 0.0005120007189232975 0.003516948625145244
569 0.003242060898514473 -0.001994513038475073 0.003242060898514473
570 0.003461388177758665 -0.001018618557530307 0.003461388177758665
571 0.003080599946758715 -0.002453529689255956 0.003080599946758715
572 0.003369436694366517 -0.001514527228316774 0.003369436694366517
573 0.003516948625145244 -0.0005120007189232975 0.003516948625145244
574 0.002499999996449596 0 0.004330127020972021
575 0.001294095222272327 0 0.004829629132313571
576 0.003043807143428201 0 0.003966766702695718
577 0.001913417156536516 0 0.004619397664747183
578 0.0006526309589451255 0 0.00495722430715278
579 0.002378511301975912 0 0.002378511301975912
580 0.002957022603953492 0 0.002957022603953492
581 0.002089255650987821 0 0.002089255650987821
582 0.002667766952963883 0 0.002667766952963883
583 0.003246278254943516 0 0.003246278254943516
584 0.003461388176988074 0.001018618562767421 0.003461388176988074
585 0.00324206089676951 0.001994513044147911 0.00324206089676951
586 0.003516948624974793 0.000512000721264942 0.003516948624974793
587 0.003369436692507612 0.001514527236587953 0.003369436692507612
588 0.003080599945498792 0.002453529692419817 0.003080599945498792
589 -0.003242060898514473 -0.001994513038475073 -0.003242060898514473
590 -0.003461388177758665 -0.001018618557530307 -0.003461388177758665
591 -0.003080599946758715 -0.002453529689255956 -0.003080599946758715
592 -0.003369436694366517 -0.001514527228316774 -0.003369436694366517
593 -0.003516948625145244 -0.0005120007189232975 -0.003516948625145244
594 -0.002499999996449596 0 -0.004330127020972021
595 -0.001294095222272327 0 -0.004829629132313571
596 -0.003043807143428201 0 -0.003966766702695718
597 -0.001913417156536516 0 -0.004619397664747183
598 -0.0006526309589451255 0 -0.00495722430715278
599 0 -0.001294095228773301 -0.004829629130571641
600 0 -0.002500000003038447 -0.004330127017167945
601 0 -0.000652630962676237 -0.004957224306661571
602 0 -0.001913417167011211 -0.004619397660408421
603 0 -0.003043807145898384 -0.00396676670080028
604 0 0 -0.003933333333336326
605 0 0 -0.002866666666669631
606 0 0 -0.004466666666667677
607 0 0 -0.003400000000003189
608 0 0 -0.002333333333334815
609 -0.002957022603956203 0 -0.002957022603956203
610 -0.002378511301978907 0 -0.002378511301978907
611 -0.003246278254944227 0 -0.003246278254944227
612 -0.00266776695296815 0 -0.00266776695296815
613 -0.002089255650990049 0 -0.002089255650990049
614 -0.003461388176988074 0.001018618562767421 -0.003461388176988074
615 -0.00324206089676951 0.001994513044147911 -0.00324206089676951
616 -0.003516948624974793 0.000512000721264942 -0.003516948624974793
617 -0.003369436692507612 0.001514527236587953 -0.003369436692507612
618 -0.003080599945498792 0.002453529692419817 -0.003080599945498792
619 0 0.002499999996449596 -0.004330127020972021
620 0 0.001294095222272327 -0.004829629132313571
621 0 0.003043807143428201 -0.003966766702695718
622 0 0.001913417156536516 -0.004619397664747183
623 0 0.0006526309589451255 -0.00495722430715278
624 0.001294095228773301 0 -0.004829629130571641
625 0.002500000003038447 0 -0.004330127017167945
626 0.000652630962676237 0 -0.004957224306661571
627 0.001913417167011211 0 -0.004619397660408421
628 0.003043807145898384 0 -0.00396676670080028
629 0.003461388176988074 -0.001018618562767421 -0.003461388176988074
630 0.00324206089676951 -0.001994513044147911 -0.00324206089676951
631 0.003516948624974793 -0.000512000721264942 -0.003516948624974793
632 0.003369436692507612 -0.001514527236587953 -0.003369436692507612
633 0.003080599945498792 -0.002453529692419817 -0.003080599945498792
634 0.002957022603956203 0 -0.002957022603956203
635 0.002378511301978907 0 -0.002378511301978907
636 0.003246278254944227 0 -0.003246278254944227
637 0.00266776695296815 0 -0.00266776695296815
638 0.002089255650990049 0 -0.002089255650990049
639 0.003242060898514473 0.001994513038475073 -0.003242060898514473
640 0.003461388177758665 0.001018618557530307 -0.003461388177758665
641 0.003080599946758715 0.002453529689255956 -0.003080599946758715
642 0.003369436694366517 0.001514527228316774 -0.003369436694366517
643 0.003516948625145244 0.0005120007189232975 -0.003516948625145244
644 0.004330127020972021 0 -0.002499999996449596
645 0.004829629132313571 0 -0.001294095222272327
646 0.003966766702695718 0 -0.003043807143428201
647 0.004619397664747183 0 -0.001913417156536516
648 0.00495722430715278 0 -0.0006526309589451255
649 0.004829629130571641 -0.001294095228773301 0
650 0.004330127017167945 -0.002500000003038447 0
651 0.004957224306661571 -0.000652630962676237 0
652 0.004619397660408421 -0.001913417167011211 0
653 0.00396676670080028 -0.003043807145898384 0
654 0.002866666666663871 0 0
655 0.003933333333330255 0 0
656 0.002333333333332203 0 0
657 0.003399999999995433 0 0
658 0.004466666666666076 0 0
659 0.004829629130571641 0 0.001294095228773301
660 0.004330127017167945 0 0.002500000003038447
661 0.004957224306661571 0 0.000652630962676237
662 0.004619397660408421 0 0.001913417167011211
663 0.00396676670080028 0 0.003043807145898384
664 0.004330127020972021 0.002499999996449596 0
665 0.004829629132313571 0.001294095222272327 0
666 0.003966766702695718 0.003043807143428201 0
667 0.004619397664747183 0.001913417156536516 0
668 0.00495722430715278 0.0006526309589451255 0
669 -0.004330127020972021 -0.002499999996449596 0
670 -0.004829629132313571 -0.001294095222272327 0
671 -0.003966766702695718 -0.003043807143428201 0
672 -0.004619397664747183 -0.001913417156536516 0
673 -0.00495722430715278 -0.0006526309589451255 0
674 -0.004829629130571641 0 -0.001294095228773301
675 -0.004330127017167945 0 -0.002500000003038447
676 -0.004957224306661571 0 -0.000652630962676237
677 -0.004619397660408421 0 -0.001913417167011211
678 -0.00396676670080028 0 -0.003043807145898384
679 -0.003933333333336326 0 0
680 -0.002866666666669631 0 0
681 -0.004466666666667677 0 0
682 -0.003400000000003189 0 0
683 -0.002333333333334815 0 0
684 -0.004330127020972021 0 0.002499999996449596
685 -0.004829629132313571 0 0.001294095222272327
686 -0.003966766702695718 0 0.003043807143428201
687 -0.004619397664747183 0 0.001913417156536516
688 -0.00495722430715278 0 0.0006526309589451255
689 -0.004829629130571641 0.001294095228773301 0
690 -0.004330127017167945 0.002500000003038447 0
691 -0.004957224306661571 0.000652630962676237 0
692 -0.004619397660408421 0.001913417167011211 0
693 -0.00396676670080028 0.003043807145898384 0
694 -0.001199999999999474 -0.0018 -0.001200000000000429
695 -0.0005999999999994983 -0.0018 -0.001199999999999474
696 -0.001200000000000429 -0.0018 -0.0006000000000004979
697 -0.0006000000000004979 -0.0018 -0.0005999999999994985
698 -0.001499999999999737 -0.0018 -0.001200000000000907
699 -0.001199999999998997 -0.0018 -0.001500000000000215
700 -0.001499999999999517 -0.0018 -0.001500000000000456
701 -0.0008999999999994863 -0.0018 -0.001199999999999952
702 -0.0005999999999989987 -0.0018 -0.001499999999999737
703 -0.0008999999999987054 -0.0018 -0.001499999999999976
704 -0.0002999999999997491 -0.0018 -0.001199999999998997
705 -0.0002999999999995563 -0.0018 -0.001499999999999517
706 -0.001500000000000215 -0.0018 -0.0006000000000009977
707 -0.001199999999999952 -0.0018 -0.0009000000000004636
708 -0.001499999999999976 -0.0018 -0.0009000000000014528
709 -0.0009000000000004636 -0.0018 -0.0005999999999999982
710 -0.0005999999999999981 -0.0018 -0.0008999999999994864
711 -0.0008999999999999748 -0.0018 -0.0008999999999999749
712 -0.000300000000000249 -0.0018 -0.0005999999999989988
713 -0.0002999999999999991 -0.0018 -0.0008999999999987057
714 -0.001200000000000907 -0.0018 -0.000300000000000249
715 -0.001500000000000456 -0.0018 -0.0003000000000004921
716 -0.0006000000000009977 -0.0018 -0.0002999999999997493
717 -0.0009000000000014528 -0.0018 -0.0002999999999999991
718 -0.0003000000000004921 -0.0018 -0.0002999999999995563
719 -0.001200000000000429 0 -0.001199999999999474
720 -0.001199999999999474 0 -0.0005999999999994983
721 -0.0006000000000004979 0 -0.001200000000000429
722 -0.0005999999999994985 0 -0.0006000000000004979
723 -0.001200000000000907 0 -0.001499999999999737
724 -0.001500000000000215 0 -0.001199999999998997
725 -0.001500000000000456 0 -0.001499999999999517
726 -0.001199999999999952 0 -0.0008999999999994863
727 -0.001499999999999737 0 -0.0005999999999989987
728 -0.001499999999999976 0 -0.0008999999999987054
729 -0.001199999999998997 0 -0.0002999999999997491
730 -0.001499999999999517 0 -0.0002999999999995563
731 -0.0006000000000009977 0 -0.001500000000000215
732 -0.0009000000000004636 0 -0.001199999999999952
733 -0.0009000000000014528 0 -0.001499999999999976
734 -0.0005999999999999982 0 -0.0009000000000004636
735 -0.0008999999999994864 0 -0.0005999999999999981
736 -0.0008999999999999749 0 -0.0008999999999999748
737 -0.0005999999999989988 0 -0.000300000000000249
738 -0.0008999999999987057 0 -0.0002999999999999991
739 -0.000300000000000249 0 -0.001200000000000907
740 -0.0003000000000004921 0 -0.001500000000000456
741 -0.0002999999999997493 0 -0.0006000000000009977
742 -0.0002999999999999991 0 -0.0009000000000014528
743 -0.0002999999999995563 0 -0.0003000000000004921
744 -0.0005999999999994987 -0.001200000000000429 -0.0018
745 -0.0006000000000004979 -0.0006000000000004979 -0.0018
746 -0.001199999999999474 -0.001199999999999474 -0.0018
747 -0.00120000000000043 -0.0005999999999994983 -0.0018
748 -0.0002999999999997494 -0.001200000000000907 -0.0018
749 -0.0005999999999989989 -0.001500000000000215 -0.0018
750 -0.0002999999999995564 -0.001500000000000456 -0.0018
751 -0.000300000000000249 -0.0006000000000009977 -0.0018
752 -0.0005999999999999983 -0.0009000000000004636 -0.0018
753 -0.0002999999999999992 -0.0009000000000014528 -0.0018
754 -0.0006000000000009977 -0.000300000000000249 -0.0018
755 -0.0003000000000004921 -0.0003000000000004921 -0.0018
756 -0.0008999999999994863 -0.001199999999999952 -0.0018
757 -0.001199999999998996 -0.001499999999999737 -0.0018
758 -0.0008999999999987054 -0.001499999999999976 -0.0018
759 -0.0009000000000004638 -0.0005999999999999981 -0.0018
760 -0.001199999999999952 -0.0008999999999994863 -0.0018
761 -0.000899999999999975 -0.000899999999999975 -0.0018
762 -0.001200000000000907 -0.0002999999999997491 -0.0018
763 -0.0009000000000014528 -0.0002999999999999991 -0.0018
764 -0.001499999999999737 -0.001199999999998997 -0.0018
765 -0.001499999999999517 -0.001499999999999517 -0.0018
766 -0.001500000000000215 -0.0005999999999989987 -0.0018
767 -0.001499999999999976 -0.0008999999999987057 -0.0018
768 -0.001500000000000456 -0.0002999999999995563 -0.0018
769 0 -0.001200000000001385 -0.0005999999999994986
770 0 -0.0006000000000014974 -0.0006000000000004979
771 0 -0.001200000000001385 -0.001199999999999474
772 0 -0.0006000000000014974 -0.00120000000000043
773 0 -0.001200000000001385 -0.0002999999999997493
774 0 -0.001500000000000692 -0.0005999999999989989
775 0 -0.001500000000000695 -0.0002999999999995563
776 0 -0.0006000000000014976 -0.000300000000000249
777 0 -0.0009000000000014411 -0.0005999999999999983
778 0 -0.0009000000000019416 -0.0002999999999999992
779 0 -0.0003000000000007487 -0.0006000000000009977
780 0 -0.0003000000000007419 -0.0003000000000004921
781 0 -0.001200000000001385 -0.0008999999999994861
782 0 -0.001500000000000692 -0.001199999999998996
783 0 -0.001500000000000692 -0.0008999999999987054
784 0 -0.0006000000000014974 -0.0009000000000004638
785 0 -0.0009000000000014411 -0.001199999999999952
786 0 -0.0009000000000014411 -0.0008999999999999749
787 0 -0.0003000000000007487 -0.001200000000000907
788 0 -0.0003000000000007487 -0.0009000000000014528
789 0 -0.001200000000001385 -0.001499999999999737
790 0 -0.001500000000000695 -0.001499999999999517
791 0 -0.0006000000000014976 -0.001500000000000215
792 0 -0.0009000000000019416 -0.001499999999999976
793 0 -0.0003000000000007419 -0.001500000000000456
794 -0.001200000000000429 -0.001200000000001385 0
795 -0.001199999999999474 -0.0006000000000014974 0
796 -0.0006000000000004979 -0.001200000000001385 0
797 -0.0005999999999994986 -0.0006000000000014974 0
798 -0.001500000000000214 -0.001200000000001385 0
799 -0.001200000000000907 -0.001500000000000692 0
800 -0.001500000000000456 -0.001500000000000695 0
801 -0.001499999999999737 -0.0006000000000014976 0
802 -0.001199999999999952 -0.0009000000000014411 0
803 -0.001499999999999976 -0.0009000000000019416 0
804 -0.001199999999998997 -0.0003000000000007487 0
805 -0.001499999999999517 -0.0003000000000007419 0
806 -0.0009000000000004635 -0.001200000000001385 0
807 -0.0006000000000009977 -0.001500000000000692 0
808 -0.0009000000000014527 -0.001500000000000692 0
809 -0.0008999999999994865 -0.0006000000000014974 0
810 -0.0005999999999999983 -0.0009000000000014411 0
811 -0.000899999999999975 -0.0009000000000014411 0
812 -0.0005999999999989989 -0.0003000000000007487 0
813 -0.0008999999999987057 -0.0003000000000007487 0
814 -0.000300000000000249 -0.001200000000001385 0
815 -0.0003000000000004921 -0.001500000000000695 0
816 -0.0002999999999997493 -0.0006000000000014976 0
817 -0.0002999999999999992 -0.0009000000000019416 0
818 -0.0002999999999995563 -0.0003000000000007419 0
819 -0.0018 -0.001199999999999474 -0.001200000000000429
820 -0.0018 -0.0005999999999994983 -0.001199999999999474
821 -0.0018 -0.001200000000000429 -0.0006000000000004979
822 -0.0018 -0.0006000000000004979 -0.0005999999999994985
823 -0.0018 -0.001199999999998997 -0.001500000000000215
824 -0.0018 -0.001499999999999737 -0.001200000000000907
825 -0.0018 -0.001499999999999517 -0.001500000000000456
826 -0.0018 -0.0005999999999989987 -0.001499999999999737
827 -0.0018 -0.0008999999999994863 -0.001199999999999952
828 -0.0018 -0.0008999999999987057 -0.001499999999999976
829 -0.0018 -0.0002999999999997491 -0.001199999999998997
830 -0.0018 -0.0002999999999995563 -0.001499999999999517
831 -0.0018 -0.001199999999999952 -0.0009000000000004636
832 -0.0018 -0.001500000000000215 -0.0006000000000009977
833 -0.0018 -0.001499999999999976 -0.0009000000000014528
834 -0.0018 -0.0005999999999999981 -0.0008999999999994864
835 -0.0018 -0.0009000000000004636 -0.0005999999999999982
836 -0.0018 -0.000899999999999975 -0.0008999999999999749
837 -0.0018 -0.000300000000000249 -0.0005999999999989988
838 -0.0018 -0.0002999999999999991 -0.0008999999999987057
839 -0.0018 -0.001200000000000907 -0.000300000000000249
840 -0.0018 -0.001500000000000456 -0.0003000000000004921
841 -0.0018 -0.0006000000000009977 -0.0002999999999997493
842 -0.0018 -0.0009000000000014528 -0.0002999999999999991
843 -0.0018 -0.0003000000000004921 -0.0002999999999995563
844 -0.001200000000001385 -0.0018 0.0005999999999994986
845 -0.0006000000000014974 -0.0018 0.0006000000000004979
846 -0.001200000000001385 -0.0018 0.001199999999999474
847 -0.0006000000000014974 -0.0018 0.00120000000000043
848 -0.001500000000000692 -0.0018 0.0005999999999989989
849 -0.001200000000001385 -0.0018 0.0002999999999997493
850 -0.001500000000000695 -0.0018 0.0002999999999995563
851 -0.0009000000000014411 -0.0018 0.0005999999999999983
852 -0.0006000000000014976 -0.0018 0.000300000000000249
853 -0.0009000000000019416 -0.0018 0.0002999999999999992
854 -0.0003000000000007487 -0.0018 0.0006000000000009977
855 -0.0003000000000007419 -0.0018 0.0003000000000004921
856 -0.001500000000000692 -0.0018 0.001199999999998996
857 -0.001200000000001385 -0.0018 0.0008999999999994861
858 -0.001500000000000692 -0.0018 0.0008999999999987054
859 -0.0009000000000014411 -0.0018 0.001199999999999952
860 -0.0006000000000014974 -0.0018 0.0009000000000004638
861 -0.0009000000000014411 -0.0018 0.000899999999999975
862 -0.0003000000000007487 -0.0018 0.001200000000000907
863 -0.0003000000000007487 -0.0018 0.0009000000000014528
864 -0.001200000000001385 -0.0018 0.001499999999999737
865 -0.001500000000000695 -0.0018 0.001499999999999516
866 -0.0006000000000014976 -0.0018 0.001500000000000215
867 -0.0009000000000019416 -0.0018 0.001499999999999976
868 -0.0003000000000007419 -0.0018 0.001500000000000457
869 -0.0005999999999984991 0 0.0005999999999994987
870 -0.0005999999999984991 0 0.001199999999999474
871 -0.001199999999998518 0 0.0006000000000004978
872 -0.001199999999998519 0 0.001200000000000429
873 -0.0002999999999992495 0 0.0005999999999989989
874 -0.0005999999999984991 0 0.0002999999999997494
875 -0.0002999999999993065 0 0.0002999999999995564
876 -0.0002999999999992495 0 0.001199999999998997
877 -0.0005999999999984991 0 0.0008999999999994865
878 -0.0002999999999992495 0 0.0008999999999987057
879 -0.0005999999999984991 0 0.001499999999999737
880 -0.0002999999999993065 0 0.001499999999999517
881 -0.0008999999999985088 0 0.0005999999999999983
882 -0.001199999999998519 0 0.0003000000000002489
883 -0.0008999999999982169 0 0.0002999999999999992
884 -0.0008999999999985089 0 0.001199999999999952
885 -0.001199999999998519 0 0.0009000000000004636
886 -0.000899999999998509 0 0.000899999999999975
887 -0.001199999999998519 0 0.001500000000000215
888 -0.0008999999999982169 0 0.001499999999999976
889 -0.001499999999999259 0 0.0006000000000009977
890 -0.001499999999999278 0 0.000300000000000492
891 -0.001499999999999259 0 0.001200000000000907
892 -0.001499999999999259 0 0.0009000000000014528
893 -0.001499999999999278 0 0.001500000000000456
894 0 -0.001200000000001385 0.001200000000000429
895 0 -0.0006000000000014974 0.001199999999999474
896 0 -0.001200000000001385 0.0006000000000004979
897 0 -0.0006000000000014974 0.0005999999999994986
898 0 -0.001200000000001385 0.001500000000000214
899 0 -0.001500000000000692 0.001200000000000907
900 0 -0.001500000000000695 0.001500000000000456
901 0 -0.0006000000000014976 0.001499999999999737
902 0 -0.0009000000000014411 0.001199999999999952
903 0 -0.0009000000000019416 0.001499999999999976
904 0 -0.0003000000000007487 0.001199999999998997
905 0 -0.0003000000000007419 0.001499999999999517
906 0 -0.001200000000001385 0.0009000000000004635
907 0 -0.001500000000000692 0.0006000000000009977
908 0 -0.001500000000000692 0.0009000000000014527
909 0 -0.0006000000000014974 0.0008999999999994865
910 0 -0.0009000000000014411 0.0005999999999999983
911 0 -0.0009000000000014411 0.000899999999999975
912 0 -0.0003000000000007487 0.0005999999999989989
913 0 -0.0003000000000007487 0.0008999999999987057
914 0 -0.001200000000001385 0.000300000000000249
915 0 -0.001500000000000695 0.0003000000000004921
916 0 -0.0006000000000014976 0.0002999999999997493
917 0 -0.0009000000000019416 0.0002999999999999992
918 0 -0.0003000000000007419 0.0002999999999995563
919 -0.001200000000000429 -0.001200000000001385 0.0018
920 -0.001199999999999474 -0.0006000000000014974 0.0018
921 -0.0006000000000004979 -0.001200000000001385 0.0018
922 -0.0005999999999994986 -0.0006000000000014974 0.0018
923 -0.001500000000000214 -0.001200000000001385 0.0018
924 -0.001200000000000907 -0.001500000000000692 0.0018
925 -0.001500000000000456 -0.001500000000000695 0.0018
926 -0.001499999999999737 -0.0006000000000014976 0.0018
927 -0.001199999999999952 -0.0009000000000014411 0.0018
928 -0.001499999999999976 -0.0009000000000019416 0.0018
929 -0.001199999999998997 -0.0003000000000007487 0.0018
930 -0.001499999999999517 -0.0003000000000007419 0.0018
931 -0.0009000000000004635 -0.001200000000001385 0.0018
932 -0.0006000000000009977 -0.001500000000000692 0.0018
933 -0.0009000000000014527 -0.001500000000000692 0.0018
934 -0.0008999999999994865 -0.0006000000000014974 0.0018
935 -0.0005999999999999983 -0.0009000000000014411 0.0018
936 -0.000899999999999975 -0.0009000000000014411 0.0018
937 -0.0005999999999989989 -0.0003000000000007487 0.0018
938 -0.0008999999999987057 -0.0003000000000007487 0.0018
939 -0.000300000000000249 -0.001200000000001385 0.0018
940 -0.0003000000000004921 -0.001500000000000695 0.0018
941 -0.0002999999999997493 -0.0006000000000014976 0.0018
942 -0.0002999999999999992 -0.0009000000000019416 0.0018
943 -0.0002999999999995563 -0.0003000000000007419 0.0018
944 -0.0018 -0.001200000000001385 0.0005999999999994986
945 -0.0018 -0.0006000000000014974 0.0006000000000004979
946 -0.0018 -0.001200000000001385 0.001199999999999474
947 -0.0018 -0.0006000000000014974 0.00120000000000043
948 -0.0018 -0.001200000000001385 0.0002999999999997493
949 -0.0018 -0.001500000000000692 0.0005999999999989989
950 -0.0018 -0.001500000000000695 0.0002999999999995563
951 -0.0018 -0.0006000000000014976 0.000300000000000249
952 -0.0018 -0.0009000000000014411 0.0005999999999999983
953 -0.0018 -0.0009000000000019416 0.0002999999999999992
954 -0.0018 -0.0003000000000007487 0.0006000000000009977
955 -0.0018 -0.0003000000000007419 0.0003000000000004921
956 -0.0018 -0.001200000000001385 0.0008999999999994861
957 -0.0018 -0.001500000000000692 0.001199999999998996
958 -0.0018 -0.001500000000000692 0.0008999999999987054
959 -0.0018 -0.0006000000000014974 0.0009000000000004638
960 -0.0018 -0.0009000000000014411 0.001199999999999952
961 -0.0018 -0.0009000000000014411 0.0008999999999999749
962 -0.0018 -0.0003000000000007487 0.001200000000000907
963 -0.0018 -0.0003000000000007487 0.0009000000000014528
964 -0.0018 -0.001200000000001385 0.001499999999999737
965 -0.0018 -0.001500000000000695 0.001499999999999517
966 -0.0018 -0.0006000000000014976 0.001500000000000215
967 -0.0018 -0.0009000000000019416 0.001499999999999976
968 -0.0018 -0.0003000000000007419 0.001500000000000456
969 -0.001200000000000429 0.0018 -0.001199999999999474
970 -0.001199999999999474 0.0018 -0.0005999999999994983
971 -0.0006000000000004979 0.0018 -0.001200000000000429
972 -0.0005999999999994985 0.0018 -0.0006000000000004979
973 -0.001200000000000907 0.0018 -0.001499999999999737
974 -0.001500000000000215 0.0018 -0.001199999999998997
975 -0.001500000000000456 0.0018 -0.001499999999999517
976 -0.001199999999999952 0.0018 -0.0008999999999994863
977 -0.001499999999999737 0.0018 -0.0005999999999989987
978 -0.001499999999999976 0.0018 -0.0008999999999987054
979 -0.001199999999998997 0.0018 -0.0002999999999997491
980 -0.001499999999999517 0.0018 -0.0002999999999995563
981 -0.0006000000000009977 0.0018 -0.001500000000000215
982 -0.0009000000000004636 0.0018 -0.001199999999999952
983 -0.0009000000000014528 0.0018 -0.001499999999999976
984 -0.0005999999999999982 0.0018 -0.0009000000000004636
985 -0.0008999999999994864 0.0018 -0.0005999999999999981
986 -0.0008999999999999749 0.0018 -0.0008999999999999748
987 -0.0005999999999989988 0.0018 -0.000300000000000249
988 -0.0008999999999987057 0.0018 -0.0002999999999999991
989 -0.000300000000000249 0.0018 -0.001200000000000907
990 -0.0003000000000004921 0.0018 -0.001500000000000456
991 -0.0002999999999997493 0.0018 -0.0006000000000009977
992 -0.0002999999999999991 0.0018 -0.0009000000000014528
993 -0.0002999999999995563 0.0018 -0.0003000000000004921
994 -0.001200000000001385 0.000600000000000498 -0.0018
995 -0.001200000000001385 0.001200000000000429 -0.0018
996 -0.0006000000000014977 0.0005999999999994987 -0.0018
997 -0.0006000000000014974 0.001199999999999474 -0.0018
998 -0.001200000000001385 0.000300000000000249 -0.0018
999 -0.001500000000000692 0.0006000000000009977 -0.0018
1000 -0.001500000000000695 0.0003000000000004921 -0.0018
1001 -0.001200000000001385 0.0009000000000004636 -0.0018
1002 -0.001500000000000692 0.001200000000000907 -0.0018
1003 -0.001500000000000692 0.0009000000000014528 -0.0018
1004 -0.001200000000001385 0.001500000000000214 -0.0018
1005 -0.001500000000000695 0.001500000000000457 -0.0018
1006 -0.0006000000000014976 0.0002999999999997494 -0.0018
1007 -0.0009000000000014411 0.0005999999999999983 -0.0018
1008 -0.0009000000000019416 0.0002999999999999992 -0.0018
1009 -0.0006000000000014976 0.0008999999999994865 -0.0018
1010 -0.0009000000000014411 0.001199999999999952 -0.0018
1011 -0.0009000000000014411 0.0008999999999999749 -0.0018
1012 -0.0006000000000014976 0.001499999999999737 -0.0018
1013 -0.0009000000000019416 0.001499999999999976 -0.0018
1014 -0.0003000000000007488 0.0005999999999989989 -0.0018
1015 -0.0003000000000007421 0.0002999999999995564 -0.0018
1016 -0.0003000000000007487 0.001199999999998997 -0.0018
1017 -0.0003000000000007488 0.0008999999999987057 -0.0018
1018 -0.0003000000000007419 0.001499999999999517 -0.0018
1019 0 0.0005999999999984991 -0.001200000000001385
1020 0 0.001199999999998519 -0.001200000000001385
1021 0 0.0005999999999984991 -0.0006000000000014974
1022 0 0.001199999999998519 -0.0006000000000014974
1023 0 0.0002999999999992495 -0.001200000000001385
1024 0 0.0005999999999984991 -0.001500000000000693
1025 0 0.0002999999999993065 -0.001500000000000695
1026 0 0.0008999999999985089 -0.001200000000001385
1027 0 0.001199999999998519 -0.001500000000000692
1028 0 0.0008999999999982169 -0.001500000000000692
1029 0 0.001499999999999259 -0.001200000000001385
1030 0 0.001499999999999278 -0.001500000000000696
1031 0 0.0002999999999992495 -0.0006000000000014976
1032 0 0.0005999999999984991 -0.0009000000000014413
1033 0 0.0002999999999992495 -0.0009000000000019416
1034 0 0.0008999999999985089 -0.0006000000000014974
1035 0 0.001199999999998519 -0.0009000000000014411
1036 0 0.0008999999999985089 -0.0009000000000014411
1037 0 0.001499999999999259 -0.0006000000000014976
1038 0 0.001499999999999259 -0.0009000000000019416
1039 0 0.0005999999999984991 -0.0003000000000007487
1040 0 0.0002999999999993065 -0.0003000000000007419
1041 0 0.001199999999998519 -0.0003000000000007487
1042 0 0.0008999999999982169 -0.0003000000000007487
1043 0 0.001499999999999278 -0.0003000000000007419
1044 -0.0005999999999984991 0.0005999999999984991 0
1045 -0.0005999999999984991 0.001199999999998519 0
1046 -0.001199999999998519 0.0005999999999984991 0
1047 -0.001199999999998519 0.001199999999998519 0
1048 -0.0005999999999984991 0.0002999999999992495 0
1049 -0.0002999999999992495 0.0005999999999984991 0
1050 -0.0002999999999993065 0.0002999999999993065 0
1051 -0.0005999999999984991 0.0008999999999985089 0
1052 -0.0002999999999992495 0.001199999999998519 0
1053 -0.0002999999999992495 0.0008999999999982169 0
1054 -0.0005999999999984991 0.001499999999999259 0
1055 -0.0002999999999993065 0.001499999999999278 0
1056 -0.001199999999998519 0.0002999999999992495 0
1057 -0.0008999999999985089 0.0005999999999984991 0
1058 -0.0008999999999982168 0.0002999999999992495 0
1059 -0.001199999999998519 0.0008999999999985089 0
1060 -0.0008999999999985089 0.001199999999998519 0
1061 -0.0008999999999985088 0.0008999999999985089 0
1062 -0.001199999999998519 0.001499999999999259 0
1063 -0.0008999999999982168 0.001499999999999259 0
1064 -0.001499999999999259 0.0005999999999984991 0
1065 -0.001499999999999278 0.0002999999999993065 0
1066 -0.001499999999999259 0.001199999999998519 0
1067 -0.001499999999999259 0.0008999999999982169 0
1068 -0.001499999999999278 0.001499999999999278 0
1069 -0.0018 0.0005999999999994987 -0.0005999999999984991
1070 -0.0018 0.001199999999999474 -0.0005999999999984991
1071 -0.0018 0.0006000000000004978 -0.001199999999998518
1072 -0.0018 0.001200000000000429 -0.001199999999998519
1073 -0.0018 0.0002999999999997494 -0.0005999999999984991
1074 -0.0018 0.0005999999999989989 -0.0002999999999992495
1075 -0.0018 0.0002999999999995564 -0.0002999999999993065
1076 -0.0018 0.0008999999999994865 -0.0005999999999984991
1077 -0.0018 0.001199999999998997 -0.0002999999999992495
1078 -0.0018 0.0008999999999987059 -0.0002999999999992495
1079 -0.0018 0.001499999999999737 -0.0005999999999984991
1080 -0.0018 0.001499999999999517 -0.0002999999999993065
1081 -0.0018 0.0003000000000002489 -0.001199999999998519
1082 -0.0018 0.0005999999999999983 -0.0008999999999985088
1083 -0.0018 0.0002999999999999992 -0.000899999999998217
1084 -0.0018 0.0009000000000004636 -0.001199999999998519
1085 -0.0018 0.001199999999999952 -0.0008999999999985089
1086 -0.0018 0.000899999999999975 -0.0008999999999985089
1087 -0.0018 0.001500000000000215 -0.001199999999998519
1088 -0.0018 0.001499999999999976 -0.0008999999999982168
1089 -0.0018 0.0006000000000009977 -0.001499999999999259
1090 -0.0018 0.000300000000000492 -0.001499999999999278
1091 -0.0018 0.001200000000000907 -0.001499999999999259
1092 -0.0018 0.0009000000000014528 -0.001499999999999259
1093 -0.0018 0.001500000000000457 -0.001499999999999278
1094 -0.0005999999999984991 0.0018 0.0005999999999994987
1095 -0.0005999999999984991 0.0018 0.001199999999999474
1096 -0.001199999999998518 0.0018 0.0006000000000004978
1097 -0.001199999999998519 0.0018 0.001200000000000429
1098 -0.0002999999999992495 0.0018 0.0005999999999989989
1099 -0.0005999999999984991 0.0018 0.0002999999999997494
1100 -0.0002999999999993065 0.0018 0.0002999999999995564
1101 -0.0002999999999992495 0.0018 0.001199999999998997
1102 -0.0005999999999984991 0.0018 0.0008999999999994865
1103 -0.0002999999999992495 0.0018 0.0008999999999987057
1104 -0.0005999999999984991 0.0018 0.001499999999999737
1105 -0.0002999999999993065 0.0018 0.001499999999999517
1106 -0.0008999999999985088 0.0018 0.0005999999999999983
1107 -0.001199999999998519 0.0018 0.0003000000000002489
1108 -0.0008999999999982169 0.0018 0.0002999999999999992
1109 -0.0008999999999985089 0.0018 0.001199999999999952
1110 -0.001199999999998519 0.0018 0.0009000000000004636
1111 -0.000899999999998509 0.0018 0.000899999999999975
1112 -0.001199999999998519 0.0018 0.001500000000000215
1113 -0.0008999999999982169 0.0018 0.001499999999999976
1114 -0.001499999999999259 0.0018 0.0006000000000009977
1115 -0.001499999999999278 0.0018 0.000300000000000492
1116 -0.001499999999999259 0.0018 0.001200000000000907
1117 -0.001499999999999259 0.0018 0.0009000000000014528
1118 -0.001499999999999278 0.0018 0.001500000000000456
1119 0 0.0005999999999984991 0.0005999999999984991
1120 0 0.001199999999998519 0.0005999999999984991
1121 0 0.0005999999999984991 0.001199999999998519
1122 0 0.001199999999998519 0.001199999999998519
1123 0 0.0002999999999992495 0.0005999999999984991
1124 0 0.0005999999999984991 0.0002999999999992495
1125 0 0.0002999999999993065 0.0002999999999993065
1126 0 0.0008999999999985089 0.0005999999999984991
1127 0 0.001199999999998519 0.0002999999999992495
1128 0 0.0008999999999982169 0.0002999999999992495
1129 0 0.001499999999999259 0.0005999999999984991
1130 0 0.001499999999999278 0.0002999999999993065
1131 0 0.0002999999999992495 0.001199999999998519
1132 0 0.0005999999999984991 0.0008999999999985089
1133 0 0.0002999999999992495 0.0008999999999982168
1134 0 0.0008999999999985089 0.001199999999998519
1135 0 0.001199999999998519 0.0008999999999985089
1136 0 0.0008999999999985089 0.0008999999999985088
1137 0 0.001499999999999259 0.001199999999998519
1138 0 0.001499999999999259 0.0008999999999982168
1139 0 0.0005999999999984991 0.001499999999999259
1140 0 0.0002999999999993065 0.001499999999999278
1141 0 0.001199999999998519 0.001499999999999259
1142 0 0.0008999999999982169 0.001499999999999259
1143 0 0.001499999999999278 0.001499999999999278
1144 -0.0005999999999984991 0.0005999999999984991 0.0018
1145 -0.0005999999999984991 0.001199999999998519 0.0018
1146 -0.001199999999998519 0.0005999999999984991 0.0018
1147 -0.001199999999998519 0.001199999999998519 0.0018
1148 -0.0005999999999984991 0.0002999999999992495 0.0018
1149 -0.0002999999999992495 0.0005999999999984991 0.0018
1150 -0.0002999999999993065 0.0002999999999993065 0.0018
1151 -0.0005999999999984991 0.0008999999999985089 0.0018
1152 -0.0002999999999992495 0.001199999999998519 0.0018
1153 -0.0002999999999992495 0.0008999999999982169 0.0018
1154 -0.0005999999999984991 0.001499999999999259 0.0018
1155 -0.0002999999999993065 0.001499999999999278 0.0018
1156 -0.001199999999998519 0.0002999999999992495 0.0018
1157 -0.0008999999999985089 0.0005999999999984991 0.0018
1158 -0.0008999999999982168 0.0002999999999992495 0.0018
1159 -0.001199999999998519 0.0008999999999985089 0.0018
1160 -0.0008999999999985089 0.001199999999998519 0.0018
1161 -0.0008999999999985088 0.0008999999999985089 0.0018
1162 -0.001199999999998519 0.001499999999999259 0.0018
1163 -0.0008999999999982168 0.001499999999999259 0.0018
1164 -0.001499999999999259 0.0005999999999984991 0.0018
1165 -0.001499999999999278 0.0002999999999993065 0.0018
1166 -0.001499999999999259 0.001199999999998519 0.0018
1167 -0.001499999999999259 0.0008999999999982169 0.0018
1168 -0.001499999999999278 0.001499999999999278 0.0018
1169 -0.0018 0.0005999999999984991 0.001200000000001385
1170 -0.0018 0.001199999999998519 0.001200000000001385
1171 -0.0018 0.0005999999999984991 0.0006000000000014974
1172 -0.0018 0.001199999999998519 0.0006000000000014974
1173 -0.0018 0.0002999999999992495 0.001200000000001385
1174 -0.0018 0.0005999999999984991 0.001500000000000693
1175 -0.0018 0.0002999999999993065 0.001500000000000695
1176 -0.0018 0.0008999999999985089 0.001200000000001385
1177 -0.0018 0.001199999999998519 0.001500000000000692
1178 -0.0018 0.0008999999999982169 0.001500000000000692
1179 -0.0018 0.001499999999999259 0.001200000000001385
1180 -0.0018 0.001499999999999278 0.001500000000000696
1181 -0.0018 0.0002999999999992495 0.0006000000000014976
1182 -0.0018 0.0005999999999984991 0.0009000000000014413
1183 -0.0018 0.0002999999999992495 0.0009000000000019416
1184 -0.0018 0.0008999999999985089 0.0006000000000014974
1185 -0.0018 0.001199999999998519 0.0009000000000014411
1186 -0.0018 0.0008999999999985089 0.0009000000000014411
1187 -0.0018 0.001499999999999259 0.0006000000000014976
1188 -0.0018 0.001499999999999259 0.0009000000000019416
1189 -0.0018 0.0005999999999984991 0.0003000000000007487
1190 -0.0018 0.0002999999999993065 0.0003000000000007419
1191 -0.0018 0.001199999999998519 0.0003000000000007487
1192 -0.0018 0.0008999999999982169 0.0003000000000007487
1193 -0.0018 0.001499999999999278 0.0003000000000007419
1194 0.0005999999999994987 -0.0018 -0.0005999999999984991
1195 0.001199999999999474 -0.0018 -0.0005999999999984991
1196 0.0006000000000004978 -0.0018 -0.001199999999998518
1197 0.001200000000000429 -0.0018 -0.001199999999998519
1198 0.0005999999999989989 -0.0018 -0.0002999999999992495
1199 0.0002999999999997494 -0.0018 -0.0005999999999984991
1200 0.0002999999999995564 -0.0018 -0.0002999999999993065
1201 0.001199999999998997 -0.0018 -0.0002999999999992495
1202 0.0008999999999994865 -0.0018 -0.0005999999999984991
1203 0.0008999999999987057 -0.0018 -0.0002999999999992495
1204 0.001499999999999737 -0.0018 -0.0005999999999984991
1205 0.001499999999999517 -0.0018 -0.0002999999999993065
1206 0.0005999999999999983 -0.0018 -0.0008999999999985088
1207 0.0003000000000002489 -0.0018 -0.001199999999998519
1208 0.0002999999999999992 -0.0018 -0.0008999999999982169
1209 0.001199999999999952 -0.0018 -0.0008999999999985089
1210 0.0009000000000004636 -0.0018 -0.001199999999998519
1211 0.000899999999999975 -0.0018 -0.000899999999998509
1212 0.001500000000000215 -0.0018 -0.001199999999998519
1213 0.001499999999999976 -0.0018 -0.0008999999999982169
1214 0.0006000000000009977 -0.0018 -0.001499999999999259
1215 0.000300000000000492 -0.0018 -0.001499999999999278
1216 0.001200000000000907 -0.0018 -0.001499999999999259
1217 0.0009000000000014528 -0.0018 -0.001499999999999259
1218 0.001500000000000456 -0.0018 -0.001499999999999278
1219 0.0005999999999994986 0 -0.001200000000001385
1220 0.0006000000000004979 0 -0.0006000000000014974
1221 0.001199999999999474 0 -0.001200000000001385
1222 0.00120000000000043 0 -0.0006000000000014974
1223 0.0005999999999989989 0 -0.001500000000000692
1224 0.0002999999999997493 0 -0.001200000000001385
1225 0.0002999999999995563 0 -0.001500000000000695
1226 0.0005999999999999983 0 -0.0009000000000014411
1227 0.000300000000000249 0 -0.0006000000000014976
1228 0.0002999999999999992 0 -0.0009000000000019416
1229 0.0006000000000009977 0 -0.0003000000000007487
1230 0.0003000000000004921 0 -0.0003000000000007419
1231 0.001199999999998996 0 -0.001500000000000692
1232 0.0008999999999994861 0 -0.001200000000001385
1233 0.0008999999999987054 0 -0.001500000000000692
1234 0.001199999999999952 0 -0.0009000000000014411
1235 0.0009000000000004638 0 -0.0006000000000014974
1236 0.000899999999999975 0 -0.0009000000000014411
1237 0.001200000000000907 0 -0.0003000000000007487
1238 0.0009000000000014528 0 -0.0003000000000007487
1239 0.001499999999999737 0 -0.001200000000001385
1240 0.001499999999999516 0 -0.001500000000000695
1241 0.001500000000000215 0 -0.0006000000000014976
1242 0.001499999999999976 0 -0.0009000000000019416
1243 0.001500000000000457 0 -0.0003000000000007419
1244 0.001200000000000429 -0.001200000000001385 -0.0018
1245 0.001199999999999474 -0.0006000000000014974 -0.0018
1246 0.0006000000000004979 -0.001200000000001385 -0.0018
1247 0.0005999999999994986 -0.0006000000000014974 -0.0018
1248 0.001500000000000214 -0.001200000000001385 -0.0018
1249 0.001200000000000907 -0.001500000000000692 -0.0018
1250 0.001500000000000456 -0.001500000000000695 -0.0018
1251 0.001499999999999737 -0.0006000000000014976 -0.0018
1252 0.001199999999999952 -0.0009000000000014411 -0.0018
1253 0.001499999999999976 -0.0009000000000019416 -0.0018
1254 0.001199999999998997 -0.0003000000000007487 -0.0018
1255 0.001499999999999517 -0.0003000000000007419 -0.0018
1256 0.0009000000000004635 -0.001200000000001385 -0.0018
1257 0.0006000000000009977 -0.001500000000000692 -0.0018
1258 0.0009000000000014527 -0.001500000000000692 -0.0018
1259 0.0008999999999994865 -0.0006000000000014974 -0.0018
1260 0.0005999999999999983 -0.0009000000000014411 -0.0018
1261 0.000899999999999975 -0.0009000000000014411 -0.0018
1262 0.0005999999999989989 -0.0003000000000007487 -0.0018
1263 0.0008999999999987057 -0.0003000000000007487 -0.0018
1264 0.000300000000000249 -0.001200000000001385 -0.0018
1265 0.0003000000000004921 -0.001500000000000695 -0.0018
1266 0.0002999999999997493 -0.0006000000000014976 -0.0018
1267 0.0002999999999999992 -0.0009000000000019416 -0.0018
1268 0.0002999999999995563 -0.0003000000000007419 -0.0018
1269 0.0018 -0.001200000000001385 -0.0005999999999994986
1270 0.0018 -0.0006000000000014974 -0.0006000000000004979
1271 0.0018 -0.001200000000001385 -0.001199999999999474
1272 0.0018 -0.0006000000000014974 -0.00120000000000043
1273 0.0018 -0.001200000000001385 -0.0002999999999997493
1274 0.0018 -0.001500000000000692 -0.0005999999999989989
1275 0.0018 -0.001500000000000695 -0.0002999999999995563
1276 0.0018 -0.0006000000000014976 -0.000300000000000249
1277 0.0018 -0.0009000000000014411 -0.0005999999999999983
1278 0.0018 -0.0009000000000019416 -0.0002999999999999992
1279 0.0018 -0.0003000000000007487 -0.0006000000000009977
1280 0.0018 -0.0003000000000007419 -0.0003000000000004921
1281 0.0018 -0.001200000000001385 -0.0008999999999994861
1282 0.0018 -0.001500000000000692 -0.001199999999998996
1283 0.0018 -0.001500000000000692 -0.0008999999999987054
1284 0.0018 -0.0006000000000014974 -0.0009000000000004638
1285 0.0018 -0.0009000000000014411 -0.001199999999999952
1286 0.0018 -0.0009000000000014411 -0.0008999999999999749
1287 0.0018 -0.0003000000000007487 -0.001200000000000907
1288 0.0018 -0.0003000000000007487 -0.0009000000000014528
1289 0.0018 -0.001200000000001385 -0.001499999999999737
1290 0.0018 -0.001500000000000695 -0.001499999999999517
1291 0.0018 -0.0006000000000014976 -0.001500000000000215
1292 0.0018 -0.0009000000000019416 -0.001499999999999976
1293 0.0018 -0.0003000000000007419 -0.001500000000000456
1294 0.0005999999999994986 -0.001200000000001385 0
1295 0.0006000000000004979 -0.0006000000000014974 0
1296 0.001199999999999474 -0.001200000000001385 0
1297 0.00120000000000043 -0.0006000000000014974 0
1298 0.0002999999999997493 -0.001200000000001385 0
1299 0.0005999999999989989 -0.001500000000000692 0
1300 0.0002999999999995563 -0.001500000000000695 0
1301 0.000300000000000249 -0.0006000000000014976 0
1302 0.0005999999999999983 -0.0009000000000014411 0
1303 0.0002999999999999992 -0.0009000000000019416 0
1304 0.0006000000000009977 -0.0003000000000007487 0
1305 0.0003000000000004921 -0.0003000000000007419 0
1306 0.0008999999999994861 -0.001200000000001385 0
1307 0.001199999999998996 -0.001500000000000692 0
1308 0.0008999999999987054 -0.001500000000000692 0
1309 0.0009000000000004638 -0.0006000000000014974 0
1310 0.001199999999999952 -0.0009000000000014411 0
1311 0.0008999999999999749 -0.0009000000000014411 0
1312 0.001200000000000907 -0.0003000000000007487 0
1313 0.0009000000000014528 -0.0003000000000007487 0
1314 0.001499999999999737 -0.001200000000001385 0
1315 0.001499999999999517 -0.001500000000000695 0
1316 0.001500000000000215 -0.0006000000000014976 0
1317 0.001499999999999976 -0.0009000000000019416 0
1318 0.001500000000000456 -0.0003000000000007419 0
1319 0.0005999999999984991 -0.0018 0.001200000000001385
1320 0.001199999999998519 -0.0018 0.001200000000001385
1321 0.0005999999999984991 -0.0018 0.0006000000000014974
1322 0.001199999999998519 -0.0018 0.0006000000000014974
1323 0.0005999999999984991 -0.0018 0.001500000000000693
1324 0.0002999999999992495 -0.0018 0.001200000000001385
1325 0.0002999999999993065 -0.0018 0.001500000000000695
1326 0.001199999999998519 -0.0018 0.001500000000000692
1327 0.0008999999999985089 -0.0018 0.001200000000001385
1328 0.0008999999999982168 -0.0018 0.001500000000000693
1329 0.001499999999999259 -0.0018 0.001200000000001385
1330 0.001499999999999278 -0.0018 0.001500000000000695
1331 0.0005999999999984991 -0.0018 0.0009000000000014413
1332 0.0002999999999992495 -0.0018 0.0006000000000014976
1333 0.0002999999999992495 -0.0018 0.0009000000000019418
1334 0.001199999999998519 -0.0018 0.0009000000000014411
1335 0.0008999999999985089 -0.0018 0.0006000000000014974
1336 0.0008999999999985088 -0.0018 0.0009000000000014413
1337 0.001499999999999259 -0.0018 0.0006000000000014976
1338 0.001499999999999259 -0.0018 0.0009000000000019416
1339 0.0005999999999984991 -0.0018 0.0003000000000007487
1340 0.0002999999999993065 -0.0018 0.0003000000000007419
1341 0.001199999999998519 -0.0018 0.0003000000000007487
1342 0.0008999999999982168 -0.0018 0.0003000000000007487
1343 0.001499999999999278 -0.0018 0.0003000000000007419
1344 0.001200000000001385 0 0.0005999999999984991
1345 0.001200000000001385 0 0.001199999999998519
1346 0.0006000000000014974 0 0.0005999999999984991
1347 0.0006000000000014974 0 0.001199999999998519
1348 0.001500000000000693 0 0.0005999999999984991
1349 0.001200000000001385 0 0.0002999999999992495
1350 0.001500000000000695 0 0.0002999999999993065
1351 0.001500000000000692 0 0.001199999999998519
1352 0.001200000000001385 0 0.0008999999999985089
1353 0.001500000000000693 0 0.0008999999999982168
1354 0.001200000000001385 0 0.001499999999999259
1355 0.001500000000000695 0 0.001499999999999278
1356 0.0009000000000014413 0 0.0005999999999984991
1357 0.0006000000000014976 0 0.0002999999999992495
1358 0.0009000000000019418 0 0.0002999999999992495
1359 0.0009000000000014411 0 0.001199999999998519
1360 0.0006000000000014974 0 0.0008999999999985089
1361 0.0009000000000014413 0 0.0008999999999985088
1362 0.0006000000000014976 0 0.001499999999999259
1363 0.0009000000000019416 0 0.001499999999999259
1364 0.0003000000000007487 0 0.0005999999999984991
1365 0.0003000000000007419 0 0.0002999999999993065
1366 0.0003000000000007487 0 0.001199999999998519
1367 0.0003000000000007487 0 0.0008999999999982168
1368 0.0003000000000007419 0 0.001499999999999278
1369 0.0018 -0.001200000000001385 0.001200000000000429
1370 0.0018 -0.0006000000000014974 0.001199999999999474
1371 0.0018 -0.001200000000001385 0.0006000000000004979
1372 0.0018 -0.0006000000000014974 0.0005999999999994986
1373 0.0018 -0.001200000000001385 0.001500000000000214
1374 0.0018 -0.001500000000000692 0.001200000000000907
1375 0.0018 -0.001500000000000695 0.001500000000000456
1376 0.0018 -0.0006000000000014976 0.001499999999999737
1377 0.0018 -0.0009000000000014411 0.001199999999999952
1378 0.0018 -0.0009000000000019416 0.001499999999999976
1379 0.0018 -0.0003000000000007487 0.001199999999998997
1380 0.0018 -0.0003000000000007419 0.001499999999999517
1381 0.0018 -0.001200000000001385 0.0009000000000004635
1382 0.0018 -0.001500000000000692 0.0006000000000009977
1383 0.0018 -0.001500000000000692 0.0009000000000014527
1384 0.0018 -0.0006000000000014974 0.0008999999999994865
1385 0.0018 -0.0009000000000014411 0.0005999999999999983
1386 0.0018 -0.0009000000000014411 0.000899999999999975
1387 0.0018 -0.0003000000000007487 0.0005999999999989989
1388 0.0018 -0.0003000000000007487 0.0008999999999987057
1389 0.0018 -0.001200000000001385 0.000300000000000249
1390 0.0018 -0.001500000000000695 0.0003000000000004921
1391 0.0018 -0.0006000000000014976 0.0002999999999997493
1392 0.0018 -0.0009000000000019416 0.0002999999999999992
1393 0.0018 -0.0003000000000007419 0.0002999999999995563
1394 0.0005999999999994986 -0.001200000000001385 0.0018
1395 0.0006000000000004979 -0.0006000000000014974 0.0018
1396 0.001199999999999474 -0.001200000000001385 0.0018
1397 0.00120000000000043 -0.0006000000000014974 0.0018
1398 0.0002999999999997493 -0.001200000000001385 0.0018
1399 0.0005999999999989989 -0.001500000000000692 0.0018
1400 0.0002999999999995563 -0.001500000000000695 0.0018
1401 0.000300000000000249 -0.0006000000000014976 0.0018
1402 0.0005999999999999983 -0.0009000000000014411 0.0018
1403 0.0002999999999999992 -0.0009000000000019416 0.0018
1404 0.0006000000000009977 -0.0003000000000007487 0.0018
1405 0.0003000000000004921 -0.0003000000000007419 0.0018
1406 0.0008999999999994861 -0.001200000000001385 0.0018
1407 0.001199999999998996 -0.001500000000000692 0.0018
1408 0.0008999999999987054 -0.001500000000000692 0.0018
1409 0.0009000000000004638 -0.0006000000000014974 0.0018
1410 0.001199999999999952 -0.0009000000000014411 0.0018
1411 0.0008999999999999749 -0.0009000000000014411 0.0018
1412 0.001200000000000907 -0.0003000000000007487 0.0018
1413 0.0009000000000014528 -0.0003000000000007487 0.0018
1414 0.001499999999999737 -0.001200000000001385 0.0018
1415 0.001499999999999517 -0.001500000000000695 0.0018
1416 0.001500000000000215 -0.0006000000000014976 0.0018
1417 0.001499999999999976 -0.0009000000000019416 0.0018
1418 0.001500000000000456 -0.0003000000000007419 0.0018
1419 0.0005999999999994986 0.0018 -0.001200000000001385
1420 0.0006000000000004979 0.0018 -0.0006000000000014974
1421 0.001199999999999474 0.0018 -0.001200000000001385
1422 0.00120000000000043 0.0018 -0.0006000000000014974
1423 0.0005999999999989989 0.0018 -0.001500000000000692
1424 0.0002999999999997493 0.0018 -0.001200000000001385
1425 0.0002999999999995563 0.0018 -0.001500000000000695
1426 0.0005999999999999983 0.0018 -0.0009000000000014411
1427 0.000300000000000249 0.0018 -0.0006000000000014976
1428 0.0002999999999999992 0.0018 -0.0009000000000019416
1429 0.0006000000000009977 0.0018 -0.0003000000000007487
1430 0.0003000000000004921 0.0018 -0.0003000000000007419
1431 0.001199999999998996 0.0018 -0.001500000000000692
1432 0.0008999999999994861 0.0018 -0.001200000000001385
1433 0.0008999999999987054 0.0018 -0.001500000000000692
1434 0.001199999999999952 0.0018 -0.0009000000000014411
1435 0.0009000000000004638 0.0018 -0.0006000000000014974
1436 0.000899999999999975 0.0018 -0.0009000000000014411
1437 0.001200000000000907 0.0018 -0.0003000000000007487
1438 0.0009000000000014528 0.0018 -0.0003000000000007487
1439 0.001499999999999737 0.0018 -0.001200000000001385
1440 0.001499999999999516 0.0018 -0.001500000000000695
1441 0.001500000000000215 0.0018 -0.0006000000000014976
1442 0.001499999999999976 0.0018 -0.0009000000000019416
1443 0.001500000000000457 0.0018 -0.0003000000000007419
1444 0.0005999999999984991 0.0005999999999984991 -0.0018
1445 0.0005999999999984991 0.001199999999998519 -0.0018
1446 0.001199999999998519 0.0005999999999984991 -0.0018
1447 0.001199999999998519 0.001199999999998519 -0.0018
1448 0.0005999999999984991 0.0002999999999992495 -0.0018
1449 0.0002999999999992495 0.0005999999999984991 -0.0018
1450 0.0002999999999993065 0.0002999999999993065 -0.0018
1451 0.0005999999999984991 0.0008999999999985089 -0.0018
1452 0.0002999999999992495 0.001199999999998519 -0.0018
1453 0.0002999999999992495 0.0008999999999982169 -0.0018
1454 0.0005999999999984991 0.001499999999999259 -0.0018
1455 0.0002999999999993065 0.001499999999999278 -0.0018
1456 0.001199999999998519 0.0002999999999992495 -0.0018
1457 0.0008999999999985089 0.0005999999999984991 -0.0018
1458 0.0008999999999982168 0.0002999999999992495 -0.0018
1459 0.001199999999998519 0.0008999999999985089 -0.0018
1460 0.0008999999999985089 0.001199999999998519 -0.0018
1461 0.0008999999999985088 0.0008999999999985089 -0.0018
1462 0.001199999999998519 0.001499999999999259 -0.0018
1463 0.0008999999999982168 0.001499999999999259 -0.0018
1464 0.001499999999999259 0.0005999999999984991 -0.0018
1465 0.001499999999999278 0.0002999999999993065 -0.0018
1466 0.001499999999999259 0.001199999999998519 -0.0018
1467 0.001499999999999259 0.0008999999999982169 -0.0018
1468 0.001499999999999278 0.001499999999999278 -0.0018
1469 0.0018 0.0005999999999984991 -0.001200000000001385
1470 0.0018 0.001199999999998519 -0.001200000000001385
1471 0.0018 0.0005999999999984991 -0.0006000000000014974
1472 0.0018 0.001199999999998519 -0.0006000000000014974
1473 0.0018 0.0002999999999992495 -0.001200000000001385
1474 0.0018 0.0005999999999984991 -0.001500000000000693
1475 0.0018 0.0002999999999993065 -0.001500000000000695
1476 0.0018 0.0008999999999985089 -0.001200000000001385
1477 0.0018 0.001199999999998519 -0.001500000000000692
1478 0.0018 0.0008999999999982169 -0.001500000000000692
1479 0.0018 0.001499999999999259 -0.001200000000001385
1480 0.0018 0.001499999999999278 -0.001500000000000696
1481 0.0018 0.0002999999999992495 -0.0006000000000014976
1482 0.0018 0.0005999999999984991 -0.0009000000000014413
1483 0.0018 0.0002999999999992495 -0.0009000000000019416
1484 0.0018 0.0008999999999985089 -0.0006000000000014974
1485 0.0018 0.001199999999998519 -0.0009000000000014411
1486 0.0018 0.0008999999999985089 -0.0009000000000014411
1487 0.0018 0.001499999999999259 -0.0006000000000014976
1488 0.0018 0.001499999999999259 -0.0009000000000019416
1489 0.0018 0.0005999999999984991 -0.0003000000000007487
1490 0.0018 0.0002999999999993065 -0.0003000000000007419
1491 0.0018 0.001199999999998519 -0.0003000000000007487
1492 0.0018 0.0008999999999982169 -0.0003000000000007487
1493 0.0018 0.001499999999999278 -0.0003000000000007419
1494 0.001200000000001385 0.0005999999999984991 0
1495 0.001200000000001385 0.001199999999998519 0
1496 0.0006000000000014974 0.0005999999999984991 0
1497 0.0006000000000014974 0.001199999999998519 0
1498 0.001200000000001385 0.0002999999999992495 0
1499 0.001500000000000693 0.0005999999999984991 0
1500 0.001500000000000695 0.0002999999999993065 0
1501 0.001200000000001385 0.0008999999999985089 0
1502 0.001500000000000692 0.001199999999998519 0
1503 0.001500000000000692 0.0008999999999982169 0
1504 0.001200000000001385 0.001499999999999259 0
1505 0.001500000000000696 0.001499999999999278 0
1506 0.0006000000000014976 0.0002999999999992495 0
1507 0.0009000000000014413 0.0005999999999984991 0
1508 0.0009000000000019416 0.0002999999999992495 0
1509 0.0006000000000014974 0.0008999999999985089 0
1510 0.0009000000000014411 0.001199999999998519 0
1511 0.0009000000000014411 0.0008999999999985089 0
1512 0.0006000000000014976 0.001499999999999259 0
1513 0.0009000000000019416 0.001499999999999259 0
1514 0.0003000000000007487 0.0005999999999984991 0
1515 0.0003000000000007419 0.0002999999999993065 0
1516 0.0003000000000007487 0.001199999999998519 0
1517 0.0003000000000007487 0.0008999999999982169 0
1518 0.0003000000000007419 0.001499999999999278 0
1519 0.001200000000001385 0.0018 0.0005999999999984991
1520 0.001200000000001385 0.0018 0.001199999999998519
1521 0.0006000000000014974 0.0018 0.0005999999999984991
1522 0.0006000000000014974 0.0018 0.001199999999998519
1523 0.001500000000000693 0.0018 0.0005999999999984991
1524 0.001200000000001385 0.0018 0.0002999999999992495
1525 0.001500000000000695 0.0018 0.0002999999999993065
1526 0.001500000000000692 0.0018 0.001199999999998519
1527 0.001200000000001385 0.0018 0.0008999999999985089
1528 0.001500000000000693 0.0018 0.0008999999999982168
1529 0.001200000000001385 0.0018 0.001499999999999259
1530 0.001500000000000695 0.0018 0.001499999999999278
1531 0.0009000000000014413 0.0018 0.0005999999999984991
1532 0.0006000000000014976 0.0018 0.0002999999999992495
1533 0.0009000000000019418 0.0018 0.0002999999999992495
1534 0.0009000000000014411 0.0018 0.001199999999998519
1535 0.0006000000000014974 0.0018 0.0008999999999985089
1536 0.0009000000000014413 0.0018 0.0008999999999985088
1537 0.0006000000000014976 0.0018 0.001499999999999259
1538 0.0009000000000019416 0.0018 0.001499999999999259
1539 0.0003000000000007487 0.0018 0.0005999999999984991
1540 0.0003000000000007419 0.0018 0.0002999999999993065
1541 0.0003000000000007487 0.0018 0.001199999999998519
1542 0.0003000000000007487 0.0018 0.0008999999999982168
1543 0.0003000000000007419 0.0018 0.001499999999999278
1544 0.0018 0.0005999999999984991 0.0005999999999984991
1545 0.0018 0.001199999999998519 0.0005999999999984991
1546 0.0018 0.0005999999999984991 0.001199999999998519
1547 0.0018 0.001199999999998519 0.001199999999998519
1548 0.0018 0.0002999999999992495 0.0005999999999984991
1549 0.0018 0.0005999999999984991 0.0002999999999992495
1550 0.0018 0.0002999999999993065 0.0002999999999993065
1551 0.0018 0.0008999999999985089 0.0005999999999984991
1552 0.0018 0.001199999999998519 0.0002999999999992495
1553 0.0018 0.0008999999999982169 0.0002999999999992495
1554 0.0018 0.001499999999999259 0.0005999999999984991
1555 0.0018 0.001499999999999278 0.0002999999999993065
1556 0.0018 0.0002999999999992495 0.001199999999998519
1557 0.0018 0.0005999999999984991 0.0008999999999985089
1558 0.0018 0.0002999999999992495 0.0008999999999982168
1559 0.0018 0.0008999999999985089 0.001199999999998519
1560 0.0018 0.001199999999998519 0.0008999999999985089
1561 0.0018 0.0008999999999985089 0.0008999999999985088
1562 0.0018 0.001499999999999259 0.001199999999998519
1563 0.0018 0.001499999999999259 0.0008999999999982168
1564 0.0018 0.0005999999999984991 0.001499999999999259
1565 0.0018 0.0002999999999993065 0.001499999999999278
1566 0.0018 0.001199999999998519 0.001499999999999259
1567 0.0018 0.0008999999999982169 0.001499999999999259
1568 0.0018 0.001499999999999278 0.001499999999999278
1569 0.001200000000001385 0.0005999999999984991 0.0018
1570 0.001200000000001385 0.001199999999998519 0.0018
1571 0.0006000000000014974 0.0005999999999984991 0.0018
1572 0.0006000000000014974 0.001199999999998519 0.0018
1573 0.001200000000001385 0.0002999999999992495 0.0018
1574 0.001500000000000693 0.0005999999999984991 0.0018
1575 0.001500000000000695 0.0002999999999993065 0.0018
1576 0.001200000000001385 0.0008999999999985089 0.0018
1577 0.001500000000000692 0.001199999999998519 0.0018
1578 0.001500000000000692 0.0008999999999982169 0.0018
1579 0.001200000000001385 0.001499999999999259 0.0018
1580 0.001500000000000696 0.001499999999999278 0.0018
1581 0.0006000000000014976 0.0002999999999992495 0.0018
1582 0.0009000000000014413 0.0005999999999984991 0.0018
1583 0.0009000000000019416 0.0002999999999992495 0.0018
1584 0.0006000000000014974 0.0008999999999985089 0.0018
1585 0.0009000000000014411 0.001199999999998519 0.0018
1586 0.0009000000000014411 0.0008999999999985089 0.0018
1587 0.0006000000000014976 0.001499999999999259 0.0018
1588 0.0009000000000019416 0.001499999999999259 0.0018
1589 0.0003000000000007487 0.0005999999999984991 0.0018
1590 0.0003000000000007419 0.0002999999999993065 0.0018
1591 0.0003000000000007487 0.001199999999998519 0.0018
1592 0.0003000000000007487 0.0008999999999982169 0.0018
1593 0.0003000000000007419 0.001499999999999278 0.0018
1594 -0.00227335595526582 0.003829321792329047 -0.002273355957929001
1595 -0.002445993749971501 0.004202032000524976 -0.001166208232548722
1596 -0.001166208230747771 0.004202032002117518 -0.002445993748094301
1597 -0.001260123114674183 0.004671635631904933 -0.001260123112469583
1598 -0.002148606043751362 0.003560000467454828 -0.002776668640741369
1599 -0.002779191808447409 0.003559623509595553 -0.002145966766236947
1600 -0.002631948599906093 0.0033405558062417 -0.002629359897929005
1601 -0.002376301697024848 0.004043972340640114 -0.001731900098982197
1602 -0.002980066313603104 0.003861676145561082 -0.001098481730996247
1603 -0.002897036317649107 0.003733960043633694 -0.001632397919249216
1604 -0.002490419447079686 0.004295741873032353 -0.0005868668825924698
1605 -0.00303015582630341 0.003938639564808676 -0.0005525161055057331
1606 -0.001101266605513069 0.003862763324294287 -0.00297762847985921
1607 -0.001732261648700235 0.004044739515294249 -0.002374731949896574
1608 -0.001635373835140466 0.003735140331423623 -0.002893834674598843
1609 -0.001223211080169961 0.004473568411543865 -0.001868405823312038
1610 -0.001868480790635235 0.004473807356317221 -0.001222222268488445
1611 -0.001813993786398436 0.004292359945369985 -0.001812476935657731
1612 -0.001287605942287901 0.004789434565956602 -0.000635127920819875
1613 -0.00190523003266235 0.004581604427650926 -0.000615629264387945
1614 -0.0005871677753688301 0.004295809874644798 -0.002490231219078394
1615 -0.0005540779477502805 0.00393935101471786 -0.003028945560860775
1616 -0.0006352110285564052 0.004789441231183515 -0.001287540151699993
1617 -0.0006163223424616333 0.004581571258197652 -0.0019050857136202
1618 -0.0006493052321068523 0.004914967151757823 -0.0006492307853916537
1619 -0.001464837679493225 0.002280686966171534 -0.002280686966171534
1620 -0.00172967535898465 0.002761373932343229 -0.002761373932343229
1621 -0.0007395395191780684 0.002353796059252064 -0.002353796059252064
1622 -0.0008790790383544387 0.002907592118505063 -0.002907592118505063
1623 -0.001332418839747305 0.002040343483085768 -0.002040343483085767
1624 -0.001813544064071767 0.002221468707410922 -0.002221468707410922
1625 -0.001656772032036233 0.002010734353705461 -0.002010734353705461
1626 -0.001597256519238937 0.002521030449257382 -0.002521030449257382
1627 -0.002127088128142309 0.002642937414821599 -0.002642937414821599
1628 -0.001970316096107239 0.002432203061116461 -0.002432203061116461
1629 -0.001862094198729862 0.003001717415428852 -0.003001717415428852
1630 -0.002290308908698681 0.002861768680789705 -0.002861768680789705
1631 -0.000669769759589783 0.002076898029626033 -0.002076898029626032
1632 -0.001102188599335647 0.002317241512711799 -0.002317241512711799
1633 -0.001001094299669044 0.0020586207563559 -0.0020586207563559
1634 -0.0008093092787662536 0.002630694088878564 -0.002630694088878564
1635 -0.001304377198669545 0.002834483025424146 -0.002834483025424146
1636 -0.001203282899002595 0.002575862269067973 -0.002575862269067973
1637 -0.0009488487979423727 0.003184490148131864 -0.003184490148131864
1638 -0.001409452213493159 0.003101959859895332 -0.003101959859895332
1639 -0.0003697697595890342 0.002366153680613989 -0.002366153680613989
1640 -0.0003348848797948847 0.002083076840306927 -0.002083076840306927
1641 -0.0004395395191772194 0.002932307361229277 -0.002932307361229277
1642 -0.0004046546393831268 0.002649230520921224 -0.002649230520921224
1643 -0.0004757701190502584 0.003224627993187462 -0.003224627993187462
1644 0 0.002643375673655018 -0.001633333332149547
1645 0 0.003486751347312248 -0.002066666664298943
1646 0 0.002809876377435148 -0.0008313650740911132
1647 0 0.0038197527548728 -0.001062730148181383
1648 0 0.002221687836827509 -0.001416666666075466
1649 0 0.002510943487815465 -0.00200592231706273
1650 0 0.002155471743907665 -0.001752961158531647
1651 0 0.003065063510483633 -0.001849999998224245
1652 0 0.00322188697563287 -0.002511844634126217
1653 0 0.002866415231723758 -0.002258883475594064
1654 0 0.003908439184142134 -0.002283333330374269
1655 0 0.003594326839164495 -0.00277782588877741
1656 0 0.002304938188717574 -0.0007156825370463054
1657 0 0.002726626025545083 -0.00123234920312033
1658 0 0.002263313012772542 -0.001066174601561386
1659 0 0.003314814566153974 -0.0009470476111362483
1660 0 0.003653252051092524 -0.001564698406240163
1661 0 0.003189939038318804 -0.001398523804680247
1662 0 0.004324690943593185 -0.001178412685226855
1663 0 0.004136324857919853 -0.00173905778138834
1664 0 0.00283827152204951 -0.0004156825370455566
1665 0 0.002319135761024888 -0.0003578412685231459
1666 0 0.003876543044101527 -0.0005313650740906917
1667 0 0.003357407283074703 -0.0004735238055681241
1668 0 0.004416883675627628 -0.0005919980165179086
1669 -0.0008313650762561057 0.002809876376854505 0
1670 -0.001062730152514367 0.003819752753711514 0
1671 -0.00163333333434392 0.002643375672386993 0
1672 -0.002066666668690555 0.003486751344776198 0
1673 -0.0007156825381273024 0.002304938188427252 0
1674 -0.0004156825381280529 0.002838271521759188 0
1675 -0.0003578412690637081 0.002319135760879728 0
1676 -0.0009470476143852363 0.003314814565283009 0
1677 -0.0005313650762571834 0.003876543043520884 0
1678 -0.0004735238071926181 0.003357407282639221 0
1679 -0.001178412690643834 0.004324690942141577 0
1680 -0.0005919980194667102 0.004416883675091702 0
1681 -0.001416666667171219 0.002221687836193496 0
1682 -0.001232349205300013 0.002726626024620749 0
1683 -0.001066174602648969 0.002263313012310374 0
1684 -0.001850000001517238 0.003065063508581595 0
1685 -0.001564698410602461 0.003653252049243856 0
1686 -0.001398523807951237 0.003189939036932302 0
1687 -0.002283333335864501 0.003908439180972072 0
1688 -0.001739057788806836 0.004136324854826138 0
1689 -0.002005922318159916 0.002510943487181453 0
1690 -0.001752961159079539 0.002155471743590659 0
1691 -0.002511844636322023 0.003221886974364845 0
1692 -0.00225888347724056 0.002866415230772739 0
1693 -0.002777825891110405 0.003594326837582764 0
1694 -0.0023537960589952 0.0023537960589952 -0.0007395395209217745
1695 -0.002907592117991336 0.002907592117991336 -0.0008790790418448489
1696 -0.002280686965589879 0.002280686965589879 -0.00146483768138226
1697 -0.00276137393117992 0.00276137393117992 -0.001729675362765587
1698 -0.0020768980294976 0.0020768980294976 -0.0006697697604601368
1699 -0.002366153680485556 0.002366153680485556 -0.0003697697604608872
1700 -0.002083076840242711 0.002083076840242711 -0.0003348848802301253
1701 -0.002630694088493268 0.002630694088493268 -0.0008093092813833116
1702 -0.002932307360972414 0.002932307360972414 -0.0004395395209224245
1703 -0.002649230520728575 0.002649230520728575 -0.0004046546406916558
1704 -0.003184490147489705 0.003184490147489705 -0.0009488488023061349
1705 -0.003224627992979501 0.003224627992979501 -0.0004757701210154142
1706 -0.00204034348279494 0.00204034348279494 -0.001332418840690389
1707 -0.00231724151229254 0.00231724151229254 -0.001102188601152017
1708 -0.002058620756146269 0.00205862075614627 -0.001001094300574971
1709 -0.0025210304483849 0.0025210304483849 -0.001597256522073923
1710 -0.002834483024585627 0.002834483024585627 -0.001304377202305218
1711 -0.002575862268439084 0.002575862268439084 -0.001203282901728618
1712 -0.003001717413974714 0.003001717413974714 -0.001862094203456749
1713 -0.003101959858438534 0.003101959858438533 -0.001409452219927512
1714 -0.002221468707120094 0.002221468707120094 -0.001813544065016285
1715 -0.002010734353560047 0.002010734353560047 -0.001656772032507791
1716 -0.002642937414239944 0.002642937414239944 -0.002127088130032778
1717 -0.00243220306068022 0.00243220306068022 -0.001970316097524732
1718 -0.002861768679868916 0.002861768679868916 -0.002290308911225845
1719 -0.001260123116733867 0.004671635630877203 0.001260123114219986
1720 -0.001166208234514719 0.004202032000056616 0.002445993749838754
1721 -0.002445993752456962 0.004202031999829868 0.001166208229840326
1722 -0.002273355959936613 0.003829321791329889 0.002273355954941224
1723 -0.0006352110297898085 0.004789441229657328 0.001287540156768657
1724 -0.001287605943291633 0.004789434565577902 0.000635127921640728
1725 -0.0006493052325464644 0.004914967151354708 0.0006492307880037466
1726 -0.0005871677778346755 0.004295809871810105 0.002490231223387002
1727 -0.001223211084003973 0.004473568409854145 0.001868405824847714
1728 -0.0006163223467370788 0.004581571217240771 0.001905085810734889
1729 -0.001101266610585475 0.003862763322511683 0.002977628480295699
1730 -0.0005540779504379348 0.003939351013059637 0.003028945562525761
1731 -0.001868483217674565 0.004473811234445175 0.001222204362543607
1732 -0.002490419443530791 0.004295741875581288 0.0005868668789948291
1733 -0.001905230811072828 0.004581605326072418 0.0006156201691332203
1734 -0.001732261652612996 0.004044739513952994 0.002374731949326866
1735 -0.002376301702349834 0.004043972338253447 0.001731900097248749
1736 -0.001813995326832168 0.004292362937779776 0.001812468307200324
1737 -0.002148606050553207 0.003560000465580735 0.002776668637880849
1738 -0.001635373842395482 0.003735140329454063 0.002893834673041018
1739 -0.002980066315154726 0.00386167614562696 0.00109848172655526
1740 -0.003030155824753246 0.003938639566414854 0.0005525161025575378
1741 -0.002779191811441937 0.003559623509958139 0.002145966761757361
1742 -0.002897036321089781 0.003733960043351219 0.001632397913789142
1743 -0.002631948603934849 0.003340555805655161 0.002629359894641466
1744 0 0.002809876376854505 0.0008313650762561057
1745 0 0.003819752753711514 0.001062730152514367
1746 0 0.002643375672386993 0.00163333333434392
1747 0 0.003486751344776198 0.002066666668690555
1748 0 0.002304938188427252 0.0007156825381273024
1749 0 0.002838271521759188 0.0004156825381280529
1750 0 0.002319135760879728 0.0003578412690637081
1751 0 0.003314814565283009 0.0009470476143852363
1752 0 0.003876543043520884 0.0005313650762571834
1753 0 0.003357407282639221 0.0004735238071926181
1754 0 0.004324690942141577 0.001178412690643834
1755 0 0.004416883675091702 0.0005919980194667102
1756 0 0.002221687836193496 0.001416666667171219
1757 0 0.002726626024620749 0.001232349205300013
1758 0 0.002263313012310374 0.001066174602648969
1759 0 0.003065063508581595 0.001850000001517238
1760 0 0.003653252049243856 0.001564698410602461
1761 0 0.003189939036932302 0.001398523807951237
1762 0 0.003908439180972072 0.002283333335864501
1763 0 0.004136324854826138 0.001739057788806836
1764 0 0.002510943487181453 0.002005922318159916
1765 0 0.002155471743590659 0.001752961159079539
1766 0 0.003221886974364845 0.002511844636322023
1767 0 0.002866415230772739 0.00225888347724056
1768 0 0.003594326837582764 0.002777825891110405
1769 -0.0007395395209209901 0.002353796058994341 0.002353796058994341
1770 -0.0008790790418440747 0.002907592117990487 0.002907592117990487
1771 -0.001464837681380729 0.002280686965588288 0.002280686965588288
1772 -0.001729675362764076 0.002761373931178349 0.002761373931178349
1773 -0.0006697697604597446 0.002076898029497171 0.00207689802949717
1774 -0.0003697697604604951 0.002366153680485127 0.002366153680485127
1775 -0.0003348848802299292 0.002083076840242495 0.002083076840242495
1776 -0.0008093092813825324 0.002630694088492414 0.002630694088492414
1777 -0.0004395395209220374 0.00293230736097199 0.00293230736097199
1778 -0.0004046546406912662 0.002649230520728148 0.002649230520728148
1779 -0.0009488488023057478 0.00318449014748928 0.003184490147489281
1780 -0.0004757701210934897 0.003224627992973592 0.003224627992973592
1781 -0.001332418840689624 0.002040343482794144 0.002040343482794144
1782 -0.001102188601150859 0.002317241512291315 0.002317241512291315
1783 -0.001001094300574392 0.002058620756145658 0.002058620756145657
1784 -0.001597256522072402 0.002521030448383318 0.002521030448383318
1785 -0.001304377202304075 0.002834483024584417 0.002834483024584417
1786 -0.001203282901727467 0.002575862268437866 0.002575862268437866
1787 -0.001862094203455994 0.003001717413973929 0.003001717413973929
1788 -0.001409452219446014 0.003101959858546015 0.003101959858546015
1789 -0.001813544065014417 0.002221468707118197 0.002221468707118197
1790 -0.001656772032506846 0.002010734353559088 0.002010734353559087
1791 -0.002127088130030934 0.002642937414238071 0.002642937414238071
1792 -0.001970316097522413 0.002432203060677871 0.002432203060677871
1793 -0.002290308911225443 0.002861768679868499 0.002861768679868499
1794 -0.002280686966153568 0.002280686966153568 0.001464837679544925
1795 -0.00276137393230891 0.00276137393230891 0.001729675359089601
1796 -0.002353796059279017 0.002353796059279017 0.0007395395189882569
1797 -0.00290759211855984 0.00290759211855984 0.0008790790379756095
1798 -0.002040343483076784 0.002040343483076784 0.001332418839773155
1799 -0.002221468707400837 0.002221468707400837 0.001813544064096515
1800 -0.002010734353700408 0.002010734353700408 0.001656772032048596
1801 -0.002521030449231239 0.002521030449231239 0.001597256519317263
1802 -0.002642937414803352 0.002642937414803352 0.002127088128193697
1803 -0.002432203061101832 0.002432203061101832 0.001970316096144844
1804 -0.003001717415387131 0.003001717415387131 0.001862094198862183
1805 -0.002861768680750631 0.002861768680750631 0.002290308908801409
1806 -0.002076898029639509 0.002076898029639509 0.0006697697594948772
1807 -0.002317241512716293 0.002317241512716293 0.001102188599266591
1808 -0.002058620756358147 0.002058620756358147 0.001001094299634516
1809 -0.002630694088919429 0.002630694088919429 0.0008093092784819332
1810 -0.002834483025434375 0.002834483025434375 0.001304377198532605
1811 -0.002575862269075334 0.002575862269075334 0.001203282898899598
1812 -0.003184490148200973 0.003184490148200973 0.0009488487974694166
1813 -0.003101959859840705 0.003101959859840705 0.001409452213690508
1814 -0.002366153680627465 0.002366153680627465 0.0003697697594941284
1815 -0.002083076840313665 0.002083076840313665 0.0003348848797474318
1816 -0.002932307361256666 0.002932307361256666 0.0004395395189878047
1817 -0.002649230520941656 0.002649230520941656 0.0004046546392409666
1818 -0.003224627993202432 0.003224627993202432 0.0004757701189380263
1819 0.001166208233015899 0.004202032002873054 -0.002445993745714939
1820 0.001260123112702408 0.004671635633052088 -0.001260123110188527
1821 0.00227335595834649 0.003829321793217909 -0.0022733559533511
1822 0.002445993748333146 0.004202032002646306 -0.001166208228341505
1823 0.001101266609198398 0.003862763324044094 -0.002977628478820766
1824 0.0005871677762109403 0.004295809875183133 -0.00249023121795117
1825 0.0005540779493011045 0.003939351014786438 -0.003028945560487897
1826 0.001223211080028896 0.004473568412095121 -0.001868405822084502
1827 0.0006352110278754385 0.004789441231543679 -0.001287540150696199
1828 0.0006163223424118786 0.004581571258421382 -0.001905085713098241
1829 0.001287605936425407 0.00478943456772806 -0.0006351279193466235
1830 0.0006493052289805635 0.004914967152272264 -0.0006492307846237435
1831 0.002148606048259905 0.003560000466874047 -0.00277666863799725
1832 0.001732261651370633 0.004044739516244756 -0.002374731946329691
1833 0.001635373840690156 0.003735140330777491 -0.002893834672296559
1834 0.00237630169844712 0.004043972341023419 -0.001731900096135716
1835 0.001868480788530043 0.004473807358412143 -0.001222222264038541
1836 0.001813993786957199 0.004292359946239205 -0.001812476933039987
1837 0.002490419438561114 0.004295741878477177 -0.0005868668788867812
1838 0.001905230023219111 0.004581604432016952 -0.0006156292611199652
1839 0.002779191810759166 0.003559623510912048 -0.002145966761059305
1840 0.002631948602896166 0.003340555806385808 -0.002629359894752899
1841 0.002980066313296272 0.003861676147243775 -0.001098481725913195
1842 0.002897036319339798 0.003733960044899765 -0.001632397913352701
1843 0.003030155822761841 0.003938639567948152 -0.0005525161025487882
1844 0.0007395395209209901 0.002353796058994341 -0.002353796058994341
1845 0.0008790790418440747 0.002907592117990487 -0.002907592117990487
1846 0.001464837681380729 0.002280686965588288 -0.002280686965588288
1847 0.001729675362764076 0.002761373931178349 -0.002761373931178349
1848 0.0006697697604597446 0.002076898029497171 -0.002076898029497171
1849 0.0003697697604604951 0.002366153680485127 -0.002366153680485127
1850 0.0003348848802299292 0.002083076840242496 -0.002083076840242496
1851 0.0008093092813825324 0.002630694088492414 -0.002630694088492414
1852 0.0004395395209220374 0.002932307360971989 -0.002932307360971989
1853 0.0004046546406912662 0.002649230520728149 -0.002649230520728149
1854 0.0009488488023057478 0.003184490147489281 -0.003184490147489281
1855 0.0004757701210934897 0.003224627992973593 -0.003224627992973593
1856 0.001332418840689624 0.002040343482794144 -0.002040343482794144
1857 0.001102188601150859 0.002317241512291315 -0.002317241512291315
1858 0.001001094300574392 0.002058620756145658 -0.002058620756145658
1859 0.001597256522072402 0.002521030448383318 -0.002521030448383318
1860 0.001304377202304075 0.002834483024584418 -0.002834483024584418
1861 0.001203282901727467 0.002575862268437866 -0.002575862268437866
1862 0.001862094203455994 0.003001717413973929 -0.003001717413973929
1863 0.001409452219446014 0.003101959858546015 -0.003101959858546015
1864 0.001813544065014417 0.002221468707118197 -0.002221468707118197
1865 0.001656772032506846 0.002010734353559087 -0.002010734353559087
1866 0.002127088130030934 0.002642937414238071 -0.002642937414238071
1867 0.001970316097522413 0.002432203060677872 -0.002432203060677872
1868 0.002290308911225443 0.002861768679868499 -0.002861768679868499
1869 0.002280686966153568 0.002280686966153568 -0.001464837679544925
1870 0.002761373932308911 0.002761373932308911 -0.001729675359089601
1871 0.002353796059279018 0.002353796059279018 -0.0007395395189882569
1872 0.002907592118559841 0.002907592118559841 -0.0008790790379756095
1873 0.002040343483076784 0.002040343483076784 -0.001332418839773155
1874 0.002221468707400837 0.002221468707400837 -0.001813544064096515
1875 0.002010734353700407 0.002010734353700407 -0.001656772032048596
1876 0.00252103044923124 0.00252103044923124 -0.001597256519317263
1877 0.002642937414803352 0.002642937414803352 -0.002127088128193697
1878 0.002432203061101832 0.002432203061101832 -0.001970316096144844
1879 0.003001717415387131 0.003001717415387131 -0.001862094198862183
1880 0.002861768680750631 0.00286176868075063 -0.002290308908801409
1881 0.002076898029639509 0.002076898029639509 -0.0006697697594948772
1882 0.002317241512716293 0.002317241512716293 -0.001102188599266591
1883 0.002058620756358146 0.002058620756358146 -0.001001094299634516
1884 0.002630694088919429 0.002630694088919429 -0.0008093092784819332
1885 0.002834483025434376 0.002834483025434376 -0.001304377198532605
1886 0.002575862269075334 0.002575862269075334 -0.001203282898899598
1887 0.003184490148200974 0.003184490148200973 -0.0009488487974694166
1888 0.003101959859840705 0.003101959859840705 -0.001409452213690508
1889 0.002366153680627465 0.002366153680627466 -0.0003697697594941284
1890 0.002083076840313666 0.002083076840313666 -0.0003348848797474318
1891 0.002932307361256666 0.002932307361256666 -0.0004395395189878047
1892 0.002649230520941656 0.002649230520941656 -0.0004046546392409666
1893 0.003224627993202432 0.003224627993202432 -0.0004757701189380263
1894 0.001633333332149547 0.002643375673655018 0
1895 0.002066666664298943 0.003486751347312248 0
1896 0.0008313650740911132 0.002809876377435148 0
1897 0.001062730148181383 0.0038197527548728 0
1898 0.001416666666075466 0.002221687836827509 0
1899 0.00200592231706273 0.002510943487815465 0
1900 0.001752961158531647 0.002155471743907665 0
1901 0.001849999998224245 0.003065063510483633 0
1902 0.002511844634126217 0.00322188697563287 0
1903 0.002258883475594064 0.002866415231723758 0
1904 0.002283333330374269 0.003908439184142134 0
1905 0.00277782588877741 0.003594326839164495 0
1906 0.0007156825370463054 0.002304938188717574 0
1907 0.00123234920312033 0.002726626025545083 0
1908 0.001066174601561386 0.002263313012772542 0
1909 0.0009470476111362483 0.003314814566153974 0
1910 0.001564698406240163 0.003653252051092524 0
1911 0.001398523804680247 0.003189939038318804 0
1912 0.001178412685226855 0.004324690943593185 0
1913 0.00173905778138834 0.004136324857919853 0
1914 0.0004156825370455566 0.00283827152204951 0
1915 0.0003578412685231459 0.002319135761024888 0
1916 0.0005313650740906917 0.003876543044101527 0
1917 0.0004735238055681241 0.003357407283074703 0
1918 0.0005919980165179086 0.004416883675627628 0
1919 0.00244599374545602 0.004202032002474296 0.001166208234995746
1920 0.002273355952788917 0.003829321792329047 0.002273355960405905
1921 0.001260123110201313 0.004671635631904934 0.001260123116942454
1922 0.001166208228300748 0.004202032000168199 0.002445993752609781
1923 0.002980066311516028 0.003861676146825817 0.001098481732212134
1924 0.002490419435418171 0.004295741880228304 0.0005868668794062544
1925 0.003030155821254253 0.00393863956890584 0.0005525161039898983
1926 0.002779191807248831 0.003559623509783703 0.002145966767477103
1927 0.002376301694955907 0.004043972340285762 0.001731900102648355
1928 0.002897036316661581 0.003733960043613732 0.00163239792104745
1929 0.002148606043854377 0.003560000465890751 0.002776668642666979
1930 0.002631948599935514 0.003340555805486282 0.002629359898859299
1931 0.001868480786078518 0.004473807358427623 0.001222222267729668
1932 0.001287605942331168 0.004789434565013498 0.0006351279278440097
1933 0.001905230024423335 0.004581604431124188 0.0006156292640372616
1934 0.001732261646415903 0.004044739514140144 0.002374731953528612
1935 0.001223211076993136 0.004473568410311219 0.001868405828343201
1936 0.001813993783988229 0.004292359945352356 0.001812476938111704
1937 0.001101266604436092 0.003862763323219662 0.002977628481651597
1938 0.001635373834765021 0.003735140330033642 0.002893834676605096
1939 0.0006352110254754099 0.004789441230365789 0.001287540156261819
1940 0.0006493052311788417 0.004914967151268742 0.0006492307900223238
1941 0.0005871677751357454 0.004295809870916683 0.002490231225564592
1942 0.0006163223409850724 0.004581571255150851 0.001905085721425189
1943 0.0005540779476698718 0.00393935101277589 0.00302894556340115
1944 0.002353796058994341 0.002353796058994341 0.0007395395209209901
1945 0.002907592117990487 0.002907592117990487 0.0008790790418440747
1946 0.002280686965588288 0.002280686965588288 0.001464837681380729
1947 0.002761373931178349 0.002761373931178349 0.001729675362764076
1948 0.002076898029497171 0.002076898029497171 0.0006697697604597446
1949 0.002366153680485127 0.002366153680485127 0.0003697697604604951
1950 0.002083076840242496 0.002083076840242496 0.0003348848802299292
1951 0.002630694088492414 0.002630694088492414 0.0008093092813825324
1952 0.002932307360971989 0.002932307360971989 0.0004395395209220374
1953 0.002649230520728149 0.002649230520728149 0.0004046546406912662
1954 0.003184490147489281 0.003184490147489281 0.0009488488023057478
1955 0.00322462799297929 0.00322462799297929 0.0004757701210152207
1956 0.002040343482794144 0.002040343482794144 0.001332418840689624
1957 0.002317241512291315 0.002317241512291315 0.001102188601150859
1958 0.002058620756145658 0.002058620756145658 0.001001094300574392
1959 0.002521030448383318 0.002521030448383318 0.001597256522072402
1960 0.002834483024584418 0.002834483024584418 0.001304377202304075
1961 0.002575862268437866 0.002575862268437866 0.001203282901727467
1962 0.003001717413973929 0.003001717413973929 0.001862094203455994
1963 0.003101959858437929 0.003101959858437929 0.001409452219926941
1964 0.002221468707118197 0.002221468707118197 0.001813544065014417
1965 0.002010734353559087 0.002010734353559087 0.001656772032506846
1966 0.002642937414238071 0.002642937414238071 0.002127088130030934
1967 0.002432203060677872 0.002432203060677872 0.001970316097522413
1968 0.002861768679868499 0.002861768679868499 0.002290308911225443
1969 0.001464837679491693 0.002280686966169942 0.002280686966169942
1970 0.001729675358983139 0.002761373932341658 0.002761373932341658
1971 0.0007395395191772844 0.002353796059251205 0.002353796059251205
1972 0.0008790790383536646 0.002907592118504214 0.002907592118504214
1973 0.001332418839746539 0.002040343483084971 0.002040343483084971
1974 0.0018135440640699 0.002221468707409024 0.002221468707409024
1975 0.001656772032035288 0.002010734353704501 0.002010734353704501
1976 0.001597256519237416 0.0025210304492558 0.0025210304492558
1977 0.002127088128140466 0.002642937414819725 0.002642937414819725
1978 0.001970316096104921 0.002432203061114112 0.002432203061114112
1979 0.001862094198729106 0.003001717415428066 0.003001717415428066
1980 0.002290308908698279 0.002861768680789288 0.002861768680789288
1981 0.0006697697595893909 0.002076898029625602 0.002076898029625602
1982 0.001102188599334489 0.002317241512710573 0.002317241512710573
1983 0.001001094299668466 0.002058620756355287 0.002058620756355287
1984 0.0008093092787654745 0.002630694088877709 0.002630694088877709
1985 0.001304377198668402 0.002834483025422936 0.002834483025422936
1986 0.001203282899001445 0.002575862269066754 0.002575862269066754
1987 0.0009488487979419857 0.003184490148131439 0.003184490148131439
1988 0.001409452213492588 0.003101959859894727 0.003101959859894727
1989 0.0003697697595886422 0.002366153680613559 0.002366153680613559
1990 0.0003348848797946887 0.002083076840306711 0.002083076840306711
1991 0.0004395395191768323 0.002932307361228853 0.002932307361228853
1992 0.0004046546393827372 0.002649230520920795 0.002649230520920795
1993 0.0004757701190500649 0.003224627993187249 0.003224627993187249
1994 -0.0022733559579031 -0.003829321792273899 -0.002273355955384614
1995 -0.001166208232541798 -0.004202032000490177 -0.002445993750034587
1996 -0.002445993748137315 -0.004202032002212747 -0.001166208230314427
1997 -0.001260123112481702 -0.004671635631964647 -0.001260123114440691
1998 -0.002779191810501263 -0.003559623510529169 -0.002145966762028412
1999 -0.002148606046898999 -0.003560000468262794 -0.002776668637269804
2000 -0.002631948602243663 -0.003340555807152772 -0.002629359894431632
2001 -0.001732261650914553 -0.004044739514483552 -0.002374731949662139
2002 -0.001101266610160931 -0.003862763322403942 -0.002977628480592485
2003 -0.001635373840389355 -0.003735140330478984 -0.00289383467285184
2004 -0.0005871677761777476 -0.004295809872272544 -0.002490231222979952
2005 -0.0005540779499096345 -0.003939351013182442 -0.003028945562462688
2006 -0.00298006631318196 -0.003861676147067736 -0.001098481726842171
2007 -0.002376301699005552 -0.004043972339415411 -0.00173190009912419
2008 -0.002897036319561176 -0.003733960044103619 -0.001632397914780931
2009 -0.001868483213413083 -0.004473811235729245 -0.001222204364358223
2010 -0.001223211080836561 -0.004473568410397701 -0.001868405825619915
2011 -0.001813995323732588 -0.004292362938218565 -0.001812468309263363
2012 -0.0006352110268197827 -0.004789441230286844 -0.001287540155892235
2013 -0.0006163223424382661 -0.004581571255629109 -0.00190508571980489
2014 -0.002490419439624228 -0.004295741877742549 -0.0005868668797526932
2015 -0.003030155823245875 -0.003938639567518983 -0.0005525161029535573
2016 -0.001287605934043972 -0.004789434568199573 -0.0006351279206189202
2017 -0.001905230802700238 -0.004581605329461527 -0.000615620169822217
2018 -0.0006493052271952707 -0.004914967152207166 -0.0006492307869020709
2019 -0.0008790790418441241 -0.00290759211799242 -0.00290759211799242
2020 -0.0007395395209210451 -0.002353796058996475 -0.002353796058996475
2021 -0.001729675362764137 -0.002761373931179375 -0.002761373931179375
2022 -0.001464837681380797 -0.002280686965589421 -0.002280686965589421
2023 -0.0004395395209220621 -0.002932307360974311 -0.002932307360974311
2024 -0.0009488488023057725 -0.003184490147490247 -0.003184490147490247
2025 -0.0004757701210935019 -0.003224627992974431 -0.003224627992974431
2026 -0.0003697697604605226 -0.002366153680487691 -0.002366153680487691
2027 -0.0008093092813825847 -0.002630694088494448 -0.002630694088494448
2028 -0.0004046546406912923 -0.002649230520731299 -0.002649230520731299
2029 -0.000669769760459772 -0.002076898029498237 -0.002076898029498237
2030 -0.0003348848802299429 -0.002083076840244144 -0.002083076840244144
2031 -0.00130437720230413 -0.002834483024585897 -0.002834483024585897
2032 -0.001862094203456024 -0.003001717413974443 -0.003001717413974443
2033 -0.001409452219446041 -0.003101959858546755 -0.003101959858546755
2034 -0.001102188601150921 -0.002317241512292948 -0.002317241512292948
2035 -0.001597256522072467 -0.002521030448384399 -0.002521030448384399
2036 -0.001203282901727526 -0.002575862268439423 -0.002575862268439423
2037 -0.001332418840689658 -0.00204034348279471 -0.00204034348279471
2038 -0.001001094300574423 -0.002058620756146475 -0.002058620756146475
2039 -0.002127088130030964 -0.002642937414238585 -0.002642937414238585
2040 -0.002290308911225458 -0.002861768679868756 -0.002861768679868756
2041 -0.001813544065014451 -0.002221468707118764 -0.002221468707118764
2042 -0.001970316097522445 -0.002432203060678412 -0.002432203060678412
2043 -0.001656772032506862 -0.002010734353559371 -0.002010734353559371
2044 0 -0.003819752753717022 -0.001062730152515473
2045 0 -0.002809876376859905 -0.0008313650762573079
2046 0 -0.003486751344780567 -0.002066666668692614
2047 0 -0.002643375672391451 -0.001633333334346169
2048 0 -0.003876543043526674 -0.0005313650762577366
2049 0 -0.004324690942144331 -0.001178412690644387
2050 0 -0.00441688367509388 -0.0005919980194669868
2051 0 -0.002838271521764768 -0.000415682538128654
2052 0 -0.003314814565288464 -0.0009470476143863905
2053 0 -0.003357407282645826 -0.0004735238071931953
2054 0 -0.002304938188429952 -0.0007156825381279035
2055 0 -0.002319135760882384 -0.0003578412690640086
2056 0 -0.003653252049248794 -0.001564698410604044
2057 0 -0.003908439180974256 -0.002283333335865531
2058 0 -0.004136324854828607 -0.001739057788807627
2059 0 -0.002726626024625678 -0.001232349205301738
2060 0 -0.003065063508586009 -0.001850000001519391
2061 0 -0.003189939036937236 -0.001398523807952891
2062 0 -0.002221687836195725 -0.001416666667172344
2063 0 -0.002263313012312839 -0.001066174602649832
2064 0 -0.003221886974368385 -0.002511844636324408
2065 0 -0.00359432683758421 -0.002777825891111274
2066 0 -0.002510943487185178 -0.002005922318162538
2067 0 -0.002866415230777079 -0.00225888347724377
2068 0 -0.002155471743592887 -0.001752961159081215
2069 -0.002066666664301001 -0.003486751347316617 0
2070 -0.001633333332151796 -0.002643375673659477 0
2071 -0.00106273014818249 -0.003819752754878309 0
2072 -0.0008313650740923155 -0.002809876377440548 0
2073 -0.002511844634128602 -0.00322188697563641 0
2074 -0.002283333330375299 -0.003908439184144318 0
2075 -0.00277782588877828 -0.003594326839165942 0
2076 -0.002005922317065351 -0.002510943487819192 0
2077 -0.001849999998226399 -0.003065063510488047 0
2078 -0.002258883475597274 -0.002866415231728098 0
2079 -0.00141666666607659 -0.002221687836829738 0
2080 -0.001752961158533323 -0.002155471743909894 0
2081 -0.001564698406241746 -0.003653252051097463 0
2082 -0.001178412685227408 -0.00432469094359594 0
2083 -0.001739057781389131 -0.004136324857922322 0
2084 -0.001232349203122056 -0.002726626025550012 0
2085 -0.0009470476111374029 -0.003314814566159428 0
2086 -0.001398523804681901 -0.003189939038323738 0
2087 -0.0007156825370469065 -0.002304938188720274 0
2088 -0.001066174601562249 -0.002263313012775006 0
2089 -0.0005313650740912451 -0.003876543044107318 0
2090 -0.0005919980165181853 -0.004416883675629806 0
2091 -0.0004156825370461578 -0.002838271522055089 0
2092 -0.0004735238055687014 -0.003357407283081308 0
2093 -0.0003578412685234465 -0.002319135761027545 0
2094 -0.002761373932309936 -0.002761373932309936 -0.001729675359089662
2095 -0.002280686966154702 -0.002280686966154702 -0.001464837679544992
2096 -0.002907592118561772 -0.002907592118561772 -0.000879079037975659
2097 -0.002353796059281152 -0.002353796059281152 -0.0007395395189883115
2098 -0.002642937414803864 -0.002642937414803864 -0.002127088128193727
2099 -0.003001717415387643 -0.003001717415387643 -0.001862094198862214
2100 -0.002861768680750886 -0.002861768680750886 -0.002290308908801424
2101 -0.002221468707401404 -0.002221468707401404 -0.001813544064096549
2102 -0.002521030449232319 -0.002521030449232319 -0.001597256519317327
2103 -0.002432203061102371 -0.002432203061102371 -0.001970316096144875
2104 -0.002040343483077351 -0.002040343483077351 -0.001332418839773188
2105 -0.002010734353700691 -0.002010734353700691 -0.001656772032048612
2106 -0.002834483025435854 -0.002834483025435854 -0.00130437719853266
2107 -0.003184490148201938 -0.003184490148201938 -0.0009488487974694413
2108 -0.003101959859841444 -0.003101959859841444 -0.001409452213690536
2109 -0.002317241512717927 -0.002317241512717927 -0.001102188599266652
2110 -0.002630694088921462 -0.002630694088921462 -0.0008093092784819852
2111 -0.00257586226907689 -0.00257586226907689 -0.001203282898899656
2112 -0.002076898029640576 -0.002076898029640576 -0.0006697697594949044
2113 -0.002058620756358963 -0.002058620756358963 -0.001001094299634547
2114 -0.002932307361258987 -0.002932307361258987 -0.0004395395189878295
2115 -0.00322462799320327 -0.00322462799320327 -0.0004757701189380386
2116 -0.002366153680630029 -0.002366153680630029 -0.0003697697594941558
2117 -0.002649230520944806 -0.002649230520944806 -0.0004046546392409926
2118 -0.002083076840315312 -0.002083076840315312 -0.0003348848797474454
2119 -0.002445993745651853 -0.004202032002907855 0.001166208233022823
2120 -0.001260123110422018 -0.004671635632992374 0.00126012311269029
2121 -0.002273355953232307 -0.003829321793273055 0.002273355958372391
2122 -0.00116620822877485 -0.004202032002551077 0.002445993748290132
2123 -0.002980066311630337 -0.003861676147001856 0.001098481731283157
2124 -0.002490419437224381 -0.004295741879251843 0.0005868668788889241
2125 -0.003030155822086266 -0.003938639568301651 0.0005525161037338968
2126 -0.001868480786316021 -0.004473807358773997 0.001222222266098717
2127 -0.001287605936936492 -0.004789434567327834 0.0006351279213285631
2128 -0.001905230022859747 -0.00458160443213871 0.0006156292613259753
2129 -0.0006352110265309226 -0.004789441231615264 0.001287540151093235
2130 -0.0006493052289977789 -0.004914967152215038 0.0006492307850397499
2131 -0.002779191807506734 -0.003559623510166582 0.002145966766507996
2132 -0.002376301695346215 -0.004043972341186776 0.001731900100008958
2133 -0.002897036316872343 -0.003733960044004545 0.001632397919779458
2134 -0.001732261646765312 -0.004044739515951376 0.002374731950188769
2135 -0.001223211076439451 -0.004473568412399102 0.001868405823706618
2136 -0.00181399378384162 -0.004292359946685461 0.001812476935101337
2137 -0.0005871677748847687 -0.004295809874948747 0.002490231218668197
2138 -0.000616322340909084 -0.004581571258591701 0.001905085713174813
2139 -0.00214860604420024 -0.003560000466908686 0.002776668641094239
2140 -0.002631948600161468 -0.003340555805960873 0.002629359898030162
2141 -0.001101266605672359 -0.003862763324435649 0.002977628479616912
2142 -0.001635373835485678 -0.003735140331233915 0.002893834674648616
2143 -0.0005540779480850333 -0.003939351014924561 0.003028945560530711
2144 0 -0.003486751347316617 0.002066666664301001
2145 0 -0.002643375673659477 0.001633333332151796
2146 0 -0.003819752754878309 0.00106273014818249
2147 0 -0.002809876377440548 0.0008313650740923155
2148 0 -0.00322188697563641 0.002511844634128602
2149 0 -0.003908439184144318 0.002283333330375299
2150 0 -0.003594326839165942 0.00277782588877828
2151 0 -0.002510943487819192 0.002005922317065351
2152 0 -0.003065063510488047 0.001849999998226399
2153 0 -0.002866415231728098 0.002258883475597274
2154 0 -0.002221687836829738 0.00141666666607659
2155 0 -0.002155471743909894 0.001752961158533323
2156 0 -0.003653252051097463 0.001564698406241746
2157 0 -0.00432469094359594 0.001178412685227408
2158 0 -0.004136324857922322 0.001739057781389131
2159 0 -0.002726626025550012 0.001232349203122056
2160 0 -0.003314814566159428 0.0009470476111374029
2161 0 -0.003189939038323738 0.001398523804681901
2162 0 -0.002304938188720274 0.0007156825370469065
2163 0 -0.002263313012775006 0.001066174601562249
2164 0 -0.003876543044107318 0.0005313650740912451
2165 0 -0.004416883675629806 0.0005919980165181853
2166 0 -0.002838271522055089 0.0004156825370461578
2167 0 -0.003357407283081308 0.0004735238055687014
2168 0 -0.002319135761027545 0.0003578412685234465
2169 -0.001729675358984712 -0.002761373932344255 0.002761373932344255
2170 -0.001464837679493293 -0.002280686966172667 0.002280686966172667
2171 -0.0008790790383544888 -0.002907592118506995 0.002907592118506995
2172 -0.0007395395191781237 -0.002353796059254198 0.002353796059254198
2173 -0.00212708812814234 -0.002642937414822111 0.002642937414822111
2174 -0.001862094198729892 -0.003001717415429364 0.003001717415429364
2175 -0.002290308908698696 -0.002861768680789961 0.002861768680789961
2176 -0.001813544064071801 -0.002221468707411488 0.002221468707411488
2177 -0.001597256519239002 -0.002521030449258461 0.002521030449258461
2178 -0.001970316096107271 -0.002432203061117001 0.002432203061117001
2179 -0.001332418839747339 -0.002040343483086334 0.002040343483086334
2180 -0.00165677203203625 -0.002010734353705744 0.002010734353705744
2181 -0.0013043771986696 -0.002834483025425625 0.002834483025425625
2182 -0.0009488487979423977 -0.003184490148132829 0.003184490148132829
2183 -0.001409452213493187 -0.003101959859896071 0.003101959859896071
2184 -0.001102188599335708 -0.002317241512713433 0.002317241512713433
2185 -0.0008093092787663063 -0.002630694088880597 0.002630694088880597
2186 -0.001203282899002654 -0.002575862269069529 0.002575862269069529
2187 -0.0006697697595898106 -0.002076898029627099 0.002076898029627099
2188 -0.001001094299669075 -0.002058620756356716 0.002058620756356716
2189 -0.0004395395191772444 -0.002932307361231599 0.002932307361231599
2190 -0.000475770119050271 -0.0032246279931883 0.0032246279931883
2191 -0.0003697697595890618 -0.002366153680616552 0.002366153680616552
2192 -0.0004046546393831531 -0.002649230520924373 0.002649230520924373
2193 -0.0003348848797948985 -0.002083076840308574 0.002083076840308574
2194 -0.002907592117993269 -0.002907592117993269 0.0008790790418448984
2195 -0.002353796058997335 -0.002353796058997335 0.0007395395209218292
2196 -0.002761373931180947 -0.002761373931180947 0.001729675362765648
2197 -0.002280686965591013 -0.002280686965591013 0.001464837681382328
2198 -0.002932307360974736 -0.002932307360974736 0.0004395395209224492
2199 -0.003184490147490671 -0.003184490147490671 0.0009488488023061595
2200 -0.00322462799298034 -0.00322462799298034 0.0004757701210154265
2201 -0.002366153680488121 -0.002366153680488121 0.0003697697604609146
2202 -0.002630694088495302 -0.002630694088495302 0.0008093092813833638
2203 -0.002649230520731726 -0.002649230520731726 0.0004046546406916819
2204 -0.002076898029498668 -0.002076898029498668 0.0006697697604601641
2205 -0.002083076840244358 -0.002083076840244358 0.0003348848802301389
2206 -0.002834483024587108 -0.002834483024587108 0.001304377202305273
2207 -0.003001717413975228 -0.003001717413975228 0.001862094203456779
2208 -0.003101959858439275 -0.003101959858439275 0.001409452219927539
2209 -0.002317241512294174 -0.002317241512294174 0.001102188601152078
2210 -0.00252103044838598 -0.00252103044838598 0.001597256522073988
2211 -0.002575862268440641 -0.002575862268440641 0.001203282901728676
2212 -0.002040343482795507 -0.002040343482795507 0.001332418840690423
2213 -0.002058620756147087 -0.002058620756147087 0.001001094300575002
2214 -0.002642937414240458 -0.002642937414240458 0.002127088130032808
2215 -0.002861768679869174 -0.002861768679869174 0.00229030891122586
2216 -0.002221468707120661 -0.002221468707120661 0.001813544065016318
2217 -0.002432203060680761 -0.002432203060680761 0.001970316097524764
2218 -0.00201073435356033 -0.00201073435356033 0.001656772032507807
2219 0.001260123114453478 -0.004671635630817491 -0.001260123116721747
2220 0.002445993749775668 -0.004202032000091416 -0.001166208234521643
2221 0.001166208230273669 -0.004202031999734638 -0.002445993752413949
2222 0.00227335595482243 -0.003829321791385036 -0.002273355959962514
2223 0.001287605940085699 -0.004789434566296053 -0.0006351279227246651
2224 0.0006352110275151493 -0.004789441229825563 -0.001287540157265058
2225 0.0006493052303267599 -0.004914967151636598 -0.0006492307880896648
2226 0.002490419446644919 -0.004295741873176133 -0.0005868668833849879
2227 0.001868480790578279 -0.00447380735664315 -0.001222222267382489
2228 0.001905230031339686 -0.004581604428309811 -0.00061562926357776
2229 0.002980066313488791 -0.003861676145385042 -0.001098481731925223
2230 0.0030301558260946 -0.003938639564917946 -0.0005525161058719547
2231 0.00122321107981228 -0.004473568409540592 -0.001868405828342687
2232 0.0005871677754175391 -0.004295809871664257 -0.002490231224208534
2233 0.000616322341955425 -0.004581571255111327 -0.001905085721206313
2234 0.002376301698818604 -0.004043972338548888 -0.00173190010140402
2235 0.001732261648305853 -0.004044739513618384 -0.002374731953038657
2236 0.001813993787380081 -0.004292359944222314 -0.001812476937393211
2237 0.002779191808189506 -0.003559623509212672 -0.002145966767206053
2238 0.002897036318435089 -0.003733960042538471 -0.001632397920359543
2239 0.001101266605859364 -0.003862763323328014 -0.002977628480984642
2240 0.0005540779480578254 -0.003939351013398539 -0.003028945562520384
2241 0.002148606043729548 -0.003560000466288106 -0.002776668642254116
2242 0.001635373835334398 -0.003735140330385544 -0.00289383467582912
2243 0.002631948599851005 -0.003340555805697951 -0.002629359898674969
2244 0.001729675358984712 -0.002761373932344255 -0.002761373932344255
2245 0.001464837679493293 -0.002280686966172667 -0.002280686966172667
2246 0.0008790790383544888 -0.002907592118506995 -0.002907592118506995
2247 0.0007395395191781237 -0.002353796059254198 -0.002353796059254198
2248 0.00212708812814234 -0.002642937414822111 -0.002642937414822111
2249 0.001862094198729892 -0.003001717415429364 -0.003001717415429364
2250 0.002290308908698696 -0.002861768680789961 -0.002861768680789961
2251 0.001813544064071801 -0.002221468707411488 -0.002221468707411488
2252 0.001597256519239002 -0.002521030449258461 -0.002521030449258461
2253 0.001970316096107271 -0.002432203061117001 -0.002432203061117001
2254 0.001332418839747339 -0.002040343483086334 -0.002040343483086334
2255 0.00165677203203625 -0.002010734353705744 -0.002010734353705744
2256 0.0013043771986696 -0.002834483025425625 -0.002834483025425625
2257 0.0009488487979423977 -0.003184490148132829 -0.003184490148132829
2258 0.001409452213493187 -0.003101959859896071 -0.003101959859896071
2259 0.001102188599335708 -0.002317241512713433 -0.002317241512713433
2260 0.0008093092787663063 -0.002630694088880597 -0.002630694088880597
2261 0.001203282899002654 -0.002575862269069529 -0.002575862269069529
2262 0.0006697697595898106 -0.002076898029627099 -0.002076898029627099
2263 0.001001094299669075 -0.002058620756356716 -0.002058620756356716
2264 0.0004395395191772444 -0.002932307361231599 -0.002932307361231599
2265 0.000475770119050271 -0.0032246279931883 -0.0032246279931883
2266 0.0003697697595890618 -0.002366153680616552 -0.002366153680616552
2267 0.0004046546393831531 -0.002649230520924373 -0.002649230520924373
2268 0.0003348848797948985 -0.002083076840308574 -0.002083076840308574
2269 0.002907592117993269 -0.002907592117993269 -0.0008790790418448984
2270 0.002353796058997335 -0.002353796058997335 -0.0007395395209218292
2271 0.002761373931180947 -0.002761373931180947 -0.001729675362765648
2272 0.002280686965591013 -0.002280686965591013 -0.001464837681382328
2273 0.002932307360974736 -0.002932307360974736 -0.0004395395209224492
2274 0.003184490147490671 -0.003184490147490671 -0.0009488488023061595
2275 0.00322462799298034 -0.00322462799298034 -0.0004757701210154265
2276 0.002366153680488121 -0.002366153680488121 -0.0003697697604609146
2277 0.002630694088495302 -0.002630694088495302 -0.0008093092813833638
2278 0.002649230520731726 -0.002649230520731726 -0.0004046546406916819
2279 0.002076898029498668 -0.002076898029498668 -0.0006697697604601641
2280 0.002083076840244358 -0.002083076840244358 -0.0003348848802301389
2281 0.002834483024587108 -0.002834483024587108 -0.001304377202305273
2282 0.003001717413975228 -0.003001717413975228 -0.001862094203456779
2283 0.003101959858439275 -0.003101959858439275 -0.001409452219927539
2284 0.002317241512294174 -0.002317241512294174 -0.001102188601152078
2285 0.00252103044838598 -0.00252103044838598 -0.001597256522073988
2286 0.002575862268440641 -0.002575862268440641 -0.001203282901728676
2287 0.002040343482795507 -0.002040343482795507 -0.001332418840690423
2288 0.002058620756147087 -0.002058620756147087 -0.001001094300575002
2289 0.002642937414240458 -0.002642937414240458 -0.002127088130032808
2290 0.002861768679869174 -0.002861768679869174 -0.00229030891122586
2291 0.002221468707120661 -0.002221468707120661 -0.001813544065016318
2292 0.002432203060680761 -0.002432203060680761 -0.001970316097524764
2293 0.00201073435356033 -0.00201073435356033 -0.001656772032507807
2294 0.001062730152515473 -0.003819752753717022 0
2295 0.0008313650762573079 -0.002809876376859905 0
2296 0.002066666668692614 -0.003486751344780567 0
2297 0.001633333334346169 -0.002643375672391451 0
2298 0.0005313650762577366 -0.003876543043526674 0
2299 0.001178412690644387 -0.004324690942144331 0
2300 0.0005919980194669868 -0.00441688367509388 0
2301 0.000415682538128654 -0.002838271521764768 0
2302 0.0009470476143863905 -0.003314814565288464 0
2303 0.0004735238071931953 -0.003357407282645826 0
2304 0.0007156825381279035 -0.002304938188429952 0
2305 0.0003578412690640086 -0.002319135760882384 0
2306 0.001564698410604044 -0.003653252049248794 0
2307 0.002283333335865531 -0.003908439180974256 0
2308 0.001739057788807627 -0.004136324854828607 0
2309 0.001232349205301738 -0.002726626024625678 0
2310 0.001850000001519391 -0.003065063508586009 0
2311 0.001398523807952891 -0.003189939036937236 0
2312 0.001416666667172344 -0.002221687836195725 0
2313 0.001066174602649832 -0.002263313012312839 0
2314 0.002511844636324408 -0.003221886974368385 0
2315 0.002777825891111274 -0.00359432683758421 0
2316 0.002005922318162538 -0.002510943487185178 0
2317 0.00225888347724377 -0.002866415230777079 0
2318 0.001752961159081215 -0.002155471743592887 0
2319 0.00116620823498882 -0.004202032002439494 0.002445993745519108
2320 0.002273355960380003 -0.0038293217922739 0.00227335595290771
2321 0.001260123116954573 -0.004671635631964646 0.00126012310996782
2322 0.002445993752652794 -0.004202032000263429 0.001166208227867404
2323 0.001101266611546365 -0.003862763323948548 0.002977628478076328
2324 0.0005871677771009267 -0.00429580987516765 0.002490231217768031
2325 0.0005540779504157953 -0.003939351014923591 0.003028945560105614
2326 0.002148606048485595 -0.003560000467958319 0.002776668636432456
2327 0.00173226165325122 -0.004044739515832881 0.002374731945659412
2328 0.001635373841835016 -0.003735140331300123 0.002893834670974999
2329 0.00277919181169984 -0.003559623510341019 0.002145966760788256
2330 0.002631948603001154 -0.003340555806902921 0.002629359893990826
2331 0.00122321108410646 -0.004473568411257942 0.001868405821419478
2332 0.0006352110301930373 -0.004789441231318869 0.001287540150389067
2333 0.0006163223444959369 -0.004581571258329504 0.001905085712644979
2334 0.002376301701364731 -0.004043972339329489 0.001731900096087838
2335 0.001868483217928541 -0.004473811235630924 0.001222204357814969
2336 0.001813995326486222 -0.004292362939339969 0.001812468303851653
2337 0.002980066315269038 -0.003861676145803001 0.001098481725626284
2338 0.002897036320678487 -0.003733960043887083 0.001632397913293334
2339 0.001287605947333953 -0.004789434564296739 0.0006351279231067821
2340 0.0006493052347520045 -0.004914967151277217 0.0006492307863846002
2341 0.002490419446018158 -0.004295741874132118 0.0005868668790471079
2342 0.001905230814262696 -0.004581605324752999 0.0006156201690806385
2343 0.003030155825891415 -0.003938639565537748 0.0005525161025679957
2344 0.002761373932311507 -0.002761373932311507 0.001729675359091173
2345 0.002280686966156294 -0.002280686966156294 0.001464837679546523
2346 0.002907592118562621 -0.002907592118562621 0.0008790790379764331
2347 0.002353796059282011 -0.002353796059282011 0.0007395395189890957
2348 0.002642937414805738 -0.002642937414805738 0.00212708812819557
2349 0.003001717415388429 -0.003001717415388429 0.001862094198862969
2350 0.002861768680751304 -0.002861768680751304 0.002290308908801826
2351 0.002221468707403301 -0.002221468707403301 0.001813544064098416
2352 0.0025210304492339 -0.0025210304492339 0.001597256519318848
2353 0.002432203061104721 -0.002432203061104721 0.001970316096147194
2354 0.002040343483078147 -0.002040343483078147 0.001332418839773954
2355 0.00201073435370165 -0.00201073435370165 0.001656772032049557
2356 0.002834483025437064 -0.002834483025437064 0.001304377198533803
2357 0.003184490148202363 -0.003184490148202363 0.0009488487974698283
2358 0.003101959859842049 -0.003101959859842049 0.001409452213691107
2359 0.002317241512719153 -0.002317241512719153 0.001102188599267809
2360 0.002630694088922316 -0.002630694088922316 0.0008093092784827644
2361 0.002575862269078109 -0.002575862269078109 0.001203282898900806
2362 0.002076898029641005 -0.002076898029641005 0.0006697697594952966
2363 0.002058620756359575 -0.002058620756359575 0.001001094299635125
2364 0.002932307361259412 -0.002932307361259412 0.0004395395189882166
2365 0.003224627993203482 -0.003224627993203482 0.0004757701189382321
2366 0.002366153680630459 -0.002366153680630459 0.0003697697594945479
2367 0.002649230520945233 -0.002649230520945233 0.0004046546392413822
2368 0.002083076840315527 -0.002083076840315527 0.0003348848797476415
2369 0.0008790790418448984 -0.002907592117993269 0.002907592117993269
2370 0.0007395395209218292 -0.002353796058997335 0.002353796058997335
2371 0.001729675362765648 -0.002761373931180947 0.002761373931180947
2372 0.001464837681382328 -0.002280686965591013 0.002280686965591013
2373 0.0004395395209224492 -0.002932307360974736 0.002932307360974736
2374 0.0009488488023061595 -0.003184490147490671 0.003184490147490671
2375 0.0004757701210936955 -0.003224627992974643 0.003224627992974643
2376 0.0003697697604609146 -0.002366153680488121 0.002366153680488121
2377 0.0008093092813833638 -0.002630694088495302 0.002630694088495302
2378 0.0004046546406916819 -0.002649230520731726 0.002649230520731726
2379 0.0006697697604601641 -0.002076898029498668 0.002076898029498668
2380 0.0003348848802301389 -0.002083076840244358 0.002083076840244358
2381 0.001304377202305273 -0.002834483024587108 0.002834483024587108
2382 0.001862094203456779 -0.003001717413975228 0.003001717413975228
2383 0.001409452219446613 -0.00310195985854736 0.00310195985854736
2384 0.001102188601152078 -0.002317241512294174 0.002317241512294174
2385 0.001597256522073988 -0.00252103044838598 0.00252103044838598
2386 0.001203282901728676 -0.002575862268440641 0.002575862268440641
2387 0.001332418840690423 -0.002040343482795507 0.002040343482795507
2388 0.001001094300575002 -0.002058620756147087 0.002058620756147087
2389 0.002127088130032808 -0.002642937414240458 0.002642937414240458
2390 0.00229030891122586 -0.002861768679869174 0.002861768679869174
2391 0.001813544065016318 -0.002221468707120661 0.002221468707120661
2392 0.001970316097524764 -0.002432203060680761 0.002432203060680761
2393 0.001656772032507807 -0.00201073435356033 0.00201073435356033
2394 -0.00227335595526582 -0.002273355957929001 0.003829321792329047
2395 -0.002445993749971501 -0.001166208232548722 0.004202032000524976
2396 -0.001166208230747771 -0.002445993748094301 0.004202032002117517
2397 -0.001260123114674183 -0.001260123112469583 0.004671635631904933
2398 -0.002148606043751362 -0.002776668640741369 0.003560000467454828
2399 -0.002779191808447409 -0.002145966766236947 0.003559623509595553
2400 -0.002631948599923737 -0.002629359897922951 0.003340555806232562
2401 -0.002376301697259399 -0.00173190010071971 0.004043972339758168
2402 -0.002980066313603104 -0.001098481730996246 0.003861676145561082
2403 -0.002897036317871148 -0.001632397919637773 0.003733960043291551
2404 -0.002490419440224783 -0.0005868668775757435 0.004295741877691789
2405 -0.003030155823201556 -0.0005525161031446701 0.00393863956752627
2406 -0.001101266606507059 -0.002977628479707664 0.003862763324127723
2407 -0.001732261648490066 -0.002374731949690059 0.004044739515505508
2408 -0.001635373835515956 -0.002893834674402813 0.003735140331411097
2409 -0.001223211080169961 -0.001868405823312038 0.004473568411543865
2410 -0.001868483215688197 -0.001222204363005044 0.004473811235148721
2411 -0.001813995322524105 -0.001812468308014265 0.004292362939256718
2412 -0.001287605942287901 -0.000635127920819875 0.004789434565956602
2413 -0.00190523080898921 -0.0006156201680073718 0.004581605327090156
2414 -0.0005871677751510296 -0.002490231219331505 0.004295809874527842
2415 -0.0005540779481528901 -0.003028945560945327 0.003939351014596222
2416 -0.0006352110285564102 -0.001287540151699989 0.004789441231183516
2417 -0.0006163223423882194 -0.001905085713727149 0.004581571258163056
2418 -0.000649305231772295 -0.0006492307850609994 0.004914967151845697
2419 0 -0.00163333333215165 0.002643375673657244
2420 0 -0.002066666664300848 0.003486751347314264
2421 0 -0.0008313650740921976 0.002809876377436384
2422 0 -0.001062730148182366 0.003819752754873919
2423 0 -0.001416666666076518 0.002221687836828622
2424 0 -0.002005922317065278 0.002510943487818075
2425 0 -0.001752961158533286 0.002155471743909335
2426 0 -0.001849999998226249 0.003065063510485754
2427 0 -0.002511844634128526 0.003221886975635233
2428 0 -0.002258883475597199 0.002866415231726952
2429 0 -0.002283333330375222 0.003908439184143142
2430 0 -0.002777825888778242 0.003594326839165355
2431 0 -0.0007156825370468476 0.002304938188718192
2432 0 -0.001232349203121924 0.002726626025546814
2433 0 -0.001066174601562183 0.002263313012773408
2434 0 -0.0009470476111372816 0.003314814566155152
2435 0 -0.001564698406241607 0.003653252051094092
2436 0 -0.001398523804681765 0.003189939038320453
2437 0 -0.001178412685227346 0.004324690943593746
2438 0 -0.001739057781389062 0.004136324857920637
2439 0 -0.0004156825370460988 0.002838271522050128
2440 0 -0.000357841268523417 0.002319135761025198
2441 0 -0.0005313650740911828 0.003876543044102087
2442 0 -0.0004735238055686408 0.003357407283075292
2443 0 -0.0005919980165181542 0.004416883675627908
2444 -0.0008313650762561057 0 0.002809876376854505
2445 -0.001062730152514367 0 0.003819752753711514
2446 -0.00163333333434392 0 0.002643375672386993
2447 -0.002066666668690555 0 0.003486751344776198
2448 -0.0007156825381273024 0 0.002304938188427252
2449 -0.0004156825381280529 0 0.002838271521759188
2450 -0.0003578412690637081 0 0.002319135760879728
2451 -0.0009470476143852363 0 0.003314814565283009
2452 -0.0005313650762571834 0 0.003876543043520884
2453 -0.0004735238071926181 0 0.003357407282639221
2454 -0.001178412690643834 0 0.004324690942141577
2455 -0.0005919980194667102 0 0.004416883675091702
2456 -0.001416666667171219 0 0.002221687836193496
2457 -0.001232349205300013 0 0.002726626024620749
2458 -0.001066174602648969 0 0.002263313012310374
2459 -0.001850000001517238 0 0.003065063508581595
2460 -0.001564698410602461 0 0.003653252049243856
2461 -0.001398523807951237 0 0.003189939036932302
2462 -0.002283333335864501 0 0.003908439180972072
2463 -0.001739057788806836 0 0.004136324854826138
2464 -0.002005922318159916 0 0.002510943487181453
2465 -0.001752961159079539 0 0.002155471743590659
2466 -0.002511844636322023 0 0.003221886974364845
2467 -0.00225888347724056 0 0.002866415230772739
2468 -0.002777825891110405 0 0.003594326837582764
2469 -0.002280686965589879 -0.00146483768138417 0.002280686965589879
2470 -0.00276137393117992 -0.001729675362766542 0.00276137393117992
2471 -0.002353796058995201 -0.0007395395209237733 0.002353796058995201
2472 -0.002907592117991335 -0.000879079041845848 0.002907592117991334
2473 -0.002221468707120094 -0.00181354406501724 0.002221468707120094
2474 -0.00204034348279494 -0.001332418840692777 0.00204034348279494
2475 -0.002010734353560047 -0.001656772032508969 0.002010734353560047
2476 -0.002642937414239944 -0.002127088130033255 0.002642937414239944
2477 -0.0025210304483849 -0.001597256522075356 0.0025210304483849
2478 -0.00243220306068022 -0.001970316097525448 0.00243220306068022
2479 -0.003001717413974715 -0.001862094203457227 0.003001717413974715
2480 -0.002861768679868917 -0.002290308911226084 0.002861768679868917
2481 -0.00231724151229254 -0.001102188601153972 0.00231724151229254
2482 -0.0020768980294976 -0.0006697697604626354 0.0020768980294976
2483 -0.00205862075614627 -0.001001094300578207 0.00205862075614627
2484 -0.002834483024585627 -0.001304377202306195 0.002834483024585627
2485 -0.002630694088493268 -0.0008093092813848107 0.002630694088493268
2486 -0.002575862268439084 -0.001203282901730084 0.002575862268439084
2487 -0.003184490147489704 -0.0009488488023066345 0.003184490147489704
2488 -0.00310195985854662 -0.001409452219447074 0.00310195985854662
2489 -0.002366153680485557 -0.0003697697604618866 0.002366153680485557
2490 -0.002083076840242711 -0.0003348848802313109 0.002083076840242711
2491 -0.002932307360972413 -0.000439539520922924 0.002932307360972413
2492 -0.002649230520728575 -0.0004046546406924053 0.002649230520728575
2493 -0.003224627992973805 -0.000475770121093933 0.003224627992973805
2494 -0.001260123116721747 0.001260123114453478 0.004671635630817491
2495 -0.001166208234521643 0.002445993749775668 0.004202032000091416
2496 -0.002445993752413949 0.001166208230273669 0.004202031999734638
2497 -0.002273355959962515 0.002273355954822431 0.003829321791385036
2498 -0.000635211028858861 0.001287540156907695 0.00478944122974342
2499 -0.001287605942419076 0.0006351279206708209 0.004789434565941103
2500 -0.0006493052316618308 0.0006492307874922665 0.004914967151539137
2501 -0.000587167777338804 0.002490231223505704 0.004295809871809073
2502 -0.001223211083239098 0.001868405826396618 0.004473568409416379
2503 -0.0006163223436868413 0.001905085721023106 0.004581571254954594
2504 -0.001101266610610487 0.002977628479923581 0.003862763322791401
2505 -0.0005540779502058168 0.003028945562383515 0.003939351013201657
2506 -0.001868479980562429 0.001222228309630878 0.004473806044228366
2507 -0.002490419443695593 0.0005868668797267272 0.004295741875385757
2508 -0.001905229770680396 0.000615632331045407 0.004581604124527207
2509 -0.001732261652869652 0.002374731949102048 0.004044739513975069
2510 -0.002376301702039922 0.001731900097254541 0.004043972338433076
2511 -0.001813993275040289 0.001812479847436693 0.004292358931956233
2512 -0.002148606050767997 0.002776668638474547 0.003560000464988038
2513 -0.00163537384262715 0.002893834673154206 0.003735140329264937
2514 -0.002980066315091957 0.001098481727065374 0.003861676145530294
2515 -0.003030155824829182 0.0005525161029426811 0.003938639566302406
2516 -0.002779191811479601 0.002145966761615829 0.003559623510014057
2517 -0.00289703632100417 0.001632397913540945 0.003733960043526148
2518 -0.002631948604103013 0.002629359894807826 0.003340555805391727
2519 0 0.0008313650762561057 0.002809876376854505
2520 0 0.001062730152514367 0.003819752753711514
2521 0 0.00163333333434392 0.002643375672386993
2522 0 0.002066666668690555 0.003486751344776198
2523 0 0.0007156825381273024 0.002304938188427252
2524 0 0.0004156825381280529 0.002838271521759188
2525 0 0.0003578412690637081 0.002319135760879728
2526 0 0.0009470476143852363 0.003314814565283009
2527 0 0.0005313650762571834 0.003876543043520884
2528 0 0.0004735238071926181 0.003357407282639221
2529 0 0.001178412690643834 0.004324690942141577
2530 0 0.0005919980194667102 0.004416883675091702
2531 0 0.001416666667171219 0.002221687836193496
2532 0 0.001232349205300013 0.002726626024620749
2533 0 0.001066174602648969 0.002263313012310374
2534 0 0.001850000001517238 0.003065063508581595
2535 0 0.001564698410602461 0.003653252049243856
2536 0 0.001398523807951237 0.003189939036932302
2537 0 0.002283333335864501 0.003908439180972072
2538 0 0.001739057788806836 0.004136324854826138
2539 0 0.002005922318159916 0.002510943487181453
2540 0 0.001752961159079539 0.002155471743590659
2541 0 0.002511844636322023 0.003221886974364845
2542 0 0.00225888347724056 0.002866415230772739
2543 0 0.002777825891110405 0.003594326837582764
2544 -0.002353796059251205 0.0007395395191752854 0.002353796059251205
2545 -0.002907592118504214 0.0008790790383526652 0.002907592118504214
2546 -0.002280686966169942 0.001464837679489783 0.002280686966169942
2547 -0.002761373932341658 0.001729675358982184 0.002761373932341658
2548 -0.002366153680613559 0.0003697697595876427 0.002366153680613559
2549 -0.002076898029625603 0.0006697697595868923 0.002076898029625603
2550 -0.002083076840306712 0.0003348848797935031 0.002083076840306712
2551 -0.002932307361228853 0.0004395395191763326 0.002932307361228853
2552 -0.002630694088877709 0.0008093092787639753 0.002630694088877709
2553 -0.002649230520920796 0.0004046546393819876 0.002649230520920796
2554 -0.003184490148131439 0.0009488487979414859 0.003184490148131439
2555 -0.003224627993187249 0.0004757701190498151 0.003224627993187249
2556 -0.002317241512710573 0.001102188599332534 0.002317241512710573
2557 -0.002040343483084971 0.001332418839744151 0.002040343483084971
2558 -0.002058620756355287 0.00100109429966523 0.002058620756355287
2559 -0.002834483025422936 0.001304377198667424 0.002834483025422936
2560 -0.0025210304492558 0.001597256519235983 0.0025210304492558
2561 -0.002575862269066754 0.001203282898999979 0.002575862269066754
2562 -0.003001717415428066 0.001862094198728629 0.003001717415428066
2563 -0.003101959859894727 0.001409452213492099 0.003101959859894727
2564 -0.002221468707409024 0.001813544064068944 0.002221468707409024
2565 -0.0020107343537045 0.001656772032034109 0.002010734353704501
2566 -0.002642937414819725 0.002127088128139988 0.002642937414819725
2567 -0.002432203061114112 0.001970316096104204 0.002432203061114112
2568 -0.002861768680789287 0.00229030890869804 0.002861768680789287
2569 0.001166208233022823 -0.002445993745651853 0.004202032002907855
2570 0.00126012311269029 -0.001260123110422019 0.004671635632992375
2571 0.002273355958372391 -0.002273355953232307 0.003829321793273055
2572 0.002445993748290132 -0.00116620822877485 0.004202032002551077
2573 0.001101266610095791 -0.002977628478170689 0.003862763324289365
2574 0.0005871677768472096 -0.002490231217423163 0.004295809875402245
2575 0.0005540779500527607 -0.003028945559965396 0.003939351015082464
2576 0.001223211079749823 -0.001868405821983624 0.004473568412213561
2577 0.0006352110271476555 -0.001287540151215278 0.004789441231500659
2578 0.0006163223421986508 -0.001905085712973343 0.004581571258502001
2579 0.0012876059385776 -0.0006351279204386318 0.004789434567004647
2580 0.0006493052296326091 -0.0006492307852518684 0.004914967152103153
2581 0.002148606048918787 -0.002776668637684064 0.003560000466720661
2582 0.001732261651418735 -0.00237473194621372 0.004044739516292245
2583 0.00163537384148252 -0.002893834671771302 0.003735140330837514
2584 0.002376301698604136 -0.001731900095496202 0.004043972341205036
2585 0.001868480788564506 -0.001222222262181488 0.004473807358905088
2586 0.001813993786985651 -0.001812476931598852 0.00429235994683571
2587 0.002490419439630015 -0.0005868668803036081 0.004295741877663929
2588 0.001905230024780021 -0.0006156292612646254 0.00458160443134842
2589 0.00277919181079683 -0.002145966760917773 0.003559623510967965
2590 0.002631948603207629 -0.002629359894542434 0.00334055580630607
2591 0.002980066313233502 -0.001098481726423309 0.003861676147147109
2592 0.002897036319466797 -0.001632397912790475 0.003733960045047024
2593 0.003030155823250441 -0.000552516103276598 0.003938639567470153
2594 0.002280686966171534 -0.001464837679493225 0.002280686966171534
2595 0.002761373932343229 -0.00172967535898465 0.002761373932343229
2596 0.002353796059252064 -0.0007395395191780684 0.002353796059252064
2597 0.002907592118505063 -0.0008790790383544387 0.002907592118505063
2598 0.002040343483085768 -0.001332418839747305 0.002040343483085767
2599 0.002221468707410922 -0.001813544064071767 0.002221468707410922
2600 0.002010734353705461 -0.001656772032036233 0.002010734353705461
2601 0.002521030449257382 -0.001597256519238937 0.002521030449257382
2602 0.002642937414821599 -0.002127088128142309 0.002642937414821599
2603 0.002432203061116461 -0.001970316096107239 0.002432203061116461
2604 0.003001717415428852 -0.001862094198729862 0.003001717415428852
2605 0.002861768680789705 -0.002290308908698681 0.002861768680789705
2606 0.002076898029626033 -0.000669769759589783 0.002076898029626032
2607 0.002317241512711799 -0.001102188599335647 0.002317241512711799
2608 0.0020586207563559 -0.001001094299669044 0.0020586207563559
2609 0.002630694088878564 -0.0008093092787662536 0.002630694088878564
2610 0.002834483025424146 -0.001304377198669545 0.002834483025424146
2611 0.002575862269067973 -0.001203282899002595 0.002575862269067973
2612 0.003184490148131864 -0.0009488487979423727 0.003184490148131864
2613 0.003101959859895332 -0.001409452213493159 0.003101959859895332
2614 0.002366153680613989 -0.0003697697595890342 0.002366153680613989
2615 0.002083076840306927 -0.0003348848797948847 0.002083076840306927
2616 0.002932307361229277 -0.0004395395191772194 0.002932307361229277
2617 0.002649230520921224 -0.0004046546393831268 0.002649230520921224
2618 0.003224627993187462 -0.0004757701190502584 0.003224627993187462
2619 0.001633333332149547 0 0.002643375673655018
2620 0.002066666664298943 0 0.003486751347312248
2621 0.0008313650740911132 0 0.002809876377435148
2622 0.001062730148181383 0 0.0038197527548728
2623 0.001416666666075466 0 0.002221687836827509
2624 0.00200592231706273 0 0.002510943487815465
2625 0.001752961158531647 0 0.002155471743907665
2626 0.001849999998224245 0 0.003065063510483633
2627 0.002511844634126217 0 0.00322188697563287
2628 0.002258883475594064 0 0.002866415231723758
2629 0.002283333330374269 0 0.003908439184142134
2630 0.00277782588877741 0 0.003594326839164495
2631 0.0007156825370463054 0 0.002304938188717574
2632 0.00123234920312033 0 0.002726626025545083
2633 0.001066174601561386 0 0.002263313012772542
2634 0.0009470476111362483 0 0.003314814566153974
2635 0.001564698406240163 0 0.003653252051092524
2636 0.001398523804680247 0 0.003189939038318804
2637 0.001178412685226855 0 0.004324690943593185
2638 0.00173905778138834 0 0.004136324857919853
2639 0.0004156825370455566 0 0.00283827152204951
2640 0.0003578412685231459 0 0.002319135761024888
2641 0.0005313650740906917 0 0.003876543044101527
2642 0.0004735238055681241 0 0.003357407283074703
2643 0.0005919980165179086 0 0.004416883675627628
2644 0.00244599374545602 0.001166208234995746 0.004202032002474296
2645 0.002273355952788917 0.002273355960405905 0.003829321792329047
2646 0.001260123110201313 0.001260123116942454 0.004671635631904934
2647 0.001166208228300748 0.002445993752609781 0.004202032000168199
2648 0.002980066311516026 0.001098481732212134 0.003861676146825818
2649 0.002490419433177257 0.0005868668776499682 0.004295741881767391
2650 0.003030155820219534 0.0005525161031834382 0.003938639569815023
2651 0.002779191807248831 0.002145966767477103 0.003559623509783703
2652 0.00237630169511659 0.001731900103313028 0.004043972339906684
2653 0.002897036316843015 0.001632397920887506 0.003733960043542888
2654 0.002148606041774978 0.002776668640828854 0.003560000468579423
2655 0.00263194859895614 0.002629359898001306 0.003340555806933237
2656 0.001868483210317701 0.001222204365571611 0.004473811236690541
2657 0.001287605936942378 0.0006351279233835943 0.004789434567053733
2658 0.001905230800331984 0.0006156201688475701 0.004581605330577311
2659 0.001732261646415903 0.002374731953528612 0.004044739514140144
2660 0.001223211076993136 0.001868405828343201 0.004473568410311219
2661 0.001813995319704605 0.001812468311628158 0.004292362938922285
2662 0.001101266604923865 0.00297762848211665 0.003862763322722111
2663 0.001635373833875235 0.002893834675840338 0.003735140331015724
2664 0.0006352110265180106 0.001287540156245251 0.004789441230231966
2665 0.0006493052290451759 0.0006492307878247212 0.004914967151840904
2666 0.0005871677741231955 0.00249023122501177 0.004295809871375547
2667 0.0006163223409799256 0.001905085721131641 0.004581571255273605
2668 0.000554077947438522 0.00302894556342356 0.003939351012791199
2669 0.002353796058994341 0.0007395395209209901 0.002353796058994341
2670 0.002907592117990487 0.0008790790418440747 0.002907592117990487
2671 0.002280686965588288 0.001464837681380729 0.002280686965588288
2672 0.002761373931178349 0.001729675362764076 0.002761373931178349
2673 0.002076898029497171 0.0006697697604597446 0.002076898029497171
2674 0.002366153680485127 0.0003697697604604951 0.002366153680485127
2675 0.002083076840242496 0.0003348848802299292 0.002083076840242496
2676 0.002630694088492414 0.0008093092813825324 0.002630694088492414
2677 0.002932307360971989 0.0004395395209220374 0.002932307360971989
2678 0.002649230520728149 0.0004046546406912662 0.002649230520728149
2679 0.003184490147489281 0.0009488488023057478 0.003184490147489281
2680 0.003224627992973593 0.0004757701210934897 0.003224627992973593
2681 0.002040343482794144 0.001332418840689624 0.002040343482794144
2682 0.002317241512291315 0.001102188601150859 0.002317241512291315
2683 0.002058620756145658 0.001001094300574392 0.002058620756145658
2684 0.002521030448383318 0.001597256522072402 0.002521030448383318
2685 0.002834483024584418 0.001304377202304075 0.002834483024584418
2686 0.002575862268437866 0.001203282901727467 0.002575862268437866
2687 0.003001717413973929 0.001862094203455994 0.003001717413973929
2688 0.003101959858546015 0.001409452219446014 0.003101959858546015
2689 0.002221468707118197 0.001813544065014417 0.002221468707118197
2690 0.002010734353559087 0.001656772032506846 0.002010734353559087
2691 0.002642937414238071 0.002127088130030934 0.002642937414238071
2692 0.002432203060677872 0.001970316097522413 0.002432203060677872
2693 0.002861768679868499 0.002290308911225443 0.002861768679868499
2694 -0.002273355957929001 -0.00227335595526582 -0.003829321792329047
2695 -0.001166208232548722 -0.002445993749971501 -0.004202032000524976
2696 -0.002445993748094301 -0.001166208230747771 -0.004202032002117517
2697 -0.001260123112469583 -0.001260123114674183 -0.004671635631904933
2698 -0.002779191810538928 -0.00214596676188688 -0.003559623510585086
2699 -0.002148606048249253 -0.002776668638234467 -0.003560000466695458
2700 -0.002631948602882904 -0.002629359894815184 -0.003340555806347233
2701 -0.001732261650970431 -0.002374731949563873 -0.004044739514517314
2702 -0.001101266608331903 -0.002977628479489174 -0.003862763323775887
2703 -0.001635373840282302 -0.002893834672820903 -0.003735140330549824
2704 -0.0005871677764023576 -0.002490231223461203 -0.004295809871962868
2705 -0.0005540779490755584 -0.003028945562064634 -0.003939351013605818
2706 -0.002980066313119191 -0.001098481727352285 -0.00386167614697107
2707 -0.002376301698531241 -0.0017319000980591 -0.004043972340150265
2708 -0.002897036319391402 -0.001632397913998715 -0.003733960044577307
2709 -0.001868480788190728 -0.001222222267717956 -0.004473807357548661
2710 -0.001223211079954877 -0.00186840582488571 -0.004473568410945424
2711 -0.001813993786971048 -0.001812476935620644 -0.004292359945143654
2712 -0.0006352110267633802 -0.001287540154978646 -0.004789441230539923
2713 -0.0006163223420958985 -0.001905085719189201 -0.004581571255931178
2714 -0.002490419434870311 -0.0005868668761847687 -0.004295741880986027
2715 -0.003030155821081162 -0.0005525161012246929 -0.003938639569426913
2716 -0.001287605938750082 -0.0006351279227371266 -0.004789434566653474
2717 -0.001905230022318676 -0.0006156292615537912 -0.004581604432333099
2718 -0.0006493052295120237 -0.0006492307874426618 -0.004914967151829697
2719 -0 -0.001062730152516473 -0.003819752753717022
2720 -0 -0.0008313650762593067 -0.002809876376859905
2721 -0 -0.002066666668693569 -0.003486751344780567
2722 -0 -0.00163333333434808 -0.002643375672391451
2723 -0 -0.0005313650762582364 -0.003876543043526674
2724 -0 -0.001178412690644887 -0.004324690942144331
2725 -0 -0.0005919980194672367 -0.00441688367509388
2726 -0 -0.0004156825381296534 -0.002838271521764768
2727 -0 -0.0009470476143878898 -0.003314814565288463
2728 -0 -0.0004735238071939449 -0.003357407282645826
2729 -0 -0.0007156825381304021 -0.002304938188429952
2730 -0 -0.0003578412690651943 -0.002319135760882384
2731 -0 -0.001564698410605021 -0.003653252049248794
2732 -0 -0.002283333335866008 -0.003908439180974256
2733 -0 -0.001739057788808116 -0.004136324854828607
2734 -0 -0.001232349205303693 -0.002726626024625678
2735 -0 -0.001850000001520825 -0.003065063508586009
2736 -0 -0.001398523807954357 -0.003189939036937236
2737 -0 -0.001416666667174732 -0.002221687836195725
2738 -0 -0.001066174602653068 -0.002263313012312839
2739 -0 -0.002511844636324886 -0.003221886974368385
2740 -0 -0.002777825891111513 -0.00359432683758421
2741 -0 -0.002005922318163493 -0.002510943487185178
2742 -0 -0.002258883477244487 -0.002866415230777079
2743 -0 -0.001752961159082394 -0.002155471743592887
2744 -0.002066666664301001 0 -0.003486751347316617
2745 -0.001633333332151796 0 -0.002643375673659477
2746 -0.00106273014818249 0 -0.003819752754878309
2747 -0.0008313650740923155 0 -0.002809876377440548
2748 -0.002511844634128602 0 -0.00322188697563641
2749 -0.002283333330375299 0 -0.003908439184144318
2750 -0.00277782588877828 0 -0.003594326839165942
2751 -0.002005922317065351 0 -0.002510943487819192
2752 -0.001849999998226399 0 -0.003065063510488047
2753 -0.002258883475597274 0 -0.002866415231728098
2754 -0.00141666666607659 0 -0.002221687836829738
2755 -0.001752961158533323 0 -0.002155471743909894
2756 -0.001564698406241746 0 -0.003653252051097463
2757 -0.001178412685227408 0 -0.00432469094359594
2758 -0.001739057781389131 0 -0.004136324857922322
2759 -0.001232349203122056 0 -0.002726626025550012
2760 -0.0009470476111374029 0 -0.003314814566159428
2761 -0.001398523804681901 0 -0.003189939038323738
2762 -0.0007156825370469065 0 -0.002304938188720274
2763 -0.001066174601562249 0 -0.002263313012775006
2764 -0.0005313650740912451 0 -0.003876543044107318
2765 -0.0005919980165181853 0 -0.004416883675629806
2766 -0.0004156825370461578 0 -0.002838271522055089
2767 -0.0004735238055687014 0 -0.003357407283081308
2768 -0.0003578412685234465 0 -0.002319135761027545
2769 -0.002761373932342685 -0.001729675358982245 -0.002761373932342685
2770 -0.002280686966171077 -0.001464837679489851 -0.002280686966171077
2771 -0.002907592118506147 -0.0008790790383527149 -0.002907592118506147
2772 -0.002353796059253339 -0.0007395395191753405 -0.002353796059253339
2773 -0.002642937414820239 -0.002127088128140019 -0.002642937414820239
2774 -0.003001717415428579 -0.001862094198728659 -0.003001717415428579
2775 -0.002861768680789545 -0.002290308908698055 -0.002861768680789545
2776 -0.002221468707409591 -0.001813544064068978 -0.002221468707409591
2777 -0.00252103044925688 -0.001597256519236048 -0.00252103044925688
2778 -0.002432203061114653 -0.001970316096104236 -0.002432203061114653
2779 -0.002040343483085539 -0.001332418839744185 -0.002040343483085539
2780 -0.002010734353704784 -0.001656772032034127 -0.002010734353704784
2781 -0.002834483025424416 -0.00130437719866748 -0.002834483025424416
2782 -0.003184490148132406 -0.0009488487979415108 -0.003184490148132406
2783 -0.003101959859895467 -0.001409452213492127 -0.003101959859895467
2784 -0.002317241512712208 -0.001102188599332596 -0.002317241512712208
2785 -0.002630694088879743 -0.0008093092787640277 -0.002630694088879743
2786 -0.002575862269068311 -0.001203282899000038 -0.002575862269068311
2787 -0.00207689802962667 -0.0006697697595869198 -0.00207689802962667
2788 -0.002058620756356104 -0.00100109429966526 -0.002058620756356104
2789 -0.002932307361231175 -0.0004395395191763575 -0.002932307361231175
2790 -0.003224627993188088 -0.0004757701190498275 -0.003224627993188088
2791 -0.002366153680616123 -0.0003697697595876703 -0.002366153680616123
2792 -0.002649230520923946 -0.0004046546393820139 -0.002649230520923946
2793 -0.002083076840308359 -0.0003348848797935168 -0.002083076840308359
2794 -0.002445993745651853 0.001166208233022823 -0.004202032002907855
2795 -0.001260123110422019 0.00126012311269029 -0.004671635632992375
2796 -0.002273355953232307 0.002273355958372391 -0.003829321793273055
2797 -0.00116620822877485 0.002445993748290132 -0.004202032002551077
2798 -0.002980066311630337 0.001098481731283157 -0.003861676147001856
2799 -0.002490419437224381 0.0005868668788889241 -0.004295741879251843
2800 -0.003030155822085969 0.0005525161038076618 -0.003938639568291532
2801 -0.001868483211002454 0.001222204364174528 -0.004473811236786224
2802 -0.001287605936652597 0.0006351279210935775 -0.004789434567435318
2803 -0.001905230802607807 0.0006156201692508519 -0.004581605329576736
2804 -0.0006352110257572598 0.0012875401515281 -0.004789441231600968
2805 -0.0006493052285994599 0.0006492307852470032 -0.004914967152240282
2806 -0.002779191807506732 0.002145966766507997 -0.003559623510166583
2807 -0.002376301693852147 0.001731900101505721 -0.004043972341423701
2808 -0.002897036316299413 0.001632397920084726 -0.003733960044315603
2809 -0.001732261646765256 0.002374731950188933 -0.004044739515951302
2810 -0.001223211076843961 0.001868405823586191 -0.004473568412338793
2811 -0.001813995319098081 0.001812468309051993 -0.004292362940266404
2812 -0.0005871677748847687 0.002490231218668197 -0.004295809874948747
2813 -0.0006163223407231252 0.001905085713350892 -0.0045815712585435
2814 -0.00214860604420024 0.002776668641094239 -0.003560000466908686
2815 -0.002631948600100262 0.002629359898099279 -0.003340555805954693
2816 -0.001101266604919689 0.002977628479938804 -0.003862763324402104
2817 -0.001635373835138132 0.002893834674823198 -0.003735140331250822
2818 -0.0005540779477170145 0.003028945560665411 -0.003939351014872753
2819 0 0.002066666664298141 -0.003486751347314603
2820 0 0.001633333332147782 -0.002643375673657251
2821 0 0.001062730148180508 -0.003819752754877189
2822 0 0.000831365074089232 -0.002809876377439311
2823 0 0.002511844634125816 -0.003221886975634047
2824 0 0.002283333330373868 -0.003908439184143311
2825 0 0.00277782588877721 -0.003594326839165084
2826 0 0.002005922317061847 -0.002510943487816581
2827 0 0.001849999998222961 -0.003065063510485927
2828 0 0.002258883475593422 -0.002866415231724904
2829 0 0.00141666666607315 -0.002221687836828625
2830 0 0.001752961158530505 -0.002155471743908223
2831 0 0.001564698406239325 -0.003653252051095896
2832 0 0.001178412685226417 -0.00432469094359538
2833 0 0.001739057781387921 -0.00413632485792154
2834 0 0.001232349203118507 -0.002726626025548281
2835 0 0.0009470476111348703 -0.00331481456615825
2836 0 0.001398523804678916 -0.003189939038322089
2837 0 0.0007156825370438656 -0.002304938188719656
2838 0 0.001066174601558216 -0.002263313012774141
2839 0 0.0005313650740902542 -0.003876543044106758
2840 0 0.0005919980165176898 -0.004416883675629526
2841 0 0.000415682537044616 -0.002838271522054471
2842 0 0.0004735238055674351 -0.003357407283080719
2843 0 0.0003578412685219897 -0.002319135761027235
2844 -0.002907592117993269 0.0008790790418458981 -0.002907592117993269
2845 -0.002353796058997336 0.000739539520923828 -0.002353796058997336
2846 -0.002761373931180947 0.001729675362766603 -0.002761373931180947
2847 -0.002280686965591013 0.001464837681384238 -0.002280686965591013
2848 -0.002932307360974736 0.0004395395209229491 -0.002932307360974736
2849 -0.003184490147490671 0.0009488488023066593 -0.003184490147490671
2850 -0.003224627992974643 0.0004757701210939455 -0.003224627992974643
2851 -0.002366153680488121 0.000369769760461914 -0.002366153680488121
2852 -0.002630694088495302 0.000809309281384863 -0.002630694088495302
2853 -0.002649230520731725 0.0004046546406924315 -0.002649230520731725
2854 -0.002076898029498668 0.0006697697604626627 -0.002076898029498668
2855 -0.002083076840244358 0.0003348848802313245 -0.002083076840244358
2856 -0.002834483024587108 0.001304377202306251 -0.002834483024587108
2857 -0.003001717413975228 0.001862094203457257 -0.003001717413975228
2858 -0.00310195985854736 0.001409452219447102 -0.00310195985854736
2859 -0.002317241512294174 0.001102188601154033 -0.002317241512294174
2860 -0.00252103044838598 0.001597256522075421 -0.00252103044838598
2861 -0.002575862268440641 0.001203282901730142 -0.002575862268440641
2862 -0.002040343482795506 0.001332418840692811 -0.002040343482795506
2863 -0.002058620756147087 0.001001094300578238 -0.002058620756147087
2864 -0.002642937414240458 0.002127088130033285 -0.002642937414240458
2865 -0.002861768679869174 0.002290308911226099 -0.002861768679869174
2866 -0.002221468707120661 0.001813544065017273 -0.002221468707120661
2867 -0.002432203060680761 0.00197031609752548 -0.002432203060680761
2868 -0.00201073435356033 0.001656772032508986 -0.00201073435356033
2869 0.001260123114453478 -0.001260123116721747 -0.004671635630817491
2870 0.002445993749775668 -0.001166208234521643 -0.004202032000091416
2871 0.001166208230273669 -0.002445993752413949 -0.004202031999734638
2872 0.002273355954822431 -0.002273355959962515 -0.003829321791385036
2873 0.001287605940085699 -0.0006351279227246651 -0.004789434566296053
2874 0.0006352110269332253 -0.00128754015713611 -0.004789441229937408
2875 0.0006493052301182313 -0.000649230788080384 -0.004914967151665372
2876 0.002490419442775816 -0.0005868668811902303 -0.004295741875719052
2877 0.001868483214550314 -0.001222204365298653 -0.004473811234997363
2878 0.001905230808817124 -0.0006156201704026996 -0.004581605326839861
2879 0.002980066313488792 -0.001098481731925223 -0.003861676145385041
2880 0.003030155824333897 -0.0005525161049089413 -0.00393863956640762
2881 0.00122321107981228 -0.001868405828342687 -0.004473568409540592
2882 0.0005871677754175391 -0.002490231224208534 -0.004295809871664257
2883 0.0006163223436600637 -0.001905085811781495 -0.004581571217219502
2884 0.002376301697428358 -0.001731900102879545 -0.004043972338733898
2885 0.001732261648014454 -0.002374731953323541 -0.004044739513575923
2886 0.001813995322006342 -0.001812468311485299 -0.00429236293800987
2887 0.002779191808189506 -0.002145966767206052 -0.003559623509212673
2888 0.002897036317906753 -0.00163239792066441 -0.003733960042815106
2889 0.001101266605825157 -0.002977628481073096 -0.003862763323269581
2890 0.0005540779480373753 -0.003028945562582618 -0.003939351013353565
2891 0.00214860604314148 -0.00277666864279299 -0.003560000466222729
2892 0.001635373834884663 -0.002893834676284784 -0.003735140330229422
2893 0.00263194859960667 -0.002629359898927822 -0.003340555805691435
2894 0.002907592117993269 -0.0008790790418458981 -0.002907592117993269
2895 0.002353796058997336 -0.000739539520923828 -0.002353796058997336
2896 0.002761373931180947 -0.001729675362766603 -0.002761373931180947
2897 0.002280686965591013 -0.001464837681384238 -0.002280686965591013
2898 0.002932307360974736 -0.0004395395209229491 -0.002932307360974736
2899 0.003184490147490671 -0.0009488488023066593 -0.003184490147490671
2900 0.003224627992974643 -0.0004757701210939455 -0.003224627992974643
2901 0.002366153680488121 -0.000369769760461914 -0.002366153680488121
2902 0.002630694088495302 -0.000809309281384863 -0.002630694088495302
2903 0.002649230520731725 -0.0004046546406924315 -0.002649230520731725
2904 0.002076898029498668 -0.0006697697604626627 -0.002076898029498668
2905 0.002083076840244358 -0.0003348848802313245 -0.002083076840244358
2906 0.002834483024587108 -0.001304377202306251 -0.002834483024587108
2907 0.003001717413975228 -0.001862094203457257 -0.003001717413975228
2908 0.00310195985854736 -0.001409452219447102 -0.00310195985854736
2909 0.002317241512294174 -0.001102188601154033 -0.002317241512294174
2910 0.00252103044838598 -0.001597256522075421 -0.00252103044838598
2911 0.002575862268440641 -0.001203282901730142 -0.002575862268440641
2912 0.002040343482795506 -0.001332418840692811 -0.002040343482795506
2913 0.002058620756147087 -0.001001094300578238 -0.002058620756147087
2914 0.002642937414240458 -0.002127088130033285 -0.002642937414240458
2915 0.002861768679869174 -0.002290308911226099 -0.002861768679869174
2916 0.002221468707120661 -0.001813544065017273 -0.002221468707120661
2917 0.002432203060680761 -0.00197031609752548 -0.002432203060680761
2918 0.00201073435356033 -0.001656772032508986 -0.00201073435356033
2919 0.001062730152515473 0 -0.003819752753717022
2920 0.0008313650762573079 0 -0.002809876376859905
2921 0.002066666668692614 0 -0.003486751344780567
2922 0.001633333334346169 0 -0.002643375672391451
2923 0.0005313650762577366 0 -0.003876543043526674
2924 0.001178412690644387 0 -0.004324690942144331
2925 0.0005919980194669868 0 -0.00441688367509388
2926 0.000415682538128654 0 -0.002838271521764768
2927 0.0009470476143863905 0 -0.003314814565288464
2928 0.0004735238071931953 0 -0.003357407282645826
2929 0.0007156825381279035 0 -0.002304938188429952
2930 0.0003578412690640086 0 -0.002319135760882384
2931 0.001564698410604044 0 -0.003653252049248794
2932 0.002283333335865531 0 -0.003908439180974256
2933 0.001739057788807627 0 -0.004136324854828607
2934 0.001232349205301738 0 -0.002726626024625678
2935 0.001850000001519391 0 -0.003065063508586009
2936 0.001398523807952891 0 -0.003189939036937236
2937 0.001416666667172344 0 -0.002221687836195725
2938 0.001066174602649832 0 -0.002263313012312839
2939 0.002511844636324408 0 -0.003221886974368385
2940 0.002777825891111274 0 -0.00359432683758421
2941 0.002005922318162538 0 -0.002510943487185178
2942 0.00225888347724377 0 -0.002866415230777079
2943 0.001752961159081215 0 -0.002155471743592887
2944 0.001166208234995746 0.00244599374545602 -0.004202032002474296
2945 0.002273355960405905 0.002273355952788917 -0.003829321792329047
2946 0.001260123116942454 0.001260123110201313 -0.004671635631904934
2947 0.002445993752609781 0.001166208228300748 -0.004202032000168199
2948 0.001101266608464015 0.002977628477402718 -0.003862763325346576
2949 0.0005871677770656574 0.002490231217233134 -0.004295809875482545
2950 0.0005540779488760541 0.00302894555944558 -0.003939351015647655
2951 0.002148606050732388 0.002776668637239611 -0.003560000465972735
2952 0.001732261653538741 0.002374731945840393 -0.004044739515603486
2953 0.001635373841693641 0.002893834671338191 -0.003735140331080637
2954 0.002779191811737506 0.002145966760646722 -0.003559623510396937
2955 0.00263194860407902 0.002629359894239139 -0.003340555805858246
2956 0.001223211083874007 0.001868405820861452 -0.004473568411554564
2957 0.0006352110293426737 0.001287540150596629 -0.004789441231375851
2958 0.0006163223439371305 0.001905085712134555 -0.004581571258616918
2959 0.002376301702422611 0.001731900095520195 -0.004043972338950964
2960 0.00186849042745775 0.001222152269701272 -0.004473822454251261
2961 0.001813999870750573 0.001812443199606435 -0.004292371619177129
2962 0.002980066315206268 0.001098481726136398 -0.003861676145706335
2963 0.002897036321219445 0.001632397912711275 -0.003733960043721836
2964 0.001287605941448373 0.0006351279190674443 -0.004789434566414694
2965 0.0006493052313760819 0.0006492307843689693 -0.004914967151989452
2966 0.002490419441390046 0.0005868668755152948 -0.004295741877297727
2967 0.001905233155562182 0.0006155937108086456 -0.004581607906200553
2968 0.003030155823796436 0.0005525161009012457 -0.003938639567383316
2969 0.002761373932342685 0.001729675358982245 -0.002761373932342685
2970 0.002280686966171077 0.001464837679489851 -0.002280686966171077
2971 0.002907592118506147 0.0008790790383527149 -0.002907592118506147
2972 0.002353796059253339 0.0007395395191753405 -0.002353796059253339
2973 0.002642937414820239 0.002127088128140019 -0.002642937414820239
2974 0.003001717415428579 0.001862094198728659 -0.003001717415428579
2975 0.002861768680789545 0.002290308908698055 -0.002861768680789545
2976 0.002221468707409591 0.001813544064068978 -0.002221468707409591
2977 0.00252103044925688 0.001597256519236048 -0.00252103044925688
2978 0.002432203061114653 0.001970316096104236 -0.002432203061114653
2979 0.002040343483085539 0.001332418839744185 -0.002040343483085539
2980 0.002010734353704784 0.001656772032034127 -0.002010734353704784
2981 0.002834483025424416 0.00130437719866748 -0.002834483025424416
2982 0.003184490148132406 0.0009488487979415108 -0.003184490148132406
2983 0.003101959859895467 0.001409452213492127 -0.003101959859895467
2984 0.002317241512712208 0.001102188599332596 -0.002317241512712208
2985 0.002630694088879743 0.0008093092787640277 -0.002630694088879743
2986 0.002575862269068311 0.001203282899000038 -0.002575862269068311
2987 0.00207689802962667 0.0006697697595869198 -0.00207689802962667
2988 0.002058620756356104 0.00100109429966526 -0.002058620756356104
2989 0.002932307361231175 0.0004395395191763575 -0.002932307361231175
2990 0.003224627993188088 0.0004757701190498275 -0.003224627993188088
2991 0.002366153680616123 0.0003697697595876703 -0.002366153680616123
2992 0.002649230520923946 0.0004046546393820139 -0.002649230520923946
2993 0.002083076840308359 0.0003348848797935168 -0.002083076840308359
2994 0.004202032001238054 -0.00116620823474978 -0.002445993747697062
2995 0.004671635631353473 -0.001260123116830529 -0.001260123112357659
2996 0.003829321790370032 -0.002273355959485779 -0.002273355957008876
2997 0.004202031999288735 -0.002445993752212542 -0.001166208232302758
2998 0.004297361256298178 -0.0005850174108045159 -0.002488059658031319
2999 0.003862997832362023 -0.001100944442320197 -0.002977443380165369
3000 0.003940382227380176 -0.0005528120325729174 -0.003027835325573213
3001 0.004790530791777253 -0.0006327277912510773 -0.001284706299203264
3002 0.004474151528208543 -0.001220430152038368 -0.001868828067700388
3003 0.0045830510160923 -0.0006125959048595159 -0.001902726896126896
3004 0.004790530790618515 -0.001284706304663252 -0.0006327277889380559
3005 0.004915680210688718 -0.0006465632490847386 -0.0006465632460759829
3006 0.004045037829608663 -0.001732521462788349 -0.002374034190573622
3007 0.003560094730500347 -0.002148527970489538 -0.002776608195242492
3008 0.003735519386768576 -0.001635277716481916 -0.002893399678760923
3009 0.004474151527233735 -0.001868828072279658 -0.001220430148599882
3010 0.004045037828659747 -0.002374034194051175 -0.001732521460238638
3011 0.004293599537460543 -0.001811767510907555 -0.001811767506701248
3012 0.00429736125327883 -0.002488059663551491 -0.000585017409506631
3013 0.004583051013209558 -0.001902726903626842 -0.0006125959031314642
3014 0.003560094730646088 -0.00277660819550795 -0.002148527969904986
3015 0.003340740694169403 -0.002630537170771611 -0.002630537170904344
3016 0.003862997831273739 -0.002977443382025967 -0.001100944441106886
3017 0.003735519386239449 -0.002893399679707424 -0.001635277716015916
3018 0.003940382225865958 -0.003027835327667939 -0.0005528120318929586
3019 0.002643375673657244 0 -0.00163333333215165
3020 0.003486751347314264 0 -0.002066666664300848
3021 0.002809876377436384 0 -0.0008313650740921976
3022 0.003819752754873919 0 -0.001062730148182366
3023 0.002221687836828622 0 -0.001416666666076518
3024 0.002510943487818075 0 -0.002005922317065278
3025 0.002155471743909335 0 -0.001752961158533286
3026 0.003065063510485754 0 -0.001849999998226249
3027 0.003221886975635233 0 -0.002511844634128526
3028 0.002866415231726952 0 -0.002258883475597199
3029 0.003908439184143142 0 -0.002283333330375222
3030 0.003594326839165355 0 -0.002777825888778242
3031 0.002304938188718192 0 -0.0007156825370468476
3032 0.002726626025546814 0 -0.001232349203121924
3033 0.002263313012773408 0 -0.001066174601562183
3034 0.003314814566155152 0 -0.0009470476111372816
3035 0.003653252051094092 0 -0.001564698406241607
3036 0.003189939038320453 0 -0.001398523804681765
3037 0.004324690943593746 0 -0.001178412685227346
3038 0.004136324857920637 0 -0.001739057781389062
3039 0.002838271522050128 0 -0.0004156825370460988
3040 0.002319135761025198 0 -0.000357841268523417
3041 0.003876543044102087 0 -0.0005313650740911828
3042 0.003357407283075292 0 -0.0004735238055686408
3043 0.004416883675627908 0 -0.0005919980165181542
3044 0.002643375672389219 -0.001633333334347934 0
3045 0.003486751344778214 -0.002066666668693416 0
3046 0.00280987637685574 -0.0008313650762591892 0
3047 0.003819752753712633 -0.001062730152516349 0
3048 0.002510943487184063 -0.00200592231816342 0
3049 0.002221687836194609 -0.001416666667174659 0
3050 0.002155471743592329 -0.001752961159082357 0
3051 0.003221886974367209 -0.002511844636324809 0
3052 0.003065063508583717 -0.001850000001520675 0
3053 0.002866415230775933 -0.002258883477244412 0
3054 0.00390843918097308 -0.002283333335865932 0
3055 0.003594326837583623 -0.002777825891111475 0
3056 0.00272662602462248 -0.001232349205303562 0
3057 0.00230493818842787 -0.0007156825381303434 0
3058 0.00226331301231124 -0.001066174602653002 0
3059 0.003653252049245424 -0.001564698410604882 0
3060 0.003314814565284187 -0.0009470476143877689 0
3061 0.003189939036933952 -0.001398523807954222 0
3062 0.004324690942142137 -0.001178412690644825 0
3063 0.004136324854826923 -0.001739057788808047 0
3064 0.002838271521759806 -0.0004156825381295946 0
3065 0.002319135760880036 -0.0003578412690651649 0
3066 0.003876543043521444 -0.0005313650762581743 0
3067 0.00335740728263981 -0.0004735238071938844 0
3068 0.004416883675091981 -0.0005919980194672057 0
3069 0.004671635631428664 -0.001260123114577521 0.001260123114331909
3070 0.004202032000936079 -0.00116620823051271 0.002445993750235994
3071 0.004202032001066109 -0.002445993750215922 0.00116620823008629
3072 0.003829321793288903 -0.002273355955716653 0.002273355955861349
3073 0.004790530790806453 -0.0006327277900390409 0.001284706303420202
3074 0.00479053079078992 -0.001284706303542043 0.0006327277899168308
3075 0.004915680210471831 -0.0006465632484527353 0.0006465632483569243
3076 0.004297361254022743 -0.0005850174085351406 0.002488059662495032
3077 0.004474151528158826 -0.001220430148738555 0.001868828069974343
3078 0.004583051013719549 -0.0006125959030365924 0.001902726902428981
3079 0.003862997832270907 -0.001100944436473375 0.002977443382445514
3080 0.003940382226102913 -0.0005528120296962575 0.003027835327760634
3081 0.004474151528209757 -0.001868828070078397 0.001220430148392498
3082 0.004297361254065124 -0.002488059662473201 0.0005850174083166671
3083 0.004583051013702932 -0.001902726902494191 0.0006125959029583653
3084 0.004045037831024352 -0.001732521458629873 0.002374034191196246
3085 0.004045037831121245 -0.002374034191126701 0.001732521458498946
3086 0.00429359953874364 -0.00181176750734908 0.001811767507218984
3087 0.003560094733148055 -0.002148527964981617 0.002776608196109675
3088 0.00373551938845497 -0.00163527770933943 0.002893399680620462
3089 0.003862997832438211 -0.002977443382493144 0.001100944435757526
3090 0.003940382226192616 -0.003027835327678004 0.0005528120295094387
3091 0.003560094732765022 -0.002776608196520525 0.002148527965085345
3092 0.003735519388280357 -0.002893399680808392 0.001635277709405788
3093 0.003340740696329004 -0.002630537169515322 0.00263053716941797
3094 0.002809876376854505 0 0.0008313650762561057
3095 0.003819752753711514 0 0.001062730152514367
3096 0.002643375672386993 0 0.00163333333434392
3097 0.003486751344776198 0 0.002066666668690555
3098 0.002304938188427252 0 0.0007156825381273024
3099 0.002838271521759188 0 0.0004156825381280529
3100 0.002319135760879728 0 0.0003578412690637081
3101 0.003314814565283009 0 0.0009470476143852363
3102 0.003876543043520884 0 0.0005313650762571834
3103 0.003357407282639221 0 0.0004735238071926181
3104 0.004324690942141577 0 0.001178412690643834
3105 0.004416883675091702 0 0.0005919980194667102
3106 0.002221687836193496 0 0.001416666667171219
3107 0.002726626024620749 0 0.001232349205300013
3108 0.002263313012310374 0 0.001066174602648969
3109 0.003065063508581595 0 0.001850000001517238
3110 0.003653252049243856 0 0.001564698410602461
3111 0.003189939036932302 0 0.001398523807951237
3112 0.003908439180972072 0 0.002283333335864501
3113 0.004136324854826138 0 0.001739057788806836
3114 0.002510943487181453 0 0.002005922318159916
3115 0.002155471743590659 0 0.001752961159079539
3116 0.003221886974364845 0 0.002511844636322023
3117 0.002866415230772739 0 0.00225888347724056
3118 0.003594326837582764 0 0.002777825891110405
3119 0.003829321795176924 0.00227335595412653 -0.002273355954271226
3120 0.004202032003882547 0.002445993746092106 -0.00116620822858747
3121 0.004202032003752516 0.001166208229013889 -0.002445993746112179
3122 0.004671635633603548 0.001260123110546063 -0.00126012311030045
3123 0.003560094734095046 0.002776608195501674 -0.002148527964198197
3124 0.00356009473461743 0.002148527965113536 -0.002776608194123601
3125 0.003340740697218725 0.00263053716945708 -0.002630537168346281
3126 0.003862997833861241 0.002977443381034581 -0.001100944434708996
3127 0.004045037833435782 0.002374034188281467 -0.001732521456993794
3128 0.003735519389653975 0.00289339967958383 -0.001635277708434682
3129 0.00429736125730392 0.002488059657045446 -0.0005850174076095157
3130 0.003940382227727629 0.003027835325784178 -0.0005528120289408102
3131 0.004045037833338889 0.001732521457124721 -0.002374034188351012
3132 0.003862997833917496 0.001100944434607671 -0.00297744338099906
3133 0.003735519390069611 0.00163527770854176 -0.002893399678986704
3134 0.004474151530677052 0.001868828065967784 -0.001220430145641811
3135 0.004474151530626118 0.001220430145987879 -0.001868828065863727
3136 0.004293599541049963 0.001811767504591554 -0.001811767504510895
3137 0.00479053079248999 0.00128470629819831 -0.0006327277878952491
3138 0.004583051016941956 0.00190272689510613 -0.0006125959016734286
3139 0.004297361257261541 0.0005850174078279888 -0.002488059657067274
3140 0.003940382227813788 0.0005528120288142075 -0.003027835325695168
3141 0.004790530792506523 0.0006327277880174594 -0.001284706298076468
3142 0.004583051016934799 0.0006125959018242196 -0.001902726895074819
3143 0.004915680211248854 0.0006465632454587572 -0.0006465632454433626
3144 0.002809876377435148 0.0008313650740891141 0
3145 0.003819752754872801 0.001062730148180384 0
3146 0.002643375673655018 0.001633333332147636 0
3147 0.003486751347312248 0.002066666664297988 0
3148 0.00283827152204951 0.0004156825370445571 0
3149 0.002304938188717574 0.0007156825370438066 0
3150 0.002319135761024888 0.0003578412685219602 0
3151 0.003876543044101528 0.0005313650740901921 0
3152 0.003314814566153975 0.0009470476111347492 0
3153 0.003357407283074704 0.0004735238055673746 0
3154 0.004324690943593185 0.001178412685226355 0
3155 0.004416883675627628 0.0005919980165176588 0
3156 0.002726626025545083 0.001232349203118375 0
3157 0.002221687836827509 0.001416666666073078 0
3158 0.002263313012772542 0.00106617460155815 0
3159 0.003653252051092524 0.001564698406239186 0
3160 0.003065063510483633 0.001849999998222812 0
3161 0.003189939038318804 0.001398523804678781 0
3162 0.003908439184142134 0.002283333330373792 0
3163 0.004136324857919853 0.001739057781387851 0
3164 0.002510943487815465 0.002005922317061775 0
3165 0.002155471743907665 0.001752961158530468 0
3166 0.00322188697563287 0.00251184463412574 0
3167 0.002866415231723758 0.002258883475593347 0
3168 0.003594326839164495 0.002777825888777171 0
3169 0.004202032001238054 0.002445993747697061 0.001166208234749781
3170 0.003829321790370032 0.002273355957008876 0.00227335595948578
3171 0.004671635631353473 0.001260123112357659 0.001260123116830529
3172 0.004202031999288736 0.001166208232302758 0.002445993752212542
3173 0.003862997833257792 0.002977443379479531 0.001100944441031931
3174 0.004297361256298177 0.00248805965803132 0.0005850174108045171
3175 0.003940382227792275 0.003027835325171906 0.0005528120318335452
3176 0.003560094730793726 0.002776608195706195 0.002148527969404152
3177 0.004045037829608662 0.002374034190573623 0.00173252146278835
3178 0.003735519387266691 0.002893399678519175 0.001635277715771794
3179 0.003560094730849956 0.002148527967137649 0.002776608197387911
3180 0.003340740694586234 0.002630537169896384 0.002630537171250201
3181 0.00447415152820854 0.001868828067700384 0.001220430152038381
3182 0.004790530791777253 0.001284706299203264 0.0006327277912510775
3183 0.004583051016088943 0.001902726896110728 0.0006125959049348431
3184 0.004045037828659746 0.001732521460238638 0.002374034194051175
3185 0.004474151527233737 0.001220430148599873 0.001868828072279661
3186 0.004293599537438472 0.001811767506724521 0.001811767510936587
3187 0.003862997832112836 0.001100944442255435 0.002977443380512616
3188 0.003735519386690535 0.001635277714672612 0.002893399679884251
3189 0.004790530790618515 0.0006327277889380558 0.001284706304663251
3190 0.004915680210701486 0.0006465632460128868 0.0006465632490507584
3191 0.00429736125327883 0.0005850174095066306 0.002488059663551489
3192 0.004583051013214138 0.0006125959030930583 0.001902726903628175
3193 0.003940382226292335 0.0005528120325063078 0.003027835327001076
3194 -0.003829321794232914 -0.002273355953683141 -0.00227335595630474
3195 -0.004202032001369639 -0.001166208228539789 -0.002445993750431827
3196 -0.004202032003448988 -0.002445993745896275 -0.001166208230560392
3197 -0.004671635632516108 -0.001260123110325356 -0.001260123114552615
3198 -0.003560094734501096 -0.002776608192256195 -0.002148527967719608
3199 -0.003560094733977037 -0.002148527966532433 -0.002776608193846761
3200 -0.003340740697177088 -0.002630537168532069 -0.002630537169324175
3201 -0.004045037831707164 -0.001732521456602441 -0.002374034191512407
3202 -0.003862997831916497 -0.001100944433021295 -0.002977443384181782
3203 -0.003735519388892989 -0.001635277708471004 -0.002893399680545773
3204 -0.004297361254132469 -0.0005850174075326227 -0.002488059662541239
3205 -0.003940382225774947 -0.0005528120279865845 -0.003027835328499592
3206 -0.003862997833003692 -0.002977443382730012 -0.001100944433132772
3207 -0.004045037832752972 -0.002374034187965308 -0.001732521459021226
3208 -0.003735519389657955 -0.002893399678951659 -0.00163527770954413
3209 -0.004474151529930809 -0.001868828065733453 -0.001220430148736403
3210 -0.00447415152890507 -0.001220430145643964 -0.001868828070208673
3211 -0.004293599539969996 -0.001811767504128121 -0.001811767507533678
3212 -0.00479053079107712 -0.0006327277878717404 -0.00128470630347833
3213 -0.004583051013895842 -0.0006125959015037752 -0.00190272690249785
3214 -0.004297361257194198 -0.002488059656999238 -0.0005850174086120344
3215 -0.003940382227302008 -0.003027835326468626 -0.0005528120282257713
3216 -0.004790530792219324 -0.001284706298140183 -0.0006327277900625515
3217 -0.004583051016751031 -0.001902726895036809 -0.0006125959033171312
3218 -0.004915680210846485 -0.0006465632454962184 -0.0006465632484650344
3219 -0.003819752753717022 0 -0.001062730152515473
3220 -0.002809876376859905 0 -0.0008313650762573079
3221 -0.003486751344780567 0 -0.002066666668692614
3222 -0.002643375672391451 0 -0.001633333334346169
3223 -0.003876543043526674 0 -0.0005313650762577366
3224 -0.004324690942144331 0 -0.001178412690644387
3225 -0.00441688367509388 0 -0.0005919980194669868
3226 -0.002838271521764768 0 -0.000415682538128654
3227 -0.003314814565288464 0 -0.0009470476143863905
3228 -0.003357407282645826 0 -0.0004735238071931953
3229 -0.002304938188429952 0 -0.0007156825381279035
3230 -0.002319135760882384 0 -0.0003578412690640086
3231 -0.003653252049248794 0 -0.001564698410604044
3232 -0.003908439180974256 0 -0.002283333335865531
3233 -0.004136324854828607 0 -0.001739057788807627
3234 -0.002726626024625678 0 -0.001232349205301738
3235 -0.003065063508586009 0 -0.001850000001519391
3236 -0.003189939036937236 0 -0.001398523807952891
3237 -0.002221687836195725 0 -0.001416666667172344
3238 -0.002263313012312839 0 -0.001066174602649832
3239 -0.003221886974368385 0 -0.002511844636324408
3240 -0.00359432683758421 0 -0.002777825891111274
3241 -0.002510943487185178 0 -0.002005922318162538
3242 -0.002866415230777079 0 -0.00225888347724377
3243 -0.002155471743592887 0 -0.001752961159081215
3244 -0.003486751347316617 -0.002066666664301001 0
3245 -0.002643375673659477 -0.001633333332151796 0
3246 -0.003819752754878309 -0.00106273014818249 0
3247 -0.002809876377440548 -0.0008313650740923155 0
3248 -0.00322188697563641 -0.002511844634128602 0
3249 -0.003908439184144318 -0.002283333330375299 0
3250 -0.003594326839165942 -0.00277782588877828 0
3251 -0.002510943487819192 -0.002005922317065351 0
3252 -0.003065063510488047 -0.001849999998226399 0
3253 -0.002866415231728098 -0.002258883475597274 0
3254 -0.002221687836829738 -0.00141666666607659 0
3255 -0.002155471743909894 -0.001752961158533323 0
3256 -0.003653252051097463 -0.001564698406241746 0
3257 -0.00432469094359594 -0.001178412685227408 0
3258 -0.004136324857922322 -0.001739057781389131 0
3259 -0.002726626025550012 -0.001232349203122056 0
3260 -0.003314814566159428 -0.0009470476111374029 0
3261 -0.003189939038323738 -0.001398523804681901 0
3262 -0.002304938188720274 -0.0007156825370469065 0
3263 -0.002263313012775006 -0.001066174601562249 0
3264 -0.003876543044107318 -0.0005313650740912451 0
3265 -0.004416883675629806 -0.0005919980165181853 0
3266 -0.002838271522055089 -0.0004156825370461578 0
3267 -0.003357407283081308 -0.0004735238055687014 0
3268 -0.002319135761027545 -0.0003578412685234465 0
3269 -0.004202032001671615 -0.002445993747892893 0.001166208232776858
3270 -0.004671635632440913 -0.001260123112578365 0.001260123112578365
3271 -0.003829321791314041 -0.002273355957452266 0.002273355957452266
3272 -0.004202032001671613 -0.001166208232776859 0.002445993747892893
3273 -0.003862997834074703 -0.00297744337726287 0.001100944444160383
3274 -0.004297361256407901 -0.002488059658077526 0.0005850174098019975
3275 -0.003940382228390406 -0.00302783532409227 0.0005528120334834438
3276 -0.004474151528954786 -0.001868828067934717 0.001220430148943777
3277 -0.004790530792047917 -0.001284706299261392 0.0006327277890837763
3278 -0.004583051016271173 -0.001902726896204943 0.0006125959032788749
3279 -0.004790530792047915 -0.0006327277890837819 0.001284706299261398
3280 -0.004915680211081326 -0.0006465632460810019 0.0006465632460947976
3281 -0.003560094730920805 -0.002776608196753467 0.00214852796784016
3282 -0.004045037830291473 -0.00237403419088978 0.001732521460760917
3283 -0.003735519387523823 -0.002893399677797033 0.001635277716462151
3284 -0.004045037830291473 -0.001732521460760917 0.002374034190889781
3285 -0.004474151528954784 -0.001220430148943788 0.001868828067934714
3286 -0.004293599538588567 -0.001811767507469804 0.001811767507465759
3287 -0.004297361256407901 -0.0005850174098019975 0.002488059658077526
3288 -0.004583051016269094 -0.0006125959033751698 0.001902726896178949
3289 -0.003560094731012924 -0.00214852796754128 0.002776608196866626
3290 -0.003340740694509747 -0.002630537170512584 0.002630537170731137
3291 -0.003862997833676387 -0.001100944442663932 0.002977443378332984
3292 -0.003735519387531601 -0.001635277715105941 0.002893399678553486
3293 -0.003940382228072689 -0.0005528120327833564 0.003027835324633562
3294 -0.0034867513473146 0 0.002066666664299096
3295 -0.002643375673657251 0 0.001633333332149693
3296 -0.003819752754877189 0 0.001062730148181508
3297 -0.002809876377439312 0 0.0008313650740912308
3298 -0.003221886975634046 0 0.002511844634126294
3299 -0.003908439184143311 0 0.002283333330374346
3300 -0.003594326839165083 0 0.002777825888777449
3301 -0.002510943487816581 0 0.002005922317062802
3302 -0.003065063510485925 0 0.001849999998224394
3303 -0.002866415231724904 0 0.002258883475594138
3304 -0.002221687836828625 0 0.001416666666075539
3305 -0.002155471743908223 0 0.001752961158531683
3306 -0.003653252051095895 0 0.001564698406240302
3307 -0.00432469094359538 0 0.001178412685226917
3308 -0.004136324857921538 0 0.001739057781388409
3309 -0.002726626025548282 0 0.001232349203120462
3310 -0.003314814566158251 0 0.0009470476111363693
3311 -0.003189939038322088 0 0.001398523804680382
3312 -0.002304938188719656 0 0.0007156825370463642
3313 -0.002263313012774141 0 0.001066174601561452
3314 -0.003876543044106758 0 0.0005313650740907538
3315 -0.004416883675629526 0 0.0005919980165179396
3316 -0.002838271522054472 0 0.0004156825370456154
3317 -0.00335740728308072 0 0.0004735238055681846
3318 -0.002319135761027236 0 0.0003578412685231753
3319 -0.004671635630266029 0.001260123116609823 -0.001260123116609823
3320 -0.004202031998855175 0.002445993752016709 -0.001166208234275679
3321 -0.004202031998855175 0.001166208234275679 -0.002445993752016709
3322 -0.003829321789426022 0.002273355959042391 -0.002273355959042388
3323 -0.004790530790347846 0.001284706304605129 -0.0006327277911053613
3324 -0.004790530790347847 0.0006327277911053578 -0.001284706304605124
3325 -0.004915680210322054 0.0006465632489642452 -0.0006465632489841396
3326 -0.004297361253169105 0.002488059663505282 -0.000585017410509149
3327 -0.004474151526487492 0.001868828072045331 -0.001220430151694463
3328 -0.004583051013027804 0.001902726903544161 -0.000612595904748028
3329 -0.003862997829496372 0.002977443385755104 -0.001100944437258073
3330 -0.003940382224766044 0.003027835329456109 -0.0005528120299389318
3331 -0.004474151526487491 0.001220430151694472 -0.001868828072045328
3332 -0.004297361253169105 0.0005850174105091502 -0.002488059663505282
3333 -0.004583051013038164 0.0006125959046426267 -0.001902726903553144
3334 -0.004045037827976936 0.002374034193735015 -0.001732521462266069
3335 -0.004045037827976937 0.00173252146226607 -0.002374034193735014
3336 -0.004293599536268636 0.001811767510217571 -0.001811767510215856
3337 -0.003560094730780559 0.002776608193685803 -0.002148527972036982
3338 -0.003735519385666255 0.002893399680854655 -0.00163527771529541
3339 -0.003862997832333965 0.001100944444222867 -0.002977443379498236
3340 -0.003940382226511186 0.000552812033487428 -0.003027835326537135
3341 -0.003560094730690421 0.00214852797202166 -0.002776608193813233
3342 -0.003735519386858822 0.001635277718167684 -0.002893399677691655
3343 -0.003340740694468674 0.002630537170615032 -0.002630537170680852
3344 -0.003819752753715902 0.001062730152514491 0
3345 -0.002809876376858668 0.0008313650762562233 0
3346 -0.003486751344778551 0.00206666666869071 0
3347 -0.002643375672389224 0.001633333334344066 0
3348 -0.003876543043526114 0.0005313650762572455 0
3349 -0.004324690942143772 0.001178412690643896 0
3350 -0.0044168836750936 0.0005919980194667412 0
3351 -0.002838271521764149 0.0004156825381281116 0
3352 -0.003314814565287285 0.0009470476143853572 0
3353 -0.003357407282645237 0.0004735238071926786 0
3354 -0.002304938188429334 0.0007156825381273612 0
3355 -0.002319135760882075 0.0003578412690637375 0
3356 -0.003653252049247227 0.0015646984106026 0
3357 -0.003908439180973248 0.002283333335864579 0
3358 -0.004136324854827823 0.001739057788806906 0
3359 -0.002726626024623946 0.001232349205300145 0
3360 -0.003065063508583887 0.001850000001517388 0
3361 -0.003189939036935587 0.001398523807951373 0
3362 -0.002221687836194612 0.001416666667171292 0
3363 -0.002263313012311973 0.001066174602649035 0
3364 -0.003221886974366021 0.002511844636322101 0
3365 -0.003594326837583352 0.002777825891110443 0
3366 -0.002510943487182568 0.002005922318159989 0
3367 -0.002866415230773885 0.002258883477240635 0
3368 -0.002155471743591216 0.001752961159079575 0
3369 -0.004202032003318958 0.001166208230986812 0.002445993745916347
3370 -0.003829321794232914 0.002273355956160044 0.002273355953827836
3371 -0.004671635632516107 0.001260123114798227 0.001260123110079745
3372 -0.004202032001499669 0.002445993750411754 0.001166208228113369
3373 -0.003862997833984737 0.001100944438025456 0.002977443379648057
3374 -0.004297361257151818 0.0005850174088305079 0.002488059657021067
3375 -0.003940382228035435 0.0005528120305409429 0.003027835325091458
3376 -0.003560094734066637 0.002148527966660555 0.002776608193632739
3377 -0.004045037832656078 0.001732521459152153 0.002374034188034854
3378 -0.003735519389760703 0.001635277710994755 0.002893399677999151
3379 -0.003560094733890957 0.002776608195917266 0.002148527963999291
3380 -0.003340740697066957 0.002630537169928338 0.002630537168067769
3381 -0.004474151529879875 0.001220430149082466 0.001868828065629398
3382 -0.004790530792235858 0.000632727790184761 0.001284706298018341
3383 -0.00458305101675956 0.0006125959033643305 0.001902726895001068
3384 -0.004045037831804057 0.002374034191442862 0.001732521456471514
3385 -0.004474151528956002 0.001868828070312728 0.001220430145297909
3386 -0.004293599539932238 0.00181176750771437 0.00181176750403691
3387 -0.003862997832084406 0.002977443383870261 0.001100944433274629
3388 -0.00373551938871916 0.002893399681233344 0.001635277707651522
3389 -0.004790530791060586 0.00128470630360017 0.0006327277877495293
3390 -0.004915680210850877 0.0006465632484989849 0.0006465632454288724
3391 -0.004297361254174849 0.002488059662519409 0.0005850174073141487
3392 -0.004583051013883418 0.001902726902524913 0.0006125959015126705
3393 -0.003940382225848885 0.003027835328360052 0.0005528120282238462
3394 -0.001199999999999792 -0.001200000000000111 -0.00120000000000011
3395 -0.001200000000000111 -0.0006000000000001642 -0.001199999999999793
3396 -0.0005999999999998314 -0.001200000000000747 -0.001199999999999792
3397 -0.0006000000000001647 -0.000600000000000831 -0.001200000000000111
3398 -0.00120000000000011 -0.001200000000000747 -0.0006000000000001643
3399 -0.001199999999999793 -0.0006000000000008307 -0.0005999999999998314
3400 -0.0006000000000001647 -0.001200000000001065 -0.0005999999999998314
3401 -0.0005999999999998314 -0.0006000000000011639 -0.0006000000000001649
3402 -0.001199999999999633 -0.001500000000000055 -0.00120000000000027
3403 -0.001499999999999896 -0.001199999999999793 -0.00120000000000027
3404 -0.001199999999999633 -0.001199999999999793 -0.001500000000000055
3405 -0.001499999999999817 -0.001499999999999896 -0.001200000000000588
3406 -0.001199999999999314 -0.001499999999999896 -0.001500000000000135
3407 -0.001499999999999816 -0.001199999999999395 -0.001500000000000135
3408 -0.001499999999999666 -0.001499999999999706 -0.001500000000000296
3409 -0.001199999999999952 -0.0009000000000001376 -0.001199999999999952
3410 -0.001500000000000056 -0.0005999999999998312 -0.001199999999999634
3411 -0.00120000000000027 -0.0005999999999998312 -0.001499999999999896
3412 -0.001499999999999976 -0.0008999999999998119 -0.001199999999999952
3413 -0.001199999999999952 -0.000899999999999812 -0.001499999999999976
3414 -0.001500000000000135 -0.0005999999999994149 -0.001499999999999817
3415 -0.001499999999999976 -0.0008999999999992586 -0.001499999999999976
3416 -0.00120000000000027 -0.0003000000000000821 -0.001199999999999634
3417 -0.001500000000000135 -0.0002999999999999156 -0.001199999999999315
3418 -0.001200000000000589 -0.0002999999999999156 -0.001499999999999817
3419 -0.001500000000000296 -0.0002999999999997359 -0.001499999999999667
3420 -0.0005999999999996648 -0.001500000000000373 -0.001199999999999633
3421 -0.0008999999999998118 -0.001200000000000429 -0.001199999999999951
3422 -0.000599999999999665 -0.001200000000000588 -0.001499999999999896
3423 -0.0008999999999996489 -0.001500000000000214 -0.001199999999999952
3424 -0.0005999999999993319 -0.001500000000000294 -0.001499999999999817
3425 -0.0008999999999996491 -0.00120000000000019 -0.001499999999999976
3426 -0.0008999999999991771 -0.001500000000000096 -0.001499999999999976
3427 -0.0005999999999999981 -0.0009000000000007892 -0.001199999999999952
3428 -0.0009000000000001379 -0.0006000000000004976 -0.001199999999999952
3429 -0.0006000000000003314 -0.0006000000000006645 -0.001500000000000056
3430 -0.0008999999999999748 -0.0009000000000004634 -0.001199999999999952
3431 -0.0005999999999999982 -0.0009000000000006264 -0.001499999999999976
3432 -0.0009000000000003009 -0.0006000000000002478 -0.001499999999999976
3433 -0.000899999999999975 -0.0009000000000002192 -0.001499999999999976
3434 -0.0006000000000003314 -0.0003000000000004155 -0.00120000000000027
3435 -0.0009000000000003008 -0.0003000000000002488 -0.001199999999999952
3436 -0.0006000000000006646 -0.0003000000000003322 -0.001500000000000135
3437 -0.0009000000000008763 -0.000300000000000124 -0.001499999999999977
3438 -0.0002999999999999157 -0.001200000000001066 -0.001199999999999633
3439 -0.0002999999999998324 -0.001500000000000533 -0.001199999999999314
3440 -0.0002999999999998325 -0.001200000000000987 -0.001499999999999817
3441 -0.0002999999999996943 -0.001500000000000494 -0.001499999999999667
3442 -0.0003000000000000824 -0.0006000000000011643 -0.00120000000000027
3443 -0.0002999999999999991 -0.0009000000000011152 -0.001199999999999952
3444 -0.0003000000000001657 -0.000600000000001081 -0.001500000000000135
3445 -0.0002999999999999991 -0.0009000000000012839 -0.001499999999999976
3446 -0.0003000000000001657 -0.0003000000000005821 -0.001200000000000589
3447 -0.0003000000000003289 -0.0003000000000005371 -0.001500000000000296
3448 -0.00120000000000027 -0.001500000000000373 -0.0006000000000003312
3449 -0.001500000000000055 -0.001200000000000588 -0.0006000000000003312
3450 -0.001199999999999951 -0.001200000000000429 -0.0009000000000001372
3451 -0.001500000000000135 -0.001500000000000294 -0.0006000000000006645
3452 -0.001199999999999952 -0.001500000000000214 -0.0009000000000003005
3453 -0.001499999999999975 -0.00120000000000019 -0.0009000000000003005
3454 -0.001499999999999976 -0.001500000000000095 -0.000900000000000877
3455 -0.001199999999999952 -0.0009000000000007888 -0.0005999999999999979
3456 -0.001499999999999896 -0.0006000000000006642 -0.0005999999999996649
3457 -0.001199999999999952 -0.0006000000000004975 -0.0008999999999998123
3458 -0.001499999999999976 -0.0009000000000006262 -0.000599999999999998
3459 -0.001199999999999952 -0.0009000000000004631 -0.0008999999999999747
3460 -0.001499999999999976 -0.0006000000000002477 -0.0008999999999996493
3461 -0.001499999999999976 -0.0009000000000002189 -0.0008999999999999747
3462 -0.001199999999999634 -0.0003000000000004153 -0.0005999999999996648
3463 -0.001499999999999817 -0.0003000000000003321 -0.0005999999999993319
3464 -0.001199999999999952 -0.0003000000000002487 -0.0008999999999996492
3465 -0.001499999999999976 -0.000300000000000124 -0.0008999999999991773
3466 -0.0006000000000003314 -0.001500000000000533 -0.0005999999999996649
3467 -0.0009000000000001375 -0.001200000000000906 -0.0005999999999999979
3468 -0.0005999999999999981 -0.001200000000000907 -0.0008999999999998119
3469 -0.0009000000000003006 -0.001500000000000453 -0.0005999999999999981
3470 -0.0005999999999999981 -0.001500000000000453 -0.0008999999999996491
3471 -0.0008999999999999746 -0.001200000000000668 -0.0008999999999999746
3472 -0.0008999999999999746 -0.001500000000000333 -0.000899999999999975
3473 -0.0005999999999999981 -0.0009000000000011148 -0.0005999999999999981
3474 -0.0008999999999998121 -0.0006000000000009973 -0.0005999999999999981
3475 -0.0005999999999999981 -0.0006000000000009975 -0.000900000000000138
3476 -0.0008999999999999748 -0.0009000000000009518 -0.000599999999999998
3477 -0.0005999999999999981 -0.0009000000000009521 -0.000899999999999975
3478 -0.000899999999999975 -0.0006000000000007475 -0.0008999999999999751
3479 -0.0008999999999999748 -0.0009000000000007075 -0.0008999999999999749
3480 -0.0005999999999996649 -0.000300000000000582 -0.0006000000000003314
3481 -0.0008999999999996493 -0.0003000000000004987 -0.0005999999999999981
3482 -0.0005999999999999982 -0.0003000000000004988 -0.0009000000000003008
3483 -0.0008999999999999748 -0.0003000000000003739 -0.0008999999999999748
3484 -0.0003000000000000824 -0.001200000000001225 -0.000599999999999665
3485 -0.0003000000000001657 -0.001500000000000612 -0.0005999999999993319
3486 -0.0002999999999999991 -0.001200000000001145 -0.0008999999999996489
3487 -0.0002999999999999991 -0.001500000000000572 -0.0008999999999991773
3488 -0.0002999999999999157 -0.0006000000000013307 -0.0006000000000003314
3489 -0.0002999999999999991 -0.000900000000001278 -0.0005999999999999982
3490 -0.0002999999999999991 -0.0006000000000012475 -0.0009000000000003007
3491 -0.0002999999999999991 -0.0009000000000011965 -0.0008999999999999749
3492 -0.0002999999999998325 -0.0003000000000006653 -0.0006000000000006646
3493 -0.0002999999999999992 -0.0003000000000006237 -0.0009000000000008767
3494 -0.00120000000000027 -0.001200000000001066 -0.0003000000000000822
3495 -0.001200000000000589 -0.001500000000000533 -0.0003000000000001656
3496 -0.001500000000000134 -0.001200000000000986 -0.0003000000000001656
3497 -0.001500000000000295 -0.001500000000000494 -0.0003000000000003289
3498 -0.001199999999999634 -0.0006000000000011641 -0.0002999999999999157
3499 -0.001199999999999952 -0.000900000000001115 -0.0002999999999999989
3500 -0.001499999999999817 -0.0006000000000010809 -0.0002999999999998325
3501 -0.001499999999999976 -0.0009000000000012837 -0.0002999999999999991
3502 -0.001199999999999315 -0.000300000000000582 -0.0002999999999998324
3503 -0.001499999999999666 -0.000300000000000537 -0.0002999999999996943
3504 -0.0006000000000003314 -0.001200000000001225 -0.0002999999999999157
3505 -0.0006000000000006647 -0.001500000000000612 -0.0002999999999998325
3506 -0.0009000000000003005 -0.001200000000001145 -0.0002999999999999989
3507 -0.0009000000000008768 -0.001500000000000572 -0.0002999999999999991
3508 -0.000599999999999665 -0.0006000000000013307 -0.0003000000000000824
3509 -0.0005999999999999982 -0.000900000000001278 -0.0002999999999999991
3510 -0.0008999999999996493 -0.0006000000000012474 -0.0002999999999999991
3511 -0.0008999999999999748 -0.0009000000000011967 -0.000299999999999999
3512 -0.0005999999999993319 -0.0003000000000006653 -0.0003000000000001657
3513 -0.0008999999999991775 -0.0003000000000006237 -0.0002999999999999991
3514 -0.0003000000000001657 -0.001200000000001305 -0.0002999999999998325
3515 -0.000300000000000329 -0.001500000000000654 -0.0002999999999996944
3516 -0.0002999999999998325 -0.0006000000000014142 -0.0003000000000001657
3517 -0.0002999999999999991 -0.00090000000000161 -0.0002999999999999992
3518 -0.0002999999999996944 -0.0003000000000007037 -0.0003000000000003289
3519 -0.001200000000000429 -0.001200000000001384 0.0005999999999998315
3520 -0.001199999999999474 -0.0006000000000014971 0.0006000000000001645
3521 -0.0006000000000004978 -0.001200000000001384 0.0006000000000001644
3522 -0.0005999999999994984 -0.0006000000000014972 0.0005999999999998318
3523 -0.001200000000000429 -0.001200000000001384 0.001199999999999792
3524 -0.001199999999999474 -0.000600000000001497 0.001200000000000111
3525 -0.0006000000000004977 -0.001200000000001384 0.001200000000000111
3526 -0.0005999999999994985 -0.0006000000000014972 0.001199999999999793
3527 -0.001200000000000907 -0.001500000000000692 0.000599999999999665
3528 -0.001500000000000214 -0.001200000000001384 0.000599999999999665
3529 -0.001200000000000429 -0.001200000000001384 0.0002999999999999157
3530 -0.001500000000000453 -0.001500000000000692 0.000599999999999332
3531 -0.001200000000000907 -0.001500000000000692 0.0002999999999998325
3532 -0.001500000000000214 -0.001200000000001385 0.0002999999999998325
3533 -0.001500000000000454 -0.001500000000000694 0.0002999999999996944
3534 -0.001199999999999951 -0.0009000000000014406 0.000599999999999998
3535 -0.001499999999999737 -0.0006000000000014973 0.0006000000000003312
3536 -0.001199999999999474 -0.0006000000000014973 0.0003000000000000823
3537 -0.001499999999999976 -0.0009000000000014409 0.0005999999999999981
3538 -0.001199999999999951 -0.0009000000000014409 0.000299999999999999
3539 -0.001499999999999737 -0.0006000000000014974 0.0003000000000001656
3540 -0.001499999999999975 -0.0009000000000016915 0.0002999999999999991
3541 -0.001199999999998996 -0.0003000000000007486 0.0006000000000003312
3542 -0.001499999999999498 -0.0003000000000007487 0.0006000000000006645
3543 -0.001199999999998996 -0.0003000000000007487 0.0003000000000001656
3544 -0.001499999999999508 -0.0003000000000007453 0.0003000000000003289
3545 -0.0006000000000009976 -0.001500000000000692 0.0006000000000003312
3546 -0.0009000000000004631 -0.001200000000001384 0.0005999999999999979
3547 -0.0006000000000004979 -0.001200000000001384 0.0003000000000000822
3548 -0.0009000000000009521 -0.001500000000000692 0.0005999999999999981
3549 -0.0006000000000009977 -0.001500000000000692 0.0003000000000001656
3550 -0.0009000000000004634 -0.001200000000001384 0.0002999999999999989
3551 -0.0009000000000012021 -0.001500000000000692 0.0002999999999999991
3552 -0.0005999999999999981 -0.0009000000000014407 0.0005999999999999981
3553 -0.0008999999999994863 -0.0006000000000014971 0.0005999999999999981
3554 -0.0005999999999994985 -0.0006000000000014973 0.0002999999999999159
3555 -0.0008999999999999747 -0.0009000000000014404 0.0005999999999999981
3556 -0.0005999999999999982 -0.0009000000000014409 0.0002999999999999991
3557 -0.0008999999999994864 -0.0006000000000014973 0.0002999999999999991
3558 -0.0008999999999999748 -0.0009000000000014408 0.0002999999999999991
3559 -0.0005999999999989987 -0.0003000000000007486 0.0005999999999996653
3560 -0.0008999999999989974 -0.0003000000000007486 0.0005999999999999982
3561 -0.0005999999999989988 -0.0003000000000007487 0.0002999999999998326
3562 -0.0008999999999988512 -0.0003000000000007487 0.000299999999999999
3563 -0.0003000000000002489 -0.001200000000001384 0.0006000000000003312
3564 -0.0003000000000004988 -0.001500000000000692 0.0006000000000006645
3565 -0.000300000000000249 -0.001200000000001385 0.0003000000000001656
3566 -0.0003000000000004955 -0.001500000000000694 0.0003000000000003289
3567 -0.0002999999999997492 -0.0006000000000014973 0.0005999999999996653
3568 -0.0002999999999999991 -0.0009000000000014409 0.0005999999999999983
3569 -0.0002999999999997493 -0.0006000000000014976 0.0002999999999998326
3570 -0.0002999999999999991 -0.0009000000000016908 0.0002999999999999993
3571 -0.0002999999999994993 -0.0003000000000007487 0.0005999999999993321
3572 -0.0002999999999995277 -0.0003000000000007453 0.0002999999999996945
3573 -0.001200000000000907 -0.001500000000000692 0.001199999999999633
3574 -0.001500000000000214 -0.001200000000001384 0.001199999999999633
3575 -0.001200000000000429 -0.001200000000001384 0.0008999999999998118
3576 -0.001500000000000453 -0.001500000000000692 0.001199999999999314
3577 -0.001200000000000907 -0.001500000000000692 0.0008999999999996489
3578 -0.001500000000000214 -0.001200000000001384 0.0008999999999996489
3579 -0.001500000000000453 -0.001500000000000692 0.000899999999999177
3580 -0.001199999999999952 -0.0009000000000014407 0.001199999999999951
3581 -0.001499999999999737 -0.0006000000000014972 0.00120000000000027
3582 -0.001199999999999474 -0.0006000000000014971 0.0009000000000001377
3583 -0.001499999999999976 -0.0009000000000014409 0.001199999999999952
3584 -0.001199999999999952 -0.0009000000000014407 0.0008999999999999746
3585 -0.001499999999999737 -0.0006000000000014972 0.0009000000000003007
3586 -0.001499999999999975 -0.0009000000000014409 0.0008999999999999748
3587 -0.001199999999998996 -0.0003000000000007485 0.00120000000000027
3588 -0.001499999999999498 -0.0003000000000007486 0.001200000000000589
3589 -0.001199999999998996 -0.0003000000000007486 0.0009000000000003006
3590 -0.001499999999999498 -0.0003000000000007487 0.0009000000000008767
3591 -0.0006000000000009975 -0.001500000000000692 0.00120000000000027
3592 -0.0009000000000004634 -0.001200000000001384 0.001199999999999951
3593 -0.0006000000000004977 -0.001200000000001384 0.0009000000000001376
3594 -0.0009000000000009522 -0.001500000000000692 0.001199999999999952
3595 -0.0006000000000009975 -0.001500000000000692 0.0009000000000003007
3596 -0.0009000000000004633 -0.001200000000001384 0.0008999999999999747
3597 -0.0009000000000009523 -0.001500000000000692 0.0008999999999999748
3598 -0.0005999999999999981 -0.0009000000000014409 0.001199999999999952
3599 -0.0008999999999994862 -0.0006000000000014971 0.001199999999999952
3600 -0.0005999999999994985 -0.0006000000000014972 0.0008999999999998122
3601 -0.0008999999999999748 -0.0009000000000014408 0.001199999999999951
3602 -0.0005999999999999981 -0.0009000000000014407 0.0008999999999999748
3603 -0.0008999999999994863 -0.0006000000000014971 0.0008999999999999749
3604 -0.0008999999999999748 -0.0009000000000014406 0.0008999999999999746
3605 -0.0005999999999989988 -0.0003000000000007486 0.001199999999999633
3606 -0.0008999999999989975 -0.0003000000000007486 0.001199999999999952
3607 -0.0005999999999989987 -0.0003000000000007486 0.0008999999999996493
3608 -0.0008999999999989975 -0.0003000000000007487 0.0008999999999999749
3609 -0.0003000000000002489 -0.001200000000001384 0.00120000000000027
3610 -0.0003000000000004988 -0.001500000000000692 0.001200000000000589
3611 -0.0003000000000002489 -0.001200000000001384 0.0009000000000003005
3612 -0.0003000000000004988 -0.001500000000000693 0.0009000000000008767
3613 -0.0002999999999997493 -0.0006000000000014973 0.001199999999999633
3614 -0.0002999999999999991 -0.000900000000001441 0.001199999999999952
3615 -0.0002999999999997493 -0.0006000000000014973 0.0008999999999996493
3616 -0.0002999999999999991 -0.0009000000000014411 0.0008999999999999748
3617 -0.0002999999999994994 -0.0003000000000007487 0.001199999999999315
3618 -0.0002999999999994993 -0.0003000000000007486 0.0008999999999991774
3619 -0.001200000000000429 -0.001200000000001384 0.001499999999999896
3620 -0.001200000000000907 -0.001500000000000692 0.001499999999999817
3621 -0.001500000000000214 -0.001200000000001384 0.001499999999999817
3622 -0.001500000000000455 -0.001500000000000694 0.001499999999999667
3623 -0.001199999999999474 -0.0006000000000014972 0.001500000000000055
3624 -0.001199999999999952 -0.0009000000000014409 0.001499999999999976
3625 -0.001499999999999737 -0.0006000000000014974 0.001500000000000135
3626 -0.001499999999999976 -0.0009000000000016913 0.001499999999999976
3627 -0.001199999999998996 -0.0003000000000007486 0.001500000000000135
3628 -0.001499999999999507 -0.0003000000000007452 0.001500000000000296
3629 -0.0006000000000004978 -0.001200000000001384 0.001500000000000055
3630 -0.0006000000000009975 -0.001500000000000692 0.001500000000000135
3631 -0.0009000000000004635 -0.001200000000001384 0.001499999999999976
3632 -0.0009000000000012019 -0.001500000000000692 0.001499999999999976
3633 -0.0005999999999994985 -0.0006000000000014973 0.001499999999999896
3634 -0.0005999999999999981 -0.000900000000001441 0.001499999999999976
3635 -0.0008999999999994863 -0.0006000000000014972 0.001499999999999976
3636 -0.0008999999999999749 -0.0009000000000014409 0.001499999999999976
3637 -0.0005999999999989989 -0.0003000000000007487 0.001499999999999817
3638 -0.0008999999999988513 -0.0003000000000007487 0.001499999999999976
3639 -0.0003000000000002489 -0.001200000000001385 0.001500000000000135
3640 -0.0003000000000004955 -0.001500000000000694 0.001500000000000295
3641 -0.0002999999999997493 -0.0006000000000014974 0.001499999999999817
3642 -0.0002999999999999991 -0.0009000000000016915 0.001499999999999976
3643 -0.0002999999999995279 -0.0003000000000007453 0.001499999999999666
3644 -0.001200000000000429 0.0005999999999998314 -0.001199999999999474
3645 -0.00120000000000043 0.001199999999999792 -0.001199999999999474
3646 -0.001199999999999474 0.0005999999999991652 -0.000599999999999498
3647 -0.001199999999999474 0.001199999999999155 -0.000599999999999498
3648 -0.0006000000000004977 0.0005999999999991651 -0.001200000000000428
3649 -0.0006000000000004977 0.001199999999999155 -0.001200000000000429
3650 -0.0005999999999994984 0.0005999999999988322 -0.0006000000000004977
3651 -0.0005999999999994985 0.001199999999998837 -0.0006000000000004977
3652 -0.001200000000000429 0.0002999999999999157 -0.001199999999999474
3653 -0.001200000000000907 0.0006000000000001646 -0.001499999999999737
3654 -0.001500000000000214 0.0006000000000001646 -0.001199999999998996
3655 -0.001200000000000907 0.0003000000000000823 -0.001499999999999737
3656 -0.001500000000000215 0.0003000000000000823 -0.001199999999998997
3657 -0.001500000000000453 0.0006000000000005812 -0.001499999999999498
3658 -0.001500000000000455 0.0003000000000002873 -0.001499999999999508
3659 -0.001200000000000429 0.0008999999999998118 -0.001199999999999474
3660 -0.001200000000000907 0.001200000000000111 -0.001499999999999737
3661 -0.001500000000000215 0.001200000000000111 -0.001199999999998997
3662 -0.001200000000000907 0.0009000000000001377 -0.001499999999999737
3663 -0.001500000000000215 0.0009000000000001377 -0.001199999999998996
3664 -0.001500000000000453 0.001200000000000509 -0.001499999999999498
3665 -0.001500000000000454 0.0009000000000007953 -0.001499999999999498
3666 -0.001200000000000429 0.001499999999999896 -0.001199999999999474
3667 -0.001200000000000907 0.001500000000000055 -0.001499999999999737
3668 -0.001500000000000215 0.001500000000000055 -0.001199999999998997
3669 -0.001500000000000455 0.001500000000000256 -0.001499999999999507
3670 -0.001199999999999474 0.0002999999999995826 -0.0005999999999994981
3671 -0.001199999999999951 0.0005999999999994983 -0.0008999999999994861
3672 -0.001499999999999737 0.000599999999999332 -0.0005999999999989985
3673 -0.001199999999999952 0.0002999999999997491 -0.0008999999999994861
3674 -0.001499999999999737 0.000299999999999666 -0.0005999999999989986
3675 -0.001499999999999976 0.0005999999999997483 -0.0008999999999989972
3676 -0.001499999999999976 0.0002999999999998742 -0.0008999999999988517
3677 -0.001199999999999474 0.0008999999999991603 -0.000599999999999498
3678 -0.001199999999999952 0.001199999999999474 -0.0008999999999994861
3679 -0.001499999999999737 0.001199999999999315 -0.0005999999999989985
3680 -0.001199999999999952 0.0008999999999994861 -0.0008999999999994858
3681 -0.001499999999999737 0.0008999999999993234 -0.0005999999999989985
3682 -0.001499999999999976 0.001199999999999713 -0.0008999999999989975
3683 -0.001499999999999976 0.0008999999999997306 -0.0008999999999989973
3684 -0.001199999999999474 0.001499999999999578 -0.0005999999999994981
3685 -0.001199999999999952 0.001499999999999737 -0.0008999999999994861
3686 -0.001499999999999737 0.001499999999999657 -0.0005999999999989986
3687 -0.001499999999999976 0.001499999999999856 -0.0008999999999988512
3688 -0.001199999999998996 0.0005999999999988322 -0.000299999999999749
3689 -0.001199999999998996 0.0002999999999994161 -0.000299999999999749
3690 -0.001499999999999498 0.0005999999999989155 -0.0002999999999994992
3691 -0.001499999999999507 0.0002999999999994862 -0.0002999999999995277
3692 -0.001199999999998996 0.001199999999998837 -0.000299999999999749
3693 -0.001199999999998997 0.0008999999999988346 -0.000299999999999749
3694 -0.001499999999999498 0.001199999999998917 -0.0002999999999994992
3695 -0.001499999999999498 0.0008999999999987698 -0.0002999999999994992
3696 -0.001199999999998996 0.001499999999999418 -0.000299999999999749
3697 -0.001499999999999507 0.001499999999999467 -0.0002999999999995277
3698 -0.0006000000000004978 0.0002999999999995826 -0.001200000000000429
3699 -0.0006000000000009977 0.000599999999999332 -0.001500000000000214
3700 -0.0009000000000004631 0.0005999999999994983 -0.001199999999999951
3701 -0.0006000000000009977 0.000299999999999666 -0.001500000000000214
3702 -0.0009000000000004634 0.0002999999999997491 -0.001199999999999951
3703 -0.000900000000000952 0.0005999999999997483 -0.001499999999999975
3704 -0.0009000000000012026 0.0002999999999998742 -0.001499999999999975
3705 -0.0006000000000004977 0.0008999999999991602 -0.001200000000000429
3706 -0.0006000000000009975 0.001199999999999315 -0.001500000000000215
3707 -0.0009000000000004637 0.001199999999999474 -0.001199999999999952
3708 -0.0006000000000009976 0.0008999999999993234 -0.001500000000000214
3709 -0.0009000000000004634 0.0008999999999994858 -0.001199999999999952
3710 -0.0009000000000009523 0.001199999999999713 -0.001499999999999976
3711 -0.0009000000000009522 0.0008999999999997304 -0.001499999999999976
3712 -0.0006000000000004978 0.001499999999999578 -0.001200000000000429
3713 -0.0006000000000009977 0.001499999999999657 -0.001500000000000215
3714 -0.0009000000000004636 0.001499999999999737 -0.001199999999999952
3715 -0.0009000000000012025 0.001499999999999856 -0.001499999999999977
3716 -0.0005999999999994985 0.0002999999999994161 -0.0006000000000004978
3717 -0.0005999999999999981 0.0005999999999989987 -0.000900000000000463
3718 -0.0008999999999994861 0.0005999999999989987 -0.0005999999999999979
3719 -0.0005999999999999982 0.0002999999999994993 -0.0009000000000004631
3720 -0.0008999999999994863 0.0002999999999994993 -0.0005999999999999981
3721 -0.0008999999999999746 0.0005999999999992485 -0.0008999999999999745
3722 -0.0008999999999999748 0.0002999999999996242 -0.0008999999999999746
3723 -0.0005999999999994985 0.0008999999999988346 -0.0006000000000004977
3724 -0.0005999999999999981 0.001199999999998996 -0.0009000000000004636
3725 -0.0008999999999994863 0.001199999999998996 -0.0005999999999999979
3726 -0.0005999999999999981 0.0008999999999989973 -0.0009000000000004634
3727 -0.0008999999999994862 0.0008999999999989973 -0.0005999999999999979
3728 -0.000899999999999975 0.001199999999999235 -0.0008999999999999748
3729 -0.0008999999999999748 0.000899999999999241 -0.0008999999999999746
3730 -0.0005999999999994985 0.001499999999999418 -0.0006000000000004978
3731 -0.0005999999999999982 0.001499999999999498 -0.0009000000000004636
3732 -0.0008999999999994863 0.001499999999999498 -0.0005999999999999979
3733 -0.0008999999999999748 0.001499999999999618 -0.0008999999999999748
3734 -0.0005999999999989987 0.0005999999999986656 -0.0003000000000002489
3735 -0.0005999999999989989 0.0002999999999993328 -0.0003000000000002489
3736 -0.0008999999999989975 0.0005999999999987489 -0.0002999999999999989
3737 -0.0008999999999988514 0.0002999999999993744 -0.000299999999999999
3738 -0.0005999999999989988 0.001199999999998678 -0.0003000000000002489
3739 -0.0005999999999989989 0.0008999999999986717 -0.0003000000000002489
3740 -0.0008999999999989975 0.001199999999998757 -0.0002999999999999989
3741 -0.0008999999999989977 0.0008999999999987531 -0.0002999999999999991
3742 -0.0005999999999989988 0.001499999999999339 -0.0003000000000002489
3743 -0.0008999999999988514 0.001499999999999379 -0.0002999999999999989
3744 -0.0003000000000002489 0.0005999999999988322 -0.001200000000000907
3745 -0.0003000000000002489 0.0002999999999994161 -0.001200000000000907
3746 -0.0003000000000004989 0.0005999999999989155 -0.001500000000000453
3747 -0.0003000000000004956 0.0002999999999994862 -0.001500000000000455
3748 -0.0003000000000002489 0.001199999999998837 -0.001200000000000907
3749 -0.0003000000000002489 0.0008999999999988346 -0.001200000000000907
3750 -0.0003000000000004988 0.001199999999998917 -0.001500000000000453
3751 -0.0003000000000004988 0.0008999999999987702 -0.001500000000000453
3752 -0.0003000000000002489 0.001499999999999418 -0.001200000000000907
3753 -0.0003000000000004955 0.001499999999999467 -0.001500000000000455
3754 -0.0002999999999997492 0.0005999999999986656 -0.0006000000000009975
3755 -0.0002999999999997493 0.0002999999999993328 -0.0006000000000009975
3756 -0.0002999999999999991 0.0005999999999987489 -0.0009000000000009522
3757 -0.0002999999999999991 0.0002999999999993744 -0.0009000000000012026
3758 -0.0002999999999997493 0.001199999999998678 -0.0006000000000009975
3759 -0.0002999999999997493 0.0008999999999986716 -0.0006000000000009975
3760 -0.0002999999999999991 0.001199999999998757 -0.0009000000000009523
3761 -0.0002999999999999991 0.0008999999999987527 -0.0009000000000009524
3762 -0.0002999999999997493 0.001499999999999339 -0.0006000000000009975
3763 -0.0002999999999999992 0.001499999999999379 -0.0009000000000012026
3764 -0.0002999999999994993 0.0005999999999985824 -0.0003000000000004988
3765 -0.0002999999999995278 0.0002999999999993197 -0.0003000000000004954
3766 -0.0002999999999994994 0.001199999999998598 -0.0003000000000004988
3767 -0.0002999999999994995 0.0008999999999984441 -0.0003000000000004988
3768 -0.0002999999999995279 0.001499999999999308 -0.0003000000000004953
3769 -0.0005999999999984991 0.0005999999999984989 0.0005999999999994983
3770 -0.0005999999999984989 0.001199999999998518 0.0005999999999994985
3771 -0.0005999999999984991 0.0005999999999984989 0.001199999999999474
3772 -0.0005999999999984989 0.001199999999998518 0.001199999999999474
3773 -0.001199999999998518 0.0005999999999984989 0.0006000000000004975
3774 -0.001199999999998518 0.001199999999998518 0.0006000000000004975
3775 -0.001199999999998519 0.0005999999999984989 0.001200000000000429
3776 -0.001199999999998519 0.001199999999998518 0.001200000000000429
3777 -0.0005999999999984991 0.0002999999999992494 0.0005999999999994985
3778 -0.0005999999999984991 0.000599999999998499 0.0002999999999997491
3779 -0.0002999999999992495 0.000599999999998499 0.0005999999999989987
3780 -0.0005999999999984991 0.0002999999999992495 0.0002999999999997493
3781 -0.0002999999999992495 0.0002999999999992495 0.0005999999999989988
3782 -0.0002999999999992495 0.000599999999998499 0.0002999999999994993
3783 -0.0002999999999992781 0.0002999999999992781 0.0002999999999995278
3784 -0.000599999999998499 0.0008999999999985087 0.0005999999999994984
3785 -0.000599999999998499 0.001199999999998519 0.0002999999999997493
3786 -0.0002999999999992494 0.001199999999998519 0.0005999999999989988
3787 -0.000599999999998499 0.0008999999999985088 0.0002999999999997492
3788 -0.0002999999999992495 0.0008999999999985088 0.0005999999999989988
3789 -0.0002999999999992495 0.001199999999998519 0.0002999999999994994
3790 -0.0002999999999992494 0.0008999999999983626 0.0002999999999994993
3791 -0.000599999999998499 0.001499999999999259 0.0005999999999994986
3792 -0.000599999999998499 0.001499999999999259 0.0002999999999997493
3793 -0.0002999999999992495 0.001499999999999259 0.0005999999999989988
3794 -0.0002999999999992779 0.001499999999999269 0.000299999999999528
3795 -0.0005999999999984991 0.0002999999999992494 0.001199999999999474
3796 -0.0005999999999984991 0.0005999999999984989 0.0008999999999994862
3797 -0.0002999999999992495 0.000599999999998499 0.001199999999998996
3798 -0.0005999999999984991 0.0002999999999992494 0.0008999999999994863
3799 -0.0002999999999992495 0.0002999999999992495 0.001199999999998996
3800 -0.0002999999999992495 0.000599999999998499 0.0008999999999989975
3801 -0.0002999999999992495 0.0002999999999992494 0.0008999999999988514
3802 -0.000599999999998499 0.0008999999999985085 0.001199999999999474
3803 -0.0005999999999984989 0.001199999999998518 0.0008999999999994865
3804 -0.0002999999999992494 0.001199999999998518 0.001199999999998997
3805 -0.000599999999998499 0.0008999999999985085 0.0008999999999994865
3806 -0.0002999999999992495 0.0008999999999985085 0.001199999999998996
3807 -0.0002999999999992494 0.001199999999998518 0.0008999999999989977
3808 -0.0002999999999992494 0.0008999999999985085 0.0008999999999989978
3809 -0.000599999999998499 0.001499999999999259 0.001199999999999474
3810 -0.000599999999998499 0.001499999999999259 0.0008999999999994865
3811 -0.0002999999999992495 0.001499999999999259 0.001199999999998997
3812 -0.0002999999999992493 0.001499999999999259 0.0008999999999988515
3813 -0.0005999999999984991 0.000599999999998499 0.001499999999999737
3814 -0.0005999999999984991 0.0002999999999992495 0.001499999999999737
3815 -0.0002999999999992495 0.000599999999998499 0.001499999999999498
3816 -0.0002999999999992781 0.0002999999999992779 0.001499999999999507
3817 -0.000599999999998499 0.001199999999998518 0.001499999999999737
3818 -0.000599999999998499 0.0008999999999985085 0.001499999999999737
3819 -0.0002999999999992495 0.001199999999998518 0.001499999999999498
3820 -0.0002999999999992494 0.0008999999999983626 0.001499999999999498
3821 -0.000599999999998499 0.001499999999999259 0.001499999999999737
3822 -0.0002999999999992779 0.001499999999999268 0.001499999999999507
3823 -0.001199999999998518 0.0002999999999992494 0.0006000000000004977
3824 -0.001199999999998518 0.000599999999998499 0.0003000000000002487
3825 -0.0008999999999985087 0.0005999999999984989 0.0005999999999999979
3826 -0.001199999999998518 0.0002999999999992495 0.0003000000000002489
3827 -0.0008999999999985085 0.0002999999999992494 0.0005999999999999981
3828 -0.0008999999999985088 0.000599999999998499 0.0002999999999999989
3829 -0.0008999999999983624 0.0002999999999992495 0.0002999999999999991
3830 -0.001199999999998518 0.0008999999999985085 0.0006000000000004975
3831 -0.001199999999998518 0.001199999999998518 0.0003000000000002487
3832 -0.0008999999999985085 0.001199999999998518 0.000599999999999998
3833 -0.001199999999998518 0.0008999999999985088 0.0003000000000002487
3834 -0.0008999999999985087 0.0008999999999985085 0.000599999999999998
3835 -0.0008999999999985088 0.001199999999998519 0.000299999999999999
3836 -0.0008999999999985085 0.0008999999999985087 0.0002999999999999989
3837 -0.001199999999998518 0.001499999999999259 0.0006000000000004977
3838 -0.001199999999998518 0.001499999999999259 0.0003000000000002489
3839 -0.0008999999999985088 0.001499999999999259 0.0005999999999999982
3840 -0.0008999999999983626 0.001499999999999259 0.0002999999999999992
3841 -0.001199999999998519 0.0002999999999992494 0.001200000000000429
3842 -0.001199999999998518 0.0005999999999984989 0.0009000000000004631
3843 -0.0008999999999985089 0.0005999999999984989 0.001199999999999952
3844 -0.001199999999998518 0.0002999999999992494 0.0009000000000004634
3845 -0.0008999999999985089 0.0002999999999992494 0.001199999999999952
3846 -0.0008999999999985088 0.0005999999999984989 0.0008999999999999748
3847 -0.0008999999999985085 0.0002999999999992494 0.0008999999999999749
3848 -0.001199999999998519 0.0008999999999985085 0.001200000000000429
3849 -0.001199999999998518 0.001199999999998518 0.0009000000000004633
3850 -0.0008999999999985088 0.001199999999998518 0.001199999999999952
3851 -0.001199999999998518 0.0008999999999985085 0.0009000000000004633
3852 -0.0008999999999985088 0.0008999999999985085 0.001199999999999952
3853 -0.0008999999999985087 0.001199999999998518 0.0008999999999999748
3854 -0.0008999999999985088 0.0008999999999985084 0.0008999999999999748
3855 -0.001199999999998519 0.001499999999999259 0.001200000000000429
3856 -0.001199999999998519 0.001499999999999259 0.0009000000000004634
3857 -0.0008999999999985088 0.001499999999999259 0.001199999999999952
3858 -0.0008999999999985091 0.001499999999999259 0.0008999999999999746
3859 -0.001199999999998519 0.000599999999998499 0.001500000000000214
3860 -0.001199999999998519 0.0002999999999992495 0.001500000000000214
3861 -0.0008999999999985088 0.000599999999998499 0.001499999999999976
3862 -0.0008999999999983628 0.0002999999999992495 0.001499999999999975
3863 -0.001199999999998519 0.001199999999998518 0.001500000000000214
3864 -0.001199999999998519 0.0008999999999985085 0.001500000000000214
3865 -0.0008999999999985088 0.001199999999998518 0.001499999999999976
3866 -0.0008999999999985085 0.0008999999999985083 0.001499999999999977
3867 -0.001199999999998519 0.001499999999999259 0.001500000000000214
3868 -0.0008999999999983626 0.001499999999999259 0.001499999999999976
3869 -0.001499999999999259 0.000599999999998499 0.0006000000000009975
3870 -0.001499999999999259 0.0002999999999992495 0.0006000000000009976
3871 -0.001499999999999259 0.000599999999998499 0.0003000000000004988
3872 -0.001499999999999268 0.0002999999999992779 0.0003000000000004953
3873 -0.001499999999999259 0.001199999999998518 0.0006000000000009975
3874 -0.001499999999999259 0.0008999999999985088 0.0006000000000009975
3875 -0.001499999999999259 0.001199999999998518 0.0003000000000004988
3876 -0.001499999999999259 0.0008999999999983625 0.0003000000000004988
3877 -0.001499999999999259 0.001499999999999259 0.0006000000000009977
3878 -0.001499999999999268 0.001499999999999268 0.0003000000000004954
3879 -0.001499999999999259 0.000599999999998499 0.001200000000000907
3880 -0.001499999999999259 0.0002999999999992495 0.001200000000000907
3881 -0.001499999999999259 0.000599999999998499 0.0009000000000009521
3882 -0.001499999999999259 0.0002999999999992494 0.0009000000000012027
3883 -0.001499999999999259 0.001199999999998518 0.001200000000000907
3884 -0.001499999999999259 0.0008999999999985088 0.001200000000000907
3885 -0.001499999999999259 0.001199999999998518 0.0009000000000009521
3886 -0.00149999999999926 0.000899999999998509 0.0009000000000009522
3887 -0.001499999999999259 0.001499999999999259 0.001200000000000907
3888 -0.00149999999999926 0.001499999999999259 0.0009000000000012026
3889 -0.001499999999999259 0.000599999999998499 0.001500000000000454
3890 -0.001499999999999269 0.0002999999999992779 0.001500000000000455
3891 -0.001499999999999259 0.001199999999998518 0.001500000000000453
3892 -0.00149999999999926 0.0008999999999983628 0.001500000000000453
3893 -0.001499999999999269 0.001499999999999269 0.001500000000000455
3894 0.0005999999999998318 -0.001200000000001384 -0.0005999999999994986
3895 0.0006000000000001649 -0.0006000000000014976 -0.0006000000000004978
3896 0.001199999999999792 -0.001200000000001384 -0.0005999999999994986
3897 0.001200000000000111 -0.0006000000000014971 -0.0006000000000004979
3898 0.0006000000000001649 -0.001200000000001384 -0.001199999999999473
3899 0.0005999999999998316 -0.0006000000000014974 -0.001200000000000429
3900 0.00120000000000011 -0.001200000000001385 -0.001199999999999474
3901 0.001199999999999792 -0.0006000000000014972 -0.001200000000000429
3902 0.0005999999999996653 -0.001500000000000692 -0.0005999999999989989
3903 0.0002999999999999159 -0.001200000000001384 -0.0005999999999994986
3904 0.0005999999999996653 -0.001200000000001384 -0.0002999999999997493
3905 0.0002999999999998326 -0.001500000000000692 -0.0005999999999989989
3906 0.0005999999999993322 -0.001500000000000692 -0.0002999999999994995
3907 0.0002999999999998326 -0.001200000000001385 -0.0002999999999997493
3908 0.0002999999999996945 -0.001500000000000694 -0.0002999999999995279
3909 0.0005999999999999983 -0.0009000000000014407 -0.0005999999999999982
3910 0.0003000000000000824 -0.0006000000000014976 -0.0006000000000004979
3911 0.0006000000000003314 -0.0006000000000014976 -0.0003000000000002489
3912 0.0002999999999999992 -0.0009000000000014409 -0.0005999999999999983
3913 0.0005999999999999983 -0.0009000000000014409 -0.0002999999999999991
3914 0.0003000000000001657 -0.0006000000000014976 -0.000300000000000249
3915 0.0002999999999999992 -0.0009000000000016912 -0.0002999999999999992
3916 0.0006000000000003314 -0.0003000000000007488 -0.0006000000000009976
3917 0.0003000000000001657 -0.0003000000000007488 -0.0006000000000009977
3918 0.0006000000000006646 -0.0003000000000007488 -0.0003000000000004988
3919 0.0003000000000003289 -0.0003000000000007453 -0.0003000000000004955
3920 0.001199999999999633 -0.001500000000000692 -0.0005999999999989989
3921 0.0008999999999998118 -0.001200000000001384 -0.0005999999999994986
3922 0.001199999999999633 -0.001200000000001384 -0.0002999999999997493
3923 0.0008999999999996491 -0.001500000000000692 -0.0005999999999989989
3924 0.001199999999999315 -0.001500000000000692 -0.0002999999999994995
3925 0.000899999999999649 -0.001200000000001384 -0.0002999999999997493
3926 0.0008999999999991775 -0.001500000000000693 -0.0002999999999994995
3927 0.001199999999999952 -0.0009000000000014408 -0.0005999999999999983
3928 0.000900000000000138 -0.0006000000000014973 -0.0006000000000004979
3929 0.00120000000000027 -0.0006000000000014973 -0.000300000000000249
3930 0.0008999999999999748 -0.0009000000000014407 -0.0005999999999999982
3931 0.001199999999999952 -0.0009000000000014409 -0.0002999999999999992
3932 0.0009000000000003007 -0.0006000000000014976 -0.000300000000000249
3933 0.0008999999999999748 -0.0009000000000014408 -0.0002999999999999991
3934 0.00120000000000027 -0.0003000000000007486 -0.0006000000000009977
3935 0.0009000000000003007 -0.0003000000000007487 -0.0006000000000009977
3936 0.001200000000000589 -0.0003000000000007487 -0.0003000000000004989
3937 0.0009000000000008767 -0.0003000000000007487 -0.0003000000000004988
3938 0.001499999999999896 -0.001200000000001384 -0.0005999999999994986
3939 0.001499999999999817 -0.001500000000000692 -0.0005999999999989989
3940 0.001499999999999816 -0.001200000000001385 -0.0002999999999997493
3941 0.001499999999999667 -0.001500000000000694 -0.0002999999999995279
3942 0.001500000000000056 -0.0006000000000014973 -0.0006000000000004979
3943 0.001499999999999976 -0.0009000000000014411 -0.0005999999999999983
3944 0.001500000000000135 -0.0006000000000014976 -0.000300000000000249
3945 0.001499999999999976 -0.0009000000000016909 -0.0002999999999999992
3946 0.001500000000000135 -0.0003000000000007487 -0.0006000000000009977
3947 0.001500000000000296 -0.0003000000000007453 -0.0003000000000004954
3948 0.0006000000000003314 -0.001500000000000692 -0.001199999999998996
3949 0.0003000000000000824 -0.001200000000001384 -0.001199999999999473
3950 0.0005999999999999983 -0.001200000000001384 -0.0008999999999994858
3951 0.0003000000000001657 -0.001500000000000692 -0.001199999999998996
3952 0.0005999999999999983 -0.001500000000000692 -0.0008999999999989973
3953 0.0002999999999999992 -0.001200000000001384 -0.0008999999999994861
3954 0.0002999999999999992 -0.001500000000000692 -0.0008999999999988514
3955 0.0005999999999999982 -0.0009000000000014409 -0.001199999999999951
3956 0.0002999999999999158 -0.0006000000000014974 -0.001200000000000429
3957 0.0005999999999999982 -0.0006000000000014976 -0.0009000000000004634
3958 0.0002999999999999991 -0.0009000000000014411 -0.001199999999999951
3959 0.0005999999999999982 -0.0009000000000014407 -0.0008999999999999746
3960 0.0002999999999999991 -0.0006000000000014974 -0.0009000000000004637
3961 0.0002999999999999992 -0.0009000000000014409 -0.0008999999999999749
3962 0.000599999999999665 -0.0003000000000007487 -0.001200000000000907
3963 0.0002999999999998325 -0.0003000000000007487 -0.001200000000000907
3964 0.0005999999999999983 -0.0003000000000007488 -0.0009000000000009523
3965 0.0002999999999999993 -0.0003000000000007488 -0.0009000000000012026
3966 0.001200000000000269 -0.001500000000000692 -0.001199999999998996
3967 0.0009000000000001373 -0.001200000000001384 -0.001199999999999473
3968 0.001199999999999951 -0.001200000000001384 -0.0008999999999994863
3969 0.0009000000000003003 -0.001500000000000692 -0.001199999999998996
3970 0.001199999999999951 -0.001500000000000692 -0.0008999999999989975
3971 0.0008999999999999744 -0.001200000000001384 -0.0008999999999994861
3972 0.0008999999999999748 -0.001500000000000692 -0.0008999999999989975
3973 0.001199999999999951 -0.0009000000000014409 -0.001199999999999952
3974 0.0008999999999998119 -0.0006000000000014973 -0.001200000000000429
3975 0.001199999999999952 -0.0006000000000014971 -0.0009000000000004635
3976 0.0008999999999999746 -0.0009000000000014409 -0.001199999999999952
3977 0.001199999999999951 -0.0009000000000014409 -0.000899999999999975
3978 0.0008999999999999748 -0.0006000000000014973 -0.0009000000000004636
3979 0.0008999999999999744 -0.0009000000000014409 -0.000899999999999975
3980 0.001199999999999633 -0.0003000000000007486 -0.001200000000000907
3981 0.0008999999999996489 -0.0003000000000007487 -0.001200000000000907
3982 0.001199999999999952 -0.0003000000000007486 -0.0009000000000009523
3983 0.0008999999999999749 -0.0003000000000007487 -0.0009000000000009524
3984 0.001500000000000055 -0.001200000000001385 -0.001199999999999474
3985 0.001500000000000134 -0.001500000000000692 -0.001199999999998996
3986 0.001499999999999975 -0.001200000000001384 -0.0008999999999994863
3987 0.001499999999999976 -0.001500000000000692 -0.0008999999999988517
3988 0.001499999999999896 -0.0006000000000014973 -0.001200000000000429
3989 0.001499999999999975 -0.000900000000001441 -0.001199999999999952
3990 0.001499999999999976 -0.0006000000000014973 -0.0009000000000004638
3991 0.001499999999999976 -0.0009000000000014411 -0.0008999999999999748
3992 0.001499999999999817 -0.0003000000000007487 -0.001200000000000907
3993 0.001499999999999976 -0.0003000000000007487 -0.0009000000000012026
3994 0.0006000000000003314 -0.001200000000001384 -0.001499999999999736
3995 0.0006000000000006646 -0.001500000000000692 -0.001499999999999498
3996 0.0003000000000001657 -0.001200000000001385 -0.001499999999999736
3997 0.0003000000000003288 -0.001500000000000694 -0.001499999999999508
3998 0.000599999999999665 -0.0006000000000014974 -0.001500000000000214
3999 0.0005999999999999981 -0.0009000000000014411 -0.001499999999999975
4000 0.0002999999999998325 -0.0006000000000014976 -0.001500000000000214
4001 0.0002999999999999991 -0.0009000000000016914 -0.001499999999999975
4002 0.000599999999999332 -0.0003000000000007487 -0.001500000000000453
4003 0.0002999999999996944 -0.0003000000000007453 -0.001500000000000455
4004 0.001200000000000269 -0.001200000000001385 -0.001499999999999737
4005 0.001200000000000588 -0.001500000000000692 -0.001499999999999498
4006 0.0009000000000003004 -0.001200000000001384 -0.001499999999999737
4007 0.0009000000000008762 -0.001500000000000692 -0.001499999999999497
4008 0.001199999999999633 -0.0006000000000014973 -0.001500000000000214
4009 0.001199999999999951 -0.0009000000000014409 -0.001499999999999975
4010 0.0008999999999996491 -0.0006000000000014973 -0.001500000000000214
4011 0.0008999999999999748 -0.0009000000000014407 -0.001499999999999976
4012 0.001199999999999315 -0.0003000000000007487 -0.001500000000000453
4013 0.0008999999999991773 -0.0003000000000007487 -0.001500000000000453
4014 0.001500000000000135 -0.001200000000001385 -0.001499999999999737
4015 0.001500000000000296 -0.001500000000000694 -0.001499999999999507
4016 0.001499999999999817 -0.0006000000000014974 -0.001500000000000214
4017 0.001499999999999975 -0.0009000000000016915 -0.001499999999999975
4018 0.001499999999999666 -0.0003000000000007453 -0.001500000000000455
4019 0.0005999999999994985 -0.001200000000001384 0.001200000000000429
4020 0.0006000000000004979 -0.000600000000001497 0.001199999999999474
4021 0.001199999999999474 -0.001200000000001384 0.001200000000000429
4022 0.001200000000000429 -0.0006000000000014972 0.001199999999999474
4023 0.0005999999999994984 -0.001200000000001384 0.0006000000000004978
4024 0.0006000000000004979 -0.0006000000000014972 0.0005999999999994984
4025 0.001199999999999473 -0.001200000000001384 0.0006000000000004977
4026 0.001200000000000429 -0.0006000000000014972 0.0005999999999994985
4027 0.0005999999999989988 -0.001500000000000692 0.001200000000000907
4028 0.0002999999999997493 -0.001200000000001384 0.001200000000000429
4029 0.0005999999999994985 -0.001200000000001384 0.001500000000000215
4030 0.0002999999999994994 -0.001500000000000692 0.001200000000000907
4031 0.0005999999999989987 -0.001500000000000692 0.001500000000000454
4032 0.0002999999999997493 -0.001200000000001385 0.001500000000000215
4033 0.0002999999999995277 -0.001500000000000694 0.001500000000000455
4034 0.0005999999999999982 -0.0009000000000014404 0.001199999999999952
4035 0.000300000000000249 -0.0006000000000014972 0.001199999999999474
4036 0.0006000000000004979 -0.0006000000000014972 0.001499999999999737
4037 0.0002999999999999991 -0.0009000000000014409 0.001199999999999952
4038 0.0005999999999999983 -0.0009000000000014409 0.001499999999999976
4039 0.000300000000000249 -0.0006000000000014974 0.001499999999999737
4040 0.0002999999999999991 -0.0009000000000016915 0.001499999999999976
4041 0.0006000000000009977 -0.0003000000000007485 0.001199999999998996
4042 0.0003000000000004989 -0.0003000000000007486 0.001199999999998997
4043 0.0006000000000009977 -0.0003000000000007486 0.001499999999999498
4044 0.0003000000000004955 -0.0003000000000007453 0.001499999999999507
4045 0.001199999999998996 -0.001500000000000692 0.001200000000000907
4046 0.0008999999999994861 -0.001200000000001384 0.001200000000000429
4047 0.001199999999999474 -0.001200000000001384 0.001500000000000214
4048 0.0008999999999989975 -0.001500000000000692 0.001200000000000907
4049 0.001199999999998996 -0.001500000000000692 0.001500000000000453
4050 0.0008999999999994861 -0.001200000000001384 0.001500000000000214
4051 0.0008999999999988515 -0.001500000000000693 0.001500000000000454
4052 0.001199999999999952 -0.0009000000000014409 0.001199999999999952
4053 0.0009000000000004637 -0.0006000000000014971 0.001199999999999474
4054 0.001200000000000429 -0.0006000000000014973 0.001499999999999737
4055 0.0008999999999999748 -0.0009000000000014407 0.001199999999999952
4056 0.001199999999999952 -0.000900000000001441 0.001499999999999976
4057 0.0009000000000004636 -0.0006000000000014973 0.001499999999999737
4058 0.0008999999999999746 -0.0009000000000014411 0.001499999999999976
4059 0.001200000000000907 -0.0003000000000007486 0.001199999999998996
4060 0.0009000000000009523 -0.0003000000000007486 0.001199999999998996
4061 0.001200000000000907 -0.0003000000000007487 0.001499999999999498
4062 0.0009000000000012025 -0.0003000000000007486 0.001499999999999498
4063 0.001499999999999737 -0.001200000000001384 0.001200000000000429
4064 0.001499999999999498 -0.001500000000000692 0.001200000000000907
4065 0.001499999999999737 -0.001200000000001385 0.001500000000000214
4066 0.001499999999999507 -0.001500000000000694 0.001500000000000455
4067 0.001500000000000215 -0.0006000000000014973 0.001199999999999474
4068 0.001499999999999976 -0.000900000000001441 0.001199999999999952
4069 0.001500000000000215 -0.0006000000000014976 0.001499999999999737
4070 0.001499999999999976 -0.0009000000000016908 0.001499999999999976
4071 0.001500000000000453 -0.0003000000000007487 0.001199999999998996
4072 0.001500000000000454 -0.0003000000000007453 0.001499999999999507
4073 0.0005999999999989987 -0.001500000000000692 0.0006000000000009976
4074 0.0002999999999997492 -0.001200000000001384 0.0006000000000004979
4075 0.0005999999999994985 -0.001200000000001384 0.0009000000000004636
4076 0.0002999999999994993 -0.001500000000000692 0.0006000000000009977
4077 0.0005999999999989989 -0.001500000000000692 0.0009000000000009527
4078 0.0002999999999997493 -0.001200000000001384 0.0009000000000004636
4079 0.0002999999999994995 -0.001500000000000692 0.0009000000000012028
4080 0.0005999999999999981 -0.0009000000000014404 0.0005999999999999981
4081 0.000300000000000249 -0.0006000000000014973 0.0005999999999994985
4082 0.0006000000000004979 -0.0006000000000014971 0.0008999999999994863
4083 0.0002999999999999991 -0.0009000000000014408 0.0005999999999999982
4084 0.0005999999999999983 -0.0009000000000014403 0.0008999999999999749
4085 0.000300000000000249 -0.0006000000000014973 0.0008999999999994864
4086 0.0002999999999999993 -0.0009000000000014407 0.0008999999999999748
4087 0.0006000000000009977 -0.0003000000000007486 0.0005999999999989987
4088 0.0003000000000004989 -0.0003000000000007487 0.0005999999999989988
4089 0.0006000000000009977 -0.0003000000000007486 0.0008999999999989975
4090 0.0003000000000004989 -0.0003000000000007486 0.0008999999999988516
4091 0.001199999999998996 -0.001500000000000692 0.0006000000000009975
4092 0.0008999999999994858 -0.001200000000001384 0.0006000000000004977
4093 0.001199999999999474 -0.001200000000001384 0.0009000000000004634
4094 0.0008999999999989975 -0.001500000000000692 0.0006000000000009975
4095 0.001199999999998996 -0.001500000000000692 0.0009000000000009522
4096 0.0008999999999994861 -0.001200000000001384 0.0009000000000004635
4097 0.0008999999999989974 -0.001500000000000692 0.0009000000000009524
4098 0.001199999999999952 -0.0009000000000014409 0.0005999999999999981
4099 0.0009000000000004637 -0.0006000000000014972 0.0005999999999994985
4100 0.001200000000000429 -0.0006000000000014972 0.0008999999999994862
4101 0.0008999999999999748 -0.0009000000000014407 0.0005999999999999981
4102 0.001199999999999952 -0.0009000000000014409 0.0008999999999999748
4103 0.0009000000000004637 -0.0006000000000014971 0.0008999999999994863
4104 0.0008999999999999746 -0.0009000000000014408 0.000899999999999975
4105 0.001200000000000907 -0.0003000000000007486 0.0005999999999989988
4106 0.0009000000000009526 -0.0003000000000007486 0.0005999999999989987
4107 0.001200000000000907 -0.0003000000000007486 0.0008999999999989975
4108 0.0009000000000009524 -0.0003000000000007486 0.0008999999999989975
4109 0.001499999999999737 -0.001200000000001384 0.0006000000000004978
4110 0.001499999999999498 -0.001500000000000692 0.0006000000000009975
4111 0.001499999999999737 -0.001200000000001384 0.0009000000000004634
4112 0.001499999999999497 -0.001500000000000692 0.0009000000000012021
4113 0.001500000000000215 -0.0006000000000014973 0.0005999999999994985
4114 0.001499999999999976 -0.000900000000001441 0.0005999999999999981
4115 0.001500000000000215 -0.0006000000000014973 0.0008999999999994863
4116 0.001499999999999976 -0.0009000000000014407 0.0008999999999999749
4117 0.001500000000000454 -0.0003000000000007487 0.0005999999999989989
4118 0.001500000000000454 -0.0003000000000007487 0.0008999999999988514
4119 0.0005999999999994985 -0.001200000000001384 0.0003000000000002489
4120 0.0005999999999989987 -0.001500000000000692 0.0003000000000004988
4121 0.0002999999999997493 -0.001200000000001384 0.000300000000000249
4122 0.0002999999999995278 -0.001500000000000694 0.0003000000000004955
4123 0.0006000000000004979 -0.0006000000000014973 0.0002999999999997492
4124 0.0005999999999999982 -0.0009000000000014407 0.0002999999999999991
4125 0.000300000000000249 -0.0006000000000014974 0.0002999999999997493
4126 0.0002999999999999992 -0.0009000000000016907 0.0002999999999999991
4127 0.0006000000000009977 -0.0003000000000007487 0.0002999999999994993
4128 0.0003000000000004954 -0.0003000000000007454 0.0002999999999995277
4129 0.001199999999999474 -0.001200000000001384 0.0003000000000002489
4130 0.001199999999998996 -0.001500000000000692 0.0003000000000004988
4131 0.000899999999999486 -0.001200000000001384 0.0003000000000002489
4132 0.0008999999999988509 -0.001500000000000692 0.0003000000000004988
4133 0.001200000000000429 -0.0006000000000014973 0.0002999999999997493
4134 0.001199999999999952 -0.0009000000000014409 0.0002999999999999991
4135 0.0009000000000004638 -0.0006000000000014973 0.0002999999999997493
4136 0.0008999999999999748 -0.0009000000000014406 0.0002999999999999991
4137 0.001200000000000907 -0.0003000000000007487 0.0002999999999994994
4138 0.0009000000000012026 -0.0003000000000007488 0.0002999999999994992
4139 0.001499999999999737 -0.001200000000001385 0.0003000000000002489
4140 0.001499999999999508 -0.001500000000000694 0.0003000000000004955
4141 0.001500000000000215 -0.0006000000000014974 0.0002999999999997493
4142 0.001499999999999976 -0.0009000000000016911 0.0002999999999999991
4143 0.001500000000000455 -0.0003000000000007453 0.0002999999999995279
4144 0.0005999999999994982 0.0005999999999984989 -0.001200000000001385
4145 0.0005999999999994983 0.001199999999998518 -0.001200000000001385
4146 0.0006000000000004977 0.0005999999999984989 -0.0006000000000014971
4147 0.0006000000000004977 0.001199999999998518 -0.0006000000000014976
4148 0.001199999999999473 0.0005999999999984989 -0.001200000000001385
4149 0.001199999999999474 0.001199999999998518 -0.001200000000001385
4150 0.00120000000000043 0.0005999999999984989 -0.0006000000000014971
4151 0.00120000000000043 0.001199999999998518 -0.0006000000000014976
4152 0.0005999999999994984 0.0002999999999992494 -0.001200000000001385
4153 0.0005999999999989987 0.000599999999998499 -0.001500000000000692
4154 0.0002999999999997491 0.000599999999998499 -0.001200000000001385
4155 0.0005999999999989987 0.0002999999999992495 -0.001500000000000692
4156 0.0002999999999997492 0.0002999999999992495 -0.001200000000001385
4157 0.0002999999999994993 0.000599999999998499 -0.001500000000000692
4158 0.0002999999999995276 0.0002999999999992779 -0.001500000000000693
4159 0.0005999999999994983 0.0008999999999985084 -0.001200000000001385
4160 0.0005999999999989987 0.001199999999998518 -0.001500000000000692
4161 0.0002999999999997491 0.001199999999998518 -0.001200000000001385
4162 0.0005999999999989987 0.0008999999999985084 -0.001500000000000692
4163 0.0002999999999997491 0.0008999999999985085 -0.001200000000001385
4164 0.0002999999999994993 0.001199999999998518 -0.001500000000000692
4165 0.0002999999999994993 0.0008999999999983626 -0.001500000000000692
4166 0.0005999999999994985 0.001499999999999259 -0.001200000000001385
4167 0.0005999999999989988 0.001499999999999259 -0.001500000000000692
4168 0.0002999999999997493 0.001499999999999259 -0.001200000000001385
4169 0.0002999999999995277 0.001499999999999269 -0.001500000000000693
4170 0.0006000000000004978 0.0002999999999992494 -0.0006000000000014973
4171 0.0005999999999999979 0.0005999999999984989 -0.000900000000001441
4172 0.0003000000000002489 0.000599999999998499 -0.0006000000000014973
4173 0.0005999999999999981 0.0002999999999992494 -0.0009000000000014411
4174 0.0003000000000002489 0.0002999999999992495 -0.0006000000000014976
4175 0.0002999999999999989 0.000599999999998499 -0.0009000000000014411
4176 0.0002999999999999991 0.0002999999999992495 -0.0009000000000016911
4177 0.0006000000000004977 0.0008999999999985083 -0.0006000000000014973
4178 0.000599999999999998 0.001199999999998518 -0.0009000000000014413
4179 0.0003000000000002489 0.001199999999998518 -0.0006000000000014976
4180 0.0005999999999999981 0.0008999999999985083 -0.0009000000000014411
4181 0.0003000000000002489 0.0008999999999985085 -0.0006000000000014976
4182 0.000299999999999999 0.001199999999998518 -0.0009000000000014412
4183 0.0002999999999999991 0.0008999999999985085 -0.0009000000000014413
4184 0.0006000000000004978 0.001499999999999259 -0.0006000000000014976
4185 0.0005999999999999982 0.001499999999999259 -0.0009000000000014412
4186 0.0003000000000002489 0.001499999999999259 -0.0006000000000014976
4187 0.0002999999999999991 0.001499999999999259 -0.0009000000000016914
4188 0.0006000000000009975 0.000599999999998499 -0.0003000000000007486
4189 0.0006000000000009977 0.0002999999999992495 -0.0003000000000007487
4190 0.0003000000000004988 0.000599999999998499 -0.0003000000000007487
4191 0.0003000000000004955 0.0002999999999992779 -0.0003000000000007453
4192 0.0006000000000009975 0.001199999999998518 -0.0003000000000007488
4193 0.0006000000000009975 0.0008999999999985085 -0.0003000000000007487
4194 0.0003000000000004988 0.001199999999998518 -0.0003000000000007488
4195 0.0003000000000004987 0.0008999999999983626 -0.0003000000000007488
4196 0.0006000000000009977 0.001499999999999259 -0.0003000000000007488
4197 0.0003000000000004955 0.001499999999999268 -0.0003000000000007454
4198 0.001199999999999474 0.0002999999999992494 -0.001200000000001385
4199 0.001199999999998996 0.000599999999998499 -0.001500000000000692
4200 0.0008999999999994858 0.0005999999999984989 -0.001200000000001385
4201 0.001199999999998996 0.0002999999999992495 -0.001500000000000692
4202 0.0008999999999994861 0.0002999999999992494 -0.001200000000001385
4203 0.0008999999999989973 0.000599999999998499 -0.001500000000000692
4204 0.0008999999999988514 0.0002999999999992494 -0.001500000000000692
4205 0.001199999999999474 0.0008999999999985083 -0.001200000000001385
4206 0.001199999999998996 0.001199999999998518 -0.001500000000000692
4207 0.000899999999999486 0.001199999999998518 -0.001200000000001385
4208 0.001199999999998996 0.0008999999999985085 -0.001500000000000692
4209 0.0008999999999994858 0.0008999999999985083 -0.001200000000001385
4210 0.0008999999999989973 0.001199999999998518 -0.001500000000000692
4211 0.0008999999999989973 0.0008999999999985084 -0.001500000000000692
4212 0.001199999999999474 0.001499999999999259 -0.001200000000001385
4213 0.001199999999998996 0.001499999999999259 -0.001500000000000692
4214 0.0008999999999994861 0.001499999999999259 -0.001200000000001385
4215 0.0008999999999988513 0.001499999999999259 -0.001500000000000693
4216 0.00120000000000043 0.0002999999999992494 -0.0006000000000014973
4217 0.001199999999999952 0.0005999999999984989 -0.000900000000001441
4218 0.0009000000000004638 0.0005999999999984989 -0.0006000000000014971
4219 0.001199999999999952 0.0002999999999992494 -0.0009000000000014411
4220 0.0009000000000004638 0.0002999999999992494 -0.0006000000000014973
4221 0.0008999999999999748 0.0005999999999984989 -0.0009000000000014411
4222 0.0008999999999999751 0.0002999999999992494 -0.0009000000000014412
4223 0.00120000000000043 0.0008999999999985085 -0.0006000000000014973
4224 0.001199999999999952 0.001199999999998518 -0.0009000000000014412
4225 0.0009000000000004638 0.001199999999998518 -0.0006000000000014976
4226 0.001199999999999952 0.0008999999999985084 -0.0009000000000014411
4227 0.0009000000000004638 0.0008999999999985084 -0.0006000000000014973
4228 0.0008999999999999749 0.001199999999998518 -0.0009000000000014412
4229 0.000899999999999975 0.0008999999999985084 -0.0009000000000014413
4230 0.00120000000000043 0.001499999999999259 -0.0006000000000014976
4231 0.001199999999999952 0.001499999999999259 -0.0009000000000014412
4232 0.0009000000000004638 0.001499999999999259 -0.0006000000000014976
4233 0.000899999999999975 0.001499999999999259 -0.0009000000000014411
4234 0.001200000000000907 0.000599999999998499 -0.0003000000000007486
4235 0.001200000000000907 0.0002999999999992495 -0.0003000000000007487
4236 0.0009000000000009526 0.000599999999998499 -0.0003000000000007486
4237 0.0009000000000012029 0.0002999999999992494 -0.0003000000000007486
4238 0.001200000000000907 0.001199999999998518 -0.0003000000000007488
4239 0.001200000000000907 0.0008999999999985088 -0.0003000000000007487
4240 0.0009000000000009524 0.001199999999998518 -0.0003000000000007488
4241 0.0009000000000009526 0.0008999999999985083 -0.0003000000000007486
4242 0.001200000000000907 0.001499999999999259 -0.0003000000000007488
4243 0.0009000000000012026 0.001499999999999259 -0.0003000000000007488
4244 0.001499999999999737 0.000599999999998499 -0.001200000000001385
4245 0.001499999999999737 0.0002999999999992495 -0.001200000000001385
4246 0.001499999999999498 0.000599999999998499 -0.001500000000000692
4247 0.001499999999999507 0.0002999999999992779 -0.001500000000000693
4248 0.001499999999999737 0.001199999999998518 -0.001200000000001385
4249 0.001499999999999737 0.0008999999999985085 -0.001200000000001385
4250 0.001499999999999498 0.001199999999998518 -0.001500000000000692
4251 0.001499999999999498 0.0008999999999983627 -0.001500000000000692
4252 0.001499999999999737 0.001499999999999259 -0.001200000000001385
4253 0.001499999999999507 0.001499999999999268 -0.001500000000000693
4254 0.001500000000000215 0.000599999999998499 -0.0006000000000014973
4255 0.001500000000000215 0.0002999999999992495 -0.0006000000000014974
4256 0.001499999999999976 0.000599999999998499 -0.0009000000000014411
4257 0.001499999999999976 0.0002999999999992495 -0.0009000000000016911
4258 0.001500000000000215 0.001199999999998518 -0.0006000000000014976
4259 0.001500000000000215 0.0008999999999985088 -0.0006000000000014976
4260 0.001499999999999976 0.001199999999998518 -0.0009000000000014412
4261 0.001499999999999976 0.0008999999999985085 -0.0009000000000014413
4262 0.001500000000000215 0.001499999999999259 -0.0006000000000014976
4263 0.001499999999999975 0.001499999999999259 -0.0009000000000016913
4264 0.001500000000000454 0.000599999999998499 -0.0003000000000007487
4265 0.001500000000000455 0.0002999999999992781 -0.0003000000000007453
4266 0.001500000000000453 0.001199999999998518 -0.0003000000000007488
4267 0.001500000000000453 0.0008999999999983627 -0.0003000000000007487
4268 0.001500000000000455 0.001499999999999268 -0.0003000000000007453
4269 0.001200000000001385 0.0005999999999984987 0.0005999999999984991
4270 0.001200000000001385 0.001199999999998518 0.0005999999999984989
4271 0.001200000000001385 0.0005999999999984989 0.001199999999998519
4272 0.001200000000001385 0.001199999999998518 0.001199999999998518
4273 0.0006000000000014971 0.0005999999999984988 0.0005999999999984991
4274 0.0006000000000014971 0.001199999999998518 0.0005999999999984989
4275 0.0006000000000014971 0.0005999999999984989 0.001199999999998518
4276 0.0006000000000014976 0.001199999999998518 0.001199999999998519
4277 0.001200000000001385 0.0002999999999992493 0.0005999999999984991
4278 0.001200000000001385 0.0005999999999984989 0.0002999999999992495
4279 0.001500000000000692 0.0005999999999984989 0.0005999999999984991
4280 0.001200000000001385 0.0002999999999992494 0.0002999999999992495
4281 0.001500000000000692 0.0002999999999992494 0.0005999999999984991
4282 0.001500000000000692 0.000599999999998499 0.0002999999999992495
4283 0.001500000000000693 0.000299999999999278 0.0002999999999992781
4284 0.001200000000001385 0.0008999999999985082 0.000599999999998499
4285 0.001200000000001385 0.001199999999998518 0.0002999999999992494
4286 0.001500000000000692 0.001199999999998518 0.000599999999998499
4287 0.001200000000001385 0.0008999999999985085 0.0002999999999992495
4288 0.001500000000000692 0.0008999999999985085 0.000599999999998499
4289 0.001500000000000692 0.001199999999998518 0.0002999999999992495
4290 0.001500000000000692 0.0008999999999983627 0.0002999999999992494
4291 0.001200000000001385 0.001499999999999259 0.000599999999998499
4292 0.001200000000001385 0.001499999999999259 0.0002999999999992495
4293 0.001500000000000693 0.001499999999999259 0.000599999999998499
4294 0.001500000000000694 0.001499999999999268 0.0002999999999992779
4295 0.001200000000001385 0.0002999999999992494 0.001199999999998519
4296 0.001200000000001385 0.0005999999999984988 0.0008999999999985089
4297 0.001500000000000692 0.000599999999998499 0.001199999999998519
4298 0.001200000000001385 0.0002999999999992494 0.0008999999999985088
4299 0.001500000000000692 0.0002999999999992495 0.001199999999998519
4300 0.001500000000000692 0.000599999999998499 0.0008999999999985089
4301 0.001500000000000693 0.0002999999999992494 0.0008999999999983626
4302 0.001200000000001385 0.0008999999999985083 0.001199999999998519
4303 0.001200000000001385 0.001199999999998518 0.0008999999999985087
4304 0.001500000000000692 0.001199999999998518 0.001199999999998519
4305 0.001200000000001385 0.0008999999999985083 0.0008999999999985088
4306 0.001500000000000692 0.0008999999999985085 0.001199999999998519
4307 0.001500000000000692 0.001199999999998518 0.0008999999999985088
4308 0.001500000000000692 0.0008999999999985084 0.0008999999999985083
4309 0.001200000000001385 0.001499999999999259 0.001199999999998519
4310 0.001200000000001385 0.001499999999999259 0.0008999999999985088
4311 0.001500000000000692 0.001499999999999259 0.001199999999998519
4312 0.001500000000000693 0.001499999999999259 0.0008999999999983626
4313 0.001200000000001385 0.000599999999998499 0.001499999999999259
4314 0.001200000000001385 0.0002999999999992495 0.001499999999999259
4315 0.001500000000000693 0.000599999999998499 0.001499999999999259
4316 0.001500000000000694 0.0002999999999992779 0.001499999999999269
4317 0.001200000000001385 0.001199999999998518 0.001499999999999259
4318 0.001200000000001385 0.0008999999999985085 0.001499999999999259
4319 0.001500000000000692 0.001199999999998518 0.001499999999999259
4320 0.001500000000000693 0.0008999999999983626 0.00149999999999926
4321 0.001200000000001385 0.001499999999999259 0.001499999999999259
4322 0.001500000000000694 0.001499999999999268 0.001499999999999268
4323 0.0006000000000014973 0.0002999999999992494 0.0005999999999984991
4324 0.0006000000000014973 0.0005999999999984989 0.0002999999999992495
4325 0.000900000000001441 0.0005999999999984987 0.0005999999999984991
4326 0.0006000000000014974 0.0002999999999992494 0.0002999999999992495
4327 0.0009000000000014411 0.0002999999999992493 0.0005999999999984991
4328 0.0009000000000014411 0.0005999999999984989 0.0002999999999992495
4329 0.0009000000000016915 0.0002999999999992494 0.0002999999999992495
4330 0.0006000000000014971 0.0008999999999985085 0.000599999999998499
4331 0.0006000000000014973 0.001199999999998518 0.0002999999999992494
4332 0.0009000000000014411 0.001199999999998518 0.0005999999999984989
4333 0.0006000000000014973 0.0008999999999985088 0.0002999999999992495
4334 0.000900000000001441 0.0008999999999985083 0.000599999999998499
4335 0.0009000000000014411 0.001199999999998518 0.0002999999999992494
4336 0.0009000000000014411 0.0008999999999985085 0.0002999999999992495
4337 0.0006000000000014973 0.001499999999999259 0.000599999999998499
4338 0.0006000000000014976 0.001499999999999259 0.0002999999999992495
4339 0.0009000000000014412 0.001499999999999259 0.000599999999998499
4340 0.0009000000000016913 0.001499999999999259 0.0002999999999992493
4341 0.0006000000000014973 0.0002999999999992494 0.001199999999998519
4342 0.0006000000000014971 0.0005999999999984989 0.0008999999999985088
4343 0.000900000000001441 0.0005999999999984989 0.001199999999998519
4344 0.0006000000000014973 0.0002999999999992494 0.0008999999999985089
4345 0.0009000000000014411 0.0002999999999992494 0.001199999999998519
4346 0.000900000000001441 0.0005999999999984989 0.0008999999999985088
4347 0.0009000000000014409 0.0002999999999992494 0.0008999999999985085
4348 0.0006000000000014973 0.0008999999999985085 0.001199999999998519
4349 0.0006000000000014973 0.001199999999998518 0.0008999999999985088
4350 0.0009000000000014412 0.001199999999998518 0.001199999999998519
4351 0.0006000000000014972 0.0008999999999985085 0.0008999999999985088
4352 0.0009000000000014411 0.0008999999999985084 0.001199999999998519
4353 0.0009000000000014411 0.001199999999998518 0.0008999999999985088
4354 0.0009000000000014409 0.0008999999999985081 0.0008999999999985088
4355 0.0006000000000014976 0.001499999999999259 0.001199999999998519
4356 0.0006000000000014976 0.001499999999999259 0.0008999999999985088
4357 0.0009000000000014412 0.001499999999999259 0.001199999999998519
4358 0.0009000000000014411 0.001499999999999259 0.0008999999999985088
4359 0.0006000000000014973 0.000599999999998499 0.001499999999999259
4360 0.0006000000000014976 0.0002999999999992495 0.001499999999999259
4361 0.0009000000000014411 0.000599999999998499 0.001499999999999259
4362 0.0009000000000016911 0.0002999999999992495 0.001499999999999259
4363 0.0006000000000014976 0.001199999999998518 0.001499999999999259
4364 0.0006000000000014976 0.0008999999999985085 0.001499999999999259
4365 0.0009000000000014411 0.001199999999998518 0.001499999999999259
4366 0.0009000000000014413 0.0008999999999985083 0.00149999999999926
4367 0.0006000000000014976 0.001499999999999259 0.001499999999999259
4368 0.0009000000000016912 0.001499999999999259 0.00149999999999926
4369 0.0003000000000007486 0.0005999999999984989 0.0005999999999984991
4370 0.0003000000000007487 0.0002999999999992494 0.0005999999999984991
4371 0.0003000000000007487 0.000599999999998499 0.0002999999999992495
4372 0.0003000000000007453 0.0002999999999992779 0.0002999999999992781
4373 0.0003000000000007486 0.001199999999998518 0.000599999999998499
4374 0.0003000000000007486 0.0008999999999985088 0.000599999999998499
4375 0.0003000000000007487 0.001199999999998518 0.0002999999999992495
4376 0.0003000000000007487 0.0008999999999983629 0.0002999999999992495
4377 0.0003000000000007487 0.001499999999999259 0.000599999999998499
4378 0.0003000000000007453 0.001499999999999268 0.0002999999999992779
4379 0.0003000000000007486 0.000599999999998499 0.001199999999998519
4380 0.0003000000000007487 0.0002999999999992495 0.001199999999998519
4381 0.0003000000000007486 0.0005999999999984991 0.000899999999998509
4382 0.0003000000000007486 0.0002999999999992495 0.0008999999999983626
4383 0.0003000000000007488 0.001199999999998518 0.001199999999998519
4384 0.0003000000000007487 0.0008999999999985088 0.001199999999998519
4385 0.0003000000000007487 0.001199999999998518 0.0008999999999985088
4386 0.0003000000000007486 0.0008999999999985088 0.0008999999999985083
4387 0.0003000000000007488 0.001499999999999259 0.001199999999998519
4388 0.0003000000000007488 0.001499999999999259 0.0008999999999983625
4389 0.0003000000000007487 0.000599999999998499 0.001499999999999259
4390 0.0003000000000007453 0.0002999999999992779 0.001499999999999269
4391 0.0003000000000007488 0.001199999999998518 0.001499999999999259
4392 0.0003000000000007488 0.0008999999999983628 0.001499999999999259
4393 0.0003000000000007454 0.001499999999999269 0.001499999999999269
4394 -0.001557785318422187 0.002476440597442134 -0.001557785319309276
4395 -0.001915570636844123 0.003152881194885255 -0.001915570638619259
4396 -0.00161533124998949 0.002600677333506647 -0.0007887360775158699
4397 -0.002030662499980237 0.003401354667014972 -0.0009774721550323481
4398 -0.0007887360769162195 0.002600677334037493 -0.001615331249364394
4399 -0.0009774721538320474 0.003401354668076664 -0.002030662498729089
4400 -0.0008200410382240351 0.002757211877299325 -0.0008200410374898348
4401 -0.001040082076448965 0.003714423754600865 -0.001040082074979565
4402 -0.001378892659211308 0.002138220298721067 -0.001378892659654375
4403 -0.001511311498957706 0.002378563781806834 -0.001919236142740405
4404 -0.001919236142006033 0.002378563781516007 -0.001511311500345768
4405 -0.001355655749479306 0.002089281890903417 -0.001709618071370071
4406 -0.001709618071003124 0.002089281890758004 -0.001355655750172382
4407 -0.0018663901030389 0.002300016244463464 -0.001866390103878345
4408 -0.001683195051519678 0.002050008122231732 -0.001683195051938931
4409 -0.001736677977633155 0.002814660896163695 -0.001736677978964268
4410 -0.001822622997914387 0.002957127563614242 -0.002338472285481244
4411 -0.002338472284012022 0.002957127563032587 -0.001822623000692423
4412 -0.001666967248436047 0.002667845672710538 -0.002128854214110825
4413 -0.002128854213009027 0.002667845672274296 -0.001666967250519096
4414 -0.002232780206077166 0.002800032488927092 -0.002232780207757011
4415 -0.002049585154558133 0.002550024366695379 -0.002049585155817778
4416 -0.002094463296054972 0.003491101493607151 -0.00209446329827413
4417 -0.001985614520832874 0.003258564015534535 -0.002557570463111307
4418 -0.002558832046229715 0.00325837553631407 -0.001984294883464685
4419 -0.002432364402991403 0.003070294147584169 -0.002431070052842783
4420 -0.001407665624994482 0.002200338666753324 -0.000694368038757684
4421 -0.001586558284205838 0.00253855896547439 -0.001173260698412573
4422 -0.001984563654492345 0.002477236696250924 -0.0007641377992188222
4423 -0.001393279142102895 0.002169279482737195 -0.00103663034920603
4424 -0.001742281827246041 0.002138618348125462 -0.0006820688996089105
4425 -0.001951899898249189 0.002427900238883465 -0.001137724649782295
4426 -0.001725949949124583 0.002113950119441733 -0.001018862324890501
4427 -0.001822996874984864 0.00300101600026081 -0.0008831041162741091
4428 -0.00197311656841218 0.003277117930950113 -0.001446521396825803
4429 -0.002469127308985786 0.003154473392503154 -0.0009282755984385985
4430 -0.00177983742630901 0.002907838448212252 -0.001309891047619188
4431 -0.002226845481739066 0.002815855044377038 -0.0008462066988287103
4432 -0.002403799796498904 0.00305580047776787 -0.001375449299565511
4433 -0.002177849847374046 0.002741850358325667 -0.001256586974673903
4434 -0.002238328124975869 0.003801693333769974 -0.001071840193790535
4435 -0.002174709132718514 0.003660545135795114 -0.001589210747904
4436 -0.002724596811294446 0.003508074769032117 -0.001013378664717422
4437 -0.002650418057074005 0.003394880260700782 -0.001503923609407363
4438 -0.001624332292166705 0.00262202650294682 -0.0003943680387579349
4439 -0.001412166146082851 0.002211013251473409 -0.000347184019378842
4440 -0.001995242986326131 0.002494090091716188 -0.0003820688996094111
4441 -0.001747621493162791 0.00214704504585806 -0.0003410344498044837
4442 -0.002048664584335396 0.003444053005895585 -0.0004887360775161741
4443 -0.001836498438251051 0.003033039754421203 -0.0004415520581370545
4444 -0.002490485972653905 0.003188180183433999 -0.0004641377992192992
4445 -0.002242864479489813 0.002841135137574889 -0.0004231033494143551
4446 -0.002269542015707541 0.003869897439463969 -0.0005378014800543219
4447 -0.002760320899478759 0.003563409874121439 -0.0005083269523625159
4448 -0.0006943680384583588 0.002200338667018747 -0.001407665624682411
4449 -0.000764137798047144 0.002477236696644779 -0.001984563654308229
4450 -0.001173260697669203 0.002538558965739813 -0.001586558284336835
4451 -0.0006820688990240709 0.00213861834832239 -0.001742281827154222
4452 -0.001036630348834833 0.002169279482869906 -0.001393279142168394
4453 -0.001137724648502425 0.002427900239225806 -0.001951899898524317
4454 -0.001018862324251939 0.002113950119612903 -0.001725949949262146
4455 -0.0008831041153741334 0.003001016001057078 -0.001822996874046741
4456 -0.000928275596093243 0.003154473393290863 -0.002469127308617076
4457 -0.001446521395338085 0.00327711793148096 -0.001973116568674174
4458 -0.0008462066970701935 0.002815855044967821 -0.002226845481462653
4459 -0.001309891046503644 0.002907838448610387 -0.001779837426505505
4460 -0.001375449297003815 0.003055800478452553 -0.00240379979704916
4461 -0.00125658697275312 0.002741850358839178 -0.002177849847786739
4462 -0.001071840192289909 0.003801693335097091 -0.002238328123411695
4463 -0.001014771100803156 0.003508618358792575 -0.002723377894238143
4464 -0.00158939152201916 0.003660928723387604 -0.002173924259285374
4465 -0.001505411566072141 0.003395470404938088 -0.002648817235824
4466 -0.0007100205191117668 0.002278605938649662 -0.0007100205187451664
4467 -0.0008043885575701273 0.002678944605668409 -0.001217686143427114
4468 -0.001217686144106762 0.002678944605402986 -0.0008043885575028523
4469 -0.0007021942787850627 0.002239472302834204 -0.001058843071713789
4470 -0.001058843072053125 0.002239472302701493 -0.0007021942787514251
4471 -0.001195473420887983 0.0026087517855714 -0.001195473420919844
4472 -0.001047736710443979 0.002204375892785699 -0.001047736710459909
4473 -0.0009300615573365 0.003235817815950095 -0.0009300615562346998
4474 -0.001008777115140506 0.003557889211338764 -0.001535372286854327
4475 -0.001535372288214601 0.003557889210807919 -0.001008777115005956
4476 -0.0009065828363553168 0.003118416908503587 -0.001376529215140721
4477 -0.001376529216160682 0.003118416908105453 -0.0009065828362544043
4478 -0.001490946841776343 0.003417503571144439 -0.001490946841840065
4479 -0.001343210131332163 0.00301312767835792 -0.001343210131379954
4480 -0.001150102595561574 0.004193029693252899 -0.001150102593724574
4481 -0.001115994097655234 0.004015728811441315 -0.001701889055083183
4482 -0.001701926539424918 0.00401584828356257 -0.001115499691747201
4483 -0.00165247031408739 0.003854931758257213 -0.001651711888748898
4484 -0.0008257030572400704 0.002783544127076915 -0.0004100205187449174
4485 -0.0007128515286195347 0.002291772063538457 -0.0003550102593725832
4486 -0.001225017674703388 0.002702785315011868 -0.0004021942787514262
4487 -0.001062508837351047 0.002251392657505933 -0.0003510971393757126
4488 -0.001051406114481666 0.003767088254156189 -0.0005200410374897824
4489 -0.0009385545858608681 0.003275316190616552 -0.0004650307781173499
4490 -0.001550035349408531 0.003605570630025887 -0.0005043885575029782
4491 -0.001387526512055959 0.003154177972518879 -0.0004532914181272021
4492 -0.001169506028384784 0.004278261410056395 -0.0005775844791548287
4493 -0.00172763269103544 0.004093587528838407 -0.0005600089109454617
4494 -0.0003943680384581098 0.002622026503846256 -0.001624332290756971
4495 -0.0003471840192291794 0.002211013251923128 -0.001412166145378939
4496 -0.000382068899023572 0.002494090092230122 -0.00199524298568548
4497 -0.000341034449512032 0.002147045046115028 -0.001747621492842935
4498 -0.0004887360769160237 0.003444053007694456 -0.002048664581514016
4499 -0.0004415520576870667 0.003033039755770356 -0.001836498436135493
4500 -0.0004641377980466215 0.003188180184461866 -0.002490485971371647
4501 -0.0004231033485350968 0.00284113513834579 -0.002242864478528359
4502 -0.0005379519261424269 0.003869931441169627 -0.002269447900296206
4503 -0.0005091078728984509 0.003563765599589963 -0.002759715766116311
4504 -0.0004100205191120176 0.002783544127367237 -0.0008257030557904739
4505 -0.0003550102595558834 0.002291772063683618 -0.0007128515278957358
4506 -0.0004021942787850636 0.002702785315606746 -0.001225017673273722
4507 -0.0003510971393925313 0.002251392657803373 -0.001062508836637588
4508 -0.0005200410382244824 0.003767088254736832 -0.001051406111580474
4509 -0.00046503077866825 0.003275316191052034 -0.0009385545836854741
4510 -0.0005043885575702531 0.003605570631215644 -0.001550035346547245
4511 -0.0004532914181776584 0.003154177973411195 -0.001387526509910484
4512 -0.0005776260333904438 0.004278264742960174 -0.001169473131640233
4513 -0.0005603554500159431 0.004093570944706649 -0.001727560530083723
4514 -0.0004128515286200352 0.002810907824563212 -0.000412851527895237
4515 -0.0003564257643097957 0.002305453912281674 -0.0003564257639478646
4516 -0.0005257030572408329 0.003821815649128858 -0.000525703055790237
4517 -0.0004692772929304341 0.003316361736845628 -0.0004692772918427371
4518 -0.0005875041446738428 0.004368391400443577 -0.0005874669205909451
4519 -0.0008200410389096272 0.002757211876956421 0.0008200410380723332
4520 -0.001040082077821455 0.003714423753915389 0.001040082076145867
4521 -0.0007887360781699726 0.002600677333349913 0.001615331249944648
4522 -0.0009774721563421236 0.003401354666702126 0.002030662499891154
4523 -0.001615331250816746 0.00260067733327433 0.0007887360766131742
4524 -0.002030662501636307 0.003401354666550962 0.0009774721532265274
4525 -0.001557785319976741 0.002476440597107937 0.001557785318312885
4526 -0.00191557063995626 0.003152881194218021 0.001915570636626636
4527 -0.0007100205194540631 0.00227860593847821 0.000710020519035916
4528 -0.0008257030575828665 0.002783544126905462 0.0004100205190361666
4529 -0.0004100205194548136 0.002783544126905462 0.0008257030571642194
4530 -0.0007128515287906827 0.002291772063452731 0.000355010259517958
4531 -0.0003550102597270316 0.002291772063452731 0.0007128515285816093
4532 -0.0004128515287914333 0.002810907824332325 0.0004128515285821097
4533 -0.0003564257643953698 0.00230545391216623 0.000356425764290833
4534 -0.0009300615583655411 0.003235817815435905 0.0009300615571091002
4535 -0.001051406115167911 0.003767088253813451 0.0005200410380729336
4536 -0.0005200410389107275 0.003767088253813451 0.001051406114330117
4537 -0.0009385545863753886 0.003275316190359457 0.0004650307785545501
4538 -0.0004650307791827706 0.003275316190359457 0.0009385545857471683
4539 -0.0005257030575839554 0.003821815648667167 0.0005257030571650585
4540 -0.0004692772931876943 0.003316361736499338 0.000469277292873584
4541 -0.001150102597277661 0.004193029692396296 0.001150102595182926
4542 -0.001169506029229772 0.004278261409695677 0.0005775844798568308
4543 -0.000577626034350268 0.00427826474173539 0.001169473135549387
4544 -0.0005875041450652098 0.004368391400011175 0.0005874669225844026
4545 -0.0006943680390842359 0.002200338666674956 0.001407665624972061
4546 -0.0008043885585398 0.002678944605153167 0.00121768614400849
4547 -0.0003943680390849863 0.002622026502868453 0.001624332292144284
4548 -0.0007021942792691494 0.002239472302576583 0.001058843072003988
4549 -0.0003471840195421179 0.002211013251434226 0.00141216614607164
4550 -0.0004021942792699 0.002702785314886958 0.001225017674654252
4551 -0.0003510971396345748 0.002251392657443479 0.001062508837326479
4552 -0.0008831041172560481 0.00300101600002602 0.001822996874917901
4553 -0.001008777117081789 0.003557889210308757 0.001535372288018511
4554 -0.0004887360781710618 0.003444053005739162 0.002048664584290855
4555 -0.0009065828378107947 0.003118416907730962 0.001376529216013501
4556 -0.000441552058628024 0.003033039754303807 0.001836498438217569
4557 -0.0005043885585408947 0.003605570629776306 0.001550035349310486
4558 -0.0004532914189053973 0.003154177972331631 0.001387526511982369
4559 -0.001071840195428421 0.003801693333379371 0.002238328124864954
4560 -0.001115994100542881 0.004015728810081451 0.001701889056433112
4561 -0.0005379519280028686 0.003869931438774634 0.002269447903838928
4562 -0.0005603554526389866 0.004093570923508538 0.001727560580022687
4563 -0.0007641377995454814 0.002477236696172127 0.001984563654469494
4564 -0.0006820688997719902 0.002138618348086063 0.001742281827234615
4565 -0.0003820688997727407 0.00249409009167679 0.001995242986314705
4566 -0.0003410344498860236 0.002147045045838361 0.001747621493157078
4567 -0.0009282755990930991 0.003154473392346306 0.002469127308940821
4568 -0.0008462066993192904 0.002815855044259216 0.002226845481705157
4569 -0.0004641377995465496 0.003188180183355576 0.002490485972631422
4570 -0.0004231033496596452 0.002841135137515978 0.002242864479472859
4571 -0.001014771104839287 0.003508618357428995 0.00272337789461826
4572 -0.000509107874992242 0.003563765598207708 0.002759715767578692
4573 -0.001407665625407632 0.002200338666637165 0.000694368038306836
4574 -0.001624332292580333 0.002622026502830662 0.0003943680383065871
4575 -0.001217686144863186 0.002678944605115375 0.0008043885573427537
4576 -0.001412166146289426 0.00221101325141533 0.000347184019153418
4577 -0.001058843072430848 0.002239472302557687 0.0007021942786713761
4578 -0.0012250176750816 0.002702785314868062 0.0004021942786713769
4579 -0.001062508837539909 0.00225139265743403 0.0003510971393356881
4580 -0.001822996876226526 0.003001015999912646 0.0008831041149198508
4581 -0.002048664585163431 0.00344405300566358 0.0004887360766132637
4582 -0.001535372289728881 0.003557889210233175 0.001008777114686197
4583 -0.001836498438871882 0.00303303975424712 0.0004415520574599254
4584 -0.001376529217296034 0.003118416907674275 0.0009065828360144755
4585 -0.001550035350165671 0.003605570629738515 0.0005043885573430987
4586 -0.001387526512623635 0.003154177972303288 0.0004532914180072379
4587 -0.002238328127046634 0.003801693333190415 0.001071840191533427
4588 -0.002269542014347111 0.003869897440622434 0.0005378014778040464
4589 -0.001701927753701723 0.004015850222339174 0.001115490738614902
4590 -0.00172763308061925 0.004093587977905468 0.0005600043632381593
4591 -0.00137889265998763 0.002138220298553969 0.001378892659156657
4592 -0.001586558285396743 0.002538558965191133 0.00117326069746303
4593 -0.001173260699073357 0.002538558965228925 0.001586558284128767
4594 -0.001393279142697631 0.002169279482595566 0.001036630348731747
4595 -0.001036630349535933 0.002169279482614462 0.001393279142064359
4596 -0.001195473421968272 0.00260875178517215 0.00119547342073576
4597 -0.00104773671098339 0.002204375892586075 0.001047736710367867
4598 -0.0017366779799665 0.002814660895662979 0.001736677977469761
4599 -0.001973116570796283 0.003277117930384491 0.001446521394926582
4600 -0.001446521398149192 0.003277117930460073 0.001973116568258895
4601 -0.001779837428096513 0.002907838447787812 0.001309891046194806
4602 -0.001309891048611274 0.002907838447844499 0.001779837426193831
4603 -0.001490946843939036 0.003417503570346624 0.001490946841472547
4604 -0.001343210132953654 0.003013127677759387 0.001343210131104153
4605 -0.002094463299946436 0.003491101492773955 0.00209446329578393
4606 -0.002174709136573059 0.003660545134318969 0.001589210746087665
4607 -0.001589391525381094 0.003660928722206534 0.00217392425879288
4608 -0.001652471085385602 0.0038549332540632 0.001651707574336435
4609 -0.001511311500678735 0.002378563781348113 0.001919236141950587
4610 -0.001355655750338627 0.002089281890674056 0.001709618070975401
4611 -0.001137724650112108 0.00242790023876012 0.001951899898210041
4612 -0.001018862325055163 0.00211395011938006 0.001725949949105009
4613 -0.001822623001360168 0.002957127562698184 0.002338472283902492
4614 -0.001666967251019451 0.002667845672023149 0.00212885421292654
4615 -0.001375449300226633 0.003055800477522245 0.002403799796421656
4616 -0.001256586975169371 0.002741850358141181 0.002177849847315848
4617 -0.001985614525956688 0.00325856401413946 0.002557570460891671
4618 -0.001505411571311059 0.003395470403488156 0.002648817234731338
4619 -0.001984563655047882 0.002477236696276674 0.0007641377978007155
4620 -0.001742281827523571 0.002138618348138337 0.0006820688989008566
4621 -0.001995242986603899 0.002494090091729063 0.0003820688989003577
4622 -0.001747621493301555 0.002147045045864497 0.0003410344494504248
4623 -0.002469127310098073 0.003154473392555401 0.0009282755956010685
4624 -0.002226845482572977 0.002815855044416038 0.0008462066967008919
4625 -0.002490485973210048 0.003188180183460123 0.0004641377978005342
4626 -0.002242864479906768 0.002841135137594389 0.000423103348350446
4627 -0.002724596812626399 0.00350807476909118 0.001013378661078164
4628 -0.002760320898981748 0.003563409874937589 0.0005083269501790361
4629 -0.001919236143065155 0.002378563781630753 0.001511311498928905
4630 -0.001709618071532207 0.002089281890815376 0.001355655749464906
4631 -0.001951899899056518 0.002427900238953713 0.00113772464836481
4632 -0.001725949949527889 0.002113950119476856 0.001018862324183131
4633 -0.002338472286132585 0.002957127563263465 0.001822622997858118
4634 -0.00212885421459887 0.002667845672447109 0.001666967248393512
4635 -0.002403799798115329 0.003055800477909433 0.001375449296729594
4636 -0.002177849848585924 0.002741850358431573 0.001256586972547201
4637 -0.002558832048787261 0.003258375536610802 0.00198429487980774
4638 -0.002650418059602555 0.003394880260630326 0.001503923605259367
4639 -0.001866390104039786 0.002300016244374475 0.001866390103023551
4640 -0.001683195052019526 0.002050008122187232 0.001683195051511998
4641 -0.00223278020808176 0.002800032488750768 0.002232780206048095
4642 -0.002049585156060642 0.002550024366562489 0.002049585154535691
4643 -0.00243236440600834 0.003070294147202998 0.002431070050344813
4644 0.0007887360776710306 0.002600677334288718 -0.001615331248571313
4645 0.0009774721553432438 0.003401354668579755 -0.002030662497142582
4646 0.0008200410375671381 0.002757211877681376 -0.0008200410367298438
4647 0.001040082075134483 0.003714423755365312 -0.001040082073458896
4648 0.001557785319447333 0.002476440597737271 -0.001557785317783477
4649 0.001915570638896498 0.003152881195476703 -0.001915570635566874
4650 0.001615331249443412 0.002600677334213135 -0.0007887360761142316
4651 0.002030662498887735 0.003401354668428586 -0.0009774721522276479
4652 0.0006943680388352645 0.002200338667144359 -0.001407665624286349
4653 0.0007641377992960104 0.00247723669664153 -0.001984563653782827
4654 0.0003943680388355153 0.002622026503971868 -0.00162433229036043
4655 0.0006820688996475046 0.002138618348320765 -0.00174228182689176
4656 0.0003471840194176323 0.002211013251985934 -0.001412166145180908
4657 0.0003820688996480052 0.002494090092228497 -0.001995242985422778
4658 0.0003410344498237807 0.002147045046114215 -0.001747621492711703
4659 0.0008831041165071372 0.003001016001434236 -0.001822996872856947
4660 0.0009282755985936592 0.003154473393285121 -0.002469127307566535
4661 0.0004887360776716219 0.003444053007946001 -0.002048664580720763
4662 0.0008462066989448349 0.002815855044963326 -0.002226845480674681
4663 0.0004415520582535686 0.003033039755958935 -0.001836498435540596
4664 0.0004641377992968296 0.003188180184458995 -0.002490485970846376
4665 0.0004231033494724175 0.002841135138343542 -0.002242864478134372
4666 0.001071840194179571 0.003801693335726404 -0.002238328121428761
4667 0.001014771103896029 0.003508618358664608 -0.002723377893193651
4668 0.0005379519269412812 0.003869931441564567 -0.002269447899335966
4669 0.000509107874298967 0.003563765599622818 -0.002759715765667237
4670 0.000710020518783818 0.002278605938840688 -0.0007100205183656706
4671 0.0008043885576190843 0.002678944605985047 -0.001217686142650578
4672 0.000410020518783569 0.002783544127558262 -0.0008257030554104784
4673 0.0007021942788095412 0.002239472302992523 -0.00105884307132601
4674 0.000355010259391909 0.002291772063779131 -0.0007128515277059879
4675 0.0004021942788095422 0.002702785315765065 -0.001225017672885454
4676 0.0003510971394047705 0.002251392657882532 -0.001062508836443697
4677 0.0009300615563508103 0.003235817816523344 -0.0009300615550943696
4678 0.001008777115238863 0.003557889211972533 -0.001535372285300739
4679 0.0005200410375672413 0.003767088255119056 -0.001051406110820139
4680 0.0009065828364289736 0.00311841690897879 -0.001376529213975658
4681 0.0004650307781754051 0.003275316191338659 -0.0009385545831153089
4682 0.0005043885576194316 0.003605570631532529 -0.001550035345770451
4683 0.0004532914182144868 0.003154177973648797 -0.001387526509327952
4684 0.001150102593918445 0.0041930296942087 -0.001150102591823711
4685 0.00111599409763388 0.004015728812033827 -0.00170188905369262
4686 0.0005776260327213399 0.004278264743331367 -0.001169473130758169
4687 0.0005603554500156552 0.004093570944976954 -0.001727560529434347
4688 0.0008257030558291256 0.002783544127558262 -0.0004100205183649219
4689 0.0007128515279150616 0.002291772063779131 -0.0003550102591828353
4690 0.0004128515279145628 0.002810907824803886 -0.0004128515277052392
4691 0.0003564257639575275 0.002305453912402009 -0.0003564257638529906
4692 0.001051406111657933 0.003767088255119056 -0.0005200410367294478
4693 0.0009385545837435293 0.003275316191338659 -0.0004650307775471848
4694 0.0005257030558289664 0.003821815649610291 -0.0005257030554100697
4695 0.0004692772918717646 0.003316361737206681 -0.0004692772915576545
4696 0.00116950602404167 0.004278261411423559 -0.0005775844780380357
4697 0.0005875041424047648 0.004368391400941515 -0.0005874669200169067
4698 0.001378892659723403 0.002138220298868635 -0.001378892658892431
4699 0.001511311500414031 0.002378563781662779 -0.001919236141685883
4700 0.001173260698559182 0.002538558966012994 -0.001586558283177395
4701 0.001355655750206514 0.00208928189083139 -0.001709618070843288
4702 0.001036630349279334 0.002169279483006497 -0.00139327914158939
4703 0.001137724649855021 0.002427900239152154 -0.001951899897734355
4704 0.001018862324926863 0.002113950119576077 -0.001725949948867523
4705 0.001736677979171915 0.002814660896606987 -0.001736677976675176
4706 0.001822623000830287 0.002957127563327526 -0.002338472283372611
4707 0.001446521397119871 0.003277117932028228 -0.001973116566354728
4708 0.001666967250622159 0.002667845672495152 -0.002128854212529247
4709 0.001309891047839526 0.002907838449020611 -0.001779837424766061
4710 0.001375449299711973 0.003055800478306323 -0.002403799795469573
4711 0.001256586974783497 0.002741850358729238 -0.002177849846601965
4712 0.002094463298621494 0.003491101494347306 -0.002094463294458987
4713 0.001985614524545096 0.003258564015100787 -0.002557570460684932
4714 0.001589391524245252 0.003660928724136492 -0.002173924256342209
4715 0.001505411570201065 0.003395470404541907 -0.002648817233883067
4716 0.001407665624721921 0.002200338667106568 -0.0006943680380578645
4717 0.001586558284445372 0.002538558965975203 -0.001173260696948855
4718 0.001217686143505275 0.002678944605947256 -0.0008043885564220376
4719 0.001393279142222662 0.002169279482987601 -0.001036630348475148
4720 0.001058843071752869 0.002239472302973628 -0.0007021942782117676
4721 0.001195473421032228 0.002608751785980125 -0.001195473419799716
4722 0.001047736710516101 0.002204375892990062 -0.001047736709900579
4723 0.001822996874165573 0.003001016001320861 -0.0008831041141709397
4724 0.001973116568892116 0.003277117931952645 -0.001446521393897261
4725 0.001535372287011109 0.003557889211896949 -0.001008777112843272
4726 0.001779837426668744 0.002907838448963924 -0.001309891045423058
4727 0.001376529215258192 0.003118416908922102 -0.0009065828346326547
4728 0.00149094684206549 0.003417503571962589 -0.001490946839599
4729 0.001343210131548859 0.003013127678971357 -0.001343210129699358
4730 0.002238328123610441 0.003801693335537446 -0.001071840190284577
4731 0.002174709133669618 0.003660545136488032 -0.001589210745016488
4732 0.001701926537770576 0.004015848285154546 -0.001115499688440907
4733 0.001652470314511344 0.003854931759100897 -0.001651711886319493
4734 0.001624332290796479 0.002622026503934077 -0.0003943680380571158
4735 0.001412166145398693 0.002211013251967038 -0.0003471840190289322
4736 0.001225017673312803 0.00270278531574617 -0.0004021942782110188
4737 0.001062508836657128 0.002251392657873085 -0.0003510971391058838
4738 0.002048664581593339 0.003444053007870417 -0.0004887360761138239
4739 0.001836498436194909 0.003033039755902247 -0.0004415520570854699
4740 0.001550035346625636 0.003605570631494736 -0.0005043885564216359
4741 0.001387526509969219 0.003154177973620453 -0.0004532914173163274
4742 0.002269542010077227 0.003869897443173797 -0.0005378014775003026
4743 0.001727632684922374 0.004093587531755846 -0.0005600089087708008
4744 0.001919236142800451 0.002378563781945419 -0.001511311498664201
4745 0.001709618071400094 0.002089281890972709 -0.001355655749332793
4746 0.001866390103907434 0.002300016244531808 -0.001866390102891199
4747 0.00168319505195347 0.002050008122265899 -0.001683195051445941
4748 0.002338472285602704 0.002957127563892807 -0.001822622997328237
4749 0.002128854214201577 0.002667845672919113 -0.001666967247996219
4750 0.002232780207816819 0.002800032489065439 -0.002232780205783154
4751 0.002049585155861995 0.002550024366798491 -0.002049585154337046
4752 0.002558832048180935 0.003258375537402428 -0.001984294879193772
4753 0.002432364405356527 0.003070294147725657 -0.002431070050268061
4754 0.001984563654361215 0.002477236696746076 -0.0007641377975512443
4755 0.001742281827180715 0.002138618348373038 -0.0006820688987763709
4756 0.001951899898580833 0.002427900239345748 -0.001137724648107723
4757 0.001725949949290404 0.002113950119672874 -0.001018862324054832
4758 0.002469127308723788 0.003154473393494213 -0.0009282755951016287
4759 0.002226845481542501 0.002815855045120145 -0.0008462066963264365
4760 0.002403799797163246 0.00305580047869351 -0.001375449296214933
4761 0.00217784984787204 0.00274185035901963 -0.001256586972161327
4762 0.00272459681101003 0.003508074770368994 -0.001013378660507412
4763 0.002650418058251522 0.003394880261796638 -0.001503923604783818
4764 0.001995242985711972 0.002494090092280771 -0.0003820688987756221
4765 0.00174762149285618 0.002147045046140351 -0.0003410344493881821
4766 0.002490485971425003 0.003188180184563541 -0.0004641377975508143
4767 0.002242864478568282 0.002841135138421951 -0.0004231033481632182
4768 0.002760320897093523 0.003563409876255947 -0.0005083269500498013
4769 0.001615331248485013 0.002600677334155808 0.0007887360783303159
4770 0.002030662496969968 0.003401354668313913 0.0009774721566628071
4771 0.001557785317596089 0.002476440597440992 0.001557785320133174
4772 0.001915570635192084 0.003152881194884124 0.00191557064026912
4773 0.0008200410367341089 0.002757211877299001 0.0008200410389791577
4774 0.001040082073467419 0.003714423754600542 0.001040082077960512
4775 0.0007887360761006485 0.00260067733338711 0.001615331250867688
4776 0.0009774721522004754 0.003401354666776512 0.002030662501738187
4777 0.001407665624243199 0.002200338667077904 0.0006943680391644075
4778 0.00162433229031728 0.002622026503905413 0.000394368039165158
4779 0.001984563653739677 0.002477236696575074 0.000764137799625653
4780 0.001412166145159333 0.002211013251952706 0.0003471840195822038
4781 0.001742281826870185 0.002138618348287537 0.0006820688998120761
4782 0.001995242985401204 0.00249409009219527 0.0003820688998128265
4783 0.001747621492700917 0.002147045046097601 0.0003410344499060665
4784 0.00182299687272749 0.00300101600123486 0.0008831041174965615
4785 0.002048664580634455 0.00344405300781308 0.0004887360783314036
4786 0.002469127307480227 0.0031544733931522 0.0009282755992534409
4787 0.001836498435475868 0.003033039755859247 0.0004415520587482808
4788 0.002226845480609953 0.002815855044863637 0.0008462066994395469
4789 0.002490485970803222 0.003188180184392535 0.0004641377996267205
4790 0.002242864478102008 0.002841135138293698 0.0004231033497197736
4791 0.002238328121212994 0.003801693335394104 0.001071840195829277
4792 0.002269542008026313 0.003869897444020692 0.000537801478868829
4793 0.002724596809498128 0.003508074769989008 0.001013378665732788
4794 0.002760320896028838 0.003563409876649288 0.0005083269518083094
4795 0.001378892658798737 0.002138220298720496 0.001378892660065846
4796 0.001586558283040551 0.0025385589657984 0.001173260699231745
4797 0.001919236141592188 0.00237856378151464 0.001511311500756951
4798 0.001393279141520968 0.002169279482899199 0.001036630349615127
4799 0.00170961807079644 0.00208928189075732 0.001355655750377735
4800 0.001951899897665932 0.002427900239044857 0.001137724650191302
4801 0.001725949948833313 0.002113950119522428 0.001018862325094759
4802 0.001736677976394086 0.002814660896162558 0.001736677980201147
4803 0.001973116566081026 0.003277117931599018 0.001446521398465963
4804 0.002338472283185216 0.002957127563031237 0.001822623001516598
4805 0.001779837424560788 0.002907838448698709 0.001309891048848854
4806 0.002128854212388702 0.002667845672272938 0.001666967251136775
4807 0.002403799795332722 0.003055800478091718 0.001375449300385019
4808 0.002177849846499327 0.002741850358568288 0.00125658697528816
4809 0.0020944632939905 0.003491101493606585 0.002094463300337513
4810 0.002174709130518466 0.00366054513594239 0.00158921075055716
4811 0.002558832045217024 0.00325837553640747 0.00198429488449685
4812 0.002650418055997152 0.003394880260852726 0.001503923610716234
4813 0.001511311498543891 0.002378563781805467 0.001919236143151558
4814 0.001355655749272638 0.002089281890902733 0.001709618071575409
4815 0.001866390102831044 0.002300016244461832 0.001866390104082988
4816 0.001683195051415864 0.00205000812223091 0.001683195052041127
4817 0.001822622997087611 0.002957127563612891 0.002338472286305389
4818 0.001666967247815751 0.002667845672709179 0.002128854214728473
4819 0.002232780205662841 0.002800032488925481 0.002232780208168162
4820 0.002049585154246811 0.002550024366693526 0.002049585156125444
4821 0.001985614520470994 0.003258564014751821 0.002557570464486184
4822 0.002432364402799211 0.003070294147205914 0.002431070053513763
4823 0.0007100205183678031 0.0022786059386495 0.0007100205194888284
4824 0.000825703055412611 0.002783544127367075 0.0004100205194895788
4825 0.001217686142609561 0.002678944605727404 0.0008043885586547368
4826 0.0007128515277070543 0.002291772063683537 0.0003550102597444142
4827 0.001058843071305501 0.002239472302863701 0.000702194279326618
4828 0.001225017672864946 0.002702785315636243 0.0004021942793273684
4829 0.001062508836433444 0.002251392657818121 0.000351097139663309
4830 0.0009300615551007638 0.003235817815949771 0.000930061558469835
4831 0.001051406110824401 0.003767088254736671 0.0005200410389802561
4832 0.001535372285218693 0.003557889211457227 0.00100877711731166
4833 0.000938554583118506 0.003275316191051873 0.0004650307792349175
4834 0.001376529213914127 0.003118416908592316 0.0009065828379831982
4835 0.001550035345729428 0.003605570631274875 0.0005043885586558299
4836 0.001387526509297187 0.00315417797345556 0.000453291418991599
4837 0.001150102591834366 0.004193029693252738 0.001150102597451483
4838 0.001169506026577785 0.004278261409875084 0.0005775844834121329
4839 0.001701926535648606 0.004015848284942425 0.001115499692520664
4840 0.001727632685076381 0.004093587531199533 0.0005600089113465457
4841 0.000694368038051073 0.002200338666693555 0.001407665625433104
4842 0.0008043885564173787 0.002678944605343055 0.001217686144923423
4843 0.001173260696848369 0.002538558965414051 0.001586558285500431
4844 0.0007021942782094381 0.002239472302671527 0.001058843072460966
4845 0.001036630348424905 0.002169279482707025 0.001393279142749475
4846 0.001195473419728965 0.002608751785570727 0.001195473422077584
4847 0.001047736709865203 0.002204375892785363 0.001047736711038046
4848 0.0008831041141505619 0.003001016000081811 0.001822996876302937
4849 0.001008777112833947 0.003557889210688527 0.00153537228984935
4850 0.00144652139369628 0.003277117930830318 0.001973116571003653
4851 0.0009065828346256628 0.003118416908015791 0.001376529217386386
4852 0.001309891045272324 0.002907838448122184 0.001779837428252042
4853 0.001490946839457487 0.003417503571143772 0.001490946844157656
4854 0.001343210129593226 0.00301312767835725 0.00134321013311762
4855 0.001071840190250612 0.003801693333472356 0.002238328127173984
4856 0.001115994094913542 0.004015728810499873 0.001701889059096275
4857 0.001589391520056092 0.003660928722485231 0.002173924262266132
4858 0.001652470311722857 0.003854931758248063 0.001651711891134681
4859 0.0007641377976389664 0.002477236696319158 0.001984563655059447
4860 0.0006820688988202319 0.002138618348159579 0.001742281827529353
4861 0.001137724648091429 0.002427900239062312 0.001951899899105502
4862 0.001018862324046685 0.002113950119531156 0.00172594994955238
4863 0.0009282755952770699 0.003154473392640363 0.0024691273101212
4864 0.0008462066964580182 0.00281585504447976 0.002226845482590323
4865 0.001375449296182341 0.003055800478126627 0.002403799798213294
4866 0.001256586972136885 0.00274185035859447 0.002177849848659398
4867 0.001014771099856581 0.003508618357930013 0.002723377895886399
4868 0.001505411565473681 0.003395470404080134 0.002648817237409195
4869 0.0004100205183670544 0.002783544127076753 0.0008257030576176317
4870 0.0003550102591839016 0.002291772063538376 0.0007128515288080654
4871 0.0004128515277063055 0.002810907824563131 0.0004128515288088158
4872 0.0003564257638535238 0.002305453912281634 0.0003564257644040612
4873 0.0005200410367337093 0.003767088254156028 0.00105140611523744
4874 0.0004650307775503819 0.00327531619061639 0.0009385545864275355
4875 0.0005257030554122005 0.003821815649128778 0.0005257030576187198
4876 0.000469277291559253 0.003316361736845547 0.0004692772932137678
4877 0.0005776260311045596 0.004278264742260908 0.001169473135749629
4878 0.0005875041432955212 0.004368391400198996 0.0005874669238205217
4879 0.0003943680380503243 0.002622026502887052 0.001624332292605804
4880 0.0003471840190255365 0.002211013251443526 0.001412166146302162
4881 0.0004021942782086894 0.002702785314981902 0.001225017675111718
4882 0.000351097139104719 0.002251392657490951 0.001062508837554967
4883 0.0004887360761002377 0.003444053005776355 0.002048664585214371
4884 0.000441552057075281 0.003033039754331703 0.001836498438910088
4885 0.0005043885564169735 0.003605570629966192 0.001550035350225906
4886 0.0004532914173128314 0.003154177972474047 0.001387526512668812
4887 0.0005379519256179916 0.003869931438346519 0.002269447905389482
4888 0.000560355448701023 0.00409357094255852 0.001727560535825547
4889 0.0003820688988194832 0.002494090091750305 0.001995242986609681
4890 0.0003410344494101126 0.002147045045875119 0.001747621493304447
4891 0.000464137797638535 0.003188180183502604 0.002490485973221612
4892 0.0004231033482290091 0.00284113513762625 0.002242864479915441
4893 0.0005091078726542036 0.00356376559813935 0.002759715768311482
4894 -0.001915570638601738 -0.003152881194849807 -0.001915570636923067
4895 -0.001557785319300456 -0.002476440597425171 -0.001557785318461598
4896 -0.0009774721550276329 -0.003401354666994743 -0.002030662500023216
4897 -0.0007887360775134972 -0.00260067733349812 -0.001615331250011574
4898 -0.002030662498758686 -0.003401354668143122 -0.0009774721535430525
4899 -0.001615331249379786 -0.002600677334072312 -0.0007887360767717066
4900 -0.001040082074988157 -0.003714423754645138 -0.001040082076293817
4901 -0.0008200410374944551 -0.002757211877323699 -0.0008200410381467857
4902 -0.002094463298252419 -0.003491101493561853 -0.002094463296153841
4903 -0.002338472285455837 -0.002957127563579872 -0.001822622998006364
4904 -0.001822623000682938 -0.002957127563014591 -0.002338472284051221
4905 -0.00255883204797855 -0.00325837553705452 -0.001984294880017388
4906 -0.001985614523790968 -0.003258564015638693 -0.002557570460660513
4907 -0.0022327802077434 -0.002800032488909228 -0.002232780206122474
4908 -0.002432364404993565 -0.003070294148031034 -0.002431070050277086
4909 -0.001736677978951097 -0.002814660896137489 -0.001736677977692333
4910 -0.001919236142727579 -0.002378563781789937 -0.001511311499003295
4911 -0.001511311500340626 -0.002378563781507297 -0.00191923614202551
4912 -0.002128854214091708 -0.002667845672684904 -0.00166696724850483
4913 -0.001666967250511782 -0.002667845672260944 -0.002128854213038366
4914 -0.001866390103871015 -0.00230001624445435 -0.001866390103061029
4915 -0.002049585155807077 -0.002550024366681657 -0.002049585154591621
4916 -0.001378892659649965 -0.002138220298712586 -0.001378892659231014
4917 -0.001709618071363658 -0.002089281890894968 -0.001355655749502101
4918 -0.001355655750169812 -0.002089281890753648 -0.001709618071012862
4919 -0.00168319505193526 -0.002050008122227169 -0.001683195051530737
4920 -0.001071840193784716 -0.00380169333374246 -0.002238328125028902
4921 -0.001446521396814686 -0.003277117930922275 -0.001973116568473141
4922 -0.0009282755984358785 -0.003154473392493582 -0.002469127309007818
4923 -0.001589391523864619 -0.003660928722702913 -0.00217392425906764
4924 -0.001014771104298405 -0.003508618357448762 -0.002723377894800151
4925 -0.001375449299559408 -0.003055800477754086 -0.002403799796529519
4926 -0.001505411569974381 -0.003395470404116535 -0.00264881723469068
4927 -0.000883104116270565 -0.003001016000246432 -0.001822996875017395
4928 -0.001173260698406976 -0.002538558965461646 -0.001586558284236586
4929 -0.0007641377992172712 -0.002477236696247298 -0.001984563654504025
4930 -0.001309891047610831 -0.00290783844819196 -0.001779837426354864
4931 -0.0008462066988265748 -0.00281585504437044 -0.002226845481755921
4932 -0.001137724649778949 -0.002427900238877297 -0.001951899898264767
4933 -0.001256586974669178 -0.002741850358315693 -0.002177849847397144
4934 -0.0006943680387564977 -0.00220033866674906 -0.001407665625005524
4935 -0.001036630349203231 -0.002169279482730823 -0.001393279142118269
4936 -0.0006820688996081348 -0.002138618348123649 -0.001742281827251881
4937 -0.001018862324888827 -0.002113950119438648 -0.001725949949132372
4938 -0.0004887360775138165 -0.003444053005887655 -0.002048664584357915
4939 -0.000537951926845782 -0.0038699314390801 -0.002269447903668933
4940 -0.0004641377992179393 -0.003188180183430983 -0.002490485972666113
4941 -0.0005091078745637867 -0.003563765598306652 -0.002759715767564338
4942 -0.0003943680387567486 -0.002622026502944785 -0.001624332292178872
4943 -0.0004415520581352825 -0.00303303975441622 -0.001836498438268393
4944 -0.0003820688996086356 -0.002494090091716238 -0.001995242986333281
4945 -0.0004231033494132875 -0.002841135137573759 -0.002242864479499845
4946 -0.0003471840193782488 -0.002211013251472393 -0.001412166146088934
4947 -0.000341034449804096 -0.002147045045858268 -0.001747621493166548
4948 -0.002238328123448 -0.003801693335177934 -0.00107184019192874
4949 -0.002469127308660229 -0.003154473393352447 -0.0009282755957593558
4950 -0.001973116568680212 -0.003277117931496464 -0.00144652139523306
4951 -0.002724596810921095 -0.003508074770210091 -0.001013378661300764
4952 -0.002174709133842882 -0.003660545135455938 -0.001589210747178625
4953 -0.002403799797058033 -0.003055800478466159 -0.00137544929688286
4954 -0.002650418058309605 -0.00339488026128489 -0.001503923605831896
4955 -0.001822996874069236 -0.003001016001107717 -0.0008831041151573795
4956 -0.001984563654330469 -0.002477236696676732 -0.000764137797880009
4957 -0.001586558284340121 -0.002538558965748741 -0.001173260697616653
4958 -0.00222684548149535 -0.00281585504501459 -0.0008462066968196824
4959 -0.001779837426510166 -0.002907838448622603 -0.001309891046424856
4960 -0.001951899898529024 -0.002427900239233334 -0.001137724648441652
4961 -0.002177849847793529 -0.002741850358849748 -0.001256586972662256
4962 -0.001407665624690108 -0.002200338667036156 -0.0006943680383861022
4963 -0.001742281827165342 -0.002138618348338366 -0.0006820688989405033
4964 -0.001393279142170036 -0.00216927948287437 -0.001036630348808558
4965 -0.0017259499492645 -0.002113950119616667 -0.001018862324221553
4966 -0.001150102593734929 -0.004193029693304893 -0.001150102595367254
4967 -0.001535372286873421 -0.00355788921139413 -0.001008777114918435
4968 -0.001008777115007895 -0.003557889210819941 -0.001535372288158516
4969 -0.001701927750143252 -0.004015850223561688 -0.001115490739638329
4970 -0.001115994097922228 -0.004015728810608821 -0.001701889056889216
4971 -0.001490946841844054 -0.003417503571158202 -0.001490946841695788
4972 -0.001652471082788321 -0.003854933254688385 -0.001651707575479576
4973 -0.0009300615562413059 -0.003235817815984419 -0.0009300615572203014
4974 -0.001217686143437121 -0.002678944605698006 -0.0008043885574592461
4975 -0.0008043885575039762 -0.00267894460541091 -0.00121768614407918
4976 -0.001376529215155271 -0.003118416908546068 -0.0009065828361888405
4977 -0.0009065828362559354 -0.003118416908115425 -0.001376529216118848
4978 -0.001195473420922049 -0.002608751785579825 -0.001195473420847916
4979 -0.001343210131383051 -0.003013127678369015 -0.001343210131271852
4980 -0.0007100205187474765 -0.00227860593866185 -0.0007100205190731421
4981 -0.001058843071718792 -0.002239472302849003 -0.0007021942787296221
4982 -0.0007021942787519872 -0.002239472302705455 -0.001058843072039333
4983 -0.001047736710461011 -0.002204375892789912 -0.001047736710423946
4984 -0.0005200410374940783 -0.00376708825418108 -0.001051406114404645
4985 -0.0005776260321569305 -0.004278264742233962 -0.00116947313514844
4986 -0.0005043885575039474 -0.003605570630034367 -0.00155003534938128
4987 -0.0005603554499711067 -0.004093570942831739 -0.001727560534593085
4988 -0.0004100205187472276 -0.002783544127091802 -0.0008257030572020468
4989 -0.0004650307781206529 -0.003275316190636441 -0.000938554585803346
4990 -0.0004021942787519881 -0.002702785315018294 -0.001225017674690459
4991 -0.0004532914181279678 -0.003154177972526331 -0.00138752651203587
4992 -0.0003550102593737383 -0.002291772063545901 -0.0007128515286005229
4993 -0.0003510971393759936 -0.002251392657509147 -0.001062508837344582
4994 -0.002048664581529844 -0.003444053007729869 -0.0004887360767715262
4995 -0.002269542010577036 -0.003869897442736209 -0.0005378014782621097
4996 -0.002490485971394415 -0.003188180184494428 -0.0004641377978796779
4997 -0.002760320897320085 -0.003563409876006647 -0.0005083269504166175
4998 -0.001624332290765791 -0.002622026503865894 -0.0003943680383858533
4999 -0.001836498436147817 -0.003033039755797881 -0.0004415520575786898
5000 -0.00199524298569791 -0.002494090092247961 -0.0003820688989400045
5001 -0.002242864478546312 -0.002841135138371342 -0.0004231033484098412
5002 -0.001412166145383349 -0.002211013251932947 -0.0003471840191930511
5003 -0.001747621492849332 -0.002147045046124129 -0.0003410344494702482
5004 -0.001051406111585323 -0.003767088254761724 -0.0005200410381469085
5005 -0.001169506022814648 -0.004278261411480648 -0.0005775844793829144
5006 -0.001550035346557584 -0.003605570631245797 -0.0005043885574592174
5007 -0.001727633074628911 -0.004093587980353664 -0.0005600043636407171
5008 -0.0008257030557933853 -0.002783544127382124 -0.0004100205190733929
5009 -0.0009385545836893544 -0.003275316191071924 -0.0004650307786101507
5010 -0.001225017673279588 -0.002702785315624009 -0.0004021942787296231
5011 -0.001387526509918586 -0.003154177973434902 -0.0004532914180944202
5012 -0.0007128515278971916 -0.002291772063691062 -0.0003550102595365711
5013 -0.001062508836640521 -0.002251392657812005 -0.0003510971393648112
5014 -0.0005257030557926617 -0.003821815649144199 -0.0005257030572023225
5015 -0.0005875041414939663 -0.004368391400675562 -0.0005874669220521968
5016 -0.0004128515278966927 -0.002810907824573446 -0.0004128515286010234
5017 -0.0004692772918446773 -0.003316361736858875 -0.000469277292901673
5018 -0.0003564257639485923 -0.002305453912286723 -0.0003564257643002899
5019 -0.002030662497102626 -0.003401354668607151 0.0009774721553488777
5020 -0.001615331248552532 -0.00260067733430463 0.0007887360776744034
5021 -0.001040082073615672 -0.003714423755330636 0.001040082075127519
5022 -0.000820041036808865 -0.002757211877666607 0.0008200410375642885
5023 -0.00191557063548961 -0.003152881195517056 0.001915570638915697
5024 -0.001557785317745903 -0.002476440597759371 0.00155778531945799
5025 -0.000977472152517562 -0.003401354668369301 0.00203066249886116
5026 -0.0007887360762597449 -0.002600677334185704 0.00161533124943132
5027 -0.002238328121377239 -0.003801693335757503 0.00107184019418585
5028 -0.002469127307547948 -0.00315447339330021 0.0009282755985968881
5029 -0.002048664580701814 -0.003444053007961884 0.0004887360776744389
5030 -0.002724596809589143 -0.003508074770151033 0.001013378664940023
5031 -0.002269542008963098 -0.003869897443606864 0.0005378014782816815
5032 -0.002490485970838275 -0.00318818018446831 0.000464137799298444
5033 -0.00276032089646221 -0.00356340987638492 0.0005083269515161702
5034 -0.001822996872827579 -0.003001016001455891 0.0008831041165116406
5035 -0.001984563653774933 -0.002477236696650983 0.0007641377992981163
5036 -0.001624332290352164 -0.002622026503982054 0.0003943680388372017
5037 -0.002226845480661441 -0.002815855044975597 0.0008462066989475023
5038 -0.001836498435526989 -0.003033039755971969 0.0004415520582558203
5039 -0.001995242985420142 -0.002494090092235087 0.0003820688996490582
5040 -0.002242864478129356 -0.002841135138351846 0.0004231033494737511
5041 -0.001407665624276958 -0.002200338667152315 0.000694368038836951
5042 -0.001742281826887813 -0.002138618348325491 0.0006820688996485576
5043 -0.001412166145176774 -0.002211013251991027 0.0003471840194184755
5044 -0.001747621492710567 -0.002147045046117692 0.0003410344498243072
5045 -0.001150102592018845 -0.004193029694161505 0.001150102593908904
5046 -0.001535372285359149 -0.003557889211968894 0.001008777115238199
5047 -0.001051406110899081 -0.003767088255104472 0.0005200410375637597
5048 -0.001701926535837585 -0.004015848285371445 0.001115499690668457
5049 -0.001169506023917786 -0.004278261411216153 0.0005775844794461614
5050 -0.001550035345800447 -0.003605570631533178 0.0005043885576190993
5051 -0.001727632684330097 -0.004093587531835943 0.0005600089094725373
5052 -0.0009300615552122686 -0.003235817816498622 0.0009300615563459038
5053 -0.001217686142680698 -0.002678944605985619 0.0008043885576193459
5054 -0.0008257030554505902 -0.002783544127553578 0.0004100205187821442
5055 -0.001376529214019924 -0.003118416908977256 0.0009065828364287722
5056 -0.0009385545831748358 -0.003275316191329025 0.0004650307781729519
5057 -0.001225017672901377 -0.002702785315767816 0.000402194278809673
5058 -0.001387526509350912 -0.003154177973650497 0.0004532914182143861
5059 -0.0007100205184051812 -0.002278605938833304 0.0007100205187823931
5060 -0.00105884307134107 -0.002239472302992809 0.0007021942788096721
5061 -0.000712851527726044 -0.002291772063776789 0.0003550102593911966
5062 -0.001062508836451659 -0.002251392657883908 0.0003510971394048361
5063 -0.0005200410368078361 -0.003767088255104472 0.001051406111655005
5064 -0.0005776260316693794 -0.004278264743359868 0.00116947313137412
5065 -0.0005257030554495406 -0.003821815649605895 0.0005257030558275023
5066 -0.0005875041422236599 -0.004368391400910345 0.0005874669204336263
5067 -0.0004100205184044325 -0.002783544127553578 0.0008257030558283019
5068 -0.0004650307776061343 -0.003275316191329025 0.0009385545837416534
5069 -0.0004128515277252951 -0.002810907824804333 0.000412851527914151
5070 -0.000469277291587418 -0.003316361737205167 0.0004692772918708268
5071 -0.0003550102592025906 -0.002291772063776789 0.00071285152791465
5072 -0.0003564257638630186 -0.002305453912402168 0.0003564257639573215
5073 -0.002094463294360959 -0.003491101494395056 0.002094463298644044
5074 -0.002338472283335278 -0.002957127563349001 0.001822623000840673
5075 -0.001973116566296118 -0.003277117932062104 0.001446521397132287
5076 -0.002558832045421006 -0.003258375536757792 0.001984294883674334
5077 -0.002174709130821167 -0.003660545136624439 0.001589210748570622
5078 -0.002403799795441613 -0.003055800478324606 0.00137544929971878
5079 -0.002650418056156979 -0.003394880261164575 0.001503923609749119
5080 -0.001736677976617757 -0.002814660896638213 0.001736677979186843
5081 -0.001919236141668458 -0.002378563781675192 0.001511311500420159
5082 -0.001586558283149217 -0.002538558966032001 0.001173260698566197
5083 -0.002128854212501868 -0.002667845672512097 0.001666967250630416
5084 -0.001779837424722668 -0.002907838449047052 0.001309891047849242
5085 -0.001951899897721696 -0.002427900239163087 0.001137724649859138
5086 -0.002177849846581654 -0.002741850358743846 0.001256586974788959
5087 -0.001378892658873644 -0.002138220298879685 0.001378892659728732
5088 -0.001709618070834575 -0.002089281890837596 0.001355655750209578
5089 -0.001393279141575301 -0.002169279483016 0.001036630349282841
5090 -0.001725949948861194 -0.002113950119581544 0.001018862324928922
5091 -0.001071840190646206 -0.003801693335460189 0.002238328123575646
5092 -0.001446521394003586 -0.003277117931943178 0.001973116568888429
5093 -0.001008777113066617 -0.003557889211849968 0.001535372286994339
5094 -0.001589391520384449 -0.003660928723947277 0.002173924259538599
5095 -0.001115994094753034 -0.004015728812124535 0.001701889055350479
5096 -0.001490946839681368 -0.003417503571956036 0.001490946842063314
5097 -0.001652470311761494 -0.003854931759320748 0.001651711888582325
5098 -0.0008831041143886535 -0.003001016001277502 0.00182299687414624
5099 -0.001173260697002824 -0.002538558965972537 0.001586558284444655
5100 -0.0008043885565343049 -0.002678944605926156 0.001217686143497804
5101 -0.001309891045503205 -0.002907838448957858 0.001779837426666542
5102 -0.0009065828348004609 -0.003118416908888062 0.001376529215246072
5103 -0.001195473419841761 -0.002608751785979078 0.001195473421032001
5104 -0.001343210129761564 -0.003013127678967558 0.001343210131547657
5105 -0.0006943680381306212 -0.002200338667092852 0.001407665624715875
5106 -0.001036630348502133 -0.002169279482986269 0.001393279142222303
5107 -0.0007021942782679012 -0.002239472302963078 0.001058843071749134
5108 -0.001047736709921601 -0.002204375892989538 0.001047736710515988
5109 -0.000488736076258781 -0.003444053007842959 0.002048664581581081
5110 -0.0005379519255717749 -0.003869931441395853 0.002269447900124639
5111 -0.0005043885565333085 -0.003605570631473716 0.001550035346618043
5112 -0.0005603554487211963 -0.004093570945032708 0.001727560529896428
5113 -0.0003943680381298724 -0.002622026503922591 0.001624332290791558
5114 -0.0004415520571943268 -0.003033039755882774 0.001836498436186319
5115 -0.0004021942782671525 -0.002702785315738084 0.00122501767330993
5116 -0.0004532914174002306 -0.003154177973605899 0.001387526509963986
5117 -0.0003471840190653106 -0.002211013251961295 0.001412166145396233
5118 -0.0003510971391339504 -0.002251392657869042 0.001062508836655692
5119 -0.001822622997237161 -0.002957127563930656 0.002338472285629976
5120 -0.0019856145207187 -0.003258564015419671 0.002557570463362108
5121 -0.002232780205738809 -0.002800032489085556 0.002232780207831392
5122 -0.002432364402949913 -0.003070294147522989 0.002431070052930551
5123 -0.001511311498619598 -0.002378563781966019 0.001919236142815329
5124 -0.001666967247928379 -0.002667845672948338 0.002128854214222653
5125 -0.00186639010287013 -0.00230001624454334 0.001866390103915823
5126 -0.00204958515430457 -0.002550024366814549 0.002049585155873707
5127 -0.001355655749310491 -0.00208928189098301 0.001709618071407533
5128 -0.001683195051435413 -0.00205000812227167 0.00168319505195767
5129 -0.0009282755954360255 -0.003154473393438148 0.002469127308684077
5130 -0.001014771100554192 -0.003508618358936898 0.002723377894150494
5131 -0.001375449296336593 -0.003055800478684402 0.002403799797157027
5132 -0.001505411565911136 -0.003395470404959158 0.002648817235902821
5133 -0.0007641377977189343 -0.002477236696719952 0.001984563654342759
5134 -0.0008462066965774799 -0.00281585504507905 0.002226845481513418
5135 -0.001137724648169266 -0.002427900239342985 0.001951899898579044
5136 -0.00125658697225293 -0.002741850359013693 0.002177849847868035
5137 -0.0006820688988602159 -0.002138618348359976 0.001742281827171487
5138 -0.001018862324085604 -0.002113950119671493 0.00172594994928951
5139 -0.0004641377977180127 -0.003188180184537279 0.00249048597140634
5140 -0.0005091078729015231 -0.003563765599730859 0.002759715765968463
5141 -0.0003820688988594672 -0.002494090092269571 0.001995242985704055
5142 -0.0004231033482887399 -0.002841135138403572 0.002242864478555346
5143 -0.0003410344494301046 -0.002147045046134935 0.001747621492852404
5144 0.001040082076302641 -0.003714423753880693 -0.001040082077814486
5145 0.0008200410381513513 -0.002757211876941643 -0.000820041038906774
5146 0.002030662499851189 -0.003401354666729507 -0.0009774721563477527
5147 0.001615331249925862 -0.002600677333365814 -0.0007887360781733425
5148 0.0009774721535164375 -0.003401354666491657 -0.002030662501609724
5149 0.0007887360767586843 -0.002600677333246887 -0.001615331250804651
5150 0.001915570636549365 -0.003152881194258359 -0.001915570639975451
5151 0.001557785318275306 -0.002476440597130026 -0.001557785319987393
5152 0.001150102595378059 -0.004193029692349092 -0.001150102597268116
5153 0.0005200410381513205 -0.003767088253798858 -0.00105140611516498
5154 0.001051406114409057 -0.003767088253798858 -0.0005200410389072428
5155 0.000577626032833235 -0.004278264741812211 -0.001169473136215019
5156 0.001169506027247378 -0.004278261410047456 -0.000577584480815954
5157 0.0005257030572045285 -0.003821815648662766 -0.0005257030575824898
5158 0.0005875041437656442 -0.004368391400149562 -0.0005874669228360773
5159 0.0009300615572269961 -0.003235817815411168 -0.0009300615583606299
5160 0.0004100205190756757 -0.002783544126900774 -0.000825703057582041
5161 0.0008257030572043296 -0.002783544126900774 -0.000410020519453387
5162 0.0004650307786134981 -0.003275316190349816 -0.0009385545863735102
5163 0.0009385545858066933 -0.003275316190349816 -0.000465030779180315
5164 0.0004128515286021648 -0.002810907824332771 -0.0004128515287910205
5165 0.0004692772929033466 -0.003316361736497821 -0.0004692772931867549
5166 0.000710020519075425 -0.002278605938470821 -0.0007100205194526365
5167 0.0003550102595377125 -0.002291772063450387 -0.0007128515287902701
5168 0.0007128515286016642 -0.002291772063450387 -0.0003550102597263183
5169 0.0003564257643008605 -0.002305453912166386 -0.0003564257643951635
5170 0.002238328124813429 -0.003801693333410462 -0.001071840195434698
5171 0.001535372288076915 -0.0035578892103051 -0.001008777117081119
5172 0.002048664584271902 -0.003444053005755037 -0.0004887360781738764
5173 0.001701926539327597 -0.004015848283474125 -0.001115499692231804
5174 0.002269542015458411 -0.003869897439465585 -0.0005378014807794322
5175 0.00155003534934048 -0.003605570629776947 -0.0005043885585405597
5176 0.001727632690340083 -0.004093587529043379 -0.0005600089110591598
5177 0.001822996874888526 -0.003001016000047661 -0.0008831041172605476
5178 0.001217686144038607 -0.002678944605153728 -0.0008043885585400582
5179 0.001624332292136015 -0.002622026502878632 -0.0003943680390866713
5180 0.001376529216057761 -0.003118416907729414 -0.0009065828378105887
5181 0.001836498438203959 -0.003033039754316835 -0.0004415520586302738
5182 0.001225017674670172 -0.002702785314889703 -0.0004021942792700291
5183 0.001387526512005326 -0.003154177972333324 -0.0004532914189052942
5184 0.001407665624962668 -0.002200338666682907 -0.0006943680390859208
5185 0.001058843072019047 -0.002239472302576864 -0.0007021942792692787
5186 0.001412166146067506 -0.002211013251439316 -0.0003471840195429604
5187 0.001062508837334439 -0.002251392657444851 -0.0003510971396346394
5188 0.002469127308922229 -0.003154473392361388 -0.0009282755990963256
5189 0.002724596811205511 -0.003508074768873215 -0.001013378665510774
5190 0.002490485972623318 -0.003188180183364886 -0.0004641377995481628
5191 0.002760320899358899 -0.003563409874141355 -0.0005083269527100588
5192 0.001984563654461599 -0.002477236696181575 -0.0007641377995475859
5193 0.002226845481691914 -0.002815855044271482 -0.0008462066993219558
5194 0.001995242986312068 -0.002494090091683377 -0.000382068899773793
5195 0.002242864479467842 -0.00284113513752428 -0.0004231033496609779
5196 0.001742281827230668 -0.002138618348090787 -0.0006820688997730424
5197 0.001747621493155941 -0.002147045045841838 -0.0003410344498865498
5198 0.001071840191895053 -0.003801693333113147 -0.002238328127011836
5199 0.0004887360767582187 -0.003444053005636112 -0.002048664585151169
5200 0.001008777114909539 -0.003557889210186175 -0.001535372289712105
5201 0.000537951926087879 -0.003869931438650184 -0.002269447904679852
5202 0.001115994097360909 -0.004015728809863384 -0.001701889059027396
5203 0.0005043885574547696 -0.003605570629717485 -0.001550035350158074
5204 0.0005603554497050974 -0.004093570942414408 -0.001727560535682194
5205 0.000883104115137561 -0.003001015999869272 -0.001822996876207187
5206 0.0003943680383793422 -0.002622026502819169 -0.00162433229257541
5207 0.0008043885574550178 -0.002678944605094265 -0.001217686144855712
5208 0.0004415520575687805 -0.00303303975422764 -0.001836498438863289
5209 0.0009065828361822784 -0.00311841690764022 -0.001376529217283909
5210 0.0004021942787275089 -0.002702785314859971 -0.001225017675078725
5211 0.0004532914180911393 -0.003154177972288728 -0.0013875265126184
5212 0.0006943680383795911 -0.002200338666623444 -0.001407665625401585
5213 0.0003471840191897955 -0.002211013251409585 -0.001412166146286965
5214 0.000702194278727508 -0.002239472302547132 -0.001058843072427111
5215 0.000351097139363754 -0.002251392657429986 -0.001062508837538471
5216 0.002094463295685898 -0.003491101492821697 -0.002094463299968983
5217 0.001446521395032901 -0.003277117930375007 -0.001973116570792588
5218 0.001973116568200277 -0.003277117930493933 -0.001446521398161602
5219 0.001589391521669377 -0.003660928721996696 -0.002173924261915622
5220 0.002174709133509441 -0.00366054513452141 -0.001589210749782811
5221 0.001490946841554908 -0.003417503570340054 -0.001490946843936853
5222 0.001652470314467495 -0.003854931757281183 -0.001651711890665032
5223 0.001736677977412336 -0.002814660895694193 -0.001736677979981422
5224 0.001173260697516995 -0.002538558965188457 -0.001586558285396022
5225 0.001586558284100584 -0.00253855896524792 -0.001173260699080368
5226 0.001309891046274948 -0.002907838447781732 -0.001779837428094305
5227 0.001779837426150431 -0.002907838447870927 -0.001309891048620985
5228 0.001195473420777801 -0.002608751785171093 -0.00119547342196804
5229 0.001343210131166355 -0.003013127677755573 -0.001343210132952447
5230 0.001378892659137868 -0.002138220298565013 -0.001378892659992956
5231 0.00103663034875873 -0.002169279482594228 -0.001393279142697271
5232 0.001393279142050268 -0.00216927948262396 -0.001036630349539438
5233 0.001047736710388888 -0.002204375892585546 -0.001047736710983275
5234 0.002338472283865156 -0.002957127562719652 -0.00182262300137055
5235 0.002558832046027331 -0.003258375535966163 -0.001984294884288301
5236 0.002403799796393693 -0.003055800477540521 -0.001375449300233437
5237 0.002650418057414392 -0.003394880260039495 -0.00150392361029649
5238 0.00191923614193316 -0.002378563781360519 -0.00151131150068486
5239 0.002128854212899158 -0.002667845672040086 -0.001666967251027705
5240 0.001951899898197379 -0.002427900238771047 -0.001137724650116223
5241 0.002177849847295536 -0.002741850358155784 -0.001256586975174831
5242 0.001709618070966687 -0.00208928189068026 -0.00135565575034169
5243 0.001725949949098678 -0.002113950119385523 -0.00101886232505722
5244 0.0009282755959354632 -0.003154473392499326 -0.002469127310058359
5245 0.001014771100897414 -0.00350861835791367 -0.002723377895521501
5246 0.0004641377979677316 -0.003188180183433855 -0.002490485973191384
5247 0.0005091078730127786 -0.003563765598416135 -0.002759715767855823
5248 0.000764137797968404 -0.002477236696250543 -0.001984563655029425
5249 0.0008462066969519336 -0.002815855044374934 -0.002226845482543892
5250 0.000382068898984202 -0.00249409009171786 -0.001995242986595981
5251 0.0004231033484759669 -0.002841135137576006 -0.002242864479893831
5252 0.0006820688989847008 -0.002138618348125271 -0.001742281827514342
5253 0.0003410344494923469 -0.002147045045859078 -0.001747621493297778
5254 0.001822622997767039 -0.002957127563301307 -0.002338472286159853
5255 0.001985614520748294 -0.003258564014794707 -0.002557570464206985
5256 0.001375449296851251 -0.003055800477900316 -0.002403799798109106
5257 0.001505411566092825 -0.003395470404142929 -0.002648817236969113
5258 0.0015113114988843 -0.002378563781651346 -0.00191923614308003
5259 0.001666967248325669 -0.002667845672476327 -0.002128854214619942
5260 0.001137724648426352 -0.002427900238950944 -0.001951899899054727
5261 0.001256586972638801 -0.00274185035842563 -0.002177849848581918
5262 0.001355655749442603 -0.002089281890825673 -0.001709618071539645
5263 0.001018862324213902 -0.002113950119475472 -0.001725949949526994
5264 0.002232780206003748 -0.002800032488770882 -0.00223278020809633
5265 0.002432364402927151 -0.003070294147234192 -0.002431070053385424
5266 0.001866390103002481 -0.002300016244386004 -0.001866390104048174
5267 0.002049585154503215 -0.002550024366578545 -0.002049585156072353
5268 0.001683195051501469 -0.002050008122193002 -0.001683195052023727
5269 0.000977472156659208 -0.003401354668294907 0.002030662497014126
5270 0.0007887360783290704 -0.002600677334148514 0.001615331248508286
5271 0.001915570640253782 -0.003152881194850948 0.00191557063527321
5272 0.001557785320126558 -0.002476440597426319 0.001557785317637706
5273 0.001040082077969707 -0.003714423754645478 0.001040082073312873
5274 0.0008200410389843846 -0.002757211877324035 0.0008200410366574663
5275 0.002030662501768962 -0.003401354666844196 0.0009774721519125969
5276 0.001615331250884269 -0.002600677333423156 0.0007887360759572637
5277 0.001071840195824014 -0.003801693335367201 0.002238328121266617
5278 0.000488736078329604 -0.003444053007805762 0.002048664580657564
5279 0.0009282755992520533 -0.003154473393144088 0.002469127307503698
5280 0.0005379519277152653 -0.003869931441486707 0.002269447899212798
5281 0.001014771105399209 -0.003508618358546318 0.002723377892790013
5282 0.0004641377996260266 -0.003188180184390249 0.00249048597081615
5283 0.0005091078750209109 -0.003563765599656859 0.002759715765460822
5284 0.0008831041174941392 -0.003001016001221711 0.001822996872761206
5285 0.0003943680391645352 -0.002622026503903995 0.001624332290330041
5286 0.0007641377996254499 -0.002477236696572925 0.001984563653752811
5287 0.0004415520587470696 -0.003033039755854879 0.001836498435493802
5288 0.0008462066994387517 -0.002815855044858507 0.002226845480628254
5289 0.0003820688998127249 -0.002494090092196058 0.001995242985409081
5290 0.0004231033497193757 -0.002841135138293302 0.002242864478112765
5291 0.0006943680391637847 -0.002200338667074257 0.001407665624254836
5292 0.0003471840195818924 -0.002211013251951998 0.001412166145165713
5293 0.0006820688998119746 -0.002138618348286462 0.001742281826876752
5294 0.0003410344499060159 -0.002147045046098178 0.001747621492705037
5295 0.002094463300316892 -0.003491101493562423 0.00209446329409046
5296 0.001446521398456495 -0.003277117931572927 0.001973116566143668
5297 0.001822623001509715 -0.002957127563015947 0.002338472283227078
5298 0.001589391525853857 -0.003660928723702904 0.00217392425590154
5299 0.001985614524997655 -0.003258564015487134 0.002557570459829767
5300 0.001375449300380884 -0.003055800478080018 0.002403799795365388
5301 0.00150541157110795 -0.00339547040469007 0.002648817233170193
5302 0.00173667798019017 -0.002814660896138633 0.001736677976455458
5303 0.001173260699227814 -0.002538558965787416 0.001586558283072996
5304 0.001511311500754443 -0.002378563781508666 0.00191923614161436
5305 0.001309891048842155 -0.002907838448680172 0.001779837424608332
5306 0.001666967251132079 -0.002667845672262307 0.002128854212420719
5307 0.001137724650189947 -0.002427900239040795 0.001951899897683585
5308 0.001256586975285416 -0.002741850358560407 0.002177849846524487
5309 0.001378892660062539 -0.002138220298713159 0.001378892658819545
5310 0.001036630349613162 -0.002169279482893708 0.00139327914153719
5311 0.001355655750376481 -0.002089281890754333 0.001709618070807526
5312 0.001018862325094082 -0.002113950119520397 0.001725949948842139
5313 0.002338472286282645 -0.002957127563581227 0.001822622997182191
5314 0.002558832048991242 -0.003258375536961123 0.001984294878985223
5315 0.002232780208157726 -0.002800032488910843 0.002232780205711324
5316 0.002432364405579214 -0.003070294147906658 0.002431070049850849
5317 0.001919236143141426 -0.002378563781791306 0.001511311498592115
5318 0.002128854214712036 -0.002667845672686267 0.001666967247887153
5319 0.001866390104078872 -0.002300016244455983 0.001866390102856388
5320 0.002049585156118399 -0.002550024366683515 0.002049585154283956
5321 0.001709618071570343 -0.002089281890895653 0.00135565574929675
5322 0.001683195052039075 -0.002050008122227992 0.001683195051428541
5323 0.00115010259746214 -0.004193029693305062 0.001150102591640347
5324 0.0005200410389848534 -0.003767088254761893 0.001051406110747681
5325 0.001008777117314457 -0.003557889211470192 0.001535372285163499
5326 0.0005776260345889453 -0.004278264743040382 0.001169473130568374
5327 0.001115994100710459 -0.004015728811364067 0.001701889053291489
5328 0.0005043885586572287 -0.003605570631283828 0.001550035345702623
5329 0.0005603554515765826 -0.004093570944806666 0.001727560529173802
5330 0.0009300615584770457 -0.003235817815984757 0.0009300615549851694
5331 0.0004100205194921923 -0.002783544127382292 0.000825703055374891
5332 0.0008043885586567275 -0.002678944605736274 0.001217686142582876
5333 0.0004650307792385228 -0.003275316191072093 0.0009385545830612862
5334 0.0009065828379855923 -0.003118416908603234 0.001376529213873188
5335 0.0004021942793283637 -0.002702785315643144 0.001225017672852466
5336 0.0004532914189927961 -0.003154177973463485 0.001387526509277545
5337 0.0007100205194914418 -0.002278605938662017 0.0007100205183294819
5338 0.0003550102597457209 -0.002291772063691146 0.0007128515276881942
5339 0.0007021942793276133 -0.002239472302868137 0.001058843071292159
5340 0.0003510971396638066 -0.002251392657821572 0.001062508836427204
5341 0.002238328127210878 -0.003801693333553812 0.001071840189890001
5342 0.001535372289869334 -0.003557889210744837 0.001008777112612735
5343 0.001973116571011372 -0.003277117930847572 0.001446521393592903
5344 0.001701927753898938 -0.004015850223187881 0.001115490735213852
5345 0.002174709136188052 -0.00366054513508853 0.001589210744840371
5346 0.001490946844162915 -0.003417503571158882 0.001490946839378201
5347 0.001652471085324568 -0.003854933255249425 0.001651707571614927
5348 0.001822996876326616 -0.003001016000133676 0.0008831041139349303
5349 0.001217686144934327 -0.002678944605373596 0.000804388556307365
5350 0.001586558285505414 -0.002538558965424737 0.001173260696797485
5351 0.001376529217401831 -0.003118416908059216 0.00090658283446005
5352 0.001779837428258393 -0.002907838448136154 0.001309891045195194
5353 0.00119547342208107 -0.002608751785580506 0.001195473419690181
5354 0.001343210133121992 -0.003013127678369694 0.001343210129534191
5355 0.001407665625441394 -0.002200338666711578 0.0006943680379793806
5356 0.001058843072466418 -0.002239472302686798 0.0007021942781544313
5357 0.001393279142751966 -0.002169279482712369 0.001036630348399463
5358 0.001047736711039789 -0.002204375892790253 0.001047736709845811
5359 0.002469127310165791 -0.003154473392703409 0.000928275594944515
5360 0.002724596812717414 -0.003508074769253205 0.001013378660285399
5361 0.002403799798224218 -0.003055800478142318 0.001375449296063353
5362 0.002650418059451353 -0.0033948802610147 0.001503923604678343
5363 0.00198456365508314 -0.002477236696352584 0.0007641377974731797
5364 0.002226845482624466 -0.002815855044527996 0.0008462066962088475
5365 0.001951899899112283 -0.002427900239071945 0.001137724648032647
5366 0.002177849848668251 -0.002741850358607132 0.001256586972048
5367 0.0017422818275412 -0.002138618348176292 0.0006820688987373388
5368 0.001725949949555771 -0.002113950119535972 0.001018862324017294
5369 0.00105140611524259 -0.00376708825418125 0.0005200410366564363
5370 0.001169506031288272 -0.004278261409238994 0.0005775844798816092
5371 0.000525703057621295 -0.003821815649144284 0.0005257030553738407
5372 0.00058750414618665 -0.00436839140021063 0.0005874669208792206
5373 0.0008257030576208463 -0.00278354412709197 0.0004100205183287332
5374 0.000938554586431718 -0.00327531619063661 0.0004650307774925847
5375 0.0004128515288104231 -0.00281090782457353 0.0004128515276874455
5376 0.0004692772932158591 -0.003316361736858957 0.0004692772915306431
5377 0.0007128515288096726 -0.002291772063545985 0.0003550102591647409
5378 0.0003564257644048647 -0.002305453912286764 0.0003564257638440936
5379 0.002048664585230788 -0.003444053005812381 0.0004887360759562985
5380 0.002269542015624473 -0.003869897439972249 0.0005378014775017032
5381 0.001550035350236689 -0.003605570629996815 0.0005043885563063674
5382 0.001727633082249693 -0.004093587977374906 0.000560004362693503
5383 0.001624332292615219 -0.002622026502907303 0.0003943680379786318
5384 0.001836498438923003 -0.003033039754359842 0.0004415520569674651
5385 0.001225017675118033 -0.002702785314999637 0.0004021942781536825
5386 0.001387526512677361 -0.003154177972498226 0.0004532914172300248
5387 0.001412166146306869 -0.002211013251453651 0.0003471840189896903
5388 0.001062508837558124 -0.002251392657499819 0.0003510971390772156
5389 0.0024904859732451 -0.003188180183535896 0.0004641377974722575
5390 0.002760320899568197 -0.003563409874536762 0.0005083269500201265
5391 0.001995242986622839 -0.002494090091768881 0.0003820688987365899
5392 0.002242864479934118 -0.002841135137652537 0.0004231033481044236
5393 0.001747621493311207 -0.002147045045884589 0.0003410344493686659
5394 -0.001557785318422261 -0.001557785319311372 0.002476440597443016
5395 -0.001915570636844191 -0.001915570638620639 0.003152881194886051
5396 -0.001615331249989547 -0.0007887360775176255 0.002600677333507162
5397 -0.002030662499980288 -0.0009774721550333972 0.003401354667015437
5398 -0.0007887360769162723 -0.00161533124936656 0.002600677334039128
5399 -0.0009774721538320958 -0.002030662498730793 0.003401354668078147
5400 -0.0008200410382240719 -0.0008200410374912883 0.002757211877300263
5401 -0.001040082076448998 -0.00104008207498061 0.003714423754601712
5402 -0.001378892659211345 -0.001378892659656378 0.002138220298721508
5403 -0.001511311498957777 -0.001919236142742019 0.002378563781807842
5404 -0.00191923614200607 -0.001511311500347771 0.002378563781516448
5405 -0.001355655749479342 -0.001709618071371356 0.002089281890903921
5406 -0.001709618071003142 -0.001355655750174578 0.002089281890758223
5407 -0.001866390103038936 -0.001866390103879629 0.002300016244463968
5408 -0.001683195051519695 -0.001683195051940162 0.002050008122231983
5409 -0.001736677977633226 -0.001736677978966005 0.002814660896164534
5410 -0.001822622997914451 -0.002338472285482447 0.002957127563615153
5411 -0.002338472284012055 -0.001822623000693591 0.002957127563032986
5412 -0.001666967248436114 -0.002128854214112233 0.002667845672711497
5413 -0.002128854213009063 -0.001666967250520681 0.002667845672274717
5414 -0.002232780206077198 -0.002232780207757851 0.002800032488927548
5415 -0.002049585154558167 -0.002049585155818841 0.002550024366695858
5416 -0.002094463296055006 -0.00209446329827482 0.003491101493607549
5417 -0.001985614520832907 -0.002557570463111909 0.003258564015534991
5418 -0.002558832046229733 -0.001984294883465269 0.00325837553631427
5419 -0.002432364403000242 -0.002431070052840175 0.00307029414757983
5420 -0.001407665624994511 -0.0006943680387595614 0.002200338666753581
5421 -0.001586558284205904 -0.001173260698414499 0.002538558965475089
5422 -0.001984563654492374 -0.0007641377992206994 0.002477236696251182
5423 -0.001393279142102928 -0.00103663034920797 0.002169279482737544
5424 -0.001742281827246056 -0.0006820688996110984 0.002138618348125591
5425 -0.001951899898249222 -0.001137724649784235 0.002427900238883814
5426 -0.001725949949124599 -0.001018862324893088 0.002113950119441907
5427 -0.001822996874984918 -0.0008831041162755114 0.0030010160002613
5428 -0.00197311656841224 -0.001446521396827018 0.003277117930950744
5429 -0.002469127308985812 -0.0009282755984396226 0.003154473392503385
5430 -0.001779837426309072 -0.001309891047620758 0.002907838448212917
5431 -0.002226845481739092 -0.000846206698830161 0.002815855044377284
5432 -0.002403799796498934 -0.001375449299566606 0.003055800477768186
5433 -0.002177849847374078 -0.001256586974675421 0.002741850358326001
5434 -0.002238328124975895 -0.00107184019379106 0.003801693333770207
5435 -0.00217470913283582 -0.001589210748773364 0.003660545135354457
5436 -0.002724596811294457 -0.001013378664717934 0.003508074769032234
5437 -0.00265041805718504 -0.00150392360960219 0.003394880260529869
5438 -0.001624332292166734 -0.0003943680387588128 0.002622026502947078
5439 -0.001412166146082865 -0.0003471840193797807 0.002211013251473539
5440 -0.001995242986326145 -0.0003820688996103497 0.002494090091716317
5441 -0.001747621493162798 -0.0003410344498055457 0.002147045045858125
5442 -0.002048664584335422 -0.0004887360775166986 0.003444053005895818
5443 -0.001836498438251078 -0.0004415520581377557 0.003033039754421448
5444 -0.002490485972653917 -0.0004641377992198113 0.003188180183434116
5445 -0.002242864479489827 -0.0004231033494150805 0.002841135137575012
5446 -0.002269542012280103 -0.0005378014775462211 0.003869897441793804
5447 -0.002760320897927838 -0.0005083269511822407 0.003563409875480294
5448 -0.0006943680384583851 -0.001407665624683972 0.002200338667019564
5449 -0.000764137798047198 -0.001984563654310379 0.002477236696646663
5450 -0.001173260697669267 -0.001586558284338966 0.002538558965741072
5451 -0.0006820688990240979 -0.001742281827155536 0.002138618348323331
5452 -0.001036630348834865 -0.001393279142170175 0.002169279482870536
5453 -0.001137724648502488 -0.001951899898526199 0.002427900239227253
5454 -0.00101886232425197 -0.001725949949263446 0.002113950119613626
5455 -0.0008831041153741841 -0.001822996874048676 0.003001016001058637
5456 -0.0009282755960932922 -0.002469127308618894 0.003154473393292571
5457 -0.001446521395338143 -0.001973116568675716 0.003277117931482099
5458 -0.0008462066970702452 -0.002226845481464637 0.002815855044969617
5459 -0.001309891046503705 -0.001779837426507341 0.002907838448611586
5460 -0.001375449297003872 -0.002403799797050671 0.003055800478453862
5461 -0.00125658697275318 -0.002177849847788435 0.002741850358840558
5462 -0.001071840192289933 -0.002238328123412547 0.003801693335097832
5463 -0.001014771101300176 -0.002723377894163278 0.003508618358710146
5464 -0.001589391521914105 -0.002173924259182888 0.003660928723493804
5465 -0.001505411566259914 -0.002648817235726741 0.003395470404932478
5466 -0.0007100205191117853 -0.0007100205187463929 0.002278605938650132
5467 -0.0008043885575701722 -0.001217686143428924 0.002678944605669695
5468 -0.00121768614410681 -0.0008043885575044569 0.002678944605403713
5469 -0.0007021942787850852 -0.001058843071715182 0.002239472302834848
5470 -0.001058843072053148 -0.000702194278752977 0.002239472302701856
5471 -0.001195473420888038 -0.001195473420921711 0.002608751785572393
5472 -0.001047736710444007 -0.001047736710461576 0.002204375892786195
5473 -0.0009300615573365348 -0.000930061556235949 0.003235817815950988
5474 -0.001008777115140547 -0.001535372286855701 0.003557889211339929
5475 -0.001535372288214643 -0.001008777115007003 0.003557889210808574
5476 -0.0009065828363553595 -0.001376529215142313 0.003118416908504812
5477 -0.001376529216160727 -0.0009065828362557302 0.003118416908106143
5478 -0.001490946841776393 -0.00149094684184136 0.003417503571145336
5479 -0.001343210131332216 -0.001343210131381536 0.003013127678358865
5480 -0.001150102595561591 -0.001150102593725096 0.004193029693253322
5481 -0.001115994097655254 -0.00170188905508387 0.004015728811441898
5482 -0.00170192775195142 -0.001115490739006024 0.004015850222978648
5483 -0.001652471082150249 -0.001651707574927812 0.003854933255201028
5484 -0.0008257030572400889 -0.0004100205187456441 0.002783544127077384
5485 -0.0007128515286195438 -0.0003550102593731964 0.002291772063538692
5486 -0.001225017674703411 -0.0004021942787522285 0.002702785315012231
5487 -0.001062508837351058 -0.0003510971393764884 0.002251392657506115
5488 -0.001051406114481682 -0.0005200410374903049 0.003767088254156612
5489 -0.0009385545858608857 -0.0004650307781179745 0.003275316190616998
5490 -0.001550035349408552 -0.0005043885575035017 0.003605570630026215
5491 -0.001387526512055982 -0.0004532914181278652 0.003154177972519222
5492 -0.001169506028384792 -0.0005775844791550899 0.004278261410056607
5493 -0.001727633079198882 -0.0005600043627554368 0.004093587978558185
5494 -0.0003943680384581362 -0.001624332290759105 0.002622026503848186
5495 -0.0003471840192291926 -0.001412166145380245 0.002211013251924092
5496 -0.000382068899023599 -0.001995242985687829 0.002494090092232369
5497 -0.0003410344495120457 -0.001747621492844411 0.002147045046116333
5498 -0.0004887360769160479 -0.002048664581515821 0.003444053007696206
5499 -0.000441552057687092 -0.001836498436137463 0.003033039755772195
5500 -0.0004641377980466462 -0.00249048597137371 0.003188180184463902
5501 -0.0004231033485351227 -0.002242864478530918 0.002841135138348285
5502 -0.0005379519260335388 -0.002269447900423663 0.003869931441112024
5503 -0.0005091078730997682 -0.002759715766159456 0.003563765599530001
5504 -0.0004100205191120359 -0.0008257030557917429 0.002783544127368324
5505 -0.0003550102595558926 -0.0007128515278966201 0.002291772063684161
5506 -0.0004021942787850861 -0.001225017673275424 0.002702785315608255
5507 -0.0003510971393925426 -0.001062508836638683 0.002251392657804126
5508 -0.0005200410382244989 -0.001051406111581488 0.003767088254737816
5509 -0.0004650307786682675 -0.0009385545836866154 0.00327531619105307
5510 -0.0005043885575702734 -0.001550035346548654 0.00360557063121701
5511 -0.0004532914181776797 -0.001387526509912038 0.003154177973412632
5512 -0.0005776260333904546 -0.001169473131640738 0.004278264742960666
5513 -0.0005603554499792467 -0.001727560530137902 0.004093570944690032
5514 -0.0004128515286200444 -0.0004128515278958714 0.002810907824563755
5515 -0.0003564257643098002 -0.0003564257639483067 0.002305453912281944
5516 -0.0005257030572408412 -0.0005257030557907439 0.00382181564912935
5517 -0.000469277292930443 -0.0004692772918433076 0.003316361736846145
5518 -0.0005875041445065681 -0.0005874669204258714 0.00436839140048776
5519 -0.0008200410389055872 0.0008200410381494974 0.002757211876936518
5520 -0.001040082077813375 0.001040082076301196 0.003714423753875581
5521 -0.0007887360781722808 0.001615331249922982 0.002600677333361513
5522 -0.0009774721563467394 0.002030662499848779 0.003401354666725326
5523 -0.001615331250802409 0.0007887360767562894 0.002600677333242587
5524 -0.002030662501607632 0.0009774721535147567 0.003401354666487474
5525 -0.001557785319985375 0.001557785318272014 0.00247644059712632
5526 -0.001915570639973527 0.001915570636546804 0.003152881194254784
5527 -0.0007100205194520431 0.0007100205190739982 0.002278605938468259
5528 -0.0008257030575808465 0.0004100205190747487 0.002783544126895511
5529 -0.0004100205194527936 0.0008257030572028016 0.002783544126895511
5530 -0.0007128515287896728 0.0003550102595369991 0.002291772063447756
5531 -0.0003550102597260216 0.0007128515286006505 0.002291772063447756
5532 -0.0004128515287904232 0.0004128515286014008 0.002810907824327349
5533 -0.0003564257643948647 0.0003564257643003536 0.002305453912163742
5534 -0.0009300615583594811 0.0009300615572253466 0.003235817815406049
5535 -0.001051406115163871 0.000520041038150598 0.003767088253793548
5536 -0.0005200410389066875 0.001051406114407781 0.003767088253793548
5537 -0.0009385545863723587 0.0004650307786126734 0.00327531619034453
5538 -0.0004650307791797405 0.0009385545858052915 0.00327531619034453
5539 -0.0005257030575819355 0.0005257030572038907 0.003821815648657216
5540 -0.0004692772931861794 0.0004692772929026458 0.003316361736491875
5541 -0.001150102597267561 0.001150102595377337 0.004193029692346536
5542 -0.001169506028791473 0.0005775844794107094 0.004278261409867324
5543 -0.0005776260338827743 0.001169473135657738 0.004278264741768484
5544 -0.0005875041446218832 0.0005874669223480786 0.004368391400098414
5545 -0.00069436803908539 0.00140766562496075 0.002200338666680756
5546 -0.0008043885585389339 0.001217686144036239 0.002678944605149015
5547 -0.0003943680390861404 0.001624332292133451 0.002622026502874253
5548 -0.0007021942792687166 0.001058843072017374 0.002239472302574507
5549 -0.000347184019542695 0.001412166146065985 0.002211013251437126
5550 -0.000402194279269467 0.001225017674668126 0.002702785314884882
5551 -0.0003510971396343583 0.001062508837333171 0.002251392657442442
5552 -0.0008831041172595101 0.00182299687488588 0.00300101600004342
5553 -0.001008777117080057 0.001535372288074987 0.003557889210300454
5554 -0.0004887360781733697 0.002048664584269667 0.003444053005750762
5555 -0.0009065828378094956 0.001376529216055614 0.003118416907724735
5556 -0.000441552058629755 0.001836498438201559 0.003033039754312507
5557 -0.0005043885585400286 0.001550035349338724 0.003605570629772154
5558 -0.0004532914189047478 0.001387526512003425 0.003154177972328518
5559 -0.001071840195434192 0.002238328124812223 0.003801693333408371
5560 -0.001115994100159578 0.001701889057235803 0.004015728809858416
5561 -0.0005379519277560869 0.002269447903887686 0.003869931438779918
5562 -0.000560355451113435 0.001727560535180916 0.004093570942363373
5563 -0.0007641377995466355 0.001984563654458661 0.002477236696177927
5564 -0.0006820688997725673 0.00174228182722896 0.002138618348088963
5565 -0.0003820688997733178 0.001995242986309289 0.00249409009167969
5566 -0.0003410344498863121 0.00174762149315425 0.002147045045839811
5567 -0.0009282755990954071 0.002469127308919633 0.003154473392357906
5568 -0.0008462066993210212 0.002226845481689147 0.002815855044267917
5569 -0.0004641377995477035 0.002490485972620828 0.003188180183361376
5570 -0.0004231033496605106 0.002242864479464855 0.002841135137520327
5571 -0.001014771104852947 0.002723377894421607 0.003508618357574654
5572 -0.0005091078748767602 0.002759715767502272 0.003563765598281616
5573 -0.001407665625400464 0.0006943680383773943 0.002200338666621293
5574 -0.001624332292573165 0.0003943680383781447 0.00262202650281479
5575 -0.001217686144853998 0.0008043885574528934 0.002678944605089552
5576 -0.001412166146285841 0.0003471840191886971 0.002211013251407395
5577 -0.001058843072426253 0.0007021942787256961 0.002239472302544776
5578 -0.001225017675077005 0.0004021942787264467 0.002702785314855151
5579 -0.001062508837537612 0.000351097139362848 0.002251392657427576
5580 -0.00182299687620502 0.0008831041151355231 0.00300101599986503
5581 -0.002048664585149094 0.0004887360767573784 0.003444053005631836
5582 -0.001535372289710503 0.001008777114907976 0.003557889210181527
5583 -0.001836498438861129 0.0004415520575677615 0.003033039754223313
5584 -0.001376529217282251 0.0009065828361804349 0.00311841690763554
5585 -0.001550035350156482 0.0005043885574539882 0.003605570629712691
5586 -0.001387526512616744 0.0004532914180902174 0.003154177972283922
5587 -0.00223832812701079 0.001071840191894213 0.003801693333111056
5588 -0.002269542014422343 0.0005378014782420528 0.003869897440508796
5589 -0.001701926135136466 0.001115502712269427 0.004015847627204946
5590 -0.001727632560418439 0.0005600104442496975 0.004093587377119947
5591 -0.001378892659991947 0.001378892659135266 0.00213822029856316
5592 -0.001586558285393892 0.001173260697514152 0.002538558965184453
5593 -0.001173260699078828 0.001586558284097498 0.002538558965243916
5594 -0.001393279142696205 0.00103663034875633 0.002169279482592226
5595 -0.001036630349538669 0.001393279142048008 0.002169279482621958
5596 -0.001195473421966413 0.001195473420775196 0.002608751785166734
5597 -0.001047736710982462 0.001047736710386852 0.002204375892583367
5598 -0.001736677979979451 0.001736677977409409 0.002814660895690552
5599 -0.001973116570790579 0.00144652139503078 0.003277117930371129
5600 -0.001446521398160133 0.001973116568197791 0.003277117930490055
5601 -0.001779837428092236 0.001309891046272466 0.002907838447777791
5602 -0.00130989104861948 0.001779837426147645 0.002907838447866986
5603 -0.001490946843935318 0.001490946841552884 0.003417503570335791
5604 -0.001343210132950865 0.00134321013116404 0.003013127677751263
5605 -0.002094463299968021 0.002094463295684617 0.00349110149281991
5606 -0.002174709136415251 0.00158921074614266 0.003660545134402103
5607 -0.001589391525514893 0.002173924258649919 0.003660928722232562
5608 -0.001652470059487804 0.001651713344494789 0.003854931251146012
5609 -0.001511311500683052 0.001919236141930151 0.002378563781357304
5610 -0.001355655750340785 0.001709618070964705 0.002089281890678652
5611 -0.001137724650114844 0.001951899898194406 0.002427900238767615
5612 -0.00101886232505653 0.001725949949096832 0.002113950119383807
5613 -0.001822623001368802 0.002338472283862576 0.002957127562716566
5614 -0.001666967251025927 0.002128854212896364 0.002667845672036935
5615 -0.001375449300232104 0.002403799796391104 0.003055800477537236
5616 -0.001256586975173473 0.002177849847292755 0.002741850358152426
5617 -0.001985614526068399 0.002557570461168562 0.003258564013852302
5618 -0.001505411571429627 0.002648817234772656 0.003395470403401086
5619 -0.001984563655026807 0.0007641377979657874 0.002477236696246896
5620 -0.001742281827513033 0.0006820688989821432 0.002138618348123448
5621 -0.001995242986593362 0.0003820688989828937 0.002494090091714174
5622 -0.001747621493296287 0.0003410344494911001 0.002147045045857053
5623 -0.002469127310055923 0.0009282755959337109 0.003154473392495844
5624 -0.002226845482541365 0.0008462066969497492 0.00281585504437137
5625 -0.002490485973188973 0.0004641377979668555 0.003188180183430344
5626 -0.002242864479890963 0.0004231033484748746 0.002841135137572053
5627 -0.00272459681257394 0.001013378661499543 0.003508074769013069
5628 -0.002760320899009178 0.0005083269504547683 0.003563409874866475
5629 -0.001919236143077659 0.001511311498880898 0.002378563781648131
5630 -0.001709618071538459 0.001355655749439709 0.002089281890824066
5631 -0.001951899899052233 0.001137724648423343 0.002427900238947513
5632 -0.001725949949525746 0.00101886232421078 0.002113950119473758
5633 -0.002338472286157592 0.001822622997764494 0.002957127563298221
5634 -0.002128854214617625 0.001666967248322696 0.002667845672473176
5635 -0.002403799798106757 0.001375449296849102 0.003055800477897032
5636 -0.002177849848579495 0.001256586972636223 0.002741850358422273
5637 -0.002558832048818597 0.001984294879690161 0.003258375536656139
5638 -0.002650418059555464 0.001503923605195024 0.00339488026071159
5639 -0.001866390104046038 0.001866390102999548 0.002300016244383164
5640 -0.001683195052022652 0.001683195051499407 0.002050008122191577
5641 -0.002232780208094263 0.002232780206001282 0.002800032488768146
5642 -0.00204958515607002 0.002049585154500283 0.002550024366575525
5643 -0.002432364406098671 0.002431070050404588 0.003070294147079969
5644 0.0007887360776739576 -0.001615331248552412 0.002600677334302577
5645 0.0009774721553484683 -0.002030662497102504 0.003401354668605056
5646 0.0008200410375634405 -0.0008200410368087679 0.002757211877662748
5647 0.001040082075126741 -0.001040082073615573 0.003714423755326695
5648 0.001557785319457151 -0.00155778531774581 0.002476440597757688
5649 0.001915570638914929 -0.001915570635489518 0.003152881195515408
5650 0.001615331249429731 -0.0007887360762596688 0.002600677334182532
5651 0.002030662498859704 -0.0009774721525174872 0.00340135466836619
5652 0.0006943680388367281 -0.001407665624276898 0.002200338667151288
5653 0.0007641377992978934 -0.001984563653774874 0.002477236696649956
5654 0.0003943680388369788 -0.001624332290352031 0.00262202650397991
5655 0.0006820688996484461 -0.001742281826887783 0.002138618348324978
5656 0.0003471840194183641 -0.001412166145176708 0.002211013251989954
5657 0.0003820688996489467 -0.001995242985420076 0.002494090092234016
5658 0.0003410344498242515 -0.001747621492710534 0.002147045046117156
5659 0.000883104116511213 -0.001822996872827458 0.003001016001453816
5660 0.0009282755985966834 -0.002469127307547886 0.003154473393299162
5661 0.0004887360776742342 -0.002048664580701676 0.00344405300795966
5662 0.0008462066989472885 -0.00222684548066138 0.002815855044974559
5663 0.0004415520582556065 -0.001836498435526854 0.003033039755969785
5664 0.0004641377992983416 -0.002490485970838206 0.003188180184467198
5665 0.0004231033494736441 -0.00224286447812929 0.002841135138350757
5666 0.001071840194185646 -0.002238328121377179 0.003801693335756455
5667 0.001014771104346237 -0.002723377892859288 0.003508618358794264
5668 0.0005379519272607218 -0.00226944789906242 0.003869931441680952
5669 0.000509107874675551 -0.002759715765401739 0.003563765599774771
5670 0.0007100205187819692 -0.0007100205184051326 0.002278605938831374
5671 0.0008043885576186991 -0.00121768614268059 0.002678944605982662
5672 0.0004100205187817203 -0.0008257030554504828 0.002783544127549566
5673 0.0007021942788093488 -0.001058843071341015 0.002239472302991331
5674 0.0003550102593909846 -0.0007128515277259901 0.002291772063774782
5675 0.0004021942788093496 -0.001225017672901257 0.002702785315764738
5676 0.0003510971394046744 -0.001062508836451599 0.002251392657882369
5677 0.0009300615563450906 -0.0009300615552121704 0.003235817816494721
5678 0.001008777115237604 -0.001535372285359039 0.003557889211965875
5679 0.0005200410375633703 -0.001051406110898969 0.003767088255100307
5680 0.0009065828364281517 -0.001376529214019814 0.003118416908974269
5681 0.0004650307781725453 -0.000938554583174726 0.003275316191324937
5682 0.0005043885576188022 -0.001550035345800323 0.003605570631529983
5683 0.0004532914182140759 -0.00138752650935079 0.003154177973647362
5684 0.001150102593908515 -0.001150102592018796 0.004193029694159535
5685 0.001115994097493714 -0.001701889053671331 0.004015728812089718
5686 0.0005776260323555129 -0.001169473131057123 0.004278264743300483
5687 0.0005603554499087265 -0.001727560529386832 0.004093570945015993
5688 0.0008257030558272768 -0.000410020518404384 0.002783544127548948
5689 0.0007128515279141372 -0.0003550102592025663 0.002291772063774474
5690 0.0004128515279136384 -0.0004128515277252414 0.002810907824799538
5691 0.0003564257639570653 -0.0003564257638629917 0.002305453912399835
5692 0.001051406111654062 -0.0005200410368077865 0.003767088255099747
5693 0.0009385545837406694 -0.0004650307776060852 0.003275316191324348
5694 0.000525703055827031 -0.0005257030554494846 0.003821815649600917
5695 0.0004692772918703345 -0.000469277291587363 0.003316361737199819
5696 0.001169506025115831 -0.0005775844786232091 0.004278261411052197
5697 0.0005875041427298203 -0.0005874669203506767 0.004368391400852273
5698 0.001378892659728312 -0.001378892658873597 0.002138220298878844
5699 0.001511311500419739 -0.001919236141668411 0.00237856378167435
5700 0.001173260698565554 -0.001586558283149111 0.002538558966030132
5701 0.001355655750209368 -0.001709618070834552 0.002089281890837175
5702 0.00103663034928252 -0.001393279141575248 0.002169279483015066
5703 0.001137724649858816 -0.001951899897721642 0.002427900239162153
5704 0.001018862324928761 -0.001725949948861168 0.002113950119581076
5705 0.00173667797918604 -0.001736677976617664 0.002814660896636548
5706 0.001822623000840289 -0.002338472283335232 0.002957127563348178
5707 0.001446521397131699 -0.001973116566296011 0.003277117932060232
5708 0.001666967250630014 -0.002128854212501822 0.002667845672511264
5709 0.001309891047848626 -0.001779837424722561 0.002907838449045182
5710 0.001375449299718486 -0.002403799795441559 0.00305580047832367
5711 0.001256586974788651 -0.0021778498465816 0.002741850358742912
5712 0.00209446329864366 -0.002094463294360913 0.003491101494394232
5713 0.001985614524879537 -0.002557570460509649 0.00325856401503442
5714 0.001589391524275217 -0.002173924256254866 0.003660928724176238
5715 0.001505411570600503 -0.002648817233606431 0.003395470404580592
5716 0.00140766562471508 -0.0006943680381305831 0.002200338667091266
5717 0.001586558284443441 -0.001173260697002739 0.00253855896597011
5718 0.001217686143496586 -0.0008043885565342183 0.00267894460592264
5719 0.001393279142221696 -0.00103663034850209 0.002169279482985054
5720 0.001058843071748525 -0.0007021942782678578 0.002239472302961319
5721 0.00119547342103107 -0.001195473419841665 0.002608751785976386
5722 0.001047736710515523 -0.001047736709921553 0.002204375892988192
5723 0.001822996874144717 -0.000883104114388578 0.003001016001274361
5724 0.001973116568887317 -0.001446521394003503 0.003277117931940799
5725 0.001535372286993222 -0.00100877711306653 0.003557889211846443
5726 0.001779837426665379 -0.001309891045503121 0.002907838448955455
5727 0.001376529215244904 -0.0009065828348003742 0.003118416908884542
5728 0.001490946842062461 -0.001490946839681271 0.003417503571953337
5729 0.001343210131546766 -0.001343210129761468 0.003013127678964863
5730 0.002238328123574918 -0.001071840190646168 0.003801693335458634
5731 0.002174709133745727 -0.001589210744749852 0.003660545136572918
5732 0.001701926537778864 -0.001115499687624009 0.004015848285375765
5733 0.001652470314524056 -0.001651711885640061 0.003854931759394523
5734 0.001624332290789639 -0.0003943680381298344 0.002622026503918775
5735 0.001412166145395273 -0.0003471840190652916 0.002211013251959387
5736 0.001225017673308458 -0.0004021942782671091 0.002702785315733861
5737 0.001062508836654956 -0.0003510971391339289 0.00225139265786693
5738 0.002048664581579324 -0.0004887360762587436 0.003444053007839219
5739 0.001836498436184481 -0.000441552057194289 0.003033039755878997
5740 0.001550035346616693 -0.000504388556533265 0.003605570631469483
5741 0.001387526509962575 -0.0004532914174001869 0.003154177973601673
5742 0.00226954201060467 -0.0005378014782811758 0.003869897442751574
5743 0.001727632685698358 -0.0005600089088989453 0.004093587531408951
5744 0.001919236142814343 -0.001511311498619517 0.002378563781964611
5745 0.00170961807140704 -0.001355655749310451 0.002089281890982305
5746 0.00186639010391533 -0.001866390102870089 0.002300016244542636
5747 0.001683195051957423 -0.001683195051435392 0.002050008122271318
5748 0.002338472285629079 -0.001822622997237084 0.002957127563929319
5749 0.00212885421422171 -0.001666967247928301 0.002667845672946964
5750 0.002232780207830944 -0.002232780205738771 0.002800032489084888
5751 0.002049585155873237 -0.002049585154304531 0.002550024366813862
5752 0.002558832048212955 -0.001984294879077429 0.003258375537448643
5753 0.002432364405519061 -0.002431070050140377 0.003070294147695254
5754 0.001984563654340897 -0.0007641377977188686 0.002477236696717298
5755 0.001742281827170556 -0.0006820688988601832 0.002138618348358648
5756 0.00195189989857762 -0.001137724648169193 0.002427900239340954
5757 0.001725949949288797 -0.001018862324085567 0.002113950119670477
5758 0.002469127308682383 -0.000928275595435963 0.003154473393435627
5759 0.00222684548151164 -0.0008462066965774158 0.002815855045076462
5760 0.002403799797155731 -0.001375449296336523 0.003055800478682472
5761 0.002177849847866676 -0.001256586972252858 0.002741850359011713
5762 0.002724596810957943 -0.001013378660929636 0.003508074770291368
5763 0.002650418058311264 -0.001503923604563499 0.003394880261864748
5764 0.001995242985701813 -0.0003820688988594343 0.002494090092266381
5765 0.001747621492851101 -0.0003410344494300881 0.002147045046133157
5766 0.0024904859714043 -0.0004641377977179815 0.003188180184534248
5767 0.002242864478552853 -0.0004231033482887079 0.00284113513840011
5768 0.002760320897327471 -0.0005083269504972896 0.003563409876002302
5769 0.001615331248485013 0.0007887360783303159 0.002600677334155808
5770 0.002030662496969968 0.0009774721566628071 0.003401354668313913
5771 0.001557785317596089 0.001557785320133174 0.002476440597440992
5772 0.001915570635192084 0.00191557064026912 0.003152881194884124
5773 0.0008200410367341089 0.0008200410389791577 0.002757211877299001
5774 0.001040082073467419 0.001040082077960512 0.003714423754600542
5775 0.0007887360761006485 0.001615331250867688 0.00260067733338711
5776 0.0009774721522004754 0.002030662501738187 0.003401354666776512
5777 0.001407665624243199 0.0006943680391644075 0.002200338667077904
5778 0.00162433229031728 0.000394368039165158 0.002622026503905413
5779 0.001984563653739677 0.000764137799625653 0.002477236696575074
5780 0.001412166145159333 0.0003471840195822038 0.002211013251952706
5781 0.001742281826870185 0.0006820688998120761 0.002138618348287537
5782 0.001995242985401204 0.0003820688998128265 0.00249409009219527
5783 0.001747621492700916 0.0003410344499060664 0.002147045046097602
5784 0.00182299687272749 0.0008831041174965615 0.00300101600123486
5785 0.002048664580634455 0.0004887360783314036 0.00344405300781308
5786 0.002469127307480227 0.0009282755992534409 0.0031544733931522
5787 0.001836498435475868 0.0004415520587482808 0.003033039755859247
5788 0.002226845480609952 0.0008462066994395469 0.002815855044863637
5789 0.002490485970803222 0.0004641377996267205 0.003188180184392535
5790 0.002242864478102008 0.0004231033497197736 0.002841135138293697
5791 0.002238328121212994 0.001071840195829277 0.003801693335394104
5792 0.002269542006905856 0.000537801477990686 0.003869897444790236
5793 0.002724596809498128 0.001013378665732788 0.003508074769989009
5794 0.002760320895511478 0.0005083269514050794 0.003563409877103881
5795 0.001378892658798737 0.001378892660065846 0.002138220298720496
5796 0.001586558283040551 0.001173260699231745 0.0025385589657984
5797 0.001919236141592188 0.001511311500756951 0.00237856378151464
5798 0.001393279141520968 0.001036630349615127 0.002169279482899199
5799 0.00170961807079644 0.001355655750377735 0.00208928189075732
5800 0.001951899897665932 0.001137724650191302 0.002427900239044857
5801 0.001725949948833313 0.001018862325094759 0.002113950119522429
5802 0.001736677976394086 0.001736677980201147 0.002814660896162558
5803 0.001973116566081026 0.001446521398465963 0.003277117931599018
5804 0.002338472283185216 0.001822623001516598 0.002957127563031237
5805 0.001779837424560788 0.001309891048848854 0.002907838448698709
5806 0.002128854212388702 0.001666967251136774 0.002667845672272938
5807 0.002403799795332722 0.001375449300385019 0.003055800478091718
5808 0.002177849846499328 0.00125658697528816 0.002741850358568288
5809 0.0020944632939905 0.002094463300337513 0.003491101493606585
5810 0.002174709130598808 0.001589210750889496 0.003660545135752851
5811 0.002558832045217024 0.00198429488449685 0.00325837553640747
5812 0.002650418056087869 0.001503923610636263 0.003394880260817304
5813 0.001511311498543891 0.001919236143151558 0.002378563781805467
5814 0.001355655749272638 0.001709618071575409 0.002089281890902733
5815 0.001866390102831044 0.001866390104082988 0.002300016244461832
5816 0.001683195051415865 0.001683195052041127 0.002050008122230911
5817 0.001822622997087611 0.002338472286305389 0.002957127563612891
5818 0.001666967247815751 0.002128854214728473 0.002667845672709179
5819 0.002232780205662841 0.002232780208168162 0.002800032488925481
5820 0.002049585154246812 0.002049585156125444 0.002550024366693524
5821 0.001985614519431294 0.002557570463567122 0.003258564016096157
5822 0.002432364402309523 0.002431070053084768 0.003070294147929393
5823 0.0007100205183678031 0.0007100205194888284 0.0022786059386495
5824 0.000825703055412611 0.0004100205194895788 0.002783544127367075
5825 0.001217686142609561 0.0008043885586547368 0.002678944605727404
5826 0.0007128515277070543 0.0003550102597444142 0.002291772063683537
5827 0.001058843071305501 0.0007021942793266179 0.002239472302863702
5828 0.001225017672864946 0.0004021942793273684 0.002702785315636243
5829 0.001062508836433444 0.0003510971396633089 0.002251392657818122
5830 0.0009300615551007638 0.000930061558469835 0.003235817815949771
5831 0.001051406110824401 0.0005200410389802561 0.003767088254736671
5832 0.001535372285218693 0.00100877711731166 0.003557889211457227
5833 0.000938554583118506 0.0004650307792349175 0.003275316191051873
5834 0.001376529213914127 0.0009065828379831982 0.003118416908592315
5835 0.001550035345729429 0.0005043885586558299 0.003605570631274875
5836 0.001387526509297187 0.000453291418991599 0.00315417797345556
5837 0.001150102591834366 0.001150102597451483 0.004193029693252738
5838 0.001169506023883389 0.0005775844811819252 0.004278261410895202
5839 0.001701927747768197 0.001115490741441636 0.004015850224073884
5840 0.001727633073030705 0.0005600043637516999 0.004093587980926093
5841 0.000694368038051073 0.001407665625433104 0.002200338666693555
5842 0.0008043885564173787 0.001217686144923423 0.002678944605343055
5843 0.001173260696848369 0.001586558285500431 0.002538558965414051
5844 0.0007021942782094381 0.001058843072460966 0.002239472302671527
5845 0.001036630348424905 0.001393279142749475 0.002169279482707025
5846 0.001195473419728965 0.001195473422077584 0.002608751785570727
5847 0.001047736709865203 0.001047736711038046 0.002204375892785363
5848 0.0008831041141505619 0.001822996876302937 0.003001016000081811
5849 0.001008777112833947 0.00153537228984935 0.003557889210688527
5850 0.00144652139369628 0.001973116571003653 0.003277117930830318
5851 0.000906582834625663 0.001376529217386386 0.003118416908015792
5852 0.001309891045272324 0.001779837428252042 0.002907838448122184
5853 0.001490946839457487 0.001490946844157656 0.003417503571143772
5854 0.001343210129593226 0.00134321013311762 0.003013127678357251
5855 0.001071840190250612 0.002238328127173984 0.003801693333472356
5856 0.001115994094913542 0.001701889059096275 0.004015728810499873
5857 0.001589391520056091 0.002173924262266133 0.003660928722485231
5858 0.001652471079581045 0.001651707577892908 0.003854933255033029
5859 0.0007641377976389664 0.001984563655059447 0.002477236696319158
5860 0.0006820688988202319 0.001742281827529353 0.002138618348159579
5861 0.001137724648091429 0.001951899899105502 0.002427900239062312
5862 0.001018862324046685 0.001725949949552381 0.002113950119531157
5863 0.0009282755952770699 0.0024691273101212 0.003154473392640363
5864 0.0008462066964580182 0.002226845482590323 0.00281585504447976
5865 0.001375449296182341 0.002403799798213294 0.003055800478126627
5866 0.001256586972136885 0.002177849848659399 0.002741850358594469
5867 0.001014771100100468 0.002723377896118925 0.003508618357681237
5868 0.001505411565028788 0.002648817237026816 0.003395470404571176
5869 0.0004100205183670544 0.0008257030576176317 0.002783544127076753
5870 0.0003550102591839016 0.0007128515288080653 0.002291772063538376
5871 0.0004128515277063055 0.0004128515288088158 0.002810907824563131
5872 0.0003564257638535238 0.0003564257644040613 0.002305453912281633
5873 0.0005200410367337093 0.00105140611523744 0.003767088254156028
5874 0.0004650307775503819 0.0009385545864275356 0.00327531619061639
5875 0.0005257030554122005 0.0005257030576187198 0.003821815649128778
5876 0.000469277291559253 0.0004692772932137679 0.003316361736845546
5877 0.0005776260316258599 0.001169473135741345 0.004278264742193996
5878 0.0005875041422286882 0.0005874669227217205 0.004368391400485078
5879 0.0003943680380503243 0.001624332292605804 0.002622026502887052
5880 0.0003471840190255365 0.001412166146302162 0.002211013251443526
5881 0.0004021942782086894 0.001225017675111718 0.002702785314981902
5882 0.000351097139104719 0.001062508837554968 0.00225139265749095
5883 0.0004887360761002377 0.002048664585214371 0.003444053005776355
5884 0.000441552057075281 0.001836498438910087 0.003033039754331703
5885 0.0005043885564169735 0.001550035350225905 0.003605570629966192
5886 0.0004532914173128316 0.001387526512668812 0.003154177972474047
5887 0.0005379519251117167 0.00226944790511307 0.003869931438575951
5888 0.0005603554486984495 0.001727560535678773 0.004093570942619897
5889 0.0003820688988194832 0.001995242986609681 0.002494090091750305
5890 0.0003410344494101126 0.001747621493304446 0.002147045045875119
5891 0.000464137797638535 0.002490485973221612 0.003188180183502604
5892 0.000423103348229009 0.002242864479915441 0.00284113513762625
5893 0.0005091078725385284 0.002759715768322688 0.003563765598147002
5894 -0.001915570638619007 -0.001915570636843551 -0.003152881194886572
5895 -0.001557785319309091 -0.001557785318421363 -0.002476440597443553
5896 -0.000977472155032249 -0.002030662499981477 -0.003401354667017941
5897 -0.0007887360775158058 -0.001615331249991182 -0.00260067733350972
5898 -0.00203066249873001 -0.0009774721538316153 -0.003401354668079635
5899 -0.001615331249365449 -0.0007887360769154878 -0.002600677334040568
5900 -0.001040082074980078 -0.001040082076449812 -0.003714423754605332
5901 -0.0008200410374904162 -0.0008200410382252825 -0.002757211877303795
5902 -0.002094463298274004 -0.002094463296054686 -0.00349110149360781
5903 -0.002338472285480845 -0.001822622997912898 -0.002957127563614628
5904 -0.001822623000691572 -0.002338472284011463 -0.002957127563032974
5905 -0.002558832048009886 -0.001984294879899889 -0.003258375537099858
5906 -0.001985614524470412 -0.002557570461122966 -0.003258564014864216
5907 -0.002232780207755905 -0.002232780206075741 -0.002800032488926607
5908 -0.002432364405319438 -0.002431070050445496 -0.003070294147636954
5909 -0.001736677978964049 -0.001736677977632457 -0.002814660896165063
5910 -0.001919236142740084 -0.001511311498955607 -0.002378563781807315
5911 -0.001511311500344944 -0.001919236142005392 -0.002378563781516487
5912 -0.002128854214110465 -0.001666967248434253 -0.002667845672710972
5913 -0.001666967250518258 -0.002128854213008428 -0.002667845672274731
5914 -0.001866390103877267 -0.001866390103037185 -0.002300016244463039
5915 -0.002049585155816455 -0.002049585154556333 -0.002550024366694693
5916 -0.001378892659654282 -0.001378892659210419 -0.002138220298721777
5917 -0.00170961807136991 -0.001355655749477302 -0.002089281890903657
5918 -0.00135565575017197 -0.001709618071002564 -0.002089281890758243
5919 -0.001683195051938386 -0.001683195051518346 -0.002050008122231514
5920 -0.001071840193790486 -0.002238328124976489 -0.003801693333771459
5921 -0.001446521396825628 -0.001973116568412514 -0.003277117930952257
5922 -0.0009282755984381866 -0.002469127308986949 -0.003154473392505181
5923 -0.001589391523898029 -0.002173924258988194 -0.003660928722734786
5924 -0.001014771103385045 -0.002723377894238062 -0.003508618358140534
5925 -0.001375449299564879 -0.002403799796499206 -0.003055800477769077
5926 -0.00150541156992359 -0.002648817234660054 -0.00339547040415945
5927 -0.0008831041162740274 -0.001822996874986329 -0.003001016000263831
5928 -0.001173260698412448 -0.001586558284206273 -0.002538558965476637
5929 -0.0007641377992184254 -0.001984563654493829 -0.002477236696253098
5930 -0.001309891047619038 -0.001779837426309393 -0.002907838448214447
5931 -0.0008462066988283059 -0.002226845481740389 -0.002815855044379139
5932 -0.001137724649781685 -0.001951899898249611 -0.002427900238884792
5933 -0.001256586974673281 -0.002177849847374408 -0.002741850358326936
5934 -0.0006943680387576523 -0.001407665624995806 -0.00220033866675486
5935 -0.001036630349205967 -0.001393279142103113 -0.002169279482738319
5936 -0.0006820688996087122 -0.001742281827247022 -0.002138618348126549
5937 -0.001018862324890195 -0.001725949949124794 -0.002113950119442396
5938 -0.0004887360775161245 -0.002048664584337523 -0.003444053005899254
5939 -0.0005379519269592411 -0.002269447903899363 -0.003869931438931061
5940 -0.0004641377992190933 -0.002490485972655917 -0.003188180183436783
5941 -0.0005091078741473258 -0.002759715767360214 -0.003563765598521238
5942 -0.0003943680387579029 -0.001624332292169631 -0.002622026502950585
5943 -0.0004415520581370137 -0.001836498438253577 -0.00303303975442492
5944 -0.0003820688996092127 -0.001995242986328661 -0.002494090091719138
5945 -0.0004231033494141529 -0.002242864479492439 -0.002841135137578111
5946 -0.0003471840193788261 -0.001412166146085269 -0.002211013251475293
5947 -0.0003410344498043845 -0.001747621493164708 -0.002147045045859718
5948 -0.002238328123412156 -0.001071840192289693 -0.003801693335098576
5949 -0.002469127308618078 -0.0009282755960921651 -0.003154473393292891
5950 -0.001973116568674508 -0.001446521395337583 -0.003277117931483104
5951 -0.002724596810868635 -0.001013378661722225 -0.003508074770131981
5952 -0.002174709133602875 -0.001589210746698342 -0.003660545135816685
5953 -0.002403799797049462 -0.001375449297002531 -0.00305580047845376
5954 -0.002650418058220433 -0.001503923605500623 -0.003394880261515534
5955 -0.001822996874047729 -0.0008831041153735515 -0.003001016001060101
5956 -0.001984563654309394 -0.0007641377980454142 -0.002477236696646954
5957 -0.00158655828433727 -0.001173260697668426 -0.002538558965742061
5958 -0.002226845481463736 -0.0008462066970687897 -0.002815855044969922
5959 -0.001779837426505889 -0.001309891046503004 -0.002907838448612582
5960 -0.001951899898524739 -0.001137724648500511 -0.002427900239227134
5961 -0.002177849847787101 -0.001256586972751521 -0.002741850358840448
5962 -0.001407665624682939 -0.0006943680384574931 -0.002200338667020284
5963 -0.001742281827154805 -0.0006820688990222065 -0.002138618348323477
5964 -0.001393279142168611 -0.001036630348833956 -0.00216927948287103
5965 -0.001725949949262358 -0.001018862324249608 -0.002113950119613567
5966 -0.00115010259372483 -0.001150102595561997 -0.004193029693255133
5967 -0.001535372286855044 -0.001008777115140714 -0.003557889211342484
5968 -0.001008777115006163 -0.001535372288215644 -0.003557889210811637
5969 -0.001701926537522886 -0.001115499691429335 -0.004015848284445572
5970 -0.00111599409748052 -0.001701889056550677 -0.004015728810878531
5971 -0.001490946841840336 -0.001490946841776614 -0.00341750357114737
5972 -0.001652470314405692 -0.001651711888698629 -0.003854931758145512
5973 -0.0009300615562352469 -0.000930061557337547 -0.003235817815954564
5974 -0.001217686143427932 -0.0008043885575703851 -0.002678944605672182
5975 -0.000804388557503111 -0.001217686144108232 -0.002678944605406758
5976 -0.001376529215141488 -0.0009065828363555492 -0.003118416908507332
5977 -0.0009065828362546371 -0.001376529216161938 -0.003118416908109197
5978 -0.00119547342092019 -0.001195473420888329 -0.002608751785574409
5979 -0.001343210131380263 -0.001343210131332471 -0.00301312767836089
5980 -0.0007100205187454571 -0.0007100205191128903 -0.002278605938651897
5981 -0.001058843071714198 -0.0007021942787851917 -0.002239472302836091
5982 -0.0007021942787515547 -0.001058843072054348 -0.002239472302703379
5983 -0.001047736710460082 -0.001047736710444153 -0.002204375892787205
5984 -0.0005200410374900388 -0.001051406114483142 -0.003767088254161177
5985 -0.0005776260321267095 -0.001169473134730894 -0.004278264742350549
5986 -0.0005043885575030816 -0.001550035349410333 -0.003605570630030216
5987 -0.00056035544979949 -0.001727560534299767 -0.004093570942980697
5988 -0.0004100205187452081 -0.0008257030572422946 -0.00278354412708185
5989 -0.0004650307781176235 -0.0009385545858627184 -0.003275316190621514
5990 -0.0004021942787515555 -0.001225017674705963 -0.002702785315016217
5991 -0.0004532914181273186 -0.001387526512058148 -0.003154177972523217
5992 -0.0003550102593727285 -0.000712851528621646 -0.002291772063540925
5993 -0.0003510971393757773 -0.001062508837353707 -0.002251392657508109
5994 -0.002048664581515505 -0.0004887360769158076 -0.003444053007698126
5995 -0.002269542008192909 -0.0005378014765502882 -0.003869897444342076
5996 -0.00249048597137334 -0.0004641377980460826 -0.00318818018446465
5997 -0.002760320896227192 -0.0005083269496353878 -0.00356340987694572
5998 -0.001624332290758622 -0.0003943680384577439 -0.002622026503850022
5999 -0.001836498436137064 -0.0004415520576867758 -0.003033039755774074
6000 -0.001995242985687373 -0.0003820688990227071 -0.002494090092233072
6001 -0.002242864478530506 -0.0004231033485343947 -0.002841135138349011
6002 -0.001412166145379765 -0.0003471840192287465 -0.002211013251925011
6003 -0.001747621492844063 -0.0003410344495111316 -0.002147045046116685
6004 -0.001051406111581284 -0.0005200410382249058 -0.003767088254741821
6005 -0.001169506025165683 -0.0005775844804810162 -0.004278261410697647
6006 -0.001550035346548395 -0.0005043885575703568 -0.003605570631219973
6007 -0.001727632684433536 -0.000560008909562074 -0.004093587531776535
6008 -0.0008257030557913659 -0.0004100205191126413 -0.002783544127372172
6009 -0.0009385545836863248 -0.0004650307786687735 -0.003275316191056996
6010 -0.001225017673274994 -0.0004021942787851926 -0.002702785315611097
6011 -0.001387526509911695 -0.0004532914181777745 -0.003154177973415535
6012 -0.0007128515278961819 -0.0003550102595564451 -0.002291772063686086
6013 -0.001062508836638224 -0.0003510971393925959 -0.002251392657805548
6014 -0.0005257030557906419 -0.0005257030572415711 -0.003821815649134247
6015 -0.0005875041426513329 -0.0005874669223421166 -0.00436839140048185
6016 -0.0004128515278956829 -0.0004128515286211473 -0.00281090782456847
6017 -0.0004692772918431624 -0.0004692772929313592 -0.00331636173685141
6018 -0.0003564257639480876 -0.0003564257643108197 -0.002305453912284235
6019 -0.002030662497102606 0.0009774721553488432 -0.003401354668606737
6020 -0.001615331248552509 0.0007887360776746629 -0.002600677334304173
6021 -0.001040082073615657 0.001040082075126491 -0.003714423755329851
6022 -0.0008200410368088467 0.0008200410375628532 -0.002757211877665737
6023 -0.00191557063548957 0.001915570638915298 -0.003152881195516303
6024 -0.001557785317745857 0.001557785319457836 -0.002476440597758537
6025 -0.0009774721525175286 0.002030662498859488 -0.003401354668367875
6026 -0.000788736076259708 0.001615331249429188 -0.002600677334184128
6027 -0.002238328121377229 0.001071840194185833 -0.003801693335757296
6028 -0.002469127307547937 0.0009282755985973707 -0.003154473393300003
6029 -0.002048664580701803 0.0004887360776744216 -0.003444053007961677
6030 -0.002724596809589138 0.001013378664940264 -0.00350807477015093
6031 -0.002269542008963093 0.0005378014782816728 -0.00386989744360676
6032 -0.00249048597083827 0.0004641377992986853 -0.003188180184468206
6033 -0.002760320896462058 0.0005083269515531736 -0.00356340987637981
6034 -0.001822996872827557 0.0008831041165117531 -0.003001016001455455
6035 -0.001984563653774922 0.0007641377992992455 -0.002477236696650754
6036 -0.001624332290352153 0.0003943680388373314 -0.002622026503981825
6037 -0.00222684548066143 0.000846206698948308 -0.002815855044975378
6038 -0.001836498435526978 0.0004415520582558765 -0.003033039755971751
6039 -0.001995242985420136 0.0003820688996496228 -0.002494090092234973
6040 -0.002242864478129352 0.0004231033494741539 -0.002841135138351738
6041 -0.001407665624276947 0.0006943680388375804 -0.002200338667152087
6042 -0.001742281826887807 0.0006820688996501214 -0.002138618348325377
6043 -0.001412166145176769 0.0003471840194187902 -0.002211013251990912
6044 -0.001747621492710565 0.0003410344498250573 -0.002147045046117635
6045 -0.001150102592018838 0.00115010259390839 -0.004193029694161113
6046 -0.001535372285359131 0.001008777115237667 -0.003557889211968294
6047 -0.001051406110899073 0.0005200410375632454 -0.00376708825510408
6048 -0.001701927748180792 0.001115490739706097 -0.004015850224377259
6049 -0.001169506023775835 0.0005775844793284115 -0.004278261411269699
6050 -0.001550035345800438 0.0005043885576188335 -0.003605570631532879
6051 -0.001727633074204123 0.0005600043634348426 -0.004093587980554808
6052 -0.0009300615552122516 0.000930061556344672 -0.003235817816497794
6053 -0.001217686142680678 0.0008043885576187581 -0.002678944605984955
6054 -0.0008257030554505811 0.0004100205187814266 -0.002783544127553142
6055 -0.001376529214019905 0.0009065828364282125 -0.003118416908976625
6056 -0.0009385545831748271 0.000465030778172336 -0.003275316191328611
6057 -0.001225017672901367 0.000402194278809379 -0.002702785315767484
6058 -0.001387526509350903 0.0004532914182141061 -0.003154177973650181
6059 -0.0007100205184051722 0.000710020518781176 -0.002278605938832869
6060 -0.001058843071341059 0.0007021942788093781 -0.002239472302992478
6061 -0.0007128515277260393 0.000355010259390588 -0.002291772063776571
6062 -0.001062508836451654 0.0003510971394046892 -0.002251392657883742
6063 -0.0005200410368078283 0.0010514061116535 -0.00376708825510352
6064 -0.0005776260312825441 0.0011694731315908 -0.004278264743352244
6065 -0.0005257030554495366 0.0005257030558267499 -0.003821815649605419
6066 -0.0005875041420244983 0.0005874669205368765 -0.00436839140092273
6067 -0.0004100205184044234 0.0008257030558260426 -0.002783544127552524
6068 -0.0004650307776061258 0.0009385545837397712 -0.003275316191328021
6069 -0.0004128515277252905 0.0004128515279130213 -0.002810907824803806
6070 -0.0004692772915874136 0.0004692772918698855 -0.003316361737204665
6071 -0.0003550102592025861 0.0007128515279125208 -0.002291772063776262
6072 -0.0003564257638630162 0.0003564257639562889 -0.002305453912401904
6073 -0.002094463294360939 0.002094463298643844 -0.003491101494394679
6074 -0.002338472283335258 0.001822623000840951 -0.002957127563348625
6075 -0.001973116566296088 0.001446521397132071 -0.00327711793206152
6076 -0.002558832045420996 0.001984294883674474 -0.003258375536757604
6077 -0.002174709130074118 0.001589210749318896 -0.003660545136742611
6078 -0.002403799795441598 0.001375449299719161 -0.003055800478324314
6079 -0.002650418055870506 0.001503923609901943 -0.003394880261319958
6080 -0.001736677976617714 0.001736677979186567 -0.00281466089663742
6081 -0.001919236141668435 0.001511311500421037 -0.002378563781674775
6082 -0.001586558283149183 0.00117326069856625 -0.002538558966031355
6083 -0.002128854212501847 0.001666967250630994 -0.002667845672511699
6084 -0.001779837424722635 0.00130989104784916 -0.002907838449046437
6085 -0.001951899897721679 0.001137724649860142 -0.002427900239162764
6086 -0.002177849846581639 0.001256586974789651 -0.002741850358743539
6087 -0.001378892658873621 0.001378892659729133 -0.002138220298879268
6088 -0.001709618070834563 0.001355655750210972 -0.002089281890837387
6089 -0.001393279141575284 0.001036630349283357 -0.002169279483015677
6090 -0.001725949948861185 0.001018862324930797 -0.002113950119581382
6091 -0.001071840190646189 0.00223832812357481 -0.003801693335459476
6092 -0.001446521394003549 0.001973116568887393 -0.003277117931942089
6093 -0.001008777113066593 0.00153537228699299 -0.003557889211848863
6094 -0.001589391520384403 0.002173924259538163 -0.003660928723946695
6095 -0.001115994094955277 0.00170188905528959 -0.004015728812093828
6096 -0.00149094683968134 0.00149094684206253 -0.003417503571955191
6097 -0.00165247107938971 0.001651707575557261 -0.003854933256110797
6098 -0.0008831041143886184 0.001822996874144338 -0.003001016001276002
6099 -0.001173260697002783 0.001586558284443512 -0.002538558965971333
6100 -0.0008043885565342774 0.001217686143496021 -0.002678944605924933
6101 -0.001309891045503166 0.001779837426665453 -0.002907838448956711
6102 -0.0009065828348004349 0.001376529215244505 -0.003118416908886898
6103 -0.00119547341984173 0.001195473421031135 -0.002608751785978144
6104 -0.001343210129761535 0.001343210131546832 -0.003013127678966668
6105 -0.0006943680381306027 0.001407665624714331 -0.002200338667092064
6106 -0.001036630348502112 0.001393279142221732 -0.002169279482985666
6107 -0.0007021942782678874 0.001058843071747754 -0.002239472302962466
6108 -0.001047736709921586 0.001047736710515555 -0.002204375892989072
6109 -0.0004887360762587643 0.002048664581578815 -0.003444053007841239
6110 -0.0005379519255717665 0.002269447900123506 -0.003869931441394993
6111 -0.0005043885565332964 0.001550035346616157 -0.003605570631472379
6112 -0.0005603554486282108 0.001727560529983525 -0.004093570945007942
6113 -0.000394368038129854 0.001624332290788485 -0.002622026503920689
6114 -0.0004415520571943092 0.00183649843618365 -0.003033039755880964
6115 -0.0004021942782671387 0.001225017673307264 -0.002702785315736606
6116 -0.0004532914174002175 0.00138752650996171 -0.003154177973604495
6117 -0.0003471840190653014 0.001412166145393741 -0.002211013251960345
6118 -0.0003510971391339438 0.001062508836652985 -0.002251392657868303
6119 -0.00182262299723711 0.002338472285629264 -0.002957127563929766
6120 -0.001985614520718676 0.002557570463361752 -0.003258564015419226
6121 -0.002232780205738784 0.002232780207831275 -0.002800032489085112
6122 -0.002432364402919298 0.002431070052965051 -0.003070294147519676
6123 -0.001511311498619541 0.001919236142814685 -0.002378563781965035
6124 -0.001666967247928326 0.002128854214221975 -0.002667845672947401
6125 -0.001866390102870101 0.001866390103915979 -0.002300016244542849
6126 -0.002049585154304544 0.002049585155873728 -0.002550024366814081
6127 -0.001355655749310463 0.00170961807140745 -0.002089281890982518
6128 -0.001683195051435399 0.001683195051958219 -0.002050008122271424
6129 -0.0009282755954359836 0.002469127308682276 -0.003154473393436469
6130 -0.001014771100177836 0.00272337789431054 -0.003508618358919286
6131 -0.001375449296336547 0.00240379979715577 -0.003055800478683117
6132 -0.00150541156573734 0.002648817235989484 -0.003395470404966969
6133 -0.0007641377977188881 0.001984563654340626 -0.002477236696718096
6134 -0.0008462066965774359 0.002226845481511451 -0.002815855045077283
6135 -0.001137724648169215 0.001951899898577656 -0.002427900239341566
6136 -0.001256586972252881 0.002177849847866713 -0.002741850359012342
6137 -0.0006820688988601928 0.001742281827170182 -0.002138618348359048
6138 -0.001018862324085578 0.001725949949288816 -0.002113950119670782
6139 -0.0004641377977179918 0.002490485971404046 -0.003188180184535258
6140 -0.0005091078727175033 0.002759715766034829 -0.003563765599704106
6141 -0.0003820688988594441 0.001995242985701237 -0.002494090092267339
6142 -0.000423103348288718 0.002242864478552437 -0.002841135138401094
6143 -0.000341034449430093 0.001747621492850343 -0.002147045046133635
6144 0.001040082076302641 -0.001040082077815485 -0.003714423753880693
6145 0.0008200410381513513 -0.0008200410389087727 -0.002757211876941643
6146 0.002030662499851189 -0.0009774721563487526 -0.003401354666729507
6147 0.001615331249925862 -0.0007887360781753412 -0.002600677333365814
6148 0.0009774721535164375 -0.002030662501610679 -0.003401354666491657
6149 0.0007887360767586843 -0.001615331250806562 -0.002600677333246887
6150 0.001915570636549366 -0.001915570639976406 -0.003152881194258359
6151 0.001557785318275306 -0.001557785319989304 -0.002476440597130026
6152 0.001150102595378059 -0.001150102597268616 -0.004193029692349092
6153 0.0005200410381513205 -0.001051406115165979 -0.003767088253798858
6154 0.001051406114409057 -0.0005200410389077426 -0.003767088253798858
6155 0.0005776260325422728 -0.001169473136151045 -0.004278264741868133
6156 0.001169506027247378 -0.0005775844808162038 -0.004278261410047456
6157 0.0005257030572045285 -0.0005257030575829896 -0.003821815648662766
6158 0.0005875041436613801 -0.0005874669228316867 -0.00436839140016395
6159 0.0009300615572269961 -0.0009300615583621289 -0.003235817815411168
6160 0.0004100205190756757 -0.0008257030575840396 -0.002783544126900774
6161 0.0008257030572043296 -0.0004100205194543863 -0.002783544126900774
6162 0.0004650307786134981 -0.0009385545863750094 -0.003275316190349815
6163 0.0009385545858066933 -0.0004650307791810645 -0.003275316190349816
6164 0.0004128515286021648 -0.0004128515287920198 -0.002810907824332771
6165 0.0004692772929033465 -0.0004692772931875047 -0.00331636173649782
6166 0.000710020519075425 -0.0007100205194551351 -0.002278605938470821
6167 0.0003550102595377125 -0.0007128515287927687 -0.002291772063450387
6168 0.0007128515286016643 -0.0003550102597275675 -0.002291772063450387
6169 0.0003564257643008605 -0.0003564257643963809 -0.002305453912166385
6170 0.002238328124813429 -0.001071840195435198 -0.003801693333410462
6171 0.001535372288076915 -0.001008777117082119 -0.0035578892103051
6172 0.002048664584271902 -0.0004887360781743763 -0.003444053005755037
6173 0.001701927751313615 -0.001115490741190386 -0.004015850222651232
6174 0.002269542013523859 -0.0005378014796823033 -0.003869897440737044
6175 0.00155003534934048 -0.0005043885585410595 -0.003605570629776947
6176 0.001727633079078802 -0.0005600043644718793 -0.004093587978308404
6177 0.001822996874888526 -0.0008831041172620469 -0.003001016000047661
6178 0.001217686144038607 -0.0008043885585420569 -0.002678944605153728
6179 0.001624332292136015 -0.0003943680390876706 -0.002622026502878632
6180 0.001376529216057761 -0.0009065828378120879 -0.003118416907729414
6181 0.001836498438203959 -0.0004415520586310234 -0.003033039754316835
6182 0.001225017674670172 -0.0004021942792710284 -0.002702785314889703
6183 0.001387526512005326 -0.0004532914189060439 -0.003154177972333326
6184 0.001407665624962668 -0.0006943680390884192 -0.002200338666682907
6185 0.001058843072019047 -0.0007021942792717772 -0.002239472302576864
6186 0.001412166146067506 -0.0003471840195442096 -0.002211013251439316
6187 0.001062508837334439 -0.0003510971396358885 -0.002251392657444852
6188 0.002469127308922229 -0.0009282755990973253 -0.003154473392361388
6189 0.002724596811205511 -0.001013378665511274 -0.003508074768873215
6190 0.002490485972623318 -0.0004641377995486627 -0.003188180183364886
6191 0.002760320898478547 -0.0005083269522288018 -0.003563409874886192
6192 0.001984563654461599 -0.0007641377995495845 -0.002477236696181575
6193 0.002226845481691914 -0.0008462066993234549 -0.002815855044271481
6194 0.001995242986312068 -0.0003820688997747923 -0.002494090091683377
6195 0.002242864479467842 -0.0004231033496617273 -0.00284113513752428
6196 0.001742281827230668 -0.0006820688997755411 -0.002138618348090787
6197 0.001747621493155941 -0.0003410344498877671 -0.002147045045841837
6198 0.001071840191895053 -0.002238328127012314 -0.003801693333113147
6199 0.0004887360767582187 -0.002048664585152124 -0.003444053005636112
6200 0.001008777114909539 -0.001535372289713082 -0.003557889210186175
6201 0.000537951926087879 -0.002269447904680329 -0.003869931438650184
6202 0.001115994097360909 -0.001701889059027885 -0.004015728809863383
6203 0.0005043885574547696 -0.001550035350159052 -0.003605570629717485
6204 0.0005603554505574168 -0.001727560580970274 -0.004093570923468494
6205 0.000883104115137561 -0.00182299687620862 -0.003001015999869272
6206 0.0003943680383793422 -0.001624332292577321 -0.002622026502819169
6207 0.0008043885574550178 -0.001217686144857667 -0.002678944605094265
6208 0.0004415520575687805 -0.001836498438864723 -0.00303303975422764
6209 0.0009065828361822784 -0.001376529217285375 -0.00311841690764022
6210 0.0004021942787275089 -0.00122501767508068 -0.002702785314859971
6211 0.0004532914180911392 -0.001387526512619867 -0.003154177972288727
6212 0.0006943680383795911 -0.001407665625403973 -0.002200338666623444
6213 0.0003471840191897955 -0.001412166146289353 -0.002211013251409585
6214 0.000702194278727508 -0.001058843072429554 -0.002239472302547132
6215 0.000351097139363754 -0.001062508837541311 -0.002251392657429986
6216 0.002094463295685898 -0.00209446329996946 -0.003491101492821697
6217 0.001446521395032902 -0.001973116570793543 -0.003277117930375007
6218 0.001973116568200278 -0.001446521398162579 -0.003277117930493933
6219 0.001589391521523678 -0.002173924262058542 -0.003660928721975465
6220 0.002174709132814318 -0.001589210750521062 -0.003660545134613916
6221 0.001490946841554908 -0.001490946843937831 -0.003417503570340054
6222 0.001652471081780625 -0.001651707577711565 -0.003854933254174961
6223 0.001736677977412336 -0.001736677979982855 -0.002814660895694193
6224 0.001173260697516995 -0.001586558285397933 -0.002538558965188457
6225 0.001586558284100584 -0.001173260699082323 -0.00253855896524792
6226 0.001309891046274949 -0.001779837428095738 -0.002907838447781732
6227 0.001779837426150431 -0.001309891048622451 -0.002907838447870927
6228 0.001195473420777801 -0.001195473421969995 -0.002608751785171093
6229 0.001343210131166355 -0.001343210132953913 -0.003013127677755572
6230 0.001378892659137868 -0.001378892659995344 -0.002138220298565013
6231 0.001036630348758729 -0.001393279142699659 -0.002169279482594228
6232 0.001393279142050268 -0.001036630349541882 -0.00216927948262396
6233 0.001047736710388888 -0.001047736710985718 -0.002204375892585546
6234 0.002338472283865157 -0.001822623001371505 -0.002957127562719652
6235 0.002558832046027331 -0.001984294884288778 -0.003258375535966162
6236 0.002403799796393693 -0.001375449300234415 -0.003055800477540521
6237 0.002650418057150224 -0.001503923610449413 -0.003394880260177813
6238 0.00191923614193316 -0.001511311500686771 -0.002378563781360519
6239 0.002128854212899158 -0.001666967251029138 -0.002667845672040086
6240 0.001951899898197379 -0.001137724650118178 -0.002427900238771047
6241 0.002177849847295536 -0.001256586975176297 -0.002741850358155784
6242 0.001709618070966687 -0.001355655750344078 -0.00208928189068026
6243 0.001725949949098677 -0.00101886232506006 -0.002113950119385523
6244 0.0009282755959354632 -0.002469127310058837 -0.003154473392499326
6245 0.00101477110088031 -0.002723377895565966 -0.003508618357884453
6246 0.0004641377979677316 -0.002490485973191861 -0.003188180183433855
6247 0.0005091078730025533 -0.002759715767887178 -0.003563765598393648
6248 0.000764137797968404 -0.00198456365503038 -0.002477236696250543
6249 0.0008462066969519336 -0.002226845482544609 -0.002815855044374934
6250 0.000382068898984202 -0.001995242986596936 -0.00249409009171786
6251 0.0004231033484759669 -0.002242864479894548 -0.002841135137576006
6252 0.0006820688989847008 -0.001742281827515536 -0.002138618348125271
6253 0.0003410344494923471 -0.001747621493298965 -0.002147045045859078
6254 0.001822622997767039 -0.002338472286160331 -0.002957127563301307
6255 0.00198561452045426 -0.002557570464476661 -0.003258564014762018
6256 0.001375449296851251 -0.002403799798109584 -0.003055800477900316
6257 0.001505411565867957 -0.002648817237197184 -0.003395470404064868
6258 0.0015113114988843 -0.001919236143080986 -0.002378563781651346
6259 0.001666967248325669 -0.002128854214620658 -0.002667845672476327
6260 0.001137724648426352 -0.001951899899055683 -0.002427900238950944
6261 0.001256586972638801 -0.002177849848582634 -0.002741850358425629
6262 0.001355655749442603 -0.001709618071540839 -0.002089281890825673
6263 0.001018862324213902 -0.001725949949528188 -0.002113950119475472
6264 0.002232780206003748 -0.002232780208096808 -0.002800032488770882
6265 0.002432364402804983 -0.002431070053512089 -0.003070294147230933
6266 0.001866390103002481 -0.001866390104049129 -0.002300016244386004
6267 0.002049585154503215 -0.002049585156073069 -0.002550024366578544
6268 0.001683195051501468 -0.001683195052024912 -0.002050008122193002
6269 0.0009774721566632352 0.002030662496969171 -0.003401354668316074
6270 0.0007887360783307784 0.001615331248483256 -0.002600677334157924
6271 0.001915570640269922 0.001915570635191254 -0.003152881194885829
6272 0.001557785320134045 0.001557785317594304 -0.002476440597442728
6273 0.001040082077961312 0.001040082073466538 -0.003714423754604559
6274 0.0008200410389800237 0.0008200410367322261 -0.002757211877302933
6275 0.002030662501739681 0.0009774721521995688 -0.003401354666779691
6276 0.001615331250869317 0.0007887360760987429 -0.002600677333390342
6277 0.00107184019582949 0.002238328121212596 -0.003801693335395185
6278 0.0004887360783316176 0.002048664580633656 -0.003444053007815339
6279 0.0009282755992536549 0.002469127307479829 -0.00315447339315328
6280 0.0005379519276986375 0.002269447898933395 -0.003869931441648942
6281 0.001014771103858835 0.002723377892441274 -0.003508618359249929
6282 0.0004641377996268275 0.002490485970802823 -0.003188180184393663
6283 0.000509107874251441 0.002759715765124303 -0.00356376560002076
6284 0.0008831041174970068 0.001822996872726214 -0.003001016001237
6285 0.0003943680391653892 0.001624332290315519 -0.002622026503907587
6286 0.0007641377996258843 0.001984563653738799 -0.002477236696576133
6287 0.0004415520587485034 0.001836498435474588 -0.003033039755861463
6288 0.0008462066994397696 0.002226845480609314 -0.002815855044864707
6289 0.0003820688998129421 0.001995242985400323 -0.002494090092196357
6290 0.0004231033497198849 0.002242864478101369 -0.002841135138294806
6291 0.0006943680391646388 0.001407665624240887 -0.002200338667078962
6292 0.0003471840195823194 0.001412166145157019 -0.002211013251953794
6293 0.0006820688998121917 0.001742281826869029 -0.002138618348288066
6294 0.0003410344499061242 0.001747621492699767 -0.002147045046098145
6295 0.002094463300337914 0.002094463293990086 -0.003491101493607438
6296 0.001446521398466579 0.001973116566080213 -0.003277117931600952
6297 0.001822623001516999 0.002338472283184801 -0.002957127563032089
6298 0.00158939152600266 0.002173924255960303 -0.003660928723602219
6299 0.001985614526124694 0.002557570460212206 -0.003258564014502413
6300 0.001375449300385327 0.002403799795332315 -0.003055800478092685
6301 0.001505411571039484 0.002648817233335253 -0.003395470404586661
6302 0.001736677980201984 0.001736677976392779 -0.002814660896164278
6303 0.001173260699232412 0.00158655828303878 -0.002538558965800326
6304 0.001511311500757387 0.001919236141591296 -0.002378563781515508
6305 0.001309891048849495 0.001779837424559497 -0.002907838448700639
6306 0.001666967251137193 0.002128854212388049 -0.002667845672273799
6307 0.001137724650191636 0.001951899897665047 -0.00242790023904582
6308 0.001256586975288481 0.002177849846498682 -0.002741850358569253
6309 0.001378892660066282 0.001378892658796412 -0.002138220298721364
6310 0.00103663034961546 0.00139327914151865 -0.002169279482900163
6311 0.001355655750377953 0.001709618070795278 -0.002089281890757754
6312 0.001018862325094926 0.001725949948832154 -0.002113950119522911
6313 0.002338472286306304 0.001822622997086749 -0.002957127563614257
6314 0.002558832049021905 0.001984294878866736 -0.003258375537005597
6315 0.002232780208168619 0.00223278020566241 -0.002800032488926164
6316 0.002432364406123854 0.002431070049950809 -0.00307029414739224
6317 0.001919236143152561 0.001511311498542078 -0.002378563781806902
6318 0.002128854214729432 0.001666967247814414 -0.00266784567271058
6319 0.001866390104083489 0.001866390102830137 -0.00230001624446255
6320 0.002049585156125923 0.002049585154246142 -0.002550024366694226
6321 0.00170961807157591 0.001355655749270298 -0.002089281890903451
6322 0.001683195052041378 0.001683195051414702 -0.002050008122231269
6323 0.001150102597451883 0.001150102591833926 -0.004193029693254746
6324 0.000520041038980656 0.001051406110823523 -0.003767088254740874
6325 0.001008777117312274 0.001535372285217855 -0.003557889211460317
6326 0.0005776260341616648 0.001169473130710076 -0.004278264743058362
6327 0.00111599410059314 0.001701889053039654 -0.00401572881150744
6328 0.0005043885586561368 0.00155003534572859 -0.003605570631278106
6329 0.0005603554512966334 0.001727560528931573 -0.004093570944947514
6330 0.0009300615584706679 0.0009300615550993822 -0.003235817815953746
6331 0.0004100205194900119 0.0008257030554107291 -0.002783544127371122
6332 0.0008043885586554011 0.001217686142607741 -0.002678944605730429
6333 0.0004650307792353339 0.0009385545831171263 -0.003275316191055998
6334 0.0009065828379838373 0.001376529213912798 -0.003118416908595373
6335 0.0004021942793277005 0.001225017672863124 -0.002702785315639355
6336 0.0004532914189919187 0.001387526509295857 -0.00315417797345873
6337 0.0007100205194892614 0.0007100205183653626 -0.002278605938651466
6338 0.0003550102597446307 0.000712851527704614 -0.002291772063685561
6339 0.00070219427932695 0.001058843071303125 -0.002239472302865214
6340 0.0003510971396634751 0.00106250883643067 -0.002251392657819678
6341 0.002238328127174731 0.001071840190250158 -0.003801693333473945
6342 0.001535372289850496 0.001008777112833053 -0.003557889210692125
6343 0.001973116571004801 0.001446521393695411 -0.00327711793083276
6344 0.001701931358654124 0.001115464691267162 -0.004015855832471694
6345 0.002174709136713706 0.001589210744607804 -0.003660545134891862
6346 0.001490946844158537 0.001490946839456633 -0.003417503571146539
6347 0.001652473357454555 0.001651695019531534 -0.003854937595161834
6348 0.001822996876304498 0.0008831041141491558 -0.003001016000085017
6349 0.00121768614492467 0.0008043885564154845 -0.002678944605346637
6350 0.001586558285501681 0.001173260696846524 -0.002538558965416535
6351 0.001376529217387583 0.000906582834624269 -0.003118416908019381
6352 0.001779837428253241 0.001309891045270968 -0.002907838448124647
6353 0.001195473422078541 0.001195473419727133 -0.002608751785573482
6354 0.001343210133118539 0.001343210129591883 -0.00301312767836001
6355 0.001407665625433918 0.000694368038048621 -0.002200338666695171
6356 0.00105884307246159 0.0007021942782069917 -0.002239472302673319
6357 0.0013932791427501 0.001036630348422516 -0.002169279482708268
6358 0.001047736711038525 0.00104773670986282 -0.002204375892786741
6359 0.002469127310122914 0.0009282755952761419 -0.003154473392642919
6360 0.002724596812664591 0.00101337866070627 -0.003508074769174627
6361 0.002403799798214609 0.001375449296181446 -0.003055800478128588
6362 0.002650418059717027 0.001503923604446361 -0.003394880260925211
6363 0.001984563655061328 0.0007641377976370417 -0.00247723669632184
6364 0.002226845482592121 0.0008462066964565918 -0.00281585504448238
6365 0.001951899899106945 0.00113772464808956 -0.002427900239064371
6366 0.002177849848660776 0.001256586972135503 -0.00274185035859648
6367 0.001742281827530294 0.0006820688988177703 -0.00213861834816092
6368 0.001725949949553102 0.001018862324043888 -0.002113950119532186
6369 0.001051406115238393 0.0005200410367332692 -0.003767088254160791
6370 0.001169506028343383 0.0005775844779003568 -0.004278261410287741
6371 0.0005257030576191963 0.0005257030554117617 -0.003821815649133774
6372 0.0005875041444976391 0.0005874669198903655 -0.004368391400561491
6373 0.0008257030576186658 0.000410020518366113 -0.002783544127081419
6374 0.0009385545864285292 0.0004650307775496911 -0.003275316190621105
6375 0.0004128515288093329 0.0004128515277053645 -0.002810907824567945
6376 0.0004692772932142647 0.0004692772915585632 -0.003316361736850911
6377 0.0007128515288085824 0.0003550102591826813 -0.00229177206354071
6378 0.0003564257644043197 0.0003564257638523356 -0.002305453912283972
6379 0.002048664585216147 0.0004887360760997844 -0.003444053005780129
6380 0.002269542013303097 0.0005378014758075396 -0.003869897441538928
6381 0.00155003535022727 0.0005043885564165267 -0.00360557062997046
6382 0.001727634252894726 0.0005599911336125862 -0.004093589268085506
6383 0.001624332292607743 0.0003943680380493715 -0.002622026502890896
6384 0.001836498438911945 0.0004415520570745779 -0.003033039754335512
6385 0.001225017675113204 0.0004021942782077422 -0.002702785314986157
6386 0.001387526512670237 0.0004532914173121345 -0.003154177972478309
6387 0.001412166146303131 0.0003471840190243105 -0.002211013251445448
6388 0.001062508837555711 0.0003510971391034957 -0.002251392657493079
6389 0.002490485973223661 0.0004641377976380709 -0.003188180183505652
6390 0.002760320898509988 0.0005083269492696582 -0.003563409875444422
6391 0.001995242986611932 0.0003820688988185209 -0.002494090091753509
6392 0.002242864479917945 0.0004231033482282959 -0.00284113513762973
6393 0.001747621493305755 0.0003410344494089138 -0.002147045045876904
6394 0.002600677333096661 -0.001615331250739331 -0.000788736077434342
6395 0.003401354666192724 -0.002030662501476317 -0.000977472154868793
6396 0.002757211877117317 -0.0008200410389449567 -0.0008200410374533328
6397 0.003714423754234881 -0.001040082077887931 -0.001040082074905683
6398 0.002476440596790846 -0.001557785319830345 -0.001557785319003436
6399 0.003152881193580812 -0.001915570639658542 -0.001915570638006636
6400 0.002600677333746434 -0.0007887360782513488 -0.001615331249233535
6401 0.003401354667492269 -0.0009774721565008076 -0.002030662498465678
6402 0.00220033866654833 -0.001407665625370358 -0.0006943680387169203
6403 0.002477236696046998 -0.001984563654868333 -0.0007641377991780856
6404 0.00262202650274294 -0.001624332292543632 -0.000394368038717171
6405 0.002138618348023499 -0.001742281827434513 -0.0006820688995885422
6406 0.002211013251371469 -0.001412166146272509 -0.0003471840193584601
6407 0.00249409009161553 -0.001995242986515876 -0.0003820688995890428
6408 0.002147045045807913 -0.001747621493258434 -0.0003410344497942996
6409 0.003001015999644693 -0.001822996876107824 -0.0008831041161515675
6410 0.003154473392092997 -0.002469127309734793 -0.0009282755983568457
6411 0.003444053005485469 -0.002048664585084866 -0.0004887360774343965
6412 0.002815855044069998 -0.002226845482301563 -0.0008462066987674657
6413 0.003033039754114205 -0.001836498438814249 -0.0004415520580757837
6414 0.003188180183230103 -0.002490485973029801 -0.0004641377991784228
6415 0.002841135137422966 -0.002242864479772988 -0.0004231033493837328
6416 0.00380169333274073 -0.002238328126844429 -0.001071840193585776
6417 0.003508735611683368 -0.00272328534588038 -0.001014610019731866
6418 0.003870707129382149 -0.002268362124318178 -0.0005368767434705138
6419 0.003564281204547971 -0.002759160650348809 -0.0005084749155356905
6420 0.002278605938558658 -0.000710020519473227 -0.0007100205187269154
6421 0.002678944605106989 -0.001217686144842144 -0.0008043885574438375
6422 0.002783544126986529 -0.000825703057602073 -0.0004100205187266664
6423 0.002239472302553495 -0.001058843072421792 -0.0007021942787219179
6424 0.002291772063493264 -0.0007128515288017852 -0.0003550102593634577
6425 0.002702785314864734 -0.001225017675072853 -0.0004021942787219187
6426 0.002251392657432367 -0.001062508837537397 -0.0003510971393609591
6427 0.003235817815676099 -0.0009300615584164437 -0.000930061556179508
6428 0.003557889210213802 -0.001535372289682124 -0.001008777114887238
6429 0.003767088253973757 -0.001051406115202139 -0.0005200410374528416
6430 0.003118416907660396 -0.001376529217262134 -0.0009065828361655376
6431 0.003275316190480143 -0.0009385545864021062 -0.000465030778089754
6432 0.003605570629729613 -0.001550035350143503 -0.000504388557443619
6433 0.003154177972297174 -0.001387526512608178 -0.0004532914180827687
6434 0.004193029692794177 -0.00115010259735923 -0.001150102593631671
6435 0.004016020368723769 -0.001702100180980891 -0.00111460363174356
6436 0.004278809522296135 -0.001168056209932696 -0.0005763844131954487
6437 0.004094310821469587 -0.001726381126885172 -0.0005584922302875417
6438 0.00278354412727685 -0.0004100205194724784 -0.0008257030557727652
6439 0.002291772063638425 -0.0003550102597366135 -0.0007128515278868816
6440 0.002810907824518328 -0.0004128515288010365 -0.0004128515278863826
6441 0.00230545391225923 -0.0003564257644008891 -0.0003564257639434375
6442 0.0037670882545544 -0.0005200410389439653 -0.001051406111544024
6443 0.003275316190915626 -0.0004650307792082218 -0.0009385545836583948
6444 0.003821815649037922 -0.0005257030576010697 -0.0005257030557720122
6445 0.003316361736777718 -0.000469277293201053 -0.0004692772918291976
6446 0.004278809523165826 -0.0005763844150975213 -0.001168056205373644
6447 0.004368747929863556 -0.0005861331533429041 -0.0005861331509239972
6448 0.002138220298395423 -0.001378892659915865 -0.001378892659501455
6449 0.00237856378119093 -0.001919236142710679 -0.001511311500192882
6450 0.002538558964943754 -0.001586558285284838 -0.001173260698218889
6451 0.002089281890595465 -0.001709618071355686 -0.001355655750095939
6452 0.002169279482471876 -0.001393279142643111 -0.001036630349109188
6453 0.002427900238618964 -0.001951899898789506 -0.001137724649685484
6454 0.002113950119309481 -0.001725949949395099 -0.001018862324842095
6455 0.002814660895185829 -0.001736677979744443 -0.001736677978505036
6456 0.002957127562380879 -0.002338472285419744 -0.001822623000386142
6457 0.003277117929886768 -0.00197311657056743 -0.001446521396437714
6458 0.002667845671785905 -0.002128854214065212 -0.001666967250289512
6459 0.002907838447415261 -0.001779837427926134 -0.001309891047328302
6460 0.003055800477236937 -0.002403799797577269 -0.001375449299371494
6461 0.00274185035792795 -0.002177849848183387 -0.001256586974528489
6462 0.003491101491975422 -0.00209446329957216 -0.002094463297507756
6463 0.003258611146513484 -0.002557540240463847 -0.001985575485145563
6464 0.003661077879273257 -0.002173575382309302 -0.001589521428338176
6465 0.003395659931738194 -0.002648599738642348 -0.001505363507693705
6466 0.002200338666873217 -0.0006943680391264231 -0.001407665624616982
6467 0.00253855896526864 -0.001173260699040847 -0.001586558284118486
6468 0.002678944605431876 -0.0008043885585981528 -0.001217686143343434
6469 0.00216927948263432 -0.001036630349521144 -0.001393279142059219
6470 0.002239472302715938 -0.000702194279299825 -0.001058843071671949
6471 0.002608751785187814 -0.001195473421941495 -0.001195473420781161
6472 0.002204375892593907 -0.001047736710971468 -0.001047736710390569
6473 0.003001016000619351 -0.0008831041173760783 -0.001822996873849607
6474 0.003277117930536541 -0.001446521398079675 -0.001973116568236157
6475 0.003557889210863575 -0.001008777117194369 -0.001535372286685681
6476 0.00290783844790259 -0.001309891048560261 -0.001779837426177322
6477 0.003118416908147725 -0.000906582837896261 -0.001376529215014557
6478 0.003417503570375171 -0.001490946843880899 -0.001490946841561698
6479 0.003013127677781494 -0.001343210132911197 -0.001343210131171429
6480 0.003801693334365162 -0.001071840195625294 -0.00223832812308137
6481 0.003661077880072602 -0.001589521430434012 -0.002173575379404889
6482 0.004016020369536058 -0.001114603634616368 -0.001702100177193034
6483 0.003855551553917857 -0.001651357177394227 -0.001651357174131472
6484 0.002622026503701839 -0.0003943680391256744 -0.001624332290692593
6485 0.002211013251850919 -0.0003471840195632116 -0.00141216614534675
6486 0.002702785315489345 -0.0004021942792990764 -0.001225017673232679
6487 0.002251392657744672 -0.0003510971396499125 -0.001062508836617066
6488 0.003444053007403266 -0.0004887360782504038 -0.002048664581383263
6489 0.003033039755552553 -0.0004415520586880391 -0.001836498436037928
6490 0.003605570630978833 -0.0005043885585971845 -0.001550035346463644
6491 0.00315417797323409 -0.0004532914189481304 -0.001387526509848161
6492 0.003870707131850722 -0.0005368767445274598 -0.002268362119707291
6493 0.004094310823535566 -0.0005584922317283502 -0.001726381121295271
6494 0.002378563781190929 -0.001511311500607291 -0.001919236142297225
6495 0.002089281890595465 -0.001355655750304338 -0.001709618071148481
6496 0.002300016244155796 -0.001866390103863976 -0.001866390103656771
6497 0.002050008122077898 -0.001683195051932335 -0.001683195051828145
6498 0.002957127562380879 -0.001822623001212572 -0.002338472284593792
6499 0.002667845671785905 -0.001666967250909932 -0.002128854213445508
6500 0.002800032488310669 -0.002232780207726515 -0.0022327802073133
6501 0.002550024366233333 -0.002049585155795345 -0.002049585155485137
6502 0.003258611146440613 -0.001985575485851055 -0.002557540239918141
6503 0.003070386591239809 -0.002431658689248838 -0.002431658689108595
6504 0.002477236696371885 -0.0007641377995875884 -0.001984563654115435
6505 0.002138618348185942 -0.000682068899794543 -0.001742281827057825
6506 0.002427900238781407 -0.00113772465009744 -0.00195189989820633
6507 0.002113950119390704 -0.001018862325049691 -0.001725949949103154
6508 0.003154473392742769 -0.0009282755991733529 -0.002469127308229474
6509 0.002815855044557326 -0.0008462066993804707 -0.002226845481172454
6510 0.003055800477561824 -0.001375449300192963 -0.002403799796411633
6511 0.002741850358171615 -0.001256586975145202 -0.002177849847308981
6512 0.003508735612552396 -0.001014610020746775 -0.002723285344197421
6513 0.0033956599321652 -0.001505363508337439 -0.002648599737586277
6514 0.00249409009209498 -0.0003820688997937942 -0.001995242985590357
6515 0.002147045046047638 -0.0003410344498972681 -0.001747621492795556
6516 0.003188180184189001 -0.0004641377995866764 -0.002490485971178999
6517 0.00284113513814214 -0.0004231033496902355 -0.002242864478384826
6518 0.003564281205784528 -0.0005084749160797967 -0.002759160648376044
6519 0.002476440597762968 -0.001557785318573923 0.001557785318620771
6520 0.003152881195525957 -0.00191557063714574 0.00191557063724121
6521 0.002600677333644196 -0.0007887360768389549 0.001615331250077712
6522 0.003401354667289508 -0.0009774721536760561 0.002030662500156618
6523 0.002600677333688658 -0.001615331250073765 0.0007887360766957788
6524 0.003401354667377206 -0.002030662500145206 0.000977472153391108
6525 0.002757211877141504 -0.0008200410381939339 0.0008200410381099806
6526 0.0037144237542842 -0.001040082076385902 0.001040082076220815
6527 0.002138220298881484 -0.001378892659287654 0.0013788926593106
6528 0.002378563781959631 -0.001919236142365108 0.001511311499083647
6529 0.002378563781967252 -0.001511311499033574 0.001919236142396153
6530 0.002089281890979815 -0.0017096180711829 0.001355655749542277
6531 0.002089281890983626 -0.001355655749517479 0.001709618071198183
6532 0.002300016244685276 -0.001866390103218438 0.001866390103247284
6533 0.002050008122342638 -0.001683195051609567 0.001683195051623869
6534 0.002814660896644463 -0.001736677977859832 0.00173667797793099
6535 0.002957127563918732 -0.002338472284728624 0.001822622998166191
6536 0.002957127563934593 -0.001822622998065195 0.00233847228479222
6537 0.002667845672939182 -0.002128854213546866 0.001666967248624919
6538 0.002667845672950922 -0.001666967248549385 0.002128854213594186
6539 0.002800032489370166 -0.002232780206435466 0.002232780206493895
6540 0.002550024367027821 -0.002049585154827053 0.002049585154870689
6541 0.00349110149440743 -0.002094463296431197 0.002094463296551279
6542 0.003258611148341878 -0.002557540240624574 0.001985575481625768
6543 0.003258611148541325 -0.001985575481523406 0.002557540240450948
6544 0.003070386592849359 -0.002431658687975168 0.002431658687955708
6545 0.002200338666822098 -0.0006943680384202261 0.001407665625038593
6546 0.002538558965703582 -0.001173260697706439 0.001586558284349241
6547 0.00247723669644813 -0.0007641377980085116 0.001984563654664888
6548 0.00216927948285179 -0.00103663034885394 0.001393279142174596
6549 0.002138618348224065 -0.0006820688990050044 0.001742281827332313
6550 0.00242790023920769 -0.001137724648521043 0.00195189989853052
6551 0.002113950119603845 -0.001018862324261492 0.001725949949265248
6552 0.003001016000466852 -0.0008831041152575055 0.001822996875117165
6553 0.003277117931407733 -0.001446521395410898 0.001973116568698914
6554 0.003154473392897285 -0.0009282755960152475 0.00246912730933084
6555 0.002907838448555657 -0.001309891046558668 0.001779837426524078
6556 0.002815855044672708 -0.0008462066970118795 0.002226845481997864
6557 0.00305580047841594 -0.001375449297040221 0.002403799797061529
6558 0.002741850358811815 -0.001256586972780632 0.002177849847796025
6559 0.003801693334112793 -0.001071840192094383 0.002238328125196306
6560 0.003661077881216042 -0.001589521427020385 0.00217357537994758
6561 0.003508735612584096 -0.001014610016244311 0.002723285345888177
6562 0.003395659933435454 -0.001505363503189826 0.002648599738840996
6563 0.002622026503015595 -0.0003943680384194774 0.001624332292210816
6564 0.002211013251507797 -0.000347184019210113 0.001412166146104906
6565 0.002494090091814792 -0.0003820688990042558 0.001995242986412402
6566 0.002147045045907362 -0.0003410344495024988 0.001747621493205927
6567 0.003444053006032853 -0.0004887360768380281 0.002048664584423586
6568 0.003033039754524224 -0.0004415520576287527 0.001836498438317201
6569 0.003188180183631065 -0.0004641377980076237 0.002490485972826432
6570 0.002841135137722722 -0.0004231033485059397 0.002242864479619212
6571 0.003870707130027798 -0.0005368767426865843 0.002268362123459309
6572 0.003564281204867089 -0.0005084749138519406 0.002759160650293634
6573 0.002200338666844329 -0.001407665625037575 0.0006943680383481384
6574 0.002477236696485335 -0.001984563654677888 0.0007641377978424373
6575 0.002538558965725813 -0.001586558284323844 0.001173260697658275
6576 0.002138618348242667 -0.00174228182733929 0.0006820688989217175
6577 0.002169279482862906 -0.001393279142162614 0.001036630348829369
6578 0.002427900239222483 -0.001951899898521499 0.001137724648463042
6579 0.002113950119611241 -0.001725949949261095 0.001018862324232247
6580 0.003001016000532932 -0.001822996875109485 0.0008831041150434434
6581 0.003154473392969914 -0.002469127309353914 0.0009282755956837706
6582 0.003277117931451582 -0.001973116568645473 0.001446521395316159
6583 0.002815855044727624 -0.002226845482015901 0.000846206696763104
6584 0.002907838448588698 -0.001779837426484659 0.001309891046487217
6585 0.003055800478444323 -0.002403799797041269 0.001375449296924981
6586 0.002741850358833403 -0.002177849847781384 0.001256586972694011
6587 0.003801693334221657 -0.002238328125180564 0.001071840191738699
6588 0.003508735612704062 -0.002723285345923529 0.001014610015720648
6589 0.003661077881286413 -0.002173575379886087 0.001589521426907552
6590 0.00339565993336234 -0.00264859973892483 0.001505363503165384
6591 0.002278605938570752 -0.0007100205190977157 0.0007100205190547396
6592 0.002678944605415081 -0.001217686144133849 0.0008043885574028798
6593 0.00267894460539285 -0.0008043885575164443 0.001217686144093846
6594 0.002239472302707541 -0.001058843072067645 0.000702194278701439
6595 0.002239472302696425 -0.0007021942787589708 0.001058843072046666
6596 0.002608751785559331 -0.001195473420920144 0.001195473420876061
6597 0.002204375892779665 -0.001047736710460792 0.001047736710438018
6598 0.003235817815712853 -0.000930061557289918 0.0009300615571653978
6599 0.003557889210830703 -0.001535372288265554 0.001008777114805962
6600 0.003557889210786854 -0.001008777115030979 0.001535372288188717
6601 0.003118416908122892 -0.001376529216199701 0.0009065828361044207
6602 0.003118416908089852 -0.0009065828362737117 0.001376529216141281
6603 0.003417503571119218 -0.001490946841838226 0.001490946841752438
6604 0.003013127678339276 -0.001343210131379185 0.001343210131314249
6605 0.004193029692856432 -0.001150102595481711 0.001150102595276362
6606 0.004016020369520231 -0.001702100179171976 0.00111460363159923
6607 0.00401602036947284 -0.001114603631884767 0.00170210017908153
6608 0.003855551554931431 -0.001651357174593653 0.001651357174485711
6609 0.002783544126998005 -0.0004100205190969669 0.0008257030571830431
6610 0.002291772063499002 -0.0003550102595488578 0.000712851528591021
6611 0.0027027853150068 -0.0004021942787582222 0.00122501767469693
6612 0.0022513926575034 -0.0003510971393794855 0.001062508837347817
6613 0.003767088253997857 -0.000520041038192951 0.001051406114367591
6614 0.003275316190497931 -0.000465030778644959 0.000938554585775317
6615 0.003605570630015355 -0.0005043885575154895 0.001550035349395589
6616 0.003154177972511078 -0.0004532914181368558 0.001387526512046259
6617 0.004278809522402156 -0.0005763844141159959 0.001168056208893897
6618 0.004094310821867451 -0.0005584922302760411 0.001726381125912285
6619 0.002622026503038938 -0.001624332292210849 0.0003943680383478894
6620 0.002211013251519469 -0.001412166146106117 0.0003471840191740692
6621 0.002494090091834699 -0.001995242986420655 0.0003820688989212187
6622 0.002147045045917497 -0.001747621493210824 0.0003410344494608553
6623 0.00344405300607771 -0.002048664584419311 0.000488736076695554
6624 0.003033039754558324 -0.00183649843831508 0.0004415520575217217
6625 0.003188180183668561 -0.002490485972839362 0.0004641377978418853
6626 0.002841135137751779 -0.002242864479630157 0.0004231033483815521
6627 0.003870707130071417 -0.002268362123446256 0.0005368767425061106
6628 0.003564281204930528 -0.002759160650258622 0.0005084749136756619
6629 0.002783544126998622 -0.0008257030572265615 0.0004100205190549903
6630 0.002291772063499311 -0.0007128515286140295 0.0003550102595273698
6631 0.00270278531501878 -0.001225017674718706 0.0004021942787014399
6632 0.00225139265750939 -0.001062508837360324 0.0003510971393507194
6633 0.003767088253998417 -0.001051406114451125 0.0005200410381104076
6634 0.003275316190498519 -0.0009385545858388434 0.0004650307785826989
6635 0.003605570630038063 -0.001550035349435218 0.0005043885574029808
6636 0.003154177972528421 -0.001387526512076961 0.0004532914180522103
6637 0.004278809522394168 -0.001168056208996584 0.0005763844140136192
6638 0.004094310821870497 -0.001726381125964704 0.0005584922301806728
6639 0.002810907824378905 -0.0004128515286132807 0.0004128515285915216
6640 0.00230545391218952 -0.0003564257643070114 0.000356425764295539
6641 0.00382181564875965 -0.0005257030572255626 0.0005257030571837954
6642 0.00331636173656887 -0.0004692772929194217 0.0004692772928876584
6643 0.004368747929615979 -0.0005861331528391491 0.0005861331527703599
6644 0.002600677334583458 0.0007887360763364 -0.001615331248705227
6645 0.003401354669167488 0.000977472152674937 -0.00203066249740876
6646 0.002476440598391118 0.001557785318040095 -0.001557785318090984
6647 0.003152881196783463 0.001915570636082911 -0.001915570636181007
6648 0.002757211877866076 0.0008200410368470452 -0.0008200410367679234
6649 0.003714423755733738 0.001040082073696269 -0.001040082073534206
6650 0.002600677334625683 0.001615331248695153 -0.0007887360761966297
6651 0.003401354669253159 0.002030662497393088 -0.0009774721523919919
6652 0.002200338667291729 0.0006943680381674496 -0.001407665624353306
6653 0.002622026504120351 0.0003943680381682 -0.001624332290428438
6654 0.002477236696918399 0.0007641377977558703 -0.001984563653979283
6655 0.002211013252060175 0.0003471840190837248 -0.001412166145214912
6656 0.0021386183484592 0.0006820688988771846 -0.001742281826989988
6657 0.002494090092368236 0.0003820688988779351 -0.00199524298552228
6658 0.002147045046184268 0.0003410344494386208 -0.001747621492761636
6659 0.003001016001875472 0.0008831041145056685 -0.001822996873056993
6660 0.003444053008240876 0.0004887360763374685 -0.002048664580854804
6661 0.003154473393836817 0.000928275595513826 -0.002469127307957454
6662 0.003033039756180613 0.0004415520572528343 -0.001836498435641621
6663 0.002815855045377608 0.0008462066966348482 -0.002226845480968368
6664 0.003188180184736025 0.000464137797756913 -0.00249048597104299
6665 0.00284113513855228 0.0004231033483174241 -0.002242864478282783
6666 0.003801693336460002 0.001071840190844413 -0.002238328121760469
6667 0.003870707132751209 0.0005368767420827286 -0.002268362118961039
6668 0.003508735613877157 0.001014610015060749 -0.002723285344478257
6669 0.003564281206274846 0.00050847491328556 -0.002759160648369018
6670 0.002138220299195559 0.001378892659019307 -0.001378892659046184
6671 0.002538558966487288 0.001173260697188247 -0.001586558283398105
6672 0.002378563782281097 0.001511311498764973 -0.00191923614213103
6673 0.002169279483243644 0.001036630348593378 -0.001393279141699745
6674 0.002089281891140549 0.001355655749381746 -0.001709618071065862
6675 0.002427900239599748 0.001137724648260422 -0.001951899898055157
6676 0.002113950119799874 0.001018862324129319 -0.001725949949027925
6677 0.00281466089758729 0.001736677977061503 -0.001736677977135995
6678 0.003277117932975475 0.001446521394378924 -0.001973116566794883
6679 0.002957127564563074 0.001822622997532578 -0.002338472284261846
6680 0.002907838449731381 0.001309891045783586 -0.001779837425096494
6681 0.002667845673422085 0.001666967248148776 -0.002128854213196437
6682 0.003055800479199945 0.001375449296523202 -0.002403799796109649
6683 0.002741850359399846 0.001256586972391811 -0.002177849847082402
6684 0.003491101495980193 0.002094463295104721 -0.002094463295226116
6685 0.003661077883157182 0.001589521425751822 -0.002173575377572948
6686 0.003258611149590252 0.001985575481323057 -0.002557540239192723
6687 0.003395659934634778 0.001505363502532481 -0.002648599737548176
6688 0.002378563782272343 0.001919236142096831 -0.001511311498817954
6689 0.002089281891136171 0.001709618071048045 -0.00135565574940967
6690 0.002300016244840967 0.001866390103082905 -0.001866390103113773
6691 0.002050008122420478 0.001683195051541086 -0.001683195051557229
6692 0.002957127564546187 0.002338472284195911 -0.001822622997635304
6693 0.002667845673409264 0.002128854213146371 -0.001666967248226629
6694 0.002800032489683213 0.002232780206167965 -0.002232780206227771
6695 0.002550024367261958 0.002049585154625303 -0.00204958515467064
6696 0.003258611149320617 0.002557540239848792 -0.001985575480916751
6697 0.003070386593451004 0.002431658687812556 -0.002431658687287059
6698 0.002278605938933038 0.0007100205184227722 -0.0007100205183847104
6699 0.00278354412765123 0.0004100205184235226 -0.0008257030554300605
6700 0.002678944606224767 0.0008043885565917226 -0.001217686142736575
6701 0.002291772063825615 0.0003550102592113861 -0.0007128515277157789
6702 0.002239472303112383 0.0007021942782951109 -0.001058843071369008
6703 0.002702785315885791 0.0004021942782958613 -0.001225017672929249
6704 0.002251392657942896 0.0003510971391475555 -0.001062508836465595
6705 0.003235817816799907 0.0009300615552716574 -0.0009300615551510648
6706 0.003767088255303829 0.0005200410368481347 -0.001051406110858286
6707 0.003557889212450613 0.001008777113185603 -0.001535372285471483
6708 0.003275316191477529 0.0004650307776358287 -0.0009385545831441732
6709 0.00311841690933769 0.0009065828348886629 -0.001376529214104029
6710 0.003605570631772353 0.0005043885565928016 -0.001550035345856545
6711 0.003154177973829071 0.0004532914174443316 -0.001387526509392897
6712 0.004193029694668643 0.001150102592121166 -0.001150102591917328
6713 0.004278809523905176 0.000576384412432797 -0.001168056204467377
6714 0.004016020371538365 0.001114603629586741 -0.001702100175667605
6715 0.004094310824353575 0.0005584922292085104 -0.001726381120465682
6716 0.002200338667312841 0.001407665624346836 -0.0006943680380990635
6717 0.002678944606245879 0.001217686142771099 -0.0008043885564822766
6718 0.0025385589665084 0.001586558283367624 -0.001173260697143807
6719 0.002239472303122939 0.001058843071384804 -0.0007021942782418869
6720 0.0021692794832542 0.001393279141683071 -0.001036630348572624
6721 0.002608751786366583 0.001195473419979673 -0.001195473419940191
6722 0.002204375893183291 0.001047736709989091 -0.001047736709970815
6723 0.003001016001939421 0.001822996873044121 -0.0008831041142943108
6724 0.003557889212493449 0.001535372285544679 -0.001008777112963099
6725 0.003277117933018311 0.001973116566738 -0.001446521394286499
6726 0.003118416909369664 0.001376529214157889 -0.0009065828347226878
6727 0.002907838449763356 0.001779837425052812 -0.001309891045715153
6728 0.003417503572734462 0.001490946839961801 -0.001490946839878991
6729 0.003013127679550523 0.001343210129970737 -0.001343210129909591
6730 0.003801693336567853 0.002238328121742597 -0.001071840190489731
6731 0.004016020371585251 0.001702100175756232 -0.001114603629302455
6732 0.003661077883227047 0.002173575377509734 -0.001589521425640147
6733 0.003855551556892212 0.001651357172276677 -0.001651357172194943
6734 0.00247723669695235 0.001984563653987085 -0.0007641377975924433
6735 0.002138618348476175 0.001742281826993172 -0.0006820688987969703
6736 0.002427900239612347 0.001951899898041959 -0.001137724648205199
6737 0.002113950119806173 0.001725949949020608 -0.00101886232410357
6738 0.0031544733939065 0.002469127307976464 -0.0009282755951838007
6739 0.002815855045429425 0.002226845480981775 -0.0008462066963881219
6740 0.003055800479226344 0.002403799796086188 -0.001375449296409552
6741 0.002741850359419346 0.002177849847064072 -0.001256586972307375
6742 0.003508735613883871 0.002723285344505523 -0.001014610014946398
6743 0.00339565993444016 0.002648599737835009 -0.001505363502422117
6744 0.002783544127650612 0.0008257030554680797 -0.0004100205183839617
6745 0.002291772063825306 0.0007128515277332894 -0.0003550102591923552
6746 0.00281090782485037 0.0004128515277340398 -0.0004128515277150303
6747 0.002305453912425252 0.0003564257638666732 -0.0003564257638578861
6748 0.003767088255303269 0.001051406110938327 -0.0005200410367671031
6749 0.003275316191476941 0.0009385545832032033 -0.0004650307775755324
6750 0.003821815649702678 0.0005257030554691634 -0.000525703055429143
6751 0.003316361737276117 0.0004692772916016015 -0.0004692772915720867
6752 0.00427880952389663 0.001168056204568318 -0.000576384412331176
6753 0.004368747930476004 0.0005861331504639604 -0.0005861331504362528
6754 0.002622026504140351 0.001624332290421395 -0.0003943680380983148
6755 0.002211013252070175 0.001412166145209957 -0.0003471840190495318
6756 0.002702785315895481 0.001225017672944737 -0.0004021942782411383
6757 0.002251392657947741 0.001062508836471477 -0.0003510971391209435
6758 0.003444053008282704 0.002048664580845538 -0.0004887360761959959
6759 0.003033039756211527 0.001836498435633467 -0.0004415520571471554
6760 0.003605570631792987 0.001550035345891933 -0.0005043885564815496
6761 0.003154177973844235 0.001387526509418335 -0.000453291417361344
6762 0.003870707132793312 0.002268362118945492 -0.0005368767419027557
6763 0.00409431082436747 0.001726381120499031 -0.000558492229077489
6764 0.002494090092383908 0.00199524298552443 -0.0003820688987962216
6765 0.002147045046191921 0.00174762149276182 -0.0003410344493984818
6766 0.003188180184769685 0.002490485971051102 -0.0004641377975919003
6767 0.002841135138576591 0.002242864478287561 -0.0004231033481940609
6768 0.003564281206248758 0.002759160648417741 -0.0005084749132663553
6769 0.002757211877115178 0.0008200410374508916 0.0008200410389418481
6770 0.003714423754232902 0.001040082074903984 0.001040082077885897
6771 0.002600677333743726 0.001615331249230113 0.0007887360782483267
6772 0.003401354667489753 0.002030662498463041 0.0009774721564988313
6773 0.002600677333093954 0.000788736077432652 0.001615331250735274
6774 0.003401354666190207 0.0009774721548674822 0.002030662501473361
6775 0.002476440596787985 0.001557785319000829 0.001557785319826464
6776 0.003152881193578115 0.001915570638004435 0.001915570639655705
6777 0.002278605938557589 0.0007100205187246954 0.0007100205194701736
6778 0.002783544126984841 0.0004100205187254458 0.0008257030575989769
6779 0.002783544127275163 0.0008257030557700029 0.000410020519470924
6780 0.002291772063492421 0.0003550102593623477 0.000712851528798738
6781 0.002291772063637581 0.0007128515278842509 0.0003550102597350868
6782 0.002810907824517176 0.0004128515278850014 0.0004128515287994885
6783 0.002305453912258655 0.0003564257639421538 0.0003564257643993974
6784 0.00323581781567404 0.0009300615561774377 0.0009300615584138725
6785 0.003767088253972208 0.0005200410374519919 0.001051406115200132
6786 0.003767088254552851 0.001051406111542184 0.0005200410389429484
6787 0.003275316190478524 0.0004650307780887188 0.0009385545863995544
6788 0.003275316190914007 0.0009385545836560934 0.0004650307792069362
6789 0.003821815649036868 0.0005257030557710919 0.000525703057600066
6790 0.003316361736776614 0.0004692772918280466 0.0004692772931997772
6791 0.004193029692793188 0.001150102593630822 0.001150102597358213
6792 0.004278809522295362 0.0005763844131950239 0.001168056209931692
6793 0.004278809523165052 0.001168056205372724 0.000576384415097013
6794 0.004368747929869415 0.0005861331508919892 0.0005861331533254122
6795 0.002200338666871863 0.001407665624614316 0.000694368039123413
6796 0.002678944605429452 0.001217686143340503 0.0008043885585950874
6797 0.002622026503699372 0.001624332290688875 0.0003943680391241634
6798 0.002239472302714726 0.001058843071669506 0.0007021942792967933
6799 0.002211013251849686 0.001412166145343697 0.0003471840195617065
6800 0.002702785315487268 0.001225017673229439 0.0004021942792975437
6801 0.002251392657743634 0.001062508836613828 0.0003510971396483967
6802 0.00300101600061674 0.001822996873846577 0.000883104117373579
6803 0.003557889210861327 0.001535372286683512 0.001008777117192364
6804 0.003444053007401001 0.002048664581380514 0.0004887360782494157
6805 0.003118416908145389 0.001376529215012007 0.0009065828378937257
6806 0.003033039755550187 0.001836498436034695 0.0004415520586867895
6807 0.003605570630976926 0.001550035346461349 0.000504388558596182
6808 0.003154177973232096 0.001387526509845394 0.0004532914189468629
6809 0.003801693334363904 0.002238328123080051 0.001071840195624306
6810 0.004016020369534934 0.001702100177191948 0.001114603634615373
6811 0.003870707131849589 0.002268362119705917 0.0005368767445269664
6812 0.004094310823532935 0.001726381121286038 0.0005584922317655127
6813 0.002477236696369033 0.001984563654112227 0.0007641377995846585
6814 0.002138618348184516 0.001742281827055743 0.0006820688997915788
6815 0.00249409009209225 0.001995242985587001 0.0003820688997923292
6816 0.002147045046046091 0.001747621492793106 0.0003410344498958178
6817 0.00315447339274012 0.002469127308226764 0.000928275599171453
6818 0.002815855044554577 0.002226845481169496 0.0008462066993780556
6819 0.003188180184186495 0.002490485971176252 0.0004641377995857265
6820 0.002841135138139168 0.002242864478381422 0.0004231033496890279
6821 0.003508735612998956 0.002723285343853148 0.001014610020101692
6822 0.003564281205989486 0.002759160648174179 0.0005084749157096358
6823 0.002200338666546977 0.0006943680387155756 0.001407665625366896
6824 0.002622026502740474 0.000394368038716326 0.001624332292539597
6825 0.002678944605104566 0.0008043885574417718 0.001217686144838561
6826 0.002211013251370237 0.0003471840193577878 0.001412166146269057
6827 0.002239472302552283 0.0007021942787201355 0.001058843072418535
6828 0.002702785314862657 0.0004021942787208859 0.001225017675069287
6829 0.002251392657431329 0.0003510971393600678 0.001062508837533752
6830 0.003001015999642081 0.0008831041161500671 0.001822996876104317
6831 0.003444053005483202 0.0004887360774337411 0.002048664585081958
6832 0.003557889210211555 0.001008777114885733 0.001535372289679629
6833 0.003033039754111838 0.0004415520580750336 0.001836498438810777
6834 0.00311841690765806 0.0009065828361637525 0.001376529217259095
6835 0.003605570629727705 0.0005043885574428665 0.001550035350141045
6836 0.003154177972295181 0.0004532914180818761 0.001387526512605165
6837 0.003801693332739471 0.00107184019358512 0.002238328126842951
6838 0.003870707129381016 0.0005368767434701858 0.002268362124316724
6839 0.004016020368722646 0.001114603631742803 0.001702100180979645
6840 0.004094310821470922 0.0005584922302679623 0.00172638112688461
6841 0.002138220298393992 0.001378892659499674 0.001378892659912491
6842 0.00253855896494097 0.00117326069821674 0.001586558285280869
6843 0.002538558965265856 0.001586558284115471 0.001173260699037395
6844 0.002169279482470485 0.001036630349107625 0.001393279142639694
6845 0.002169279482632928 0.001393279142056995 0.001036630349517952
6846 0.002608751785185211 0.001195473420778622 0.001195473421937978
6847 0.002204375892592605 0.001047736710388565 0.001047736710968244
6848 0.00281466089518305 0.001736677978502632 0.001736677979741085
6849 0.003277117929884161 0.001446521396435958 0.001973116570564533
6850 0.003277117930533934 0.001973116568233737 0.001446521398077268
6851 0.002907838447412566 0.001309891047326349 0.001779837427922701
6852 0.002907838447899895 0.001779837426174604 0.001309891048557332
6853 0.003417503570372744 0.001490946841559735 0.001490946843878448
6854 0.003013127677778977 0.001343210131169178 0.001343210132908213
6855 0.003491101491974073 0.002094463297506655 0.002094463299570743
6856 0.003661077879271954 0.001589521428337298 0.002173575382307854
6857 0.003661077880071298 0.00217357537940368 0.001589521430432809
6858 0.003855551553905608 0.001651357174142127 0.001651357177407517
6859 0.002378563781188137 0.001919236142294558 0.001511311500603596
6860 0.002089281890594068 0.001709618071146909 0.001355655750301057
6861 0.002427900238778585 0.001951899898203393 0.001137724650094128
6862 0.002113950119389293 0.001725949949101326 0.001018862325046172
6863 0.002957127562378232 0.002338472284591392 0.00182262300120989
6864 0.002667845671783184 0.002128854213442975 0.001666967250906743
6865 0.003055800477559175 0.002403799796409078 0.001375449300190672
6866 0.00274185035816888 0.002177849847306235 0.001256586975142399
6867 0.003258611146585979 0.002557540240148794 0.001985575485307021
6868 0.003395659932412934 0.002648599737464126 0.001505363507981233
6869 0.002477236696044148 0.0007641377991768211 0.001984563654864807
6870 0.002138618348022074 0.0006820688995876601 0.001742281827432033
6871 0.0024940900916128 0.0003820688995884105 0.001995242986512362
6872 0.002147045045806366 0.0003410344497938586 0.001747621493255786
6873 0.003154473392090347 0.0009282755983557784 0.002469127309731924
6874 0.002815855044067247 0.0008462066987662998 0.002226845482298366
6875 0.003188180183227596 0.0004641377991778892 0.002490485973026974
6876 0.002841135137419992 0.0004231033493831499 0.002242864479769464
6877 0.003508735612101591 0.001014610020305607 0.00272328534512227
6878 0.003564281204760066 0.0005084749158420986 0.002759160650014128
6879 0.002378563781188137 0.001511311500190779 0.001919236142707376
6880 0.002089281890594068 0.001355655750094649 0.001709618071353318
6881 0.002427900238616142 0.0011377246496838 0.001951899898786092
6882 0.002113950119308071 0.001018862324841008 0.001725949949392676
6883 0.002957127562378232 0.001822623000384255 0.002338472285417027
6884 0.002667845671783184 0.001666967250287517 0.002128854214062201
6885 0.003055800477234289 0.001375449299370017 0.002403799797574475
6886 0.002741850357925215 0.001256586974526908 0.002177849848180283
6887 0.003258611146614094 0.001985575483760952 0.002557540241402469
6888 0.003395659931962411 0.001505363507021314 0.002648599738729364
6889 0.002300016244153167 0.001866390103654488 0.001866390103860897
6890 0.002050008122076577 0.001683195051826877 0.001683195051930082
6891 0.002800032488308152 0.002232780207311163 0.002232780207723981
6892 0.002550024366230528 0.002049585155482694 0.002049585155792307
6893 0.003070386591447227 0.002431658688603809 0.002431658689487125
6894 -0.003152881196155817 -0.001915570635788432 -0.001915570637536484
6895 -0.002476440598078177 -0.001557785317893803 -0.001557785318768306
6896 -0.00340135466758105 -0.0009774721523596265 -0.002030662500288042
6897 -0.002600677333791274 -0.0007887360761794938 -0.001615331250143987
6898 -0.003401354668967284 -0.002030662497264659 -0.0009774721537070289
6899 -0.002600677334484392 -0.001615331248632773 -0.0007887360768536952
6900 -0.003714423755012781 -0.001040082073550593 -0.001040082076368433
6901 -0.00275721187750752 -0.0008200410367756735 -0.000820041038184094
6902 -0.003491101495194365 -0.002094463294735787 -0.002094463296920612
6903 -0.002957127564232877 -0.002338472284049184 -0.001822622998313073
6904 -0.002957127564249251 -0.001822622997385338 -0.002338472284939584
6905 -0.003258611149366986 -0.002557540238152689 -0.001985575483016341
6906 -0.003258611149113144 -0.001985575481958885 -0.002557540239393173
6907 -0.002800032489526557 -0.002232780206094601 -0.002232780206566655
6908 -0.003070386593351857 -0.002431658687313369 -0.002431658687945449
6909 -0.002814660897116997 -0.001736677976841118 -0.001736677978152395
6910 -0.00237856378211644 -0.001919236142024253 -0.001511311499156649
6911 -0.002378563782124627 -0.001511311498691827 -0.001919236142469691
6912 -0.002667845673174658 -0.002128854213036718 -0.001666967248734861
6913 -0.002667845673186938 -0.001666967248038583 -0.002128854213704638
6914 -0.002300016244763015 -0.001866390103046615 -0.00186639010328312
6915 -0.002550024367144656 -0.002049585154570477 -0.002049585154924757
6916 -0.002138220299039088 -0.001378892658946639 -0.001378892659384368
6917 -0.00208928189105822 -0.001709618071011995 -0.001355655749578778
6918 -0.002089281891062313 -0.001355655749345412 -0.001709618071234953
6919 -0.002050008122381502 -0.00168319505152306 -0.001683195051641782
6920 -0.003801693334475345 -0.001071840190449708 -0.002238328125359935
6921 -0.003277117931868434 -0.001446521394074029 -0.001973116568912263
6922 -0.003154473393043598 -0.0009282755953561707 -0.002469127309397095
6923 -0.003661077881787799 -0.001589521425338235 -0.002173575380212335
6924 -0.003508735612480048 -0.001014610014188733 -0.002723285346789439
6925 -0.003055800478646425 -0.001375449296370755 -0.002403799797168339
6926 -0.003395659933769707 -0.001505363502420879 -0.002648599738857056
6927 -0.003001016000686162 -0.0008831041142695602 -0.001822996875216015
6928 -0.002538558965934725 -0.001173260697036648 -0.001586558284456147
6929 -0.002477236696522307 -0.0007641377976774172 -0.001984563654698663
6930 -0.002907838448901579 -0.001309891045555339 -0.001779837426684205
6931 -0.002815855044782952 -0.0008462066965167941 -0.002226845482047879
6932 -0.002427900239323467 -0.001137724648184622 -0.001951899898584177
6933 -0.002741850358984946 -0.001256586972277689 -0.002177849847876258
6934 -0.002200338666895637 -0.0006943680380894961 -0.001407665625071731
6935 -0.002169279482967363 -0.001036630348518067 -0.001393279142228049
6936 -0.002138618348261153 -0.0006820688988382079 -0.0017422818273492
6937 -0.002113950119661733 -0.001018862324091663 -0.001725949949292077
6938 -0.003444053006180808 -0.0004887360761798132 -0.002048664584490328
6939 -0.003870707130156638 -0.000536876741856218 -0.002268362123515784
6940 -0.003188180183705991 -0.0004641377976780854 -0.002490485972860751
6941 -0.003564281204740409 -0.000508474912832335 -0.002759160650680112
6942 -0.002622026503091362 -0.0003943680380897469 -0.001624332292245078
6943 -0.003033039754636086 -0.0004415520571347801 -0.001836498438367703
6944 -0.002494090091853743 -0.0003820688988387086 -0.0019952429864306
6945 -0.002841135137780017 -0.0004231033482583969 -0.002242864479645825
6946 -0.002211013251545681 -0.000347184019044748 -0.001412166146122037
6947 -0.00214704504592702 -0.0003410344494191324 -0.001747621493215207
6948 -0.003801693336208136 -0.002238328121580467 -0.001071840192133711
6949 -0.003154473393764528 -0.002469127307913216 -0.000928275595841344
6950 -0.003277117932561551 -0.001973116566526546 -0.001446521395621757
6951 -0.00350873561338411 -0.002723285345321614 -0.001014610014487058
6952 -0.003661077882657261 -0.002173575377245927 -0.001589521427321492
6953 -0.003055800478998703 -0.0024037997959812 -0.001375449297077208
6954 -0.003395659934328328 -0.002648599737466429 -0.00150536350331067
6955 -0.003001016001725838 -0.001822996872948716 -0.0008831041152803621
6956 -0.002477236696882772 -0.001984563653956962 -0.0007641377979210034
6957 -0.002538558966281284 -0.001586558283263288 -0.001173260697811001
6958 -0.00281585504532365 -0.002226845480935089 -0.0008462066968811736
6959 -0.002907838449421417 -0.001779837424894917 -0.001309891046716379
6960 -0.002427900239499605 -0.001951899897990607 -0.001137724648538826
6961 -0.002741850359249153 -0.002177849846985905 -0.001256586972808017
6962 -0.002200338667242196 -0.001407665624316601 -0.0006943680384270966
6963 -0.002138618348441386 -0.001742281826978589 -0.0006820688989610006
6964 -0.002169279483140642 -0.00139327914163162 -0.001036630348905732
6965 -0.002113950119749803 -0.001725949948995292 -0.001018862324270139
6966 -0.004193029693764444 -0.001150102591937974 -0.001150102595460524
6967 -0.003557889211990032 -0.001535372285407626 -0.001008777115037731
6968 -0.003557889211296916 -0.00100877711295511 -0.001535372288328237
6969 -0.004016020370960421 -0.00170210017557054 -0.001114603631887067
6970 -0.004016020370100993 -0.001114603629299537 -0.001702100179268455
6971 -0.003417503571929233 -0.001490946839740828 -0.001490946841974997
6972 -0.003855551555949614 -0.001651357171934474 -0.001651357174754338
6973 -0.00323581781626015 -0.0009300615551631333 -0.0009300615572762634
6974 -0.002678944605995956 -0.001217686142704223 -0.0008043885575188946
6975 -0.002678944605649397 -0.0008043885564775837 -0.001217686144164041
6976 -0.003118416908992993 -0.001376529214055925 -0.0009065828362783127
6977 -0.003118416908473156 -0.0009065828347163468 -0.001376529216246139
6978 -0.00260875178596534 -0.001195473419870436 -0.001195473420987521
6979 -0.003013127678947286 -0.001343210129805632 -0.001343210131481259
6980 -0.00227860593875376 -0.0007100205183880857 -0.0007100205190917962
6981 -0.002239472302997978 -0.001058843071352343 -0.0007021942787594464
6982 -0.002239472302824699 -0.000702194278238791 -0.001058843072081763
6983 -0.002204375892982671 -0.001047736709935205 -0.001047736710493747
6984 -0.003767088254364902 -0.0005200410367752965 -0.001051406114441953
6985 -0.00427880952272101 -0.0005763844123235185 -0.001168056208960142
6986 -0.003605570630272855 -0.0005043885564775549 -0.00155003534946614
6987 -0.004094310822084347 -0.000558492228990665 -0.001726381125981995
6988 -0.002783544127183713 -0.0004100205183878368 -0.0008257030572207009
6989 -0.003275316190774307 -0.0004650307775815666 -0.0009385545858313269
6990 -0.002702785315137537 -0.0004021942782387918 -0.00122501767473289
6991 -0.003154177972705196 -0.0004532914173581733 -0.001387526512099516
6992 -0.002291772063591856 -0.0003550102591940429 -0.0007128515286098498
6993 -0.002251392657568769 -0.0003510971391193955 -0.001062508837365797
6994 -0.00344405300814195 -0.00204866458078283 -0.0004887360768535145
6995 -0.003870707132668075 -0.002268362118891034 -0.0005368767427327744
6996 -0.003188180184700469 -0.002490485971020908 -0.000464137797920672
6997 -0.003564281206001178 -0.002759160648744706 -0.0005084749130732217
6998 -0.002622026504071934 -0.001624332290392284 -0.0003943680384268476
6999 -0.003033039756106942 -0.001836498435587557 -0.000441552057640181
7000 -0.002494090092350981 -0.001995242985511157 -0.0003820688989605017
7001 -0.002841135138525874 -0.002242864478266182 -0.0004231033484405867
7002 -0.002211013252035967 -0.001412166145196596 -0.0003471840192135483
7003 -0.00214704504617564 -0.001747621492755955 -0.0003410344494804968
7004 -0.003767088254945545 -0.001051406110866542 -0.0005200410381842164
7005 -0.004278809523582434 -0.001168056204503362 -0.0005763844141233839
7006 -0.003605570631543748 -0.001550035345824686 -0.0005043885575188654
7007 -0.004094310824147389 -0.001726381120430747 -0.0005584922304179983
7008 -0.002783544127474034 -0.0008257030554339945 -0.000410020519092047
7009 -0.003275316191209789 -0.0009385545831502681 -0.0004650307786381317
7010 -0.002702785315772983 -0.00122501767291314 -0.0004021942787594473
7011 -0.003154177973658364 -0.001387526509368913 -0.0004532914181391565
7012 -0.002291772063737017 -0.0007128515277174962 -0.0003550102595458981
7013 -0.002251392657886491 -0.001062508836457297 -0.0003510971393797233
7014 -0.003821815649236109 -0.0005257030554332708 -0.0005257030572209764
7015 -0.004368747930041175 -0.0005861331504647445 -0.0005861331528430055
7016 -0.002810907824619401 -0.0004128515277169973 -0.0004128515286103505
7017 -0.003316361736927807 -0.0004692772915751341 -0.0004692772929156635
7018 -0.0023054539123097 -0.0003564257638587448 -0.0003564257643049533
7019 -0.003401354667782577 -0.002030662498596631 0.000977472155184533
7020 -0.002600677333892094 -0.001615331249299523 0.0007887360775920087
7021 -0.003714423754962208 -0.00104008207505322 0.001040082075052207
7022 -0.002757211877481918 -0.0008200410375276284 0.0008200410375262114
7023 -0.003152881194210292 -0.001915570638302876 0.001915570638301563
7024 -0.002476440597105532 -0.001557785319152511 0.00155778531915049
7025 -0.003401354667781562 -0.0009774721551855348 0.002030662498594979
7026 -0.002600677333890973 -0.0007887360775937114 0.001615331249297415
7027 -0.003801693334727096 -0.002238328123244762 0.001071840193980696
7028 -0.003154473392887923 -0.00246912730829495 0.0009282755985147158
7029 -0.003444053007549597 -0.002048664581448816 0.0004887360775922665
7030 -0.003508735613481313 -0.00272328534277891 0.001014610021337549
7031 -0.003870707131978749 -0.002268362119763171 0.000536876743697132
7032 -0.003188180184262166 -0.002490485971211776 0.0004641377992573579
7033 -0.003564281206326227 -0.002759160647651962 0.000508474916370401
7034 -0.003001016000837335 -0.001822996873948077 0.0008831041163882709
7035 -0.002477236696444715 -0.001984563654148429 0.0007641377992569189
7036 -0.002622026503775785 -0.001624332290725659 0.0003943680387960044
7037 -0.002815855044666319 -0.00222684548122169 0.0008462066988858173
7038 -0.003033039755662691 -0.001836498436087238 0.0004415520581941354
7039 -0.002494090092131953 -0.00199524298560689 0.0003820688996284595
7040 -0.002841135138197208 -0.002242864478409482 0.0004231033494429086
7041 -0.002200338666946047 -0.001407665624650454 0.0006943680387957536
7042 -0.002138618348222357 -0.001742281827074561 0.000682068899627959
7043 -0.002211013251887892 -0.001412166145363522 0.0003471840193978768
7044 -0.002147045046066126 -0.001747621492803942 0.0003410344498140079
7045 -0.004193029693701561 -0.001150102593815793 0.001150102593815286
7046 -0.003557889211372393 -0.001535372286824925 0.00100877711511837
7047 -0.003767088254920259 -0.001051406111617855 0.0005200410375261035
7048 -0.004016020370163589 -0.001702100177379821 0.001114603632031074
7049 -0.004278809523484087 -0.001168056205439623 0.0005763844133049398
7050 -0.003605570631234928 -0.001550035346533336 0.0005043885575591849
7051 -0.00409431082375305 -0.001726381121369139 0.0005584922304190297
7052 -0.003235817816222063 -0.0009300615562904244 0.0009300615562892092
7053 -0.002678944605687006 -0.001217686143413576 0.0008043885575591101
7054 -0.002783544127461233 -0.000825703055809972 0.0004100205187631057
7055 -0.003118416908529699 -0.001376529215119251 0.00090658283633874
7056 -0.003275316191190745 -0.0009385545837139134 0.0004650307781446046
7057 -0.002702785315618509 -0.001225017673267816 0.000402194278779555
7058 -0.003154177973426717 -0.001387526509900575 0.0004532914181693698
7059 -0.002278605938740959 -0.000710020518764563 0.0007100205187633547
7060 -0.002239472302843503 -0.001058843071707508 0.0007021942787795543
7061 -0.002291772063730616 -0.0007128515279057348 0.0003550102593816773
7062 -0.002251392657809254 -0.001062508836634878 0.0003510971393897773
7063 -0.003767088254919699 -0.0005200410375266101 0.001051406111616857
7064 -0.004278809523483806 -0.0005763844133051959 0.001168056205439128
7065 -0.003821815649513508 -0.0005257030558089276 0.0005257030558084286
7066 -0.004368747930297295 -0.0005861331509449647 0.0005861331509516129
7067 -0.002783544127460615 -0.0004100205187638142 0.000825703055808721
7068 -0.003275316191190156 -0.0004650307781452122 0.0009385545837127892
7069 -0.002810907824757852 -0.000412851527904986 0.0004128515279043605
7070 -0.003316361737135732 -0.0004692772918569568 0.0004692772918563947
7071 -0.002291772063730308 -0.0003550102593822815 0.0007128515279048594
7072 -0.002305453912378927 -0.000356425763952864 0.0003564257639524264
7073 -0.003491101492762166 -0.002094463297877571 0.002094463297876915
7074 -0.002957127562695619 -0.002338472284741911 0.001822623000533605
7075 -0.003277117930996434 -0.001973116568449753 0.001446521396743048
7076 -0.003258611146808212 -0.002557540240747689 0.001985575484186883
7077 -0.003661077880643954 -0.002173575379669767 0.001589521428751983
7078 -0.003055800477791771 -0.002403799796518431 0.001375449299524161
7079 -0.003395659932657797 -0.002648599737157731 0.001505363507993156
7080 -0.002814660895657912 -0.001736677978727693 0.001736677978726027
7081 -0.002378563781348273 -0.001919236142371762 0.001511311500266409
7082 -0.002538558965498813 -0.001586558284226017 0.001173260698371249
7083 -0.002667845672021946 -0.002128854213556836 0.001666967250400007
7084 -0.002907838448247624 -0.001779837426337885 0.001309891047557149
7085 -0.002427900238896494 -0.001951899898260095 0.001137724649761664
7086 -0.002741850358344132 -0.002177849847389263 0.001256586974642912
7087 -0.002138220298552766 -0.001378892659576948 0.001378892659574982
7088 -0.002089281890674136 -0.001709618071186227 0.001355655750132702
7089 -0.002169279482749407 -0.001393279142113701 0.001036630349185368
7090 -0.002113950119448247 -0.001725949949130394 0.001018862324880185
7091 -0.003801693334726588 -0.001071840193981197 0.002238328123243936
7092 -0.003277117930995927 -0.001446521396744205 0.001973116568448271
7093 -0.003557889211371885 -0.001008777115119378 0.001535372286823593
7094 -0.0036610778806437 -0.001589521428752561 0.002173575379669027
7095 -0.004016020370163335 -0.001114603632031583 0.001702100177379154
7096 -0.00341750357118416 -0.001490946841784565 0.001490946841783321
7097 -0.003855551554886365 -0.001651357174627184 0.00165135717462454
7098 -0.003001016000836268 -0.0008831041163896231 0.001822996873946197
7099 -0.002538558965498253 -0.001173260698373111 0.001586558284223953
7100 -0.002678944605686445 -0.0008043885575606699 0.001217686143411813
7101 -0.00290783844824709 -0.001309891047558658 0.001779837426336112
7102 -0.003118416908529165 -0.0009065828363400238 0.001376529215117703
7103 -0.002608751785592629 -0.001195473420893343 0.001195473420891531
7104 -0.003013127678388394 -0.001343210131338955 0.001343210131337426
7105 -0.002200338666945486 -0.0006943680387976043 0.001407665624648922
7106 -0.002169279482749126 -0.001036630349187276 0.001393279142111952
7107 -0.002239472302843222 -0.0007021942787810837 0.001058843071706138
7108 -0.002204375892796314 -0.001047736710447392 0.001047736710445753
7109 -0.003444053007548081 -0.0004887360775927674 0.002048664581447038
7110 -0.003870707131977991 -0.0005368767436973825 0.002268362119762282
7111 -0.00360557063123389 -0.0005043885575596888 0.001550035346531948
7112 -0.004094310823751493 -0.0005584922304674293 0.001726381121355448
7113 -0.002622026503774112 -0.0003943680387968557 0.001624332290723554
7114 -0.003033039755661097 -0.0004415520581948115 0.001836498436085296
7115 -0.002702785315617364 -0.0004021942787803349 0.001225017673266137
7116 -0.003154177973425628 -0.0004532914181700119 0.001387526509899042
7117 -0.002211013251887056 -0.0003471840193988022 0.001412166145362231
7118 -0.002251392657808682 -0.0003510971393905418 0.001062508836633795
7119 -0.002957127562695106 -0.001822623000534709 0.002338472284740742
7120 -0.003258611146854016 -0.001985575484037994 0.002557540240803684
7121 -0.002800032488467782 -0.002232780207387583 0.002232780207386775
7122 -0.00307038659148854 -0.002431658688949857 0.00243165868905873
7123 -0.002378563781347706 -0.00151131150026834 0.001919236142370185
7124 -0.002667845672021406 -0.001666967250401525 0.002128854213555463
7125 -0.002300016244234183 -0.001866390103694501 0.001866390103693252
7126 -0.002550024366351082 -0.002049585155541142 0.002049585155540113
7127 -0.002089281890673853 -0.001355655750134863 0.001709618071184961
7128 -0.002050008122117091 -0.001683195051847598 0.001683195051846384
7129 -0.003154473392886449 -0.0009282755985156914 0.002469127308293156
7130 -0.003508735613281418 -0.001014610020589812 0.00272328534331307
7131 -0.003055800477790777 -0.0013754492995252 0.002403799796516949
7132 -0.003395659932661188 -0.001505363507315572 0.002648599737535218
7133 -0.002477236696443087 -0.0007641377992587423 0.001984563654146307
7134 -0.002815855044664768 -0.0008462066988872168 0.002226845481219732
7135 -0.002427900238895396 -0.001137724649763541 0.001951899898258246
7136 -0.002741850358343087 -0.001256586974644371 0.002177849847387597
7137 -0.002138618348221543 -0.0006820688996301198 0.001742281827073261
7138 -0.002113950119447698 -0.001018862324882741 0.001725949949129111
7139 -0.003188180184260247 -0.0004641377992578457 0.002490485971209725
7140 -0.003564281206166568 -0.000508474916020601 0.002759160647921745
7141 -0.002494090092129834 -0.0003820688996293712 0.001995242985604555
7142 -0.002841135138194836 -0.0004231033494436084 0.002242864478406935
7143 -0.002147045046064883 -0.0003410344498150564 0.001747621492802472
7144 -0.003714423753512266 0.001040082077739508 -0.001040082077739854
7145 -0.002757211876756952 0.0008200410388693638 -0.0008200410388694482
7146 -0.003401354665903918 0.002030662501343865 -0.000977472156183744
7147 -0.002600677332952157 0.00161533125067138 -0.0007887360780913181
7148 -0.003401354665904932 0.0009774721561840753 -0.002030662501344877
7149 -0.002600677332953278 0.0007887360780922807 -0.001615331250672216
7150 -0.003152881192951594 0.001915570639361956 -0.001915570639361994
7151 -0.002476440596476189 0.001557785319681167 -0.001557785319680639
7152 -0.004193029691889148 0.001150102597174666 -0.001150102597174838
7153 -0.003767088253614644 0.0005200410388697539 -0.001051406115127663
7154 -0.003767088253614084 0.001051406115126999 -0.0005200410388699269
7155 -0.004278809521981245 0.0005763844149875559 -0.001168056209866394
7156 -0.004278809521980965 0.001168056209866064 -0.0005763844149876441
7157 -0.003821815648570379 0.0005257030575634997 -0.0005257030575638317
7158 -0.004368747929446095 0.0005861331532638725 -0.0005861331532739857
7159 -0.003235817815134609 0.0009300615583044358 -0.000930061558304651
7160 -0.002783544126808429 0.0004100205194346819 -0.000825703057563378
7161 -0.00278354412680781 0.0008257030575627935 -0.0004100205194347241
7162 -0.003275316190211536 0.0004650307791522179 -0.0009385545863455208
7163 -0.003275316190210947 0.0009385545863448964 -0.0004650307791523255
7164 -0.002810907824286289 0.0004128515287813968 -0.000412851528781689
7165 -0.003316361736428386 0.0004692772931724482 -0.0004692772931727604
7166 -0.002278605938378476 0.0007100205194344312 -0.0007100205194339737
7167 -0.002291772063404214 0.0003550102597172156 -0.0007128515287809385
7168 -0.002291772063403905 0.0007128515287808962 -0.0003550102597169869
7169 -0.002305453912143145 0.0003564257643904766 -0.0003564257643904976
7170 -0.003801693332379547 0.002238328126680287 -0.001071840195229711
7171 -0.003557889209708092 0.001535372289541686 -0.001008777116961799
7172 -0.003444053005341235 0.002048664585017287 -0.000488736078091872
7173 -0.004016020368097792 0.001702100180793509 -0.001114603634328131
7174 -0.00387070712925517 0.002268362124261285 -0.0005368767443005105
7175 -0.003605570629477659 0.001550035350072143 -0.0005043885584808995
7176 -0.004094310821252731 0.001726381126808152 -0.0005584922316144637
7177 -0.003001015999428038 0.001822996876007622 -0.000883104117137531
7178 -0.002678944604854554 0.001217686144770372 -0.0008043885584803831
7179 -0.002622026502670691 0.001624332292507723 -0.000394368039045659
7180 -0.003118416907281324 0.001376529217156029 -0.000906582837721091
7181 -0.003033039754005962 0.001836498438762505 -0.0004415520585687655
7182 -0.00270278531473925 0.001225017675035258 -0.0004021942792401915
7183 -0.003154177972108456 0.0013875265125537 -0.0004532914188605455
7184 -0.002200338666476078 0.001407665625335427 -0.0006943680390449086
7185 -0.002239472302427277 0.001058843072384929 -0.000702194279239441
7186 -0.002211013251335345 0.00141216614625336 -0.0003471840195224543
7187 -0.002251392657369626 0.001062508837516982 -0.0003510971396197204
7188 -0.003154473391947627 0.0024691273096676 -0.0009282755990142964
7189 -0.003508735610721999 0.002723285347711353 -0.001014610018136185
7190 -0.003188180183156824 0.002490485972994851 -0.0004641377995071482
7191 -0.003564281203961535 0.00275916065122558 -0.0005084749147230402
7192 -0.002477236695973679 0.00198456365483329 -0.0007641377995065463
7193 -0.002815855043960653 0.002226845482250445 -0.0008462066992604213
7194 -0.002494090091578124 0.00199524298649664 -0.0003820688997532731
7195 -0.002841135137367268 0.00224286447974554 -0.0004231033496302106
7196 -0.002138618347986839 0.001742281827416514 -0.0006820688997525226
7197 -0.002147045045789028 0.001747621493248044 -0.0003410344498762899
7198 -0.003801693332380054 0.001071840195229877 -0.002238328126680793
7199 -0.00344405300534275 0.0004887360780920376 -0.002048664585018746
7200 -0.003557889209708599 0.001008777116961792 -0.001535372289542365
7201 -0.003870707129255927 0.000536876744300594 -0.002268362124262013
7202 -0.004016020368098045 0.001114603634328132 -0.001702100180793847
7203 -0.003605570629478697 0.0005043885584808958 -0.001550035350073205
7204 -0.00409431082125843 0.0005584922315617614 -0.001726381126813173
7205 -0.003001015999429105 0.0008831041171381781 -0.001822996876008546
7206 -0.002622026502672364 0.0003943680390461404 -0.001624332292509193
7207 -0.002678944604855115 0.0008043885584808222 -0.001217686144770832
7208 -0.003033039754007556 0.000441552058569089 -0.001836498438763969
7209 -0.003118416907281857 0.0009065828377213068 -0.001376529217156599
7210 -0.002702785314740396 0.0004021942792404111 -0.001225017675036285
7211 -0.003154177972109546 0.0004532914188606533 -0.001387526512554745
7212 -0.002200338666476639 0.0006943680390463893 -0.001407665625335367
7213 -0.002211013251336182 0.0003471840195231946 -0.001412166146253856
7214 -0.002239472302427557 0.0007021942792404103 -0.001058843072384671
7215 -0.002251392657370199 0.0003510971396202051 -0.001062508837517251
7216 -0.003491101491188808 0.002094463299202173 -0.002094463299202191
7217 -0.003277117929428263 0.001446521397773016 -0.001973116570353436
7218 -0.003277117929427757 0.00197311657035291 -0.001446521397772869
7219 -0.0036610778787026 0.001589521430019543 -0.002173575382044225
7220 -0.003661077878702346 0.002173575382043963 -0.001589521430019469
7221 -0.003417503569568177 0.001490946843657351 -0.001490946843657617
7222 -0.003855551552918406 0.001651357176937462 -0.001651357176936737
7223 -0.002814660894713892 0.001736677979521562 -0.001736677979521316
7224 -0.002538558964714733 0.001173260698886724 -0.001586558285176427
7225 -0.002538558964714173 0.001586558285176274 -0.001173260698885978
7226 -0.002907838447071498 0.00130989104832987 -0.001779837427764931
7227 -0.002907838447070964 0.001779837427764592 -0.001309891048329424
7228 -0.002608751784784644 0.001195473421828548 -0.001195473421828405
7229 -0.003013127677176411 0.00134321013274295 -0.001343210132743011
7230 -0.002138220298238095 0.001378892659840798 -0.001378892659839579
7231 -0.002169279482357366 0.001036630349443594 -0.001393279142587473
7232 -0.002169279482357087 0.001393279142588113 -0.001036630349442244
7233 -0.002204375892392322 0.001047736710914262 -0.001047736710913457
7234 -0.002957127562065757 0.002338472285270938 -0.001822623001063791
7235 -0.003258611146423158 0.00255754023947837 -0.001985575486550386
7236 -0.003055800477006692 0.002403799797469269 -0.001375449300039043
7237 -0.003395659931336474 0.002648599739161962 -0.001505363507667227
7238 -0.002378563781033034 0.001919236142635523 -0.001511311500531449
7239 -0.002667845671549395 0.002128854213953231 -0.00166696725079762
7240 -0.002427900238503357 0.001951899898734407 -0.001137724650018998
7241 -0.002741850357755025 0.002177849848101839 -0.001256586975029021
7242 -0.002089281890516517 0.001709618071317869 -0.001355655750264984
7243 -0.002113950119251678 0.001725949949367192 -0.001018862325008607
7244 -0.0031544733919491 0.0009282755990149867 -0.002469127309669073
7245 -0.003508735612141533 0.001014610021618927 -0.002723285344583655
7246 -0.003188180183158743 0.0004641377995074934 -0.002490485972996741
7247 -0.003564281204834904 0.0005084749164974606 -0.002759160649766877
7248 -0.002477236695975307 0.0007641377995080544 -0.001984563654834776
7249 -0.002815855043962204 0.0008462066992615206 -0.002226845482251924
7250 -0.002494090091580243 0.0003820688997540272 -0.001995242986498657
7251 -0.002841135137369642 0.0004231033496307602 -0.002242864479747847
7252 -0.002138618347987654 0.0006820688997545262 -0.001742281827417018
7253 -0.00214704504579027 0.0003410344498772597 -0.001747621493249116
7254 -0.002957127562066271 0.00182262300106428 -0.00233847228527147
7255 -0.003258611146378345 0.001985575486542969 -0.002557540239542352
7256 -0.003055800477007686 0.001375449300039633 -0.002403799797470272
7257 -0.003395659931933254 0.001505363509103659 -0.002648599737580963
7258 -0.002378563781033601 0.001511311500532703 -0.001919236142635826
7259 -0.002667845671549936 0.001666967250798491 -0.002128854213953648
7260 -0.002427900238504453 0.001137724650020379 -0.001951899898735301
7261 -0.002741850357756069 0.001256586975030006 -0.002177849848102787
7262 -0.0020892818905168 0.001355655750266805 -0.001709618071317542
7263 -0.002113950119252227 0.001018862325010916 -0.00172594994936728
7264 -0.002800032488153107 0.002232780207652111 -0.002232780207652124
7265 -0.003070386591310665 0.002431658689133345 -0.002431658689166262
7266 -0.002300016244076848 0.001866390103826398 -0.001866390103826055
7267 -0.002550024366115078 0.002049585155739357 -0.00204958515573919
7268 -0.002050008122038424 0.001683195051913428 -0.001683195051912667
7269 -0.003401354668878766 0.0009774721539902442 0.002030662497276991
7270 -0.00260067733443902 0.0007887360769940608 0.001615331248638588
7271 -0.00315288119615432 0.001915570637438632 0.00191557063588478
7272 -0.002476440598076515 0.001557785318717967 0.001557785317942474
7273 -0.003714423755011218 0.001040082076531131 0.001040082073386476
7274 -0.002757211877505785 0.0008200410382645123 0.0008200410366936838
7275 -0.003401354667665908 0.002030662500272975 0.0009774721520756148
7276 -0.00260067733383259 0.001615331250135145 0.0007887360760382447
7277 -0.003801693336098862 0.001071840192488528 0.002238328121596669
7278 -0.003444053008096683 0.0004887360769951221 0.002048664580788044
7279 -0.00315447339369149 0.0009282755961714548 0.002469127307890603
7280 -0.003870707132624251 0.000536876742912815 0.002268362118904555
7281 -0.003508735613838113 0.001014610017098455 0.00272328534376933
7282 -0.003188180184662768 0.0004641377980857274 0.002490485971008448
7283 -0.003564281206349202 0.0005084749143133351 0.002759160648050053
7284 -0.003001016001658893 0.0008831041154921525 0.00182299687295779
7285 -0.002622026504048135 0.0003943680384970304 0.00162433229039414
7286 -0.002477236696845112 0.0007641377980846731 0.001984563653944896
7287 -0.00303303975607241 0.0004415520577460763 0.001836498435591092
7288 -0.002815855045268301 0.000846206697128064 0.00222684548091775
7289 -0.002494090092330847 0.0003820688990423366 0.001995242985503849
7290 -0.002841135138496602 0.000423103348564032 0.002242864478255943
7291 -0.00220033866721951 0.00069436803849628 0.001407665624319987
7292 -0.002211013252024068 0.00034718401924814 0.001412166145197763
7293 -0.002138618348422556 0.0006820688990415862 0.001742281826972795
7294 -0.002147045046165389 0.0003410344495208216 0.001747621492752239
7295 -0.003491101495193617 0.002094463296799338 0.002094463294856308
7296 -0.003277117932516543 0.001446521395714438 0.001973116566580886
7297 -0.002957127564247989 0.001822622998210408 0.002338472284113219
7298 -0.00366107788258631 0.001589521427433296 0.00217357537730787
7299 -0.003258611149157313 0.001985575482435482 0.002557540238872979
7300 -0.00305580047896974 0.001375449297190931 0.002403799796001911
7301 -0.003395659934365221 0.001505363504092844 0.00264859973700053
7302 -0.002814660897115418 0.0017366779780783 0.001736677976913628
7303 -0.002538558966257767 0.001173260697856014 0.001586558283290531
7304 -0.002378563782123228 0.001511311499103875 0.001919236142056208
7305 -0.002907838449387155 0.001309891046785226 0.001779837424935709
7306 -0.002667845673185609 0.001666967248657141 0.002128854213084713
7307 -0.002427900239484171 0.001137724648594274 0.001951899898000552
7308 -0.002741850359226956 0.001256586972892603 0.002177849847001232
7309 -0.002138220299038257 0.001378892659358243 0.00137889265897193
7310 -0.002169279483128884 0.001036630348927261 0.001393279141645958
7311 -0.002089281891061614 0.001355655749551197 0.00170961807102845
7312 -0.002113950119742085 0.001018862324296245 0.001725949949000623
7313 -0.002957127564231615 0.002338472284873771 0.001822622997487191
7314 -0.003258611149061286 0.002557540240395519 0.001985575480743241
7315 -0.00280003248952567 0.002232780206506879 0.002232780206153458
7316 -0.003070386593296346 0.002431658688217643 0.002431658687110647
7317 -0.002378563782115041 0.001919236142435768 0.0015113114987437
7318 -0.002667845673173328 0.00212885421365477 0.001666967248115445
7319 -0.002300016244762032 0.001866390103252356 0.001866390103076362
7320 -0.002550024367143719 0.002049585154879486 0.002049585154614777
7321 -0.002089281891057521 0.001709618071217514 0.001355655749372542
7322 -0.00205000812238101 0.001683195051625812 0.001683195051538522
7323 -0.004193029693763662 0.001150102595664679 0.00115010259173311
7324 -0.003767088254944204 0.0005200410382655656 0.001051406110783992
7325 -0.003557889211944992 0.001008777115260688 0.001535372285331734
7326 -0.00427880952359003 0.0005763844142251633 0.001168056204401166
7327 -0.004016020370912433 0.001114603632171577 0.001702100175480565
7328 -0.003605570631520444 0.0005043885576303438 0.001550035345786018
7329 -0.004094310824140003 0.0005584922304973371 0.001726381120393543
7330 -0.003235817816258502 0.0009300615573978217 0.0009300615550400798
7331 -0.002783544127472549 0.0004100205191322562 0.0008257030553924572
7332 -0.002678944605972402 0.0008043885576292866 0.001217686142666136
7333 -0.003275316191208377 0.0004650307786989109 0.0009385545830882245
7334 -0.003118416908958698 0.0009065828364449871 0.001376529213998934
7335 -0.002702785315760342 0.0004021942788146433 0.001225017672893299
7336 -0.003154177973640392 0.0004532914182224935 0.001387526509339658
7337 -0.002278605938752892 0.0007100205191315057 0.0007100205183475906
7338 -0.002291772063736274 0.0003550102595657528 0.0007128515276969775
7339 -0.002239472302986201 0.0007021942788138927 0.001058843071333789
7340 -0.002251392657880171 0.0003510971394069465 0.00106250883644762
7341 -0.003801693334582789 0.002238328125342365 0.001071840190094492
7342 -0.003557889211338563 0.001535372288402053 0.001008777112731045
7343 -0.003277117931910114 0.001973116568855804 0.001446521393980198
7344 -0.004016020370147283 0.00170210017935739 0.001114603629014477
7345 -0.003661077881857085 0.002173575380149333 0.001589521425225856
7346 -0.003417503571927553 0.001490946842058246 0.001490946839655965
7347 -0.003855551555929895 0.001651357174886308 0.001651357171846437
7348 -0.003001016000749249 0.00182299687520406 0.0008831041140569297
7349 -0.002678944605669187 0.001217686144199829 0.0008043885563659642
7350 -0.002538558965954552 0.001586558284426556 0.001173260696990359
7351 -0.003118416908503876 0.001376529216300941 0.0009065828345485047
7352 -0.002907838448932333 0.00177983742664118 0.001309891045485279
7353 -0.002608751785963477 0.001195473421027921 0.001195473419828248
7354 -0.003013127678945515 0.001343210131543083 0.001343210129742107
7355 -0.002200338666916295 0.001407665625066832 0.000694368038019871
7356 -0.002239472302834594 0.001058843072099169 0.0007021942781837308
7357 -0.002169279482977276 0.001393279142212537 0.0010366303484959
7358 -0.002204375892981739 0.001047736710513215 0.001047736709914844
7359 -0.003154473393112874 0.002469127309416408 0.0009282755950256121
7360 -0.00350873561259864 0.002723285346643334 0.001014610014150121
7361 -0.003055800478672244 0.002403799797145089 0.001375449296256402
7362 -0.003395659933695702 0.002648599739189216 0.001505363501953961
7363 -0.002477236696555803 0.001984563654707081 0.0007641377975132508
7364 -0.002815855044834339 0.002226845482061745 0.0008462066962694314
7365 -0.002427900239335422 0.001951899898571425 0.001137724648128475
7366 -0.002741850359003832 0.002177849847858257 0.001256586972192438
7367 -0.002138618348277902 0.00174228182735317 0.0006820688987573742
7368 -0.002113950119667711 0.001725949949285342 0.001018862324065208
7369 -0.00376708825436356 0.001051406114522811 0.0005200410366932379
7370 -0.004278809522712073 0.001168056209061491 0.0005763844122213836
7371 -0.003821815649235159 0.0005257030572614056 0.0005257030553919959
7372 -0.004368747930042898 0.0005861331528801952 0.0005861331504104342
7373 -0.002783544127182226 0.0008257030572603678 0.0004100205183468419
7374 -0.003275316190772893 0.0009385545858915894 0.0004650307775200399
7375 -0.002810907824618349 0.0004128515286301839 0.0004128515276962286
7376 -0.003316361736926807 0.0004692772929457947 0.0004692772915441122
7377 -0.002291772063591113 0.0007128515286294334 0.0003550102591737953
7378 -0.002305453912309174 0.0003564257643147452 0.0003564257638484853
7379 -0.00344405300622223 0.002048664584481843 0.0004887360760378074
7380 -0.00387070713019854 0.002268362123500626 0.0005368767416759781
7381 -0.003605570630292895 0.001550035349502327 0.0005043885563655226
7382 -0.004094310822088157 0.001726381126013619 0.0005584922289390967
7383 -0.002622026503110907 0.001624332292239606 0.0003943680380191223
7384 -0.003033039754666568 0.001836498438360724 0.0004415520570284649
7385 -0.002702785315146567 0.001225017674749987 0.0004021942781829821
7386 -0.003154177972719731 0.001387526512126156 0.0004532914172742521
7387 -0.002211013251555453 0.001412166146119062 0.0003471840190099355
7388 -0.002251392657573284 0.001062508837374102 0.0003510971390918653
7389 -0.003188180183739448 0.002490485972869254 0.0004641377975128061
7390 -0.003564281204794268 0.002759160650614753 0.0005084749128683263
7391 -0.002494090091869186 0.001995242986433535 0.0003820688987566254
7392 -0.002841135137804113 0.002242864479651191 0.0004231033481347157
7393 -0.00214704504593456 0.001747621493216373 0.0003410344493786837
$EndNodes
$Elements
866
1 15 2 2 39 38
2 15 2 1 44 43
3 12 2 3 1 1 54 694 70 100 819 3394 746 56 73 103 698 824 699 3402 757 823 764 3403 3404 700 825 765 3405 3406 3407 3408
4 12 2 3 1 100 819 3394 746 99 820 3395 747 823 764 102 3403 827 3404 3409 760 826 766 3410 3411 3407 828 767 3412 3413 3414 3415
5 12 2 3 1 99 820 3395 747 4 90 719 74 826 766 101 3410 829 3411 3416 762 93 76 724 723 3414 830 768 3417 3418 725 3419
6 12 2 3 1 70 694 695 69 746 3394 3396 744 699 72 757 701 3402 702 3420 749 3404 756 3421 3422 703 3406 758 3423 3424 3425 3426
7 12 2 3 1 746 3394 3396 744 747 3395 3397 745 3404 756 760 3421 3409 3422 3427 752 3411 759 3428 3429 3425 3413 761 3430 3431 3432 3433
8 12 2 3 1 747 3395 3397 745 74 719 721 75 3411 759 762 3428 3416 3429 3434 754 723 77 732 731 3432 3418 763 3435 3436 733 3437
9 12 2 3 1 69 695 65 10 744 3396 771 94 702 71 749 704 3420 68 782 96 3422 748 3438 789 705 3424 750 3439 790 3440 3441
10 12 2 3 1 744 3396 771 94 745 3397 772 95 3422 748 752 3438 3427 789 785 97 3429 751 3442 791 3440 3431 753 3443 792 3444 3445
11 12 2 3 1 745 3397 772 95 75 721 79 13 3429 751 754 3442 3434 791 787 98 731 78 739 81 3444 3436 755 3446 793 740 3447
12 12 2 3 1 54 55 696 694 819 821 3398 3394 57 698 824 706 832 707 3448 3402 831 3403 3449 3450 708 833 3405 3451 3452 3453 3454
13 12 2 3 1 819 821 3398 3394 820 822 3399 3395 831 3403 827 3449 835 3450 3455 3409 834 3410 3456 3457 3453 836 3412 3458 3459 3460 3461
14 12 2 3 1 820 822 3399 3395 90 89 720 719 834 3410 829 3456 837 3457 3462 3416 92 724 727 726 3460 838 3417 3463 3464 728 3465
15 12 2 3 1 694 696 697 695 3394 3398 3400 3396 707 701 3402 709 3448 710 3466 3420 3450 3421 3467 3468 711 3452 3423 3469 3470 3471 3472
16 12 2 3 1 3394 3398 3400 3396 3395 3399 3401 3397 3450 3421 3409 3467 3455 3468 3473 3427 3457 3428 3474 3475 3471 3459 3430 3476 3477 3478 3479
17 12 2 3 1 3395 3399 3401 3397 719 720 722 721 3457 3428 3416 3474 3462 3475 3480 3434 726 732 735 734 3478 3464 3435 3481 3482 736 3483
18 12 2 3 1 695 697 64 65 3396 3400 769 771 710 704 3420 712 3466 67 774 782 3468 3438 3484 781 713 3470 3439 3485 783 3486 3487
19 12 2 3 1 3396 3400 769 771 3397 3401 770 772 3468 3438 3427 3484 3473 781 777 785 3475 3442 3488 784 3486 3477 3443 3489 786 3490 3491
20 12 2 3 1 3397 3401 770 772 721 722 80 79 3475 3442 3434 3488 3480 784 779 787 734 739 741 82 3490 3482 3446 3492 788 742 3493
21 12 2 3 1 55 2 59 696 821 109 794 3398 58 706 832 61 111 714 799 3448 839 3449 798 3494 715 840 3451 800 3495 3496 3497
22 12 2 3 1 821 109 794 3398 822 110 795 3399 839 3449 835 798 112 3494 802 3455 841 3456 801 3498 3496 842 3458 803 3499 3500 3501
23 12 2 3 1 822 110 795 3399 89 5 85 720 841 3456 837 801 113 3498 804 3462 91 727 88 729 3500 843 3463 805 3502 730 3503
24 12 2 3 1 696 59 60 697 3398 794 796 3400 714 709 3448 62 799 716 807 3466 3494 3467 806 3504 717 3495 3469 808 3505 3506 3507
25 12 2 3 1 3398 794 796 3400 3399 795 797 3401 3494 3467 3455 806 802 3504 810 3473 3498 3474 809 3508 3506 3499 3476 811 3509 3510 3511
26 12 2 3 1 3399 795 797 3401 720 85 84 722 3498 3474 3462 809 804 3508 812 3480 729 735 87 737 3510 3502 3481 813 3512 738 3513
27 12 2 3 1 697 60 11 64 3400 796 104 769 716 712 3466 63 807 66 106 774 3504 3484 814 773 718 3505 3485 815 775 3514 3515
28 12 2 3 1 3400 796 104 769 3401 797 105 770 3504 3484 3473 814 810 773 107 777 3508 3488 816 776 3514 3509 3489 817 778 3516 3517
29 12 2 3 1 3401 797 105 770 722 84 14 80 3508 3488 3480 816 812 776 108 779 737 741 86 83 3516 3512 3492 818 780 743 3518
30 12 2 3 2 2 114 844 59 109 944 3519 794 116 61 111 848 949 849 3527 799 948 798 3528 3529 850 950 800 3530 3531 3532 3533
31 12 2 3 2 109 944 3519 794 110 945 3520 795 948 798 112 3528 952 3529 3534 802 951 801 3535 3536 3532 953 803 3537 3538 3539 3540
32 12 2 3 2 110 945 3520 795 5 140 871 85 951 801 113 3535 954 3536 3541 804 143 88 889 882 3539 955 805 3542 3543 890 3544
33 12 2 3 2 59 844 845 60 794 3519 3521 796 849 62 799 851 3527 852 3545 807 3529 806 3546 3547 853 3531 808 3548 3549 3550 3551
34 12 2 3 2 794 3519 3521 796 795 3520 3522 797 3529 806 802 3546 3534 3547 3552 810 3536 809 3553 3554 3550 3538 811 3555 3556 3557 3558
35 12 2 3 2 795 3520 3522 797 85 871 869 84 3536 809 804 3553 3541 3554 3559 812 882 87 881 874 3557 3543 813 3560 3561 883 3562
36 12 2 3 2 60 845 125 11 796 3521 896 104 852 63 807 854 3545 128 907 106 3547 814 3563 914 855 3549 815 3564 915 3565 3566
37 12 2 3 2 796 3521 896 104 797 3522 897 105 3547 814 810 3563 3552 914 910 107 3554 816 3567 916 3565 3556 817 3568 917 3569 3570
38 12 2 3 2 797 3522 897 105 84 869 129 14 3554 816 812 3567 3559 916 912 108 874 86 873 131 3569 3561 818 3571 918 875 3572
39 12 2 3 2 114 115 846 844 944 946 3523 3519 117 848 949 856 957 857 3573 3527 956 3528 3574 3575 858 958 3530 3576 3577 3578 3579
40 12 2 3 2 944 946 3523 3519 945 947 3524 3520 956 3528 952 3574 960 3575 3580 3534 959 3535 3581 3582 3578 961 3537 3583 3584 3585 3586
41 12 2 3 2 945 947 3524 3520 140 139 872 871 959 3535 954 3581 962 3582 3587 3541 142 889 891 885 3585 963 3542 3588 3589 892 3590
42 12 2 3 2 844 846 847 845 3519 3523 3525 3521 857 851 3527 859 3573 860 3591 3545 3575 3546 3592 3593 861 3577 3548 3594 3595 3596 3597
43 12 2 3 2 3519 3523 3525 3521 3520 3524 3526 3522 3575 3546 3534 3592 3580 3593 3598 3552 3582 3553 3599 3600 3596 3584 3555 3601 3602 3603 3604
44 12 2 3 2 3520 3524 3526 3522 871 872 870 869 3582 3553 3541 3599 3587 3600 3605 3559 885 881 884 877 3603 3589 3560 3606 3607 886 3608
45 12 2 3 2 845 847 124 125 3521 3525 894 896 860 854 3545 862 3591 127 899 907 3593 3563 3609 906 863 3595 3564 3610 908 3611 3612
46 12 2 3 2 3521 3525 894 896 3522 3526 895 897 3593 3563 3552 3609 3598 906 902 910 3600 3567 3613 909 3611 3602 3568 3614 911 3615 3616
47 12 2 3 2 3522 3526 895 897 869 870 130 129 3600 3567 3559 3613 3605 909 904 912 877 873 876 132 3615 3607 3571 3617 913 878 3618
48 12 2 3 2 115 3 119 846 946 149 919 3523 118 856 957 121 151 864 924 3573 964 3574 923 3619 865 965 3576 925 3620 3621 3622
49 12 2 3 2 946 149 919 3523 947 150 920 3524 964 3574 960 923 152 3619 927 3580 966 3581 926 3623 3621 967 3583 928 3624 3625 3626
50 12 2 3 2 947 150 920 3524 139 6 135 872 966 3581 962 926 153 3623 929 3587 141 891 138 887 3625 968 3588 930 3627 893 3628
51 12 2 3 2 846 119 120 847 3523 919 921 3525 864 859 3573 122 924 866 932 3591 3619 3592 931 3629 867 3620 3594 933 3630 3631 3632
52 12 2 3 2 3523 919 921 3525 3524 920 922 3526 3619 3592 3580 931 927 3629 935 3598 3623 3599 934 3633 3631 3624 3601 936 3634 3635 3636
53 12 2 3 2 3524 920 922 3526 872 135 134 870 3623 3599 3587 934 929 3633 937 3605 887 884 137 879 3635 3627 3606 938 3637 888 3638
54 12 2 3 2 847 120 12 124 3525 921 144 894 866 862 3591 123 932 126 146 899 3629 3609 939 898 868 3630 3610 940 900 3639 3640
55 12 2 3 2 3525 921 144 894 3526 922 145 895 3629 3609 3598 939 935 898 147 902 3633 3613 941 901 3639 3634 3614 942 903 3641 3642
56 12 2 3 2 3526 922 145 895 870 134 15 130 3633 3613 3605 941 937 901 148 904 879 876 136 133 3641 3637 3617 943 905 880 3643
57 12 2 3 3 719 74 4 90 3644 994 180 1071 723 724 3652 76 998 93 183 1081 3653 3654 999 1089 725 3655 3656 1000 1090 3657 3658
58 12 2 3 3 3644 994 180 1071 3645 995 179 1072 3653 3654 3659 999 1001 1089 182 1084 3660 3661 1002 1091 3657 3662 3663 1003 1092 3664 3665
59 12 2 3 3 3645 995 179 1072 969 154 7 170 3660 3661 3666 1002 1004 1091 181 1087 973 974 156 173 3664 3667 3668 1005 1093 975 3669
60 12 2 3 3 720 719 90 89 3646 3644 1071 1069 726 727 3670 724 3652 92 1081 1073 3671 3672 3654 1082 728 3673 3674 3656 1083 3675 3676
61 12 2 3 3 3646 3644 1071 1069 3647 3645 1072 1070 3671 3672 3677 3654 3659 1082 1084 1076 3678 3679 3661 1085 3675 3680 3681 3663 1086 3682 3683
62 12 2 3 3 3647 3645 1072 1070 970 969 170 169 3678 3679 3684 3661 3666 1085 1087 1079 976 977 974 172 3682 3685 3686 3668 1088 978 3687
63 12 2 3 3 85 720 89 5 1046 3646 1069 189 729 88 1056 727 3670 91 1073 191 3688 1064 3672 1074 730 3689 1065 3674 1075 3690 3691
64 12 2 3 3 1046 3646 1069 189 1047 3647 1070 190 3688 1064 1059 3672 3677 1074 1076 192 3692 1066 3679 1077 3690 3693 1067 3681 1078 3694 3695
65 12 2 3 3 1047 3647 1070 190 165 970 169 8 3692 1066 1062 3679 3684 1077 1079 193 979 168 977 171 3694 3696 1068 3686 1080 980 3697
66 12 2 3 3 721 75 74 719 3648 996 994 3644 731 732 3698 77 1006 723 998 3652 3699 3700 1007 3653 733 3701 3702 1008 3655 3703 3704
67 12 2 3 3 3648 996 994 3644 3649 997 995 3645 3699 3700 3705 1007 1009 3653 1001 3659 3706 3707 1010 3660 3703 3708 3709 1011 3662 3710 3711
68 12 2 3 3 3649 997 995 3645 971 155 154 969 3706 3707 3712 1010 1012 3660 1004 3666 981 982 157 973 3710 3713 3714 1013 3667 983 3715
69 12 2 3 3 722 721 719 720 3650 3648 3644 3646 734 735 3716 732 3698 726 3652 3670 3717 3718 3700 3671 736 3719 3720 3702 3673 3721 3722
70 12 2 3 3 3650 3648 3644 3646 3651 3649 3645 3647 3717 3718 3723 3700 3705 3671 3659 3677 3724 3725 3707 3678 3721 3726 3727 3709 3680 3728 3729
71 12 2 3 3 3651 3649 3645 3647 972 971 969 970 3724 3725 3730 3707 3712 3678 3666 3684 984 985 982 976 3728 3731 3732 3714 3685 986 3733
72 12 2 3 3 84 722 720 85 1044 3650 3646 1046 737 87 1048 735 3716 729 3670 1056 3734 1057 3718 3688 738 3735 1058 3720 3689 3736 3737
73 12 2 3 3 1044 3650 3646 1046 1045 3651 3647 1047 3734 1057 1051 3718 3723 3688 3677 1059 3738 1060 3725 3692 3736 3739 1061 3727 3693 3740 3741
74 12 2 3 3 1045 3651 3647 1047 164 972 970 165 3738 1060 1054 3725 3730 3692 3684 1062 987 167 985 979 3740 3742 1063 3732 3696 988 3743
75 12 2 3 3 79 13 75 721 1019 174 996 3648 81 739 1023 78 176 731 1006 3698 1024 3744 1014 3699 740 1025 3745 1015 3701 3746 3747
76 12 2 3 3 1019 174 996 3648 1020 175 997 3649 1024 3744 1026 1014 177 3699 1009 3705 1027 3748 1016 3706 3746 1028 3749 1017 3708 3750 3751
77 12 2 3 3 1020 175 997 3649 159 16 155 971 1027 3748 1029 1016 178 3706 1012 3712 161 989 158 981 3750 1030 3752 1018 3713 990 3753
78 12 2 3 3 80 79 721 722 1021 1019 3648 3650 82 741 1031 739 1023 734 3698 3716 1032 3754 3744 3717 742 1033 3755 3745 3719 3756 3757
79 12 2 3 3 1021 1019 3648 3650 1022 1020 3649 3651 1032 3754 1034 3744 1026 3717 3705 3723 1035 3758 3748 3724 3756 1036 3759 3749 3726 3760 3761
80 12 2 3 3 1022 1020 3649 3651 160 159 971 972 1035 3758 1037 3748 1029 3724 3712 3730 162 991 989 984 3760 1038 3762 3752 3731 992 3763
81 12 2 3 3 14 80 722 84 184 1021 3650 1044 83 86 186 741 1031 737 3716 1048 1039 1049 3754 3734 743 1040 1050 3755 3735 3764 3765
82 12 2 3 3 184 1021 3650 1044 185 1022 3651 1045 1039 1049 187 3754 1034 3734 3723 1051 1041 1052 3758 3738 3764 1042 1053 3759 3739 3766 3767
83 12 2 3 3 185 1022 3651 1045 17 160 972 164 1041 1052 188 3758 1037 3738 3730 1054 163 166 991 987 3766 1043 1055 3762 3742 993 3768
84 12 2 3 4 14 84 869 129 184 1044 3769 1119 86 131 186 874 1048 873 3777 1123 1049 1124 3778 3779 875 1050 1125 3780 3781 3782 3783
85 12 2 3 4 184 1044 3769 1119 185 1045 3770 1120 1049 1124 187 3778 1051 3779 3784 1126 1052 1127 3785 3786 3782 1053 1128 3787 3788 3789 3790
86 12 2 3 4 185 1045 3770 1120 17 164 1094 194 1052 1127 188 3785 1054 3786 3791 1129 166 196 1099 1098 3789 1055 1130 3792 3793 1100 3794
87 12 2 3 4 129 869 870 130 1119 3769 3771 1121 873 132 1123 877 3777 876 3795 1131 3779 1132 3796 3797 878 3781 1133 3798 3799 3800 3801
88 12 2 3 4 1119 3769 3771 1121 1120 3770 3772 1122 3779 1132 1126 3796 3784 3797 3802 1134 3786 1135 3803 3804 3800 3788 1136 3805 3806 3807 3808
89 12 2 3 4 1120 3770 3772 1122 194 1094 1095 195 3786 1135 1129 3803 3791 3804 3809 1137 1098 197 1102 1101 3807 3793 1138 3810 3811 1103 3812
90 12 2 3 4 130 870 134 15 1121 3771 1144 209 876 133 1131 879 3795 136 1148 211 3797 1139 3813 1149 880 3799 1140 3814 1150 3815 3816
91 12 2 3 4 1121 3771 1144 209 1122 3772 1145 210 3797 1139 1134 3813 3802 1149 1151 212 3804 1141 3817 1152 3815 3806 1142 3818 1153 3819 3820
92 12 2 3 4 1122 3772 1145 210 195 1095 199 18 3804 1141 1137 3817 3809 1152 1154 213 1101 198 1104 201 3819 3811 1143 3821 1155 1105 3822
93 12 2 3 4 84 85 871 869 1044 1046 3773 3769 87 874 1048 882 1056 881 3823 3777 1057 3778 3824 3825 883 1058 3780 3826 3827 3828 3829
94 12 2 3 4 1044 1046 3773 3769 1045 1047 3774 3770 1057 3778 1051 3824 1059 3825 3830 3784 1060 3785 3831 3832 3828 1061 3787 3833 3834 3835 3836
95 12 2 3 4 1045 1047 3774 3770 164 165 1096 1094 1060 3785 1054 3831 1062 3832 3837 3791 167 1099 1107 1106 3835 1063 3792 3838 3839 1108 3840
96 12 2 3 4 869 871 872 870 3769 3773 3775 3771 881 877 3777 885 3823 884 3841 3795 3825 3796 3842 3843 886 3827 3798 3844 3845 3846 3847
97 12 2 3 4 3769 3773 3775 3771 3770 3774 3776 3772 3825 3796 3784 3842 3830 3843 3848 3802 3832 3803 3849 3850 3846 3834 3805 3851 3852 3853 3854
98 12 2 3 4 3770 3774 3776 3772 1094 1096 1097 1095 3832 3803 3791 3849 3837 3850 3855 3809 1106 1102 1110 1109 3853 3839 3810 3856 3857 1111 3858
99 12 2 3 4 870 872 135 134 3771 3775 1146 1144 884 879 3795 887 3841 137 1156 1148 3843 3813 3859 1157 888 3845 3814 3860 1158 3861 3862
100 12 2 3 4 3771 3775 1146 1144 3772 3776 1147 1145 3843 3813 3802 3859 3848 1157 1159 1151 3850 3817 3863 1160 3861 3852 3818 3864 1161 3865 3866
101 12 2 3 4 3772 3776 1147 1145 1095 1097 200 199 3850 3817 3809 3863 3855 1160 1162 1154 1109 1104 1112 202 3865 3857 3821 3867 1163 1113 3868
102 12 2 3 4 85 5 140 871 1046 189 1171 3773 88 882 1056 143 191 889 1181 3823 1064 3824 1189 3869 890 1065 3826 1190 3870 3871 3872
103 12 2 3 4 1046 189 1171 3773 1047 190 1172 3774 1064 3824 1059 1189 192 3869 1184 3830 1066 3831 1191 3873 3871 1067 3833 1192 3874 3875 3876
104 12 2 3 4 1047 190 1172 3774 165 8 205 1096 1066 3831 1062 1191 193 3873 1187 3837 168 1107 208 1114 3875 1068 3838 1193 3877 1115 3878
105 12 2 3 4 871 140 139 872 3773 1171 1169 3775 889 885 3823 142 1181 891 1173 3841 3869 3842 1182 3879 892 3870 3844 1183 3880 3881 3882
106 12 2 3 4 3773 1171 1169 3775 3774 1172 1170 3776 3869 3842 3830 1182 1184 3879 1176 3848 3873 3849 1185 3883 3881 3874 3851 1186 3884 3885 3886
107 12 2 3 4 3774 1172 1170 3776 1096 205 204 1097 3873 3849 3837 1185 1187 3883 1179 3855 1114 1110 207 1116 3885 3877 3856 1188 3887 1117 3888
108 12 2 3 4 872 139 6 135 3775 1169 214 1146 891 887 3841 141 1173 138 216 1156 3879 3859 1174 1164 893 3880 3860 1175 1165 3889 3890
109 12 2 3 4 3775 1169 214 1146 3776 1170 215 1147 3879 3859 3848 1174 1176 1164 217 1159 3883 3863 1177 1166 3889 3884 3864 1178 1167 3891 3892
110 12 2 3 4 3776 1170 215 1147 1097 204 9 200 3883 3863 3855 1177 1179 1166 218 1162 1116 1112 206 203 3891 3887 3867 1180 1168 1118 3893
111 12 2 3 5 1194 64 11 219 3894 769 104 1294 1199 1198 3902 66 774 221 106 1299 3903 3904 773 1298 1200 3905 3906 775 1300 3907 3908
112 12 2 3 5 3894 769 104 1294 3895 770 105 1295 3903 3904 3909 773 777 1298 107 1302 3910 3911 776 1301 3907 3912 3913 778 1303 3914 3915
113 12 2 3 5 3895 770 105 1295 1220 80 14 245 3910 3911 3916 776 779 1301 108 1304 1227 1229 83 248 3914 3917 3918 780 1305 1230 3919
114 12 2 3 5 1195 1194 219 220 3896 3894 1294 1296 1202 1201 3920 1198 3902 222 1299 1307 3921 3922 3904 1306 1203 3923 3924 3906 1308 3925 3926
115 12 2 3 5 3896 3894 1294 1296 3897 3895 1295 1297 3921 3922 3927 3904 3909 1306 1302 1310 3928 3929 3911 1309 3925 3930 3931 3913 1311 3932 3933
116 12 2 3 5 3897 3895 1295 1297 1222 1220 245 244 3928 3929 3934 3911 3916 1309 1304 1312 1235 1237 1229 247 3932 3935 3936 3918 1313 1238 3937
117 12 2 3 5 224 1195 220 20 1269 3896 1296 254 1204 226 1274 1201 3920 223 1307 256 3938 1273 3922 1314 1205 3939 1275 3924 1315 3940 3941
118 12 2 3 5 1269 3896 1296 254 1270 3897 1297 255 3938 1273 1277 3922 3927 1314 1310 257 3942 1276 3929 1316 3940 3943 1278 3931 1317 3944 3945
119 12 2 3 5 1270 3897 1297 255 240 1222 244 23 3942 1276 1279 3929 3934 1316 1312 258 1241 243 1237 246 3944 3946 1280 3936 1318 1243 3947
120 12 2 3 5 1196 65 64 1194 3898 771 769 3894 1207 1206 3948 67 782 1199 774 3902 3949 3950 781 3903 1208 3951 3952 783 3905 3953 3954
121 12 2 3 5 3898 771 769 3894 3899 772 770 3895 3949 3950 3955 781 785 3903 777 3909 3956 3957 784 3910 3953 3958 3959 786 3912 3960 3961
122 12 2 3 5 3899 772 770 3895 1219 79 80 1220 3956 3957 3962 784 787 3910 779 3916 1224 1226 82 1227 3960 3963 3964 788 3917 1228 3965
123 12 2 3 5 1197 1196 1194 1195 3900 3898 3894 3896 1210 1209 3966 1206 3948 1202 3902 3920 3967 3968 3950 3921 1211 3969 3970 3952 3923 3971 3972
124 12 2 3 5 3900 3898 3894 3896 3901 3899 3895 3897 3967 3968 3973 3950 3955 3921 3909 3927 3974 3975 3957 3928 3971 3976 3977 3959 3930 3978 3979
125 12 2 3 5 3901 3899 3895 3897 1221 1219 1220 1222 3974 3975 3980 3957 3962 3928 3916 3934 1232 1234 1226 1235 3978 3981 3982 3964 3935 1236 3983
126 12 2 3 5 225 1197 1195 224 1271 3900 3896 1269 1212 227 1282 1209 3966 1204 3920 1274 3984 1281 3968 3938 1213 3985 1283 3970 3939 3986 3987
127 12 2 3 5 1271 3900 3896 1269 1272 3901 3897 1270 3984 1281 1285 3968 3973 3938 3927 1277 3988 1284 3975 3942 3986 3989 1286 3977 3943 3990 3991
128 12 2 3 5 1272 3901 3897 1270 239 1221 1222 240 3988 1284 1287 3975 3980 3942 3934 1279 1239 242 1234 1241 3990 3992 1288 3982 3946 1242 3993
129 12 2 3 5 230 10 65 1196 1246 94 771 3898 233 1214 1257 68 96 1207 782 3948 1264 3994 789 3949 1215 1265 3995 790 3951 3996 3997
130 12 2 3 5 1246 94 771 3898 1247 95 772 3899 1264 3994 1260 789 97 3949 785 3955 1266 3998 791 3956 3996 1267 3999 792 3958 4000 4001
131 12 2 3 5 1247 95 772 3899 234 13 79 1219 1266 3998 1262 791 98 3956 787 3962 236 1223 81 1224 4000 1268 4002 793 3963 1225 4003
132 12 2 3 5 229 230 1196 1197 1244 1246 3898 3900 232 1216 1249 1214 1257 1210 3948 3966 1256 4004 3994 3967 1217 1258 4005 3995 3969 4006 4007
133 12 2 3 5 1244 1246 3898 3900 1245 1247 3899 3901 1256 4004 1252 3994 1260 3967 3955 3973 1259 4008 3998 3974 4006 1261 4009 3999 3976 4010 4011
134 12 2 3 5 1245 1247 3899 3901 235 234 1219 1221 1259 4008 1254 3998 1262 3974 3962 3980 237 1231 1223 1232 4010 1263 4012 4002 3981 1233 4013
135 12 2 3 5 19 229 1197 225 249 1244 3900 1271 231 228 251 1216 1249 1212 3966 1282 1248 1289 4004 3984 1218 1250 1290 4005 3985 4014 4015
136 12 2 3 5 249 1244 3900 1271 250 1245 3901 1272 1248 1289 252 4004 1252 3984 3973 1285 1251 1291 4008 3988 4014 1253 1292 4009 3989 4016 4017
137 12 2 3 5 250 1245 3901 1272 22 235 1221 239 1251 1291 253 4008 1254 3988 3980 1287 238 241 1231 1239 4016 1255 1293 4012 3992 1240 4018
138 12 2 3 6 1319 124 12 259 4019 894 144 1394 1324 1323 4027 126 899 261 146 1399 4028 4029 898 1398 1325 4030 4031 900 1400 4032 4033
139 12 2 3 6 4019 894 144 1394 4020 895 145 1395 4028 4029 4034 898 902 1398 147 1402 4035 4036 901 1401 4032 4037 4038 903 1403 4039 4040
140 12 2 3 6 4020 895 145 1395 1347 130 15 275 4035 4036 4041 901 904 1401 148 1404 1366 1362 133 278 4039 4042 4043 905 1405 1368 4044
141 12 2 3 6 1320 1319 259 260 4021 4019 1394 1396 1327 1326 4045 1323 4027 262 1399 1407 4046 4047 4029 1406 1328 4048 4049 4031 1408 4050 4051
142 12 2 3 6 4021 4019 1394 1396 4022 4020 1395 1397 4046 4047 4052 4029 4034 1406 1402 1410 4053 4054 4036 1409 4050 4055 4056 4038 1411 4057 4058
143 12 2 3 6 4022 4020 1395 1397 1345 1347 275 274 4053 4054 4059 4036 4041 1409 1404 1412 1359 1354 1362 277 4057 4060 4061 4043 1413 1363 4062
144 12 2 3 6 264 1320 260 21 1369 4021 1396 279 1329 266 1374 1326 4045 263 1407 281 4063 1373 4047 1414 1330 4064 1375 4049 1415 4065 4066
145 12 2 3 6 1369 4021 1396 279 1370 4022 1397 280 4063 1373 1377 4047 4052 1414 1410 282 4067 1376 4054 1416 4065 4068 1378 4056 1417 4069 4070
146 12 2 3 6 1370 4022 1397 280 270 1345 274 24 4067 1376 1379 4054 4059 1416 1412 283 1351 273 1354 276 4069 4071 1380 4061 1418 1355 4072
147 12 2 3 6 1321 125 124 1319 4023 896 894 4019 1332 1331 4073 127 907 1324 899 4027 4074 4075 906 4028 1333 4076 4077 908 4030 4078 4079
148 12 2 3 6 4023 896 894 4019 4024 897 895 4020 4074 4075 4080 906 910 4028 902 4034 4081 4082 909 4035 4078 4083 4084 911 4037 4085 4086
149 12 2 3 6 4024 897 895 4020 1346 129 130 1347 4081 4082 4087 909 912 4035 904 4041 1364 1360 132 1366 4085 4088 4089 913 4042 1367 4090
150 12 2 3 6 1322 1321 1319 1320 4025 4023 4019 4021 1335 1334 4091 1331 4073 1327 4027 4045 4092 4093 4075 4046 1336 4094 4095 4077 4048 4096 4097
151 12 2 3 6 4025 4023 4019 4021 4026 4024 4020 4022 4092 4093 4098 4075 4080 4046 4034 4052 4099 4100 4082 4053 4096 4101 4102 4084 4055 4103 4104
152 12 2 3 6 4026 4024 4020 4022 1344 1346 1347 1345 4099 4100 4105 4082 4087 4053 4041 4059 1356 1352 1360 1359 4103 4106 4107 4089 4060 1361 4108
153 12 2 3 6 265 1322 1320 264 1371 4025 4021 1369 1337 267 1382 1334 4091 1329 4045 1374 4109 1381 4093 4063 1338 4110 1383 4095 4064 4111 4112
154 12 2 3 6 1371 4025 4021 1369 1372 4026 4022 1370 4109 1381 1385 4093 4098 4063 4052 1377 4113 1384 4100 4067 4111 4114 1386 4102 4068 4115 4116
155 12 2 3 6 1372 4026 4022 1370 269 1344 1345 270 4113 1384 1387 4100 4105 4067 4059 1379 1348 272 1352 1351 4115 4117 1388 4107 4071 1353 4118
156 12 2 3 6 219 11 125 1321 1294 104 896 4023 221 1339 1299 128 106 1332 907 4073 1298 4119 914 4074 1340 1300 4120 915 4076 4121 4122
157 12 2 3 6 1294 104 896 4023 1295 105 897 4024 1298 4119 1302 914 107 4074 910 4080 1301 4123 916 4081 4121 1303 4124 917 4083 4125 4126
158 12 2 3 6 1295 105 897 4024 245 14 129 1346 1301 4123 1304 916 108 4081 912 4087 248 1357 131 1364 4125 1305 4127 918 4088 1365 4128
159 12 2 3 6 220 219 1321 1322 1296 1294 4023 4025 222 1341 1307 1339 1299 1335 4073 4091 1306 4129 4119 4092 1342 1308 4130 4120 4094 4131 4132
160 12 2 3 6 1296 1294 4023 4025 1297 1295 4024 4026 1306 4129 1310 4119 1302 4092 4080 4098 1309 4133 4123 4099 4131 1311 4134 4124 4101 4135 4136
161 12 2 3 6 1297 1295 4024 4026 244 245 1346 1344 1309 4133 1312 4123 1304 4099 4087 4105 247 1349 1357 1356 4135 1313 4137 4127 4106 1358 4138
162 12 2 3 6 20 220 1322 265 254 1296 4025 1371 223 268 256 1341 1307 1337 4091 1382 1314 1389 4129 4109 1343 1315 1390 4130 4110 4139 4140
163 12 2 3 6 254 1296 4025 1371 255 1297 4026 1372 1314 1389 257 4129 1310 4109 4098 1385 1316 1391 4133 4113 4139 1317 1392 4134 4114 4141 4142
164 12 2 3 6 255 1297 4026 1372 23 244 1344 269 1316 1391 258 4133 1312 4113 4105 1387 246 271 1349 1348 4141 1318 1393 4137 4117 1350 4143
165 12 2 3 7 1219 234 13 79 4144 1444 174 1019 1223 1224 4152 236 1448 81 176 1023 4153 4154 1449 1024 1225 4155 4156 1450 1025 4157 4158
166 12 2 3 7 4144 1444 174 1019 4145 1445 175 1020 4153 4154 4159 1449 1451 1024 177 1026 4160 4161 1452 1027 4157 4162 4163 1453 1028 4164 4165
167 12 2 3 7 4145 1445 175 1020 1419 284 16 159 4160 4161 4166 1452 1454 1027 178 1029 1423 1424 286 161 4164 4167 4168 1455 1030 1425 4169
168 12 2 3 7 1220 1219 79 80 4146 4144 1019 1021 1226 1227 4170 1224 4152 82 1023 1031 4171 4172 4154 1032 1228 4173 4174 4156 1033 4175 4176
169 12 2 3 7 4146 4144 1019 1021 4147 4145 1020 1022 4171 4172 4177 4154 4159 1032 1026 1034 4178 4179 4161 1035 4175 4180 4181 4163 1036 4182 4183
170 12 2 3 7 4147 4145 1020 1022 1420 1419 159 160 4178 4179 4184 4161 4166 1035 1029 1037 1426 1427 1424 162 4182 4185 4186 4168 1038 1428 4187
171 12 2 3 7 245 1220 80 14 1496 4146 1021 184 1229 248 1506 1227 4170 83 1031 186 4188 1514 4172 1039 1230 4189 1515 4174 1040 4190 4191
172 12 2 3 7 1496 4146 1021 184 1497 4147 1022 185 4188 1514 1509 4172 4177 1039 1034 187 4192 1516 4179 1041 4190 4193 1517 4181 1042 4194 4195
173 12 2 3 7 1497 4147 1022 185 295 1420 160 17 4192 1516 1512 4179 4184 1041 1037 188 1429 298 1427 163 4194 4196 1518 4186 1043 1430 4197
174 12 2 3 7 1221 235 234 1219 4148 1446 1444 4144 1231 1232 4198 237 1456 1223 1448 4152 4199 4200 1457 4153 1233 4201 4202 1458 4155 4203 4204
175 12 2 3 7 4148 1446 1444 4144 4149 1447 1445 4145 4199 4200 4205 1457 1459 4153 1451 4159 4206 4207 1460 4160 4203 4208 4209 1461 4162 4210 4211
176 12 2 3 7 4149 1447 1445 4145 1421 285 284 1419 4206 4207 4212 1460 1462 4160 1454 4166 1431 1432 287 1423 4210 4213 4214 1463 4167 1433 4215
177 12 2 3 7 1222 1221 1219 1220 4150 4148 4144 4146 1234 1235 4216 1232 4198 1226 4152 4170 4217 4218 4200 4171 1236 4219 4220 4202 4173 4221 4222
178 12 2 3 7 4150 4148 4144 4146 4151 4149 4145 4147 4217 4218 4223 4200 4205 4171 4159 4177 4224 4225 4207 4178 4221 4226 4227 4209 4180 4228 4229
179 12 2 3 7 4151 4149 4145 4147 1422 1421 1419 1420 4224 4225 4230 4207 4212 4178 4166 4184 1434 1435 1432 1426 4228 4231 4232 4214 4185 1436 4233
180 12 2 3 7 244 1222 1220 245 1494 4150 4146 1496 1237 247 1498 1235 4216 1229 4170 1506 4234 1507 4218 4188 1238 4235 1508 4220 4189 4236 4237
181 12 2 3 7 1494 4150 4146 1496 1495 4151 4147 1497 4234 1507 1501 4218 4223 4188 4177 1509 4238 1510 4225 4192 4236 4239 1511 4227 4193 4240 4241
182 12 2 3 7 1495 4151 4147 1497 294 1422 1420 295 4238 1510 1504 4225 4230 4192 4184 1512 1437 297 1435 1429 4240 4242 1513 4232 4196 1438 4243
183 12 2 3 7 239 22 235 1221 1469 299 1446 4148 241 1239 1473 238 301 1231 1456 4198 1474 4244 1464 4199 1240 1475 4245 1465 4201 4246 4247
184 12 2 3 7 1469 299 1446 4148 1470 300 1447 4149 1474 4244 1476 1464 302 4199 1459 4205 1477 4248 1466 4206 4246 1478 4249 1467 4208 4250 4251
185 12 2 3 7 1470 300 1447 4149 289 25 285 1421 1477 4248 1479 1466 303 4206 1462 4212 291 1439 288 1431 4250 1480 4252 1468 4213 1440 4253
186 12 2 3 7 240 239 1221 1222 1471 1469 4148 4150 242 1241 1481 1239 1473 1234 4198 4216 1482 4254 4244 4217 1242 1483 4255 4245 4219 4256 4257
187 12 2 3 7 1471 1469 4148 4150 1472 1470 4149 4151 1482 4254 1484 4244 1476 4217 4205 4223 1485 4258 4248 4224 4256 1486 4259 4249 4226 4260 4261
188 12 2 3 7 1472 1470 4149 4151 290 289 1421 1422 1485 4258 1487 4248 1479 4224 4212 4230 292 1441 1439 1434 4260 1488 4262 4252 4231 1442 4263
189 12 2 3 7 23 240 1222 244 304 1471 4150 1494 243 246 306 1241 1481 1237 4216 1498 1489 1499 4254 4234 1243 1490 1500 4255 4235 4264 4265
190 12 2 3 7 304 1471 4150 1494 305 1472 4151 1495 1489 1499 307 4254 1484 4234 4223 1501 1491 1502 4258 4238 4264 1492 1503 4259 4239 4266 4267
191 12 2 3 7 305 1472 4151 1495 26 290 1422 294 1491 1502 308 4258 1487 4238 4230 1504 293 296 1441 1437 4266 1493 1505 4262 4242 1443 4268
192 12 2 3 8 23 244 1344 269 304 1494 4269 1544 246 271 306 1349 1498 1348 4277 1548 1499 1549 4278 4279 1350 1500 1550 4280 4281 4282 4283
193 12 2 3 8 304 1494 4269 1544 305 1495 4270 1545 1499 1549 307 4278 1501 4279 4284 1551 1502 1552 4285 4286 4282 1503 1553 4287 4288 4289 4290
194 12 2 3 8 305 1495 4270 1545 26 294 1519 309 1502 1552 308 4285 1504 4286 4291 1554 296 311 1524 1523 4289 1505 1555 4292 4293 1525 4294
195 12 2 3 8 269 1344 1345 270 1544 4269 4271 1546 1348 272 1548 1352 4277 1351 4295 1556 4279 1557 4296 4297 1353 4281 1558 4298 4299 4300 4301
196 12 2 3 8 1544 4269 4271 1546 1545 4270 4272 1547 4279 1557 1551 4296 4284 4297 4302 1559 4286 1560 4303 4304 4300 4288 1561 4305 4306 4307 4308
197 12 2 3 8 1545 4270 4272 1547 309 1519 1520 310 4286 1560 1554 4303 4291 4304 4309 1562 1523 312 1527 1526 4307 4293 1563 4310 4311 1528 4312
198 12 2 3 8 270 1345 274 24 1546 4271 1569 319 1351 273 1556 1354 4295 276 1573 321 4297 1564 4313 1574 1355 4299 1565 4314 1575 4315 4316
199 12 2 3 8 1546 4271 1569 319 1547 4272 1570 320 4297 1564 1559 4313 4302 1574 1576 322 4304 1566 4317 1577 4315 4306 1567 4318 1578 4319 4320
200 12 2 3 8 1547 4272 1570 320 310 1520 314 27 4304 1566 1562 4317 4309 1577 1579 323 1526 313 1529 316 4319 4311 1568 4321 1580 1530 4322
201 12 2 3 8 244 245 1346 1344 1494 1496 4273 4269 247 1349 1498 1357 1506 1356 4323 4277 1507 4278 4324 4325 1358 1508 4280 4326 4327 4328 4329
202 12 2 3 8 1494 1496 4273 4269 1495 1497 4274 4270 1507 4278 1501 4324 1509 4325 4330 4284 1510 4285 4331 4332 4328 1511 4287 4333 4334 4335 4336
203 12 2 3 8 1495 1497 4274 4270 294 295 1521 1519 1510 4285 1504 4331 1512 4332 4337 4291 297 1524 1532 1531 4335 1513 4292 4338 4339 1533 4340
204 12 2 3 8 1344 1346 1347 1345 4269 4273 4275 4271 1356 1352 4277 1360 4323 1359 4341 4295 4325 4296 4342 4343 1361 4327 4298 4344 4345 4346 4347
205 12 2 3 8 4269 4273 4275 4271 4270 4274 4276 4272 4325 4296 4284 4342 4330 4343 4348 4302 4332 4303 4349 4350 4346 4334 4305 4351 4352 4353 4354
206 12 2 3 8 4270 4274 4276 4272 1519 1521 1522 1520 4332 4303 4291 4349 4337 4350 4355 4309 1531 1527 1535 1534 4353 4339 4310 4356 4357 1536 4358
207 12 2 3 8 1345 1347 275 274 4271 4275 1571 1569 1359 1354 4295 1362 4341 277 1581 1573 4343 4313 4359 1582 1363 4345 4314 4360 1583 4361 4362
208 12 2 3 8 4271 4275 1571 1569 4272 4276 1572 1570 4343 4313 4302 4359 4348 1582 1584 1576 4350 4317 4363 1585 4361 4352 4318 4364 1586 4365 4366
209 12 2 3 8 4272 4276 1572 1570 1520 1522 315 314 4350 4317 4309 4363 4355 1585 1587 1579 1534 1529 1537 317 4365 4357 4321 4367 1588 1538 4368
210 12 2 3 8 245 14 129 1346 1496 184 1119 4273 248 1357 1506 131 186 1364 1123 4323 1514 4324 1124 4369 1365 1515 4326 1125 4370 4371 4372
211 12 2 3 8 1496 184 1119 4273 1497 185 1120 4274 1514 4324 1509 1124 187 4369 1126 4330 1516 4331 1127 4373 4371 1517 4333 1128 4374 4375 4376
212 12 2 3 8 1497 185 1120 4274 295 17 194 1521 1516 4331 1512 1127 188 4373 1129 4337 298 1532 196 1539 4375 1518 4338 1130 4377 1540 4378
213 12 2 3 8 1346 129 130 1347 4273 1119 1121 4275 1364 1360 4323 132 1123 1366 1131 4341 4369 4342 1132 4379 1367 4370 4344 1133 4380 4381 4382
214 12 2 3 8 4273 1119 1121 4275 4274 1120 1122 4276 4369 4342 4330 1132 1126 4379 1134 4348 4373 4349 1135 4383 4381 4374 4351 1136 4384 4385 4386
215 12 2 3 8 4274 1120 1122 4276 1521 194 195 1522 4373 4349 4337 1135 1129 4383 1137 4355 1539 1535 197 1541 4385 4377 4356 1138 4387 1542 4388
216 12 2 3 8 1347 130 15 275 4275 1121 209 1571 1366 1362 4341 133 1131 278 211 1581 4379 4359 1139 1589 1368 4380 4360 1140 1590 4389 4390
217 12 2 3 8 4275 1121 209 1571 4276 1122 210 1572 4379 4359 4348 1139 1134 1589 212 1584 4383 4363 1141 1591 4389 4384 4364 1142 1592 4391 4392
218 12 2 3 8 4276 1122 210 1572 1522 195 18 315 4383 4363 4355 1141 1137 1591 213 1587 1541 1537 198 318 4391 4387 4367 1143 1593 1543 4393
219 12 2 3 9 969 154 7 170 4394 1619 350 1696 973 974 4402 156 1623 173 353 1706 4403 4404 1624 1714 975 4405 4406 1625 1715 4407 4408
220 12 2 3 9 4394 1619 350 1696 4395 1620 349 1697 4403 4404 4409 1624 1626 1714 352 1709 4410 4411 1627 1716 4407 4412 4413 1628 1717 4414 4415
221 12 2 3 9 4395 1620 349 1697 1594 324 34 340 4410 4411 4416 1627 1629 1716 351 1712 1598 1599 326 343 4414 4417 4418 1630 1718 1600 4419
222 12 2 3 9 970 969 170 169 4396 4394 1696 1694 976 977 4420 974 4402 172 1706 1698 4421 4422 4404 1707 978 4423 4424 4406 1708 4425 4426
223 12 2 3 9 4396 4394 1696 1694 4397 4395 1697 1695 4421 4422 4427 4404 4409 1707 1709 1701 4428 4429 4411 1710 4425 4430 4431 4413 1711 4432 4433
224 12 2 3 9 4397 4395 1697 1695 1595 1594 340 339 4428 4429 4434 4411 4416 1710 1712 1704 1601 1602 1599 342 4432 4435 4436 4418 1713 1603 4437
225 12 2 3 9 165 970 169 8 1671 4396 1694 359 979 168 1681 977 4420 171 1698 361 4438 1689 4422 1699 980 4439 1690 4424 1700 4440 4441
226 12 2 3 9 1671 4396 1694 359 1672 4397 1695 360 4438 1689 1684 4422 4427 1699 1701 362 4442 1691 4429 1702 4440 4443 1692 4431 1703 4444 4445
227 12 2 3 9 1672 4397 1695 360 335 1595 339 35 4442 1691 1687 4429 4434 1702 1704 363 1604 338 1602 341 4444 4446 1693 4436 1705 1605 4447
228 12 2 3 9 971 155 154 969 4398 1621 1619 4394 981 982 4448 157 1631 973 1623 4402 4449 4450 1632 4403 983 4451 4452 1633 4405 4453 4454
229 12 2 3 9 4398 1621 1619 4394 4399 1622 1620 4395 4449 4450 4455 1632 1634 4403 1626 4409 4456 4457 1635 4410 4453 4458 4459 1636 4412 4460 4461
230 12 2 3 9 4399 1622 1620 4395 1596 325 324 1594 4456 4457 4462 1635 1637 4410 1629 4416 1606 1607 327 1598 4460 4463 4464 1638 4417 1608 4465
231 12 2 3 9 972 971 969 970 4400 4398 4394 4396 984 985 4466 982 4448 976 4402 4420 4467 4468 4450 4421 986 4469 4470 4452 4423 4471 4472
232 12 2 3 9 4400 4398 4394 4396 4401 4399 4395 4397 4467 4468 4473 4450 4455 4421 4409 4427 4474 4475 4457 4428 4471 4476 4477 4459 4430 4478 4479
233 12 2 3 9 4401 4399 4395 4397 1597 1596 1594 1595 4474 4475 4480 4457 4462 4428 4416 4434 1609 1610 1607 1601 4478 4481 4482 4464 4435 1611 4483
234 12 2 3 9 164 972 970 165 1669 4400 4396 1671 987 167 1673 985 4466 979 4420 1681 4484 1682 4468 4438 988 4485 1683 4470 4439 4486 4487
235 12 2 3 9 1669 4400 4396 1671 1670 4401 4397 1672 4484 1682 1676 4468 4473 4438 4427 1684 4488 1685 4475 4442 4486 4489 1686 4477 4443 4490 4491
236 12 2 3 9 1670 4401 4397 1672 334 1597 1595 335 4488 1685 1679 4475 4480 4442 4434 1687 1612 337 1610 1604 4490 4492 1688 4482 4446 1613 4493
237 12 2 3 9 159 16 155 971 1644 344 1621 4398 161 989 1648 158 346 981 1631 4448 1649 4494 1639 4449 990 1650 4495 1640 4451 4496 4497
238 12 2 3 9 1644 344 1621 4398 1645 345 1622 4399 1649 4494 1651 1639 347 4449 1634 4455 1652 4498 1641 4456 4496 1653 4499 1642 4458 4500 4501
239 12 2 3 9 1645 345 1622 4399 329 42 325 1596 1652 4498 1654 1641 348 4456 1637 4462 331 1614 328 1606 4500 1655 4502 1643 4463 1615 4503
240 12 2 3 9 160 159 971 972 1646 1644 4398 4400 162 991 1656 989 1648 984 4448 4466 1657 4504 4494 4467 992 1658 4505 4495 4469 4506 4507
241 12 2 3 9 1646 1644 4398 4400 1647 1645 4399 4401 1657 4504 1659 4494 1651 4467 4455 4473 1660 4508 4498 4474 4506 1661 4509 4499 4476 4510 4511
242 12 2 3 9 1647 1645 4399 4401 330 329 1596 1597 1660 4508 1662 4498 1654 4474 4462 4480 332 1616 1614 1609 4510 1663 4512 4502 4481 1617 4513
243 12 2 3 9 17 160 972 164 354 1646 4400 1669 163 166 356 991 1656 987 4466 1673 1664 1674 4504 4484 993 1665 1675 4505 4485 4514 4515
244 12 2 3 9 354 1646 4400 1669 355 1647 4401 1670 1664 1674 357 4504 1659 4484 4473 1676 1666 1677 4508 4488 4514 1667 1678 4509 4489 4516 4517
245 12 2 3 9 355 1647 4401 1670 43 330 1597 334 1666 1677 358 4508 1662 4488 4480 1679 333 336 1616 1612 4516 1668 1680 4512 4492 1618 4518
246 12 2 3 10 17 164 1094 194 354 1669 4519 1744 166 196 356 1099 1673 1098 4527 1748 1674 1749 4528 4529 1100 1675 1750 4530 4531 4532 4533
247 12 2 3 10 354 1669 4519 1744 355 1670 4520 1745 1674 1749 357 4528 1676 4529 4534 1751 1677 1752 4535 4536 4532 1678 1753 4537 4538 4539 4540
248 12 2 3 10 355 1670 4520 1745 43 334 1719 364 1677 1752 358 4535 1679 4536 4541 1754 336 366 1724 1723 4539 1680 1755 4542 4543 1725 4544
249 12 2 3 10 194 1094 1095 195 1744 4519 4521 1746 1098 197 1748 1102 4527 1101 4545 1756 4529 1757 4546 4547 1103 4531 1758 4548 4549 4550 4551
250 12 2 3 10 1744 4519 4521 1746 1745 4520 4522 1747 4529 1757 1751 4546 4534 4547 4552 1759 4536 1760 4553 4554 4550 4538 1761 4555 4556 4557 4558
251 12 2 3 10 1745 4520 4522 1747 364 1719 1720 365 4536 1760 1754 4553 4541 4554 4559 1762 1723 367 1727 1726 4557 4543 1763 4560 4561 1728 4562
252 12 2 3 10 195 1095 199 18 1746 4521 1769 379 1101 198 1756 1104 4545 201 1773 381 4547 1764 4563 1774 1105 4549 1765 4564 1775 4565 4566
253 12 2 3 10 1746 4521 1769 379 1747 4522 1770 380 4547 1764 1759 4563 4552 1774 1776 382 4554 1766 4567 1777 4565 4556 1767 4568 1778 4569 4570
254 12 2 3 10 1747 4522 1770 380 365 1720 369 44 4554 1766 1762 4567 4559 1777 1779 383 1726 368 1729 371 4569 4561 1768 4571 1780 1730 4572
255 12 2 3 10 164 165 1096 1094 1669 1671 4523 4519 167 1099 1673 1107 1681 1106 4573 4527 1682 4528 4574 4575 1108 1683 4530 4576 4577 4578 4579
256 12 2 3 10 1669 1671 4523 4519 1670 1672 4524 4520 1682 4528 1676 4574 1684 4575 4580 4534 1685 4535 4581 4582 4578 1686 4537 4583 4584 4585 4586
257 12 2 3 10 1670 1672 4524 4520 334 335 1721 1719 1685 4535 1679 4581 1687 4582 4587 4541 337 1724 1732 1731 4585 1688 4542 4588 4589 1733 4590
258 12 2 3 10 1094 1096 1097 1095 4519 4523 4525 4521 1106 1102 4527 1110 4573 1109 4591 4545 4575 4546 4592 4593 1111 4577 4548 4594 4595 4596 4597
259 12 2 3 10 4519 4523 4525 4521 4520 4524 4526 4522 4575 4546 4534 4592 4580 4593 4598 4552 4582 4553 4599 4600 4596 4584 4555 4601 4602 4603 4604
260 12 2 3 10 4520 4524 4526 4522 1719 1721 1722 1720 4582 4553 4541 4599 4587 4600 4605 4559 1731 1727 1735 1734 4603 4589 4560 4606 4607 1736 4608
261 12 2 3 10 1095 1097 200 199 4521 4525 1771 1769 1109 1104 4545 1112 4591 202 1781 1773 4593 4563 4609 1782 1113 4595 4564 4610 1783 4611 4612
262 12 2 3 10 4521 4525 1771 1769 4522 4526 1772 1770 4593 4563 4552 4609 4598 1782 1784 1776 4600 4567 4613 1785 4611 4602 4568 4614 1786 4615 4616
263 12 2 3 10 4522 4526 1772 1770 1720 1722 370 369 4600 4567 4559 4613 4605 1785 1787 1779 1734 1729 1737 372 4615 4607 4571 4617 1788 1738 4618
264 12 2 3 10 165 8 205 1096 1671 359 1796 4523 168 1107 1681 208 361 1114 1806 4573 1689 4574 1814 4619 1115 1690 4576 1815 4620 4621 4622
265 12 2 3 10 1671 359 1796 4523 1672 360 1797 4524 1689 4574 1684 1814 362 4619 1809 4580 1691 4581 1816 4623 4621 1692 4583 1817 4624 4625 4626
266 12 2 3 10 1672 360 1797 4524 335 35 375 1721 1691 4581 1687 1816 363 4623 1812 4587 338 1732 378 1739 4625 1693 4588 1818 4627 1740 4628
267 12 2 3 10 1096 205 204 1097 4523 1796 1794 4525 1114 1110 4573 207 1806 1116 1798 4591 4619 4592 1807 4629 1117 4620 4594 1808 4630 4631 4632
268 12 2 3 10 4523 1796 1794 4525 4524 1797 1795 4526 4619 4592 4580 1807 1809 4629 1801 4598 4623 4599 1810 4633 4631 4624 4601 1811 4634 4635 4636
269 12 2 3 10 4524 1797 1795 4526 1721 375 374 1722 4623 4599 4587 1810 1812 4633 1804 4605 1739 1735 377 1741 4635 4627 4606 1813 4637 1742 4638
270 12 2 3 10 1097 204 9 200 4525 1794 384 1771 1116 1112 4591 206 1798 203 386 1781 4629 4609 1799 1789 1118 4630 4610 1800 1790 4639 4640
271 12 2 3 10 4525 1794 384 1771 4526 1795 385 1772 4629 4609 4598 1799 1801 1789 387 1784 4633 4613 1802 1791 4639 4634 4614 1803 1792 4641 4642
272 12 2 3 10 4526 1795 385 1772 1722 374 36 370 4633 4613 4605 1802 1804 1791 388 1787 1741 1737 376 373 4641 4637 4617 1805 1793 1743 4643
273 12 2 3 11 1419 284 16 159 4644 1844 344 1644 1423 1424 4652 286 1848 161 346 1648 4653 4654 1849 1649 1425 4655 4656 1850 1650 4657 4658
274 12 2 3 11 4644 1844 344 1644 4645 1845 345 1645 4653 4654 4659 1849 1851 1649 347 1651 4660 4661 1852 1652 4657 4662 4663 1853 1653 4664 4665
275 12 2 3 11 4645 1845 345 1645 1819 389 42 329 4660 4661 4666 1852 1854 1652 348 1654 1823 1824 391 331 4664 4667 4668 1855 1655 1825 4669
276 12 2 3 11 1420 1419 159 160 4646 4644 1644 1646 1426 1427 4670 1424 4652 162 1648 1656 4671 4672 4654 1657 1428 4673 4674 4656 1658 4675 4676
277 12 2 3 11 4646 4644 1644 1646 4647 4645 1645 1647 4671 4672 4677 4654 4659 1657 1651 1659 4678 4679 4661 1660 4675 4680 4681 4663 1661 4682 4683
278 12 2 3 11 4647 4645 1645 1647 1820 1819 329 330 4678 4679 4684 4661 4666 1660 1654 1662 1826 1827 1824 332 4682 4685 4686 4668 1663 1828 4687
279 12 2 3 11 295 1420 160 17 1896 4646 1646 354 1429 298 1906 1427 4670 163 1656 356 4688 1914 4672 1664 1430 4689 1915 4674 1665 4690 4691
280 12 2 3 11 1896 4646 1646 354 1897 4647 1647 355 4688 1914 1909 4672 4677 1664 1659 357 4692 1916 4679 1666 4690 4693 1917 4681 1667 4694 4695
281 12 2 3 11 1897 4647 1647 355 400 1820 330 43 4692 1916 1912 4679 4684 1666 1662 358 1829 403 1827 333 4694 4696 1918 4686 1668 1830 4697
282 12 2 3 11 1421 285 284 1419 4648 1846 1844 4644 1431 1432 4698 287 1856 1423 1848 4652 4699 4700 1857 4653 1433 4701 4702 1858 4655 4703 4704
283 12 2 3 11 4648 1846 1844 4644 4649 1847 1845 4645 4699 4700 4705 1857 1859 4653 1851 4659 4706 4707 1860 4660 4703 4708 4709 1861 4662 4710 4711
284 12 2 3 11 4649 1847 1845 4645 1821 390 389 1819 4706 4707 4712 1860 1862 4660 1854 4666 1831 1832 392 1823 4710 4713 4714 1863 4667 1833 4715
285 12 2 3 11 1422 1421 1419 1420 4650 4648 4644 4646 1434 1435 4716 1432 4698 1426 4652 4670 4717 4718 4700 4671 1436 4719 4720 4702 4673 4721 4722
286 12 2 3 11 4650 4648 4644 4646 4651 4649 4645 4647 4717 4718 4723 4700 4705 4671 4659 4677 4724 4725 4707 4678 4721 4726 4727 4709 4680 4728 4729
287 12 2 3 11 4651 4649 4645 4647 1822 1821 1819 1820 4724 4725 4730 4707 4712 4678 4666 4684 1834 1835 1832 1826 4728 4731 4732 4714 4685 1836 4733
288 12 2 3 11 294 1422 1420 295 1894 4650 4646 1896 1437 297 1898 1435 4716 1429 4670 1906 4734 1907 4718 4688 1438 4735 1908 4720 4689 4736 4737
289 12 2 3 11 1894 4650 4646 1896 1895 4651 4647 1897 4734 1907 1901 4718 4723 4688 4677 1909 4738 1910 4725 4692 4736 4739 1911 4727 4693 4740 4741
290 12 2 3 11 1895 4651 4647 1897 399 1822 1820 400 4738 1910 1904 4725 4730 4692 4684 1912 1837 402 1835 1829 4740 4742 1913 4732 4696 1838 4743
291 12 2 3 11 289 25 285 1421 1869 404 1846 4648 291 1439 1873 288 406 1431 1856 4698 1874 4744 1864 4699 1440 1875 4745 1865 4701 4746 4747
292 12 2 3 11 1869 404 1846 4648 1870 405 1847 4649 1874 4744 1876 1864 407 4699 1859 4705 1877 4748 1866 4706 4746 1878 4749 1867 4708 4750 4751
293 12 2 3 11 1870 405 1847 4649 394 51 390 1821 1877 4748 1879 1866 408 4706 1862 4712 396 1839 393 1831 4750 1880 4752 1868 4713 1840 4753
294 12 2 3 11 290 289 1421 1422 1871 1869 4648 4650 292 1441 1881 1439 1873 1434 4698 4716 1882 4754 4744 4717 1442 1883 4755 4745 4719 4756 4757
295 12 2 3 11 1871 1869 4648 4650 1872 1870 4649 4651 1882 4754 1884 4744 1876 4717 4705 4723 1885 4758 4748 4724 4756 1886 4759 4749 4726 4760 4761
296 12 2 3 11 1872 1870 4649 4651 395 394 1821 1822 1885 4758 1887 4748 1879 4724 4712 4730 397 1841 1839 1834 4760 1888 4762 4752 4731 1842 4763
297 12 2 3 11 26 290 1422 294 409 1871 4650 1894 293 296 411 1441 1881 1437 4716 1898 1889 1899 4754 4734 1443 1890 1900 4755 4735 4764 4765
298 12 2 3 11 409 1871 4650 1894 410 1872 4651 1895 1889 1899 412 4754 1884 4734 4723 1901 1891 1902 4758 4738 4764 1892 1903 4759 4739 4766 4767
299 12 2 3 11 410 1872 4651 1895 52 395 1822 399 1891 1902 413 4758 1887 4738 4730 1904 398 401 1841 1837 4766 1893 1905 4762 4742 1843 4768
300 12 2 3 12 26 294 1519 309 409 1894 4769 1944 296 311 411 1524 1898 1523 4777 1948 1899 1949 4778 4779 1525 1900 1950 4780 4781 4782 4783
301 12 2 3 12 409 1894 4769 1944 410 1895 4770 1945 1899 1949 412 4778 1901 4779 4784 1951 1902 1952 4785 4786 4782 1903 1953 4787 4788 4789 4790
302 12 2 3 12 410 1895 4770 1945 52 399 1919 414 1902 1952 413 4785 1904 4786 4791 1954 401 416 1924 1923 4789 1905 1955 4792 4793 1925 4794
303 12 2 3 12 309 1519 1520 310 1944 4769 4771 1946 1523 312 1948 1527 4777 1526 4795 1956 4779 1957 4796 4797 1528 4781 1958 4798 4799 4800 4801
304 12 2 3 12 1944 4769 4771 1946 1945 4770 4772 1947 4779 1957 1951 4796 4784 4797 4802 1959 4786 1960 4803 4804 4800 4788 1961 4805 4806 4807 4808
305 12 2 3 12 1945 4770 4772 1947 414 1919 1920 415 4786 1960 1954 4803 4791 4804 4809 1962 1923 417 1927 1926 4807 4793 1963 4810 4811 1928 4812
306 12 2 3 12 310 1520 314 27 1946 4771 1969 424 1526 313 1956 1529 4795 316 1973 426 4797 1964 4813 1974 1530 4799 1965 4814 1975 4815 4816
307 12 2 3 12 1946 4771 1969 424 1947 4772 1970 425 4797 1964 1959 4813 4802 1974 1976 427 4804 1966 4817 1977 4815 4806 1967 4818 1978 4819 4820
308 12 2 3 12 1947 4772 1970 425 415 1920 419 53 4804 1966 1962 4817 4809 1977 1979 428 1926 418 1929 421 4819 4811 1968 4821 1980 1930 4822
309 12 2 3 12 294 295 1521 1519 1894 1896 4773 4769 297 1524 1898 1532 1906 1531 4823 4777 1907 4778 4824 4825 1533 1908 4780 4826 4827 4828 4829
310 12 2 3 12 1894 1896 4773 4769 1895 1897 4774 4770 1907 4778 1901 4824 1909 4825 4830 4784 1910 4785 4831 4832 4828 1911 4787 4833 4834 4835 4836
311 12 2 3 12 1895 1897 4774 4770 399 400 1921 1919 1910 4785 1904 4831 1912 4832 4837 4791 402 1924 1932 1931 4835 1913 4792 4838 4839 1933 4840
312 12 2 3 12 1519 1521 1522 1520 4769 4773 4775 4771 1531 1527 4777 1535 4823 1534 4841 4795 4825 4796 4842 4843 1536 4827 4798 4844 4845 4846 4847
313 12 2 3 12 4769 4773 4775 4771 4770 4774 4776 4772 4825 4796 4784 4842 4830 4843 4848 4802 4832 4803 4849 4850 4846 4834 4805 4851 4852 4853 4854
314 12 2 3 12 4770 4774 4776 4772 1919 1921 1922 1920 4832 4803 4791 4849 4837 4850 4855 4809 1931 1927 1935 1934 4853 4839 4810 4856 4857 1936 4858
315 12 2 3 12 1520 1522 315 314 4771 4775 1971 1969 1534 1529 4795 1537 4841 317 1981 1973 4843 4813 4859 1982 1538 4845 4814 4860 1983 4861 4862
316 12 2 3 12 4771 4775 1971 1969 4772 4776 1972 1970 4843 4813 4802 4859 4848 1982 1984 1976 4850 4817 4863 1985 4861 4852 4818 4864 1986 4865 4866
317 12 2 3 12 4772 4776 1972 1970 1920 1922 420 419 4850 4817 4809 4863 4855 1985 1987 1979 1934 1929 1937 422 4865 4857 4821 4867 1988 1938 4868
318 12 2 3 12 295 17 194 1521 1896 354 1744 4773 298 1532 1906 196 356 1539 1748 4823 1914 4824 1749 4869 1540 1915 4826 1750 4870 4871 4872
319 12 2 3 12 1896 354 1744 4773 1897 355 1745 4774 1914 4824 1909 1749 357 4869 1751 4830 1916 4831 1752 4873 4871 1917 4833 1753 4874 4875 4876
320 12 2 3 12 1897 355 1745 4774 400 43 364 1921 1916 4831 1912 1752 358 4873 1754 4837 403 1932 366 1939 4875 1918 4838 1755 4877 1940 4878
321 12 2 3 12 1521 194 195 1522 4773 1744 1746 4775 1539 1535 4823 197 1748 1541 1756 4841 4869 4842 1757 4879 1542 4870 4844 1758 4880 4881 4882
322 12 2 3 12 4773 1744 1746 4775 4774 1745 1747 4776 4869 4842 4830 1757 1751 4879 1759 4848 4873 4849 1760 4883 4881 4874 4851 1761 4884 4885 4886
323 12 2 3 12 4774 1745 1747 4776 1921 364 365 1922 4873 4849 4837 1760 1754 4883 1762 4855 1939 1935 367 1941 4885 4877 4856 1763 4887 1942 4888
324 12 2 3 12 1522 195 18 315 4775 1746 379 1971 1541 1537 4841 198 1756 318 381 1981 4879 4859 1764 1989 1543 4880 4860 1765 1990 4889 4890
325 12 2 3 12 4775 1746 379 1971 4776 1747 380 1972 4879 4859 4848 1764 1759 1989 382 1984 4883 4863 1766 1991 4889 4884 4864 1767 1992 4891 4892
326 12 2 3 12 4776 1747 380 1972 1922 365 44 420 4883 4863 4855 1766 1762 1991 383 1987 1941 1937 368 423 4891 4887 4867 1768 1993 1943 4893
327 12 2 3 13 28 429 1994 445 455 2094 4894 2021 431 448 458 1998 2099 1999 4902 2032 2098 2039 4903 4904 2000 2100 2040 4905 4906 4907 4908
328 12 2 3 13 455 2094 4894 2021 454 2095 4895 2022 2098 2039 457 4903 2102 4904 4909 2035 2101 2041 4910 4911 4907 2103 2042 4912 4913 4914 4915
329 12 2 3 13 454 2095 4895 2022 1 54 694 70 2101 2041 456 4910 2104 4911 4916 2037 56 73 698 699 4914 2105 2043 4917 4918 700 4919
330 12 2 3 13 445 1994 1995 444 2021 4894 4896 2019 1999 447 2032 2001 4902 2002 4920 2024 4904 2031 4921 4922 2003 4906 2033 4923 4924 4925 4926
331 12 2 3 13 2021 4894 4896 2019 2022 4895 4897 2020 4904 2031 2035 4921 4909 4922 4927 2027 4911 2034 4928 4929 4925 4913 2036 4930 4931 4932 4933
332 12 2 3 13 2022 4895 4897 2020 70 694 695 69 4911 2034 2037 4928 4916 4929 4934 2029 699 72 701 702 4932 4918 2038 4935 4936 703 4937
333 12 2 3 13 444 1995 440 37 2019 4896 2046 449 2002 446 2024 2004 4920 443 2057 451 4922 2023 4938 2064 2005 4924 2025 4939 2065 4940 4941
334 12 2 3 13 2019 4896 2046 449 2020 4897 2047 450 4922 2023 2027 4938 4927 2064 2060 452 4929 2026 4942 2066 4940 4931 2028 4943 2067 4944 4945
335 12 2 3 13 2020 4897 2047 450 69 695 65 10 4929 2026 2029 4942 4934 2066 2062 453 702 71 704 68 4944 4936 2030 4946 2068 705 4947
336 12 2 3 13 429 430 1996 1994 2094 2096 4898 4894 432 1998 2099 2006 2107 2007 4948 4902 2106 4903 4949 4950 2008 2108 4905 4951 4952 4953 4954
337 12 2 3 13 2094 2096 4898 4894 2095 2097 4899 4895 2106 4903 2102 4949 2110 4950 4955 4909 2109 4910 4956 4957 4953 2111 4912 4958 4959 4960 4961
338 12 2 3 13 2095 2097 4899 4895 54 55 696 694 2109 4910 2104 4956 2112 4957 4962 4916 57 698 706 707 4960 2113 4917 4963 4964 708 4965
339 12 2 3 13 1994 1996 1997 1995 4894 4898 4900 4896 2007 2001 4902 2009 4948 2010 4966 4920 4950 4921 4967 4968 2011 4952 4923 4969 4970 4971 4972
340 12 2 3 13 4894 4898 4900 4896 4895 4899 4901 4897 4950 4921 4909 4967 4955 4968 4973 4927 4957 4928 4974 4975 4971 4959 4930 4976 4977 4978 4979
341 12 2 3 13 4895 4899 4901 4897 694 696 697 695 4957 4928 4916 4974 4962 4975 4980 4934 707 701 709 710 4978 4964 4935 4981 4982 711 4983
342 12 2 3 13 1995 1997 439 440 4896 4900 2044 2046 2010 2004 4920 2012 4966 442 2049 2057 4968 4938 4984 2056 2013 4970 4939 4985 2058 4986 4987
343 12 2 3 13 4896 4900 2044 2046 4897 4901 2045 2047 4968 4938 4927 4984 4973 2056 2052 2060 4975 4942 4988 2059 4986 4977 4943 4989 2061 4990 4991
344 12 2 3 13 4897 4901 2045 2047 695 697 64 65 4975 4942 4934 4988 4980 2059 2054 2062 710 704 712 67 4990 4982 4946 4992 2063 713 4993
345 12 2 3 13 430 29 434 1996 2096 464 2069 4898 433 2006 2107 436 466 2014 2074 4948 2114 4949 2073 4994 2015 2115 4951 2075 4995 4996 4997
346 12 2 3 13 2096 464 2069 4898 2097 465 2070 4899 2114 4949 2110 2073 467 4994 2077 4955 2116 4956 2076 4998 4996 2117 4958 2078 4999 5000 5001
347 12 2 3 13 2097 465 2070 4899 55 2 59 696 2116 4956 2112 2076 468 4998 2079 4962 58 706 61 714 5000 2118 4963 2080 5002 715 5003
348 12 2 3 13 1996 434 435 1997 4898 2069 2071 4900 2014 2009 4948 437 2074 2016 2082 4966 4994 4967 2081 5004 2017 4995 4969 2083 5005 5006 5007
349 12 2 3 13 4898 2069 2071 4900 4899 2070 2072 4901 4994 4967 4955 2081 2077 5004 2085 4973 4998 4974 2084 5008 5006 4999 4976 2086 5009 5010 5011
350 12 2 3 13 4899 2070 2072 4901 696 59 60 697 4998 4974 4962 2084 2079 5008 2087 4980 714 709 62 716 5010 5002 4981 2088 5012 717 5013
351 12 2 3 13 1997 435 38 439 4900 2071 459 2044 2016 2012 4966 438 2082 441 461 2049 5004 4984 2089 2048 2018 5005 4985 2090 2050 5014 5015
352 12 2 3 13 4900 2071 459 2044 4901 2072 460 2045 5004 4984 4973 2089 2085 2048 462 2052 5008 4988 2091 2051 5014 5009 4989 2092 2053 5016 5017
353 12 2 3 13 4901 2072 460 2045 697 60 11 64 5008 4988 4980 2091 2087 2051 463 2054 716 712 63 66 5016 5012 4992 2093 2055 718 5018
354 12 2 3 14 29 469 2119 434 464 2194 5019 2069 471 436 466 2123 2199 2124 5027 2074 2198 2073 5028 5029 2125 2200 2075 5030 5031 5032 5033
355 12 2 3 14 464 2194 5019 2069 465 2195 5020 2070 2198 2073 467 5028 2202 5029 5034 2077 2201 2076 5035 5036 5032 2203 2078 5037 5038 5039 5040
356 12 2 3 14 465 2195 5020 2070 2 114 844 59 2201 2076 468 5035 2204 5036 5041 2079 116 61 848 849 5039 2205 2080 5042 5043 850 5044
357 12 2 3 14 434 2119 2120 435 2069 5019 5021 2071 2124 437 2074 2126 5027 2127 5045 2082 5029 2081 5046 5047 2128 5031 2083 5048 5049 5050 5051
358 12 2 3 14 2069 5019 5021 2071 2070 5020 5022 2072 5029 2081 2077 5046 5034 5047 5052 2085 5036 2084 5053 5054 5050 5038 2086 5055 5056 5057 5058
359 12 2 3 14 2070 5020 5022 2072 59 844 845 60 5036 2084 2079 5053 5041 5054 5059 2087 849 62 851 852 5057 5043 2088 5060 5061 853 5062
360 12 2 3 14 435 2120 480 38 2071 5021 2146 459 2127 438 2082 2129 5045 483 2157 461 5047 2089 5063 2164 2130 5049 2090 5064 2165 5065 5066
361 12 2 3 14 2071 5021 2146 459 2072 5022 2147 460 5047 2089 2085 5063 5052 2164 2160 462 5054 2091 5067 2166 5065 5056 2092 5068 2167 5069 5070
362 12 2 3 14 2072 5022 2147 460 60 845 125 11 5054 2091 2087 5067 5059 2166 2162 463 852 63 854 128 5069 5061 2093 5071 2168 855 5072
363 12 2 3 14 469 470 2121 2119 2194 2196 5023 5019 472 2123 2199 2131 2207 2132 5073 5027 2206 5028 5074 5075 2133 2208 5030 5076 5077 5078 5079
364 12 2 3 14 2194 2196 5023 5019 2195 2197 5024 5020 2206 5028 2202 5074 2210 5075 5080 5034 2209 5035 5081 5082 5078 2211 5037 5083 5084 5085 5086
365 12 2 3 14 2195 2197 5024 5020 114 115 846 844 2209 5035 2204 5081 2212 5082 5087 5041 117 848 856 857 5085 2213 5042 5088 5089 858 5090
366 12 2 3 14 2119 2121 2122 2120 5019 5023 5025 5021 2132 2126 5027 2134 5073 2135 5091 5045 5075 5046 5092 5093 2136 5077 5048 5094 5095 5096 5097
367 12 2 3 14 5019 5023 5025 5021 5020 5024 5026 5022 5075 5046 5034 5092 5080 5093 5098 5052 5082 5053 5099 5100 5096 5084 5055 5101 5102 5103 5104
368 12 2 3 14 5020 5024 5026 5022 844 846 847 845 5082 5053 5041 5099 5087 5100 5105 5059 857 851 859 860 5103 5089 5060 5106 5107 861 5108
369 12 2 3 14 2120 2122 479 480 5021 5025 2144 2146 2135 2129 5045 2137 5091 482 2149 2157 5093 5063 5109 2156 2138 5095 5064 5110 2158 5111 5112
370 12 2 3 14 5021 5025 2144 2146 5022 5026 2145 2147 5093 5063 5052 5109 5098 2156 2152 2160 5100 5067 5113 2159 5111 5102 5068 5114 2161 5115 5116
371 12 2 3 14 5022 5026 2145 2147 845 847 124 125 5100 5067 5059 5113 5105 2159 2154 2162 860 854 862 127 5115 5107 5071 5117 2163 863 5118
372 12 2 3 14 470 30 474 2121 2196 489 2169 5023 473 2131 2207 476 491 2139 2174 5073 2214 5074 2173 5119 2140 2215 5076 2175 5120 5121 5122
373 12 2 3 14 2196 489 2169 5023 2197 490 2170 5024 2214 5074 2210 2173 492 5119 2177 5080 2216 5081 2176 5123 5121 2217 5083 2178 5124 5125 5126
374 12 2 3 14 2197 490 2170 5024 115 3 119 846 2216 5081 2212 2176 493 5123 2179 5087 118 856 121 864 5125 2218 5088 2180 5127 865 5128
375 12 2 3 14 2121 474 475 2122 5023 2169 2171 5025 2139 2134 5073 477 2174 2141 2182 5091 5119 5092 2181 5129 2142 5120 5094 2183 5130 5131 5132
376 12 2 3 14 5023 2169 2171 5025 5024 2170 2172 5026 5119 5092 5080 2181 2177 5129 2185 5098 5123 5099 2184 5133 5131 5124 5101 2186 5134 5135 5136
377 12 2 3 14 5024 2170 2172 5026 846 119 120 847 5123 5099 5087 2184 2179 5133 2187 5105 864 859 122 866 5135 5127 5106 2188 5137 867 5138
378 12 2 3 14 2122 475 39 479 5025 2171 484 2144 2141 2137 5091 478 2182 481 486 2149 5129 5109 2189 2148 2143 5130 5110 2190 2150 5139 5140
379 12 2 3 14 5025 2171 484 2144 5026 2172 485 2145 5129 5109 5098 2189 2185 2148 487 2152 5133 5113 2191 2151 5139 5134 5114 2192 2153 5141 5142
380 12 2 3 14 5026 2172 485 2145 847 120 12 124 5133 5113 5105 2191 2187 2151 488 2154 866 862 123 126 5141 5137 5117 2193 2155 868 5143
381 12 2 3 15 2219 439 38 494 5144 2044 459 2294 2224 2223 5152 441 2049 496 461 2299 5153 5154 2048 2298 2225 5155 5156 2050 2300 5157 5158
382 12 2 3 15 5144 2044 459 2294 5145 2045 460 2295 5153 5154 5159 2048 2052 2298 462 2302 5160 5161 2051 2301 5157 5162 5163 2053 2303 5164 5165
383 12 2 3 15 5145 2045 460 2295 1194 64 11 219 5160 5161 5166 2051 2054 2301 463 2304 1199 1198 66 221 5164 5167 5168 2055 2305 1200 5169
384 12 2 3 15 2220 2219 494 495 5146 5144 2294 2296 2227 2226 5170 2223 5152 497 2299 2307 5171 5172 5154 2306 2228 5173 5174 5156 2308 5175 5176
385 12 2 3 15 5146 5144 2294 2296 5147 5145 2295 2297 5171 5172 5177 5154 5159 2306 2302 2310 5178 5179 5161 2309 5175 5180 5181 5163 2311 5182 5183
386 12 2 3 15 5147 5145 2295 2297 1195 1194 219 220 5178 5179 5184 5161 5166 2309 2304 2312 1202 1201 1198 222 5182 5185 5186 5168 2313 1203 5187
387 12 2 3 15 499 2220 495 46 2269 5146 2296 514 2229 501 2274 2226 5170 498 2307 516 5188 2273 5172 2314 2230 5189 2275 5174 2315 5190 5191
388 12 2 3 15 2269 5146 2296 514 2270 5147 2297 515 5188 2273 2277 5172 5177 2314 2310 517 5192 2276 5179 2316 5190 5193 2278 5181 2317 5194 5195
389 12 2 3 15 2270 5147 2297 515 224 1195 220 20 5192 2276 2279 5179 5184 2316 2312 518 1204 226 1201 223 5194 5196 2280 5186 2318 1205 5197
390 12 2 3 15 2221 440 439 2219 5148 2046 2044 5144 2232 2231 5198 442 2057 2224 2049 5152 5199 5200 2056 5153 2233 5201 5202 2058 5155 5203 5204
391 12 2 3 15 5148 2046 2044 5144 5149 2047 2045 5145 5199 5200 5205 2056 2060 5153 2052 5159 5206 5207 2059 5160 5203 5208 5209 2061 5162 5210 5211
392 12 2 3 15 5149 2047 2045 5145 1196 65 64 1194 5206 5207 5212 2059 2062 5160 2054 5166 1207 1206 67 1199 5210 5213 5214 2063 5167 1208 5215
393 12 2 3 15 2222 2221 2219 2220 5150 5148 5144 5146 2235 2234 5216 2231 5198 2227 5152 5170 5217 5218 5200 5171 2236 5219 5220 5202 5173 5221 5222
394 12 2 3 15 5150 5148 5144 5146 5151 5149 5145 5147 5217 5218 5223 5200 5205 5171 5159 5177 5224 5225 5207 5178 5221 5226 5227 5209 5180 5228 5229
395 12 2 3 15 5151 5149 5145 5147 1197 1196 1194 1195 5224 5225 5230 5207 5212 5178 5166 5184 1210 1209 1206 1202 5228 5231 5232 5214 5185 1211 5233
396 12 2 3 15 500 2222 2220 499 2271 5150 5146 2269 2237 502 2282 2234 5216 2229 5170 2274 5234 2281 5218 5188 2238 5235 2283 5220 5189 5236 5237
397 12 2 3 15 2271 5150 5146 2269 2272 5151 5147 2270 5234 2281 2285 5218 5223 5188 5177 2277 5238 2284 5225 5192 5236 5239 2286 5227 5193 5240 5241
398 12 2 3 15 2272 5151 5147 2270 225 1197 1195 224 5238 2284 2287 5225 5230 5192 5184 2279 1212 227 1209 1204 5240 5242 2288 5232 5196 1213 5243
399 12 2 3 15 505 37 440 2221 2246 449 2046 5148 508 2239 2257 443 451 2232 2057 5198 2264 5244 2064 5199 2240 2265 5245 2065 5201 5246 5247
400 12 2 3 15 2246 449 2046 5148 2247 450 2047 5149 2264 5244 2260 2064 452 5199 2060 5205 2266 5248 2066 5206 5246 2267 5249 2067 5208 5250 5251
401 12 2 3 15 2247 450 2047 5149 230 10 65 1196 2266 5248 2262 2066 453 5206 2062 5212 233 1214 68 1207 5250 2268 5252 2068 5213 1215 5253
402 12 2 3 15 504 505 2221 2222 2244 2246 5148 5150 507 2241 2249 2239 2257 2235 5198 5216 2256 5254 5244 5217 2242 2258 5255 5245 5219 5256 5257
403 12 2 3 15 2244 2246 5148 5150 2245 2247 5149 5151 2256 5254 2252 5244 2260 5217 5205 5223 2259 5258 5248 5224 5256 2261 5259 5249 5226 5260 5261
404 12 2 3 15 2245 2247 5149 5151 229 230 1196 1197 2259 5258 2254 5248 2262 5224 5212 5230 232 1216 1214 1210 5260 2263 5262 5252 5231 1217 5263
405 12 2 3 15 45 504 2222 500 509 2244 5150 2271 506 503 511 2241 2249 2237 5216 2282 2248 2289 5254 5234 2243 2250 2290 5255 5235 5264 5265
406 12 2 3 15 509 2244 5150 2271 510 2245 5151 2272 2248 2289 512 5254 2252 5234 5223 2285 2251 2291 5258 5238 5264 2253 2292 5259 5239 5266 5267
407 12 2 3 15 510 2245 5151 2272 19 229 1197 225 2251 2291 513 5258 2254 5238 5230 2287 231 228 1216 1212 5266 2255 2293 5262 5242 1218 5268
408 12 2 3 16 2319 479 39 519 5269 2144 484 2369 2324 2323 5277 481 2149 521 486 2374 5278 5279 2148 2373 2325 5280 5281 2150 2375 5282 5283
409 12 2 3 16 5269 2144 484 2369 5270 2145 485 2370 5278 5279 5284 2148 2152 2373 487 2377 5285 5286 2151 2376 5282 5287 5288 2153 2378 5289 5290
410 12 2 3 16 5270 2145 485 2370 1319 124 12 259 5285 5286 5291 2151 2154 2376 488 2379 1324 1323 126 261 5289 5292 5293 2155 2380 1325 5294
411 12 2 3 16 2320 2319 519 520 5271 5269 2369 2371 2327 2326 5295 2323 5277 522 2374 2382 5296 5297 5279 2381 2328 5298 5299 5281 2383 5300 5301
412 12 2 3 16 5271 5269 2369 2371 5272 5270 2370 2372 5296 5297 5302 5279 5284 2381 2377 2385 5303 5304 5286 2384 5300 5305 5306 5288 2386 5307 5308
413 12 2 3 16 5272 5270 2370 2372 1320 1319 259 260 5303 5304 5309 5286 5291 2384 2379 2387 1327 1326 1323 262 5307 5310 5311 5293 2388 1328 5312
414 12 2 3 16 524 2320 520 47 2344 5271 2371 529 2329 526 2349 2326 5295 523 2382 531 5313 2348 5297 2389 2330 5314 2350 5299 2390 5315 5316
415 12 2 3 16 2344 5271 2371 529 2345 5272 2372 530 5313 2348 2352 5297 5302 2389 2385 532 5317 2351 5304 2391 5315 5318 2353 5306 2392 5319 5320
416 12 2 3 16 2345 5272 2372 530 264 1320 260 21 5317 2351 2354 5304 5309 2391 2387 533 1329 266 1326 263 5319 5321 2355 5311 2393 1330 5322
417 12 2 3 16 2321 480 479 2319 5273 2146 2144 5269 2332 2331 5323 482 2157 2324 2149 5277 5324 5325 2156 5278 2333 5326 5327 2158 5280 5328 5329
418 12 2 3 16 5273 2146 2144 5269 5274 2147 2145 5270 5324 5325 5330 2156 2160 5278 2152 5284 5331 5332 2159 5285 5328 5333 5334 2161 5287 5335 5336
419 12 2 3 16 5274 2147 2145 5270 1321 125 124 1319 5331 5332 5337 2159 2162 5285 2154 5291 1332 1331 127 1324 5335 5338 5339 2163 5292 1333 5340
420 12 2 3 16 2322 2321 2319 2320 5275 5273 5269 5271 2335 2334 5341 2331 5323 2327 5277 5295 5342 5343 5325 5296 2336 5344 5345 5327 5298 5346 5347
421 12 2 3 16 5275 5273 5269 5271 5276 5274 5270 5272 5342 5343 5348 5325 5330 5296 5284 5302 5349 5350 5332 5303 5346 5351 5352 5334 5305 5353 5354
422 12 2 3 16 5276 5274 5270 5272 1322 1321 1319 1320 5349 5350 5355 5332 5337 5303 5291 5309 1335 1334 1331 1327 5353 5356 5357 5339 5310 1336 5358
423 12 2 3 16 525 2322 2320 524 2346 5275 5271 2344 2337 527 2357 2334 5341 2329 5295 2349 5359 2356 5343 5313 2338 5360 2358 5345 5314 5361 5362
424 12 2 3 16 2346 5275 5271 2344 2347 5276 5272 2345 5359 2356 2360 5343 5348 5313 5302 2352 5363 2359 5350 5317 5361 5364 2361 5352 5318 5365 5366
425 12 2 3 16 2347 5276 5272 2345 265 1322 1320 264 5363 2359 2362 5350 5355 5317 5309 2354 1337 267 1334 1329 5365 5367 2363 5357 5321 1338 5368
426 12 2 3 16 494 38 480 2321 2294 459 2146 5273 496 2339 2299 483 461 2332 2157 5323 2298 5369 2164 5324 2340 2300 5370 2165 5326 5371 5372
427 12 2 3 16 2294 459 2146 5273 2295 460 2147 5274 2298 5369 2302 2164 462 5324 2160 5330 2301 5373 2166 5331 5371 2303 5374 2167 5333 5375 5376
428 12 2 3 16 2295 460 2147 5274 219 11 125 1321 2301 5373 2304 2166 463 5331 2162 5337 221 1339 128 1332 5375 2305 5377 2168 5338 1340 5378
429 12 2 3 16 495 494 2321 2322 2296 2294 5273 5275 497 2341 2307 2339 2299 2335 5323 5341 2306 5379 5369 5342 2342 2308 5380 5370 5344 5381 5382
430 12 2 3 16 2296 2294 5273 5275 2297 2295 5274 5276 2306 5379 2310 5369 2302 5342 5330 5348 2309 5383 5373 5349 5381 2311 5384 5374 5351 5385 5386
431 12 2 3 16 2297 2295 5274 5276 220 219 1321 1322 2309 5383 2312 5373 2304 5349 5337 5355 222 1341 1339 1335 5385 2313 5387 5377 5356 1342 5388
432 12 2 3 16 46 495 2322 525 514 2296 5275 2346 498 528 516 2341 2307 2337 5341 2357 2314 2364 5379 5359 2343 2315 2365 5380 5360 5389 5390
433 12 2 3 16 514 2296 5275 2346 515 2297 5276 2347 2314 2364 517 5379 2310 5359 5348 2360 2316 2366 5383 5363 5389 2317 2367 5384 5364 5391 5392
434 12 2 3 16 515 2297 5276 2347 20 220 1322 265 2316 2366 518 5383 2312 5363 5355 2362 223 268 1341 1337 5391 2318 2368 5387 5367 1343 5393
435 12 2 3 17 3 119 919 149 490 2170 5394 2469 121 151 493 924 2179 923 5402 2474 2176 2473 5403 5404 925 2180 2475 5405 5406 5407 5408
436 12 2 3 17 490 2170 5394 2469 489 2169 5395 2470 2176 2473 492 5403 2177 5404 5409 2477 2173 2476 5410 5411 5407 2178 2478 5412 5413 5414 5415
437 12 2 3 17 489 2169 5395 2470 30 474 2394 545 2173 2476 491 5410 2174 5411 5416 2479 476 548 2398 2399 5414 2175 2480 5417 5418 2400 5419
438 12 2 3 17 149 919 920 150 2469 5394 5396 2471 923 152 2474 927 5402 926 5420 2482 5404 2481 5421 5422 928 5406 2483 5423 5424 5425 5426
439 12 2 3 17 2469 5394 5396 2471 2470 5395 5397 2472 5404 2481 2477 5421 5409 5422 5427 2485 5411 2484 5428 5429 5425 5413 2486 5430 5431 5432 5433
440 12 2 3 17 2470 5395 5397 2472 545 2394 2395 544 5411 2484 2479 5428 5416 5429 5434 2487 2399 547 2401 2402 5432 5418 2488 5435 5436 2403 5437
441 12 2 3 17 150 920 135 6 2471 5396 2446 554 926 153 2482 929 5420 138 2456 556 5422 2489 5438 2464 930 5424 2490 5439 2465 5440 5441
442 12 2 3 17 2471 5396 2446 554 2472 5397 2447 555 5422 2489 2485 5438 5427 2464 2459 557 5429 2491 5442 2466 5440 5431 2492 5443 2467 5444 5445
443 12 2 3 17 2472 5397 2447 555 544 2395 540 33 5429 2491 2487 5442 5434 2466 2462 558 2402 546 2404 543 5444 5436 2493 5446 2468 2405 5447
444 12 2 3 17 119 120 921 919 2170 2172 5398 5394 122 924 2179 932 2187 931 5448 5402 2184 5403 5449 5450 933 2188 5405 5451 5452 5453 5454
445 12 2 3 17 2170 2172 5398 5394 2169 2171 5399 5395 2184 5403 2177 5449 2185 5450 5455 5409 2181 5410 5456 5457 5453 2186 5412 5458 5459 5460 5461
446 12 2 3 17 2169 2171 5399 5395 474 475 2396 2394 2181 5410 2174 5456 2182 5457 5462 5416 477 2398 2406 2407 5460 2183 5417 5463 5464 2408 5465
447 12 2 3 17 919 921 922 920 5394 5398 5400 5396 931 927 5402 935 5448 934 5466 5420 5450 5421 5467 5468 936 5452 5423 5469 5470 5471 5472
448 12 2 3 17 5394 5398 5400 5396 5395 5399 5401 5397 5450 5421 5409 5467 5455 5468 5473 5427 5457 5428 5474 5475 5471 5459 5430 5476 5477 5478 5479
449 12 2 3 17 5395 5399 5401 5397 2394 2396 2397 2395 5457 5428 5416 5474 5462 5475 5480 5434 2407 2401 2409 2410 5478 5464 5435 5481 5482 2411 5483
450 12 2 3 17 920 922 134 135 5396 5400 2444 2446 934 929 5420 937 5466 137 2448 2456 5468 5438 5484 2457 938 5470 5439 5485 2458 5486 5487
451 12 2 3 17 5396 5400 2444 2446 5397 5401 2445 2447 5468 5438 5427 5484 5473 2457 2451 2459 5475 5442 5488 2460 5486 5477 5443 5489 2461 5490 5491
452 12 2 3 17 5397 5401 2445 2447 2395 2397 539 540 5475 5442 5434 5488 5480 2460 2454 2462 2410 2404 2412 542 5490 5482 5446 5492 2463 2413 5493
453 12 2 3 17 120 12 144 921 2172 485 2419 5398 123 932 2187 146 488 939 2423 5448 2191 5449 2424 5494 940 2193 5451 2425 5495 5496 5497
454 12 2 3 17 2172 485 2419 5398 2171 484 2420 5399 2191 5449 2185 2424 487 5494 2426 5455 2189 5456 2427 5498 5496 2192 5458 2428 5499 5500 5501
455 12 2 3 17 2171 484 2420 5399 475 39 534 2396 2189 5456 2182 2427 486 5498 2429 5462 478 2406 536 2414 5500 2190 5463 2430 5502 2415 5503
456 12 2 3 17 921 144 145 922 5398 2419 2421 5400 939 935 5448 147 2423 941 2431 5466 5494 5467 2432 5504 942 5495 5469 2433 5505 5506 5507
457 12 2 3 17 5398 2419 2421 5400 5399 2420 2422 5401 5494 5467 5455 2432 2426 5504 2434 5473 5498 5474 2435 5508 5506 5499 5476 2436 5509 5510 5511
458 12 2 3 17 5399 2420 2422 5401 2396 534 535 2397 5498 5474 5462 2435 2429 5508 2437 5480 2414 2409 537 2416 5510 5502 5481 2438 5512 2417 5513
459 12 2 3 17 922 145 15 134 5400 2421 549 2444 941 937 5466 148 2431 136 551 2448 5504 5484 2439 2449 943 5505 5485 2440 2450 5514 5515
460 12 2 3 17 5400 2421 549 2444 5401 2422 550 2445 5504 5484 5473 2439 2434 2449 552 2451 5508 5488 2441 2452 5514 5509 5489 2442 2453 5516 5517
461 12 2 3 17 5401 2422 550 2445 2397 535 41 539 5508 5488 5480 2441 2437 2452 553 2454 2416 2412 538 541 5516 5512 5492 2443 2455 2418 5518
462 12 2 3 18 1144 134 15 209 5519 2444 549 2519 1148 1149 5527 136 2448 211 551 2523 5528 5529 2449 2524 1150 5530 5531 2450 2525 5532 5533
463 12 2 3 18 5519 2444 549 2519 5520 2445 550 2520 5528 5529 5534 2449 2451 2524 552 2526 5535 5536 2452 2527 5532 5537 5538 2453 2528 5539 5540
464 12 2 3 18 5520 2445 550 2520 2494 539 41 559 5535 5536 5541 2452 2454 2527 553 2529 2499 2498 541 561 5539 5542 5543 2455 2530 2500 5544
465 12 2 3 18 1145 1144 209 210 5521 5519 2519 2521 1151 1152 5545 1149 5527 212 2523 2531 5546 5547 5529 2532 1153 5548 5549 5531 2533 5550 5551
466 12 2 3 18 5521 5519 2519 2521 5522 5520 2520 2522 5546 5547 5552 5529 5534 2532 2526 2534 5553 5554 5536 2535 5550 5555 5556 5538 2536 5557 5558
467 12 2 3 18 5522 5520 2520 2522 2495 2494 559 560 5553 5554 5559 5536 5541 2535 2529 2537 2502 2501 2498 562 5557 5560 5561 5543 2538 2503 5562
468 12 2 3 18 199 1145 210 18 1769 5521 2521 379 1154 201 1773 1152 5545 213 2531 381 5563 1774 5547 2539 1155 5564 1775 5549 2540 5565 5566
469 12 2 3 18 1769 5521 2521 379 1770 5522 2522 380 5563 1774 1776 5547 5552 2539 2534 382 5567 1777 5554 2541 5565 5568 1778 5556 2542 5569 5570
470 12 2 3 18 1770 5522 2522 380 369 2495 560 44 5567 1777 1779 5554 5559 2541 2537 383 2504 371 2501 563 5569 5571 1780 5561 2543 2505 5572
471 12 2 3 18 1146 135 134 1144 5523 2446 2444 5519 1156 1157 5573 137 2456 1148 2448 5527 5574 5575 2457 5528 1158 5576 5577 2458 5530 5578 5579
472 12 2 3 18 5523 2446 2444 5519 5524 2447 2445 5520 5574 5575 5580 2457 2459 5528 2451 5534 5581 5582 2460 5535 5578 5583 5584 2461 5537 5585 5586
473 12 2 3 18 5524 2447 2445 5520 2496 540 539 2494 5581 5582 5587 2460 2462 5535 2454 5541 2507 2506 542 2499 5585 5588 5589 2463 5542 2508 5590
474 12 2 3 18 1147 1146 1144 1145 5525 5523 5519 5521 1159 1160 5591 1157 5573 1151 5527 5545 5592 5593 5575 5546 1161 5594 5595 5577 5548 5596 5597
475 12 2 3 18 5525 5523 5519 5521 5526 5524 5520 5522 5592 5593 5598 5575 5580 5546 5534 5552 5599 5600 5582 5553 5596 5601 5602 5584 5555 5603 5604
476 12 2 3 18 5526 5524 5520 5522 2497 2496 2494 2495 5599 5600 5605 5582 5587 5553 5541 5559 2510 2509 2506 2502 5603 5606 5607 5589 5560 2511 5608
477 12 2 3 18 200 1147 1145 199 1771 5525 5521 1769 1162 202 1781 1160 5591 1154 5545 1773 5609 1782 5593 5563 1163 5610 1783 5595 5564 5611 5612
478 12 2 3 18 1771 5525 5521 1769 1772 5526 5522 1770 5609 1782 1784 5593 5598 5563 5552 1776 5613 1785 5600 5567 5611 5614 1786 5602 5568 5615 5616
479 12 2 3 18 1772 5526 5522 1770 370 2497 2495 369 5613 1785 1787 5600 5605 5567 5559 1779 2512 372 2509 2504 5615 5617 1788 5607 5571 2513 5618
480 12 2 3 18 214 6 135 1146 2544 554 2446 5523 216 1164 2549 138 556 1156 2456 5573 2548 5619 2464 5574 1165 2550 5620 2465 5576 5621 5622
481 12 2 3 18 2544 554 2446 5523 2545 555 2447 5524 2548 5619 2552 2464 557 5574 2459 5580 2551 5623 2466 5581 5621 2553 5624 2467 5583 5625 5626
482 12 2 3 18 2545 555 2447 5524 565 33 540 2496 2551 5623 2554 2466 558 5581 2462 5587 568 2514 543 2507 5625 2555 5627 2468 5588 2515 5628
483 12 2 3 18 215 214 1146 1147 2546 2544 5523 5525 217 1166 2557 1164 2549 1159 5573 5591 2556 5629 5619 5592 1167 2558 5630 5620 5594 5631 5632
484 12 2 3 18 2546 2544 5523 5525 2547 2545 5524 5526 2556 5629 2560 5619 2552 5592 5580 5598 2559 5633 5623 5599 5631 2561 5634 5624 5601 5635 5636
485 12 2 3 18 2547 2545 5524 5526 564 565 2496 2497 2559 5633 2562 5623 2554 5599 5587 5605 567 2516 2514 2510 5635 2563 5637 5627 5606 2517 5638
486 12 2 3 18 9 215 1147 200 384 2546 5525 1771 218 203 386 1166 2557 1162 5591 1781 2564 1789 5629 5609 1168 2565 1790 5630 5610 5639 5640
487 12 2 3 18 384 2546 5525 1771 385 2547 5526 1772 2564 1789 387 5629 2560 5609 5598 1784 2566 1791 5633 5613 5639 2567 1792 5634 5614 5641 5642
488 12 2 3 18 385 2547 5526 1772 36 564 2497 370 2566 1791 388 5633 2562 5613 5605 1787 566 373 2516 2512 5641 2568 1793 5637 5617 2518 5643
489 12 2 3 19 12 259 1394 144 485 2370 5644 2419 261 146 488 1399 2379 1398 5652 2423 2376 2424 5653 5654 1400 2380 2425 5655 5656 5657 5658
490 12 2 3 19 485 2370 5644 2419 484 2369 5645 2420 2376 2424 487 5653 2377 5654 5659 2426 2373 2427 5660 5661 5657 2378 2428 5662 5663 5664 5665
491 12 2 3 19 484 2369 5645 2420 39 519 2569 534 2373 2427 486 5660 2374 5661 5666 2429 521 536 2573 2574 5664 2375 2430 5667 5668 2575 5669
492 12 2 3 19 144 1394 1395 145 2419 5644 5646 2421 1398 147 2423 1402 5652 1401 5670 2431 5654 2432 5671 5672 1403 5656 2433 5673 5674 5675 5676
493 12 2 3 19 2419 5644 5646 2421 2420 5645 5647 2422 5654 2432 2426 5671 5659 5672 5677 2434 5661 2435 5678 5679 5675 5663 2436 5680 5681 5682 5683
494 12 2 3 19 2420 5645 5647 2422 534 2569 2570 535 5661 2435 2429 5678 5666 5679 5684 2437 2574 537 2576 2577 5682 5668 2438 5685 5686 2578 5687
495 12 2 3 19 145 1395 275 15 2421 5646 2621 549 1401 148 2431 1404 5670 278 2631 551 5672 2439 5688 2639 1405 5674 2440 5689 2640 5690 5691
496 12 2 3 19 2421 5646 2621 549 2422 5647 2622 550 5672 2439 2434 5688 5677 2639 2634 552 5679 2441 5692 2641 5690 5681 2442 5693 2642 5694 5695
497 12 2 3 19 2422 5647 2622 550 535 2570 575 41 5679 2441 2437 5692 5684 2641 2637 553 2577 538 2579 578 5694 5686 2443 5696 2643 2580 5697
498 12 2 3 19 259 260 1396 1394 2370 2372 5648 5644 262 1399 2379 1407 2387 1406 5698 5652 2384 5653 5699 5700 1408 2388 5655 5701 5702 5703 5704
499 12 2 3 19 2370 2372 5648 5644 2369 2371 5649 5645 2384 5653 2377 5699 2385 5700 5705 5659 2381 5660 5706 5707 5703 2386 5662 5708 5709 5710 5711
500 12 2 3 19 2369 2371 5649 5645 519 520 2571 2569 2381 5660 2374 5706 2382 5707 5712 5666 522 2573 2581 2582 5710 2383 5667 5713 5714 2583 5715
501 12 2 3 19 1394 1396 1397 1395 5644 5648 5650 5646 1406 1402 5652 1410 5698 1409 5716 5670 5700 5671 5717 5718 1411 5702 5673 5719 5720 5721 5722
502 12 2 3 19 5644 5648 5650 5646 5645 5649 5651 5647 5700 5671 5659 5717 5705 5718 5723 5677 5707 5678 5724 5725 5721 5709 5680 5726 5727 5728 5729
503 12 2 3 19 5645 5649 5651 5647 2569 2571 2572 2570 5707 5678 5666 5724 5712 5725 5730 5684 2582 2576 2584 2585 5728 5714 5685 5731 5732 2586 5733
504 12 2 3 19 1395 1397 274 275 5646 5650 2619 2621 1409 1404 5670 1412 5716 277 2623 2631 5718 5688 5734 2632 1413 5720 5689 5735 2633 5736 5737
505 12 2 3 19 5646 5650 2619 2621 5647 5651 2620 2622 5718 5688 5677 5734 5723 2632 2626 2634 5725 5692 5738 2635 5736 5727 5693 5739 2636 5740 5741
506 12 2 3 19 5647 5651 2620 2622 2570 2572 574 575 5725 5692 5684 5738 5730 2635 2629 2637 2585 2579 2587 577 5740 5732 5696 5742 2638 2588 5743
507 12 2 3 19 260 21 279 1396 2372 530 2594 5648 263 1407 2387 281 533 1414 2598 5698 2391 5699 2599 5744 1415 2393 5701 2600 5745 5746 5747
508 12 2 3 19 2372 530 2594 5648 2371 529 2595 5649 2391 5699 2385 2599 532 5744 2601 5705 2389 5706 2602 5748 5746 2392 5708 2603 5749 5750 5751
509 12 2 3 19 2371 529 2595 5649 520 47 569 2571 2389 5706 2382 2602 531 5748 2604 5712 523 2581 571 2589 5750 2390 5713 2605 5752 2590 5753
510 12 2 3 19 1396 279 280 1397 5648 2594 2596 5650 1414 1410 5698 282 2598 1416 2606 5716 5744 5717 2607 5754 1417 5745 5719 2608 5755 5756 5757
511 12 2 3 19 5648 2594 2596 5650 5649 2595 2597 5651 5744 5717 5705 2607 2601 5754 2609 5723 5748 5724 2610 5758 5756 5749 5726 2611 5759 5760 5761
512 12 2 3 19 5649 2595 2597 5651 2571 569 570 2572 5748 5724 5712 2610 2604 5758 2612 5730 2589 2584 572 2591 5760 5752 5731 2613 5762 2592 5763
513 12 2 3 19 1397 280 24 274 5650 2596 579 2619 1416 1412 5716 283 2606 276 581 2623 5754 5734 2614 2624 1418 5755 5735 2615 2625 5764 5765
514 12 2 3 19 5650 2596 579 2619 5651 2597 580 2620 5754 5734 5723 2614 2609 2624 582 2626 5758 5738 2616 2627 5764 5759 5739 2617 2628 5766 5767
515 12 2 3 19 5651 2597 580 2620 2572 570 50 574 5758 5738 5730 2616 2612 2627 583 2629 2591 2587 573 576 5766 5762 5742 2618 2630 2593 5768
516 12 2 3 20 1569 274 24 319 5769 2619 579 2669 1573 1574 5777 276 2623 321 581 2673 5778 5779 2624 2674 1575 5780 5781 2625 2675 5782 5783
517 12 2 3 20 5769 2619 579 2669 5770 2620 580 2670 5778 5779 5784 2624 2626 2674 582 2676 5785 5786 2627 2677 5782 5787 5788 2628 2678 5789 5790
518 12 2 3 20 5770 2620 580 2670 2644 574 50 584 5785 5786 5791 2627 2629 2677 583 2679 2649 2648 576 586 5789 5792 5793 2630 2680 2650 5794
519 12 2 3 20 1570 1569 319 320 5771 5769 2669 2671 1576 1577 5795 1574 5777 322 2673 2681 5796 5797 5779 2682 1578 5798 5799 5781 2683 5800 5801
520 12 2 3 20 5771 5769 2669 2671 5772 5770 2670 2672 5796 5797 5802 5779 5784 2682 2676 2684 5803 5804 5786 2685 5800 5805 5806 5788 2686 5807 5808
521 12 2 3 20 5772 5770 2670 2672 2645 2644 584 585 5803 5804 5809 5786 5791 2685 2679 2687 2652 2651 2648 587 5807 5810 5811 5793 2688 2653 5812
522 12 2 3 20 314 1570 320 27 1969 5771 2671 424 1579 316 1973 1577 5795 323 2681 426 5813 1974 5797 2689 1580 5814 1975 5799 2690 5815 5816
523 12 2 3 20 1969 5771 2671 424 1970 5772 2672 425 5813 1974 1976 5797 5802 2689 2684 427 5817 1977 5804 2691 5815 5818 1978 5806 2692 5819 5820
524 12 2 3 20 1970 5772 2672 425 419 2645 585 53 5817 1977 1979 5804 5809 2691 2687 428 2654 421 2651 588 5819 5821 1980 5811 2693 2655 5822
525 12 2 3 20 1571 275 274 1569 5773 2621 2619 5769 1581 1582 5823 277 2631 1573 2623 5777 5824 5825 2632 5778 1583 5826 5827 2633 5780 5828 5829
526 12 2 3 20 5773 2621 2619 5769 5774 2622 2620 5770 5824 5825 5830 2632 2634 5778 2626 5784 5831 5832 2635 5785 5828 5833 5834 2636 5787 5835 5836
527 12 2 3 20 5774 2622 2620 5770 2646 575 574 2644 5831 5832 5837 2635 2637 5785 2629 5791 2657 2656 577 2649 5835 5838 5839 2638 5792 2658 5840
528 12 2 3 20 1572 1571 1569 1570 5775 5773 5769 5771 1584 1585 5841 1582 5823 1576 5777 5795 5842 5843 5825 5796 1586 5844 5845 5827 5798 5846 5847
529 12 2 3 20 5775 5773 5769 5771 5776 5774 5770 5772 5842 5843 5848 5825 5830 5796 5784 5802 5849 5850 5832 5803 5846 5851 5852 5834 5805 5853 5854
530 12 2 3 20 5776 5774 5770 5772 2647 2646 2644 2645 5849 5850 5855 5832 5837 5803 5791 5809 2660 2659 2656 2652 5853 5856 5857 5839 5810 2661 5858
531 12 2 3 20 315 1572 1570 314 1971 5775 5771 1969 1587 317 1981 1585 5841 1579 5795 1973 5859 1982 5843 5813 1588 5860 1983 5845 5814 5861 5862
532 12 2 3 20 1971 5775 5771 1969 1972 5776 5772 1970 5859 1982 1984 5843 5848 5813 5802 1976 5863 1985 5850 5817 5861 5864 1986 5852 5818 5865 5866
533 12 2 3 20 1972 5776 5772 1970 420 2647 2645 419 5863 1985 1987 5850 5855 5817 5809 1979 2662 422 2659 2654 5865 5867 1988 5857 5821 2663 5868
534 12 2 3 20 209 15 275 1571 2519 549 2621 5773 211 1589 2523 278 551 1581 2631 5823 2524 5869 2639 5824 1590 2525 5870 2640 5826 5871 5872
535 12 2 3 20 2519 549 2621 5773 2520 550 2622 5774 2524 5869 2526 2639 552 5824 2634 5830 2527 5873 2641 5831 5871 2528 5874 2642 5833 5875 5876
536 12 2 3 20 2520 550 2622 5774 559 41 575 2646 2527 5873 2529 2641 553 5831 2637 5837 561 2664 578 2657 5875 2530 5877 2643 5838 2665 5878
537 12 2 3 20 210 209 1571 1572 2521 2519 5773 5775 212 1591 2531 1589 2523 1584 5823 5841 2532 5879 5869 5842 1592 2533 5880 5870 5844 5881 5882
538 12 2 3 20 2521 2519 5773 5775 2522 2520 5774 5776 2532 5879 2534 5869 2526 5842 5830 5848 2535 5883 5873 5849 5881 2536 5884 5874 5851 5885 5886
539 12 2 3 20 2522 2520 5774 5776 560 559 2646 2647 2535 5883 2537 5873 2529 5849 5837 5855 562 2666 2664 2660 5885 2538 5887 5877 5856 2667 5888
540 12 2 3 20 18 210 1572 315 379 2521 5775 1971 213 318 381 1591 2531 1587 5841 1981 2539 1989 5879 5859 1593 2540 1990 5880 5860 5889 5890
541 12 2 3 20 379 2521 5775 1971 380 2522 5776 1972 2539 1989 382 5879 2534 5859 5848 1984 2541 1991 5883 5863 5889 2542 1992 5884 5864 5891 5892
542 12 2 3 20 380 2522 5776 1972 44 560 2647 420 2541 1991 383 5883 2537 5863 5855 1987 563 423 2666 2662 5891 2543 1993 5887 5867 2668 5893
543 12 2 3 21 2694 589 28 445 5894 2769 455 2021 2698 2699 5902 591 2774 448 458 2032 5903 5904 2773 2039 2700 5905 5906 2775 2040 5907 5908
544 12 2 3 21 5894 2769 455 2021 5895 2770 454 2022 5903 5904 5909 2773 2777 2039 457 2035 5910 5911 2776 2041 5907 5912 5913 2778 2042 5914 5915
545 12 2 3 21 5895 2770 454 2022 746 100 1 70 5910 5911 5916 2776 2779 2041 456 2037 764 757 103 73 5914 5917 5918 2780 2043 765 5919
546 12 2 3 21 2695 2694 445 444 5896 5894 2021 2019 2701 2702 5920 2699 5902 447 2032 2024 5921 5922 5904 2031 2703 5923 5924 5906 2033 5925 5926
547 12 2 3 21 5896 5894 2021 2019 5897 5895 2022 2020 5921 5922 5927 5904 5909 2031 2035 2027 5928 5929 5911 2034 5925 5930 5931 5913 2036 5932 5933
548 12 2 3 21 5897 5895 2022 2020 744 746 70 69 5928 5929 5934 5911 5916 2034 2037 2029 756 749 757 72 5932 5935 5936 5918 2038 758 5937
549 12 2 3 21 600 2695 444 37 2721 5896 2019 449 2704 603 2732 2702 5920 446 2024 451 5938 2739 5922 2023 2705 5939 2740 5924 2025 5940 5941
550 12 2 3 21 2721 5896 2019 449 2722 5897 2020 450 5938 2739 2735 5922 5927 2023 2027 452 5942 2741 5929 2026 5940 5943 2742 5931 2028 5944 5945
551 12 2 3 21 2722 5897 2020 450 94 744 69 10 5942 2741 2737 5929 5934 2026 2029 453 748 96 749 71 5944 5946 2743 5936 2030 750 5947
552 12 2 3 21 2696 590 589 2694 5898 2771 2769 5894 2706 2707 5948 592 2782 2698 2774 5902 5949 5950 2781 5903 2708 5951 5952 2783 5905 5953 5954
553 12 2 3 21 5898 2771 2769 5894 5899 2772 2770 5895 5949 5950 5955 2781 2785 5903 2777 5909 5956 5957 2784 5910 5953 5958 5959 2786 5912 5960 5961
554 12 2 3 21 5899 2772 2770 5895 747 99 100 746 5956 5957 5962 2784 2787 5910 2779 5916 766 760 102 764 5960 5963 5964 2788 5917 767 5965
555 12 2 3 21 2697 2696 2694 2695 5900 5898 5894 5896 2709 2710 5966 2707 5948 2701 5902 5920 5967 5968 5950 5921 2711 5969 5970 5952 5923 5971 5972
556 12 2 3 21 5900 5898 5894 5896 5901 5899 5895 5897 5967 5968 5973 5950 5955 5921 5909 5927 5974 5975 5957 5928 5971 5976 5977 5959 5930 5978 5979
557 12 2 3 21 5901 5899 5895 5897 745 747 746 744 5974 5975 5980 5957 5962 5928 5916 5934 759 752 760 756 5978 5981 5982 5964 5935 761 5983
558 12 2 3 21 599 2697 2695 600 2719 5900 5896 2721 2712 602 2724 2710 5966 2704 5920 2732 5984 2731 5968 5938 2713 5985 2733 5970 5939 5986 5987
559 12 2 3 21 2719 5900 5896 2721 2720 5901 5897 2722 5984 2731 2727 5968 5973 5938 5927 2735 5988 2734 5975 5942 5986 5989 2736 5977 5943 5990 5991
560 12 2 3 21 2720 5901 5897 2722 95 745 744 94 5988 2734 2729 5975 5980 5942 5934 2737 751 97 752 748 5990 5992 2738 5982 5946 753 5993
561 12 2 3 21 594 31 590 2696 2744 609 2771 5898 596 2714 2749 593 611 2706 2782 5948 2748 5994 2789 5949 2715 2750 5995 2790 5951 5996 5997
562 12 2 3 21 2744 609 2771 5898 2745 610 2772 5899 2748 5994 2752 2789 612 5949 2785 5955 2751 5998 2791 5956 5996 2753 5999 2792 5958 6000 6001
563 12 2 3 21 2745 610 2772 5899 74 4 99 747 2751 5998 2754 2791 613 5956 2787 5962 76 762 101 766 6000 2755 6002 2793 5963 768 6003
564 12 2 3 21 595 594 2696 2697 2746 2744 5898 5900 597 2716 2757 2714 2749 2709 5948 5966 2756 6004 5994 5967 2717 2758 6005 5995 5969 6006 6007
565 12 2 3 21 2746 2744 5898 5900 2747 2745 5899 5901 2756 6004 2760 5994 2752 5967 5955 5973 2759 6008 5998 5974 6006 2761 6009 5999 5976 6010 6011
566 12 2 3 21 2747 2745 5899 5901 75 74 747 745 2759 6008 2762 5998 2754 5974 5962 5980 77 754 762 759 6010 2763 6012 6002 5981 763 6013
567 12 2 3 21 40 595 2697 599 604 2746 5900 2719 598 601 606 2716 2757 2712 5966 2724 2764 2723 6004 5984 2718 2765 2725 6005 5985 6014 6015
568 12 2 3 21 604 2746 5900 2719 605 2747 5901 2720 2764 2723 607 6004 2760 5984 5973 2727 2766 2726 6008 5988 6014 2767 2728 6009 5989 6016 6017
569 12 2 3 21 605 2747 5901 2720 13 75 745 95 2766 2726 608 6008 2762 5988 5980 2729 78 98 754 751 6016 2768 2730 6012 5992 755 6018
570 12 2 3 22 2794 614 31 594 6019 2844 609 2744 2798 2799 6027 616 2849 596 611 2749 6028 6029 2848 2748 2800 6030 6031 2850 2750 6032 6033
571 12 2 3 22 6019 2844 609 2744 6020 2845 610 2745 6028 6029 6034 2848 2852 2748 612 2752 6035 6036 2851 2751 6032 6037 6038 2853 2753 6039 6040
572 12 2 3 22 6020 2845 610 2745 994 180 4 74 6035 6036 6041 2851 2854 2751 613 2754 999 998 183 76 6039 6042 6043 2855 2755 1000 6044
573 12 2 3 22 2795 2794 594 595 6021 6019 2744 2746 2801 2802 6045 2799 6027 597 2749 2757 6046 6047 6029 2756 2803 6048 6049 6031 2758 6050 6051
574 12 2 3 22 6021 6019 2744 2746 6022 6020 2745 2747 6046 6047 6052 6029 6034 2756 2752 2760 6053 6054 6036 2759 6050 6055 6056 6038 2761 6057 6058
575 12 2 3 22 6022 6020 2745 2747 996 994 74 75 6053 6054 6059 6036 6041 2759 2754 2762 1007 1006 998 77 6057 6060 6061 6043 2763 1008 6062
576 12 2 3 22 620 2795 595 40 2821 6021 2746 604 2804 623 2832 2802 6045 598 2757 606 6063 2839 6047 2764 2805 6064 2840 6049 2765 6065 6066
577 12 2 3 22 2821 6021 2746 604 2822 6022 2747 605 6063 2839 2835 6047 6052 2764 2760 607 6067 2841 6054 2766 6065 6068 2842 6056 2767 6069 6070
578 12 2 3 22 2822 6022 2747 605 174 996 75 13 6067 2841 2837 6054 6059 2766 2762 608 1014 176 1006 78 6069 6071 2843 6061 2768 1015 6072
579 12 2 3 22 2796 615 614 2794 6023 2846 2844 6019 2806 2807 6073 617 2857 2798 2849 6027 6074 6075 2856 6028 2808 6076 6077 2858 6030 6078 6079
580 12 2 3 22 6023 2846 2844 6019 6024 2847 2845 6020 6074 6075 6080 2856 2860 6028 2852 6034 6081 6082 2859 6035 6078 6083 6084 2861 6037 6085 6086
581 12 2 3 22 6024 2847 2845 6020 995 179 180 994 6081 6082 6087 2859 2862 6035 2854 6041 1002 1001 182 999 6085 6088 6089 2863 6042 1003 6090
582 12 2 3 22 2797 2796 2794 2795 6025 6023 6019 6021 2809 2810 6091 2807 6073 2801 6027 6045 6092 6093 6075 6046 2811 6094 6095 6077 6048 6096 6097
583 12 2 3 22 6025 6023 6019 6021 6026 6024 6020 6022 6092 6093 6098 6075 6080 6046 6034 6052 6099 6100 6082 6053 6096 6101 6102 6084 6055 6103 6104
584 12 2 3 22 6026 6024 6020 6022 997 995 994 996 6099 6100 6105 6082 6087 6053 6041 6059 1010 1009 1001 1007 6103 6106 6107 6089 6060 1011 6108
585 12 2 3 22 619 2797 2795 620 2819 6025 6021 2821 2812 622 2824 2810 6091 2804 6045 2832 6109 2831 6093 6063 2813 6110 2833 6095 6064 6111 6112
586 12 2 3 22 2819 6025 6021 2821 2820 6026 6022 2822 6109 2831 2827 6093 6098 6063 6052 2835 6113 2834 6100 6067 6111 6114 2836 6102 6068 6115 6116
587 12 2 3 22 2820 6026 6022 2822 175 997 996 174 6113 2834 2829 6100 6105 6067 6059 2837 1016 177 1009 1014 6115 6117 2838 6107 6071 1017 6118
588 12 2 3 22 324 34 615 2796 1620 349 2846 6023 326 2814 1629 618 351 2806 2857 6073 1627 6119 2864 6074 2815 1630 6120 2865 6076 6121 6122
589 12 2 3 22 1620 349 2846 6023 1619 350 2847 6024 1627 6119 1626 2864 352 6074 2860 6080 1624 6123 2866 6081 6121 1628 6124 2867 6083 6125 6126
590 12 2 3 22 1619 350 2847 6024 154 7 179 995 1624 6123 1623 2866 353 6081 2862 6087 156 1004 181 1002 6125 1625 6127 2868 6088 1005 6128
591 12 2 3 22 325 324 2796 2797 1622 1620 6023 6025 327 2816 1637 2814 1629 2809 6073 6091 1635 6129 6119 6092 2817 1638 6130 6120 6094 6131 6132
592 12 2 3 22 1622 1620 6023 6025 1621 1619 6024 6026 1635 6129 1634 6119 1626 6092 6080 6098 1632 6133 6123 6099 6131 1636 6134 6124 6101 6135 6136
593 12 2 3 22 1621 1619 6024 6026 155 154 995 997 1632 6133 1631 6123 1623 6099 6087 6105 157 1012 1004 1010 6135 1633 6137 6127 6106 1013 6138
594 12 2 3 22 42 325 2797 619 345 1622 6025 2819 328 621 348 2816 1637 2812 6091 2824 1641 2823 6129 6109 2818 1643 2825 6130 6110 6139 6140
595 12 2 3 22 345 1622 6025 2819 344 1621 6026 2820 1641 2823 347 6129 1634 6109 6098 2827 1639 2826 6133 6113 6139 1642 2828 6134 6114 6141 6142
596 12 2 3 22 344 1621 6026 2820 16 155 997 175 1639 2826 346 6133 1631 6113 6105 2829 158 178 1012 1016 6141 1640 2830 6137 6117 1018 6143
597 12 2 3 23 40 599 2869 624 604 2719 6144 2919 601 626 606 2874 2724 2873 6152 2924 2723 2923 6153 6154 2875 2725 2925 6155 6156 6157 6158
598 12 2 3 23 604 2719 6144 2919 605 2720 6145 2920 2723 2923 607 6153 2727 6154 6159 2927 2726 2926 6160 6161 6157 2728 2928 6162 6163 6164 6165
599 12 2 3 23 605 2720 6145 2920 13 95 1247 234 2726 2926 608 6160 2729 6161 6166 2929 98 236 1266 1262 6164 2730 2930 6167 6168 1268 6169
600 12 2 3 23 624 2869 2870 625 2919 6144 6146 2921 2873 627 2924 2877 6152 2876 6170 2932 6154 2931 6171 6172 2878 6156 2933 6173 6174 6175 6176
601 12 2 3 23 2919 6144 6146 2921 2920 6145 6147 2922 6154 2931 2927 6171 6159 6172 6177 2935 6161 2934 6178 6179 6175 6163 2936 6180 6181 6182 6183
602 12 2 3 23 2920 6145 6147 2922 234 1247 1245 235 6161 2934 2929 6178 6166 6179 6184 2937 1262 237 1259 1254 6182 6168 2938 6185 6186 1263 6187
603 12 2 3 23 625 2870 629 48 2921 6146 2894 634 2876 628 2932 2879 6170 631 2899 636 6172 2939 6188 2898 2880 6174 2940 6189 2900 6190 6191
604 12 2 3 23 2921 6146 2894 634 2922 6147 2895 635 6172 2939 2935 6188 6177 2898 2902 637 6179 2941 6192 2901 6190 6181 2942 6193 2903 6194 6195
605 12 2 3 23 2922 6147 2895 635 235 1245 250 22 6179 2941 2937 6192 6184 2901 2904 638 1254 238 1251 253 6194 6186 2943 6196 2905 1255 6197
606 12 2 3 23 599 600 2871 2869 2719 2721 6148 6144 602 2874 2724 2882 2732 2881 6198 6152 2731 6153 6199 6200 2883 2733 6155 6201 6202 6203 6204
607 12 2 3 23 2719 2721 6148 6144 2720 2722 6149 6145 2731 6153 2727 6199 2735 6200 6205 6159 2734 6160 6206 6207 6203 2736 6162 6208 6209 6210 6211
608 12 2 3 23 2720 2722 6149 6145 95 94 1246 1247 2734 6160 2729 6206 2737 6207 6212 6166 97 1266 1264 1260 6210 2738 6167 6213 6214 1267 6215
609 12 2 3 23 2869 2871 2872 2870 6144 6148 6150 6146 2881 2877 6152 2885 6198 2884 6216 6170 6200 6171 6217 6218 2886 6202 6173 6219 6220 6221 6222
610 12 2 3 23 6144 6148 6150 6146 6145 6149 6151 6147 6200 6171 6159 6217 6205 6218 6223 6177 6207 6178 6224 6225 6221 6209 6180 6226 6227 6228 6229
611 12 2 3 23 6145 6149 6151 6147 1247 1246 1244 1245 6207 6178 6166 6224 6212 6225 6230 6184 1260 1259 1256 1252 6228 6214 6185 6231 6232 1261 6233
612 12 2 3 23 2870 2872 630 629 6146 6150 2896 2894 2884 2879 6170 2887 6216 632 2907 2899 6218 6188 6234 2906 2888 6220 6189 6235 2908 6236 6237
613 12 2 3 23 6146 6150 2896 2894 6147 6151 2897 2895 6218 6188 6177 6234 6223 2906 2910 2902 6225 6192 6238 2909 6236 6227 6193 6239 2911 6240 6241
614 12 2 3 23 6147 6151 2897 2895 1245 1244 249 250 6225 6192 6184 6238 6230 2909 2912 2904 1252 1251 1248 252 6240 6232 6196 6242 2913 1253 6243
615 12 2 3 23 600 37 505 2871 2721 449 2246 6148 603 2882 2732 508 451 2889 2257 6198 2739 6199 2264 6244 2890 2740 6201 2265 6245 6246 6247
616 12 2 3 23 2721 449 2246 6148 2722 450 2247 6149 2739 6199 2735 2264 452 6244 2260 6205 2741 6206 2266 6248 6246 2742 6208 2267 6249 6250 6251
617 12 2 3 23 2722 450 2247 6149 94 10 230 1246 2741 6206 2737 2266 453 6248 2262 6212 96 1264 233 1257 6250 2743 6213 2268 6252 1265 6253
618 12 2 3 23 2871 505 504 2872 6148 2246 2244 6150 2889 2885 6198 507 2257 2891 2249 6216 6244 6217 2256 6254 2892 6245 6219 2258 6255 6256 6257
619 12 2 3 23 6148 2246 2244 6150 6149 2247 2245 6151 6244 6217 6205 2256 2260 6254 2252 6223 6248 6224 2259 6258 6256 6249 6226 2261 6259 6260 6261
620 12 2 3 23 6149 2247 2245 6151 1246 230 229 1244 6248 6224 6212 2259 2262 6258 2254 6230 1257 1256 232 1249 6260 6252 6231 2263 6262 1258 6263
621 12 2 3 23 2872 504 45 630 6150 2244 509 2896 2891 2887 6216 506 2249 633 511 2907 6254 6234 2248 2914 2893 6255 6235 2250 2915 6264 6265
622 12 2 3 23 6150 2244 509 2896 6151 2245 510 2897 6254 6234 6223 2248 2252 2914 512 2910 6258 6238 2251 2916 6264 6259 6239 2253 2917 6266 6267
623 12 2 3 23 6151 2245 510 2897 1244 229 19 249 6258 6238 6230 2251 2254 2916 513 2912 1249 1248 231 251 6266 6262 6242 2255 2918 1250 6268
624 12 2 3 24 42 619 2944 389 345 2819 6269 1845 621 391 348 2949 2824 2948 6277 1854 2823 1852 6278 6279 2950 2825 1855 6280 6281 6282 6283
625 12 2 3 24 345 2819 6269 1845 344 2820 6270 1844 2823 1852 347 6278 2827 6279 6284 1851 2826 1849 6285 6286 6282 2828 1853 6287 6288 6289 6290
626 12 2 3 24 344 2820 6270 1844 16 175 1445 284 2826 1849 346 6285 2829 6286 6291 1848 178 286 1452 1454 6289 2830 1850 6292 6293 1455 6294
627 12 2 3 24 389 2944 2945 390 1845 6269 6271 1847 2948 392 1854 2952 6277 2951 6295 1862 6279 1860 6296 6297 2953 6281 1863 6298 6299 6300 6301
628 12 2 3 24 1845 6269 6271 1847 1844 6270 6272 1846 6279 1860 1851 6296 6284 6297 6302 1859 6286 1857 6303 6304 6300 6288 1861 6305 6306 6307 6308
629 12 2 3 24 1844 6270 6272 1846 284 1445 1447 285 6286 1857 1848 6303 6291 6304 6309 1856 1454 287 1460 1462 6307 6293 1858 6310 6311 1463 6312
630 12 2 3 24 390 2945 639 51 1847 6271 2969 405 2951 393 1862 2954 6295 641 2974 408 6297 1866 6313 2973 2955 6299 1868 6314 2975 6315 6316
631 12 2 3 24 1847 6271 2969 405 1846 6272 2970 404 6297 1866 1859 6313 6302 2973 2977 407 6304 1864 6317 2976 6315 6306 1867 6318 2978 6319 6320
632 12 2 3 24 1846 6272 2970 404 285 1447 300 25 6304 1864 1856 6317 6309 2976 2979 406 1462 288 1466 303 6319 6311 1865 6321 2980 1468 6322
633 12 2 3 24 619 620 2946 2944 2819 2821 6273 6269 622 2949 2824 2957 2832 2956 6323 6277 2831 6278 6324 6325 2958 2833 6280 6326 6327 6328 6329
634 12 2 3 24 2819 2821 6273 6269 2820 2822 6274 6270 2831 6278 2827 6324 2835 6325 6330 6284 2834 6285 6331 6332 6328 2836 6287 6333 6334 6335 6336
635 12 2 3 24 2820 2822 6274 6270 175 174 1444 1445 2834 6285 2829 6331 2837 6332 6337 6291 177 1452 1449 1451 6335 2838 6292 6338 6339 1453 6340
636 12 2 3 24 2944 2946 2947 2945 6269 6273 6275 6271 2956 2952 6277 2960 6323 2959 6341 6295 6325 6296 6342 6343 2961 6327 6298 6344 6345 6346 6347
637 12 2 3 24 6269 6273 6275 6271 6270 6274 6276 6272 6325 6296 6284 6342 6330 6343 6348 6302 6332 6303 6349 6350 6346 6334 6305 6351 6352 6353 6354
638 12 2 3 24 6270 6274 6276 6272 1445 1444 1446 1447 6332 6303 6291 6349 6337 6350 6355 6309 1451 1460 1457 1459 6353 6339 6310 6356 6357 1461 6358
639 12 2 3 24 2945 2947 640 639 6271 6275 2971 2969 2959 2954 6295 2962 6341 642 2982 2974 6343 6313 6359 2981 2963 6345 6314 6360 2983 6361 6362
640 12 2 3 24 6271 6275 2971 2969 6272 6276 2972 2970 6343 6313 6302 6359 6348 2981 2985 2977 6350 6317 6363 2984 6361 6352 6318 6364 2986 6365 6366
641 12 2 3 24 6272 6276 2972 2970 1447 1446 299 300 6350 6317 6309 6363 6355 2984 2987 2979 1459 1466 1464 302 6365 6357 6321 6367 2988 1467 6368
642 12 2 3 24 620 40 624 2946 2821 604 2919 6273 623 2957 2832 626 606 2964 2924 6323 2839 6324 2923 6369 2965 2840 6326 2925 6370 6371 6372
643 12 2 3 24 2821 604 2919 6273 2822 605 2920 6274 2839 6324 2835 2923 607 6369 2927 6330 2841 6331 2926 6373 6371 2842 6333 2928 6374 6375 6376
644 12 2 3 24 2822 605 2920 6274 174 13 234 1444 2841 6331 2837 2926 608 6373 2929 6337 176 1449 236 1448 6375 2843 6338 2930 6377 1450 6378
645 12 2 3 24 2946 624 625 2947 6273 2919 2921 6275 2964 2960 6323 627 2924 2966 2932 6341 6369 6342 2931 6379 2967 6370 6344 2933 6380 6381 6382
646 12 2 3 24 6273 2919 2921 6275 6274 2920 2922 6276 6369 6342 6330 2931 2927 6379 2935 6348 6373 6349 2934 6383 6381 6374 6351 2936 6384 6385 6386
647 12 2 3 24 6274 2920 2922 6276 1444 234 235 1446 6373 6349 6337 2934 2929 6383 2937 6355 1448 1457 237 1456 6385 6377 6356 2938 6387 1458 6388
648 12 2 3 24 2947 625 48 640 6275 2921 634 2971 2966 2962 6341 628 2932 643 636 2982 6379 6359 2939 2989 2968 6380 6360 2940 2990 6389 6390
649 12 2 3 24 6275 2921 634 2971 6276 2922 635 2972 6379 6359 6348 2939 2935 2989 637 2985 6383 6363 2941 2991 6389 6384 6364 2942 2992 6391 6392
650 12 2 3 24 6276 2922 635 2972 1446 235 22 299 6383 6363 6355 2941 2937 2991 638 2987 1456 1464 238 301 6391 6387 6367 2943 2993 1465 6393
651 12 2 3 25 20 224 1269 254 515 2270 6394 3044 226 256 518 1274 2279 1273 6402 3049 2276 3048 6403 6404 1275 2280 3050 6405 6406 6407 6408
652 12 2 3 25 515 2270 6394 3044 514 2269 6395 3045 2276 3048 517 6403 2277 6404 6409 3052 2273 3051 6410 6411 6407 2278 3053 6412 6413 6414 6415
653 12 2 3 25 514 2269 6395 3045 46 499 2997 650 2273 3051 516 6410 2274 6411 6416 3054 501 653 3016 3012 6414 2275 3055 6417 6418 3018 6419
654 12 2 3 25 254 1269 1270 255 3044 6394 6396 3046 1273 257 3049 1277 6402 1276 6420 3057 6404 3056 6421 6422 1278 6406 3058 6423 6424 6425 6426
655 12 2 3 25 3044 6394 6396 3046 3045 6395 6397 3047 6404 3056 3052 6421 6409 6422 6427 3060 6411 3059 6428 6429 6425 6413 3061 6430 6431 6432 6433
656 12 2 3 25 3045 6395 6397 3047 650 2997 2995 649 6411 3059 3054 6428 6416 6429 6434 3062 3012 652 3009 3004 6432 6418 3063 6435 6436 3013 6437
657 12 2 3 25 255 1270 240 23 3046 6396 3021 654 1276 258 3057 1279 6420 243 3031 656 6422 3064 6438 3039 1280 6424 3065 6439 3040 6440 6441
658 12 2 3 25 3046 6396 3021 654 3047 6397 3022 655 6422 3064 3060 6438 6427 3039 3034 657 6429 3066 6442 3041 6440 6431 3067 6443 3042 6444 6445
659 12 2 3 25 3047 6397 3022 655 649 2995 645 49 6429 3066 3062 6442 6434 3041 3037 658 3004 651 3001 648 6444 6436 3068 6446 3043 3005 6447
660 12 2 3 25 224 225 1271 1269 2270 2272 6398 6394 227 1274 2279 1282 2287 1281 6448 6402 2284 6403 6449 6450 1283 2288 6405 6451 6452 6453 6454
661 12 2 3 25 2270 2272 6398 6394 2269 2271 6399 6395 2284 6403 2277 6449 2285 6450 6455 6409 2281 6410 6456 6457 6453 2286 6412 6458 6459 6460 6461
662 12 2 3 25 2269 2271 6399 6395 499 500 2996 2997 2281 6410 2274 6456 2282 6457 6462 6416 502 3016 3014 3010 6460 2283 6417 6463 6464 3017 6465
663 12 2 3 25 1269 1271 1272 1270 6394 6398 6400 6396 1281 1277 6402 1285 6448 1284 6466 6420 6450 6421 6467 6468 1286 6452 6423 6469 6470 6471 6472
664 12 2 3 25 6394 6398 6400 6396 6395 6399 6401 6397 6450 6421 6409 6467 6455 6468 6473 6427 6457 6428 6474 6475 6471 6459 6430 6476 6477 6478 6479
665 12 2 3 25 6395 6399 6401 6397 2997 2996 2994 2995 6457 6428 6416 6474 6462 6475 6480 6434 3010 3009 3006 3002 6478 6464 6435 6481 6482 3011 6483
666 12 2 3 25 1270 1272 239 240 6396 6400 3019 3021 1284 1279 6420 1287 6466 242 3023 3031 6468 6438 6484 3032 1288 6470 6439 6485 3033 6486 6487
667 12 2 3 25 6396 6400 3019 3021 6397 6401 3020 3022 6468 6438 6427 6484 6473 3032 3026 3034 6475 6442 6488 3035 6486 6477 6443 6489 3036 6490 6491
668 12 2 3 25 6397 6401 3020 3022 2995 2994 644 645 6475 6442 6434 6488 6480 3035 3029 3037 3002 3001 2998 647 6490 6482 6446 6492 3038 3003 6493
669 12 2 3 25 225 19 249 1271 2272 510 2897 6398 228 1282 2287 251 513 1289 2912 6448 2291 6449 2916 6494 1290 2293 6451 2918 6495 6496 6497
670 12 2 3 25 2272 510 2897 6398 2271 509 2896 6399 2291 6449 2285 2916 512 6494 2910 6455 2289 6456 2914 6498 6496 2292 6458 2917 6499 6500 6501
671 12 2 3 25 2271 509 2896 6399 500 45 630 2996 2289 6456 2282 2914 511 6498 2907 6462 503 3014 633 3007 6500 2290 6463 2915 6502 3015 6503
672 12 2 3 25 1271 249 250 1272 6398 2897 2895 6400 1289 1285 6448 252 2912 1291 2904 6466 6494 6467 2909 6504 1292 6495 6469 2913 6505 6506 6507
673 12 2 3 25 6398 2897 2895 6400 6399 2896 2894 6401 6494 6467 6455 2909 2910 6504 2902 6473 6498 6474 2906 6508 6506 6499 6476 2911 6509 6510 6511
674 12 2 3 25 6399 2896 2894 6401 2996 630 629 2994 6498 6474 6462 2906 2907 6508 2899 6480 3007 3006 632 2999 6510 6502 6481 2908 6512 3008 6513
675 12 2 3 25 1272 250 22 239 6400 2895 635 3019 1291 1287 6466 253 2904 241 638 3023 6504 6484 2901 3024 1293 6505 6485 2905 3025 6514 6515
676 12 2 3 25 6400 2895 635 3019 6401 2894 634 3020 6504 6484 6473 2901 2902 3024 637 3026 6508 6488 2898 3027 6514 6509 6489 2903 3028 6516 6517
677 12 2 3 25 6401 2894 634 3020 2994 629 48 644 6508 6488 6480 2898 2899 3027 636 3029 2999 2998 631 646 6516 6512 6492 2900 3030 3000 6518
678 12 2 3 26 21 264 1369 279 530 2345 6519 2594 266 281 533 1374 2354 1373 6527 2598 2351 2599 6528 6529 1375 2355 2600 6530 6531 6532 6533
679 12 2 3 26 530 2345 6519 2594 529 2344 6520 2595 2351 2599 532 6528 2352 6529 6534 2601 2348 2602 6535 6536 6532 2353 2603 6537 6538 6539 6540
680 12 2 3 26 529 2344 6520 2595 47 524 3072 569 2348 2602 531 6535 2349 6536 6541 2604 526 571 3091 3087 6539 2350 2605 6542 6543 3093 6544
681 12 2 3 26 279 1369 1370 280 2594 6519 6521 2596 1373 282 2598 1377 6527 1376 6545 2606 6529 2607 6546 6547 1378 6531 2608 6548 6549 6550 6551
682 12 2 3 26 2594 6519 6521 2596 2595 6520 6522 2597 6529 2607 2601 6546 6534 6547 6552 2609 6536 2610 6553 6554 6550 6538 2611 6555 6556 6557 6558
683 12 2 3 26 2595 6520 6522 2597 569 3072 3070 570 6536 2610 2604 6553 6541 6554 6559 2612 3087 572 3084 3079 6557 6543 2613 6560 6561 3088 6562
684 12 2 3 26 280 1370 270 24 2596 6521 3096 579 1376 283 2606 1379 6545 273 3106 581 6547 2614 6563 3114 1380 6549 2615 6564 3115 6565 6566
685 12 2 3 26 2596 6521 3096 579 2597 6522 3097 580 6547 2614 2609 6563 6552 3114 3109 582 6554 2616 6567 3116 6565 6556 2617 6568 3117 6569 6570
686 12 2 3 26 2597 6522 3097 580 570 3070 660 50 6554 2616 2612 6567 6559 3116 3112 583 3079 573 3076 663 6569 6561 2618 6571 3118 3080 6572
687 12 2 3 26 264 265 1371 1369 2345 2347 6523 6519 267 1374 2354 1382 2362 1381 6573 6527 2359 6528 6574 6575 1383 2363 6530 6576 6577 6578 6579
688 12 2 3 26 2345 2347 6523 6519 2344 2346 6524 6520 2359 6528 2352 6574 2360 6575 6580 6534 2356 6535 6581 6582 6578 2361 6537 6583 6584 6585 6586
689 12 2 3 26 2344 2346 6524 6520 524 525 3071 3072 2356 6535 2349 6581 2357 6582 6587 6541 527 3091 3089 3085 6585 2358 6542 6588 6589 3092 6590
690 12 2 3 26 1369 1371 1372 1370 6519 6523 6525 6521 1381 1377 6527 1385 6573 1384 6591 6545 6575 6546 6592 6593 1386 6577 6548 6594 6595 6596 6597
691 12 2 3 26 6519 6523 6525 6521 6520 6524 6526 6522 6575 6546 6534 6592 6580 6593 6598 6552 6582 6553 6599 6600 6596 6584 6555 6601 6602 6603 6604
692 12 2 3 26 6520 6524 6526 6522 3072 3071 3069 3070 6582 6553 6541 6599 6587 6600 6605 6559 3085 3084 3081 3077 6603 6589 6560 6606 6607 3086 6608
693 12 2 3 26 1370 1372 269 270 6521 6525 3094 3096 1384 1379 6545 1387 6591 272 3098 3106 6593 6563 6609 3107 1388 6595 6564 6610 3108 6611 6612
694 12 2 3 26 6521 6525 3094 3096 6522 6526 3095 3097 6593 6563 6552 6609 6598 3107 3101 3109 6600 6567 6613 3110 6611 6602 6568 6614 3111 6615 6616
695 12 2 3 26 6522 6526 3095 3097 3070 3069 659 660 6600 6567 6559 6613 6605 3110 3104 3112 3077 3076 3073 662 6615 6607 6571 6617 3113 3078 6618
696 12 2 3 26 265 20 254 1371 2347 515 3044 6523 268 1382 2362 256 518 1389 3049 6573 2366 6574 3048 6619 1390 2368 6576 3050 6620 6621 6622
697 12 2 3 26 2347 515 3044 6523 2346 514 3045 6524 2366 6574 2360 3048 517 6619 3052 6580 2364 6581 3051 6623 6621 2367 6583 3053 6624 6625 6626
698 12 2 3 26 2346 514 3045 6524 525 46 650 3071 2364 6581 2357 3051 516 6623 3054 6587 528 3089 653 3082 6625 2365 6588 3055 6627 3090 6628
699 12 2 3 26 1371 254 255 1372 6523 3044 3046 6525 1389 1385 6573 257 3049 1391 3057 6591 6619 6592 3056 6629 1392 6620 6594 3058 6630 6631 6632
700 12 2 3 26 6523 3044 3046 6525 6524 3045 3047 6526 6619 6592 6580 3056 3052 6629 3060 6598 6623 6599 3059 6633 6631 6624 6601 3061 6634 6635 6636
701 12 2 3 26 6524 3045 3047 6526 3071 650 649 3069 6623 6599 6587 3059 3054 6633 3062 6605 3082 3081 652 3074 6635 6627 6606 3063 6637 3083 6638
702 12 2 3 26 1372 255 23 269 6525 3046 654 3094 1391 1387 6591 258 3057 271 656 3098 6629 6609 3064 3099 1393 6630 6610 3065 3100 6639 6640
703 12 2 3 26 6525 3046 654 3094 6526 3047 655 3095 6629 6609 6598 3064 3060 3099 657 3101 6633 6613 3066 3102 6639 6634 6614 3067 3103 6641 6642
704 12 2 3 26 6526 3047 655 3095 3069 649 49 659 6633 6613 6605 3066 3062 3102 658 3104 3074 3073 651 661 6641 6637 6617 3068 3105 3075 6643
705 12 2 3 27 1469 239 22 299 6644 3019 635 2972 1473 1474 6652 241 3023 301 638 2987 6653 6654 3024 2991 1475 6655 6656 3025 2993 6657 6658
706 12 2 3 27 6644 3019 635 2972 6645 3020 634 2971 6653 6654 6659 3024 3026 2991 637 2985 6660 6661 3027 2989 6657 6662 6663 3028 2992 6664 6665
707 12 2 3 27 6645 3020 634 2971 3121 644 48 640 6660 6661 6666 3027 3029 2989 636 2982 3139 3132 646 643 6664 6667 6668 3030 2990 3140 6669
708 12 2 3 27 1470 1469 299 300 6646 6644 2972 2970 1476 1477 6670 1474 6652 302 2987 2979 6671 6672 6654 2984 1478 6673 6674 6656 2988 6675 6676
709 12 2 3 27 6646 6644 2972 2970 6647 6645 2971 2969 6671 6672 6677 6654 6659 2984 2985 2977 6678 6679 6661 2981 6675 6680 6681 6663 2986 6682 6683
710 12 2 3 27 6647 6645 2971 2969 3119 3121 640 639 6678 6679 6684 6661 6666 2981 2982 2974 3131 3124 3132 642 6682 6685 6686 6668 2983 3133 6687
711 12 2 3 27 289 1470 300 25 1869 6646 2970 404 1479 291 1873 1477 6670 303 2979 406 6688 1874 6672 2976 1480 6689 1875 6674 2980 6690 6691
712 12 2 3 27 1869 6646 2970 404 1870 6647 2969 405 6688 1874 1876 6672 6677 2976 2977 407 6692 1877 6679 2973 6690 6693 1878 6681 2978 6694 6695
713 12 2 3 27 1870 6647 2969 405 394 3119 639 51 6692 1877 1879 6679 6684 2973 2974 408 3123 396 3124 641 6694 6696 1880 6686 2975 3125 6697
714 12 2 3 27 1471 240 239 1469 6648 3021 3019 6644 1481 1482 6698 242 3031 1473 3023 6652 6699 6700 3032 6653 1483 6701 6702 3033 6655 6703 6704
715 12 2 3 27 6648 3021 3019 6644 6649 3022 3020 6645 6699 6700 6705 3032 3034 6653 3026 6659 6706 6707 3035 6660 6703 6708 6709 3036 6662 6710 6711
716 12 2 3 27 6649 3022 3020 6645 3122 645 644 3121 6706 6707 6712 3035 3037 6660 3029 6666 3141 3135 647 3139 6710 6713 6714 3038 6667 3142 6715
717 12 2 3 27 1472 1471 1469 1470 6650 6648 6644 6646 1484 1485 6716 1482 6698 1476 6652 6670 6717 6718 6700 6671 1486 6719 6720 6702 6673 6721 6722
718 12 2 3 27 6650 6648 6644 6646 6651 6649 6645 6647 6717 6718 6723 6700 6705 6671 6659 6677 6724 6725 6707 6678 6721 6726 6727 6709 6680 6728 6729
719 12 2 3 27 6651 6649 6645 6647 3120 3122 3121 3119 6724 6725 6730 6707 6712 6678 6666 6684 3134 3127 3135 3131 6728 6731 6732 6714 6685 3136 6733
720 12 2 3 27 290 1472 1470 289 1871 6650 6646 1869 1487 292 1881 1485 6716 1479 6670 1873 6734 1882 6718 6688 1488 6735 1883 6720 6689 6736 6737
721 12 2 3 27 1871 6650 6646 1869 1872 6651 6647 1870 6734 1882 1884 6718 6723 6688 6677 1876 6738 1885 6725 6692 6736 6739 1886 6727 6693 6740 6741
722 12 2 3 27 1872 6651 6647 1870 395 3120 3119 394 6738 1885 1887 6725 6730 6692 6684 1879 3126 397 3127 3123 6740 6742 1888 6732 6696 3128 6743
723 12 2 3 27 304 23 240 1471 3144 654 3021 6648 306 1489 3149 243 656 1481 3031 6698 3148 6744 3039 6699 1490 3150 6745 3040 6701 6746 6747
724 12 2 3 27 3144 654 3021 6648 3145 655 3022 6649 3148 6744 3152 3039 657 6699 3034 6705 3151 6748 3041 6706 6746 3153 6749 3042 6708 6750 6751
725 12 2 3 27 3145 655 3022 6649 665 49 645 3122 3151 6748 3154 3041 658 6706 3037 6712 668 3137 648 3141 6750 3155 6752 3043 6713 3143 6753
726 12 2 3 27 305 304 1471 1472 3146 3144 6648 6650 307 1491 3157 1489 3149 1484 6698 6716 3156 6754 6744 6717 1492 3158 6755 6745 6719 6756 6757
727 12 2 3 27 3146 3144 6648 6650 3147 3145 6649 6651 3156 6754 3160 6744 3152 6717 6705 6723 3159 6758 6748 6724 6756 3161 6759 6749 6726 6760 6761
728 12 2 3 27 3147 3145 6649 6651 664 665 3122 3120 3159 6758 3162 6748 3154 6724 6712 6730 667 3129 3137 3134 6760 3163 6762 6752 6731 3138 6763
729 12 2 3 27 26 305 1472 290 409 3146 6650 1871 308 293 411 1491 3157 1487 6716 1881 3164 1889 6754 6734 1493 3165 1890 6755 6735 6764 6765
730 12 2 3 27 409 3146 6650 1871 410 3147 6651 1872 3164 1889 412 6754 3160 6734 6723 1884 3166 1891 6758 6738 6764 3167 1892 6759 6739 6766 6767
731 12 2 3 27 410 3147 6651 1872 52 664 3120 395 3166 1891 413 6758 3162 6738 6730 1887 666 398 3129 3126 6766 3168 1893 6762 6742 3130 6768
732 12 2 3 28 1544 269 23 304 6769 3094 654 3144 1548 1549 6777 271 3098 306 656 3149 6778 6779 3099 3148 1550 6780 6781 3100 3150 6782 6783
733 12 2 3 28 6769 3094 654 3144 6770 3095 655 3145 6778 6779 6784 3099 3101 3148 657 3152 6785 6786 3102 3151 6782 6787 6788 3103 3153 6789 6790
734 12 2 3 28 6770 3095 655 3145 3171 659 49 665 6785 6786 6791 3102 3104 3151 658 3154 3189 3182 661 668 6789 6792 6793 3105 3155 3190 6794
735 12 2 3 28 1545 1544 304 305 6771 6769 3144 3146 1551 1552 6795 1549 6777 307 3149 3157 6796 6797 6779 3156 1553 6798 6799 6781 3158 6800 6801
736 12 2 3 28 6771 6769 3144 3146 6772 6770 3145 3147 6796 6797 6802 6779 6784 3156 3152 3160 6803 6804 6786 3159 6800 6805 6806 6788 3161 6807 6808
737 12 2 3 28 6772 6770 3145 3147 3169 3171 665 664 6803 6804 6809 6786 6791 3159 3154 3162 3181 3174 3182 667 6807 6810 6811 6793 3163 3183 6812
738 12 2 3 28 309 1545 305 26 1944 6771 3146 409 1554 311 1948 1552 6795 308 3157 411 6813 1949 6797 3164 1555 6814 1950 6799 3165 6815 6816
739 12 2 3 28 1944 6771 3146 409 1945 6772 3147 410 6813 1949 1951 6797 6802 3164 3160 412 6817 1952 6804 3166 6815 6818 1953 6806 3167 6819 6820
740 12 2 3 28 1945 6772 3147 410 414 3169 664 52 6817 1952 1954 6804 6809 3166 3162 413 3173 416 3174 666 6819 6821 1955 6811 3168 3175 6822
741 12 2 3 28 1546 270 269 1544 6773 3096 3094 6769 1556 1557 6823 272 3106 1548 3098 6777 6824 6825 3107 6778 1558 6826 6827 3108 6780 6828 6829
742 12 2 3 28 6773 3096 3094 6769 6774 3097 3095 6770 6824 6825 6830 3107 3109 6778 3101 6784 6831 6832 3110 6785 6828 6833 6834 3111 6787 6835 6836
743 12 2 3 28 6774 3097 3095 6770 3172 660 659 3171 6831 6832 6837 3110 3112 6785 3104 6791 3191 3185 662 3189 6835 6838 6839 3113 6792 3192 6840
744 12 2 3 28 1547 1546 1544 1545 6775 6773 6769 6771 1559 1560 6841 1557 6823 1551 6777 6795 6842 6843 6825 6796 1561 6844 6845 6827 6798 6846 6847
745 12 2 3 28 6775 6773 6769 6771 6776 6774 6770 6772 6842 6843 6848 6825 6830 6796 6784 6802 6849 6850 6832 6803 6846 6851 6852 6834 6805 6853 6854
746 12 2 3 28 6776 6774 6770 6772 3170 3172 3171 3169 6849 6850 6855 6832 6837 6803 6791 6809 3184 3177 3185 3181 6853 6856 6857 6839 6810 3186 6858
747 12 2 3 28 310 1547 1545 309 1946 6775 6771 1944 1562 312 1956 1560 6841 1554 6795 1948 6859 1957 6843 6813 1563 6860 1958 6845 6814 6861 6862
748 12 2 3 28 1946 6775 6771 1944 1947 6776 6772 1945 6859 1957 1959 6843 6848 6813 6802 1951 6863 1960 6850 6817 6861 6864 1961 6852 6818 6865 6866
749 12 2 3 28 1947 6776 6772 1945 415 3170 3169 414 6863 1960 1962 6850 6855 6817 6809 1954 3176 417 3177 3173 6865 6867 1963 6857 6821 3178 6868
750 12 2 3 28 319 24 270 1546 2669 579 3096 6773 321 1564 2673 273 581 1556 3106 6823 2674 6869 3114 6824 1565 2675 6870 3115 6826 6871 6872
751 12 2 3 28 2669 579 3096 6773 2670 580 3097 6774 2674 6869 2676 3114 582 6824 3109 6830 2677 6873 3116 6831 6871 2678 6874 3117 6833 6875 6876
752 12 2 3 28 2670 580 3097 6774 584 50 660 3172 2677 6873 2679 3116 583 6831 3112 6837 586 3187 663 3191 6875 2680 6877 3118 6838 3193 6878
753 12 2 3 28 320 319 1546 1547 2671 2669 6773 6775 322 1566 2681 1564 2673 1559 6823 6841 2682 6879 6869 6842 1567 2683 6880 6870 6844 6881 6882
754 12 2 3 28 2671 2669 6773 6775 2672 2670 6774 6776 2682 6879 2684 6869 2676 6842 6830 6848 2685 6883 6873 6849 6881 2686 6884 6874 6851 6885 6886
755 12 2 3 28 2672 2670 6774 6776 585 584 3172 3170 2685 6883 2687 6873 2679 6849 6837 6855 587 3179 3187 3184 6885 2688 6887 6877 6856 3188 6888
756 12 2 3 28 27 320 1547 310 424 2671 6775 1946 323 313 426 1566 2681 1562 6841 1956 2689 1964 6879 6859 1568 2690 1965 6880 6860 6889 6890
757 12 2 3 28 424 2671 6775 1946 425 2672 6776 1947 2689 1964 427 6879 2684 6859 6848 1959 2691 1966 6883 6863 6889 2692 1967 6884 6864 6891 6892
758 12 2 3 28 425 2672 6776 1947 53 585 3170 415 2691 1966 428 6883 2687 6863 6855 1962 588 418 3179 3176 6891 2693 1968 6887 6867 3180 6893
759 12 2 3 29 3194 429 28 589 6894 2094 455 2769 3198 3199 6902 431 2099 591 458 2774 6903 6904 2098 2773 3200 6905 6906 2100 2775 6907 6908
760 12 2 3 29 6894 2094 455 2769 6895 2095 454 2770 6903 6904 6909 2098 2102 2773 457 2777 6910 6911 2101 2776 6907 6912 6913 2103 2778 6914 6915
761 12 2 3 29 6895 2095 454 2770 819 54 1 100 6910 6911 6916 2101 2104 2776 456 2779 824 823 56 103 6914 6917 6918 2105 2780 825 6919
762 12 2 3 29 3195 3194 589 590 6896 6894 2769 2771 3201 3202 6920 3199 6902 592 2774 2782 6921 6922 6904 2781 3203 6923 6924 6906 2783 6925 6926
763 12 2 3 29 6896 6894 2769 2771 6897 6895 2770 2772 6921 6922 6927 6904 6909 2781 2777 2785 6928 6929 6911 2784 6925 6930 6931 6913 2786 6932 6933
764 12 2 3 29 6897 6895 2770 2772 820 819 100 99 6928 6929 6934 6911 6916 2784 2779 2787 827 826 823 102 6932 6935 6936 6918 2788 828 6937
765 12 2 3 29 675 3195 590 31 3221 6896 2771 609 3204 678 3232 3202 6920 593 2782 611 6938 3239 6922 2789 3205 6939 3240 6924 2790 6940 6941
766 12 2 3 29 3221 6896 2771 609 3222 6897 2772 610 6938 3239 3235 6922 6927 2789 2785 612 6942 3241 6929 2791 6940 6943 3242 6931 2792 6944 6945
767 12 2 3 29 3222 6897 2772 610 90 820 99 4 6942 3241 3237 6929 6934 2791 2787 613 829 93 826 101 6944 6946 3243 6936 2793 830 6947
768 12 2 3 29 3196 430 429 3194 6898 2096 2094 6894 3206 3207 6948 432 2107 3198 2099 6902 6949 6950 2106 6903 3208 6951 6952 2108 6905 6953 6954
769 12 2 3 29 6898 2096 2094 6894 6899 2097 2095 6895 6949 6950 6955 2106 2110 6903 2102 6909 6956 6957 2109 6910 6953 6958 6959 2111 6912 6960 6961
770 12 2 3 29 6899 2097 2095 6895 821 55 54 819 6956 6957 6962 2109 2112 6910 2104 6916 832 831 57 824 6960 6963 6964 2113 6917 833 6965
771 12 2 3 29 3197 3196 3194 3195 6900 6898 6894 6896 3209 3210 6966 3207 6948 3201 6902 6920 6967 6968 6950 6921 3211 6969 6970 6952 6923 6971 6972
772 12 2 3 29 6900 6898 6894 6896 6901 6899 6895 6897 6967 6968 6973 6950 6955 6921 6909 6927 6974 6975 6957 6928 6971 6976 6977 6959 6930 6978 6979
773 12 2 3 29 6901 6899 6895 6897 822 821 819 820 6974 6975 6980 6957 6962 6928 6916 6934 835 834 831 827 6978 6981 6982 6964 6935 836 6983
774 12 2 3 29 674 3197 3195 675 3219 6900 6896 3221 3212 677 3224 3210 6966 3204 6920 3232 6984 3231 6968 6938 3213 6985 3233 6970 6939 6986 6987
775 12 2 3 29 3219 6900 6896 3221 3220 6901 6897 3222 6984 3231 3227 6968 6973 6938 6927 3235 6988 3234 6975 6942 6986 6989 3236 6977 6943 6990 6991
776 12 2 3 29 3220 6901 6897 3222 89 822 820 90 6988 3234 3229 6975 6980 6942 6934 3237 837 92 834 829 6990 6992 3238 6982 6946 838 6993
777 12 2 3 29 669 29 430 3196 3244 464 2096 6898 671 3214 3249 433 466 3206 2107 6948 3248 6994 2114 6949 3215 3250 6995 2115 6951 6996 6997
778 12 2 3 29 3244 464 2096 6898 3245 465 2097 6899 3248 6994 3252 2114 467 6949 2110 6955 3251 6998 2116 6956 6996 3253 6999 2117 6958 7000 7001
779 12 2 3 29 3245 465 2097 6899 109 2 55 821 3251 6998 3254 2116 468 6956 2112 6962 111 839 58 832 7000 3255 7002 2118 6963 840 7003
780 12 2 3 29 670 669 3196 3197 3246 3244 6898 6900 672 3216 3257 3214 3249 3209 6948 6966 3256 7004 6994 6967 3217 3258 7005 6995 6969 7006 7007
781 12 2 3 29 3246 3244 6898 6900 3247 3245 6899 6901 3256 7004 3260 6994 3252 6967 6955 6973 3259 7008 6998 6974 7006 3261 7009 6999 6976 7010 7011
782 12 2 3 29 3247 3245 6899 6901 110 109 821 822 3259 7008 3262 6998 3254 6974 6962 6980 112 841 839 835 7010 3263 7012 7002 6981 842 7013
783 12 2 3 29 32 670 3197 674 679 3246 6900 3219 673 676 681 3216 3257 3212 6966 3224 3264 3223 7004 6984 3218 3265 3225 7005 6985 7014 7015
784 12 2 3 29 679 3246 6900 3219 680 3247 6901 3220 3264 3223 682 7004 3260 6984 6973 3227 3266 3226 7008 6988 7014 3267 3228 7009 6989 7016 7017
785 12 2 3 29 680 3247 6901 3220 5 110 822 89 3266 3226 683 7008 3262 6988 6980 3229 113 91 841 837 7016 3268 3230 7012 6992 843 7018
786 12 2 3 30 3269 469 29 669 7019 2194 464 3244 3273 3274 7027 471 2199 671 466 3249 7028 7029 2198 3248 3275 7030 7031 2200 3250 7032 7033
787 12 2 3 30 7019 2194 464 3244 7020 2195 465 3245 7028 7029 7034 2198 2202 3248 467 3252 7035 7036 2201 3251 7032 7037 7038 2203 3253 7039 7040
788 12 2 3 30 7020 2195 465 3245 944 114 2 109 7035 7036 7041 2201 2204 3251 468 3254 949 948 116 111 7039 7042 7043 2205 3255 950 7044
789 12 2 3 30 3270 3269 669 670 7021 7019 3244 3246 3276 3277 7045 3274 7027 672 3249 3257 7046 7047 7029 3256 3278 7048 7049 7031 3258 7050 7051
790 12 2 3 30 7021 7019 3244 3246 7022 7020 3245 3247 7046 7047 7052 7029 7034 3256 3252 3260 7053 7054 7036 3259 7050 7055 7056 7038 3261 7057 7058
791 12 2 3 30 7022 7020 3245 3247 945 944 109 110 7053 7054 7059 7036 7041 3259 3254 3262 952 951 948 112 7057 7060 7061 7043 3263 953 7062
792 12 2 3 30 685 3270 670 32 3296 7021 3246 679 3279 688 3307 3277 7045 673 3257 681 7063 3314 7047 3264 3280 7064 3315 7049 3265 7065 7066
793 12 2 3 30 3296 7021 3246 679 3297 7022 3247 680 7063 3314 3310 7047 7052 3264 3260 682 7067 3316 7054 3266 7065 7068 3317 7056 3267 7069 7070
794 12 2 3 30 3297 7022 3247 680 140 945 110 5 7067 3316 3312 7054 7059 3266 3262 683 954 143 951 113 7069 7071 3318 7061 3268 955 7072
795 12 2 3 30 3271 470 469 3269 7023 2196 2194 7019 3281 3282 7073 472 2207 3273 2199 7027 7074 7075 2206 7028 3283 7076 7077 2208 7030 7078 7079
796 12 2 3 30 7023 2196 2194 7019 7024 2197 2195 7020 7074 7075 7080 2206 2210 7028 2202 7034 7081 7082 2209 7035 7078 7083 7084 2211 7037 7085 7086
797 12 2 3 30 7024 2197 2195 7020 946 115 114 944 7081 7082 7087 2209 2212 7035 2204 7041 957 956 117 949 7085 7088 7089 2213 7042 958 7090
798 12 2 3 30 3272 3271 3269 3270 7025 7023 7019 7021 3284 3285 7091 3282 7073 3276 7027 7045 7092 7093 7075 7046 3286 7094 7095 7077 7048 7096 7097
799 12 2 3 30 7025 7023 7019 7021 7026 7024 7020 7022 7092 7093 7098 7075 7080 7046 7034 7052 7099 7100 7082 7053 7096 7101 7102 7084 7055 7103 7104
800 12 2 3 30 7026 7024 7020 7022 947 946 944 945 7099 7100 7105 7082 7087 7053 7041 7059 960 959 956 952 7103 7106 7107 7089 7060 961 7108
801 12 2 3 30 684 3272 3270 685 3294 7025 7021 3296 3287 687 3299 3285 7091 3279 7045 3307 7109 3306 7093 7063 3288 7110 3308 7095 7064 7111 7112
802 12 2 3 30 3294 7025 7021 3296 3295 7026 7022 3297 7109 3306 3302 7093 7098 7063 7052 3310 7113 3309 7100 7067 7111 7114 3311 7102 7068 7115 7116
803 12 2 3 30 3295 7026 7022 3297 139 947 945 140 7113 3309 3304 7100 7105 7067 7059 3312 962 142 959 954 7115 7117 3313 7107 7071 963 7118
804 12 2 3 30 545 30 470 3271 2470 489 2196 7023 548 3289 2479 473 491 3281 2207 7073 2476 7119 2214 7074 3290 2480 7120 2215 7076 7121 7122
805 12 2 3 30 2470 489 2196 7023 2469 490 2197 7024 2476 7119 2477 2214 492 7074 2210 7080 2473 7123 2216 7081 7121 2478 7124 2217 7083 7125 7126
806 12 2 3 30 2469 490 2197 7024 149 3 115 946 2473 7123 2474 2216 493 7081 2212 7087 151 964 118 957 7125 2475 7127 2218 7088 965 7128
807 12 2 3 30 544 545 3271 3272 2472 2470 7023 7025 547 3291 2487 3289 2479 3284 7073 7091 2484 7129 7119 7092 3292 2488 7130 7120 7094 7131 7132
808 12 2 3 30 2472 2470 7023 7025 2471 2469 7024 7026 2484 7129 2485 7119 2477 7092 7080 7098 2481 7133 7123 7099 7131 2486 7134 7124 7101 7135 7136
809 12 2 3 30 2471 2469 7024 7026 150 149 946 947 2481 7133 2482 7123 2474 7099 7087 7105 152 966 964 960 7135 2483 7137 7127 7106 967 7138
810 12 2 3 30 33 544 3272 684 555 2472 7025 3294 546 686 558 3291 2487 3287 7091 3299 2491 3298 7129 7109 3293 2493 3300 7130 7110 7139 7140
811 12 2 3 30 555 2472 7025 3294 554 2471 7026 3295 2491 3298 557 7129 2485 7109 7098 3302 2489 3301 7133 7113 7139 2492 3303 7134 7114 7141 7142
812 12 2 3 30 554 2471 7026 3295 6 150 947 139 2489 3301 556 7133 2482 7113 7105 3304 153 141 966 962 7141 2490 3305 7137 7117 968 7143
813 12 2 3 31 32 674 3319 689 679 3219 7144 3344 676 691 681 3324 3224 3323 7152 3349 3223 3348 7153 7154 3325 3225 3350 7155 7156 7157 7158
814 12 2 3 31 679 3219 7144 3344 680 3220 7145 3345 3223 3348 682 7153 3227 7154 7159 3352 3226 3351 7160 7161 7157 3228 3353 7162 7163 7164 7165
815 12 2 3 31 680 3220 7145 3345 5 89 1069 189 3226 3351 683 7160 3229 7161 7166 3354 91 191 1073 1074 7164 3230 3355 7167 7168 1075 7169
816 12 2 3 31 689 3319 3320 690 3344 7144 7146 3346 3323 692 3349 3327 7152 3326 7170 3357 7154 3356 7171 7172 3328 7156 3358 7173 7174 7175 7176
817 12 2 3 31 3344 7144 7146 3346 3345 7145 7147 3347 7154 3356 3352 7171 7159 7172 7177 3360 7161 3359 7178 7179 7175 7163 3361 7180 7181 7182 7183
818 12 2 3 31 3345 7145 7147 3347 189 1069 1070 190 7161 3359 3354 7178 7166 7179 7184 3362 1074 192 1076 1077 7182 7168 3363 7185 7186 1078 7187
819 12 2 3 31 690 3320 339 35 3346 7146 1695 360 3326 693 3357 3329 7170 341 1704 363 7172 3364 7188 1702 3330 7174 3365 7189 1705 7190 7191
820 12 2 3 31 3346 7146 1695 360 3347 7147 1694 359 7172 3364 3360 7188 7177 1702 1701 362 7179 3366 7192 1699 7190 7181 3367 7193 1703 7194 7195
821 12 2 3 31 3347 7147 1694 359 190 1070 169 8 7179 3366 3362 7192 7184 1699 1698 361 1077 193 1079 171 7194 7186 3368 7196 1700 1080 7197
822 12 2 3 31 674 675 3321 3319 3219 3221 7148 7144 677 3324 3224 3332 3232 3331 7198 7152 3231 7153 7199 7200 3333 3233 7155 7201 7202 7203 7204
823 12 2 3 31 3219 3221 7148 7144 3220 3222 7149 7145 3231 7153 3227 7199 3235 7200 7205 7159 3234 7160 7206 7207 7203 3236 7162 7208 7209 7210 7211
824 12 2 3 31 3220 3222 7149 7145 89 90 1071 1069 3234 7160 3229 7206 3237 7207 7212 7166 92 1073 1081 1082 7210 3238 7167 7213 7214 1083 7215
825 12 2 3 31 3319 3321 3322 3320 7144 7148 7150 7146 3331 3327 7152 3335 7198 3334 7216 7170 7200 7171 7217 7218 3336 7202 7173 7219 7220 7221 7222
826 12 2 3 31 7144 7148 7150 7146 7145 7149 7151 7147 7200 7171 7159 7217 7205 7218 7223 7177 7207 7178 7224 7225 7221 7209 7180 7226 7227 7228 7229
827 12 2 3 31 7145 7149 7151 7147 1069 1071 1072 1070 7207 7178 7166 7224 7212 7225 7230 7184 1082 1076 1084 1085 7228 7214 7185 7231 7232 1086 7233
828 12 2 3 31 3320 3322 340 339 7146 7150 1697 1695 3334 3329 7170 3337 7216 342 1712 1704 7218 7188 7234 1710 3338 7220 7189 7235 1713 7236 7237
829 12 2 3 31 7146 7150 1697 1695 7147 7151 1696 1694 7218 7188 7177 7234 7223 1710 1709 1701 7225 7192 7238 1707 7236 7227 7193 7239 1711 7240 7241
830 12 2 3 31 7147 7151 1696 1694 1070 1072 170 169 7225 7192 7184 7238 7230 1707 1706 1698 1085 1079 1087 172 7240 7232 7196 7242 1708 1088 7243
831 12 2 3 31 675 31 614 3321 3221 609 2844 7148 678 3332 3232 616 611 3339 2849 7198 3239 7199 2848 7244 3340 3240 7201 2850 7245 7246 7247
832 12 2 3 31 3221 609 2844 7148 3222 610 2845 7149 3239 7199 3235 2848 612 7244 2852 7205 3241 7206 2851 7248 7246 3242 7208 2853 7249 7250 7251
833 12 2 3 31 3222 610 2845 7149 90 4 180 1071 3241 7206 3237 2851 613 7248 2854 7212 93 1081 183 1089 7250 3243 7213 2855 7252 1090 7253
834 12 2 3 31 3321 614 615 3322 7148 2844 2846 7150 3339 3335 7198 617 2849 3341 2857 7216 7244 7217 2856 7254 3342 7245 7219 2858 7255 7256 7257
835 12 2 3 31 7148 2844 2846 7150 7149 2845 2847 7151 7244 7217 7205 2856 2852 7254 2860 7223 7248 7224 2859 7258 7256 7249 7226 2861 7259 7260 7261
836 12 2 3 31 7149 2845 2847 7151 1071 180 179 1072 7248 7224 7212 2859 2854 7258 2862 7230 1089 1084 182 1091 7260 7252 7231 2863 7262 1092 7263
837 12 2 3 31 3322 615 34 340 7150 2846 349 1697 3341 3337 7216 618 2857 343 351 1712 7254 7234 2864 1716 3343 7255 7235 2865 1718 7264 7265
838 12 2 3 31 7150 2846 349 1697 7151 2847 350 1696 7254 7234 7223 2864 2860 1716 352 1709 7258 7238 2866 1714 7264 7259 7239 2867 1717 7266 7267
839 12 2 3 31 7151 2847 350 1696 1072 179 7 170 7258 7238 7230 2866 2862 1714 353 1706 1091 1087 181 173 7266 7262 7242 2868 1715 1093 7268
840 12 2 3 32 33 684 3369 565 555 3294 7269 2545 686 568 558 3374 3299 3373 7277 2554 3298 2551 7278 7279 3375 3300 2555 7280 7281 7282 7283
841 12 2 3 32 555 3294 7269 2545 554 3295 7270 2544 3298 2551 557 7278 3302 7279 7284 2552 3301 2548 7285 7286 7282 3303 2553 7287 7288 7289 7290
842 12 2 3 32 554 3295 7270 2544 6 139 1169 214 3301 2548 556 7285 3304 7286 7291 2549 141 216 1173 1174 7289 3305 2550 7292 7293 1175 7294
843 12 2 3 32 565 3369 3370 564 2545 7269 7271 2547 3373 567 2554 3377 7277 3376 7295 2562 7279 2559 7296 7297 3378 7281 2563 7298 7299 7300 7301
844 12 2 3 32 2545 7269 7271 2547 2544 7270 7272 2546 7279 2559 2552 7296 7284 7297 7302 2560 7286 2556 7303 7304 7300 7288 2561 7305 7306 7307 7308
845 12 2 3 32 2544 7270 7272 2546 214 1169 1170 215 7286 2556 2549 7303 7291 7304 7309 2557 1174 217 1176 1177 7307 7293 2558 7310 7311 1178 7312
846 12 2 3 32 564 3370 374 36 2547 7271 1795 385 3376 566 2562 3379 7295 376 1804 388 7297 2566 7313 1802 3380 7299 2568 7314 1805 7315 7316
847 12 2 3 32 2547 7271 1795 385 2546 7272 1794 384 7297 2566 2560 7313 7302 1802 1801 387 7304 2564 7317 1799 7315 7306 2567 7318 1803 7319 7320
848 12 2 3 32 2546 7272 1794 384 215 1170 204 9 7304 2564 2557 7317 7309 1799 1798 386 1177 218 1179 206 7319 7311 2565 7321 1800 1180 7322
849 12 2 3 32 684 685 3371 3369 3294 3296 7273 7269 687 3374 3299 3382 3307 3381 7323 7277 3306 7278 7324 7325 3383 3308 7280 7326 7327 7328 7329
850 12 2 3 32 3294 3296 7273 7269 3295 3297 7274 7270 3306 7278 3302 7324 3310 7325 7330 7284 3309 7285 7331 7332 7328 3311 7287 7333 7334 7335 7336
851 12 2 3 32 3295 3297 7274 7270 139 140 1171 1169 3309 7285 3304 7331 3312 7332 7337 7291 142 1173 1181 1182 7335 3313 7292 7338 7339 1183 7340
852 12 2 3 32 3369 3371 3372 3370 7269 7273 7275 7271 3381 3377 7277 3385 7323 3384 7341 7295 7325 7296 7342 7343 3386 7327 7298 7344 7345 7346 7347
853 12 2 3 32 7269 7273 7275 7271 7270 7274 7276 7272 7325 7296 7284 7342 7330 7343 7348 7302 7332 7303 7349 7350 7346 7334 7305 7351 7352 7353 7354
854 12 2 3 32 7270 7274 7276 7272 1169 1171 1172 1170 7332 7303 7291 7349 7337 7350 7355 7309 1182 1176 1184 1185 7353 7339 7310 7356 7357 1186 7358
855 12 2 3 32 3370 3372 375 374 7271 7275 1797 1795 3384 3379 7295 3387 7341 377 1812 1804 7343 7313 7359 1810 3388 7345 7314 7360 1813 7361 7362
856 12 2 3 32 7271 7275 1797 1795 7272 7276 1796 1794 7343 7313 7302 7359 7348 1810 1809 1801 7350 7317 7363 1807 7361 7352 7318 7364 1811 7365 7366
857 12 2 3 32 7272 7276 1796 1794 1170 1172 205 204 7350 7317 7309 7363 7355 1807 1806 1798 1185 1179 1187 207 7365 7357 7321 7367 1808 1188 7368
858 12 2 3 32 685 32 689 3371 3296 679 3344 7273 688 3382 3307 691 681 3389 3349 7323 3314 7324 3348 7369 3390 3315 7326 3350 7370 7371 7372
859 12 2 3 32 3296 679 3344 7273 3297 680 3345 7274 3314 7324 3310 3348 682 7369 3352 7330 3316 7331 3351 7373 7371 3317 7333 3353 7374 7375 7376
860 12 2 3 32 3297 680 3345 7274 140 5 189 1171 3316 7331 3312 3351 683 7373 3354 7337 143 1181 191 1189 7375 3318 7338 3355 7377 1190 7378
861 12 2 3 32 3371 689 690 3372 7273 3344 3346 7275 3389 3385 7323 692 3349 3391 3357 7341 7369 7342 3356 7379 3392 7370 7344 3358 7380 7381 7382
862 12 2 3 32 7273 3344 3346 7275 7274 3345 3347 7276 7369 7342 7330 3356 3352 7379 3360 7348 7373 7349 3359 7383 7381 7374 7351 3361 7384 7385 7386
863 12 2 3 32 7274 3345 3347 7276 1171 189 190 1172 7373 7349 7337 3359 3354 7383 3362 7355 1189 1184 192 1191 7385 7377 7356 3363 7387 1192 7388
864 12 2 3 32 3372 690 35 375 7275 3346 360 1797 3391 3387 7341 693 3357 378 363 1812 7379 7359 3364 1816 3393 7380 7360 3365 1818 7389 7390
865 12 2 3 32 7275 3346 360 1797 7276 3347 359 1796 7379 7359 7348 3364 3360 1816 362 1809 7383 7363 3366 1814 7389 7384 7364 3367 1817 7391 7392
866 12 2 3 32 7276 3347 359 1796 1172 190 8 205 7383 7363 7355 3366 3362 1814 361 1806 1191 1187 193 208 7391 7387 7367 3368 1815 1193 7393
$EndElements
