$MeshFormat
2.2 0 8
$EndMeshFormat
$PhysicalNames
3
0 1 "bc-top"
0 2 "bc-bot"
3 3 "vol"
$EndPhysicalNames
$Nodes
3829
1 -0.00216 -0.00216 -0.00216
2 -0.00216 -0.00216 0
3 -0.00216 -0.00216 0.00216
4 -0.00216 0 -0.00216
5 -0.00216 0 0
6 -0.00216 0 0.00216
7 -0.00216 0.00216 -0.00216
8 -0.00216 0.00216 0
9 -0.00216 0.00216 0.00216
10 0 -0.00216 -0.00216
11 0 -0.00216 0
12 0 -0.00216 0.00216
13 0 0 -0.00216
14 0 0 0
15 0 0 0.00216
16 0 0.00216 -0.00216
17 0 0.00216 0
18 0 0.00216 0.00216
19 0.00216 -0.00216 -0.00216
20 0.00216 -0.00216 0
21 0.00216 -0.00216 0.00216
22 0.00216 0 -0.00216
23 0.00216 0 0
24 0.00216 0 0.00216
25 0.00216 0.00216 -0.00216
26 0.00216 0.00216 0
27 0.00216 0.00216 0.00216
28 -0.003464101615137755 -0.003464101615137755 -0.003464101615137755
29 -0.004242640687119285 -0.004242640687119285 0
30 -0.003464101615137755 -0.003464101615137755 0.003464101615137755
31 -0.004242640687119285 0 -0.004242640687119285
32 -0.006 0 0
33 -0.004242640687119285 0 0.004242640687119285
34 -0.003464101615137755 0.003464101615137755 -0.003464101615137755
35 -0.004242640687119285 0.004242640687119285 0
36 -0.003464101615137755 0.003464101615137755 0.003464101615137755
37 0 -0.004242640687119285 -0.004242640687119285
38 0 -0.006 0
39 0 -0.004242640687119285 0.004242640687119285
40 0 0 -0.006
41 0 0 0.006
42 0 0.004242640687119285 -0.004242640687119285
43 0 0.006 0
44 0 0.004242640687119285 0.004242640687119285
45 0.003464101615137755 -0.003464101615137755 -0.003464101615137755
46 0.004242640687119285 -0.004242640687119285 0
47 0.003464101615137755 -0.003464101615137755 0.003464101615137755
48 0.004242640687119285 0 -0.004242640687119285
49 0.006 0 0
50 0.004242640687119285 0 0.004242640687119285
51 0.003464101615137755 0.003464101615137755 -0.003464101615137755
52 0.004242640687119285 0.004242640687119285 0
53 0.003464101615137755 0.003464101615137755 0.003464101615137755
54 -0.00216 -0.00216 -0.001440000000001962
55 -0.00216 -0.00216 -0.00072000000000185
56 -0.00216 -0.00216 -0.001800000000000749
57 -0.00216 -0.00216 -0.001080000000002547
58 -0.00216 -0.00216 -0.0003600000000009954
59 -0.001440000000001962 -0.00216 0
60 -0.00072000000000185 -0.00216 0
61 -0.001800000000000749 -0.00216 0
62 -0.001080000000002547 -0.00216 0
63 -0.0003600000000009954 -0.00216 0
64 0 -0.00216 -0.00071999999999816
65 0 -0.00216 -0.001439999999998173
66 0 -0.00216 -0.0003599999999991508
67 0 -0.00216 -0.001079999999996892
68 0 -0.00216 -0.001799999999999142
69 -0.00071999999999816 -0.00216 -0.00216
70 -0.001439999999998173 -0.00216 -0.00216
71 -0.0003599999999991508 -0.00216 -0.00216
72 -0.001079999999996892 -0.00216 -0.00216
73 -0.001799999999999142 -0.00216 -0.00216
74 -0.001440000000001962 0 -0.00216
75 -0.00072000000000185 0 -0.00216
76 -0.001800000000000749 0 -0.00216
77 -0.001080000000002547 0 -0.00216
78 -0.0003600000000009954 0 -0.00216
79 0 0 -0.001440000000001962
80 0 0 -0.00072000000000185
81 0 0 -0.001800000000000749
82 0 0 -0.001080000000002547
83 0 0 -0.0003600000000009954
84 -0.00071999999999816 0 0
85 -0.001439999999998173 0 0
86 -0.0003599999999991508 0 0
87 -0.001079999999996892 0 0
88 -0.001799999999999142 0 0
89 -0.00216 0 -0.00071999999999816
90 -0.00216 0 -0.001439999999998173
91 -0.00216 0 -0.0003599999999991508
92 -0.00216 0 -0.001079999999996892
93 -0.00216 0 -0.001799999999999142
94 0 -0.001440000000001962 -0.00216
95 0 -0.00072000000000185 -0.00216
96 0 -0.001800000000000749 -0.00216
97 0 -0.001080000000002547 -0.00216
98 0 -0.0003600000000009954 -0.00216
99 -0.00216 -0.00071999999999816 -0.00216
100 -0.00216 -0.001439999999998173 -0.00216
101 -0.00216 -0.0003599999999991508 -0.00216
102 -0.00216 -0.001079999999996892 -0.00216
103 -0.00216 -0.001799999999999142 -0.00216
104 0 -0.001440000000001962 0
105 0 -0.00072000000000185 0
106 0 -0.001800000000000749 0
107 0 -0.001080000000002547 0
108 0 -0.0003600000000009954 0
109 -0.00216 -0.001440000000001962 0
110 -0.00216 -0.00072000000000185 0
111 -0.00216 -0.001800000000000749 0
112 -0.00216 -0.001080000000002547 0
113 -0.00216 -0.0003600000000009954 0
114 -0.00216 -0.00216 0.00071999999999816
115 -0.00216 -0.00216 0.001439999999998173
116 -0.00216 -0.00216 0.0003599999999991508
117 -0.00216 -0.00216 0.001079999999996892
118 -0.00216 -0.00216 0.001799999999999142
119 -0.001440000000001962 -0.00216 0.00216
120 -0.00072000000000185 -0.00216 0.00216
121 -0.001800000000000749 -0.00216 0.00216
122 -0.001080000000002547 -0.00216 0.00216
123 -0.0003600000000009954 -0.00216 0.00216
124 0 -0.00216 0.001440000000001962
125 0 -0.00216 0.00072000000000185
126 0 -0.00216 0.001800000000000749
127 0 -0.00216 0.001080000000002547
128 0 -0.00216 0.0003600000000009954
129 0 0 0.00071999999999816
130 0 0 0.001439999999998173
131 0 0 0.0003599999999991508
132 0 0 0.001079999999996892
133 0 0 0.001799999999999142
134 -0.00071999999999816 0 0.00216
135 -0.001439999999998173 0 0.00216
136 -0.0003599999999991508 0 0.00216
137 -0.001079999999996892 0 0.00216
138 -0.001799999999999142 0 0.00216
139 -0.00216 0 0.001440000000001962
140 -0.00216 0 0.00072000000000185
141 -0.00216 0 0.001800000000000749
142 -0.00216 0 0.001080000000002547
143 -0.00216 0 0.0003600000000009954
144 0 -0.001440000000001962 0.00216
145 0 -0.00072000000000185 0.00216
146 0 -0.001800000000000749 0.00216
147 0 -0.001080000000002547 0.00216
148 0 -0.0003600000000009954 0.00216
149 -0.00216 -0.001440000000001962 0.00216
150 -0.00216 -0.00072000000000185 0.00216
151 -0.00216 -0.001800000000000749 0.00216
152 -0.00216 -0.001080000000002547 0.00216
153 -0.00216 -0.0003600000000009954 0.00216
154 -0.001440000000001962 0.00216 -0.00216
155 -0.00072000000000185 0.00216 -0.00216
156 -0.001800000000000749 0.00216 -0.00216
157 -0.001080000000002547 0.00216 -0.00216
158 -0.0003600000000009954 0.00216 -0.00216
159 0 0.00216 -0.001440000000001962
160 0 0.00216 -0.00072000000000185
161 0 0.00216 -0.001800000000000749
162 0 0.00216 -0.001080000000002547
163 0 0.00216 -0.0003600000000009954
164 -0.00071999999999816 0.00216 0
165 -0.001439999999998173 0.00216 0
166 -0.0003599999999991508 0.00216 0
167 -0.001079999999996892 0.00216 0
168 -0.001799999999999142 0.00216 0
169 -0.00216 0.00216 -0.00071999999999816
170 -0.00216 0.00216 -0.001439999999998173
171 -0.00216 0.00216 -0.0003599999999991508
172 -0.00216 0.00216 -0.001079999999996892
173 -0.00216 0.00216 -0.001799999999999142
174 0 0.00071999999999816 -0.00216
175 0 0.001439999999998173 -0.00216
176 0 0.0003599999999991508 -0.00216
177 0 0.001079999999996892 -0.00216
178 0 0.001799999999999142 -0.00216
179 -0.00216 0.001440000000001962 -0.00216
180 -0.00216 0.00072000000000185 -0.00216
181 -0.00216 0.001800000000000749 -0.00216
182 -0.00216 0.001080000000002547 -0.00216
183 -0.00216 0.0003600000000009954 -0.00216
184 0 0.00071999999999816 0
185 0 0.001439999999998173 0
186 0 0.0003599999999991508 0
187 0 0.001079999999996892 0
188 0 0.001799999999999142 0
189 -0.00216 0.00071999999999816 0
190 -0.00216 0.001439999999998173 0
191 -0.00216 0.0003599999999991508 0
192 -0.00216 0.001079999999996892 0
193 -0.00216 0.001799999999999142 0
194 0 0.00216 0.00071999999999816
195 0 0.00216 0.001439999999998173
196 0 0.00216 0.0003599999999991508
197 0 0.00216 0.001079999999996892
198 0 0.00216 0.001799999999999142
199 -0.00071999999999816 0.00216 0.00216
200 -0.001439999999998173 0.00216 0.00216
201 -0.0003599999999991508 0.00216 0.00216
202 -0.001079999999996892 0.00216 0.00216
203 -0.001799999999999142 0.00216 0.00216
204 -0.00216 0.00216 0.001440000000001962
205 -0.00216 0.00216 0.00072000000000185
206 -0.00216 0.00216 0.001800000000000749
207 -0.00216 0.00216 0.001080000000002547
208 -0.00216 0.00216 0.0003600000000009954
209 0 0.00071999999999816 0.00216
210 0 0.001439999999998173 0.00216
211 0 0.0003599999999991508 0.00216
212 0 0.001079999999996892 0.00216
213 0 0.001799999999999142 0.00216
214 -0.00216 0.00071999999999816 0.00216
215 -0.00216 0.001439999999998173 0.00216
216 -0.00216 0.0003599999999991508 0.00216
217 -0.00216 0.001079999999996892 0.00216
218 -0.00216 0.001799999999999142 0.00216
219 0.00071999999999816 -0.00216 0
220 0.001439999999998173 -0.00216 0
221 0.0003599999999991508 -0.00216 0
222 0.001079999999996892 -0.00216 0
223 0.001799999999999142 -0.00216 0
224 0.00216 -0.00216 -0.00071999999999816
225 0.00216 -0.00216 -0.001439999999998173
226 0.00216 -0.00216 -0.0003599999999991508
227 0.00216 -0.00216 -0.001079999999996892
228 0.00216 -0.00216 -0.001799999999999142
229 0.001440000000001962 -0.00216 -0.00216
230 0.00072000000000185 -0.00216 -0.00216
231 0.001800000000000749 -0.00216 -0.00216
232 0.001080000000002547 -0.00216 -0.00216
233 0.0003600000000009954 -0.00216 -0.00216
234 0.00071999999999816 0 -0.00216
235 0.001439999999998173 0 -0.00216
236 0.0003599999999991508 0 -0.00216
237 0.001079999999996892 0 -0.00216
238 0.001799999999999142 0 -0.00216
239 0.00216 0 -0.001440000000001962
240 0.00216 0 -0.00072000000000185
241 0.00216 0 -0.001800000000000749
242 0.00216 0 -0.001080000000002547
243 0.00216 0 -0.0003600000000009954
244 0.001440000000001962 0 0
245 0.00072000000000185 0 0
246 0.001800000000000749 0 0
247 0.001080000000002547 0 0
248 0.0003600000000009954 0 0
249 0.00216 -0.001440000000001962 -0.00216
250 0.00216 -0.00072000000000185 -0.00216
251 0.00216 -0.001800000000000749 -0.00216
252 0.00216 -0.001080000000002547 -0.00216
253 0.00216 -0.0003600000000009954 -0.00216
254 0.00216 -0.001440000000001962 0
255 0.00216 -0.00072000000000185 0
256 0.00216 -0.001800000000000749 0
257 0.00216 -0.001080000000002547 0
258 0.00216 -0.0003600000000009954 0
259 0.00071999999999816 -0.00216 0.00216
260 0.001439999999998173 -0.00216 0.00216
261 0.0003599999999991508 -0.00216 0.00216
262 0.001079999999996892 -0.00216 0.00216
263 0.001799999999999142 -0.00216 0.00216
264 0.00216 -0.00216 0.001440000000001962
265 0.00216 -0.00216 0.00072000000000185
266 0.00216 -0.00216 0.001800000000000749
267 0.00216 -0.00216 0.001080000000002547
268 0.00216 -0.00216 0.0003600000000009954
269 0.00216 0 0.00071999999999816
270 0.00216 0 0.001439999999998173
271 0.00216 0 0.0003599999999991508
272 0.00216 0 0.001079999999996892
273 0.00216 0 0.001799999999999142
274 0.001440000000001962 0 0.00216
275 0.00072000000000185 0 0.00216
276 0.001800000000000749 0 0.00216
277 0.001080000000002547 0 0.00216
278 0.0003600000000009954 0 0.00216
279 0.00216 -0.001440000000001962 0.00216
280 0.00216 -0.00072000000000185 0.00216
281 0.00216 -0.001800000000000749 0.00216
282 0.00216 -0.001080000000002547 0.00216
283 0.00216 -0.0003600000000009954 0.00216
284 0.00071999999999816 0.00216 -0.00216
285 0.001439999999998173 0.00216 -0.00216
286 0.0003599999999991508 0.00216 -0.00216
287 0.001079999999996892 0.00216 -0.00216
288 0.001799999999999142 0.00216 -0.00216
289 0.00216 0.00216 -0.001440000000001962
290 0.00216 0.00216 -0.00072000000000185
291 0.00216 0.00216 -0.001800000000000749
292 0.00216 0.00216 -0.001080000000002547
293 0.00216 0.00216 -0.0003600000000009954
294 0.001440000000001962 0.00216 0
295 0.00072000000000185 0.00216 0
296 0.001800000000000749 0.00216 0
297 0.001080000000002547 0.00216 0
298 0.0003600000000009954 0.00216 0
299 0.00216 0.00071999999999816 -0.00216
300 0.00216 0.001439999999998173 -0.00216
301 0.00216 0.0003599999999991508 -0.00216
302 0.00216 0.001079999999996892 -0.00216
303 0.00216 0.001799999999999142 -0.00216
304 0.00216 0.00071999999999816 0
305 0.00216 0.001439999999998173 0
306 0.00216 0.0003599999999991508 0
307 0.00216 0.001079999999996892 0
308 0.00216 0.001799999999999142 0
309 0.00216 0.00216 0.00071999999999816
310 0.00216 0.00216 0.001439999999998173
311 0.00216 0.00216 0.0003599999999991508
312 0.00216 0.00216 0.001079999999996892
313 0.00216 0.00216 0.001799999999999142
314 0.001440000000001962 0.00216 0.00216
315 0.00072000000000185 0.00216 0.00216
316 0.001800000000000749 0.00216 0.00216
317 0.001080000000002547 0.00216 0.00216
318 0.0003600000000009954 0.00216 0.00216
319 0.00216 0.00071999999999816 0.00216
320 0.00216 0.001439999999998173 0.00216
321 0.00216 0.0003599999999991508 0.00216
322 0.00216 0.001079999999996892 0.00216
323 0.00216 0.001799999999999142 0.00216
324 -0.002393415645834485 0.003890473078320595 -0.003890473078320595
325 -0.001222342268326773 0.004153665813414803 -0.004153665813414803
326 -0.002944235627120351 0.003696719936105195 -0.003696719936105195
327 -0.001817432672960232 0.004043324033469033 -0.004043324033469033
328 -0.0006144008619563255 0.004220338350229001 -0.004220338350229001
329 0 0.00519615242503679 -0.002999999995964048
330 0 0.005795554958979125 -0.001552914265969787
331 0 0.004760120043312521 -0.003652568572012633
332 0 0.005543277197703798 -0.002296100587826485
333 0 0.00594866916845403 -0.0007831571517163344
334 -0.001552914275359823 0.005795554956463072 0
335 -0.003000000003825224 0.005196152420498138 0
336 -0.0007831571557189745 0.005948669167927073 0
337 -0.002296100601130796 0.005543277192192972 0
338 -0.00365256857472122 0.004760120041234149 0
339 -0.004153665812453341 0.004153665812453341 -0.001222342274861123
340 -0.003890473076494158 0.003890473076494158 -0.002393415651772207
341 -0.004220338349984071 0.004220338349984071 -0.0006144008653212304
342 -0.004043324031124984 0.004043324031124984 -0.001817432683390069
343 -0.003696719935195235 0.003696719935195235 -0.002944235629405412
344 0 0.002854213562371118 -0.002854213562371118
345 0 0.003548427124744072 -0.003548427124744072
346 0 0.002507106781185694 -0.002507106781185694
347 0 0.003201320343556794 -0.003201320343556794
348 0 0.003895533905931528 -0.003895533905931528
349 -0.003029401076759407 0.003029401076759407 -0.003029401076759407
350 -0.002594700538380522 0.002594700538380522 -0.002594700538380522
351 -0.003246751345948064 0.003246751345948064 -0.003246751345948064
352 -0.002812050807570451 0.002812050807570451 -0.002812050807570451
353 -0.002377350269189931 0.002377350269189931 -0.002377350269189931
354 0 0.003439999999996501 0
355 0 0.004719999999996895 0
356 0 0.002799999999999315 0
357 0 0.004079999999993708 0
358 0 0.005359999999997456 0
359 -0.002854213562371118 0.002854213562371118 0
360 -0.003548427124744072 0.003548427124744072 0
361 -0.002507106781185694 0.002507106781185694 0
362 -0.003201320343556794 0.003201320343556794 0
363 -0.003895533905931528 0.003895533905931528 0
364 0 0.005795554956463072 0.001552914275359823
365 0 0.005196152420498138 0.003000000003825224
366 0 0.005948669167927073 0.0007831571557189745
367 0 0.005543277192192972 0.002296100601130796
368 0 0.004760120041234149 0.00365256857472122
369 -0.001222342274861123 0.004153665812453341 0.004153665812453341
370 -0.002393415651772207 0.003890473076494158 0.003890473076494158
371 -0.0006144008652267214 0.00422033834999095 0.00422033834999095
372 -0.00181743268343544 0.004043324031114787 0.004043324031114787
373 -0.002944235629405412 0.003696719935195235 0.003696719935195235
374 -0.003890473078320595 0.003890473078320595 0.002393415645834485
375 -0.004153665813414803 0.004153665813414803 0.001222342268326773
376 -0.003696719936105195 0.003696719936105195 0.002944235627120351
377 -0.004043324033469033 0.004043324033469033 0.001817432672960232
378 -0.004220338350229001 0.004220338350229001 0.0006144008619563255
379 0 0.002854213562371118 0.002854213562371118
380 0 0.003548427124744072 0.003548427124744072
381 0 0.002507106781185694 0.002507106781185694
382 0 0.003201320343556794 0.003201320343556794
383 0 0.003895533905931528 0.003895533905931528
384 -0.002594700538378178 0.002594700538378178 0.002594700538378178
385 -0.003029401076757542 0.003029401076757542 0.003029401076757542
386 -0.00237735026918959 0.00237735026918959 0.00237735026918959
387 -0.00281205080756713 0.00281205080756713 0.00281205080756713
388 -0.003246751345947534 0.003246751345947534 0.003246751345947534
389 0.001222342274861123 0.004153665812453341 -0.004153665812453341
390 0.002393415651772207 0.003890473076494158 -0.003890473076494158
391 0.0006144008652267214 0.00422033834999095 -0.00422033834999095
392 0.00181743268343544 0.004043324031114787 -0.004043324031114787
393 0.002944235629405412 0.003696719935195235 -0.003696719935195235
394 0.003890473078320595 0.003890473078320595 -0.002393415645834485
395 0.004153665813414803 0.004153665813414803 -0.001222342268326773
396 0.003696719936105195 0.003696719936105195 -0.002944235627120351
397 0.004043324033469033 0.004043324033469033 -0.001817432672960232
398 0.004220338350229001 0.004220338350229001 -0.0006144008619563255
399 0.002999999995964048 0.00519615242503679 0
400 0.001552914265969787 0.005795554958979125 0
401 0.003652568572012633 0.004760120043312521 0
402 0.002296100587826485 0.005543277197703798 0
403 0.0007831571517163344 0.00594866916845403 0
404 0.002594700538378178 0.002594700538378178 -0.002594700538378178
405 0.003029401076757542 0.003029401076757542 -0.003029401076757542
406 0.00237735026918959 0.00237735026918959 -0.00237735026918959
407 0.00281205080756713 0.00281205080756713 -0.00281205080756713
408 0.003246751345947534 0.003246751345947534 -0.003246751345947534
409 0.002854213562371118 0.002854213562371118 0
410 0.003548427124744072 0.003548427124744072 0
411 0.002507106781185694 0.002507106781185694 0
412 0.003201320343556794 0.003201320343556794 0
413 0.003895533905931528 0.003895533905931528 0
414 0.004153665812453341 0.004153665812453341 0.001222342274861123
415 0.003890473076494158 0.003890473076494158 0.002393415651772207
416 0.004220338349984071 0.004220338349984071 0.0006144008653212304
417 0.004043324031124984 0.004043324031124984 0.001817432683390069
418 0.003696719935195235 0.003696719935195235 0.002944235629405412
419 0.002393415645834485 0.003890473078320595 0.003890473078320595
420 0.001222342268326773 0.004153665813414803 0.004153665813414803
421 0.002944235627120351 0.003696719936105195 0.003696719936105195
422 0.001817432672960232 0.004043324033469033 0.004043324033469033
423 0.0006144008619563255 0.004220338350229001 0.004220338350229001
424 0.002594700538378178 0.002594700538378178 0.002594700538378178
425 0.003029401076757542 0.003029401076757542 0.003029401076757542
426 0.00237735026918959 0.00237735026918959 0.00237735026918959
427 0.00281205080756713 0.00281205080756713 0.00281205080756713
428 0.003246751345947534 0.003246751345947534 0.003246751345947534
429 -0.003890473078320595 -0.003890473078320595 -0.002393415645834485
430 -0.004153665813414803 -0.004153665813414803 -0.001222342268326773
431 -0.003696719936105195 -0.003696719936105195 -0.002944235627120351
432 -0.004043324033469033 -0.004043324033469033 -0.001817432672960232
433 -0.004220338350229001 -0.004220338350229001 -0.0006144008619563255
434 -0.002999999995964048 -0.00519615242503679 0
435 -0.001552914265969787 -0.005795554958979125 0
436 -0.003652568572012633 -0.004760120043312521 0
437 -0.002296100587826485 -0.005543277197703798 0
438 -0.0007831571517163344 -0.00594866916845403 0
439 0 -0.005795554956463072 -0.001552914275359823
440 0 -0.005196152420498138 -0.003000000003825224
441 0 -0.005948669167927073 -0.0007831571557189745
442 0 -0.005543277192192972 -0.002296100601130796
443 0 -0.004760120041234149 -0.00365256857472122
444 -0.001222342274861123 -0.004153665812453341 -0.004153665812453341
445 -0.002393415651772207 -0.003890473076494158 -0.003890473076494158
446 -0.0006144008652267214 -0.00422033834999095 -0.00422033834999095
447 -0.00181743268343544 -0.004043324031114787 -0.004043324031114787
448 -0.002944235629405412 -0.003696719935195235 -0.003696719935195235
449 0 -0.003548427124747715 -0.003548427124747715
450 0 -0.00285421356237462 -0.00285421356237462
451 0 -0.0038955339059335 -0.0038955339059335
452 0 -0.003201320343561558 -0.003201320343561558
453 0 -0.002507106781186536 -0.002507106781186536
454 -0.002594700538378178 -0.002594700538378178 -0.002594700538378178
455 -0.003029401076757542 -0.003029401076757542 -0.003029401076757542
456 -0.00237735026918959 -0.00237735026918959 -0.00237735026918959
457 -0.00281205080756713 -0.00281205080756713 -0.00281205080756713
458 -0.003246751345947534 -0.003246751345947534 -0.003246751345947534
459 0 -0.004720000000002825 0
460 0 -0.003440000000003306 0
461 0 -0.005360000000001856 0
462 0 -0.004080000000005194 0
463 0 -0.00280000000000192 0
464 -0.003548427124747715 -0.003548427124747715 0
465 -0.00285421356237462 -0.00285421356237462 0
466 -0.0038955339059335 -0.0038955339059335 0
467 -0.003201320343561558 -0.003201320343561558 0
468 -0.002507106781186536 -0.002507106781186536 0
469 -0.004153665812453341 -0.004153665812453341 0.001222342274861123
470 -0.003890473076494158 -0.003890473076494158 0.002393415651772207
471 -0.004220338349984071 -0.004220338349984071 0.0006144008653212304
472 -0.004043324031124984 -0.004043324031124984 0.001817432683390069
473 -0.003696719935195235 -0.003696719935195235 0.002944235629405412
474 -0.002393415645834485 -0.003890473078320595 0.003890473078320595
475 -0.001222342268326773 -0.004153665813414803 0.004153665813414803
476 -0.002944235627120351 -0.003696719936105195 0.003696719936105195
477 -0.001817432672960232 -0.004043324033469033 0.004043324033469033
478 -0.0006144008619563255 -0.004220338350229001 0.004220338350229001
479 0 -0.00519615242503679 0.002999999995964048
480 0 -0.005795554958979125 0.001552914265969787
481 0 -0.004760120043312521 0.003652568572012633
482 0 -0.005543277197703798 0.002296100587826485
483 0 -0.00594866916845403 0.0007831571517163344
484 0 -0.003548427124747715 0.003548427124747715
485 0 -0.00285421356237462 0.00285421356237462
486 0 -0.0038955339059335 0.0038955339059335
487 0 -0.003201320343561558 0.003201320343561558
488 0 -0.002507106781186536 0.002507106781186536
489 -0.003029401076759407 -0.003029401076759407 0.003029401076759407
490 -0.002594700538380522 -0.002594700538380522 0.002594700538380522
491 -0.003246751345948064 -0.003246751345948064 0.003246751345948064
492 -0.002812050807570451 -0.002812050807570451 0.002812050807570451
493 -0.002377350269189931 -0.002377350269189931 0.002377350269189931
494 0.001552914275359823 -0.005795554956463072 0
495 0.003000000003825224 -0.005196152420498138 0
496 0.0007831571557189745 -0.005948669167927073 0
497 0.002296100601130796 -0.005543277192192972 0
498 0.00365256857472122 -0.004760120041234149 0
499 0.004153665812453341 -0.004153665812453341 -0.001222342274861123
500 0.003890473076494158 -0.003890473076494158 -0.002393415651772207
501 0.004220338349984071 -0.004220338349984071 -0.0006144008653212304
502 0.004043324031124984 -0.004043324031124984 -0.001817432683390069
503 0.003696719935195235 -0.003696719935195235 -0.002944235629405412
504 0.002393415645834485 -0.003890473078320595 -0.003890473078320595
505 0.001222342268326773 -0.004153665813414803 -0.004153665813414803
506 0.002944235627120351 -0.003696719936105195 -0.003696719936105195
507 0.001817432672960232 -0.004043324033469033 -0.004043324033469033
508 0.0006144008619563255 -0.004220338350229001 -0.004220338350229001
509 0.003029401076759407 -0.003029401076759407 -0.003029401076759407
510 0.002594700538380522 -0.002594700538380522 -0.002594700538380522
511 0.003246751345948064 -0.003246751345948064 -0.003246751345948064
512 0.002812050807570451 -0.002812050807570451 -0.002812050807570451
513 0.002377350269189931 -0.002377350269189931 -0.002377350269189931
514 0.003548427124747715 -0.003548427124747715 0
515 0.00285421356237462 -0.00285421356237462 0
516 0.0038955339059335 -0.0038955339059335 0
517 0.003201320343561558 -0.003201320343561558 0
518 0.002507106781186536 -0.002507106781186536 0
519 0.001222342274861123 -0.004153665812453341 0.004153665812453341
520 0.002393415651772207 -0.003890473076494158 0.003890473076494158
521 0.0006144008652267214 -0.00422033834999095 0.00422033834999095
522 0.00181743268343544 -0.004043324031114787 0.004043324031114787
523 0.002944235629405412 -0.003696719935195235 0.003696719935195235
524 0.003890473078320595 -0.003890473078320595 0.002393415645834485
525 0.004153665813414803 -0.004153665813414803 0.001222342268326773
526 0.003696719936105195 -0.003696719936105195 0.002944235627120351
527 0.004043324033469033 -0.004043324033469033 0.001817432672960232
528 0.004220338350229001 -0.004220338350229001 0.0006144008619563255
529 0.003029401076759407 -0.003029401076759407 0.003029401076759407
530 0.002594700538380522 -0.002594700538380522 0.002594700538380522
531 0.003246751345948064 -0.003246751345948064 0.003246751345948064
532 0.002812050807570451 -0.002812050807570451 0.002812050807570451
533 0.002377350269189931 -0.002377350269189931 0.002377350269189931
534 0 -0.002999999995964048 0.00519615242503679
535 0 -0.001552914265969787 0.005795554958979125
536 0 -0.003652568572012633 0.004760120043312521
537 0 -0.002296100587826485 0.005543277197703798
538 0 -0.0007831571517163344 0.00594866916845403
539 -0.001552914275359823 0 0.005795554956463072
540 -0.003000000003825224 0 0.005196152420498138
541 -0.0007831571557189745 0 0.005948669167927073
542 -0.002296100601130796 0 0.005543277192192972
543 -0.00365256857472122 0 0.004760120041234149
544 -0.004153665812453341 -0.001222342274861123 0.004153665812453341
545 -0.003890473076494158 -0.002393415651772207 0.003890473076494158
546 -0.00422033834999095 -0.0006144008652267214 0.00422033834999095
547 -0.004043324031114787 -0.00181743268343544 0.004043324031114787
548 -0.003696719935195235 -0.002944235629405412 0.003696719935195235
549 0 0 0.003439999999996501
550 0 0 0.004719999999996895
551 0 0 0.002799999999999315
552 0 0 0.004079999999993708
553 0 0 0.005359999999997456
554 -0.002854213562371118 0 0.002854213562371118
555 -0.003548427124744072 0 0.003548427124744072
556 -0.002507106781185694 0 0.002507106781185694
557 -0.003201320343556794 0 0.003201320343556794
558 -0.003895533905931528 0 0.003895533905931528
559 0 0.001552914275359823 0.005795554956463072
560 0 0.003000000003825224 0.005196152420498138
561 0 0.0007831571557189745 0.005948669167927073
562 0 0.002296100601130796 0.005543277192192972
563 0 0.00365256857472122 0.004760120041234149
564 -0.003890473078320595 0.002393415645834485 0.003890473078320595
565 -0.004153665813414803 0.001222342268326773 0.004153665813414803
566 -0.003696719936105195 0.002944235627120351 0.003696719936105195
567 -0.004043324033469033 0.001817432672960232 0.004043324033469033
568 -0.004220338350229001 0.0006144008619563255 0.004220338350229001
569 0.003890473078320595 -0.002393415645834485 0.003890473078320595
570 0.004153665813414803 -0.001222342268326773 0.004153665813414803
571 0.003696719936105195 -0.002944235627120351 0.003696719936105195
572 0.004043324033469033 -0.001817432672960232 0.004043324033469033
573 0.004220338350229001 -0.0006144008619563255 0.004220338350229001
574 0.002999999995964048 0 0.00519615242503679
575 0.001552914265969787 0 0.005795554958979125
576 0.003652568572012633 0 0.004760120043312521
577 0.002296100587826485 0 0.005543277197703798
578 0.0007831571517163344 0 0.00594866916845403
579 0.002854213562371118 0 0.002854213562371118
580 0.003548427124744072 0 0.003548427124744072
581 0.002507106781185694 0 0.002507106781185694
582 0.003201320343556794 0 0.003201320343556794
583 0.003895533905931528 0 0.003895533905931528
584 0.004153665812453341 0.001222342274861123 0.004153665812453341
585 0.003890473076494158 0.002393415651772207 0.003890473076494158
586 0.00422033834999095 0.0006144008652267214 0.00422033834999095
587 0.004043324031114787 0.00181743268343544 0.004043324031114787
588 0.003696719935195235 0.002944235629405412 0.003696719935195235
589 -0.003890473078320595 -0.002393415645834485 -0.003890473078320595
590 -0.004153665813414803 -0.001222342268326773 -0.004153665813414803
591 -0.003696719936105195 -0.002944235627120351 -0.003696719936105195
592 -0.004043324033469033 -0.001817432672960232 -0.004043324033469033
593 -0.004220338350229001 -0.0006144008619563255 -0.004220338350229001
594 -0.002999999995964048 0 -0.00519615242503679
595 -0.001552914265969787 0 -0.005795554958979125
596 -0.003652568572012633 0 -0.004760120043312521
597 -0.002296100587826485 0 -0.005543277197703798
598 -0.0007831571517163344 0 -0.00594866916845403
599 0 -0.001552914275359823 -0.005795554956463072
600 0 -0.003000000003825224 -0.005196152420498138
601 0 -0.0007831571557189745 -0.005948669167927073
602 0 -0.002296100601130796 -0.005543277192192972
603 0 -0.00365256857472122 -0.004760120041234149
604 0 0 -0.004720000000002825
605 0 0 -0.003440000000003306
606 0 0 -0.005360000000001856
607 0 0 -0.004080000000005194
608 0 0 -0.00280000000000192
609 -0.003548427124747715 0 -0.003548427124747715
610 -0.00285421356237462 0 -0.00285421356237462
611 -0.0038955339059335 0 -0.0038955339059335
612 -0.003201320343561558 0 -0.003201320343561558
613 -0.002507106781186536 0 -0.002507106781186536
614 -0.004153665812453341 0.001222342274861123 -0.004153665812453341
615 -0.003890473076494158 0.002393415651772207 -0.003890473076494158
616 -0.00422033834999095 0.0006144008652267214 -0.00422033834999095
617 -0.004043324031114787 0.00181743268343544 -0.004043324031114787
618 -0.003696719935195235 0.002944235629405412 -0.003696719935195235
619 0 0.002999999995964048 -0.00519615242503679
620 0 0.001552914265969787 -0.005795554958979125
621 0 0.003652568572012633 -0.004760120043312521
622 0 0.002296100587826485 -0.005543277197703798
623 0 0.0007831571517163344 -0.00594866916845403
624 0.001552914275359823 0 -0.005795554956463072
625 0.003000000003825224 0 -0.005196152420498138
626 0.0007831571557189745 0 -0.005948669167927073
627 0.002296100601130796 0 -0.005543277192192972
628 0.00365256857472122 0 -0.004760120041234149
629 0.004153665812453341 -0.001222342274861123 -0.004153665812453341
630 0.003890473076494158 -0.002393415651772207 -0.003890473076494158
631 0.00422033834999095 -0.0006144008652267214 -0.00422033834999095
632 0.004043324031114787 -0.00181743268343544 -0.004043324031114787
633 0.003696719935195235 -0.002944235629405412 -0.003696719935195235
634 0.003548427124747715 0 -0.003548427124747715
635 0.00285421356237462 0 -0.00285421356237462
636 0.0038955339059335 0 -0.0038955339059335
637 0.003201320343561558 0 -0.003201320343561558
638 0.002507106781186536 0 -0.002507106781186536
639 0.003890473078320595 0.002393415645834485 -0.003890473078320595
640 0.004153665813414803 0.001222342268326773 -0.004153665813414803
641 0.003696719936105195 0.002944235627120351 -0.003696719936105195
642 0.004043324033469033 0.001817432672960232 -0.004043324033469033
643 0.004220338350229001 0.0006144008619563255 -0.004220338350229001
644 0.00519615242503679 0 -0.002999999995964048
645 0.005795554958979125 0 -0.001552914265969787
646 0.004760120043312521 0 -0.003652568572012633
647 0.005543277197703798 0 -0.002296100587826485
648 0.00594866916845403 0 -0.0007831571517163344
649 0.005795554956463072 -0.001552914275359823 0
650 0.005196152420498138 -0.003000000003825224 0
651 0.005948669167927073 -0.0007831571557189745 0
652 0.005543277192192972 -0.002296100601130796 0
653 0.004760120041234149 -0.00365256857472122 0
654 0.003439999999996501 0 0
655 0.004719999999996895 0 0
656 0.002799999999999315 0 0
657 0.004079999999993708 0 0
658 0.005359999999997456 0 0
659 0.005795554956463072 0 0.001552914275359823
660 0.005196152420498138 0 0.003000000003825224
661 0.005948669167927073 0 0.0007831571557189745
662 0.005543277192192972 0 0.002296100601130796
663 0.004760120041234149 0 0.00365256857472122
664 0.00519615242503679 0.002999999995964048 0
665 0.005795554958979125 0.001552914265969787 0
666 0.004760120043312521 0.003652568572012633 0
667 0.005543277197703798 0.002296100587826485 0
668 0.00594866916845403 0.0007831571517163344 0
669 -0.00519615242503679 -0.002999999995964048 0
670 -0.005795554958979125 -0.001552914265969787 0
671 -0.004760120043312521 -0.003652568572012633 0
672 -0.005543277197703798 -0.002296100587826485 0
673 -0.00594866916845403 -0.0007831571517163344 0
674 -0.005795554956463072 0 -0.001552914275359823
675 -0.005196152420498138 0 -0.003000000003825224
676 -0.005948669167927073 0 -0.0007831571557189745
677 -0.005543277192192972 0 -0.002296100601130796
678 -0.004760120041234149 0 -0.00365256857472122
679 -0.004720000000002825 0 0
680 -0.003440000000003306 0 0
681 -0.005360000000001856 0 0
682 -0.004080000000005194 0 0
683 -0.00280000000000192 0 0
684 -0.00519615242503679 0 0.002999999995964048
685 -0.005795554958979125 0 0.001552914265969787
686 -0.004760120043312521 0 0.003652568572012633
687 -0.005543277197703798 0 0.002296100587826485
688 -0.00594866916845403 0 0.0007831571517163344
689 -0.005795554956463072 0.001552914275359823 0
690 -0.005196152420498138 0.003000000003825224 0
691 -0.005948669167927073 0.0007831571557189745 0
692 -0.005543277192192972 0.002296100601130796 0
693 -0.004760120041234149 0.00365256857472122 0
694 -0.001439999999999436 -0.00216 -0.001440000000000699
695 -0.00071999999999939 -0.00216 -0.001439999999999436
696 -0.001440000000000699 -0.00216 -0.0007200000000006201
697 -0.0007200000000006199 -0.00216 -0.00071999999999939
698 -0.001799999999999718 -0.00216 -0.001440000000001331
699 -0.001439999999998804 -0.00216 -0.00180000000000035
700 -0.001079999999999413 -0.00216 -0.001440000000000068
701 -0.000719999999998775 -0.00216 -0.001799999999999718
702 -0.000359999999999695 -0.00216 -0.001439999999998804
703 -0.001800000000000349 -0.00216 -0.0007200000000012351
704 -0.001440000000000068 -0.00216 -0.00108000000000066
705 -0.001080000000000659 -0.00216 -0.000720000000000005
706 -0.0007200000000000049 -0.00216 -0.001079999999999413
707 -0.0003600000000003099 -0.00216 -0.000719999999998775
708 -0.001440000000001331 -0.00216 -0.0003600000000003101
709 -0.000720000000001235 -0.00216 -0.000359999999999695
710 -0.001440000000000699 0 -0.001439999999999436
711 -0.001439999999999436 0 -0.00071999999999939
712 -0.0007200000000006201 0 -0.001440000000000699
713 -0.00071999999999939 0 -0.0007200000000006199
714 -0.001440000000001331 0 -0.001799999999999718
715 -0.00180000000000035 0 -0.001439999999998804
716 -0.001440000000000068 0 -0.001079999999999413
717 -0.001799999999999718 0 -0.000719999999998775
718 -0.001439999999998804 0 -0.000359999999999695
719 -0.0007200000000012351 0 -0.001800000000000349
720 -0.00108000000000066 0 -0.001440000000000068
721 -0.000720000000000005 0 -0.001080000000000659
722 -0.001079999999999413 0 -0.0007200000000000049
723 -0.000719999999998775 0 -0.0003600000000003099
724 -0.0003600000000003101 0 -0.001440000000001331
725 -0.000359999999999695 0 -0.000720000000001235
726 -0.0007199999999993901 -0.001440000000000699 -0.00216
727 -0.0007200000000006201 -0.00072000000000062 -0.00216
728 -0.001439999999999436 -0.001439999999999436 -0.00216
729 -0.001440000000000699 -0.00071999999999939 -0.00216
730 -0.000359999999999695 -0.001440000000001331 -0.00216
731 -0.000719999999998775 -0.001800000000000349 -0.00216
732 -0.0003600000000003101 -0.0007200000000012351 -0.00216
733 -0.0007200000000000051 -0.001080000000000659 -0.00216
734 -0.0007200000000012351 -0.00036000000000031 -0.00216
735 -0.001079999999999413 -0.001440000000000068 -0.00216
736 -0.001439999999998804 -0.001799999999999718 -0.00216
737 -0.001080000000000659 -0.0007200000000000049 -0.00216
738 -0.001440000000000068 -0.001079999999999413 -0.00216
739 -0.001440000000001331 -0.000359999999999695 -0.00216
740 -0.001799999999999718 -0.001439999999998804 -0.00216
741 -0.001800000000000349 -0.000719999999998775 -0.00216
742 0 -0.001440000000001962 -0.0007199999999993899
743 0 -0.0007200000000018501 -0.00072000000000062
744 0 -0.001440000000001962 -0.001439999999999436
745 0 -0.00072000000000185 -0.001440000000000699
746 0 -0.001440000000001962 -0.0003599999999996949
747 0 -0.001800000000000981 -0.000719999999998775
748 0 -0.00072000000000185 -0.00036000000000031
749 0 -0.001080000000001906 -0.0007200000000000049
750 0 -0.0003600000000009251 -0.0007200000000012351
751 0 -0.001440000000001962 -0.001079999999999413
752 0 -0.001800000000000981 -0.001439999999998804
753 0 -0.00072000000000185 -0.001080000000000659
754 0 -0.001080000000001906 -0.001440000000000068
755 0 -0.000360000000000925 -0.001440000000001331
756 0 -0.001440000000001962 -0.001799999999999718
757 0 -0.00072000000000185 -0.001800000000000349
758 -0.001440000000000699 -0.001440000000001962 0
759 -0.001439999999999436 -0.00072000000000185 0
760 -0.0007200000000006199 -0.001440000000001962 0
761 -0.00071999999999939 -0.00072000000000185 0
762 -0.001800000000000349 -0.001440000000001962 0
763 -0.001440000000001331 -0.001800000000000981 0
764 -0.001799999999999718 -0.00072000000000185 0
765 -0.001440000000000068 -0.001080000000001906 0
766 -0.001439999999998804 -0.000360000000000925 0
767 -0.001080000000000659 -0.001440000000001962 0
768 -0.000720000000001235 -0.001800000000000981 0
769 -0.001079999999999413 -0.00072000000000185 0
770 -0.0007200000000000049 -0.001080000000001906 0
771 -0.000719999999998775 -0.000360000000000925 0
772 -0.0003600000000003099 -0.001440000000001962 0
773 -0.000359999999999695 -0.00072000000000185 0
774 -0.00216 -0.001439999999999436 -0.001440000000000699
775 -0.00216 -0.00071999999999939 -0.001439999999999436
776 -0.00216 -0.001440000000000699 -0.0007200000000006201
777 -0.00216 -0.0007200000000006199 -0.00071999999999939
778 -0.00216 -0.001439999999998804 -0.00180000000000035
779 -0.00216 -0.001799999999999718 -0.001440000000001331
780 -0.00216 -0.000719999999998775 -0.001799999999999718
781 -0.00216 -0.001079999999999413 -0.001440000000000068
782 -0.00216 -0.000359999999999695 -0.001439999999998804
783 -0.00216 -0.001440000000000068 -0.00108000000000066
784 -0.00216 -0.001800000000000349 -0.0007200000000012351
785 -0.00216 -0.0007200000000000049 -0.001079999999999413
786 -0.00216 -0.001080000000000659 -0.000720000000000005
787 -0.00216 -0.0003600000000003099 -0.000719999999998775
788 -0.00216 -0.001440000000001331 -0.0003600000000003101
789 -0.00216 -0.000720000000001235 -0.000359999999999695
790 -0.001440000000001962 -0.00216 0.0007199999999993899
791 -0.0007200000000018501 -0.00216 0.00072000000000062
792 -0.001440000000001962 -0.00216 0.001439999999999436
793 -0.00072000000000185 -0.00216 0.001440000000000699
794 -0.001800000000000981 -0.00216 0.000719999999998775
795 -0.001440000000001962 -0.00216 0.0003599999999996949
796 -0.001080000000001906 -0.00216 0.0007200000000000049
797 -0.00072000000000185 -0.00216 0.00036000000000031
798 -0.0003600000000009251 -0.00216 0.0007200000000012351
799 -0.001800000000000981 -0.00216 0.001439999999998804
800 -0.001440000000001962 -0.00216 0.001079999999999413
801 -0.001080000000001906 -0.00216 0.001440000000000068
802 -0.00072000000000185 -0.00216 0.001080000000000659
803 -0.000360000000000925 -0.00216 0.001440000000001331
804 -0.001440000000001962 -0.00216 0.001799999999999718
805 -0.00072000000000185 -0.00216 0.001800000000000349
806 -0.00071999999999816 0 0.0007199999999993899
807 -0.00071999999999816 0 0.001439999999999436
808 -0.001439999999998173 0 0.0007200000000006203
809 -0.001439999999998173 0 0.001440000000000699
810 -0.00035999999999908 0 0.000719999999998775
811 -0.00071999999999816 0 0.0003599999999996949
812 -0.00035999999999908 0 0.001439999999998804
813 -0.00071999999999816 0 0.001079999999999413
814 -0.00071999999999816 0 0.001799999999999718
815 -0.001079999999998166 0 0.0007200000000000051
816 -0.001439999999998173 0 0.0003600000000003102
817 -0.001079999999998166 0 0.001440000000000068
818 -0.001439999999998173 0 0.00108000000000066
819 -0.001439999999998173 0 0.001800000000000349
820 -0.001799999999999086 0 0.0007200000000012352
821 -0.001799999999999086 0 0.001440000000001331
822 0 -0.001440000000001962 0.001440000000000699
823 0 -0.00072000000000185 0.001439999999999436
824 0 -0.001440000000001962 0.0007200000000006199
825 0 -0.00072000000000185 0.00071999999999939
826 0 -0.001440000000001962 0.001800000000000349
827 0 -0.001800000000000981 0.001440000000001331
828 0 -0.00072000000000185 0.001799999999999718
829 0 -0.001080000000001906 0.001440000000000068
830 0 -0.000360000000000925 0.001439999999998804
831 0 -0.001440000000001962 0.001080000000000659
832 0 -0.001800000000000981 0.000720000000001235
833 0 -0.00072000000000185 0.001079999999999413
834 0 -0.001080000000001906 0.0007200000000000049
835 0 -0.000360000000000925 0.000719999999998775
836 0 -0.001440000000001962 0.0003600000000003099
837 0 -0.00072000000000185 0.000359999999999695
838 -0.001440000000000699 -0.001440000000001962 0.00216
839 -0.001439999999999436 -0.00072000000000185 0.00216
840 -0.0007200000000006199 -0.001440000000001962 0.00216
841 -0.00071999999999939 -0.00072000000000185 0.00216
842 -0.001800000000000349 -0.001440000000001962 0.00216
843 -0.001440000000001331 -0.001800000000000981 0.00216
844 -0.001799999999999718 -0.00072000000000185 0.00216
845 -0.001440000000000068 -0.001080000000001906 0.00216
846 -0.001439999999998804 -0.000360000000000925 0.00216
847 -0.001080000000000659 -0.001440000000001962 0.00216
848 -0.000720000000001235 -0.001800000000000981 0.00216
849 -0.001079999999999413 -0.00072000000000185 0.00216
850 -0.0007200000000000049 -0.001080000000001906 0.00216
851 -0.000719999999998775 -0.000360000000000925 0.00216
852 -0.0003600000000003099 -0.001440000000001962 0.00216
853 -0.000359999999999695 -0.00072000000000185 0.00216
854 -0.00216 -0.001440000000001962 0.0007199999999993899
855 -0.00216 -0.0007200000000018501 0.00072000000000062
856 -0.00216 -0.001440000000001962 0.001439999999999436
857 -0.00216 -0.00072000000000185 0.001440000000000699
858 -0.00216 -0.001440000000001962 0.0003599999999996949
859 -0.00216 -0.001800000000000981 0.000719999999998775
860 -0.00216 -0.00072000000000185 0.00036000000000031
861 -0.00216 -0.001080000000001906 0.0007200000000000049
862 -0.00216 -0.0003600000000009251 0.0007200000000012351
863 -0.00216 -0.001440000000001962 0.001079999999999413
864 -0.00216 -0.001800000000000981 0.001439999999998804
865 -0.00216 -0.00072000000000185 0.001080000000000659
866 -0.00216 -0.001080000000001906 0.001440000000000068
867 -0.00216 -0.000360000000000925 0.001440000000001331
868 -0.00216 -0.001440000000001962 0.001799999999999718
869 -0.00216 -0.00072000000000185 0.001800000000000349
870 -0.001440000000000699 0.00216 -0.001439999999999436
871 -0.001439999999999436 0.00216 -0.00071999999999939
872 -0.0007200000000006201 0.00216 -0.001440000000000699
873 -0.00071999999999939 0.00216 -0.0007200000000006199
874 -0.001440000000001331 0.00216 -0.001799999999999718
875 -0.00180000000000035 0.00216 -0.001439999999998804
876 -0.001440000000000068 0.00216 -0.001079999999999413
877 -0.001799999999999718 0.00216 -0.000719999999998775
878 -0.001439999999998804 0.00216 -0.000359999999999695
879 -0.0007200000000012351 0.00216 -0.001800000000000349
880 -0.00108000000000066 0.00216 -0.001440000000000068
881 -0.000720000000000005 0.00216 -0.001080000000000659
882 -0.001079999999999413 0.00216 -0.0007200000000000049
883 -0.000719999999998775 0.00216 -0.0003600000000003099
884 -0.0003600000000003101 0.00216 -0.001440000000001331
885 -0.000359999999999695 0.00216 -0.000720000000001235
886 -0.001440000000001962 0.0007200000000006202 -0.00216
887 -0.001440000000001962 0.001440000000000699 -0.00216
888 -0.0007200000000018501 0.0007199999999993899 -0.00216
889 -0.00072000000000185 0.001439999999999436 -0.00216
890 -0.001440000000001962 0.0003600000000003101 -0.00216
891 -0.001800000000000981 0.0007200000000012351 -0.00216
892 -0.001440000000001962 0.00108000000000066 -0.00216
893 -0.001800000000000981 0.001440000000001331 -0.00216
894 -0.001440000000001962 0.001800000000000349 -0.00216
895 -0.00072000000000185 0.0003599999999996949 -0.00216
896 -0.001080000000001906 0.000720000000000005 -0.00216
897 -0.00072000000000185 0.001079999999999413 -0.00216
898 -0.001080000000001906 0.001440000000000068 -0.00216
899 -0.00072000000000185 0.001799999999999718 -0.00216
900 -0.0003600000000009251 0.000719999999998775 -0.00216
901 -0.000360000000000925 0.001439999999998804 -0.00216
902 0 0.00071999999999816 -0.001440000000001962
903 0 0.001439999999998173 -0.001440000000001962
904 0 0.00071999999999816 -0.00072000000000185
905 0 0.001439999999998173 -0.0007200000000018501
906 0 0.00035999999999908 -0.001440000000001962
907 0 0.00071999999999816 -0.001800000000000981
908 0 0.001079999999998166 -0.001440000000001962
909 0 0.001439999999998173 -0.001800000000000981
910 0 0.001799999999999086 -0.001440000000001962
911 0 0.00035999999999908 -0.00072000000000185
912 0 0.00071999999999816 -0.001080000000001906
913 0 0.001079999999998166 -0.00072000000000185
914 0 0.001439999999998173 -0.001080000000001906
915 0 0.001799999999999086 -0.00072000000000185
916 0 0.00071999999999816 -0.000360000000000925
917 0 0.001439999999998173 -0.0003600000000009251
918 -0.00071999999999816 0.00071999999999816 0
919 -0.00071999999999816 0.001439999999998173 0
920 -0.001439999999998173 0.00071999999999816 0
921 -0.001439999999998173 0.001439999999998173 0
922 -0.00071999999999816 0.00035999999999908 0
923 -0.00035999999999908 0.00071999999999816 0
924 -0.00071999999999816 0.001079999999998166 0
925 -0.00035999999999908 0.001439999999998173 0
926 -0.00071999999999816 0.001799999999999086 0
927 -0.001439999999998173 0.00035999999999908 0
928 -0.001079999999998166 0.00071999999999816 0
929 -0.001439999999998173 0.001079999999998166 0
930 -0.001079999999998166 0.001439999999998173 0
931 -0.001439999999998173 0.001799999999999086 0
932 -0.001799999999999086 0.00071999999999816 0
933 -0.001799999999999086 0.001439999999998173 0
934 -0.00216 0.0007199999999993899 -0.00071999999999816
935 -0.00216 0.001439999999999436 -0.00071999999999816
936 -0.00216 0.0007200000000006203 -0.001439999999998173
937 -0.00216 0.001440000000000699 -0.001439999999998173
938 -0.00216 0.0003599999999996949 -0.00071999999999816
939 -0.00216 0.000719999999998775 -0.00035999999999908
940 -0.00216 0.001079999999999413 -0.00071999999999816
941 -0.00216 0.001439999999998804 -0.00035999999999908
942 -0.00216 0.001799999999999718 -0.00071999999999816
943 -0.00216 0.0003600000000003102 -0.001439999999998173
944 -0.00216 0.0007200000000000051 -0.001079999999998166
945 -0.00216 0.00108000000000066 -0.001439999999998173
946 -0.00216 0.001440000000000068 -0.001079999999998166
947 -0.00216 0.001800000000000349 -0.001439999999998173
948 -0.00216 0.0007200000000012352 -0.001799999999999086
949 -0.00216 0.001440000000001331 -0.001799999999999086
950 -0.00071999999999816 0.00216 0.0007199999999993899
951 -0.00071999999999816 0.00216 0.001439999999999436
952 -0.001439999999998173 0.00216 0.0007200000000006203
953 -0.001439999999998173 0.00216 0.001440000000000699
954 -0.00035999999999908 0.00216 0.000719999999998775
955 -0.00071999999999816 0.00216 0.0003599999999996949
956 -0.00035999999999908 0.00216 0.001439999999998804
957 -0.00071999999999816 0.00216 0.001079999999999413
958 -0.00071999999999816 0.00216 0.001799999999999718
959 -0.001079999999998166 0.00216 0.0007200000000000051
960 -0.001439999999998173 0.00216 0.0003600000000003102
961 -0.001079999999998166 0.00216 0.001440000000000068
962 -0.001439999999998173 0.00216 0.00108000000000066
963 -0.001439999999998173 0.00216 0.001800000000000349
964 -0.001799999999999086 0.00216 0.0007200000000012352
965 -0.001799999999999086 0.00216 0.001440000000001331
966 0 0.00071999999999816 0.00071999999999816
967 0 0.001439999999998173 0.00071999999999816
968 0 0.00071999999999816 0.001439999999998173
969 0 0.001439999999998173 0.001439999999998173
970 0 0.00035999999999908 0.00071999999999816
971 0 0.00071999999999816 0.00035999999999908
972 0 0.001079999999998166 0.00071999999999816
973 0 0.001439999999998173 0.00035999999999908
974 0 0.001799999999999086 0.00071999999999816
975 0 0.00035999999999908 0.001439999999998173
976 0 0.00071999999999816 0.001079999999998166
977 0 0.001079999999998166 0.001439999999998173
978 0 0.001439999999998173 0.001079999999998166
979 0 0.001799999999999086 0.001439999999998173
980 0 0.00071999999999816 0.001799999999999086
981 0 0.001439999999998173 0.001799999999999086
982 -0.00071999999999816 0.00071999999999816 0.00216
983 -0.00071999999999816 0.001439999999998173 0.00216
984 -0.001439999999998173 0.00071999999999816 0.00216
985 -0.001439999999998173 0.001439999999998173 0.00216
986 -0.00071999999999816 0.00035999999999908 0.00216
987 -0.00035999999999908 0.00071999999999816 0.00216
988 -0.00071999999999816 0.001079999999998166 0.00216
989 -0.00035999999999908 0.001439999999998173 0.00216
990 -0.00071999999999816 0.001799999999999086 0.00216
991 -0.001439999999998173 0.00035999999999908 0.00216
992 -0.001079999999998166 0.00071999999999816 0.00216
993 -0.001439999999998173 0.001079999999998166 0.00216
994 -0.001079999999998166 0.001439999999998173 0.00216
995 -0.001439999999998173 0.001799999999999086 0.00216
996 -0.001799999999999086 0.00071999999999816 0.00216
997 -0.001799999999999086 0.001439999999998173 0.00216
998 -0.00216 0.00071999999999816 0.001440000000001962
999 -0.00216 0.001439999999998173 0.001440000000001962
1000 -0.00216 0.00071999999999816 0.00072000000000185
1001 -0.00216 0.001439999999998173 0.0007200000000018501
1002 -0.00216 0.00035999999999908 0.001440000000001962
1003 -0.00216 0.00071999999999816 0.001800000000000981
1004 -0.00216 0.001079999999998166 0.001440000000001962
1005 -0.00216 0.001439999999998173 0.001800000000000981
1006 -0.00216 0.001799999999999086 0.001440000000001962
1007 -0.00216 0.00035999999999908 0.00072000000000185
1008 -0.00216 0.00071999999999816 0.001080000000001906
1009 -0.00216 0.001079999999998166 0.00072000000000185
1010 -0.00216 0.001439999999998173 0.001080000000001906
1011 -0.00216 0.001799999999999086 0.00072000000000185
1012 -0.00216 0.00071999999999816 0.000360000000000925
1013 -0.00216 0.001439999999998173 0.0003600000000009251
1014 0.0007199999999993899 -0.00216 -0.00071999999999816
1015 0.001439999999999436 -0.00216 -0.00071999999999816
1016 0.0007200000000006203 -0.00216 -0.001439999999998173
1017 0.001440000000000699 -0.00216 -0.001439999999998173
1018 0.000719999999998775 -0.00216 -0.00035999999999908
1019 0.0003599999999996949 -0.00216 -0.00071999999999816
1020 0.001439999999998804 -0.00216 -0.00035999999999908
1021 0.001079999999999413 -0.00216 -0.00071999999999816
1022 0.001799999999999718 -0.00216 -0.00071999999999816
1023 0.0007200000000000051 -0.00216 -0.001079999999998166
1024 0.0003600000000003102 -0.00216 -0.001439999999998173
1025 0.001440000000000068 -0.00216 -0.001079999999998166
1026 0.00108000000000066 -0.00216 -0.001439999999998173
1027 0.001800000000000349 -0.00216 -0.001439999999998173
1028 0.0007200000000012352 -0.00216 -0.001799999999999086
1029 0.001440000000001331 -0.00216 -0.001799999999999086
1030 0.0007199999999993899 0 -0.001440000000001962
1031 0.00072000000000062 0 -0.0007200000000018501
1032 0.001439999999999436 0 -0.001440000000001962
1033 0.001440000000000699 0 -0.00072000000000185
1034 0.000719999999998775 0 -0.001800000000000981
1035 0.0003599999999996949 0 -0.001440000000001962
1036 0.0007200000000000049 0 -0.001080000000001906
1037 0.00036000000000031 0 -0.00072000000000185
1038 0.0007200000000012351 0 -0.0003600000000009251
1039 0.001439999999998804 0 -0.001800000000000981
1040 0.001079999999999413 0 -0.001440000000001962
1041 0.001440000000000068 0 -0.001080000000001906
1042 0.001080000000000659 0 -0.00072000000000185
1043 0.001440000000001331 0 -0.000360000000000925
1044 0.001799999999999718 0 -0.001440000000001962
1045 0.001800000000000349 0 -0.00072000000000185
1046 0.001440000000000699 -0.001440000000001962 -0.00216
1047 0.001439999999999436 -0.00072000000000185 -0.00216
1048 0.0007200000000006199 -0.001440000000001962 -0.00216
1049 0.00071999999999939 -0.00072000000000185 -0.00216
1050 0.001800000000000349 -0.001440000000001962 -0.00216
1051 0.001440000000001331 -0.001800000000000981 -0.00216
1052 0.001799999999999718 -0.00072000000000185 -0.00216
1053 0.001440000000000068 -0.001080000000001906 -0.00216
1054 0.001439999999998804 -0.000360000000000925 -0.00216
1055 0.001080000000000659 -0.001440000000001962 -0.00216
1056 0.000720000000001235 -0.001800000000000981 -0.00216
1057 0.001079999999999413 -0.00072000000000185 -0.00216
1058 0.0007200000000000049 -0.001080000000001906 -0.00216
1059 0.000719999999998775 -0.000360000000000925 -0.00216
1060 0.0003600000000003099 -0.001440000000001962 -0.00216
1061 0.000359999999999695 -0.00072000000000185 -0.00216
1062 0.00216 -0.001440000000001962 -0.0007199999999993899
1063 0.00216 -0.0007200000000018501 -0.00072000000000062
1064 0.00216 -0.001440000000001962 -0.001439999999999436
1065 0.00216 -0.00072000000000185 -0.001440000000000699
1066 0.00216 -0.001440000000001962 -0.0003599999999996949
1067 0.00216 -0.001800000000000981 -0.000719999999998775
1068 0.00216 -0.00072000000000185 -0.00036000000000031
1069 0.00216 -0.001080000000001906 -0.0007200000000000049
1070 0.00216 -0.0003600000000009251 -0.0007200000000012351
1071 0.00216 -0.001440000000001962 -0.001079999999999413
1072 0.00216 -0.001800000000000981 -0.001439999999998804
1073 0.00216 -0.00072000000000185 -0.001080000000000659
1074 0.00216 -0.001080000000001906 -0.001440000000000068
1075 0.00216 -0.000360000000000925 -0.001440000000001331
1076 0.00216 -0.001440000000001962 -0.001799999999999718
1077 0.00216 -0.00072000000000185 -0.001800000000000349
1078 0.0007199999999993899 -0.001440000000001962 0
1079 0.00072000000000062 -0.0007200000000018501 0
1080 0.001439999999999436 -0.001440000000001962 0
1081 0.001440000000000699 -0.00072000000000185 0
1082 0.0003599999999996949 -0.001440000000001962 0
1083 0.000719999999998775 -0.001800000000000981 0
1084 0.00036000000000031 -0.00072000000000185 0
1085 0.0007200000000000049 -0.001080000000001906 0
1086 0.0007200000000012351 -0.0003600000000009251 0
1087 0.001079999999999413 -0.001440000000001962 0
1088 0.001439999999998804 -0.001800000000000981 0
1089 0.001080000000000659 -0.00072000000000185 0
1090 0.001440000000000068 -0.001080000000001906 0
1091 0.001440000000001331 -0.000360000000000925 0
1092 0.001799999999999718 -0.001440000000001962 0
1093 0.001800000000000349 -0.00072000000000185 0
1094 0.00071999999999816 -0.00216 0.001440000000001962
1095 0.001439999999998173 -0.00216 0.001440000000001962
1096 0.00071999999999816 -0.00216 0.00072000000000185
1097 0.001439999999998173 -0.00216 0.0007200000000018501
1098 0.00071999999999816 -0.00216 0.001800000000000981
1099 0.00035999999999908 -0.00216 0.001440000000001962
1100 0.001439999999998173 -0.00216 0.001800000000000981
1101 0.001079999999998166 -0.00216 0.001440000000001962
1102 0.001799999999999086 -0.00216 0.001440000000001962
1103 0.00071999999999816 -0.00216 0.001080000000001906
1104 0.00035999999999908 -0.00216 0.00072000000000185
1105 0.001439999999998173 -0.00216 0.001080000000001906
1106 0.001079999999998166 -0.00216 0.00072000000000185
1107 0.001799999999999086 -0.00216 0.00072000000000185
1108 0.00071999999999816 -0.00216 0.000360000000000925
1109 0.001439999999998173 -0.00216 0.0003600000000009251
1110 0.001440000000001962 0 0.00071999999999816
1111 0.001440000000001962 0 0.001439999999998173
1112 0.00072000000000185 0 0.00071999999999816
1113 0.0007200000000018501 0 0.001439999999998173
1114 0.001800000000000981 0 0.00071999999999816
1115 0.001440000000001962 0 0.00035999999999908
1116 0.001800000000000981 0 0.001439999999998173
1117 0.001440000000001962 0 0.001079999999998166
1118 0.001440000000001962 0 0.001799999999999086
1119 0.001080000000001906 0 0.00071999999999816
1120 0.00072000000000185 0 0.00035999999999908
1121 0.001080000000001906 0 0.001439999999998173
1122 0.00072000000000185 0 0.001079999999998166
1123 0.00072000000000185 0 0.001799999999999086
1124 0.000360000000000925 0 0.00071999999999816
1125 0.0003600000000009251 0 0.001439999999998173
1126 0.00216 -0.001440000000001962 0.001440000000000699
1127 0.00216 -0.00072000000000185 0.001439999999999436
1128 0.00216 -0.001440000000001962 0.0007200000000006199
1129 0.00216 -0.00072000000000185 0.00071999999999939
1130 0.00216 -0.001440000000001962 0.001800000000000349
1131 0.00216 -0.001800000000000981 0.001440000000001331
1132 0.00216 -0.00072000000000185 0.001799999999999718
1133 0.00216 -0.001080000000001906 0.001440000000000068
1134 0.00216 -0.000360000000000925 0.001439999999998804
1135 0.00216 -0.001440000000001962 0.001080000000000659
1136 0.00216 -0.001800000000000981 0.000720000000001235
1137 0.00216 -0.00072000000000185 0.001079999999999413
1138 0.00216 -0.001080000000001906 0.0007200000000000049
1139 0.00216 -0.000360000000000925 0.000719999999998775
1140 0.00216 -0.001440000000001962 0.0003600000000003099
1141 0.00216 -0.00072000000000185 0.000359999999999695
1142 0.0007199999999993899 -0.001440000000001962 0.00216
1143 0.00072000000000062 -0.0007200000000018501 0.00216
1144 0.001439999999999436 -0.001440000000001962 0.00216
1145 0.001440000000000699 -0.00072000000000185 0.00216
1146 0.0003599999999996949 -0.001440000000001962 0.00216
1147 0.000719999999998775 -0.001800000000000981 0.00216
1148 0.00036000000000031 -0.00072000000000185 0.00216
1149 0.0007200000000000049 -0.001080000000001906 0.00216
1150 0.0007200000000012351 -0.0003600000000009251 0.00216
1151 0.001079999999999413 -0.001440000000001962 0.00216
1152 0.001439999999998804 -0.001800000000000981 0.00216
1153 0.001080000000000659 -0.00072000000000185 0.00216
1154 0.001440000000000068 -0.001080000000001906 0.00216
1155 0.001440000000001331 -0.000360000000000925 0.00216
1156 0.001799999999999718 -0.001440000000001962 0.00216
1157 0.001800000000000349 -0.00072000000000185 0.00216
1158 0.0007199999999993899 0.00216 -0.001440000000001962
1159 0.00072000000000062 0.00216 -0.0007200000000018501
1160 0.001439999999999436 0.00216 -0.001440000000001962
1161 0.001440000000000699 0.00216 -0.00072000000000185
1162 0.000719999999998775 0.00216 -0.001800000000000981
1163 0.0003599999999996949 0.00216 -0.001440000000001962
1164 0.0007200000000000049 0.00216 -0.001080000000001906
1165 0.00036000000000031 0.00216 -0.00072000000000185
1166 0.0007200000000012351 0.00216 -0.0003600000000009251
1167 0.001439999999998804 0.00216 -0.001800000000000981
1168 0.001079999999999413 0.00216 -0.001440000000001962
1169 0.001440000000000068 0.00216 -0.001080000000001906
1170 0.001080000000000659 0.00216 -0.00072000000000185
1171 0.001440000000001331 0.00216 -0.000360000000000925
1172 0.001799999999999718 0.00216 -0.001440000000001962
1173 0.001800000000000349 0.00216 -0.00072000000000185
1174 0.00071999999999816 0.00071999999999816 -0.00216
1175 0.00071999999999816 0.001439999999998173 -0.00216
1176 0.001439999999998173 0.00071999999999816 -0.00216
1177 0.001439999999998173 0.001439999999998173 -0.00216
1178 0.00071999999999816 0.00035999999999908 -0.00216
1179 0.00035999999999908 0.00071999999999816 -0.00216
1180 0.00071999999999816 0.001079999999998166 -0.00216
1181 0.00035999999999908 0.001439999999998173 -0.00216
1182 0.00071999999999816 0.001799999999999086 -0.00216
1183 0.001439999999998173 0.00035999999999908 -0.00216
1184 0.001079999999998166 0.00071999999999816 -0.00216
1185 0.001439999999998173 0.001079999999998166 -0.00216
1186 0.001079999999998166 0.001439999999998173 -0.00216
1187 0.001439999999998173 0.001799999999999086 -0.00216
1188 0.001799999999999086 0.00071999999999816 -0.00216
1189 0.001799999999999086 0.001439999999998173 -0.00216
1190 0.00216 0.00071999999999816 -0.001440000000001962
1191 0.00216 0.001439999999998173 -0.001440000000001962
1192 0.00216 0.00071999999999816 -0.00072000000000185
1193 0.00216 0.001439999999998173 -0.0007200000000018501
1194 0.00216 0.00035999999999908 -0.001440000000001962
1195 0.00216 0.00071999999999816 -0.001800000000000981
1196 0.00216 0.001079999999998166 -0.001440000000001962
1197 0.00216 0.001439999999998173 -0.001800000000000981
1198 0.00216 0.001799999999999086 -0.001440000000001962
1199 0.00216 0.00035999999999908 -0.00072000000000185
1200 0.00216 0.00071999999999816 -0.001080000000001906
1201 0.00216 0.001079999999998166 -0.00072000000000185
1202 0.00216 0.001439999999998173 -0.001080000000001906
1203 0.00216 0.001799999999999086 -0.00072000000000185
1204 0.00216 0.00071999999999816 -0.000360000000000925
1205 0.00216 0.001439999999998173 -0.0003600000000009251
1206 0.001440000000001962 0.00071999999999816 0
1207 0.001440000000001962 0.001439999999998173 0
1208 0.00072000000000185 0.00071999999999816 0
1209 0.0007200000000018501 0.001439999999998173 0
1210 0.001440000000001962 0.00035999999999908 0
1211 0.001800000000000981 0.00071999999999816 0
1212 0.001440000000001962 0.001079999999998166 0
1213 0.001800000000000981 0.001439999999998173 0
1214 0.001440000000001962 0.001799999999999086 0
1215 0.00072000000000185 0.00035999999999908 0
1216 0.001080000000001906 0.00071999999999816 0
1217 0.00072000000000185 0.001079999999998166 0
1218 0.001080000000001906 0.001439999999998173 0
1219 0.00072000000000185 0.001799999999999086 0
1220 0.000360000000000925 0.00071999999999816 0
1221 0.0003600000000009251 0.001439999999998173 0
1222 0.001440000000001962 0.00216 0.00071999999999816
1223 0.001440000000001962 0.00216 0.001439999999998173
1224 0.00072000000000185 0.00216 0.00071999999999816
1225 0.0007200000000018501 0.00216 0.001439999999998173
1226 0.001800000000000981 0.00216 0.00071999999999816
1227 0.001440000000001962 0.00216 0.00035999999999908
1228 0.001800000000000981 0.00216 0.001439999999998173
1229 0.001440000000001962 0.00216 0.001079999999998166
1230 0.001440000000001962 0.00216 0.001799999999999086
1231 0.001080000000001906 0.00216 0.00071999999999816
1232 0.00072000000000185 0.00216 0.00035999999999908
1233 0.001080000000001906 0.00216 0.001439999999998173
1234 0.00072000000000185 0.00216 0.001079999999998166
1235 0.00072000000000185 0.00216 0.001799999999999086
1236 0.000360000000000925 0.00216 0.00071999999999816
1237 0.0003600000000009251 0.00216 0.001439999999998173
1238 0.00216 0.00071999999999816 0.00071999999999816
1239 0.00216 0.001439999999998173 0.00071999999999816
1240 0.00216 0.00071999999999816 0.001439999999998173
1241 0.00216 0.001439999999998173 0.001439999999998173
1242 0.00216 0.00035999999999908 0.00071999999999816
1243 0.00216 0.00071999999999816 0.00035999999999908
1244 0.00216 0.001079999999998166 0.00071999999999816
1245 0.00216 0.001439999999998173 0.00035999999999908
1246 0.00216 0.001799999999999086 0.00071999999999816
1247 0.00216 0.00035999999999908 0.001439999999998173
1248 0.00216 0.00071999999999816 0.001079999999998166
1249 0.00216 0.001079999999998166 0.001439999999998173
1250 0.00216 0.001439999999998173 0.001079999999998166
1251 0.00216 0.001799999999999086 0.001439999999998173
1252 0.00216 0.00071999999999816 0.001799999999999086
1253 0.00216 0.001439999999998173 0.001799999999999086
1254 0.001440000000001962 0.00071999999999816 0.00216
1255 0.001440000000001962 0.001439999999998173 0.00216
1256 0.00072000000000185 0.00071999999999816 0.00216
1257 0.0007200000000018501 0.001439999999998173 0.00216
1258 0.001440000000001962 0.00035999999999908 0.00216
1259 0.001800000000000981 0.00071999999999816 0.00216
1260 0.001440000000001962 0.001079999999998166 0.00216
1261 0.001800000000000981 0.001439999999998173 0.00216
1262 0.001440000000001962 0.001799999999999086 0.00216
1263 0.00072000000000185 0.00035999999999908 0.00216
1264 0.001080000000001906 0.00071999999999816 0.00216
1265 0.00072000000000185 0.001079999999998166 0.00216
1266 0.001080000000001906 0.001439999999998173 0.00216
1267 0.00072000000000185 0.001799999999999086 0.00216
1268 0.000360000000000925 0.00071999999999816 0.00216
1269 0.0003600000000009251 0.001439999999998173 0.00216
1270 -0.002728027146304992 0.004595186151269147 -0.002728027148729883
1271 -0.002935192500008311 0.005042438400766038 -0.001399449878479045
1272 -0.001399449876643636 0.005042438402786161 -0.002935192497412984
1273 -0.001512147737896482 0.005605962758396532 -0.001512147734265967
1274 -0.002578327254265655 0.004272000559497833 -0.003332002369381081
1275 -0.003335030170322467 0.004271548211978241 -0.002575160118475044
1276 -0.002851562038351471 0.004852766807260792 -0.002078280119661619
1277 -0.003576079576381001 0.004634011374777233 -0.001318178076674735
1278 -0.002988503446111931 0.005154890172324571 -0.0007042403452292888
1279 -0.001321519926807178 0.004635315988385835 -0.003573154176755632
1280 -0.002078764643355855 0.004853740693242116 -0.002849550638311093
1281 -0.001467853297563688 0.005368282093128801 -0.002242086988817355
1282 -0.002242177732399308 0.005368570767058557 -0.001466658424929606
1283 -0.001545127206044218 0.005747321450524517 -0.0007621535681755733
1284 -0.0007046013293187557 0.005154971849924623 -0.002988277462553798
1285 -0.0007622532341325089 0.005747329477503259 -0.001545048181797788
1286 -0.001757805215280307 0.002736824359440367 -0.002736824359440367
1287 -0.002075610430557557 0.003313648718880247 -0.003313648718880247
1288 -0.0008874474227772401 0.002824555271137353 -0.002824555271137353
1289 -0.001054894845552081 0.003489110542275378 -0.003489110542275378
1290 -0.001598902607641135 0.002448412179720183 -0.002448412179720183
1291 -0.002176252876830415 0.002665762448910445 -0.002665762448910444
1292 -0.001916707822918932 0.003025236539160307 -0.003025236539160307
1293 -0.002552505753658482 0.003171524897819827 -0.003171524897819827
1294 -0.002234513038196021 0.00360206089860042 -0.003602060898600421
1295 -0.000803723711389545 0.002492277635568676 -0.002492277635568676
1296 -0.001322626319028774 0.00278068981528886 -0.00278068981528886
1297 -0.0009711711341646606 0.003156832906706365 -0.003156832906706365
1298 -0.001565252638054819 0.003401379630577813 -0.003401379630577813
1299 -0.001138618556939427 0.00382138817784509 -0.00382138817784509
1300 -0.00044372371138862 0.002839384416754235 -0.002839384416754235
1301 -0.0005274474227760405 0.003518768833509725 -0.003518768833509725
1302 0 0.003172050808342769 -0.001959999998654514
1303 0 0.004184101616688416 -0.002479999997308453
1304 0 0.003371851652989697 -0.0009976380886570413
1305 0 0.004583703305982964 -0.001275276177312977
1306 0 0.002666025404171385 -0.001699999999328238
1307 0 0.003013132185356944 -0.002407106780512816
1308 0 0.003678076212515593 -0.002219999997981484
1309 0 0.003866264370716244 -0.003014213561026263
1310 0 0.004690127020862602 -0.002739999996636251
1311 0 0.002765925826494848 -0.0008588190443294456
1312 0 0.003271951230666233 -0.001478819043655778
1313 0 0.003977777479486331 -0.001136457132985009
1314 0 0.00438390246133569 -0.001877638087310715
1315 0 0.005189629132481045 -0.001414095221641382
1316 0 0.003405925826493099 -0.0004988190443285206
1317 0 0.00465185165298993 -0.0006376380886564885
1318 -0.0009976380917845931 0.003371851652151011 0
1319 -0.001275276183571771 0.004583703304305595 0
1320 -0.001960000001272379 0.003172050806829887 0
1321 -0.002480000002547974 0.004184101613662648 0
1322 -0.0008588190458913766 0.002765925826075506 0
1323 -0.0004988190458922965 0.003405925826073756 0
1324 -0.001136457137678182 0.003977777478228302 0
1325 -0.0006376380917858854 0.004651851652151245 0
1326 -0.001414095229465797 0.005189629130384333 0
1327 -0.001700000000635276 0.002666025403414944 0
1328 -0.001478819046528486 0.003271951229490449 0
1329 -0.002220000001910176 0.003678076210246268 0
1330 -0.001877638093059872 0.004383902458984122 0
1331 -0.002740000003186599 0.004690127017080393 0
1332 -0.002407106781821748 0.003013132184600502 0
1333 -0.003014213563646023 0.00386626436920336 0
1334 -0.002824555270816865 0.002824555270816865 -0.0008874474249528968
1335 -0.003489110541634402 0.003489110541634402 -0.001054894849907084
1336 -0.002736824358831554 0.002736824358831554 -0.001757805217257022
1337 -0.003313648717662621 0.003313648717662621 -0.002075610434514775
1338 -0.002492277635408433 0.002492277635408433 -0.0008037237124755284
1339 -0.002839384416593991 0.002839384416593991 -0.0004437237124764484
1340 -0.003156832906225634 0.003156832906225634 -0.0009711711374299906
1341 -0.003518768833189237 0.003518768833189237 -0.0005274474249535422
1342 -0.003821388177043872 0.003821388177043871 -0.001138618562384104
1343 -0.002448412179415777 0.002448412179415777 -0.001598902608627597
1344 -0.00278068981482421 0.00278068981482421 -0.001322626321104959
1345 -0.003025236538247088 0.003025236538247088 -0.001916707825885898
1346 -0.003401379629648512 0.003401379629648512 -0.001565252642210929
1347 -0.00360206089707839 0.00360206089707839 -0.002234513043143491
1348 -0.002665762448606038 0.002665762448606038 -0.002176252877818772
1349 -0.003171524897211014 0.003171524897211014 -0.002552505755637091
1350 -0.001512147740407813 0.005605962756825825 0.001512147737577692
1351 -0.001399449881328742 0.0050424384001398 0.00293519249972545
1352 -0.002935192502566767 0.005042438399943141 0.001399449876077985
1353 -0.002728027151156071 0.004595186150142845 0.002728027145775981
1354 -0.0007622532344149329 0.005747329475699656 0.00154504818836756
1355 -0.00154512720607253 0.005747321450381326 0.0007621535691979516
1356 -0.0007046013326139508 0.005154971845931284 0.002988277468665594
1357 -0.001467853300333987 0.005368282091962404 0.002242086989796417
1358 -0.001321519933156811 0.004635315987667908 0.003573154175338575
1359 -0.002242177734600924 0.005368570765858731 0.001466658425955699
1360 -0.002988503446480251 0.005154890172519238 0.0007042403422413628
1361 -0.002078764648016004 0.004853740691407081 0.002849550638037161
1362 -0.002851562041463647 0.004852766806316176 0.002078280117597138
1363 -0.002578327260153025 0.004272000559055198 0.003332002365392898
1364 -0.003576079578010432 0.004634011374854439 0.001318178071982838
1365 -0.00333503017345848 0.004271548212360227 0.002575160113780042
1366 0 0.003371851652151011 0.0009976380917845931
1367 0 0.004583703304305595 0.001275276183571771
1368 0 0.003172050806829887 0.001960000001272379
1369 0 0.004184101613662648 0.002480000002547974
1370 0 0.002765925826075506 0.0008588190458913766
1371 0 0.003405925826073756 0.0004988190458922965
1372 0 0.003977777478228302 0.001136457137678182
1373 0 0.004651851652151245 0.0006376380917858854
1374 0 0.005189629130384333 0.001414095229465797
1375 0 0.002666025403414944 0.001700000000635276
1376 0 0.003271951229490449 0.001478819046528486
1377 0 0.003678076210246268 0.002220000001910176
1378 0 0.004383902458984122 0.001877638093059872
1379 0 0.004690127017080393 0.002740000003186599
1380 0 0.003013132184600502 0.002407106781821748
1381 0 0.00386626436920336 0.003014213563646023
1382 -0.0008874474249520622 0.002824555270815952 0.002824555270815952
1383 -0.001054894849906421 0.003489110541633676 0.003489110541633676
1384 -0.001757805217255393 0.002736824358829862 0.002736824358829862
1385 -0.00207561043451348 0.003313648717661277 0.003313648717661277
1386 -0.0008037237124751111 0.002492277635407976 0.002492277635407976
1387 -0.0004437237124760311 0.002839384416593535 0.002839384416593535
1388 -0.0009711711374292415 0.003156832906224814 0.003156832906224814
1389 -0.0005274474249532104 0.003518768833188874 0.003518768833188874
1390 -0.001138618562383772 0.003821388177043509 0.003821388177043509
1391 -0.001598902608626783 0.002448412179414931 0.002448412179414931
1392 -0.001322626321103728 0.002780689814822907 0.002780689814822907
1393 -0.001916707825884436 0.003025236538245569 0.003025236538245569
1394 -0.001565252642209951 0.003401379629647476 0.003401379629647476
1395 -0.002234513043142844 0.003602060897077717 0.003602060897077717
1396 -0.002176252877816785 0.00266576244860402 0.00266576244860402
1397 -0.002552505755635511 0.00317152489720941 0.00317152489720941
1398 -0.002736824359438675 0.002736824359438675 0.001757805215278679
1399 -0.003313648718878902 0.003313648718878902 0.002075610430556262
1400 -0.00282455527113644 0.00282455527113644 0.000887447422776406
1401 -0.003489110542274652 0.003489110542274652 0.001054894845551418
1402 -0.002448412179719338 0.002448412179719338 0.001598902607640321
1403 -0.002665762448908426 0.002665762448908426 0.002176252876828428
1404 -0.003025236539158789 0.003025236539158789 0.00191670782291747
1405 -0.003171524897818223 0.003171524897818223 0.002552505753656902
1406 -0.003602060898599749 0.003602060898599749 0.002234513038195374
1407 -0.00249227763556822 0.00249227763556822 0.0008037237113891281
1408 -0.002780689815287557 0.002780689815287557 0.001322626319027542
1409 -0.003156832906705546 0.003156832906705546 0.000971171134163912
1410 -0.003401379630576777 0.003401379630576777 0.00156525263805384
1411 -0.003821388177844728 0.003821388177844728 0.001138618556939096
1412 -0.002839384416753779 0.002839384416753779 0.000443723711388203
1413 -0.003518768833509362 0.003518768833509362 0.000527447422775709
1414 0.001399449879044696 0.005042438403609054 -0.002935192494854529
1415 0.001512147734584755 0.005605962759967238 -0.001512147731754635
1416 0.002728027149258892 0.004595186152395445 -0.002728027143878802
1417 0.002935192497695845 0.005042438403412395 -0.00139944987379394
1418 0.001321519930184419 0.004635315988713019 -0.003573154175082124
1419 0.000704601331424015 0.005154971850628097 -0.002988277460843859
1420 0.00146785329427405 0.005368282095129785 -0.002242086986180013
1421 0.0007622532314930064 0.005747329478160677 -0.001545048180654498
1422 0.001545127201224585 0.005747321451840134 -0.0007621535680255496
1423 0.002578327257882273 0.004272000560136969 -0.00333200236576307
1424 0.00207876464602017 0.00485374069407621 -0.002849550634946711
1425 0.002851562038378167 0.00485276680924728 -0.002078280114986552
1426 0.002242183317348032 0.0053685796215106 -0.001466617475317699
1427 0.002988503437934186 0.00515489017741646 -0.0007042403426606839
1428 0.003335030172643863 0.004271548213498339 -0.002575160112947189
1429 0.003576079575821831 0.004634011376827704 -0.001318178070983335
1430 0.0008874474249520622 0.002824555270815952 -0.002824555270815952
1431 0.001054894849906421 0.003489110541633676 -0.003489110541633676
1432 0.001757805217255393 0.002736824358829862 -0.002736824358829862
1433 0.00207561043451348 0.003313648717661277 -0.003313648717661277
1434 0.0008037237124751111 0.002492277635407976 -0.002492277635407976
1435 0.0004437237124760311 0.002839384416593535 -0.002839384416593535
1436 0.0009711711374292415 0.003156832906224814 -0.003156832906224814
1437 0.0005274474249532104 0.003518768833188874 -0.003518768833188874
1438 0.001138618562383772 0.003821388177043509 -0.003821388177043509
1439 0.001598902608626783 0.002448412179414931 -0.002448412179414931
1440 0.001322626321103728 0.002780689814822907 -0.002780689814822907
1441 0.001916707825884436 0.003025236538245569 -0.003025236538245569
1442 0.001565252642209951 0.003401379629647476 -0.003401379629647476
1443 0.002234513043142844 0.003602060897077717 -0.003602060897077717
1444 0.002176252877816785 0.00266576244860402 -0.00266576244860402
1445 0.002552505755635511 0.00317152489720941 -0.00317152489720941
1446 0.002736824359438674 0.002736824359438674 -0.001757805215278679
1447 0.003313648718878901 0.003313648718878901 -0.002075610430556262
1448 0.00282455527113644 0.002824555271136439 -0.000887447422776406
1449 0.003489110542274651 0.003489110542274651 -0.001054894845551418
1450 0.002448412179719337 0.002448412179719337 -0.001598902607640321
1451 0.002665762448908426 0.002665762448908426 -0.002176252876828428
1452 0.003025236539158788 0.003025236539158787 -0.00191670782291747
1453 0.003171524897818222 0.003171524897818221 -0.002552505753656902
1454 0.003602060898599749 0.003602060898599748 -0.002234513038195374
1455 0.00249227763556822 0.00249227763556822 -0.0008037237113891281
1456 0.002780689815287557 0.002780689815287557 -0.001322626319027542
1457 0.003156832906705545 0.003156832906705544 -0.000971171134163912
1458 0.003401379630576777 0.003401379630576776 -0.00156525263805384
1459 0.003821388177844728 0.003821388177844727 -0.001138618556939096
1460 0.002839384416753779 0.002839384416753778 -0.000443723711388203
1461 0.003518768833509362 0.003518768833509362 -0.000527447422775709
1462 0.001959999998654514 0.003172050808342769 0
1463 0.002479999997308453 0.004184101616688416 0
1464 0.0009976380886570413 0.003371851652989697 0
1465 0.001275276177312977 0.004583703305982964 0
1466 0.001699999999328238 0.002666025404171385 0
1467 0.002407106780512816 0.003013132185356944 0
1468 0.002219999997981484 0.003678076212515593 0
1469 0.003014213561026263 0.003866264370716244 0
1470 0.002739999996636251 0.004690127020862602 0
1471 0.0008588190443294456 0.002765925826494848 0
1472 0.001478819043655778 0.003271951230666233 0
1473 0.001136457132985009 0.003977777479486331 0
1474 0.001877638087310715 0.00438390246133569 0
1475 0.001414095221641382 0.005189629132481045 0
1476 0.0004988190443285206 0.003405925826493099 0
1477 0.0006376380886564885 0.00465185165298993 0
1478 0.002935192494571668 0.005042438402982819 0.001399449881894393
1479 0.002728027143349792 0.004595186151269148 0.002728027151685081
1480 0.001512147731435846 0.005605962758396532 0.001512147740726601
1481 0.001399449873228288 0.005042438400569378 0.002935192502849627
1482 0.003576079573862177 0.004634011376241952 0.001318178078358867
1483 0.00298850343962394 0.005154890175929462 0.0007042403463745839
1484 0.003335030168892441 0.004271548212202722 0.002575160119954678
1485 0.002851562032269824 0.004852766809112956 0.002078280123681323
1486 0.002578327251994772 0.004272000560899921 0.003332002369340672
1487 0.002242177726158026 0.005368570768496902 0.001466658429206133
1488 0.001545127198302164 0.005747321452278253 0.0007621535706464279
1489 0.002078763628547882 0.004853739399021363 0.002849553583109848
1490 0.00146785329225271 0.005368282092226472 0.00224208699445482
1491 0.00132151992365742 0.00463531598887061 0.003573154177291679
1492 0.0007622532317691868 0.005747329475677761 0.001545048189754294
1493 0.0007046013274046739 0.005154971846611386 0.002988277468720661
1494 0.002824555270815952 0.002824555270815952 0.0008874474249520622
1495 0.003489110541633676 0.003489110541633676 0.001054894849906421
1496 0.002736824358829862 0.002736824358829862 0.001757805217255393
1497 0.003313648717661277 0.003313648717661277 0.00207561043451348
1498 0.002492277635407976 0.002492277635407976 0.0008037237124751111
1499 0.002839384416593535 0.002839384416593535 0.0004437237124760311
1500 0.003156832906224814 0.003156832906224814 0.0009711711374292415
1501 0.003518768833188874 0.003518768833188874 0.0005274474249532104
1502 0.003821388177043509 0.003821388177043509 0.001138618562383772
1503 0.002448412179414931 0.002448412179414931 0.001598902608626783
1504 0.002780689814822907 0.002780689814822907 0.001322626321103728
1505 0.003025236538245569 0.003025236538245569 0.001916707825884436
1506 0.003401379629647476 0.003401379629647476 0.00156525264220995
1507 0.003602060897077717 0.003602060897077717 0.002234513043142843
1508 0.00266576244860402 0.00266576244860402 0.002176252877816785
1509 0.00317152489720941 0.00317152489720941 0.002552505755635511
1510 0.001757805215278679 0.002736824359438675 0.002736824359438675
1511 0.002075610430556262 0.003313648718878902 0.003313648718878902
1512 0.000887447422776406 0.00282455527113644 0.00282455527113644
1513 0.001054894845551418 0.003489110542274652 0.003489110542274652
1514 0.001598902607640321 0.002448412179719338 0.002448412179719338
1515 0.002176252876828428 0.002665762448908426 0.002665762448908426
1516 0.00191670782291747 0.003025236539158789 0.003025236539158789
1517 0.002552505753656902 0.003171524897818223 0.003171524897818223
1518 0.002234513038195374 0.003602060898599749 0.003602060898599749
1519 0.0008037237113891281 0.00249227763556822 0.00249227763556822
1520 0.001322626319027542 0.002780689815287557 0.002780689815287557
1521 0.000971171134163912 0.003156832906705546 0.003156832906705546
1522 0.00156525263805384 0.003401379630576777 0.003401379630576777
1523 0.001138618556939096 0.003821388177844728 0.003821388177844728
1524 0.000443723711388203 0.002839384416753779 0.002839384416753779
1525 0.000527447422775709 0.003518768833509362 0.003518768833509362
1526 -0.002728027148729883 -0.004595186151269147 -0.002728027146304992
1527 -0.001399449878479045 -0.005042438400766038 -0.002935192500008311
1528 -0.002935192497412984 -0.005042438402786161 -0.001399449876643636
1529 -0.001512147734265967 -0.005605962758396532 -0.001512147737896482
1530 -0.003335030172336163 -0.004271548213041525 -0.00257516011410343
1531 -0.002578327257959661 -0.004272000558768498 -0.003332002367457722
1532 -0.002078763633900923 -0.004853739399310743 -0.00284955357871187
1533 -0.001321519931859657 -0.004635315986930343 -0.003573154176775142
1534 -0.0007046013319187011 -0.005154971846040094 -0.002988277468641823
1535 -0.003576079575656721 -0.004634011376573433 -0.001318178072325153
1536 -0.002851562037222466 -0.004852766808660643 -0.002078280117942061
1537 -0.002242177729203773 -0.005368570768441803 -0.001466658424751587
1538 -0.001467853295525434 -0.005368282092963683 -0.002242086990547107
1539 -0.000762253233291185 -0.005747329476122861 -0.001545048187347711
1540 -0.002988503439236239 -0.00515489017671816 -0.000704240342246734
1541 -0.001545127198500765 -0.005747321452537265 -0.0007621535682906257
1542 -0.001054894849906488 -0.003489110541636273 -0.003489110541636273
1543 -0.0008874474249521268 -0.00282455527081845 -0.00282455527081845
1544 -0.002075610434513563 -0.003313648717662655 -0.003313648717662655
1545 -0.001757805217255473 -0.002736824358831188 -0.002736824358831188
1546 -0.0005274474249532438 -0.003518768833191994 -0.003518768833191994
1547 -0.001138618562383805 -0.003821388177044807 -0.003821388177044807
1548 -0.0004437237124760634 -0.002839384416596535 -0.002839384416596535
1549 -0.0009711711374293072 -0.003156832906227362 -0.003156832906227362
1550 -0.0008037237124751434 -0.002492277635409225 -0.002492277635409225
1551 -0.001565252642210025 -0.003401379629649464 -0.003401379629649464
1552 -0.002234513043142885 -0.003602060897078407 -0.003602060897078407
1553 -0.0013226263211038 -0.002780689814824819 -0.002780689814824819
1554 -0.001916707825884518 -0.003025236538246922 -0.003025236538246922
1555 -0.001598902608626823 -0.002448412179415594 -0.002448412179415594
1556 -0.002552505755635552 -0.003171524897210099 -0.003171524897210099
1557 -0.002176252877816825 -0.002665762448604683 -0.002665762448604683
1558 0 -0.004583703304311386 -0.001275276183573212
1559 0 -0.003371851652157377 -0.0009976380917860012
1560 0 -0.004184101613667652 -0.002480000002550683
1561 0 -0.003172050806835128 -0.001960000001275011
1562 0 -0.004651851652157105 -0.000637638091786606
1563 0 -0.005189629130387228 -0.001414095229466517
1564 0 -0.003405925826080341 -0.0004988190458930006
1565 0 -0.003977777478234381 -0.001136457137679607
1566 0 -0.002765925826078689 -0.0008588190458920806
1567 0 -0.004383902458989519 -0.001877638093061948
1568 0 -0.004690127017082895 -0.002740000003187953
1569 0 -0.003271951229496252 -0.001478819046530506
1570 0 -0.00367807621025139 -0.002220000001912847
1571 0 -0.002666025403417564 -0.001700000000636592
1572 0 -0.003866264369207683 -0.003014213563649198
1573 0 -0.003013132184604874 -0.002407106781824816
1574 -0.002479999997311162 -0.004184101616693421 0
1575 -0.001959999998657146 -0.003172050808348011 0
1576 -0.001275276177314418 -0.004583703305988755 0
1577 -0.000997638088658449 -0.003371851652996061 0
1578 -0.003014213561029438 -0.003866264370720568 0
1579 -0.002739999996637605 -0.004690127020865105 0
1580 -0.002407106780515883 -0.003013132185361316 0
1581 -0.002219999997984154 -0.003678076212520716 0
1582 -0.001699999999329554 -0.002666025404174005 0
1583 -0.00187763808731279 -0.004383902461341088 0
1584 -0.001414095221642102 -0.00518962913248394 0
1585 -0.001478819043657798 -0.003271951230672036 0
1586 -0.001136457132986434 -0.003977777479492408 0
1587 -0.0008588190443301495 -0.00276592582649803 0
1588 -0.0006376380886572089 -0.00465185165299579 0
1589 -0.0004988190443292245 -0.003405925826499684 0
1590 -0.003313648718880281 -0.003313648718880281 -0.002075610430556345
1591 -0.00273682435944 -0.00273682435944 -0.001757805215278759
1592 -0.003489110542277247 -0.003489110542277247 -0.001054894845551485
1593 -0.002824555271138936 -0.002824555271138936 -0.0008874474227764701
1594 -0.003171524897818911 -0.003171524897818911 -0.002552505753656944
1595 -0.003602060898600437 -0.003602060898600437 -0.002234513038195415
1596 -0.002665762448909088 -0.002665762448909088 -0.002176252876828468
1597 -0.00302523653916014 -0.00302523653916014 -0.001916707822917552
1598 -0.002448412179719999 -0.002448412179719999 -0.00159890260764036
1599 -0.003401379630578764 -0.003401379630578764 -0.001565252638053915
1600 -0.003821388177846025 -0.003821388177846025 -0.001138618556939129
1601 -0.002780689815289468 -0.002780689815289468 -0.001322626319027615
1602 -0.003156832906708092 -0.003156832906708092 -0.0009711711341639776
1603 -0.002492277635569468 -0.002492277635569468 -0.00080372371138916
1604 -0.00351876883351248 -0.00351876883351248 -0.0005274474227757426
1605 -0.002839384416756778 -0.002839384416756778 -0.000443723711388235
1606 -0.002935192494854529 -0.005042438403609055 0.001399449879044696
1607 -0.001512147731754635 -0.005605962759967238 0.001512147734584755
1608 -0.002728027143878802 -0.004595186152395445 0.002728027149258892
1609 -0.00139944987379394 -0.005042438403412395 0.002935192497695845
1610 -0.003576079574027289 -0.004634011376496223 0.001318178077017049
1611 -0.002988503439040419 -0.005154890176620371 0.0007042403437934906
1612 -0.002242177726983278 -0.005368570769161727 0.00146665842551098
1613 -0.001545127196525251 -0.005747321453361117 0.0007621535660830173
1614 -0.0007622532317537843 -0.005747329478156577 0.001545048180541096
1615 -0.003335030169200145 -0.004271548212659535 0.002575160118798434
1616 -0.002851562034970117 -0.004852766809545972 0.002078280118965223
1617 -0.002078763629172066 -0.004853739401286823 0.002849553578795669
1618 -0.001467853291247232 -0.005368282094681823 0.002242086989234179
1619 -0.0007046013290768678 -0.005154971848988855 0.002988277464225089
1620 -0.002578327253204829 -0.004272000560598045 0.003332002368791359
1621 -0.001321519925441003 -0.004635315990013397 0.00357315417514953
1622 0 -0.004184101616693421 0.002479999997311162
1623 0 -0.003172050808348011 0.001959999998657146
1624 0 -0.004583703305988755 0.001275276177314418
1625 0 -0.003371851652996061 0.000997638088658449
1626 0 -0.003866264370720568 0.003014213561029438
1627 0 -0.004690127020865105 0.002739999996637605
1628 0 -0.003013132185361316 0.002407106780515883
1629 0 -0.003678076212520716 0.002219999997984154
1630 0 -0.002666025404174005 0.001699999999329554
1631 0 -0.004383902461341088 0.00187763808731279
1632 0 -0.00518962913248394 0.001414095221642102
1633 0 -0.003271951230672036 0.001478819043657798
1634 0 -0.003977777479492408 0.001136457132986434
1635 0 -0.00276592582649803 0.0008588190443301495
1636 0 -0.00465185165299579 0.0006376380886572089
1637 0 -0.003405925826499684 0.0004988190443292245
1638 -0.00207561043055764 -0.003313648718881627 0.003313648718881627
1639 -0.001757805215280387 -0.002736824359441693 0.002736824359441693
1640 -0.001054894845552148 -0.003489110542277974 0.003489110542277974
1641 -0.0008874474227773045 -0.00282455527113985 0.00282455527113985
1642 -0.002552505753658524 -0.003171524897820516 0.003171524897820516
1643 -0.002234513038196063 -0.003602060898601111 0.003602060898601111
1644 -0.002176252876830455 -0.002665762448911108 0.002665762448911108
1645 -0.001916707822919014 -0.00302523653916166 0.00302523653916166
1646 -0.001598902607641175 -0.002448412179720846 0.002448412179720846
1647 -0.001565252638054894 -0.003401379630579801 0.003401379630579801
1648 -0.001138618556939461 -0.003821388177846388 0.003821388177846388
1649 -0.001322626319028846 -0.002780689815290772 0.002780689815290772
1650 -0.0009711711341647263 -0.003156832906708912 0.003156832906708912
1651 -0.0008037237113895772 -0.002492277635569925 0.002492277635569925
1652 -0.000527447422776074 -0.003518768833512844 0.003518768833512844
1653 -0.0004437237113886522 -0.002839384416757235 0.002839384416757235
1654 -0.003489110541637 -0.003489110541637 0.001054894849907151
1655 -0.002824555270819365 -0.002824555270819365 0.0008874474249529613
1656 -0.003313648717664001 -0.003313648717664001 0.002075610434514858
1657 -0.002736824358832881 -0.002736824358832881 0.001757805217257102
1658 -0.003518768833192357 -0.003518768833192357 0.0005274474249535757
1659 -0.003821388177045171 -0.003821388177045171 0.001138618562384137
1660 -0.002839384416596993 -0.002839384416596993 0.0004437237124764806
1661 -0.003156832906228182 -0.003156832906228182 0.0009711711374300563
1662 -0.002492277635409683 -0.002492277635409683 0.0008037237124755606
1663 -0.0034013796296505 -0.0034013796296505 0.001565252642211004
1664 -0.00360206089707908 -0.00360206089707908 0.002234513043143532
1665 -0.002780689814826123 -0.002780689814826123 0.001322626321105031
1666 -0.003025236538248441 -0.003025236538248441 0.00191670782588598
1667 -0.002448412179416441 -0.002448412179416441 0.001598902608627637
1668 -0.003171524897211704 -0.003171524897211704 0.002552505755637132
1669 -0.002665762448606702 -0.002665762448606702 0.002176252877818812
1670 0.001512147737577692 -0.005605962756825825 -0.001512147740407813
1671 0.00293519249972545 -0.0050424384001398 -0.001399449881328742
1672 0.001399449876077985 -0.005042438399943141 -0.002935192502566767
1673 0.002728027145775981 -0.004595186150142845 -0.002728027151156071
1674 0.001545127205833131 -0.005747321450278882 -0.0007621535704558067
1675 0.000762253234883415 -0.005747329475875751 -0.001545048187481383
1676 0.002988503444998777 -0.005154890172860378 -0.0007042403460310502
1677 0.00224217773183314 -0.005368570766175804 -0.001466658429026376
1678 0.003576079576215887 -0.00463401137452296 -0.001318178078016552
1679 0.001467853295338902 -0.005368282091397494 -0.002242086994419185
1680 0.0007046013304480786 -0.005154971845527317 -0.00298827746987315
1681 0.002851562037691512 -0.004852766806892178 -0.00207828012142784
1682 0.002078764642698071 -0.004853740691081568 -0.002849550642471083
1683 0.003335030170014759 -0.004271548211521425 -0.00257516011963129
1684 0.001321519924824219 -0.004635315988099268 -0.003573154177860772
1685 0.002578327253447063 -0.004272000559594222 -0.003332002369890929
1686 0.00207561043055764 -0.003313648718881627 -0.003313648718881627
1687 0.001757805215280387 -0.002736824359441693 -0.002736824359441693
1688 0.001054894845552148 -0.003489110542277974 -0.003489110542277974
1689 0.0008874474227773045 -0.00282455527113985 -0.00282455527113985
1690 0.002552505753658524 -0.003171524897820516 -0.003171524897820516
1691 0.002234513038196063 -0.003602060898601111 -0.003602060898601111
1692 0.002176252876830455 -0.002665762448911108 -0.002665762448911108
1693 0.001916707822919014 -0.00302523653916166 -0.00302523653916166
1694 0.001598902607641175 -0.002448412179720846 -0.002448412179720846
1695 0.001565252638054894 -0.003401379630579801 -0.003401379630579801
1696 0.001138618556939461 -0.003821388177846388 -0.003821388177846388
1697 0.001322626319028846 -0.002780689815290772 -0.002780689815290772
1698 0.0009711711341647263 -0.003156832906708912 -0.003156832906708912
1699 0.0008037237113895772 -0.002492277635569925 -0.002492277635569925
1700 0.000527447422776074 -0.003518768833512844 -0.003518768833512844
1701 0.0004437237113886522 -0.002839384416757235 -0.002839384416757235
1702 0.003489110541637 -0.003489110541637 -0.001054894849907151
1703 0.002824555270819365 -0.002824555270819365 -0.0008874474249529613
1704 0.003313648717664001 -0.003313648717664001 -0.002075610434514858
1705 0.002736824358832881 -0.002736824358832881 -0.001757805217257102
1706 0.003518768833192357 -0.003518768833192357 -0.0005274474249535757
1707 0.003821388177045171 -0.003821388177045171 -0.001138618562384137
1708 0.002839384416596993 -0.002839384416596993 -0.0004437237124764806
1709 0.003156832906228182 -0.003156832906228182 -0.0009711711374300563
1710 0.002492277635409683 -0.002492277635409683 -0.0008037237124755606
1711 0.0034013796296505 -0.0034013796296505 -0.001565252642211004
1712 0.00360206089707908 -0.00360206089707908 -0.002234513043143532
1713 0.002780689814826123 -0.002780689814826123 -0.001322626321105031
1714 0.003025236538248441 -0.003025236538248441 -0.00191670782588598
1715 0.002448412179416441 -0.002448412179416441 -0.001598902608627637
1716 0.003171524897211704 -0.003171524897211704 -0.002552505755637132
1717 0.002665762448606702 -0.002665762448606702 -0.002176252877818812
1718 0.001275276183573212 -0.004583703304311386 0
1719 0.0009976380917860012 -0.003371851652157377 0
1720 0.002480000002550683 -0.004184101613667652 0
1721 0.001960000001275011 -0.003172050806835128 0
1722 0.000637638091786606 -0.004651851652157105 0
1723 0.001414095229466517 -0.005189629130387228 0
1724 0.0004988190458930006 -0.003405925826080341 0
1725 0.001136457137679607 -0.003977777478234381 0
1726 0.0008588190458920806 -0.002765925826078689 0
1727 0.001877638093061948 -0.004383902458989519 0
1728 0.002740000003187953 -0.004690127017082895 0
1729 0.001478819046530506 -0.003271951229496252 0
1730 0.002220000001912847 -0.00367807621025139 0
1731 0.001700000000636592 -0.002666025403417564 0
1732 0.003014213563649198 -0.003866264369207683 0
1733 0.002407106781824816 -0.003013132184604874 0
1734 0.001399449881894393 -0.005042438402982819 0.002935192494571668
1735 0.002728027151685083 -0.004595186151269147 0.002728027143349792
1736 0.001512147740726601 -0.005605962758396532 0.001512147731435846
1737 0.002935192502849628 -0.005042438400569378 0.001399449873228288
1738 0.001321519931331488 -0.004635315990186174 0.003573154172746816
1739 0.0007046013332519623 -0.005154971850123291 0.002988277461283676
1740 0.002578327258619253 -0.004272000560821142 0.003332002364315603
1741 0.00207876363717558 -0.004853739400340983 0.002849553574568148
1742 0.003335030173766186 -0.004271548212817043 0.002575160112623797
1743 0.001467853300783325 -0.005368282094336146 0.002242086983818741
1744 0.0007622532355413382 -0.005747329478097402 0.001545048178892621
1745 0.002851562041153613 -0.004852766808416269 0.00207828011311883
1746 0.002242183322724057 -0.005368579619300762 0.00146661747518792
1747 0.003576079578175542 -0.004634011375108713 0.001318178070641021
1748 0.001545127203120665 -0.005747321452051608 0.0007621535625869007
1749 0.002988503443869153 -0.005154890174317508 0.0007042403401588256
1750 0.003313648718881627 -0.003313648718881627 0.00207561043055764
1751 0.002736824359441693 -0.002736824359441693 0.001757805215280387
1752 0.003489110542277974 -0.003489110542277974 0.001054894845552148
1753 0.00282455527113985 -0.00282455527113985 0.0008874474227773045
1754 0.003171524897820516 -0.003171524897820516 0.002552505753658524
1755 0.003602060898601111 -0.003602060898601111 0.002234513038196063
1756 0.002665762448911108 -0.002665762448911108 0.002176252876830455
1757 0.00302523653916166 -0.00302523653916166 0.001916707822919014
1758 0.002448412179720846 -0.002448412179720846 0.001598902607641175
1759 0.003401379630579801 -0.003401379630579801 0.001565252638054894
1760 0.003821388177846388 -0.003821388177846388 0.001138618556939461
1761 0.002780689815290772 -0.002780689815290772 0.001322626319028846
1762 0.003156832906708912 -0.003156832906708912 0.0009711711341647263
1763 0.002492277635569925 -0.002492277635569925 0.0008037237113895772
1764 0.003518768833512844 -0.003518768833512844 0.000527447422776074
1765 0.002839384416757235 -0.002839384416757235 0.0004437237113886522
1766 0.001054894849907151 -0.003489110541637 0.003489110541637
1767 0.0008874474249529613 -0.002824555270819365 0.002824555270819365
1768 0.002075610434514858 -0.003313648717664001 0.003313648717664001
1769 0.001757805217257102 -0.002736824358832882 0.002736824358832882
1770 0.0005274474249535755 -0.003518768833192357 0.003518768833192357
1771 0.001138618562384137 -0.003821388177045171 0.003821388177045171
1772 0.0004437237124764806 -0.002839384416596993 0.002839384416596993
1773 0.0009711711374300561 -0.003156832906228182 0.003156832906228182
1774 0.0008037237124755606 -0.002492277635409683 0.002492277635409683
1775 0.001565252642211004 -0.0034013796296505 0.0034013796296505
1776 0.002234513043143533 -0.00360206089707908 0.00360206089707908
1777 0.001322626321105031 -0.002780689814826124 0.002780689814826124
1778 0.00191670782588598 -0.003025236538248441 0.003025236538248441
1779 0.001598902608627637 -0.002448412179416441 0.002448412179416441
1780 0.002552505755637132 -0.003171524897211704 0.003171524897211704
1781 0.002176252877818812 -0.002665762448606702 0.002665762448606702
1782 -0.002728027146304992 -0.002728027148729883 0.004595186151269147
1783 -0.002935192500008311 -0.001399449878479045 0.005042438400766038
1784 -0.001399449876643636 -0.002935192497412984 0.005042438402786161
1785 -0.001512147737896482 -0.001512147734265967 0.005605962758396532
1786 -0.002578327253734168 -0.003332002369743022 0.004272000559536307
1787 -0.003335030170322467 -0.002575160118475044 0.004271548211978241
1788 -0.002851562038239618 -0.00207828012003343 0.004852766807167284
1789 -0.003576079576381001 -0.001318178076674735 0.004634011374777233
1790 -0.002988503446917263 -0.0007042403465626746 0.005154890171675525
1791 -0.001321519926807178 -0.003573154176755632 0.004635315988385835
1792 -0.002078764643355855 -0.002849550638311093 0.004853740693242116
1793 -0.001467853296617999 -0.002242086987963564 0.005368282093743971
1794 -0.002242177732197084 -0.001466658426207433 0.005368570766793922
1795 -0.001545127206044218 -0.0007621535681755738 0.005747321450524517
1796 -0.0007046013299772771 -0.002988277462843564 0.00515497184966664
1797 -0.0007622532342918711 -0.001545048181569945 0.005747329477543374
1798 0 -0.001959999998656974 0.003172050808345375
1799 0 -0.002479999997311012 0.004184101616691123
1800 0 -0.00099763808865831 0.003371851652991142
1801 0 -0.001275276177314297 0.004583703305984468
1802 0 -0.001699999999329468 0.002666025404172687
1803 0 -0.002407106780515797 0.003013132185359997
1804 0 -0.002219999997983993 0.003678076212518248
1805 0 -0.003014213561029363 0.003866264370719419
1806 0 -0.00273999999663753 0.004690127020863956
1807 0 -0.00085881904433008 0.002765925826495571
1808 0 -0.001478819043657642 0.003271951230668258
1809 0 -0.001136457132986303 0.003977777479487805
1810 0 -0.001877638087312654 0.004383902461337796
1811 0 -0.001414095221642042 0.005189629132481797
1812 0 -0.000498819044329155 0.003405925826493821
1813 0 -0.0006376380886571484 0.004651851652990682
1814 -0.0009976380917845931 0 0.003371851652151011
1815 -0.001275276183571771 0 0.004583703304305595
1816 -0.001960000001272379 0 0.003172050806829887
1817 -0.002480000002547974 0 0.004184101613662648
1818 -0.0008588190458913766 0 0.002765925826075506
1819 -0.0004988190458922965 0 0.003405925826073756
1820 -0.001136457137678182 0 0.003977777478228302
1821 -0.0006376380917858854 0 0.004651851652151245
1822 -0.001414095229465797 0 0.005189629130384333
1823 -0.001700000000635276 0 0.002666025403414944
1824 -0.001478819046528486 0 0.003271951229490449
1825 -0.002220000001910176 0 0.003678076210246268
1826 -0.001877638093059872 0 0.004383902458984122
1827 -0.002740000003186599 0 0.004690127017080393
1828 -0.002407106781821748 0 0.003013132184600502
1829 -0.003014213563646023 0 0.00386626436920336
1830 -0.002736824358831554 -0.001757805217259548 0.002736824358831554
1831 -0.003313648717662621 -0.002075610434516038 0.003313648717662621
1832 -0.002824555270816867 -0.0008874474249553568 0.002824555270816867
1833 -0.003489110541634403 -0.001054894849908314 0.003489110541634403
1834 -0.002665762448606038 -0.002176252877820035 0.002665762448606038
1835 -0.002448412179415777 -0.001598902608630755 0.002448412179415777
1836 -0.003171524897211014 -0.002552505755637722 0.003171524897211014
1837 -0.003025236538247089 -0.001916707825887793 0.003025236538247089
1838 -0.00360206089707839 -0.002234513043144122 0.00360206089707839
1839 -0.00278068981482421 -0.001322626321107452 0.00278068981482421
1840 -0.002492277635408433 -0.0008037237124786034 0.002492277635408433
1841 -0.003401379629648512 -0.001565252642212176 0.003401379629648513
1842 -0.003156832906225635 -0.0009711711374318355 0.003156832906225635
1843 -0.003821388177043872 -0.001138618562384718 0.003821388177043872
1844 -0.002839384416593992 -0.0004437237124776784 0.002839384416593992
1845 -0.003518768833189237 -0.0005274474249541572 0.003518768833189237
1846 -0.001512147740407813 0.001512147737577692 0.005605962756825825
1847 -0.001399449881328742 0.00293519249972545 0.0050424384001398
1848 -0.002935192502566767 0.001399449876077985 0.005042438399943141
1849 -0.002728027151156071 0.002728027145775981 0.004595186150142845
1850 -0.0007622532342844596 0.001545048188220799 0.005747329475756414
1851 -0.001545127205367697 0.0007621535686145449 0.005747321450648181
1852 -0.0007046013332001593 0.002988277468349545 0.005154971846034369
1853 -0.001467853300926277 0.002242086990015664 0.005368282091708885
1854 -0.001321519933156811 0.003573154175338575 0.004635315987667908
1855 -0.002242177734696189 0.001466658427316775 0.005368570765447107
1856 -0.002988503446673276 0.000704240342392645 0.005154890172386665
1857 -0.002078763636460207 0.002849553578267472 0.004853739398475547
1858 -0.002851562041463647 0.002078280117597138 0.004852766806316176
1859 -0.002578327260451116 0.003332002365587907 0.004272000558723187
1860 -0.003576079578010432 0.001318178071982838 0.004634011374854439
1861 -0.003335030173458482 0.00257516011378004 0.004271548212360226
1862 0 0.0009976380917845931 0.003371851652151011
1863 0 0.001275276183571771 0.004583703304305595
1864 0 0.001960000001272379 0.003172050806829887
1865 0 0.002480000002547974 0.004184101613662648
1866 0 0.0008588190458913766 0.002765925826075506
1867 0 0.0004988190458922965 0.003405925826073756
1868 0 0.001136457137678182 0.003977777478228302
1869 0 0.0006376380917858854 0.004651851652151245
1870 0 0.001414095229465797 0.005189629130384333
1871 0 0.001700000000635276 0.002666025403414944
1872 0 0.001478819046528486 0.003271951229490449
1873 0 0.002220000001910176 0.003678076210246268
1874 0 0.001877638093059872 0.004383902458984122
1875 0 0.002740000003186599 0.004690127017080393
1876 0 0.002407106781821748 0.003013132184600502
1877 0 0.003014213563646023 0.00386626436920336
1878 -0.00282455527113644 0.0008874474227739458 0.00282455527113644
1879 -0.003489110542274651 0.001054894845550188 0.003489110542274652
1880 -0.002736824359438674 0.001757805215276152 0.002736824359438674
1881 -0.003313648718878901 0.002075610430554999 0.003313648718878901
1882 -0.002839384416753778 0.0004437237113869729 0.002839384416753778
1883 -0.00249227763556822 0.0008037237113860529 0.00249227763556822
1884 -0.003518768833509362 0.0005274474227750939 0.003518768833509362
1885 -0.003156832906705546 0.0009711711341620668 0.003156832906705546
1886 -0.003821388177844727 0.00113861855693848 0.003821388177844727
1887 -0.002780689815287557 0.001322626319025049 0.002780689815287557
1888 -0.002448412179719337 0.001598902607637163 0.002448412179719337
1889 -0.003401379630576776 0.001565252638052593 0.003401379630576776
1890 -0.003025236539158788 0.001916707822915576 0.003025236539158789
1891 -0.003602060898599748 0.002234513038194742 0.003602060898599749
1892 -0.002665762448908426 0.002176252876827165 0.002665762448908426
1893 -0.003171524897818221 0.002552505753656271 0.003171524897818222
1894 0.001399449879044696 -0.002935192494854529 0.005042438403609055
1895 0.001512147734584755 -0.001512147731754635 0.005605962759967238
1896 0.002728027149258892 -0.002728027143878802 0.004595186152395445
1897 0.002935192497695845 -0.00139944987379394 0.005042438403412395
1898 0.001321519928774204 -0.003573154174838722 0.004635315989302695
1899 0.0007046013319058932 -0.002988277462342542 0.005154971849693464
1900 0.001467853296670428 -0.002242086984666408 0.005368282095106705
1901 0.0007622532324808559 -0.001545048179595888 0.005747329478314246
1902 0.001545127198856656 -0.0007621535676320941 0.005747321452528912
1903 0.002578327257882273 -0.00333200236576307 0.004272000560136969
1904 0.002078764645981235 -0.002849550634951152 0.004853740694090279
1905 0.002851562037093604 -0.00207828011611779 0.004852766809517637
1906 0.002242177729560787 -0.001466658421744548 0.005368570769114198
1907 0.00298850343974994 -0.0007042403424824869 0.005154890176388136
1908 0.003335030172643865 -0.002575160112947186 0.004271548213498339
1909 0.003576079575821831 -0.001318178070983335 0.004634011376827704
1910 0.002736824359440367 -0.001757805215280307 0.002736824359440367
1911 0.003313648718880247 -0.002075610430557557 0.003313648718880247
1912 0.002824555271137353 -0.0008874474227772401 0.002824555271137353
1913 0.003489110542275378 -0.001054894845552081 0.003489110542275378
1914 0.002448412179720183 -0.001598902607641135 0.002448412179720183
1915 0.002665762448910445 -0.002176252876830415 0.002665762448910444
1916 0.003025236539160307 -0.001916707822918932 0.003025236539160307
1917 0.003171524897819827 -0.002552505753658482 0.003171524897819827
1918 0.00360206089860042 -0.002234513038196021 0.003602060898600421
1919 0.002492277635568676 -0.000803723711389545 0.002492277635568676
1920 0.00278068981528886 -0.001322626319028774 0.00278068981528886
1921 0.003156832906706365 -0.0009711711341646606 0.003156832906706365
1922 0.003401379630577813 -0.001565252638054819 0.003401379630577813
1923 0.00382138817784509 -0.001138618556939427 0.00382138817784509
1924 0.002839384416754235 -0.00044372371138862 0.002839384416754235
1925 0.003518768833509725 -0.0005274474227760405 0.003518768833509725
1926 0.001959999998654514 0 0.003172050808342769
1927 0.002479999997308453 0 0.004184101616688416
1928 0.0009976380886570413 0 0.003371851652989697
1929 0.001275276177312977 0 0.004583703305982964
1930 0.001699999999328238 0 0.002666025404171385
1931 0.002407106780512816 0 0.003013132185356944
1932 0.002219999997981484 0 0.003678076212515593
1933 0.003014213561026263 0 0.003866264370716244
1934 0.002739999996636251 0 0.004690127020862602
1935 0.0008588190443294456 0 0.002765925826494848
1936 0.001478819043655778 0 0.003271951230666233
1937 0.001136457132985009 0 0.003977777479486331
1938 0.001877638087310715 0 0.00438390246133569
1939 0.001414095221641382 0 0.005189629132481045
1940 0.0004988190443285206 0 0.003405925826493099
1941 0.0006376380886564885 0 0.00465185165298993
1942 0.002935192494571668 0.001399449881894393 0.005042438402982819
1943 0.002728027143349792 0.002728027151685083 0.004595186151269147
1944 0.001512147731435846 0.001512147740726601 0.005605962758396532
1945 0.001399449873228288 0.002935192502849628 0.005042438400569378
1946 0.003576079573862177 0.001318178078358867 0.004634011376241952
1947 0.002988503437824028 0.0007042403451338232 0.005154890177142453
1948 0.003335030168892439 0.002575160119954679 0.004271548212202722
1949 0.002851562032912261 0.002078280122748077 0.004852766809135128
1950 0.002578327249873017 0.003332002368954379 0.004272000562481781
1951 0.002242175029945554 0.001466678472140228 0.005368566418928713
1952 0.001545127196159982 0.0007621535686432005 0.005747321453119812
1953 0.0020787646400185 0.002849550642795353 0.004853740692038805
1954 0.001467853291567951 0.002242086992657326 0.005368282093164438
1955 0.001321519924626902 0.00357315417826052 0.004635315987847376
1956 0.0007622532291741401 0.001545048188006081 0.005747329476491906
1957 0.0007046013290701238 0.002988277470576815 0.005154971845307756
1958 0.002824555270815952 0.0008874474249520622 0.002824555270815952
1959 0.003489110541633676 0.001054894849906421 0.003489110541633676
1960 0.002736824358829862 0.001757805217255393 0.002736824358829862
1961 0.003313648717661277 0.00207561043451348 0.003313648717661277
1962 0.002492277635407976 0.0008037237124751111 0.002492277635407976
1963 0.002839384416593535 0.0004437237124760311 0.002839384416593535
1964 0.003156832906224814 0.0009711711374292415 0.003156832906224814
1965 0.003518768833188874 0.0005274474249532104 0.003518768833188874
1966 0.003821388177043509 0.001138618562383772 0.003821388177043509
1967 0.002448412179414931 0.001598902608626783 0.002448412179414931
1968 0.002780689814822907 0.001322626321103728 0.002780689814822907
1969 0.003025236538245569 0.001916707825884436 0.003025236538245569
1970 0.003401379629647476 0.001565252642209951 0.003401379629647476
1971 0.003602060897077717 0.002234513043142844 0.003602060897077717
1972 0.00266576244860402 0.002176252877816785 0.00266576244860402
1973 0.00317152489720941 0.002552505755635511 0.00317152489720941
1974 -0.002728027148729883 -0.002728027146304992 -0.004595186151269147
1975 -0.001399449878479045 -0.002935192500008311 -0.005042438400766038
1976 -0.002935192497412984 -0.001399449876643636 -0.005042438402786161
1977 -0.001512147734265967 -0.001512147737896482 -0.005605962758396532
1978 -0.003335030172336163 -0.00257516011410343 -0.004271548213041525
1979 -0.002578327257782822 -0.003332002367704812 -0.004272000558682507
1980 -0.002078763633901021 -0.002849553578711588 -0.004853739399310867
1981 -0.001321519931011758 -0.003573154177050544 -0.004635315986959782
1982 -0.0007046013319187011 -0.002988277468641823 -0.005154971846040094
1983 -0.003576079575656721 -0.001318178072325153 -0.004634011376573433
1984 -0.002851562037366655 -0.00207828011616961 -0.004852766809334997
1985 -0.002242177729224467 -0.001466658427079865 -0.00536857076779709
1986 -0.001467853295415995 -0.002242086990677858 -0.005368282092938999
1987 -0.0007622532332911972 -0.001545048187347702 -0.005747329476122863
1988 -0.002988503441200596 -0.0007042403440210884 -0.005154890175336935
1989 -0.001545127200706445 -0.0007621535701163142 -0.005747321451702178
1990 -0 -0.001275276183574442 -0.004583703304311387
1991 -0 -0.0009976380917884613 -0.003371851652157377
1992 -0 -0.002480000002551946 -0.004184101613667653
1993 -0 -0.001960000001277538 -0.003172050806835127
1994 -0 -0.0006376380917872211 -0.004651851652157106
1995 -0 -0.001414095229467133 -0.005189629130387229
1996 -0 -0.0004988190458942306 -0.003405925826080341
1997 -0 -0.001136457137681452 -0.003977777478234382
1998 -0 -0.0008588190458951557 -0.002765925826078689
1999 -0 -0.001877638093063194 -0.00438390245898952
2000 -0 -0.002740000003188585 -0.004690127017082896
2001 -0 -0.001478819046533 -0.003271951229496252
2002 -0 -0.002220000001914742 -0.00367807621025139
2003 -0 -0.00170000000063975 -0.002666025403417564
2004 -0 -0.00301421356364983 -0.003866264369207684
2005 -0 -0.002407106781826079 -0.003013132184604874
2006 -0.002479999997311162 0 -0.004184101616693421
2007 -0.001959999998657146 0 -0.003172050808348011
2008 -0.001275276177314418 0 -0.004583703305988755
2009 -0.000997638088658449 0 -0.003371851652996061
2010 -0.003014213561029438 0 -0.003866264370720568
2011 -0.002739999996637605 0 -0.004690127020865105
2012 -0.002407106780515883 0 -0.003013132185361316
2013 -0.002219999997984154 0 -0.003678076212520716
2014 -0.001699999999329554 0 -0.002666025404174005
2015 -0.00187763808731279 0 -0.004383902461341088
2016 -0.001414095221642102 0 -0.00518962913248394
2017 -0.001478819043657798 0 -0.003271951230672036
2018 -0.001136457132986434 0 -0.003977777479492408
2019 -0.0008588190443301495 0 -0.00276592582649803
2020 -0.0006376380886572089 0 -0.00465185165299579
2021 -0.0004988190443292245 0 -0.003405925826499684
2022 -0.003313648718880281 -0.002075610430555081 -0.003313648718880281
2023 -0.002736824359440002 -0.001757805215276232 -0.002736824359440002
2024 -0.003489110542277248 -0.001054894845550254 -0.003489110542277248
2025 -0.002824555271138937 -0.0008874474227740103 -0.002824555271138937
2026 -0.003171524897818912 -0.002552505753656311 -0.003171524897818912
2027 -0.003602060898600439 -0.002234513038194782 -0.003602060898600439
2028 -0.002665762448909089 -0.002176252876827204 -0.002665762448909089
2029 -0.003025236539160141 -0.001916707822915657 -0.003025236539160141
2030 -0.002448412179720001 -0.001598902607637202 -0.002448412179720001
2031 -0.003401379630578764 -0.001565252638052668 -0.003401379630578764
2032 -0.003821388177846026 -0.001138618556938513 -0.003821388177846026
2033 -0.002780689815289469 -0.001322626319025121 -0.002780689815289469
2034 -0.003156832906708092 -0.0009711711341621323 -0.003156832906708092
2035 -0.002492277635569469 -0.000803723711386085 -0.002492277635569469
2036 -0.003518768833512481 -0.0005274474227751271 -0.003518768833512481
2037 -0.002839384416756779 -0.0004437237113870052 -0.002839384416756779
2038 -0.002935192494854529 0.001399449879044696 -0.005042438403609055
2039 -0.001512147731754635 0.001512147734584755 -0.005605962759967238
2040 -0.002728027143878802 0.002728027149258892 -0.004595186152395445
2041 -0.00139944987379394 0.002935192497695845 -0.005042438403412395
2042 -0.003576079574027289 0.001318178077017049 -0.004634011376496223
2043 -0.002988503439663925 0.0007042403435654449 -0.005154890176290053
2044 -0.002242175031060505 0.001466678469340671 -0.005368566419227885
2045 -0.001545127198439626 0.0007621535676675849 -0.005747321452636321
2046 -0.0007622532315954508 0.001545048180255298 -0.005747329478254406
2047 -0.003335030169200145 0.002575160118798434 -0.004271548212659535
2048 -0.002851562034573247 0.002078280119632755 -0.004852766809493296
2049 -0.002078763629172062 0.002849553578795679 -0.004853739401286818
2050 -0.001467853291247232 0.002242086989234179 -0.005368282094681823
2051 -0.0007046013290768678 0.002988277464225089 -0.005154971848988855
2052 -0.002578327251420189 0.003332002371514807 -0.004272000559550959
2053 -0.001321519925423204 0.003573154175947614 -0.004635315989403266
2054 0 0.00247999999730734 -0.004184101616690714
2055 0 0.00195999999865216 -0.003172050808345409
2056 0 0.001275276177311868 -0.004583703305987251
2057 0 0.0009976380886547206 -0.003371851652994616
2058 0 0.003014213561025706 -0.003866264370717393
2059 0 0.002739999996635694 -0.004690127020863752
2060 0 0.002407106780511639 -0.003013132185358263
2061 0 0.00221999999797975 -0.003678076212518061
2062 0 0.001699999999325166 -0.002666025404172705
2063 0 0.001877638087309604 -0.004383902461338983
2064 0 0.001414095221640827 -0.005189629132483188
2065 0 0.00147881904365344 -0.003271951230670013
2066 0 0.001136457132983295 -0.003977777479490933
2067 0 0.0008588190443264403 -0.002765925826497308
2068 0 0.0006376380886559341 -0.004651851652995038
2069 0 0.0004988190443273603 -0.003405925826498961
2070 -0.003489110541637 0.001054894849908381 -0.003489110541637
2071 -0.002824555270819365 0.000887447424955421 -0.002824555270819365
2072 -0.003313648717664001 0.002075610434516121 -0.003313648717664001
2073 -0.002736824358832882 0.001757805217259628 -0.002736824358832882
2074 -0.003518768833192357 0.0005274474249541904 -0.003518768833192357
2075 -0.003821388177045171 0.001138618562384752 -0.003821388177045171
2076 -0.002839384416596992 0.0004437237124777105 -0.002839384416596992
2077 -0.003156832906228182 0.000971171137431901 -0.003156832906228182
2078 -0.002492277635409682 0.0008037237124786354 -0.002492277635409682
2079 -0.003401379629650501 0.001565252642212251 -0.003401379629650501
2080 -0.00360206089707908 0.002234513043144164 -0.00360206089707908
2081 -0.002780689814826123 0.001322626321107524 -0.002780689814826123
2082 -0.003025236538248441 0.001916707825887874 -0.003025236538248441
2083 -0.002448412179416441 0.001598902608630795 -0.002448412179416441
2084 -0.003171524897211704 0.002552505755637764 -0.003171524897211704
2085 -0.002665762448606702 0.002176252877820075 -0.002665762448606702
2086 0.001512147737577692 -0.001512147740407813 -0.005605962756825825
2087 0.00293519249972545 -0.001399449881328742 -0.0050424384001398
2088 0.001399449876077985 -0.002935192502566767 -0.005042438399943141
2089 0.002728027145775981 -0.002728027151156071 -0.004595186150142845
2090 0.001545127205202257 -0.0007621535699336175 -0.005747321450517736
2091 0.0007622532338270262 -0.001545048188434408 -0.005747329475759657
2092 0.002988503444928473 -0.0007042403472586075 -0.005154890172733431
2093 0.002242177731911897 -0.001466658430098229 -0.005368570765850089
2094 0.003576079576215887 -0.001318178078016552 -0.00463401137452296
2095 0.001467853295533106 -0.002242086993521213 -0.005368282091719435
2096 0.0007046013304480786 -0.00298827746987315 -0.005154971845527317
2097 0.002851562037873585 -0.002078280120455745 -0.004852766807201505
2098 0.002078764642698071 -0.002849550642471083 -0.004853740691081568
2099 0.003335030170014759 -0.00257516011963129 -0.004271548211521425
2100 0.001321519923406887 -0.00357315417926627 -0.004635315987419912
2101 0.00257832725137868 -0.003332002371092032 -0.004272000559905761
2102 0.003489110541637 -0.001054894849908381 -0.003489110541637
2103 0.002824555270819365 -0.000887447424955421 -0.002824555270819365
2104 0.003313648717664001 -0.002075610434516121 -0.003313648717664001
2105 0.002736824358832882 -0.001757805217259628 -0.002736824358832882
2106 0.003518768833192357 -0.0005274474249541904 -0.003518768833192357
2107 0.003821388177045171 -0.001138618562384752 -0.003821388177045171
2108 0.002839384416596992 -0.0004437237124777105 -0.002839384416596992
2109 0.003156832906228182 -0.000971171137431901 -0.003156832906228182
2110 0.002492277635409682 -0.0008037237124786354 -0.002492277635409682
2111 0.003401379629650501 -0.001565252642212251 -0.003401379629650501
2112 0.00360206089707908 -0.002234513043144164 -0.00360206089707908
2113 0.002780689814826123 -0.001322626321107524 -0.002780689814826123
2114 0.003025236538248441 -0.001916707825887874 -0.003025236538248441
2115 0.002448412179416441 -0.001598902608630795 -0.002448412179416441
2116 0.003171524897211704 -0.002552505755637764 -0.003171524897211704
2117 0.002665762448606702 -0.002176252877820075 -0.002665762448606702
2118 0.001275276183573212 0 -0.004583703304311386
2119 0.0009976380917860012 0 -0.003371851652157377
2120 0.002480000002550683 0 -0.004184101613667652
2121 0.001960000001275011 0 -0.003172050806835128
2122 0.000637638091786606 0 -0.004651851652157105
2123 0.001414095229466517 0 -0.005189629130387228
2124 0.0004988190458930006 0 -0.003405925826080341
2125 0.001136457137679607 0 -0.003977777478234381
2126 0.0008588190458920806 0 -0.002765925826078689
2127 0.001877638093061948 0 -0.004383902458989519
2128 0.002740000003187953 0 -0.004690127017082895
2129 0.001478819046530506 0 -0.003271951229496252
2130 0.002220000001912847 0 -0.00367807621025139
2131 0.001700000000636592 0 -0.002666025403417564
2132 0.003014213563649198 0 -0.003866264369207683
2133 0.002407106781824816 0 -0.003013132184604874
2134 0.001399449881894393 0.002935192494571668 -0.005042438402982819
2135 0.002728027151685083 0.002728027143349792 -0.004595186151269147
2136 0.001512147740726601 0.001512147731435846 -0.005605962758396532
2137 0.002935192502849628 0.001399449873228288 -0.005042438400569378
2138 0.001321519931331488 0.003573154172746816 -0.004635315990186174
2139 0.0007046013328307726 0.002988277461378343 -0.005154971850125984
2140 0.00257832725671769 0.003332002363411988 -0.004272000562673601
2141 0.002078764648696216 0.002849550633911093 -0.004853740693538106
2142 0.003335030173766186 0.002575160112623797 -0.004271548212817043
2143 0.001467853300783325 0.002242086983818741 -0.005368282094336146
2144 0.0007622532356176081 0.001545048179063071 -0.005747329478041465
2145 0.002851562041276823 0.002078280113787895 -0.004852766808057331
2146 0.002242177734740756 0.001466658421359247 -0.005368570767056052
2147 0.003576079578175542 0.001318178070641021 -0.004634011375108713
2148 0.001545127205449874 0.0007621535645148349 -0.005747321451169754
2149 0.002988503443218911 0.0007042403383845078 -0.005154890174936881
2150 0.003313648718880281 0.002075610430555081 -0.003313648718880281
2151 0.002736824359440002 0.001757805215276232 -0.002736824359440002
2152 0.003489110542277248 0.001054894845550254 -0.003489110542277248
2153 0.002824555271138937 0.0008874474227740103 -0.002824555271138937
2154 0.003171524897818912 0.002552505753656311 -0.003171524897818912
2155 0.003602060898600439 0.002234513038194782 -0.003602060898600439
2156 0.002665762448909089 0.002176252876827204 -0.002665762448909089
2157 0.003025236539160141 0.001916707822915657 -0.003025236539160141
2158 0.002448412179720001 0.001598902607637202 -0.002448412179720001
2159 0.003401379630578764 0.001565252638052668 -0.003401379630578764
2160 0.003821388177846026 0.001138618556938513 -0.003821388177846026
2161 0.002780689815289469 0.001322626319025121 -0.002780689815289469
2162 0.003156832906708092 0.0009711711341621323 -0.003156832906708092
2163 0.002492277635569469 0.000803723711386085 -0.002492277635569469
2164 0.003518768833512481 0.0005274474227751271 -0.003518768833512481
2165 0.002839384416756779 0.0004437237113870052 -0.002839384416756779
2166 0.005042438401688855 -0.001399449881636945 -0.002935192496917349
2167 0.005605962757708476 -0.001512147740586955 -0.00151214773412632
2168 0.004595186149218659 -0.002728027150721994 -0.002728027147766795
2169 0.005042438399472072 -0.002935192502353993 -0.001399449878221596
2170 0.005156833507594646 -0.000702020892918125 -0.002985671589585087
2171 0.004635597356872928 -0.001321133251828043 -0.003572932139835151
2172 0.005748636950302023 -0.0007592733497016924 -0.001541647558313847
2173 0.005368981834020785 -0.001464516182606368 -0.002242593680727494
2174 0.005748636948628333 -0.001541647566200287 -0.0007592733463607588
2175 0.004854045396000477 -0.002079025754950576 -0.002848841028175978
2176 0.004272113672648881 -0.002578233539474659 -0.003331929858789719
2177 0.005368981832842264 -0.00224259368676245 -0.001464516177685633
2178 0.004854045394948867 -0.002848841032362349 -0.002079025751669356
2179 0.005156833504019829 -0.002985671596182828 -0.0007020208911176796
2180 0.004272113672996029 -0.003331929859780358 -0.002578233537619203
2181 0.004635597355632923 -0.003572932142123057 -0.001321133249991462
2182 0.003172050808345375 0 -0.001959999998656974
2183 0.004184101616691123 0 -0.002479999997311012
2184 0.003371851652991142 0 -0.00099763808865831
2185 0.004583703305984468 0 -0.001275276177314297
2186 0.002666025404172687 0 -0.001699999999329468
2187 0.003013132185359997 0 -0.002407106780515797
2188 0.003678076212518248 0 -0.002219999997983993
2189 0.003866264370719419 0 -0.003014213561029363
2190 0.004690127020863956 0 -0.00273999999663753
2191 0.002765925826495571 0 -0.00085881904433008
2192 0.003271951230668258 0 -0.001478819043657642
2193 0.003977777479487805 0 -0.001136457132986303
2194 0.004383902461337796 0 -0.001877638087312654
2195 0.005189629132481797 0 -0.001414095221642042
2196 0.003405925826493821 0 -0.000498819044329155
2197 0.004651851652990682 0 -0.0006376380886571484
2198 0.00317205080683249 -0.001960000001277365 0
2199 0.004184101613665355 -0.002480000002551796 0
2200 0.003371851652152457 -0.0009976380917883216 0
2201 0.0045837033043071 -0.00127527618357432 0
2202 0.003013132184603555 -0.002407106781825993 0
2203 0.002666025403416245 -0.001700000000639664 0
2204 0.003866264369206535 -0.003014213563649755 0
2205 0.003678076210248923 -0.002220000001914581 0
2206 0.004690127017081746 -0.00274000000318851 0
2207 0.003271951229492473 -0.001478819046532843 0
2208 0.002765925826076228 -0.0008588190458950858 0
2209 0.004383902458986228 -0.001877638093063058 0
2210 0.003977777478229779 -0.001136457137681321 0
2211 0.005189629130385086 -0.001414095229467071 0
2212 0.003405925826074479 -0.0004988190458941608 0
2213 0.004651851652151998 -0.0006376380917871602 0
2214 0.005605962757513883 -0.00151214773771734 0.00151214773771734
2215 0.005042438401237107 -0.001399449876335434 0.002935192500221084
2216 0.005042438401237107 -0.002935192500221084 0.001399449876335434
2217 0.004595186152193334 -0.002728027146739069 0.002728027146739069
2218 0.005748636948770413 -0.000759273348156777 0.001541647564785931
2219 0.005748636948770413 -0.00154164756478593 0.0007592733481567762
2220 0.005156833504818712 -0.0007020208900925821 0.00298567159504403
2221 0.005368981833715768 -0.001464516178440622 0.002242593684178151
2222 0.00463559735695401 -0.001321133244162039 0.003572932142564546
2223 0.005368981833715765 -0.002242593684178147 0.001464516178440637
2224 0.005156833504818712 -0.00298567159504403 0.0007020208900925824
2225 0.004854045397423936 -0.002079025750149403 0.002848841029254387
2226 0.004854045397423936 -0.002848841029254388 0.002079025750149402
2227 0.004272113676165807 -0.002578233536270846 0.003331929856759501
2228 0.004635597358824077 -0.003572932138814875 0.001321133247741114
2229 0.004272113675912206 -0.003331929859263282 0.002578233533455349
2230 0.003371851652151011 0 0.0009976380917845931
2231 0.004583703304305595 0 0.001275276183571771
2232 0.003172050806829887 0 0.001960000001272379
2233 0.004184101613662648 0 0.002480000002547974
2234 0.002765925826075506 0 0.0008588190458913766
2235 0.003405925826073756 0 0.0004988190458922965
2236 0.003977777478228302 0 0.001136457137678182
2237 0.004651851652151245 0 0.0006376380917858854
2238 0.005189629130384333 0 0.001414095229465797
2239 0.002666025403414944 0 0.001700000000635276
2240 0.003271951229490449 0 0.001478819046528486
2241 0.003678076210246268 0 0.002220000001910176
2242 0.004383902458984122 0 0.001877638093059872
2243 0.004690127017080393 0 0.002740000003186599
2244 0.003013132184600502 0 0.002407106781821748
2245 0.00386626436920336 0 0.003014213563646023
2246 0.004595186154445934 0.002728027144841889 -0.00272802714484189
2247 0.005042438404706361 0.002935192495350163 -0.001399449874051388
2248 0.005042438404706361 0.001399449874051388 -0.002935192495350163
2249 0.005605962760655296 0.001512147731894283 -0.001512147731894282
2250 0.004272113676804554 0.003331929858910055 -0.002578233532433222
2251 0.004272113676670682 0.002578233533778917 -0.003331929858040409
2252 0.004635597359769972 0.003572932138370358 -0.001321133245624332
2253 0.004854045400265959 0.002848841025897028 -0.002079025748114449
2254 0.005156833508710501 0.002985671588579774 -0.0007020208889969429
2255 0.004854045400265959 0.002079025748114449 -0.002848841025897028
2256 0.004635597359900917 0.001321133245202591 -0.003572932138356408
2257 0.005368981837050047 0.00224259367882013 -0.001464516174421672
2258 0.005368981837050049 0.001464516174421658 -0.002242593678820134
2259 0.005748636951226002 0.001541647557067417 -0.0007592733452367948
2260 0.0051568335087105 0.0007020208889969426 -0.002985671588579775
2261 0.005748636951226002 0.0007592733452367939 -0.001541647557067416
2262 0.003371851652989695 0.0009976380886545814 0
2263 0.004583703305982964 0.001275276177311747 0
2264 0.003172050808342771 0.001959999998651988 0
2265 0.004184101616688416 0.00247999999730719 0
2266 0.003405925826493098 0.0004988190443272907 0
2267 0.002765925826494848 0.0008588190443263707 0
2268 0.00465185165298993 0.0006376380886558735 0
2269 0.00397777747948633 0.001136457132983164 0
2270 0.005189629132481045 0.001414095221640767 0
2271 0.003271951230666233 0.001478819043653285 0
2272 0.002666025404171385 0.00169999999932508 0
2273 0.00438390246133569 0.001877638087309469 0
2274 0.003678076212515593 0.002219999997979589 0
2275 0.004690127020862602 0.002739999996635619 0
2276 0.003013132185356944 0.002407106780511553 0
2277 0.003866264370716244 0.003014213561025631 0
2278 0.005042438401688854 0.002935192496917349 0.001399449881636945
2279 0.004595186149218659 0.002728027147766795 0.002728027150721993
2280 0.005605962757708475 0.00151214773412632 0.001512147740586954
2281 0.005042438399472072 0.001399449878221596 0.002935192502353993
2282 0.004635597357106599 0.003572932139973682 0.001321133250633483
2283 0.005156833507594646 0.002985671589585087 0.0007020208929181248
2284 0.004272113673421948 0.003331929859139698 0.002578233537741401
2285 0.004854045396000477 0.002848841028175978 0.002079025754950576
2286 0.004272113673577774 0.002578233537810256 0.003331929858886623
2287 0.005368981834020783 0.002242593680727495 0.001464516182606365
2288 0.005748636950302022 0.001541647558313846 0.000759273349701692
2289 0.004854045394948867 0.002079025751669355 0.00284884103236235
2290 0.005368981832842261 0.001464516177685646 0.002242593686762447
2291 0.004635597356772506 0.00132113324989311 0.003572932140680903
2292 0.005748636948628332 0.000759273346360759 0.001541647566200286
2293 0.005156833504019828 0.0007020208911176794 0.002985671596182828
2294 -0.004595186153319635 -0.00272802714431288 -0.002728027147268079
2295 -0.005042438401863344 -0.001399449873485737 -0.002935192500503946
2296 -0.005042438404080126 -0.002935192495067304 -0.001399449876901086
2297 -0.005605962759084592 -0.001512147731575493 -0.001512147738036129
2298 -0.004272113676902129 -0.003331929856379605 -0.002578233535541722
2299 -0.004272113675950501 -0.002578233533744631 -0.003331929858990338
2300 -0.004854045398319143 -0.002079025747491317 -0.002848841029668895
2301 -0.004635597357658081 -0.001321133243194282 -0.00357293214200891
2302 -0.005156833504977199 -0.00070202088864454 -0.002985671595110774
2303 -0.00463559735911302 -0.003572932138522407 -0.001321133247518246
2304 -0.004854045399370754 -0.002848841025482524 -0.002079025750772537
2305 -0.005368981835972171 -0.002242593678481667 -0.001464516178891502
2306 -0.005368981834793646 -0.001464516173970796 -0.002242593684516615
2307 -0.005748636949161366 -0.0007592733450263159 -0.001541647564869889
2308 -0.005156833508552017 -0.002985671588513032 -0.0007020208904449859
2309 -0.00574863695083505 -0.001541647556983462 -0.0007592733483672575
2310 -0.004583703304311386 0 -0.001275276183573212
2311 -0.003371851652157377 0 -0.0009976380917860012
2312 -0.004184101613667652 0 -0.002480000002550683
2313 -0.003172050806835128 0 -0.001960000001275011
2314 -0.004651851652157105 0 -0.000637638091786606
2315 -0.005189629130387228 0 -0.001414095229466517
2316 -0.003405925826080341 0 -0.0004988190458930006
2317 -0.003977777478234381 0 -0.001136457137679607
2318 -0.002765925826078689 0 -0.0008588190458920806
2319 -0.004383902458989519 0 -0.001877638093061948
2320 -0.004690127017082895 0 -0.002740000003187953
2321 -0.003271951229496252 0 -0.001478819046530506
2322 -0.00367807621025139 0 -0.002220000001912847
2323 -0.002666025403417564 0 -0.001700000000636592
2324 -0.003866264369207683 0 -0.003014213563649198
2325 -0.003013132184604874 0 -0.002407106781824816
2326 -0.004184101616693421 -0.002479999997311162 0
2327 -0.003172050808348011 -0.001959999998657146 0
2328 -0.004583703305988755 -0.001275276177314418 0
2329 -0.003371851652996061 -0.000997638088658449 0
2330 -0.003866264370720568 -0.003014213561029438 0
2331 -0.004690127020865105 -0.002739999996637605 0
2332 -0.003013132185361316 -0.002407106780515883 0
2333 -0.003678076212520716 -0.002219999997984154 0
2334 -0.002666025404174005 -0.001699999999329554 0
2335 -0.004383902461341088 -0.00187763808731279 0
2336 -0.00518962913248394 -0.001414095221642102 0
2337 -0.003271951230672036 -0.001478819043657798 0
2338 -0.003977777479492408 -0.001136457132986434 0
2339 -0.00276592582649803 -0.0008588190443301495 0
2340 -0.00465185165299579 -0.0006376380886572089 0
2341 -0.003405925826499684 -0.0004988190443292245 0
2342 -0.005042438402315088 -0.002935192497200209 0.001399449878787247
2343 -0.005605962759279182 -0.001512147734445108 0.001512147734445108
2344 -0.004595186150344959 -0.002728027148295805 0.002728027148295803
2345 -0.005042438402315089 -0.001399449878787247 0.002935192497200209
2346 -0.00463559735775653 -0.003572932139605576 0.001321133249348524
2347 -0.005156833507753131 -0.002985671589651829 0.0007020208914700825
2348 -0.005368981835098661 -0.002242593681065962 0.001464516178136527
2349 -0.005748636950692973 -0.001541647558397806 0.0007592733465712314
2350 -0.005748636950692973 -0.0007592733465712311 0.001541647558397806
2351 -0.004272113673546915 -0.003331929859052168 0.002578233537647447
2352 -0.004854045396895681 -0.002848841028590483 0.002079025752292489
2353 -0.004854045396895682 -0.00207902575229249 0.002848841028590483
2354 -0.005368981835098664 -0.001464516178136513 0.002242593681065964
2355 -0.005156833507753132 -0.0007020208914700821 0.002985671589651829
2356 -0.00427211367436108 -0.002578233538394661 0.003331929857430075
2357 -0.004635597358268019 -0.001321133252132592 0.003572932137912517
2358 -0.004184101616690714 0 0.002479999997308603
2359 -0.003172050808345408 0 0.001959999998654686
2360 -0.00458370330598725 0 0.001275276177313098
2361 -0.003371851652994615 0 0.0009976380886571805
2362 -0.003866264370717393 0 0.003014213561026337
2363 -0.004690127020863752 0 0.002739999996636325
2364 -0.003013132185358263 0 0.002407106780512902
2365 -0.003678076212518061 0 0.002219999997981644
2366 -0.002666025404172704 0 0.001699999999328324
2367 -0.004383902461338982 0 0.00187763808731085
2368 -0.005189629132483187 0 0.001414095221641443
2369 -0.003271951230670012 0 0.001478819043655933
2370 -0.003977777479490933 0 0.001136457132985139
2371 -0.002765925826497308 0 0.0008588190443295152
2372 -0.004651851652995038 0 0.0006376380886565492
2373 -0.003405925826498961 0 0.0004988190443285902
2374 -0.005605962756137768 0.001512147740268165 -0.001512147740268166
2375 -0.005042438398845834 0.002935192502071131 -0.001399449881071293
2376 -0.005042438398845835 0.001399449881071293 -0.00293519250207113
2377 -0.004595186148092358 0.002728027150192985 -0.002728027150192984
2378 -0.005748636948237382 0.001541647566116319 -0.0007592733494912136
2379 -0.005748636948237382 0.0007592733494912134 -0.00154164756611632
2380 -0.005156833503861343 0.002985671596116085 -0.0007020208925657212
2381 -0.005368981831764381 0.002242593686423979 -0.001464516182155487
2382 -0.004635597356343941 0.003572932139969789 -0.001321133253320024
2383 -0.005368981831764383 0.001464516182155473 -0.002242593686423982
2384 -0.005156833503861342 0.0007020208925657215 -0.002985671596116085
2385 -0.004854045394053658 0.002848841031947846 -0.00207902575432744
2386 -0.004854045394053659 0.002079025754327442 -0.002848841031947844
2387 -0.00427211367289592 0.00333192985746286 -0.002578233540780051
2388 -0.004635597355002073 0.001321133250113977 -0.003572932142896232
2389 -0.004272113672409326 0.002578233537853578 -0.003331929860351251
2390 -0.004583703304309883 0.001275276183571892 0
2391 -0.003371851652155931 0.0009976380917847323 0
2392 -0.004184101613664945 0.002480000002548124 0
2393 -0.003172050806832524 0.001960000001272551 0
2394 -0.004651851652156353 0.0006376380917859461 0
2395 -0.005189629130386477 0.001414095229465858 0
2396 -0.003405925826079619 0.0004988190458923661 0
2397 -0.003977777478232906 0.001136457137678312 0
2398 -0.002765925826077965 0.0008588190458914462 0
2399 -0.004383902458987414 0.001877638093060008 0
2400 -0.004690127017081542 0.002740000003186673 0
2401 -0.003271951229494227 0.001478819046528642 0
2402 -0.003678076210248735 0.002220000001910337 0
2403 -0.002666025403416262 0.001700000000635362 0
2404 -0.003866264369204508 0.003014213563646098 0
2405 -0.003013132184601821 0.002407106781821835 0
2406 -0.005042438404080125 0.001399449876901086 0.002935192495067303
2407 -0.004595186153319635 0.002728027147268079 0.00272802714431288
2408 -0.005605962759084589 0.001512147738036129 0.001512147731575493
2409 -0.005042438401863344 0.002935192500503946 0.001399449873485737
2410 -0.004635597358949449 0.001321133247769075 0.003572932138641878
2411 -0.005156833508552015 0.0007020208904449857 0.002985671588513033
2412 -0.004272113676873066 0.002578233533064642 0.00333192985833362
2413 -0.004854045399370754 0.002079025750772536 0.002848841025482521
2414 -0.004272113676456704 0.003331929859251305 0.002578233532568599
2415 -0.00536898183597217 0.0014645161788915 0.002242593678481667
2416 -0.005748636950835051 0.0007592733483672544 0.001541647556983458
2417 -0.004854045398319143 0.002848841029668893 0.002079025747491317
2418 -0.005368981834793648 0.002242593684516619 0.00146451617397078
2419 -0.004635597358245105 0.003572932140853428 0.001321133244259462
2420 -0.005748636949161365 0.00154164756486989 0.0007592733450263159
2421 -0.005156833504977199 0.002985671595110774 0.0007020208886445398
2422 -0.001439999999999858 -0.001440000000000278 -0.001440000000000279
2423 -0.001440000000000279 -0.0007200000000002094 -0.001439999999999857
2424 -0.0007199999999997997 -0.00144000000000112 -0.001439999999999857
2425 -0.0007200000000002098 -0.0007200000000010297 -0.001440000000000277
2426 -0.001440000000000277 -0.00144000000000112 -0.0007200000000002097
2427 -0.001439999999999856 -0.0007200000000010296 -0.0007199999999997998
2428 -0.0007200000000002095 -0.001440000000001541 -0.0007199999999997994
2429 -0.0007199999999997997 -0.0007200000000014398 -0.0007200000000002097
2430 -0.001439999999999647 -0.001800000000000139 -0.001440000000000489
2431 -0.001799999999999929 -0.001439999999999857 -0.001440000000000489
2432 -0.001439999999999647 -0.001439999999999857 -0.001800000000000139
2433 -0.001440000000000068 -0.001080000000000244 -0.001440000000000068
2434 -0.001800000000000139 -0.0007199999999997997 -0.001439999999999647
2435 -0.001440000000000489 -0.0007199999999997997 -0.001799999999999928
2436 -0.001440000000000489 -0.0003600000000001047 -0.001439999999999647
2437 -0.0007199999999995949 -0.00180000000000056 -0.001439999999999647
2438 -0.001079999999999829 -0.001440000000000699 -0.001440000000000068
2439 -0.0007199999999995949 -0.00144000000000091 -0.001799999999999928
2440 -0.0007200000000000047 -0.001080000000001075 -0.001440000000000067
2441 -0.001080000000000244 -0.0007200000000006196 -0.001440000000000068
2442 -0.000720000000000415 -0.0007200000000008248 -0.001800000000000139
2443 -0.000720000000000415 -0.0003600000000005149 -0.001440000000000488
2444 -0.0003599999999998998 -0.001440000000001541 -0.001439999999999647
2445 -0.0003600000000001049 -0.0007200000000014399 -0.001440000000000488
2446 -0.001440000000000488 -0.00180000000000056 -0.000720000000000415
2447 -0.001800000000000139 -0.001440000000000909 -0.000720000000000415
2448 -0.001440000000000068 -0.001440000000000699 -0.001080000000000244
2449 -0.001440000000000067 -0.001080000000001075 -0.0007200000000000047
2450 -0.001799999999999928 -0.0007200000000008248 -0.0007199999999995949
2451 -0.001440000000000068 -0.0007200000000006195 -0.001079999999999828
2452 -0.001439999999999646 -0.0003600000000005148 -0.0007199999999995949
2453 -0.0007200000000004148 -0.00180000000000077 -0.0007199999999995947
2454 -0.001080000000000244 -0.00144000000000133 -0.0007200000000000045
2455 -0.0007200000000000046 -0.001440000000001331 -0.001079999999999828
2456 -0.0007200000000000046 -0.00108000000000149 -0.0007200000000000045
2457 -0.001079999999999828 -0.0007200000000012346 -0.0007200000000000047
2458 -0.0007200000000000047 -0.0007200000000012347 -0.001080000000000244
2459 -0.0007199999999995949 -0.0003600000000007199 -0.0007200000000004148
2460 -0.0003600000000001048 -0.001440000000001752 -0.0007199999999995947
2461 -0.0003599999999998998 -0.0007200000000016449 -0.0007200000000004149
2462 -0.001440000000000488 -0.001440000000001541 -0.0003600000000001049
2463 -0.001439999999999646 -0.0007200000000014398 -0.0003599999999998999
2464 -0.0007200000000004148 -0.001440000000001752 -0.0003599999999998997
2465 -0.0007199999999995949 -0.0007200000000016449 -0.0003600000000001049
2466 -0.001440000000000699 -0.001440000000001962 0.0007199999999998
2467 -0.001439999999999436 -0.0007200000000018498 0.0007200000000002102
2468 -0.0007200000000006199 -0.001440000000001962 0.0007200000000002097
2469 -0.0007199999999993896 -0.0007200000000018498 0.0007199999999997996
2470 -0.001440000000000699 -0.001440000000001962 0.001439999999999857
2471 -0.001439999999999435 -0.00072000000000185 0.001440000000000277
2472 -0.0007200000000006197 -0.001440000000001962 0.001440000000000278
2473 -0.0007199999999993899 -0.0007200000000018498 0.001439999999999857
2474 -0.001440000000001331 -0.001800000000000981 0.0007199999999995949
2475 -0.001800000000000349 -0.001440000000001962 0.0007199999999995949
2476 -0.001440000000000699 -0.001440000000001962 0.0003599999999999
2477 -0.001440000000000067 -0.001080000000001906 0.0007200000000000051
2478 -0.001799999999999718 -0.00072000000000185 0.0007200000000004151
2479 -0.001439999999999436 -0.0007200000000018499 0.0003600000000001051
2480 -0.001439999999998804 -0.0003600000000009249 0.0007200000000004152
2481 -0.0007200000000012351 -0.001800000000000981 0.0007200000000004149
2482 -0.001080000000000659 -0.001440000000001962 0.0007200000000000049
2483 -0.0007200000000006199 -0.001440000000001962 0.0003600000000001049
2484 -0.0007200000000000047 -0.001080000000001906 0.0007200000000000047
2485 -0.001079999999999413 -0.0007200000000018498 0.0007200000000000049
2486 -0.0007199999999993897 -0.0007200000000018499 0.0003599999999998998
2487 -0.0007199999999987748 -0.0003600000000009249 0.0007199999999995947
2488 -0.0003600000000003099 -0.001440000000001962 0.0007200000000004148
2489 -0.0003599999999996948 -0.0007200000000018499 0.0007199999999995948
2490 -0.001440000000001331 -0.001800000000000981 0.001439999999999646
2491 -0.001800000000000349 -0.001440000000001962 0.001439999999999646
2492 -0.001440000000000699 -0.001440000000001962 0.001079999999999828
2493 -0.001440000000000067 -0.001080000000001906 0.001440000000000067
2494 -0.001799999999999717 -0.00072000000000185 0.001440000000000488
2495 -0.001439999999999435 -0.0007200000000018499 0.001080000000000244
2496 -0.001439999999998804 -0.000360000000000925 0.001440000000000488
2497 -0.0007200000000012348 -0.001800000000000981 0.001440000000000488
2498 -0.001080000000000659 -0.001440000000001962 0.001440000000000067
2499 -0.0007200000000006198 -0.001440000000001962 0.001080000000000244
2500 -0.0007200000000000047 -0.001080000000001906 0.001440000000000067
2501 -0.001079999999999413 -0.0007200000000018499 0.001440000000000067
2502 -0.0007199999999993897 -0.0007200000000018498 0.001079999999999828
2503 -0.000719999999998775 -0.0003600000000009249 0.001439999999999646
2504 -0.0003600000000003098 -0.001440000000001962 0.001440000000000488
2505 -0.0003599999999996949 -0.0007200000000018499 0.001439999999999646
2506 -0.001440000000000699 -0.001440000000001962 0.001799999999999928
2507 -0.001439999999999436 -0.00072000000000185 0.001800000000000138
2508 -0.0007200000000006198 -0.001440000000001962 0.001800000000000139
2509 -0.00071999999999939 -0.0007200000000018499 0.001799999999999928
2510 -0.001440000000000699 0.0007199999999998004 -0.001439999999999436
2511 -0.001440000000000699 0.001439999999999857 -0.001439999999999436
2512 -0.001439999999999436 0.0007199999999989797 -0.0007199999999993896
2513 -0.001439999999999435 0.001439999999999015 -0.0007199999999993895
2514 -0.0007200000000006199 0.0007199999999989797 -0.001440000000000698
2515 -0.0007200000000006199 0.001439999999999014 -0.001440000000000698
2516 -0.0007199999999993895 0.0007199999999985698 -0.0007200000000006198
2517 -0.0007199999999993899 0.001439999999998594 -0.00072000000000062
2518 -0.001440000000000699 0.0003599999999999002 -0.001439999999999436
2519 -0.001440000000001331 0.0007200000000002103 -0.001799999999999718
2520 -0.001800000000000349 0.0007200000000002104 -0.001439999999998805
2521 -0.001440000000000699 0.001079999999999828 -0.001439999999999436
2522 -0.001440000000001331 0.001440000000000278 -0.001799999999999718
2523 -0.001800000000000349 0.001440000000000278 -0.001439999999998804
2524 -0.001440000000000699 0.001799999999999928 -0.001439999999999436
2525 -0.001439999999999436 0.0003599999999994899 -0.0007199999999993897
2526 -0.001440000000000068 0.0007199999999993901 -0.001079999999999413
2527 -0.001799999999999718 0.0007199999999991848 -0.0007199999999987748
2528 -0.001439999999999436 0.001079999999998997 -0.0007199999999993895
2529 -0.001440000000000067 0.001439999999999436 -0.001079999999999413
2530 -0.001799999999999717 0.001439999999999226 -0.0007199999999987748
2531 -0.001439999999999436 0.001799999999999507 -0.0007199999999993897
2532 -0.001439999999998805 0.0007199999999985699 -0.0003599999999996948
2533 -0.001439999999998804 0.001439999999998594 -0.0003599999999996948
2534 -0.00072000000000062 0.0003599999999994899 -0.001440000000000699
2535 -0.0007200000000012351 0.0007199999999991848 -0.001800000000000349
2536 -0.001080000000000659 0.0007199999999993901 -0.001440000000000067
2537 -0.0007200000000006199 0.001079999999998997 -0.001440000000000698
2538 -0.000720000000001235 0.001439999999999225 -0.001800000000000349
2539 -0.001080000000000659 0.001439999999999435 -0.001440000000000067
2540 -0.00072000000000062 0.001799999999999507 -0.001440000000000699
2541 -0.0007199999999993897 0.0003599999999992849 -0.0007200000000006199
2542 -0.0007200000000000047 0.0007199999999987748 -0.001080000000000659
2543 -0.001079999999999413 0.0007199999999987748 -0.0007200000000000047
2544 -0.0007199999999993897 0.001079999999998582 -0.0007200000000006199
2545 -0.0007200000000000049 0.001439999999998804 -0.001080000000000659
2546 -0.001079999999999413 0.001439999999998804 -0.0007200000000000047
2547 -0.00071999999999939 0.001799999999999297 -0.0007200000000006199
2548 -0.0007199999999987748 0.000719999999998365 -0.0003600000000003099
2549 -0.000719999999998775 0.001439999999998383 -0.00036000000000031
2550 -0.0003600000000003099 0.0007199999999985699 -0.00144000000000133
2551 -0.0003600000000003099 0.001439999999998593 -0.00144000000000133
2552 -0.0003599999999996948 0.000719999999998365 -0.0007200000000012348
2553 -0.0003599999999996949 0.001439999999998383 -0.0007200000000012351
2554 -0.0007199999999981602 0.00071999999999816 0.0007199999999993896
2555 -0.00071999999999816 0.001439999999998173 0.0007199999999993899
2556 -0.00071999999999816 0.00071999999999816 0.001439999999999436
2557 -0.00071999999999816 0.001439999999998173 0.001439999999999436
2558 -0.001439999999998173 0.00071999999999816 0.0007200000000006206
2559 -0.001439999999998173 0.001439999999998173 0.0007200000000006201
2560 -0.001439999999998173 0.00071999999999816 0.001440000000000699
2561 -0.001439999999998173 0.001439999999998173 0.001440000000000699
2562 -0.00071999999999816 0.00035999999999908 0.0007199999999993897
2563 -0.00071999999999816 0.00071999999999816 0.0003599999999996948
2564 -0.0003599999999990801 0.00071999999999816 0.0007199999999987748
2565 -0.00071999999999816 0.001079999999998167 0.0007199999999993897
2566 -0.00071999999999816 0.001439999999998173 0.0003599999999996949
2567 -0.00035999999999908 0.001439999999998173 0.000719999999998775
2568 -0.00071999999999816 0.001799999999999086 0.0007199999999993899
2569 -0.00071999999999816 0.00035999999999908 0.001439999999999436
2570 -0.00071999999999816 0.00071999999999816 0.001079999999999413
2571 -0.00035999999999908 0.00071999999999816 0.001439999999998804
2572 -0.00071999999999816 0.001079999999998166 0.001439999999999436
2573 -0.00071999999999816 0.001439999999998173 0.001079999999999413
2574 -0.00035999999999908 0.001439999999998173 0.001439999999998804
2575 -0.00071999999999816 0.001799999999999086 0.001439999999999436
2576 -0.00071999999999816 0.00071999999999816 0.001799999999999718
2577 -0.00071999999999816 0.001439999999998173 0.001799999999999718
2578 -0.001439999999998173 0.00035999999999908 0.0007200000000006205
2579 -0.001439999999998173 0.00071999999999816 0.0003600000000003103
2580 -0.001079999999998166 0.00071999999999816 0.0007200000000000051
2581 -0.001439999999998173 0.001079999999998166 0.0007200000000006203
2582 -0.001439999999998173 0.001439999999998173 0.0003600000000003101
2583 -0.001079999999998167 0.001439999999998173 0.0007200000000000049
2584 -0.001439999999998173 0.001799999999999086 0.0007200000000006202
2585 -0.001439999999998173 0.00035999999999908 0.001440000000000699
2586 -0.001439999999998173 0.00071999999999816 0.00108000000000066
2587 -0.001079999999998166 0.00071999999999816 0.001440000000000067
2588 -0.001439999999998173 0.001079999999998167 0.001440000000000699
2589 -0.001439999999998173 0.001439999999998173 0.001080000000000659
2590 -0.001079999999998166 0.001439999999998173 0.001440000000000067
2591 -0.001439999999998173 0.001799999999999086 0.001440000000000699
2592 -0.001439999999998173 0.00071999999999816 0.001800000000000349
2593 -0.001439999999998173 0.001439999999998173 0.001800000000000349
2594 -0.001799999999999086 0.00071999999999816 0.0007200000000012353
2595 -0.001799999999999086 0.001439999999998173 0.0007200000000012351
2596 -0.001799999999999086 0.00071999999999816 0.00144000000000133
2597 -0.001799999999999086 0.001439999999998173 0.001440000000001331
2598 0.0007199999999997993 -0.001440000000001962 -0.0007199999999993899
2599 0.0007200000000002097 -0.0007200000000018497 -0.0007200000000006198
2600 0.001439999999999857 -0.001440000000001962 -0.0007199999999993899
2601 0.001440000000000278 -0.0007200000000018498 -0.0007200000000006198
2602 0.0007200000000002101 -0.001440000000001962 -0.001439999999999435
2603 0.0007199999999997999 -0.0007200000000018498 -0.001440000000000698
2604 0.001440000000000278 -0.001440000000001962 -0.001439999999999437
2605 0.001439999999999856 -0.0007200000000018499 -0.001440000000000698
2606 0.0007199999999995946 -0.001800000000000981 -0.000719999999998775
2607 0.0003599999999998996 -0.001440000000001962 -0.0007199999999993899
2608 0.0007199999999995946 -0.001440000000001962 -0.0003599999999996949
2609 0.0007200000000000045 -0.001080000000001906 -0.0007200000000000048
2610 0.0003600000000001049 -0.0007200000000018499 -0.0007200000000006199
2611 0.0007200000000004149 -0.0007200000000018499 -0.0003600000000003099
2612 0.0007200000000004149 -0.0003600000000009248 -0.000720000000001235
2613 0.001439999999999646 -0.001800000000000981 -0.000719999999998775
2614 0.001079999999999828 -0.001440000000001962 -0.0007199999999993899
2615 0.001439999999999646 -0.001440000000001962 -0.0003599999999996949
2616 0.001440000000000067 -0.001080000000001906 -0.0007200000000000048
2617 0.001080000000000244 -0.0007200000000018498 -0.0007200000000006198
2618 0.001440000000000488 -0.0007200000000018499 -0.0003600000000003099
2619 0.001440000000000488 -0.0003600000000009249 -0.0007200000000012348
2620 0.001799999999999928 -0.001440000000001962 -0.0007199999999993899
2621 0.001800000000000139 -0.00072000000000185 -0.0007200000000006199
2622 0.0007200000000004152 -0.001800000000000981 -0.001439999999998804
2623 0.000360000000000105 -0.001440000000001962 -0.001439999999999436
2624 0.0007200000000000047 -0.001440000000001962 -0.001079999999999413
2625 0.0007200000000000049 -0.001080000000001906 -0.001440000000000067
2626 0.0003599999999999 -0.0007200000000018499 -0.001440000000000699
2627 0.0007200000000000048 -0.0007200000000018498 -0.001080000000000659
2628 0.0007199999999995949 -0.0003600000000009249 -0.00144000000000133
2629 0.001440000000000488 -0.001800000000000981 -0.001439999999998805
2630 0.001080000000000244 -0.001440000000001962 -0.001439999999999436
2631 0.001440000000000067 -0.001440000000001962 -0.001079999999999413
2632 0.001440000000000067 -0.001080000000001906 -0.001440000000000067
2633 0.001079999999999828 -0.0007200000000018498 -0.001440000000000698
2634 0.001440000000000067 -0.0007200000000018498 -0.001080000000000659
2635 0.001439999999999646 -0.000360000000000925 -0.00144000000000133
2636 0.001800000000000139 -0.001440000000001962 -0.001439999999999436
2637 0.001799999999999928 -0.00072000000000185 -0.001440000000000699
2638 0.000720000000000415 -0.001440000000001962 -0.001799999999999718
2639 0.0007199999999995949 -0.0007200000000018499 -0.001800000000000349
2640 0.001440000000000488 -0.001440000000001962 -0.001799999999999718
2641 0.001439999999999646 -0.00072000000000185 -0.001800000000000349
2642 0.00071999999999939 -0.001440000000001962 0.001440000000000699
2643 0.0007200000000006198 -0.0007200000000018498 0.001439999999999436
2644 0.001439999999999435 -0.001440000000001962 0.001440000000000699
2645 0.001440000000000698 -0.0007200000000018499 0.001439999999999435
2646 0.00071999999999939 -0.001440000000001962 0.0007200000000006195
2647 0.0007200000000006197 -0.0007200000000018498 0.0007199999999993896
2648 0.001439999999999436 -0.001440000000001962 0.0007200000000006201
2649 0.001440000000000698 -0.0007200000000018498 0.0007199999999993897
2650 0.000719999999998775 -0.001800000000000981 0.00144000000000133
2651 0.000359999999999695 -0.001440000000001962 0.001440000000000699
2652 0.00071999999999939 -0.001440000000001962 0.001800000000000349
2653 0.0007200000000000049 -0.001080000000001906 0.001440000000000067
2654 0.0003600000000003099 -0.0007200000000018499 0.001439999999999436
2655 0.0007200000000006199 -0.00072000000000185 0.001799999999999718
2656 0.000720000000001235 -0.0003600000000009249 0.001439999999998804
2657 0.001439999999998804 -0.001800000000000981 0.001440000000001331
2658 0.001079999999999413 -0.001440000000001962 0.001440000000000699
2659 0.001439999999999436 -0.001440000000001962 0.001800000000000349
2660 0.001440000000000067 -0.001080000000001906 0.001440000000000067
2661 0.001080000000000659 -0.0007200000000018498 0.001439999999999435
2662 0.001440000000000699 -0.00072000000000185 0.001799999999999717
2663 0.00144000000000133 -0.000360000000000925 0.001439999999998804
2664 0.001799999999999718 -0.001440000000001962 0.001440000000000699
2665 0.001800000000000349 -0.00072000000000185 0.001439999999999436
2666 0.000719999999998775 -0.001800000000000981 0.0007200000000012347
2667 0.000359999999999695 -0.001440000000001962 0.0007200000000006197
2668 0.00071999999999939 -0.001440000000001962 0.001080000000000659
2669 0.0007200000000000048 -0.001080000000001906 0.0007200000000000045
2670 0.0003600000000003098 -0.0007200000000018499 0.0007199999999993897
2671 0.0007200000000006197 -0.0007200000000018498 0.001079999999999413
2672 0.0007200000000012348 -0.0003600000000009249 0.0007199999999987748
2673 0.001439999999998804 -0.001800000000000981 0.0007200000000012351
2674 0.001079999999999413 -0.001440000000001962 0.0007200000000006198
2675 0.001439999999999436 -0.001440000000001962 0.001080000000000659
2676 0.001440000000000067 -0.001080000000001906 0.0007200000000000049
2677 0.001080000000000659 -0.0007200000000018498 0.0007199999999993897
2678 0.001440000000000698 -0.0007200000000018498 0.001079999999999413
2679 0.00144000000000133 -0.0003600000000009249 0.0007199999999987749
2680 0.001799999999999718 -0.001440000000001962 0.00072000000000062
2681 0.001800000000000349 -0.0007200000000018499 0.0007199999999993899
2682 0.00071999999999939 -0.001440000000001962 0.0003600000000003097
2683 0.0007200000000006199 -0.00072000000000185 0.0003599999999996948
2684 0.001439999999999436 -0.001440000000001962 0.0003600000000003101
2685 0.001440000000000699 -0.0007200000000018499 0.0003599999999996949
2686 0.00071999999999939 0.00071999999999816 -0.001440000000001962
2687 0.0007199999999993897 0.001439999999998173 -0.001440000000001963
2688 0.0007200000000006199 0.00071999999999816 -0.0007200000000018498
2689 0.0007200000000006197 0.001439999999998173 -0.0007200000000018502
2690 0.001439999999999436 0.00071999999999816 -0.001440000000001963
2691 0.001439999999999435 0.001439999999998173 -0.001440000000001962
2692 0.001440000000000699 0.00071999999999816 -0.0007200000000018499
2693 0.001440000000000699 0.001439999999998173 -0.0007200000000018505
2694 0.00071999999999939 0.00035999999999908 -0.001440000000001962
2695 0.000719999999998775 0.00071999999999816 -0.001800000000000981
2696 0.000359999999999695 0.00071999999999816 -0.001440000000001962
2697 0.0007199999999993899 0.001079999999998166 -0.001440000000001962
2698 0.0007199999999987749 0.001439999999998173 -0.001800000000000981
2699 0.0003599999999996949 0.001439999999998173 -0.001440000000001962
2700 0.0007199999999993897 0.001799999999999086 -0.001440000000001962
2701 0.0007200000000006199 0.00035999999999908 -0.00072000000000185
2702 0.0007200000000000049 0.00071999999999816 -0.001080000000001906
2703 0.0003600000000003099 0.00071999999999816 -0.0007200000000018499
2704 0.0007200000000006198 0.001079999999998166 -0.00072000000000185
2705 0.0007200000000000047 0.001439999999998173 -0.001080000000001906
2706 0.0003600000000003098 0.001439999999998173 -0.0007200000000018502
2707 0.0007200000000006199 0.001799999999999086 -0.0007200000000018502
2708 0.000720000000001235 0.00071999999999816 -0.0003600000000009249
2709 0.0007200000000012348 0.001439999999998173 -0.0003600000000009251
2710 0.001439999999999436 0.00035999999999908 -0.001440000000001962
2711 0.001439999999998805 0.00071999999999816 -0.001800000000000981
2712 0.001079999999999413 0.00071999999999816 -0.001440000000001962
2713 0.001439999999999436 0.001079999999998166 -0.001440000000001962
2714 0.001439999999998804 0.001439999999998173 -0.001800000000000981
2715 0.001079999999999413 0.001439999999998173 -0.001440000000001962
2716 0.001439999999999436 0.001799999999999086 -0.001440000000001962
2717 0.001440000000000699 0.00035999999999908 -0.00072000000000185
2718 0.001440000000000068 0.00071999999999816 -0.001080000000001906
2719 0.001080000000000659 0.00071999999999816 -0.0007200000000018498
2720 0.001440000000000699 0.001079999999998167 -0.0007200000000018502
2721 0.001440000000000067 0.001439999999998173 -0.001080000000001906
2722 0.001080000000000659 0.001439999999998173 -0.0007200000000018503
2723 0.001440000000000699 0.001799999999999086 -0.0007200000000018502
2724 0.001440000000001331 0.00071999999999816 -0.000360000000000925
2725 0.001440000000001331 0.001439999999998173 -0.0003600000000009252
2726 0.001799999999999718 0.00071999999999816 -0.001440000000001962
2727 0.001799999999999718 0.001439999999998173 -0.001440000000001962
2728 0.001800000000000349 0.00071999999999816 -0.00072000000000185
2729 0.001800000000000349 0.001439999999998173 -0.0007200000000018502
2730 0.001440000000001961 0.00071999999999816 0.00071999999999816
2731 0.001440000000001963 0.001439999999998173 0.00071999999999816
2732 0.001440000000001963 0.00071999999999816 0.001439999999998173
2733 0.001440000000001962 0.001439999999998173 0.001439999999998173
2734 0.0007200000000018494 0.00071999999999816 0.0007199999999981599
2735 0.0007200000000018502 0.001439999999998173 0.00071999999999816
2736 0.0007200000000018499 0.00071999999999816 0.001439999999998173
2737 0.0007200000000018505 0.001439999999998173 0.001439999999998173
2738 0.001440000000001962 0.00035999999999908 0.00071999999999816
2739 0.001440000000001962 0.00071999999999816 0.00035999999999908
2740 0.001800000000000981 0.00071999999999816 0.00071999999999816
2741 0.001440000000001962 0.001079999999998166 0.00071999999999816
2742 0.001440000000001962 0.001439999999998173 0.00035999999999908
2743 0.001800000000000981 0.001439999999998173 0.00071999999999816
2744 0.001440000000001962 0.001799999999999086 0.00071999999999816
2745 0.001440000000001962 0.00035999999999908 0.001439999999998173
2746 0.001440000000001962 0.00071999999999816 0.001079999999998166
2747 0.001800000000000981 0.00071999999999816 0.001439999999998173
2748 0.001440000000001962 0.001079999999998166 0.001439999999998173
2749 0.001440000000001962 0.001439999999998173 0.001079999999998166
2750 0.001800000000000981 0.001439999999998173 0.001439999999998173
2751 0.001440000000001962 0.001799999999999086 0.001439999999998173
2752 0.001440000000001962 0.00071999999999816 0.001799999999999086
2753 0.001440000000001962 0.001439999999998173 0.001799999999999086
2754 0.0007200000000018497 0.00035999999999908 0.00071999999999816
2755 0.0007200000000018497 0.00071999999999816 0.00035999999999908
2756 0.001080000000001905 0.00071999999999816 0.00071999999999816
2757 0.0007200000000018498 0.001079999999998166 0.00071999999999816
2758 0.0007200000000018502 0.001439999999998173 0.00035999999999908
2759 0.001080000000001906 0.001439999999998173 0.00071999999999816
2760 0.0007200000000018501 0.001799999999999086 0.00071999999999816
2761 0.00072000000000185 0.00035999999999908 0.001439999999998173
2762 0.0007200000000018496 0.00071999999999816 0.001079999999998166
2763 0.001080000000001906 0.00071999999999816 0.001439999999998173
2764 0.0007200000000018502 0.001079999999998167 0.001439999999998173
2765 0.0007200000000018503 0.001439999999998173 0.001079999999998167
2766 0.001080000000001906 0.001439999999998173 0.001439999999998173
2767 0.0007200000000018502 0.001799999999999086 0.001439999999998173
2768 0.00072000000000185 0.00071999999999816 0.001799999999999086
2769 0.0007200000000018502 0.001439999999998173 0.001799999999999086
2770 0.0003600000000009247 0.00071999999999816 0.00071999999999816
2771 0.0003600000000009251 0.001439999999998173 0.00071999999999816
2772 0.000360000000000925 0.00071999999999816 0.001439999999998173
2773 0.0003600000000009252 0.001439999999998173 0.001439999999998173
2774 -0.001869342382102163 0.002971728717088725 -0.001869342382909618
2775 -0.002298684764203372 0.003783457434178228 -0.002298684765819545
2776 -0.001938397500001651 0.003120812800253347 -0.0009464832928259389
2777 -0.002436795000004445 0.004081625600508603 -0.001172966585652378
2778 -0.000946483292214956 0.00312081280092672 -0.001938397499137385
2779 -0.001172966584429182 0.004081625601855351 -0.00243679499827465
2780 -0.0009840492459646816 0.003308654252796024 -0.0009840492447553302
2781 -0.001248098491930296 0.004457308505594931 -0.001248098489510363
2782 -0.001654671191051431 0.002565864358544362 -0.001654671191454527
2783 -0.001813573798691235 0.002854276538264546 -0.002303083371174992
2784 -0.002303083370466859 0.002854276537960139 -0.00181357380008332
2785 -0.002084013573152767 0.003377593075633476 -0.002084013574364582
2786 -0.002187147597380465 0.003548553076529237 -0.002806166742349896
2787 -0.002806166740932997 0.003548553075920425 -0.00218714760016716
2788 -0.002513355955254182 0.004189321792723687 -0.002513355957274714
2789 -0.001689198750000544 0.002640406400126673 -0.0008332416464126645
2790 -0.001903869941051907 0.003046270758671036 -0.001407912837867778
2791 -0.002381476385409258 0.002972684035535106 -0.0009169653588894178
2792 -0.002187596250003048 0.003601219200380975 -0.001059724939239158
2793 -0.002367739882103908 0.003932541517343416 -0.001735825675735962
2794 -0.002962952770819424 0.003785368071071503 -0.001113930717779731
2795 -0.002685993750006378 0.004562032000637321 -0.001286208232065711
2796 -0.001949198750637015 0.003146431803541617 -0.0004732416464129694
2797 -0.002458397501276209 0.004132863607085625 -0.0005864832928261889
2798 -0.0008332416461077881 0.00264040640046336 -0.001689198749569042
2799 -0.0009169653574960981 0.002972684036032036 -0.002381476385137369
2800 -0.001407912837158559 0.003046270759007722 -0.001903869941023502
2801 -0.001059724938322069 0.003601219201391036 -0.002187596248706018
2802 -0.001113930714990632 0.003785368072065365 -0.002962952770275014
2803 -0.001735825674316277 0.00393254151801679 -0.002367739882047098
2804 -0.001286208230536409 0.004562032002320756 -0.002685993747843817
2805 -0.0008520246229820358 0.002734327126398012 -0.0008520246223779751
2806 -0.0009652662690898188 0.003214733526861372 -0.001461223371946358
2807 -0.001461223372983166 0.003214733526524685 -0.0009652662687906345
2808 -0.001116073868947489 0.003882981379195477 -0.001116073867132847
2809 -0.001210532538179739 0.004269467053725141 -0.001842446743892507
2810 -0.00184244674596737 0.004269467053051767 -0.001210532537581371
2811 -0.001380123114913389 0.005031635631995731 -0.001380123111888165
2812 -0.0009908436688746375 0.003340252952473517 -0.0004920246223776651
2813 -0.001261687337751033 0.004520505904950263 -0.0006240492447551816
2814 -0.000473241646107478 0.003146431804634745 -0.00194919874889595
2815 -0.000586483292214591 0.004132863609271883 -0.002458397497791552
2816 -0.0004920246229823408 0.00334025295289286 -0.0009908436667061859
2817 -0.000624049245965148 0.004520505905788948 -0.00126168733341167
2818 -0.0009840492468006497 0.003308654252272102 0.0009840492458580968
2819 -0.001248098493603851 0.004457308504547513 0.001248098491717513
2820 -0.0009464832937744187 0.003120812800043948 0.001938397499906735
2821 -0.00117296658755129 0.004081625600090594 0.002436794999815371
2822 -0.001938397500852998 0.003120812799978396 0.0009464832920258063
2823 -0.002436795001709161 0.004081625599959485 0.001172966584051605
2824 -0.001869342383716333 0.002971728716712077 0.001869342381924652
2825 -0.002298684767435652 0.003783457433426398 0.002298684763849766
2826 -0.0008520246233994049 0.002734327126136051 0.0008520246229287434
2827 -0.0009908436692926213 0.003340252952211556 0.0004920246229290484
2828 -0.0004920246234003248 0.003340252952211556 0.000990843668821345
2829 -0.001116073870202251 0.003882981378409808 0.001116073868787805
2830 -0.001261687338587811 0.004520505904426554 0.0006240492458587567
2831 -0.0006240492468019256 0.004520505904426554 0.001261687337644642
2832 -0.001380123117005832 0.005031635630686669 0.001380123114647603
2833 -0.0008332416468862893 0.002640406400021974 0.001689198749953086
2834 -0.0009652662702875341 0.003214733526158025 0.001461223372882416
2835 -0.0004732416468872093 0.003146431803436918 0.001949198750589557
2836 -0.001059724940662854 0.003601219200067271 0.002187596249861053
2837 -0.00121053254057757 0.004269467052319053 0.001842446745766442
2838 -0.0005864832937756449 0.004132863606876621 0.002458397501181672
2839 -0.001286208234440016 0.004562032000115197 0.002685993749770411
2840 -0.0009169653593632404 0.00297268403542995 0.002381476385361344
2841 -0.001113930718728855 0.003785368070862135 0.002962952770724524
2842 -0.001689198750425586 0.002640406399989198 0.0008332416460132134
2843 -0.001949198751062689 0.003146431803404142 0.0004732416460129032
2844 -0.001461223373826824 0.003214733526125249 0.0009652662689419516
2845 -0.00218759625128108 0.003601219199968941 0.001059724938038705
2846 -0.002458397502128567 0.004132863606811067 0.0005864832920258024
2847 -0.001842446747656506 0.004269467052253499 0.001210532537884559
2848 -0.002685993752137964 0.004562031999951313 0.001286208230064795
2849 -0.001654671191857253 0.002565864358356038 0.001654671190962676
2850 -0.001903869942284666 0.003046270758345237 0.001407912836975229
2851 -0.001407912838745376 0.003046270758378013 0.001903869940915694
2852 -0.002084013575575992 0.003377593075069237 0.002084013572887209
2853 -0.002367739884572406 0.003932541516692941 0.001735825673950685
2854 -0.001735825677493471 0.003932541516758496 0.002367739881832569
2855 -0.002513355959295862 0.004189321791784622 0.002513355954812873
2856 -0.001813573800485863 0.002854276537770969 0.002303083370377257
2857 -0.002187147600974566 0.003548553075543837 0.002806166740755521
2858 -0.002381476385994719 0.002972684035557418 0.0009169653574011062
2859 -0.002962952771991906 0.003785368071117068 0.001113930714801511
2860 -0.002303083371577504 0.002854276538075376 0.001813573798601666
2861 -0.002806166743157277 0.00354855307615265 0.002187147597203014
2862 0.0009464832930138911 0.003120812801200373 -0.001938397498284781
2863 0.001172966586029005 0.00408162560240344 -0.002436794996568938
2864 0.0009840492448612722 0.003308654253319247 -0.0009840492439187191
2865 0.001248098489722636 0.004457308506641805 -0.001248098487836299
2866 0.001869342383084785 0.002971728717462947 -0.001869342381293105
2867 0.002298684766171293 0.003783457434928138 -0.002298684762585409
2868 0.001938397499231044 0.003120812801134819 -0.0009464832912652791
2869 0.002436794998462727 0.004081625602272335 -0.001172966582529322
2870 0.0008332416465066405 0.002640406400600186 -0.001689198749143372
2871 0.0009169653589829766 0.002972684036008162 -0.002381476384550367
2872 0.0004732416465069455 0.003146431804771571 -0.001949198748469648
2873 0.001059724939521448 0.003601219201801906 -0.002187596247426859
2874 0.001113930717967713 0.003785368072018558 -0.002962952769101307
2875 0.0005864832930145026 0.004132863609545928 -0.002458397496938695
2876 0.001286208232536851 0.004562032003006247 -0.002685993745711733
2877 0.000852024622430946 0.002734327126659623 -0.0008520246219602845
2878 0.0009652662689375816 0.00321473352725981 -0.00146122337110175
2879 0.0004920246224306361 0.003340252953154472 -0.0009908436662878803
2880 0.001116073867291954 0.003882981379980526 -0.001116073865877509
2881 0.001210532537875821 0.004269467054522622 -0.001842446742202619
2882 0.0006240492448613181 0.004520505906312385 -0.001261687332574638
2883 0.001380123112153696 0.005031635633304521 -0.001380123109795467
2884 0.0009908436667591567 0.003340252953154472 -0.0004920246219593595
2885 0.001261687333517807 0.004520505906312385 -0.0006240492439181497
2886 0.00165467119154211 0.002565864358731473 -0.001654671190647533
2887 0.001813573800170089 0.002854276538146404 -0.002303083370061483
2888 0.001407912838049338 0.003046270759331659 -0.001903869939788943
2889 0.002084013574628039 0.003377593076195542 -0.002084013571939257
2890 0.002187147600342386 0.003548553076294707 -0.002806166740123343
2891 0.001735825676100149 0.003932541518665789 -0.002367739879577173
2892 0.002513355957715093 0.004189321793661792 -0.002513355953232105
2893 0.001689198749615872 0.002640406400567409 -0.0008332416456335646
2894 0.001903869941157914 0.003046270759298883 -0.001407912836279192
2895 0.001461223372046158 0.003214733527227033 -0.0009652662675919991
2896 0.002187596248846886 0.003601219201703577 -0.0010597249368973
2897 0.00236773988231701 0.003932541518600237 -0.001735825672557366
2898 0.001842446744092682 0.00426946705445707 -0.001210532535182811
2899 0.002685993748079286 0.004562032002842366 -0.001286208228161631
2900 0.001949198748942779 0.003146431804738794 -0.0004732416456326395
2901 0.002458397497885591 0.004132863609480376 -0.0005864832912646609
2902 0.002303083371261729 0.00285427653845081 -0.001813573798285892
2903 0.002806166742525098 0.003548553076903519 -0.002187147596570836
2904 0.002381476385183742 0.002972684036135629 -0.0009169653570208425
2905 0.002962952770368689 0.003785368072273493 -0.00111393071404037
2906 0.001938397498190493 0.003120812800991623 0.0009464832939629697
2907 0.002436794996380363 0.004081625601985946 0.001172966587928393
2908 0.001869342381116767 0.002971728717087512 0.001869342383892671
2909 0.002298684762232732 0.003783457434177272 0.00229868476778833
2910 0.0009840492438124549 0.003308654252795674 0.0009840492469069136
2911 0.001248098487623772 0.004457308505594664 0.001248098493816379
2912 0.0009464832910767277 0.003120812800187144 0.001938397500947286
2913 0.001172966582152219 0.004081625600376988 0.002436795001897739
2914 0.001689198749096228 0.002640406400495812 0.0008332416469805648
2915 0.001949198748422504 0.003146431804667196 0.0004732416469814848
2916 0.002381476384503223 0.002972684035903787 0.0009169653594575159
2917 0.002187596247285428 0.003601219201488785 0.001059724940945681
2918 0.002458397496844408 0.00413286360933718 0.0005864832939641964
2919 0.002962952769007019 0.003785368071809811 0.001113930718917407
2920 0.002685993745476015 0.004562032002484382 0.001286208234911393
2921 0.001654671190559364 0.002565864358543756 0.001654671191945422
2922 0.00190386993965363 0.003046270759039568 0.00140791283892782
2923 0.002303083369973314 0.002854276537958686 0.001813573800574032
2924 0.002084013571674749 0.003377593075632392 0.0020840135758405
2925 0.002367739879306547 0.003932541518081608 0.001735825677858362
2926 0.002806166739947004 0.003548553075919274 0.002187147601150905
2927 0.002513355952791262 0.004189321792723209 0.002513355959736706
2928 0.001813573798197723 0.002854276538263093 0.002303083371665673
2929 0.002187147596394497 0.003548553076528087 0.002806166743333617
2930 0.0008520246219071525 0.002734327126397837 0.0008520246234525368
2931 0.0009908436662347481 0.003340252952892685 0.0004920246234534568
2932 0.001461223371001474 0.003214733526893649 0.0009652662704349416
2933 0.001116073865718113 0.003882981379195169 0.001116073870361646
2934 0.001261687332468374 0.004520505905788815 0.0006240492469081893
2935 0.001842446742002068 0.004269467053790305 0.001210532540872386
2936 0.001380123109529809 0.005031635631995598 0.00138012311727149
2937 0.0008332416455392889 0.002640406400093572 0.001689198750472729
2938 0.0009652662674445913 0.003214733526491409 0.0014612233739271
2939 0.001407912836096747 0.003046270758637328 0.001903869942419978
2940 0.001059724936614473 0.003601219200282066 0.002187596251422512
2941 0.001210532534887996 0.004269467052985827 0.001842446747857059
2942 0.001735825672192476 0.00393254151727713 0.002367739884843035
2943 0.001286208227690253 0.004562032000473183 0.002685993752373683
2944 0.0009169653569265669 0.002972684035661792 0.002381476386041863
2945 0.001113930713851818 0.00378536807132582 0.002962952772086195
2946 0.0004920246219062274 0.003340252952473342 0.0009908436693457532
2947 0.0006240492438118862 0.00452050590495013 0.001261687338694075
2948 0.0004732416455383639 0.003146431803508516 0.001949198751109832
2949 0.0005864832910761095 0.004132863607019819 0.002458397502222856
2950 -0.002298684765819721 -0.003783457434180223 -0.002298684764203547
2951 -0.001869342382909517 -0.002971728717090518 -0.001869342382102064
2952 -0.0011729665856525 -0.004081625600512271 -0.002436795000005932
2953 -0.0009464832928259231 -0.003120812800257028 -0.001938397500002951
2954 -0.002436794998276135 -0.00408162560185902 -0.001172966584429306
2955 -0.001938397499138684 -0.003120812800930401 -0.0009464832922149407
2956 -0.001248098489511167 -0.004457308505599933 -0.001248098491931102
2957 -0.000984049244756043 -0.003308654252801321 -0.0009840492459653953
2958 -0.002513355957274802 -0.004189321792724685 -0.00251335595525427
2959 -0.002806166742350001 -0.003548553076530252 -0.002187147597379946
2960 -0.002187147600166642 -0.003548553075921439 -0.002806166740933101
2961 -0.002084013574364619 -0.00337759307563537 -0.002084013573152806
2962 -0.002303083371174759 -0.002854276538265259 -0.001813573798690411
2963 -0.001813573800082495 -0.002854276537960853 -0.002303083370466626
2964 -0.001654671191454477 -0.002565864358545259 -0.001654671191051382
2965 -0.001286208232065773 -0.004562032000639154 -0.002685993750007122
2966 -0.001735825675736111 -0.003932541517346247 -0.00236773988210474
2967 -0.001113930717779494 -0.003785368071074272 -0.002962952770821103
2968 -0.001059724939239212 -0.00360121920038465 -0.002187596250004442
2969 -0.00140791283786772 -0.003046270758673773 -0.001903869941052508
2970 -0.000916965358889025 -0.002972684035537739 -0.002381476385410701
2971 -0.0008332416464126566 -0.002640406400128514 -0.001689198750001194
2972 -0.0005864832928262502 -0.004132863607089962 -0.002458397501278307
2973 -0.0004732416464129616 -0.003146431803546078 -0.001949198750638981
2974 -0.00268599374784456 -0.004562032002322591 -0.001286208230536471
2975 -0.002962952770276691 -0.003785368072068133 -0.001113930714990396
2976 -0.002367739882047928 -0.003932541518019621 -0.001735825674316427
2977 -0.00218759624870741 -0.003601219201394711 -0.001059724938322123
2978 -0.00238147638513881 -0.002972684036034669 -0.0009169653574957054
2979 -0.001903869941024101 -0.00304627075901046 -0.001407912837158502
2980 -0.001689198749569691 -0.002640406400465201 -0.0008332416461077804
2981 -0.001380123111888567 -0.005031635631998233 -0.001380123114913792
2982 -0.001842446743893651 -0.004269467053729476 -0.001210532538180204
2983 -0.001210532537581834 -0.004269467053056102 -0.001842446745968517
2984 -0.001116073867133605 -0.003882981379200627 -0.001116073868948249
2985 -0.001461223371947363 -0.003214733526865861 -0.000965266269090168
2986 -0.0009652662687909831 -0.003214733526529175 -0.001461223372984173
2987 -0.0008520246223783314 -0.002734327126400661 -0.0008520246229823926
2988 -0.0006240492447555836 -0.004520505904955659 -0.001261687337752157
2989 -0.0004920246223780215 -0.003340252952479349 -0.0009908436688756983
2990 -0.002458397497793649 -0.00413286360927622 -0.000586483292214653
2991 -0.001949198748897915 -0.003146431804639206 -0.0004732416461074704
2992 -0.001261687333412793 -0.004520505905794343 -0.000624049245965551
2993 -0.000990843666707246 -0.003340252952898692 -0.0004920246229826976
2994 -0.002436794996571418 -0.004081625602408135 0.001172966586030078
2995 -0.001938397498287347 -0.003120812801205363 0.0009464832930150761
2996 -0.001248098487837612 -0.004457308506647343 0.001248098489723949
2997 -0.0009840492439200789 -0.003308654253325251 0.0009840492448626313
2998 -0.002298684762587439 -0.003783457434932054 0.002298684766173324
2999 -0.001869342381295353 -0.002971728717467178 0.001869342383087032
3000 -0.001172966582530393 -0.004081625602277027 0.002436794998465208
3001 -0.0009464832912664644 -0.00312081280113981 0.001938397499233608
3002 -0.002685993745712973 -0.004562032003008595 0.001286208232537387
3003 -0.002962952769104209 -0.003785368072022567 0.001113930717968615
3004 -0.00245839749694129 -0.004132863609550778 0.0005864832930150389
3005 -0.002187596247429383 -0.003601219201806749 0.001059724939522577
3006 -0.002381476384553356 -0.002972684036012364 0.0009169653589840187
3007 -0.001949198748472247 -0.003146431804776687 0.000473241646507538
3008 -0.001689198749144655 -0.002640406400602682 0.0008332416465072329
3009 -0.001380123109796124 -0.005031635633307291 0.001380123112154352
3010 -0.001842446742204515 -0.004269467054527739 0.001210532537877014
3011 -0.001261687332576015 -0.004520505906318049 0.0006240492448619747
3012 -0.001116073865878846 -0.003882981379986297 0.00111607386729329
3013 -0.001461223371103713 -0.003214733527265307 0.0009652662689388537
3014 -0.0009908436662892639 -0.003340252953160656 0.0004920246224313157
3015 -0.0008520246219609646 -0.002734327126662626 0.0008520246224316256
3016 -0.0006240492439188061 -0.004520505906318049 0.001261687333519184
3017 -0.0004920246219600394 -0.003340252953160656 0.0009908436667605402
3018 -0.00251335595323312 -0.004189321793663749 0.002513355957716108
3019 -0.00280616674012572 -0.003548553076298027 0.002187147600344091
3020 -0.002367739879579428 -0.003932541518670094 0.001735825676101701
3021 -0.002084013571941396 -0.003377593076199616 0.002084013574630178
3022 -0.002303083370064117 -0.00285427653815003 0.001813573800172067
3023 -0.00190386993979135 -0.003046270759336271 0.001407912838051054
3024 -0.001654671190648658 -0.002565864358733589 0.001654671191543234
3025 -0.001286208228162166 -0.004562032002844711 0.002685993748080527
3026 -0.001735825672558916 -0.003932541518604541 0.002367739882319266
3027 -0.001210532535184002 -0.004269467054462186 0.001842446744094579
3028 -0.001059724936898429 -0.003601219201708418 0.002187596248849408
3029 -0.001407912836280909 -0.003046270759303494 0.00190386994116032
3030 -0.0009652662675932716 -0.00321473352723253 0.00146122337204812
3031 -0.0008332416456341572 -0.002640406400569905 0.001689198749617153
3032 -0.0005864832912651964 -0.004132863609485224 0.002458397497888185
3033 -0.0004732416456332322 -0.00314643180474391 0.001949198748945377
3034 -0.002187147596572539 -0.00354855307690684 0.002806166742527475
3035 -0.00181357379828787 -0.002854276538454436 0.002303083371264362
3036 -0.001113930714041271 -0.003785368072277501 0.002962952770371591
3037 -0.0009169653570218844 -0.00297268403613983 0.002381476385186729
3038 0.001248098491718831 -0.00445730850455307 -0.001248098493605168
3039 0.0009840492458594544 -0.003308654252278104 -0.0009840492468020079
3040 0.00243679499981786 -0.004081625600095297 -0.001172966587552366
3041 0.001938397499909297 -0.003120812800048937 -0.0009464832937756027
3042 0.001172966584052682 -0.00408162559996419 -0.00243679500171165
3043 0.0009464832920269904 -0.003120812799983383 -0.001938397500855559
3044 0.002298684763851804 -0.003783457433430319 -0.00229868476743769
3045 0.001869342381926898 -0.002971728716716301 -0.001869342383718578
3046 0.001380123114648262 -0.005031635630689448 -0.00138012311700649
3047 0.0006240492458594155 -0.004520505904432228 -0.00126168733858919
3048 0.001261687337646021 -0.004520505904432228 -0.0006240492468025839
3049 0.001116073868789143 -0.003882981378415587 -0.001116073870203588
3050 0.0004920246229297272 -0.003340252952217741 -0.0009908436692940047
3051 0.0009908436688227278 -0.003340252952217741 -0.000492024623401004
3052 0.0008520246229294221 -0.002734327126139052 -0.000852024623400084
3053 0.002685993749771656 -0.004562032000117549 -0.001286208234440554
3054 0.001842446745768346 -0.004269467052324184 -0.001210532540578767
3055 0.002458397501184271 -0.004132863606881474 -0.000586483293776183
3056 0.002187596249863579 -0.003601219200072117 -0.001059724940663984
3057 0.001461223372884375 -0.003214733526163521 -0.0009652662702888053
3058 0.001949198750592154 -0.003146431803442032 -0.0004732416468878014
3059 0.001689198749954366 -0.002640406400024468 -0.0008332416468868814
3060 0.00296295277072743 -0.003785368070866148 -0.001113930718729759
3061 0.002381476385364331 -0.002972684035434151 -0.000916965359364282
3062 0.001286208230065333 -0.004562031999953666 -0.002685993752139209
3063 0.0005864832920263408 -0.004132863606815921 -0.002458397502131167
3064 0.001210532537885756 -0.00426946705225863 -0.001842446747658409
3065 0.001059724938039836 -0.003601219199973787 -0.002187596251283605
3066 0.0004732416460134952 -0.003146431803409255 -0.001949198751065285
3067 0.0009652662689432224 -0.003214733526130743 -0.001461223373828783
3068 0.0008332416460138054 -0.002640406399991691 -0.001689198750426866
3069 0.002513355954813893 -0.004189321791786583 -0.002513355959296881
3070 0.001735825673952243 -0.003932541516697255 -0.00236773988457467
3071 0.002367739881834832 -0.003932541516762808 -0.001735825677495028
3072 0.002084013572889351 -0.00337759307507331 -0.002084013575578134
3073 0.001407912836976944 -0.003046270758349842 -0.001903869942287068
3074 0.001903869940918097 -0.003046270758382619 -0.00140791283874709
3075 0.001654671190963798 -0.002565864358358151 -0.001654671191858375
3076 0.002806166740757903 -0.00354855307554716 -0.002187147600976274
3077 0.00230308337037989 -0.002854276537774592 -0.00181357380048784
3078 0.001113930714802415 -0.003785368071121082 -0.002962952771994812
3079 0.0009169653574021474 -0.002972684035561617 -0.002381476385997705
3080 0.002187147597204722 -0.003548553076155973 -0.002806166743159659
3081 0.001813573798603642 -0.002854276538078997 -0.002303083371580136
3082 0.001172966587929467 -0.004081625601990645 0.002436794996382846
3083 0.000946483293964154 -0.003120812800996613 0.001938397498193056
3084 0.002298684767790364 -0.00378345743418119 0.002298684762234766
3085 0.001869342383894917 -0.00297172871709174 0.001869342381119013
3086 0.001248098493817694 -0.004457308505600212 0.001248098487625087
3087 0.0009840492469082721 -0.003308654252801679 0.0009840492438138147
3088 0.002436795001900224 -0.004081625600381683 0.001172966582153293
3089 0.001938397500949848 -0.003120812800192134 0.0009464832910779129
3090 0.00128620823491193 -0.004562032002486732 0.002685993745477257
3091 0.0005864832939647333 -0.004132863609342033 0.002458397496847004
3092 0.001113930718918309 -0.003785368071813823 0.002962952769009923
3093 0.00105972494094681 -0.003601219201493629 0.002187596247287951
3094 0.000473241646982077 -0.003146431804672311 0.001949198748425101
3095 0.0009169653594585576 -0.002972684035907989 0.00238147638450621
3096 0.000833241646981157 -0.002640406400498306 0.001689198749097509
3097 0.002513355959737723 -0.004189321792725169 0.002513355952792279
3098 0.001735825677859915 -0.003932541518085917 0.002367739879308806
3099 0.002187147601152611 -0.003548553075922596 0.002806166739949384
3100 0.00208401357584264 -0.003377593075636465 0.00208401357167689
3101 0.001407912838929535 -0.003046270759044176 0.001903869939656035
3102 0.001813573800576009 -0.002854276537962311 0.002303083369975947
3103 0.001654671191946545 -0.00256586435854587 0.001654671190560488
3104 0.002806166743335995 -0.003548553076531408 0.002187147596396203
3105 0.002303083371668305 -0.002854276538266717 0.0018135737981997
3106 0.001380123117272147 -0.005031635631998372 0.001380123109530467
3107 0.0006240492469088468 -0.004520505905794484 0.001261687332469753
3108 0.00121053254087358 -0.004269467053795429 0.001842446742003967
3109 0.001116073870362983 -0.003882981379200946 0.001116073865719451
3110 0.0004920246234541361 -0.00334025295289887 0.0009908436662361317
3111 0.0009652662704362131 -0.003214733526899146 0.001461223371003435
3112 0.0008520246234532161 -0.002734327126400839 0.0008520246219078324
3113 0.002685993752374926 -0.00456203200047553 0.001286208227690791
3114 0.001842446747858959 -0.004269467052990947 0.00121053253488919
3115 0.002367739884845294 -0.003932541517281437 0.001735825672194029
3116 0.002187596251425036 -0.003601219200286909 0.001059724936615603
3117 0.00146122337392906 -0.003214733526496906 0.0009652662674458638
3118 0.001903869942422382 -0.003046270758641937 0.001407912836098463
3119 0.00168919875047401 -0.002640406400096067 0.0008332416455398815
3120 0.002962952772089099 -0.003785368071329828 0.00111393071385272
3121 0.002381476386044849 -0.002972684035665992 0.0009169653569276086
3122 0.001261687338695453 -0.004520505904955799 0.0006240492438125437
3123 0.0009908436693471367 -0.003340252952479528 0.0004920246219069074
3124 0.002458397502225453 -0.004132863607024667 0.0005864832910766465
3125 0.00194919875111243 -0.003146431803513631 0.0004732416455389564
3126 -0.001869342382102251 -0.001869342382912263 0.002971728717089759
3127 -0.002298684764203465 -0.002298684765821389 0.003783457434179303
3128 -0.00193839750000172 -0.0009464832928280741 0.003120812800253952
3129 -0.002436795000004517 -0.001172966585653713 0.004081625600509233
3130 -0.0009464832922150176 -0.001938397499140016 0.003120812800928635
3131 -0.001172966584429246 -0.002436794998276929 0.00408162560185734
3132 -0.0009840492459647248 -0.0009840492447570715 0.003308654252797118
3133 -0.001248098491930341 -0.00124809848951173 0.004457308505596069
3134 -0.001654671191051475 -0.001654671191457113 0.002565864358544879
3135 -0.001813573798691319 -0.002303083371176978 0.002854276538265726
3136 -0.002303083370466903 -0.001813573800085905 0.002854276537960656
3137 -0.002084013573152858 -0.002084013574366826 0.003377593075634531
3138 -0.002187147597380553 -0.002806166742351508 0.003548553076530465
3139 -0.002806166740933043 -0.002187147600168713 0.003548553075920963
3140 -0.002513355955254229 -0.002513355957275636 0.004189321792724225
3141 -0.001689198750000578 -0.0008332416464149621 0.002640406400126975
3142 -0.001903869941051986 -0.001407912837870169 0.003046270758671855
3143 -0.002381476385409293 -0.0009169653588917154 0.002972684035535409
3144 -0.002187596250003118 -0.001059724939240894 0.003601219200381593
3145 -0.002367739882103991 -0.001735825675737551 0.003932541517344268
3146 -0.00296295277081946 -0.001113930717781014 0.003785368071071818
3147 -0.002685993750006414 -0.001286208232066379 0.004562032000637635
3148 -0.001949198750637049 -0.000473241646414037 0.00314643180354192
3149 -0.002458397501276245 -0.0005864832928268566 0.004132863607085941
3150 -0.0008332416461078187 -0.001689198749570989 0.002640406400464317
3151 -0.000916965357496161 -0.002381476385139933 0.002972684036034243
3152 -0.001407912837158634 -0.00190386994102614 0.003046270759009197
3153 -0.001059724938322132 -0.002187596248708473 0.003601219201392987
3154 -0.001113930714990697 -0.002962952770277452 0.003785368072067657
3155 -0.001735825674316356 -0.002367739882049159 0.003932541518018322
3156 -0.001286208230536442 -0.002685993747844956 0.004562032002321751
3157 -0.0008520246229820574 -0.0008520246223794607 0.002734327126398559
3158 -0.0009652662690898713 -0.001461223371948544 0.003214733526862876
3159 -0.001461223372983222 -0.0009652662687925728 0.003214733526525535
3160 -0.001116073868947533 -0.001116073867134401 0.003882981379196594
3161 -0.001210532538179794 -0.00184244674389433 0.004269467053726704
3162 -0.001842446745967429 -0.001210532537582722 0.004269467053052652
3163 -0.001380123114913411 -0.001380123111888848 0.0050316356319963
3164 -0.0009908436688746589 -0.0004920246223785357 0.003340252952474064
3165 -0.001261687337751056 -0.0006240492447558652 0.004520505904950832
3166 -0.0004732416461075088 -0.001949198748898495 0.003146431804637004
3167 -0.0005864832922146232 -0.00245839749779397 0.004132863609274231
3168 -0.0004920246229823624 -0.0009908436667076907 0.00334025295289413
3169 -0.0006240492459651704 -0.001261687333413014 0.004520505905790268
3170 -0.0009840492468006503 0.0009840492458572769 0.003308654252272104
3171 -0.001248098493603851 0.001248098491717104 0.004457308504547515
3172 -0.0009464832937744188 0.001938397499905892 0.00312081280004395
3173 -0.00117296658755129 0.00243679499981495 0.004081625600090594
3174 -0.001938397500852997 0.0009464832920241662 0.003120812799978396
3175 -0.00243679500170916 0.001172966584050784 0.004081625599959488
3176 -0.001869342383716333 0.001869342381922969 0.002971728716712076
3177 -0.002298684767435653 0.002298684763848926 0.003783457433426396
3178 -0.0008520246233994052 0.0008520246229277185 0.002734327126136052
3179 -0.0009908436692926217 0.0004920246229286384 0.003340252952211557
3180 -0.0004920246234003252 0.000990843668820935 0.003340252952211557
3181 -0.001116073870202251 0.00111607386878719 0.003882981378409809
3182 -0.001261687338587811 0.0006240492458585518 0.004520505904426556
3183 -0.0006240492468019253 0.001261687337644437 0.004520505904426556
3184 -0.001380123117005832 0.001380123114647398 0.00503163563068667
3185 -0.0008332416468862894 0.001689198749952033 0.002640406400021975
3186 -0.0009652662702875345 0.001461223372881585 0.003214733526158027
3187 -0.0004732416468872094 0.001949198750589136 0.003146431803436918
3188 -0.001059724940662854 0.002187596249860421 0.003601219200067272
3189 -0.00121053254057757 0.001842446745766027 0.004269467052319054
3190 -0.0005864832937756449 0.002458397501181462 0.004132863606876621
3191 -0.001286208234440016 0.0026859937497702 0.004562032000115197
3192 -0.0009169653593632405 0.002381476385360922 0.002972684035429951
3193 -0.001113930718728855 0.002962952770724313 0.003785368070862135
3194 -0.001689198750425585 0.0008332416460111632 0.002640406399989198
3195 -0.001949198751062688 0.0004732416460120831 0.003146431803404142
3196 -0.001461223373826824 0.0009652662689407215 0.00321473352612525
3197 -0.002187596251281079 0.001059724938037475 0.003601219199968942
3198 -0.002458397502128567 0.0005864832920253922 0.004132863606811068
3199 -0.001842446747656505 0.001210532537883944 0.004269467052253501
3200 -0.002685993752137964 0.001286208230064385 0.004562031999951314
3201 -0.001654671191857253 0.001654671190960571 0.002565864358356038
3202 -0.001903869942284665 0.001407912836973568 0.003046270758345236
3203 -0.001407912838745376 0.001903869940914431 0.003046270758378013
3204 -0.002084013575575993 0.002084013572885947 0.003377593075069236
3205 -0.002367739884572406 0.001735825673949855 0.003932541516692942
3206 -0.001735825677493471 0.002367739881831938 0.003932541516758495
3207 -0.002513355959295862 0.002513355954812453 0.004189321791784621
3208 -0.001813573800485863 0.002303083370376415 0.002854276537770969
3209 -0.002187147600974567 0.002806166740755101 0.003548553075543836
3210 -0.002381476385994718 0.0009169653573990559 0.002972684035557418
3211 -0.002962952771991906 0.001113930714800486 0.00378536807111707
3212 -0.002303083371577504 0.001813573798599561 0.002854276538075375
3213 -0.002806166743157277 0.002187147597201963 0.003548553076152649
3214 0.0009464832930145543 -0.001938397498287205 0.003120812801202946
3215 0.001172966586029542 -0.002436794996571292 0.004081625602405936
3216 0.0009840492448616389 -0.0009840492439199648 0.003308654253320699
3217 0.001248098489722932 -0.001248098487837509 0.004457308506643208
3218 0.001869342383086049 -0.001869342381295243 0.0029717287174652
3219 0.00229868476617231 -0.002298684762587333 0.003783457434930167
3220 0.001938397499231745 -0.0009464832912663753 0.00312081280113608
3221 0.00243679499846329 -0.001172966582530308 0.004081625602273467
3222 0.0008332416465069721 -0.001689198749144584 0.002640406400601473
3223 0.0009169653589837577 -0.002381476384553285 0.002972684036011156
3224 0.0004732416465072771 -0.00194919874847209 0.00314643180477416
3225 0.001059724939522048 -0.002187596247429249 0.003601219201804441
3226 0.001113930717968346 -0.002962952769104146 0.003785368072021468
3227 0.0005864832930147708 -0.002458397496941152 0.004132863609548529
3228 0.001286208232537119 -0.00268599374571291 0.004562032003007496
3229 0.0008520246224311295 -0.0008520246219609075 0.002734327126660349
3230 0.0009652662689380966 -0.001461223371103585 0.003214733527261823
3231 0.0004920246224308194 -0.0009908436662891375 0.00334025295315592
3232 0.001116073867292285 -0.001116073865878737 0.003882981379981953
3233 0.001210532537876237 -0.001842446742204401 0.004269467054524571
3234 0.0006240492448614661 -0.001261687332575903 0.004520505906313838
3235 0.001380123112153844 -0.001380123109796072 0.005031635633305223
3236 0.0009908436667593399 -0.0004920246219599824 0.003340252953155198
3237 0.001261687333517955 -0.0006240492439187543 0.004520505906313086
3238 0.001654671191542743 -0.001654671190648603 0.0025658643587326
3239 0.001813573800171575 -0.002303083370064063 0.002854276538149041
3240 0.001407912838050302 -0.001903869939791224 0.003046270759334073
3241 0.002084013574629179 -0.002084013571941288 0.003377593076197683
3242 0.002187147600343584 -0.002806166740125667 0.003548553076297084
3243 0.001735825676100926 -0.002367739879579313 0.003932541518668052
3244 0.002513355957715601 -0.002513355953233067 0.004189321793662806
3245 0.001689198749616222 -0.0008332416456341127 0.00264040640056804
3246 0.001903869941158897 -0.001407912836280809 0.00304627075930064
3247 0.001461223372046692 -0.0009652662675931701 0.003214733527228389
3248 0.002187596248847518 -0.001059724936898342 0.003601219201704774
3249 0.0023677398823178 -0.001735825672558821 0.003932541518601817
3250 0.001842446744093111 -0.001210532535183908 0.004269467054458338
3251 0.002685993748079567 -0.001286208228162124 0.004562032002842931
3252 0.00194919874894313 -0.0004732416456331877 0.003146431804739425
3253 0.002458397497885872 -0.0005864832912651541 0.004132863609480942
3254 0.002303083371263208 -0.001813573798287775 0.002854276538452783
3255 0.002806166742526278 -0.002187147596572445 0.003548553076905206
3256 0.002381476385184549 -0.0009169653570218077 0.002972684036136717
3257 0.002962952770369334 -0.001113930714041195 0.003785368072274422
3258 0.001938397498190493 0.0009464832939629697 0.003120812800991623
3259 0.002436794996380363 0.001172966587928392 0.004081625601985946
3260 0.001869342381116767 0.001869342383892672 0.002971728717087512
3261 0.002298684762232734 0.002298684767788331 0.00378345743417727
3262 0.0009840492438124549 0.0009840492469069136 0.003308654252795674
3263 0.001248098487623772 0.001248098493816379 0.004457308505594664
3264 0.0009464832910767277 0.001938397500947286 0.003120812800187144
3265 0.00117296658215222 0.00243679500189774 0.004081625600376988
3266 0.001689198749096228 0.0008332416469805648 0.002640406400495812
3267 0.001949198748422504 0.0004732416469814848 0.003146431804667196
3268 0.002381476384503223 0.0009169653594575159 0.002972684035903787
3269 0.002187596247285428 0.001059724940945681 0.003601219201488785
3270 0.002458397496844408 0.0005864832939641961 0.00413286360933718
3271 0.002962952769007019 0.001113930718917406 0.003785368071809811
3272 0.002685993745476015 0.001286208234911393 0.004562032002484382
3273 0.001654671190559364 0.001654671191945422 0.002565864358543756
3274 0.00190386993965363 0.001407912838927821 0.003046270759039568
3275 0.002303083369973314 0.001813573800574032 0.002854276537958686
3276 0.00208401357167475 0.002084013575840501 0.003377593075632391
3277 0.002367739879306548 0.001735825677858362 0.003932541518081608
3278 0.002806166739947005 0.002187147601150905 0.003548553075919273
3279 0.002513355952791263 0.002513355959736707 0.004189321792723208
3280 0.001813573798197723 0.002303083371665673 0.002854276538263093
3281 0.002187147596394498 0.002806166743333617 0.003548553076528086
3282 0.0008520246219071525 0.0008520246234525368 0.002734327126397837
3283 0.0009908436662347481 0.0004920246234534568 0.003340252952892685
3284 0.001461223371001474 0.0009652662704349416 0.003214733526893649
3285 0.001116073865718113 0.001116073870361646 0.003882981379195169
3286 0.001261687332468374 0.0006240492469081893 0.004520505905788815
3287 0.001842446742002068 0.001210532540872385 0.004269467053790305
3288 0.001380123109529809 0.00138012311727149 0.005031635631995598
3289 0.0008332416455392889 0.001689198750472729 0.002640406400093572
3290 0.0009652662674445913 0.0014612233739271 0.003214733526491409
3291 0.001407912836096747 0.001903869942419979 0.003046270758637328
3292 0.001059724936614474 0.002187596251422513 0.003601219200282066
3293 0.001210532534887996 0.001842446747857059 0.004269467052985827
3294 0.001735825672192477 0.002367739884843036 0.003932541517277129
3295 0.001286208227690254 0.002685993752373684 0.004562032000473183
3296 0.0009169653569265669 0.002381476386041863 0.002972684035661792
3297 0.001113930713851819 0.002962952772086196 0.00378536807132582
3298 0.0004920246219062274 0.0009908436693457532 0.003340252952473342
3299 0.0006240492438118862 0.001261687338694075 0.00452050590495013
3300 0.0004732416455383639 0.001949198751109832 0.003146431803508516
3301 0.0005864832910761099 0.002458397502222857 0.004132863607019819
3302 -0.002298684765819721 -0.002298684764203125 -0.003783457434180223
3303 -0.001869342382909519 -0.00186934238210122 -0.00297172871709052
3304 -0.001172966585652501 -0.002436795000006354 -0.004081625600512271
3305 -0.0009464832928259236 -0.001938397500003793 -0.003120812800257028
3306 -0.002436794998276135 -0.001172966584428894 -0.00408162560185902
3307 -0.001938397499138684 -0.0009464832922141211 -0.003120812800930401
3308 -0.001248098489511168 -0.001248098491931512 -0.004457308505599933
3309 -0.000984049244756043 -0.0009840492459662154 -0.003308654252801321
3310 -0.002513355957274802 -0.002513355955254059 -0.004189321792724685
3311 -0.002806166742350001 -0.002187147597379103 -0.003548553076530252
3312 -0.002187147600166642 -0.00280616674093289 -0.003548553075921439
3313 -0.00208401357436462 -0.002084013573152173 -0.003377593075635371
3314 -0.00230308337117476 -0.001813573798688726 -0.002854276538265261
3315 -0.001813573800082496 -0.002303083370466204 -0.002854276537960854
3316 -0.001654671191454478 -0.001654671191050328 -0.00256586435854526
3317 -0.001286208232065773 -0.002685993750007333 -0.004562032000639154
3318 -0.001735825675736111 -0.00236773988210474 -0.003932541517346247
3319 -0.001113930717779494 -0.002962952770821313 -0.003785368071074272
3320 -0.001059724939239212 -0.002187596250005073 -0.00360121920038465
3321 -0.001407912837867721 -0.001903869941052507 -0.003046270758673774
3322 -0.0009169653588890252 -0.002381476385411121 -0.002972684035537739
3323 -0.0008332416464126569 -0.001689198750002246 -0.002640406400128514
3324 -0.0005864832928262504 -0.00245839750127915 -0.004132863607089962
3325 -0.0004732416464129618 -0.001949198750640665 -0.003146431803546078
3326 -0.00268599374784456 -0.001286208230536265 -0.004562032002322591
3327 -0.002962952770276691 -0.001113930714989574 -0.003785368072068134
3328 -0.002367739882047928 -0.00173582567431601 -0.003932541518019621
3329 -0.00218759624870741 -0.001059724938321508 -0.003601219201394711
3330 -0.00238147638513881 -0.0009169653574940657 -0.002972684036034669
3331 -0.001903869941024101 -0.001407912837157671 -0.003046270759010461
3332 -0.001689198749569691 -0.0008332416461067555 -0.002640406400465201
3333 -0.001380123111888567 -0.001380123114913997 -0.005031635631998233
3334 -0.001842446743893652 -0.001210532538180203 -0.004269467053729476
3335 -0.001210532537581834 -0.001842446745968933 -0.004269467053056102
3336 -0.001116073867133606 -0.001116073868948864 -0.003882981379200627
3337 -0.001461223371947363 -0.0009652662690901682 -0.003214733526865861
3338 -0.0009652662687909833 -0.001461223372985004 -0.003214733526529175
3339 -0.0008520246223783315 -0.0008520246229834177 -0.002734327126400661
3340 -0.0006240492447555841 -0.001261687337752977 -0.00452050590495566
3341 -0.0004920246223780215 -0.0009908436688773384 -0.003340252952479349
3342 -0.002458397497793649 -0.0005864832922144472 -0.00413286360927622
3343 -0.001949198748897915 -0.0004732416461070605 -0.003146431804639206
3344 -0.001261687333412793 -0.000624049245965756 -0.004520505905794343
3345 -0.000990843666707246 -0.0004920246229831077 -0.003340252952898692
3346 -0.00243679499657139 0.001172966586029993 -0.004081625602407578
3347 -0.00193839749828732 0.0009464832930154209 -0.003120812801204829
3348 -0.00124809848783759 0.001248098489722603 -0.004457308506646285
3349 -0.0009840492439200572 0.0009840492448609116 -0.003308654253324234
3350 -0.002298684762587383 0.00229868476617278 -0.003783457434931042
3351 -0.0018693423812953 0.001869342383086948 -0.002971728717466204
3352 -0.001172966582530349 0.002436794998462971 -0.00408162560227511
3353 -0.0009464832912664211 0.001938397499231018 -0.003120812801137966
3354 -0.002685993745712959 0.001286208232537344 -0.004562032003008316
3355 -0.002962952769104195 0.001113930717969187 -0.003785368072022289
3356 -0.002458397496941276 0.0005864832930149964 -0.004132863609550499
3357 -0.002187596247429355 0.001059724939522707 -0.003601219201806204
3358 -0.002381476384553342 0.0009169653589854209 -0.002972684036012097
3359 -0.001949198748472233 0.0004732416465077104 -0.00314643180477642
3360 -0.001689198749144641 0.0008332416465080205 -0.002640406400602415
3361 -0.001380123109796112 0.001380123112153679 -0.005031635633306762
3362 -0.00184244674220449 0.001210532537876298 -0.004269467054526931
3363 -0.001261687332576004 0.0006240492448613016 -0.00452050590631752
3364 -0.001116073865878823 0.001116073867291757 -0.003882981379985259
3365 -0.001461223371103688 0.0009652662689381662 -0.003214733527264532
3366 -0.0009908436662892531 0.0004920246224304558 -0.003340252953160147
3367 -0.0008520246219609537 0.0008520246224301507 -0.002734327126662116
3368 -0.0006240492439187948 0.001261687333517236 -0.004520505906316767
3369 -0.0004920246219600286 0.000990843666757816 -0.003340252953159425
3370 -0.002513355953233092 0.002513355957715836 -0.004189321793663244
3371 -0.002806166740125692 0.00218714760034445 -0.003548553076297522
3372 -0.002367739879579387 0.001735825676101386 -0.00393254151866931
3373 -0.002084013571941342 0.002084013574629864 -0.003377593076198623
3374 -0.002303083370064091 0.001813573800173288 -0.002854276538149542
3375 -0.00190386993979131 0.001407912838051184 -0.003046270759335517
3376 -0.001654671190648631 0.001654671191543823 -0.002565864358733102
3377 -0.001286208228162144 0.002685993748079408 -0.004562032002843753
3378 -0.001735825672558866 0.002367739882317875 -0.003932541518603077
3379 -0.001210532535183969 0.001842446744092787 -0.004269467054460697
3380 -0.001059724936898385 0.002187596248846994 -0.003601219201706538
3381 -0.00140791283628086 0.001903869941158983 -0.003046270759302085
3382 -0.0009652662675932391 0.001461223372045965 -0.0032147335272311
3383 -0.0008332416456341355 0.001689198749615227 -0.002640406400568983
3384 -0.0005864832912651744 0.002458397497885155 -0.004132863609482913
3385 -0.0004732416456332105 0.001949198748941589 -0.003146431804741688
3386 -0.00218714759657247 0.002806166742526513 -0.003548553076905644
3387 -0.001813573798287804 0.002303083371263657 -0.002854276538453285
3388 -0.001113930714041215 0.002962952770369174 -0.003785368072275244
3389 -0.0009169653570218306 0.002381476385184185 -0.002972684036137659
3390 0.001248098491718831 -0.001248098493606397 -0.00445730850455307
3391 0.0009840492458594544 -0.0009840492468044678 -0.003308654252278104
3392 0.00243679499981786 -0.001172966587553595 -0.004081625600095297
3393 0.001938397499909297 -0.0009464832937780623 -0.003120812800048937
3394 0.001172966584052682 -0.002436795001712913 -0.00408162559996419
3395 0.00094648329202699 -0.001938397500858085 -0.003120812799983383
3396 0.002298684763851804 -0.002298684767438953 -0.003783457433430319
3397 0.001869342381926898 -0.001869342383721103 -0.002971728716716301
3398 0.001380123114648262 -0.001380123117007105 -0.005031635630689448
3399 0.0006240492458594155 -0.00126168733859042 -0.004520505904432228
3400 0.001261687337646021 -0.0006240492468031985 -0.004520505904432228
3401 0.001116073868789143 -0.001116073870205432 -0.003882981378415587
3402 0.0004920246229297272 -0.0009908436692964645 -0.003340252952217741
3403 0.0009908436688227278 -0.0004920246234022339 -0.003340252952217741
3404 0.0008520246229294222 -0.0008520246234031589 -0.002734327126139052
3405 0.002685993749771656 -0.001286208234441169 -0.004562032000117549
3406 0.001842446745768346 -0.001210532540579996 -0.004269467052324184
3407 0.002458397501184271 -0.0005864832937767975 -0.004132863606881474
3408 0.002187596249863579 -0.001059724940665829 -0.003601219200072117
3409 0.001461223372884375 -0.0009652662702912651 -0.003214733526163521
3410 0.001949198750592154 -0.0004732416468890312 -0.003146431803442032
3411 0.001689198749954366 -0.0008332416468899562 -0.002640406400024468
3412 0.00296295277072743 -0.001113930718730988 -0.003785368070866148
3413 0.002381476385364331 -0.0009169653593667417 -0.002972684035434151
3414 0.001286208230065333 -0.00268599375213984 -0.004562031999953666
3415 0.0005864832920263408 -0.00245839750213243 -0.004132863606815922
3416 0.001210532537885756 -0.001842446747659655 -0.00426946705225863
3417 0.001059724938039836 -0.002187596251285498 -0.003601219199973787
3418 0.000473241646013495 -0.001949198751067811 -0.003146431803409255
3419 0.0009652662689432222 -0.001461223373831276 -0.003214733526130743
3420 0.0008332416460138049 -0.001689198750430024 -0.002640406399991691
3421 0.002513355954813893 -0.002513355959297512 -0.004189321791786583
3422 0.001735825673952243 -0.002367739884575933 -0.003932541516697255
3423 0.002367739881834832 -0.001735825677496274 -0.003932541516762808
3424 0.002084013572889351 -0.002084013575580028 -0.00337759307507331
3425 0.001407912836976944 -0.001903869942289594 -0.003046270758349842
3426 0.001903869940918097 -0.001407912838749582 -0.003046270758382619
3427 0.001654671190963798 -0.001654671191861532 -0.002565864358358151
3428 0.002806166740757903 -0.002187147600977537 -0.00354855307554716
3429 0.00230308337037989 -0.001813573800490365 -0.002854276537774592
3430 0.001113930714802415 -0.002962952771995443 -0.003785368071121082
3431 0.0009169653574021472 -0.002381476385998968 -0.002972684035561617
3432 0.002187147597204722 -0.00280616674316029 -0.003548553076155973
3433 0.001813573798603642 -0.002303083371581398 -0.002854276538078997
3434 0.001172966587928946 0.002436794996379263 -0.004081625601988209
3435 0.000946483293963512 0.001938397498188148 -0.003120812800994117
3436 0.002298684767789377 0.002298684762231607 -0.003783457434179212
3437 0.001869342383893692 0.001869342381114388 -0.002971728717089551
3438 0.001248098493817415 0.001248098487622665 -0.004457308505598875
3439 0.0009840492469079278 0.0009840492438101319 -0.00330865425280031
3440 0.002436795001899695 0.001172966582151091 -0.004081625600380607
3441 0.001938397500949191 0.0009464832910743766 -0.003120812800190945
3442 0.001286208234911669 0.002685993745475465 -0.004562032002485514
3443 0.0005864832939644728 0.002458397496843301 -0.004132863609339461
3444 0.001113930718917683 0.002962952769006469 -0.003785368071810943
3445 0.001059724940946229 0.002187596247283706 -0.003601219201491163
3446 0.000473241646981756 0.001949198748420154 -0.003146431804669763
3447 0.0009169653594577872 0.00238147638450205 -0.002972684035905035
3448 0.0008332416469808361 0.00168919874909316 -0.002640406400497058
3449 0.00251335595973723 0.0025133559527907 -0.004189321792724179
3450 0.001735825677859161 0.002367739879305435 -0.003932541518083711
3451 0.002187147601151429 0.002806166739946441 -0.003548553075920244
3452 0.002084013575841534 0.002084013571672998 -0.003377593075634381
3453 0.001407912838928602 0.001903869939651268 -0.003046270759041834
3454 0.001813573800574543 0.002303083369972125 -0.002854276537959707
3455 0.001654671191945932 0.001654671190556281 -0.002565864358544775
3456 0.002806166743334829 0.002187147596393344 -0.003548553076529746
3457 0.002303083371666847 0.00181357379819531 -0.002854276538264776
3458 0.001380123117272008 0.001380123109529255 -0.005031635631997704
3459 0.0006240492469087076 0.001261687332467266 -0.004520505905793063
3460 0.00121053254087318 0.001842446742000964 -0.004269467053793542
3461 0.001116073870362671 0.001116073865716398 -0.003882981379199592
3462 0.0004920246234539639 0.0009908436662324264 -0.003340252952897463
3463 0.0009652662704357198 0.00146122337099914 -0.003214733526897213
3464 0.0008520246234530439 0.000852024621904146 -0.002734327126400155
3465 0.002685993752374662 0.00128620822768969 -0.004562032000474992
3466 0.001842446747858555 0.001210532534886878 -0.004269467052989741
3467 0.002367739884844536 0.001735825672191349 -0.003932541517279909
3468 0.002187596251424443 0.001059724936612734 -0.003601219200285776
3469 0.001461223373928559 0.0009652662674422543 -0.003214733526495627
3470 0.001903869942421441 0.001407912836094382 -0.003046270758640248
3471 0.001689198750473682 0.0008332416455362683 -0.002640406400095472
3472 0.002962952772088471 0.001113930713850673 -0.003785368071328927
3473 0.002381476386044063 0.0009169653569241935 -0.002972684035664941
3474 0.001261687338695314 0.0006240492438113325 -0.00452050590495513
3475 0.0009908436693469645 0.0004920246219050659 -0.003340252952478843
3476 0.002458397502225189 0.0005864832910755455 -0.004132863607024129
3477 0.001949198751112101 0.0004732416455371883 -0.003146431803513036
3478 0.003120812799824485 -0.001938397500787053 -0.0009464832927406638
3479 0.004081625599648504 -0.002436795001570964 -0.001172966585481304
3480 0.003308654252568795 -0.0009840492468640924 -0.000984049244709727
3481 0.004457308505138423 -0.001248098493725744 -0.001248098489418245
3482 0.002971728716407248 -0.001869342383576359 -0.00186934238258961
3483 0.003783457432813321 -0.002298684767149516 -0.002298684765178543
3484 0.003120812800563413 -0.0009464832938807532 -0.001938397498973996
3485 0.004081625601126356 -0.001172966587759022 -0.002436794997946112
3486 0.002640406399912243 -0.001689198750394508 -0.0008332416463700268
3487 0.002972684035321925 -0.002381476385803209 -0.0009169653588468126
3488 0.003146431803328488 -0.001949198751032209 -0.0004732416463703319
3489 0.003601219199736495 -0.002187596251179008 -0.001059724939110984
3490 0.003785368070642752 -0.002962952771603982 -0.001113930717694228
3491 0.00413286360665693 -0.00245839750206138 -0.0005864832927406519
3492 0.004562031999560288 -0.002685993751962479 -0.00128620823185145
3493 0.002734327126284397 -0.0008520246234329713 -0.0008520246223551735
3494 0.00321473352619664 -0.001461223373825573 -0.0009652662687251953
3495 0.003340252952360626 -0.000990843669326207 -0.0004920246223548635
3496 0.003882981378853609 -0.001116073870294918 -0.001116073867063986
3497 0.004269467052393464 -0.001842446747648354 -0.001210532537449774
3498 0.004520505904722761 -0.001261687338650032 -0.0006240492447091224
3499 0.00503163563142345 -0.001380123117156349 -0.001380123111772282
3500 0.003340252952779968 -0.0004920246234320462 -0.0009908436666840185
3501 0.004520505905561445 -0.0006240492468628722 -0.001261687333366271
3502 0.002565864358203624 -0.001654671191789161 -0.001654671191294523
3503 0.002854276537620065 -0.00230308337120462 -0.001813573799923356
3504 0.003046270758115866 -0.001903869942181706 -0.001407912837665137
3505 0.003377593074610284 -0.002084013575362938 -0.002084013573884076
3506 0.003548553075238661 -0.002806166742406759 -0.0021871475998467
3507 0.003932541516230913 -0.00236773988436024 -0.001735825675329923
3508 0.00418932179101599 -0.002513355958935755 -0.002513355956472669
3509 0.002640406400281706 -0.0008332416469413016 -0.001689198749487347
3510 0.00304627075848533 -0.001407912838728556 -0.001903869940781803
3511 0.003214733526566104 -0.0009652662703724228 -0.001461223371841862
3512 0.003601219200844885 -0.001059724940819888 -0.002187596248460054
3513 0.003932541516969839 -0.001735825677454269 -0.002367739881562327
3514 0.00426946705313239 -0.001210532540742383 -0.001842446743682179
3515 0.004562032001407606 -0.001286208234697983 -0.00268599374743173
3516 0.003146431804454394 -0.0004732416469403766 -0.001949198748815485
3517 0.00413286360890874 -0.0005864832938795112 -0.002458397497628562
3518 0.002854276537620065 -0.001813573800417994 -0.002303083370711246
3519 0.003548553075238661 -0.002187147600832819 -0.002806166741421272
3520 0.002972684035691389 -0.0009169653594180871 -0.00238147638489668
3521 0.003785368071381678 -0.001113930718833702 -0.002962952769791556
3522 0.002971728717397821 -0.001869342382248658 0.001869342382246943
3523 0.003783457434795427 -0.00229868476449418 0.00229868476449285
3524 0.003120812800410975 -0.0009464832921135367 0.001938397500072643
3525 0.004081625600823278 -0.001172966584224638 0.002436795000146366
3526 0.003120812800412283 -0.001938397500076048 0.0009464832921122834
3527 0.004081625600824638 -0.002436795000148997 0.001172966584223778
3528 0.003308654252502901 -0.0009840492459075286 0.0009840492459050106
3529 0.004457308505007639 -0.001248098491812646 0.001248098491810913
3530 0.00256586435869891 -0.00165467119112531 0.001654671191123821
3531 0.002854276538419757 -0.002303083370845176 0.001813573798763665
3532 0.002854276538419094 -0.001813573798764483 0.002303083370843655
3533 0.003377593076096624 -0.002084013573371419 0.002084013573369896
3534 0.003548553076838527 -0.002806166741687903 0.002187147597525245
3535 0.003548553076837837 -0.002187147597525869 0.002806166741686548
3536 0.004189321793494381 -0.002513355955616625 0.00251335595561596
3537 0.002640406400205487 -0.0008332416460576934 0.001689198750036039
3538 0.003046270758904398 -0.001407912837181097 0.001903869941159793
3539 0.002972684035774164 -0.0009169653574453884 0.002381476385604998
3540 0.003601219200617126 -0.001059724938169088 0.002187596250109504
3541 0.003932541517809352 -0.001735825674359409 0.002367739882319608
3542 0.003785368071549328 -0.00111393071488836 0.002962952771210872
3543 0.004562032001030192 -0.001286208230280036 0.002685993750183725
3544 0.003146431803620431 -0.0004732416460567684 0.001949198750672511
3545 0.004132863607242963 -0.0005864832921123192 0.00245839750134717
3546 0.002640406400206141 -0.001689198750039005 0.0008332416460564516
3547 0.002972684035776067 -0.00238147638560795 0.0009169653574447939
3548 0.003046270758905052 -0.001903869941162353 0.001407912837179613
3549 0.003601219200618461 -0.002187596250112523 0.00105972493816803
3550 0.003785368071551306 -0.002962952771213485 0.001113930714887963
3551 0.003932541517810032 -0.002367739882321588 0.001735825674358314
3552 0.004562032001030872 -0.00268599375018504 0.001286208230279606
3553 0.00273432712625145 -0.0008520246229546893 0.0008520246229522003
3554 0.003214733526457592 -0.001461223372991788 0.000965266269008647
3555 0.003214733526456938 -0.0009652662690105326 0.001461223372988827
3556 0.00388298137875527 -0.001116073868860087 0.001116073868857962
3557 0.004269467052916139 -0.001842446745980821 0.001210532538017345
3558 0.004269467052915459 -0.001210532538018642 0.001842446745978639
3559 0.005031635631260761 -0.001380123114764993 0.001380123114764127
3560 0.003340252952326956 -0.0004920246229537643 0.000990843668844802
3561 0.004520505904656617 -0.000624049245906323 0.001261687337691342
3562 0.003146431803622386 -0.001949198750676707 0.0004732416460561417
3563 0.004132863607244997 -0.002458397501350396 0.0005864832921118888
3564 0.003340252952327679 -0.0009908436688479251 0.0004920246229525053
3565 0.004520505904657369 -0.001261687337693483 0.0006240492459054564
3566 0.003120812801567984 0.0009464832913486773 -0.00193839749845174
3567 0.004081625603136891 0.001172966582699766 -0.002436794996901177
3568 0.002971728718147416 0.001869342381611659 -0.00186934238161506
3569 0.00378345743629614 0.002298684763226257 -0.002298684763228428
3570 0.003308654253549613 0.0009840492439628285 -0.0009840492439661674
3571 0.004457308507101567 0.001248098487928188 -0.001248098487930332
3572 0.003120812801566673 0.001938397498447491 -0.0009464832913515704
3573 0.004081625603135532 0.002436794996898123 -0.001172966582701447
3574 0.002640406400783992 0.0008332416456734187 -0.001689198749226851
3575 0.003146431804956679 0.0004732416456743387 -0.001949198748554357
3576 0.00297268403635346 0.0009169653570613439 -0.002381476384795338
3577 0.003601219202352437 0.001059724937024222 -0.002187596247676459
3578 0.004132863609914007 0.0005864832913498832 -0.002458397497106094
3579 0.003785368072707069 0.00111393071412501 -0.002962952769589212
3580 0.004562032003921626 0.001286208228375577 -0.00268599374612567
3581 0.002565864359073708 0.001654671190804916 -0.001654671190808511
3582 0.0030462707598577 0.001407912836480168 -0.0019038699400334
3583 0.002854276538793709 0.001813573798443945 -0.002303083370527531
3584 0.003377593077221778 0.002084013572418958 -0.002084013572421744
3585 0.003932541519716516 0.001735825672963012 -0.002367739880064802
3586 0.00354855307758821 0.002187147596890669 -0.002806166741054354
3587 0.004189321795371037 0.002513355954034073 -0.002513355954035159
3588 0.002854276538793045 0.002303083370525166 -0.001813573798446869
3589 0.003548553077587521 0.002806166741052579 -0.002187147596892345
3590 0.002734327126774806 0.0008520246219804943 -0.0008520246219840087
3591 0.003340252953270377 0.0004920246219814143 -0.0009908436663122388
3592 0.003214733527558798 0.0009652662676557529 -0.001461223371208954
3593 0.00388298138032559 0.001116073865945508 -0.00111607386594825
3594 0.004520505906543017 0.0006240492439640942 -0.001261687332622315
3595 0.004269467055119229 0.001210532535313977 -0.001842446742415755
3596 0.005031635633878432 0.001380123109911236 -0.001380123109912307
3597 0.002640406400783336 0.001689198749222832 -0.0008332416456767102
3598 0.003214733527558143 0.00146122337120516 -0.0009652662676588689
3599 0.003046270759857044 0.001903869940029575 -0.001407912836483315
3600 0.003601219202351102 0.002187596247672807 -0.001059724937026509
3601 0.004269467055118549 0.001842446742413156 -0.00121053253531589
3602 0.003932541519715836 0.00236773988006219 -0.001735825672964937
3603 0.004562032003920947 0.002685993746124143 -0.001286208228376417
3604 0.002972684036351556 0.002381476384791965 -0.0009169653570639882
3605 0.003785368072705092 0.002962952769586387 -0.001113930714126432
3606 0.003340252953269654 0.000990843666308705 -0.0004920246219830837
3607 0.004520505906542266 0.001261687332619968 -0.0006240492439651661
3608 0.003146431804954722 0.00194919874854974 -0.0004732416456757852
3609 0.004132863609911974 0.002458397497102657 -0.0005864832913507236
3610 0.003308654252566321 0.0009840492447068189 0.000984049246860364
3611 0.004457308505135949 0.001248098489416189 0.001248098493723279
3612 0.003120812800560302 0.001938397498969859 0.0009464832938771531
3613 0.004081625601123295 0.002436794997942883 0.001172966587756758
3614 0.003120812799821373 0.0009464832927387035 0.001938397500782073
3615 0.00408162559964544 0.001172966585479859 0.002436795001567311
3616 0.002971728716404014 0.001869342382586574 0.001869342383571639
3617 0.003783457432810271 0.002298684765176134 0.002298684767146267
3618 0.00273432712628316 0.0008520246223524895 0.000852024623429262
3619 0.003340252952358666 0.0004920246223534095 0.0009908436693224785
3620 0.003340252952778008 0.0009908436666807002 0.000492024623430182
3621 0.003882981378851135 0.001116073867061504 0.001116073870291821
3622 0.004520505904720772 0.0006240492447080945 0.001261687338647525
3623 0.004520505905559457 0.001261687333363968 0.0006240492468616394
3624 0.005031635631422212 0.001380123111771254 0.001380123117155117
3625 0.002640406400280151 0.001689198749484016 0.0008332416469376566
3626 0.003214733526563311 0.001461223371838339 0.0009652662703687586
3627 0.003146431804451537 0.001949198748810923 0.0004732416469385766
3628 0.003601219200841798 0.002187596248456371 0.001059724940816956
3629 0.004269467053129621 0.001842446743679536 0.001210532540740019
3630 0.004132863608905855 0.002458397497625036 0.0005864832938783792
3631 0.004562032001406074 0.002685993747430116 0.001286208234696852
3632 0.002972684035688127 0.002381476384892905 0.0009169653594146077
3633 0.003785368071378485 0.00296295276978828 0.00111393071883159
3634 0.002640406399910687 0.0008332416463684318 0.001689198750390123
3635 0.00314643180332563 0.0004732416463693518 0.001949198751027226
3636 0.003214733526193847 0.0009652662687227613 0.001461223373821219
3637 0.003601219199733407 0.001059724939109281 0.002187596251174692
3638 0.004132863606654044 0.0005864832927399294 0.002458397502057642
3639 0.004269467052390695 0.001210532537448024 0.001842446747645295
3640 0.004562031999558756 0.001286208231850727 0.002685993751960652
3641 0.002565864358202006 0.001654671191292373 0.001654671191784906
3642 0.003046270758112694 0.001407912837662639 0.001903869942176856
3643 0.003046270758482158 0.001903869940778216 0.001407912838724396
3644 0.003377593074607142 0.002084013573881354 0.002084013575358953
3645 0.003932541516227856 0.001735825675327997 0.002367739884356789
3646 0.003932541516966783 0.002367739881559508 0.001735825677451513
3647 0.004189321791014465 0.002513355956471465 0.00251335595893413
3648 0.002854276537616938 0.002303083370708218 0.001813573800413516
3649 0.003548553075235774 0.002806166741418706 0.002187147600829873
3650 0.002972684035318663 0.0009169653588453829 0.002381476385799013
3651 0.003785368070639558 0.00111393071769314 0.002962952771600494
3652 0.002854276537616938 0.001813573799920983 0.002303083371200751
3653 0.003548553075235774 0.002187147599844807 0.002806166742403772
3654 -0.003783457435547216 -0.002298684762875051 -0.002298684764845606
3655 -0.002971728717774015 -0.001869342381437183 -0.001869342382423094
3656 -0.004081625601243808 -0.001172966582323629 -0.002436795000336355
3657 -0.003120812800622797 -0.0009464832911614872 -0.001938397500168163
3658 -0.004081625602721664 -0.002436794996712348 -0.001172966584600938
3659 -0.003120812801361722 -0.00193839749835679 -0.000946483292300758
3660 -0.004457308506058638 -0.001248098487717519 -0.001248098492024199
3661 -0.003308654253030674 -0.0009840492438592185 -0.0009840492460119442
3662 -0.004189321794433425 -0.002513355953593966 -0.002513355956056842
3663 -0.003548553077213749 -0.002806166740877666 -0.002187147597700975
3664 -0.003548553077213749 -0.002187147596715066 -0.002806166741862943
3665 -0.003377593076660615 -0.002084013572156117 -0.00208401357363435
3666 -0.002854276538607007 -0.002303083370438591 -0.001813573798850926
3667 -0.002854276538607008 -0.001813573798356707 -0.002303083370931548
3668 -0.002565864358887007 -0.00165467119071831 -0.001654671191211896
3669 -0.004562032001553576 -0.001286208227904683 -0.002685993750420151
3670 -0.003932541518395513 -0.00173582567259934 -0.002367739882590981
3671 -0.003785368071760528 -0.001113930713936941 -0.002962952771306801
3672 -0.003601219200933303 -0.001059724936742558 -0.002187596250252259
3673 -0.003046270759198406 -0.001407912836299335 -0.001903869941295628
3674 -0.002972684035880867 -0.0009169653569677488 -0.002381476385653549
3675 -0.002640406400311398 -0.0008332416455804386 -0.001689198750083799
3676 -0.00413286360745573 -0.0005864832911618143 -0.002458397501443519
3677 -0.003146431803728963 -0.0004732416455807436 -0.001949198750721587
3678 -0.004562032003400895 -0.002685993745889826 -0.001286208230751012
3679 -0.003785368072499455 -0.002962952769494797 -0.001113930715076212
3680 -0.00393254151913444 -0.002367739879793699 -0.001735825674723272
3681 -0.003601219202041693 -0.002187596247534569 -0.001059724938450848
3682 -0.002972684036250329 -0.002381476384747863 -0.000916965357538614
3683 -0.003046270759567868 -0.001903869939896987 -0.001407912837361926
3684 -0.002640406400680861 -0.001689198749178744 -0.000833241646150689
3685 -0.005031635632571614 -0.001380123109646506 -0.001380123115030164
3686 -0.004269467054390151 -0.001842446742214933 -0.001210532538312569
3687 -0.004269467053651223 -0.001210532535020574 -0.001842446746180277
3688 -0.003882981379544656 -0.001116073865788368 -0.001116073869018072
3689 -0.003214733527196198 -0.001461223371108004 -0.0009652662691563511
3690 -0.003214733526826736 -0.0009652662675103528 -0.001461223373090053
3691 -0.002734327126515337 -0.0008520246219299192 -0.0008520246230056671
3692 -0.004520505905185011 -0.0006240492438587594 -0.001261687337798706
3693 -0.003340252952594026 -0.0004920246219296092 -0.0009908436688989726
3694 -0.004132863609707542 -0.002458397497011755 -0.0005864832923004692
3695 -0.003146431804854866 -0.001949198748506968 -0.000473241646150379
3696 -0.004520505906023696 -0.001261687332515968 -0.0006240492460120997
3697 -0.003340252953013368 -0.0009908436662588336 -0.0004920246230059721
3698 -0.004081625601544934 -0.002436794998135179 0.001172966585857951
3699 -0.003120812800773507 -0.001938397499069213 0.0009464832929287847
3700 -0.004457308506187583 -0.001248098489631239 0.001248098489629916
3701 -0.003308654253094883 -0.0009840492448168817 0.0009840492448151836
3702 -0.003783457433564049 -0.002298684765532051 0.002298684765530302
3703 -0.002971728716782707 -0.001869342382767635 0.001869342382765075
3704 -0.004081625601543572 -0.001172966585859221 0.002436794998132967
3705 -0.003120812800772197 -0.0009464832929308572 0.001938397499066648
3706 -0.004562032001930011 -0.002685993747667694 0.001286208232322599
3707 -0.003785368071590967 -0.00296295276988609 0.001113930717882551
3708 -0.004132863609119177 -0.002458397497723171 0.0005864832929289754
3709 -0.00360121920115922 -0.002187596248602196 0.001059724939393368
3710 -0.002972684035796436 -0.002381476384944289 0.000916965358940873
3711 -0.003146431804560759 -0.001949198748863179 0.0004732416464643923
3712 -0.002640406400386753 -0.001689198749535588 0.0008332416464640873
3713 -0.005031635632733383 -0.001380123112038174 0.001380123112037512
3714 -0.004269467053866259 -0.001842446743883209 0.001210532537743933
3715 -0.004520505906088169 -0.001261687333472828 0.0006240492448149581
3716 -0.003882981379641233 -0.00111607386722406 0.00111607386722255
3717 -0.003214733526934195 -0.001461223371943047 0.0009652662688719841
3718 -0.003340252953045473 -0.0009908436667376654 0.0004920246224075918
3719 -0.002734327126547442 -0.0008520246224093659 0.0008520246224079017
3720 -0.004520505906087416 -0.0006240492448156195 0.001261687333471507
3721 -0.003340252953044749 -0.0004920246224084408 0.000990843666736182
3722 -0.004189321791954504 -0.002513355956913928 0.002513355956913052
3723 -0.003548553075614025 -0.002806166741598026 0.00218714760002258
3724 -0.003932541517554492 -0.002367739881833615 0.001735825675694126
3725 -0.003377593075173378 -0.002084013574149843 0.002084013574147689
3726 -0.002854276537807794 -0.002303083370800258 0.001813573800011088
3727 -0.003046270758778107 -0.001903869940918424 0.00140791283784693
3728 -0.002565864358391353 -0.001654671191384799 0.001654671191382256
3729 -0.004562032001929331 -0.001286208232323234 0.002685993747666588
3730 -0.00393254151755381 -0.001735825675695636 0.002367739881831634
3731 -0.004269467053865578 -0.00121053253774523 0.001842446743881441
3732 -0.003601219201157885 -0.001059724939395039 0.002187596248599807
3733 -0.003046270758777453 -0.001407912837849246 0.001903869940915862
3734 -0.00321473352693354 -0.0009652662688738695 0.001461223371940916
3735 -0.002640406400386098 -0.0008332416464663536 0.001689198749533674
3736 -0.004132863609117143 -0.0005864832929296104 0.002458397497720785
3737 -0.003146431804558803 -0.0004732416464654286 0.001949198748860667
3738 -0.003548553075613335 -0.002187147600024044 0.002806166741596461
3739 -0.002854276537807131 -0.001813573800013591 0.002303083370798315
3740 -0.003785368071588988 -0.001113930717883768 0.002962952769883685
3741 -0.002972684035794532 -0.0009169653589431071 0.002381476384941758
3742 -0.004457308504093311 0.001248098493511544 -0.001248098493512048
3743 -0.003308654252047731 0.0009840492467553779 -0.0009840492467554384
3744 -0.004081625599230736 0.002436795001379829 -0.001172966587380689
3745 -0.00312081279961577 0.001938397500689441 -0.0009464832936897437
3746 -0.004081625599232099 0.001172966587381058 -0.002436795001381199
3747 -0.003120812799617081 0.0009464832936909503 -0.001938397500690322
3748 -0.003783457432062319 0.00229868476679551 -0.002298684766795575
3749 -0.002971728716031832 0.001869342383398306 -0.001869342383397496
3750 -0.005031635630115539 0.001380123116889855 -0.001380123116890107
3751 -0.004520505904202349 0.0006240492467557718 -0.00126168733854263
3752 -0.004520505904201597 0.001261687338541718 -0.0006240492467560241
3753 -0.003882981378070521 0.001116073870133461 -0.001116073870133743
3754 -0.003340252952102554 0.000492024623377689 -0.0009908436692707199
3755 -0.003340252952101831 0.0009908436692700551 -0.0004920246233777192
3756 -0.002734327126023865 0.0008520246233773838 -0.0008520246233767992
3757 -0.004562031999038286 0.00268599375172548 -0.001286208234225991
3758 -0.004269467051662024 0.001842446747445686 -0.001210532540446368
3759 -0.00413286360644784 0.002458397501963976 -0.0005864832936903443
3760 -0.003601219199423253 0.002187596251034635 -0.001059724940535216
3761 -0.003214733525831751 0.001461223373722409 -0.000965266270222591
3762 -0.003146431803224147 0.001949198750980996 -0.0004732416468448718
3763 -0.002640406399807884 0.001689198750344438 -0.0008332416468439519
3764 -0.003785368070432569 0.002962952771507116 -0.001113930718643887
3765 -0.002972684035216317 0.002381476385753153 -0.0009169653593213203
3766 -0.004562031999038967 0.001286208234226176 -0.002685993751726165
3767 -0.004132863606449875 0.0005864832936905291 -0.002458397501965941
3768 -0.004269467051662705 0.001210532540446301 -0.001842446747446623
3769 -0.00360121919942459 0.001059724940536004 -0.00218759625103576
3770 -0.003146431803226104 0.0004732416468454751 -0.001949198750982666
3771 -0.003214733525832406 0.0009652662702231642 -0.00146122337372288
3772 -0.00264040639980854 0.0008332416468457852 -0.001689198750344247
3773 -0.004189321790077338 0.002513355958494248 -0.00251335595849428
3774 -0.003932541515647208 0.001735825677088284 -0.002367739884088387
3775 -0.003932541515646528 0.00236773988408767 -0.001735825677088132
3776 -0.003377593074047075 0.002084013575096908 -0.002084013575096536
3777 -0.003046270757824456 0.001407912838544628 -0.001903869942043909
3778 -0.0030462707578238 0.001903869942043873 -0.00140791283854362
3779 -0.002565864358015916 0.001654671191699503 -0.001654671191697835
3780 -0.00354855307486247 0.002806166742229066 -0.002187147600655175
3781 -0.002854276537431693 0.00230308337111493 -0.001813573800327259
3782 -0.00378536807043455 0.00111393071864472 -0.002962952771509099
3783 -0.002972684035218223 0.0009169653593231856 -0.002381476385754843
3784 -0.00354855307486316 0.002187147600655815 -0.002806166742229789
3785 -0.002854276537432357 0.001813573800328967 -0.002303083371115189
3786 -0.004081625602719192 0.001172966584599579 0.002436794996710923
3787 -0.00312081280135935 0.0009464832922985998 0.001938397498355861
3788 -0.003783457435545191 0.002298684764843745 0.002298684762874874
3789 -0.002971728717772072 0.00186934238242043 0.00186934238143789
3790 -0.00445730850605652 0.001248098492022831 0.001248098487716971
3791 -0.003308654253028645 0.0009840492460102043 0.0009840492438591198
3792 -0.004081625601241335 0.002436795000334089 0.00117296658232391
3793 -0.003120812800620424 0.001938397500165548 0.0009464832911626105
3794 -0.004562032003399658 0.001286208230750333 0.002685993745889113
3795 -0.004132863609704953 0.0005864832922997895 0.002458397497009763
3796 -0.003785368072496922 0.001113930715074883 0.002962952769492787
3797 -0.003601219202039271 0.001059724938449089 0.002187596247533392
3798 -0.003146431804852379 0.0004732416461492999 0.001949198748505273
3799 -0.002972684036247895 0.0009169653575362728 0.00238147638474615
3800 -0.002640406400679675 0.00083324164614838 0.001689198749178911
3801 -0.004189321794432413 0.002513355956055912 0.002513355953593877
3802 -0.003932541519132192 0.001735825674721662 0.002367739879792898
3803 -0.003548553077212046 0.002187147597699372 0.002806166740876887
3804 -0.003377593076658632 0.002084013573632088 0.002084013572156382
3805 -0.003046270759565711 0.001407912837359515 0.001903869939896875
3806 -0.002854276538605373 0.001813573798848291 0.002303083370438283
3807 -0.002565864358886036 0.001654671191209302 0.001654671190719926
3808 -0.003548553077212047 0.002806166741861324 0.002187147596715568
3809 -0.002854276538605373 0.002303083370929553 0.001813573798358285
3810 -0.005031635632570555 0.00138012311502948 0.001380123109646232
3811 -0.004520505906021885 0.0006240492460114156 0.001261687332515035
3812 -0.004269467054387856 0.001210532538311205 0.001842446742213947
3813 -0.003882981379542582 0.001116073869016518 0.001116073865788045
3814 -0.00334025295301163 0.0004920246230051021 0.0009908436662581501
3815 -0.003214733527193998 0.0009652662691544021 0.00146122337110749
3816 -0.002734327126514322 0.0008520246230041822 0.0008520246219304849
3817 -0.004562032001552339 0.002685993750419017 0.001286208227904823
3818 -0.004269467053648927 0.00184244674617846 0.00121053253502044
3819 -0.003932541518393263 0.002367739882588917 0.001735825672599392
3820 -0.00360121920093088 0.002187596250249818 0.00105972493674326
3821 -0.003214733526824535 0.001461223373087876 0.0009652662675108652
3822 -0.003046270759196248 0.001903869941292989 0.001407912836300251
3823 -0.002640406400310212 0.001689198750081861 0.0008332416455822303
3824 -0.003785368071757993 0.00296295277130437 0.001113930713937664
3825 -0.002972684035878432 0.002381476385650994 0.0009169653569695083
3826 -0.004520505905183201 0.001261687337797362 0.0006240492438584855
3827 -0.003340252952592288 0.0009908436688974682 0.0004920246219295599
3828 -0.00413286360745314 0.002458397501441106 0.0005864832911619548
3829 -0.003146431803726474 0.00194919875071905 0.0004732416455813053
$EndNodes
$Elements
866
1 15 2 2 39 38
2 15 2 1 44 43
3 17 2 3 1 1 54 694 70 100 774 2422 728 56 73 103 698 779 699 2430 736 778 740 2431 2432
4 17 2 3 1 100 774 2422 728 99 775 2423 729 778 740 102 2431 781 2432 2433 738 780 741 2434 2435
5 17 2 3 1 99 775 2423 729 4 90 710 74 780 741 101 2434 782 2435 2436 739 93 76 715 714
6 17 2 3 1 70 694 695 69 728 2422 2424 726 699 72 736 700 2430 701 2437 731 2432 735 2438 2439
7 17 2 3 1 728 2422 2424 726 729 2423 2425 727 2432 735 738 2438 2433 2439 2440 733 2435 737 2441 2442
8 17 2 3 1 729 2423 2425 727 74 710 712 75 2435 737 739 2441 2436 2442 2443 734 714 77 720 719
9 17 2 3 1 69 695 65 10 726 2424 744 94 701 71 731 702 2437 68 752 96 2439 730 2444 756
10 17 2 3 1 726 2424 744 94 727 2425 745 95 2439 730 733 2444 2440 756 754 97 2442 732 2445 757
11 17 2 3 1 727 2425 745 95 75 712 79 13 2442 732 734 2445 2443 757 755 98 719 78 724 81
12 17 2 3 1 54 55 696 694 774 776 2426 2422 57 698 779 703 784 704 2446 2430 783 2431 2447 2448
13 17 2 3 1 774 776 2426 2422 775 777 2427 2423 783 2431 781 2447 786 2448 2449 2433 785 2434 2450 2451
14 17 2 3 1 775 777 2427 2423 90 89 711 710 785 2434 782 2450 787 2451 2452 2436 92 715 717 716
15 17 2 3 1 694 696 697 695 2422 2426 2428 2424 704 700 2430 705 2446 706 2453 2437 2448 2438 2454 2455
16 17 2 3 1 2422 2426 2428 2424 2423 2427 2429 2425 2448 2438 2433 2454 2449 2455 2456 2440 2451 2441 2457 2458
17 17 2 3 1 2423 2427 2429 2425 710 711 713 712 2451 2441 2436 2457 2452 2458 2459 2443 716 720 722 721
18 17 2 3 1 695 697 64 65 2424 2428 742 744 706 702 2437 707 2453 67 747 752 2455 2444 2460 751
19 17 2 3 1 2424 2428 742 744 2425 2429 743 745 2455 2444 2440 2460 2456 751 749 754 2458 2445 2461 753
20 17 2 3 1 2425 2429 743 745 712 713 80 79 2458 2445 2443 2461 2459 753 750 755 721 724 725 82
21 17 2 3 1 55 2 59 696 776 109 758 2426 58 703 784 61 111 708 763 2446 788 2447 762 2462
22 17 2 3 1 776 109 758 2426 777 110 759 2427 788 2447 786 762 112 2462 765 2449 789 2450 764 2463
23 17 2 3 1 777 110 759 2427 89 5 85 711 789 2450 787 764 113 2463 766 2452 91 717 88 718
24 17 2 3 1 696 59 60 697 2426 758 760 2428 708 705 2446 62 763 709 768 2453 2462 2454 767 2464
25 17 2 3 1 2426 758 760 2428 2427 759 761 2429 2462 2454 2449 767 765 2464 770 2456 2463 2457 769 2465
26 17 2 3 1 2427 759 761 2429 711 85 84 713 2463 2457 2452 769 766 2465 771 2459 718 722 87 723
27 17 2 3 1 697 60 11 64 2428 760 104 742 709 707 2453 63 768 66 106 747 2464 2460 772 746
28 17 2 3 1 2428 760 104 742 2429 761 105 743 2464 2460 2456 772 770 746 107 749 2465 2461 773 748
29 17 2 3 1 2429 761 105 743 713 84 14 80 2465 2461 2459 773 771 748 108 750 723 725 86 83
30 17 2 3 2 2 114 790 59 109 854 2466 758 116 61 111 794 859 795 2474 763 858 762 2475 2476
31 17 2 3 2 109 854 2466 758 110 855 2467 759 858 762 112 2475 861 2476 2477 765 860 764 2478 2479
32 17 2 3 2 110 855 2467 759 5 140 808 85 860 764 113 2478 862 2479 2480 766 143 88 820 816
33 17 2 3 2 59 790 791 60 758 2466 2468 760 795 62 763 796 2474 797 2481 768 2476 767 2482 2483
34 17 2 3 2 758 2466 2468 760 759 2467 2469 761 2476 767 765 2482 2477 2483 2484 770 2479 769 2485 2486
35 17 2 3 2 759 2467 2469 761 85 808 806 84 2479 769 766 2485 2480 2486 2487 771 816 87 815 811
36 17 2 3 2 60 791 125 11 760 2468 824 104 797 63 768 798 2481 128 832 106 2483 772 2488 836
37 17 2 3 2 760 2468 824 104 761 2469 825 105 2483 772 770 2488 2484 836 834 107 2486 773 2489 837
38 17 2 3 2 761 2469 825 105 84 806 129 14 2486 773 771 2489 2487 837 835 108 811 86 810 131
39 17 2 3 2 114 115 792 790 854 856 2470 2466 117 794 859 799 864 800 2490 2474 863 2475 2491 2492
40 17 2 3 2 854 856 2470 2466 855 857 2471 2467 863 2475 861 2491 866 2492 2493 2477 865 2478 2494 2495
41 17 2 3 2 855 857 2471 2467 140 139 809 808 865 2478 862 2494 867 2495 2496 2480 142 820 821 818
42 17 2 3 2 790 792 793 791 2466 2470 2472 2468 800 796 2474 801 2490 802 2497 2481 2492 2482 2498 2499
43 17 2 3 2 2466 2470 2472 2468 2467 2471 2473 2469 2492 2482 2477 2498 2493 2499 2500 2484 2495 2485 2501 2502
44 17 2 3 2 2467 2471 2473 2469 808 809 807 806 2495 2485 2480 2501 2496 2502 2503 2487 818 815 817 813
45 17 2 3 2 791 793 124 125 2468 2472 822 824 802 798 2481 803 2497 127 827 832 2499 2488 2504 831
46 17 2 3 2 2468 2472 822 824 2469 2473 823 825 2499 2488 2484 2504 2500 831 829 834 2502 2489 2505 833
47 17 2 3 2 2469 2473 823 825 806 807 130 129 2502 2489 2487 2505 2503 833 830 835 813 810 812 132
48 17 2 3 2 115 3 119 792 856 149 838 2470 118 799 864 121 151 804 843 2490 868 2491 842 2506
49 17 2 3 2 856 149 838 2470 857 150 839 2471 868 2491 866 842 152 2506 845 2493 869 2494 844 2507
50 17 2 3 2 857 150 839 2471 139 6 135 809 869 2494 867 844 153 2507 846 2496 141 821 138 819
51 17 2 3 2 792 119 120 793 2470 838 840 2472 804 801 2490 122 843 805 848 2497 2506 2498 847 2508
52 17 2 3 2 2470 838 840 2472 2471 839 841 2473 2506 2498 2493 847 845 2508 850 2500 2507 2501 849 2509
53 17 2 3 2 2471 839 841 2473 809 135 134 807 2507 2501 2496 849 846 2509 851 2503 819 817 137 814
54 17 2 3 2 793 120 12 124 2472 840 144 822 805 803 2497 123 848 126 146 827 2508 2504 852 826
55 17 2 3 2 2472 840 144 822 2473 841 145 823 2508 2504 2500 852 850 826 147 829 2509 2505 853 828
56 17 2 3 2 2473 841 145 823 807 134 15 130 2509 2505 2503 853 851 828 148 830 814 812 136 133
57 17 2 3 3 710 74 4 90 2510 886 180 936 714 715 2518 76 890 93 183 943 2519 2520 891 948
58 17 2 3 3 2510 886 180 936 2511 887 179 937 2519 2520 2521 891 892 948 182 945 2522 2523 893 949
59 17 2 3 3 2511 887 179 937 870 154 7 170 2522 2523 2524 893 894 949 181 947 874 875 156 173
60 17 2 3 3 711 710 90 89 2512 2510 936 934 716 717 2525 715 2518 92 943 938 2526 2527 2520 944
61 17 2 3 3 2512 2510 936 934 2513 2511 937 935 2526 2527 2528 2520 2521 944 945 940 2529 2530 2523 946
62 17 2 3 3 2513 2511 937 935 871 870 170 169 2529 2530 2531 2523 2524 946 947 942 876 877 875 172
63 17 2 3 3 85 711 89 5 920 2512 934 189 718 88 927 717 2525 91 938 191 2532 932 2527 939
64 17 2 3 3 920 2512 934 189 921 2513 935 190 2532 932 929 2527 2528 939 940 192 2533 933 2530 941
65 17 2 3 3 921 2513 935 190 165 871 169 8 2533 933 931 2530 2531 941 942 193 878 168 877 171
66 17 2 3 3 712 75 74 710 2514 888 886 2510 719 720 2534 77 895 714 890 2518 2535 2536 896 2519
67 17 2 3 3 2514 888 886 2510 2515 889 887 2511 2535 2536 2537 896 897 2519 892 2521 2538 2539 898 2522
68 17 2 3 3 2515 889 887 2511 872 155 154 870 2538 2539 2540 898 899 2522 894 2524 879 880 157 874
69 17 2 3 3 713 712 710 711 2516 2514 2510 2512 721 722 2541 720 2534 716 2518 2525 2542 2543 2536 2526
70 17 2 3 3 2516 2514 2510 2512 2517 2515 2511 2513 2542 2543 2544 2536 2537 2526 2521 2528 2545 2546 2539 2529
71 17 2 3 3 2517 2515 2511 2513 873 872 870 871 2545 2546 2547 2539 2540 2529 2524 2531 881 882 880 876
72 17 2 3 3 84 713 711 85 918 2516 2512 920 723 87 922 722 2541 718 2525 927 2548 928 2543 2532
73 17 2 3 3 918 2516 2512 920 919 2517 2513 921 2548 928 924 2543 2544 2532 2528 929 2549 930 2546 2533
74 17 2 3 3 919 2517 2513 921 164 873 871 165 2549 930 926 2546 2547 2533 2531 931 883 167 882 878
75 17 2 3 3 79 13 75 712 902 174 888 2514 81 724 906 78 176 719 895 2534 907 2550 900 2535
76 17 2 3 3 902 174 888 2514 903 175 889 2515 907 2550 908 900 177 2535 897 2537 909 2551 901 2538
77 17 2 3 3 903 175 889 2515 159 16 155 872 909 2551 910 901 178 2538 899 2540 161 884 158 879
78 17 2 3 3 80 79 712 713 904 902 2514 2516 82 725 911 724 906 721 2534 2541 912 2552 2550 2542
79 17 2 3 3 904 902 2514 2516 905 903 2515 2517 912 2552 913 2550 908 2542 2537 2544 914 2553 2551 2545
80 17 2 3 3 905 903 2515 2517 160 159 872 873 914 2553 915 2551 910 2545 2540 2547 162 885 884 881
81 17 2 3 3 14 80 713 84 184 904 2516 918 83 86 186 725 911 723 2541 922 916 923 2552 2548
82 17 2 3 3 184 904 2516 918 185 905 2517 919 916 923 187 2552 913 2548 2544 924 917 925 2553 2549
83 17 2 3 3 185 905 2517 919 17 160 873 164 917 925 188 2553 915 2549 2547 926 163 166 885 883
84 17 2 3 4 14 84 806 129 184 918 2554 966 86 131 186 811 922 810 2562 970 923 971 2563 2564
85 17 2 3 4 184 918 2554 966 185 919 2555 967 923 971 187 2563 924 2564 2565 972 925 973 2566 2567
86 17 2 3 4 185 919 2555 967 17 164 950 194 925 973 188 2566 926 2567 2568 974 166 196 955 954
87 17 2 3 4 129 806 807 130 966 2554 2556 968 810 132 970 813 2562 812 2569 975 2564 976 2570 2571
88 17 2 3 4 966 2554 2556 968 967 2555 2557 969 2564 976 972 2570 2565 2571 2572 977 2567 978 2573 2574
89 17 2 3 4 967 2555 2557 969 194 950 951 195 2567 978 974 2573 2568 2574 2575 979 954 197 957 956
90 17 2 3 4 130 807 134 15 968 2556 982 209 812 133 975 814 2569 136 986 211 2571 980 2576 987
91 17 2 3 4 968 2556 982 209 969 2557 983 210 2571 980 977 2576 2572 987 988 212 2574 981 2577 989
92 17 2 3 4 969 2557 983 210 195 951 199 18 2574 981 979 2577 2575 989 990 213 956 198 958 201
93 17 2 3 4 84 85 808 806 918 920 2558 2554 87 811 922 816 927 815 2578 2562 928 2563 2579 2580
94 17 2 3 4 918 920 2558 2554 919 921 2559 2555 928 2563 924 2579 929 2580 2581 2565 930 2566 2582 2583
95 17 2 3 4 919 921 2559 2555 164 165 952 950 930 2566 926 2582 931 2583 2584 2568 167 955 960 959
96 17 2 3 4 806 808 809 807 2554 2558 2560 2556 815 813 2562 818 2578 817 2585 2569 2580 2570 2586 2587
97 17 2 3 4 2554 2558 2560 2556 2555 2559 2561 2557 2580 2570 2565 2586 2581 2587 2588 2572 2583 2573 2589 2590
98 17 2 3 4 2555 2559 2561 2557 950 952 953 951 2583 2573 2568 2589 2584 2590 2591 2575 959 957 962 961
99 17 2 3 4 807 809 135 134 2556 2560 984 982 817 814 2569 819 2585 137 991 986 2587 2576 2592 992
100 17 2 3 4 2556 2560 984 982 2557 2561 985 983 2587 2576 2572 2592 2588 992 993 988 2590 2577 2593 994
101 17 2 3 4 2557 2561 985 983 951 953 200 199 2590 2577 2575 2593 2591 994 995 990 961 958 963 202
102 17 2 3 4 85 5 140 808 920 189 1000 2558 88 816 927 143 191 820 1007 2578 932 2579 1012 2594
103 17 2 3 4 920 189 1000 2558 921 190 1001 2559 932 2579 929 1012 192 2594 1009 2581 933 2582 1013 2595
104 17 2 3 4 921 190 1001 2559 165 8 205 952 933 2582 931 1013 193 2595 1011 2584 168 960 208 964
105 17 2 3 4 808 140 139 809 2558 1000 998 2560 820 818 2578 142 1007 821 1002 2585 2594 2586 1008 2596
106 17 2 3 4 2558 1000 998 2560 2559 1001 999 2561 2594 2586 2581 1008 1009 2596 1004 2588 2595 2589 1010 2597
107 17 2 3 4 2559 1001 999 2561 952 205 204 953 2595 2589 2584 1010 1011 2597 1006 2591 964 962 207 965
108 17 2 3 4 809 139 6 135 2560 998 214 984 821 819 2585 141 1002 138 216 991 2596 2592 1003 996
109 17 2 3 4 2560 998 214 984 2561 999 215 985 2596 2592 2588 1003 1004 996 217 993 2597 2593 1005 997
110 17 2 3 4 2561 999 215 985 953 204 9 200 2597 2593 2591 1005 1006 997 218 995 965 963 206 203
111 17 2 3 5 1014 64 11 219 2598 742 104 1078 1019 1018 2606 66 747 221 106 1083 2607 2608 746 1082
112 17 2 3 5 2598 742 104 1078 2599 743 105 1079 2607 2608 2609 746 749 1082 107 1085 2610 2611 748 1084
113 17 2 3 5 2599 743 105 1079 1031 80 14 245 2610 2611 2612 748 750 1084 108 1086 1037 1038 83 248
114 17 2 3 5 1015 1014 219 220 2600 2598 1078 1080 1021 1020 2613 1018 2606 222 1083 1088 2614 2615 2608 1087
115 17 2 3 5 2600 2598 1078 1080 2601 2599 1079 1081 2614 2615 2616 2608 2609 1087 1085 1090 2617 2618 2611 1089
116 17 2 3 5 2601 2599 1079 1081 1033 1031 245 244 2617 2618 2619 2611 2612 1089 1086 1091 1042 1043 1038 247
117 17 2 3 5 224 1015 220 20 1062 2600 1080 254 1022 226 1067 1020 2613 223 1088 256 2620 1066 2615 1092
118 17 2 3 5 1062 2600 1080 254 1063 2601 1081 255 2620 1066 1069 2615 2616 1092 1090 257 2621 1068 2618 1093
119 17 2 3 5 1063 2601 1081 255 240 1033 244 23 2621 1068 1070 2618 2619 1093 1091 258 1045 243 1043 246
120 17 2 3 5 1016 65 64 1014 2602 744 742 2598 1024 1023 2622 67 752 1019 747 2606 2623 2624 751 2607
121 17 2 3 5 2602 744 742 2598 2603 745 743 2599 2623 2624 2625 751 754 2607 749 2609 2626 2627 753 2610
122 17 2 3 5 2603 745 743 2599 1030 79 80 1031 2626 2627 2628 753 755 2610 750 2612 1035 1036 82 1037
123 17 2 3 5 1017 1016 1014 1015 2604 2602 2598 2600 1026 1025 2629 1023 2622 1021 2606 2613 2630 2631 2624 2614
124 17 2 3 5 2604 2602 2598 2600 2605 2603 2599 2601 2630 2631 2632 2624 2625 2614 2609 2616 2633 2634 2627 2617
125 17 2 3 5 2605 2603 2599 2601 1032 1030 1031 1033 2633 2634 2635 2627 2628 2617 2612 2619 1040 1041 1036 1042
126 17 2 3 5 225 1017 1015 224 1064 2604 2600 1062 1027 227 1072 1025 2629 1022 2613 1067 2636 1071 2631 2620
127 17 2 3 5 1064 2604 2600 1062 1065 2605 2601 1063 2636 1071 1074 2631 2632 2620 2616 1069 2637 1073 2634 2621
128 17 2 3 5 1065 2605 2601 1063 239 1032 1033 240 2637 1073 1075 2634 2635 2621 2619 1070 1044 242 1041 1045
129 17 2 3 5 230 10 65 1016 1048 94 744 2602 233 1028 1056 68 96 1024 752 2622 1060 2638 756 2623
130 17 2 3 5 1048 94 744 2602 1049 95 745 2603 1060 2638 1058 756 97 2623 754 2625 1061 2639 757 2626
131 17 2 3 5 1049 95 745 2603 234 13 79 1030 1061 2639 1059 757 98 2626 755 2628 236 1034 81 1035
132 17 2 3 5 229 230 1016 1017 1046 1048 2602 2604 232 1029 1051 1028 1056 1026 2622 2629 1055 2640 2638 2630
133 17 2 3 5 1046 1048 2602 2604 1047 1049 2603 2605 1055 2640 1053 2638 1058 2630 2625 2632 1057 2641 2639 2633
134 17 2 3 5 1047 1049 2603 2605 235 234 1030 1032 1057 2641 1054 2639 1059 2633 2628 2635 237 1039 1034 1040
135 17 2 3 5 19 229 1017 225 249 1046 2604 1064 231 228 251 1029 1051 1027 2629 1072 1050 1076 2640 2636
136 17 2 3 5 249 1046 2604 1064 250 1047 2605 1065 1050 1076 252 2640 1053 2636 2632 1074 1052 1077 2641 2637
137 17 2 3 5 250 1047 2605 1065 22 235 1032 239 1052 1077 253 2641 1054 2637 2635 1075 238 241 1039 1044
138 17 2 3 6 1094 124 12 259 2642 822 144 1142 1099 1098 2650 126 827 261 146 1147 2651 2652 826 1146
139 17 2 3 6 2642 822 144 1142 2643 823 145 1143 2651 2652 2653 826 829 1146 147 1149 2654 2655 828 1148
140 17 2 3 6 2643 823 145 1143 1113 130 15 275 2654 2655 2656 828 830 1148 148 1150 1125 1123 133 278
141 17 2 3 6 1095 1094 259 260 2644 2642 1142 1144 1101 1100 2657 1098 2650 262 1147 1152 2658 2659 2652 1151
142 17 2 3 6 2644 2642 1142 1144 2645 2643 1143 1145 2658 2659 2660 2652 2653 1151 1149 1154 2661 2662 2655 1153
143 17 2 3 6 2645 2643 1143 1145 1111 1113 275 274 2661 2662 2663 2655 2656 1153 1150 1155 1121 1118 1123 277
144 17 2 3 6 264 1095 260 21 1126 2644 1144 279 1102 266 1131 1100 2657 263 1152 281 2664 1130 2659 1156
145 17 2 3 6 1126 2644 1144 279 1127 2645 1145 280 2664 1130 1133 2659 2660 1156 1154 282 2665 1132 2662 1157
146 17 2 3 6 1127 2645 1145 280 270 1111 274 24 2665 1132 1134 2662 2663 1157 1155 283 1116 273 1118 276
147 17 2 3 6 1096 125 124 1094 2646 824 822 2642 1104 1103 2666 127 832 1099 827 2650 2667 2668 831 2651
148 17 2 3 6 2646 824 822 2642 2647 825 823 2643 2667 2668 2669 831 834 2651 829 2653 2670 2671 833 2654
149 17 2 3 6 2647 825 823 2643 1112 129 130 1113 2670 2671 2672 833 835 2654 830 2656 1124 1122 132 1125
150 17 2 3 6 1097 1096 1094 1095 2648 2646 2642 2644 1106 1105 2673 1103 2666 1101 2650 2657 2674 2675 2668 2658
151 17 2 3 6 2648 2646 2642 2644 2649 2647 2643 2645 2674 2675 2676 2668 2669 2658 2653 2660 2677 2678 2671 2661
152 17 2 3 6 2649 2647 2643 2645 1110 1112 1113 1111 2677 2678 2679 2671 2672 2661 2656 2663 1119 1117 1122 1121
153 17 2 3 6 265 1097 1095 264 1128 2648 2644 1126 1107 267 1136 1105 2673 1102 2657 1131 2680 1135 2675 2664
154 17 2 3 6 1128 2648 2644 1126 1129 2649 2645 1127 2680 1135 1138 2675 2676 2664 2660 1133 2681 1137 2678 2665
155 17 2 3 6 1129 2649 2645 1127 269 1110 1111 270 2681 1137 1139 2678 2679 2665 2663 1134 1114 272 1117 1116
156 17 2 3 6 219 11 125 1096 1078 104 824 2646 221 1108 1083 128 106 1104 832 2666 1082 2682 836 2667
157 17 2 3 6 1078 104 824 2646 1079 105 825 2647 1082 2682 1085 836 107 2667 834 2669 1084 2683 837 2670
158 17 2 3 6 1079 105 825 2647 245 14 129 1112 1084 2683 1086 837 108 2670 835 2672 248 1120 131 1124
159 17 2 3 6 220 219 1096 1097 1080 1078 2646 2648 222 1109 1088 1108 1083 1106 2666 2673 1087 2684 2682 2674
160 17 2 3 6 1080 1078 2646 2648 1081 1079 2647 2649 1087 2684 1090 2682 1085 2674 2669 2676 1089 2685 2683 2677
161 17 2 3 6 1081 1079 2647 2649 244 245 1112 1110 1089 2685 1091 2683 1086 2677 2672 2679 247 1115 1120 1119
162 17 2 3 6 20 220 1097 265 254 1080 2648 1128 223 268 256 1109 1088 1107 2673 1136 1092 1140 2684 2680
163 17 2 3 6 254 1080 2648 1128 255 1081 2649 1129 1092 1140 257 2684 1090 2680 2676 1138 1093 1141 2685 2681
164 17 2 3 6 255 1081 2649 1129 23 244 1110 269 1093 1141 258 2685 1091 2681 2679 1139 246 271 1115 1114
165 17 2 3 7 1030 234 13 79 2686 1174 174 902 1034 1035 2694 236 1178 81 176 906 2695 2696 1179 907
166 17 2 3 7 2686 1174 174 902 2687 1175 175 903 2695 2696 2697 1179 1180 907 177 908 2698 2699 1181 909
167 17 2 3 7 2687 1175 175 903 1158 284 16 159 2698 2699 2700 1181 1182 909 178 910 1162 1163 286 161
168 17 2 3 7 1031 1030 79 80 2688 2686 902 904 1036 1037 2701 1035 2694 82 906 911 2702 2703 2696 912
169 17 2 3 7 2688 2686 902 904 2689 2687 903 905 2702 2703 2704 2696 2697 912 908 913 2705 2706 2699 914
170 17 2 3 7 2689 2687 903 905 1159 1158 159 160 2705 2706 2707 2699 2700 914 910 915 1164 1165 1163 162
171 17 2 3 7 245 1031 80 14 1208 2688 904 184 1038 248 1215 1037 2701 83 911 186 2708 1220 2703 916
172 17 2 3 7 1208 2688 904 184 1209 2689 905 185 2708 1220 1217 2703 2704 916 913 187 2709 1221 2706 917
173 17 2 3 7 1209 2689 905 185 295 1159 160 17 2709 1221 1219 2706 2707 917 915 188 1166 298 1165 163
174 17 2 3 7 1032 235 234 1030 2690 1176 1174 2686 1039 1040 2710 237 1183 1034 1178 2694 2711 2712 1184 2695
175 17 2 3 7 2690 1176 1174 2686 2691 1177 1175 2687 2711 2712 2713 1184 1185 2695 1180 2697 2714 2715 1186 2698
176 17 2 3 7 2691 1177 1175 2687 1160 285 284 1158 2714 2715 2716 1186 1187 2698 1182 2700 1167 1168 287 1162
177 17 2 3 7 1033 1032 1030 1031 2692 2690 2686 2688 1041 1042 2717 1040 2710 1036 2694 2701 2718 2719 2712 2702
178 17 2 3 7 2692 2690 2686 2688 2693 2691 2687 2689 2718 2719 2720 2712 2713 2702 2697 2704 2721 2722 2715 2705
179 17 2 3 7 2693 2691 2687 2689 1161 1160 1158 1159 2721 2722 2723 2715 2716 2705 2700 2707 1169 1170 1168 1164
180 17 2 3 7 244 1033 1031 245 1206 2692 2688 1208 1043 247 1210 1042 2717 1038 2701 1215 2724 1216 2719 2708
181 17 2 3 7 1206 2692 2688 1208 1207 2693 2689 1209 2724 1216 1212 2719 2720 2708 2704 1217 2725 1218 2722 2709
182 17 2 3 7 1207 2693 2689 1209 294 1161 1159 295 2725 1218 1214 2722 2723 2709 2707 1219 1171 297 1170 1166
183 17 2 3 7 239 22 235 1032 1190 299 1176 2690 241 1044 1194 238 301 1039 1183 2710 1195 2726 1188 2711
184 17 2 3 7 1190 299 1176 2690 1191 300 1177 2691 1195 2726 1196 1188 302 2711 1185 2713 1197 2727 1189 2714
185 17 2 3 7 1191 300 1177 2691 289 25 285 1160 1197 2727 1198 1189 303 2714 1187 2716 291 1172 288 1167
186 17 2 3 7 240 239 1032 1033 1192 1190 2690 2692 242 1045 1199 1044 1194 1041 2710 2717 1200 2728 2726 2718
187 17 2 3 7 1192 1190 2690 2692 1193 1191 2691 2693 1200 2728 1201 2726 1196 2718 2713 2720 1202 2729 2727 2721
188 17 2 3 7 1193 1191 2691 2693 290 289 1160 1161 1202 2729 1203 2727 1198 2721 2716 2723 292 1173 1172 1169
189 17 2 3 7 23 240 1033 244 304 1192 2692 1206 243 246 306 1045 1199 1043 2717 1210 1204 1211 2728 2724
190 17 2 3 7 304 1192 2692 1206 305 1193 2693 1207 1204 1211 307 2728 1201 2724 2720 1212 1205 1213 2729 2725
191 17 2 3 7 305 1193 2693 1207 26 290 1161 294 1205 1213 308 2729 1203 2725 2723 1214 293 296 1173 1171
192 17 2 3 8 23 244 1110 269 304 1206 2730 1238 246 271 306 1115 1210 1114 2738 1242 1211 1243 2739 2740
193 17 2 3 8 304 1206 2730 1238 305 1207 2731 1239 1211 1243 307 2739 1212 2740 2741 1244 1213 1245 2742 2743
194 17 2 3 8 305 1207 2731 1239 26 294 1222 309 1213 1245 308 2742 1214 2743 2744 1246 296 311 1227 1226
195 17 2 3 8 269 1110 1111 270 1238 2730 2732 1240 1114 272 1242 1117 2738 1116 2745 1247 2740 1248 2746 2747
196 17 2 3 8 1238 2730 2732 1240 1239 2731 2733 1241 2740 1248 1244 2746 2741 2747 2748 1249 2743 1250 2749 2750
197 17 2 3 8 1239 2731 2733 1241 309 1222 1223 310 2743 1250 1246 2749 2744 2750 2751 1251 1226 312 1229 1228
198 17 2 3 8 270 1111 274 24 1240 2732 1254 319 1116 273 1247 1118 2745 276 1258 321 2747 1252 2752 1259
199 17 2 3 8 1240 2732 1254 319 1241 2733 1255 320 2747 1252 1249 2752 2748 1259 1260 322 2750 1253 2753 1261
200 17 2 3 8 1241 2733 1255 320 310 1223 314 27 2750 1253 1251 2753 2751 1261 1262 323 1228 313 1230 316
201 17 2 3 8 244 245 1112 1110 1206 1208 2734 2730 247 1115 1210 1120 1215 1119 2754 2738 1216 2739 2755 2756
202 17 2 3 8 1206 1208 2734 2730 1207 1209 2735 2731 1216 2739 1212 2755 1217 2756 2757 2741 1218 2742 2758 2759
203 17 2 3 8 1207 1209 2735 2731 294 295 1224 1222 1218 2742 1214 2758 1219 2759 2760 2744 297 1227 1232 1231
204 17 2 3 8 1110 1112 1113 1111 2730 2734 2736 2732 1119 1117 2738 1122 2754 1121 2761 2745 2756 2746 2762 2763
205 17 2 3 8 2730 2734 2736 2732 2731 2735 2737 2733 2756 2746 2741 2762 2757 2763 2764 2748 2759 2749 2765 2766
206 17 2 3 8 2731 2735 2737 2733 1222 1224 1225 1223 2759 2749 2744 2765 2760 2766 2767 2751 1231 1229 1234 1233
207 17 2 3 8 1111 1113 275 274 2732 2736 1256 1254 1121 1118 2745 1123 2761 277 1263 1258 2763 2752 2768 1264
208 17 2 3 8 2732 2736 1256 1254 2733 2737 1257 1255 2763 2752 2748 2768 2764 1264 1265 1260 2766 2753 2769 1266
209 17 2 3 8 2733 2737 1257 1255 1223 1225 315 314 2766 2753 2751 2769 2767 1266 1267 1262 1233 1230 1235 317
210 17 2 3 8 245 14 129 1112 1208 184 966 2734 248 1120 1215 131 186 1124 970 2754 1220 2755 971 2770
211 17 2 3 8 1208 184 966 2734 1209 185 967 2735 1220 2755 1217 971 187 2770 972 2757 1221 2758 973 2771
212 17 2 3 8 1209 185 967 2735 295 17 194 1224 1221 2758 1219 973 188 2771 974 2760 298 1232 196 1236
213 17 2 3 8 1112 129 130 1113 2734 966 968 2736 1124 1122 2754 132 970 1125 975 2761 2770 2762 976 2772
214 17 2 3 8 2734 966 968 2736 2735 967 969 2737 2770 2762 2757 976 972 2772 977 2764 2771 2765 978 2773
215 17 2 3 8 2735 967 969 2737 1224 194 195 1225 2771 2765 2760 978 974 2773 979 2767 1236 1234 197 1237
216 17 2 3 8 1113 130 15 275 2736 968 209 1256 1125 1123 2761 133 975 278 211 1263 2772 2768 980 1268
217 17 2 3 8 2736 968 209 1256 2737 969 210 1257 2772 2768 2764 980 977 1268 212 1265 2773 2769 981 1269
218 17 2 3 8 2737 969 210 1257 1225 195 18 315 2773 2769 2767 981 979 1269 213 1267 1237 1235 198 318
219 17 2 3 9 870 154 7 170 2774 1286 350 1336 874 875 2782 156 1290 173 353 1343 2783 2784 1291 1348
220 17 2 3 9 2774 1286 350 1336 2775 1287 349 1337 2783 2784 2785 1291 1292 1348 352 1345 2786 2787 1293 1349
221 17 2 3 9 2775 1287 349 1337 1270 324 34 340 2786 2787 2788 1293 1294 1349 351 1347 1274 1275 326 343
222 17 2 3 9 871 870 170 169 2776 2774 1336 1334 876 877 2789 875 2782 172 1343 1338 2790 2791 2784 1344
223 17 2 3 9 2776 2774 1336 1334 2777 2775 1337 1335 2790 2791 2792 2784 2785 1344 1345 1340 2793 2794 2787 1346
224 17 2 3 9 2777 2775 1337 1335 1271 1270 340 339 2793 2794 2795 2787 2788 1346 1347 1342 1276 1277 1275 342
225 17 2 3 9 165 871 169 8 1320 2776 1334 359 878 168 1327 877 2789 171 1338 361 2796 1332 2791 1339
226 17 2 3 9 1320 2776 1334 359 1321 2777 1335 360 2796 1332 1329 2791 2792 1339 1340 362 2797 1333 2794 1341
227 17 2 3 9 1321 2777 1335 360 335 1271 339 35 2797 1333 1331 2794 2795 1341 1342 363 1278 338 1277 341
228 17 2 3 9 872 155 154 870 2778 1288 1286 2774 879 880 2798 157 1295 874 1290 2782 2799 2800 1296 2783
229 17 2 3 9 2778 1288 1286 2774 2779 1289 1287 2775 2799 2800 2801 1296 1297 2783 1292 2785 2802 2803 1298 2786
230 17 2 3 9 2779 1289 1287 2775 1272 325 324 1270 2802 2803 2804 1298 1299 2786 1294 2788 1279 1280 327 1274
231 17 2 3 9 873 872 870 871 2780 2778 2774 2776 881 882 2805 880 2798 876 2782 2789 2806 2807 2800 2790
232 17 2 3 9 2780 2778 2774 2776 2781 2779 2775 2777 2806 2807 2808 2800 2801 2790 2785 2792 2809 2810 2803 2793
233 17 2 3 9 2781 2779 2775 2777 1273 1272 1270 1271 2809 2810 2811 2803 2804 2793 2788 2795 1281 1282 1280 1276
234 17 2 3 9 164 873 871 165 1318 2780 2776 1320 883 167 1322 882 2805 878 2789 1327 2812 1328 2807 2796
235 17 2 3 9 1318 2780 2776 1320 1319 2781 2777 1321 2812 1328 1324 2807 2808 2796 2792 1329 2813 1330 2810 2797
236 17 2 3 9 1319 2781 2777 1321 334 1273 1271 335 2813 1330 1326 2810 2811 2797 2795 1331 1283 337 1282 1278
237 17 2 3 9 159 16 155 872 1302 344 1288 2778 161 884 1306 158 346 879 1295 2798 1307 2814 1300 2799
238 17 2 3 9 1302 344 1288 2778 1303 345 1289 2779 1307 2814 1308 1300 347 2799 1297 2801 1309 2815 1301 2802
239 17 2 3 9 1303 345 1289 2779 329 42 325 1272 1309 2815 1310 1301 348 2802 1299 2804 331 1284 328 1279
240 17 2 3 9 160 159 872 873 1304 1302 2778 2780 162 885 1311 884 1306 881 2798 2805 1312 2816 2814 2806
241 17 2 3 9 1304 1302 2778 2780 1305 1303 2779 2781 1312 2816 1313 2814 1308 2806 2801 2808 1314 2817 2815 2809
242 17 2 3 9 1305 1303 2779 2781 330 329 1272 1273 1314 2817 1315 2815 1310 2809 2804 2811 332 1285 1284 1281
243 17 2 3 9 17 160 873 164 354 1304 2780 1318 163 166 356 885 1311 883 2805 1322 1316 1323 2816 2812
244 17 2 3 9 354 1304 2780 1318 355 1305 2781 1319 1316 1323 357 2816 1313 2812 2808 1324 1317 1325 2817 2813
245 17 2 3 9 355 1305 2781 1319 43 330 1273 334 1317 1325 358 2817 1315 2813 2811 1326 333 336 1285 1283
246 17 2 3 10 17 164 950 194 354 1318 2818 1366 166 196 356 955 1322 954 2826 1370 1323 1371 2827 2828
247 17 2 3 10 354 1318 2818 1366 355 1319 2819 1367 1323 1371 357 2827 1324 2828 2829 1372 1325 1373 2830 2831
248 17 2 3 10 355 1319 2819 1367 43 334 1350 364 1325 1373 358 2830 1326 2831 2832 1374 336 366 1355 1354
249 17 2 3 10 194 950 951 195 1366 2818 2820 1368 954 197 1370 957 2826 956 2833 1375 2828 1376 2834 2835
250 17 2 3 10 1366 2818 2820 1368 1367 2819 2821 1369 2828 1376 1372 2834 2829 2835 2836 1377 2831 1378 2837 2838
251 17 2 3 10 1367 2819 2821 1369 364 1350 1351 365 2831 1378 1374 2837 2832 2838 2839 1379 1354 367 1357 1356
252 17 2 3 10 195 951 199 18 1368 2820 1382 379 956 198 1375 958 2833 201 1386 381 2835 1380 2840 1387
253 17 2 3 10 1368 2820 1382 379 1369 2821 1383 380 2835 1380 1377 2840 2836 1387 1388 382 2838 1381 2841 1389
254 17 2 3 10 1369 2821 1383 380 365 1351 369 44 2838 1381 1379 2841 2839 1389 1390 383 1356 368 1358 371
255 17 2 3 10 164 165 952 950 1318 1320 2822 2818 167 955 1322 960 1327 959 2842 2826 1328 2827 2843 2844
256 17 2 3 10 1318 1320 2822 2818 1319 1321 2823 2819 1328 2827 1324 2843 1329 2844 2845 2829 1330 2830 2846 2847
257 17 2 3 10 1319 1321 2823 2819 334 335 1352 1350 1330 2830 1326 2846 1331 2847 2848 2832 337 1355 1360 1359
258 17 2 3 10 950 952 953 951 2818 2822 2824 2820 959 957 2826 962 2842 961 2849 2833 2844 2834 2850 2851
259 17 2 3 10 2818 2822 2824 2820 2819 2823 2825 2821 2844 2834 2829 2850 2845 2851 2852 2836 2847 2837 2853 2854
260 17 2 3 10 2819 2823 2825 2821 1350 1352 1353 1351 2847 2837 2832 2853 2848 2854 2855 2839 1359 1357 1362 1361
261 17 2 3 10 951 953 200 199 2820 2824 1384 1382 961 958 2833 963 2849 202 1391 1386 2851 2840 2856 1392
262 17 2 3 10 2820 2824 1384 1382 2821 2825 1385 1383 2851 2840 2836 2856 2852 1392 1393 1388 2854 2841 2857 1394
263 17 2 3 10 2821 2825 1385 1383 1351 1353 370 369 2854 2841 2839 2857 2855 1394 1395 1390 1361 1358 1363 372
264 17 2 3 10 165 8 205 952 1320 359 1400 2822 168 960 1327 208 361 964 1407 2842 1332 2843 1412 2858
265 17 2 3 10 1320 359 1400 2822 1321 360 1401 2823 1332 2843 1329 1412 362 2858 1409 2845 1333 2846 1413 2859
266 17 2 3 10 1321 360 1401 2823 335 35 375 1352 1333 2846 1331 1413 363 2859 1411 2848 338 1360 378 1364
267 17 2 3 10 952 205 204 953 2822 1400 1398 2824 964 962 2842 207 1407 965 1402 2849 2858 2850 1408 2860
268 17 2 3 10 2822 1400 1398 2824 2823 1401 1399 2825 2858 2850 2845 1408 1409 2860 1404 2852 2859 2853 1410 2861
269 17 2 3 10 2823 1401 1399 2825 1352 375 374 1353 2859 2853 2848 1410 1411 2861 1406 2855 1364 1362 377 1365
270 17 2 3 10 953 204 9 200 2824 1398 384 1384 965 963 2849 206 1402 203 386 1391 2860 2856 1403 1396
271 17 2 3 10 2824 1398 384 1384 2825 1399 385 1385 2860 2856 2852 1403 1404 1396 387 1393 2861 2857 1405 1397
272 17 2 3 10 2825 1399 385 1385 1353 374 36 370 2861 2857 2855 1405 1406 1397 388 1395 1365 1363 376 373
273 17 2 3 11 1158 284 16 159 2862 1430 344 1302 1162 1163 2870 286 1434 161 346 1306 2871 2872 1435 1307
274 17 2 3 11 2862 1430 344 1302 2863 1431 345 1303 2871 2872 2873 1435 1436 1307 347 1308 2874 2875 1437 1309
275 17 2 3 11 2863 1431 345 1303 1414 389 42 329 2874 2875 2876 1437 1438 1309 348 1310 1418 1419 391 331
276 17 2 3 11 1159 1158 159 160 2864 2862 1302 1304 1164 1165 2877 1163 2870 162 1306 1311 2878 2879 2872 1312
277 17 2 3 11 2864 2862 1302 1304 2865 2863 1303 1305 2878 2879 2880 2872 2873 1312 1308 1313 2881 2882 2875 1314
278 17 2 3 11 2865 2863 1303 1305 1415 1414 329 330 2881 2882 2883 2875 2876 1314 1310 1315 1420 1421 1419 332
279 17 2 3 11 295 1159 160 17 1464 2864 1304 354 1166 298 1471 1165 2877 163 1311 356 2884 1476 2879 1316
280 17 2 3 11 1464 2864 1304 354 1465 2865 1305 355 2884 1476 1473 2879 2880 1316 1313 357 2885 1477 2882 1317
281 17 2 3 11 1465 2865 1305 355 400 1415 330 43 2885 1477 1475 2882 2883 1317 1315 358 1422 403 1421 333
282 17 2 3 11 1160 285 284 1158 2866 1432 1430 2862 1167 1168 2886 287 1439 1162 1434 2870 2887 2888 1440 2871
283 17 2 3 11 2866 1432 1430 2862 2867 1433 1431 2863 2887 2888 2889 1440 1441 2871 1436 2873 2890 2891 1442 2874
284 17 2 3 11 2867 1433 1431 2863 1416 390 389 1414 2890 2891 2892 1442 1443 2874 1438 2876 1423 1424 392 1418
285 17 2 3 11 1161 1160 1158 1159 2868 2866 2862 2864 1169 1170 2893 1168 2886 1164 2870 2877 2894 2895 2888 2878
286 17 2 3 11 2868 2866 2862 2864 2869 2867 2863 2865 2894 2895 2896 2888 2889 2878 2873 2880 2897 2898 2891 2881
287 17 2 3 11 2869 2867 2863 2865 1417 1416 1414 1415 2897 2898 2899 2891 2892 2881 2876 2883 1425 1426 1424 1420
288 17 2 3 11 294 1161 1159 295 1462 2868 2864 1464 1171 297 1466 1170 2893 1166 2877 1471 2900 1472 2895 2884
289 17 2 3 11 1462 2868 2864 1464 1463 2869 2865 1465 2900 1472 1468 2895 2896 2884 2880 1473 2901 1474 2898 2885
290 17 2 3 11 1463 2869 2865 1465 399 1417 1415 400 2901 1474 1470 2898 2899 2885 2883 1475 1427 402 1426 1422
291 17 2 3 11 289 25 285 1160 1446 404 1432 2866 291 1172 1450 288 406 1167 1439 2886 1451 2902 1444 2887
292 17 2 3 11 1446 404 1432 2866 1447 405 1433 2867 1451 2902 1452 1444 407 2887 1441 2889 1453 2903 1445 2890
293 17 2 3 11 1447 405 1433 2867 394 51 390 1416 1453 2903 1454 1445 408 2890 1443 2892 396 1428 393 1423
294 17 2 3 11 290 289 1160 1161 1448 1446 2866 2868 292 1173 1455 1172 1450 1169 2886 2893 1456 2904 2902 2894
295 17 2 3 11 1448 1446 2866 2868 1449 1447 2867 2869 1456 2904 1457 2902 1452 2894 2889 2896 1458 2905 2903 2897
296 17 2 3 11 1449 1447 2867 2869 395 394 1416 1417 1458 2905 1459 2903 1454 2897 2892 2899 397 1429 1428 1425
297 17 2 3 11 26 290 1161 294 409 1448 2868 1462 293 296 411 1173 1455 1171 2893 1466 1460 1467 2904 2900
298 17 2 3 11 409 1448 2868 1462 410 1449 2869 1463 1460 1467 412 2904 1457 2900 2896 1468 1461 1469 2905 2901
299 17 2 3 11 410 1449 2869 1463 52 395 1417 399 1461 1469 413 2905 1459 2901 2899 1470 398 401 1429 1427
300 17 2 3 12 26 294 1222 309 409 1462 2906 1494 296 311 411 1227 1466 1226 2914 1498 1467 1499 2915 2916
301 17 2 3 12 409 1462 2906 1494 410 1463 2907 1495 1467 1499 412 2915 1468 2916 2917 1500 1469 1501 2918 2919
302 17 2 3 12 410 1463 2907 1495 52 399 1478 414 1469 1501 413 2918 1470 2919 2920 1502 401 416 1483 1482
303 17 2 3 12 309 1222 1223 310 1494 2906 2908 1496 1226 312 1498 1229 2914 1228 2921 1503 2916 1504 2922 2923
304 17 2 3 12 1494 2906 2908 1496 1495 2907 2909 1497 2916 1504 1500 2922 2917 2923 2924 1505 2919 1506 2925 2926
305 17 2 3 12 1495 2907 2909 1497 414 1478 1479 415 2919 1506 1502 2925 2920 2926 2927 1507 1482 417 1485 1484
306 17 2 3 12 310 1223 314 27 1496 2908 1510 424 1228 313 1503 1230 2921 316 1514 426 2923 1508 2928 1515
307 17 2 3 12 1496 2908 1510 424 1497 2909 1511 425 2923 1508 1505 2928 2924 1515 1516 427 2926 1509 2929 1517
308 17 2 3 12 1497 2909 1511 425 415 1479 419 53 2926 1509 1507 2929 2927 1517 1518 428 1484 418 1486 421
309 17 2 3 12 294 295 1224 1222 1462 1464 2910 2906 297 1227 1466 1232 1471 1231 2930 2914 1472 2915 2931 2932
310 17 2 3 12 1462 1464 2910 2906 1463 1465 2911 2907 1472 2915 1468 2931 1473 2932 2933 2917 1474 2918 2934 2935
311 17 2 3 12 1463 1465 2911 2907 399 400 1480 1478 1474 2918 1470 2934 1475 2935 2936 2920 402 1483 1488 1487
312 17 2 3 12 1222 1224 1225 1223 2906 2910 2912 2908 1231 1229 2914 1234 2930 1233 2937 2921 2932 2922 2938 2939
313 17 2 3 12 2906 2910 2912 2908 2907 2911 2913 2909 2932 2922 2917 2938 2933 2939 2940 2924 2935 2925 2941 2942
314 17 2 3 12 2907 2911 2913 2909 1478 1480 1481 1479 2935 2925 2920 2941 2936 2942 2943 2927 1487 1485 1490 1489
315 17 2 3 12 1223 1225 315 314 2908 2912 1512 1510 1233 1230 2921 1235 2937 317 1519 1514 2939 2928 2944 1520
316 17 2 3 12 2908 2912 1512 1510 2909 2913 1513 1511 2939 2928 2924 2944 2940 1520 1521 1516 2942 2929 2945 1522
317 17 2 3 12 2909 2913 1513 1511 1479 1481 420 419 2942 2929 2927 2945 2943 1522 1523 1518 1489 1486 1491 422
318 17 2 3 12 295 17 194 1224 1464 354 1366 2910 298 1232 1471 196 356 1236 1370 2930 1476 2931 1371 2946
319 17 2 3 12 1464 354 1366 2910 1465 355 1367 2911 1476 2931 1473 1371 357 2946 1372 2933 1477 2934 1373 2947
320 17 2 3 12 1465 355 1367 2911 400 43 364 1480 1477 2934 1475 1373 358 2947 1374 2936 403 1488 366 1492
321 17 2 3 12 1224 194 195 1225 2910 1366 1368 2912 1236 1234 2930 197 1370 1237 1375 2937 2946 2938 1376 2948
322 17 2 3 12 2910 1366 1368 2912 2911 1367 1369 2913 2946 2938 2933 1376 1372 2948 1377 2940 2947 2941 1378 2949
323 17 2 3 12 2911 1367 1369 2913 1480 364 365 1481 2947 2941 2936 1378 1374 2949 1379 2943 1492 1490 367 1493
324 17 2 3 12 1225 195 18 315 2912 1368 379 1512 1237 1235 2937 198 1375 318 381 1519 2948 2944 1380 1524
325 17 2 3 12 2912 1368 379 1512 2913 1369 380 1513 2948 2944 2940 1380 1377 1524 382 1521 2949 2945 1381 1525
326 17 2 3 12 2913 1369 380 1513 1481 365 44 420 2949 2945 2943 1381 1379 1525 383 1523 1493 1491 368 423
327 17 2 3 13 28 429 1526 445 455 1590 2950 1544 431 448 458 1530 1595 1531 2958 1552 1594 1556 2959 2960
328 17 2 3 13 455 1590 2950 1544 454 1591 2951 1545 1594 1556 457 2959 1597 2960 2961 1554 1596 1557 2962 2963
329 17 2 3 13 454 1591 2951 1545 1 54 694 70 1596 1557 456 2962 1598 2963 2964 1555 56 73 698 699
330 17 2 3 13 445 1526 1527 444 1544 2950 2952 1542 1531 447 1552 1532 2958 1533 2965 1547 2960 1551 2966 2967
331 17 2 3 13 1544 2950 2952 1542 1545 2951 2953 1543 2960 1551 1554 2966 2961 2967 2968 1549 2963 1553 2969 2970
332 17 2 3 13 1545 2951 2953 1543 70 694 695 69 2963 1553 1555 2969 2964 2970 2971 1550 699 72 700 701
333 17 2 3 13 444 1527 440 37 1542 2952 1560 449 1533 446 1547 1534 2965 443 1568 451 2967 1546 2972 1572
334 17 2 3 13 1542 2952 1560 449 1543 2953 1561 450 2967 1546 1549 2972 2968 1572 1570 452 2970 1548 2973 1573
335 17 2 3 13 1543 2953 1561 450 69 695 65 10 2970 1548 1550 2973 2971 1573 1571 453 701 71 702 68
336 17 2 3 13 429 430 1528 1526 1590 1592 2954 2950 432 1530 1595 1535 1600 1536 2974 2958 1599 2959 2975 2976
337 17 2 3 13 1590 1592 2954 2950 1591 1593 2955 2951 1599 2959 1597 2975 1602 2976 2977 2961 1601 2962 2978 2979
338 17 2 3 13 1591 1593 2955 2951 54 55 696 694 1601 2962 1598 2978 1603 2979 2980 2964 57 698 703 704
339 17 2 3 13 1526 1528 1529 1527 2950 2954 2956 2952 1536 1532 2958 1537 2974 1538 2981 2965 2976 2966 2982 2983
340 17 2 3 13 2950 2954 2956 2952 2951 2955 2957 2953 2976 2966 2961 2982 2977 2983 2984 2968 2979 2969 2985 2986
341 17 2 3 13 2951 2955 2957 2953 694 696 697 695 2979 2969 2964 2985 2980 2986 2987 2971 704 700 705 706
342 17 2 3 13 1527 1529 439 440 2952 2956 1558 1560 1538 1534 2965 1539 2981 442 1563 1568 2983 2972 2988 1567
343 17 2 3 13 2952 2956 1558 1560 2953 2957 1559 1561 2983 2972 2968 2988 2984 1567 1565 1570 2986 2973 2989 1569
344 17 2 3 13 2953 2957 1559 1561 695 697 64 65 2986 2973 2971 2989 2987 1569 1566 1571 706 702 707 67
345 17 2 3 13 430 29 434 1528 1592 464 1574 2954 433 1535 1600 436 466 1540 1579 2974 1604 2975 1578 2990
346 17 2 3 13 1592 464 1574 2954 1593 465 1575 2955 1604 2975 1602 1578 467 2990 1581 2977 1605 2978 1580 2991
347 17 2 3 13 1593 465 1575 2955 55 2 59 696 1605 2978 1603 1580 468 2991 1582 2980 58 703 61 708
348 17 2 3 13 1528 434 435 1529 2954 1574 1576 2956 1540 1537 2974 437 1579 1541 1584 2981 2990 2982 1583 2992
349 17 2 3 13 2954 1574 1576 2956 2955 1575 1577 2957 2990 2982 2977 1583 1581 2992 1586 2984 2991 2985 1585 2993
350 17 2 3 13 2955 1575 1577 2957 696 59 60 697 2991 2985 2980 1585 1582 2993 1587 2987 708 705 62 709
351 17 2 3 13 1529 435 38 439 2956 1576 459 1558 1541 1539 2981 438 1584 441 461 1563 2992 2988 1588 1562
352 17 2 3 13 2956 1576 459 1558 2957 1577 460 1559 2992 2988 2984 1588 1586 1562 462 1565 2993 2989 1589 1564
353 17 2 3 13 2957 1577 460 1559 697 60 11 64 2993 2989 2987 1589 1587 1564 463 1566 709 707 63 66
354 17 2 3 14 29 469 1606 434 464 1654 2994 1574 471 436 466 1610 1659 1611 3002 1579 1658 1578 3003 3004
355 17 2 3 14 464 1654 2994 1574 465 1655 2995 1575 1658 1578 467 3003 1661 3004 3005 1581 1660 1580 3006 3007
356 17 2 3 14 465 1655 2995 1575 2 114 790 59 1660 1580 468 3006 1662 3007 3008 1582 116 61 794 795
357 17 2 3 14 434 1606 1607 435 1574 2994 2996 1576 1611 437 1579 1612 3002 1613 3009 1584 3004 1583 3010 3011
358 17 2 3 14 1574 2994 2996 1576 1575 2995 2997 1577 3004 1583 1581 3010 3005 3011 3012 1586 3007 1585 3013 3014
359 17 2 3 14 1575 2995 2997 1577 59 790 791 60 3007 1585 1582 3013 3008 3014 3015 1587 795 62 796 797
360 17 2 3 14 435 1607 480 38 1576 2996 1624 459 1613 438 1584 1614 3009 483 1632 461 3011 1588 3016 1636
361 17 2 3 14 1576 2996 1624 459 1577 2997 1625 460 3011 1588 1586 3016 3012 1636 1634 462 3014 1589 3017 1637
362 17 2 3 14 1577 2997 1625 460 60 791 125 11 3014 1589 1587 3017 3015 1637 1635 463 797 63 798 128
363 17 2 3 14 469 470 1608 1606 1654 1656 2998 2994 472 1610 1659 1615 1664 1616 3018 3002 1663 3003 3019 3020
364 17 2 3 14 1654 1656 2998 2994 1655 1657 2999 2995 1663 3003 1661 3019 1666 3020 3021 3005 1665 3006 3022 3023
365 17 2 3 14 1655 1657 2999 2995 114 115 792 790 1665 3006 1662 3022 1667 3023 3024 3008 117 794 799 800
366 17 2 3 14 1606 1608 1609 1607 2994 2998 3000 2996 1616 1612 3002 1617 3018 1618 3025 3009 3020 3010 3026 3027
367 17 2 3 14 2994 2998 3000 2996 2995 2999 3001 2997 3020 3010 3005 3026 3021 3027 3028 3012 3023 3013 3029 3030
368 17 2 3 14 2995 2999 3001 2997 790 792 793 791 3023 3013 3008 3029 3024 3030 3031 3015 800 796 801 802
369 17 2 3 14 1607 1609 479 480 2996 3000 1622 1624 1618 1614 3009 1619 3025 482 1627 1632 3027 3016 3032 1631
370 17 2 3 14 2996 3000 1622 1624 2997 3001 1623 1625 3027 3016 3012 3032 3028 1631 1629 1634 3030 3017 3033 1633
371 17 2 3 14 2997 3001 1623 1625 791 793 124 125 3030 3017 3015 3033 3031 1633 1630 1635 802 798 803 127
372 17 2 3 14 470 30 474 1608 1656 489 1638 2998 473 1615 1664 476 491 1620 1643 3018 1668 3019 1642 3034
373 17 2 3 14 1656 489 1638 2998 1657 490 1639 2999 1668 3019 1666 1642 492 3034 1645 3021 1669 3022 1644 3035
374 17 2 3 14 1657 490 1639 2999 115 3 119 792 1669 3022 1667 1644 493 3035 1646 3024 118 799 121 804
375 17 2 3 14 1608 474 475 1609 2998 1638 1640 3000 1620 1617 3018 477 1643 1621 1648 3025 3034 3026 1647 3036
376 17 2 3 14 2998 1638 1640 3000 2999 1639 1641 3001 3034 3026 3021 1647 1645 3036 1650 3028 3035 3029 1649 3037
377 17 2 3 14 2999 1639 1641 3001 792 119 120 793 3035 3029 3024 1649 1646 3037 1651 3031 804 801 122 805
378 17 2 3 14 1609 475 39 479 3000 1640 484 1622 1621 1619 3025 478 1648 481 486 1627 3036 3032 1652 1626
379 17 2 3 14 3000 1640 484 1622 3001 1641 485 1623 3036 3032 3028 1652 1650 1626 487 1629 3037 3033 1653 1628
380 17 2 3 14 3001 1641 485 1623 793 120 12 124 3037 3033 3031 1653 1651 1628 488 1630 805 803 123 126
381 17 2 3 15 1670 439 38 494 3038 1558 459 1718 1675 1674 3046 441 1563 496 461 1723 3047 3048 1562 1722
382 17 2 3 15 3038 1558 459 1718 3039 1559 460 1719 3047 3048 3049 1562 1565 1722 462 1725 3050 3051 1564 1724
383 17 2 3 15 3039 1559 460 1719 1014 64 11 219 3050 3051 3052 1564 1566 1724 463 1726 1019 1018 66 221
384 17 2 3 15 1671 1670 494 495 3040 3038 1718 1720 1677 1676 3053 1674 3046 497 1723 1728 3054 3055 3048 1727
385 17 2 3 15 3040 3038 1718 1720 3041 3039 1719 1721 3054 3055 3056 3048 3049 1727 1725 1730 3057 3058 3051 1729
386 17 2 3 15 3041 3039 1719 1721 1015 1014 219 220 3057 3058 3059 3051 3052 1729 1726 1731 1021 1020 1018 222
387 17 2 3 15 499 1671 495 46 1702 3040 1720 514 1678 501 1707 1676 3053 498 1728 516 3060 1706 3055 1732
388 17 2 3 15 1702 3040 1720 514 1703 3041 1721 515 3060 1706 1709 3055 3056 1732 1730 517 3061 1708 3058 1733
389 17 2 3 15 1703 3041 1721 515 224 1015 220 20 3061 1708 1710 3058 3059 1733 1731 518 1022 226 1020 223
390 17 2 3 15 1672 440 439 1670 3042 1560 1558 3038 1680 1679 3062 442 1568 1675 1563 3046 3063 3064 1567 3047
391 17 2 3 15 3042 1560 1558 3038 3043 1561 1559 3039 3063 3064 3065 1567 1570 3047 1565 3049 3066 3067 1569 3050
392 17 2 3 15 3043 1561 1559 3039 1016 65 64 1014 3066 3067 3068 1569 1571 3050 1566 3052 1024 1023 67 1019
393 17 2 3 15 1673 1672 1670 1671 3044 3042 3038 3040 1682 1681 3069 1679 3062 1677 3046 3053 3070 3071 3064 3054
394 17 2 3 15 3044 3042 3038 3040 3045 3043 3039 3041 3070 3071 3072 3064 3065 3054 3049 3056 3073 3074 3067 3057
395 17 2 3 15 3045 3043 3039 3041 1017 1016 1014 1015 3073 3074 3075 3067 3068 3057 3052 3059 1026 1025 1023 1021
396 17 2 3 15 500 1673 1671 499 1704 3044 3040 1702 1683 502 1712 1681 3069 1678 3053 1707 3076 1711 3071 3060
397 17 2 3 15 1704 3044 3040 1702 1705 3045 3041 1703 3076 1711 1714 3071 3072 3060 3056 1709 3077 1713 3074 3061
398 17 2 3 15 1705 3045 3041 1703 225 1017 1015 224 3077 1713 1715 3074 3075 3061 3059 1710 1027 227 1025 1022
399 17 2 3 15 505 37 440 1672 1688 449 1560 3042 508 1684 1696 443 451 1680 1568 3062 1700 3078 1572 3063
400 17 2 3 15 1688 449 1560 3042 1689 450 1561 3043 1700 3078 1698 1572 452 3063 1570 3065 1701 3079 1573 3066
401 17 2 3 15 1689 450 1561 3043 230 10 65 1016 1701 3079 1699 1573 453 3066 1571 3068 233 1028 68 1024
402 17 2 3 15 504 505 1672 1673 1686 1688 3042 3044 507 1685 1691 1684 1696 1682 3062 3069 1695 3080 3078 3070
403 17 2 3 15 1686 1688 3042 3044 1687 1689 3043 3045 1695 3080 1693 3078 1698 3070 3065 3072 1697 3081 3079 3073
404 17 2 3 15 1687 1689 3043 3045 229 230 1016 1017 1697 3081 1694 3079 1699 3073 3068 3075 232 1029 1028 1026
405 17 2 3 15 45 504 1673 500 509 1686 3044 1704 506 503 511 1685 1691 1683 3069 1712 1690 1716 3080 3076
406 17 2 3 15 509 1686 3044 1704 510 1687 3045 1705 1690 1716 512 3080 1693 3076 3072 1714 1692 1717 3081 3077
407 17 2 3 15 510 1687 3045 1705 19 229 1017 225 1692 1717 513 3081 1694 3077 3075 1715 231 228 1029 1027
408 17 2 3 16 1734 479 39 519 3082 1622 484 1766 1739 1738 3090 481 1627 521 486 1771 3091 3092 1626 1770
409 17 2 3 16 3082 1622 484 1766 3083 1623 485 1767 3091 3092 3093 1626 1629 1770 487 1773 3094 3095 1628 1772
410 17 2 3 16 3083 1623 485 1767 1094 124 12 259 3094 3095 3096 1628 1630 1772 488 1774 1099 1098 126 261
411 17 2 3 16 1735 1734 519 520 3084 3082 1766 1768 1741 1740 3097 1738 3090 522 1771 1776 3098 3099 3092 1775
412 17 2 3 16 3084 3082 1766 1768 3085 3083 1767 1769 3098 3099 3100 3092 3093 1775 1773 1778 3101 3102 3095 1777
413 17 2 3 16 3085 3083 1767 1769 1095 1094 259 260 3101 3102 3103 3095 3096 1777 1774 1779 1101 1100 1098 262
414 17 2 3 16 524 1735 520 47 1750 3084 1768 529 1742 526 1755 1740 3097 523 1776 531 3104 1754 3099 1780
415 17 2 3 16 1750 3084 1768 529 1751 3085 1769 530 3104 1754 1757 3099 3100 1780 1778 532 3105 1756 3102 1781
416 17 2 3 16 1751 3085 1769 530 264 1095 260 21 3105 1756 1758 3102 3103 1781 1779 533 1102 266 1100 263
417 17 2 3 16 1736 480 479 1734 3086 1624 1622 3082 1744 1743 3106 482 1632 1739 1627 3090 3107 3108 1631 3091
418 17 2 3 16 3086 1624 1622 3082 3087 1625 1623 3083 3107 3108 3109 1631 1634 3091 1629 3093 3110 3111 1633 3094
419 17 2 3 16 3087 1625 1623 3083 1096 125 124 1094 3110 3111 3112 1633 1635 3094 1630 3096 1104 1103 127 1099
420 17 2 3 16 1737 1736 1734 1735 3088 3086 3082 3084 1746 1745 3113 1743 3106 1741 3090 3097 3114 3115 3108 3098
421 17 2 3 16 3088 3086 3082 3084 3089 3087 3083 3085 3114 3115 3116 3108 3109 3098 3093 3100 3117 3118 3111 3101
422 17 2 3 16 3089 3087 3083 3085 1097 1096 1094 1095 3117 3118 3119 3111 3112 3101 3096 3103 1106 1105 1103 1101
423 17 2 3 16 525 1737 1735 524 1752 3088 3084 1750 1747 527 1760 1745 3113 1742 3097 1755 3120 1759 3115 3104
424 17 2 3 16 1752 3088 3084 1750 1753 3089 3085 1751 3120 1759 1762 3115 3116 3104 3100 1757 3121 1761 3118 3105
425 17 2 3 16 1753 3089 3085 1751 265 1097 1095 264 3121 1761 1763 3118 3119 3105 3103 1758 1107 267 1105 1102
426 17 2 3 16 494 38 480 1736 1718 459 1624 3086 496 1748 1723 483 461 1744 1632 3106 1722 3122 1636 3107
427 17 2 3 16 1718 459 1624 3086 1719 460 1625 3087 1722 3122 1725 1636 462 3107 1634 3109 1724 3123 1637 3110
428 17 2 3 16 1719 460 1625 3087 219 11 125 1096 1724 3123 1726 1637 463 3110 1635 3112 221 1108 128 1104
429 17 2 3 16 495 494 1736 1737 1720 1718 3086 3088 497 1749 1728 1748 1723 1746 3106 3113 1727 3124 3122 3114
430 17 2 3 16 1720 1718 3086 3088 1721 1719 3087 3089 1727 3124 1730 3122 1725 3114 3109 3116 1729 3125 3123 3117
431 17 2 3 16 1721 1719 3087 3089 220 219 1096 1097 1729 3125 1731 3123 1726 3117 3112 3119 222 1109 1108 1106
432 17 2 3 16 46 495 1737 525 514 1720 3088 1752 498 528 516 1749 1728 1747 3113 1760 1732 1764 3124 3120
433 17 2 3 16 514 1720 3088 1752 515 1721 3089 1753 1732 1764 517 3124 1730 3120 3116 1762 1733 1765 3125 3121
434 17 2 3 16 515 1721 3089 1753 20 220 1097 265 1733 1765 518 3125 1731 3121 3119 1763 223 268 1109 1107
435 17 2 3 17 3 119 838 149 490 1639 3126 1830 121 151 493 843 1646 842 3134 1835 1644 1834 3135 3136
436 17 2 3 17 490 1639 3126 1830 489 1638 3127 1831 1644 1834 492 3135 1645 3136 3137 1837 1642 1836 3138 3139
437 17 2 3 17 489 1638 3127 1831 30 474 1782 545 1642 1836 491 3138 1643 3139 3140 1838 476 548 1786 1787
438 17 2 3 17 149 838 839 150 1830 3126 3128 1832 842 152 1835 845 3134 844 3141 1840 3136 1839 3142 3143
439 17 2 3 17 1830 3126 3128 1832 1831 3127 3129 1833 3136 1839 1837 3142 3137 3143 3144 1842 3139 1841 3145 3146
440 17 2 3 17 1831 3127 3129 1833 545 1782 1783 544 3139 1841 1838 3145 3140 3146 3147 1843 1787 547 1788 1789
441 17 2 3 17 150 839 135 6 1832 3128 1816 554 844 153 1840 846 3141 138 1823 556 3143 1844 3148 1828
442 17 2 3 17 1832 3128 1816 554 1833 3129 1817 555 3143 1844 1842 3148 3144 1828 1825 557 3146 1845 3149 1829
443 17 2 3 17 1833 3129 1817 555 544 1783 540 33 3146 1845 1843 3149 3147 1829 1827 558 1789 546 1790 543
444 17 2 3 17 119 120 840 838 1639 1641 3130 3126 122 843 1646 848 1651 847 3150 3134 1649 3135 3151 3152
445 17 2 3 17 1639 1641 3130 3126 1638 1640 3131 3127 1649 3135 1645 3151 1650 3152 3153 3137 1647 3138 3154 3155
446 17 2 3 17 1638 1640 3131 3127 474 475 1784 1782 1647 3138 1643 3154 1648 3155 3156 3140 477 1786 1791 1792
447 17 2 3 17 838 840 841 839 3126 3130 3132 3128 847 845 3134 850 3150 849 3157 3141 3152 3142 3158 3159
448 17 2 3 17 3126 3130 3132 3128 3127 3131 3133 3129 3152 3142 3137 3158 3153 3159 3160 3144 3155 3145 3161 3162
449 17 2 3 17 3127 3131 3133 3129 1782 1784 1785 1783 3155 3145 3140 3161 3156 3162 3163 3147 1792 1788 1793 1794
450 17 2 3 17 839 841 134 135 3128 3132 1814 1816 849 846 3141 851 3157 137 1818 1823 3159 3148 3164 1824
451 17 2 3 17 3128 3132 1814 1816 3129 3133 1815 1817 3159 3148 3144 3164 3160 1824 1820 1825 3162 3149 3165 1826
452 17 2 3 17 3129 3133 1815 1817 1783 1785 539 540 3162 3149 3147 3165 3163 1826 1822 1827 1794 1790 1795 542
453 17 2 3 17 120 12 144 840 1641 485 1798 3130 123 848 1651 146 488 852 1802 3150 1653 3151 1803 3166
454 17 2 3 17 1641 485 1798 3130 1640 484 1799 3131 1653 3151 1650 1803 487 3166 1804 3153 1652 3154 1805 3167
455 17 2 3 17 1640 484 1799 3131 475 39 534 1784 1652 3154 1648 1805 486 3167 1806 3156 478 1791 536 1796
456 17 2 3 17 840 144 145 841 3130 1798 1800 3132 852 850 3150 147 1802 853 1807 3157 3166 3158 1808 3168
457 17 2 3 17 3130 1798 1800 3132 3131 1799 1801 3133 3166 3158 3153 1808 1804 3168 1809 3160 3167 3161 1810 3169
458 17 2 3 17 3131 1799 1801 3133 1784 534 535 1785 3167 3161 3156 1810 1806 3169 1811 3163 1796 1793 537 1797
459 17 2 3 17 841 145 15 134 3132 1800 549 1814 853 851 3157 148 1807 136 551 1818 3168 3164 1812 1819
460 17 2 3 17 3132 1800 549 1814 3133 1801 550 1815 3168 3164 3160 1812 1809 1819 552 1820 3169 3165 1813 1821
461 17 2 3 17 3133 1801 550 1815 1785 535 41 539 3169 3165 3163 1813 1811 1821 553 1822 1797 1795 538 541
462 17 2 3 18 982 134 15 209 3170 1814 549 1862 986 987 3178 136 1818 211 551 1866 3179 3180 1819 1867
463 17 2 3 18 3170 1814 549 1862 3171 1815 550 1863 3179 3180 3181 1819 1820 1867 552 1868 3182 3183 1821 1869
464 17 2 3 18 3171 1815 550 1863 1846 539 41 559 3182 3183 3184 1821 1822 1869 553 1870 1851 1850 541 561
465 17 2 3 18 983 982 209 210 3172 3170 1862 1864 988 989 3185 987 3178 212 1866 1871 3186 3187 3180 1872
466 17 2 3 18 3172 3170 1862 1864 3173 3171 1863 1865 3186 3187 3188 3180 3181 1872 1868 1873 3189 3190 3183 1874
467 17 2 3 18 3173 3171 1863 1865 1847 1846 559 560 3189 3190 3191 3183 3184 1874 1870 1875 1853 1852 1850 562
468 17 2 3 18 199 983 210 18 1382 3172 1864 379 990 201 1386 989 3185 213 1871 381 3192 1387 3187 1876
469 17 2 3 18 1382 3172 1864 379 1383 3173 1865 380 3192 1387 1388 3187 3188 1876 1873 382 3193 1389 3190 1877
470 17 2 3 18 1383 3173 1865 380 369 1847 560 44 3193 1389 1390 3190 3191 1877 1875 383 1854 371 1852 563
471 17 2 3 18 984 135 134 982 3174 1816 1814 3170 991 992 3194 137 1823 986 1818 3178 3195 3196 1824 3179
472 17 2 3 18 3174 1816 1814 3170 3175 1817 1815 3171 3195 3196 3197 1824 1825 3179 1820 3181 3198 3199 1826 3182
473 17 2 3 18 3175 1817 1815 3171 1848 540 539 1846 3198 3199 3200 1826 1827 3182 1822 3184 1856 1855 542 1851
474 17 2 3 18 985 984 982 983 3176 3174 3170 3172 993 994 3201 992 3194 988 3178 3185 3202 3203 3196 3186
475 17 2 3 18 3176 3174 3170 3172 3177 3175 3171 3173 3202 3203 3204 3196 3197 3186 3181 3188 3205 3206 3199 3189
476 17 2 3 18 3177 3175 3171 3173 1849 1848 1846 1847 3205 3206 3207 3199 3200 3189 3184 3191 1858 1857 1855 1853
477 17 2 3 18 200 985 983 199 1384 3176 3172 1382 995 202 1391 994 3201 990 3185 1386 3208 1392 3203 3192
478 17 2 3 18 1384 3176 3172 1382 1385 3177 3173 1383 3208 1392 1393 3203 3204 3192 3188 1388 3209 1394 3206 3193
479 17 2 3 18 1385 3177 3173 1383 370 1849 1847 369 3209 1394 1395 3206 3207 3193 3191 1390 1859 372 1857 1854
480 17 2 3 18 214 6 135 984 1878 554 1816 3174 216 996 1883 138 556 991 1823 3194 1882 3210 1828 3195
481 17 2 3 18 1878 554 1816 3174 1879 555 1817 3175 1882 3210 1885 1828 557 3195 1825 3197 1884 3211 1829 3198
482 17 2 3 18 1879 555 1817 3175 565 33 540 1848 1884 3211 1886 1829 558 3198 1827 3200 568 1860 543 1856
483 17 2 3 18 215 214 984 985 1880 1878 3174 3176 217 997 1888 996 1883 993 3194 3201 1887 3212 3210 3202
484 17 2 3 18 1880 1878 3174 3176 1881 1879 3175 3177 1887 3212 1890 3210 1885 3202 3197 3204 1889 3213 3211 3205
485 17 2 3 18 1881 1879 3175 3177 564 565 1848 1849 1889 3213 1891 3211 1886 3205 3200 3207 567 1861 1860 1858
486 17 2 3 18 9 215 985 200 384 1880 3176 1384 218 203 386 997 1888 995 3201 1391 1892 1396 3212 3208
487 17 2 3 18 384 1880 3176 1384 385 1881 3177 1385 1892 1396 387 3212 1890 3208 3204 1393 1893 1397 3213 3209
488 17 2 3 18 385 1881 3177 1385 36 564 1849 370 1893 1397 388 3213 1891 3209 3207 1395 566 373 1861 1859
489 17 2 3 19 12 259 1142 144 485 1767 3214 1798 261 146 488 1147 1774 1146 3222 1802 1772 1803 3223 3224
490 17 2 3 19 485 1767 3214 1798 484 1766 3215 1799 1772 1803 487 3223 1773 3224 3225 1804 1770 1805 3226 3227
491 17 2 3 19 484 1766 3215 1799 39 519 1894 534 1770 1805 486 3226 1771 3227 3228 1806 521 536 1898 1899
492 17 2 3 19 144 1142 1143 145 1798 3214 3216 1800 1146 147 1802 1149 3222 1148 3229 1807 3224 1808 3230 3231
493 17 2 3 19 1798 3214 3216 1800 1799 3215 3217 1801 3224 1808 1804 3230 3225 3231 3232 1809 3227 1810 3233 3234
494 17 2 3 19 1799 3215 3217 1801 534 1894 1895 535 3227 1810 1806 3233 3228 3234 3235 1811 1899 537 1900 1901
495 17 2 3 19 145 1143 275 15 1800 3216 1928 549 1148 148 1807 1150 3229 278 1935 551 3231 1812 3236 1940
496 17 2 3 19 1800 3216 1928 549 1801 3217 1929 550 3231 1812 1809 3236 3232 1940 1937 552 3234 1813 3237 1941
497 17 2 3 19 1801 3217 1929 550 535 1895 575 41 3234 1813 1811 3237 3235 1941 1939 553 1901 538 1902 578
498 17 2 3 19 259 260 1144 1142 1767 1769 3218 3214 262 1147 1774 1152 1779 1151 3238 3222 1777 3223 3239 3240
499 17 2 3 19 1767 1769 3218 3214 1766 1768 3219 3215 1777 3223 1773 3239 1778 3240 3241 3225 1775 3226 3242 3243
500 17 2 3 19 1766 1768 3219 3215 519 520 1896 1894 1775 3226 1771 3242 1776 3243 3244 3228 522 1898 1903 1904
501 17 2 3 19 1142 1144 1145 1143 3214 3218 3220 3216 1151 1149 3222 1154 3238 1153 3245 3229 3240 3230 3246 3247
502 17 2 3 19 3214 3218 3220 3216 3215 3219 3221 3217 3240 3230 3225 3246 3241 3247 3248 3232 3243 3233 3249 3250
503 17 2 3 19 3215 3219 3221 3217 1894 1896 1897 1895 3243 3233 3228 3249 3244 3250 3251 3235 1904 1900 1905 1906
504 17 2 3 19 1143 1145 274 275 3216 3220 1926 1928 1153 1150 3229 1155 3245 277 1930 1935 3247 3236 3252 1936
505 17 2 3 19 3216 3220 1926 1928 3217 3221 1927 1929 3247 3236 3232 3252 3248 1936 1932 1937 3250 3237 3253 1938
506 17 2 3 19 3217 3221 1927 1929 1895 1897 574 575 3250 3237 3235 3253 3251 1938 1934 1939 1906 1902 1907 577
507 17 2 3 19 260 21 279 1144 1769 530 1910 3218 263 1152 1779 281 533 1156 1914 3238 1781 3239 1915 3254
508 17 2 3 19 1769 530 1910 3218 1768 529 1911 3219 1781 3239 1778 1915 532 3254 1916 3241 1780 3242 1917 3255
509 17 2 3 19 1768 529 1911 3219 520 47 569 1896 1780 3242 1776 1917 531 3255 1918 3244 523 1903 571 1908
510 17 2 3 19 1144 279 280 1145 3218 1910 1912 3220 1156 1154 3238 282 1914 1157 1919 3245 3254 3246 1920 3256
511 17 2 3 19 3218 1910 1912 3220 3219 1911 1913 3221 3254 3246 3241 1920 1916 3256 1921 3248 3255 3249 1922 3257
512 17 2 3 19 3219 1911 1913 3221 1896 569 570 1897 3255 3249 3244 1922 1918 3257 1923 3251 1908 1905 572 1909
513 17 2 3 19 1145 280 24 274 3220 1912 579 1926 1157 1155 3245 283 1919 276 581 1930 3256 3252 1924 1931
514 17 2 3 19 3220 1912 579 1926 3221 1913 580 1927 3256 3252 3248 1924 1921 1931 582 1932 3257 3253 1925 1933
515 17 2 3 19 3221 1913 580 1927 1897 570 50 574 3257 3253 3251 1925 1923 1933 583 1934 1909 1907 573 576
516 17 2 3 20 1254 274 24 319 3258 1926 579 1958 1258 1259 3266 276 1930 321 581 1962 3267 3268 1931 1963
517 17 2 3 20 3258 1926 579 1958 3259 1927 580 1959 3267 3268 3269 1931 1932 1963 582 1964 3270 3271 1933 1965
518 17 2 3 20 3259 1927 580 1959 1942 574 50 584 3270 3271 3272 1933 1934 1965 583 1966 1947 1946 576 586
519 17 2 3 20 1255 1254 319 320 3260 3258 1958 1960 1260 1261 3273 1259 3266 322 1962 1967 3274 3275 3268 1968
520 17 2 3 20 3260 3258 1958 1960 3261 3259 1959 1961 3274 3275 3276 3268 3269 1968 1964 1969 3277 3278 3271 1970
521 17 2 3 20 3261 3259 1959 1961 1943 1942 584 585 3277 3278 3279 3271 3272 1970 1966 1971 1949 1948 1946 587
522 17 2 3 20 314 1255 320 27 1510 3260 1960 424 1262 316 1514 1261 3273 323 1967 426 3280 1515 3275 1972
523 17 2 3 20 1510 3260 1960 424 1511 3261 1961 425 3280 1515 1516 3275 3276 1972 1969 427 3281 1517 3278 1973
524 17 2 3 20 1511 3261 1961 425 419 1943 585 53 3281 1517 1518 3278 3279 1973 1971 428 1950 421 1948 588
525 17 2 3 20 1256 275 274 1254 3262 1928 1926 3258 1263 1264 3282 277 1935 1258 1930 3266 3283 3284 1936 3267
526 17 2 3 20 3262 1928 1926 3258 3263 1929 1927 3259 3283 3284 3285 1936 1937 3267 1932 3269 3286 3287 1938 3270
527 17 2 3 20 3263 1929 1927 3259 1944 575 574 1942 3286 3287 3288 1938 1939 3270 1934 3272 1952 1951 577 1947
528 17 2 3 20 1257 1256 1254 1255 3264 3262 3258 3260 1265 1266 3289 1264 3282 1260 3266 3273 3290 3291 3284 3274
529 17 2 3 20 3264 3262 3258 3260 3265 3263 3259 3261 3290 3291 3292 3284 3285 3274 3269 3276 3293 3294 3287 3277
530 17 2 3 20 3265 3263 3259 3261 1945 1944 1942 1943 3293 3294 3295 3287 3288 3277 3272 3279 1954 1953 1951 1949
531 17 2 3 20 315 1257 1255 314 1512 3264 3260 1510 1267 317 1519 1266 3289 1262 3273 1514 3296 1520 3291 3280
532 17 2 3 20 1512 3264 3260 1510 1513 3265 3261 1511 3296 1520 1521 3291 3292 3280 3276 1516 3297 1522 3294 3281
533 17 2 3 20 1513 3265 3261 1511 420 1945 1943 419 3297 1522 1523 3294 3295 3281 3279 1518 1955 422 1953 1950
534 17 2 3 20 209 15 275 1256 1862 549 1928 3262 211 1268 1866 278 551 1263 1935 3282 1867 3298 1940 3283
535 17 2 3 20 1862 549 1928 3262 1863 550 1929 3263 1867 3298 1868 1940 552 3283 1937 3285 1869 3299 1941 3286
536 17 2 3 20 1863 550 1929 3263 559 41 575 1944 1869 3299 1870 1941 553 3286 1939 3288 561 1956 578 1952
537 17 2 3 20 210 209 1256 1257 1864 1862 3262 3264 212 1269 1871 1268 1866 1265 3282 3289 1872 3300 3298 3290
538 17 2 3 20 1864 1862 3262 3264 1865 1863 3263 3265 1872 3300 1873 3298 1868 3290 3285 3292 1874 3301 3299 3293
539 17 2 3 20 1865 1863 3263 3265 560 559 1944 1945 1874 3301 1875 3299 1870 3293 3288 3295 562 1957 1956 1954
540 17 2 3 20 18 210 1257 315 379 1864 3264 1512 213 318 381 1269 1871 1267 3289 1519 1876 1524 3300 3296
541 17 2 3 20 379 1864 3264 1512 380 1865 3265 1513 1876 1524 382 3300 1873 3296 3292 1521 1877 1525 3301 3297
542 17 2 3 20 380 1865 3265 1513 44 560 1945 420 1877 1525 383 3301 1875 3297 3295 1523 563 423 1957 1955
543 17 2 3 21 1974 589 28 445 3302 2022 455 1544 1978 1979 3310 591 2027 448 458 1552 3311 3312 2026 1556
544 17 2 3 21 3302 2022 455 1544 3303 2023 454 1545 3311 3312 3313 2026 2029 1556 457 1554 3314 3315 2028 1557
545 17 2 3 21 3303 2023 454 1545 728 100 1 70 3314 3315 3316 2028 2030 1557 456 1555 740 736 103 73
546 17 2 3 21 1975 1974 445 444 3304 3302 1544 1542 1980 1981 3317 1979 3310 447 1552 1547 3318 3319 3312 1551
547 17 2 3 21 3304 3302 1544 1542 3305 3303 1545 1543 3318 3319 3320 3312 3313 1551 1554 1549 3321 3322 3315 1553
548 17 2 3 21 3305 3303 1545 1543 726 728 70 69 3321 3322 3323 3315 3316 1553 1555 1550 735 731 736 72
549 17 2 3 21 600 1975 444 37 1992 3304 1542 449 1982 603 2000 1981 3317 446 1547 451 3324 2004 3319 1546
550 17 2 3 21 1992 3304 1542 449 1993 3305 1543 450 3324 2004 2002 3319 3320 1546 1549 452 3325 2005 3322 1548
551 17 2 3 21 1993 3305 1543 450 94 726 69 10 3325 2005 2003 3322 3323 1548 1550 453 730 96 731 71
552 17 2 3 21 1976 590 589 1974 3306 2024 2022 3302 1983 1984 3326 592 2032 1978 2027 3310 3327 3328 2031 3311
553 17 2 3 21 3306 2024 2022 3302 3307 2025 2023 3303 3327 3328 3329 2031 2034 3311 2029 3313 3330 3331 2033 3314
554 17 2 3 21 3307 2025 2023 3303 729 99 100 728 3330 3331 3332 2033 2035 3314 2030 3316 741 738 102 740
555 17 2 3 21 1977 1976 1974 1975 3308 3306 3302 3304 1985 1986 3333 1984 3326 1980 3310 3317 3334 3335 3328 3318
556 17 2 3 21 3308 3306 3302 3304 3309 3307 3303 3305 3334 3335 3336 3328 3329 3318 3313 3320 3337 3338 3331 3321
557 17 2 3 21 3309 3307 3303 3305 727 729 728 726 3337 3338 3339 3331 3332 3321 3316 3323 737 733 738 735
558 17 2 3 21 599 1977 1975 600 1990 3308 3304 1992 1987 602 1995 1986 3333 1982 3317 2000 3340 1999 3335 3324
559 17 2 3 21 1990 3308 3304 1992 1991 3309 3305 1993 3340 1999 1997 3335 3336 3324 3320 2002 3341 2001 3338 3325
560 17 2 3 21 1991 3309 3305 1993 95 727 726 94 3341 2001 1998 3338 3339 3325 3323 2003 732 97 733 730
561 17 2 3 21 594 31 590 1976 2006 609 2024 3306 596 1988 2011 593 611 1983 2032 3326 2010 3342 2036 3327
562 17 2 3 21 2006 609 2024 3306 2007 610 2025 3307 2010 3342 2013 2036 612 3327 2034 3329 2012 3343 2037 3330
563 17 2 3 21 2007 610 2025 3307 74 4 99 729 2012 3343 2014 2037 613 3330 2035 3332 76 739 101 741
564 17 2 3 21 595 594 1976 1977 2008 2006 3306 3308 597 1989 2016 1988 2011 1985 3326 3333 2015 3344 3342 3334
565 17 2 3 21 2008 2006 3306 3308 2009 2007 3307 3309 2015 3344 2018 3342 2013 3334 3329 3336 2017 3345 3343 3337
566 17 2 3 21 2009 2007 3307 3309 75 74 729 727 2017 3345 2019 3343 2014 3337 3332 3339 77 734 739 737
567 17 2 3 21 40 595 1977 599 604 2008 3308 1990 598 601 606 1989 2016 1987 3333 1995 2020 1994 3344 3340
568 17 2 3 21 604 2008 3308 1990 605 2009 3309 1991 2020 1994 607 3344 2018 3340 3336 1997 2021 1996 3345 3341
569 17 2 3 21 605 2009 3309 1991 13 75 727 95 2021 1996 608 3345 2019 3341 3339 1998 78 98 734 732
570 17 2 3 22 2038 614 31 594 3346 2070 609 2006 2042 2043 3354 616 2075 596 611 2011 3355 3356 2074 2010
571 17 2 3 22 3346 2070 609 2006 3347 2071 610 2007 3355 3356 3357 2074 2077 2010 612 2013 3358 3359 2076 2012
572 17 2 3 22 3347 2071 610 2007 886 180 4 74 3358 3359 3360 2076 2078 2012 613 2014 891 890 183 76
573 17 2 3 22 2039 2038 594 595 3348 3346 2006 2008 2044 2045 3361 2043 3354 597 2011 2016 3362 3363 3356 2015
574 17 2 3 22 3348 3346 2006 2008 3349 3347 2007 2009 3362 3363 3364 3356 3357 2015 2013 2018 3365 3366 3359 2017
575 17 2 3 22 3349 3347 2007 2009 888 886 74 75 3365 3366 3367 3359 3360 2017 2014 2019 896 895 890 77
576 17 2 3 22 620 2039 595 40 2056 3348 2008 604 2046 623 2064 2045 3361 598 2016 606 3368 2068 3363 2020
577 17 2 3 22 2056 3348 2008 604 2057 3349 2009 605 3368 2068 2066 3363 3364 2020 2018 607 3369 2069 3366 2021
578 17 2 3 22 2057 3349 2009 605 174 888 75 13 3369 2069 2067 3366 3367 2021 2019 608 900 176 895 78
579 17 2 3 22 2040 615 614 2038 3350 2072 2070 3346 2047 2048 3370 617 2080 2042 2075 3354 3371 3372 2079 3355
580 17 2 3 22 3350 2072 2070 3346 3351 2073 2071 3347 3371 3372 3373 2079 2082 3355 2077 3357 3374 3375 2081 3358
581 17 2 3 22 3351 2073 2071 3347 887 179 180 886 3374 3375 3376 2081 2083 3358 2078 3360 893 892 182 891
582 17 2 3 22 2041 2040 2038 2039 3352 3350 3346 3348 2049 2050 3377 2048 3370 2044 3354 3361 3378 3379 3372 3362
583 17 2 3 22 3352 3350 3346 3348 3353 3351 3347 3349 3378 3379 3380 3372 3373 3362 3357 3364 3381 3382 3375 3365
584 17 2 3 22 3353 3351 3347 3349 889 887 886 888 3381 3382 3383 3375 3376 3365 3360 3367 898 897 892 896
585 17 2 3 22 619 2041 2039 620 2054 3352 3348 2056 2051 622 2059 2050 3377 2046 3361 2064 3384 2063 3379 3368
586 17 2 3 22 2054 3352 3348 2056 2055 3353 3349 2057 3384 2063 2061 3379 3380 3368 3364 2066 3385 2065 3382 3369
587 17 2 3 22 2055 3353 3349 2057 175 889 888 174 3385 2065 2062 3382 3383 3369 3367 2067 901 177 897 900
588 17 2 3 22 324 34 615 2040 1287 349 2072 3350 326 2052 1294 618 351 2047 2080 3370 1293 3386 2084 3371
589 17 2 3 22 1287 349 2072 3350 1286 350 2073 3351 1293 3386 1292 2084 352 3371 2082 3373 1291 3387 2085 3374
590 17 2 3 22 1286 350 2073 3351 154 7 179 887 1291 3387 1290 2085 353 3374 2083 3376 156 894 181 893
591 17 2 3 22 325 324 2040 2041 1289 1287 3350 3352 327 2053 1299 2052 1294 2049 3370 3377 1298 3388 3386 3378
592 17 2 3 22 1289 1287 3350 3352 1288 1286 3351 3353 1298 3388 1297 3386 1292 3378 3373 3380 1296 3389 3387 3381
593 17 2 3 22 1288 1286 3351 3353 155 154 887 889 1296 3389 1295 3387 1290 3381 3376 3383 157 899 894 898
594 17 2 3 22 42 325 2041 619 345 1289 3352 2054 328 621 348 2053 1299 2051 3377 2059 1301 2058 3388 3384
595 17 2 3 22 345 1289 3352 2054 344 1288 3353 2055 1301 2058 347 3388 1297 3384 3380 2061 1300 2060 3389 3385
596 17 2 3 22 344 1288 3353 2055 16 155 889 175 1300 2060 346 3389 1295 3385 3383 2062 158 178 899 901
597 17 2 3 23 40 599 2086 624 604 1990 3390 2118 601 626 606 2091 1995 2090 3398 2123 1994 2122 3399 3400
598 17 2 3 23 604 1990 3390 2118 605 1991 3391 2119 1994 2122 607 3399 1997 3400 3401 2125 1996 2124 3402 3403
599 17 2 3 23 605 1991 3391 2119 13 95 1049 234 1996 2124 608 3402 1998 3403 3404 2126 98 236 1061 1059
600 17 2 3 23 624 2086 2087 625 2118 3390 3392 2120 2090 627 2123 2093 3398 2092 3405 2128 3400 2127 3406 3407
601 17 2 3 23 2118 3390 3392 2120 2119 3391 3393 2121 3400 2127 2125 3406 3401 3407 3408 2130 3403 2129 3409 3410
602 17 2 3 23 2119 3391 3393 2121 234 1049 1047 235 3403 2129 2126 3409 3404 3410 3411 2131 1059 237 1057 1054
603 17 2 3 23 625 2087 629 48 2120 3392 2102 634 2092 628 2128 2094 3405 631 2107 636 3407 2132 3412 2106
604 17 2 3 23 2120 3392 2102 634 2121 3393 2103 635 3407 2132 2130 3412 3408 2106 2109 637 3410 2133 3413 2108
605 17 2 3 23 2121 3393 2103 635 235 1047 250 22 3410 2133 2131 3413 3411 2108 2110 638 1054 238 1052 253
606 17 2 3 23 599 600 2088 2086 1990 1992 3394 3390 602 2091 1995 2096 2000 2095 3414 3398 1999 3399 3415 3416
607 17 2 3 23 1990 1992 3394 3390 1991 1993 3395 3391 1999 3399 1997 3415 2002 3416 3417 3401 2001 3402 3418 3419
608 17 2 3 23 1991 1993 3395 3391 95 94 1048 1049 2001 3402 1998 3418 2003 3419 3420 3404 97 1061 1060 1058
609 17 2 3 23 2086 2088 2089 2087 3390 3394 3396 3392 2095 2093 3398 2098 3414 2097 3421 3405 3416 3406 3422 3423
610 17 2 3 23 3390 3394 3396 3392 3391 3395 3397 3393 3416 3406 3401 3422 3417 3423 3424 3408 3419 3409 3425 3426
611 17 2 3 23 3391 3395 3397 3393 1049 1048 1046 1047 3419 3409 3404 3425 3420 3426 3427 3411 1058 1057 1055 1053
612 17 2 3 23 2087 2089 630 629 3392 3396 2104 2102 2097 2094 3405 2099 3421 632 2112 2107 3423 3412 3428 2111
613 17 2 3 23 3392 3396 2104 2102 3393 3397 2105 2103 3423 3412 3408 3428 3424 2111 2114 2109 3426 3413 3429 2113
614 17 2 3 23 3393 3397 2105 2103 1047 1046 249 250 3426 3413 3411 3429 3427 2113 2115 2110 1053 1052 1050 252
615 17 2 3 23 600 37 505 2088 1992 449 1688 3394 603 2096 2000 508 451 2100 1696 3414 2004 3415 1700 3430
616 17 2 3 23 1992 449 1688 3394 1993 450 1689 3395 2004 3415 2002 1700 452 3430 1698 3417 2005 3418 1701 3431
617 17 2 3 23 1993 450 1689 3395 94 10 230 1048 2005 3418 2003 1701 453 3431 1699 3420 96 1060 233 1056
618 17 2 3 23 2088 505 504 2089 3394 1688 1686 3396 2100 2098 3414 507 1696 2101 1691 3421 3430 3422 1695 3432
619 17 2 3 23 3394 1688 1686 3396 3395 1689 1687 3397 3430 3422 3417 1695 1698 3432 1693 3424 3431 3425 1697 3433
620 17 2 3 23 3395 1689 1687 3397 1048 230 229 1046 3431 3425 3420 1697 1699 3433 1694 3427 1056 1055 232 1051
621 17 2 3 23 2089 504 45 630 3396 1686 509 2104 2101 2099 3421 506 1691 633 511 2112 3432 3428 1690 2116
622 17 2 3 23 3396 1686 509 2104 3397 1687 510 2105 3432 3428 3424 1690 1693 2116 512 2114 3433 3429 1692 2117
623 17 2 3 23 3397 1687 510 2105 1046 229 19 249 3433 3429 3427 1692 1694 2117 513 2115 1051 1050 231 251
624 17 2 3 24 42 619 2134 389 345 2054 3434 1431 621 391 348 2139 2059 2138 3442 1438 2058 1437 3443 3444
625 17 2 3 24 345 2054 3434 1431 344 2055 3435 1430 2058 1437 347 3443 2061 3444 3445 1436 2060 1435 3446 3447
626 17 2 3 24 344 2055 3435 1430 16 175 1175 284 2060 1435 346 3446 2062 3447 3448 1434 178 286 1181 1182
627 17 2 3 24 389 2134 2135 390 1431 3434 3436 1433 2138 392 1438 2141 3442 2140 3449 1443 3444 1442 3450 3451
628 17 2 3 24 1431 3434 3436 1433 1430 3435 3437 1432 3444 1442 1436 3450 3445 3451 3452 1441 3447 1440 3453 3454
629 17 2 3 24 1430 3435 3437 1432 284 1175 1177 285 3447 1440 1434 3453 3448 3454 3455 1439 1182 287 1186 1187
630 17 2 3 24 390 2135 639 51 1433 3436 2150 405 2140 393 1443 2142 3449 641 2155 408 3451 1445 3456 2154
631 17 2 3 24 1433 3436 2150 405 1432 3437 2151 404 3451 1445 1441 3456 3452 2154 2157 407 3454 1444 3457 2156
632 17 2 3 24 1432 3437 2151 404 285 1177 300 25 3454 1444 1439 3457 3455 2156 2158 406 1187 288 1189 303
633 17 2 3 24 619 620 2136 2134 2054 2056 3438 3434 622 2139 2059 2144 2064 2143 3458 3442 2063 3443 3459 3460
634 17 2 3 24 2054 2056 3438 3434 2055 2057 3439 3435 2063 3443 2061 3459 2066 3460 3461 3445 2065 3446 3462 3463
635 17 2 3 24 2055 2057 3439 3435 175 174 1174 1175 2065 3446 2062 3462 2067 3463 3464 3448 177 1181 1179 1180
636 17 2 3 24 2134 2136 2137 2135 3434 3438 3440 3436 2143 2141 3442 2146 3458 2145 3465 3449 3460 3450 3466 3467
637 17 2 3 24 3434 3438 3440 3436 3435 3439 3441 3437 3460 3450 3445 3466 3461 3467 3468 3452 3463 3453 3469 3470
638 17 2 3 24 3435 3439 3441 3437 1175 1174 1176 1177 3463 3453 3448 3469 3464 3470 3471 3455 1180 1186 1184 1185
639 17 2 3 24 2135 2137 640 639 3436 3440 2152 2150 2145 2142 3449 2147 3465 642 2160 2155 3467 3456 3472 2159
640 17 2 3 24 3436 3440 2152 2150 3437 3441 2153 2151 3467 3456 3452 3472 3468 2159 2162 2157 3470 3457 3473 2161
641 17 2 3 24 3437 3441 2153 2151 1177 1176 299 300 3470 3457 3455 3473 3471 2161 2163 2158 1185 1189 1188 302
642 17 2 3 24 620 40 624 2136 2056 604 2118 3438 623 2144 2064 626 606 2148 2123 3458 2068 3459 2122 3474
643 17 2 3 24 2056 604 2118 3438 2057 605 2119 3439 2068 3459 2066 2122 607 3474 2125 3461 2069 3462 2124 3475
644 17 2 3 24 2057 605 2119 3439 174 13 234 1174 2069 3462 2067 2124 608 3475 2126 3464 176 1179 236 1178
645 17 2 3 24 2136 624 625 2137 3438 2118 2120 3440 2148 2146 3458 627 2123 2149 2128 3465 3474 3466 2127 3476
646 17 2 3 24 3438 2118 2120 3440 3439 2119 2121 3441 3474 3466 3461 2127 2125 3476 2130 3468 3475 3469 2129 3477
647 17 2 3 24 3439 2119 2121 3441 1174 234 235 1176 3475 3469 3464 2129 2126 3477 2131 3471 1178 1184 237 1183
648 17 2 3 24 2137 625 48 640 3440 2120 634 2152 2149 2147 3465 628 2128 643 636 2160 3476 3472 2132 2164
649 17 2 3 24 3440 2120 634 2152 3441 2121 635 2153 3476 3472 3468 2132 2130 2164 637 2162 3477 3473 2133 2165
650 17 2 3 24 3441 2121 635 2153 1176 235 22 299 3477 3473 3471 2133 2131 2165 638 2163 1183 1188 238 301
651 17 2 3 25 20 224 1062 254 515 1703 3478 2198 226 256 518 1067 1710 1066 3486 2203 1708 2202 3487 3488
652 17 2 3 25 515 1703 3478 2198 514 1702 3479 2199 1708 2202 517 3487 1709 3488 3489 2205 1706 2204 3490 3491
653 17 2 3 25 514 1702 3479 2199 46 499 2169 650 1706 2204 516 3490 1707 3491 3492 2206 501 653 2181 2179
654 17 2 3 25 254 1062 1063 255 2198 3478 3480 2200 1066 257 2203 1069 3486 1068 3493 2208 3488 2207 3494 3495
655 17 2 3 25 2198 3478 3480 2200 2199 3479 3481 2201 3488 2207 2205 3494 3489 3495 3496 2210 3491 2209 3497 3498
656 17 2 3 25 2199 3479 3481 2201 650 2169 2167 649 3491 2209 2206 3497 3492 3498 3499 2211 2179 652 2177 2174
657 17 2 3 25 255 1063 240 23 2200 3480 2184 654 1068 258 2208 1070 3493 243 2191 656 3495 2212 3500 2196
658 17 2 3 25 2200 3480 2184 654 2201 3481 2185 655 3495 2212 2210 3500 3496 2196 2193 657 3498 2213 3501 2197
659 17 2 3 25 2201 3481 2185 655 649 2167 645 49 3498 2213 2211 3501 3499 2197 2195 658 2174 651 2172 648
660 17 2 3 25 224 225 1064 1062 1703 1705 3482 3478 227 1067 1710 1072 1715 1071 3502 3486 1713 3487 3503 3504
661 17 2 3 25 1703 1705 3482 3478 1702 1704 3483 3479 1713 3487 1709 3503 1714 3504 3505 3489 1711 3490 3506 3507
662 17 2 3 25 1702 1704 3483 3479 499 500 2168 2169 1711 3490 1707 3506 1712 3507 3508 3492 502 2181 2180 2178
663 17 2 3 25 1062 1064 1065 1063 3478 3482 3484 3480 1071 1069 3486 1074 3502 1073 3509 3493 3504 3494 3510 3511
664 17 2 3 25 3478 3482 3484 3480 3479 3483 3485 3481 3504 3494 3489 3510 3505 3511 3512 3496 3507 3497 3513 3514
665 17 2 3 25 3479 3483 3485 3481 2169 2168 2166 2167 3507 3497 3492 3513 3508 3514 3515 3499 2178 2177 2175 2173
666 17 2 3 25 1063 1065 239 240 3480 3484 2182 2184 1073 1070 3493 1075 3509 242 2186 2191 3511 3500 3516 2192
667 17 2 3 25 3480 3484 2182 2184 3481 3485 2183 2185 3511 3500 3496 3516 3512 2192 2188 2193 3514 3501 3517 2194
668 17 2 3 25 3481 3485 2183 2185 2167 2166 644 645 3514 3501 3499 3517 3515 2194 2190 2195 2173 2172 2170 647
669 17 2 3 25 225 19 249 1064 1705 510 2105 3482 228 1072 1715 251 513 1076 2115 3502 1717 3503 2117 3518
670 17 2 3 25 1705 510 2105 3482 1704 509 2104 3483 1717 3503 1714 2117 512 3518 2114 3505 1716 3506 2116 3519
671 17 2 3 25 1704 509 2104 3483 500 45 630 2168 1716 3506 1712 2116 511 3519 2112 3508 503 2180 633 2176
672 17 2 3 25 1064 249 250 1065 3482 2105 2103 3484 1076 1074 3502 252 2115 1077 2110 3509 3518 3510 2113 3520
673 17 2 3 25 3482 2105 2103 3484 3483 2104 2102 3485 3518 3510 3505 2113 2114 3520 2109 3512 3519 3513 2111 3521
674 17 2 3 25 3483 2104 2102 3485 2168 630 629 2166 3519 3513 3508 2111 2112 3521 2107 3515 2176 2175 632 2171
675 17 2 3 25 1065 250 22 239 3484 2103 635 2182 1077 1075 3509 253 2110 241 638 2186 3520 3516 2108 2187
676 17 2 3 25 3484 2103 635 2182 3485 2102 634 2183 3520 3516 3512 2108 2109 2187 637 2188 3521 3517 2106 2189
677 17 2 3 25 3485 2102 634 2183 2166 629 48 644 3521 3517 3515 2106 2107 2189 636 2190 2171 2170 631 646
678 17 2 3 26 21 264 1126 279 530 1751 3522 1910 266 281 533 1131 1758 1130 3530 1914 1756 1915 3531 3532
679 17 2 3 26 530 1751 3522 1910 529 1750 3523 1911 1756 1915 532 3531 1757 3532 3533 1916 1754 1917 3534 3535
680 17 2 3 26 529 1750 3523 1911 47 524 2217 569 1754 1917 531 3534 1755 3535 3536 1918 526 571 2229 2227
681 17 2 3 26 279 1126 1127 280 1910 3522 3524 1912 1130 282 1914 1133 3530 1132 3537 1919 3532 1920 3538 3539
682 17 2 3 26 1910 3522 3524 1912 1911 3523 3525 1913 3532 1920 1916 3538 3533 3539 3540 1921 3535 1922 3541 3542
683 17 2 3 26 1911 3523 3525 1913 569 2217 2215 570 3535 1922 1918 3541 3536 3542 3543 1923 2227 572 2225 2222
684 17 2 3 26 280 1127 270 24 1912 3524 2232 579 1132 283 1919 1134 3537 273 2239 581 3539 1924 3544 2244
685 17 2 3 26 1912 3524 2232 579 1913 3525 2233 580 3539 1924 1921 3544 3540 2244 2241 582 3542 1925 3545 2245
686 17 2 3 26 1913 3525 2233 580 570 2215 660 50 3542 1925 1923 3545 3543 2245 2243 583 2222 573 2220 663
687 17 2 3 26 264 265 1128 1126 1751 1753 3526 3522 267 1131 1758 1136 1763 1135 3546 3530 1761 3531 3547 3548
688 17 2 3 26 1751 1753 3526 3522 1750 1752 3527 3523 1761 3531 1757 3547 1762 3548 3549 3533 1759 3534 3550 3551
689 17 2 3 26 1750 1752 3527 3523 524 525 2216 2217 1759 3534 1755 3550 1760 3551 3552 3536 527 2229 2228 2226
690 17 2 3 26 1126 1128 1129 1127 3522 3526 3528 3524 1135 1133 3530 1138 3546 1137 3553 3537 3548 3538 3554 3555
691 17 2 3 26 3522 3526 3528 3524 3523 3527 3529 3525 3548 3538 3533 3554 3549 3555 3556 3540 3551 3541 3557 3558
692 17 2 3 26 3523 3527 3529 3525 2217 2216 2214 2215 3551 3541 3536 3557 3552 3558 3559 3543 2226 2225 2223 2221
693 17 2 3 26 1127 1129 269 270 3524 3528 2230 2232 1137 1134 3537 1139 3553 272 2234 2239 3555 3544 3560 2240
694 17 2 3 26 3524 3528 2230 2232 3525 3529 2231 2233 3555 3544 3540 3560 3556 2240 2236 2241 3558 3545 3561 2242
695 17 2 3 26 3525 3529 2231 2233 2215 2214 659 660 3558 3545 3543 3561 3559 2242 2238 2243 2221 2220 2218 662
696 17 2 3 26 265 20 254 1128 1753 515 2198 3526 268 1136 1763 256 518 1140 2203 3546 1765 3547 2202 3562
697 17 2 3 26 1753 515 2198 3526 1752 514 2199 3527 1765 3547 1762 2202 517 3562 2205 3549 1764 3550 2204 3563
698 17 2 3 26 1752 514 2199 3527 525 46 650 2216 1764 3550 1760 2204 516 3563 2206 3552 528 2228 653 2224
699 17 2 3 26 1128 254 255 1129 3526 2198 2200 3528 1140 1138 3546 257 2203 1141 2208 3553 3562 3554 2207 3564
700 17 2 3 26 3526 2198 2200 3528 3527 2199 2201 3529 3562 3554 3549 2207 2205 3564 2210 3556 3563 3557 2209 3565
701 17 2 3 26 3527 2199 2201 3529 2216 650 649 2214 3563 3557 3552 2209 2206 3565 2211 3559 2224 2223 652 2219
702 17 2 3 26 1129 255 23 269 3528 2200 654 2230 1141 1139 3553 258 2208 271 656 2234 3564 3560 2212 2235
703 17 2 3 26 3528 2200 654 2230 3529 2201 655 2231 3564 3560 3556 2212 2210 2235 657 2236 3565 3561 2213 2237
704 17 2 3 26 3529 2201 655 2231 2214 649 49 659 3565 3561 3559 2213 2211 2237 658 2238 2219 2218 651 661
705 17 2 3 27 1190 239 22 299 3566 2182 635 2153 1194 1195 3574 241 2186 301 638 2163 3575 3576 2187 2165
706 17 2 3 27 3566 2182 635 2153 3567 2183 634 2152 3575 3576 3577 2187 2188 2165 637 2162 3578 3579 2189 2164
707 17 2 3 27 3567 2183 634 2152 2248 644 48 640 3578 3579 3580 2189 2190 2164 636 2160 2260 2256 646 643
708 17 2 3 27 1191 1190 299 300 3568 3566 2153 2151 1196 1197 3581 1195 3574 302 2163 2158 3582 3583 3576 2161
709 17 2 3 27 3568 3566 2153 2151 3569 3567 2152 2150 3582 3583 3584 3576 3577 2161 2162 2157 3585 3586 3579 2159
710 17 2 3 27 3569 3567 2152 2150 2246 2248 640 639 3585 3586 3587 3579 3580 2159 2160 2155 2255 2251 2256 642
711 17 2 3 27 289 1191 300 25 1446 3568 2151 404 1198 291 1450 1197 3581 303 2158 406 3588 1451 3583 2156
712 17 2 3 27 1446 3568 2151 404 1447 3569 2150 405 3588 1451 1452 3583 3584 2156 2157 407 3589 1453 3586 2154
713 17 2 3 27 1447 3569 2150 405 394 2246 639 51 3589 1453 1454 3586 3587 2154 2155 408 2250 396 2251 641
714 17 2 3 27 1192 240 239 1190 3570 2184 2182 3566 1199 1200 3590 242 2191 1194 2186 3574 3591 3592 2192 3575
715 17 2 3 27 3570 2184 2182 3566 3571 2185 2183 3567 3591 3592 3593 2192 2193 3575 2188 3577 3594 3595 2194 3578
716 17 2 3 27 3571 2185 2183 3567 2249 645 644 2248 3594 3595 3596 2194 2195 3578 2190 3580 2261 2258 647 2260
717 17 2 3 27 1193 1192 1190 1191 3572 3570 3566 3568 1201 1202 3597 1200 3590 1196 3574 3581 3598 3599 3592 3582
718 17 2 3 27 3572 3570 3566 3568 3573 3571 3567 3569 3598 3599 3600 3592 3593 3582 3577 3584 3601 3602 3595 3585
719 17 2 3 27 3573 3571 3567 3569 2247 2249 2248 2246 3601 3602 3603 3595 3596 3585 3580 3587 2257 2253 2258 2255
720 17 2 3 27 290 1193 1191 289 1448 3572 3568 1446 1203 292 1455 1202 3597 1198 3581 1450 3604 1456 3599 3588
721 17 2 3 27 1448 3572 3568 1446 1449 3573 3569 1447 3604 1456 1457 3599 3600 3588 3584 1452 3605 1458 3602 3589
722 17 2 3 27 1449 3573 3569 1447 395 2247 2246 394 3605 1458 1459 3602 3603 3589 3587 1454 2252 397 2253 2250
723 17 2 3 27 304 23 240 1192 2262 654 2184 3570 306 1204 2267 243 656 1199 2191 3590 2266 3606 2196 3591
724 17 2 3 27 2262 654 2184 3570 2263 655 2185 3571 2266 3606 2269 2196 657 3591 2193 3593 2268 3607 2197 3594
725 17 2 3 27 2263 655 2185 3571 665 49 645 2249 2268 3607 2270 2197 658 3594 2195 3596 668 2259 648 2261
726 17 2 3 27 305 304 1192 1193 2264 2262 3570 3572 307 1205 2272 1204 2267 1201 3590 3597 2271 3608 3606 3598
727 17 2 3 27 2264 2262 3570 3572 2265 2263 3571 3573 2271 3608 2274 3606 2269 3598 3593 3600 2273 3609 3607 3601
728 17 2 3 27 2265 2263 3571 3573 664 665 2249 2247 2273 3609 2275 3607 2270 3601 3596 3603 667 2254 2259 2257
729 17 2 3 27 26 305 1193 290 409 2264 3572 1448 308 293 411 1205 2272 1203 3597 1455 2276 1460 3608 3604
730 17 2 3 27 409 2264 3572 1448 410 2265 3573 1449 2276 1460 412 3608 2274 3604 3600 1457 2277 1461 3609 3605
731 17 2 3 27 410 2265 3573 1449 52 664 2247 395 2277 1461 413 3609 2275 3605 3603 1459 666 398 2254 2252
732 17 2 3 28 1238 269 23 304 3610 2230 654 2262 1242 1243 3618 271 2234 306 656 2267 3619 3620 2235 2266
733 17 2 3 28 3610 2230 654 2262 3611 2231 655 2263 3619 3620 3621 2235 2236 2266 657 2269 3622 3623 2237 2268
734 17 2 3 28 3611 2231 655 2263 2280 659 49 665 3622 3623 3624 2237 2238 2268 658 2270 2292 2288 661 668
735 17 2 3 28 1239 1238 304 305 3612 3610 2262 2264 1244 1245 3625 1243 3618 307 2267 2272 3626 3627 3620 2271
736 17 2 3 28 3612 3610 2262 2264 3613 3611 2263 2265 3626 3627 3628 3620 3621 2271 2269 2274 3629 3630 3623 2273
737 17 2 3 28 3613 3611 2263 2265 2278 2280 665 664 3629 3630 3631 3623 3624 2273 2270 2275 2287 2283 2288 667
738 17 2 3 28 309 1239 305 26 1494 3612 2264 409 1246 311 1498 1245 3625 308 2272 411 3632 1499 3627 2276
739 17 2 3 28 1494 3612 2264 409 1495 3613 2265 410 3632 1499 1500 3627 3628 2276 2274 412 3633 1501 3630 2277
740 17 2 3 28 1495 3613 2265 410 414 2278 664 52 3633 1501 1502 3630 3631 2277 2275 413 2282 416 2283 666
741 17 2 3 28 1240 270 269 1238 3614 2232 2230 3610 1247 1248 3634 272 2239 1242 2234 3618 3635 3636 2240 3619
742 17 2 3 28 3614 2232 2230 3610 3615 2233 2231 3611 3635 3636 3637 2240 2241 3619 2236 3621 3638 3639 2242 3622
743 17 2 3 28 3615 2233 2231 3611 2281 660 659 2280 3638 3639 3640 2242 2243 3622 2238 3624 2293 2290 662 2292
744 17 2 3 28 1241 1240 1238 1239 3616 3614 3610 3612 1249 1250 3641 1248 3634 1244 3618 3625 3642 3643 3636 3626
745 17 2 3 28 3616 3614 3610 3612 3617 3615 3611 3613 3642 3643 3644 3636 3637 3626 3621 3628 3645 3646 3639 3629
746 17 2 3 28 3617 3615 3611 3613 2279 2281 2280 2278 3645 3646 3647 3639 3640 3629 3624 3631 2289 2285 2290 2287
747 17 2 3 28 310 1241 1239 309 1496 3616 3612 1494 1251 312 1503 1250 3641 1246 3625 1498 3648 1504 3643 3632
748 17 2 3 28 1496 3616 3612 1494 1497 3617 3613 1495 3648 1504 1505 3643 3644 3632 3628 1500 3649 1506 3646 3633
749 17 2 3 28 1497 3617 3613 1495 415 2279 2278 414 3649 1506 1507 3646 3647 3633 3631 1502 2284 417 2285 2282
750 17 2 3 28 319 24 270 1240 1958 579 2232 3614 321 1252 1962 273 581 1247 2239 3634 1963 3650 2244 3635
751 17 2 3 28 1958 579 2232 3614 1959 580 2233 3615 1963 3650 1964 2244 582 3635 2241 3637 1965 3651 2245 3638
752 17 2 3 28 1959 580 2233 3615 584 50 660 2281 1965 3651 1966 2245 583 3638 2243 3640 586 2291 663 2293
753 17 2 3 28 320 319 1240 1241 1960 1958 3614 3616 322 1253 1967 1252 1962 1249 3634 3641 1968 3652 3650 3642
754 17 2 3 28 1960 1958 3614 3616 1961 1959 3615 3617 1968 3652 1969 3650 1964 3642 3637 3644 1970 3653 3651 3645
755 17 2 3 28 1961 1959 3615 3617 585 584 2281 2279 1970 3653 1971 3651 1966 3645 3640 3647 587 2286 2291 2289
756 17 2 3 28 27 320 1241 310 424 1960 3616 1496 323 313 426 1253 1967 1251 3641 1503 1972 1508 3652 3648
757 17 2 3 28 424 1960 3616 1496 425 1961 3617 1497 1972 1508 427 3652 1969 3648 3644 1505 1973 1509 3653 3649
758 17 2 3 28 425 1961 3617 1497 53 585 2279 415 1973 1509 428 3653 1971 3649 3647 1507 588 418 2286 2284
759 17 2 3 29 2294 429 28 589 3654 1590 455 2022 2298 2299 3662 431 1595 591 458 2027 3663 3664 1594 2026
760 17 2 3 29 3654 1590 455 2022 3655 1591 454 2023 3663 3664 3665 1594 1597 2026 457 2029 3666 3667 1596 2028
761 17 2 3 29 3655 1591 454 2023 774 54 1 100 3666 3667 3668 1596 1598 2028 456 2030 779 778 56 103
762 17 2 3 29 2295 2294 589 590 3656 3654 2022 2024 2300 2301 3669 2299 3662 592 2027 2032 3670 3671 3664 2031
763 17 2 3 29 3656 3654 2022 2024 3657 3655 2023 2025 3670 3671 3672 3664 3665 2031 2029 2034 3673 3674 3667 2033
764 17 2 3 29 3657 3655 2023 2025 775 774 100 99 3673 3674 3675 3667 3668 2033 2030 2035 781 780 778 102
765 17 2 3 29 675 2295 590 31 2312 3656 2024 609 2302 678 2320 2301 3669 593 2032 611 3676 2324 3671 2036
766 17 2 3 29 2312 3656 2024 609 2313 3657 2025 610 3676 2324 2322 3671 3672 2036 2034 612 3677 2325 3674 2037
767 17 2 3 29 2313 3657 2025 610 90 775 99 4 3677 2325 2323 3674 3675 2037 2035 613 782 93 780 101
768 17 2 3 29 2296 430 429 2294 3658 1592 1590 3654 2303 2304 3678 432 1600 2298 1595 3662 3679 3680 1599 3663
769 17 2 3 29 3658 1592 1590 3654 3659 1593 1591 3655 3679 3680 3681 1599 1602 3663 1597 3665 3682 3683 1601 3666
770 17 2 3 29 3659 1593 1591 3655 776 55 54 774 3682 3683 3684 1601 1603 3666 1598 3668 784 783 57 779
771 17 2 3 29 2297 2296 2294 2295 3660 3658 3654 3656 2305 2306 3685 2304 3678 2300 3662 3669 3686 3687 3680 3670
772 17 2 3 29 3660 3658 3654 3656 3661 3659 3655 3657 3686 3687 3688 3680 3681 3670 3665 3672 3689 3690 3683 3673
773 17 2 3 29 3661 3659 3655 3657 777 776 774 775 3689 3690 3691 3683 3684 3673 3668 3675 786 785 783 781
774 17 2 3 29 674 2297 2295 675 2310 3660 3656 2312 2307 677 2315 2306 3685 2302 3669 2320 3692 2319 3687 3676
775 17 2 3 29 2310 3660 3656 2312 2311 3661 3657 2313 3692 2319 2317 3687 3688 3676 3672 2322 3693 2321 3690 3677
776 17 2 3 29 2311 3661 3657 2313 89 777 775 90 3693 2321 2318 3690 3691 3677 3675 2323 787 92 785 782
777 17 2 3 29 669 29 430 2296 2326 464 1592 3658 671 2308 2331 433 466 2303 1600 3678 2330 3694 1604 3679
778 17 2 3 29 2326 464 1592 3658 2327 465 1593 3659 2330 3694 2333 1604 467 3679 1602 3681 2332 3695 1605 3682
779 17 2 3 29 2327 465 1593 3659 109 2 55 776 2332 3695 2334 1605 468 3682 1603 3684 111 788 58 784
780 17 2 3 29 670 669 2296 2297 2328 2326 3658 3660 672 2309 2336 2308 2331 2305 3678 3685 2335 3696 3694 3686
781 17 2 3 29 2328 2326 3658 3660 2329 2327 3659 3661 2335 3696 2338 3694 2333 3686 3681 3688 2337 3697 3695 3689
782 17 2 3 29 2329 2327 3659 3661 110 109 776 777 2337 3697 2339 3695 2334 3689 3684 3691 112 789 788 786
783 17 2 3 29 32 670 2297 674 679 2328 3660 2310 673 676 681 2309 2336 2307 3685 2315 2340 2314 3696 3692
784 17 2 3 29 679 2328 3660 2310 680 2329 3661 2311 2340 2314 682 3696 2338 3692 3688 2317 2341 2316 3697 3693
785 17 2 3 29 680 2329 3661 2311 5 110 777 89 2341 2316 683 3697 2339 3693 3691 2318 113 91 789 787
786 17 2 3 30 2342 469 29 669 3698 1654 464 2326 2346 2347 3706 471 1659 671 466 2331 3707 3708 1658 2330
787 17 2 3 30 3698 1654 464 2326 3699 1655 465 2327 3707 3708 3709 1658 1661 2330 467 2333 3710 3711 1660 2332
788 17 2 3 30 3699 1655 465 2327 854 114 2 109 3710 3711 3712 1660 1662 2332 468 2334 859 858 116 111
789 17 2 3 30 2343 2342 669 670 3700 3698 2326 2328 2348 2349 3713 2347 3706 672 2331 2336 3714 3715 3708 2335
790 17 2 3 30 3700 3698 2326 2328 3701 3699 2327 2329 3714 3715 3716 3708 3709 2335 2333 2338 3717 3718 3711 2337
791 17 2 3 30 3701 3699 2327 2329 855 854 109 110 3717 3718 3719 3711 3712 2337 2334 2339 861 860 858 112
792 17 2 3 30 685 2343 670 32 2360 3700 2328 679 2350 688 2368 2349 3713 673 2336 681 3720 2372 3715 2340
793 17 2 3 30 2360 3700 2328 679 2361 3701 2329 680 3720 2372 2370 3715 3716 2340 2338 682 3721 2373 3718 2341
794 17 2 3 30 2361 3701 2329 680 140 855 110 5 3721 2373 2371 3718 3719 2341 2339 683 862 143 860 113
795 17 2 3 30 2344 470 469 2342 3702 1656 1654 3698 2351 2352 3722 472 1664 2346 1659 3706 3723 3724 1663 3707
796 17 2 3 30 3702 1656 1654 3698 3703 1657 1655 3699 3723 3724 3725 1663 1666 3707 1661 3709 3726 3727 1665 3710
797 17 2 3 30 3703 1657 1655 3699 856 115 114 854 3726 3727 3728 1665 1667 3710 1662 3712 864 863 117 859
798 17 2 3 30 2345 2344 2342 2343 3704 3702 3698 3700 2353 2354 3729 2352 3722 2348 3706 3713 3730 3731 3724 3714
799 17 2 3 30 3704 3702 3698 3700 3705 3703 3699 3701 3730 3731 3732 3724 3725 3714 3709 3716 3733 3734 3727 3717
800 17 2 3 30 3705 3703 3699 3701 857 856 854 855 3733 3734 3735 3727 3728 3717 3712 3719 866 865 863 861
801 17 2 3 30 684 2345 2343 685 2358 3704 3700 2360 2355 687 2363 2354 3729 2350 3713 2368 3736 2367 3731 3720
802 17 2 3 30 2358 3704 3700 2360 2359 3705 3701 2361 3736 2367 2365 3731 3732 3720 3716 2370 3737 2369 3734 3721
803 17 2 3 30 2359 3705 3701 2361 139 857 855 140 3737 2369 2366 3734 3735 3721 3719 2371 867 142 865 862
804 17 2 3 30 545 30 470 2344 1831 489 1656 3702 548 2356 1838 473 491 2351 1664 3722 1836 3738 1668 3723
805 17 2 3 30 1831 489 1656 3702 1830 490 1657 3703 1836 3738 1837 1668 492 3723 1666 3725 1834 3739 1669 3726
806 17 2 3 30 1830 490 1657 3703 149 3 115 856 1834 3739 1835 1669 493 3726 1667 3728 151 868 118 864
807 17 2 3 30 544 545 2344 2345 1833 1831 3702 3704 547 2357 1843 2356 1838 2353 3722 3729 1841 3740 3738 3730
808 17 2 3 30 1833 1831 3702 3704 1832 1830 3703 3705 1841 3740 1842 3738 1837 3730 3725 3732 1839 3741 3739 3733
809 17 2 3 30 1832 1830 3703 3705 150 149 856 857 1839 3741 1840 3739 1835 3733 3728 3735 152 869 868 866
810 17 2 3 30 33 544 2345 684 555 1833 3704 2358 546 686 558 2357 1843 2355 3729 2363 1845 2362 3740 3736
811 17 2 3 30 555 1833 3704 2358 554 1832 3705 2359 1845 2362 557 3740 1842 3736 3732 2365 1844 2364 3741 3737
812 17 2 3 30 554 1832 3705 2359 6 150 857 139 1844 2364 556 3741 1840 3737 3735 2366 153 141 869 867
813 17 2 3 31 32 674 2374 689 679 2310 3742 2390 676 691 681 2379 2315 2378 3750 2395 2314 2394 3751 3752
814 17 2 3 31 679 2310 3742 2390 680 2311 3743 2391 2314 2394 682 3751 2317 3752 3753 2397 2316 2396 3754 3755
815 17 2 3 31 680 2311 3743 2391 5 89 934 189 2316 2396 683 3754 2318 3755 3756 2398 91 191 938 939
816 17 2 3 31 689 2374 2375 690 2390 3742 3744 2392 2378 692 2395 2381 3750 2380 3757 2400 3752 2399 3758 3759
817 17 2 3 31 2390 3742 3744 2392 2391 3743 3745 2393 3752 2399 2397 3758 3753 3759 3760 2402 3755 2401 3761 3762
818 17 2 3 31 2391 3743 3745 2393 189 934 935 190 3755 2401 2398 3761 3756 3762 3763 2403 939 192 940 941
819 17 2 3 31 690 2375 339 35 2392 3744 1335 360 2380 693 2400 2382 3757 341 1342 363 3759 2404 3764 1341
820 17 2 3 31 2392 3744 1335 360 2393 3745 1334 359 3759 2404 2402 3764 3760 1341 1340 362 3762 2405 3765 1339
821 17 2 3 31 2393 3745 1334 359 190 935 169 8 3762 2405 2403 3765 3763 1339 1338 361 941 193 942 171
822 17 2 3 31 674 675 2376 2374 2310 2312 3746 3742 677 2379 2315 2384 2320 2383 3766 3750 2319 3751 3767 3768
823 17 2 3 31 2310 2312 3746 3742 2311 2313 3747 3743 2319 3751 2317 3767 2322 3768 3769 3753 2321 3754 3770 3771
824 17 2 3 31 2311 2313 3747 3743 89 90 936 934 2321 3754 2318 3770 2323 3771 3772 3756 92 938 943 944
825 17 2 3 31 2374 2376 2377 2375 3742 3746 3748 3744 2383 2381 3750 2386 3766 2385 3773 3757 3768 3758 3774 3775
826 17 2 3 31 3742 3746 3748 3744 3743 3747 3749 3745 3768 3758 3753 3774 3769 3775 3776 3760 3771 3761 3777 3778
827 17 2 3 31 3743 3747 3749 3745 934 936 937 935 3771 3761 3756 3777 3772 3778 3779 3763 944 940 945 946
828 17 2 3 31 2375 2377 340 339 3744 3748 1337 1335 2385 2382 3757 2387 3773 342 1347 1342 3775 3764 3780 1346
829 17 2 3 31 3744 3748 1337 1335 3745 3749 1336 1334 3775 3764 3760 3780 3776 1346 1345 1340 3778 3765 3781 1344
830 17 2 3 31 3745 3749 1336 1334 935 937 170 169 3778 3765 3763 3781 3779 1344 1343 1338 946 942 947 172
831 17 2 3 31 675 31 614 2376 2312 609 2070 3746 678 2384 2320 616 611 2388 2075 3766 2324 3767 2074 3782
832 17 2 3 31 2312 609 2070 3746 2313 610 2071 3747 2324 3767 2322 2074 612 3782 2077 3769 2325 3770 2076 3783
833 17 2 3 31 2313 610 2071 3747 90 4 180 936 2325 3770 2323 2076 613 3783 2078 3772 93 943 183 948
834 17 2 3 31 2376 614 615 2377 3746 2070 2072 3748 2388 2386 3766 617 2075 2389 2080 3773 3782 3774 2079 3784
835 17 2 3 31 3746 2070 2072 3748 3747 2071 2073 3749 3782 3774 3769 2079 2077 3784 2082 3776 3783 3777 2081 3785
836 17 2 3 31 3747 2071 2073 3749 936 180 179 937 3783 3777 3772 2081 2078 3785 2083 3779 948 945 182 949
837 17 2 3 31 2377 615 34 340 3748 2072 349 1337 2389 2387 3773 618 2080 343 351 1347 3784 3780 2084 1349
838 17 2 3 31 3748 2072 349 1337 3749 2073 350 1336 3784 3780 3776 2084 2082 1349 352 1345 3785 3781 2085 1348
839 17 2 3 31 3749 2073 350 1336 937 179 7 170 3785 3781 3779 2085 2083 1348 353 1343 949 947 181 173
840 17 2 3 32 33 684 2406 565 555 2358 3786 1879 686 568 558 2411 2363 2410 3794 1886 2362 1884 3795 3796
841 17 2 3 32 555 2358 3786 1879 554 2359 3787 1878 2362 1884 557 3795 2365 3796 3797 1885 2364 1882 3798 3799
842 17 2 3 32 554 2359 3787 1878 6 139 998 214 2364 1882 556 3798 2366 3799 3800 1883 141 216 1002 1003
843 17 2 3 32 565 2406 2407 564 1879 3786 3788 1881 2410 567 1886 2413 3794 2412 3801 1891 3796 1889 3802 3803
844 17 2 3 32 1879 3786 3788 1881 1878 3787 3789 1880 3796 1889 1885 3802 3797 3803 3804 1890 3799 1887 3805 3806
845 17 2 3 32 1878 3787 3789 1880 214 998 999 215 3799 1887 1883 3805 3800 3806 3807 1888 1003 217 1004 1005
846 17 2 3 32 564 2407 374 36 1881 3788 1399 385 2412 566 1891 2414 3801 376 1406 388 3803 1893 3808 1405
847 17 2 3 32 1881 3788 1399 385 1880 3789 1398 384 3803 1893 1890 3808 3804 1405 1404 387 3806 1892 3809 1403
848 17 2 3 32 1880 3789 1398 384 215 999 204 9 3806 1892 1888 3809 3807 1403 1402 386 1005 218 1006 206
849 17 2 3 32 684 685 2408 2406 2358 2360 3790 3786 687 2411 2363 2416 2368 2415 3810 3794 2367 3795 3811 3812
850 17 2 3 32 2358 2360 3790 3786 2359 2361 3791 3787 2367 3795 2365 3811 2370 3812 3813 3797 2369 3798 3814 3815
851 17 2 3 32 2359 2361 3791 3787 139 140 1000 998 2369 3798 2366 3814 2371 3815 3816 3800 142 1002 1007 1008
852 17 2 3 32 2406 2408 2409 2407 3786 3790 3792 3788 2415 2413 3794 2418 3810 2417 3817 3801 3812 3802 3818 3819
853 17 2 3 32 3786 3790 3792 3788 3787 3791 3793 3789 3812 3802 3797 3818 3813 3819 3820 3804 3815 3805 3821 3822
854 17 2 3 32 3787 3791 3793 3789 998 1000 1001 999 3815 3805 3800 3821 3816 3822 3823 3807 1008 1004 1009 1010
855 17 2 3 32 2407 2409 375 374 3788 3792 1401 1399 2417 2414 3801 2419 3817 377 1411 1406 3819 3808 3824 1410
856 17 2 3 32 3788 3792 1401 1399 3789 3793 1400 1398 3819 3808 3804 3824 3820 1410 1409 1404 3822 3809 3825 1408
857 17 2 3 32 3789 3793 1400 1398 999 1001 205 204 3822 3809 3807 3825 3823 1408 1407 1402 1010 1006 1011 207
858 17 2 3 32 685 32 689 2408 2360 679 2390 3790 688 2416 2368 691 681 2420 2395 3810 2372 3811 2394 3826
859 17 2 3 32 2360 679 2390 3790 2361 680 2391 3791 2372 3811 2370 2394 682 3826 2397 3813 2373 3814 2396 3827
860 17 2 3 32 2361 680 2391 3791 140 5 189 1000 2373 3814 2371 2396 683 3827 2398 3816 143 1007 191 1012
861 17 2 3 32 2408 689 690 2409 3790 2390 2392 3792 2420 2418 3810 692 2395 2421 2400 3817 3826 3818 2399 3828
862 17 2 3 32 3790 2390 2392 3792 3791 2391 2393 3793 3826 3818 3813 2399 2397 3828 2402 3820 3827 3821 2401 3829
863 17 2 3 32 3791 2391 2393 3793 1000 189 190 1001 3827 3821 3816 2401 2398 3829 2403 3823 1012 1009 192 1013
864 17 2 3 32 2409 690 35 375 3792 2392 360 1401 2421 2419 3817 693 2400 378 363 1411 3828 3824 2404 1413
865 17 2 3 32 3792 2392 360 1401 3793 2393 359 1400 3828 3824 3820 2404 2402 1413 362 1409 3829 3825 2405 1412
866 17 2 3 32 3793 2393 359 1400 1001 190 8 205 3829 3825 3823 2405 2403 1412 361 1407 1013 1011 193 208
$EndElements
