0.00000000e+00,-1.62960275e-06,-3.51631580e-06,-5.28291935e-06
0.00000000e+00,-1.89394052e-06,-3.95928790e-06,-5.94456227e-06
0.00000000e+00,-1.45749812e-06,-3.08640311e-06,-4.63523510e-06
0.00000000e+00,-1.22194622e-06,-2.70100274e-06,-4.05994976e-06
0.00000000e+00,-1.57248995e-06,-3.40209020e-06,-5.11158095e-06
0.00000000e+00,-1.77427988e-06,-3.71996663e-06,-5.58558038e-06
0.00000000e+00,-1.31516362e-06,-2.80173411e-06,-4.20823160e-06
0.00000000e+00,-1.14343188e-06,-2.54397406e-06,-3.82440675e-06
0.00000000e+00,-1.76381879e-06,-3.74189616e-06,-5.61988228e-06
0.00000000e+00,-1.70822300e-06,-3.58785286e-06,-5.38740972e-06
0.00000000e+00,-1.34453828e-06,-2.90333515e-06,-4.36204077e-06
0.00000000e+00,-1.44873814e-06,-3.15458659e-06,-4.74032553e-06
0.00000000e+00,-1.60104741e-06,-3.45920513e-06,-5.19725334e-06
0.00000000e+00,-1.82887719e-06,-3.82916125e-06,-5.74937231e-06
0.00000000e+00,-1.37880554e-06,-2.92901795e-06,-4.39915735e-06
0.00000000e+00,-1.17974945e-06,-2.61660920e-06,-3.93335945e-06
0.00000000e+00,-1.67722794e-06,-3.56871447e-06,-5.36010975e-06
0.00000000e+00,-1.56602509e-06,-3.30345704e-06,-4.96081600e-06
0.00000000e+00,-1.23201460e-06,-2.67828779e-06,-4.02446973e-06
0.00000000e+00,-1.37632754e-06,-3.00976538e-06,-4.52309373e-06
0.00000000e+00,-1.52923839e-06,-3.31558708e-06,-4.98182628e-06
0.00000000e+00,-1.69744660e-06,-3.56630007e-06,-5.35508054e-06
0.00000000e+00,-1.22929504e-06,-2.62999695e-06,-3.95062586e-06
0.00000000e+00,-1.09196652e-06,-2.44104333e-06,-3.67001066e-06
0.00000000e+00,-1.54781816e-06,-3.35274663e-06,-5.03756560e-06
0.00000000e+00,-1.72942806e-06,-3.63026298e-06,-5.45102490e-06
0.00000000e+00,-1.26515020e-06,-2.70170726e-06,-4.05819132e-06
0.00000000e+00,-1.11306857e-06,-2.48324743e-06,-3.73331681e-06
0.00000000e+00,-1.61684465e-06,-3.44794788e-06,-5.17895986e-06
0.00000000e+00,-1.48162605e-06,-3.13465896e-06,-4.70761887e-06
0.00000000e+00,-1.16397788e-06,-2.54221435e-06,-3.82035957e-06
0.00000000e+00,-1.32601500e-06,-2.90914029e-06,-4.37215610e-06
0.00000000e+00,-1.51347384e-06,-3.28405799e-06,-4.93453264e-06
0.00000000e+00,-1.67130275e-06,-3.51401237e-06,-5.27664899e-06
0.00000000e+00,-1.20281724e-06,-2.57704134e-06,-3.87119246e-06
0.00000000e+00,-1.07470212e-06,-2.40651453e-06,-3.61821745e-06
0.00000000e+00,-1.51734145e-06,-3.29179321e-06,-4.94613547e-06
0.00000000e+00,-1.67744235e-06,-3.52629157e-06,-5.29506780e-06
0.00000000e+00,-1.20916124e-06,-2.58972934e-06,-3.89022445e-06
0.00000000e+00,-1.07864082e-06,-2.41439193e-06,-3.63003355e-06
0.00000000e+00,-1.59595301e-06,-3.40616460e-06,-5.11628495e-06
0.00000000e+00,-1.45351958e-06,-3.07844602e-06,-4.62329947e-06
0.00000000e+00,-1.14169050e-06,-2.49763957e-06,-3.75349741e-06
0.00000000e+00,-1.30855509e-06,-2.87422048e-06,-4.31977638e-06
0.00000000e+00,-7.67950819e-07,-1.70730850e-06,-2.56659319e-06
0.00000000e+00,-6.42821867e-07,-1.54275403e-06,-2.32257670e-06
0.00000000e+00,-6.89415504e-07,-1.55023787e-06,-2.33098724e-06
0.00000000e+00,-5.75597543e-07,-1.40830538e-06,-2.12090373e-06
0.00000000e+00,-1.14924849e-06,-2.46990384e-06,-3.71048620e-06
0.00000000e+00,-7.14348390e-07,-1.64295536e-06,-2.47147108e-06
0.00000000e+00,-9.47071161e-07,-2.15125262e-06,-3.23532458e-06
0.00000000e+00,-7.22915319e-07,-1.61723750e-06,-2.43148669e-06
0.00000000e+00,-6.04936136e-07,-1.46698257e-06,-2.20891951e-06
0.00000000e+00,-1.01699445e-06,-2.20539577e-06,-3.31372409e-06
0.00000000e+00,-6.34096740e-07,-1.48245206e-06,-2.23071614e-06
0.00000000e+00,-8.76484815e-07,-2.01007993e-06,-3.02356555e-06
0.00000000e+00,-6.31057208e-07,-1.43352128e-06,-2.15591236e-06
0.00000000e+00,-5.44255702e-07,-1.34562170e-06,-2.02687821e-06
0.00000000e+00,-6.55329865e-07,-1.48206659e-06,-2.22873033e-06
0.00000000e+00,-5.56488999e-07,-1.37008830e-06,-2.06357810e-06
0.00000000e+00,-9.45108129e-07,-2.06162312e-06,-3.09806512e-06
0.00000000e+00,-5.88723744e-07,-1.39170607e-06,-2.09459715e-06
0.00000000e+00,-8.29107125e-07,-1.91532455e-06,-2.88143248e-06
0.00000000e+00,-6.13081327e-07,-1.39756952e-06,-2.10198472e-06
0.00000000e+00,-5.31400391e-07,-1.31991108e-06,-1.98831228e-06
0.00000000e+00,-6.17466215e-07,-1.40633929e-06,-2.11513938e-06
0.00000000e+00,-5.34717240e-07,-1.32654478e-06,-1.99826283e-06
0.00000000e+00,-9.19885675e-07,-2.01117821e-06,-3.02239776e-06
0.00000000e+00,-5.74369777e-07,-1.36299814e-06,-2.05153526e-06
0.00000000e+00,-8.14299269e-07,-1.88570884e-06,-2.83700892e-06
0.00000000e+00,4.78080432e-08,-7.57907788e-08,-1.19316600e-07
0.00000000e+00,7.17122875e-08,-1.13685724e-07,-1.78974238e-07
0.00000000e+00,4.78079573e-08,-7.57909505e-08,-1.19316860e-07
0.00000000e+00,7.17122389e-08,-1.13685821e-07,-1.78974386e-07
0.00000000e+00,-3.80138684e-07,-9.31684234e-07,-1.40315678e-06
0.00000000e+00,5.97601500e-08,-9.47382821e-08,-1.49145465e-07
0.00000000e+00,-2.95671123e-07,-8.48452544e-07,-1.28112447e-06
0.00000000e+00,4.78080131e-08,-7.57908388e-08,-1.19316691e-07
0.00000000e+00,7.17122623e-08,-1.13685774e-07,-1.78974315e-07
0.00000000e+00,-3.23115802e-07,-8.17638469e-07,-1.23208814e-06
0.00000000e+00,5.97601015e-08,-9.47383791e-08,-1.49145613e-07
0.00000000e+00,-2.58226968e-07,-7.73564234e-07,-1.16879201e-06
0.00000000e+00,4.78079210e-08,-7.57910232e-08,-1.19316972e-07
0.00000000e+00,7.17121715e-08,-1.13685956e-07,-1.78974591e-07
0.00000000e+00,4.78079414e-08,-7.57909824e-08,-1.19316909e-07
0.00000000e+00,7.17122070e-08,-1.13685885e-07,-1.78974484e-07
0.00000000e+00,-2.98495238e-07,-7.68397341e-07,-1.15822645e-06
0.00000000e+00,5.97600431e-08,-9.47384961e-08,-1.49145791e-07
0.00000000e+00,-2.40335834e-07,-7.37781968e-07,-1.11511861e-06
0.00000000e+00,4.78078471e-08,-7.57911712e-08,-1.19317196e-07
0.00000000e+00,7.17120960e-08,-1.13686107e-07,-1.78974821e-07
0.00000000e+00,4.78078857e-08,-7.57910940e-08,-1.19317079e-07
0.00000000e+00,7.17121337e-08,-1.13686032e-07,-1.78974706e-07
0.00000000e+00,-2.86455426e-07,-7.44317717e-07,-1.12210701e-06
0.00000000e+00,5.97599721e-08,-9.47386382e-08,-1.49146007e-07
0.00000000e+00,-2.34150292e-07,-7.25410883e-07,-1.09656198e-06
0.00000000e+00,-2.10307601e-06,-4.29185546e-06,-6.44059840e-06
0.00000000e+00,-1.62994668e-06,-3.34559680e-06,-5.02121041e-06
0.00000000e+00,-1.92536361e-06,-3.93643065e-06,-5.90746119e-06
0.00000000e+00,-1.44892176e-06,-2.98354694e-06,-4.47813563e-06
0.00000000e+00,-2.00655034e-06,-4.14165584e-06,-6.21670658e-06
0.00000000e+00,-1.91013305e-06,-3.90596953e-06,-5.86176951e-06
0.00000000e+00,-1.55839771e-06,-3.24535056e-06,-4.87224867e-06
0.00000000e+00,-2.00449433e-06,-4.09469209e-06,-6.14485334e-06
0.00000000e+00,-1.52618292e-06,-3.13806928e-06,-4.70991913e-06
0.00000000e+00,-1.85799850e-06,-3.84455215e-06,-5.77105105e-06
0.00000000e+00,-1.70977212e-06,-3.50524767e-06,-5.26068671e-06
0.00000000e+00,-1.38670199e-06,-2.90195912e-06,-4.35716150e-06
0.00000000e+00,-1.82015880e-06,-3.72602104e-06,-5.59184678e-06
0.00000000e+00,-1.33307079e-06,-2.75184502e-06,-4.13058275e-06
0.00000000e+00,-1.86262708e-06,-3.81095760e-06,-5.71925162e-06
0.00000000e+00,-1.38136825e-06,-2.84843993e-06,-4.27547512e-06
0.00000000e+00,-1.76539345e-06,-3.65934205e-06,-5.49323590e-06
0.00000000e+00,-1.59652728e-06,-3.27875799e-06,-4.92095221e-06
0.00000000e+00,-1.28790490e-06,-2.70436495e-06,-4.06077025e-06
0.00000000e+00,-1.78634743e-06,-3.65839829e-06,-5.49041265e-06
0.00000000e+00,-1.29812355e-06,-2.68195054e-06,-4.02574103e-06
0.00000000e+00,-1.79386727e-06,-3.67343797e-06,-5.51297217e-06
0.00000000e+00,-1.30626914e-06,-2.69824171e-06,-4.05017778e-06
0.00000000e+00,-1.73489703e-06,-3.59834922e-06,-5.40174666e-06
0.00000000e+00,-1.56089332e-06,-3.20749006e-06,-4.81405031e-06
0.00000000e+00,-1.25495888e-06,-2.63847291e-06,-3.96193219e-06
0.00000000e+00,-1.01814503e-06,-2.12199349e-06,-3.18580545e-06
0.00000000e+00,-7.51841786e-07,-1.58938700e-06,-2.38689572e-06
0.00000000e+00,-1.33157372e-06,-2.74885087e-06,-4.12609152e-06
0.00000000e+00,-8.67190957e-07,-1.86293706e-06,-2.79862841e-06
0.00000000e+00,-8.79331336e-07,-1.84436610e-06,-2.76936437e-06
0.00000000e+00,-1.12983630e-06,-2.34537603e-06,-3.52087925e-06
0.00000000e+00,-7.37065245e-07,-1.60268564e-06,-2.40825128e-06
0.00000000e+00,-7.06003975e-07,-1.49771138e-06,-2.24938229e-06
0.00000000e+00,-7.19801461e-07,-1.52530635e-06,-2.29077474e-06
0.00000000e+00,-1.03320716e-06,-2.15211775e-06,-3.23099184e-06
0.00000000e+00,-6.67871937e-07,-1.46429902e-06,-2.20067136e-06
0.00000000e+00,-6.74303240e-07,-1.43430991e-06,-2.15428009e-06
0.00000000e+00,-6.84406640e-07,-1.45451671e-06,-2.18459028e-06
0.00000000e+00,-1.00078698e-06,-2.08727738e-06,-3.13373129e-06
0.00000000e+00,-6.48315817e-07,-1.42518678e-06,-2.14200300e-06
0.00000000e+00,2.39038367e-08,-3.78957577e-08,-5.96588480e-08
0.00000000e+00,2.39037238e-08,-3.78959836e-08,-5.96591896e-08
0.00000000e+00,-4.48248422e-07,-9.82200276e-07,-1.47611563e-06
0.00000000e+00,3.58558002e-08,-5.68435477e-08,-8.94881432e-08
0.00000000e+00,2.39037703e-08,-3.78958904e-08,-5.96590485e-08
0.00000000e+00,-3.94781938e-07,-8.75267307e-07,-1.31571617e-06
0.00000000e+00,3.58558654e-08,-5.68434173e-08,-8.94879502e-08
0.00000000e+00,2.39036826e-08,-3.78960660e-08,-5.96593158e-08
0.00000000e+00,2.39037075e-08,-3.78960161e-08,-5.96592396e-08
0.00000000e+00,-3.40770867e-07,-7.67245166e-07,-1.15368297e-06
0.00000000e+00,3.58557929e-08,-5.68435623e-08,-8.94881704e-08
0.00000000e+00,2.39036032e-08,-3.78962248e-08,-5.96595566e-08
0.00000000e+00,2.39036443e-08,-3.78961427e-08,-5.96594321e-08
0.00000000e+00,-3.33181605e-07,-7.52066642e-07,-1.13091518e-06
0.00000000e+00,3.58557256e-08,-5.68436971e-08,-8.94883751e-08
0.00000000e+00,-2.20374196e-06,-4.40748392e-06,-6.61122588e-06
0.00000000e+00,-1.64892657e-06,-3.29785313e-06,-4.94677969e-06
0.00000000e+00,-1.99477165e-06,-3.98954329e-06,-5.98431493e-06
0.00000000e+00,-1.53097543e-06,-3.06195087e-06,-4.59292629e-06
0.00000000e+00,-2.15827231e-06,-4.35939634e-06,-6.54050211e-06
0.00000000e+00,-1.97962149e-06,-3.95924297e-06,-5.93886445e-06
0.00000000e+00,-1.70043096e-06,-3.44371364e-06,-5.16697806e-06
0.00000000e+00,-2.07926287e-06,-4.15852574e-06,-6.23778861e-06
0.00000000e+00,-1.58953269e-06,-3.17906538e-06,-4.76859806e-06
0.00000000e+00,-1.97173728e-06,-3.98632627e-06,-5.98089701e-06
0.00000000e+00,-1.77412099e-06,-3.54824197e-06,-5.32236295e-06
0.00000000e+00,-1.48750551e-06,-3.01786274e-06,-4.52820171e-06
0.00000000e+00,-1.87886495e-06,-3.75772991e-06,-5.63659485e-06
0.00000000e+00,-1.38028801e-06,-2.76057601e-06,-4.14086401e-06
0.00000000e+00,-1.92594331e-06,-3.85188663e-06,-5.77782994e-06
0.00000000e+00,-1.44214427e-06,-2.88428853e-06,-4.32643279e-06
0.00000000e+00,-1.85829213e-06,-3.75943597e-06,-5.64056156e-06
0.00000000e+00,-1.65525338e-06,-3.31050676e-06,-4.96576013e-06
0.00000000e+00,-1.36664985e-06,-2.77615142e-06,-4.16563473e-06
0.00000000e+00,-1.84304157e-06,-3.68608314e-06,-5.52912471e-06
0.00000000e+00,-1.34995273e-06,-2.69990545e-06,-4.04985818e-06
0.00000000e+00,-1.85051804e-06,-3.70103607e-06,-5.55155410e-06
0.00000000e+00,-1.35578524e-06,-2.71157048e-06,-4.06735571e-06
0.00000000e+00,-1.82214528e-06,-3.68714227e-06,-5.53212102e-06
0.00000000e+00,-1.61282205e-06,-3.22564411e-06,-4.83846616e-06
0.00000000e+00,-1.32925799e-06,-2.70136770e-06,-4.05345916e-06
0.00000000e+00,-9.97853162e-07,-1.99570632e-06,-2.99355947e-06
0.00000000e+00,-8.23996661e-07,-1.64799332e-06,-2.47198997e-06
0.00000000e+00,-1.38966870e-06,-2.77933740e-06,-4.16900609e-06
0.00000000e+00,-9.04549035e-07,-1.85194978e-06,-2.77933228e-06
0.00000000e+00,-8.82333738e-07,-1.76466747e-06,-2.64700120e-06
0.00000000e+00,-1.19381783e-06,-2.38763566e-06,-3.58145348e-06
0.00000000e+00,-8.20557387e-07,-1.68396649e-06,-2.52735734e-06
0.00000000e+00,-7.39761215e-07,-1.47952243e-06,-2.21928364e-06
0.00000000e+00,-7.74686670e-07,-1.54937334e-06,-2.32406000e-06
0.00000000e+00,-1.07816034e-06,-2.15632068e-06,-3.23448102e-06
0.00000000e+00,-7.20768676e-07,-1.48438907e-06,-2.22799120e-06
0.00000000e+00,-7.15037077e-07,-1.43007415e-06,-2.14511123e-06
0.00000000e+00,-7.20515688e-07,-1.44103137e-06,-2.16154706e-06
0.00000000e+00,-1.04610321e-06,-2.09220642e-06,-3.13830963e-06
0.00000000e+00,-7.00597246e-07,-1.44404621e-06,-2.16747692e-06
0.00000000e+00,-3.79345657e-13,-7.55701884e-13,-1.12475356e-12
0.00000000e+00,-4.60693817e-13,-9.18490653e-13,-1.37180676e-12
0.00000000e+00,-8.36701083e-07,-1.67340216e-06,-2.51010324e-06
0.00000000e+00,1.19517252e-08,-1.89482637e-08,-2.98299969e-08
0.00000000e+00,-4.19738960e-13,-8.36510101e-13,-1.24744805e-12
0.00000000e+00,-3.48243301e-07,-6.96486600e-07,-1.04472989e-06
0.00000000e+00,1.19516325e-08,-1.89484491e-08,-2.98302777e-08
0.00000000e+00,-5.44854853e-13,-1.08687293e-12,-1.62697988e-12
0.00000000e+00,-5.02392836e-13,-1.00190549e-12,-1.49823543e-12
0.00000000e+00,-3.91165136e-07,-7.82330269e-07,-1.17349540e-06
0.00000000e+00,1.19515666e-08,-1.89485810e-08,-2.98304782e-08
0.00000000e+00,-6.32339410e-13,-1.26195932e-12,-1.89217565e-12
0.00000000e+00,-5.87982942e-13,-1.17317701e-12,-1.75772970e-12
0.00000000e+00,-3.56961696e-07,-7.13923390e-07,-1.07088508e-06
0.00000000e+00,1.19514844e-08,-1.89487454e-08,-2.98307274e-08
0.00000000e+00,-2.15088444e-06,-4.21606543e-06,-6.32128292e-06
0.00000000e+00,-1.67775511e-06,-3.26980678e-06,-4.90189495e-06
0.00000000e+00,-1.97317208e-06,-3.86064072e-06,-5.78814585e-06
0.00000000e+00,-1.49673018e-06,-2.90775691e-06,-4.35882015e-06
0.00000000e+00,-2.18217653e-06,-4.32150134e-06,-6.48084440e-06
0.00000000e+00,-1.95794153e-06,-3.83017962e-06,-5.74245420e-06
0.00000000e+00,-1.72433517e-06,-3.40581862e-06,-5.10732031e-06
0.00000000e+00,-2.05230278e-06,-4.01890213e-06,-6.02553796e-06
0.00000000e+00,-1.57399133e-06,-3.06227923e-06,-4.59060361e-06
0.00000000e+00,-1.99564151e-06,-3.94843130e-06,-5.92123933e-06
0.00000000e+00,-1.75758056e-06,-3.42945767e-06,-5.14137129e-06
0.00000000e+00,-1.51140972e-06,-2.97996771e-06,-4.46854395e-06
0.00000000e+00,-1.86796727e-06,-3.65023110e-06,-5.47253143e-06
0.00000000e+00,-1.38087925e-06,-2.67605507e-06,-4.01126738e-06
0.00000000e+00,-1.91043555e-06,-3.73516767e-06,-5.59993628e-06
0.00000000e+00,-1.42917670e-06,-2.77264996e-06,-4.15615971e-06
0.00000000e+00,-1.88219636e-06,-3.72154100e-06,-5.58090388e-06
0.00000000e+00,-1.64433574e-06,-3.20296805e-06,-4.80163685e-06
0.00000000e+00,-1.39055408e-06,-2.73825644e-06,-4.10597705e-06
0.00000000e+00,-1.83415590e-06,-3.58260836e-06,-5.37109732e-06
0.00000000e+00,-1.34593202e-06,-2.60616061e-06,-3.90642570e-06
0.00000000e+00,-1.84167574e-06,-3.59764804e-06,-5.39365684e-06
0.00000000e+00,-1.35407760e-06,-2.62245177e-06,-3.93086243e-06
0.00000000e+00,-1.84604952e-06,-3.64924731e-06,-5.47246336e-06
0.00000000e+00,-1.60870179e-06,-3.13170014e-06,-4.69473498e-06
0.00000000e+00,-1.35316223e-06,-2.66347273e-06,-3.99380149e-06
0.00000000e+00,-1.06595318e-06,-2.04620292e-06,-3.06648915e-06
0.00000000e+00,-7.99650223e-07,-1.51359701e-06,-2.26758029e-06
0.00000000e+00,-1.37938190e-06,-2.67306037e-06,-4.00677533e-06
0.00000000e+00,-9.28453128e-07,-1.81405454e-06,-2.71967419e-06
0.00000000e+00,-9.27139665e-07,-1.76857589e-06,-2.65004861e-06
0.00000000e+00,-1.17764475e-06,-2.26958606e-06,-3.40156386e-06
0.00000000e+00,-8.44461588e-07,-1.64607146e-06,-2.46769957e-06
0.00000000e+00,-7.53812418e-07,-1.42192140e-06,-2.13006688e-06
0.00000000e+00,-7.67609903e-07,-1.44951637e-06,-2.17145933e-06
0.00000000e+00,-1.08101560e-06,-2.07632777e-06,-3.11167644e-06
0.00000000e+00,-7.44672900e-07,-1.44649408e-06,-2.16833351e-06
0.00000000e+00,-7.22111708e-07,-1.35851998e-06,-2.03496475e-06
0.00000000e+00,-7.32215097e-07,-1.37872676e-06,-2.06527491e-06
0.00000000e+00,-1.04859544e-06,-2.01148745e-06,-3.01441596e-06
0.00000000e+00,-7.24501480e-07,-1.40615124e-06,-2.10781925e-06
0.00000000e+00,-2.39045935e-08,3.78942501e-08,5.96566038e-08
0.00000000e+00,-2.39046432e-08,3.78941506e-08,5.96564520e-08
0.00000000e+00,-4.96056728e-07,-9.06410019e-07,-1.35679980e-06
0.00000000e+00,-1.19524830e-08,1.89467540e-08,2.98277496e-08
0.00000000e+00,-2.39046080e-08,3.78942210e-08,5.96565589e-08
0.00000000e+00,-4.42590333e-07,-7.99477230e-07,-1.19640062e-06
0.00000000e+00,-1.19525535e-08,1.89466130e-08,2.98275354e-08
0.00000000e+00,-2.39047685e-08,3.78938999e-08,5.96560734e-08
0.00000000e+00,-2.39047096e-08,3.78940178e-08,5.96562515e-08
0.00000000e+00,-3.88579314e-07,-6.91455191e-07,-1.03436756e-06
0.00000000e+00,-1.19526551e-08,1.89464096e-08,2.98272278e-08
0.00000000e+00,-2.39048635e-08,3.78937097e-08,5.96557855e-08
0.00000000e+00,-2.39048163e-08,3.78938043e-08,5.96559286e-08
0.00000000e+00,-3.80990073e-07,-6.76276709e-07,-1.01159984e-06
0.00000000e+00,-1.19527488e-08,1.89462221e-08,2.98269439e-08
0.00000000e+00,-1.98955742e-06,-3.80770798e-06,-5.70593152e-06
0.00000000e+00,-1.55311492e-06,-2.93482297e-06,-4.39660401e-06
0.00000000e+00,-1.86989681e-06,-3.56838674e-06,-5.34694966e-06
0.00000000e+00,-1.41078053e-06,-2.65015418e-06,-3.96960083e-06
0.00000000e+00,-2.07826301e-06,-4.02797087e-06,-6.03773347e-06
0.00000000e+00,-1.80383984e-06,-3.43627281e-06,-5.14877876e-06
0.00000000e+00,-1.63011033e-06,-3.13166550e-06,-4.69327541e-06
0.00000000e+00,-1.92449412e-06,-3.67758136e-06,-5.51074159e-06
0.00000000e+00,-1.47442240e-06,-2.77743793e-06,-4.16052645e-06
0.00000000e+00,-1.92971120e-06,-3.73086724e-06,-5.59207802e-06
0.00000000e+00,-1.66164201e-06,-3.15187714e-06,-4.72218527e-06
0.00000000e+00,-1.45841464e-06,-2.78827412e-06,-4.17818835e-06
0.00000000e+00,-1.79306354e-06,-3.41472021e-06,-5.11644988e-06
0.00000000e+00,-1.32491197e-06,-2.47841707e-06,-3.71199516e-06
0.00000000e+00,-1.82504499e-06,-3.47868310e-06,-5.21239421e-06
0.00000000e+00,-1.36076711e-06,-2.55012735e-06,-3.81956059e-06
0.00000000e+00,-1.83710615e-06,-3.54565715e-06,-5.31426289e-06
0.00000000e+00,-1.57724298e-06,-2.98307909e-06,-4.46898818e-06
0.00000000e+00,-1.35961759e-06,-2.59068003e-06,-3.88179721e-06
0.00000000e+00,-1.76691970e-06,-3.36243253e-06,-5.03801835e-06
0.00000000e+00,-1.29843418e-06,-2.42546149e-06,-3.63256180e-06
0.00000000e+00,-1.77305930e-06,-3.37471173e-06,-5.05643715e-06
0.00000000e+00,-1.30477817e-06,-2.43814947e-06,-3.65159377e-06
0.00000000e+00,-1.80660974e-06,-3.48466433e-06,-5.22277367e-06
0.00000000e+00,-1.54913652e-06,-2.92686618e-06,-4.38466882e-06
0.00000000e+00,-1.32667158e-06,-2.52478802e-06,-3.78295919e-06
0.00000000e+00,-8.63567444e-07,-1.55572802e-06,-2.32796158e-06
0.00000000e+00,-7.85032406e-07,-1.39865794e-06,-2.09235647e-06
0.00000000e+00,-1.24486521e-06,-2.31832355e-06,-3.47185488e-06
0.00000000e+00,-9.38903611e-07,-1.74925207e-06,-2.61965526e-06
0.00000000e+00,-8.18532095e-07,-1.46565732e-06,-2.19285553e-06
0.00000000e+00,-1.11261135e-06,-2.05381583e-06,-3.07509329e-06
0.00000000e+00,-8.08777844e-07,-1.48900053e-06,-2.22927797e-06
0.00000000e+00,-7.26674117e-07,-1.28194136e-06,-1.91728160e-06
0.00000000e+00,-7.50946774e-07,-1.33048668e-06,-1.99009957e-06
0.00000000e+00,-1.04072505e-06,-1.91004323e-06,-2.85943440e-06
0.00000000e+00,-7.39584624e-07,-1.35061409e-06,-2.02169831e-06
0.00000000e+00,-7.08698269e-07,-1.24598967e-06,-1.86335406e-06
0.00000000e+00,-7.13083142e-07,-1.25475941e-06,-1.87650868e-06
0.00000000e+00,-1.01550262e-06,-1.85959836e-06,-2.78376710e-06
0.00000000e+00,-7.20028521e-07,-1.31150189e-06,-1.96303000e-06
0.00000000e+00,-4.78087958e-08,7.57892795e-08,1.19314368e-07
0.00000000e+00,-4.78088708e-08,7.57891295e-08,1.19314140e-07
0.00000000e+00,-4.75755404e-07,-7.80103937e-07,-1.16452546e-06
0.00000000e+00,-3.58565554e-08,5.68420433e-08,8.94859038e-08
0.00000000e+00,-4.78088460e-08,7.57891791e-08,1.19314216e-07
0.00000000e+00,-4.18732666e-07,-6.66058461e-07,-9.93457246e-07
0.00000000e+00,-3.58567821e-08,5.68415897e-08,8.94852207e-08
0.00000000e+00,-4.78089978e-08,7.57888754e-08,1.19313757e-07
0.00000000e+00,-4.78089360e-08,7.57889990e-08,1.19313943e-07
0.00000000e+00,-3.94112151e-07,-6.16817431e-07,-9.19595703e-07
0.00000000e+00,-3.58568753e-08,5.68414034e-08,8.94849386e-08
0.00000000e+00,-4.78090922e-08,7.57886865e-08,1.19313471e-07
0.00000000e+00,-4.78090457e-08,7.57887794e-08,1.19313611e-07
0.00000000e+00,-3.82072366e-07,-5.92737861e-07,-8.83476351e-07
0.00000000e+00,-3.58569780e-08,5.68411978e-08,8.94846277e-08
0.00000000e+00,-1.77302816e-06,-3.28894602e-06,-4.92497336e-06
0.00000000e+00,-1.36537159e-06,-2.47363288e-06,-3.70200365e-06
0.00000000e+00,-1.71591537e-06,-3.17472043e-06,-4.75363498e-06
0.00000000e+00,-1.28685729e-06,-2.31660428e-06,-3.46646075e-06
0.00000000e+00,-1.88333995e-06,-3.55242131e-06,-5.32159390e-06
0.00000000e+00,-1.59216356e-06,-2.92721681e-06,-4.38237954e-06
0.00000000e+00,-1.46405940e-06,-2.71386021e-06,-4.06375226e-06
0.00000000e+00,-1.74447282e-06,-3.23183533e-06,-4.83930733e-06
0.00000000e+00,-1.32317483e-06,-2.38923936e-06,-3.57541337e-06
0.00000000e+00,-1.79674911e-06,-3.37923964e-06,-5.06182140e-06
0.00000000e+00,-1.51975295e-06,-2.78239560e-06,-4.16514773e-06
0.00000000e+00,-1.35153574e-06,-2.48881290e-06,-3.72618130e-06
0.00000000e+00,-1.67266381e-06,-3.08821732e-06,-4.62388031e-06
0.00000000e+00,-1.23539193e-06,-2.21367355e-06,-3.31206466e-06
0.00000000e+00,-1.69124359e-06,-3.12537687e-06,-4.67961963e-06
0.00000000e+00,-1.25649398e-06,-2.25587765e-06,-3.37537081e-06
0.00000000e+00,-1.73636583e-06,-3.25847307e-06,-4.88067155e-06
0.00000000e+00,-1.46944041e-06,-2.68177052e-06,-4.01421012e-06
0.00000000e+00,-1.28349905e-06,-2.35273952e-06,-3.52207123e-06
0.00000000e+00,-1.65689927e-06,-3.05668823e-06,-4.57658669e-06
0.00000000e+00,-1.21812754e-06,-2.17914477e-06,-3.26027150e-06
0.00000000e+00,-1.66076688e-06,-3.06442345e-06,-4.58818951e-06
0.00000000e+00,-1.22206623e-06,-2.18702216e-06,-3.27208758e-06
0.00000000e+00,-1.71547419e-06,-3.21668980e-06,-4.81799665e-06
0.00000000e+00,-1.45198051e-06,-2.64685072e-06,-3.96183043e-06
0.00000000e+00,-1.26121168e-06,-2.30816477e-06,-3.45520910e-06
0.00000000e+00,-7.86247217e-07,-1.31538413e-06,-1.96463052e-06
0.00000000e+00,-7.19022924e-07,-1.18093554e-06,-1.76295765e-06
0.00000000e+00,-1.09049650e-06,-1.92388270e-06,-2.87737838e-06
0.00000000e+00,-8.33869445e-07,-1.45348030e-06,-2.17318239e-06
0.00000000e+00,-7.48361491e-07,-1.23961268e-06,-1.85097335e-06
0.00000000e+00,-1.01991022e-06,-1.78271013e-06,-2.66561953e-06
0.00000000e+00,-7.53617861e-07,-1.29297713e-06,-1.93242765e-06
0.00000000e+00,-6.87681111e-07,-1.11825192e-06,-1.66893221e-06
0.00000000e+00,-6.99914399e-07,-1.14271849e-06,-1.70563207e-06
0.00000000e+00,-9.72532532e-07,-1.68795476e-06,-2.52348648e-06
0.00000000e+00,-7.08244905e-07,-1.20223122e-06,-1.79630878e-06
0.00000000e+00,-6.74825809e-07,-1.09254131e-06,-1.63036631e-06
0.00000000e+00,-6.78142653e-07,-1.09917500e-06,-1.64031684e-06
0.00000000e+00,-9.57724690e-07,-1.65833908e-06,-2.47906295e-06
0.00000000e+00,-6.93890957e-07,-1.17352333e-06,-1.75324694e-06
0.00000000e+00,-7.17130346e-08,1.13684236e-07,1.78972023e-07
0.00000000e+00,-7.17131435e-08,1.13684018e-07,1.78971694e-07
0.00000000e+00,-4.39096458e-07,-6.21082612e-07,-9.23178248e-07
0.00000000e+00,-5.97609001e-08,9.47367879e-08,1.49143241e-07
0.00000000e+00,-7.17130880e-08,1.13684129e-07,1.78971861e-07
0.00000000e+00,-4.01652348e-07,-5.46194391e-07,-8.10845920e-07
0.00000000e+00,-5.97610109e-08,9.47365663e-08,1.49142906e-07
0.00000000e+00,-7.17132334e-08,1.13683838e-07,1.78971421e-07
0.00000000e+00,-7.17131901e-08,1.13683925e-07,1.78971552e-07
0.00000000e+00,-3.83761240e-07,-5.10412175e-07,-7.57172599e-07
0.00000000e+00,-5.97611129e-08,9.47363622e-08,1.49142597e-07
0.00000000e+00,-7.17133214e-08,1.13683662e-07,1.78971154e-07
0.00000000e+00,-7.17132775e-08,1.13683750e-07,1.78971287e-07
0.00000000e+00,-3.77575709e-07,-4.98041114e-07,-7.38616010e-07
0.00000000e+00,-5.97612066e-08,9.47361746e-08,1.49142313e-07
0.00000000e+00,-1.22929520e-06,-2.62999727e-06,-3.95062635e-06
0.00000000e+00,-1.09196668e-06,-2.44104365e-06,-3.67001114e-06
0.00000000e+00,-1.52923856e-06,-3.31558742e-06,-4.98182679e-06
0.00000000e+00,-1.69744677e-06,-3.56630041e-06,-5.35508106e-06
0.00000000e+00,-1.20916132e-06,-2.58972950e-06,-3.89022469e-06
0.00000000e+00,-1.07864090e-06,-2.41439209e-06,-3.63003380e-06
0.00000000e+00,-1.51734154e-06,-3.29179337e-06,-4.94613572e-06
0.00000000e+00,-1.67744244e-06,-3.52629175e-06,-5.29506806e-06
0.00000000e+00,-1.16397805e-06,-2.54221468e-06,-3.82036007e-06
0.00000000e+00,-1.32601516e-06,-2.90914062e-06,-4.37215660e-06
0.00000000e+00,-1.61684482e-06,-3.44794822e-06,-5.17896038e-06
0.00000000e+00,-1.48162621e-06,-3.13465929e-06,-4.70761937e-06
0.00000000e+00,-1.31516394e-06,-2.80173475e-06,-4.20823257e-06
0.00000000e+00,-1.14343221e-06,-2.54397473e-06,-3.82440775e-06
0.00000000e+00,-1.57249029e-06,-3.40209088e-06,-5.11158198e-06
0.00000000e+00,-1.77428022e-06,-3.71996730e-06,-5.58558139e-06
0.00000000e+00,-1.26515044e-06,-2.70170774e-06,-4.05819205e-06
0.00000000e+00,-1.11306881e-06,-2.48324792e-06,-3.73331755e-06
0.00000000e+00,-1.54781842e-06,-3.35274714e-06,-5.03756637e-06
0.00000000e+00,-1.72942831e-06,-3.63026348e-06,-5.45102566e-06
0.00000000e+00,-1.23201491e-06,-2.67828841e-06,-4.02447067e-06
0.00000000e+00,-1.37632787e-06,-3.00976604e-06,-4.52309473e-06
0.00000000e+00,-1.67722828e-06,-3.56871514e-06,-5.36011076e-06
0.00000000e+00,-1.56602542e-06,-3.30345771e-06,-4.96081701e-06
0.00000000e+00,-1.45749853e-06,-3.08640392e-06,-4.63523633e-06
0.00000000e+00,-1.22194669e-06,-2.70100367e-06,-4.05995118e-06
0.00000000e+00,-1.62960326e-06,-3.51631681e-06,-5.28292089e-06
0.00000000e+00,-1.89394102e-06,-3.95928890e-06,-5.94456380e-06
0.00000000e+00,-1.37880591e-06,-2.92901869e-06,-4.39915849e-06
0.00000000e+00,-1.17974984e-06,-2.61660998e-06,-3.93336064e-06
0.00000000e+00,-1.60104783e-06,-3.45920595e-06,-5.19725460e-06
0.00000000e+00,-1.82887762e-06,-3.82916210e-06,-5.74937359e-06
0.00000000e+00,-1.34453875e-06,-2.90333609e-06,-4.36204219e-06
0.00000000e+00,-1.44873865e-06,-3.15458760e-06,-4.74032707e-06
0.00000000e+00,-1.76381929e-06,-3.74189716e-06,-5.61988380e-06
0.00000000e+00,-1.70822344e-06,-3.58785374e-06,-5.38741106e-06
0.00000000e+00,-1.33307097e-06,-2.75184536e-06,-4.13058327e-06
0.00000000e+00,-1.82015898e-06,-3.72602139e-06,-5.59184731e-06
0.00000000e+00,-1.30626922e-06,-2.69824188e-06,-4.05017804e-06
0.00000000e+00,-1.79386736e-06,-3.67343815e-06,-5.51297244e-06
0.00000000e+00,-1.28790507e-06,-2.70436528e-06,-4.06077075e-06
0.00000000e+00,-1.76539362e-06,-3.65934239e-06,-5.49323642e-06
0.00000000e+00,-1.59652745e-06,-3.27875834e-06,-4.92095273e-06
0.00000000e+00,-1.44892208e-06,-2.98354759e-06,-4.47813661e-06
0.00000000e+00,-1.92536397e-06,-3.93643137e-06,-5.90746228e-06
0.00000000e+00,-1.38136850e-06,-2.84844044e-06,-4.27547588e-06
0.00000000e+00,-1.86262735e-06,-3.81095814e-06,-5.71925243e-06
0.00000000e+00,-1.38670230e-06,-2.90195975e-06,-4.35716245e-06
0.00000000e+00,-1.85799885e-06,-3.84455285e-06,-5.77105210e-06
0.00000000e+00,-1.70977245e-06,-3.50524834e-06,-5.26068773e-06
0.00000000e+00,-1.62994721e-06,-3.34559785e-06,-5.02121200e-06
0.00000000e+00,-2.10307651e-06,-4.29185646e-06,-6.44059991e-06
0.00000000e+00,-1.52618333e-06,-3.13807009e-06,-4.70992037e-06
0.00000000e+00,-2.00449477e-06,-4.09469296e-06,-6.14485467e-06
0.00000000e+00,-1.55839819e-06,-3.24535152e-06,-4.87225012e-06
0.00000000e+00,-2.00655085e-06,-4.14165685e-06,-6.21670811e-06
0.00000000e+00,-1.91013361e-06,-3.90597066e-06,-5.86177121e-06
0.00000000e+00,-1.38028819e-06,-2.76057638e-06,-4.14086457e-06
0.00000000e+00,-1.87886514e-06,-3.75773027e-06,-5.63659540e-06
0.00000000e+00,-1.35578533e-06,-2.71157066e-06,-4.06735599e-06
0.00000000e+00,-1.85051813e-06,-3.70103625e-06,-5.55155438e-06
0.00000000e+00,-1.36665003e-06,-2.77615177e-06,-4.16563527e-06
0.00000000e+00,-1.85829230e-06,-3.75943632e-06,-5.64056209e-06
0.00000000e+00,-1.65525356e-06,-3.31050712e-06,-4.96576069e-06
0.00000000e+00,-1.53097581e-06,-3.06195161e-06,-4.59292742e-06
0.00000000e+00,-1.99477201e-06,-3.98954401e-06,-5.98431603e-06
0.00000000e+00,-1.44214454e-06,-2.88428908e-06,-4.32643363e-06
0.00000000e+00,-1.92594359e-06,-3.85188717e-06,-5.77783076e-06
0.00000000e+00,-1.48750585e-06,-3.01786342e-06,-4.52820275e-06
0.00000000e+00,-1.97173764e-06,-3.98632699e-06,-5.98089810e-06
0.00000000e+00,-1.77412135e-06,-3.54824271e-06,-5.32236406e-06
0.00000000e+00,-1.64892713e-06,-3.29785426e-06,-4.94678139e-06
0.00000000e+00,-2.20374251e-06,-4.40748502e-06,-6.61122753e-06
0.00000000e+00,-1.58953315e-06,-3.17906631e-06,-4.76859947e-06
0.00000000e+00,-2.07926333e-06,-4.15852665e-06,-6.23778999e-06
0.00000000e+00,-1.70043151e-06,-3.44371473e-06,-5.16697971e-06
0.00000000e+00,-2.15827284e-06,-4.35939740e-06,-6.54050372e-06
0.00000000e+00,-1.97962204e-06,-3.95924408e-06,-5.93886613e-06
0.00000000e+00,-6.31057354e-07,-1.43352157e-06,-2.15591280e-06
0.00000000e+00,-5.44255858e-07,-1.34562202e-06,-2.02687869e-06
0.00000000e+00,-6.17466289e-07,-1.40633944e-06,-2.11513961e-06
0.00000000e+00,-5.34717316e-07,-1.32654493e-06,-1.99826306e-06
0.00000000e+00,-5.88723898e-07,-1.39170638e-06,-2.09459762e-06
0.00000000e+00,-8.29107280e-07,-1.91532486e-06,-2.88143295e-06
0.00000000e+00,-9.45108284e-07,-2.06162343e-06,-3.09806559e-06
0.00000000e+00,-6.89415825e-07,-1.55023851e-06,-2.33098822e-06
0.00000000e+00,-5.75597843e-07,-1.40830598e-06,-2.12090464e-06
0.00000000e+00,-6.55330101e-07,-1.48206707e-06,-2.22873104e-06
0.00000000e+00,-5.56489232e-07,-1.37008876e-06,-2.06357881e-06
0.00000000e+00,-6.34097031e-07,-1.48245264e-06,-2.23071702e-06
0.00000000e+00,-8.76485138e-07,-2.01008057e-06,-3.02356653e-06
0.00000000e+00,-1.01699477e-06,-2.20539640e-06,-3.31372504e-06
0.00000000e+00,-7.67951072e-07,-1.70730901e-06,-2.56659396e-06
0.00000000e+00,-6.42822305e-07,-1.54275491e-06,-2.32257803e-06
0.00000000e+00,-7.22915618e-07,-1.61723810e-06,-2.43148760e-06
0.00000000e+00,-6.04936493e-07,-1.46698329e-06,-2.20892060e-06
0.00000000e+00,-7.14348803e-07,-1.64295619e-06,-2.47147234e-06
0.00000000e+00,-9.47071596e-07,-2.15125349e-06,-3.23532591e-06
0.00000000e+00,-1.14924883e-06,-2.46990452e-06,-3.71048723e-06
0.00000000e+00,-7.06004136e-07,-1.49771170e-06,-2.24938278e-06
0.00000000e+00,-6.84406721e-07,-1.45451687e-06,-2.18459053e-06
0.00000000e+00,-6.67872100e-07,-1.46429935e-06,-2.20067185e-06
0.00000000e+00,-1.03320732e-06,-2.15211807e-06,-3.23099233e-06
0.00000000e+00,-7.51842127e-07,-1.58938768e-06,-2.38689675e-06
0.00000000e+00,-7.19801712e-07,-1.52530686e-06,-2.29077551e-06
0.00000000e+00,-7.37065518e-07,-1.60268618e-06,-2.40825211e-06
0.00000000e+00,-1.12983665e-06,-2.34537674e-06,-3.52088033e-06
0.00000000e+00,-1.01814533e-06,-2.12199410e-06,-3.18580638e-06
0.00000000e+00,-8.79331685e-07,-1.84436680e-06,-2.76936543e-06
0.00000000e+00,-8.67191480e-07,-1.86293811e-06,-2.79863000e-06
0.00000000e+00,-1.33157404e-06,-2.74885150e-06,-4.12609248e-06
0.00000000e+00,-7.39761399e-07,-1.47952280e-06,-2.21928420e-06
0.00000000e+00,-7.20515780e-07,-1.44103156e-06,-2.16154734e-06
0.00000000e+00,-7.20768852e-07,-1.48438942e-06,-2.22799174e-06
0.00000000e+00,-1.07816053e-06,-2.15632105e-06,-3.23448158e-06
0.00000000e+00,-8.23997041e-07,-1.64799408e-06,-2.47199112e-06
0.00000000e+00,-7.74686950e-07,-1.54937390e-06,-2.32406085e-06
0.00000000e+00,-8.20557731e-07,-1.68396718e-06,-2.52735838e-06
0.00000000e+00,-1.19381821e-06,-2.38763641e-06,-3.58145462e-06
0.00000000e+00,-9.97853727e-07,-1.99570745e-06,-2.99356119e-06
0.00000000e+00,-8.82334211e-07,-1.76466842e-06,-2.64700263e-06
0.00000000e+00,-9.04549493e-07,-1.85195070e-06,-2.77933367e-06
0.00000000e+00,-1.38966926e-06,-2.77933853e-06,-4.16900780e-06
0.00000000e+00,4.78077712e-08,-7.57913230e-08,-1.19317427e-07
0.00000000e+00,7.17120214e-08,-1.13686257e-07,-1.78975048e-07
0.00000000e+00,4.78078095e-08,-7.57912463e-08,-1.19317310e-07
0.00000000e+00,7.17120579e-08,-1.13686184e-07,-1.78974936e-07
0.00000000e+00,5.97598968e-08,-9.47387889e-08,-1.49146236e-07
0.00000000e+00,-2.40335986e-07,-7.37782272e-07,-1.11511907e-06
0.00000000e+00,-2.98495386e-07,-7.68397638e-07,-1.15822690e-06
0.00000000e+00,4.78076930e-08,-7.57914797e-08,-1.19317664e-07
0.00000000e+00,7.17119487e-08,-1.13686402e-07,-1.78975268e-07
0.00000000e+00,4.78077319e-08,-7.57914018e-08,-1.19317546e-07
0.00000000e+00,7.17119868e-08,-1.13686326e-07,-1.78975153e-07
0.00000000e+00,5.97598213e-08,-9.47389399e-08,-1.49146465e-07
0.00000000e+00,-2.58227263e-07,-7.73564826e-07,-1.16879290e-06
0.00000000e+00,-3.23116092e-07,-8.17639050e-07,-1.23208902e-06
0.00000000e+00,4.78076274e-08,-7.57916109e-08,-1.19317864e-07
0.00000000e+00,7.17118811e-08,-1.13686538e-07,-1.78975474e-07
0.00000000e+00,4.78076560e-08,-7.57915537e-08,-1.19317777e-07
0.00000000e+00,7.17119145e-08,-1.13686471e-07,-1.78975372e-07
0.00000000e+00,5.97597592e-08,-9.47390643e-08,-1.49146654e-07
0.00000000e+00,-2.95671545e-07,-8.48453390e-07,-1.28112575e-06
0.00000000e+00,-3.80139016e-07,-9.31684898e-07,-1.40315779e-06
0.00000000e+00,2.39035197e-08,-3.78963920e-08,-5.96598100e-08
0.00000000e+00,2.39035623e-08,-3.78963067e-08,-5.96596807e-08
0.00000000e+00,3.58556452e-08,-5.68438581e-08,-8.94886193e-08
0.00000000e+00,-3.40771029e-07,-7.67245489e-07,-1.15368346e-06
0.00000000e+00,2.39034332e-08,-3.78965651e-08,-5.96600723e-08
0.00000000e+00,2.39034764e-08,-3.78964786e-08,-5.96599413e-08
0.00000000e+00,3.58555637e-08,-5.68440213e-08,-8.94888666e-08
0.00000000e+00,-3.94782254e-07,-8.75267939e-07,-1.31571713e-06
0.00000000e+00,2.39033286e-08,-3.78967744e-08,-5.96603890e-08
0.00000000e+00,2.39033854e-08,-3.78966607e-08,-5.96602171e-08
0.00000000e+00,3.58554828e-08,-5.68441831e-08,-8.94891121e-08
0.00000000e+00,-4.48248815e-07,-9.82201063e-07,-1.47611682e-06
0.00000000e+00,-7.29059290e-13,-1.45556164e-12,-2.18515688e-12
0.00000000e+00,-6.79368794e-13,-1.35608037e-12,-2.03467539e-12
0.00000000e+00,1.19513962e-08,-1.89489221e-08,-2.98309951e-08
0.00000000e+00,-3.91165322e-07,-7.82330642e-07,-1.17349596e-06
0.00000000e+00,-8.25824920e-13,-1.64918947e-12,-2.47824567e-12
0.00000000e+00,-7.76505601e-13,-1.55047262e-12,-2.32886314e-12
0.00000000e+00,1.19512954e-08,-1.89491238e-08,-2.98313003e-08
0.00000000e+00,-3.48243667e-07,-6.96487332e-07,-1.04473100e-06
0.00000000e+00,-9.87031090e-13,-1.97167850e-12,-2.96466146e-12
0.00000000e+00,-9.00426358e-13,-1.79842052e-12,-2.70345414e-12
0.00000000e+00,1.19511903e-08,-1.89493341e-08,-2.98316183e-08
0.00000000e+00,-8.36701706e-07,-1.67340341e-06,-2.51010512e-06
0.00000000e+00,-7.53812623e-07,-1.42192181e-06,-2.13006750e-06
0.00000000e+00,-2.39049620e-08,3.78935127e-08,5.96554873e-08
0.00000000e+00,-7.32215199e-07,-1.37872696e-06,-2.06527522e-06
0.00000000e+00,-2.39049118e-08,3.78936132e-08,5.96556393e-08
0.00000000e+00,-7.44673093e-07,-1.44649447e-06,-2.16833409e-06
0.00000000e+00,-3.88579513e-07,-6.91455590e-07,-1.03436817e-06
0.00000000e+00,-1.19528463e-08,1.89460271e-08,2.98266488e-08
0.00000000e+00,-7.99650613e-07,-1.51359779e-06,-2.26758147e-06
0.00000000e+00,-2.39050924e-08,3.78932517e-08,5.96550932e-08
0.00000000e+00,-7.67610199e-07,-1.44951696e-06,-2.17146022e-06
0.00000000e+00,-2.39050235e-08,3.78933897e-08,5.96553015e-08
0.00000000e+00,-8.44461989e-07,-1.64607226e-06,-2.46770078e-06
0.00000000e+00,-4.42590764e-07,-7.99478091e-07,-1.19640192e-06
0.00000000e+00,-1.19529661e-08,1.89457874e-08,2.98262867e-08
0.00000000e+00,-1.06595404e-06,-2.04620464e-06,-3.06649175e-06
0.00000000e+00,-2.39051662e-08,3.78931040e-08,5.96548691e-08
0.00000000e+00,-9.27140254e-07,-1.76857707e-06,-2.65005039e-06
0.00000000e+00,-2.39051351e-08,3.78931663e-08,5.96549638e-08
0.00000000e+00,-9.28453828e-07,-1.81405594e-06,-2.71967630e-06
0.00000000e+00,-4.96057418e-07,-9.06411399e-07,-1.35680189e-06
0.00000000e+00,-1.19530610e-08,1.89455975e-08,2.98259993e-08
0.00000000e+00,-7.26674320e-07,-1.28194177e-06,-1.91728222e-06
0.00000000e+00,-4.78091864e-08,7.57884980e-08,1.19313185e-07
0.00000000e+00,-7.13083242e-07,-1.25475961e-06,-1.87650898e-06
0.00000000e+00,-4.78091387e-08,7.57885934e-08,1.19313330e-07
0.00000000e+00,-7.39584818e-07,-1.35061448e-06,-2.02169889e-06
0.00000000e+00,-3.94112348e-07,-6.16817825e-07,-9.19596300e-07
0.00000000e+00,-3.58570818e-08,5.68409901e-08,8.94843134e-08
0.00000000e+00,-7.85032783e-07,-1.39865870e-06,-2.09235761e-06
0.00000000e+00,-4.78093123e-08,7.57882460e-08,1.19312805e-07
0.00000000e+00,-7.50947061e-07,-1.33048725e-06,-1.99010044e-06
0.00000000e+00,-4.78092476e-08,7.57883756e-08,1.19313000e-07
0.00000000e+00,-8.08778297e-07,-1.48900144e-06,-2.22927934e-06
0.00000000e+00,-4.18733076e-07,-6.66059281e-07,-9.93458485e-07
0.00000000e+00,-3.58571768e-08,5.68407999e-08,8.94840255e-08
0.00000000e+00,-8.63568258e-07,-1.55572965e-06,-2.32796404e-06
0.00000000e+00,-4.78093741e-08,7.57881222e-08,1.19312616e-07
0.00000000e+00,-8.18532679e-07,-1.46565849e-06,-2.19285730e-06
0.00000000e+00,-4.78093345e-08,7.57882016e-08,1.19312737e-07
0.00000000e+00,-9.38904180e-07,-1.74925321e-06,-2.61965699e-06
0.00000000e+00,-4.75756117e-07,-7.80105364e-07,-1.16452761e-06
0.00000000e+00,-3.58574050e-08,5.68403435e-08,8.94833383e-08
0.00000000e+00,-6.87681285e-07,-1.11825226e-06,-1.66893274e-06
0.00000000e+00,-7.17134078e-08,1.13683489e-07,1.78970892e-07
0.00000000e+00,-6.78142742e-07,-1.09917518e-06,-1.64031711e-06
0.00000000e+00,-7.17133651e-08,1.13683575e-07,1.78971022e-07
0.00000000e+00,-7.08245091e-07,-1.20223159e-06,-1.79630934e-06
0.00000000e+00,-3.83761415e-07,-5.10412526e-07,-7.57173131e-07
0.00000000e+00,-5.97612991e-08,9.47359896e-08,1.49142033e-07
0.00000000e+00,-7.19023284e-07,-1.18093626e-06,-1.76295874e-06
0.00000000e+00,-7.17134906e-08,1.13683323e-07,1.78970641e-07
0.00000000e+00,-6.99914663e-07,-1.14271902e-06,-1.70563287e-06
0.00000000e+00,-7.17134482e-08,1.13683408e-07,1.78970769e-07
0.00000000e+00,-7.53618249e-07,-1.29297791e-06,-1.93242882e-06
0.00000000e+00,-4.01652704e-07,-5.46195103e-07,-8.10846999e-07
0.00000000e+00,-5.97613967e-08,9.47357942e-08,1.49141737e-07
0.00000000e+00,-7.86247758e-07,-1.31538521e-06,-1.96463216e-06
0.00000000e+00,-7.17135888e-08,1.13683127e-07,1.78970344e-07
0.00000000e+00,-7.48361953e-07,-1.23961360e-06,-1.85097475e-06
0.00000000e+00,-7.17135414e-08,1.13683222e-07,1.78970487e-07
0.00000000e+00,-8.33870052e-07,-1.45348152e-06,-2.17318423e-06
0.00000000e+00,-4.39097005e-07,-6.21083706e-07,-9.23179905e-07
0.00000000e+00,-5.97614915e-08,9.47356045e-08,1.49141450e-07
0.00000000e+00,-1.38087945e-06,-2.67605545e-06,-4.01126796e-06
0.00000000e+00,-1.35407770e-06,-2.62245196e-06,-3.93086272e-06
0.00000000e+00,-1.39055427e-06,-2.73825682e-06,-4.10597762e-06
0.00000000e+00,-1.08101581e-06,-2.07632818e-06,-3.11167705e-06
0.00000000e+00,-1.49673058e-06,-2.90775773e-06,-4.35882138e-06
0.00000000e+00,-1.42917699e-06,-2.77265055e-06,-4.15616060e-06
0.00000000e+00,-1.51141011e-06,-2.97996850e-06,-4.46854515e-06
0.00000000e+00,-1.17764513e-06,-2.26958682e-06,-3.40156501e-06
0.00000000e+00,-1.67775569e-06,-3.26980795e-06,-4.90189671e-06
0.00000000e+00,-1.57399184e-06,-3.06228025e-06,-4.59060516e-06
0.00000000e+00,-1.72433575e-06,-3.40581977e-06,-5.10732206e-06
0.00000000e+00,-1.37938273e-06,-2.67306202e-06,-4.00677782e-06
0.00000000e+00,-1.32491216e-06,-2.47841745e-06,-3.71199574e-06
0.00000000e+00,-1.30477827e-06,-2.43814966e-06,-3.65159406e-06
0.00000000e+00,-1.35961778e-06,-2.59068041e-06,-3.88179779e-06
0.00000000e+00,-1.04072524e-06,-1.91004362e-06,-2.85943499e-06
0.00000000e+00,-1.41078091e-06,-2.65015495e-06,-3.96960199e-06
0.00000000e+00,-1.36076740e-06,-2.55012792e-06,-3.81956145e-06
0.00000000e+00,-1.45841504e-06,-2.78827493e-06,-4.17818957e-06
0.00000000e+00,-1.11261174e-06,-2.05381660e-06,-3.07509447e-06
0.00000000e+00,-1.55311557e-06,-2.93482428e-06,-4.39660598e-06
0.00000000e+00,-1.47442291e-06,-2.77743895e-06,-4.16052799e-06
0.00000000e+00,-1.63011094e-06,-3.13166672e-06,-4.69327725e-06
0.00000000e+00,-1.24486593e-06,-2.31832500e-06,-3.47185706e-06
0.00000000e+00,-1.23539211e-06,-2.21367391e-06,-3.31206520e-06
0.00000000e+00,-1.22206632e-06,-2.18702234e-06,-3.27208785e-06
0.00000000e+00,-1.28349924e-06,-2.35273989e-06,-3.52207178e-06
0.00000000e+00,-9.72532711e-07,-1.68795512e-06,-2.52348702e-06
0.00000000e+00,-1.28685763e-06,-2.31660496e-06,-3.46646178e-06
0.00000000e+00,-1.25649424e-06,-2.25587817e-06,-3.37537160e-06
0.00000000e+00,-1.35153612e-06,-2.48881366e-06,-3.72618244e-06
0.00000000e+00,-1.01991056e-06,-1.78271082e-06,-2.66562057e-06
0.00000000e+00,-1.36537213e-06,-2.47363395e-06,-3.70200528e-06
0.00000000e+00,-1.32317528e-06,-2.38924025e-06,-3.57541472e-06
0.00000000e+00,-1.46405996e-06,-2.71386134e-06,-4.06375396e-06
0.00000000e+00,-1.09049706e-06,-1.92388382e-06,-2.87738007e-06
0.00000000e+00,-1.86796745e-06,-3.65023147e-06,-5.47253199e-06
0.00000000e+00,-1.84167583e-06,-3.59764822e-06,-5.39365712e-06
0.00000000e+00,-1.88219654e-06,-3.72154136e-06,-5.58090444e-06
0.00000000e+00,-1.64433593e-06,-3.20296843e-06,-4.80163742e-06
0.00000000e+00,-1.97317244e-06,-3.86064144e-06,-5.78814694e-06
0.00000000e+00,-1.91043582e-06,-3.73516821e-06,-5.59993710e-06
0.00000000e+00,-1.99564187e-06,-3.94843203e-06,-5.92124044e-06
0.00000000e+00,-1.75758095e-06,-3.42945846e-06,-5.14137247e-06
0.00000000e+00,-2.15088501e-06,-4.21606659e-06,-6.32128468e-06
0.00000000e+00,-2.05230324e-06,-4.01890305e-06,-6.02553936e-06
0.00000000e+00,-2.18217709e-06,-4.32150245e-06,-6.48084608e-06
0.00000000e+00,-1.95794206e-06,-3.83018068e-06,-5.74245580e-06
0.00000000e+00,-1.79306372e-06,-3.41472057e-06,-5.11645042e-06
0.00000000e+00,-1.77305939e-06,-3.37471190e-06,-5.05643742e-06
0.00000000e+00,-1.83710633e-06,-3.54565751e-06,-5.31426344e-06
0.00000000e+00,-1.57724316e-06,-2.98307946e-06,-4.46898875e-06
0.00000000e+00,-1.86989717e-06,-3.56838748e-06,-5.34695078e-06
0.00000000e+00,-1.82504526e-06,-3.47868365e-06,-5.21239504e-06
0.00000000e+00,-1.92971156e-06,-3.73086797e-06,-5.59207912e-06
0.00000000e+00,-1.66164238e-06,-3.15187788e-06,-4.72218639e-06
0.00000000e+00,-1.98955797e-06,-3.80770908e-06,-5.70593318e-06
0.00000000e+00,-1.92449457e-06,-3.67758227e-06,-5.51074297e-06
0.00000000e+00,-2.07826357e-06,-4.02797200e-06,-6.03773517e-06
0.00000000e+00,-1.80384045e-06,-3.43627404e-06,-5.14878062e-06
0.00000000e+00,-1.67266398e-06,-3.08821766e-06,-4.62388083e-06
0.00000000e+00,-1.66076696e-06,-3.06442362e-06,-4.58818977e-06
0.00000000e+00,-1.73636600e-06,-3.25847342e-06,-4.88067208e-06
0.00000000e+00,-1.46944059e-06,-2.68177087e-06,-4.01421065e-06
0.00000000e+00,-1.71591571e-06,-3.17472111e-06,-4.75363601e-06
0.00000000e+00,-1.69124384e-06,-3.12537737e-06,-4.67962040e-06
0.00000000e+00,-1.79674947e-06,-3.37924034e-06,-5.06182247e-06
0.00000000e+00,-1.51975329e-06,-2.78239628e-06,-4.16514877e-06
0.00000000e+00,-1.77302867e-06,-3.28894703e-06,-4.92497490e-06
0.00000000e+00,-1.74447325e-06,-3.23183620e-06,-4.83930864e-06
0.00000000e+00,-1.88334048e-06,-3.55242236e-06,-5.32159550e-06
0.00000000e+00,-1.59216406e-06,-2.92721781e-06,-4.38238106e-06
0.00000000e+00,1.06595242e-06,2.04620141e-06,3.06648691e-06
0.00000000e+00,9.97852404e-07,1.99570481e-06,2.99355722e-06
0.00000000e+00,7.99649303e-07,1.51359518e-06,2.26757755e-06
0.00000000e+00,8.23995740e-07,1.64799148e-06,2.47198723e-06
0.00000000e+00,4.96055971e-07,9.06408511e-07,1.35679755e-06
0.00000000e+00,8.36700325e-07,1.67340065e-06,2.51010099e-06
0.00000000e+00,9.28452371e-07,1.81405303e-06,2.71967194e-06
0.00000000e+00,9.27138827e-07,1.76857422e-06,2.65004612e-06
0.00000000e+00,8.82332899e-07,1.76466580e-06,2.64699871e-06
0.00000000e+00,4.42589414e-07,7.99475397e-07,1.19639788e-06
0.00000000e+00,3.48242380e-07,6.96484763e-07,1.04472715e-06
0.00000000e+00,8.44460667e-07,1.64606962e-06,2.46769683e-06
0.00000000e+00,7.53811333e-07,1.42191924e-06,2.13006364e-06
0.00000000e+00,7.39760127e-07,1.47952026e-06,2.21928039e-06
0.00000000e+00,7.67608901e-07,1.44951437e-06,2.17145634e-06
0.00000000e+00,7.74685666e-07,1.54937133e-06,2.32405701e-06
0.00000000e+00,3.88578228e-07,6.91453025e-07,1.03436432e-06
0.00000000e+00,3.91164047e-07,7.82328096e-07,1.17349215e-06
0.00000000e+00,7.44671812e-07,1.44649191e-06,2.16833026e-06
0.00000000e+00,7.22110452e-07,1.35851747e-06,2.03496099e-06
0.00000000e+00,7.15035814e-07,1.43007163e-06,2.14510745e-06
0.00000000e+00,7.32213927e-07,1.37872442e-06,2.06527142e-06
0.00000000e+00,7.20514513e-07,1.44102903e-06,2.16154355e-06
0.00000000e+00,3.80988814e-07,6.76274197e-07,1.01159608e-06
0.00000000e+00,3.56960432e-07,7.13920866e-07,1.07088130e-06
0.00000000e+00,7.24500220e-07,1.40614872e-06,2.10781548e-06
0.00000000e+00,1.67775435e-06,3.26980528e-06,4.90189270e-06
0.00000000e+00,1.64892581e-06,3.29785162e-06,4.94677744e-06
0.00000000e+00,1.49672926e-06,2.90775508e-06,4.35881741e-06
0.00000000e+00,1.53097452e-06,3.06194903e-06,4.59292356e-06
0.00000000e+00,1.37938115e-06,2.67305887e-06,4.00677309e-06
0.00000000e+00,1.38966794e-06,2.77933589e-06,4.16900385e-06
0.00000000e+00,1.72433441e-06,3.40581711e-06,5.10731807e-06
0.00000000e+00,1.57399049e-06,3.06227756e-06,4.59060112e-06
0.00000000e+00,1.58953185e-06,3.17906371e-06,4.76859557e-06
0.00000000e+00,1.17764383e-06,2.26958423e-06,3.40156113e-06
0.00000000e+00,1.19381691e-06,2.38763382e-06,3.58145074e-06
0.00000000e+00,1.51140880e-06,2.97996588e-06,4.46854121e-06
0.00000000e+00,1.38087817e-06,2.67605291e-06,4.01126415e-06
0.00000000e+00,1.38028692e-06,2.76057385e-06,4.14086078e-06
0.00000000e+00,1.42917570e-06,2.77264796e-06,4.15615673e-06
0.00000000e+00,1.44214327e-06,2.88428653e-06,4.32642981e-06
0.00000000e+00,1.08101452e-06,2.07632561e-06,3.11167320e-06
0.00000000e+00,1.07815926e-06,2.15631851e-06,3.23447778e-06
0.00000000e+00,1.39055300e-06,2.73825428e-06,4.10597381e-06
0.00000000e+00,1.34593077e-06,2.60615812e-06,3.90642196e-06
0.00000000e+00,1.34995147e-06,2.69990295e-06,4.04985442e-06
0.00000000e+00,1.35407644e-06,2.62244944e-06,3.93085895e-06
0.00000000e+00,1.35578407e-06,2.71156815e-06,4.06735222e-06
0.00000000e+00,1.04859419e-06,2.01148495e-06,3.01441221e-06
0.00000000e+00,1.04610195e-06,2.09220391e-06,3.13830586e-06
0.00000000e+00,1.35316097e-06,2.66347023e-06,3.99379774e-06
0.00000000e+00,2.15088368e-06,4.21606393e-06,6.32128068e-06
0.00000000e+00,2.20374121e-06,4.40748242e-06,6.61122364e-06
0.00000000e+00,1.97317116e-06,3.86063889e-06,5.78814312e-06
0.00000000e+00,1.99477073e-06,3.98954146e-06,5.98431220e-06
0.00000000e+00,1.95794077e-06,3.83017811e-06,5.74245196e-06
0.00000000e+00,1.97962073e-06,3.95924146e-06,5.93886221e-06
0.00000000e+00,2.18217578e-06,4.32149984e-06,6.48084215e-06
0.00000000e+00,2.05230195e-06,4.01890046e-06,6.02553548e-06
0.00000000e+00,2.07926204e-06,4.15852408e-06,6.23778612e-06
0.00000000e+00,1.75757964e-06,3.42945585e-06,5.14136856e-06
0.00000000e+00,1.77412007e-06,3.54824014e-06,5.32236022e-06
0.00000000e+00,1.99564059e-06,3.94842947e-06,5.92123660e-06
0.00000000e+00,1.86796619e-06,3.65022895e-06,5.47252821e-06
0.00000000e+00,1.87886388e-06,3.75772775e-06,5.63659163e-06
0.00000000e+00,1.91043456e-06,3.73516568e-06,5.59993330e-06
0.00000000e+00,1.92594232e-06,3.85188464e-06,5.77782696e-06
0.00000000e+00,1.64433466e-06,3.20296590e-06,4.80163363e-06
0.00000000e+00,1.65525230e-06,3.31050460e-06,4.96575690e-06
0.00000000e+00,1.88219528e-06,3.72153884e-06,5.58090066e-06
0.00000000e+00,1.83415466e-06,3.58260588e-06,5.37109360e-06
0.00000000e+00,1.84304032e-06,3.68608065e-06,5.52912098e-06
0.00000000e+00,1.84167458e-06,3.59764573e-06,5.39365337e-06
0.00000000e+00,1.85051687e-06,3.70103375e-06,5.55155063e-06
0.00000000e+00,1.60870054e-06,3.13169765e-06,4.69473126e-06
0.00000000e+00,1.61282081e-06,3.22564161e-06,4.83846242e-06
0.00000000e+00,1.84604827e-06,3.64924483e-06,5.47245964e-06
0.00000000e+00,8.63566690e-07,1.55572652e-06,2.32795934e-06
0.00000000e+00,7.85031493e-07,1.39865612e-06,2.09235375e-06
0.00000000e+00,4.75754651e-07,7.80102437e-07,1.16452322e-06
0.00000000e+00,9.38902855e-07,1.74925056e-06,2.61965302e-06
0.00000000e+00,8.18531262e-07,1.46565566e-06,2.19285305e-06
0.00000000e+00,4.18731752e-07,6.66056640e-07,9.93454525e-07
0.00000000e+00,8.08776927e-07,1.48899871e-06,2.22927524e-06
0.00000000e+00,7.26673040e-07,1.28193922e-06,1.91727839e-06
0.00000000e+00,7.50945779e-07,1.33048469e-06,1.99009660e-06
0.00000000e+00,3.94111074e-07,6.16815283e-07,9.19592488e-07
0.00000000e+00,7.39583542e-07,1.35061194e-06,2.02169508e-06
0.00000000e+00,7.08697025e-07,1.24598718e-06,1.86335034e-06
0.00000000e+00,7.13081983e-07,1.25475710e-06,1.87650521e-06
0.00000000e+00,3.82071121e-07,5.92735377e-07,8.83472626e-07
0.00000000e+00,7.20027268e-07,1.31149939e-06,1.96302625e-06
0.00000000e+00,1.55311417e-06,2.93482147e-06,4.39660177e-06
0.00000000e+00,1.41077961e-06,2.65015236e-06,3.96959810e-06
0.00000000e+00,1.24486446e-06,2.31832205e-06,3.47185265e-06
0.00000000e+00,1.63010957e-06,3.13166400e-06,4.69327317e-06
0.00000000e+00,1.47442157e-06,2.77743627e-06,4.16052398e-06
0.00000000e+00,1.11261043e-06,2.05381400e-06,3.07509057e-06
0.00000000e+00,1.45841372e-06,2.78827230e-06,4.17818562e-06
0.00000000e+00,1.32491089e-06,2.47841492e-06,3.71199194e-06
0.00000000e+00,1.36076612e-06,2.55012537e-06,3.81955762e-06
0.00000000e+00,1.04072397e-06,1.91004108e-06,2.85943118e-06
0.00000000e+00,1.35961651e-06,2.59067787e-06,3.88179399e-06
0.00000000e+00,1.29843294e-06,2.42545902e-06,3.63255809e-06
0.00000000e+00,1.30477702e-06,2.43814717e-06,3.65159031e-06
0.00000000e+00,1.01550138e-06,1.85959589e-06,2.78376339e-06
0.00000000e+00,1.32667034e-06,2.52478553e-06,3.78295547e-06
0.00000000e+00,1.98955667e-06,3.80770648e-06,5.70592928e-06
0.00000000e+00,1.86989589e-06,3.56838492e-06,5.34694694e-06
0.00000000e+00,1.80383909e-06,3.43627131e-06,5.14877653e-06
0.00000000e+00,2.07826226e-06,4.02796937e-06,6.03773123e-06
0.00000000e+00,1.92449328e-06,3.67757970e-06,5.51073912e-06
0.00000000e+00,1.66164109e-06,3.15187532e-06,4.72218255e-06
0.00000000e+00,1.92971028e-06,3.73086541e-06,5.59207530e-06
0.00000000e+00,1.79306247e-06,3.41471807e-06,5.11644667e-06
0.00000000e+00,1.82504399e-06,3.47868112e-06,5.21239125e-06
0.00000000e+00,1.57724190e-06,2.98307694e-06,4.46898497e-06
0.00000000e+00,1.83710508e-06,3.54565500e-06,5.31425968e-06
0.00000000e+00,1.76691846e-06,3.36243006e-06,5.03801465e-06
0.00000000e+00,1.77305814e-06,3.37470942e-06,5.05643370e-06
0.00000000e+00,1.54913529e-06,2.92686371e-06,4.38466512e-06
0.00000000e+00,1.80660850e-06,3.48466186e-06,5.22276996e-06
0.00000000e+00,7.86246468e-07,1.31538264e-06,1.96462830e-06
0.00000000e+00,7.19022017e-07,1.18093374e-06,1.76295495e-06
0.00000000e+00,4.39095710e-07,6.21081122e-07,9.23176031e-07
0.00000000e+00,8.33868694e-07,1.45347881e-06,2.17318017e-06
0.00000000e+00,7.48360664e-07,1.23961103e-06,1.85097089e-06
0.00000000e+00,4.01651443e-07,5.46192586e-07,8.10843225e-07
0.00000000e+00,7.53616951e-07,1.29297532e-06,1.93242493e-06
0.00000000e+00,6.87680045e-07,1.11824979e-06,1.66892903e-06
0.00000000e+00,6.99913413e-07,1.14271653e-06,1.70562913e-06
0.00000000e+00,3.83760175e-07,5.10410051e-07,7.57169419e-07
0.00000000e+00,7.08243834e-07,1.20222909e-06,1.79630558e-06
0.00000000e+00,6.74824593e-07,1.09253889e-06,1.63036267e-06
0.00000000e+00,6.78141512e-07,1.09917272e-06,1.64031343e-06
0.00000000e+00,3.77574491e-07,4.98038683e-07,7.38612365e-07
0.00000000e+00,6.93889724e-07,1.17352087e-06,1.75324325e-06
0.00000000e+00,1.36537084e-06,2.47363138e-06,3.70200142e-06
0.00000000e+00,1.28685638e-06,2.31660247e-06,3.46645805e-06
0.00000000e+00,1.09049575e-06,1.92388121e-06,2.87737616e-06
0.00000000e+00,1.46405865e-06,2.71385871e-06,4.06375003e-06
0.00000000e+00,1.32317400e-06,2.38923771e-06,3.57541091e-06
0.00000000e+00,1.01990931e-06,1.78270832e-06,2.66561683e-06
0.00000000e+00,1.35153483e-06,2.48881108e-06,3.72617858e-06
0.00000000e+00,1.23539086e-06,2.21367142e-06,3.31206148e-06
0.00000000e+00,1.25649299e-06,2.25587568e-06,3.37536787e-06
0.00000000e+00,9.72531466e-07,1.68795263e-06,2.52348329e-06
0.00000000e+00,1.28349798e-06,2.35273738e-06,3.52206803e-06
0.00000000e+00,1.21812631e-06,2.17914232e-06,3.26026781e-06
0.00000000e+00,1.22206509e-06,2.18701987e-06,3.27208415e-06
0.00000000e+00,9.57723463e-07,1.65833663e-06,2.47905928e-06
0.00000000e+00,1.26121044e-06,2.30816231e-06,3.45520541e-06
0.00000000e+00,1.77302741e-06,3.28894452e-06,4.92497113e-06
0.00000000e+00,1.71591446e-06,3.17471862e-06,4.75363227e-06
0.00000000e+00,1.59216281e-06,2.92721531e-06,4.38237732e-06
0.00000000e+00,1.88333919e-06,3.55241980e-06,5.32159167e-06
0.00000000e+00,1.74447199e-06,3.23183368e-06,4.83930486e-06
0.00000000e+00,1.51975204e-06,2.78239378e-06,4.16514502e-06
0.00000000e+00,1.79674820e-06,3.37923782e-06,5.06181869e-06
0.00000000e+00,1.67266274e-06,3.08821518e-06,4.62387712e-06
0.00000000e+00,1.69124260e-06,3.12537489e-06,4.67961668e-06
0.00000000e+00,1.46943935e-06,2.68176839e-06,4.01420693e-06
0.00000000e+00,1.73636475e-06,3.25847093e-06,4.88066834e-06
0.00000000e+00,1.65689804e-06,3.05668578e-06,4.57658301e-06
0.00000000e+00,1.66076573e-06,3.06442115e-06,4.58818607e-06
0.00000000e+00,1.45197929e-06,2.64684827e-06,3.96182675e-06
0.00000000e+00,1.71547296e-06,3.21668734e-06,4.81799297e-06
0.00000000e+00,7.67950067e-07,1.70730700e-06,2.56659096e-06
0.00000000e+00,6.42821121e-07,1.54275255e-06,2.32257449e-06
0.00000000e+00,6.89414592e-07,1.55023605e-06,2.33098453e-06
0.00000000e+00,5.75596640e-07,1.40830359e-06,2.12090104e-06
0.00000000e+00,3.80137932e-07,9.31682735e-07,1.40315455e-06
0.00000000e+00,2.95670377e-07,8.48451058e-07,1.28112226e-06
0.00000000e+00,7.14347641e-07,1.64295387e-06,2.47146886e-06
0.00000000e+00,7.22914487e-07,1.61723585e-06,2.43148422e-06
0.00000000e+00,6.04935312e-07,1.46698093e-06,2.20891706e-06
0.00000000e+00,3.23114889e-07,8.17636649e-07,1.23208542e-06
0.00000000e+00,2.58226064e-07,7.73562433e-07,1.16878932e-06
0.00000000e+00,6.34095832e-07,1.48245025e-06,2.23071344e-06
0.00000000e+00,6.31056132e-07,1.43351914e-06,2.15590915e-06
0.00000000e+00,5.44254640e-07,1.34561959e-06,2.02687504e-06
0.00000000e+00,6.55328871e-07,1.48206461e-06,2.22872737e-06
0.00000000e+00,5.56488018e-07,1.37008634e-06,2.06357518e-06
0.00000000e+00,2.98494161e-07,7.68395194e-07,1.15822323e-06
0.00000000e+00,2.40334773e-07,7.37779850e-07,1.11511544e-06
0.00000000e+00,5.88722675e-07,1.39170394e-06,2.09459396e-06
0.00000000e+00,6.13080085e-07,1.39756704e-06,2.10198100e-06
0.00000000e+00,5.31399167e-07,1.31990864e-06,1.98830862e-06
0.00000000e+00,6.17465057e-07,1.40633698e-06,2.11513592e-06
0.00000000e+00,5.34716097e-07,1.32654250e-06,1.99825941e-06
0.00000000e+00,2.86454182e-07,7.44315234e-07,1.12210329e-06
0.00000000e+00,2.34149067e-07,7.25408439e-07,1.09655832e-06
0.00000000e+00,5.74368544e-07,1.36299568e-06,2.05153156e-06
0.00000000e+00,1.45749737e-06,3.08640162e-06,4.63523287e-06
0.00000000e+00,1.22194548e-06,2.70100126e-06,4.05994756e-06
0.00000000e+00,1.31516271e-06,2.80173230e-06,4.20822889e-06
0.00000000e+00,1.14343098e-06,2.54397226e-06,3.82440406e-06
0.00000000e+00,1.14924774e-06,2.46990235e-06,3.71048397e-06
0.00000000e+00,9.47070416e-07,2.15125114e-06,3.23532238e-06
0.00000000e+00,1.34453754e-06,2.90333366e-06,4.36203855e-06
0.00000000e+00,1.37880471e-06,2.92901629e-06,4.39915489e-06
0.00000000e+00,1.17974863e-06,2.61660756e-06,3.93335701e-06
0.00000000e+00,1.01699354e-06,2.20539396e-06,3.31372138e-06
0.00000000e+00,8.76483914e-07,2.01007813e-06,3.02356286e-06
0.00000000e+00,1.23201370e-06,2.67828598e-06,4.02446703e-06
0.00000000e+00,1.22929397e-06,2.62999481e-06,3.95062266e-06
0.00000000e+00,1.09196546e-06,2.44104122e-06,3.67000749e-06
0.00000000e+00,1.26514920e-06,2.70170528e-06,4.05818836e-06
0.00000000e+00,1.11306759e-06,2.48324548e-06,3.73331388e-06
0.00000000e+00,9.45107055e-07,2.06162098e-06,3.09806192e-06
0.00000000e+00,8.29106064e-07,1.91532243e-06,2.88142931e-06
0.00000000e+00,1.16397682e-06,2.54221222e-06,3.82035639e-06
0.00000000e+00,1.20281600e-06,2.57703887e-06,3.87118875e-06
0.00000000e+00,1.07470089e-06,2.40651209e-06,3.61821380e-06
0.00000000e+00,1.20916008e-06,2.58972703e-06,3.89022099e-06
0.00000000e+00,1.07863967e-06,2.41438965e-06,3.63003014e-06
0.00000000e+00,9.19884434e-07,2.01117574e-06,3.02239405e-06
0.00000000e+00,8.14298046e-07,1.88570640e-06,2.83700526e-06
0.00000000e+00,1.14168926e-06,2.49763712e-06,3.75349373e-06
0.00000000e+00,1.89393977e-06,3.95928640e-06,5.94456005e-06
0.00000000e+00,1.62960201e-06,3.51631432e-06,5.28291715e-06
0.00000000e+00,1.77427898e-06,3.71996482e-06,5.58557768e-06
0.00000000e+00,1.57248905e-06,3.40208840e-06,5.11157827e-06
0.00000000e+00,1.70822225e-06,3.58785137e-06,5.38740750e-06
0.00000000e+00,1.44873740e-06,3.15458511e-06,4.74032333e-06
0.00000000e+00,1.76381804e-06,3.74189467e-06,5.61988007e-06
0.00000000e+00,1.82887637e-06,3.82915960e-06,5.74936985e-06
0.00000000e+00,1.60104659e-06,3.45920349e-06,5.19725090e-06
0.00000000e+00,1.56602418e-06,3.30345523e-06,4.96081329e-06
0.00000000e+00,1.37632664e-06,3.00976359e-06,4.52309104e-06
0.00000000e+00,1.67722704e-06,3.56871266e-06,5.36010705e-06
0.00000000e+00,1.69744553e-06,3.56629793e-06,5.35507734e-06
0.00000000e+00,1.52923733e-06,3.31558497e-06,4.98182311e-06
0.00000000e+00,1.72942707e-06,3.63026100e-06,5.45102195e-06
0.00000000e+00,1.54781718e-06,3.35274467e-06,5.03756268e-06
0.00000000e+00,1.48162497e-06,3.13465682e-06,4.70761567e-06
0.00000000e+00,1.32601394e-06,2.90913818e-06,4.37215293e-06
0.00000000e+00,1.61684358e-06,3.44794575e-06,5.17895668e-06
0.00000000e+00,1.67130152e-06,3.51400990e-06,5.27664530e-06
0.00000000e+00,1.51347262e-06,3.28405555e-06,4.93452898e-06
0.00000000e+00,1.67744120e-06,3.52628927e-06,5.29506435e-06
0.00000000e+00,1.51734031e-06,3.29179093e-06,4.94613206e-06
0.00000000e+00,1.45351834e-06,3.07844355e-06,4.62329577e-06
0.00000000e+00,1.30855387e-06,2.87421804e-06,4.31977273e-06
0.00000000e+00,1.59595178e-06,3.40616215e-06,5.11628127e-06
0.00000000e+00,1.01814428e-06,2.12199199e-06,3.18580321e-06
0.00000000e+00,7.51840868e-07,1.58938517e-06,2.38689299e-06
0.00000000e+00,4.48247666e-07,9.82198769e-07,1.47611338e-06
0.00000000e+00,8.67190202e-07,1.86293556e-06,2.79862618e-06
0.00000000e+00,8.79330499e-07,1.84436444e-06,2.76936188e-06
0.00000000e+00,3.94781019e-07,8.75265475e-07,1.31571344e-06
0.00000000e+00,7.37064329e-07,1.60268381e-06,2.40824855e-06
0.00000000e+00,7.06002890e-07,1.49770922e-06,2.24937905e-06
0.00000000e+00,7.19800460e-07,1.52530436e-06,2.29077176e-06
0.00000000e+00,3.40769782e-07,7.67243000e-07,1.15367972e-06
0.00000000e+00,6.67870857e-07,1.46429687e-06,2.20066813e-06
0.00000000e+00,6.74301983e-07,1.43430740e-06,2.15427632e-06
0.00000000e+00,6.84405470e-07,1.45451438e-06,2.18458679e-06
0.00000000e+00,3.33180346e-07,7.52064129e-07,1.13091141e-06
0.00000000e+00,6.48314566e-07,1.42518429e-06,2.14199926e-06
0.00000000e+00,1.62994593e-06,3.34559530e-06,5.02120817e-06
0.00000000e+00,1.44892084e-06,2.98354512e-06,4.47813290e-06
0.00000000e+00,1.33157297e-06,2.74884937e-06,4.12608928e-06
0.00000000e+00,1.55839695e-06,3.24534906e-06,4.87224643e-06
0.00000000e+00,1.52618209e-06,3.13806761e-06,4.70991665e-06
0.00000000e+00,1.12983538e-06,2.34537420e-06,3.52087652e-06
0.00000000e+00,1.38670107e-06,2.90195730e-06,4.35715878e-06
0.00000000e+00,1.33306971e-06,2.75184286e-06,4.13057952e-06
0.00000000e+00,1.38136725e-06,2.84843794e-06,4.27547214e-06
0.00000000e+00,1.03320608e-06,2.15211559e-06,3.23098861e-06
0.00000000e+00,1.28790382e-06,2.70436280e-06,4.06076703e-06
0.00000000e+00,1.29812230e-06,2.68194805e-06,4.02573729e-06
0.00000000e+00,1.30626797e-06,2.69823938e-06,4.05017430e-06
0.00000000e+00,1.00078572e-06,2.08727488e-06,3.13372754e-06
0.00000000e+00,1.25495763e-06,2.63847042e-06,3.96192846e-06
0.00000000e+00,2.10307526e-06,4.29185396e-06,6.44059616e-06
0.00000000e+00,1.92536269e-06,3.93642883e-06,5.90745847e-06
0.00000000e+00,1.91013230e-06,3.90596803e-06,5.86176728e-06
0.00000000e+00,2.00654959e-06,4.14165434e-06,6.21670435e-06
0.00000000e+00,2.00449349e-06,4.09469043e-06,6.14485086e-06
0.00000000e+00,1.70977120e-06,3.50524584e-06,5.26068399e-06
0.00000000e+00,1.85799759e-06,3.84455033e-06,5.77104833e-06
0.00000000e+00,1.82015773e-06,3.72601889e-06,5.59184356e-06
0.00000000e+00,1.86262609e-06,3.81095562e-06,5.71924865e-06
0.00000000e+00,1.59652620e-06,3.27875584e-06,4.92094898e-06
0.00000000e+00,1.76539238e-06,3.65933991e-06,5.49323269e-06
0.00000000e+00,1.78634618e-06,3.65839581e-06,5.49040893e-06
0.00000000e+00,1.79386611e-06,3.67343566e-06,5.51296871e-06
0.00000000e+00,1.56089207e-06,3.20748758e-06,4.81404658e-06
0.00000000e+00,1.73489580e-06,3.59834674e-06,5.40174295e-06
0.00000000e+00,9.04548278e-07,1.85194828e-06,2.77933003e-06
0.00000000e+00,8.20556467e-07,1.68396465e-06,2.52735460e-06
0.00000000e+00,7.20767588e-07,1.48438690e-06,2.22798796e-06
0.00000000e+00,7.00595986e-07,1.44404369e-06,2.16747315e-06
0.00000000e+00,1.70043021e-06,3.44371213e-06,5.16697581e-06
0.00000000e+00,1.48750459e-06,3.01786091e-06,4.52819897e-06
0.00000000e+00,1.36664877e-06,2.77614926e-06,4.16563150e-06
0.00000000e+00,1.32925674e-06,2.70136520e-06,4.05345541e-06
0.00000000e+00,2.15827156e-06,4.35939483e-06,6.54049987e-06
0.00000000e+00,1.97173636e-06,3.98632445e-06,5.98089429e-06
0.00000000e+00,1.85829105e-06,3.75943382e-06,5.64055834e-06
0.00000000e+00,1.82214404e-06,3.68713979e-06,5.53211730e-06
0.00000000e+00,7.26672896e-07,1.28193893e-06,1.91727795e-06
0.00000000e+00,6.87679905e-07,1.11824951e-06,1.66892860e-06
0.00000000e+00,7.13081911e-07,1.25475696e-06,1.87650499e-06
0.00000000e+00,6.78141437e-07,1.09917257e-06,1.64031320e-06
0.00000000e+00,7.08243692e-07,1.20222880e-06,1.79630515e-06
0.00000000e+00,3.83760029e-07,5.10409759e-07,7.57168977e-07
0.00000000e+00,3.94110929e-07,6.16814992e-07,9.19592046e-07
0.00000000e+00,7.85031219e-07,1.39865557e-06,2.09235291e-06
0.00000000e+00,7.19021732e-07,1.18093316e-06,1.76295408e-06
0.00000000e+00,7.50945567e-07,1.33048427e-06,1.99009596e-06
0.00000000e+00,6.99913197e-07,1.14271609e-06,1.70562848e-06
0.00000000e+00,7.53616676e-07,1.29297477e-06,1.93242410e-06
0.00000000e+00,4.01651156e-07,5.46192011e-07,8.10842352e-07
0.00000000e+00,4.18731482e-07,6.66056098e-07,9.93453703e-07
0.00000000e+00,8.63566311e-07,1.55572576e-06,2.32795819e-06
0.00000000e+00,7.86246070e-07,1.31538184e-06,1.96462709e-06
0.00000000e+00,8.18530935e-07,1.46565500e-06,2.19285206e-06
0.00000000e+00,7.48360317e-07,1.23961034e-06,1.85096984e-06
0.00000000e+00,8.33868317e-07,1.45347805e-06,2.17317902e-06
0.00000000e+00,4.39095311e-07,6.21080323e-07,9.23174817e-07
0.00000000e+00,4.75754261e-07,7.80101655e-07,1.16452204e-06
0.00000000e+00,7.53811183e-07,1.42191893e-06,2.13006318e-06
0.00000000e+00,7.32213851e-07,1.37872427e-06,2.06527119e-06
0.00000000e+00,7.39583394e-07,1.35061164e-06,2.02169463e-06
0.00000000e+00,3.88578070e-07,6.91452709e-07,1.03436384e-06
0.00000000e+00,7.99648983e-07,1.51359454e-06,2.26757658e-06
0.00000000e+00,7.67608666e-07,1.44951390e-06,2.17145563e-06
0.00000000e+00,8.08776648e-07,1.48899815e-06,2.22927439e-06
0.00000000e+00,4.42589115e-07,7.99474798e-07,1.19639697e-06
0.00000000e+00,1.06595208e-06,2.04620073e-06,3.06648587e-06
0.00000000e+00,9.27138479e-07,1.76857353e-06,2.65004506e-06
0.00000000e+00,9.38902463e-07,1.74924978e-06,2.61965183e-06
0.00000000e+00,4.96055515e-07,9.06407599e-07,1.35679617e-06
0.00000000e+00,7.39759956e-07,1.47951991e-06,2.21927987e-06
0.00000000e+00,7.20514428e-07,1.44102886e-06,2.16154329e-06
0.00000000e+00,7.44671646e-07,1.44649158e-06,2.16832976e-06
0.00000000e+00,3.91163871e-07,7.82327744e-07,1.17349161e-06
0.00000000e+00,8.23995366e-07,1.64799073e-06,2.47198610e-06
0.00000000e+00,7.74685396e-07,1.54937079e-06,2.32405619e-06
0.00000000e+00,8.44460346e-07,1.64606898e-06,2.46769585e-06
0.00000000e+00,3.48241998e-07,6.96483998e-07,1.04472599e-06
0.00000000e+00,9.97851954e-07,1.99570391e-06,2.99355586e-06
0.00000000e+00,8.82332486e-07,1.76466497e-06,2.64699746e-06
0.00000000e+00,9.28451870e-07,1.81405203e-06,2.71967042e-06
0.00000000e+00,8.36699836e-07,1.67339967e-06,2.51009951e-06
0.00000000e+00,1.32491075e-06,2.47841464e-06,3.71199151e-06
0.00000000e+00,1.23539072e-06,2.21367114e-06,3.31206104e-06
0.00000000e+00,1.30477694e-06,2.43814702e-06,3.65159009e-06
0.00000000e+00,1.22206502e-06,2.18701973e-06,3.27208394e-06
0.00000000e+00,1.28349784e-06,2.35273710e-06,3.52206760e-06
0.00000000e+00,9.72531321e-07,1.68795234e-06,2.52348285e-06
0.00000000e+00,1.04072383e-06,1.91004080e-06,2.85943075e-06
0.00000000e+00,1.41077933e-06,2.65015180e-06,3.96959726e-06
0.00000000e+00,1.28685611e-06,2.31660191e-06,3.46645721e-06
0.00000000e+00,1.36076591e-06,2.55012495e-06,3.81955698e-06
0.00000000e+00,1.25649278e-06,2.25587526e-06,3.37536722e-06
0.00000000e+00,1.35153456e-06,2.48881053e-06,3.72617774e-06
0.00000000e+00,1.01990903e-06,1.78270777e-06,2.66561598e-06
0.00000000e+00,1.11261016e-06,2.05381345e-06,3.07508973e-06
0.00000000e+00,1.55311378e-06,2.93482070e-06,4.39660060e-06
0.00000000e+00,1.36537043e-06,2.47363056e-06,3.70200018e-06
0.00000000e+00,1.47442124e-06,2.77743561e-06,4.16052296e-06
0.00000000e+00,1.32317366e-06,2.38923701e-06,3.57540985e-06
0.00000000e+00,1.46405825e-06,2.71385792e-06,4.06374883e-06
0.00000000e+00,1.09049535e-06,1.92388040e-06,2.87737493e-06
0.00000000e+00,1.24486408e-06,2.31832130e-06,3.47185151e-06
0.00000000e+00,1.38087802e-06,2.67605261e-06,4.01126369e-06
0.00000000e+00,1.35407636e-06,2.62244929e-06,3.93085872e-06
0.00000000e+00,1.35961637e-06,2.59067759e-06,3.88179355e-06
0.00000000e+00,1.08101437e-06,2.07632531e-06,3.11167274e-06
0.00000000e+00,1.49672897e-06,2.90775450e-06,4.35881653e-06
0.00000000e+00,1.42917548e-06,2.77264752e-06,4.15615606e-06
0.00000000e+00,1.45841344e-06,2.78827173e-06,4.17818477e-06
0.00000000e+00,1.17764353e-06,2.26958362e-06,3.40156021e-06
0.00000000e+00,1.67775393e-06,3.26980442e-06,4.90189140e-06
0.00000000e+00,1.57399013e-06,3.06227684e-06,4.59060003e-06
0.00000000e+00,1.63010918e-06,3.13166321e-06,4.69327198e-06
0.00000000e+00,1.37938077e-06,2.67305810e-06,4.00677192e-06
0.00000000e+00,1.38028676e-06,2.76057352e-06,4.14086028e-06
0.00000000e+00,1.35578399e-06,2.71156798e-06,4.06735197e-06
0.00000000e+00,1.39055284e-06,2.73825397e-06,4.10597334e-06
0.00000000e+00,1.07815909e-06,2.15631818e-06,3.23447726e-06
0.00000000e+00,1.53097418e-06,3.06194837e-06,4.59292255e-06
0.00000000e+00,1.44214302e-06,2.88428604e-06,4.32642906e-06
0.00000000e+00,1.51140849e-06,2.97996526e-06,4.46854027e-06
0.00000000e+00,1.19381657e-06,2.38763313e-06,3.58144969e-06
0.00000000e+00,1.64892531e-06,3.29785062e-06,4.94677593e-06
0.00000000e+00,1.58953143e-06,3.17906287e-06,4.76859430e-06
0.00000000e+00,1.72433396e-06,3.40581620e-06,5.10731668e-06
0.00000000e+00,1.38966741e-06,2.77933482e-06,4.16900222e-06
0.00000000e+00,1.79306232e-06,3.41471778e-06,5.11644623e-06
0.00000000e+00,1.67266260e-06,3.08821489e-06,4.62387667e-06
0.00000000e+00,1.77305807e-06,3.37470928e-06,5.05643348e-06
0.00000000e+00,1.66076565e-06,3.06442101e-06,4.58818585e-06
0.00000000e+00,1.73636461e-06,3.25847064e-06,4.88066791e-06
0.00000000e+00,1.46943920e-06,2.68176810e-06,4.01420649e-06
0.00000000e+00,1.57724176e-06,2.98307665e-06,4.46898454e-06
0.00000000e+00,1.86989561e-06,3.56838435e-06,5.34694608e-06
0.00000000e+00,1.71591417e-06,3.17471804e-06,4.75363140e-06
0.00000000e+00,1.82504378e-06,3.47868069e-06,5.21239059e-06
0.00000000e+00,1.69124238e-06,3.12537446e-06,4.67961602e-06
0.00000000e+00,1.79674792e-06,3.37923725e-06,5.06181782e-06
0.00000000e+00,1.51975176e-06,2.78239322e-06,4.16514416e-06
0.00000000e+00,1.66164082e-06,3.15187477e-06,4.72218171e-06
0.00000000e+00,1.98955625e-06,3.80770564e-06,5.70592801e-06
0.00000000e+00,1.77302699e-06,3.28894367e-06,4.92496984e-06
0.00000000e+00,1.92449293e-06,3.67757900e-06,5.51073806e-06
0.00000000e+00,1.74447163e-06,3.23183296e-06,4.83930378e-06
0.00000000e+00,1.88333877e-06,3.55241897e-06,5.32159039e-06
0.00000000e+00,1.59216239e-06,2.92721448e-06,4.38237605e-06
0.00000000e+00,1.80383868e-06,3.43627049e-06,5.14877529e-06
0.00000000e+00,1.86796605e-06,3.65022866e-06,5.47252777e-06
0.00000000e+00,1.84167451e-06,3.59764558e-06,5.39365315e-06
0.00000000e+00,1.83710493e-06,3.54565471e-06,5.31425924e-06
0.00000000e+00,1.64433452e-06,3.20296560e-06,4.80163318e-06
0.00000000e+00,1.97317087e-06,3.86063832e-06,5.78814225e-06
0.00000000e+00,1.91043434e-06,3.73516525e-06,5.59993265e-06
0.00000000e+00,1.92971000e-06,3.73086485e-06,5.59207444e-06
0.00000000e+00,1.75757935e-06,3.42945526e-06,5.14136767e-06
0.00000000e+00,2.15088326e-06,4.21606309e-06,6.32127941e-06
0.00000000e+00,2.05230159e-06,4.01889974e-06,6.02553438e-06
0.00000000e+00,2.07826184e-06,4.02796853e-06,6.03772996e-06
0.00000000e+00,1.95794036e-06,3.83017730e-06,5.74245072e-06
0.00000000e+00,1.87886372e-06,3.75772745e-06,5.63659118e-06
0.00000000e+00,1.85051680e-06,3.70103360e-06,5.55155040e-06
0.00000000e+00,1.88219513e-06,3.72153855e-06,5.58090021e-06
0.00000000e+00,1.65525214e-06,3.31050428e-06,4.96575642e-06
0.00000000e+00,1.99477042e-06,3.98954084e-06,5.98431126e-06
0.00000000e+00,1.92594208e-06,3.85188417e-06,5.77782625e-06
0.00000000e+00,1.99564030e-06,3.94842888e-06,5.92123570e-06
0.00000000e+00,1.77411975e-06,3.54823951e-06,5.32235926e-06
0.00000000e+00,2.20374077e-06,4.40748154e-06,6.61122230e-06
0.00000000e+00,2.07926167e-06,4.15852334e-06,6.23778501e-06
0.00000000e+00,2.18217534e-06,4.32149897e-06,6.48084083e-06
0.00000000e+00,1.97962025e-06,3.95924051e-06,5.93886076e-06
0.00000000e+00,1.33306954e-06,2.75184252e-06,4.13057900e-06
0.00000000e+00,1.82015757e-06,3.72601857e-06,5.59184307e-06
0.00000000e+00,1.30626789e-06,2.69823921e-06,4.05017404e-06
0.00000000e+00,1.79386603e-06,3.67343550e-06,5.51296846e-06
0.00000000e+00,1.36664860e-06,2.77614892e-06,4.16563099e-06
0.00000000e+00,1.59652604e-06,3.27875551e-06,4.92094848e-06
0.00000000e+00,1.85829089e-06,3.75943350e-06,5.64055786e-06
0.00000000e+00,1.44892047e-06,2.98354438e-06,4.47813179e-06
0.00000000e+00,1.92536239e-06,3.93642821e-06,5.90745753e-06
0.00000000e+00,1.38136699e-06,2.84843741e-06,4.27547134e-06
0.00000000e+00,1.86262586e-06,3.81095515e-06,5.71924794e-06
0.00000000e+00,1.48750424e-06,3.01786020e-06,4.52819790e-06
0.00000000e+00,1.70977086e-06,3.50524515e-06,5.26068294e-06
0.00000000e+00,1.97173605e-06,3.98632382e-06,5.98089334e-06
0.00000000e+00,1.62994541e-06,3.34559426e-06,5.02120661e-06
0.00000000e+00,2.10307476e-06,4.29185296e-06,6.44059466e-06
0.00000000e+00,1.52618163e-06,3.13806670e-06,4.70991526e-06
0.00000000e+00,2.00449309e-06,4.09468962e-06,6.14484965e-06
0.00000000e+00,1.70042969e-06,3.44371111e-06,5.16697427e-06
0.00000000e+00,1.91013186e-06,3.90596716e-06,5.86176595e-06
0.00000000e+00,2.15827109e-06,4.35939390e-06,6.54049846e-06
0.00000000e+00,1.22929380e-06,2.62999446e-06,3.95062213e-06
0.00000000e+00,1.69744537e-06,3.56629761e-06,5.35507685e-06
0.00000000e+00,1.20915999e-06,2.58972686e-06,3.89022073e-06
0.00000000e+00,1.67744112e-06,3.52628912e-06,5.29506411e-06
0.00000000e+00,1.28790365e-06,2.70436245e-06,4.06076650e-06
0.00000000e+00,1.48162480e-06,3.13465648e-06,4.70761516e-06
0.00000000e+00,1.76539221e-06,3.65933958e-06,5.49323220e-06
0.00000000e+00,1.31516236e-06,2.80173159e-06,4.20822783e-06
0.00000000e+00,1.77427864e-06,3.71996415e-06,5.58557667e-06
0.00000000e+00,1.26514894e-06,2.70170476e-06,4.05818757e-06
0.00000000e+00,1.72942682e-06,3.63026051e-06,5.45102120e-06
0.00000000e+00,1.38670071e-06,2.90195657e-06,4.35715768e-06
0.00000000e+00,1.56602385e-06,3.30345456e-06,4.96081228e-06
0.00000000e+00,1.85799727e-06,3.84454969e-06,5.77104737e-06
0.00000000e+00,1.45749678e-06,3.08640044e-06,4.63523109e-06
0.00000000e+00,1.89393927e-06,3.95928541e-06,5.94455855e-06
0.00000000e+00,1.37880425e-06,2.92901537e-06,4.39915349e-06
0.00000000e+00,1.82887596e-06,3.82915879e-06,5.74936862e-06
0.00000000e+00,1.55839642e-06,3.24534798e-06,4.87224480e-06
0.00000000e+00,1.70822169e-06,3.58785025e-06,5.38740581e-06
0.00000000e+00,2.00654910e-06,4.14165335e-06,6.21670285e-06
0.00000000e+00,1.09196529e-06,2.44104088e-06,3.67000699e-06
0.00000000e+00,1.52923717e-06,3.31558464e-06,4.98182262e-06
0.00000000e+00,1.07863959e-06,2.41438949e-06,3.63002989e-06
0.00000000e+00,1.51734023e-06,3.29179077e-06,4.94613181e-06
0.00000000e+00,1.16397665e-06,2.54221189e-06,3.82035588e-06
0.00000000e+00,1.32601377e-06,2.90913785e-06,4.37215244e-06
0.00000000e+00,1.61684342e-06,3.44794543e-06,5.17895619e-06
0.00000000e+00,1.14343066e-06,2.54397163e-06,3.82440311e-06
0.00000000e+00,1.57248874e-06,3.40208778e-06,5.11157732e-06
0.00000000e+00,1.11306734e-06,2.48324499e-06,3.73331315e-06
0.00000000e+00,1.54781695e-06,3.35274420e-06,5.03756196e-06
0.00000000e+00,1.23201335e-06,2.67828529e-06,4.02446598e-06
0.00000000e+00,1.37632632e-06,3.00976294e-06,4.52309007e-06
0.00000000e+00,1.67722671e-06,3.56871201e-06,5.36010607e-06
0.00000000e+00,1.22194498e-06,2.70100026e-06,4.05994604e-06
0.00000000e+00,1.62960154e-06,3.51631337e-06,5.28291572e-06
0.00000000e+00,1.17974821e-06,2.61660673e-06,3.93335574e-06
0.00000000e+00,1.60104619e-06,3.45920268e-06,5.19724968e-06
0.00000000e+00,1.34453702e-06,2.90333263e-06,4.36203699e-06
0.00000000e+00,1.44873694e-06,3.15458418e-06,4.74032193e-06
0.00000000e+00,1.76381756e-06,3.74189370e-06,5.61987859e-06
0.00000000e+00,7.06002699e-07,1.49770883e-06,2.24937847e-06
0.00000000e+00,6.84405375e-07,1.45451419e-06,2.18458650e-06
0.00000000e+00,7.20767404e-07,1.48438653e-06,2.22798740e-06
0.00000000e+00,1.03320589e-06,2.15211521e-06,3.23098804e-06
0.00000000e+00,7.51840487e-07,1.58938441e-06,2.38689183e-06
0.00000000e+00,7.19800177e-07,1.52530379e-06,2.29077090e-06
0.00000000e+00,8.20556096e-07,1.68396391e-06,2.52735347e-06
0.00000000e+00,1.12983503e-06,2.34537350e-06,3.52087546e-06
0.00000000e+00,1.01814351e-06,2.12199046e-06,3.18580090e-06
0.00000000e+00,8.79329957e-07,1.84436335e-06,2.76936024e-06
0.00000000e+00,9.04547588e-07,1.85194689e-06,2.77932794e-06
0.00000000e+00,1.33157222e-06,2.74884788e-06,4.12608703e-06
0.00000000e+00,6.31055938e-07,1.43351875e-06,2.15590856e-06
0.00000000e+00,6.17464961e-07,1.40633679e-06,2.11513563e-06
0.00000000e+00,6.67870673e-07,1.46429650e-06,2.20066758e-06
0.00000000e+00,9.45106872e-07,2.06162062e-06,3.09806136e-06
0.00000000e+00,6.89414239e-07,1.55023535e-06,2.33098346e-06
0.00000000e+00,6.55328599e-07,1.48206407e-06,2.22872654e-06
0.00000000e+00,7.37063897e-07,1.60268295e-06,2.40824725e-06
0.00000000e+00,1.01699318e-06,2.20539323e-06,3.31372028e-06
0.00000000e+00,7.67949280e-07,1.70730543e-06,2.56658858e-06
0.00000000e+00,7.22913931e-07,1.61723473e-06,2.43148253e-06
0.00000000e+00,8.67189686e-07,1.86293452e-06,2.79862461e-06
0.00000000e+00,1.14924707e-06,2.46990102e-06,3.71048196e-06
0.00000000e+00,5.44254472e-07,1.34561925e-06,2.02687453e-06
0.00000000e+00,5.34716012e-07,1.32654233e-06,1.99825915e-06
0.00000000e+00,5.88722497e-07,1.39170358e-06,2.09459342e-06
0.00000000e+00,8.29105894e-07,1.91532209e-06,2.88142880e-06
0.00000000e+00,5.75596294e-07,1.40830289e-06,2.12090000e-06
0.00000000e+00,5.56487764e-07,1.37008583e-06,2.06357441e-06
0.00000000e+00,6.34095463e-07,1.48244951e-06,2.23071232e-06
0.00000000e+00,8.76483591e-07,2.01007749e-06,3.02356188e-06
0.00000000e+00,6.42820609e-07,1.54275152e-06,2.32257294e-06
0.00000000e+00,6.04934871e-07,1.46698005e-06,2.20891572e-06
0.00000000e+00,7.14347067e-07,1.64295272e-06,2.47146713e-06
0.00000000e+00,9.47069891e-07,2.15125009e-06,3.23532078e-06
0.00000000e+00,3.40769587e-07,7.67242611e-07,1.15367914e-06
0.00000000e+00,3.94780602e-07,8.75264640e-07,1.31571218e-06
0.00000000e+00,4.48247003e-07,9.82197442e-07,1.47611138e-06
0.00000000e+00,2.98493970e-07,7.68394810e-07,1.15822265e-06
0.00000000e+00,3.23114490e-07,8.17635850e-07,1.23208421e-06
0.00000000e+00,3.80137240e-07,9.31681350e-07,1.40315246e-06
0.00000000e+00,2.40334600e-07,7.37779506e-07,1.11511492e-06
0.00000000e+00,2.58225717e-07,7.73561739e-07,1.16878826e-06
0.00000000e+00,2.95669844e-07,8.48449992e-07,1.28112064e-06
0.00000000e+00,-1.71757033e-06,-3.65765324e-06,-5.49378906e-06
0.00000000e+00,-1.22133673e-06,-2.76844463e-06,-4.16336801e-06
0.00000000e+00,-1.60316508e-06,-3.51518398e-06,-5.28292133e-06
0.00000000e+00,-1.98067051e-06,-4.17057706e-06,-6.26273866e-06
0.00000000e+00,-1.62770831e-06,-3.45237635e-06,-5.18503435e-06
0.00000000e+00,-1.24713817e-06,-2.78571708e-06,-4.18814899e-06
0.00000000e+00,-1.63572352e-06,-3.55442910e-06,-5.34093917e-06
0.00000000e+00,-1.97884606e-06,-4.14801358e-06,-6.22827213e-06
0.00000000e+00,-1.44689827e-06,-3.16793842e-06,-4.76091276e-06
0.00000000e+00,-1.43578724e-06,-3.18888697e-06,-4.79375367e-06
0.00000000e+00,-1.79243921e-06,-3.84392335e-06,-5.77439424e-06
0.00000000e+00,-1.88501731e-06,-3.98590892e-06,-5.98595452e-06
0.00000000e+00,-1.46364666e-06,-3.20091163e-06,-4.81035537e-06
0.00000000e+00,-1.03089993e-06,-2.45623191e-06,-3.69730434e-06
0.00000000e+00,-1.45083102e-06,-3.26225937e-06,-4.90523411e-06
0.00000000e+00,-1.75492421e-06,-3.75691362e-06,-5.64348614e-06
0.00000000e+00,-1.65706258e-06,-3.56219060e-06,-5.35143446e-06
0.00000000e+00,-1.14677337e-06,-2.65364835e-06,-3.99230129e-06
0.00000000e+00,-1.53823898e-06,-3.41120354e-06,-5.12780051e-06
0.00000000e+00,-1.90516025e-06,-4.03847111e-06,-6.06520106e-06
0.00000000e+00,-1.24085293e-06,-2.81573103e-06,-4.23456874e-06
0.00000000e+00,-1.26300384e-06,-2.90352237e-06,-4.36768432e-06
0.00000000e+00,-1.60822926e-06,-3.52028978e-06,-5.29041505e-06
0.00000000e+00,-1.62412902e-06,-3.50859978e-06,-5.27145149e-06
0.00000000e+00,-8.65667129e-07,-2.05605828e-06,-3.09475409e-06
0.00000000e+00,-6.98716138e-07,-1.86052520e-06,-2.80599966e-06
0.00000000e+00,-1.24555870e-06,-2.90345823e-06,-4.36873209e-06
0.00000000e+00,-1.30343523e-06,-2.89176482e-06,-4.34700556e-06
0.00000000e+00,-1.13529054e-06,-2.56975224e-06,-3.86445567e-06
0.00000000e+00,-8.93119037e-07,-2.21500056e-06,-3.33658501e-06
0.00000000e+00,-1.34290013e-06,-3.07226934e-06,-4.62109891e-06
0.00000000e+00,-1.55162353e-06,-3.36922684e-06,-5.06257728e-06
0.00000000e+00,-8.13979460e-07,-2.02457565e-06,-3.04989171e-06
0.00000000e+00,-9.80561040e-07,-2.40115207e-06,-3.61618240e-06
0.00000000e+00,-1.30416829e-06,-2.95879645e-06,-4.44970673e-06
0.00000000e+00,-1.09031620e-06,-2.48716027e-06,-3.74080937e-06
0.00000000e+00,-2.29560999e-06,-4.70388230e-06,-7.05952424e-06
0.00000000e+00,-2.29908322e-06,-4.70380156e-06,-7.05917229e-06
0.00000000e+00,-2.00903769e-06,-4.11725825e-06,-6.17914538e-06
0.00000000e+00,-2.26237714e-06,-4.62042356e-06,-6.93377793e-06
0.00000000e+00,-1.99862594e-06,-4.16483933e-06,-6.25276398e-06
0.00000000e+00,-2.15978165e-06,-4.47699887e-06,-6.72066982e-06
0.00000000e+00,-2.30864653e-06,-4.72644178e-06,-7.09324804e-06
0.00000000e+00,-1.84961006e-06,-3.83884133e-06,-5.76284833e-06
0.00000000e+00,-2.05058228e-06,-4.22673137e-06,-6.34422174e-06
0.00000000e+00,-2.30499171e-06,-4.73612518e-06,-7.10833134e-06
0.00000000e+00,-2.21617824e-06,-4.54795745e-06,-6.82573349e-06
0.00000000e+00,-1.71597935e-06,-3.63857844e-06,-5.46465481e-06
0.00000000e+00,-1.90566197e-06,-3.99763995e-06,-6.00258012e-06
0.00000000e+00,-1.94112899e-06,-4.01485200e-06,-6.02663351e-06
0.00000000e+00,-4.66553546e-07,-1.09968717e-06,-1.65500267e-06
0.00000000e+00,-1.44554363e-06,-3.03658578e-06,-4.55965808e-06
0.00000000e+00,-1.31014635e-06,-2.77339335e-06,-4.16511915e-06
0.00000000e+00,-1.75774336e-06,-3.65101938e-06,-5.48098112e-06
0.00000000e+00,-5.08286916e-07,-1.26395681e-06,-1.90406136e-06
0.00000000e+00,-1.43044832e-06,-3.07723029e-06,-4.62295165e-06
0.00000000e+00,-9.62038579e-07,-2.08098325e-06,-3.12662900e-06
0.00000000e+00,-2.74490652e-06,-5.48981303e-06,-8.23471956e-06
0.00000000e+00,-2.40856903e-06,-4.81713806e-06,-7.22570711e-06
0.00000000e+00,-2.20508343e-06,-4.41016685e-06,-6.61525029e-06
0.00000000e+00,-2.41136536e-06,-4.82273071e-06,-7.23409607e-06
0.00000000e+00,-2.45101803e-06,-4.95836722e-06,-7.43940123e-06
0.00000000e+00,-2.40689002e-06,-4.86659761e-06,-7.30163139e-06
0.00000000e+00,-2.59488262e-06,-5.18976524e-06,-7.78464787e-06
0.00000000e+00,-2.42544086e-06,-4.85088173e-06,-7.27632260e-06
0.00000000e+00,-2.14942362e-06,-4.29884723e-06,-6.44827086e-06
0.00000000e+00,-2.36114499e-06,-4.72228998e-06,-7.08343499e-06
0.00000000e+00,-2.41257137e-06,-4.82514275e-06,-7.23771413e-06
0.00000000e+00,-2.55311468e-06,-5.17603996e-06,-7.76635311e-06
0.00000000e+00,-2.06655403e-06,-4.19589147e-06,-6.29589955e-06
0.00000000e+00,-2.18308575e-06,-4.36617150e-06,-6.54925727e-06
0.00000000e+00,-1.97366148e-07,-3.94732293e-07,-5.92098457e-07
0.00000000e+00,-1.56114834e-06,-3.12229668e-06,-4.68344504e-06
0.00000000e+00,-1.16615906e-06,-2.33231811e-06,-3.49847718e-06
0.00000000e+00,-1.89866174e-06,-3.79732348e-06,-5.69598523e-06
0.00000000e+00,-6.07846089e-07,-1.29951969e-06,-1.95203315e-06
0.00000000e+00,-1.37224440e-06,-2.81762250e-06,-4.22883609e-06
0.00000000e+00,-1.07032685e-06,-2.14065369e-06,-3.21098055e-06
0.00000000e+00,-1.08894342e-06,-2.40861924e-06,-3.62050805e-06
0.00000000e+00,-6.26185278e-07,-1.58858456e-06,-2.39392094e-06
0.00000000e+00,-9.54462629e-07,-2.10999489e-06,-3.17159715e-06
0.00000000e+00,-6.58145264e-07,-1.61295268e-06,-2.42917391e-06
0.00000000e+00,-8.27158500e-07,-1.93779020e-06,-2.91599695e-06
0.00000000e+00,-9.60701688e-07,-2.25239596e-06,-3.38946653e-06
0.00000000e+00,-1.44141057e-06,-3.10944363e-06,-4.67160964e-06
0.00000000e+00,-7.62587302e-07,-1.81523252e-06,-2.73237673e-06
0.00000000e+00,-5.84164163e-07,-1.58364604e-06,-2.38911159e-06
0.00000000e+00,-1.02195708e-06,-2.30430932e-06,-3.46501756e-06
0.00000000e+00,-6.01218706e-07,-1.57820327e-06,-2.37964822e-06
0.00000000e+00,-6.05839866e-07,-1.56436754e-06,-2.35813656e-06
0.00000000e+00,-7.85911600e-07,-1.97669808e-06,-2.97834662e-06
0.00000000e+00,-1.28567633e-06,-2.85319077e-06,-4.28904410e-06
0.00000000e+00,9.72726538e-10,-3.47437985e-07,-5.32633679e-07
0.00000000e+00,-3.03213132e-07,-1.10084768e-06,-1.66751249e-06
0.00000000e+00,-6.41924962e-07,-1.60357060e-06,-2.41585823e-06
0.00000000e+00,-3.80479009e-07,-1.21582759e-06,-1.83868313e-06
0.00000000e+00,-2.05883658e-07,-8.37088957e-07,-1.26960458e-06
0.00000000e+00,-5.56168279e-07,-1.59362372e-06,-2.40624510e-06
0.00000000e+00,-3.33914149e-07,-1.00703277e-06,-1.52169149e-06
0.00000000e+00,-1.44687449e-06,-3.01088286e-06,-4.52017196e-06
0.00000000e+00,-1.14160999e-06,-2.38463863e-06,-3.58028940e-06
0.00000000e+00,-1.30023884e-06,-2.77441081e-06,-4.16732965e-06
0.00000000e+00,-2.05554977e-06,-4.22599764e-06,-6.34277069e-06
0.00000000e+00,-2.93805014e-06,-6.02466461e-06,-9.04187704e-06
0.00000000e+00,-2.31623370e-06,-4.76531651e-06,-7.15233865e-06
0.00000000e+00,-1.60433637e-06,-3.42798387e-06,-5.14917984e-06
0.00000000e+00,-2.32912885e-06,-4.80235048e-06,-7.20825895e-06
0.00000000e+00,9.31049867e-07,1.68210494e-06,2.51724485e-06
0.00000000e+00,-1.13975843e-06,-2.44379642e-06,-3.67109097e-06
0.00000000e+00,1.17985845e-07,-3.09096325e-08,-5.51310899e-08
0.00000000e+00,1.60925591e-07,1.47270109e-07,2.15170437e-07
0.00000000e+00,-2.05358731e-06,-4.10717462e-06,-6.16076194e-06
0.00000000e+00,-1.41463074e-06,-2.82926148e-06,-4.24389223e-06
0.00000000e+00,-2.14062981e-06,-4.33982656e-06,-6.51166368e-06
0.00000000e+00,-2.52173966e-06,-5.04347932e-06,-7.56521899e-06
0.00000000e+00,-2.34749579e-06,-4.69499158e-06,-7.04248739e-06
0.00000000e+00,-2.95857111e-06,-5.91714221e-06,-8.87571333e-06
0.00000000e+00,-1.92246925e-06,-3.91922068e-06,-5.88127108e-06
0.00000000e+00,-2.31015699e-06,-4.62031397e-06,-6.93047097e-06
0.00000000e+00,5.65107950e-06,1.13021590e-05,1.69532385e-05
0.00000000e+00,-3.57438317e-06,-7.14876633e-06,-1.07231495e-05
0.00000000e+00,3.51685159e-06,6.94298210e-06,1.04114931e-05
0.00000000e+00,2.42526078e-06,4.85052156e-06,7.27578232e-06
0.00000000e+00,6.50717427e-08,-1.03160305e-07,-1.62404123e-07
0.00000000e+00,9.47599478e-08,-1.50224413e-07,-2.36496684e-07
0.00000000e+00,5.64396865e-08,-8.94759550e-08,-1.40860989e-07
0.00000000e+00,8.32359174e-08,-1.31955469e-07,-2.07736070e-07
0.00000000e+00,7.99158462e-08,-1.26692357e-07,-1.99450401e-07
0.00000000e+00,-2.84094693e-07,-9.06168544e-07,-1.37035490e-06
0.00000000e+00,-5.13730369e-07,-1.25947883e-06,-1.89683968e-06
0.00000000e+00,8.23358575e-08,-1.30529000e-07,-2.05490384e-07
0.00000000e+00,1.17807993e-07,-1.86762332e-07,-2.94017960e-07
0.00000000e+00,7.37037945e-08,-1.16844664e-07,-1.83947270e-07
0.00000000e+00,1.06283973e-07,-1.68493367e-07,-2.65257314e-07
0.00000000e+00,1.00071915e-07,-1.58645685e-07,-2.49754201e-07
0.00000000e+00,-2.20255895e-07,-8.59359805e-07,-1.30279820e-06
0.00000000e+00,-3.96063606e-07,-1.08475653e-06,-1.63674721e-06
0.00000000e+00,9.95998701e-08,-1.57897899e-07,-2.48576951e-07
0.00000000e+00,1.40856004e-07,-2.23300318e-07,-3.51539336e-07
0.00000000e+00,9.09677908e-08,-1.44213596e-07,-2.27033886e-07
0.00000000e+00,1.29332016e-07,-2.05031289e-07,-3.22778594e-07
0.00000000e+00,1.21265392e-07,-1.92243755e-07,-3.02647294e-07
0.00000000e+00,-1.22999169e-07,-7.48355959e-07,-1.13903559e-06
0.00000000e+00,6.70793346e-08,-2.21543607e-07,-3.43999678e-07
0.00000000e+00,3.31210088e-08,-5.25093832e-08,-8.26648789e-08
0.00000000e+00,2.85121253e-08,-4.52031656e-08,-7.11627642e-08
0.00000000e+00,4.90963838e-08,-7.78348279e-08,-1.22534477e-07
0.00000000e+00,-9.08896373e-07,-1.93573539e-06,-2.90747732e-06
0.00000000e+00,4.23383891e-08,-6.71225919e-08,-1.05670269e-07
0.00000000e+00,3.77298052e-08,-5.98157751e-08,-9.41672553e-08
0.00000000e+00,6.23371702e-08,-9.88257022e-08,-1.55580186e-07
0.00000000e+00,-1.62461777e-06,-3.39941740e-06,-5.10405934e-06
0.00000000e+00,5.15557437e-08,-8.17358518e-08,-1.28675736e-07
0.00000000e+00,4.69473780e-08,-7.44285988e-08,-1.17172067e-07
0.00000000e+00,7.62299758e-08,-1.20850749e-07,-1.90253960e-07
0.00000000e+00,1.27218526e-06,2.36045950e-06,3.53464804e-06
0.00000000e+00,-1.30729128e-12,-2.61247840e-12,-3.92989819e-12
0.00000000e+00,-1.08062839e-12,-2.15898290e-12,-3.24775236e-12
0.00000000e+00,1.65598200e-08,-2.62560592e-08,-4.13344968e-08
0.00000000e+00,-9.43211960e-08,-1.88642390e-07,-2.82963596e-07
0.00000000e+00,-8.40116893e-13,-1.67839991e-12,-2.53365816e-12
0.00000000e+00,-1.46209341e-12,-2.92219291e-12,-4.39717065e-12
0.00000000e+00,2.11691587e-08,-3.35613668e-08,-5.28352475e-08
0.00000000e+00,-5.56785482e-06,-1.11357096e-05,-1.67035645e-05
0.00000000e+00,0.00000000e+00,0.00000000e+00,0.00000000e+00
0.00000000e+00,-9.90386289e-13,-1.97949033e-12,-2.98220101e-12
0.00000000e+00,2.59997397e-08,-4.12217101e-08,-6.48947469e-08
0.00000000e+00,1.44328438e-06,2.88656877e-06,4.32985314e-06
0.00000000e+00,-1.51221650e-06,-2.90729911e-06,-4.35710101e-06
0.00000000e+00,-3.31233879e-08,5.25046297e-08,8.26577261e-08
0.00000000e+00,-1.19818506e-06,-2.29495146e-06,-3.43909576e-06
0.00000000e+00,-2.85143123e-08,4.51987963e-08,7.11561917e-08
0.00000000e+00,-2.17330090e-06,-4.28803485e-06,-6.43012845e-06
0.00000000e+00,-9.74689664e-07,-1.83143668e-06,-2.74328080e-06
0.00000000e+00,-1.65624484e-08,2.62508069e-08,4.13265952e-08
0.00000000e+00,-3.02092810e-06,-5.89329186e-06,-8.83505771e-06
0.00000000e+00,-4.23425061e-08,6.71143621e-08,1.05657893e-07
0.00000000e+00,-2.39034422e-06,-4.64783933e-06,-6.96739513e-06
0.00000000e+00,-3.77322944e-08,5.98108011e-08,9.41597673e-08
0.00000000e+00,-1.96390985e-06,-3.85353753e-06,-5.77786626e-06
0.00000000e+00,-1.70839682e-06,-3.26661177e-06,-4.89498444e-06
0.00000000e+00,-2.11722074e-08,3.35552733e-08,5.28260782e-08
0.00000000e+00,8.30640559e-07,1.84127592e-06,2.76782640e-06
0.00000000e+00,-5.15592773e-08,8.17287888e-08,1.28665102e-07
0.00000000e+00,-1.23141719e-06,-2.29855481e-06,-3.44243592e-06
0.00000000e+00,-4.69486317e-08,7.44260955e-08,1.17168279e-07
0.00000000e+00,3.46626009e-06,7.02324126e-06,1.05378419e-05
0.00000000e+00,1.16959413e-06,2.52309928e-06,3.79069008e-06
0.00000000e+00,-2.60028616e-08,4.12154691e-08,6.48853546e-08
0.00000000e+00,-1.21765376e-06,-2.20457512e-06,-3.29928350e-06
0.00000000e+00,-6.50738383e-08,1.03156118e-07,1.62397821e-07
0.00000000e+00,-1.06662657e-06,-1.93218350e-06,-2.89167045e-06
0.00000000e+00,-5.64416160e-08,8.94721006e-08,1.40855190e-07
0.00000000e+00,-1.39726609e-06,-2.62059904e-06,-3.92518515e-06
0.00000000e+00,-6.43158318e-07,-1.05429854e-06,-1.57382640e-06
0.00000000e+00,-4.90982680e-08,7.78310641e-08,1.22528809e-07
0.00000000e+00,-9.24393879e-07,-1.55872984e-06,-2.32856684e-06
0.00000000e+00,-8.23369173e-08,1.30526885e-07,2.05487182e-07
0.00000000e+00,-1.16721543e-06,-2.07403570e-06,-3.10250001e-06
0.00000000e+00,-7.37055375e-08,1.16841182e-07,1.83942023e-07
0.00000000e+00,-1.72667294e-06,-3.23403475e-06,-4.84384812e-06
0.00000000e+00,-5.59303447e-07,-8.25977576e-07,-1.22935397e-06
0.00000000e+00,-6.23403495e-08,9.88193479e-08,1.55570624e-07
0.00000000e+00,-1.93928328e-07,-3.84732135e-08,-4.62331530e-08
0.00000000e+00,-9.96010566e-08,1.57895531e-07,2.48573362e-07
0.00000000e+00,-8.20273458e-07,-1.32082624e-06,-1.97073706e-06
0.00000000e+00,-9.09696557e-08,1.44209870e-07,2.27028266e-07
0.00000000e+00,-3.08866126e-08,2.05108102e-07,3.16428758e-07
0.00000000e+00,-1.31346124e-07,9.30100326e-08,1.51199279e-07
0.00000000e+00,-7.62338937e-08,1.20842918e-07,1.90242175e-07
0.00000000e+00,-8.13737611e-07,-1.29126121e-06,-1.92584774e-06
0.00000000e+00,-9.47616403e-08,1.50221032e-07,2.36491593e-07
0.00000000e+00,-8.23634117e-07,-1.35060608e-06,-2.01616425e-06
0.00000000e+00,-8.32376251e-08,1.31952059e-07,2.07730937e-07
0.00000000e+00,-9.85289941e-07,-1.68710668e-06,-2.52134839e-06
0.00000000e+00,-4.72631662e-07,-6.07284161e-07,-8.99824179e-07
0.00000000e+00,-7.99177031e-08,1.26688648e-07,1.99444816e-07
0.00000000e+00,-8.15842575e-07,-1.21636743e-06,-1.81090864e-06
0.00000000e+00,-1.17809874e-07,1.86758574e-07,2.94012298e-07
0.00000000e+00,-8.10834196e-07,-1.24590253e-06,-1.85651050e-06
0.00000000e+00,-1.06285728e-07,1.68489862e-07,2.65252034e-07
0.00000000e+00,-8.02582274e-07,-1.25247673e-06,-1.86712988e-06
0.00000000e+00,-4.53903986e-07,-4.88959952e-07,-7.19681456e-07
0.00000000e+00,-1.00073517e-07,1.58642487e-07,2.49749376e-07
0.00000000e+00,-5.79018364e-07,-6.63615304e-07,-9.79182021e-07
0.00000000e+00,-1.40858269e-07,2.23295792e-07,3.51532517e-07
0.00000000e+00,-6.34222030e-07,-8.13574488e-07,-1.20542001e-06
0.00000000e+00,-1.29333838e-07,2.05027649e-07,3.22773106e-07
0.00000000e+00,-4.43144146e-07,-4.60966648e-07,-6.77478855e-07
0.00000000e+00,-4.03231727e-07,-3.04105829e-07,-4.39657117e-07
0.00000000e+00,-1.21267215e-07,1.92240113e-07,3.02641799e-07
0.00000000e+00,-2.35845727e-06,-4.60425223e-06,-6.90267758e-06
0.00000000e+00,-2.06436564e-06,-4.02954840e-06,-6.04106461e-06
0.00000000e+00,-2.48244171e-06,-4.90855226e-06,-7.36097802e-06
0.00000000e+00,-2.11964404e-06,-4.12438997e-06,-6.18281075e-06
0.00000000e+00,-1.92749513e-06,-3.71536905e-06,-5.56846725e-06
0.00000000e+00,-2.37535731e-06,-4.62457286e-06,-6.93271575e-06
0.00000000e+00,-2.59205696e-06,-5.11430332e-06,-7.66916183e-06
0.00000000e+00,-2.40951277e-06,-4.67493277e-06,-7.00766595e-06
0.00000000e+00,-5.59477326e-07,-9.52374566e-07,-1.42308998e-06
0.00000000e+00,-1.39555417e-06,-2.63800770e-06,-3.95198245e-06
0.00000000e+00,-6.54605959e-07,-1.22538440e-06,-1.83532302e-06
0.00000000e+00,6.35475984e-08,3.01673717e-07,4.58245181e-07
0.00000000e+00,-1.84169577e-06,-3.46087895e-06,-5.18400926e-06
0.00000000e+00,-1.73757958e-06,-3.27819943e-06,-4.91082935e-06
0.00000000e+00,-2.09211245e-06,-4.01663746e-06,-6.01945121e-06
0.00000000e+00,-1.56782858e-06,-2.90903466e-06,-4.35610782e-06
0.00000000e+00,-1.61628099e-06,-2.95894367e-06,-4.42942759e-06
0.00000000e+00,-1.79544262e-06,-3.34281978e-06,-5.00608114e-06
0.00000000e+00,-1.83123858e-06,-3.45585740e-06,-5.17699899e-06
0.00000000e+00,-1.44289612e-06,-2.60395414e-06,-3.89667329e-06
0.00000000e+00,-1.04680765e-06,-1.76889128e-06,-2.64267028e-06
0.00000000e+00,-1.30217758e-06,-2.30518399e-06,-3.44794871e-06
0.00000000e+00,-6.46288688e-07,-1.04519440e-06,-1.55966548e-06
0.00000000e+00,-5.23136273e-07,-7.07068072e-07,-1.04945980e-06
0.00000000e+00,-1.40306359e-06,-2.48035601e-06,-3.70983296e-06
0.00000000e+00,-1.40971429e-06,-2.52798784e-06,-3.78240841e-06
0.00000000e+00,-1.59982448e-06,-2.92550708e-06,-4.37925551e-06
0.00000000e+00,-1.14534122e-06,-1.95968985e-06,-2.92866221e-06
0.00000000e+00,-1.25092821e-06,-2.10742437e-06,-3.14818011e-06
0.00000000e+00,-1.34765097e-06,-2.33520033e-06,-3.49097174e-06
0.00000000e+00,-1.42718427e-06,-2.52034336e-06,-3.76954286e-06
0.00000000e+00,-1.01176505e-06,-1.61865522e-06,-2.41468335e-06
0.00000000e+00,-9.57046280e-07,-1.45099964e-06,-2.16128761e-06
0.00000000e+00,-1.13229827e-06,-1.83583405e-06,-2.73966694e-06
0.00000000e+00,-1.03522555e-06,-1.67383437e-06,-2.49772335e-06
0.00000000e+00,-8.24646992e-07,-1.16800682e-06,-1.73620074e-06
0.00000000e+00,-2.35801020e-06,-4.61038528e-06,-6.91210799e-06
0.00000000e+00,-2.31574494e-06,-4.53582060e-06,-6.80058833e-06
0.00000000e+00,-2.43635352e-06,-4.81988947e-06,-7.22809925e-06
0.00000000e+00,-2.36953371e-06,-4.62991870e-06,-6.94129270e-06
0.00000000e+00,-2.12062782e-06,-4.11568883e-06,-6.16940858e-06
0.00000000e+00,-2.28066458e-06,-4.44572818e-06,-6.66479497e-06
0.00000000e+00,-2.10157667e-06,-4.14036993e-06,-6.20849257e-06
0.00000000e+00,-2.01509425e-06,-3.89759449e-06,-5.84203624e-06
0.00000000e+00,-1.52670940e-06,-2.90792028e-06,-4.35710104e-06
0.00000000e+00,-1.83334815e-06,-3.53116364e-06,-5.29229344e-06
0.00000000e+00,-1.41304119e-06,-2.75294867e-06,-4.12702069e-06
0.00000000e+00,-1.04956500e-06,-1.94222390e-06,-2.90818175e-06
0.00000000e+00,-2.09738994e-06,-3.98554385e-06,-5.97144272e-06
0.00000000e+00,-2.08501425e-06,-3.97970704e-06,-5.96330882e-06
0.00000000e+00,-2.24760486e-06,-4.33777413e-06,-6.50148970e-06
0.00000000e+00,-2.00543966e-06,-3.79500501e-06,-5.68541640e-06
0.00000000e+00,-1.89274616e-06,-3.53842711e-06,-5.29952499e-06
0.00000000e+00,-2.03243088e-06,-3.83671114e-06,-5.74757233e-06
0.00000000e+00,-2.00959582e-06,-3.83287563e-06,-5.74319327e-06
0.00000000e+00,-1.76935744e-06,-3.27837314e-06,-4.90900791e-06
0.00000000e+00,-1.46235962e-06,-2.63982488e-06,-3.95037900e-06
0.00000000e+00,-1.69999692e-06,-3.13401407e-06,-4.69228410e-06
0.00000000e+00,-1.55112723e-06,-2.88592082e-06,-4.32177503e-06
0.00000000e+00,-1.26130821e-06,-2.21608855e-06,-3.31406389e-06
0.00000000e+00,-1.77545491e-06,-3.24205600e-06,-4.85293865e-06
0.00000000e+00,-1.79358114e-06,-3.30418022e-06,-4.94697484e-06
0.00000000e+00,-1.93694385e-06,-3.61484277e-06,-5.41375495e-06
0.00000000e+00,-1.61279564e-06,-2.90827879e-06,-4.35199498e-06
0.00000000e+00,-1.65198527e-06,-2.94337321e-06,-4.40321478e-06
0.00000000e+00,-1.72496103e-06,-3.11519648e-06,-4.66179953e-06
0.00000000e+00,-1.77771732e-06,-3.25160338e-06,-4.86742472e-06
0.00000000e+00,-1.47359506e-06,-2.56967542e-06,-3.84211239e-06
0.00000000e+00,-1.47557722e-06,-2.53881360e-06,-3.79467567e-06
0.00000000e+00,-1.55848651e-06,-2.73050393e-06,-4.08306102e-06
0.00000000e+00,-1.49966722e-06,-2.64887456e-06,-3.96179981e-06
0.00000000e+00,-1.22602549e-06,-2.01202098e-06,-3.00357721e-06
0.00000000e+00,1.21765252e-06,2.20457264e-06,3.29927977e-06
0.00000000e+00,8.13735831e-07,1.29125766e-06,1.92584238e-06
0.00000000e+00,1.06662480e-06,1.93217997e-06,2.89166513e-06
0.00000000e+00,8.23632424e-07,1.35060269e-06,2.01615916e-06
0.00000000e+00,9.85288311e-07,1.68710342e-06,2.52134349e-06
0.00000000e+00,4.72629919e-07,6.07280681e-07,8.99818939e-07
0.00000000e+00,6.43156670e-07,1.05429525e-06,1.57382144e-06
0.00000000e+00,9.24390025e-07,1.55872214e-06,2.32855525e-06
0.00000000e+00,8.15841483e-07,1.21636525e-06,1.81090535e-06
0.00000000e+00,1.16721300e-06,2.07403085e-06,3.10249270e-06
0.00000000e+00,8.10832646e-07,1.24589943e-06,1.85650583e-06
0.00000000e+00,8.02579901e-07,1.25247199e-06,1.86712274e-06
0.00000000e+00,4.53902553e-07,4.88957091e-07,7.19677140e-07
0.00000000e+00,5.59300818e-07,8.25972321e-07,1.22934606e-06
0.00000000e+00,1.93923515e-07,3.84635922e-08,4.62186861e-08
0.00000000e+00,5.79017305e-07,6.63613190e-07,9.79178821e-07
0.00000000e+00,8.20274592e-07,1.32082851e-06,1.97074043e-06
0.00000000e+00,6.34219730e-07,8.13569893e-07,1.20541309e-06
0.00000000e+00,4.43141203e-07,4.60960765e-07,6.77469999e-07
0.00000000e+00,4.03230354e-07,3.04103085e-07,4.39652972e-07
0.00000000e+00,1.31341860e-07,-9.30185556e-08,-1.51212100e-07
0.00000000e+00,1.51221400e-06,2.90729411e-06,4.35709349e-06
0.00000000e+00,1.19818308e-06,2.29494749e-06,3.43908979e-06
0.00000000e+00,1.39726321e-06,2.62059328e-06,3.92517648e-06
0.00000000e+00,9.74687117e-07,1.83143159e-06,2.74327315e-06
0.00000000e+00,3.02092316e-06,5.89328198e-06,8.83504286e-06
0.00000000e+00,2.39034009e-06,4.64783106e-06,6.96738270e-06
0.00000000e+00,1.72667404e-06,3.23403696e-06,4.84385141e-06
0.00000000e+00,1.70839281e-06,3.26660376e-06,4.89497239e-06
0.00000000e+00,-8.30644524e-07,-1.84128384e-06,-2.76783832e-06
0.00000000e+00,1.23139703e-06,2.29851448e-06,3.44237539e-06
0.00000000e+00,3.08879638e-08,-2.05105396e-07,-3.16424735e-07
0.00000000e+00,-1.16959545e-06,-2.52310191e-06,-3.79069407e-06
0.00000000e+00,2.05358471e-06,4.10716943e-06,6.16075413e-06
0.00000000e+00,1.41462850e-06,2.82925699e-06,4.24388548e-06
0.00000000e+00,2.17329864e-06,4.28803035e-06,6.43012168e-06
0.00000000e+00,9.43185371e-08,1.88637076e-07,2.82955603e-07
0.00000000e+00,2.34749579e-06,4.69499157e-06,7.04248734e-06
0.00000000e+00,2.95856964e-06,5.91713929e-06,8.87570892e-06
0.00000000e+00,1.96390489e-06,3.85352761e-06,5.77785134e-06
0.00000000e+00,5.56785350e-06,1.11357070e-05,1.67035605e-05
0.00000000e+00,-5.65108663e-06,-1.13021733e-05,-1.69532599e-05
0.00000000e+00,3.57438220e-06,7.14876440e-06,1.07231466e-05
0.00000000e+00,-3.46624807e-06,-7.02321721e-06,-1.05378059e-05
0.00000000e+00,-1.44328922e-06,-2.88657843e-06,-4.32986766e-06
0.00000000e+00,1.84169404e-06,3.46087550e-06,5.18400407e-06
0.00000000e+00,1.40306189e-06,2.48035261e-06,3.70982784e-06
0.00000000e+00,1.73757780e-06,3.27819589e-06,4.91082401e-06
0.00000000e+00,1.40971263e-06,2.52798452e-06,3.78240341e-06
0.00000000e+00,1.59982271e-06,2.92550355e-06,4.37925019e-06
0.00000000e+00,1.14533955e-06,1.95968650e-06,2.92865717e-06
0.00000000e+00,1.56782696e-06,2.90903143e-06,4.35610295e-06
0.00000000e+00,1.61627882e-06,2.95893933e-06,4.42942106e-06
0.00000000e+00,1.25092646e-06,2.10742087e-06,3.14817483e-06
0.00000000e+00,1.79544051e-06,3.34281558e-06,5.00607481e-06
0.00000000e+00,1.34764921e-06,2.33519681e-06,3.49096645e-06
0.00000000e+00,1.42718226e-06,2.52033934e-06,3.76953681e-06
0.00000000e+00,1.01176355e-06,1.61865221e-06,2.41467882e-06
0.00000000e+00,1.44289379e-06,2.60394947e-06,3.89666626e-06
0.00000000e+00,1.04680773e-06,1.76889144e-06,2.64267049e-06
0.00000000e+00,9.57044079e-07,1.45099524e-06,2.16128099e-06
0.00000000e+00,1.30217685e-06,2.30518253e-06,3.44794649e-06
0.00000000e+00,1.13229636e-06,1.83583024e-06,2.73966119e-06
0.00000000e+00,1.03522450e-06,1.67383228e-06,2.49772018e-06
0.00000000e+00,8.24645521e-07,1.16800388e-06,1.73619630e-06
0.00000000e+00,5.23132490e-07,7.07060511e-07,1.04944843e-06
0.00000000e+00,2.35845525e-06,4.60424819e-06,6.90267149e-06
0.00000000e+00,2.06436366e-06,4.02954446e-06,6.04105868e-06
0.00000000e+00,2.09211041e-06,4.01663337e-06,6.01944507e-06
0.00000000e+00,2.11964219e-06,4.12438629e-06,6.18280520e-06
0.00000000e+00,1.92749354e-06,3.71536588e-06,5.56846247e-06
0.00000000e+00,2.37535619e-06,4.62457062e-06,6.93271237e-06
0.00000000e+00,1.83123724e-06,3.45585473e-06,5.17699495e-06
0.00000000e+00,2.40950705e-06,4.67492134e-06,7.00764878e-06
0.00000000e+00,5.59475686e-07,9.52371291e-07,1.42308503e-06
0.00000000e+00,1.39554938e-06,2.63799812e-06,3.95196805e-06
0.00000000e+00,6.46283669e-07,1.04518436e-06,1.55965040e-06
0.00000000e+00,-6.35409865e-08,-3.01663047e-07,-4.58229296e-07
0.00000000e+00,2.74490450e-06,5.48980900e-06,8.23471349e-06
0.00000000e+00,2.20508158e-06,4.41016316e-06,6.61524473e-06
0.00000000e+00,2.48243967e-06,4.90854818e-06,7.36097187e-06
0.00000000e+00,2.52173751e-06,5.04347503e-06,7.56521253e-06
0.00000000e+00,2.42543916e-06,4.85087831e-06,7.27631746e-06
0.00000000e+00,2.36114264e-06,4.72228529e-06,7.08342793e-06
0.00000000e+00,2.59205553e-06,5.11430046e-06,7.66915752e-06
0.00000000e+00,2.31015643e-06,4.62031287e-06,6.93046929e-06
0.00000000e+00,1.97363414e-07,3.94726830e-07,5.92090228e-07
0.00000000e+00,1.16615525e-06,2.33231050e-06,3.49846574e-06
0.00000000e+00,6.54606664e-07,1.22538582e-06,1.83532511e-06
0.00000000e+00,-2.42526156e-06,-4.85052312e-06,-7.27578470e-06
0.00000000e+00,2.09738808e-06,3.98554014e-06,5.97143713e-06
0.00000000e+00,1.77545312e-06,3.24205242e-06,4.85293327e-06
0.00000000e+00,2.08501247e-06,3.97970349e-06,5.96330348e-06
0.00000000e+00,1.79357941e-06,3.30417675e-06,4.94696962e-06
0.00000000e+00,1.93694201e-06,3.61483911e-06,5.41374944e-06
0.00000000e+00,1.61279384e-06,2.90827519e-06,4.35198957e-06
0.00000000e+00,2.00543795e-06,3.79500160e-06,5.68541127e-06
0.00000000e+00,1.89274410e-06,3.53842301e-06,5.29951881e-06
0.00000000e+00,1.65198337e-06,2.94336941e-06,4.40320906e-06
0.00000000e+00,2.03242898e-06,3.83670735e-06,5.74756664e-06
0.00000000e+00,1.72495917e-06,3.11519278e-06,4.66179396e-06
0.00000000e+00,1.77771538e-06,3.25159950e-06,4.86741887e-06
0.00000000e+00,1.47359325e-06,2.56967181e-06,3.84210696e-06
0.00000000e+00,1.76935505e-06,3.27836836e-06,4.90900072e-06
0.00000000e+00,1.46235734e-06,2.63982033e-06,3.95037216e-06
0.00000000e+00,1.47557540e-06,2.53880995e-06,3.79467018e-06
0.00000000e+00,1.69999455e-06,3.13400932e-06,4.69227696e-06
0.00000000e+00,1.55848462e-06,2.73050016e-06,4.08305535e-06
0.00000000e+00,1.49966541e-06,2.64887096e-06,3.96179438e-06
0.00000000e+00,1.22602366e-06,2.01201734e-06,3.00357172e-06
0.00000000e+00,1.26130639e-06,2.21608492e-06,3.31405842e-06
0.00000000e+00,2.35800839e-06,4.61038166e-06,6.91210254e-06
0.00000000e+00,2.31574312e-06,4.53581697e-06,6.80058286e-06
0.00000000e+00,2.24760302e-06,4.33777047e-06,6.50148419e-06
0.00000000e+00,2.36953171e-06,4.62991470e-06,6.94128668e-06
0.00000000e+00,2.12062592e-06,4.11568502e-06,6.16940285e-06
0.00000000e+00,2.28066261e-06,4.44572425e-06,6.66478906e-06
0.00000000e+00,2.00959373e-06,3.83287146e-06,5.74318700e-06
0.00000000e+00,2.01509245e-06,3.89759089e-06,5.84203082e-06
0.00000000e+00,1.52670597e-06,2.90791342e-06,4.35709072e-06
0.00000000e+00,1.83334629e-06,3.53115992e-06,5.29228783e-06
0.00000000e+00,1.55112492e-06,2.88591621e-06,4.32176808e-06
0.00000000e+00,1.04956413e-06,1.94222217e-06,2.90817913e-06
0.00000000e+00,2.40856714e-06,4.81713429e-06,7.22570143e-06
0.00000000e+00,2.41136353e-06,4.82272705e-06,7.23409057e-06
0.00000000e+00,2.43635167e-06,4.81988577e-06,7.22809368e-06
0.00000000e+00,2.59488070e-06,5.18976140e-06,7.78464209e-06
0.00000000e+00,2.14942128e-06,4.29884256e-06,6.44826383e-06
0.00000000e+00,2.41256949e-06,4.82513898e-06,7.23770846e-06
0.00000000e+00,2.10157462e-06,4.14036583e-06,6.20848640e-06
0.00000000e+00,2.18308363e-06,4.36616726e-06,6.54925087e-06
0.00000000e+00,1.56114622e-06,3.12229244e-06,4.68343864e-06
0.00000000e+00,1.89865960e-06,3.79731919e-06,5.69597877e-06
0.00000000e+00,1.41303841e-06,2.75294312e-06,4.12701234e-06
0.00000000e+00,1.07032389e-06,2.14064779e-06,3.21097167e-06
0.00000000e+00,2.29560805e-06,4.70387841e-06,7.05951838e-06
0.00000000e+00,2.29908127e-06,4.70379768e-06,7.05916645e-06
0.00000000e+00,2.00903582e-06,4.11725452e-06,6.17913976e-06
0.00000000e+00,2.26237531e-06,4.62041991e-06,6.93377243e-06
0.00000000e+00,2.45101607e-06,4.95836331e-06,7.43939534e-06
0.00000000e+00,2.30864455e-06,4.72643783e-06,7.09324209e-06
0.00000000e+00,2.40688810e-06,4.86659378e-06,7.30162563e-06
0.00000000e+00,1.84960770e-06,3.83883659e-06,5.76284121e-06
0.00000000e+00,2.05058018e-06,4.22672718e-06,6.34421543e-06
0.00000000e+00,2.30498970e-06,4.73612116e-06,7.10832529e-06
0.00000000e+00,2.21617618e-06,4.54795333e-06,6.82572729e-06
0.00000000e+00,2.55311258e-06,5.17603577e-06,7.76634681e-06
0.00000000e+00,1.94112667e-06,4.01484735e-06,6.02662651e-06
0.00000000e+00,2.06655175e-06,4.19588691e-06,6.29589269e-06
0.00000000e+00,4.66551204e-07,1.09968249e-06,1.65499561e-06
0.00000000e+00,1.44554160e-06,3.03658172e-06,4.55965196e-06
0.00000000e+00,1.31014424e-06,2.77338912e-06,4.16511277e-06
0.00000000e+00,1.75774124e-06,3.65101515e-06,5.48097474e-06
0.00000000e+00,6.07844598e-07,1.29951671e-06,1.95202865e-06
0.00000000e+00,9.62036183e-07,2.08097846e-06,3.12662179e-06
0.00000000e+00,1.37224177e-06,2.81761725e-06,4.22882818e-06
0.00000000e+00,1.71756841e-06,3.65764942e-06,5.49378329e-06
0.00000000e+00,1.98066862e-06,4.17057327e-06,6.26273297e-06
0.00000000e+00,1.62770649e-06,3.45237270e-06,5.18502885e-06
0.00000000e+00,1.97884425e-06,4.14800995e-06,6.22826666e-06
0.00000000e+00,1.99862399e-06,4.16483543e-06,6.25275812e-06
0.00000000e+00,1.88501541e-06,3.98590513e-06,5.98594881e-06
0.00000000e+00,2.15977973e-06,4.47699504e-06,6.72066405e-06
0.00000000e+00,1.46364459e-06,3.20090748e-06,4.81034913e-06
0.00000000e+00,1.75492216e-06,3.75690952e-06,5.64347996e-06
0.00000000e+00,1.65706057e-06,3.56218659e-06,5.35142842e-06
0.00000000e+00,1.90515828e-06,4.03846718e-06,6.06519514e-06
0.00000000e+00,1.71597717e-06,3.63857410e-06,5.46464826e-06
0.00000000e+00,1.62412696e-06,3.50859568e-06,5.27144532e-06
0.00000000e+00,1.90565989e-06,3.99763580e-06,6.00257387e-06
0.00000000e+00,8.65664901e-07,2.05605382e-06,3.09474738e-06
0.00000000e+00,1.30343292e-06,2.89176020e-06,4.34699861e-06
0.00000000e+00,1.13528832e-06,2.56974781e-06,3.86444899e-06
0.00000000e+00,1.55162136e-06,3.36922251e-06,5.06257076e-06
0.00000000e+00,5.08284435e-07,1.26395185e-06,1.90405389e-06
0.00000000e+00,1.09031402e-06,2.48715592e-06,3.74080281e-06
0.00000000e+00,1.43044615e-06,3.07722595e-06,4.62294513e-06
0.00000000e+00,1.22133492e-06,2.76844102e-06,4.16336257e-06
0.00000000e+00,1.60316326e-06,3.51518035e-06,5.28291586e-06
0.00000000e+00,1.24713642e-06,2.78571357e-06,4.18814371e-06
0.00000000e+00,1.63572176e-06,3.55442557e-06,5.34093386e-06
0.00000000e+00,1.44689642e-06,3.16793472e-06,4.76090719e-06
0.00000000e+00,1.43578542e-06,3.18888334e-06,4.79374821e-06
0.00000000e+00,1.79243736e-06,3.84391964e-06,5.77438866e-06
0.00000000e+00,1.03089801e-06,2.45622807e-06,3.69729855e-06
0.00000000e+00,1.45082910e-06,3.26225552e-06,4.90522831e-06
0.00000000e+00,1.14677150e-06,2.65364462e-06,3.99229568e-06
0.00000000e+00,1.53823711e-06,3.41119979e-06,5.12779487e-06
0.00000000e+00,1.24085091e-06,2.81572700e-06,4.23456268e-06
0.00000000e+00,1.26300192e-06,2.90351853e-06,4.36767853e-06
0.00000000e+00,1.60822727e-06,3.52028580e-06,5.29040906e-06
0.00000000e+00,6.98714081e-07,1.86052109e-06,2.80599347e-06
0.00000000e+00,1.24555671e-06,2.90345426e-06,4.36872612e-06
0.00000000e+00,8.93117068e-07,2.21499662e-06,3.33657908e-06
0.00000000e+00,1.34289816e-06,3.07226541e-06,4.62109300e-06
0.00000000e+00,8.13977298e-07,2.02457133e-06,3.04988520e-06
0.00000000e+00,9.80558975e-07,2.40114794e-06,3.61617618e-06
0.00000000e+00,1.30416618e-06,2.95879223e-06,4.44970037e-06
0.00000000e+00,1.44687239e-06,3.01087868e-06,4.52016566e-06
0.00000000e+00,1.14160798e-06,2.38463462e-06,3.58028337e-06
0.00000000e+00,2.14062778e-06,4.33982250e-06,6.51165757e-06
0.00000000e+00,2.05554782e-06,4.22599375e-06,6.34276483e-06
0.00000000e+00,2.93804849e-06,6.02466132e-06,9.04187206e-06
0.00000000e+00,2.31623171e-06,4.76531254e-06,7.15233267e-06
0.00000000e+00,1.92246769e-06,3.91921756e-06,5.88126637e-06
0.00000000e+00,2.32912680e-06,4.80234637e-06,7.20825275e-06
0.00000000e+00,-9.31052030e-07,-1.68210926e-06,-2.51725137e-06
0.00000000e+00,1.13975571e-06,2.44379099e-06,3.67108279e-06
0.00000000e+00,-3.51685561e-06,-6.94299015e-06,-1.04115052e-05
0.00000000e+00,-1.60928629e-07,-1.47276180e-07,-2.15179581e-07
0.00000000e+00,1.08894156e-06,2.40861551e-06,3.62050244e-06
0.00000000e+00,9.54460798e-07,2.10999123e-06,3.17159165e-06
0.00000000e+00,1.30023684e-06,2.77440683e-06,4.16732366e-06
0.00000000e+00,1.44140866e-06,3.10943980e-06,4.67160388e-06
0.00000000e+00,7.62585025e-07,1.81522797e-06,2.73236987e-06
0.00000000e+00,1.02195507e-06,2.30430530e-06,3.46501150e-06
0.00000000e+00,1.60433426e-06,3.42797964e-06,5.14917347e-06
0.00000000e+00,1.28567418e-06,2.85318647e-06,4.28903762e-06
0.00000000e+00,-9.75517390e-10,3.47432408e-07,5.32625279e-07
0.00000000e+00,6.41922673e-07,1.60356603e-06,2.41585133e-06
0.00000000e+00,-1.17988100e-07,3.09051280e-08,5.51242965e-08
0.00000000e+00,3.33911813e-07,1.00702810e-06,1.52168445e-06
0.00000000e+00,6.26183499e-07,1.58858101e-06,2.39391559e-06
0.00000000e+00,6.58143524e-07,1.61294921e-06,2.42916868e-06
0.00000000e+00,8.27156657e-07,1.93778652e-06,2.91599140e-06
0.00000000e+00,9.60699897e-07,2.25239239e-06,3.38946115e-06
0.00000000e+00,5.84162267e-07,1.58364225e-06,2.38910588e-06
0.00000000e+00,6.01216873e-07,1.57819961e-06,2.37964271e-06
0.00000000e+00,6.05837897e-07,1.56436361e-06,2.35813063e-06
0.00000000e+00,7.85909684e-07,1.97669425e-06,2.97834086e-06
0.00000000e+00,3.03211138e-07,1.10084370e-06,1.66750648e-06
0.00000000e+00,3.80476993e-07,1.21582356e-06,1.83867706e-06
0.00000000e+00,2.05881423e-07,8.37084492e-07,1.26959785e-06
0.00000000e+00,5.56166186e-07,1.59361953e-06,2.40623880e-06
0.00000000e+00,9.08894055e-07,1.93573076e-06,2.90747035e-06
0.00000000e+00,1.62461538e-06,3.39941263e-06,5.10405216e-06
0.00000000e+00,-1.27218802e-06,-2.36046501e-06,-3.53465635e-06
0.00000000e+00,5.13728419e-07,1.25947493e-06,1.89683381e-06
0.00000000e+00,3.96061779e-07,1.08475288e-06,1.63674171e-06
0.00000000e+00,-6.70814084e-08,2.21539464e-07,3.43993427e-07
0.00000000e+00,2.84092951e-07,9.06165064e-07,1.37034966e-06
0.00000000e+00,2.20254037e-07,8.59356095e-07,1.30279261e-06
0.00000000e+00,1.22997089e-07,7.48351803e-07,1.13902933e-06
0.00000000e+00,-1.24555781e-06,-2.90345645e-06,-4.36872939e-06
0.00000000e+00,-1.30343434e-06,-2.89176304e-06,-4.34700287e-06
0.00000000e+00,-8.65663825e-07,-2.05605167e-06,-3.09474415e-06
0.00000000e+00,-6.98715442e-07,-1.86052380e-06,-2.80599754e-06
0.00000000e+00,-1.45083035e-06,-3.26225803e-06,-4.90523208e-06
0.00000000e+00,-1.75492349e-06,-3.75691218e-06,-5.64348394e-06
0.00000000e+00,-1.46364595e-06,-3.20091019e-06,-4.81035320e-06
0.00000000e+00,-1.03089902e-06,-2.45623008e-06,-3.69730156e-06
0.00000000e+00,-1.30416718e-06,-2.95879423e-06,-4.44970338e-06
0.00000000e+00,-1.09031491e-06,-2.48715768e-06,-3.74080546e-06
0.00000000e+00,-8.13977447e-07,-2.02457162e-06,-3.04988564e-06
0.00000000e+00,-9.80560021e-07,-2.40115003e-06,-3.61617931e-06
0.00000000e+00,-1.34289934e-06,-3.07226776e-06,-4.62109652e-06
0.00000000e+00,-1.55162296e-06,-3.36922569e-06,-5.06257553e-06
0.00000000e+00,-1.13528814e-06,-2.56974743e-06,-3.86444842e-06
0.00000000e+00,-8.93118266e-07,-2.21499901e-06,-3.33658266e-06
0.00000000e+00,-1.60822853e-06,-3.52028833e-06,-5.29041285e-06
0.00000000e+00,-1.62412859e-06,-3.50859893e-06,-5.27145019e-06
0.00000000e+00,-1.24085216e-06,-2.81572948e-06,-4.23456640e-06
0.00000000e+00,-1.26300300e-06,-2.90352068e-06,-4.36768175e-06
0.00000000e+00,-1.60316449e-06,-3.51518279e-06,-5.28291953e-06
0.00000000e+00,-1.98066988e-06,-4.17057579e-06,-6.26273674e-06
0.00000000e+00,-1.71756953e-06,-3.65765164e-06,-5.49378663e-06
0.00000000e+00,-1.22133605e-06,-2.76844327e-06,-4.16336595e-06
0.00000000e+00,-1.53823836e-06,-3.41120229e-06,-5.12779862e-06
0.00000000e+00,-1.90515951e-06,-4.03846964e-06,-6.06519883e-06
0.00000000e+00,-1.65706197e-06,-3.56218939e-06,-5.35143262e-06
0.00000000e+00,-1.14677260e-06,-2.65364681e-06,-3.99229896e-06
0.00000000e+00,-1.79243861e-06,-3.84392214e-06,-5.77439241e-06
0.00000000e+00,-1.88501651e-06,-3.98590732e-06,-5.98595210e-06
0.00000000e+00,-1.44689759e-06,-3.16793706e-06,-4.76091070e-06
0.00000000e+00,-1.43578666e-06,-3.18888581e-06,-4.79375191e-06
0.00000000e+00,-1.63572297e-06,-3.55442800e-06,-5.34093750e-06
0.00000000e+00,-1.97884549e-06,-4.14801242e-06,-6.22827038e-06
0.00000000e+00,-1.62770774e-06,-3.45237520e-06,-5.18503259e-06
0.00000000e+00,-1.24713757e-06,-2.78571587e-06,-4.18814715e-06
0.00000000e+00,9.71503509e-10,-3.47440430e-07,-5.32637310e-07
0.00000000e+00,-3.03211331e-07,-1.10084408e-06,-1.66750705e-06
0.00000000e+00,-7.62588202e-07,-1.81523432e-06,-2.73237940e-06
0.00000000e+00,-5.84162588e-07,-1.58364289e-06,-2.38910684e-06
0.00000000e+00,-3.33914666e-07,-1.00703380e-06,-1.52169301e-06
0.00000000e+00,-2.05883346e-07,-8.37088331e-07,-1.26960361e-06
0.00000000e+00,-5.56166725e-07,-1.59362061e-06,-2.40624040e-06
0.00000000e+00,-6.41920726e-07,-1.60356213e-06,-2.41584548e-06
0.00000000e+00,-3.80478514e-07,-1.21582659e-06,-1.83868161e-06
0.00000000e+00,-1.28567576e-06,-2.85318964e-06,-4.28904237e-06
0.00000000e+00,-6.05839443e-07,-1.56436670e-06,-2.35813526e-06
0.00000000e+00,-7.85910462e-07,-1.97669580e-06,-2.97834318e-06
0.00000000e+00,-1.08894221e-06,-2.40861681e-06,-3.62050440e-06
0.00000000e+00,-6.26184677e-07,-1.58858336e-06,-2.39391912e-06
0.00000000e+00,-1.02195683e-06,-2.30430881e-06,-3.46501676e-06
0.00000000e+00,-6.01217736e-07,-1.57820133e-06,-2.37964529e-06
0.00000000e+00,-1.44140968e-06,-3.10944184e-06,-4.67160694e-06
0.00000000e+00,-8.27157705e-07,-1.93778861e-06,-2.91599454e-06
0.00000000e+00,-9.60700981e-07,-2.25239455e-06,-3.38946439e-06
0.00000000e+00,-9.54462075e-07,-2.10999378e-06,-3.17159547e-06
0.00000000e+00,-6.58144705e-07,-1.61295156e-06,-2.42917221e-06
0.00000000e+00,9.96019933e-08,-1.57893652e-07,-2.48570543e-07
0.00000000e+00,1.40856784e-07,-2.23298757e-07,-3.51536962e-07
0.00000000e+00,8.23375251e-08,-1.30525664e-07,-2.05485350e-07
0.00000000e+00,1.17808776e-07,-1.86760765e-07,-2.94015583e-07
0.00000000e+00,6.70785668e-08,-2.21545142e-07,-3.44001942e-07
0.00000000e+00,1.21266754e-07,-1.92241031e-07,-3.02643174e-07
0.00000000e+00,-1.22997572e-07,-7.48352764e-07,-1.13903077e-06
0.00000000e+00,9.09691648e-08,-1.44210847e-07,-2.27029729e-07
0.00000000e+00,1.29332995e-07,-2.05029332e-07,-3.22775629e-07
0.00000000e+00,-3.96063386e-07,-1.08475609e-06,-1.63674652e-06
0.00000000e+00,1.00073035e-07,-1.58643446e-07,-2.49750814e-07
0.00000000e+00,-2.20254671e-07,-8.59357356e-07,-1.30279451e-06
0.00000000e+00,6.50720916e-08,-1.03159607e-07,-1.62403052e-07
0.00000000e+00,9.47606057e-08,-1.50223096e-07,-2.36494688e-07
0.00000000e+00,7.37046550e-08,-1.16842942e-07,-1.83944661e-07
0.00000000e+00,1.06284714e-07,-1.68491885e-07,-2.65255067e-07
0.00000000e+00,-5.13729588e-07,-1.25947727e-06,-1.89683731e-06
0.00000000e+00,7.99163849e-08,-1.26691279e-07,-1.99448761e-07
0.00000000e+00,-2.84094071e-07,-9.06167299e-07,-1.37035301e-06
0.00000000e+00,5.64400559e-08,-8.94752156e-08,-1.40859861e-07
0.00000000e+00,8.32364332e-08,-1.31954437e-07,-2.07734503e-07
0.00000000e+00,-1.44554409e-06,-3.03658669e-06,-4.55965941e-06
0.00000000e+00,-4.66551765e-07,-1.09968361e-06,-1.65499729e-06
0.00000000e+00,-2.05058129e-06,-4.22672939e-06,-6.34421874e-06
0.00000000e+00,-1.84960842e-06,-3.83883804e-06,-5.76284337e-06
0.00000000e+00,-1.43044757e-06,-3.07722877e-06,-4.62294936e-06
0.00000000e+00,-9.62036026e-07,-2.08097814e-06,-3.12662131e-06
0.00000000e+00,-5.08288401e-07,-1.26395977e-06,-1.90406578e-06
0.00000000e+00,-1.75774223e-06,-3.65101712e-06,-5.48097770e-06
0.00000000e+00,-1.31014806e-06,-2.77339675e-06,-4.16512422e-06
0.00000000e+00,-1.90566122e-06,-3.99763844e-06,-6.00257783e-06
0.00000000e+00,-1.94112763e-06,-4.01484926e-06,-6.02662938e-06
0.00000000e+00,-1.71597771e-06,-3.63857517e-06,-5.46464987e-06
0.00000000e+00,-2.29908243e-06,-4.70379999e-06,-7.05916992e-06
0.00000000e+00,-2.29560942e-06,-4.70388115e-06,-7.05952249e-06
0.00000000e+00,-2.21617742e-06,-4.54795582e-06,-6.82573102e-06
0.00000000e+00,-2.30499004e-06,-4.73612183e-06,-7.10832629e-06
0.00000000e+00,-2.15978094e-06,-4.47699746e-06,-6.72066769e-06
0.00000000e+00,-2.30864590e-06,-4.72644051e-06,-7.09324612e-06
0.00000000e+00,-1.99862541e-06,-4.16483826e-06,-6.25276236e-06
0.00000000e+00,-2.26237656e-06,-4.62042239e-06,-6.93377616e-06
0.00000000e+00,-2.00903721e-06,-4.11725728e-06,-6.17914391e-06
0.00000000e+00,9.31049425e-07,1.68210406e-06,2.51724357e-06
0.00000000e+00,-2.93805262e-06,-6.02466957e-06,-9.04188444e-06
0.00000000e+00,1.60935009e-07,1.47291504e-07,2.15202651e-07
0.00000000e+00,1.17990617e-07,-3.09000873e-08,-5.51167344e-08
0.00000000e+00,-1.13977493e-06,-2.44382943e-06,-3.67114045e-06
0.00000000e+00,-2.32913166e-06,-4.80235608e-06,-7.20826732e-06
0.00000000e+00,-1.60433233e-06,-3.42797579e-06,-5.14916769e-06
0.00000000e+00,-1.44687420e-06,-3.01088229e-06,-4.52017108e-06
0.00000000e+00,-2.31623531e-06,-4.76531973e-06,-7.15234346e-06
0.00000000e+00,-2.05554896e-06,-4.22599602e-06,-6.34276823e-06
0.00000000e+00,-1.30023919e-06,-2.77441151e-06,-4.16733067e-06
0.00000000e+00,-1.14160941e-06,-2.38463747e-06,-3.58028763e-06
0.00000000e+00,5.15568019e-08,-8.17337347e-08,-1.28672519e-07
0.00000000e+00,4.23377578e-08,-6.71238536e-08,-1.05672129e-07
0.00000000e+00,1.27218771e-06,2.36046440e-06,3.53465544e-06
0.00000000e+00,7.62300164e-08,-1.20850667e-07,-1.90253797e-07
0.00000000e+00,4.69492272e-08,-7.44248997e-08,-1.17166484e-07
0.00000000e+00,-1.62461891e-06,-3.39941968e-06,-5.10406274e-06
0.00000000e+00,6.23369559e-08,-9.88261300e-08,-1.55580796e-07
0.00000000e+00,3.31210997e-08,-5.25092008e-08,-8.26645812e-08
0.00000000e+00,3.77299765e-08,-5.98154316e-08,-9.41667117e-08
0.00000000e+00,-9.08896235e-07,-1.93573511e-06,-2.90747688e-06
0.00000000e+00,4.90969324e-08,-7.78337302e-08,-1.22532807e-07
0.00000000e+00,2.85124767e-08,-4.52024622e-08,-7.11616891e-08
0.00000000e+00,-1.56114732e-06,-3.12229464e-06,-4.68344194e-06
0.00000000e+00,-1.97364943e-07,-3.94729882e-07,-5.92094804e-07
0.00000000e+00,-2.14942275e-06,-4.29884549e-06,-6.44826823e-06
0.00000000e+00,-2.42543991e-06,-4.85087982e-06,-7.27631971e-06
0.00000000e+00,-1.37224356e-06,-2.81762082e-06,-4.22883354e-06
0.00000000e+00,-1.07032573e-06,-2.14065145e-06,-3.21097715e-06
0.00000000e+00,-6.07842741e-07,-1.29951299e-06,-1.95202307e-06
0.00000000e+00,-1.89866080e-06,-3.79732160e-06,-5.69598238e-06
0.00000000e+00,-1.16615796e-06,-2.33231592e-06,-3.49847386e-06
0.00000000e+00,-2.06655297e-06,-4.19588936e-06,-6.29589636e-06
0.00000000e+00,-2.18308483e-06,-4.36616966e-06,-6.54925447e-06
0.00000000e+00,-2.55311311e-06,-5.17603682e-06,-7.76634837e-06
0.00000000e+00,-2.40856833e-06,-4.81713666e-06,-7.22570498e-06
0.00000000e+00,-2.74490572e-06,-5.48981143e-06,-8.23471713e-06
0.00000000e+00,-2.41257060e-06,-4.82514119e-06,-7.23771177e-06
0.00000000e+00,-2.36114409e-06,-4.72228817e-06,-7.08343224e-06
0.00000000e+00,-2.40688928e-06,-4.86659613e-06,-7.30162915e-06
0.00000000e+00,-2.59488187e-06,-5.18976375e-06,-7.78464561e-06
0.00000000e+00,-2.45101738e-06,-4.95836592e-06,-7.43939925e-06
0.00000000e+00,-2.41136473e-06,-4.82272946e-06,-7.23409418e-06
0.00000000e+00,-2.20508274e-06,-4.41016547e-06,-6.61524820e-06
0.00000000e+00,5.65108085e-06,1.13021617e-05,1.69532426e-05
0.00000000e+00,-2.34749449e-06,-4.69498897e-06,-7.04248344e-06
0.00000000e+00,2.42526216e-06,4.85052431e-06,7.27578649e-06
0.00000000e+00,3.51686880e-06,6.94301654e-06,1.04115448e-05
0.00000000e+00,-3.57438201e-06,-7.14876401e-06,-1.07231460e-05
0.00000000e+00,-2.31015590e-06,-4.62031179e-06,-6.93046767e-06
0.00000000e+00,-1.92247147e-06,-3.91922511e-06,-5.88127770e-06
0.00000000e+00,-2.05358638e-06,-4.10717276e-06,-6.16075913e-06
0.00000000e+00,-2.95857008e-06,-5.91714016e-06,-8.87571023e-06
0.00000000e+00,-2.52173880e-06,-5.04347759e-06,-7.56521637e-06
0.00000000e+00,-2.14062930e-06,-4.33982554e-06,-6.51166213e-06
0.00000000e+00,-1.41462998e-06,-2.82925996e-06,-4.24388992e-06
0.00000000e+00,0.00000000e+00,0.00000000e+00,0.00000000e+00
0.00000000e+00,-1.01597242e-13,-1.99889066e-13,-2.82445211e-13
0.00000000e+00,1.44328504e-06,2.88657007e-06,4.32985512e-06
0.00000000e+00,2.60006465e-08,-4.12198956e-08,-6.48919934e-08
0.00000000e+00,-3.54227170e-14,-6.83523577e-14,-8.85500565e-14
0.00000000e+00,-5.56785368e-06,-1.11357074e-05,-1.67035610e-05
0.00000000e+00,2.11679155e-08,-3.35638522e-08,-5.28389453e-08
0.00000000e+00,-2.33968919e-13,-4.64859250e-13,-6.84683796e-13
0.00000000e+00,-1.68216740e-13,-3.33173975e-13,-4.84495636e-13
0.00000000e+00,-9.43202741e-08,-1.88640545e-07,-2.82960805e-07
0.00000000e+00,1.65603608e-08,-2.62549769e-08,-4.13328489e-08
0.00000000e+00,-3.07360080e-13,-6.11653056e-13,-9.06760803e-13
0.00000000e+00,-1.52670697e-06,-2.90791541e-06,-4.35709371e-06
0.00000000e+00,-5.59476688e-07,-9.52373289e-07,-1.42308803e-06
0.00000000e+00,-2.12062714e-06,-4.11568746e-06,-6.16940650e-06
0.00000000e+00,-1.92749478e-06,-3.71536835e-06,-5.56846618e-06
0.00000000e+00,-1.41304001e-06,-2.75294632e-06,-4.12701714e-06
0.00000000e+00,-1.04956534e-06,-1.94222458e-06,-2.90818274e-06
0.00000000e+00,-6.54606853e-07,-1.22538619e-06,-1.83532567e-06
0.00000000e+00,-1.83334745e-06,-3.53116223e-06,-5.29229130e-06
0.00000000e+00,-1.39555033e-06,-2.63800001e-06,-3.95197088e-06
0.00000000e+00,-2.10157603e-06,-4.14036865e-06,-6.20849063e-06
0.00000000e+00,-2.01509379e-06,-3.89759357e-06,-5.84203485e-06
0.00000000e+00,-2.59205651e-06,-5.11430242e-06,-7.66916045e-06
0.00000000e+00,-2.35800961e-06,-4.61038409e-06,-6.91210618e-06
0.00000000e+00,-2.35845628e-06,-4.60425023e-06,-6.90267456e-06
0.00000000e+00,-2.28066386e-06,-4.44572675e-06,-6.66479280e-06
0.00000000e+00,-2.37535726e-06,-4.62457275e-06,-6.93271556e-06
0.00000000e+00,-2.43635286e-06,-4.81988816e-06,-7.22809726e-06
0.00000000e+00,-2.36953287e-06,-4.62991701e-06,-6.94129015e-06
0.00000000e+00,-2.48244078e-06,-4.90855040e-06,-7.36097520e-06
0.00000000e+00,-2.31574429e-06,-4.53581930e-06,-6.80058637e-06
0.00000000e+00,-2.06436479e-06,-4.02954671e-06,-6.04106205e-06
0.00000000e+00,8.30643431e-07,1.84128166e-06,2.76783505e-06
0.00000000e+00,-3.02092367e-06,-5.89328299e-06,-8.83504437e-06
0.00000000e+00,6.35391711e-08,3.01659421e-07,4.58223860e-07
0.00000000e+00,3.46624537e-06,7.02321182e-06,1.05377978e-05
0.00000000e+00,-1.23139813e-06,-2.29851668e-06,-3.44237868e-06
0.00000000e+00,-2.40950796e-06,-4.67492315e-06,-7.00765149e-06
0.00000000e+00,-1.96390554e-06,-3.85352890e-06,-5.77785328e-06
0.00000000e+00,-1.51221514e-06,-2.90729640e-06,-4.35709692e-06
0.00000000e+00,-2.39034053e-06,-4.64783195e-06,-6.96738403e-06
0.00000000e+00,-2.11964327e-06,-4.12438844e-06,-6.18280843e-06
0.00000000e+00,-2.17329962e-06,-4.28803230e-06,-6.43012460e-06
0.00000000e+00,-1.19818422e-06,-2.29494979e-06,-3.43909323e-06
0.00000000e+00,-5.15567675e-08,8.17338093e-08,1.28672673e-07
0.00000000e+00,-4.23379790e-08,6.71234172e-08,1.05671508e-07
0.00000000e+00,1.16959477e-06,2.52310057e-06,3.79069205e-06
0.00000000e+00,-2.60006158e-08,4.12199617e-08,6.48921253e-08
0.00000000e+00,-4.69493175e-08,7.44247245e-08,1.17166256e-07
0.00000000e+00,-1.70839307e-06,-3.26660428e-06,-4.89497316e-06
0.00000000e+00,-2.11681247e-08,3.35634396e-08,5.28383580e-08
0.00000000e+00,-3.31215860e-08,5.25082340e-08,8.26631566e-08
0.00000000e+00,-3.77303285e-08,5.98147338e-08,9.41656947e-08
0.00000000e+00,-9.74687900e-07,-1.83143315e-06,-2.74327549e-06
0.00000000e+00,-1.65608392e-08,2.62540263e-08,4.13314488e-08
0.00000000e+00,-2.85130983e-08,4.52012251e-08,7.11598548e-08
0.00000000e+00,-1.46235867e-06,-2.63982298e-06,-3.95037613e-06
0.00000000e+00,-1.04680888e-06,-1.76889373e-06,-2.64267392e-06
0.00000000e+00,-1.89274532e-06,-3.53842543e-06,-5.29952244e-06
0.00000000e+00,-1.61627996e-06,-2.95894161e-06,-4.42942448e-06
0.00000000e+00,-1.55112608e-06,-2.88591852e-06,-4.32177155e-06
0.00000000e+00,-1.26130752e-06,-2.21608718e-06,-3.31406180e-06
0.00000000e+00,-6.46284907e-07,-1.04518683e-06,-1.55965410e-06
0.00000000e+00,-1.69999581e-06,-3.13401183e-06,-4.69228072e-06
0.00000000e+00,-1.30217805e-06,-2.30518493e-06,-3.44795009e-06
0.00000000e+00,-2.00959496e-06,-3.83287390e-06,-5.74319066e-06
0.00000000e+00,-1.76935621e-06,-3.27837067e-06,-4.90900419e-06
0.00000000e+00,-1.83123833e-06,-3.45585691e-06,-5.17699822e-06
0.00000000e+00,-2.09738927e-06,-3.98554250e-06,-5.97144067e-06
0.00000000e+00,-1.84169516e-06,-3.46087773e-06,-5.18400741e-06
0.00000000e+00,-2.03243018e-06,-3.83670974e-06,-5.74757022e-06
0.00000000e+00,-1.79544163e-06,-3.34281781e-06,-5.00607814e-06
0.00000000e+00,-2.24760422e-06,-4.33777286e-06,-6.50148777e-06
0.00000000e+00,-2.00543910e-06,-3.79500389e-06,-5.68541471e-06
0.00000000e+00,-2.09211150e-06,-4.01663554e-06,-6.01944831e-06
0.00000000e+00,-2.08501365e-06,-3.97970584e-06,-5.96330700e-06
0.00000000e+00,-1.73757892e-06,-3.27819812e-06,-4.91082736e-06
0.00000000e+00,-1.93924557e-07,-3.84656716e-08,-4.62218034e-08
0.00000000e+00,-9.24391023e-07,-1.55872413e-06,-2.32855824e-06
0.00000000e+00,-5.23133448e-07,-7.07062422e-07,-1.04945129e-06
0.00000000e+00,-3.08890121e-08,2.05103305e-07,3.16421600e-07
0.00000000e+00,-8.20275581e-07,-1.32083048e-06,-1.97074339e-06
0.00000000e+00,-1.44289484e-06,-2.60395157e-06,-3.89666941e-06
0.00000000e+00,-1.72667502e-06,-3.23403890e-06,-4.84385432e-06
0.00000000e+00,-1.21765353e-06,-2.20457467e-06,-3.29928280e-06
0.00000000e+00,-1.16721406e-06,-2.07403296e-06,-3.10249587e-06
0.00000000e+00,-1.56782803e-06,-2.90903357e-06,-4.35610616e-06
0.00000000e+00,-1.39726415e-06,-2.62059517e-06,-3.92517931e-06
0.00000000e+00,-1.06662586e-06,-1.93218209e-06,-2.89166832e-06
0.00000000e+00,-9.96020801e-08,1.57893485e-07,2.48570330e-07
0.00000000e+00,-8.23378309e-08,1.30525058e-07,2.05484473e-07
0.00000000e+00,-1.31343493e-07,9.30152964e-08,1.51207212e-07
0.00000000e+00,-7.62300315e-08,1.20850642e-07,1.90253802e-07
0.00000000e+00,-9.09693623e-08,1.44210458e-07,2.27029181e-07
0.00000000e+00,-5.59302157e-07,-8.25974994e-07,-1.22935007e-06
0.00000000e+00,-6.23372215e-08,9.88256048e-08,1.55580041e-07
0.00000000e+00,-6.50726201e-08,1.03158556e-07,1.62401500e-07
0.00000000e+00,-7.37050718e-08,1.16842114e-07,1.83943448e-07
0.00000000e+00,-6.43157633e-07,-1.05429717e-06,-1.57382432e-06
0.00000000e+00,-4.90974397e-08,7.78327215e-08,1.22531319e-07
0.00000000e+00,-5.64406957e-08,8.94739420e-08,1.40857971e-07
0.00000000e+00,-1.47557652e-06,-2.53881221e-06,-3.79467356e-06
0.00000000e+00,-9.57045259e-07,-1.45099759e-06,-2.16128452e-06
0.00000000e+00,-1.65198455e-06,-2.94337176e-06,-4.40321259e-06
0.00000000e+00,-1.25092767e-06,-2.10742328e-06,-3.14817845e-06
0.00000000e+00,-1.49966661e-06,-2.64887334e-06,-3.96179796e-06
0.00000000e+00,-1.22602484e-06,-2.01201970e-06,-3.00357525e-06
0.00000000e+00,-1.03522563e-06,-1.67383452e-06,-2.49772355e-06
0.00000000e+00,-1.55848580e-06,-2.73050252e-06,-4.08305888e-06
0.00000000e+00,-1.13229748e-06,-1.83583246e-06,-2.73966452e-06
0.00000000e+00,-1.77771658e-06,-3.25160189e-06,-4.86742245e-06
0.00000000e+00,-1.47359447e-06,-2.56967424e-06,-3.84211060e-06
0.00000000e+00,-1.42718343e-06,-2.52034167e-06,-3.76954031e-06
0.00000000e+00,-1.77545430e-06,-3.24205479e-06,-4.85293682e-06
0.00000000e+00,-1.40306304e-06,-2.48035491e-06,-3.70983129e-06
0.00000000e+00,-1.72496036e-06,-3.11519514e-06,-4.66179750e-06
0.00000000e+00,-1.34765040e-06,-2.33519918e-06,-3.49097000e-06
0.00000000e+00,-1.93694320e-06,-3.61484147e-06,-5.41375298e-06
0.00000000e+00,-1.61279500e-06,-2.90827751e-06,-4.35199305e-06
0.00000000e+00,-1.59982385e-06,-2.92550582e-06,-4.37925360e-06
0.00000000e+00,-1.79358059e-06,-3.30417911e-06,-4.94697315e-06
0.00000000e+00,-1.40971378e-06,-2.52798682e-06,-3.78240686e-06
0.00000000e+00,-5.79018450e-07,-6.63615474e-07,-9.79182245e-07
0.00000000e+00,-8.15842673e-07,-1.21636763e-06,-1.81090891e-06
0.00000000e+00,-8.24646780e-07,-1.16800640e-06,-1.73620007e-06
0.00000000e+00,-4.43142470e-07,-4.60963293e-07,-6.77473788e-07
0.00000000e+00,-6.34220883e-07,-8.13572194e-07,-1.20541654e-06
0.00000000e+00,-1.01176472e-06,-1.61865455e-06,-2.41468232e-06
0.00000000e+00,-8.02581094e-07,-1.25247437e-06,-1.86712631e-06
0.00000000e+00,-8.13737009e-07,-1.29126001e-06,-1.92584591e-06
0.00000000e+00,-8.10833827e-07,-1.24590179e-06,-1.85650937e-06
0.00000000e+00,-1.14534071e-06,-1.95968882e-06,-2.92866064e-06
0.00000000e+00,-9.85289416e-07,-1.68710563e-06,-2.52134679e-06
0.00000000e+00,-8.23633581e-07,-1.35060500e-06,-2.01616262e-06
0.00000000e+00,-1.40857073e-07,2.23298186e-07,3.51536139e-07
0.00000000e+00,-1.17809214e-07,1.86759894e-07,2.94014305e-07
0.00000000e+00,-4.03231510e-07,-3.04105393e-07,-4.39656432e-07
0.00000000e+00,-1.21266933e-07,1.92240678e-07,3.02642680e-07
0.00000000e+00,-1.29333358e-07,2.05028612e-07,3.22774580e-07
0.00000000e+00,-4.53903783e-07,-4.88959546e-07,-7.19680820e-07
0.00000000e+00,-1.00073408e-07,1.58642706e-07,2.49749733e-07
0.00000000e+00,-9.47611969e-08,1.50221920e-07,2.36492946e-07
0.00000000e+00,-1.06285228e-07,1.68490863e-07,2.65253559e-07
0.00000000e+00,-4.72631121e-07,-6.07283080e-07,-8.99822536e-07
0.00000000e+00,-7.99169453e-08,1.26690164e-07,1.99447113e-07
0.00000000e+00,-8.32371019e-08,1.31953106e-07,2.07732526e-07
0.00000000e+00,-8.30643426e-07,-1.84128165e-06,-2.76783499e-06
0.00000000e+00,-5.65108077e-06,-1.13021615e-05,-1.69532423e-05
0.00000000e+00,3.02092341e-06,5.89328249e-06,8.83504365e-06
0.00000000e+00,2.34749425e-06,4.69498850e-06,7.04248277e-06
0.00000000e+00,-1.16959474e-06,-2.52310051e-06,-3.79069192e-06
0.00000000e+00,-1.44328496e-06,-2.88656991e-06,-4.32985485e-06
0.00000000e+00,-3.46624532e-06,-7.02321171e-06,-1.05377976e-05
0.00000000e+00,1.23139800e-06,2.29851643e-06,3.44237834e-06
0.00000000e+00,3.57438188e-06,7.14876377e-06,1.07231457e-05
0.00000000e+00,1.70839282e-06,3.26660379e-06,4.89497247e-06
0.00000000e+00,5.56785348e-06,1.11357070e-05,1.67035605e-05
0.00000000e+00,1.96390529e-06,3.85352840e-06,5.77785257e-06
0.00000000e+00,1.51221464e-06,2.90729540e-06,4.35709545e-06
0.00000000e+00,2.05358590e-06,4.10717180e-06,6.16075771e-06
0.00000000e+00,2.39034016e-06,4.64783120e-06,6.96738293e-06
0.00000000e+00,2.95856973e-06,5.91713946e-06,8.87570920e-06
0.00000000e+00,9.74687407e-07,1.83143217e-06,2.74327404e-06
0.00000000e+00,9.43197972e-08,1.88639598e-07,2.82959409e-07
0.00000000e+00,2.17329913e-06,4.28803131e-06,6.43012315e-06
0.00000000e+00,1.19818360e-06,2.29494853e-06,3.43909137e-06
0.00000000e+00,1.41462936e-06,2.82925872e-06,4.24388809e-06
0.00000000e+00,5.59476567e-07,9.52373053e-07,1.42308771e-06
0.00000000e+00,1.97364848e-07,3.94729699e-07,5.92094567e-07
0.00000000e+00,1.92749444e-06,3.71536768e-06,5.56846521e-06
0.00000000e+00,2.42543960e-06,4.85087920e-06,7.27631881e-06
0.00000000e+00,-6.35392230e-08,-3.01659518e-07,-4.58223966e-07
0.00000000e+00,-2.42526213e-06,-4.85052425e-06,-7.27578635e-06
0.00000000e+00,6.54606765e-07,1.22538602e-06,1.83532545e-06
0.00000000e+00,1.39555009e-06,2.63799955e-06,3.95197023e-06
0.00000000e+00,1.16615775e-06,2.33231551e-06,3.49847329e-06
0.00000000e+00,2.40950767e-06,4.67492256e-06,7.00765064e-06
0.00000000e+00,2.31015562e-06,4.62031124e-06,6.93046687e-06
0.00000000e+00,2.59205619e-06,5.11430177e-06,7.66915951e-06
0.00000000e+00,2.35845573e-06,4.60424915e-06,6.90267296e-06
0.00000000e+00,2.74490518e-06,5.48981037e-06,8.23471556e-06
0.00000000e+00,2.37535682e-06,4.62457187e-06,6.93271427e-06
0.00000000e+00,2.36114366e-06,4.72228733e-06,7.08343100e-06
0.00000000e+00,2.11964275e-06,4.12438740e-06,6.18280690e-06
0.00000000e+00,2.52173828e-06,5.04347657e-06,7.56521487e-06
0.00000000e+00,2.48244024e-06,4.90854933e-06,7.36097361e-06
0.00000000e+00,2.06436414e-06,4.02954541e-06,6.04106013e-06
0.00000000e+00,2.20508209e-06,4.41016419e-06,6.61524629e-06
0.00000000e+00,1.52670665e-06,2.90791478e-06,4.35709279e-06
0.00000000e+00,1.56114702e-06,3.12229405e-06,4.68344109e-06
0.00000000e+00,2.12062668e-06,4.11568654e-06,6.16940515e-06
0.00000000e+00,2.14942230e-06,4.29884460e-06,6.44826691e-06
0.00000000e+00,1.04956512e-06,1.94222416e-06,2.90818214e-06
0.00000000e+00,1.07032554e-06,2.14065108e-06,3.21097663e-06
0.00000000e+00,1.41303970e-06,2.75294571e-06,4.12701626e-06
0.00000000e+00,1.83334706e-06,3.53116146e-06,5.29229017e-06
0.00000000e+00,1.89866043e-06,3.79732086e-06,5.69598130e-06
0.00000000e+00,2.01509339e-06,3.89759278e-06,5.84203369e-06
0.00000000e+00,2.18308445e-06,4.36616890e-06,6.54925337e-06
0.00000000e+00,2.10157558e-06,4.14036774e-06,6.20848930e-06
0.00000000e+00,2.35800900e-06,4.61038288e-06,6.91210438e-06
0.00000000e+00,2.40856773e-06,4.81713546e-06,7.22570320e-06
0.00000000e+00,2.28066332e-06,4.44572568e-06,6.66479122e-06
0.00000000e+00,2.41257007e-06,4.82514014e-06,7.23771022e-06
0.00000000e+00,2.36953229e-06,4.62991587e-06,6.94128845e-06
0.00000000e+00,2.59488131e-06,5.18976262e-06,7.78464394e-06
0.00000000e+00,2.43635226e-06,4.81988696e-06,7.22809547e-06
0.00000000e+00,2.31574361e-06,4.53581795e-06,6.80058435e-06
0.00000000e+00,2.41136405e-06,4.82272811e-06,7.23409217e-06
0.00000000e+00,1.93924434e-07,3.84654307e-08,4.62214806e-08
0.00000000e+00,9.24390689e-07,1.55872347e-06,2.32855728e-06
0.00000000e+00,1.31343394e-07,-9.30154875e-08,-1.51207460e-07
0.00000000e+00,3.08889669e-08,-2.05103389e-07,-3.16421686e-07
0.00000000e+00,8.20275353e-07,1.32083003e-06,1.97074275e-06
0.00000000e+00,5.59301837e-07,8.25974361e-07,1.22934915e-06
0.00000000e+00,1.72667472e-06,3.23403832e-06,4.84385348e-06
0.00000000e+00,1.21765299e-06,2.20457360e-06,3.29928122e-06
0.00000000e+00,1.16721362e-06,2.07403210e-06,3.10249459e-06
0.00000000e+00,6.43157099e-07,1.05429611e-06,1.57382275e-06
0.00000000e+00,1.39726363e-06,2.62059413e-06,3.92517778e-06
0.00000000e+00,1.06662522e-06,1.93218081e-06,2.89166640e-06
0.00000000e+00,1.04680866e-06,1.76889330e-06,2.64267330e-06
0.00000000e+00,1.61627956e-06,2.95894082e-06,4.42942332e-06
0.00000000e+00,5.23133283e-07,7.07062097e-07,1.04945084e-06
0.00000000e+00,6.46284741e-07,1.04518651e-06,1.55965365e-06
0.00000000e+00,1.30217774e-06,2.30518432e-06,3.44794920e-06
0.00000000e+00,1.44289448e-06,2.60395085e-06,3.89666835e-06
0.00000000e+00,1.83123797e-06,3.45585618e-06,5.17699716e-06
0.00000000e+00,1.84169459e-06,3.46087659e-06,5.18400572e-06
0.00000000e+00,1.79544114e-06,3.34281684e-06,5.00607672e-06
0.00000000e+00,1.56782747e-06,2.90903246e-06,4.35610451e-06
0.00000000e+00,2.09211094e-06,4.01663442e-06,6.01944667e-06
0.00000000e+00,1.73757826e-06,3.27819680e-06,4.91082539e-06
0.00000000e+00,1.46235829e-06,2.63982223e-06,3.95037503e-06
0.00000000e+00,1.89274481e-06,3.53842443e-06,5.29952097e-06
0.00000000e+00,1.26130723e-06,2.21608660e-06,3.31406097e-06
0.00000000e+00,1.55112574e-06,2.88591783e-06,4.32177055e-06
0.00000000e+00,1.69999537e-06,3.13401096e-06,4.69227944e-06
0.00000000e+00,1.76935576e-06,3.27836978e-06,4.90900287e-06
0.00000000e+00,2.00959447e-06,3.83287294e-06,5.74318924e-06
0.00000000e+00,2.09738864e-06,3.98554125e-06,5.97143882e-06
0.00000000e+00,2.03242962e-06,3.83670862e-06,5.74756856e-06
0.00000000e+00,2.00543850e-06,3.79500270e-06,5.68541293e-06
0.00000000e+00,2.24760360e-06,4.33777162e-06,6.50148594e-06
0.00000000e+00,2.08501296e-06,3.97970446e-06,5.96330495e-06
0.00000000e+00,5.79018135e-07,6.63614850e-07,9.79181342e-07
0.00000000e+00,8.15842217e-07,1.21636672e-06,1.81090758e-06
0.00000000e+00,4.03231218e-07,3.04104816e-07,4.39655599e-07
0.00000000e+00,4.43142257e-07,4.60962874e-07,6.77473196e-07
0.00000000e+00,6.34220499e-07,8.13571432e-07,1.20541543e-06
0.00000000e+00,4.53903334e-07,4.88958654e-07,7.19679511e-07
0.00000000e+00,8.02580699e-07,1.25247359e-06,1.86712517e-06
0.00000000e+00,8.13736407e-07,1.29125881e-06,1.92584413e-06
0.00000000e+00,8.10833299e-07,1.24590074e-06,1.85650782e-06
0.00000000e+00,4.72630525e-07,6.07281893e-07,8.99820778e-07
0.00000000e+00,9.85288844e-07,1.68710449e-06,2.52134511e-06
0.00000000e+00,8.23632905e-07,1.35060366e-06,2.01616062e-06
0.00000000e+00,9.57044888e-07,1.45099686e-06,2.16128344e-06
0.00000000e+00,1.25092717e-06,2.10742230e-06,3.14817700e-06
0.00000000e+00,8.24646444e-07,1.16800573e-06,1.73619911e-06
0.00000000e+00,1.03522534e-06,1.67383395e-06,2.49772272e-06
0.00000000e+00,1.13229704e-06,1.83583160e-06,2.73966325e-06
0.00000000e+00,1.01176424e-06,1.61865360e-06,2.41468092e-06
0.00000000e+00,1.42718298e-06,2.52034079e-06,3.76953900e-06
0.00000000e+00,1.40306242e-06,2.48035367e-06,3.70982945e-06
0.00000000e+00,1.34764984e-06,2.33519807e-06,3.49096835e-06
0.00000000e+00,1.14534010e-06,1.95968760e-06,2.92865884e-06
0.00000000e+00,1.59982325e-06,2.92550463e-06,4.37925184e-06
0.00000000e+00,1.40971309e-06,2.52798545e-06,3.78240483e-06
0.00000000e+00,1.47557606e-06,2.53881128e-06,3.79467220e-06
0.00000000e+00,1.65198398e-06,2.94337064e-06,4.40321094e-06
0.00000000e+00,1.22602443e-06,2.01201887e-06,3.00357404e-06
0.00000000e+00,1.49966619e-06,2.64887251e-06,3.96179674e-06
0.00000000e+00,1.55848529e-06,2.73050150e-06,4.08305738e-06
0.00000000e+00,1.47359394e-06,2.56967319e-06,3.84210905e-06
0.00000000e+00,1.77771604e-06,3.25160083e-06,4.86742088e-06
0.00000000e+00,1.77545365e-06,3.24205348e-06,4.85293488e-06
0.00000000e+00,1.72495975e-06,3.11519392e-06,4.66179570e-06
0.00000000e+00,1.61279436e-06,2.90827624e-06,4.35199116e-06
0.00000000e+00,1.93694256e-06,3.61484019e-06,5.41375109e-06
0.00000000e+00,1.79357988e-06,3.30417771e-06,4.94697107e-06
0.00000000e+00,-9.71623558e-10,3.47440196e-07,5.32636997e-07
0.00000000e+00,3.03211031e-07,1.10084349e-06,1.66750620e-06
0.00000000e+00,7.62587879e-07,1.81523368e-06,2.73237847e-06
0.00000000e+00,5.84162141e-07,1.58364200e-06,2.38910553e-06
0.00000000e+00,-6.70786602e-08,2.21544961e-07,3.44001710e-07
0.00000000e+00,1.22997282e-07,7.48352192e-07,1.13902994e-06
0.00000000e+00,2.05883145e-07,8.37087936e-07,1.26960305e-06
0.00000000e+00,6.41920503e-07,1.60356169e-06,2.41584486e-06
0.00000000e+00,3.80478141e-07,1.21582585e-06,1.83868053e-06
0.00000000e+00,3.96063069e-07,1.08475546e-06,1.63674561e-06
0.00000000e+00,2.20254229e-07,8.59356480e-07,1.30279322e-06
0.00000000e+00,6.05839057e-07,1.56436593e-06,2.35813414e-06
0.00000000e+00,1.08894168e-06,2.40861575e-06,3.62050282e-06
0.00000000e+00,6.26184083e-07,1.58858218e-06,2.39391737e-06
0.00000000e+00,1.02195640e-06,2.30430795e-06,3.46501550e-06
0.00000000e+00,6.01217215e-07,1.57820030e-06,2.37964376e-06
0.00000000e+00,5.13729057e-07,1.25947621e-06,1.89683575e-06
0.00000000e+00,2.84093478e-07,9.06166119e-07,1.37035126e-06
0.00000000e+00,8.27157139e-07,1.93778748e-06,2.91599287e-06
0.00000000e+00,9.54461432e-07,2.10999250e-06,3.17159357e-06
0.00000000e+00,6.58144036e-07,1.61295023e-06,2.42917023e-06
0.00000000e+00,8.65663613e-07,2.05605125e-06,3.09474355e-06
0.00000000e+00,6.98715088e-07,1.86052310e-06,2.80599652e-06
0.00000000e+00,1.46364556e-06,3.20090942e-06,4.81035207e-06
0.00000000e+00,1.03089853e-06,2.45622912e-06,3.69730015e-06
0.00000000e+00,3.33914508e-07,1.00703349e-06,1.52169258e-06
0.00000000e+00,5.56166403e-07,1.59361997e-06,2.40623948e-06
0.00000000e+00,8.13977169e-07,2.02457107e-06,3.04988484e-06
0.00000000e+00,1.13528784e-06,2.56974684e-06,3.86444757e-06
0.00000000e+00,8.93117848e-07,2.21499818e-06,3.33658145e-06
0.00000000e+00,1.28567541e-06,2.85318893e-06,4.28904134e-06
0.00000000e+00,7.85909998e-07,1.97669488e-06,2.97834182e-06
0.00000000e+00,1.24085172e-06,2.81572862e-06,4.23456513e-06
0.00000000e+00,1.71756896e-06,3.65765051e-06,5.49378496e-06
0.00000000e+00,1.22133543e-06,2.76844205e-06,4.16336414e-06
0.00000000e+00,1.65706150e-06,3.56218844e-06,5.35143122e-06
0.00000000e+00,1.14677205e-06,2.65364572e-06,3.99229736e-06
0.00000000e+00,1.44140913e-06,3.10944074e-06,4.67160531e-06
0.00000000e+00,9.60700378e-07,2.25239335e-06,3.38946261e-06
0.00000000e+00,1.44689700e-06,3.16793588e-06,4.76090896e-06
0.00000000e+00,1.62770708e-06,3.45237388e-06,5.18503065e-06
0.00000000e+00,1.24713689e-06,2.78571452e-06,4.18814514e-06
0.00000000e+00,1.30343398e-06,2.89176232e-06,4.34700182e-06
0.00000000e+00,1.24555736e-06,2.90345556e-06,4.36872808e-06
0.00000000e+00,1.75492300e-06,3.75691120e-06,5.64348250e-06
0.00000000e+00,1.45082981e-06,3.26225695e-06,4.90523047e-06
0.00000000e+00,1.09031463e-06,2.48715713e-06,3.74080465e-06
0.00000000e+00,9.80559625e-07,2.40114924e-06,3.61617816e-06
0.00000000e+00,1.30416678e-06,2.95879343e-06,4.44970221e-06
0.00000000e+00,1.55162253e-06,3.36922484e-06,5.06257428e-06
0.00000000e+00,1.34289884e-06,3.07226677e-06,4.62109506e-06
0.00000000e+00,1.62412815e-06,3.50859805e-06,5.27144890e-06
0.00000000e+00,1.26300248e-06,2.90351966e-06,4.36768025e-06
0.00000000e+00,1.60822801e-06,3.52028730e-06,5.29041132e-06
0.00000000e+00,1.98066926e-06,4.17057456e-06,6.26273491e-06
0.00000000e+00,1.60316385e-06,3.51518151e-06,5.28291763e-06
0.00000000e+00,1.90515896e-06,4.03846853e-06,6.06519719e-06
0.00000000e+00,1.53823777e-06,3.41120111e-06,5.12779687e-06
0.00000000e+00,1.88501591e-06,3.98590614e-06,5.98595035e-06
0.00000000e+00,1.43578603e-06,3.18888456e-06,4.79375006e-06
0.00000000e+00,1.79243798e-06,3.84392088e-06,5.77439054e-06
0.00000000e+00,1.97884480e-06,4.14801106e-06,6.22826835e-06
0.00000000e+00,1.63572228e-06,3.55442662e-06,5.34093545e-06
0.00000000e+00,-9.31049420e-07,-1.68210404e-06,-2.51724350e-06
0.00000000e+00,2.93805237e-06,6.02466908e-06,9.04188374e-06
0.00000000e+00,-1.27218769e-06,-2.36046435e-06,-3.53465533e-06
0.00000000e+00,-1.17990671e-07,3.08999874e-08,5.51166232e-08
0.00000000e+00,1.13977482e-06,2.44382921e-06,3.67114015e-06
0.00000000e+00,1.62461869e-06,3.39941925e-06,5.10406212e-06
0.00000000e+00,1.60433204e-06,3.42797522e-06,5.14916687e-06
0.00000000e+00,1.44687370e-06,3.01088130e-06,4.52016962e-06
0.00000000e+00,2.31623494e-06,4.76531899e-06,7.15234238e-06
0.00000000e+00,9.08895742e-07,1.93573413e-06,2.90747544e-06
0.00000000e+00,1.30023867e-06,2.77441048e-06,4.16732915e-06
0.00000000e+00,1.14160878e-06,2.38463622e-06,3.58028578e-06
0.00000000e+00,4.66551645e-07,1.09968338e-06,1.65499697e-06
0.00000000e+00,1.84960809e-06,3.83883738e-06,5.76284242e-06
0.00000000e+00,-1.60935060e-07,-1.47291599e-07,-2.15202756e-07
0.00000000e+00,5.08288242e-07,1.26395946e-06,1.90406535e-06
0.00000000e+00,1.31014783e-06,2.77339631e-06,4.16512359e-06
0.00000000e+00,2.32913136e-06,4.80235549e-06,7.20826647e-06
0.00000000e+00,1.71597735e-06,3.63857446e-06,5.46464883e-06
0.00000000e+00,2.29560888e-06,4.70388007e-06,7.05952090e-06
0.00000000e+00,2.30498960e-06,4.73612097e-06,7.10832502e-06
0.00000000e+00,2.05554844e-06,4.22599498e-06,6.34276671e-06
0.00000000e+00,1.99862485e-06,4.16483716e-06,6.25276072e-06
0.00000000e+00,2.00903656e-06,4.11725599e-06,6.17914200e-06
0.00000000e+00,1.44554378e-06,3.03658607e-06,4.55965851e-06
0.00000000e+00,2.05058083e-06,4.22672848e-06,6.34421740e-06
0.00000000e+00,9.62035815e-07,2.08097773e-06,3.12662072e-06
0.00000000e+00,1.43044723e-06,3.07722810e-06,4.62294838e-06
0.00000000e+00,1.75774184e-06,3.65101635e-06,5.48097657e-06
0.00000000e+00,1.94112723e-06,4.01484848e-06,6.02662824e-06
0.00000000e+00,1.90566074e-06,3.99763750e-06,6.00257644e-06
0.00000000e+00,2.29908183e-06,4.70379879e-06,7.05916814e-06
0.00000000e+00,2.21617689e-06,4.54795476e-06,6.82572945e-06
0.00000000e+00,2.30864532e-06,4.72643937e-06,7.09324443e-06
0.00000000e+00,2.15978033e-06,4.47699624e-06,6.72066588e-06
0.00000000e+00,2.26237588e-06,4.62042104e-06,6.93377415e-06
0.00000000e+00,-3.51686876e-06,-6.94301645e-06,-1.04115446e-05
0.00000000e+00,1.92247124e-06,3.91922465e-06,5.88127705e-06
0.00000000e+00,2.14062881e-06,4.33982456e-06,6.51166068e-06
0.00000000e+00,6.07842651e-07,1.29951282e-06,1.95202284e-06
0.00000000e+00,2.55311278e-06,5.17603616e-06,7.76634743e-06
0.00000000e+00,2.45101684e-06,4.95836485e-06,7.43939767e-06
0.00000000e+00,1.37224326e-06,2.81762022e-06,4.22883268e-06
0.00000000e+00,2.06655252e-06,4.19588845e-06,6.29589503e-06
0.00000000e+00,2.40688868e-06,4.86659492e-06,7.30162737e-06
0.00000000e+00,-1.38761184e-06,-2.42149124e-06,-3.62061731e-06
0.00000000e+00,-1.81018454e-06,-3.29459791e-06,-4.93119580e-06
0.00000000e+00,-1.35803625e-06,-2.41065113e-06,-3.60594408e-06
0.00000000e+00,-1.78135935e-06,-3.27127796e-06,-4.89734358e-06
0.00000000e+00,-1.39423427e-06,-2.44871673e-06,-3.66191479e-06
0.00000000e+00,-1.61836801e-06,-2.89698421e-06,-4.33431601e-06
0.00000000e+00,-1.79744993e-06,-3.27758736e-06,-4.90595782e-06
0.00000000e+00,-1.34918531e-06,-2.24801605e-06,-3.35723064e-06
0.00000000e+00,-1.78579421e-06,-3.17715638e-06,-4.75277810e-06
0.00000000e+00,-1.37960512e-06,-2.35716672e-06,-3.52254359e-06
0.00000000e+00,-1.80803840e-06,-3.25597519e-06,-4.87213402e-06
0.00000000e+00,-1.31401464e-06,-2.20563596e-06,-3.29457899e-06
0.00000000e+00,-1.58458844e-06,-2.74678357e-06,-4.10630041e-06
0.00000000e+00,-1.73000028e-06,-3.08248587e-06,-4.61132805e-06
0.00000000e+00,-1.26694552e-06,-1.98691432e-06,-2.96240416e-06
0.00000000e+00,-1.70439653e-06,-2.94570014e-06,-4.40333834e-06
0.00000000e+00,-1.30453160e-06,-2.11039755e-06,-3.14921595e-06
0.00000000e+00,-1.75002977e-06,-3.07129705e-06,-4.59286141e-06
0.00000000e+00,-1.13165477e-06,-1.75480242e-06,-2.61549998e-06
0.00000000e+00,-1.49206721e-06,-2.47568115e-06,-3.69681985e-06
0.00000000e+00,-1.60381473e-06,-2.76759947e-06,-4.13694492e-06
0.00000000e+00,-1.37491132e-06,-2.37834433e-06,-3.55531403e-06
0.00000000e+00,-1.82268854e-06,-3.30916307e-06,-4.95270051e-06
0.00000000e+00,-1.32367906e-06,-2.33306381e-06,-3.48927165e-06
0.00000000e+00,-1.76518247e-06,-3.23370278e-06,-4.84080929e-06
0.00000000e+00,-1.38008128e-06,-2.39755719e-06,-3.58442477e-06
0.00000000e+00,-1.61518701e-06,-2.87652787e-06,-4.30316852e-06
0.00000000e+00,-1.81762979e-06,-3.30426699e-06,-4.94552791e-06
0.00000000e+00,-1.39794368e-06,-2.31004107e-06,-3.44910233e-06
0.00000000e+00,-1.85858719e-06,-3.30185665e-06,-4.93914246e-06
0.00000000e+00,-1.39618986e-06,-2.36371741e-06,-3.53149525e-06
0.00000000e+00,-1.85058191e-06,-3.32539796e-06,-4.97575364e-06
0.00000000e+00,-1.37822032e-06,-2.28834021e-06,-3.41713396e-06
0.00000000e+00,-1.64469261e-06,-2.83880321e-06,-4.24340391e-06
0.00000000e+00,-1.82892597e-06,-3.25297705e-06,-4.86616609e-06
0.00000000e+00,-1.36415072e-06,-2.12808716e-06,-3.17241465e-06
0.00000000e+00,-1.84148397e-06,-3.18854651e-06,-4.76657881e-06
0.00000000e+00,-1.38534516e-06,-2.22766003e-06,-3.32365236e-06
0.00000000e+00,-1.85359104e-06,-3.25231250e-06,-4.86352701e-06
0.00000000e+00,-1.32903806e-06,-2.08043891e-06,-3.10168391e-06
0.00000000e+00,-1.61980311e-06,-2.68800804e-06,-4.01389294e-06
0.00000000e+00,-1.78614943e-06,-3.09101170e-06,-4.62070803e-06
0.00000000e+00,-1.37016592e-06,-2.36275455e-06,-3.53172901e-06
0.00000000e+00,-1.82560961e-06,-3.31147491e-06,-4.95605231e-06
0.00000000e+00,-1.31123786e-06,-2.30513193e-06,-3.44727365e-06
0.00000000e+00,-1.75849312e-06,-3.21855893e-06,-4.81803554e-06
0.00000000e+00,-1.37035528e-06,-2.36618276e-06,-3.53697151e-06
0.00000000e+00,-1.61347412e-06,-2.86828743e-06,-4.29064972e-06
0.00000000e+00,-1.82389053e-06,-3.30980189e-06,-4.95360076e-06
0.00000000e+00,-1.41101551e-06,-2.32398674e-06,-3.46962016e-06
0.00000000e+00,-1.88211543e-06,-3.34185253e-06,-4.99890434e-06
0.00000000e+00,-1.39911316e-06,-2.36041553e-06,-3.52624192e-06
0.00000000e+00,-1.86348120e-06,-3.34590108e-06,-5.00633437e-06
0.00000000e+00,-1.40845739e-06,-2.32496949e-06,-3.47129462e-06
0.00000000e+00,-1.66239782e-06,-2.86458434e-06,-4.28175931e-06
0.00000000e+00,-1.87557646e-06,-3.33230490e-06,-4.98469887e-06
0.00000000e+00,-1.40806792e-06,-2.19762457e-06,-3.27611975e-06
0.00000000e+00,-1.88399438e-06,-3.26297643e-06,-4.87787580e-06
0.00000000e+00,-1.41146350e-06,-2.26464923e-06,-3.37863532e-06
0.00000000e+00,-1.88756883e-06,-3.31144233e-06,-4.95193185e-06
0.00000000e+00,-1.39750320e-06,-2.18140667e-06,-3.25195424e-06
0.00000000e+00,-1.65958197e-06,-2.75255473e-06,-4.11021988e-06
0.00000000e+00,-1.87354912e-06,-3.24474060e-06,-4.85060926e-06
0.00000000e+00,-8.04540509e-07,-1.23760272e-06,-1.84420160e-06
0.00000000e+00,-7.77608031e-07,-1.24092176e-06,-1.85105857e-06
0.00000000e+00,-8.10257359e-07,-1.26666856e-06,-1.88837956e-06
0.00000000e+00,-1.11071925e-06,-1.85883313e-06,-2.77633869e-06
0.00000000e+00,-7.63985443e-07,-1.04212459e-06,-1.54722761e-06
0.00000000e+00,-7.99491318e-07,-1.17032034e-06,-1.74139963e-06
0.00000000e+00,-7.90284590e-07,-1.12998717e-06,-1.68017985e-06
0.00000000e+00,-1.08478449e-06,-1.70146854e-06,-2.53682645e-06
0.00000000e+00,-7.24845311e-07,-8.49476330e-07,-1.25449841e-06
0.00000000e+00,-7.65350611e-07,-9.87670929e-07,-1.46366871e-06
0.00000000e+00,-6.70874816e-07,-7.89996159e-07,-1.16687001e-06
0.00000000e+00,-9.81762656e-07,-1.38577853e-06,-2.05968973e-06
0.00000000e+00,-7.86766978e-07,-1.17969641e-06,-1.75660768e-06
0.00000000e+00,-7.48809889e-07,-1.17214585e-06,-1.74752748e-06
0.00000000e+00,-7.93027026e-07,-1.20339613e-06,-1.79252449e-06
0.00000000e+00,-1.09588649e-06,-1.80911506e-06,-2.70110289e-06
0.00000000e+00,-8.17314418e-07,-1.10406405e-06,-1.63866787e-06
0.00000000e+00,-8.05880181e-07,-1.14955919e-06,-1.70915622e-06
0.00000000e+00,-7.94743513e-07,-1.08128148e-06,-1.60522848e-06
0.00000000e+00,-1.11623337e-06,-1.72426120e-06,-2.56969805e-06
0.00000000e+00,-8.04705820e-07,-9.42119610e-07,-1.39125994e-06
0.00000000e+00,-8.06629625e-07,-1.01433084e-06,-1.50182242e-06
0.00000000e+00,-7.73104744e-07,-9.07209193e-07,-1.33982365e-06
0.00000000e+00,-1.10129862e-06,-1.56356225e-06,-2.32435210e-06
0.00000000e+00,-7.83531232e-07,-1.16570237e-06,-1.73536952e-06
0.00000000e+00,-7.40704185e-07,-1.15217317e-06,-1.71744491e-06
0.00000000e+00,-7.83222448e-07,-1.16884608e-06,-1.74020863e-06
0.00000000e+00,-1.08863032e-06,-1.78779194e-06,-2.66889449e-06
0.00000000e+00,-8.18004342e-07,-1.09039880e-06,-1.61767579e-06
0.00000000e+00,-8.07197007e-07,-1.14090903e-06,-1.69581032e-06
0.00000000e+00,-8.19367069e-07,-1.10064680e-06,-1.63329490e-06
0.00000000e+00,-1.12802548e-06,-1.73422388e-06,-2.58419464e-06
0.00000000e+00,-8.30874985e-07,-9.71890298e-07,-1.43517466e-06
0.00000000e+00,-8.28444647e-07,-1.03915452e-06,-1.53844018e-06
0.00000000e+00,-8.25909619e-07,-9.67700919e-07,-1.42907919e-06
0.00000000e+00,-1.12561456e-06,-1.59139871e-06,-2.36542369e-06
0.00000000e+00,-1.05313540e-07,1.66950212e-07,2.62828133e-07
0.00000000e+00,-8.85133410e-08,1.40317116e-07,2.20899915e-07
0.00000000e+00,-1.00037377e-07,1.58586049e-07,2.49660514e-07
0.00000000e+00,-4.59446789e-07,-5.44365783e-07,-8.04246030e-07
0.00000000e+00,-1.38913955e-07,2.20216366e-07,3.46684514e-07
0.00000000e+00,-1.22113758e-07,1.93583267e-07,3.04756291e-07
0.00000000e+00,-1.28361587e-07,2.03488126e-07,3.20349402e-07
0.00000000e+00,-4.67229085e-07,-4.42512884e-07,-6.47609704e-07
0.00000000e+00,-1.72514351e-07,2.73482561e-07,4.30540955e-07
0.00000000e+00,-1.55714094e-07,2.46849583e-07,3.88612913e-07
0.00000000e+00,-1.58037774e-07,2.50533669e-07,3.94412721e-07
0.00000000e+00,-4.34831812e-07,-2.56054190e-07,-3.63925189e-07
0.00000000e+00,-1.11947090e-07,1.77465913e-07,2.79382909e-07
0.00000000e+00,-9.18301599e-08,1.45574880e-07,2.29177171e-07
0.00000000e+00,-1.08630309e-07,1.72208074e-07,2.71105538e-07
0.00000000e+00,-4.56063646e-07,-5.14528472e-07,-7.58732222e-07
0.00000000e+00,-1.52180922e-07,2.41248040e-07,3.79794474e-07
0.00000000e+00,-1.32064010e-07,2.09356969e-07,3.29588680e-07
0.00000000e+00,-1.45547443e-07,2.30732193e-07,3.63239479e-07
0.00000000e+00,-4.86152604e-07,-4.34217872e-07,-6.33651498e-07
0.00000000e+00,-1.92414746e-07,3.05030181e-07,4.80206060e-07
0.00000000e+00,-1.72297856e-07,2.73139066e-07,4.30000201e-07
0.00000000e+00,-1.84038983e-07,2.91752442e-07,4.59303041e-07
0.00000000e+00,-5.08468257e-07,-3.32817243e-07,-4.76753639e-07
0.00000000e+00,-1.14209731e-07,1.81052502e-07,2.85029251e-07
0.00000000e+00,-9.29615262e-08,1.47368083e-07,2.32000203e-07
0.00000000e+00,-1.13078412e-07,1.79259205e-07,2.82206075e-07
0.00000000e+00,-4.53011105e-07,-5.00606180e-07,-7.37592005e-07
0.00000000e+00,-1.56706143e-07,2.48421341e-07,3.91087344e-07
0.00000000e+00,-1.35457939e-07,2.14736917e-07,3.38058291e-07
0.00000000e+00,-1.54443527e-07,2.44834701e-07,3.85440924e-07
0.00000000e+00,-4.93294475e-07,-4.32867196e-07,-6.31111923e-07
0.00000000e+00,-1.99202554e-07,3.15790179e-07,4.97145437e-07
0.00000000e+00,-1.77954342e-07,2.82105772e-07,4.44116409e-07
0.00000000e+00,-1.97498265e-07,3.13088717e-07,4.92892542e-07
0.00000000e+00,-5.16785165e-07,-3.25485083e-07,-4.64968162e-07
0.00000000e+00,-7.86767191e-07,-1.17969683e-06,-1.75660832e-06
0.00000000e+00,-1.11947278e-07,1.77465537e-07,2.79382337e-07
0.00000000e+00,-7.48810079e-07,-1.17214623e-06,-1.74752805e-06
0.00000000e+00,-9.18303437e-08,1.45574512e-07,2.29176613e-07
0.00000000e+00,-7.83222548e-07,-1.16884628e-06,-1.74020893e-06
0.00000000e+00,-1.13078503e-07,1.79259023e-07,2.82205798e-07
0.00000000e+00,-4.56063846e-07,-5.14528872e-07,-7.58732828e-07
0.00000000e+00,-8.17314616e-07,-1.10406444e-06,-1.63866847e-06
0.00000000e+00,-1.52181188e-07,2.41247507e-07,3.79793665e-07
0.00000000e+00,-8.05880388e-07,-1.14955961e-06,-1.70915685e-06
0.00000000e+00,-1.32064227e-07,2.09356534e-07,3.29588019e-07
0.00000000e+00,-8.19367174e-07,-1.10064701e-06,-1.63329521e-06
0.00000000e+00,-1.54443672e-07,2.44834410e-07,3.85440484e-07
0.00000000e+00,-4.86152833e-07,-4.34218330e-07,-6.33652195e-07
0.00000000e+00,-8.04706279e-07,-9.42120528e-07,-1.39126133e-06
0.00000000e+00,-1.92415101e-07,3.05029470e-07,4.80204982e-07
0.00000000e+00,-8.06630088e-07,-1.01433177e-06,-1.50182382e-06
0.00000000e+00,-1.72298120e-07,2.73138538e-07,4.29999397e-07
0.00000000e+00,-8.25909389e-07,-9.67700460e-07,-1.42907850e-06
0.00000000e+00,-1.97498448e-07,3.13088350e-07,4.92891986e-07
0.00000000e+00,-5.08468623e-07,-3.32817977e-07,-4.76754751e-07
0.00000000e+00,-8.04540862e-07,-1.23760342e-06,-1.84420268e-06
0.00000000e+00,-1.05313917e-07,1.66949457e-07,2.62826986e-07
0.00000000e+00,-7.77608398e-07,-1.24092249e-06,-1.85105968e-06
0.00000000e+00,-8.85137022e-08,1.40316393e-07,2.20898818e-07
0.00000000e+00,-7.93027315e-07,-1.20339671e-06,-1.79252537e-06
0.00000000e+00,-1.08630605e-07,1.72207481e-07,2.71104637e-07
0.00000000e+00,-4.59447148e-07,-5.44366501e-07,-8.04247121e-07
0.00000000e+00,-7.63986001e-07,-1.04212571e-06,-1.54722930e-06
0.00000000e+00,-1.38914339e-07,2.20215598e-07,3.46683343e-07
0.00000000e+00,-7.99491737e-07,-1.17032118e-06,-1.74140091e-06
0.00000000e+00,-1.22114115e-07,1.93582553e-07,3.04755203e-07
0.00000000e+00,-7.94743946e-07,-1.08128235e-06,-1.60522980e-06
0.00000000e+00,-1.45547756e-07,2.30731567e-07,3.63238526e-07
0.00000000e+00,-4.67229559e-07,-4.42513834e-07,-6.47611147e-07
0.00000000e+00,-7.24846081e-07,-8.49477873e-07,-1.25450074e-06
0.00000000e+00,-1.72514778e-07,2.73481705e-07,4.30539648e-07
0.00000000e+00,-7.65350936e-07,-9.87671580e-07,-1.46366971e-06
0.00000000e+00,-1.55714626e-07,2.46848516e-07,3.88611292e-07
0.00000000e+00,-7.73105554e-07,-9.07210815e-07,-1.33982610e-06
0.00000000e+00,-1.84039470e-07,2.91751467e-07,4.59301562e-07
0.00000000e+00,-4.34832494e-07,-2.56055555e-07,-3.63927259e-07
0.00000000e+00,-8.10257811e-07,-1.26666947e-06,-1.88838093e-06
0.00000000e+00,-1.00037772e-07,1.58585258e-07,2.49659309e-07
0.00000000e+00,-7.90284831e-07,-1.12998766e-06,-1.68018060e-06
0.00000000e+00,-1.28362103e-07,2.03487094e-07,3.20347831e-07
0.00000000e+00,-6.70875184e-07,-7.89996897e-07,-1.16687114e-06
0.00000000e+00,-1.58038524e-07,2.50532169e-07,3.94410443e-07
0.00000000e+00,-1.37491152e-06,-2.37834475e-06,-3.55531466e-06
0.00000000e+00,-1.32367925e-06,-2.33306419e-06,-3.48927223e-06
0.00000000e+00,-1.37035539e-06,-2.36618298e-06,-3.53697183e-06
0.00000000e+00,-1.09588669e-06,-1.80911546e-06,-2.70110349e-06
0.00000000e+00,-1.39794390e-06,-2.31004151e-06,-3.44910300e-06
0.00000000e+00,-1.39619007e-06,-2.36371785e-06,-3.53149591e-06
0.00000000e+00,-1.40845749e-06,-2.32496969e-06,-3.47129492e-06
0.00000000e+00,-1.11623362e-06,-1.72426169e-06,-2.56969881e-06
0.00000000e+00,-1.36415113e-06,-2.12808796e-06,-3.17241587e-06
0.00000000e+00,-1.38534549e-06,-2.22766069e-06,-3.32365336e-06
0.00000000e+00,-1.39750385e-06,-2.18140797e-06,-3.25195619e-06
0.00000000e+00,-1.10129717e-06,-1.56356010e-06,-2.32434890e-06
0.00000000e+00,-1.38761224e-06,-2.42149205e-06,-3.62061854e-06
0.00000000e+00,-1.35803663e-06,-2.41065189e-06,-3.60594524e-06
0.00000000e+00,-1.38008158e-06,-2.39755780e-06,-3.58442569e-06
0.00000000e+00,-1.11071965e-06,-1.85883393e-06,-2.77633990e-06
0.00000000e+00,-1.34918577e-06,-2.24801695e-06,-3.35723201e-06
0.00000000e+00,-1.37960552e-06,-2.35716754e-06,-3.52254483e-06
0.00000000e+00,-1.37822068e-06,-2.28834093e-06,-3.41713505e-06
0.00000000e+00,-1.08478499e-06,-1.70146955e-06,-2.53682798e-06
0.00000000e+00,-1.26694576e-06,-1.98691480e-06,-2.96240491e-06
0.00000000e+00,-1.30453210e-06,-2.11039856e-06,-3.14921748e-06
0.00000000e+00,-1.32903796e-06,-2.08043873e-06,-3.10168365e-06
0.00000000e+00,-9.81762988e-07,-1.38577920e-06,-2.05969075e-06
0.00000000e+00,-1.39423476e-06,-2.44871771e-06,-3.66191627e-06
0.00000000e+00,-1.31401512e-06,-2.20563693e-06,-3.29458046e-06
0.00000000e+00,-1.13165558e-06,-1.75480405e-06,-2.61550244e-06
0.00000000e+00,-1.82268874e-06,-3.30916347e-06,-4.95270112e-06
0.00000000e+00,-1.76518266e-06,-3.23370315e-06,-4.84080986e-06
0.00000000e+00,-1.82389063e-06,-3.30980209e-06,-4.95360107e-06
0.00000000e+00,-1.61518722e-06,-2.87652827e-06,-4.30316914e-06
0.00000000e+00,-1.85858744e-06,-3.30185715e-06,-4.93914321e-06
0.00000000e+00,-1.85058213e-06,-3.32539840e-06,-4.97575430e-06
0.00000000e+00,-1.87557658e-06,-3.33230514e-06,-4.98469923e-06
0.00000000e+00,-1.64469285e-06,-2.83880370e-06,-4.24340466e-06
0.00000000e+00,-1.84148426e-06,-3.18854710e-06,-4.76657970e-06
0.00000000e+00,-1.85359130e-06,-3.25231303e-06,-4.86352782e-06
0.00000000e+00,-1.87354922e-06,-3.24474081e-06,-4.85060957e-06
0.00000000e+00,-1.61980344e-06,-2.68800869e-06,-4.01389393e-06
0.00000000e+00,-1.81018495e-06,-3.29459873e-06,-4.93119704e-06
0.00000000e+00,-1.78135972e-06,-3.27127871e-06,-4.89734470e-06
0.00000000e+00,-1.81763010e-06,-3.30426760e-06,-4.94552882e-06
0.00000000e+00,-1.61836841e-06,-2.89698501e-06,-4.33431722e-06
0.00000000e+00,-1.78579465e-06,-3.17715725e-06,-4.75277942e-06
0.00000000e+00,-1.80803883e-06,-3.25597605e-06,-4.87213532e-06
0.00000000e+00,-1.82892631e-06,-3.25297774e-06,-4.86616713e-06
0.00000000e+00,-1.58458889e-06,-2.74678447e-06,-4.10630177e-06
0.00000000e+00,-1.70439700e-06,-2.94570108e-06,-4.40333977e-06
0.00000000e+00,-1.75003019e-06,-3.07129789e-06,-4.59286269e-06
0.00000000e+00,-1.78614985e-06,-3.09101255e-06,-4.62070932e-06
0.00000000e+00,-1.49206764e-06,-2.47568202e-06,-3.69682117e-06
0.00000000e+00,-1.79745041e-06,-3.27758832e-06,-4.90595928e-06
0.00000000e+00,-1.73000088e-06,-3.08248708e-06,-4.61132987e-06
0.00000000e+00,-1.60381536e-06,-2.76760073e-06,-4.13694683e-06
0.00000000e+00,5.97315631e-07,1.56610956e-06,2.36136682e-06
0.00000000e+00,6.02282463e-07,1.51885923e-06,2.28861291e-06
0.00000000e+00,6.12868430e-07,1.57958302e-06,2.38099781e-06
0.00000000e+00,2.50520806e-07,8.75569408e-07,1.32565676e-06
0.00000000e+00,4.92962174e-07,1.47177064e-06,2.22361525e-06
0.00000000e+00,5.60367206e-07,1.54939671e-06,2.33817594e-06
0.00000000e+00,5.38932706e-07,1.52844742e-06,2.30747203e-06
0.00000000e+00,1.92803497e-07,8.77552280e-07,1.33248804e-06
0.00000000e+00,3.90023642e-07,1.38026157e-06,2.09010845e-06
0.00000000e+00,4.62427814e-07,1.46788592e-06,2.21966656e-06
0.00000000e+00,3.63085961e-07,1.27792540e-06,1.93501232e-06
0.00000000e+00,9.25377723e-08,7.98684978e-07,1.21818356e-06
0.00000000e+00,5.67069161e-07,1.52797587e-06,2.30490074e-06
0.00000000e+00,5.67247743e-07,1.45996941e-06,2.20064542e-06
0.00000000e+00,5.79565685e-07,1.54178929e-06,2.32525365e-06
0.00000000e+00,2.34267647e-07,8.66134114e-07,1.31226166e-06
0.00000000e+00,5.21345203e-07,1.57325519e-06,2.37731100e-06
0.00000000e+00,5.48046668e-07,1.55829450e-06,2.35262433e-06
0.00000000e+00,5.11247314e-07,1.53070017e-06,2.31274400e-06
0.00000000e+00,1.85987073e-07,9.10061482e-07,1.38276753e-06
0.00000000e+00,4.32465417e-07,1.53222286e-06,2.32025377e-06
0.00000000e+00,4.72524936e-07,1.54397828e-06,2.33564126e-06
0.00000000e+00,4.16646814e-07,1.47229392e-06,2.22943103e-06
0.00000000e+00,1.26840961e-07,9.37801193e-07,1.42917402e-06
0.00000000e+00,5.59636857e-07,1.52063381e-06,2.29413475e-06
0.00000000e+00,5.57043677e-07,1.44332255e-06,2.17579868e-06
0.00000000e+00,5.61426346e-07,1.52045151e-06,2.29373776e-06
0.00000000e+00,2.26854186e-07,8.59124401e-07,1.30200387e-06
0.00000000e+00,5.13642239e-07,1.57289436e-06,2.37726395e-06
0.00000000e+00,5.43068769e-07,1.55962253e-06,2.35498701e-06
0.00000000e+00,5.19201415e-07,1.57649017e-06,2.38241056e-06
0.00000000e+00,1.84407285e-07,9.22536324e-07,1.40199336e-06
0.00000000e+00,4.46045216e-07,1.58195010e-06,2.39558594e-06
0.00000000e+00,4.83848688e-07,1.58543215e-06,2.39843983e-06
0.00000000e+00,4.44282378e-07,1.57268307e-06,2.38149680e-06
0.00000000e+00,1.21788472e-07,9.51662190e-07,1.45075275e-06
0.00000000e+00,1.19028628e-06,2.73430501e-06,4.11307706e-06
0.00000000e+00,1.18766032e-06,2.68074202e-06,4.03114564e-06
0.00000000e+00,1.20470770e-06,2.74916720e-06,4.13491112e-06
0.00000000e+00,9.08444052e-07,2.17949348e-06,3.28115123e-06
0.00000000e+00,1.09796050e-06,2.64627557e-06,3.98420679e-06
0.00000000e+00,1.15532991e-06,2.71270333e-06,4.08226149e-06
0.00000000e+00,1.07838765e-06,2.57916862e-06,3.88262788e-06
0.00000000e+00,8.23660436e-07,2.11542131e-06,3.18850832e-06
0.00000000e+00,9.61821226e-07,2.47061917e-06,3.72389607e-06
0.00000000e+00,1.02635716e-06,2.55137997e-06,3.84345033e-06
0.00000000e+00,8.47990721e-07,2.20448855e-06,3.32343649e-06
0.00000000e+00,6.59473835e-07,1.89669445e-06,2.86401974e-06
0.00000000e+00,1.16768628e-06,2.70685086e-06,4.07247877e-06
0.00000000e+00,1.14835330e-06,2.61100091e-06,3.92682543e-06
0.00000000e+00,1.17780598e-06,2.71821733e-06,4.08923701e-06
0.00000000e+00,8.82425058e-07,2.14750804e-06,3.23383176e-06
0.00000000e+00,1.12692007e-06,2.73968644e-06,4.12548893e-06
0.00000000e+00,1.15706554e-06,2.74279337e-06,4.12827093e-06
0.00000000e+00,1.11709613e-06,2.70229269e-06,4.06881539e-06
0.00000000e+00,8.32736985e-07,2.17367951e-06,3.27721301e-06
0.00000000e+00,1.02932867e-06,2.65887163e-06,4.00802353e-06
0.00000000e+00,1.08242234e-06,2.70787497e-06,4.07965013e-06
0.00000000e+00,1.00680997e-06,2.59125713e-06,3.90586016e-06
0.00000000e+00,7.44819899e-07,2.12867423e-06,3.21400260e-06
0.00000000e+00,1.15953844e-06,2.69665418e-06,4.05738407e-06
0.00000000e+00,1.13421080e-06,2.58576540e-06,3.88907234e-06
0.00000000e+00,1.16142903e-06,2.69738585e-06,4.05838141e-06
0.00000000e+00,8.71369393e-07,2.13220748e-06,3.21110464e-06
0.00000000e+00,1.13318719e-06,2.76441865e-06,4.16298793e-06
0.00000000e+00,1.15488526e-06,2.74758130e-06,4.13575334e-06
0.00000000e+00,1.13403141e-06,2.76000811e-06,4.15617178e-06
0.00000000e+00,8.36930271e-07,2.19568762e-06,3.31067261e-06
0.00000000e+00,1.06303872e-06,2.74458871e-06,4.13720017e-06
0.00000000e+00,1.10003477e-06,2.75834731e-06,4.15585950e-06
0.00000000e+00,1.05521441e-06,2.72402854e-06,4.10619858e-06
0.00000000e+00,7.57536098e-07,2.17490260e-06,3.28402828e-06
0.00000000e+00,1.62845678e-06,3.58268474e-06,5.38472818e-06
0.00000000e+00,1.61878231e-06,3.52900536e-06,5.30308141e-06
0.00000000e+00,1.62044079e-06,3.55819409e-06,5.34771434e-06
0.00000000e+00,1.42884134e-06,3.19743449e-06,4.80731205e-06
0.00000000e+00,1.56576497e-06,3.52596198e-06,5.30189944e-06
0.00000000e+00,1.60715990e-06,3.57442142e-06,5.37346090e-06
0.00000000e+00,1.51940831e-06,3.41633131e-06,5.13689773e-06
0.00000000e+00,1.34896142e-06,3.12031616e-06,4.69434918e-06
0.00000000e+00,1.44606580e-06,3.35522453e-06,5.04804867e-06
0.00000000e+00,1.51084976e-06,3.45046200e-06,5.18977717e-06
0.00000000e+00,1.35834950e-06,3.15672898e-06,4.74954777e-06
0.00000000e+00,1.20843284e-06,2.92531894e-06,4.40468030e-06
0.00000000e+00,1.63513518e-06,3.60648438e-06,5.42077066e-06
0.00000000e+00,1.59969255e-06,3.49604726e-06,5.25381577e-06
0.00000000e+00,1.63298923e-06,3.59697106e-06,5.40632917e-06
0.00000000e+00,1.41779782e-06,3.18944179e-06,4.79578596e-06
0.00000000e+00,1.62690697e-06,3.66913166e-06,5.51734001e-06
0.00000000e+00,1.64096512e-06,3.65769611e-06,5.49888748e-06
0.00000000e+00,1.60307124e-06,3.61101736e-06,5.42982553e-06
0.00000000e+00,1.39334070e-06,3.23726341e-06,4.87069602e-06
0.00000000e+00,1.56567688e-06,3.62577519e-06,5.45490374e-06
0.00000000e+00,1.59984738e-06,3.65456434e-06,5.49678824e-06
0.00000000e+00,1.51766924e-06,3.51662564e-06,5.29074798e-06
0.00000000e+00,1.31210080e-06,3.17579978e-06,4.78181880e-06
0.00000000e+00,1.63608673e-06,3.61191777e-06,5.42903671e-06
0.00000000e+00,1.59201836e-06,3.48246402e-06,5.23349889e-06
0.00000000e+00,1.63535241e-06,3.60868398e-06,5.42412804e-06
0.00000000e+00,1.41339894e-06,3.18545868e-06,4.78996945e-06
0.00000000e+00,1.64649630e-06,3.71537093e-06,5.58693084e-06
0.00000000e+00,1.65091020e-06,3.68288171e-06,5.53683982e-06
0.00000000e+00,1.64192679e-06,3.70270160e-06,5.56781088e-06
0.00000000e+00,1.40567410e-06,3.27155949e-06,4.92245644e-06
0.00000000e+00,1.60227902e-06,3.70957036e-06,5.58094439e-06
0.00000000e+00,1.62890158e-06,3.72149849e-06,5.59747938e-06
0.00000000e+00,1.59331475e-06,3.68898713e-06,5.54998233e-06
0.00000000e+00,1.34350563e-06,3.25362048e-06,4.89904293e-06
0.00000000e+00,1.16768608e-06,2.70685047e-06,4.07247816e-06
0.00000000e+00,1.63513499e-06,3.60648400e-06,5.42077008e-06
0.00000000e+00,1.14835312e-06,2.61100055e-06,3.92682488e-06
0.00000000e+00,1.59969238e-06,3.49604691e-06,5.25381524e-06
0.00000000e+00,1.16142892e-06,2.69738564e-06,4.05838110e-06
0.00000000e+00,1.63535231e-06,3.60868378e-06,5.42412775e-06
0.00000000e+00,1.41779762e-06,3.18944140e-06,4.79578537e-06
0.00000000e+00,1.12691985e-06,2.73968599e-06,4.12548825e-06
0.00000000e+00,1.62690673e-06,3.66913117e-06,5.51733927e-06
0.00000000e+00,1.15706532e-06,2.74279294e-06,4.12827027e-06
0.00000000e+00,1.64096491e-06,3.65769569e-06,5.49888683e-06
0.00000000e+00,1.13403131e-06,2.76000790e-06,4.15617147e-06
0.00000000e+00,1.64192667e-06,3.70270136e-06,5.56781052e-06
0.00000000e+00,1.39334046e-06,3.23726293e-06,4.87069528e-06
0.00000000e+00,1.02932829e-06,2.65887087e-06,4.00802238e-06
0.00000000e+00,1.56567660e-06,3.62577462e-06,5.45490288e-06
0.00000000e+00,1.08242202e-06,2.70787434e-06,4.07964917e-06
0.00000000e+00,1.59984712e-06,3.65456382e-06,5.49678746e-06
0.00000000e+00,1.05521389e-06,2.72402749e-06,4.10619700e-06
0.00000000e+00,1.59331464e-06,3.68898691e-06,5.54998200e-06
0.00000000e+00,1.31210049e-06,3.17579915e-06,4.78181784e-06
0.00000000e+00,1.19028589e-06,2.73430423e-06,4.11307588e-06
0.00000000e+00,1.62845639e-06,3.58268395e-06,5.38472698e-06
0.00000000e+00,1.18765996e-06,2.68074130e-06,4.03114455e-06
0.00000000e+00,1.61878196e-06,3.52900466e-06,5.30308034e-06
0.00000000e+00,1.17780569e-06,2.71821675e-06,4.08923612e-06
0.00000000e+00,1.63298894e-06,3.59697048e-06,5.40632828e-06
0.00000000e+00,1.42884096e-06,3.19743373e-06,4.80731089e-06
0.00000000e+00,1.09796004e-06,2.64627466e-06,3.98420541e-06
0.00000000e+00,1.56576454e-06,3.52596112e-06,5.30189813e-06
0.00000000e+00,1.15532951e-06,2.71270253e-06,4.08226027e-06
0.00000000e+00,1.60715948e-06,3.57442058e-06,5.37345963e-06
0.00000000e+00,1.11709577e-06,2.70229198e-06,4.06881431e-06
0.00000000e+00,1.60307090e-06,3.61101668e-06,5.42982451e-06
0.00000000e+00,1.34896097e-06,3.12031525e-06,4.69434781e-06
0.00000000e+00,9.61820925e-07,2.47061857e-06,3.72389515e-06
0.00000000e+00,1.44606533e-06,3.35522357e-06,5.04804721e-06
0.00000000e+00,1.02635667e-06,2.55137898e-06,3.84344883e-06
0.00000000e+00,1.51084933e-06,3.45046114e-06,5.18977586e-06
0.00000000e+00,1.00680994e-06,2.59125707e-06,3.90586006e-06
0.00000000e+00,1.51766882e-06,3.51662481e-06,5.29074672e-06
0.00000000e+00,1.20843239e-06,2.92531804e-06,4.40467893e-06
0.00000000e+00,1.20470724e-06,2.74916628e-06,4.13490971e-06
0.00000000e+00,1.62044033e-06,3.55819315e-06,5.34771293e-06
0.00000000e+00,1.07838717e-06,2.57916766e-06,3.88262642e-06
0.00000000e+00,1.51940772e-06,3.41633012e-06,5.13689593e-06
0.00000000e+00,8.47989913e-07,2.20448694e-06,3.32343403e-06
0.00000000e+00,1.35834888e-06,3.15672774e-06,4.74954589e-06
0.00000000e+00,5.67068956e-07,1.52797546e-06,2.30490011e-06
0.00000000e+00,5.67247560e-07,1.45996905e-06,2.20064486e-06
0.00000000e+00,5.61426248e-07,1.52045132e-06,2.29373746e-06
0.00000000e+00,8.82424867e-07,2.14750766e-06,3.23383118e-06
0.00000000e+00,5.21345005e-07,1.57325480e-06,2.37731039e-06
0.00000000e+00,5.48046463e-07,1.55829409e-06,2.35262370e-06
0.00000000e+00,5.19201312e-07,1.57648996e-06,2.38241024e-06
0.00000000e+00,8.32736744e-07,2.17367903e-06,3.27721228e-06
0.00000000e+00,4.32465006e-07,1.53222204e-06,2.32025253e-06
0.00000000e+00,4.72524512e-07,1.54397743e-06,2.33563998e-06
0.00000000e+00,4.44282514e-07,1.57268335e-06,2.38149720e-06
0.00000000e+00,7.44820608e-07,2.12867620e-06,3.21400556e-06
0.00000000e+00,5.97315294e-07,1.56610889e-06,2.36136579e-06
0.00000000e+00,6.02282111e-07,1.51885852e-06,2.28861184e-06
0.00000000e+00,5.79565406e-07,1.54178873e-06,2.32525279e-06
0.00000000e+00,9.08443670e-07,2.17949271e-06,3.28115006e-06
0.00000000e+00,4.92961621e-07,1.47176954e-06,2.22361357e-06
0.00000000e+00,5.60366799e-07,1.54939590e-06,2.33817470e-06
0.00000000e+00,5.11246893e-07,1.53069933e-06,2.31274272e-06
0.00000000e+00,8.23659945e-07,2.11542033e-06,3.18850683e-06
0.00000000e+00,3.90022881e-07,1.38026005e-06,2.09010614e-06
0.00000000e+00,4.62427491e-07,1.46788527e-06,2.21966558e-06
0.00000000e+00,4.16646083e-07,1.47229246e-06,2.22942882e-06
0.00000000e+00,6.59473420e-07,1.89669362e-06,2.86401847e-06
0.00000000e+00,6.12867997e-07,1.57958215e-06,2.38099649e-06
0.00000000e+00,5.38932473e-07,1.52844695e-06,2.30747131e-06
0.00000000e+00,3.63085601e-07,1.27792467e-06,1.93501121e-06
0.00000000e+00,2.34267452e-07,8.66133724e-07,1.31226107e-06
0.00000000e+00,1.85986843e-07,9.10061021e-07,1.38276683e-06
0.00000000e+00,1.26840617e-07,9.37800503e-07,1.42917297e-06
0.00000000e+00,2.50520454e-07,8.75568703e-07,1.32565568e-06
0.00000000e+00,1.92803031e-07,8.77551346e-07,1.33248662e-06
0.00000000e+00,9.25370921e-08,7.98683616e-07,1.21818150e-06
0.00000000e+00,-9.61821815e-07,-2.47062034e-06,-3.72389780e-06
0.00000000e+00,-1.44606648e-06,-3.35522588e-06,-5.04805067e-06
0.00000000e+00,-1.09796119e-06,-2.64627695e-06,-3.98420884e-06
0.00000000e+00,-1.56576571e-06,-3.52596347e-06,-5.30190166e-06
0.00000000e+00,-1.20843347e-06,-2.92532019e-06,-4.40468215e-06
0.00000000e+00,-1.35835005e-06,-3.15673009e-06,-4.74954941e-06
0.00000000e+00,-8.47991188e-07,-2.20448948e-06,-3.32343785e-06
0.00000000e+00,-1.02635780e-06,-2.55138124e-06,-3.84345222e-06
0.00000000e+00,-1.51085047e-06,-3.45046342e-06,-5.18977928e-06
0.00000000e+00,-1.34896214e-06,-3.12031759e-06,-4.69435132e-06
0.00000000e+00,-1.51940896e-06,-3.41633260e-06,-5.13689964e-06
0.00000000e+00,-1.07838824e-06,-2.57916978e-06,-3.88262961e-06
0.00000000e+00,-1.19028708e-06,-2.73430659e-06,-4.11307942e-06
0.00000000e+00,-1.62845761e-06,-3.58268638e-06,-5.38473063e-06
0.00000000e+00,-1.15533065e-06,-2.71270481e-06,-4.08226369e-06
0.00000000e+00,-1.60716069e-06,-3.57442299e-06,-5.37346323e-06
0.00000000e+00,-1.42884215e-06,-3.19743611e-06,-4.80731445e-06
0.00000000e+00,-1.62044153e-06,-3.55819555e-06,-5.34771652e-06
0.00000000e+00,-1.20470840e-06,-2.74916861e-06,-4.13491320e-06
0.00000000e+00,-1.18766117e-06,-2.68074371e-06,-4.03114816e-06
0.00000000e+00,-1.61878317e-06,-3.52900708e-06,-5.30308397e-06
0.00000000e+00,-3.90024181e-07,-1.38026265e-06,-2.09011003e-06
0.00000000e+00,-4.92962832e-07,-1.47177195e-06,-2.22361719e-06
0.00000000e+00,-6.59474394e-07,-1.89669556e-06,-2.86402139e-06
0.00000000e+00,-3.63086375e-07,-1.27792622e-06,-1.93501352e-06
0.00000000e+00,-4.62428412e-07,-1.46788711e-06,-2.21966833e-06
0.00000000e+00,-8.23661109e-07,-2.11542265e-06,-3.18851031e-06
0.00000000e+00,-5.38933259e-07,-1.52844852e-06,-2.30747366e-06
0.00000000e+00,-5.97316411e-07,-1.56611112e-06,-2.36136913e-06
0.00000000e+00,-5.60367924e-07,-1.54939814e-06,-2.33817807e-06
0.00000000e+00,-9.08444839e-07,-2.17949504e-06,-3.28115356e-06
0.00000000e+00,-6.12869118e-07,-1.57958439e-06,-2.38099985e-06
0.00000000e+00,-6.02283304e-07,-1.51886090e-06,-2.28861541e-06
0.00000000e+00,1.72513822e-07,-2.73483611e-07,-4.30542506e-07
0.00000000e+00,1.38913299e-07,-2.20217672e-07,-3.46686452e-07
0.00000000e+00,-9.25383016e-08,-7.98686030e-07,-1.21818512e-06
0.00000000e+00,1.58037368e-07,-2.50534475e-07,-3.94413901e-07
0.00000000e+00,1.55713501e-07,-2.46850761e-07,-3.88614658e-07
0.00000000e+00,-1.92804155e-07,-8.77553589e-07,-1.33248999e-06
0.00000000e+00,1.28361037e-07,-2.03489218e-07,-3.20351017e-07
0.00000000e+00,1.05312761e-07,-1.66951762e-07,-2.62830443e-07
0.00000000e+00,1.22113040e-07,-1.93584697e-07,-3.04758418e-07
0.00000000e+00,-2.50521584e-07,-8.75570958e-07,-1.32565906e-06
0.00000000e+00,1.00036692e-07,-1.58587413e-07,-2.49662541e-07
0.00000000e+00,8.85125004e-08,-1.40318791e-07,-2.20902414e-07
0.00000000e+00,-1.02932953e-06,-2.65887335e-06,-4.00802609e-06
0.00000000e+00,-1.56567781e-06,-3.62577704e-06,-5.45490650e-06
0.00000000e+00,-1.12692100e-06,-2.73968828e-06,-4.12549169e-06
0.00000000e+00,-1.62690794e-06,-3.66913359e-06,-5.51734290e-06
0.00000000e+00,-1.31210170e-06,-3.17580157e-06,-4.78182146e-06
0.00000000e+00,-1.51767004e-06,-3.51662723e-06,-5.29075035e-06
0.00000000e+00,-1.00681069e-06,-2.59125857e-06,-3.90586230e-06
0.00000000e+00,-1.08242323e-06,-2.70787675e-06,-4.07965279e-06
0.00000000e+00,-1.59984833e-06,-3.65456623e-06,-5.49679107e-06
0.00000000e+00,-1.39334165e-06,-3.23726530e-06,-4.87069884e-06
0.00000000e+00,-1.60307210e-06,-3.61101907e-06,-5.42982809e-06
0.00000000e+00,-1.11709694e-06,-2.70229430e-06,-4.06881779e-06
0.00000000e+00,-1.16768727e-06,-2.70685284e-06,-4.07248173e-06
0.00000000e+00,-1.63513620e-06,-3.60648640e-06,-5.42077369e-06
0.00000000e+00,-1.15706650e-06,-2.74279528e-06,-4.12827379e-06
0.00000000e+00,-1.64096612e-06,-3.65769809e-06,-5.49889044e-06
0.00000000e+00,-1.41779882e-06,-3.18944379e-06,-4.79578896e-06
0.00000000e+00,-1.63299015e-06,-3.59697289e-06,-5.40633191e-06
0.00000000e+00,-1.17780687e-06,-2.71821911e-06,-4.08923967e-06
0.00000000e+00,-1.14835433e-06,-2.61100295e-06,-3.92682849e-06
0.00000000e+00,-1.59969359e-06,-3.49604933e-06,-5.25381887e-06
0.00000000e+00,-4.32466226e-07,-1.53222448e-06,-2.32025618e-06
0.00000000e+00,-5.21346090e-07,-1.57325696e-06,-2.37731364e-06
0.00000000e+00,-7.44820728e-07,-2.12867588e-06,-3.21400506e-06
0.00000000e+00,-4.16647490e-07,-1.47229527e-06,-2.22943303e-06
0.00000000e+00,-4.72525782e-07,-1.54397997e-06,-2.33564378e-06
0.00000000e+00,-8.32737893e-07,-2.17368132e-06,-3.27721571e-06
0.00000000e+00,-5.11248090e-07,-1.53070172e-06,-2.31274630e-06
0.00000000e+00,-5.67070138e-07,-1.52797782e-06,-2.30490365e-06
0.00000000e+00,-5.48047603e-07,-1.55829637e-06,-2.35262711e-06
0.00000000e+00,-8.82426041e-07,-2.14751000e-06,-3.23383469e-06
0.00000000e+00,-5.79566563e-07,-1.54179104e-06,-2.32525626e-06
0.00000000e+00,-5.67248762e-07,-1.45997144e-06,-2.20064846e-06
0.00000000e+00,1.92413934e-07,-3.05031799e-07,-4.80208474e-07
0.00000000e+00,1.52180030e-07,-2.41249817e-07,-3.79797129e-07
0.00000000e+00,-1.26841760e-07,-9.37802785e-07,-1.42917639e-06
0.00000000e+00,1.84038306e-07,-2.91753789e-07,-4.59305042e-07
0.00000000e+00,1.72297000e-07,-2.73140771e-07,-4.30002746e-07
0.00000000e+00,-1.85987954e-07,-9.10063238e-07,-1.38277016e-06
0.00000000e+00,1.45546670e-07,-2.30733735e-07,-3.63241775e-07
0.00000000e+00,1.11946113e-07,-1.77467862e-07,-2.79385823e-07
0.00000000e+00,1.32063082e-07,-2.09358820e-07,-3.29591446e-07
0.00000000e+00,-2.34268624e-07,-8.66136064e-07,-1.31226457e-06
0.00000000e+00,1.08629431e-07,-1.72209825e-07,-2.71108152e-07
0.00000000e+00,9.18291383e-08,-1.45576917e-07,-2.29180219e-07
0.00000000e+00,-1.06303989e-06,-2.74459104e-06,-4.13720366e-06
0.00000000e+00,-1.60228022e-06,-3.70957276e-06,-5.58094799e-06
0.00000000e+00,-1.13318837e-06,-2.76442100e-06,-4.16299146e-06
0.00000000e+00,-1.64649751e-06,-3.71537334e-06,-5.58693445e-06
0.00000000e+00,-1.34350682e-06,-3.25362285e-06,-4.89904647e-06
0.00000000e+00,-1.59331581e-06,-3.68898925e-06,-5.54998552e-06
0.00000000e+00,-1.05521542e-06,-2.72403055e-06,-4.10620159e-06
0.00000000e+00,-1.10003594e-06,-2.75834965e-06,-4.15586300e-06
0.00000000e+00,-1.62890279e-06,-3.72150090e-06,-5.59748299e-06
0.00000000e+00,-1.40567529e-06,-3.27156188e-06,-4.92246001e-06
0.00000000e+00,-1.64192788e-06,-3.70270377e-06,-5.56781413e-06
0.00000000e+00,-1.13403246e-06,-2.76001021e-06,-4.15617492e-06
0.00000000e+00,-1.15953964e-06,-2.69665657e-06,-4.05738766e-06
0.00000000e+00,-1.63608794e-06,-3.61192019e-06,-5.42904034e-06
0.00000000e+00,-1.15488645e-06,-2.74758367e-06,-4.13575689e-06
0.00000000e+00,-1.65091141e-06,-3.68288413e-06,-5.53684344e-06
0.00000000e+00,-1.41340014e-06,-3.18546109e-06,-4.78997306e-06
0.00000000e+00,-1.63535352e-06,-3.60868620e-06,-5.42413137e-06
0.00000000e+00,-1.16143012e-06,-2.69738803e-06,-4.05838468e-06
0.00000000e+00,-1.13421201e-06,-2.58576782e-06,-3.88907596e-06
0.00000000e+00,-1.59201957e-06,-3.48246645e-06,-5.23350253e-06
0.00000000e+00,-4.46046299e-07,-1.58195227e-06,-2.39558918e-06
0.00000000e+00,-5.13643389e-07,-1.57289666e-06,-2.37726739e-06
0.00000000e+00,-7.57537235e-07,-2.17490487e-06,-3.28403168e-06
0.00000000e+00,-4.44283318e-07,-1.57268495e-06,-2.38149961e-06
0.00000000e+00,-4.83849812e-07,-1.58543440e-06,-2.39844319e-06
0.00000000e+00,-8.36931435e-07,-2.19568994e-06,-3.31067610e-06
0.00000000e+00,-5.19202426e-07,-1.57649218e-06,-2.38241358e-06
0.00000000e+00,-5.59638042e-07,-1.52063617e-06,-2.29413829e-06
0.00000000e+00,-5.43069936e-07,-1.55962486e-06,-2.35499050e-06
0.00000000e+00,-8.71370585e-07,-2.13220986e-06,-3.21110821e-06
0.00000000e+00,-5.61427427e-07,-1.52045367e-06,-2.29374098e-06
0.00000000e+00,-5.57044880e-07,-1.44332495e-06,-2.17580228e-06
0.00000000e+00,1.99201528e-07,-3.15792224e-07,-4.97148504e-07
0.00000000e+00,1.56705041e-07,-2.48423539e-07,-3.91090639e-07
0.00000000e+00,-1.21789540e-07,-9.51664322e-07,-1.45075595e-06
0.00000000e+00,1.97497386e-07,-3.13090470e-07,-4.92895164e-07
0.00000000e+00,1.77953356e-07,-2.82107739e-07,-4.44119358e-07
0.00000000e+00,-1.84408419e-07,-9.22538586e-07,-1.40199675e-06
0.00000000e+00,1.54442531e-07,-2.44836687e-07,-3.85443898e-07
0.00000000e+00,1.14208558e-07,-1.81054845e-07,-2.85032762e-07
0.00000000e+00,1.35456773e-07,-2.14739244e-07,-3.38061779e-07
0.00000000e+00,-2.26855363e-07,-8.59126750e-07,-1.30200739e-06
0.00000000e+00,1.13077338e-07,-1.79261349e-07,-2.82209286e-07
0.00000000e+00,9.29603234e-08,-1.47370483e-07,-2.32003802e-07
0.00000000e+00,-1.02932978e-06,-2.65887385e-06,-4.00802686e-06
0.00000000e+00,-1.56567809e-06,-3.62577759e-06,-5.45490734e-06
0.00000000e+00,-1.12692130e-06,-2.73968889e-06,-4.12549260e-06
0.00000000e+00,-1.62690818e-06,-3.66913407e-06,-5.51734363e-06
0.00000000e+00,-1.31210198e-06,-3.17580214e-06,-4.78182232e-06
0.00000000e+00,-1.59331599e-06,-3.68898960e-06,-5.54998604e-06
0.00000000e+00,-1.05521522e-06,-2.72403015e-06,-4.10620099e-06
0.00000000e+00,-1.08242349e-06,-2.70787727e-06,-4.07965358e-06
0.00000000e+00,-1.59984859e-06,-3.65456676e-06,-5.49679187e-06
0.00000000e+00,-1.39334191e-06,-3.23726583e-06,-4.87069964e-06
0.00000000e+00,-1.64192800e-06,-3.70270401e-06,-5.56781451e-06
0.00000000e+00,-1.13403262e-06,-2.76001053e-06,-4.15617541e-06
0.00000000e+00,-1.16768750e-06,-2.70685329e-06,-4.07248240e-06
0.00000000e+00,-1.63513641e-06,-3.60648683e-06,-5.42077433e-06
0.00000000e+00,-1.15706675e-06,-2.74279579e-06,-4.12827456e-06
0.00000000e+00,-1.64096635e-06,-3.65769855e-06,-5.49889113e-06
0.00000000e+00,-1.41779904e-06,-3.18944422e-06,-4.79578961e-06
0.00000000e+00,-1.63535363e-06,-3.60868641e-06,-5.42413169e-06
0.00000000e+00,-1.16143023e-06,-2.69738825e-06,-4.05838501e-06
0.00000000e+00,-1.14835452e-06,-2.61100334e-06,-3.92682907e-06
0.00000000e+00,-1.59969378e-06,-3.49604971e-06,-5.25381944e-06
0.00000000e+00,-4.32466500e-07,-1.53222502e-06,-2.32025701e-06
0.00000000e+00,-5.21346446e-07,-1.57325768e-06,-2.37731472e-06
0.00000000e+00,-7.44822100e-07,-2.12867917e-06,-3.21401004e-06
0.00000000e+00,-4.44283802e-07,-1.57268592e-06,-2.38150107e-06
0.00000000e+00,-4.72525990e-07,-1.54398038e-06,-2.33564442e-06
0.00000000e+00,-8.32738186e-07,-2.17368191e-06,-3.27721660e-06
0.00000000e+00,-5.19202595e-07,-1.57649252e-06,-2.38241409e-06
0.00000000e+00,-5.67070361e-07,-1.52797826e-06,-2.30490433e-06
0.00000000e+00,-5.48047886e-07,-1.55829693e-06,-2.35262797e-06
0.00000000e+00,-8.82426274e-07,-2.14751047e-06,-3.23383540e-06
0.00000000e+00,-5.61427546e-07,-1.52045391e-06,-2.29374134e-06
0.00000000e+00,-5.67248953e-07,-1.45997183e-06,-2.20064904e-06
0.00000000e+00,1.92413549e-07,-3.05032569e-07,-4.80209640e-07
0.00000000e+00,1.52179696e-07,-2.41250485e-07,-3.79798140e-07
0.00000000e+00,-1.26842118e-07,-9.37803501e-07,-1.42917748e-06
0.00000000e+00,1.97497186e-07,-3.13090870e-07,-4.92895770e-07
0.00000000e+00,1.72296640e-07,-2.73141493e-07,-4.30003839e-07
0.00000000e+00,-1.85988300e-07,-9.10063931e-07,-1.38277121e-06
0.00000000e+00,1.54442358e-07,-2.44837033e-07,-3.85444422e-07
0.00000000e+00,1.11945882e-07,-1.77468325e-07,-2.79386524e-07
0.00000000e+00,1.32062798e-07,-2.09359386e-07,-3.29592304e-07
0.00000000e+00,-2.34268852e-07,-8.66136519e-07,-1.31226526e-06
0.00000000e+00,1.13077224e-07,-1.79261576e-07,-2.82209630e-07
0.00000000e+00,9.18289517e-08,-1.45577291e-07,-2.29180786e-07
0.00000000e+00,-9.61822725e-07,-2.47062216e-06,-3.72390056e-06
0.00000000e+00,-1.44606710e-06,-3.35522712e-06,-5.04805255e-06
0.00000000e+00,-1.09796175e-06,-2.64627808e-06,-3.98421055e-06
0.00000000e+00,-1.56576623e-06,-3.52596451e-06,-5.30190323e-06
0.00000000e+00,-1.20843417e-06,-2.92532160e-06,-4.40468428e-06
0.00000000e+00,-1.51767046e-06,-3.51662807e-06,-5.29075162e-06
0.00000000e+00,-1.00681159e-06,-2.59126037e-06,-3.90586502e-06
0.00000000e+00,-1.02635843e-06,-2.55138250e-06,-3.84345413e-06
0.00000000e+00,-1.51085106e-06,-3.45046460e-06,-5.18978107e-06
0.00000000e+00,-1.34896267e-06,-3.12031865e-06,-4.69435292e-06
0.00000000e+00,-1.60307247e-06,-3.61101983e-06,-5.42982924e-06
0.00000000e+00,-1.11709735e-06,-2.70229513e-06,-4.06881905e-06
0.00000000e+00,-1.19028751e-06,-2.73430747e-06,-4.11308075e-06
0.00000000e+00,-1.62845801e-06,-3.58268719e-06,-5.38473185e-06
0.00000000e+00,-1.15533117e-06,-2.71270585e-06,-4.08226527e-06
0.00000000e+00,-1.60716114e-06,-3.57442390e-06,-5.37346461e-06
0.00000000e+00,-1.42884258e-06,-3.19743697e-06,-4.80731576e-06
0.00000000e+00,-1.63299046e-06,-3.59697351e-06,-5.40633284e-06
0.00000000e+00,-1.17780721e-06,-2.71821978e-06,-4.08924068e-06
0.00000000e+00,-1.18766155e-06,-2.68074446e-06,-4.03114930e-06
0.00000000e+00,-1.61878355e-06,-3.52900783e-06,-5.30308511e-06
0.00000000e+00,-3.90024748e-07,-1.38026378e-06,-2.09011176e-06
0.00000000e+00,-4.92963316e-07,-1.47177292e-06,-2.22361866e-06
0.00000000e+00,-6.59475238e-07,-1.89669725e-06,-2.86402394e-06
0.00000000e+00,-4.16647761e-07,-1.47229581e-06,-2.22943386e-06
0.00000000e+00,-4.62429245e-07,-1.46788878e-06,-2.21967085e-06
0.00000000e+00,-8.23661649e-07,-2.11542373e-06,-3.18851195e-06
0.00000000e+00,-5.11248484e-07,-1.53070250e-06,-2.31274750e-06
0.00000000e+00,-5.97316897e-07,-1.56611209e-06,-2.36137061e-06
0.00000000e+00,-5.60368444e-07,-1.54939918e-06,-2.33817965e-06
0.00000000e+00,-9.08445284e-07,-2.17949593e-06,-3.28115491e-06
0.00000000e+00,-5.79566909e-07,-1.54179174e-06,-2.32525731e-06
0.00000000e+00,-6.02283686e-07,-1.51886167e-06,-2.28861657e-06
0.00000000e+00,1.72512987e-07,-2.73485282e-07,-4.30545035e-07
0.00000000e+00,1.38912629e-07,-2.20219013e-07,-3.46688483e-07
0.00000000e+00,-9.25389345e-08,-7.98687297e-07,-1.21818704e-06
0.00000000e+00,1.84037630e-07,-2.91755142e-07,-4.59307090e-07
0.00000000e+00,1.55712776e-07,-2.46852212e-07,-3.88616855e-07
0.00000000e+00,-1.92804730e-07,-8.77554740e-07,-1.33249173e-06
0.00000000e+00,1.45546187e-07,-2.30734701e-07,-3.63243239e-07
0.00000000e+00,1.05312315e-07,-1.66952656e-07,-2.62831798e-07
0.00000000e+00,1.22112493e-07,-1.93585791e-07,-3.04760075e-07
0.00000000e+00,-2.50522054e-07,-8.75571898e-07,-1.32566049e-06
0.00000000e+00,1.08629084e-07,-1.72210518e-07,-2.71109203e-07
0.00000000e+00,8.85121366e-08,-1.40319519e-07,-2.20903518e-07
0.00000000e+00,-1.35835077e-06,-3.15673153e-06,-4.74955158e-06
0.00000000e+00,-8.47991858e-07,-2.20449082e-06,-3.32343989e-06
0.00000000e+00,-1.51940953e-06,-3.41633374e-06,-5.13690136e-06
0.00000000e+00,-1.07838900e-06,-2.57917130e-06,-3.88263190e-06
0.00000000e+00,-1.62044205e-06,-3.55819659e-06,-5.34771810e-06
0.00000000e+00,-1.20470895e-06,-2.74916971e-06,-4.13491487e-06
0.00000000e+00,-3.63087534e-07,-1.27792854e-06,-1.93501703e-06
0.00000000e+00,-5.38934272e-07,-1.52845055e-06,-2.30747672e-06
0.00000000e+00,-6.12869689e-07,-1.57958553e-06,-2.38100158e-06
0.00000000e+00,1.58036543e-07,-2.50536127e-07,-3.94416405e-07
0.00000000e+00,1.28360320e-07,-2.03490654e-07,-3.20353194e-07
0.00000000e+00,1.00036128e-07,-1.58588541e-07,-2.49664251e-07
0.00000000e+00,8.04704853e-07,9.42117681e-07,1.39125706e-06
0.00000000e+00,8.30874782e-07,9.71889896e-07,1.43517406e-06
0.00000000e+00,8.17313497e-07,1.10406221e-06,1.63866512e-06
0.00000000e+00,8.18003266e-07,1.09039665e-06,1.61767257e-06
0.00000000e+00,5.08467454e-07,3.32815643e-07,4.76751252e-07
0.00000000e+00,8.25908711e-07,9.67699109e-07,1.42907648e-06
0.00000000e+00,5.16784374e-07,3.25483506e-07,4.64965797e-07
0.00000000e+00,8.06628719e-07,1.01432903e-06,1.50181972e-06
0.00000000e+00,8.28443736e-07,1.03915270e-06,1.53843746e-06
0.00000000e+00,4.86151687e-07,4.34216045e-07,6.33648768e-07
0.00000000e+00,8.19366068e-07,1.10064481e-06,1.63329191e-06
0.00000000e+00,4.93293431e-07,4.32865113e-07,6.31108800e-07
0.00000000e+00,7.86765989e-07,1.17969444e-06,1.75660473e-06
0.00000000e+00,7.83530025e-07,1.16569996e-06,1.73536591e-06
0.00000000e+00,8.05879229e-07,1.14955730e-06,1.70915338e-06
0.00000000e+00,8.07195883e-07,1.14090678e-06,1.69580695e-06
0.00000000e+00,4.56062667e-07,5.14526519e-07,7.58729300e-07
0.00000000e+00,7.83221350e-07,1.16884389e-06,1.74020535e-06
0.00000000e+00,4.53009905e-07,5.00603786e-07,7.37588415e-07
0.00000000e+00,7.48808863e-07,1.17214381e-06,1.74752442e-06
0.00000000e+00,7.40702971e-07,1.15217075e-06,1.71744127e-06
0.00000000e+00,1.36414985e-06,2.12808542e-06,3.17241205e-06
0.00000000e+00,1.40806615e-06,2.19762104e-06,3.27611447e-06
0.00000000e+00,1.39794273e-06,2.31003918e-06,3.44909950e-06
0.00000000e+00,1.41101418e-06,2.32398410e-06,3.46961619e-06
0.00000000e+00,1.10129775e-06,1.56356052e-06,2.32434952e-06
0.00000000e+00,1.39750214e-06,2.18140457e-06,3.25195110e-06
0.00000000e+00,1.12561324e-06,1.59139607e-06,2.36541974e-06
0.00000000e+00,1.38534418e-06,2.22765807e-06,3.32364944e-06
0.00000000e+00,1.41146228e-06,2.26464680e-06,3.37863168e-06
0.00000000e+00,1.11623241e-06,1.72425928e-06,2.56969519e-06
0.00000000e+00,1.40845624e-06,2.32496720e-06,3.47129119e-06
0.00000000e+00,1.12802430e-06,1.73422153e-06,2.58419112e-06
0.00000000e+00,1.37491030e-06,2.37834231e-06,3.55531101e-06
0.00000000e+00,1.37016471e-06,2.36275213e-06,3.53172539e-06
0.00000000e+00,1.39618887e-06,2.36371545e-06,3.53149231e-06
0.00000000e+00,1.39911188e-06,2.36041297e-06,3.52623808e-06
0.00000000e+00,1.09588550e-06,1.80911307e-06,2.70109992e-06
0.00000000e+00,1.37035417e-06,2.36618054e-06,3.53696818e-06
0.00000000e+00,1.08862912e-06,1.78778956e-06,2.66889092e-06
0.00000000e+00,1.32367802e-06,2.33306174e-06,3.48926855e-06
0.00000000e+00,1.31123665e-06,2.30512950e-06,3.44727002e-06
0.00000000e+00,1.84148299e-06,3.18854456e-06,4.76657590e-06
0.00000000e+00,1.88399308e-06,3.26297384e-06,4.87787192e-06
0.00000000e+00,1.85858618e-06,3.30185465e-06,4.93913946e-06
0.00000000e+00,1.88211416e-06,3.34184999e-06,4.99890054e-06
0.00000000e+00,1.61980216e-06,2.68800614e-06,4.01389010e-06
0.00000000e+00,1.87354795e-06,3.24473828e-06,4.85060578e-06
0.00000000e+00,1.65958050e-06,2.75255179e-06,4.11021549e-06
0.00000000e+00,1.85359006e-06,3.25231056e-06,4.86352411e-06
0.00000000e+00,1.88756748e-06,3.31143963e-06,4.95192780e-06
0.00000000e+00,1.64469165e-06,2.83880130e-06,4.24340106e-06
0.00000000e+00,1.87557533e-06,3.33230264e-06,4.98469548e-06
0.00000000e+00,1.66239649e-06,2.86458168e-06,4.28175532e-06
0.00000000e+00,1.82268751e-06,3.30916101e-06,4.95269743e-06
0.00000000e+00,1.82560838e-06,3.31147244e-06,4.95604861e-06
0.00000000e+00,1.85058089e-06,3.32539593e-06,4.97575059e-06
0.00000000e+00,1.86347997e-06,3.34589862e-06,5.00633068e-06
0.00000000e+00,1.61518598e-06,2.87652581e-06,4.30316545e-06
0.00000000e+00,1.82388939e-06,3.30979963e-06,4.95359737e-06
0.00000000e+00,1.61347289e-06,2.86828499e-06,4.29064605e-06
0.00000000e+00,1.76518142e-06,3.23370069e-06,4.84080616e-06
0.00000000e+00,1.75849189e-06,3.21855648e-06,4.81803186e-06
0.00000000e+00,7.24844756e-07,8.49475228e-07,1.25449678e-06
0.00000000e+00,7.63984759e-07,1.04212323e-06,1.54722558e-06
0.00000000e+00,4.34831251e-07,2.56053075e-07,3.63923541e-07
0.00000000e+00,7.73104004e-07,9.07207719e-07,1.33982145e-06
0.00000000e+00,7.65349984e-07,9.87669682e-07,1.46366686e-06
0.00000000e+00,4.67228420e-07,4.42511560e-07,6.47607737e-07
0.00000000e+00,7.94742700e-07,1.08127986e-06,1.60522607e-06
0.00000000e+00,8.04539721e-07,1.23760115e-06,1.84419926e-06
0.00000000e+00,7.99490580e-07,1.17031887e-06,1.74139744e-06
0.00000000e+00,4.59446005e-07,5.44364220e-07,8.04243702e-07
0.00000000e+00,7.93026135e-07,1.20339435e-06,1.79252184e-06
0.00000000e+00,7.77607184e-07,1.24092007e-06,1.85105605e-06
0.00000000e+00,1.26694489e-06,1.98691308e-06,2.96240232e-06
0.00000000e+00,1.34918459e-06,2.24801461e-06,3.35722850e-06
0.00000000e+00,9.81762058e-07,1.38577734e-06,2.05968797e-06
0.00000000e+00,1.32903730e-06,2.08043741e-06,3.10168167e-06
0.00000000e+00,1.30453094e-06,2.11039625e-06,3.14921401e-06
0.00000000e+00,1.08478379e-06,1.70146715e-06,2.53682439e-06
0.00000000e+00,1.37821950e-06,2.28833856e-06,3.41713150e-06
0.00000000e+00,1.38761103e-06,2.42148962e-06,3.62061489e-06
0.00000000e+00,1.37960435e-06,2.35716520e-06,3.52254133e-06
0.00000000e+00,1.11071845e-06,1.85883153e-06,2.77633630e-06
0.00000000e+00,1.38008037e-06,2.39755537e-06,3.58442206e-06
0.00000000e+00,1.35803539e-06,2.41064941e-06,3.60594152e-06
0.00000000e+00,1.70439582e-06,2.94569872e-06,4.40333624e-06
0.00000000e+00,1.78579344e-06,3.17715485e-06,4.75277582e-06
0.00000000e+00,1.49206656e-06,2.47567985e-06,3.69681791e-06
0.00000000e+00,1.78614859e-06,3.09101003e-06,4.62070554e-06
0.00000000e+00,1.75002903e-06,3.07129557e-06,4.59285921e-06
0.00000000e+00,1.58458769e-06,2.74678208e-06,4.10629819e-06
0.00000000e+00,1.82892508e-06,3.25297528e-06,4.86616344e-06
0.00000000e+00,1.81018370e-06,3.29459624e-06,4.93119330e-06
0.00000000e+00,1.80803760e-06,3.25597359e-06,4.87213163e-06
0.00000000e+00,1.61836719e-06,2.89698257e-06,4.33431356e-06
0.00000000e+00,1.81762886e-06,3.30426512e-06,4.94552512e-06
0.00000000e+00,1.78135848e-06,3.27127622e-06,4.89734098e-06
0.00000000e+00,6.70874385e-07,7.89995304e-07,1.16686876e-06
0.00000000e+00,7.90284022e-07,1.12998604e-06,1.68017818e-06
0.00000000e+00,8.10256663e-07,1.26666718e-06,1.88837750e-06
0.00000000e+00,1.13165428e-06,1.75480145e-06,2.61549854e-06
0.00000000e+00,1.31401403e-06,2.20563475e-06,3.29457719e-06
0.00000000e+00,1.39423355e-06,2.44871530e-06,3.66191267e-06
0.00000000e+00,1.60381415e-06,2.76759832e-06,4.13694321e-06
0.00000000e+00,1.72999962e-06,3.08248455e-06,4.61132608e-06
0.00000000e+00,1.79744918e-06,3.27758587e-06,4.90595560e-06
0.00000000e+00,7.24843951e-07,8.49473617e-07,1.25449434e-06
0.00000000e+00,7.63984190e-07,1.04212209e-06,1.54722386e-06
0.00000000e+00,4.34830449e-07,2.56051470e-07,3.63921111e-07
0.00000000e+00,6.70873637e-07,7.89993806e-07,1.16686648e-06
0.00000000e+00,7.65349378e-07,9.87668468e-07,1.46366502e-06
0.00000000e+00,4.67227785e-07,4.42510289e-07,6.47605813e-07
0.00000000e+00,7.90283404e-07,1.12998481e-06,1.68017630e-06
0.00000000e+00,8.04539298e-07,1.23760030e-06,1.84419798e-06
0.00000000e+00,7.99490052e-07,1.17031781e-06,1.74139584e-06
0.00000000e+00,4.59445576e-07,5.44363362e-07,8.04242399e-07
0.00000000e+00,8.10256161e-07,1.26666617e-06,1.88837597e-06
0.00000000e+00,7.77606840e-07,1.24091938e-06,1.85105501e-06
0.00000000e+00,1.26694484e-06,1.98691296e-06,2.96240212e-06
0.00000000e+00,1.34918418e-06,2.24801378e-06,3.35722724e-06
0.00000000e+00,9.81762201e-07,1.38577763e-06,2.05968838e-06
0.00000000e+00,1.13165362e-06,1.75480014e-06,2.61549656e-06
0.00000000e+00,1.30453034e-06,2.11039504e-06,3.14921219e-06
0.00000000e+00,1.08478324e-06,1.70146605e-06,2.53682272e-06
0.00000000e+00,1.31401350e-06,2.20563370e-06,3.29457560e-06
0.00000000e+00,1.38761063e-06,2.42148883e-06,3.62061370e-06
0.00000000e+00,1.37960396e-06,2.35716442e-06,3.52254014e-06
0.00000000e+00,1.11071804e-06,1.85883071e-06,2.77633506e-06
0.00000000e+00,1.39423309e-06,2.44871437e-06,3.66191124e-06
0.00000000e+00,1.35803505e-06,2.41064874e-06,3.60594050e-06
0.00000000e+00,1.70439539e-06,2.94569786e-06,4.40333493e-06
0.00000000e+00,1.78579303e-06,3.17715402e-06,4.75277457e-06
0.00000000e+00,1.49206625e-06,2.47567924e-06,3.69681698e-06
0.00000000e+00,1.60381358e-06,2.76759717e-06,4.13694147e-06
0.00000000e+00,1.75002868e-06,3.07129489e-06,4.59285816e-06
0.00000000e+00,1.58458733e-06,2.74678136e-06,4.10629709e-06
0.00000000e+00,1.72999910e-06,3.08248351e-06,4.61132451e-06
0.00000000e+00,1.81018334e-06,3.29459551e-06,4.93119220e-06
0.00000000e+00,1.80803720e-06,3.25597278e-06,4.87213041e-06
0.00000000e+00,1.61836681e-06,2.89698181e-06,4.33431241e-06
0.00000000e+00,1.79744873e-06,3.27758497e-06,4.90595425e-06
0.00000000e+00,1.78135815e-06,3.27127557e-06,4.89733999e-06
0.00000000e+00,8.04704091e-07,9.42116158e-07,1.39125476e-06
0.00000000e+00,8.17313231e-07,1.10406168e-06,1.63866431e-06
0.00000000e+00,5.08466898e-07,3.32814530e-07,4.76749571e-07
0.00000000e+00,7.73102790e-07,9.07205289e-07,1.33981779e-06
0.00000000e+00,8.06628056e-07,1.01432771e-06,1.50181772e-06
0.00000000e+00,4.86151392e-07,4.34215453e-07,6.33647871e-07
0.00000000e+00,7.94742191e-07,1.08127885e-06,1.60522453e-06
0.00000000e+00,7.86765749e-07,1.17969396e-06,1.75660400e-06
0.00000000e+00,8.05878986e-07,1.14955681e-06,1.70915264e-06
0.00000000e+00,4.56062431e-07,5.14526047e-07,7.58728585e-07
0.00000000e+00,7.93025809e-07,1.20339370e-06,1.79252085e-06
0.00000000e+00,7.48808680e-07,1.17214344e-06,1.74752386e-06
0.00000000e+00,1.36414934e-06,2.12808439e-06,3.17241051e-06
0.00000000e+00,1.39794252e-06,2.31003875e-06,3.44909886e-06
0.00000000e+00,1.10130125e-06,1.56356592e-06,2.32435754e-06
0.00000000e+00,1.32903790e-06,2.08043861e-06,3.10168345e-06
0.00000000e+00,1.38534378e-06,2.22765728e-06,3.32364824e-06
0.00000000e+00,1.11623210e-06,1.72425866e-06,2.56969426e-06
0.00000000e+00,1.37821915e-06,2.28833786e-06,3.41713044e-06
0.00000000e+00,1.37491010e-06,2.37834190e-06,3.55531039e-06
0.00000000e+00,1.39618866e-06,2.36371502e-06,3.53149167e-06
0.00000000e+00,1.09588529e-06,1.80911266e-06,2.70109929e-06
0.00000000e+00,1.38008007e-06,2.39755478e-06,3.58442116e-06
0.00000000e+00,1.32367784e-06,2.33306139e-06,3.48926802e-06
0.00000000e+00,1.84148266e-06,3.18854390e-06,4.76657489e-06
0.00000000e+00,1.85858593e-06,3.30185414e-06,4.93913869e-06
0.00000000e+00,1.61980178e-06,2.68800538e-06,4.01388895e-06
0.00000000e+00,1.78614812e-06,3.09100909e-06,4.62070412e-06
0.00000000e+00,1.85358978e-06,3.25230999e-06,4.86352325e-06
0.00000000e+00,1.64469139e-06,2.83880078e-06,4.24340028e-06
0.00000000e+00,1.82892473e-06,3.25297458e-06,4.86616238e-06
0.00000000e+00,1.82268732e-06,3.30916063e-06,4.95269686e-06
0.00000000e+00,1.85058068e-06,3.32539551e-06,4.97574995e-06
0.00000000e+00,1.61518580e-06,2.87652544e-06,4.30316488e-06
0.00000000e+00,1.81762859e-06,3.30426458e-06,4.94552430e-06
0.00000000e+00,1.76518125e-06,3.23370035e-06,4.84080565e-06
0.00000000e+00,8.25909337e-07,9.67700361e-07,1.42907835e-06
0.00000000e+00,8.19365923e-07,1.10064452e-06,1.63329147e-06
0.00000000e+00,7.83221245e-07,1.16884367e-06,1.74020503e-06
0.00000000e+00,1.39750093e-06,2.18140215e-06,3.25194745e-06
0.00000000e+00,1.40845616e-06,2.32496703e-06,3.47129093e-06
0.00000000e+00,1.37035406e-06,2.36618033e-06,3.53696785e-06
0.00000000e+00,1.87354788e-06,3.24473814e-06,4.85060557e-06
0.00000000e+00,1.87557521e-06,3.33230240e-06,4.98469512e-06
0.00000000e+00,1.82388929e-06,3.30979943e-06,4.95359707e-06
0.00000000e+00,2.32921104e-06,4.54575976e-06,6.81493887e-06
0.00000000e+00,2.39236521e-06,4.78473042e-06,7.17709564e-06
0.00000000e+00,2.20654182e-06,4.31390077e-06,6.46759316e-06
0.00000000e+00,2.25805727e-06,4.51611453e-06,6.77417181e-06
0.00000000e+00,2.34127520e-06,4.57340169e-06,6.85651718e-06
0.00000000e+00,2.38289141e-06,4.70945167e-06,7.06232713e-06
0.00000000e+00,2.39606636e-06,4.79213273e-06,7.18819910e-06
0.00000000e+00,2.29135604e-06,4.44309089e-06,6.66005001e-06
0.00000000e+00,2.34293184e-06,4.68586368e-06,7.02879553e-06
0.00000000e+00,2.34738446e-06,4.56862716e-06,6.84879720e-06
0.00000000e+00,2.40362986e-06,4.80725973e-06,7.21088960e-06
0.00000000e+00,2.22531939e-06,4.31804478e-06,6.47271168e-06
0.00000000e+00,2.34830145e-06,4.62679231e-06,6.93789531e-06
0.00000000e+00,2.26860876e-06,4.53721752e-06,6.80582628e-06
0.00000000e+00,2.04602351e-06,3.92546694e-06,5.88272853e-06
0.00000000e+00,2.02665685e-06,4.05331370e-06,6.07997056e-06
0.00000000e+00,2.17893681e-06,4.20477299e-06,6.30213038e-06
0.00000000e+00,2.20022713e-06,4.40045426e-06,6.60068140e-06
0.00000000e+00,1.82699387e-06,3.49672987e-06,5.23992915e-06
0.00000000e+00,2.09564675e-06,4.10773018e-06,6.15885036e-06
0.00000000e+00,1.82974617e-06,3.65949235e-06,5.48923854e-06
0.00000000e+00,2.30769400e-06,4.49825412e-06,6.74353352e-06
0.00000000e+00,2.36114350e-06,4.72228701e-06,7.08343051e-06
0.00000000e+00,2.13879933e-06,4.17618000e-06,6.26093856e-06
0.00000000e+00,2.17572830e-06,4.35145661e-06,6.52718492e-06
0.00000000e+00,2.31319837e-06,4.51149864e-06,6.76347375e-06
0.00000000e+00,2.34913193e-06,4.63969692e-06,6.95762156e-06
0.00000000e+00,2.37123437e-06,4.74246874e-06,7.11370311e-06
0.00000000e+00,2.40501478e-06,4.66146522e-06,6.98731773e-06
0.00000000e+00,2.45342865e-06,4.90685730e-06,7.36028595e-06
0.00000000e+00,2.38745646e-06,4.64206380e-06,6.95873183e-06
0.00000000e+00,2.44062654e-06,4.88125309e-06,7.32187964e-06
0.00000000e+00,2.35864442e-06,4.57319606e-06,6.85506089e-06
0.00000000e+00,2.45444004e-06,4.83459790e-06,7.24945681e-06
0.00000000e+00,2.40844402e-06,4.81688805e-06,7.22533209e-06
0.00000000e+00,2.34696937e-06,4.51394394e-06,6.76500337e-06
0.00000000e+00,2.38095893e-06,4.76191786e-06,7.14287680e-06
0.00000000e+00,2.38784316e-06,4.61140675e-06,6.91171381e-06
0.00000000e+00,2.42673793e-06,4.85347586e-06,7.28021379e-06
0.00000000e+00,2.22700129e-06,4.27967749e-06,6.41378994e-06
0.00000000e+00,2.37321103e-06,4.65604383e-06,6.98109697e-06
0.00000000e+00,2.23488985e-06,4.46977970e-06,6.70466956e-06
0.00000000e+00,2.29969439e-06,4.48063738e-06,6.71705528e-06
0.00000000e+00,2.34560555e-06,4.69121110e-06,7.03681665e-06
0.00000000e+00,2.11515530e-06,4.12808318e-06,6.18876676e-06
0.00000000e+00,2.14891357e-06,4.29782714e-06,6.44674071e-06
0.00000000e+00,2.29770590e-06,4.47746916e-06,6.71232952e-06
0.00000000e+00,2.33897763e-06,4.61857957e-06,6.92591896e-06
0.00000000e+00,2.34554546e-06,4.69109092e-06,7.03663638e-06
0.00000000e+00,2.44400690e-06,4.73621443e-06,7.09933528e-06
0.00000000e+00,2.49161148e-06,4.98322297e-06,7.47483446e-06
0.00000000e+00,2.39953165e-06,4.66378792e-06,6.99123831e-06
0.00000000e+00,2.45080808e-06,4.90161617e-06,7.35242426e-06
0.00000000e+00,2.43206335e-06,4.71394484e-06,7.06598404e-06
0.00000000e+00,2.48789420e-06,4.89988871e-06,7.34733988e-06
0.00000000e+00,2.48027437e-06,4.96054874e-06,7.44082311e-06
0.00000000e+00,2.43015012e-06,4.67545289e-06,7.00710740e-06
0.00000000e+00,2.45892408e-06,4.91784816e-06,7.37677224e-06
0.00000000e+00,2.44774540e-06,4.72716744e-06,7.08522201e-06
0.00000000e+00,2.48869691e-06,4.97739381e-06,7.46609072e-06
0.00000000e+00,2.41116466e-06,4.63882308e-06,6.95220673e-06
0.00000000e+00,2.47264474e-06,4.85206829e-06,7.27504027e-06
0.00000000e+00,2.44481577e-06,4.88963154e-06,7.33444732e-06
0.00000000e+00,2.10917542e-06,3.99583825e-06,5.98644820e-06
0.00000000e+00,2.02688821e-06,3.85681670e-06,5.77875524e-06
0.00000000e+00,2.10443555e-06,3.99299680e-06,5.98240409e-06
0.00000000e+00,2.23164579e-06,4.29570414e-06,6.43805124e-06
0.00000000e+00,2.08448328e-06,3.89534826e-06,5.83403448e-06
0.00000000e+00,2.12025245e-06,3.99243945e-06,5.98051063e-06
0.00000000e+00,2.00653608e-06,3.75273041e-06,5.62054382e-06
0.00000000e+00,2.20949766e-06,4.21237557e-06,6.31177624e-06
0.00000000e+00,1.94725537e-06,3.56978673e-06,5.34401344e-06
0.00000000e+00,2.02330347e-06,3.74743578e-06,5.61132638e-06
0.00000000e+00,1.73639981e-06,3.16590591e-06,4.73877791e-06
0.00000000e+00,2.00633721e-06,3.76520269e-06,5.63967500e-06
0.00000000e+00,2.11013955e-06,3.98954672e-06,5.97674090e-06
0.00000000e+00,1.98662567e-06,3.77218171e-06,5.65166776e-06
0.00000000e+00,2.10782063e-06,3.98901877e-06,5.97608398e-06
0.00000000e+00,2.22042307e-06,4.26691300e-06,6.39465608e-06
0.00000000e+00,2.19345909e-06,4.09686026e-06,6.13576246e-06
0.00000000e+00,2.17234754e-06,4.08429994e-06,6.11789635e-06
0.00000000e+00,2.14948933e-06,4.01714055e-06,6.01645290e-06
0.00000000e+00,2.31860114e-06,4.41789116e-06,6.61963273e-06
0.00000000e+00,2.16132681e-06,3.97327017e-06,5.94842858e-06
0.00000000e+00,2.18511490e-06,4.05050913e-06,6.06526139e-06
0.00000000e+00,2.07408582e-06,3.80906683e-06,5.70246121e-06
0.00000000e+00,2.27486689e-06,4.28279215e-06,6.41541962e-06
0.00000000e+00,2.11028059e-06,3.98725738e-06,5.97322242e-06
0.00000000e+00,1.97276962e-06,3.74318391e-06,5.60812882e-06
0.00000000e+00,2.10750049e-06,3.98298288e-06,5.96685290e-06
0.00000000e+00,2.21637352e-06,4.25671944e-06,6.37929693e-06
0.00000000e+00,2.22735030e-06,4.15949988e-06,6.22955295e-06
0.00000000e+00,2.18894148e-06,4.11363070e-06,6.16176579e-06
0.00000000e+00,2.21709031e-06,4.14155130e-06,6.20271455e-06
0.00000000e+00,2.35352435e-06,4.48354865e-06,6.71798136e-06
0.00000000e+00,2.23437561e-06,4.11165358e-06,6.15575029e-06
0.00000000e+00,2.23982838e-06,4.15350759e-06,6.21954791e-06
0.00000000e+00,2.21610744e-06,4.07682279e-06,6.10356013e-06
0.00000000e+00,2.35426633e-06,4.43522197e-06,6.64385514e-06
0.00000000e+00,1.96303239e-06,3.65192291e-06,5.46887925e-06
0.00000000e+00,1.94824106e-06,3.56245694e-06,5.33271323e-06
0.00000000e+00,1.83709932e-06,3.27759054e-06,4.90335789e-06
0.00000000e+00,1.97140317e-06,3.65933314e-06,5.47968808e-06
0.00000000e+00,2.03796264e-06,3.72323747e-06,5.57327098e-06
0.00000000e+00,2.01986364e-06,3.61443207e-06,5.40767785e-06
0.00000000e+00,1.97332628e-06,3.66012851e-06,5.48078091e-06
0.00000000e+00,2.06750690e-06,3.77622428e-06,5.65255076e-06
0.00000000e+00,2.07799578e-06,3.72121703e-06,5.56754390e-06
0.00000000e+00,1.98504984e-06,4.19261227e-06,6.29622760e-06
0.00000000e+00,1.91701696e-06,4.03099365e-06,6.05296029e-06
0.00000000e+00,1.98401311e-06,4.18390052e-06,6.28294192e-06
0.00000000e+00,1.81010614e-06,3.89435417e-06,5.85053638e-06
0.00000000e+00,1.93184909e-06,4.13731648e-06,6.21496265e-06
0.00000000e+00,1.98187258e-06,4.21181061e-06,6.32586447e-06
0.00000000e+00,1.86130796e-06,3.98295768e-06,5.98298834e-06
0.00000000e+00,1.76190975e-06,3.85784468e-06,5.79773922e-06
0.00000000e+00,1.76611249e-06,3.85694900e-06,5.79609017e-06
0.00000000e+00,1.85641490e-06,4.01200096e-06,6.02782874e-06
0.00000000e+00,1.56520346e-06,3.43730063e-06,5.16603193e-06
0.00000000e+00,1.61585695e-06,3.62832201e-06,5.45551096e-06
0.00000000e+00,1.98142869e-06,4.19358977e-06,6.29796385e-06
0.00000000e+00,1.87446177e-06,3.94999317e-06,5.93159457e-06
0.00000000e+00,1.98140240e-06,4.18942730e-06,6.29158514e-06
0.00000000e+00,1.81327157e-06,3.91001635e-06,5.87433617e-06
0.00000000e+00,2.03165428e-06,4.35336648e-06,6.53957767e-06
0.00000000e+00,2.02708970e-06,4.31457457e-06,6.48041542e-06
0.00000000e+00,1.99226983e-06,4.26637777e-06,6.40882460e-06
0.00000000e+00,1.84122063e-06,4.03512909e-06,6.06427886e-06
0.00000000e+00,1.96642808e-06,4.28223960e-06,6.43483609e-06
0.00000000e+00,2.00676315e-06,4.33324698e-06,6.51037279e-06
0.00000000e+00,1.88492083e-06,4.10894646e-06,6.17455875e-06
0.00000000e+00,1.78261860e-06,3.99053241e-06,5.99976888e-06
0.00000000e+00,1.98013529e-06,4.19357438e-06,6.29802523e-06
0.00000000e+00,1.85988850e-06,3.92213233e-06,5.88984555e-06
0.00000000e+00,1.97807241e-06,4.18816291e-06,6.28986579e-06
0.00000000e+00,1.81349281e-06,3.91350968e-06,5.87967637e-06
0.00000000e+00,2.06267667e-06,4.42055406e-06,6.64052795e-06
0.00000000e+00,2.04153202e-06,4.34731630e-06,6.52965471e-06
0.00000000e+00,2.05385109e-06,4.40033151e-06,6.61010967e-06
0.00000000e+00,1.86736114e-06,4.09351180e-06,6.15205336e-06
0.00000000e+00,2.03517365e-06,4.42744495e-06,6.65289751e-06
0.00000000e+00,2.05789058e-06,4.44193034e-06,6.67360898e-06
0.00000000e+00,2.01785689e-06,4.39110589e-06,6.59833289e-06
0.00000000e+00,1.83546287e-06,4.10570029e-06,6.17283208e-06
0.00000000e+00,2.26636391e-06,4.64539013e-06,6.97178598e-06
0.00000000e+00,2.15121404e-06,4.40161097e-06,6.60567445e-06
0.00000000e+00,2.28038802e-06,4.66992476e-06,7.00847252e-06
0.00000000e+00,2.13815945e-06,4.44390636e-06,6.67136452e-06
0.00000000e+00,2.21347018e-06,4.56656157e-06,6.85442870e-06
0.00000000e+00,2.27701794e-06,4.68017765e-06,7.02441003e-06
0.00000000e+00,2.15135371e-06,4.43530144e-06,6.65730767e-06
0.00000000e+00,2.09423760e-06,4.39509496e-06,6.59942958e-06
0.00000000e+00,1.95309873e-06,4.07277754e-06,6.11463821e-06
0.00000000e+00,2.09353160e-06,4.34016385e-06,6.51527489e-06
0.00000000e+00,1.73926980e-06,3.63579746e-06,5.45886188e-06
0.00000000e+00,1.86828843e-06,3.98404859e-06,5.98420195e-06
0.00000000e+00,2.24235248e-06,4.60183885e-06,6.90660593e-06
0.00000000e+00,2.08222433e-06,4.26586733e-06,6.40213244e-06
0.00000000e+00,2.24910405e-06,4.61310620e-06,6.92343353e-06
0.00000000e+00,2.12339687e-06,4.42072688e-06,6.63680375e-06
0.00000000e+00,2.32214019e-06,4.79284472e-06,7.19414718e-06
0.00000000e+00,2.31334841e-06,4.75954593e-06,7.14368278e-06
0.00000000e+00,2.27826419e-06,4.70062116e-06,7.05566496e-06
0.00000000e+00,2.19626145e-06,4.61183403e-06,6.92495506e-06
0.00000000e+00,2.24656177e-06,4.67311834e-06,7.01559005e-06
0.00000000e+00,2.29620204e-06,4.75668366e-06,7.14042181e-06
0.00000000e+00,2.12975632e-06,4.43383774e-06,6.65648291e-06
0.00000000e+00,2.12595715e-06,4.51885594e-06,6.78705252e-06
0.00000000e+00,2.23345056e-06,4.58565253e-06,6.88237959e-06
0.00000000e+00,2.05812914e-06,4.21848571e-06,6.33108657e-06
0.00000000e+00,2.23191323e-06,4.58176910e-06,6.87652788e-06
0.00000000e+00,2.11817895e-06,4.41238551e-06,6.62436049e-06
0.00000000e+00,2.35932771e-06,4.87045480e-06,7.31066856e-06
0.00000000e+00,2.32407014e-06,4.78341568e-06,7.17956709e-06
0.00000000e+00,2.34828647e-06,4.84675479e-06,7.27506542e-06
0.00000000e+00,2.22884793e-06,4.68119592e-06,7.02913549e-06
0.00000000e+00,2.32703556e-06,4.83891847e-06,7.26444964e-06
0.00000000e+00,2.35384853e-06,4.87602042e-06,7.31955979e-06
0.00000000e+00,2.30879823e-06,4.80110270e-06,7.20768193e-06
0.00000000e+00,2.20180374e-06,4.67691818e-06,7.02435509e-06
0.00000000e+00,2.35146785e-06,4.75926686e-06,7.14075069e-06
0.00000000e+00,2.30935850e-06,4.68852760e-06,7.03508458e-06
0.00000000e+00,2.04903200e-06,4.18162735e-06,6.27518595e-06
0.00000000e+00,2.31646117e-06,4.69148928e-06,7.03915775e-06
0.00000000e+00,2.41300274e-06,4.90028766e-06,7.35287154e-06
0.00000000e+00,2.32279476e-06,4.73596776e-06,7.10692042e-06
0.00000000e+00,2.30585572e-06,4.67108714e-06,7.00858111e-06
0.00000000e+00,2.44555460e-06,4.96700889e-06,7.45300651e-06
0.00000000e+00,2.42064258e-06,4.93450635e-06,7.40482169e-06
0.00000000e+00,2.11013936e-06,3.98954633e-06,5.97674030e-06
0.00000000e+00,1.98662550e-06,3.77218137e-06,5.65166724e-06
0.00000000e+00,2.10750039e-06,3.98298269e-06,5.96685261e-06
0.00000000e+00,1.97140298e-06,3.65933276e-06,5.47968749e-06
0.00000000e+00,2.19345885e-06,4.09685978e-06,6.13576173e-06
0.00000000e+00,2.17234732e-06,4.08429949e-06,6.11789567e-06
0.00000000e+00,2.21709019e-06,4.14155106e-06,6.20271418e-06
0.00000000e+00,2.03796240e-06,3.72323699e-06,5.57327026e-06
0.00000000e+00,2.16132652e-06,3.97326960e-06,5.94842771e-06
0.00000000e+00,2.18511464e-06,4.05050860e-06,6.06526058e-06
0.00000000e+00,2.21610728e-06,4.07682246e-06,6.10355964e-06
0.00000000e+00,2.01986334e-06,3.61443148e-06,5.40767695e-06
0.00000000e+00,2.10917503e-06,3.99583748e-06,5.98644703e-06
0.00000000e+00,2.02688788e-06,3.85681603e-06,5.77875423e-06
0.00000000e+00,2.10782034e-06,3.98901819e-06,5.97608310e-06
0.00000000e+00,1.96303202e-06,3.65192216e-06,5.46887812e-06
0.00000000e+00,2.08448280e-06,3.89534730e-06,5.83403302e-06
0.00000000e+00,2.12025201e-06,3.99243858e-06,5.98050932e-06
0.00000000e+00,2.14948897e-06,4.01713984e-06,6.01645182e-06
0.00000000e+00,1.94824060e-06,3.56245603e-06,5.33271184e-06
0.00000000e+00,1.94725482e-06,3.56978563e-06,5.34401177e-06
0.00000000e+00,2.02330293e-06,3.74743471e-06,5.61132476e-06
0.00000000e+00,2.07408541e-06,3.80906602e-06,5.70245997e-06
0.00000000e+00,1.83709882e-06,3.27758954e-06,4.90335636e-06
0.00000000e+00,2.10443508e-06,3.99299585e-06,5.98240265e-06
0.00000000e+00,2.00653548e-06,3.75272922e-06,5.62054201e-06
0.00000000e+00,1.73639907e-06,3.16590443e-06,4.73877567e-06
0.00000000e+00,2.30769380e-06,4.49825372e-06,6.74353292e-06
0.00000000e+00,2.13879916e-06,4.17617966e-06,6.26093804e-06
0.00000000e+00,2.29770580e-06,4.47746897e-06,6.71232922e-06
0.00000000e+00,2.22042287e-06,4.26691261e-06,6.39465549e-06
0.00000000e+00,2.40501452e-06,4.66146471e-06,6.98731696e-06
0.00000000e+00,2.38745623e-06,4.64206335e-06,6.95873115e-06
0.00000000e+00,2.43206322e-06,4.71394459e-06,7.06598365e-06
0.00000000e+00,2.31860089e-06,4.41789066e-06,6.61963197e-06
0.00000000e+00,2.34696907e-06,4.51394335e-06,6.76500247e-06
0.00000000e+00,2.38784289e-06,4.61140621e-06,6.91171298e-06
0.00000000e+00,2.41116451e-06,4.63882278e-06,6.95220629e-06
0.00000000e+00,2.27486659e-06,4.28279155e-06,6.41541872e-06
0.00000000e+00,2.32921064e-06,4.54575896e-06,6.81493766e-06
0.00000000e+00,2.20654148e-06,4.31390008e-06,6.46759212e-06
0.00000000e+00,2.31319807e-06,4.51149805e-06,6.76347285e-06
0.00000000e+00,2.23164540e-06,4.29570336e-06,6.43805005e-06
0.00000000e+00,2.29135552e-06,4.44308984e-06,6.66004843e-06
0.00000000e+00,2.34738400e-06,4.56862625e-06,6.84879581e-06
0.00000000e+00,2.35864403e-06,4.57319529e-06,6.85505972e-06
0.00000000e+00,2.20949715e-06,4.21237456e-06,6.31177470e-06
0.00000000e+00,2.04602283e-06,3.92546557e-06,5.88272646e-06
0.00000000e+00,2.17893621e-06,4.20477178e-06,6.30212856e-06
0.00000000e+00,2.22700081e-06,4.27967653e-06,6.41378849e-06
0.00000000e+00,2.00633660e-06,3.76520148e-06,5.63967316e-06
0.00000000e+00,2.34127472e-06,4.57340071e-06,6.85651570e-06
0.00000000e+00,2.22531877e-06,4.31804353e-06,6.47270978e-06
0.00000000e+00,1.82699317e-06,3.49672847e-06,5.23992703e-06
0.00000000e+00,2.36114331e-06,4.72228662e-06,7.08342992e-06
0.00000000e+00,2.17572813e-06,4.35145625e-06,6.52718438e-06
0.00000000e+00,2.34554536e-06,4.69109072e-06,7.03663608e-06
0.00000000e+00,2.34913173e-06,4.63969653e-06,6.95762096e-06
0.00000000e+00,2.45342841e-06,4.90685682e-06,7.36028523e-06
0.00000000e+00,2.44062633e-06,4.88125266e-06,7.32187899e-06
0.00000000e+00,2.48027425e-06,4.96054850e-06,7.44082275e-06
0.00000000e+00,2.45443979e-06,4.83459741e-06,7.24945606e-06
0.00000000e+00,2.38095864e-06,4.76191728e-06,7.14287592e-06
0.00000000e+00,2.42673765e-06,4.85347530e-06,7.28021295e-06
0.00000000e+00,2.44481563e-06,4.88963126e-06,7.33444689e-06
0.00000000e+00,2.37321073e-06,4.65604322e-06,6.98109605e-06
0.00000000e+00,2.39236482e-06,4.78472964e-06,7.17709446e-06
0.00000000e+00,2.25805693e-06,4.51611386e-06,6.77417078e-06
0.00000000e+00,2.37123408e-06,4.74246816e-06,7.11370224e-06
0.00000000e+00,2.38289103e-06,4.70945089e-06,7.06232595e-06
0.00000000e+00,2.34293138e-06,4.68586276e-06,7.02879414e-06
0.00000000e+00,2.40362940e-06,4.80725880e-06,7.21088820e-06
0.00000000e+00,2.40844368e-06,4.81688735e-06,7.22533102e-06
0.00000000e+00,2.34830097e-06,4.62679134e-06,6.93789384e-06
0.00000000e+00,2.02665630e-06,4.05331261e-06,6.07996890e-06
0.00000000e+00,2.20022665e-06,4.40045331e-06,6.60067995e-06
0.00000000e+00,2.23488941e-06,4.46977882e-06,6.70466822e-06
0.00000000e+00,2.09564620e-06,4.10772907e-06,6.15884867e-06
0.00000000e+00,2.39606585e-06,4.79213169e-06,7.18819753e-06
0.00000000e+00,2.26860812e-06,4.53721624e-06,6.80582435e-06
0.00000000e+00,1.82974550e-06,3.65949101e-06,5.48923650e-06
0.00000000e+00,2.24235228e-06,4.60183844e-06,6.90660532e-06
0.00000000e+00,2.08222416e-06,4.26586697e-06,6.40213190e-06
0.00000000e+00,2.23191313e-06,4.58176890e-06,6.87652758e-06
0.00000000e+00,2.31646097e-06,4.69148889e-06,7.03915716e-06
0.00000000e+00,2.32213995e-06,4.79284425e-06,7.19414647e-06
0.00000000e+00,2.31334818e-06,4.75954549e-06,7.14368211e-06
0.00000000e+00,2.34828635e-06,4.84675455e-06,7.27506506e-06
0.00000000e+00,2.41300250e-06,4.90028718e-06,7.35287081e-06
0.00000000e+00,2.24656145e-06,4.67311771e-06,7.01558909e-06
0.00000000e+00,2.29620179e-06,4.75668315e-06,7.14042104e-06
0.00000000e+00,2.30879808e-06,4.80110240e-06,7.20768148e-06
0.00000000e+00,2.32279447e-06,4.73596719e-06,7.10691956e-06
0.00000000e+00,2.26636351e-06,4.64538934e-06,6.97178477e-06
0.00000000e+00,2.15121367e-06,4.40161022e-06,6.60567332e-06
0.00000000e+00,2.24910375e-06,4.61310560e-06,6.92343261e-06
0.00000000e+00,2.35146746e-06,4.75926608e-06,7.14074950e-06
0.00000000e+00,2.21346975e-06,4.56656070e-06,6.85442737e-06
0.00000000e+00,2.27701755e-06,4.68017687e-06,7.02440885e-06
0.00000000e+00,2.27826386e-06,4.70062049e-06,7.05566395e-06
0.00000000e+00,2.30935808e-06,4.68852677e-06,7.03508331e-06
0.00000000e+00,1.95309841e-06,4.07277690e-06,6.11463724e-06
0.00000000e+00,2.09353111e-06,4.34016287e-06,6.51527341e-06
0.00000000e+00,2.12975596e-06,4.43383701e-06,6.65648181e-06
0.00000000e+00,2.04903154e-06,4.18162641e-06,6.27518453e-06
0.00000000e+00,2.28038759e-06,4.66992391e-06,7.00847122e-06
0.00000000e+00,2.15135301e-06,4.43530003e-06,6.65730554e-06
0.00000000e+00,1.73926902e-06,3.63579591e-06,5.45885952e-06
0.00000000e+00,1.98142848e-06,4.19358936e-06,6.29796322e-06
0.00000000e+00,1.87446158e-06,3.94999280e-06,5.93159401e-06
0.00000000e+00,1.97807230e-06,4.18816270e-06,6.28986547e-06
0.00000000e+00,2.12339667e-06,4.42072648e-06,6.63680315e-06
0.00000000e+00,2.03165404e-06,4.35336600e-06,6.53957694e-06
0.00000000e+00,2.02708948e-06,4.31457412e-06,6.48041474e-06
0.00000000e+00,2.05385097e-06,4.40033127e-06,6.61010930e-06
0.00000000e+00,2.19626120e-06,4.61183354e-06,6.92495433e-06
0.00000000e+00,1.96642779e-06,4.28223903e-06,6.43483522e-06
0.00000000e+00,2.00676288e-06,4.33324644e-06,6.51037196e-06
0.00000000e+00,2.01785674e-06,4.39110559e-06,6.59833244e-06
0.00000000e+00,2.12595688e-06,4.51885540e-06,6.78705169e-06
0.00000000e+00,1.98504944e-06,4.19261148e-06,6.29622639e-06
0.00000000e+00,1.91701660e-06,4.03099293e-06,6.05295921e-06
0.00000000e+00,1.98140211e-06,4.18942670e-06,6.29158424e-06
0.00000000e+00,2.13815904e-06,4.44390554e-06,6.67136328e-06
0.00000000e+00,1.93184858e-06,4.13731547e-06,6.21496112e-06
0.00000000e+00,1.98187211e-06,4.21180967e-06,6.32586304e-06
0.00000000e+00,1.99226946e-06,4.26637703e-06,6.40882347e-06
0.00000000e+00,2.09423716e-06,4.39509407e-06,6.59942822e-06
0.00000000e+00,1.76611198e-06,3.85694797e-06,5.79608861e-06
0.00000000e+00,1.85641442e-06,4.01200000e-06,6.02782728e-06
0.00000000e+00,1.88492044e-06,4.10894568e-06,6.17455757e-06
0.00000000e+00,1.86828789e-06,3.98404751e-06,5.98420031e-06
0.00000000e+00,1.98401256e-06,4.18389942e-06,6.28294025e-06
0.00000000e+00,1.86130740e-06,3.98295656e-06,5.98298663e-06
0.00000000e+00,1.56520261e-06,3.43729893e-06,5.16602935e-06
0.00000000e+00,1.81327137e-06,3.91001595e-06,5.87433556e-06
0.00000000e+00,1.84122040e-06,4.03512861e-06,6.06427814e-06
0.00000000e+00,1.78261832e-06,3.99053185e-06,5.99976803e-06
0.00000000e+00,1.81010575e-06,3.89435338e-06,5.85053518e-06
0.00000000e+00,1.76190925e-06,3.85784369e-06,5.79773771e-06
0.00000000e+00,1.61585642e-06,3.62832093e-06,5.45550932e-06
0.00000000e+00,-1.76611311e-06,-3.85695023e-06,-5.79609200e-06
0.00000000e+00,-1.93184980e-06,-4.13731790e-06,-6.21496476e-06
0.00000000e+00,-1.56520395e-06,-3.43730160e-06,-5.16603335e-06
0.00000000e+00,-1.61585760e-06,-3.62832329e-06,-5.45551286e-06
0.00000000e+00,-1.85641556e-06,-4.01200228e-06,-6.02783070e-06
0.00000000e+00,-1.86130856e-06,-3.98295888e-06,-5.98299011e-06
0.00000000e+00,-1.76191048e-06,-3.85784614e-06,-5.79774139e-06
0.00000000e+00,-1.98505065e-06,-4.19261388e-06,-6.29623000e-06
0.00000000e+00,-1.98187334e-06,-4.21181212e-06,-6.32586672e-06
0.00000000e+00,-1.98401382e-06,-4.18390195e-06,-6.28294403e-06
0.00000000e+00,-1.81010696e-06,-3.89435580e-06,-5.85053881e-06
0.00000000e+00,-1.91701782e-06,-4.03099536e-06,-6.05296284e-06
0.00000000e+00,-1.96642899e-06,-4.28224141e-06,-6.43483880e-06
0.00000000e+00,-2.03165524e-06,-4.35336840e-06,-6.53958053e-06
0.00000000e+00,-1.88492159e-06,-4.10894798e-06,-6.17456101e-06
0.00000000e+00,-1.78261952e-06,-3.99053424e-06,-5.99977162e-06
0.00000000e+00,-2.00676409e-06,-4.33324885e-06,-6.51037558e-06
0.00000000e+00,-1.99227067e-06,-4.26637944e-06,-6.40882708e-06
0.00000000e+00,-1.84122160e-06,-4.03513102e-06,-6.06428175e-06
0.00000000e+00,-1.98142970e-06,-4.19359179e-06,-6.29796687e-06
0.00000000e+00,-2.02709069e-06,-4.31457653e-06,-6.48041836e-06
0.00000000e+00,-1.98140332e-06,-4.18942912e-06,-6.29158785e-06
0.00000000e+00,-1.81327259e-06,-3.91001837e-06,-5.87433920e-06
0.00000000e+00,-1.87446281e-06,-3.94999524e-06,-5.93159768e-06
0.00000000e+00,-2.03517488e-06,-4.42744740e-06,-6.65290118e-06
0.00000000e+00,-2.06267790e-06,-4.42055651e-06,-6.64053163e-06
0.00000000e+00,-2.01785796e-06,-4.39110802e-06,-6.59833608e-06
0.00000000e+00,-1.83546409e-06,-4.10570272e-06,-6.17283573e-06
0.00000000e+00,-2.05789180e-06,-4.44193278e-06,-6.67361265e-06
0.00000000e+00,-2.05385219e-06,-4.40033369e-06,-6.61011293e-06
0.00000000e+00,-1.86736236e-06,-4.09351423e-06,-6.15205701e-06
0.00000000e+00,-1.98013652e-06,-4.19357683e-06,-6.29802891e-06
0.00000000e+00,-2.04153325e-06,-4.34731875e-06,-6.52965838e-06
0.00000000e+00,-1.97807353e-06,-4.18816514e-06,-6.28986913e-06
0.00000000e+00,-1.81349403e-06,-3.91351211e-06,-5.87968003e-06
0.00000000e+00,-1.85988973e-06,-3.92213479e-06,-5.88984923e-06
0.00000000e+00,-1.95309931e-06,-4.07277870e-06,-6.11463992e-06
0.00000000e+00,-2.21347087e-06,-4.56656294e-06,-6.85443074e-06
0.00000000e+00,-1.73927024e-06,-3.63579834e-06,-5.45886317e-06
0.00000000e+00,-1.86828903e-06,-3.98404978e-06,-5.98420371e-06
0.00000000e+00,-2.09353224e-06,-4.34016511e-06,-6.51527677e-06
0.00000000e+00,-2.15135429e-06,-4.43530258e-06,-6.65730936e-06
0.00000000e+00,-2.09423831e-06,-4.39509636e-06,-6.59943166e-06
0.00000000e+00,-2.26636471e-06,-4.64539173e-06,-6.97178836e-06
0.00000000e+00,-2.27701869e-06,-4.68017913e-06,-7.02441224e-06
0.00000000e+00,-2.28038872e-06,-4.66992616e-06,-7.00847460e-06
0.00000000e+00,-2.13816026e-06,-4.44390796e-06,-6.67136692e-06
0.00000000e+00,-2.15121490e-06,-4.40161267e-06,-6.60567700e-06
0.00000000e+00,-2.24656266e-06,-4.67312012e-06,-7.01559271e-06
0.00000000e+00,-2.32214114e-06,-4.79284661e-06,-7.19415001e-06
0.00000000e+00,-2.12975705e-06,-4.43383920e-06,-6.65648509e-06
0.00000000e+00,-2.12595805e-06,-4.51885774e-06,-6.78705521e-06
0.00000000e+00,-2.29620296e-06,-4.75668550e-06,-7.14042456e-06
0.00000000e+00,-2.27826501e-06,-4.70062279e-06,-7.05566740e-06
0.00000000e+00,-2.19626240e-06,-4.61183594e-06,-6.92495792e-06
0.00000000e+00,-2.24235349e-06,-4.60184086e-06,-6.90660895e-06
0.00000000e+00,-2.31334939e-06,-4.75954789e-06,-7.14368570e-06
0.00000000e+00,-2.24910495e-06,-4.61310801e-06,-6.92343622e-06
0.00000000e+00,-2.12339788e-06,-4.42072890e-06,-6.63680678e-06
0.00000000e+00,-2.08222538e-06,-4.26586941e-06,-6.40213555e-06
0.00000000e+00,-2.32703679e-06,-4.83892093e-06,-7.26445333e-06
0.00000000e+00,-2.35932894e-06,-4.87045725e-06,-7.31067224e-06
0.00000000e+00,-2.30879929e-06,-4.80110481e-06,-7.20768510e-06
0.00000000e+00,-2.20180497e-06,-4.67692064e-06,-7.02435877e-06
0.00000000e+00,-2.35384976e-06,-4.87602288e-06,-7.31956347e-06
0.00000000e+00,-2.34828756e-06,-4.84675697e-06,-7.27506868e-06
0.00000000e+00,-2.22884916e-06,-4.68119837e-06,-7.02913917e-06
0.00000000e+00,-2.23345179e-06,-4.58565499e-06,-6.88238328e-06
0.00000000e+00,-2.32407137e-06,-4.78341813e-06,-7.17957078e-06
0.00000000e+00,-2.23191435e-06,-4.58177134e-06,-6.87653123e-06
0.00000000e+00,-2.11818019e-06,-4.41238797e-06,-6.62436417e-06
0.00000000e+00,-2.05813038e-06,-4.21848818e-06,-6.33109028e-06
0.00000000e+00,-2.02665742e-06,-4.05331484e-06,-6.07997225e-06
0.00000000e+00,-2.34293252e-06,-4.68586504e-06,-7.02879755e-06
0.00000000e+00,-1.82974660e-06,-3.65949320e-06,-5.48923979e-06
0.00000000e+00,-2.04903258e-06,-4.18162849e-06,-6.27518764e-06
0.00000000e+00,-2.20022776e-06,-4.40045551e-06,-6.60068326e-06
0.00000000e+00,-2.26860932e-06,-4.53721864e-06,-6.80582795e-06
0.00000000e+00,-2.30935919e-06,-4.68852897e-06,-7.03508661e-06
0.00000000e+00,-2.39236601e-06,-4.78473201e-06,-7.17709801e-06
0.00000000e+00,-2.40363060e-06,-4.80726120e-06,-7.21089179e-06
0.00000000e+00,-2.39606706e-06,-4.79213412e-06,-7.18820117e-06
0.00000000e+00,-2.35146865e-06,-4.75926846e-06,-7.14075307e-06
0.00000000e+00,-2.25805812e-06,-4.51611624e-06,-6.77417435e-06
0.00000000e+00,-2.38095982e-06,-4.76191963e-06,-7.14287944e-06
0.00000000e+00,-2.45342959e-06,-4.90685919e-06,-7.36028877e-06
0.00000000e+00,-2.23489058e-06,-4.46978115e-06,-6.70467172e-06
0.00000000e+00,-2.32279565e-06,-4.73596953e-06,-7.10692307e-06
0.00000000e+00,-2.42673885e-06,-4.85347769e-06,-7.28021653e-06
0.00000000e+00,-2.40844484e-06,-4.81688968e-06,-7.22533451e-06
0.00000000e+00,-2.41300369e-06,-4.90028955e-06,-7.35287437e-06
0.00000000e+00,-2.36114451e-06,-4.72228902e-06,-7.08343353e-06
0.00000000e+00,-2.44062752e-06,-4.88125504e-06,-7.32188255e-06
0.00000000e+00,-2.37123527e-06,-4.74247054e-06,-7.11370580e-06
0.00000000e+00,-2.31646218e-06,-4.69149130e-06,-7.03916077e-06
0.00000000e+00,-2.17572935e-06,-4.35145869e-06,-6.52718803e-06
0.00000000e+00,-2.45892530e-06,-4.91785060e-06,-7.37677589e-06
0.00000000e+00,-2.49161271e-06,-4.98322541e-06,-7.47483812e-06
0.00000000e+00,-2.44481682e-06,-4.88963364e-06,-7.33445046e-06
0.00000000e+00,-2.42064380e-06,-4.93450879e-06,-7.40482536e-06
0.00000000e+00,-2.48869812e-06,-4.97739624e-06,-7.46609436e-06
0.00000000e+00,-2.48027545e-06,-4.96055091e-06,-7.44082636e-06
0.00000000e+00,-2.44555583e-06,-4.96701134e-06,-7.45301018e-06
0.00000000e+00,-2.34560678e-06,-4.69121355e-06,-7.03682033e-06
0.00000000e+00,-2.45080931e-06,-4.90161862e-06,-7.35242793e-06
0.00000000e+00,-2.34554658e-06,-4.69109316e-06,-7.03663973e-06
0.00000000e+00,-2.30585695e-06,-4.67108960e-06,-7.00858480e-06
0.00000000e+00,-2.14891480e-06,-4.29782960e-06,-6.44674440e-06
0.00000000e+00,-2.04602410e-06,-3.92546811e-06,-5.88273027e-06
0.00000000e+00,-2.29135674e-06,-4.44309227e-06,-6.66005207e-06
0.00000000e+00,-1.82699432e-06,-3.49673077e-06,-5.23993047e-06
0.00000000e+00,-2.09564733e-06,-4.10773133e-06,-6.15885206e-06
0.00000000e+00,-2.17893746e-06,-4.20477427e-06,-6.30213228e-06
0.00000000e+00,-2.22531997e-06,-4.31804593e-06,-6.47271338e-06
0.00000000e+00,-2.34830214e-06,-4.62679368e-06,-6.93789735e-06
0.00000000e+00,-2.32921184e-06,-4.54576136e-06,-6.81494125e-06
0.00000000e+00,-2.34738521e-06,-4.56862866e-06,-6.84879942e-06
0.00000000e+00,-2.34127591e-06,-4.57340309e-06,-6.85651927e-06
0.00000000e+00,-2.38289222e-06,-4.70945327e-06,-7.06232951e-06
0.00000000e+00,-2.20654268e-06,-4.31390248e-06,-6.46759571e-06
0.00000000e+00,-2.34697027e-06,-4.51394573e-06,-6.76500606e-06
0.00000000e+00,-2.40501573e-06,-4.66146712e-06,-6.98732058e-06
0.00000000e+00,-2.22700203e-06,-4.27967897e-06,-6.41379214e-06
0.00000000e+00,-2.37321193e-06,-4.65604561e-06,-6.98109963e-06
0.00000000e+00,-2.38784408e-06,-4.61140859e-06,-6.91171657e-06
0.00000000e+00,-2.35864524e-06,-4.57319771e-06,-6.85506334e-06
0.00000000e+00,-2.45444099e-06,-4.83459980e-06,-7.24945964e-06
0.00000000e+00,-2.30769501e-06,-4.49825614e-06,-6.74353654e-06
0.00000000e+00,-2.38745744e-06,-4.64206577e-06,-6.95873476e-06
0.00000000e+00,-2.31319928e-06,-4.51150045e-06,-6.76347645e-06
0.00000000e+00,-2.34913294e-06,-4.63969894e-06,-6.95762458e-06
0.00000000e+00,-2.13880037e-06,-4.17618208e-06,-6.26094168e-06
0.00000000e+00,-2.43015133e-06,-4.67545531e-06,-7.00711103e-06
0.00000000e+00,-2.44400812e-06,-4.73621687e-06,-7.09933893e-06
0.00000000e+00,-2.41116571e-06,-4.63882519e-06,-6.95220990e-06
0.00000000e+00,-2.47264595e-06,-4.85207072e-06,-7.27504391e-06
0.00000000e+00,-2.44774662e-06,-4.72716988e-06,-7.08522567e-06
0.00000000e+00,-2.43206444e-06,-4.71394702e-06,-7.06598729e-06
0.00000000e+00,-2.48789542e-06,-4.89989114e-06,-7.34734353e-06
0.00000000e+00,-2.29969562e-06,-4.48063984e-06,-6.71705896e-06
0.00000000e+00,-2.39953288e-06,-4.66379036e-06,-6.99124197e-06
0.00000000e+00,-2.29770702e-06,-4.47747140e-06,-6.71233287e-06
0.00000000e+00,-2.33897887e-06,-4.61858203e-06,-6.92592264e-06
0.00000000e+00,-2.11515653e-06,-4.12808564e-06,-6.18877045e-06
0.00000000e+00,-1.94725601e-06,-3.56978799e-06,-5.34401532e-06
0.00000000e+00,-2.08448401e-06,-3.89534971e-06,-5.83403663e-06
0.00000000e+00,-1.73640031e-06,-3.16590690e-06,-4.73877938e-06
0.00000000e+00,-2.00633782e-06,-3.76520390e-06,-5.63967680e-06
0.00000000e+00,-2.02330415e-06,-3.74743713e-06,-5.61132839e-06
0.00000000e+00,-2.00653669e-06,-3.75273164e-06,-5.62054563e-06
0.00000000e+00,-2.20949837e-06,-4.21237699e-06,-6.31177835e-06
0.00000000e+00,-2.10917623e-06,-3.99583988e-06,-5.98645063e-06
0.00000000e+00,-2.12025322e-06,-3.99244099e-06,-5.98051292e-06
0.00000000e+00,-2.10443628e-06,-3.99299824e-06,-5.98240623e-06
0.00000000e+00,-2.23164661e-06,-4.29570576e-06,-6.43805365e-06
0.00000000e+00,-2.02688907e-06,-3.85681842e-06,-5.77875781e-06
0.00000000e+00,-2.16132775e-06,-3.97327205e-06,-5.94843138e-06
0.00000000e+00,-2.19346006e-06,-4.09686221e-06,-6.13576537e-06
0.00000000e+00,-2.07408660e-06,-3.80906839e-06,-5.70246353e-06
0.00000000e+00,-2.27486781e-06,-4.28279398e-06,-6.41542235e-06
0.00000000e+00,-2.18511587e-06,-4.05051105e-06,-6.06526426e-06
0.00000000e+00,-2.14949018e-06,-4.01714225e-06,-6.01645543e-06
0.00000000e+00,-2.31860211e-06,-4.41789309e-06,-6.61963561e-06
0.00000000e+00,-2.11014058e-06,-3.98954876e-06,-5.97674395e-06
0.00000000e+00,-2.17234854e-06,-4.08430193e-06,-6.11789932e-06
0.00000000e+00,-2.10782155e-06,-3.98902060e-06,-5.97608672e-06
0.00000000e+00,-2.22042409e-06,-4.26691503e-06,-6.39465912e-06
0.00000000e+00,-1.98662672e-06,-3.77218380e-06,-5.65167088e-06
0.00000000e+00,-2.23437687e-06,-4.11165609e-06,-6.15575405e-06
0.00000000e+00,-2.22735154e-06,-4.15950235e-06,-6.22955666e-06
0.00000000e+00,-2.21610854e-06,-4.07682499e-06,-6.10356342e-06
0.00000000e+00,-2.35426757e-06,-4.43522443e-06,-6.64385883e-06
0.00000000e+00,-2.23982962e-06,-4.15351005e-06,-6.21955160e-06
0.00000000e+00,-2.21709142e-06,-4.14155352e-06,-6.20271787e-06
0.00000000e+00,-2.35352557e-06,-4.48355110e-06,-6.71798503e-06
0.00000000e+00,-2.11028182e-06,-3.98725984e-06,-5.97322610e-06
0.00000000e+00,-2.18894271e-06,-4.11363317e-06,-6.16176949e-06
0.00000000e+00,-2.10750161e-06,-3.98298513e-06,-5.96685627e-06
0.00000000e+00,-2.21637474e-06,-4.25672189e-06,-6.37930061e-06
0.00000000e+00,-1.97277085e-06,-3.74318637e-06,-5.60813250e-06
0.00000000e+00,-1.83709999e-06,-3.27759188e-06,-4.90335987e-06
0.00000000e+00,-1.94824180e-06,-3.56245843e-06,-5.33271545e-06
0.00000000e+00,-1.96303322e-06,-3.65192456e-06,-5.46888171e-06
0.00000000e+00,-2.01986459e-06,-3.61443398e-06,-5.40768070e-06
0.00000000e+00,-2.03796364e-06,-3.72323946e-06,-5.57327396e-06
0.00000000e+00,-1.97140420e-06,-3.65933519e-06,-5.47969114e-06
0.00000000e+00,-2.07799707e-06,-3.72121960e-06,-5.56754775e-06
0.00000000e+00,-2.06750814e-06,-3.77622675e-06,-5.65255446e-06
0.00000000e+00,-1.97332751e-06,-3.66013097e-06,-5.48078460e-06
0.00000000e+00,-2.24656302e-06,-4.67312084e-06,-7.01559380e-06
0.00000000e+00,-2.38096019e-06,-4.76192037e-06,-7.14288057e-06
0.00000000e+00,-2.32214147e-06,-4.79284728e-06,-7.19415103e-06
0.00000000e+00,-2.45342990e-06,-4.90685980e-06,-7.36028971e-06
0.00000000e+00,-2.30879948e-06,-4.80110519e-06,-7.20768568e-06
0.00000000e+00,-2.32279604e-06,-4.73597033e-06,-7.10692428e-06
0.00000000e+00,-2.44481701e-06,-4.88963402e-06,-7.33445103e-06
0.00000000e+00,-2.29620333e-06,-4.75668623e-06,-7.14042566e-06
0.00000000e+00,-2.42673919e-06,-4.85347837e-06,-7.28021756e-06
0.00000000e+00,-2.34828772e-06,-4.84675729e-06,-7.27506917e-06
0.00000000e+00,-2.41300401e-06,-4.90029019e-06,-7.35287534e-06
0.00000000e+00,-2.48027561e-06,-4.96055121e-06,-7.44082682e-06
0.00000000e+00,-2.24235374e-06,-4.60184136e-06,-6.90660970e-06
0.00000000e+00,-2.36114476e-06,-4.72228951e-06,-7.08343427e-06
0.00000000e+00,-2.31334967e-06,-4.75954846e-06,-7.14368657e-06
0.00000000e+00,-2.44062780e-06,-4.88125559e-06,-7.32188339e-06
0.00000000e+00,-2.23191447e-06,-4.58177159e-06,-6.87653161e-06
0.00000000e+00,-2.31646243e-06,-4.69149180e-06,-7.03916153e-06
0.00000000e+00,-2.34554670e-06,-4.69109340e-06,-7.03664010e-06
0.00000000e+00,-2.08222559e-06,-4.26586984e-06,-6.40213620e-06
0.00000000e+00,-2.17572956e-06,-4.35145912e-06,-6.52718868e-06
0.00000000e+00,-1.95310041e-06,-4.07278090e-06,-6.11464325e-06
0.00000000e+00,-2.02665814e-06,-4.05331627e-06,-6.07997442e-06
0.00000000e+00,-2.21347157e-06,-4.56656435e-06,-6.85443286e-06
0.00000000e+00,-2.34293312e-06,-4.68586624e-06,-7.02879936e-06
0.00000000e+00,-2.12975773e-06,-4.43384054e-06,-6.65648712e-06
0.00000000e+00,-2.04903340e-06,-4.18163013e-06,-6.27519013e-06
0.00000000e+00,-2.23489113e-06,-4.46978225e-06,-6.70467338e-06
0.00000000e+00,-2.09353303e-06,-4.34016670e-06,-6.51527916e-06
0.00000000e+00,-2.20022841e-06,-4.40045682e-06,-6.60068524e-06
0.00000000e+00,-2.27826553e-06,-4.70062383e-06,-7.05566896e-06
0.00000000e+00,-2.30935986e-06,-4.68853032e-06,-7.03508866e-06
0.00000000e+00,-2.40844529e-06,-4.81689058e-06,-7.22533588e-06
0.00000000e+00,-2.26636520e-06,-4.64539272e-06,-6.97178986e-06
0.00000000e+00,-2.39236649e-06,-4.78473298e-06,-7.17709947e-06
0.00000000e+00,-2.27701931e-06,-4.68018037e-06,-7.02441412e-06
0.00000000e+00,-2.40363114e-06,-4.80726228e-06,-7.21089343e-06
0.00000000e+00,-2.24910532e-06,-4.61310874e-06,-6.92343734e-06
0.00000000e+00,-2.35146914e-06,-4.75926944e-06,-7.14075455e-06
0.00000000e+00,-2.37123563e-06,-4.74247127e-06,-7.11370691e-06
0.00000000e+00,-2.15121531e-06,-4.40161349e-06,-6.60567823e-06
0.00000000e+00,-2.25805854e-06,-4.51611709e-06,-6.77417564e-06
0.00000000e+00,-1.73927105e-06,-3.63579997e-06,-5.45886563e-06
0.00000000e+00,-1.82974748e-06,-3.65949496e-06,-5.48924245e-06
0.00000000e+00,-2.15135496e-06,-4.43530392e-06,-6.65731140e-06
0.00000000e+00,-2.26861005e-06,-4.53722011e-06,-6.80583017e-06
0.00000000e+00,-2.28038939e-06,-4.66992751e-06,-7.00847663e-06
0.00000000e+00,-2.39606765e-06,-4.79213531e-06,-7.18820297e-06
0.00000000e+00,-1.96642935e-06,-4.28224214e-06,-6.43483990e-06
0.00000000e+00,-2.03165554e-06,-4.35336900e-06,-6.53958144e-06
0.00000000e+00,-2.01785814e-06,-4.39110837e-06,-6.59833661e-06
0.00000000e+00,-2.12595846e-06,-4.51885855e-06,-6.78705643e-06
0.00000000e+00,-2.00676441e-06,-4.33324950e-06,-6.51037656e-06
0.00000000e+00,-2.05385234e-06,-4.40033399e-06,-6.61011339e-06
0.00000000e+00,-2.19626272e-06,-4.61183657e-06,-6.92495887e-06
0.00000000e+00,-1.98142993e-06,-4.19359225e-06,-6.29796757e-06
0.00000000e+00,-2.02709096e-06,-4.31457707e-06,-6.48041917e-06
0.00000000e+00,-1.97807364e-06,-4.18816537e-06,-6.28986948e-06
0.00000000e+00,-2.12339813e-06,-4.42072939e-06,-6.63680752e-06
0.00000000e+00,-1.87446301e-06,-3.94999565e-06,-5.93159828e-06
0.00000000e+00,-1.76611385e-06,-3.85695172e-06,-5.79609425e-06
0.00000000e+00,-1.93185037e-06,-4.13731904e-06,-6.21496649e-06
0.00000000e+00,-1.88492216e-06,-4.10894913e-06,-6.17456275e-06
0.00000000e+00,-1.86828982e-06,-3.98405137e-06,-5.98420611e-06
0.00000000e+00,-1.85641625e-06,-4.01200366e-06,-6.02783279e-06
0.00000000e+00,-1.99227110e-06,-4.26638031e-06,-6.40882840e-06
0.00000000e+00,-2.09423897e-06,-4.39509769e-06,-6.59943367e-06
0.00000000e+00,-1.98505112e-06,-4.19261482e-06,-6.29623142e-06
0.00000000e+00,-1.98187384e-06,-4.21181312e-06,-6.32586824e-06
0.00000000e+00,-1.98140367e-06,-4.18942982e-06,-6.29158892e-06
0.00000000e+00,-2.13816073e-06,-4.44390891e-06,-6.67136835e-06
0.00000000e+00,-1.91701822e-06,-4.03099617e-06,-6.05296407e-06
0.00000000e+00,-1.56520469e-06,-3.43730309e-06,-5.16603561e-06
0.00000000e+00,-1.86130932e-06,-3.98296040e-06,-5.98299241e-06
0.00000000e+00,-1.98401434e-06,-4.18390299e-06,-6.28294561e-06
0.00000000e+00,-1.78261985e-06,-3.99053490e-06,-5.99977262e-06
0.00000000e+00,-1.84122188e-06,-4.03513157e-06,-6.06428258e-06
0.00000000e+00,-1.81327281e-06,-3.91001881e-06,-5.87433986e-06
0.00000000e+00,-1.61585825e-06,-3.62832460e-06,-5.45551484e-06
0.00000000e+00,-1.76191100e-06,-3.85784716e-06,-5.79774294e-06
0.00000000e+00,-1.81010740e-06,-3.89435667e-06,-5.85054014e-06
0.00000000e+00,-2.16132804e-06,-3.97327263e-06,-5.94843227e-06
0.00000000e+00,-2.19346032e-06,-4.09686271e-06,-6.13576614e-06
0.00000000e+00,-2.21610870e-06,-4.07682530e-06,-6.10356389e-06
0.00000000e+00,-2.01986488e-06,-3.61443456e-06,-5.40768158e-06
0.00000000e+00,-2.18511615e-06,-4.05051162e-06,-6.06526512e-06
0.00000000e+00,-2.21709154e-06,-4.14155377e-06,-6.20271825e-06
0.00000000e+00,-2.03796388e-06,-3.72323995e-06,-5.57327470e-06
0.00000000e+00,-2.11014080e-06,-3.98954920e-06,-5.97674461e-06
0.00000000e+00,-2.17234878e-06,-4.08430240e-06,-6.11790003e-06
0.00000000e+00,-2.10750172e-06,-3.98298535e-06,-5.96685660e-06
0.00000000e+00,-1.97140441e-06,-3.65933561e-06,-5.47969178e-06
0.00000000e+00,-1.98662692e-06,-3.77218420e-06,-5.65167149e-06
0.00000000e+00,-1.94725654e-06,-3.56978906e-06,-5.34401693e-06
0.00000000e+00,-2.08448452e-06,-3.89535073e-06,-5.83403819e-06
0.00000000e+00,-2.07408700e-06,-3.80906918e-06,-5.70246474e-06
0.00000000e+00,-1.83710053e-06,-3.27759296e-06,-4.90336150e-06
0.00000000e+00,-2.02330464e-06,-3.74743812e-06,-5.61132989e-06
0.00000000e+00,-2.14949056e-06,-4.01714301e-06,-6.01645660e-06
0.00000000e+00,-1.94824231e-06,-3.56245945e-06,-5.33271698e-06
0.00000000e+00,-2.10917666e-06,-3.99584072e-06,-5.98645191e-06
0.00000000e+00,-2.12025370e-06,-3.99244196e-06,-5.98051439e-06
0.00000000e+00,-2.10782187e-06,-3.98902124e-06,-5.97608768e-06
0.00000000e+00,-1.96303364e-06,-3.65192539e-06,-5.46888297e-06
0.00000000e+00,-2.02688947e-06,-3.85681920e-06,-5.77875900e-06
0.00000000e+00,-1.73640113e-06,-3.16590854e-06,-4.73878186e-06
0.00000000e+00,-2.00653726e-06,-3.75273276e-06,-5.62054735e-06
0.00000000e+00,-2.10443685e-06,-3.99299940e-06,-5.98240798e-06
0.00000000e+00,-2.34697063e-06,-4.51394646e-06,-6.76500716e-06
0.00000000e+00,-2.40501600e-06,-4.66146765e-06,-6.98732138e-06
0.00000000e+00,-2.41116589e-06,-4.63882553e-06,-6.95221042e-06
0.00000000e+00,-2.27486810e-06,-4.28279456e-06,-6.41542324e-06
0.00000000e+00,-2.38784438e-06,-4.61140919e-06,-6.91171746e-06
0.00000000e+00,-2.43206458e-06,-4.71394729e-06,-7.06598771e-06
0.00000000e+00,-2.31860237e-06,-4.41789361e-06,-6.61963640e-06
0.00000000e+00,-2.30769524e-06,-4.49825660e-06,-6.74353724e-06
0.00000000e+00,-2.38745770e-06,-4.64206627e-06,-6.95873553e-06
0.00000000e+00,-2.29770714e-06,-4.47747163e-06,-6.71233322e-06
0.00000000e+00,-2.22042431e-06,-4.26691548e-06,-6.39465979e-06
0.00000000e+00,-2.13880058e-06,-4.17618249e-06,-6.26094230e-06
0.00000000e+00,-2.04602440e-06,-3.92546871e-06,-5.88273119e-06
0.00000000e+00,-2.29135721e-06,-4.44309321e-06,-6.66005349e-06
0.00000000e+00,-2.22700243e-06,-4.27967976e-06,-6.41379335e-06
0.00000000e+00,-2.00633837e-06,-3.76520502e-06,-5.63967849e-06
0.00000000e+00,-2.17893795e-06,-4.20477525e-06,-6.30213377e-06
0.00000000e+00,-2.35864561e-06,-4.57319844e-06,-6.85506446e-06
0.00000000e+00,-2.20949883e-06,-4.21237791e-06,-6.31177975e-06
0.00000000e+00,-2.32921229e-06,-4.54576226e-06,-6.81494261e-06
0.00000000e+00,-2.34738564e-06,-4.56862952e-06,-6.84880074e-06
0.00000000e+00,-2.31319962e-06,-4.51150114e-06,-6.76347750e-06
0.00000000e+00,-2.23164705e-06,-4.29570665e-06,-6.43805500e-06
0.00000000e+00,-2.20654310e-06,-4.31390333e-06,-6.46759700e-06
0.00000000e+00,-1.82699521e-06,-3.49673254e-06,-5.23993316e-06
0.00000000e+00,-2.22532072e-06,-4.31804743e-06,-6.47271566e-06
0.00000000e+00,-2.34127640e-06,-4.57340407e-06,-6.85652076e-06
0.00000000e+00,-2.37321227e-06,-4.65604629e-06,-6.98110066e-06
0.00000000e+00,-2.45444128e-06,-4.83460038e-06,-7.24946052e-06
0.00000000e+00,-2.34913318e-06,-4.63969941e-06,-6.95762529e-06
0.00000000e+00,-2.09564794e-06,-4.10773254e-06,-6.15885390e-06
0.00000000e+00,-2.34830265e-06,-4.62679471e-06,-6.93789890e-06
0.00000000e+00,-2.38289268e-06,-4.70945420e-06,-7.06233092e-06
