0,1,2,3,4,5,6,7,8,9,10,11,16,17,18,19,12,13,14,15,24,22,21,23,20,25,26
4,5,6,7,27,28,29,30,16,17,18,19,35,36,37,38,31,32,33,34,42,40,39,41,25,43,44
27,28,29,30,45,46,47,48,35,36,37,38,53,54,55,56,49,50,51,52,60,58,57,59,43,61,62
3,2,63,64,7,6,65,66,10,67,68,69,18,72,73,74,15,14,70,71,78,76,23,77,75,79,80
7,6,65,66,30,29,81,82,18,72,73,74,37,85,86,87,34,33,83,84,90,88,41,89,79,91,92
30,29,81,82,48,47,93,94,37,85,86,87,55,97,98,99,52,51,95,96,102,100,59,101,91,103,104
64,63,105,106,66,65,107,108,68,109,110,111,73,114,115,116,71,70,112,113,120,118,77,119,117,121,122
66,65,107,108,82,81,123,124,73,114,115,116,86,127,128,129,84,83,125,126,132,130,89,131,121,133,134
82,81,123,124,94,93,135,136,86,127,128,129,98,139,140,141,96,95,137,138,144,142,101,143,133,145,146
1,147,148,2,5,149,150,6,151,152,153,9,156,157,158,17,13,154,155,14,22,161,160,162,159,163,164
5,149,150,6,28,165,166,29,156,157,158,17,169,170,171,36,32,167,168,33,40,173,172,174,163,175,176
28,165,166,29,46,177,178,47,169,170,171,36,181,182,183,54,50,179,180,51,58,185,184,186,175,187,188
2,148,189,63,6,150,190,65,153,191,192,67,158,194,195,72,14,155,193,70,76,197,162,198,196,199,200
6,150,190,65,29,166,201,81,158,194,195,72,171,203,204,85,33,168,202,83,88,205,174,206,199,207,208
29,166,201,81,47,178,209,93,171,203,204,85,183,211,212,97,51,180,210,95,100,213,186,214,207,215,216
63,189,217,105,65,190,218,107,192,219,220,109,195,222,223,114,70,193,221,112,118,225,198,226,224,227,228
65,190,218,107,81,201,229,123,195,222,223,114,204,231,232,127,83,202,230,125,130,233,206,234,227,235,236
81,201,229,123,93,209,237,135,204,231,232,127,212,239,240,139,95,210,238,137,142,241,214,242,235,243,244
147,245,246,148,149,247,248,150,249,250,251,152,254,255,256,157,154,252,253,155,161,259,258,260,257,261,262
149,247,248,150,165,263,264,166,254,255,256,157,267,268,269,170,167,265,266,168,173,271,270,272,261,273,274
165,263,264,166,177,275,276,178,267,268,269,170,279,280,281,182,179,277,278,180,185,283,282,284,273,285,286
148,246,287,189,150,248,288,190,251,289,290,191,256,292,293,194,155,253,291,193,197,295,260,296,294,297,298
150,248,288,190,166,264,299,201,256,292,293,194,269,301,302,203,168,266,300,202,205,303,272,304,297,305,306
166,264,299,201,178,276,307,209,269,301,302,203,281,309,310,211,180,278,308,210,213,311,284,312,305,313,314
189,287,315,217,190,288,316,218,290,317,318,219,293,320,321,222,193,291,319,221,225,323,296,324,322,325,326
190,288,316,218,201,299,327,229,293,320,321,222,302,329,330,231,202,300,328,230,233,331,304,332,325,333,334
201,299,327,229,209,307,335,237,302,329,330,231,310,337,338,239,210,308,336,238,241,339,312,340,333,341,342
245,343,344,246,247,345,346,248,347,348,349,250,352,353,354,255,252,350,351,253,259,357,356,358,355,359,360
247,345,346,248,263,361,362,264,352,353,354,255,365,366,367,268,265,363,364,266,271,369,368,370,359,371,372
263,361,362,264,275,373,374,276,365,366,367,268,377,378,379,280,277,375,376,278,283,381,380,382,371,383,384
246,344,385,287,248,346,386,288,349,387,388,289,354,390,391,292,253,351,389,291,295,393,358,394,392,395,396
248,346,386,288,264,362,397,299,354,390,391,292,367,399,400,301,266,364,398,300,303,401,370,402,395,403,404
264,362,397,299,276,374,405,307,367,399,400,301,379,407,408,309,278,376,406,308,311,409,382,410,403,411,412
287,385,413,315,288,386,414,316,388,415,416,317,391,418,419,320,291,389,417,319,323,421,394,422,420,423,424
288,386,414,316,299,397,425,327,391,418,419,320,400,427,428,329,300,398,426,328,331,429,402,430,423,431,432
299,397,425,327,307,405,433,335,400,427,428,329,408,435,436,337,308,406,434,336,339,437,410,438,431,439,440
343,441,442,344,345,443,444,346,445,446,447,348,450,451,452,353,350,448,449,351,357,455,454,456,453,457,458
345,443,444,346,361,459,460,362,450,451,452,353,463,464,465,366,363,461,462,364,369,467,466,468,457,469,470
361,459,460,362,373,471,472,374,463,464,465,366,475,476,477,378,375,473,474,376,381,479,478,480,469,481,482
344,442,483,385,346,444,484,386,447,485,486,387,452,488,489,390,351,449,487,389,393,491,456,492,490,493,494
346,444,484,386,362,460,495,397,452,488,489,390,465,497,498,399,364,462,496,398,401,499,468,500,493,501,502
362,460,495,397,374,472,503,405,465,497,498,399,477,505,506,407,376,474,504,406,409,507,480,508,501,509,510
385,483,511,413,386,484,512,414,486,513,514,415,489,516,517,418,389,487,515,417,421,519,492,520,518,521,522
386,484,512,414,397,495,523,425,489,516,517,418,498,525,526,427,398,496,524,426,429,527,500,528,521,529,530
397,495,523,425,405,503,531,433,498,525,526,427,506,533,534,435,406,504,532,434,437,535,508,536,529,537,538
441,539,540,442,443,541,542,444,543,544,545,446,548,549,550,451,448,546,547,449,455,553,552,554,551,555,556
443,541,542,444,459,557,558,460,548,549,550,451,561,562,563,464,461,559,560,462,467,565,564,566,555,567,568
459,557,558,460,471,569,570,472,561,562,563,464,573,574,575,476,473,571,572,474,479,577,576,578,567,579,580
442,540,581,483,444,542,582,484,545,583,584,485,550,586,587,488,449,547,585,487,491,589,554,590,588,591,592
444,542,582,484,460,558,593,495,550,586,587,488,563,595,596,497,462,560,594,496,499,597,566,598,591,599,600
460,558,593,495,472,570,601,503,563,595,596,497,575,603,604,505,474,572,602,504,507,605,578,606,599,607,608
483,581,609,511,484,582,610,512,584,611,612,513,587,614,615,516,487,585,613,515,519,617,590,618,616,619,620
484,582,610,512,495,593,621,523,587,614,615,516,596,623,624,525,496,594,622,524,527,625,598,626,619,627,628
495,593,621,523,503,601,629,531,596,623,624,525,604,631,632,533,504,602,630,532,535,633,606,634,627,635,636
47,48,45,46,637,638,639,640,55,56,53,54,645,646,647,648,641,642,643,644,652,650,649,651,61,653,654
637,638,639,640,655,656,657,658,645,646,647,648,663,664,665,666,659,660,661,662,670,668,667,669,653,671,672
655,656,657,658,673,674,675,676,663,664,665,666,681,682,683,684,677,678,679,680,688,686,685,687,671,689,690
178,47,46,177,691,637,640,692,183,54,181,182,695,648,696,697,693,641,644,694,700,652,698,699,187,701,702
691,637,640,692,703,655,658,704,695,648,696,697,707,666,708,709,705,659,662,706,712,670,710,711,701,713,714
703,655,658,704,715,673,676,716,707,666,708,709,719,684,720,721,717,677,680,718,724,688,722,723,713,725,726
276,178,177,275,727,691,692,728,281,182,279,280,731,697,732,733,729,693,694,730,736,700,734,735,285,737,738
727,691,692,728,739,703,704,740,731,697,732,733,743,709,744,745,741,705,706,742,748,712,746,747,737,749,750
739,703,704,740,751,715,716,752,743,709,744,745,755,721,756,757,753,717,718,754,760,724,758,759,749,761,762
93,94,48,47,763,764,638,637,98,99,55,97,767,768,645,769,765,766,642,641,772,771,770,649,103,773,774
763,764,638,637,775,776,656,655,767,768,645,769,779,780,663,781,777,778,660,659,784,783,782,667,773,785,786
775,776,656,655,787,788,674,673,779,780,663,781,791,792,681,793,789,790,678,677,796,795,794,685,785,797,798
209,93,47,178,799,763,637,691,212,97,183,211,801,769,695,802,800,765,641,693,804,772,803,698,215,805,806
799,763,637,691,807,775,655,703,801,769,695,802,809,781,707,810,808,777,659,705,812,784,811,710,805,813,814
807,775,655,703,815,787,673,715,809,781,707,810,817,793,719,818,816,789,677,717,820,796,819,722,813,821,822
307,209,178,276,823,799,691,727,310,211,281,309,825,802,731,826,824,800,693,729,828,804,827,734,313,829,830
823,799,691,727,831,807,703,739,825,802,731,826,833,810,743,834,832,808,705,741,836,812,835,746,829,837,838
831,807,703,739,839,815,715,751,833,810,743,834,841,818,755,842,840,816,717,753,844,820,843,758,837,845,846
135,136,94,93,847,848,764,763,140,141,98,139,851,852,767,853,849,850,766,765,856,855,854,770,145,857,858
847,848,764,763,859,860,776,775,851,852,767,853,863,864,779,865,861,862,778,777,868,867,866,782,857,869,870
859,860,776,775,871,872,788,787,863,864,779,865,875,876,791,877,873,874,790,789,880,879,878,794,869,881,882
237,135,93,209,883,847,763,799,240,139,212,239,885,853,801,886,884,849,765,800,888,856,887,803,243,889,890
883,847,763,799,891,859,775,807,885,853,801,886,893,865,809,894,892,861,777,808,896,868,895,811,889,897,898
891,859,775,807,899,871,787,815,893,865,809,894,901,877,817,902,900,873,789,816,904,880,903,819,897,905,906
335,237,209,307,907,883,799,823,338,239,310,337,909,886,825,910,908,884,800,824,912,888,911,827,341,913,914
907,883,799,823,915,891,807,831,909,886,825,910,917,894,833,918,916,892,808,832,920,896,919,835,913,921,922
915,891,807,831,923,899,815,839,917,894,833,918,925,902,841,926,924,900,816,840,928,904,927,843,921,929,930
335,307,405,433,907,823,931,932,337,408,435,436,910,935,936,937,908,824,933,934,940,938,912,939,439,941,942
907,823,931,932,915,831,943,944,910,935,936,937,918,947,948,949,916,832,945,946,952,950,920,951,941,953,954
915,831,943,944,923,839,955,956,918,947,948,949,926,959,960,961,924,840,957,958,964,962,928,963,953,965,966
433,405,503,531,932,931,967,968,435,506,533,534,936,971,972,973,934,933,969,970,976,974,939,975,537,977,978
932,931,967,968,944,943,979,980,936,971,972,973,948,983,984,985,946,945,981,982,988,986,951,987,977,989,990
944,943,979,980,956,955,991,992,948,983,984,985,960,995,996,997,958,957,993,994,1000,998,963,999,989,1001,1002
531,503,601,629,968,967,1003,1004,533,604,631,632,972,1007,1008,1009,970,969,1005,1006,1012,1010,975,1011,635,1013,1014
968,967,1003,1004,980,979,1015,1016,972,1007,1008,1009,984,1019,1020,1021,982,981,1017,1018,1024,1022,987,1023,1013,1025,1026
980,979,1015,1016,992,991,1027,1028,984,1019,1020,1021,996,1031,1032,1033,994,993,1029,1030,1036,1034,999,1035,1025,1037,1038
307,276,374,405,823,727,1039,931,309,379,407,408,826,1041,1042,935,824,729,1040,933,938,1043,828,1044,411,1045,1046
823,727,1039,931,831,739,1047,943,826,1041,1042,935,834,1049,1050,947,832,741,1048,945,950,1051,836,1052,1045,1053,1054
831,739,1047,943,839,751,1055,955,834,1049,1050,947,842,1057,1058,959,840,753,1056,957,962,1059,844,1060,1053,1061,1062
405,374,472,503,931,1039,1063,967,407,477,505,506,1042,1065,1066,971,933,1040,1064,969,974,1067,1044,1068,509,1069,1070
931,1039,1063,967,943,1047,1071,979,1042,1065,1066,971,1050,1073,1074,983,945,1048,1072,981,986,1075,1052,1076,1069,1077,1078
943,1047,1071,979,955,1055,1079,991,1050,1073,1074,983,1058,1081,1082,995,957,1056,1080,993,998,1083,1060,1084,1077,1085,1086
503,472,570,601,967,1063,1087,1003,505,575,603,604,1066,1089,1090,1007,969,1064,1088,1005,1010,1091,1068,1092,607,1093,1094
967,1063,1087,1003,979,1071,1095,1015,1066,1089,1090,1007,1074,1097,1098,1019,981,1072,1096,1017,1022,1099,1076,1100,1093,1101,1102
979,1071,1095,1015,991,1079,1103,1027,1074,1097,1098,1019,1082,1105,1106,1031,993,1080,1104,1029,1034,1107,1084,1108,1101,1109,1110
276,275,373,374,727,728,1111,1039,280,377,378,379,733,1113,1114,1041,729,730,1112,1040,1043,1115,736,1116,383,1117,1118
727,728,1111,1039,739,740,1119,1047,733,1113,1114,1041,745,1121,1122,1049,741,742,1120,1048,1051,1123,748,1124,1117,1125,1126
739,740,1119,1047,751,752,1127,1055,745,1121,1122,1049,757,1129,1130,1057,753,754,1128,1056,1059,1131,760,1132,1125,1133,1134
374,373,471,472,1039,1111,1135,1063,378,475,476,477,1114,1137,1138,1065,1040,1112,1136,1064,1067,1139,1116,1140,481,1141,1142
1039,1111,1135,1063,1047,1119,1143,1071,1114,1137,1138,1065,1122,1145,1146,1073,1048,1120,1144,1072,1075,1147,1124,1148,1141,1149,1150
1047,1119,1143,1071,1055,1127,1151,1079,1122,1145,1146,1073,1130,1153,1154,1081,1056,1128,1152,1080,1083,1155,1132,1156,1149,1157,1158
472,471,569,570,1063,1135,1159,1087,476,573,574,575,1138,1161,1162,1089,1064,1136,1160,1088,1091,1163,1140,1164,579,1165,1166
1063,1135,1159,1087,1071,1143,1167,1095,1138,1161,1162,1089,1146,1169,1170,1097,1072,1144,1168,1096,1099,1171,1148,1172,1165,1173,1174
1071,1143,1167,1095,1079,1151,1175,1103,1146,1169,1170,1097,1154,1177,1178,1105,1080,1152,1176,1104,1107,1179,1156,1180,1173,1181,1182
1183,217,315,1184,1185,218,316,1186,1187,318,1188,1189,1192,321,1193,1194,1190,221,319,1191,1198,324,1196,1197,1195,1199,1200
1185,218,316,1186,1201,229,327,1202,1192,321,1193,1194,1205,330,1206,1207,1203,230,328,1204,1210,332,1208,1209,1199,1211,1212
1201,229,327,1202,1213,237,335,1214,1205,330,1206,1207,1217,338,1218,1219,1215,238,336,1216,1222,340,1220,1221,1211,1223,1224
1225,1183,1184,1226,1227,1185,1186,1228,1229,1189,1230,1231,1234,1194,1235,1236,1232,1190,1191,1233,1240,1198,1238,1239,1237,1241,1242
1227,1185,1186,1228,1243,1201,1202,1244,1234,1194,1235,1236,1247,1207,1248,1249,1245,1203,1204,1246,1252,1210,1250,1251,1241,1253,1254
1243,1201,1202,1244,1255,1213,1214,1256,1247,1207,1248,1249,1259,1219,1260,1261,1257,1215,1216,1258,1264,1222,1262,1263,1253,1265,1266
1267,1225,1226,1268,1269,1227,1228,1270,1271,1231,1272,1273,1276,1236,1277,1278,1274,1232,1233,1275,1282,1240,1280,1281,1279,1283,1284
1269,1227,1228,1270,1285,1243,1244,1286,1276,1236,1277,1278,1289,1249,1290,1291,1287,1245,1246,1288,1294,1252,1292,1293,1283,1295,1296
1285,1243,1244,1286,1297,1255,1256,1298,1289,1249,1290,1291,1301,1261,1302,1303,1299,1257,1258,1300,1306,1264,1304,1305,1295,1307,1308
1309,105,217,1183,1310,107,218,1185,1311,220,1187,1312,1314,223,1192,1315,1313,112,221,1190,1318,226,1317,1196,1316,1319,1320
1310,107,218,1185,1321,123,229,1201,1314,223,1192,1315,1323,232,1205,1324,1322,125,230,1203,1326,234,1325,1208,1319,1327,1328
1321,123,229,1201,1329,135,237,1213,1323,232,1205,1324,1331,240,1217,1332,1330,137,238,1215,1334,242,1333,1220,1327,1335,1336
1337,1309,1183,1225,1338,1310,1185,1227,1339,1312,1229,1340,1342,1315,1234,1343,1341,1313,1190,1232,1346,1318,1345,1238,1344,1347,1348
1338,1310,1185,1227,1349,1321,1201,1243,1342,1315,1234,1343,1351,1324,1247,1352,1350,1322,1203,1245,1354,1326,1353,1250,1347,1355,1356
1349,1321,1201,1243,1357,1329,1213,1255,1351,1324,1247,1352,1359,1332,1259,1360,1358,1330,1215,1257,1362,1334,1361,1262,1355,1363,1364
1365,1337,1225,1267,1366,1338,1227,1269,1367,1340,1271,1368,1370,1343,1276,1371,1369,1341,1232,1274,1374,1346,1373,1280,1372,1375,1376
1366,1338,1227,1269,1377,1349,1243,1285,1370,1343,1276,1371,1379,1352,1289,1380,1378,1350,1245,1287,1382,1354,1381,1292,1375,1383,1384
1377,1349,1243,1285,1385,1357,1255,1297,1379,1352,1289,1380,1387,1360,1301,1388,1386,1358,1257,1299,1390,1362,1389,1304,1383,1391,1392
1393,106,105,1309,1394,108,107,1310,1395,110,1311,1396,1398,115,1314,1399,1397,113,112,1313,1402,119,1401,1317,1400,1403,1404
1394,108,107,1310,1405,124,123,1321,1398,115,1314,1399,1407,128,1323,1408,1406,126,125,1322,1410,131,1409,1325,1403,1411,1412
1405,124,123,1321,1413,136,135,1329,1407,128,1323,1408,1415,140,1331,1416,1414,138,137,1330,1418,143,1417,1333,1411,1419,1420
1421,1393,1309,1337,1422,1394,1310,1338,1423,1396,1339,1424,1426,1399,1342,1427,1425,1397,1313,1341,1430,1402,1429,1345,1428,1431,1432
1422,1394,1310,1338,1433,1405,1321,1349,1426,1399,1342,1427,1435,1408,1351,1436,1434,1406,1322,1350,1438,1410,1437,1353,1431,1439,1440
1433,1405,1321,1349,1441,1413,1329,1357,1435,1408,1351,1436,1443,1416,1359,1444,1442,1414,1330,1358,1446,1418,1445,1361,1439,1447,1448
1449,1421,1337,1365,1450,1422,1338,1366,1451,1424,1367,1452,1454,1427,1370,1455,1453,1425,1341,1369,1458,1430,1457,1373,1456,1459,1460
1450,1422,1338,1366,1461,1433,1349,1377,1454,1427,1370,1455,1463,1436,1379,1464,1462,1434,1350,1378,1466,1438,1465,1381,1459,1467,1468
1461,1433,1349,1377,1469,1441,1357,1385,1463,1436,1379,1464,1471,1444,1387,1472,1470,1442,1358,1386,1474,1446,1473,1389,1467,1475,1476
1477,511,609,1478,1479,512,610,1480,1481,612,1482,1483,1486,615,1487,1488,1484,515,613,1485,1492,618,1490,1491,1489,1493,1494
1479,512,610,1480,1495,523,621,1496,1486,615,1487,1488,1499,624,1500,1501,1497,524,622,1498,1504,626,1502,1503,1493,1505,1506
1495,523,621,1496,1507,531,629,1508,1499,624,1500,1501,1511,632,1512,1513,1509,532,630,1510,1516,634,1514,1515,1505,1517,1518
1519,1477,1478,1520,1521,1479,1480,1522,1523,1483,1524,1525,1528,1488,1529,1530,1526,1484,1485,1527,1534,1492,1532,1533,1531,1535,1536
1521,1479,1480,1522,1537,1495,1496,1538,1528,1488,1529,1530,1541,1501,1542,1543,1539,1497,1498,1540,1546,1504,1544,1545,1535,1547,1548
1537,1495,1496,1538,1549,1507,1508,1550,1541,1501,1542,1543,1553,1513,1554,1555,1551,1509,1510,1552,1558,1516,1556,1557,1547,1559,1560
1561,1519,1520,1562,1563,1521,1522,1564,1565,1525,1566,1567,1570,1530,1571,1572,1568,1526,1527,1569,1576,1534,1574,1575,1573,1577,1578
1563,1521,1522,1564,1579,1537,1538,1580,1570,1530,1571,1572,1583,1543,1584,1585,1581,1539,1540,1582,1588,1546,1586,1587,1577,1589,1590
1579,1537,1538,1580,1591,1549,1550,1592,1583,1543,1584,1585,1595,1555,1596,1597,1593,1551,1552,1594,1600,1558,1598,1599,1589,1601,1602
1603,413,511,1477,1604,414,512,1479,1605,514,1481,1606,1608,517,1486,1609,1607,417,515,1484,1612,520,1611,1490,1610,1613,1614
1604,414,512,1479,1615,425,523,1495,1608,517,1486,1609,1617,526,1499,1618,1616,426,524,1497,1620,528,1619,1502,1613,1621,1622
1615,425,523,1495,1623,433,531,1507,1617,526,1499,1618,1625,534,1511,1626,1624,434,532,1509,1628,536,1627,1514,1621,1629,1630
1631,1603,1477,1519,1632,1604,1479,1521,1633,1606,1523,1634,1636,1609,1528,1637,1635,1607,1484,1526,1640,1612,1639,1532,1638,1641,1642
1632,1604,1479,1521,1643,1615,1495,1537,1636,1609,1528,1637,1645,1618,1541,1646,1644,1616,1497,1539,1648,1620,1647,1544,1641,1649,1650
1643,1615,1495,1537,1651,1623,1507,1549,1645,1618,1541,1646,1653,1626,1553,1654,1652,1624,1509,1551,1656,1628,1655,1556,1649,1657,1658
1659,1631,1519,1561,1660,1632,1521,1563,1661,1634,1565,1662,1664,1637,1570,1665,1663,1635,1526,1568,1668,1640,1667,1574,1666,1669,1670
1660,1632,1521,1563,1671,1643,1537,1579,1664,1637,1570,1665,1673,1646,1583,1674,1672,1644,1539,1581,1676,1648,1675,1586,1669,1677,1678
1671,1643,1537,1579,1679,1651,1549,1591,1673,1646,1583,1674,1681,1654,1595,1682,1680,1652,1551,1593,1684,1656,1683,1598,1677,1685,1686
1184,315,413,1603,1186,316,414,1604,1188,416,1605,1687,1193,419,1608,1688,1191,319,417,1607,1690,422,1197,1611,1689,1691,1692
1186,316,414,1604,1202,327,425,1615,1193,419,1608,1688,1206,428,1617,1693,1204,328,426,1616,1694,430,1209,1619,1691,1695,1696
1202,327,425,1615,1214,335,433,1623,1206,428,1617,1693,1218,436,1625,1697,1216,336,434,1624,1698,438,1221,1627,1695,1699,1700
1226,1184,1603,1631,1228,1186,1604,1632,1230,1687,1633,1701,1235,1688,1636,1702,1233,1191,1607,1635,1704,1690,1239,1639,1703,1705,1706
1228,1186,1604,1632,1244,1202,1615,1643,1235,1688,1636,1702,1248,1693,1645,1707,1246,1204,1616,1644,1708,1694,1251,1647,1705,1709,1710
1244,1202,1615,1643,1256,1214,1623,1651,1248,1693,1645,1707,1260,1697,1653,1711,1258,1216,1624,1652,1712,1698,1263,1655,1709,1713,1714
1268,1226,1631,1659,1270,1228,1632,1660,1272,1701,1661,1715,1277,1702,1664,1716,1275,1233,1635,1663,1718,1704,1281,1667,1717,1719,1720
1270,1228,1632,1660,1286,1244,1643,1671,1277,1702,1664,1716,1290,1707,1673,1721,1288,1246,1644,1672,1722,1708,1293,1675,1719,1723,1724
1286,1244,1643,1671,1298,1256,1651,1679,1290,1707,1673,1721,1302,1711,1681,1725,1300,1258,1652,1680,1726,1712,1305,1683,1723,1727,1728
1329,1413,136,135,1729,1730,848,847,1416,1415,140,1331,1733,1734,851,1735,1731,1732,850,849,1738,1737,1736,854,1419,1739,1740
1729,1730,848,847,1741,1742,860,859,1733,1734,851,1735,1745,1746,863,1747,1743,1744,862,861,1750,1749,1748,866,1739,1751,1752
1741,1742,860,859,1753,1754,872,871,1745,1746,863,1747,1757,1758,875,1759,1755,1756,874,873,1762,1761,1760,878,1751,1763,1764
1213,1329,135,237,1765,1729,847,883,1332,1331,240,1217,1767,1735,885,1768,1766,1731,849,884,1770,1738,1769,887,1335,1771,1772
1765,1729,847,883,1773,1741,859,891,1767,1735,885,1768,1775,1747,893,1776,1774,1743,861,892,1778,1750,1777,895,1771,1779,1780
1773,1741,859,891,1781,1753,871,899,1775,1747,893,1776,1783,1759,901,1784,1782,1755,873,900,1786,1762,1785,903,1779,1787,1788
1214,1213,237,335,1789,1765,883,907,1219,1217,338,1218,1791,1768,909,1792,1790,1766,884,908,1794,1770,1793,911,1223,1795,1796
1789,1765,883,907,1797,1773,891,915,1791,1768,909,1792,1799,1776,917,1800,1798,1774,892,916,1802,1778,1801,919,1795,1803,1804
1797,1773,891,915,1805,1781,899,923,1799,1776,917,1800,1807,1784,925,1808,1806,1782,900,924,1810,1786,1809,927,1803,1811,1812
1357,1441,1413,1329,1813,1814,1730,1729,1444,1443,1416,1359,1817,1818,1733,1819,1815,1816,1732,1731,1822,1821,1820,1736,1447,1823,1824
1813,1814,1730,1729,1825,1826,1742,1741,1817,1818,1733,1819,1829,1830,1745,1831,1827,1828,1744,1743,1834,1833,1832,1748,1823,1835,1836
1825,1826,1742,1741,1837,1838,1754,1753,1829,1830,1745,1831,1841,1842,1757,1843,1839,1840,1756,1755,1846,1845,1844,1760,1835,1847,1848
1255,1357,1329,1213,1849,1813,1729,1765,1360,1359,1332,1259,1851,1819,1767,1852,1850,1815,1731,1766,1854,1822,1853,1769,1363,1855,1856
1849,1813,1729,1765,1857,1825,1741,1773,1851,1819,1767,1852,1859,1831,1775,1860,1858,1827,1743,1774,1862,1834,1861,1777,1855,1863,1864
1857,1825,1741,1773,1865,1837,1753,1781,1859,1831,1775,1860,1867,1843,1783,1868,1866,1839,1755,1782,1870,1846,1869,1785,1863,1871,1872
1256,1255,1213,1214,1873,1849,1765,1789,1261,1259,1219,1260,1875,1852,1791,1876,1874,1850,1766,1790,1878,1854,1877,1793,1265,1879,1880
1873,1849,1765,1789,1881,1857,1773,1797,1875,1852,1791,1876,1883,1860,1799,1884,1882,1858,1774,1798,1886,1862,1885,1801,1879,1887,1888
1881,1857,1773,1797,1889,1865,1781,1805,1883,1860,1799,1884,1891,1868,1807,1892,1890,1866,1782,1806,1894,1870,1893,1809,1887,1895,1896
1385,1469,1441,1357,1897,1898,1814,1813,1472,1471,1444,1387,1901,1902,1817,1903,1899,1900,1816,1815,1906,1905,1904,1820,1475,1907,1908
1897,1898,1814,1813,1909,1910,1826,1825,1901,1902,1817,1903,1913,1914,1829,1915,1911,1912,1828,1827,1918,1917,1916,1832,1907,1919,1920
1909,1910,1826,1825,1921,1922,1838,1837,1913,1914,1829,1915,1925,1926,1841,1927,1923,1924,1840,1839,1930,1929,1928,1844,1919,1931,1932
1297,1385,1357,1255,1933,1897,1813,1849,1388,1387,1360,1301,1935,1903,1851,1936,1934,1899,1815,1850,1938,1906,1937,1853,1391,1939,1940
1933,1897,1813,1849,1941,1909,1825,1857,1935,1903,1851,1936,1943,1915,1859,1944,1942,1911,1827,1858,1946,1918,1945,1861,1939,1947,1948
1941,1909,1825,1857,1949,1921,1837,1865,1943,1915,1859,1944,1951,1927,1867,1952,1950,1923,1839,1866,1954,1930,1953,1869,1947,1955,1956
1298,1297,1255,1256,1957,1933,1849,1873,1303,1301,1261,1302,1959,1936,1875,1960,1958,1934,1850,1874,1962,1938,1961,1877,1307,1963,1964
1957,1933,1849,1873,1965,1941,1857,1881,1959,1936,1875,1960,1967,1944,1883,1968,1966,1942,1858,1882,1970,1946,1969,1885,1963,1971,1972
1965,1941,1857,1881,1973,1949,1865,1889,1967,1944,1883,1968,1975,1952,1891,1976,1974,1950,1866,1890,1978,1954,1977,1893,1971,1979,1980
1298,1256,1651,1679,1957,1873,1981,1982,1302,1711,1681,1725,1960,1985,1986,1987,1958,1874,1983,1984,1990,1988,1962,1989,1727,1991,1992
1957,1873,1981,1982,1965,1881,1993,1994,1960,1985,1986,1987,1968,1997,1998,1999,1966,1882,1995,1996,2002,2000,1970,2001,1991,2003,2004
1965,1881,1993,1994,1973,1889,2005,2006,1968,1997,1998,1999,1976,2009,2010,2011,1974,1890,2007,2008,2014,2012,1978,2013,2003,2015,2016
1679,1651,1549,1591,1982,1981,2017,2018,1681,1654,1595,1682,1986,2021,2022,2023,1984,1983,2019,2020,2026,2024,1989,2025,1685,2027,2028
1982,1981,2017,2018,1994,1993,2029,2030,1986,2021,2022,2023,1998,2033,2034,2035,1996,1995,2031,2032,2038,2036,2001,2037,2027,2039,2040
1994,1993,2029,2030,2006,2005,2041,2042,1998,2033,2034,2035,2010,2045,2046,2047,2008,2007,2043,2044,2050,2048,2013,2049,2039,2051,2052
1591,1549,1550,1592,2018,2017,2053,2054,1595,1555,1596,1597,2022,2057,2058,2059,2020,2019,2055,2056,2062,2060,2025,2061,1601,2063,2064
2018,2017,2053,2054,2030,2029,2065,2066,2022,2057,2058,2059,2034,2069,2070,2071,2032,2031,2067,2068,2074,2072,2037,2073,2063,2075,2076
2030,2029,2065,2066,2042,2041,2077,2078,2034,2069,2070,2071,2046,2081,2082,2083,2044,2043,2079,2080,2086,2084,2049,2085,2075,2087,2088
1256,1214,1623,1651,1873,1789,2089,1981,1260,1697,1653,1711,1876,2091,2092,1985,1874,1790,2090,1983,1988,2093,1878,2094,1713,2095,2096
1873,1789,2089,1981,1881,1797,2097,1993,1876,2091,2092,1985,1884,2099,2100,1997,1882,1798,2098,1995,2000,2101,1886,2102,2095,2103,2104
1881,1797,2097,1993,1889,1805,2105,2005,1884,2099,2100,1997,1892,2107,2108,2009,1890,1806,2106,2007,2012,2109,1894,2110,2103,2111,2112
1651,1623,1507,1549,1981,2089,2113,2017,1653,1626,1553,1654,2092,2115,2116,2021,1983,2090,2114,2019,2024,2117,2094,2118,1657,2119,2120
1981,2089,2113,2017,1993,2097,2121,2029,2092,2115,2116,2021,2100,2123,2124,2033,1995,2098,2122,2031,2036,2125,2102,2126,2119,2127,2128
1993,2097,2121,2029,2005,2105,2129,2041,2100,2123,2124,2033,2108,2131,2132,2045,2007,2106,2130,2043,2048,2133,2110,2134,2127,2135,2136
1549,1507,1508,1550,2017,2113,2137,2053,1553,1513,1554,1555,2116,2139,2140,2057,2019,2114,2138,2055,2060,2141,2118,2142,1559,2143,2144
2017,2113,2137,2053,2029,2121,2145,2065,2116,2139,2140,2057,2124,2147,2148,2069,2031,2122,2146,2067,2072,2149,2126,2150,2143,2151,2152
2029,2121,2145,2065,2041,2129,2153,2077,2124,2147,2148,2069,2132,2155,2156,2081,2043,2130,2154,2079,2084,2157,2134,2158,2151,2159,2160
1214,335,433,1623,1789,907,932,2089,1218,436,1625,1697,1792,937,2161,2091,1790,908,934,2090,2093,940,1794,2162,1699,2163,2164
1789,907,932,2089,1797,915,944,2097,1792,937,2161,2091,1800,949,2165,2099,1798,916,946,2098,2101,952,1802,2166,2163,2167,2168
1797,915,944,2097,1805,923,956,2105,1800,949,2165,2099,1808,961,2169,2107,1806,924,958,2106,2109,964,1810,2170,2167,2171,2172
1623,433,531,1507,2089,932,968,2113,1625,534,1511,1626,2161,973,2173,2115,2090,934,970,2114,2117,976,2162,2174,1629,2175,2176
2089,932,968,2113,2097,944,980,2121,2161,973,2173,2115,2165,985,2177,2123,2098,946,982,2122,2125,988,2166,2178,2175,2179,2180
2097,944,980,2121,2105,956,992,2129,2165,985,2177,2123,2169,997,2181,2131,2106,958,994,2130,2133,1000,2170,2182,2179,2183,2184
1507,531,629,1508,2113,968,1004,2137,1511,632,1512,1513,2173,1009,2185,2139,2114,970,1006,2138,2141,1012,2174,2186,1517,2187,2188
2113,968,1004,2137,2121,980,1016,2145,2173,1009,2185,2139,2177,1021,2189,2147,2122,982,1018,2146,2149,1024,2178,2190,2187,2191,2192
2121,980,1016,2145,2129,992,1028,2153,2177,1021,2189,2147,2181,1033,2193,2155,2130,994,1030,2154,2157,1036,2182,2194,2191,2195,2196
673,674,675,676,2197,2198,2199,2200,681,682,683,684,2205,2206,2207,2208,2201,2202,2203,2204,2212,2210,2209,2211,689,2213,2214
2197,2198,2199,2200,2215,2216,2217,2218,2205,2206,2207,2208,2223,2224,2225,2226,2219,2220,2221,2222,2230,2228,2227,2229,2213,2231,2232
2215,2216,2217,2218,2233,2234,2235,2236,2223,2224,2225,2226,2241,2242,2243,2244,2237,2238,2239,2240,2248,2246,2245,2247,2231,2249,2250
715,673,676,716,2251,2197,2200,2252,719,684,720,721,2255,2208,2256,2257,2253,2201,2204,2254,2260,2212,2258,2259,725,2261,2262
2251,2197,2200,2252,2263,2215,2218,2264,2255,2208,2256,2257,2267,2226,2268,2269,2265,2219,2222,2266,2272,2230,2270,2271,2261,2273,2274
2263,2215,2218,2264,2275,2233,2236,2276,2267,2226,2268,2269,2279,2244,2280,2281,2277,2237,2240,2278,2284,2248,2282,2283,2273,2285,2286
751,715,716,752,2287,2251,2252,2288,755,721,756,757,2291,2257,2292,2293,2289,2253,2254,2290,2296,2260,2294,2295,761,2297,2298
2287,2251,2252,2288,2299,2263,2264,2300,2291,2257,2292,2293,2303,2269,2304,2305,2301,2265,2266,2302,2308,2272,2306,2307,2297,2309,2310
2299,2263,2264,2300,2311,2275,2276,2312,2303,2269,2304,2305,2315,2281,2316,2317,2313,2277,2278,2314,2320,2284,2318,2319,2309,2321,2322
787,788,674,673,2323,2324,2198,2197,791,792,681,793,2327,2328,2205,2329,2325,2326,2202,2201,2332,2331,2330,2209,797,2333,2334
2323,2324,2198,2197,2335,2336,2216,2215,2327,2328,2205,2329,2339,2340,2223,2341,2337,2338,2220,2219,2344,2343,2342,2227,2333,2345,2346
2335,2336,2216,2215,2347,2348,2234,2233,2339,2340,2223,2341,2351,2352,2241,2353,2349,2350,2238,2237,2356,2355,2354,2245,2345,2357,2358
815,787,673,715,2359,2323,2197,2251,817,793,719,818,2361,2329,2255,2362,2360,2325,2201,2253,2364,2332,2363,2258,821,2365,2366
2359,2323,2197,2251,2367,2335,2215,2263,2361,2329,2255,2362,2369,2341,2267,2370,2368,2337,2219,2265,2372,2344,2371,2270,2365,2373,2374
2367,2335,2215,2263,2375,2347,2233,2275,2369,2341,2267,2370,2377,2353,2279,2378,2376,2349,2237,2277,2380,2356,2379,2282,2373,2381,2382
839,815,715,751,2383,2359,2251,2287,841,818,755,842,2385,2362,2291,2386,2384,2360,2253,2289,2388,2364,2387,2294,845,2389,2390
2383,2359,2251,2287,2391,2367,2263,2299,2385,2362,2291,2386,2393,2370,2303,2394,2392,2368,2265,2301,2396,2372,2395,2306,2389,2397,2398
2391,2367,2263,2299,2399,2375,2275,2311,2393,2370,2303,2394,2401,2378,2315,2402,2400,2376,2277,2313,2404,2380,2403,2318,2397,2405,2406
871,872,788,787,2407,2408,2324,2323,875,876,791,877,2411,2412,2327,2413,2409,2410,2326,2325,2416,2415,2414,2330,881,2417,2418
2407,2408,2324,2323,2419,2420,2336,2335,2411,2412,2327,2413,2423,2424,2339,2425,2421,2422,2338,2337,2428,2427,2426,2342,2417,2429,2430
2419,2420,2336,2335,2431,2432,2348,2347,2423,2424,2339,2425,2435,2436,2351,2437,2433,2434,2350,2349,2440,2439,2438,2354,2429,2441,2442
899,871,787,815,2443,2407,2323,2359,901,877,817,902,2445,2413,2361,2446,2444,2409,2325,2360,2448,2416,2447,2363,905,2449,2450
2443,2407,2323,2359,2451,2419,2335,2367,2445,2413,2361,2446,2453,2425,2369,2454,2452,2421,2337,2368,2456,2428,2455,2371,2449,2457,2458
2451,2419,2335,2367,2459,2431,2347,2375,2453,2425,2369,2454,2461,2437,2377,2462,2460,2433,2349,2376,2464,2440,2463,2379,2457,2465,2466
923,899,815,839,2467,2443,2359,2383,925,902,841,926,2469,2446,2385,2470,2468,2444,2360,2384,2472,2448,2471,2387,929,2473,2474
2467,2443,2359,2383,2475,2451,2367,2391,2469,2446,2385,2470,2477,2454,2393,2478,2476,2452,2368,2392,2480,2456,2479,2395,2473,2481,2482
2475,2451,2367,2391,2483,2459,2375,2399,2477,2454,2393,2478,2485,2462,2401,2486,2484,2460,2376,2400,2488,2464,2487,2403,2481,2489,2490
923,839,955,956,2467,2383,2491,2492,926,959,960,961,2470,2495,2496,2497,2468,2384,2493,2494,2500,2498,2472,2499,965,2501,2502
2467,2383,2491,2492,2475,2391,2503,2504,2470,2495,2496,2497,2478,2507,2508,2509,2476,2392,2505,2506,2512,2510,2480,2511,2501,2513,2514
2475,2391,2503,2504,2483,2399,2515,2516,2478,2507,2508,2509,2486,2519,2520,2521,2484,2400,2517,2518,2524,2522,2488,2523,2513,2525,2526
956,955,991,992,2492,2491,2527,2528,960,995,996,997,2496,2531,2532,2533,2494,2493,2529,2530,2536,2534,2499,2535,1001,2537,2538
2492,2491,2527,2528,2504,2503,2539,2540,2496,2531,2532,2533,2508,2543,2544,2545,2506,2505,2541,2542,2548,2546,2511,2547,2537,2549,2550
2504,2503,2539,2540,2516,2515,2551,2552,2508,2543,2544,2545,2520,2555,2556,2557,2518,2517,2553,2554,2560,2558,2523,2559,2549,2561,2562
992,991,1027,1028,2528,2527,2563,2564,996,1031,1032,1033,2532,2567,2568,2569,2530,2529,2565,2566,2572,2570,2535,2571,1037,2573,2574
2528,2527,2563,2564,2540,2539,2575,2576,2532,2567,2568,2569,2544,2579,2580,2581,2542,2541,2577,2578,2584,2582,2547,2583,2573,2585,2586
2540,2539,2575,2576,2552,2551,2587,2588,2544,2579,2580,2581,2556,2591,2592,2593,2554,2553,2589,2590,2596,2594,2559,2595,2585,2597,2598
839,751,1055,955,2383,2287,2599,2491,842,1057,1058,959,2386,2601,2602,2495,2384,2289,2600,2493,2498,2603,2388,2604,1061,2605,2606
2383,2287,2599,2491,2391,2299,2607,2503,2386,2601,2602,2495,2394,2609,2610,2507,2392,2301,2608,2505,2510,2611,2396,2612,2605,2613,2614
2391,2299,2607,2503,2399,2311,2615,2515,2394,2609,2610,2507,2402,2617,2618,2519,2400,2313,2616,2517,2522,2619,2404,2620,2613,2621,2622
955,1055,1079,991,2491,2599,2623,2527,1058,1081,1082,995,2602,2625,2626,2531,2493,2600,2624,2529,2534,2627,2604,2628,1085,2629,2630
2491,2599,2623,2527,2503,2607,2631,2539,2602,2625,2626,2531,2610,2633,2634,2543,2505,2608,2632,2541,2546,2635,2612,2636,2629,2637,2638
2503,2607,2631,2539,2515,2615,2639,2551,2610,2633,2634,2543,2618,2641,2642,2555,2517,2616,2640,2553,2558,2643,2620,2644,2637,2645,2646
991,1079,1103,1027,2527,2623,2647,2563,1082,1105,1106,1031,2626,2649,2650,2567,2529,2624,2648,2565,2570,2651,2628,2652,1109,2653,2654
2527,2623,2647,2563,2539,2631,2655,2575,2626,2649,2650,2567,2634,2657,2658,2579,2541,2632,2656,2577,2582,2659,2636,2660,2653,2661,2662
2539,2631,2655,2575,2551,2639,2663,2587,2634,2657,2658,2579,2642,2665,2666,2591,2553,2640,2664,2589,2594,2667,2644,2668,2661,2669,2670
751,752,1127,1055,2287,2288,2671,2599,757,1129,1130,1057,2293,2673,2674,2601,2289,2290,2672,2600,2603,2675,2296,2676,1133,2677,2678
2287,2288,2671,2599,2299,2300,2679,2607,2293,2673,2674,2601,2305,2681,2682,2609,2301,2302,2680,2608,2611,2683,2308,2684,2677,2685,2686
2299,2300,2679,2607,2311,2312,2687,2615,2305,2681,2682,2609,2317,2689,2690,2617,2313,2314,2688,2616,2619,2691,2320,2692,2685,2693,2694
1055,1127,1151,1079,2599,2671,2695,2623,1130,1153,1154,1081,2674,2697,2698,2625,2600,2672,2696,2624,2627,2699,2676,2700,1157,2701,2702
2599,2671,2695,2623,2607,2679,2703,2631,2674,2697,2698,2625,2682,2705,2706,2633,2608,2680,2704,2632,2635,2707,2684,2708,2701,2709,2710
2607,2679,2703,2631,2615,2687,2711,2639,2682,2705,2706,2633,2690,2713,2714,2641,2616,2688,2712,2640,2643,2715,2692,2716,2709,2717,2718
1079,1151,1175,1103,2623,2695,2719,2647,1154,1177,1178,1105,2698,2721,2722,2649,2624,2696,2720,2648,2651,2723,2700,2724,1181,2725,2726
2623,2695,2719,2647,2631,2703,2727,2655,2698,2721,2722,2649,2706,2729,2730,2657,2632,2704,2728,2656,2659,2731,2708,2732,2725,2733,2734
2631,2703,2727,2655,2639,2711,2735,2663,2706,2729,2730,2657,2714,2737,2738,2665,2640,2712,2736,2664,2667,2739,2716,2740,2733,2741,2742
1753,1754,872,871,2743,2744,2408,2407,1757,1758,875,1759,2747,2748,2411,2749,2745,2746,2410,2409,2752,2751,2750,2414,1763,2753,2754
2743,2744,2408,2407,2755,2756,2420,2419,2747,2748,2411,2749,2759,2760,2423,2761,2757,2758,2422,2421,2764,2763,2762,2426,2753,2765,2766
2755,2756,2420,2419,2767,2768,2432,2431,2759,2760,2423,2761,2771,2772,2435,2773,2769,2770,2434,2433,2776,2775,2774,2438,2765,2777,2778
1781,1753,871,899,2779,2743,2407,2443,1783,1759,901,1784,2781,2749,2445,2782,2780,2745,2409,2444,2784,2752,2783,2447,1787,2785,2786
2779,2743,2407,2443,2787,2755,2419,2451,2781,2749,2445,2782,2789,2761,2453,2790,2788,2757,2421,2452,2792,2764,2791,2455,2785,2793,2794
2787,2755,2419,2451,2795,2767,2431,2459,2789,2761,2453,2790,2797,2773,2461,2798,2796,2769,2433,2460,2800,2776,2799,2463,2793,2801,2802
1805,1781,899,923,2803,2779,2443,2467,1807,1784,925,1808,2805,2782,2469,2806,2804,2780,2444,2468,2808,2784,2807,2471,1811,2809,2810
2803,2779,2443,2467,2811,2787,2451,2475,2805,2782,2469,2806,2813,2790,2477,2814,2812,2788,2452,2476,2816,2792,2815,2479,2809,2817,2818
2811,2787,2451,2475,2819,2795,2459,2483,2813,2790,2477,2814,2821,2798,2485,2822,2820,2796,2460,2484,2824,2800,2823,2487,2817,2825,2826
1837,1838,1754,1753,2827,2828,2744,2743,1841,1842,1757,1843,2831,2832,2747,2833,2829,2830,2746,2745,2836,2835,2834,2750,1847,2837,2838
2827,2828,2744,2743,2839,2840,2756,2755,2831,2832,2747,2833,2843,2844,2759,2845,2841,2842,2758,2757,2848,2847,2846,2762,2837,2849,2850
2839,2840,2756,2755,2851,2852,2768,2767,2843,2844,2759,2845,2855,2856,2771,2857,2853,2854,2770,2769,2860,2859,2858,2774,2849,2861,2862
1865,1837,1753,1781,2863,2827,2743,2779,1867,1843,1783,1868,2865,2833,2781,2866,2864,2829,2745,2780,2868,2836,2867,2783,1871,2869,2870
2863,2827,2743,2779,2871,2839,2755,2787,2865,2833,2781,2866,2873,2845,2789,2874,2872,2841,2757,2788,2876,2848,2875,2791,2869,2877,2878
2871,2839,2755,2787,2879,2851,2767,2795,2873,2845,2789,2874,2881,2857,2797,2882,2880,2853,2769,2796,2884,2860,2883,2799,2877,2885,2886
1889,1865,1781,1805,2887,2863,2779,2803,1891,1868,1807,1892,2889,2866,2805,2890,2888,2864,2780,2804,2892,2868,2891,2807,1895,2893,2894
2887,2863,2779,2803,2895,2871,2787,2811,2889,2866,2805,2890,2897,2874,2813,2898,2896,2872,2788,2812,2900,2876,2899,2815,2893,2901,2902
2895,2871,2787,2811,2903,2879,2795,2819,2897,2874,2813,2898,2905,2882,2821,2906,2904,2880,2796,2820,2908,2884,2907,2823,2901,2909,2910
1921,1922,1838,1837,2911,2912,2828,2827,1925,1926,1841,1927,2915,2916,2831,2917,2913,2914,2830,2829,2920,2919,2918,2834,1931,2921,2922
2911,2912,2828,2827,2923,2924,2840,2839,2915,2916,2831,2917,2927,2928,2843,2929,2925,2926,2842,2841,2932,2931,2930,2846,2921,2933,2934
2923,2924,2840,2839,2935,2936,2852,2851,2927,2928,2843,2929,2939,2940,2855,2941,2937,2938,2854,2853,2944,2943,2942,2858,2933,2945,2946
1949,1921,1837,1865,2947,2911,2827,2863,1951,1927,1867,1952,2949,2917,2865,2950,2948,2913,2829,2864,2952,2920,2951,2867,1955,2953,2954
2947,2911,2827,2863,2955,2923,2839,2871,2949,2917,2865,2950,2957,2929,2873,2958,2956,2925,2841,2872,2960,2932,2959,2875,2953,2961,2962
2955,2923,2839,2871,2963,2935,2851,2879,2957,2929,2873,2958,2965,2941,2881,2966,2964,2937,2853,2880,2968,2944,2967,2883,2961,2969,2970
1973,1949,1865,1889,2971,2947,2863,2887,1975,1952,1891,1976,2973,2950,2889,2974,2972,2948,2864,2888,2976,2952,2975,2891,1979,2977,2978
2971,2947,2863,2887,2979,2955,2871,2895,2973,2950,2889,2974,2981,2958,2897,2982,2980,2956,2872,2896,2984,2960,2983,2899,2977,2985,2986
2979,2955,2871,2895,2987,2963,2879,2903,2981,2958,2897,2982,2989,2966,2905,2990,2988,2964,2880,2904,2992,2968,2991,2907,2985,2993,2994
1973,1889,2005,2006,2971,2887,2995,2996,1976,2009,2010,2011,2974,2999,3000,3001,2972,2888,2997,2998,3004,3002,2976,3003,2015,3005,3006
2971,2887,2995,2996,2979,2895,3007,3008,2974,2999,3000,3001,2982,3011,3012,3013,2980,2896,3009,3010,3016,3014,2984,3015,3005,3017,3018
2979,2895,3007,3008,2987,2903,3019,3020,2982,3011,3012,3013,2990,3023,3024,3025,2988,2904,3021,3022,3028,3026,2992,3027,3017,3029,3030
2006,2005,2041,2042,2996,2995,3031,3032,2010,2045,2046,2047,3000,3035,3036,3037,2998,2997,3033,3034,3040,3038,3003,3039,2051,3041,3042
2996,2995,3031,3032,3008,3007,3043,3044,3000,3035,3036,3037,3012,3047,3048,3049,3010,3009,3045,3046,3052,3050,3015,3051,3041,3053,3054
3008,3007,3043,3044,3020,3019,3055,3056,3012,3047,3048,3049,3024,3059,3060,3061,3022,3021,3057,3058,3064,3062,3027,3063,3053,3065,3066
2042,2041,2077,2078,3032,3031,3067,3068,2046,2081,2082,2083,3036,3071,3072,3073,3034,3033,3069,3070,3076,3074,3039,3075,2087,3077,3078
3032,3031,3067,3068,3044,3043,3079,3080,3036,3071,3072,3073,3048,3083,3084,3085,3046,3045,3081,3082,3088,3086,3051,3087,3077,3089,3090
3044,3043,3079,3080,3056,3055,3091,3092,3048,3083,3084,3085,3060,3095,3096,3097,3058,3057,3093,3094,3100,3098,3063,3099,3089,3101,3102
1889,1805,2105,2005,2887,2803,3103,2995,1892,2107,2108,2009,2890,3105,3106,2999,2888,2804,3104,2997,3002,3107,2892,3108,2111,3109,3110
2887,2803,3103,2995,2895,2811,3111,3007,2890,3105,3106,2999,2898,3113,3114,3011,2896,2812,3112,3009,3014,3115,2900,3116,3109,3117,3118
2895,2811,3111,3007,2903,2819,3119,3019,2898,3113,3114,3011,2906,3121,3122,3023,2904,2820,3120,3021,3026,3123,2908,3124,3117,3125,3126
2005,2105,2129,2041,2995,3103,3127,3031,2108,2131,2132,2045,3106,3129,3130,3035,2997,3104,3128,3033,3038,3131,3108,3132,2135,3133,3134
2995,3103,3127,3031,3007,3111,3135,3043,3106,3129,3130,3035,3114,3137,3138,3047,3009,3112,3136,3045,3050,3139,3116,3140,3133,3141,3142
3007,3111,3135,3043,3019,3119,3143,3055,3114,3137,3138,3047,3122,3145,3146,3059,3021,3120,3144,3057,3062,3147,3124,3148,3141,3149,3150
2041,2129,2153,2077,3031,3127,3151,3067,2132,2155,2156,2081,3130,3153,3154,3071,3033,3128,3152,3069,3074,3155,3132,3156,2159,3157,3158
3031,3127,3151,3067,3043,3135,3159,3079,3130,3153,3154,3071,3138,3161,3162,3083,3045,3136,3160,3081,3086,3163,3140,3164,3157,3165,3166
3043,3135,3159,3079,3055,3143,3167,3091,3138,3161,3162,3083,3146,3169,3170,3095,3057,3144,3168,3093,3098,3171,3148,3172,3165,3173,3174
1805,923,956,2105,2803,2467,2492,3103,1808,961,2169,2107,2806,2497,3175,3105,2804,2468,2494,3104,3107,2500,2808,3176,2171,3177,3178
2803,2467,2492,3103,2811,2475,2504,3111,2806,2497,3175,3105,2814,2509,3179,3113,2812,2476,2506,3112,3115,2512,2816,3180,3177,3181,3182
2811,2475,2504,3111,2819,2483,2516,3119,2814,2509,3179,3113,2822,2521,3183,3121,2820,2484,2518,3120,3123,2524,2824,3184,3181,3185,3186
2105,956,992,2129,3103,2492,2528,3127,2169,997,2181,2131,3175,2533,3187,3129,3104,2494,2530,3128,3131,2536,3176,3188,2183,3189,3190
3103,2492,2528,3127,3111,2504,2540,3135,3175,2533,3187,3129,3179,2545,3191,3137,3112,2506,2542,3136,3139,2548,3180,3192,3189,3193,3194
3111,2504,2540,3135,3119,2516,2552,3143,3179,2545,3191,3137,3183,2557,3195,3145,3120,2518,2554,3144,3147,2560,3184,3196,3193,3197,3198
2129,992,1028,2153,3127,2528,2564,3151,2181,1033,2193,2155,3187,2569,3199,3153,3128,2530,2566,3152,3155,2572,3188,3200,2195,3201,3202
3127,2528,2564,3151,3135,2540,2576,3159,3187,2569,3199,3153,3191,2581,3203,3161,3136,2542,2578,3160,3163,2584,3192,3204,3201,3205,3206
3135,2540,2576,3159,3143,2552,2588,3167,3191,2581,3203,3161,3195,2593,3207,3169,3144,2554,2590,3168,3171,2596,3196,3208,3205,3209,3210
3211,3212,3213,3214,3215,3216,3217,3218,3219,3220,3221,3222,3227,3228,3229,3230,3223,3224,3225,3226,3235,3233,3232,3234,3231,3236,3237
3215,3216,3217,3218,3238,3239,3240,3241,3227,3228,3229,3230,3246,3247,3248,3249,3242,3243,3244,3245,3253,3251,3250,3252,3236,3254,3255
3238,3239,3240,3241,0,1,2,3,3246,3247,3248,3249,8,9,10,11,3256,3257,3258,3259,3263,3261,3260,3262,3254,20,3264
3214,3213,3265,3266,3218,3217,3267,3268,3221,3269,3270,3271,3229,3274,3275,3276,3226,3225,3272,3273,3280,3278,3234,3279,3277,3281,3282
3218,3217,3267,3268,3241,3240,3283,3284,3229,3274,3275,3276,3248,3287,3288,3289,3245,3244,3285,3286,3292,3290,3252,3291,3281,3293,3294
3241,3240,3283,3284,3,2,63,64,3248,3287,3288,3289,10,67,68,69,3259,3258,3295,3296,3299,3297,3262,3298,3293,75,3300
3266,3265,3301,3302,3268,3267,3303,3304,3270,3305,3306,3307,3275,3310,3311,3312,3273,3272,3308,3309,3316,3314,3279,3315,3313,3317,3318
3268,3267,3303,3304,3284,3283,3319,3320,3275,3310,3311,3312,3288,3323,3324,3325,3286,3285,3321,3322,3328,3326,3291,3327,3317,3329,3330
3284,3283,3319,3320,64,63,105,106,3288,3323,3324,3325,68,109,110,111,3296,3295,3331,3332,3335,3333,3298,3334,3329,117,3336
3212,3337,3338,3213,3216,3339,3340,3217,3341,3342,3343,3220,3346,3347,3348,3228,3224,3344,3345,3225,3233,3351,3350,3352,3349,3353,3354
3216,3339,3340,3217,3239,3355,3356,3240,3346,3347,3348,3228,3359,3360,3361,3247,3243,3357,3358,3244,3251,3363,3362,3364,3353,3365,3366
3239,3355,3356,3240,1,147,148,2,3359,3360,3361,3247,151,152,153,9,3257,3367,3368,3258,3261,3370,3369,3371,3365,159,3372
3213,3338,3373,3265,3217,3340,3374,3267,3343,3375,3376,3269,3348,3378,3379,3274,3225,3345,3377,3272,3278,3381,3352,3382,3380,3383,3384
3217,3340,3374,3267,3240,3356,3385,3283,3348,3378,3379,3274,3361,3387,3388,3287,3244,3358,3386,3285,3290,3389,3364,3390,3383,3391,3392
3240,3356,3385,3283,2,148,189,63,3361,3387,3388,3287,153,191,192,67,3258,3368,3393,3295,3297,3394,3371,3395,3391,196,3396
3265,3373,3397,3301,3267,3374,3398,3303,3376,3399,3400,3305,3379,3402,3403,3310,3272,3377,3401,3308,3314,3405,3382,3406,3404,3407,3408
3267,3374,3398,3303,3283,3385,3409,3319,3379,3402,3403,3310,3388,3411,3412,3323,3285,3386,3410,3321,3326,3413,3390,3414,3407,3415,3416
3283,3385,3409,3319,63,189,217,105,3388,3411,3412,3323,192,219,220,109,3295,3393,3417,3331,3333,3418,3395,3419,3415,224,3420
3337,3421,3422,3338,3339,3423,3424,3340,3425,3426,3427,3342,3430,3431,3432,3347,3344,3428,3429,3345,3351,3435,3434,3436,3433,3437,3438
3339,3423,3424,3340,3355,3439,3440,3356,3430,3431,3432,3347,3443,3444,3445,3360,3357,3441,3442,3358,3363,3447,3446,3448,3437,3449,3450
3355,3439,3440,3356,147,245,246,148,3443,3444,3445,3360,249,250,251,152,3367,3451,3452,3368,3370,3454,3453,3455,3449,257,3456
3338,3422,3457,3373,3340,3424,3458,3374,3427,3459,3460,3375,3432,3462,3463,3378,3345,3429,3461,3377,3381,3465,3436,3466,3464,3467,3468
3340,3424,3458,3374,3356,3440,3469,3385,3432,3462,3463,3378,3445,3471,3472,3387,3358,3442,3470,3386,3389,3473,3448,3474,3467,3475,3476
3356,3440,3469,3385,148,246,287,189,3445,3471,3472,3387,251,289,290,191,3368,3452,3477,3393,3394,3478,3455,3479,3475,294,3480
3373,3457,3481,3397,3374,3458,3482,3398,3460,3483,3484,3399,3463,3486,3487,3402,3377,3461,3485,3401,3405,3489,3466,3490,3488,3491,3492
3374,3458,3482,3398,3385,3469,3493,3409,3463,3486,3487,3402,3472,3495,3496,3411,3386,3470,3494,3410,3413,3497,3474,3498,3491,3499,3500
3385,3469,3493,3409,189,287,315,217,3472,3495,3496,3411,290,317,318,219,3393,3477,3501,3417,3418,3502,3479,3503,3499,322,3504
3421,3505,3506,3422,3423,3507,3508,3424,3509,3510,3511,3426,3514,3515,3516,3431,3428,3512,3513,3429,3435,3519,3518,3520,3517,3521,3522
3423,3507,3508,3424,3439,3523,3524,3440,3514,3515,3516,3431,3527,3528,3529,3444,3441,3525,3526,3442,3447,3531,3530,3532,3521,3533,3534
3439,3523,3524,3440,245,343,344,246,3527,3528,3529,3444,347,348,349,250,3451,3535,3536,3452,3454,3538,3537,3539,3533,355,3540
3422,3506,3541,3457,3424,3508,3542,3458,3511,3543,3544,3459,3516,3546,3547,3462,3429,3513,3545,3461,3465,3549,3520,3550,3548,3551,3552
3424,3508,3542,3458,3440,3524,3553,3469,3516,3546,3547,3462,3529,3555,3556,3471,3442,3526,3554,3470,3473,3557,3532,3558,3551,3559,3560
3440,3524,3553,3469,246,344,385,287,3529,3555,3556,3471,349,387,388,289,3452,3536,3561,3477,3478,3562,3539,3563,3559,392,3564
3457,3541,3565,3481,3458,3542,3566,3482,3544,3567,3568,3483,3547,3570,3571,3486,3461,3545,3569,3485,3489,3573,3550,3574,3572,3575,3576
3458,3542,3566,3482,3469,3553,3577,3493,3547,3570,3571,3486,3556,3579,3580,3495,3470,3554,3578,3494,3497,3581,3558,3582,3575,3583,3584
3469,3553,3577,3493,287,385,413,315,3556,3579,3580,3495,388,415,416,317,3477,3561,3585,3501,3502,3586,3563,3587,3583,420,3588
3505,3589,3590,3506,3507,3591,3592,3508,3593,3594,3595,3510,3598,3599,3600,3515,3512,3596,3597,3513,3519,3603,3602,3604,3601,3605,3606
3507,3591,3592,3508,3523,3607,3608,3524,3598,3599,3600,3515,3611,3612,3613,3528,3525,3609,3610,3526,3531,3615,3614,3616,3605,3617,3618
3523,3607,3608,3524,343,441,442,344,3611,3612,3613,3528,445,446,447,348,3535,3619,3620,3536,3538,3622,3621,3623,3617,453,3624
3506,3590,3625,3541,3508,3592,3626,3542,3595,3627,3628,3543,3600,3630,3631,3546,3513,3597,3629,3545,3549,3633,3604,3634,3632,3635,3636
3508,3592,3626,3542,3524,3608,3637,3553,3600,3630,3631,3546,3613,3639,3640,3555,3526,3610,3638,3554,3557,3641,3616,3642,3635,3643,3644
3524,3608,3637,3553,344,442,483,385,3613,3639,3640,3555,447,485,486,387,3536,3620,3645,3561,3562,3646,3623,3647,3643,490,3648
3541,3625,3649,3565,3542,3626,3650,3566,3628,3651,3652,3567,3631,3654,3655,3570,3545,3629,3653,3569,3573,3657,3634,3658,3656,3659,3660
3542,3626,3650,3566,3553,3637,3661,3577,3631,3654,3655,3570,3640,3663,3664,3579,3554,3638,3662,3578,3581,3665,3642,3666,3659,3667,3668
3553,3637,3661,3577,385,483,511,413,3640,3663,3664,3579,486,513,514,415,3561,3645,3669,3585,3586,3670,3647,3671,3667,518,3672
3589,3673,3674,3590,3591,3675,3676,3592,3677,3678,3679,3594,3682,3683,3684,3599,3596,3680,3681,3597,3603,3687,3686,3688,3685,3689,3690
3591,3675,3676,3592,3607,3691,3692,3608,3682,3683,3684,3599,3695,3696,3697,3612,3609,3693,3694,3610,3615,3699,3698,3700,3689,3701,3702
3607,3691,3692,3608,441,539,540,442,3695,3696,3697,3612,543,544,545,446,3619,3703,3704,3620,3622,3706,3705,3707,3701,551,3708
3590,3674,3709,3625,3592,3676,3710,3626,3679,3711,3712,3627,3684,3714,3715,3630,3597,3681,3713,3629,3633,3717,3688,3718,3716,3719,3720
3592,3676,3710,3626,3608,3692,3721,3637,3684,3714,3715,3630,3697,3723,3724,3639,3610,3694,3722,3638,3641,3725,3700,3726,3719,3727,3728
3608,3692,3721,3637,442,540,581,483,3697,3723,3724,3639,545,583,584,485,3620,3704,3729,3645,3646,3730,3707,3731,3727,588,3732
3625,3709,3733,3649,3626,3710,3734,3650,3712,3735,3736,3651,3715,3738,3739,3654,3629,3713,3737,3653,3657,3741,3718,3742,3740,3743,3744
3626,3710,3734,3650,3637,3721,3745,3661,3715,3738,3739,3654,3724,3747,3748,3663,3638,3722,3746,3662,3665,3749,3726,3750,3743,3751,3752
3637,3721,3745,3661,483,581,609,511,3724,3747,3748,3663,584,611,612,513,3645,3729,3753,3669,3670,3754,3731,3755,3751,616,3756
3757,3397,3481,3758,3759,3398,3482,3760,3761,3484,3762,3763,3766,3487,3767,3768,3764,3401,3485,3765,3772,3490,3770,3771,3769,3773,3774
3759,3398,3482,3760,3775,3409,3493,3776,3766,3487,3767,3768,3779,3496,3780,3781,3777,3410,3494,3778,3784,3498,3782,3783,3773,3785,3786
3775,3409,3493,3776,1183,217,315,1184,3779,3496,3780,3781,1187,318,1188,1189,3787,3417,3501,3788,3791,3503,3789,3790,3785,1195,3792
3793,3757,3758,3794,3795,3759,3760,3796,3797,3763,3798,3799,3802,3768,3803,3804,3800,3764,3765,3801,3808,3772,3806,3807,3805,3809,3810
3795,3759,3760,3796,3811,3775,3776,3812,3802,3768,3803,3804,3815,3781,3816,3817,3813,3777,3778,3814,3820,3784,3818,3819,3809,3821,3822
3811,3775,3776,3812,1225,1183,1184,1226,3815,3781,3816,3817,1229,1189,1230,1231,3823,3787,3788,3824,3827,3791,3825,3826,3821,1237,3828
3829,3793,3794,3830,3831,3795,3796,3832,3833,3799,3834,3835,3838,3804,3839,3840,3836,3800,3801,3837,3844,3808,3842,3843,3841,3845,3846
3831,3795,3796,3832,3847,3811,3812,3848,3838,3804,3839,3840,3851,3817,3852,3853,3849,3813,3814,3850,3856,3820,3854,3855,3845,3857,3858
3847,3811,3812,3848,1267,1225,1226,1268,3851,3817,3852,3853,1271,1231,1272,1273,3859,3823,3824,3860,3863,3827,3861,3862,3857,1279,3864
3865,3301,3397,3757,3866,3303,3398,3759,3867,3400,3761,3868,3870,3403,3766,3871,3869,3308,3401,3764,3874,3406,3873,3770,3872,3875,3876
3866,3303,3398,3759,3877,3319,3409,3775,3870,3403,3766,3871,3879,3412,3779,3880,3878,3321,3410,3777,3882,3414,3881,3782,3875,3883,3884
3877,3319,3409,3775,1309,105,217,1183,3879,3412,3779,3880,1311,220,1187,1312,3885,3331,3417,3787,3887,3419,3886,3789,3883,1316,3888
3889,3865,3757,3793,3890,3866,3759,3795,3891,3868,3797,3892,3894,3871,3802,3895,3893,3869,3764,3800,3898,3874,3897,3806,3896,3899,3900
3890,3866,3759,3795,3901,3877,3775,3811,3894,3871,3802,3895,3903,3880,3815,3904,3902,3878,3777,3813,3906,3882,3905,3818,3899,3907,3908
3901,3877,3775,3811,1337,1309,1183,1225,3903,3880,3815,3904,1339,1312,1229,1340,3909,3885,3787,3823,3911,3887,3910,3825,3907,1344,3912
3913,3889,3793,3829,3914,3890,3795,3831,3915,3892,3833,3916,3918,3895,3838,3919,3917,3893,3800,3836,3922,3898,3921,3842,3920,3923,3924
3914,3890,3795,3831,3925,3901,3811,3847,3918,3895,3838,3919,3927,3904,3851,3928,3926,3902,3813,3849,3930,3906,3929,3854,3923,3931,3932
3925,3901,3811,3847,1365,1337,1225,1267,3927,3904,3851,3928,1367,1340,1271,1368,3933,3909,3823,3859,3935,3911,3934,3861,3931,1372,3936
3937,3302,3301,3865,3938,3304,3303,3866,3939,3306,3867,3940,3942,3311,3870,3943,3941,3309,3308,3869,3946,3315,3945,3873,3944,3947,3948
3938,3304,3303,3866,3949,3320,3319,3877,3942,3311,3870,3943,3951,3324,3879,3952,3950,3322,3321,3878,3954,3327,3953,3881,3947,3955,3956
3949,3320,3319,3877,1393,106,105,1309,3951,3324,3879,3952,1395,110,1311,1396,3957,3332,3331,3885,3959,3334,3958,3886,3955,1400,3960
3961,3937,3865,3889,3962,3938,3866,3890,3963,3940,3891,3964,3966,3943,3894,3967,3965,3941,3869,3893,3970,3946,3969,3897,3968,3971,3972
3962,3938,3866,3890,3973,3949,3877,3901,3966,3943,3894,3967,3975,3952,3903,3976,3974,3950,3878,3902,3978,3954,3977,3905,3971,3979,3980
3973,3949,3877,3901,1421,1393,1309,1337,3975,3952,3903,3976,1423,1396,1339,1424,3981,3957,3885,3909,3983,3959,3982,3910,3979,1428,3984
3985,3961,3889,3913,3986,3962,3890,3914,3987,3964,3915,3988,3990,3967,3918,3991,3989,3965,3893,3917,3994,3970,3993,3921,3992,3995,3996
3986,3962,3890,3914,3997,3973,3901,3925,3990,3967,3918,3991,3999,3976,3927,4000,3998,3974,3902,3926,4002,3978,4001,3929,3995,4003,4004
3997,3973,3901,3925,1449,1421,1337,1365,3999,3976,3927,4000,1451,1424,1367,1452,4005,3981,3909,3933,4007,3983,4006,3934,4003,1456,4008
4009,3649,3733,4010,4011,3650,3734,4012,4013,3736,4014,4015,4018,3739,4019,4020,4016,3653,3737,4017,4024,3742,4022,4023,4021,4025,4026
4011,3650,3734,4012,4027,3661,3745,4028,4018,3739,4019,4020,4031,3748,4032,4033,4029,3662,3746,4030,4036,3750,4034,4035,4025,4037,4038
4027,3661,3745,4028,1477,511,609,1478,4031,3748,4032,4033,1481,612,1482,1483,4039,3669,3753,4040,4043,3755,4041,4042,4037,1489,4044
4045,4009,4010,4046,4047,4011,4012,4048,4049,4015,4050,4051,4054,4020,4055,4056,4052,4016,4017,4053,4060,4024,4058,4059,4057,4061,4062
4047,4011,4012,4048,4063,4027,4028,4064,4054,4020,4055,4056,4067,4033,4068,4069,4065,4029,4030,4066,4072,4036,4070,4071,4061,4073,4074
4063,4027,4028,4064,1519,1477,1478,1520,4067,4033,4068,4069,1523,1483,1524,1525,4075,4039,4040,4076,4079,4043,4077,4078,4073,1531,4080
4081,4045,4046,4082,4083,4047,4048,4084,4085,4051,4086,4087,4090,4056,4091,4092,4088,4052,4053,4089,4096,4060,4094,4095,4093,4097,4098
4083,4047,4048,4084,4099,4063,4064,4100,4090,4056,4091,4092,4103,4069,4104,4105,4101,4065,4066,4102,4108,4072,4106,4107,4097,4109,4110
4099,4063,4064,4100,1561,1519,1520,1562,4103,4069,4104,4105,1565,1525,1566,1567,4111,4075,4076,4112,4115,4079,4113,4114,4109,1573,4116
4117,3565,3649,4009,4118,3566,3650,4011,4119,3652,4013,4120,4122,3655,4018,4123,4121,3569,3653,4016,4126,3658,4125,4022,4124,4127,4128
4118,3566,3650,4011,4129,3577,3661,4027,4122,3655,4018,4123,4131,3664,4031,4132,4130,3578,3662,4029,4134,3666,4133,4034,4127,4135,4136
4129,3577,3661,4027,1603,413,511,1477,4131,3664,4031,4132,1605,514,1481,1606,4137,3585,3669,4039,4139,3671,4138,4041,4135,1610,4140
4141,4117,4009,4045,4142,4118,4011,4047,4143,4120,4049,4144,4146,4123,4054,4147,4145,4121,4016,4052,4150,4126,4149,4058,4148,4151,4152
4142,4118,4011,4047,4153,4129,4027,4063,4146,4123,4054,4147,4155,4132,4067,4156,4154,4130,4029,4065,4158,4134,4157,4070,4151,4159,4160
4153,4129,4027,4063,1631,1603,1477,1519,4155,4132,4067,4156,1633,1606,1523,1634,4161,4137,4039,4075,4163,4139,4162,4077,4159,1638,4164
4165,4141,4045,4081,4166,4142,4047,4083,4167,4144,4085,4168,4170,4147,4090,4171,4169,4145,4052,4088,4174,4150,4173,4094,4172,4175,4176
4166,4142,4047,4083,4177,4153,4063,4099,4170,4147,4090,4171,4179,4156,4103,4180,4178,4154,4065,4101,4182,4158,4181,4106,4175,4183,4184
4177,4153,4063,4099,1659,1631,1519,1561,4179,4156,4103,4180,1661,1634,1565,1662,4185,4161,4075,4111,4187,4163,4186,4113,4183,1666,4188
3758,3481,3565,4117,3760,3482,3566,4118,3762,3568,4119,4189,3767,3571,4122,4190,3765,3485,3569,4121,4192,3574,3771,4125,4191,4193,4194
3760,3482,3566,4118,3776,3493,3577,4129,3767,3571,4122,4190,3780,3580,4131,4195,3778,3494,3578,4130,4196,3582,3783,4133,4193,4197,4198
3776,3493,3577,4129,1184,315,413,1603,3780,3580,4131,4195,1188,416,1605,1687,3788,3501,3585,4137,4199,3587,3790,4138,4197,1689,4200
3794,3758,4117,4141,3796,3760,4118,4142,3798,4189,4143,4201,3803,4190,4146,4202,3801,3765,4121,4145,4204,4192,3807,4149,4203,4205,4206
3796,3760,4118,4142,3812,3776,4129,4153,3803,4190,4146,4202,3816,4195,4155,4207,3814,3778,4130,4154,4208,4196,3819,4157,4205,4209,4210
3812,3776,4129,4153,1226,1184,1603,1631,3816,4195,4155,4207,1230,1687,1633,1701,3824,3788,4137,4161,4211,4199,3826,4162,4209,1703,4212
3830,3794,4141,4165,3832,3796,4142,4166,3834,4201,4167,4213,3839,4202,4170,4214,3837,3801,4145,4169,4216,4204,3843,4173,4215,4217,4218
3832,3796,4142,4166,3848,3812,4153,4177,3839,4202,4170,4214,3852,4207,4179,4219,3850,3814,4154,4178,4220,4208,3855,4181,4217,4221,4222
3848,3812,4153,4177,1268,1226,1631,1659,3852,4207,4179,4219,1272,1701,1661,1715,3860,3824,4161,4185,4223,4211,3862,4186,4221,1717,4224
539,540,542,541,3691,3692,4225,4226,544,547,549,546,3696,4229,4230,4231,3703,3704,4227,4228,4234,4232,3706,4233,553,4235,4236
3691,3692,4225,4226,3675,3676,4237,4238,3696,4229,4230,4231,3683,4241,4242,4243,3693,3694,4239,4240,4246,4244,3699,4245,4235,4247,4248
3675,3676,4237,4238,3673,3674,4249,4250,3683,4241,4242,4243,3678,4253,4254,4255,3680,3681,4251,4252,4258,4256,3687,4257,4247,4259,4260
541,542,558,557,4226,4225,4261,4262,549,560,562,559,4230,4265,4266,4267,4228,4227,4263,4264,4270,4268,4233,4269,565,4271,4272
4226,4225,4261,4262,4238,4237,4273,4274,4230,4265,4266,4267,4242,4277,4278,4279,4240,4239,4275,4276,4282,4280,4245,4281,4271,4283,4284
4238,4237,4273,4274,4250,4249,4285,4286,4242,4277,4278,4279,4254,4289,4290,4291,4252,4251,4287,4288,4294,4292,4257,4293,4283,4295,4296
557,558,570,569,4262,4261,4297,4298,562,572,574,571,4266,4301,4302,4303,4264,4263,4299,4300,4306,4304,4269,4305,577,4307,4308
4262,4261,4297,4298,4274,4273,4309,4310,4266,4301,4302,4303,4278,4313,4314,4315,4276,4275,4311,4312,4318,4316,4281,4317,4307,4319,4320
4274,4273,4309,4310,4286,4285,4321,4322,4278,4313,4314,4315,4290,4325,4326,4327,4288,4287,4323,4324,4330,4328,4293,4329,4319,4331,4332
540,581,582,542,3692,3721,4333,4225,583,585,586,547,3723,4335,4336,4229,3704,3729,4334,4227,4232,4337,3730,4338,589,4339,4340
3692,3721,4333,4225,3676,3710,4341,4237,3723,4335,4336,4229,3714,4343,4344,4241,3694,3722,4342,4239,4244,4345,3725,4346,4339,4347,4348
3676,3710,4341,4237,3674,3709,4349,4249,3714,4343,4344,4241,3711,4351,4352,4253,3681,3713,4350,4251,4256,4353,3717,4354,4347,4355,4356
542,582,593,558,4225,4333,4357,4261,586,594,595,560,4336,4359,4360,4265,4227,4334,4358,4263,4268,4361,4338,4362,597,4363,4364
4225,4333,4357,4261,4237,4341,4365,4273,4336,4359,4360,4265,4344,4367,4368,4277,4239,4342,4366,4275,4280,4369,4346,4370,4363,4371,4372
4237,4341,4365,4273,4249,4349,4373,4285,4344,4367,4368,4277,4352,4375,4376,4289,4251,4350,4374,4287,4292,4377,4354,4378,4371,4379,4380
558,593,601,570,4261,4357,4381,4297,595,602,603,572,4360,4383,4384,4301,4263,4358,4382,4299,4304,4385,4362,4386,605,4387,4388
4261,4357,4381,4297,4273,4365,4389,4309,4360,4383,4384,4301,4368,4391,4392,4313,4275,4366,4390,4311,4316,4393,4370,4394,4387,4395,4396
4273,4365,4389,4309,4285,4373,4397,4321,4368,4391,4392,4313,4376,4399,4400,4325,4287,4374,4398,4323,4328,4401,4378,4402,4395,4403,4404
581,609,610,582,3721,3745,4405,4333,611,613,614,585,3747,4407,4408,4335,3729,3753,4406,4334,4337,4409,3754,4410,617,4411,4412
3721,3745,4405,4333,3710,3734,4413,4341,3747,4407,4408,4335,3738,4415,4416,4343,3722,3746,4414,4342,4345,4417,3749,4418,4411,4419,4420
3710,3734,4413,4341,3709,3733,4421,4349,3738,4415,4416,4343,3735,4423,4424,4351,3713,3737,4422,4350,4353,4425,3741,4426,4419,4427,4428
582,610,621,593,4333,4405,4429,4357,614,622,623,594,4408,4431,4432,4359,4334,4406,4430,4358,4361,4433,4410,4434,625,4435,4436
4333,4405,4429,4357,4341,4413,4437,4365,4408,4431,4432,4359,4416,4439,4440,4367,4342,4414,4438,4366,4369,4441,4418,4442,4435,4443,4444
4341,4413,4437,4365,4349,4421,4445,4373,4416,4439,4440,4367,4424,4447,4448,4375,4350,4422,4446,4374,4377,4449,4426,4450,4443,4451,4452
593,621,629,601,4357,4429,4453,4381,623,630,631,602,4432,4455,4456,4383,4358,4430,4454,4382,4385,4457,4434,4458,633,4459,4460
4357,4429,4453,4381,4365,4437,4461,4389,4432,4455,4456,4383,4440,4463,4464,4391,4366,4438,4462,4390,4393,4465,4442,4466,4459,4467,4468
4365,4437,4461,4389,4373,4445,4469,4397,4440,4463,4464,4391,4448,4471,4472,4399,4374,4446,4470,4398,4401,4473,4450,4474,4467,4475,4476
1003,601,629,1004,4477,4381,4453,4478,1005,631,1006,1008,4481,4456,4482,4483,4479,4382,4454,4480,4486,4458,4484,4485,1011,4487,4488
4477,4381,4453,4478,4489,4389,4461,4490,4481,4456,4482,4483,4493,4464,4494,4495,4491,4390,4462,4492,4498,4466,4496,4497,4487,4499,4500
4489,4389,4461,4490,4501,4397,4469,4502,4493,4464,4494,4495,4505,4472,4506,4507,4503,4398,4470,4504,4510,4474,4508,4509,4499,4511,4512
1015,1003,1004,1016,4513,4477,4478,4514,1017,1008,1018,1020,4517,4483,4518,4519,4515,4479,4480,4516,4522,4486,4520,4521,1023,4523,4524
4513,4477,4478,4514,4525,4489,4490,4526,4517,4483,4518,4519,4529,4495,4530,4531,4527,4491,4492,4528,4534,4498,4532,4533,4523,4535,4536
4525,4489,4490,4526,4537,4501,4502,4538,4529,4495,4530,4531,4541,4507,4542,4543,4539,4503,4504,4540,4546,4510,4544,4545,4535,4547,4548
1027,1015,1016,1028,2563,4513,4514,2564,1029,1020,1030,1032,4549,4519,4550,2568,2565,4515,4516,2566,2571,4522,4551,4552,1035,4553,4554
2563,4513,4514,2564,2575,4525,4526,2576,4549,4519,4550,2568,4555,4531,4556,2580,2577,4527,4528,2578,2583,4534,4557,4558,4553,4559,4560
2575,4525,4526,2576,2587,4537,4538,2588,4555,4531,4556,2580,4561,4543,4562,2592,2589,4539,4540,2590,2595,4546,4563,4564,4559,4565,4566
1087,570,601,1003,4567,4297,4381,4477,1088,603,1005,1090,4569,4384,4481,4570,4568,4299,4382,4479,4572,4386,4571,4484,1092,4573,4574
4567,4297,4381,4477,4575,4309,4389,4489,4569,4384,4481,4570,4577,4392,4493,4578,4576,4311,4390,4491,4580,4394,4579,4496,4573,4581,4582
4575,4309,4389,4489,4583,4321,4397,4501,4577,4392,4493,4578,4585,4400,4505,4586,4584,4323,4398,4503,4588,4402,4587,4508,4581,4589,4590
1095,1087,1003,1015,4591,4567,4477,4513,1096,1090,1017,1098,4593,4570,4517,4594,4592,4568,4479,4515,4596,4572,4595,4520,1100,4597,4598
4591,4567,4477,4513,4599,4575,4489,4525,4593,4570,4517,4594,4601,4578,4529,4602,4600,4576,4491,4527,4604,4580,4603,4532,4597,4605,4606
4599,4575,4489,4525,4607,4583,4501,4537,4601,4578,4529,4602,4609,4586,4541,4610,4608,4584,4503,4539,4612,4588,4611,4544,4605,4613,4614
1103,1095,1015,1027,2647,4591,4513,2563,1104,1098,1029,1106,4615,4594,4549,2650,2648,4592,4515,2565,2652,4596,4616,4551,1108,4617,4618
2647,4591,4513,2563,2655,4599,4525,2575,4615,4594,4549,2650,4619,4602,4555,2658,2656,4600,4527,2577,2660,4604,4620,4557,4617,4621,4622
2655,4599,4525,2575,2663,4607,4537,2587,4619,4602,4555,2658,4623,4610,4561,2666,2664,4608,4539,2589,2668,4612,4624,4563,4621,4625,4626
1159,569,570,1087,4627,4298,4297,4567,1160,574,1088,1162,4629,4302,4569,4630,4628,4300,4299,4568,4632,4305,4631,4571,1164,4633,4634
4627,4298,4297,4567,4635,4310,4309,4575,4629,4302,4569,4630,4637,4314,4577,4638,4636,4312,4311,4576,4640,4317,4639,4579,4633,4641,4642
4635,4310,4309,4575,4643,4322,4321,4583,4637,4314,4577,4638,4645,4326,4585,4646,4644,4324,4323,4584,4648,4329,4647,4587,4641,4649,4650
1167,1159,1087,1095,4651,4627,4567,4591,1168,1162,1096,1170,4653,4630,4593,4654,4652,4628,4568,4592,4656,4632,4655,4595,1172,4657,4658
4651,4627,4567,4591,4659,4635,4575,4599,4653,4630,4593,4654,4661,4638,4601,4662,4660,4636,4576,4600,4664,4640,4663,4603,4657,4665,4666
4659,4635,4575,4599,4667,4643,4583,4607,4661,4638,4601,4662,4669,4646,4609,4670,4668,4644,4584,4608,4672,4648,4671,4611,4665,4673,4674
1175,1167,1095,1103,2719,4651,4591,2647,1176,1170,1104,1178,4675,4654,4615,2722,2720,4652,4592,2648,2724,4656,4676,4616,1180,4677,4678
2719,4651,4591,2647,2727,4659,4599,2655,4675,4654,4615,2722,4679,4662,4619,2730,2728,4660,4600,2656,2732,4664,4680,4620,4677,4681,4682
2727,4659,4599,2655,2735,4667,4607,2663,4679,4662,4619,2730,4683,4670,4623,2738,2736,4668,4608,2664,2740,4672,4684,4624,4681,4685,4686
609,1478,1480,610,3745,4028,4687,4405,1482,1485,1487,613,4032,4689,4690,4407,3753,4040,4688,4406,4409,4691,4042,4692,1491,4693,4694
3745,4028,4687,4405,3734,4012,4695,4413,4032,4689,4690,4407,4019,4697,4698,4415,3746,4030,4696,4414,4417,4699,4035,4700,4693,4701,4702
3734,4012,4695,4413,3733,4010,4703,4421,4019,4697,4698,4415,4014,4705,4706,4423,3737,4017,4704,4422,4425,4707,4023,4708,4701,4709,4710
610,1480,1496,621,4405,4687,4711,4429,1487,1498,1500,622,4690,4713,4714,4431,4406,4688,4712,4430,4433,4715,4692,4716,1503,4717,4718
4405,4687,4711,4429,4413,4695,4719,4437,4690,4713,4714,4431,4698,4721,4722,4439,4414,4696,4720,4438,4441,4723,4700,4724,4717,4725,4726
4413,4695,4719,4437,4421,4703,4727,4445,4698,4721,4722,4439,4706,4729,4730,4447,4422,4704,4728,4446,4449,4731,4708,4732,4725,4733,4734
621,1496,1508,629,4429,4711,4735,4453,1500,1510,1512,630,4714,4737,4738,4455,4430,4712,4736,4454,4457,4739,4716,4740,1515,4741,4742
4429,4711,4735,4453,4437,4719,4743,4461,4714,4737,4738,4455,4722,4745,4746,4463,4438,4720,4744,4462,4465,4747,4724,4748,4741,4749,4750
4437,4719,4743,4461,4445,4727,4751,4469,4722,4745,4746,4463,4730,4753,4754,4471,4446,4728,4752,4470,4473,4755,4732,4756,4749,4757,4758
1478,1520,1522,1480,4028,4064,4759,4687,1524,1527,1529,1485,4068,4761,4762,4689,4040,4076,4760,4688,4691,4763,4078,4764,1533,4765,4766
4028,4064,4759,4687,4012,4048,4767,4695,4068,4761,4762,4689,4055,4769,4770,4697,4030,4066,4768,4696,4699,4771,4071,4772,4765,4773,4774
4012,4048,4767,4695,4010,4046,4775,4703,4055,4769,4770,4697,4050,4777,4778,4705,4017,4053,4776,4704,4707,4779,4059,4780,4773,4781,4782
1480,1522,1538,1496,4687,4759,4783,4711,1529,1540,1542,1498,4762,4785,4786,4713,4688,4760,4784,4712,4715,4787,4764,4788,1545,4789,4790
4687,4759,4783,4711,4695,4767,4791,4719,4762,4785,4786,4713,4770,4793,4794,4721,4696,4768,4792,4720,4723,4795,4772,4796,4789,4797,4798
4695,4767,4791,4719,4703,4775,4799,4727,4770,4793,4794,4721,4778,4801,4802,4729,4704,4776,4800,4728,4731,4803,4780,4804,4797,4805,4806
1496,1538,1550,1508,4711,4783,4807,4735,1542,1552,1554,1510,4786,4809,4810,4737,4712,4784,4808,4736,4739,4811,4788,4812,1557,4813,4814
4711,4783,4807,4735,4719,4791,4815,4743,4786,4809,4810,4737,4794,4817,4818,4745,4720,4792,4816,4744,4747,4819,4796,4820,4813,4821,4822
4719,4791,4815,4743,4727,4799,4823,4751,4794,4817,4818,4745,4802,4825,4826,4753,4728,4800,4824,4752,4755,4827,4804,4828,4821,4829,4830
1520,1562,1564,1522,4064,4100,4831,4759,1566,1569,1571,1527,4104,4833,4834,4761,4076,4112,4832,4760,4763,4835,4114,4836,1575,4837,4838
4064,4100,4831,4759,4048,4084,4839,4767,4104,4833,4834,4761,4091,4841,4842,4769,4066,4102,4840,4768,4771,4843,4107,4844,4837,4845,4846
4048,4084,4839,4767,4046,4082,4847,4775,4091,4841,4842,4769,4086,4849,4850,4777,4053,4089,4848,4776,4779,4851,4095,4852,4845,4853,4854
1522,1564,1580,1538,4759,4831,4855,4783,1571,1582,1584,1540,4834,4857,4858,4785,4760,4832,4856,4784,4787,4859,4836,4860,1587,4861,4862
4759,4831,4855,4783,4767,4839,4863,4791,4834,4857,4858,4785,4842,4865,4866,4793,4768,4840,4864,4792,4795,4867,4844,4868,4861,4869,4870
4767,4839,4863,4791,4775,4847,4871,4799,4842,4865,4866,4793,4850,4873,4874,4801,4776,4848,4872,4800,4803,4875,4852,4876,4869,4877,4878
1538,1580,1592,1550,4783,4855,4879,4807,1584,1594,1596,1552,4858,4881,4882,4809,4784,4856,4880,4808,4811,4883,4860,4884,1599,4885,4886
4783,4855,4879,4807,4791,4863,4887,4815,4858,4881,4882,4809,4866,4889,4890,4817,4792,4864,4888,4816,4819,4891,4868,4892,4885,4893,4894
4791,4863,4887,4815,4799,4871,4895,4823,4866,4889,4890,4817,4874,4897,4898,4825,4800,4872,4896,4824,4827,4899,4876,4900,4893,4901,4902
2053,1550,1592,2054,4903,4807,4879,4904,2055,1596,2056,2058,4907,4882,4908,4909,4905,4808,4880,4906,4912,4884,4910,4911,2061,4913,4914
4903,4807,4879,4904,4915,4815,4887,4916,4907,4882,4908,4909,4919,4890,4920,4921,4917,4816,4888,4918,4924,4892,4922,4923,4913,4925,4926
4915,4815,4887,4916,4927,4823,4895,4928,4919,4890,4920,4921,4931,4898,4932,4933,4929,4824,4896,4930,4936,4900,4934,4935,4925,4937,4938
2065,2053,2054,2066,4939,4903,4904,4940,2067,2058,2068,2070,4943,4909,4944,4945,4941,4905,4906,4942,4948,4912,4946,4947,2073,4949,4950
4939,4903,4904,4940,4951,4915,4916,4952,4943,4909,4944,4945,4955,4921,4956,4957,4953,4917,4918,4954,4960,4924,4958,4959,4949,4961,4962
4951,4915,4916,4952,4963,4927,4928,4964,4955,4921,4956,4957,4967,4933,4968,4969,4965,4929,4930,4966,4972,4936,4970,4971,4961,4973,4974
2077,2065,2066,2078,3067,4939,4940,3068,2079,2070,2080,2082,4975,4945,4976,3072,3069,4941,4942,3070,3075,4948,4977,4978,2085,4979,4980
3067,4939,4940,3068,3079,4951,4952,3080,4975,4945,4976,3072,4981,4957,4982,3084,3081,4953,4954,3082,3087,4960,4983,4984,4979,4985,4986
3079,4951,4952,3080,3091,4963,4964,3092,4981,4957,4982,3084,4987,4969,4988,3096,3093,4965,4966,3094,3099,4972,4989,4990,4985,4991,4992
2137,1508,1550,2053,4993,4735,4807,4903,2138,1554,2055,2140,4995,4810,4907,4996,4994,4736,4808,4905,4998,4812,4997,4910,2142,4999,5000
4993,4735,4807,4903,5001,4743,4815,4915,4995,4810,4907,4996,5003,4818,4919,5004,5002,4744,4816,4917,5006,4820,5005,4922,4999,5007,5008
5001,4743,4815,4915,5009,4751,4823,4927,5003,4818,4919,5004,5011,4826,4931,5012,5010,4752,4824,4929,5014,4828,5013,4934,5007,5015,5016
2145,2137,2053,2065,5017,4993,4903,4939,2146,2140,2067,2148,5019,4996,4943,5020,5018,4994,4905,4941,5022,4998,5021,4946,2150,5023,5024
5017,4993,4903,4939,5025,5001,4915,4951,5019,4996,4943,5020,5027,5004,4955,5028,5026,5002,4917,4953,5030,5006,5029,4958,5023,5031,5032
5025,5001,4915,4951,5033,5009,4927,4963,5027,5004,4955,5028,5035,5012,4967,5036,5034,5010,4929,4965,5038,5014,5037,4970,5031,5039,5040
2153,2145,2065,2077,3151,5017,4939,3067,2154,2148,2079,2156,5041,5020,4975,3154,3152,5018,4941,3069,3156,5022,5042,4977,2158,5043,5044
3151,5017,4939,3067,3159,5025,4951,3079,5041,5020,4975,3154,5045,5028,4981,3162,3160,5026,4953,3081,3164,5030,5046,4983,5043,5047,5048
3159,5025,4951,3079,3167,5033,4963,3091,5045,5028,4981,3162,5049,5036,4987,3170,3168,5034,4965,3093,3172,5038,5050,4989,5047,5051,5052
1004,629,1508,2137,4478,4453,4735,4993,1006,1512,2138,2185,4482,4738,4995,5053,4480,4454,4736,4994,5054,4740,4485,4997,2186,5055,5056
4478,4453,4735,4993,4490,4461,4743,5001,4482,4738,4995,5053,4494,4746,5003,5057,4492,4462,4744,5002,5058,4748,4497,5005,5055,5059,5060
4490,4461,4743,5001,4502,4469,4751,5009,4494,4746,5003,5057,4506,4754,5011,5061,4504,4470,4752,5010,5062,4756,4509,5013,5059,5063,5064
1016,1004,2137,2145,4514,4478,4993,5017,1018,2185,2146,2189,4518,5053,5019,5065,4516,4480,4994,5018,5066,5054,4521,5021,2190,5067,5068
4514,4478,4993,5017,4526,4490,5001,5025,4518,5053,5019,5065,4530,5057,5027,5069,4528,4492,5002,5026,5070,5058,4533,5029,5067,5071,5072
4526,4490,5001,5025,4538,4502,5009,5033,4530,5057,5027,5069,4542,5061,5035,5073,4540,4504,5010,5034,5074,5062,4545,5037,5071,5075,5076
1028,1016,2145,2153,2564,4514,5017,3151,1030,2189,2154,2193,4550,5065,5041,3199,2566,4516,5018,3152,3200,5066,4552,5042,2194,5077,5078
2564,4514,5017,3151,2576,4526,5025,3159,4550,5065,5041,3199,4556,5069,5045,3203,2578,4528,5026,3160,3204,5070,4558,5046,5077,5079,5080
2576,4526,5025,3159,2588,4538,5033,3167,4556,5069,5045,3203,4562,5073,5049,3207,2590,4540,5034,3168,3208,5074,4564,5050,5079,5081,5082
5083,5084,3211,3214,5085,5086,3215,3218,5087,5088,3222,5089,5092,5093,3230,5094,5090,5091,3223,3226,5098,5097,5096,3235,5095,5099,5100
5085,5086,3215,3218,5101,5102,3238,3241,5092,5093,3230,5094,5105,5106,3249,5107,5103,5104,3242,3245,5110,5109,5108,3253,5099,5111,5112
5101,5102,3238,3241,7,4,0,3,5105,5106,3249,5107,19,12,11,15,5113,5114,3256,3259,5117,5116,5115,3263,5111,24,5118
5119,5083,3214,3266,5120,5085,3218,3268,5121,5089,3271,5122,5124,5094,3276,5125,5123,5090,3226,3273,5128,5098,5127,3280,5126,5129,5130
5120,5085,3218,3268,5131,5101,3241,3284,5124,5094,3276,5125,5133,5107,3289,5134,5132,5103,3245,3286,5136,5110,5135,3292,5129,5137,5138
5131,5101,3241,3284,66,7,3,64,5133,5107,3289,5134,74,15,69,71,5139,5113,3259,3296,5141,5117,5140,3299,5137,78,5142
5143,5119,3266,3302,5144,5120,3268,3304,5145,5122,3307,5146,5148,5125,3312,5149,5147,5123,3273,3309,5152,5128,5151,3316,5150,5153,5154
5144,5120,3268,3304,5155,5131,3284,3320,5148,5125,3312,5149,5157,5134,3325,5158,5156,5132,3286,3322,5160,5136,5159,3328,5153,5161,5162
5155,5131,3284,3320,108,66,64,106,5157,5134,3325,5158,116,71,111,113,5163,5139,3296,3332,5165,5141,5164,3335,5161,120,5166
5167,5168,5084,5083,5169,5170,5086,5085,5171,5172,5087,5173,5176,5177,5092,5178,5174,5175,5091,5090,5182,5181,5180,5096,5179,5183,5184
5169,5170,5086,5085,5185,5186,5102,5101,5176,5177,5092,5178,5189,5190,5105,5191,5187,5188,5104,5103,5194,5193,5192,5108,5183,5195,5196
5185,5186,5102,5101,30,27,4,7,5189,5190,5105,5191,38,31,19,34,5197,5198,5114,5113,5201,5200,5199,5115,5195,42,5202
5203,5167,5083,5119,5204,5169,5085,5120,5205,5173,5121,5206,5208,5178,5124,5209,5207,5174,5090,5123,5212,5182,5211,5127,5210,5213,5214
5204,5169,5085,5120,5215,5185,5101,5131,5208,5178,5124,5209,5217,5191,5133,5218,5216,5187,5103,5132,5220,5194,5219,5135,5213,5221,5222
5215,5185,5101,5131,82,30,7,66,5217,5191,5133,5218,87,34,74,84,5223,5197,5113,5139,5225,5201,5224,5140,5221,90,5226
5227,5203,5119,5143,5228,5204,5120,5144,5229,5206,5145,5230,5232,5209,5148,5233,5231,5207,5123,5147,5236,5212,5235,5151,5234,5237,5238
5228,5204,5120,5144,5239,5215,5131,5155,5232,5209,5148,5233,5241,5218,5157,5242,5240,5216,5132,5156,5244,5220,5243,5159,5237,5245,5246
5239,5215,5131,5155,124,82,66,108,5241,5218,5157,5242,129,84,116,126,5247,5223,5139,5163,5249,5225,5248,5164,5245,132,5250
5251,5252,5168,5167,5253,5254,5170,5169,5255,5256,5171,5257,5260,5261,5176,5262,5258,5259,5175,5174,5266,5265,5264,5180,5263,5267,5268
5253,5254,5170,5169,5269,5270,5186,5185,5260,5261,5176,5262,5273,5274,5189,5275,5271,5272,5188,5187,5278,5277,5276,5192,5267,5279,5280
5269,5270,5186,5185,48,45,27,30,5273,5274,5189,5275,56,49,38,52,5281,5282,5198,5197,5285,5284,5283,5199,5279,60,5286
5287,5251,5167,5203,5288,5253,5169,5204,5289,5257,5205,5290,5292,5262,5208,5293,5291,5258,5174,5207,5296,5266,5295,5211,5294,5297,5298
5288,5253,5169,5204,5299,5269,5185,5215,5292,5262,5208,5293,5301,5275,5217,5302,5300,5271,5187,5216,5304,5278,5303,5219,5297,5305,5306
5299,5269,5185,5215,94,48,30,82,5301,5275,5217,5302,99,52,87,96,5307,5281,5197,5223,5309,5285,5308,5224,5305,102,5310
5311,5287,5203,5227,5312,5288,5204,5228,5313,5290,5229,5314,5316,5293,5232,5317,5315,5291,5207,5231,5320,5296,5319,5235,5318,5321,5322
5312,5288,5204,5228,5323,5299,5215,5239,5316,5293,5232,5317,5325,5302,5241,5326,5324,5300,5216,5240,5328,5304,5327,5243,5321,5329,5330
5323,5299,5215,5239,136,94,82,124,5325,5302,5241,5326,141,96,129,138,5331,5307,5223,5247,5333,5309,5332,5248,5329,144,5334
5335,5336,5252,5251,5337,5338,5254,5253,5339,5340,5255,5341,5344,5345,5260,5346,5342,5343,5259,5258,5350,5349,5348,5264,5347,5351,5352
5337,5338,5254,5253,5353,5354,5270,5269,5344,5345,5260,5346,5357,5358,5273,5359,5355,5356,5272,5271,5362,5361,5360,5276,5351,5363,5364
5353,5354,5270,5269,638,639,45,48,5357,5358,5273,5359,646,643,56,642,5365,5366,5282,5281,5369,5368,5367,5283,5363,650,5370
5371,5335,5251,5287,5372,5337,5253,5288,5373,5341,5289,5374,5376,5346,5292,5377,5375,5342,5258,5291,5380,5350,5379,5295,5378,5381,5382
5372,5337,5253,5288,5383,5353,5269,5299,5376,5346,5292,5377,5385,5359,5301,5386,5384,5355,5271,5300,5388,5362,5387,5303,5381,5389,5390
5383,5353,5269,5299,764,638,48,94,5385,5359,5301,5386,768,642,99,766,5391,5365,5281,5307,5393,5369,5392,5308,5389,771,5394
5395,5371,5287,5311,5396,5372,5288,5312,5397,5374,5313,5398,5400,5377,5316,5401,5399,5375,5291,5315,5404,5380,5403,5319,5402,5405,5406
5396,5372,5288,5312,5407,5383,5299,5323,5400,5377,5316,5401,5409,5386,5325,5410,5408,5384,5300,5324,5412,5388,5411,5327,5405,5413,5414
5407,5383,5299,5323,848,764,94,136,5409,5386,5325,5410,852,766,141,850,5415,5391,5307,5331,5417,5393,5416,5332,5413,855,5418
5419,5420,5336,5335,5421,5422,5338,5337,5423,5424,5339,5425,5428,5429,5344,5430,5426,5427,5343,5342,5434,5433,5432,5348,5431,5435,5436
5421,5422,5338,5337,5437,5438,5354,5353,5428,5429,5344,5430,5441,5442,5357,5443,5439,5440,5356,5355,5446,5445,5444,5360,5435,5447,5448
5437,5438,5354,5353,656,657,639,638,5441,5442,5357,5443,664,661,646,660,5449,5450,5366,5365,5453,5452,5451,5367,5447,668,5454
5455,5419,5335,5371,5456,5421,5337,5372,5457,5425,5373,5458,5460,5430,5376,5461,5459,5426,5342,5375,5464,5434,5463,5379,5462,5465,5466
5456,5421,5337,5372,5467,5437,5353,5383,5460,5430,5376,5461,5469,5443,5385,5470,5468,5439,5355,5384,5472,5446,5471,5387,5465,5473,5474
5467,5437,5353,5383,776,656,638,764,5469,5443,5385,5470,780,660,768,778,5475,5449,5365,5391,5477,5453,5476,5392,5473,783,5478
5479,5455,5371,5395,5480,5456,5372,5396,5481,5458,5397,5482,5484,5461,5400,5485,5483,5459,5375,5399,5488,5464,5487,5403,5486,5489,5490
5480,5456,5372,5396,5491,5467,5383,5407,5484,5461,5400,5485,5493,5470,5409,5494,5492,5468,5384,5408,5496,5472,5495,5411,5489,5497,5498
5491,5467,5383,5407,860,776,764,848,5493,5470,5409,5494,864,778,852,862,5499,5475,5391,5415,5501,5477,5500,5416,5497,867,5502
2234,2235,5420,5419,2216,2217,5422,5421,2242,5503,5423,5504,2224,5505,5428,5506,2238,2239,5427,5426,5509,5508,2246,5432,5507,5510,5511
2216,2217,5422,5421,2198,2199,5438,5437,2224,5505,5428,5506,2206,5512,5441,5513,2220,2221,5440,5439,5515,5514,2228,5444,5510,5516,5517
2198,2199,5438,5437,674,675,657,656,2206,5512,5441,5513,682,679,664,678,2202,2203,5450,5449,5519,5518,2210,5451,5516,686,5520
2348,2234,5419,5455,2336,2216,5421,5456,2352,5504,5457,5521,2340,5506,5460,5522,2350,2238,5426,5459,5524,5509,2355,5463,5523,5525,5526
2336,2216,5421,5456,2324,2198,5437,5467,2340,5506,5460,5522,2328,5513,5469,5527,2338,2220,5439,5468,5528,5515,2343,5471,5525,5529,5530
2324,2198,5437,5467,788,674,656,776,2328,5513,5469,5527,792,678,780,790,2326,2202,5449,5475,5531,5519,2331,5476,5529,795,5532
2432,2348,5455,5479,2420,2336,5456,5480,2436,5521,5481,5533,2424,5522,5484,5534,2434,2350,5459,5483,5536,5524,2439,5487,5535,5537,5538
2420,2336,5456,5480,2408,2324,5467,5491,2424,5522,5484,5534,2412,5527,5493,5539,2422,2338,5468,5492,5540,5528,2427,5495,5537,5541,5542
2408,2324,5467,5491,872,788,776,860,2412,5527,5493,5539,876,790,864,874,2410,2326,5475,5499,5543,5531,2415,5500,5541,879,5544
5311,5227,5545,5546,5312,5228,5547,5548,5314,5549,5550,5551,5317,5554,5555,5556,5315,5231,5552,5553,5560,5558,5320,5559,5557,5561,5562
5312,5228,5547,5548,5323,5239,5563,5564,5317,5554,5555,5556,5326,5567,5568,5569,5324,5240,5565,5566,5572,5570,5328,5571,5561,5573,5574
5323,5239,5563,5564,136,124,1405,1413,5326,5567,5568,5569,138,1407,1414,1415,5331,5247,5575,5576,5579,5577,5333,5578,5573,1417,5580
5546,5545,5581,5582,5548,5547,5583,5584,5550,5585,5586,5587,5555,5590,5591,5592,5553,5552,5588,5589,5596,5594,5559,5595,5593,5597,5598
5548,5547,5583,5584,5564,5563,5599,5600,5555,5590,5591,5592,5568,5603,5604,5605,5566,5565,5601,5602,5608,5606,5571,5607,5597,5609,5610
5564,5563,5599,5600,1413,1405,1433,1441,5568,5603,5604,5605,1414,1435,1442,1443,5576,5575,5611,5612,5615,5613,5578,5614,5609,1445,5616
5582,5581,5617,5618,5584,5583,5619,5620,5586,5621,5622,5623,5591,5626,5627,5628,5589,5588,5624,5625,5632,5630,5595,5631,5629,5633,5634
5584,5583,5619,5620,5600,5599,5635,5636,5591,5626,5627,5628,5604,5639,5640,5641,5602,5601,5637,5638,5644,5642,5607,5643,5633,5645,5646
5600,5599,5635,5636,1441,1433,1461,1469,5604,5639,5640,5641,1442,1463,1470,1471,5612,5611,5647,5648,5651,5649,5614,5650,5645,1473,5652
5227,5143,5653,5545,5228,5144,5654,5547,5230,5655,5656,5549,5233,5658,5659,5554,5231,5147,5657,5552,5558,5661,5236,5662,5660,5663,5664
5228,5144,5654,5547,5239,5155,5665,5563,5233,5658,5659,5554,5242,5667,5668,5567,5240,5156,5666,5565,5570,5669,5244,5670,5663,5671,5672
5239,5155,5665,5563,124,108,1394,1405,5242,5667,5668,5567,126,1398,1406,1407,5247,5163,5673,5575,5577,5674,5249,5675,5671,1409,5676
5545,5653,5677,5581,5547,5654,5678,5583,5656,5679,5680,5585,5659,5682,5683,5590,5552,5657,5681,5588,5594,5685,5662,5686,5684,5687,5688
5547,5654,5678,5583,5563,5665,5689,5599,5659,5682,5683,5590,5668,5691,5692,5603,5565,5666,5690,5601,5606,5693,5670,5694,5687,5695,5696
5563,5665,5689,5599,1405,1394,1422,1433,5668,5691,5692,5603,1406,1426,1434,1435,5575,5673,5697,5611,5613,5698,5675,5699,5695,1437,5700
5581,5677,5701,5617,5583,5678,5702,5619,5680,5703,5704,5621,5683,5706,5707,5626,5588,5681,5705,5624,5630,5709,5686,5710,5708,5711,5712
5583,5678,5702,5619,5599,5689,5713,5635,5683,5706,5707,5626,5692,5715,5716,5639,5601,5690,5714,5637,5642,5717,5694,5718,5711,5719,5720
5599,5689,5713,5635,1433,1422,1450,1461,5692,5715,5716,5639,1434,1454,1462,1463,5611,5697,5721,5647,5649,5722,5699,5723,5719,1465,5724
5143,3302,3937,5653,5144,3304,3938,5654,5146,3939,5725,5655,5149,3942,5726,5658,5147,3309,3941,5657,5661,3945,5152,5728,5727,5729,5730
5144,3304,3938,5654,5155,3320,3949,5665,5149,3942,5726,5658,5158,3951,5731,5667,5156,3322,3950,5666,5669,3953,5160,5732,5729,5733,5734
5155,3320,3949,5665,108,106,1393,1394,5158,3951,5731,5667,113,1395,1397,1398,5163,3332,3957,5673,5674,3958,5165,5735,5733,1401,5736
5653,3937,3961,5677,5654,3938,3962,5678,5725,3963,5737,5679,5726,3966,5738,5682,5657,3941,3965,5681,5685,3969,5728,5740,5739,5741,5742
5654,3938,3962,5678,5665,3949,3973,5689,5726,3966,5738,5682,5731,3975,5743,5691,5666,3950,3974,5690,5693,3977,5732,5744,5741,5745,5746
5665,3949,3973,5689,1394,1393,1421,1422,5731,3975,5743,5691,1397,1423,1425,1426,5673,3957,3981,5697,5698,3982,5735,5747,5745,1429,5748
5677,3961,3985,5701,5678,3962,3986,5702,5737,3987,5749,5703,5738,3990,5750,5706,5681,3965,3989,5705,5709,3993,5740,5752,5751,5753,5754
5678,3962,3986,5702,5689,3973,3997,5713,5738,3990,5750,5706,5743,3999,5755,5715,5690,3974,3998,5714,5717,4001,5744,5756,5753,5757,5758
5689,3973,3997,5713,1422,1421,1449,1450,5743,3999,5755,5715,1425,1451,1453,1454,5697,3981,4005,5721,5722,4006,5747,5759,5757,1457,5760
2432,5479,5761,2768,2420,5480,5762,2756,5533,5763,5764,2772,5534,5766,5767,2760,2434,5483,5765,2770,2775,5769,5536,5770,5768,5771,5772
2420,5480,5762,2756,2408,5491,5773,2744,5534,5766,5767,2760,5539,5775,5776,2748,2422,5492,5774,2758,2763,5777,5540,5778,5771,5779,5780
2408,5491,5773,2744,872,860,1742,1754,5539,5775,5776,2748,874,1746,1756,1758,2410,5499,5781,2746,2751,5782,5543,5783,5779,1761,5784
2768,5761,5785,2852,2756,5762,5786,2840,5764,5787,5788,2856,5767,5790,5791,2844,2770,5765,5789,2854,2859,5793,5770,5794,5792,5795,5796
2756,5762,5786,2840,2744,5773,5797,2828,5767,5790,5791,2844,5776,5799,5800,2832,2758,5774,5798,2842,2847,5801,5778,5802,5795,5803,5804
2744,5773,5797,2828,1754,1742,1826,1838,5776,5799,5800,2832,1756,1830,1840,1842,2746,5781,5805,2830,2835,5806,5783,5807,5803,1845,5808
2852,5785,5809,2936,2840,5786,5810,2924,5788,5811,5812,2940,5791,5814,5815,2928,2854,5789,5813,2938,2943,5817,5794,5818,5816,5819,5820
2840,5786,5810,2924,2828,5797,5821,2912,5791,5814,5815,2928,5800,5823,5824,2916,2842,5798,5822,2926,2931,5825,5802,5826,5819,5827,5828
2828,5797,5821,2912,1838,1826,1910,1922,5800,5823,5824,2916,1840,1914,1924,1926,2830,5805,5829,2914,2919,5830,5807,5831,5827,1929,5832
5479,5395,5833,5761,5480,5396,5834,5762,5482,5835,5836,5763,5485,5838,5839,5766,5483,5399,5837,5765,5769,5841,5488,5842,5840,5843,5844
5480,5396,5834,5762,5491,5407,5845,5773,5485,5838,5839,5766,5494,5847,5848,5775,5492,5408,5846,5774,5777,5849,5496,5850,5843,5851,5852
5491,5407,5845,5773,860,848,1730,1742,5494,5847,5848,5775,862,1734,1744,1746,5499,5415,5853,5781,5782,5854,5501,5855,5851,1749,5856
5761,5833,5857,5785,5762,5834,5858,5786,5836,5859,5860,5787,5839,5862,5863,5790,5765,5837,5861,5789,5793,5865,5842,5866,5864,5867,5868
5762,5834,5858,5786,5773,5845,5869,5797,5839,5862,5863,5790,5848,5871,5872,5799,5774,5846,5870,5798,5801,5873,5850,5874,5867,5875,5876
5773,5845,5869,5797,1742,1730,1814,1826,5848,5871,5872,5799,1744,1818,1828,1830,5781,5853,5877,5805,5806,5878,5855,5879,5875,1833,5880
5785,5857,5881,5809,5786,5858,5882,5810,5860,5883,5884,5811,5863,5886,5887,5814,5789,5861,5885,5813,5817,5889,5866,5890,5888,5891,5892
5786,5858,5882,5810,5797,5869,5893,5821,5863,5886,5887,5814,5872,5895,5896,5823,5798,5870,5894,5822,5825,5897,5874,5898,5891,5899,5900
5797,5869,5893,5821,1826,1814,1898,1910,5872,5895,5896,5823,1828,1902,1912,1914,5805,5877,5901,5829,5830,5902,5879,5903,5899,1917,5904
5395,5311,5546,5833,5396,5312,5548,5834,5398,5551,5905,5835,5401,5556,5906,5838,5399,5315,5553,5837,5841,5560,5404,5908,5907,5909,5910
5396,5312,5548,5834,5407,5323,5564,5845,5401,5556,5906,5838,5410,5569,5911,5847,5408,5324,5566,5846,5849,5572,5412,5912,5909,5913,5914
5407,5323,5564,5845,848,136,1413,1730,5410,5569,5911,5847,850,1415,1732,1734,5415,5331,5576,5853,5854,5579,5417,5915,5913,1737,5916
5833,5546,5582,5857,5834,5548,5584,5858,5905,5587,5917,5859,5906,5592,5918,5862,5837,5553,5589,5861,5865,5596,5908,5920,5919,5921,5922
5834,5548,5584,5858,5845,5564,5600,5869,5906,5592,5918,5862,5911,5605,5923,5871,5846,5566,5602,5870,5873,5608,5912,5924,5921,5925,5926
5845,5564,5600,5869,1730,1413,1441,1814,5911,5605,5923,5871,1732,1443,1816,1818,5853,5576,5612,5877,5878,5615,5915,5927,5925,1821,5928
5857,5582,5618,5881,5858,5584,5620,5882,5917,5623,5929,5883,5918,5628,5930,5886,5861,5589,5625,5885,5889,5632,5920,5932,5931,5933,5934
5858,5584,5620,5882,5869,5600,5636,5893,5918,5628,5930,5886,5923,5641,5935,5895,5870,5602,5638,5894,5897,5644,5924,5936,5933,5937,5938
5869,5600,5636,5893,1814,1441,1469,1898,5923,5641,5935,5895,1816,1471,1900,1902,5877,5612,5648,5901,5902,5651,5927,5939,5937,1905,5940
1268,1267,1269,1270,3848,3847,5941,5942,1273,1274,1278,1275,3853,5945,5946,5947,3860,3859,5943,5944,5950,5948,3863,5949,1282,5951,5952
3848,3847,5941,5942,3832,3831,5953,5954,3853,5945,5946,5947,3840,5957,5958,5959,3850,3849,5955,5956,5962,5960,3856,5961,5951,5963,5964
3832,3831,5953,5954,3830,3829,5965,5966,3840,5957,5958,5959,3835,5969,5970,5971,3837,3836,5967,5968,5974,5972,3844,5973,5963,5975,5976
1270,1269,1285,1286,5942,5941,5977,5978,1278,1287,1291,1288,5946,5981,5982,5983,5944,5943,5979,5980,5986,5984,5949,5985,1294,5987,5988
5942,5941,5977,5978,5954,5953,5989,5990,5946,5981,5982,5983,5958,5993,5994,5995,5956,5955,5991,5992,5998,5996,5961,5997,5987,5999,6000
5954,5953,5989,5990,5966,5965,6001,6002,5958,5993,5994,5995,5970,6005,6006,6007,5968,5967,6003,6004,6010,6008,5973,6009,5999,6011,6012
1286,1285,1297,1298,5978,5977,6013,6014,1291,1299,1303,1300,5982,6017,6018,6019,5980,5979,6015,6016,6022,6020,5985,6021,1306,6023,6024
5978,5977,6013,6014,5990,5989,6025,6026,5982,6017,6018,6019,5994,6029,6030,6031,5992,5991,6027,6028,6034,6032,5997,6033,6023,6035,6036
5990,5989,6025,6026,6002,6001,6037,6038,5994,6029,6030,6031,6006,6041,6042,6043,6004,6003,6039,6040,6046,6044,6009,6045,6035,6047,6048
1267,1365,1366,1269,3847,3925,6049,5941,1368,1369,1371,1274,3928,6051,6052,5945,3859,3933,6050,5943,5948,6053,3935,6054,1374,6055,6056
3847,3925,6049,5941,3831,3914,6057,5953,3928,6051,6052,5945,3919,6059,6060,5957,3849,3926,6058,5955,5960,6061,3930,6062,6055,6063,6064
3831,3914,6057,5953,3829,3913,6065,5965,3919,6059,6060,5957,3916,6067,6068,5969,3836,3917,6066,5967,5972,6069,3922,6070,6063,6071,6072
1269,1366,1377,1285,5941,6049,6073,5977,1371,1378,1380,1287,6052,6075,6076,5981,5943,6050,6074,5979,5984,6077,6054,6078,1382,6079,6080
5941,6049,6073,5977,5953,6057,6081,5989,6052,6075,6076,5981,6060,6083,6084,5993,5955,6058,6082,5991,5996,6085,6062,6086,6079,6087,6088
5953,6057,6081,5989,5965,6065,6089,6001,6060,6083,6084,5993,6068,6091,6092,6005,5967,6066,6090,6003,6008,6093,6070,6094,6087,6095,6096
1285,1377,1385,1297,5977,6073,6097,6013,1380,1386,1388,1299,6076,6099,6100,6017,5979,6074,6098,6015,6020,6101,6078,6102,1390,6103,6104
5977,6073,6097,6013,5989,6081,6105,6025,6076,6099,6100,6017,6084,6107,6108,6029,5991,6082,6106,6027,6032,6109,6086,6110,6103,6111,6112
5989,6081,6105,6025,6001,6089,6113,6037,6084,6107,6108,6029,6092,6115,6116,6041,6003,6090,6114,6039,6044,6117,6094,6118,6111,6119,6120
1365,1449,1450,1366,3925,3997,5713,6049,1452,1453,1455,1369,4000,5755,6121,6051,3933,4005,5721,6050,6053,5759,4007,6122,1458,6123,6124
3925,3997,5713,6049,3914,3986,5702,6057,4000,5755,6121,6051,3991,5750,6125,6059,3926,3998,5714,6058,6061,5756,4002,6126,6123,6127,6128
3914,3986,5702,6057,3913,3985,5701,6065,3991,5750,6125,6059,3988,5749,6129,6067,3917,3989,5705,6066,6069,5752,3994,6130,6127,6131,6132
1366,1450,1461,1377,6049,5713,5635,6073,1455,1462,1464,1378,6121,5716,6133,6075,6050,5721,5647,6074,6077,5723,6122,6134,1466,6135,6136
6049,5713,5635,6073,6057,5702,5619,6081,6121,5716,6133,6075,6125,5707,6137,6083,6058,5714,5637,6082,6085,5718,6126,6138,6135,6139,6140
6057,5702,5619,6081,6065,5701,5617,6089,6125,5707,6137,6083,6129,5704,6141,6091,6066,5705,5624,6090,6093,5710,6130,6142,6139,6143,6144
1377,1461,1469,1385,6073,5635,5636,6097,1464,1470,1472,1386,6133,5640,6145,6099,6074,5647,5648,6098,6101,5650,6134,6146,1474,6147,6148
6073,5635,5636,6097,6081,5619,5620,6105,6133,5640,6145,6099,6137,5627,6149,6107,6082,5637,5638,6106,6109,5643,6138,6150,6147,6151,6152
6081,5619,5620,6105,6089,5617,5618,6113,6137,5627,6149,6107,6141,5622,6153,6115,6090,5624,5625,6114,6117,5631,6142,6154,6151,6155,6156
1562,1561,1563,1564,4100,4099,6157,4831,1567,1568,1572,1569,4105,6159,6160,4833,4112,4111,6158,4832,4835,6161,4115,6162,1576,6163,6164
4100,4099,6157,4831,4084,4083,6165,4839,4105,6159,6160,4833,4092,6167,6168,4841,4102,4101,6166,4840,4843,6169,4108,6170,6163,6171,6172
4084,4083,6165,4839,4082,4081,6173,4847,4092,6167,6168,4841,4087,6175,6176,4849,4089,4088,6174,4848,4851,6177,4096,6178,6171,6179,6180
1564,1563,1579,1580,4831,6157,6181,4855,1572,1581,1585,1582,6160,6183,6184,4857,4832,6158,6182,4856,4859,6185,6162,6186,1588,6187,6188
4831,6157,6181,4855,4839,6165,6189,4863,6160,6183,6184,4857,6168,6191,6192,4865,4840,6166,6190,4864,4867,6193,6170,6194,6187,6195,6196
4839,6165,6189,4863,4847,6173,6197,4871,6168,6191,6192,4865,6176,6199,6200,4873,4848,6174,6198,4872,4875,6201,6178,6202,6195,6203,6204
1580,1579,1591,1592,4855,6181,6205,4879,1585,1593,1597,1594,6184,6207,6208,4881,4856,6182,6206,4880,4883,6209,6186,6210,1600,6211,6212
4855,6181,6205,4879,4863,6189,6213,4887,6184,6207,6208,4881,6192,6215,6216,4889,4864,6190,6214,4888,4891,6217,6194,6218,6211,6219,6220
4863,6189,6213,4887,4871,6197,6221,4895,6192,6215,6216,4889,6200,6223,6224,4897,4872,6198,6222,4896,4899,6225,6202,6226,6219,6227,6228
1561,1659,1660,1563,4099,4177,6229,6157,1662,1663,1665,1568,4180,6231,6232,6159,4111,4185,6230,6158,6161,6233,4187,6234,1668,6235,6236
4099,4177,6229,6157,4083,4166,6237,6165,4180,6231,6232,6159,4171,6239,6240,6167,4101,4178,6238,6166,6169,6241,4182,6242,6235,6243,6244
4083,4166,6237,6165,4081,4165,6245,6173,4171,6239,6240,6167,4168,6247,6248,6175,4088,4169,6246,6174,6177,6249,4174,6250,6243,6251,6252
1563,1660,1671,1579,6157,6229,6253,6181,1665,1672,1674,1581,6232,6255,6256,6183,6158,6230,6254,6182,6185,6257,6234,6258,1676,6259,6260
6157,6229,6253,6181,6165,6237,6261,6189,6232,6255,6256,6183,6240,6263,6264,6191,6166,6238,6262,6190,6193,6265,6242,6266,6259,6267,6268
6165,6237,6261,6189,6173,6245,6269,6197,6240,6263,6264,6191,6248,6271,6272,6199,6174,6246,6270,6198,6201,6273,6250,6274,6267,6275,6276
1579,1671,1679,1591,6181,6253,6277,6205,1674,1680,1682,1593,6256,6279,6280,6207,6182,6254,6278,6206,6209,6281,6258,6282,1684,6283,6284
6181,6253,6277,6205,6189,6261,6285,6213,6256,6279,6280,6207,6264,6287,6288,6215,6190,6262,6286,6214,6217,6289,6266,6290,6283,6291,6292
6189,6261,6285,6213,6197,6269,6293,6221,6264,6287,6288,6215,6272,6295,6296,6223,6198,6270,6294,6222,6225,6297,6274,6298,6291,6299,6300
1659,1268,1270,1660,4177,3848,5942,6229,1715,1275,1716,1663,4219,5947,6301,6231,4185,3860,5944,6230,6233,5950,4223,6302,1718,6303,6304
4177,3848,5942,6229,4166,3832,5954,6237,4219,5947,6301,6231,4214,5959,6305,6239,4178,3850,5956,6238,6241,5962,4220,6306,6303,6307,6308
4166,3832,5954,6237,4165,3830,5966,6245,4214,5959,6305,6239,4213,5971,6309,6247,4169,3837,5968,6246,6249,5974,4216,6310,6307,6311,6312
1660,1270,1286,1671,6229,5942,5978,6253,1716,1288,1721,1672,6301,5983,6313,6255,6230,5944,5980,6254,6257,5986,6302,6314,1722,6315,6316
6229,5942,5978,6253,6237,5954,5990,6261,6301,5983,6313,6255,6305,5995,6317,6263,6238,5956,5992,6262,6265,5998,6306,6318,6315,6319,6320
6237,5954,5990,6261,6245,5966,6002,6269,6305,5995,6317,6263,6309,6007,6321,6271,6246,5968,6004,6270,6273,6010,6310,6322,6319,6323,6324
1671,1286,1298,1679,6253,5978,6014,6277,1721,1300,1725,1680,6313,6019,6325,6279,6254,5980,6016,6278,6281,6022,6314,6326,1726,6327,6328
6253,5978,6014,6277,6261,5990,6026,6285,6313,6019,6325,6279,6317,6031,6329,6287,6262,5992,6028,6286,6289,6034,6318,6330,6327,6331,6332
6261,5990,6026,6285,6269,6002,6038,6293,6317,6031,6329,6287,6321,6043,6333,6295,6270,6004,6040,6294,6297,6046,6322,6334,6331,6335,6336
1897,1385,1469,1898,6337,6097,5636,5893,1899,1472,1900,1901,6339,6145,5935,6340,6338,6098,5648,5901,6342,6146,6341,5939,1904,6343,6344
6337,6097,5636,5893,6345,6105,5620,5882,6339,6145,5935,6340,6347,6149,5930,6348,6346,6106,5638,5894,6350,6150,6349,5936,6343,6351,6352
6345,6105,5620,5882,6353,6113,5618,5881,6347,6149,5930,6348,6355,6153,5929,6356,6354,6114,5625,5885,6358,6154,6357,5932,6351,6359,6360
1909,1897,1898,1910,6361,6337,5893,5821,1911,1901,1912,1913,6363,6340,5896,6364,6362,6338,5901,5829,6366,6342,6365,5903,1916,6367,6368
6361,6337,5893,5821,6369,6345,5882,5810,6363,6340,5896,6364,6371,6348,5887,6372,6370,6346,5894,5822,6374,6350,6373,5898,6367,6375,6376
6369,6345,5882,5810,6377,6353,5881,5809,6371,6348,5887,6372,6379,6356,5884,6380,6378,6354,5885,5813,6382,6358,6381,5890,6375,6383,6384
1921,1909,1910,1922,2911,6361,5821,2912,1923,1913,1924,1925,6385,6364,5824,2915,2913,6362,5829,2914,2918,6366,6386,5831,1928,6387,6388
2911,6361,5821,2912,2923,6369,5810,2924,6385,6364,5824,2915,6389,6372,5815,2927,2925,6370,5822,2926,2930,6374,6390,5826,6387,6391,6392
2923,6369,5810,2924,2935,6377,5809,2936,6389,6372,5815,2927,6393,6380,5812,2939,2937,6378,5813,2938,2942,6382,6394,5818,6391,6395,6396
1933,1297,1385,1897,6397,6013,6097,6337,1934,1388,1899,1935,6399,6100,6339,6400,6398,6015,6098,6338,6402,6102,6401,6341,1937,6403,6404
6397,6013,6097,6337,6405,6025,6105,6345,6399,6100,6339,6400,6407,6108,6347,6408,6406,6027,6106,6346,6410,6110,6409,6349,6403,6411,6412
6405,6025,6105,6345,6413,6037,6113,6353,6407,6108,6347,6408,6415,6116,6355,6416,6414,6039,6114,6354,6418,6118,6417,6357,6411,6419,6420
1941,1933,1897,1909,6421,6397,6337,6361,1942,1935,1911,1943,6423,6400,6363,6424,6422,6398,6338,6362,6426,6402,6425,6365,1945,6427,6428
6421,6397,6337,6361,6429,6405,6345,6369,6423,6400,6363,6424,6431,6408,6371,6432,6430,6406,6346,6370,6434,6410,6433,6373,6427,6435,6436
6429,6405,6345,6369,6437,6413,6353,6377,6431,6408,6371,6432,6439,6416,6379,6440,6438,6414,6354,6378,6442,6418,6441,6381,6435,6443,6444
1949,1941,1909,1921,2947,6421,6361,2911,1950,1943,1923,1951,6445,6424,6385,2949,2948,6422,6362,2913,2951,6426,6446,6386,1953,6447,6448
2947,6421,6361,2911,2955,6429,6369,2923,6445,6424,6385,2949,6449,6432,6389,2957,2956,6430,6370,2925,2959,6434,6450,6390,6447,6451,6452
2955,6429,6369,2923,2963,6437,6377,2935,6449,6432,6389,2957,6453,6440,6393,2965,2964,6438,6378,2937,2967,6442,6454,6394,6451,6455,6456
1957,1298,1297,1933,6457,6014,6013,6397,1958,1303,1934,1959,6459,6018,6399,6460,6458,6016,6015,6398,6462,6021,6461,6401,1961,6463,6464
6457,6014,6013,6397,6465,6026,6025,6405,6459,6018,6399,6460,6467,6030,6407,6468,6466,6028,6027,6406,6470,6033,6469,6409,6463,6471,6472
6465,6026,6025,6405,6473,6038,6037,6413,6467,6030,6407,6468,6475,6042,6415,6476,6474,6040,6039,6414,6478,6045,6477,6417,6471,6479,6480
1965,1957,1933,1941,6481,6457,6397,6421,1966,1959,1942,1967,6483,6460,6423,6484,6482,6458,6398,6422,6486,6462,6485,6425,1969,6487,6488
6481,6457,6397,6421,6489,6465,6405,6429,6483,6460,6423,6484,6491,6468,6431,6492,6490,6466,6406,6430,6494,6470,6493,6433,6487,6495,6496
6489,6465,6405,6429,6497,6473,6413,6437,6491,6468,6431,6492,6499,6476,6439,6500,6498,6474,6414,6438,6502,6478,6501,6441,6495,6503,6504
1973,1965,1941,1949,2971,6481,6421,2947,1974,1967,1950,1975,6505,6484,6445,2973,2972,6482,6422,2948,2975,6486,6506,6446,1977,6507,6508
2971,6481,6421,2947,2979,6489,6429,2955,6505,6484,6445,2973,6509,6492,6449,2981,2980,6490,6430,2956,2983,6494,6510,6450,6507,6511,6512
2979,6489,6429,2955,2987,6497,6437,2963,6509,6492,6449,2981,6513,6500,6453,2989,2988,6498,6438,2964,2991,6502,6514,6454,6511,6515,6516
1982,1679,1298,1957,6517,6277,6014,6457,1984,1725,1958,1987,6519,6325,6459,6520,6518,6278,6016,6458,6522,6326,6521,6461,1990,6523,6524
6517,6277,6014,6457,6525,6285,6026,6465,6519,6325,6459,6520,6527,6329,6467,6528,6526,6286,6028,6466,6530,6330,6529,6469,6523,6531,6532
6525,6285,6026,6465,6533,6293,6038,6473,6527,6329,6467,6528,6535,6333,6475,6536,6534,6294,6040,6474,6538,6334,6537,6477,6531,6539,6540
1994,1982,1957,1965,6541,6517,6457,6481,1996,1987,1966,1999,6543,6520,6483,6544,6542,6518,6458,6482,6546,6522,6545,6485,2002,6547,6548
6541,6517,6457,6481,6549,6525,6465,6489,6543,6520,6483,6544,6551,6528,6491,6552,6550,6526,6466,6490,6554,6530,6553,6493,6547,6555,6556
6549,6525,6465,6489,6557,6533,6473,6497,6551,6528,6491,6552,6559,6536,6499,6560,6558,6534,6474,6498,6562,6538,6561,6501,6555,6563,6564
2006,1994,1965,1973,2996,6541,6481,2971,2008,1999,1974,2011,6565,6544,6505,3001,2998,6542,6482,2972,3004,6546,6566,6506,2014,6567,6568
2996,6541,6481,2971,3008,6549,6489,2979,6565,6544,6505,3001,6569,6552,6509,3013,3010,6550,6490,2980,3016,6554,6570,6510,6567,6571,6572
3008,6549,6489,2979,3020,6557,6497,2987,6569,6552,6509,3013,6573,6560,6513,3025,3022,6558,6498,2988,3028,6562,6574,6514,6571,6575,6576
2018,1591,1679,1982,6577,6205,6277,6517,2020,1682,1984,2023,6579,6280,6519,6580,6578,6206,6278,6518,6582,6282,6581,6521,2026,6583,6584
6577,6205,6277,6517,6585,6213,6285,6525,6579,6280,6519,6580,6587,6288,6527,6588,6586,6214,6286,6526,6590,6290,6589,6529,6583,6591,6592
6585,6213,6285,6525,6593,6221,6293,6533,6587,6288,6527,6588,6595,6296,6535,6596,6594,6222,6294,6534,6598,6298,6597,6537,6591,6599,6600
2030,2018,1982,1994,6601,6577,6517,6541,2032,2023,1996,2035,6603,6580,6543,6604,6602,6578,6518,6542,6606,6582,6605,6545,2038,6607,6608
6601,6577,6517,6541,6609,6585,6525,6549,6603,6580,6543,6604,6611,6588,6551,6612,6610,6586,6526,6550,6614,6590,6613,6553,6607,6615,6616
6609,6585,6525,6549,6617,6593,6533,6557,6611,6588,6551,6612,6619,6596,6559,6620,6618,6594,6534,6558,6622,6598,6621,6561,6615,6623,6624
2042,2030,1994,2006,3032,6601,6541,2996,2044,2035,2008,2047,6625,6604,6565,3037,3034,6602,6542,2998,3040,6606,6626,6566,2050,6627,6628
3032,6601,6541,2996,3044,6609,6549,3008,6625,6604,6565,3037,6629,6612,6569,3049,3046,6610,6550,3010,3052,6614,6630,6570,6627,6631,6632
3044,6609,6549,3008,3056,6617,6557,3020,6629,6612,6569,3049,6633,6620,6573,3061,3058,6618,6558,3022,3064,6622,6634,6574,6631,6635,6636
2054,1592,1591,2018,4904,4879,6205,6577,2056,1597,2020,2059,4908,6208,6579,6637,4906,4880,6206,6578,6638,6210,4911,6581,2062,6639,6640
4904,4879,6205,6577,4916,4887,6213,6585,4908,6208,6579,6637,4920,6216,6587,6641,4918,4888,6214,6586,6642,6218,4923,6589,6639,6643,6644
4916,4887,6213,6585,4928,4895,6221,6593,4920,6216,6587,6641,4932,6224,6595,6645,4930,4896,6222,6594,6646,6226,4935,6597,6643,6647,6648
2066,2054,2018,2030,4940,4904,6577,6601,2068,2059,2032,2071,4944,6637,6603,6649,4942,4906,6578,6602,6650,6638,4947,6605,2074,6651,6652
4940,4904,6577,6601,4952,4916,6585,6609,4944,6637,6603,6649,4956,6641,6611,6653,4954,4918,6586,6610,6654,6642,4959,6613,6651,6655,6656
4952,4916,6585,6609,4964,4928,6593,6617,4956,6641,6611,6653,4968,6645,6619,6657,4966,4930,6594,6618,6658,6646,4971,6621,6655,6659,6660
2078,2066,2030,2042,3068,4940,6601,3032,2080,2071,2044,2083,4976,6649,6625,3073,3070,4942,6602,3034,3076,6650,4978,6626,2086,6661,6662
3068,4940,6601,3032,3080,4952,6609,3044,4976,6649,6625,3073,4982,6653,6629,3085,3082,4954,6610,3046,3088,6654,4984,6630,6661,6663,6664
3080,4952,6609,3044,3092,4964,6617,3056,4982,6653,6629,3085,4988,6657,6633,3097,3094,4966,6618,3058,3100,6658,4990,6634,6663,6665,6666
6667,3212,3211,5084,6668,3216,3215,5086,6669,3219,5088,6670,6672,3227,5093,6673,6671,3224,3223,5091,6676,3232,6675,5097,6674,6677,6678
6668,3216,3215,5086,6679,3239,3238,5102,6672,3227,5093,6673,6681,3246,5106,6682,6680,3243,3242,5104,6684,3250,6683,5109,6677,6685,6686
6679,3239,3238,5102,5,1,0,4,6681,3246,5106,6682,13,8,12,16,6687,3257,3256,5114,6689,3260,6688,5116,6685,21,6690
6691,6667,5084,5168,6692,6668,5086,5170,6693,6670,5172,6694,6696,6673,5177,6697,6695,6671,5091,5175,6700,6676,6699,5181,6698,6701,6702
6692,6668,5086,5170,6703,6679,5102,5186,6696,6673,5177,6697,6705,6682,5190,6706,6704,6680,5104,5188,6708,6684,6707,5193,6701,6709,6710
6703,6679,5102,5186,28,5,4,27,6705,6682,5190,6706,32,16,31,35,6711,6687,5114,5198,6713,6689,6712,5200,6709,39,6714
6715,6691,5168,5252,6716,6692,5170,5254,6717,6694,5256,6718,6720,6697,5261,6721,6719,6695,5175,5259,6724,6700,6723,5265,6722,6725,6726
6716,6692,5170,5254,6727,6703,5186,5270,6720,6697,5261,6721,6729,6706,5274,6730,6728,6704,5188,5272,6732,6708,6731,5277,6725,6733,6734
6727,6703,5186,5270,46,28,27,45,6729,6706,5274,6730,50,35,49,53,6735,6711,5198,5282,6737,6713,6736,5284,6733,57,6738
6739,3337,3212,6667,6740,3339,3216,6668,6741,3341,6669,6742,6744,3346,6672,6745,6743,3344,3224,6671,6748,3350,6747,6675,6746,6749,6750
6740,3339,3216,6668,6751,3355,3239,6679,6744,3346,6672,6745,6753,3359,6681,6754,6752,3357,3243,6680,6756,3362,6755,6683,6749,6757,6758
6751,3355,3239,6679,149,147,1,5,6753,3359,6681,6754,154,151,13,156,6759,3367,3257,6687,6761,3369,6760,6688,6757,160,6762
6763,6739,6667,6691,6764,6740,6668,6692,6765,6742,6693,6766,6768,6745,6696,6769,6767,6743,6671,6695,6772,6748,6771,6699,6770,6773,6774
6764,6740,6668,6692,6775,6751,6679,6703,6768,6745,6696,6769,6777,6754,6705,6778,6776,6752,6680,6704,6780,6756,6779,6707,6773,6781,6782
6775,6751,6679,6703,165,149,5,28,6777,6754,6705,6778,167,156,32,169,6783,6759,6687,6711,6785,6761,6784,6712,6781,172,6786
6787,6763,6691,6715,6788,6764,6692,6716,6789,6766,6717,6790,6792,6769,6720,6793,6791,6767,6695,6719,6796,6772,6795,6723,6794,6797,6798
6788,6764,6692,6716,6799,6775,6703,6727,6792,6769,6720,6793,6801,6778,6729,6802,6800,6776,6704,6728,6804,6780,6803,6731,6797,6805,6806
6799,6775,6703,6727,177,165,28,46,6801,6778,6729,6802,179,169,50,181,6807,6783,6711,6735,6809,6785,6808,6736,6805,184,6810
6811,3421,3337,6739,6812,3423,3339,6740,6813,3425,6741,6814,6816,3430,6744,6817,6815,3428,3344,6743,6820,3434,6819,6747,6818,6821,6822
6812,3423,3339,6740,6823,3439,3355,6751,6816,3430,6744,6817,6825,3443,6753,6826,6824,3441,3357,6752,6828,3446,6827,6755,6821,6829,6830
6823,3439,3355,6751,247,245,147,149,6825,3443,6753,6826,252,249,154,254,6831,3451,3367,6759,6833,3453,6832,6760,6829,258,6834
6835,6811,6739,6763,6836,6812,6740,6764,6837,6814,6765,6838,6840,6817,6768,6841,6839,6815,6743,6767,6844,6820,6843,6771,6842,6845,6846
6836,6812,6740,6764,6847,6823,6751,6775,6840,6817,6768,6841,6849,6826,6777,6850,6848,6824,6752,6776,6852,6828,6851,6779,6845,6853,6854
6847,6823,6751,6775,263,247,149,165,6849,6826,6777,6850,265,254,167,267,6855,6831,6759,6783,6857,6833,6856,6784,6853,270,6858
6859,6835,6763,6787,6860,6836,6764,6788,6861,6838,6789,6862,6864,6841,6792,6865,6863,6839,6767,6791,6868,6844,6867,6795,6866,6869,6870
6860,6836,6764,6788,6871,6847,6775,6799,6864,6841,6792,6865,6873,6850,6801,6874,6872,6848,6776,6800,6876,6852,6875,6803,6869,6877,6878
6871,6847,6775,6799,275,263,165,177,6873,6850,6801,6874,277,267,179,279,6879,6855,6783,6807,6881,6857,6880,6808,6877,282,6882
6883,3505,3421,6811,6884,3507,3423,6812,6885,3509,6813,6886,6888,3514,6816,6889,6887,3512,3428,6815,6892,3518,6891,6819,6890,6893,6894
6884,3507,3423,6812,6895,3523,3439,6823,6888,3514,6816,6889,6897,3527,6825,6898,6896,3525,3441,6824,6900,3530,6899,6827,6893,6901,6902
6895,3523,3439,6823,345,343,245,247,6897,3527,6825,6898,350,347,252,352,6903,3535,3451,6831,6905,3537,6904,6832,6901,356,6906
6907,6883,6811,6835,6908,6884,6812,6836,6909,6886,6837,6910,6912,6889,6840,6913,6911,6887,6815,6839,6916,6892,6915,6843,6914,6917,6918
6908,6884,6812,6836,6919,6895,6823,6847,6912,6889,6840,6913,6921,6898,6849,6922,6920,6896,6824,6848,6924,6900,6923,6851,6917,6925,6926
6919,6895,6823,6847,361,345,247,263,6921,6898,6849,6922,363,352,265,365,6927,6903,6831,6855,6929,6905,6928,6856,6925,368,6930
6931,6907,6835,6859,6932,6908,6836,6860,6933,6910,6861,6934,6936,6913,6864,6937,6935,6911,6839,6863,6940,6916,6939,6867,6938,6941,6942
6932,6908,6836,6860,6943,6919,6847,6871,6936,6913,6864,6937,6945,6922,6873,6946,6944,6920,6848,6872,6948,6924,6947,6875,6941,6949,6950
6943,6919,6847,6871,373,361,263,275,6945,6922,6873,6946,375,365,277,377,6951,6927,6855,6879,6953,6929,6952,6880,6949,380,6954
6955,3589,3505,6883,6956,3591,3507,6884,6957,3593,6885,6958,6960,3598,6888,6961,6959,3596,3512,6887,6964,3602,6963,6891,6962,6965,6966
6956,3591,3507,6884,6967,3607,3523,6895,6960,3598,6888,6961,6969,3611,6897,6970,6968,3609,3525,6896,6972,3614,6971,6899,6965,6973,6974
6967,3607,3523,6895,443,441,343,345,6969,3611,6897,6970,448,445,350,450,6975,3619,3535,6903,6977,3621,6976,6904,6973,454,6978
6979,6955,6883,6907,6980,6956,6884,6908,6981,6958,6909,6982,6984,6961,6912,6985,6983,6959,6887,6911,6988,6964,6987,6915,6986,6989,6990
6980,6956,6884,6908,6991,6967,6895,6919,6984,6961,6912,6985,6993,6970,6921,6994,6992,6968,6896,6920,6996,6972,6995,6923,6989,6997,6998
6991,6967,6895,6919,459,443,345,361,6993,6970,6921,6994,461,450,363,463,6999,6975,6903,6927,7001,6977,7000,6928,6997,466,7002
7003,6979,6907,6931,7004,6980,6908,6932,7005,6982,6933,7006,7008,6985,6936,7009,7007,6983,6911,6935,7012,6988,7011,6939,7010,7013,7014
7004,6980,6908,6932,7015,6991,6919,6943,7008,6985,6936,7009,7017,6994,6945,7018,7016,6992,6920,6944,7020,6996,7019,6947,7013,7021,7022
7015,6991,6919,6943,471,459,361,373,7017,6994,6945,7018,473,463,375,475,7023,6999,6927,6951,7025,7001,7024,6952,7021,478,7026
4250,3673,3589,6955,4238,3675,3591,6956,4255,3677,6957,7027,4243,3682,6960,7028,4252,3680,3596,6959,7030,3686,4258,6963,7029,7031,7032
4238,3675,3591,6956,4226,3691,3607,6967,4243,3682,6960,7028,4231,3695,6969,7033,4240,3693,3609,6968,7034,3698,4246,6971,7031,7035,7036
4226,3691,3607,6967,541,539,441,443,4231,3695,6969,7033,546,543,448,548,4228,3703,3619,6975,7037,3705,4234,6976,7035,552,7038
4286,4250,6955,6979,4274,4238,6956,6980,4291,7027,6981,7039,4279,7028,6984,7040,4288,4252,6959,6983,7042,7030,4294,6987,7041,7043,7044
4274,4238,6956,6980,4262,4226,6967,6991,4279,7028,6984,7040,4267,7033,6993,7045,4276,4240,6968,6992,7046,7034,4282,6995,7043,7047,7048
4262,4226,6967,6991,557,541,443,459,4267,7033,6993,7045,559,548,461,561,4264,4228,6975,6999,7049,7037,4270,7000,7047,564,7050
4322,4286,6979,7003,4310,4274,6980,7004,4327,7039,7005,7051,4315,7040,7008,7052,4324,4288,6983,7007,7054,7042,4330,7011,7053,7055,7056
4310,4274,6980,7004,4298,4262,6991,7015,4315,7040,7008,7052,4303,7045,7017,7057,4312,4276,6992,7016,7058,7046,4318,7019,7055,7059,7060
4298,4262,6991,7015,569,557,459,471,4303,7045,7017,7057,571,561,473,573,4300,4264,6999,7023,7061,7049,4306,7024,7059,576,7062
6859,6787,7063,7064,6860,6788,7065,7066,6862,7067,7068,7069,6865,7072,7073,7074,6863,6791,7070,7071,7078,7076,6868,7077,7075,7079,7080
6860,6788,7065,7066,6871,6799,7081,7082,6865,7072,7073,7074,6874,7085,7086,7087,6872,6800,7083,7084,7090,7088,6876,7089,7079,7091,7092
6871,6799,7081,7082,275,177,692,728,6874,7085,7086,7087,279,694,732,730,6879,6807,7093,7094,7097,7095,6881,7096,7091,735,7098
7064,7063,7099,7100,7066,7065,7101,7102,7068,7103,7104,7105,7073,7108,7109,7110,7071,7070,7106,7107,7114,7112,7077,7113,7111,7115,7116
7066,7065,7101,7102,7082,7081,7117,7118,7073,7108,7109,7110,7086,7121,7122,7123,7084,7083,7119,7120,7126,7124,7089,7125,7115,7127,7128
7082,7081,7117,7118,728,692,704,740,7086,7121,7122,7123,732,706,744,742,7094,7093,7129,7130,7133,7131,7096,7132,7127,747,7134
7100,7099,2276,2312,7102,7101,2264,2300,7104,7135,2316,7136,7109,7137,2304,7138,7107,7106,2278,2314,7141,7140,7113,2319,7139,7142,7143
7102,7101,2264,2300,7118,7117,2252,2288,7109,7137,2304,7138,7122,7144,2292,7145,7120,7119,2266,2302,7147,7146,7125,2307,7142,7148,7149
7118,7117,2252,2288,740,704,716,752,7122,7144,2292,7145,744,718,756,754,7130,7129,2254,2290,7151,7150,7132,2295,7148,759,7152
6787,6715,7153,7063,6788,6716,7154,7065,6790,7155,7156,7067,6793,7158,7159,7072,6791,6719,7157,7070,7076,7161,6796,7162,7160,7163,7164
6788,6716,7154,7065,6799,6727,7165,7081,6793,7158,7159,7072,6802,7167,7168,7085,6800,6728,7166,7083,7088,7169,6804,7170,7163,7171,7172
6799,6727,7165,7081,177,46,640,692,6802,7167,7168,7085,181,644,696,694,6807,6735,7173,7093,7095,7174,6809,7175,7171,699,7176
7063,7153,7177,7099,7065,7154,7178,7101,7156,7179,7180,7103,7159,7182,7183,7108,7070,7157,7181,7106,7112,7185,7162,7186,7184,7187,7188
7065,7154,7178,7101,7081,7165,7189,7117,7159,7182,7183,7108,7168,7191,7192,7121,7083,7166,7190,7119,7124,7193,7170,7194,7187,7195,7196
7081,7165,7189,7117,692,640,658,704,7168,7191,7192,7121,696,662,708,706,7093,7173,7197,7129,7131,7198,7175,7199,7195,711,7200
7099,7177,2236,2276,7101,7178,2218,2264,7180,7201,2280,7135,7183,7202,2268,7137,7106,7181,2240,2278,7140,7204,7186,2283,7203,7205,7206
7101,7178,2218,2264,7117,7189,2200,2252,7183,7202,2268,7137,7192,7207,2256,7144,7119,7190,2222,2266,7146,7208,7194,2271,7205,7209,7210
7117,7189,2200,2252,704,658,676,716,7192,7207,2256,7144,708,680,720,718,7129,7197,2204,2254,7150,7211,7199,2259,7209,723,7212
6715,5252,5336,7153,6716,5254,5338,7154,6718,5340,7213,7155,6721,5345,7214,7158,6719,5259,5343,7157,7161,5349,6724,7216,7215,7217,7218
6716,5254,5338,7154,6727,5270,5354,7165,6721,5345,7214,7158,6730,5358,7219,7167,6728,5272,5356,7166,7169,5361,6732,7220,7217,7221,7222
6727,5270,5354,7165,46,45,639,640,6730,5358,7219,7167,53,643,647,644,6735,5282,5366,7173,7174,5368,6737,7223,7221,651,7224
7153,5336,5420,7177,7154,5338,5422,7178,7213,5424,7225,7179,7214,5429,7226,7182,7157,5343,5427,7181,7185,5433,7216,7228,7227,7229,7230
7154,5338,5422,7178,7165,5354,5438,7189,7214,5429,7226,7182,7219,5442,7231,7191,7166,5356,5440,7190,7193,5445,7220,7232,7229,7233,7234
7165,5354,5438,7189,640,639,657,658,7219,5442,7231,7191,647,661,665,662,7173,5366,5450,7197,7198,5452,7223,7235,7233,669,7236
7177,5420,2235,2236,7178,5422,2217,2218,7225,5503,2243,7201,7226,5505,2225,7202,7181,5427,2239,2240,7204,5508,7228,2247,7237,7238,7239
7178,5422,2217,2218,7189,5438,2199,2200,7226,5505,2225,7202,7231,5512,2207,7207,7190,5440,2221,2222,7208,5514,7232,2229,7238,7240,7241
7189,5438,2199,2200,658,657,675,676,7231,5512,2207,7207,665,679,683,680,7197,5450,2203,2204,7211,5518,7235,2211,7240,687,7242
4322,7003,7243,4643,4310,7004,7244,4635,7051,7245,7246,4645,7052,7248,7249,4637,4324,7007,7247,4644,4647,7251,7054,7252,7250,7253,7254
4310,7004,7244,4635,4298,7015,7255,4627,7052,7248,7249,4637,7057,7257,7258,4629,4312,7016,7256,4636,4639,7259,7058,7260,7253,7261,7262
4298,7015,7255,4627,569,471,1135,1159,7057,7257,7258,4629,573,1136,1161,1160,4300,7023,7263,4628,4631,7264,7061,7265,7261,1163,7266
4643,7243,7267,4667,4635,7244,7268,4659,7246,7269,7270,4669,7249,7272,7273,4661,4644,7247,7271,4668,4671,7275,7252,7276,7274,7277,7278
4635,7244,7268,4659,4627,7255,7279,4651,7249,7272,7273,4661,7258,7281,7282,4653,4636,7256,7280,4660,4663,7283,7260,7284,7277,7285,7286
4627,7255,7279,4651,1159,1135,1143,1167,7258,7281,7282,4653,1161,1144,1169,1168,4628,7263,7287,4652,4655,7288,7265,7289,7285,1171,7290
4667,7267,2711,2735,4659,7268,2703,2727,7270,7291,2737,4683,7273,7292,2729,4679,4668,7271,2712,2736,4684,7294,7276,2739,7293,7295,7296
4659,7268,2703,2727,4651,7279,2695,2719,7273,7292,2729,4679,7282,7297,2721,4675,4660,7280,2704,2728,4680,7298,7284,2731,7295,7299,7300
4651,7279,2695,2719,1167,1143,1151,1175,7282,7297,2721,4675,1169,1152,1177,1176,4652,7287,2696,2720,4676,7301,7289,2723,7299,1179,7302
7003,6931,7303,7243,7004,6932,7304,7244,7006,7305,7306,7245,7009,7308,7309,7248,7007,6935,7307,7247,7251,7311,7012,7312,7310,7313,7314
7004,6932,7304,7244,7015,6943,7315,7255,7009,7308,7309,7248,7018,7317,7318,7257,7016,6944,7316,7256,7259,7319,7020,7320,7313,7321,7322
7015,6943,7315,7255,471,373,1111,1135,7018,7317,7318,7257,475,1112,1137,1136,7023,6951,7323,7263,7264,7324,7025,7325,7321,1139,7326
7243,7303,7327,7267,7244,7304,7328,7268,7306,7329,7330,7269,7309,7332,7333,7272,7247,7307,7331,7271,7275,7335,7312,7336,7334,7337,7338
7244,7304,7328,7268,7255,7315,7339,7279,7309,7332,7333,7272,7318,7341,7342,7281,7256,7316,7340,7280,7283,7343,7320,7344,7337,7345,7346
7255,7315,7339,7279,1135,1111,1119,1143,7318,7341,7342,7281,1137,1120,1145,1144,7263,7323,7347,7287,7288,7348,7325,7349,7345,1147,7350
7267,7327,2687,2711,7268,7328,2679,2703,7330,7351,2713,7291,7333,7352,2705,7292,7271,7331,2688,2712,7294,7354,7336,2715,7353,7355,7356
7268,7328,2679,2703,7279,7339,2671,2695,7333,7352,2705,7292,7342,7357,2697,7297,7280,7340,2680,2704,7298,7358,7344,2707,7355,7359,7360
7279,7339,2671,2695,1143,1119,1127,1151,7342,7357,2697,7297,1145,1128,1153,1152,7287,7347,2672,2696,7301,7361,7349,2699,7359,1155,7362
6931,6859,7064,7303,6932,6860,7066,7304,6934,7069,7363,7305,6937,7074,7364,7308,6935,6863,7071,7307,7311,7078,6940,7366,7365,7367,7368
6932,6860,7066,7304,6943,6871,7082,7315,6937,7074,7364,7308,6946,7087,7369,7317,6944,6872,7084,7316,7319,7090,6948,7370,7367,7371,7372
6943,6871,7082,7315,373,275,728,1111,6946,7087,7369,7317,377,730,1113,1112,6951,6879,7094,7323,7324,7097,6953,7373,7371,1115,7374
7303,7064,7100,7327,7304,7066,7102,7328,7363,7105,7375,7329,7364,7110,7376,7332,7307,7071,7107,7331,7335,7114,7366,7378,7377,7379,7380
7304,7066,7102,7328,7315,7082,7118,7339,7364,7110,7376,7332,7369,7123,7381,7341,7316,7084,7120,7340,7343,7126,7370,7382,7379,7383,7384
7315,7082,7118,7339,1111,728,740,1119,7369,7123,7381,7341,1113,742,1121,1120,7323,7094,7130,7347,7348,7133,7373,7385,7383,1123,7386
7327,7100,2312,2687,7328,7102,2300,2679,7375,7136,2689,7351,7376,7138,2681,7352,7331,7107,2314,2688,7354,7141,7378,2691,7387,7388,7389
7328,7102,2300,2679,7339,7118,2288,2671,7376,7138,2681,7352,7381,7145,2673,7357,7340,7120,2302,2680,7358,7147,7382,2683,7388,7390,7391
7339,7118,2288,2671,1119,740,752,1127,7381,7145,2673,7357,1121,754,1129,1128,7347,7130,2290,2672,7361,7151,7385,2675,7390,1131,7392
