2.00000000e+01,2.00104178e+01,2.00496925e+01,2.01388165e+01
2.00000000e+01,2.00106778e+01,2.00505372e+01,2.01404371e+01
2.00000000e+01,2.00110144e+01,2.00516668e+01,2.01426927e+01
2.00000000e+01,2.00106778e+01,2.00505372e+01,2.01404372e+01
2.00000000e+01,2.00142565e+01,2.00649275e+01,2.01748449e+01
2.00000000e+01,2.00148558e+01,2.00669867e+01,2.01791275e+01
2.00000000e+01,2.00155925e+01,2.00695307e+01,2.01844554e+01
2.00000000e+01,2.00148558e+01,2.00669868e+01,2.01791275e+01
2.00000000e+01,2.00105512e+01,2.00501215e+01,2.01396286e+01
2.00000000e+01,2.00108525e+01,2.00511201e+01,2.01415921e+01
2.00000000e+01,2.00108526e+01,2.00511201e+01,2.01415921e+01
2.00000000e+01,2.00105512e+01,2.00501215e+01,2.01396286e+01
2.00000000e+01,2.00121447e+01,2.00566144e+01,2.01553081e+01
2.00000000e+01,2.00125493e+01,2.00579852e+01,2.01580960e+01
2.00000000e+01,2.00130574e+01,2.00597302e+01,2.01617038e+01
2.00000000e+01,2.00125493e+01,2.00579853e+01,2.01580960e+01
2.00000000e+01,2.00145706e+01,2.00660047e+01,2.01770802e+01
2.00000000e+01,2.00152438e+01,2.00683250e+01,2.01819257e+01
2.00000000e+01,2.00152438e+01,2.00683250e+01,2.01819257e+01
2.00000000e+01,2.00145706e+01,2.00660047e+01,2.01770803e+01
2.00000000e+01,2.00107072e+01,2.00506345e+01,2.01406279e+01
2.00000000e+01,2.00123543e+01,2.00573218e+01,2.01567398e+01
2.00000000e+01,2.00128149e+01,2.00588951e+01,2.01599713e+01
2.00000000e+01,2.00128149e+01,2.00588951e+01,2.01599713e+01
2.00000000e+01,2.00123543e+01,2.00573218e+01,2.01567399e+01
2.00000000e+01,2.00149249e+01,2.00672239e+01,2.01796216e+01
2.00000000e+01,2.00125946e+01,2.00581401e+01,2.01584143e+01
2.00000000e+01,2.00200187e+01,2.00869106e+01,2.02253202e+01
2.00000000e+01,2.00212054e+01,2.00909747e+01,2.02338409e+01
2.00000000e+01,2.00226380e+01,2.00958662e+01,2.02440914e+01
2.00000000e+01,2.00212055e+01,2.00909748e+01,2.02338410e+01
2.00000000e+01,2.00168529e+01,2.00749403e+01,2.01980199e+01
2.00000000e+01,2.00177035e+01,2.00778695e+01,2.02041610e+01
2.00000000e+01,2.00187368e+01,2.00814287e+01,2.02116400e+01
2.00000000e+01,2.00177035e+01,2.00778695e+01,2.02041610e+01
2.00000000e+01,2.00206433e+01,2.00890504e+01,2.02298058e+01
2.00000000e+01,2.00219608e+01,2.00935553e+01,2.02392489e+01
2.00000000e+01,2.00219608e+01,2.00935553e+01,2.02392489e+01
2.00000000e+01,2.00206433e+01,2.00890504e+01,2.02298059e+01
2.00000000e+01,2.00172987e+01,2.00764755e+01,2.02012363e+01
2.00000000e+01,2.00182472e+01,2.00797425e+01,2.02080950e+01
2.00000000e+01,2.00182472e+01,2.00797425e+01,2.02080951e+01
2.00000000e+01,2.00172987e+01,2.00764755e+01,2.02012364e+01
2.00000000e+01,2.00213380e+01,2.00914268e+01,2.02347870e+01
2.00000000e+01,2.00177975e+01,2.00781937e+01,2.02048415e+01
2.00000000e+01,2.00286171e+01,2.01183629e+01,2.02953273e+01
2.00000000e+01,2.00308285e+01,2.01257676e+01,2.03106794e+01
2.00000000e+01,2.00335024e+01,2.01346584e+01,2.03290459e+01
2.00000000e+01,2.00308285e+01,2.01257676e+01,2.03106795e+01
2.00000000e+01,2.00238938e+01,2.01012515e+01,2.02575131e+01
2.00000000e+01,2.00255201e+01,2.01067679e+01,2.02690317e+01
2.00000000e+01,2.00274813e+01,2.01133856e+01,2.02828180e+01
2.00000000e+01,2.00255201e+01,2.01067680e+01,2.02690317e+01
2.00000000e+01,2.00297798e+01,2.01222622e+01,2.03034185e+01
2.00000000e+01,2.00322345e+01,2.01304506e+01,2.03203621e+01
2.00000000e+01,2.00322345e+01,2.01304506e+01,2.03203621e+01
2.00000000e+01,2.00297798e+01,2.01222622e+01,2.03034185e+01
2.00000000e+01,2.00247489e+01,2.01041555e+01,2.02635799e+01
2.00000000e+01,2.00265525e+01,2.01102561e+01,2.02763025e+01
2.00000000e+01,2.00265525e+01,2.01102561e+01,2.02763026e+01
2.00000000e+01,2.00247489e+01,2.01041555e+01,2.02635800e+01
2.00000000e+01,2.00310715e+01,2.01265780e+01,2.03123560e+01
2.00000000e+01,2.00256986e+01,2.01073718e+01,2.02702909e+01
2.00000000e+01,2.00112574e+01,2.00524961e+01,2.01443832e+01
2.00000000e+01,2.00108711e+01,2.00511820e+01,2.01417157e+01
2.00000000e+01,2.00161064e+01,2.00713105e+01,2.01881995e+01
2.00000000e+01,2.00152786e+01,2.00684461e+01,2.01821809e+01
2.00000000e+01,2.00111523e+01,2.00521361e+01,2.01436464e+01
2.00000000e+01,2.00110726e+01,2.00518643e+01,2.01430927e+01
2.00000000e+01,2.00107868e+01,2.00508994e+01,2.01411518e+01
2.00000000e+01,2.00134170e+01,2.00609744e+01,2.01643003e+01
2.00000000e+01,2.00128411e+01,2.00589847e+01,2.01601561e+01
2.00000000e+01,2.00158852e+01,2.00705441e+01,2.01865860e+01
2.00000000e+01,2.00157154e+01,2.00699562e+01,2.01853495e+01
2.00000000e+01,2.00150962e+01,2.00678158e+01,2.01808605e+01
2.00000000e+01,2.00109772e+01,2.00515403e+01,2.01424363e+01
2.00000000e+01,2.00132619e+01,2.00604370e+01,2.01631767e+01
2.00000000e+01,2.00131433e+01,2.00600266e+01,2.01623206e+01
2.00000000e+01,2.00127148e+01,2.00585510e+01,2.01592598e+01
2.00000000e+01,2.00155123e+01,2.00692533e+01,2.01838728e+01
2.00000000e+01,2.00130015e+01,2.00595371e+01,2.01613023e+01
2.00000000e+01,2.00236331e+01,2.00992552e+01,2.02511899e+01
2.00000000e+01,2.00220323e+01,2.00938009e+01,2.02397656e+01
2.00000000e+01,2.00194559e+01,2.00839044e+01,2.02168488e+01
2.00000000e+01,2.00182994e+01,2.00799228e+01,2.02084745e+01
2.00000000e+01,2.00232049e+01,2.00977981e+01,2.02481385e+01
2.00000000e+01,2.00228767e+01,2.00966803e+01,2.02457972e+01
2.00000000e+01,2.00216761e+01,2.00925839e+01,2.02372145e+01
2.00000000e+01,2.00191466e+01,2.00828396e+01,2.02146079e+01
2.00000000e+01,2.00189088e+01,2.00820213e+01,2.02128868e+01
2.00000000e+01,2.00180425e+01,2.00790377e+01,2.02066142e+01
2.00000000e+01,2.00224827e+01,2.00953368e+01,2.02429822e+01
2.00000000e+01,2.00186241e+01,2.00810407e+01,2.02108244e+01
2.00000000e+01,2.00353759e+01,2.01408496e+01,2.03417957e+01
2.00000000e+01,2.00323738e+01,2.01309137e+01,2.03213190e+01
2.00000000e+01,2.00288483e+01,2.01179774e+01,2.02923648e+01
2.00000000e+01,2.00266541e+01,2.01105991e+01,2.02770176e+01
2.00000000e+01,2.00345677e+01,2.01381831e+01,2.03363088e+01
2.00000000e+01,2.00339513e+01,2.01361449e+01,2.03321105e+01
2.00000000e+01,2.00317071e+01,2.01286964e+01,2.03167378e+01
2.00000000e+01,2.00282598e+01,2.01160026e+01,2.02882608e+01
2.00000000e+01,2.00278093e+01,2.01144892e+01,2.02851143e+01
2.00000000e+01,2.00261654e+01,2.01089494e+01,2.02735802e+01
2.00000000e+01,2.00332116e+01,2.01336946e+01,2.03270583e+01
2.00000000e+01,2.00272683e+01,2.01126688e+01,2.02813265e+01
2.00000000e+01,2.00113454e+01,2.00527982e+01,2.01450032e+01
2.00000000e+01,2.00109422e+01,2.00514214e+01,2.01421961e+01
2.00000000e+01,2.00162908e+01,2.00719499e+01,2.01895467e+01
2.00000000e+01,2.00154310e+01,2.00689730e+01,2.01832862e+01
2.00000000e+01,2.00113234e+01,2.00527228e+01,2.01448492e+01
2.00000000e+01,2.00111530e+01,2.00521383e+01,2.01436506e+01
2.00000000e+01,2.00109241e+01,2.00513604e+01,2.01420734e+01
2.00000000e+01,2.00135466e+01,2.00614244e+01,2.01652433e+01
2.00000000e+01,2.00129470e+01,2.00593491e+01,2.01609113e+01
2.00000000e+01,2.00162440e+01,2.00717878e+01,2.01892053e+01
2.00000000e+01,2.00158850e+01,2.00705434e+01,2.01865847e+01
2.00000000e+01,2.00153923e+01,2.00688391e+01,2.01830051e+01
2.00000000e+01,2.00111326e+01,2.00520688e+01,2.01435086e+01
2.00000000e+01,2.00135137e+01,2.00613099e+01,2.01650032e+01
2.00000000e+01,2.00132619e+01,2.00604370e+01,2.01631766e+01
2.00000000e+01,2.00129201e+01,2.00592565e+01,2.01607192e+01
2.00000000e+01,2.00158419e+01,2.00703944e+01,2.01862712e+01
2.00000000e+01,2.00132318e+01,2.00603327e+01,2.01629590e+01
2.00000000e+01,2.00239902e+01,2.01004691e+01,2.02537310e+01
2.00000000e+01,2.00223292e+01,2.00948144e+01,2.02418899e+01
2.00000000e+01,2.00197138e+01,2.00847915e+01,2.02187162e+01
2.00000000e+01,2.00185136e+01,2.00806608e+01,2.02100261e+01
2.00000000e+01,2.00238993e+01,2.01001606e+01,2.02530857e+01
2.00000000e+01,2.00232053e+01,2.00977996e+01,2.02481421e+01
2.00000000e+01,2.00222536e+01,2.00945567e+01,2.02413499e+01
2.00000000e+01,2.00196484e+01,2.00845665e+01,2.02182425e+01
2.00000000e+01,2.00191462e+01,2.00828387e+01,2.02146067e+01
2.00000000e+01,2.00184593e+01,2.00804734e+01,2.02096320e+01
2.00000000e+01,2.00231220e+01,2.00975159e+01,2.02475479e+01
2.00000000e+01,2.00190860e+01,2.00826314e+01,2.02141705e+01
2.00000000e+01,2.00360533e+01,2.01430777e+01,2.03463743e+01
2.00000000e+01,2.00329308e+01,2.01327625e+01,2.03251348e+01
2.00000000e+01,2.00293394e+01,2.01196231e+01,2.02957826e+01
2.00000000e+01,2.00270615e+01,2.01119727e+01,2.02798782e+01
2.00000000e+01,2.00358785e+01,2.01425065e+01,2.03452040e+01
2.00000000e+01,2.00345691e+01,2.01381885e+01,2.03363210e+01
2.00000000e+01,2.00327883e+01,2.01322908e+01,2.03241624e+01
2.00000000e+01,2.00292150e+01,2.01192061e+01,2.02949165e+01
2.00000000e+01,2.00282609e+01,2.01160065e+01,2.02882694e+01
2.00000000e+01,2.00269580e+01,2.01116239e+01,2.02791517e+01
2.00000000e+01,2.00344129e+01,2.01376713e+01,2.03352551e+01
2.00000000e+01,2.00281463e+01,2.01156216e+01,2.02874693e+01
2.00000000e+01,2.00108711e+01,2.00511820e+01,2.01417156e+01
2.00000000e+01,2.00112574e+01,2.00524961e+01,2.01443832e+01
2.00000000e+01,2.00152786e+01,2.00684460e+01,2.01821808e+01
2.00000000e+01,2.00161063e+01,2.00713105e+01,2.01881995e+01
2.00000000e+01,2.00107868e+01,2.00508993e+01,2.01411517e+01
2.00000000e+01,2.00110726e+01,2.00518643e+01,2.01430927e+01
2.00000000e+01,2.00111523e+01,2.00521361e+01,2.01436464e+01
2.00000000e+01,2.00128411e+01,2.00589846e+01,2.01601560e+01
2.00000000e+01,2.00134170e+01,2.00609744e+01,2.01643003e+01
2.00000000e+01,2.00150962e+01,2.00678157e+01,2.01808604e+01
2.00000000e+01,2.00157154e+01,2.00699562e+01,2.01853495e+01
2.00000000e+01,2.00158852e+01,2.00705441e+01,2.01865859e+01
2.00000000e+01,2.00109772e+01,2.00515402e+01,2.01424362e+01
2.00000000e+01,2.00127147e+01,2.00585509e+01,2.01592597e+01
2.00000000e+01,2.00131432e+01,2.00600265e+01,2.01623205e+01
2.00000000e+01,2.00132619e+01,2.00604369e+01,2.01631767e+01
2.00000000e+01,2.00155123e+01,2.00692533e+01,2.01838727e+01
2.00000000e+01,2.00130015e+01,2.00595371e+01,2.01613022e+01
2.00000000e+01,2.00220322e+01,2.00938008e+01,2.02397655e+01
2.00000000e+01,2.00236331e+01,2.00992552e+01,2.02511899e+01
2.00000000e+01,2.00182994e+01,2.00799228e+01,2.02084744e+01
2.00000000e+01,2.00194559e+01,2.00839044e+01,2.02168488e+01
2.00000000e+01,2.00216760e+01,2.00925839e+01,2.02372144e+01
2.00000000e+01,2.00228767e+01,2.00966802e+01,2.02457972e+01
2.00000000e+01,2.00232049e+01,2.00977981e+01,2.02481385e+01
2.00000000e+01,2.00180425e+01,2.00790376e+01,2.02066141e+01
2.00000000e+01,2.00189088e+01,2.00820212e+01,2.02128867e+01
2.00000000e+01,2.00191466e+01,2.00828395e+01,2.02146079e+01
2.00000000e+01,2.00224827e+01,2.00953367e+01,2.02429822e+01
2.00000000e+01,2.00186241e+01,2.00810407e+01,2.02108243e+01
2.00000000e+01,2.00323737e+01,2.01309137e+01,2.03213189e+01
2.00000000e+01,2.00353759e+01,2.01408495e+01,2.03417957e+01
2.00000000e+01,2.00266541e+01,2.01105991e+01,2.02770175e+01
2.00000000e+01,2.00288483e+01,2.01179774e+01,2.02923647e+01
2.00000000e+01,2.00317071e+01,2.01286964e+01,2.03167377e+01
2.00000000e+01,2.00339512e+01,2.01361448e+01,2.03321104e+01
2.00000000e+01,2.00345677e+01,2.01381830e+01,2.03363088e+01
2.00000000e+01,2.00261653e+01,2.01089494e+01,2.02735801e+01
2.00000000e+01,2.00278093e+01,2.01144892e+01,2.02851142e+01
2.00000000e+01,2.00282598e+01,2.01160025e+01,2.02882608e+01
2.00000000e+01,2.00332116e+01,2.01336945e+01,2.03270583e+01
2.00000000e+01,2.00272683e+01,2.01126688e+01,2.02813265e+01
2.00000000e+01,2.00115321e+01,2.00534433e+01,2.01463366e+01
2.00000000e+01,2.00166808e+01,2.00733026e+01,2.01924007e+01
2.00000000e+01,2.00114138e+01,2.00530343e+01,2.01454911e+01
2.00000000e+01,2.00114138e+01,2.00530343e+01,2.01454911e+01
2.00000000e+01,2.00138209e+01,2.00623782e+01,2.01672475e+01
2.00000000e+01,2.00164338e+01,2.00724458e+01,2.01905926e+01
2.00000000e+01,2.00164338e+01,2.00724458e+01,2.01905926e+01
2.00000000e+01,2.00113009e+01,2.00526454e+01,2.01446896e+01
2.00000000e+01,2.00136469e+01,2.00617729e+01,2.01659745e+01
2.00000000e+01,2.00136469e+01,2.00617729e+01,2.01659745e+01
2.00000000e+01,2.00161978e+01,2.00716276e+01,2.01888674e+01
2.00000000e+01,2.00134810e+01,2.00611965e+01,2.01647655e+01
2.00000000e+01,2.00247443e+01,2.01030295e+01,2.02590888e+01
2.00000000e+01,2.00202584e+01,2.00866641e+01,2.02226588e+01
2.00000000e+01,2.00242660e+01,2.01014066e+01,2.02556935e+01
2.00000000e+01,2.00242661e+01,2.01014066e+01,2.02556935e+01
2.00000000e+01,2.00199134e+01,2.00854778e+01,2.02201609e+01
2.00000000e+01,2.00199134e+01,2.00854778e+01,2.02201609e+01
2.00000000e+01,2.00238097e+01,2.00998558e+01,2.02524471e+01
2.00000000e+01,2.00195836e+01,2.00843435e+01,2.02177730e+01
2.00000000e+01,2.00374861e+01,2.01477842e+01,2.03560376e+01
2.00000000e+01,2.00303788e+01,2.01230981e+01,2.03029921e+01
2.00000000e+01,2.00365733e+01,2.01447921e+01,2.03498998e+01
2.00000000e+01,2.00365734e+01,2.01447921e+01,2.03498998e+01
2.00000000e+01,2.00297199e+01,2.01208958e+01,2.02984238e+01
2.00000000e+01,2.00297199e+01,2.01208958e+01,2.02984238e+01
2.00000000e+01,2.00357088e+01,2.01419471e+01,2.03440533e+01
2.00000000e+01,2.00290911e+01,2.01187911e+01,2.02940547e+01
2.00000000e+01,2.00116305e+01,2.00537823e+01,2.01470357e+01
2.00000000e+01,2.00168866e+01,2.00740164e+01,2.01939079e+01
2.00000000e+01,2.00116067e+01,2.00537028e+01,2.01468783e+01
2.00000000e+01,2.00115086e+01,2.00533623e+01,2.01461706e+01
2.00000000e+01,2.00139660e+01,2.00628842e+01,2.01683136e+01
2.00000000e+01,2.00168345e+01,2.00738359e+01,2.01935277e+01
2.00000000e+01,2.00166305e+01,2.00731282e+01,2.01920330e+01
2.00000000e+01,2.00114846e+01,2.00532788e+01,2.01459964e+01
2.00000000e+01,2.00139291e+01,2.00627552e+01,2.01680409e+01
2.00000000e+01,2.00137854e+01,2.00622546e+01,2.01669869e+01
2.00000000e+01,2.00165807e+01,2.00729551e+01,2.01916673e+01
2.00000000e+01,2.00137503e+01,2.00621324e+01,2.01667302e+01
2.00000000e+01,2.00251434e+01,2.01043815e+01,2.02619159e+01
2.00000000e+01,2.00205458e+01,2.00876520e+01,2.02247392e+01
2.00000000e+01,2.00250411e+01,2.01040367e+01,2.02611964e+01
2.00000000e+01,2.00246465e+01,2.01026982e+01,2.02583965e+01
2.00000000e+01,2.00204730e+01,2.00874016e+01,2.02242117e+01
2.00000000e+01,2.00201881e+01,2.00864226e+01,2.02221500e+01
2.00000000e+01,2.00245502e+01,2.01023713e+01,2.02577120e+01
2.00000000e+01,2.00201184e+01,2.00861830e+01,2.02216457e+01
2.00000000e+01,2.00382530e+01,2.01502884e+01,2.03611650e+01
2.00000000e+01,2.00309291e+01,2.01249343e+01,2.03067983e+01
2.00000000e+01,2.00380491e+01,2.01496344e+01,2.03598365e+01
2.00000000e+01,2.00372957e+01,2.01471658e+01,2.03547744e+01
2.00000000e+01,2.00307902e+01,2.01244699e+01,2.03058352e+01
2.00000000e+01,2.00302450e+01,2.01226505e+01,2.03020635e+01
2.00000000e+01,2.00371145e+01,2.01465680e+01,2.03535447e+01
2.00000000e+01,2.00301115e+01,2.01222050e+01,2.03011399e+01
2.00000000e+01,2.00109422e+01,2.00514214e+01,2.01421960e+01
2.00000000e+01,2.00113454e+01,2.00527982e+01,2.01450032e+01
2.00000000e+01,2.00154310e+01,2.00689730e+01,2.01832861e+01
2.00000000e+01,2.00162908e+01,2.00719498e+01,2.01895467e+01
2.00000000e+01,2.00109241e+01,2.00513603e+01,2.01420733e+01
2.00000000e+01,2.00111530e+01,2.00521383e+01,2.01436505e+01
2.00000000e+01,2.00113233e+01,2.00527228e+01,2.01448491e+01
2.00000000e+01,2.00129470e+01,2.00593490e+01,2.01609112e+01
2.00000000e+01,2.00135466e+01,2.00614243e+01,2.01652433e+01
2.00000000e+01,2.00153923e+01,2.00688391e+01,2.01830050e+01
2.00000000e+01,2.00158849e+01,2.00705434e+01,2.01865846e+01
2.00000000e+01,2.00162440e+01,2.00717877e+01,2.01892052e+01
2.00000000e+01,2.00111326e+01,2.00520687e+01,2.01435086e+01
2.00000000e+01,2.00129201e+01,2.00592564e+01,2.01607191e+01
2.00000000e+01,2.00132619e+01,2.00604369e+01,2.01631765e+01
2.00000000e+01,2.00135137e+01,2.00613099e+01,2.01650031e+01
2.00000000e+01,2.00158419e+01,2.00703944e+01,2.01862711e+01
2.00000000e+01,2.00132318e+01,2.00603327e+01,2.01629589e+01
2.00000000e+01,2.00223291e+01,2.00948143e+01,2.02418898e+01
2.00000000e+01,2.00239902e+01,2.01004691e+01,2.02537309e+01
2.00000000e+01,2.00185136e+01,2.00806607e+01,2.02100260e+01
2.00000000e+01,2.00197137e+01,2.00847914e+01,2.02187161e+01
2.00000000e+01,2.00222536e+01,2.00945566e+01,2.02413498e+01
2.00000000e+01,2.00232052e+01,2.00977995e+01,2.02481420e+01
2.00000000e+01,2.00238993e+01,2.01001606e+01,2.02530856e+01
2.00000000e+01,2.00184593e+01,2.00804734e+01,2.02096319e+01
2.00000000e+01,2.00191462e+01,2.00828387e+01,2.02146066e+01
2.00000000e+01,2.00196484e+01,2.00845665e+01,2.02182425e+01
2.00000000e+01,2.00231220e+01,2.00975159e+01,2.02475478e+01
2.00000000e+01,2.00190860e+01,2.00826314e+01,2.02141704e+01
2.00000000e+01,2.00329307e+01,2.01327624e+01,2.03251347e+01
2.00000000e+01,2.00360532e+01,2.01430777e+01,2.03463743e+01
2.00000000e+01,2.00270615e+01,2.01119726e+01,2.02798781e+01
2.00000000e+01,2.00293394e+01,2.01196231e+01,2.02957825e+01
2.00000000e+01,2.00327882e+01,2.01322907e+01,2.03241623e+01
2.00000000e+01,2.00345691e+01,2.01381885e+01,2.03363209e+01
2.00000000e+01,2.00358784e+01,2.01425065e+01,2.03452039e+01
2.00000000e+01,2.00269580e+01,2.01116238e+01,2.02791516e+01
2.00000000e+01,2.00282609e+01,2.01160065e+01,2.02882693e+01
2.00000000e+01,2.00292150e+01,2.01192061e+01,2.02949164e+01
2.00000000e+01,2.00344129e+01,2.01376713e+01,2.03352550e+01
2.00000000e+01,2.00281462e+01,2.01156216e+01,2.02874692e+01
2.00000000e+01,2.00116305e+01,2.00537823e+01,2.01470357e+01
2.00000000e+01,2.00168866e+01,2.00740164e+01,2.01939079e+01
2.00000000e+01,2.00115086e+01,2.00533623e+01,2.01461706e+01
2.00000000e+01,2.00116067e+01,2.00537028e+01,2.01468782e+01
2.00000000e+01,2.00139660e+01,2.00628842e+01,2.01683136e+01
2.00000000e+01,2.00166305e+01,2.00731282e+01,2.01920329e+01
2.00000000e+01,2.00168345e+01,2.00738359e+01,2.01935277e+01
2.00000000e+01,2.00114846e+01,2.00532788e+01,2.01459964e+01
2.00000000e+01,2.00137854e+01,2.00622546e+01,2.01669869e+01
2.00000000e+01,2.00139291e+01,2.00627552e+01,2.01680409e+01
2.00000000e+01,2.00165807e+01,2.00729551e+01,2.01916673e+01
2.00000000e+01,2.00137503e+01,2.00621324e+01,2.01667302e+01
2.00000000e+01,2.00251434e+01,2.01043815e+01,2.02619159e+01
2.00000000e+01,2.00205458e+01,2.00876520e+01,2.02247391e+01
2.00000000e+01,2.00246464e+01,2.01026982e+01,2.02583964e+01
2.00000000e+01,2.00250411e+01,2.01040367e+01,2.02611964e+01
2.00000000e+01,2.00201881e+01,2.00864226e+01,2.02221500e+01
2.00000000e+01,2.00204730e+01,2.00874016e+01,2.02242117e+01
2.00000000e+01,2.00245502e+01,2.01023713e+01,2.02577119e+01
2.00000000e+01,2.00201184e+01,2.00861830e+01,2.02216456e+01
2.00000000e+01,2.00382530e+01,2.01502884e+01,2.03611650e+01
2.00000000e+01,2.00309291e+01,2.01249343e+01,2.03067983e+01
2.00000000e+01,2.00372957e+01,2.01471658e+01,2.03547744e+01
2.00000000e+01,2.00380491e+01,2.01496344e+01,2.03598365e+01
2.00000000e+01,2.00302449e+01,2.01226505e+01,2.03020635e+01
2.00000000e+01,2.00307902e+01,2.01244699e+01,2.03058351e+01
2.00000000e+01,2.00371145e+01,2.01465680e+01,2.03535447e+01
2.00000000e+01,2.00301115e+01,2.01222050e+01,2.03011399e+01
2.00000000e+01,2.00117309e+01,2.00541267e+01,2.01477416e+01
2.00000000e+01,2.00170999e+01,2.00747561e+01,2.01954705e+01
2.00000000e+01,2.00117094e+01,2.00540610e+01,2.01476269e+01
2.00000000e+01,2.00117094e+01,2.00540610e+01,2.01476269e+01
2.00000000e+01,2.00141165e+01,2.00634097e+01,2.01694229e+01
2.00000000e+01,2.00170460e+01,2.00745702e+01,2.01950801e+01
2.00000000e+01,2.00170460e+01,2.00745702e+01,2.01950801e+01
2.00000000e+01,2.00116828e+01,2.00539660e+01,2.01474220e+01
2.00000000e+01,2.00140781e+01,2.00632751e+01,2.01691372e+01
2.00000000e+01,2.00140781e+01,2.00632751e+01,2.01691372e+01
2.00000000e+01,2.00169924e+01,2.00743837e+01,2.01946848e+01
2.00000000e+01,2.00140404e+01,2.00631436e+01,2.01688603e+01
2.00000000e+01,2.00255577e+01,2.01057833e+01,2.02648459e+01
2.00000000e+01,2.00208439e+01,2.00886757e+01,2.02268952e+01
2.00000000e+01,2.00254504e+01,2.01054239e+01,2.02640978e+01
2.00000000e+01,2.00254505e+01,2.01054239e+01,2.02640978e+01
2.00000000e+01,2.00207684e+01,2.00884163e+01,2.02263485e+01
2.00000000e+01,2.00207684e+01,2.00884163e+01,2.02263486e+01
2.00000000e+01,2.00253474e+01,2.01050737e+01,2.02633643e+01
2.00000000e+01,2.00206934e+01,2.00881590e+01,2.02258067e+01
2.00000000e+01,2.00390559e+01,2.01528987e+01,2.03664988e+01
2.00000000e+01,2.00315009e+01,2.01268394e+01,2.03107448e+01
2.00000000e+01,2.00388306e+01,2.01521952e+01,2.03650876e+01
2.00000000e+01,2.00388306e+01,2.01521952e+01,2.03650876e+01
2.00000000e+01,2.00313571e+01,2.01263587e+01,2.03097477e+01
2.00000000e+01,2.00313571e+01,2.01263587e+01,2.03097477e+01
2.00000000e+01,2.00386393e+01,2.01515595e+01,2.03637764e+01
2.00000000e+01,2.00312126e+01,2.01258784e+01,2.03087538e+01
2.00000000e+01,2.00108711e+01,2.00511820e+01,2.01417156e+01
2.00000000e+01,2.00112574e+01,2.00524961e+01,2.01443832e+01
2.00000000e+01,2.00152786e+01,2.00684460e+01,2.01821808e+01
2.00000000e+01,2.00161063e+01,2.00713105e+01,2.01881995e+01
2.00000000e+01,2.00109241e+01,2.00513603e+01,2.01420733e+01
2.00000000e+01,2.00110726e+01,2.00518643e+01,2.01430927e+01
2.00000000e+01,2.00113233e+01,2.00527228e+01,2.01448491e+01
2.00000000e+01,2.00128411e+01,2.00589846e+01,2.01601560e+01
2.00000000e+01,2.00134170e+01,2.00609744e+01,2.01643003e+01
2.00000000e+01,2.00153923e+01,2.00688391e+01,2.01830050e+01
2.00000000e+01,2.00157154e+01,2.00699562e+01,2.01853495e+01
2.00000000e+01,2.00162440e+01,2.00717877e+01,2.01892052e+01
2.00000000e+01,2.00111326e+01,2.00520687e+01,2.01435086e+01
2.00000000e+01,2.00129201e+01,2.00592564e+01,2.01607191e+01
2.00000000e+01,2.00131433e+01,2.00600265e+01,2.01623205e+01
2.00000000e+01,2.00135137e+01,2.00613099e+01,2.01650031e+01
2.00000000e+01,2.00158419e+01,2.00703944e+01,2.01862711e+01
2.00000000e+01,2.00132318e+01,2.00603327e+01,2.01629589e+01
2.00000000e+01,2.00220322e+01,2.00938008e+01,2.02397655e+01
2.00000000e+01,2.00236331e+01,2.00992552e+01,2.02511899e+01
2.00000000e+01,2.00182994e+01,2.00799228e+01,2.02084744e+01
2.00000000e+01,2.00194559e+01,2.00839044e+01,2.02168488e+01
2.00000000e+01,2.00222536e+01,2.00945566e+01,2.02413498e+01
2.00000000e+01,2.00228767e+01,2.00966802e+01,2.02457971e+01
2.00000000e+01,2.00238993e+01,2.01001606e+01,2.02530856e+01
2.00000000e+01,2.00184592e+01,2.00804734e+01,2.02096319e+01
2.00000000e+01,2.00189088e+01,2.00820212e+01,2.02128867e+01
2.00000000e+01,2.00196484e+01,2.00845665e+01,2.02182425e+01
2.00000000e+01,2.00231220e+01,2.00975159e+01,2.02475478e+01
2.00000000e+01,2.00190860e+01,2.00826313e+01,2.02141704e+01
2.00000000e+01,2.00323737e+01,2.01309137e+01,2.03213189e+01
2.00000000e+01,2.00353759e+01,2.01408495e+01,2.03417957e+01
2.00000000e+01,2.00266541e+01,2.01105991e+01,2.02770175e+01
2.00000000e+01,2.00288483e+01,2.01179774e+01,2.02923647e+01
2.00000000e+01,2.00327882e+01,2.01322907e+01,2.03241622e+01
2.00000000e+01,2.00339512e+01,2.01361449e+01,2.03321104e+01
2.00000000e+01,2.00358784e+01,2.01425065e+01,2.03452039e+01
2.00000000e+01,2.00269580e+01,2.01116238e+01,2.02791516e+01
2.00000000e+01,2.00278093e+01,2.01144892e+01,2.02851142e+01
2.00000000e+01,2.00292150e+01,2.01192061e+01,2.02949164e+01
2.00000000e+01,2.00344128e+01,2.01376713e+01,2.03352550e+01
2.00000000e+01,2.00281462e+01,2.01156216e+01,2.02874692e+01
2.00000000e+01,2.00115321e+01,2.00534433e+01,2.01463366e+01
2.00000000e+01,2.00166808e+01,2.00733026e+01,2.01924007e+01
2.00000000e+01,2.00114138e+01,2.00530343e+01,2.01454911e+01
2.00000000e+01,2.00116067e+01,2.00537028e+01,2.01468782e+01
2.00000000e+01,2.00138209e+01,2.00623782e+01,2.01672475e+01
2.00000000e+01,2.00164338e+01,2.00724458e+01,2.01905926e+01
2.00000000e+01,2.00168345e+01,2.00738359e+01,2.01935277e+01
2.00000000e+01,2.00114846e+01,2.00532788e+01,2.01459964e+01
2.00000000e+01,2.00136469e+01,2.00617729e+01,2.01659745e+01
2.00000000e+01,2.00139291e+01,2.00627552e+01,2.01680409e+01
2.00000000e+01,2.00165807e+01,2.00729551e+01,2.01916673e+01
2.00000000e+01,2.00137503e+01,2.00621324e+01,2.01667302e+01
2.00000000e+01,2.00247443e+01,2.01030295e+01,2.02590888e+01
2.00000000e+01,2.00202584e+01,2.00866641e+01,2.02226588e+01
2.00000000e+01,2.00242660e+01,2.01014067e+01,2.02556935e+01
2.00000000e+01,2.00250411e+01,2.01040367e+01,2.02611964e+01
2.00000000e+01,2.00199134e+01,2.00854778e+01,2.02201609e+01
2.00000000e+01,2.00204730e+01,2.00874016e+01,2.02242117e+01
2.00000000e+01,2.00245502e+01,2.01023713e+01,2.02577119e+01
2.00000000e+01,2.00201184e+01,2.00861830e+01,2.02216456e+01
2.00000000e+01,2.00374861e+01,2.01477842e+01,2.03560376e+01
2.00000000e+01,2.00303788e+01,2.01230981e+01,2.03029921e+01
2.00000000e+01,2.00365733e+01,2.01447921e+01,2.03498997e+01
2.00000000e+01,2.00380491e+01,2.01496344e+01,2.03598365e+01
2.00000000e+01,2.00297199e+01,2.01208959e+01,2.02984238e+01
2.00000000e+01,2.00307901e+01,2.01244699e+01,2.03058351e+01
2.00000000e+01,2.00371145e+01,2.01465680e+01,2.03535447e+01
2.00000000e+01,2.00301115e+01,2.01222050e+01,2.03011399e+01
2.00000000e+01,2.00116305e+01,2.00537823e+01,2.01470357e+01
2.00000000e+01,2.00168866e+01,2.00740164e+01,2.01939079e+01
2.00000000e+01,2.00116067e+01,2.00537028e+01,2.01468783e+01
2.00000000e+01,2.00117094e+01,2.00540610e+01,2.01476269e+01
2.00000000e+01,2.00139660e+01,2.00628842e+01,2.01683136e+01
2.00000000e+01,2.00168345e+01,2.00738359e+01,2.01935277e+01
2.00000000e+01,2.00170460e+01,2.00745702e+01,2.01950801e+01
2.00000000e+01,2.00116828e+01,2.00539660e+01,2.01474220e+01
2.00000000e+01,2.00139291e+01,2.00627552e+01,2.01680409e+01
2.00000000e+01,2.00140781e+01,2.00632751e+01,2.01691372e+01
2.00000000e+01,2.00169924e+01,2.00743837e+01,2.01946848e+01
2.00000000e+01,2.00140404e+01,2.00631436e+01,2.01688603e+01
2.00000000e+01,2.00251434e+01,2.01043815e+01,2.02619159e+01
2.00000000e+01,2.00205458e+01,2.00876520e+01,2.02247392e+01
2.00000000e+01,2.00250411e+01,2.01040367e+01,2.02611964e+01
2.00000000e+01,2.00254505e+01,2.01054239e+01,2.02640978e+01
2.00000000e+01,2.00204730e+01,2.00874016e+01,2.02242117e+01
2.00000000e+01,2.00207684e+01,2.00884163e+01,2.02263486e+01
2.00000000e+01,2.00253474e+01,2.01050737e+01,2.02633643e+01
2.00000000e+01,2.00206934e+01,2.00881590e+01,2.02258067e+01
2.00000000e+01,2.00382530e+01,2.01502885e+01,2.03611650e+01
2.00000000e+01,2.00309291e+01,2.01249343e+01,2.03067983e+01
2.00000000e+01,2.00380490e+01,2.01496344e+01,2.03598365e+01
2.00000000e+01,2.00388306e+01,2.01521952e+01,2.03650876e+01
2.00000000e+01,2.00307901e+01,2.01244699e+01,2.03058352e+01
2.00000000e+01,2.00313571e+01,2.01263588e+01,2.03097477e+01
2.00000000e+01,2.00386392e+01,2.01515595e+01,2.03637763e+01
2.00000000e+01,2.00312126e+01,2.01258785e+01,2.03087538e+01
2.00000000e+01,2.00106778e+01,2.00505372e+01,2.01404371e+01
2.00000000e+01,2.00110144e+01,2.00516668e+01,2.01426927e+01
2.00000000e+01,2.00148558e+01,2.00669867e+01,2.01791275e+01
2.00000000e+01,2.00155925e+01,2.00695307e+01,2.01844554e+01
2.00000000e+01,2.00107868e+01,2.00508993e+01,2.01411517e+01
2.00000000e+01,2.00108525e+01,2.00511200e+01,2.01415921e+01
2.00000000e+01,2.00111523e+01,2.00521361e+01,2.01436464e+01
2.00000000e+01,2.00125493e+01,2.00579852e+01,2.01580960e+01
2.00000000e+01,2.00130574e+01,2.00597302e+01,2.01617038e+01
2.00000000e+01,2.00150962e+01,2.00678157e+01,2.01808604e+01
2.00000000e+01,2.00152438e+01,2.00683250e+01,2.01819257e+01
2.00000000e+01,2.00158852e+01,2.00705441e+01,2.01865859e+01
2.00000000e+01,2.00109772e+01,2.00515402e+01,2.01424362e+01
2.00000000e+01,2.00127147e+01,2.00585509e+01,2.01592597e+01
2.00000000e+01,2.00128149e+01,2.00588951e+01,2.01599712e+01
2.00000000e+01,2.00132619e+01,2.00604369e+01,2.01631767e+01
2.00000000e+01,2.00155123e+01,2.00692533e+01,2.01838727e+01
2.00000000e+01,2.00130015e+01,2.00595371e+01,2.01613022e+01
2.00000000e+01,2.00212054e+01,2.00909747e+01,2.02338409e+01
2.00000000e+01,2.00226380e+01,2.00958662e+01,2.02440914e+01
2.00000000e+01,2.00177034e+01,2.00778695e+01,2.02041609e+01
2.00000000e+01,2.00187368e+01,2.00814287e+01,2.02116400e+01
2.00000000e+01,2.00216760e+01,2.00925839e+01,2.02372144e+01
2.00000000e+01,2.00219608e+01,2.00935553e+01,2.02392488e+01
2.00000000e+01,2.00232049e+01,2.00977981e+01,2.02481385e+01
2.00000000e+01,2.00180425e+01,2.00790376e+01,2.02066141e+01
2.00000000e+01,2.00182472e+01,2.00797425e+01,2.02080950e+01
2.00000000e+01,2.00191466e+01,2.00828395e+01,2.02146078e+01
2.00000000e+01,2.00224827e+01,2.00953367e+01,2.02429822e+01
2.00000000e+01,2.00186241e+01,2.00810407e+01,2.02108243e+01
2.00000000e+01,2.00308285e+01,2.01257676e+01,2.03106793e+01
2.00000000e+01,2.00335024e+01,2.01346585e+01,2.03290459e+01
2.00000000e+01,2.00255201e+01,2.01067679e+01,2.02690316e+01
2.00000000e+01,2.00274812e+01,2.01133856e+01,2.02828180e+01
2.00000000e+01,2.00317070e+01,2.01286964e+01,2.03167377e+01
2.00000000e+01,2.00322345e+01,2.01304507e+01,2.03203620e+01
2.00000000e+01,2.00345677e+01,2.01381831e+01,2.03363088e+01
2.00000000e+01,2.00261653e+01,2.01089494e+01,2.02735801e+01
2.00000000e+01,2.00265525e+01,2.01102561e+01,2.02763025e+01
2.00000000e+01,2.00282597e+01,2.01160026e+01,2.02882608e+01
2.00000000e+01,2.00332115e+01,2.01336946e+01,2.03270582e+01
2.00000000e+01,2.00272683e+01,2.01126688e+01,2.02813265e+01
2.00000000e+01,2.00112574e+01,2.00524961e+01,2.01443832e+01
2.00000000e+01,2.00161064e+01,2.00713105e+01,2.01881995e+01
2.00000000e+01,2.00111523e+01,2.00521361e+01,2.01436464e+01
2.00000000e+01,2.00114138e+01,2.00530343e+01,2.01454911e+01
2.00000000e+01,2.00134170e+01,2.00609744e+01,2.01643003e+01
2.00000000e+01,2.00158852e+01,2.00705441e+01,2.01865860e+01
2.00000000e+01,2.00164338e+01,2.00724458e+01,2.01905926e+01
2.00000000e+01,2.00113009e+01,2.00526454e+01,2.01446896e+01
2.00000000e+01,2.00132619e+01,2.00604370e+01,2.01631767e+01
2.00000000e+01,2.00136469e+01,2.00617729e+01,2.01659745e+01
2.00000000e+01,2.00161978e+01,2.00716276e+01,2.01888674e+01
2.00000000e+01,2.00134810e+01,2.00611965e+01,2.01647655e+01
2.00000000e+01,2.00236331e+01,2.00992553e+01,2.02511899e+01
2.00000000e+01,2.00194559e+01,2.00839044e+01,2.02168488e+01
2.00000000e+01,2.00232049e+01,2.00977981e+01,2.02481385e+01
2.00000000e+01,2.00242660e+01,2.01014067e+01,2.02556935e+01
2.00000000e+01,2.00191466e+01,2.00828395e+01,2.02146079e+01
2.00000000e+01,2.00199134e+01,2.00854778e+01,2.02201609e+01
2.00000000e+01,2.00238097e+01,2.00998558e+01,2.02524471e+01
2.00000000e+01,2.00195836e+01,2.00843435e+01,2.02177730e+01
2.00000000e+01,2.00353759e+01,2.01408496e+01,2.03417957e+01
2.00000000e+01,2.00288483e+01,2.01179774e+01,2.02923647e+01
2.00000000e+01,2.00345677e+01,2.01381831e+01,2.03363088e+01
2.00000000e+01,2.00365733e+01,2.01447921e+01,2.03498997e+01
2.00000000e+01,2.00282597e+01,2.01160026e+01,2.02882608e+01
2.00000000e+01,2.00297199e+01,2.01208959e+01,2.02984238e+01
2.00000000e+01,2.00357088e+01,2.01419472e+01,2.03440533e+01
2.00000000e+01,2.00290911e+01,2.01187911e+01,2.02940547e+01
2.00000000e+01,2.00113454e+01,2.00527982e+01,2.01450032e+01
2.00000000e+01,2.00162908e+01,2.00719499e+01,2.01895467e+01
2.00000000e+01,2.00113234e+01,2.00527228e+01,2.01448492e+01
2.00000000e+01,2.00115086e+01,2.00533623e+01,2.01461706e+01
2.00000000e+01,2.00135466e+01,2.00614244e+01,2.01652433e+01
2.00000000e+01,2.00162440e+01,2.00717877e+01,2.01892052e+01
2.00000000e+01,2.00166305e+01,2.00731282e+01,2.01920330e+01
2.00000000e+01,2.00114846e+01,2.00532788e+01,2.01459964e+01
2.00000000e+01,2.00135137e+01,2.00613099e+01,2.01650031e+01
2.00000000e+01,2.00137854e+01,2.00622546e+01,2.01669869e+01
2.00000000e+01,2.00165807e+01,2.00729551e+01,2.01916673e+01
2.00000000e+01,2.00137503e+01,2.00621324e+01,2.01667302e+01
2.00000000e+01,2.00239902e+01,2.01004691e+01,2.02537309e+01
2.00000000e+01,2.00197138e+01,2.00847915e+01,2.02187161e+01
2.00000000e+01,2.00238993e+01,2.01001606e+01,2.02530856e+01
2.00000000e+01,2.00246464e+01,2.01026982e+01,2.02583965e+01
2.00000000e+01,2.00196484e+01,2.00845665e+01,2.02182425e+01
2.00000000e+01,2.00201881e+01,2.00864226e+01,2.02221500e+01
2.00000000e+01,2.00245502e+01,2.01023713e+01,2.02577120e+01
2.00000000e+01,2.00201184e+01,2.00861830e+01,2.02216456e+01
2.00000000e+01,2.00360532e+01,2.01430777e+01,2.03463743e+01
2.00000000e+01,2.00293394e+01,2.01196231e+01,2.02957825e+01
2.00000000e+01,2.00358784e+01,2.01425065e+01,2.03452039e+01
2.00000000e+01,2.00372956e+01,2.01471658e+01,2.03547744e+01
2.00000000e+01,2.00292150e+01,2.01192061e+01,2.02949165e+01
2.00000000e+01,2.00302449e+01,2.01226505e+01,2.03020635e+01
2.00000000e+01,2.00371145e+01,2.01465681e+01,2.03535447e+01
2.00000000e+01,2.00301115e+01,2.01222050e+01,2.03011399e+01
2.00000000e+01,2.00104178e+01,2.00496925e+01,2.01388164e+01
2.00000000e+01,2.00106778e+01,2.00505372e+01,2.01404372e+01
2.00000000e+01,2.00142565e+01,2.00649275e+01,2.01748449e+01
2.00000000e+01,2.00148558e+01,2.00669868e+01,2.01791275e+01
2.00000000e+01,2.00105512e+01,2.00501215e+01,2.01396286e+01
2.00000000e+01,2.00105512e+01,2.00501215e+01,2.01396286e+01
2.00000000e+01,2.00108526e+01,2.00511201e+01,2.01415921e+01
2.00000000e+01,2.00121447e+01,2.00566144e+01,2.01553080e+01
2.00000000e+01,2.00125493e+01,2.00579853e+01,2.01580960e+01
2.00000000e+01,2.00145706e+01,2.00660047e+01,2.01770802e+01
2.00000000e+01,2.00145706e+01,2.00660047e+01,2.01770803e+01
2.00000000e+01,2.00152438e+01,2.00683250e+01,2.01819257e+01
2.00000000e+01,2.00107072e+01,2.00506345e+01,2.01406279e+01
2.00000000e+01,2.00123543e+01,2.00573218e+01,2.01567398e+01
2.00000000e+01,2.00123543e+01,2.00573218e+01,2.01567398e+01
2.00000000e+01,2.00128149e+01,2.00588951e+01,2.01599713e+01
2.00000000e+01,2.00149249e+01,2.00672239e+01,2.01796216e+01
2.00000000e+01,2.00125946e+01,2.00581401e+01,2.01584142e+01
2.00000000e+01,2.00200187e+01,2.00869106e+01,2.02253202e+01
2.00000000e+01,2.00212054e+01,2.00909748e+01,2.02338409e+01
2.00000000e+01,2.00168529e+01,2.00749404e+01,2.01980199e+01
2.00000000e+01,2.00177034e+01,2.00778696e+01,2.02041610e+01
2.00000000e+01,2.00206432e+01,2.00890504e+01,2.02298058e+01
2.00000000e+01,2.00206432e+01,2.00890504e+01,2.02298058e+01
2.00000000e+01,2.00219608e+01,2.00935553e+01,2.02392489e+01
2.00000000e+01,2.00172987e+01,2.00764755e+01,2.02012363e+01
2.00000000e+01,2.00172987e+01,2.00764755e+01,2.02012363e+01
2.00000000e+01,2.00182472e+01,2.00797425e+01,2.02080950e+01
2.00000000e+01,2.00213380e+01,2.00914269e+01,2.02347869e+01
2.00000000e+01,2.00177975e+01,2.00781937e+01,2.02048415e+01
2.00000000e+01,2.00286171e+01,2.01183629e+01,2.02953273e+01
2.00000000e+01,2.00308285e+01,2.01257676e+01,2.03106794e+01
2.00000000e+01,2.00238938e+01,2.01012515e+01,2.02575130e+01
2.00000000e+01,2.00255201e+01,2.01067680e+01,2.02690317e+01
2.00000000e+01,2.00297797e+01,2.01222623e+01,2.03034184e+01
2.00000000e+01,2.00297797e+01,2.01222623e+01,2.03034185e+01
2.00000000e+01,2.00322345e+01,2.01304507e+01,2.03203620e+01
2.00000000e+01,2.00247489e+01,2.01041555e+01,2.02635799e+01
2.00000000e+01,2.00247489e+01,2.01041555e+01,2.02635799e+01
2.00000000e+01,2.00265525e+01,2.01102561e+01,2.02763025e+01
2.00000000e+01,2.00310715e+01,2.01265780e+01,2.03123559e+01
2.00000000e+01,2.00256986e+01,2.01073718e+01,2.02702909e+01
2.00000000e+01,2.00108711e+01,2.00511820e+01,2.01417157e+01
2.00000000e+01,2.00152786e+01,2.00684461e+01,2.01821809e+01
2.00000000e+01,2.00107868e+01,2.00508994e+01,2.01411518e+01
2.00000000e+01,2.00110726e+01,2.00518643e+01,2.01430927e+01
2.00000000e+01,2.00128411e+01,2.00589847e+01,2.01601561e+01
2.00000000e+01,2.00150962e+01,2.00678158e+01,2.01808604e+01
2.00000000e+01,2.00157154e+01,2.00699562e+01,2.01853495e+01
2.00000000e+01,2.00109772e+01,2.00515403e+01,2.01424363e+01
2.00000000e+01,2.00127148e+01,2.00585510e+01,2.01592598e+01
2.00000000e+01,2.00131433e+01,2.00600266e+01,2.01623206e+01
2.00000000e+01,2.00155123e+01,2.00692533e+01,2.01838728e+01
2.00000000e+01,2.00130015e+01,2.00595371e+01,2.01613023e+01
2.00000000e+01,2.00220322e+01,2.00938009e+01,2.02397656e+01
2.00000000e+01,2.00182994e+01,2.00799228e+01,2.02084745e+01
2.00000000e+01,2.00216760e+01,2.00925839e+01,2.02372144e+01
2.00000000e+01,2.00228767e+01,2.00966803e+01,2.02457972e+01
2.00000000e+01,2.00180425e+01,2.00790377e+01,2.02066142e+01
2.00000000e+01,2.00189088e+01,2.00820213e+01,2.02128867e+01
2.00000000e+01,2.00224827e+01,2.00953368e+01,2.02429822e+01
2.00000000e+01,2.00186241e+01,2.00810407e+01,2.02108243e+01
2.00000000e+01,2.00323737e+01,2.01309137e+01,2.03213189e+01
2.00000000e+01,2.00266541e+01,2.01105991e+01,2.02770175e+01
2.00000000e+01,2.00317070e+01,2.01286964e+01,2.03167377e+01
2.00000000e+01,2.00339512e+01,2.01361449e+01,2.03321104e+01
2.00000000e+01,2.00261653e+01,2.01089494e+01,2.02735801e+01
2.00000000e+01,2.00278093e+01,2.01144892e+01,2.02851142e+01
2.00000000e+01,2.00332115e+01,2.01336946e+01,2.03270582e+01
2.00000000e+01,2.00272683e+01,2.01126688e+01,2.02813265e+01
2.00000000e+01,2.00109422e+01,2.00514214e+01,2.01421961e+01
2.00000000e+01,2.00154310e+01,2.00689730e+01,2.01832862e+01
2.00000000e+01,2.00109241e+01,2.00513604e+01,2.01420734e+01
2.00000000e+01,2.00111530e+01,2.00521383e+01,2.01436505e+01
2.00000000e+01,2.00129470e+01,2.00593491e+01,2.01609113e+01
2.00000000e+01,2.00153923e+01,2.00688391e+01,2.01830051e+01
2.00000000e+01,2.00158849e+01,2.00705434e+01,2.01865846e+01
2.00000000e+01,2.00111326e+01,2.00520687e+01,2.01435086e+01
2.00000000e+01,2.00129201e+01,2.00592565e+01,2.01607192e+01
2.00000000e+01,2.00132619e+01,2.00604370e+01,2.01631766e+01
2.00000000e+01,2.00158419e+01,2.00703944e+01,2.01862711e+01
2.00000000e+01,2.00132318e+01,2.00603327e+01,2.01629590e+01
2.00000000e+01,2.00223291e+01,2.00948144e+01,2.02418899e+01
2.00000000e+01,2.00185136e+01,2.00806608e+01,2.02100260e+01
2.00000000e+01,2.00222536e+01,2.00945567e+01,2.02413498e+01
2.00000000e+01,2.00232053e+01,2.00977996e+01,2.02481421e+01
2.00000000e+01,2.00184593e+01,2.00804734e+01,2.02096320e+01
2.00000000e+01,2.00191462e+01,2.00828387e+01,2.02146067e+01
2.00000000e+01,2.00231220e+01,2.00975159e+01,2.02475478e+01
2.00000000e+01,2.00190860e+01,2.00826314e+01,2.02141704e+01
2.00000000e+01,2.00329307e+01,2.01327624e+01,2.03251347e+01
2.00000000e+01,2.00270615e+01,2.01119727e+01,2.02798781e+01
2.00000000e+01,2.00327882e+01,2.01322908e+01,2.03241623e+01
2.00000000e+01,2.00345691e+01,2.01381886e+01,2.03363209e+01
2.00000000e+01,2.00269580e+01,2.01116239e+01,2.02791516e+01
2.00000000e+01,2.00282609e+01,2.01160065e+01,2.02882694e+01
2.00000000e+01,2.00344128e+01,2.01376713e+01,2.03352550e+01
2.00000000e+01,2.00281462e+01,2.01156216e+01,2.02874692e+01
2.00000000e+01,2.00503373e+01,2.01919409e+01,2.04502290e+01
2.00000000e+01,2.00454057e+01,2.01760989e+01,2.04181848e+01
2.00000000e+01,2.00413932e+01,2.01630789e+01,2.03917015e+01
2.00000000e+01,2.00454056e+01,2.01760988e+01,2.04181848e+01
2.00000000e+01,2.00409946e+01,2.01605011e+01,2.03842442e+01
2.00000000e+01,2.00373615e+01,2.01486185e+01,2.03599404e+01
2.00000000e+01,2.00343757e+01,2.01387692e+01,2.03397018e+01
2.00000000e+01,2.00373615e+01,2.01486184e+01,2.03599403e+01
2.00000000e+01,2.00479844e+01,2.01844053e+01,2.04350116e+01
2.00000000e+01,2.00434942e+01,2.01699135e+01,2.04056232e+01
2.00000000e+01,2.00434942e+01,2.01699135e+01,2.04056231e+01
2.00000000e+01,2.00479844e+01,2.01844053e+01,2.04350116e+01
2.00000000e+01,2.00392683e+01,2.01548683e+01,2.03727378e+01
2.00000000e+01,2.00359438e+01,2.01439521e+01,2.03503630e+01
2.00000000e+01,2.00359438e+01,2.01439520e+01,2.03503630e+01
2.00000000e+01,2.00392683e+01,2.01548683e+01,2.03727378e+01
2.00000000e+01,2.00458460e+01,2.01775229e+01,2.04210762e+01
2.00000000e+01,2.00376904e+01,2.01496985e+01,2.03621543e+01
2.00000000e+01,2.00765815e+01,2.02768746e+01,2.06236840e+01
2.00000000e+01,2.00674637e+01,2.02487096e+01,2.05680871e+01
2.00000000e+01,2.00602610e+01,2.02261710e+01,2.05232827e+01
2.00000000e+01,2.00674636e+01,2.02487096e+01,2.05680871e+01
2.00000000e+01,2.00619935e+01,2.02302032e+01,2.05291369e+01
2.00000000e+01,2.00552895e+01,2.02090777e+01,2.04869154e+01
2.00000000e+01,2.00499054e+01,2.01919163e+01,2.04523997e+01
2.00000000e+01,2.00552895e+01,2.02090776e+01,2.04869153e+01
2.00000000e+01,2.00721911e+01,2.02633674e+01,2.05970782e+01
2.00000000e+01,2.00640065e+01,2.02379303e+01,2.05467022e+01
2.00000000e+01,2.00640065e+01,2.02379303e+01,2.05467022e+01
2.00000000e+01,2.00721911e+01,2.02633674e+01,2.05970782e+01
2.00000000e+01,2.00587887e+01,2.02201348e+01,2.05090472e+01
2.00000000e+01,2.00527211e+01,2.02009137e+01,2.04705209e+01
2.00000000e+01,2.00527211e+01,2.02009137e+01,2.04705209e+01
2.00000000e+01,2.00587886e+01,2.02201348e+01,2.05090472e+01
2.00000000e+01,2.00682631e+01,2.02512029e+01,2.05730349e+01
2.00000000e+01,2.00558931e+01,2.02109890e+01,2.04907448e+01
2.00000000e+01,2.01177511e+01,2.04033998e+01,2.08730593e+01
2.00000000e+01,2.01007079e+01,2.03529136e+01,2.07759429e+01
2.00000000e+01,2.00877981e+01,2.03140759e+01,2.07006503e+01
2.00000000e+01,2.01007079e+01,2.03529137e+01,2.07759431e+01
2.00000000e+01,2.00948155e+01,2.03337515e+01,2.07369034e+01
2.00000000e+01,2.00823666e+01,2.02960858e+01,2.06635075e+01
2.00000000e+01,2.00727226e+01,2.02664903e+01,2.06054020e+01
2.00000000e+01,2.00823665e+01,2.02960858e+01,2.06635075e+01
2.00000000e+01,2.01094334e+01,2.03788823e+01,2.08260112e+01
2.00000000e+01,2.00944366e+01,2.03341277e+01,2.07396069e+01
2.00000000e+01,2.00944365e+01,2.03341277e+01,2.07396069e+01
2.00000000e+01,2.01094334e+01,2.03788823e+01,2.08260113e+01
2.00000000e+01,2.00888146e+01,2.03156580e+01,2.07017076e+01
2.00000000e+01,2.00777288e+01,2.02819004e+01,2.06357067e+01
2.00000000e+01,2.00777288e+01,2.02819004e+01,2.06357067e+01
2.00000000e+01,2.00888146e+01,2.03156580e+01,2.07017077e+01
2.00000000e+01,2.01021565e+01,2.03572520e+01,2.07843360e+01
2.00000000e+01,2.00834814e+01,2.02994735e+01,2.06701209e+01
2.00000000e+01,2.00538568e+01,2.02031425e+01,2.04727761e+01
2.00000000e+01,2.00482443e+01,2.01852363e+01,2.04366887e+01
2.00000000e+01,2.00435583e+01,2.01688237e+01,2.04011993e+01
2.00000000e+01,2.00394575e+01,2.01554867e+01,2.03740022e+01
2.00000000e+01,2.00523295e+01,2.01982950e+01,2.04630323e+01
2.00000000e+01,2.00470154e+01,2.01812885e+01,2.04287027e+01
2.00000000e+01,2.00511722e+01,2.01946083e+01,2.04556089e+01
2.00000000e+01,2.00424515e+01,2.01652363e+01,2.03938971e+01
2.00000000e+01,2.00385523e+01,2.01525251e+01,2.03679438e+01
2.00000000e+01,2.00416082e+01,2.01624972e+01,2.03883153e+01
2.00000000e+01,2.00497940e+01,2.01902051e+01,2.04467286e+01
2.00000000e+01,2.00405983e+01,2.01592100e+01,2.03816090e+01
2.00000000e+01,2.00832777e+01,2.02973042e+01,2.06637568e+01
2.00000000e+01,2.00726672e+01,2.02648269e+01,2.05999491e+01
2.00000000e+01,2.00668245e+01,2.02452764e+01,2.05591050e+01
2.00000000e+01,2.00591282e+01,2.02212066e+01,2.05111922e+01
2.00000000e+01,2.00803371e+01,2.02883761e+01,2.06462849e+01
2.00000000e+01,2.00704000e+01,2.02578246e+01,2.05861269e+01
2.00000000e+01,2.00781364e+01,2.02816531e+01,2.06330914e+01
2.00000000e+01,2.00647299e+01,2.02387536e+01,2.05461498e+01
2.00000000e+01,2.00574646e+01,2.02159604e+01,2.05007027e+01
2.00000000e+01,2.00631396e+01,2.02337889e+01,2.05362768e+01
2.00000000e+01,2.00755536e+01,2.02737254e+01,2.06174949e+01
2.00000000e+01,2.00612531e+01,2.02278818e+01,2.05245102e+01
2.00000000e+01,2.01307820e+01,2.04413769e+01,2.09455480e+01
2.00000000e+01,2.01103563e+01,2.03815705e+01,2.08311392e+01
2.00000000e+01,2.01040424e+01,2.03613482e+01,2.07903700e+01
2.00000000e+01,2.00894133e+01,2.03174867e+01,2.07052933e+01
2.00000000e+01,2.01249076e+01,2.04244200e+01,2.09133286e+01
2.00000000e+01,2.01060838e+01,2.03689449e+01,2.08068796e+01
2.00000000e+01,2.01206491e+01,2.04119703e+01,2.08895352e+01
2.00000000e+01,2.01000256e+01,2.03493532e+01,2.07671496e+01
2.00000000e+01,2.00863441e+01,2.03081853e+01,2.06871521e+01
2.00000000e+01,2.00969823e+01,2.03402508e+01,2.07495151e+01
2.00000000e+01,2.01157487e+01,2.03975363e+01,2.08618450e+01
2.00000000e+01,2.00934171e+01,2.03295454e+01,2.07287326e+01
2.00000000e+01,2.00551567e+01,2.02072377e+01,2.04809778e+01
2.00000000e+01,2.00492781e+01,2.01885449e+01,2.04433685e+01
2.00000000e+01,2.00444854e+01,2.01718227e+01,2.04072974e+01
2.00000000e+01,2.00402138e+01,2.01579568e+01,2.03790504e+01
2.00000000e+01,2.00548031e+01,2.02061494e+01,2.04788215e+01
2.00000000e+01,2.00490096e+01,2.01876921e+01,2.04416525e+01
2.00000000e+01,2.00523260e+01,2.01982900e+01,2.04630283e+01
2.00000000e+01,2.00442519e+01,2.01710653e+01,2.04057557e+01
2.00000000e+01,2.00400219e+01,2.01573298e+01,2.03777690e+01
2.00000000e+01,2.00424545e+01,2.01652455e+01,2.03939153e+01
2.00000000e+01,2.00520373e+01,2.01973644e+01,2.04611593e+01
2.00000000e+01,2.00422390e+01,2.01645468e+01,2.03924927e+01
2.00000000e+01,2.00859213e+01,2.03051440e+01,2.06789205e+01
2.00000000e+01,2.00746118e+01,2.02707804e+01,2.06116517e+01
2.00000000e+01,2.00685837e+01,2.02507502e+01,2.05699708e+01
2.00000000e+01,2.00605228e+01,2.02255967e+01,2.05199613e+01
2.00000000e+01,2.00850623e+01,2.03027620e+01,2.06744665e+01
2.00000000e+01,2.00740779e+01,2.02691837e+01,2.06085469e+01
2.00000000e+01,2.00802885e+01,2.02882717e+01,2.06461230e+01
2.00000000e+01,2.00681531e+01,2.02493932e+01,2.05672617e+01
2.00000000e+01,2.00601714e+01,2.02244874e+01,2.05177430e+01
2.00000000e+01,2.00647331e+01,2.02387605e+01,2.05461612e+01
2.00000000e+01,2.00797756e+01,2.02866613e+01,2.06429232e+01
2.00000000e+01,2.00643235e+01,2.02374879e+01,2.05436360e+01
2.00000000e+01,2.01371623e+01,2.04585671e+01,2.09770229e+01
2.00000000e+01,2.01143110e+01,2.03929336e+01,2.08526775e+01
2.00000000e+01,2.01073657e+01,2.03713467e+01,2.08098001e+01
2.00000000e+01,2.00920031e+01,2.03253209e+01,2.07205585e+01
2.00000000e+01,2.01340729e+01,2.04511187e+01,2.09642370e+01
2.00000000e+01,2.01129418e+01,2.03892748e+01,2.08459934e+01
2.00000000e+01,2.01245489e+01,2.04236500e+01,2.09121202e+01
2.00000000e+01,2.01066623e+01,2.03690961e+01,2.08053050e+01
2.00000000e+01,2.00913591e+01,2.03233595e+01,2.07167248e+01
2.00000000e+01,2.01000470e+01,2.03493896e+01,2.07671962e+01
2.00000000e+01,2.01238177e+01,2.04212322e+01,2.09072441e+01
2.00000000e+01,2.00992334e+01,2.03469936e+01,2.07625880e+01
2.00000000e+01,2.00538568e+01,2.02031425e+01,2.04727761e+01
2.00000000e+01,2.00482443e+01,2.01852364e+01,2.04366888e+01
2.00000000e+01,2.00435584e+01,2.01688238e+01,2.04011993e+01
2.00000000e+01,2.00394576e+01,2.01554867e+01,2.03740023e+01
2.00000000e+01,2.00511722e+01,2.01946084e+01,2.04556090e+01
2.00000000e+01,2.00470154e+01,2.01812885e+01,2.04287027e+01
2.00000000e+01,2.00523296e+01,2.01982950e+01,2.04630323e+01
2.00000000e+01,2.00416082e+01,2.01624972e+01,2.03883153e+01
2.00000000e+01,2.00385524e+01,2.01525252e+01,2.03679439e+01
2.00000000e+01,2.00424515e+01,2.01652363e+01,2.03938971e+01
2.00000000e+01,2.00497941e+01,2.01902052e+01,2.04467286e+01
2.00000000e+01,2.00405983e+01,2.01592100e+01,2.03816090e+01
2.00000000e+01,2.00832777e+01,2.02973042e+01,2.06637567e+01
2.00000000e+01,2.00726673e+01,2.02648269e+01,2.05999490e+01
2.00000000e+01,2.00668245e+01,2.02452764e+01,2.05591049e+01
2.00000000e+01,2.00591283e+01,2.02212066e+01,2.05111923e+01
2.00000000e+01,2.00781365e+01,2.02816531e+01,2.06330913e+01
2.00000000e+01,2.00704001e+01,2.02578246e+01,2.05861270e+01
2.00000000e+01,2.00803371e+01,2.02883760e+01,2.06462848e+01
2.00000000e+01,2.00631396e+01,2.02337889e+01,2.05362768e+01
2.00000000e+01,2.00574647e+01,2.02159604e+01,2.05007028e+01
2.00000000e+01,2.00647299e+01,2.02387536e+01,2.05461498e+01
2.00000000e+01,2.00755537e+01,2.02737254e+01,2.06174949e+01
2.00000000e+01,2.00612532e+01,2.02278818e+01,2.05245102e+01
2.00000000e+01,2.01307820e+01,2.04413766e+01,2.09455474e+01
2.00000000e+01,2.01103563e+01,2.03815701e+01,2.08311384e+01
2.00000000e+01,2.01040425e+01,2.03613481e+01,2.07903698e+01
2.00000000e+01,2.00894133e+01,2.03174866e+01,2.07052931e+01
2.00000000e+01,2.01206491e+01,2.04119700e+01,2.08895348e+01
2.00000000e+01,2.01060839e+01,2.03689447e+01,2.08068793e+01
2.00000000e+01,2.01249075e+01,2.04244198e+01,2.09133283e+01
2.00000000e+01,2.00969824e+01,2.03402506e+01,2.07495148e+01
2.00000000e+01,2.00863441e+01,2.03081853e+01,2.06871520e+01
2.00000000e+01,2.01000256e+01,2.03493532e+01,2.07671495e+01
2.00000000e+01,2.01157487e+01,2.03975361e+01,2.08618446e+01
2.00000000e+01,2.00934171e+01,2.03295454e+01,2.07287324e+01
2.00000000e+01,2.00579008e+01,2.02159000e+01,2.04983395e+01
2.00000000e+01,2.00464643e+01,2.01781974e+01,2.04202327e+01
2.00000000e+01,2.00561285e+01,2.02103400e+01,2.04872272e+01
2.00000000e+01,2.00561285e+01,2.02103400e+01,2.04872272e+01
2.00000000e+01,2.00452096e+01,2.01741560e+01,2.04120330e+01
2.00000000e+01,2.00452096e+01,2.01741560e+01,2.04120330e+01
2.00000000e+01,2.00544848e+01,2.02051374e+01,2.04767865e+01
2.00000000e+01,2.00440173e+01,2.01703077e+01,2.04042162e+01
2.00000000e+01,2.00912768e+01,2.03213591e+01,2.07106129e+01
2.00000000e+01,2.00724194e+01,2.02625814e+01,2.05933564e+01
2.00000000e+01,2.00876436e+01,2.03105761e+01,2.06897350e+01
2.00000000e+01,2.00876436e+01,2.03105761e+01,2.06897351e+01
2.00000000e+01,2.00699970e+01,2.02550972e+01,2.05785528e+01
2.00000000e+01,2.00699970e+01,2.02550972e+01,2.05785528e+01
2.00000000e+01,2.00844677e+01,2.03009420e+01,2.06708958e+01
2.00000000e+01,2.00677043e+01,2.02480036e+01,2.05645092e+01
2.00000000e+01,2.01475824e+01,2.04891638e+01,2.10357726e+01
2.00000000e+01,2.01150502e+01,2.03939206e+01,2.08531496e+01
2.00000000e+01,2.01392173e+01,2.04660543e+01,2.09927328e+01
2.00000000e+01,2.01392173e+01,2.04660544e+01,2.09927330e+01
2.00000000e+01,2.01103011e+01,2.03798483e+01,2.08260140e+01
2.00000000e+01,2.01103011e+01,2.03798484e+01,2.08260141e+01
2.00000000e+01,2.01329806e+01,2.04479017e+01,2.09581040e+01
2.00000000e+01,2.01057769e+01,2.03664779e+01,2.08002558e+01
2.00000000e+01,2.00594313e+01,2.02206373e+01,2.05077455e+01
2.00000000e+01,2.00475175e+01,2.01815823e+01,2.04270928e+01
2.00000000e+01,2.00589598e+01,2.02192666e+01,2.05051055e+01
2.00000000e+01,2.00575017e+01,2.02146884e+01,2.04959546e+01
2.00000000e+01,2.00472562e+01,2.01807353e+01,2.04253700e+01
2.00000000e+01,2.00462112e+01,2.01773793e+01,2.04185705e+01
2.00000000e+01,2.00571711e+01,2.02136215e+01,2.04937957e+01
2.00000000e+01,2.00459547e+01,2.01765567e+01,2.04169049e+01
2.00000000e+01,2.00947977e+01,2.03312868e+01,2.07293168e+01
2.00000000e+01,2.00744625e+01,2.02688913e+01,2.06058349e+01
2.00000000e+01,2.00931710e+01,2.03272700e+01,2.07223060e+01
2.00000000e+01,2.00902298e+01,2.03185202e+01,2.07053651e+01
2.00000000e+01,2.00740001e+01,2.02674013e+01,2.06028323e+01
2.00000000e+01,2.00719489e+01,2.02611021e+01,2.05904073e+01
2.00000000e+01,2.00897219e+01,2.03168106e+01,2.07018677e+01
2.00000000e+01,2.00714354e+01,2.02595403e+01,2.05873407e+01
2.00000000e+01,2.01594929e+01,2.05178729e+01,2.10847565e+01
2.00000000e+01,2.01189815e+01,2.04057640e+01,2.08761917e+01
2.00000000e+01,2.01500325e+01,2.04973192e+01,2.10520879e+01
2.00000000e+01,2.01434852e+01,2.04794093e+01,2.10191309e+01
2.00000000e+01,2.01184996e+01,2.04037902e+01,2.08718727e+01
2.00000000e+01,2.01143017e+01,2.03914949e+01,2.08482811e+01
2.00000000e+01,2.01435593e+01,2.04784488e+01,2.10162075e+01
2.00000000e+01,2.01131436e+01,2.03882407e+01,2.08421693e+01
2.00000000e+01,2.00551567e+01,2.02072377e+01,2.04809778e+01
2.00000000e+01,2.00492782e+01,2.01885449e+01,2.04433686e+01
2.00000000e+01,2.00444855e+01,2.01718227e+01,2.04072974e+01
2.00000000e+01,2.00402139e+01,2.01579569e+01,2.03790505e+01
2.00000000e+01,2.00523261e+01,2.01982900e+01,2.04630284e+01
2.00000000e+01,2.00490097e+01,2.01876921e+01,2.04416526e+01
2.00000000e+01,2.00548031e+01,2.02061494e+01,2.04788215e+01
2.00000000e+01,2.00424545e+01,2.01652455e+01,2.03939154e+01
2.00000000e+01,2.00400220e+01,2.01573299e+01,2.03777691e+01
2.00000000e+01,2.00442519e+01,2.01710653e+01,2.04057557e+01
2.00000000e+01,2.00520374e+01,2.01973644e+01,2.04611593e+01
2.00000000e+01,2.00422390e+01,2.01645468e+01,2.03924928e+01
2.00000000e+01,2.00859214e+01,2.03051439e+01,2.06789203e+01
2.00000000e+01,2.00746119e+01,2.02707804e+01,2.06116515e+01
2.00000000e+01,2.00685838e+01,2.02507502e+01,2.05699708e+01
2.00000000e+01,2.00605229e+01,2.02255968e+01,2.05199613e+01
2.00000000e+01,2.00802886e+01,2.02882717e+01,2.06461229e+01
2.00000000e+01,2.00740780e+01,2.02691837e+01,2.06085469e+01
2.00000000e+01,2.00850623e+01,2.03027620e+01,2.06744663e+01
2.00000000e+01,2.00647332e+01,2.02387605e+01,2.05461612e+01
2.00000000e+01,2.00601715e+01,2.02244874e+01,2.05177430e+01
2.00000000e+01,2.00681532e+01,2.02493932e+01,2.05672616e+01
2.00000000e+01,2.00797757e+01,2.02866613e+01,2.06429230e+01
2.00000000e+01,2.00643236e+01,2.02374879e+01,2.05436359e+01
2.00000000e+01,2.01371621e+01,2.04585662e+01,2.09770215e+01
2.00000000e+01,2.01143110e+01,2.03929328e+01,2.08526763e+01
2.00000000e+01,2.01073658e+01,2.03713465e+01,2.08097997e+01
2.00000000e+01,2.00920032e+01,2.03253207e+01,2.07205582e+01
2.00000000e+01,2.01245490e+01,2.04236498e+01,2.09121198e+01
2.00000000e+01,2.01129419e+01,2.03892744e+01,2.08459928e+01
2.00000000e+01,2.01340729e+01,2.04511182e+01,2.09642362e+01
2.00000000e+01,2.01000470e+01,2.03493893e+01,2.07671957e+01
2.00000000e+01,2.00913592e+01,2.03233593e+01,2.07167245e+01
2.00000000e+01,2.01066623e+01,2.03690959e+01,2.08053046e+01
2.00000000e+01,2.01238178e+01,2.04212317e+01,2.09072433e+01
2.00000000e+01,2.00992334e+01,2.03469934e+01,2.07625877e+01
2.00000000e+01,2.00594313e+01,2.02206373e+01,2.05077454e+01
2.00000000e+01,2.00475175e+01,2.01815823e+01,2.04270928e+01
2.00000000e+01,2.00575017e+01,2.02146884e+01,2.04959546e+01
2.00000000e+01,2.00589598e+01,2.02192666e+01,2.05051055e+01
2.00000000e+01,2.00462112e+01,2.01773793e+01,2.04185705e+01
2.00000000e+01,2.00472562e+01,2.01807353e+01,2.04253700e+01
2.00000000e+01,2.00571711e+01,2.02136215e+01,2.04937957e+01
2.00000000e+01,2.00459547e+01,2.01765567e+01,2.04169049e+01
2.00000000e+01,2.00947977e+01,2.03312867e+01,2.07293166e+01
2.00000000e+01,2.00744625e+01,2.02688913e+01,2.06058349e+01
2.00000000e+01,2.00902299e+01,2.03185202e+01,2.07053650e+01
2.00000000e+01,2.00931710e+01,2.03272700e+01,2.07223060e+01
2.00000000e+01,2.00719489e+01,2.02611021e+01,2.05904073e+01
2.00000000e+01,2.00740001e+01,2.02674013e+01,2.06028323e+01
2.00000000e+01,2.00897220e+01,2.03168106e+01,2.07018676e+01
2.00000000e+01,2.00714354e+01,2.02595403e+01,2.05873407e+01
2.00000000e+01,2.01594925e+01,2.05178717e+01,2.10847546e+01
2.00000000e+01,2.01189815e+01,2.04057640e+01,2.08761916e+01
2.00000000e+01,2.01434855e+01,2.04794094e+01,2.10191310e+01
2.00000000e+01,2.01500325e+01,2.04973191e+01,2.10520877e+01
2.00000000e+01,2.01143018e+01,2.03914947e+01,2.08482807e+01
2.00000000e+01,2.01184997e+01,2.04037901e+01,2.08718726e+01
2.00000000e+01,2.01435593e+01,2.04784485e+01,2.10162071e+01
2.00000000e+01,2.01131436e+01,2.03882406e+01,2.08421691e+01
2.00000000e+01,2.00610880e+01,2.02256822e+01,2.05176842e+01
2.00000000e+01,2.00486180e+01,2.01851108e+01,2.04342354e+01
2.00000000e+01,2.00604522e+01,2.02239912e+01,2.05145850e+01
2.00000000e+01,2.00604522e+01,2.02239913e+01,2.05145850e+01
2.00000000e+01,2.00483513e+01,2.01842396e+01,2.04324575e+01
2.00000000e+01,2.00483513e+01,2.01842396e+01,2.04324575e+01
2.00000000e+01,2.00601378e+01,2.02229213e+01,2.05123711e+01
2.00000000e+01,2.00480673e+01,2.01833383e+01,2.04306415e+01
2.00000000e+01,2.00992015e+01,2.03429380e+01,2.07505097e+01
2.00000000e+01,2.00766229e+01,2.02755382e+01,2.06189572e+01
2.00000000e+01,2.00958895e+01,2.03358260e+01,2.07393400e+01
2.00000000e+01,2.00958894e+01,2.03358259e+01,2.07393400e+01
2.00000000e+01,2.00761993e+01,2.02740895e+01,2.06159629e+01
2.00000000e+01,2.00761993e+01,2.02740895e+01,2.06159629e+01
2.00000000e+01,2.00957814e+01,2.03348362e+01,2.07367928e+01
2.00000000e+01,2.00755867e+01,2.02722828e+01,2.06124680e+01
2.00000000e+01,2.01815294e+01,2.05644309e+01,2.11568185e+01
2.00000000e+01,2.01233354e+01,2.04187023e+01,2.09012265e+01
2.00000000e+01,2.01529750e+01,2.05094978e+01,2.10790338e+01
2.00000000e+01,2.01529747e+01,2.05094975e+01,2.10790332e+01
2.00000000e+01,2.01234536e+01,2.04177571e+01,2.08981678e+01
2.00000000e+01,2.01234535e+01,2.04177571e+01,2.08981679e+01
2.00000000e+01,2.01572648e+01,2.05168672e+01,2.10882406e+01
2.00000000e+01,2.01216897e+01,2.04131991e+01,2.08899918e+01
2.00000000e+01,2.00579007e+01,2.02159000e+01,2.04983395e+01
2.00000000e+01,2.00594313e+01,2.02206373e+01,2.05077454e+01
2.00000000e+01,2.00464643e+01,2.01781974e+01,2.04202327e+01
2.00000000e+01,2.00475175e+01,2.01815823e+01,2.04270928e+01
2.00000000e+01,2.00589598e+01,2.02192666e+01,2.05051055e+01
2.00000000e+01,2.00589598e+01,2.02192667e+01,2.05051055e+01
2.00000000e+01,2.00604522e+01,2.02239913e+01,2.05145850e+01
2.00000000e+01,2.00472562e+01,2.01807353e+01,2.04253700e+01
2.00000000e+01,2.00472562e+01,2.01807353e+01,2.04253699e+01
2.00000000e+01,2.00483513e+01,2.01842396e+01,2.04324575e+01
2.00000000e+01,2.00601377e+01,2.02229213e+01,2.05123711e+01
2.00000000e+01,2.00480673e+01,2.01833383e+01,2.04306415e+01
2.00000000e+01,2.00912767e+01,2.03213591e+01,2.07106128e+01
2.00000000e+01,2.00947977e+01,2.03312867e+01,2.07293165e+01
2.00000000e+01,2.00724193e+01,2.02625814e+01,2.05933564e+01
2.00000000e+01,2.00744625e+01,2.02688913e+01,2.06058349e+01
2.00000000e+01,2.00931710e+01,2.03272700e+01,2.07223060e+01
2.00000000e+01,2.00931710e+01,2.03272700e+01,2.07223059e+01
2.00000000e+01,2.00958895e+01,2.03358259e+01,2.07393400e+01
2.00000000e+01,2.00740000e+01,2.02674014e+01,2.06028323e+01
2.00000000e+01,2.00740000e+01,2.02674014e+01,2.06028322e+01
2.00000000e+01,2.00761993e+01,2.02740895e+01,2.06159629e+01
2.00000000e+01,2.00957814e+01,2.03348362e+01,2.07367928e+01
2.00000000e+01,2.00755867e+01,2.02722828e+01,2.06124680e+01
2.00000000e+01,2.01475822e+01,2.04891639e+01,2.10357725e+01
2.00000000e+01,2.01594923e+01,2.05178718e+01,2.10847544e+01
2.00000000e+01,2.01150501e+01,2.03939206e+01,2.08531496e+01
2.00000000e+01,2.01189814e+01,2.04057640e+01,2.08761915e+01
2.00000000e+01,2.01500325e+01,2.04973194e+01,2.10520879e+01
2.00000000e+01,2.01500325e+01,2.04973194e+01,2.10520877e+01
2.00000000e+01,2.01529747e+01,2.05094978e+01,2.10790337e+01
2.00000000e+01,2.01184995e+01,2.04037902e+01,2.08718727e+01
2.00000000e+01,2.01184995e+01,2.04037902e+01,2.08718726e+01
2.00000000e+01,2.01234535e+01,2.04177571e+01,2.08981678e+01
2.00000000e+01,2.01572647e+01,2.05168673e+01,2.10882406e+01
2.00000000e+01,2.01216896e+01,2.04131991e+01,2.08899918e+01
2.00000000e+01,2.00538567e+01,2.02031425e+01,2.04727760e+01
2.00000000e+01,2.00551567e+01,2.02072377e+01,2.04809777e+01
2.00000000e+01,2.00435583e+01,2.01688238e+01,2.04011993e+01
2.00000000e+01,2.00444854e+01,2.01718227e+01,2.04072973e+01
2.00000000e+01,2.00561285e+01,2.02103400e+01,2.04872272e+01
2.00000000e+01,2.00548031e+01,2.02061495e+01,2.04788214e+01
2.00000000e+01,2.00575017e+01,2.02146884e+01,2.04959545e+01
2.00000000e+01,2.00452096e+01,2.01741560e+01,2.04120329e+01
2.00000000e+01,2.00442518e+01,2.01710653e+01,2.04057556e+01
2.00000000e+01,2.00462112e+01,2.01773793e+01,2.04185704e+01
2.00000000e+01,2.00571710e+01,2.02136216e+01,2.04937956e+01
2.00000000e+01,2.00459547e+01,2.01765568e+01,2.04169048e+01
2.00000000e+01,2.00832776e+01,2.02973043e+01,2.06637566e+01
2.00000000e+01,2.00859213e+01,2.03051440e+01,2.06789202e+01
2.00000000e+01,2.00668244e+01,2.02452765e+01,2.05591049e+01
2.00000000e+01,2.00685837e+01,2.02507503e+01,2.05699708e+01
2.00000000e+01,2.00876435e+01,2.03105762e+01,2.06897350e+01
2.00000000e+01,2.00850622e+01,2.03027621e+01,2.06744663e+01
2.00000000e+01,2.00902298e+01,2.03185202e+01,2.07053650e+01
2.00000000e+01,2.00699969e+01,2.02550973e+01,2.05785528e+01
2.00000000e+01,2.00681531e+01,2.02493933e+01,2.05672616e+01
2.00000000e+01,2.00719489e+01,2.02611021e+01,2.05904073e+01
2.00000000e+01,2.00897219e+01,2.03168107e+01,2.07018675e+01
2.00000000e+01,2.00714353e+01,2.02595404e+01,2.05873406e+01
2.00000000e+01,2.01307818e+01,2.04413768e+01,2.09455472e+01
2.00000000e+01,2.01371618e+01,2.04585664e+01,2.09770212e+01
2.00000000e+01,2.01040423e+01,2.03613483e+01,2.07903697e+01
2.00000000e+01,2.01073657e+01,2.03713467e+01,2.08097997e+01
2.00000000e+01,2.01392170e+01,2.04660544e+01,2.09927325e+01
2.00000000e+01,2.01340727e+01,2.04511185e+01,2.09642360e+01
2.00000000e+01,2.01434852e+01,2.04794094e+01,2.10191307e+01
2.00000000e+01,2.01103010e+01,2.03798484e+01,2.08260139e+01
2.00000000e+01,2.01066622e+01,2.03690961e+01,2.08053046e+01
2.00000000e+01,2.01143016e+01,2.03914949e+01,2.08482807e+01
2.00000000e+01,2.01435591e+01,2.04784487e+01,2.10162069e+01
2.00000000e+01,2.01131434e+01,2.03882407e+01,2.08421690e+01
2.00000000e+01,2.00482442e+01,2.01852364e+01,2.04366887e+01
2.00000000e+01,2.00492781e+01,2.01885450e+01,2.04433684e+01
2.00000000e+01,2.00394575e+01,2.01554867e+01,2.03740022e+01
2.00000000e+01,2.00402138e+01,2.01579569e+01,2.03790504e+01
2.00000000e+01,2.00511721e+01,2.01946084e+01,2.04556089e+01
2.00000000e+01,2.00490096e+01,2.01876922e+01,2.04416525e+01
2.00000000e+01,2.00523260e+01,2.01982901e+01,2.04630282e+01
2.00000000e+01,2.00416081e+01,2.01624972e+01,2.03883152e+01
2.00000000e+01,2.00400219e+01,2.01573299e+01,2.03777690e+01
2.00000000e+01,2.00424545e+01,2.01652455e+01,2.03939153e+01
2.00000000e+01,2.00520373e+01,2.01973644e+01,2.04611592e+01
2.00000000e+01,2.00422390e+01,2.01645468e+01,2.03924927e+01
2.00000000e+01,2.00726671e+01,2.02648270e+01,2.05999489e+01
2.00000000e+01,2.00746117e+01,2.02707805e+01,2.06116514e+01
2.00000000e+01,2.00591282e+01,2.02212067e+01,2.05111922e+01
2.00000000e+01,2.00605228e+01,2.02255969e+01,2.05199613e+01
2.00000000e+01,2.00781363e+01,2.02816532e+01,2.06330912e+01
2.00000000e+01,2.00740778e+01,2.02691839e+01,2.06085468e+01
2.00000000e+01,2.00802885e+01,2.02882719e+01,2.06461229e+01
2.00000000e+01,2.00631395e+01,2.02337890e+01,2.05362767e+01
2.00000000e+01,2.00601713e+01,2.02244875e+01,2.05177429e+01
2.00000000e+01,2.00647331e+01,2.02387606e+01,2.05461611e+01
2.00000000e+01,2.00797755e+01,2.02866615e+01,2.06429230e+01
2.00000000e+01,2.00643235e+01,2.02374880e+01,2.05436359e+01
2.00000000e+01,2.01103560e+01,2.03815704e+01,2.08311382e+01
2.00000000e+01,2.01143107e+01,2.03929331e+01,2.08526760e+01
2.00000000e+01,2.00894132e+01,2.03174868e+01,2.07052930e+01
2.00000000e+01,2.00920030e+01,2.03253210e+01,2.07205582e+01
2.00000000e+01,2.01206488e+01,2.04119702e+01,2.08895344e+01
2.00000000e+01,2.01129416e+01,2.03892747e+01,2.08459925e+01
2.00000000e+01,2.01245487e+01,2.04236499e+01,2.09121194e+01
2.00000000e+01,2.00969822e+01,2.03402509e+01,2.07495147e+01
2.00000000e+01,2.00913590e+01,2.03233595e+01,2.07167244e+01
2.00000000e+01,2.01000469e+01,2.03493896e+01,2.07671956e+01
2.00000000e+01,2.01238175e+01,2.04212320e+01,2.09072432e+01
2.00000000e+01,2.00992332e+01,2.03469936e+01,2.07625875e+01
2.00000000e+01,2.00538568e+01,2.02031425e+01,2.04727761e+01
2.00000000e+01,2.00435583e+01,2.01688238e+01,2.04011993e+01
2.00000000e+01,2.00548031e+01,2.02061495e+01,2.04788215e+01
2.00000000e+01,2.00561285e+01,2.02103400e+01,2.04872272e+01
2.00000000e+01,2.00442519e+01,2.01710653e+01,2.04057557e+01
2.00000000e+01,2.00452096e+01,2.01741560e+01,2.04120330e+01
2.00000000e+01,2.00571711e+01,2.02136215e+01,2.04937957e+01
2.00000000e+01,2.00459547e+01,2.01765567e+01,2.04169049e+01
2.00000000e+01,2.00832777e+01,2.02973043e+01,2.06637568e+01
2.00000000e+01,2.00668244e+01,2.02452765e+01,2.05591050e+01
2.00000000e+01,2.00850622e+01,2.03027621e+01,2.06744665e+01
2.00000000e+01,2.00876435e+01,2.03105761e+01,2.06897351e+01
2.00000000e+01,2.00681531e+01,2.02493932e+01,2.05672617e+01
2.00000000e+01,2.00699969e+01,2.02550973e+01,2.05785528e+01
2.00000000e+01,2.00897219e+01,2.03168107e+01,2.07018677e+01
2.00000000e+01,2.00714353e+01,2.02595403e+01,2.05873407e+01
2.00000000e+01,2.01307819e+01,2.04413771e+01,2.09455479e+01
2.00000000e+01,2.01040424e+01,2.03613483e+01,2.07903700e+01
2.00000000e+01,2.01340729e+01,2.04511188e+01,2.09642369e+01
2.00000000e+01,2.01392171e+01,2.04660544e+01,2.09927328e+01
2.00000000e+01,2.01066622e+01,2.03690961e+01,2.08053050e+01
2.00000000e+01,2.01103010e+01,2.03798484e+01,2.08260141e+01
2.00000000e+01,2.01435592e+01,2.04784489e+01,2.10162075e+01
2.00000000e+01,2.01131435e+01,2.03882408e+01,2.08421693e+01
2.00000000e+01,2.00503373e+01,2.01919409e+01,2.04502289e+01
2.00000000e+01,2.00409945e+01,2.01605011e+01,2.03842441e+01
2.00000000e+01,2.00523295e+01,2.01982950e+01,2.04630323e+01
2.00000000e+01,2.00523295e+01,2.01982950e+01,2.04630322e+01
2.00000000e+01,2.00424515e+01,2.01652364e+01,2.03938971e+01
2.00000000e+01,2.00424515e+01,2.01652364e+01,2.03938971e+01
2.00000000e+01,2.00544847e+01,2.02051374e+01,2.04767864e+01
2.00000000e+01,2.00440173e+01,2.01703077e+01,2.04042162e+01
2.00000000e+01,2.00765814e+01,2.02768747e+01,2.06236839e+01
2.00000000e+01,2.00619934e+01,2.02302032e+01,2.05291368e+01
2.00000000e+01,2.00803370e+01,2.02883762e+01,2.06462849e+01
2.00000000e+01,2.00803370e+01,2.02883761e+01,2.06462848e+01
2.00000000e+01,2.00647298e+01,2.02387537e+01,2.05461498e+01
2.00000000e+01,2.00647298e+01,2.02387537e+01,2.05461498e+01
2.00000000e+01,2.00844676e+01,2.03009421e+01,2.06708958e+01
2.00000000e+01,2.00677042e+01,2.02480037e+01,2.05645092e+01
2.00000000e+01,2.01177509e+01,2.04033998e+01,2.08730590e+01
2.00000000e+01,2.00948154e+01,2.03337516e+01,2.07369033e+01
2.00000000e+01,2.01249073e+01,2.04244199e+01,2.09133283e+01
2.00000000e+01,2.01249072e+01,2.04244198e+01,2.09133279e+01
2.00000000e+01,2.01000255e+01,2.03493534e+01,2.07671495e+01
2.00000000e+01,2.01000255e+01,2.03493533e+01,2.07671494e+01
2.00000000e+01,2.01329803e+01,2.04479018e+01,2.09581038e+01
2.00000000e+01,2.01057767e+01,2.03664780e+01,2.08002557e+01
2.00000000e+01,2.00454056e+01,2.01760989e+01,2.04181847e+01
2.00000000e+01,2.00373614e+01,2.01486185e+01,2.03599403e+01
2.00000000e+01,2.00479843e+01,2.01844053e+01,2.04350116e+01
2.00000000e+01,2.00470153e+01,2.01812885e+01,2.04287026e+01
2.00000000e+01,2.00392682e+01,2.01548683e+01,2.03727377e+01
2.00000000e+01,2.00385523e+01,2.01525252e+01,2.03679438e+01
2.00000000e+01,2.00497940e+01,2.01902052e+01,2.04467285e+01
2.00000000e+01,2.00405983e+01,2.01592101e+01,2.03816089e+01
2.00000000e+01,2.00674635e+01,2.02487097e+01,2.05680870e+01
2.00000000e+01,2.00552894e+01,2.02090777e+01,2.04869152e+01
2.00000000e+01,2.00721910e+01,2.02633674e+01,2.05970781e+01
2.00000000e+01,2.00703999e+01,2.02578247e+01,2.05861268e+01
2.00000000e+01,2.00587885e+01,2.02201349e+01,2.05090471e+01
2.00000000e+01,2.00574646e+01,2.02159605e+01,2.05007026e+01
2.00000000e+01,2.00755535e+01,2.02737256e+01,2.06174948e+01
2.00000000e+01,2.00612530e+01,2.02278819e+01,2.05245101e+01
2.00000000e+01,2.01007077e+01,2.03529138e+01,2.07759427e+01
2.00000000e+01,2.00823664e+01,2.02960859e+01,2.06635073e+01
2.00000000e+01,2.01094331e+01,2.03788823e+01,2.08260109e+01
2.00000000e+01,2.01060836e+01,2.03689449e+01,2.08068790e+01
2.00000000e+01,2.00888144e+01,2.03156580e+01,2.07017074e+01
2.00000000e+01,2.00863439e+01,2.03081854e+01,2.06871519e+01
2.00000000e+01,2.01157484e+01,2.03975363e+01,2.08618444e+01
2.00000000e+01,2.00934170e+01,2.03295455e+01,2.07287322e+01
2.00000000e+01,2.00482442e+01,2.01852364e+01,2.04366887e+01
2.00000000e+01,2.00394575e+01,2.01554867e+01,2.03740021e+01
2.00000000e+01,2.00490096e+01,2.01876921e+01,2.04416525e+01
2.00000000e+01,2.00511722e+01,2.01946084e+01,2.04556089e+01
2.00000000e+01,2.00400219e+01,2.01573298e+01,2.03777690e+01
2.00000000e+01,2.00416081e+01,2.01624972e+01,2.03883152e+01
2.00000000e+01,2.00520373e+01,2.01973644e+01,2.04611593e+01
2.00000000e+01,2.00422390e+01,2.01645468e+01,2.03924927e+01
2.00000000e+01,2.00726672e+01,2.02648269e+01,2.05999491e+01
2.00000000e+01,2.00591282e+01,2.02212066e+01,2.05111922e+01
2.00000000e+01,2.00740779e+01,2.02691837e+01,2.06085470e+01
2.00000000e+01,2.00781364e+01,2.02816532e+01,2.06330914e+01
2.00000000e+01,2.00601713e+01,2.02244874e+01,2.05177429e+01
2.00000000e+01,2.00631396e+01,2.02337890e+01,2.05362768e+01
2.00000000e+01,2.00797756e+01,2.02866614e+01,2.06429232e+01
2.00000000e+01,2.00643235e+01,2.02374879e+01,2.05436360e+01
2.00000000e+01,2.01103562e+01,2.03815706e+01,2.08311391e+01
2.00000000e+01,2.00894132e+01,2.03174868e+01,2.07052933e+01
2.00000000e+01,2.01129418e+01,2.03892748e+01,2.08459934e+01
2.00000000e+01,2.01206490e+01,2.04119703e+01,2.08895351e+01
2.00000000e+01,2.00913591e+01,2.03233595e+01,2.07167248e+01
2.00000000e+01,2.00969823e+01,2.03402509e+01,2.07495150e+01
2.00000000e+01,2.01238177e+01,2.04212323e+01,2.09072442e+01
2.00000000e+01,2.00992333e+01,2.03469937e+01,2.07625880e+01
2.00000000e+01,2.00454056e+01,2.01760988e+01,2.04181847e+01
2.00000000e+01,2.00373614e+01,2.01486184e+01,2.03599403e+01
2.00000000e+01,2.00470153e+01,2.01812885e+01,2.04287026e+01
2.00000000e+01,2.00479843e+01,2.01844053e+01,2.04350116e+01
2.00000000e+01,2.00385523e+01,2.01525251e+01,2.03679438e+01
2.00000000e+01,2.00392683e+01,2.01548683e+01,2.03727377e+01
2.00000000e+01,2.00497940e+01,2.01902052e+01,2.04467286e+01
2.00000000e+01,2.00405983e+01,2.01592100e+01,2.03816089e+01
2.00000000e+01,2.00674635e+01,2.02487096e+01,2.05680870e+01
2.00000000e+01,2.00552894e+01,2.02090776e+01,2.04869152e+01
2.00000000e+01,2.00703999e+01,2.02578247e+01,2.05861269e+01
2.00000000e+01,2.00721910e+01,2.02633674e+01,2.05970781e+01
2.00000000e+01,2.00574646e+01,2.02159604e+01,2.05007027e+01
2.00000000e+01,2.00587885e+01,2.02201349e+01,2.05090472e+01
2.00000000e+01,2.00755536e+01,2.02737255e+01,2.06174949e+01
2.00000000e+01,2.00612531e+01,2.02278819e+01,2.05245101e+01
2.00000000e+01,2.01007078e+01,2.03529139e+01,2.07759431e+01
2.00000000e+01,2.00823664e+01,2.02960859e+01,2.06635074e+01
2.00000000e+01,2.01060837e+01,2.03689450e+01,2.08068796e+01
2.00000000e+01,2.01094332e+01,2.03788823e+01,2.08260110e+01
2.00000000e+01,2.00863440e+01,2.03081854e+01,2.06871521e+01
2.00000000e+01,2.00888145e+01,2.03156580e+01,2.07017076e+01
2.00000000e+01,2.01157485e+01,2.03975364e+01,2.08618449e+01
2.00000000e+01,2.00934170e+01,2.03295455e+01,2.07287325e+01
2.00000000e+01,2.00413931e+01,2.01630788e+01,2.03917014e+01
2.00000000e+01,2.00343756e+01,2.01387692e+01,2.03397017e+01
2.00000000e+01,2.00434941e+01,2.01699135e+01,2.04056231e+01
2.00000000e+01,2.00434941e+01,2.01699135e+01,2.04056231e+01
2.00000000e+01,2.00359438e+01,2.01439521e+01,2.03503629e+01
2.00000000e+01,2.00359438e+01,2.01439521e+01,2.03503630e+01
2.00000000e+01,2.00458460e+01,2.01775229e+01,2.04210761e+01
2.00000000e+01,2.00376903e+01,2.01496986e+01,2.03621542e+01
2.00000000e+01,2.00602609e+01,2.02261710e+01,2.05232825e+01
2.00000000e+01,2.00499052e+01,2.01919162e+01,2.04523995e+01
2.00000000e+01,2.00640064e+01,2.02379303e+01,2.05467021e+01
2.00000000e+01,2.00640064e+01,2.02379303e+01,2.05467020e+01
2.00000000e+01,2.00527210e+01,2.02009136e+01,2.04705208e+01
2.00000000e+01,2.00527210e+01,2.02009137e+01,2.04705208e+01
2.00000000e+01,2.00682629e+01,2.02512029e+01,2.05730347e+01
2.00000000e+01,2.00558930e+01,2.02109890e+01,2.04907447e+01
2.00000000e+01,2.00877979e+01,2.03140760e+01,2.07006501e+01
2.00000000e+01,2.00727224e+01,2.02664903e+01,2.06054018e+01
2.00000000e+01,2.00944364e+01,2.03341279e+01,2.07396068e+01
2.00000000e+01,2.00944364e+01,2.03341279e+01,2.07396067e+01
2.00000000e+01,2.00777286e+01,2.02819004e+01,2.06357065e+01
2.00000000e+01,2.00777286e+01,2.02819004e+01,2.06357065e+01
2.00000000e+01,2.01021562e+01,2.03572520e+01,2.07843357e+01
2.00000000e+01,2.00834812e+01,2.02994735e+01,2.06701207e+01
2.00000000e+01,2.00115321e+01,2.00534433e+01,2.01463366e+01
2.00000000e+01,2.00116305e+01,2.00537823e+01,2.01470357e+01
2.00000000e+01,2.00166809e+01,2.00733026e+01,2.01924007e+01
2.00000000e+01,2.00168866e+01,2.00740164e+01,2.01939079e+01
2.00000000e+01,2.00116067e+01,2.00537028e+01,2.01468783e+01
2.00000000e+01,2.00117094e+01,2.00540610e+01,2.01476269e+01
2.00000000e+01,2.00116067e+01,2.00537028e+01,2.01468783e+01
2.00000000e+01,2.00138209e+01,2.00623783e+01,2.01672475e+01
2.00000000e+01,2.00139660e+01,2.00628842e+01,2.01683136e+01
2.00000000e+01,2.00168345e+01,2.00738359e+01,2.01935277e+01
2.00000000e+01,2.00170460e+01,2.00745703e+01,2.01950801e+01
2.00000000e+01,2.00168345e+01,2.00738359e+01,2.01935277e+01
2.00000000e+01,2.00116828e+01,2.00539660e+01,2.01474220e+01
2.00000000e+01,2.00139291e+01,2.00627552e+01,2.01680410e+01
2.00000000e+01,2.00140781e+01,2.00632751e+01,2.01691372e+01
2.00000000e+01,2.00139291e+01,2.00627552e+01,2.01680410e+01
2.00000000e+01,2.00169924e+01,2.00743837e+01,2.01946848e+01
2.00000000e+01,2.00140404e+01,2.00631436e+01,2.01688603e+01
2.00000000e+01,2.00247444e+01,2.01030295e+01,2.02590888e+01
2.00000000e+01,2.00251434e+01,2.01043815e+01,2.02619160e+01
2.00000000e+01,2.00202584e+01,2.00866642e+01,2.02226588e+01
2.00000000e+01,2.00205458e+01,2.00876520e+01,2.02247392e+01
2.00000000e+01,2.00250411e+01,2.01040367e+01,2.02611964e+01
2.00000000e+01,2.00254505e+01,2.01054239e+01,2.02640978e+01
2.00000000e+01,2.00250411e+01,2.01040367e+01,2.02611965e+01
2.00000000e+01,2.00204730e+01,2.00874016e+01,2.02242117e+01
2.00000000e+01,2.00207684e+01,2.00884163e+01,2.02263486e+01
2.00000000e+01,2.00204730e+01,2.00874016e+01,2.02242117e+01
2.00000000e+01,2.00253474e+01,2.01050737e+01,2.02633643e+01
2.00000000e+01,2.00206934e+01,2.00881590e+01,2.02258067e+01
2.00000000e+01,2.00374861e+01,2.01477842e+01,2.03560376e+01
2.00000000e+01,2.00382530e+01,2.01502885e+01,2.03611650e+01
2.00000000e+01,2.00303788e+01,2.01230981e+01,2.03029921e+01
2.00000000e+01,2.00309291e+01,2.01249343e+01,2.03067984e+01
2.00000000e+01,2.00380491e+01,2.01496344e+01,2.03598365e+01
2.00000000e+01,2.00388306e+01,2.01521952e+01,2.03650876e+01
2.00000000e+01,2.00380491e+01,2.01496344e+01,2.03598365e+01
2.00000000e+01,2.00307902e+01,2.01244699e+01,2.03058352e+01
2.00000000e+01,2.00313571e+01,2.01263588e+01,2.03097477e+01
2.00000000e+01,2.00307902e+01,2.01244700e+01,2.03058352e+01
2.00000000e+01,2.00386393e+01,2.01515595e+01,2.03637764e+01
2.00000000e+01,2.00312126e+01,2.01258785e+01,2.03087538e+01
2.00000000e+01,2.00112574e+01,2.00524961e+01,2.01443832e+01
2.00000000e+01,2.00113454e+01,2.00527982e+01,2.01450032e+01
2.00000000e+01,2.00161064e+01,2.00713105e+01,2.01881995e+01
2.00000000e+01,2.00162908e+01,2.00719499e+01,2.01895467e+01
2.00000000e+01,2.00114138e+01,2.00530344e+01,2.01454911e+01
2.00000000e+01,2.00115086e+01,2.00533624e+01,2.01461706e+01
2.00000000e+01,2.00113234e+01,2.00527228e+01,2.01448492e+01
2.00000000e+01,2.00134170e+01,2.00609744e+01,2.01643003e+01
2.00000000e+01,2.00135466e+01,2.00614244e+01,2.01652433e+01
2.00000000e+01,2.00164338e+01,2.00724458e+01,2.01905926e+01
2.00000000e+01,2.00166305e+01,2.00731282e+01,2.01920330e+01
2.00000000e+01,2.00162440e+01,2.00717878e+01,2.01892052e+01
2.00000000e+01,2.00114846e+01,2.00532788e+01,2.01459964e+01
2.00000000e+01,2.00136469e+01,2.00617729e+01,2.01659746e+01
2.00000000e+01,2.00137854e+01,2.00622546e+01,2.01669869e+01
2.00000000e+01,2.00135137e+01,2.00613099e+01,2.01650032e+01
2.00000000e+01,2.00165807e+01,2.00729551e+01,2.01916673e+01
2.00000000e+01,2.00137503e+01,2.00621325e+01,2.01667302e+01
2.00000000e+01,2.00236331e+01,2.00992553e+01,2.02511899e+01
2.00000000e+01,2.00239902e+01,2.01004691e+01,2.02537310e+01
2.00000000e+01,2.00194560e+01,2.00839044e+01,2.02168488e+01
2.00000000e+01,2.00197138e+01,2.00847915e+01,2.02187162e+01
2.00000000e+01,2.00242661e+01,2.01014067e+01,2.02556936e+01
2.00000000e+01,2.00246465e+01,2.01026983e+01,2.02583965e+01
2.00000000e+01,2.00238993e+01,2.01001606e+01,2.02530857e+01
2.00000000e+01,2.00199134e+01,2.00854779e+01,2.02201609e+01
2.00000000e+01,2.00201881e+01,2.00864226e+01,2.02221501e+01
2.00000000e+01,2.00196484e+01,2.00845665e+01,2.02182425e+01
2.00000000e+01,2.00245502e+01,2.01023713e+01,2.02577120e+01
2.00000000e+01,2.00201184e+01,2.00861830e+01,2.02216457e+01
2.00000000e+01,2.00353760e+01,2.01408496e+01,2.03417957e+01
2.00000000e+01,2.00360533e+01,2.01430778e+01,2.03463743e+01
2.00000000e+01,2.00288483e+01,2.01179775e+01,2.02923648e+01
2.00000000e+01,2.00293394e+01,2.01196232e+01,2.02957826e+01
2.00000000e+01,2.00365733e+01,2.01447921e+01,2.03498998e+01
2.00000000e+01,2.00372957e+01,2.01471659e+01,2.03547744e+01
2.00000000e+01,2.00358785e+01,2.01425066e+01,2.03452040e+01
2.00000000e+01,2.00297199e+01,2.01208959e+01,2.02984238e+01
2.00000000e+01,2.00302450e+01,2.01226506e+01,2.03020636e+01
2.00000000e+01,2.00292150e+01,2.01192062e+01,2.02949165e+01
2.00000000e+01,2.00371145e+01,2.01465681e+01,2.03535447e+01
2.00000000e+01,2.00301115e+01,2.01222051e+01,2.03011399e+01
2.00000000e+01,2.00108711e+01,2.00511820e+01,2.01417157e+01
2.00000000e+01,2.00109422e+01,2.00514214e+01,2.01421961e+01
2.00000000e+01,2.00152786e+01,2.00684461e+01,2.01821809e+01
2.00000000e+01,2.00154310e+01,2.00689731e+01,2.01832862e+01
2.00000000e+01,2.00110726e+01,2.00518644e+01,2.01430927e+01
2.00000000e+01,2.00111530e+01,2.00521383e+01,2.01436505e+01
2.00000000e+01,2.00109241e+01,2.00513604e+01,2.01420733e+01
2.00000000e+01,2.00128411e+01,2.00589847e+01,2.01601561e+01
2.00000000e+01,2.00129470e+01,2.00593491e+01,2.01609113e+01
2.00000000e+01,2.00157154e+01,2.00699562e+01,2.01853495e+01
2.00000000e+01,2.00158850e+01,2.00705434e+01,2.01865846e+01
2.00000000e+01,2.00153923e+01,2.00688391e+01,2.01830051e+01
2.00000000e+01,2.00111326e+01,2.00520687e+01,2.01435086e+01
2.00000000e+01,2.00131433e+01,2.00600266e+01,2.01623206e+01
2.00000000e+01,2.00132619e+01,2.00604370e+01,2.01631766e+01
2.00000000e+01,2.00129201e+01,2.00592565e+01,2.01607192e+01
2.00000000e+01,2.00158420e+01,2.00703944e+01,2.01862711e+01
2.00000000e+01,2.00132318e+01,2.00603327e+01,2.01629590e+01
2.00000000e+01,2.00220323e+01,2.00938009e+01,2.02397656e+01
2.00000000e+01,2.00223292e+01,2.00948144e+01,2.02418899e+01
2.00000000e+01,2.00182995e+01,2.00799229e+01,2.02084745e+01
2.00000000e+01,2.00185137e+01,2.00806608e+01,2.02100260e+01
2.00000000e+01,2.00228767e+01,2.00966803e+01,2.02457972e+01
2.00000000e+01,2.00232053e+01,2.00977996e+01,2.02481421e+01
2.00000000e+01,2.00222536e+01,2.00945568e+01,2.02413499e+01
2.00000000e+01,2.00189088e+01,2.00820213e+01,2.02128867e+01
2.00000000e+01,2.00191462e+01,2.00828387e+01,2.02146067e+01
2.00000000e+01,2.00184593e+01,2.00804734e+01,2.02096320e+01
2.00000000e+01,2.00231220e+01,2.00975160e+01,2.02475479e+01
2.00000000e+01,2.00190860e+01,2.00826314e+01,2.02141704e+01
2.00000000e+01,2.00323738e+01,2.01309138e+01,2.03213189e+01
2.00000000e+01,2.00329308e+01,2.01327625e+01,2.03251347e+01
2.00000000e+01,2.00266541e+01,2.01105992e+01,2.02770176e+01
2.00000000e+01,2.00270615e+01,2.01119728e+01,2.02798782e+01
2.00000000e+01,2.00339513e+01,2.01361449e+01,2.03321105e+01
2.00000000e+01,2.00345692e+01,2.01381886e+01,2.03363210e+01
2.00000000e+01,2.00327883e+01,2.01322909e+01,2.03241623e+01
2.00000000e+01,2.00278093e+01,2.01144893e+01,2.02851143e+01
2.00000000e+01,2.00282609e+01,2.01160066e+01,2.02882694e+01
2.00000000e+01,2.00269580e+01,2.01116239e+01,2.02791517e+01
2.00000000e+01,2.00344129e+01,2.01376714e+01,2.03352551e+01
2.00000000e+01,2.00281463e+01,2.01156217e+01,2.02874693e+01
2.00000000e+01,2.00112574e+01,2.00524961e+01,2.01443832e+01
2.00000000e+01,2.00161064e+01,2.00713105e+01,2.01881995e+01
2.00000000e+01,2.00113234e+01,2.00527228e+01,2.01448492e+01
2.00000000e+01,2.00114138e+01,2.00530344e+01,2.01454911e+01
2.00000000e+01,2.00134170e+01,2.00609744e+01,2.01643003e+01
2.00000000e+01,2.00162440e+01,2.00717878e+01,2.01892053e+01
2.00000000e+01,2.00164338e+01,2.00724458e+01,2.01905926e+01
2.00000000e+01,2.00114846e+01,2.00532788e+01,2.01459964e+01
2.00000000e+01,2.00135137e+01,2.00613099e+01,2.01650032e+01
2.00000000e+01,2.00136469e+01,2.00617729e+01,2.01659746e+01
2.00000000e+01,2.00165807e+01,2.00729551e+01,2.01916673e+01
2.00000000e+01,2.00137503e+01,2.00621324e+01,2.01667302e+01
2.00000000e+01,2.00236331e+01,2.00992553e+01,2.02511899e+01
2.00000000e+01,2.00194560e+01,2.00839044e+01,2.02168488e+01
2.00000000e+01,2.00238993e+01,2.01001606e+01,2.02530857e+01
2.00000000e+01,2.00242661e+01,2.01014067e+01,2.02556936e+01
2.00000000e+01,2.00196484e+01,2.00845665e+01,2.02182426e+01
2.00000000e+01,2.00199134e+01,2.00854779e+01,2.02201609e+01
2.00000000e+01,2.00245502e+01,2.01023713e+01,2.02577120e+01
2.00000000e+01,2.00201184e+01,2.00861830e+01,2.02216457e+01
2.00000000e+01,2.00353760e+01,2.01408496e+01,2.03417957e+01
2.00000000e+01,2.00288483e+01,2.01179774e+01,2.02923648e+01
2.00000000e+01,2.00358785e+01,2.01425065e+01,2.03452040e+01
2.00000000e+01,2.00365734e+01,2.01447921e+01,2.03498998e+01
2.00000000e+01,2.00292150e+01,2.01192061e+01,2.02949165e+01
2.00000000e+01,2.00297199e+01,2.01208959e+01,2.02984238e+01
2.00000000e+01,2.00371145e+01,2.01465680e+01,2.03535447e+01
2.00000000e+01,2.00301115e+01,2.01222050e+01,2.03011399e+01
2.00000000e+01,2.00110144e+01,2.00516668e+01,2.01426928e+01
2.00000000e+01,2.00155925e+01,2.00695307e+01,2.01844554e+01
2.00000000e+01,2.00111523e+01,2.00521361e+01,2.01436464e+01
2.00000000e+01,2.00111523e+01,2.00521361e+01,2.01436464e+01
2.00000000e+01,2.00130575e+01,2.00597303e+01,2.01617038e+01
2.00000000e+01,2.00158852e+01,2.00705442e+01,2.01865860e+01
2.00000000e+01,2.00158852e+01,2.00705442e+01,2.01865860e+01
2.00000000e+01,2.00113009e+01,2.00526454e+01,2.01446896e+01
2.00000000e+01,2.00132619e+01,2.00604370e+01,2.01631767e+01
2.00000000e+01,2.00132619e+01,2.00604370e+01,2.01631767e+01
2.00000000e+01,2.00161979e+01,2.00716276e+01,2.01888674e+01
2.00000000e+01,2.00134810e+01,2.00611965e+01,2.01647655e+01
2.00000000e+01,2.00226380e+01,2.00958662e+01,2.02440915e+01
2.00000000e+01,2.00187368e+01,2.00814288e+01,2.02116400e+01
2.00000000e+01,2.00232050e+01,2.00977982e+01,2.02481385e+01
2.00000000e+01,2.00232050e+01,2.00977982e+01,2.02481385e+01
2.00000000e+01,2.00191466e+01,2.00828396e+01,2.02146079e+01
2.00000000e+01,2.00191466e+01,2.00828396e+01,2.02146079e+01
2.00000000e+01,2.00238097e+01,2.00998558e+01,2.02524472e+01
2.00000000e+01,2.00195836e+01,2.00843435e+01,2.02177730e+01
2.00000000e+01,2.00335025e+01,2.01346585e+01,2.03290460e+01
2.00000000e+01,2.00274813e+01,2.01133856e+01,2.02828181e+01
2.00000000e+01,2.00345677e+01,2.01381831e+01,2.03363088e+01
2.00000000e+01,2.00345677e+01,2.01381831e+01,2.03363088e+01
2.00000000e+01,2.00282598e+01,2.01160026e+01,2.02882608e+01
2.00000000e+01,2.00282598e+01,2.01160026e+01,2.02882608e+01
2.00000000e+01,2.00357089e+01,2.01419472e+01,2.03440533e+01
2.00000000e+01,2.00290911e+01,2.01187912e+01,2.02940548e+01
2.00000000e+01,2.00106778e+01,2.00505372e+01,2.01404372e+01
2.00000000e+01,2.00148559e+01,2.00669868e+01,2.01791275e+01
2.00000000e+01,2.00108526e+01,2.00511201e+01,2.01415921e+01
2.00000000e+01,2.00107868e+01,2.00508994e+01,2.01411517e+01
2.00000000e+01,2.00125494e+01,2.00579853e+01,2.01580960e+01
2.00000000e+01,2.00152439e+01,2.00683250e+01,2.01819257e+01
2.00000000e+01,2.00150962e+01,2.00678158e+01,2.01808605e+01
2.00000000e+01,2.00109772e+01,2.00515403e+01,2.01424363e+01
2.00000000e+01,2.00128150e+01,2.00588952e+01,2.01599713e+01
2.00000000e+01,2.00127148e+01,2.00585510e+01,2.01592598e+01
2.00000000e+01,2.00155123e+01,2.00692533e+01,2.01838728e+01
2.00000000e+01,2.00130015e+01,2.00595372e+01,2.01613023e+01
2.00000000e+01,2.00212055e+01,2.00909748e+01,2.02338410e+01
2.00000000e+01,2.00177035e+01,2.00778696e+01,2.02041610e+01
2.00000000e+01,2.00219608e+01,2.00935554e+01,2.02392489e+01
2.00000000e+01,2.00216761e+01,2.00925840e+01,2.02372145e+01
2.00000000e+01,2.00182472e+01,2.00797425e+01,2.02080951e+01
2.00000000e+01,2.00180426e+01,2.00790377e+01,2.02066142e+01
2.00000000e+01,2.00224827e+01,2.00953368e+01,2.02429822e+01
2.00000000e+01,2.00186241e+01,2.00810408e+01,2.02108244e+01
2.00000000e+01,2.00308285e+01,2.01257677e+01,2.03106794e+01
2.00000000e+01,2.00255201e+01,2.01067680e+01,2.02690317e+01
2.00000000e+01,2.00322345e+01,2.01304507e+01,2.03203621e+01
2.00000000e+01,2.00317071e+01,2.01286965e+01,2.03167377e+01
2.00000000e+01,2.00265525e+01,2.01102561e+01,2.02763026e+01
2.00000000e+01,2.00261654e+01,2.01089495e+01,2.02735802e+01
2.00000000e+01,2.00332116e+01,2.01336946e+01,2.03270583e+01
2.00000000e+01,2.00272683e+01,2.01126688e+01,2.02813265e+01
2.00000000e+01,2.00108711e+01,2.00511820e+01,2.01417157e+01
2.00000000e+01,2.00152786e+01,2.00684461e+01,2.01821809e+01
2.00000000e+01,2.00109241e+01,2.00513604e+01,2.01420734e+01
2.00000000e+01,2.00110726e+01,2.00518644e+01,2.01430927e+01
2.00000000e+01,2.00128411e+01,2.00589847e+01,2.01601561e+01
2.00000000e+01,2.00153923e+01,2.00688391e+01,2.01830051e+01
2.00000000e+01,2.00157154e+01,2.00699562e+01,2.01853495e+01
2.00000000e+01,2.00111326e+01,2.00520687e+01,2.01435086e+01
2.00000000e+01,2.00129201e+01,2.00592565e+01,2.01607192e+01
2.00000000e+01,2.00131433e+01,2.00600266e+01,2.01623206e+01
2.00000000e+01,2.00158420e+01,2.00703944e+01,2.01862712e+01
2.00000000e+01,2.00132318e+01,2.00603327e+01,2.01629590e+01
2.00000000e+01,2.00220323e+01,2.00938009e+01,2.02397657e+01
2.00000000e+01,2.00182995e+01,2.00799228e+01,2.02084745e+01
2.00000000e+01,2.00222536e+01,2.00945567e+01,2.02413499e+01
2.00000000e+01,2.00228767e+01,2.00966803e+01,2.02457972e+01
2.00000000e+01,2.00184593e+01,2.00804734e+01,2.02096320e+01
2.00000000e+01,2.00189088e+01,2.00820213e+01,2.02128868e+01
2.00000000e+01,2.00231220e+01,2.00975159e+01,2.02475479e+01
2.00000000e+01,2.00190860e+01,2.00826314e+01,2.02141705e+01
2.00000000e+01,2.00323738e+01,2.01309137e+01,2.03213190e+01
2.00000000e+01,2.00266541e+01,2.01105991e+01,2.02770176e+01
2.00000000e+01,2.00327883e+01,2.01322908e+01,2.03241624e+01
2.00000000e+01,2.00339513e+01,2.01361449e+01,2.03321105e+01
2.00000000e+01,2.00269580e+01,2.01116239e+01,2.02791517e+01
2.00000000e+01,2.00278093e+01,2.01144892e+01,2.02851143e+01
2.00000000e+01,2.00344129e+01,2.01376713e+01,2.03352551e+01
2.00000000e+01,2.00281463e+01,2.01156216e+01,2.02874693e+01
2.00000000e+01,2.00106778e+01,2.00505372e+01,2.01404372e+01
2.00000000e+01,2.00148559e+01,2.00669868e+01,2.01791276e+01
2.00000000e+01,2.00107868e+01,2.00508994e+01,2.01411518e+01
2.00000000e+01,2.00108526e+01,2.00511201e+01,2.01415921e+01
2.00000000e+01,2.00125494e+01,2.00579853e+01,2.01580960e+01
2.00000000e+01,2.00150962e+01,2.00678158e+01,2.01808605e+01
2.00000000e+01,2.00152439e+01,2.00683250e+01,2.01819257e+01
2.00000000e+01,2.00109772e+01,2.00515403e+01,2.01424363e+01
2.00000000e+01,2.00127148e+01,2.00585510e+01,2.01592598e+01
2.00000000e+01,2.00128150e+01,2.00588952e+01,2.01599713e+01
2.00000000e+01,2.00155123e+01,2.00692533e+01,2.01838728e+01
2.00000000e+01,2.00130015e+01,2.00595372e+01,2.01613023e+01
2.00000000e+01,2.00212055e+01,2.00909748e+01,2.02338410e+01
2.00000000e+01,2.00177035e+01,2.00778696e+01,2.02041610e+01
2.00000000e+01,2.00216761e+01,2.00925839e+01,2.02372145e+01
2.00000000e+01,2.00219608e+01,2.00935554e+01,2.02392489e+01
2.00000000e+01,2.00180426e+01,2.00790377e+01,2.02066142e+01
2.00000000e+01,2.00182472e+01,2.00797425e+01,2.02080951e+01
2.00000000e+01,2.00224827e+01,2.00953368e+01,2.02429823e+01
2.00000000e+01,2.00186241e+01,2.00810408e+01,2.02108244e+01
2.00000000e+01,2.00308285e+01,2.01257676e+01,2.03106795e+01
2.00000000e+01,2.00255202e+01,2.01067680e+01,2.02690318e+01
2.00000000e+01,2.00317071e+01,2.01286965e+01,2.03167378e+01
2.00000000e+01,2.00322345e+01,2.01304507e+01,2.03203621e+01
2.00000000e+01,2.00261654e+01,2.01089494e+01,2.02735802e+01
2.00000000e+01,2.00265525e+01,2.01102561e+01,2.02763026e+01
2.00000000e+01,2.00332116e+01,2.01336946e+01,2.03270583e+01
2.00000000e+01,2.00272683e+01,2.01126688e+01,2.02813266e+01
2.00000000e+01,2.00104178e+01,2.00496925e+01,2.01388165e+01
2.00000000e+01,2.00142566e+01,2.00649275e+01,2.01748450e+01
2.00000000e+01,2.00105512e+01,2.00501215e+01,2.01396287e+01
2.00000000e+01,2.00105512e+01,2.00501215e+01,2.01396286e+01
2.00000000e+01,2.00121447e+01,2.00566144e+01,2.01553081e+01
2.00000000e+01,2.00145707e+01,2.00660048e+01,2.01770803e+01
2.00000000e+01,2.00145707e+01,2.00660048e+01,2.01770803e+01
2.00000000e+01,2.00107072e+01,2.00506345e+01,2.01406279e+01
2.00000000e+01,2.00123543e+01,2.00573218e+01,2.01567399e+01
2.00000000e+01,2.00123543e+01,2.00573218e+01,2.01567399e+01
2.00000000e+01,2.00149249e+01,2.00672240e+01,2.01796216e+01
2.00000000e+01,2.00125946e+01,2.00581401e+01,2.01584143e+01
2.00000000e+01,2.00200188e+01,2.00869107e+01,2.02253203e+01
2.00000000e+01,2.00168529e+01,2.00749404e+01,2.01980200e+01
2.00000000e+01,2.00206433e+01,2.00890504e+01,2.02298059e+01
2.00000000e+01,2.00206433e+01,2.00890504e+01,2.02298059e+01
2.00000000e+01,2.00172987e+01,2.00764756e+01,2.02012364e+01
2.00000000e+01,2.00172987e+01,2.00764756e+01,2.02012364e+01
2.00000000e+01,2.00213380e+01,2.00914269e+01,2.02347870e+01
2.00000000e+01,2.00177976e+01,2.00781937e+01,2.02048416e+01
2.00000000e+01,2.00286172e+01,2.01183630e+01,2.02953274e+01
2.00000000e+01,2.00238938e+01,2.01012516e+01,2.02575131e+01
2.00000000e+01,2.00297798e+01,2.01222623e+01,2.03034185e+01
2.00000000e+01,2.00297798e+01,2.01222623e+01,2.03034185e+01
2.00000000e+01,2.00247489e+01,2.01041555e+01,2.02635800e+01
2.00000000e+01,2.00247489e+01,2.01041556e+01,2.02635800e+01
2.00000000e+01,2.00310715e+01,2.01265780e+01,2.03123560e+01
2.00000000e+01,2.00256987e+01,2.01073718e+01,2.02702910e+01
2.00000000e+01,2.00112574e+01,2.00524961e+01,2.01443832e+01
2.00000000e+01,2.00108711e+01,2.00511820e+01,2.01417157e+01
2.00000000e+01,2.00161064e+01,2.00713105e+01,2.01881995e+01
2.00000000e+01,2.00152786e+01,2.00684461e+01,2.01821809e+01
2.00000000e+01,2.00113234e+01,2.00527228e+01,2.01448492e+01
2.00000000e+01,2.00109241e+01,2.00513604e+01,2.01420734e+01
2.00000000e+01,2.00110726e+01,2.00518643e+01,2.01430927e+01
2.00000000e+01,2.00134170e+01,2.00609744e+01,2.01643003e+01
2.00000000e+01,2.00128411e+01,2.00589847e+01,2.01601561e+01
2.00000000e+01,2.00162440e+01,2.00717878e+01,2.01892052e+01
2.00000000e+01,2.00153923e+01,2.00688391e+01,2.01830051e+01
2.00000000e+01,2.00157154e+01,2.00699562e+01,2.01853495e+01
2.00000000e+01,2.00111326e+01,2.00520687e+01,2.01435086e+01
2.00000000e+01,2.00135137e+01,2.00613099e+01,2.01650031e+01
2.00000000e+01,2.00129201e+01,2.00592565e+01,2.01607192e+01
2.00000000e+01,2.00131433e+01,2.00600265e+01,2.01623206e+01
2.00000000e+01,2.00158419e+01,2.00703944e+01,2.01862711e+01
2.00000000e+01,2.00132318e+01,2.00603327e+01,2.01629590e+01
2.00000000e+01,2.00236331e+01,2.00992553e+01,2.02511899e+01
2.00000000e+01,2.00220322e+01,2.00938009e+01,2.02397656e+01
2.00000000e+01,2.00194559e+01,2.00839044e+01,2.02168488e+01
2.00000000e+01,2.00182994e+01,2.00799228e+01,2.02084745e+01
2.00000000e+01,2.00238993e+01,2.01001606e+01,2.02530857e+01
2.00000000e+01,2.00222536e+01,2.00945567e+01,2.02413499e+01
2.00000000e+01,2.00228767e+01,2.00966803e+01,2.02457972e+01
2.00000000e+01,2.00196484e+01,2.00845665e+01,2.02182425e+01
2.00000000e+01,2.00184593e+01,2.00804734e+01,2.02096320e+01
2.00000000e+01,2.00189088e+01,2.00820213e+01,2.02128867e+01
2.00000000e+01,2.00231220e+01,2.00975160e+01,2.02475478e+01
2.00000000e+01,2.00190860e+01,2.00826314e+01,2.02141704e+01
2.00000000e+01,2.00353759e+01,2.01408496e+01,2.03417957e+01
2.00000000e+01,2.00323737e+01,2.01309137e+01,2.03213189e+01
2.00000000e+01,2.00288483e+01,2.01179775e+01,2.02923648e+01
2.00000000e+01,2.00266541e+01,2.01105991e+01,2.02770175e+01
2.00000000e+01,2.00358785e+01,2.01425066e+01,2.03452040e+01
2.00000000e+01,2.00327882e+01,2.01322908e+01,2.03241623e+01
2.00000000e+01,2.00339512e+01,2.01361449e+01,2.03321105e+01
2.00000000e+01,2.00292150e+01,2.01192062e+01,2.02949165e+01
2.00000000e+01,2.00269580e+01,2.01116239e+01,2.02791517e+01
2.00000000e+01,2.00278093e+01,2.01144892e+01,2.02851143e+01
2.00000000e+01,2.00344128e+01,2.01376714e+01,2.03352550e+01
2.00000000e+01,2.00281462e+01,2.01156216e+01,2.02874692e+01
2.00000000e+01,2.00110144e+01,2.00516668e+01,2.01426927e+01
2.00000000e+01,2.00106778e+01,2.00505372e+01,2.01404372e+01
2.00000000e+01,2.00155925e+01,2.00695307e+01,2.01844554e+01
2.00000000e+01,2.00148559e+01,2.00669868e+01,2.01791275e+01
2.00000000e+01,2.00111523e+01,2.00521361e+01,2.01436464e+01
2.00000000e+01,2.00107868e+01,2.00508993e+01,2.01411517e+01
2.00000000e+01,2.00108526e+01,2.00511200e+01,2.01415921e+01
2.00000000e+01,2.00130575e+01,2.00597302e+01,2.01617038e+01
2.00000000e+01,2.00125493e+01,2.00579852e+01,2.01580960e+01
2.00000000e+01,2.00158852e+01,2.00705441e+01,2.01865860e+01
2.00000000e+01,2.00150962e+01,2.00678158e+01,2.01808605e+01
2.00000000e+01,2.00152438e+01,2.00683250e+01,2.01819257e+01
2.00000000e+01,2.00109772e+01,2.00515403e+01,2.01424363e+01
2.00000000e+01,2.00132619e+01,2.00604370e+01,2.01631767e+01
2.00000000e+01,2.00127148e+01,2.00585509e+01,2.01592598e+01
2.00000000e+01,2.00128149e+01,2.00588951e+01,2.01599713e+01
2.00000000e+01,2.00155123e+01,2.00692533e+01,2.01838728e+01
2.00000000e+01,2.00130015e+01,2.00595371e+01,2.01613023e+01
2.00000000e+01,2.00226380e+01,2.00958662e+01,2.02440914e+01
2.00000000e+01,2.00212054e+01,2.00909748e+01,2.02338409e+01
2.00000000e+01,2.00187368e+01,2.00814288e+01,2.02116400e+01
2.00000000e+01,2.00177035e+01,2.00778696e+01,2.02041610e+01
2.00000000e+01,2.00232049e+01,2.00977982e+01,2.02481385e+01
2.00000000e+01,2.00216760e+01,2.00925839e+01,2.02372145e+01
2.00000000e+01,2.00219608e+01,2.00935554e+01,2.02392489e+01
2.00000000e+01,2.00191466e+01,2.00828396e+01,2.02146079e+01
2.00000000e+01,2.00180425e+01,2.00790377e+01,2.02066142e+01
2.00000000e+01,2.00182472e+01,2.00797425e+01,2.02080951e+01
2.00000000e+01,2.00224827e+01,2.00953368e+01,2.02429822e+01
2.00000000e+01,2.00186241e+01,2.00810408e+01,2.02108244e+01
2.00000000e+01,2.00335024e+01,2.01346585e+01,2.03290459e+01
2.00000000e+01,2.00308285e+01,2.01257676e+01,2.03106794e+01
2.00000000e+01,2.00274813e+01,2.01133856e+01,2.02828180e+01
2.00000000e+01,2.00255201e+01,2.01067680e+01,2.02690317e+01
2.00000000e+01,2.00345677e+01,2.01381831e+01,2.03363088e+01
2.00000000e+01,2.00317070e+01,2.01286964e+01,2.03167376e+01
2.00000000e+01,2.00322345e+01,2.01304507e+01,2.03203620e+01
2.00000000e+01,2.00282598e+01,2.01160026e+01,2.02882608e+01
2.00000000e+01,2.00261653e+01,2.01089494e+01,2.02735801e+01
2.00000000e+01,2.00265525e+01,2.01102561e+01,2.02763025e+01
2.00000000e+01,2.00332115e+01,2.01336946e+01,2.03270582e+01
2.00000000e+01,2.00272683e+01,2.01126688e+01,2.02813265e+01
2.00000000e+01,2.00106778e+01,2.00505372e+01,2.01404372e+01
2.00000000e+01,2.00104178e+01,2.00496925e+01,2.01388165e+01
2.00000000e+01,2.00148559e+01,2.00669868e+01,2.01791275e+01
2.00000000e+01,2.00142566e+01,2.00649275e+01,2.01748450e+01
2.00000000e+01,2.00108526e+01,2.00511200e+01,2.01415921e+01
2.00000000e+01,2.00105512e+01,2.00501215e+01,2.01396286e+01
2.00000000e+01,2.00105512e+01,2.00501215e+01,2.01396286e+01
2.00000000e+01,2.00125493e+01,2.00579852e+01,2.01580960e+01
2.00000000e+01,2.00121447e+01,2.00566144e+01,2.01553081e+01
2.00000000e+01,2.00152438e+01,2.00683250e+01,2.01819257e+01
2.00000000e+01,2.00145706e+01,2.00660048e+01,2.01770803e+01
2.00000000e+01,2.00145706e+01,2.00660048e+01,2.01770803e+01
2.00000000e+01,2.00107072e+01,2.00506345e+01,2.01406279e+01
2.00000000e+01,2.00128150e+01,2.00588951e+01,2.01599713e+01
2.00000000e+01,2.00123543e+01,2.00573218e+01,2.01567399e+01
2.00000000e+01,2.00123543e+01,2.00573218e+01,2.01567399e+01
2.00000000e+01,2.00149249e+01,2.00672240e+01,2.01796216e+01
2.00000000e+01,2.00125946e+01,2.00581401e+01,2.01584143e+01
2.00000000e+01,2.00212055e+01,2.00909748e+01,2.02338409e+01
2.00000000e+01,2.00200187e+01,2.00869107e+01,2.02253202e+01
2.00000000e+01,2.00177035e+01,2.00778696e+01,2.02041610e+01
2.00000000e+01,2.00168529e+01,2.00749404e+01,2.01980200e+01
2.00000000e+01,2.00219608e+01,2.00935554e+01,2.02392489e+01
2.00000000e+01,2.00206433e+01,2.00890504e+01,2.02298058e+01
2.00000000e+01,2.00206433e+01,2.00890504e+01,2.02298058e+01
2.00000000e+01,2.00182472e+01,2.00797425e+01,2.02080951e+01
2.00000000e+01,2.00172987e+01,2.00764755e+01,2.02012364e+01
2.00000000e+01,2.00172987e+01,2.00764755e+01,2.02012364e+01
2.00000000e+01,2.00213380e+01,2.00914269e+01,2.02347870e+01
2.00000000e+01,2.00177976e+01,2.00781937e+01,2.02048415e+01
2.00000000e+01,2.00308285e+01,2.01257677e+01,2.03106793e+01
2.00000000e+01,2.00286171e+01,2.01183630e+01,2.02953273e+01
2.00000000e+01,2.00255201e+01,2.01067680e+01,2.02690317e+01
2.00000000e+01,2.00238938e+01,2.01012516e+01,2.02575131e+01
2.00000000e+01,2.00322345e+01,2.01304507e+01,2.03203620e+01
2.00000000e+01,2.00297798e+01,2.01222622e+01,2.03034184e+01
2.00000000e+01,2.00297798e+01,2.01222622e+01,2.03034184e+01
2.00000000e+01,2.00265525e+01,2.01102561e+01,2.02763025e+01
2.00000000e+01,2.00247489e+01,2.01041555e+01,2.02635799e+01
2.00000000e+01,2.00247489e+01,2.01041555e+01,2.02635799e+01
2.00000000e+01,2.00310715e+01,2.01265780e+01,2.03123559e+01
2.00000000e+01,2.00256986e+01,2.01073718e+01,2.02702909e+01
2.00000000e+01,2.00115321e+01,2.00534433e+01,2.01463366e+01
2.00000000e+01,2.00166809e+01,2.00733026e+01,2.01924007e+01
2.00000000e+01,2.00116067e+01,2.00537028e+01,2.01468783e+01
2.00000000e+01,2.00114138e+01,2.00530343e+01,2.01454911e+01
2.00000000e+01,2.00138209e+01,2.00623783e+01,2.01672475e+01
2.00000000e+01,2.00168345e+01,2.00738359e+01,2.01935277e+01
2.00000000e+01,2.00164338e+01,2.00724458e+01,2.01905926e+01
2.00000000e+01,2.00114846e+01,2.00532788e+01,2.01459964e+01
2.00000000e+01,2.00139291e+01,2.00627552e+01,2.01680410e+01
2.00000000e+01,2.00136469e+01,2.00617729e+01,2.01659746e+01
2.00000000e+01,2.00165807e+01,2.00729551e+01,2.01916673e+01
2.00000000e+01,2.00137503e+01,2.00621324e+01,2.01667302e+01
2.00000000e+01,2.00247444e+01,2.01030296e+01,2.02590888e+01
2.00000000e+01,2.00202584e+01,2.00866642e+01,2.02226588e+01
2.00000000e+01,2.00250411e+01,2.01040368e+01,2.02611965e+01
2.00000000e+01,2.00242661e+01,2.01014067e+01,2.02556936e+01
2.00000000e+01,2.00204730e+01,2.00874016e+01,2.02242117e+01
2.00000000e+01,2.00199134e+01,2.00854779e+01,2.02201609e+01
2.00000000e+01,2.00245502e+01,2.01023713e+01,2.02577120e+01
2.00000000e+01,2.00201184e+01,2.00861830e+01,2.02216457e+01
2.00000000e+01,2.00374861e+01,2.01477842e+01,2.03560376e+01
2.00000000e+01,2.00303788e+01,2.01230982e+01,2.03029921e+01
2.00000000e+01,2.00380490e+01,2.01496344e+01,2.03598365e+01
2.00000000e+01,2.00365733e+01,2.01447921e+01,2.03498998e+01
2.00000000e+01,2.00307902e+01,2.01244700e+01,2.03058352e+01
2.00000000e+01,2.00297199e+01,2.01208959e+01,2.02984238e+01
2.00000000e+01,2.00371145e+01,2.01465681e+01,2.03535447e+01
2.00000000e+01,2.00301115e+01,2.01222050e+01,2.03011399e+01
2.00000000e+01,2.00112574e+01,2.00524961e+01,2.01443832e+01
2.00000000e+01,2.00161064e+01,2.00713105e+01,2.01881995e+01
2.00000000e+01,2.00114138e+01,2.00530343e+01,2.01454911e+01
2.00000000e+01,2.00111523e+01,2.00521361e+01,2.01436464e+01
2.00000000e+01,2.00134170e+01,2.00609744e+01,2.01643003e+01
2.00000000e+01,2.00164338e+01,2.00724458e+01,2.01905926e+01
2.00000000e+01,2.00158852e+01,2.00705441e+01,2.01865860e+01
2.00000000e+01,2.00113009e+01,2.00526454e+01,2.01446896e+01
2.00000000e+01,2.00136469e+01,2.00617729e+01,2.01659746e+01
2.00000000e+01,2.00132619e+01,2.00604370e+01,2.01631767e+01
2.00000000e+01,2.00161979e+01,2.00716276e+01,2.01888674e+01
2.00000000e+01,2.00134810e+01,2.00611965e+01,2.01647655e+01
2.00000000e+01,2.00236331e+01,2.00992553e+01,2.02511899e+01
2.00000000e+01,2.00194560e+01,2.00839044e+01,2.02168488e+01
2.00000000e+01,2.00242661e+01,2.01014067e+01,2.02556936e+01
2.00000000e+01,2.00232050e+01,2.00977982e+01,2.02481385e+01
2.00000000e+01,2.00199134e+01,2.00854779e+01,2.02201609e+01
2.00000000e+01,2.00191466e+01,2.00828396e+01,2.02146079e+01
2.00000000e+01,2.00238097e+01,2.00998558e+01,2.02524472e+01
2.00000000e+01,2.00195836e+01,2.00843436e+01,2.02177730e+01
2.00000000e+01,2.00353760e+01,2.01408496e+01,2.03417957e+01
2.00000000e+01,2.00288483e+01,2.01179775e+01,2.02923648e+01
2.00000000e+01,2.00365733e+01,2.01447922e+01,2.03498998e+01
2.00000000e+01,2.00345677e+01,2.01381831e+01,2.03363088e+01
2.00000000e+01,2.00297199e+01,2.01208959e+01,2.02984238e+01
2.00000000e+01,2.00282598e+01,2.01160026e+01,2.02882608e+01
2.00000000e+01,2.00357088e+01,2.01419472e+01,2.03440534e+01
2.00000000e+01,2.00290911e+01,2.01187912e+01,2.02940547e+01
2.00000000e+01,2.00108711e+01,2.00511820e+01,2.01417157e+01
2.00000000e+01,2.00152786e+01,2.00684461e+01,2.01821809e+01
2.00000000e+01,2.00110726e+01,2.00518643e+01,2.01430927e+01
2.00000000e+01,2.00107868e+01,2.00508993e+01,2.01411517e+01
2.00000000e+01,2.00128411e+01,2.00589847e+01,2.01601561e+01
2.00000000e+01,2.00157154e+01,2.00699562e+01,2.01853495e+01
2.00000000e+01,2.00150962e+01,2.00678158e+01,2.01808605e+01
2.00000000e+01,2.00109772e+01,2.00515402e+01,2.01424363e+01
2.00000000e+01,2.00131433e+01,2.00600266e+01,2.01623206e+01
2.00000000e+01,2.00127148e+01,2.00585510e+01,2.01592598e+01
2.00000000e+01,2.00155123e+01,2.00692533e+01,2.01838728e+01
2.00000000e+01,2.00130015e+01,2.00595371e+01,2.01613023e+01
2.00000000e+01,2.00220323e+01,2.00938009e+01,2.02397656e+01
2.00000000e+01,2.00182995e+01,2.00799229e+01,2.02084745e+01
2.00000000e+01,2.00228767e+01,2.00966803e+01,2.02457972e+01
2.00000000e+01,2.00216761e+01,2.00925840e+01,2.02372145e+01
2.00000000e+01,2.00189088e+01,2.00820213e+01,2.02128867e+01
2.00000000e+01,2.00180426e+01,2.00790377e+01,2.02066142e+01
2.00000000e+01,2.00224827e+01,2.00953368e+01,2.02429822e+01
2.00000000e+01,2.00186241e+01,2.00810408e+01,2.02108244e+01
2.00000000e+01,2.00323738e+01,2.01309138e+01,2.03213189e+01
2.00000000e+01,2.00266541e+01,2.01105992e+01,2.02770176e+01
2.00000000e+01,2.00339513e+01,2.01361450e+01,2.03321105e+01
2.00000000e+01,2.00317071e+01,2.01286965e+01,2.03167376e+01
2.00000000e+01,2.00278093e+01,2.01144893e+01,2.02851143e+01
2.00000000e+01,2.00261654e+01,2.01089495e+01,2.02735802e+01
2.00000000e+01,2.00332116e+01,2.01336946e+01,2.03270583e+01
2.00000000e+01,2.00272683e+01,2.01126688e+01,2.02813265e+01
2.00000000e+01,2.00116067e+01,2.00537028e+01,2.01468783e+01
2.00000000e+01,2.00168345e+01,2.00738359e+01,2.01935277e+01
2.00000000e+01,2.00116828e+01,2.00539660e+01,2.01474220e+01
2.00000000e+01,2.00139291e+01,2.00627552e+01,2.01680410e+01
2.00000000e+01,2.00169924e+01,2.00743837e+01,2.01946848e+01
2.00000000e+01,2.00140404e+01,2.00631436e+01,2.01688603e+01
2.00000000e+01,2.00250411e+01,2.01040368e+01,2.02611965e+01
2.00000000e+01,2.00204730e+01,2.00874016e+01,2.02242117e+01
2.00000000e+01,2.00253474e+01,2.01050737e+01,2.02633643e+01
2.00000000e+01,2.00206934e+01,2.00881590e+01,2.02258067e+01
2.00000000e+01,2.00380490e+01,2.01496344e+01,2.03598365e+01
2.00000000e+01,2.00307902e+01,2.01244700e+01,2.03058352e+01
2.00000000e+01,2.00386392e+01,2.01515596e+01,2.03637764e+01
2.00000000e+01,2.00312126e+01,2.01258785e+01,2.03087538e+01
2.00000000e+01,2.00113234e+01,2.00527228e+01,2.01448492e+01
2.00000000e+01,2.00162440e+01,2.00717878e+01,2.01892053e+01
2.00000000e+01,2.00114846e+01,2.00532788e+01,2.01459964e+01
2.00000000e+01,2.00135137e+01,2.00613099e+01,2.01650032e+01
2.00000000e+01,2.00165807e+01,2.00729551e+01,2.01916673e+01
2.00000000e+01,2.00137503e+01,2.00621324e+01,2.01667302e+01
2.00000000e+01,2.00238993e+01,2.01001607e+01,2.02530857e+01
2.00000000e+01,2.00196484e+01,2.00845665e+01,2.02182426e+01
2.00000000e+01,2.00245502e+01,2.01023713e+01,2.02577120e+01
2.00000000e+01,2.00201184e+01,2.00861830e+01,2.02216457e+01
2.00000000e+01,2.00358785e+01,2.01425066e+01,2.03452040e+01
2.00000000e+01,2.00292150e+01,2.01192062e+01,2.02949165e+01
2.00000000e+01,2.00371145e+01,2.01465681e+01,2.03535448e+01
2.00000000e+01,2.00301115e+01,2.01222051e+01,2.03011399e+01
2.00000000e+01,2.00109241e+01,2.00513604e+01,2.01420733e+01
2.00000000e+01,2.00153923e+01,2.00688391e+01,2.01830051e+01
2.00000000e+01,2.00111326e+01,2.00520687e+01,2.01435086e+01
2.00000000e+01,2.00129201e+01,2.00592565e+01,2.01607192e+01
2.00000000e+01,2.00158420e+01,2.00703944e+01,2.01862711e+01
2.00000000e+01,2.00132318e+01,2.00603327e+01,2.01629590e+01
2.00000000e+01,2.00222536e+01,2.00945568e+01,2.02413499e+01
2.00000000e+01,2.00184593e+01,2.00804735e+01,2.02096320e+01
2.00000000e+01,2.00231220e+01,2.00975160e+01,2.02475478e+01
2.00000000e+01,2.00190860e+01,2.00826314e+01,2.02141704e+01
2.00000000e+01,2.00327883e+01,2.01322909e+01,2.03241623e+01
2.00000000e+01,2.00269580e+01,2.01116239e+01,2.02791517e+01
2.00000000e+01,2.00344129e+01,2.01376714e+01,2.03352551e+01
2.00000000e+01,2.00281463e+01,2.01156217e+01,2.02874693e+01
2.00000000e+01,2.00538568e+01,2.02031426e+01,2.04727761e+01
2.00000000e+01,2.00482443e+01,2.01852364e+01,2.04366888e+01
2.00000000e+01,2.00435584e+01,2.01688238e+01,2.04011993e+01
2.00000000e+01,2.00394576e+01,2.01554867e+01,2.03740023e+01
2.00000000e+01,2.00511723e+01,2.01946084e+01,2.04556090e+01
2.00000000e+01,2.00490097e+01,2.01876921e+01,2.04416526e+01
2.00000000e+01,2.00548031e+01,2.02061495e+01,2.04788215e+01
2.00000000e+01,2.00416082e+01,2.01624972e+01,2.03883153e+01
2.00000000e+01,2.00400220e+01,2.01573299e+01,2.03777691e+01
2.00000000e+01,2.00442519e+01,2.01710653e+01,2.04057557e+01
2.00000000e+01,2.00520374e+01,2.01973644e+01,2.04611593e+01
2.00000000e+01,2.00422390e+01,2.01645468e+01,2.03924928e+01
2.00000000e+01,2.00832778e+01,2.02973043e+01,2.06637567e+01
2.00000000e+01,2.00726674e+01,2.02648270e+01,2.05999491e+01
2.00000000e+01,2.00668245e+01,2.02452765e+01,2.05591050e+01
2.00000000e+01,2.00591283e+01,2.02212067e+01,2.05111923e+01
2.00000000e+01,2.00781365e+01,2.02816532e+01,2.06330913e+01
2.00000000e+01,2.00740780e+01,2.02691837e+01,2.06085469e+01
2.00000000e+01,2.00850624e+01,2.03027620e+01,2.06744664e+01
2.00000000e+01,2.00631397e+01,2.02337890e+01,2.05362768e+01
2.00000000e+01,2.00601715e+01,2.02244874e+01,2.05177430e+01
2.00000000e+01,2.00681532e+01,2.02493932e+01,2.05672616e+01
2.00000000e+01,2.00797757e+01,2.02866614e+01,2.06429231e+01
2.00000000e+01,2.00643236e+01,2.02374879e+01,2.05436360e+01
2.00000000e+01,2.01307822e+01,2.04413768e+01,2.09455474e+01
2.00000000e+01,2.01103564e+01,2.03815702e+01,2.08311385e+01
2.00000000e+01,2.01040426e+01,2.03613483e+01,2.07903698e+01
2.00000000e+01,2.00894134e+01,2.03174867e+01,2.07052932e+01
2.00000000e+01,2.01206492e+01,2.04119702e+01,2.08895348e+01
2.00000000e+01,2.01129420e+01,2.03892745e+01,2.08459928e+01
2.00000000e+01,2.01340730e+01,2.04511183e+01,2.09642362e+01
2.00000000e+01,2.00969825e+01,2.03402508e+01,2.07495149e+01
2.00000000e+01,2.00913592e+01,2.03233593e+01,2.07167245e+01
2.00000000e+01,2.01066624e+01,2.03690960e+01,2.08053046e+01
2.00000000e+01,2.01238178e+01,2.04212318e+01,2.09072433e+01
2.00000000e+01,2.00992335e+01,2.03469935e+01,2.07625877e+01
2.00000000e+01,2.00579008e+01,2.02159000e+01,2.04983395e+01
2.00000000e+01,2.00464643e+01,2.01781974e+01,2.04202327e+01
2.00000000e+01,2.00561285e+01,2.02103400e+01,2.04872272e+01
2.00000000e+01,2.00589598e+01,2.02192666e+01,2.05051055e+01
2.00000000e+01,2.00452096e+01,2.01741560e+01,2.04120330e+01
2.00000000e+01,2.00472562e+01,2.01807353e+01,2.04253700e+01
2.00000000e+01,2.00571711e+01,2.02136215e+01,2.04937957e+01
2.00000000e+01,2.00459547e+01,2.01765567e+01,2.04169049e+01
2.00000000e+01,2.00912768e+01,2.03213591e+01,2.07106128e+01
2.00000000e+01,2.00724194e+01,2.02625813e+01,2.05933563e+01
2.00000000e+01,2.00876436e+01,2.03105761e+01,2.06897350e+01
2.00000000e+01,2.00931711e+01,2.03272700e+01,2.07223059e+01
2.00000000e+01,2.00699970e+01,2.02550973e+01,2.05785528e+01
2.00000000e+01,2.00740001e+01,2.02674013e+01,2.06028323e+01
2.00000000e+01,2.00897220e+01,2.03168106e+01,2.07018676e+01
2.00000000e+01,2.00714354e+01,2.02595403e+01,2.05873406e+01
2.00000000e+01,2.01475825e+01,2.04891641e+01,2.10357727e+01
2.00000000e+01,2.01150502e+01,2.03939206e+01,2.08531495e+01
2.00000000e+01,2.01392174e+01,2.04660544e+01,2.09927327e+01
2.00000000e+01,2.01500328e+01,2.04973193e+01,2.10520878e+01
2.00000000e+01,2.01103012e+01,2.03798484e+01,2.08260139e+01
2.00000000e+01,2.01184997e+01,2.04037902e+01,2.08718726e+01
2.00000000e+01,2.01435594e+01,2.04784486e+01,2.10162071e+01
2.00000000e+01,2.01131436e+01,2.03882407e+01,2.08421691e+01
2.00000000e+01,2.00594313e+01,2.02206373e+01,2.05077454e+01
2.00000000e+01,2.00475175e+01,2.01815823e+01,2.04270928e+01
2.00000000e+01,2.00589598e+01,2.02192667e+01,2.05051055e+01
2.00000000e+01,2.00604522e+01,2.02239913e+01,2.05145850e+01
2.00000000e+01,2.00472562e+01,2.01807354e+01,2.04253700e+01
2.00000000e+01,2.00483513e+01,2.01842396e+01,2.04324575e+01
2.00000000e+01,2.00601378e+01,2.02229213e+01,2.05123711e+01
2.00000000e+01,2.00480674e+01,2.01833383e+01,2.04306415e+01
2.00000000e+01,2.00947978e+01,2.03312868e+01,2.07293167e+01
2.00000000e+01,2.00744625e+01,2.02688912e+01,2.06058348e+01
2.00000000e+01,2.00931710e+01,2.03272699e+01,2.07223058e+01
2.00000000e+01,2.00958895e+01,2.03358259e+01,2.07393400e+01
2.00000000e+01,2.00740001e+01,2.02674013e+01,2.06028322e+01
2.00000000e+01,2.00761993e+01,2.02740895e+01,2.06159629e+01
2.00000000e+01,2.00957814e+01,2.03348362e+01,2.07367928e+01
2.00000000e+01,2.00755867e+01,2.02722828e+01,2.06124680e+01
2.00000000e+01,2.01594931e+01,2.05178731e+01,2.10847565e+01
2.00000000e+01,2.01189815e+01,2.04057640e+01,2.08761914e+01
2.00000000e+01,2.01500327e+01,2.04973193e+01,2.10520877e+01
2.00000000e+01,2.01529746e+01,2.05094974e+01,2.10790331e+01
2.00000000e+01,2.01184997e+01,2.04037903e+01,2.08718726e+01
2.00000000e+01,2.01234536e+01,2.04177572e+01,2.08981679e+01
2.00000000e+01,2.01572649e+01,2.05168673e+01,2.10882406e+01
2.00000000e+01,2.01216897e+01,2.04131991e+01,2.08899918e+01
2.00000000e+01,2.00503374e+01,2.01919409e+01,2.04502290e+01
2.00000000e+01,2.00454057e+01,2.01760989e+01,2.04181848e+01
2.00000000e+01,2.00409946e+01,2.01605012e+01,2.03842442e+01
2.00000000e+01,2.00373615e+01,2.01486185e+01,2.03599404e+01
2.00000000e+01,2.00479844e+01,2.01844054e+01,2.04350116e+01
2.00000000e+01,2.00470154e+01,2.01812885e+01,2.04287027e+01
2.00000000e+01,2.00523296e+01,2.01982951e+01,2.04630323e+01
2.00000000e+01,2.00392683e+01,2.01548683e+01,2.03727378e+01
2.00000000e+01,2.00385524e+01,2.01525252e+01,2.03679439e+01
2.00000000e+01,2.00424515e+01,2.01652364e+01,2.03938971e+01
2.00000000e+01,2.00497941e+01,2.01902052e+01,2.04467287e+01
2.00000000e+01,2.00405984e+01,2.01592101e+01,2.03816090e+01
2.00000000e+01,2.00765816e+01,2.02768748e+01,2.06236841e+01
2.00000000e+01,2.00674638e+01,2.02487097e+01,2.05680872e+01
2.00000000e+01,2.00619936e+01,2.02302033e+01,2.05291369e+01
2.00000000e+01,2.00552896e+01,2.02090778e+01,2.04869154e+01
2.00000000e+01,2.00721912e+01,2.02633675e+01,2.05970783e+01
2.00000000e+01,2.00704001e+01,2.02578248e+01,2.05861270e+01
2.00000000e+01,2.00803372e+01,2.02883761e+01,2.06462849e+01
2.00000000e+01,2.00587887e+01,2.02201349e+01,2.05090473e+01
2.00000000e+01,2.00574647e+01,2.02159605e+01,2.05007028e+01
2.00000000e+01,2.00647299e+01,2.02387537e+01,2.05461498e+01
2.00000000e+01,2.00755538e+01,2.02737256e+01,2.06174950e+01
2.00000000e+01,2.00612532e+01,2.02278819e+01,2.05245102e+01
2.00000000e+01,2.01177513e+01,2.04033999e+01,2.08730592e+01
2.00000000e+01,2.01007080e+01,2.03529138e+01,2.07759429e+01
2.00000000e+01,2.00948157e+01,2.03337518e+01,2.07369035e+01
2.00000000e+01,2.00823667e+01,2.02960860e+01,2.06635076e+01
2.00000000e+01,2.01094335e+01,2.03788824e+01,2.08260112e+01
2.00000000e+01,2.01060840e+01,2.03689449e+01,2.08068794e+01
2.00000000e+01,2.01249077e+01,2.04244199e+01,2.09133281e+01
2.00000000e+01,2.00888148e+01,2.03156582e+01,2.07017078e+01
2.00000000e+01,2.00863442e+01,2.03081854e+01,2.06871521e+01
2.00000000e+01,2.01000257e+01,2.03493534e+01,2.07671495e+01
2.00000000e+01,2.01157488e+01,2.03975362e+01,2.08618446e+01
2.00000000e+01,2.00934173e+01,2.03295455e+01,2.07287325e+01
2.00000000e+01,2.00538568e+01,2.02031426e+01,2.04727761e+01
2.00000000e+01,2.00435584e+01,2.01688238e+01,2.04011993e+01
2.00000000e+01,2.00523296e+01,2.01982951e+01,2.04630323e+01
2.00000000e+01,2.00561285e+01,2.02103400e+01,2.04872272e+01
2.00000000e+01,2.00424515e+01,2.01652364e+01,2.03938971e+01
2.00000000e+01,2.00452096e+01,2.01741560e+01,2.04120329e+01
2.00000000e+01,2.00544848e+01,2.02051375e+01,2.04767865e+01
2.00000000e+01,2.00440174e+01,2.01703078e+01,2.04042162e+01
2.00000000e+01,2.00832778e+01,2.02973044e+01,2.06637568e+01
2.00000000e+01,2.00668245e+01,2.02452766e+01,2.05591050e+01
2.00000000e+01,2.00803371e+01,2.02883762e+01,2.06462849e+01
2.00000000e+01,2.00876436e+01,2.03105762e+01,2.06897350e+01
2.00000000e+01,2.00647299e+01,2.02387537e+01,2.05461499e+01
2.00000000e+01,2.00699970e+01,2.02550973e+01,2.05785528e+01
2.00000000e+01,2.00844678e+01,2.03009422e+01,2.06708958e+01
2.00000000e+01,2.00677043e+01,2.02480037e+01,2.05645092e+01
2.00000000e+01,2.01307823e+01,2.04413775e+01,2.09455481e+01
2.00000000e+01,2.01040426e+01,2.03613485e+01,2.07903700e+01
2.00000000e+01,2.01249077e+01,2.04244201e+01,2.09133284e+01
2.00000000e+01,2.01392175e+01,2.04660547e+01,2.09927329e+01
2.00000000e+01,2.01000257e+01,2.03493535e+01,2.07671496e+01
2.00000000e+01,2.01103013e+01,2.03798486e+01,2.08260141e+01
2.00000000e+01,2.01329808e+01,2.04479019e+01,2.09581039e+01
2.00000000e+01,2.01057770e+01,2.03664781e+01,2.08002558e+01
2.00000000e+01,2.00551567e+01,2.02072378e+01,2.04809778e+01
2.00000000e+01,2.00444854e+01,2.01718227e+01,2.04072973e+01
2.00000000e+01,2.00548032e+01,2.02061495e+01,2.04788215e+01
2.00000000e+01,2.00575017e+01,2.02146884e+01,2.04959546e+01
2.00000000e+01,2.00442519e+01,2.01710653e+01,2.04057557e+01
2.00000000e+01,2.00462112e+01,2.01773793e+01,2.04185704e+01
2.00000000e+01,2.00571711e+01,2.02136216e+01,2.04937957e+01
2.00000000e+01,2.00459547e+01,2.01765568e+01,2.04169049e+01
2.00000000e+01,2.00859215e+01,2.03051442e+01,2.06789205e+01
2.00000000e+01,2.00685838e+01,2.02507503e+01,2.05699708e+01
2.00000000e+01,2.00850624e+01,2.03027621e+01,2.06744664e+01
2.00000000e+01,2.00902299e+01,2.03185203e+01,2.07053649e+01
2.00000000e+01,2.00681532e+01,2.02493933e+01,2.05672617e+01
2.00000000e+01,2.00719489e+01,2.02611021e+01,2.05904073e+01
2.00000000e+01,2.00897220e+01,2.03168108e+01,2.07018677e+01
2.00000000e+01,2.00714354e+01,2.02595404e+01,2.05873407e+01
2.00000000e+01,2.01371625e+01,2.04585675e+01,2.09770229e+01
2.00000000e+01,2.01073659e+01,2.03713469e+01,2.08098000e+01
2.00000000e+01,2.01340731e+01,2.04511190e+01,2.09642370e+01
2.00000000e+01,2.01434855e+01,2.04794096e+01,2.10191309e+01
2.00000000e+01,2.01066625e+01,2.03690964e+01,2.08053050e+01
2.00000000e+01,2.01143019e+01,2.03914951e+01,2.08482810e+01
2.00000000e+01,2.01435595e+01,2.04784491e+01,2.10162075e+01
2.00000000e+01,2.01131437e+01,2.03882409e+01,2.08421693e+01
2.00000000e+01,2.00454057e+01,2.01760989e+01,2.04181848e+01
2.00000000e+01,2.00413932e+01,2.01630789e+01,2.03917015e+01
2.00000000e+01,2.00373615e+01,2.01486185e+01,2.03599404e+01
2.00000000e+01,2.00343757e+01,2.01387693e+01,2.03397018e+01
2.00000000e+01,2.00434942e+01,2.01699135e+01,2.04056232e+01
2.00000000e+01,2.00434942e+01,2.01699135e+01,2.04056231e+01
2.00000000e+01,2.00479844e+01,2.01844054e+01,2.04350116e+01
2.00000000e+01,2.00359438e+01,2.01439521e+01,2.03503630e+01
2.00000000e+01,2.00359438e+01,2.01439521e+01,2.03503630e+01
2.00000000e+01,2.00392683e+01,2.01548683e+01,2.03727378e+01
2.00000000e+01,2.00458461e+01,2.01775230e+01,2.04210761e+01
2.00000000e+01,2.00376904e+01,2.01496986e+01,2.03621543e+01
2.00000000e+01,2.00674638e+01,2.02487098e+01,2.05680871e+01
2.00000000e+01,2.00602611e+01,2.02261711e+01,2.05232827e+01
2.00000000e+01,2.00552896e+01,2.02090777e+01,2.04869154e+01
2.00000000e+01,2.00499054e+01,2.01919163e+01,2.04523997e+01
2.00000000e+01,2.00640066e+01,2.02379304e+01,2.05467023e+01
2.00000000e+01,2.00640066e+01,2.02379305e+01,2.05467023e+01
2.00000000e+01,2.00721912e+01,2.02633675e+01,2.05970782e+01
2.00000000e+01,2.00527212e+01,2.02009138e+01,2.04705209e+01
2.00000000e+01,2.00527212e+01,2.02009137e+01,2.04705209e+01
2.00000000e+01,2.00587887e+01,2.02201349e+01,2.05090472e+01
2.00000000e+01,2.00682632e+01,2.02512030e+01,2.05730349e+01
2.00000000e+01,2.00558932e+01,2.02109891e+01,2.04907448e+01
2.00000000e+01,2.01007082e+01,2.03529141e+01,2.07759432e+01
2.00000000e+01,2.00877982e+01,2.03140760e+01,2.07006502e+01
2.00000000e+01,2.00823667e+01,2.02960860e+01,2.06635075e+01
2.00000000e+01,2.00727227e+01,2.02664905e+01,2.06054021e+01
2.00000000e+01,2.00944368e+01,2.03341281e+01,2.07396070e+01
2.00000000e+01,2.00944368e+01,2.03341281e+01,2.07396071e+01
2.00000000e+01,2.01094335e+01,2.03788825e+01,2.08260113e+01
2.00000000e+01,2.00777289e+01,2.02819006e+01,2.06357067e+01
2.00000000e+01,2.00777289e+01,2.02819006e+01,2.06357067e+01
2.00000000e+01,2.00888147e+01,2.03156582e+01,2.07017077e+01
2.00000000e+01,2.01021566e+01,2.03572522e+01,2.07843361e+01
2.00000000e+01,2.00834815e+01,2.02994737e+01,2.06701210e+01
2.00000000e+01,2.00482443e+01,2.01852365e+01,2.04366888e+01
2.00000000e+01,2.00394576e+01,2.01554868e+01,2.03740022e+01
2.00000000e+01,2.00470154e+01,2.01812886e+01,2.04287027e+01
2.00000000e+01,2.00511723e+01,2.01946085e+01,2.04556090e+01
2.00000000e+01,2.00385524e+01,2.01525252e+01,2.03679438e+01
2.00000000e+01,2.00416082e+01,2.01624972e+01,2.03883153e+01
2.00000000e+01,2.00497941e+01,2.01902052e+01,2.04467286e+01
2.00000000e+01,2.00405984e+01,2.01592101e+01,2.03816090e+01
2.00000000e+01,2.00726674e+01,2.02648271e+01,2.05999491e+01
2.00000000e+01,2.00591283e+01,2.02212068e+01,2.05111923e+01
2.00000000e+01,2.00704001e+01,2.02578248e+01,2.05861270e+01
2.00000000e+01,2.00781365e+01,2.02816533e+01,2.06330913e+01
2.00000000e+01,2.00574647e+01,2.02159605e+01,2.05007027e+01
2.00000000e+01,2.00631397e+01,2.02337891e+01,2.05362768e+01
2.00000000e+01,2.00755537e+01,2.02737256e+01,2.06174949e+01
2.00000000e+01,2.00612532e+01,2.02278820e+01,2.05245102e+01
2.00000000e+01,2.01103566e+01,2.03815709e+01,2.08311392e+01
2.00000000e+01,2.00894135e+01,2.03174870e+01,2.07052933e+01
2.00000000e+01,2.01060841e+01,2.03689453e+01,2.08068797e+01
2.00000000e+01,2.01206494e+01,2.04119706e+01,2.08895352e+01
2.00000000e+01,2.00863443e+01,2.03081856e+01,2.06871522e+01
2.00000000e+01,2.00969825e+01,2.03402510e+01,2.07495150e+01
2.00000000e+01,2.01157489e+01,2.03975366e+01,2.08618450e+01
2.00000000e+01,2.00934173e+01,2.03295457e+01,2.07287326e+01
2.00000000e+01,2.00492782e+01,2.01885450e+01,2.04433686e+01
2.00000000e+01,2.00402139e+01,2.01579569e+01,2.03790504e+01
2.00000000e+01,2.00490097e+01,2.01876922e+01,2.04416526e+01
2.00000000e+01,2.00523261e+01,2.01982902e+01,2.04630284e+01
2.00000000e+01,2.00400220e+01,2.01573300e+01,2.03777691e+01
2.00000000e+01,2.00424545e+01,2.01652455e+01,2.03939153e+01
2.00000000e+01,2.00520374e+01,2.01973645e+01,2.04611593e+01
2.00000000e+01,2.00422390e+01,2.01645469e+01,2.03924928e+01
2.00000000e+01,2.00746119e+01,2.02707807e+01,2.06116517e+01
2.00000000e+01,2.00605230e+01,2.02255970e+01,2.05199614e+01
2.00000000e+01,2.00740780e+01,2.02691840e+01,2.06085470e+01
2.00000000e+01,2.00802886e+01,2.02882719e+01,2.06461230e+01
2.00000000e+01,2.00601715e+01,2.02244876e+01,2.05177430e+01
2.00000000e+01,2.00647333e+01,2.02387607e+01,2.05461613e+01
2.00000000e+01,2.00797757e+01,2.02866615e+01,2.06429232e+01
2.00000000e+01,2.00643236e+01,2.02374881e+01,2.05436360e+01
2.00000000e+01,2.01143113e+01,2.03929340e+01,2.08526776e+01
2.00000000e+01,2.00920033e+01,2.03253212e+01,2.07205586e+01
2.00000000e+01,2.01129421e+01,2.03892752e+01,2.08459935e+01
2.00000000e+01,2.01245492e+01,2.04236505e+01,2.09121203e+01
2.00000000e+01,2.00913593e+01,2.03233598e+01,2.07167249e+01
2.00000000e+01,2.01000472e+01,2.03493899e+01,2.07671962e+01
2.00000000e+01,2.01238180e+01,2.04212326e+01,2.09072442e+01
2.00000000e+01,2.00992336e+01,2.03469939e+01,2.07625880e+01
2.00000000e+01,2.00538568e+01,2.02031426e+01,2.04727761e+01
2.00000000e+01,2.00482443e+01,2.01852365e+01,2.04366888e+01
2.00000000e+01,2.00435584e+01,2.01688238e+01,2.04011992e+01
2.00000000e+01,2.00394576e+01,2.01554868e+01,2.03740022e+01
2.00000000e+01,2.00548031e+01,2.02061496e+01,2.04788215e+01
2.00000000e+01,2.00511723e+01,2.01946085e+01,2.04556090e+01
2.00000000e+01,2.00490097e+01,2.01876922e+01,2.04416526e+01
2.00000000e+01,2.00442519e+01,2.01710653e+01,2.04057557e+01
2.00000000e+01,2.00416082e+01,2.01624973e+01,2.03883152e+01
2.00000000e+01,2.00400220e+01,2.01573300e+01,2.03777691e+01
2.00000000e+01,2.00520374e+01,2.01973645e+01,2.04611593e+01
2.00000000e+01,2.00422390e+01,2.01645469e+01,2.03924928e+01
2.00000000e+01,2.00832778e+01,2.02973045e+01,2.06637568e+01
2.00000000e+01,2.00726674e+01,2.02648272e+01,2.05999492e+01
2.00000000e+01,2.00668245e+01,2.02452767e+01,2.05591050e+01
2.00000000e+01,2.00591283e+01,2.02212069e+01,2.05111923e+01
2.00000000e+01,2.00850624e+01,2.03027622e+01,2.06744665e+01
2.00000000e+01,2.00781366e+01,2.02816534e+01,2.06330915e+01
2.00000000e+01,2.00740780e+01,2.02691840e+01,2.06085471e+01
2.00000000e+01,2.00681532e+01,2.02493934e+01,2.05672617e+01
2.00000000e+01,2.00631397e+01,2.02337892e+01,2.05362769e+01
2.00000000e+01,2.00601715e+01,2.02244876e+01,2.05177430e+01
2.00000000e+01,2.00797757e+01,2.02866617e+01,2.06429233e+01
2.00000000e+01,2.00643236e+01,2.02374881e+01,2.05436360e+01
2.00000000e+01,2.01307822e+01,2.04413776e+01,2.09455481e+01
2.00000000e+01,2.01103566e+01,2.03815712e+01,2.08311393e+01
2.00000000e+01,2.01040426e+01,2.03613486e+01,2.07903700e+01
2.00000000e+01,2.00894135e+01,2.03174871e+01,2.07052934e+01
2.00000000e+01,2.01340731e+01,2.04511192e+01,2.09642370e+01
2.00000000e+01,2.01206493e+01,2.04119709e+01,2.08895353e+01
2.00000000e+01,2.01129421e+01,2.03892753e+01,2.08459935e+01
2.00000000e+01,2.01066624e+01,2.03690964e+01,2.08053049e+01
2.00000000e+01,2.00969825e+01,2.03402513e+01,2.07495152e+01
2.00000000e+01,2.00913593e+01,2.03233599e+01,2.07167249e+01
2.00000000e+01,2.01238180e+01,2.04212327e+01,2.09072442e+01
2.00000000e+01,2.00992336e+01,2.03469940e+01,2.07625881e+01
2.00000000e+01,2.00503373e+01,2.01919410e+01,2.04502289e+01
2.00000000e+01,2.00454056e+01,2.01760989e+01,2.04181848e+01
2.00000000e+01,2.00409946e+01,2.01605011e+01,2.03842441e+01
2.00000000e+01,2.00373615e+01,2.01486185e+01,2.03599403e+01
2.00000000e+01,2.00523296e+01,2.01982951e+01,2.04630322e+01
2.00000000e+01,2.00479844e+01,2.01844054e+01,2.04350116e+01
2.00000000e+01,2.00470154e+01,2.01812886e+01,2.04287027e+01
2.00000000e+01,2.00424515e+01,2.01652364e+01,2.03938970e+01
2.00000000e+01,2.00392683e+01,2.01548683e+01,2.03727377e+01
2.00000000e+01,2.00385524e+01,2.01525253e+01,2.03679438e+01
2.00000000e+01,2.00497941e+01,2.01902053e+01,2.04467286e+01
2.00000000e+01,2.00405983e+01,2.01592101e+01,2.03816089e+01
2.00000000e+01,2.00765816e+01,2.02768749e+01,2.06236840e+01
2.00000000e+01,2.00674637e+01,2.02487099e+01,2.05680872e+01
2.00000000e+01,2.00619934e+01,2.02302033e+01,2.05291369e+01
2.00000000e+01,2.00552895e+01,2.02090778e+01,2.04869153e+01
2.00000000e+01,2.00803371e+01,2.02883763e+01,2.06462848e+01
2.00000000e+01,2.00721912e+01,2.02633676e+01,2.05970783e+01
2.00000000e+01,2.00704001e+01,2.02578250e+01,2.05861270e+01
2.00000000e+01,2.00647299e+01,2.02387538e+01,2.05461499e+01
2.00000000e+01,2.00587887e+01,2.02201351e+01,2.05090472e+01
2.00000000e+01,2.00574647e+01,2.02159606e+01,2.05007027e+01
2.00000000e+01,2.00755537e+01,2.02737258e+01,2.06174950e+01
2.00000000e+01,2.00612532e+01,2.02278821e+01,2.05245102e+01
2.00000000e+01,2.01177511e+01,2.04034001e+01,2.08730591e+01
2.00000000e+01,2.01007081e+01,2.03529144e+01,2.07759433e+01
2.00000000e+01,2.00948156e+01,2.03337518e+01,2.07369033e+01
2.00000000e+01,2.00823666e+01,2.02960863e+01,2.06635077e+01
2.00000000e+01,2.01249076e+01,2.04244204e+01,2.09133285e+01
2.00000000e+01,2.01094334e+01,2.03788828e+01,2.08260113e+01
2.00000000e+01,2.01060841e+01,2.03689456e+01,2.08068799e+01
2.00000000e+01,2.01000257e+01,2.03493536e+01,2.07671495e+01
2.00000000e+01,2.00888147e+01,2.03156584e+01,2.07017078e+01
2.00000000e+01,2.00863442e+01,2.03081858e+01,2.06871523e+01
2.00000000e+01,2.01157488e+01,2.03975368e+01,2.08618450e+01
2.00000000e+01,2.00934172e+01,2.03295459e+01,2.07287326e+01
2.00000000e+01,2.00454056e+01,2.01760989e+01,2.04181847e+01
2.00000000e+01,2.00413931e+01,2.01630789e+01,2.03917014e+01
2.00000000e+01,2.00373614e+01,2.01486185e+01,2.03599403e+01
2.00000000e+01,2.00343757e+01,2.01387693e+01,2.03397018e+01
2.00000000e+01,2.00479844e+01,2.01844054e+01,2.04350116e+01
2.00000000e+01,2.00434942e+01,2.01699136e+01,2.04056231e+01
2.00000000e+01,2.00434942e+01,2.01699136e+01,2.04056231e+01
2.00000000e+01,2.00392683e+01,2.01548683e+01,2.03727377e+01
2.00000000e+01,2.00359438e+01,2.01439521e+01,2.03503629e+01
2.00000000e+01,2.00359438e+01,2.01439521e+01,2.03503629e+01
2.00000000e+01,2.00458460e+01,2.01775230e+01,2.04210761e+01
2.00000000e+01,2.00376903e+01,2.01496986e+01,2.03621542e+01
2.00000000e+01,2.00674636e+01,2.02487098e+01,2.05680870e+01
2.00000000e+01,2.00602610e+01,2.02261712e+01,2.05232826e+01
2.00000000e+01,2.00552895e+01,2.02090778e+01,2.04869153e+01
2.00000000e+01,2.00499053e+01,2.01919163e+01,2.04523996e+01
2.00000000e+01,2.00721911e+01,2.02633676e+01,2.05970782e+01
2.00000000e+01,2.00640065e+01,2.02379305e+01,2.05467022e+01
2.00000000e+01,2.00640065e+01,2.02379306e+01,2.05467022e+01
2.00000000e+01,2.00587886e+01,2.02201350e+01,2.05090472e+01
2.00000000e+01,2.00527211e+01,2.02009138e+01,2.04705208e+01
2.00000000e+01,2.00527211e+01,2.02009138e+01,2.04705208e+01
2.00000000e+01,2.00682631e+01,2.02512031e+01,2.05730349e+01
2.00000000e+01,2.00558931e+01,2.02109891e+01,2.04907448e+01
2.00000000e+01,2.01007078e+01,2.03529141e+01,2.07759428e+01
2.00000000e+01,2.00877981e+01,2.03140763e+01,2.07006502e+01
2.00000000e+01,2.00823665e+01,2.02960861e+01,2.06635074e+01
2.00000000e+01,2.00727225e+01,2.02664906e+01,2.06054020e+01
2.00000000e+01,2.01094333e+01,2.03788826e+01,2.08260110e+01
2.00000000e+01,2.00944366e+01,2.03341283e+01,2.07396069e+01
2.00000000e+01,2.00944366e+01,2.03341283e+01,2.07396070e+01
2.00000000e+01,2.00888146e+01,2.03156583e+01,2.07017076e+01
2.00000000e+01,2.00777288e+01,2.02819007e+01,2.06357066e+01
2.00000000e+01,2.00777288e+01,2.02819007e+01,2.06357067e+01
2.00000000e+01,2.01021565e+01,2.03572524e+01,2.07843360e+01
2.00000000e+01,2.00834814e+01,2.02994738e+01,2.06701209e+01
2.00000000e+01,2.00579007e+01,2.02159000e+01,2.04983395e+01
2.00000000e+01,2.00464643e+01,2.01781974e+01,2.04202327e+01
2.00000000e+01,2.00589598e+01,2.02192666e+01,2.05051055e+01
2.00000000e+01,2.00561285e+01,2.02103401e+01,2.04872272e+01
2.00000000e+01,2.00472562e+01,2.01807353e+01,2.04253699e+01
2.00000000e+01,2.00452096e+01,2.01741560e+01,2.04120329e+01
2.00000000e+01,2.00571711e+01,2.02136216e+01,2.04937957e+01
2.00000000e+01,2.00459547e+01,2.01765568e+01,2.04169049e+01
2.00000000e+01,2.00912767e+01,2.03213591e+01,2.07106127e+01
2.00000000e+01,2.00724193e+01,2.02625814e+01,2.05933563e+01
2.00000000e+01,2.00931710e+01,2.03272700e+01,2.07223059e+01
2.00000000e+01,2.00876436e+01,2.03105762e+01,2.06897350e+01
2.00000000e+01,2.00740001e+01,2.02674014e+01,2.06028323e+01
2.00000000e+01,2.00699970e+01,2.02550974e+01,2.05785528e+01
2.00000000e+01,2.00897220e+01,2.03168108e+01,2.07018676e+01
2.00000000e+01,2.00714354e+01,2.02595404e+01,2.05873407e+01
2.00000000e+01,2.01475824e+01,2.04891641e+01,2.10357725e+01
2.00000000e+01,2.01150502e+01,2.03939207e+01,2.08531494e+01
2.00000000e+01,2.01500329e+01,2.04973199e+01,2.10520882e+01
2.00000000e+01,2.01392174e+01,2.04660548e+01,2.09927329e+01
2.00000000e+01,2.01184996e+01,2.04037903e+01,2.08718726e+01
2.00000000e+01,2.01103012e+01,2.03798486e+01,2.08260140e+01
2.00000000e+01,2.01435595e+01,2.04784492e+01,2.10162075e+01
2.00000000e+01,2.01131437e+01,2.03882410e+01,2.08421692e+01
2.00000000e+01,2.00538568e+01,2.02031426e+01,2.04727760e+01
2.00000000e+01,2.00435583e+01,2.01688238e+01,2.04011992e+01
2.00000000e+01,2.00561285e+01,2.02103400e+01,2.04872272e+01
2.00000000e+01,2.00523295e+01,2.01982951e+01,2.04630322e+01
2.00000000e+01,2.00452096e+01,2.01741560e+01,2.04120329e+01
2.00000000e+01,2.00424515e+01,2.01652363e+01,2.03938970e+01
2.00000000e+01,2.00544848e+01,2.02051375e+01,2.04767864e+01
2.00000000e+01,2.00440173e+01,2.01703078e+01,2.04042162e+01
2.00000000e+01,2.00832777e+01,2.02973043e+01,2.06637566e+01
2.00000000e+01,2.00668244e+01,2.02452766e+01,2.05591049e+01
2.00000000e+01,2.00876435e+01,2.03105761e+01,2.06897349e+01
2.00000000e+01,2.00803370e+01,2.02883762e+01,2.06462847e+01
2.00000000e+01,2.00699969e+01,2.02550973e+01,2.05785528e+01
2.00000000e+01,2.00647299e+01,2.02387538e+01,2.05461498e+01
2.00000000e+01,2.00844677e+01,2.03009422e+01,2.06708957e+01
2.00000000e+01,2.00677042e+01,2.02480038e+01,2.05645092e+01
2.00000000e+01,2.01307820e+01,2.04413771e+01,2.09455473e+01
2.00000000e+01,2.01040424e+01,2.03613484e+01,2.07903696e+01
2.00000000e+01,2.01392173e+01,2.04660547e+01,2.09927326e+01
2.00000000e+01,2.01249074e+01,2.04244200e+01,2.09133279e+01
2.00000000e+01,2.01103011e+01,2.03798485e+01,2.08260138e+01
2.00000000e+01,2.01000256e+01,2.03493535e+01,2.07671493e+01
2.00000000e+01,2.01329806e+01,2.04479021e+01,2.09581038e+01
2.00000000e+01,2.01057769e+01,2.03664782e+01,2.08002557e+01
2.00000000e+01,2.00482442e+01,2.01852364e+01,2.04366886e+01
2.00000000e+01,2.00394575e+01,2.01554867e+01,2.03740021e+01
2.00000000e+01,2.00511722e+01,2.01946084e+01,2.04556088e+01
2.00000000e+01,2.00470154e+01,2.01812886e+01,2.04287026e+01
2.00000000e+01,2.00416081e+01,2.01624972e+01,2.03883152e+01
2.00000000e+01,2.00385523e+01,2.01525252e+01,2.03679438e+01
2.00000000e+01,2.00497940e+01,2.01902052e+01,2.04467285e+01
2.00000000e+01,2.00405983e+01,2.01592101e+01,2.03816089e+01
2.00000000e+01,2.00726672e+01,2.02648270e+01,2.05999489e+01
2.00000000e+01,2.00591282e+01,2.02212067e+01,2.05111922e+01
2.00000000e+01,2.00781364e+01,2.02816532e+01,2.06330912e+01
2.00000000e+01,2.00704000e+01,2.02578248e+01,2.05861268e+01
2.00000000e+01,2.00631396e+01,2.02337891e+01,2.05362767e+01
2.00000000e+01,2.00574646e+01,2.02159605e+01,2.05007026e+01
2.00000000e+01,2.00755536e+01,2.02737257e+01,2.06174948e+01
2.00000000e+01,2.00612531e+01,2.02278820e+01,2.05245101e+01
2.00000000e+01,2.01103561e+01,2.03815704e+01,2.08311382e+01
2.00000000e+01,2.00894132e+01,2.03174868e+01,2.07052929e+01
2.00000000e+01,2.01206490e+01,2.04119703e+01,2.08895345e+01
2.00000000e+01,2.01060837e+01,2.03689450e+01,2.08068790e+01
2.00000000e+01,2.00969823e+01,2.03402509e+01,2.07495146e+01
2.00000000e+01,2.00863440e+01,2.03081855e+01,2.06871519e+01
2.00000000e+01,2.01157485e+01,2.03975364e+01,2.08618444e+01
2.00000000e+01,2.00934171e+01,2.03295456e+01,2.07287322e+01
2.00000000e+01,2.00589598e+01,2.02192667e+01,2.05051055e+01
2.00000000e+01,2.00472562e+01,2.01807354e+01,2.04253699e+01
2.00000000e+01,2.00601378e+01,2.02229213e+01,2.05123711e+01
2.00000000e+01,2.00480673e+01,2.01833384e+01,2.04306415e+01
2.00000000e+01,2.00931710e+01,2.03272700e+01,2.07223059e+01
2.00000000e+01,2.00740001e+01,2.02674014e+01,2.06028322e+01
2.00000000e+01,2.00957813e+01,2.03348361e+01,2.07367927e+01
2.00000000e+01,2.00755867e+01,2.02722828e+01,2.06124680e+01
2.00000000e+01,2.01500327e+01,2.04973198e+01,2.10520879e+01
2.00000000e+01,2.01184996e+01,2.04037903e+01,2.08718725e+01
2.00000000e+01,2.01572649e+01,2.05168674e+01,2.10882405e+01
2.00000000e+01,2.01216897e+01,2.04131992e+01,2.08899918e+01
2.00000000e+01,2.00548031e+01,2.02061495e+01,2.04788214e+01
2.00000000e+01,2.00442518e+01,2.01710653e+01,2.04057556e+01
2.00000000e+01,2.00571711e+01,2.02136216e+01,2.04937956e+01
2.00000000e+01,2.00459547e+01,2.01765568e+01,2.04169048e+01
2.00000000e+01,2.00850622e+01,2.03027621e+01,2.06744663e+01
2.00000000e+01,2.00681531e+01,2.02493932e+01,2.05672615e+01
2.00000000e+01,2.00897219e+01,2.03168107e+01,2.07018675e+01
2.00000000e+01,2.00714353e+01,2.02595404e+01,2.05873406e+01
2.00000000e+01,2.01340726e+01,2.04511185e+01,2.09642359e+01
2.00000000e+01,2.01066622e+01,2.03690961e+01,2.08053045e+01
2.00000000e+01,2.01435592e+01,2.04784488e+01,2.10162069e+01
2.00000000e+01,2.01131435e+01,2.03882408e+01,2.08421690e+01
2.00000000e+01,2.00490096e+01,2.01876922e+01,2.04416525e+01
2.00000000e+01,2.00400219e+01,2.01573299e+01,2.03777690e+01
2.00000000e+01,2.00520373e+01,2.01973644e+01,2.04611592e+01
2.00000000e+01,2.00422390e+01,2.01645468e+01,2.03924927e+01
2.00000000e+01,2.00740778e+01,2.02691838e+01,2.06085468e+01
2.00000000e+01,2.00601713e+01,2.02244875e+01,2.05177428e+01
2.00000000e+01,2.00797755e+01,2.02866614e+01,2.06429229e+01
2.00000000e+01,2.00643235e+01,2.02374880e+01,2.05436358e+01
2.00000000e+01,2.01129416e+01,2.03892747e+01,2.08459924e+01
2.00000000e+01,2.00913590e+01,2.03233594e+01,2.07167242e+01
2.00000000e+01,2.01238175e+01,2.04212320e+01,2.09072431e+01
2.00000000e+01,2.00992333e+01,2.03469936e+01,2.07625875e+01
2.00000000e+01,2.01550732e+01,2.05147934e+01,2.10875047e+01
2.00000000e+01,2.01102485e+01,2.03837235e+01,2.08382457e+01
2.00000000e+01,2.00895597e+01,2.03211534e+01,2.07167756e+01
2.00000000e+01,2.01102485e+01,2.03837238e+01,2.08382461e+01
2.00000000e+01,2.01369911e+01,2.04612612e+01,2.09851360e+01
2.00000000e+01,2.01063051e+01,2.03708408e+01,2.08120503e+01
2.00000000e+01,2.00890950e+01,2.03189006e+01,2.07112502e+01
2.00000000e+01,2.01063050e+01,2.03708408e+01,2.08120504e+01
2.00000000e+01,2.01310556e+01,2.04452595e+01,2.09560411e+01
2.00000000e+01,2.00998203e+01,2.03523918e+01,2.07776632e+01
2.00000000e+01,2.00998203e+01,2.03523918e+01,2.07776631e+01
2.00000000e+01,2.01310555e+01,2.04452594e+01,2.09560410e+01
2.00000000e+01,2.01211965e+01,2.04150093e+01,2.08969085e+01
2.00000000e+01,2.00977556e+01,2.03451643e+01,2.07623638e+01
2.00000000e+01,2.00977556e+01,2.03451643e+01,2.07623638e+01
2.00000000e+01,2.01211966e+01,2.04150095e+01,2.08969088e+01
2.00000000e+01,2.01149010e+01,2.03975718e+01,2.08648499e+01
2.00000000e+01,2.01093445e+01,2.03798959e+01,2.08294884e+01
2.00000000e+01,2.01811825e+01,2.05912978e+01,2.12321033e+01
2.00000000e+01,2.01136592e+01,2.03958491e+01,2.08640091e+01
2.00000000e+01,2.00890214e+01,2.03208974e+01,2.07181699e+01
2.00000000e+01,2.01136591e+01,2.03958491e+01,2.08640093e+01
2.00000000e+01,2.01695775e+01,2.05577668e+01,2.11692563e+01
2.00000000e+01,2.01124942e+01,2.03915466e+01,2.08546632e+01
2.00000000e+01,2.00894473e+01,2.03215883e+01,2.07186707e+01
2.00000000e+01,2.01124938e+01,2.03915458e+01,2.08546616e+01
2.00000000e+01,2.01431892e+01,2.04831658e+01,2.10305549e+01
2.00000000e+01,2.01010700e+01,2.03579505e+01,2.07907319e+01
2.00000000e+01,2.01010699e+01,2.03579504e+01,2.07907320e+01
2.00000000e+01,2.01431877e+01,2.04831619e+01,2.10305475e+01
2.00000000e+01,2.01384410e+01,2.04680674e+01,2.10006594e+01
2.00000000e+01,2.01008425e+01,2.03564117e+01,2.07866611e+01
2.00000000e+01,2.01008423e+01,2.03564113e+01,2.07866603e+01
2.00000000e+01,2.01384412e+01,2.04680678e+01,2.10006600e+01
2.00000000e+01,2.01210127e+01,2.04178278e+01,2.09061916e+01
2.00000000e+01,2.01186808e+01,2.04099157e+01,2.08898534e+01
2.00000000e+01,2.01987173e+01,2.06375609e+01,2.13155140e+01
2.00000000e+01,2.01153893e+01,2.04009598e+01,2.08742582e+01
2.00000000e+01,2.00886741e+01,2.03201386e+01,2.07172764e+01
2.00000000e+01,2.01153922e+01,2.04009674e+01,2.08742719e+01
2.00000000e+01,2.01866118e+01,2.06085528e+01,2.12657947e+01
2.00000000e+01,2.01137305e+01,2.03969619e+01,2.08672151e+01
2.00000000e+01,2.00885054e+01,2.03198106e+01,2.07166963e+01
2.00000000e+01,2.01137276e+01,2.03969546e+01,2.08672021e+01
2.00000000e+01,2.01467744e+01,2.04957688e+01,2.10564593e+01
2.00000000e+01,2.01007475e+01,2.03580604e+01,2.07922442e+01
2.00000000e+01,2.01007507e+01,2.03580696e+01,2.07922615e+01
2.00000000e+01,2.01467029e+01,2.04955720e+01,2.10560968e+01
2.00000000e+01,2.01462306e+01,2.04928504e+01,2.10497728e+01
2.00000000e+01,2.01010052e+01,2.03583478e+01,2.07922814e+01
2.00000000e+01,2.01010048e+01,2.03583472e+01,2.07922808e+01
2.00000000e+01,2.01462026e+01,2.04927698e+01,2.10496212e+01
2.00000000e+01,2.01233820e+01,2.04258710e+01,2.09228720e+01
2.00000000e+01,2.01222611e+01,2.04223953e+01,2.09159645e+01
2.00000000e+01,2.02025552e+01,2.06486564e+01,2.13369852e+01
2.00000000e+01,2.01277811e+01,2.04355016e+01,2.09373538e+01
2.00000000e+01,2.01646800e+01,2.05410485e+01,2.11360693e+01
2.00000000e+01,2.01200699e+01,2.04117004e+01,2.08905891e+01
2.00000000e+01,2.01786847e+01,2.05821809e+01,2.12138715e+01
2.00000000e+01,2.01196429e+01,2.04116512e+01,2.08918820e+01
2.00000000e+01,2.01601124e+01,2.05293729e+01,2.11150651e+01
2.00000000e+01,2.01517223e+01,2.05038085e+01,2.10657225e+01
2.00000000e+01,2.01138751e+01,2.03933507e+01,2.08553617e+01
2.00000000e+01,2.01411690e+01,2.04733219e+01,2.10079854e+01
2.00000000e+01,2.01464386e+01,2.04899277e+01,2.10406555e+01
2.00000000e+01,2.01319349e+01,2.04464742e+01,2.09569559e+01
2.00000000e+01,2.02712824e+01,2.08363657e+01,2.16767125e+01
2.00000000e+01,2.01360036e+01,2.04612925e+01,2.09884738e+01
2.00000000e+01,2.02362633e+01,2.07439217e+01,2.15127443e+01
2.00000000e+01,2.01324260e+01,2.04505404e+01,2.09675177e+01
2.00000000e+01,2.02213746e+01,2.07041431e+01,2.14401224e+01
2.00000000e+01,2.01250790e+01,2.04299902e+01,2.09295924e+01
2.00000000e+01,2.01868221e+01,2.06079908e+01,2.12638025e+01
2.00000000e+01,2.02031571e+01,2.06520265e+01,2.13437954e+01
2.00000000e+01,2.01233485e+01,2.04237318e+01,2.09163220e+01
2.00000000e+01,2.01761260e+01,2.05761128e+01,2.12033306e+01
2.00000000e+01,2.01661935e+01,2.05491251e+01,2.11540816e+01
2.00000000e+01,2.01579500e+01,2.05243932e+01,2.11067393e+01
2.00000000e+01,2.03358717e+01,2.09911893e+01,2.19399040e+01
2.00000000e+01,2.01419972e+01,2.04761992e+01,2.10152004e+01
2.00000000e+01,2.02812456e+01,2.08689333e+01,2.17393295e+01
2.00000000e+01,2.01353825e+01,2.04615313e+01,2.09909770e+01
2.00000000e+01,2.02338070e+01,2.07436998e+01,2.15156526e+01
2.00000000e+01,2.01248787e+01,2.04314089e+01,2.09343557e+01
2.00000000e+01,2.01931123e+01,2.06296473e+01,2.13068267e+01
2.00000000e+01,2.02345523e+01,2.07409584e+01,2.15071553e+01
2.00000000e+01,2.01259014e+01,2.04330843e+01,2.09363365e+01
2.00000000e+01,2.01949459e+01,2.06309567e+01,2.13062619e+01
2.00000000e+01,2.01747188e+01,2.05743533e+01,2.12021480e+01
2.00000000e+01,2.01710372e+01,2.05641497e+01,2.11832655e+01
2.00000000e+01,2.02307573e+01,2.07224073e+01,2.14691224e+01
2.00000000e+01,2.01359405e+01,2.04583973e+01,2.09800790e+01
2.00000000e+01,2.01752365e+01,2.05719330e+01,2.11949505e+01
2.00000000e+01,2.01251875e+01,2.04269583e+01,2.09199557e+01
2.00000000e+01,2.02157323e+01,2.06860918e+01,2.14069031e+01
2.00000000e+01,2.01325320e+01,2.04495819e+01,2.09643013e+01
2.00000000e+01,2.01716711e+01,2.05630039e+01,2.11787115e+01
2.00000000e+01,2.01729354e+01,2.05644112e+01,2.11799157e+01
2.00000000e+01,2.01239860e+01,2.04231787e+01,2.09125075e+01
2.00000000e+01,2.01494156e+01,2.04970025e+01,2.10527168e+01
2.00000000e+01,2.01689427e+01,2.05544155e+01,2.11619144e+01
2.00000000e+01,2.01468101e+01,2.04896414e+01,2.10389215e+01
2.00000000e+01,2.03536984e+01,2.10364922e+01,2.20192294e+01
2.00000000e+01,2.01498510e+01,2.04976880e+01,2.10540868e+01
2.00000000e+01,2.02640571e+01,2.08234824e+01,2.16612886e+01
2.00000000e+01,2.01396375e+01,2.04723738e+01,2.10096144e+01
2.00000000e+01,2.02943690e+01,2.09028870e+01,2.18004960e+01
2.00000000e+01,2.01410898e+01,2.04771988e+01,2.10195116e+01
2.00000000e+01,2.02040228e+01,2.06582514e+01,2.13582105e+01
2.00000000e+01,2.02600723e+01,2.08083982e+01,2.16300699e+01
2.00000000e+01,2.01385760e+01,2.04682795e+01,2.10009862e+01
2.00000000e+01,2.01937895e+01,2.06253238e+01,2.12942491e+01
2.00000000e+01,2.02025849e+01,2.06510746e+01,2.13424128e+01
2.00000000e+01,2.01876955e+01,2.06088092e+01,2.12641578e+01
2.00000000e+01,2.05449210e+01,2.14633422e+01,2.27203167e+01
2.00000000e+01,2.01662719e+01,2.05348187e+01,2.11165726e+01
2.00000000e+01,2.03064534e+01,2.09519812e+01,2.19003741e+01
2.00000000e+01,2.01407213e+01,2.04802255e+01,2.10288645e+01
2.00000000e+01,2.02999145e+01,2.09325294e+01,2.18599023e+01
2.00000000e+01,2.01385251e+01,2.04738394e+01,2.10166649e+01
2.00000000e+01,2.02091136e+01,2.06789898e+01,2.14008247e+01
2.00000000e+01,2.03288653e+01,2.09899526e+01,2.19494187e+01
2.00000000e+01,2.01438953e+01,2.04849655e+01,2.10340427e+01
2.00000000e+01,2.02219897e+01,2.07032687e+01,2.14366511e+01
2.00000000e+01,2.02188098e+01,2.06954270e+01,2.14231744e+01
2.00000000e+01,2.02103070e+01,2.06742595e+01,2.13862482e+01
2.00000000e+01,2.02025545e+01,2.06486540e+01,2.13369812e+01
2.00000000e+01,2.01277810e+01,2.04355009e+01,2.09373526e+01
2.00000000e+01,2.01646799e+01,2.05410478e+01,2.11360680e+01
2.00000000e+01,2.01200700e+01,2.04117001e+01,2.08905885e+01
2.00000000e+01,2.01601124e+01,2.05293722e+01,2.11150639e+01
2.00000000e+01,2.01196429e+01,2.04116510e+01,2.08918815e+01
2.00000000e+01,2.01786843e+01,2.05821794e+01,2.12138690e+01
2.00000000e+01,2.01411688e+01,2.04733211e+01,2.10079841e+01
2.00000000e+01,2.01138752e+01,2.03933505e+01,2.08553613e+01
2.00000000e+01,2.01517223e+01,2.05038081e+01,2.10657219e+01
2.00000000e+01,2.01464384e+01,2.04899269e+01,2.10406543e+01
2.00000000e+01,2.01319349e+01,2.04464737e+01,2.09569552e+01
2.00000000e+01,2.02712751e+01,2.08363466e+01,2.16766810e+01
2.00000000e+01,2.01360048e+01,2.04612953e+01,2.09884786e+01
2.00000000e+01,2.02362617e+01,2.07439168e+01,2.15127363e+01
2.00000000e+01,2.01324267e+01,2.04505416e+01,2.09675197e+01
2.00000000e+01,2.01868235e+01,2.06079931e+01,2.12638068e+01
2.00000000e+01,2.01250804e+01,2.04299928e+01,2.09295965e+01
2.00000000e+01,2.02213689e+01,2.07041285e+01,2.14400981e+01
2.00000000e+01,2.01761251e+01,2.05761098e+01,2.12033258e+01
2.00000000e+01,2.01233489e+01,2.04237326e+01,2.09163234e+01
2.00000000e+01,2.02031563e+01,2.06520242e+01,2.13437917e+01
2.00000000e+01,2.01661929e+01,2.05491238e+01,2.11540801e+01
2.00000000e+01,2.01579495e+01,2.05243916e+01,2.11067369e+01
2.00000000e+01,2.03359342e+01,2.09913230e+01,2.19401157e+01
2.00000000e+01,2.01419907e+01,2.04761789e+01,2.10151622e+01
2.00000000e+01,2.02812597e+01,2.08689650e+01,2.17393825e+01
2.00000000e+01,2.01353875e+01,2.04615417e+01,2.09909942e+01
2.00000000e+01,2.01933919e+01,2.06303992e+01,2.13081858e+01
2.00000000e+01,2.01248712e+01,2.04313892e+01,2.09343204e+01
2.00000000e+01,2.02339854e+01,2.07442110e+01,2.15165915e+01
2.00000000e+01,2.01950665e+01,2.06312925e+01,2.13068796e+01
2.00000000e+01,2.01259031e+01,2.04330882e+01,2.09363432e+01
2.00000000e+01,2.02346690e+01,2.07412800e+01,2.15077390e+01
2.00000000e+01,2.01749223e+01,2.05749362e+01,2.12032335e+01
2.00000000e+01,2.01711440e+01,2.05644542e+01,2.11838325e+01
2.00000000e+01,2.03019572e+01,2.09179269e+01,2.18294423e+01
2.00000000e+01,2.02087292e+01,2.06653117e+01,2.13686910e+01
2.00000000e+01,2.02466609e+01,2.07714858e+01,2.15646140e+01
2.00000000e+01,2.02466610e+01,2.07714866e+01,2.15646152e+01
2.00000000e+01,2.01878310e+01,2.06063895e+01,2.12584396e+01
2.00000000e+01,2.01878311e+01,2.06063900e+01,2.12584404e+01
2.00000000e+01,2.02127708e+01,2.06775298e+01,2.13909170e+01
2.00000000e+01,2.01704593e+01,2.05573534e+01,2.11666094e+01
2.00000000e+01,2.05788582e+01,2.16157129e+01,2.30353548e+01
2.00000000e+01,2.04086697e+01,2.12044372e+01,2.23448673e+01
2.00000000e+01,2.03745390e+01,2.11131356e+01,2.21725174e+01
2.00000000e+01,2.03745391e+01,2.11131378e+01,2.21725212e+01
2.00000000e+01,2.03153435e+01,2.09564023e+01,2.18972741e+01
2.00000000e+01,2.03153446e+01,2.09564057e+01,2.18972796e+01
2.00000000e+01,2.02938364e+01,2.08991065e+01,2.17911313e+01
2.00000000e+01,2.02558329e+01,2.07966682e+01,2.16084062e+01
2.00000000e+01,2.09887212e+01,2.25268274e+01,2.44998539e+01
2.00000000e+01,2.06181110e+01,2.17263278e+01,2.32225625e+01
2.00000000e+01,2.04116689e+01,2.12194356e+01,2.23576305e+01
2.00000000e+01,2.04117700e+01,2.12197235e+01,2.23581392e+01
2.00000000e+01,2.04276123e+01,2.12456256e+01,2.23955744e+01
2.00000000e+01,2.04277137e+01,2.12458839e+01,2.23960174e+01
2.00000000e+01,2.03402500e+01,2.10197343e+01,2.20011457e+01
2.00000000e+01,2.03206935e+01,2.09711331e+01,2.19180409e+01
2.00000000e+01,2.03852932e+01,2.11176061e+01,2.21684559e+01
2.00000000e+01,2.02247771e+01,2.07129274e+01,2.14604212e+01
2.00000000e+01,2.03250443e+01,2.09830808e+01,2.19501775e+01
2.00000000e+01,2.02747070e+01,2.08512757e+01,2.17142347e+01
2.00000000e+01,2.02236896e+01,2.07060172e+01,2.14437728e+01
2.00000000e+01,2.02042394e+01,2.06516526e+01,2.13422121e+01
2.00000000e+01,2.02698631e+01,2.08343141e+01,2.16796804e+01
2.00000000e+01,2.01982585e+01,2.06356667e+01,2.13131178e+01
2.00000000e+01,2.10607781e+01,2.27188396e+01,2.48561547e+01
2.00000000e+01,2.04967775e+01,2.14503874e+01,2.28061334e+01
2.00000000e+01,2.06673744e+01,2.18606848e+01,2.34838602e+01
2.00000000e+01,2.04474199e+01,2.13135402e+01,2.25357031e+01
2.00000000e+01,2.04904496e+01,2.14159165e+01,2.27250651e+01
2.00000000e+01,2.03835432e+01,2.11347176e+01,2.22161469e+01
2.00000000e+01,2.04483018e+01,2.13007716e+01,2.25009849e+01
2.00000000e+01,2.03565661e+01,2.10663313e+01,2.20959850e+01
2.00000000e+01,2.30662670e+01,2.70001903e+01,3.16709095e+01
2.00000000e+01,2.07510250e+01,2.21230671e+01,2.39693690e+01
2.00000000e+01,2.06709544e+01,2.18846165e+01,2.34622662e+01
2.00000000e+01,2.05099309e+01,2.14776882e+01,2.28044267e+01
2.00000000e+01,2.08847754e+01,2.23555322e+01,2.42596336e+01
2.00000000e+01,2.06042052e+01,2.16738965e+01,2.31246152e+01
2.00000000e+01,2.05873832e+01,2.16319095e+01,2.30479280e+01
2.00000000e+01,2.05178830e+01,2.14742669e+01,2.27925234e+01
2.00000000e+01,2.02307558e+01,2.07224020e+01,2.14691138e+01
2.00000000e+01,2.01359403e+01,2.04583957e+01,2.09800765e+01
2.00000000e+01,2.01752366e+01,2.05719322e+01,2.11949491e+01
2.00000000e+01,2.01251877e+01,2.04269580e+01,2.09199551e+01
2.00000000e+01,2.01716716e+01,2.05630035e+01,2.11787107e+01
2.00000000e+01,2.01325324e+01,2.04495818e+01,2.09643011e+01
2.00000000e+01,2.02157316e+01,2.06860887e+01,2.14068980e+01
2.00000000e+01,2.01494156e+01,2.04970014e+01,2.10527149e+01
2.00000000e+01,2.01239860e+01,2.04231781e+01,2.09125066e+01
2.00000000e+01,2.01729353e+01,2.05644101e+01,2.11799140e+01
2.00000000e+01,2.01689423e+01,2.05544136e+01,2.11619113e+01
2.00000000e+01,2.01468100e+01,2.04896405e+01,2.10389199e+01
2.00000000e+01,2.03536867e+01,2.10364620e+01,2.20191795e+01
2.00000000e+01,2.01498519e+01,2.04976893e+01,2.10540891e+01
2.00000000e+01,2.02640567e+01,2.08234786e+01,2.16612823e+01
2.00000000e+01,2.01396390e+01,2.04723761e+01,2.10096180e+01
2.00000000e+01,2.02040282e+01,2.06582609e+01,2.13582256e+01
2.00000000e+01,2.01410942e+01,2.04772082e+01,2.10195269e+01
2.00000000e+01,2.02943624e+01,2.09028687e+01,2.18004654e+01
2.00000000e+01,2.01937887e+01,2.06253204e+01,2.12942434e+01
2.00000000e+01,2.01385767e+01,2.04682802e+01,2.10009875e+01
2.00000000e+01,2.02600708e+01,2.08083927e+01,2.16300609e+01
2.00000000e+01,2.02025822e+01,2.06510673e+01,2.13424013e+01
2.00000000e+01,2.01876949e+01,2.06088064e+01,2.12641532e+01
2.00000000e+01,2.05448822e+01,2.14632522e+01,2.27201672e+01
2.00000000e+01,2.01662734e+01,2.05348219e+01,2.11165763e+01
2.00000000e+01,2.03064502e+01,2.09519680e+01,2.19003512e+01
2.00000000e+01,2.01407269e+01,2.04802377e+01,2.10288841e+01
2.00000000e+01,2.02091456e+01,2.06790572e+01,2.14009348e+01
2.00000000e+01,2.01385136e+01,2.04738097e+01,2.10166132e+01
2.00000000e+01,2.02999047e+01,2.09325175e+01,2.18598899e+01
2.00000000e+01,2.02219827e+01,2.07032520e+01,2.14366248e+01
2.00000000e+01,2.01438967e+01,2.04849674e+01,2.10340451e+01
2.00000000e+01,2.03288883e+01,2.09900080e+01,2.19495147e+01
2.00000000e+01,2.02189856e+01,2.06959150e+01,2.14240655e+01
2.00000000e+01,2.02104078e+01,2.06745333e+01,2.13867450e+01
2.00000000e+01,2.03852897e+01,2.11175966e+01,2.21684409e+01
2.00000000e+01,2.02247775e+01,2.07129275e+01,2.14604214e+01
2.00000000e+01,2.02747079e+01,2.08512756e+01,2.17142345e+01
2.00000000e+01,2.03250441e+01,2.09830793e+01,2.19501752e+01
2.00000000e+01,2.02042394e+01,2.06516515e+01,2.13422102e+01
2.00000000e+01,2.02236896e+01,2.07060168e+01,2.14437721e+01
2.00000000e+01,2.02698628e+01,2.08343120e+01,2.16796771e+01
2.00000000e+01,2.01982585e+01,2.06356659e+01,2.13131165e+01
2.00000000e+01,2.10607395e+01,2.27187443e+01,2.48560044e+01
2.00000000e+01,2.04967786e+01,2.14503853e+01,2.28061305e+01
2.00000000e+01,2.04474268e+01,2.13135488e+01,2.25357171e+01
2.00000000e+01,2.06673699e+01,2.18606706e+01,2.34838385e+01
2.00000000e+01,2.03835413e+01,2.11347096e+01,2.22161340e+01
2.00000000e+01,2.04904488e+01,2.14159127e+01,2.27250592e+01
2.00000000e+01,2.04482991e+01,2.13007621e+01,2.25009704e+01
2.00000000e+01,2.03565648e+01,2.10663260e+01,2.20959765e+01
2.00000000e+01,2.30660694e+01,2.69997722e+01,3.16702459e+01
2.00000000e+01,2.07510806e+01,2.21231774e+01,2.39695508e+01
2.00000000e+01,2.05099931e+01,2.14778161e+01,2.28046368e+01
2.00000000e+01,2.06708770e+01,2.18844467e+01,2.34619887e+01
2.00000000e+01,2.06041874e+01,2.16738505e+01,2.31245395e+01
2.00000000e+01,2.08847830e+01,2.23555449e+01,2.42596572e+01
2.00000000e+01,2.05873089e+01,2.16317348e+01,2.30476388e+01
2.00000000e+01,2.05178584e+01,2.14742025e+01,2.27924129e+01
2.00000000e+01,2.05727433e+01,2.15091268e+01,2.27684735e+01
2.00000000e+01,2.02415748e+01,2.07657485e+01,2.15650412e+01
2.00000000e+01,2.03656764e+01,2.11068791e+01,2.21937809e+01
2.00000000e+01,2.03656746e+01,2.11068764e+01,2.21937765e+01
2.00000000e+01,2.02494323e+01,2.07736827e+01,2.15658814e+01
2.00000000e+01,2.02494323e+01,2.07736831e+01,2.15658821e+01
2.00000000e+01,2.03777929e+01,2.11211187e+01,2.22011514e+01
2.00000000e+01,2.02376344e+01,2.07446169e+01,2.15154340e+01
2.00000000e+01,2.28911038e+01,2.62604484e+01,2.99164854e+01
2.00000000e+01,2.06702468e+01,2.18983659e+01,2.36102942e+01
2.00000000e+01,2.08811304e+01,2.24642618e+01,2.46587548e+01
2.00000000e+01,2.08811136e+01,2.24642337e+01,2.46587091e+01
2.00000000e+01,2.06799141e+01,2.18752741e+01,2.35171781e+01
2.00000000e+01,2.06799144e+01,2.18752777e+01,2.35171832e+01
2.00000000e+01,2.09917301e+01,2.26800157e+01,2.49658230e+01
2.00000000e+01,2.05893881e+01,2.16653691e+01,2.31665219e+01
2.00000000e+01,4.66666667e+01,7.33333333e+01,1.00000000e+02
2.00000000e+01,2.34973772e+01,2.96334737e+01,3.88051972e+01
2.00000000e+01,2.13408395e+01,2.25924800e+01,2.30908097e+01
2.00000000e+01,2.13405563e+01,2.25919497e+01,2.30898916e+01
2.00000000e+01,2.25218013e+01,2.62090987e+01,3.08104437e+01
2.00000000e+01,2.25218130e+01,2.62091731e+01,3.08105528e+01
2.00000000e+01,2.21290148e+01,2.49172246e+01,2.79733193e+01
2.00000000e+01,2.16023026e+01,2.40301605e+01,2.70510786e+01
2.00000000e+01,2.03019565e+01,2.09179274e+01,2.18294415e+01
2.00000000e+01,2.03852888e+01,2.11175976e+01,2.21684397e+01
2.00000000e+01,2.02087288e+01,2.06653118e+01,2.13686905e+01
2.00000000e+01,2.02247771e+01,2.07129278e+01,2.14604210e+01
2.00000000e+01,2.03250440e+01,2.09830809e+01,2.19501769e+01
2.00000000e+01,2.03250433e+01,2.09830798e+01,2.19501742e+01
2.00000000e+01,2.03656760e+01,2.11068795e+01,2.21937804e+01
2.00000000e+01,2.02236895e+01,2.07060175e+01,2.14437727e+01
2.00000000e+01,2.02236893e+01,2.07060173e+01,2.14437719e+01
2.00000000e+01,2.02494321e+01,2.07736829e+01,2.15658813e+01
2.00000000e+01,2.03777926e+01,2.11211193e+01,2.22011509e+01
2.00000000e+01,2.02376342e+01,2.07446171e+01,2.15154338e+01
2.00000000e+01,2.05788561e+01,2.16157148e+01,2.30353521e+01
2.00000000e+01,2.10607346e+01,2.27187505e+01,2.48559962e+01
2.00000000e+01,2.04086686e+01,2.12044384e+01,2.23448661e+01
2.00000000e+01,2.04967768e+01,2.14503870e+01,2.28061284e+01
2.00000000e+01,2.06673727e+01,2.18606866e+01,2.34838591e+01
2.00000000e+01,2.06673665e+01,2.18606740e+01,2.34838332e+01
2.00000000e+01,2.08811276e+01,2.24642641e+01,2.46587532e+01
2.00000000e+01,2.04904488e+01,2.14159173e+01,2.27250641e+01
2.00000000e+01,2.04904472e+01,2.14159142e+01,2.27250571e+01
2.00000000e+01,2.06799127e+01,2.18752754e+01,2.35171765e+01
2.00000000e+01,2.09917273e+01,2.26800188e+01,2.49658193e+01
2.00000000e+01,2.05893870e+01,2.16653701e+01,2.31665206e+01
2.00000000e+01,2.09887176e+01,2.25268309e+01,2.44998496e+01
2.00000000e+01,2.30660683e+01,2.69997743e+01,3.16702408e+01
2.00000000e+01,2.06181080e+01,2.17263307e+01,2.32225590e+01
2.00000000e+01,2.07510760e+01,2.21231806e+01,2.39695478e+01
2.00000000e+01,2.06709515e+01,2.18846198e+01,2.34622648e+01
2.00000000e+01,2.06708716e+01,2.18844516e+01,2.34619803e+01
2.00000000e+01,2.13408003e+01,2.25925223e+01,2.30907684e+01
2.00000000e+01,2.08847729e+01,2.23555358e+01,2.42596340e+01
2.00000000e+01,2.08847776e+01,2.23555494e+01,2.42596474e+01
2.00000000e+01,2.25217820e+01,2.62091238e+01,3.08104127e+01
2.00000000e+01,2.21289992e+01,2.49172418e+01,2.79733010e+01
2.00000000e+01,2.16022934e+01,2.40301711e+01,2.70510664e+01
2.00000000e+01,2.02025538e+01,2.06486544e+01,2.13369805e+01
2.00000000e+01,2.02307550e+01,2.07224027e+01,2.14691129e+01
2.00000000e+01,2.01646795e+01,2.05410480e+01,2.11360675e+01
2.00000000e+01,2.01752361e+01,2.05719325e+01,2.11949487e+01
2.00000000e+01,2.02466602e+01,2.07714863e+01,2.15646131e+01
2.00000000e+01,2.02157309e+01,2.06860893e+01,2.14068973e+01
2.00000000e+01,2.02747071e+01,2.08512763e+01,2.17142337e+01
2.00000000e+01,2.01878306e+01,2.06063898e+01,2.12584391e+01
2.00000000e+01,2.01729349e+01,2.05644104e+01,2.11799135e+01
2.00000000e+01,2.02042389e+01,2.06516518e+01,2.13422098e+01
2.00000000e+01,2.02698620e+01,2.08343126e+01,2.16796762e+01
2.00000000e+01,2.01982580e+01,2.06356662e+01,2.13131160e+01
2.00000000e+01,2.02712740e+01,2.08363474e+01,2.16766798e+01
2.00000000e+01,2.03536852e+01,2.10364632e+01,2.20191776e+01
2.00000000e+01,2.02362608e+01,2.07439175e+01,2.15127355e+01
2.00000000e+01,2.02640556e+01,2.08234794e+01,2.16612812e+01
2.00000000e+01,2.03745374e+01,2.11131370e+01,2.21725156e+01
2.00000000e+01,2.02943611e+01,2.09028698e+01,2.18004642e+01
2.00000000e+01,2.04474245e+01,2.13135507e+01,2.25357145e+01
2.00000000e+01,2.03153424e+01,2.09564032e+01,2.18972729e+01
2.00000000e+01,2.02600697e+01,2.08083935e+01,2.16300598e+01
2.00000000e+01,2.03835398e+01,2.11347109e+01,2.22161322e+01
2.00000000e+01,2.04482970e+01,2.13007639e+01,2.25009675e+01
2.00000000e+01,2.03565634e+01,2.10663271e+01,2.20959748e+01
2.00000000e+01,2.03359328e+01,2.09913239e+01,2.19401143e+01
2.00000000e+01,2.05448809e+01,2.14632532e+01,2.27201655e+01
2.00000000e+01,2.02812584e+01,2.08689659e+01,2.17393814e+01
2.00000000e+01,2.03064485e+01,2.09519691e+01,2.19003497e+01
2.00000000e+01,2.04116666e+01,2.12194374e+01,2.23576277e+01
2.00000000e+01,2.02999030e+01,2.09325187e+01,2.18598880e+01
2.00000000e+01,2.05099897e+01,2.14778189e+01,2.28046334e+01
2.00000000e+01,2.04276103e+01,2.12456272e+01,2.23955717e+01
2.00000000e+01,2.03288867e+01,2.09900091e+01,2.19495127e+01
2.00000000e+01,2.06041845e+01,2.16738530e+01,2.31245363e+01
2.00000000e+01,2.05873061e+01,2.16317373e+01,2.30476357e+01
2.00000000e+01,2.05178558e+01,2.14742048e+01,2.27924101e+01
2.00000000e+01,2.01277806e+01,2.04355011e+01,2.09373522e+01
2.00000000e+01,2.01359398e+01,2.04583962e+01,2.09800762e+01
2.00000000e+01,2.01200696e+01,2.04117003e+01,2.08905882e+01
2.00000000e+01,2.01251873e+01,2.04269582e+01,2.09199547e+01
2.00000000e+01,2.01601119e+01,2.05293724e+01,2.11150634e+01
2.00000000e+01,2.01325319e+01,2.04495821e+01,2.09643007e+01
2.00000000e+01,2.01716710e+01,2.05630039e+01,2.11787101e+01
2.00000000e+01,2.01411684e+01,2.04733213e+01,2.10079836e+01
2.00000000e+01,2.01239857e+01,2.04231784e+01,2.09125062e+01
2.00000000e+01,2.01494151e+01,2.04970016e+01,2.10527144e+01
2.00000000e+01,2.01689417e+01,2.05544139e+01,2.11619107e+01
2.00000000e+01,2.01468096e+01,2.04896407e+01,2.10389194e+01
2.00000000e+01,2.01360042e+01,2.04612955e+01,2.09884780e+01
2.00000000e+01,2.01498512e+01,2.04976896e+01,2.10540885e+01
2.00000000e+01,2.01324262e+01,2.04505418e+01,2.09675192e+01
2.00000000e+01,2.01396384e+01,2.04723764e+01,2.10096175e+01
2.00000000e+01,2.01868227e+01,2.06079936e+01,2.12638061e+01
2.00000000e+01,2.01410936e+01,2.04772085e+01,2.10195264e+01
2.00000000e+01,2.02040273e+01,2.06582615e+01,2.13582247e+01
2.00000000e+01,2.01761244e+01,2.05761102e+01,2.12033251e+01
2.00000000e+01,2.01385761e+01,2.04682805e+01,2.10009870e+01
2.00000000e+01,2.01937880e+01,2.06253209e+01,2.12942427e+01
2.00000000e+01,2.02025813e+01,2.06510678e+01,2.13424004e+01
2.00000000e+01,2.01876942e+01,2.06088069e+01,2.12641524e+01
2.00000000e+01,2.01419901e+01,2.04761790e+01,2.10151615e+01
2.00000000e+01,2.01662728e+01,2.05348222e+01,2.11165759e+01
2.00000000e+01,2.01353869e+01,2.04615420e+01,2.09909937e+01
2.00000000e+01,2.01407262e+01,2.04802380e+01,2.10288835e+01
2.00000000e+01,2.01933910e+01,2.06303997e+01,2.13081848e+01
2.00000000e+01,2.01385129e+01,2.04738099e+01,2.10166126e+01
2.00000000e+01,2.02091445e+01,2.06790576e+01,2.14009336e+01
2.00000000e+01,2.01950656e+01,2.06312930e+01,2.13068787e+01
2.00000000e+01,2.01438960e+01,2.04849677e+01,2.10340444e+01
2.00000000e+01,2.02219817e+01,2.07032526e+01,2.14366238e+01
2.00000000e+01,2.02189846e+01,2.06959155e+01,2.14240644e+01
2.00000000e+01,2.02104068e+01,2.06745338e+01,2.13867441e+01
2.00000000e+01,2.02025548e+01,2.06486566e+01,2.13369849e+01
2.00000000e+01,2.01646798e+01,2.05410486e+01,2.11360690e+01
2.00000000e+01,2.02157322e+01,2.06860918e+01,2.14069028e+01
2.00000000e+01,2.02466605e+01,2.07714869e+01,2.15646147e+01
2.00000000e+01,2.01729353e+01,2.05644112e+01,2.11799155e+01
2.00000000e+01,2.01878308e+01,2.06063901e+01,2.12584400e+01
2.00000000e+01,2.02698629e+01,2.08343143e+01,2.16796801e+01
2.00000000e+01,2.01982584e+01,2.06356667e+01,2.13131176e+01
2.00000000e+01,2.02712818e+01,2.08363662e+01,2.16767122e+01
2.00000000e+01,2.02362629e+01,2.07439220e+01,2.15127439e+01
2.00000000e+01,2.02943687e+01,2.09028873e+01,2.18004956e+01
2.00000000e+01,2.03745381e+01,2.11131387e+01,2.21725201e+01
2.00000000e+01,2.02600720e+01,2.08083984e+01,2.16300697e+01
2.00000000e+01,2.03153439e+01,2.09564063e+01,2.18972789e+01
2.00000000e+01,2.04483012e+01,2.13007723e+01,2.25009846e+01
2.00000000e+01,2.03565657e+01,2.10663317e+01,2.20959846e+01
2.00000000e+01,2.03358709e+01,2.09911898e+01,2.19399032e+01
2.00000000e+01,2.02812449e+01,2.08689338e+01,2.17393288e+01
2.00000000e+01,2.02999141e+01,2.09325298e+01,2.18599020e+01
2.00000000e+01,2.04117685e+01,2.12197247e+01,2.23581380e+01
2.00000000e+01,2.03288648e+01,2.09899530e+01,2.19494185e+01
2.00000000e+01,2.04277123e+01,2.12458851e+01,2.23960163e+01
2.00000000e+01,2.05873820e+01,2.16319105e+01,2.30479270e+01
2.00000000e+01,2.05178820e+01,2.14742678e+01,2.27925226e+01
2.00000000e+01,2.01550727e+01,2.05147936e+01,2.10875043e+01
2.00000000e+01,2.01369908e+01,2.04612612e+01,2.09851354e+01
2.00000000e+01,2.01786844e+01,2.05821811e+01,2.12138711e+01
2.00000000e+01,2.01786837e+01,2.05821797e+01,2.12138684e+01
2.00000000e+01,2.01517220e+01,2.05038086e+01,2.10657222e+01
2.00000000e+01,2.01517219e+01,2.05038083e+01,2.10657215e+01
2.00000000e+01,2.02127702e+01,2.06775301e+01,2.13909164e+01
2.00000000e+01,2.01704590e+01,2.05573535e+01,2.11666089e+01
2.00000000e+01,2.01811819e+01,2.05912982e+01,2.12321029e+01
2.00000000e+01,2.01695770e+01,2.05577672e+01,2.11692558e+01
2.00000000e+01,2.02213740e+01,2.07041435e+01,2.14401219e+01
2.00000000e+01,2.02213681e+01,2.07041291e+01,2.14400973e+01
2.00000000e+01,2.02031565e+01,2.06520268e+01,2.13437950e+01
2.00000000e+01,2.02031556e+01,2.06520247e+01,2.13437910e+01
2.00000000e+01,2.02938354e+01,2.08991073e+01,2.17911303e+01
2.00000000e+01,2.02558322e+01,2.07966688e+01,2.16084054e+01
2.00000000e+01,2.01987166e+01,2.06375614e+01,2.13155134e+01
2.00000000e+01,2.01866111e+01,2.06085532e+01,2.12657942e+01
2.00000000e+01,2.02338062e+01,2.07437003e+01,2.15156519e+01
2.00000000e+01,2.02339844e+01,2.07442116e+01,2.15165905e+01
2.00000000e+01,2.02345516e+01,2.07409589e+01,2.15071547e+01
2.00000000e+01,2.02346681e+01,2.07412806e+01,2.15077381e+01
2.00000000e+01,2.03402487e+01,2.10197353e+01,2.20011444e+01
2.00000000e+01,2.03206922e+01,2.09711340e+01,2.19180396e+01
2.00000000e+01,2.01102481e+01,2.03837237e+01,2.08382454e+01
2.00000000e+01,2.01063048e+01,2.03708410e+01,2.08120500e+01
2.00000000e+01,2.01310552e+01,2.04452597e+01,2.09560408e+01
2.00000000e+01,2.01196425e+01,2.04116512e+01,2.08918812e+01
2.00000000e+01,2.01211962e+01,2.04150094e+01,2.08969082e+01
2.00000000e+01,2.01138748e+01,2.03933507e+01,2.08553610e+01
2.00000000e+01,2.01464379e+01,2.04899272e+01,2.10406538e+01
2.00000000e+01,2.01319345e+01,2.04464739e+01,2.09569548e+01
2.00000000e+01,2.01136588e+01,2.03958493e+01,2.08640087e+01
2.00000000e+01,2.01124938e+01,2.03915469e+01,2.08546629e+01
2.00000000e+01,2.01431887e+01,2.04831661e+01,2.10305545e+01
2.00000000e+01,2.01250799e+01,2.04299930e+01,2.09295960e+01
2.00000000e+01,2.01384406e+01,2.04680676e+01,2.10006590e+01
2.00000000e+01,2.01233485e+01,2.04237328e+01,2.09163230e+01
2.00000000e+01,2.01661923e+01,2.05491241e+01,2.11540795e+01
2.00000000e+01,2.01579490e+01,2.05243920e+01,2.11067364e+01
2.00000000e+01,2.01153889e+01,2.04009600e+01,2.08742577e+01
2.00000000e+01,2.01137301e+01,2.03969621e+01,2.08672147e+01
2.00000000e+01,2.01467738e+01,2.04957691e+01,2.10564589e+01
2.00000000e+01,2.01248707e+01,2.04313894e+01,2.09343199e+01
2.00000000e+01,2.01462301e+01,2.04928507e+01,2.10497723e+01
2.00000000e+01,2.01259026e+01,2.04330885e+01,2.09363427e+01
2.00000000e+01,2.01749215e+01,2.05749366e+01,2.12032328e+01
2.00000000e+01,2.01711433e+01,2.05644546e+01,2.11838319e+01
2.00000000e+01,2.01277809e+01,2.04355018e+01,2.09373538e+01
2.00000000e+01,2.01200698e+01,2.04117005e+01,2.08905891e+01
2.00000000e+01,2.01325319e+01,2.04495819e+01,2.09643013e+01
2.00000000e+01,2.01601122e+01,2.05293729e+01,2.11150649e+01
2.00000000e+01,2.01239859e+01,2.04231787e+01,2.09125075e+01
2.00000000e+01,2.01411688e+01,2.04733219e+01,2.10079852e+01
2.00000000e+01,2.01689426e+01,2.05544156e+01,2.11619143e+01
2.00000000e+01,2.01468100e+01,2.04896415e+01,2.10389214e+01
2.00000000e+01,2.01360034e+01,2.04612926e+01,2.09884737e+01
2.00000000e+01,2.01324258e+01,2.04505405e+01,2.09675176e+01
2.00000000e+01,2.01410897e+01,2.04771988e+01,2.10195115e+01
2.00000000e+01,2.01868218e+01,2.06079910e+01,2.12638022e+01
2.00000000e+01,2.01385759e+01,2.04682795e+01,2.10009861e+01
2.00000000e+01,2.01761258e+01,2.05761130e+01,2.12033304e+01
2.00000000e+01,2.02025847e+01,2.06510747e+01,2.13424127e+01
2.00000000e+01,2.01876954e+01,2.06088093e+01,2.12641577e+01
2.00000000e+01,2.01419970e+01,2.04761993e+01,2.10152002e+01
2.00000000e+01,2.01353823e+01,2.04615313e+01,2.09909769e+01
2.00000000e+01,2.01385250e+01,2.04738394e+01,2.10166648e+01
2.00000000e+01,2.01931119e+01,2.06296476e+01,2.13068265e+01
2.00000000e+01,2.01438952e+01,2.04849656e+01,2.10340427e+01
2.00000000e+01,2.01949456e+01,2.06309569e+01,2.13062616e+01
2.00000000e+01,2.02188096e+01,2.06954271e+01,2.14231743e+01
2.00000000e+01,2.02103068e+01,2.06742597e+01,2.13862480e+01
2.00000000e+01,2.01102482e+01,2.03837239e+01,2.08382460e+01
2.00000000e+01,2.01063048e+01,2.03708409e+01,2.08120502e+01
2.00000000e+01,2.01196427e+01,2.04116514e+01,2.08918819e+01
2.00000000e+01,2.01310552e+01,2.04452596e+01,2.09560407e+01
2.00000000e+01,2.01138749e+01,2.03933508e+01,2.08553617e+01
2.00000000e+01,2.01211963e+01,2.04150096e+01,2.08969086e+01
2.00000000e+01,2.01464383e+01,2.04899278e+01,2.10406553e+01
2.00000000e+01,2.01319347e+01,2.04464742e+01,2.09569557e+01
2.00000000e+01,2.01136588e+01,2.03958492e+01,2.08640091e+01
2.00000000e+01,2.01124935e+01,2.03915459e+01,2.08546615e+01
2.00000000e+01,2.01250788e+01,2.04299903e+01,2.09295922e+01
2.00000000e+01,2.01431873e+01,2.04831621e+01,2.10305471e+01
2.00000000e+01,2.01233483e+01,2.04237319e+01,2.09163219e+01
2.00000000e+01,2.01384408e+01,2.04680680e+01,2.10006597e+01
2.00000000e+01,2.01661931e+01,2.05491253e+01,2.11540813e+01
2.00000000e+01,2.01579497e+01,2.05243934e+01,2.11067391e+01
2.00000000e+01,2.01153919e+01,2.04009675e+01,2.08742717e+01
2.00000000e+01,2.01137273e+01,2.03969547e+01,2.08672019e+01
2.00000000e+01,2.01248785e+01,2.04314091e+01,2.09343556e+01
2.00000000e+01,2.01467025e+01,2.04955723e+01,2.10560965e+01
2.00000000e+01,2.01259012e+01,2.04330845e+01,2.09363363e+01
2.00000000e+01,2.01462022e+01,2.04927700e+01,2.10496209e+01
2.00000000e+01,2.01747184e+01,2.05743536e+01,2.12021476e+01
2.00000000e+01,2.01710368e+01,2.05641499e+01,2.11832652e+01
2.00000000e+01,2.00895594e+01,2.03211535e+01,2.07167754e+01
2.00000000e+01,2.00890948e+01,2.03189008e+01,2.07112500e+01
2.00000000e+01,2.00998201e+01,2.03523919e+01,2.07776629e+01
2.00000000e+01,2.00998201e+01,2.03523920e+01,2.07776629e+01
2.00000000e+01,2.00977554e+01,2.03451644e+01,2.07623636e+01
2.00000000e+01,2.00977554e+01,2.03451645e+01,2.07623636e+01
2.00000000e+01,2.01149007e+01,2.03975720e+01,2.08648497e+01
2.00000000e+01,2.01093443e+01,2.03798960e+01,2.08294882e+01
2.00000000e+01,2.00890211e+01,2.03208976e+01,2.07181697e+01
2.00000000e+01,2.00894470e+01,2.03215885e+01,2.07186705e+01
2.00000000e+01,2.01010696e+01,2.03579506e+01,2.07907318e+01
2.00000000e+01,2.01010697e+01,2.03579507e+01,2.07907317e+01
2.00000000e+01,2.01008420e+01,2.03564114e+01,2.07866601e+01
2.00000000e+01,2.01008421e+01,2.03564119e+01,2.07866608e+01
2.00000000e+01,2.01210123e+01,2.04178280e+01,2.09061913e+01
2.00000000e+01,2.01186805e+01,2.04099159e+01,2.08898531e+01
2.00000000e+01,2.00886739e+01,2.03201388e+01,2.07172762e+01
2.00000000e+01,2.00885051e+01,2.03198107e+01,2.07166961e+01
2.00000000e+01,2.01007504e+01,2.03580697e+01,2.07922613e+01
2.00000000e+01,2.01007472e+01,2.03580606e+01,2.07922439e+01
2.00000000e+01,2.01010046e+01,2.03583474e+01,2.07922806e+01
2.00000000e+01,2.01010048e+01,2.03583480e+01,2.07922811e+01
2.00000000e+01,2.01233816e+01,2.04258712e+01,2.09228716e+01
2.00000000e+01,2.01222607e+01,2.04223955e+01,2.09159642e+01
2.00000000e+01,2.02025547e+01,2.06486543e+01,2.13369811e+01
2.00000000e+01,2.01277811e+01,2.04355010e+01,2.09373526e+01
2.00000000e+01,2.01646801e+01,2.05410480e+01,2.11360679e+01
2.00000000e+01,2.01200701e+01,2.04117002e+01,2.08905885e+01
2.00000000e+01,2.01601126e+01,2.05293724e+01,2.11150639e+01
2.00000000e+01,2.01325324e+01,2.04495818e+01,2.09643011e+01
2.00000000e+01,2.02157317e+01,2.06860889e+01,2.14068979e+01
2.00000000e+01,2.01411690e+01,2.04733212e+01,2.10079840e+01
2.00000000e+01,2.01239861e+01,2.04231782e+01,2.09125066e+01
2.00000000e+01,2.01729354e+01,2.05644103e+01,2.11799139e+01
2.00000000e+01,2.01689424e+01,2.05544137e+01,2.11619113e+01
2.00000000e+01,2.01468101e+01,2.04896406e+01,2.10389199e+01
2.00000000e+01,2.02712756e+01,2.08363471e+01,2.16766806e+01
2.00000000e+01,2.01360050e+01,2.04612954e+01,2.09884785e+01
2.00000000e+01,2.02362622e+01,2.07439173e+01,2.15127363e+01
2.00000000e+01,2.01324269e+01,2.04505418e+01,2.09675197e+01
2.00000000e+01,2.01868238e+01,2.06079935e+01,2.12638068e+01
2.00000000e+01,2.01410943e+01,2.04772083e+01,2.10195270e+01
2.00000000e+01,2.02943627e+01,2.09028692e+01,2.18004655e+01
2.00000000e+01,2.01761254e+01,2.05761101e+01,2.12033258e+01
2.00000000e+01,2.01385767e+01,2.04682803e+01,2.10009875e+01
2.00000000e+01,2.02600710e+01,2.08083930e+01,2.16300608e+01
2.00000000e+01,2.02025823e+01,2.06510675e+01,2.13424013e+01
2.00000000e+01,2.01876950e+01,2.06088066e+01,2.12641532e+01
2.00000000e+01,2.03359348e+01,2.09913237e+01,2.19401153e+01
2.00000000e+01,2.01419908e+01,2.04761791e+01,2.10151622e+01
2.00000000e+01,2.02812604e+01,2.08689658e+01,2.17393827e+01
2.00000000e+01,2.01353877e+01,2.04615420e+01,2.09909943e+01
2.00000000e+01,2.01933922e+01,2.06303996e+01,2.13081857e+01
2.00000000e+01,2.01385137e+01,2.04738098e+01,2.10166133e+01
2.00000000e+01,2.02999052e+01,2.09325179e+01,2.18598897e+01
2.00000000e+01,2.01950668e+01,2.06312929e+01,2.13068795e+01
2.00000000e+01,2.01438968e+01,2.04849675e+01,2.10340451e+01
2.00000000e+01,2.03288887e+01,2.09900083e+01,2.19495142e+01
2.00000000e+01,2.02189858e+01,2.06959153e+01,2.14240655e+01
2.00000000e+01,2.02104080e+01,2.06745335e+01,2.13867450e+01
2.00000000e+01,2.03019577e+01,2.09179274e+01,2.18294420e+01
2.00000000e+01,2.02087294e+01,2.06653119e+01,2.13686909e+01
2.00000000e+01,2.02466614e+01,2.07714862e+01,2.15646138e+01
2.00000000e+01,2.03250446e+01,2.09830797e+01,2.19501750e+01
2.00000000e+01,2.01878312e+01,2.06063898e+01,2.12584395e+01
2.00000000e+01,2.02236898e+01,2.07060170e+01,2.14437721e+01
2.00000000e+01,2.02698630e+01,2.08343123e+01,2.16796770e+01
2.00000000e+01,2.01982586e+01,2.06356660e+01,2.13131165e+01
2.00000000e+01,2.05788598e+01,2.16157137e+01,2.30353522e+01
2.00000000e+01,2.04086709e+01,2.12044385e+01,2.23448670e+01
2.00000000e+01,2.03745401e+01,2.11131367e+01,2.21725171e+01
2.00000000e+01,2.06673715e+01,2.18606719e+01,2.34838371e+01
2.00000000e+01,2.03153442e+01,2.09564030e+01,2.18972738e+01
2.00000000e+01,2.04904495e+01,2.14159135e+01,2.27250587e+01
2.00000000e+01,2.04482998e+01,2.13007627e+01,2.25009696e+01
2.00000000e+01,2.03565653e+01,2.10663264e+01,2.20959762e+01
2.00000000e+01,2.09887234e+01,2.25268278e+01,2.44998482e+01
2.00000000e+01,2.06181143e+01,2.17263313e+01,2.32225627e+01
2.00000000e+01,2.04116704e+01,2.12194372e+01,2.23576302e+01
2.00000000e+01,2.06708798e+01,2.18844489e+01,2.34619864e+01
2.00000000e+01,2.04276135e+01,2.12456266e+01,2.23955732e+01
2.00000000e+01,2.08847854e+01,2.23555460e+01,2.42596525e+01
2.00000000e+01,2.05873099e+01,2.16317358e+01,2.30476383e+01
2.00000000e+01,2.05178594e+01,2.14742034e+01,2.27924125e+01
2.00000000e+01,2.03852940e+01,2.11176071e+01,2.21684555e+01
2.00000000e+01,2.02247775e+01,2.07129279e+01,2.14604212e+01
2.00000000e+01,2.03250451e+01,2.09830814e+01,2.19501772e+01
2.00000000e+01,2.03656751e+01,2.11068769e+01,2.21937765e+01
2.00000000e+01,2.02236900e+01,2.07060176e+01,2.14437728e+01
2.00000000e+01,2.02494324e+01,2.07736833e+01,2.15658820e+01
2.00000000e+01,2.03777935e+01,2.11211193e+01,2.22011513e+01
2.00000000e+01,2.02376346e+01,2.07446171e+01,2.15154339e+01
2.00000000e+01,2.10607831e+01,2.27188444e+01,2.48561519e+01
2.00000000e+01,2.04967792e+01,2.14503890e+01,2.28061327e+01
2.00000000e+01,2.06673777e+01,2.18606879e+01,2.34838593e+01
2.00000000e+01,2.08811165e+01,2.24642358e+01,2.46587087e+01
2.00000000e+01,2.04904511e+01,2.14159180e+01,2.27250645e+01
2.00000000e+01,2.06799156e+01,2.18752788e+01,2.35171827e+01
2.00000000e+01,2.09917328e+01,2.26800180e+01,2.49658213e+01
2.00000000e+01,2.05893892e+01,2.16653701e+01,2.31665214e+01
2.00000000e+01,2.30662683e+01,2.70001936e+01,3.16709076e+01
2.00000000e+01,2.07510288e+01,2.21230694e+01,2.39693661e+01
2.00000000e+01,2.06709613e+01,2.18846252e+01,2.34622711e+01
2.00000000e+01,2.13405937e+01,2.25919729e+01,2.30898728e+01
2.00000000e+01,2.08847806e+01,2.23555375e+01,2.42596348e+01
2.00000000e+01,2.25218316e+01,2.62091871e+01,3.08105384e+01
2.00000000e+01,2.21290297e+01,2.49172346e+01,2.79733110e+01
2.00000000e+01,2.16023114e+01,2.40301671e+01,2.70510733e+01
2.00000000e+01,2.01550735e+01,2.05147939e+01,2.10875047e+01
2.00000000e+01,2.01102486e+01,2.03837237e+01,2.08382457e+01
2.00000000e+01,2.01369913e+01,2.04612613e+01,2.09851357e+01
2.00000000e+01,2.01063052e+01,2.03708410e+01,2.08120504e+01
2.00000000e+01,2.01310558e+01,2.04452598e+01,2.09560411e+01
2.00000000e+01,2.01196431e+01,2.04116512e+01,2.08918815e+01
2.00000000e+01,2.01786846e+01,2.05821798e+01,2.12138689e+01
2.00000000e+01,2.01211967e+01,2.04150095e+01,2.08969085e+01
2.00000000e+01,2.01138753e+01,2.03933506e+01,2.08553614e+01
2.00000000e+01,2.01517225e+01,2.05038084e+01,2.10657219e+01
2.00000000e+01,2.01464386e+01,2.04899272e+01,2.10406543e+01
2.00000000e+01,2.01319351e+01,2.04464739e+01,2.09569552e+01
2.00000000e+01,2.01811831e+01,2.05912987e+01,2.12321037e+01
2.00000000e+01,2.01136594e+01,2.03958494e+01,2.08640092e+01
2.00000000e+01,2.01695780e+01,2.05577675e+01,2.11692564e+01
2.00000000e+01,2.01124944e+01,2.03915470e+01,2.08546633e+01
2.00000000e+01,2.01431896e+01,2.04831664e+01,2.10305551e+01
2.00000000e+01,2.01250806e+01,2.04299931e+01,2.09295965e+01
2.00000000e+01,2.02213696e+01,2.07041294e+01,2.14400982e+01
2.00000000e+01,2.01384414e+01,2.04680678e+01,2.10006595e+01
2.00000000e+01,2.01233492e+01,2.04237328e+01,2.09163235e+01
2.00000000e+01,2.02031568e+01,2.06520248e+01,2.13437917e+01
2.00000000e+01,2.01661933e+01,2.05491243e+01,2.11540801e+01
2.00000000e+01,2.01579499e+01,2.05243920e+01,2.11067370e+01
2.00000000e+01,2.01987181e+01,2.06375622e+01,2.13155148e+01
2.00000000e+01,2.01153896e+01,2.04009603e+01,2.08742583e+01
2.00000000e+01,2.01866125e+01,2.06085539e+01,2.12657952e+01
2.00000000e+01,2.01137307e+01,2.03969623e+01,2.08672153e+01
2.00000000e+01,2.01467748e+01,2.04957693e+01,2.10564594e+01
2.00000000e+01,2.01248714e+01,2.04313895e+01,2.09343203e+01
2.00000000e+01,2.02339856e+01,2.07442107e+01,2.15165896e+01
2.00000000e+01,2.01462310e+01,2.04928510e+01,2.10497729e+01
2.00000000e+01,2.01259033e+01,2.04330886e+01,2.09363433e+01
2.00000000e+01,2.02346697e+01,2.07412807e+01,2.15077388e+01
2.00000000e+01,2.01749227e+01,2.05749368e+01,2.12032335e+01
2.00000000e+01,2.01711443e+01,2.05644547e+01,2.11838325e+01
2.00000000e+01,2.02025557e+01,2.06486572e+01,2.13369851e+01
2.00000000e+01,2.01646804e+01,2.05410490e+01,2.11360692e+01
2.00000000e+01,2.01786852e+01,2.05821815e+01,2.12138715e+01
2.00000000e+01,2.02466616e+01,2.07714873e+01,2.15646152e+01
2.00000000e+01,2.01517226e+01,2.05038089e+01,2.10657225e+01
2.00000000e+01,2.01878314e+01,2.06063904e+01,2.12584402e+01
2.00000000e+01,2.02127713e+01,2.06775303e+01,2.13909169e+01
2.00000000e+01,2.01704596e+01,2.05573537e+01,2.11666093e+01
2.00000000e+01,2.02712836e+01,2.08363673e+01,2.16767130e+01
2.00000000e+01,2.02362641e+01,2.07439227e+01,2.15127444e+01
2.00000000e+01,2.02213755e+01,2.07041442e+01,2.14401227e+01
2.00000000e+01,2.03745408e+01,2.11131395e+01,2.21725210e+01
2.00000000e+01,2.02031577e+01,2.06520273e+01,2.13437955e+01
2.00000000e+01,2.03153456e+01,2.09564068e+01,2.18972794e+01
2.00000000e+01,2.02938374e+01,2.08991076e+01,2.17911311e+01
2.00000000e+01,2.02558337e+01,2.07966691e+01,2.16084061e+01
2.00000000e+01,2.03358723e+01,2.09911894e+01,2.19399016e+01
2.00000000e+01,2.02812464e+01,2.08689338e+01,2.17393279e+01
2.00000000e+01,2.02338080e+01,2.07437010e+01,2.15156527e+01
2.00000000e+01,2.04117762e+01,2.12197367e+01,2.23581581e+01
2.00000000e+01,2.02345533e+01,2.07409597e+01,2.15071556e+01
2.00000000e+01,2.04277186e+01,2.12458935e+01,2.23960302e+01
2.00000000e+01,2.03402551e+01,2.10197450e+01,2.20011615e+01
2.00000000e+01,2.03206963e+01,2.09711386e+01,2.19180482e+01
2.00000000e+01,2.02307581e+01,2.07224083e+01,2.14691224e+01
2.00000000e+01,2.01752370e+01,2.05719337e+01,2.11949506e+01
2.00000000e+01,2.02157330e+01,2.06860927e+01,2.14069031e+01
2.00000000e+01,2.02747078e+01,2.08512767e+01,2.17142347e+01
2.00000000e+01,2.01729359e+01,2.05644118e+01,2.11799157e+01
2.00000000e+01,2.02042399e+01,2.06516533e+01,2.13422122e+01
2.00000000e+01,2.02698639e+01,2.08343150e+01,2.16796803e+01
2.00000000e+01,2.01982589e+01,2.06356672e+01,2.13131177e+01
2.00000000e+01,2.03536999e+01,2.10364939e+01,2.20192291e+01
2.00000000e+01,2.02640581e+01,2.08234836e+01,2.16612885e+01
2.00000000e+01,2.02943703e+01,2.09028886e+01,2.18004960e+01
2.00000000e+01,2.04474221e+01,2.13135422e+01,2.25357022e+01
2.00000000e+01,2.02600733e+01,2.08083994e+01,2.16300699e+01
2.00000000e+01,2.03835447e+01,2.11347192e+01,2.22161464e+01
2.00000000e+01,2.04483039e+01,2.13007738e+01,2.25009847e+01
2.00000000e+01,2.03565674e+01,2.10663327e+01,2.20959848e+01
2.00000000e+01,2.05449221e+01,2.14633437e+01,2.27203161e+01
2.00000000e+01,2.03064550e+01,2.09519832e+01,2.19003745e+01
2.00000000e+01,2.02999156e+01,2.09325302e+01,2.18599005e+01
2.00000000e+01,2.05099340e+01,2.14776910e+01,2.28044255e+01
2.00000000e+01,2.03288667e+01,2.09899542e+01,2.19494184e+01
2.00000000e+01,2.06042082e+01,2.16738998e+01,2.31246151e+01
2.00000000e+01,2.05873893e+01,2.16319202e+01,2.30479406e+01
2.00000000e+01,2.05178867e+01,2.14742723e+01,2.27925277e+01
2.00000000e+01,2.01102488e+01,2.03837243e+01,2.08382462e+01
2.00000000e+01,2.00895598e+01,2.03211537e+01,2.07167758e+01
2.00000000e+01,2.01063053e+01,2.03708413e+01,2.08120505e+01
2.00000000e+01,2.00890951e+01,2.03189008e+01,2.07112502e+01
2.00000000e+01,2.00998206e+01,2.03523922e+01,2.07776632e+01
2.00000000e+01,2.00998205e+01,2.03523921e+01,2.07776633e+01
2.00000000e+01,2.01310559e+01,2.04452598e+01,2.09560409e+01
2.00000000e+01,2.00977558e+01,2.03451646e+01,2.07623638e+01
2.00000000e+01,2.00977558e+01,2.03451645e+01,2.07623638e+01
2.00000000e+01,2.01211968e+01,2.04150098e+01,2.08969088e+01
2.00000000e+01,2.01149012e+01,2.03975722e+01,2.08648500e+01
2.00000000e+01,2.01093448e+01,2.03798962e+01,2.08294884e+01
2.00000000e+01,2.01136595e+01,2.03958497e+01,2.08640096e+01
2.00000000e+01,2.00890216e+01,2.03208979e+01,2.07181701e+01
2.00000000e+01,2.01124942e+01,2.03915463e+01,2.08546618e+01
2.00000000e+01,2.00894475e+01,2.03215888e+01,2.07186710e+01
2.00000000e+01,2.01010702e+01,2.03579510e+01,2.07907322e+01
2.00000000e+01,2.01010703e+01,2.03579510e+01,2.07907321e+01
2.00000000e+01,2.01431882e+01,2.04831626e+01,2.10305477e+01
2.00000000e+01,2.01008425e+01,2.03564118e+01,2.07866604e+01
2.00000000e+01,2.01008427e+01,2.03564121e+01,2.07866612e+01
2.00000000e+01,2.01384416e+01,2.04680684e+01,2.10006601e+01
2.00000000e+01,2.01210130e+01,2.04178283e+01,2.09061918e+01
2.00000000e+01,2.01186811e+01,2.04099162e+01,2.08898536e+01
2.00000000e+01,2.01153926e+01,2.04009681e+01,2.08742722e+01
2.00000000e+01,2.00886744e+01,2.03201392e+01,2.07172767e+01
2.00000000e+01,2.01137280e+01,2.03969552e+01,2.08672023e+01
2.00000000e+01,2.00885057e+01,2.03198110e+01,2.07166965e+01
2.00000000e+01,2.01007510e+01,2.03580702e+01,2.07922618e+01
2.00000000e+01,2.01007478e+01,2.03580609e+01,2.07922443e+01
2.00000000e+01,2.01467034e+01,2.04955728e+01,2.10560971e+01
2.00000000e+01,2.01010052e+01,2.03583478e+01,2.07922810e+01
2.00000000e+01,2.01010054e+01,2.03583482e+01,2.07922816e+01
2.00000000e+01,2.01462031e+01,2.04927706e+01,2.10496215e+01
2.00000000e+01,2.01233824e+01,2.04258716e+01,2.09228722e+01
2.00000000e+01,2.01222615e+01,2.04223959e+01,2.09159648e+01
2.00000000e+01,2.01277815e+01,2.04355022e+01,2.09373539e+01
2.00000000e+01,2.01200703e+01,2.04117010e+01,2.08905893e+01
2.00000000e+01,2.01196433e+01,2.04116518e+01,2.08918821e+01
2.00000000e+01,2.01601129e+01,2.05293735e+01,2.11150651e+01
2.00000000e+01,2.01138754e+01,2.03933512e+01,2.08553619e+01
2.00000000e+01,2.01411693e+01,2.04733224e+01,2.10079854e+01
2.00000000e+01,2.01464390e+01,2.04899283e+01,2.10406555e+01
2.00000000e+01,2.01319353e+01,2.04464746e+01,2.09569559e+01
2.00000000e+01,2.01360041e+01,2.04612933e+01,2.09884741e+01
2.00000000e+01,2.01324264e+01,2.04505411e+01,2.09675177e+01
2.00000000e+01,2.01250795e+01,2.04299908e+01,2.09295926e+01
2.00000000e+01,2.01868228e+01,2.06079917e+01,2.12638025e+01
2.00000000e+01,2.01233489e+01,2.04237324e+01,2.09163222e+01
2.00000000e+01,2.01761267e+01,2.05761137e+01,2.12033307e+01
2.00000000e+01,2.01661941e+01,2.05491259e+01,2.11540817e+01
2.00000000e+01,2.01579505e+01,2.05243939e+01,2.11067394e+01
2.00000000e+01,2.01419977e+01,2.04761999e+01,2.10152005e+01
2.00000000e+01,2.01353830e+01,2.04615320e+01,2.09909771e+01
2.00000000e+01,2.01248792e+01,2.04314097e+01,2.09343559e+01
2.00000000e+01,2.01931130e+01,2.06296482e+01,2.13068265e+01
2.00000000e+01,2.01259019e+01,2.04330851e+01,2.09363367e+01
2.00000000e+01,2.01949467e+01,2.06309576e+01,2.13062618e+01
2.00000000e+01,2.01747194e+01,2.05743542e+01,2.12021480e+01
2.00000000e+01,2.01710378e+01,2.05641505e+01,2.11832656e+01
2.00000000e+01,2.01359410e+01,2.04583980e+01,2.09800791e+01
2.00000000e+01,2.01251879e+01,2.04269589e+01,2.09199559e+01
2.00000000e+01,2.01325325e+01,2.04495825e+01,2.09643014e+01
2.00000000e+01,2.01716717e+01,2.05630047e+01,2.11787116e+01
2.00000000e+01,2.01239864e+01,2.04231793e+01,2.09125077e+01
2.00000000e+01,2.01494161e+01,2.04970031e+01,2.10527168e+01
2.00000000e+01,2.01689433e+01,2.05544163e+01,2.11619145e+01
2.00000000e+01,2.01468105e+01,2.04896420e+01,2.10389215e+01
2.00000000e+01,2.01498516e+01,2.04976888e+01,2.10540869e+01
2.00000000e+01,2.01396381e+01,2.04723746e+01,2.10096145e+01
2.00000000e+01,2.01410903e+01,2.04771996e+01,2.10195117e+01
2.00000000e+01,2.02040237e+01,2.06582526e+01,2.13582106e+01
2.00000000e+01,2.01385765e+01,2.04682802e+01,2.10009863e+01
2.00000000e+01,2.01937902e+01,2.06253248e+01,2.12942491e+01
2.00000000e+01,2.02025857e+01,2.06510757e+01,2.13424128e+01
2.00000000e+01,2.01876962e+01,2.06088101e+01,2.12641578e+01
2.00000000e+01,2.01662725e+01,2.05348196e+01,2.11165728e+01
2.00000000e+01,2.01407220e+01,2.04802264e+01,2.10288647e+01
2.00000000e+01,2.01385256e+01,2.04738402e+01,2.10166650e+01
2.00000000e+01,2.02091145e+01,2.06789909e+01,2.14008246e+01
2.00000000e+01,2.01438959e+01,2.04849664e+01,2.10340429e+01
2.00000000e+01,2.02219907e+01,2.07032699e+01,2.14366511e+01
2.00000000e+01,2.02188107e+01,2.06954280e+01,2.14231743e+01
2.00000000e+01,2.02103078e+01,2.06742606e+01,2.13862481e+01
2.00000000e+01,2.02025554e+01,2.06486575e+01,2.13369849e+01
2.00000000e+01,2.01277814e+01,2.04355023e+01,2.09373538e+01
2.00000000e+01,2.01646802e+01,2.05410492e+01,2.11360691e+01
2.00000000e+01,2.01200702e+01,2.04117011e+01,2.08905892e+01
2.00000000e+01,2.02157328e+01,2.06860928e+01,2.14069029e+01
2.00000000e+01,2.01601127e+01,2.05293737e+01,2.11150650e+01
2.00000000e+01,2.01325324e+01,2.04495826e+01,2.09643014e+01
2.00000000e+01,2.01729358e+01,2.05644119e+01,2.11799156e+01
2.00000000e+01,2.01411692e+01,2.04733226e+01,2.10079854e+01
2.00000000e+01,2.01239863e+01,2.04231794e+01,2.09125076e+01
2.00000000e+01,2.01689432e+01,2.05544164e+01,2.11619144e+01
2.00000000e+01,2.01468105e+01,2.04896421e+01,2.10389215e+01
2.00000000e+01,2.02712829e+01,2.08363674e+01,2.16767119e+01
2.00000000e+01,2.01360039e+01,2.04612934e+01,2.09884738e+01
2.00000000e+01,2.02362637e+01,2.07439230e+01,2.15127438e+01
2.00000000e+01,2.01324263e+01,2.04505412e+01,2.09675177e+01
2.00000000e+01,2.02943699e+01,2.09028888e+01,2.18004956e+01
2.00000000e+01,2.01868225e+01,2.06079919e+01,2.12638022e+01
2.00000000e+01,2.01410902e+01,2.04771996e+01,2.10195117e+01
2.00000000e+01,2.02600730e+01,2.08083996e+01,2.16300696e+01
2.00000000e+01,2.01761264e+01,2.05761139e+01,2.12033305e+01
2.00000000e+01,2.01385764e+01,2.04682803e+01,2.10009862e+01
2.00000000e+01,2.02025856e+01,2.06510758e+01,2.13424127e+01
2.00000000e+01,2.01876961e+01,2.06088102e+01,2.12641577e+01
2.00000000e+01,2.03358723e+01,2.09911914e+01,2.19399032e+01
2.00000000e+01,2.01419975e+01,2.04762001e+01,2.10152004e+01
2.00000000e+01,2.02812461e+01,2.08689352e+01,2.17393287e+01
2.00000000e+01,2.01353829e+01,2.04615321e+01,2.09909770e+01
2.00000000e+01,2.02999157e+01,2.09325317e+01,2.18599018e+01
2.00000000e+01,2.01931127e+01,2.06296486e+01,2.13068264e+01
2.00000000e+01,2.01385256e+01,2.04738403e+01,2.10166650e+01
2.00000000e+01,2.03288664e+01,2.09899547e+01,2.19494181e+01
2.00000000e+01,2.01949464e+01,2.06309579e+01,2.13062616e+01
2.00000000e+01,2.01438958e+01,2.04849664e+01,2.10340428e+01
2.00000000e+01,2.02188106e+01,2.06954283e+01,2.14231743e+01
2.00000000e+01,2.02103077e+01,2.06742608e+01,2.13862481e+01
2.00000000e+01,2.01550731e+01,2.05147943e+01,2.10875045e+01
2.00000000e+01,2.01102486e+01,2.03837244e+01,2.08382460e+01
2.00000000e+01,2.01369911e+01,2.04612616e+01,2.09851355e+01
2.00000000e+01,2.01063052e+01,2.03708416e+01,2.08120505e+01
2.00000000e+01,2.01786849e+01,2.05821819e+01,2.12138712e+01
2.00000000e+01,2.01310556e+01,2.04452601e+01,2.09560408e+01
2.00000000e+01,2.01196431e+01,2.04116520e+01,2.08918819e+01
2.00000000e+01,2.01517224e+01,2.05038091e+01,2.10657223e+01
2.00000000e+01,2.01211966e+01,2.04150101e+01,2.08969088e+01
2.00000000e+01,2.01138753e+01,2.03933515e+01,2.08553619e+01
2.00000000e+01,2.01464388e+01,2.04899285e+01,2.10406554e+01
2.00000000e+01,2.01319351e+01,2.04464749e+01,2.09569559e+01
2.00000000e+01,2.01811825e+01,2.05912989e+01,2.12321029e+01
2.00000000e+01,2.01136592e+01,2.03958498e+01,2.08640092e+01
2.00000000e+01,2.01695775e+01,2.05577678e+01,2.11692558e+01
2.00000000e+01,2.01124939e+01,2.03915465e+01,2.08546615e+01
2.00000000e+01,2.02213748e+01,2.07041444e+01,2.14401217e+01
2.00000000e+01,2.01431878e+01,2.04831627e+01,2.10305472e+01
2.00000000e+01,2.01250792e+01,2.04299910e+01,2.09295923e+01
2.00000000e+01,2.02031572e+01,2.06520277e+01,2.13437949e+01
2.00000000e+01,2.01384413e+01,2.04680686e+01,2.10006597e+01
2.00000000e+01,2.01233487e+01,2.04237325e+01,2.09163219e+01
2.00000000e+01,2.01661937e+01,2.05491261e+01,2.11540813e+01
2.00000000e+01,2.01579502e+01,2.05243941e+01,2.11067391e+01
2.00000000e+01,2.01987172e+01,2.06375623e+01,2.13155136e+01
2.00000000e+01,2.01153923e+01,2.04009682e+01,2.08742718e+01
2.00000000e+01,2.01866117e+01,2.06085540e+01,2.12657942e+01
2.00000000e+01,2.01137277e+01,2.03969553e+01,2.08672020e+01
2.00000000e+01,2.02338072e+01,2.07437014e+01,2.15156518e+01
2.00000000e+01,2.01467030e+01,2.04955730e+01,2.10560965e+01
2.00000000e+01,2.01248789e+01,2.04314098e+01,2.09343557e+01
2.00000000e+01,2.02345525e+01,2.07409600e+01,2.15071546e+01
2.00000000e+01,2.01462027e+01,2.04927707e+01,2.10496210e+01
2.00000000e+01,2.01259016e+01,2.04330851e+01,2.09363364e+01
2.00000000e+01,2.01747190e+01,2.05743545e+01,2.12021477e+01
2.00000000e+01,2.01710374e+01,2.05641508e+01,2.11832653e+01
2.00000000e+01,2.01102483e+01,2.03837240e+01,2.08382455e+01
2.00000000e+01,2.00895597e+01,2.03211539e+01,2.07167756e+01
2.00000000e+01,2.01063049e+01,2.03708413e+01,2.08120501e+01
2.00000000e+01,2.00890950e+01,2.03189011e+01,2.07112501e+01
2.00000000e+01,2.01310555e+01,2.04452601e+01,2.09560408e+01
2.00000000e+01,2.00998203e+01,2.03523923e+01,2.07776630e+01
2.00000000e+01,2.00998204e+01,2.03523924e+01,2.07776631e+01
2.00000000e+01,2.01211965e+01,2.04150098e+01,2.08969083e+01
2.00000000e+01,2.00977556e+01,2.03451648e+01,2.07623636e+01
2.00000000e+01,2.00977557e+01,2.03451648e+01,2.07623637e+01
2.00000000e+01,2.01149010e+01,2.03975724e+01,2.08648498e+01
2.00000000e+01,2.01093445e+01,2.03798965e+01,2.08294883e+01
2.00000000e+01,2.01136590e+01,2.03958496e+01,2.08640088e+01
2.00000000e+01,2.00890214e+01,2.03208980e+01,2.07181698e+01
2.00000000e+01,2.01124941e+01,2.03915472e+01,2.08546629e+01
2.00000000e+01,2.00894473e+01,2.03215889e+01,2.07186707e+01
2.00000000e+01,2.01431890e+01,2.04831666e+01,2.10305545e+01
2.00000000e+01,2.01010700e+01,2.03579511e+01,2.07907317e+01
2.00000000e+01,2.01010700e+01,2.03579511e+01,2.07907319e+01
2.00000000e+01,2.01384409e+01,2.04680681e+01,2.10006590e+01
2.00000000e+01,2.01008424e+01,2.03564123e+01,2.07866609e+01
2.00000000e+01,2.01008423e+01,2.03564119e+01,2.07866602e+01
2.00000000e+01,2.01210126e+01,2.04178285e+01,2.09061914e+01
2.00000000e+01,2.01186808e+01,2.04099163e+01,2.08898532e+01
2.00000000e+01,2.01153891e+01,2.04009604e+01,2.08742578e+01
2.00000000e+01,2.00886741e+01,2.03201393e+01,2.07172763e+01
2.00000000e+01,2.01137303e+01,2.03969625e+01,2.08672148e+01
2.00000000e+01,2.00885054e+01,2.03198111e+01,2.07166962e+01
2.00000000e+01,2.01467742e+01,2.04957696e+01,2.10564589e+01
2.00000000e+01,2.01007475e+01,2.03580610e+01,2.07922440e+01
2.00000000e+01,2.01007507e+01,2.03580703e+01,2.07922615e+01
2.00000000e+01,2.01462305e+01,2.04928512e+01,2.10497724e+01
2.00000000e+01,2.01010051e+01,2.03583484e+01,2.07922812e+01
2.00000000e+01,2.01010049e+01,2.03583479e+01,2.07922807e+01
2.00000000e+01,2.01233820e+01,2.04258718e+01,2.09228717e+01
2.00000000e+01,2.01222611e+01,2.04223960e+01,2.09159643e+01
2.00000000e+01,2.03019571e+01,2.09179280e+01,2.18294415e+01
2.00000000e+01,2.02087292e+01,2.06653122e+01,2.13686907e+01
2.00000000e+01,2.03250447e+01,2.09830819e+01,2.19501770e+01
2.00000000e+01,2.02466612e+01,2.07714877e+01,2.15646148e+01
2.00000000e+01,2.02236898e+01,2.07060177e+01,2.14437726e+01
2.00000000e+01,2.01878312e+01,2.06063907e+01,2.12584401e+01
2.00000000e+01,2.02698636e+01,2.08343152e+01,2.16796801e+01
2.00000000e+01,2.01982588e+01,2.06356673e+01,2.13131177e+01
2.00000000e+01,2.05788582e+01,2.16157168e+01,2.30353513e+01
2.00000000e+01,2.04086697e+01,2.12044396e+01,2.23448657e+01
2.00000000e+01,2.06673761e+01,2.18606894e+01,2.34838566e+01
2.00000000e+01,2.03745396e+01,2.11131403e+01,2.21725196e+01
2.00000000e+01,2.04904503e+01,2.14159188e+01,2.27250635e+01
2.00000000e+01,2.03153449e+01,2.09564075e+01,2.18972786e+01
2.00000000e+01,2.04483032e+01,2.13007743e+01,2.25009835e+01
2.00000000e+01,2.03565670e+01,2.10663331e+01,2.20959842e+01
2.00000000e+01,2.09887211e+01,2.25268341e+01,2.44998481e+01
2.00000000e+01,2.06181108e+01,2.17263332e+01,2.32225576e+01
2.00000000e+01,2.06709566e+01,2.18846238e+01,2.34622604e+01
2.00000000e+01,2.04117706e+01,2.12197267e+01,2.23581369e+01
2.00000000e+01,2.08847780e+01,2.23555391e+01,2.42596280e+01
2.00000000e+01,2.04277143e+01,2.12458871e+01,2.23960153e+01
2.00000000e+01,2.05873848e+01,2.16319132e+01,2.30479259e+01
2.00000000e+01,2.05178846e+01,2.14742703e+01,2.27925216e+01
2.00000000e+01,2.02025541e+01,2.06486549e+01,2.13369806e+01
2.00000000e+01,2.01646797e+01,2.05410483e+01,2.11360675e+01
2.00000000e+01,2.02466607e+01,2.07714868e+01,2.15646132e+01
2.00000000e+01,2.01786841e+01,2.05821802e+01,2.12138685e+01
2.00000000e+01,2.01878309e+01,2.06063901e+01,2.12584391e+01
2.00000000e+01,2.01517222e+01,2.05038087e+01,2.10657216e+01
2.00000000e+01,2.02127708e+01,2.06775308e+01,2.13909164e+01
2.00000000e+01,2.01704593e+01,2.05573540e+01,2.11666091e+01
2.00000000e+01,2.02712746e+01,2.08363481e+01,2.16766798e+01
2.00000000e+01,2.02362612e+01,2.07439180e+01,2.15127354e+01
2.00000000e+01,2.03745385e+01,2.11131381e+01,2.21725154e+01
2.00000000e+01,2.02213687e+01,2.07041298e+01,2.14400972e+01
2.00000000e+01,2.03153431e+01,2.09564040e+01,2.18972728e+01
2.00000000e+01,2.02031561e+01,2.06520253e+01,2.13437910e+01
2.00000000e+01,2.02938364e+01,2.08991084e+01,2.17911301e+01
2.00000000e+01,2.02558329e+01,2.07966697e+01,2.16084053e+01
2.00000000e+01,2.03359336e+01,2.09913248e+01,2.19401143e+01
2.00000000e+01,2.02812591e+01,2.08689665e+01,2.17393811e+01
2.00000000e+01,2.04116679e+01,2.12194388e+01,2.23576274e+01
2.00000000e+01,2.02339848e+01,2.07442117e+01,2.15165890e+01
2.00000000e+01,2.04276116e+01,2.12456287e+01,2.23955717e+01
2.00000000e+01,2.02346686e+01,2.07412810e+01,2.15077373e+01
2.00000000e+01,2.03402498e+01,2.10197362e+01,2.20011432e+01
2.00000000e+01,2.03206933e+01,2.09711350e+01,2.19180389e+01
2.00000000e+01,2.01277807e+01,2.04355013e+01,2.09373522e+01
2.00000000e+01,2.01200697e+01,2.04117005e+01,2.08905882e+01
2.00000000e+01,2.01601121e+01,2.05293727e+01,2.11150633e+01
2.00000000e+01,2.01196427e+01,2.04116514e+01,2.08918811e+01
2.00000000e+01,2.01411686e+01,2.04733215e+01,2.10079836e+01
2.00000000e+01,2.01138750e+01,2.03933509e+01,2.08553610e+01
2.00000000e+01,2.01464382e+01,2.04899275e+01,2.10406538e+01
2.00000000e+01,2.01319347e+01,2.04464742e+01,2.09569548e+01
2.00000000e+01,2.01360044e+01,2.04612957e+01,2.09884780e+01
2.00000000e+01,2.01324263e+01,2.04505421e+01,2.09675193e+01
2.00000000e+01,2.01868230e+01,2.06079939e+01,2.12638060e+01
2.00000000e+01,2.01250801e+01,2.04299934e+01,2.09295961e+01
2.00000000e+01,2.01761247e+01,2.05761106e+01,2.12033252e+01
2.00000000e+01,2.01233487e+01,2.04237331e+01,2.09163231e+01
2.00000000e+01,2.01661927e+01,2.05491246e+01,2.11540795e+01
2.00000000e+01,2.01579493e+01,2.05243924e+01,2.11067364e+01
2.00000000e+01,2.01419903e+01,2.04761793e+01,2.10151616e+01
2.00000000e+01,2.01353871e+01,2.04615422e+01,2.09909937e+01
2.00000000e+01,2.01933913e+01,2.06304001e+01,2.13081848e+01
2.00000000e+01,2.01248709e+01,2.04313898e+01,2.09343200e+01
2.00000000e+01,2.01950659e+01,2.06312934e+01,2.13068788e+01
2.00000000e+01,2.01259028e+01,2.04330888e+01,2.09363428e+01
2.00000000e+01,2.01749218e+01,2.05749368e+01,2.12032322e+01
2.00000000e+01,2.01711436e+01,2.05644549e+01,2.11838316e+01
2.00000000e+01,2.03250437e+01,2.09830804e+01,2.19501744e+01
2.00000000e+01,2.02236895e+01,2.07060173e+01,2.14437718e+01
2.00000000e+01,2.03777929e+01,2.11211195e+01,2.22011506e+01
2.00000000e+01,2.02376344e+01,2.07446173e+01,2.15154338e+01
2.00000000e+01,2.06673681e+01,2.18606758e+01,2.34838334e+01
2.00000000e+01,2.04904479e+01,2.14159150e+01,2.27250569e+01
2.00000000e+01,2.09917300e+01,2.26800211e+01,2.49658177e+01
2.00000000e+01,2.05893881e+01,2.16653711e+01,2.31665202e+01
2.00000000e+01,2.06708743e+01,2.18844544e+01,2.34619808e+01
2.00000000e+01,2.08847801e+01,2.23555524e+01,2.42596496e+01
2.00000000e+01,2.21290141e+01,2.49172519e+01,2.79732924e+01
2.00000000e+01,2.16023022e+01,2.40301776e+01,2.70510607e+01
2.00000000e+01,2.02157311e+01,2.06860895e+01,2.14068973e+01
2.00000000e+01,2.01729350e+01,2.05644106e+01,2.11799135e+01
2.00000000e+01,2.02698622e+01,2.08343129e+01,2.16796762e+01
2.00000000e+01,2.01982582e+01,2.06356663e+01,2.13131161e+01
2.00000000e+01,2.02943614e+01,2.09028702e+01,2.18004641e+01
2.00000000e+01,2.02600700e+01,2.08083938e+01,2.16300599e+01
2.00000000e+01,2.04482978e+01,2.13007647e+01,2.25009678e+01
2.00000000e+01,2.03565639e+01,2.10663277e+01,2.20959748e+01
2.00000000e+01,2.02999035e+01,2.09325191e+01,2.18598880e+01
2.00000000e+01,2.03288871e+01,2.09900096e+01,2.19495128e+01
2.00000000e+01,2.05873072e+01,2.16317383e+01,2.30476354e+01
2.00000000e+01,2.05178568e+01,2.14742057e+01,2.27924099e+01
2.00000000e+01,2.01325319e+01,2.04495822e+01,2.09643007e+01
2.00000000e+01,2.01239857e+01,2.04231785e+01,2.09125062e+01
2.00000000e+01,2.01689419e+01,2.05544141e+01,2.11619107e+01
2.00000000e+01,2.01468097e+01,2.04896409e+01,2.10389194e+01
2.00000000e+01,2.01410937e+01,2.04772086e+01,2.10195264e+01
2.00000000e+01,2.01385762e+01,2.04682806e+01,2.10009870e+01
2.00000000e+01,2.02025815e+01,2.06510680e+01,2.13424004e+01
2.00000000e+01,2.01876943e+01,2.06088071e+01,2.12641524e+01
2.00000000e+01,2.01385130e+01,2.04738101e+01,2.10166127e+01
2.00000000e+01,2.01438961e+01,2.04849678e+01,2.10340445e+01
2.00000000e+01,2.02189848e+01,2.06959158e+01,2.14240644e+01
2.00000000e+01,2.02104070e+01,2.06745340e+01,2.13867441e+01
2.00000000e+01,2.00074205e+01,2.00377416e+01,2.01105679e+01
2.00000000e+01,2.00066236e+01,2.00342161e+01,2.01015254e+01
2.00000000e+01,2.00055009e+01,2.00291432e+01,2.00882807e+01
2.00000000e+01,2.00066237e+01,2.00342166e+01,2.01015266e+01
2.00000000e+01,2.00077213e+01,2.00389614e+01,2.01134848e+01
2.00000000e+01,2.00070208e+01,2.00358597e+01,2.01055211e+01
2.00000000e+01,2.00060178e+01,2.00313520e+01,2.00937974e+01
2.00000000e+01,2.00070209e+01,2.00358599e+01,2.01055215e+01
2.00000000e+01,2.00069734e+01,2.00357709e+01,2.01055284e+01
2.00000000e+01,2.00059899e+01,2.00313717e+01,2.00941418e+01
2.00000000e+01,2.00059891e+01,2.00313679e+01,2.00941320e+01
2.00000000e+01,2.00069735e+01,2.00357714e+01,2.01055298e+01
2.00000000e+01,2.00074947e+01,2.00380430e+01,2.01112898e+01
2.00000000e+01,2.00067251e+01,2.00346389e+01,2.01025588e+01
2.00000000e+01,2.00056397e+01,2.00297446e+01,2.00898006e+01
2.00000000e+01,2.00067252e+01,2.00346391e+01,2.01025592e+01
2.00000000e+01,2.00073500e+01,2.00373169e+01,2.01092627e+01
2.00000000e+01,2.00064860e+01,2.00334618e+01,2.00992988e+01
2.00000000e+01,2.00064860e+01,2.00334618e+01,2.00992989e+01
2.00000000e+01,2.00073500e+01,2.00373170e+01,2.01092630e+01
2.00000000e+01,2.00064190e+01,2.00333031e+01,2.00991662e+01
2.00000000e+01,2.00070696e+01,2.00361678e+01,2.01064910e+01
2.00000000e+01,2.00061214e+01,2.00319309e+01,2.00955316e+01
2.00000000e+01,2.00061210e+01,2.00319292e+01,2.00955271e+01
2.00000000e+01,2.00070697e+01,2.00361680e+01,2.01064915e+01
2.00000000e+01,2.00068915e+01,2.00352733e+01,2.01039870e+01
2.00000000e+01,2.00065441e+01,2.00338293e+01,2.01004629e+01
2.00000000e+01,2.00086776e+01,2.00428058e+01,2.01226224e+01
2.00000000e+01,2.00082856e+01,2.00410132e+01,2.01179111e+01
2.00000000e+01,2.00076681e+01,2.00382238e+01,2.01106244e+01
2.00000000e+01,2.00082856e+01,2.00410133e+01,2.01179112e+01
2.00000000e+01,2.00081098e+01,2.00405298e+01,2.01172239e+01
2.00000000e+01,2.00075309e+01,2.00379510e+01,2.01105704e+01
2.00000000e+01,2.00066745e+01,2.00341114e+01,2.01005995e+01
2.00000000e+01,2.00075309e+01,2.00379511e+01,2.01105706e+01
2.00000000e+01,2.00084793e+01,2.00418924e+01,2.01202107e+01
2.00000000e+01,2.00079732e+01,2.00395957e+01,2.01141987e+01
2.00000000e+01,2.00079732e+01,2.00395958e+01,2.01141987e+01
2.00000000e+01,2.00084793e+01,2.00418925e+01,2.01202107e+01
2.00000000e+01,2.00078105e+01,2.00391923e+01,2.01137659e+01
2.00000000e+01,2.00070867e+01,2.00359576e+01,2.01053936e+01
2.00000000e+01,2.00070867e+01,2.00359576e+01,2.01053936e+01
2.00000000e+01,2.00078105e+01,2.00391923e+01,2.01137660e+01
2.00000000e+01,2.00082236e+01,2.00407257e+01,2.01171457e+01
2.00000000e+01,2.00074361e+01,2.00375160e+01,2.01094230e+01
2.00000000e+01,2.00094361e+01,2.00458259e+01,2.01297542e+01
2.00000000e+01,2.00093154e+01,2.00451477e+01,2.01277473e+01
2.00000000e+01,2.00090774e+01,2.00439539e+01,2.01244129e+01
2.00000000e+01,2.00093154e+01,2.00451477e+01,2.01277474e+01
2.00000000e+01,2.00093792e+01,2.00454921e+01,2.01287470e+01
2.00000000e+01,2.00092029e+01,2.00445670e+01,2.01261003e+01
2.00000000e+01,2.00092029e+01,2.00445670e+01,2.01261004e+01
2.00000000e+01,2.00093792e+01,2.00454921e+01,2.01287470e+01
2.00000000e+01,2.00092961e+01,2.00450409e+01,2.01274334e+01
2.00000000e+01,2.00048859e+01,2.00262877e+01,2.00806404e+01
2.00000000e+01,2.00061780e+01,2.00322184e+01,2.00963433e+01
2.00000000e+01,2.00054455e+01,2.00287232e+01,2.00868273e+01
2.00000000e+01,2.00066161e+01,2.00340454e+01,2.01008148e+01
2.00000000e+01,2.00051424e+01,2.00274934e+01,2.00839076e+01
2.00000000e+01,2.00054455e+01,2.00288912e+01,2.00876213e+01
2.00000000e+01,2.00063613e+01,2.00330441e+01,2.00984944e+01
2.00000000e+01,2.00050358e+01,2.00269554e+01,2.00823775e+01
2.00000000e+01,2.00062871e+01,2.00326768e+01,2.00974732e+01
2.00000000e+01,2.00057098e+01,2.00299353e+01,2.00900399e+01
2.00000000e+01,2.00059892e+01,2.00312080e+01,2.00933910e+01
2.00000000e+01,2.00068026e+01,2.00348770e+01,2.01029642e+01
2.00000000e+01,2.00056675e+01,2.00299062e+01,2.00902968e+01
2.00000000e+01,2.00052905e+01,2.00281364e+01,2.00855330e+01
2.00000000e+01,2.00055855e+01,2.00294923e+01,2.00891263e+01
2.00000000e+01,2.00064721e+01,2.00335063e+01,2.00996254e+01
2.00000000e+01,2.00062189e+01,2.00322459e+01,2.00961041e+01
2.00000000e+01,2.00058120e+01,2.00305255e+01,2.00918464e+01
2.00000000e+01,2.00073026e+01,2.00365484e+01,2.01061902e+01
2.00000000e+01,2.00080589e+01,2.00399621e+01,2.01151166e+01
2.00000000e+01,2.00061754e+01,2.00318339e+01,2.00945900e+01
2.00000000e+01,2.00071932e+01,2.00364288e+01,2.01066046e+01
2.00000000e+01,2.00074876e+01,2.00373838e+01,2.01083789e+01
2.00000000e+01,2.00076757e+01,2.00382269e+01,2.01105732e+01
2.00000000e+01,2.00081741e+01,2.00404853e+01,2.01164878e+01
2.00000000e+01,2.00064166e+01,2.00329258e+01,2.00974559e+01
2.00000000e+01,2.00066635e+01,2.00340388e+01,2.01003644e+01
2.00000000e+01,2.00073562e+01,2.00371553e+01,2.01084828e+01
2.00000000e+01,2.00078268e+01,2.00389104e+01,2.01123615e+01
2.00000000e+01,2.00068684e+01,2.00349592e+01,2.01027612e+01
2.00000000e+01,2.00089427e+01,2.00432594e+01,2.01224365e+01
2.00000000e+01,2.00092586e+01,2.00447957e+01,2.01266555e+01
2.00000000e+01,2.00090220e+01,2.00436432e+01,2.01234884e+01
2.00000000e+01,2.00091090e+01,2.00440505e+01,2.01245809e+01
2.00000000e+01,2.00092955e+01,2.00449959e+01,2.01272390e+01
2.00000000e+01,2.00091665e+01,2.00443402e+01,2.01253936e+01
2.00000000e+01,2.00046672e+01,2.00252270e+01,2.00776699e+01
2.00000000e+01,2.00060326e+01,2.00315581e+01,2.00946091e+01
2.00000000e+01,2.00052533e+01,2.00278229e+01,2.00843918e+01
2.00000000e+01,2.00064831e+01,2.00334447e+01,2.00992450e+01
2.00000000e+01,2.00047531e+01,2.00256797e+01,2.00790489e+01
2.00000000e+01,2.00052717e+01,2.00280928e+01,2.00855094e+01
2.00000000e+01,2.00060719e+01,2.00317425e+01,2.00951111e+01
2.00000000e+01,2.00048439e+01,2.00260602e+01,2.00799743e+01
2.00000000e+01,2.00061455e+01,2.00320388e+01,2.00958123e+01
2.00000000e+01,2.00053355e+01,2.00282040e+01,2.00854195e+01
2.00000000e+01,2.00058271e+01,2.00304661e+01,2.00914317e+01
2.00000000e+01,2.00065367e+01,2.00336806e+01,2.00998507e+01
2.00000000e+01,2.00053147e+01,2.00282870e+01,2.00860123e+01
2.00000000e+01,2.00048965e+01,2.00262998e+01,2.00806012e+01
2.00000000e+01,2.00054109e+01,2.00286889e+01,2.00869943e+01
2.00000000e+01,2.00061849e+01,2.00322140e+01,2.00962632e+01
2.00000000e+01,2.00058929e+01,2.00307587e+01,2.00921871e+01
2.00000000e+01,2.00054628e+01,2.00289267e+01,2.00876246e+01
2.00000000e+01,2.00071803e+01,2.00359829e+01,2.01046803e+01
2.00000000e+01,2.00079848e+01,2.00396156e+01,2.01141894e+01
2.00000000e+01,2.00060114e+01,2.00310779e+01,2.00925761e+01
2.00000000e+01,2.00070825e+01,2.00359264e+01,2.01052886e+01
2.00000000e+01,2.00072468e+01,2.00362754e+01,2.01054333e+01
2.00000000e+01,2.00075774e+01,2.00377717e+01,2.01093598e+01
2.00000000e+01,2.00080260e+01,2.00397944e+01,2.01146436e+01
2.00000000e+01,2.00060882e+01,2.00314181e+01,2.00934547e+01
2.00000000e+01,2.00065239e+01,2.00334008e+01,2.00986796e+01
2.00000000e+01,2.00071340e+01,2.00361499e+01,2.01058546e+01
2.00000000e+01,2.00076312e+01,2.00380062e+01,2.01099573e+01
2.00000000e+01,2.00065900e+01,2.00336909e+01,2.00994230e+01
2.00000000e+01,2.00088991e+01,2.00430318e+01,2.01217824e+01
2.00000000e+01,2.00092425e+01,2.00446885e+01,2.01263123e+01
2.00000000e+01,2.00089357e+01,2.00431926e+01,2.01221954e+01
2.00000000e+01,2.00090797e+01,2.00438849e+01,2.01240859e+01
2.00000000e+01,2.00092620e+01,2.00447773e+01,2.01265454e+01
2.00000000e+01,2.00091078e+01,2.00440101e+01,2.01244101e+01
2.00000000e+01,2.00061780e+01,2.00322181e+01,2.00963427e+01
2.00000000e+01,2.00048858e+01,2.00262873e+01,2.00806395e+01
2.00000000e+01,2.00066160e+01,2.00340452e+01,2.01008144e+01
2.00000000e+01,2.00054455e+01,2.00287232e+01,2.00868273e+01
2.00000000e+01,2.00063613e+01,2.00330437e+01,2.00984935e+01
2.00000000e+01,2.00054475e+01,2.00289001e+01,2.00876450e+01
2.00000000e+01,2.00051436e+01,2.00274990e+01,2.00839226e+01
2.00000000e+01,2.00062871e+01,2.00326767e+01,2.00974730e+01
2.00000000e+01,2.00050358e+01,2.00269555e+01,2.00823776e+01
2.00000000e+01,2.00068025e+01,2.00348769e+01,2.01029637e+01
2.00000000e+01,2.00059892e+01,2.00312080e+01,2.00933910e+01
2.00000000e+01,2.00057099e+01,2.00299353e+01,2.00900399e+01
2.00000000e+01,2.00056697e+01,2.00299164e+01,2.00903236e+01
2.00000000e+01,2.00064721e+01,2.00335062e+01,2.00996251e+01
2.00000000e+01,2.00055865e+01,2.00294970e+01,2.00891387e+01
2.00000000e+01,2.00052912e+01,2.00281399e+01,2.00855423e+01
2.00000000e+01,2.00062189e+01,2.00322458e+01,2.00961041e+01
2.00000000e+01,2.00058132e+01,2.00305310e+01,2.00918607e+01
2.00000000e+01,2.00080589e+01,2.00399620e+01,2.01151165e+01
2.00000000e+01,2.00073026e+01,2.00365484e+01,2.01061902e+01
2.00000000e+01,2.00071932e+01,2.00364288e+01,2.01066045e+01
2.00000000e+01,2.00061754e+01,2.00318339e+01,2.00945900e+01
2.00000000e+01,2.00081741e+01,2.00404852e+01,2.01164877e+01
2.00000000e+01,2.00076756e+01,2.00382269e+01,2.01105731e+01
2.00000000e+01,2.00074876e+01,2.00373838e+01,2.01083789e+01
2.00000000e+01,2.00073562e+01,2.00371552e+01,2.01084826e+01
2.00000000e+01,2.00066635e+01,2.00340388e+01,2.01003643e+01
2.00000000e+01,2.00064166e+01,2.00329258e+01,2.00974559e+01
2.00000000e+01,2.00078268e+01,2.00389103e+01,2.01123614e+01
2.00000000e+01,2.00068684e+01,2.00349592e+01,2.01027611e+01
2.00000000e+01,2.00092586e+01,2.00447957e+01,2.01266555e+01
2.00000000e+01,2.00089427e+01,2.00432594e+01,2.01224365e+01
2.00000000e+01,2.00092955e+01,2.00449959e+01,2.01272389e+01
2.00000000e+01,2.00091090e+01,2.00440505e+01,2.01245808e+01
2.00000000e+01,2.00090220e+01,2.00436432e+01,2.01234884e+01
2.00000000e+01,2.00091664e+01,2.00443401e+01,2.01253935e+01
2.00000000e+01,2.00041417e+01,2.00226790e+01,2.00705634e+01
2.00000000e+01,2.00047750e+01,2.00255607e+01,2.00782127e+01
2.00000000e+01,2.00044863e+01,2.00244117e+01,2.00755837e+01
2.00000000e+01,2.00044867e+01,2.00244133e+01,2.00755881e+01
2.00000000e+01,2.00043373e+01,2.00236322e+01,2.00732748e+01
2.00000000e+01,2.00050904e+01,2.00270573e+01,2.00823234e+01
2.00000000e+01,2.00050904e+01,2.00270573e+01,2.00823234e+01
2.00000000e+01,2.00047520e+01,2.00256657e+01,2.00789831e+01
2.00000000e+01,2.00046350e+01,2.00250633e+01,2.00772373e+01
2.00000000e+01,2.00046352e+01,2.00250643e+01,2.00772401e+01
2.00000000e+01,2.00053766e+01,2.00283857e+01,2.00858866e+01
2.00000000e+01,2.00049132e+01,2.00263767e+01,2.00808071e+01
2.00000000e+01,2.00068580e+01,2.00345055e+01,2.01007524e+01
2.00000000e+01,2.00055878e+01,2.00291112e+01,2.00872846e+01
2.00000000e+01,2.00070829e+01,2.00355267e+01,2.01034498e+01
2.00000000e+01,2.00070829e+01,2.00355267e+01,2.01034498e+01
2.00000000e+01,2.00058723e+01,2.00304221e+01,2.00907943e+01
2.00000000e+01,2.00058723e+01,2.00304221e+01,2.00907943e+01
2.00000000e+01,2.00072877e+01,2.00364535e+01,2.01058865e+01
2.00000000e+01,2.00061360e+01,2.00316268e+01,2.00939866e+01
2.00000000e+01,2.00087605e+01,2.00423559e+01,2.01199146e+01
2.00000000e+01,2.00088657e+01,2.00428517e+01,2.01212550e+01
2.00000000e+01,2.00088657e+01,2.00428517e+01,2.01212551e+01
2.00000000e+01,2.00089572e+01,2.00432889e+01,2.01224460e+01
2.00000000e+01,2.00036408e+01,2.00199248e+01,2.00618718e+01
2.00000000e+01,2.00045121e+01,2.00242397e+01,2.00743715e+01
2.00000000e+01,2.00040414e+01,2.00222763e+01,2.00697216e+01
2.00000000e+01,2.00042793e+01,2.00234249e+01,2.00728828e+01
2.00000000e+01,2.00041193e+01,2.00225646e+01,2.00702482e+01
2.00000000e+01,2.00046476e+01,2.00249370e+01,2.00764483e+01
2.00000000e+01,2.00048910e+01,2.00261152e+01,2.00797539e+01
2.00000000e+01,2.00043165e+01,2.00235793e+01,2.00732330e+01
2.00000000e+01,2.00041571e+01,2.00227297e+01,2.00706806e+01
2.00000000e+01,2.00044142e+01,2.00239944e+01,2.00742535e+01
2.00000000e+01,2.00049689e+01,2.00264699e+01,2.00806893e+01
2.00000000e+01,2.00044832e+01,2.00243325e+01,2.00752112e+01
2.00000000e+01,2.00067088e+01,2.00338071e+01,2.00988588e+01
2.00000000e+01,2.00053986e+01,2.00282191e+01,2.00848354e+01
2.00000000e+01,2.00067922e+01,2.00341852e+01,2.00998629e+01
2.00000000e+01,2.00069509e+01,2.00349158e+01,2.01018148e+01
2.00000000e+01,2.00054842e+01,2.00286030e+01,2.00858444e+01
2.00000000e+01,2.00056935e+01,2.00295869e+01,2.00885350e+01
2.00000000e+01,2.00070217e+01,2.00352266e+01,2.01026127e+01
2.00000000e+01,2.00057785e+01,2.00299697e+01,2.00895412e+01
2.00000000e+01,2.00087036e+01,2.00420698e+01,2.01191066e+01
2.00000000e+01,2.00087488e+01,2.00422658e+01,2.01196060e+01
2.00000000e+01,2.00088156e+01,2.00425945e+01,2.01205205e+01
2.00000000e+01,2.00088571e+01,2.00427765e+01,2.01209884e+01
2.00000000e+01,2.00060325e+01,2.00315578e+01,2.00946085e+01
2.00000000e+01,2.00046673e+01,2.00252271e+01,2.00776701e+01
2.00000000e+01,2.00064831e+01,2.00334445e+01,2.00992446e+01
2.00000000e+01,2.00052533e+01,2.00278229e+01,2.00843917e+01
2.00000000e+01,2.00060719e+01,2.00317423e+01,2.00951107e+01
2.00000000e+01,2.00052717e+01,2.00280928e+01,2.00855095e+01
2.00000000e+01,2.00047531e+01,2.00256799e+01,2.00790495e+01
2.00000000e+01,2.00061454e+01,2.00320386e+01,2.00958118e+01
2.00000000e+01,2.00048439e+01,2.00260602e+01,2.00799744e+01
2.00000000e+01,2.00065366e+01,2.00336804e+01,2.00998503e+01
2.00000000e+01,2.00058271e+01,2.00304661e+01,2.00914316e+01
2.00000000e+01,2.00053355e+01,2.00282040e+01,2.00854195e+01
2.00000000e+01,2.00053160e+01,2.00282929e+01,2.00860280e+01
2.00000000e+01,2.00061849e+01,2.00322139e+01,2.00962630e+01
2.00000000e+01,2.00054109e+01,2.00286889e+01,2.00869941e+01
2.00000000e+01,2.00048966e+01,2.00263001e+01,2.00806021e+01
2.00000000e+01,2.00058928e+01,2.00307587e+01,2.00921871e+01
2.00000000e+01,2.00054634e+01,2.00289299e+01,2.00876331e+01
2.00000000e+01,2.00079848e+01,2.00396155e+01,2.01141893e+01
2.00000000e+01,2.00071803e+01,2.00359829e+01,2.01046802e+01
2.00000000e+01,2.00070824e+01,2.00359263e+01,2.01052884e+01
2.00000000e+01,2.00060114e+01,2.00310779e+01,2.00925761e+01
2.00000000e+01,2.00080259e+01,2.00397944e+01,2.01146435e+01
2.00000000e+01,2.00075774e+01,2.00377717e+01,2.01093598e+01
2.00000000e+01,2.00072468e+01,2.00362754e+01,2.01054333e+01
2.00000000e+01,2.00071339e+01,2.00361498e+01,2.01058544e+01
2.00000000e+01,2.00065239e+01,2.00334008e+01,2.00986795e+01
2.00000000e+01,2.00060882e+01,2.00314181e+01,2.00934546e+01
2.00000000e+01,2.00076312e+01,2.00380062e+01,2.01099572e+01
2.00000000e+01,2.00065899e+01,2.00336909e+01,2.00994229e+01
2.00000000e+01,2.00092425e+01,2.00446885e+01,2.01263122e+01
2.00000000e+01,2.00088991e+01,2.00430318e+01,2.01217824e+01
2.00000000e+01,2.00092620e+01,2.00447772e+01,2.01265453e+01
2.00000000e+01,2.00090797e+01,2.00438849e+01,2.01240858e+01
2.00000000e+01,2.00089357e+01,2.00431926e+01,2.01221953e+01
2.00000000e+01,2.00091078e+01,2.00440100e+01,2.01244100e+01
2.00000000e+01,2.00036408e+01,2.00199246e+01,2.00618712e+01
2.00000000e+01,2.00045121e+01,2.00242396e+01,2.00743714e+01
2.00000000e+01,2.00042793e+01,2.00234250e+01,2.00728830e+01
2.00000000e+01,2.00040414e+01,2.00222762e+01,2.00697214e+01
2.00000000e+01,2.00041193e+01,2.00225646e+01,2.00702483e+01
2.00000000e+01,2.00048910e+01,2.00261153e+01,2.00797539e+01
2.00000000e+01,2.00046476e+01,2.00249370e+01,2.00764483e+01
2.00000000e+01,2.00043164e+01,2.00235791e+01,2.00732322e+01
2.00000000e+01,2.00044141e+01,2.00239944e+01,2.00742534e+01
2.00000000e+01,2.00041571e+01,2.00227297e+01,2.00706807e+01
2.00000000e+01,2.00049689e+01,2.00264699e+01,2.00806893e+01
2.00000000e+01,2.00044832e+01,2.00243323e+01,2.00752108e+01
2.00000000e+01,2.00067088e+01,2.00338071e+01,2.00988588e+01
2.00000000e+01,2.00053986e+01,2.00282191e+01,2.00848354e+01
2.00000000e+01,2.00069509e+01,2.00349158e+01,2.01018148e+01
2.00000000e+01,2.00067922e+01,2.00341852e+01,2.00998629e+01
2.00000000e+01,2.00056935e+01,2.00295869e+01,2.00885350e+01
2.00000000e+01,2.00054842e+01,2.00286030e+01,2.00858444e+01
2.00000000e+01,2.00070217e+01,2.00352266e+01,2.01026127e+01
2.00000000e+01,2.00057785e+01,2.00299696e+01,2.00895412e+01
2.00000000e+01,2.00087036e+01,2.00420698e+01,2.01191066e+01
2.00000000e+01,2.00088156e+01,2.00425944e+01,2.01205205e+01
2.00000000e+01,2.00087488e+01,2.00422658e+01,2.01196060e+01
2.00000000e+01,2.00088571e+01,2.00427765e+01,2.01209884e+01
2.00000000e+01,2.00000000e+01,2.00000000e+01,2.00000000e+01
2.00000000e+01,2.00040493e+01,2.00219170e+01,2.00677468e+01
2.00000000e+01,2.00037507e+01,2.00211549e+01,2.00679583e+01
2.00000000e+01,2.00037507e+01,2.00211547e+01,2.00679575e+01
2.00000000e+01,2.00035355e+01,2.00187516e+01,2.00556082e+01
2.00000000e+01,2.00044236e+01,2.00238394e+01,2.00732593e+01
2.00000000e+01,2.00044236e+01,2.00238394e+01,2.00732593e+01
2.00000000e+01,2.00036813e+01,2.00203771e+01,2.00641031e+01
2.00000000e+01,2.00037223e+01,2.00202912e+01,2.00627923e+01
2.00000000e+01,2.00037223e+01,2.00202912e+01,2.00627924e+01
2.00000000e+01,2.00044866e+01,2.00240923e+01,2.00738464e+01
2.00000000e+01,2.00039106e+01,2.00214138e+01,2.00666316e+01
2.00000000e+01,2.00065362e+01,2.00329937e+01,2.00966446e+01
2.00000000e+01,2.00051934e+01,2.00272454e+01,2.00821299e+01
2.00000000e+01,2.00066463e+01,2.00335097e+01,2.00980409e+01
2.00000000e+01,2.00066463e+01,2.00335097e+01,2.00980409e+01
2.00000000e+01,2.00052777e+01,2.00276173e+01,2.00831030e+01
2.00000000e+01,2.00052777e+01,2.00276173e+01,2.00831030e+01
2.00000000e+01,2.00067211e+01,2.00338328e+01,2.00988589e+01
2.00000000e+01,2.00053776e+01,2.00280805e+01,2.00843619e+01
2.00000000e+01,2.00086415e+01,2.00417616e+01,2.01182420e+01
2.00000000e+01,2.00086886e+01,2.00419637e+01,2.01187519e+01
2.00000000e+01,2.00086886e+01,2.00419637e+01,2.01187519e+01
2.00000000e+01,2.00087372e+01,2.00421767e+01,2.01193008e+01
2.00000000e+01,2.00061780e+01,2.00322181e+01,2.00963426e+01
2.00000000e+01,2.00048858e+01,2.00262873e+01,2.00806395e+01
2.00000000e+01,2.00066160e+01,2.00340452e+01,2.01008144e+01
2.00000000e+01,2.00054455e+01,2.00287232e+01,2.00868273e+01
2.00000000e+01,2.00060719e+01,2.00317423e+01,2.00951107e+01
2.00000000e+01,2.00054474e+01,2.00289001e+01,2.00876450e+01
2.00000000e+01,2.00047531e+01,2.00256799e+01,2.00790495e+01
2.00000000e+01,2.00062871e+01,2.00326767e+01,2.00974730e+01
2.00000000e+01,2.00050358e+01,2.00269555e+01,2.00823776e+01
2.00000000e+01,2.00065366e+01,2.00336804e+01,2.00998503e+01
2.00000000e+01,2.00059892e+01,2.00312080e+01,2.00933910e+01
2.00000000e+01,2.00053355e+01,2.00282040e+01,2.00854195e+01
2.00000000e+01,2.00053160e+01,2.00282929e+01,2.00860280e+01
2.00000000e+01,2.00061849e+01,2.00322139e+01,2.00962630e+01
2.00000000e+01,2.00055865e+01,2.00294970e+01,2.00891387e+01
2.00000000e+01,2.00048966e+01,2.00263001e+01,2.00806021e+01
2.00000000e+01,2.00058928e+01,2.00307587e+01,2.00921871e+01
2.00000000e+01,2.00054634e+01,2.00289299e+01,2.00876331e+01
2.00000000e+01,2.00080589e+01,2.00399620e+01,2.01151164e+01
2.00000000e+01,2.00073026e+01,2.00365484e+01,2.01061902e+01
2.00000000e+01,2.00071932e+01,2.00364288e+01,2.01066044e+01
2.00000000e+01,2.00061754e+01,2.00318339e+01,2.00945900e+01
2.00000000e+01,2.00080259e+01,2.00397944e+01,2.01146435e+01
2.00000000e+01,2.00076756e+01,2.00382269e+01,2.01105731e+01
2.00000000e+01,2.00072468e+01,2.00362754e+01,2.01054333e+01
2.00000000e+01,2.00071339e+01,2.00361498e+01,2.01058544e+01
2.00000000e+01,2.00066635e+01,2.00340388e+01,2.01003643e+01
2.00000000e+01,2.00060882e+01,2.00314181e+01,2.00934546e+01
2.00000000e+01,2.00076312e+01,2.00380062e+01,2.01099572e+01
2.00000000e+01,2.00065899e+01,2.00336909e+01,2.00994229e+01
2.00000000e+01,2.00092586e+01,2.00447957e+01,2.01266554e+01
2.00000000e+01,2.00089427e+01,2.00432594e+01,2.01224365e+01
2.00000000e+01,2.00092620e+01,2.00447772e+01,2.01265453e+01
2.00000000e+01,2.00091090e+01,2.00440505e+01,2.01245808e+01
2.00000000e+01,2.00089357e+01,2.00431926e+01,2.01221953e+01
2.00000000e+01,2.00091078e+01,2.00440100e+01,2.01244100e+01
2.00000000e+01,2.00041417e+01,2.00226790e+01,2.00705634e+01
2.00000000e+01,2.00047750e+01,2.00255607e+01,2.00782127e+01
2.00000000e+01,2.00044863e+01,2.00244117e+01,2.00755837e+01
2.00000000e+01,2.00040414e+01,2.00222762e+01,2.00697214e+01
2.00000000e+01,2.00043373e+01,2.00236322e+01,2.00732747e+01
2.00000000e+01,2.00050904e+01,2.00270573e+01,2.00823234e+01
2.00000000e+01,2.00046476e+01,2.00249370e+01,2.00764483e+01
2.00000000e+01,2.00043164e+01,2.00235791e+01,2.00732322e+01
2.00000000e+01,2.00046350e+01,2.00250633e+01,2.00772373e+01
2.00000000e+01,2.00041571e+01,2.00227297e+01,2.00706807e+01
2.00000000e+01,2.00049689e+01,2.00264699e+01,2.00806893e+01
2.00000000e+01,2.00044832e+01,2.00243323e+01,2.00752108e+01
2.00000000e+01,2.00068580e+01,2.00345055e+01,2.01007524e+01
2.00000000e+01,2.00055878e+01,2.00291112e+01,2.00872846e+01
2.00000000e+01,2.00070829e+01,2.00355267e+01,2.01034498e+01
2.00000000e+01,2.00067922e+01,2.00341852e+01,2.00998629e+01
2.00000000e+01,2.00058723e+01,2.00304221e+01,2.00907943e+01
2.00000000e+01,2.00054842e+01,2.00286030e+01,2.00858444e+01
2.00000000e+01,2.00070217e+01,2.00352266e+01,2.01026127e+01
2.00000000e+01,2.00057785e+01,2.00299696e+01,2.00895412e+01
2.00000000e+01,2.00087605e+01,2.00423559e+01,2.01199146e+01
2.00000000e+01,2.00088657e+01,2.00428517e+01,2.01212550e+01
2.00000000e+01,2.00087488e+01,2.00422658e+01,2.01196060e+01
2.00000000e+01,2.00088571e+01,2.00427765e+01,2.01209884e+01
2.00000000e+01,2.00036408e+01,2.00199248e+01,2.00618718e+01
2.00000000e+01,2.00045121e+01,2.00242397e+01,2.00743715e+01
2.00000000e+01,2.00040414e+01,2.00222763e+01,2.00697216e+01
2.00000000e+01,2.00037507e+01,2.00211547e+01,2.00679575e+01
2.00000000e+01,2.00041193e+01,2.00225646e+01,2.00702482e+01
2.00000000e+01,2.00046476e+01,2.00249370e+01,2.00764483e+01
2.00000000e+01,2.00044236e+01,2.00238394e+01,2.00732593e+01
2.00000000e+01,2.00036813e+01,2.00203771e+01,2.00641031e+01
2.00000000e+01,2.00041571e+01,2.00227297e+01,2.00706806e+01
2.00000000e+01,2.00037223e+01,2.00202912e+01,2.00627923e+01
2.00000000e+01,2.00044866e+01,2.00240923e+01,2.00738464e+01
2.00000000e+01,2.00039106e+01,2.00214138e+01,2.00666316e+01
2.00000000e+01,2.00067088e+01,2.00338071e+01,2.00988588e+01
2.00000000e+01,2.00053986e+01,2.00282191e+01,2.00848354e+01
2.00000000e+01,2.00067922e+01,2.00341852e+01,2.00998629e+01
2.00000000e+01,2.00066463e+01,2.00335097e+01,2.00980409e+01
2.00000000e+01,2.00054842e+01,2.00286030e+01,2.00858444e+01
2.00000000e+01,2.00052777e+01,2.00276173e+01,2.00831030e+01
2.00000000e+01,2.00067211e+01,2.00338328e+01,2.00988589e+01
2.00000000e+01,2.00053776e+01,2.00280805e+01,2.00843619e+01
2.00000000e+01,2.00087036e+01,2.00420698e+01,2.01191066e+01
2.00000000e+01,2.00087488e+01,2.00422658e+01,2.01196060e+01
2.00000000e+01,2.00086886e+01,2.00419637e+01,2.01187519e+01
2.00000000e+01,2.00087372e+01,2.00421767e+01,2.01193008e+01
2.00000000e+01,2.00066236e+01,2.00342161e+01,2.01015254e+01
2.00000000e+01,2.00055009e+01,2.00291432e+01,2.00882807e+01
2.00000000e+01,2.00070208e+01,2.00358597e+01,2.01055210e+01
2.00000000e+01,2.00060178e+01,2.00313520e+01,2.00937974e+01
2.00000000e+01,2.00063612e+01,2.00330437e+01,2.00984935e+01
2.00000000e+01,2.00059899e+01,2.00313717e+01,2.00941418e+01
2.00000000e+01,2.00051436e+01,2.00274990e+01,2.00839226e+01
2.00000000e+01,2.00067251e+01,2.00346389e+01,2.01025588e+01
2.00000000e+01,2.00056397e+01,2.00297446e+01,2.00898006e+01
2.00000000e+01,2.00068025e+01,2.00348768e+01,2.01029637e+01
2.00000000e+01,2.00064860e+01,2.00334617e+01,2.00992988e+01
2.00000000e+01,2.00057098e+01,2.00299353e+01,2.00900399e+01
2.00000000e+01,2.00056697e+01,2.00299164e+01,2.00903236e+01
2.00000000e+01,2.00064721e+01,2.00335062e+01,2.00996251e+01
2.00000000e+01,2.00061214e+01,2.00319309e+01,2.00955316e+01
2.00000000e+01,2.00052912e+01,2.00281399e+01,2.00855423e+01
2.00000000e+01,2.00062189e+01,2.00322458e+01,2.00961040e+01
2.00000000e+01,2.00058132e+01,2.00305309e+01,2.00918607e+01
2.00000000e+01,2.00082856e+01,2.00410132e+01,2.01179111e+01
2.00000000e+01,2.00076681e+01,2.00382238e+01,2.01106244e+01
2.00000000e+01,2.00075309e+01,2.00379510e+01,2.01105704e+01
2.00000000e+01,2.00066745e+01,2.00341114e+01,2.01005994e+01
2.00000000e+01,2.00081741e+01,2.00404852e+01,2.01164876e+01
2.00000000e+01,2.00079732e+01,2.00395957e+01,2.01141986e+01
2.00000000e+01,2.00074876e+01,2.00373838e+01,2.01083789e+01
2.00000000e+01,2.00073561e+01,2.00371552e+01,2.01084826e+01
2.00000000e+01,2.00070866e+01,2.00359575e+01,2.01053935e+01
2.00000000e+01,2.00064166e+01,2.00329258e+01,2.00974559e+01
2.00000000e+01,2.00078268e+01,2.00389103e+01,2.01123614e+01
2.00000000e+01,2.00068684e+01,2.00349592e+01,2.01027611e+01
2.00000000e+01,2.00093154e+01,2.00451477e+01,2.01277473e+01
2.00000000e+01,2.00090774e+01,2.00439538e+01,2.01244129e+01
2.00000000e+01,2.00092955e+01,2.00449959e+01,2.01272389e+01
2.00000000e+01,2.00092029e+01,2.00445670e+01,2.01261003e+01
2.00000000e+01,2.00090220e+01,2.00436432e+01,2.01234884e+01
2.00000000e+01,2.00091664e+01,2.00443401e+01,2.01253935e+01
2.00000000e+01,2.00048859e+01,2.00262876e+01,2.00806404e+01
2.00000000e+01,2.00054455e+01,2.00287232e+01,2.00868272e+01
2.00000000e+01,2.00051424e+01,2.00274933e+01,2.00839076e+01
2.00000000e+01,2.00044867e+01,2.00244133e+01,2.00755881e+01
2.00000000e+01,2.00050357e+01,2.00269554e+01,2.00823775e+01
2.00000000e+01,2.00057098e+01,2.00299353e+01,2.00900398e+01
2.00000000e+01,2.00050904e+01,2.00270573e+01,2.00823234e+01
2.00000000e+01,2.00047520e+01,2.00256657e+01,2.00789831e+01
2.00000000e+01,2.00052905e+01,2.00281364e+01,2.00855330e+01
2.00000000e+01,2.00046352e+01,2.00250643e+01,2.00772400e+01
2.00000000e+01,2.00053766e+01,2.00283857e+01,2.00858866e+01
2.00000000e+01,2.00049132e+01,2.00263767e+01,2.00808071e+01
2.00000000e+01,2.00073026e+01,2.00365484e+01,2.01061902e+01
2.00000000e+01,2.00061754e+01,2.00318339e+01,2.00945900e+01
2.00000000e+01,2.00074876e+01,2.00373838e+01,2.01083789e+01
2.00000000e+01,2.00070829e+01,2.00355267e+01,2.01034498e+01
2.00000000e+01,2.00064166e+01,2.00329258e+01,2.00974559e+01
2.00000000e+01,2.00058723e+01,2.00304221e+01,2.00907943e+01
2.00000000e+01,2.00072877e+01,2.00364535e+01,2.01058865e+01
2.00000000e+01,2.00061360e+01,2.00316268e+01,2.00939866e+01
2.00000000e+01,2.00089427e+01,2.00432594e+01,2.01224365e+01
2.00000000e+01,2.00090220e+01,2.00436432e+01,2.01234884e+01
2.00000000e+01,2.00088657e+01,2.00428517e+01,2.01212550e+01
2.00000000e+01,2.00089572e+01,2.00432889e+01,2.01224460e+01
2.00000000e+01,2.00046672e+01,2.00252270e+01,2.00776699e+01
2.00000000e+01,2.00052533e+01,2.00278229e+01,2.00843917e+01
2.00000000e+01,2.00047531e+01,2.00256797e+01,2.00790489e+01
2.00000000e+01,2.00042793e+01,2.00234249e+01,2.00728828e+01
2.00000000e+01,2.00048438e+01,2.00260602e+01,2.00799743e+01
2.00000000e+01,2.00053355e+01,2.00282040e+01,2.00854195e+01
2.00000000e+01,2.00048910e+01,2.00261152e+01,2.00797539e+01
2.00000000e+01,2.00043165e+01,2.00235793e+01,2.00732330e+01
2.00000000e+01,2.00048965e+01,2.00262998e+01,2.00806012e+01
2.00000000e+01,2.00044141e+01,2.00239944e+01,2.00742535e+01
2.00000000e+01,2.00049689e+01,2.00264699e+01,2.00806893e+01
2.00000000e+01,2.00044832e+01,2.00243325e+01,2.00752112e+01
2.00000000e+01,2.00071803e+01,2.00359829e+01,2.01046803e+01
2.00000000e+01,2.00060114e+01,2.00310779e+01,2.00925761e+01
2.00000000e+01,2.00072468e+01,2.00362754e+01,2.01054333e+01
2.00000000e+01,2.00069509e+01,2.00349158e+01,2.01018148e+01
2.00000000e+01,2.00060882e+01,2.00314181e+01,2.00934547e+01
2.00000000e+01,2.00056934e+01,2.00295869e+01,2.00885350e+01
2.00000000e+01,2.00070217e+01,2.00352266e+01,2.01026127e+01
2.00000000e+01,2.00057785e+01,2.00299696e+01,2.00895412e+01
2.00000000e+01,2.00088991e+01,2.00430318e+01,2.01217824e+01
2.00000000e+01,2.00089357e+01,2.00431926e+01,2.01221954e+01
2.00000000e+01,2.00088156e+01,2.00425945e+01,2.01205205e+01
2.00000000e+01,2.00088571e+01,2.00427765e+01,2.01209884e+01
2.00000000e+01,2.00074205e+01,2.00377416e+01,2.01105679e+01
2.00000000e+01,2.00066237e+01,2.00342166e+01,2.01015265e+01
2.00000000e+01,2.00077213e+01,2.00389615e+01,2.01134848e+01
2.00000000e+01,2.00070208e+01,2.00358599e+01,2.01055215e+01
2.00000000e+01,2.00069734e+01,2.00357709e+01,2.01055284e+01
2.00000000e+01,2.00069735e+01,2.00357714e+01,2.01055298e+01
2.00000000e+01,2.00059891e+01,2.00313679e+01,2.00941319e+01
2.00000000e+01,2.00074947e+01,2.00380430e+01,2.01112898e+01
2.00000000e+01,2.00067251e+01,2.00346391e+01,2.01025592e+01
2.00000000e+01,2.00073500e+01,2.00373169e+01,2.01092627e+01
2.00000000e+01,2.00073500e+01,2.00373170e+01,2.01092630e+01
2.00000000e+01,2.00064860e+01,2.00334618e+01,2.00992988e+01
2.00000000e+01,2.00064190e+01,2.00333031e+01,2.00991662e+01
2.00000000e+01,2.00070696e+01,2.00361678e+01,2.01064910e+01
2.00000000e+01,2.00070696e+01,2.00361680e+01,2.01064915e+01
2.00000000e+01,2.00061210e+01,2.00319291e+01,2.00955271e+01
2.00000000e+01,2.00068915e+01,2.00352733e+01,2.01039869e+01
2.00000000e+01,2.00065441e+01,2.00338293e+01,2.01004629e+01
2.00000000e+01,2.00086776e+01,2.00428058e+01,2.01226224e+01
2.00000000e+01,2.00082856e+01,2.00410133e+01,2.01179112e+01
2.00000000e+01,2.00081097e+01,2.00405298e+01,2.01172239e+01
2.00000000e+01,2.00075309e+01,2.00379510e+01,2.01105706e+01
2.00000000e+01,2.00084793e+01,2.00418924e+01,2.01202106e+01
2.00000000e+01,2.00084793e+01,2.00418924e+01,2.01202107e+01
2.00000000e+01,2.00079732e+01,2.00395957e+01,2.01141987e+01
2.00000000e+01,2.00078105e+01,2.00391922e+01,2.01137659e+01
2.00000000e+01,2.00078105e+01,2.00391923e+01,2.01137660e+01
2.00000000e+01,2.00070866e+01,2.00359576e+01,2.01053936e+01
2.00000000e+01,2.00082236e+01,2.00407257e+01,2.01171456e+01
2.00000000e+01,2.00074361e+01,2.00375159e+01,2.01094230e+01
2.00000000e+01,2.00094361e+01,2.00458259e+01,2.01297542e+01
2.00000000e+01,2.00093154e+01,2.00451477e+01,2.01277473e+01
2.00000000e+01,2.00093792e+01,2.00454921e+01,2.01287470e+01
2.00000000e+01,2.00093792e+01,2.00454921e+01,2.01287470e+01
2.00000000e+01,2.00092029e+01,2.00445670e+01,2.01261004e+01
2.00000000e+01,2.00092961e+01,2.00450409e+01,2.01274334e+01
2.00000000e+01,2.00061780e+01,2.00322184e+01,2.00963433e+01
2.00000000e+01,2.00066161e+01,2.00340454e+01,2.01008148e+01
2.00000000e+01,2.00063613e+01,2.00330440e+01,2.00984944e+01
2.00000000e+01,2.00054455e+01,2.00288912e+01,2.00876213e+01
2.00000000e+01,2.00062871e+01,2.00326768e+01,2.00974732e+01
2.00000000e+01,2.00068025e+01,2.00348770e+01,2.01029641e+01
2.00000000e+01,2.00059892e+01,2.00312080e+01,2.00933909e+01
2.00000000e+01,2.00056675e+01,2.00299062e+01,2.00902968e+01
2.00000000e+01,2.00064721e+01,2.00335063e+01,2.00996254e+01
2.00000000e+01,2.00055855e+01,2.00294923e+01,2.00891262e+01
2.00000000e+01,2.00062189e+01,2.00322458e+01,2.00961040e+01
2.00000000e+01,2.00058120e+01,2.00305255e+01,2.00918464e+01
2.00000000e+01,2.00080589e+01,2.00399621e+01,2.01151166e+01
2.00000000e+01,2.00071932e+01,2.00364288e+01,2.01066046e+01
2.00000000e+01,2.00081741e+01,2.00404853e+01,2.01164878e+01
2.00000000e+01,2.00076756e+01,2.00382269e+01,2.01105732e+01
2.00000000e+01,2.00073562e+01,2.00371553e+01,2.01084828e+01
2.00000000e+01,2.00066635e+01,2.00340388e+01,2.01003644e+01
2.00000000e+01,2.00078268e+01,2.00389103e+01,2.01123615e+01
2.00000000e+01,2.00068684e+01,2.00349592e+01,2.01027612e+01
2.00000000e+01,2.00092586e+01,2.00447957e+01,2.01266555e+01
2.00000000e+01,2.00092955e+01,2.00449959e+01,2.01272389e+01
2.00000000e+01,2.00091090e+01,2.00440505e+01,2.01245809e+01
2.00000000e+01,2.00091664e+01,2.00443401e+01,2.01253936e+01
2.00000000e+01,2.00060326e+01,2.00315581e+01,2.00946091e+01
2.00000000e+01,2.00064831e+01,2.00334446e+01,2.00992450e+01
2.00000000e+01,2.00060719e+01,2.00317425e+01,2.00951110e+01
2.00000000e+01,2.00052717e+01,2.00280928e+01,2.00855094e+01
2.00000000e+01,2.00061455e+01,2.00320388e+01,2.00958123e+01
2.00000000e+01,2.00065366e+01,2.00336805e+01,2.00998507e+01
2.00000000e+01,2.00058271e+01,2.00304661e+01,2.00914317e+01
2.00000000e+01,2.00053147e+01,2.00282870e+01,2.00860123e+01
2.00000000e+01,2.00061849e+01,2.00322140e+01,2.00962632e+01
2.00000000e+01,2.00054109e+01,2.00286889e+01,2.00869943e+01
2.00000000e+01,2.00058928e+01,2.00307587e+01,2.00921871e+01
2.00000000e+01,2.00054627e+01,2.00289267e+01,2.00876246e+01
2.00000000e+01,2.00079848e+01,2.00396156e+01,2.01141894e+01
2.00000000e+01,2.00070825e+01,2.00359263e+01,2.01052886e+01
2.00000000e+01,2.00080259e+01,2.00397944e+01,2.01146436e+01
2.00000000e+01,2.00075774e+01,2.00377717e+01,2.01093599e+01
2.00000000e+01,2.00071340e+01,2.00361498e+01,2.01058546e+01
2.00000000e+01,2.00065239e+01,2.00334008e+01,2.00986796e+01
2.00000000e+01,2.00076312e+01,2.00380062e+01,2.01099573e+01
2.00000000e+01,2.00065899e+01,2.00336909e+01,2.00994230e+01
2.00000000e+01,2.00092425e+01,2.00446885e+01,2.01263123e+01
2.00000000e+01,2.00092620e+01,2.00447773e+01,2.01265454e+01
2.00000000e+01,2.00090797e+01,2.00438849e+01,2.01240859e+01
2.00000000e+01,2.00091078e+01,2.00440101e+01,2.01244101e+01
2.00000000e+01,2.00041417e+01,2.00226790e+01,2.00705634e+01
2.00000000e+01,2.00036408e+01,2.00199246e+01,2.00618712e+01
2.00000000e+01,2.00047750e+01,2.00255607e+01,2.00782127e+01
2.00000000e+01,2.00045121e+01,2.00242396e+01,2.00743714e+01
2.00000000e+01,2.00040414e+01,2.00222763e+01,2.00697216e+01
2.00000000e+01,2.00037507e+01,2.00211549e+01,2.00679583e+01
2.00000000e+01,2.00040414e+01,2.00222762e+01,2.00697214e+01
2.00000000e+01,2.00043373e+01,2.00236322e+01,2.00732748e+01
2.00000000e+01,2.00041193e+01,2.00225646e+01,2.00702483e+01
2.00000000e+01,2.00046476e+01,2.00249370e+01,2.00764483e+01
2.00000000e+01,2.00044236e+01,2.00238394e+01,2.00732593e+01
2.00000000e+01,2.00046476e+01,2.00249370e+01,2.00764483e+01
2.00000000e+01,2.00036813e+01,2.00203771e+01,2.00641031e+01
2.00000000e+01,2.00041571e+01,2.00227297e+01,2.00706806e+01
2.00000000e+01,2.00037223e+01,2.00202912e+01,2.00627922e+01
2.00000000e+01,2.00041571e+01,2.00227297e+01,2.00706807e+01
2.00000000e+01,2.00044866e+01,2.00240923e+01,2.00738464e+01
2.00000000e+01,2.00039106e+01,2.00214138e+01,2.00666316e+01
2.00000000e+01,2.00068580e+01,2.00345055e+01,2.01007524e+01
2.00000000e+01,2.00067088e+01,2.00338071e+01,2.00988588e+01
2.00000000e+01,2.00055878e+01,2.00291112e+01,2.00872846e+01
2.00000000e+01,2.00053986e+01,2.00282191e+01,2.00848354e+01
2.00000000e+01,2.00067922e+01,2.00341852e+01,2.00998629e+01
2.00000000e+01,2.00066463e+01,2.00335097e+01,2.00980409e+01
2.00000000e+01,2.00067922e+01,2.00341852e+01,2.00998629e+01
2.00000000e+01,2.00054842e+01,2.00286030e+01,2.00858444e+01
2.00000000e+01,2.00052777e+01,2.00276173e+01,2.00831030e+01
2.00000000e+01,2.00054842e+01,2.00286030e+01,2.00858444e+01
2.00000000e+01,2.00067211e+01,2.00338328e+01,2.00988589e+01
2.00000000e+01,2.00053776e+01,2.00280805e+01,2.00843619e+01
2.00000000e+01,2.00087605e+01,2.00423559e+01,2.01199147e+01
2.00000000e+01,2.00087036e+01,2.00420698e+01,2.01191066e+01
2.00000000e+01,2.00087488e+01,2.00422658e+01,2.01196060e+01
2.00000000e+01,2.00086886e+01,2.00419637e+01,2.01187519e+01
2.00000000e+01,2.00087488e+01,2.00422658e+01,2.01196060e+01
2.00000000e+01,2.00087372e+01,2.00421767e+01,2.01193008e+01
2.00000000e+01,2.00048858e+01,2.00262873e+01,2.00806395e+01
2.00000000e+01,2.00046673e+01,2.00252271e+01,2.00776701e+01
2.00000000e+01,2.00054455e+01,2.00287232e+01,2.00868273e+01
2.00000000e+01,2.00052533e+01,2.00278229e+01,2.00843918e+01
2.00000000e+01,2.00044863e+01,2.00244117e+01,2.00755837e+01
2.00000000e+01,2.00042793e+01,2.00234250e+01,2.00728830e+01
2.00000000e+01,2.00047531e+01,2.00256799e+01,2.00790495e+01
2.00000000e+01,2.00050358e+01,2.00269555e+01,2.00823776e+01
2.00000000e+01,2.00048439e+01,2.00260602e+01,2.00799744e+01
2.00000000e+01,2.00050904e+01,2.00270573e+01,2.00823234e+01
2.00000000e+01,2.00048910e+01,2.00261153e+01,2.00797539e+01
2.00000000e+01,2.00053355e+01,2.00282040e+01,2.00854195e+01
2.00000000e+01,2.00043164e+01,2.00235791e+01,2.00732322e+01
2.00000000e+01,2.00046350e+01,2.00250633e+01,2.00772373e+01
2.00000000e+01,2.00044141e+01,2.00239944e+01,2.00742534e+01
2.00000000e+01,2.00048966e+01,2.00263001e+01,2.00806021e+01
2.00000000e+01,2.00049689e+01,2.00264699e+01,2.00806893e+01
2.00000000e+01,2.00044832e+01,2.00243323e+01,2.00752108e+01
2.00000000e+01,2.00073026e+01,2.00365484e+01,2.01061902e+01
2.00000000e+01,2.00071803e+01,2.00359829e+01,2.01046802e+01
2.00000000e+01,2.00061754e+01,2.00318339e+01,2.00945900e+01
2.00000000e+01,2.00060114e+01,2.00310779e+01,2.00925761e+01
2.00000000e+01,2.00070829e+01,2.00355267e+01,2.01034498e+01
2.00000000e+01,2.00069509e+01,2.00349158e+01,2.01018148e+01
2.00000000e+01,2.00072468e+01,2.00362754e+01,2.01054333e+01
2.00000000e+01,2.00058723e+01,2.00304221e+01,2.00907944e+01
2.00000000e+01,2.00056935e+01,2.00295869e+01,2.00885350e+01
2.00000000e+01,2.00060882e+01,2.00314181e+01,2.00934547e+01
2.00000000e+01,2.00070217e+01,2.00352266e+01,2.01026127e+01
2.00000000e+01,2.00057785e+01,2.00299696e+01,2.00895412e+01
2.00000000e+01,2.00089427e+01,2.00432594e+01,2.01224365e+01
2.00000000e+01,2.00088991e+01,2.00430318e+01,2.01217824e+01
2.00000000e+01,2.00088657e+01,2.00428517e+01,2.01212551e+01
2.00000000e+01,2.00088156e+01,2.00425945e+01,2.01205205e+01
2.00000000e+01,2.00089357e+01,2.00431926e+01,2.01221954e+01
2.00000000e+01,2.00088571e+01,2.00427765e+01,2.01209884e+01
2.00000000e+01,2.00061780e+01,2.00322181e+01,2.00963427e+01
2.00000000e+01,2.00060325e+01,2.00315578e+01,2.00946085e+01
2.00000000e+01,2.00066160e+01,2.00340453e+01,2.01008144e+01
2.00000000e+01,2.00064831e+01,2.00334445e+01,2.00992447e+01
2.00000000e+01,2.00054475e+01,2.00289002e+01,2.00876451e+01
2.00000000e+01,2.00052717e+01,2.00280928e+01,2.00855095e+01
2.00000000e+01,2.00060719e+01,2.00317424e+01,2.00951107e+01
2.00000000e+01,2.00062871e+01,2.00326767e+01,2.00974731e+01
2.00000000e+01,2.00061455e+01,2.00320386e+01,2.00958118e+01
2.00000000e+01,2.00059892e+01,2.00312080e+01,2.00933910e+01
2.00000000e+01,2.00058271e+01,2.00304661e+01,2.00914316e+01
2.00000000e+01,2.00065366e+01,2.00336804e+01,2.00998504e+01
2.00000000e+01,2.00053160e+01,2.00282929e+01,2.00860280e+01
2.00000000e+01,2.00055865e+01,2.00294970e+01,2.00891387e+01
2.00000000e+01,2.00054109e+01,2.00286889e+01,2.00869942e+01
2.00000000e+01,2.00061849e+01,2.00322140e+01,2.00962630e+01
2.00000000e+01,2.00058928e+01,2.00307587e+01,2.00921871e+01
2.00000000e+01,2.00054634e+01,2.00289299e+01,2.00876331e+01
2.00000000e+01,2.00080589e+01,2.00399621e+01,2.01151165e+01
2.00000000e+01,2.00079848e+01,2.00396156e+01,2.01141893e+01
2.00000000e+01,2.00071932e+01,2.00364288e+01,2.01066045e+01
2.00000000e+01,2.00070825e+01,2.00359263e+01,2.01052884e+01
2.00000000e+01,2.00076757e+01,2.00382269e+01,2.01105732e+01
2.00000000e+01,2.00075774e+01,2.00377717e+01,2.01093598e+01
2.00000000e+01,2.00080260e+01,2.00397944e+01,2.01146435e+01
2.00000000e+01,2.00066635e+01,2.00340388e+01,2.01003644e+01
2.00000000e+01,2.00065239e+01,2.00334008e+01,2.00986795e+01
2.00000000e+01,2.00071340e+01,2.00361498e+01,2.01058544e+01
2.00000000e+01,2.00076312e+01,2.00380062e+01,2.01099572e+01
2.00000000e+01,2.00065900e+01,2.00336909e+01,2.00994229e+01
2.00000000e+01,2.00092586e+01,2.00447957e+01,2.01266555e+01
2.00000000e+01,2.00092425e+01,2.00446885e+01,2.01263123e+01
2.00000000e+01,2.00091090e+01,2.00440505e+01,2.01245809e+01
2.00000000e+01,2.00090798e+01,2.00438849e+01,2.01240859e+01
2.00000000e+01,2.00092620e+01,2.00447773e+01,2.01265453e+01
2.00000000e+01,2.00091078e+01,2.00440101e+01,2.01244101e+01
2.00000000e+01,2.00048859e+01,2.00262877e+01,2.00806404e+01
2.00000000e+01,2.00054455e+01,2.00287232e+01,2.00868273e+01
2.00000000e+01,2.00047531e+01,2.00256797e+01,2.00790489e+01
2.00000000e+01,2.00044867e+01,2.00244133e+01,2.00755881e+01
2.00000000e+01,2.00050358e+01,2.00269554e+01,2.00823775e+01
2.00000000e+01,2.00053355e+01,2.00282040e+01,2.00854195e+01
2.00000000e+01,2.00050904e+01,2.00270573e+01,2.00823234e+01
2.00000000e+01,2.00043165e+01,2.00235793e+01,2.00732330e+01
2.00000000e+01,2.00048965e+01,2.00262998e+01,2.00806012e+01
2.00000000e+01,2.00046352e+01,2.00250643e+01,2.00772401e+01
2.00000000e+01,2.00049689e+01,2.00264699e+01,2.00806893e+01
2.00000000e+01,2.00044832e+01,2.00243325e+01,2.00752112e+01
2.00000000e+01,2.00073026e+01,2.00365484e+01,2.01061902e+01
2.00000000e+01,2.00061754e+01,2.00318339e+01,2.00945900e+01
2.00000000e+01,2.00072468e+01,2.00362754e+01,2.01054333e+01
2.00000000e+01,2.00070829e+01,2.00355267e+01,2.01034498e+01
2.00000000e+01,2.00060882e+01,2.00314181e+01,2.00934547e+01
2.00000000e+01,2.00058723e+01,2.00304221e+01,2.00907944e+01
2.00000000e+01,2.00070217e+01,2.00352266e+01,2.01026127e+01
2.00000000e+01,2.00057785e+01,2.00299697e+01,2.00895412e+01
2.00000000e+01,2.00089427e+01,2.00432594e+01,2.01224366e+01
2.00000000e+01,2.00089357e+01,2.00431926e+01,2.01221954e+01
2.00000000e+01,2.00088657e+01,2.00428517e+01,2.01212551e+01
2.00000000e+01,2.00088571e+01,2.00427765e+01,2.01209884e+01
2.00000000e+01,2.00055009e+01,2.00291433e+01,2.00882807e+01
2.00000000e+01,2.00060178e+01,2.00313520e+01,2.00937974e+01
2.00000000e+01,2.00051424e+01,2.00274934e+01,2.00839076e+01
2.00000000e+01,2.00051436e+01,2.00274990e+01,2.00839227e+01
2.00000000e+01,2.00056397e+01,2.00297446e+01,2.00898006e+01
2.00000000e+01,2.00057098e+01,2.00299353e+01,2.00900399e+01
2.00000000e+01,2.00057099e+01,2.00299354e+01,2.00900399e+01
2.00000000e+01,2.00047520e+01,2.00256657e+01,2.00789832e+01
2.00000000e+01,2.00052905e+01,2.00281364e+01,2.00855330e+01
2.00000000e+01,2.00052912e+01,2.00281399e+01,2.00855423e+01
2.00000000e+01,2.00053766e+01,2.00283857e+01,2.00858866e+01
2.00000000e+01,2.00049132e+01,2.00263767e+01,2.00808071e+01
2.00000000e+01,2.00076681e+01,2.00382238e+01,2.01106244e+01
2.00000000e+01,2.00066745e+01,2.00341114e+01,2.01005995e+01
2.00000000e+01,2.00074876e+01,2.00373838e+01,2.01083789e+01
2.00000000e+01,2.00074876e+01,2.00373838e+01,2.01083789e+01
2.00000000e+01,2.00064166e+01,2.00329258e+01,2.00974559e+01
2.00000000e+01,2.00064166e+01,2.00329258e+01,2.00974559e+01
2.00000000e+01,2.00072877e+01,2.00364535e+01,2.01058865e+01
2.00000000e+01,2.00061360e+01,2.00316268e+01,2.00939866e+01
2.00000000e+01,2.00090774e+01,2.00439539e+01,2.01244130e+01
2.00000000e+01,2.00090220e+01,2.00436432e+01,2.01234885e+01
2.00000000e+01,2.00090220e+01,2.00436432e+01,2.01234885e+01
2.00000000e+01,2.00089572e+01,2.00432889e+01,2.01224460e+01
2.00000000e+01,2.00066236e+01,2.00342162e+01,2.01015254e+01
2.00000000e+01,2.00070208e+01,2.00358597e+01,2.01055211e+01
2.00000000e+01,2.00059899e+01,2.00313717e+01,2.00941418e+01
2.00000000e+01,2.00063613e+01,2.00330437e+01,2.00984935e+01
2.00000000e+01,2.00067251e+01,2.00346390e+01,2.01025588e+01
2.00000000e+01,2.00064860e+01,2.00334618e+01,2.00992988e+01
2.00000000e+01,2.00068025e+01,2.00348769e+01,2.01029638e+01
2.00000000e+01,2.00056697e+01,2.00299164e+01,2.00903236e+01
2.00000000e+01,2.00061214e+01,2.00319309e+01,2.00955316e+01
2.00000000e+01,2.00064721e+01,2.00335062e+01,2.00996252e+01
2.00000000e+01,2.00062189e+01,2.00322459e+01,2.00961041e+01
2.00000000e+01,2.00058132e+01,2.00305310e+01,2.00918607e+01
2.00000000e+01,2.00082856e+01,2.00410133e+01,2.01179112e+01
2.00000000e+01,2.00075309e+01,2.00379510e+01,2.01105705e+01
2.00000000e+01,2.00079732e+01,2.00395958e+01,2.01141987e+01
2.00000000e+01,2.00081741e+01,2.00404853e+01,2.01164877e+01
2.00000000e+01,2.00070867e+01,2.00359576e+01,2.01053936e+01
2.00000000e+01,2.00073562e+01,2.00371553e+01,2.01084827e+01
2.00000000e+01,2.00078268e+01,2.00389104e+01,2.01123615e+01
2.00000000e+01,2.00068684e+01,2.00349592e+01,2.01027612e+01
2.00000000e+01,2.00093154e+01,2.00451477e+01,2.01277473e+01
2.00000000e+01,2.00092029e+01,2.00445670e+01,2.01261004e+01
2.00000000e+01,2.00092955e+01,2.00449959e+01,2.01272389e+01
2.00000000e+01,2.00091665e+01,2.00443402e+01,2.01253936e+01
2.00000000e+01,2.00061780e+01,2.00322184e+01,2.00963433e+01
2.00000000e+01,2.00066161e+01,2.00340454e+01,2.01008148e+01
2.00000000e+01,2.00060719e+01,2.00317425e+01,2.00951111e+01
2.00000000e+01,2.00054455e+01,2.00288912e+01,2.00876213e+01
2.00000000e+01,2.00062871e+01,2.00326768e+01,2.00974732e+01
2.00000000e+01,2.00065367e+01,2.00336806e+01,2.00998507e+01
2.00000000e+01,2.00059892e+01,2.00312080e+01,2.00933910e+01
2.00000000e+01,2.00053147e+01,2.00282870e+01,2.00860123e+01
2.00000000e+01,2.00061849e+01,2.00322140e+01,2.00962632e+01
2.00000000e+01,2.00055855e+01,2.00294923e+01,2.00891263e+01
2.00000000e+01,2.00058929e+01,2.00307588e+01,2.00921871e+01
2.00000000e+01,2.00054628e+01,2.00289267e+01,2.00876246e+01
2.00000000e+01,2.00080590e+01,2.00399621e+01,2.01151166e+01
2.00000000e+01,2.00071933e+01,2.00364288e+01,2.01066046e+01
2.00000000e+01,2.00080260e+01,2.00397944e+01,2.01146436e+01
2.00000000e+01,2.00076757e+01,2.00382269e+01,2.01105732e+01
2.00000000e+01,2.00071340e+01,2.00361499e+01,2.01058546e+01
2.00000000e+01,2.00066635e+01,2.00340388e+01,2.01003644e+01
2.00000000e+01,2.00076312e+01,2.00380062e+01,2.01099573e+01
2.00000000e+01,2.00065900e+01,2.00336909e+01,2.00994230e+01
2.00000000e+01,2.00092586e+01,2.00447957e+01,2.01266555e+01
2.00000000e+01,2.00092620e+01,2.00447773e+01,2.01265454e+01
2.00000000e+01,2.00091090e+01,2.00440505e+01,2.01245809e+01
2.00000000e+01,2.00091078e+01,2.00440101e+01,2.01244101e+01
2.00000000e+01,2.00066237e+01,2.00342166e+01,2.01015266e+01
2.00000000e+01,2.00070209e+01,2.00358599e+01,2.01055215e+01
2.00000000e+01,2.00063613e+01,2.00330441e+01,2.00984944e+01
2.00000000e+01,2.00059891e+01,2.00313680e+01,2.00941320e+01
2.00000000e+01,2.00067252e+01,2.00346391e+01,2.01025592e+01
2.00000000e+01,2.00068026e+01,2.00348771e+01,2.01029642e+01
2.00000000e+01,2.00064860e+01,2.00334618e+01,2.00992989e+01
2.00000000e+01,2.00056675e+01,2.00299062e+01,2.00902968e+01
2.00000000e+01,2.00064721e+01,2.00335063e+01,2.00996254e+01
2.00000000e+01,2.00061210e+01,2.00319292e+01,2.00955271e+01
2.00000000e+01,2.00062189e+01,2.00322459e+01,2.00961041e+01
2.00000000e+01,2.00058120e+01,2.00305255e+01,2.00918464e+01
2.00000000e+01,2.00082856e+01,2.00410133e+01,2.01179113e+01
2.00000000e+01,2.00075310e+01,2.00379511e+01,2.01105706e+01
2.00000000e+01,2.00081741e+01,2.00404853e+01,2.01164878e+01
2.00000000e+01,2.00079732e+01,2.00395958e+01,2.01141987e+01
2.00000000e+01,2.00073562e+01,2.00371553e+01,2.01084828e+01
2.00000000e+01,2.00070867e+01,2.00359576e+01,2.01053936e+01
2.00000000e+01,2.00078268e+01,2.00389104e+01,2.01123615e+01
2.00000000e+01,2.00068684e+01,2.00349593e+01,2.01027612e+01
2.00000000e+01,2.00093154e+01,2.00451477e+01,2.01277474e+01
2.00000000e+01,2.00092955e+01,2.00449959e+01,2.01272390e+01
2.00000000e+01,2.00092029e+01,2.00445670e+01,2.01261004e+01
2.00000000e+01,2.00091665e+01,2.00443402e+01,2.01253936e+01
2.00000000e+01,2.00074205e+01,2.00377416e+01,2.01105679e+01
2.00000000e+01,2.00077213e+01,2.00389615e+01,2.01134849e+01
2.00000000e+01,2.00069735e+01,2.00357714e+01,2.01055298e+01
2.00000000e+01,2.00069734e+01,2.00357709e+01,2.01055285e+01
2.00000000e+01,2.00074947e+01,2.00380430e+01,2.01112898e+01
2.00000000e+01,2.00073500e+01,2.00373170e+01,2.01092630e+01
2.00000000e+01,2.00073500e+01,2.00373169e+01,2.01092627e+01
2.00000000e+01,2.00064190e+01,2.00333031e+01,2.00991663e+01
2.00000000e+01,2.00070697e+01,2.00361680e+01,2.01064916e+01
2.00000000e+01,2.00070696e+01,2.00361678e+01,2.01064911e+01
2.00000000e+01,2.00068915e+01,2.00352733e+01,2.01039870e+01
2.00000000e+01,2.00065441e+01,2.00338293e+01,2.01004630e+01
2.00000000e+01,2.00086777e+01,2.00428058e+01,2.01226225e+01
2.00000000e+01,2.00081098e+01,2.00405299e+01,2.01172240e+01
2.00000000e+01,2.00084793e+01,2.00418925e+01,2.01202108e+01
2.00000000e+01,2.00084793e+01,2.00418925e+01,2.01202107e+01
2.00000000e+01,2.00078105e+01,2.00391923e+01,2.01137661e+01
2.00000000e+01,2.00078105e+01,2.00391923e+01,2.01137660e+01
2.00000000e+01,2.00082237e+01,2.00407257e+01,2.01171457e+01
2.00000000e+01,2.00074361e+01,2.00375160e+01,2.01094230e+01
2.00000000e+01,2.00094361e+01,2.00458260e+01,2.01297543e+01
2.00000000e+01,2.00093792e+01,2.00454922e+01,2.01287471e+01
2.00000000e+01,2.00093792e+01,2.00454922e+01,2.01287470e+01
2.00000000e+01,2.00092961e+01,2.00450409e+01,2.01274335e+01
2.00000000e+01,2.00048859e+01,2.00262877e+01,2.00806404e+01
2.00000000e+01,2.00061780e+01,2.00322184e+01,2.00963433e+01
2.00000000e+01,2.00054455e+01,2.00287232e+01,2.00868273e+01
2.00000000e+01,2.00066161e+01,2.00340454e+01,2.01008148e+01
2.00000000e+01,2.00047531e+01,2.00256797e+01,2.00790489e+01
2.00000000e+01,2.00060719e+01,2.00317425e+01,2.00951111e+01
2.00000000e+01,2.00054455e+01,2.00288912e+01,2.00876213e+01
2.00000000e+01,2.00050358e+01,2.00269554e+01,2.00823775e+01
2.00000000e+01,2.00062871e+01,2.00326768e+01,2.00974732e+01
2.00000000e+01,2.00053355e+01,2.00282040e+01,2.00854195e+01
2.00000000e+01,2.00065366e+01,2.00336805e+01,2.00998507e+01
2.00000000e+01,2.00059892e+01,2.00312080e+01,2.00933910e+01
2.00000000e+01,2.00053147e+01,2.00282870e+01,2.00860123e+01
2.00000000e+01,2.00048965e+01,2.00262998e+01,2.00806012e+01
2.00000000e+01,2.00061849e+01,2.00322140e+01,2.00962632e+01
2.00000000e+01,2.00055855e+01,2.00294923e+01,2.00891263e+01
2.00000000e+01,2.00058928e+01,2.00307587e+01,2.00921871e+01
2.00000000e+01,2.00054627e+01,2.00289267e+01,2.00876246e+01
2.00000000e+01,2.00073026e+01,2.00365484e+01,2.01061902e+01
2.00000000e+01,2.00080589e+01,2.00399621e+01,2.01151166e+01
2.00000000e+01,2.00061754e+01,2.00318339e+01,2.00945900e+01
2.00000000e+01,2.00071932e+01,2.00364288e+01,2.01066046e+01
2.00000000e+01,2.00072468e+01,2.00362754e+01,2.01054333e+01
2.00000000e+01,2.00080260e+01,2.00397944e+01,2.01146436e+01
2.00000000e+01,2.00076757e+01,2.00382269e+01,2.01105732e+01
2.00000000e+01,2.00060882e+01,2.00314181e+01,2.00934547e+01
2.00000000e+01,2.00071340e+01,2.00361499e+01,2.01058546e+01
2.00000000e+01,2.00066635e+01,2.00340388e+01,2.01003644e+01
2.00000000e+01,2.00076312e+01,2.00380062e+01,2.01099573e+01
2.00000000e+01,2.00065899e+01,2.00336909e+01,2.00994230e+01
2.00000000e+01,2.00089427e+01,2.00432594e+01,2.01224365e+01
2.00000000e+01,2.00092586e+01,2.00447957e+01,2.01266555e+01
2.00000000e+01,2.00089357e+01,2.00431926e+01,2.01221954e+01
2.00000000e+01,2.00092620e+01,2.00447773e+01,2.01265454e+01
2.00000000e+01,2.00091090e+01,2.00440505e+01,2.01245809e+01
2.00000000e+01,2.00091078e+01,2.00440101e+01,2.01244101e+01
2.00000000e+01,2.00055009e+01,2.00291433e+01,2.00882807e+01
2.00000000e+01,2.00066237e+01,2.00342166e+01,2.01015266e+01
2.00000000e+01,2.00060178e+01,2.00313520e+01,2.00937974e+01
2.00000000e+01,2.00070208e+01,2.00358599e+01,2.01055215e+01
2.00000000e+01,2.00051424e+01,2.00274934e+01,2.00839076e+01
2.00000000e+01,2.00063613e+01,2.00330441e+01,2.00984944e+01
2.00000000e+01,2.00059891e+01,2.00313680e+01,2.00941320e+01
2.00000000e+01,2.00056397e+01,2.00297446e+01,2.00898006e+01
2.00000000e+01,2.00067251e+01,2.00346391e+01,2.01025592e+01
2.00000000e+01,2.00057098e+01,2.00299353e+01,2.00900399e+01
2.00000000e+01,2.00068026e+01,2.00348770e+01,2.01029642e+01
2.00000000e+01,2.00064860e+01,2.00334618e+01,2.00992989e+01
2.00000000e+01,2.00056675e+01,2.00299062e+01,2.00902968e+01
2.00000000e+01,2.00052905e+01,2.00281364e+01,2.00855330e+01
2.00000000e+01,2.00064721e+01,2.00335063e+01,2.00996254e+01
2.00000000e+01,2.00061210e+01,2.00319292e+01,2.00955271e+01
2.00000000e+01,2.00062189e+01,2.00322459e+01,2.00961041e+01
2.00000000e+01,2.00058120e+01,2.00305255e+01,2.00918464e+01
2.00000000e+01,2.00076681e+01,2.00382238e+01,2.01106244e+01
2.00000000e+01,2.00082856e+01,2.00410133e+01,2.01179112e+01
2.00000000e+01,2.00066745e+01,2.00341114e+01,2.01005995e+01
2.00000000e+01,2.00075309e+01,2.00379511e+01,2.01105706e+01
2.00000000e+01,2.00074876e+01,2.00373838e+01,2.01083789e+01
2.00000000e+01,2.00081741e+01,2.00404853e+01,2.01164878e+01
2.00000000e+01,2.00079732e+01,2.00395958e+01,2.01141987e+01
2.00000000e+01,2.00064166e+01,2.00329258e+01,2.00974559e+01
2.00000000e+01,2.00073562e+01,2.00371553e+01,2.01084828e+01
2.00000000e+01,2.00070867e+01,2.00359576e+01,2.01053936e+01
2.00000000e+01,2.00078268e+01,2.00389104e+01,2.01123615e+01
2.00000000e+01,2.00068684e+01,2.00349592e+01,2.01027612e+01
2.00000000e+01,2.00090774e+01,2.00439539e+01,2.01244130e+01
2.00000000e+01,2.00093154e+01,2.00451477e+01,2.01277474e+01
2.00000000e+01,2.00090220e+01,2.00436432e+01,2.01234884e+01
2.00000000e+01,2.00092955e+01,2.00449959e+01,2.01272390e+01
2.00000000e+01,2.00092029e+01,2.00445670e+01,2.01261004e+01
2.00000000e+01,2.00091664e+01,2.00443401e+01,2.01253936e+01
2.00000000e+01,2.00066236e+01,2.00342161e+01,2.01015254e+01
2.00000000e+01,2.00074205e+01,2.00377416e+01,2.01105679e+01
2.00000000e+01,2.00070208e+01,2.00358597e+01,2.01055211e+01
2.00000000e+01,2.00077213e+01,2.00389615e+01,2.01134849e+01
2.00000000e+01,2.00059899e+01,2.00313717e+01,2.00941418e+01
2.00000000e+01,2.00069735e+01,2.00357714e+01,2.01055298e+01
2.00000000e+01,2.00069734e+01,2.00357709e+01,2.01055285e+01
2.00000000e+01,2.00067251e+01,2.00346390e+01,2.01025588e+01
2.00000000e+01,2.00074947e+01,2.00380430e+01,2.01112898e+01
2.00000000e+01,2.00064860e+01,2.00334618e+01,2.00992988e+01
2.00000000e+01,2.00073500e+01,2.00373170e+01,2.01092630e+01
2.00000000e+01,2.00073500e+01,2.00373169e+01,2.01092627e+01
2.00000000e+01,2.00064190e+01,2.00333031e+01,2.00991663e+01
2.00000000e+01,2.00061214e+01,2.00319309e+01,2.00955316e+01
2.00000000e+01,2.00070697e+01,2.00361680e+01,2.01064916e+01
2.00000000e+01,2.00070696e+01,2.00361678e+01,2.01064911e+01
2.00000000e+01,2.00068915e+01,2.00352733e+01,2.01039870e+01
2.00000000e+01,2.00065441e+01,2.00338294e+01,2.01004630e+01
2.00000000e+01,2.00082856e+01,2.00410133e+01,2.01179111e+01
2.00000000e+01,2.00086776e+01,2.00428059e+01,2.01226225e+01
2.00000000e+01,2.00075309e+01,2.00379510e+01,2.01105704e+01
2.00000000e+01,2.00081098e+01,2.00405299e+01,2.01172240e+01
2.00000000e+01,2.00079732e+01,2.00395958e+01,2.01141987e+01
2.00000000e+01,2.00084793e+01,2.00418925e+01,2.01202108e+01
2.00000000e+01,2.00084793e+01,2.00418925e+01,2.01202107e+01
2.00000000e+01,2.00070866e+01,2.00359576e+01,2.01053936e+01
2.00000000e+01,2.00078105e+01,2.00391923e+01,2.01137661e+01
2.00000000e+01,2.00078105e+01,2.00391923e+01,2.01137660e+01
2.00000000e+01,2.00082236e+01,2.00407257e+01,2.01171457e+01
2.00000000e+01,2.00074361e+01,2.00375160e+01,2.01094230e+01
2.00000000e+01,2.00093154e+01,2.00451477e+01,2.01277473e+01
2.00000000e+01,2.00094361e+01,2.00458260e+01,2.01297543e+01
2.00000000e+01,2.00092029e+01,2.00445670e+01,2.01261004e+01
2.00000000e+01,2.00093792e+01,2.00454922e+01,2.01287471e+01
2.00000000e+01,2.00093792e+01,2.00454921e+01,2.01287470e+01
2.00000000e+01,2.00092961e+01,2.00450409e+01,2.01274335e+01
2.00000000e+01,2.00041417e+01,2.00226790e+01,2.00705634e+01
2.00000000e+01,2.00047750e+01,2.00255607e+01,2.00782127e+01
2.00000000e+01,2.00040414e+01,2.00222763e+01,2.00697216e+01
2.00000000e+01,2.00044867e+01,2.00244133e+01,2.00755881e+01
2.00000000e+01,2.00043373e+01,2.00236322e+01,2.00732747e+01
2.00000000e+01,2.00046476e+01,2.00249370e+01,2.00764483e+01
2.00000000e+01,2.00050904e+01,2.00270573e+01,2.00823234e+01
2.00000000e+01,2.00043165e+01,2.00235793e+01,2.00732330e+01
2.00000000e+01,2.00041571e+01,2.00227297e+01,2.00706806e+01
2.00000000e+01,2.00046352e+01,2.00250643e+01,2.00772400e+01
2.00000000e+01,2.00049689e+01,2.00264699e+01,2.00806893e+01
2.00000000e+01,2.00044832e+01,2.00243325e+01,2.00752112e+01
2.00000000e+01,2.00068580e+01,2.00345055e+01,2.01007524e+01
2.00000000e+01,2.00055878e+01,2.00291112e+01,2.00872846e+01
2.00000000e+01,2.00067922e+01,2.00341852e+01,2.00998629e+01
2.00000000e+01,2.00070829e+01,2.00355267e+01,2.01034498e+01
2.00000000e+01,2.00054842e+01,2.00286030e+01,2.00858444e+01
2.00000000e+01,2.00058723e+01,2.00304221e+01,2.00907943e+01
2.00000000e+01,2.00070217e+01,2.00352266e+01,2.01026127e+01
2.00000000e+01,2.00057785e+01,2.00299696e+01,2.00895412e+01
2.00000000e+01,2.00087605e+01,2.00423558e+01,2.01199146e+01
2.00000000e+01,2.00087488e+01,2.00422658e+01,2.01196060e+01
2.00000000e+01,2.00088657e+01,2.00428517e+01,2.01212550e+01
2.00000000e+01,2.00088571e+01,2.00427765e+01,2.01209884e+01
2.00000000e+01,2.00048858e+01,2.00262873e+01,2.00806395e+01
2.00000000e+01,2.00054455e+01,2.00287232e+01,2.00868273e+01
2.00000000e+01,2.00044863e+01,2.00244116e+01,2.00755836e+01
2.00000000e+01,2.00051436e+01,2.00274990e+01,2.00839227e+01
2.00000000e+01,2.00050358e+01,2.00269555e+01,2.00823776e+01
2.00000000e+01,2.00050904e+01,2.00270573e+01,2.00823234e+01
2.00000000e+01,2.00057098e+01,2.00299354e+01,2.00900399e+01
2.00000000e+01,2.00047520e+01,2.00256657e+01,2.00789830e+01
2.00000000e+01,2.00046350e+01,2.00250633e+01,2.00772372e+01
2.00000000e+01,2.00052912e+01,2.00281399e+01,2.00855423e+01
2.00000000e+01,2.00053766e+01,2.00283857e+01,2.00858866e+01
2.00000000e+01,2.00049132e+01,2.00263767e+01,2.00808071e+01
2.00000000e+01,2.00073026e+01,2.00365484e+01,2.01061902e+01
2.00000000e+01,2.00061754e+01,2.00318339e+01,2.00945900e+01
2.00000000e+01,2.00070829e+01,2.00355267e+01,2.01034498e+01
2.00000000e+01,2.00074876e+01,2.00373838e+01,2.01083789e+01
2.00000000e+01,2.00058723e+01,2.00304221e+01,2.00907943e+01
2.00000000e+01,2.00064166e+01,2.00329258e+01,2.00974559e+01
2.00000000e+01,2.00072877e+01,2.00364535e+01,2.01058865e+01
2.00000000e+01,2.00061360e+01,2.00316268e+01,2.00939866e+01
2.00000000e+01,2.00089427e+01,2.00432594e+01,2.01224365e+01
2.00000000e+01,2.00088657e+01,2.00428517e+01,2.01212550e+01
2.00000000e+01,2.00090220e+01,2.00436432e+01,2.01234884e+01
2.00000000e+01,2.00089572e+01,2.00432889e+01,2.01224460e+01
2.00000000e+01,2.00061780e+01,2.00322181e+01,2.00963427e+01
2.00000000e+01,2.00066160e+01,2.00340452e+01,2.01008144e+01
2.00000000e+01,2.00054475e+01,2.00289002e+01,2.00876451e+01
2.00000000e+01,2.00063613e+01,2.00330437e+01,2.00984935e+01
2.00000000e+01,2.00062871e+01,2.00326767e+01,2.00974731e+01
2.00000000e+01,2.00059892e+01,2.00312080e+01,2.00933910e+01
2.00000000e+01,2.00068025e+01,2.00348769e+01,2.01029638e+01
2.00000000e+01,2.00056697e+01,2.00299164e+01,2.00903236e+01
2.00000000e+01,2.00055865e+01,2.00294970e+01,2.00891387e+01
2.00000000e+01,2.00064721e+01,2.00335062e+01,2.00996252e+01
2.00000000e+01,2.00062189e+01,2.00322459e+01,2.00961041e+01
2.00000000e+01,2.00058132e+01,2.00305310e+01,2.00918607e+01
2.00000000e+01,2.00080589e+01,2.00399621e+01,2.01151165e+01
2.00000000e+01,2.00071932e+01,2.00364288e+01,2.01066045e+01
2.00000000e+01,2.00076756e+01,2.00382269e+01,2.01105732e+01
2.00000000e+01,2.00081741e+01,2.00404853e+01,2.01164877e+01
2.00000000e+01,2.00066635e+01,2.00340388e+01,2.01003644e+01
2.00000000e+01,2.00073562e+01,2.00371553e+01,2.01084827e+01
2.00000000e+01,2.00078268e+01,2.00389103e+01,2.01123614e+01
2.00000000e+01,2.00068684e+01,2.00349592e+01,2.01027611e+01
2.00000000e+01,2.00092586e+01,2.00447957e+01,2.01266555e+01
2.00000000e+01,2.00091090e+01,2.00440505e+01,2.01245809e+01
2.00000000e+01,2.00092955e+01,2.00449959e+01,2.01272389e+01
2.00000000e+01,2.00091664e+01,2.00443401e+01,2.01253935e+01
2.00000000e+01,2.00040414e+01,2.00222762e+01,2.00697214e+01
2.00000000e+01,2.00046476e+01,2.00249370e+01,2.00764483e+01
2.00000000e+01,2.00036813e+01,2.00203771e+01,2.00641030e+01
2.00000000e+01,2.00041571e+01,2.00227297e+01,2.00706807e+01
2.00000000e+01,2.00044866e+01,2.00240923e+01,2.00738464e+01
2.00000000e+01,2.00039106e+01,2.00214138e+01,2.00666316e+01
2.00000000e+01,2.00067922e+01,2.00341852e+01,2.00998629e+01
2.00000000e+01,2.00054842e+01,2.00286030e+01,2.00858444e+01
2.00000000e+01,2.00067211e+01,2.00338328e+01,2.00988589e+01
2.00000000e+01,2.00053776e+01,2.00280805e+01,2.00843619e+01
2.00000000e+01,2.00087488e+01,2.00422658e+01,2.01196060e+01
2.00000000e+01,2.00087372e+01,2.00421767e+01,2.01193008e+01
2.00000000e+01,2.00047531e+01,2.00256799e+01,2.00790495e+01
2.00000000e+01,2.00053355e+01,2.00282040e+01,2.00854195e+01
2.00000000e+01,2.00043164e+01,2.00235790e+01,2.00732322e+01
2.00000000e+01,2.00048966e+01,2.00263001e+01,2.00806021e+01
2.00000000e+01,2.00049689e+01,2.00264699e+01,2.00806893e+01
2.00000000e+01,2.00044832e+01,2.00243323e+01,2.00752107e+01
2.00000000e+01,2.00072468e+01,2.00362754e+01,2.01054333e+01
2.00000000e+01,2.00060882e+01,2.00314181e+01,2.00934546e+01
2.00000000e+01,2.00070217e+01,2.00352266e+01,2.01026127e+01
2.00000000e+01,2.00057785e+01,2.00299696e+01,2.00895412e+01
2.00000000e+01,2.00089357e+01,2.00431926e+01,2.01221954e+01
2.00000000e+01,2.00088571e+01,2.00427765e+01,2.01209884e+01
2.00000000e+01,2.00060719e+01,2.00317424e+01,2.00951107e+01
2.00000000e+01,2.00065366e+01,2.00336804e+01,2.00998504e+01
2.00000000e+01,2.00053160e+01,2.00282929e+01,2.00860280e+01
2.00000000e+01,2.00061849e+01,2.00322140e+01,2.00962630e+01
2.00000000e+01,2.00058928e+01,2.00307587e+01,2.00921871e+01
2.00000000e+01,2.00054634e+01,2.00289299e+01,2.00876331e+01
2.00000000e+01,2.00080260e+01,2.00397944e+01,2.01146435e+01
2.00000000e+01,2.00071340e+01,2.00361498e+01,2.01058544e+01
2.00000000e+01,2.00076312e+01,2.00380062e+01,2.01099572e+01
2.00000000e+01,2.00065899e+01,2.00336909e+01,2.00994229e+01
2.00000000e+01,2.00092620e+01,2.00447773e+01,2.01265453e+01
2.00000000e+01,2.00091078e+01,2.00440100e+01,2.01244101e+01
2.00000000e+01,2.00114575e+01,2.00541086e+01,2.01498166e+01
2.00000000e+01,2.00117530e+01,2.00554879e+01,2.01534710e+01
2.00000000e+01,2.00129474e+01,2.00597926e+01,2.01628093e+01
2.00000000e+01,2.00128588e+01,2.00596778e+01,2.01629871e+01
2.00000000e+01,2.00097037e+01,2.00469307e+01,2.01324464e+01
2.00000000e+01,2.00116182e+01,2.00548375e+01,2.01517136e+01
2.00000000e+01,2.00100612e+01,2.00485670e+01,2.01367413e+01
2.00000000e+01,2.00109410e+01,2.00517730e+01,2.01437378e+01
2.00000000e+01,2.00129209e+01,2.00597927e+01,2.01630100e+01
2.00000000e+01,2.00109757e+01,2.00521185e+01,2.01449645e+01
2.00000000e+01,2.00098857e+01,2.00477529e+01,2.01345865e+01
2.00000000e+01,2.00109671e+01,2.00519713e+01,2.01443935e+01
2.00000000e+01,2.00096063e+01,2.00469538e+01,2.01333255e+01
2.00000000e+01,2.00103549e+01,2.00501486e+01,2.01412903e+01
2.00000000e+01,2.00103550e+01,2.00498601e+01,2.01400419e+01
2.00000000e+01,2.00109228e+01,2.00523228e+01,2.01462567e+01
2.00000000e+01,2.00081719e+01,2.00408500e+01,2.01181307e+01
2.00000000e+01,2.00099684e+01,2.00484918e+01,2.01371472e+01
2.00000000e+01,2.00089044e+01,2.00440351e+01,2.01261901e+01
2.00000000e+01,2.00087935e+01,2.00433297e+01,2.01239870e+01
2.00000000e+01,2.00106422e+01,2.00510926e+01,2.01431294e+01
2.00000000e+01,2.00093758e+01,2.00458877e+01,2.01305114e+01
2.00000000e+01,2.00085197e+01,2.00423601e+01,2.01219473e+01
2.00000000e+01,2.00090795e+01,2.00445786e+01,2.01271600e+01
2.00000000e+01,2.00090735e+01,2.00448884e+01,2.01285664e+01
2.00000000e+01,2.00099594e+01,2.00486474e+01,2.01378914e+01
2.00000000e+01,2.00091857e+01,2.00453170e+01,2.01295400e+01
2.00000000e+01,2.00100363e+01,2.00489307e+01,2.01385150e+01
2.00000000e+01,2.00076902e+01,2.00389213e+01,2.01135666e+01
2.00000000e+01,2.00094675e+01,2.00465654e+01,2.01327369e+01
2.00000000e+01,2.00085470e+01,2.00426339e+01,2.01229317e+01
2.00000000e+01,2.00078001e+01,2.00393597e+01,2.01145999e+01
2.00000000e+01,2.00095714e+01,2.00469576e+01,2.01336193e+01
2.00000000e+01,2.00086238e+01,2.00429310e+01,2.01236144e+01
2.00000000e+01,2.00080677e+01,2.00405639e+01,2.01177242e+01
2.00000000e+01,2.00081699e+01,2.00409680e+01,2.01186691e+01
2.00000000e+01,2.00167600e+01,2.00750341e+01,2.01990657e+01
2.00000000e+01,2.00166404e+01,2.00748133e+01,2.01989931e+01
2.00000000e+01,2.00187747e+01,2.00822958e+01,2.02149543e+01
2.00000000e+01,2.00181696e+01,2.00803119e+01,2.02109866e+01
2.00000000e+01,2.00138131e+01,2.00635211e+01,2.01721772e+01
2.00000000e+01,2.00167416e+01,2.00750648e+01,2.01993215e+01
2.00000000e+01,2.00139446e+01,2.00642513e+01,2.01742885e+01
2.00000000e+01,2.00155454e+01,2.00699485e+01,2.01865570e+01
2.00000000e+01,2.00185117e+01,2.00814384e+01,2.02132496e+01
2.00000000e+01,2.00152444e+01,2.00690504e+01,2.01849718e+01
2.00000000e+01,2.00139027e+01,2.00639659e+01,2.01733933e+01
2.00000000e+01,2.00154208e+01,2.00695869e+01,2.01859432e+01
2.00000000e+01,2.00140983e+01,2.00653346e+01,2.01777143e+01
2.00000000e+01,2.00146195e+01,2.00674946e+01,2.01829725e+01
2.00000000e+01,2.00151981e+01,2.00693566e+01,2.01865835e+01
2.00000000e+01,2.00154552e+01,2.00705279e+01,2.01896181e+01
2.00000000e+01,2.00115847e+01,2.00551546e+01,2.01533275e+01
2.00000000e+01,2.00143760e+01,2.00664654e+01,2.01804325e+01
2.00000000e+01,2.00122578e+01,2.00579780e+01,2.01602703e+01
2.00000000e+01,2.00124986e+01,2.00585988e+01,2.01611034e+01
2.00000000e+01,2.00153604e+01,2.00700541e+01,2.01883260e+01
2.00000000e+01,2.00129509e+01,2.00605614e+01,2.01660486e+01
2.00000000e+01,2.00119202e+01,2.00565503e+01,2.01567394e+01
2.00000000e+01,2.00127398e+01,2.00596255e+01,2.01636565e+01
2.00000000e+01,2.00132917e+01,2.00623952e+01,2.01712656e+01
2.00000000e+01,2.00140145e+01,2.00653156e+01,2.01782390e+01
2.00000000e+01,2.00134633e+01,2.00630096e+01,2.01725903e+01
2.00000000e+01,2.00141386e+01,2.00657515e+01,2.01791630e+01
2.00000000e+01,2.00108959e+01,2.00525658e+01,2.01475079e+01
2.00000000e+01,2.00136182e+01,2.00637170e+01,2.01744262e+01
2.00000000e+01,2.00117483e+01,2.00560954e+01,2.01560987e+01
2.00000000e+01,2.00110388e+01,2.00530930e+01,2.01486722e+01
2.00000000e+01,2.00137782e+01,2.00642857e+01,2.01756449e+01
2.00000000e+01,2.00118477e+01,2.00564515e+01,2.01568647e+01
2.00000000e+01,2.00112761e+01,2.00541451e+01,2.01513611e+01
2.00000000e+01,2.00114080e+01,2.00546272e+01,2.01524173e+01
2.00000000e+01,2.00256339e+01,2.01082935e+01,2.02743627e+01
2.00000000e+01,2.00244384e+01,2.01042325e+01,2.02658797e+01
2.00000000e+01,2.00281184e+01,2.01166853e+01,2.02918407e+01
2.00000000e+01,2.00264014e+01,2.01108946e+01,2.02797898e+01
2.00000000e+01,2.00206749e+01,2.00899180e+01,2.02331181e+01
2.00000000e+01,2.00251234e+01,2.01065620e+01,2.02707484e+01
2.00000000e+01,2.00201209e+01,2.00881128e+01,2.02295177e+01
2.00000000e+01,2.00229255e+01,2.00977801e+01,2.02499156e+01
2.00000000e+01,2.00273312e+01,2.01140342e+01,2.02863275e+01
2.00000000e+01,2.00218594e+01,2.00941901e+01,2.02424930e+01
2.00000000e+01,2.00204590e+01,2.00892254e+01,2.02317581e+01
2.00000000e+01,2.00224455e+01,2.00961671e+01,2.02465858e+01
2.00000000e+01,2.00219682e+01,2.00957824e+01,2.02481629e+01
2.00000000e+01,2.00216347e+01,2.00946402e+01,2.02457668e+01
2.00000000e+01,2.00235442e+01,2.01011810e+01,2.02594898e+01
2.00000000e+01,2.00228320e+01,2.00987484e+01,2.02543936e+01
2.00000000e+01,2.00175267e+01,2.00788066e+01,2.02092494e+01
2.00000000e+01,2.00218805e+01,2.00954842e+01,2.02475393e+01
2.00000000e+01,2.00177243e+01,2.00796729e+01,2.02114319e+01
2.00000000e+01,2.00188567e+01,2.00835165e+01,2.02193839e+01
2.00000000e+01,2.00232767e+01,2.01002686e+01,2.02575795e+01
2.00000000e+01,2.00187338e+01,2.00832367e+01,2.02190772e+01
2.00000000e+01,2.00176688e+01,2.00793864e+01,2.02106425e+01
2.00000000e+01,2.00188524e+01,2.00835719e+01,2.02196375e+01
2.00000000e+01,2.00206522e+01,2.00912502e+01,2.02386295e+01
2.00000000e+01,2.00206460e+01,2.00912349e+01,2.02386038e+01
2.00000000e+01,2.00209855e+01,2.00924024e+01,2.02410567e+01
2.00000000e+01,2.00208966e+01,2.00920996e+01,2.02404239e+01
2.00000000e+01,2.00164428e+01,2.00749670e+01,2.02010032e+01
2.00000000e+01,2.00206464e+01,2.00912360e+01,2.02386050e+01
2.00000000e+01,2.00169134e+01,2.00768168e+01,2.02053271e+01
2.00000000e+01,2.00166941e+01,2.00758496e+01,2.02028829e+01
2.00000000e+01,2.00209609e+01,2.00923194e+01,2.02408843e+01
2.00000000e+01,2.00170989e+01,2.00774631e+01,2.02066942e+01
2.00000000e+01,2.00166563e+01,2.00758078e+01,2.02029711e+01
2.00000000e+01,2.00168901e+01,2.00766268e+01,2.02047114e+01
2.00000000e+01,2.00112961e+01,2.00533316e+01,2.01477153e+01
2.00000000e+01,2.00130335e+01,2.00599769e+01,2.01629463e+01
2.00000000e+01,2.00095016e+01,2.00459864e+01,2.01299307e+01
2.00000000e+01,2.00113960e+01,2.00537817e+01,2.01488828e+01
2.00000000e+01,2.00109439e+01,2.00516488e+01,2.01431750e+01
2.00000000e+01,2.00130173e+01,2.00599754e+01,2.01630621e+01
2.00000000e+01,2.00096116e+01,2.00464827e+01,2.01312223e+01
2.00000000e+01,2.00109588e+01,2.00517637e+01,2.01435578e+01
2.00000000e+01,2.00091683e+01,2.00450645e+01,2.01285755e+01
2.00000000e+01,2.00100238e+01,2.00484060e+01,2.01363368e+01
2.00000000e+01,2.00077467e+01,2.00389792e+01,2.01133506e+01
2.00000000e+01,2.00093792e+01,2.00459631e+01,2.01308146e+01
2.00000000e+01,2.00084544e+01,2.00418211e+01,2.01201003e+01
2.00000000e+01,2.00101973e+01,2.00491500e+01,2.01382009e+01
2.00000000e+01,2.00079463e+01,2.00398499e+01,2.01155615e+01
2.00000000e+01,2.00086236e+01,2.00425616e+01,2.01219863e+01
2.00000000e+01,2.00085706e+01,2.00427323e+01,2.01231741e+01
2.00000000e+01,2.00086932e+01,2.00432026e+01,2.01242457e+01
2.00000000e+01,2.00072076e+01,2.00368045e+01,2.01081751e+01
2.00000000e+01,2.00087745e+01,2.00436088e+01,2.01253710e+01
2.00000000e+01,2.00073272e+01,2.00372842e+01,2.01093099e+01
2.00000000e+01,2.00089011e+01,2.00440941e+01,2.01264764e+01
2.00000000e+01,2.00074046e+01,2.00376707e+01,2.01103857e+01
2.00000000e+01,2.00075268e+01,2.00381602e+01,2.01115433e+01
2.00000000e+01,2.00168765e+01,2.00753153e+01,2.01994100e+01
2.00000000e+01,2.00192193e+01,2.00837642e+01,2.02179167e+01
2.00000000e+01,2.00137614e+01,2.00631721e+01,2.01710841e+01
2.00000000e+01,2.00168750e+01,2.00753691e+01,2.01996428e+01
2.00000000e+01,2.00157791e+01,2.00706710e+01,2.01878944e+01
2.00000000e+01,2.00190579e+01,2.00832389e+01,2.02168726e+01
2.00000000e+01,2.00138220e+01,2.00634641e+01,2.01718701e+01
2.00000000e+01,2.00157034e+01,2.00704510e+01,2.01875193e+01
2.00000000e+01,2.00137838e+01,2.00640164e+01,2.01744793e+01
2.00000000e+01,2.00150596e+01,2.00686976e+01,2.01848313e+01
2.00000000e+01,2.00111858e+01,2.00534632e+01,2.01491333e+01
2.00000000e+01,2.00139632e+01,2.00647433e+01,2.01762197e+01
2.00000000e+01,2.00122386e+01,2.00574498e+01,2.01581698e+01
2.00000000e+01,2.00151726e+01,2.00691737e+01,2.01860055e+01
2.00000000e+01,2.00113894e+01,2.00543098e+01,2.01512023e+01
2.00000000e+01,2.00123912e+01,2.00580952e+01,2.01597687e+01
2.00000000e+01,2.00128565e+01,2.00606241e+01,2.01670151e+01
2.00000000e+01,2.00130501e+01,2.00613201e+01,2.01685186e+01
2.00000000e+01,2.00103992e+01,2.00504909e+01,2.01424235e+01
2.00000000e+01,2.00130292e+01,2.00613296e+01,2.01687116e+01
2.00000000e+01,2.00105593e+01,2.00510834e+01,2.01437346e+01
2.00000000e+01,2.00132289e+01,2.00620466e+01,2.01702617e+01
2.00000000e+01,2.00105995e+01,2.00513291e+01,2.01444805e+01
2.00000000e+01,2.00107630e+01,2.00519353e+01,2.01458240e+01
2.00000000e+01,2.00265295e+01,2.01113236e+01,2.02806801e+01
2.00000000e+01,2.00293737e+01,2.01208999e+01,2.03005911e+01
2.00000000e+01,2.00211020e+01,2.00913204e+01,2.02359400e+01
2.00000000e+01,2.00262107e+01,2.01102469e+01,2.02784371e+01
2.00000000e+01,2.00237035e+01,2.01003979e+01,2.02553322e+01
2.00000000e+01,2.00288679e+01,2.01192035e+01,2.02970710e+01
2.00000000e+01,2.00209759e+01,2.00909187e+01,2.02351565e+01
2.00000000e+01,2.00234014e+01,2.00993853e+01,2.02532436e+01
2.00000000e+01,2.00222264e+01,2.00966615e+01,2.02500025e+01
2.00000000e+01,2.00240861e+01,2.01030270e+01,2.02633520e+01
2.00000000e+01,2.00174235e+01,2.00783305e+01,2.02080135e+01
2.00000000e+01,2.00221944e+01,2.00965580e+01,2.02497908e+01
2.00000000e+01,2.00189808e+01,2.00838514e+01,2.02199066e+01
2.00000000e+01,2.00239357e+01,2.01025154e+01,2.02622824e+01
2.00000000e+01,2.00175294e+01,2.00787520e+01,2.02090092e+01
2.00000000e+01,2.00189945e+01,2.00839431e+01,2.02201860e+01
2.00000000e+01,2.00206655e+01,2.00912817e+01,2.02386828e+01
2.00000000e+01,2.00210551e+01,2.00926390e+01,2.02415506e+01
2.00000000e+01,2.00161496e+01,2.00738091e+01,2.01982871e+01
2.00000000e+01,2.00206518e+01,2.00912506e+01,2.02386311e+01
2.00000000e+01,2.00164443e+01,2.00748452e+01,2.02004961e+01
2.00000000e+01,2.00210474e+01,2.00926116e+01,2.02414929e+01
2.00000000e+01,2.00162675e+01,2.00742742e+01,2.01993780e+01
2.00000000e+01,2.00165603e+01,2.00753059e+01,2.02015801e+01
2.00000000e+01,2.00112531e+01,2.00531140e+01,2.01471095e+01
2.00000000e+01,2.00130731e+01,2.00600792e+01,2.01630832e+01
2.00000000e+01,2.00094395e+01,2.00456915e+01,2.01291357e+01
2.00000000e+01,2.00112975e+01,2.00532976e+01,2.01475573e+01
2.00000000e+01,2.00109510e+01,2.00516303e+01,2.01430381e+01
2.00000000e+01,2.00130857e+01,2.00601386e+01,2.01632422e+01
2.00000000e+01,2.00094823e+01,2.00458731e+01,2.01295878e+01
2.00000000e+01,2.00109678e+01,2.00517070e+01,2.01432399e+01
2.00000000e+01,2.00090349e+01,2.00444844e+01,2.01271080e+01
2.00000000e+01,2.00099247e+01,2.00479656e+01,2.01352044e+01
2.00000000e+01,2.00076117e+01,2.00383808e+01,2.01118135e+01
2.00000000e+01,2.00090961e+01,2.00447375e+01,2.01277242e+01
2.00000000e+01,2.00083470e+01,2.00413392e+01,2.01188504e+01
2.00000000e+01,2.00099850e+01,2.00482125e+01,2.01358019e+01
2.00000000e+01,2.00076688e+01,2.00386240e+01,2.01124196e+01
2.00000000e+01,2.00084027e+01,2.00415749e+01,2.01194350e+01
2.00000000e+01,2.00084197e+01,2.00420813e+01,2.01215376e+01
2.00000000e+01,2.00085433e+01,2.00425560e+01,2.01226200e+01
2.00000000e+01,2.00070564e+01,2.00361377e+01,2.01064695e+01
2.00000000e+01,2.00084470e+01,2.00422006e+01,2.01218407e+01
2.00000000e+01,2.00071772e+01,2.00366217e+01,2.01076121e+01
2.00000000e+01,2.00085802e+01,2.00427117e+01,2.01230054e+01
2.00000000e+01,2.00070897e+01,2.00362841e+01,2.01068424e+01
2.00000000e+01,2.00072173e+01,2.00367970e+01,2.01080580e+01
2.00000000e+01,2.00169191e+01,2.00754192e+01,2.01995398e+01
2.00000000e+01,2.00193797e+01,2.00842942e+01,2.02189868e+01
2.00000000e+01,2.00137521e+01,2.00630841e+01,2.01707804e+01
2.00000000e+01,2.00169634e+01,2.00755927e+01,2.01999460e+01
2.00000000e+01,2.00158685e+01,2.00709524e+01,2.01884272e+01
2.00000000e+01,2.00193731e+01,2.00842816e+01,2.02189810e+01
2.00000000e+01,2.00137973e+01,2.00632659e+01,2.01712152e+01
2.00000000e+01,2.00158734e+01,2.00709824e+01,2.01885176e+01
2.00000000e+01,2.00136728e+01,2.00635482e+01,2.01733262e+01
2.00000000e+01,2.00150105e+01,2.00684630e+01,2.01842059e+01
2.00000000e+01,2.00110579e+01,2.00529174e+01,2.01477732e+01
2.00000000e+01,2.00137526e+01,2.00638584e+01,2.01740432e+01
2.00000000e+01,2.00121577e+01,2.00570872e+01,2.01572350e+01
2.00000000e+01,2.00150844e+01,2.00687463e+01,2.01848571e+01
2.00000000e+01,2.00111287e+01,2.00532001e+01,2.01484427e+01
2.00000000e+01,2.00122244e+01,2.00573524e+01,2.01578616e+01
2.00000000e+01,2.00127049e+01,2.00600025e+01,2.01655169e+01
2.00000000e+01,2.00129037e+01,2.00607201e+01,2.01670695e+01
2.00000000e+01,2.00102415e+01,2.00498292e+01,2.01407966e+01
2.00000000e+01,2.00127312e+01,2.00601161e+01,2.01657961e+01
2.00000000e+01,2.00104054e+01,2.00504352e+01,2.01421357e+01
2.00000000e+01,2.00129483e+01,2.00608954e+01,2.01674816e+01
2.00000000e+01,2.00102705e+01,2.00499505e+01,2.01410943e+01
2.00000000e+01,2.00104456e+01,2.00506009e+01,2.01425378e+01
2.00000000e+01,2.00268654e+01,2.01124558e+01,2.02830362e+01
2.00000000e+01,2.00298359e+01,2.01224481e+01,2.03038016e+01
2.00000000e+01,2.00212596e+01,2.00918379e+01,2.02369825e+01
2.00000000e+01,2.00268536e+01,2.01124195e+01,2.02829636e+01
2.00000000e+01,2.00239873e+01,2.01013515e+01,2.02573045e+01
2.00000000e+01,2.00297591e+01,2.01221906e+01,2.03032676e+01
2.00000000e+01,2.00212846e+01,2.00919341e+01,2.02372045e+01
2.00000000e+01,2.00239525e+01,2.01012387e+01,2.02570791e+01
2.00000000e+01,2.00223302e+01,2.00970063e+01,2.02507167e+01
2.00000000e+01,2.00242885e+01,2.01037170e+01,2.02647958e+01
2.00000000e+01,2.00173874e+01,2.00781629e+01,2.02075763e+01
2.00000000e+01,2.00223819e+01,2.00971996e+01,2.02511360e+01
2.00000000e+01,2.00190282e+01,2.00839810e+01,2.02201134e+01
2.00000000e+01,2.00243298e+01,2.01038552e+01,2.02650828e+01
2.00000000e+01,2.00174661e+01,2.00784513e+01,2.02082161e+01
2.00000000e+01,2.00190908e+01,2.00842116e+01,2.02206270e+01
2.00000000e+01,2.00206836e+01,2.00913216e+01,2.02387477e+01
2.00000000e+01,2.00210769e+01,2.00927192e+01,2.02417227e+01
2.00000000e+01,2.00160445e+01,2.00733942e+01,2.01973134e+01
2.00000000e+01,2.00206526e+01,2.00912552e+01,2.02386408e+01
2.00000000e+01,2.00163555e+01,2.00744863e+01,2.01996410e+01
2.00000000e+01,2.00211029e+01,2.00927952e+01,2.02418720e+01
2.00000000e+01,2.00160665e+01,2.00734777e+01,2.01975065e+01
2.00000000e+01,2.00163898e+01,2.00746189e+01,2.01999450e+01
2.00000000e+01,2.00434759e+01,2.01707938e+01,2.04090037e+01
2.00000000e+01,2.00445743e+01,2.01743926e+01,2.04163903e+01
2.00000000e+01,2.00461514e+01,2.01789928e+01,2.04248674e+01
2.00000000e+01,2.00472765e+01,2.01826470e+01,2.04323134e+01
2.00000000e+01,2.00338763e+01,2.01375543e+01,2.03379834e+01
2.00000000e+01,2.00345059e+01,2.01396674e+01,2.03423807e+01
2.00000000e+01,2.00443606e+01,2.01736971e+01,2.04149549e+01
2.00000000e+01,2.00367450e+01,2.01468189e+01,2.03566504e+01
2.00000000e+01,2.00374788e+01,2.01492437e+01,2.03616451e+01
2.00000000e+01,2.00470258e+01,2.01818238e+01,2.04306233e+01
2.00000000e+01,2.00344285e+01,2.01393973e+01,2.03418023e+01
2.00000000e+01,2.00373307e+01,2.01487518e+01,2.03606264e+01
2.00000000e+01,2.00382405e+01,2.01544062e+01,2.03768220e+01
2.00000000e+01,2.00391001e+01,2.01572568e+01,2.03827657e+01
2.00000000e+01,2.00406751e+01,2.01620881e+01,2.03919826e+01
2.00000000e+01,2.00416136e+01,2.01652477e+01,2.03985730e+01
2.00000000e+01,2.00290140e+01,2.01216426e+01,2.03056755e+01
2.00000000e+01,2.00293674e+01,2.01228831e+01,2.03083398e+01
2.00000000e+01,2.00389314e+01,2.01567766e+01,2.03818110e+01
2.00000000e+01,2.00311981e+01,2.01288213e+01,2.03202893e+01
2.00000000e+01,2.00316901e+01,2.01305003e+01,2.03238269e+01
2.00000000e+01,2.00415039e+01,2.01648346e+01,2.03976553e+01
2.00000000e+01,2.00293947e+01,2.01229472e+01,2.03084322e+01
2.00000000e+01,2.00316682e+01,2.01304133e+01,2.03236204e+01
2.00000000e+01,2.00357291e+01,2.01462725e+01,2.03604777e+01
2.00000000e+01,2.00364718e+01,2.01486650e+01,2.03654470e+01
2.00000000e+01,2.00364450e+01,2.01487207e+01,2.03655416e+01
2.00000000e+01,2.00370500e+01,2.01509030e+01,2.03702752e+01
2.00000000e+01,2.00268756e+01,2.01145307e+01,2.02910776e+01
2.00000000e+01,2.00270763e+01,2.01152751e+01,2.02927372e+01
2.00000000e+01,2.00360631e+01,2.01476356e+01,2.03635748e+01
2.00000000e+01,2.00274928e+01,2.01165967e+01,2.02953472e+01
2.00000000e+01,2.00277521e+01,2.01175201e+01,2.02973621e+01
2.00000000e+01,2.00370330e+01,2.01507096e+01,2.03697393e+01
2.00000000e+01,2.00270549e+01,2.01151673e+01,2.02924730e+01
2.00000000e+01,2.00277169e+01,2.01173991e+01,2.02970954e+01
2.00000000e+01,2.00737236e+01,2.02701015e+01,2.06132978e+01
2.00000000e+01,2.00765899e+01,2.02789049e+01,2.06306401e+01
2.00000000e+01,2.00740360e+01,2.02700876e+01,2.06118268e+01
2.00000000e+01,2.00764744e+01,2.02776583e+01,2.06268064e+01
2.00000000e+01,2.00564486e+01,2.02142078e+01,2.04995056e+01
2.00000000e+01,2.00581827e+01,2.02197746e+01,2.05107599e+01
2.00000000e+01,2.00757984e+01,2.02765770e+01,2.06261321e+01
2.00000000e+01,2.00583435e+01,2.02194768e+01,2.05089034e+01
2.00000000e+01,2.00600160e+01,2.02247809e+01,2.05195494e+01
2.00000000e+01,2.00758833e+01,2.02757943e+01,2.06230875e+01
2.00000000e+01,2.00578324e+01,2.02186201e+01,2.05083870e+01
2.00000000e+01,2.00596146e+01,2.02235020e+01,2.05169717e+01
2.00000000e+01,2.00701057e+01,2.02605120e+01,2.05968538e+01
2.00000000e+01,2.00733335e+01,2.02701284e+01,2.06155972e+01
2.00000000e+01,2.00721011e+01,2.02660550e+01,2.06067363e+01
2.00000000e+01,2.00747748e+01,2.02745598e+01,2.06237665e+01
2.00000000e+01,2.00514373e+01,2.01994559e+01,2.04718307e+01
2.00000000e+01,2.00528853e+01,2.02042748e+01,2.04817849e+01
2.00000000e+01,2.00720561e+01,2.02668779e+01,2.06097407e+01
2.00000000e+01,2.00539561e+01,2.02069451e+01,2.04859984e+01
2.00000000e+01,2.00556217e+01,2.02123406e+01,2.04969803e+01
2.00000000e+01,2.00743361e+01,2.02730078e+01,2.06205071e+01
2.00000000e+01,2.00527442e+01,2.02036903e+01,2.04804553e+01
2.00000000e+01,2.00553158e+01,2.02113348e+01,2.04949004e+01
2.00000000e+01,2.00674415e+01,2.02523325e+01,2.05812637e+01
2.00000000e+01,2.00712863e+01,2.02629521e+01,2.06013047e+01
2.00000000e+01,2.00678785e+01,2.02543261e+01,2.05856189e+01
2.00000000e+01,2.00698196e+01,2.02610848e+01,2.05996935e+01
2.00000000e+01,2.00482066e+01,2.01895760e+01,2.04526928e+01
2.00000000e+01,2.00492999e+01,2.01933704e+01,2.04607105e+01
2.00000000e+01,2.00680520e+01,2.02556055e+01,2.05889533e+01
2.00000000e+01,2.00493869e+01,2.01932125e+01,2.04598240e+01
2.00000000e+01,2.00507510e+01,2.01977030e+01,2.04690955e+01
2.00000000e+01,2.00701090e+01,2.02611883e+01,2.05991998e+01
2.00000000e+01,2.00492775e+01,2.01930475e+01,2.04598307e+01
2.00000000e+01,2.00504407e+01,2.01967546e+01,2.04671932e+01
2.00000000e+01,2.00966278e+01,2.03416740e+01,2.07554879e+01
2.00000000e+01,2.01009713e+01,2.03548395e+01,2.07811033e+01
2.00000000e+01,2.00941175e+01,2.03328978e+01,2.07368706e+01
2.00000000e+01,2.00977604e+01,2.03438917e+01,2.07582438e+01
2.00000000e+01,2.00999174e+01,2.03515602e+01,2.07746415e+01
2.00000000e+01,2.00967885e+01,2.03409554e+01,2.07525282e+01
2.00000000e+01,2.00964780e+01,2.03434145e+01,2.07617553e+01
2.00000000e+01,2.01010495e+01,2.03576481e+01,2.07897402e+01
2.00000000e+01,2.00972822e+01,2.03447563e+01,2.07629428e+01
2.00000000e+01,2.01021815e+01,2.03595131e+01,2.07915553e+01
2.00000000e+01,2.01004882e+01,2.03553674e+01,2.07848019e+01
2.00000000e+01,2.01008943e+01,2.03556734e+01,2.07841281e+01
2.00000000e+01,2.00936263e+01,2.03362003e+01,2.07494835e+01
2.00000000e+01,2.00971741e+01,2.03480794e+01,2.07735126e+01
2.00000000e+01,2.00953267e+01,2.03405233e+01,2.07570406e+01
2.00000000e+01,2.01007026e+01,2.03564241e+01,2.07876426e+01
2.00000000e+01,2.00982292e+01,2.03493390e+01,2.07744015e+01
2.00000000e+01,2.00989042e+01,2.03515675e+01,2.07786919e+01
2.00000000e+01,2.00406489e+01,2.01614400e+01,2.03897037e+01
2.00000000e+01,2.00431572e+01,2.01692282e+01,2.04049202e+01
2.00000000e+01,2.00322101e+01,2.01319443e+01,2.03262848e+01
2.00000000e+01,2.00423225e+01,2.01669759e+01,2.04011181e+01
2.00000000e+01,2.00347751e+01,2.01402836e+01,2.03431601e+01
2.00000000e+01,2.00448836e+01,2.01748612e+01,2.04164281e+01
2.00000000e+01,2.00332299e+01,2.01353741e+01,2.03334285e+01
2.00000000e+01,2.00359282e+01,2.01441103e+01,2.03510594e+01
2.00000000e+01,2.00361682e+01,2.01473041e+01,2.03617874e+01
2.00000000e+01,2.00382158e+01,2.01538004e+01,2.03746638e+01
2.00000000e+01,2.00280751e+01,2.01183470e+01,2.02985892e+01
2.00000000e+01,2.00374571e+01,2.01517200e+01,2.03711165e+01
2.00000000e+01,2.00299090e+01,2.01244018e+01,2.03109506e+01
2.00000000e+01,2.00397190e+01,2.01588514e+01,2.03851936e+01
2.00000000e+01,2.00287150e+01,2.01205749e+01,2.03033480e+01
2.00000000e+01,2.00307384e+01,2.01272356e+01,2.03169201e+01
2.00000000e+01,2.00341135e+01,2.01406510e+01,2.03484009e+01
2.00000000e+01,2.00347304e+01,2.01427016e+01,2.03526004e+01
2.00000000e+01,2.00263175e+01,2.01124818e+01,2.02865243e+01
2.00000000e+01,2.00349943e+01,2.01438125e+01,2.03552803e+01
2.00000000e+01,2.00268156e+01,2.01141586e+01,2.02899993e+01
2.00000000e+01,2.00357719e+01,2.01463381e+01,2.03603991e+01
2.00000000e+01,2.00266525e+01,2.01137054e+01,2.02892389e+01
2.00000000e+01,2.00272356e+01,2.01156686e+01,2.02933048e+01
2.00000000e+01,2.00663630e+01,2.02469795e+01,2.05672119e+01
2.00000000e+01,2.00674369e+01,2.02494968e+01,2.05709491e+01
2.00000000e+01,2.00518238e+01,2.01992689e+01,2.04691739e+01
2.00000000e+01,2.00705053e+01,2.02600219e+01,2.05932341e+01
2.00000000e+01,2.00538681e+01,2.02051890e+01,2.04801125e+01
2.00000000e+01,2.00711454e+01,2.02610825e+01,2.05939636e+01
2.00000000e+01,2.00544964e+01,2.02079005e+01,2.04866932e+01
2.00000000e+01,2.00564135e+01,2.02133226e+01,2.04965080e+01
2.00000000e+01,2.00627578e+01,2.02370633e+01,2.05496266e+01
2.00000000e+01,2.00646268e+01,2.02423230e+01,2.05591387e+01
2.00000000e+01,2.00474228e+01,2.01861041e+01,2.04441903e+01
2.00000000e+01,2.00669087e+01,2.02504190e+01,2.05766182e+01
2.00000000e+01,2.00495424e+01,2.01924956e+01,2.04563961e+01
2.00000000e+01,2.00689015e+01,2.02558959e+01,2.05863606e+01
2.00000000e+01,2.00498391e+01,2.01941135e+01,2.04607333e+01
2.00000000e+01,2.00521348e+01,2.02009774e+01,2.04737581e+01
2.00000000e+01,2.00604178e+01,2.02300771e+01,2.05364160e+01
2.00000000e+01,2.00611314e+01,2.02323899e+01,2.05409912e+01
2.00000000e+01,2.00449077e+01,2.01783282e+01,2.04290328e+01
2.00000000e+01,2.00638194e+01,2.02414941e+01,2.05599861e+01
2.00000000e+01,2.00457625e+01,2.01810162e+01,2.04343564e+01
2.00000000e+01,2.00650588e+01,2.02451035e+01,2.05668212e+01
2.00000000e+01,2.00468583e+01,2.01849360e+01,2.04429062e+01
2.00000000e+01,2.00478654e+01,2.01881171e+01,2.04492078e+01
2.00000000e+01,2.00853009e+01,2.03070992e+01,2.06878934e+01
2.00000000e+01,2.00845540e+01,2.03037958e+01,2.06800252e+01
2.00000000e+01,2.00915913e+01,2.03263297e+01,2.07255237e+01
2.00000000e+01,2.00898689e+01,2.03200001e+01,2.07117092e+01
2.00000000e+01,2.00839094e+01,2.03046464e+01,2.06855935e+01
2.00000000e+01,2.00849398e+01,2.03069557e+01,2.06889412e+01
2.00000000e+01,2.00910139e+01,2.03265522e+01,2.07286385e+01
2.00000000e+01,2.00917902e+01,2.03279948e+01,2.07301929e+01
2.00000000e+01,2.00818981e+01,2.02993882e+01,2.06765405e+01
2.00000000e+01,2.00827577e+01,2.03016989e+01,2.06806638e+01
2.00000000e+01,2.00888430e+01,2.03208769e+01,2.07189230e+01
2.00000000e+01,2.00896775e+01,2.03232500e+01,2.07232496e+01
2.00000000e+01,2.00369421e+01,2.01490342e+01,2.03639169e+01
2.00000000e+01,2.00391519e+01,2.01560398e+01,2.03778180e+01
2.00000000e+01,2.00299921e+01,2.01244169e+01,2.03105072e+01
2.00000000e+01,2.00389351e+01,2.01557137e+01,2.03778094e+01
2.00000000e+01,2.00321043e+01,2.01313582e+01,2.03246558e+01
2.00000000e+01,2.00412626e+01,2.01630047e+01,2.03921481e+01
2.00000000e+01,2.00312158e+01,2.01285713e+01,2.03192139e+01
2.00000000e+01,2.00335301e+01,2.01361297e+01,2.03345552e+01
2.00000000e+01,2.00333962e+01,2.01376640e+01,2.03411895e+01
2.00000000e+01,2.00349794e+01,2.01427636e+01,2.03514128e+01
2.00000000e+01,2.00267924e+01,2.01138050e+01,2.02887629e+01
2.00000000e+01,2.00349520e+01,2.01430701e+01,2.03527277e+01
2.00000000e+01,2.00281919e+01,2.01184627e+01,2.02983262e+01
2.00000000e+01,2.00367564e+01,2.01488240e+01,2.03641764e+01
2.00000000e+01,2.00275585e+01,2.01165051e+01,2.02945810e+01
2.00000000e+01,2.00291745e+01,2.01218558e+01,2.03055270e+01
2.00000000e+01,2.00318554e+01,2.01326126e+01,2.03309237e+01
2.00000000e+01,2.00323261e+01,2.01341857e+01,2.03341684e+01
2.00000000e+01,2.00254880e+01,2.01094215e+01,2.02796987e+01
2.00000000e+01,2.00330303e+01,2.01368296e+01,2.03401310e+01
2.00000000e+01,2.00258561e+01,2.01106703e+01,2.02823014e+01
2.00000000e+01,2.00336224e+01,2.01387824e+01,2.03441256e+01
2.00000000e+01,2.00259316e+01,2.01110593e+01,2.02833540e+01
2.00000000e+01,2.00263898e+01,2.01126083e+01,2.02865729e+01
2.00000000e+01,2.00570724e+01,2.02172740e+01,2.05073390e+01
2.00000000e+01,2.00588519e+01,2.02223372e+01,2.05165751e+01
2.00000000e+01,2.00458389e+01,2.01796675e+01,2.04290170e+01
2.00000000e+01,2.00618593e+01,2.02326409e+01,2.05383865e+01
2.00000000e+01,2.00479478e+01,2.01860668e+01,2.04413028e+01
2.00000000e+01,2.00632695e+01,2.02363639e+01,2.05447175e+01
2.00000000e+01,2.00489924e+01,2.01900166e+01,2.04502429e+01
2.00000000e+01,2.00510356e+01,2.01960649e+01,2.04616232e+01
2.00000000e+01,2.00535500e+01,2.02069440e+01,2.04880148e+01
2.00000000e+01,2.00552310e+01,2.02119210e+01,2.04973944e+01
2.00000000e+01,2.00421383e+01,2.01682568e+01,2.04068530e+01
2.00000000e+01,2.00583506e+01,2.02227254e+01,2.05203916e+01
2.00000000e+01,2.00438448e+01,2.01735485e+01,2.04171737e+01
2.00000000e+01,2.00600987e+01,2.02277317e+01,2.05295833e+01
2.00000000e+01,2.00450000e+01,2.01779266e+01,2.04270867e+01
2.00000000e+01,2.00468804e+01,2.01836587e+01,2.04381200e+01
2.00000000e+01,2.00516272e+01,2.02010421e+01,2.04765742e+01
2.00000000e+01,2.00522774e+01,2.02031142e+01,2.04806954e+01
2.00000000e+01,2.00402521e+01,2.01622776e+01,2.03949811e+01
2.00000000e+01,2.00560217e+01,2.02157873e+01,2.05072106e+01
2.00000000e+01,2.00408804e+01,2.01643076e+01,2.03990774e+01
2.00000000e+01,2.00568568e+01,2.02183285e+01,2.05121369e+01
2.00000000e+01,2.00427000e+01,2.01707361e+01,2.04129619e+01
2.00000000e+01,2.00434617e+01,2.01731690e+01,2.04178247e+01
2.00000000e+01,2.00713531e+01,2.02637156e+01,2.06020722e+01
2.00000000e+01,2.00723417e+01,2.02660628e+01,2.06056545e+01
2.00000000e+01,2.00784439e+01,2.02858646e+01,2.06460024e+01
2.00000000e+01,2.00785773e+01,2.02854023e+01,2.06438562e+01
2.00000000e+01,2.00687095e+01,2.02566504e+01,2.05898193e+01
2.00000000e+01,2.00700679e+01,2.02603593e+01,2.05963809e+01
2.00000000e+01,2.00764877e+01,2.02813217e+01,2.06392014e+01
2.00000000e+01,2.00776207e+01,2.02841393e+01,2.06437658e+01
2.00000000e+01,2.00669028e+01,2.02514699e+01,2.05802541e+01
2.00000000e+01,2.00675668e+01,2.02534288e+01,2.05839639e+01
2.00000000e+01,2.00745999e+01,2.02761606e+01,2.06300355e+01
2.00000000e+01,2.00752810e+01,2.02781100e+01,2.06336298e+01
2.00000000e+01,2.00112961e+01,2.00533316e+01,2.01477153e+01
2.00000000e+01,2.00130335e+01,2.00599770e+01,2.01629463e+01
2.00000000e+01,2.00095016e+01,2.00459864e+01,2.01299307e+01
2.00000000e+01,2.00112975e+01,2.00532976e+01,2.01475573e+01
2.00000000e+01,2.00109439e+01,2.00516488e+01,2.01431750e+01
2.00000000e+01,2.00130857e+01,2.00601386e+01,2.01632422e+01
2.00000000e+01,2.00094823e+01,2.00458731e+01,2.01295878e+01
2.00000000e+01,2.00109678e+01,2.00517070e+01,2.01432399e+01
2.00000000e+01,2.00091683e+01,2.00450645e+01,2.01285755e+01
2.00000000e+01,2.00100238e+01,2.00484060e+01,2.01363368e+01
2.00000000e+01,2.00077467e+01,2.00389792e+01,2.01133506e+01
2.00000000e+01,2.00090961e+01,2.00447375e+01,2.01277242e+01
2.00000000e+01,2.00084544e+01,2.00418211e+01,2.01201003e+01
2.00000000e+01,2.00099850e+01,2.00482125e+01,2.01358019e+01
2.00000000e+01,2.00076688e+01,2.00386240e+01,2.01124196e+01
2.00000000e+01,2.00084027e+01,2.00415749e+01,2.01194350e+01
2.00000000e+01,2.00085706e+01,2.00427323e+01,2.01231741e+01
2.00000000e+01,2.00086932e+01,2.00432026e+01,2.01242457e+01
2.00000000e+01,2.00072076e+01,2.00368045e+01,2.01081751e+01
2.00000000e+01,2.00084470e+01,2.00422006e+01,2.01218407e+01
2.00000000e+01,2.00073272e+01,2.00372842e+01,2.01093099e+01
2.00000000e+01,2.00085802e+01,2.00427117e+01,2.01230055e+01
2.00000000e+01,2.00070897e+01,2.00362841e+01,2.01068424e+01
2.00000000e+01,2.00072173e+01,2.00367970e+01,2.01080580e+01
2.00000000e+01,2.00168765e+01,2.00753153e+01,2.01994101e+01
2.00000000e+01,2.00192193e+01,2.00837642e+01,2.02179167e+01
2.00000000e+01,2.00137614e+01,2.00631721e+01,2.01710842e+01
2.00000000e+01,2.00169634e+01,2.00755927e+01,2.01999460e+01
2.00000000e+01,2.00157791e+01,2.00706710e+01,2.01878944e+01
2.00000000e+01,2.00193731e+01,2.00842816e+01,2.02189810e+01
2.00000000e+01,2.00137973e+01,2.00632659e+01,2.01712152e+01
2.00000000e+01,2.00158734e+01,2.00709824e+01,2.01885176e+01
2.00000000e+01,2.00137838e+01,2.00640164e+01,2.01744793e+01
2.00000000e+01,2.00150596e+01,2.00686976e+01,2.01848313e+01
2.00000000e+01,2.00111858e+01,2.00534633e+01,2.01491333e+01
2.00000000e+01,2.00137526e+01,2.00638584e+01,2.01740432e+01
2.00000000e+01,2.00122386e+01,2.00574498e+01,2.01581698e+01
2.00000000e+01,2.00150844e+01,2.00687463e+01,2.01848571e+01
2.00000000e+01,2.00111287e+01,2.00532001e+01,2.01484427e+01
2.00000000e+01,2.00122244e+01,2.00573524e+01,2.01578616e+01
2.00000000e+01,2.00128565e+01,2.00606241e+01,2.01670151e+01
2.00000000e+01,2.00130501e+01,2.00613201e+01,2.01685186e+01
2.00000000e+01,2.00103992e+01,2.00504909e+01,2.01424235e+01
2.00000000e+01,2.00127312e+01,2.00601161e+01,2.01657961e+01
2.00000000e+01,2.00105593e+01,2.00510834e+01,2.01437346e+01
2.00000000e+01,2.00129483e+01,2.00608954e+01,2.01674816e+01
2.00000000e+01,2.00102705e+01,2.00499505e+01,2.01410943e+01
2.00000000e+01,2.00104456e+01,2.00506009e+01,2.01425378e+01
2.00000000e+01,2.00265295e+01,2.01113237e+01,2.02806802e+01
2.00000000e+01,2.00293737e+01,2.01208999e+01,2.03005911e+01
2.00000000e+01,2.00211021e+01,2.00913204e+01,2.02359401e+01
2.00000000e+01,2.00268536e+01,2.01124195e+01,2.02829637e+01
2.00000000e+01,2.00237035e+01,2.01003979e+01,2.02553322e+01
2.00000000e+01,2.00297591e+01,2.01221906e+01,2.03032676e+01
2.00000000e+01,2.00212846e+01,2.00919341e+01,2.02372045e+01
2.00000000e+01,2.00239525e+01,2.01012387e+01,2.02570791e+01
2.00000000e+01,2.00222264e+01,2.00966615e+01,2.02500025e+01
2.00000000e+01,2.00240861e+01,2.01030270e+01,2.02633520e+01
2.00000000e+01,2.00174235e+01,2.00783305e+01,2.02080136e+01
2.00000000e+01,2.00223819e+01,2.00971997e+01,2.02511360e+01
2.00000000e+01,2.00189808e+01,2.00838514e+01,2.02199066e+01
2.00000000e+01,2.00243298e+01,2.01038552e+01,2.02650828e+01
2.00000000e+01,2.00174661e+01,2.00784513e+01,2.02082161e+01
2.00000000e+01,2.00190908e+01,2.00842116e+01,2.02206270e+01
2.00000000e+01,2.00206655e+01,2.00912817e+01,2.02386828e+01
2.00000000e+01,2.00210551e+01,2.00926390e+01,2.02415506e+01
2.00000000e+01,2.00161496e+01,2.00738091e+01,2.01982871e+01
2.00000000e+01,2.00206526e+01,2.00912552e+01,2.02386408e+01
2.00000000e+01,2.00164443e+01,2.00748452e+01,2.02004961e+01
2.00000000e+01,2.00211029e+01,2.00927953e+01,2.02418720e+01
2.00000000e+01,2.00160665e+01,2.00734777e+01,2.01975065e+01
2.00000000e+01,2.00163898e+01,2.00746189e+01,2.01999450e+01
2.00000000e+01,2.00114575e+01,2.00541087e+01,2.01498167e+01
2.00000000e+01,2.00129475e+01,2.00597926e+01,2.01628093e+01
2.00000000e+01,2.00097037e+01,2.00469308e+01,2.01324465e+01
2.00000000e+01,2.00113960e+01,2.00537817e+01,2.01488828e+01
2.00000000e+01,2.00109410e+01,2.00517730e+01,2.01437378e+01
2.00000000e+01,2.00130173e+01,2.00599754e+01,2.01630621e+01
2.00000000e+01,2.00096116e+01,2.00464827e+01,2.01312223e+01
2.00000000e+01,2.00109588e+01,2.00517637e+01,2.01435578e+01
2.00000000e+01,2.00096063e+01,2.00469538e+01,2.01333255e+01
2.00000000e+01,2.00103550e+01,2.00498601e+01,2.01400420e+01
2.00000000e+01,2.00081719e+01,2.00408501e+01,2.01181307e+01
2.00000000e+01,2.00093792e+01,2.00459631e+01,2.01308146e+01
2.00000000e+01,2.00087935e+01,2.00433297e+01,2.01239871e+01
2.00000000e+01,2.00101973e+01,2.00491500e+01,2.01382010e+01
2.00000000e+01,2.00079463e+01,2.00398499e+01,2.01155615e+01
2.00000000e+01,2.00086236e+01,2.00425616e+01,2.01219863e+01
2.00000000e+01,2.00090735e+01,2.00448884e+01,2.01285664e+01
2.00000000e+01,2.00091858e+01,2.00453170e+01,2.01295400e+01
2.00000000e+01,2.00076902e+01,2.00389213e+01,2.01135666e+01
2.00000000e+01,2.00087745e+01,2.00436089e+01,2.01253710e+01
2.00000000e+01,2.00078001e+01,2.00393597e+01,2.01145999e+01
2.00000000e+01,2.00089011e+01,2.00440941e+01,2.01264764e+01
2.00000000e+01,2.00074046e+01,2.00376707e+01,2.01103858e+01
2.00000000e+01,2.00075268e+01,2.00381602e+01,2.01115434e+01
2.00000000e+01,2.00167600e+01,2.00750342e+01,2.01990658e+01
2.00000000e+01,2.00187747e+01,2.00822959e+01,2.02149543e+01
2.00000000e+01,2.00138131e+01,2.00635211e+01,2.01721772e+01
2.00000000e+01,2.00168750e+01,2.00753691e+01,2.01996428e+01
2.00000000e+01,2.00155454e+01,2.00699485e+01,2.01865571e+01
2.00000000e+01,2.00190579e+01,2.00832389e+01,2.02168726e+01
2.00000000e+01,2.00138220e+01,2.00634641e+01,2.01718702e+01
2.00000000e+01,2.00157034e+01,2.00704510e+01,2.01875194e+01
2.00000000e+01,2.00140983e+01,2.00653346e+01,2.01777143e+01
2.00000000e+01,2.00151982e+01,2.00693566e+01,2.01865835e+01
2.00000000e+01,2.00115847e+01,2.00551547e+01,2.01533275e+01
2.00000000e+01,2.00139632e+01,2.00647433e+01,2.01762198e+01
2.00000000e+01,2.00124986e+01,2.00585988e+01,2.01611034e+01
2.00000000e+01,2.00151726e+01,2.00691737e+01,2.01860055e+01
2.00000000e+01,2.00113894e+01,2.00543098e+01,2.01512023e+01
2.00000000e+01,2.00123912e+01,2.00580952e+01,2.01597688e+01
2.00000000e+01,2.00132917e+01,2.00623952e+01,2.01712656e+01
2.00000000e+01,2.00134633e+01,2.00630096e+01,2.01725903e+01
2.00000000e+01,2.00108959e+01,2.00525658e+01,2.01475080e+01
2.00000000e+01,2.00130292e+01,2.00613296e+01,2.01687116e+01
2.00000000e+01,2.00110388e+01,2.00530930e+01,2.01486722e+01
2.00000000e+01,2.00132289e+01,2.00620466e+01,2.01702618e+01
2.00000000e+01,2.00105995e+01,2.00513291e+01,2.01444805e+01
2.00000000e+01,2.00107631e+01,2.00519353e+01,2.01458240e+01
2.00000000e+01,2.00256340e+01,2.01082935e+01,2.02743628e+01
2.00000000e+01,2.00281184e+01,2.01166853e+01,2.02918407e+01
2.00000000e+01,2.00206749e+01,2.00899180e+01,2.02331181e+01
2.00000000e+01,2.00262108e+01,2.01102470e+01,2.02784371e+01
2.00000000e+01,2.00229255e+01,2.00977802e+01,2.02499156e+01
2.00000000e+01,2.00288679e+01,2.01192035e+01,2.02970711e+01
2.00000000e+01,2.00209760e+01,2.00909188e+01,2.02351565e+01
2.00000000e+01,2.00234014e+01,2.00993853e+01,2.02532437e+01
2.00000000e+01,2.00219682e+01,2.00957824e+01,2.02481630e+01
2.00000000e+01,2.00235442e+01,2.01011810e+01,2.02594899e+01
2.00000000e+01,2.00175267e+01,2.00788066e+01,2.02092495e+01
2.00000000e+01,2.00221944e+01,2.00965580e+01,2.02497908e+01
2.00000000e+01,2.00188567e+01,2.00835166e+01,2.02193840e+01
2.00000000e+01,2.00239358e+01,2.01025155e+01,2.02622825e+01
2.00000000e+01,2.00175294e+01,2.00787521e+01,2.02090093e+01
2.00000000e+01,2.00189945e+01,2.00839432e+01,2.02201861e+01
2.00000000e+01,2.00206522e+01,2.00912502e+01,2.02386295e+01
2.00000000e+01,2.00209855e+01,2.00924024e+01,2.02410567e+01
2.00000000e+01,2.00164428e+01,2.00749671e+01,2.02010033e+01
2.00000000e+01,2.00206518e+01,2.00912506e+01,2.02386311e+01
2.00000000e+01,2.00166941e+01,2.00758497e+01,2.02028829e+01
2.00000000e+01,2.00210474e+01,2.00926117e+01,2.02414930e+01
2.00000000e+01,2.00162675e+01,2.00742742e+01,2.01993781e+01
2.00000000e+01,2.00165603e+01,2.00753059e+01,2.02015801e+01
2.00000000e+01,2.00117531e+01,2.00554879e+01,2.01534710e+01
2.00000000e+01,2.00128588e+01,2.00596778e+01,2.01629872e+01
2.00000000e+01,2.00100612e+01,2.00485671e+01,2.01367414e+01
2.00000000e+01,2.00116182e+01,2.00548375e+01,2.01517137e+01
2.00000000e+01,2.00109757e+01,2.00521186e+01,2.01449645e+01
2.00000000e+01,2.00129209e+01,2.00597927e+01,2.01630101e+01
2.00000000e+01,2.00098857e+01,2.00477530e+01,2.01345865e+01
2.00000000e+01,2.00109671e+01,2.00519713e+01,2.01443935e+01
2.00000000e+01,2.00103549e+01,2.00501487e+01,2.01412903e+01
2.00000000e+01,2.00109228e+01,2.00523229e+01,2.01462568e+01
2.00000000e+01,2.00089044e+01,2.00440351e+01,2.01261901e+01
2.00000000e+01,2.00099684e+01,2.00484918e+01,2.01371472e+01
2.00000000e+01,2.00093758e+01,2.00458878e+01,2.01305115e+01
2.00000000e+01,2.00106422e+01,2.00510926e+01,2.01431295e+01
2.00000000e+01,2.00085198e+01,2.00423601e+01,2.01219473e+01
2.00000000e+01,2.00090795e+01,2.00445786e+01,2.01271601e+01
2.00000000e+01,2.00099595e+01,2.00486475e+01,2.01378915e+01
2.00000000e+01,2.00100363e+01,2.00489307e+01,2.01385150e+01
2.00000000e+01,2.00085470e+01,2.00426339e+01,2.01229318e+01
2.00000000e+01,2.00094675e+01,2.00465655e+01,2.01327369e+01
2.00000000e+01,2.00086238e+01,2.00429310e+01,2.01236144e+01
2.00000000e+01,2.00095714e+01,2.00469577e+01,2.01336193e+01
2.00000000e+01,2.00080677e+01,2.00405640e+01,2.01177242e+01
2.00000000e+01,2.00081700e+01,2.00409680e+01,2.01186692e+01
2.00000000e+01,2.00166404e+01,2.00748133e+01,2.01989931e+01
2.00000000e+01,2.00181696e+01,2.00803119e+01,2.02109867e+01
2.00000000e+01,2.00139446e+01,2.00642513e+01,2.01742885e+01
2.00000000e+01,2.00167417e+01,2.00750649e+01,2.01993216e+01
2.00000000e+01,2.00152444e+01,2.00690504e+01,2.01849719e+01
2.00000000e+01,2.00185117e+01,2.00814384e+01,2.02132496e+01
2.00000000e+01,2.00139028e+01,2.00639659e+01,2.01733933e+01
2.00000000e+01,2.00154208e+01,2.00695869e+01,2.01859432e+01
2.00000000e+01,2.00146196e+01,2.00674947e+01,2.01829726e+01
2.00000000e+01,2.00154552e+01,2.00705279e+01,2.01896182e+01
2.00000000e+01,2.00122578e+01,2.00579780e+01,2.01602704e+01
2.00000000e+01,2.00143760e+01,2.00664654e+01,2.01804326e+01
2.00000000e+01,2.00129509e+01,2.00605614e+01,2.01660486e+01
2.00000000e+01,2.00153604e+01,2.00700541e+01,2.01883260e+01
2.00000000e+01,2.00119202e+01,2.00565503e+01,2.01567394e+01
2.00000000e+01,2.00127399e+01,2.00596255e+01,2.01636566e+01
2.00000000e+01,2.00140145e+01,2.00653156e+01,2.01782391e+01
2.00000000e+01,2.00141386e+01,2.00657515e+01,2.01791631e+01
2.00000000e+01,2.00117483e+01,2.00560954e+01,2.01560987e+01
2.00000000e+01,2.00136182e+01,2.00637171e+01,2.01744263e+01
2.00000000e+01,2.00118477e+01,2.00564515e+01,2.01568647e+01
2.00000000e+01,2.00137783e+01,2.00642857e+01,2.01756449e+01
2.00000000e+01,2.00112761e+01,2.00541451e+01,2.01513611e+01
2.00000000e+01,2.00114080e+01,2.00546272e+01,2.01524174e+01
2.00000000e+01,2.00244384e+01,2.01042326e+01,2.02658798e+01
2.00000000e+01,2.00264014e+01,2.01108947e+01,2.02797899e+01
2.00000000e+01,2.00201209e+01,2.00881129e+01,2.02295178e+01
2.00000000e+01,2.00251235e+01,2.01065620e+01,2.02707485e+01
2.00000000e+01,2.00218595e+01,2.00941902e+01,2.02424931e+01
2.00000000e+01,2.00273312e+01,2.01140342e+01,2.02863275e+01
2.00000000e+01,2.00204590e+01,2.00892254e+01,2.02317582e+01
2.00000000e+01,2.00224455e+01,2.00961672e+01,2.02465858e+01
2.00000000e+01,2.00216348e+01,2.00946403e+01,2.02457669e+01
2.00000000e+01,2.00228320e+01,2.00987484e+01,2.02543937e+01
2.00000000e+01,2.00177243e+01,2.00796729e+01,2.02114320e+01
2.00000000e+01,2.00218806e+01,2.00954842e+01,2.02475394e+01
2.00000000e+01,2.00187339e+01,2.00832368e+01,2.02190773e+01
2.00000000e+01,2.00232768e+01,2.01002686e+01,2.02575795e+01
2.00000000e+01,2.00176689e+01,2.00793864e+01,2.02106425e+01
2.00000000e+01,2.00188524e+01,2.00835719e+01,2.02196376e+01
2.00000000e+01,2.00206460e+01,2.00912349e+01,2.02386039e+01
2.00000000e+01,2.00208967e+01,2.00920997e+01,2.02404239e+01
2.00000000e+01,2.00169135e+01,2.00768169e+01,2.02053272e+01
2.00000000e+01,2.00206465e+01,2.00912360e+01,2.02386051e+01
2.00000000e+01,2.00170989e+01,2.00774631e+01,2.02066942e+01
2.00000000e+01,2.00209609e+01,2.00923195e+01,2.02408844e+01
2.00000000e+01,2.00166563e+01,2.00758078e+01,2.02029712e+01
2.00000000e+01,2.00168901e+01,2.00766269e+01,2.02047114e+01
2.00000000e+01,2.00406490e+01,2.01614401e+01,2.03897038e+01
2.00000000e+01,2.00369421e+01,2.01490343e+01,2.03639170e+01
2.00000000e+01,2.00431572e+01,2.01692283e+01,2.04049203e+01
2.00000000e+01,2.00391520e+01,2.01560399e+01,2.03778181e+01
2.00000000e+01,2.00322101e+01,2.01319444e+01,2.03262848e+01
2.00000000e+01,2.00299921e+01,2.01244170e+01,2.03105073e+01
2.00000000e+01,2.00389352e+01,2.01557138e+01,2.03778095e+01
2.00000000e+01,2.00347752e+01,2.01402836e+01,2.03431602e+01
2.00000000e+01,2.00321044e+01,2.01313583e+01,2.03246559e+01
2.00000000e+01,2.00412626e+01,2.01630048e+01,2.03921481e+01
2.00000000e+01,2.00312158e+01,2.01285714e+01,2.03192140e+01
2.00000000e+01,2.00335302e+01,2.01361298e+01,2.03345553e+01
2.00000000e+01,2.00361683e+01,2.01473042e+01,2.03617874e+01
2.00000000e+01,2.00333962e+01,2.01376641e+01,2.03411896e+01
2.00000000e+01,2.00382158e+01,2.01538005e+01,2.03746639e+01
2.00000000e+01,2.00349795e+01,2.01427638e+01,2.03514129e+01
2.00000000e+01,2.00280751e+01,2.01183470e+01,2.02985893e+01
2.00000000e+01,2.00267925e+01,2.01138051e+01,2.02887630e+01
2.00000000e+01,2.00349520e+01,2.01430702e+01,2.03527277e+01
2.00000000e+01,2.00299091e+01,2.01244019e+01,2.03109507e+01
2.00000000e+01,2.00281920e+01,2.01184628e+01,2.02983262e+01
2.00000000e+01,2.00367565e+01,2.01488241e+01,2.03641765e+01
2.00000000e+01,2.00275585e+01,2.01165051e+01,2.02945810e+01
2.00000000e+01,2.00291745e+01,2.01218559e+01,2.03055271e+01
2.00000000e+01,2.00341135e+01,2.01406510e+01,2.03484009e+01
2.00000000e+01,2.00318555e+01,2.01326127e+01,2.03309237e+01
2.00000000e+01,2.00347305e+01,2.01427017e+01,2.03526005e+01
2.00000000e+01,2.00323262e+01,2.01341858e+01,2.03341685e+01
2.00000000e+01,2.00263175e+01,2.01124818e+01,2.02865243e+01
2.00000000e+01,2.00254880e+01,2.01094216e+01,2.02796988e+01
2.00000000e+01,2.00330303e+01,2.01368297e+01,2.03401311e+01
2.00000000e+01,2.00268157e+01,2.01141587e+01,2.02899994e+01
2.00000000e+01,2.00258562e+01,2.01106704e+01,2.02823014e+01
2.00000000e+01,2.00336224e+01,2.01387825e+01,2.03441257e+01
2.00000000e+01,2.00259317e+01,2.01110593e+01,2.02833540e+01
2.00000000e+01,2.00263899e+01,2.01126084e+01,2.02865730e+01
2.00000000e+01,2.00663631e+01,2.02469797e+01,2.05672119e+01
2.00000000e+01,2.00570725e+01,2.02172743e+01,2.05073392e+01
2.00000000e+01,2.00674370e+01,2.02494970e+01,2.05709492e+01
2.00000000e+01,2.00588520e+01,2.02223375e+01,2.05165753e+01
2.00000000e+01,2.00518239e+01,2.01992690e+01,2.04691740e+01
2.00000000e+01,2.00458390e+01,2.01796676e+01,2.04290171e+01
2.00000000e+01,2.00618594e+01,2.02326411e+01,2.05383866e+01
2.00000000e+01,2.00538681e+01,2.02051891e+01,2.04801126e+01
2.00000000e+01,2.00479479e+01,2.01860669e+01,2.04413029e+01
2.00000000e+01,2.00632696e+01,2.02363641e+01,2.05447176e+01
2.00000000e+01,2.00489925e+01,2.01900168e+01,2.04502430e+01
2.00000000e+01,2.00510356e+01,2.01960651e+01,2.04616233e+01
2.00000000e+01,2.00627579e+01,2.02370635e+01,2.05496267e+01
2.00000000e+01,2.00535501e+01,2.02069443e+01,2.04880149e+01
2.00000000e+01,2.00646269e+01,2.02423231e+01,2.05591388e+01
2.00000000e+01,2.00552311e+01,2.02119213e+01,2.04973945e+01
2.00000000e+01,2.00474229e+01,2.01861042e+01,2.04441904e+01
2.00000000e+01,2.00421384e+01,2.01682570e+01,2.04068531e+01
2.00000000e+01,2.00583508e+01,2.02227256e+01,2.05203917e+01
2.00000000e+01,2.00495425e+01,2.01924957e+01,2.04563962e+01
2.00000000e+01,2.00438449e+01,2.01735486e+01,2.04171738e+01
2.00000000e+01,2.00600988e+01,2.02277319e+01,2.05295834e+01
2.00000000e+01,2.00450001e+01,2.01779268e+01,2.04270868e+01
2.00000000e+01,2.00468805e+01,2.01836588e+01,2.04381201e+01
2.00000000e+01,2.00604179e+01,2.02300773e+01,2.05364161e+01
2.00000000e+01,2.00516274e+01,2.02010424e+01,2.04765743e+01
2.00000000e+01,2.00611315e+01,2.02323901e+01,2.05409912e+01
2.00000000e+01,2.00522775e+01,2.02031144e+01,2.04806955e+01
2.00000000e+01,2.00449078e+01,2.01783284e+01,2.04290328e+01
2.00000000e+01,2.00402521e+01,2.01622778e+01,2.03949812e+01
2.00000000e+01,2.00560219e+01,2.02157875e+01,2.05072107e+01
2.00000000e+01,2.00457625e+01,2.01810164e+01,2.04343565e+01
2.00000000e+01,2.00408804e+01,2.01643078e+01,2.03990775e+01
2.00000000e+01,2.00568569e+01,2.02183287e+01,2.05121370e+01
2.00000000e+01,2.00427001e+01,2.01707362e+01,2.04129620e+01
2.00000000e+01,2.00434618e+01,2.01731691e+01,2.04178247e+01
2.00000000e+01,2.00853010e+01,2.03070994e+01,2.06878934e+01
2.00000000e+01,2.00713533e+01,2.02637159e+01,2.06020724e+01
2.00000000e+01,2.00845541e+01,2.03037960e+01,2.06800253e+01
2.00000000e+01,2.00723418e+01,2.02660630e+01,2.06056546e+01
2.00000000e+01,2.00784440e+01,2.02858649e+01,2.06460025e+01
2.00000000e+01,2.00785775e+01,2.02854026e+01,2.06438563e+01
2.00000000e+01,2.00839096e+01,2.03046466e+01,2.06855936e+01
2.00000000e+01,2.00687097e+01,2.02566507e+01,2.05898194e+01
2.00000000e+01,2.00849400e+01,2.03069560e+01,2.06889413e+01
2.00000000e+01,2.00700681e+01,2.02603596e+01,2.05963810e+01
2.00000000e+01,2.00764879e+01,2.02813220e+01,2.06392015e+01
2.00000000e+01,2.00776209e+01,2.02841396e+01,2.06437659e+01
2.00000000e+01,2.00818983e+01,2.02993885e+01,2.06765406e+01
2.00000000e+01,2.00669030e+01,2.02514702e+01,2.05802542e+01
2.00000000e+01,2.00827579e+01,2.03016992e+01,2.06806639e+01
2.00000000e+01,2.00675670e+01,2.02534291e+01,2.05839640e+01
2.00000000e+01,2.00746001e+01,2.02761609e+01,2.06300356e+01
2.00000000e+01,2.00752812e+01,2.02781103e+01,2.06336299e+01
2.00000000e+01,2.00434759e+01,2.01707938e+01,2.04090037e+01
2.00000000e+01,2.00461514e+01,2.01789928e+01,2.04248674e+01
2.00000000e+01,2.00338763e+01,2.01375543e+01,2.03379834e+01
2.00000000e+01,2.00423225e+01,2.01669760e+01,2.04011181e+01
2.00000000e+01,2.00367451e+01,2.01468189e+01,2.03566504e+01
2.00000000e+01,2.00448837e+01,2.01748612e+01,2.04164281e+01
2.00000000e+01,2.00332299e+01,2.01353742e+01,2.03334285e+01
2.00000000e+01,2.00359282e+01,2.01441104e+01,2.03510594e+01
2.00000000e+01,2.00382406e+01,2.01544063e+01,2.03768220e+01
2.00000000e+01,2.00406752e+01,2.01620882e+01,2.03919826e+01
2.00000000e+01,2.00290141e+01,2.01216427e+01,2.03056755e+01
2.00000000e+01,2.00374572e+01,2.01517201e+01,2.03711165e+01
2.00000000e+01,2.00311981e+01,2.01288214e+01,2.03202894e+01
2.00000000e+01,2.00397190e+01,2.01588515e+01,2.03851936e+01
2.00000000e+01,2.00287151e+01,2.01205749e+01,2.03033481e+01
2.00000000e+01,2.00307384e+01,2.01272357e+01,2.03169201e+01
2.00000000e+01,2.00357292e+01,2.01462726e+01,2.03604778e+01
2.00000000e+01,2.00364450e+01,2.01487207e+01,2.03655416e+01
2.00000000e+01,2.00268756e+01,2.01145307e+01,2.02910776e+01
2.00000000e+01,2.00349946e+01,2.01438135e+01,2.03552824e+01
2.00000000e+01,2.00274929e+01,2.01165967e+01,2.02953472e+01
2.00000000e+01,2.00357721e+01,2.01463387e+01,2.03604004e+01
2.00000000e+01,2.00266527e+01,2.01137058e+01,2.02892397e+01
2.00000000e+01,2.00272357e+01,2.01156688e+01,2.02933052e+01
2.00000000e+01,2.00737237e+01,2.02701016e+01,2.06132977e+01
2.00000000e+01,2.00740360e+01,2.02700877e+01,2.06118268e+01
2.00000000e+01,2.00564486e+01,2.02142078e+01,2.04995056e+01
2.00000000e+01,2.00705053e+01,2.02600220e+01,2.05932341e+01
2.00000000e+01,2.00583435e+01,2.02194768e+01,2.05089033e+01
2.00000000e+01,2.00711455e+01,2.02610826e+01,2.05939636e+01
2.00000000e+01,2.00544965e+01,2.02079006e+01,2.04866932e+01
2.00000000e+01,2.00564136e+01,2.02133227e+01,2.04965080e+01
2.00000000e+01,2.00701058e+01,2.02605121e+01,2.05968538e+01
2.00000000e+01,2.00721012e+01,2.02660551e+01,2.06067363e+01
2.00000000e+01,2.00514373e+01,2.01994560e+01,2.04718307e+01
2.00000000e+01,2.00669088e+01,2.02504191e+01,2.05766183e+01
2.00000000e+01,2.00539562e+01,2.02069452e+01,2.04859984e+01
2.00000000e+01,2.00689016e+01,2.02558961e+01,2.05863606e+01
2.00000000e+01,2.00498391e+01,2.01941136e+01,2.04607333e+01
2.00000000e+01,2.00521349e+01,2.02009775e+01,2.04737581e+01
2.00000000e+01,2.00674415e+01,2.02523326e+01,2.05812637e+01
2.00000000e+01,2.00678785e+01,2.02543262e+01,2.05856189e+01
2.00000000e+01,2.00482066e+01,2.01895761e+01,2.04526929e+01
2.00000000e+01,2.00638194e+01,2.02414939e+01,2.05599856e+01
2.00000000e+01,2.00493869e+01,2.01932125e+01,2.04598240e+01
2.00000000e+01,2.00650588e+01,2.02451035e+01,2.05668209e+01
2.00000000e+01,2.00468585e+01,2.01849367e+01,2.04429074e+01
2.00000000e+01,2.00478655e+01,2.01881175e+01,2.04492085e+01
2.00000000e+01,2.00966279e+01,2.03416741e+01,2.07554879e+01
2.00000000e+01,2.00941176e+01,2.03328979e+01,2.07368705e+01
2.00000000e+01,2.00915915e+01,2.03263298e+01,2.07255237e+01
2.00000000e+01,2.00898690e+01,2.03200003e+01,2.07117092e+01
2.00000000e+01,2.00964781e+01,2.03434147e+01,2.07617554e+01
2.00000000e+01,2.00972823e+01,2.03447564e+01,2.07629428e+01
2.00000000e+01,2.00910140e+01,2.03265524e+01,2.07286385e+01
2.00000000e+01,2.00917903e+01,2.03279950e+01,2.07301929e+01
2.00000000e+01,2.00936264e+01,2.03362004e+01,2.07494835e+01
2.00000000e+01,2.00953268e+01,2.03405235e+01,2.07570407e+01
2.00000000e+01,2.00888430e+01,2.03208769e+01,2.07189227e+01
2.00000000e+01,2.00896776e+01,2.03232501e+01,2.07232494e+01
2.00000000e+01,2.00443606e+01,2.01736972e+01,2.04149549e+01
2.00000000e+01,2.00470258e+01,2.01818238e+01,2.04306233e+01
2.00000000e+01,2.00344285e+01,2.01393973e+01,2.03418023e+01
2.00000000e+01,2.00373308e+01,2.01487518e+01,2.03606264e+01
2.00000000e+01,2.00389314e+01,2.01567767e+01,2.03818110e+01
2.00000000e+01,2.00415039e+01,2.01648346e+01,2.03976553e+01
2.00000000e+01,2.00293947e+01,2.01229472e+01,2.03084323e+01
2.00000000e+01,2.00316682e+01,2.01304133e+01,2.03236204e+01
2.00000000e+01,2.00360632e+01,2.01476356e+01,2.03635748e+01
2.00000000e+01,2.00370330e+01,2.01507096e+01,2.03697393e+01
2.00000000e+01,2.00270549e+01,2.01151673e+01,2.02924730e+01
2.00000000e+01,2.00277170e+01,2.01173991e+01,2.02970955e+01
2.00000000e+01,2.00757985e+01,2.02765770e+01,2.06261321e+01
2.00000000e+01,2.00758833e+01,2.02757943e+01,2.06230875e+01
2.00000000e+01,2.00578324e+01,2.02186201e+01,2.05083870e+01
2.00000000e+01,2.00596146e+01,2.02235020e+01,2.05169717e+01
2.00000000e+01,2.00720562e+01,2.02668780e+01,2.06097407e+01
2.00000000e+01,2.00743361e+01,2.02730078e+01,2.06205071e+01
2.00000000e+01,2.00527442e+01,2.02036903e+01,2.04804553e+01
2.00000000e+01,2.00553158e+01,2.02113348e+01,2.04949004e+01
2.00000000e+01,2.00680520e+01,2.02556055e+01,2.05889533e+01
2.00000000e+01,2.00701091e+01,2.02611884e+01,2.05991998e+01
2.00000000e+01,2.00492775e+01,2.01930475e+01,2.04598308e+01
2.00000000e+01,2.00504408e+01,2.01967546e+01,2.04671932e+01
2.00000000e+01,2.00999174e+01,2.03515603e+01,2.07746415e+01
2.00000000e+01,2.00967885e+01,2.03409555e+01,2.07525281e+01
2.00000000e+01,2.01004882e+01,2.03553675e+01,2.07848020e+01
2.00000000e+01,2.01008943e+01,2.03556734e+01,2.07841281e+01
2.00000000e+01,2.00982293e+01,2.03493391e+01,2.07744016e+01
2.00000000e+01,2.00989042e+01,2.03515676e+01,2.07786920e+01
2.00000000e+01,2.00090735e+01,2.00448884e+01,2.01285664e+01
2.00000000e+01,2.00099595e+01,2.00486474e+01,2.01378915e+01
2.00000000e+01,2.00096063e+01,2.00469538e+01,2.01333255e+01
2.00000000e+01,2.00103549e+01,2.00501486e+01,2.01412903e+01
2.00000000e+01,2.00094675e+01,2.00465654e+01,2.01327369e+01
2.00000000e+01,2.00085470e+01,2.00426339e+01,2.01229318e+01
2.00000000e+01,2.00076902e+01,2.00389213e+01,2.01135666e+01
2.00000000e+01,2.00091858e+01,2.00453170e+01,2.01295400e+01
2.00000000e+01,2.00100363e+01,2.00489307e+01,2.01385150e+01
2.00000000e+01,2.00099684e+01,2.00484918e+01,2.01371472e+01
2.00000000e+01,2.00089044e+01,2.00440351e+01,2.01261901e+01
2.00000000e+01,2.00081719e+01,2.00408501e+01,2.01181307e+01
2.00000000e+01,2.00080677e+01,2.00405639e+01,2.01177242e+01
2.00000000e+01,2.00095714e+01,2.00469576e+01,2.01336193e+01
2.00000000e+01,2.00086238e+01,2.00429310e+01,2.01236144e+01
2.00000000e+01,2.00078001e+01,2.00393597e+01,2.01145999e+01
2.00000000e+01,2.00085198e+01,2.00423601e+01,2.01219473e+01
2.00000000e+01,2.00081700e+01,2.00409680e+01,2.01186692e+01
2.00000000e+01,2.00114575e+01,2.00541086e+01,2.01498167e+01
2.00000000e+01,2.00117531e+01,2.00554878e+01,2.01534710e+01
2.00000000e+01,2.00103550e+01,2.00498601e+01,2.01400420e+01
2.00000000e+01,2.00109228e+01,2.00523228e+01,2.01462568e+01
2.00000000e+01,2.00116182e+01,2.00548375e+01,2.01517137e+01
2.00000000e+01,2.00100612e+01,2.00485670e+01,2.01367413e+01
2.00000000e+01,2.00097037e+01,2.00469307e+01,2.01324464e+01
2.00000000e+01,2.00106422e+01,2.00510926e+01,2.01431295e+01
2.00000000e+01,2.00093758e+01,2.00458877e+01,2.01305114e+01
2.00000000e+01,2.00087935e+01,2.00433297e+01,2.01239871e+01
2.00000000e+01,2.00098857e+01,2.00477529e+01,2.01345865e+01
2.00000000e+01,2.00090795e+01,2.00445786e+01,2.01271601e+01
2.00000000e+01,2.00129475e+01,2.00597926e+01,2.01628093e+01
2.00000000e+01,2.00128588e+01,2.00596777e+01,2.01629871e+01
2.00000000e+01,2.00129209e+01,2.00597926e+01,2.01630100e+01
2.00000000e+01,2.00109757e+01,2.00521185e+01,2.01449645e+01
2.00000000e+01,2.00109410e+01,2.00517730e+01,2.01437378e+01
2.00000000e+01,2.00109671e+01,2.00519713e+01,2.01443935e+01
2.00000000e+01,2.00085706e+01,2.00427323e+01,2.01231742e+01
2.00000000e+01,2.00091684e+01,2.00450646e+01,2.01285755e+01
2.00000000e+01,2.00087745e+01,2.00436088e+01,2.01253709e+01
2.00000000e+01,2.00072076e+01,2.00368045e+01,2.01081751e+01
2.00000000e+01,2.00086932e+01,2.00432026e+01,2.01242458e+01
2.00000000e+01,2.00093792e+01,2.00459631e+01,2.01308146e+01
2.00000000e+01,2.00077468e+01,2.00389792e+01,2.01133506e+01
2.00000000e+01,2.00074046e+01,2.00376707e+01,2.01103857e+01
2.00000000e+01,2.00089011e+01,2.00440941e+01,2.01264764e+01
2.00000000e+01,2.00073272e+01,2.00372842e+01,2.01093099e+01
2.00000000e+01,2.00079463e+01,2.00398499e+01,2.01155615e+01
2.00000000e+01,2.00075268e+01,2.00381602e+01,2.01115434e+01
2.00000000e+01,2.00112961e+01,2.00533316e+01,2.01477153e+01
2.00000000e+01,2.00100239e+01,2.00484060e+01,2.01363369e+01
2.00000000e+01,2.00113960e+01,2.00537817e+01,2.01488828e+01
2.00000000e+01,2.00095016e+01,2.00459864e+01,2.01299307e+01
2.00000000e+01,2.00101973e+01,2.00491500e+01,2.01382010e+01
2.00000000e+01,2.00084544e+01,2.00418211e+01,2.01201003e+01
2.00000000e+01,2.00096116e+01,2.00464827e+01,2.01312223e+01
2.00000000e+01,2.00086236e+01,2.00425616e+01,2.01219863e+01
2.00000000e+01,2.00130335e+01,2.00599769e+01,2.01629463e+01
2.00000000e+01,2.00130173e+01,2.00599754e+01,2.01630621e+01
2.00000000e+01,2.00109439e+01,2.00516488e+01,2.01431750e+01
2.00000000e+01,2.00109588e+01,2.00517637e+01,2.01435578e+01
2.00000000e+01,2.00084197e+01,2.00420813e+01,2.01215377e+01
2.00000000e+01,2.00090349e+01,2.00444844e+01,2.01271080e+01
2.00000000e+01,2.00084470e+01,2.00422007e+01,2.01218407e+01
2.00000000e+01,2.00070564e+01,2.00361377e+01,2.01064695e+01
2.00000000e+01,2.00085434e+01,2.00425561e+01,2.01226200e+01
2.00000000e+01,2.00090961e+01,2.00447375e+01,2.01277243e+01
2.00000000e+01,2.00076117e+01,2.00383808e+01,2.01118135e+01
2.00000000e+01,2.00070897e+01,2.00362841e+01,2.01068425e+01
2.00000000e+01,2.00085802e+01,2.00427118e+01,2.01230055e+01
2.00000000e+01,2.00071773e+01,2.00366217e+01,2.01076121e+01
2.00000000e+01,2.00076688e+01,2.00386240e+01,2.01124196e+01
2.00000000e+01,2.00072174e+01,2.00367970e+01,2.01080580e+01
2.00000000e+01,2.00112531e+01,2.00531140e+01,2.01471095e+01
2.00000000e+01,2.00099248e+01,2.00479656e+01,2.01352044e+01
2.00000000e+01,2.00112975e+01,2.00532976e+01,2.01475573e+01
2.00000000e+01,2.00094395e+01,2.00456915e+01,2.01291357e+01
2.00000000e+01,2.00099850e+01,2.00482125e+01,2.01358019e+01
2.00000000e+01,2.00083470e+01,2.00413392e+01,2.01188504e+01
2.00000000e+01,2.00094823e+01,2.00458731e+01,2.01295878e+01
2.00000000e+01,2.00084028e+01,2.00415749e+01,2.01194350e+01
2.00000000e+01,2.00130731e+01,2.00600792e+01,2.01630832e+01
2.00000000e+01,2.00130857e+01,2.00601386e+01,2.01632422e+01
2.00000000e+01,2.00109510e+01,2.00516303e+01,2.01430381e+01
2.00000000e+01,2.00109678e+01,2.00517070e+01,2.01432399e+01
2.00000000e+01,2.00132917e+01,2.00623952e+01,2.01712656e+01
2.00000000e+01,2.00140145e+01,2.00653156e+01,2.01782391e+01
2.00000000e+01,2.00140984e+01,2.00653346e+01,2.01777144e+01
2.00000000e+01,2.00146195e+01,2.00674947e+01,2.01829726e+01
2.00000000e+01,2.00136182e+01,2.00637171e+01,2.01744263e+01
2.00000000e+01,2.00117483e+01,2.00560954e+01,2.01560987e+01
2.00000000e+01,2.00108959e+01,2.00525658e+01,2.01475080e+01
2.00000000e+01,2.00134633e+01,2.00630096e+01,2.01725903e+01
2.00000000e+01,2.00141386e+01,2.00657515e+01,2.01791631e+01
2.00000000e+01,2.00143760e+01,2.00664654e+01,2.01804326e+01
2.00000000e+01,2.00122578e+01,2.00579780e+01,2.01602704e+01
2.00000000e+01,2.00115847e+01,2.00551547e+01,2.01533276e+01
2.00000000e+01,2.00112761e+01,2.00541451e+01,2.01513611e+01
2.00000000e+01,2.00137783e+01,2.00642857e+01,2.01756449e+01
2.00000000e+01,2.00118477e+01,2.00564515e+01,2.01568647e+01
2.00000000e+01,2.00110388e+01,2.00530930e+01,2.01486722e+01
2.00000000e+01,2.00119202e+01,2.00565503e+01,2.01567394e+01
2.00000000e+01,2.00114080e+01,2.00546272e+01,2.01524174e+01
2.00000000e+01,2.00167600e+01,2.00750341e+01,2.01990658e+01
2.00000000e+01,2.00166404e+01,2.00748133e+01,2.01989931e+01
2.00000000e+01,2.00151982e+01,2.00693566e+01,2.01865836e+01
2.00000000e+01,2.00154552e+01,2.00705279e+01,2.01896182e+01
2.00000000e+01,2.00167417e+01,2.00750648e+01,2.01993216e+01
2.00000000e+01,2.00139446e+01,2.00642512e+01,2.01742885e+01
2.00000000e+01,2.00138131e+01,2.00635211e+01,2.01721772e+01
2.00000000e+01,2.00153604e+01,2.00700540e+01,2.01883260e+01
2.00000000e+01,2.00129509e+01,2.00605614e+01,2.01660486e+01
2.00000000e+01,2.00124986e+01,2.00585988e+01,2.01611034e+01
2.00000000e+01,2.00139028e+01,2.00639659e+01,2.01733933e+01
2.00000000e+01,2.00127399e+01,2.00596255e+01,2.01636566e+01
2.00000000e+01,2.00187747e+01,2.00822958e+01,2.02149543e+01
2.00000000e+01,2.00181696e+01,2.00803118e+01,2.02109867e+01
2.00000000e+01,2.00185117e+01,2.00814384e+01,2.02132496e+01
2.00000000e+01,2.00152444e+01,2.00690503e+01,2.01849718e+01
2.00000000e+01,2.00155454e+01,2.00699485e+01,2.01865571e+01
2.00000000e+01,2.00154208e+01,2.00695868e+01,2.01859432e+01
2.00000000e+01,2.00128565e+01,2.00606241e+01,2.01670151e+01
2.00000000e+01,2.00137838e+01,2.00640164e+01,2.01744794e+01
2.00000000e+01,2.00130292e+01,2.00613296e+01,2.01687116e+01
2.00000000e+01,2.00103992e+01,2.00504909e+01,2.01424235e+01
2.00000000e+01,2.00130502e+01,2.00613201e+01,2.01685187e+01
2.00000000e+01,2.00139632e+01,2.00647433e+01,2.01762198e+01
2.00000000e+01,2.00111858e+01,2.00534633e+01,2.01491333e+01
2.00000000e+01,2.00105995e+01,2.00513291e+01,2.01444805e+01
2.00000000e+01,2.00132290e+01,2.00620466e+01,2.01702618e+01
2.00000000e+01,2.00105593e+01,2.00510834e+01,2.01437347e+01
2.00000000e+01,2.00113894e+01,2.00543098e+01,2.01512023e+01
2.00000000e+01,2.00107631e+01,2.00519353e+01,2.01458240e+01
2.00000000e+01,2.00168765e+01,2.00753153e+01,2.01994101e+01
2.00000000e+01,2.00150597e+01,2.00686976e+01,2.01848313e+01
2.00000000e+01,2.00168750e+01,2.00753691e+01,2.01996428e+01
2.00000000e+01,2.00137614e+01,2.00631721e+01,2.01710842e+01
2.00000000e+01,2.00151726e+01,2.00691737e+01,2.01860055e+01
2.00000000e+01,2.00122386e+01,2.00574498e+01,2.01581698e+01
2.00000000e+01,2.00138220e+01,2.00634641e+01,2.01718702e+01
2.00000000e+01,2.00123912e+01,2.00580952e+01,2.01597688e+01
2.00000000e+01,2.00192193e+01,2.00837642e+01,2.02179168e+01
2.00000000e+01,2.00190579e+01,2.00832388e+01,2.02168727e+01
2.00000000e+01,2.00157791e+01,2.00706710e+01,2.01878944e+01
2.00000000e+01,2.00157035e+01,2.00704510e+01,2.01875194e+01
2.00000000e+01,2.00127050e+01,2.00600025e+01,2.01655170e+01
2.00000000e+01,2.00136728e+01,2.00635482e+01,2.01733263e+01
2.00000000e+01,2.00127313e+01,2.00601162e+01,2.01657962e+01
2.00000000e+01,2.00102415e+01,2.00498293e+01,2.01407966e+01
2.00000000e+01,2.00129037e+01,2.00607201e+01,2.01670696e+01
2.00000000e+01,2.00137526e+01,2.00638585e+01,2.01740433e+01
2.00000000e+01,2.00110579e+01,2.00529175e+01,2.01477733e+01
2.00000000e+01,2.00102705e+01,2.00499505e+01,2.01410944e+01
2.00000000e+01,2.00129483e+01,2.00608954e+01,2.01674816e+01
2.00000000e+01,2.00104054e+01,2.00504352e+01,2.01421358e+01
2.00000000e+01,2.00111287e+01,2.00532001e+01,2.01484427e+01
2.00000000e+01,2.00104456e+01,2.00506009e+01,2.01425378e+01
2.00000000e+01,2.00169192e+01,2.00754192e+01,2.01995399e+01
2.00000000e+01,2.00150105e+01,2.00684630e+01,2.01842059e+01
2.00000000e+01,2.00169634e+01,2.00755927e+01,2.01999460e+01
2.00000000e+01,2.00137521e+01,2.00630841e+01,2.01707805e+01
2.00000000e+01,2.00150844e+01,2.00687463e+01,2.01848571e+01
2.00000000e+01,2.00121577e+01,2.00570872e+01,2.01572350e+01
2.00000000e+01,2.00137973e+01,2.00632659e+01,2.01712152e+01
2.00000000e+01,2.00122245e+01,2.00573524e+01,2.01578617e+01
2.00000000e+01,2.00193797e+01,2.00842942e+01,2.02189868e+01
2.00000000e+01,2.00193731e+01,2.00842816e+01,2.02189811e+01
2.00000000e+01,2.00158685e+01,2.00709524e+01,2.01884273e+01
2.00000000e+01,2.00158734e+01,2.00709824e+01,2.01885176e+01
2.00000000e+01,2.00206523e+01,2.00912502e+01,2.02386296e+01
2.00000000e+01,2.00206460e+01,2.00912349e+01,2.02386039e+01
2.00000000e+01,2.00219682e+01,2.00957824e+01,2.02481630e+01
2.00000000e+01,2.00216348e+01,2.00946402e+01,2.02457669e+01
2.00000000e+01,2.00206465e+01,2.00912360e+01,2.02386051e+01
2.00000000e+01,2.00169135e+01,2.00768169e+01,2.02053272e+01
2.00000000e+01,2.00164428e+01,2.00749671e+01,2.02010033e+01
2.00000000e+01,2.00209855e+01,2.00924024e+01,2.02410568e+01
2.00000000e+01,2.00208967e+01,2.00920997e+01,2.02404239e+01
2.00000000e+01,2.00218806e+01,2.00954842e+01,2.02475394e+01
2.00000000e+01,2.00177243e+01,2.00796729e+01,2.02114320e+01
2.00000000e+01,2.00175267e+01,2.00788066e+01,2.02092495e+01
2.00000000e+01,2.00166563e+01,2.00758078e+01,2.02029712e+01
2.00000000e+01,2.00209610e+01,2.00923195e+01,2.02408844e+01
2.00000000e+01,2.00170989e+01,2.00774631e+01,2.02066942e+01
2.00000000e+01,2.00166941e+01,2.00758497e+01,2.02028830e+01
2.00000000e+01,2.00176689e+01,2.00793864e+01,2.02106425e+01
2.00000000e+01,2.00168901e+01,2.00766269e+01,2.02047114e+01
2.00000000e+01,2.00256340e+01,2.01082935e+01,2.02743628e+01
2.00000000e+01,2.00244384e+01,2.01042325e+01,2.02658798e+01
2.00000000e+01,2.00235442e+01,2.01011810e+01,2.02594899e+01
2.00000000e+01,2.00228320e+01,2.00987484e+01,2.02543937e+01
2.00000000e+01,2.00251235e+01,2.01065620e+01,2.02707485e+01
2.00000000e+01,2.00201209e+01,2.00881128e+01,2.02295178e+01
2.00000000e+01,2.00206749e+01,2.00899180e+01,2.02331182e+01
2.00000000e+01,2.00232768e+01,2.01002686e+01,2.02575795e+01
2.00000000e+01,2.00187339e+01,2.00832368e+01,2.02190773e+01
2.00000000e+01,2.00188567e+01,2.00835165e+01,2.02193840e+01
2.00000000e+01,2.00204590e+01,2.00892253e+01,2.02317582e+01
2.00000000e+01,2.00188524e+01,2.00835719e+01,2.02196376e+01
2.00000000e+01,2.00281184e+01,2.01166853e+01,2.02918407e+01
2.00000000e+01,2.00264014e+01,2.01108946e+01,2.02797899e+01
2.00000000e+01,2.00273313e+01,2.01140341e+01,2.02863275e+01
2.00000000e+01,2.00218595e+01,2.00941901e+01,2.02424931e+01
2.00000000e+01,2.00229256e+01,2.00977801e+01,2.02499156e+01
2.00000000e+01,2.00224455e+01,2.00961671e+01,2.02465858e+01
2.00000000e+01,2.00206655e+01,2.00912817e+01,2.02386829e+01
2.00000000e+01,2.00222264e+01,2.00966615e+01,2.02500026e+01
2.00000000e+01,2.00206518e+01,2.00912506e+01,2.02386312e+01
2.00000000e+01,2.00161496e+01,2.00738091e+01,2.01982872e+01
2.00000000e+01,2.00210552e+01,2.00926390e+01,2.02415507e+01
2.00000000e+01,2.00221945e+01,2.00965580e+01,2.02497909e+01
2.00000000e+01,2.00174235e+01,2.00783305e+01,2.02080136e+01
2.00000000e+01,2.00162675e+01,2.00742742e+01,2.01993781e+01
2.00000000e+01,2.00210475e+01,2.00926117e+01,2.02414930e+01
2.00000000e+01,2.00164443e+01,2.00748452e+01,2.02004962e+01
2.00000000e+01,2.00175294e+01,2.00787521e+01,2.02090093e+01
2.00000000e+01,2.00165604e+01,2.00753059e+01,2.02015802e+01
2.00000000e+01,2.00265295e+01,2.01113237e+01,2.02806802e+01
2.00000000e+01,2.00240862e+01,2.01030270e+01,2.02633521e+01
2.00000000e+01,2.00262108e+01,2.01102469e+01,2.02784372e+01
2.00000000e+01,2.00211021e+01,2.00913204e+01,2.02359401e+01
2.00000000e+01,2.00239358e+01,2.01025155e+01,2.02622825e+01
2.00000000e+01,2.00189809e+01,2.00838514e+01,2.02199067e+01
2.00000000e+01,2.00209760e+01,2.00909187e+01,2.02351565e+01
2.00000000e+01,2.00189946e+01,2.00839432e+01,2.02201861e+01
2.00000000e+01,2.00293738e+01,2.01208999e+01,2.03005912e+01
2.00000000e+01,2.00288679e+01,2.01192035e+01,2.02970711e+01
2.00000000e+01,2.00237036e+01,2.01003979e+01,2.02553323e+01
2.00000000e+01,2.00234015e+01,2.00993853e+01,2.02532437e+01
2.00000000e+01,2.00206836e+01,2.00913216e+01,2.02387478e+01
2.00000000e+01,2.00223303e+01,2.00970064e+01,2.02507168e+01
2.00000000e+01,2.00206526e+01,2.00912552e+01,2.02386409e+01
2.00000000e+01,2.00160445e+01,2.00733942e+01,2.01973135e+01
2.00000000e+01,2.00210770e+01,2.00927192e+01,2.02417228e+01
2.00000000e+01,2.00223820e+01,2.00971997e+01,2.02511361e+01
2.00000000e+01,2.00173875e+01,2.00781629e+01,2.02075764e+01
2.00000000e+01,2.00160665e+01,2.00734777e+01,2.01975066e+01
2.00000000e+01,2.00211029e+01,2.00927953e+01,2.02418721e+01
2.00000000e+01,2.00163555e+01,2.00744864e+01,2.01996410e+01
2.00000000e+01,2.00174662e+01,2.00784513e+01,2.02082162e+01
2.00000000e+01,2.00163899e+01,2.00746189e+01,2.01999451e+01
2.00000000e+01,2.00268655e+01,2.01124558e+01,2.02830363e+01
2.00000000e+01,2.00242886e+01,2.01037170e+01,2.02647959e+01
2.00000000e+01,2.00268537e+01,2.01124195e+01,2.02829637e+01
2.00000000e+01,2.00212597e+01,2.00918379e+01,2.02369826e+01
2.00000000e+01,2.00243299e+01,2.01038552e+01,2.02650829e+01
2.00000000e+01,2.00190283e+01,2.00839810e+01,2.02201135e+01
2.00000000e+01,2.00212847e+01,2.00919341e+01,2.02372046e+01
2.00000000e+01,2.00190909e+01,2.00842117e+01,2.02206270e+01
2.00000000e+01,2.00298360e+01,2.01224481e+01,2.03038017e+01
2.00000000e+01,2.00297592e+01,2.01221906e+01,2.03032677e+01
2.00000000e+01,2.00239874e+01,2.01013515e+01,2.02573046e+01
2.00000000e+01,2.00239526e+01,2.01012387e+01,2.02570791e+01
2.00000000e+01,2.00341135e+01,2.01406510e+01,2.03484010e+01
2.00000000e+01,2.00318555e+01,2.01326126e+01,2.03309237e+01
2.00000000e+01,2.00361683e+01,2.01473041e+01,2.03617875e+01
2.00000000e+01,2.00333962e+01,2.01376640e+01,2.03411896e+01
2.00000000e+01,2.00330304e+01,2.01368295e+01,2.03401311e+01
2.00000000e+01,2.00254880e+01,2.01094215e+01,2.02796988e+01
2.00000000e+01,2.00263175e+01,2.01124818e+01,2.02865244e+01
2.00000000e+01,2.00347305e+01,2.01427016e+01,2.03526006e+01
2.00000000e+01,2.00323262e+01,2.01341857e+01,2.03341685e+01
2.00000000e+01,2.00349520e+01,2.01430701e+01,2.03527278e+01
2.00000000e+01,2.00267925e+01,2.01138050e+01,2.02887630e+01
2.00000000e+01,2.00280751e+01,2.01183470e+01,2.02985893e+01
2.00000000e+01,2.00259317e+01,2.01110593e+01,2.02833540e+01
2.00000000e+01,2.00336224e+01,2.01387824e+01,2.03441257e+01
2.00000000e+01,2.00258562e+01,2.01106703e+01,2.02823014e+01
2.00000000e+01,2.00268157e+01,2.01141586e+01,2.02899994e+01
2.00000000e+01,2.00275585e+01,2.01165051e+01,2.02945811e+01
2.00000000e+01,2.00263899e+01,2.01126083e+01,2.02865730e+01
2.00000000e+01,2.00406490e+01,2.01614400e+01,2.03897039e+01
2.00000000e+01,2.00369421e+01,2.01490342e+01,2.03639170e+01
2.00000000e+01,2.00382158e+01,2.01538004e+01,2.03746639e+01
2.00000000e+01,2.00349795e+01,2.01427636e+01,2.03514129e+01
2.00000000e+01,2.00389352e+01,2.01557137e+01,2.03778096e+01
2.00000000e+01,2.00299921e+01,2.01244169e+01,2.03105073e+01
2.00000000e+01,2.00322101e+01,2.01319443e+01,2.03262849e+01
2.00000000e+01,2.00367565e+01,2.01488240e+01,2.03641765e+01
2.00000000e+01,2.00281920e+01,2.01184627e+01,2.02983262e+01
2.00000000e+01,2.00299091e+01,2.01244019e+01,2.03109507e+01
2.00000000e+01,2.00312158e+01,2.01285713e+01,2.03192140e+01
2.00000000e+01,2.00291745e+01,2.01218558e+01,2.03055271e+01
2.00000000e+01,2.00431573e+01,2.01692283e+01,2.04049203e+01
2.00000000e+01,2.00391520e+01,2.01560398e+01,2.03778181e+01
2.00000000e+01,2.00412627e+01,2.01630047e+01,2.03921482e+01
2.00000000e+01,2.00321044e+01,2.01313582e+01,2.03246559e+01
2.00000000e+01,2.00347752e+01,2.01402836e+01,2.03431602e+01
2.00000000e+01,2.00335302e+01,2.01361297e+01,2.03345553e+01
2.00000000e+01,2.00357292e+01,2.01462725e+01,2.03604779e+01
2.00000000e+01,2.00382407e+01,2.01544062e+01,2.03768221e+01
2.00000000e+01,2.00349947e+01,2.01438134e+01,2.03552824e+01
2.00000000e+01,2.00268757e+01,2.01145307e+01,2.02910777e+01
2.00000000e+01,2.00364451e+01,2.01487207e+01,2.03655417e+01
2.00000000e+01,2.00374572e+01,2.01517200e+01,2.03711166e+01
2.00000000e+01,2.00290141e+01,2.01216426e+01,2.03056756e+01
2.00000000e+01,2.00266527e+01,2.01137057e+01,2.02892398e+01
2.00000000e+01,2.00357721e+01,2.01463386e+01,2.03604004e+01
2.00000000e+01,2.00274929e+01,2.01165967e+01,2.02953473e+01
2.00000000e+01,2.00287151e+01,2.01205749e+01,2.03033481e+01
2.00000000e+01,2.00272357e+01,2.01156688e+01,2.02933053e+01
2.00000000e+01,2.00434760e+01,2.01707938e+01,2.04090038e+01
2.00000000e+01,2.00406753e+01,2.01620881e+01,2.03919828e+01
2.00000000e+01,2.00423226e+01,2.01669760e+01,2.04011182e+01
2.00000000e+01,2.00338764e+01,2.01375543e+01,2.03379835e+01
2.00000000e+01,2.00397191e+01,2.01588514e+01,2.03851937e+01
2.00000000e+01,2.00311982e+01,2.01288214e+01,2.03202895e+01
2.00000000e+01,2.00332300e+01,2.01353741e+01,2.03334286e+01
2.00000000e+01,2.00307384e+01,2.01272356e+01,2.03169202e+01
2.00000000e+01,2.00461515e+01,2.01789928e+01,2.04248676e+01
2.00000000e+01,2.00448837e+01,2.01748612e+01,2.04164282e+01
2.00000000e+01,2.00367451e+01,2.01468189e+01,2.03566505e+01
2.00000000e+01,2.00359283e+01,2.01441103e+01,2.03510595e+01
2.00000000e+01,2.00364720e+01,2.01486650e+01,2.03654471e+01
2.00000000e+01,2.00391003e+01,2.01572568e+01,2.03827658e+01
2.00000000e+01,2.00360633e+01,2.01476356e+01,2.03635749e+01
2.00000000e+01,2.00270763e+01,2.01152751e+01,2.02927373e+01
2.00000000e+01,2.00370501e+01,2.01509030e+01,2.03702754e+01
2.00000000e+01,2.00389315e+01,2.01567767e+01,2.03818111e+01
2.00000000e+01,2.00293675e+01,2.01228831e+01,2.03083399e+01
2.00000000e+01,2.00270549e+01,2.01151673e+01,2.02924731e+01
2.00000000e+01,2.00370331e+01,2.01507096e+01,2.03697394e+01
2.00000000e+01,2.00277522e+01,2.01175201e+01,2.02973622e+01
2.00000000e+01,2.00293948e+01,2.01229472e+01,2.03084324e+01
2.00000000e+01,2.00277170e+01,2.01173991e+01,2.02970956e+01
2.00000000e+01,2.00445745e+01,2.01743926e+01,2.04163905e+01
2.00000000e+01,2.00416138e+01,2.01652476e+01,2.03985731e+01
2.00000000e+01,2.00443607e+01,2.01736971e+01,2.04149551e+01
2.00000000e+01,2.00345060e+01,2.01396674e+01,2.03423808e+01
2.00000000e+01,2.00415040e+01,2.01648346e+01,2.03976555e+01
2.00000000e+01,2.00316902e+01,2.01305003e+01,2.03238270e+01
2.00000000e+01,2.00344286e+01,2.01393973e+01,2.03418025e+01
2.00000000e+01,2.00316682e+01,2.01304133e+01,2.03236205e+01
2.00000000e+01,2.00472766e+01,2.01826469e+01,2.04323136e+01
2.00000000e+01,2.00470259e+01,2.01818239e+01,2.04306235e+01
2.00000000e+01,2.00374789e+01,2.01492438e+01,2.03616453e+01
2.00000000e+01,2.00373308e+01,2.01487518e+01,2.03606265e+01
2.00000000e+01,2.00604179e+01,2.02300770e+01,2.05364162e+01
2.00000000e+01,2.00516273e+01,2.02010420e+01,2.04765743e+01
2.00000000e+01,2.00627580e+01,2.02370633e+01,2.05496268e+01
2.00000000e+01,2.00535501e+01,2.02069440e+01,2.04880149e+01
2.00000000e+01,2.00560219e+01,2.02157872e+01,2.05072108e+01
2.00000000e+01,2.00402521e+01,2.01622776e+01,2.03949812e+01
2.00000000e+01,2.00449078e+01,2.01783282e+01,2.04290329e+01
2.00000000e+01,2.00611316e+01,2.02323898e+01,2.05409913e+01
2.00000000e+01,2.00522775e+01,2.02031141e+01,2.04806955e+01
2.00000000e+01,2.00583508e+01,2.02227253e+01,2.05203917e+01
2.00000000e+01,2.00421384e+01,2.01682568e+01,2.04068531e+01
2.00000000e+01,2.00474229e+01,2.01861040e+01,2.04441904e+01
2.00000000e+01,2.00427001e+01,2.01707361e+01,2.04129620e+01
2.00000000e+01,2.00568569e+01,2.02183284e+01,2.05121371e+01
2.00000000e+01,2.00408804e+01,2.01643076e+01,2.03990775e+01
2.00000000e+01,2.00457626e+01,2.01810162e+01,2.04343566e+01
2.00000000e+01,2.00450001e+01,2.01779266e+01,2.04270868e+01
2.00000000e+01,2.00434618e+01,2.01731690e+01,2.04178248e+01
2.00000000e+01,2.00663632e+01,2.02469794e+01,2.05672120e+01
2.00000000e+01,2.00570725e+01,2.02172740e+01,2.05073392e+01
2.00000000e+01,2.00646270e+01,2.02423229e+01,2.05591389e+01
2.00000000e+01,2.00552311e+01,2.02119210e+01,2.04973945e+01
2.00000000e+01,2.00618595e+01,2.02326409e+01,2.05383867e+01
2.00000000e+01,2.00458390e+01,2.01796675e+01,2.04290171e+01
2.00000000e+01,2.00518240e+01,2.01992689e+01,2.04691741e+01
2.00000000e+01,2.00600988e+01,2.02277316e+01,2.05295834e+01
2.00000000e+01,2.00438449e+01,2.01735484e+01,2.04171738e+01
2.00000000e+01,2.00495426e+01,2.01924956e+01,2.04563963e+01
2.00000000e+01,2.00489925e+01,2.01900166e+01,2.04502430e+01
2.00000000e+01,2.00468805e+01,2.01836587e+01,2.04381201e+01
2.00000000e+01,2.00674371e+01,2.02494968e+01,2.05709493e+01
2.00000000e+01,2.00588521e+01,2.02223373e+01,2.05165753e+01
2.00000000e+01,2.00632697e+01,2.02363639e+01,2.05447177e+01
2.00000000e+01,2.00479479e+01,2.01860668e+01,2.04413029e+01
2.00000000e+01,2.00538682e+01,2.02051890e+01,2.04801127e+01
2.00000000e+01,2.00510357e+01,2.01960649e+01,2.04616233e+01
2.00000000e+01,2.00674417e+01,2.02523325e+01,2.05812640e+01
2.00000000e+01,2.00701060e+01,2.02605120e+01,2.05968541e+01
2.00000000e+01,2.00638196e+01,2.02414940e+01,2.05599863e+01
2.00000000e+01,2.00482067e+01,2.01895760e+01,2.04526930e+01
2.00000000e+01,2.00678787e+01,2.02543260e+01,2.05856191e+01
2.00000000e+01,2.00669089e+01,2.02504189e+01,2.05766184e+01
2.00000000e+01,2.00514374e+01,2.01994559e+01,2.04718308e+01
2.00000000e+01,2.00468586e+01,2.01849366e+01,2.04429078e+01
2.00000000e+01,2.00650590e+01,2.02451035e+01,2.05668214e+01
2.00000000e+01,2.00493871e+01,2.01932125e+01,2.04598242e+01
2.00000000e+01,2.00498392e+01,2.01941135e+01,2.04607335e+01
2.00000000e+01,2.00478656e+01,2.01881175e+01,2.04492087e+01
2.00000000e+01,2.00737239e+01,2.02701014e+01,2.06132979e+01
2.00000000e+01,2.00721014e+01,2.02660549e+01,2.06067365e+01
2.00000000e+01,2.00705055e+01,2.02600217e+01,2.05932343e+01
2.00000000e+01,2.00564488e+01,2.02142078e+01,2.04995058e+01
2.00000000e+01,2.00689017e+01,2.02558958e+01,2.05863608e+01
2.00000000e+01,2.00539563e+01,2.02069451e+01,2.04859986e+01
2.00000000e+01,2.00544966e+01,2.02079005e+01,2.04866933e+01
2.00000000e+01,2.00521350e+01,2.02009773e+01,2.04737583e+01
2.00000000e+01,2.00740362e+01,2.02700875e+01,2.06118270e+01
2.00000000e+01,2.00711456e+01,2.02610824e+01,2.05939638e+01
2.00000000e+01,2.00583436e+01,2.02194766e+01,2.05089035e+01
2.00000000e+01,2.00564136e+01,2.02133226e+01,2.04965081e+01
2.00000000e+01,2.00712866e+01,2.02629521e+01,2.06013050e+01
2.00000000e+01,2.00733338e+01,2.02701284e+01,2.06155974e+01
2.00000000e+01,2.00680522e+01,2.02556054e+01,2.05889536e+01
2.00000000e+01,2.00493000e+01,2.01933704e+01,2.04607107e+01
2.00000000e+01,2.00698199e+01,2.02610848e+01,2.05996938e+01
2.00000000e+01,2.00720564e+01,2.02668779e+01,2.06097410e+01
2.00000000e+01,2.00528855e+01,2.02042748e+01,2.04817851e+01
2.00000000e+01,2.00492777e+01,2.01930475e+01,2.04598309e+01
2.00000000e+01,2.00701093e+01,2.02611883e+01,2.05992001e+01
2.00000000e+01,2.00507512e+01,2.01977030e+01,2.04690957e+01
2.00000000e+01,2.00527444e+01,2.02036902e+01,2.04804555e+01
2.00000000e+01,2.00504409e+01,2.01967546e+01,2.04671934e+01
2.00000000e+01,2.00765901e+01,2.02789047e+01,2.06306403e+01
2.00000000e+01,2.00747750e+01,2.02745597e+01,2.06237668e+01
2.00000000e+01,2.00757986e+01,2.02765768e+01,2.06261323e+01
2.00000000e+01,2.00581829e+01,2.02197745e+01,2.05107600e+01
2.00000000e+01,2.00743363e+01,2.02730077e+01,2.06205074e+01
2.00000000e+01,2.00556219e+01,2.02123405e+01,2.04969805e+01
2.00000000e+01,2.00578326e+01,2.02186200e+01,2.05083872e+01
2.00000000e+01,2.00553160e+01,2.02113347e+01,2.04949006e+01
2.00000000e+01,2.00764746e+01,2.02776581e+01,2.06268065e+01
2.00000000e+01,2.00758835e+01,2.02757941e+01,2.06230877e+01
2.00000000e+01,2.00600162e+01,2.02247808e+01,2.05195496e+01
2.00000000e+01,2.00596147e+01,2.02235019e+01,2.05169719e+01
2.00000000e+01,2.00669030e+01,2.02514698e+01,2.05802542e+01
2.00000000e+01,2.00818984e+01,2.02993881e+01,2.06765407e+01
2.00000000e+01,2.00687097e+01,2.02566503e+01,2.05898194e+01
2.00000000e+01,2.00839097e+01,2.03046462e+01,2.06855937e+01
2.00000000e+01,2.00746001e+01,2.02761604e+01,2.06300357e+01
2.00000000e+01,2.00675670e+01,2.02534287e+01,2.05839640e+01
2.00000000e+01,2.00827580e+01,2.03016988e+01,2.06806641e+01
2.00000000e+01,2.00764879e+01,2.02813216e+01,2.06392016e+01
2.00000000e+01,2.00752812e+01,2.02781098e+01,2.06336300e+01
2.00000000e+01,2.00713533e+01,2.02637155e+01,2.06020724e+01
2.00000000e+01,2.00853011e+01,2.03070990e+01,2.06878935e+01
2.00000000e+01,2.00700681e+01,2.02603592e+01,2.05963811e+01
2.00000000e+01,2.00849401e+01,2.03069555e+01,2.06889415e+01
2.00000000e+01,2.00784441e+01,2.02858645e+01,2.06460026e+01
2.00000000e+01,2.00776209e+01,2.02841392e+01,2.06437660e+01
2.00000000e+01,2.00723419e+01,2.02660627e+01,2.06056546e+01
2.00000000e+01,2.00845542e+01,2.03037957e+01,2.06800254e+01
2.00000000e+01,2.00785775e+01,2.02854022e+01,2.06438564e+01
2.00000000e+01,2.00936267e+01,2.03362002e+01,2.07494838e+01
2.00000000e+01,2.00964783e+01,2.03434144e+01,2.07617557e+01
2.00000000e+01,2.00888433e+01,2.03208768e+01,2.07189234e+01
2.00000000e+01,2.00953271e+01,2.03405232e+01,2.07570410e+01
2.00000000e+01,2.00910142e+01,2.03265520e+01,2.07286388e+01
2.00000000e+01,2.00896779e+01,2.03232499e+01,2.07232499e+01
2.00000000e+01,2.00966281e+01,2.03416738e+01,2.07554881e+01
2.00000000e+01,2.00972825e+01,2.03447561e+01,2.07629431e+01
2.00000000e+01,2.00915916e+01,2.03263295e+01,2.07255239e+01
2.00000000e+01,2.00917905e+01,2.03279946e+01,2.07301931e+01
2.00000000e+01,2.00941178e+01,2.03328976e+01,2.07368708e+01
2.00000000e+01,2.00898691e+01,2.03200000e+01,2.07117094e+01
2.00000000e+01,2.00971745e+01,2.03480794e+01,2.07735131e+01
2.00000000e+01,2.01010500e+01,2.03576480e+01,2.07897407e+01
2.00000000e+01,2.00982296e+01,2.03493389e+01,2.07744020e+01
2.00000000e+01,2.01007030e+01,2.03564240e+01,2.07876430e+01
2.00000000e+01,2.01004886e+01,2.03553673e+01,2.07848023e+01
2.00000000e+01,2.00989046e+01,2.03515673e+01,2.07786923e+01
2.00000000e+01,2.01009717e+01,2.03548393e+01,2.07811036e+01
2.00000000e+01,2.01021819e+01,2.03595129e+01,2.07915557e+01
2.00000000e+01,2.00999177e+01,2.03515600e+01,2.07746417e+01
2.00000000e+01,2.01008947e+01,2.03556732e+01,2.07841284e+01
2.00000000e+01,2.00977607e+01,2.03438915e+01,2.07582441e+01
2.00000000e+01,2.00967887e+01,2.03409552e+01,2.07525284e+01
2.00000000e+01,2.00128565e+01,2.00606241e+01,2.01670151e+01
2.00000000e+01,2.00206655e+01,2.00912818e+01,2.02386829e+01
2.00000000e+01,2.00137838e+01,2.00640164e+01,2.01744794e+01
2.00000000e+01,2.00222264e+01,2.00966615e+01,2.02500026e+01
2.00000000e+01,2.00127313e+01,2.00601162e+01,2.01657962e+01
2.00000000e+01,2.00161496e+01,2.00738091e+01,2.01982872e+01
2.00000000e+01,2.00206526e+01,2.00912552e+01,2.02386409e+01
2.00000000e+01,2.00130502e+01,2.00613202e+01,2.01685187e+01
2.00000000e+01,2.00210552e+01,2.00926390e+01,2.02415507e+01
2.00000000e+01,2.00137526e+01,2.00638585e+01,2.01740433e+01
2.00000000e+01,2.00174235e+01,2.00783305e+01,2.02080136e+01
2.00000000e+01,2.00223820e+01,2.00971997e+01,2.02511361e+01
2.00000000e+01,2.00160665e+01,2.00734777e+01,2.01975066e+01
2.00000000e+01,2.00129483e+01,2.00608954e+01,2.01674816e+01
2.00000000e+01,2.00164443e+01,2.00748452e+01,2.02004962e+01
2.00000000e+01,2.00211029e+01,2.00927953e+01,2.02418721e+01
2.00000000e+01,2.00174662e+01,2.00784513e+01,2.02082162e+01
2.00000000e+01,2.00163899e+01,2.00746189e+01,2.01999451e+01
2.00000000e+01,2.00168765e+01,2.00753153e+01,2.01994101e+01
2.00000000e+01,2.00265296e+01,2.01113237e+01,2.02806802e+01
2.00000000e+01,2.00150597e+01,2.00686977e+01,2.01848314e+01
2.00000000e+01,2.00240862e+01,2.01030270e+01,2.02633521e+01
2.00000000e+01,2.00169634e+01,2.00755927e+01,2.01999460e+01
2.00000000e+01,2.00211021e+01,2.00913204e+01,2.02359401e+01
2.00000000e+01,2.00268537e+01,2.01124195e+01,2.02829637e+01
2.00000000e+01,2.00150844e+01,2.00687463e+01,2.01848571e+01
2.00000000e+01,2.00189809e+01,2.00838515e+01,2.02199067e+01
2.00000000e+01,2.00243299e+01,2.01038552e+01,2.02650829e+01
2.00000000e+01,2.00212847e+01,2.00919341e+01,2.02372046e+01
2.00000000e+01,2.00190909e+01,2.00842117e+01,2.02206270e+01
2.00000000e+01,2.00192193e+01,2.00837642e+01,2.02179168e+01
2.00000000e+01,2.00293738e+01,2.01208999e+01,2.03005912e+01
2.00000000e+01,2.00193731e+01,2.00842816e+01,2.02189811e+01
2.00000000e+01,2.00237036e+01,2.01003980e+01,2.02553323e+01
2.00000000e+01,2.00297592e+01,2.01221906e+01,2.03032677e+01
2.00000000e+01,2.00239526e+01,2.01012387e+01,2.02570791e+01
2.00000000e+01,2.00132918e+01,2.00623952e+01,2.01712657e+01
2.00000000e+01,2.00206523e+01,2.00912502e+01,2.02386296e+01
2.00000000e+01,2.00140984e+01,2.00653346e+01,2.01777144e+01
2.00000000e+01,2.00219683e+01,2.00957824e+01,2.02481630e+01
2.00000000e+01,2.00130292e+01,2.00613296e+01,2.01687117e+01
2.00000000e+01,2.00164428e+01,2.00749671e+01,2.02010033e+01
2.00000000e+01,2.00206518e+01,2.00912506e+01,2.02386312e+01
2.00000000e+01,2.00134634e+01,2.00630097e+01,2.01725903e+01
2.00000000e+01,2.00209856e+01,2.00924024e+01,2.02410568e+01
2.00000000e+01,2.00139632e+01,2.00647433e+01,2.01762198e+01
2.00000000e+01,2.00175268e+01,2.00788066e+01,2.02092495e+01
2.00000000e+01,2.00221945e+01,2.00965580e+01,2.02497909e+01
2.00000000e+01,2.00162675e+01,2.00742742e+01,2.01993781e+01
2.00000000e+01,2.00132290e+01,2.00620467e+01,2.01702618e+01
2.00000000e+01,2.00166941e+01,2.00758497e+01,2.02028830e+01
2.00000000e+01,2.00210475e+01,2.00926117e+01,2.02414930e+01
2.00000000e+01,2.00175294e+01,2.00787521e+01,2.02090093e+01
2.00000000e+01,2.00165604e+01,2.00753059e+01,2.02015802e+01
2.00000000e+01,2.00167601e+01,2.00750342e+01,2.01990658e+01
2.00000000e+01,2.00256340e+01,2.01082935e+01,2.02743628e+01
2.00000000e+01,2.00151982e+01,2.00693566e+01,2.01865836e+01
2.00000000e+01,2.00235442e+01,2.01011810e+01,2.02594899e+01
2.00000000e+01,2.00168750e+01,2.00753691e+01,2.01996428e+01
2.00000000e+01,2.00206749e+01,2.00899180e+01,2.02331182e+01
2.00000000e+01,2.00262108e+01,2.01102470e+01,2.02784372e+01
2.00000000e+01,2.00151726e+01,2.00691738e+01,2.01860056e+01
2.00000000e+01,2.00188567e+01,2.00835166e+01,2.02193840e+01
2.00000000e+01,2.00239358e+01,2.01025155e+01,2.02622825e+01
2.00000000e+01,2.00209760e+01,2.00909188e+01,2.02351566e+01
2.00000000e+01,2.00189946e+01,2.00839432e+01,2.02201861e+01
2.00000000e+01,2.00187747e+01,2.00822959e+01,2.02149543e+01
2.00000000e+01,2.00281185e+01,2.01166853e+01,2.02918408e+01
2.00000000e+01,2.00190579e+01,2.00832388e+01,2.02168727e+01
2.00000000e+01,2.00229256e+01,2.00977802e+01,2.02499156e+01
2.00000000e+01,2.00288680e+01,2.01192035e+01,2.02970711e+01
2.00000000e+01,2.00234015e+01,2.00993853e+01,2.02532437e+01
2.00000000e+01,2.00140145e+01,2.00653156e+01,2.01782391e+01
2.00000000e+01,2.00206461e+01,2.00912349e+01,2.02386039e+01
2.00000000e+01,2.00146196e+01,2.00674947e+01,2.01829726e+01
2.00000000e+01,2.00216348e+01,2.00946403e+01,2.02457669e+01
2.00000000e+01,2.00136183e+01,2.00637171e+01,2.01744263e+01
2.00000000e+01,2.00169135e+01,2.00768169e+01,2.02053272e+01
2.00000000e+01,2.00206465e+01,2.00912360e+01,2.02386051e+01
2.00000000e+01,2.00141387e+01,2.00657515e+01,2.01791631e+01
2.00000000e+01,2.00208967e+01,2.00920997e+01,2.02404240e+01
2.00000000e+01,2.00143761e+01,2.00664655e+01,2.01804326e+01
2.00000000e+01,2.00177244e+01,2.00796729e+01,2.02114320e+01
2.00000000e+01,2.00218806e+01,2.00954842e+01,2.02475394e+01
2.00000000e+01,2.00166564e+01,2.00758078e+01,2.02029712e+01
2.00000000e+01,2.00137783e+01,2.00642857e+01,2.01756449e+01
2.00000000e+01,2.00170990e+01,2.00774631e+01,2.02066942e+01
2.00000000e+01,2.00209610e+01,2.00923195e+01,2.02408844e+01
2.00000000e+01,2.00176689e+01,2.00793864e+01,2.02106425e+01
2.00000000e+01,2.00168902e+01,2.00766269e+01,2.02047114e+01
2.00000000e+01,2.00166404e+01,2.00748134e+01,2.01989932e+01
2.00000000e+01,2.00244385e+01,2.01042326e+01,2.02658798e+01
2.00000000e+01,2.00154553e+01,2.00705279e+01,2.01896182e+01
2.00000000e+01,2.00228320e+01,2.00987484e+01,2.02543937e+01
2.00000000e+01,2.00167417e+01,2.00750649e+01,2.01993216e+01
2.00000000e+01,2.00201210e+01,2.00881128e+01,2.02295178e+01
2.00000000e+01,2.00251235e+01,2.01065620e+01,2.02707485e+01
2.00000000e+01,2.00153604e+01,2.00700541e+01,2.01883260e+01
2.00000000e+01,2.00187339e+01,2.00832368e+01,2.02190773e+01
2.00000000e+01,2.00232768e+01,2.01002686e+01,2.02575796e+01
2.00000000e+01,2.00204590e+01,2.00892254e+01,2.02317582e+01
2.00000000e+01,2.00188524e+01,2.00835719e+01,2.02196376e+01
2.00000000e+01,2.00181697e+01,2.00803119e+01,2.02109867e+01
2.00000000e+01,2.00264015e+01,2.01108947e+01,2.02797899e+01
2.00000000e+01,2.00185117e+01,2.00814384e+01,2.02132497e+01
2.00000000e+01,2.00218595e+01,2.00941902e+01,2.02424931e+01
2.00000000e+01,2.00273313e+01,2.01140342e+01,2.02863276e+01
2.00000000e+01,2.00224456e+01,2.00961672e+01,2.02465859e+01
2.00000000e+01,2.00085706e+01,2.00427323e+01,2.01231742e+01
2.00000000e+01,2.00091684e+01,2.00450646e+01,2.01285755e+01
2.00000000e+01,2.00084470e+01,2.00422007e+01,2.01218407e+01
2.00000000e+01,2.00103992e+01,2.00504910e+01,2.01424235e+01
2.00000000e+01,2.00086932e+01,2.00432026e+01,2.01242458e+01
2.00000000e+01,2.00090961e+01,2.00447375e+01,2.01277243e+01
2.00000000e+01,2.00111859e+01,2.00534633e+01,2.01491333e+01
2.00000000e+01,2.00102705e+01,2.00499505e+01,2.01410944e+01
2.00000000e+01,2.00085802e+01,2.00427118e+01,2.01230055e+01
2.00000000e+01,2.00105593e+01,2.00510834e+01,2.01437347e+01
2.00000000e+01,2.00111287e+01,2.00532001e+01,2.01484427e+01
2.00000000e+01,2.00104456e+01,2.00506009e+01,2.01425378e+01
2.00000000e+01,2.00112961e+01,2.00533316e+01,2.01477153e+01
2.00000000e+01,2.00100239e+01,2.00484060e+01,2.01363369e+01
2.00000000e+01,2.00112975e+01,2.00532976e+01,2.01475573e+01
2.00000000e+01,2.00137614e+01,2.00631721e+01,2.01710842e+01
2.00000000e+01,2.00099850e+01,2.00482125e+01,2.01358019e+01
2.00000000e+01,2.00122386e+01,2.00574498e+01,2.01581698e+01
2.00000000e+01,2.00137973e+01,2.00632659e+01,2.01712152e+01
2.00000000e+01,2.00122245e+01,2.00573524e+01,2.01578617e+01
2.00000000e+01,2.00130335e+01,2.00599770e+01,2.01629463e+01
2.00000000e+01,2.00130857e+01,2.00601386e+01,2.01632422e+01
2.00000000e+01,2.00157791e+01,2.00706710e+01,2.01878944e+01
2.00000000e+01,2.00158734e+01,2.00709824e+01,2.01885176e+01
2.00000000e+01,2.00090735e+01,2.00448884e+01,2.01285665e+01
2.00000000e+01,2.00096063e+01,2.00469538e+01,2.01333256e+01
2.00000000e+01,2.00087745e+01,2.00436089e+01,2.01253710e+01
2.00000000e+01,2.00108959e+01,2.00525658e+01,2.01475080e+01
2.00000000e+01,2.00091858e+01,2.00453171e+01,2.01295400e+01
2.00000000e+01,2.00093792e+01,2.00459632e+01,2.01308146e+01
2.00000000e+01,2.00115848e+01,2.00551547e+01,2.01533276e+01
2.00000000e+01,2.00105995e+01,2.00513291e+01,2.01444806e+01
2.00000000e+01,2.00089011e+01,2.00440942e+01,2.01264764e+01
2.00000000e+01,2.00110388e+01,2.00530931e+01,2.01486722e+01
2.00000000e+01,2.00113895e+01,2.00543098e+01,2.01512023e+01
2.00000000e+01,2.00107631e+01,2.00519354e+01,2.01458241e+01
2.00000000e+01,2.00114575e+01,2.00541087e+01,2.01498167e+01
2.00000000e+01,2.00103550e+01,2.00498601e+01,2.01400420e+01
2.00000000e+01,2.00113960e+01,2.00537817e+01,2.01488828e+01
2.00000000e+01,2.00138131e+01,2.00635211e+01,2.01721773e+01
2.00000000e+01,2.00101974e+01,2.00491500e+01,2.01382010e+01
2.00000000e+01,2.00124986e+01,2.00585988e+01,2.01611034e+01
2.00000000e+01,2.00138220e+01,2.00634641e+01,2.01718702e+01
2.00000000e+01,2.00123912e+01,2.00580952e+01,2.01597688e+01
2.00000000e+01,2.00129475e+01,2.00597926e+01,2.01628093e+01
2.00000000e+01,2.00130173e+01,2.00599754e+01,2.01630621e+01
2.00000000e+01,2.00155454e+01,2.00699485e+01,2.01865571e+01
2.00000000e+01,2.00157035e+01,2.00704510e+01,2.01875194e+01
2.00000000e+01,2.00099595e+01,2.00486475e+01,2.01378915e+01
2.00000000e+01,2.00103549e+01,2.00501487e+01,2.01412904e+01
2.00000000e+01,2.00094676e+01,2.00465655e+01,2.01327369e+01
2.00000000e+01,2.00117483e+01,2.00560954e+01,2.01560988e+01
2.00000000e+01,2.00100363e+01,2.00489307e+01,2.01385150e+01
2.00000000e+01,2.00099684e+01,2.00484918e+01,2.01371473e+01
2.00000000e+01,2.00122579e+01,2.00579780e+01,2.01602704e+01
2.00000000e+01,2.00112761e+01,2.00541451e+01,2.01513611e+01
2.00000000e+01,2.00095714e+01,2.00469577e+01,2.01336193e+01
2.00000000e+01,2.00118477e+01,2.00564515e+01,2.01568647e+01
2.00000000e+01,2.00119202e+01,2.00565503e+01,2.01567395e+01
2.00000000e+01,2.00114080e+01,2.00546273e+01,2.01524174e+01
2.00000000e+01,2.00117531e+01,2.00554879e+01,2.01534711e+01
2.00000000e+01,2.00109228e+01,2.00523228e+01,2.01462568e+01
2.00000000e+01,2.00116182e+01,2.00548375e+01,2.01517137e+01
2.00000000e+01,2.00139446e+01,2.00642513e+01,2.01742886e+01
2.00000000e+01,2.00106422e+01,2.00510926e+01,2.01431295e+01
2.00000000e+01,2.00129510e+01,2.00605614e+01,2.01660487e+01
2.00000000e+01,2.00139028e+01,2.00639660e+01,2.01733934e+01
2.00000000e+01,2.00127399e+01,2.00596255e+01,2.01636566e+01
2.00000000e+01,2.00128589e+01,2.00596779e+01,2.01629872e+01
2.00000000e+01,2.00129209e+01,2.00597927e+01,2.01630101e+01
2.00000000e+01,2.00152445e+01,2.00690505e+01,2.01849719e+01
2.00000000e+01,2.00154208e+01,2.00695869e+01,2.01859433e+01
2.00000000e+01,2.00072076e+01,2.00368045e+01,2.01081751e+01
2.00000000e+01,2.00077468e+01,2.00389792e+01,2.01133507e+01
2.00000000e+01,2.00070897e+01,2.00362841e+01,2.01068425e+01
2.00000000e+01,2.00073272e+01,2.00372842e+01,2.01093099e+01
2.00000000e+01,2.00076688e+01,2.00386240e+01,2.01124196e+01
2.00000000e+01,2.00072174e+01,2.00367970e+01,2.01080580e+01
2.00000000e+01,2.00095016e+01,2.00459865e+01,2.01299307e+01
2.00000000e+01,2.00084544e+01,2.00418211e+01,2.01201003e+01
2.00000000e+01,2.00094823e+01,2.00458731e+01,2.01295878e+01
2.00000000e+01,2.00084028e+01,2.00415749e+01,2.01194350e+01
2.00000000e+01,2.00109439e+01,2.00516488e+01,2.01431750e+01
2.00000000e+01,2.00109678e+01,2.00517070e+01,2.01432399e+01
2.00000000e+01,2.00076902e+01,2.00389213e+01,2.01135666e+01
2.00000000e+01,2.00081719e+01,2.00408501e+01,2.01181307e+01
2.00000000e+01,2.00074046e+01,2.00376707e+01,2.01103858e+01
2.00000000e+01,2.00078001e+01,2.00393597e+01,2.01145999e+01
2.00000000e+01,2.00079463e+01,2.00398499e+01,2.01155615e+01
2.00000000e+01,2.00075268e+01,2.00381602e+01,2.01115434e+01
2.00000000e+01,2.00097037e+01,2.00469308e+01,2.01324465e+01
2.00000000e+01,2.00087935e+01,2.00433297e+01,2.01239871e+01
2.00000000e+01,2.00096116e+01,2.00464827e+01,2.01312223e+01
2.00000000e+01,2.00086236e+01,2.00425616e+01,2.01219863e+01
2.00000000e+01,2.00109411e+01,2.00517730e+01,2.01437378e+01
2.00000000e+01,2.00109588e+01,2.00517637e+01,2.01435579e+01
2.00000000e+01,2.00085470e+01,2.00426339e+01,2.01229318e+01
2.00000000e+01,2.00089044e+01,2.00440351e+01,2.01261901e+01
2.00000000e+01,2.00080677e+01,2.00405640e+01,2.01177242e+01
2.00000000e+01,2.00086238e+01,2.00429310e+01,2.01236144e+01
2.00000000e+01,2.00085198e+01,2.00423601e+01,2.01219473e+01
2.00000000e+01,2.00081700e+01,2.00409680e+01,2.01186692e+01
2.00000000e+01,2.00100612e+01,2.00485671e+01,2.01367414e+01
2.00000000e+01,2.00093759e+01,2.00458878e+01,2.01305115e+01
2.00000000e+01,2.00098857e+01,2.00477530e+01,2.01345866e+01
2.00000000e+01,2.00090795e+01,2.00445786e+01,2.01271601e+01
2.00000000e+01,2.00109757e+01,2.00521186e+01,2.01449646e+01
2.00000000e+01,2.00109672e+01,2.00519713e+01,2.01443936e+01
2.00000000e+01,2.00674418e+01,2.02523326e+01,2.05812640e+01
2.00000000e+01,2.00701061e+01,2.02605120e+01,2.05968541e+01
2.00000000e+01,2.00680523e+01,2.02556055e+01,2.05889536e+01
2.00000000e+01,2.00936268e+01,2.03362004e+01,2.07494840e+01
2.00000000e+01,2.00678788e+01,2.02543262e+01,2.05856192e+01
2.00000000e+01,2.00720565e+01,2.02668780e+01,2.06097410e+01
2.00000000e+01,2.00964785e+01,2.03434147e+01,2.07617558e+01
2.00000000e+01,2.00982297e+01,2.03493389e+01,2.07744020e+01
2.00000000e+01,2.00701093e+01,2.02611883e+01,2.05992001e+01
2.00000000e+01,2.00953272e+01,2.03405234e+01,2.07570411e+01
2.00000000e+01,2.01004887e+01,2.03553674e+01,2.07848023e+01
2.00000000e+01,2.00989047e+01,2.03515674e+01,2.07786924e+01
2.00000000e+01,2.00737239e+01,2.02701015e+01,2.06132980e+01
2.00000000e+01,2.00721015e+01,2.02660550e+01,2.06067365e+01
2.00000000e+01,2.00757987e+01,2.02765768e+01,2.06261322e+01
2.00000000e+01,2.00966281e+01,2.03416738e+01,2.07554881e+01
2.00000000e+01,2.00743364e+01,2.02730077e+01,2.06205074e+01
2.00000000e+01,2.00972826e+01,2.03447563e+01,2.07629432e+01
2.00000000e+01,2.00999178e+01,2.03515601e+01,2.07746417e+01
2.00000000e+01,2.01008947e+01,2.03556732e+01,2.07841285e+01
2.00000000e+01,2.00740362e+01,2.02700875e+01,2.06118270e+01
2.00000000e+01,2.00758835e+01,2.02757941e+01,2.06230876e+01
2.00000000e+01,2.00941178e+01,2.03328977e+01,2.07368708e+01
2.00000000e+01,2.00967888e+01,2.03409553e+01,2.07525284e+01
2.00000000e+01,2.00604181e+01,2.02300772e+01,2.05364163e+01
2.00000000e+01,2.00627581e+01,2.02370635e+01,2.05496269e+01
2.00000000e+01,2.00638196e+01,2.02414939e+01,2.05599858e+01
2.00000000e+01,2.00818986e+01,2.02993884e+01,2.06765408e+01
2.00000000e+01,2.00611317e+01,2.02323901e+01,2.05409914e+01
2.00000000e+01,2.00669090e+01,2.02504191e+01,2.05766185e+01
2.00000000e+01,2.00839098e+01,2.03046465e+01,2.06855939e+01
2.00000000e+01,2.00888434e+01,2.03208768e+01,2.07189230e+01
2.00000000e+01,2.00650590e+01,2.02451035e+01,2.05668212e+01
2.00000000e+01,2.00827581e+01,2.03016991e+01,2.06806642e+01
2.00000000e+01,2.00910144e+01,2.03265522e+01,2.07286389e+01
2.00000000e+01,2.00896780e+01,2.03232500e+01,2.07232498e+01
2.00000000e+01,2.00663633e+01,2.02469795e+01,2.05672120e+01
2.00000000e+01,2.00646271e+01,2.02423230e+01,2.05591390e+01
2.00000000e+01,2.00705055e+01,2.02600218e+01,2.05932343e+01
2.00000000e+01,2.00853012e+01,2.03070992e+01,2.06878936e+01
2.00000000e+01,2.00689018e+01,2.02558960e+01,2.05863608e+01
2.00000000e+01,2.00849402e+01,2.03069558e+01,2.06889416e+01
2.00000000e+01,2.00915917e+01,2.03263296e+01,2.07255239e+01
2.00000000e+01,2.00917906e+01,2.03279948e+01,2.07301932e+01
2.00000000e+01,2.00674372e+01,2.02494969e+01,2.05709493e+01
2.00000000e+01,2.00711457e+01,2.02610825e+01,2.05939638e+01
2.00000000e+01,2.00845543e+01,2.03037958e+01,2.06800255e+01
2.00000000e+01,2.00898692e+01,2.03200001e+01,2.07117095e+01
2.00000000e+01,2.00516275e+01,2.02010423e+01,2.04765745e+01
2.00000000e+01,2.00535502e+01,2.02069442e+01,2.04880150e+01
2.00000000e+01,2.00560220e+01,2.02157874e+01,2.05072109e+01
2.00000000e+01,2.00669032e+01,2.02514701e+01,2.05802544e+01
2.00000000e+01,2.00522776e+01,2.02031144e+01,2.04806957e+01
2.00000000e+01,2.00583509e+01,2.02227255e+01,2.05203918e+01
2.00000000e+01,2.00687099e+01,2.02566506e+01,2.05898195e+01
2.00000000e+01,2.00746003e+01,2.02761608e+01,2.06300359e+01
2.00000000e+01,2.00568570e+01,2.02183287e+01,2.05121372e+01
2.00000000e+01,2.00675672e+01,2.02534291e+01,2.05839642e+01
2.00000000e+01,2.00764881e+01,2.02813219e+01,2.06392017e+01
2.00000000e+01,2.00752814e+01,2.02781102e+01,2.06336301e+01
2.00000000e+01,2.00570726e+01,2.02172741e+01,2.05073392e+01
2.00000000e+01,2.00552313e+01,2.02119212e+01,2.04973946e+01
2.00000000e+01,2.00618595e+01,2.02326410e+01,2.05383867e+01
2.00000000e+01,2.00713534e+01,2.02637158e+01,2.06020725e+01
2.00000000e+01,2.00600989e+01,2.02277318e+01,2.05295835e+01
2.00000000e+01,2.00700682e+01,2.02603595e+01,2.05963812e+01
2.00000000e+01,2.00784442e+01,2.02858647e+01,2.06460026e+01
2.00000000e+01,2.00776210e+01,2.02841395e+01,2.06437661e+01
2.00000000e+01,2.00588521e+01,2.02223373e+01,2.05165753e+01
2.00000000e+01,2.00632697e+01,2.02363640e+01,2.05447177e+01
2.00000000e+01,2.00723420e+01,2.02660629e+01,2.06056547e+01
2.00000000e+01,2.00785776e+01,2.02854024e+01,2.06438564e+01
2.00000000e+01,2.00357293e+01,2.01462726e+01,2.03604779e+01
2.00000000e+01,2.00382407e+01,2.01544063e+01,2.03768221e+01
2.00000000e+01,2.00360633e+01,2.01476357e+01,2.03635749e+01
2.00000000e+01,2.00482068e+01,2.01895761e+01,2.04526931e+01
2.00000000e+01,2.00364451e+01,2.01487207e+01,2.03655417e+01
2.00000000e+01,2.00389315e+01,2.01567767e+01,2.03818111e+01
2.00000000e+01,2.00514375e+01,2.01994560e+01,2.04718309e+01
2.00000000e+01,2.00492777e+01,2.01930475e+01,2.04598310e+01
2.00000000e+01,2.00370331e+01,2.01507096e+01,2.03697395e+01
2.00000000e+01,2.00493871e+01,2.01932125e+01,2.04598242e+01
2.00000000e+01,2.00527444e+01,2.02036903e+01,2.04804555e+01
2.00000000e+01,2.00504409e+01,2.01967546e+01,2.04671934e+01
2.00000000e+01,2.00434761e+01,2.01707938e+01,2.04090038e+01
2.00000000e+01,2.00406753e+01,2.01620882e+01,2.03919828e+01
2.00000000e+01,2.00443607e+01,2.01736971e+01,2.04149551e+01
2.00000000e+01,2.00564488e+01,2.02142078e+01,2.04995057e+01
2.00000000e+01,2.00415040e+01,2.01648346e+01,2.03976555e+01
2.00000000e+01,2.00539563e+01,2.02069452e+01,2.04859986e+01
2.00000000e+01,2.00578326e+01,2.02186201e+01,2.05083872e+01
2.00000000e+01,2.00553160e+01,2.02113348e+01,2.04949006e+01
2.00000000e+01,2.00461515e+01,2.01789928e+01,2.04248675e+01
2.00000000e+01,2.00470259e+01,2.01818238e+01,2.04306234e+01
2.00000000e+01,2.00583437e+01,2.02194767e+01,2.05089035e+01
2.00000000e+01,2.00596147e+01,2.02235019e+01,2.05169718e+01
2.00000000e+01,2.00341136e+01,2.01406510e+01,2.03484010e+01
2.00000000e+01,2.00361684e+01,2.01473041e+01,2.03617875e+01
2.00000000e+01,2.00349944e+01,2.01438125e+01,2.03552804e+01
2.00000000e+01,2.00449079e+01,2.01783283e+01,2.04290330e+01
2.00000000e+01,2.00347305e+01,2.01427016e+01,2.03526006e+01
2.00000000e+01,2.00374573e+01,2.01517201e+01,2.03711166e+01
2.00000000e+01,2.00474230e+01,2.01861041e+01,2.04441905e+01
2.00000000e+01,2.00468584e+01,2.01849360e+01,2.04429062e+01
2.00000000e+01,2.00357720e+01,2.01463381e+01,2.03603993e+01
2.00000000e+01,2.00457627e+01,2.01810163e+01,2.04343566e+01
2.00000000e+01,2.00498393e+01,2.01941136e+01,2.04607335e+01
2.00000000e+01,2.00478656e+01,2.01881171e+01,2.04492079e+01
2.00000000e+01,2.00406490e+01,2.01614400e+01,2.03897039e+01
2.00000000e+01,2.00382159e+01,2.01538004e+01,2.03746639e+01
2.00000000e+01,2.00423227e+01,2.01669760e+01,2.04011182e+01
2.00000000e+01,2.00518240e+01,2.01992689e+01,2.04691740e+01
2.00000000e+01,2.00397191e+01,2.01588515e+01,2.03851937e+01
2.00000000e+01,2.00495426e+01,2.01924957e+01,2.04563963e+01
2.00000000e+01,2.00544966e+01,2.02079005e+01,2.04866933e+01
2.00000000e+01,2.00521350e+01,2.02009774e+01,2.04737583e+01
2.00000000e+01,2.00431573e+01,2.01692283e+01,2.04049203e+01
2.00000000e+01,2.00448838e+01,2.01748612e+01,2.04164281e+01
2.00000000e+01,2.00538682e+01,2.02051891e+01,2.04801127e+01
2.00000000e+01,2.00564137e+01,2.02133226e+01,2.04965081e+01
2.00000000e+01,2.00318556e+01,2.01326127e+01,2.03309238e+01
2.00000000e+01,2.00333963e+01,2.01376640e+01,2.03411896e+01
2.00000000e+01,2.00330304e+01,2.01368296e+01,2.03401311e+01
2.00000000e+01,2.00402522e+01,2.01622777e+01,2.03949812e+01
2.00000000e+01,2.00323262e+01,2.01341858e+01,2.03341685e+01
2.00000000e+01,2.00349521e+01,2.01430702e+01,2.03527278e+01
2.00000000e+01,2.00421385e+01,2.01682570e+01,2.04068531e+01
2.00000000e+01,2.00427002e+01,2.01707362e+01,2.04129621e+01
2.00000000e+01,2.00336225e+01,2.01387825e+01,2.03441257e+01
2.00000000e+01,2.00408805e+01,2.01643078e+01,2.03990776e+01
2.00000000e+01,2.00450002e+01,2.01779267e+01,2.04270869e+01
2.00000000e+01,2.00434619e+01,2.01731691e+01,2.04178248e+01
2.00000000e+01,2.00369422e+01,2.01490343e+01,2.03639170e+01
2.00000000e+01,2.00349796e+01,2.01427637e+01,2.03514130e+01
2.00000000e+01,2.00389352e+01,2.01557137e+01,2.03778095e+01
2.00000000e+01,2.00458391e+01,2.01796676e+01,2.04290172e+01
2.00000000e+01,2.00367565e+01,2.01488241e+01,2.03641765e+01
2.00000000e+01,2.00438449e+01,2.01735486e+01,2.04171738e+01
2.00000000e+01,2.00489926e+01,2.01900167e+01,2.04502430e+01
2.00000000e+01,2.00468805e+01,2.01836588e+01,2.04381202e+01
2.00000000e+01,2.00391521e+01,2.01560399e+01,2.03778182e+01
2.00000000e+01,2.00412627e+01,2.01630048e+01,2.03921482e+01
2.00000000e+01,2.00479480e+01,2.01860669e+01,2.04413029e+01
2.00000000e+01,2.00510357e+01,2.01960650e+01,2.04616233e+01
2.00000000e+01,2.00268757e+01,2.01145307e+01,2.02910777e+01
2.00000000e+01,2.00290141e+01,2.01216427e+01,2.03056756e+01
2.00000000e+01,2.00270550e+01,2.01151673e+01,2.02924731e+01
2.00000000e+01,2.00274929e+01,2.01165967e+01,2.02953473e+01
2.00000000e+01,2.00293948e+01,2.01229472e+01,2.03084324e+01
2.00000000e+01,2.00277170e+01,2.01173992e+01,2.02970956e+01
2.00000000e+01,2.00338764e+01,2.01375543e+01,2.03379835e+01
2.00000000e+01,2.00311982e+01,2.01288214e+01,2.03202895e+01
2.00000000e+01,2.00344286e+01,2.01393973e+01,2.03418024e+01
2.00000000e+01,2.00316683e+01,2.01304133e+01,2.03236205e+01
2.00000000e+01,2.00367451e+01,2.01468189e+01,2.03566505e+01
2.00000000e+01,2.00373308e+01,2.01487518e+01,2.03606265e+01
2.00000000e+01,2.00263175e+01,2.01124818e+01,2.02865244e+01
2.00000000e+01,2.00280752e+01,2.01183470e+01,2.02985893e+01
2.00000000e+01,2.00266526e+01,2.01137054e+01,2.02892390e+01
2.00000000e+01,2.00268157e+01,2.01141587e+01,2.02899995e+01
2.00000000e+01,2.00287151e+01,2.01205749e+01,2.03033482e+01
2.00000000e+01,2.00272357e+01,2.01156686e+01,2.02933049e+01
2.00000000e+01,2.00322102e+01,2.01319443e+01,2.03262849e+01
2.00000000e+01,2.00299091e+01,2.01244019e+01,2.03109507e+01
2.00000000e+01,2.00332300e+01,2.01353742e+01,2.03334286e+01
2.00000000e+01,2.00307385e+01,2.01272357e+01,2.03169202e+01
2.00000000e+01,2.00347752e+01,2.01402836e+01,2.03431602e+01
2.00000000e+01,2.00359283e+01,2.01441103e+01,2.03510595e+01
2.00000000e+01,2.00254881e+01,2.01094216e+01,2.02796988e+01
2.00000000e+01,2.00267925e+01,2.01138051e+01,2.02887630e+01
2.00000000e+01,2.00259317e+01,2.01110593e+01,2.02833541e+01
2.00000000e+01,2.00258562e+01,2.01106704e+01,2.02823015e+01
2.00000000e+01,2.00275586e+01,2.01165051e+01,2.02945811e+01
2.00000000e+01,2.00263899e+01,2.01126083e+01,2.02865730e+01
2.00000000e+01,2.00299922e+01,2.01244170e+01,2.03105073e+01
2.00000000e+01,2.00281920e+01,2.01184628e+01,2.02983263e+01
2.00000000e+01,2.00312159e+01,2.01285714e+01,2.03192140e+01
2.00000000e+01,2.00291746e+01,2.01218559e+01,2.03055271e+01
2.00000000e+01,2.00321044e+01,2.01313583e+01,2.03246559e+01
2.00000000e+01,2.00335302e+01,2.01361298e+01,2.03345553e+01
2.00000000e+01,2.00112961e+01,2.00533316e+01,2.01477153e+01
2.00000000e+01,2.00112531e+01,2.00531140e+01,2.01471094e+01
2.00000000e+01,2.00130335e+01,2.00599770e+01,2.01629463e+01
2.00000000e+01,2.00130731e+01,2.00600792e+01,2.01630832e+01
2.00000000e+01,2.00095016e+01,2.00459864e+01,2.01299306e+01
2.00000000e+01,2.00112975e+01,2.00532976e+01,2.01475572e+01
2.00000000e+01,2.00094395e+01,2.00456915e+01,2.01291356e+01
2.00000000e+01,2.00109439e+01,2.00516488e+01,2.01431750e+01
2.00000000e+01,2.00130857e+01,2.00601387e+01,2.01632422e+01
2.00000000e+01,2.00109510e+01,2.00516303e+01,2.01430381e+01
2.00000000e+01,2.00094823e+01,2.00458731e+01,2.01295877e+01
2.00000000e+01,2.00109678e+01,2.00517070e+01,2.01432399e+01
2.00000000e+01,2.00091683e+01,2.00450644e+01,2.01285751e+01
2.00000000e+01,2.00090348e+01,2.00444842e+01,2.01271075e+01
2.00000000e+01,2.00100239e+01,2.00484060e+01,2.01363367e+01
2.00000000e+01,2.00099247e+01,2.00479655e+01,2.01352042e+01
2.00000000e+01,2.00077467e+01,2.00389791e+01,2.01133504e+01
2.00000000e+01,2.00090961e+01,2.00447374e+01,2.01277240e+01
2.00000000e+01,2.00076117e+01,2.00383807e+01,2.01118131e+01
2.00000000e+01,2.00084544e+01,2.00418211e+01,2.01201001e+01
2.00000000e+01,2.00099850e+01,2.00482124e+01,2.01358017e+01
2.00000000e+01,2.00083470e+01,2.00413391e+01,2.01188502e+01
2.00000000e+01,2.00076687e+01,2.00386239e+01,2.01124193e+01
2.00000000e+01,2.00084027e+01,2.00415748e+01,2.01194348e+01
2.00000000e+01,2.00085706e+01,2.00427323e+01,2.01231741e+01
2.00000000e+01,2.00084197e+01,2.00420815e+01,2.01215381e+01
2.00000000e+01,2.00086932e+01,2.00432026e+01,2.01242457e+01
2.00000000e+01,2.00085433e+01,2.00425559e+01,2.01226196e+01
2.00000000e+01,2.00072080e+01,2.00368062e+01,2.01081795e+01
2.00000000e+01,2.00084529e+01,2.00422261e+01,2.01219048e+01
2.00000000e+01,2.00070564e+01,2.00361378e+01,2.01064698e+01
2.00000000e+01,2.00073274e+01,2.00372851e+01,2.01093122e+01
2.00000000e+01,2.00085835e+01,2.00427259e+01,2.01230410e+01
2.00000000e+01,2.00071772e+01,2.00366215e+01,2.01076117e+01
2.00000000e+01,2.00070922e+01,2.00362952e+01,2.01068709e+01
2.00000000e+01,2.00072187e+01,2.00368031e+01,2.01080735e+01
2.00000000e+01,2.00168765e+01,2.00753153e+01,2.01994100e+01
2.00000000e+01,2.00169192e+01,2.00754192e+01,2.01995397e+01
2.00000000e+01,2.00192193e+01,2.00837643e+01,2.02179167e+01
2.00000000e+01,2.00193797e+01,2.00842942e+01,2.02189867e+01
2.00000000e+01,2.00137614e+01,2.00631721e+01,2.01710841e+01
2.00000000e+01,2.00169634e+01,2.00755927e+01,2.01999459e+01
2.00000000e+01,2.00137521e+01,2.00630841e+01,2.01707804e+01
2.00000000e+01,2.00157791e+01,2.00706710e+01,2.01878943e+01
2.00000000e+01,2.00193731e+01,2.00842817e+01,2.02189810e+01
2.00000000e+01,2.00158685e+01,2.00709524e+01,2.01884272e+01
2.00000000e+01,2.00137973e+01,2.00632659e+01,2.01712151e+01
2.00000000e+01,2.00158734e+01,2.00709825e+01,2.01885176e+01
2.00000000e+01,2.00137839e+01,2.00640167e+01,2.01744801e+01
2.00000000e+01,2.00136728e+01,2.00635483e+01,2.01733263e+01
2.00000000e+01,2.00150597e+01,2.00686977e+01,2.01848313e+01
2.00000000e+01,2.00150105e+01,2.00684630e+01,2.01842057e+01
2.00000000e+01,2.00111858e+01,2.00534632e+01,2.01491331e+01
2.00000000e+01,2.00137527e+01,2.00638587e+01,2.01740438e+01
2.00000000e+01,2.00110579e+01,2.00529173e+01,2.01477729e+01
2.00000000e+01,2.00122386e+01,2.00574498e+01,2.01581697e+01
2.00000000e+01,2.00150844e+01,2.00687463e+01,2.01848570e+01
2.00000000e+01,2.00121577e+01,2.00570872e+01,2.01572349e+01
2.00000000e+01,2.00111287e+01,2.00532001e+01,2.01484425e+01
2.00000000e+01,2.00122244e+01,2.00573524e+01,2.01578616e+01
2.00000000e+01,2.00128562e+01,2.00606228e+01,2.01670121e+01
2.00000000e+01,2.00127052e+01,2.00600033e+01,2.01655187e+01
2.00000000e+01,2.00130502e+01,2.00613201e+01,2.01685186e+01
2.00000000e+01,2.00129038e+01,2.00607205e+01,2.01670704e+01
2.00000000e+01,2.00103976e+01,2.00504840e+01,2.01424066e+01
2.00000000e+01,2.00127436e+01,2.00601667e+01,2.01659180e+01
2.00000000e+01,2.00102414e+01,2.00498290e+01,2.01407960e+01
2.00000000e+01,2.00105584e+01,2.00510795e+01,2.01437252e+01
2.00000000e+01,2.00129554e+01,2.00609243e+01,2.01675509e+01
2.00000000e+01,2.00104053e+01,2.00504348e+01,2.01421348e+01
2.00000000e+01,2.00102787e+01,2.00499848e+01,2.01411788e+01
2.00000000e+01,2.00104502e+01,2.00506200e+01,2.01425847e+01
2.00000000e+01,2.00265295e+01,2.01113236e+01,2.02806799e+01
2.00000000e+01,2.00268654e+01,2.01124557e+01,2.02830360e+01
2.00000000e+01,2.00293738e+01,2.01208999e+01,2.03005911e+01
2.00000000e+01,2.00298360e+01,2.01224481e+01,2.03038016e+01
2.00000000e+01,2.00211021e+01,2.00913203e+01,2.02359399e+01
2.00000000e+01,2.00268536e+01,2.01124194e+01,2.02829634e+01
2.00000000e+01,2.00212596e+01,2.00918379e+01,2.02369823e+01
2.00000000e+01,2.00237036e+01,2.01003980e+01,2.02553322e+01
2.00000000e+01,2.00297592e+01,2.01221906e+01,2.03032676e+01
2.00000000e+01,2.00239874e+01,2.01013515e+01,2.02573045e+01
2.00000000e+01,2.00212847e+01,2.00919340e+01,2.02372044e+01
2.00000000e+01,2.00239526e+01,2.01012387e+01,2.02570790e+01
2.00000000e+01,2.00222261e+01,2.00966602e+01,2.02499997e+01
2.00000000e+01,2.00223301e+01,2.00970058e+01,2.02507154e+01
2.00000000e+01,2.00240861e+01,2.01030267e+01,2.02633514e+01
2.00000000e+01,2.00242885e+01,2.01037168e+01,2.02647953e+01
2.00000000e+01,2.00174235e+01,2.00783304e+01,2.02080134e+01
2.00000000e+01,2.00223817e+01,2.00971987e+01,2.02511341e+01
2.00000000e+01,2.00173873e+01,2.00781625e+01,2.02075754e+01
2.00000000e+01,2.00189808e+01,2.00838513e+01,2.02199063e+01
2.00000000e+01,2.00243298e+01,2.01038549e+01,2.02650823e+01
2.00000000e+01,2.00190282e+01,2.00839809e+01,2.02201130e+01
2.00000000e+01,2.00174661e+01,2.00784512e+01,2.02082157e+01
2.00000000e+01,2.00190908e+01,2.00842115e+01,2.02206266e+01
2.00000000e+01,2.00206664e+01,2.00912846e+01,2.02386887e+01
2.00000000e+01,2.00206829e+01,2.00913192e+01,2.02387429e+01
2.00000000e+01,2.00210553e+01,2.00926394e+01,2.02415514e+01
2.00000000e+01,2.00210764e+01,2.00927175e+01,2.02417192e+01
2.00000000e+01,2.00161649e+01,2.00738692e+01,2.01984279e+01
2.00000000e+01,2.00206528e+01,2.00912557e+01,2.02386419e+01
2.00000000e+01,2.00160441e+01,2.00733927e+01,2.01973103e+01
2.00000000e+01,2.00164526e+01,2.00748779e+01,2.02005726e+01
2.00000000e+01,2.00211028e+01,2.00927948e+01,2.02418711e+01
2.00000000e+01,2.00163553e+01,2.00744856e+01,2.01996394e+01
2.00000000e+01,2.00160829e+01,2.00735421e+01,2.01976577e+01
2.00000000e+01,2.00163990e+01,2.00746547e+01,2.02000289e+01
2.00000000e+01,2.00114575e+01,2.00541087e+01,2.01498167e+01
2.00000000e+01,2.00129475e+01,2.00597926e+01,2.01628093e+01
2.00000000e+01,2.00097037e+01,2.00469308e+01,2.01324464e+01
2.00000000e+01,2.00113961e+01,2.00537817e+01,2.01488828e+01
2.00000000e+01,2.00109411e+01,2.00517730e+01,2.01437378e+01
2.00000000e+01,2.00130173e+01,2.00599754e+01,2.01630621e+01
2.00000000e+01,2.00096116e+01,2.00464827e+01,2.01312222e+01
2.00000000e+01,2.00109588e+01,2.00517637e+01,2.01435578e+01
2.00000000e+01,2.00096063e+01,2.00469536e+01,2.01333251e+01
2.00000000e+01,2.00103550e+01,2.00498600e+01,2.01400418e+01
2.00000000e+01,2.00081719e+01,2.00408500e+01,2.01181305e+01
2.00000000e+01,2.00093792e+01,2.00459630e+01,2.01308143e+01
2.00000000e+01,2.00087935e+01,2.00433297e+01,2.01239869e+01
2.00000000e+01,2.00101973e+01,2.00491500e+01,2.01382008e+01
2.00000000e+01,2.00079463e+01,2.00398498e+01,2.01155613e+01
2.00000000e+01,2.00086236e+01,2.00425616e+01,2.01219861e+01
2.00000000e+01,2.00090736e+01,2.00448889e+01,2.01285676e+01
2.00000000e+01,2.00091858e+01,2.00453170e+01,2.01295399e+01
2.00000000e+01,2.00076905e+01,2.00389223e+01,2.01135690e+01
2.00000000e+01,2.00087762e+01,2.00436163e+01,2.01253895e+01
2.00000000e+01,2.00078002e+01,2.00393600e+01,2.01146007e+01
2.00000000e+01,2.00089021e+01,2.00440982e+01,2.01264865e+01
2.00000000e+01,2.00074055e+01,2.00376747e+01,2.01103960e+01
2.00000000e+01,2.00075273e+01,2.00381624e+01,2.01115489e+01
2.00000000e+01,2.00167601e+01,2.00750342e+01,2.01990657e+01
2.00000000e+01,2.00187747e+01,2.00822959e+01,2.02149543e+01
2.00000000e+01,2.00138131e+01,2.00635211e+01,2.01721772e+01
2.00000000e+01,2.00168750e+01,2.00753691e+01,2.01996428e+01
2.00000000e+01,2.00155454e+01,2.00699485e+01,2.01865571e+01
2.00000000e+01,2.00190579e+01,2.00832389e+01,2.02168726e+01
2.00000000e+01,2.00138220e+01,2.00634641e+01,2.01718701e+01
2.00000000e+01,2.00157035e+01,2.00704510e+01,2.01875194e+01
2.00000000e+01,2.00140985e+01,2.00653349e+01,2.01777150e+01
2.00000000e+01,2.00151982e+01,2.00693566e+01,2.01865836e+01
2.00000000e+01,2.00115847e+01,2.00551546e+01,2.01533273e+01
2.00000000e+01,2.00139633e+01,2.00647437e+01,2.01762207e+01
2.00000000e+01,2.00124986e+01,2.00585988e+01,2.01611034e+01
2.00000000e+01,2.00151727e+01,2.00691738e+01,2.01860056e+01
2.00000000e+01,2.00113894e+01,2.00543097e+01,2.01512022e+01
2.00000000e+01,2.00123912e+01,2.00580952e+01,2.01597687e+01
2.00000000e+01,2.00132915e+01,2.00623943e+01,2.01712636e+01
2.00000000e+01,2.00134633e+01,2.00630096e+01,2.01725901e+01
2.00000000e+01,2.00108935e+01,2.00525560e+01,2.01474840e+01
2.00000000e+01,2.00130371e+01,2.00613617e+01,2.01687888e+01
2.00000000e+01,2.00110375e+01,2.00530875e+01,2.01486586e+01
2.00000000e+01,2.00132336e+01,2.00620653e+01,2.01703064e+01
2.00000000e+01,2.00106017e+01,2.00513385e+01,2.01445036e+01
2.00000000e+01,2.00107643e+01,2.00519406e+01,2.01458369e+01
2.00000000e+01,2.00256340e+01,2.01082934e+01,2.02743626e+01
2.00000000e+01,2.00281185e+01,2.01166853e+01,2.02918407e+01
2.00000000e+01,2.00206749e+01,2.00899180e+01,2.02331180e+01
2.00000000e+01,2.00262108e+01,2.01102469e+01,2.02784369e+01
2.00000000e+01,2.00229256e+01,2.00977802e+01,2.02499156e+01
2.00000000e+01,2.00288679e+01,2.01192035e+01,2.02970710e+01
2.00000000e+01,2.00209760e+01,2.00909187e+01,2.02351564e+01
2.00000000e+01,2.00234015e+01,2.00993853e+01,2.02532436e+01
2.00000000e+01,2.00219680e+01,2.00957814e+01,2.02481608e+01
2.00000000e+01,2.00235442e+01,2.01011808e+01,2.02594894e+01
2.00000000e+01,2.00175267e+01,2.00788065e+01,2.02092492e+01
2.00000000e+01,2.00221941e+01,2.00965568e+01,2.02497883e+01
2.00000000e+01,2.00188567e+01,2.00835165e+01,2.02193838e+01
2.00000000e+01,2.00239357e+01,2.01025152e+01,2.02622819e+01
2.00000000e+01,2.00175294e+01,2.00787520e+01,2.02090092e+01
2.00000000e+01,2.00189945e+01,2.00839431e+01,2.02201858e+01
2.00000000e+01,2.00206528e+01,2.00912519e+01,2.02386330e+01
2.00000000e+01,2.00209856e+01,2.00924025e+01,2.02410570e+01
2.00000000e+01,2.00164545e+01,2.00750131e+01,2.02011109e+01
2.00000000e+01,2.00206523e+01,2.00912523e+01,2.02386345e+01
2.00000000e+01,2.00167005e+01,2.00758748e+01,2.02029416e+01
2.00000000e+01,2.00210475e+01,2.00926116e+01,2.02414928e+01
2.00000000e+01,2.00162866e+01,2.00743494e+01,2.01995541e+01
2.00000000e+01,2.00165709e+01,2.00753473e+01,2.02016767e+01
2.00000000e+01,2.00116182e+01,2.00548375e+01,2.01517137e+01
2.00000000e+01,2.00129209e+01,2.00597927e+01,2.01630101e+01
2.00000000e+01,2.00098857e+01,2.00477530e+01,2.01345865e+01
2.00000000e+01,2.00109672e+01,2.00519713e+01,2.01443935e+01
2.00000000e+01,2.00099684e+01,2.00484917e+01,2.01371469e+01
2.00000000e+01,2.00106422e+01,2.00510926e+01,2.01431294e+01
2.00000000e+01,2.00085198e+01,2.00423600e+01,2.01219472e+01
2.00000000e+01,2.00090795e+01,2.00445786e+01,2.01271600e+01
2.00000000e+01,2.00094595e+01,2.00465313e+01,2.01326521e+01
2.00000000e+01,2.00095670e+01,2.00469389e+01,2.01335729e+01
2.00000000e+01,2.00080646e+01,2.00405504e+01,2.01176901e+01
2.00000000e+01,2.00081683e+01,2.00409607e+01,2.01186506e+01
2.00000000e+01,2.00167417e+01,2.00750649e+01,2.01993216e+01
2.00000000e+01,2.00185117e+01,2.00814384e+01,2.02132496e+01
2.00000000e+01,2.00139028e+01,2.00639660e+01,2.01733933e+01
2.00000000e+01,2.00154208e+01,2.00695869e+01,2.01859433e+01
2.00000000e+01,2.00143761e+01,2.00664655e+01,2.01804328e+01
2.00000000e+01,2.00153604e+01,2.00700541e+01,2.01883260e+01
2.00000000e+01,2.00119202e+01,2.00565503e+01,2.01567394e+01
2.00000000e+01,2.00127399e+01,2.00596255e+01,2.01636565e+01
2.00000000e+01,2.00136062e+01,2.00636684e+01,2.01743100e+01
2.00000000e+01,2.00137717e+01,2.00642592e+01,2.01755815e+01
2.00000000e+01,2.00112648e+01,2.00540983e+01,2.01512473e+01
2.00000000e+01,2.00114018e+01,2.00546017e+01,2.01523552e+01
2.00000000e+01,2.00251235e+01,2.01065620e+01,2.02707484e+01
2.00000000e+01,2.00273313e+01,2.01140342e+01,2.02863275e+01
2.00000000e+01,2.00204590e+01,2.00892254e+01,2.02317581e+01
2.00000000e+01,2.00224456e+01,2.00961672e+01,2.02465858e+01
2.00000000e+01,2.00218805e+01,2.00954837e+01,2.02475383e+01
2.00000000e+01,2.00232768e+01,2.01002685e+01,2.02575793e+01
2.00000000e+01,2.00176689e+01,2.00793864e+01,2.02106424e+01
2.00000000e+01,2.00188524e+01,2.00835719e+01,2.02196375e+01
2.00000000e+01,2.00206468e+01,2.00912368e+01,2.02386066e+01
2.00000000e+01,2.00209610e+01,2.00923195e+01,2.02408844e+01
2.00000000e+01,2.00166542e+01,2.00757994e+01,2.02029515e+01
2.00000000e+01,2.00168889e+01,2.00766219e+01,2.02046998e+01
2.00000000e+01,2.00114575e+01,2.00541086e+01,2.01498166e+01
2.00000000e+01,2.00129475e+01,2.00597926e+01,2.01628093e+01
2.00000000e+01,2.00097037e+01,2.00469307e+01,2.01324464e+01
2.00000000e+01,2.00116182e+01,2.00548375e+01,2.01517137e+01
2.00000000e+01,2.00109410e+01,2.00517730e+01,2.01437378e+01
2.00000000e+01,2.00129209e+01,2.00597927e+01,2.01630100e+01
2.00000000e+01,2.00098857e+01,2.00477530e+01,2.01345865e+01
2.00000000e+01,2.00109671e+01,2.00519713e+01,2.01443935e+01
2.00000000e+01,2.00096063e+01,2.00469536e+01,2.01333251e+01
2.00000000e+01,2.00103550e+01,2.00498600e+01,2.01400418e+01
2.00000000e+01,2.00081718e+01,2.00408500e+01,2.01181305e+01
2.00000000e+01,2.00099684e+01,2.00484917e+01,2.01371469e+01
2.00000000e+01,2.00087935e+01,2.00433297e+01,2.01239869e+01
2.00000000e+01,2.00106422e+01,2.00510926e+01,2.01431294e+01
2.00000000e+01,2.00085197e+01,2.00423600e+01,2.01219472e+01
2.00000000e+01,2.00090795e+01,2.00445786e+01,2.01271600e+01
2.00000000e+01,2.00090736e+01,2.00448889e+01,2.01285676e+01
2.00000000e+01,2.00091858e+01,2.00453170e+01,2.01295399e+01
2.00000000e+01,2.00076904e+01,2.00389223e+01,2.01135690e+01
2.00000000e+01,2.00094595e+01,2.00465313e+01,2.01326521e+01
2.00000000e+01,2.00078002e+01,2.00393600e+01,2.01146007e+01
2.00000000e+01,2.00095670e+01,2.00469390e+01,2.01335729e+01
2.00000000e+01,2.00080646e+01,2.00405504e+01,2.01176901e+01
2.00000000e+01,2.00081683e+01,2.00409607e+01,2.01186505e+01
2.00000000e+01,2.00167600e+01,2.00750342e+01,2.01990657e+01
2.00000000e+01,2.00187747e+01,2.00822959e+01,2.02149543e+01
2.00000000e+01,2.00138131e+01,2.00635211e+01,2.01721772e+01
2.00000000e+01,2.00167417e+01,2.00750649e+01,2.01993216e+01
2.00000000e+01,2.00155454e+01,2.00699485e+01,2.01865571e+01
2.00000000e+01,2.00185117e+01,2.00814384e+01,2.02132496e+01
2.00000000e+01,2.00139028e+01,2.00639659e+01,2.01733933e+01
2.00000000e+01,2.00154208e+01,2.00695869e+01,2.01859432e+01
2.00000000e+01,2.00140984e+01,2.00653349e+01,2.01777150e+01
2.00000000e+01,2.00151982e+01,2.00693567e+01,2.01865836e+01
2.00000000e+01,2.00115847e+01,2.00551546e+01,2.01533273e+01
2.00000000e+01,2.00143761e+01,2.00664656e+01,2.01804328e+01
2.00000000e+01,2.00124986e+01,2.00585988e+01,2.01611034e+01
2.00000000e+01,2.00153604e+01,2.00700541e+01,2.01883260e+01
2.00000000e+01,2.00119202e+01,2.00565503e+01,2.01567394e+01
2.00000000e+01,2.00127399e+01,2.00596255e+01,2.01636565e+01
2.00000000e+01,2.00132915e+01,2.00623943e+01,2.01712636e+01
2.00000000e+01,2.00134633e+01,2.00630096e+01,2.01725901e+01
2.00000000e+01,2.00108935e+01,2.00525560e+01,2.01474840e+01
2.00000000e+01,2.00136062e+01,2.00636684e+01,2.01743100e+01
2.00000000e+01,2.00110375e+01,2.00530875e+01,2.01486586e+01
2.00000000e+01,2.00137717e+01,2.00642592e+01,2.01755815e+01
2.00000000e+01,2.00112648e+01,2.00540983e+01,2.01512473e+01
2.00000000e+01,2.00114018e+01,2.00546017e+01,2.01523552e+01
2.00000000e+01,2.00256340e+01,2.01082934e+01,2.02743626e+01
2.00000000e+01,2.00281184e+01,2.01166853e+01,2.02918406e+01
2.00000000e+01,2.00206749e+01,2.00899180e+01,2.02331180e+01
2.00000000e+01,2.00251235e+01,2.01065620e+01,2.02707484e+01
2.00000000e+01,2.00229256e+01,2.00977802e+01,2.02499155e+01
2.00000000e+01,2.00273312e+01,2.01140342e+01,2.02863275e+01
2.00000000e+01,2.00204590e+01,2.00892254e+01,2.02317581e+01
2.00000000e+01,2.00224455e+01,2.00961672e+01,2.02465858e+01
2.00000000e+01,2.00219679e+01,2.00957814e+01,2.02481608e+01
2.00000000e+01,2.00235441e+01,2.01011808e+01,2.02594894e+01
2.00000000e+01,2.00175267e+01,2.00788065e+01,2.02092492e+01
2.00000000e+01,2.00218804e+01,2.00954837e+01,2.02475383e+01
2.00000000e+01,2.00188567e+01,2.00835165e+01,2.02193838e+01
2.00000000e+01,2.00232767e+01,2.01002685e+01,2.02575793e+01
2.00000000e+01,2.00176689e+01,2.00793864e+01,2.02106424e+01
2.00000000e+01,2.00188524e+01,2.00835719e+01,2.02196375e+01
2.00000000e+01,2.00206528e+01,2.00912519e+01,2.02386330e+01
2.00000000e+01,2.00209856e+01,2.00924025e+01,2.02410569e+01
2.00000000e+01,2.00164545e+01,2.00750131e+01,2.02011109e+01
2.00000000e+01,2.00206467e+01,2.00912368e+01,2.02386066e+01
2.00000000e+01,2.00167005e+01,2.00758748e+01,2.02029416e+01
2.00000000e+01,2.00209610e+01,2.00923195e+01,2.02408843e+01
2.00000000e+01,2.00166542e+01,2.00757994e+01,2.02029515e+01
2.00000000e+01,2.00168889e+01,2.00766219e+01,2.02046998e+01
2.00000000e+01,2.00112961e+01,2.00533316e+01,2.01477153e+01
2.00000000e+01,2.00130335e+01,2.00599770e+01,2.01629463e+01
2.00000000e+01,2.00095016e+01,2.00459864e+01,2.01299306e+01
2.00000000e+01,2.00113960e+01,2.00537817e+01,2.01488828e+01
2.00000000e+01,2.00109439e+01,2.00516488e+01,2.01431750e+01
2.00000000e+01,2.00130173e+01,2.00599754e+01,2.01630621e+01
2.00000000e+01,2.00096116e+01,2.00464827e+01,2.01312222e+01
2.00000000e+01,2.00109588e+01,2.00517637e+01,2.01435578e+01
2.00000000e+01,2.00091683e+01,2.00450644e+01,2.01285751e+01
2.00000000e+01,2.00100238e+01,2.00484060e+01,2.01363367e+01
2.00000000e+01,2.00077467e+01,2.00389791e+01,2.01133504e+01
2.00000000e+01,2.00093792e+01,2.00459630e+01,2.01308143e+01
2.00000000e+01,2.00084544e+01,2.00418210e+01,2.01201001e+01
2.00000000e+01,2.00101973e+01,2.00491500e+01,2.01382008e+01
2.00000000e+01,2.00079463e+01,2.00398498e+01,2.01155613e+01
2.00000000e+01,2.00086236e+01,2.00425616e+01,2.01219861e+01
2.00000000e+01,2.00085706e+01,2.00427323e+01,2.01231741e+01
2.00000000e+01,2.00086932e+01,2.00432026e+01,2.01242457e+01
2.00000000e+01,2.00072080e+01,2.00368062e+01,2.01081795e+01
2.00000000e+01,2.00087762e+01,2.00436163e+01,2.01253895e+01
2.00000000e+01,2.00073274e+01,2.00372851e+01,2.01093122e+01
2.00000000e+01,2.00089021e+01,2.00440982e+01,2.01264865e+01
2.00000000e+01,2.00074055e+01,2.00376747e+01,2.01103960e+01
2.00000000e+01,2.00075273e+01,2.00381624e+01,2.01115489e+01
2.00000000e+01,2.00168765e+01,2.00753153e+01,2.01994100e+01
2.00000000e+01,2.00192193e+01,2.00837643e+01,2.02179167e+01
2.00000000e+01,2.00137614e+01,2.00631721e+01,2.01710841e+01
2.00000000e+01,2.00168750e+01,2.00753691e+01,2.01996428e+01
2.00000000e+01,2.00157791e+01,2.00706710e+01,2.01878943e+01
2.00000000e+01,2.00190579e+01,2.00832389e+01,2.02168726e+01
2.00000000e+01,2.00138220e+01,2.00634641e+01,2.01718701e+01
2.00000000e+01,2.00157035e+01,2.00704510e+01,2.01875193e+01
2.00000000e+01,2.00137839e+01,2.00640167e+01,2.01744801e+01
2.00000000e+01,2.00150597e+01,2.00686977e+01,2.01848313e+01
2.00000000e+01,2.00111858e+01,2.00534632e+01,2.01491331e+01
2.00000000e+01,2.00139633e+01,2.00647437e+01,2.01762207e+01
2.00000000e+01,2.00122386e+01,2.00574498e+01,2.01581697e+01
2.00000000e+01,2.00151726e+01,2.00691738e+01,2.01860056e+01
2.00000000e+01,2.00113894e+01,2.00543097e+01,2.01512022e+01
2.00000000e+01,2.00123912e+01,2.00580952e+01,2.01597687e+01
2.00000000e+01,2.00128562e+01,2.00606228e+01,2.01670121e+01
2.00000000e+01,2.00130501e+01,2.00613201e+01,2.01685186e+01
2.00000000e+01,2.00103976e+01,2.00504840e+01,2.01424066e+01
2.00000000e+01,2.00130371e+01,2.00613617e+01,2.01687888e+01
2.00000000e+01,2.00105583e+01,2.00510795e+01,2.01437252e+01
2.00000000e+01,2.00132335e+01,2.00620653e+01,2.01703064e+01
2.00000000e+01,2.00106017e+01,2.00513385e+01,2.01445036e+01
2.00000000e+01,2.00107643e+01,2.00519406e+01,2.01458369e+01
2.00000000e+01,2.00265295e+01,2.01113236e+01,2.02806799e+01
2.00000000e+01,2.00293738e+01,2.01208999e+01,2.03005911e+01
2.00000000e+01,2.00211021e+01,2.00913204e+01,2.02359399e+01
2.00000000e+01,2.00262107e+01,2.01102469e+01,2.02784369e+01
2.00000000e+01,2.00237036e+01,2.01003979e+01,2.02553322e+01
2.00000000e+01,2.00288679e+01,2.01192035e+01,2.02970710e+01
2.00000000e+01,2.00209760e+01,2.00909187e+01,2.02351564e+01
2.00000000e+01,2.00234014e+01,2.00993853e+01,2.02532436e+01
2.00000000e+01,2.00222260e+01,2.00966602e+01,2.02499997e+01
2.00000000e+01,2.00240861e+01,2.01030267e+01,2.02633514e+01
2.00000000e+01,2.00174235e+01,2.00783304e+01,2.02080134e+01
2.00000000e+01,2.00221941e+01,2.00965568e+01,2.02497883e+01
2.00000000e+01,2.00189808e+01,2.00838513e+01,2.02199064e+01
2.00000000e+01,2.00239357e+01,2.01025152e+01,2.02622819e+01
2.00000000e+01,2.00175294e+01,2.00787520e+01,2.02090092e+01
2.00000000e+01,2.00189945e+01,2.00839431e+01,2.02201858e+01
2.00000000e+01,2.00206663e+01,2.00912846e+01,2.02386887e+01
2.00000000e+01,2.00210553e+01,2.00926394e+01,2.02415514e+01
2.00000000e+01,2.00161649e+01,2.00738692e+01,2.01984279e+01
2.00000000e+01,2.00206523e+01,2.00912523e+01,2.02386345e+01
2.00000000e+01,2.00164526e+01,2.00748779e+01,2.02005726e+01
2.00000000e+01,2.00210474e+01,2.00926116e+01,2.02414928e+01
2.00000000e+01,2.00162866e+01,2.00743494e+01,2.01995541e+01
2.00000000e+01,2.00165709e+01,2.00753473e+01,2.02016767e+01
2.00000000e+01,2.00112975e+01,2.00532976e+01,2.01475572e+01
2.00000000e+01,2.00130857e+01,2.00601386e+01,2.01632421e+01
2.00000000e+01,2.00094823e+01,2.00458731e+01,2.01295877e+01
2.00000000e+01,2.00109678e+01,2.00517070e+01,2.01432399e+01
2.00000000e+01,2.00090961e+01,2.00447374e+01,2.01277240e+01
2.00000000e+01,2.00099850e+01,2.00482124e+01,2.01358017e+01
2.00000000e+01,2.00076687e+01,2.00386239e+01,2.01124193e+01
2.00000000e+01,2.00084027e+01,2.00415748e+01,2.01194348e+01
2.00000000e+01,2.00084529e+01,2.00422261e+01,2.01219048e+01
2.00000000e+01,2.00085835e+01,2.00427259e+01,2.01230410e+01
2.00000000e+01,2.00070922e+01,2.00362952e+01,2.01068709e+01
2.00000000e+01,2.00072187e+01,2.00368031e+01,2.01080735e+01
2.00000000e+01,2.00169634e+01,2.00755927e+01,2.01999459e+01
2.00000000e+01,2.00193731e+01,2.00842817e+01,2.02189810e+01
2.00000000e+01,2.00137973e+01,2.00632659e+01,2.01712151e+01
2.00000000e+01,2.00158734e+01,2.00709825e+01,2.01885176e+01
2.00000000e+01,2.00137527e+01,2.00638587e+01,2.01740438e+01
2.00000000e+01,2.00150844e+01,2.00687463e+01,2.01848570e+01
2.00000000e+01,2.00111287e+01,2.00532001e+01,2.01484425e+01
2.00000000e+01,2.00122244e+01,2.00573524e+01,2.01578616e+01
2.00000000e+01,2.00127436e+01,2.00601667e+01,2.01659180e+01
2.00000000e+01,2.00129554e+01,2.00609243e+01,2.01675509e+01
2.00000000e+01,2.00102787e+01,2.00499848e+01,2.01411788e+01
2.00000000e+01,2.00104501e+01,2.00506200e+01,2.01425847e+01
2.00000000e+01,2.00268536e+01,2.01124194e+01,2.02829634e+01
2.00000000e+01,2.00297592e+01,2.01221906e+01,2.03032676e+01
2.00000000e+01,2.00212847e+01,2.00919340e+01,2.02372044e+01
2.00000000e+01,2.00239526e+01,2.01012387e+01,2.02570790e+01
2.00000000e+01,2.00223817e+01,2.00971987e+01,2.02511341e+01
2.00000000e+01,2.00243298e+01,2.01038549e+01,2.02650823e+01
2.00000000e+01,2.00174661e+01,2.00784512e+01,2.02082157e+01
2.00000000e+01,2.00190908e+01,2.00842115e+01,2.02206266e+01
2.00000000e+01,2.00206528e+01,2.00912557e+01,2.02386419e+01
2.00000000e+01,2.00211027e+01,2.00927948e+01,2.02418711e+01
2.00000000e+01,2.00160829e+01,2.00735421e+01,2.01976577e+01
2.00000000e+01,2.00163990e+01,2.00746547e+01,2.02000289e+01
2.00000000e+01,2.00406491e+01,2.01614401e+01,2.03897039e+01
2.00000000e+01,2.00431573e+01,2.01692283e+01,2.04049203e+01
2.00000000e+01,2.00322102e+01,2.01319443e+01,2.03262847e+01
2.00000000e+01,2.00389353e+01,2.01557138e+01,2.03778096e+01
2.00000000e+01,2.00347752e+01,2.01402836e+01,2.03431602e+01
2.00000000e+01,2.00412627e+01,2.01630048e+01,2.03921482e+01
2.00000000e+01,2.00312159e+01,2.01285714e+01,2.03192139e+01
2.00000000e+01,2.00335302e+01,2.01361298e+01,2.03345553e+01
2.00000000e+01,2.00361687e+01,2.01473052e+01,2.03617895e+01
2.00000000e+01,2.00382159e+01,2.01538006e+01,2.03746641e+01
2.00000000e+01,2.00280752e+01,2.01183470e+01,2.02985891e+01
2.00000000e+01,2.00349524e+01,2.01430712e+01,2.03527297e+01
2.00000000e+01,2.00299091e+01,2.01244019e+01,2.03109505e+01
2.00000000e+01,2.00367566e+01,2.01488242e+01,2.03641767e+01
2.00000000e+01,2.00275586e+01,2.01165051e+01,2.02945811e+01
2.00000000e+01,2.00291746e+01,2.01218559e+01,2.03055271e+01
2.00000000e+01,2.00341131e+01,2.01406496e+01,2.03483985e+01
2.00000000e+01,2.00347303e+01,2.01427008e+01,2.03525990e+01
2.00000000e+01,2.00262963e+01,2.01124033e+01,2.02863495e+01
2.00000000e+01,2.00330675e+01,2.01369624e+01,2.03404206e+01
2.00000000e+01,2.00268041e+01,2.01141158e+01,2.02899039e+01
2.00000000e+01,2.00336433e+01,2.01388564e+01,2.03442865e+01
2.00000000e+01,2.00259355e+01,2.01110734e+01,2.02833854e+01
2.00000000e+01,2.00263922e+01,2.01126167e+01,2.02865914e+01
2.00000000e+01,2.00663632e+01,2.02469795e+01,2.05672118e+01
2.00000000e+01,2.00674371e+01,2.02494969e+01,2.05709492e+01
2.00000000e+01,2.00518240e+01,2.01992689e+01,2.04691739e+01
2.00000000e+01,2.00618595e+01,2.02326410e+01,2.05383866e+01
2.00000000e+01,2.00538682e+01,2.02051891e+01,2.04801126e+01
2.00000000e+01,2.00632697e+01,2.02363640e+01,2.05447176e+01
2.00000000e+01,2.00489926e+01,2.01900167e+01,2.04502430e+01
2.00000000e+01,2.00510357e+01,2.01960650e+01,2.04616233e+01
2.00000000e+01,2.00627576e+01,2.02370622e+01,2.05496245e+01
2.00000000e+01,2.00646269e+01,2.02423227e+01,2.05591382e+01
2.00000000e+01,2.00474228e+01,2.01861038e+01,2.04441897e+01
2.00000000e+01,2.00583510e+01,2.02227257e+01,2.05203920e+01
2.00000000e+01,2.00495426e+01,2.01924957e+01,2.04563962e+01
2.00000000e+01,2.00600989e+01,2.02277316e+01,2.05295831e+01
2.00000000e+01,2.00450002e+01,2.01779269e+01,2.04270872e+01
2.00000000e+01,2.00468806e+01,2.01836588e+01,2.04381202e+01
2.00000000e+01,2.00604190e+01,2.02300791e+01,2.05364188e+01
2.00000000e+01,2.00611317e+01,2.02323900e+01,2.05409911e+01
2.00000000e+01,2.00449224e+01,2.01783781e+01,2.04291378e+01
2.00000000e+01,2.00561010e+01,2.02160504e+01,2.05077545e+01
2.00000000e+01,2.00457707e+01,2.01810439e+01,2.04344146e+01
2.00000000e+01,2.00569005e+01,2.02184730e+01,2.05124351e+01
2.00000000e+01,2.00427627e+01,2.01709513e+01,2.04134180e+01
2.00000000e+01,2.00434964e+01,2.01732875e+01,2.04180753e+01
2.00000000e+01,2.00853012e+01,2.03070991e+01,2.06878932e+01
2.00000000e+01,2.00845544e+01,2.03037959e+01,2.06800254e+01
2.00000000e+01,2.00784442e+01,2.02858646e+01,2.06460024e+01
2.00000000e+01,2.00785776e+01,2.02854024e+01,2.06438563e+01
2.00000000e+01,2.00839092e+01,2.03046449e+01,2.06855908e+01
2.00000000e+01,2.00849400e+01,2.03069554e+01,2.06889406e+01
2.00000000e+01,2.00764878e+01,2.02813214e+01,2.06392008e+01
2.00000000e+01,2.00776209e+01,2.02841392e+01,2.06437656e+01
2.00000000e+01,2.00818936e+01,2.02993734e+01,2.06765112e+01
2.00000000e+01,2.00827561e+01,2.03016928e+01,2.06806516e+01
2.00000000e+01,2.00746555e+01,2.02763367e+01,2.06303889e+01
2.00000000e+01,2.00753115e+01,2.02782059e+01,2.06338220e+01
2.00000000e+01,2.00434760e+01,2.01707939e+01,2.04090037e+01
2.00000000e+01,2.00461515e+01,2.01789929e+01,2.04248675e+01
2.00000000e+01,2.00338763e+01,2.01375543e+01,2.03379833e+01
2.00000000e+01,2.00423226e+01,2.01669760e+01,2.04011181e+01
2.00000000e+01,2.00367451e+01,2.01468189e+01,2.03566504e+01
2.00000000e+01,2.00448838e+01,2.01748613e+01,2.04164281e+01
2.00000000e+01,2.00332300e+01,2.01353741e+01,2.03334284e+01
2.00000000e+01,2.00359283e+01,2.01441104e+01,2.03510594e+01
2.00000000e+01,2.00382410e+01,2.01544074e+01,2.03768241e+01
2.00000000e+01,2.00406752e+01,2.01620882e+01,2.03919826e+01
2.00000000e+01,2.00290140e+01,2.01216423e+01,2.03056747e+01
2.00000000e+01,2.00374576e+01,2.01517211e+01,2.03711186e+01
2.00000000e+01,2.00311981e+01,2.01288212e+01,2.03202890e+01
2.00000000e+01,2.00397191e+01,2.01588515e+01,2.03851937e+01
2.00000000e+01,2.00287151e+01,2.01205747e+01,2.03033475e+01
2.00000000e+01,2.00307384e+01,2.01272356e+01,2.03169199e+01
2.00000000e+01,2.00357281e+01,2.01462695e+01,2.03604727e+01
2.00000000e+01,2.00364442e+01,2.01487181e+01,2.03655368e+01
2.00000000e+01,2.00268465e+01,2.01144237e+01,2.02908400e+01
2.00000000e+01,2.00349655e+01,2.01437100e+01,2.03550584e+01
2.00000000e+01,2.00274770e+01,2.01165385e+01,2.02952181e+01
2.00000000e+01,2.00357555e+01,2.01462798e+01,2.03602731e+01
2.00000000e+01,2.00266169e+01,2.01135742e+01,2.02889469e+01
2.00000000e+01,2.00272160e+01,2.01155963e+01,2.02931442e+01
2.00000000e+01,2.00737239e+01,2.02701016e+01,2.06132977e+01
2.00000000e+01,2.00740363e+01,2.02700877e+01,2.06118270e+01
2.00000000e+01,2.00564488e+01,2.02142078e+01,2.04995055e+01
2.00000000e+01,2.00705055e+01,2.02600218e+01,2.05932340e+01
2.00000000e+01,2.00583437e+01,2.02194768e+01,2.05089034e+01
2.00000000e+01,2.00711457e+01,2.02610826e+01,2.05939637e+01
2.00000000e+01,2.00544966e+01,2.02079006e+01,2.04866931e+01
2.00000000e+01,2.00564137e+01,2.02133227e+01,2.04965080e+01
2.00000000e+01,2.00701055e+01,2.02605106e+01,2.05968510e+01
2.00000000e+01,2.00721012e+01,2.02660545e+01,2.06067353e+01
2.00000000e+01,2.00514373e+01,2.01994555e+01,2.04718298e+01
2.00000000e+01,2.00669085e+01,2.02504179e+01,2.05766163e+01
2.00000000e+01,2.00539562e+01,2.02069450e+01,2.04859981e+01
2.00000000e+01,2.00689016e+01,2.02558956e+01,2.05863598e+01
2.00000000e+01,2.00498392e+01,2.01941135e+01,2.04607332e+01
2.00000000e+01,2.00521350e+01,2.02009773e+01,2.04737580e+01
2.00000000e+01,2.00674434e+01,2.02523372e+01,2.05812728e+01
2.00000000e+01,2.00678777e+01,2.02543238e+01,2.05856153e+01
2.00000000e+01,2.00482183e+01,2.01896155e+01,2.04527752e+01
2.00000000e+01,2.00637985e+01,2.02414246e+01,2.05598436e+01
2.00000000e+01,2.00493937e+01,2.01932348e+01,2.04598701e+01
2.00000000e+01,2.00650466e+01,2.02450633e+01,2.05667392e+01
2.00000000e+01,2.00468429e+01,2.01848833e+01,2.04427953e+01
2.00000000e+01,2.00478567e+01,2.01880872e+01,2.04491451e+01
2.00000000e+01,2.00966281e+01,2.03416741e+01,2.07554879e+01
2.00000000e+01,2.00941179e+01,2.03328981e+01,2.07368711e+01
2.00000000e+01,2.00915917e+01,2.03263298e+01,2.07255237e+01
2.00000000e+01,2.00898693e+01,2.03200004e+01,2.07117095e+01
2.00000000e+01,2.00964777e+01,2.03434129e+01,2.07617523e+01
2.00000000e+01,2.00972823e+01,2.03447558e+01,2.07629419e+01
2.00000000e+01,2.00910140e+01,2.03265514e+01,2.07286370e+01
2.00000000e+01,2.00917904e+01,2.03279944e+01,2.07301920e+01
2.00000000e+01,2.00936147e+01,2.03361643e+01,2.07494133e+01
2.00000000e+01,2.00953215e+01,2.03405058e+01,2.07570057e+01
2.00000000e+01,2.00888197e+01,2.03208034e+01,2.07187779e+01
2.00000000e+01,2.00896651e+01,2.03232102e+01,2.07231712e+01
2.00000000e+01,2.00445745e+01,2.01743927e+01,2.04163904e+01
2.00000000e+01,2.00472766e+01,2.01826470e+01,2.04323134e+01
2.00000000e+01,2.00345060e+01,2.01396674e+01,2.03423806e+01
2.00000000e+01,2.00443607e+01,2.01736971e+01,2.04149548e+01
2.00000000e+01,2.00374789e+01,2.01492438e+01,2.03616451e+01
2.00000000e+01,2.00470259e+01,2.01818239e+01,2.04306234e+01
2.00000000e+01,2.00344285e+01,2.01393973e+01,2.03418022e+01
2.00000000e+01,2.00373308e+01,2.01487518e+01,2.03606264e+01
2.00000000e+01,2.00391005e+01,2.01572577e+01,2.03827674e+01
2.00000000e+01,2.00416137e+01,2.01652476e+01,2.03985729e+01
2.00000000e+01,2.00293675e+01,2.01228832e+01,2.03083400e+01
2.00000000e+01,2.00389314e+01,2.01567767e+01,2.03818112e+01
2.00000000e+01,2.00316902e+01,2.01305002e+01,2.03238266e+01
2.00000000e+01,2.00415040e+01,2.01648346e+01,2.03976553e+01
2.00000000e+01,2.00293947e+01,2.01229469e+01,2.03084316e+01
2.00000000e+01,2.00316682e+01,2.01304132e+01,2.03236201e+01
2.00000000e+01,2.00364715e+01,2.01486635e+01,2.03654441e+01
2.00000000e+01,2.00370494e+01,2.01509013e+01,2.03702725e+01
2.00000000e+01,2.00270768e+01,2.01152766e+01,2.02927403e+01
2.00000000e+01,2.00360159e+01,2.01474678e+01,2.03632118e+01
2.00000000e+01,2.00277524e+01,2.01175208e+01,2.02973632e+01
2.00000000e+01,2.00370056e+01,2.01506130e+01,2.03695315e+01
2.00000000e+01,2.00270230e+01,2.01150503e+01,2.02922133e+01
2.00000000e+01,2.00276991e+01,2.01173338e+01,2.02969507e+01
2.00000000e+01,2.00765902e+01,2.02789052e+01,2.06306406e+01
2.00000000e+01,2.00764746e+01,2.02776584e+01,2.06268066e+01
2.00000000e+01,2.00581828e+01,2.02197746e+01,2.05107599e+01
2.00000000e+01,2.00757986e+01,2.02765769e+01,2.06261318e+01
2.00000000e+01,2.00600162e+01,2.02247810e+01,2.05195495e+01
2.00000000e+01,2.00758836e+01,2.02757945e+01,2.06230877e+01
2.00000000e+01,2.00578326e+01,2.02186201e+01,2.05083870e+01
2.00000000e+01,2.00596148e+01,2.02235021e+01,2.05169718e+01
2.00000000e+01,2.00733345e+01,2.02701303e+01,2.06156004e+01
2.00000000e+01,2.00747747e+01,2.02745594e+01,2.06237658e+01
2.00000000e+01,2.00528854e+01,2.02042749e+01,2.04817855e+01
2.00000000e+01,2.00720553e+01,2.02668755e+01,2.06097366e+01
2.00000000e+01,2.00556218e+01,2.02123405e+01,2.04969802e+01
2.00000000e+01,2.00743362e+01,2.02730075e+01,2.06205067e+01
2.00000000e+01,2.00527443e+01,2.02036903e+01,2.04804553e+01
2.00000000e+01,2.00553159e+01,2.02113347e+01,2.04949001e+01
2.00000000e+01,2.00712877e+01,2.02629517e+01,2.06013013e+01
2.00000000e+01,2.00698166e+01,2.02610768e+01,2.05996797e+01
2.00000000e+01,2.00492989e+01,2.01933676e+01,2.04607053e+01
2.00000000e+01,2.00679671e+01,2.02553272e+01,2.05883858e+01
2.00000000e+01,2.00507515e+01,2.01977039e+01,2.04690970e+01
2.00000000e+01,2.00700598e+01,2.02610285e+01,2.05988762e+01
2.00000000e+01,2.00492153e+01,2.01928377e+01,2.04593930e+01
2.00000000e+01,2.00504058e+01,2.01966370e+01,2.04669483e+01
2.00000000e+01,2.01009716e+01,2.03548396e+01,2.07811034e+01
2.00000000e+01,2.00977609e+01,2.03438921e+01,2.07582445e+01
2.00000000e+01,2.00999178e+01,2.03515606e+01,2.07746419e+01
2.00000000e+01,2.00967889e+01,2.03409558e+01,2.07525288e+01
2.00000000e+01,2.01010486e+01,2.03576455e+01,2.07897362e+01
2.00000000e+01,2.01021816e+01,2.03595126e+01,2.07915545e+01
2.00000000e+01,2.01004884e+01,2.03553670e+01,2.07848012e+01
2.00000000e+01,2.01008944e+01,2.03556728e+01,2.07841271e+01
2.00000000e+01,2.00971678e+01,2.03480632e+01,2.07734840e+01
2.00000000e+01,2.01007035e+01,2.03564252e+01,2.07876439e+01
2.00000000e+01,2.00981508e+01,2.03490984e+01,2.07739322e+01
2.00000000e+01,2.00988613e+01,2.03514358e+01,2.07784351e+01
2.00000000e+01,2.00434760e+01,2.01707939e+01,2.04090037e+01
2.00000000e+01,2.00461515e+01,2.01789928e+01,2.04248674e+01
2.00000000e+01,2.00338763e+01,2.01375542e+01,2.03379833e+01
2.00000000e+01,2.00443606e+01,2.01736971e+01,2.04149548e+01
2.00000000e+01,2.00367451e+01,2.01468189e+01,2.03566504e+01
2.00000000e+01,2.00470259e+01,2.01818239e+01,2.04306233e+01
2.00000000e+01,2.00344285e+01,2.01393973e+01,2.03418022e+01
2.00000000e+01,2.00373308e+01,2.01487518e+01,2.03606264e+01
2.00000000e+01,2.00382410e+01,2.01544074e+01,2.03768241e+01
2.00000000e+01,2.00406752e+01,2.01620881e+01,2.03919826e+01
2.00000000e+01,2.00290140e+01,2.01216423e+01,2.03056746e+01
2.00000000e+01,2.00389314e+01,2.01567767e+01,2.03818111e+01
2.00000000e+01,2.00311981e+01,2.01288212e+01,2.03202890e+01
2.00000000e+01,2.00415040e+01,2.01648346e+01,2.03976553e+01
2.00000000e+01,2.00293947e+01,2.01229469e+01,2.03084316e+01
2.00000000e+01,2.00316682e+01,2.01304132e+01,2.03236201e+01
2.00000000e+01,2.00357281e+01,2.01462695e+01,2.03604727e+01
2.00000000e+01,2.00364442e+01,2.01487181e+01,2.03655368e+01
2.00000000e+01,2.00268465e+01,2.01144237e+01,2.02908400e+01
2.00000000e+01,2.00360159e+01,2.01474678e+01,2.03632118e+01
2.00000000e+01,2.00274770e+01,2.01165385e+01,2.02952181e+01
2.00000000e+01,2.00370055e+01,2.01506130e+01,2.03695315e+01
2.00000000e+01,2.00270230e+01,2.01150503e+01,2.02922133e+01
2.00000000e+01,2.00276991e+01,2.01173338e+01,2.02969507e+01
2.00000000e+01,2.00737238e+01,2.02701016e+01,2.06132976e+01
2.00000000e+01,2.00740362e+01,2.02700878e+01,2.06118270e+01
2.00000000e+01,2.00564487e+01,2.02142078e+01,2.04995054e+01
2.00000000e+01,2.00757985e+01,2.02765768e+01,2.06261318e+01
2.00000000e+01,2.00583436e+01,2.02194769e+01,2.05089034e+01
2.00000000e+01,2.00758835e+01,2.02757945e+01,2.06230877e+01
2.00000000e+01,2.00578326e+01,2.02186201e+01,2.05083870e+01
2.00000000e+01,2.00596147e+01,2.02235021e+01,2.05169718e+01
2.00000000e+01,2.00701054e+01,2.02605105e+01,2.05968509e+01
2.00000000e+01,2.00721011e+01,2.02660545e+01,2.06067353e+01
2.00000000e+01,2.00514372e+01,2.01994555e+01,2.04718297e+01
2.00000000e+01,2.00720553e+01,2.02668755e+01,2.06097366e+01
2.00000000e+01,2.00539562e+01,2.02069450e+01,2.04859981e+01
2.00000000e+01,2.00743362e+01,2.02730075e+01,2.06205066e+01
2.00000000e+01,2.00527443e+01,2.02036903e+01,2.04804552e+01
2.00000000e+01,2.00553159e+01,2.02113347e+01,2.04949001e+01
2.00000000e+01,2.00674433e+01,2.02523372e+01,2.05812727e+01
2.00000000e+01,2.00678776e+01,2.02543238e+01,2.05856152e+01
2.00000000e+01,2.00482183e+01,2.01896155e+01,2.04527751e+01
2.00000000e+01,2.00679671e+01,2.02553272e+01,2.05883858e+01
2.00000000e+01,2.00493937e+01,2.01932348e+01,2.04598701e+01
2.00000000e+01,2.00700598e+01,2.02610285e+01,2.05988761e+01
2.00000000e+01,2.00492152e+01,2.01928377e+01,2.04593930e+01
2.00000000e+01,2.00504058e+01,2.01966370e+01,2.04669482e+01
2.00000000e+01,2.00966281e+01,2.03416742e+01,2.07554879e+01
2.00000000e+01,2.00941179e+01,2.03328983e+01,2.07368711e+01
2.00000000e+01,2.00999178e+01,2.03515606e+01,2.07746419e+01
2.00000000e+01,2.00967889e+01,2.03409559e+01,2.07525288e+01
2.00000000e+01,2.00964776e+01,2.03434129e+01,2.07617522e+01
2.00000000e+01,2.00972822e+01,2.03447559e+01,2.07629418e+01
2.00000000e+01,2.01004883e+01,2.03553671e+01,2.07848012e+01
2.00000000e+01,2.01008943e+01,2.03556728e+01,2.07841270e+01
2.00000000e+01,2.00936146e+01,2.03361643e+01,2.07494131e+01
2.00000000e+01,2.00953214e+01,2.03405058e+01,2.07570056e+01
2.00000000e+01,2.00981507e+01,2.03490984e+01,2.07739321e+01
2.00000000e+01,2.00988613e+01,2.03514358e+01,2.07784351e+01
2.00000000e+01,2.00406490e+01,2.01614401e+01,2.03897039e+01
2.00000000e+01,2.00431573e+01,2.01692283e+01,2.04049202e+01
2.00000000e+01,2.00322101e+01,2.01319443e+01,2.03262847e+01
2.00000000e+01,2.00423226e+01,2.01669760e+01,2.04011181e+01
2.00000000e+01,2.00347752e+01,2.01402836e+01,2.03431601e+01
2.00000000e+01,2.00448837e+01,2.01748613e+01,2.04164281e+01
2.00000000e+01,2.00332299e+01,2.01353741e+01,2.03334284e+01
2.00000000e+01,2.00359282e+01,2.01441104e+01,2.03510594e+01
2.00000000e+01,2.00361686e+01,2.01473052e+01,2.03617895e+01
2.00000000e+01,2.00382159e+01,2.01538006e+01,2.03746641e+01
2.00000000e+01,2.00280751e+01,2.01183470e+01,2.02985891e+01
2.00000000e+01,2.00374575e+01,2.01517211e+01,2.03711185e+01
2.00000000e+01,2.00299091e+01,2.01244019e+01,2.03109505e+01
2.00000000e+01,2.00397191e+01,2.01588515e+01,2.03851937e+01
2.00000000e+01,2.00287150e+01,2.01205747e+01,2.03033475e+01
2.00000000e+01,2.00307384e+01,2.01272356e+01,2.03169198e+01
2.00000000e+01,2.00341130e+01,2.01406496e+01,2.03483984e+01
2.00000000e+01,2.00347302e+01,2.01427008e+01,2.03525989e+01
2.00000000e+01,2.00262962e+01,2.01124033e+01,2.02863494e+01
2.00000000e+01,2.00349655e+01,2.01437100e+01,2.03550583e+01
2.00000000e+01,2.00268040e+01,2.01141158e+01,2.02899039e+01
2.00000000e+01,2.00357554e+01,2.01462798e+01,2.03602731e+01
2.00000000e+01,2.00266169e+01,2.01135742e+01,2.02889469e+01
2.00000000e+01,2.00272160e+01,2.01155963e+01,2.02931442e+01
2.00000000e+01,2.00663631e+01,2.02469796e+01,2.05672117e+01
2.00000000e+01,2.00674370e+01,2.02494970e+01,2.05709491e+01
2.00000000e+01,2.00518239e+01,2.01992690e+01,2.04691738e+01
2.00000000e+01,2.00705054e+01,2.02600219e+01,2.05932340e+01
2.00000000e+01,2.00538682e+01,2.02051892e+01,2.04801126e+01
2.00000000e+01,2.00711456e+01,2.02610827e+01,2.05939638e+01
2.00000000e+01,2.00544965e+01,2.02079006e+01,2.04866931e+01
2.00000000e+01,2.00564136e+01,2.02133227e+01,2.04965080e+01
2.00000000e+01,2.00627575e+01,2.02370623e+01,2.05496244e+01
2.00000000e+01,2.00646268e+01,2.02423227e+01,2.05591380e+01
2.00000000e+01,2.00474228e+01,2.01861038e+01,2.04441896e+01
2.00000000e+01,2.00669084e+01,2.02504180e+01,2.05766162e+01
2.00000000e+01,2.00495425e+01,2.01924957e+01,2.04563961e+01
2.00000000e+01,2.00689015e+01,2.02558956e+01,2.05863598e+01
2.00000000e+01,2.00498391e+01,2.01941135e+01,2.04607331e+01
2.00000000e+01,2.00521349e+01,2.02009774e+01,2.04737579e+01
2.00000000e+01,2.00604188e+01,2.02300791e+01,2.05364186e+01
2.00000000e+01,2.00611316e+01,2.02323900e+01,2.05409909e+01
2.00000000e+01,2.00449223e+01,2.01783781e+01,2.04291377e+01
2.00000000e+01,2.00637984e+01,2.02414246e+01,2.05598435e+01
2.00000000e+01,2.00457706e+01,2.01810439e+01,2.04344145e+01
2.00000000e+01,2.00650465e+01,2.02450633e+01,2.05667391e+01
2.00000000e+01,2.00468429e+01,2.01848832e+01,2.04427952e+01
2.00000000e+01,2.00478566e+01,2.01880872e+01,2.04491451e+01
2.00000000e+01,2.00853010e+01,2.03070992e+01,2.06878930e+01
2.00000000e+01,2.00845542e+01,2.03037961e+01,2.06800254e+01
2.00000000e+01,2.00915916e+01,2.03263299e+01,2.07255237e+01
2.00000000e+01,2.00898692e+01,2.03200005e+01,2.07117096e+01
2.00000000e+01,2.00839090e+01,2.03046449e+01,2.06855906e+01
2.00000000e+01,2.00849399e+01,2.03069555e+01,2.06889404e+01
2.00000000e+01,2.00910138e+01,2.03265514e+01,2.07286368e+01
2.00000000e+01,2.00917903e+01,2.03279945e+01,2.07301919e+01
2.00000000e+01,2.00818935e+01,2.02993734e+01,2.06765110e+01
2.00000000e+01,2.00827559e+01,2.03016928e+01,2.06806514e+01
2.00000000e+01,2.00888195e+01,2.03208034e+01,2.07187777e+01
2.00000000e+01,2.00896649e+01,2.03232103e+01,2.07231710e+01
2.00000000e+01,2.00389352e+01,2.01557138e+01,2.03778096e+01
2.00000000e+01,2.00412626e+01,2.01630048e+01,2.03921481e+01
2.00000000e+01,2.00312158e+01,2.01285714e+01,2.03192139e+01
2.00000000e+01,2.00335302e+01,2.01361298e+01,2.03345553e+01
2.00000000e+01,2.00349523e+01,2.01430712e+01,2.03527296e+01
2.00000000e+01,2.00367565e+01,2.01488242e+01,2.03641767e+01
2.00000000e+01,2.00275586e+01,2.01165052e+01,2.02945810e+01
2.00000000e+01,2.00291745e+01,2.01218559e+01,2.03055270e+01
2.00000000e+01,2.00330674e+01,2.01369624e+01,2.03404206e+01
2.00000000e+01,2.00336432e+01,2.01388565e+01,2.03442864e+01
2.00000000e+01,2.00259355e+01,2.01110734e+01,2.02833854e+01
2.00000000e+01,2.00263921e+01,2.01126167e+01,2.02865914e+01
2.00000000e+01,2.00618594e+01,2.02326410e+01,2.05383865e+01
2.00000000e+01,2.00632696e+01,2.02363641e+01,2.05447176e+01
2.00000000e+01,2.00489925e+01,2.01900168e+01,2.04502430e+01
2.00000000e+01,2.00510357e+01,2.01960650e+01,2.04616232e+01
2.00000000e+01,2.00583509e+01,2.02227257e+01,2.05203919e+01
2.00000000e+01,2.00600988e+01,2.02277317e+01,2.05295830e+01
2.00000000e+01,2.00450002e+01,2.01779269e+01,2.04270872e+01
2.00000000e+01,2.00468805e+01,2.01836589e+01,2.04381202e+01
2.00000000e+01,2.00561009e+01,2.02160504e+01,2.05077544e+01
2.00000000e+01,2.00569004e+01,2.02184730e+01,2.05124349e+01
2.00000000e+01,2.00427626e+01,2.01709513e+01,2.04134179e+01
2.00000000e+01,2.00434963e+01,2.01732875e+01,2.04180752e+01
2.00000000e+01,2.00784440e+01,2.02858648e+01,2.06460023e+01
2.00000000e+01,2.00785775e+01,2.02854026e+01,2.06438563e+01
2.00000000e+01,2.00764877e+01,2.02813215e+01,2.06392006e+01
2.00000000e+01,2.00776208e+01,2.02841393e+01,2.06437654e+01
2.00000000e+01,2.00746553e+01,2.02763367e+01,2.06303887e+01
2.00000000e+01,2.00753113e+01,2.02782060e+01,2.06338218e+01
2.00000000e+01,2.00090736e+01,2.00448889e+01,2.01285676e+01
2.00000000e+01,2.00096063e+01,2.00469536e+01,2.01333250e+01
2.00000000e+01,2.00076904e+01,2.00389222e+01,2.01135690e+01
2.00000000e+01,2.00094595e+01,2.00465313e+01,2.01326521e+01
2.00000000e+01,2.00091857e+01,2.00453170e+01,2.01295399e+01
2.00000000e+01,2.00081718e+01,2.00408499e+01,2.01181304e+01
2.00000000e+01,2.00099683e+01,2.00484917e+01,2.01371469e+01
2.00000000e+01,2.00080646e+01,2.00405504e+01,2.01176900e+01
2.00000000e+01,2.00078002e+01,2.00393600e+01,2.01146007e+01
2.00000000e+01,2.00095670e+01,2.00469389e+01,2.01335729e+01
2.00000000e+01,2.00085197e+01,2.00423600e+01,2.01219471e+01
2.00000000e+01,2.00081683e+01,2.00409606e+01,2.01186505e+01
2.00000000e+01,2.00114575e+01,2.00541086e+01,2.01498166e+01
2.00000000e+01,2.00103550e+01,2.00498600e+01,2.01400418e+01
2.00000000e+01,2.00097037e+01,2.00469307e+01,2.01324463e+01
2.00000000e+01,2.00116182e+01,2.00548375e+01,2.01517136e+01
2.00000000e+01,2.00087935e+01,2.00433296e+01,2.01239869e+01
2.00000000e+01,2.00106422e+01,2.00510925e+01,2.01431294e+01
2.00000000e+01,2.00098857e+01,2.00477529e+01,2.01345864e+01
2.00000000e+01,2.00090795e+01,2.00445785e+01,2.01271599e+01
2.00000000e+01,2.00129474e+01,2.00597925e+01,2.01628092e+01
2.00000000e+01,2.00109410e+01,2.00517729e+01,2.01437377e+01
2.00000000e+01,2.00129209e+01,2.00597926e+01,2.01630100e+01
2.00000000e+01,2.00109671e+01,2.00519712e+01,2.01443935e+01
2.00000000e+01,2.00132915e+01,2.00623943e+01,2.01712636e+01
2.00000000e+01,2.00140984e+01,2.00653349e+01,2.01777150e+01
2.00000000e+01,2.00108935e+01,2.00525559e+01,2.01474839e+01
2.00000000e+01,2.00136062e+01,2.00636684e+01,2.01743100e+01
2.00000000e+01,2.00134633e+01,2.00630095e+01,2.01725901e+01
2.00000000e+01,2.00115847e+01,2.00551546e+01,2.01533273e+01
2.00000000e+01,2.00143761e+01,2.00664655e+01,2.01804328e+01
2.00000000e+01,2.00112648e+01,2.00540983e+01,2.01512473e+01
2.00000000e+01,2.00110375e+01,2.00530874e+01,2.01486586e+01
2.00000000e+01,2.00137717e+01,2.00642591e+01,2.01755815e+01
2.00000000e+01,2.00119202e+01,2.00565503e+01,2.01567394e+01
2.00000000e+01,2.00114018e+01,2.00546017e+01,2.01523552e+01
2.00000000e+01,2.00167600e+01,2.00750341e+01,2.01990657e+01
2.00000000e+01,2.00151982e+01,2.00693566e+01,2.01865836e+01
2.00000000e+01,2.00138131e+01,2.00635210e+01,2.01721771e+01
2.00000000e+01,2.00167416e+01,2.00750648e+01,2.01993215e+01
2.00000000e+01,2.00124986e+01,2.00585988e+01,2.01611033e+01
2.00000000e+01,2.00153604e+01,2.00700540e+01,2.01883260e+01
2.00000000e+01,2.00139027e+01,2.00639659e+01,2.01733933e+01
2.00000000e+01,2.00127399e+01,2.00596255e+01,2.01636565e+01
2.00000000e+01,2.00187747e+01,2.00822958e+01,2.02149542e+01
2.00000000e+01,2.00155454e+01,2.00699485e+01,2.01865570e+01
2.00000000e+01,2.00185117e+01,2.00814383e+01,2.02132496e+01
2.00000000e+01,2.00154208e+01,2.00695868e+01,2.01859432e+01
2.00000000e+01,2.00206527e+01,2.00912519e+01,2.02386329e+01
2.00000000e+01,2.00219679e+01,2.00957813e+01,2.02481608e+01
2.00000000e+01,2.00164545e+01,2.00750130e+01,2.02011109e+01
2.00000000e+01,2.00206467e+01,2.00912368e+01,2.02386066e+01
2.00000000e+01,2.00209856e+01,2.00924025e+01,2.02410569e+01
2.00000000e+01,2.00175267e+01,2.00788064e+01,2.02092492e+01
2.00000000e+01,2.00218804e+01,2.00954837e+01,2.02475383e+01
2.00000000e+01,2.00166542e+01,2.00757994e+01,2.02029515e+01
2.00000000e+01,2.00167005e+01,2.00758748e+01,2.02029416e+01
2.00000000e+01,2.00209610e+01,2.00923195e+01,2.02408843e+01
2.00000000e+01,2.00176688e+01,2.00793863e+01,2.02106424e+01
2.00000000e+01,2.00168889e+01,2.00766219e+01,2.02046998e+01
2.00000000e+01,2.00256339e+01,2.01082933e+01,2.02743625e+01
2.00000000e+01,2.00235441e+01,2.01011807e+01,2.02594894e+01
2.00000000e+01,2.00206749e+01,2.00899179e+01,2.02331180e+01
2.00000000e+01,2.00251235e+01,2.01065619e+01,2.02707484e+01
2.00000000e+01,2.00188566e+01,2.00835164e+01,2.02193837e+01
2.00000000e+01,2.00232767e+01,2.01002685e+01,2.02575792e+01
2.00000000e+01,2.00204590e+01,2.00892253e+01,2.02317581e+01
2.00000000e+01,2.00188524e+01,2.00835718e+01,2.02196374e+01
2.00000000e+01,2.00281184e+01,2.01166852e+01,2.02918406e+01
2.00000000e+01,2.00229255e+01,2.00977801e+01,2.02499155e+01
2.00000000e+01,2.00273312e+01,2.01140341e+01,2.02863275e+01
2.00000000e+01,2.00224455e+01,2.00961671e+01,2.02465858e+01
2.00000000e+01,2.00085706e+01,2.00427323e+01,2.01231741e+01
2.00000000e+01,2.00091683e+01,2.00450644e+01,2.01285751e+01
2.00000000e+01,2.00072080e+01,2.00368062e+01,2.01081795e+01
2.00000000e+01,2.00087762e+01,2.00436162e+01,2.01253895e+01
2.00000000e+01,2.00086932e+01,2.00432026e+01,2.01242457e+01
2.00000000e+01,2.00077467e+01,2.00389791e+01,2.01133504e+01
2.00000000e+01,2.00093792e+01,2.00459630e+01,2.01308142e+01
2.00000000e+01,2.00074055e+01,2.00376747e+01,2.01103960e+01
2.00000000e+01,2.00073274e+01,2.00372851e+01,2.01093122e+01
2.00000000e+01,2.00089020e+01,2.00440982e+01,2.01264864e+01
2.00000000e+01,2.00079463e+01,2.00398498e+01,2.01155613e+01
2.00000000e+01,2.00075273e+01,2.00381624e+01,2.01115488e+01
2.00000000e+01,2.00112961e+01,2.00533315e+01,2.01477152e+01
2.00000000e+01,2.00100238e+01,2.00484059e+01,2.01363366e+01
2.00000000e+01,2.00095016e+01,2.00459864e+01,2.01299305e+01
2.00000000e+01,2.00113960e+01,2.00537817e+01,2.01488827e+01
2.00000000e+01,2.00084544e+01,2.00418210e+01,2.01201001e+01
2.00000000e+01,2.00101973e+01,2.00491499e+01,2.01382008e+01
2.00000000e+01,2.00096116e+01,2.00464827e+01,2.01312222e+01
2.00000000e+01,2.00086236e+01,2.00425615e+01,2.01219861e+01
2.00000000e+01,2.00130335e+01,2.00599769e+01,2.01629462e+01
2.00000000e+01,2.00109439e+01,2.00516487e+01,2.01431749e+01
2.00000000e+01,2.00130173e+01,2.00599754e+01,2.01630620e+01
2.00000000e+01,2.00109588e+01,2.00517637e+01,2.01435578e+01
2.00000000e+01,2.00128562e+01,2.00606227e+01,2.01670120e+01
2.00000000e+01,2.00137839e+01,2.00640167e+01,2.01744800e+01
2.00000000e+01,2.00103975e+01,2.00504840e+01,2.01424066e+01
2.00000000e+01,2.00130371e+01,2.00613617e+01,2.01687888e+01
2.00000000e+01,2.00130501e+01,2.00613201e+01,2.01685185e+01
2.00000000e+01,2.00111858e+01,2.00534631e+01,2.01491330e+01
2.00000000e+01,2.00139633e+01,2.00647437e+01,2.01762206e+01
2.00000000e+01,2.00106017e+01,2.00513385e+01,2.01445036e+01
2.00000000e+01,2.00105583e+01,2.00510795e+01,2.01437252e+01
2.00000000e+01,2.00132335e+01,2.00620652e+01,2.01703064e+01
2.00000000e+01,2.00113894e+01,2.00543097e+01,2.01512022e+01
2.00000000e+01,2.00107643e+01,2.00519406e+01,2.01458368e+01
2.00000000e+01,2.00168764e+01,2.00753152e+01,2.01994099e+01
2.00000000e+01,2.00150596e+01,2.00686976e+01,2.01848313e+01
2.00000000e+01,2.00137614e+01,2.00631720e+01,2.01710840e+01
2.00000000e+01,2.00168750e+01,2.00753690e+01,2.01996427e+01
2.00000000e+01,2.00122386e+01,2.00574498e+01,2.01581697e+01
2.00000000e+01,2.00151726e+01,2.00691737e+01,2.01860055e+01
2.00000000e+01,2.00138220e+01,2.00634640e+01,2.01718700e+01
2.00000000e+01,2.00123912e+01,2.00580951e+01,2.01597687e+01
2.00000000e+01,2.00192193e+01,2.00837641e+01,2.02179166e+01
2.00000000e+01,2.00157791e+01,2.00706710e+01,2.01878943e+01
2.00000000e+01,2.00190579e+01,2.00832388e+01,2.02168725e+01
2.00000000e+01,2.00157034e+01,2.00704509e+01,2.01875193e+01
2.00000000e+01,2.00206663e+01,2.00912845e+01,2.02386886e+01
2.00000000e+01,2.00222260e+01,2.00966601e+01,2.02499996e+01
2.00000000e+01,2.00161648e+01,2.00738691e+01,2.01984279e+01
2.00000000e+01,2.00206523e+01,2.00912522e+01,2.02386344e+01
2.00000000e+01,2.00210552e+01,2.00926393e+01,2.02415513e+01
2.00000000e+01,2.00174235e+01,2.00783303e+01,2.02080134e+01
2.00000000e+01,2.00221941e+01,2.00965567e+01,2.02497882e+01
2.00000000e+01,2.00162866e+01,2.00743493e+01,2.01995540e+01
2.00000000e+01,2.00164526e+01,2.00748779e+01,2.02005725e+01
2.00000000e+01,2.00210474e+01,2.00926115e+01,2.02414927e+01
2.00000000e+01,2.00175294e+01,2.00787520e+01,2.02090091e+01
2.00000000e+01,2.00165709e+01,2.00753472e+01,2.02016766e+01
2.00000000e+01,2.00265295e+01,2.01113234e+01,2.02806798e+01
2.00000000e+01,2.00240860e+01,2.01030266e+01,2.02633513e+01
2.00000000e+01,2.00211020e+01,2.00913202e+01,2.02359398e+01
2.00000000e+01,2.00262107e+01,2.01102467e+01,2.02784368e+01
2.00000000e+01,2.00189808e+01,2.00838512e+01,2.02199063e+01
2.00000000e+01,2.00239357e+01,2.01025151e+01,2.02622818e+01
2.00000000e+01,2.00209759e+01,2.00909186e+01,2.02351563e+01
2.00000000e+01,2.00189945e+01,2.00839430e+01,2.02201858e+01
2.00000000e+01,2.00293737e+01,2.01208998e+01,2.03005910e+01
2.00000000e+01,2.00237035e+01,2.01003978e+01,2.02553321e+01
2.00000000e+01,2.00288679e+01,2.01192034e+01,2.02970710e+01
2.00000000e+01,2.00234014e+01,2.00993852e+01,2.02532436e+01
2.00000000e+01,2.00084197e+01,2.00420815e+01,2.01215381e+01
2.00000000e+01,2.00090348e+01,2.00444841e+01,2.01271075e+01
2.00000000e+01,2.00070564e+01,2.00361378e+01,2.01064698e+01
2.00000000e+01,2.00084529e+01,2.00422261e+01,2.01219048e+01
2.00000000e+01,2.00085433e+01,2.00425559e+01,2.01226196e+01
2.00000000e+01,2.00076116e+01,2.00383807e+01,2.01118131e+01
2.00000000e+01,2.00090960e+01,2.00447374e+01,2.01277240e+01
2.00000000e+01,2.00070922e+01,2.00362952e+01,2.01068708e+01
2.00000000e+01,2.00071772e+01,2.00366215e+01,2.01076117e+01
2.00000000e+01,2.00085835e+01,2.00427259e+01,2.01230410e+01
2.00000000e+01,2.00076687e+01,2.00386239e+01,2.01124193e+01
2.00000000e+01,2.00072187e+01,2.00368030e+01,2.01080735e+01
2.00000000e+01,2.00112530e+01,2.00531139e+01,2.01471093e+01
2.00000000e+01,2.00099247e+01,2.00479655e+01,2.01352042e+01
2.00000000e+01,2.00094395e+01,2.00456915e+01,2.01291356e+01
2.00000000e+01,2.00112975e+01,2.00532975e+01,2.01475572e+01
2.00000000e+01,2.00083470e+01,2.00413391e+01,2.01188502e+01
2.00000000e+01,2.00099850e+01,2.00482124e+01,2.01358017e+01
2.00000000e+01,2.00094823e+01,2.00458730e+01,2.01295877e+01
2.00000000e+01,2.00084027e+01,2.00415748e+01,2.01194348e+01
2.00000000e+01,2.00130731e+01,2.00600791e+01,2.01630831e+01
2.00000000e+01,2.00109510e+01,2.00516302e+01,2.01430380e+01
2.00000000e+01,2.00130857e+01,2.00601386e+01,2.01632421e+01
2.00000000e+01,2.00109677e+01,2.00517070e+01,2.01432398e+01
2.00000000e+01,2.00127052e+01,2.00600033e+01,2.01655186e+01
2.00000000e+01,2.00136728e+01,2.00635482e+01,2.01733262e+01
2.00000000e+01,2.00102414e+01,2.00498289e+01,2.01407959e+01
2.00000000e+01,2.00127436e+01,2.00601666e+01,2.01659179e+01
2.00000000e+01,2.00129038e+01,2.00607205e+01,2.01670703e+01
2.00000000e+01,2.00110579e+01,2.00529172e+01,2.01477728e+01
2.00000000e+01,2.00137527e+01,2.00638586e+01,2.01740437e+01
2.00000000e+01,2.00102787e+01,2.00499848e+01,2.01411787e+01
2.00000000e+01,2.00104053e+01,2.00504347e+01,2.01421347e+01
2.00000000e+01,2.00129553e+01,2.00609242e+01,2.01675509e+01
2.00000000e+01,2.00111287e+01,2.00532000e+01,2.01484425e+01
2.00000000e+01,2.00104501e+01,2.00506200e+01,2.01425847e+01
2.00000000e+01,2.00169191e+01,2.00754190e+01,2.01995396e+01
2.00000000e+01,2.00150104e+01,2.00684629e+01,2.01842057e+01
2.00000000e+01,2.00137521e+01,2.00630840e+01,2.01707803e+01
2.00000000e+01,2.00169634e+01,2.00755926e+01,2.01999458e+01
2.00000000e+01,2.00121577e+01,2.00570871e+01,2.01572348e+01
2.00000000e+01,2.00150844e+01,2.00687462e+01,2.01848569e+01
2.00000000e+01,2.00137973e+01,2.00632658e+01,2.01712150e+01
2.00000000e+01,2.00122244e+01,2.00573523e+01,2.01578615e+01
2.00000000e+01,2.00193797e+01,2.00842941e+01,2.02189866e+01
2.00000000e+01,2.00158685e+01,2.00709523e+01,2.01884271e+01
2.00000000e+01,2.00193730e+01,2.00842815e+01,2.02189809e+01
2.00000000e+01,2.00158734e+01,2.00709824e+01,2.01885175e+01
2.00000000e+01,2.00206828e+01,2.00913191e+01,2.02387428e+01
2.00000000e+01,2.00223301e+01,2.00970057e+01,2.02507153e+01
2.00000000e+01,2.00160440e+01,2.00733927e+01,2.01973103e+01
2.00000000e+01,2.00206527e+01,2.00912556e+01,2.02386418e+01
2.00000000e+01,2.00210763e+01,2.00927174e+01,2.02417192e+01
2.00000000e+01,2.00173873e+01,2.00781624e+01,2.02075753e+01
2.00000000e+01,2.00223816e+01,2.00971986e+01,2.02511340e+01
2.00000000e+01,2.00160828e+01,2.00735421e+01,2.01976576e+01
2.00000000e+01,2.00163552e+01,2.00744855e+01,2.01996394e+01
2.00000000e+01,2.00211027e+01,2.00927947e+01,2.02418710e+01
2.00000000e+01,2.00174661e+01,2.00784511e+01,2.02082157e+01
2.00000000e+01,2.00163989e+01,2.00746547e+01,2.02000288e+01
2.00000000e+01,2.00268653e+01,2.01124556e+01,2.02830359e+01
2.00000000e+01,2.00242884e+01,2.01037166e+01,2.02647952e+01
2.00000000e+01,2.00212596e+01,2.00918377e+01,2.02369822e+01
2.00000000e+01,2.00268535e+01,2.01124193e+01,2.02829633e+01
2.00000000e+01,2.00190282e+01,2.00839808e+01,2.02201130e+01
2.00000000e+01,2.00243297e+01,2.01038548e+01,2.02650822e+01
2.00000000e+01,2.00212846e+01,2.00919339e+01,2.02372043e+01
2.00000000e+01,2.00190908e+01,2.00842114e+01,2.02206266e+01
2.00000000e+01,2.00298359e+01,2.01224479e+01,2.03038015e+01
2.00000000e+01,2.00239873e+01,2.01013514e+01,2.02573043e+01
2.00000000e+01,2.00297591e+01,2.01221905e+01,2.03032675e+01
2.00000000e+01,2.00239525e+01,2.01012386e+01,2.02570789e+01
2.00000000e+01,2.00085706e+01,2.00427323e+01,2.01231741e+01
2.00000000e+01,2.00091683e+01,2.00450644e+01,2.01285751e+01
2.00000000e+01,2.00072080e+01,2.00368062e+01,2.01081795e+01
2.00000000e+01,2.00084529e+01,2.00422261e+01,2.01219048e+01
2.00000000e+01,2.00086932e+01,2.00432026e+01,2.01242457e+01
2.00000000e+01,2.00077467e+01,2.00389791e+01,2.01133504e+01
2.00000000e+01,2.00090960e+01,2.00447374e+01,2.01277240e+01
2.00000000e+01,2.00070922e+01,2.00362952e+01,2.01068708e+01
2.00000000e+01,2.00073274e+01,2.00372851e+01,2.01093122e+01
2.00000000e+01,2.00085835e+01,2.00427259e+01,2.01230410e+01
2.00000000e+01,2.00076687e+01,2.00386239e+01,2.01124193e+01
2.00000000e+01,2.00072187e+01,2.00368030e+01,2.01080735e+01
2.00000000e+01,2.00112961e+01,2.00533315e+01,2.01477152e+01
2.00000000e+01,2.00100238e+01,2.00484059e+01,2.01363366e+01
2.00000000e+01,2.00095016e+01,2.00459864e+01,2.01299305e+01
2.00000000e+01,2.00112975e+01,2.00532975e+01,2.01475572e+01
2.00000000e+01,2.00084544e+01,2.00418210e+01,2.01201001e+01
2.00000000e+01,2.00099850e+01,2.00482124e+01,2.01358017e+01
2.00000000e+01,2.00094823e+01,2.00458730e+01,2.01295877e+01
2.00000000e+01,2.00084027e+01,2.00415748e+01,2.01194348e+01
2.00000000e+01,2.00130334e+01,2.00599769e+01,2.01629462e+01
2.00000000e+01,2.00109439e+01,2.00516487e+01,2.01431749e+01
2.00000000e+01,2.00130857e+01,2.00601386e+01,2.01632421e+01
2.00000000e+01,2.00109677e+01,2.00517070e+01,2.01432398e+01
2.00000000e+01,2.00128561e+01,2.00606227e+01,2.01670120e+01
2.00000000e+01,2.00137839e+01,2.00640167e+01,2.01744800e+01
2.00000000e+01,2.00103975e+01,2.00504840e+01,2.01424066e+01
2.00000000e+01,2.00127436e+01,2.00601666e+01,2.01659179e+01
2.00000000e+01,2.00130501e+01,2.00613200e+01,2.01685185e+01
2.00000000e+01,2.00111858e+01,2.00534631e+01,2.01491330e+01
2.00000000e+01,2.00137527e+01,2.00638586e+01,2.01740437e+01
2.00000000e+01,2.00102787e+01,2.00499848e+01,2.01411787e+01
2.00000000e+01,2.00105583e+01,2.00510795e+01,2.01437252e+01
2.00000000e+01,2.00129553e+01,2.00609242e+01,2.01675509e+01
2.00000000e+01,2.00111287e+01,2.00532000e+01,2.01484425e+01
2.00000000e+01,2.00104501e+01,2.00506200e+01,2.01425847e+01
2.00000000e+01,2.00168764e+01,2.00753152e+01,2.01994099e+01
2.00000000e+01,2.00150596e+01,2.00686976e+01,2.01848313e+01
2.00000000e+01,2.00137614e+01,2.00631720e+01,2.01710840e+01
2.00000000e+01,2.00169634e+01,2.00755926e+01,2.01999458e+01
2.00000000e+01,2.00122386e+01,2.00574498e+01,2.01581697e+01
2.00000000e+01,2.00150844e+01,2.00687462e+01,2.01848569e+01
2.00000000e+01,2.00137973e+01,2.00632658e+01,2.01712150e+01
2.00000000e+01,2.00122244e+01,2.00573523e+01,2.01578615e+01
2.00000000e+01,2.00192192e+01,2.00837641e+01,2.02179166e+01
2.00000000e+01,2.00157791e+01,2.00706710e+01,2.01878943e+01
2.00000000e+01,2.00193730e+01,2.00842815e+01,2.02189809e+01
2.00000000e+01,2.00158734e+01,2.00709824e+01,2.01885175e+01
2.00000000e+01,2.00206663e+01,2.00912845e+01,2.02386886e+01
2.00000000e+01,2.00222260e+01,2.00966601e+01,2.02499996e+01
2.00000000e+01,2.00161648e+01,2.00738691e+01,2.01984279e+01
2.00000000e+01,2.00206527e+01,2.00912556e+01,2.02386418e+01
2.00000000e+01,2.00210552e+01,2.00926393e+01,2.02415513e+01
2.00000000e+01,2.00174234e+01,2.00783303e+01,2.02080133e+01
2.00000000e+01,2.00223816e+01,2.00971986e+01,2.02511340e+01
2.00000000e+01,2.00160828e+01,2.00735421e+01,2.01976576e+01
2.00000000e+01,2.00164526e+01,2.00748779e+01,2.02005725e+01
2.00000000e+01,2.00211027e+01,2.00927947e+01,2.02418710e+01
2.00000000e+01,2.00174660e+01,2.00784511e+01,2.02082157e+01
2.00000000e+01,2.00163989e+01,2.00746546e+01,2.02000288e+01
2.00000000e+01,2.00265294e+01,2.01113234e+01,2.02806798e+01
2.00000000e+01,2.00240860e+01,2.01030266e+01,2.02633513e+01
2.00000000e+01,2.00211020e+01,2.00913202e+01,2.02359398e+01
2.00000000e+01,2.00268535e+01,2.01124193e+01,2.02829633e+01
2.00000000e+01,2.00189808e+01,2.00838512e+01,2.02199063e+01
2.00000000e+01,2.00243297e+01,2.01038548e+01,2.02650822e+01
2.00000000e+01,2.00212846e+01,2.00919339e+01,2.02372043e+01
2.00000000e+01,2.00190908e+01,2.00842114e+01,2.02206265e+01
2.00000000e+01,2.00293737e+01,2.01208997e+01,2.03005910e+01
2.00000000e+01,2.00237035e+01,2.01003978e+01,2.02553321e+01
2.00000000e+01,2.00297591e+01,2.01221905e+01,2.03032675e+01
2.00000000e+01,2.00239525e+01,2.01012386e+01,2.02570789e+01
2.00000000e+01,2.00090736e+01,2.00448889e+01,2.01285676e+01
2.00000000e+01,2.00096063e+01,2.00469536e+01,2.01333250e+01
2.00000000e+01,2.00076904e+01,2.00389222e+01,2.01135690e+01
2.00000000e+01,2.00087762e+01,2.00436162e+01,2.01253894e+01
2.00000000e+01,2.00091857e+01,2.00453170e+01,2.01295399e+01
2.00000000e+01,2.00081718e+01,2.00408499e+01,2.01181304e+01
2.00000000e+01,2.00093792e+01,2.00459630e+01,2.01308142e+01
2.00000000e+01,2.00074055e+01,2.00376747e+01,2.01103960e+01
2.00000000e+01,2.00078002e+01,2.00393600e+01,2.01146007e+01
2.00000000e+01,2.00089020e+01,2.00440982e+01,2.01264864e+01
2.00000000e+01,2.00079462e+01,2.00398498e+01,2.01155613e+01
2.00000000e+01,2.00075273e+01,2.00381624e+01,2.01115488e+01
2.00000000e+01,2.00114575e+01,2.00541086e+01,2.01498166e+01
2.00000000e+01,2.00103549e+01,2.00498600e+01,2.01400418e+01
2.00000000e+01,2.00097037e+01,2.00469307e+01,2.01324463e+01
2.00000000e+01,2.00113960e+01,2.00537817e+01,2.01488827e+01
2.00000000e+01,2.00087935e+01,2.00433296e+01,2.01239869e+01
2.00000000e+01,2.00101973e+01,2.00491499e+01,2.01382008e+01
2.00000000e+01,2.00096116e+01,2.00464827e+01,2.01312222e+01
2.00000000e+01,2.00086235e+01,2.00425615e+01,2.01219861e+01
2.00000000e+01,2.00129474e+01,2.00597925e+01,2.01628092e+01
2.00000000e+01,2.00109410e+01,2.00517730e+01,2.01437377e+01
2.00000000e+01,2.00130173e+01,2.00599754e+01,2.01630620e+01
2.00000000e+01,2.00109588e+01,2.00517637e+01,2.01435578e+01
2.00000000e+01,2.00132915e+01,2.00623943e+01,2.01712635e+01
2.00000000e+01,2.00140984e+01,2.00653349e+01,2.01777149e+01
2.00000000e+01,2.00108935e+01,2.00525559e+01,2.01474839e+01
2.00000000e+01,2.00130371e+01,2.00613617e+01,2.01687888e+01
2.00000000e+01,2.00134633e+01,2.00630095e+01,2.01725900e+01
2.00000000e+01,2.00115847e+01,2.00551546e+01,2.01533273e+01
2.00000000e+01,2.00139633e+01,2.00647437e+01,2.01762206e+01
2.00000000e+01,2.00106017e+01,2.00513385e+01,2.01445035e+01
2.00000000e+01,2.00110374e+01,2.00530874e+01,2.01486586e+01
2.00000000e+01,2.00132335e+01,2.00620652e+01,2.01703063e+01
2.00000000e+01,2.00113894e+01,2.00543097e+01,2.01512022e+01
2.00000000e+01,2.00107643e+01,2.00519405e+01,2.01458368e+01
2.00000000e+01,2.00167600e+01,2.00750341e+01,2.01990657e+01
2.00000000e+01,2.00151982e+01,2.00693566e+01,2.01865835e+01
2.00000000e+01,2.00138131e+01,2.00635210e+01,2.01721771e+01
2.00000000e+01,2.00168749e+01,2.00753690e+01,2.01996427e+01
2.00000000e+01,2.00124986e+01,2.00585988e+01,2.01611033e+01
2.00000000e+01,2.00151726e+01,2.00691737e+01,2.01860055e+01
2.00000000e+01,2.00138220e+01,2.00634640e+01,2.01718700e+01
2.00000000e+01,2.00123912e+01,2.00580951e+01,2.01597687e+01
2.00000000e+01,2.00187747e+01,2.00822958e+01,2.02149542e+01
2.00000000e+01,2.00155454e+01,2.00699485e+01,2.01865570e+01
2.00000000e+01,2.00190578e+01,2.00832388e+01,2.02168725e+01
2.00000000e+01,2.00157034e+01,2.00704509e+01,2.01875193e+01
2.00000000e+01,2.00206527e+01,2.00912518e+01,2.02386329e+01
2.00000000e+01,2.00219679e+01,2.00957813e+01,2.02481608e+01
2.00000000e+01,2.00164545e+01,2.00750130e+01,2.02011108e+01
2.00000000e+01,2.00206523e+01,2.00912522e+01,2.02386344e+01
2.00000000e+01,2.00209855e+01,2.00924025e+01,2.02410569e+01
2.00000000e+01,2.00175267e+01,2.00788064e+01,2.02092492e+01
2.00000000e+01,2.00221940e+01,2.00965567e+01,2.02497882e+01
2.00000000e+01,2.00162866e+01,2.00743493e+01,2.01995540e+01
2.00000000e+01,2.00167005e+01,2.00758748e+01,2.02029415e+01
2.00000000e+01,2.00210474e+01,2.00926115e+01,2.02414927e+01
2.00000000e+01,2.00175294e+01,2.00787520e+01,2.02090091e+01
2.00000000e+01,2.00165709e+01,2.00753472e+01,2.02016766e+01
2.00000000e+01,2.00256339e+01,2.01082933e+01,2.02743625e+01
2.00000000e+01,2.00235441e+01,2.01011807e+01,2.02594893e+01
2.00000000e+01,2.00206749e+01,2.00899179e+01,2.02331179e+01
2.00000000e+01,2.00262107e+01,2.01102467e+01,2.02784368e+01
2.00000000e+01,2.00188566e+01,2.00835164e+01,2.02193837e+01
2.00000000e+01,2.00239357e+01,2.01025151e+01,2.02622818e+01
2.00000000e+01,2.00209759e+01,2.00909186e+01,2.02351563e+01
2.00000000e+01,2.00189945e+01,2.00839430e+01,2.02201857e+01
2.00000000e+01,2.00281184e+01,2.01166852e+01,2.02918406e+01
2.00000000e+01,2.00229255e+01,2.00977801e+01,2.02499155e+01
2.00000000e+01,2.00288679e+01,2.01192034e+01,2.02970709e+01
2.00000000e+01,2.00234014e+01,2.00993852e+01,2.02532435e+01
2.00000000e+01,2.00094595e+01,2.00465313e+01,2.01326521e+01
2.00000000e+01,2.00099683e+01,2.00484917e+01,2.01371469e+01
2.00000000e+01,2.00080646e+01,2.00405504e+01,2.01176900e+01
2.00000000e+01,2.00095670e+01,2.00469389e+01,2.01335729e+01
2.00000000e+01,2.00085197e+01,2.00423600e+01,2.01219471e+01
2.00000000e+01,2.00081682e+01,2.00409606e+01,2.01186505e+01
2.00000000e+01,2.00116182e+01,2.00548375e+01,2.01517136e+01
2.00000000e+01,2.00106422e+01,2.00510925e+01,2.01431293e+01
2.00000000e+01,2.00098856e+01,2.00477529e+01,2.01345864e+01
2.00000000e+01,2.00090794e+01,2.00445785e+01,2.01271599e+01
2.00000000e+01,2.00129209e+01,2.00597926e+01,2.01630100e+01
2.00000000e+01,2.00109671e+01,2.00519713e+01,2.01443935e+01
2.00000000e+01,2.00136062e+01,2.00636684e+01,2.01743100e+01
2.00000000e+01,2.00143760e+01,2.00664655e+01,2.01804327e+01
2.00000000e+01,2.00112648e+01,2.00540983e+01,2.01512472e+01
2.00000000e+01,2.00137717e+01,2.00642591e+01,2.01755815e+01
2.00000000e+01,2.00119202e+01,2.00565503e+01,2.01567393e+01
2.00000000e+01,2.00114018e+01,2.00546017e+01,2.01523552e+01
2.00000000e+01,2.00167416e+01,2.00750648e+01,2.01993215e+01
2.00000000e+01,2.00153604e+01,2.00700541e+01,2.01883260e+01
2.00000000e+01,2.00139027e+01,2.00639659e+01,2.01733932e+01
2.00000000e+01,2.00127398e+01,2.00596255e+01,2.01636565e+01
2.00000000e+01,2.00185117e+01,2.00814384e+01,2.02132495e+01
2.00000000e+01,2.00154208e+01,2.00695868e+01,2.01859432e+01
2.00000000e+01,2.00206467e+01,2.00912367e+01,2.02386066e+01
2.00000000e+01,2.00218804e+01,2.00954837e+01,2.02475383e+01
2.00000000e+01,2.00166542e+01,2.00757994e+01,2.02029514e+01
2.00000000e+01,2.00209609e+01,2.00923194e+01,2.02408843e+01
2.00000000e+01,2.00176688e+01,2.00793863e+01,2.02106423e+01
2.00000000e+01,2.00168888e+01,2.00766219e+01,2.02046998e+01
2.00000000e+01,2.00251234e+01,2.01065619e+01,2.02707483e+01
2.00000000e+01,2.00232767e+01,2.01002685e+01,2.02575792e+01
2.00000000e+01,2.00204590e+01,2.00892253e+01,2.02317581e+01
2.00000000e+01,2.00188524e+01,2.00835718e+01,2.02196374e+01
2.00000000e+01,2.00273312e+01,2.01140341e+01,2.02863274e+01
2.00000000e+01,2.00224455e+01,2.00961671e+01,2.02465857e+01
2.00000000e+01,2.00357280e+01,2.01462693e+01,2.03604726e+01
2.00000000e+01,2.00364714e+01,2.01486633e+01,2.03654440e+01
2.00000000e+01,2.00382409e+01,2.01544072e+01,2.03768240e+01
2.00000000e+01,2.00391004e+01,2.01572575e+01,2.03827673e+01
2.00000000e+01,2.00268465e+01,2.01144236e+01,2.02908399e+01
2.00000000e+01,2.00360158e+01,2.01474676e+01,2.03632117e+01
2.00000000e+01,2.00270767e+01,2.01152765e+01,2.02927402e+01
2.00000000e+01,2.00364441e+01,2.01487179e+01,2.03655367e+01
2.00000000e+01,2.00370493e+01,2.01509011e+01,2.03702723e+01
2.00000000e+01,2.00290139e+01,2.01216422e+01,2.03056746e+01
2.00000000e+01,2.00389313e+01,2.01567765e+01,2.03818110e+01
2.00000000e+01,2.00293674e+01,2.01228831e+01,2.03083399e+01
2.00000000e+01,2.00270229e+01,2.01150502e+01,2.02922132e+01
2.00000000e+01,2.00274769e+01,2.01165384e+01,2.02952180e+01
2.00000000e+01,2.00370054e+01,2.01506128e+01,2.03695314e+01
2.00000000e+01,2.00277523e+01,2.01175206e+01,2.02973631e+01
2.00000000e+01,2.00293946e+01,2.01229468e+01,2.03084315e+01
2.00000000e+01,2.00276990e+01,2.01173336e+01,2.02969506e+01
2.00000000e+01,2.00434759e+01,2.01707937e+01,2.04090037e+01
2.00000000e+01,2.00445743e+01,2.01743925e+01,2.04163903e+01
2.00000000e+01,2.00406751e+01,2.01620879e+01,2.03919825e+01
2.00000000e+01,2.00416136e+01,2.01652474e+01,2.03985728e+01
2.00000000e+01,2.00338763e+01,2.01375541e+01,2.03379832e+01
2.00000000e+01,2.00443605e+01,2.01736969e+01,2.04149547e+01
2.00000000e+01,2.00345059e+01,2.01396672e+01,2.03423805e+01
2.00000000e+01,2.00311980e+01,2.01288211e+01,2.03202889e+01
2.00000000e+01,2.00415039e+01,2.01648344e+01,2.03976552e+01
2.00000000e+01,2.00316901e+01,2.01305000e+01,2.03238265e+01
2.00000000e+01,2.00344284e+01,2.01393971e+01,2.03418021e+01
2.00000000e+01,2.00316681e+01,2.01304130e+01,2.03236200e+01
2.00000000e+01,2.00461514e+01,2.01789927e+01,2.04248674e+01
2.00000000e+01,2.00472765e+01,2.01826468e+01,2.04323133e+01
2.00000000e+01,2.00367451e+01,2.01468188e+01,2.03566503e+01
2.00000000e+01,2.00470258e+01,2.01818237e+01,2.04306233e+01
2.00000000e+01,2.00374788e+01,2.01492436e+01,2.03616450e+01
2.00000000e+01,2.00373308e+01,2.01487517e+01,2.03606263e+01
2.00000000e+01,2.00674431e+01,2.02523368e+01,2.05812726e+01
2.00000000e+01,2.00712874e+01,2.02629513e+01,2.06013011e+01
2.00000000e+01,2.00701052e+01,2.02605101e+01,2.05968508e+01
2.00000000e+01,2.00733342e+01,2.02701299e+01,2.06156002e+01
2.00000000e+01,2.00482182e+01,2.01896152e+01,2.04527750e+01
2.00000000e+01,2.00679669e+01,2.02553267e+01,2.05883856e+01
2.00000000e+01,2.00492987e+01,2.01933673e+01,2.04607051e+01
2.00000000e+01,2.00678774e+01,2.02543234e+01,2.05856151e+01
2.00000000e+01,2.00698163e+01,2.02610763e+01,2.05996795e+01
2.00000000e+01,2.00514371e+01,2.01994552e+01,2.04718296e+01
2.00000000e+01,2.00720551e+01,2.02668751e+01,2.06097364e+01
2.00000000e+01,2.00528852e+01,2.02042746e+01,2.04817853e+01
2.00000000e+01,2.00492151e+01,2.01928375e+01,2.04593929e+01
2.00000000e+01,2.00493936e+01,2.01932345e+01,2.04598700e+01
2.00000000e+01,2.00700595e+01,2.02610281e+01,2.05988760e+01
2.00000000e+01,2.00507513e+01,2.01977036e+01,2.04690968e+01
2.00000000e+01,2.00527441e+01,2.02036900e+01,2.04804551e+01
2.00000000e+01,2.00504057e+01,2.01966367e+01,2.04669481e+01
2.00000000e+01,2.00737236e+01,2.02701011e+01,2.06132975e+01
2.00000000e+01,2.00765900e+01,2.02789048e+01,2.06306405e+01
2.00000000e+01,2.00721010e+01,2.02660541e+01,2.06067352e+01
2.00000000e+01,2.00747745e+01,2.02745589e+01,2.06237656e+01
2.00000000e+01,2.00564486e+01,2.02142075e+01,2.04995054e+01
2.00000000e+01,2.00757983e+01,2.02765764e+01,2.06261316e+01
2.00000000e+01,2.00581826e+01,2.02197743e+01,2.05107598e+01
2.00000000e+01,2.00539561e+01,2.02069447e+01,2.04859980e+01
2.00000000e+01,2.00743360e+01,2.02730071e+01,2.06205065e+01
2.00000000e+01,2.00556216e+01,2.02123402e+01,2.04969801e+01
2.00000000e+01,2.00578324e+01,2.02186198e+01,2.05083869e+01
2.00000000e+01,2.00553157e+01,2.02113344e+01,2.04949000e+01
2.00000000e+01,2.00740361e+01,2.02700874e+01,2.06118269e+01
2.00000000e+01,2.00764744e+01,2.02776580e+01,2.06268065e+01
2.00000000e+01,2.00583435e+01,2.02194765e+01,2.05089033e+01
2.00000000e+01,2.00758833e+01,2.02757941e+01,2.06230876e+01
2.00000000e+01,2.00600160e+01,2.02247807e+01,2.05195494e+01
2.00000000e+01,2.00596146e+01,2.02235018e+01,2.05169717e+01
2.00000000e+01,2.00936144e+01,2.03361637e+01,2.07494130e+01
2.00000000e+01,2.00971674e+01,2.03480625e+01,2.07734838e+01
2.00000000e+01,2.00964774e+01,2.03434124e+01,2.07617521e+01
2.00000000e+01,2.01010482e+01,2.03576449e+01,2.07897360e+01
2.00000000e+01,2.00981504e+01,2.03490978e+01,2.07739319e+01
2.00000000e+01,2.00953212e+01,2.03405052e+01,2.07570055e+01
2.00000000e+01,2.01007031e+01,2.03564245e+01,2.07876437e+01
2.00000000e+01,2.01004880e+01,2.03553664e+01,2.07848010e+01
2.00000000e+01,2.00988610e+01,2.03514351e+01,2.07784349e+01
2.00000000e+01,2.00966278e+01,2.03416736e+01,2.07554877e+01
2.00000000e+01,2.01009713e+01,2.03548391e+01,2.07811032e+01
2.00000000e+01,2.00972820e+01,2.03447553e+01,2.07629417e+01
2.00000000e+01,2.01021812e+01,2.03595120e+01,2.07915544e+01
2.00000000e+01,2.00999175e+01,2.03515600e+01,2.07746418e+01
2.00000000e+01,2.01008940e+01,2.03556722e+01,2.07841269e+01
2.00000000e+01,2.00941177e+01,2.03328977e+01,2.07368710e+01
2.00000000e+01,2.00977606e+01,2.03438917e+01,2.07582444e+01
2.00000000e+01,2.00967886e+01,2.03409554e+01,2.07525287e+01
2.00000000e+01,2.00341130e+01,2.01406495e+01,2.03483984e+01
2.00000000e+01,2.00361686e+01,2.01473050e+01,2.03617894e+01
2.00000000e+01,2.00262962e+01,2.01124032e+01,2.02863494e+01
2.00000000e+01,2.00349654e+01,2.01437098e+01,2.03550582e+01
2.00000000e+01,2.00347302e+01,2.01427007e+01,2.03525989e+01
2.00000000e+01,2.00280751e+01,2.01183469e+01,2.02985891e+01
2.00000000e+01,2.00374574e+01,2.01517209e+01,2.03711185e+01
2.00000000e+01,2.00266169e+01,2.01135741e+01,2.02889468e+01
2.00000000e+01,2.00268040e+01,2.01141156e+01,2.02899038e+01
2.00000000e+01,2.00357554e+01,2.01462796e+01,2.03602730e+01
2.00000000e+01,2.00287150e+01,2.01205745e+01,2.03033474e+01
2.00000000e+01,2.00272159e+01,2.01155962e+01,2.02931442e+01
2.00000000e+01,2.00406490e+01,2.01614399e+01,2.03897038e+01
2.00000000e+01,2.00382158e+01,2.01538004e+01,2.03746640e+01
2.00000000e+01,2.00322101e+01,2.01319442e+01,2.03262847e+01
2.00000000e+01,2.00423226e+01,2.01669759e+01,2.04011181e+01
2.00000000e+01,2.00299090e+01,2.01244018e+01,2.03109505e+01
2.00000000e+01,2.00397190e+01,2.01588513e+01,2.03851936e+01
2.00000000e+01,2.00332299e+01,2.01353740e+01,2.03334283e+01
2.00000000e+01,2.00307383e+01,2.01272354e+01,2.03169198e+01
2.00000000e+01,2.00431572e+01,2.01692282e+01,2.04049202e+01
2.00000000e+01,2.00347752e+01,2.01402835e+01,2.03431601e+01
2.00000000e+01,2.00448837e+01,2.01748611e+01,2.04164280e+01
2.00000000e+01,2.00359282e+01,2.01441102e+01,2.03510593e+01
2.00000000e+01,2.00604188e+01,2.02300787e+01,2.05364186e+01
2.00000000e+01,2.00627574e+01,2.02370619e+01,2.05496243e+01
2.00000000e+01,2.00449223e+01,2.01783778e+01,2.04291377e+01
2.00000000e+01,2.00637983e+01,2.02414242e+01,2.05598434e+01
2.00000000e+01,2.00611315e+01,2.02323896e+01,2.05409909e+01
2.00000000e+01,2.00474227e+01,2.01861035e+01,2.04441896e+01
2.00000000e+01,2.00669083e+01,2.02504176e+01,2.05766162e+01
2.00000000e+01,2.00468428e+01,2.01848830e+01,2.04427951e+01
2.00000000e+01,2.00457706e+01,2.01810437e+01,2.04344145e+01
2.00000000e+01,2.00650464e+01,2.02450629e+01,2.05667390e+01
2.00000000e+01,2.00498390e+01,2.01941132e+01,2.04607331e+01
2.00000000e+01,2.00478566e+01,2.01880870e+01,2.04491450e+01
2.00000000e+01,2.00663631e+01,2.02469792e+01,2.05672117e+01
2.00000000e+01,2.00646268e+01,2.02423223e+01,2.05591380e+01
2.00000000e+01,2.00518239e+01,2.01992687e+01,2.04691738e+01
2.00000000e+01,2.00705053e+01,2.02600215e+01,2.05932339e+01
2.00000000e+01,2.00495425e+01,2.01924954e+01,2.04563961e+01
2.00000000e+01,2.00689014e+01,2.02558952e+01,2.05863597e+01
2.00000000e+01,2.00544964e+01,2.02079003e+01,2.04866930e+01
2.00000000e+01,2.00521348e+01,2.02009771e+01,2.04737578e+01
2.00000000e+01,2.00674370e+01,2.02494967e+01,2.05709491e+01
2.00000000e+01,2.00538681e+01,2.02051889e+01,2.04801126e+01
2.00000000e+01,2.00711455e+01,2.02610823e+01,2.05939637e+01
2.00000000e+01,2.00564136e+01,2.02133225e+01,2.04965080e+01
2.00000000e+01,2.00818933e+01,2.02993729e+01,2.06765110e+01
2.00000000e+01,2.00839089e+01,2.03046444e+01,2.06855906e+01
2.00000000e+01,2.00888194e+01,2.03208028e+01,2.07187776e+01
2.00000000e+01,2.00827558e+01,2.03016923e+01,2.06806514e+01
2.00000000e+01,2.00910136e+01,2.03265508e+01,2.07286368e+01
2.00000000e+01,2.00896648e+01,2.03232097e+01,2.07231709e+01
2.00000000e+01,2.00853009e+01,2.03070987e+01,2.06878930e+01
2.00000000e+01,2.00849398e+01,2.03069550e+01,2.06889404e+01
2.00000000e+01,2.00915914e+01,2.03263293e+01,2.07255236e+01
2.00000000e+01,2.00917901e+01,2.03279939e+01,2.07301918e+01
2.00000000e+01,2.00845541e+01,2.03037956e+01,2.06800254e+01
2.00000000e+01,2.00898690e+01,2.03200000e+01,2.07117095e+01
2.00000000e+01,2.00330674e+01,2.01369623e+01,2.03404205e+01
2.00000000e+01,2.00349523e+01,2.01430710e+01,2.03527296e+01
2.00000000e+01,2.00259355e+01,2.01110733e+01,2.02833853e+01
2.00000000e+01,2.00336432e+01,2.01388563e+01,2.03442864e+01
2.00000000e+01,2.00275585e+01,2.01165051e+01,2.02945810e+01
2.00000000e+01,2.00263921e+01,2.01126166e+01,2.02865914e+01
2.00000000e+01,2.00389352e+01,2.01557137e+01,2.03778096e+01
2.00000000e+01,2.00367565e+01,2.01488241e+01,2.03641767e+01
2.00000000e+01,2.00312158e+01,2.01285713e+01,2.03192139e+01
2.00000000e+01,2.00291745e+01,2.01218558e+01,2.03055270e+01
2.00000000e+01,2.00412626e+01,2.01630047e+01,2.03921481e+01
2.00000000e+01,2.00335302e+01,2.01361297e+01,2.03345552e+01
2.00000000e+01,2.00561008e+01,2.02160500e+01,2.05077544e+01
2.00000000e+01,2.00583508e+01,2.02227254e+01,2.05203918e+01
2.00000000e+01,2.00427625e+01,2.01709511e+01,2.04134179e+01
2.00000000e+01,2.00569004e+01,2.02184727e+01,2.05124349e+01
2.00000000e+01,2.00450001e+01,2.01779267e+01,2.04270871e+01
2.00000000e+01,2.00434962e+01,2.01732873e+01,2.04180752e+01
2.00000000e+01,2.00618594e+01,2.02326407e+01,2.05383865e+01
2.00000000e+01,2.00600987e+01,2.02277314e+01,2.05295830e+01
2.00000000e+01,2.00489925e+01,2.01900166e+01,2.04502430e+01
2.00000000e+01,2.00468805e+01,2.01836586e+01,2.04381202e+01
2.00000000e+01,2.00632696e+01,2.02363638e+01,2.05447176e+01
2.00000000e+01,2.00510357e+01,2.01960649e+01,2.04616233e+01
2.00000000e+01,2.00746552e+01,2.02763362e+01,2.06303887e+01
2.00000000e+01,2.00764876e+01,2.02813210e+01,2.06392006e+01
2.00000000e+01,2.00753112e+01,2.02782055e+01,2.06338218e+01
2.00000000e+01,2.00784440e+01,2.02858643e+01,2.06460023e+01
2.00000000e+01,2.00776207e+01,2.02841388e+01,2.06437654e+01
2.00000000e+01,2.00785775e+01,2.02854021e+01,2.06438563e+01
2.00000000e+01,2.00341129e+01,2.01406495e+01,2.03483983e+01
2.00000000e+01,2.00361685e+01,2.01473050e+01,2.03617894e+01
2.00000000e+01,2.00262961e+01,2.01124032e+01,2.02863494e+01
2.00000000e+01,2.00330674e+01,2.01369623e+01,2.03404205e+01
2.00000000e+01,2.00347301e+01,2.01427007e+01,2.03525988e+01
2.00000000e+01,2.00280751e+01,2.01183469e+01,2.02985890e+01
2.00000000e+01,2.00349523e+01,2.01430710e+01,2.03527295e+01
2.00000000e+01,2.00259354e+01,2.01110733e+01,2.02833853e+01
2.00000000e+01,2.00268040e+01,2.01141156e+01,2.02899038e+01
2.00000000e+01,2.00336431e+01,2.01388563e+01,2.03442863e+01
2.00000000e+01,2.00275585e+01,2.01165051e+01,2.02945810e+01
2.00000000e+01,2.00263921e+01,2.01126166e+01,2.02865913e+01
2.00000000e+01,2.00406489e+01,2.01614399e+01,2.03897037e+01
2.00000000e+01,2.00382158e+01,2.01538004e+01,2.03746640e+01
2.00000000e+01,2.00322100e+01,2.01319442e+01,2.03262846e+01
2.00000000e+01,2.00389351e+01,2.01557137e+01,2.03778095e+01
2.00000000e+01,2.00299090e+01,2.01244017e+01,2.03109504e+01
2.00000000e+01,2.00367564e+01,2.01488241e+01,2.03641766e+01
2.00000000e+01,2.00312158e+01,2.01285713e+01,2.03192138e+01
2.00000000e+01,2.00291745e+01,2.01218558e+01,2.03055270e+01
2.00000000e+01,2.00431572e+01,2.01692282e+01,2.04049201e+01
2.00000000e+01,2.00347751e+01,2.01402835e+01,2.03431600e+01
2.00000000e+01,2.00412626e+01,2.01630047e+01,2.03921480e+01
2.00000000e+01,2.00335301e+01,2.01361297e+01,2.03345552e+01
2.00000000e+01,2.00604186e+01,2.02300788e+01,2.05364185e+01
2.00000000e+01,2.00627573e+01,2.02370620e+01,2.05496243e+01
2.00000000e+01,2.00449222e+01,2.01783778e+01,2.04291376e+01
2.00000000e+01,2.00561007e+01,2.02160501e+01,2.05077543e+01
2.00000000e+01,2.00611314e+01,2.02323897e+01,2.05409908e+01
2.00000000e+01,2.00474226e+01,2.01861036e+01,2.04441895e+01
2.00000000e+01,2.00583507e+01,2.02227254e+01,2.05203917e+01
2.00000000e+01,2.00427625e+01,2.01709511e+01,2.04134178e+01
2.00000000e+01,2.00457705e+01,2.01810437e+01,2.04344144e+01
2.00000000e+01,2.00569002e+01,2.02184728e+01,2.05124348e+01
2.00000000e+01,2.00450001e+01,2.01779267e+01,2.04270870e+01
2.00000000e+01,2.00434962e+01,2.01732873e+01,2.04180751e+01
2.00000000e+01,2.00663630e+01,2.02469793e+01,2.05672116e+01
2.00000000e+01,2.00646267e+01,2.02423224e+01,2.05591379e+01
2.00000000e+01,2.00518238e+01,2.01992687e+01,2.04691737e+01
2.00000000e+01,2.00618593e+01,2.02326408e+01,2.05383864e+01
2.00000000e+01,2.00495424e+01,2.01924955e+01,2.04563960e+01
2.00000000e+01,2.00600986e+01,2.02277314e+01,2.05295829e+01
2.00000000e+01,2.00489924e+01,2.01900166e+01,2.04502428e+01
2.00000000e+01,2.00468804e+01,2.01836587e+01,2.04381201e+01
2.00000000e+01,2.00674369e+01,2.02494967e+01,2.05709490e+01
2.00000000e+01,2.00538680e+01,2.02051889e+01,2.04801125e+01
2.00000000e+01,2.00632695e+01,2.02363638e+01,2.05447174e+01
2.00000000e+01,2.00510356e+01,2.01960649e+01,2.04616231e+01
2.00000000e+01,2.00818932e+01,2.02993730e+01,2.06765109e+01
2.00000000e+01,2.00839087e+01,2.03046445e+01,2.06855904e+01
2.00000000e+01,2.00746550e+01,2.02763364e+01,2.06303885e+01
2.00000000e+01,2.00827556e+01,2.03016924e+01,2.06806512e+01
2.00000000e+01,2.00764874e+01,2.02813211e+01,2.06392004e+01
2.00000000e+01,2.00753111e+01,2.02782056e+01,2.06338217e+01
2.00000000e+01,2.00853008e+01,2.03070988e+01,2.06878930e+01
2.00000000e+01,2.00849396e+01,2.03069551e+01,2.06889403e+01
2.00000000e+01,2.00784438e+01,2.02858644e+01,2.06460022e+01
2.00000000e+01,2.00776205e+01,2.02841389e+01,2.06437653e+01
2.00000000e+01,2.00845540e+01,2.03037957e+01,2.06800253e+01
2.00000000e+01,2.00785773e+01,2.02854022e+01,2.06438561e+01
2.00000000e+01,2.00357280e+01,2.01462693e+01,2.03604726e+01
2.00000000e+01,2.00382408e+01,2.01544072e+01,2.03768240e+01
2.00000000e+01,2.00268464e+01,2.01144236e+01,2.02908399e+01
2.00000000e+01,2.00349654e+01,2.01437098e+01,2.03550582e+01
2.00000000e+01,2.00364441e+01,2.01487179e+01,2.03655367e+01
2.00000000e+01,2.00290139e+01,2.01216422e+01,2.03056745e+01
2.00000000e+01,2.00374574e+01,2.01517209e+01,2.03711184e+01
2.00000000e+01,2.00266168e+01,2.01135740e+01,2.02889468e+01
2.00000000e+01,2.00274769e+01,2.01165384e+01,2.02952180e+01
2.00000000e+01,2.00357553e+01,2.01462796e+01,2.03602730e+01
2.00000000e+01,2.00287150e+01,2.01205745e+01,2.03033474e+01
2.00000000e+01,2.00272159e+01,2.01155962e+01,2.02931441e+01
2.00000000e+01,2.00434759e+01,2.01707937e+01,2.04090036e+01
2.00000000e+01,2.00406751e+01,2.01620879e+01,2.03919825e+01
2.00000000e+01,2.00338762e+01,2.01375541e+01,2.03379831e+01
2.00000000e+01,2.00423225e+01,2.01669758e+01,2.04011180e+01
2.00000000e+01,2.00311980e+01,2.01288211e+01,2.03202889e+01
2.00000000e+01,2.00397190e+01,2.01588513e+01,2.03851936e+01
2.00000000e+01,2.00332299e+01,2.01353740e+01,2.03334283e+01
2.00000000e+01,2.00307383e+01,2.01272354e+01,2.03169197e+01
2.00000000e+01,2.00461514e+01,2.01789926e+01,2.04248673e+01
2.00000000e+01,2.00367450e+01,2.01468187e+01,2.03566503e+01
2.00000000e+01,2.00448836e+01,2.01748611e+01,2.04164280e+01
2.00000000e+01,2.00359282e+01,2.01441102e+01,2.03510593e+01
2.00000000e+01,2.00674431e+01,2.02523369e+01,2.05812726e+01
2.00000000e+01,2.00701052e+01,2.02605102e+01,2.05968508e+01
2.00000000e+01,2.00482181e+01,2.01896152e+01,2.04527750e+01
2.00000000e+01,2.00637982e+01,2.02414243e+01,2.05598434e+01
2.00000000e+01,2.00678774e+01,2.02543234e+01,2.05856151e+01
2.00000000e+01,2.00514370e+01,2.01994552e+01,2.04718296e+01
2.00000000e+01,2.00669082e+01,2.02504176e+01,2.05766161e+01
2.00000000e+01,2.00468427e+01,2.01848830e+01,2.04427951e+01
2.00000000e+01,2.00493935e+01,2.01932345e+01,2.04598699e+01
2.00000000e+01,2.00650463e+01,2.02450629e+01,2.05667390e+01
2.00000000e+01,2.00498390e+01,2.01941132e+01,2.04607330e+01
2.00000000e+01,2.00478565e+01,2.01880870e+01,2.04491449e+01
2.00000000e+01,2.00737236e+01,2.02701012e+01,2.06132976e+01
2.00000000e+01,2.00721009e+01,2.02660542e+01,2.06067352e+01
2.00000000e+01,2.00564486e+01,2.02142075e+01,2.04995054e+01
2.00000000e+01,2.00705052e+01,2.02600215e+01,2.05932338e+01
2.00000000e+01,2.00539560e+01,2.02069448e+01,2.04859980e+01
2.00000000e+01,2.00689013e+01,2.02558953e+01,2.05863596e+01
2.00000000e+01,2.00544964e+01,2.02079003e+01,2.04866930e+01
2.00000000e+01,2.00521347e+01,2.02009771e+01,2.04737578e+01
2.00000000e+01,2.00740360e+01,2.02700874e+01,2.06118269e+01
2.00000000e+01,2.00583435e+01,2.02194766e+01,2.05089033e+01
2.00000000e+01,2.00711454e+01,2.02610823e+01,2.05939636e+01
2.00000000e+01,2.00564135e+01,2.02133225e+01,2.04965079e+01
2.00000000e+01,2.00936142e+01,2.03361637e+01,2.07494129e+01
2.00000000e+01,2.00964772e+01,2.03434124e+01,2.07617521e+01
2.00000000e+01,2.00888192e+01,2.03208029e+01,2.07187776e+01
2.00000000e+01,2.00953211e+01,2.03405053e+01,2.07570055e+01
2.00000000e+01,2.00910135e+01,2.03265509e+01,2.07286367e+01
2.00000000e+01,2.00896646e+01,2.03232098e+01,2.07231708e+01
2.00000000e+01,2.00966277e+01,2.03416736e+01,2.07554877e+01
2.00000000e+01,2.00972819e+01,2.03447554e+01,2.07629417e+01
2.00000000e+01,2.00915913e+01,2.03263294e+01,2.07255235e+01
2.00000000e+01,2.00917899e+01,2.03279940e+01,2.07301918e+01
2.00000000e+01,2.00941176e+01,2.03328977e+01,2.07368709e+01
2.00000000e+01,2.00898689e+01,2.03200000e+01,2.07117094e+01
2.00000000e+01,2.00360158e+01,2.01474676e+01,2.03632116e+01
2.00000000e+01,2.00389313e+01,2.01567765e+01,2.03818110e+01
2.00000000e+01,2.00270229e+01,2.01150502e+01,2.02922132e+01
2.00000000e+01,2.00370054e+01,2.01506128e+01,2.03695314e+01
2.00000000e+01,2.00293946e+01,2.01229467e+01,2.03084315e+01
2.00000000e+01,2.00276990e+01,2.01173336e+01,2.02969506e+01
2.00000000e+01,2.00443605e+01,2.01736969e+01,2.04149547e+01
2.00000000e+01,2.00415039e+01,2.01648344e+01,2.03976552e+01
2.00000000e+01,2.00344284e+01,2.01393971e+01,2.03418021e+01
2.00000000e+01,2.00316681e+01,2.01304130e+01,2.03236200e+01
2.00000000e+01,2.00470258e+01,2.01818237e+01,2.04306232e+01
2.00000000e+01,2.00373307e+01,2.01487516e+01,2.03606263e+01
2.00000000e+01,2.00679668e+01,2.02553267e+01,2.05883856e+01
2.00000000e+01,2.00720550e+01,2.02668751e+01,2.06097364e+01
2.00000000e+01,2.00492151e+01,2.01928375e+01,2.04593929e+01
2.00000000e+01,2.00700595e+01,2.02610281e+01,2.05988760e+01
2.00000000e+01,2.00527441e+01,2.02036900e+01,2.04804551e+01
2.00000000e+01,2.00504056e+01,2.01966367e+01,2.04669481e+01
2.00000000e+01,2.00757983e+01,2.02765765e+01,2.06261317e+01
2.00000000e+01,2.00743359e+01,2.02730071e+01,2.06205065e+01
2.00000000e+01,2.00578324e+01,2.02186199e+01,2.05083869e+01
2.00000000e+01,2.00553157e+01,2.02113344e+01,2.04949000e+01
2.00000000e+01,2.00758833e+01,2.02757942e+01,2.06230877e+01
2.00000000e+01,2.00596146e+01,2.02235018e+01,2.05169717e+01
2.00000000e+01,2.00981504e+01,2.03490978e+01,2.07739319e+01
2.00000000e+01,2.01004879e+01,2.03553665e+01,2.07848010e+01
2.00000000e+01,2.00988609e+01,2.03514352e+01,2.07784349e+01
2.00000000e+01,2.00999174e+01,2.03515601e+01,2.07746417e+01
2.00000000e+01,2.01008939e+01,2.03556723e+01,2.07841269e+01
2.00000000e+01,2.00967886e+01,2.03409554e+01,2.07525287e+01
