2.00000000e+01,2.00393158e+01,2.01745891e+01,2.04608990e+01
2.00000000e+01,2.00398545e+01,2.01760595e+01,2.04632932e+01
2.00000000e+01,2.00405854e+01,2.01781715e+01,2.04669984e+01
2.00000000e+01,2.00398545e+01,2.01760596e+01,2.04632935e+01
2.00000000e+01,2.00501127e+01,2.02136435e+01,2.05469320e+01
2.00000000e+01,2.00514997e+01,2.02179341e+01,2.05552263e+01
2.00000000e+01,2.00532155e+01,2.02232953e+01,2.05657061e+01
2.00000000e+01,2.00514998e+01,2.02179343e+01,2.05552265e+01
2.00000000e+01,2.00395895e+01,2.01753227e+01,2.04620629e+01
2.00000000e+01,2.00402350e+01,2.01771488e+01,2.04651828e+01
2.00000000e+01,2.00402350e+01,2.01771489e+01,2.04651828e+01
2.00000000e+01,2.00395896e+01,2.01753228e+01,2.04620630e+01
2.00000000e+01,2.00442334e+01,2.01925331e+01,2.05006814e+01
2.00000000e+01,2.00451407e+01,2.01952483e+01,2.05057111e+01
2.00000000e+01,2.00463015e+01,2.01988016e+01,2.05124590e+01
2.00000000e+01,2.00451408e+01,2.01952485e+01,2.05057113e+01
2.00000000e+01,2.00508381e+01,2.02158812e+01,2.05512447e+01
2.00000000e+01,2.00523981e+01,2.02207355e+01,2.05606895e+01
2.00000000e+01,2.00523981e+01,2.02207355e+01,2.05606896e+01
2.00000000e+01,2.00508381e+01,2.02158813e+01,2.05512448e+01
2.00000000e+01,2.00655243e+01,2.02674938e+01,2.06626380e+01
2.00000000e+01,2.00682899e+01,2.02761684e+01,2.06797977e+01
2.00000000e+01,2.00716175e+01,2.02866019e+01,2.07004820e+01
2.00000000e+01,2.00682900e+01,2.02761686e+01,2.06797981e+01
2.00000000e+01,2.00571448e+01,2.02384498e+01,2.06005942e+01
2.00000000e+01,2.00591275e+01,2.02446604e+01,2.06128103e+01
2.00000000e+01,2.00615477e+01,2.02522678e+01,2.06278503e+01
2.00000000e+01,2.00591276e+01,2.02446606e+01,2.06128105e+01
2.00000000e+01,2.00669779e+01,2.02720528e+01,2.06716516e+01
2.00000000e+01,2.00700426e+01,2.02816646e+01,2.06906892e+01
2.00000000e+01,2.00700426e+01,2.02816647e+01,2.06906893e+01
2.00000000e+01,2.00669780e+01,2.02720530e+01,2.06716520e+01
2.00000000e+01,2.00873553e+01,2.03410383e+01,2.08166230e+01
2.00000000e+01,2.00924219e+01,2.03567113e+01,2.08475109e+01
2.00000000e+01,2.00984703e+01,2.03753862e+01,2.08843285e+01
2.00000000e+01,2.00924219e+01,2.03567114e+01,2.08475113e+01
2.00000000e+01,2.00754939e+01,2.03014244e+01,2.07341885e+01
2.00000000e+01,2.00792522e+01,2.03131558e+01,2.07573962e+01
2.00000000e+01,2.00837687e+01,2.03272309e+01,2.07852588e+01
2.00000000e+01,2.00792523e+01,2.03131559e+01,2.07573966e+01
2.00000000e+01,2.00900197e+01,2.03492860e+01,2.08328793e+01
2.00000000e+01,2.00956062e+01,2.03665529e+01,2.08669176e+01
2.00000000e+01,2.00956063e+01,2.03665530e+01,2.08669178e+01
2.00000000e+01,2.00900198e+01,2.03492861e+01,2.08328796e+01
2.00000000e+01,2.00411296e+01,2.01798003e+01,2.04699796e+01
2.00000000e+01,2.00402704e+01,2.01772496e+01,2.04653569e+01
2.00000000e+01,2.00544186e+01,2.02270746e+01,2.05731413e+01
2.00000000e+01,2.00524845e+01,2.02210078e+01,2.05612242e+01
2.00000000e+01,2.00408952e+01,2.01790961e+01,2.04686856e+01
2.00000000e+01,2.00407220e+01,2.01785808e+01,2.04677486e+01
2.00000000e+01,2.00400878e+01,2.01767229e+01,2.04644342e+01
2.00000000e+01,2.00471340e+01,2.02013848e+01,2.05174400e+01
2.00000000e+01,2.00458055e+01,2.01972740e+01,2.05095405e+01
2.00000000e+01,2.00538961e+01,2.02254327e+01,2.05699073e+01
2.00000000e+01,2.00535000e+01,2.02241882e+01,2.05674602e+01
2.00000000e+01,2.00520590e+01,2.02196782e+01,2.05586259e+01
2.00000000e+01,2.00739251e+01,2.02938465e+01,2.07148759e+01
2.00000000e+01,2.00702214e+01,2.02822232e+01,2.06917944e+01
2.00000000e+01,2.00632277e+01,2.02575630e+01,2.06383573e+01
2.00000000e+01,2.00605206e+01,2.02490366e+01,2.06214535e+01
2.00000000e+01,2.00729314e+01,2.02907263e+01,2.07086743e+01
2.00000000e+01,2.00721741e+01,2.02883514e+01,2.07039580e+01
2.00000000e+01,2.00693880e+01,2.02796119e+01,2.06866201e+01
2.00000000e+01,2.01027484e+01,2.03884936e+01,2.09101029e+01
2.00000000e+01,2.00959347e+01,2.03675624e+01,2.08689022e+01
2.00000000e+01,2.00869188e+01,2.03370104e+01,2.08046094e+01
2.00000000e+01,2.00818606e+01,2.03212896e+01,2.07734985e+01
2.00000000e+01,2.01008911e+01,2.03828160e+01,2.08989477e+01
2.00000000e+01,2.00995145e+01,2.03785755e+01,2.08905883e+01
2.00000000e+01,2.00944181e+01,2.03628826e+01,2.08596808e+01
2.00000000e+01,2.00413284e+01,2.01804031e+01,2.04711013e+01
2.00000000e+01,2.00404243e+01,2.01776954e+01,2.04661408e+01
2.00000000e+01,2.00548600e+01,2.02284540e+01,2.05758503e+01
2.00000000e+01,2.00528410e+01,2.02221260e+01,2.05634185e+01
2.00000000e+01,2.00412747e+01,2.01802287e+01,2.04707474e+01
2.00000000e+01,2.00409037e+01,2.01791268e+01,2.04687542e+01
2.00000000e+01,2.00403858e+01,2.01775882e+01,2.04659625e+01
2.00000000e+01,2.00474403e+01,2.02023358e+01,2.05192822e+01
2.00000000e+01,2.00460470e+01,2.01980140e+01,2.05109471e+01
2.00000000e+01,2.00547383e+01,2.02280855e+01,2.05751418e+01
2.00000000e+01,2.00538977e+01,2.02254352e+01,2.05699087e+01
2.00000000e+01,2.00527506e+01,2.02218402e+01,2.05628548e+01
2.00000000e+01,2.00747155e+01,2.02963675e+01,2.07199244e+01
2.00000000e+01,2.00709210e+01,2.02844081e+01,2.06961182e+01
2.00000000e+01,2.00638150e+01,2.02594330e+01,2.06420884e+01
2.00000000e+01,2.00610240e+01,2.02506175e+01,2.06245808e+01
2.00000000e+01,2.00745415e+01,2.02957763e+01,2.07187082e+01
2.00000000e+01,2.00729329e+01,2.02907392e+01,2.07087063e+01
2.00000000e+01,2.00707321e+01,2.02838302e+01,2.06949858e+01
2.00000000e+01,2.01044202e+01,2.03934720e+01,2.09197709e+01
2.00000000e+01,2.00971642e+01,2.03713940e+01,2.08764900e+01
2.00000000e+01,2.00881092e+01,2.03406385e+01,2.08117333e+01
2.00000000e+01,2.00827827e+01,2.03241793e+01,2.07792355e+01
2.00000000e+01,2.01038507e+01,2.03919060e+01,2.09168516e+01
2.00000000e+01,2.01009463e+01,2.03829399e+01,2.08991479e+01
2.00000000e+01,2.00968872e+01,2.03704898e+01,2.08746634e+01
2.00000000e+01,2.00402703e+01,2.01772495e+01,2.04653566e+01
2.00000000e+01,2.00411295e+01,2.01798003e+01,2.04699794e+01
2.00000000e+01,2.00524844e+01,2.02210075e+01,2.05612237e+01
2.00000000e+01,2.00544185e+01,2.02270748e+01,2.05731408e+01
2.00000000e+01,2.00400877e+01,2.01767227e+01,2.04644339e+01
2.00000000e+01,2.00407219e+01,2.01785808e+01,2.04677484e+01
2.00000000e+01,2.00408952e+01,2.01790962e+01,2.04686856e+01
2.00000000e+01,2.00458054e+01,2.01972737e+01,2.05095401e+01
2.00000000e+01,2.00471340e+01,2.02013849e+01,2.05174397e+01
2.00000000e+01,2.00520589e+01,2.02196780e+01,2.05586256e+01
2.00000000e+01,2.00535000e+01,2.02241882e+01,2.05674598e+01
2.00000000e+01,2.00538961e+01,2.02254328e+01,2.05699071e+01
2.00000000e+01,2.00702213e+01,2.02822228e+01,2.06917935e+01
2.00000000e+01,2.00739251e+01,2.02938464e+01,2.07148761e+01
2.00000000e+01,2.00605205e+01,2.02490363e+01,2.06214527e+01
2.00000000e+01,2.00632277e+01,2.02575630e+01,2.06383572e+01
2.00000000e+01,2.00693879e+01,2.02796117e+01,2.06866197e+01
2.00000000e+01,2.00721740e+01,2.02883513e+01,2.07039577e+01
2.00000000e+01,2.00729314e+01,2.02907262e+01,2.07086742e+01
2.00000000e+01,2.00959345e+01,2.03675623e+01,2.08689017e+01
2.00000000e+01,2.01027483e+01,2.03884937e+01,2.09101026e+01
2.00000000e+01,2.00818604e+01,2.03212897e+01,2.07734981e+01
2.00000000e+01,2.00869188e+01,2.03370103e+01,2.08046094e+01
2.00000000e+01,2.00944180e+01,2.03628827e+01,2.08596801e+01
2.00000000e+01,2.00995144e+01,2.03785755e+01,2.08905880e+01
2.00000000e+01,2.01008911e+01,2.03828161e+01,2.08989476e+01
2.00000000e+01,2.00417395e+01,2.01816125e+01,2.04732428e+01
2.00000000e+01,2.00557563e+01,2.02313228e+01,2.05815767e+01
2.00000000e+01,2.00414797e+01,2.01808442e+01,2.04718694e+01
2.00000000e+01,2.00414797e+01,2.01808441e+01,2.04718695e+01
2.00000000e+01,2.00480616e+01,2.02042789e+01,2.05230345e+01
2.00000000e+01,2.00551824e+01,2.02294914e+01,2.05779274e+01
2.00000000e+01,2.00551824e+01,2.02294914e+01,2.05779275e+01
2.00000000e+01,2.00765702e+01,2.03020637e+01,2.07311421e+01
2.00000000e+01,2.00651310e+01,2.02635432e+01,2.06502359e+01
2.00000000e+01,2.00754054e+01,2.02984718e+01,2.07240541e+01
2.00000000e+01,2.00754055e+01,2.02984718e+01,2.07240541e+01
2.00000000e+01,2.01072323e+01,2.04025080e+01,2.09379403e+01
2.00000000e+01,2.00903130e+01,2.03476538e+01,2.08257855e+01
2.00000000e+01,2.01053825e+01,2.03966421e+01,2.09262105e+01
2.00000000e+01,2.01053824e+01,2.03966420e+01,2.09262104e+01
2.00000000e+01,2.00419886e+01,2.01824338e+01,2.04749168e+01
2.00000000e+01,2.00562606e+01,2.02328790e+01,2.05846192e+01
2.00000000e+01,2.00419378e+01,2.01822952e+01,2.04747076e+01
2.00000000e+01,2.00416975e+01,2.01815084e+01,2.04731051e+01
2.00000000e+01,2.00484224e+01,2.02054260e+01,2.05253251e+01
2.00000000e+01,2.00561348e+01,2.02324735e+01,2.05837973e+01
2.00000000e+01,2.00556371e+01,2.02309396e+01,2.05808109e+01
2.00000000e+01,2.00773848e+01,2.03047443e+01,2.07365972e+01
2.00000000e+01,2.00657581e+01,2.02655672e+01,2.06543003e+01
2.00000000e+01,2.00771323e+01,2.03039692e+01,2.07350699e+01
2.00000000e+01,2.00763220e+01,2.03013052e+01,2.07296536e+01
2.00000000e+01,2.01094289e+01,2.04086972e+01,2.09496291e+01
2.00000000e+01,2.00917595e+01,2.03519268e+01,2.08340593e+01
2.00000000e+01,2.01090452e+01,2.04074825e+01,2.09472031e+01
2.00000000e+01,2.01068835e+01,2.04013673e+01,2.09356279e+01
2.00000000e+01,2.00404242e+01,2.01776952e+01,2.04661405e+01
2.00000000e+01,2.00413284e+01,2.01804031e+01,2.04711014e+01
2.00000000e+01,2.00528408e+01,2.02221259e+01,2.05634180e+01
2.00000000e+01,2.00548600e+01,2.02284540e+01,2.05758504e+01
2.00000000e+01,2.00403857e+01,2.01775881e+01,2.04659622e+01
2.00000000e+01,2.00409037e+01,2.01791266e+01,2.04687541e+01
2.00000000e+01,2.00412746e+01,2.01802287e+01,2.04707473e+01
2.00000000e+01,2.00460468e+01,2.01980139e+01,2.05109468e+01
2.00000000e+01,2.00474402e+01,2.02023358e+01,2.05192822e+01
2.00000000e+01,2.00527505e+01,2.02218401e+01,2.05628544e+01
2.00000000e+01,2.00538976e+01,2.02254353e+01,2.05699085e+01
2.00000000e+01,2.00547383e+01,2.02280856e+01,2.05751416e+01
2.00000000e+01,2.00709208e+01,2.02844080e+01,2.06961176e+01
2.00000000e+01,2.00747155e+01,2.02963675e+01,2.07199247e+01
2.00000000e+01,2.00610238e+01,2.02506174e+01,2.06245803e+01
2.00000000e+01,2.00638149e+01,2.02594330e+01,2.06420885e+01
2.00000000e+01,2.00707320e+01,2.02838301e+01,2.06949856e+01
2.00000000e+01,2.00729328e+01,2.02907392e+01,2.07087063e+01
2.00000000e+01,2.00745414e+01,2.02957763e+01,2.07187082e+01
2.00000000e+01,2.00971640e+01,2.03713937e+01,2.08764899e+01
2.00000000e+01,2.01044203e+01,2.03934725e+01,2.09197710e+01
2.00000000e+01,2.00827825e+01,2.03241791e+01,2.07792350e+01
2.00000000e+01,2.00881092e+01,2.03406388e+01,2.08117334e+01
2.00000000e+01,2.00968870e+01,2.03704897e+01,2.08746631e+01
2.00000000e+01,2.01009462e+01,2.03829401e+01,2.08991478e+01
2.00000000e+01,2.01038507e+01,2.03919062e+01,2.09168515e+01
2.00000000e+01,2.00419885e+01,2.01824340e+01,2.04749168e+01
2.00000000e+01,2.00562607e+01,2.02328789e+01,2.05846195e+01
2.00000000e+01,2.00416975e+01,2.01815084e+01,2.04731051e+01
2.00000000e+01,2.00419378e+01,2.01822953e+01,2.04747077e+01
2.00000000e+01,2.00484224e+01,2.02054260e+01,2.05253252e+01
2.00000000e+01,2.00556371e+01,2.02309396e+01,2.05808111e+01
2.00000000e+01,2.00561348e+01,2.02324735e+01,2.05837973e+01
2.00000000e+01,2.00773847e+01,2.03047447e+01,2.07365967e+01
2.00000000e+01,2.00657581e+01,2.02655673e+01,2.06543002e+01
2.00000000e+01,2.00763220e+01,2.03013054e+01,2.07296537e+01
2.00000000e+01,2.00771323e+01,2.03039694e+01,2.07350697e+01
2.00000000e+01,2.01094288e+01,2.04086975e+01,2.09496295e+01
2.00000000e+01,2.00917595e+01,2.03519271e+01,2.08340593e+01
2.00000000e+01,2.01068835e+01,2.04013675e+01,2.09356280e+01
2.00000000e+01,2.01090453e+01,2.04074826e+01,2.09472032e+01
2.00000000e+01,2.00423029e+01,2.01836017e+01,2.04775797e+01
2.00000000e+01,2.00567932e+01,2.02344417e+01,2.05875321e+01
2.00000000e+01,2.00421447e+01,2.01828675e+01,2.04756238e+01
2.00000000e+01,2.00421448e+01,2.01828674e+01,2.04756237e+01
2.00000000e+01,2.00488240e+01,2.02067137e+01,2.05279366e+01
2.00000000e+01,2.00566167e+01,2.02340325e+01,2.05869353e+01
2.00000000e+01,2.00566166e+01,2.02340325e+01,2.05869353e+01
2.00000000e+01,2.00780908e+01,2.03072728e+01,2.07419323e+01
2.00000000e+01,2.00663542e+01,2.02675493e+01,2.06583209e+01
2.00000000e+01,2.00781732e+01,2.03071194e+01,2.07412349e+01
2.00000000e+01,2.00781732e+01,2.03071192e+01,2.07412351e+01
2.00000000e+01,2.01124165e+01,2.04164908e+01,2.09637153e+01
2.00000000e+01,2.00935051e+01,2.03568369e+01,2.08433315e+01
2.00000000e+01,2.01104009e+01,2.04120594e+01,2.09566123e+01
2.00000000e+01,2.01104009e+01,2.04120593e+01,2.09566119e+01
2.00000000e+01,2.00402703e+01,2.01772496e+01,2.04653569e+01
2.00000000e+01,2.00411296e+01,2.01798002e+01,2.04699798e+01
2.00000000e+01,2.00524844e+01,2.02210076e+01,2.05612239e+01
2.00000000e+01,2.00544186e+01,2.02270750e+01,2.05731409e+01
2.00000000e+01,2.00403857e+01,2.01775881e+01,2.04659623e+01
2.00000000e+01,2.00407219e+01,2.01785808e+01,2.04677487e+01
2.00000000e+01,2.00412747e+01,2.01802286e+01,2.04707475e+01
2.00000000e+01,2.00458054e+01,2.01972739e+01,2.05095403e+01
2.00000000e+01,2.00471340e+01,2.02013849e+01,2.05174400e+01
2.00000000e+01,2.00527505e+01,2.02218401e+01,2.05628545e+01
2.00000000e+01,2.00535000e+01,2.02241883e+01,2.05674599e+01
2.00000000e+01,2.00547383e+01,2.02280857e+01,2.05751416e+01
2.00000000e+01,2.00702213e+01,2.02822231e+01,2.06917937e+01
2.00000000e+01,2.00739251e+01,2.02938468e+01,2.07148763e+01
2.00000000e+01,2.00605205e+01,2.02490364e+01,2.06214530e+01
2.00000000e+01,2.00632277e+01,2.02575633e+01,2.06383573e+01
2.00000000e+01,2.00707320e+01,2.02838302e+01,2.06949856e+01
2.00000000e+01,2.00721740e+01,2.02883516e+01,2.07039578e+01
2.00000000e+01,2.00745414e+01,2.02957765e+01,2.07187083e+01
2.00000000e+01,2.00959345e+01,2.03675627e+01,2.08689020e+01
2.00000000e+01,2.01027483e+01,2.03884939e+01,2.09101034e+01
2.00000000e+01,2.00818604e+01,2.03212899e+01,2.07734984e+01
2.00000000e+01,2.00869188e+01,2.03370106e+01,2.08046098e+01
2.00000000e+01,2.00968870e+01,2.03704898e+01,2.08746633e+01
2.00000000e+01,2.00995144e+01,2.03785758e+01,2.08905885e+01
2.00000000e+01,2.01038507e+01,2.03919064e+01,2.09168518e+01
2.00000000e+01,2.00417395e+01,2.01816128e+01,2.04732429e+01
2.00000000e+01,2.00557563e+01,2.02313229e+01,2.05815773e+01
2.00000000e+01,2.00414797e+01,2.01808443e+01,2.04718696e+01
2.00000000e+01,2.00419377e+01,2.01822954e+01,2.04747077e+01
2.00000000e+01,2.00480616e+01,2.02042790e+01,2.05230347e+01
2.00000000e+01,2.00551824e+01,2.02294915e+01,2.05779277e+01
2.00000000e+01,2.00561348e+01,2.02324736e+01,2.05837977e+01
2.00000000e+01,2.00765704e+01,2.03020636e+01,2.07311427e+01
2.00000000e+01,2.00651310e+01,2.02635433e+01,2.06502364e+01
2.00000000e+01,2.00754055e+01,2.02984719e+01,2.07240544e+01
2.00000000e+01,2.00771324e+01,2.03039693e+01,2.07350701e+01
2.00000000e+01,2.01072324e+01,2.04025084e+01,2.09379404e+01
2.00000000e+01,2.00903131e+01,2.03476540e+01,2.08257858e+01
2.00000000e+01,2.01053825e+01,2.03966424e+01,2.09262109e+01
2.00000000e+01,2.01090453e+01,2.04074827e+01,2.09472033e+01
2.00000000e+01,2.00419886e+01,2.01824339e+01,2.04749170e+01
2.00000000e+01,2.00562606e+01,2.02328794e+01,2.05846191e+01
2.00000000e+01,2.00419378e+01,2.01822954e+01,2.04747078e+01
2.00000000e+01,2.00421448e+01,2.01828674e+01,2.04756238e+01
2.00000000e+01,2.00484225e+01,2.02054261e+01,2.05253252e+01
2.00000000e+01,2.00561348e+01,2.02324737e+01,2.05837975e+01
2.00000000e+01,2.00566166e+01,2.02340327e+01,2.05869352e+01
2.00000000e+01,2.00773847e+01,2.03047447e+01,2.07365974e+01
2.00000000e+01,2.00657581e+01,2.02655675e+01,2.06543003e+01
2.00000000e+01,2.00771324e+01,2.03039693e+01,2.07350703e+01
2.00000000e+01,2.00781732e+01,2.03071194e+01,2.07412352e+01
2.00000000e+01,2.01094289e+01,2.04086976e+01,2.09496298e+01
2.00000000e+01,2.00917595e+01,2.03519272e+01,2.08340597e+01
2.00000000e+01,2.01090453e+01,2.04074828e+01,2.09472034e+01
2.00000000e+01,2.01104009e+01,2.04120594e+01,2.09566123e+01
2.00000000e+01,2.00398546e+01,2.01760596e+01,2.04632935e+01
2.00000000e+01,2.00405854e+01,2.01781715e+01,2.04669990e+01
2.00000000e+01,2.00514997e+01,2.02179344e+01,2.05552269e+01
2.00000000e+01,2.00532155e+01,2.02232955e+01,2.05657066e+01
2.00000000e+01,2.00400877e+01,2.01767229e+01,2.04644341e+01
2.00000000e+01,2.00402350e+01,2.01771489e+01,2.04651831e+01
2.00000000e+01,2.00408952e+01,2.01790962e+01,2.04686859e+01
2.00000000e+01,2.00451408e+01,2.01952485e+01,2.05057115e+01
2.00000000e+01,2.00463015e+01,2.01988017e+01,2.05124594e+01
2.00000000e+01,2.00520589e+01,2.02196781e+01,2.05586261e+01
2.00000000e+01,2.00523981e+01,2.02207357e+01,2.05606900e+01
2.00000000e+01,2.00538961e+01,2.02254330e+01,2.05699074e+01
2.00000000e+01,2.00682900e+01,2.02761685e+01,2.06797984e+01
2.00000000e+01,2.00716175e+01,2.02866022e+01,2.07004826e+01
2.00000000e+01,2.00591275e+01,2.02446606e+01,2.06128109e+01
2.00000000e+01,2.00615477e+01,2.02522681e+01,2.06278508e+01
2.00000000e+01,2.00693880e+01,2.02796119e+01,2.06866201e+01
2.00000000e+01,2.00700427e+01,2.02816648e+01,2.06906899e+01
2.00000000e+01,2.00729314e+01,2.02907265e+01,2.07086746e+01
2.00000000e+01,2.00924220e+01,2.03567117e+01,2.08475114e+01
2.00000000e+01,2.00984704e+01,2.03753866e+01,2.08843294e+01
2.00000000e+01,2.00792523e+01,2.03131561e+01,2.07573967e+01
2.00000000e+01,2.00837688e+01,2.03272312e+01,2.07852596e+01
2.00000000e+01,2.00944181e+01,2.03628829e+01,2.08596807e+01
2.00000000e+01,2.00956064e+01,2.03665533e+01,2.08669183e+01
2.00000000e+01,2.01008912e+01,2.03828164e+01,2.08989483e+01
2.00000000e+01,2.00411296e+01,2.01798005e+01,2.04699799e+01
2.00000000e+01,2.00544186e+01,2.02270750e+01,2.05731414e+01
2.00000000e+01,2.00408953e+01,2.01790963e+01,2.04686861e+01
2.00000000e+01,2.00414797e+01,2.01808443e+01,2.04718698e+01
2.00000000e+01,2.00471340e+01,2.02013850e+01,2.05174403e+01
2.00000000e+01,2.00538962e+01,2.02254330e+01,2.05699076e+01
2.00000000e+01,2.00551824e+01,2.02294916e+01,2.05779278e+01
2.00000000e+01,2.00739251e+01,2.02938470e+01,2.07148764e+01
2.00000000e+01,2.00632278e+01,2.02575634e+01,2.06383577e+01
2.00000000e+01,2.00729314e+01,2.02907267e+01,2.07086748e+01
2.00000000e+01,2.00754055e+01,2.02984721e+01,2.07240546e+01
2.00000000e+01,2.01027484e+01,2.03884942e+01,2.09101039e+01
2.00000000e+01,2.00869188e+01,2.03370110e+01,2.08046101e+01
2.00000000e+01,2.01008912e+01,2.03828166e+01,2.08989485e+01
2.00000000e+01,2.01053825e+01,2.03966424e+01,2.09262110e+01
2.00000000e+01,2.00413285e+01,2.01804033e+01,2.04711017e+01
2.00000000e+01,2.00548600e+01,2.02284543e+01,2.05758509e+01
2.00000000e+01,2.00412747e+01,2.01802288e+01,2.04707478e+01
2.00000000e+01,2.00416975e+01,2.01815085e+01,2.04731053e+01
2.00000000e+01,2.00474402e+01,2.02023360e+01,2.05192826e+01
2.00000000e+01,2.00547383e+01,2.02280859e+01,2.05751421e+01
2.00000000e+01,2.00556371e+01,2.02309399e+01,2.05808112e+01
2.00000000e+01,2.00747156e+01,2.02963676e+01,2.07199253e+01
2.00000000e+01,2.00638150e+01,2.02594332e+01,2.06420891e+01
2.00000000e+01,2.00745415e+01,2.02957767e+01,2.07187089e+01
2.00000000e+01,2.00763220e+01,2.03013054e+01,2.07296542e+01
2.00000000e+01,2.01044203e+01,2.03934727e+01,2.09197716e+01
2.00000000e+01,2.00881093e+01,2.03406389e+01,2.08117341e+01
2.00000000e+01,2.01038508e+01,2.03919066e+01,2.09168524e+01
2.00000000e+01,2.01068836e+01,2.04013677e+01,2.09356286e+01
2.00000000e+01,2.00393158e+01,2.01745893e+01,2.04608995e+01
2.00000000e+01,2.00398546e+01,2.01760598e+01,2.04632940e+01
2.00000000e+01,2.00501128e+01,2.02136436e+01,2.05469326e+01
2.00000000e+01,2.00514998e+01,2.02179347e+01,2.05552270e+01
2.00000000e+01,2.00395896e+01,2.01753230e+01,2.04620633e+01
2.00000000e+01,2.00395896e+01,2.01753230e+01,2.04620635e+01
2.00000000e+01,2.00402350e+01,2.01771491e+01,2.04651833e+01
2.00000000e+01,2.00442334e+01,2.01925335e+01,2.05006818e+01
2.00000000e+01,2.00451408e+01,2.01952487e+01,2.05057119e+01
2.00000000e+01,2.00508382e+01,2.02158814e+01,2.05512453e+01
2.00000000e+01,2.00508382e+01,2.02158816e+01,2.05512454e+01
2.00000000e+01,2.00523981e+01,2.02207359e+01,2.05606902e+01
2.00000000e+01,2.00655244e+01,2.02674943e+01,2.06626387e+01
2.00000000e+01,2.00682901e+01,2.02761687e+01,2.06797993e+01
2.00000000e+01,2.00571448e+01,2.02384502e+01,2.06005949e+01
2.00000000e+01,2.00591277e+01,2.02446608e+01,2.06128114e+01
2.00000000e+01,2.00669780e+01,2.02720531e+01,2.06716522e+01
2.00000000e+01,2.00669781e+01,2.02720532e+01,2.06716528e+01
2.00000000e+01,2.00700427e+01,2.02816650e+01,2.06906902e+01
2.00000000e+01,2.00873555e+01,2.03410387e+01,2.08166242e+01
2.00000000e+01,2.00924221e+01,2.03567120e+01,2.08475122e+01
2.00000000e+01,2.00754940e+01,2.03014247e+01,2.07341895e+01
2.00000000e+01,2.00792524e+01,2.03131564e+01,2.07573974e+01
2.00000000e+01,2.00900199e+01,2.03492865e+01,2.08328801e+01
2.00000000e+01,2.00900199e+01,2.03492867e+01,2.08328806e+01
2.00000000e+01,2.00956064e+01,2.03665534e+01,2.08669187e+01
2.00000000e+01,2.00402704e+01,2.01772499e+01,2.04653574e+01
2.00000000e+01,2.00524846e+01,2.02210078e+01,2.05612251e+01
2.00000000e+01,2.00400878e+01,2.01767232e+01,2.04644346e+01
2.00000000e+01,2.00407220e+01,2.01785810e+01,2.04677490e+01
2.00000000e+01,2.00458055e+01,2.01972742e+01,2.05095410e+01
2.00000000e+01,2.00520590e+01,2.02196784e+01,2.05586267e+01
2.00000000e+01,2.00535001e+01,2.02241885e+01,2.05674607e+01
2.00000000e+01,2.00702215e+01,2.02822238e+01,2.06917950e+01
2.00000000e+01,2.00605206e+01,2.02490370e+01,2.06214541e+01
2.00000000e+01,2.00693881e+01,2.02796123e+01,2.06866210e+01
2.00000000e+01,2.00721741e+01,2.02883520e+01,2.07039586e+01
2.00000000e+01,2.00959348e+01,2.03675631e+01,2.08689034e+01
2.00000000e+01,2.00818606e+01,2.03212903e+01,2.07734995e+01
2.00000000e+01,2.00944182e+01,2.03628833e+01,2.08596818e+01
2.00000000e+01,2.00995146e+01,2.03785762e+01,2.08905893e+01
2.00000000e+01,2.00404243e+01,2.01776955e+01,2.04661414e+01
2.00000000e+01,2.00528410e+01,2.02221265e+01,2.05634189e+01
2.00000000e+01,2.00403858e+01,2.01775885e+01,2.04659630e+01
2.00000000e+01,2.00409037e+01,2.01791270e+01,2.04687546e+01
2.00000000e+01,2.00460470e+01,2.01980143e+01,2.05109477e+01
2.00000000e+01,2.00527507e+01,2.02218405e+01,2.05628554e+01
2.00000000e+01,2.00538977e+01,2.02254356e+01,2.05699093e+01
2.00000000e+01,2.00709211e+01,2.02844086e+01,2.06961190e+01
2.00000000e+01,2.00610240e+01,2.02506181e+01,2.06245814e+01
2.00000000e+01,2.00707322e+01,2.02838307e+01,2.06949867e+01
2.00000000e+01,2.00729330e+01,2.02907395e+01,2.07087072e+01
2.00000000e+01,2.00971643e+01,2.03713947e+01,2.08764913e+01
2.00000000e+01,2.00827828e+01,2.03241799e+01,2.07792364e+01
2.00000000e+01,2.00968873e+01,2.03704904e+01,2.08746646e+01
2.00000000e+01,2.01009464e+01,2.03829405e+01,2.08991489e+01
2.00000000e+01,2.01379174e+01,2.05003531e+01,2.11357298e+01
2.00000000e+01,2.01270270e+01,2.04677020e+01,2.10723498e+01
2.00000000e+01,2.01181831e+01,2.04409084e+01,2.10201325e+01
2.00000000e+01,2.01270270e+01,2.04677022e+01,2.10723498e+01
2.00000000e+01,2.01162930e+01,2.04325119e+01,2.10001524e+01
2.00000000e+01,2.01081413e+01,2.04077083e+01,2.09516207e+01
2.00000000e+01,2.01014496e+01,2.03871880e+01,2.09113597e+01
2.00000000e+01,2.01081412e+01,2.04077082e+01,2.09516203e+01
2.00000000e+01,2.01327414e+01,2.04848638e+01,2.11056809e+01
2.00000000e+01,2.01228048e+01,2.04549417e+01,2.10475060e+01
2.00000000e+01,2.01228048e+01,2.04549420e+01,2.10475062e+01
2.00000000e+01,2.01327414e+01,2.04848641e+01,2.11056810e+01
2.00000000e+01,2.01957533e+01,2.06761965e+01,2.14797534e+01
2.00000000e+01,2.01768073e+01,2.06206383e+01,2.13732983e+01
2.00000000e+01,2.01612082e+01,2.05750128e+01,2.12861314e+01
2.00000000e+01,2.01768074e+01,2.06206392e+01,2.13732988e+01
2.00000000e+01,2.01639856e+01,2.05806015e+01,2.12940043e+01
2.00000000e+01,2.01496744e+01,2.05380827e+01,2.12119198e+01
2.00000000e+01,2.01378637e+01,2.05029657e+01,2.11441924e+01
2.00000000e+01,2.01496744e+01,2.05380832e+01,2.12119201e+01
2.00000000e+01,2.01866546e+01,2.06495897e+01,2.14288209e+01
2.00000000e+01,2.01693627e+01,2.05988964e+01,2.13317809e+01
2.00000000e+01,2.01693628e+01,2.05988969e+01,2.13317813e+01
2.00000000e+01,2.01866545e+01,2.06495897e+01,2.14288207e+01
2.00000000e+01,2.02830866e+01,2.09284189e+01,2.19574060e+01
2.00000000e+01,2.02471176e+01,2.08283211e+01,2.17710117e+01
2.00000000e+01,2.02212364e+01,2.07541836e+01,2.16312703e+01
2.00000000e+01,2.02471180e+01,2.08283221e+01,2.17710130e+01
2.00000000e+01,2.02352662e+01,2.07915635e+01,2.16998374e+01
2.00000000e+01,2.02087542e+01,2.07162586e+01,2.15579932e+01
2.00000000e+01,2.01889498e+01,2.06586257e+01,2.14483321e+01
2.00000000e+01,2.02087544e+01,2.07162595e+01,2.15579943e+01
2.00000000e+01,2.02658529e+01,2.08804841e+01,2.18680687e+01
2.00000000e+01,2.02344926e+01,2.07923349e+01,2.17033037e+01
2.00000000e+01,2.02344926e+01,2.07923354e+01,2.17033040e+01
2.00000000e+01,2.02658536e+01,2.08804862e+01,2.18680717e+01
2.00000000e+01,2.01454294e+01,2.05229743e+01,2.11797834e+01
2.00000000e+01,2.01333441e+01,2.04866386e+01,2.11090934e+01
2.00000000e+01,2.01219319e+01,2.04496804e+01,2.10337914e+01
2.00000000e+01,2.01128465e+01,2.04220404e+01,2.09796705e+01
2.00000000e+01,2.01421905e+01,2.05132295e+01,2.11608108e+01
2.00000000e+01,2.01306031e+01,2.04784328e+01,2.10931779e+01
2.00000000e+01,2.01396962e+01,2.05057575e+01,2.11462970e+01
2.00000000e+01,2.02106664e+01,2.07185894e+01,2.15598940e+01
2.00000000e+01,2.01876274e+01,2.06524457e+01,2.14342973e+01
2.00000000e+01,2.01746606e+01,2.06116972e+01,2.13535480e+01
2.00000000e+01,2.01578828e+01,2.05625220e+01,2.12591360e+01
2.00000000e+01,2.02041452e+01,2.07000581e+01,2.15248440e+01
2.00000000e+01,2.01829174e+01,2.06386387e+01,2.14078515e+01
2.00000000e+01,2.01994745e+01,2.06865795e+01,2.14991796e+01
2.00000000e+01,2.03056287e+01,2.09940936e+01,2.20829186e+01
2.00000000e+01,2.02681045e+01,2.08863215e+01,2.18785679e+01
2.00000000e+01,2.02527428e+01,2.08426023e+01,2.17975825e+01
2.00000000e+01,2.02240238e+01,2.07595144e+01,2.16393009e+01
2.00000000e+01,2.02957723e+01,2.09655317e+01,2.20284548e+01
2.00000000e+01,2.02588988e+01,2.08608738e+01,2.18313292e+01
2.00000000e+01,2.02878743e+01,2.09431126e+01,2.19861556e+01
2.00000000e+01,2.01476743e+01,2.05301482e+01,2.11941309e+01
2.00000000e+01,2.01357802e+01,2.04937574e+01,2.11227377e+01
2.00000000e+01,2.01237481e+01,2.04554096e+01,2.10452024e+01
2.00000000e+01,2.01146131e+01,2.04273270e+01,2.09899323e+01
2.00000000e+01,2.01476405e+01,2.05294137e+01,2.11921236e+01
2.00000000e+01,2.01349798e+01,2.04915792e+01,2.11187163e+01
2.00000000e+01,2.01420775e+01,2.05130361e+01,2.11605776e+01
2.00000000e+01,2.02175259e+01,2.07371101e+01,2.15940945e+01
2.00000000e+01,2.01909108e+01,2.06627227e+01,2.14546436e+01
2.00000000e+01,2.01793082e+01,2.06245884e+01,2.13776657e+01
2.00000000e+01,2.01605130e+01,2.05706936e+01,2.12752681e+01
2.00000000e+01,2.02134879e+01,2.07276496e+01,2.15780975e+01
2.00000000e+01,2.01907963e+01,2.06615530e+01,2.14516061e+01
2.00000000e+01,2.02046704e+01,2.07010770e+01,2.15263066e+01
2.00000000e+01,2.03096087e+01,2.10086513e+01,2.21132660e+01
2.00000000e+01,2.02783190e+01,2.09125890e+01,2.19252885e+01
2.00000000e+01,2.02566735e+01,2.08560072e+01,2.18249991e+01
2.00000000e+01,2.02311164e+01,2.07782486e+01,2.16731548e+01
2.00000000e+01,2.03176021e+01,2.10235696e+01,2.21341054e+01
2.00000000e+01,2.02723125e+01,2.08989538e+01,2.19029360e+01
2.00000000e+01,2.02937649e+01,2.09617366e+01,2.20232051e+01
2.00000000e+01,2.01454293e+01,2.05229736e+01,2.11797829e+01
2.00000000e+01,2.01333440e+01,2.04866379e+01,2.11090928e+01
2.00000000e+01,2.01219319e+01,2.04496800e+01,2.10337914e+01
2.00000000e+01,2.01128467e+01,2.04220404e+01,2.09796708e+01
2.00000000e+01,2.01396962e+01,2.05057568e+01,2.11462965e+01
2.00000000e+01,2.01306032e+01,2.04784326e+01,2.10931782e+01
2.00000000e+01,2.01421905e+01,2.05132294e+01,2.11608109e+01
2.00000000e+01,2.02106670e+01,2.07185902e+01,2.15598955e+01
2.00000000e+01,2.01876272e+01,2.06524442e+01,2.14342959e+01
2.00000000e+01,2.01746609e+01,2.06116973e+01,2.13535485e+01
2.00000000e+01,2.01578825e+01,2.05625209e+01,2.12591349e+01
2.00000000e+01,2.01994747e+01,2.06865789e+01,2.14991795e+01
2.00000000e+01,2.01829173e+01,2.06386380e+01,2.14078511e+01
2.00000000e+01,2.02041448e+01,2.07000571e+01,2.15248425e+01
2.00000000e+01,2.03056252e+01,2.09940843e+01,2.20829053e+01
2.00000000e+01,2.02681044e+01,2.08863200e+01,2.18785666e+01
2.00000000e+01,2.02527415e+01,2.08425984e+01,2.17975772e+01
2.00000000e+01,2.02240234e+01,2.07595127e+01,2.16392983e+01
2.00000000e+01,2.02878720e+01,2.09431065e+01,2.19861470e+01
2.00000000e+01,2.02588985e+01,2.08608720e+01,2.18313275e+01
2.00000000e+01,2.02957735e+01,2.09655336e+01,2.20284588e+01
2.00000000e+01,2.01554190e+01,2.05515503e+01,2.12341188e+01
2.00000000e+01,2.01288345e+01,2.04700761e+01,2.10732289e+01
2.00000000e+01,2.01507349e+01,2.05384330e+01,2.12094412e+01
2.00000000e+01,2.01507348e+01,2.05384328e+01,2.12094409e+01
2.00000000e+01,2.02219806e+01,2.07552053e+01,2.16335719e+01
2.00000000e+01,2.01846121e+01,2.06424913e+01,2.14143101e+01
2.00000000e+01,2.02181886e+01,2.07416716e+01,2.16052462e+01
2.00000000e+01,2.02181895e+01,2.07416737e+01,2.16052491e+01
2.00000000e+01,2.03595832e+01,2.11283652e+01,2.23191346e+01
2.00000000e+01,2.02840601e+01,2.09245364e+01,2.19459526e+01
2.00000000e+01,2.03317937e+01,2.10608511e+01,2.22021676e+01
2.00000000e+01,2.03317895e+01,2.10608434e+01,2.22021551e+01
2.00000000e+01,2.01565700e+01,2.05569833e+01,2.12465710e+01
2.00000000e+01,2.01303711e+01,2.04755249e+01,2.10846384e+01
2.00000000e+01,2.01554091e+01,2.05537728e+01,2.12405531e+01
2.00000000e+01,2.01542274e+01,2.05483901e+01,2.12283563e+01
2.00000000e+01,2.02368734e+01,2.07899741e+01,2.16919549e+01
2.00000000e+01,2.01924866e+01,2.06621623e+01,2.14489088e+01
2.00000000e+01,2.02368814e+01,2.07890917e+01,2.16894752e+01
2.00000000e+01,2.02222638e+01,2.07544734e+01,2.16305994e+01
2.00000000e+01,2.03323380e+01,2.10842134e+01,2.22686691e+01
2.00000000e+01,2.02782370e+01,2.09201306e+01,2.19497355e+01
2.00000000e+01,2.03221785e+01,2.10592038e+01,2.22246362e+01
2.00000000e+01,2.03436130e+01,2.10946597e+01,2.22671630e+01
2.00000000e+01,2.01476747e+01,2.05301477e+01,2.11941311e+01
2.00000000e+01,2.01357798e+01,2.04937562e+01,2.11227358e+01
2.00000000e+01,2.01237482e+01,2.04554094e+01,2.10452023e+01
2.00000000e+01,2.01146130e+01,2.04273265e+01,2.09899314e+01
2.00000000e+01,2.01420774e+01,2.05130352e+01,2.11605765e+01
2.00000000e+01,2.01349799e+01,2.04915792e+01,2.11187166e+01
2.00000000e+01,2.01476405e+01,2.05294130e+01,2.11921231e+01
2.00000000e+01,2.02175250e+01,2.07371066e+01,2.15940901e+01
2.00000000e+01,2.01909108e+01,2.06627218e+01,2.14546422e+01
2.00000000e+01,2.01793080e+01,2.06245865e+01,2.13776638e+01
2.00000000e+01,2.01605133e+01,2.05706931e+01,2.12752678e+01
2.00000000e+01,2.02046699e+01,2.07010750e+01,2.15263037e+01
2.00000000e+01,2.01907960e+01,2.06615517e+01,2.14516046e+01
2.00000000e+01,2.02134878e+01,2.07276483e+01,2.15780961e+01
2.00000000e+01,2.03096121e+01,2.10086555e+01,2.21132731e+01
2.00000000e+01,2.02783166e+01,2.09125823e+01,2.19252794e+01
2.00000000e+01,2.02566747e+01,2.08560078e+01,2.18250004e+01
2.00000000e+01,2.02311148e+01,2.07782434e+01,2.16731480e+01
2.00000000e+01,2.02937660e+01,2.09617360e+01,2.20232055e+01
2.00000000e+01,2.02723125e+01,2.08989518e+01,2.19029342e+01
2.00000000e+01,2.03176010e+01,2.10235660e+01,2.21341008e+01
2.00000000e+01,2.01565699e+01,2.05569829e+01,2.12465705e+01
2.00000000e+01,2.01303711e+01,2.04755244e+01,2.10846381e+01
2.00000000e+01,2.01542273e+01,2.05483890e+01,2.12283554e+01
2.00000000e+01,2.01554091e+01,2.05537727e+01,2.12405531e+01
2.00000000e+01,2.02368733e+01,2.07899732e+01,2.16919538e+01
2.00000000e+01,2.01924865e+01,2.06621617e+01,2.14489078e+01
2.00000000e+01,2.02222647e+01,2.07544742e+01,2.16306007e+01
2.00000000e+01,2.02368810e+01,2.07890906e+01,2.16894740e+01
2.00000000e+01,2.03323376e+01,2.10842115e+01,2.22686680e+01
2.00000000e+01,2.02782368e+01,2.09201294e+01,2.19497346e+01
2.00000000e+01,2.03436072e+01,2.10946459e+01,2.22671440e+01
2.00000000e+01,2.03221802e+01,2.10592062e+01,2.22246407e+01
2.00000000e+01,2.01544041e+01,2.05561076e+01,2.12502108e+01
2.00000000e+01,2.01308038e+01,2.04789229e+01,2.10932594e+01
2.00000000e+01,2.01606325e+01,2.05673749e+01,2.12651217e+01
2.00000000e+01,2.01606325e+01,2.05673749e+01,2.12651217e+01
2.00000000e+01,2.02709207e+01,2.08623882e+01,2.18048721e+01
2.00000000e+01,2.02067657e+01,2.06945042e+01,2.15019680e+01
2.00000000e+01,2.02355483e+01,2.07918668e+01,2.17012694e+01
2.00000000e+01,2.02355488e+01,2.07918681e+01,2.17012708e+01
2.00000000e+01,2.02352311e+01,2.09056196e+01,2.20295738e+01
2.00000000e+01,2.02452857e+01,2.08633595e+01,2.18795664e+01
2.00000000e+01,2.03798617e+01,2.11845155e+01,2.24246059e+01
2.00000000e+01,2.03798590e+01,2.11845116e+01,2.24246004e+01
2.00000000e+01,2.01554191e+01,2.05515508e+01,2.12341193e+01
2.00000000e+01,2.01565701e+01,2.05569831e+01,2.12465714e+01
2.00000000e+01,2.01288346e+01,2.04700765e+01,2.10732292e+01
2.00000000e+01,2.01303712e+01,2.04755247e+01,2.10846389e+01
2.00000000e+01,2.01554091e+01,2.05537730e+01,2.12405534e+01
2.00000000e+01,2.01554092e+01,2.05537731e+01,2.12405538e+01
2.00000000e+01,2.01606326e+01,2.05673750e+01,2.12651221e+01
2.00000000e+01,2.02219807e+01,2.07552059e+01,2.16335732e+01
2.00000000e+01,2.02368735e+01,2.07899738e+01,2.16919549e+01
2.00000000e+01,2.01846122e+01,2.06424917e+01,2.14143111e+01
2.00000000e+01,2.01924866e+01,2.06621623e+01,2.14489086e+01
2.00000000e+01,2.02368815e+01,2.07890920e+01,2.16894759e+01
2.00000000e+01,2.02368812e+01,2.07890912e+01,2.16894752e+01
2.00000000e+01,2.02355485e+01,2.07918669e+01,2.17012701e+01
2.00000000e+01,2.03595836e+01,2.11283664e+01,2.23191364e+01
2.00000000e+01,2.03323379e+01,2.10842124e+01,2.22686698e+01
2.00000000e+01,2.02840604e+01,2.09245372e+01,2.19459541e+01
2.00000000e+01,2.02782370e+01,2.09201302e+01,2.19497359e+01
2.00000000e+01,2.03221787e+01,2.10592043e+01,2.22246370e+01
2.00000000e+01,2.03221805e+01,2.10592073e+01,2.22246426e+01
2.00000000e+01,2.03798618e+01,2.11845167e+01,2.24246075e+01
2.00000000e+01,2.01454295e+01,2.05229743e+01,2.11797843e+01
2.00000000e+01,2.01476748e+01,2.05301486e+01,2.11941322e+01
2.00000000e+01,2.01219320e+01,2.04496806e+01,2.10337925e+01
2.00000000e+01,2.01237483e+01,2.04554101e+01,2.10452033e+01
2.00000000e+01,2.01507351e+01,2.05384336e+01,2.12094421e+01
2.00000000e+01,2.01476407e+01,2.05294137e+01,2.11921244e+01
2.00000000e+01,2.01542274e+01,2.05483897e+01,2.12283562e+01
2.00000000e+01,2.02106672e+01,2.07185914e+01,2.15598973e+01
2.00000000e+01,2.02175252e+01,2.07371078e+01,2.15940922e+01
2.00000000e+01,2.01746611e+01,2.06116982e+01,2.13535499e+01
2.00000000e+01,2.01793082e+01,2.06245875e+01,2.13776654e+01
2.00000000e+01,2.02181889e+01,2.07416725e+01,2.16052478e+01
2.00000000e+01,2.02134881e+01,2.07276496e+01,2.15780980e+01
2.00000000e+01,2.02222649e+01,2.07544751e+01,2.16306025e+01
2.00000000e+01,2.03056256e+01,2.09940860e+01,2.20829084e+01
2.00000000e+01,2.03096127e+01,2.10086574e+01,2.21132768e+01
2.00000000e+01,2.02527418e+01,2.08425999e+01,2.17975795e+01
2.00000000e+01,2.02566752e+01,2.08560090e+01,2.18250035e+01
2.00000000e+01,2.03317942e+01,2.10608527e+01,2.22021703e+01
2.00000000e+01,2.03176016e+01,2.10235676e+01,2.21341046e+01
2.00000000e+01,2.03436076e+01,2.10946474e+01,2.22671468e+01
2.00000000e+01,2.01333442e+01,2.04866388e+01,2.11090944e+01
2.00000000e+01,2.01357800e+01,2.04937573e+01,2.11227375e+01
2.00000000e+01,2.01128468e+01,2.04220412e+01,2.09796721e+01
2.00000000e+01,2.01146132e+01,2.04273273e+01,2.09899328e+01
2.00000000e+01,2.01396964e+01,2.05057576e+01,2.11462980e+01
2.00000000e+01,2.01349801e+01,2.04915803e+01,2.11187181e+01
2.00000000e+01,2.01420777e+01,2.05130360e+01,2.11605781e+01
2.00000000e+01,2.01876276e+01,2.06524456e+01,2.14342983e+01
2.00000000e+01,2.01909112e+01,2.06627233e+01,2.14546446e+01
2.00000000e+01,2.01578828e+01,2.05625222e+01,2.12591368e+01
2.00000000e+01,2.01605136e+01,2.05706942e+01,2.12752700e+01
2.00000000e+01,2.01994750e+01,2.06865803e+01,2.14991817e+01
2.00000000e+01,2.01907964e+01,2.06615531e+01,2.14516071e+01
2.00000000e+01,2.02046702e+01,2.07010764e+01,2.15263060e+01
2.00000000e+01,2.02681051e+01,2.08863222e+01,2.18785705e+01
2.00000000e+01,2.02783173e+01,2.09125845e+01,2.19252838e+01
2.00000000e+01,2.02240239e+01,2.07595143e+01,2.16393015e+01
2.00000000e+01,2.02311153e+01,2.07782450e+01,2.16731515e+01
2.00000000e+01,2.02878726e+01,2.09431084e+01,2.19861507e+01
2.00000000e+01,2.02723131e+01,2.08989541e+01,2.19029381e+01
2.00000000e+01,2.02937666e+01,2.09617383e+01,2.20232092e+01
2.00000000e+01,2.01454295e+01,2.05229746e+01,2.11797839e+01
2.00000000e+01,2.01219319e+01,2.04496807e+01,2.10337920e+01
2.00000000e+01,2.01476405e+01,2.05294139e+01,2.11921239e+01
2.00000000e+01,2.01507349e+01,2.05384332e+01,2.12094414e+01
2.00000000e+01,2.02106666e+01,2.07185899e+01,2.15598948e+01
2.00000000e+01,2.01746607e+01,2.06116976e+01,2.13535486e+01
2.00000000e+01,2.02134880e+01,2.07276498e+01,2.15780980e+01
2.00000000e+01,2.02181897e+01,2.07416743e+01,2.16052502e+01
2.00000000e+01,2.03056289e+01,2.09940944e+01,2.20829200e+01
2.00000000e+01,2.02527431e+01,2.08426029e+01,2.17975836e+01
2.00000000e+01,2.03176023e+01,2.10235700e+01,2.21341062e+01
2.00000000e+01,2.03317899e+01,2.10608441e+01,2.22021569e+01
2.00000000e+01,2.01379175e+01,2.05003538e+01,2.11357307e+01
2.00000000e+01,2.01162932e+01,2.04325124e+01,2.10001533e+01
2.00000000e+01,2.01421906e+01,2.05132300e+01,2.11608116e+01
2.00000000e+01,2.01421907e+01,2.05132301e+01,2.11608121e+01
2.00000000e+01,2.01957536e+01,2.06761976e+01,2.14797551e+01
2.00000000e+01,2.01639858e+01,2.05806023e+01,2.12940057e+01
2.00000000e+01,2.02041454e+01,2.07000589e+01,2.15248452e+01
2.00000000e+01,2.02041451e+01,2.07000582e+01,2.15248443e+01
2.00000000e+01,2.02830872e+01,2.09284201e+01,2.19574087e+01
2.00000000e+01,2.02352667e+01,2.07915644e+01,2.16998398e+01
2.00000000e+01,2.02957727e+01,2.09655329e+01,2.20284570e+01
2.00000000e+01,2.02957740e+01,2.09655354e+01,2.20284617e+01
2.00000000e+01,2.01270272e+01,2.04677031e+01,2.10723511e+01
2.00000000e+01,2.01081414e+01,2.04077092e+01,2.09516218e+01
2.00000000e+01,2.01327415e+01,2.04848648e+01,2.11056818e+01
2.00000000e+01,2.01306034e+01,2.04784336e+01,2.10931797e+01
2.00000000e+01,2.01768075e+01,2.06206399e+01,2.13733004e+01
2.00000000e+01,2.01496746e+01,2.05380838e+01,2.12119216e+01
2.00000000e+01,2.01866548e+01,2.06495910e+01,2.14288229e+01
2.00000000e+01,2.01829176e+01,2.06386394e+01,2.14078534e+01
2.00000000e+01,2.02471182e+01,2.08283229e+01,2.17710155e+01
2.00000000e+01,2.02087547e+01,2.07162601e+01,2.15579961e+01
2.00000000e+01,2.02658533e+01,2.08804860e+01,2.18680716e+01
2.00000000e+01,2.02588992e+01,2.08608740e+01,2.18313312e+01
2.00000000e+01,2.01333442e+01,2.04866390e+01,2.11090941e+01
2.00000000e+01,2.01128466e+01,2.04220408e+01,2.09796709e+01
2.00000000e+01,2.01349798e+01,2.04915794e+01,2.11187166e+01
2.00000000e+01,2.01396963e+01,2.05057578e+01,2.11462976e+01
2.00000000e+01,2.01876275e+01,2.06524461e+01,2.14342980e+01
2.00000000e+01,2.01578828e+01,2.05625225e+01,2.12591366e+01
2.00000000e+01,2.01907963e+01,2.06615534e+01,2.14516063e+01
2.00000000e+01,2.01994746e+01,2.06865799e+01,2.14991805e+01
2.00000000e+01,2.02681047e+01,2.08863222e+01,2.18785691e+01
2.00000000e+01,2.02240240e+01,2.07595151e+01,2.16393016e+01
2.00000000e+01,2.02723126e+01,2.08989541e+01,2.19029367e+01
2.00000000e+01,2.02878746e+01,2.09431132e+01,2.19861570e+01
2.00000000e+01,2.01270271e+01,2.04677029e+01,2.10723507e+01
2.00000000e+01,2.01081413e+01,2.04077089e+01,2.09516210e+01
2.00000000e+01,2.01306032e+01,2.04784334e+01,2.10931786e+01
2.00000000e+01,2.01327415e+01,2.04848648e+01,2.11056819e+01
2.00000000e+01,2.01768076e+01,2.06206400e+01,2.13733002e+01
2.00000000e+01,2.01496746e+01,2.05380839e+01,2.12119212e+01
2.00000000e+01,2.01829176e+01,2.06386394e+01,2.14078526e+01
2.00000000e+01,2.01866547e+01,2.06495907e+01,2.14288223e+01
2.00000000e+01,2.02471183e+01,2.08283233e+01,2.17710153e+01
2.00000000e+01,2.02087547e+01,2.07162605e+01,2.15579961e+01
2.00000000e+01,2.02588992e+01,2.08608744e+01,2.18313313e+01
2.00000000e+01,2.02658540e+01,2.08804877e+01,2.18680740e+01
2.00000000e+01,2.01181833e+01,2.04409092e+01,2.10201337e+01
2.00000000e+01,2.01014498e+01,2.03871886e+01,2.09113607e+01
2.00000000e+01,2.01228049e+01,2.04549426e+01,2.10475076e+01
2.00000000e+01,2.01228050e+01,2.04549425e+01,2.10475076e+01
2.00000000e+01,2.01612085e+01,2.05750137e+01,2.12861337e+01
2.00000000e+01,2.01378638e+01,2.05029670e+01,2.11441937e+01
2.00000000e+01,2.01693631e+01,2.05988978e+01,2.13317831e+01
2.00000000e+01,2.01693630e+01,2.05988976e+01,2.13317829e+01
2.00000000e+01,2.02212369e+01,2.07541852e+01,2.16312731e+01
2.00000000e+01,2.01889501e+01,2.06586270e+01,2.14483346e+01
2.00000000e+01,2.02344931e+01,2.07923367e+01,2.17033068e+01
2.00000000e+01,2.02344931e+01,2.07923366e+01,2.17033073e+01
2.00000000e+01,2.00417396e+01,2.01816124e+01,2.04732428e+01
2.00000000e+01,2.00419887e+01,2.01824337e+01,2.04749166e+01
2.00000000e+01,2.00557564e+01,2.02313225e+01,2.05815770e+01
2.00000000e+01,2.00562605e+01,2.02328792e+01,2.05846194e+01
2.00000000e+01,2.00419378e+01,2.01822952e+01,2.04747076e+01
2.00000000e+01,2.00421448e+01,2.01828673e+01,2.04756237e+01
2.00000000e+01,2.00419378e+01,2.01822951e+01,2.04747077e+01
2.00000000e+01,2.00480616e+01,2.02042787e+01,2.05230345e+01
2.00000000e+01,2.00484224e+01,2.02054259e+01,2.05253251e+01
2.00000000e+01,2.00561348e+01,2.02324734e+01,2.05837975e+01
2.00000000e+01,2.00566166e+01,2.02340326e+01,2.05869353e+01
2.00000000e+01,2.00561347e+01,2.02324734e+01,2.05837974e+01
2.00000000e+01,2.00765703e+01,2.03020634e+01,2.07311419e+01
2.00000000e+01,2.00773847e+01,2.03047444e+01,2.07365971e+01
2.00000000e+01,2.00651310e+01,2.02635430e+01,2.06502360e+01
2.00000000e+01,2.00657580e+01,2.02655673e+01,2.06543004e+01
2.00000000e+01,2.00771323e+01,2.03039691e+01,2.07350698e+01
2.00000000e+01,2.00781732e+01,2.03071192e+01,2.07412352e+01
2.00000000e+01,2.00771323e+01,2.03039691e+01,2.07350698e+01
2.00000000e+01,2.01072324e+01,2.04025080e+01,2.09379395e+01
2.00000000e+01,2.01094290e+01,2.04086971e+01,2.09496290e+01
2.00000000e+01,2.00903130e+01,2.03476537e+01,2.08257849e+01
2.00000000e+01,2.00917596e+01,2.03519267e+01,2.08340592e+01
2.00000000e+01,2.01090454e+01,2.04074821e+01,2.09472029e+01
2.00000000e+01,2.01104009e+01,2.04120595e+01,2.09566116e+01
2.00000000e+01,2.01090453e+01,2.04074824e+01,2.09472027e+01
2.00000000e+01,2.00411296e+01,2.01798002e+01,2.04699792e+01
2.00000000e+01,2.00413285e+01,2.01804028e+01,2.04711013e+01
2.00000000e+01,2.00544185e+01,2.02270747e+01,2.05731405e+01
2.00000000e+01,2.00548599e+01,2.02284539e+01,2.05758505e+01
2.00000000e+01,2.00414797e+01,2.01808440e+01,2.04718693e+01
2.00000000e+01,2.00416975e+01,2.01815082e+01,2.04731049e+01
2.00000000e+01,2.00412747e+01,2.01802284e+01,2.04707471e+01
2.00000000e+01,2.00471340e+01,2.02013847e+01,2.05174395e+01
2.00000000e+01,2.00474402e+01,2.02023356e+01,2.05192822e+01
2.00000000e+01,2.00551824e+01,2.02294913e+01,2.05779272e+01
2.00000000e+01,2.00556370e+01,2.02309396e+01,2.05808112e+01
2.00000000e+01,2.00547382e+01,2.02280855e+01,2.05751413e+01
2.00000000e+01,2.00739251e+01,2.02938464e+01,2.07148753e+01
2.00000000e+01,2.00747155e+01,2.02963672e+01,2.07199243e+01
2.00000000e+01,2.00632277e+01,2.02575630e+01,2.06383566e+01
2.00000000e+01,2.00638149e+01,2.02594329e+01,2.06420884e+01
2.00000000e+01,2.00754055e+01,2.02984716e+01,2.07240537e+01
2.00000000e+01,2.00763220e+01,2.03013052e+01,2.07296535e+01
2.00000000e+01,2.00745415e+01,2.02957761e+01,2.07187078e+01
2.00000000e+01,2.01027483e+01,2.03884931e+01,2.09101025e+01
2.00000000e+01,2.01044203e+01,2.03934718e+01,2.09197709e+01
2.00000000e+01,2.00869188e+01,2.03370101e+01,2.08046089e+01
2.00000000e+01,2.00881092e+01,2.03406383e+01,2.08117331e+01
2.00000000e+01,2.01053825e+01,2.03966417e+01,2.09262101e+01
2.00000000e+01,2.01068836e+01,2.04013670e+01,2.09356277e+01
2.00000000e+01,2.01038507e+01,2.03919058e+01,2.09168510e+01
2.00000000e+01,2.00402703e+01,2.01772494e+01,2.04653562e+01
2.00000000e+01,2.00404243e+01,2.01776950e+01,2.04661401e+01
2.00000000e+01,2.00524845e+01,2.02210071e+01,2.05612233e+01
2.00000000e+01,2.00528408e+01,2.02221258e+01,2.05634175e+01
2.00000000e+01,2.00407219e+01,2.01785806e+01,2.04677480e+01
2.00000000e+01,2.00409037e+01,2.01791265e+01,2.04687538e+01
2.00000000e+01,2.00403857e+01,2.01775880e+01,2.04659618e+01
2.00000000e+01,2.00458054e+01,2.01972736e+01,2.05095396e+01
2.00000000e+01,2.00460469e+01,2.01980137e+01,2.05109463e+01
2.00000000e+01,2.00535000e+01,2.02241880e+01,2.05674594e+01
2.00000000e+01,2.00538976e+01,2.02254351e+01,2.05699083e+01
2.00000000e+01,2.00527506e+01,2.02218397e+01,2.05628541e+01
2.00000000e+01,2.00702213e+01,2.02822225e+01,2.06917928e+01
2.00000000e+01,2.00709209e+01,2.02844073e+01,2.06961173e+01
2.00000000e+01,2.00605205e+01,2.02490360e+01,2.06214523e+01
2.00000000e+01,2.00610238e+01,2.02506171e+01,2.06245798e+01
2.00000000e+01,2.00721740e+01,2.02883511e+01,2.07039570e+01
2.00000000e+01,2.00729328e+01,2.02907388e+01,2.07087059e+01
2.00000000e+01,2.00707321e+01,2.02838297e+01,2.06949849e+01
2.00000000e+01,2.00959346e+01,2.03675617e+01,2.08689009e+01
2.00000000e+01,2.00971641e+01,2.03713932e+01,2.08764890e+01
2.00000000e+01,2.00818605e+01,2.03212891e+01,2.07734975e+01
2.00000000e+01,2.00827825e+01,2.03241787e+01,2.07792341e+01
2.00000000e+01,2.00995144e+01,2.03785751e+01,2.08905874e+01
2.00000000e+01,2.01009463e+01,2.03829393e+01,2.08991474e+01
2.00000000e+01,2.00968871e+01,2.03704890e+01,2.08746625e+01
2.00000000e+01,2.00411296e+01,2.01798003e+01,2.04699795e+01
2.00000000e+01,2.00544185e+01,2.02270747e+01,2.05731408e+01
2.00000000e+01,2.00412747e+01,2.01802287e+01,2.04707474e+01
2.00000000e+01,2.00414797e+01,2.01808441e+01,2.04718694e+01
2.00000000e+01,2.00471340e+01,2.02013848e+01,2.05174398e+01
2.00000000e+01,2.00547383e+01,2.02280856e+01,2.05751416e+01
2.00000000e+01,2.00551824e+01,2.02294912e+01,2.05779274e+01
2.00000000e+01,2.00739251e+01,2.02938464e+01,2.07148757e+01
2.00000000e+01,2.00632277e+01,2.02575631e+01,2.06383569e+01
2.00000000e+01,2.00745415e+01,2.02957763e+01,2.07187081e+01
2.00000000e+01,2.00754055e+01,2.02984717e+01,2.07240538e+01
2.00000000e+01,2.01027484e+01,2.03884933e+01,2.09101028e+01
2.00000000e+01,2.00869188e+01,2.03370102e+01,2.08046093e+01
2.00000000e+01,2.01038507e+01,2.03919060e+01,2.09168514e+01
2.00000000e+01,2.01053825e+01,2.03966418e+01,2.09262101e+01
2.00000000e+01,2.00405855e+01,2.01781712e+01,2.04669984e+01
2.00000000e+01,2.00532155e+01,2.02232954e+01,2.05657056e+01
2.00000000e+01,2.00408953e+01,2.01790961e+01,2.04686855e+01
2.00000000e+01,2.00408952e+01,2.01790960e+01,2.04686854e+01
2.00000000e+01,2.00463015e+01,2.01988015e+01,2.05124586e+01
2.00000000e+01,2.00538961e+01,2.02254327e+01,2.05699069e+01
2.00000000e+01,2.00538961e+01,2.02254327e+01,2.05699066e+01
2.00000000e+01,2.00716175e+01,2.02866016e+01,2.07004819e+01
2.00000000e+01,2.00615476e+01,2.02522677e+01,2.06278500e+01
2.00000000e+01,2.00729314e+01,2.02907261e+01,2.07086740e+01
2.00000000e+01,2.00729314e+01,2.02907261e+01,2.07086737e+01
2.00000000e+01,2.00984704e+01,2.03753856e+01,2.08843283e+01
2.00000000e+01,2.00837688e+01,2.03272304e+01,2.07852587e+01
2.00000000e+01,2.01008912e+01,2.03828156e+01,2.08989475e+01
2.00000000e+01,2.01008912e+01,2.03828155e+01,2.08989473e+01
2.00000000e+01,2.00398546e+01,2.01760594e+01,2.04632928e+01
2.00000000e+01,2.00514997e+01,2.02179339e+01,2.05552259e+01
2.00000000e+01,2.00402350e+01,2.01771487e+01,2.04651824e+01
2.00000000e+01,2.00400877e+01,2.01767227e+01,2.04644335e+01
2.00000000e+01,2.00451408e+01,2.01952482e+01,2.05057106e+01
2.00000000e+01,2.00523981e+01,2.02207354e+01,2.05606891e+01
2.00000000e+01,2.00520590e+01,2.02196776e+01,2.05586253e+01
2.00000000e+01,2.00682900e+01,2.02761677e+01,2.06797974e+01
2.00000000e+01,2.00591276e+01,2.02446600e+01,2.06128098e+01
2.00000000e+01,2.00700426e+01,2.02816642e+01,2.06906889e+01
2.00000000e+01,2.00693880e+01,2.02796113e+01,2.06866191e+01
2.00000000e+01,2.00924219e+01,2.03567108e+01,2.08475100e+01
2.00000000e+01,2.00792523e+01,2.03131553e+01,2.07573955e+01
2.00000000e+01,2.00956064e+01,2.03665522e+01,2.08669172e+01
2.00000000e+01,2.00944181e+01,2.03628819e+01,2.08596795e+01
2.00000000e+01,2.00402704e+01,2.01772496e+01,2.04653568e+01
2.00000000e+01,2.00524845e+01,2.02210077e+01,2.05612240e+01
2.00000000e+01,2.00403858e+01,2.01775882e+01,2.04659625e+01
2.00000000e+01,2.00407220e+01,2.01785808e+01,2.04677485e+01
2.00000000e+01,2.00458055e+01,2.01972739e+01,2.05095404e+01
2.00000000e+01,2.00527506e+01,2.02218402e+01,2.05628546e+01
2.00000000e+01,2.00535000e+01,2.02241883e+01,2.05674599e+01
2.00000000e+01,2.00702215e+01,2.02822230e+01,2.06917941e+01
2.00000000e+01,2.00605206e+01,2.02490365e+01,2.06214532e+01
2.00000000e+01,2.00707322e+01,2.02838301e+01,2.06949857e+01
2.00000000e+01,2.00721741e+01,2.02883514e+01,2.07039577e+01
2.00000000e+01,2.00959347e+01,2.03675622e+01,2.08689019e+01
2.00000000e+01,2.00818606e+01,2.03212895e+01,2.07734983e+01
2.00000000e+01,2.00968872e+01,2.03704895e+01,2.08746635e+01
2.00000000e+01,2.00995145e+01,2.03785754e+01,2.08905879e+01
2.00000000e+01,2.00398546e+01,2.01760595e+01,2.04632932e+01
2.00000000e+01,2.00514998e+01,2.02179341e+01,2.05552263e+01
2.00000000e+01,2.00400878e+01,2.01767228e+01,2.04644341e+01
2.00000000e+01,2.00402350e+01,2.01771487e+01,2.04651827e+01
2.00000000e+01,2.00451408e+01,2.01952484e+01,2.05057111e+01
2.00000000e+01,2.00520590e+01,2.02196780e+01,2.05586257e+01
2.00000000e+01,2.00523981e+01,2.02207355e+01,2.05606893e+01
2.00000000e+01,2.00682901e+01,2.02761680e+01,2.06797979e+01
2.00000000e+01,2.00591276e+01,2.02446603e+01,2.06128103e+01
2.00000000e+01,2.00693881e+01,2.02796116e+01,2.06866199e+01
2.00000000e+01,2.00700427e+01,2.02816643e+01,2.06906892e+01
2.00000000e+01,2.00924221e+01,2.03567110e+01,2.08475107e+01
2.00000000e+01,2.00792524e+01,2.03131556e+01,2.07573961e+01
2.00000000e+01,2.00944181e+01,2.03628823e+01,2.08596804e+01
2.00000000e+01,2.00956064e+01,2.03665524e+01,2.08669174e+01
2.00000000e+01,2.00393158e+01,2.01745890e+01,2.04608987e+01
2.00000000e+01,2.00501127e+01,2.02136431e+01,2.05469317e+01
2.00000000e+01,2.00395896e+01,2.01753227e+01,2.04620628e+01
2.00000000e+01,2.00395895e+01,2.01753226e+01,2.04620626e+01
2.00000000e+01,2.00442334e+01,2.01925331e+01,2.05006810e+01
2.00000000e+01,2.00508382e+01,2.02158810e+01,2.05512445e+01
2.00000000e+01,2.00508381e+01,2.02158810e+01,2.05512442e+01
2.00000000e+01,2.00655244e+01,2.02674934e+01,2.06626374e+01
2.00000000e+01,2.00571448e+01,2.02384495e+01,2.06005938e+01
2.00000000e+01,2.00669780e+01,2.02720525e+01,2.06716516e+01
2.00000000e+01,2.00669780e+01,2.02720522e+01,2.06716513e+01
2.00000000e+01,2.00873553e+01,2.03410378e+01,2.08166225e+01
2.00000000e+01,2.00754940e+01,2.03014239e+01,2.07341880e+01
2.00000000e+01,2.00900199e+01,2.03492855e+01,2.08328791e+01
2.00000000e+01,2.00900198e+01,2.03492855e+01,2.08328785e+01
2.00000000e+01,2.00411296e+01,2.01798003e+01,2.04699800e+01
2.00000000e+01,2.00402704e+01,2.01772499e+01,2.04653572e+01
2.00000000e+01,2.00544186e+01,2.02270749e+01,2.05731416e+01
2.00000000e+01,2.00524846e+01,2.02210080e+01,2.05612246e+01
2.00000000e+01,2.00412747e+01,2.01802288e+01,2.04707477e+01
2.00000000e+01,2.00403858e+01,2.01775885e+01,2.04659629e+01
2.00000000e+01,2.00407220e+01,2.01785809e+01,2.04677490e+01
2.00000000e+01,2.00471340e+01,2.02013849e+01,2.05174403e+01
2.00000000e+01,2.00458055e+01,2.01972742e+01,2.05095409e+01
2.00000000e+01,2.00547383e+01,2.02280858e+01,2.05751422e+01
2.00000000e+01,2.00527506e+01,2.02218405e+01,2.05628552e+01
2.00000000e+01,2.00535001e+01,2.02241885e+01,2.05674605e+01
2.00000000e+01,2.00739252e+01,2.02938467e+01,2.07148763e+01
2.00000000e+01,2.00702215e+01,2.02822235e+01,2.06917950e+01
2.00000000e+01,2.00632277e+01,2.02575633e+01,2.06383576e+01
2.00000000e+01,2.00605207e+01,2.02490369e+01,2.06214540e+01
2.00000000e+01,2.00745416e+01,2.02957765e+01,2.07187088e+01
2.00000000e+01,2.00707322e+01,2.02838306e+01,2.06949867e+01
2.00000000e+01,2.00721742e+01,2.02883517e+01,2.07039585e+01
2.00000000e+01,2.01027485e+01,2.03884938e+01,2.09101036e+01
2.00000000e+01,2.00959348e+01,2.03675629e+01,2.08689032e+01
2.00000000e+01,2.00869189e+01,2.03370106e+01,2.08046099e+01
2.00000000e+01,2.00818607e+01,2.03212901e+01,2.07734993e+01
2.00000000e+01,2.01038508e+01,2.03919065e+01,2.09168521e+01
2.00000000e+01,2.00968873e+01,2.03704903e+01,2.08746646e+01
2.00000000e+01,2.00995146e+01,2.03785759e+01,2.08905890e+01
2.00000000e+01,2.00405855e+01,2.01781713e+01,2.04669986e+01
2.00000000e+01,2.00398546e+01,2.01760597e+01,2.04632937e+01
2.00000000e+01,2.00532155e+01,2.02232956e+01,2.05657060e+01
2.00000000e+01,2.00514998e+01,2.02179345e+01,2.05552267e+01
2.00000000e+01,2.00408953e+01,2.01790962e+01,2.04686858e+01
2.00000000e+01,2.00400879e+01,2.01767231e+01,2.04644345e+01
2.00000000e+01,2.00402351e+01,2.01771489e+01,2.04651831e+01
2.00000000e+01,2.00463015e+01,2.01988016e+01,2.05124590e+01
2.00000000e+01,2.00451409e+01,2.01952486e+01,2.05057116e+01
2.00000000e+01,2.00538961e+01,2.02254329e+01,2.05699075e+01
2.00000000e+01,2.00520591e+01,2.02196783e+01,2.05586264e+01
2.00000000e+01,2.00523981e+01,2.02207358e+01,2.05606897e+01
2.00000000e+01,2.00716175e+01,2.02866020e+01,2.07004823e+01
2.00000000e+01,2.00682902e+01,2.02761685e+01,2.06797989e+01
2.00000000e+01,2.00615477e+01,2.02522680e+01,2.06278504e+01
2.00000000e+01,2.00591277e+01,2.02446608e+01,2.06128109e+01
2.00000000e+01,2.00729315e+01,2.02907265e+01,2.07086745e+01
2.00000000e+01,2.00693882e+01,2.02796121e+01,2.06866208e+01
2.00000000e+01,2.00700428e+01,2.02816647e+01,2.06906900e+01
2.00000000e+01,2.00984705e+01,2.03753859e+01,2.08843293e+01
2.00000000e+01,2.00924222e+01,2.03567116e+01,2.08475119e+01
2.00000000e+01,2.00837688e+01,2.03272308e+01,2.07852594e+01
2.00000000e+01,2.00792524e+01,2.03131562e+01,2.07573971e+01
2.00000000e+01,2.01008913e+01,2.03828160e+01,2.08989484e+01
2.00000000e+01,2.00944182e+01,2.03628830e+01,2.08596815e+01
2.00000000e+01,2.00956064e+01,2.03665530e+01,2.08669185e+01
2.00000000e+01,2.00398546e+01,2.01760595e+01,2.04632930e+01
2.00000000e+01,2.00393158e+01,2.01745892e+01,2.04608990e+01
2.00000000e+01,2.00514997e+01,2.02179341e+01,2.05552264e+01
2.00000000e+01,2.00501128e+01,2.02136434e+01,2.05469322e+01
2.00000000e+01,2.00402351e+01,2.01771488e+01,2.04651827e+01
2.00000000e+01,2.00395896e+01,2.01753230e+01,2.04620631e+01
2.00000000e+01,2.00395896e+01,2.01753228e+01,2.04620629e+01
2.00000000e+01,2.00451408e+01,2.01952484e+01,2.05057109e+01
2.00000000e+01,2.00442334e+01,2.01925333e+01,2.05006815e+01
2.00000000e+01,2.00523981e+01,2.02207356e+01,2.05606895e+01
2.00000000e+01,2.00508382e+01,2.02158814e+01,2.05512450e+01
2.00000000e+01,2.00508382e+01,2.02158812e+01,2.05512448e+01
2.00000000e+01,2.00682901e+01,2.02761679e+01,2.06797980e+01
2.00000000e+01,2.00655245e+01,2.02674939e+01,2.06626382e+01
2.00000000e+01,2.00591276e+01,2.02446602e+01,2.06128104e+01
2.00000000e+01,2.00571449e+01,2.02384498e+01,2.06005946e+01
2.00000000e+01,2.00700427e+01,2.02816645e+01,2.06906895e+01
2.00000000e+01,2.00669781e+01,2.02720529e+01,2.06716525e+01
2.00000000e+01,2.00669781e+01,2.02720526e+01,2.06716519e+01
2.00000000e+01,2.00924221e+01,2.03567110e+01,2.08475109e+01
2.00000000e+01,2.00873554e+01,2.03410383e+01,2.08166236e+01
2.00000000e+01,2.00792524e+01,2.03131556e+01,2.07573961e+01
2.00000000e+01,2.00754941e+01,2.03014243e+01,2.07341888e+01
2.00000000e+01,2.00956065e+01,2.03665525e+01,2.08669182e+01
2.00000000e+01,2.00900200e+01,2.03492860e+01,2.08328802e+01
2.00000000e+01,2.00900199e+01,2.03492858e+01,2.08328797e+01
2.00000000e+01,2.00417396e+01,2.01816124e+01,2.04732429e+01
2.00000000e+01,2.00557563e+01,2.02313227e+01,2.05815775e+01
2.00000000e+01,2.00419378e+01,2.01822951e+01,2.04747079e+01
2.00000000e+01,2.00414798e+01,2.01808441e+01,2.04718698e+01
2.00000000e+01,2.00480616e+01,2.02042788e+01,2.05230348e+01
2.00000000e+01,2.00561348e+01,2.02324737e+01,2.05837975e+01
2.00000000e+01,2.00551824e+01,2.02294914e+01,2.05779279e+01
2.00000000e+01,2.00765702e+01,2.03020639e+01,2.07311420e+01
2.00000000e+01,2.00651310e+01,2.02635433e+01,2.06502363e+01
2.00000000e+01,2.00771323e+01,2.03039695e+01,2.07350700e+01
2.00000000e+01,2.00754055e+01,2.02984720e+01,2.07240543e+01
2.00000000e+01,2.01072325e+01,2.04025082e+01,2.09379402e+01
2.00000000e+01,2.00903130e+01,2.03476540e+01,2.08257853e+01
2.00000000e+01,2.01090454e+01,2.04074824e+01,2.09472036e+01
2.00000000e+01,2.01053826e+01,2.03966422e+01,2.09262107e+01
2.00000000e+01,2.00411296e+01,2.01798000e+01,2.04699796e+01
2.00000000e+01,2.00544185e+01,2.02270746e+01,2.05731412e+01
2.00000000e+01,2.00414798e+01,2.01808439e+01,2.04718696e+01
2.00000000e+01,2.00408953e+01,2.01790961e+01,2.04686856e+01
2.00000000e+01,2.00471340e+01,2.02013846e+01,2.05174400e+01
2.00000000e+01,2.00551824e+01,2.02294913e+01,2.05779278e+01
2.00000000e+01,2.00538961e+01,2.02254328e+01,2.05699072e+01
2.00000000e+01,2.00739251e+01,2.02938466e+01,2.07148758e+01
2.00000000e+01,2.00632277e+01,2.02575630e+01,2.06383572e+01
2.00000000e+01,2.00754054e+01,2.02984720e+01,2.07240539e+01
2.00000000e+01,2.00729314e+01,2.02907264e+01,2.07086742e+01
2.00000000e+01,2.01027484e+01,2.03884933e+01,2.09101029e+01
2.00000000e+01,2.00869188e+01,2.03370104e+01,2.08046091e+01
2.00000000e+01,2.01053826e+01,2.03966419e+01,2.09262107e+01
2.00000000e+01,2.01008913e+01,2.03828158e+01,2.08989481e+01
2.00000000e+01,2.00402704e+01,2.01772494e+01,2.04653564e+01
2.00000000e+01,2.00524845e+01,2.02210073e+01,2.05612233e+01
2.00000000e+01,2.00407220e+01,2.01785806e+01,2.04677484e+01
2.00000000e+01,2.00400878e+01,2.01767227e+01,2.04644338e+01
2.00000000e+01,2.00458054e+01,2.01972738e+01,2.05095398e+01
2.00000000e+01,2.00535000e+01,2.02241881e+01,2.05674597e+01
2.00000000e+01,2.00520590e+01,2.02196778e+01,2.05586256e+01
2.00000000e+01,2.00702213e+01,2.02822226e+01,2.06917932e+01
2.00000000e+01,2.00605205e+01,2.02490361e+01,2.06214523e+01
2.00000000e+01,2.00721741e+01,2.02883512e+01,2.07039574e+01
2.00000000e+01,2.00693881e+01,2.02796114e+01,2.06866198e+01
2.00000000e+01,2.00959346e+01,2.03675619e+01,2.08689014e+01
2.00000000e+01,2.00818606e+01,2.03212891e+01,2.07734981e+01
2.00000000e+01,2.00995145e+01,2.03785752e+01,2.08905879e+01
2.00000000e+01,2.00944181e+01,2.03628823e+01,2.08596800e+01
2.00000000e+01,2.00419378e+01,2.01822952e+01,2.04747076e+01
2.00000000e+01,2.00561347e+01,2.02324736e+01,2.05837977e+01
2.00000000e+01,2.00771323e+01,2.03039692e+01,2.07350700e+01
2.00000000e+01,2.01090453e+01,2.04074826e+01,2.09472029e+01
2.00000000e+01,2.00412748e+01,2.01802284e+01,2.04707473e+01
2.00000000e+01,2.00547382e+01,2.02280855e+01,2.05751418e+01
2.00000000e+01,2.00745414e+01,2.02957762e+01,2.07187080e+01
2.00000000e+01,2.01038507e+01,2.03919058e+01,2.09168514e+01
2.00000000e+01,2.00403858e+01,2.01775880e+01,2.04659619e+01
2.00000000e+01,2.00527505e+01,2.02218399e+01,2.05628541e+01
2.00000000e+01,2.00707321e+01,2.02838297e+01,2.06949852e+01
2.00000000e+01,2.00968871e+01,2.03704892e+01,2.08746627e+01
2.00000000e+01,2.01454293e+01,2.05229735e+01,2.11797824e+01
2.00000000e+01,2.01333440e+01,2.04866375e+01,2.11090925e+01
2.00000000e+01,2.01219319e+01,2.04496797e+01,2.10337913e+01
2.00000000e+01,2.01128467e+01,2.04220401e+01,2.09796705e+01
2.00000000e+01,2.01396961e+01,2.05057567e+01,2.11462960e+01
2.00000000e+01,2.01349799e+01,2.04915790e+01,2.11187164e+01
2.00000000e+01,2.01476406e+01,2.05294128e+01,2.11921230e+01
2.00000000e+01,2.02106669e+01,2.07185897e+01,2.15598947e+01
2.00000000e+01,2.01876272e+01,2.06524438e+01,2.14342950e+01
2.00000000e+01,2.01746609e+01,2.06116969e+01,2.13535479e+01
2.00000000e+01,2.01578825e+01,2.05625207e+01,2.12591343e+01
2.00000000e+01,2.01994747e+01,2.06865783e+01,2.14991789e+01
2.00000000e+01,2.01907960e+01,2.06615515e+01,2.14516042e+01
2.00000000e+01,2.02134878e+01,2.07276481e+01,2.15780955e+01
2.00000000e+01,2.03056252e+01,2.09940834e+01,2.20829038e+01
2.00000000e+01,2.02681045e+01,2.08863190e+01,2.18785660e+01
2.00000000e+01,2.02527415e+01,2.08425977e+01,2.17975762e+01
2.00000000e+01,2.02240234e+01,2.07595122e+01,2.16392973e+01
2.00000000e+01,2.02878721e+01,2.09431055e+01,2.19861460e+01
2.00000000e+01,2.02723125e+01,2.08989512e+01,2.19029339e+01
2.00000000e+01,2.03176011e+01,2.10235652e+01,2.21341004e+01
2.00000000e+01,2.01554190e+01,2.05515499e+01,2.12341184e+01
2.00000000e+01,2.01288345e+01,2.04700759e+01,2.10732282e+01
2.00000000e+01,2.01507350e+01,2.05384326e+01,2.12094408e+01
2.00000000e+01,2.01554091e+01,2.05537727e+01,2.12405527e+01
2.00000000e+01,2.02219806e+01,2.07552046e+01,2.16335713e+01
2.00000000e+01,2.01846121e+01,2.06424907e+01,2.14143097e+01
2.00000000e+01,2.02181886e+01,2.07416710e+01,2.16052455e+01
2.00000000e+01,2.02368811e+01,2.07890901e+01,2.16894738e+01
2.00000000e+01,2.03595834e+01,2.11283635e+01,2.23191343e+01
2.00000000e+01,2.02840602e+01,2.09245353e+01,2.19459521e+01
2.00000000e+01,2.03317938e+01,2.10608498e+01,2.22021666e+01
2.00000000e+01,2.03221801e+01,2.10592057e+01,2.22246405e+01
2.00000000e+01,2.01565700e+01,2.05569830e+01,2.12465705e+01
2.00000000e+01,2.01303712e+01,2.04755244e+01,2.10846381e+01
2.00000000e+01,2.01554091e+01,2.05537724e+01,2.12405527e+01
2.00000000e+01,2.01606325e+01,2.05673745e+01,2.12651218e+01
2.00000000e+01,2.02368735e+01,2.07899729e+01,2.16919545e+01
2.00000000e+01,2.01924866e+01,2.06621617e+01,2.14489084e+01
2.00000000e+01,2.02368815e+01,2.07890908e+01,2.16894747e+01
2.00000000e+01,2.02355488e+01,2.07918678e+01,2.17012705e+01
2.00000000e+01,2.03323381e+01,2.10842121e+01,2.22686682e+01
2.00000000e+01,2.02782372e+01,2.09201293e+01,2.19497351e+01
2.00000000e+01,2.03221786e+01,2.10592024e+01,2.22246355e+01
2.00000000e+01,2.03798591e+01,2.11845103e+01,2.24245998e+01
2.00000000e+01,2.01379175e+01,2.05003523e+01,2.11357292e+01
2.00000000e+01,2.01270270e+01,2.04677017e+01,2.10723489e+01
2.00000000e+01,2.01162931e+01,2.04325113e+01,2.10001518e+01
2.00000000e+01,2.01081413e+01,2.04077080e+01,2.09516201e+01
2.00000000e+01,2.01327414e+01,2.04848632e+01,2.11056801e+01
2.00000000e+01,2.01306032e+01,2.04784323e+01,2.10931774e+01
2.00000000e+01,2.01421905e+01,2.05132289e+01,2.11608104e+01
2.00000000e+01,2.01957534e+01,2.06761953e+01,2.14797524e+01
2.00000000e+01,2.01768073e+01,2.06206377e+01,2.13732970e+01
2.00000000e+01,2.01639857e+01,2.05806005e+01,2.12940035e+01
2.00000000e+01,2.01496744e+01,2.05380821e+01,2.12119187e+01
2.00000000e+01,2.01866546e+01,2.06495888e+01,2.14288197e+01
2.00000000e+01,2.01829173e+01,2.06386373e+01,2.14078504e+01
2.00000000e+01,2.02041449e+01,2.07000562e+01,2.15248414e+01
2.00000000e+01,2.02830868e+01,2.09284168e+01,2.19574038e+01
2.00000000e+01,2.02471177e+01,2.08283193e+01,2.17710109e+01
2.00000000e+01,2.02352664e+01,2.07915619e+01,2.16998359e+01
2.00000000e+01,2.02087542e+01,2.07162574e+01,2.15579921e+01
2.00000000e+01,2.02658530e+01,2.08804822e+01,2.18680673e+01
2.00000000e+01,2.02588986e+01,2.08608706e+01,2.18313266e+01
2.00000000e+01,2.02957736e+01,2.09655321e+01,2.20284571e+01
2.00000000e+01,2.01454294e+01,2.05229737e+01,2.11797823e+01
2.00000000e+01,2.01219319e+01,2.04496798e+01,2.10337910e+01
2.00000000e+01,2.01421905e+01,2.05132287e+01,2.11608101e+01
2.00000000e+01,2.01507348e+01,2.05384323e+01,2.12094402e+01
2.00000000e+01,2.02106666e+01,2.07185880e+01,2.15598924e+01
2.00000000e+01,2.01746607e+01,2.06116962e+01,2.13535466e+01
2.00000000e+01,2.02041453e+01,2.07000569e+01,2.15248426e+01
2.00000000e+01,2.02181896e+01,2.07416726e+01,2.16052482e+01
2.00000000e+01,2.03056289e+01,2.09940908e+01,2.20829170e+01
2.00000000e+01,2.02527431e+01,2.08426003e+01,2.17975810e+01
2.00000000e+01,2.02957726e+01,2.09655290e+01,2.20284533e+01
2.00000000e+01,2.03317897e+01,2.10608411e+01,2.22021541e+01
2.00000000e+01,2.01476745e+01,2.05301471e+01,2.11941302e+01
2.00000000e+01,2.01237482e+01,2.04554089e+01,2.10452018e+01
2.00000000e+01,2.01476406e+01,2.05294128e+01,2.11921228e+01
2.00000000e+01,2.01542275e+01,2.05483895e+01,2.12283556e+01
2.00000000e+01,2.02175261e+01,2.07371085e+01,2.15940933e+01
2.00000000e+01,2.01793084e+01,2.06245870e+01,2.13776649e+01
2.00000000e+01,2.02134880e+01,2.07276481e+01,2.15780962e+01
2.00000000e+01,2.02222639e+01,2.07544721e+01,2.16305985e+01
2.00000000e+01,2.03096089e+01,2.10086489e+01,2.21132635e+01
2.00000000e+01,2.02566737e+01,2.08560053e+01,2.18249974e+01
2.00000000e+01,2.03176023e+01,2.10235670e+01,2.21341034e+01
2.00000000e+01,2.03436132e+01,2.10946576e+01,2.22671612e+01
2.00000000e+01,2.01270271e+01,2.04677014e+01,2.10723486e+01
2.00000000e+01,2.01181832e+01,2.04409075e+01,2.10201315e+01
2.00000000e+01,2.01081412e+01,2.04077076e+01,2.09516195e+01
2.00000000e+01,2.01014497e+01,2.03871873e+01,2.09113588e+01
2.00000000e+01,2.01228049e+01,2.04549410e+01,2.10475054e+01
2.00000000e+01,2.01228048e+01,2.04549410e+01,2.10475052e+01
2.00000000e+01,2.01327414e+01,2.04848633e+01,2.11056801e+01
2.00000000e+01,2.01768074e+01,2.06206378e+01,2.13732974e+01
2.00000000e+01,2.01612083e+01,2.05750115e+01,2.12861303e+01
2.00000000e+01,2.01496745e+01,2.05380821e+01,2.12119188e+01
2.00000000e+01,2.01378637e+01,2.05029649e+01,2.11441912e+01
2.00000000e+01,2.01693629e+01,2.05988956e+01,2.13317800e+01
2.00000000e+01,2.01693628e+01,2.05988954e+01,2.13317797e+01
2.00000000e+01,2.01866546e+01,2.06495883e+01,2.14288195e+01
2.00000000e+01,2.02471181e+01,2.08283195e+01,2.17710114e+01
2.00000000e+01,2.02212365e+01,2.07541816e+01,2.16312687e+01
2.00000000e+01,2.02087545e+01,2.07162575e+01,2.15579927e+01
2.00000000e+01,2.01889499e+01,2.06586240e+01,2.14483310e+01
2.00000000e+01,2.02344928e+01,2.07923330e+01,2.17033024e+01
2.00000000e+01,2.02344927e+01,2.07923330e+01,2.17033022e+01
2.00000000e+01,2.02658537e+01,2.08804839e+01,2.18680699e+01
2.00000000e+01,2.01333441e+01,2.04866377e+01,2.11090925e+01
2.00000000e+01,2.01128466e+01,2.04220397e+01,2.09796694e+01
2.00000000e+01,2.01306031e+01,2.04784320e+01,2.10931767e+01
2.00000000e+01,2.01396963e+01,2.05057566e+01,2.11462961e+01
2.00000000e+01,2.01876275e+01,2.06524439e+01,2.14342958e+01
2.00000000e+01,2.01578828e+01,2.05625208e+01,2.12591348e+01
2.00000000e+01,2.01829175e+01,2.06386371e+01,2.14078501e+01
2.00000000e+01,2.01994747e+01,2.06865778e+01,2.14991783e+01
2.00000000e+01,2.02681045e+01,2.08863189e+01,2.18785659e+01
2.00000000e+01,2.02240239e+01,2.07595124e+01,2.16392990e+01
2.00000000e+01,2.02588989e+01,2.08608712e+01,2.18313272e+01
2.00000000e+01,2.02878744e+01,2.09431100e+01,2.19861535e+01
2.00000000e+01,2.01357802e+01,2.04937564e+01,2.11227368e+01
2.00000000e+01,2.01146132e+01,2.04273262e+01,2.09899316e+01
2.00000000e+01,2.01349799e+01,2.04915783e+01,2.11187151e+01
2.00000000e+01,2.01420776e+01,2.05130351e+01,2.11605768e+01
2.00000000e+01,2.01909108e+01,2.06627210e+01,2.14546423e+01
2.00000000e+01,2.01605130e+01,2.05706922e+01,2.12752670e+01
2.00000000e+01,2.01907964e+01,2.06615514e+01,2.14516046e+01
2.00000000e+01,2.02046705e+01,2.07010754e+01,2.15263052e+01
2.00000000e+01,2.02783192e+01,2.09125858e+01,2.19252868e+01
2.00000000e+01,2.02311166e+01,2.07782461e+01,2.16731537e+01
2.00000000e+01,2.02723126e+01,2.08989508e+01,2.19029341e+01
2.00000000e+01,2.02937650e+01,2.09617337e+01,2.20232034e+01
2.00000000e+01,2.01454296e+01,2.05229738e+01,2.11797832e+01
2.00000000e+01,2.01333442e+01,2.04866379e+01,2.11090932e+01
2.00000000e+01,2.01219320e+01,2.04496800e+01,2.10337916e+01
2.00000000e+01,2.01128467e+01,2.04220399e+01,2.09796700e+01
2.00000000e+01,2.01476407e+01,2.05294129e+01,2.11921232e+01
2.00000000e+01,2.01396964e+01,2.05057569e+01,2.11462969e+01
2.00000000e+01,2.01349799e+01,2.04915784e+01,2.11187155e+01
2.00000000e+01,2.02106667e+01,2.07185887e+01,2.15598936e+01
2.00000000e+01,2.01876277e+01,2.06524442e+01,2.14342969e+01
2.00000000e+01,2.01746608e+01,2.06116966e+01,2.13535476e+01
2.00000000e+01,2.01578829e+01,2.05625211e+01,2.12591356e+01
2.00000000e+01,2.02134881e+01,2.07276484e+01,2.15780969e+01
2.00000000e+01,2.01994747e+01,2.06865783e+01,2.14991793e+01
2.00000000e+01,2.01907964e+01,2.06615515e+01,2.14516054e+01
2.00000000e+01,2.03056292e+01,2.09940916e+01,2.20829187e+01
2.00000000e+01,2.02681047e+01,2.08863196e+01,2.18785674e+01
2.00000000e+01,2.02527432e+01,2.08426010e+01,2.17975824e+01
2.00000000e+01,2.02240240e+01,2.07595130e+01,2.16393003e+01
2.00000000e+01,2.03176024e+01,2.10235675e+01,2.21341043e+01
2.00000000e+01,2.02878747e+01,2.09431108e+01,2.19861552e+01
2.00000000e+01,2.02723127e+01,2.08989511e+01,2.19029348e+01
2.00000000e+01,2.01379176e+01,2.05003529e+01,2.11357305e+01
2.00000000e+01,2.01270271e+01,2.04677020e+01,2.10723497e+01
2.00000000e+01,2.01162932e+01,2.04325117e+01,2.10001530e+01
2.00000000e+01,2.01081414e+01,2.04077080e+01,2.09516204e+01
2.00000000e+01,2.01421906e+01,2.05132292e+01,2.11608111e+01
2.00000000e+01,2.01327416e+01,2.04848639e+01,2.11056813e+01
2.00000000e+01,2.01306033e+01,2.04784323e+01,2.10931778e+01
2.00000000e+01,2.01957537e+01,2.06761962e+01,2.14797541e+01
2.00000000e+01,2.01768077e+01,2.06206385e+01,2.13732990e+01
2.00000000e+01,2.01639859e+01,2.05806013e+01,2.12940050e+01
2.00000000e+01,2.01496747e+01,2.05380827e+01,2.12119203e+01
2.00000000e+01,2.02041455e+01,2.07000576e+01,2.15248442e+01
2.00000000e+01,2.01866548e+01,2.06495892e+01,2.14288212e+01
2.00000000e+01,2.01829177e+01,2.06386377e+01,2.14078514e+01
2.00000000e+01,2.02830874e+01,2.09284181e+01,2.19574067e+01
2.00000000e+01,2.02471183e+01,2.08283207e+01,2.17710141e+01
2.00000000e+01,2.02352668e+01,2.07915629e+01,2.16998382e+01
2.00000000e+01,2.02087547e+01,2.07162587e+01,2.15579946e+01
2.00000000e+01,2.02957729e+01,2.09655304e+01,2.20284554e+01
2.00000000e+01,2.02658542e+01,2.08804851e+01,2.18680728e+01
2.00000000e+01,2.02588992e+01,2.08608720e+01,2.18313295e+01
2.00000000e+01,2.01270272e+01,2.04677025e+01,2.10723505e+01
2.00000000e+01,2.01181834e+01,2.04409081e+01,2.10201332e+01
2.00000000e+01,2.01081415e+01,2.04077086e+01,2.09516215e+01
2.00000000e+01,2.01014498e+01,2.03871879e+01,2.09113600e+01
2.00000000e+01,2.01327416e+01,2.04848639e+01,2.11056816e+01
2.00000000e+01,2.01228050e+01,2.04549418e+01,2.10475069e+01
2.00000000e+01,2.01228050e+01,2.04549417e+01,2.10475069e+01
2.00000000e+01,2.01768076e+01,2.06206388e+01,2.13732997e+01
2.00000000e+01,2.01612085e+01,2.05750125e+01,2.12861326e+01
2.00000000e+01,2.01496747e+01,2.05380830e+01,2.12119209e+01
2.00000000e+01,2.01378639e+01,2.05029658e+01,2.11441930e+01
2.00000000e+01,2.01866549e+01,2.06495898e+01,2.14288220e+01
2.00000000e+01,2.01693630e+01,2.05988965e+01,2.13317821e+01
2.00000000e+01,2.01693631e+01,2.05988965e+01,2.13317821e+01
2.00000000e+01,2.02471182e+01,2.08283213e+01,2.17710144e+01
2.00000000e+01,2.02212369e+01,2.07541832e+01,2.16312718e+01
2.00000000e+01,2.02087547e+01,2.07162588e+01,2.15579953e+01
2.00000000e+01,2.01889502e+01,2.06586254e+01,2.14483334e+01
2.00000000e+01,2.02658535e+01,2.08804840e+01,2.18680704e+01
2.00000000e+01,2.02344931e+01,2.07923348e+01,2.17033056e+01
2.00000000e+01,2.02344932e+01,2.07923343e+01,2.17033054e+01
2.00000000e+01,2.01554192e+01,2.05515503e+01,2.12341189e+01
2.00000000e+01,2.01288346e+01,2.04700762e+01,2.10732288e+01
2.00000000e+01,2.01554092e+01,2.05537726e+01,2.12405529e+01
2.00000000e+01,2.01507349e+01,2.05384326e+01,2.12094408e+01
2.00000000e+01,2.02219807e+01,2.07552053e+01,2.16335723e+01
2.00000000e+01,2.01846122e+01,2.06424912e+01,2.14143105e+01
2.00000000e+01,2.02368815e+01,2.07890912e+01,2.16894751e+01
2.00000000e+01,2.02181897e+01,2.07416733e+01,2.16052492e+01
2.00000000e+01,2.03595838e+01,2.11283646e+01,2.23191363e+01
2.00000000e+01,2.02840604e+01,2.09245361e+01,2.19459536e+01
2.00000000e+01,2.03221789e+01,2.10592028e+01,2.22246365e+01
2.00000000e+01,2.03317901e+01,2.10608421e+01,2.22021559e+01
2.00000000e+01,2.01454295e+01,2.05229741e+01,2.11797836e+01
2.00000000e+01,2.01219321e+01,2.04496802e+01,2.10337922e+01
2.00000000e+01,2.01507351e+01,2.05384331e+01,2.12094418e+01
2.00000000e+01,2.01421907e+01,2.05132295e+01,2.11608117e+01
2.00000000e+01,2.02106672e+01,2.07185907e+01,2.15598968e+01
2.00000000e+01,2.01746611e+01,2.06116978e+01,2.13535494e+01
2.00000000e+01,2.02181889e+01,2.07416720e+01,2.16052470e+01
2.00000000e+01,2.02041452e+01,2.07000572e+01,2.15248435e+01
2.00000000e+01,2.03056257e+01,2.09940852e+01,2.20829072e+01
2.00000000e+01,2.02527419e+01,2.08425992e+01,2.17975787e+01
2.00000000e+01,2.03317944e+01,2.10608511e+01,2.22021696e+01
2.00000000e+01,2.02957742e+01,2.09655336e+01,2.20284603e+01
2.00000000e+01,2.01333443e+01,2.04866382e+01,2.11090944e+01
2.00000000e+01,2.01128469e+01,2.04220407e+01,2.09796722e+01
2.00000000e+01,2.01396963e+01,2.05057574e+01,2.11462976e+01
2.00000000e+01,2.01306035e+01,2.04784332e+01,2.10931792e+01
2.00000000e+01,2.01876276e+01,2.06524450e+01,2.14342978e+01
2.00000000e+01,2.01578828e+01,2.05625217e+01,2.12591364e+01
2.00000000e+01,2.01994751e+01,2.06865795e+01,2.14991814e+01
2.00000000e+01,2.01829177e+01,2.06386386e+01,2.14078530e+01
2.00000000e+01,2.02681051e+01,2.08863211e+01,2.18785698e+01
2.00000000e+01,2.02240240e+01,2.07595138e+01,2.16393005e+01
2.00000000e+01,2.02878727e+01,2.09431074e+01,2.19861499e+01
2.00000000e+01,2.02588992e+01,2.08608728e+01,2.18313303e+01
2.00000000e+01,2.01554092e+01,2.05537730e+01,2.12405534e+01
2.00000000e+01,2.02368813e+01,2.07890908e+01,2.16894749e+01
2.00000000e+01,2.03221805e+01,2.10592066e+01,2.22246424e+01
2.00000000e+01,2.01476407e+01,2.05294136e+01,2.11921242e+01
2.00000000e+01,2.02134881e+01,2.07276493e+01,2.15780977e+01
2.00000000e+01,2.03176016e+01,2.10235672e+01,2.21341039e+01
2.00000000e+01,2.01349801e+01,2.04915800e+01,2.11187181e+01
2.00000000e+01,2.01907964e+01,2.06615528e+01,2.14516068e+01
2.00000000e+01,2.02723131e+01,2.08989535e+01,2.19029381e+01
2.00000000e+01,2.03551748e+01,2.11337837e+01,2.23381974e+01
2.00000000e+01,2.02690908e+01,2.08927790e+01,2.18923129e+01
2.00000000e+01,2.02254423e+01,2.07694121e+01,2.16626759e+01
2.00000000e+01,2.02690908e+01,2.08927803e+01,2.18923144e+01
2.00000000e+01,2.03205131e+01,2.10361972e+01,2.21590436e+01
2.00000000e+01,2.02599501e+01,2.08657530e+01,2.18413690e+01
2.00000000e+01,2.02241589e+01,2.07641998e+01,2.16515201e+01
2.00000000e+01,2.02599508e+01,2.08657551e+01,2.18413722e+01
2.00000000e+01,2.03092553e+01,2.10064790e+01,2.21038030e+01
2.00000000e+01,2.02475329e+01,2.08319977e+01,2.17793604e+01
2.00000000e+01,2.02475329e+01,2.08319981e+01,2.17793610e+01
2.00000000e+01,2.03092545e+01,2.10064778e+01,2.21038004e+01
2.00000000e+01,2.04100659e+01,2.12795040e+01,2.25939752e+01
2.00000000e+01,2.02749815e+01,2.09141223e+01,2.19355589e+01
2.00000000e+01,2.02263673e+01,2.07733733e+01,2.16715343e+01
2.00000000e+01,2.02749847e+01,2.09141308e+01,2.19355725e+01
2.00000000e+01,2.03871068e+01,2.12188630e+01,2.24883889e+01
2.00000000e+01,2.02729018e+01,2.09062144e+01,2.19192797e+01
2.00000000e+01,2.02264168e+01,2.07728339e+01,2.16697677e+01
2.00000000e+01,2.02729034e+01,2.09062191e+01,2.19192865e+01
2.00000000e+01,2.03385822e+01,2.10873801e+01,2.22497813e+01
2.00000000e+01,2.02505358e+01,2.08438466e+01,2.18042060e+01
2.00000000e+01,2.02505391e+01,2.08438547e+01,2.18042197e+01
2.00000000e+01,2.03385792e+01,2.10873749e+01,2.22497735e+01
2.00000000e+01,2.04305802e+01,2.13361619e+01,2.26956695e+01
2.00000000e+01,2.02728102e+01,2.09121275e+01,2.19352477e+01
2.00000000e+01,2.02273664e+01,2.07755688e+01,2.16752479e+01
2.00000000e+01,2.02728037e+01,2.09121114e+01,2.19352205e+01
2.00000000e+01,2.04038721e+01,2.12771267e+01,2.26016330e+01
2.00000000e+01,2.02793646e+01,2.09245528e+01,2.19529709e+01
2.00000000e+01,2.02246555e+01,2.07701155e+01,2.16670678e+01
2.00000000e+01,2.02793598e+01,2.09245408e+01,2.19529491e+01
2.00000000e+01,2.03531490e+01,2.11261915e+01,2.23188802e+01
2.00000000e+01,2.02487307e+01,2.08418107e+01,2.18031911e+01
2.00000000e+01,2.02487498e+01,2.08418591e+01,2.18032729e+01
2.00000000e+01,2.03531049e+01,2.11260423e+01,2.23185801e+01
2.00000000e+01,2.04529467e+01,2.13930189e+01,2.28058076e+01
2.00000000e+01,2.03015053e+01,2.09855189e+01,2.20658287e+01
2.00000000e+01,2.03798875e+01,2.11963712e+01,2.24520736e+01
2.00000000e+01,2.02874133e+01,2.09434357e+01,2.19865371e+01
2.00000000e+01,2.04051259e+01,2.12668066e+01,2.25786185e+01
2.00000000e+01,2.02869165e+01,2.09439150e+01,2.19881628e+01
2.00000000e+01,2.03705751e+01,2.11720392e+01,2.24046813e+01
2.00000000e+01,2.05155870e+01,2.15913991e+01,2.31795444e+01
2.00000000e+01,2.03353360e+01,2.10695863e+01,2.22096342e+01
2.00000000e+01,2.04983021e+01,2.15262040e+01,2.30511734e+01
2.00000000e+01,2.03181760e+01,2.10286282e+01,2.21410966e+01
2.00000000e+01,2.04743769e+01,2.14620927e+01,2.29310402e+01
2.00000000e+01,2.03039533e+01,2.09909712e+01,2.20733177e+01
2.00000000e+01,2.04009847e+01,2.12717986e+01,2.25964691e+01
2.00000000e+01,2.07059926e+01,2.20171410e+01,2.38725541e+01
2.00000000e+01,2.03010052e+01,2.09996302e+01,2.20994022e+01
2.00000000e+01,2.06855547e+01,2.19569644e+01,2.37539598e+01
2.00000000e+01,2.03024188e+01,2.10046131e+01,2.21121879e+01
2.00000000e+01,2.05185955e+01,2.15724037e+01,2.31162020e+01
2.00000000e+01,2.03081924e+01,2.10031996e+01,2.20958182e+01
2.00000000e+01,2.04751688e+01,2.14428698e+01,2.28821770e+01
2.00000000e+01,2.04924444e+01,2.15026146e+01,2.30119343e+01
2.00000000e+01,2.03125559e+01,2.10180101e+01,2.21270122e+01
2.00000000e+01,2.04095772e+01,2.12734229e+01,2.25906743e+01
2.00000000e+01,2.02963047e+01,2.09698869e+01,2.20373513e+01
2.00000000e+01,2.04573358e+01,2.14204427e+01,2.28726891e+01
2.00000000e+01,2.03159304e+01,2.10221520e+01,2.21300790e+01
2.00000000e+01,2.03984032e+01,2.12456915e+01,2.25379386e+01
2.00000000e+01,2.07045111e+01,2.19993738e+01,2.38148470e+01
2.00000000e+01,2.03254084e+01,2.10679326e+01,2.22314432e+01
2.00000000e+01,2.05658606e+01,2.16958166e+01,2.33437141e+01
2.00000000e+01,2.03366381e+01,2.10786402e+01,2.22322189e+01
2.00000000e+01,2.07016866e+01,2.19911675e+01,2.38037531e+01
2.00000000e+01,2.03150874e+01,2.10398196e+01,2.21793272e+01
2.00000000e+01,2.04824626e+01,2.14527394e+01,2.28840890e+01
2.00000000e+01,2.12294480e+01,2.31083239e+01,2.55453568e+01
2.00000000e+01,2.02464368e+01,2.09084980e+01,2.19860841e+01
2.00000000e+01,2.07259504e+01,2.21195930e+01,2.41083837e+01
2.00000000e+01,2.03448569e+01,2.10979104e+01,2.22580206e+01
2.00000000e+01,2.06479433e+01,2.18930049e+01,2.36376191e+01
2.00000000e+01,2.03551565e+01,2.11295728e+01,2.23281105e+01
2.00000000e+01,2.06397429e+01,2.17946761e+01,2.34318401e+01
2.00000000e+01,2.04529580e+01,2.13930416e+01,2.28058462e+01
2.00000000e+01,2.03014984e+01,2.09855022e+01,2.20658039e+01
2.00000000e+01,2.03798897e+01,2.11963744e+01,2.24520806e+01
2.00000000e+01,2.02874121e+01,2.09434311e+01,2.19865315e+01
2.00000000e+01,2.03705825e+01,2.11720523e+01,2.24047035e+01
2.00000000e+01,2.02869130e+01,2.09439063e+01,2.19881496e+01
2.00000000e+01,2.04051200e+01,2.12667933e+01,2.25785977e+01
2.00000000e+01,2.05155490e+01,2.15913120e+01,2.31794056e+01
2.00000000e+01,2.03353415e+01,2.10695945e+01,2.22096473e+01
2.00000000e+01,2.04982859e+01,2.15261660e+01,2.30511140e+01
2.00000000e+01,2.03181772e+01,2.10286278e+01,2.21410965e+01
2.00000000e+01,2.04009294e+01,2.12716788e+01,2.25962833e+01
2.00000000e+01,2.03039531e+01,2.09909684e+01,2.20733143e+01
2.00000000e+01,2.04744171e+01,2.14621763e+01,2.29311748e+01
2.00000000e+01,2.07062781e+01,2.20177427e+01,2.38735213e+01
2.00000000e+01,2.03009508e+01,2.09994857e+01,2.20991480e+01
2.00000000e+01,2.06857384e+01,2.19573519e+01,2.37545827e+01
2.00000000e+01,2.03023747e+01,2.10045090e+01,2.21120165e+01
2.00000000e+01,2.04758383e+01,2.14445115e+01,2.28849990e+01
2.00000000e+01,2.03081784e+01,2.10031510e+01,2.20957280e+01
2.00000000e+01,2.05188110e+01,2.15730423e+01,2.31173709e+01
2.00000000e+01,2.05692813e+01,2.17373027e+01,2.34674885e+01
2.00000000e+01,2.04447770e+01,2.13868866e+01,2.28180563e+01
2.00000000e+01,2.05183977e+01,2.15812641e+01,2.31616161e+01
2.00000000e+01,2.05184143e+01,2.15812991e+01,2.31616688e+01
2.00000000e+01,2.13313758e+01,2.34776004e+01,2.62924751e+01
2.00000000e+01,2.09251705e+01,2.25690314e+01,2.48466126e+01
2.00000000e+01,2.08596592e+01,2.23906744e+01,2.44985287e+01
2.00000000e+01,2.08595716e+01,2.23904982e+01,2.44982513e+01
2.00000000e+01,2.08099279e+01,2.23532433e+01,2.43626252e+01
2.00000000e+01,2.08348825e+01,2.24655400e+01,2.46845150e+01
2.00000000e+01,2.07609381e+01,2.21991749e+01,2.41682668e+01
2.00000000e+01,2.07615388e+01,2.22005437e+01,2.41704907e+01
2.00000000e+01,2.07896471e+01,2.22324737e+01,2.42751905e+01
2.00000000e+01,2.05210115e+01,2.15647714e+01,2.31175685e+01
2.00000000e+01,2.07756377e+01,2.21906464e+01,2.41960707e+01
2.00000000e+01,2.05958453e+01,2.17724661e+01,2.34915362e+01
2.00000000e+01,2.11333173e+01,2.32835008e+01,2.62734308e+01
2.00000000e+01,2.09631894e+01,2.27682382e+01,2.53270917e+01
2.00000000e+01,2.09492461e+01,2.28234399e+01,2.54701029e+01
2.00000000e+01,2.08626763e+01,2.25098258e+01,2.48238072e+01
2.00000000e+01,2.04091620e+01,2.18803431e+01,2.40819065e+01
2.00000000e+01,2.20192599e+01,2.49370452e+01,2.84192793e+01
2.00000000e+01,2.22497856e+01,2.56170223e+01,2.98509613e+01
2.00000000e+01,2.05046273e+01,2.18087620e+01,2.37268684e+01
2.00000000e+01,2.04924251e+01,2.15025720e+01,2.30118759e+01
2.00000000e+01,2.03125627e+01,2.10180191e+01,2.21270267e+01
2.00000000e+01,2.04095727e+01,2.12734105e+01,2.25906586e+01
2.00000000e+01,2.02963046e+01,2.09698840e+01,2.20373478e+01
2.00000000e+01,2.03983903e+01,2.12456618e+01,2.25378982e+01
2.00000000e+01,2.03159267e+01,2.10221407e+01,2.21300623e+01
2.00000000e+01,2.04573350e+01,2.14204371e+01,2.28726830e+01
2.00000000e+01,2.07045251e+01,2.19993840e+01,2.38148576e+01
2.00000000e+01,2.03254054e+01,2.10679236e+01,2.22314328e+01
2.00000000e+01,2.05658680e+01,2.16958211e+01,2.33437223e+01
2.00000000e+01,2.03366310e+01,2.10786215e+01,2.22321924e+01
2.00000000e+01,2.04825184e+01,2.14528365e+01,2.28842274e+01
2.00000000e+01,2.03151046e+01,2.10398520e+01,2.21793790e+01
2.00000000e+01,2.07016562e+01,2.19910987e+01,2.38036554e+01
2.00000000e+01,2.12293014e+01,2.31080000e+01,2.55448682e+01
2.00000000e+01,2.02465126e+01,2.09086263e+01,2.19862723e+01
2.00000000e+01,2.07258870e+01,2.21194370e+01,2.41081355e+01
2.00000000e+01,2.03449277e+01,2.10980379e+01,2.22582097e+01
2.00000000e+01,2.06398227e+01,2.17948822e+01,2.34322380e+01
2.00000000e+01,2.03551636e+01,2.11295792e+01,2.23281190e+01
2.00000000e+01,2.06478630e+01,2.18928498e+01,2.36373824e+01
2.00000000e+01,2.07896466e+01,2.22324660e+01,2.42751815e+01
2.00000000e+01,2.05210104e+01,2.15647663e+01,2.31175616e+01
2.00000000e+01,2.05958625e+01,2.17724948e+01,2.34915833e+01
2.00000000e+01,2.07756310e+01,2.21906302e+01,2.41960484e+01
2.00000000e+01,2.11333241e+01,2.32834924e+01,2.62734338e+01
2.00000000e+01,2.09631891e+01,2.27682287e+01,2.53270868e+01
2.00000000e+01,2.08625525e+01,2.25095620e+01,2.48234191e+01
2.00000000e+01,2.09492804e+01,2.28234980e+01,2.54701947e+01
2.00000000e+01,2.04090664e+01,2.18800566e+01,2.40813700e+01
2.00000000e+01,2.20190149e+01,2.49365051e+01,2.84184748e+01
2.00000000e+01,2.05047525e+01,2.18089697e+01,2.37271331e+01
2.00000000e+01,2.22500951e+01,2.56176580e+01,2.98519700e+01
2.00000000e+01,2.14084875e+01,2.35461304e+01,2.63399232e+01
2.00000000e+01,2.07017636e+01,2.19533332e+01,2.37296924e+01
2.00000000e+01,2.07958715e+01,2.23071453e+01,2.44870502e+01
2.00000000e+01,2.07958814e+01,2.23071644e+01,2.44870739e+01
2.00000000e+01,2.05812426e+01,2.27785320e+01,2.67614471e+01
2.00000000e+01,2.07027560e+01,2.24408560e+01,2.51935458e+01
2.00000000e+01,2.23637705e+01,2.60238839e+01,3.08911673e+01
2.00000000e+01,2.23637185e+01,2.60238158e+01,3.08910677e+01
2.00000000e+01,4.66666667e+01,7.33333333e+01,1.00000000e+02
2.00000000e+01,2.98830506e+01,4.28795114e+01,5.94130976e+01
2.00000000e+01,2.73693217e+01,3.48525785e+01,4.17369299e+01
2.00000000e+01,2.73691142e+01,3.48522460e+01,4.17362462e+01
2.00000000e+01,2.05692823e+01,2.17373063e+01,2.34674944e+01
2.00000000e+01,2.07896482e+01,2.22324717e+01,2.42751923e+01
2.00000000e+01,2.04447776e+01,2.13868886e+01,2.28180596e+01
2.00000000e+01,2.05210111e+01,2.15647687e+01,2.31175660e+01
2.00000000e+01,2.07756382e+01,2.21906485e+01,2.41960746e+01
2.00000000e+01,2.07756324e+01,2.21906349e+01,2.41960567e+01
2.00000000e+01,2.07958721e+01,2.23071466e+01,2.44870522e+01
2.00000000e+01,2.13313781e+01,2.34776097e+01,2.62924908e+01
2.00000000e+01,2.11333304e+01,2.32835098e+01,2.62734606e+01
2.00000000e+01,2.09251722e+01,2.25690377e+01,2.48466232e+01
2.00000000e+01,2.09631918e+01,2.27682374e+01,2.53271005e+01
2.00000000e+01,2.09492482e+01,2.28234459e+01,2.54701118e+01
2.00000000e+01,2.09492852e+01,2.28235124e+01,2.54702181e+01
2.00000000e+01,2.23637764e+01,2.60239055e+01,3.08912082e+01
2.00000000e+01,2.08099355e+01,2.23532664e+01,2.43626601e+01
2.00000000e+01,2.04090752e+01,2.18800794e+01,2.40814005e+01
2.00000000e+01,2.08348873e+01,2.24655550e+01,2.46845375e+01
2.00000000e+01,2.20190244e+01,2.49365362e+01,2.84185254e+01
2.00000000e+01,2.22497864e+01,2.56170250e+01,2.98509618e+01
2.00000000e+01,2.22501033e+01,2.56176841e+01,2.98520098e+01
2.00000000e+01,2.73693603e+01,3.48526856e+01,4.17370853e+01
2.00000000e+01,2.04529593e+01,2.13930457e+01,2.28058537e+01
2.00000000e+01,2.04924264e+01,2.15025761e+01,2.30118832e+01
2.00000000e+01,2.03798905e+01,2.11963773e+01,2.24520855e+01
2.00000000e+01,2.04095736e+01,2.12734134e+01,2.25906643e+01
2.00000000e+01,2.05183988e+01,2.15812678e+01,2.31616231e+01
2.00000000e+01,2.04573362e+01,2.14204415e+01,2.28726903e+01
2.00000000e+01,2.05958642e+01,2.17725002e+01,2.34915929e+01
2.00000000e+01,2.05155509e+01,2.15913185e+01,2.31794168e+01
2.00000000e+01,2.07045278e+01,2.19993935e+01,2.38148740e+01
2.00000000e+01,2.04982874e+01,2.15261712e+01,2.30511232e+01
2.00000000e+01,2.05658702e+01,2.16958281e+01,2.33437344e+01
2.00000000e+01,2.08596621e+01,2.23906842e+01,2.44985442e+01
2.00000000e+01,2.07016586e+01,2.19911068e+01,2.38036702e+01
2.00000000e+01,2.08625562e+01,2.25095734e+01,2.48234371e+01
2.00000000e+01,2.07062813e+01,2.20177522e+01,2.38735373e+01
2.00000000e+01,2.12293048e+01,2.31080122e+01,2.55448897e+01
2.00000000e+01,2.06857413e+01,2.19573611e+01,2.37545984e+01
2.00000000e+01,2.07258898e+01,2.21194462e+01,2.41081503e+01
2.00000000e+01,2.07609419e+01,2.21991883e+01,2.41682889e+01
2.00000000e+01,2.06478665e+01,2.18928608e+01,2.36374021e+01
2.00000000e+01,2.05047577e+01,2.18089841e+01,2.37271562e+01
2.00000000e+01,2.03014993e+01,2.09855054e+01,2.20658093e+01
2.00000000e+01,2.03125638e+01,2.10180226e+01,2.21270331e+01
2.00000000e+01,2.02874129e+01,2.09434337e+01,2.19865366e+01
2.00000000e+01,2.02963055e+01,2.09698867e+01,2.20373531e+01
2.00000000e+01,2.03705835e+01,2.11720562e+01,2.24047100e+01
2.00000000e+01,2.03159277e+01,2.10221441e+01,2.21300683e+01
2.00000000e+01,2.03983915e+01,2.12456656e+01,2.25379054e+01
2.00000000e+01,2.03353426e+01,2.10695987e+01,2.22096544e+01
2.00000000e+01,2.03254066e+01,2.10679274e+01,2.22314403e+01
2.00000000e+01,2.03181783e+01,2.10286314e+01,2.21411033e+01
2.00000000e+01,2.03366321e+01,2.10786254e+01,2.22321993e+01
2.00000000e+01,2.04009307e+01,2.12716839e+01,2.25962921e+01
2.00000000e+01,2.03151059e+01,2.10398560e+01,2.21793865e+01
2.00000000e+01,2.04825202e+01,2.14528426e+01,2.28842385e+01
2.00000000e+01,2.03009519e+01,2.09994900e+01,2.20991554e+01
2.00000000e+01,2.02465138e+01,2.09086306e+01,2.19862796e+01
2.00000000e+01,2.03023758e+01,2.10045130e+01,2.21120237e+01
2.00000000e+01,2.03449289e+01,2.10980427e+01,2.22582181e+01
2.00000000e+01,2.04758402e+01,2.14445175e+01,2.28850095e+01
2.00000000e+01,2.03551647e+01,2.11295836e+01,2.23281265e+01
2.00000000e+01,2.06398248e+01,2.17948892e+01,2.34322509e+01
2.00000000e+01,2.04529472e+01,2.13930204e+01,2.28058109e+01
2.00000000e+01,2.03798879e+01,2.11963725e+01,2.24520759e+01
2.00000000e+01,2.04573361e+01,2.14204435e+01,2.28726908e+01
2.00000000e+01,2.05184152e+01,2.15813019e+01,2.31616736e+01
2.00000000e+01,2.05155878e+01,2.15914017e+01,2.31795489e+01
2.00000000e+01,2.04983029e+01,2.15262063e+01,2.30511778e+01
2.00000000e+01,2.07016871e+01,2.19911687e+01,2.38037554e+01
2.00000000e+01,2.08595721e+01,2.23905018e+01,2.44982577e+01
2.00000000e+01,2.07059929e+01,2.20171425e+01,2.38725572e+01
2.00000000e+01,2.06855550e+01,2.19569664e+01,2.37539632e+01
2.00000000e+01,2.06479424e+01,2.18930035e+01,2.36376170e+01
2.00000000e+01,2.07615516e+01,2.22005750e+01,2.41705409e+01
2.00000000e+01,2.03551755e+01,2.11337867e+01,2.23382023e+01
2.00000000e+01,2.03205138e+01,2.10361991e+01,2.21590475e+01
2.00000000e+01,2.04051265e+01,2.12668089e+01,2.25786225e+01
2.00000000e+01,2.04051211e+01,2.12667966e+01,2.25786038e+01
2.00000000e+01,2.04100669e+01,2.12795075e+01,2.25939819e+01
2.00000000e+01,2.03871076e+01,2.12188662e+01,2.24883947e+01
2.00000000e+01,2.04743782e+01,2.14620967e+01,2.29310476e+01
2.00000000e+01,2.04744187e+01,2.14621819e+01,2.29311845e+01
2.00000000e+01,2.04305823e+01,2.13361674e+01,2.26956798e+01
2.00000000e+01,2.04038739e+01,2.12771313e+01,2.26016422e+01
2.00000000e+01,2.05185962e+01,2.15724066e+01,2.31162075e+01
2.00000000e+01,2.05188123e+01,2.15730473e+01,2.31173798e+01
2.00000000e+01,2.02690915e+01,2.08927815e+01,2.18923177e+01
2.00000000e+01,2.02599507e+01,2.08657552e+01,2.18413734e+01
2.00000000e+01,2.03092561e+01,2.10064816e+01,2.21038083e+01
2.00000000e+01,2.02869138e+01,2.09439093e+01,2.19881548e+01
2.00000000e+01,2.02749825e+01,2.09141252e+01,2.19355649e+01
2.00000000e+01,2.02729026e+01,2.09062173e+01,2.19192848e+01
2.00000000e+01,2.03385832e+01,2.10873832e+01,2.22497877e+01
2.00000000e+01,2.03039540e+01,2.09909719e+01,2.20733206e+01
2.00000000e+01,2.02728109e+01,2.09121304e+01,2.19352531e+01
2.00000000e+01,2.02793654e+01,2.09245558e+01,2.19529763e+01
2.00000000e+01,2.03531503e+01,2.11261959e+01,2.23188878e+01
2.00000000e+01,2.03081796e+01,2.10031552e+01,2.20957354e+01
2.00000000e+01,2.03015056e+01,2.09855196e+01,2.20658304e+01
2.00000000e+01,2.02874136e+01,2.09434363e+01,2.19865388e+01
2.00000000e+01,2.03159305e+01,2.10221524e+01,2.21300796e+01
2.00000000e+01,2.03705755e+01,2.11720403e+01,2.24046837e+01
2.00000000e+01,2.03353363e+01,2.10695875e+01,2.22096359e+01
2.00000000e+01,2.03181763e+01,2.10286291e+01,2.21410984e+01
2.00000000e+01,2.03150874e+01,2.10398203e+01,2.21793278e+01
2.00000000e+01,2.04009851e+01,2.12717998e+01,2.25964716e+01
2.00000000e+01,2.03010054e+01,2.09996308e+01,2.20994028e+01
2.00000000e+01,2.03024190e+01,2.10046141e+01,2.21121889e+01
2.00000000e+01,2.03551566e+01,2.11295736e+01,2.23281114e+01
2.00000000e+01,2.04751694e+01,2.14428712e+01,2.28821803e+01
2.00000000e+01,2.02690912e+01,2.08927818e+01,2.18923174e+01
2.00000000e+01,2.02599511e+01,2.08657567e+01,2.18413745e+01
2.00000000e+01,2.02869169e+01,2.09439164e+01,2.19881650e+01
2.00000000e+01,2.03092551e+01,2.10064798e+01,2.21038045e+01
2.00000000e+01,2.02749853e+01,2.09141324e+01,2.19355762e+01
2.00000000e+01,2.02729039e+01,2.09062209e+01,2.19192898e+01
2.00000000e+01,2.03039537e+01,2.09909724e+01,2.20733204e+01
2.00000000e+01,2.03385799e+01,2.10873774e+01,2.22497782e+01
2.00000000e+01,2.02728041e+01,2.09121133e+01,2.19352237e+01
2.00000000e+01,2.02793603e+01,2.09245425e+01,2.19529525e+01
2.00000000e+01,2.03081928e+01,2.10032009e+01,2.20958209e+01
2.00000000e+01,2.03531057e+01,2.11260453e+01,2.23185852e+01
2.00000000e+01,2.02254429e+01,2.07694138e+01,2.16626795e+01
2.00000000e+01,2.02241594e+01,2.07642015e+01,2.16515233e+01
2.00000000e+01,2.02475334e+01,2.08319998e+01,2.17793644e+01
2.00000000e+01,2.02475336e+01,2.08319998e+01,2.17793644e+01
2.00000000e+01,2.02263679e+01,2.07733753e+01,2.16715378e+01
2.00000000e+01,2.02264174e+01,2.07728357e+01,2.16697714e+01
2.00000000e+01,2.02505397e+01,2.08438565e+01,2.18042233e+01
2.00000000e+01,2.02505366e+01,2.08438489e+01,2.18042110e+01
2.00000000e+01,2.02273670e+01,2.07755706e+01,2.16752518e+01
2.00000000e+01,2.02246560e+01,2.07701176e+01,2.16670714e+01
2.00000000e+01,2.02487504e+01,2.08418610e+01,2.18032770e+01
2.00000000e+01,2.02487314e+01,2.08418133e+01,2.18031959e+01
2.00000000e+01,2.04529580e+01,2.13930387e+01,2.28058451e+01
2.00000000e+01,2.03014986e+01,2.09855005e+01,2.20658033e+01
2.00000000e+01,2.03798898e+01,2.11963726e+01,2.24520792e+01
2.00000000e+01,2.02874122e+01,2.09434297e+01,2.19865311e+01
2.00000000e+01,2.03705826e+01,2.11720503e+01,2.24047028e+01
2.00000000e+01,2.03159268e+01,2.10221398e+01,2.21300619e+01
2.00000000e+01,2.04573350e+01,2.14204357e+01,2.28726822e+01
2.00000000e+01,2.05155492e+01,2.15913072e+01,2.31794044e+01
2.00000000e+01,2.03353416e+01,2.10695929e+01,2.22096463e+01
2.00000000e+01,2.04982860e+01,2.15261617e+01,2.30511128e+01
2.00000000e+01,2.03181774e+01,2.10286261e+01,2.21410958e+01
2.00000000e+01,2.04009294e+01,2.12716762e+01,2.25962822e+01
2.00000000e+01,2.03151046e+01,2.10398511e+01,2.21793784e+01
2.00000000e+01,2.07016563e+01,2.19910961e+01,2.38036551e+01
2.00000000e+01,2.07062783e+01,2.20177371e+01,2.38735194e+01
2.00000000e+01,2.03009507e+01,2.09994842e+01,2.20991468e+01
2.00000000e+01,2.06857387e+01,2.19573460e+01,2.37545812e+01
2.00000000e+01,2.03023747e+01,2.10045076e+01,2.21120154e+01
2.00000000e+01,2.04758384e+01,2.14445086e+01,2.28849976e+01
2.00000000e+01,2.03551636e+01,2.11295783e+01,2.23281184e+01
2.00000000e+01,2.06478631e+01,2.18928466e+01,2.36373817e+01
2.00000000e+01,2.05692814e+01,2.17372973e+01,2.34674868e+01
2.00000000e+01,2.04447772e+01,2.13868838e+01,2.28180553e+01
2.00000000e+01,2.05183979e+01,2.15812598e+01,2.31616150e+01
2.00000000e+01,2.07756312e+01,2.21906268e+01,2.41960473e+01
2.00000000e+01,2.13313760e+01,2.34775815e+01,2.62924713e+01
2.00000000e+01,2.09251707e+01,2.25690208e+01,2.48466098e+01
2.00000000e+01,2.08596593e+01,2.23906651e+01,2.44985256e+01
2.00000000e+01,2.09492807e+01,2.28234859e+01,2.54701938e+01
2.00000000e+01,2.08099287e+01,2.23532135e+01,2.43626202e+01
2.00000000e+01,2.08348832e+01,2.24655165e+01,2.46845108e+01
2.00000000e+01,2.07609384e+01,2.21991626e+01,2.41682653e+01
2.00000000e+01,2.22500952e+01,2.56176425e+01,2.98519711e+01
2.00000000e+01,2.07896475e+01,2.22324644e+01,2.42751885e+01
2.00000000e+01,2.05210116e+01,2.15647678e+01,2.31175671e+01
2.00000000e+01,2.07756379e+01,2.21906387e+01,2.41960690e+01
2.00000000e+01,2.07958816e+01,2.23071621e+01,2.44870729e+01
2.00000000e+01,2.11333186e+01,2.32834728e+01,2.62734268e+01
2.00000000e+01,2.09631901e+01,2.27682246e+01,2.53270892e+01
2.00000000e+01,2.09492471e+01,2.28234154e+01,2.54700978e+01
2.00000000e+01,2.23637196e+01,2.60237807e+01,3.08910648e+01
2.00000000e+01,2.04091630e+01,2.18803019e+01,2.40818957e+01
2.00000000e+01,2.20192604e+01,2.49369915e+01,2.84192688e+01
2.00000000e+01,2.22497869e+01,2.56169839e+01,2.98509485e+01
2.00000000e+01,2.73691208e+01,3.48520651e+01,4.17362399e+01
2.00000000e+01,2.03551748e+01,2.11337798e+01,2.23381954e+01
2.00000000e+01,2.02690909e+01,2.08927769e+01,2.18923115e+01
2.00000000e+01,2.03205132e+01,2.10361943e+01,2.21590415e+01
2.00000000e+01,2.02599502e+01,2.08657509e+01,2.18413680e+01
2.00000000e+01,2.03092554e+01,2.10064761e+01,2.21038013e+01
2.00000000e+01,2.02869131e+01,2.09439043e+01,2.19881487e+01
2.00000000e+01,2.04051202e+01,2.12667897e+01,2.25785962e+01
2.00000000e+01,2.04100662e+01,2.12794984e+01,2.25939729e+01
2.00000000e+01,2.02749816e+01,2.09141199e+01,2.19355572e+01
2.00000000e+01,2.03871069e+01,2.12188582e+01,2.24883868e+01
2.00000000e+01,2.02729018e+01,2.09062122e+01,2.19192780e+01
2.00000000e+01,2.03385824e+01,2.10873762e+01,2.22497795e+01
2.00000000e+01,2.03039531e+01,2.09909664e+01,2.20733128e+01
2.00000000e+01,2.04744173e+01,2.14621704e+01,2.29311726e+01
2.00000000e+01,2.04305804e+01,2.13361557e+01,2.26956670e+01
2.00000000e+01,2.02728102e+01,2.09121250e+01,2.19352458e+01
2.00000000e+01,2.04038724e+01,2.12771207e+01,2.26016307e+01
2.00000000e+01,2.02793647e+01,2.09245502e+01,2.19529693e+01
2.00000000e+01,2.03531491e+01,2.11261876e+01,2.23188778e+01
2.00000000e+01,2.03081785e+01,2.10031489e+01,2.20957267e+01
2.00000000e+01,2.05188112e+01,2.15730357e+01,2.31173686e+01
2.00000000e+01,2.04529470e+01,2.13930129e+01,2.28058050e+01
2.00000000e+01,2.03798876e+01,2.11963673e+01,2.24520715e+01
2.00000000e+01,2.04051260e+01,2.12668019e+01,2.25786159e+01
2.00000000e+01,2.05184145e+01,2.15812927e+01,2.31616666e+01
2.00000000e+01,2.05155873e+01,2.15913889e+01,2.31795399e+01
2.00000000e+01,2.04983025e+01,2.15261956e+01,2.30511701e+01
2.00000000e+01,2.04743772e+01,2.14620847e+01,2.29310370e+01
2.00000000e+01,2.08595720e+01,2.23904839e+01,2.44982477e+01
2.00000000e+01,2.07059929e+01,2.20171295e+01,2.38725499e+01
2.00000000e+01,2.06855550e+01,2.19569528e+01,2.37539553e+01
2.00000000e+01,2.05185957e+01,2.15723946e+01,2.31161982e+01
2.00000000e+01,2.07615391e+01,2.22005226e+01,2.41704834e+01
2.00000000e+01,2.04924446e+01,2.15026084e+01,2.30119312e+01
2.00000000e+01,2.04095774e+01,2.12734185e+01,2.25906720e+01
2.00000000e+01,2.04573360e+01,2.14204366e+01,2.28726862e+01
2.00000000e+01,2.05958457e+01,2.17724579e+01,2.34915337e+01
2.00000000e+01,2.07045117e+01,2.19993602e+01,2.38148429e+01
2.00000000e+01,2.05658610e+01,2.16958064e+01,2.33437107e+01
2.00000000e+01,2.07016870e+01,2.19911550e+01,2.38037483e+01
2.00000000e+01,2.08626766e+01,2.25098071e+01,2.48238013e+01
2.00000000e+01,2.12294478e+01,2.31083023e+01,2.55453487e+01
2.00000000e+01,2.07259502e+01,2.21195775e+01,2.41083763e+01
2.00000000e+01,2.06479436e+01,2.18929871e+01,2.36376128e+01
2.00000000e+01,2.05046290e+01,2.18087402e+01,2.37268644e+01
2.00000000e+01,2.02690909e+01,2.08927768e+01,2.18923121e+01
2.00000000e+01,2.02254424e+01,2.07694096e+01,2.16626743e+01
2.00000000e+01,2.02599509e+01,2.08657521e+01,2.18413702e+01
2.00000000e+01,2.02241589e+01,2.07641977e+01,2.16515183e+01
2.00000000e+01,2.02475330e+01,2.08319951e+01,2.17793592e+01
2.00000000e+01,2.02475330e+01,2.08319953e+01,2.17793589e+01
2.00000000e+01,2.03092547e+01,2.10064738e+01,2.21037985e+01
2.00000000e+01,2.02749849e+01,2.09141266e+01,2.19355702e+01
2.00000000e+01,2.02263674e+01,2.07733707e+01,2.16715326e+01
2.00000000e+01,2.02729035e+01,2.09062154e+01,2.19192839e+01
2.00000000e+01,2.02264170e+01,2.07728311e+01,2.16697663e+01
2.00000000e+01,2.02505392e+01,2.08438513e+01,2.18042176e+01
2.00000000e+01,2.02505359e+01,2.08438440e+01,2.18042044e+01
2.00000000e+01,2.03385794e+01,2.10873699e+01,2.22497710e+01
2.00000000e+01,2.02728038e+01,2.09121070e+01,2.19352184e+01
2.00000000e+01,2.02273666e+01,2.07755659e+01,2.16752464e+01
2.00000000e+01,2.02793600e+01,2.09245364e+01,2.19529469e+01
2.00000000e+01,2.02246556e+01,2.07701128e+01,2.16670660e+01
2.00000000e+01,2.02487499e+01,2.08418554e+01,2.18032712e+01
2.00000000e+01,2.02487308e+01,2.08418079e+01,2.18031894e+01
2.00000000e+01,2.03531050e+01,2.11260371e+01,2.23185775e+01
2.00000000e+01,2.03015054e+01,2.09855145e+01,2.20658262e+01
2.00000000e+01,2.02874135e+01,2.09434319e+01,2.19865353e+01
2.00000000e+01,2.02869167e+01,2.09439110e+01,2.19881605e+01
2.00000000e+01,2.03705752e+01,2.11720341e+01,2.24046786e+01
2.00000000e+01,2.03353362e+01,2.10695808e+01,2.22096313e+01
2.00000000e+01,2.03181762e+01,2.10286231e+01,2.21410939e+01
2.00000000e+01,2.03039534e+01,2.09909665e+01,2.20733148e+01
2.00000000e+01,2.04009851e+01,2.12717911e+01,2.25964654e+01
2.00000000e+01,2.03010056e+01,2.09996244e+01,2.20993986e+01
2.00000000e+01,2.03024191e+01,2.10046075e+01,2.21121845e+01
2.00000000e+01,2.03081927e+01,2.10031943e+01,2.20958156e+01
2.00000000e+01,2.04751690e+01,2.14428617e+01,2.28821730e+01
2.00000000e+01,2.03125560e+01,2.10180054e+01,2.21270098e+01
2.00000000e+01,2.02963048e+01,2.09698833e+01,2.20373485e+01
2.00000000e+01,2.03159304e+01,2.10221475e+01,2.21300763e+01
2.00000000e+01,2.03984035e+01,2.12456858e+01,2.25379359e+01
2.00000000e+01,2.03254086e+01,2.10679270e+01,2.22314401e+01
2.00000000e+01,2.03366382e+01,2.10786350e+01,2.22322160e+01
2.00000000e+01,2.03150876e+01,2.10398139e+01,2.21793241e+01
2.00000000e+01,2.04824630e+01,2.14527306e+01,2.28840854e+01
2.00000000e+01,2.02464372e+01,2.09084923e+01,2.19860805e+01
2.00000000e+01,2.03448573e+01,2.10979040e+01,2.22580175e+01
2.00000000e+01,2.03551567e+01,2.11295670e+01,2.23281066e+01
2.00000000e+01,2.06397432e+01,2.17946653e+01,2.34318357e+01
2.00000000e+01,2.04529475e+01,2.13930152e+01,2.28058082e+01
2.00000000e+01,2.03015058e+01,2.09855152e+01,2.20658285e+01
2.00000000e+01,2.03798881e+01,2.11963686e+01,2.24520740e+01
2.00000000e+01,2.02874137e+01,2.09434327e+01,2.19865370e+01
2.00000000e+01,2.04573363e+01,2.14204377e+01,2.28726879e+01
2.00000000e+01,2.03705757e+01,2.11720355e+01,2.24046812e+01
2.00000000e+01,2.03159306e+01,2.10221478e+01,2.21300778e+01
2.00000000e+01,2.05155884e+01,2.15913919e+01,2.31795459e+01
2.00000000e+01,2.03353366e+01,2.10695823e+01,2.22096333e+01
2.00000000e+01,2.04983033e+01,2.15261985e+01,2.30511748e+01
2.00000000e+01,2.03181765e+01,2.10286242e+01,2.21410961e+01
2.00000000e+01,2.07016876e+01,2.19911566e+01,2.38037521e+01
2.00000000e+01,2.04009856e+01,2.12717930e+01,2.25964688e+01
2.00000000e+01,2.03150878e+01,2.10398146e+01,2.21793251e+01
2.00000000e+01,2.07059941e+01,2.20171333e+01,2.38725562e+01
2.00000000e+01,2.03010060e+01,2.09996258e+01,2.20994010e+01
2.00000000e+01,2.06855563e+01,2.19569565e+01,2.37539624e+01
2.00000000e+01,2.03024193e+01,2.10046090e+01,2.21121864e+01
2.00000000e+01,2.06479442e+01,2.18929899e+01,2.36376167e+01
2.00000000e+01,2.04751696e+01,2.14428636e+01,2.28821765e+01
2.00000000e+01,2.03551568e+01,2.11295677e+01,2.23281078e+01
2.00000000e+01,2.03551756e+01,2.11337827e+01,2.23382001e+01
2.00000000e+01,2.02690914e+01,2.08927784e+01,2.18923154e+01
2.00000000e+01,2.03205139e+01,2.10361963e+01,2.21590455e+01
2.00000000e+01,2.02599513e+01,2.08657535e+01,2.18413731e+01
2.00000000e+01,2.04051268e+01,2.12668043e+01,2.25786204e+01
2.00000000e+01,2.03092552e+01,2.10064761e+01,2.21038022e+01
2.00000000e+01,2.02869170e+01,2.09439124e+01,2.19881631e+01
2.00000000e+01,2.04100672e+01,2.12795021e+01,2.25939796e+01
2.00000000e+01,2.02749854e+01,2.09141285e+01,2.19355737e+01
2.00000000e+01,2.03871078e+01,2.12188615e+01,2.24883925e+01
2.00000000e+01,2.02729040e+01,2.09062172e+01,2.19192874e+01
2.00000000e+01,2.04743784e+01,2.14620883e+01,2.29310440e+01
2.00000000e+01,2.03385801e+01,2.10873725e+01,2.22497759e+01
2.00000000e+01,2.03039539e+01,2.09909680e+01,2.20733180e+01
2.00000000e+01,2.04305816e+01,2.13361598e+01,2.26956737e+01
2.00000000e+01,2.02728043e+01,2.09121091e+01,2.19352217e+01
2.00000000e+01,2.04038734e+01,2.12771248e+01,2.26016370e+01
2.00000000e+01,2.02793605e+01,2.09245384e+01,2.19529505e+01
2.00000000e+01,2.05185971e+01,2.15723993e+01,2.31162060e+01
2.00000000e+01,2.03531058e+01,2.11260399e+01,2.23185825e+01
2.00000000e+01,2.03081931e+01,2.10031960e+01,2.20958184e+01
2.00000000e+01,2.02690916e+01,2.08927794e+01,2.18923162e+01
2.00000000e+01,2.02254429e+01,2.07694114e+01,2.16626777e+01
2.00000000e+01,2.02599508e+01,2.08657532e+01,2.18413721e+01
2.00000000e+01,2.02241594e+01,2.07641994e+01,2.16515219e+01
2.00000000e+01,2.03092561e+01,2.10064787e+01,2.21038062e+01
2.00000000e+01,2.02475336e+01,2.08319975e+01,2.17793628e+01
2.00000000e+01,2.02475335e+01,2.08319970e+01,2.17793624e+01
2.00000000e+01,2.02749825e+01,2.09141226e+01,2.19355628e+01
2.00000000e+01,2.02263679e+01,2.07733728e+01,2.16715361e+01
2.00000000e+01,2.02729026e+01,2.09062148e+01,2.19192832e+01
2.00000000e+01,2.02264175e+01,2.07728331e+01,2.16697698e+01
2.00000000e+01,2.03385834e+01,2.10873795e+01,2.22497856e+01
2.00000000e+01,2.02505365e+01,2.08438465e+01,2.18042088e+01
2.00000000e+01,2.02505397e+01,2.08438534e+01,2.18042211e+01
2.00000000e+01,2.02728110e+01,2.09121285e+01,2.19352511e+01
2.00000000e+01,2.02273671e+01,2.07755678e+01,2.16752504e+01
2.00000000e+01,2.02793655e+01,2.09245534e+01,2.19529748e+01
2.00000000e+01,2.02246560e+01,2.07701150e+01,2.16670696e+01
2.00000000e+01,2.03531502e+01,2.11261912e+01,2.23188844e+01
2.00000000e+01,2.02487315e+01,2.08418105e+01,2.18031938e+01
2.00000000e+01,2.02487505e+01,2.08418576e+01,2.18032747e+01
2.00000000e+01,2.05692825e+01,2.17373009e+01,2.34674929e+01
2.00000000e+01,2.04447777e+01,2.13868857e+01,2.28180585e+01
2.00000000e+01,2.07756385e+01,2.21906410e+01,2.41960724e+01
2.00000000e+01,2.05184154e+01,2.15812957e+01,2.31616715e+01
2.00000000e+01,2.13313796e+01,2.34775931e+01,2.62924909e+01
2.00000000e+01,2.09251728e+01,2.25690275e+01,2.48466217e+01
2.00000000e+01,2.09492496e+01,2.28234233e+01,2.54701108e+01
2.00000000e+01,2.08595738e+01,2.23904897e+01,2.44982575e+01
2.00000000e+01,2.08099348e+01,2.23532322e+01,2.43626510e+01
2.00000000e+01,2.08348882e+01,2.24655314e+01,2.46845346e+01
2.00000000e+01,2.22497902e+01,2.56169961e+01,2.98509700e+01
2.00000000e+01,2.07615418e+01,2.22005311e+01,2.41704988e+01
2.00000000e+01,2.04529593e+01,2.13930424e+01,2.28058527e+01
2.00000000e+01,2.03798906e+01,2.11963753e+01,2.24520845e+01
2.00000000e+01,2.05183991e+01,2.15812638e+01,2.31616220e+01
2.00000000e+01,2.04051211e+01,2.12667930e+01,2.25786021e+01
2.00000000e+01,2.05155512e+01,2.15913137e+01,2.31794148e+01
2.00000000e+01,2.04982877e+01,2.15261669e+01,2.30511223e+01
2.00000000e+01,2.08596620e+01,2.23906745e+01,2.44985409e+01
2.00000000e+01,2.04744188e+01,2.14621755e+01,2.29311816e+01
2.00000000e+01,2.07062809e+01,2.20177445e+01,2.38735321e+01
2.00000000e+01,2.06857411e+01,2.19573533e+01,2.37545940e+01
2.00000000e+01,2.07609426e+01,2.21991746e+01,2.41682848e+01
2.00000000e+01,2.05188131e+01,2.15730417e+01,2.31173786e+01
2.00000000e+01,2.03014994e+01,2.09855039e+01,2.20658089e+01
2.00000000e+01,2.02874129e+01,2.09434326e+01,2.19865357e+01
2.00000000e+01,2.03705836e+01,2.11720539e+01,2.24047093e+01
2.00000000e+01,2.02869140e+01,2.09439070e+01,2.19881541e+01
2.00000000e+01,2.03353427e+01,2.10695966e+01,2.22096533e+01
2.00000000e+01,2.03181784e+01,2.10286297e+01,2.21411022e+01
2.00000000e+01,2.04009308e+01,2.12716812e+01,2.25962904e+01
2.00000000e+01,2.03039540e+01,2.09909697e+01,2.20733191e+01
2.00000000e+01,2.03009520e+01,2.09994878e+01,2.20991550e+01
2.00000000e+01,2.03023759e+01,2.10045111e+01,2.21120229e+01
2.00000000e+01,2.04758400e+01,2.14445142e+01,2.28850068e+01
2.00000000e+01,2.03081796e+01,2.10031523e+01,2.20957332e+01
2.00000000e+01,2.07756326e+01,2.21906316e+01,2.41960565e+01
2.00000000e+01,2.09492859e+01,2.28235004e+01,2.54702162e+01
2.00000000e+01,2.22501032e+01,2.56176634e+01,2.98519987e+01
2.00000000e+01,2.04573362e+01,2.14204398e+01,2.28726896e+01
2.00000000e+01,2.07016588e+01,2.19911043e+01,2.38036689e+01
2.00000000e+01,2.06478661e+01,2.18928571e+01,2.36373989e+01
2.00000000e+01,2.03159277e+01,2.10221432e+01,2.21300680e+01
2.00000000e+01,2.03151058e+01,2.10398551e+01,2.21793857e+01
2.00000000e+01,2.03551648e+01,2.11295822e+01,2.23281264e+01
2.00000000e+01,2.00309053e+01,2.01442130e+01,2.03942937e+01
2.00000000e+01,2.00283160e+01,2.01339570e+01,2.03701727e+01
2.00000000e+01,2.00245350e+01,2.01186227e+01,2.03333764e+01
2.00000000e+01,2.00283171e+01,2.01339612e+01,2.03701820e+01
2.00000000e+01,2.00317590e+01,2.01473356e+01,2.04011946e+01
2.00000000e+01,2.00294732e+01,2.01382624e+01,2.03798122e+01
2.00000000e+01,2.00261099e+01,2.01246832e+01,2.03473234e+01
2.00000000e+01,2.00294734e+01,2.01382630e+01,2.03798137e+01
2.00000000e+01,2.00294478e+01,2.01384637e+01,2.03808199e+01
2.00000000e+01,2.00261751e+01,2.01253318e+01,2.03495874e+01
2.00000000e+01,2.00261724e+01,2.01253210e+01,2.03495616e+01
2.00000000e+01,2.00294471e+01,2.01384612e+01,2.03808147e+01
2.00000000e+01,2.00310972e+01,2.01449176e+01,2.03958563e+01
2.00000000e+01,2.00285830e+01,2.01349464e+01,2.03723793e+01
2.00000000e+01,2.00249377e+01,2.01202114e+01,2.03371140e+01
2.00000000e+01,2.00285836e+01,2.01349484e+01,2.03723839e+01
2.00000000e+01,2.00305432e+01,2.01425138e+01,2.03898423e+01
2.00000000e+01,2.00276826e+01,2.01310562e+01,2.03626239e+01
2.00000000e+01,2.00276827e+01,2.01310565e+01,2.03626246e+01
2.00000000e+01,2.00305434e+01,2.01425145e+01,2.03898438e+01
2.00000000e+01,2.00344621e+01,2.01571583e+01,2.04228117e+01
2.00000000e+01,2.00331162e+01,2.01516798e+01,2.04096620e+01
2.00000000e+01,2.00310246e+01,2.01432032e+01,2.03893110e+01
2.00000000e+01,2.00331163e+01,2.01516801e+01,2.04096624e+01
2.00000000e+01,2.00328672e+01,2.01513730e+01,2.04100938e+01
2.00000000e+01,2.00309613e+01,2.01437664e+01,2.03920902e+01
2.00000000e+01,2.00280937e+01,2.01322132e+01,2.03644767e+01
2.00000000e+01,2.00309614e+01,2.01437668e+01,2.03920910e+01
2.00000000e+01,2.00337802e+01,2.01543674e+01,2.04160916e+01
2.00000000e+01,2.00320640e+01,2.01474009e+01,2.03993755e+01
2.00000000e+01,2.00320640e+01,2.01474010e+01,2.03993757e+01
2.00000000e+01,2.00337802e+01,2.01543675e+01,2.04160919e+01
2.00000000e+01,2.00366022e+01,2.01648765e+01,2.04397202e+01
2.00000000e+01,2.00360585e+01,2.01623907e+01,2.04333168e+01
2.00000000e+01,2.00351282e+01,2.01583590e+01,2.04232061e+01
2.00000000e+01,2.00360586e+01,2.01623909e+01,2.04333173e+01
2.00000000e+01,2.00223136e+01,2.01092651e+01,2.03100350e+01
2.00000000e+01,2.00268498e+01,2.01280915e+01,2.03562859e+01
2.00000000e+01,2.00241490e+01,2.01165988e+01,2.03275833e+01
2.00000000e+01,2.00281176e+01,2.01327939e+01,2.03667441e+01
2.00000000e+01,2.00232505e+01,2.01133036e+01,2.03203593e+01
2.00000000e+01,2.00242842e+01,2.01175616e+01,2.03306787e+01
2.00000000e+01,2.00274294e+01,2.01303916e+01,2.03616831e+01
2.00000000e+01,2.00227311e+01,2.01109392e+01,2.03140709e+01
2.00000000e+01,2.00271365e+01,2.01291621e+01,2.03586717e+01
2.00000000e+01,2.00250360e+01,2.01202438e+01,2.03364648e+01
2.00000000e+01,2.00260055e+01,2.01242345e+01,2.03461978e+01
2.00000000e+01,2.00287334e+01,2.01352753e+01,2.03726710e+01
2.00000000e+01,2.00297445e+01,2.01379160e+01,2.03763706e+01
2.00000000e+01,2.00323231e+01,2.01484090e+01,2.04017244e+01
2.00000000e+01,2.00263764e+01,2.01251516e+01,2.03472544e+01
2.00000000e+01,2.00298230e+01,2.01391625e+01,2.03810663e+01
2.00000000e+01,2.00303875e+01,2.01405412e+01,2.03827483e+01
2.00000000e+01,2.00310262e+01,2.01431223e+01,2.03889572e+01
2.00000000e+01,2.00327185e+01,2.01500138e+01,2.04055776e+01
2.00000000e+01,2.00345702e+01,2.01558887e+01,2.04168904e+01
2.00000000e+01,2.00357662e+01,2.01609960e+01,2.04296279e+01
2.00000000e+01,2.00212899e+01,2.01046294e+01,2.02977447e+01
2.00000000e+01,2.00264134e+01,2.01263984e+01,2.03523722e+01
2.00000000e+01,2.00233992e+01,2.01133945e+01,2.03195260e+01
2.00000000e+01,2.00276868e+01,2.01310732e+01,2.03626468e+01
2.00000000e+01,2.00218537e+01,2.01074807e+01,2.03061317e+01
2.00000000e+01,2.00235814e+01,2.01145815e+01,2.03232132e+01
2.00000000e+01,2.00264493e+01,2.01264122e+01,2.03520887e+01
2.00000000e+01,2.00220523e+01,2.01080349e+01,2.03066431e+01
2.00000000e+01,2.00266435e+01,2.01271510e+01,2.03538425e+01
2.00000000e+01,2.00236408e+01,2.01143568e+01,2.03217822e+01
2.00000000e+01,2.00254073e+01,2.01217536e+01,2.03401197e+01
2.00000000e+01,2.00278534e+01,2.01317413e+01,2.03642515e+01
2.00000000e+01,2.00293170e+01,2.01361351e+01,2.03719547e+01
2.00000000e+01,2.00320583e+01,2.01473116e+01,2.03990459e+01
2.00000000e+01,2.00257860e+01,2.01226828e+01,2.03411431e+01
2.00000000e+01,2.00294467e+01,2.01376273e+01,2.03773609e+01
2.00000000e+01,2.00295509e+01,2.01370840e+01,2.03742693e+01
2.00000000e+01,2.00306759e+01,2.01416669e+01,2.03853799e+01
2.00000000e+01,2.00321903e+01,2.01478228e+01,2.04002312e+01
2.00000000e+01,2.00343801e+01,2.01550378e+01,2.04146842e+01
2.00000000e+01,2.00356765e+01,2.01605566e+01,2.04284474e+01
2.00000000e+01,2.00268492e+01,2.01280892e+01,2.03562797e+01
2.00000000e+01,2.00223131e+01,2.01092633e+01,2.03100317e+01
2.00000000e+01,2.00281173e+01,2.01327929e+01,2.03667416e+01
2.00000000e+01,2.00241490e+01,2.01165986e+01,2.03275825e+01
2.00000000e+01,2.00274286e+01,2.01303885e+01,2.03616757e+01
2.00000000e+01,2.00242911e+01,2.01175905e+01,2.03307497e+01
2.00000000e+01,2.00232549e+01,2.01133219e+01,2.03204040e+01
2.00000000e+01,2.00271363e+01,2.01291615e+01,2.03586699e+01
2.00000000e+01,2.00227310e+01,2.01109392e+01,2.03140714e+01
2.00000000e+01,2.00287332e+01,2.01352745e+01,2.03726691e+01
2.00000000e+01,2.00260052e+01,2.01242338e+01,2.03461959e+01
2.00000000e+01,2.00250361e+01,2.01202443e+01,2.03364661e+01
2.00000000e+01,2.00323230e+01,2.01484088e+01,2.04017236e+01
2.00000000e+01,2.00297444e+01,2.01379159e+01,2.03763706e+01
2.00000000e+01,2.00298228e+01,2.01391620e+01,2.03810652e+01
2.00000000e+01,2.00263763e+01,2.01251515e+01,2.03472537e+01
2.00000000e+01,2.00327184e+01,2.01500137e+01,2.04055770e+01
2.00000000e+01,2.00310261e+01,2.01431222e+01,2.03889569e+01
2.00000000e+01,2.00303874e+01,2.01405410e+01,2.03827479e+01
2.00000000e+01,2.00357661e+01,2.01609958e+01,2.04296274e+01
2.00000000e+01,2.00345701e+01,2.01558886e+01,2.04168904e+01
2.00000000e+01,2.00199784e+01,2.00996135e+01,2.02870185e+01
2.00000000e+01,2.00214228e+01,2.01046246e+01,2.02964516e+01
2.00000000e+01,2.00209014e+01,2.01034272e+01,2.02959968e+01
2.00000000e+01,2.00209032e+01,2.01034353e+01,2.02960179e+01
2.00000000e+01,2.00203719e+01,2.01010240e+01,2.02896290e+01
2.00000000e+01,2.00227261e+01,2.01104310e+01,2.03117888e+01
2.00000000e+01,2.00227261e+01,2.01104310e+01,2.03117884e+01
2.00000000e+01,2.00282115e+01,2.01315677e+01,2.03607023e+01
2.00000000e+01,2.00241685e+01,2.01157203e+01,2.03232736e+01
2.00000000e+01,2.00289773e+01,2.01347020e+01,2.03683822e+01
2.00000000e+01,2.00289773e+01,2.01347021e+01,2.03683823e+01
2.00000000e+01,2.00338643e+01,2.01528308e+01,2.04091403e+01
2.00000000e+01,2.00195847e+01,2.00978504e+01,2.02819766e+01
2.00000000e+01,2.00208874e+01,2.01023227e+01,2.02903405e+01
2.00000000e+01,2.00184046e+01,2.00914717e+01,2.02621916e+01
2.00000000e+01,2.00204075e+01,2.01014458e+01,2.02912474e+01
2.00000000e+01,2.00188205e+01,2.00936945e+01,2.02696238e+01
2.00000000e+01,2.00212787e+01,2.01041777e+01,2.02955703e+01
2.00000000e+01,2.00220764e+01,2.01076477e+01,2.03046312e+01
2.00000000e+01,2.00275919e+01,2.01288606e+01,2.03536671e+01
2.00000000e+01,2.00235416e+01,2.01130232e+01,2.03161871e+01
2.00000000e+01,2.00278482e+01,2.01298747e+01,2.03560776e+01
2.00000000e+01,2.00284840e+01,2.01326126e+01,2.03631317e+01
2.00000000e+01,2.00335966e+01,2.01516280e+01,2.04059784e+01
2.00000000e+01,2.00264130e+01,2.01263974e+01,2.03523693e+01
2.00000000e+01,2.00212895e+01,2.01046279e+01,2.02977410e+01
2.00000000e+01,2.00276865e+01,2.01310725e+01,2.03626453e+01
2.00000000e+01,2.00233992e+01,2.01133946e+01,2.03195257e+01
2.00000000e+01,2.00264483e+01,2.01264086e+01,2.03520801e+01
2.00000000e+01,2.00235814e+01,2.01145824e+01,2.03232153e+01
2.00000000e+01,2.00218540e+01,2.01074818e+01,2.03061340e+01
2.00000000e+01,2.00266433e+01,2.01271506e+01,2.03538414e+01
2.00000000e+01,2.00220520e+01,2.01080337e+01,2.03066401e+01
2.00000000e+01,2.00278532e+01,2.01317407e+01,2.03642499e+01
2.00000000e+01,2.00254072e+01,2.01217533e+01,2.03401189e+01
2.00000000e+01,2.00236406e+01,2.01143565e+01,2.03217813e+01
2.00000000e+01,2.00320582e+01,2.01473113e+01,2.03990454e+01
2.00000000e+01,2.00293170e+01,2.01361349e+01,2.03719540e+01
2.00000000e+01,2.00294465e+01,2.01376268e+01,2.03773599e+01
2.00000000e+01,2.00257859e+01,2.01226828e+01,2.03411428e+01
2.00000000e+01,2.00321902e+01,2.01478225e+01,2.04002305e+01
2.00000000e+01,2.00306758e+01,2.01416667e+01,2.03853792e+01
2.00000000e+01,2.00295509e+01,2.01370840e+01,2.03742690e+01
2.00000000e+01,2.00356764e+01,2.01605565e+01,2.04284469e+01
2.00000000e+01,2.00343800e+01,2.01550378e+01,2.04146840e+01
2.00000000e+01,2.00195847e+01,2.00978500e+01,2.02819747e+01
2.00000000e+01,2.00208875e+01,2.01023226e+01,2.02903405e+01
2.00000000e+01,2.00204075e+01,2.01014462e+01,2.02912478e+01
2.00000000e+01,2.00184049e+01,2.00914728e+01,2.02621956e+01
2.00000000e+01,2.00188204e+01,2.00936935e+01,2.02696206e+01
2.00000000e+01,2.00220763e+01,2.01076473e+01,2.03046298e+01
2.00000000e+01,2.00212787e+01,2.01041779e+01,2.02955704e+01
2.00000000e+01,2.00275919e+01,2.01288605e+01,2.03536672e+01
2.00000000e+01,2.00235416e+01,2.01130230e+01,2.03161871e+01
2.00000000e+01,2.00284839e+01,2.01326126e+01,2.03631317e+01
2.00000000e+01,2.00278482e+01,2.01298746e+01,2.03560776e+01
2.00000000e+01,2.00335966e+01,2.01516281e+01,2.04059783e+01
2.00000000e+01,2.00000000e+01,2.00000000e+01,2.00000000e+01
2.00000000e+01,2.00206335e+01,2.01009235e+01,2.02835614e+01
2.00000000e+01,2.00140253e+01,2.00717815e+01,2.02131634e+01
2.00000000e+01,2.00140251e+01,2.00717804e+01,2.02131605e+01
2.00000000e+01,2.00125127e+01,2.00582996e+01,2.01524747e+01
2.00000000e+01,2.00196028e+01,2.00958035e+01,2.02704417e+01
2.00000000e+01,2.00196027e+01,2.00958033e+01,2.02704412e+01
2.00000000e+01,2.00266428e+01,2.01244099e+01,2.03414010e+01
2.00000000e+01,2.00231011e+01,2.01112056e+01,2.03111303e+01
2.00000000e+01,2.00273527e+01,2.01277801e+01,2.03506855e+01
2.00000000e+01,2.00273527e+01,2.01277801e+01,2.03506855e+01
2.00000000e+01,2.00332438e+01,2.01500350e+01,2.04017573e+01
2.00000000e+01,2.00268492e+01,2.01280894e+01,2.03562798e+01
2.00000000e+01,2.00223130e+01,2.01092636e+01,2.03100316e+01
2.00000000e+01,2.00281173e+01,2.01327931e+01,2.03667417e+01
2.00000000e+01,2.00241489e+01,2.01165987e+01,2.03275828e+01
2.00000000e+01,2.00264483e+01,2.01264086e+01,2.03520801e+01
2.00000000e+01,2.00242911e+01,2.01175907e+01,2.03307498e+01
2.00000000e+01,2.00218539e+01,2.01074820e+01,2.03061340e+01
2.00000000e+01,2.00271363e+01,2.01291617e+01,2.03586700e+01
2.00000000e+01,2.00227309e+01,2.01109394e+01,2.03140715e+01
2.00000000e+01,2.00278532e+01,2.01317407e+01,2.03642500e+01
2.00000000e+01,2.00260052e+01,2.01242339e+01,2.03461960e+01
2.00000000e+01,2.00236406e+01,2.01143566e+01,2.03217814e+01
2.00000000e+01,2.00323230e+01,2.01484089e+01,2.04017238e+01
2.00000000e+01,2.00297444e+01,2.01379160e+01,2.03763708e+01
2.00000000e+01,2.00298228e+01,2.01391622e+01,2.03810652e+01
2.00000000e+01,2.00263763e+01,2.01251515e+01,2.03472539e+01
2.00000000e+01,2.00321902e+01,2.01478225e+01,2.04002306e+01
2.00000000e+01,2.00310261e+01,2.01431223e+01,2.03889570e+01
2.00000000e+01,2.00295509e+01,2.01370839e+01,2.03742692e+01
2.00000000e+01,2.00357661e+01,2.01609959e+01,2.04296276e+01
2.00000000e+01,2.00345701e+01,2.01558886e+01,2.04168907e+01
2.00000000e+01,2.00199785e+01,2.00996134e+01,2.02870189e+01
2.00000000e+01,2.00214228e+01,2.01046244e+01,2.02964521e+01
2.00000000e+01,2.00209014e+01,2.01034275e+01,2.02959973e+01
2.00000000e+01,2.00184050e+01,2.00914727e+01,2.02621957e+01
2.00000000e+01,2.00203720e+01,2.01010240e+01,2.02896293e+01
2.00000000e+01,2.00227261e+01,2.01104310e+01,2.03117891e+01
2.00000000e+01,2.00212788e+01,2.01041778e+01,2.02955707e+01
2.00000000e+01,2.00282115e+01,2.01315678e+01,2.03607027e+01
2.00000000e+01,2.00241685e+01,2.01157203e+01,2.03232741e+01
2.00000000e+01,2.00289773e+01,2.01347021e+01,2.03683824e+01
2.00000000e+01,2.00278482e+01,2.01298747e+01,2.03560776e+01
2.00000000e+01,2.00338644e+01,2.01528308e+01,2.04091405e+01
2.00000000e+01,2.00195848e+01,2.00978503e+01,2.02819769e+01
2.00000000e+01,2.00208875e+01,2.01023226e+01,2.02903407e+01
2.00000000e+01,2.00184048e+01,2.00914714e+01,2.02621920e+01
2.00000000e+01,2.00140252e+01,2.00717806e+01,2.02131607e+01
2.00000000e+01,2.00188206e+01,2.00936944e+01,2.02696241e+01
2.00000000e+01,2.00212787e+01,2.01041778e+01,2.02955705e+01
2.00000000e+01,2.00196028e+01,2.00958033e+01,2.02704413e+01
2.00000000e+01,2.00275919e+01,2.01288606e+01,2.03536675e+01
2.00000000e+01,2.00235417e+01,2.01130231e+01,2.03161874e+01
2.00000000e+01,2.00278482e+01,2.01298747e+01,2.03560779e+01
2.00000000e+01,2.00273527e+01,2.01277801e+01,2.03506857e+01
2.00000000e+01,2.00335966e+01,2.01516281e+01,2.04059786e+01
2.00000000e+01,2.00283160e+01,2.01339573e+01,2.03701728e+01
2.00000000e+01,2.00245350e+01,2.01186227e+01,2.03333771e+01
2.00000000e+01,2.00294732e+01,2.01382626e+01,2.03798123e+01
2.00000000e+01,2.00261099e+01,2.01246833e+01,2.03473237e+01
2.00000000e+01,2.00274286e+01,2.01303887e+01,2.03616757e+01
2.00000000e+01,2.00261751e+01,2.01253319e+01,2.03495878e+01
2.00000000e+01,2.00232548e+01,2.01133220e+01,2.03204043e+01
2.00000000e+01,2.00285830e+01,2.01349467e+01,2.03723794e+01
2.00000000e+01,2.00249377e+01,2.01202114e+01,2.03371145e+01
2.00000000e+01,2.00287332e+01,2.01352747e+01,2.03726692e+01
2.00000000e+01,2.00276826e+01,2.01310563e+01,2.03626241e+01
2.00000000e+01,2.00250361e+01,2.01202444e+01,2.03364664e+01
2.00000000e+01,2.00331163e+01,2.01516800e+01,2.04096623e+01
2.00000000e+01,2.00310246e+01,2.01432034e+01,2.03893111e+01
2.00000000e+01,2.00309614e+01,2.01437666e+01,2.03920905e+01
2.00000000e+01,2.00280937e+01,2.01322134e+01,2.03644769e+01
2.00000000e+01,2.00327184e+01,2.01500138e+01,2.04055773e+01
2.00000000e+01,2.00320640e+01,2.01474012e+01,2.03993757e+01
2.00000000e+01,2.00303875e+01,2.01405412e+01,2.03827482e+01
2.00000000e+01,2.00360586e+01,2.01623908e+01,2.04333172e+01
2.00000000e+01,2.00351283e+01,2.01583592e+01,2.04232064e+01
2.00000000e+01,2.00223135e+01,2.01092656e+01,2.03100351e+01
2.00000000e+01,2.00241490e+01,2.01165991e+01,2.03275835e+01
2.00000000e+01,2.00232504e+01,2.01133038e+01,2.03203597e+01
2.00000000e+01,2.00209032e+01,2.01034355e+01,2.02960182e+01
2.00000000e+01,2.00227310e+01,2.01109395e+01,2.03140711e+01
2.00000000e+01,2.00250359e+01,2.01202440e+01,2.03364652e+01
2.00000000e+01,2.00227261e+01,2.01104310e+01,2.03117888e+01
2.00000000e+01,2.00297445e+01,2.01379160e+01,2.03763712e+01
2.00000000e+01,2.00263764e+01,2.01251517e+01,2.03472548e+01
2.00000000e+01,2.00303875e+01,2.01405414e+01,2.03827487e+01
2.00000000e+01,2.00289773e+01,2.01347022e+01,2.03683827e+01
2.00000000e+01,2.00345702e+01,2.01558888e+01,2.04168908e+01
2.00000000e+01,2.00212899e+01,2.01046295e+01,2.02977454e+01
2.00000000e+01,2.00233993e+01,2.01133947e+01,2.03195265e+01
2.00000000e+01,2.00218537e+01,2.01074810e+01,2.03061320e+01
2.00000000e+01,2.00204075e+01,2.01014459e+01,2.02912478e+01
2.00000000e+01,2.00220523e+01,2.01080350e+01,2.03066436e+01
2.00000000e+01,2.00236408e+01,2.01143570e+01,2.03217826e+01
2.00000000e+01,2.00220764e+01,2.01076478e+01,2.03046315e+01
2.00000000e+01,2.00293171e+01,2.01361353e+01,2.03719549e+01
2.00000000e+01,2.00257860e+01,2.01226830e+01,2.03411434e+01
2.00000000e+01,2.00295510e+01,2.01370841e+01,2.03742698e+01
2.00000000e+01,2.00284840e+01,2.01326126e+01,2.03631321e+01
2.00000000e+01,2.00343801e+01,2.01550379e+01,2.04146846e+01
2.00000000e+01,2.00309052e+01,2.01442134e+01,2.03942943e+01
2.00000000e+01,2.00283173e+01,2.01339614e+01,2.03701821e+01
2.00000000e+01,2.00317590e+01,2.01473358e+01,2.04011949e+01
2.00000000e+01,2.00294734e+01,2.01382635e+01,2.03798138e+01
2.00000000e+01,2.00294479e+01,2.01384640e+01,2.03808201e+01
2.00000000e+01,2.00294472e+01,2.01384615e+01,2.03808150e+01
2.00000000e+01,2.00261725e+01,2.01253211e+01,2.03495621e+01
2.00000000e+01,2.00310972e+01,2.01449179e+01,2.03958569e+01
2.00000000e+01,2.00285836e+01,2.01349488e+01,2.03723840e+01
2.00000000e+01,2.00305433e+01,2.01425140e+01,2.03898427e+01
2.00000000e+01,2.00305435e+01,2.01425147e+01,2.03898441e+01
2.00000000e+01,2.00276827e+01,2.01310568e+01,2.03626249e+01
2.00000000e+01,2.00344622e+01,2.01571585e+01,2.04228120e+01
2.00000000e+01,2.00331163e+01,2.01516804e+01,2.04096629e+01
2.00000000e+01,2.00328672e+01,2.01513733e+01,2.04100941e+01
2.00000000e+01,2.00309614e+01,2.01437671e+01,2.03920914e+01
2.00000000e+01,2.00337802e+01,2.01543675e+01,2.04160919e+01
2.00000000e+01,2.00337803e+01,2.01543678e+01,2.04160923e+01
2.00000000e+01,2.00320640e+01,2.01474013e+01,2.03993761e+01
2.00000000e+01,2.00366022e+01,2.01648768e+01,2.04397207e+01
2.00000000e+01,2.00360587e+01,2.01623911e+01,2.04333178e+01
2.00000000e+01,2.00268498e+01,2.01280918e+01,2.03562864e+01
2.00000000e+01,2.00281176e+01,2.01327942e+01,2.03667446e+01
2.00000000e+01,2.00274295e+01,2.01303919e+01,2.03616834e+01
2.00000000e+01,2.00242842e+01,2.01175619e+01,2.03306790e+01
2.00000000e+01,2.00271365e+01,2.01291624e+01,2.03586722e+01
2.00000000e+01,2.00287334e+01,2.01352756e+01,2.03726714e+01
2.00000000e+01,2.00260054e+01,2.01242348e+01,2.03461981e+01
2.00000000e+01,2.00323232e+01,2.01484092e+01,2.04017247e+01
2.00000000e+01,2.00298230e+01,2.01391628e+01,2.03810666e+01
2.00000000e+01,2.00327185e+01,2.01500141e+01,2.04055781e+01
2.00000000e+01,2.00310262e+01,2.01431225e+01,2.03889577e+01
2.00000000e+01,2.00357662e+01,2.01609962e+01,2.04296284e+01
2.00000000e+01,2.00264135e+01,2.01263989e+01,2.03523722e+01
2.00000000e+01,2.00276868e+01,2.01310736e+01,2.03626472e+01
2.00000000e+01,2.00264493e+01,2.01264125e+01,2.03520890e+01
2.00000000e+01,2.00235814e+01,2.01145818e+01,2.03232135e+01
2.00000000e+01,2.00266435e+01,2.01271514e+01,2.03538427e+01
2.00000000e+01,2.00278534e+01,2.01317417e+01,2.03642519e+01
2.00000000e+01,2.00254073e+01,2.01217539e+01,2.03401201e+01
2.00000000e+01,2.00320583e+01,2.01473120e+01,2.03990463e+01
2.00000000e+01,2.00294467e+01,2.01376275e+01,2.03773615e+01
2.00000000e+01,2.00321903e+01,2.01478230e+01,2.04002316e+01
2.00000000e+01,2.00306759e+01,2.01416671e+01,2.03853802e+01
2.00000000e+01,2.00356766e+01,2.01605568e+01,2.04284479e+01
2.00000000e+01,2.00199784e+01,2.00996133e+01,2.02870188e+01
2.00000000e+01,2.00195847e+01,2.00978498e+01,2.02819748e+01
2.00000000e+01,2.00214228e+01,2.01046244e+01,2.02964517e+01
2.00000000e+01,2.00208875e+01,2.01023224e+01,2.02903405e+01
2.00000000e+01,2.00184047e+01,2.00914714e+01,2.02621918e+01
2.00000000e+01,2.00140253e+01,2.00717813e+01,2.02131632e+01
2.00000000e+01,2.00184049e+01,2.00914726e+01,2.02621956e+01
2.00000000e+01,2.00203719e+01,2.01010239e+01,2.02896291e+01
2.00000000e+01,2.00188204e+01,2.00936932e+01,2.02696207e+01
2.00000000e+01,2.00212787e+01,2.01041777e+01,2.02955704e+01
2.00000000e+01,2.00196028e+01,2.00958034e+01,2.02704416e+01
2.00000000e+01,2.00212787e+01,2.01041778e+01,2.02955705e+01
2.00000000e+01,2.00282114e+01,2.01315678e+01,2.03607022e+01
2.00000000e+01,2.00275919e+01,2.01288604e+01,2.03536674e+01
2.00000000e+01,2.00241685e+01,2.01157202e+01,2.03232737e+01
2.00000000e+01,2.00235416e+01,2.01130229e+01,2.03161872e+01
2.00000000e+01,2.00278482e+01,2.01298748e+01,2.03560775e+01
2.00000000e+01,2.00273527e+01,2.01277800e+01,2.03506856e+01
2.00000000e+01,2.00278482e+01,2.01298746e+01,2.03560775e+01
2.00000000e+01,2.00338643e+01,2.01528307e+01,2.04091402e+01
2.00000000e+01,2.00335967e+01,2.01516279e+01,2.04059783e+01
2.00000000e+01,2.00223130e+01,2.01092633e+01,2.03100314e+01
2.00000000e+01,2.00212895e+01,2.01046278e+01,2.02977409e+01
2.00000000e+01,2.00241490e+01,2.01165986e+01,2.03275822e+01
2.00000000e+01,2.00233992e+01,2.01133944e+01,2.03195258e+01
2.00000000e+01,2.00209013e+01,2.01034273e+01,2.02959971e+01
2.00000000e+01,2.00204076e+01,2.01014460e+01,2.02912479e+01
2.00000000e+01,2.00218539e+01,2.01074818e+01,2.03061339e+01
2.00000000e+01,2.00227310e+01,2.01109392e+01,2.03140711e+01
2.00000000e+01,2.00220520e+01,2.01080336e+01,2.03066401e+01
2.00000000e+01,2.00227261e+01,2.01104309e+01,2.03117886e+01
2.00000000e+01,2.00220763e+01,2.01076472e+01,2.03046298e+01
2.00000000e+01,2.00236407e+01,2.01143564e+01,2.03217812e+01
2.00000000e+01,2.00297445e+01,2.01379157e+01,2.03763704e+01
2.00000000e+01,2.00293170e+01,2.01361349e+01,2.03719538e+01
2.00000000e+01,2.00263763e+01,2.01251513e+01,2.03472535e+01
2.00000000e+01,2.00257859e+01,2.01226826e+01,2.03411427e+01
2.00000000e+01,2.00289773e+01,2.01347020e+01,2.03683820e+01
2.00000000e+01,2.00284840e+01,2.01326125e+01,2.03631316e+01
2.00000000e+01,2.00295509e+01,2.01370838e+01,2.03742688e+01
2.00000000e+01,2.00345702e+01,2.01558885e+01,2.04168902e+01
2.00000000e+01,2.00343801e+01,2.01550376e+01,2.04146838e+01
2.00000000e+01,2.00268492e+01,2.01280890e+01,2.03562796e+01
2.00000000e+01,2.00264131e+01,2.01263973e+01,2.03523687e+01
2.00000000e+01,2.00281173e+01,2.01327930e+01,2.03667412e+01
2.00000000e+01,2.00276867e+01,2.01310722e+01,2.03626449e+01
2.00000000e+01,2.00242911e+01,2.01175905e+01,2.03307494e+01
2.00000000e+01,2.00235815e+01,2.01145821e+01,2.03232151e+01
2.00000000e+01,2.00264484e+01,2.01264083e+01,2.03520798e+01
2.00000000e+01,2.00271364e+01,2.01291613e+01,2.03586697e+01
2.00000000e+01,2.00266433e+01,2.01271505e+01,2.03538409e+01
2.00000000e+01,2.00260052e+01,2.01242338e+01,2.03461955e+01
2.00000000e+01,2.00254072e+01,2.01217532e+01,2.03401187e+01
2.00000000e+01,2.00278532e+01,2.01317406e+01,2.03642496e+01
2.00000000e+01,2.00323230e+01,2.01484087e+01,2.04017231e+01
2.00000000e+01,2.00320583e+01,2.01473113e+01,2.03990449e+01
2.00000000e+01,2.00298228e+01,2.01391621e+01,2.03810646e+01
2.00000000e+01,2.00294465e+01,2.01376267e+01,2.03773595e+01
2.00000000e+01,2.00310261e+01,2.01431221e+01,2.03889565e+01
2.00000000e+01,2.00306759e+01,2.01416666e+01,2.03853790e+01
2.00000000e+01,2.00321902e+01,2.01478224e+01,2.04002300e+01
2.00000000e+01,2.00357662e+01,2.01609957e+01,2.04296270e+01
2.00000000e+01,2.00356765e+01,2.01605563e+01,2.04284466e+01
2.00000000e+01,2.00223136e+01,2.01092653e+01,2.03100348e+01
2.00000000e+01,2.00241490e+01,2.01165988e+01,2.03275831e+01
2.00000000e+01,2.00218537e+01,2.01074808e+01,2.03061315e+01
2.00000000e+01,2.00209032e+01,2.01034353e+01,2.02960179e+01
2.00000000e+01,2.00227310e+01,2.01109393e+01,2.03140707e+01
2.00000000e+01,2.00236408e+01,2.01143568e+01,2.03217821e+01
2.00000000e+01,2.00227261e+01,2.01104309e+01,2.03117885e+01
2.00000000e+01,2.00297445e+01,2.01379160e+01,2.03763705e+01
2.00000000e+01,2.00263764e+01,2.01251516e+01,2.03472542e+01
2.00000000e+01,2.00295510e+01,2.01370840e+01,2.03742694e+01
2.00000000e+01,2.00289773e+01,2.01347021e+01,2.03683822e+01
2.00000000e+01,2.00345702e+01,2.01558886e+01,2.04168904e+01
2.00000000e+01,2.00245350e+01,2.01186227e+01,2.03333761e+01
2.00000000e+01,2.00261099e+01,2.01246831e+01,2.03473232e+01
2.00000000e+01,2.00232504e+01,2.01133036e+01,2.03203592e+01
2.00000000e+01,2.00232548e+01,2.01133219e+01,2.03204037e+01
2.00000000e+01,2.00249377e+01,2.01202113e+01,2.03371138e+01
2.00000000e+01,2.00250359e+01,2.01202438e+01,2.03364646e+01
2.00000000e+01,2.00250361e+01,2.01202443e+01,2.03364658e+01
2.00000000e+01,2.00310245e+01,2.01432033e+01,2.03893106e+01
2.00000000e+01,2.00280936e+01,2.01322132e+01,2.03644764e+01
2.00000000e+01,2.00303875e+01,2.01405413e+01,2.03827481e+01
2.00000000e+01,2.00303875e+01,2.01405410e+01,2.03827476e+01
2.00000000e+01,2.00351282e+01,2.01583589e+01,2.04232058e+01
2.00000000e+01,2.00283161e+01,2.01339569e+01,2.03701720e+01
2.00000000e+01,2.00294733e+01,2.01382622e+01,2.03798117e+01
2.00000000e+01,2.00261751e+01,2.01253316e+01,2.03495871e+01
2.00000000e+01,2.00274287e+01,2.01303883e+01,2.03616753e+01
2.00000000e+01,2.00285830e+01,2.01349464e+01,2.03723787e+01
2.00000000e+01,2.00276826e+01,2.01310561e+01,2.03626235e+01
2.00000000e+01,2.00287332e+01,2.01352744e+01,2.03726687e+01
2.00000000e+01,2.00331162e+01,2.01516796e+01,2.04096618e+01
2.00000000e+01,2.00309613e+01,2.01437663e+01,2.03920899e+01
2.00000000e+01,2.00320639e+01,2.01474009e+01,2.03993753e+01
2.00000000e+01,2.00327184e+01,2.01500136e+01,2.04055766e+01
2.00000000e+01,2.00360586e+01,2.01623905e+01,2.04333166e+01
2.00000000e+01,2.00268499e+01,2.01280914e+01,2.03562858e+01
2.00000000e+01,2.00281176e+01,2.01327940e+01,2.03667438e+01
2.00000000e+01,2.00264493e+01,2.01264121e+01,2.03520887e+01
2.00000000e+01,2.00242842e+01,2.01175616e+01,2.03306786e+01
2.00000000e+01,2.00271365e+01,2.01291621e+01,2.03586715e+01
2.00000000e+01,2.00278534e+01,2.01317414e+01,2.03642514e+01
2.00000000e+01,2.00260055e+01,2.01242345e+01,2.03461976e+01
2.00000000e+01,2.00323231e+01,2.01484089e+01,2.04017243e+01
2.00000000e+01,2.00298230e+01,2.01391625e+01,2.03810661e+01
2.00000000e+01,2.00321903e+01,2.01478227e+01,2.04002312e+01
2.00000000e+01,2.00310262e+01,2.01431223e+01,2.03889572e+01
2.00000000e+01,2.00357662e+01,2.01609960e+01,2.04296278e+01
2.00000000e+01,2.00283172e+01,2.01339612e+01,2.03701816e+01
2.00000000e+01,2.00294734e+01,2.01382630e+01,2.03798133e+01
2.00000000e+01,2.00274294e+01,2.01303917e+01,2.03616827e+01
2.00000000e+01,2.00261724e+01,2.01253209e+01,2.03495614e+01
2.00000000e+01,2.00285836e+01,2.01349485e+01,2.03723834e+01
2.00000000e+01,2.00287334e+01,2.01352752e+01,2.03726709e+01
2.00000000e+01,2.00276827e+01,2.01310565e+01,2.03626244e+01
2.00000000e+01,2.00331163e+01,2.01516800e+01,2.04096624e+01
2.00000000e+01,2.00309614e+01,2.01437667e+01,2.03920908e+01
2.00000000e+01,2.00327185e+01,2.01500138e+01,2.04055775e+01
2.00000000e+01,2.00320640e+01,2.01474011e+01,2.03993755e+01
2.00000000e+01,2.00360586e+01,2.01623908e+01,2.04333171e+01
2.00000000e+01,2.00309053e+01,2.01442128e+01,2.03942936e+01
2.00000000e+01,2.00317590e+01,2.01473356e+01,2.04011941e+01
2.00000000e+01,2.00294472e+01,2.01384612e+01,2.03808144e+01
2.00000000e+01,2.00294479e+01,2.01384636e+01,2.03808195e+01
2.00000000e+01,2.00310972e+01,2.01449174e+01,2.03958562e+01
2.00000000e+01,2.00305434e+01,2.01425144e+01,2.03898435e+01
2.00000000e+01,2.00305433e+01,2.01425137e+01,2.03898420e+01
2.00000000e+01,2.00344621e+01,2.01571581e+01,2.04228113e+01
2.00000000e+01,2.00328672e+01,2.01513729e+01,2.04100934e+01
2.00000000e+01,2.00337803e+01,2.01543674e+01,2.04160916e+01
2.00000000e+01,2.00337802e+01,2.01543672e+01,2.04160912e+01
2.00000000e+01,2.00366023e+01,2.01648763e+01,2.04397199e+01
2.00000000e+01,2.00223136e+01,2.01092655e+01,2.03100351e+01
2.00000000e+01,2.00268498e+01,2.01280918e+01,2.03562863e+01
2.00000000e+01,2.00241490e+01,2.01165992e+01,2.03275834e+01
2.00000000e+01,2.00281176e+01,2.01327942e+01,2.03667444e+01
2.00000000e+01,2.00218537e+01,2.01074810e+01,2.03061320e+01
2.00000000e+01,2.00264493e+01,2.01264125e+01,2.03520889e+01
2.00000000e+01,2.00242842e+01,2.01175619e+01,2.03306789e+01
2.00000000e+01,2.00227310e+01,2.01109395e+01,2.03140711e+01
2.00000000e+01,2.00271365e+01,2.01291624e+01,2.03586721e+01
2.00000000e+01,2.00236408e+01,2.01143570e+01,2.03217825e+01
2.00000000e+01,2.00278534e+01,2.01317417e+01,2.03642518e+01
2.00000000e+01,2.00260055e+01,2.01242348e+01,2.03461980e+01
2.00000000e+01,2.00297445e+01,2.01379161e+01,2.03763709e+01
2.00000000e+01,2.00323231e+01,2.01484092e+01,2.04017246e+01
2.00000000e+01,2.00263764e+01,2.01251518e+01,2.03472545e+01
2.00000000e+01,2.00298230e+01,2.01391628e+01,2.03810665e+01
2.00000000e+01,2.00295510e+01,2.01370842e+01,2.03742696e+01
2.00000000e+01,2.00321903e+01,2.01478231e+01,2.04002316e+01
2.00000000e+01,2.00310262e+01,2.01431226e+01,2.03889574e+01
2.00000000e+01,2.00345702e+01,2.01558887e+01,2.04168907e+01
2.00000000e+01,2.00357662e+01,2.01609963e+01,2.04296282e+01
2.00000000e+01,2.00245350e+01,2.01186228e+01,2.03333765e+01
2.00000000e+01,2.00283173e+01,2.01339615e+01,2.03701819e+01
2.00000000e+01,2.00261100e+01,2.01246831e+01,2.03473237e+01
2.00000000e+01,2.00294735e+01,2.01382634e+01,2.03798136e+01
2.00000000e+01,2.00232505e+01,2.01133038e+01,2.03203594e+01
2.00000000e+01,2.00274295e+01,2.01303919e+01,2.03616832e+01
2.00000000e+01,2.00261725e+01,2.01253212e+01,2.03495618e+01
2.00000000e+01,2.00249378e+01,2.01202114e+01,2.03371141e+01
2.00000000e+01,2.00285837e+01,2.01349488e+01,2.03723837e+01
2.00000000e+01,2.00250360e+01,2.01202440e+01,2.03364650e+01
2.00000000e+01,2.00287335e+01,2.01352756e+01,2.03726711e+01
2.00000000e+01,2.00276828e+01,2.01310567e+01,2.03626247e+01
2.00000000e+01,2.00310245e+01,2.01432034e+01,2.03893109e+01
2.00000000e+01,2.00331163e+01,2.01516803e+01,2.04096627e+01
2.00000000e+01,2.00280937e+01,2.01322133e+01,2.03644767e+01
2.00000000e+01,2.00309615e+01,2.01437670e+01,2.03920911e+01
2.00000000e+01,2.00303875e+01,2.01405414e+01,2.03827484e+01
2.00000000e+01,2.00327185e+01,2.01500141e+01,2.04055779e+01
2.00000000e+01,2.00320640e+01,2.01474013e+01,2.03993758e+01
2.00000000e+01,2.00351283e+01,2.01583590e+01,2.04232061e+01
2.00000000e+01,2.00360587e+01,2.01623911e+01,2.04333175e+01
2.00000000e+01,2.00283161e+01,2.01339570e+01,2.03701726e+01
2.00000000e+01,2.00309053e+01,2.01442129e+01,2.03942944e+01
2.00000000e+01,2.00294733e+01,2.01382624e+01,2.03798118e+01
2.00000000e+01,2.00317590e+01,2.01473358e+01,2.04011946e+01
2.00000000e+01,2.00261752e+01,2.01253318e+01,2.03495875e+01
2.00000000e+01,2.00294472e+01,2.01384614e+01,2.03808149e+01
2.00000000e+01,2.00294479e+01,2.01384637e+01,2.03808200e+01
2.00000000e+01,2.00285831e+01,2.01349465e+01,2.03723790e+01
2.00000000e+01,2.00310973e+01,2.01449176e+01,2.03958568e+01
2.00000000e+01,2.00276827e+01,2.01310562e+01,2.03626238e+01
2.00000000e+01,2.00305435e+01,2.01425147e+01,2.03898439e+01
2.00000000e+01,2.00305433e+01,2.01425138e+01,2.03898424e+01
2.00000000e+01,2.00331163e+01,2.01516799e+01,2.04096619e+01
2.00000000e+01,2.00344622e+01,2.01571583e+01,2.04228117e+01
2.00000000e+01,2.00309614e+01,2.01437665e+01,2.03920901e+01
2.00000000e+01,2.00328673e+01,2.01513732e+01,2.04100939e+01
2.00000000e+01,2.00320640e+01,2.01474010e+01,2.03993755e+01
2.00000000e+01,2.00337803e+01,2.01543677e+01,2.04160920e+01
2.00000000e+01,2.00337803e+01,2.01543674e+01,2.04160915e+01
2.00000000e+01,2.00360586e+01,2.01623907e+01,2.04333168e+01
2.00000000e+01,2.00366023e+01,2.01648765e+01,2.04397204e+01
2.00000000e+01,2.00199785e+01,2.00996134e+01,2.02870188e+01
2.00000000e+01,2.00214228e+01,2.01046244e+01,2.02964520e+01
2.00000000e+01,2.00184048e+01,2.00914714e+01,2.02621920e+01
2.00000000e+01,2.00209032e+01,2.01034355e+01,2.02960181e+01
2.00000000e+01,2.00203720e+01,2.01010240e+01,2.02896292e+01
2.00000000e+01,2.00212787e+01,2.01041777e+01,2.02955705e+01
2.00000000e+01,2.00227261e+01,2.01104311e+01,2.03117887e+01
2.00000000e+01,2.00282115e+01,2.01315676e+01,2.03607027e+01
2.00000000e+01,2.00241685e+01,2.01157202e+01,2.03232740e+01
2.00000000e+01,2.00278482e+01,2.01298747e+01,2.03560779e+01
2.00000000e+01,2.00289773e+01,2.01347021e+01,2.03683825e+01
2.00000000e+01,2.00338644e+01,2.01528306e+01,2.04091405e+01
2.00000000e+01,2.00223131e+01,2.01092635e+01,2.03100315e+01
2.00000000e+01,2.00241490e+01,2.01165987e+01,2.03275824e+01
2.00000000e+01,2.00209014e+01,2.01034273e+01,2.02959969e+01
2.00000000e+01,2.00232549e+01,2.01133220e+01,2.03204040e+01
2.00000000e+01,2.00227310e+01,2.01109393e+01,2.03140713e+01
2.00000000e+01,2.00227261e+01,2.01104310e+01,2.03117889e+01
2.00000000e+01,2.00250361e+01,2.01202444e+01,2.03364662e+01
2.00000000e+01,2.00297445e+01,2.01379159e+01,2.03763704e+01
2.00000000e+01,2.00263763e+01,2.01251514e+01,2.03472536e+01
2.00000000e+01,2.00289773e+01,2.01347020e+01,2.03683822e+01
2.00000000e+01,2.00303875e+01,2.01405411e+01,2.03827478e+01
2.00000000e+01,2.00345702e+01,2.01558885e+01,2.04168903e+01
2.00000000e+01,2.00268493e+01,2.01280891e+01,2.03562796e+01
2.00000000e+01,2.00281173e+01,2.01327930e+01,2.03667413e+01
2.00000000e+01,2.00242911e+01,2.01175906e+01,2.03307495e+01
2.00000000e+01,2.00274287e+01,2.01303884e+01,2.03616755e+01
2.00000000e+01,2.00271364e+01,2.01291614e+01,2.03586697e+01
2.00000000e+01,2.00260053e+01,2.01242338e+01,2.03461957e+01
2.00000000e+01,2.00287332e+01,2.01352745e+01,2.03726688e+01
2.00000000e+01,2.00323230e+01,2.01484088e+01,2.04017232e+01
2.00000000e+01,2.00298229e+01,2.01391621e+01,2.03810648e+01
2.00000000e+01,2.00310261e+01,2.01431222e+01,2.03889566e+01
2.00000000e+01,2.00327184e+01,2.01500137e+01,2.04055768e+01
2.00000000e+01,2.00357662e+01,2.01609957e+01,2.04296271e+01
2.00000000e+01,2.00184050e+01,2.00914726e+01,2.02621957e+01
2.00000000e+01,2.00212788e+01,2.01041777e+01,2.02955707e+01
2.00000000e+01,2.00278482e+01,2.01298745e+01,2.03560777e+01
2.00000000e+01,2.00218540e+01,2.01074819e+01,2.03061339e+01
2.00000000e+01,2.00236407e+01,2.01143564e+01,2.03217813e+01
2.00000000e+01,2.00295509e+01,2.01370839e+01,2.03742689e+01
2.00000000e+01,2.00264484e+01,2.01264084e+01,2.03520798e+01
2.00000000e+01,2.00278532e+01,2.01317405e+01,2.03642496e+01
2.00000000e+01,2.00321902e+01,2.01478224e+01,2.04002302e+01
2.00000000e+01,2.00425184e+01,2.01868748e+01,2.04891398e+01
2.00000000e+01,2.00435491e+01,2.01910887e+01,2.04992210e+01
2.00000000e+01,2.00464895e+01,2.02006716e+01,2.05185726e+01
2.00000000e+01,2.00464715e+01,2.02011612e+01,2.05205611e+01
2.00000000e+01,2.00373886e+01,2.01678220e+01,2.04463746e+01
2.00000000e+01,2.00430632e+01,2.01890609e+01,2.04943106e+01
2.00000000e+01,2.00386073e+01,2.01727703e+01,2.04582001e+01
2.00000000e+01,2.00375420e+01,2.01694263e+01,2.04517404e+01
2.00000000e+01,2.00398540e+01,2.01782933e+01,2.04720667e+01
2.00000000e+01,2.00395737e+01,2.01765651e+01,2.04670550e+01
2.00000000e+01,2.00413664e+01,2.01835339e+01,2.04831864e+01
2.00000000e+01,2.00331170e+01,2.01524696e+01,2.04128526e+01
2.00000000e+01,2.00386429e+01,2.01736383e+01,2.04613807e+01
2.00000000e+01,2.00354409e+01,2.01615394e+01,2.04339329e+01
2.00000000e+01,2.00361302e+01,2.01644719e+01,2.04411503e+01
2.00000000e+01,2.00388296e+01,2.01747855e+01,2.04647060e+01
2.00000000e+01,2.00363786e+01,2.01653297e+01,2.04429507e+01
2.00000000e+01,2.00389916e+01,2.01753069e+01,2.04657429e+01
2.00000000e+01,2.00317673e+01,2.01475922e+01,2.04021869e+01
2.00000000e+01,2.00373071e+01,2.01689941e+01,2.04515178e+01
2.00000000e+01,2.00344646e+01,2.01580837e+01,2.04264909e+01
2.00000000e+01,2.00573123e+01,2.02400490e+01,2.06056287e+01
2.00000000e+01,2.00572020e+01,2.02402036e+01,2.06068031e+01
2.00000000e+01,2.00623076e+01,2.02565417e+01,2.06395465e+01
2.00000000e+01,2.00609847e+01,2.02526389e+01,2.06322699e+01
2.00000000e+01,2.00491952e+01,2.02111375e+01,2.05427181e+01
2.00000000e+01,2.00573576e+01,2.02404383e+01,2.06068245e+01
2.00000000e+01,2.00497592e+01,2.02136497e+01,2.05489954e+01
2.00000000e+01,2.00506554e+01,2.02179453e+01,2.05600913e+01
2.00000000e+01,2.00522016e+01,2.02237021e+01,2.05729903e+01
2.00000000e+01,2.00534232e+01,2.02271468e+01,2.05790502e+01
2.00000000e+01,2.00542803e+01,2.02305647e+01,2.05870456e+01
2.00000000e+01,2.00434087e+01,2.01913812e+01,2.05011887e+01
2.00000000e+01,2.00514452e+01,2.02208537e+01,2.05665580e+01
2.00000000e+01,2.00454395e+01,2.01990449e+01,2.05185396e+01
2.00000000e+01,2.00486388e+01,2.02113170e+01,2.05465601e+01
2.00000000e+01,2.00507412e+01,2.02189233e+01,2.05632968e+01
2.00000000e+01,2.00490272e+01,2.02125204e+01,2.05489193e+01
2.00000000e+01,2.00509780e+01,2.02196723e+01,2.05647629e+01
2.00000000e+01,2.00416161e+01,2.01852974e+01,2.04884843e+01
2.00000000e+01,2.00495598e+01,2.02146565e+01,2.05539271e+01
2.00000000e+01,2.00441553e+01,2.01947474e+01,2.05096775e+01
2.00000000e+01,2.00804920e+01,2.03196834e+01,2.07744664e+01
2.00000000e+01,2.00777292e+01,2.03110483e+01,2.07574042e+01
2.00000000e+01,2.00861984e+01,2.03374454e+01,2.08095351e+01
2.00000000e+01,2.00822591e+01,2.03251884e+01,2.07853392e+01
2.00000000e+01,2.00677078e+01,2.02762154e+01,2.06829918e+01
2.00000000e+01,2.00793159e+01,2.03160123e+01,2.07672170e+01
2.00000000e+01,2.00665054e+01,2.02726730e+01,2.06763768e+01
2.00000000e+01,2.00720279e+01,2.02931607e+01,2.07220244e+01
2.00000000e+01,2.00712172e+01,2.02906463e+01,2.07170795e+01
2.00000000e+01,2.00756768e+01,2.03046203e+01,2.07446960e+01
2.00000000e+01,2.00740086e+01,2.02994049e+01,2.07343960e+01
2.00000000e+01,2.00601333e+01,2.02517523e+01,2.06335870e+01
2.00000000e+01,2.00717929e+01,2.02924403e+01,2.07206160e+01
2.00000000e+01,2.00607503e+01,2.02541563e+01,2.06391033e+01
2.00000000e+01,2.00690720e+01,2.02837685e+01,2.07033743e+01
2.00000000e+01,2.00688910e+01,2.02833727e+01,2.07027344e+01
2.00000000e+01,2.00696620e+01,2.02857459e+01,2.07073819e+01
2.00000000e+01,2.00694583e+01,2.02851046e+01,2.07061108e+01
2.00000000e+01,2.00575679e+01,2.02434330e+01,2.06168156e+01
2.00000000e+01,2.00689329e+01,2.02834182e+01,2.07027521e+01
2.00000000e+01,2.00587997e+01,2.02479209e+01,2.06266333e+01
2.00000000e+01,2.00419325e+01,2.01844225e+01,2.04831801e+01
2.00000000e+01,2.00465774e+01,2.02006186e+01,2.05178434e+01
2.00000000e+01,2.00366803e+01,2.01648978e+01,2.04393004e+01
2.00000000e+01,2.00422684e+01,2.01857697e+01,2.04863682e+01
2.00000000e+01,2.00361601e+01,2.01640997e+01,2.04394651e+01
2.00000000e+01,2.00385090e+01,2.01723830e+01,2.04572947e+01
2.00000000e+01,2.00317343e+01,2.01470138e+01,2.04000464e+01
2.00000000e+01,2.00368068e+01,2.01665628e+01,2.04450989e+01
2.00000000e+01,2.00345740e+01,2.01584712e+01,2.04273404e+01
2.00000000e+01,2.00348498e+01,2.01594086e+01,2.04292924e+01
2.00000000e+01,2.00302224e+01,2.01415216e+01,2.03880175e+01
2.00000000e+01,2.00351643e+01,2.01607974e+01,2.04327571e+01
2.00000000e+01,2.00574736e+01,2.02402466e+01,2.06054733e+01
2.00000000e+01,2.00632897e+01,2.02594756e+01,2.06450888e+01
2.00000000e+01,2.00489118e+01,2.02097851e+01,2.05392149e+01
2.00000000e+01,2.00575305e+01,2.02405777e+01,2.06063940e+01
2.00000000e+01,2.00497644e+01,2.02145042e+01,2.05522472e+01
2.00000000e+01,2.00529458e+01,2.02251711e+01,2.05743327e+01
2.00000000e+01,2.00422112e+01,2.01867825e+01,2.04906732e+01
2.00000000e+01,2.00502207e+01,2.02162464e+01,2.05561736e+01
2.00000000e+01,2.00473649e+01,2.02066749e+01,2.05362985e+01
2.00000000e+01,2.00477709e+01,2.02079728e+01,2.05388782e+01
2.00000000e+01,2.00401211e+01,2.01796837e+01,2.04758119e+01
2.00000000e+01,2.00479053e+01,2.02085406e+01,2.05403438e+01
2.00000000e+01,2.00825939e+01,2.03261962e+01,2.07872924e+01
2.00000000e+01,2.00890866e+01,2.03463914e+01,2.08271703e+01
2.00000000e+01,2.00686572e+01,2.02790308e+01,2.06883024e+01
2.00000000e+01,2.00818427e+01,2.03238798e+01,2.07827407e+01
2.00000000e+01,2.00724365e+01,2.02946652e+01,2.07251885e+01
2.00000000e+01,2.00769059e+01,2.03085029e+01,2.07524006e+01
2.00000000e+01,2.00597091e+01,2.02502121e+01,2.06301243e+01
2.00000000e+01,2.00724889e+01,2.02946672e+01,2.07250537e+01
2.00000000e+01,2.00692486e+01,2.02842047e+01,2.07041707e+01
2.00000000e+01,2.00700750e+01,2.02867697e+01,2.07091815e+01
2.00000000e+01,2.00568091e+01,2.02406550e+01,2.06107303e+01
2.00000000e+01,2.00688085e+01,2.02831749e+01,2.07023941e+01
2.00000000e+01,2.00417724e+01,2.01837162e+01,2.04814177e+01
2.00000000e+01,2.00466349e+01,2.02006951e+01,2.05177940e+01
2.00000000e+01,2.00364607e+01,2.01639732e+01,2.04370373e+01
2.00000000e+01,2.00419002e+01,2.01842111e+01,2.04825526e+01
2.00000000e+01,2.00357532e+01,2.01624684e+01,2.04356349e+01
2.00000000e+01,2.00381803e+01,2.01710886e+01,2.04542596e+01
2.00000000e+01,2.00313086e+01,2.01453109e+01,2.03960230e+01
2.00000000e+01,2.00359230e+01,2.01631002e+01,2.04370491e+01
2.00000000e+01,2.00341321e+01,2.01566645e+01,2.04230605e+01
2.00000000e+01,2.00343674e+01,2.01575712e+01,2.04250713e+01
2.00000000e+01,2.00297623e+01,2.01396916e+01,2.03837353e+01
2.00000000e+01,2.00341459e+01,2.01568678e+01,2.04237193e+01
2.00000000e+01,2.00575109e+01,2.02402803e+01,2.06053697e+01
2.00000000e+01,2.00636417e+01,2.02605320e+01,2.06470910e+01
2.00000000e+01,2.00488259e+01,2.02093746e+01,2.05381373e+01
2.00000000e+01,2.00576654e+01,2.02407888e+01,2.06064393e+01
2.00000000e+01,2.00493481e+01,2.02130944e+01,2.05491993e+01
2.00000000e+01,2.00527945e+01,2.02245018e+01,2.05726968e+01
2.00000000e+01,2.00417825e+01,2.01852038e+01,2.04871124e+01
2.00000000e+01,2.00495325e+01,2.02137521e+01,2.05506234e+01
2.00000000e+01,2.00467366e+01,2.02047017e+01,2.05322141e+01
2.00000000e+01,2.00474047e+01,2.02064994e+01,2.05354868e+01
2.00000000e+01,2.00395790e+01,2.01777475e+01,2.04715142e+01
2.00000000e+01,2.00470527e+01,2.02054089e+01,2.05333968e+01
2.00000000e+01,2.00834594e+01,2.03287835e+01,2.07923076e+01
2.00000000e+01,2.00901683e+01,2.03497143e+01,2.08336979e+01
2.00000000e+01,2.00690460e+01,2.02801474e+01,2.06903816e+01
2.00000000e+01,2.00833214e+01,2.03284873e+01,2.07918401e+01
2.00000000e+01,2.00730179e+01,2.02960266e+01,2.07274643e+01
2.00000000e+01,2.00773052e+01,2.03098341e+01,2.07551015e+01
2.00000000e+01,2.00597301e+01,2.02499845e+01,2.06293293e+01
2.00000000e+01,2.00731850e+01,2.02965427e+01,2.07284923e+01
2.00000000e+01,2.00701405e+01,2.02859431e+01,2.07066952e+01
2.00000000e+01,2.00698797e+01,2.02865119e+01,2.07090036e+01
2.00000000e+01,2.00568162e+01,2.02401931e+01,2.06093076e+01
2.00000000e+01,2.00687716e+01,2.02830431e+01,2.07020796e+01
2.00000000e+01,2.01234668e+01,2.04589023e+01,2.10578049e+01
2.00000000e+01,2.01256374e+01,2.04658399e+01,2.10716533e+01
2.00000000e+01,2.01290412e+01,2.04747421e+01,2.10872931e+01
2.00000000e+01,2.01314475e+01,2.04821381e+01,2.11018159e+01
2.00000000e+01,2.01006144e+01,2.03856249e+01,2.09097237e+01
2.00000000e+01,2.01019142e+01,2.03898265e+01,2.09181740e+01
2.00000000e+01,2.01256183e+01,2.04653103e+01,2.10701903e+01
2.00000000e+01,2.01132992e+01,2.04287253e+01,2.10004995e+01
2.00000000e+01,2.01136976e+01,2.04319531e+01,2.10087332e+01
2.00000000e+01,2.01178367e+01,2.04424713e+01,2.10268415e+01
2.00000000e+01,2.01202940e+01,2.04498218e+01,2.10411291e+01
2.00000000e+01,2.00902133e+01,2.03538950e+01,2.08482136e+01
2.00000000e+01,2.00904773e+01,2.03555780e+01,2.08523742e+01
2.00000000e+01,2.01131668e+01,2.04303520e+01,2.10055416e+01
2.00000000e+01,2.01058679e+01,2.04082518e+01,2.09626609e+01
2.00000000e+01,2.01033271e+01,2.04051703e+01,2.09608753e+01
2.00000000e+01,2.01075971e+01,2.04135859e+01,2.09731846e+01
2.00000000e+01,2.01103534e+01,2.04207335e+01,2.09860002e+01
2.00000000e+01,2.00846672e+01,2.03376297e+01,2.08171521e+01
2.00000000e+01,2.00838394e+01,2.03367736e+01,2.08170337e+01
2.00000000e+01,2.01088042e+01,2.04160495e+01,2.09773520e+01
2.00000000e+01,2.01917192e+01,2.06673354e+01,2.14655778e+01
2.00000000e+01,2.01986607e+01,2.06866509e+01,2.15015320e+01
2.00000000e+01,2.01915074e+01,2.06651852e+01,2.14599362e+01
2.00000000e+01,2.01973449e+01,2.06816110e+01,2.14906694e+01
2.00000000e+01,2.01533693e+01,2.05516654e+01,2.12412257e+01
2.00000000e+01,2.01577473e+01,2.05642119e+01,2.12649904e+01
2.00000000e+01,2.01954272e+01,2.06787918e+01,2.14879747e+01
2.00000000e+01,2.01815488e+01,2.06439927e+01,2.14275597e+01
2.00000000e+01,2.01935915e+01,2.06725072e+01,2.14754202e+01
2.00000000e+01,2.01878772e+01,2.06588948e+01,2.14523238e+01
2.00000000e+01,2.01931513e+01,2.06749276e+01,2.14832772e+01
2.00000000e+01,2.01419357e+01,2.05214392e+01,2.11874068e+01
2.00000000e+01,2.01478563e+01,2.05363807e+01,2.12136753e+01
2.00000000e+01,2.01936890e+01,2.06724504e+01,2.14752198e+01
2.00000000e+01,2.01833567e+01,2.06442481e+01,2.14248396e+01
2.00000000e+01,2.02065517e+01,2.06947036e+01,2.15052840e+01
2.00000000e+01,2.01855122e+01,2.06498165e+01,2.14341363e+01
2.00000000e+01,2.01859485e+01,2.06572825e+01,2.14545342e+01
2.00000000e+01,2.01386272e+01,2.05096884e+01,2.11639321e+01
2.00000000e+01,2.01474666e+01,2.05300446e+01,2.11978868e+01
2.00000000e+01,2.01788211e+01,2.06365341e+01,2.14133677e+01
2.00000000e+01,2.02391260e+01,2.08074610e+01,2.17332174e+01
2.00000000e+01,2.02461092e+01,2.08290515e+01,2.17751197e+01
2.00000000e+01,2.02473725e+01,2.08285693e+01,2.17702456e+01
2.00000000e+01,2.02465377e+01,2.08376373e+01,2.17981154e+01
2.00000000e+01,2.02284264e+01,2.07867619e+01,2.17017933e+01
2.00000000e+01,2.02134166e+01,2.07667312e+01,2.16846964e+01
2.00000000e+01,2.01171595e+01,2.04394113e+01,2.10194271e+01
2.00000000e+01,2.01223797e+01,2.04544698e+01,2.10476813e+01
2.00000000e+01,2.00968374e+01,2.03738014e+01,2.08862614e+01
2.00000000e+01,2.01209042e+01,2.04509700e+01,2.10421665e+01
2.00000000e+01,2.01075332e+01,2.04114497e+01,2.09668214e+01
2.00000000e+01,2.01119341e+01,2.04242895e+01,2.09910272e+01
2.00000000e+01,2.00875906e+01,2.03458499e+01,2.08322867e+01
2.00000000e+01,2.01107936e+01,2.04214718e+01,2.09865856e+01
2.00000000e+01,2.01027238e+01,2.03974138e+01,2.09402611e+01
2.00000000e+01,2.01045033e+01,2.04023560e+01,2.09494398e+01
2.00000000e+01,2.00834828e+01,2.03334109e+01,2.08082244e+01
2.00000000e+01,2.01056941e+01,2.04061405e+01,2.09572246e+01
2.00000000e+01,2.01753564e+01,2.06197058e+01,2.13750431e+01
2.00000000e+01,2.01771281e+01,2.06233177e+01,2.13802181e+01
2.00000000e+01,2.01428963e+01,2.05204058e+01,2.11808622e+01
2.00000000e+01,2.01845431e+01,2.06464912e+01,2.14259950e+01
2.00000000e+01,2.01691793e+01,2.06036363e+01,2.13469754e+01
2.00000000e+01,2.01725153e+01,2.06124990e+01,2.13626796e+01
2.00000000e+01,2.01343141e+01,2.04963530e+01,2.11367493e+01
2.00000000e+01,2.01773284e+01,2.06290388e+01,2.13967309e+01
2.00000000e+01,2.01656075e+01,2.05930151e+01,2.13270834e+01
2.00000000e+01,2.01654356e+01,2.05940385e+01,2.13302872e+01
2.00000000e+01,2.01296906e+01,2.04826308e+01,2.11108137e+01
2.00000000e+01,2.01708171e+01,2.06117468e+01,2.13658902e+01
2.00000000e+01,2.02169211e+01,2.07424679e+01,2.16098020e+01
2.00000000e+01,2.02140213e+01,2.07382071e+01,2.16056824e+01
2.00000000e+01,2.02083586e+01,2.07250270e+01,2.15838782e+01
2.00000000e+01,2.01086120e+01,2.04129631e+01,2.09672623e+01
2.00000000e+01,2.01133403e+01,2.04268321e+01,2.09935514e+01
2.00000000e+01,2.00916744e+01,2.03576433e+01,2.08541819e+01
2.00000000e+01,2.01132271e+01,2.04272416e+01,2.09954179e+01
2.00000000e+01,2.01010041e+01,2.03904007e+01,2.09243071e+01
2.00000000e+01,2.01044139e+01,2.04005433e+01,2.09436458e+01
2.00000000e+01,2.00845122e+01,2.03357808e+01,2.08117416e+01
2.00000000e+01,2.01046537e+01,2.04021486e+01,2.09480060e+01
2.00000000e+01,2.00977717e+01,2.03804862e+01,2.09050781e+01
2.00000000e+01,2.00985979e+01,2.03832129e+01,2.09105646e+01
2.00000000e+01,2.00816303e+01,2.03268149e+01,2.07941716e+01
2.00000000e+01,2.01003197e+01,2.03892852e+01,2.09234595e+01
2.00000000e+01,2.01553938e+01,2.05598329e+01,2.12594816e+01
2.00000000e+01,2.01586984e+01,2.05686223e+01,2.12751027e+01
2.00000000e+01,2.01296948e+01,2.04800124e+01,2.11018680e+01
2.00000000e+01,2.01656859e+01,2.05908211e+01,2.13194124e+01
2.00000000e+01,2.01482162e+01,2.05403985e+01,2.12245069e+01
2.00000000e+01,2.01516194e+01,2.05497093e+01,2.12413619e+01
2.00000000e+01,2.01219092e+01,2.04578412e+01,2.10606938e+01
2.00000000e+01,2.01593185e+01,2.05739380e+01,2.12895555e+01
2.00000000e+01,2.01435011e+01,2.05275631e+01,2.12011829e+01
2.00000000e+01,2.01456528e+01,2.05331619e+01,2.12111779e+01
2.00000000e+01,2.01175264e+01,2.04452885e+01,2.10372046e+01
2.00000000e+01,2.01552552e+01,2.05622310e+01,2.12678236e+01
2.00000000e+01,2.01866574e+01,2.06548868e+01,2.14442590e+01
2.00000000e+01,2.01825302e+01,2.06443691e+01,2.14262259e+01
2.00000000e+01,2.01805092e+01,2.06380266e+01,2.14141353e+01
2.00000000e+01,2.00419325e+01,2.01844222e+01,2.04831802e+01
2.00000000e+01,2.00465774e+01,2.02006185e+01,2.05178432e+01
2.00000000e+01,2.00366804e+01,2.01648977e+01,2.04393003e+01
2.00000000e+01,2.00419002e+01,2.01842110e+01,2.04825527e+01
2.00000000e+01,2.00361601e+01,2.01640997e+01,2.04394650e+01
2.00000000e+01,2.00385090e+01,2.01723830e+01,2.04572946e+01
2.00000000e+01,2.00317343e+01,2.01470138e+01,2.04000462e+01
2.00000000e+01,2.00359230e+01,2.01631001e+01,2.04370491e+01
2.00000000e+01,2.00345740e+01,2.01584712e+01,2.04273402e+01
2.00000000e+01,2.00348498e+01,2.01594086e+01,2.04292922e+01
2.00000000e+01,2.00302224e+01,2.01415215e+01,2.03880174e+01
2.00000000e+01,2.00341459e+01,2.01568678e+01,2.04237192e+01
2.00000000e+01,2.00574737e+01,2.02402464e+01,2.06054730e+01
2.00000000e+01,2.00632897e+01,2.02594755e+01,2.06450886e+01
2.00000000e+01,2.00489119e+01,2.02097850e+01,2.05392147e+01
2.00000000e+01,2.00576654e+01,2.02407887e+01,2.06064391e+01
2.00000000e+01,2.00497644e+01,2.02145042e+01,2.05522470e+01
2.00000000e+01,2.00529458e+01,2.02251710e+01,2.05743325e+01
2.00000000e+01,2.00422112e+01,2.01867824e+01,2.04906731e+01
2.00000000e+01,2.00495325e+01,2.02137521e+01,2.05506233e+01
2.00000000e+01,2.00473649e+01,2.02066748e+01,2.05362983e+01
2.00000000e+01,2.00477709e+01,2.02079726e+01,2.05388780e+01
2.00000000e+01,2.00401212e+01,2.01796837e+01,2.04758118e+01
2.00000000e+01,2.00470527e+01,2.02054089e+01,2.05333967e+01
2.00000000e+01,2.00825939e+01,2.03261960e+01,2.07872920e+01
2.00000000e+01,2.00890866e+01,2.03463912e+01,2.08271700e+01
2.00000000e+01,2.00686572e+01,2.02790307e+01,2.06883021e+01
2.00000000e+01,2.00833214e+01,2.03284872e+01,2.07918400e+01
2.00000000e+01,2.00724366e+01,2.02946649e+01,2.07251883e+01
2.00000000e+01,2.00769059e+01,2.03085026e+01,2.07524003e+01
2.00000000e+01,2.00597092e+01,2.02502119e+01,2.06301241e+01
2.00000000e+01,2.00731850e+01,2.02965425e+01,2.07284922e+01
2.00000000e+01,2.00692487e+01,2.02842044e+01,2.07041704e+01
2.00000000e+01,2.00700750e+01,2.02867694e+01,2.07091813e+01
2.00000000e+01,2.00568092e+01,2.02406548e+01,2.06107299e+01
2.00000000e+01,2.00687716e+01,2.02830429e+01,2.07020795e+01
2.00000000e+01,2.00425184e+01,2.01868747e+01,2.04891394e+01
2.00000000e+01,2.00464895e+01,2.02006714e+01,2.05185723e+01
2.00000000e+01,2.00373886e+01,2.01678219e+01,2.04463743e+01
2.00000000e+01,2.00422685e+01,2.01857696e+01,2.04863680e+01
2.00000000e+01,2.00375421e+01,2.01694262e+01,2.04517401e+01
2.00000000e+01,2.00395737e+01,2.01765649e+01,2.04670546e+01
2.00000000e+01,2.00331171e+01,2.01524695e+01,2.04128524e+01
2.00000000e+01,2.00368068e+01,2.01665627e+01,2.04450987e+01
2.00000000e+01,2.00361302e+01,2.01644715e+01,2.04411504e+01
2.00000000e+01,2.00363787e+01,2.01653295e+01,2.04429507e+01
2.00000000e+01,2.00317673e+01,2.01475920e+01,2.04021868e+01
2.00000000e+01,2.00351643e+01,2.01607973e+01,2.04327571e+01
2.00000000e+01,2.00573123e+01,2.02400488e+01,2.06056283e+01
2.00000000e+01,2.00623077e+01,2.02565414e+01,2.06395462e+01
2.00000000e+01,2.00491952e+01,2.02111373e+01,2.05427178e+01
2.00000000e+01,2.00575306e+01,2.02405776e+01,2.06063937e+01
2.00000000e+01,2.00506554e+01,2.02179450e+01,2.05600911e+01
2.00000000e+01,2.00534232e+01,2.02271466e+01,2.05790497e+01
2.00000000e+01,2.00434088e+01,2.01913810e+01,2.05011884e+01
2.00000000e+01,2.00502207e+01,2.02162462e+01,2.05561733e+01
2.00000000e+01,2.00486388e+01,2.02113167e+01,2.05465597e+01
2.00000000e+01,2.00490273e+01,2.02125201e+01,2.05489189e+01
2.00000000e+01,2.00416161e+01,2.01852971e+01,2.04884842e+01
2.00000000e+01,2.00479050e+01,2.02085395e+01,2.05403413e+01
2.00000000e+01,2.00804921e+01,2.03196828e+01,2.07744661e+01
2.00000000e+01,2.00861984e+01,2.03374449e+01,2.08095347e+01
2.00000000e+01,2.00677079e+01,2.02762149e+01,2.06829915e+01
2.00000000e+01,2.00818427e+01,2.03238794e+01,2.07827404e+01
2.00000000e+01,2.00720279e+01,2.02931604e+01,2.07220239e+01
2.00000000e+01,2.00756769e+01,2.03046198e+01,2.07446956e+01
2.00000000e+01,2.00601333e+01,2.02517520e+01,2.06335866e+01
2.00000000e+01,2.00724889e+01,2.02946669e+01,2.07250533e+01
2.00000000e+01,2.00690720e+01,2.02837682e+01,2.07033735e+01
2.00000000e+01,2.00696620e+01,2.02857455e+01,2.07073811e+01
2.00000000e+01,2.00575679e+01,2.02434326e+01,2.06168150e+01
2.00000000e+01,2.00688086e+01,2.02831747e+01,2.07023940e+01
2.00000000e+01,2.00435492e+01,2.01910884e+01,2.04992207e+01
2.00000000e+01,2.00464715e+01,2.02011610e+01,2.05205607e+01
2.00000000e+01,2.00386073e+01,2.01727702e+01,2.04581996e+01
2.00000000e+01,2.00430633e+01,2.01890607e+01,2.04943103e+01
2.00000000e+01,2.00398541e+01,2.01782929e+01,2.04720666e+01
2.00000000e+01,2.00413665e+01,2.01835335e+01,2.04831861e+01
2.00000000e+01,2.00354410e+01,2.01615392e+01,2.04339328e+01
2.00000000e+01,2.00386430e+01,2.01736381e+01,2.04613805e+01
2.00000000e+01,2.00388297e+01,2.01747852e+01,2.04647055e+01
2.00000000e+01,2.00389916e+01,2.01753066e+01,2.04657427e+01
2.00000000e+01,2.00344647e+01,2.01580833e+01,2.04264908e+01
2.00000000e+01,2.00373072e+01,2.01689938e+01,2.04515177e+01
2.00000000e+01,2.00572021e+01,2.02402033e+01,2.06068025e+01
2.00000000e+01,2.00609847e+01,2.02526386e+01,2.06322694e+01
2.00000000e+01,2.00497593e+01,2.02136494e+01,2.05489949e+01
2.00000000e+01,2.00573577e+01,2.02404381e+01,2.06068238e+01
2.00000000e+01,2.00522016e+01,2.02237019e+01,2.05729896e+01
2.00000000e+01,2.00542804e+01,2.02305643e+01,2.05870451e+01
2.00000000e+01,2.00454396e+01,2.01990445e+01,2.05185392e+01
2.00000000e+01,2.00514453e+01,2.02208534e+01,2.05665576e+01
2.00000000e+01,2.00507411e+01,2.02189231e+01,2.05632963e+01
2.00000000e+01,2.00509779e+01,2.02196720e+01,2.05647623e+01
2.00000000e+01,2.00441553e+01,2.01947471e+01,2.05096771e+01
2.00000000e+01,2.00495598e+01,2.02146562e+01,2.05539267e+01
2.00000000e+01,2.00777293e+01,2.03110477e+01,2.07574037e+01
2.00000000e+01,2.00822591e+01,2.03251879e+01,2.07853386e+01
2.00000000e+01,2.00665055e+01,2.02726724e+01,2.06763764e+01
2.00000000e+01,2.00793159e+01,2.03160118e+01,2.07672165e+01
2.00000000e+01,2.00712172e+01,2.02906458e+01,2.07170789e+01
2.00000000e+01,2.00740087e+01,2.02994043e+01,2.07343954e+01
2.00000000e+01,2.00607503e+01,2.02541560e+01,2.06391025e+01
2.00000000e+01,2.00717929e+01,2.02924399e+01,2.07206155e+01
2.00000000e+01,2.00688910e+01,2.02833722e+01,2.07027338e+01
2.00000000e+01,2.00694583e+01,2.02851040e+01,2.07061102e+01
2.00000000e+01,2.00587997e+01,2.02479204e+01,2.06266328e+01
2.00000000e+01,2.00689329e+01,2.02834178e+01,2.07027514e+01
2.00000000e+01,2.01171595e+01,2.04394107e+01,2.10194262e+01
2.00000000e+01,2.01086119e+01,2.04129624e+01,2.09672612e+01
2.00000000e+01,2.01223797e+01,2.04544691e+01,2.10476807e+01
2.00000000e+01,2.01133403e+01,2.04268312e+01,2.09935506e+01
2.00000000e+01,2.00968374e+01,2.03738009e+01,2.08862607e+01
2.00000000e+01,2.00916744e+01,2.03576424e+01,2.08541814e+01
2.00000000e+01,2.01132272e+01,2.04272408e+01,2.09954169e+01
2.00000000e+01,2.01075332e+01,2.04114491e+01,2.09668206e+01
2.00000000e+01,2.01010043e+01,2.03903994e+01,2.09243066e+01
2.00000000e+01,2.01119341e+01,2.04242889e+01,2.09910264e+01
2.00000000e+01,2.01044140e+01,2.04005423e+01,2.09436450e+01
2.00000000e+01,2.00875906e+01,2.03458494e+01,2.08322862e+01
2.00000000e+01,2.00845122e+01,2.03357800e+01,2.08117410e+01
2.00000000e+01,2.01046537e+01,2.04021478e+01,2.09480052e+01
2.00000000e+01,2.01027238e+01,2.03974131e+01,2.09402604e+01
2.00000000e+01,2.00977718e+01,2.03804852e+01,2.09050771e+01
2.00000000e+01,2.01045033e+01,2.04023553e+01,2.09494389e+01
2.00000000e+01,2.00985980e+01,2.03832118e+01,2.09105638e+01
2.00000000e+01,2.00834829e+01,2.03334106e+01,2.08082239e+01
2.00000000e+01,2.00816303e+01,2.03268141e+01,2.07941706e+01
2.00000000e+01,2.01003198e+01,2.03892843e+01,2.09234587e+01
2.00000000e+01,2.01753563e+01,2.06197047e+01,2.13750420e+01
2.00000000e+01,2.01553939e+01,2.05598312e+01,2.12594808e+01
2.00000000e+01,2.01771280e+01,2.06233166e+01,2.13802171e+01
2.00000000e+01,2.01586984e+01,2.05686208e+01,2.12751018e+01
2.00000000e+01,2.01428963e+01,2.05204050e+01,2.11808612e+01
2.00000000e+01,2.01296948e+01,2.04800112e+01,2.11018671e+01
2.00000000e+01,2.01656859e+01,2.05908198e+01,2.13194113e+01
2.00000000e+01,2.01691794e+01,2.06036347e+01,2.13469750e+01
2.00000000e+01,2.01482163e+01,2.05403969e+01,2.12245055e+01
2.00000000e+01,2.01725153e+01,2.06124978e+01,2.13626787e+01
2.00000000e+01,2.01516195e+01,2.05497076e+01,2.12413608e+01
2.00000000e+01,2.01343141e+01,2.04963520e+01,2.11367486e+01
2.00000000e+01,2.01219093e+01,2.04578399e+01,2.10606927e+01
2.00000000e+01,2.01593185e+01,2.05739364e+01,2.12895546e+01
2.00000000e+01,2.01656076e+01,2.05930137e+01,2.13270828e+01
2.00000000e+01,2.01435012e+01,2.05275614e+01,2.12011819e+01
2.00000000e+01,2.01654358e+01,2.05940370e+01,2.13302864e+01
2.00000000e+01,2.01456529e+01,2.05331601e+01,2.12111769e+01
2.00000000e+01,2.01296906e+01,2.04826295e+01,2.11108129e+01
2.00000000e+01,2.01175265e+01,2.04452873e+01,2.10372033e+01
2.00000000e+01,2.01552552e+01,2.05622296e+01,2.12678225e+01
2.00000000e+01,2.02169210e+01,2.07424666e+01,2.16098005e+01
2.00000000e+01,2.01866575e+01,2.06548847e+01,2.14442579e+01
2.00000000e+01,2.02140214e+01,2.07382051e+01,2.16056812e+01
2.00000000e+01,2.01825303e+01,2.06443671e+01,2.14262245e+01
2.00000000e+01,2.02083586e+01,2.07250257e+01,2.15838768e+01
2.00000000e+01,2.01805093e+01,2.06380245e+01,2.14141343e+01
2.00000000e+01,2.01234668e+01,2.04589022e+01,2.10578042e+01
2.00000000e+01,2.01290411e+01,2.04747418e+01,2.10872926e+01
2.00000000e+01,2.01006143e+01,2.03856247e+01,2.09097232e+01
2.00000000e+01,2.01209043e+01,2.04509694e+01,2.10421661e+01
2.00000000e+01,2.01132993e+01,2.04287247e+01,2.10004995e+01
2.00000000e+01,2.01178368e+01,2.04424709e+01,2.10268411e+01
2.00000000e+01,2.00902134e+01,2.03538945e+01,2.08482135e+01
2.00000000e+01,2.01107936e+01,2.04214712e+01,2.09865850e+01
2.00000000e+01,2.01058679e+01,2.04082512e+01,2.09626607e+01
2.00000000e+01,2.01075972e+01,2.04135853e+01,2.09731844e+01
2.00000000e+01,2.00846673e+01,2.03376296e+01,2.08171520e+01
2.00000000e+01,2.01056931e+01,2.04061365e+01,2.09572173e+01
2.00000000e+01,2.01917191e+01,2.06673350e+01,2.14655770e+01
2.00000000e+01,2.01915075e+01,2.06651844e+01,2.14599360e+01
2.00000000e+01,2.01533693e+01,2.05516650e+01,2.12412250e+01
2.00000000e+01,2.01845431e+01,2.06464905e+01,2.14259938e+01
2.00000000e+01,2.01815488e+01,2.06439921e+01,2.14275588e+01
2.00000000e+01,2.01878772e+01,2.06588942e+01,2.14523230e+01
2.00000000e+01,2.01419358e+01,2.05214387e+01,2.11874063e+01
2.00000000e+01,2.01773284e+01,2.06290377e+01,2.13967301e+01
2.00000000e+01,2.01833567e+01,2.06442477e+01,2.14248388e+01
2.00000000e+01,2.01855122e+01,2.06498158e+01,2.14341355e+01
2.00000000e+01,2.01386272e+01,2.05096878e+01,2.11639314e+01
2.00000000e+01,2.01708171e+01,2.06117460e+01,2.13658893e+01
2.00000000e+01,2.02391260e+01,2.08074601e+01,2.17332168e+01
2.00000000e+01,2.02473726e+01,2.08285680e+01,2.17702448e+01
2.00000000e+01,2.02284264e+01,2.07867609e+01,2.17017925e+01
2.00000000e+01,2.01256183e+01,2.04653101e+01,2.10701901e+01
2.00000000e+01,2.01131668e+01,2.04303518e+01,2.10055414e+01
2.00000000e+01,2.01088042e+01,2.04160492e+01,2.09773520e+01
2.00000000e+01,2.01954271e+01,2.06787915e+01,2.14879743e+01
2.00000000e+01,2.01936891e+01,2.06724500e+01,2.14752194e+01
2.00000000e+01,2.01788211e+01,2.06365338e+01,2.14133673e+01
2.00000000e+01,2.00361301e+01,2.01644714e+01,2.04411499e+01
2.00000000e+01,2.00388295e+01,2.01747856e+01,2.04647051e+01
2.00000000e+01,2.00375419e+01,2.01694261e+01,2.04517397e+01
2.00000000e+01,2.00398539e+01,2.01782932e+01,2.04720661e+01
2.00000000e+01,2.00373070e+01,2.01689939e+01,2.04515172e+01
2.00000000e+01,2.00344645e+01,2.01580834e+01,2.04264904e+01
2.00000000e+01,2.00317672e+01,2.01475918e+01,2.04021867e+01
2.00000000e+01,2.00363785e+01,2.01653293e+01,2.04429503e+01
2.00000000e+01,2.00389914e+01,2.01753068e+01,2.04657423e+01
2.00000000e+01,2.00386429e+01,2.01736380e+01,2.04613801e+01
2.00000000e+01,2.00354409e+01,2.01615392e+01,2.04339324e+01
2.00000000e+01,2.00331170e+01,2.01524692e+01,2.04128523e+01
2.00000000e+01,2.00425183e+01,2.01868745e+01,2.04891392e+01
2.00000000e+01,2.00435491e+01,2.01910883e+01,2.04992205e+01
2.00000000e+01,2.00395736e+01,2.01765648e+01,2.04670543e+01
2.00000000e+01,2.00413663e+01,2.01835336e+01,2.04831859e+01
2.00000000e+01,2.00430631e+01,2.01890606e+01,2.04943100e+01
2.00000000e+01,2.00386072e+01,2.01727702e+01,2.04581995e+01
2.00000000e+01,2.00373886e+01,2.01678217e+01,2.04463741e+01
2.00000000e+01,2.00464894e+01,2.02006711e+01,2.05185721e+01
2.00000000e+01,2.00464714e+01,2.02011610e+01,2.05205605e+01
2.00000000e+01,2.00345738e+01,2.01584711e+01,2.04273396e+01
2.00000000e+01,2.00361600e+01,2.01640995e+01,2.04394644e+01
2.00000000e+01,2.00351642e+01,2.01607972e+01,2.04327567e+01
2.00000000e+01,2.00302223e+01,2.01415213e+01,2.03880170e+01
2.00000000e+01,2.00348496e+01,2.01594084e+01,2.04292917e+01
2.00000000e+01,2.00368067e+01,2.01665626e+01,2.04450982e+01
2.00000000e+01,2.00317343e+01,2.01470136e+01,2.04000457e+01
2.00000000e+01,2.00419324e+01,2.01844221e+01,2.04831794e+01
2.00000000e+01,2.00385089e+01,2.01723827e+01,2.04572940e+01
2.00000000e+01,2.00422684e+01,2.01857694e+01,2.04863675e+01
2.00000000e+01,2.00366803e+01,2.01648975e+01,2.04392999e+01
2.00000000e+01,2.00465773e+01,2.02006183e+01,2.05178426e+01
2.00000000e+01,2.00341320e+01,2.01566641e+01,2.04230600e+01
2.00000000e+01,2.00357531e+01,2.01624683e+01,2.04356340e+01
2.00000000e+01,2.00341458e+01,2.01568676e+01,2.04237186e+01
2.00000000e+01,2.00297622e+01,2.01396912e+01,2.03837349e+01
2.00000000e+01,2.00343673e+01,2.01575709e+01,2.04250707e+01
2.00000000e+01,2.00359229e+01,2.01630999e+01,2.04370484e+01
2.00000000e+01,2.00313086e+01,2.01453107e+01,2.03960224e+01
2.00000000e+01,2.00417723e+01,2.01837159e+01,2.04814169e+01
2.00000000e+01,2.00381802e+01,2.01710884e+01,2.04542587e+01
2.00000000e+01,2.00419002e+01,2.01842108e+01,2.04825518e+01
2.00000000e+01,2.00364607e+01,2.01639729e+01,2.04370367e+01
2.00000000e+01,2.00466349e+01,2.02006947e+01,2.05177934e+01
2.00000000e+01,2.00486387e+01,2.02113168e+01,2.05465587e+01
2.00000000e+01,2.00507410e+01,2.02189231e+01,2.05632961e+01
2.00000000e+01,2.00506552e+01,2.02179450e+01,2.05600902e+01
2.00000000e+01,2.00522015e+01,2.02237018e+01,2.05729895e+01
2.00000000e+01,2.00495597e+01,2.02146562e+01,2.05539261e+01
2.00000000e+01,2.00441551e+01,2.01947473e+01,2.05096769e+01
2.00000000e+01,2.00416160e+01,2.01852971e+01,2.04884835e+01
2.00000000e+01,2.00490271e+01,2.02125201e+01,2.05489180e+01
2.00000000e+01,2.00509778e+01,2.02196721e+01,2.05647620e+01
2.00000000e+01,2.00514451e+01,2.02208533e+01,2.05665571e+01
2.00000000e+01,2.00454394e+01,2.01990447e+01,2.05185387e+01
2.00000000e+01,2.00434086e+01,2.01913809e+01,2.05011878e+01
2.00000000e+01,2.00573122e+01,2.02400485e+01,2.06056280e+01
2.00000000e+01,2.00572019e+01,2.02402034e+01,2.06068019e+01
2.00000000e+01,2.00534230e+01,2.02271464e+01,2.05790492e+01
2.00000000e+01,2.00542802e+01,2.02305644e+01,2.05870447e+01
2.00000000e+01,2.00573575e+01,2.02404380e+01,2.06068234e+01
2.00000000e+01,2.00497591e+01,2.02136494e+01,2.05489948e+01
2.00000000e+01,2.00491951e+01,2.02111371e+01,2.05427174e+01
2.00000000e+01,2.00623075e+01,2.02565413e+01,2.06395456e+01
2.00000000e+01,2.00609846e+01,2.02526386e+01,2.06322690e+01
2.00000000e+01,2.00473646e+01,2.02066747e+01,2.05362974e+01
2.00000000e+01,2.00497642e+01,2.02145038e+01,2.05522463e+01
2.00000000e+01,2.00479048e+01,2.02085394e+01,2.05403405e+01
2.00000000e+01,2.00401210e+01,2.01796836e+01,2.04758110e+01
2.00000000e+01,2.00477707e+01,2.02079725e+01,2.05388771e+01
2.00000000e+01,2.00502205e+01,2.02162460e+01,2.05561725e+01
2.00000000e+01,2.00422111e+01,2.01867822e+01,2.04906724e+01
2.00000000e+01,2.00574735e+01,2.02402462e+01,2.06054720e+01
2.00000000e+01,2.00529456e+01,2.02251707e+01,2.05743316e+01
2.00000000e+01,2.00575304e+01,2.02405773e+01,2.06063930e+01
2.00000000e+01,2.00489117e+01,2.02097848e+01,2.05392138e+01
2.00000000e+01,2.00632896e+01,2.02594752e+01,2.06450878e+01
2.00000000e+01,2.00467365e+01,2.02047015e+01,2.05322122e+01
2.00000000e+01,2.00493479e+01,2.02130940e+01,2.05491981e+01
2.00000000e+01,2.00470525e+01,2.02054086e+01,2.05333956e+01
2.00000000e+01,2.00395789e+01,2.01777473e+01,2.04715130e+01
2.00000000e+01,2.00474046e+01,2.02064991e+01,2.05354852e+01
2.00000000e+01,2.00495324e+01,2.02137518e+01,2.05506222e+01
2.00000000e+01,2.00417824e+01,2.01852035e+01,2.04871116e+01
2.00000000e+01,2.00575108e+01,2.02402800e+01,2.06053684e+01
2.00000000e+01,2.00527943e+01,2.02245014e+01,2.05726957e+01
2.00000000e+01,2.00576653e+01,2.02407883e+01,2.06064381e+01
2.00000000e+01,2.00488258e+01,2.02093743e+01,2.05381363e+01
2.00000000e+01,2.00636417e+01,2.02605315e+01,2.06470900e+01
2.00000000e+01,2.00690717e+01,2.02837681e+01,2.07033726e+01
2.00000000e+01,2.00688909e+01,2.02833722e+01,2.07027332e+01
2.00000000e+01,2.00720277e+01,2.02931601e+01,2.07220229e+01
2.00000000e+01,2.00712171e+01,2.02906458e+01,2.07170782e+01
2.00000000e+01,2.00689327e+01,2.02834178e+01,2.07027504e+01
2.00000000e+01,2.00587996e+01,2.02479204e+01,2.06266323e+01
2.00000000e+01,2.00575677e+01,2.02434326e+01,2.06168141e+01
2.00000000e+01,2.00696618e+01,2.02857454e+01,2.07073802e+01
2.00000000e+01,2.00694581e+01,2.02851041e+01,2.07061097e+01
2.00000000e+01,2.00717927e+01,2.02924398e+01,2.07206147e+01
2.00000000e+01,2.00607502e+01,2.02541560e+01,2.06391022e+01
2.00000000e+01,2.00601331e+01,2.02517519e+01,2.06335857e+01
2.00000000e+01,2.00804919e+01,2.03196827e+01,2.07744650e+01
2.00000000e+01,2.00777290e+01,2.03110481e+01,2.07574030e+01
2.00000000e+01,2.00756767e+01,2.03046196e+01,2.07446945e+01
2.00000000e+01,2.00740085e+01,2.02994045e+01,2.07343948e+01
2.00000000e+01,2.00793157e+01,2.03160118e+01,2.07672156e+01
2.00000000e+01,2.00665053e+01,2.02726725e+01,2.06763759e+01
2.00000000e+01,2.00677077e+01,2.02762149e+01,2.06829906e+01
2.00000000e+01,2.00861982e+01,2.03374448e+01,2.08095338e+01
2.00000000e+01,2.00822589e+01,2.03251880e+01,2.07853380e+01
2.00000000e+01,2.00692484e+01,2.02842038e+01,2.07041694e+01
2.00000000e+01,2.00724364e+01,2.02946644e+01,2.07251868e+01
2.00000000e+01,2.00688083e+01,2.02831743e+01,2.07023930e+01
2.00000000e+01,2.00568089e+01,2.02406545e+01,2.06107289e+01
2.00000000e+01,2.00700748e+01,2.02867689e+01,2.07091800e+01
2.00000000e+01,2.00724887e+01,2.02946666e+01,2.07250520e+01
2.00000000e+01,2.00597090e+01,2.02502115e+01,2.06301230e+01
2.00000000e+01,2.00825937e+01,2.03261956e+01,2.07872907e+01
2.00000000e+01,2.00769058e+01,2.03085020e+01,2.07523990e+01
2.00000000e+01,2.00818426e+01,2.03238791e+01,2.07827392e+01
2.00000000e+01,2.00686570e+01,2.02790303e+01,2.06883011e+01
2.00000000e+01,2.00890864e+01,2.03463907e+01,2.08271690e+01
2.00000000e+01,2.00701403e+01,2.02859426e+01,2.07066933e+01
2.00000000e+01,2.00730178e+01,2.02960258e+01,2.07274624e+01
2.00000000e+01,2.00687714e+01,2.02830423e+01,2.07020779e+01
2.00000000e+01,2.00568160e+01,2.02401930e+01,2.06093055e+01
2.00000000e+01,2.00698795e+01,2.02865112e+01,2.07090019e+01
2.00000000e+01,2.00731848e+01,2.02965419e+01,2.07284906e+01
2.00000000e+01,2.00597300e+01,2.02499839e+01,2.06293278e+01
2.00000000e+01,2.00834592e+01,2.03287827e+01,2.07923063e+01
2.00000000e+01,2.00773051e+01,2.03098333e+01,2.07550999e+01
2.00000000e+01,2.00833212e+01,2.03284867e+01,2.07918385e+01
2.00000000e+01,2.00690458e+01,2.02801469e+01,2.06903802e+01
2.00000000e+01,2.00901681e+01,2.03497136e+01,2.08336964e+01
2.00000000e+01,2.01027235e+01,2.03974129e+01,2.09402585e+01
2.00000000e+01,2.00977716e+01,2.03804852e+01,2.09050767e+01
2.00000000e+01,2.01075329e+01,2.04114487e+01,2.09668191e+01
2.00000000e+01,2.01010040e+01,2.03903997e+01,2.09243057e+01
2.00000000e+01,2.01003195e+01,2.03892843e+01,2.09234576e+01
2.00000000e+01,2.00816302e+01,2.03268141e+01,2.07941701e+01
2.00000000e+01,2.00834826e+01,2.03334104e+01,2.08082227e+01
2.00000000e+01,2.01045030e+01,2.04023551e+01,2.09494373e+01
2.00000000e+01,2.00985978e+01,2.03832118e+01,2.09105631e+01
2.00000000e+01,2.01046535e+01,2.04021478e+01,2.09480039e+01
2.00000000e+01,2.00845120e+01,2.03357801e+01,2.08117403e+01
2.00000000e+01,2.00875904e+01,2.03458491e+01,2.08322848e+01
2.00000000e+01,2.01171592e+01,2.04394105e+01,2.10194247e+01
2.00000000e+01,2.01086118e+01,2.04129622e+01,2.09672606e+01
2.00000000e+01,2.01119338e+01,2.04242885e+01,2.09910249e+01
2.00000000e+01,2.01044138e+01,2.04005424e+01,2.09436441e+01
2.00000000e+01,2.01132270e+01,2.04272406e+01,2.09954161e+01
2.00000000e+01,2.00916743e+01,2.03576425e+01,2.08541805e+01
2.00000000e+01,2.00968372e+01,2.03738007e+01,2.08862596e+01
2.00000000e+01,2.01223794e+01,2.04544688e+01,2.10476797e+01
2.00000000e+01,2.01133401e+01,2.04268312e+01,2.09935498e+01
2.00000000e+01,2.01058677e+01,2.04082502e+01,2.09626586e+01
2.00000000e+01,2.01132989e+01,2.04287242e+01,2.10004970e+01
2.00000000e+01,2.01056928e+01,2.04061359e+01,2.09572153e+01
2.00000000e+01,2.00846671e+01,2.03376288e+01,2.08171505e+01
2.00000000e+01,2.01075969e+01,2.04135845e+01,2.09731821e+01
2.00000000e+01,2.01107933e+01,2.04214707e+01,2.09865831e+01
2.00000000e+01,2.00902131e+01,2.03538939e+01,2.08482117e+01
2.00000000e+01,2.01234665e+01,2.04589010e+01,2.10578028e+01
2.00000000e+01,2.01178364e+01,2.04424702e+01,2.10268390e+01
2.00000000e+01,2.01209040e+01,2.04509689e+01,2.10421644e+01
2.00000000e+01,2.01006141e+01,2.03856239e+01,2.09097220e+01
2.00000000e+01,2.01290409e+01,2.04747410e+01,2.10872910e+01
2.00000000e+01,2.01033267e+01,2.04051691e+01,2.09608727e+01
2.00000000e+01,2.01136973e+01,2.04319516e+01,2.10087309e+01
2.00000000e+01,2.01088038e+01,2.04160483e+01,2.09773495e+01
2.00000000e+01,2.00838391e+01,2.03367725e+01,2.08170316e+01
2.00000000e+01,2.01103530e+01,2.04207322e+01,2.09859976e+01
2.00000000e+01,2.01131665e+01,2.04303507e+01,2.10055392e+01
2.00000000e+01,2.00904771e+01,2.03555771e+01,2.08523720e+01
2.00000000e+01,2.01256370e+01,2.04658388e+01,2.10716507e+01
2.00000000e+01,2.01202937e+01,2.04498205e+01,2.10411267e+01
2.00000000e+01,2.01256180e+01,2.04653091e+01,2.10701879e+01
2.00000000e+01,2.01019140e+01,2.03898255e+01,2.09181722e+01
2.00000000e+01,2.01314471e+01,2.04821371e+01,2.11018137e+01
2.00000000e+01,2.01656070e+01,2.05930135e+01,2.13270803e+01
2.00000000e+01,2.01435009e+01,2.05275616e+01,2.12011809e+01
2.00000000e+01,2.01691790e+01,2.06036343e+01,2.13469724e+01
2.00000000e+01,2.01482159e+01,2.05403972e+01,2.12245043e+01
2.00000000e+01,2.01552548e+01,2.05622296e+01,2.12678207e+01
2.00000000e+01,2.01175262e+01,2.04452875e+01,2.10372025e+01
2.00000000e+01,2.01296903e+01,2.04826292e+01,2.11108108e+01
2.00000000e+01,2.01654352e+01,2.05940367e+01,2.13302840e+01
2.00000000e+01,2.01456525e+01,2.05331605e+01,2.12111758e+01
2.00000000e+01,2.01593182e+01,2.05739363e+01,2.12895527e+01
2.00000000e+01,2.01219091e+01,2.04578401e+01,2.10606919e+01
2.00000000e+01,2.01343138e+01,2.04963517e+01,2.11367466e+01
2.00000000e+01,2.01753558e+01,2.06197045e+01,2.13750398e+01
2.00000000e+01,2.01553936e+01,2.05598315e+01,2.12594794e+01
2.00000000e+01,2.01725148e+01,2.06124974e+01,2.13626763e+01
2.00000000e+01,2.01516191e+01,2.05497078e+01,2.12413597e+01
2.00000000e+01,2.01656855e+01,2.05908199e+01,2.13194094e+01
2.00000000e+01,2.01296945e+01,2.04800115e+01,2.11018659e+01
2.00000000e+01,2.01428959e+01,2.05204047e+01,2.11808595e+01
2.00000000e+01,2.01771277e+01,2.06233162e+01,2.13802154e+01
2.00000000e+01,2.01586981e+01,2.05686212e+01,2.12751005e+01
2.00000000e+01,2.01833562e+01,2.06442462e+01,2.14248356e+01
2.00000000e+01,2.01815482e+01,2.06439908e+01,2.14275557e+01
2.00000000e+01,2.01708167e+01,2.06117449e+01,2.13658866e+01
2.00000000e+01,2.01386268e+01,2.05096868e+01,2.11639286e+01
2.00000000e+01,2.01855116e+01,2.06498145e+01,2.14341321e+01
2.00000000e+01,2.01773278e+01,2.06290370e+01,2.13967271e+01
2.00000000e+01,2.01419353e+01,2.05214377e+01,2.11874037e+01
2.00000000e+01,2.01917186e+01,2.06673337e+01,2.14655740e+01
2.00000000e+01,2.01878766e+01,2.06588928e+01,2.14523201e+01
2.00000000e+01,2.01845426e+01,2.06464897e+01,2.14259915e+01
2.00000000e+01,2.01533689e+01,2.05516640e+01,2.12412228e+01
2.00000000e+01,2.01915070e+01,2.06651836e+01,2.14599331e+01
2.00000000e+01,2.02065510e+01,2.06947014e+01,2.15052791e+01
2.00000000e+01,2.01935908e+01,2.06725048e+01,2.14754160e+01
2.00000000e+01,2.01788206e+01,2.06365317e+01,2.14133634e+01
2.00000000e+01,2.01474662e+01,2.05300428e+01,2.11978837e+01
2.00000000e+01,2.01859479e+01,2.06572804e+01,2.14545298e+01
2.00000000e+01,2.01936884e+01,2.06724483e+01,2.14752156e+01
2.00000000e+01,2.01478558e+01,2.05363789e+01,2.12136721e+01
2.00000000e+01,2.01986601e+01,2.06866490e+01,2.15015283e+01
2.00000000e+01,2.01931507e+01,2.06749255e+01,2.14832732e+01
2.00000000e+01,2.01954266e+01,2.06787899e+01,2.14879710e+01
2.00000000e+01,2.01577468e+01,2.05642104e+01,2.12649875e+01
2.00000000e+01,2.01973444e+01,2.06816092e+01,2.14906662e+01
2.00000000e+01,2.01805087e+01,2.06380254e+01,2.14141321e+01
2.00000000e+01,2.02083580e+01,2.07250250e+01,2.15838740e+01
2.00000000e+01,2.01825298e+01,2.06443675e+01,2.14262228e+01
2.00000000e+01,2.02140207e+01,2.07382048e+01,2.16056782e+01
2.00000000e+01,2.01866571e+01,2.06548851e+01,2.14442564e+01
2.00000000e+01,2.02169204e+01,2.07424661e+01,2.16097979e+01
2.00000000e+01,2.02284256e+01,2.07867590e+01,2.17017879e+01
2.00000000e+01,2.02473717e+01,2.08285664e+01,2.17702404e+01
2.00000000e+01,2.02391252e+01,2.08074588e+01,2.17332129e+01
2.00000000e+01,2.02134157e+01,2.07667284e+01,2.16846905e+01
2.00000000e+01,2.02465369e+01,2.08376344e+01,2.17981098e+01
2.00000000e+01,2.02461084e+01,2.08290491e+01,2.17751148e+01
2.00000000e+01,2.00473647e+01,2.02066748e+01,2.05362970e+01
2.00000000e+01,2.00692484e+01,2.02842035e+01,2.07041687e+01
2.00000000e+01,2.00497643e+01,2.02145036e+01,2.05522461e+01
2.00000000e+01,2.00724363e+01,2.02946643e+01,2.07251866e+01
2.00000000e+01,2.00470525e+01,2.02054086e+01,2.05333953e+01
2.00000000e+01,2.00568090e+01,2.02406542e+01,2.06107287e+01
2.00000000e+01,2.00687714e+01,2.02830422e+01,2.07020776e+01
2.00000000e+01,2.00477707e+01,2.02079724e+01,2.05388769e+01
2.00000000e+01,2.00700747e+01,2.02867687e+01,2.07091794e+01
2.00000000e+01,2.00495324e+01,2.02137517e+01,2.05506222e+01
2.00000000e+01,2.00597090e+01,2.02502114e+01,2.06301227e+01
2.00000000e+01,2.00731848e+01,2.02965419e+01,2.07284904e+01
2.00000000e+01,2.00574736e+01,2.02402459e+01,2.06054721e+01
2.00000000e+01,2.00825937e+01,2.03261953e+01,2.07872906e+01
2.00000000e+01,2.00529457e+01,2.02251704e+01,2.05743316e+01
2.00000000e+01,2.00769057e+01,2.03085020e+01,2.07523987e+01
2.00000000e+01,2.00576653e+01,2.02407882e+01,2.06064381e+01
2.00000000e+01,2.00686570e+01,2.02790301e+01,2.06883010e+01
2.00000000e+01,2.00833212e+01,2.03284864e+01,2.07918385e+01
2.00000000e+01,2.00632896e+01,2.02594751e+01,2.06450876e+01
2.00000000e+01,2.00890864e+01,2.03463905e+01,2.08271687e+01
2.00000000e+01,2.00486388e+01,2.02113160e+01,2.05465592e+01
2.00000000e+01,2.00690718e+01,2.02837672e+01,2.07033719e+01
2.00000000e+01,2.00506554e+01,2.02179446e+01,2.05600898e+01
2.00000000e+01,2.00720277e+01,2.02931599e+01,2.07220223e+01
2.00000000e+01,2.00479052e+01,2.02085399e+01,2.05403424e+01
2.00000000e+01,2.00575678e+01,2.02434320e+01,2.06168139e+01
2.00000000e+01,2.00688085e+01,2.02831743e+01,2.07023931e+01
2.00000000e+01,2.00490272e+01,2.02125196e+01,2.05489181e+01
2.00000000e+01,2.00696618e+01,2.02857447e+01,2.07073796e+01
2.00000000e+01,2.00502206e+01,2.02162457e+01,2.05561723e+01
2.00000000e+01,2.00601332e+01,2.02517516e+01,2.06335853e+01
2.00000000e+01,2.00724887e+01,2.02946662e+01,2.07250518e+01
2.00000000e+01,2.00573122e+01,2.02400484e+01,2.06056275e+01
2.00000000e+01,2.00804920e+01,2.03196821e+01,2.07744647e+01
2.00000000e+01,2.00534231e+01,2.02271462e+01,2.05790487e+01
2.00000000e+01,2.00756767e+01,2.03046192e+01,2.07446941e+01
2.00000000e+01,2.00575305e+01,2.02405770e+01,2.06063928e+01
2.00000000e+01,2.00677077e+01,2.02762145e+01,2.06829903e+01
2.00000000e+01,2.00818426e+01,2.03238787e+01,2.07827390e+01
2.00000000e+01,2.00623076e+01,2.02565409e+01,2.06395453e+01
2.00000000e+01,2.00861983e+01,2.03374443e+01,2.08095333e+01
2.00000000e+01,2.00507409e+01,2.02189232e+01,2.05632950e+01
2.00000000e+01,2.00688909e+01,2.02833718e+01,2.07027325e+01
2.00000000e+01,2.00522015e+01,2.02237016e+01,2.05729886e+01
2.00000000e+01,2.00712171e+01,2.02906453e+01,2.07170775e+01
2.00000000e+01,2.00495597e+01,2.02146558e+01,2.05539258e+01
2.00000000e+01,2.00587996e+01,2.02479202e+01,2.06266315e+01
2.00000000e+01,2.00689328e+01,2.02834171e+01,2.07027499e+01
2.00000000e+01,2.00509778e+01,2.02196720e+01,2.05647610e+01
2.00000000e+01,2.00694582e+01,2.02851036e+01,2.07061089e+01
2.00000000e+01,2.00514452e+01,2.02208530e+01,2.05665565e+01
2.00000000e+01,2.00607502e+01,2.02541557e+01,2.06391013e+01
2.00000000e+01,2.00717927e+01,2.02924394e+01,2.07206140e+01
2.00000000e+01,2.00572020e+01,2.02402029e+01,2.06068017e+01
2.00000000e+01,2.00777292e+01,2.03110472e+01,2.07574022e+01
2.00000000e+01,2.00542803e+01,2.02305640e+01,2.05870442e+01
2.00000000e+01,2.00740086e+01,2.02994039e+01,2.07343939e+01
2.00000000e+01,2.00573576e+01,2.02404376e+01,2.06068230e+01
2.00000000e+01,2.00665054e+01,2.02726720e+01,2.06763752e+01
2.00000000e+01,2.00793158e+01,2.03160113e+01,2.07672151e+01
2.00000000e+01,2.00609847e+01,2.02526383e+01,2.06322684e+01
2.00000000e+01,2.00822590e+01,2.03251874e+01,2.07853374e+01
2.00000000e+01,2.00345739e+01,2.01584712e+01,2.04273391e+01
2.00000000e+01,2.00361600e+01,2.01640994e+01,2.04394642e+01
2.00000000e+01,2.00341458e+01,2.01568676e+01,2.04237184e+01
2.00000000e+01,2.00401210e+01,2.01796835e+01,2.04758106e+01
2.00000000e+01,2.00348497e+01,2.01594085e+01,2.04292914e+01
2.00000000e+01,2.00359229e+01,2.01630999e+01,2.04370483e+01
2.00000000e+01,2.00422111e+01,2.01867820e+01,2.04906722e+01
2.00000000e+01,2.00419325e+01,2.01844219e+01,2.04831793e+01
2.00000000e+01,2.00385089e+01,2.01723826e+01,2.04572939e+01
2.00000000e+01,2.00419002e+01,2.01842107e+01,2.04825519e+01
2.00000000e+01,2.00489118e+01,2.02097846e+01,2.05392138e+01
2.00000000e+01,2.00465773e+01,2.02006181e+01,2.05178425e+01
2.00000000e+01,2.00361301e+01,2.01644714e+01,2.04411496e+01
2.00000000e+01,2.00375420e+01,2.01694259e+01,2.04517394e+01
2.00000000e+01,2.00351642e+01,2.01607972e+01,2.04327562e+01
2.00000000e+01,2.00416160e+01,2.01852968e+01,2.04884834e+01
2.00000000e+01,2.00363786e+01,2.01653292e+01,2.04429499e+01
2.00000000e+01,2.00368067e+01,2.01665625e+01,2.04450979e+01
2.00000000e+01,2.00434087e+01,2.01913806e+01,2.05011876e+01
2.00000000e+01,2.00425184e+01,2.01868743e+01,2.04891388e+01
2.00000000e+01,2.00395737e+01,2.01765646e+01,2.04670540e+01
2.00000000e+01,2.00422684e+01,2.01857693e+01,2.04863673e+01
2.00000000e+01,2.00491951e+01,2.02111369e+01,2.05427170e+01
2.00000000e+01,2.00464895e+01,2.02006710e+01,2.05185718e+01
2.00000000e+01,2.00388296e+01,2.01747851e+01,2.04647049e+01
2.00000000e+01,2.00398540e+01,2.01782927e+01,2.04720659e+01
2.00000000e+01,2.00373071e+01,2.01689936e+01,2.04515170e+01
2.00000000e+01,2.00441552e+01,2.01947470e+01,2.05096763e+01
2.00000000e+01,2.00389915e+01,2.01753064e+01,2.04657420e+01
2.00000000e+01,2.00386429e+01,2.01736378e+01,2.04613798e+01
2.00000000e+01,2.00454395e+01,2.01990444e+01,2.05185382e+01
2.00000000e+01,2.00435491e+01,2.01910882e+01,2.04992200e+01
2.00000000e+01,2.00413664e+01,2.01835334e+01,2.04831855e+01
2.00000000e+01,2.00430632e+01,2.01890604e+01,2.04943096e+01
2.00000000e+01,2.00497592e+01,2.02136491e+01,2.05489943e+01
2.00000000e+01,2.00464714e+01,2.02011607e+01,2.05205601e+01
2.00000000e+01,2.00302223e+01,2.01415213e+01,2.03880168e+01
2.00000000e+01,2.00317343e+01,2.01470136e+01,2.04000456e+01
2.00000000e+01,2.00366803e+01,2.01648975e+01,2.04392997e+01
2.00000000e+01,2.00317673e+01,2.01475917e+01,2.04021863e+01
2.00000000e+01,2.00331170e+01,2.01524692e+01,2.04128519e+01
2.00000000e+01,2.00373886e+01,2.01678215e+01,2.04463739e+01
2.00000000e+01,2.00344645e+01,2.01580832e+01,2.04264902e+01
2.00000000e+01,2.00354409e+01,2.01615390e+01,2.04339321e+01
2.00000000e+01,2.00386072e+01,2.01727700e+01,2.04581992e+01
2.00000000e+01,2.01833563e+01,2.06442458e+01,2.14248356e+01
2.00000000e+01,2.01815483e+01,2.06439901e+01,2.14275548e+01
2.00000000e+01,2.01788206e+01,2.06365316e+01,2.14133632e+01
2.00000000e+01,2.02284257e+01,2.07867581e+01,2.17017873e+01
2.00000000e+01,2.01855117e+01,2.06498139e+01,2.14341316e+01
2.00000000e+01,2.01936884e+01,2.06724479e+01,2.14752152e+01
2.00000000e+01,2.02473718e+01,2.08285653e+01,2.17702396e+01
2.00000000e+01,2.01917186e+01,2.06673331e+01,2.14655734e+01
2.00000000e+01,2.01878766e+01,2.06588922e+01,2.14523193e+01
2.00000000e+01,2.01954266e+01,2.06787895e+01,2.14879707e+01
2.00000000e+01,2.02391253e+01,2.08074577e+01,2.17332123e+01
2.00000000e+01,2.01915071e+01,2.06651829e+01,2.14599326e+01
2.00000000e+01,2.01656073e+01,2.05930125e+01,2.13270801e+01
2.00000000e+01,2.01691790e+01,2.06036331e+01,2.13469716e+01
2.00000000e+01,2.01708168e+01,2.06117437e+01,2.13658858e+01
2.00000000e+01,2.02083581e+01,2.07250234e+01,2.15838728e+01
2.00000000e+01,2.01654353e+01,2.05940357e+01,2.13302831e+01
2.00000000e+01,2.01773279e+01,2.06290358e+01,2.13967264e+01
2.00000000e+01,2.02140207e+01,2.07382030e+01,2.16056770e+01
2.00000000e+01,2.01753559e+01,2.06197031e+01,2.13750391e+01
2.00000000e+01,2.01725149e+01,2.06124962e+01,2.13626755e+01
2.00000000e+01,2.01845427e+01,2.06464887e+01,2.14259906e+01
2.00000000e+01,2.02169205e+01,2.07424645e+01,2.16097969e+01
2.00000000e+01,2.01771277e+01,2.06233153e+01,2.13802143e+01
2.00000000e+01,2.01435007e+01,2.05275603e+01,2.12011793e+01
2.00000000e+01,2.01482159e+01,2.05403955e+01,2.12245034e+01
2.00000000e+01,2.01552549e+01,2.05622282e+01,2.12678198e+01
2.00000000e+01,2.01805088e+01,2.06380233e+01,2.14141307e+01
2.00000000e+01,2.01456525e+01,2.05331589e+01,2.12111746e+01
2.00000000e+01,2.01593182e+01,2.05739348e+01,2.12895518e+01
2.00000000e+01,2.01825299e+01,2.06443655e+01,2.14262215e+01
2.00000000e+01,2.01553936e+01,2.05598302e+01,2.12594781e+01
2.00000000e+01,2.01516192e+01,2.05497064e+01,2.12413584e+01
2.00000000e+01,2.01656855e+01,2.05908186e+01,2.13194084e+01
2.00000000e+01,2.01866571e+01,2.06548834e+01,2.14442547e+01
2.00000000e+01,2.01586981e+01,2.05686198e+01,2.12750994e+01
2.00000000e+01,2.01058677e+01,2.04082497e+01,2.09626584e+01
2.00000000e+01,2.01132989e+01,2.04287236e+01,2.10004970e+01
2.00000000e+01,2.01088038e+01,2.04160481e+01,2.09773494e+01
2.00000000e+01,2.01386267e+01,2.05096860e+01,2.11639277e+01
2.00000000e+01,2.01075969e+01,2.04135838e+01,2.09731818e+01
2.00000000e+01,2.01131666e+01,2.04303504e+01,2.10055391e+01
2.00000000e+01,2.01419354e+01,2.05214371e+01,2.11874033e+01
2.00000000e+01,2.01234665e+01,2.04589008e+01,2.10578020e+01
2.00000000e+01,2.01178365e+01,2.04424698e+01,2.10268386e+01
2.00000000e+01,2.01256180e+01,2.04653090e+01,2.10701876e+01
2.00000000e+01,2.01533689e+01,2.05516635e+01,2.12412223e+01
2.00000000e+01,2.01290409e+01,2.04747407e+01,2.10872906e+01
2.00000000e+01,2.01027235e+01,2.03974123e+01,2.09402577e+01
2.00000000e+01,2.01075329e+01,2.04114480e+01,2.09668187e+01
2.00000000e+01,2.01056906e+01,2.04061280e+01,2.09572000e+01
2.00000000e+01,2.01296902e+01,2.04826280e+01,2.11108097e+01
2.00000000e+01,2.01045030e+01,2.04023542e+01,2.09494364e+01
2.00000000e+01,2.01107932e+01,2.04214702e+01,2.09865822e+01
2.00000000e+01,2.01343138e+01,2.04963507e+01,2.11367460e+01
2.00000000e+01,2.01171592e+01,2.04394098e+01,2.10194238e+01
2.00000000e+01,2.01119339e+01,2.04242878e+01,2.09910244e+01
2.00000000e+01,2.01209040e+01,2.04509684e+01,2.10421638e+01
2.00000000e+01,2.01428959e+01,2.05204039e+01,2.11808586e+01
2.00000000e+01,2.01223794e+01,2.04544683e+01,2.10476788e+01
2.00000000e+01,2.00977716e+01,2.03804843e+01,2.09050758e+01
2.00000000e+01,2.01010040e+01,2.03903988e+01,2.09243047e+01
2.00000000e+01,2.01003195e+01,2.03892835e+01,2.09234568e+01
2.00000000e+01,2.01175262e+01,2.04452864e+01,2.10372015e+01
2.00000000e+01,2.00985978e+01,2.03832111e+01,2.09105621e+01
2.00000000e+01,2.01046535e+01,2.04021469e+01,2.09480033e+01
2.00000000e+01,2.01219090e+01,2.04578389e+01,2.10606909e+01
2.00000000e+01,2.01086117e+01,2.04129616e+01,2.09672595e+01
2.00000000e+01,2.01044138e+01,2.04005417e+01,2.09436430e+01
2.00000000e+01,2.01132270e+01,2.04272399e+01,2.09954152e+01
2.00000000e+01,2.01296945e+01,2.04800104e+01,2.11018648e+01
2.00000000e+01,2.01133400e+01,2.04268306e+01,2.09935487e+01
2.00000000e+01,2.00846672e+01,2.03376287e+01,2.08171507e+01
2.00000000e+01,2.00902131e+01,2.03538936e+01,2.08482115e+01
2.00000000e+01,2.01006141e+01,2.03856237e+01,2.09097214e+01
2.00000000e+01,2.00834828e+01,2.03334100e+01,2.08082226e+01
2.00000000e+01,2.00875904e+01,2.03458488e+01,2.08322842e+01
2.00000000e+01,2.00968372e+01,2.03738001e+01,2.08862589e+01
2.00000000e+01,2.00816302e+01,2.03268133e+01,2.07941692e+01
2.00000000e+01,2.00845120e+01,2.03357794e+01,2.08117395e+01
2.00000000e+01,2.00916743e+01,2.03576418e+01,2.08541798e+01
2.00000000e+01,2.00419323e+01,2.01844215e+01,2.04831784e+01
2.00000000e+01,2.00417723e+01,2.01837155e+01,2.04814164e+01
2.00000000e+01,2.00465773e+01,2.02006177e+01,2.05178417e+01
2.00000000e+01,2.00466348e+01,2.02006944e+01,2.05177924e+01
2.00000000e+01,2.00366802e+01,2.01648971e+01,2.04392988e+01
2.00000000e+01,2.00419000e+01,2.01842100e+01,2.04825504e+01
2.00000000e+01,2.00364607e+01,2.01639726e+01,2.04370360e+01
2.00000000e+01,2.00361599e+01,2.01640984e+01,2.04394625e+01
2.00000000e+01,2.00357526e+01,2.01624666e+01,2.04356305e+01
2.00000000e+01,2.00385088e+01,2.01723819e+01,2.04572924e+01
2.00000000e+01,2.00381800e+01,2.01710872e+01,2.04542566e+01
2.00000000e+01,2.00317341e+01,2.01470128e+01,2.04000438e+01
2.00000000e+01,2.00359229e+01,2.01630999e+01,2.04370486e+01
2.00000000e+01,2.00313083e+01,2.01453095e+01,2.03960199e+01
2.00000000e+01,2.00345752e+01,2.01584751e+01,2.04273480e+01
2.00000000e+01,2.00341334e+01,2.01566685e+01,2.04230705e+01
2.00000000e+01,2.00348504e+01,2.01594106e+01,2.04292965e+01
2.00000000e+01,2.00343683e+01,2.01575740e+01,2.04250780e+01
2.00000000e+01,2.00302231e+01,2.01415242e+01,2.03880239e+01
2.00000000e+01,2.00341652e+01,2.01569428e+01,2.04238933e+01
2.00000000e+01,2.00297615e+01,2.01396886e+01,2.03837288e+01
2.00000000e+01,2.00574735e+01,2.02402457e+01,2.06054719e+01
2.00000000e+01,2.00575105e+01,2.02402791e+01,2.06053669e+01
2.00000000e+01,2.00632894e+01,2.02594745e+01,2.06450866e+01
2.00000000e+01,2.00636415e+01,2.02605307e+01,2.06470889e+01
2.00000000e+01,2.00489118e+01,2.02097844e+01,2.05392135e+01
2.00000000e+01,2.00576650e+01,2.02407871e+01,2.06064359e+01
2.00000000e+01,2.00488257e+01,2.02093737e+01,2.05381352e+01
2.00000000e+01,2.00497634e+01,2.02145001e+01,2.05522387e+01
2.00000000e+01,2.00493474e+01,2.02130911e+01,2.05491923e+01
2.00000000e+01,2.00529452e+01,2.02251684e+01,2.05743275e+01
2.00000000e+01,2.00527939e+01,2.02244997e+01,2.05726917e+01
2.00000000e+01,2.00422104e+01,2.01867792e+01,2.04906665e+01
2.00000000e+01,2.00495323e+01,2.02137507e+01,2.05506208e+01
2.00000000e+01,2.00417820e+01,2.01852018e+01,2.04871081e+01
2.00000000e+01,2.00473614e+01,2.02066639e+01,2.05362743e+01
2.00000000e+01,2.00467354e+01,2.02046966e+01,2.05322047e+01
2.00000000e+01,2.00477713e+01,2.02079744e+01,2.05388816e+01
2.00000000e+01,2.00474049e+01,2.02064998e+01,2.05354887e+01
2.00000000e+01,2.00401140e+01,2.01796578e+01,2.04757547e+01
2.00000000e+01,2.00470903e+01,2.02055472e+01,2.05337047e+01
2.00000000e+01,2.00395775e+01,2.01777423e+01,2.04715045e+01
2.00000000e+01,2.00825932e+01,2.03261932e+01,2.07872870e+01
2.00000000e+01,2.00834590e+01,2.03287814e+01,2.07923029e+01
2.00000000e+01,2.00890862e+01,2.03463894e+01,2.08271667e+01
2.00000000e+01,2.00901679e+01,2.03497124e+01,2.08336944e+01
2.00000000e+01,2.00686565e+01,2.02790284e+01,2.06882976e+01
2.00000000e+01,2.00833206e+01,2.03284844e+01,2.07918342e+01
2.00000000e+01,2.00690457e+01,2.02801458e+01,2.06903780e+01
2.00000000e+01,2.00724343e+01,2.02946577e+01,2.07251739e+01
2.00000000e+01,2.00730153e+01,2.02960182e+01,2.07274481e+01
2.00000000e+01,2.00769047e+01,2.03084984e+01,2.07523921e+01
2.00000000e+01,2.00773033e+01,2.03098282e+01,2.07550904e+01
2.00000000e+01,2.00597088e+01,2.02502104e+01,2.06301211e+01
2.00000000e+01,2.00731832e+01,2.02965361e+01,2.07284793e+01
2.00000000e+01,2.00597285e+01,2.02499791e+01,2.06293189e+01
2.00000000e+01,2.00692450e+01,2.02841918e+01,2.07041452e+01
2.00000000e+01,2.00701336e+01,2.02859191e+01,2.07066469e+01
2.00000000e+01,2.00700711e+01,2.02867568e+01,2.07091564e+01
2.00000000e+01,2.00698759e+01,2.02864979e+01,2.07089748e+01
2.00000000e+01,2.00568524e+01,2.02408086e+01,2.06110632e+01
2.00000000e+01,2.00687715e+01,2.02830427e+01,2.07020790e+01
2.00000000e+01,2.00568152e+01,2.02401880e+01,2.06092967e+01
2.00000000e+01,2.00425182e+01,2.01868738e+01,2.04891376e+01
2.00000000e+01,2.00464894e+01,2.02006708e+01,2.05185711e+01
2.00000000e+01,2.00373885e+01,2.01678212e+01,2.04463732e+01
2.00000000e+01,2.00422682e+01,2.01857687e+01,2.04863659e+01
2.00000000e+01,2.00375420e+01,2.01694260e+01,2.04517397e+01
2.00000000e+01,2.00395736e+01,2.01765643e+01,2.04670535e+01
2.00000000e+01,2.00331169e+01,2.01524687e+01,2.04128509e+01
2.00000000e+01,2.00368068e+01,2.01665627e+01,2.04450988e+01
2.00000000e+01,2.00361303e+01,2.01644723e+01,2.04411515e+01
2.00000000e+01,2.00363779e+01,2.01653266e+01,2.04429445e+01
2.00000000e+01,2.00317686e+01,2.01475963e+01,2.04021966e+01
2.00000000e+01,2.00351701e+01,2.01608201e+01,2.04328096e+01
2.00000000e+01,2.00573121e+01,2.02400479e+01,2.06056269e+01
2.00000000e+01,2.00623074e+01,2.02565405e+01,2.06395446e+01
2.00000000e+01,2.00491950e+01,2.02111367e+01,2.05427164e+01
2.00000000e+01,2.00575303e+01,2.02405764e+01,2.06063916e+01
2.00000000e+01,2.00506553e+01,2.02179445e+01,2.05600896e+01
2.00000000e+01,2.00534230e+01,2.02271456e+01,2.05790477e+01
2.00000000e+01,2.00434084e+01,2.01913796e+01,2.05011854e+01
2.00000000e+01,2.00502206e+01,2.02162457e+01,2.05561724e+01
2.00000000e+01,2.00486381e+01,2.02113145e+01,2.05465552e+01
2.00000000e+01,2.00490272e+01,2.02125199e+01,2.05489182e+01
2.00000000e+01,2.00416085e+01,2.01852690e+01,2.04884205e+01
2.00000000e+01,2.00479285e+01,2.02086264e+01,2.05405345e+01
2.00000000e+01,2.00804917e+01,2.03196812e+01,2.07744627e+01
2.00000000e+01,2.00861982e+01,2.03374437e+01,2.08095322e+01
2.00000000e+01,2.00677075e+01,2.02762134e+01,2.06829883e+01
2.00000000e+01,2.00818421e+01,2.03238770e+01,2.07827360e+01
2.00000000e+01,2.00720269e+01,2.02931571e+01,2.07220169e+01
2.00000000e+01,2.00756763e+01,2.03046179e+01,2.07446913e+01
2.00000000e+01,2.00601335e+01,2.02517523e+01,2.06335874e+01
2.00000000e+01,2.00724875e+01,2.02946619e+01,2.07250432e+01
2.00000000e+01,2.00690739e+01,2.02837728e+01,2.07033835e+01
2.00000000e+01,2.00696619e+01,2.02857446e+01,2.07073794e+01
2.00000000e+01,2.00576009e+01,2.02435499e+01,2.06170699e+01
2.00000000e+01,2.00688116e+01,2.02831836e+01,2.07024112e+01
2.00000000e+01,2.00430631e+01,2.01890602e+01,2.04943092e+01
2.00000000e+01,2.00386425e+01,2.01736365e+01,2.04613767e+01
2.00000000e+01,2.00372820e+01,2.01688974e+01,2.04512964e+01
2.00000000e+01,2.00573576e+01,2.02404377e+01,2.06068233e+01
2.00000000e+01,2.00514445e+01,2.02208507e+01,2.05665514e+01
2.00000000e+01,2.00495224e+01,2.02145203e+01,2.05536269e+01
2.00000000e+01,2.00793157e+01,2.03160108e+01,2.07672142e+01
2.00000000e+01,2.00717925e+01,2.02924384e+01,2.07206120e+01
2.00000000e+01,2.00689296e+01,2.02834070e+01,2.07027305e+01
2.00000000e+01,2.00425183e+01,2.01868739e+01,2.04891380e+01
2.00000000e+01,2.00464894e+01,2.02006709e+01,2.05185716e+01
2.00000000e+01,2.00373886e+01,2.01678213e+01,2.04463735e+01
2.00000000e+01,2.00430632e+01,2.01890603e+01,2.04943097e+01
2.00000000e+01,2.00375421e+01,2.01694260e+01,2.04517401e+01
2.00000000e+01,2.00395737e+01,2.01765644e+01,2.04670539e+01
2.00000000e+01,2.00331170e+01,2.01524689e+01,2.04128511e+01
2.00000000e+01,2.00386426e+01,2.01736366e+01,2.04613772e+01
2.00000000e+01,2.00361304e+01,2.01644724e+01,2.04411517e+01
2.00000000e+01,2.00363780e+01,2.01653268e+01,2.04429447e+01
2.00000000e+01,2.00317686e+01,2.01475965e+01,2.04021969e+01
2.00000000e+01,2.00372821e+01,2.01688975e+01,2.04512970e+01
2.00000000e+01,2.00573122e+01,2.02400482e+01,2.06056275e+01
2.00000000e+01,2.00623075e+01,2.02565408e+01,2.06395451e+01
2.00000000e+01,2.00491951e+01,2.02111368e+01,2.05427169e+01
2.00000000e+01,2.00573577e+01,2.02404380e+01,2.06068241e+01
2.00000000e+01,2.00506554e+01,2.02179445e+01,2.05600907e+01
2.00000000e+01,2.00534230e+01,2.02271457e+01,2.05790485e+01
2.00000000e+01,2.00434085e+01,2.01913797e+01,2.05011860e+01
2.00000000e+01,2.00514446e+01,2.02208508e+01,2.05665523e+01
2.00000000e+01,2.00486383e+01,2.02113145e+01,2.05465559e+01
2.00000000e+01,2.00490274e+01,2.02125199e+01,2.05489190e+01
2.00000000e+01,2.00416086e+01,2.01852690e+01,2.04884210e+01
2.00000000e+01,2.00495226e+01,2.02145204e+01,2.05536278e+01
2.00000000e+01,2.00804918e+01,2.03196818e+01,2.07744635e+01
2.00000000e+01,2.00861983e+01,2.03374440e+01,2.08095331e+01
2.00000000e+01,2.00677076e+01,2.02762138e+01,2.06829890e+01
2.00000000e+01,2.00793158e+01,2.03160114e+01,2.07672152e+01
2.00000000e+01,2.00720270e+01,2.02931574e+01,2.07220177e+01
2.00000000e+01,2.00756765e+01,2.03046182e+01,2.07446923e+01
2.00000000e+01,2.00601336e+01,2.02517526e+01,2.06335883e+01
2.00000000e+01,2.00717926e+01,2.02924388e+01,2.07206132e+01
2.00000000e+01,2.00690739e+01,2.02837736e+01,2.07033840e+01
2.00000000e+01,2.00696620e+01,2.02857451e+01,2.07073802e+01
2.00000000e+01,2.00576010e+01,2.02435503e+01,2.06170705e+01
2.00000000e+01,2.00689297e+01,2.02834074e+01,2.07027316e+01
2.00000000e+01,2.00419324e+01,2.01844215e+01,2.04831787e+01
2.00000000e+01,2.00465773e+01,2.02006178e+01,2.05178420e+01
2.00000000e+01,2.00366802e+01,2.01648972e+01,2.04392989e+01
2.00000000e+01,2.00422683e+01,2.01857687e+01,2.04863663e+01
2.00000000e+01,2.00361599e+01,2.01640985e+01,2.04394626e+01
2.00000000e+01,2.00385088e+01,2.01723820e+01,2.04572925e+01
2.00000000e+01,2.00317341e+01,2.01470128e+01,2.04000440e+01
2.00000000e+01,2.00368069e+01,2.01665628e+01,2.04450991e+01
2.00000000e+01,2.00345753e+01,2.01584751e+01,2.04273482e+01
2.00000000e+01,2.00348504e+01,2.01594107e+01,2.04292966e+01
2.00000000e+01,2.00302231e+01,2.01415243e+01,2.03880240e+01
2.00000000e+01,2.00351702e+01,2.01608202e+01,2.04328098e+01
2.00000000e+01,2.00574736e+01,2.02402457e+01,2.06054723e+01
2.00000000e+01,2.00632895e+01,2.02594746e+01,2.06450869e+01
2.00000000e+01,2.00489118e+01,2.02097843e+01,2.05392139e+01
2.00000000e+01,2.00575304e+01,2.02405766e+01,2.06063921e+01
2.00000000e+01,2.00497634e+01,2.02145004e+01,2.05522391e+01
2.00000000e+01,2.00529452e+01,2.02251685e+01,2.05743279e+01
2.00000000e+01,2.00422104e+01,2.01867794e+01,2.04906667e+01
2.00000000e+01,2.00502207e+01,2.02162458e+01,2.05561730e+01
2.00000000e+01,2.00473616e+01,2.02066638e+01,2.05362746e+01
2.00000000e+01,2.00477714e+01,2.02079744e+01,2.05388819e+01
2.00000000e+01,2.00401141e+01,2.01796578e+01,2.04757549e+01
2.00000000e+01,2.00479287e+01,2.02086265e+01,2.05405350e+01
2.00000000e+01,2.00825933e+01,2.03261934e+01,2.07872874e+01
2.00000000e+01,2.00890863e+01,2.03463896e+01,2.08271672e+01
2.00000000e+01,2.00686566e+01,2.02790286e+01,2.06882978e+01
2.00000000e+01,2.00818422e+01,2.03238773e+01,2.07827367e+01
2.00000000e+01,2.00724344e+01,2.02946578e+01,2.07251744e+01
2.00000000e+01,2.00769048e+01,2.03084986e+01,2.07523925e+01
2.00000000e+01,2.00597088e+01,2.02502105e+01,2.06301216e+01
2.00000000e+01,2.00724876e+01,2.02946622e+01,2.07250438e+01
2.00000000e+01,2.00692450e+01,2.02841921e+01,2.07041456e+01
2.00000000e+01,2.00700711e+01,2.02867570e+01,2.07091569e+01
2.00000000e+01,2.00568525e+01,2.02408087e+01,2.06110635e+01
2.00000000e+01,2.00688116e+01,2.02831839e+01,2.07024118e+01
2.00000000e+01,2.00419001e+01,2.01842100e+01,2.04825504e+01
2.00000000e+01,2.00359229e+01,2.01631000e+01,2.04370487e+01
2.00000000e+01,2.00341653e+01,2.01569429e+01,2.04238933e+01
2.00000000e+01,2.00576650e+01,2.02407871e+01,2.06064361e+01
2.00000000e+01,2.00495322e+01,2.02137509e+01,2.05506209e+01
2.00000000e+01,2.00470903e+01,2.02055471e+01,2.05337049e+01
2.00000000e+01,2.00833207e+01,2.03284844e+01,2.07918345e+01
2.00000000e+01,2.00731833e+01,2.02965362e+01,2.07284796e+01
2.00000000e+01,2.00687716e+01,2.02830428e+01,2.07020792e+01
2.00000000e+01,2.01171591e+01,2.04394093e+01,2.10194230e+01
2.00000000e+01,2.01223794e+01,2.04544678e+01,2.10476781e+01
2.00000000e+01,2.00968371e+01,2.03737998e+01,2.08862581e+01
2.00000000e+01,2.01132267e+01,2.04272389e+01,2.09954131e+01
2.00000000e+01,2.01075334e+01,2.04114489e+01,2.09668196e+01
2.00000000e+01,2.01119338e+01,2.04242874e+01,2.09910232e+01
2.00000000e+01,2.00875891e+01,2.03458442e+01,2.08322751e+01
2.00000000e+01,2.01046562e+01,2.04021552e+01,2.09480194e+01
2.00000000e+01,2.01027246e+01,2.03974156e+01,2.09402644e+01
2.00000000e+01,2.01045042e+01,2.04023577e+01,2.09494429e+01
2.00000000e+01,2.00834264e+01,2.03332199e+01,2.08078270e+01
2.00000000e+01,2.01004098e+01,2.03895826e+01,2.09240722e+01
2.00000000e+01,2.01753568e+01,2.06197047e+01,2.13750420e+01
2.00000000e+01,2.01771280e+01,2.06233156e+01,2.13802151e+01
2.00000000e+01,2.01428962e+01,2.05204040e+01,2.11808590e+01
2.00000000e+01,2.01656857e+01,2.05908185e+01,2.13194084e+01
2.00000000e+01,2.01691780e+01,2.06036289e+01,2.13469633e+01
2.00000000e+01,2.01725151e+01,2.06124957e+01,2.13626746e+01
2.00000000e+01,2.01343142e+01,2.04963516e+01,2.11367473e+01
2.00000000e+01,2.01593208e+01,2.05739420e+01,2.12895648e+01
2.00000000e+01,2.01656086e+01,2.05930123e+01,2.13270771e+01
2.00000000e+01,2.01654398e+01,2.05940471e+01,2.13303046e+01
2.00000000e+01,2.01297235e+01,2.04827316e+01,2.11110160e+01
2.00000000e+01,2.01554512e+01,2.05628301e+01,2.12689948e+01
2.00000000e+01,2.02169207e+01,2.07424647e+01,2.16097977e+01
2.00000000e+01,2.02140240e+01,2.07382094e+01,2.16056881e+01
2.00000000e+01,2.02083607e+01,2.07250238e+01,2.15838700e+01
2.00000000e+01,2.01234656e+01,2.04588969e+01,2.10577955e+01
2.00000000e+01,2.01290407e+01,2.04747392e+01,2.10872883e+01
2.00000000e+01,2.01006136e+01,2.03856213e+01,2.09097176e+01
2.00000000e+01,2.01209039e+01,2.04509673e+01,2.10421621e+01
2.00000000e+01,2.01132989e+01,2.04287245e+01,2.10005002e+01
2.00000000e+01,2.01178359e+01,2.04424680e+01,2.10268363e+01
2.00000000e+01,2.00902105e+01,2.03538859e+01,2.08481968e+01
2.00000000e+01,2.01107925e+01,2.04214672e+01,2.09865766e+01
2.00000000e+01,2.01058569e+01,2.04082229e+01,2.09626133e+01
2.00000000e+01,2.01075865e+01,2.04135541e+01,2.09731258e+01
2.00000000e+01,2.00845944e+01,2.03373833e+01,2.08166395e+01
2.00000000e+01,2.01056171e+01,2.04058910e+01,2.09567202e+01
2.00000000e+01,2.01917189e+01,2.06673322e+01,2.14655725e+01
2.00000000e+01,2.01915075e+01,2.06651831e+01,2.14599332e+01
2.00000000e+01,2.01533682e+01,2.05516605e+01,2.12412173e+01
2.00000000e+01,2.01845435e+01,2.06464901e+01,2.14259933e+01
2.00000000e+01,2.01815538e+01,2.06440011e+01,2.14275728e+01
2.00000000e+01,2.01878788e+01,2.06588959e+01,2.14523254e+01
2.00000000e+01,2.01419386e+01,2.05214440e+01,2.11874151e+01
2.00000000e+01,2.01773281e+01,2.06290342e+01,2.13967227e+01
2.00000000e+01,2.01833966e+01,2.06443389e+01,2.14249931e+01
2.00000000e+01,2.01855295e+01,2.06498516e+01,2.14341931e+01
2.00000000e+01,2.01386590e+01,2.05097829e+01,2.11641168e+01
2.00000000e+01,2.01707681e+01,2.06115841e+01,2.13655687e+01
2.00000000e+01,2.02391279e+01,2.08074621e+01,2.17332192e+01
2.00000000e+01,2.02473734e+01,2.08285701e+01,2.17702512e+01
2.00000000e+01,2.02283992e+01,2.07866828e+01,2.17016509e+01
2.00000000e+01,2.01256343e+01,2.04658313e+01,2.10716380e+01
2.00000000e+01,2.01314465e+01,2.04821347e+01,2.11018098e+01
2.00000000e+01,2.01019122e+01,2.03898204e+01,2.09181630e+01
2.00000000e+01,2.01256173e+01,2.04653064e+01,2.10701837e+01
2.00000000e+01,2.01136970e+01,2.04319507e+01,2.10087296e+01
2.00000000e+01,2.01202940e+01,2.04498199e+01,2.10411254e+01
2.00000000e+01,2.00904774e+01,2.03555759e+01,2.08523683e+01
2.00000000e+01,2.01131610e+01,2.04303360e+01,2.10055136e+01
2.00000000e+01,2.01033006e+01,2.04051088e+01,2.09607722e+01
2.00000000e+01,2.01103333e+01,2.04206813e+01,2.09859068e+01
2.00000000e+01,2.00838413e+01,2.03367796e+01,2.08170460e+01
2.00000000e+01,2.01086747e+01,2.04156355e+01,2.09765176e+01
2.00000000e+01,2.01986631e+01,2.06866534e+01,2.15015345e+01
2.00000000e+01,2.01973456e+01,2.06816104e+01,2.14906688e+01
2.00000000e+01,2.01577483e+01,2.05642115e+01,2.12649881e+01
2.00000000e+01,2.01954276e+01,2.06787907e+01,2.14879732e+01
2.00000000e+01,2.01935856e+01,2.06724943e+01,2.14754038e+01
2.00000000e+01,2.01931471e+01,2.06749175e+01,2.14832629e+01
2.00000000e+01,2.01478440e+01,2.05363546e+01,2.12136369e+01
2.00000000e+01,2.01936917e+01,2.06724509e+01,2.14752185e+01
2.00000000e+01,2.02065908e+01,2.06947781e+01,2.15053927e+01
2.00000000e+01,2.01859485e+01,2.06572783e+01,2.14545260e+01
2.00000000e+01,2.01474590e+01,2.05300185e+01,2.11978321e+01
2.00000000e+01,2.01786252e+01,2.06359284e+01,2.14121913e+01
2.00000000e+01,2.02461033e+01,2.08290372e+01,2.17750992e+01
2.00000000e+01,2.02465632e+01,2.08376868e+01,2.17981911e+01
2.00000000e+01,2.02133966e+01,2.07666824e+01,2.16846180e+01
2.00000000e+01,2.01234657e+01,2.04588974e+01,2.10577960e+01
2.00000000e+01,2.01290407e+01,2.04747396e+01,2.10872888e+01
2.00000000e+01,2.01006137e+01,2.03856216e+01,2.09097181e+01
2.00000000e+01,2.01256174e+01,2.04653066e+01,2.10701839e+01
2.00000000e+01,2.01132991e+01,2.04287248e+01,2.10005008e+01
2.00000000e+01,2.01178361e+01,2.04424684e+01,2.10268369e+01
2.00000000e+01,2.00902106e+01,2.03538861e+01,2.08481973e+01
2.00000000e+01,2.01131611e+01,2.04303361e+01,2.10055138e+01
2.00000000e+01,2.01058571e+01,2.04082232e+01,2.09626138e+01
2.00000000e+01,2.01075866e+01,2.04135544e+01,2.09731264e+01
2.00000000e+01,2.00845944e+01,2.03373836e+01,2.08166400e+01
2.00000000e+01,2.01086747e+01,2.04156357e+01,2.09765179e+01
2.00000000e+01,2.01917190e+01,2.06673329e+01,2.14655737e+01
2.00000000e+01,2.01915076e+01,2.06651836e+01,2.14599342e+01
2.00000000e+01,2.01533683e+01,2.05516611e+01,2.12412180e+01
2.00000000e+01,2.01954276e+01,2.06787910e+01,2.14879738e+01
2.00000000e+01,2.01815540e+01,2.06440017e+01,2.14275740e+01
2.00000000e+01,2.01878790e+01,2.06588964e+01,2.14523267e+01
2.00000000e+01,2.01419388e+01,2.05214444e+01,2.11874160e+01
2.00000000e+01,2.01936917e+01,2.06724514e+01,2.14752190e+01
2.00000000e+01,2.01833967e+01,2.06443394e+01,2.14249943e+01
2.00000000e+01,2.01855297e+01,2.06498521e+01,2.14341945e+01
2.00000000e+01,2.01386591e+01,2.05097834e+01,2.11641176e+01
2.00000000e+01,2.01786253e+01,2.06359285e+01,2.14121920e+01
2.00000000e+01,2.02391281e+01,2.08074627e+01,2.17332208e+01
2.00000000e+01,2.02473736e+01,2.08285711e+01,2.17702528e+01
2.00000000e+01,2.02283995e+01,2.07866834e+01,2.17016530e+01
2.00000000e+01,2.01171593e+01,2.04394096e+01,2.10194247e+01
2.00000000e+01,2.01223796e+01,2.04544684e+01,2.10476794e+01
2.00000000e+01,2.00968373e+01,2.03738002e+01,2.08862592e+01
2.00000000e+01,2.01209040e+01,2.04509677e+01,2.10421632e+01
2.00000000e+01,2.01075336e+01,2.04114496e+01,2.09668209e+01
2.00000000e+01,2.01119340e+01,2.04242879e+01,2.09910245e+01
2.00000000e+01,2.00875892e+01,2.03458447e+01,2.08322762e+01
2.00000000e+01,2.01107926e+01,2.04214676e+01,2.09865777e+01
2.00000000e+01,2.01027248e+01,2.03974161e+01,2.09402659e+01
2.00000000e+01,2.01045044e+01,2.04023582e+01,2.09494442e+01
2.00000000e+01,2.00834265e+01,2.03332204e+01,2.08078281e+01
2.00000000e+01,2.01056173e+01,2.04058915e+01,2.09567212e+01
2.00000000e+01,2.01753570e+01,2.06197059e+01,2.13750438e+01
2.00000000e+01,2.01771282e+01,2.06233166e+01,2.13802169e+01
2.00000000e+01,2.01428965e+01,2.05204047e+01,2.11808608e+01
2.00000000e+01,2.01845438e+01,2.06464909e+01,2.14259951e+01
2.00000000e+01,2.01691783e+01,2.06036298e+01,2.13469655e+01
2.00000000e+01,2.01725153e+01,2.06124968e+01,2.13626766e+01
2.00000000e+01,2.01343144e+01,2.04963522e+01,2.11367491e+01
2.00000000e+01,2.01773283e+01,2.06290351e+01,2.13967242e+01
2.00000000e+01,2.01656089e+01,2.05930133e+01,2.13270790e+01
2.00000000e+01,2.01654401e+01,2.05940480e+01,2.13303066e+01
2.00000000e+01,2.01297237e+01,2.04827325e+01,2.11110174e+01
2.00000000e+01,2.01707683e+01,2.06115850e+01,2.13655703e+01
2.00000000e+01,2.02169210e+01,2.07424659e+01,2.16098004e+01
2.00000000e+01,2.02140245e+01,2.07382107e+01,2.16056907e+01
2.00000000e+01,2.02083610e+01,2.07250253e+01,2.15838725e+01
2.00000000e+01,2.01132269e+01,2.04272395e+01,2.09954147e+01
2.00000000e+01,2.01046565e+01,2.04021558e+01,2.09480209e+01
2.00000000e+01,2.01004101e+01,2.03895832e+01,2.09240737e+01
2.00000000e+01,2.01656859e+01,2.05908197e+01,2.13194104e+01
2.00000000e+01,2.01593211e+01,2.05739430e+01,2.12895674e+01
2.00000000e+01,2.01554516e+01,2.05628312e+01,2.12689971e+01
2.00000000e+01,2.00361303e+01,2.01644724e+01,2.04411517e+01
2.00000000e+01,2.00375420e+01,2.01694262e+01,2.04517399e+01
2.00000000e+01,2.00317685e+01,2.01475965e+01,2.04021970e+01
2.00000000e+01,2.00372820e+01,2.01688978e+01,2.04512966e+01
2.00000000e+01,2.00363778e+01,2.01653270e+01,2.04429447e+01
2.00000000e+01,2.00331169e+01,2.01524689e+01,2.04128514e+01
2.00000000e+01,2.00386425e+01,2.01736368e+01,2.04613770e+01
2.00000000e+01,2.00425181e+01,2.01868741e+01,2.04891382e+01
2.00000000e+01,2.00395736e+01,2.01765646e+01,2.04670539e+01
2.00000000e+01,2.00373885e+01,2.01678213e+01,2.04463736e+01
2.00000000e+01,2.00430631e+01,2.01890604e+01,2.04943096e+01
2.00000000e+01,2.00464893e+01,2.02006709e+01,2.05185717e+01
2.00000000e+01,2.00486381e+01,2.02113150e+01,2.05465554e+01
2.00000000e+01,2.00506552e+01,2.02179451e+01,2.05600903e+01
2.00000000e+01,2.00416085e+01,2.01852693e+01,2.04884209e+01
2.00000000e+01,2.00495224e+01,2.02145206e+01,2.05536276e+01
2.00000000e+01,2.00490272e+01,2.02125204e+01,2.05489187e+01
2.00000000e+01,2.00434083e+01,2.01913800e+01,2.05011857e+01
2.00000000e+01,2.00514444e+01,2.02208511e+01,2.05665521e+01
2.00000000e+01,2.00573121e+01,2.02400483e+01,2.06056276e+01
2.00000000e+01,2.00534229e+01,2.02271460e+01,2.05790484e+01
2.00000000e+01,2.00491950e+01,2.02111369e+01,2.05427170e+01
2.00000000e+01,2.00573575e+01,2.02404381e+01,2.06068239e+01
2.00000000e+01,2.00623073e+01,2.02565411e+01,2.06395449e+01
2.00000000e+01,2.00690738e+01,2.02837739e+01,2.07033840e+01
2.00000000e+01,2.00720268e+01,2.02931577e+01,2.07220178e+01
2.00000000e+01,2.00576009e+01,2.02435506e+01,2.06170704e+01
2.00000000e+01,2.00689295e+01,2.02834076e+01,2.07027312e+01
2.00000000e+01,2.00696619e+01,2.02857454e+01,2.07073801e+01
2.00000000e+01,2.00601333e+01,2.02517530e+01,2.06335881e+01
2.00000000e+01,2.00717924e+01,2.02924390e+01,2.07206129e+01
2.00000000e+01,2.00804917e+01,2.03196820e+01,2.07744635e+01
2.00000000e+01,2.00756763e+01,2.03046186e+01,2.07446922e+01
2.00000000e+01,2.00677074e+01,2.02762140e+01,2.06829890e+01
2.00000000e+01,2.00793156e+01,2.03160116e+01,2.07672149e+01
2.00000000e+01,2.00861981e+01,2.03374444e+01,2.08095330e+01
2.00000000e+01,2.00345751e+01,2.01584755e+01,2.04273486e+01
2.00000000e+01,2.00361598e+01,2.01640987e+01,2.04394630e+01
2.00000000e+01,2.00302230e+01,2.01415244e+01,2.03880242e+01
2.00000000e+01,2.00351701e+01,2.01608203e+01,2.04328101e+01
2.00000000e+01,2.00348503e+01,2.01594109e+01,2.04292970e+01
2.00000000e+01,2.00317340e+01,2.01470129e+01,2.04000443e+01
2.00000000e+01,2.00368068e+01,2.01665630e+01,2.04450993e+01
2.00000000e+01,2.00419323e+01,2.01844217e+01,2.04831790e+01
2.00000000e+01,2.00385087e+01,2.01723822e+01,2.04572928e+01
2.00000000e+01,2.00366802e+01,2.01648973e+01,2.04392993e+01
2.00000000e+01,2.00422682e+01,2.01857689e+01,2.04863664e+01
2.00000000e+01,2.00465772e+01,2.02006180e+01,2.05178423e+01
2.00000000e+01,2.00473614e+01,2.02066641e+01,2.05362754e+01
2.00000000e+01,2.00497633e+01,2.02145007e+01,2.05522394e+01
2.00000000e+01,2.00401139e+01,2.01796582e+01,2.04757553e+01
2.00000000e+01,2.00479285e+01,2.02086269e+01,2.05405352e+01
2.00000000e+01,2.00477712e+01,2.02079748e+01,2.05388823e+01
2.00000000e+01,2.00422103e+01,2.01867797e+01,2.04906671e+01
2.00000000e+01,2.00502205e+01,2.02162463e+01,2.05561730e+01
2.00000000e+01,2.00574735e+01,2.02402463e+01,2.06054721e+01
2.00000000e+01,2.00529450e+01,2.02251690e+01,2.05743280e+01
2.00000000e+01,2.00489117e+01,2.02097848e+01,2.05392140e+01
2.00000000e+01,2.00575302e+01,2.02405769e+01,2.06063920e+01
2.00000000e+01,2.00632894e+01,2.02594750e+01,2.06450871e+01
2.00000000e+01,2.00692450e+01,2.02841926e+01,2.07041457e+01
2.00000000e+01,2.00724343e+01,2.02946584e+01,2.07251746e+01
2.00000000e+01,2.00568524e+01,2.02408091e+01,2.06110639e+01
2.00000000e+01,2.00688116e+01,2.02831844e+01,2.07024118e+01
2.00000000e+01,2.00700711e+01,2.02867576e+01,2.07091572e+01
2.00000000e+01,2.00597087e+01,2.02502111e+01,2.06301218e+01
2.00000000e+01,2.00724874e+01,2.02946627e+01,2.07250441e+01
2.00000000e+01,2.00825931e+01,2.03261942e+01,2.07872876e+01
2.00000000e+01,2.00769047e+01,2.03084993e+01,2.07523929e+01
2.00000000e+01,2.00686565e+01,2.02790290e+01,2.06882982e+01
2.00000000e+01,2.00818421e+01,2.03238779e+01,2.07827367e+01
2.00000000e+01,2.00890861e+01,2.03463901e+01,2.08271676e+01
2.00000000e+01,2.00341334e+01,2.01566688e+01,2.04230706e+01
2.00000000e+01,2.00357526e+01,2.01624668e+01,2.04356310e+01
2.00000000e+01,2.00297614e+01,2.01396887e+01,2.03837294e+01
2.00000000e+01,2.00341652e+01,2.01569431e+01,2.04238937e+01
2.00000000e+01,2.00343682e+01,2.01575743e+01,2.04250783e+01
2.00000000e+01,2.00313082e+01,2.01453097e+01,2.03960204e+01
2.00000000e+01,2.00359228e+01,2.01631002e+01,2.04370492e+01
2.00000000e+01,2.00417722e+01,2.01837158e+01,2.04814170e+01
2.00000000e+01,2.00381799e+01,2.01710875e+01,2.04542572e+01
2.00000000e+01,2.00364606e+01,2.01639728e+01,2.04370365e+01
2.00000000e+01,2.00419000e+01,2.01842102e+01,2.04825509e+01
2.00000000e+01,2.00466348e+01,2.02006946e+01,2.05177931e+01
2.00000000e+01,2.00467353e+01,2.02046978e+01,2.05322044e+01
2.00000000e+01,2.00493472e+01,2.02130919e+01,2.05491927e+01
2.00000000e+01,2.00395774e+01,2.01777429e+01,2.04715047e+01
2.00000000e+01,2.00470902e+01,2.02055479e+01,2.05337051e+01
2.00000000e+01,2.00474048e+01,2.02065007e+01,2.05354888e+01
2.00000000e+01,2.00417819e+01,2.01852022e+01,2.04871085e+01
2.00000000e+01,2.00495322e+01,2.02137513e+01,2.05506213e+01
2.00000000e+01,2.00575105e+01,2.02402795e+01,2.06053677e+01
2.00000000e+01,2.00527938e+01,2.02245001e+01,2.05726924e+01
2.00000000e+01,2.00488256e+01,2.02093740e+01,2.05381359e+01
2.00000000e+01,2.00576649e+01,2.02407876e+01,2.06064364e+01
2.00000000e+01,2.00636414e+01,2.02605313e+01,2.06470893e+01
2.00000000e+01,2.00701333e+01,2.02859201e+01,2.07066482e+01
2.00000000e+01,2.00730153e+01,2.02960190e+01,2.07274491e+01
2.00000000e+01,2.00568150e+01,2.02401890e+01,2.06092972e+01
2.00000000e+01,2.00687714e+01,2.02830435e+01,2.07020800e+01
2.00000000e+01,2.00698758e+01,2.02864987e+01,2.07089760e+01
2.00000000e+01,2.00597284e+01,2.02499799e+01,2.06293197e+01
2.00000000e+01,2.00731832e+01,2.02965370e+01,2.07284801e+01
2.00000000e+01,2.00834590e+01,2.03287823e+01,2.07923036e+01
2.00000000e+01,2.00773033e+01,2.03098291e+01,2.07550912e+01
2.00000000e+01,2.00690456e+01,2.02801464e+01,2.06903785e+01
2.00000000e+01,2.00833205e+01,2.03284853e+01,2.07918350e+01
2.00000000e+01,2.00901678e+01,2.03497132e+01,2.08336952e+01
2.00000000e+01,2.00345752e+01,2.01584756e+01,2.04273487e+01
2.00000000e+01,2.00361598e+01,2.01640989e+01,2.04394630e+01
2.00000000e+01,2.00302231e+01,2.01415245e+01,2.03880243e+01
2.00000000e+01,2.00341652e+01,2.01569432e+01,2.04238937e+01
2.00000000e+01,2.00348503e+01,2.01594110e+01,2.04292971e+01
2.00000000e+01,2.00317341e+01,2.01470131e+01,2.04000443e+01
2.00000000e+01,2.00359229e+01,2.01631003e+01,2.04370491e+01
2.00000000e+01,2.00419323e+01,2.01844218e+01,2.04831793e+01
2.00000000e+01,2.00385087e+01,2.01723823e+01,2.04572930e+01
2.00000000e+01,2.00366802e+01,2.01648973e+01,2.04392995e+01
2.00000000e+01,2.00419000e+01,2.01842103e+01,2.04825511e+01
2.00000000e+01,2.00465772e+01,2.02006181e+01,2.05178425e+01
2.00000000e+01,2.00473615e+01,2.02066642e+01,2.05362755e+01
2.00000000e+01,2.00497633e+01,2.02145009e+01,2.05522397e+01
2.00000000e+01,2.00401140e+01,2.01796583e+01,2.04757554e+01
2.00000000e+01,2.00470902e+01,2.02055479e+01,2.05337052e+01
2.00000000e+01,2.00477713e+01,2.02079749e+01,2.05388826e+01
2.00000000e+01,2.00422103e+01,2.01867798e+01,2.04906673e+01
2.00000000e+01,2.00495322e+01,2.02137514e+01,2.05506214e+01
2.00000000e+01,2.00574735e+01,2.02402463e+01,2.06054727e+01
2.00000000e+01,2.00529451e+01,2.02251691e+01,2.05743284e+01
2.00000000e+01,2.00489117e+01,2.02097849e+01,2.05392143e+01
2.00000000e+01,2.00576649e+01,2.02407876e+01,2.06064367e+01
2.00000000e+01,2.00632895e+01,2.02594750e+01,2.06450875e+01
2.00000000e+01,2.00692451e+01,2.02841927e+01,2.07041462e+01
2.00000000e+01,2.00724343e+01,2.02946586e+01,2.07251752e+01
2.00000000e+01,2.00568525e+01,2.02408092e+01,2.06110643e+01
2.00000000e+01,2.00687715e+01,2.02830436e+01,2.07020802e+01
2.00000000e+01,2.00700711e+01,2.02867578e+01,2.07091576e+01
2.00000000e+01,2.00597087e+01,2.02502112e+01,2.06301222e+01
2.00000000e+01,2.00731832e+01,2.02965371e+01,2.07284804e+01
2.00000000e+01,2.00825932e+01,2.03261943e+01,2.07872881e+01
2.00000000e+01,2.00769047e+01,2.03084994e+01,2.07523934e+01
2.00000000e+01,2.00686566e+01,2.02790291e+01,2.06882986e+01
2.00000000e+01,2.00833206e+01,2.03284854e+01,2.07918352e+01
2.00000000e+01,2.00890862e+01,2.03463904e+01,2.08271679e+01
2.00000000e+01,2.00361304e+01,2.01644726e+01,2.04411520e+01
2.00000000e+01,2.00375420e+01,2.01694263e+01,2.04517404e+01
2.00000000e+01,2.00317685e+01,2.01475968e+01,2.04021972e+01
2.00000000e+01,2.00351702e+01,2.01608205e+01,2.04328102e+01
2.00000000e+01,2.00363779e+01,2.01653271e+01,2.04429449e+01
2.00000000e+01,2.00331169e+01,2.01524691e+01,2.04128515e+01
2.00000000e+01,2.00368068e+01,2.01665631e+01,2.04450995e+01
2.00000000e+01,2.00425182e+01,2.01868742e+01,2.04891386e+01
2.00000000e+01,2.00395736e+01,2.01765648e+01,2.04670543e+01
2.00000000e+01,2.00373885e+01,2.01678215e+01,2.04463739e+01
2.00000000e+01,2.00422682e+01,2.01857690e+01,2.04863668e+01
2.00000000e+01,2.00464894e+01,2.02006712e+01,2.05185721e+01
2.00000000e+01,2.00486382e+01,2.02113150e+01,2.05465563e+01
2.00000000e+01,2.00506553e+01,2.02179452e+01,2.05600910e+01
2.00000000e+01,2.00416086e+01,2.01852693e+01,2.04884215e+01
2.00000000e+01,2.00479286e+01,2.02086269e+01,2.05405357e+01
2.00000000e+01,2.00490273e+01,2.02125204e+01,2.05489194e+01
2.00000000e+01,2.00434084e+01,2.01913801e+01,2.05011863e+01
2.00000000e+01,2.00502206e+01,2.02162464e+01,2.05561735e+01
2.00000000e+01,2.00573122e+01,2.02400486e+01,2.06056279e+01
2.00000000e+01,2.00534230e+01,2.02271462e+01,2.05790490e+01
2.00000000e+01,2.00491951e+01,2.02111372e+01,2.05427174e+01
2.00000000e+01,2.00575303e+01,2.02405771e+01,2.06063925e+01
2.00000000e+01,2.00623074e+01,2.02565413e+01,2.06395455e+01
2.00000000e+01,2.00690738e+01,2.02837744e+01,2.07033848e+01
2.00000000e+01,2.00720269e+01,2.02931582e+01,2.07220187e+01
2.00000000e+01,2.00576009e+01,2.02435509e+01,2.06170712e+01
2.00000000e+01,2.00688116e+01,2.02831847e+01,2.07024124e+01
2.00000000e+01,2.00696619e+01,2.02857458e+01,2.07073811e+01
2.00000000e+01,2.00601334e+01,2.02517533e+01,2.06335889e+01
2.00000000e+01,2.00724875e+01,2.02946629e+01,2.07250448e+01
2.00000000e+01,2.00804917e+01,2.03196825e+01,2.07744642e+01
2.00000000e+01,2.00756764e+01,2.03046190e+01,2.07446930e+01
2.00000000e+01,2.00677075e+01,2.02762144e+01,2.06829896e+01
2.00000000e+01,2.00818421e+01,2.03238782e+01,2.07827372e+01
2.00000000e+01,2.00861982e+01,2.03374449e+01,2.08095336e+01
2.00000000e+01,2.00372821e+01,2.01688978e+01,2.04512974e+01
2.00000000e+01,2.00386426e+01,2.01736369e+01,2.04613775e+01
2.00000000e+01,2.00430632e+01,2.01890607e+01,2.04943100e+01
2.00000000e+01,2.00495226e+01,2.02145208e+01,2.05536283e+01
2.00000000e+01,2.00514445e+01,2.02208513e+01,2.05665528e+01
2.00000000e+01,2.00573577e+01,2.02404384e+01,2.06068247e+01
2.00000000e+01,2.00689296e+01,2.02834080e+01,2.07027323e+01
2.00000000e+01,2.00717925e+01,2.02924394e+01,2.07206140e+01
2.00000000e+01,2.00793158e+01,2.03160119e+01,2.07672160e+01
2.00000000e+01,2.01058569e+01,2.04082243e+01,2.09626143e+01
2.00000000e+01,2.01033007e+01,2.04051095e+01,2.09607746e+01
2.00000000e+01,2.01132989e+01,2.04287260e+01,2.10005015e+01
2.00000000e+01,2.01136970e+01,2.04319521e+01,2.10087310e+01
2.00000000e+01,2.00845944e+01,2.03373844e+01,2.08166404e+01
2.00000000e+01,2.01086746e+01,2.04156367e+01,2.09765193e+01
2.00000000e+01,2.00838413e+01,2.03367804e+01,2.08170477e+01
2.00000000e+01,2.01075864e+01,2.04135556e+01,2.09731270e+01
2.00000000e+01,2.01103333e+01,2.04206825e+01,2.09859087e+01
2.00000000e+01,2.00902105e+01,2.03538869e+01,2.08481978e+01
2.00000000e+01,2.01131610e+01,2.04303374e+01,2.10055150e+01
2.00000000e+01,2.00904773e+01,2.03555769e+01,2.08523694e+01
2.00000000e+01,2.01234655e+01,2.04588984e+01,2.10577969e+01
2.00000000e+01,2.01256342e+01,2.04658329e+01,2.10716393e+01
2.00000000e+01,2.01178358e+01,2.04424695e+01,2.10268377e+01
2.00000000e+01,2.01202939e+01,2.04498215e+01,2.10411265e+01
2.00000000e+01,2.01006135e+01,2.03856225e+01,2.09097185e+01
2.00000000e+01,2.01256172e+01,2.04653079e+01,2.10701848e+01
2.00000000e+01,2.01019121e+01,2.03898215e+01,2.09181642e+01
2.00000000e+01,2.01290406e+01,2.04747405e+01,2.10872891e+01
2.00000000e+01,2.01314464e+01,2.04821360e+01,2.11018109e+01
2.00000000e+01,2.01833964e+01,2.06443417e+01,2.14249954e+01
2.00000000e+01,2.02065906e+01,2.06947812e+01,2.15053948e+01
2.00000000e+01,2.01815537e+01,2.06440038e+01,2.14275750e+01
2.00000000e+01,2.01935853e+01,2.06724975e+01,2.14754056e+01
2.00000000e+01,2.01386589e+01,2.05097848e+01,2.11641186e+01
2.00000000e+01,2.01786250e+01,2.06359312e+01,2.14121938e+01
2.00000000e+01,2.01474589e+01,2.05300204e+01,2.11978341e+01
2.00000000e+01,2.01855293e+01,2.06498544e+01,2.14341954e+01
2.00000000e+01,2.01859484e+01,2.06572811e+01,2.14545282e+01
2.00000000e+01,2.01419385e+01,2.05214459e+01,2.11874168e+01
2.00000000e+01,2.01936915e+01,2.06724540e+01,2.14752203e+01
2.00000000e+01,2.01478439e+01,2.05363568e+01,2.12136385e+01
2.00000000e+01,2.01917188e+01,2.06673345e+01,2.14655744e+01
2.00000000e+01,2.01986630e+01,2.06866558e+01,2.15015363e+01
2.00000000e+01,2.01878788e+01,2.06588982e+01,2.14523277e+01
2.00000000e+01,2.01931470e+01,2.06749203e+01,2.14832648e+01
2.00000000e+01,2.01533681e+01,2.05516624e+01,2.12412190e+01
2.00000000e+01,2.01954275e+01,2.06787931e+01,2.14879751e+01
2.00000000e+01,2.01577483e+01,2.05642132e+01,2.12649898e+01
2.00000000e+01,2.01915074e+01,2.06651852e+01,2.14599349e+01
2.00000000e+01,2.01973455e+01,2.06816126e+01,2.14906702e+01
2.00000000e+01,2.02283989e+01,2.07866867e+01,2.17016539e+01
2.00000000e+01,2.02133964e+01,2.07666864e+01,2.16846206e+01
2.00000000e+01,2.02473732e+01,2.08285740e+01,2.17702536e+01
2.00000000e+01,2.02465631e+01,2.08376907e+01,2.17981938e+01
2.00000000e+01,2.02391279e+01,2.08074653e+01,2.17332212e+01
2.00000000e+01,2.02461032e+01,2.08290407e+01,2.17751011e+01
2.00000000e+01,2.01027246e+01,2.03974167e+01,2.09402656e+01
2.00000000e+01,2.01075334e+01,2.04114500e+01,2.09668209e+01
2.00000000e+01,2.00834264e+01,2.03332208e+01,2.08078279e+01
2.00000000e+01,2.01056171e+01,2.04058923e+01,2.09567214e+01
2.00000000e+01,2.01045042e+01,2.04023587e+01,2.09494442e+01
2.00000000e+01,2.00875891e+01,2.03458451e+01,2.08322761e+01
2.00000000e+01,2.01107924e+01,2.04214685e+01,2.09865780e+01
2.00000000e+01,2.01171590e+01,2.04394105e+01,2.10194240e+01
2.00000000e+01,2.01119338e+01,2.04242885e+01,2.09910243e+01
2.00000000e+01,2.00968371e+01,2.03738006e+01,2.08862592e+01
2.00000000e+01,2.01209038e+01,2.04509686e+01,2.10421632e+01
2.00000000e+01,2.01223793e+01,2.04544689e+01,2.10476792e+01
2.00000000e+01,2.01656086e+01,2.05930145e+01,2.13270788e+01
2.00000000e+01,2.01691779e+01,2.06036310e+01,2.13469651e+01
2.00000000e+01,2.01297234e+01,2.04827332e+01,2.11110174e+01
2.00000000e+01,2.01707680e+01,2.06115866e+01,2.13655707e+01
2.00000000e+01,2.01654397e+01,2.05940492e+01,2.13303064e+01
2.00000000e+01,2.01343142e+01,2.04963530e+01,2.11367489e+01
2.00000000e+01,2.01773280e+01,2.06290367e+01,2.13967246e+01
2.00000000e+01,2.01753567e+01,2.06197068e+01,2.13750437e+01
2.00000000e+01,2.01725150e+01,2.06124979e+01,2.13626762e+01
2.00000000e+01,2.01428961e+01,2.05204055e+01,2.11808604e+01
2.00000000e+01,2.01845435e+01,2.06464922e+01,2.14259953e+01
2.00000000e+01,2.01771279e+01,2.06233174e+01,2.13802168e+01
2.00000000e+01,2.02083605e+01,2.07250269e+01,2.15838720e+01
2.00000000e+01,2.02140239e+01,2.07382124e+01,2.16056901e+01
2.00000000e+01,2.02169206e+01,2.07424673e+01,2.16097998e+01
2.00000000e+01,2.01004098e+01,2.03895836e+01,2.09240733e+01
2.00000000e+01,2.01046562e+01,2.04021562e+01,2.09480204e+01
2.00000000e+01,2.01132266e+01,2.04272398e+01,2.09954142e+01
2.00000000e+01,2.01554512e+01,2.05628319e+01,2.12689963e+01
2.00000000e+01,2.01593207e+01,2.05739439e+01,2.12895663e+01
2.00000000e+01,2.01656856e+01,2.05908202e+01,2.13194098e+01
2.00000000e+01,2.01027246e+01,2.03974175e+01,2.09402669e+01
2.00000000e+01,2.01075336e+01,2.04114505e+01,2.09668223e+01
2.00000000e+01,2.00834264e+01,2.03332214e+01,2.08078289e+01
2.00000000e+01,2.01004099e+01,2.03895845e+01,2.09240746e+01
2.00000000e+01,2.01045043e+01,2.04023595e+01,2.09494454e+01
2.00000000e+01,2.00875892e+01,2.03458455e+01,2.08322773e+01
2.00000000e+01,2.01046563e+01,2.04021570e+01,2.09480220e+01
2.00000000e+01,2.01171592e+01,2.04394111e+01,2.10194253e+01
2.00000000e+01,2.01119340e+01,2.04242891e+01,2.09910255e+01
2.00000000e+01,2.00968372e+01,2.03738011e+01,2.08862601e+01
2.00000000e+01,2.01132268e+01,2.04272406e+01,2.09954155e+01
2.00000000e+01,2.01223795e+01,2.04544696e+01,2.10476803e+01
2.00000000e+01,2.01656089e+01,2.05930153e+01,2.13270808e+01
2.00000000e+01,2.01691781e+01,2.06036321e+01,2.13469667e+01
2.00000000e+01,2.01297236e+01,2.04827340e+01,2.11110189e+01
2.00000000e+01,2.01554515e+01,2.05628331e+01,2.12689985e+01
2.00000000e+01,2.01654401e+01,2.05940501e+01,2.13303084e+01
2.00000000e+01,2.01343144e+01,2.04963537e+01,2.11367506e+01
2.00000000e+01,2.01593210e+01,2.05739450e+01,2.12895687e+01
2.00000000e+01,2.01753570e+01,2.06197078e+01,2.13750453e+01
2.00000000e+01,2.01725153e+01,2.06124989e+01,2.13626781e+01
2.00000000e+01,2.01428964e+01,2.05204064e+01,2.11808618e+01
2.00000000e+01,2.01656858e+01,2.05908216e+01,2.13194116e+01
2.00000000e+01,2.01771282e+01,2.06233183e+01,2.13802184e+01
2.00000000e+01,2.02083608e+01,2.07250284e+01,2.15838741e+01
2.00000000e+01,2.02140243e+01,2.07382138e+01,2.16056924e+01
2.00000000e+01,2.02169211e+01,2.07424683e+01,2.16098021e+01
2.00000000e+01,2.01058570e+01,2.04082247e+01,2.09626148e+01
2.00000000e+01,2.01132990e+01,2.04287263e+01,2.10005021e+01
2.00000000e+01,2.00845944e+01,2.03373847e+01,2.08166408e+01
2.00000000e+01,2.01056172e+01,2.04058928e+01,2.09567224e+01
2.00000000e+01,2.01075865e+01,2.04135558e+01,2.09731276e+01
2.00000000e+01,2.00902106e+01,2.03538872e+01,2.08481983e+01
2.00000000e+01,2.01107925e+01,2.04214689e+01,2.09865789e+01
2.00000000e+01,2.01234656e+01,2.04588988e+01,2.10577971e+01
2.00000000e+01,2.01178360e+01,2.04424698e+01,2.10268382e+01
2.00000000e+01,2.01006136e+01,2.03856227e+01,2.09097190e+01
2.00000000e+01,2.01209039e+01,2.04509691e+01,2.10421641e+01
2.00000000e+01,2.01290407e+01,2.04747409e+01,2.10872896e+01
2.00000000e+01,2.01833966e+01,2.06443420e+01,2.14249967e+01
2.00000000e+01,2.01815538e+01,2.06440043e+01,2.14275762e+01
2.00000000e+01,2.01386590e+01,2.05097853e+01,2.11641193e+01
2.00000000e+01,2.01707682e+01,2.06115873e+01,2.13655721e+01
2.00000000e+01,2.01855295e+01,2.06498548e+01,2.14341966e+01
2.00000000e+01,2.01419387e+01,2.05214463e+01,2.11874175e+01
2.00000000e+01,2.01773282e+01,2.06290375e+01,2.13967261e+01
2.00000000e+01,2.01917189e+01,2.06673353e+01,2.14655751e+01
2.00000000e+01,2.01878789e+01,2.06588990e+01,2.14523284e+01
2.00000000e+01,2.01533682e+01,2.05516630e+01,2.12412193e+01
2.00000000e+01,2.01845437e+01,2.06464931e+01,2.14259966e+01
2.00000000e+01,2.01915075e+01,2.06651858e+01,2.14599356e+01
2.00000000e+01,2.02283992e+01,2.07866871e+01,2.17016551e+01
2.00000000e+01,2.02473735e+01,2.08285746e+01,2.17702553e+01
2.00000000e+01,2.02391281e+01,2.08074659e+01,2.17332225e+01
2.00000000e+01,2.01086747e+01,2.04156369e+01,2.09765195e+01
2.00000000e+01,2.01131611e+01,2.04303375e+01,2.10055153e+01
2.00000000e+01,2.01256172e+01,2.04653082e+01,2.10701849e+01
2.00000000e+01,2.01786251e+01,2.06359314e+01,2.14121941e+01
2.00000000e+01,2.01936916e+01,2.06724542e+01,2.14752211e+01
2.00000000e+01,2.01954276e+01,2.06787934e+01,2.14879756e+01
