0.00000000e+00,-1.77303393e-06,-3.28895758e-06,-4.92499069e-06
0.00000000e+00,-1.36538530e-06,-2.47366031e-06,-3.70204478e-06
0.00000000e+00,-1.55313060e-06,-2.93485435e-06,-4.39665107e-06
0.00000000e+00,-1.98957061e-06,-3.80773436e-06,-5.70597108e-06
0.00000000e+00,-1.71591941e-06,-3.17472852e-06,-4.75364711e-06
0.00000000e+00,-1.28686167e-06,-2.31661305e-06,-3.46647389e-06
0.00000000e+00,-1.41078530e-06,-2.65016374e-06,-3.96961515e-06
0.00000000e+00,-1.86990084e-06,-3.56839482e-06,-5.34696177e-06
0.00000000e+00,-1.59217715e-06,-2.92724402e-06,-4.38242035e-06
0.00000000e+00,-1.46407053e-06,-2.71388248e-06,-4.06378565e-06
0.00000000e+00,-1.80384824e-06,-3.43628962e-06,-5.14880397e-06
0.00000000e+00,-1.88334978e-06,-3.55244098e-06,-5.32162341e-06
0.00000000e+00,-1.74447703e-06,-3.23184376e-06,-4.83931996e-06
0.00000000e+00,-1.32318268e-06,-2.38925507e-06,-3.57543693e-06
0.00000000e+00,-1.47443261e-06,-2.77745837e-06,-4.16055709e-06
0.00000000e+00,-1.92450706e-06,-3.67760727e-06,-5.51078045e-06
0.00000000e+00,-1.51975429e-06,-2.78239829e-06,-4.16515176e-06
0.00000000e+00,-1.35154059e-06,-2.48882261e-06,-3.72619585e-06
0.00000000e+00,-1.66164880e-06,-3.15189074e-06,-4.72220565e-06
0.00000000e+00,-1.79675195e-06,-3.37924532e-06,-5.06182992e-06
0.00000000e+00,-1.67265979e-06,-3.08820929e-06,-4.62386826e-06
0.00000000e+00,-1.23539296e-06,-2.21367563e-06,-3.31206777e-06
0.00000000e+00,-1.32491383e-06,-2.47842080e-06,-3.71200074e-06
0.00000000e+00,-1.79306455e-06,-3.41472225e-06,-5.11645292e-06
0.00000000e+00,-1.69124366e-06,-3.12537703e-06,-4.67961987e-06
0.00000000e+00,-1.25649437e-06,-2.25587845e-06,-3.37537199e-06
0.00000000e+00,-1.36077070e-06,-2.55013455e-06,-3.81957137e-06
0.00000000e+00,-1.82504569e-06,-3.47868452e-06,-5.21239632e-06
0.00000000e+00,-1.46943865e-06,-2.68176702e-06,-4.01420485e-06
0.00000000e+00,-1.28350082e-06,-2.35274308e-06,-3.52207655e-06
0.00000000e+00,-1.57724523e-06,-2.98308361e-06,-4.46899495e-06
0.00000000e+00,-1.73636311e-06,-3.25846765e-06,-4.88066341e-06
0.00000000e+00,-1.65689389e-06,-3.05667748e-06,-4.57657055e-06
0.00000000e+00,-1.21812566e-06,-2.17914103e-06,-3.26026586e-06
0.00000000e+00,-1.29843424e-06,-2.42546162e-06,-3.63256198e-06
0.00000000e+00,-1.76691945e-06,-3.36243204e-06,-5.03801761e-06
0.00000000e+00,-1.66076207e-06,-3.06441386e-06,-4.58817511e-06
0.00000000e+00,-1.22206401e-06,-2.18701774e-06,-3.27208093e-06
0.00000000e+00,-1.30477919e-06,-2.43815153e-06,-3.65159685e-06
0.00000000e+00,-1.77305882e-06,-3.37471079e-06,-5.05643572e-06
0.00000000e+00,-1.45197790e-06,-2.64684552e-06,-3.96182260e-06
0.00000000e+00,-1.26121094e-06,-2.30816332e-06,-3.45520691e-06
0.00000000e+00,-1.54913607e-06,-2.92686529e-06,-4.38466748e-06
0.00000000e+00,-1.71547061e-06,-3.21668265e-06,-4.81798590e-06
0.00000000e+00,-1.67776485e-06,-3.26982628e-06,-4.90192418e-06
0.00000000e+00,-2.15089901e-06,-4.21609460e-06,-6.32132667e-06
0.00000000e+00,-1.49673850e-06,-2.90777359e-06,-4.35884514e-06
0.00000000e+00,-1.97318083e-06,-3.86065823e-06,-5.78817211e-06
0.00000000e+00,-1.63012988e-06,-3.13170461e-06,-4.69333407e-06
0.00000000e+00,-1.95796469e-06,-3.83022597e-06,-5.74252371e-06
0.00000000e+00,-2.07827615e-06,-4.02799716e-06,-6.03777290e-06
0.00000000e+00,-1.57399927e-06,-3.06229512e-06,-4.59062745e-06
0.00000000e+00,-2.05230925e-06,-4.01891508e-06,-6.02555738e-06
0.00000000e+00,-1.45842005e-06,-2.78828497e-06,-4.17820460e-06
0.00000000e+00,-1.75758670e-06,-3.42946998e-06,-5.14138973e-06
0.00000000e+00,-1.92971906e-06,-3.73088298e-06,-5.59210163e-06
0.00000000e+00,-1.38088354e-06,-2.67606366e-06,-4.01128025e-06
0.00000000e+00,-1.86796916e-06,-3.65023489e-06,-5.47253710e-06
0.00000000e+00,-1.42918235e-06,-2.77266128e-06,-4.15617669e-06
0.00000000e+00,-1.91044225e-06,-3.73518108e-06,-5.59995639e-06
0.00000000e+00,-1.35962108e-06,-2.59068702e-06,-3.88180768e-06
0.00000000e+00,-1.64433956e-06,-3.20297569e-06,-4.80164830e-06
0.00000000e+00,-1.83710750e-06,-3.54565985e-06,-5.31426694e-06
0.00000000e+00,-1.34593413e-06,-2.60616483e-06,-3.90643202e-06
0.00000000e+00,-1.83415898e-06,-3.58261454e-06,-5.37110657e-06
0.00000000e+00,-1.35408064e-06,-2.62245787e-06,-3.93087157e-06
0.00000000e+00,-1.84167668e-06,-3.59764994e-06,-5.39365967e-06
0.00000000e+00,-1.32667251e-06,-2.52478989e-06,-3.78296199e-06
0.00000000e+00,-1.60870378e-06,-3.13170414e-06,-4.69474097e-06
0.00000000e+00,-1.80661238e-06,-3.48466962e-06,-5.22278158e-06
0.00000000e+00,-1.64893076e-06,-3.29786153e-06,-4.94679228e-06
0.00000000e+00,-2.20375618e-06,-4.40751236e-06,-6.61126853e-06
0.00000000e+00,-1.53098426e-06,-3.06196853e-06,-4.59295278e-06
0.00000000e+00,-1.99477734e-06,-3.98955470e-06,-5.98433204e-06
0.00000000e+00,-1.72435360e-06,-3.40585550e-06,-5.10737562e-06
0.00000000e+00,-1.97962682e-06,-3.95925366e-06,-5.93888047e-06
0.00000000e+00,-2.18219026e-06,-4.32152882e-06,-6.48088561e-06
0.00000000e+00,-1.58953852e-06,-3.17907706e-06,-4.76861557e-06
0.00000000e+00,-2.07927797e-06,-4.15855595e-06,-6.23783391e-06
0.00000000e+00,-1.51141574e-06,-2.97997978e-06,-4.46856204e-06
0.00000000e+00,-1.77412944e-06,-3.54825888e-06,-5.32238831e-06
0.00000000e+00,-1.99565154e-06,-3.94845137e-06,-5.92126942e-06
0.00000000e+00,-1.38029276e-06,-2.76058553e-06,-4.14087827e-06
0.00000000e+00,-1.87886691e-06,-3.75773383e-06,-5.63660073e-06
0.00000000e+00,-1.44215179e-06,-2.88430360e-06,-4.32645539e-06
0.00000000e+00,-1.92594505e-06,-3.85189011e-06,-5.77783515e-06
0.00000000e+00,-1.39055883e-06,-2.73826595e-06,-4.10599130e-06
0.00000000e+00,-1.65525808e-06,-3.31051618e-06,-4.96577426e-06
0.00000000e+00,-1.88220097e-06,-3.72155023e-06,-5.58091772e-06
0.00000000e+00,-1.34995644e-06,-2.69991289e-06,-4.04986932e-06
0.00000000e+00,-1.84304402e-06,-3.68608806e-06,-5.52913208e-06
0.00000000e+00,-1.35578927e-06,-2.71157856e-06,-4.06736783e-06
0.00000000e+00,-1.85051961e-06,-3.70103923e-06,-5.55155883e-06
0.00000000e+00,-1.35316451e-06,-2.66347731e-06,-3.99380834e-06
0.00000000e+00,-1.61282470e-06,-3.22564942e-06,-4.83847411e-06
0.00000000e+00,-1.84605454e-06,-3.64925737e-06,-5.47247843e-06
0.00000000e+00,-7.86256657e-07,-1.31540302e-06,-1.96465886e-06
0.00000000e+00,-8.63572739e-07,-1.55573862e-06,-2.32797748e-06
0.00000000e+00,-7.19027200e-07,-1.18094411e-06,-1.76297049e-06
0.00000000e+00,-7.85036680e-07,-1.39866650e-06,-2.09236930e-06
0.00000000e+00,-1.09050725e-06,-1.92390422e-06,-2.87741065e-06
0.00000000e+00,-8.33881107e-07,-1.45350364e-06,-2.17321740e-06
0.00000000e+00,-1.24486564e-06,-2.31832443e-06,-3.47185619e-06
0.00000000e+00,-7.48363009e-07,-1.23961573e-06,-1.85097792e-06
0.00000000e+00,-8.18537169e-07,-1.46566748e-06,-2.19287077e-06
0.00000000e+00,-1.01991521e-06,-1.78272012e-06,-2.66563451e-06
0.00000000e+00,-7.53621239e-07,-1.29298391e-06,-1.93243779e-06
0.00000000e+00,-1.11261797e-06,-2.05382909e-06,-3.07511317e-06
0.00000000e+00,-6.87682647e-07,-1.11825500e-06,-1.66893683e-06
0.00000000e+00,-7.26674718e-07,-1.28194258e-06,-1.91728342e-06
0.00000000e+00,-6.99915520e-07,-1.14272075e-06,-1.70563545e-06
0.00000000e+00,-7.50949377e-07,-1.33049190e-06,-1.99010739e-06
0.00000000e+00,-9.72533289e-07,-1.68795629e-06,-2.52348876e-06
0.00000000e+00,-7.08246346e-07,-1.20223412e-06,-1.79631312e-06
0.00000000e+00,-1.04072616e-06,-1.91004547e-06,-2.85943774e-06
0.00000000e+00,-6.74826074e-07,-1.09254186e-06,-1.63036711e-06
0.00000000e+00,-7.08698391e-07,-1.24598993e-06,-1.86335444e-06
0.00000000e+00,-6.78141022e-07,-1.09917176e-06,-1.64031196e-06
0.00000000e+00,-7.13083821e-07,-1.25476079e-06,-1.87651073e-06
0.00000000e+00,-9.57723955e-07,-1.65833762e-06,-2.47906076e-06
0.00000000e+00,-6.93891039e-07,-1.17352351e-06,-1.75324719e-06
0.00000000e+00,-1.01550313e-06,-1.85959940e-06,-2.78376865e-06
0.00000000e+00,-1.06596558e-06,-2.04622774e-06,-3.06652638e-06
0.00000000e+00,-7.99652363e-07,-1.51360131e-06,-2.26758672e-06
0.00000000e+00,-9.38925129e-07,-1.74929512e-06,-2.61971983e-06
0.00000000e+00,-1.37938443e-06,-2.67306544e-06,-4.00678292e-06
0.00000000e+00,-9.27145769e-07,-1.76858812e-06,-2.65006694e-06
0.00000000e+00,-8.08778879e-07,-1.48900262e-06,-2.22928109e-06
0.00000000e+00,-1.17765378e-06,-2.26960414e-06,-3.40159098e-06
0.00000000e+00,-7.53815195e-07,-1.42192697e-06,-2.13007522e-06
0.00000000e+00,-7.67612643e-07,-1.44952187e-06,-2.17146756e-06
0.00000000e+00,-7.39586893e-07,-1.35061865e-06,-2.02170513e-06
0.00000000e+00,-1.08101843e-06,-2.07633344e-06,-3.11168492e-06
0.00000000e+00,-7.22112931e-07,-1.35852244e-06,-2.03496843e-06
0.00000000e+00,-7.32216699e-07,-1.37872998e-06,-2.06527973e-06
0.00000000e+00,-7.20029145e-07,-1.31150315e-06,-1.96303188e-06
0.00000000e+00,-1.04859793e-06,-2.01149244e-06,-3.01442342e-06
0.00000000e+00,-9.97864714e-07,-1.99572944e-06,-2.99359414e-06
0.00000000e+00,-8.24003163e-07,-1.64800634e-06,-2.47200949e-06
0.00000000e+00,-9.28455174e-07,-1.81405864e-06,-2.71968034e-06
0.00000000e+00,-1.38967393e-06,-2.77934788e-06,-4.16902180e-06
0.00000000e+00,-8.82343592e-07,-1.76468720e-06,-2.64703078e-06
0.00000000e+00,-8.44467660e-07,-1.64608362e-06,-2.46771780e-06
0.00000000e+00,-1.19382490e-06,-2.38764982e-06,-3.58147472e-06
0.00000000e+00,-7.39763208e-07,-1.47952643e-06,-2.21928963e-06
0.00000000e+00,-7.74690010e-07,-1.54938003e-06,-2.32407003e-06
0.00000000e+00,-7.44675100e-07,-1.44649850e-06,-2.16834012e-06
0.00000000e+00,-1.07816421e-06,-2.15632844e-06,-3.23449264e-06
0.00000000e+00,-7.15038761e-07,-1.43007754e-06,-2.14511629e-06
0.00000000e+00,-7.20517440e-07,-1.44103489e-06,-2.16155232e-06
0.00000000e+00,-7.24503296e-07,-1.40615489e-06,-2.10782471e-06
0.00000000e+00,-1.04610591e-06,-2.09221183e-06,-3.13831773e-06
0.00000000e+00,-7.17125135e-08,1.13685262e-07,1.78973570e-07
0.00000000e+00,-4.78083355e-08,7.57901837e-08,1.19315733e-07
0.00000000e+00,-7.17123497e-08,1.13685589e-07,1.78974061e-07
0.00000000e+00,-4.78080876e-08,7.57906793e-08,1.19316476e-07
0.00000000e+00,-4.39101106e-07,-6.21091923e-07,-9.23192207e-07
0.00000000e+00,-5.97604086e-08,9.47377545e-08,1.49144700e-07
0.00000000e+00,-4.75758859e-07,-7.80110864e-07,-1.16453584e-06
0.00000000e+00,-7.17124250e-08,1.13685439e-07,1.78973835e-07
0.00000000e+00,-4.78081906e-08,7.57904735e-08,1.19316168e-07
0.00000000e+00,-4.01652859e-07,-5.46195430e-07,-8.10847468e-07
0.00000000e+00,-5.97602319e-08,9.47381076e-08,1.49145229e-07
0.00000000e+00,-4.18734415e-07,-6.66061976e-07,-9.93462507e-07
0.00000000e+00,-7.17122349e-08,1.13685818e-07,1.78974404e-07
0.00000000e+00,-4.78079959e-08,7.57908623e-08,1.19316750e-07
0.00000000e+00,-7.17122879e-08,1.13685713e-07,1.78974246e-07
0.00000000e+00,-4.78080400e-08,7.57907743e-08,1.19316618e-07
0.00000000e+00,-3.83759459e-07,-5.10408630e-07,-7.57167268e-07
0.00000000e+00,-5.97601134e-08,9.47383443e-08,1.49145583e-07
0.00000000e+00,-3.94112616e-07,-6.16818377e-07,-9.19597110e-07
0.00000000e+00,-7.17121368e-08,1.13686014e-07,1.78974697e-07
0.00000000e+00,-4.78078961e-08,7.57910617e-08,1.19317048e-07
0.00000000e+00,-7.17121850e-08,1.13685918e-07,1.78974553e-07
0.00000000e+00,-4.78079453e-08,7.57909636e-08,1.19316901e-07
0.00000000e+00,-3.77574967e-07,-4.98039647e-07,-7.38613794e-07
0.00000000e+00,-5.97600166e-08,9.47385379e-08,1.49145872e-07
0.00000000e+00,-3.82071913e-07,-5.92736973e-07,-8.83475004e-07
0.00000000e+00,-2.39040448e-08,3.78953311e-08,5.96582345e-08
0.00000000e+00,-2.39038278e-08,3.78957648e-08,5.96588841e-08
0.00000000e+00,-3.58560644e-08,5.68430090e-08,8.94873613e-08
0.00000000e+00,-4.96045376e-07,-9.06387331e-07,-1.35676576e-06
0.00000000e+00,-2.39039175e-08,3.78955856e-08,5.96586157e-08
0.00000000e+00,-3.58559825e-08,5.68431725e-08,8.94876058e-08
0.00000000e+00,-4.42595029e-07,-7.99486637e-07,-1.19641472e-06
0.00000000e+00,-2.39037478e-08,3.78959245e-08,5.96591229e-08
0.00000000e+00,-2.39037865e-08,3.78958474e-08,5.96590075e-08
0.00000000e+00,-3.58558681e-08,5.68434010e-08,8.94879477e-08
0.00000000e+00,-3.88579387e-07,-6.91455355e-07,-1.03436780e-06
0.00000000e+00,-2.39036547e-08,3.78961106e-08,5.96594012e-08
0.00000000e+00,-2.39037011e-08,3.78960179e-08,5.96592626e-08
0.00000000e+00,-3.58557755e-08,5.68435859e-08,8.94882242e-08
0.00000000e+00,-3.80990448e-07,-6.76277476e-07,-1.01160098e-06
0.00000000e+00,3.57930003e-13,7.02482812e-13,1.07135448e-12
0.00000000e+00,4.30714694e-13,8.47857280e-13,1.28851616e-12
0.00000000e+00,-1.19518670e-08,1.89479696e-08,2.98295820e-08
0.00000000e+00,-8.36738560e-07,-1.67347713e-06,-2.51021568e-06
0.00000000e+00,3.94029781e-13,7.74595753e-13,1.17905814e-12
0.00000000e+00,-1.19517022e-08,1.89482990e-08,2.98300753e-08
0.00000000e+00,-3.48238952e-07,-6.96477918e-07,-1.04471686e-06
0.00000000e+00,5.06784145e-13,9.99709767e-13,1.51552664e-12
0.00000000e+00,4.68360338e-13,9.23006066e-13,1.40086131e-12
0.00000000e+00,-1.19516195e-08,1.89484641e-08,2.98303222e-08
0.00000000e+00,-3.91167293e-07,-7.82334599e-07,-1.17350188e-06
0.00000000e+00,5.87120299e-13,1.16012597e-12,1.75533264e-12
0.00000000e+00,5.46264675e-13,1.07854906e-12,1.63339253e-12
0.00000000e+00,-1.19515340e-08,1.89486349e-08,2.98305776e-08
0.00000000e+00,-3.56961460e-07,-7.13922933e-07,-1.07088438e-06
0.00000000e+00,6.42831798e-07,1.54277388e-06,2.32260651e-06
0.00000000e+00,7.67956324e-07,1.70731950e-06,2.56660971e-06
0.00000000e+00,5.75602554e-07,1.40831540e-06,2.12091877e-06
0.00000000e+00,6.89420515e-07,1.55024788e-06,2.33100228e-06
0.00000000e+00,2.95676126e-07,8.48462542e-07,1.28113949e-06
0.00000000e+00,7.14360456e-07,1.64297948e-06,2.47150729e-06
0.00000000e+00,3.80142327e-07,9.31691510e-07,1.40316772e-06
0.00000000e+00,6.04938252e-07,1.46698679e-06,2.20892587e-06
0.00000000e+00,7.22920890e-07,1.61724864e-06,2.43150341e-06
0.00000000e+00,2.58228181e-07,7.73566650e-07,1.16879565e-06
0.00000000e+00,6.34100834e-07,1.48246024e-06,2.23072843e-06
0.00000000e+00,3.23118226e-07,8.17643307e-07,1.23209542e-06
0.00000000e+00,5.44258192e-07,1.34562667e-06,2.02688569e-06
0.00000000e+00,6.31058745e-07,1.43352434e-06,2.15591697e-06
0.00000000e+00,5.56490974e-07,1.37009224e-06,2.06358403e-06
0.00000000e+00,6.55333312e-07,1.48207348e-06,2.22874067e-06
0.00000000e+00,2.40334992e-07,7.37780272e-07,1.11511608e-06
0.00000000e+00,5.88726131e-07,1.39171083e-06,2.09460432e-06
0.00000000e+00,2.98496633e-07,7.68400119e-07,1.15823064e-06
0.00000000e+00,5.31401798e-07,1.31991388e-06,1.98831650e-06
0.00000000e+00,6.13082595e-07,1.39757204e-06,2.10198852e-06
0.00000000e+00,5.34716658e-07,1.32654360e-06,1.99826108e-06
0.00000000e+00,6.17467937e-07,1.40634273e-06,2.11514455e-06
0.00000000e+00,2.34150693e-07,7.25411674e-07,1.09656319e-06
0.00000000e+00,5.74371002e-07,1.36300058e-06,2.05153893e-06
0.00000000e+00,2.86456120e-07,7.44319094e-07,1.12210910e-06
0.00000000e+00,1.01815777e-06,2.12201896e-06,3.18584368e-06
0.00000000e+00,7.51844703e-07,1.58939283e-06,2.38690448e-06
0.00000000e+00,8.67212993e-07,1.86298112e-06,2.79869453e-06
0.00000000e+00,4.48237467e-07,9.82178354e-07,1.47608277e-06
0.00000000e+00,8.79338017e-07,1.84437945e-06,2.76938442e-06
0.00000000e+00,7.37066970e-07,1.60268908e-06,2.40825646e-06
0.00000000e+00,3.94787349e-07,8.75278119e-07,1.31573241e-06
0.00000000e+00,7.06007712e-07,1.49771884e-06,2.24939350e-06
0.00000000e+00,7.19805072e-07,1.52531356e-06,2.29078558e-06
0.00000000e+00,6.67875163e-07,1.46430546e-06,2.20068104e-06
0.00000000e+00,3.40771900e-07,7.67247220e-07,1.15368607e-06
0.00000000e+00,6.74305615e-07,1.43431465e-06,2.15428721e-06
0.00000000e+00,6.84409299e-07,1.45452202e-06,2.18459826e-06
0.00000000e+00,6.48317589e-07,1.42519032e-06,2.14200832e-06
0.00000000e+00,3.33183137e-07,7.52069694e-07,1.13091978e-06
0.00000000e+00,9.97865427e-07,1.99573084e-06,2.99359628e-06
0.00000000e+00,8.24004022e-07,1.64800803e-06,2.47201206e-06
0.00000000e+00,9.04551650e-07,1.85195500e-06,2.77934013e-06
0.00000000e+00,8.36739275e-07,1.67347854e-06,2.51021782e-06
0.00000000e+00,8.82344378e-07,1.76468874e-06,2.64703313e-06
0.00000000e+00,8.20564255e-07,1.68398021e-06,2.52737795e-06
0.00000000e+00,3.48239813e-07,6.96479613e-07,1.04471944e-06
0.00000000e+00,7.39764217e-07,1.47952842e-06,2.21929265e-06
0.00000000e+00,7.74690944e-07,1.54938187e-06,2.32407283e-06
0.00000000e+00,7.20771863e-07,1.48439543e-06,2.22800077e-06
0.00000000e+00,3.91168305e-07,7.82336596e-07,1.17350491e-06
0.00000000e+00,7.15039926e-07,1.43007984e-06,2.14511977e-06
0.00000000e+00,7.20518526e-07,1.44103704e-06,2.16155557e-06
0.00000000e+00,7.00600222e-07,1.44405215e-06,2.16748584e-06
0.00000000e+00,3.56962631e-07,7.13925248e-07,1.07088789e-06
0.00000000e+00,1.22196065e-06,2.70103160e-06,4.05999308e-06
0.00000000e+00,1.45751451e-06,3.08643587e-06,4.63528426e-06
0.00000000e+00,1.14343712e-06,2.54398453e-06,3.82442248e-06
0.00000000e+00,1.31516921e-06,2.80174527e-06,4.20824836e-06
0.00000000e+00,9.47082512e-07,2.15127531e-06,3.23535865e-06
0.00000000e+00,1.34455015e-06,2.90335888e-06,4.36207639e-06
0.00000000e+00,1.14924934e-06,2.46990554e-06,3.71048877e-06
0.00000000e+00,1.17975808e-06,2.61662645e-06,3.93338536e-06
0.00000000e+00,1.37881650e-06,2.92903985e-06,4.39919024e-06
0.00000000e+00,8.76490608e-07,2.01009150e-06,3.02358293e-06
0.00000000e+00,1.23202028e-06,2.67829913e-06,4.02448676e-06
0.00000000e+00,1.01700185e-06,2.20541056e-06,3.31374630e-06
0.00000000e+00,1.09196854e-06,2.44104736e-06,3.67001672e-06
0.00000000e+00,1.22929788e-06,2.63000262e-06,3.95063438e-06
0.00000000e+00,1.11306988e-06,2.48325005e-06,3.73332075e-06
0.00000000e+00,1.26515468e-06,2.70171622e-06,4.05820479e-06
0.00000000e+00,8.29108851e-07,1.91532799e-06,2.88143766e-06
0.00000000e+00,1.16398064e-06,2.54221985e-06,3.82036784e-06
0.00000000e+00,9.45110200e-07,2.06162725e-06,3.09807134e-06
0.00000000e+00,1.07470137e-06,2.40651304e-06,3.61821523e-06
0.00000000e+00,1.20281843e-06,2.57704372e-06,3.87119603e-06
0.00000000e+00,1.07863966e-06,2.41438960e-06,3.63003008e-06
0.00000000e+00,1.20916332e-06,2.58973349e-06,3.89023069e-06
0.00000000e+00,8.14299675e-07,1.88570964e-06,2.83701013e-06
0.00000000e+00,1.14169090e-06,2.49764037e-06,3.75349862e-06
0.00000000e+00,9.19887327e-07,2.01118151e-06,3.02240272e-06
0.00000000e+00,1.62995714e-06,3.34561771e-06,5.02124180e-06
0.00000000e+00,1.44893088e-06,2.98356519e-06,4.47816302e-06
0.00000000e+00,1.55841790e-06,3.24539094e-06,4.87230927e-06
0.00000000e+00,1.33157658e-06,2.74885657e-06,4.12610010e-06
0.00000000e+00,1.52619162e-06,3.13808666e-06,4.70994522e-06
0.00000000e+00,1.38670821e-06,2.90197155e-06,4.35718018e-06
0.00000000e+00,1.12984616e-06,2.34539575e-06,3.52090886e-06
0.00000000e+00,1.33307607e-06,2.75185555e-06,4.13059857e-06
0.00000000e+00,1.38137481e-06,2.84845303e-06,4.27549478e-06
0.00000000e+00,1.28790937e-06,2.70437388e-06,4.06078366e-06
0.00000000e+00,1.03321095e-06,2.15212532e-06,3.23100321e-06
0.00000000e+00,1.29812680e-06,2.68195701e-06,4.02575076e-06
0.00000000e+00,1.30627324e-06,2.69824990e-06,4.05019009e-06
0.00000000e+00,1.25496095e-06,2.63847703e-06,3.96193839e-06
0.00000000e+00,1.00079061e-06,2.08728463e-06,3.13374219e-06
0.00000000e+00,1.64893147e-06,3.29786293e-06,4.94679441e-06
0.00000000e+00,1.53098511e-06,3.06197021e-06,4.59295534e-06
0.00000000e+00,1.70045010e-06,3.44375190e-06,5.16703548e-06
0.00000000e+00,1.38967464e-06,2.77934928e-06,4.16902393e-06
0.00000000e+00,1.58953930e-06,3.17907859e-06,4.76861791e-06
0.00000000e+00,1.48751236e-06,3.01787643e-06,4.52822227e-06
0.00000000e+00,1.19382576e-06,2.38765151e-06,3.58147728e-06
0.00000000e+00,1.38029375e-06,2.76058750e-06,4.14088126e-06
0.00000000e+00,1.44215272e-06,2.88430543e-06,4.32645815e-06
0.00000000e+00,1.36665559e-06,2.77616288e-06,4.16565195e-06
0.00000000e+00,1.07816522e-06,2.15633042e-06,3.23449565e-06
0.00000000e+00,1.34995758e-06,2.69991515e-06,4.04987275e-06
0.00000000e+00,1.35579035e-06,2.71158068e-06,4.06737103e-06
0.00000000e+00,1.32926141e-06,2.70137453e-06,4.05346942e-06
0.00000000e+00,1.04610706e-06,2.09221412e-06,3.13832119e-06
0.00000000e+00,1.62960941e-06,3.51632910e-06,5.28293933e-06
0.00000000e+00,1.89395453e-06,3.95931592e-06,5.94460433e-06
0.00000000e+00,1.57249491e-06,3.40210011e-06,5.11159585e-06
0.00000000e+00,1.77428481e-06,3.71997647e-06,5.58559516e-06
0.00000000e+00,1.44875260e-06,3.15461549e-06,4.74036891e-06
0.00000000e+00,1.76382949e-06,3.74191755e-06,5.61991439e-06
0.00000000e+00,1.70823218e-06,3.58787120e-06,5.38743727e-06
0.00000000e+00,1.60105251e-06,3.45921530e-06,5.19726863e-06
0.00000000e+00,1.82889100e-06,3.82918885e-06,5.74941373e-06
0.00000000e+00,1.37632978e-06,3.00976985e-06,4.52310045e-06
0.00000000e+00,1.67723169e-06,3.56872195e-06,5.36012099e-06
0.00000000e+00,1.56603275e-06,3.30347235e-06,4.96083898e-06
0.00000000e+00,1.52923539e-06,3.31558106e-06,4.98181727e-06
0.00000000e+00,1.69744862e-06,3.56630410e-06,5.35508660e-06
0.00000000e+00,1.54781921e-06,3.35274870e-06,5.03756873e-06
0.00000000e+00,1.72942970e-06,3.63026626e-06,5.45102984e-06
0.00000000e+00,1.32601424e-06,2.90913877e-06,4.37215384e-06
0.00000000e+00,1.61684294e-06,3.44794446e-06,5.17895476e-06
0.00000000e+00,1.48162929e-06,3.13466544e-06,4.70762862e-06
0.00000000e+00,1.51346959e-06,3.28404947e-06,4.93451989e-06
0.00000000e+00,1.67130363e-06,3.51401411e-06,5.27665162e-06
0.00000000e+00,1.51733773e-06,3.29178574e-06,4.94612429e-06
0.00000000e+00,1.67744294e-06,3.52629274e-06,5.29506956e-06
0.00000000e+00,1.30855361e-06,2.87421752e-06,4.31977195e-06
0.00000000e+00,1.59595055e-06,3.40615968e-06,5.11627758e-06
0.00000000e+00,1.45352026e-06,3.07844737e-06,4.62330151e-06
0.00000000e+00,2.10309134e-06,4.29188610e-06,6.44064440e-06
0.00000000e+00,1.92537324e-06,3.93644990e-06,5.90749009e-06
0.00000000e+00,2.00656432e-06,4.14168377e-06,6.21674850e-06
0.00000000e+00,1.91015703e-06,3.90601747e-06,5.86184145e-06
0.00000000e+00,2.00450163e-06,4.09470667e-06,6.14487525e-06
0.00000000e+00,1.85800726e-06,3.84456965e-06,5.77107733e-06
0.00000000e+00,1.70977910e-06,3.50526161e-06,5.26070765e-06
0.00000000e+00,1.82016169e-06,3.72602680e-06,5.59185543e-06
0.00000000e+00,1.86263472e-06,3.81097285e-06,5.71927452e-06
0.00000000e+00,1.76539579e-06,3.65934672e-06,5.49324293e-06
0.00000000e+00,1.59653209e-06,3.27876759e-06,4.92096663e-06
0.00000000e+00,1.78635163e-06,3.65840669e-06,5.49042527e-06
0.00000000e+00,1.79386927e-06,3.67344196e-06,5.51297818e-06
0.00000000e+00,1.73490080e-06,3.59835673e-06,5.40175794e-06
0.00000000e+00,1.56089644e-06,3.20749630e-06,4.81405969e-06
0.00000000e+00,2.20375688e-06,4.40751375e-06,6.61127064e-06
0.00000000e+00,1.99477819e-06,3.98955637e-06,5.98433457e-06
0.00000000e+00,2.15828678e-06,4.35942526e-06,6.54054552e-06
0.00000000e+00,1.97962753e-06,3.95925505e-06,5.93888259e-06
0.00000000e+00,2.07927875e-06,4.15855748e-06,6.23783623e-06
0.00000000e+00,1.97174816e-06,3.98634803e-06,5.98092968e-06
0.00000000e+00,1.77413029e-06,3.54826056e-06,5.32239085e-06
0.00000000e+00,1.87886790e-06,3.75773578e-06,5.63660368e-06
0.00000000e+00,1.92594596e-06,3.85189192e-06,5.77783789e-06
0.00000000e+00,1.85829772e-06,3.75944715e-06,5.64057835e-06
0.00000000e+00,1.65525908e-06,3.31051814e-06,4.96577723e-06
0.00000000e+00,1.84304515e-06,3.68609029e-06,5.52913545e-06
0.00000000e+00,1.85052067e-06,3.70104132e-06,5.55156199e-06
0.00000000e+00,1.82215143e-06,3.68715456e-06,5.53213946e-06
0.00000000e+00,1.61282584e-06,3.22565166e-06,4.83847751e-06
0.00000000e+00,-1.32491370e-06,-2.47842054e-06,-3.71200035e-06
0.00000000e+00,-1.79306445e-06,-3.41472204e-06,-5.11645261e-06
0.00000000e+00,-1.67265968e-06,-3.08820908e-06,-4.62386794e-06
0.00000000e+00,-1.23539283e-06,-2.21367536e-06,-3.31206737e-06
0.00000000e+00,-1.30477913e-06,-2.43815140e-06,-3.65159665e-06
0.00000000e+00,-1.77305877e-06,-3.37471068e-06,-5.05643556e-06
0.00000000e+00,-1.66076202e-06,-3.06441375e-06,-4.58817495e-06
0.00000000e+00,-1.22206394e-06,-2.18701760e-06,-3.27208072e-06
0.00000000e+00,-1.57724512e-06,-2.98308338e-06,-4.46899461e-06
0.00000000e+00,-1.73636300e-06,-3.25846744e-06,-4.88066309e-06
0.00000000e+00,-1.46943853e-06,-2.68176678e-06,-4.01420450e-06
0.00000000e+00,-1.28350069e-06,-2.35274281e-06,-3.52207615e-06
0.00000000e+00,-1.41078503e-06,-2.65016321e-06,-3.96961436e-06
0.00000000e+00,-1.86990064e-06,-3.56839443e-06,-5.34696119e-06
0.00000000e+00,-1.71591921e-06,-3.17472814e-06,-4.75364653e-06
0.00000000e+00,-1.28686141e-06,-2.31661254e-06,-3.46647313e-06
0.00000000e+00,-1.36077050e-06,-2.55013415e-06,-3.81957078e-06
0.00000000e+00,-1.82504553e-06,-3.47868421e-06,-5.21239586e-06
0.00000000e+00,-1.69124350e-06,-3.12537672e-06,-4.67961941e-06
0.00000000e+00,-1.25649417e-06,-2.25587805e-06,-3.37537140e-06
0.00000000e+00,-1.66164858e-06,-3.15189030e-06,-4.72220500e-06
0.00000000e+00,-1.79675176e-06,-3.37924494e-06,-5.06182935e-06
0.00000000e+00,-1.51975408e-06,-2.78239786e-06,-4.16515112e-06
0.00000000e+00,-1.35154034e-06,-2.48882210e-06,-3.72619509e-06
0.00000000e+00,-1.55313033e-06,-2.93485381e-06,-4.39665026e-06
0.00000000e+00,-1.98957037e-06,-3.80773389e-06,-5.70597039e-06
0.00000000e+00,-1.77303371e-06,-3.28895713e-06,-4.92499002e-06
0.00000000e+00,-1.36538495e-06,-2.47365961e-06,-3.70204373e-06
0.00000000e+00,-1.47443232e-06,-2.77745780e-06,-4.16055624e-06
0.00000000e+00,-1.92450683e-06,-3.67760681e-06,-5.51077977e-06
0.00000000e+00,-1.74447681e-06,-3.23184333e-06,-4.83931932e-06
0.00000000e+00,-1.32318237e-06,-2.38925446e-06,-3.57543602e-06
0.00000000e+00,-1.80384802e-06,-3.43628918e-06,-5.14880332e-06
0.00000000e+00,-1.88334956e-06,-3.55244055e-06,-5.32162276e-06
0.00000000e+00,-1.59217690e-06,-2.92724350e-06,-4.38241958e-06
0.00000000e+00,-1.46407021e-06,-2.71388185e-06,-4.06378472e-06
0.00000000e+00,-7.26674545e-07,-1.28194224e-06,-1.91728290e-06
0.00000000e+00,-6.87682471e-07,-1.11825465e-06,-1.66893631e-06
0.00000000e+00,-7.13083737e-07,-1.25476062e-06,-1.87651047e-06
0.00000000e+00,-6.78140935e-07,-1.09917158e-06,-1.64031170e-06
0.00000000e+00,-1.04072601e-06,-1.91004516e-06,-2.85943729e-06
0.00000000e+00,-9.72533135e-07,-1.68795598e-06,-2.52348830e-06
0.00000000e+00,-7.08246171e-07,-1.20223377e-06,-1.79631259e-06
0.00000000e+00,-7.85036313e-07,-1.39866577e-06,-2.09236821e-06
0.00000000e+00,-7.19026832e-07,-1.18094338e-06,-1.76296939e-06
0.00000000e+00,-7.50949112e-07,-1.33049137e-06,-1.99010660e-06
0.00000000e+00,-6.99915252e-07,-1.14272022e-06,-1.70563465e-06
0.00000000e+00,-1.11261767e-06,-2.05382848e-06,-3.07511226e-06
0.00000000e+00,-1.01991489e-06,-1.78271950e-06,-2.66563357e-06
0.00000000e+00,-7.53620873e-07,-1.29298318e-06,-1.93243670e-06
0.00000000e+00,-8.63572122e-07,-1.55573739e-06,-2.32797563e-06
0.00000000e+00,-7.86256071e-07,-1.31540185e-06,-1.96465711e-06
0.00000000e+00,-8.18536689e-07,-1.46566652e-06,-2.19286933e-06
0.00000000e+00,-7.48362527e-07,-1.23961477e-06,-1.85097648e-06
0.00000000e+00,-1.24486515e-06,-2.31832345e-06,-3.47185473e-06
0.00000000e+00,-1.09050679e-06,-1.92390330e-06,-2.87740928e-06
0.00000000e+00,-8.33880491e-07,-1.45350241e-06,-2.17321555e-06
0.00000000e+00,-4.78077933e-08,7.57912670e-08,1.19317355e-07
0.00000000e+00,-7.17120368e-08,1.13686214e-07,1.78974996e-07
0.00000000e+00,-4.78078463e-08,7.57911613e-08,1.19317197e-07
0.00000000e+00,-7.17120881e-08,1.13686112e-07,1.78974843e-07
0.00000000e+00,-3.94112426e-07,-6.16817999e-07,-9.19596544e-07
0.00000000e+00,-3.83759267e-07,-5.10408245e-07,-7.57166693e-07
0.00000000e+00,-5.97599174e-08,9.47387359e-08,1.49146169e-07
0.00000000e+00,-4.78076926e-08,7.57914683e-08,1.19317656e-07
0.00000000e+00,-7.17119171e-08,1.13686453e-07,1.78975354e-07
0.00000000e+00,-4.78077455e-08,7.57913627e-08,1.19317498e-07
0.00000000e+00,-7.17119818e-08,1.13686324e-07,1.78975161e-07
0.00000000e+00,-4.18734015e-07,-6.66061177e-07,-9.93461312e-07
0.00000000e+00,-4.01652452e-07,-5.46194616e-07,-8.10846250e-07
0.00000000e+00,-5.97597917e-08,9.47389870e-08,1.49146544e-07
0.00000000e+00,-4.78074286e-08,7.57919961e-08,1.19318447e-07
0.00000000e+00,-7.17117450e-08,1.13686797e-07,1.78975869e-07
0.00000000e+00,-4.78075824e-08,7.57916885e-08,1.19317986e-07
0.00000000e+00,-7.17118378e-08,1.13686612e-07,1.78975591e-07
0.00000000e+00,-4.75758103e-07,-7.80109354e-07,-1.16453358e-06
0.00000000e+00,-4.39100393e-07,-6.21090499e-07,-9.23190075e-07
0.00000000e+00,-5.97596047e-08,9.47393609e-08,1.49147104e-07
0.00000000e+00,-1.38088341e-06,-2.67606340e-06,-4.01127987e-06
0.00000000e+00,-1.86796905e-06,-3.65023467e-06,-5.47253677e-06
0.00000000e+00,-1.35408058e-06,-2.62245774e-06,-3.93087137e-06
0.00000000e+00,-1.84167662e-06,-3.59764982e-06,-5.39365950e-06
0.00000000e+00,-1.64433944e-06,-3.20297546e-06,-4.80164795e-06
0.00000000e+00,-1.83710738e-06,-3.54565963e-06,-5.31426660e-06
0.00000000e+00,-1.35962095e-06,-2.59068676e-06,-3.88180730e-06
0.00000000e+00,-1.49673824e-06,-2.90777306e-06,-4.35884435e-06
0.00000000e+00,-1.97318061e-06,-3.86065781e-06,-5.78817148e-06
0.00000000e+00,-1.42918216e-06,-2.77266089e-06,-4.15617610e-06
0.00000000e+00,-1.91044208e-06,-3.73518074e-06,-5.59995588e-06
0.00000000e+00,-1.75758647e-06,-3.42946951e-06,-5.14138904e-06
0.00000000e+00,-1.92971886e-06,-3.73088259e-06,-5.59210104e-06
0.00000000e+00,-1.45841980e-06,-2.78828446e-06,-4.17820384e-06
0.00000000e+00,-1.67776452e-06,-3.26982563e-06,-4.90192321e-06
0.00000000e+00,-2.15089874e-06,-4.21609406e-06,-6.32132585e-06
0.00000000e+00,-1.57399898e-06,-3.06229455e-06,-4.59062659e-06
0.00000000e+00,-2.05230901e-06,-4.01891461e-06,-6.02555668e-06
0.00000000e+00,-1.95796441e-06,-3.83022540e-06,-5.74252287e-06
0.00000000e+00,-2.07827593e-06,-4.02799673e-06,-6.03777226e-06
0.00000000e+00,-1.63012950e-06,-3.13170387e-06,-4.69333296e-06
0.00000000e+00,-7.53815032e-07,-1.42192664e-06,-2.13007473e-06
0.00000000e+00,-7.32216619e-07,-1.37872982e-06,-2.06527949e-06
0.00000000e+00,-1.08101828e-06,-2.07633314e-06,-3.11168448e-06
0.00000000e+00,-7.39586723e-07,-1.35061831e-06,-2.02170462e-06
0.00000000e+00,-7.99652029e-07,-1.51360064e-06,-2.26758572e-06
0.00000000e+00,-7.67612395e-07,-1.44952137e-06,-2.17146682e-06
0.00000000e+00,-1.17765350e-06,-2.26960358e-06,-3.40159014e-06
0.00000000e+00,-8.08778532e-07,-1.48900193e-06,-2.22928005e-06
0.00000000e+00,-1.06596507e-06,-2.04622672e-06,-3.06652484e-06
0.00000000e+00,-9.27145333e-07,-1.76858725e-06,-2.65006564e-06
0.00000000e+00,-1.37938393e-06,-2.67306443e-06,-4.00678142e-06
0.00000000e+00,-9.38924545e-07,-1.74929395e-06,-2.61971809e-06
0.00000000e+00,-2.39035572e-08,3.78963052e-08,5.96596923e-08
0.00000000e+00,-2.39036074e-08,3.78962051e-08,5.96595426e-08
0.00000000e+00,-3.88579212e-07,-6.91455004e-07,-1.03436727e-06
0.00000000e+00,-3.58556790e-08,5.68437786e-08,8.94885125e-08
0.00000000e+00,-2.39034600e-08,3.78964996e-08,5.96599831e-08
0.00000000e+00,-2.39035115e-08,3.78963966e-08,5.96598290e-08
0.00000000e+00,-4.42594652e-07,-7.99485885e-07,-1.19641359e-06
0.00000000e+00,-3.58555529e-08,5.68440307e-08,8.94888899e-08
0.00000000e+00,-2.39032213e-08,3.78969765e-08,5.96606976e-08
0.00000000e+00,-2.39033607e-08,3.78966980e-08,5.96602803e-08
0.00000000e+00,-4.96044753e-07,-9.06386087e-07,-1.35676390e-06
0.00000000e+00,-3.58554502e-08,5.68442359e-08,8.94891968e-08
0.00000000e+00,-1.38029263e-06,-2.76058527e-06,-4.14087789e-06
0.00000000e+00,-1.87886679e-06,-3.75773359e-06,-5.63660037e-06
0.00000000e+00,-1.35578921e-06,-2.71157843e-06,-4.06736763e-06
0.00000000e+00,-1.85051955e-06,-3.70103911e-06,-5.55155865e-06
0.00000000e+00,-1.65525796e-06,-3.31051594e-06,-4.96577390e-06
0.00000000e+00,-1.88220085e-06,-3.72155000e-06,-5.58091737e-06
0.00000000e+00,-1.39055870e-06,-2.73826569e-06,-4.10599091e-06
0.00000000e+00,-1.53098401e-06,-3.06196804e-06,-4.59295205e-06
0.00000000e+00,-1.99477712e-06,-3.98955425e-06,-5.98433136e-06
0.00000000e+00,-1.44215160e-06,-2.88430322e-06,-4.32645482e-06
0.00000000e+00,-1.92594487e-06,-3.85188976e-06,-5.77783462e-06
0.00000000e+00,-1.77412920e-06,-3.54825841e-06,-5.32238760e-06
0.00000000e+00,-1.99565131e-06,-3.94845092e-06,-5.92126876e-06
0.00000000e+00,-1.51141549e-06,-2.97997928e-06,-4.46856129e-06
0.00000000e+00,-1.64893038e-06,-3.29786078e-06,-4.94679116e-06
0.00000000e+00,-2.20375585e-06,-4.40751171e-06,-6.61126755e-06
0.00000000e+00,-1.58953821e-06,-3.17907644e-06,-4.76861464e-06
0.00000000e+00,-2.07927769e-06,-4.15855539e-06,-6.23783307e-06
0.00000000e+00,-1.97962650e-06,-3.95925302e-06,-5.93887951e-06
0.00000000e+00,-2.18218996e-06,-4.32152821e-06,-6.48088469e-06
0.00000000e+00,-1.72435325e-06,-3.40585480e-06,-5.10737458e-06
0.00000000e+00,-7.39763061e-07,-1.47952614e-06,-2.21928919e-06
0.00000000e+00,-7.20517366e-07,-1.44103475e-06,-2.16155210e-06
0.00000000e+00,-1.07816407e-06,-2.15632816e-06,-3.23449223e-06
0.00000000e+00,-7.44674945e-07,-1.44649819e-06,-2.16833966e-06
0.00000000e+00,-8.24002857e-07,-1.64800573e-06,-2.47200858e-06
0.00000000e+00,-7.74689787e-07,-1.54937959e-06,-2.32406937e-06
0.00000000e+00,-1.19382464e-06,-2.38764929e-06,-3.58147392e-06
0.00000000e+00,-8.44467333e-07,-1.64608296e-06,-2.46771682e-06
0.00000000e+00,-9.97864272e-07,-1.99572856e-06,-2.99359283e-06
0.00000000e+00,-8.82343210e-07,-1.76468644e-06,-2.64702964e-06
0.00000000e+00,-1.38967351e-06,-2.77934704e-06,-4.16902055e-06
0.00000000e+00,-9.28454729e-07,-1.81405776e-06,-2.71967901e-06
0.00000000e+00,6.73509578e-13,1.33266898e-12,2.01333612e-12
0.00000000e+00,6.29106684e-13,1.24397409e-12,1.88072006e-12
0.00000000e+00,-3.91167133e-07,-7.82334281e-07,-1.17350141e-06
0.00000000e+00,-1.19514418e-08,1.89488190e-08,2.98308530e-08
0.00000000e+00,7.80254430e-13,1.54594957e-12,2.33251465e-12
0.00000000e+00,7.24933478e-13,1.43540632e-12,2.16708562e-12
0.00000000e+00,-3.48238627e-07,-6.96477268e-07,-1.04471589e-06
0.00000000e+00,-1.19513412e-08,1.89490200e-08,2.98311536e-08
0.00000000e+00,8.82240243e-13,1.74956663e-12,2.63713270e-12
0.00000000e+00,8.22474591e-13,1.63020858e-12,2.45850700e-12
0.00000000e+00,-8.36738052e-07,-1.67347612e-06,-2.51021416e-06
0.00000000e+00,-1.19511345e-08,1.89494332e-08,2.98317726e-08
0.00000000e+00,7.06007893e-07,1.49771921e-06,2.24939404e-06
0.00000000e+00,7.39764393e-07,1.47952877e-06,2.21929317e-06
0.00000000e+00,6.84409389e-07,1.45452220e-06,2.18459853e-06
0.00000000e+00,7.20518613e-07,1.44103721e-06,2.16155583e-06
0.00000000e+00,3.40772086e-07,7.67247591e-07,1.15368662e-06
0.00000000e+00,7.20772041e-07,1.48439578e-06,2.22800130e-06
0.00000000e+00,3.91168477e-07,7.82336940e-07,1.17350542e-06
0.00000000e+00,7.51845083e-07,1.58939359e-06,2.38690561e-06
0.00000000e+00,8.24004374e-07,1.64800873e-06,2.47201311e-06
0.00000000e+00,7.19805350e-07,1.52531412e-06,2.29078641e-06
0.00000000e+00,7.74691207e-07,1.54938240e-06,2.32407361e-06
0.00000000e+00,3.94787746e-07,8.75278912e-07,1.31573360e-06
0.00000000e+00,8.20564625e-07,1.68398095e-06,2.52737905e-06
0.00000000e+00,3.48240174e-07,6.96480333e-07,1.04472051e-06
0.00000000e+00,1.01815833e-06,2.12202008e-06,3.18584535e-06
0.00000000e+00,9.97865996e-07,1.99573198e-06,2.99359798e-06
0.00000000e+00,8.79338502e-07,1.84438042e-06,2.76938587e-06
0.00000000e+00,8.82344836e-07,1.76468966e-06,2.64703450e-06
0.00000000e+00,4.48238129e-07,9.82179676e-07,1.47608475e-06
0.00000000e+00,9.04552190e-07,1.85195608e-06,2.77934175e-06
0.00000000e+00,8.36739810e-07,1.67347960e-06,2.51021942e-06
0.00000000e+00,1.33307623e-06,2.75185587e-06,4.13059904e-06
0.00000000e+00,1.38029392e-06,2.76058783e-06,4.14088176e-06
0.00000000e+00,1.30627332e-06,2.69825006e-06,4.05019033e-06
0.00000000e+00,1.35579043e-06,2.71158085e-06,4.06737128e-06
0.00000000e+00,1.03321112e-06,2.15212566e-06,3.23100373e-06
0.00000000e+00,1.36665575e-06,2.77616321e-06,4.16565244e-06
0.00000000e+00,1.07816539e-06,2.15633077e-06,3.23449616e-06
0.00000000e+00,1.44893121e-06,2.98356583e-06,4.47816398e-06
0.00000000e+00,1.53098545e-06,3.06197089e-06,4.59295635e-06
0.00000000e+00,1.38137505e-06,2.84845351e-06,4.27549550e-06
0.00000000e+00,1.44215297e-06,2.88430593e-06,4.32645891e-06
0.00000000e+00,1.12984650e-06,2.34539641e-06,3.52090985e-06
0.00000000e+00,1.48751269e-06,3.01787708e-06,4.52822325e-06
0.00000000e+00,1.19382611e-06,2.38765220e-06,3.58147832e-06
0.00000000e+00,1.62995757e-06,3.34561856e-06,5.02124307e-06
0.00000000e+00,1.64893198e-06,3.29786394e-06,4.94679592e-06
0.00000000e+00,1.52619198e-06,3.13808739e-06,4.70994632e-06
0.00000000e+00,1.58953973e-06,3.17907944e-06,4.76861917e-06
0.00000000e+00,1.33157717e-06,2.74885775e-06,4.12610186e-06
0.00000000e+00,1.70045057e-06,3.44375284e-06,5.16703688e-06
0.00000000e+00,1.38967519e-06,2.77935036e-06,4.16902556e-06
0.00000000e+00,1.82016182e-06,3.72602707e-06,5.59185583e-06
0.00000000e+00,1.87886805e-06,3.75773609e-06,5.63660415e-06
0.00000000e+00,1.79386934e-06,3.67344210e-06,5.51297838e-06
0.00000000e+00,1.85052074e-06,3.70104148e-06,5.55156223e-06
0.00000000e+00,1.59653223e-06,3.27876788e-06,4.92096706e-06
0.00000000e+00,1.85829787e-06,3.75944745e-06,5.64057879e-06
0.00000000e+00,1.65525924e-06,3.31051847e-06,4.96577771e-06
0.00000000e+00,1.92537350e-06,3.93645043e-06,5.90749087e-06
0.00000000e+00,1.99477850e-06,3.98955699e-06,5.98433549e-06
0.00000000e+00,1.86263492e-06,3.81097327e-06,5.71927514e-06
0.00000000e+00,1.92594620e-06,3.85189238e-06,5.77783859e-06
0.00000000e+00,1.70977939e-06,3.50526220e-06,5.26070853e-06
0.00000000e+00,1.97174845e-06,3.98634861e-06,5.98093053e-06
0.00000000e+00,1.77413061e-06,3.54826121e-06,5.32239182e-06
0.00000000e+00,2.10309169e-06,4.29188680e-06,6.44064544e-06
0.00000000e+00,2.20375733e-06,4.40751465e-06,6.61127199e-06
0.00000000e+00,2.00450193e-06,4.09470728e-06,6.14487616e-06
0.00000000e+00,2.07927913e-06,4.15855824e-06,6.23783737e-06
0.00000000e+00,1.91015739e-06,3.90601821e-06,5.86184254e-06
0.00000000e+00,2.15828718e-06,4.35942607e-06,6.54054673e-06
0.00000000e+00,1.97962801e-06,3.95925600e-06,5.93888401e-06
0.00000000e+00,6.31058930e-07,1.43352471e-06,2.15591752e-06
0.00000000e+00,6.17468029e-07,1.40634291e-06,2.11514482e-06
0.00000000e+00,2.98496828e-07,7.68400510e-07,1.15823122e-06
0.00000000e+00,6.67875348e-07,1.46430583e-06,2.20068159e-06
0.00000000e+00,6.89420904e-07,1.55024866e-06,2.33100345e-06
0.00000000e+00,6.55333595e-07,1.48207404e-06,2.22874152e-06
0.00000000e+00,3.23118640e-07,8.17644133e-07,1.23209665e-06
0.00000000e+00,7.37067352e-07,1.60268984e-06,2.40825760e-06
0.00000000e+00,7.67956982e-07,1.70732082e-06,2.56661168e-06
0.00000000e+00,7.22921402e-07,1.61724966e-06,2.43150494e-06
0.00000000e+00,3.80143100e-07,9.31693054e-07,1.40317003e-06
0.00000000e+00,8.67213621e-07,1.86298238e-06,2.79869641e-06
0.00000000e+00,1.22929803e-06,2.63000291e-06,3.95063483e-06
0.00000000e+00,1.20916339e-06,2.58973364e-06,3.89023091e-06
0.00000000e+00,9.45110369e-07,2.06162759e-06,3.09807184e-06
0.00000000e+00,1.28790952e-06,2.70437418e-06,4.06078412e-06
0.00000000e+00,1.31516951e-06,2.80174588e-06,4.20824927e-06
0.00000000e+00,1.26515491e-06,2.70171668e-06,4.05820547e-06
0.00000000e+00,1.01700219e-06,2.20541124e-06,3.31374731e-06
0.00000000e+00,1.38670851e-06,2.90197216e-06,4.35718108e-06
0.00000000e+00,1.45751483e-06,3.08643651e-06,4.63528522e-06
0.00000000e+00,1.37881683e-06,2.92904052e-06,4.39919123e-06
0.00000000e+00,1.14924988e-06,2.46990662e-06,3.71049038e-06
0.00000000e+00,1.55841835e-06,3.24539184e-06,4.87231060e-06
0.00000000e+00,1.69744874e-06,3.56630434e-06,5.35508696e-06
0.00000000e+00,1.67744300e-06,3.52629286e-06,5.29506975e-06
0.00000000e+00,1.48162943e-06,3.13466571e-06,4.70762902e-06
0.00000000e+00,1.76539592e-06,3.65934699e-06,5.49324332e-06
0.00000000e+00,1.77428503e-06,3.71997692e-06,5.58559584e-06
0.00000000e+00,1.72942988e-06,3.63026661e-06,5.45103038e-06
0.00000000e+00,1.56603300e-06,3.30347286e-06,4.96083974e-06
0.00000000e+00,1.85800750e-06,3.84457013e-06,5.77107804e-06
0.00000000e+00,1.89395481e-06,3.95931647e-06,5.94460516e-06
0.00000000e+00,1.82889126e-06,3.82918938e-06,5.74941452e-06
0.00000000e+00,1.70823245e-06,3.58787176e-06,5.38743809e-06
0.00000000e+00,2.00656459e-06,4.14168432e-06,6.21674932e-06
0.00000000e+00,5.44258375e-07,1.34562704e-06,2.02688623e-06
0.00000000e+00,5.34716748e-07,1.32654378e-06,1.99826135e-06
0.00000000e+00,2.40335188e-07,7.37780664e-07,1.11511667e-06
0.00000000e+00,5.88726316e-07,1.39171120e-06,2.09460487e-06
0.00000000e+00,5.75602937e-07,1.40831616e-06,2.12091991e-06
0.00000000e+00,5.56491252e-07,1.37009279e-06,2.06358486e-06
0.00000000e+00,2.58228595e-07,7.73567478e-07,1.16879689e-06
0.00000000e+00,6.34101219e-07,1.48246101e-06,2.23072958e-06
0.00000000e+00,6.42832402e-07,1.54277509e-06,2.32260831e-06
0.00000000e+00,6.04938750e-07,1.46698779e-06,2.20892735e-06
0.00000000e+00,2.95676851e-07,8.48463990e-07,1.28114166e-06
0.00000000e+00,7.14361100e-07,1.64298077e-06,2.47150922e-06
0.00000000e+00,1.09196868e-06,2.44104765e-06,3.67001716e-06
0.00000000e+00,1.07863973e-06,2.41438975e-06,3.63003030e-06
0.00000000e+00,8.29109016e-07,1.91532832e-06,2.88143815e-06
0.00000000e+00,1.16398079e-06,2.54222015e-06,3.82036828e-06
0.00000000e+00,1.14343740e-06,2.54398508e-06,3.82442330e-06
0.00000000e+00,1.11307009e-06,2.48325047e-06,3.73332139e-06
0.00000000e+00,8.76490940e-07,2.01009217e-06,3.02358393e-06
0.00000000e+00,1.23202056e-06,2.67829970e-06,4.02448761e-06
0.00000000e+00,1.22196104e-06,2.70103236e-06,4.05999421e-06
0.00000000e+00,1.17975841e-06,2.61662712e-06,3.93338635e-06
0.00000000e+00,9.47082996e-07,2.15127628e-06,3.23536009e-06
0.00000000e+00,1.34455051e-06,2.90335958e-06,4.36207744e-06
0.00000000e+00,1.52923550e-06,3.31558129e-06,4.98181761e-06
0.00000000e+00,1.51733778e-06,3.29178586e-06,4.94612446e-06
0.00000000e+00,1.32601437e-06,2.90913903e-06,4.37215422e-06
0.00000000e+00,1.61684306e-06,3.44794470e-06,5.17895511e-06
0.00000000e+00,1.57249512e-06,3.40210053e-06,5.11159648e-06
0.00000000e+00,1.54781937e-06,3.35274904e-06,5.03756923e-06
0.00000000e+00,1.37633002e-06,3.00977032e-06,4.52310115e-06
0.00000000e+00,1.67723191e-06,3.56872238e-06,5.36012164e-06
0.00000000e+00,1.62960966e-06,3.51632960e-06,5.28294007e-06
0.00000000e+00,1.60105275e-06,3.45921578e-06,5.19726934e-06
0.00000000e+00,1.44875288e-06,3.15461605e-06,4.74036975e-06
0.00000000e+00,1.76382974e-06,3.74191805e-06,5.61991514e-06
0.00000000e+00,-1.01815706e-06,-2.12201757e-06,-3.18584155e-06
0.00000000e+00,2.39047597e-08,-3.78939279e-08,-5.96560945e-08
0.00000000e+00,-7.51843845e-07,-1.58939114e-06,-2.38690191e-06
0.00000000e+00,2.39046892e-08,-3.78940693e-08,-5.96563073e-08
0.00000000e+00,-9.04550936e-07,-1.85195360e-06,-2.77933800e-06
0.00000000e+00,1.19525812e-08,-1.89465679e-08,-2.98274445e-08
0.00000000e+00,-4.48236752e-07,-9.82176952e-07,-1.47608063e-06
0.00000000e+00,-8.79337232e-07,-1.84437791e-06,-2.76938207e-06
0.00000000e+00,2.39047052e-08,-3.78940371e-08,-5.96562587e-08
0.00000000e+00,-8.20563397e-07,-1.68397852e-06,-2.52737538e-06
0.00000000e+00,1.19525640e-08,-1.89466026e-08,-2.98274973e-08
0.00000000e+00,-3.94786489e-07,-8.75276426e-07,-1.31572984e-06
0.00000000e+00,-7.06006705e-07,-1.49771686e-06,-2.24939049e-06
0.00000000e+00,2.39047611e-08,-3.78939257e-08,-5.96560927e-08
0.00000000e+00,-7.19804141e-07,-1.52531173e-06,-2.29078280e-06
0.00000000e+00,2.39047230e-08,-3.78940017e-08,-5.96562064e-08
0.00000000e+00,-7.20770855e-07,-1.48439344e-06,-2.22799775e-06
0.00000000e+00,1.19526330e-08,-1.89464649e-08,-2.98272915e-08
0.00000000e+00,-3.40770889e-07,-7.67245226e-07,-1.15368304e-06
0.00000000e+00,-6.74304456e-07,-1.43431236e-06,-2.15428374e-06
0.00000000e+00,2.39048276e-08,-3.78937931e-08,-5.96558945e-08
0.00000000e+00,-6.84408218e-07,-1.45451988e-06,-2.18459503e-06
0.00000000e+00,2.39047927e-08,-3.78938626e-08,-5.96559984e-08
0.00000000e+00,-7.00599059e-07,-1.44404985e-06,-2.16748237e-06
0.00000000e+00,1.19527075e-08,-1.89463161e-08,-2.98270690e-08
0.00000000e+00,-3.33181969e-07,-7.52067386e-07,-1.13091628e-06
0.00000000e+00,-7.67955613e-07,-1.70731811e-06,-2.56660758e-06
0.00000000e+00,4.78090493e-08,-7.57887829e-08,-1.19313597e-07
0.00000000e+00,-6.89419659e-07,-1.55024620e-06,-2.33099972e-06
0.00000000e+00,4.78089483e-08,-7.57889852e-08,-1.19313901e-07
0.00000000e+00,-8.67212281e-07,-1.86297973e-06,-2.79869240e-06
0.00000000e+00,3.58567787e-08,-5.68416070e-08,-8.94852232e-08
0.00000000e+00,-3.80141615e-07,-9.31690111e-07,-1.40316559e-06
0.00000000e+00,-7.22920107e-07,-1.61724710e-06,-2.43150107e-06
0.00000000e+00,4.78089774e-08,-7.57889268e-08,-1.19313813e-07
0.00000000e+00,-7.37066113e-07,-1.60268739e-06,-2.40825390e-06
0.00000000e+00,3.58568436e-08,-5.68414776e-08,-8.94850297e-08
0.00000000e+00,-3.23117368e-07,-8.17641617e-07,-1.23209285e-06
0.00000000e+00,-6.31057742e-07,-1.43352237e-06,-2.15591397e-06
0.00000000e+00,4.78090081e-08,-7.57888657e-08,-1.19313723e-07
0.00000000e+00,-6.55332383e-07,-1.48207165e-06,-2.22873790e-06
0.00000000e+00,4.78089757e-08,-7.57889304e-08,-1.19313819e-07
0.00000000e+00,-6.67874158e-07,-1.46430348e-06,-2.20067804e-06
0.00000000e+00,3.58568808e-08,-5.68414033e-08,-8.94849192e-08
0.00000000e+00,-2.98495624e-07,-7.68398130e-07,-1.15822762e-06
0.00000000e+00,-6.13081441e-07,-1.39756976e-06,-2.10198507e-06
0.00000000e+00,4.78090670e-08,-7.57887483e-08,-1.19313547e-07
0.00000000e+00,-6.17466860e-07,-1.40634060e-06,-2.11514133e-06
0.00000000e+00,4.78090355e-08,-7.57888111e-08,-1.19313641e-07
0.00000000e+00,-6.48316432e-07,-1.42518803e-06,-2.14200486e-06
0.00000000e+00,3.58569482e-08,-5.68412687e-08,-8.94847181e-08
0.00000000e+00,-2.86454956e-07,-7.44316794e-07,-1.12210562e-06
0.00000000e+00,-6.42831088e-07,-1.54277249e-06,-2.32260438e-06
0.00000000e+00,7.17132265e-08,-1.13683862e-07,-1.78971436e-07
0.00000000e+00,-5.75601701e-07,-1.40831372e-06,-2.12091622e-06
0.00000000e+00,7.17132093e-08,-1.13683897e-07,-1.78971489e-07
0.00000000e+00,-7.14359745e-07,-1.64297809e-06,-2.47150517e-06
0.00000000e+00,5.97611220e-08,-9.47363545e-08,-1.49142565e-07
0.00000000e+00,-2.95675415e-07,-8.48461145e-07,-1.28113736e-06
0.00000000e+00,-6.04937470e-07,-1.46698526e-06,-2.20892353e-06
0.00000000e+00,7.17132109e-08,-1.13683894e-07,-1.78971484e-07
0.00000000e+00,-6.34099980e-07,-1.48245856e-06,-2.23072587e-06
0.00000000e+00,5.97610921e-08,-9.47364146e-08,-1.49142655e-07
0.00000000e+00,-2.58227324e-07,-7.73564964e-07,-1.16879309e-06
0.00000000e+00,-5.44257193e-07,-1.34562470e-06,-2.02688270e-06
0.00000000e+00,7.17132453e-08,-1.13683825e-07,-1.78971382e-07
0.00000000e+00,-5.56490048e-07,-1.37009041e-06,-2.06358126e-06
0.00000000e+00,7.17132221e-08,-1.13683872e-07,-1.78971451e-07
0.00000000e+00,-5.88725130e-07,-1.39170886e-06,-2.09460132e-06
0.00000000e+00,5.97611247e-08,-9.47363496e-08,-1.49142559e-07
0.00000000e+00,-2.40333986e-07,-7.37778288e-07,-1.11511308e-06
0.00000000e+00,-5.31400649e-07,-1.31991161e-06,-1.98831307e-06
0.00000000e+00,7.17133055e-08,-1.13683705e-07,-1.78971203e-07
0.00000000e+00,-5.34715584e-07,-1.32654148e-06,-1.99825787e-06
0.00000000e+00,7.17132733e-08,-1.13683769e-07,-1.78971299e-07
0.00000000e+00,-5.74369850e-07,-1.36299830e-06,-2.05153548e-06
0.00000000e+00,5.97611870e-08,-9.47362253e-08,-1.49142373e-07
0.00000000e+00,-2.34149533e-07,-7.25409382e-07,-1.09655972e-06
0.00000000e+00,-1.62995643e-06,-3.34561631e-06,-5.02123967e-06
0.00000000e+00,-1.44893003e-06,-2.98356351e-06,-4.47816047e-06
0.00000000e+00,-1.70044939e-06,-3.44375051e-06,-5.16703335e-06
0.00000000e+00,-1.33157587e-06,-2.74885518e-06,-4.12609797e-06
0.00000000e+00,-1.52619084e-06,-3.13808512e-06,-4.70994289e-06
0.00000000e+00,-1.48751151e-06,-3.01787475e-06,-4.52821972e-06
0.00000000e+00,-1.12984531e-06,-2.34539407e-06,-3.52090630e-06
0.00000000e+00,-1.33307507e-06,-2.75185360e-06,-4.13059560e-06
0.00000000e+00,-1.38137388e-06,-2.84845121e-06,-4.27549202e-06
0.00000000e+00,-1.36665459e-06,-2.77616092e-06,-4.16564897e-06
0.00000000e+00,-1.03320995e-06,-2.15212334e-06,-3.23100022e-06
0.00000000e+00,-1.29812566e-06,-2.68195476e-06,-4.02574735e-06
0.00000000e+00,-1.30627217e-06,-2.69824780e-06,-4.05018690e-06
0.00000000e+00,-1.32926027e-06,-2.70137227e-06,-4.05346601e-06
0.00000000e+00,-1.00078946e-06,-2.08728236e-06,-3.13373875e-06
0.00000000e+00,-1.45751380e-06,-3.08643448e-06,-4.63528214e-06
0.00000000e+00,-1.31516836e-06,-2.80174360e-06,-4.20824582e-06
0.00000000e+00,-1.55841719e-06,-3.24538955e-06,-4.87230714e-06
0.00000000e+00,-1.14924863e-06,-2.46990415e-06,-3.71048664e-06
0.00000000e+00,-1.37881572e-06,-2.92903832e-06,-4.39918791e-06
0.00000000e+00,-1.38670736e-06,-2.90196988e-06,-4.35717763e-06
0.00000000e+00,-1.01700100e-06,-2.20540888e-06,-3.31374375e-06
0.00000000e+00,-1.22929689e-06,-2.63000067e-06,-3.95063143e-06
0.00000000e+00,-1.26515377e-06,-2.70171441e-06,-4.05820204e-06
0.00000000e+00,-1.28790838e-06,-2.70437192e-06,-4.06078069e-06
0.00000000e+00,-9.45109204e-07,-2.06162529e-06,-3.09806836e-06
0.00000000e+00,-1.20281730e-06,-2.57704148e-06,-3.87119265e-06
0.00000000e+00,-1.20916226e-06,-2.58973140e-06,-3.89022752e-06
0.00000000e+00,-1.25495981e-06,-2.63847479e-06,-3.96193501e-06
0.00000000e+00,-9.19886184e-07,-2.01117925e-06,-3.02239930e-06
0.00000000e+00,-1.22195995e-06,-2.70103021e-06,-4.05999096e-06
0.00000000e+00,-1.14343628e-06,-2.54398287e-06,-3.82441995e-06
0.00000000e+00,-1.34454945e-06,-2.90335749e-06,-4.36207427e-06
0.00000000e+00,-9.47081804e-07,-2.15127392e-06,-3.23535653e-06
0.00000000e+00,-1.17975731e-06,-2.61662493e-06,-3.93338304e-06
0.00000000e+00,-1.23201943e-06,-2.67829746e-06,-4.02448423e-06
0.00000000e+00,-8.76489759e-07,-2.01008983e-06,-3.02358039e-06
0.00000000e+00,-1.09196755e-06,-2.44104542e-06,-3.67001377e-06
0.00000000e+00,-1.11306896e-06,-2.48324825e-06,-3.73331801e-06
0.00000000e+00,-1.16397965e-06,-2.54221790e-06,-3.82036489e-06
0.00000000e+00,-8.29107859e-07,-1.91532603e-06,-2.88143470e-06
0.00000000e+00,-1.07470025e-06,-2.40651082e-06,-3.61821187e-06
0.00000000e+00,-1.07863860e-06,-2.41438752e-06,-3.63002693e-06
0.00000000e+00,-1.14168977e-06,-2.49763814e-06,-3.75349525e-06
0.00000000e+00,-8.14298538e-07,-1.88570739e-06,-2.83700674e-06
0.00000000e+00,-2.10309064e-06,-4.29188472e-06,-6.44064228e-06
0.00000000e+00,-1.92537239e-06,-3.93644824e-06,-5.90748756e-06
0.00000000e+00,-2.15828607e-06,-4.35942388e-06,-6.54054341e-06
0.00000000e+00,-1.91015632e-06,-3.90601608e-06,-5.86183933e-06
0.00000000e+00,-2.00450085e-06,-4.09470515e-06,-6.14487293e-06
0.00000000e+00,-1.97174732e-06,-3.98634637e-06,-5.98092714e-06
0.00000000e+00,-1.70977825e-06,-3.50525994e-06,-5.26070512e-06
0.00000000e+00,-1.82016070e-06,-3.72602485e-06,-5.59185248e-06
0.00000000e+00,-1.86263380e-06,-3.81097105e-06,-5.71927178e-06
0.00000000e+00,-1.85829674e-06,-3.75944521e-06,-5.64057541e-06
0.00000000e+00,-1.59653110e-06,-3.27876565e-06,-4.92096367e-06
0.00000000e+00,-1.78635052e-06,-3.65840449e-06,-5.49042194e-06
0.00000000e+00,-1.79386822e-06,-3.67343989e-06,-5.51297504e-06
0.00000000e+00,-1.82215031e-06,-3.68715235e-06,-5.53213611e-06
0.00000000e+00,-1.56089531e-06,-3.20749408e-06,-4.81405632e-06
0.00000000e+00,-1.89395383e-06,-3.95931453e-06,-5.94460222e-06
0.00000000e+00,-1.77428396e-06,-3.71997481e-06,-5.58559263e-06
0.00000000e+00,-2.00656361e-06,-4.14168238e-06,-6.21674639e-06
0.00000000e+00,-1.70823147e-06,-3.58786982e-06,-5.38743515e-06
0.00000000e+00,-1.82889022e-06,-3.82918732e-06,-5.74941141e-06
0.00000000e+00,-1.85800641e-06,-3.84456799e-06,-5.77107480e-06
0.00000000e+00,-1.56603190e-06,-3.30347068e-06,-4.96083645e-06
0.00000000e+00,-1.69744764e-06,-3.56630217e-06,-5.35508367e-06
0.00000000e+00,-1.72942879e-06,-3.63026446e-06,-5.45102711e-06
0.00000000e+00,-1.76539481e-06,-3.65934479e-06,-5.49324000e-06
0.00000000e+00,-1.48162831e-06,-3.13466350e-06,-4.70762568e-06
0.00000000e+00,-1.67130253e-06,-3.51401194e-06,-5.27664833e-06
0.00000000e+00,-1.67744190e-06,-3.52629069e-06,-5.29506646e-06
0.00000000e+00,-1.73489967e-06,-3.59835451e-06,-5.40175458e-06
0.00000000e+00,-1.45351914e-06,-3.07844517e-06,-4.62329818e-06
0.00000000e+00,-1.62960870e-06,-3.51632772e-06,-5.28293723e-06
0.00000000e+00,-1.57249407e-06,-3.40209846e-06,-5.11159334e-06
0.00000000e+00,-1.76382878e-06,-3.74191616e-06,-5.61991228e-06
0.00000000e+00,-1.44875189e-06,-3.15461410e-06,-4.74036680e-06
0.00000000e+00,-1.60105174e-06,-3.45921379e-06,-5.19726632e-06
0.00000000e+00,-1.67723085e-06,-3.56872029e-06,-5.36011847e-06
0.00000000e+00,-1.37632894e-06,-3.00976819e-06,-4.52309793e-06
0.00000000e+00,-1.52923441e-06,-3.31557914e-06,-4.98181436e-06
0.00000000e+00,-1.54781830e-06,-3.35274691e-06,-5.03756602e-06
0.00000000e+00,-1.61684197e-06,-3.44794253e-06,-5.17895183e-06
0.00000000e+00,-1.32601326e-06,-2.90913685e-06,-4.37215091e-06
0.00000000e+00,-1.51346849e-06,-3.28404729e-06,-4.93451658e-06
0.00000000e+00,-1.51733669e-06,-3.29178369e-06,-4.94612117e-06
0.00000000e+00,-1.59594945e-06,-3.40615750e-06,-5.11627428e-06
0.00000000e+00,-1.30855250e-06,-2.87421532e-06,-4.31976862e-06
0.00000000e+00,1.67776556e-06,3.26982767e-06,4.90192630e-06
0.00000000e+00,2.15089972e-06,4.21609599e-06,6.32132878e-06
0.00000000e+00,1.49673936e-06,2.90777527e-06,4.35884770e-06
0.00000000e+00,1.97318167e-06,3.86065990e-06,5.78817465e-06
0.00000000e+00,1.72435431e-06,3.40585689e-06,5.10737774e-06
0.00000000e+00,2.18219097e-06,4.32153021e-06,6.48088772e-06
0.00000000e+00,1.95796540e-06,3.83022736e-06,5.74252583e-06
0.00000000e+00,1.57400005e-06,3.06229666e-06,4.59062979e-06
0.00000000e+00,2.05231003e-06,4.01891661e-06,6.02555971e-06
0.00000000e+00,1.51141660e-06,2.97998146e-06,4.46856460e-06
0.00000000e+00,1.99565238e-06,3.94845303e-06,5.92127196e-06
0.00000000e+00,1.75758755e-06,3.42947165e-06,5.14139227e-06
0.00000000e+00,1.38088454e-06,2.67606564e-06,4.01128325e-06
0.00000000e+00,1.86797015e-06,3.65023685e-06,5.47254007e-06
0.00000000e+00,1.42918328e-06,2.77266311e-06,4.15617947e-06
0.00000000e+00,1.91044317e-06,3.73518290e-06,5.59995914e-06
0.00000000e+00,1.39055983e-06,2.73826792e-06,4.10599429e-06
0.00000000e+00,1.88220196e-06,3.72155218e-06,5.58092068e-06
0.00000000e+00,1.64434055e-06,3.20297766e-06,4.80165128e-06
0.00000000e+00,1.34593528e-06,2.60616711e-06,3.90643547e-06
0.00000000e+00,1.83416011e-06,3.58261678e-06,5.37110996e-06
0.00000000e+00,1.35408172e-06,2.62245999e-06,3.93087479e-06
0.00000000e+00,1.84167774e-06,3.59765203e-06,5.39366285e-06
0.00000000e+00,1.35316566e-06,2.66347958e-06,3.99381178e-06
0.00000000e+00,1.84605567e-06,3.64925960e-06,5.47248181e-06
0.00000000e+00,1.60870492e-06,3.13170640e-06,4.69474439e-06
0.00000000e+00,1.55313132e-06,2.93485575e-06,4.39665320e-06
0.00000000e+00,1.98957131e-06,3.80773575e-06,5.70597320e-06
0.00000000e+00,1.41078615e-06,2.65016542e-06,3.96961771e-06
0.00000000e+00,1.86990169e-06,3.56839649e-06,5.34696431e-06
0.00000000e+00,1.63013059e-06,3.13170601e-06,4.69333620e-06
0.00000000e+00,2.07827686e-06,4.02799855e-06,6.03777501e-06
0.00000000e+00,1.80384895e-06,3.43629101e-06,5.14880610e-06
0.00000000e+00,1.47443339e-06,2.77745991e-06,4.16055944e-06
0.00000000e+00,1.92450784e-06,3.67760880e-06,5.51078278e-06
0.00000000e+00,1.45842091e-06,2.78828665e-06,4.17820717e-06
0.00000000e+00,1.92971991e-06,3.73088465e-06,5.59210417e-06
0.00000000e+00,1.66164965e-06,3.15189242e-06,4.72220820e-06
0.00000000e+00,1.32491483e-06,2.47842278e-06,3.71200375e-06
0.00000000e+00,1.79306555e-06,3.41472421e-06,5.11645589e-06
0.00000000e+00,1.36077163e-06,2.55013638e-06,3.81957415e-06
0.00000000e+00,1.82504661e-06,3.47868634e-06,5.21239908e-06
0.00000000e+00,1.35962208e-06,2.59068900e-06,3.88181069e-06
0.00000000e+00,1.83710849e-06,3.54566181e-06,5.31426990e-06
0.00000000e+00,1.57724623e-06,2.98308558e-06,4.46899794e-06
0.00000000e+00,1.29843540e-06,2.42546391e-06,3.63256545e-06
0.00000000e+00,1.76692059e-06,3.36243429e-06,5.03802101e-06
0.00000000e+00,1.30478028e-06,2.43815367e-06,3.65160008e-06
0.00000000e+00,1.77305989e-06,3.37471289e-06,5.05643891e-06
0.00000000e+00,1.32667367e-06,2.52479218e-06,3.78296545e-06
0.00000000e+00,1.80661351e-06,3.48467186e-06,5.22278498e-06
0.00000000e+00,1.54913722e-06,2.92686756e-06,4.38467091e-06
0.00000000e+00,1.36538601e-06,2.47366171e-06,3.70204692e-06
0.00000000e+00,1.77303464e-06,3.28895897e-06,4.92499281e-06
0.00000000e+00,1.28686253e-06,2.31661473e-06,3.46647646e-06
0.00000000e+00,1.71592026e-06,3.17473020e-06,4.75364965e-06
0.00000000e+00,1.46407124e-06,2.71388388e-06,4.06378778e-06
0.00000000e+00,1.88335049e-06,3.55244237e-06,5.32162553e-06
0.00000000e+00,1.59217786e-06,2.92724541e-06,4.38242248e-06
0.00000000e+00,1.32318347e-06,2.38925662e-06,3.57543928e-06
0.00000000e+00,1.74447780e-06,3.23184529e-06,4.83932230e-06
0.00000000e+00,1.35154145e-06,2.48882430e-06,3.72619841e-06
0.00000000e+00,1.79675280e-06,3.37924700e-06,5.06183247e-06
0.00000000e+00,1.51975515e-06,2.78239998e-06,4.16515432e-06
0.00000000e+00,1.23539397e-06,2.21367762e-06,3.31207079e-06
0.00000000e+00,1.67266079e-06,3.08821126e-06,4.62387124e-06
0.00000000e+00,1.25649530e-06,2.25588028e-06,3.37537478e-06
0.00000000e+00,1.69124458e-06,3.12537885e-06,4.67962263e-06
0.00000000e+00,1.28350183e-06,2.35274506e-06,3.52207956e-06
0.00000000e+00,1.73636411e-06,3.25846962e-06,4.88066639e-06
0.00000000e+00,1.46943966e-06,2.68176899e-06,4.01420785e-06
0.00000000e+00,1.21812682e-06,2.17914332e-06,3.26026934e-06
0.00000000e+00,1.65689503e-06,3.05667974e-06,4.57657397e-06
0.00000000e+00,1.22206510e-06,2.18701988e-06,3.27208417e-06
0.00000000e+00,1.66076314e-06,3.06441597e-06,4.58817831e-06
0.00000000e+00,1.26121210e-06,2.30816561e-06,3.45521038e-06
0.00000000e+00,1.71547175e-06,3.21668490e-06,4.81798932e-06
0.00000000e+00,1.45197905e-06,2.64684779e-06,3.96182604e-06
0.00000000e+00,1.06596630e-06,2.04622915e-06,3.06652852e-06
0.00000000e+00,7.99653223e-07,1.51360300e-06,2.26758929e-06
0.00000000e+00,9.28455888e-07,1.81406005e-06,2.71968248e-06
0.00000000e+00,1.37938514e-06,2.67306684e-06,4.00678505e-06
0.00000000e+00,9.27146556e-07,1.76858966e-06,2.65006929e-06
0.00000000e+00,8.44468520e-07,1.64608531e-06,2.46772037e-06
0.00000000e+00,1.17765464e-06,2.26960583e-06,3.40159355e-06
0.00000000e+00,7.53816207e-07,1.42192897e-06,2.13007825e-06
0.00000000e+00,7.67613578e-07,1.44952371e-06,2.17147036e-06
0.00000000e+00,7.44676110e-07,1.44650049e-06,2.16834314e-06
0.00000000e+00,1.08101944e-06,2.07633543e-06,3.11168794e-06
0.00000000e+00,7.22114101e-07,1.35852475e-06,2.03497193e-06
0.00000000e+00,7.32217789e-07,1.37873213e-06,2.06528299e-06
0.00000000e+00,7.24504465e-07,1.40615720e-06,2.10782820e-06
0.00000000e+00,1.04859909e-06,2.01149474e-06,3.01442690e-06
0.00000000e+00,8.63573453e-07,1.55574002e-06,2.32797961e-06
0.00000000e+00,7.85037541e-07,1.39866820e-06,2.09237188e-06
0.00000000e+00,9.38925843e-07,1.74929652e-06,2.61972197e-06
0.00000000e+00,1.24486636e-06,2.31832583e-06,3.47185833e-06
0.00000000e+00,8.18537956e-07,1.46566903e-06,2.19287312e-06
0.00000000e+00,8.08779740e-07,1.48900432e-06,2.22928366e-06
0.00000000e+00,1.11261883e-06,2.05383078e-06,3.07511574e-06
0.00000000e+00,7.26675730e-07,1.28194458e-06,1.91728644e-06
0.00000000e+00,7.50950313e-07,1.33049374e-06,1.99011019e-06
0.00000000e+00,7.39587906e-07,1.35062065e-06,2.02170816e-06
0.00000000e+00,1.04072717e-06,1.91004746e-06,2.85944076e-06
0.00000000e+00,7.08699564e-07,1.24599225e-06,1.86335794e-06
0.00000000e+00,7.13084913e-07,1.25476294e-06,1.87651399e-06
0.00000000e+00,7.20030316e-07,1.31150547e-06,1.96303539e-06
0.00000000e+00,1.01550430e-06,1.85960171e-06,2.78377214e-06
0.00000000e+00,7.86257371e-07,1.31540443e-06,1.96466100e-06
0.00000000e+00,7.19028061e-07,1.18094581e-06,1.76297307e-06
0.00000000e+00,8.33881821e-07,1.45350504e-06,2.17321953e-06
0.00000000e+00,1.09050797e-06,1.92390562e-06,2.87741278e-06
0.00000000e+00,7.48363796e-07,1.23961728e-06,1.85098027e-06
0.00000000e+00,7.53622101e-07,1.29298560e-06,1.93244037e-06
0.00000000e+00,1.01991607e-06,1.78272182e-06,2.66563708e-06
0.00000000e+00,6.87683660e-07,1.11825700e-06,1.66893986e-06
0.00000000e+00,6.99916457e-07,1.14272260e-06,1.70563825e-06
0.00000000e+00,7.08247360e-07,1.20223612e-06,1.79631615e-06
0.00000000e+00,9.72534301e-07,1.68795829e-06,2.52349178e-06
0.00000000e+00,6.74827247e-07,1.09254418e-06,1.63037062e-06
0.00000000e+00,6.78142114e-07,1.09917391e-06,1.64031522e-06
0.00000000e+00,6.93892211e-07,1.17352582e-06,1.75325070e-06
0.00000000e+00,9.57725124e-07,1.65833993e-06,2.47906425e-06
0.00000000e+00,4.96046090e-07,9.06388734e-07,1.35676790e-06
0.00000000e+00,4.42595890e-07,7.99488333e-07,1.19641730e-06
0.00000000e+00,3.88580401e-07,6.91457354e-07,1.03437083e-06
0.00000000e+00,3.80991622e-07,6.76279796e-07,1.01160449e-06
0.00000000e+00,4.75759573e-07,7.80112266e-07,1.16453798e-06
0.00000000e+00,4.18735277e-07,6.66063672e-07,9.93465084e-07
0.00000000e+00,3.94113629e-07,6.16820377e-07,9.19600141e-07
0.00000000e+00,3.82073087e-07,5.92739293e-07,8.83478514e-07
0.00000000e+00,4.39101820e-07,6.21093324e-07,9.23194343e-07
0.00000000e+00,4.01653721e-07,5.46197125e-07,8.10850044e-07
0.00000000e+00,3.83760472e-07,5.10410628e-07,7.57170297e-07
0.00000000e+00,3.77576140e-07,4.98041964e-07,7.38617300e-07
0.00000000e+00,-1.33307495e-06,-2.75185334e-06,-4.13059522e-06
0.00000000e+00,-1.82016058e-06,-3.72602461e-06,-5.59185212e-06
0.00000000e+00,-1.30627211e-06,-2.69824767e-06,-4.05018671e-06
0.00000000e+00,-1.79386816e-06,-3.67343977e-06,-5.51297486e-06
0.00000000e+00,-1.59653097e-06,-3.27876540e-06,-4.92096330e-06
0.00000000e+00,-1.85829661e-06,-3.75944496e-06,-5.64057503e-06
0.00000000e+00,-1.36665447e-06,-2.77616066e-06,-4.16564859e-06
0.00000000e+00,-1.44892979e-06,-2.98356302e-06,-4.47815974e-06
0.00000000e+00,-1.92537213e-06,-3.93644772e-06,-5.90748678e-06
0.00000000e+00,-1.38137370e-06,-2.84845084e-06,-4.27549146e-06
0.00000000e+00,-1.86263361e-06,-3.81097067e-06,-5.71927121e-06
0.00000000e+00,-1.70977800e-06,-3.50525945e-06,-5.26070438e-06
0.00000000e+00,-1.97174707e-06,-3.98634587e-06,-5.98092641e-06
0.00000000e+00,-1.48751126e-06,-3.01787425e-06,-4.52821898e-06
0.00000000e+00,-1.62995608e-06,-3.34561560e-06,-5.02123861e-06
0.00000000e+00,-2.10309025e-06,-4.29188396e-06,-6.44064114e-06
0.00000000e+00,-1.52619053e-06,-3.13808451e-06,-4.70994198e-06
0.00000000e+00,-2.00450053e-06,-4.09470451e-06,-6.14487197e-06
0.00000000e+00,-1.91015593e-06,-3.90601532e-06,-5.86183818e-06
0.00000000e+00,-2.15828572e-06,-4.35942316e-06,-6.54054234e-06
0.00000000e+00,-1.70044903e-06,-3.44374980e-06,-5.16703230e-06
0.00000000e+00,-7.06006569e-07,-1.49771659e-06,-2.24939009e-06
0.00000000e+00,-6.84408149e-07,-1.45451975e-06,-2.18459483e-06
0.00000000e+00,-1.03320982e-06,-2.15212309e-06,-3.23099984e-06
0.00000000e+00,-7.20770713e-07,-1.48439316e-06,-2.22799733e-06
0.00000000e+00,-7.51843593e-07,-1.58939063e-06,-2.38690116e-06
0.00000000e+00,-7.19803944e-07,-1.52531134e-06,-2.29078221e-06
0.00000000e+00,-1.12984505e-06,-2.34539355e-06,-3.52090553e-06
0.00000000e+00,-8.20563121e-07,-1.68397797e-06,-2.52737456e-06
0.00000000e+00,-1.01815664e-06,-2.12201672e-06,-3.18584029e-06
0.00000000e+00,-8.79336908e-07,-1.84437727e-06,-2.76938111e-06
0.00000000e+00,-1.33157552e-06,-2.74885449e-06,-4.12609694e-06
0.00000000e+00,-9.04550490e-07,-1.85195271e-06,-2.77933666e-06
0.00000000e+00,2.39049077e-08,-3.78936330e-08,-5.96556553e-08
0.00000000e+00,2.39048665e-08,-3.78937153e-08,-5.96557783e-08
0.00000000e+00,-3.40770748e-07,-7.67244945e-07,-1.15368262e-06
0.00000000e+00,1.19527915e-08,-1.89461483e-08,-2.98268182e-08
0.00000000e+00,2.39049989e-08,-3.78934508e-08,-5.96553827e-08
0.00000000e+00,2.39049519e-08,-3.78935446e-08,-5.96555231e-08
0.00000000e+00,-3.94786210e-07,-8.75275869e-07,-1.31572901e-06
0.00000000e+00,1.19528845e-08,-1.89459625e-08,-2.98265403e-08
0.00000000e+00,2.39050936e-08,-3.78932618e-08,-5.96551000e-08
0.00000000e+00,2.39050452e-08,-3.78933584e-08,-5.96552445e-08
0.00000000e+00,-4.48236383e-07,-9.82176216e-07,-1.47607953e-06
0.00000000e+00,1.19529995e-08,-1.89457328e-08,-2.98261966e-08
0.00000000e+00,-1.22929677e-06,-2.63000041e-06,-3.95063105e-06
0.00000000e+00,-1.69744751e-06,-3.56630191e-06,-5.35508329e-06
0.00000000e+00,-1.20916219e-06,-2.58973127e-06,-3.89022733e-06
0.00000000e+00,-1.67744184e-06,-3.52629055e-06,-5.29506626e-06
0.00000000e+00,-1.48162818e-06,-3.13466325e-06,-4.70762530e-06
0.00000000e+00,-1.76539467e-06,-3.65934451e-06,-5.49323959e-06
0.00000000e+00,-1.28790825e-06,-2.70437167e-06,-4.06078032e-06
0.00000000e+00,-1.31516811e-06,-2.80174310e-06,-4.20824508e-06
0.00000000e+00,-1.77428368e-06,-3.71997424e-06,-5.58559179e-06
0.00000000e+00,-1.26515358e-06,-2.70171403e-06,-4.05820148e-06
0.00000000e+00,-1.72942859e-06,-3.63026406e-06,-5.45102651e-06
0.00000000e+00,-1.56603164e-06,-3.30347015e-06,-4.96083566e-06
0.00000000e+00,-1.85800616e-06,-3.84456748e-06,-5.77107403e-06
0.00000000e+00,-1.38670711e-06,-2.90196939e-06,-4.35717691e-06
0.00000000e+00,-1.45751342e-06,-3.08643373e-06,-4.63528102e-06
0.00000000e+00,-1.89395340e-06,-3.95931367e-06,-5.94460094e-06
0.00000000e+00,-1.37881541e-06,-2.92903771e-06,-4.39918699e-06
0.00000000e+00,-1.82888986e-06,-3.82918661e-06,-5.74941034e-06
0.00000000e+00,-1.70823106e-06,-3.58786901e-06,-5.38743394e-06
0.00000000e+00,-2.00656320e-06,-4.14168158e-06,-6.21674518e-06
0.00000000e+00,-1.55841681e-06,-3.24538879e-06,-4.87230600e-06
0.00000000e+00,-6.31057614e-07,-1.43352211e-06,-2.15591359e-06
0.00000000e+00,-6.17466795e-07,-1.40634047e-06,-2.11514114e-06
0.00000000e+00,-9.45109079e-07,-2.06162504e-06,-3.09806799e-06
0.00000000e+00,-6.67874030e-07,-1.46430323e-06,-2.20067766e-06
0.00000000e+00,-6.89419429e-07,-1.55024574e-06,-2.33099904e-06
0.00000000e+00,-6.55332201e-07,-1.48207129e-06,-2.22873735e-06
0.00000000e+00,-1.01700076e-06,-2.20540840e-06,-3.31374303e-06
0.00000000e+00,-7.37065858e-07,-1.60268688e-06,-2.40825314e-06
0.00000000e+00,-7.67955246e-07,-1.70731737e-06,-2.56660649e-06
0.00000000e+00,-7.22919806e-07,-1.61724649e-06,-2.43150017e-06
0.00000000e+00,-1.14924828e-06,-2.46990344e-06,-3.71048558e-06
0.00000000e+00,-8.67211963e-07,-1.86297909e-06,-2.79869146e-06
0.00000000e+00,4.78091423e-08,-7.57885978e-08,-1.19313323e-07
0.00000000e+00,4.78091035e-08,-7.57886753e-08,-1.19313438e-07
0.00000000e+00,-2.98495495e-07,-7.68397873e-07,-1.15822724e-06
0.00000000e+00,3.58570250e-08,-5.68411155e-08,-8.94844891e-08
0.00000000e+00,4.78092241e-08,-7.57884344e-08,-1.19313078e-07
0.00000000e+00,4.78091824e-08,-7.57885179e-08,-1.19313203e-07
0.00000000e+00,-3.23117118e-07,-8.17641118e-07,-1.23209210e-06
0.00000000e+00,3.58571103e-08,-5.68409450e-08,-8.94842341e-08
0.00000000e+00,4.78093129e-08,-7.57882571e-08,-1.19312813e-07
0.00000000e+00,4.78092677e-08,-7.57883473e-08,-1.19312948e-07
0.00000000e+00,-3.80141315e-07,-9.31689514e-07,-1.40316470e-06
0.00000000e+00,3.58572038e-08,-5.68407582e-08,-8.94839548e-08
0.00000000e+00,-1.09196742e-06,-2.44104516e-06,-3.67001339e-06
0.00000000e+00,-1.52923427e-06,-3.31557886e-06,-4.98181394e-06
0.00000000e+00,-1.07863854e-06,-2.41438739e-06,-3.63002673e-06
0.00000000e+00,-1.51733662e-06,-3.29178355e-06,-4.94612097e-06
0.00000000e+00,-1.32601313e-06,-2.90913657e-06,-4.37215051e-06
0.00000000e+00,-1.61684183e-06,-3.44794225e-06,-5.17895141e-06
0.00000000e+00,-1.16397952e-06,-2.54221765e-06,-3.82036451e-06
0.00000000e+00,-1.14343601e-06,-2.54398235e-06,-3.82441917e-06
0.00000000e+00,-1.57249378e-06,-3.40209787e-06,-5.11159246e-06
0.00000000e+00,-1.11306877e-06,-2.48324785e-06,-3.73331743e-06
0.00000000e+00,-1.54781808e-06,-3.35274648e-06,-5.03756537e-06
0.00000000e+00,-1.37632866e-06,-3.00976763e-06,-4.52309710e-06
0.00000000e+00,-1.67723056e-06,-3.56871971e-06,-5.36011761e-06
0.00000000e+00,-1.23201918e-06,-2.67829695e-06,-4.02448347e-06
0.00000000e+00,-1.22195955e-06,-2.70102942e-06,-4.05998977e-06
0.00000000e+00,-1.62960824e-06,-3.51632679e-06,-5.28293584e-06
0.00000000e+00,-1.17975698e-06,-2.61662427e-06,-3.93338206e-06
0.00000000e+00,-1.60105136e-06,-3.45921304e-06,-5.19726521e-06
0.00000000e+00,-1.44875145e-06,-3.15461323e-06,-4.74036549e-06
0.00000000e+00,-1.76382834e-06,-3.74191527e-06,-5.61991095e-06
0.00000000e+00,-1.34454906e-06,-2.90335671e-06,-4.36207311e-06
0.00000000e+00,-5.44257069e-07,-1.34562445e-06,-2.02688233e-06
0.00000000e+00,-5.34715521e-07,-1.32654136e-06,-1.99825768e-06
0.00000000e+00,-8.29107733e-07,-1.91532578e-06,-2.88143432e-06
0.00000000e+00,-5.88725007e-07,-1.39170861e-06,-2.09460095e-06
0.00000000e+00,-5.75601465e-07,-1.40831325e-06,-2.12091552e-06
0.00000000e+00,-5.56489866e-07,-1.37009005e-06,-2.06358072e-06
0.00000000e+00,-8.76489514e-07,-2.01008934e-06,-3.02357966e-06
0.00000000e+00,-6.34099743e-07,-1.48245809e-06,-2.23072517e-06
0.00000000e+00,-6.42830762e-07,-1.54277184e-06,-2.32260341e-06
0.00000000e+00,-6.04937186e-07,-1.46698469e-06,-2.20892268e-06
0.00000000e+00,-9.47081441e-07,-2.15127320e-06,-3.23535545e-06
0.00000000e+00,-7.14359418e-07,-1.64297744e-06,-2.47150419e-06
0.00000000e+00,7.17133772e-08,-1.13683562e-07,-1.78970989e-07
0.00000000e+00,7.17133403e-08,-1.13683636e-07,-1.78971099e-07
0.00000000e+00,-2.40333861e-07,-7.37778038e-07,-1.11511270e-06
0.00000000e+00,5.97612594e-08,-9.47360806e-08,-1.49142157e-07
0.00000000e+00,7.17134546e-08,-1.13683408e-07,-1.78970758e-07
0.00000000e+00,7.17134154e-08,-1.13683486e-07,-1.78970875e-07
0.00000000e+00,-2.58227087e-07,-7.73564492e-07,-1.16879238e-06
0.00000000e+00,5.97613394e-08,-9.47359210e-08,-1.49141918e-07
0.00000000e+00,7.17135358e-08,-1.13683245e-07,-1.78970516e-07
0.00000000e+00,7.17134951e-08,-1.13683327e-07,-1.78970637e-07
0.00000000e+00,-2.95675119e-07,-8.48460555e-07,-1.28113648e-06
0.00000000e+00,5.97614224e-08,-9.47357552e-08,-1.49141670e-07
0.00000000e+00,7.26675887e-07,1.28194489e-06,1.91728691e-06
0.00000000e+00,6.87683814e-07,1.11825731e-06,1.66894032e-06
0.00000000e+00,7.13084992e-07,1.25476310e-06,1.87651423e-06
0.00000000e+00,6.78142192e-07,1.09917407e-06,1.64031545e-06
0.00000000e+00,3.94113777e-07,6.16820671e-07,9.19600581e-07
0.00000000e+00,7.08247516e-07,1.20223643e-06,1.79631661e-06
0.00000000e+00,3.83760613e-07,5.10410909e-07,7.57170717e-07
0.00000000e+00,7.85037864e-07,1.39866885e-06,2.09237284e-06
0.00000000e+00,7.19028366e-07,1.18094642e-06,1.76297398e-06
0.00000000e+00,7.50950555e-07,1.33049423e-06,1.99011091e-06
0.00000000e+00,6.99916689e-07,1.14272306e-06,1.70563894e-06
0.00000000e+00,4.18735562e-07,6.66064241e-07,9.93465935e-07
0.00000000e+00,7.53622410e-07,1.29298622e-06,1.93244129e-06
0.00000000e+00,4.01653995e-07,5.46197673e-07,8.10850863e-07
0.00000000e+00,8.63573845e-07,1.55574081e-06,2.32798078e-06
0.00000000e+00,7.86257823e-07,1.31540533e-06,1.96466235e-06
0.00000000e+00,8.18538323e-07,1.46566976e-06,2.19287422e-06
0.00000000e+00,7.48364167e-07,1.23961802e-06,1.85098138e-06
0.00000000e+00,4.75759935e-07,7.80112986e-07,1.16453905e-06
0.00000000e+00,8.33882247e-07,1.45350589e-06,2.17322080e-06
0.00000000e+00,4.39102187e-07,6.21094056e-07,9.23195437e-07
0.00000000e+00,1.32491502e-06,2.47842315e-06,3.71200430e-06
0.00000000e+00,1.23539415e-06,2.21367798e-06,3.31207132e-06
0.00000000e+00,1.30478037e-06,2.43815385e-06,3.65160035e-06
0.00000000e+00,1.22206518e-06,2.18702005e-06,3.27208443e-06
0.00000000e+00,1.04072734e-06,1.91004780e-06,2.85944127e-06
0.00000000e+00,1.28350201e-06,2.35274542e-06,3.52208010e-06
0.00000000e+00,9.72534469e-07,1.68795862e-06,2.52349229e-06
0.00000000e+00,1.41078651e-06,2.65016614e-06,3.96961878e-06
0.00000000e+00,1.28686290e-06,2.31661547e-06,3.46647756e-06
0.00000000e+00,1.36077190e-06,2.55013692e-06,3.81957495e-06
0.00000000e+00,1.25649557e-06,2.25588083e-06,3.37537559e-06
0.00000000e+00,1.11261918e-06,2.05383147e-06,3.07511678e-06
0.00000000e+00,1.35154182e-06,2.48882504e-06,3.72619952e-06
0.00000000e+00,1.01991641e-06,1.78272250e-06,2.66563810e-06
0.00000000e+00,1.55313198e-06,2.93485708e-06,4.39665519e-06
0.00000000e+00,1.36538658e-06,2.47366285e-06,3.70204863e-06
0.00000000e+00,1.47443389e-06,2.77746090e-06,4.16056092e-06
0.00000000e+00,1.32318394e-06,2.38925756e-06,3.57544069e-06
0.00000000e+00,1.24486686e-06,2.31832683e-06,3.47185982e-06
0.00000000e+00,1.46407185e-06,2.71388511e-06,4.06378962e-06
0.00000000e+00,1.09050849e-06,1.92390666e-06,2.87741434e-06
0.00000000e+00,1.79306573e-06,3.41472458e-06,5.11645645e-06
0.00000000e+00,1.67266097e-06,3.08821163e-06,4.62387179e-06
0.00000000e+00,1.77305998e-06,3.37471307e-06,5.05643918e-06
0.00000000e+00,1.66076324e-06,3.06441616e-06,4.58817859e-06
0.00000000e+00,1.57724642e-06,2.98308595e-06,4.46899850e-06
0.00000000e+00,1.73636429e-06,3.25846998e-06,4.88066694e-06
0.00000000e+00,1.46943984e-06,2.68176936e-06,4.01420840e-06
0.00000000e+00,1.86990206e-06,3.56839724e-06,5.34696544e-06
0.00000000e+00,1.71592064e-06,3.17473096e-06,4.75365080e-06
0.00000000e+00,1.82504689e-06,3.47868689e-06,5.21239991e-06
0.00000000e+00,1.69124486e-06,3.12537941e-06,4.67962347e-06
0.00000000e+00,1.66165003e-06,3.15189317e-06,4.72220933e-06
0.00000000e+00,1.79675318e-06,3.37924776e-06,5.06183361e-06
0.00000000e+00,1.51975553e-06,2.78240074e-06,4.16515546e-06
0.00000000e+00,1.98957191e-06,3.80773694e-06,5.70597499e-06
0.00000000e+00,1.77303525e-06,3.28896019e-06,4.92499463e-06
0.00000000e+00,1.92450832e-06,3.67760975e-06,5.51078420e-06
0.00000000e+00,1.74447830e-06,3.23184628e-06,4.83932377e-06
0.00000000e+00,1.80384959e-06,3.43629230e-06,5.14880802e-06
0.00000000e+00,1.88335110e-06,3.55244360e-06,5.32162737e-06
0.00000000e+00,1.59217848e-06,2.92724664e-06,4.38242432e-06
0.00000000e+00,7.53816373e-07,1.42192930e-06,2.13007874e-06
0.00000000e+00,7.32217872e-07,1.37873230e-06,2.06528324e-06
0.00000000e+00,3.88580560e-07,6.91457672e-07,1.03437130e-06
0.00000000e+00,7.39588069e-07,1.35062097e-06,2.02170864e-06
0.00000000e+00,7.99653562e-07,1.51360368e-06,2.26759031e-06
0.00000000e+00,7.67613829e-07,1.44952421e-06,2.17147111e-06
0.00000000e+00,4.42596199e-07,7.99488950e-07,1.19641822e-06
0.00000000e+00,8.08780060e-07,1.48900496e-06,2.22928462e-06
0.00000000e+00,1.06596681e-06,2.04623016e-06,3.06653004e-06
0.00000000e+00,9.27146973e-07,1.76859050e-06,2.65007054e-06
0.00000000e+00,4.96046569e-07,9.06389689e-07,1.35676933e-06
0.00000000e+00,9.38926341e-07,1.74929752e-06,2.61972346e-06
0.00000000e+00,1.38088472e-06,2.67606599e-06,4.01128378e-06
0.00000000e+00,1.35408181e-06,2.62246017e-06,3.93087505e-06
0.00000000e+00,1.08101961e-06,2.07633577e-06,3.11168845e-06
0.00000000e+00,1.35962226e-06,2.59068936e-06,3.88181122e-06
0.00000000e+00,1.49673971e-06,2.90777597e-06,4.35884875e-06
0.00000000e+00,1.42918354e-06,2.77266364e-06,4.15618025e-06
0.00000000e+00,1.17765500e-06,2.26960655e-06,3.40159462e-06
0.00000000e+00,1.45842128e-06,2.78828739e-06,4.17820827e-06
0.00000000e+00,1.67776614e-06,3.26982883e-06,4.90192804e-06
0.00000000e+00,1.57400053e-06,3.06229761e-06,4.59063121e-06
0.00000000e+00,1.37938563e-06,2.67306781e-06,4.00678650e-06
0.00000000e+00,1.63013112e-06,3.13170708e-06,4.69333780e-06
0.00000000e+00,1.86797032e-06,3.65023720e-06,5.47254059e-06
0.00000000e+00,1.84167783e-06,3.59765221e-06,5.39366311e-06
0.00000000e+00,1.64434073e-06,3.20297801e-06,4.80165181e-06
0.00000000e+00,1.83710866e-06,3.54566216e-06,5.31427043e-06
0.00000000e+00,1.97318202e-06,3.86066060e-06,5.78817569e-06
0.00000000e+00,1.91044343e-06,3.73518341e-06,5.59995990e-06
0.00000000e+00,1.75758790e-06,3.42947236e-06,5.14139333e-06
0.00000000e+00,1.92972028e-06,3.73088539e-06,5.59210527e-06
0.00000000e+00,2.15090026e-06,4.21609707e-06,6.32133040e-06
0.00000000e+00,2.05231048e-06,4.01891751e-06,6.02556106e-06
0.00000000e+00,1.95796597e-06,3.83022850e-06,5.74252754e-06
0.00000000e+00,2.07827747e-06,4.02799977e-06,6.03777684e-06
0.00000000e+00,7.44676281e-07,1.44650083e-06,2.16834365e-06
0.00000000e+00,8.44468866e-07,1.64608600e-06,2.46772140e-06
0.00000000e+00,9.28456429e-07,1.81406113e-06,2.71968409e-06
0.00000000e+00,1.39056000e-06,2.73826827e-06,4.10599481e-06
0.00000000e+00,1.51141695e-06,2.97998216e-06,4.46856564e-06
0.00000000e+00,1.72435486e-06,3.40585798e-06,5.10737937e-06
0.00000000e+00,1.88220212e-06,3.72155251e-06,5.58092117e-06
0.00000000e+00,1.99565271e-06,3.94845369e-06,5.92127294e-06
0.00000000e+00,2.18219147e-06,4.32153120e-06,6.48088920e-06
0.00000000e+00,-1.84166745e-06,-3.46082233e-06,-5.18392431e-06
0.00000000e+00,-2.09739736e-06,-3.98555871e-06,-5.97146499e-06
0.00000000e+00,-1.77545904e-06,-3.24206429e-06,-4.85295107e-06
0.00000000e+00,-1.40307625e-06,-2.48038134e-06,-3.70987094e-06
0.00000000e+00,-1.73758910e-06,-3.27821849e-06,-4.91085791e-06
0.00000000e+00,-2.08501794e-06,-3.97971444e-06,-5.96331990e-06
0.00000000e+00,-1.79358342e-06,-3.30418479e-06,-4.94698167e-06
0.00000000e+00,-1.40973147e-06,-2.52802221e-06,-3.78245994e-06
0.00000000e+00,-2.00544843e-06,-3.79502256e-06,-5.68544271e-06
0.00000000e+00,-1.93694241e-06,-3.61483992e-06,-5.41375065e-06
0.00000000e+00,-1.61279363e-06,-2.90827478e-06,-4.35198895e-06
0.00000000e+00,-1.59983224e-06,-2.92552262e-06,-4.37927880e-06
0.00000000e+00,-1.61635231e-06,-2.95908634e-06,-4.42964158e-06
0.00000000e+00,-1.89276585e-06,-3.53846652e-06,-5.29958407e-06
0.00000000e+00,-1.65198004e-06,-2.94336277e-06,-4.40319910e-06
0.00000000e+00,-1.25095363e-06,-2.10747522e-06,-3.14825636e-06
0.00000000e+00,-1.79544135e-06,-3.34281727e-06,-5.00607734e-06
0.00000000e+00,-2.03248797e-06,-3.83682535e-06,-5.74774363e-06
0.00000000e+00,-1.72495734e-06,-3.11518912e-06,-4.66178847e-06
0.00000000e+00,-1.34766209e-06,-2.33522258e-06,-3.49100509e-06
0.00000000e+00,-1.76924200e-06,-3.27814227e-06,-4.90866159e-06
0.00000000e+00,-1.77770390e-06,-3.25157656e-06,-4.86738446e-06
0.00000000e+00,-1.47362221e-06,-2.56972974e-06,-3.84219385e-06
0.00000000e+00,-1.42724348e-06,-2.52046181e-06,-3.76972051e-06
0.00000000e+00,-1.04727401e-06,-1.76982401e-06,-2.64406934e-06
0.00000000e+00,-1.46230584e-06,-2.63971734e-06,-3.95021768e-06
0.00000000e+00,-1.47557084e-06,-2.53880086e-06,-3.79465655e-06
0.00000000e+00,-9.57154089e-07,-1.45121527e-06,-2.16161104e-06
0.00000000e+00,-1.30209703e-06,-2.30502291e-06,-3.44770707e-06
0.00000000e+00,-1.69989396e-06,-3.13380816e-06,-4.69197521e-06
0.00000000e+00,-1.55851810e-06,-2.73056713e-06,-4.08315580e-06
0.00000000e+00,-1.13234087e-06,-1.83591926e-06,-2.73979473e-06
0.00000000e+00,-1.26041791e-06,-2.21393097e-06,-3.31081511e-06
0.00000000e+00,-1.49964152e-06,-2.64882318e-06,-3.96172272e-06
0.00000000e+00,-1.22609823e-06,-2.01216648e-06,-3.00379543e-06
0.00000000e+00,-1.03409192e-06,-1.67120672e-06,-2.49377001e-06
0.00000000e+00,-1.21772017e-06,-2.20470796e-06,-3.29948274e-06
0.00000000e+00,-8.13717248e-07,-1.29122050e-06,-1.92578665e-06
0.00000000e+00,-1.06664411e-06,-1.93221861e-06,-2.89172308e-06
0.00000000e+00,-8.23637057e-07,-1.35061197e-06,-2.01617307e-06
0.00000000e+00,-1.56788694e-06,-2.90915141e-06,-4.35628291e-06
0.00000000e+00,-1.14535017e-06,-1.95970777e-06,-2.92868906e-06
0.00000000e+00,-9.85316506e-07,-1.68715983e-06,-2.52142809e-06
0.00000000e+00,-9.24508748e-07,-1.55895960e-06,-2.32891145e-06
0.00000000e+00,-8.15943757e-07,-1.21656981e-06,-1.81121219e-06
0.00000000e+00,-1.16728011e-06,-2.07416507e-06,-3.10269404e-06
0.00000000e+00,-8.10855587e-07,-1.24594533e-06,-1.85657467e-06
0.00000000e+00,-1.44288058e-06,-2.60392307e-06,-3.89662667e-06
0.00000000e+00,-1.01183764e-06,-1.61880042e-06,-2.41490112e-06
0.00000000e+00,-8.02532585e-07,-1.25237737e-06,-1.86698082e-06
0.00000000e+00,-1.94564909e-07,-3.97463939e-08,-4.81428966e-08
0.00000000e+00,-5.79079928e-07,-6.63738450e-07,-9.79366715e-07
0.00000000e+00,-8.20426935e-07,-1.32113321e-06,-1.97119749e-06
0.00000000e+00,-6.34031094e-07,-8.13192635e-07,-1.20484721e-06
0.00000000e+00,-5.24191240e-07,-7.08953803e-07,-1.05228101e-06
0.00000000e+00,-8.24683867e-07,-1.16808059e-06,-1.73631137e-06
0.00000000e+00,-4.42350478e-07,-4.59031111e-07,-6.74564085e-07
0.00000000e+00,-6.50714106e-08,1.03160956e-07,1.62405101e-07
0.00000000e+00,-9.47596706e-08,1.50224955e-07,2.36497499e-07
0.00000000e+00,-5.64393980e-08,8.94765195e-08,1.40861839e-07
0.00000000e+00,-8.32357415e-08,1.31955809e-07,2.07736583e-07
0.00000000e+00,-6.43197354e-07,-1.05437663e-06,-1.57394351e-06
0.00000000e+00,-4.72617110e-07,-6.07255075e-07,-8.99780528e-07
0.00000000e+00,-7.99155195e-08,1.26692998e-07,1.99451363e-07
0.00000000e+00,-8.23346988e-08,1.30531305e-07,2.05493837e-07
0.00000000e+00,-1.17807832e-07,1.86762641e-07,2.94018422e-07
0.00000000e+00,-7.37030106e-08,1.16846219e-07,1.83949601e-07
0.00000000e+00,-1.06283664e-07,1.68493973e-07,2.65258223e-07
0.00000000e+00,-5.59346460e-07,-8.26063617e-07,-1.22948301e-06
0.00000000e+00,-4.53902899e-07,-4.88957795e-07,-7.19678198e-07
0.00000000e+00,-1.00071260e-07,1.58646982e-07,2.49756143e-07
0.00000000e+00,-9.96044817e-08,1.57888664e-07,2.48563088e-07
0.00000000e+00,-1.40856081e-07,2.23300152e-07,3.51539081e-07
0.00000000e+00,-9.09703212e-08,1.44208522e-07,2.27026270e-07
0.00000000e+00,-1.29331657e-07,2.05031994e-07,3.22779648e-07
0.00000000e+00,-1.31566855e-07,9.25954384e-08,1.50578298e-07
0.00000000e+00,-4.03360595e-07,-3.04363582e-07,-4.40043722e-07
0.00000000e+00,-1.21265563e-07,1.92243400e-07,3.02646756e-07
0.00000000e+00,-2.35852773e-06,-4.60439316e-06,-6.90288896e-06
0.00000000e+00,-2.35801752e-06,-4.61039993e-06,-6.91212994e-06
0.00000000e+00,-2.06437934e-06,-4.02957582e-06,-6.04110571e-06
0.00000000e+00,-2.31576635e-06,-4.53586344e-06,-6.80065256e-06
0.00000000e+00,-2.36953250e-06,-4.62991630e-06,-6.94128907e-06
0.00000000e+00,-2.24761848e-06,-4.33780139e-06,-6.50153057e-06
0.00000000e+00,-2.09211856e-06,-4.01664968e-06,-6.01946953e-06
0.00000000e+00,-1.92749696e-06,-3.71537273e-06,-5.56847275e-06
0.00000000e+00,-2.12061656e-06,-4.11566630e-06,-6.16937478e-06
0.00000000e+00,-2.37547379e-06,-4.62480585e-06,-6.93306520e-06
0.00000000e+00,-2.28061289e-06,-4.44562482e-06,-6.66463991e-06
0.00000000e+00,-2.01529368e-06,-3.89799336e-06,-5.84263453e-06
0.00000000e+00,-2.00966556e-06,-3.83301512e-06,-5.74340249e-06
0.00000000e+00,-1.83118394e-06,-3.45574815e-06,-5.17683509e-06
0.00000000e+00,-5.59461857e-07,-9.52343645e-07,-1.42304357e-06
0.00000000e+00,-1.52685322e-06,-2.90820794e-06,-4.35753251e-06
0.00000000e+00,-1.39585888e-06,-2.63861714e-06,-3.95289658e-06
0.00000000e+00,-1.83354985e-06,-3.53156704e-06,-5.29289852e-06
0.00000000e+00,-1.04830962e-06,-1.93931538e-06,-2.90380587e-06
0.00000000e+00,-1.55108624e-06,-2.88583886e-06,-4.32165207e-06
0.00000000e+00,-6.44798440e-07,-1.04216228e-06,-1.55511557e-06
0.00000000e+00,-1.51219220e-06,-2.90725053e-06,-4.35702812e-06
0.00000000e+00,-1.19820863e-06,-2.29499862e-06,-3.43916648e-06
0.00000000e+00,-2.11971062e-06,-4.12452315e-06,-6.18301050e-06
0.00000000e+00,-1.39722535e-06,-2.62051757e-06,-3.92506292e-06
0.00000000e+00,-3.02090403e-06,-5.89324374e-06,-8.83498550e-06
0.00000000e+00,-2.39028115e-06,-4.64771320e-06,-6.96720591e-06
0.00000000e+00,-2.40914720e-06,-4.67420164e-06,-7.00656923e-06
0.00000000e+00,-1.72721571e-06,-3.23512030e-06,-4.84547642e-06
0.00000000e+00,8.30872410e-07,1.84173960e-06,2.76852195e-06
0.00000000e+00,-1.23018231e-06,-2.29608506e-06,-3.43873126e-06
0.00000000e+00,6.30024432e-08,3.00727188e-07,4.56830139e-07
0.00000000e+00,-3.04941971e-08,2.05903624e-07,3.17622420e-07
0.00000000e+00,-3.31203321e-08,5.25107241e-08,8.26668901e-08
0.00000000e+00,-2.85119747e-08,4.52034544e-08,7.11632000e-08
0.00000000e+00,-9.74717982e-07,-1.83149333e-06,-2.74336576e-06
0.00000000e+00,-4.90953707e-08,7.78368416e-08,1.22537498e-07
0.00000000e+00,-4.23363388e-08,6.71266797e-08,1.05676395e-07
0.00000000e+00,-3.77282114e-08,5.98189500e-08,9.41720146e-08
0.00000000e+00,-1.70854692e-06,-3.26691200e-06,-4.89543476e-06
0.00000000e+00,-6.23369976e-08,9.88260346e-08,1.55580679e-07
0.00000000e+00,-5.15573747e-08,8.17325772e-08,1.28670812e-07
0.00000000e+00,-4.69483531e-08,7.44266367e-08,1.17169115e-07
0.00000000e+00,1.16935038e-06,2.52262116e-06,3.78997323e-06
0.00000000e+00,-7.62292780e-08,1.20852132e-07,1.90256024e-07
0.00000000e+00,-2.74492454e-06,-5.48984910e-06,-8.23477364e-06
0.00000000e+00,-2.40857462e-06,-4.81714926e-06,-7.22572387e-06
0.00000000e+00,-2.20512986e-06,-4.41025974e-06,-6.61538959e-06
0.00000000e+00,-2.41136077e-06,-4.82272155e-06,-7.23408231e-06
0.00000000e+00,-2.59492057e-06,-5.18984115e-06,-7.78476171e-06
0.00000000e+00,-2.43635956e-06,-4.81990158e-06,-7.22811738e-06
0.00000000e+00,-2.48244235e-06,-4.90855355e-06,-7.36097993e-06
0.00000000e+00,-2.42534460e-06,-4.85068921e-06,-7.27603380e-06
0.00000000e+00,-2.14927509e-06,-4.29855019e-06,-6.44782528e-06
0.00000000e+00,-2.36100444e-06,-4.72200890e-06,-7.08301334e-06
0.00000000e+00,-2.41259584e-06,-4.82519169e-06,-7.23778752e-06
0.00000000e+00,-2.18264706e-06,-4.36529414e-06,-6.54794120e-06
0.00000000e+00,-2.10144409e-06,-4.14010479e-06,-6.20809483e-06
0.00000000e+00,-2.59225642e-06,-5.11470226e-06,-7.66976022e-06
0.00000000e+00,-1.97855981e-07,-3.95711976e-07,-5.93567956e-07
0.00000000e+00,-1.56094067e-06,-3.12188136e-06,-4.68282203e-06
0.00000000e+00,-1.16591154e-06,-2.33182310e-06,-3.49773464e-06
0.00000000e+00,-1.89854426e-06,-3.79708853e-06,-5.69563279e-06
0.00000000e+00,-1.07041513e-06,-2.14083027e-06,-3.21124540e-06
0.00000000e+00,-1.41278590e-06,-2.75243812e-06,-4.12625485e-06
0.00000000e+00,-6.54760542e-07,-1.22565061e-06,-1.83572089e-06
0.00000000e+00,-2.05363291e-06,-4.10726584e-06,-6.16089875e-06
0.00000000e+00,-1.41462514e-06,-2.82925029e-06,-4.24387542e-06
0.00000000e+00,-2.52177490e-06,-5.04354982e-06,-7.56532471e-06
0.00000000e+00,-2.17335267e-06,-4.28813841e-06,-6.43028378e-06
0.00000000e+00,-2.34782034e-06,-4.69564069e-06,-7.04346103e-06
0.00000000e+00,-2.95877402e-06,-5.91754805e-06,-8.87632206e-06
0.00000000e+00,-2.31054886e-06,-4.62109774e-06,-6.93164661e-06
0.00000000e+00,-1.96377075e-06,-3.85325934e-06,-5.77744895e-06
0.00000000e+00,5.65131212e-06,1.13026242e-05,1.69539364e-05
0.00000000e+00,-3.57473353e-06,-7.14946708e-06,-1.07242006e-05
0.00000000e+00,2.42505893e-06,4.85011785e-06,7.27517679e-06
0.00000000e+00,3.46535813e-06,7.02144919e-06,1.05351542e-05
0.00000000e+00,1.27205525e-12,2.52938627e-12,3.80503411e-12
0.00000000e+00,1.07926572e-12,2.14364724e-12,3.22737753e-12
0.00000000e+00,-9.42595142e-08,-1.88519043e-07,-2.82778554e-07
0.00000000e+00,-1.65596738e-08,2.62563390e-08,4.13349161e-08
0.00000000e+00,8.71972520e-13,1.72889543e-12,2.60265637e-12
0.00000000e+00,1.26296380e-12,2.51081887e-12,3.77649712e-12
0.00000000e+00,-5.56800861e-06,-1.11360172e-05,-1.67040258e-05
0.00000000e+00,-2.11670388e-08,3.35655944e-08,5.28415835e-08
0.00000000e+00,0.00000000e+00,0.00000000e+00,0.00000000e+00
0.00000000e+00,1.17750412e-12,2.34371864e-12,3.52215591e-12
0.00000000e+00,1.44394567e-06,2.88789132e-06,4.33183699e-06
0.00000000e+00,-2.60024149e-08,4.12163496e-08,6.48866968e-08
0.00000000e+00,1.44685243e-06,3.01083873e-06,4.52010577e-06
0.00000000e+00,2.05363495e-06,4.10726988e-06,6.16090483e-06
0.00000000e+00,1.14163563e-06,2.38468990e-06,3.58036630e-06
0.00000000e+00,1.41462699e-06,2.82925396e-06,4.24388095e-06
0.00000000e+00,9.08928034e-07,1.93579870e-06,2.90757229e-06
0.00000000e+00,2.14068392e-06,4.33993477e-06,6.51182599e-06
0.00000000e+00,9.42618775e-08,1.88523740e-07,2.82785621e-07
0.00000000e+00,2.93803172e-06,6.02462778e-06,9.04182177e-06
0.00000000e+00,2.34782259e-06,4.69564516e-06,7.04346775e-06
0.00000000e+00,2.31617493e-06,4.76519896e-06,7.15216233e-06
0.00000000e+00,2.95877611e-06,5.91755220e-06,8.87632832e-06
0.00000000e+00,1.62477537e-06,3.39973259e-06,5.10453213e-06
0.00000000e+00,1.92233493e-06,3.91895201e-06,5.88086808e-06
0.00000000e+00,5.56801078e-06,1.11360215e-05,1.67040323e-05
0.00000000e+00,-9.31277129e-07,-1.68255948e-06,-2.51792667e-06
0.00000000e+00,-5.65130886e-06,-1.13026177e-05,-1.69539266e-05
0.00000000e+00,1.13854260e-06,2.44136476e-06,3.66744346e-06
0.00000000e+00,3.57473592e-06,7.14947183e-06,1.07242078e-05
0.00000000e+00,-1.27194335e-06,-2.35996630e-06,-3.53390796e-06
0.00000000e+00,-3.51596841e-06,-6.94120388e-06,-1.04088254e-05
0.00000000e+00,-1.44394397e-06,-2.88788794e-06,-4.33183191e-06
0.00000000e+00,2.29568216e-06,4.70402663e-06,7.05974073e-06
0.00000000e+00,2.74492604e-06,5.48985206e-06,8.23477811e-06
0.00000000e+00,2.00905298e-06,4.11728881e-06,6.17919123e-06
0.00000000e+00,2.20513145e-06,4.41026288e-06,6.61539433e-06
0.00000000e+00,2.05561767e-06,4.22613343e-06,6.34297437e-06
0.00000000e+00,2.45102034e-06,4.95837182e-06,7.43940812e-06
0.00000000e+00,2.52177655e-06,5.04355309e-06,7.56532965e-06
0.00000000e+00,1.84961175e-06,3.83884469e-06,5.76285337e-06
0.00000000e+00,2.42534654e-06,4.85069306e-06,7.27603959e-06
0.00000000e+00,2.30510865e-06,4.73635904e-06,7.10868213e-06
0.00000000e+00,2.36100608e-06,4.72201214e-06,7.08301823e-06
0.00000000e+00,2.32876668e-06,4.80162612e-06,7.20717241e-06
0.00000000e+00,2.55331505e-06,5.17644069e-06,7.76695421e-06
0.00000000e+00,2.31055082e-06,4.62110162e-06,6.93165243e-06
0.00000000e+00,4.66538025e-07,1.09965612e-06,1.65495608e-06
0.00000000e+00,1.97859003e-07,3.95717992e-07,5.93576996e-07
0.00000000e+00,1.31045541e-06,2.77401144e-06,4.16604628e-06
0.00000000e+00,1.16591377e-06,2.33182753e-06,3.49774130e-06
0.00000000e+00,-1.60463851e-07,-1.46205399e-07,-2.13568743e-07
0.00000000e+00,6.07976191e-07,1.29982286e-06,1.95248931e-06
0.00000000e+00,-2.42505725e-06,-4.85011451e-06,-7.27517176e-06
0.00000000e+00,2.29909188e-06,4.70381887e-06,7.05919826e-06
0.00000000e+00,2.40857622e-06,4.81715243e-06,7.22572865e-06
0.00000000e+00,2.26240003e-06,4.62046932e-06,6.93384657e-06
0.00000000e+00,2.41136229e-06,4.82272456e-06,7.23408686e-06
0.00000000e+00,2.30864685e-06,4.72644240e-06,7.09324897e-06
0.00000000e+00,2.40689754e-06,4.86661264e-06,7.30165394e-06
0.00000000e+00,2.59492215e-06,5.18984428e-06,7.78476643e-06
0.00000000e+00,2.05057299e-06,4.22671278e-06,6.34419385e-06
0.00000000e+00,2.14927688e-06,4.29855374e-06,6.44783062e-06
0.00000000e+00,2.21612803e-06,4.54785702e-06,6.82558285e-06
0.00000000e+00,2.41259753e-06,4.82519505e-06,7.23779259e-06
0.00000000e+00,1.94132966e-06,4.01525332e-06,6.02723549e-06
0.00000000e+00,2.06642308e-06,4.19562956e-06,6.29550668e-06
0.00000000e+00,2.18264884e-06,4.36529766e-06,6.54794650e-06
0.00000000e+00,1.44569125e-06,3.03688101e-06,4.56010091e-06
0.00000000e+00,1.56094245e-06,3.12188488e-06,4.68282734e-06
0.00000000e+00,1.75794703e-06,3.65142672e-06,5.48159212e-06
0.00000000e+00,1.89854615e-06,3.79709229e-06,5.69563844e-06
0.00000000e+00,9.60561054e-07,2.07842598e-06,3.12280616e-06
0.00000000e+00,1.37199136e-06,2.81711641e-06,4.22807695e-06
0.00000000e+00,1.07041754e-06,2.14083507e-06,3.21125262e-06
0.00000000e+00,1.08901123e-06,2.40875484e-06,3.62071145e-06
0.00000000e+00,9.54482143e-07,2.11003390e-06,3.17165568e-06
0.00000000e+00,5.13771748e-07,1.25956157e-06,1.89696379e-06
0.00000000e+00,1.30020101e-06,2.77433514e-06,4.16721615e-06
0.00000000e+00,7.62705724e-07,1.81546935e-06,2.73273197e-06
0.00000000e+00,1.02202423e-06,2.30444359e-06,3.46521896e-06
0.00000000e+00,3.96110428e-07,1.08485016e-06,1.63688765e-06
0.00000000e+00,1.60487836e-06,3.42906783e-06,5.15080577e-06
0.00000000e+00,-3.27843129e-10,3.48727739e-07,5.34568302e-07
0.00000000e+00,6.42077500e-07,1.60387566e-06,2.41631582e-06
0.00000000e+00,-6.68692054e-08,2.21990738e-07,3.44671248e-07
0.00000000e+00,-1.18398511e-07,3.00953432e-08,5.39100089e-08
0.00000000e+00,1.71754329e-06,3.65759915e-06,5.49370792e-06
0.00000000e+00,1.62771924e-06,3.45239818e-06,5.18506710e-06
0.00000000e+00,1.44147011e-06,3.10956269e-06,4.67178822e-06
0.00000000e+00,1.99863339e-06,4.16485421e-06,6.25278631e-06
0.00000000e+00,1.46371894e-06,3.20105617e-06,4.81057218e-06
0.00000000e+00,1.65706253e-06,3.56219050e-06,5.35143431e-06
0.00000000e+00,1.28566195e-06,2.85316200e-06,4.28900094e-06
0.00000000e+00,1.71592483e-06,3.63846939e-06,5.46449123e-06
0.00000000e+00,8.66131050e-07,2.05698611e-06,3.09614583e-06
0.00000000e+00,1.13520924e-06,2.56958963e-06,3.86421175e-06
0.00000000e+00,3.34849613e-07,1.00912790e-06,1.52484155e-06
0.00000000e+00,5.06773334e-07,1.26098127e-06,1.89959975e-06
0.00000000e+00,1.98067933e-06,4.17059468e-06,6.26276510e-06
0.00000000e+00,1.97885113e-06,4.14802370e-06,6.22828732e-06
0.00000000e+00,1.88502726e-06,3.98592882e-06,5.98598437e-06
0.00000000e+00,2.15979670e-06,4.47702897e-06,6.72071497e-06
0.00000000e+00,1.75494579e-06,3.75695676e-06,5.64355084e-06
0.00000000e+00,1.90521886e-06,4.03858833e-06,6.06537688e-06
0.00000000e+00,1.62401555e-06,3.50837283e-06,5.27111107e-06
0.00000000e+00,1.90573371e-06,3.99778342e-06,6.00279532e-06
0.00000000e+00,1.30338367e-06,2.89166168e-06,4.34685085e-06
0.00000000e+00,1.55152285e-06,3.36902545e-06,5.06227520e-06
0.00000000e+00,1.08921620e-06,2.48533725e-06,3.73808721e-06
0.00000000e+00,1.43040921e-06,3.07715205e-06,4.62283429e-06
0.00000000e+00,6.26166858e-07,1.58854771e-06,2.39386567e-06
0.00000000e+00,6.58150022e-07,1.61296218e-06,2.42918816e-06
0.00000000e+00,2.84082288e-07,9.06143722e-07,1.37031767e-06
0.00000000e+00,8.27186770e-07,1.93784673e-06,2.91608174e-06
0.00000000e+00,5.84266138e-07,1.58384998e-06,2.38941750e-06
0.00000000e+00,6.01241610e-07,1.57824907e-06,2.37971692e-06
0.00000000e+00,2.20256451e-07,8.59360905e-07,1.30279985e-06
0.00000000e+00,6.05792581e-07,1.56427296e-06,2.35799468e-06
0.00000000e+00,3.03275826e-07,1.10097306e-06,1.66770055e-06
0.00000000e+00,3.80290551e-07,1.21545065e-06,1.83811773e-06
0.00000000e+00,1.23128569e-07,7.48614746e-07,1.13942377e-06
0.00000000e+00,2.04897531e-07,8.35464909e-07,1.26717994e-06
0.00000000e+00,1.22135066e-06,2.76847247e-06,4.16340978e-06
0.00000000e+00,1.24715675e-06,2.78575423e-06,4.18820471e-06
0.00000000e+00,9.60712166e-07,2.25241691e-06,3.38949795e-06
0.00000000e+00,1.44690741e-06,3.16795668e-06,4.76094015e-06
0.00000000e+00,1.03092665e-06,2.45628533e-06,3.69738446e-06
0.00000000e+00,1.14678574e-06,2.65367308e-06,3.99233839e-06
0.00000000e+00,7.85985135e-07,1.97684514e-06,2.97856721e-06
0.00000000e+00,1.24091323e-06,2.81585161e-06,4.23474962e-06
0.00000000e+00,6.98826123e-07,1.86074515e-06,2.80632960e-06
0.00000000e+00,8.93163194e-07,2.21508886e-06,3.33671745e-06
0.00000000e+00,5.56206286e-07,1.59369971e-06,2.40635909e-06
0.00000000e+00,8.12645567e-07,2.02226826e-06,3.04644245e-06
0.00000000e+00,1.60317062e-06,3.51519504e-06,5.28293793e-06
0.00000000e+00,1.63572716e-06,3.55443636e-06,5.34095005e-06
0.00000000e+00,1.43578658e-06,3.18888565e-06,4.79375169e-06
0.00000000e+00,1.79243918e-06,3.84392327e-06,5.77439412e-06
0.00000000e+00,1.45082738e-06,3.26225208e-06,4.90522318e-06
0.00000000e+00,1.53823680e-06,3.41119916e-06,5.12779395e-06
0.00000000e+00,1.26303232e-06,2.90357932e-06,4.36776975e-06
0.00000000e+00,1.60821747e-06,3.52026620e-06,5.29037967e-06
0.00000000e+00,1.24555386e-06,2.90344855e-06,4.36871757e-06
0.00000000e+00,1.34293335e-06,3.07233576e-06,4.62119854e-06
0.00000000e+00,9.80635314e-07,2.40130060e-06,3.61640519e-06
0.00000000e+00,1.30414400e-06,2.95874784e-06,4.44963382e-06
0.00000000e+00,-2.29568056e-06,-4.70402346e-06,-7.05973595e-06
0.00000000e+00,-2.29909039e-06,-4.70381593e-06,-7.05919383e-06
0.00000000e+00,-2.00905155e-06,-4.11728599e-06,-6.17918697e-06
0.00000000e+00,-2.26239854e-06,-4.62046637e-06,-6.93384213e-06
0.00000000e+00,-2.30864536e-06,-4.72643945e-06,-7.09324453e-06
0.00000000e+00,-2.40689600e-06,-4.86660958e-06,-7.30164933e-06
0.00000000e+00,-2.45101876e-06,-4.95836870e-06,-7.43940343e-06
0.00000000e+00,-1.84961120e-06,-3.83884361e-06,-5.76285173e-06
0.00000000e+00,-2.05057075e-06,-4.22670833e-06,-6.34418715e-06
0.00000000e+00,-2.30510721e-06,-4.73635620e-06,-7.10867785e-06
0.00000000e+00,-2.21612645e-06,-4.54785389e-06,-6.82557813e-06
0.00000000e+00,-1.94132788e-06,-4.01524978e-06,-6.02723017e-06
0.00000000e+00,-2.06642118e-06,-4.19562580e-06,-6.29550102e-06
0.00000000e+00,-2.55331349e-06,-5.17643759e-06,-7.76694954e-06
0.00000000e+00,-4.66537467e-07,-1.09965503e-06,-1.65495443e-06
0.00000000e+00,-1.44568890e-06,-3.03687632e-06,-4.56009387e-06
0.00000000e+00,-1.31045382e-06,-2.77400829e-06,-4.16604154e-06
0.00000000e+00,-1.75794484e-06,-3.65142237e-06,-5.48158558e-06
0.00000000e+00,-9.60559840e-07,-2.07842358e-06,-3.12280254e-06
0.00000000e+00,-1.37198929e-06,-2.81711229e-06,-4.22807075e-06
0.00000000e+00,-6.07974468e-07,-1.29981944e-06,-1.95248416e-06
0.00000000e+00,-1.44685084e-06,-3.01083557e-06,-4.52010101e-06
0.00000000e+00,-1.14163376e-06,-2.38468620e-06,-3.58036073e-06
0.00000000e+00,-2.05561624e-06,-4.22613060e-06,-6.34297011e-06
0.00000000e+00,-2.14068208e-06,-4.33993112e-06,-6.51182050e-06
0.00000000e+00,-2.93802872e-06,-6.02462179e-06,-9.04181277e-06
0.00000000e+00,-2.31617308e-06,-4.76519530e-06,-7.15215681e-06
0.00000000e+00,-2.32876679e-06,-4.80162637e-06,-7.20717276e-06
0.00000000e+00,-1.92233302e-06,-3.91894822e-06,-5.88086237e-06
0.00000000e+00,9.31280202e-07,1.68256559e-06,2.51793585e-06
0.00000000e+00,-1.13854056e-06,-2.44136071e-06,-3.66743738e-06
0.00000000e+00,1.60469061e-07,1.46215791e-07,2.13584347e-07
0.00000000e+00,3.51597197e-06,6.94121099e-06,1.04088361e-05
0.00000000e+00,3.31229412e-08,-5.25055355e-08,-8.26590850e-08
0.00000000e+00,2.85140324e-08,-4.51993686e-08,-7.11570473e-08
0.00000000e+00,-9.08925749e-07,-1.93579416e-06,-2.90756545e-06
0.00000000e+00,1.65620652e-08,-2.62515861e-08,-4.13277644e-08
0.00000000e+00,4.23408523e-08,-6.71176826e-08,-1.05662880e-07
0.00000000e+00,3.77318474e-08,-5.98117078e-08,-9.41611304e-08
0.00000000e+00,-1.62476964e-06,-3.39972115e-06,-5.10451495e-06
0.00000000e+00,2.11707606e-08,-3.35581790e-08,-5.28304422e-08
0.00000000e+00,5.15585745e-08,-8.17302072e-08,-1.28667241e-07
0.00000000e+00,4.69494646e-08,-7.44244417e-08,-1.17165806e-07
0.00000000e+00,1.27194746e-06,2.35997450e-06,3.53392026e-06
0.00000000e+00,2.60020773e-08,-4.12170478e-08,-6.48877319e-08
0.00000000e+00,-1.71754178e-06,-3.65759615e-06,-5.49370340e-06
0.00000000e+00,-1.98067786e-06,-4.17059176e-06,-6.26276070e-06
0.00000000e+00,-1.62771782e-06,-3.45239539e-06,-5.18506288e-06
0.00000000e+00,-1.97884969e-06,-4.14802085e-06,-6.22828302e-06
0.00000000e+00,-1.88502584e-06,-3.98592601e-06,-5.98598012e-06
0.00000000e+00,-2.15979515e-06,-4.47702589e-06,-6.72071034e-06
0.00000000e+00,-1.99863217e-06,-4.16485180e-06,-6.25278267e-06
0.00000000e+00,-1.46371803e-06,-3.20105437e-06,-4.81056947e-06
0.00000000e+00,-1.75494383e-06,-3.75695286e-06,-5.64354498e-06
0.00000000e+00,-1.65706130e-06,-3.56218806e-06,-5.35143064e-06
0.00000000e+00,-1.90521722e-06,-4.03858506e-06,-6.06537196e-06
0.00000000e+00,-1.62401383e-06,-3.50836942e-06,-5.27110593e-06
0.00000000e+00,-1.90573171e-06,-3.99777944e-06,-6.00278933e-06
0.00000000e+00,-1.71592387e-06,-3.63846750e-06,-5.46448836e-06
0.00000000e+00,-8.66130948e-07,-2.05698593e-06,-3.09614555e-06
0.00000000e+00,-1.30338151e-06,-2.89165739e-06,-4.34684440e-06
0.00000000e+00,-1.13520834e-06,-2.56958787e-06,-3.86420908e-06
0.00000000e+00,-1.55152080e-06,-3.36902140e-06,-5.06226910e-06
0.00000000e+00,-1.08921520e-06,-2.48533528e-06,-3.73808424e-06
0.00000000e+00,-1.43040743e-06,-3.07714851e-06,-4.62282896e-06
0.00000000e+00,-5.06770231e-07,-1.26097510e-06,-1.89959047e-06
0.00000000e+00,-1.08900950e-06,-2.40875140e-06,-3.62070628e-06
0.00000000e+00,-9.54480378e-07,-2.11003040e-06,-3.17165040e-06
0.00000000e+00,-1.44146868e-06,-3.10955987e-06,-4.67178398e-06
0.00000000e+00,-1.30019915e-06,-2.77433146e-06,-4.16721060e-06
0.00000000e+00,-7.62703147e-07,-1.81546422e-06,-2.73272426e-06
0.00000000e+00,-1.02202209e-06,-2.30443936e-06,-3.46521259e-06
0.00000000e+00,-1.28566076e-06,-2.85315965e-06,-4.28899740e-06
0.00000000e+00,-1.60487555e-06,-3.42906224e-06,-5.15079736e-06
0.00000000e+00,3.33139298e-10,-3.48717177e-07,-5.34552441e-07
0.00000000e+00,-6.42075075e-07,-1.60387084e-06,-2.41630857e-06
0.00000000e+00,-3.34845529e-07,-1.00911977e-06,-1.52482933e-06
0.00000000e+00,1.18387456e-07,-3.01171362e-08,-5.39426707e-08
0.00000000e+00,6.50735895e-08,-1.03156629e-07,-1.62398586e-07
0.00000000e+00,5.64414508e-08,-8.94724437e-08,-1.40855701e-07
0.00000000e+00,-5.13769554e-07,-1.25955722e-06,-1.89695723e-06
0.00000000e+00,4.90982505e-08,-7.78311118e-08,-1.22528880e-07
0.00000000e+00,8.23378114e-08,-1.30525109e-07,-2.05484523e-07
0.00000000e+00,7.37057226e-08,-1.16840825e-07,-1.83941488e-07
0.00000000e+00,-3.96106966e-07,-1.08484326e-06,-1.63687729e-06
0.00000000e+00,6.23393165e-08,-9.88214267e-08,-1.55573748e-07
0.00000000e+00,9.96020791e-08,-1.57893498e-07,-2.48570323e-07
0.00000000e+00,9.09700083e-08,-1.44209178e-07,-2.27027234e-07
0.00000000e+00,6.68724224e-08,-2.21984334e-07,-3.44661624e-07
0.00000000e+00,7.62325230e-08,-1.20845671e-07,-1.90246316e-07
0.00000000e+00,-1.22134923e-06,-2.76846965e-06,-4.16340552e-06
0.00000000e+00,-1.60316911e-06,-3.51519204e-06,-5.28293340e-06
0.00000000e+00,-1.24715526e-06,-2.78575128e-06,-4.18820026e-06
0.00000000e+00,-1.63572571e-06,-3.55443350e-06,-5.34094575e-06
0.00000000e+00,-1.43578513e-06,-3.18888278e-06,-4.79374736e-06
0.00000000e+00,-1.79243769e-06,-3.84392031e-06,-5.77438966e-06
0.00000000e+00,-1.44690591e-06,-3.16795371e-06,-4.76093568e-06
0.00000000e+00,-1.03092498e-06,-2.45628203e-06,-3.69737950e-06
0.00000000e+00,-1.45082564e-06,-3.26224863e-06,-4.90521797e-06
0.00000000e+00,-1.14678426e-06,-2.65367015e-06,-3.99233397e-06
0.00000000e+00,-1.53823516e-06,-3.41119591e-06,-5.12778906e-06
0.00000000e+00,-1.26303071e-06,-2.90357612e-06,-4.36776492e-06
0.00000000e+00,-1.60821568e-06,-3.52026263e-06,-5.29037430e-06
0.00000000e+00,-1.24091196e-06,-2.81584912e-06,-4.23474586e-06
0.00000000e+00,-6.98823726e-07,-1.86074039e-06,-2.80632243e-06
0.00000000e+00,-1.24555207e-06,-2.90344499e-06,-4.36871221e-06
0.00000000e+00,-8.93161379e-07,-2.21508526e-06,-3.33671204e-06
0.00000000e+00,-1.34293149e-06,-3.07233208e-06,-4.62119299e-06
0.00000000e+00,-9.80633340e-07,-2.40129669e-06,-3.61639930e-06
0.00000000e+00,-1.30414216e-06,-2.95874421e-06,-4.44962835e-06
0.00000000e+00,-8.12643549e-07,-2.02226425e-06,-3.04643643e-06
0.00000000e+00,-6.26164989e-07,-1.58854400e-06,-2.39386008e-06
0.00000000e+00,-6.58148298e-07,-1.61295877e-06,-2.42918301e-06
0.00000000e+00,-9.60710529e-07,-2.25241366e-06,-3.38949306e-06
0.00000000e+00,-8.27185018e-07,-1.93784325e-06,-2.91607650e-06
0.00000000e+00,-5.84264501e-07,-1.58384673e-06,-2.38941261e-06
0.00000000e+00,-6.01239813e-07,-1.57824550e-06,-2.37971155e-06
0.00000000e+00,-7.85983610e-07,-1.97684212e-06,-2.97856265e-06
0.00000000e+00,-6.05790279e-07,-1.56426839e-06,-2.35798780e-06
0.00000000e+00,-3.03273901e-07,-1.10096924e-06,-1.66769480e-06
0.00000000e+00,-3.80288381e-07,-1.21544635e-06,-1.83811124e-06
0.00000000e+00,-5.56204440e-07,-1.59369605e-06,-2.40635358e-06
0.00000000e+00,-2.04895795e-07,-8.35461468e-07,-1.26717476e-06
0.00000000e+00,9.47617257e-08,-1.50220875e-07,-2.36491355e-07
0.00000000e+00,8.32376304e-08,-1.31952061e-07,-2.07730936e-07
0.00000000e+00,-2.84080308e-07,-9.06139791e-07,-1.37031175e-06
0.00000000e+00,7.99176539e-08,-1.26688759e-07,-1.99444982e-07
0.00000000e+00,1.17809928e-07,-1.86758478e-07,-2.94012156e-07
0.00000000e+00,1.06285820e-07,-1.68489691e-07,-2.65251777e-07
0.00000000e+00,-2.20254419e-07,-8.59356870e-07,-1.30279378e-06
0.00000000e+00,1.00073870e-07,-1.58641794e-07,-2.49748340e-07
0.00000000e+00,1.40858123e-07,-2.23296098e-07,-3.51532981e-07
0.00000000e+00,1.29334008e-07,-2.05027323e-07,-3.22772621e-07
0.00000000e+00,-1.23126747e-07,-7.48611134e-07,-1.13941833e-06
0.00000000e+00,1.21267560e-07,-1.92239436e-07,-3.02640790e-07
0.00000000e+00,1.21772222e-06,2.20471203e-06,3.29948887e-06
0.00000000e+00,8.13719094e-07,1.29122416e-06,1.92579217e-06
0.00000000e+00,1.06664604e-06,1.93222243e-06,2.89172885e-06
0.00000000e+00,8.23638881e-07,1.35061559e-06,2.01617852e-06
0.00000000e+00,6.43199505e-07,1.05438090e-06,1.57394994e-06
0.00000000e+00,9.85318429e-07,1.68716364e-06,2.52143384e-06
0.00000000e+00,4.72619091e-07,6.07259006e-07,8.99786449e-07
0.00000000e+00,9.24509992e-07,1.55896205e-06,2.32891515e-06
0.00000000e+00,8.15945650e-07,1.21657357e-06,1.81121785e-06
0.00000000e+00,1.16728186e-06,2.07416855e-06,3.10269928e-06
0.00000000e+00,8.10857444e-07,1.24594901e-06,1.85658022e-06
0.00000000e+00,5.59348227e-07,8.26067123e-07,1.22948829e-06
0.00000000e+00,8.02534274e-07,1.25238072e-06,1.86698586e-06
0.00000000e+00,4.53904918e-07,4.88961802e-07,7.19684230e-07
0.00000000e+00,1.94567840e-07,3.97522255e-08,4.81516632e-08
0.00000000e+00,5.79082098e-07,6.63742758e-07,9.79373199e-07
0.00000000e+00,8.20428936e-07,1.32113718e-06,1.97120347e-06
0.00000000e+00,6.34033068e-07,8.13196551e-07,1.20485310e-06
0.00000000e+00,1.31568402e-07,-9.25923742e-08,-1.50573684e-07
0.00000000e+00,4.42352012e-07,4.59034148e-07,6.74568660e-07
0.00000000e+00,4.03362082e-07,3.04366525e-07,4.40048157e-07
0.00000000e+00,1.84166909e-06,3.46082558e-06,5.18392921e-06
0.00000000e+00,1.40307790e-06,2.48038461e-06,3.70987587e-06
0.00000000e+00,1.73759076e-06,3.27822178e-06,4.91086287e-06
0.00000000e+00,1.40973312e-06,2.52802548e-06,3.78246487e-06
0.00000000e+00,1.56788870e-06,2.90915490e-06,4.35628818e-06
0.00000000e+00,1.59983391e-06,2.92552592e-06,4.37928377e-06
0.00000000e+00,1.14535192e-06,1.95971123e-06,2.92869428e-06
0.00000000e+00,1.61635413e-06,2.95908995e-06,4.42964701e-06
0.00000000e+00,1.25095530e-06,2.10747854e-06,3.14826137e-06
0.00000000e+00,1.79544301e-06,3.34282056e-06,5.00608229e-06
0.00000000e+00,1.34766376e-06,2.33522589e-06,3.49101009e-06
0.00000000e+00,1.44288223e-06,2.60392633e-06,3.89663158e-06
0.00000000e+00,1.42724518e-06,2.52046517e-06,3.76972557e-06
0.00000000e+00,1.01183935e-06,1.61880380e-06,2.41490622e-06
0.00000000e+00,1.04727588e-06,1.76982773e-06,2.64407494e-06
0.00000000e+00,9.57155696e-07,1.45121846e-06,2.16161584e-06
0.00000000e+00,1.30209885e-06,2.30502653e-06,3.44771251e-06
0.00000000e+00,1.13234252e-06,1.83592255e-06,2.73979967e-06
0.00000000e+00,5.24193271e-07,7.08957834e-07,1.05228707e-06
0.00000000e+00,1.03409380e-06,1.67121046e-06,2.49377563e-06
0.00000000e+00,8.24685856e-07,1.16808454e-06,1.73631731e-06
0.00000000e+00,2.09739895e-06,3.98556186e-06,5.97146973e-06
0.00000000e+00,1.77546063e-06,3.24206742e-06,4.85295580e-06
0.00000000e+00,2.08501950e-06,3.97971753e-06,5.96332456e-06
0.00000000e+00,1.79358498e-06,3.30418788e-06,4.94698633e-06
0.00000000e+00,2.00545005e-06,3.79502577e-06,5.68544754e-06
0.00000000e+00,1.93694399e-06,3.61484305e-06,5.41375537e-06
0.00000000e+00,1.61279523e-06,2.90827795e-06,4.35199373e-06
0.00000000e+00,1.89276753e-06,3.53846984e-06,5.29958908e-06
0.00000000e+00,1.65198167e-06,2.94336600e-06,4.40320397e-06
0.00000000e+00,2.03248961e-06,3.83682859e-06,5.74774852e-06
0.00000000e+00,1.72495894e-06,3.11519229e-06,4.66179325e-06
0.00000000e+00,1.76924371e-06,3.27814566e-06,4.90866669e-06
0.00000000e+00,1.77770555e-06,3.25157983e-06,4.86738939e-06
0.00000000e+00,1.47362387e-06,2.56973305e-06,3.84219883e-06
0.00000000e+00,1.46230765e-06,2.63972093e-06,3.95022308e-06
0.00000000e+00,1.47557258e-06,2.53880431e-06,3.79466175e-06
0.00000000e+00,1.69989571e-06,3.13381162e-06,4.69198043e-06
0.00000000e+00,1.55851978e-06,2.73057045e-06,4.08316081e-06
0.00000000e+00,1.26041979e-06,2.21393470e-06,3.31082072e-06
0.00000000e+00,1.49964326e-06,2.64882663e-06,3.96172792e-06
0.00000000e+00,1.22609991e-06,2.01216982e-06,3.00380046e-06
0.00000000e+00,1.51219423e-06,2.90725456e-06,4.35703419e-06
0.00000000e+00,1.19821056e-06,2.29500244e-06,3.43917223e-06
0.00000000e+00,9.74720423e-07,1.83149818e-06,2.74337306e-06
0.00000000e+00,1.39722722e-06,2.62052128e-06,3.92506851e-06
0.00000000e+00,3.02090528e-06,5.89324621e-06,8.83498922e-06
0.00000000e+00,2.39028311e-06,4.64771708e-06,6.96721176e-06
0.00000000e+00,1.70854874e-06,3.26691562e-06,4.89544020e-06
0.00000000e+00,1.72721727e-06,3.23512339e-06,4.84548108e-06
0.00000000e+00,-8.30870393e-07,-1.84173560e-06,-2.76851593e-06
0.00000000e+00,1.23018391e-06,2.29608823e-06,3.43873604e-06
0.00000000e+00,-1.16934765e-06,-2.52261573e-06,-3.78996508e-06
0.00000000e+00,3.04967407e-08,-2.05898567e-07,-3.17614816e-07
0.00000000e+00,2.35852942e-06,4.60439650e-06,6.90289399e-06
0.00000000e+00,2.06438100e-06,4.02957911e-06,6.04111068e-06
0.00000000e+00,2.11971237e-06,4.12452662e-06,6.18301572e-06
0.00000000e+00,2.09212025e-06,4.01665303e-06,6.01947458e-06
0.00000000e+00,1.92749877e-06,3.71537633e-06,5.56847817e-06
0.00000000e+00,2.37547543e-06,4.62480908e-06,6.93307008e-06
0.00000000e+00,2.40914890e-06,4.67420501e-06,7.00657432e-06
0.00000000e+00,1.83118572e-06,3.45575166e-06,5.17684038e-06
0.00000000e+00,5.59463763e-07,9.52347428e-07,1.42304926e-06
0.00000000e+00,1.39586082e-06,2.63862098e-06,3.95290237e-06
0.00000000e+00,-6.30002164e-08,-3.00722764e-07,-4.56823485e-07
0.00000000e+00,6.44800274e-07,1.04216591e-06,1.55512105e-06
0.00000000e+00,2.35801912e-06,4.61040310e-06,6.91213472e-06
0.00000000e+00,2.31576791e-06,4.53586652e-06,6.80065720e-06
0.00000000e+00,2.36953412e-06,4.62991949e-06,6.94129389e-06
0.00000000e+00,2.24762007e-06,4.33780455e-06,6.50153533e-06
0.00000000e+00,2.12061826e-06,4.11566969e-06,6.16937987e-06
0.00000000e+00,2.28061455e-06,4.44562812e-06,6.66464489e-06
0.00000000e+00,2.01529546e-06,3.89799690e-06,5.84263985e-06
0.00000000e+00,2.00966725e-06,3.83301847e-06,5.74340754e-06
0.00000000e+00,1.52685514e-06,2.90821176e-06,4.35753826e-06
0.00000000e+00,1.83355162e-06,3.53157055e-06,5.29290381e-06
0.00000000e+00,1.04831160e-06,1.93931931e-06,2.90381179e-06
0.00000000e+00,1.55108813e-06,2.88584260e-06,4.32165769e-06
0.00000000e+00,2.17335480e-06,4.28814263e-06,6.43029013e-06
0.00000000e+00,1.96377247e-06,3.85326275e-06,5.77745409e-06
0.00000000e+00,-3.46535523e-06,-7.02144342e-06,-1.05351456e-05
0.00000000e+00,2.48244398e-06,4.90855678e-06,7.36098480e-06
0.00000000e+00,2.59225823e-06,5.11470584e-06,7.66976561e-06
0.00000000e+00,6.54762757e-07,1.22565501e-06,1.83572751e-06
0.00000000e+00,2.43636116e-06,4.81990474e-06,7.22812214e-06
0.00000000e+00,2.10144588e-06,4.14010833e-06,6.20810018e-06
0.00000000e+00,1.41278787e-06,2.75244203e-06,4.12626074e-06
0.00000000e+00,-1.47557137e-06,-2.53880192e-06,-3.79465813e-06
0.00000000e+00,-9.57154961e-07,-1.45121701e-06,-2.16161364e-06
0.00000000e+00,-1.04727274e-06,-1.76982148e-06,-2.64406554e-06
0.00000000e+00,-1.46230696e-06,-2.63971958e-06,-3.95022103e-06
0.00000000e+00,-1.65198049e-06,-2.94336366e-06,-4.40320042e-06
0.00000000e+00,-1.25095397e-06,-2.10747590e-06,-3.14825737e-06
0.00000000e+00,-1.61635199e-06,-2.95908570e-06,-4.42964061e-06
0.00000000e+00,-1.89276658e-06,-3.53846798e-06,-5.29958625e-06
0.00000000e+00,-1.22609883e-06,-2.01216768e-06,-3.00379722e-06
0.00000000e+00,-1.03409264e-06,-1.67120816e-06,-2.49377217e-06
0.00000000e+00,-1.26041773e-06,-2.21393062e-06,-3.31081458e-06
0.00000000e+00,-1.49964207e-06,-2.64882429e-06,-3.96172437e-06
0.00000000e+00,-1.55851865e-06,-2.73056823e-06,-4.08315744e-06
0.00000000e+00,-1.13234127e-06,-1.83592008e-06,-2.73979594e-06
0.00000000e+00,-1.30209661e-06,-2.30502208e-06,-3.44770581e-06
0.00000000e+00,-1.69989490e-06,-3.13381003e-06,-4.69197801e-06
0.00000000e+00,-1.47362254e-06,-2.56973040e-06,-3.84219482e-06
0.00000000e+00,-1.42724341e-06,-2.52046166e-06,-3.76972028e-06
0.00000000e+00,-1.76924247e-06,-3.27814321e-06,-4.90866299e-06
0.00000000e+00,-1.77770442e-06,-3.25157759e-06,-4.86738599e-06
0.00000000e+00,-1.77545931e-06,-3.24206482e-06,-4.85295187e-06
0.00000000e+00,-1.40307645e-06,-2.48038174e-06,-3.70987153e-06
0.00000000e+00,-1.84166770e-06,-3.46082283e-06,-5.18392505e-06
0.00000000e+00,-2.09739763e-06,-3.98555924e-06,-5.97146578e-06
0.00000000e+00,-1.72495770e-06,-3.11518984e-06,-4.66178954e-06
0.00000000e+00,-1.34766230e-06,-2.33522300e-06,-3.49100571e-06
0.00000000e+00,-1.79544127e-06,-3.34281710e-06,-5.00607709e-06
0.00000000e+00,-2.03248841e-06,-3.83682622e-06,-5.74774493e-06
0.00000000e+00,-1.61279383e-06,-2.90827517e-06,-4.35198953e-06
0.00000000e+00,-1.59983251e-06,-2.92552315e-06,-4.37927959e-06
0.00000000e+00,-2.00544862e-06,-3.79502294e-06,-5.68544327e-06
0.00000000e+00,-1.93694267e-06,-3.61484043e-06,-5.41375142e-06
0.00000000e+00,-1.79358364e-06,-3.30418524e-06,-4.94698233e-06
0.00000000e+00,-1.40973178e-06,-2.52802283e-06,-3.78246087e-06
0.00000000e+00,-1.73758933e-06,-3.27821894e-06,-4.91085858e-06
0.00000000e+00,-2.08501818e-06,-3.97971493e-06,-5.96332062e-06
0.00000000e+00,-5.59461344e-07,-9.52342617e-07,-1.42304202e-06
0.00000000e+00,-1.52685453e-06,-2.90821057e-06,-4.35753644e-06
0.00000000e+00,-1.92749641e-06,-3.71537162e-06,-5.56847109e-06
0.00000000e+00,-2.12061761e-06,-4.11566842e-06,-6.16937794e-06
0.00000000e+00,-6.44800213e-07,-1.04216582e-06,-1.55512088e-06
0.00000000e+00,-1.04830979e-06,-1.93931570e-06,-2.90380635e-06
0.00000000e+00,-1.55108686e-06,-2.88584008e-06,-4.32165390e-06
0.00000000e+00,-1.39585941e-06,-2.63861819e-06,-3.95289815e-06
0.00000000e+00,-1.83355099e-06,-3.53156933e-06,-5.29290195e-06
0.00000000e+00,-1.83118368e-06,-3.45574762e-06,-5.17683429e-06
0.00000000e+00,-2.01529431e-06,-3.89799462e-06,-5.84263641e-06
0.00000000e+00,-2.00966643e-06,-3.83301686e-06,-5.74340510e-06
0.00000000e+00,-2.35852812e-06,-4.60439394e-06,-6.90289011e-06
0.00000000e+00,-2.35801786e-06,-4.61040060e-06,-6.91213095e-06
0.00000000e+00,-2.37547396e-06,-4.62480617e-06,-6.93306569e-06
0.00000000e+00,-2.28061334e-06,-4.44562571e-06,-6.66464124e-06
0.00000000e+00,-2.09211857e-06,-4.01664971e-06,-6.01946956e-06
0.00000000e+00,-2.36953282e-06,-4.62991693e-06,-6.94129001e-06
0.00000000e+00,-2.24761884e-06,-4.33780211e-06,-6.50153164e-06
0.00000000e+00,-2.06437959e-06,-4.02957631e-06,-6.04110646e-06
0.00000000e+00,-2.31576668e-06,-4.53586409e-06,-6.80065353e-06
0.00000000e+00,-1.97858029e-07,-3.95716069e-07,-5.93574084e-07
0.00000000e+00,-1.56094141e-06,-3.12188283e-06,-4.68282422e-06
0.00000000e+00,-2.42534552e-06,-4.85069106e-06,-7.27603657e-06
0.00000000e+00,-2.14927582e-06,-4.29855166e-06,-6.44782747e-06
0.00000000e+00,-6.54761153e-07,-1.22565183e-06,-1.83572271e-06
0.00000000e+00,-1.07041652e-06,-2.14083305e-06,-3.21124955e-06
0.00000000e+00,-1.41278694e-06,-2.75244019e-06,-4.12625794e-06
0.00000000e+00,-1.16591276e-06,-2.33182553e-06,-3.49773828e-06
0.00000000e+00,-1.89854511e-06,-3.79709023e-06,-5.69563532e-06
0.00000000e+00,-2.59225684e-06,-5.11470309e-06,-7.66976145e-06
0.00000000e+00,-2.18264780e-06,-4.36529560e-06,-6.54794339e-06
0.00000000e+00,-2.10144487e-06,-4.14010634e-06,-6.20809716e-06
0.00000000e+00,-2.74492490e-06,-5.48984981e-06,-8.23477470e-06
0.00000000e+00,-2.40857512e-06,-4.81715026e-06,-7.22572537e-06
0.00000000e+00,-2.36100500e-06,-4.72201001e-06,-7.08301500e-06
0.00000000e+00,-2.41259646e-06,-4.82519294e-06,-7.23778939e-06
0.00000000e+00,-2.48244274e-06,-4.90855433e-06,-7.36098109e-06
0.00000000e+00,-2.59492104e-06,-5.18984208e-06,-7.78476311e-06
0.00000000e+00,-2.43635998e-06,-4.81990242e-06,-7.22811863e-06
0.00000000e+00,-2.20513025e-06,-4.41026051e-06,-6.61539075e-06
0.00000000e+00,-2.41136116e-06,-4.82272233e-06,-7.23408348e-06
0.00000000e+00,-5.79080827e-07,-6.63740245e-07,-9.79369398e-07
0.00000000e+00,-1.94569734e-07,-3.97560401e-08,-4.81573558e-08
0.00000000e+00,-8.15944229e-07,-1.21657076e-06,-1.81121359e-06
0.00000000e+00,-9.24509355e-07,-1.55896081e-06,-2.32891325e-06
0.00000000e+00,-8.24684525e-07,-1.16808190e-06,-1.73631333e-06
0.00000000e+00,-4.42350427e-07,-4.59031005e-07,-6.74563916e-07
0.00000000e+00,-5.24194084e-07,-7.08959487e-07,-1.05228952e-06
0.00000000e+00,-6.34032092e-07,-8.13194629e-07,-1.20485019e-06
0.00000000e+00,-8.20428124e-07,-1.32113558e-06,-1.97120104e-06
0.00000000e+00,-1.01183784e-06,-1.61880081e-06,-2.41490170e-06
0.00000000e+00,-8.02533441e-07,-1.25237908e-06,-1.86698337e-06
0.00000000e+00,-1.44288030e-06,-2.60392251e-06,-3.89662581e-06
0.00000000e+00,-8.13718029e-07,-1.29122206e-06,-1.92578898e-06
0.00000000e+00,-1.21772092e-06,-2.20470947e-06,-3.29948500e-06
0.00000000e+00,-8.10856240e-07,-1.24594663e-06,-1.85657662e-06
0.00000000e+00,-1.16728090e-06,-2.07416665e-06,-3.10269639e-06
0.00000000e+00,-1.14535065e-06,-1.95970871e-06,-2.92869048e-06
0.00000000e+00,-9.85317205e-07,-1.68716122e-06,-2.52143018e-06
0.00000000e+00,-1.56788716e-06,-2.90915184e-06,-4.35628356e-06
0.00000000e+00,-8.23637735e-07,-1.35061333e-06,-2.01617510e-06
0.00000000e+00,-1.06664487e-06,-1.93222012e-06,-2.89172534e-06
0.00000000e+00,8.30870620e-07,1.84173603e-06,2.76851660e-06
0.00000000e+00,-3.02090519e-06,-5.89324606e-06,-8.83498897e-06
0.00000000e+00,-3.04825945e-08,2.05927179e-07,3.17657774e-07
0.00000000e+00,6.29985036e-08,3.00719313e-07,4.56818336e-07
0.00000000e+00,-1.23018254e-06,-2.29608552e-06,-3.43873194e-06
0.00000000e+00,-1.72721689e-06,-3.23512267e-06,-4.84547997e-06
0.00000000e+00,-2.40914572e-06,-4.67419869e-06,-7.00656480e-06
0.00000000e+00,-1.51219272e-06,-2.90725156e-06,-4.35702966e-06
0.00000000e+00,-2.39028179e-06,-4.64771448e-06,-6.96720782e-06
0.00000000e+00,-1.39722600e-06,-2.62051887e-06,-3.92506487e-06
0.00000000e+00,-2.11971079e-06,-4.12452350e-06,-6.18301101e-06
0.00000000e+00,-1.19820939e-06,-2.29500013e-06,-3.43916873e-06
0.00000000e+00,5.65130991e-06,1.13026198e-05,1.69539297e-05
0.00000000e+00,-2.34782132e-06,-4.69564266e-06,-7.04346397e-06
0.00000000e+00,3.46535528e-06,7.02144350e-06,1.05351457e-05
0.00000000e+00,2.42505825e-06,4.85011648e-06,7.27517475e-06
0.00000000e+00,-3.57473493e-06,-7.14946987e-06,-1.07242048e-05
0.00000000e+00,-1.96377104e-06,-3.85325992e-06,-5.77744982e-06
0.00000000e+00,-2.31054975e-06,-4.62109950e-06,-6.93164924e-06
0.00000000e+00,-2.05363364e-06,-4.10726730e-06,-6.16090093e-06
0.00000000e+00,-2.95877484e-06,-5.91754969e-06,-8.87632451e-06
0.00000000e+00,-2.17335342e-06,-4.28813992e-06,-6.43028603e-06
0.00000000e+00,-2.52177535e-06,-5.04355070e-06,-7.56532604e-06
0.00000000e+00,-1.41462569e-06,-2.82925139e-06,-4.24387706e-06
0.00000000e+00,-1.40856891e-07,2.23298534e-07,3.51536664e-07
0.00000000e+00,-9.95963785e-08,1.57904873e-07,2.48587413e-07
0.00000000e+00,-1.17808900e-07,1.86760506e-07,2.94015227e-07
0.00000000e+00,-8.23378049e-08,1.30525095e-07,2.05484531e-07
0.00000000e+00,-4.03360660e-07,-3.04363708e-07,-4.40043901e-07
0.00000000e+00,-1.21266250e-07,1.92242029e-07,3.02644708e-07
0.00000000e+00,-1.31568242e-07,9.25926674e-08,1.50574153e-07
0.00000000e+00,-1.29333212e-07,2.05028887e-07,3.22774997e-07
0.00000000e+00,-9.09662968e-08,1.44216574e-07,2.27038357e-07
0.00000000e+00,-4.53903862e-07,-4.88959720e-07,-7.19681076e-07
0.00000000e+00,-1.00073358e-07,1.58642790e-07,2.49749864e-07
0.00000000e+00,-5.59348493e-07,-8.26067682e-07,-1.22948910e-06
0.00000000e+00,-9.47608311e-08,1.50222636e-07,2.36494027e-07
0.00000000e+00,-6.50726960e-08,1.03158388e-07,1.62401255e-07
0.00000000e+00,-1.06284960e-07,1.68491382e-07,2.65254343e-07
0.00000000e+00,-7.37052723e-08,1.16841698e-07,1.83942827e-07
0.00000000e+00,-4.72618125e-07,-6.07257102e-07,-8.99783563e-07
0.00000000e+00,-7.99167883e-08,1.26690462e-07,1.99447566e-07
0.00000000e+00,-6.43198640e-07,-1.05437920e-06,-1.57394736e-06
0.00000000e+00,-8.32366390e-08,1.31954015e-07,2.07733898e-07
0.00000000e+00,-5.64405379e-08,8.94742413e-08,1.40858428e-07
0.00000000e+00,-5.15558636e-08,8.17356026e-08,1.28675362e-07
0.00000000e+00,-4.23414701e-08,6.71164198e-08,1.05661015e-07
0.00000000e+00,-7.62320889e-08,1.20846513e-07,1.90247607e-07
0.00000000e+00,1.16934698e-06,2.52261437e-06,3.78996306e-06
0.00000000e+00,-4.69474199e-08,7.44285056e-08,1.17171929e-07
0.00000000e+00,-6.23381723e-08,9.88236876e-08,1.55577168e-07
0.00000000e+00,-1.70855101e-06,-3.26692017e-06,-4.89544700e-06
0.00000000e+00,-3.31222372e-08,5.25069158e-08,8.26611852e-08
0.00000000e+00,-3.77320281e-08,5.98113189e-08,9.41605766e-08
0.00000000e+00,-4.90979821e-08,7.78316207e-08,1.22529673e-07
0.00000000e+00,-9.74719466e-07,-1.83149630e-06,-2.74337020e-06
0.00000000e+00,-2.85129284e-08,4.52015488e-08,7.11603477e-08
0.00000000e+00,0.00000000e+00,0.00000000e+00,0.00000000e+00
0.00000000e+00,1.12960745e-13,2.14039264e-13,3.40670416e-13
0.00000000e+00,-2.59987417e-08,4.12236987e-08,6.48977301e-08
0.00000000e+00,1.44394472e-06,2.88788943e-06,4.33183415e-06
0.00000000e+00,3.65322447e-14,6.44180744e-14,1.11440119e-13
0.00000000e+00,-2.11714763e-08,3.35567220e-08,5.28282841e-08
0.00000000e+00,-5.56800964e-06,-1.11360193e-05,-1.67040289e-05
0.00000000e+00,2.25122677e-13,4.37713705e-13,6.74848111e-13
0.00000000e+00,1.68139715e-13,3.23981937e-13,5.05128754e-13
0.00000000e+00,-1.65609030e-08,2.62538827e-08,4.13312392e-08
0.00000000e+00,-9.42603904e-08,-1.88520793e-07,-2.82781172e-07
0.00000000e+00,2.92834022e-13,5.72696149e-13,8.77056233e-13
0.00000000e+00,3.03274926e-07,1.10097126e-06,1.66769786e-06
0.00000000e+00,-3.32587451e-10,3.48718253e-07,5.34554084e-07
0.00000000e+00,5.84265666e-07,1.58384904e-06,2.38941609e-06
0.00000000e+00,7.62705131e-07,1.81546817e-06,2.73273020e-06
0.00000000e+00,1.23128508e-07,7.48614627e-07,1.13942360e-06
0.00000000e+00,2.04897626e-07,8.35465101e-07,1.26718024e-06
0.00000000e+00,-6.68705800e-08,2.21987991e-07,3.44667139e-07
0.00000000e+00,3.80289556e-07,1.21544867e-06,1.83811476e-06
0.00000000e+00,6.42076347e-07,1.60387336e-06,2.41631237e-06
0.00000000e+00,2.20255482e-07,8.59358970e-07,1.30279696e-06
0.00000000e+00,6.05791727e-07,1.56427126e-06,2.35799213e-06
0.00000000e+00,3.96108425e-07,1.08484615e-06,1.63688165e-06
0.00000000e+00,6.26166063e-07,1.58854612e-06,2.39386329e-06
0.00000000e+00,1.08901046e-06,2.40875330e-06,3.62070916e-06
0.00000000e+00,6.01240951e-07,1.57824775e-06,2.37971495e-06
0.00000000e+00,1.02202343e-06,2.30444201e-06,3.46521660e-06
0.00000000e+00,2.84081271e-07,9.06141689e-07,1.37031462e-06
0.00000000e+00,8.27186061e-07,1.93784531e-06,2.91607962e-06
0.00000000e+00,5.13770439e-07,1.25955896e-06,1.89695988e-06
0.00000000e+00,6.58149328e-07,1.61296080e-06,2.42918609e-06
0.00000000e+00,9.54481355e-07,2.11003233e-06,3.17165332e-06
0.00000000e+00,-9.31278895e-07,-1.68256300e-06,-2.51793195e-06
0.00000000e+00,2.93803062e-06,6.02462557e-06,9.04181848e-06
0.00000000e+00,-1.18386735e-07,3.01185510e-08,5.39448215e-08
0.00000000e+00,-1.27194658e-06,-2.35997275e-06,-3.53391761e-06
0.00000000e+00,1.13854246e-06,2.44136449e-06,3.66744307e-06
0.00000000e+00,1.60487720e-06,3.42906552e-06,5.15080231e-06
0.00000000e+00,1.62477127e-06,3.39972438e-06,5.10451983e-06
0.00000000e+00,1.44685180e-06,3.01083747e-06,4.52010389e-06
0.00000000e+00,2.31617427e-06,4.76519764e-06,7.15216036e-06
0.00000000e+00,1.30020030e-06,2.77433373e-06,4.16721404e-06
0.00000000e+00,9.08926533e-07,1.93579570e-06,2.90756779e-06
0.00000000e+00,1.14163478e-06,2.38468822e-06,3.58036378e-06
0.00000000e+00,-5.65130995e-06,-1.13026199e-05,-1.69539298e-05
0.00000000e+00,2.34782156e-06,4.69564311e-06,7.04346469e-06
0.00000000e+00,-3.51597064e-06,-6.94120835e-06,-1.04088321e-05
0.00000000e+00,-1.44394475e-06,-2.88788951e-06,-4.33183425e-06
0.00000000e+00,3.57473507e-06,7.14947013e-06,1.07242052e-05
0.00000000e+00,1.92233471e-06,3.91895158e-06,5.88086744e-06
0.00000000e+00,5.56800986e-06,1.11360197e-05,1.67040296e-05
0.00000000e+00,2.05363411e-06,4.10726821e-06,6.16090234e-06
0.00000000e+00,2.95877519e-06,5.91755037e-06,8.87632557e-06
0.00000000e+00,2.14068308e-06,4.33993310e-06,6.51182350e-06
0.00000000e+00,9.42608506e-08,1.88521688e-07,2.82782551e-07
0.00000000e+00,1.41462628e-06,2.82925254e-06,4.24387883e-06
0.00000000e+00,6.98825252e-07,1.86074341e-06,2.80632700e-06
0.00000000e+00,8.66132413e-07,2.05698883e-06,3.09614993e-06
0.00000000e+00,1.03092630e-06,2.45628464e-06,3.69738344e-06
0.00000000e+00,1.46371929e-06,3.20105687e-06,4.81057324e-06
0.00000000e+00,5.56205639e-07,1.59369842e-06,2.40635717e-06
0.00000000e+00,8.12644880e-07,2.02226688e-06,3.04644041e-06
0.00000000e+00,3.34846787e-07,1.00912225e-06,1.52483309e-06
0.00000000e+00,8.93162792e-07,2.21508806e-06,3.33671626e-06
0.00000000e+00,1.13520970e-06,2.56959055e-06,3.86421314e-06
0.00000000e+00,7.85984937e-07,1.97684474e-06,2.97856662e-06
0.00000000e+00,1.24091331e-06,2.81585178e-06,4.23474989e-06
0.00000000e+00,1.28566225e-06,2.85316260e-06,4.28900185e-06
0.00000000e+00,1.22135045e-06,2.76847205e-06,4.16340916e-06
0.00000000e+00,1.71754300e-06,3.65759858e-06,5.49370707e-06
0.00000000e+00,1.14678552e-06,2.65367265e-06,3.99233775e-06
0.00000000e+00,1.65706260e-06,3.56219064e-06,5.35143453e-06
0.00000000e+00,9.60711675e-07,2.25241593e-06,3.38949649e-06
0.00000000e+00,1.44690712e-06,3.16795611e-06,4.76093930e-06
0.00000000e+00,1.44146986e-06,3.10956220e-06,4.67178750e-06
0.00000000e+00,1.24715642e-06,2.78575356e-06,4.18820371e-06
0.00000000e+00,1.62771896e-06,3.45239764e-06,5.18506629e-06
0.00000000e+00,4.66538405e-07,1.09965688e-06,1.65495723e-06
0.00000000e+00,1.84961226e-06,3.83884572e-06,5.76285493e-06
0.00000000e+00,5.06771602e-07,1.26097781e-06,1.89959457e-06
0.00000000e+00,-1.60467469e-07,-1.46212633e-07,-2.13579581e-07
0.00000000e+00,1.31045488e-06,2.77401039e-06,4.16604472e-06
0.00000000e+00,1.71592508e-06,3.63846991e-06,5.46449201e-06
0.00000000e+00,2.32876816e-06,4.80162908e-06,7.20717685e-06
0.00000000e+00,2.29568171e-06,4.70402572e-06,7.05973938e-06
0.00000000e+00,2.30510844e-06,4.73635862e-06,7.10868150e-06
0.00000000e+00,1.99863332e-06,4.16485409e-06,6.25278613e-06
0.00000000e+00,2.05561741e-06,4.22613291e-06,6.34297360e-06
0.00000000e+00,2.00905262e-06,4.11728811e-06,6.17919018e-06
0.00000000e+00,1.97858136e-07,3.95716260e-07,5.93574410e-07
0.00000000e+00,2.42534583e-06,4.85069166e-06,7.27603750e-06
0.00000000e+00,6.07975926e-07,1.29982233e-06,1.95248853e-06
0.00000000e+00,-2.42505824e-06,-4.85011649e-06,-7.27517472e-06
0.00000000e+00,1.16591297e-06,2.33182592e-06,3.49773890e-06
0.00000000e+00,2.55331465e-06,5.17643988e-06,7.76695301e-06
0.00000000e+00,2.31055002e-06,4.62110003e-06,6.93165007e-06
0.00000000e+00,2.74492541e-06,5.48985080e-06,8.23477622e-06
0.00000000e+00,2.36100541e-06,4.72201080e-06,7.08301622e-06
0.00000000e+00,2.45101981e-06,4.95837076e-06,7.43940654e-06
0.00000000e+00,2.52177583e-06,5.04355165e-06,7.56532750e-06
0.00000000e+00,2.20513086e-06,4.41026171e-06,6.61539258e-06
0.00000000e+00,1.24555336e-06,2.90344754e-06,4.36871607e-06
0.00000000e+00,1.30338264e-06,2.89165962e-06,4.34684777e-06
0.00000000e+00,1.45082695e-06,3.26225121e-06,4.90522188e-06
0.00000000e+00,1.75494510e-06,3.75695539e-06,5.64354879e-06
0.00000000e+00,9.80634734e-07,2.40129945e-06,3.61640347e-06
0.00000000e+00,1.30414348e-06,2.95874682e-06,4.44963229e-06
0.00000000e+00,1.08921645e-06,2.48533774e-06,3.73808796e-06
0.00000000e+00,1.34293281e-06,3.07233469e-06,4.62119695e-06
0.00000000e+00,1.55152200e-06,3.36902376e-06,5.06227266e-06
0.00000000e+00,1.26303200e-06,2.90357868e-06,4.36776879e-06
0.00000000e+00,1.60821698e-06,3.52026521e-06,5.29037821e-06
0.00000000e+00,1.62401509e-06,3.50837192e-06,5.27110971e-06
0.00000000e+00,1.60317035e-06,3.51519450e-06,5.28293712e-06
0.00000000e+00,1.98067906e-06,4.17059413e-06,6.26276428e-06
0.00000000e+00,1.53823645e-06,3.41119845e-06,5.12779289e-06
0.00000000e+00,1.90521845e-06,4.03858749e-06,6.06537564e-06
0.00000000e+00,1.43578637e-06,3.18888523e-06,4.79375107e-06
0.00000000e+00,1.79243891e-06,3.84392274e-06,5.77439333e-06
0.00000000e+00,1.88502705e-06,3.98592840e-06,5.98598374e-06
0.00000000e+00,1.63572692e-06,3.55443588e-06,5.34094935e-06
0.00000000e+00,1.97885086e-06,4.14802316e-06,6.22828651e-06
0.00000000e+00,1.44569014e-06,3.03687878e-06,4.56009758e-06
0.00000000e+00,2.05057198e-06,4.22671078e-06,6.34419085e-06
0.00000000e+00,1.43040870e-06,3.07715103e-06,4.62283278e-06
0.00000000e+00,9.60560958e-07,2.07842579e-06,3.12280588e-06
0.00000000e+00,1.75794599e-06,3.65142463e-06,5.48158900e-06
0.00000000e+00,1.90573290e-06,3.99778179e-06,6.00279289e-06
0.00000000e+00,1.94132909e-06,4.01525218e-06,6.02723378e-06
0.00000000e+00,2.29909153e-06,4.70381817e-06,7.05919722e-06
0.00000000e+00,2.21612761e-06,4.54785617e-06,6.82558158e-06
0.00000000e+00,2.15979633e-06,4.47702823e-06,6.72071387e-06
0.00000000e+00,2.30864646e-06,4.72644163e-06,7.09324782e-06
0.00000000e+00,2.26239965e-06,4.62046856e-06,6.93384544e-06
0.00000000e+00,1.56094170e-06,3.12188339e-06,4.68282510e-06
0.00000000e+00,2.14927625e-06,4.29855249e-06,6.44782876e-06
0.00000000e+00,1.37199052e-06,2.81711472e-06,4.22807443e-06
0.00000000e+00,1.07041671e-06,2.14083341e-06,3.21125013e-06
0.00000000e+00,1.89854547e-06,3.79709092e-06,5.69563640e-06
0.00000000e+00,2.06642242e-06,4.19562824e-06,6.29550471e-06
0.00000000e+00,2.18264817e-06,4.36529632e-06,6.54794450e-06
0.00000000e+00,2.40857569e-06,4.81715137e-06,7.22572707e-06
0.00000000e+00,2.41259696e-06,4.82519391e-06,7.23779089e-06
0.00000000e+00,2.40689710e-06,4.86661174e-06,7.30165261e-06
0.00000000e+00,2.59492157e-06,5.18984313e-06,7.78476472e-06
0.00000000e+00,2.41136180e-06,4.82272358e-06,7.23408539e-06
0.00000000e+00,9.31278912e-07,1.68256302e-06,2.51793200e-06
0.00000000e+00,5.15558475e-08,-8.17356579e-08,-1.28675405e-07
0.00000000e+00,-2.93803036e-06,-6.02462508e-06,-9.04181770e-06
0.00000000e+00,4.23417104e-08,-6.71159637e-08,-1.05660291e-07
0.00000000e+00,3.51597062e-06,6.94120829e-06,1.04088320e-05
0.00000000e+00,2.59987314e-08,-4.12237368e-08,-6.48977559e-08
0.00000000e+00,1.27194657e-06,2.35997271e-06,3.53391759e-06
0.00000000e+00,-1.13854232e-06,-2.44136422e-06,-3.66744263e-06
0.00000000e+00,4.69475310e-08,-7.44283061e-08,-1.17171592e-07
0.00000000e+00,-1.92233445e-06,-3.91895109e-06,-5.88086666e-06
0.00000000e+00,2.11716925e-08,-3.35563124e-08,-5.28276331e-08
0.00000000e+00,-1.62477102e-06,-3.39972390e-06,-5.10451906e-06
0.00000000e+00,-1.44685131e-06,-3.01083653e-06,-4.52010244e-06
0.00000000e+00,3.31227089e-08,-5.25059981e-08,-8.26597715e-08
0.00000000e+00,-2.31617390e-06,-4.76519693e-06,-7.15215925e-06
0.00000000e+00,3.77323838e-08,-5.98106326e-08,-9.41595090e-08
0.00000000e+00,-2.14068261e-06,-4.33993217e-06,-6.51182207e-06
0.00000000e+00,1.65613686e-08,-2.62529771e-08,-4.13298435e-08
0.00000000e+00,-9.08926057e-07,-1.93579477e-06,-2.90756637e-06
0.00000000e+00,-1.14163419e-06,-2.38468705e-06,-3.58036199e-06
0.00000000e+00,2.85135207e-08,-4.52003903e-08,-7.11585740e-08
0.00000000e+00,3.32727420e-10,-3.48717997e-07,-5.34553660e-07
0.00000000e+00,9.95964948e-08,-1.57904664e-07,-2.48587060e-07
0.00000000e+00,-7.62704799e-07,-1.81546753e-06,-2.73272921e-06
0.00000000e+00,8.23381141e-08,-1.30524502e-07,-2.05483603e-07
0.00000000e+00,1.18386802e-07,-3.01184404e-08,-5.39446145e-08
0.00000000e+00,7.62321368e-08,-1.20846441e-07,-1.90247459e-07
0.00000000e+00,6.68706962e-08,-2.21987784e-07,-3.44666787e-07
0.00000000e+00,-6.42076112e-07,-1.60387292e-06,-2.41631166e-06
0.00000000e+00,9.09665084e-08,-1.44216175e-07,-2.27037719e-07
0.00000000e+00,-1.60487691e-06,-3.42906495e-06,-5.15080143e-06
0.00000000e+00,6.23384468e-08,-9.88231636e-08,-1.55576343e-07
0.00000000e+00,-3.96108103e-07,-1.08484554e-06,-1.63688069e-06
0.00000000e+00,-1.08900994e-06,-2.40875229e-06,-3.62070760e-06
0.00000000e+00,6.50732071e-08,-1.03157391e-07,-1.62399723e-07
0.00000000e+00,-1.02202301e-06,-2.30444118e-06,-3.46521532e-06
0.00000000e+00,7.37056822e-08,-1.16840903e-07,-1.83941598e-07
0.00000000e+00,-1.30019980e-06,-2.77433275e-06,-4.16721253e-06
0.00000000e+00,4.90984736e-08,-7.78306637e-08,-1.22528201e-07
0.00000000e+00,-5.13769923e-07,-1.25955795e-06,-1.89695833e-06
0.00000000e+00,-9.54480740e-07,-2.11003112e-06,-3.17165148e-06
0.00000000e+00,5.64411499e-08,-8.94730437e-08,-1.40856595e-07
0.00000000e+00,-3.03274614e-07,-1.10097066e-06,-1.66769692e-06
0.00000000e+00,1.40857190e-07,-2.23297960e-07,-3.51535764e-07
0.00000000e+00,-5.84265222e-07,-1.58384817e-06,-2.38941476e-06
0.00000000e+00,1.17809336e-07,-1.86759659e-07,-2.94013919e-07
0.00000000e+00,-2.04897403e-07,-8.35464680e-07,-1.26717957e-06
0.00000000e+00,1.21266449e-07,-1.92241656e-07,-3.02644109e-07
0.00000000e+00,-1.23128205e-07,-7.48614047e-07,-1.13942269e-06
0.00000000e+00,-3.80289177e-07,-1.21544794e-06,-1.83811362e-06
0.00000000e+00,1.29333579e-07,-2.05028178e-07,-3.22773894e-07
0.00000000e+00,-6.05791339e-07,-1.56427051e-06,-2.35799097e-06
0.00000000e+00,1.00073730e-07,-1.58642072e-07,-2.49748748e-07
0.00000000e+00,-2.20255043e-07,-8.59358116e-07,-1.30279564e-06
0.00000000e+00,-6.26165486e-07,-1.58854499e-06,-2.39386156e-06
0.00000000e+00,9.47614042e-08,-1.50221516e-07,-2.36492310e-07
0.00000000e+00,-6.01240441e-07,-1.57824676e-06,-2.37971342e-06
0.00000000e+00,1.06285465e-07,-1.68490399e-07,-2.65252831e-07
0.00000000e+00,-8.27185512e-07,-1.93784424e-06,-2.91607798e-06
0.00000000e+00,7.99173306e-08,-1.26689404e-07,-1.99445942e-07
0.00000000e+00,-2.84080696e-07,-9.06140566e-07,-1.37031290e-06
0.00000000e+00,-6.58148685e-07,-1.61295954e-06,-2.42918417e-06
0.00000000e+00,8.32372818e-08,-1.31952756e-07,-2.07731974e-07
0.00000000e+00,-4.66538270e-07,-1.09965664e-06,-1.65495682e-06
0.00000000e+00,-1.84961193e-06,-3.83884508e-06,-5.76285393e-06
0.00000000e+00,-6.07975819e-07,-1.29982214e-06,-1.95248820e-06
0.00000000e+00,1.60467539e-07,1.46212750e-07,2.13579798e-07
0.00000000e+00,-1.31045465e-06,-2.77400995e-06,-4.16604401e-06
0.00000000e+00,-2.55331433e-06,-5.17643927e-06,-7.76695205e-06
0.00000000e+00,-2.32876786e-06,-4.80162851e-06,-7.20717596e-06
0.00000000e+00,-2.29568119e-06,-4.70402471e-06,-7.05973783e-06
0.00000000e+00,-2.30510801e-06,-4.73635779e-06,-7.10868022e-06
0.00000000e+00,-2.45101929e-06,-4.95836975e-06,-7.43940500e-06
0.00000000e+00,-2.05561691e-06,-4.22613193e-06,-6.34297209e-06
0.00000000e+00,-2.00905201e-06,-4.11728691e-06,-6.17918834e-06
0.00000000e+00,-8.66132188e-07,-2.05698841e-06,-3.09614926e-06
0.00000000e+00,-1.46371890e-06,-3.20105611e-06,-4.81057207e-06
0.00000000e+00,-5.06771426e-07,-1.26097748e-06,-1.89959403e-06
0.00000000e+00,-3.34846611e-07,-1.00912193e-06,-1.52483256e-06
0.00000000e+00,-1.13520939e-06,-2.56958996e-06,-3.86421222e-06
0.00000000e+00,-1.71592472e-06,-3.63846921e-06,-5.46449093e-06
0.00000000e+00,-1.28566189e-06,-2.85316191e-06,-4.28900077e-06
0.00000000e+00,-1.71754246e-06,-3.65759751e-06,-5.49370543e-06
0.00000000e+00,-1.65706214e-06,-3.56218973e-06,-5.35143313e-06
0.00000000e+00,-1.99863279e-06,-4.16485305e-06,-6.25278453e-06
0.00000000e+00,-1.44146933e-06,-3.10956115e-06,-4.67178590e-06
0.00000000e+00,-1.62771834e-06,-3.45239641e-06,-5.18506441e-06
0.00000000e+00,-6.98824889e-07,-1.86074271e-06,-2.80632591e-06
0.00000000e+00,-1.03092583e-06,-2.45628371e-06,-3.69738201e-06
0.00000000e+00,-8.12644590e-07,-2.02226633e-06,-3.04643953e-06
0.00000000e+00,-5.56205307e-07,-1.59369779e-06,-2.40635617e-06
0.00000000e+00,-8.93162372e-07,-2.21508724e-06,-3.33671500e-06
0.00000000e+00,-1.24091288e-06,-2.81585094e-06,-4.23474859e-06
0.00000000e+00,-7.85984476e-07,-1.97684385e-06,-2.97856524e-06
0.00000000e+00,-1.22134985e-06,-2.76847090e-06,-4.16340739e-06
0.00000000e+00,-1.14678499e-06,-2.65367161e-06,-3.99233615e-06
0.00000000e+00,-1.44690655e-06,-3.16795500e-06,-4.76093760e-06
0.00000000e+00,-9.60711092e-07,-2.25241479e-06,-3.38949474e-06
0.00000000e+00,-1.24715577e-06,-2.78575229e-06,-4.18820177e-06
0.00000000e+00,-1.44568982e-06,-3.03687818e-06,-4.56009664e-06
0.00000000e+00,-2.05057154e-06,-4.22670992e-06,-6.34418952e-06
0.00000000e+00,-1.37199022e-06,-2.81711415e-06,-4.22807353e-06
0.00000000e+00,-9.60560740e-07,-2.07842537e-06,-3.12280522e-06
0.00000000e+00,-1.75794561e-06,-3.65142389e-06,-5.48158785e-06
0.00000000e+00,-2.06642198e-06,-4.19562739e-06,-6.29550340e-06
0.00000000e+00,-1.94132870e-06,-4.01525143e-06,-6.02723262e-06
0.00000000e+00,-2.29909095e-06,-4.70381704e-06,-7.05919549e-06
0.00000000e+00,-2.21612709e-06,-4.54785518e-06,-6.82558005e-06
0.00000000e+00,-2.40689652e-06,-4.86661063e-06,-7.30165089e-06
0.00000000e+00,-2.30864591e-06,-4.72644056e-06,-7.09324618e-06
0.00000000e+00,-2.26239901e-06,-4.62046731e-06,-6.93384352e-06
0.00000000e+00,-1.30338226e-06,-2.89165890e-06,-4.34684665e-06
0.00000000e+00,-1.75494462e-06,-3.75695445e-06,-5.64354735e-06
0.00000000e+00,-1.43040837e-06,-3.07715038e-06,-4.62283177e-06
0.00000000e+00,-1.08921615e-06,-2.48533718e-06,-3.73808708e-06
0.00000000e+00,-1.55152157e-06,-3.36902293e-06,-5.06227138e-06
0.00000000e+00,-1.90573243e-06,-3.99778089e-06,-6.00279150e-06
0.00000000e+00,-1.62401466e-06,-3.50837108e-06,-5.27110840e-06
0.00000000e+00,-1.98067846e-06,-4.17059297e-06,-6.26276250e-06
0.00000000e+00,-1.90521791e-06,-4.03858644e-06,-6.06537403e-06
0.00000000e+00,-2.15979575e-06,-4.47702708e-06,-6.72071211e-06
0.00000000e+00,-1.88502648e-06,-3.98592728e-06,-5.98598203e-06
0.00000000e+00,-1.97885021e-06,-4.14802188e-06,-6.22828456e-06
0.00000000e+00,-1.24555291e-06,-2.90344667e-06,-4.36871472e-06
0.00000000e+00,-1.45082642e-06,-3.26225017e-06,-4.90522028e-06
0.00000000e+00,-1.30414308e-06,-2.95874604e-06,-4.44963108e-06
0.00000000e+00,-9.80634332e-07,-2.40129867e-06,-3.61640226e-06
0.00000000e+00,-1.34293232e-06,-3.07233373e-06,-4.62119547e-06
0.00000000e+00,-1.60821647e-06,-3.52026422e-06,-5.29037668e-06
0.00000000e+00,-1.26303150e-06,-2.90357770e-06,-4.36776728e-06
0.00000000e+00,-1.60316973e-06,-3.51519329e-06,-5.28293527e-06
0.00000000e+00,-1.53823587e-06,-3.41119732e-06,-5.12779116e-06
0.00000000e+00,-1.79243831e-06,-3.84392155e-06,-5.77439151e-06
0.00000000e+00,-1.43578577e-06,-3.18888405e-06,-4.79374926e-06
0.00000000e+00,-1.63572626e-06,-3.55443459e-06,-5.34094737e-06
0.00000000e+00,5.59461473e-07,9.52342850e-07,1.42304241e-06
0.00000000e+00,1.52685484e-06,2.90821116e-06,4.35753736e-06
0.00000000e+00,1.92749673e-06,3.71537225e-06,5.56847206e-06
0.00000000e+00,2.12061805e-06,4.11566927e-06,6.16937926e-06
0.00000000e+00,6.54761260e-07,1.22565202e-06,1.83572303e-06
0.00000000e+00,1.41278723e-06,2.75244076e-06,4.12625883e-06
0.00000000e+00,1.04831000e-06,1.93931610e-06,2.90380699e-06
0.00000000e+00,1.39585964e-06,2.63861863e-06,3.95289885e-06
0.00000000e+00,1.83355137e-06,3.53157005e-06,5.29290307e-06
0.00000000e+00,2.59225716e-06,5.11470370e-06,7.66976240e-06
0.00000000e+00,2.10144530e-06,4.14010718e-06,6.20809846e-06
0.00000000e+00,2.01529469e-06,3.89799536e-06,5.84263755e-06
0.00000000e+00,2.35852864e-06,4.60439495e-06,6.90289166e-06
0.00000000e+00,2.35801843e-06,4.61040172e-06,6.91213266e-06
0.00000000e+00,2.37547438e-06,4.62480699e-06,6.93306695e-06
0.00000000e+00,2.28061384e-06,4.44562670e-06,6.66464276e-06
0.00000000e+00,2.48244325e-06,4.90855533e-06,7.36098263e-06
0.00000000e+00,2.43636055e-06,4.81990353e-06,7.22812034e-06
0.00000000e+00,2.36953336e-06,4.62991799e-06,6.94129164e-06
0.00000000e+00,2.06438020e-06,4.02957751e-06,6.04110829e-06
0.00000000e+00,2.31576732e-06,4.53586534e-06,6.80065544e-06
0.00000000e+00,1.04727297e-06,1.76982191e-06,2.64406622e-06
0.00000000e+00,1.46230732e-06,2.63972027e-06,3.95022210e-06
0.00000000e+00,1.61635238e-06,2.95908644e-06,4.42964176e-06
0.00000000e+00,1.89276706e-06,3.53846890e-06,5.29958768e-06
0.00000000e+00,6.44800383e-07,1.04216613e-06,1.55512139e-06
0.00000000e+00,1.55108719e-06,2.88584072e-06,4.32165488e-06
0.00000000e+00,1.26041802e-06,2.21393117e-06,3.31081544e-06
0.00000000e+00,1.30209692e-06,2.30502266e-06,3.44770672e-06
0.00000000e+00,1.69989531e-06,3.13381084e-06,4.69197926e-06
0.00000000e+00,1.83118404e-06,3.45574831e-06,5.17683536e-06
0.00000000e+00,2.00966689e-06,3.83301775e-06,5.74340647e-06
0.00000000e+00,1.76924290e-06,3.27814405e-06,4.90866428e-06
0.00000000e+00,1.84166825e-06,3.46082390e-06,5.18392669e-06
0.00000000e+00,2.09739822e-06,3.98556040e-06,5.97146755e-06
0.00000000e+00,1.79544173e-06,3.34281801e-06,5.00607848e-06
0.00000000e+00,2.03248894e-06,3.83682726e-06,5.74774652e-06
0.00000000e+00,2.09211910e-06,4.01665074e-06,6.01947116e-06
0.00000000e+00,2.24761942e-06,4.33780325e-06,6.50153338e-06
0.00000000e+00,2.00544919e-06,3.79502406e-06,5.68544498e-06
0.00000000e+00,1.73758996e-06,3.27822017e-06,4.91086047e-06
0.00000000e+00,2.08501883e-06,3.97971620e-06,5.96332256e-06
0.00000000e+00,9.57155329e-07,1.45121773e-06,2.16161475e-06
0.00000000e+00,1.47557182e-06,2.53880279e-06,3.79465947e-06
0.00000000e+00,1.25095445e-06,2.10747683e-06,3.14825881e-06
0.00000000e+00,1.65198102e-06,2.94336470e-06,4.40320202e-06
0.00000000e+00,1.03409293e-06,1.67120872e-06,2.49377304e-06
0.00000000e+00,1.49964247e-06,2.64882506e-06,3.96172557e-06
0.00000000e+00,1.22609923e-06,2.01216846e-06,3.00379843e-06
0.00000000e+00,1.13234170e-06,1.83592090e-06,2.73979721e-06
0.00000000e+00,1.55851914e-06,2.73056918e-06,4.08315891e-06
0.00000000e+00,1.42724385e-06,2.52046250e-06,3.76972158e-06
0.00000000e+00,1.77770492e-06,3.25157857e-06,4.86738750e-06
0.00000000e+00,1.47362304e-06,2.56973139e-06,3.84219635e-06
0.00000000e+00,1.40307705e-06,2.48038290e-06,3.70987331e-06
0.00000000e+00,1.77545993e-06,3.24206604e-06,4.85295372e-06
0.00000000e+00,1.34766284e-06,2.33522405e-06,3.49100733e-06
0.00000000e+00,1.72495828e-06,3.11519097e-06,4.66179127e-06
0.00000000e+00,1.59983308e-06,2.92552427e-06,4.37928130e-06
0.00000000e+00,1.93694328e-06,3.61484162e-06,5.41375324e-06
0.00000000e+00,1.61279443e-06,2.90827636e-06,4.35199135e-06
0.00000000e+00,1.40973243e-06,2.52802411e-06,3.78246283e-06
0.00000000e+00,1.79358431e-06,3.30418654e-06,4.94698432e-06
0.00000000e+00,-8.30870582e-07,-1.84173597e-06,-2.76851648e-06
0.00000000e+00,3.02090545e-06,5.89324654e-06,8.83498973e-06
0.00000000e+00,-3.46535528e-06,-7.02144352e-06,-1.05351457e-05
0.00000000e+00,-6.29984266e-08,-3.00719182e-07,-4.56818101e-07
0.00000000e+00,1.23018267e-06,2.29608575e-06,3.43873232e-06
0.00000000e+00,1.96377128e-06,3.85326037e-06,5.77745053e-06
0.00000000e+00,2.40914602e-06,4.67419925e-06,7.00656568e-06
0.00000000e+00,1.51219320e-06,2.90725249e-06,4.35703109e-06
0.00000000e+00,2.39028215e-06,4.64771518e-06,6.96720891e-06
0.00000000e+00,2.17335390e-06,4.28814084e-06,6.43028745e-06
0.00000000e+00,2.11971129e-06,4.12452447e-06,6.18301250e-06
0.00000000e+00,1.19820998e-06,2.29500129e-06,3.43917052e-06
0.00000000e+00,1.94569873e-07,3.97562928e-08,4.81577742e-08
0.00000000e+00,9.24509681e-07,1.55896143e-06,2.32891423e-06
0.00000000e+00,3.04826803e-08,-2.05927031e-07,-3.17657513e-07
0.00000000e+00,5.24194259e-07,7.08959812e-07,1.05229005e-06
0.00000000e+00,8.20428359e-07,1.32113603e-06,1.97120175e-06
0.00000000e+00,1.72721718e-06,3.23512322e-06,4.84548083e-06
0.00000000e+00,1.44288066e-06,2.60392319e-06,3.89662688e-06
0.00000000e+00,1.21772144e-06,2.20471048e-06,3.29948655e-06
0.00000000e+00,1.16728132e-06,2.07416747e-06,3.10269766e-06
0.00000000e+00,1.39722650e-06,2.62051985e-06,3.92506637e-06
0.00000000e+00,1.56788769e-06,2.90915288e-06,4.35628515e-06
0.00000000e+00,1.06664548e-06,1.93222132e-06,2.89172718e-06
0.00000000e+00,5.79081147e-07,6.63740859e-07,9.79370358e-07
0.00000000e+00,8.15944678e-07,1.21657163e-06,1.81121494e-06
0.00000000e+00,4.42350649e-07,4.59031425e-07,6.74564586e-07
0.00000000e+00,8.24684865e-07,1.16808256e-06,1.73631435e-06
0.00000000e+00,6.34032476e-07,8.13195371e-07,1.20485134e-06
0.00000000e+00,8.02533829e-07,1.25237983e-06,1.86698454e-06
0.00000000e+00,1.01183830e-06,1.61880171e-06,2.41490310e-06
0.00000000e+00,8.13718609e-07,1.29122320e-06,1.92579072e-06
0.00000000e+00,8.10856754e-07,1.24594763e-06,1.85657816e-06
0.00000000e+00,9.85317755e-07,1.68716230e-06,2.52143182e-06
0.00000000e+00,1.14535124e-06,1.95970987e-06,2.92869224e-06
0.00000000e+00,8.23638382e-07,1.35061460e-06,2.01617704e-06
0.00000000e+00,-1.16934697e-06,-2.52261436e-06,-3.78996301e-06
0.00000000e+00,1.70855124e-06,3.26692062e-06,4.89544771e-06
0.00000000e+00,9.74719942e-07,1.83149723e-06,2.74337163e-06
0.00000000e+00,1.31568362e-07,-9.25924522e-08,-1.50573790e-07
0.00000000e+00,5.59348812e-07,8.26068294e-07,1.22949006e-06
0.00000000e+00,6.43199155e-07,1.05438020e-06,1.57394890e-06
0.00000000e+00,4.03360965e-07,3.04364294e-07,4.40044820e-07
0.00000000e+00,4.53904305e-07,4.88960579e-07,7.19682403e-07
0.00000000e+00,4.72618702e-07,6.07258231e-07,8.99785292e-07
0.00000000e+00,1.98505075e-06,4.19261406e-06,6.29623029e-06
0.00000000e+00,1.62844998e-06,3.58267112e-06,5.38470775e-06
0.00000000e+00,1.91702395e-06,4.03100762e-06,6.05298126e-06
0.00000000e+00,1.61878505e-06,3.52901083e-06,5.30308963e-06
0.00000000e+00,1.98401537e-06,4.18390503e-06,6.28294869e-06
0.00000000e+00,1.81010868e-06,3.89435923e-06,5.85054398e-06
0.00000000e+00,1.62044685e-06,3.55820618e-06,5.34773249e-06
0.00000000e+00,1.93186405e-06,4.13734640e-06,6.21500754e-06
0.00000000e+00,1.56579055e-06,3.52601314e-06,5.30197618e-06
0.00000000e+00,1.98187535e-06,4.21181612e-06,6.32587275e-06
0.00000000e+00,1.60715893e-06,3.57441946e-06,5.37345796e-06
0.00000000e+00,1.86131316e-06,3.98296806e-06,5.98300391e-06
0.00000000e+00,1.76189977e-06,3.85782470e-06,5.79770925e-06
0.00000000e+00,1.51941594e-06,3.41634655e-06,5.13692059e-06
0.00000000e+00,1.76615443e-06,3.85703286e-06,5.79621597e-06
0.00000000e+00,1.44614923e-06,3.35539136e-06,5.04829892e-06
0.00000000e+00,1.85637493e-06,4.01192101e-06,6.02770883e-06
0.00000000e+00,1.51086668e-06,3.45049583e-06,5.18982792e-06
0.00000000e+00,1.56532157e-06,3.43754799e-06,5.16640333e-06
0.00000000e+00,1.61555640e-06,3.62808993e-06,5.45517497e-06
0.00000000e+00,1.35835037e-06,3.15673072e-06,4.74955038e-06
0.00000000e+00,1.98142194e-06,4.19357626e-06,6.29794360e-06
0.00000000e+00,1.63512070e-06,3.60645540e-06,5.42072721e-06
0.00000000e+00,1.87445740e-06,3.94998442e-06,5.93158146e-06
0.00000000e+00,1.59968496e-06,3.49603206e-06,5.25379298e-06
0.00000000e+00,1.98140286e-06,4.18942820e-06,6.29158650e-06
0.00000000e+00,1.81326487e-06,3.91000293e-06,5.87431606e-06
0.00000000e+00,1.63297848e-06,3.59694954e-06,5.40629690e-06
0.00000000e+00,2.03163666e-06,4.35333122e-06,6.53952479e-06
0.00000000e+00,1.62691415e-06,3.66914599e-06,5.51736153e-06
0.00000000e+00,2.02708679e-06,4.31456872e-06,6.48040665e-06
0.00000000e+00,1.64095815e-06,3.65768216e-06,5.49886656e-06
0.00000000e+00,1.99224971e-06,4.26633751e-06,6.40876421e-06
0.00000000e+00,1.84119149e-06,4.03507078e-06,6.06419141e-06
0.00000000e+00,1.60308355e-06,3.61104198e-06,5.42986247e-06
0.00000000e+00,1.96653181e-06,4.28244704e-06,6.43514727e-06
0.00000000e+00,1.56581329e-06,3.62604798e-06,5.45531294e-06
0.00000000e+00,2.00677917e-06,4.33327901e-06,6.51042084e-06
0.00000000e+00,1.59983328e-06,3.65453612e-06,5.49674593e-06
0.00000000e+00,1.88427374e-06,4.10797617e-06,6.17311395e-06
0.00000000e+00,1.78180012e-06,3.98927009e-06,5.99788773e-06
0.00000000e+00,1.51778390e-06,3.51685494e-06,5.29109194e-06
0.00000000e+00,1.98011171e-06,4.19352720e-06,6.29795448e-06
0.00000000e+00,1.63606680e-06,3.61187789e-06,5.42897690e-06
0.00000000e+00,1.85988362e-06,3.92212255e-06,5.88983089e-06
0.00000000e+00,1.59200799e-06,3.48244326e-06,5.23346777e-06
0.00000000e+00,1.97805902e-06,4.18813611e-06,6.28982561e-06
0.00000000e+00,1.81347428e-06,3.91347259e-06,5.87962076e-06
0.00000000e+00,1.63533383e-06,3.60864681e-06,5.42407231e-06
0.00000000e+00,2.06265484e-06,4.42051039e-06,6.64046247e-06
0.00000000e+00,1.64646685e-06,3.71531200e-06,5.58684247e-06
0.00000000e+00,2.04150164e-06,4.34725551e-06,6.52956354e-06
0.00000000e+00,1.65088668e-06,3.68283465e-06,5.53676925e-06
0.00000000e+00,2.05381555e-06,4.40026040e-06,6.61000301e-06
0.00000000e+00,1.86732684e-06,4.09344319e-06,6.15195046e-06
0.00000000e+00,1.64191312e-06,3.70267424e-06,5.56776986e-06
0.00000000e+00,2.03509749e-06,4.42729261e-06,6.65266901e-06
0.00000000e+00,1.60233853e-06,3.70968937e-06,5.58112291e-06
0.00000000e+00,2.05782064e-06,4.44179044e-06,6.67339916e-06
0.00000000e+00,1.62888030e-06,3.72145590e-06,5.59741551e-06
0.00000000e+00,2.01685483e-06,4.38943881e-06,6.59584337e-06
0.00000000e+00,1.83536067e-06,4.10549586e-06,6.17252545e-06
0.00000000e+00,1.59343119e-06,3.68921998e-06,5.55033163e-06
0.00000000e+00,2.26638069e-06,4.64542368e-06,6.97183631e-06
0.00000000e+00,2.15122482e-06,4.40163250e-06,6.60570677e-06
0.00000000e+00,2.28041719e-06,4.66998309e-06,7.00856002e-06
0.00000000e+00,2.13816493e-06,4.44391730e-06,6.67138095e-06
0.00000000e+00,2.21351956e-06,4.56666031e-06,6.85457682e-06
0.00000000e+00,2.27704268e-06,4.68022711e-06,7.02448424e-06
0.00000000e+00,2.15137392e-06,4.43534184e-06,6.65736828e-06
0.00000000e+00,2.09427003e-06,4.39515980e-06,6.59952685e-06
0.00000000e+00,1.95321000e-06,4.07300008e-06,6.11497203e-06
0.00000000e+00,2.09364514e-06,4.34039091e-06,6.51561549e-06
0.00000000e+00,1.73906779e-06,3.63543945e-06,5.45832638e-06
0.00000000e+00,1.86815330e-06,3.98374121e-06,5.98373966e-06
0.00000000e+00,2.24235815e-06,4.60185018e-06,6.90662295e-06
0.00000000e+00,2.08222894e-06,4.26587653e-06,6.40214625e-06
0.00000000e+00,2.24911123e-06,4.61312054e-06,6.92345505e-06
0.00000000e+00,2.12339739e-06,4.42072791e-06,6.63680531e-06
0.00000000e+00,2.32212240e-06,4.79280913e-06,7.19409382e-06
0.00000000e+00,2.31334685e-06,4.75954279e-06,7.14367809e-06
0.00000000e+00,2.27827058e-06,4.70063391e-06,7.05568410e-06
0.00000000e+00,2.19624886e-06,4.61180884e-06,6.92491730e-06
0.00000000e+00,2.24645168e-06,4.67289813e-06,7.01525976e-06
0.00000000e+00,2.29617026e-06,4.75662007e-06,7.14032644e-06
0.00000000e+00,2.12930140e-06,4.43332511e-06,6.65572703e-06
0.00000000e+00,2.12581017e-06,4.51851271e-06,6.78653607e-06
0.00000000e+00,2.23343992e-06,4.58563123e-06,6.88234765e-06
0.00000000e+00,2.05813149e-06,4.21849038e-06,6.33109359e-06
0.00000000e+00,2.23191307e-06,4.58176877e-06,6.87652740e-06
0.00000000e+00,2.11815991e-06,4.41234740e-06,6.62430334e-06
0.00000000e+00,2.35933924e-06,4.87047785e-06,7.31070315e-06
0.00000000e+00,2.32405800e-06,4.78339138e-06,7.17953067e-06
0.00000000e+00,2.34827723e-06,4.84673631e-06,7.27503771e-06
0.00000000e+00,2.22883654e-06,4.68117312e-06,7.02910131e-06
0.00000000e+00,2.32693505e-06,4.83871743e-06,7.26414810e-06
0.00000000e+00,2.35374138e-06,4.87580610e-06,7.31923832e-06
0.00000000e+00,2.30814314e-06,4.80020668e-06,7.20635153e-06
0.00000000e+00,2.20175617e-06,4.67682302e-06,7.02421236e-06
0.00000000e+00,2.39239664e-06,4.78479327e-06,7.17718993e-06
0.00000000e+00,2.25807791e-06,4.51615580e-06,6.77423371e-06
0.00000000e+00,2.39607503e-06,4.79215004e-06,7.18822508e-06
0.00000000e+00,2.35147937e-06,4.75928988e-06,7.14078522e-06
0.00000000e+00,2.34287580e-06,4.68575158e-06,7.02862739e-06
0.00000000e+00,2.40359881e-06,4.80719761e-06,7.21079644e-06
0.00000000e+00,2.26868424e-06,4.53736847e-06,6.80605273e-06
0.00000000e+00,2.30943702e-06,4.68868464e-06,7.03532014e-06
0.00000000e+00,2.02691056e-06,4.05382110e-06,6.08073167e-06
0.00000000e+00,2.20041923e-06,4.40083844e-06,6.60125768e-06
0.00000000e+00,1.82971857e-06,3.65943713e-06,5.48915571e-06
0.00000000e+00,2.04817621e-06,4.18022289e-06,6.27308937e-06
0.00000000e+00,2.36115748e-06,4.72231495e-06,7.08347244e-06
0.00000000e+00,2.17573292e-06,4.35146582e-06,6.52719875e-06
0.00000000e+00,2.37126130e-06,4.74252258e-06,7.11378389e-06
0.00000000e+00,2.31646544e-06,4.69149780e-06,7.03917055e-06
0.00000000e+00,2.45341288e-06,4.90682574e-06,7.36023863e-06
0.00000000e+00,2.44064259e-06,4.88128517e-06,7.32192778e-06
0.00000000e+00,2.40837423e-06,4.81674845e-06,7.22512269e-06
0.00000000e+00,2.41299324e-06,4.90026864e-06,7.35284303e-06
0.00000000e+00,2.38087688e-06,4.76175374e-06,7.14263063e-06
0.00000000e+00,2.42670155e-06,4.85340309e-06,7.28010465e-06
0.00000000e+00,2.23499479e-06,4.46998958e-06,6.70498438e-06
0.00000000e+00,2.32216018e-06,4.73505330e-06,7.10556039e-06
0.00000000e+00,2.34561116e-06,4.69122231e-06,7.03683348e-06
0.00000000e+00,2.14891950e-06,4.29783898e-06,6.44675849e-06
0.00000000e+00,2.34555523e-06,4.69111045e-06,7.03666570e-06
0.00000000e+00,2.30584926e-06,4.67107421e-06,7.00856172e-06
0.00000000e+00,2.49160688e-06,4.98321374e-06,7.47482063e-06
0.00000000e+00,2.45080478e-06,4.90160955e-06,7.35241434e-06
0.00000000e+00,2.48027034e-06,4.96054066e-06,7.44081100e-06
0.00000000e+00,2.44557408e-06,4.96704783e-06,7.45306495e-06
0.00000000e+00,2.45881297e-06,4.91762593e-06,7.37643891e-06
0.00000000e+00,2.48864943e-06,4.97729885e-06,7.46594829e-06
0.00000000e+00,2.44493037e-06,4.88986073e-06,7.33479112e-06
0.00000000e+00,2.42067369e-06,4.93456855e-06,7.40491501e-06
0.00000000e+00,2.24235833e-06,4.60185053e-06,6.90662347e-06
0.00000000e+00,2.36115767e-06,4.72231533e-06,7.08347300e-06
0.00000000e+00,2.08222910e-06,4.26587684e-06,6.40214671e-06
0.00000000e+00,2.17573309e-06,4.35146617e-06,6.52719927e-06
0.00000000e+00,2.23191316e-06,4.58176895e-06,6.87652766e-06
0.00000000e+00,2.34555533e-06,4.69111064e-06,7.03666598e-06
0.00000000e+00,2.31646562e-06,4.69149816e-06,7.03917108e-06
0.00000000e+00,2.32212260e-06,4.79280953e-06,7.19409441e-06
0.00000000e+00,2.45341311e-06,4.90682620e-06,7.36023932e-06
0.00000000e+00,2.31334702e-06,4.75954313e-06,7.14367860e-06
0.00000000e+00,2.44064280e-06,4.88128559e-06,7.32192840e-06
0.00000000e+00,2.34827728e-06,4.84673641e-06,7.27503786e-06
0.00000000e+00,2.48027045e-06,4.96054089e-06,7.44081135e-06
0.00000000e+00,2.41299345e-06,4.90026907e-06,7.35284366e-06
0.00000000e+00,2.24645188e-06,4.67289854e-06,7.01526036e-06
0.00000000e+00,2.38087715e-06,4.76175429e-06,7.14263144e-06
0.00000000e+00,2.29617060e-06,4.75662076e-06,7.14032747e-06
0.00000000e+00,2.42670180e-06,4.85340358e-06,7.28010538e-06
0.00000000e+00,2.30814365e-06,4.80020770e-06,7.20635305e-06
0.00000000e+00,2.44493050e-06,4.88986098e-06,7.33479149e-06
0.00000000e+00,2.32216040e-06,4.73505372e-06,7.10556103e-06
0.00000000e+00,2.26638103e-06,4.64542435e-06,6.97183732e-06
0.00000000e+00,2.39239701e-06,4.78479401e-06,7.17719103e-06
0.00000000e+00,2.15122509e-06,4.40163304e-06,6.60570757e-06
0.00000000e+00,2.25807824e-06,4.51615647e-06,6.77423473e-06
0.00000000e+00,2.24911148e-06,4.61312105e-06,6.92345580e-06
0.00000000e+00,2.37126158e-06,4.74252314e-06,7.11378473e-06
0.00000000e+00,2.35147971e-06,4.75929057e-06,7.14078625e-06
0.00000000e+00,2.21351990e-06,4.56666099e-06,6.85457784e-06
0.00000000e+00,2.34287624e-06,4.68575247e-06,7.02862871e-06
0.00000000e+00,2.27704309e-06,4.68022792e-06,7.02448545e-06
0.00000000e+00,2.40359922e-06,4.80719842e-06,7.21079764e-06
0.00000000e+00,2.27827092e-06,4.70063459e-06,7.05568512e-06
0.00000000e+00,2.40837456e-06,4.81674911e-06,7.22512368e-06
0.00000000e+00,2.30943744e-06,4.68868547e-06,7.03532138e-06
0.00000000e+00,1.95321047e-06,4.07300102e-06,6.11497343e-06
0.00000000e+00,2.02691107e-06,4.05382213e-06,6.08073321e-06
0.00000000e+00,2.09364565e-06,4.34039193e-06,6.51561702e-06
0.00000000e+00,2.20041970e-06,4.40083938e-06,6.60125909e-06
0.00000000e+00,2.12930129e-06,4.43332487e-06,6.65572667e-06
0.00000000e+00,2.23499521e-06,4.46999041e-06,6.70498563e-06
0.00000000e+00,2.04817677e-06,4.18022402e-06,6.27309105e-06
0.00000000e+00,2.28041758e-06,4.66998387e-06,7.00856118e-06
0.00000000e+00,2.39607548e-06,4.79215094e-06,7.18822643e-06
0.00000000e+00,2.15137448e-06,4.43534296e-06,6.65736995e-06
0.00000000e+00,2.26868478e-06,4.53736954e-06,6.80605432e-06
0.00000000e+00,1.73906864e-06,3.63544114e-06,5.45832891e-06
0.00000000e+00,1.82971921e-06,3.65943840e-06,5.48915761e-06
0.00000000e+00,1.98142210e-06,4.19357658e-06,6.29794407e-06
0.00000000e+00,1.87445754e-06,3.94998469e-06,5.93158186e-06
0.00000000e+00,1.97805909e-06,4.18813626e-06,6.28982583e-06
0.00000000e+00,2.12339753e-06,4.42072819e-06,6.63680573e-06
0.00000000e+00,2.03163678e-06,4.35333147e-06,6.53952515e-06
0.00000000e+00,2.02708693e-06,4.31456900e-06,6.48040707e-06
0.00000000e+00,2.05381559e-06,4.40026048e-06,6.61000314e-06
0.00000000e+00,2.19624914e-06,4.61180939e-06,6.92491812e-06
0.00000000e+00,1.96653195e-06,4.28244733e-06,6.43514769e-06
0.00000000e+00,2.00677942e-06,4.33327949e-06,6.51042157e-06
0.00000000e+00,2.01685504e-06,4.38943923e-06,6.59584399e-06
0.00000000e+00,2.12580786e-06,4.51850762e-06,6.78652841e-06
0.00000000e+00,1.98505102e-06,4.19261460e-06,6.29623110e-06
0.00000000e+00,1.91702418e-06,4.03100808e-06,6.05298194e-06
0.00000000e+00,1.98140308e-06,4.18942864e-06,6.29158716e-06
0.00000000e+00,2.13816525e-06,4.44391793e-06,6.67138189e-06
0.00000000e+00,1.93186444e-06,4.13734717e-06,6.21500869e-06
0.00000000e+00,1.98187569e-06,4.21181681e-06,6.32587378e-06
0.00000000e+00,1.99224999e-06,4.26633808e-06,6.40876506e-06
0.00000000e+00,2.09427044e-06,4.39516063e-06,6.59952808e-06
0.00000000e+00,1.76615510e-06,3.85703420e-06,5.79621798e-06
0.00000000e+00,1.85637549e-06,4.01192213e-06,6.02771050e-06
0.00000000e+00,1.88427389e-06,4.10797647e-06,6.17311440e-06
0.00000000e+00,1.86815355e-06,3.98374170e-06,5.98374039e-06
0.00000000e+00,1.98401565e-06,4.18390560e-06,6.28294954e-06
0.00000000e+00,1.86131366e-06,3.98296905e-06,5.98300540e-06
0.00000000e+00,1.56532242e-06,3.43754968e-06,5.16640586e-06
0.00000000e+00,1.63512083e-06,3.60645565e-06,5.42072758e-06
0.00000000e+00,1.59968508e-06,3.49603230e-06,5.25379334e-06
0.00000000e+00,1.63533390e-06,3.60864694e-06,5.42407250e-06
0.00000000e+00,1.81326501e-06,3.91000320e-06,5.87431645e-06
0.00000000e+00,1.62691431e-06,3.66914633e-06,5.51736203e-06
0.00000000e+00,1.64095830e-06,3.65768244e-06,5.49886698e-06
0.00000000e+00,1.64191321e-06,3.70267442e-06,5.56777013e-06
0.00000000e+00,1.84119163e-06,4.03507107e-06,6.06419185e-06
0.00000000e+00,1.56581348e-06,3.62604836e-06,5.45531351e-06
0.00000000e+00,1.59983344e-06,3.65453643e-06,5.49674640e-06
0.00000000e+00,1.59343124e-06,3.68922009e-06,5.55033179e-06
0.00000000e+00,1.78180027e-06,3.98927039e-06,5.99788817e-06
0.00000000e+00,1.62845022e-06,3.58267160e-06,5.38470848e-06
0.00000000e+00,1.61878527e-06,3.52901127e-06,5.30309028e-06
0.00000000e+00,1.63297867e-06,3.59694992e-06,5.40629747e-06
0.00000000e+00,1.81010893e-06,3.89435973e-06,5.85054473e-06
0.00000000e+00,1.56579088e-06,3.52601380e-06,5.30197717e-06
0.00000000e+00,1.60715920e-06,3.57442000e-06,5.37345878e-06
0.00000000e+00,1.60308378e-06,3.61104243e-06,5.42986315e-06
0.00000000e+00,1.76190013e-06,3.85782542e-06,5.79771033e-06
0.00000000e+00,1.44614961e-06,3.35539213e-06,5.04830007e-06
0.00000000e+00,1.51086704e-06,3.45049655e-06,5.18982900e-06
0.00000000e+00,1.51778425e-06,3.51685564e-06,5.29109299e-06
0.00000000e+00,1.61555698e-06,3.62809107e-06,5.45517668e-06
0.00000000e+00,1.62044712e-06,3.55820673e-06,5.34773331e-06
0.00000000e+00,1.51941635e-06,3.41634737e-06,5.13692182e-06
0.00000000e+00,1.35835089e-06,3.15673175e-06,4.74955191e-06
0.00000000e+00,2.32922776e-06,4.54579319e-06,6.81498903e-06
0.00000000e+00,2.20655254e-06,4.31392220e-06,6.46762532e-06
0.00000000e+00,2.34130423e-06,4.57345972e-06,6.85660424e-06
0.00000000e+00,2.38290290e-06,4.70947462e-06,7.06236156e-06
0.00000000e+00,2.29140522e-06,4.44318923e-06,6.66019752e-06
0.00000000e+00,2.34740911e-06,4.56867645e-06,6.84887114e-06
0.00000000e+00,2.22533967e-06,4.31808533e-06,6.47277251e-06
0.00000000e+00,2.34837988e-06,4.62694915e-06,6.93813057e-06
0.00000000e+00,2.04613433e-06,3.92568856e-06,5.88306097e-06
0.00000000e+00,2.17905021e-06,4.20499976e-06,6.30247055e-06
0.00000000e+00,1.82681779e-06,3.49633168e-06,5.23933036e-06
0.00000000e+00,2.09496222e-06,4.10605394e-06,6.15632592e-06
0.00000000e+00,2.30769965e-06,4.49826541e-06,6.74355046e-06
0.00000000e+00,2.13880392e-06,4.17618916e-06,6.26095232e-06
0.00000000e+00,2.31320551e-06,4.51151290e-06,6.76349516e-06
0.00000000e+00,2.34913618e-06,4.63970541e-06,6.95763430e-06
0.00000000e+00,2.40499694e-06,4.66142952e-06,6.98726420e-06
0.00000000e+00,2.38745485e-06,4.64206057e-06,6.95872699e-06
0.00000000e+00,2.35865073e-06,4.57320867e-06,6.85507980e-06
0.00000000e+00,2.45443051e-06,4.83457883e-06,7.24942821e-06
0.00000000e+00,2.34685922e-06,4.51372363e-06,6.76467293e-06
0.00000000e+00,2.38781140e-06,4.61134322e-06,6.91161852e-06
0.00000000e+00,2.22676742e-06,4.27881252e-06,6.41247945e-06
0.00000000e+00,2.37277425e-06,4.65481554e-06,6.97924290e-06
0.00000000e+00,2.29968374e-06,4.48061607e-06,6.71702333e-06
0.00000000e+00,2.11515764e-06,4.12808785e-06,6.18877378e-06
0.00000000e+00,2.29770573e-06,4.47746881e-06,6.71232900e-06
0.00000000e+00,2.33897117e-06,4.61856663e-06,6.92589956e-06
0.00000000e+00,2.44401841e-06,4.73623743e-06,7.09936980e-06
0.00000000e+00,2.39951950e-06,4.66376359e-06,6.99120183e-06
0.00000000e+00,2.43205405e-06,4.71392622e-06,7.06595611e-06
0.00000000e+00,2.48791366e-06,4.89992762e-06,7.34739826e-06
0.00000000e+00,2.43004958e-06,4.67525180e-06,7.00680577e-06
0.00000000e+00,2.44763824e-06,4.72695312e-06,7.08490054e-06
0.00000000e+00,2.41074087e-06,4.63756131e-06,6.95030050e-06
0.00000000e+00,2.47267583e-06,4.85213046e-06,7.27513355e-06
0.00000000e+00,2.10917621e-06,3.99583983e-06,5.98645058e-06
0.00000000e+00,2.02689511e-06,3.85683048e-06,5.77877592e-06
0.00000000e+00,2.10443770e-06,3.99300107e-06,5.98241050e-06
0.00000000e+00,2.23165121e-06,4.29571495e-06,6.43806747e-06
0.00000000e+00,2.08449819e-06,3.89537805e-06,5.83407918e-06
0.00000000e+00,2.12025516e-06,3.99244486e-06,5.98051875e-06
0.00000000e+00,2.00654116e-06,3.75274057e-06,5.62055906e-06
0.00000000e+00,2.20952996e-06,4.21244016e-06,6.31187313e-06
0.00000000e+00,1.94729731e-06,3.56987058e-06,5.34413922e-06
0.00000000e+00,2.02326346e-06,3.74735575e-06,5.61120635e-06
0.00000000e+00,1.73652440e-06,3.16614393e-06,4.73913458e-06
0.00000000e+00,2.00618108e-06,3.76492753e-06,5.63926348e-06
0.00000000e+00,2.11013278e-06,3.98953316e-06,5.97672057e-06
0.00000000e+00,1.98662128e-06,3.77217292e-06,5.65165458e-06
0.00000000e+00,2.10782102e-06,3.98901955e-06,5.97608515e-06
0.00000000e+00,2.22042354e-06,4.26691393e-06,6.39465749e-06
0.00000000e+00,2.19344137e-06,4.09682480e-06,6.13570928e-06
0.00000000e+00,2.17234456e-06,4.08429395e-06,6.11788739e-06
0.00000000e+00,2.14946915e-06,4.01710017e-06,6.01639234e-06
0.00000000e+00,2.31858856e-06,4.41786599e-06,6.61959498e-06
0.00000000e+00,2.16143042e-06,3.97347738e-06,5.94873941e-06
0.00000000e+00,2.18513091e-06,4.05054113e-06,6.06530940e-06
0.00000000e+00,2.07361913e-06,3.80780956e-06,5.70056467e-06
0.00000000e+00,2.27469026e-06,4.28248847e-06,6.41496574e-06
0.00000000e+00,2.11025700e-06,3.98721020e-06,5.97315166e-06
0.00000000e+00,1.97276474e-06,3.74317414e-06,5.60811418e-06
0.00000000e+00,2.10748708e-06,3.98295605e-06,5.96681267e-06
0.00000000e+00,2.21635447e-06,4.25668132e-06,6.37923977e-06
0.00000000e+00,2.22732847e-06,4.15945620e-06,6.22948745e-06
0.00000000e+00,2.18891109e-06,4.11356992e-06,6.16167463e-06
0.00000000e+00,2.21705470e-06,4.14148007e-06,6.20260771e-06
0.00000000e+00,2.35351294e-06,4.48352582e-06,6.71794713e-06
0.00000000e+00,2.23429951e-06,4.11150137e-06,6.15552199e-06
0.00000000e+00,2.23975846e-06,4.15336772e-06,6.21933812e-06
0.00000000e+00,2.21529348e-06,4.07485778e-06,6.10060155e-06
0.00000000e+00,2.35421870e-06,4.43512668e-06,6.64371221e-06
0.00000000e+00,1.81017681e-06,3.29458244e-06,4.93117262e-06
0.00000000e+00,1.78136114e-06,3.27128152e-06,4.89734894e-06
0.00000000e+00,1.79745507e-06,3.27759764e-06,4.90597327e-06
0.00000000e+00,1.96303483e-06,3.65192777e-06,5.46888654e-06
0.00000000e+00,1.78581893e-06,3.17720580e-06,4.75285225e-06
0.00000000e+00,1.80803653e-06,3.25597143e-06,4.87212840e-06
0.00000000e+00,1.73000719e-06,3.08249967e-06,4.61134878e-06
0.00000000e+00,1.94823102e-06,3.56243685e-06,5.33268310e-06
0.00000000e+00,1.70447912e-06,2.94586531e-06,4.40358613e-06
0.00000000e+00,1.75004582e-06,3.07132914e-06,4.59290957e-06
0.00000000e+00,1.60381494e-06,2.76759988e-06,4.13694557e-06
0.00000000e+00,1.83700465e-06,3.27703214e-06,4.90250817e-06
0.00000000e+00,1.82267299e-06,3.30913196e-06,4.95265386e-06
0.00000000e+00,1.76517380e-06,3.23368543e-06,4.84078329e-06
0.00000000e+00,1.81761805e-06,3.30424349e-06,4.94549268e-06
0.00000000e+00,1.97139643e-06,3.65931964e-06,5.47966784e-06
0.00000000e+00,1.85859335e-06,3.30186897e-06,4.93916095e-06
0.00000000e+00,1.85057390e-06,3.32538191e-06,4.97572958e-06
0.00000000e+00,1.82893733e-06,3.25299976e-06,4.86620017e-06
0.00000000e+00,2.03793344e-06,3.72317906e-06,5.57318337e-06
0.00000000e+00,1.84161939e-06,3.18881734e-06,4.76698508e-06
0.00000000e+00,1.85357592e-06,3.25228225e-06,4.86348166e-06
0.00000000e+00,1.78626326e-06,3.09123935e-06,4.62104953e-06
0.00000000e+00,2.01925407e-06,3.61283827e-06,5.40527486e-06
0.00000000e+00,1.82558846e-06,3.31143260e-06,4.95598886e-06
0.00000000e+00,1.75848154e-06,3.21853575e-06,4.81800079e-06
0.00000000e+00,1.82387081e-06,3.30976245e-06,4.95354162e-06
0.00000000e+00,1.97330776e-06,3.66009145e-06,5.48072533e-06
0.00000000e+00,1.88208475e-06,3.34179116e-06,4.99881231e-06
0.00000000e+00,1.86345646e-06,3.34585159e-06,5.00626015e-06
0.00000000e+00,1.87556168e-06,3.33227532e-06,4.98465451e-06
0.00000000e+00,2.06747261e-06,3.77615568e-06,5.65244788e-06
0.00000000e+00,1.88405266e-06,3.26309297e-06,4.87805063e-06
0.00000000e+00,1.88754631e-06,3.31139729e-06,4.95186430e-06
0.00000000e+00,1.87366438e-06,3.24497113e-06,4.85095507e-06
0.00000000e+00,2.07789363e-06,3.72101271e-06,5.56723744e-06
0.00000000e+00,2.11013299e-06,3.98953357e-06,5.97672119e-06
0.00000000e+00,1.82267321e-06,3.30913239e-06,4.95265452e-06
0.00000000e+00,1.98662148e-06,3.77217332e-06,5.65165518e-06
0.00000000e+00,1.76517400e-06,3.23368584e-06,4.84078389e-06
0.00000000e+00,2.10748719e-06,3.98295627e-06,5.96681299e-06
0.00000000e+00,1.82387092e-06,3.30976267e-06,4.95354195e-06
0.00000000e+00,1.97139665e-06,3.65932008e-06,5.47966850e-06
0.00000000e+00,2.19344165e-06,4.09682537e-06,6.13571013e-06
0.00000000e+00,1.85859357e-06,3.30186942e-06,4.93916162e-06
0.00000000e+00,2.17234481e-06,4.08429444e-06,6.11788812e-06
0.00000000e+00,1.85057412e-06,3.32538236e-06,4.97573025e-06
0.00000000e+00,2.21705486e-06,4.14148038e-06,6.20260818e-06
0.00000000e+00,1.87556179e-06,3.33227554e-06,4.98465484e-06
0.00000000e+00,2.03793370e-06,3.72317956e-06,5.57318413e-06
0.00000000e+00,2.16143074e-06,3.97347802e-06,5.94874036e-06
0.00000000e+00,1.84161965e-06,3.18881785e-06,4.76698585e-06
0.00000000e+00,2.18513113e-06,4.05054157e-06,6.06531005e-06
0.00000000e+00,1.85357618e-06,3.25228277e-06,4.86348243e-06
0.00000000e+00,2.21529354e-06,4.07485790e-06,6.10060173e-06
0.00000000e+00,1.87366454e-06,3.24497145e-06,4.85095555e-06
0.00000000e+00,2.01925438e-06,3.61283889e-06,5.40527577e-06
0.00000000e+00,2.10917665e-06,3.99584070e-06,5.98645188e-06
0.00000000e+00,1.81017724e-06,3.29458330e-06,4.93117390e-06
0.00000000e+00,2.02689553e-06,3.85683133e-06,5.77877719e-06
0.00000000e+00,1.78136155e-06,3.27128235e-06,4.89735017e-06
0.00000000e+00,2.10782134e-06,3.98902018e-06,5.97608610e-06
0.00000000e+00,1.81761837e-06,3.30424413e-06,4.94549363e-06
0.00000000e+00,1.96303527e-06,3.65192864e-06,5.46888785e-06
0.00000000e+00,2.08449862e-06,3.89537891e-06,5.83408046e-06
0.00000000e+00,1.78581937e-06,3.17720668e-06,4.75285357e-06
0.00000000e+00,2.12025557e-06,3.99244569e-06,5.98052000e-06
0.00000000e+00,1.80803697e-06,3.25597231e-06,4.87212972e-06
0.00000000e+00,2.14946948e-06,4.01710084e-06,6.01639335e-06
0.00000000e+00,1.82893768e-06,3.25300046e-06,4.86620122e-06
0.00000000e+00,1.94823146e-06,3.56243772e-06,5.33268441e-06
0.00000000e+00,1.94729767e-06,3.56987131e-06,5.34414031e-06
0.00000000e+00,1.70447961e-06,2.94586628e-06,4.40358757e-06
0.00000000e+00,2.02326383e-06,3.74735649e-06,5.61120746e-06
0.00000000e+00,1.75004628e-06,3.07133006e-06,4.59291095e-06
0.00000000e+00,2.07361968e-06,3.80781065e-06,5.70056630e-06
0.00000000e+00,1.78626359e-06,3.09124001e-06,4.62105051e-06
0.00000000e+00,1.83700503e-06,3.27703291e-06,4.90250931e-06
0.00000000e+00,2.10443827e-06,3.99300222e-06,5.98241222e-06
0.00000000e+00,1.79745563e-06,3.27759874e-06,4.90597492e-06
0.00000000e+00,2.00654166e-06,3.75274156e-06,5.62056054e-06
0.00000000e+00,1.73000771e-06,3.08250071e-06,4.61135033e-06
0.00000000e+00,1.73652474e-06,3.16614460e-06,4.73913558e-06
0.00000000e+00,1.60381551e-06,2.76760101e-06,4.13694725e-06
0.00000000e+00,2.30769986e-06,4.49826581e-06,6.74355107e-06
0.00000000e+00,2.13880411e-06,4.17618954e-06,6.26095288e-06
0.00000000e+00,2.29770583e-06,4.47746901e-06,6.71232930e-06
0.00000000e+00,2.22042377e-06,4.26691438e-06,6.39465816e-06
0.00000000e+00,2.40499717e-06,4.66142999e-06,6.98726490e-06
0.00000000e+00,2.38745508e-06,4.64206104e-06,6.95872769e-06
0.00000000e+00,2.43205420e-06,4.71392653e-06,7.06595657e-06
0.00000000e+00,2.31858874e-06,4.41786633e-06,6.61959550e-06
0.00000000e+00,2.34685952e-06,4.51372423e-06,6.76467382e-06
0.00000000e+00,2.38781156e-06,4.61134354e-06,6.91161900e-06
0.00000000e+00,2.41074072e-06,4.63756101e-06,6.95030004e-06
0.00000000e+00,2.27469263e-06,4.28249287e-06,6.41497234e-06
0.00000000e+00,2.32922815e-06,4.54579398e-06,6.81499020e-06
0.00000000e+00,2.20655295e-06,4.31392301e-06,6.46762653e-06
0.00000000e+00,2.31320581e-06,4.51151351e-06,6.76349606e-06
0.00000000e+00,2.23165162e-06,4.29571577e-06,6.43806869e-06
0.00000000e+00,2.29140573e-06,4.44319024e-06,6.66019905e-06
0.00000000e+00,2.34740950e-06,4.56867722e-06,6.84887229e-06
0.00000000e+00,2.35865105e-06,4.57320931e-06,6.85508076e-06
0.00000000e+00,2.20953040e-06,4.21244103e-06,6.31187443e-06
0.00000000e+00,2.04613490e-06,3.92568969e-06,5.88306266e-06
0.00000000e+00,2.17905067e-06,4.20500069e-06,6.30247194e-06
0.00000000e+00,2.22676820e-06,4.27881407e-06,6.41248177e-06
0.00000000e+00,2.00618174e-06,3.76492884e-06,5.63926544e-06
0.00000000e+00,2.34130472e-06,4.57346071e-06,6.85660572e-06
0.00000000e+00,2.22534015e-06,4.31808627e-06,6.47277392e-06
0.00000000e+00,1.82681817e-06,3.49633244e-06,5.23933149e-06
0.00000000e+00,2.34913638e-06,4.63970580e-06,6.95763489e-06
0.00000000e+00,2.45443074e-06,4.83457930e-06,7.24942892e-06
0.00000000e+00,2.37277456e-06,4.65481616e-06,6.97924383e-06
0.00000000e+00,2.38290329e-06,4.70947540e-06,7.06236272e-06
0.00000000e+00,2.34838033e-06,4.62695004e-06,6.93813191e-06
0.00000000e+00,2.09496270e-06,4.10605490e-06,6.15632735e-06
0.00000000e+00,-1.94729672e-06,-3.56986944e-06,-5.34413748e-06
0.00000000e+00,-1.70447847e-06,-2.94586403e-06,-4.40358416e-06
0.00000000e+00,-2.08449752e-06,-3.89537674e-06,-5.83407717e-06
0.00000000e+00,-1.78581821e-06,-3.17720438e-06,-4.75285010e-06
0.00000000e+00,-1.83700403e-06,-3.27703094e-06,-4.90250633e-06
0.00000000e+00,-1.60381440e-06,-2.76759881e-06,-4.13694392e-06
0.00000000e+00,-1.73652393e-06,-3.16614302e-06,-4.73913318e-06
0.00000000e+00,-2.02326284e-06,-3.74735453e-06,-5.61120448e-06
0.00000000e+00,-1.75004513e-06,-3.07132779e-06,-4.59290751e-06
0.00000000e+00,-1.94823032e-06,-3.56243549e-06,-5.33268102e-06
0.00000000e+00,-1.73000656e-06,-3.08249845e-06,-4.61134690e-06
0.00000000e+00,-2.00654059e-06,-3.75273945e-06,-5.62055734e-06
0.00000000e+00,-2.10917546e-06,-3.99583834e-06,-5.98644831e-06
0.00000000e+00,-1.81017603e-06,-3.29458090e-06,-4.93117027e-06
0.00000000e+00,-2.12025444e-06,-3.99244346e-06,-5.98051662e-06
0.00000000e+00,-1.80803577e-06,-3.25596995e-06,-4.87212615e-06
0.00000000e+00,-1.96303406e-06,-3.65192625e-06,-5.46888424e-06
0.00000000e+00,-1.79745437e-06,-3.27759626e-06,-4.90597117e-06
0.00000000e+00,-2.10443702e-06,-3.99299975e-06,-5.98240848e-06
0.00000000e+00,-2.02689430e-06,-3.85682890e-06,-5.77877352e-06
0.00000000e+00,-1.78136032e-06,-3.27127991e-06,-4.89734649e-06
0.00000000e+00,-2.04613379e-06,-3.92568750e-06,-5.88305934e-06
0.00000000e+00,-2.29140458e-06,-4.44318797e-06,-6.66019560e-06
0.00000000e+00,-2.00618052e-06,-3.76492644e-06,-5.63926181e-06
0.00000000e+00,-1.82681737e-06,-3.49633087e-06,-5.23932910e-06
0.00000000e+00,-2.17904962e-06,-4.20499861e-06,-6.30246878e-06
0.00000000e+00,-2.20952931e-06,-4.21243887e-06,-6.31187117e-06
0.00000000e+00,-2.22533913e-06,-4.31808427e-06,-6.47277088e-06
0.00000000e+00,-2.32922702e-06,-4.54579174e-06,-6.81498681e-06
0.00000000e+00,-2.34740842e-06,-4.56867510e-06,-6.84886907e-06
0.00000000e+00,-2.23165046e-06,-4.29571348e-06,-6.43806523e-06
0.00000000e+00,-2.34130357e-06,-4.57345843e-06,-6.85660227e-06
0.00000000e+00,-2.20655175e-06,-4.31392064e-06,-6.46762294e-06
0.00000000e+00,-2.02691002e-06,-4.05382006e-06,-6.08073007e-06
0.00000000e+00,-2.34287516e-06,-4.68575034e-06,-7.02862549e-06
0.00000000e+00,-2.09496169e-06,-4.10605290e-06,-6.15632432e-06
0.00000000e+00,-1.82971816e-06,-3.65943634e-06,-5.48915449e-06
0.00000000e+00,-2.20041864e-06,-4.40083729e-06,-6.60125592e-06
0.00000000e+00,-2.34837924e-06,-4.62694790e-06,-6.93812866e-06
0.00000000e+00,-2.26868371e-06,-4.53736743e-06,-6.80605113e-06
0.00000000e+00,-2.39239590e-06,-4.78479182e-06,-7.17718771e-06
0.00000000e+00,-2.40359813e-06,-4.80719627e-06,-7.21079438e-06
0.00000000e+00,-2.38290215e-06,-4.70947316e-06,-7.06235934e-06
0.00000000e+00,-2.39607437e-06,-4.79214876e-06,-7.18822312e-06
0.00000000e+00,-2.25807711e-06,-4.51615424e-06,-6.77423134e-06
0.00000000e+00,-2.16142958e-06,-3.97347574e-06,-5.94873690e-06
0.00000000e+00,-1.84161851e-06,-3.18881561e-06,-4.76698245e-06
0.00000000e+00,-2.19344048e-06,-4.09682306e-06,-6.13570663e-06
0.00000000e+00,-1.85859243e-06,-3.30186716e-06,-4.93915820e-06
0.00000000e+00,-2.01925322e-06,-3.61283659e-06,-5.40527229e-06
0.00000000e+00,-1.78626249e-06,-3.09123784e-06,-4.62104723e-06
0.00000000e+00,-2.07361843e-06,-3.80780817e-06,-5.70056255e-06
0.00000000e+00,-2.18513005e-06,-4.05053944e-06,-6.06530683e-06
0.00000000e+00,-1.85357502e-06,-3.25228048e-06,-4.86347897e-06
0.00000000e+00,-2.03793254e-06,-3.72317728e-06,-5.57318068e-06
0.00000000e+00,-1.82893651e-06,-3.25299815e-06,-4.86619772e-06
0.00000000e+00,-2.14946837e-06,-4.01709864e-06,-6.01639002e-06
0.00000000e+00,-2.11013185e-06,-3.98953132e-06,-5.97671777e-06
0.00000000e+00,-1.82267203e-06,-3.30913007e-06,-4.95265101e-06
0.00000000e+00,-2.17234365e-06,-4.08429216e-06,-6.11788466e-06
0.00000000e+00,-1.85057296e-06,-3.32538007e-06,-4.97572678e-06
0.00000000e+00,-1.97139548e-06,-3.65931778e-06,-5.47966501e-06
0.00000000e+00,-1.81761718e-06,-3.30424178e-06,-4.94549007e-06
0.00000000e+00,-2.10782018e-06,-3.98901788e-06,-5.97608261e-06
0.00000000e+00,-1.98662032e-06,-3.77217102e-06,-5.65165170e-06
0.00000000e+00,-1.76517282e-06,-3.23368351e-06,-4.84078037e-06
0.00000000e+00,-2.34685841e-06,-4.51372204e-06,-6.76467050e-06
0.00000000e+00,-2.40499608e-06,-4.66142782e-06,-6.98726162e-06
0.00000000e+00,-2.27468944e-06,-4.28248686e-06,-6.41496329e-06
0.00000000e+00,-2.22676675e-06,-4.27881120e-06,-6.41247743e-06
0.00000000e+00,-2.38781056e-06,-4.61134156e-06,-6.91161601e-06
0.00000000e+00,-2.31858769e-06,-4.41786427e-06,-6.61959237e-06
0.00000000e+00,-2.35864997e-06,-4.57320719e-06,-6.85507755e-06
0.00000000e+00,-2.30769873e-06,-4.49826358e-06,-6.74354770e-06
0.00000000e+00,-2.38745396e-06,-4.64205881e-06,-6.95872432e-06
0.00000000e+00,-2.22042261e-06,-4.26691210e-06,-6.39465471e-06
0.00000000e+00,-2.31320468e-06,-4.51151126e-06,-6.76349266e-06
0.00000000e+00,-2.13880296e-06,-4.17618728e-06,-6.26094946e-06
0.00000000e+00,-2.38087606e-06,-4.76175214e-06,-7.14262819e-06
0.00000000e+00,-2.45341201e-06,-4.90682403e-06,-7.36023604e-06
0.00000000e+00,-2.37277344e-06,-4.65481394e-06,-6.97924047e-06
0.00000000e+00,-2.23499412e-06,-4.46998825e-06,-6.70498236e-06
0.00000000e+00,-2.42670073e-06,-4.85340147e-06,-7.28010219e-06
0.00000000e+00,-2.45442964e-06,-4.83457712e-06,-7.24942562e-06
0.00000000e+00,-2.40837348e-06,-4.81674696e-06,-7.22512043e-06
0.00000000e+00,-2.36115656e-06,-4.72231313e-06,-7.08346968e-06
0.00000000e+00,-2.44064170e-06,-4.88128341e-06,-7.32192510e-06
0.00000000e+00,-2.34913526e-06,-4.63970359e-06,-6.95763154e-06
0.00000000e+00,-2.37126047e-06,-4.74252095e-06,-7.11378140e-06
0.00000000e+00,-2.17573197e-06,-4.35146395e-06,-6.52719590e-06
0.00000000e+00,-2.23429841e-06,-4.11149919e-06,-6.15551869e-06
0.00000000e+00,-1.88405154e-06,-3.26309077e-06,-4.87804730e-06
0.00000000e+00,-2.22732736e-06,-4.15945402e-06,-6.22948415e-06
0.00000000e+00,-1.88208363e-06,-3.34178895e-06,-4.99880896e-06
0.00000000e+00,-2.07789253e-06,-3.72101053e-06,-5.56723413e-06
0.00000000e+00,-1.87366338e-06,-3.24496916e-06,-4.85095208e-06
0.00000000e+00,-2.21529251e-06,-4.07485588e-06,-6.10059867e-06
0.00000000e+00,-2.23975735e-06,-4.15336554e-06,-6.21933481e-06
0.00000000e+00,-1.88754520e-06,-3.31139508e-06,-4.95186096e-06
0.00000000e+00,-2.06747149e-06,-3.77615348e-06,-5.65244455e-06
0.00000000e+00,-1.87556066e-06,-3.33227331e-06,-4.98465146e-06
0.00000000e+00,-2.21705370e-06,-4.14147810e-06,-6.20260473e-06
0.00000000e+00,-2.11025588e-06,-3.98720799e-06,-5.97314831e-06
0.00000000e+00,-1.82558733e-06,-3.31143037e-06,-4.95598549e-06
0.00000000e+00,-2.18890998e-06,-4.11356772e-06,-6.16167131e-06
0.00000000e+00,-1.86345533e-06,-3.34584937e-06,-5.00625678e-06
0.00000000e+00,-1.97330663e-06,-3.66008922e-06,-5.48072197e-06
0.00000000e+00,-1.82386977e-06,-3.30976039e-06,-4.95353850e-06
0.00000000e+00,-2.10748605e-06,-3.98295402e-06,-5.96680959e-06
0.00000000e+00,-1.97276361e-06,-3.74317191e-06,-5.60811080e-06
0.00000000e+00,-1.75848040e-06,-3.21853351e-06,-4.81799739e-06
0.00000000e+00,-2.43004848e-06,-4.67524963e-06,-7.00680250e-06
0.00000000e+00,-2.44401730e-06,-4.73623525e-06,-7.09936650e-06
0.00000000e+00,-2.35421760e-06,-4.43512451e-06,-6.64370893e-06
0.00000000e+00,-2.41073991e-06,-4.63755942e-06,-6.95029762e-06
0.00000000e+00,-2.44763715e-06,-4.72695097e-06,-7.08489728e-06
0.00000000e+00,-2.35351183e-06,-4.48352364e-06,-6.71794382e-06
0.00000000e+00,-2.43205306e-06,-4.71392428e-06,-7.06595317e-06
0.00000000e+00,-2.29968263e-06,-4.48061388e-06,-6.71702001e-06
0.00000000e+00,-2.39951839e-06,-4.66376140e-06,-6.99119851e-06
0.00000000e+00,-2.21635335e-06,-4.25667912e-06,-6.37923644e-06
0.00000000e+00,-2.29770471e-06,-4.47746680e-06,-6.71232595e-06
0.00000000e+00,-2.11515652e-06,-4.12808563e-06,-6.18877043e-06
0.00000000e+00,-2.45881180e-06,-4.91762362e-06,-7.37643542e-06
0.00000000e+00,-2.49160578e-06,-4.98321157e-06,-7.47481733e-06
0.00000000e+00,-2.47267470e-06,-4.85212823e-06,-7.27513017e-06
0.00000000e+00,-2.44492941e-06,-4.88985884e-06,-7.33478825e-06
0.00000000e+00,-2.48864827e-06,-4.97729655e-06,-7.46594481e-06
0.00000000e+00,-2.48791257e-06,-4.89992547e-06,-7.34739501e-06
0.00000000e+00,-2.48026935e-06,-4.96053872e-06,-7.44080807e-06
0.00000000e+00,-2.34561006e-06,-4.69122013e-06,-7.03683018e-06
0.00000000e+00,-2.45080369e-06,-4.90160739e-06,-7.35241107e-06
0.00000000e+00,-2.33897006e-06,-4.61856443e-06,-6.92589624e-06
0.00000000e+00,-2.34555422e-06,-4.69110845e-06,-7.03666267e-06
0.00000000e+00,-2.14891838e-06,-4.29783678e-06,-6.44675515e-06
0.00000000e+00,-2.16142938e-06,-3.97347533e-06,-5.94873629e-06
0.00000000e+00,-1.84161831e-06,-3.18881521e-06,-4.76698185e-06
0.00000000e+00,-2.19344032e-06,-4.09682274e-06,-6.13570616e-06
0.00000000e+00,-1.85859226e-06,-3.30186682e-06,-4.93915769e-06
0.00000000e+00,-2.01925303e-06,-3.61283622e-06,-5.40527174e-06
0.00000000e+00,-1.87366331e-06,-3.24496902e-06,-4.85095187e-06
0.00000000e+00,-2.21529231e-06,-4.07485546e-06,-6.10059805e-06
0.00000000e+00,-2.18512979e-06,-4.05053891e-06,-6.06530605e-06
0.00000000e+00,-1.85357485e-06,-3.25228015e-06,-4.86347847e-06
0.00000000e+00,-2.03793238e-06,-3.72317695e-06,-5.57318018e-06
0.00000000e+00,-1.87556057e-06,-3.33227313e-06,-4.98465119e-06
0.00000000e+00,-2.21705363e-06,-4.14147797e-06,-6.20260453e-06
0.00000000e+00,-2.11013169e-06,-3.98953101e-06,-5.97671731e-06
0.00000000e+00,-1.82267191e-06,-3.30912982e-06,-4.95265063e-06
0.00000000e+00,-2.17234349e-06,-4.08429185e-06,-6.11788420e-06
0.00000000e+00,-1.85057281e-06,-3.32537978e-06,-4.97572635e-06
0.00000000e+00,-1.97139535e-06,-3.65931752e-06,-5.47966462e-06
0.00000000e+00,-1.82386971e-06,-3.30976027e-06,-4.95353831e-06
0.00000000e+00,-2.10748598e-06,-3.98295388e-06,-5.96680938e-06
0.00000000e+00,-1.98662019e-06,-3.77217077e-06,-5.65165132e-06
0.00000000e+00,-1.76517271e-06,-3.23368328e-06,-4.84078003e-06
0.00000000e+00,-2.34685813e-06,-4.51372148e-06,-6.76466967e-06
0.00000000e+00,-2.40499584e-06,-4.66142735e-06,-6.98726092e-06
0.00000000e+00,-2.27469126e-06,-4.28249015e-06,-6.41496822e-06
0.00000000e+00,-2.41073945e-06,-4.63755850e-06,-6.95029625e-06
0.00000000e+00,-2.38781018e-06,-4.61134080e-06,-6.91161487e-06
0.00000000e+00,-2.31858741e-06,-4.41786370e-06,-6.61959152e-06
0.00000000e+00,-2.43205299e-06,-4.71392413e-06,-7.06595294e-06
0.00000000e+00,-2.30769855e-06,-4.49826323e-06,-6.74354717e-06
0.00000000e+00,-2.38745376e-06,-4.64205842e-06,-6.95872373e-06
0.00000000e+00,-2.22042247e-06,-4.26691181e-06,-6.39465427e-06
0.00000000e+00,-2.29770462e-06,-4.47746662e-06,-6.71232569e-06
0.00000000e+00,-2.13880282e-06,-4.17618700e-06,-6.26094904e-06
0.00000000e+00,-2.38087569e-06,-4.76175140e-06,-7.14262709e-06
0.00000000e+00,-2.45341167e-06,-4.90682336e-06,-7.36023503e-06
0.00000000e+00,-2.37277312e-06,-4.65481332e-06,-6.97923953e-06
0.00000000e+00,-2.44492936e-06,-4.88985874e-06,-7.33478809e-06
0.00000000e+00,-2.42670045e-06,-4.85340091e-06,-7.28010135e-06
0.00000000e+00,-2.45442936e-06,-4.83457656e-06,-7.24942478e-06
0.00000000e+00,-2.48026919e-06,-4.96053839e-06,-7.44080757e-06
0.00000000e+00,-2.36115638e-06,-4.72231276e-06,-7.08346913e-06
0.00000000e+00,-2.44064145e-06,-4.88128291e-06,-7.32192435e-06
0.00000000e+00,-2.34913508e-06,-4.63970323e-06,-6.95763100e-06
0.00000000e+00,-2.34555413e-06,-4.69110827e-06,-7.03666239e-06
0.00000000e+00,-2.17573182e-06,-4.35146365e-06,-6.52719546e-06
0.00000000e+00,-1.94729607e-06,-3.56986814e-06,-5.34413553e-06
0.00000000e+00,-1.70447807e-06,-2.94586323e-06,-4.40358297e-06
0.00000000e+00,-2.08449709e-06,-3.89537589e-06,-5.83407590e-06
0.00000000e+00,-1.78581788e-06,-3.17720372e-06,-4.75284911e-06
0.00000000e+00,-1.83700346e-06,-3.27702979e-06,-4.90250461e-06
0.00000000e+00,-1.78626215e-06,-3.09123715e-06,-4.62104620e-06
0.00000000e+00,-2.07361818e-06,-3.80780769e-06,-5.70056184e-06
0.00000000e+00,-2.02326228e-06,-3.74735341e-06,-5.61120281e-06
0.00000000e+00,-1.75004476e-06,-3.07132705e-06,-4.59290641e-06
0.00000000e+00,-1.94822995e-06,-3.56243474e-06,-5.33267991e-06
0.00000000e+00,-1.82893627e-06,-3.25299768e-06,-4.86619702e-06
0.00000000e+00,-2.14946806e-06,-4.01709802e-06,-6.01638909e-06
0.00000000e+00,-2.10917519e-06,-3.99583781e-06,-5.98644752e-06
0.00000000e+00,-1.81017579e-06,-3.29458042e-06,-4.93116956e-06
0.00000000e+00,-2.12025409e-06,-3.99244274e-06,-5.98051555e-06
0.00000000e+00,-1.80803550e-06,-3.25596940e-06,-4.87212533e-06
0.00000000e+00,-1.96303381e-06,-3.65192575e-06,-5.46888349e-06
0.00000000e+00,-1.81761699e-06,-3.30424140e-06,-4.94548951e-06
0.00000000e+00,-2.10781996e-06,-3.98901744e-06,-5.97608196e-06
0.00000000e+00,-2.02689409e-06,-3.85682848e-06,-5.77877289e-06
0.00000000e+00,-1.78136011e-06,-3.27127950e-06,-4.89734587e-06
0.00000000e+00,-2.04613320e-06,-3.92568633e-06,-5.88305760e-06
0.00000000e+00,-2.29140415e-06,-4.44318712e-06,-6.66019433e-06
0.00000000e+00,-2.00618011e-06,-3.76492561e-06,-5.63926057e-06
0.00000000e+00,-2.22676669e-06,-4.27881108e-06,-6.41247726e-06
0.00000000e+00,-2.17904900e-06,-4.20499738e-06,-6.30246695e-06
0.00000000e+00,-2.20952885e-06,-4.21243797e-06,-6.31186981e-06
0.00000000e+00,-2.35864957e-06,-4.57320639e-06,-6.85507636e-06
0.00000000e+00,-2.32922668e-06,-4.54579107e-06,-6.81498581e-06
0.00000000e+00,-2.34740798e-06,-4.56867421e-06,-6.84886775e-06
0.00000000e+00,-2.23165015e-06,-4.29571287e-06,-6.43806431e-06
0.00000000e+00,-2.31320443e-06,-4.51151077e-06,-6.76349192e-06
0.00000000e+00,-2.20655152e-06,-4.31392017e-06,-6.46762224e-06
0.00000000e+00,-2.02690928e-06,-4.05381858e-06,-6.08072786e-06
0.00000000e+00,-2.34287457e-06,-4.68574915e-06,-7.02862372e-06
0.00000000e+00,-2.09496098e-06,-4.10605148e-06,-6.15632219e-06
0.00000000e+00,-2.23499336e-06,-4.46998673e-06,-6.70498008e-06
0.00000000e+00,-2.20041806e-06,-4.40083613e-06,-6.60125418e-06
0.00000000e+00,-2.34837871e-06,-4.62694683e-06,-6.93812706e-06
0.00000000e+00,-2.40837304e-06,-4.81674610e-06,-7.22511914e-06
0.00000000e+00,-2.39239554e-06,-4.78479108e-06,-7.17718661e-06
0.00000000e+00,-2.40359766e-06,-4.80719533e-06,-7.21079299e-06
0.00000000e+00,-2.38290181e-06,-4.70947248e-06,-7.06235832e-06
0.00000000e+00,-2.37126018e-06,-4.74252038e-06,-7.11378055e-06
0.00000000e+00,-2.25807682e-06,-4.51615366e-06,-6.77423047e-06
0.00000000e+00,-1.60381387e-06,-2.76759777e-06,-4.13694236e-06
0.00000000e+00,-1.73652303e-06,-3.16614121e-06,-4.73913048e-06
0.00000000e+00,-1.73000614e-06,-3.08249761e-06,-4.61134566e-06
0.00000000e+00,-2.00654005e-06,-3.75273837e-06,-5.62055574e-06
0.00000000e+00,-1.79745410e-06,-3.27759573e-06,-4.90597037e-06
0.00000000e+00,-2.10443675e-06,-3.99299920e-06,-5.98240766e-06
0.00000000e+00,-1.82681638e-06,-3.49632889e-06,-5.23932614e-06
0.00000000e+00,-2.22533850e-06,-4.31808301e-06,-6.47276900e-06
0.00000000e+00,-2.34130318e-06,-4.57345766e-06,-6.85660112e-06
0.00000000e+00,-1.82971736e-06,-3.65943473e-06,-5.48915208e-06
0.00000000e+00,-2.26868301e-06,-4.53736603e-06,-6.80604904e-06
0.00000000e+00,-2.39607395e-06,-4.79214791e-06,-7.18822186e-06
0.00000000e+00,-2.24645077e-06,-4.67289635e-06,-7.01525705e-06
0.00000000e+00,-2.32693402e-06,-4.83871540e-06,-7.26414503e-06
0.00000000e+00,-2.32212154e-06,-4.79280743e-06,-7.19409122e-06
0.00000000e+00,-2.35933806e-06,-4.87047550e-06,-7.31069960e-06
0.00000000e+00,-2.32215935e-06,-4.73505166e-06,-7.10555791e-06
0.00000000e+00,-2.30814222e-06,-4.80020487e-06,-7.20634879e-06
0.00000000e+00,-2.42067258e-06,-4.93456637e-06,-7.40491170e-06
0.00000000e+00,-2.29616929e-06,-4.75661817e-06,-7.14032356e-06
0.00000000e+00,-2.35374053e-06,-4.87580442e-06,-7.31923577e-06
0.00000000e+00,-2.41299239e-06,-4.90026697e-06,-7.35284048e-06
0.00000000e+00,-2.34827618e-06,-4.84673424e-06,-7.27503458e-06
0.00000000e+00,-2.44557293e-06,-4.96704556e-06,-7.45306150e-06
0.00000000e+00,-2.24235722e-06,-4.60184834e-06,-6.90662016e-06
0.00000000e+00,-2.23343880e-06,-4.58562902e-06,-6.88234431e-06
0.00000000e+00,-2.31334594e-06,-4.75954102e-06,-7.14367539e-06
0.00000000e+00,-2.32405684e-06,-4.78338909e-06,-7.17952719e-06
0.00000000e+00,-2.31646451e-06,-4.69149597e-06,-7.03916777e-06
0.00000000e+00,-2.23191204e-06,-4.58176674e-06,-6.87652432e-06
0.00000000e+00,-2.30584814e-06,-4.67107200e-06,-7.00855838e-06
0.00000000e+00,-2.08222798e-06,-4.26587464e-06,-6.40214339e-06
0.00000000e+00,-2.05813038e-06,-4.21848819e-06,-6.33109028e-06
0.00000000e+00,-1.96653080e-06,-4.28244506e-06,-6.43514426e-06
0.00000000e+00,-2.03509714e-06,-4.42729194e-06,-6.65266798e-06
0.00000000e+00,-2.03163576e-06,-4.35332945e-06,-6.53952210e-06
0.00000000e+00,-2.06265374e-06,-4.42050821e-06,-6.64045917e-06
0.00000000e+00,-2.12580938e-06,-4.51851116e-06,-6.78653371e-06
0.00000000e+00,-2.01685397e-06,-4.38943712e-06,-6.59584080e-06
0.00000000e+00,-2.20175444e-06,-4.67681960e-06,-7.02420721e-06
0.00000000e+00,-2.00677821e-06,-4.33327711e-06,-6.51041796e-06
0.00000000e+00,-2.05781984e-06,-4.44178888e-06,-6.67339678e-06
0.00000000e+00,-2.19624792e-06,-4.61180699e-06,-6.92491448e-06
0.00000000e+00,-2.05381454e-06,-4.40025841e-06,-6.61000001e-06
0.00000000e+00,-2.22883542e-06,-4.68117089e-06,-7.02909794e-06
0.00000000e+00,-1.98142101e-06,-4.19357442e-06,-6.29794081e-06
0.00000000e+00,-1.98011060e-06,-4.19352500e-06,-6.29795115e-06
0.00000000e+00,-2.02708587e-06,-4.31456691e-06,-6.48040392e-06
0.00000000e+00,-2.04150054e-06,-4.34725334e-06,-6.52956026e-06
0.00000000e+00,-2.12339646e-06,-4.42072608e-06,-6.63680252e-06
0.00000000e+00,-1.97805799e-06,-4.18813408e-06,-6.28982253e-06
0.00000000e+00,-2.11815884e-06,-4.41234529e-06,-6.62430014e-06
0.00000000e+00,-1.87445645e-06,-3.94998254e-06,-5.93157861e-06
0.00000000e+00,-1.85988252e-06,-3.92212038e-06,-5.88982760e-06
0.00000000e+00,-1.56581244e-06,-3.62604631e-06,-5.45531040e-06
0.00000000e+00,-1.60233743e-06,-3.70968720e-06,-5.58111963e-06
0.00000000e+00,-1.62691326e-06,-3.66914424e-06,-5.51735887e-06
0.00000000e+00,-1.64646581e-06,-3.71530996e-06,-5.58683937e-06
0.00000000e+00,-1.78179928e-06,-3.98926843e-06,-5.99788519e-06
0.00000000e+00,-1.59343027e-06,-3.68921819e-06,-5.55032890e-06
0.00000000e+00,-1.83535983e-06,-4.10549422e-06,-6.17252296e-06
0.00000000e+00,-1.59983242e-06,-3.65453443e-06,-5.49674336e-06
0.00000000e+00,-1.62887927e-06,-3.72145387e-06,-5.59741243e-06
0.00000000e+00,-1.84119060e-06,-4.03506903e-06,-6.06418875e-06
0.00000000e+00,-1.64191216e-06,-3.70267234e-06,-5.56776698e-06
0.00000000e+00,-1.86732580e-06,-4.09344113e-06,-6.15194733e-06
0.00000000e+00,-1.63511977e-06,-3.60645357e-06,-5.42072443e-06
0.00000000e+00,-1.63606572e-06,-3.61187577e-06,-5.42897370e-06
0.00000000e+00,-1.64095724e-06,-3.65768036e-06,-5.49886384e-06
0.00000000e+00,-1.65088561e-06,-3.68283256e-06,-5.53676607e-06
0.00000000e+00,-1.81326394e-06,-3.91000110e-06,-5.87431327e-06
0.00000000e+00,-1.63533283e-06,-3.60864484e-06,-5.42406932e-06
0.00000000e+00,-1.81347317e-06,-3.91347042e-06,-5.87961746e-06
0.00000000e+00,-1.59968401e-06,-3.49603018e-06,-5.25379013e-06
0.00000000e+00,-1.59200689e-06,-3.48244110e-06,-5.23346449e-06
0.00000000e+00,-1.95320945e-06,-4.07299900e-06,-6.11497037e-06
0.00000000e+00,-2.21351889e-06,-4.56665900e-06,-6.85457481e-06
0.00000000e+00,-2.04817566e-06,-4.18022183e-06,-6.27308773e-06
0.00000000e+00,-2.12930069e-06,-4.43332371e-06,-6.65572489e-06
0.00000000e+00,-2.09364454e-06,-4.34038974e-06,-6.51561371e-06
0.00000000e+00,-2.30943637e-06,-4.68868336e-06,-7.03531818e-06
0.00000000e+00,-2.27826981e-06,-4.70063240e-06,-7.05568179e-06
0.00000000e+00,-2.26637994e-06,-4.64542220e-06,-6.97183406e-06
0.00000000e+00,-2.27704198e-06,-4.68022573e-06,-7.02448213e-06
0.00000000e+00,-2.35147862e-06,-4.75928842e-06,-7.14078300e-06
0.00000000e+00,-2.24911039e-06,-4.61311889e-06,-6.92345254e-06
0.00000000e+00,-2.15122403e-06,-4.40163094e-06,-6.60570439e-06
0.00000000e+00,-1.76615384e-06,-3.85703172e-06,-5.79621422e-06
0.00000000e+00,-1.93186336e-06,-4.13734503e-06,-6.21500545e-06
0.00000000e+00,-1.86815270e-06,-3.98374004e-06,-5.98373787e-06
0.00000000e+00,-1.88427297e-06,-4.10797465e-06,-6.17311164e-06
0.00000000e+00,-1.85637429e-06,-4.01191976e-06,-6.02770691e-06
0.00000000e+00,-2.09426936e-06,-4.39515848e-06,-6.59952483e-06
0.00000000e+00,-1.99224890e-06,-4.26633593e-06,-6.40876181e-06
0.00000000e+00,-1.98504998e-06,-4.19261256e-06,-6.29622801e-06
0.00000000e+00,-1.98187462e-06,-4.21181469e-06,-6.32587057e-06
0.00000000e+00,-2.13816417e-06,-4.44391581e-06,-6.67137867e-06
0.00000000e+00,-1.98140201e-06,-4.18942653e-06,-6.29158396e-06
0.00000000e+00,-1.91702315e-06,-4.03100604e-06,-6.05297886e-06
0.00000000e+00,-1.44614859e-06,-3.35539012e-06,-5.04829702e-06
0.00000000e+00,-1.56578984e-06,-3.52601174e-06,-5.30197406e-06
0.00000000e+00,-1.61555577e-06,-3.62808869e-06,-5.45517308e-06
0.00000000e+00,-1.51778314e-06,-3.51685346e-06,-5.29108969e-06
0.00000000e+00,-1.51086601e-06,-3.45049451e-06,-5.18982590e-06
0.00000000e+00,-1.76189907e-06,-3.85782332e-06,-5.79770715e-06
0.00000000e+00,-1.60308275e-06,-3.61104040e-06,-5.42986007e-06
0.00000000e+00,-1.62844920e-06,-3.58266959e-06,-5.38470543e-06
0.00000000e+00,-1.60715819e-06,-3.57441800e-06,-5.37345574e-06
0.00000000e+00,-1.81010791e-06,-3.89435772e-06,-5.85054168e-06
0.00000000e+00,-1.63297763e-06,-3.59694786e-06,-5.40629434e-06
0.00000000e+00,-1.61878425e-06,-3.52900925e-06,-5.30308721e-06
0.00000000e+00,-1.73906736e-06,-3.63543862e-06,-5.45832509e-06
0.00000000e+00,-2.15137337e-06,-4.43534076e-06,-6.65736661e-06
0.00000000e+00,-2.28041653e-06,-4.66998179e-06,-7.00855803e-06
0.00000000e+00,-1.56532110e-06,-3.43754706e-06,-5.16640191e-06
0.00000000e+00,-1.86131257e-06,-3.98296691e-06,-5.98300216e-06
0.00000000e+00,-1.98401469e-06,-4.18390370e-06,-6.28294666e-06
0.00000000e+00,-1.35834983e-06,-3.15672966e-06,-4.74954875e-06
0.00000000e+00,-1.51941531e-06,-3.41634532e-06,-5.13691872e-06
0.00000000e+00,-1.62044615e-06,-3.55820481e-06,-5.34773040e-06
0.00000000e+00,-1.95320874e-06,-4.07299758e-06,-6.11496825e-06
0.00000000e+00,-2.21351845e-06,-4.56665811e-06,-6.85457348e-06
0.00000000e+00,-2.04817487e-06,-4.18022025e-06,-6.27308538e-06
0.00000000e+00,-1.73906658e-06,-3.63543705e-06,-5.45832274e-06
0.00000000e+00,-2.09364369e-06,-4.34038803e-06,-6.51561114e-06
0.00000000e+00,-2.30943589e-06,-4.68868239e-06,-7.03531673e-06
0.00000000e+00,-2.15137279e-06,-4.43533960e-06,-6.65736489e-06
0.00000000e+00,-2.26637952e-06,-4.64542138e-06,-6.97183283e-06
0.00000000e+00,-2.27704151e-06,-4.68022480e-06,-7.02448074e-06
0.00000000e+00,-2.35147824e-06,-4.75928765e-06,-7.14078185e-06
0.00000000e+00,-2.28041605e-06,-4.66998083e-06,-7.00855660e-06
0.00000000e+00,-2.15122370e-06,-4.40163030e-06,-6.60570343e-06
0.00000000e+00,-1.76615251e-06,-3.85702906e-06,-5.79621024e-06
0.00000000e+00,-1.93186282e-06,-4.13734396e-06,-6.21500385e-06
0.00000000e+00,-1.86815280e-06,-3.98374023e-06,-5.98373817e-06
0.00000000e+00,-1.56532018e-06,-3.43754524e-06,-5.16639917e-06
0.00000000e+00,-1.85637333e-06,-4.01191783e-06,-6.02770402e-06
0.00000000e+00,-2.09426878e-06,-4.39515732e-06,-6.59952310e-06
0.00000000e+00,-1.86131192e-06,-3.98296560e-06,-5.98300019e-06
0.00000000e+00,-1.98504956e-06,-4.19261171e-06,-6.29622674e-06
0.00000000e+00,-1.98187412e-06,-4.21181370e-06,-6.32586909e-06
0.00000000e+00,-2.13816372e-06,-4.44391491e-06,-6.67137733e-06
0.00000000e+00,-1.98401418e-06,-4.18390269e-06,-6.28294514e-06
0.00000000e+00,-1.91702280e-06,-4.03100534e-06,-6.05297781e-06
0.00000000e+00,-1.44614798e-06,-3.35538889e-06,-5.04829518e-06
0.00000000e+00,-1.56578927e-06,-3.52601061e-06,-5.30197236e-06
0.00000000e+00,-1.61555484e-06,-3.62808683e-06,-5.45517030e-06
0.00000000e+00,-1.35834902e-06,-3.15672805e-06,-4.74954634e-06
0.00000000e+00,-1.51086541e-06,-3.45049332e-06,-5.18982412e-06
0.00000000e+00,-1.76189849e-06,-3.85782218e-06,-5.79770545e-06
0.00000000e+00,-1.51941462e-06,-3.41634395e-06,-5.13691666e-06
0.00000000e+00,-1.62844878e-06,-3.58266876e-06,-5.38470418e-06
0.00000000e+00,-1.60715771e-06,-3.57441704e-06,-5.37345431e-06
0.00000000e+00,-1.81010750e-06,-3.89435689e-06,-5.85054045e-06
0.00000000e+00,-1.62044563e-06,-3.55820377e-06,-5.34772885e-06
0.00000000e+00,-1.61878390e-06,-3.52900854e-06,-5.30308616e-06
0.00000000e+00,-2.24645061e-06,-4.67289604e-06,-7.01525658e-06
0.00000000e+00,-2.32212132e-06,-4.79280700e-06,-7.19409059e-06
0.00000000e+00,-2.32215913e-06,-4.73505121e-06,-7.10555724e-06
0.00000000e+00,-2.12930125e-06,-4.43332483e-06,-6.65572658e-06
0.00000000e+00,-2.29616880e-06,-4.75661719e-06,-7.14032209e-06
0.00000000e+00,-2.41299211e-06,-4.90026640e-06,-7.35283964e-06
0.00000000e+00,-2.27826933e-06,-4.70063144e-06,-7.05568037e-06
0.00000000e+00,-2.24235700e-06,-4.60184790e-06,-6.90661949e-06
0.00000000e+00,-2.31334574e-06,-4.75954060e-06,-7.14367477e-06
0.00000000e+00,-2.31646431e-06,-4.69149557e-06,-7.03916717e-06
0.00000000e+00,-2.24911007e-06,-4.61311826e-06,-6.92345159e-06
0.00000000e+00,-2.08222781e-06,-4.26587430e-06,-6.40214287e-06
0.00000000e+00,-1.96653074e-06,-4.28244493e-06,-6.43514407e-06
0.00000000e+00,-2.03163564e-06,-4.35332921e-06,-6.53952173e-06
0.00000000e+00,-2.12581456e-06,-4.51852255e-06,-6.78655083e-06
0.00000000e+00,-1.88427281e-06,-4.10797434e-06,-6.17311118e-06
0.00000000e+00,-2.00677787e-06,-4.33327644e-06,-6.51041696e-06
0.00000000e+00,-2.19624752e-06,-4.61180618e-06,-6.92491328e-06
0.00000000e+00,-1.99224849e-06,-4.26633511e-06,-6.40876058e-06
0.00000000e+00,-1.98142078e-06,-4.19357396e-06,-6.29794011e-06
0.00000000e+00,-2.02708569e-06,-4.31456654e-06,-6.48040336e-06
0.00000000e+00,-2.12339628e-06,-4.42072572e-06,-6.63680199e-06
0.00000000e+00,-1.98140168e-06,-4.18942587e-06,-6.29158297e-06
0.00000000e+00,-1.87445627e-06,-3.94998219e-06,-5.93157808e-06
0.00000000e+00,-1.56581215e-06,-3.62604574e-06,-5.45530955e-06
0.00000000e+00,-1.62691300e-06,-3.66914372e-06,-5.51735809e-06
0.00000000e+00,-1.78179910e-06,-3.98926808e-06,-5.99788468e-06
0.00000000e+00,-1.51778255e-06,-3.51685228e-06,-5.29108791e-06
0.00000000e+00,-1.59983220e-06,-3.65453399e-06,-5.49674270e-06
0.00000000e+00,-1.84119040e-06,-4.03506863e-06,-6.06418817e-06
0.00000000e+00,-1.60308239e-06,-3.61103968e-06,-5.42985899e-06
0.00000000e+00,-1.63511959e-06,-3.60645320e-06,-5.42072387e-06
0.00000000e+00,-1.64095703e-06,-3.65767993e-06,-5.49886318e-06
0.00000000e+00,-1.81326374e-06,-3.91000070e-06,-5.87431268e-06
0.00000000e+00,-1.63297732e-06,-3.59694725e-06,-5.40629343e-06
0.00000000e+00,-1.59968384e-06,-3.49602985e-06,-5.25378963e-06
0.00000000e+00,-2.30814125e-06,-4.80020292e-06,-7.20634586e-06
0.00000000e+00,-2.34827618e-06,-4.84673423e-06,-7.27503457e-06
0.00000000e+00,-2.23191193e-06,-4.58176652e-06,-6.87652399e-06
0.00000000e+00,-2.01685364e-06,-4.38943646e-06,-6.59583981e-06
0.00000000e+00,-2.05381452e-06,-4.40025837e-06,-6.60999994e-06
0.00000000e+00,-1.97805789e-06,-4.18813388e-06,-6.28982223e-06
0.00000000e+00,-1.59343023e-06,-3.68921809e-06,-5.55032876e-06
0.00000000e+00,-1.64191201e-06,-3.70267206e-06,-5.56776656e-06
0.00000000e+00,-1.63533274e-06,-3.60864466e-06,-5.42406905e-06
0.00000000e+00,-5.97310551e-07,-1.56609941e-06,-2.36135157e-06
0.00000000e+00,1.05313593e-07,-1.66950115e-07,-2.62827962e-07
0.00000000e+00,-6.02282133e-07,-1.51885858e-06,-2.28861191e-06
0.00000000e+00,8.85134073e-08,-1.40316994e-07,-2.20899707e-07
0.00000000e+00,-6.12870932e-07,-1.57958803e-06,-2.38100531e-06
0.00000000e+00,-2.50526810e-07,-8.75581426e-07,-1.32567476e-06
0.00000000e+00,1.00037488e-07,-1.58585837e-07,-2.49660169e-07
0.00000000e+00,-4.92968043e-07,-1.47178239e-06,-2.22363284e-06
0.00000000e+00,1.38914020e-07,-2.20216246e-07,-3.46684306e-07
0.00000000e+00,-5.60374135e-07,-1.54941058e-06,-2.33819672e-06
0.00000000e+00,1.22113794e-07,-1.93583207e-07,-3.04756173e-07
0.00000000e+00,-5.38977260e-07,-1.52853654e-06,-2.30760568e-06
0.00000000e+00,-1.92763892e-07,-8.77473080e-07,-1.33236921e-06
0.00000000e+00,1.28361591e-07,-2.03488127e-07,-3.20349373e-07
0.00000000e+00,-3.90101965e-07,-1.38041823e-06,-2.09034340e-06
0.00000000e+00,1.72514254e-07,-2.73482765e-07,-4.30541230e-07
0.00000000e+00,-4.62429629e-07,-1.46788956e-06,-2.21967200e-06
0.00000000e+00,1.55714072e-07,-2.46849634e-07,-3.88612961e-07
0.00000000e+00,-3.63076589e-07,-1.27794016e-06,-1.93503553e-06
0.00000000e+00,-9.13622740e-08,-7.96555589e-07,-1.21499673e-06
0.00000000e+00,1.58037807e-07,-2.50533612e-07,-3.94412602e-07
0.00000000e+00,-5.67054183e-07,-1.52794592e-06,-2.30485580e-06
0.00000000e+00,1.11947097e-07,-1.77465911e-07,-2.79382885e-07
0.00000000e+00,-5.67244532e-07,-1.45996300e-06,-2.20063578e-06
0.00000000e+00,9.18301721e-08,-1.45574866e-07,-2.29177131e-07
0.00000000e+00,-5.79561326e-07,-1.54178059e-06,-2.32524056e-06
0.00000000e+00,-2.34267884e-07,-8.66134598e-07,-1.31226236e-06
0.00000000e+00,1.08630338e-07,-1.72208028e-07,-2.71105446e-07
0.00000000e+00,-5.21360174e-07,-1.57328515e-06,-2.37735590e-06
0.00000000e+00,1.52180923e-07,-2.41248048e-07,-3.79794463e-07
0.00000000e+00,-5.48040275e-07,-1.55828173e-06,-2.35260514e-06
0.00000000e+00,1.32064014e-07,-2.09356971e-07,-3.29588661e-07
0.00000000e+00,-5.11222823e-07,-1.53065120e-06,-2.31267052e-06
0.00000000e+00,-1.85950285e-07,-9.09987917e-07,-1.38265716e-06
0.00000000e+00,1.45547457e-07,-2.30732176e-07,-3.63239428e-07
0.00000000e+00,-4.32456528e-07,-1.53220510e-06,-2.32022710e-06
0.00000000e+00,1.92414786e-07,-3.05030111e-07,-4.80205931e-07
0.00000000e+00,-4.72415264e-07,-1.54375895e-06,-2.33531224e-06
0.00000000e+00,1.72297868e-07,-2.73139052e-07,-4.30000157e-07
0.00000000e+00,-4.15173334e-07,-1.46943026e-06,-2.22513825e-06
0.00000000e+00,-1.25456287e-07,-9.35187486e-07,-1.42525854e-06
0.00000000e+00,1.84039004e-07,-2.91752409e-07,-4.59302965e-07
0.00000000e+00,-5.59625100e-07,-1.52061031e-06,-2.29409948e-06
0.00000000e+00,1.14209725e-07,-1.81052528e-07,-2.85029273e-07
0.00000000e+00,-5.57039951e-07,-1.44331511e-06,-2.17578750e-06
0.00000000e+00,9.29615155e-08,-1.47368116e-07,-2.32000236e-07
0.00000000e+00,-5.61420531e-07,-1.52043989e-06,-2.29372031e-06
0.00000000e+00,-2.26849456e-07,-8.59114952e-07,-1.30198968e-06
0.00000000e+00,1.13078407e-07,-1.79259226e-07,-2.82206089e-07
0.00000000e+00,-5.13626463e-07,-1.57286282e-06,-2.37721662e-06
0.00000000e+00,1.56706150e-07,-2.48421338e-07,-3.91087323e-07
0.00000000e+00,-5.43062964e-07,-1.55961093e-06,-2.35496960e-06
0.00000000e+00,1.35457936e-07,-2.14736935e-07,-3.38058302e-07
0.00000000e+00,-5.19169932e-07,-1.57642721e-06,-2.38231610e-06
0.00000000e+00,-1.84399407e-07,-9.22520581e-07,-1.40196973e-06
0.00000000e+00,1.54443533e-07,-2.44834700e-07,-3.85440904e-07
0.00000000e+00,-4.46009652e-07,-1.58187899e-06,-2.39547925e-06
0.00000000e+00,1.99202570e-07,-3.15790157e-07,-4.97145389e-07
0.00000000e+00,-4.83785893e-07,-1.58530658e-06,-2.39825144e-06
0.00000000e+00,1.77954356e-07,-2.82105755e-07,-4.44116368e-07
0.00000000e+00,-4.42661781e-07,-1.56959847e-06,-2.37687503e-06
0.00000000e+00,-1.21765543e-07,-9.51616345e-07,-1.45068397e-06
0.00000000e+00,1.97498296e-07,-3.13088665e-07,-4.92892444e-07
0.00000000e+00,-1.19028615e-06,-2.73430476e-06,-4.11307667e-06
0.00000000e+00,-1.18766215e-06,-2.68074568e-06,-4.03115111e-06
0.00000000e+00,-1.20471104e-06,-2.74917389e-06,-4.13492112e-06
0.00000000e+00,-9.08439806e-07,-2.17948499e-06,-3.28113848e-06
0.00000000e+00,-1.09797325e-06,-2.64630109e-06,-3.98424504e-06
0.00000000e+00,-1.15533729e-06,-2.71271809e-06,-4.08228361e-06
0.00000000e+00,-1.07843327e-06,-2.57925986e-06,-3.88276472e-06
0.00000000e+00,-8.23669821e-07,-2.11544009e-06,-3.18853646e-06
0.00000000e+00,-9.61851891e-07,-2.47068051e-06,-3.72398805e-06
0.00000000e+00,-1.02637668e-06,-2.55141901e-06,-3.84350887e-06
0.00000000e+00,-8.47954150e-07,-2.20442889e-06,-3.32334740e-06
0.00000000e+00,-6.59710063e-07,-1.89720953e-06,-2.86479372e-06
0.00000000e+00,-1.16766913e-06,-2.70681656e-06,-4.07242729e-06
0.00000000e+00,-1.14834807e-06,-2.61099045e-06,-3.92680972e-06
0.00000000e+00,-1.17780331e-06,-2.71821201e-06,-4.08922900e-06
0.00000000e+00,-8.82412679e-07,-2.14748329e-06,-3.23379462e-06
0.00000000e+00,-1.12693654e-06,-2.73971939e-06,-4.12553834e-06
0.00000000e+00,-1.15706200e-06,-2.74278630e-06,-4.12826030e-06
0.00000000e+00,-1.11708576e-06,-2.70227197e-06,-4.06878429e-06
0.00000000e+00,-8.32742504e-07,-2.17369056e-06,-3.27722956e-06
0.00000000e+00,-1.02926936e-06,-2.65875302e-06,-4.00784559e-06
0.00000000e+00,-1.08233463e-06,-2.70769957e-06,-4.07938701e-06
0.00000000e+00,-1.00563270e-06,-2.58905481e-06,-3.90256165e-06
0.00000000e+00,-7.44935422e-07,-2.12895444e-06,-3.21442451e-06
0.00000000e+00,-1.15952587e-06,-2.69662905e-06,-4.05734637e-06
0.00000000e+00,-1.13420499e-06,-2.58575379e-06,-3.88905490e-06
0.00000000e+00,-1.16141906e-06,-2.69736592e-06,-4.05835150e-06
0.00000000e+00,-8.71358752e-07,-2.13218621e-06,-3.21107272e-06
0.00000000e+00,-1.13315795e-06,-2.76436020e-06,-4.16290023e-06
0.00000000e+00,-1.15486627e-06,-2.74754333e-06,-4.13569636e-06
0.00000000e+00,-1.13399727e-06,-2.75993985e-06,-4.15606937e-06
0.00000000e+00,-8.36900094e-07,-2.19562728e-06,-3.31058208e-06
0.00000000e+00,-1.06288745e-06,-2.74428618e-06,-4.13674635e-06
0.00000000e+00,-1.09996346e-06,-2.75820470e-06,-4.15564556e-06
0.00000000e+00,-1.05384947e-06,-2.72152999e-06,-4.10245833e-06
0.00000000e+00,-7.57427345e-07,-2.17468511e-06,-3.28370202e-06
0.00000000e+00,-1.42884709e-06,-3.19744600e-06,-4.80732929e-06
0.00000000e+00,-1.34896245e-06,-3.12031823e-06,-4.69435227e-06
0.00000000e+00,-1.20708137e-06,-2.92268334e-06,-4.40072907e-06
0.00000000e+00,-1.41778399e-06,-3.18941414e-06,-4.79574447e-06
0.00000000e+00,-1.39334401e-06,-3.23727003e-06,-4.87070592e-06
0.00000000e+00,-1.31078772e-06,-3.17336242e-06,-4.77816892e-06
0.00000000e+00,-1.41338023e-06,-3.18542128e-06,-4.78991334e-06
0.00000000e+00,-1.40565518e-06,-3.27152166e-06,-4.92239968e-06
0.00000000e+00,-1.34352824e-06,-3.25366570e-06,-4.89911074e-06
0.00000000e+00,1.38761157e-06,2.42149068e-06,3.62061650e-06
0.00000000e+00,1.35803798e-06,2.41065457e-06,3.60594927e-06
0.00000000e+00,1.39423737e-06,2.44872292e-06,3.66192409e-06
0.00000000e+00,1.61837359e-06,2.89699535e-06,4.33433275e-06
0.00000000e+00,1.34919781e-06,2.24804104e-06,3.35726815e-06
0.00000000e+00,1.37961228e-06,2.35718103e-06,3.52256508e-06
0.00000000e+00,1.31405990e-06,2.20572648e-06,3.29471480e-06
0.00000000e+00,1.58458928e-06,2.74678524e-06,4.10630294e-06
0.00000000e+00,1.26697570e-06,1.98697467e-06,2.96249471e-06
0.00000000e+00,1.30455089e-06,2.11043611e-06,3.14927382e-06
0.00000000e+00,1.13162573e-06,1.75473087e-06,2.61539223e-06
0.00000000e+00,1.49075304e-06,2.47298550e-06,3.69277419e-06
0.00000000e+00,1.37489406e-06,2.37830980e-06,3.55526225e-06
0.00000000e+00,1.32367374e-06,2.33305317e-06,3.48925570e-06
0.00000000e+00,1.38007849e-06,2.39755161e-06,3.58441642e-06
0.00000000e+00,1.61517306e-06,2.87649994e-06,4.30312665e-06
0.00000000e+00,1.39796001e-06,2.31007372e-06,3.44915132e-06
0.00000000e+00,1.39618619e-06,2.36371007e-06,3.53148426e-06
0.00000000e+00,1.37820979e-06,2.28831914e-06,3.41710238e-06
0.00000000e+00,1.64469577e-06,2.83880953e-06,4.24341342e-06
0.00000000e+00,1.36409138e-06,2.12796846e-06,3.17223664e-06
0.00000000e+00,1.38525738e-06,2.22748446e-06,3.32338903e-06
0.00000000e+00,1.32794511e-06,2.07810083e-06,3.09817181e-06
0.00000000e+00,1.61859523e-06,2.68540348e-06,4.00997992e-06
0.00000000e+00,1.37015326e-06,2.36272921e-06,3.53169102e-06
0.00000000e+00,1.31123197e-06,2.30512012e-06,3.44725596e-06
0.00000000e+00,1.37034521e-06,2.36616262e-06,3.53694131e-06
0.00000000e+00,1.61345529e-06,2.86824978e-06,4.29059325e-06
0.00000000e+00,1.41098616e-06,2.32392804e-06,3.46953212e-06
0.00000000e+00,1.39909406e-06,2.36037733e-06,3.52618463e-06
0.00000000e+00,1.40842311e-06,2.32490092e-06,3.47119178e-06
0.00000000e+00,1.66237874e-06,2.86454617e-06,4.28170207e-06
0.00000000e+00,1.40791646e-06,2.19732165e-06,3.27566538e-06
0.00000000e+00,1.41139207e-06,2.26450635e-06,3.37842101e-06
0.00000000e+00,1.39626756e-06,2.17870408e-06,3.24789277e-06
0.00000000e+00,1.65960442e-06,2.75259960e-06,4.11028722e-06
0.00000000e+00,8.04535388e-07,1.23759247e-06,1.84418625e-06
0.00000000e+00,7.77607743e-07,1.24092117e-06,1.85105771e-06
0.00000000e+00,8.10259862e-07,1.26667356e-06,1.88838708e-06
0.00000000e+00,1.11071491e-06,1.85882444e-06,2.77632567e-06
0.00000000e+00,7.63991333e-07,1.04213636e-06,1.54724529e-06
0.00000000e+00,7.99498188e-07,1.17033407e-06,1.74142025e-06
0.00000000e+00,7.90328701e-07,1.13007538e-06,1.68031220e-06
0.00000000e+00,1.08479377e-06,1.70148709e-06,2.53685431e-06
0.00000000e+00,7.24923683e-07,8.49633066e-07,1.25473354e-06
0.00000000e+00,7.65352052e-07,9.87673802e-07,1.46367305e-06
0.00000000e+00,6.70883697e-07,7.89980415e-07,1.16684533e-06
0.00000000e+00,9.82022321e-07,1.38625524e-06,2.06040343e-06
0.00000000e+00,7.86751979e-07,1.17966640e-06,1.75656268e-06
0.00000000e+00,7.48806665e-07,1.17213939e-06,1.74751781e-06
0.00000000e+00,7.93022640e-07,1.20338735e-06,1.79251134e-06
0.00000000e+00,1.09587404e-06,1.80909015e-06,2.70106555e-06
0.00000000e+00,8.17329288e-07,1.10409378e-06,1.63871248e-06
0.00000000e+00,8.05873733e-07,1.14954629e-06,1.70913688e-06
0.00000000e+00,7.94719041e-07,1.08123253e-06,1.60515508e-06
0.00000000e+00,1.11623878e-06,1.72427200e-06,2.56971429e-06
0.00000000e+00,8.04697006e-07,9.42101971e-07,1.39123350e-06
0.00000000e+00,8.06520071e-07,1.01411172e-06,1.50149376e-06
0.00000000e+00,7.71677934e-07,9.04272271e-07,1.33541556e-06
0.00000000e+00,1.10144016e-06,1.56379672e-06,2.32470223e-06
0.00000000e+00,7.83519438e-07,1.16567877e-06,1.73533414e-06
0.00000000e+00,7.40700419e-07,1.15216563e-06,1.71743361e-06
0.00000000e+00,7.83216594e-07,1.16883436e-06,1.74019107e-06
0.00000000e+00,1.08861961e-06,1.78777052e-06,2.66886238e-06
0.00000000e+00,8.17988541e-07,1.09036719e-06,1.61762839e-06
0.00000000e+00,8.07191169e-07,1.14089734e-06,1.69579280e-06
0.00000000e+00,8.19335528e-07,1.10058371e-06,1.63320028e-06
0.00000000e+00,1.12799524e-06,1.73416339e-06,2.58410392e-06
0.00000000e+00,8.30839485e-07,9.71819286e-07,1.43506816e-06
0.00000000e+00,8.28381843e-07,1.03902890e-06,1.53825177e-06
0.00000000e+00,8.24376068e-07,9.64477222e-07,1.42423852e-06
0.00000000e+00,1.12550573e-06,1.59118105e-06,2.36509722e-06
0.00000000e+00,4.59452860e-07,5.44377915e-07,8.04264254e-07
0.00000000e+00,4.67189544e-07,4.42433792e-07,6.47491094e-07
0.00000000e+00,4.33780182e-07,2.53729323e-07,3.60430641e-07
0.00000000e+00,4.56063883e-07,5.14528934e-07,7.58732935e-07
0.00000000e+00,4.86115792e-07,4.34144237e-07,6.33541068e-07
0.00000000e+00,5.07170404e-07,3.30065895e-07,4.72621528e-07
0.00000000e+00,4.53006355e-07,5.00596669e-07,7.37577753e-07
0.00000000e+00,4.93286598e-07,4.32851430e-07,6.31088291e-07
0.00000000e+00,5.16762291e-07,3.25439323e-07,4.64899538e-07
0.00000000e+00,-1.16766893e-06,-2.70681617e-06,-4.07242670e-06
0.00000000e+00,-1.14834791e-06,-2.61099012e-06,-3.92680924e-06
0.00000000e+00,-1.16141896e-06,-2.69736572e-06,-4.05835120e-06
0.00000000e+00,-1.41778379e-06,-3.18941375e-06,-4.79574389e-06
0.00000000e+00,-1.12693628e-06,-2.73971887e-06,-4.12553756e-06
0.00000000e+00,-1.15706176e-06,-2.74278584e-06,-4.12825961e-06
0.00000000e+00,-1.13399715e-06,-2.75993960e-06,-4.15606900e-06
0.00000000e+00,-1.39334373e-06,-3.23726948e-06,-4.87070511e-06
0.00000000e+00,-1.02926903e-06,-2.65875236e-06,-4.00784460e-06
0.00000000e+00,-1.08233432e-06,-2.70769895e-06,-4.07938609e-06
0.00000000e+00,-1.05384931e-06,-2.72152965e-06,-4.10245783e-06
0.00000000e+00,-1.31078739e-06,-3.17336176e-06,-4.77816794e-06
0.00000000e+00,-1.19028575e-06,-2.73430396e-06,-4.11307546e-06
0.00000000e+00,-1.18766182e-06,-2.68074503e-06,-4.03115014e-06
0.00000000e+00,-1.17780302e-06,-2.71821142e-06,-4.08922812e-06
0.00000000e+00,-1.42884668e-06,-3.19744518e-06,-4.80732806e-06
0.00000000e+00,-1.09797271e-06,-2.64630000e-06,-3.98424342e-06
0.00000000e+00,-1.15533681e-06,-2.71271714e-06,-4.08228218e-06
0.00000000e+00,-1.11708534e-06,-2.70227114e-06,-4.06878304e-06
0.00000000e+00,-1.34896189e-06,-3.12031711e-06,-4.69435060e-06
0.00000000e+00,-9.61851205e-07,-2.47067914e-06,-3.72398600e-06
0.00000000e+00,-1.02637605e-06,-2.55141776e-06,-3.84350699e-06
0.00000000e+00,-1.00563222e-06,-2.58905384e-06,-3.90256019e-06
0.00000000e+00,-1.20708072e-06,-2.92268203e-06,-4.40072712e-06
0.00000000e+00,-1.20471053e-06,-2.74917289e-06,-4.13491962e-06
0.00000000e+00,-1.07843259e-06,-2.57925850e-06,-3.88276268e-06
0.00000000e+00,-8.47953305e-07,-2.20442720e-06,-3.32334487e-06
0.00000000e+00,-5.67054000e-07,-1.52794556e-06,-2.30485525e-06
0.00000000e+00,-5.67244382e-07,-1.45996270e-06,-2.20063533e-06
0.00000000e+00,-5.61420439e-07,-1.52043971e-06,-2.29372003e-06
0.00000000e+00,-8.82412489e-07,-2.14748291e-06,-3.23379405e-06
0.00000000e+00,-5.21359922e-07,-1.57328464e-06,-2.37735515e-06
0.00000000e+00,-5.48040055e-07,-1.55828129e-06,-2.35260449e-06
0.00000000e+00,-5.19169805e-07,-1.57642696e-06,-2.38231573e-06
0.00000000e+00,-8.32742241e-07,-2.17369004e-06,-3.27722877e-06
0.00000000e+00,-4.32456227e-07,-1.53220450e-06,-2.32022620e-06
0.00000000e+00,-4.72414981e-07,-1.54375838e-06,-2.33531140e-06
0.00000000e+00,-4.42661627e-07,-1.56959817e-06,-2.37687457e-06
0.00000000e+00,-7.44935098e-07,-2.12895379e-06,-3.21442355e-06
0.00000000e+00,-5.97310207e-07,-1.56609873e-06,-2.36135054e-06
0.00000000e+00,-6.02281847e-07,-1.51885801e-06,-2.28861106e-06
0.00000000e+00,-5.79561058e-07,-1.54178005e-06,-2.32523976e-06
0.00000000e+00,-9.08439430e-07,-2.17948424e-06,-3.28113736e-06
0.00000000e+00,-4.92967499e-07,-1.47178131e-06,-2.22363122e-06
0.00000000e+00,-5.60373704e-07,-1.54940972e-06,-2.33819543e-06
0.00000000e+00,-5.11222440e-07,-1.53065043e-06,-2.31266937e-06
0.00000000e+00,-8.23669295e-07,-2.11543904e-06,-3.18853489e-06
0.00000000e+00,-3.90101234e-07,-1.38041677e-06,-2.09034122e-06
0.00000000e+00,-4.62429011e-07,-1.46788833e-06,-2.21967015e-06
0.00000000e+00,-4.15172822e-07,-1.46942924e-06,-2.22513672e-06
0.00000000e+00,-6.59709354e-07,-1.89720811e-06,-2.86479161e-06
0.00000000e+00,-6.12870508e-07,-1.57958718e-06,-2.38100404e-06
0.00000000e+00,-5.38976665e-07,-1.52853535e-06,-2.30760391e-06
0.00000000e+00,-3.63075803e-07,-1.27793859e-06,-1.93503319e-06
0.00000000e+00,1.11947279e-07,-1.77465549e-07,-2.79382343e-07
0.00000000e+00,9.18303274e-08,-1.45574556e-07,-2.29176668e-07
0.00000000e+00,1.13078500e-07,-1.79259041e-07,-2.82205812e-07
0.00000000e+00,-2.34267705e-07,-8.66134243e-07,-1.31226183e-06
0.00000000e+00,1.52181183e-07,-2.41247529e-07,-3.79793687e-07
0.00000000e+00,1.32064230e-07,-2.09356540e-07,-3.29588017e-07
0.00000000e+00,1.54443665e-07,-2.44834437e-07,-3.85440511e-07
0.00000000e+00,-1.85950037e-07,-9.09987421e-07,-1.38265642e-06
0.00000000e+00,1.92415094e-07,-3.05029497e-07,-4.80205014e-07
0.00000000e+00,1.72298138e-07,-2.73138514e-07,-4.29999352e-07
0.00000000e+00,1.97498453e-07,-3.13088354e-07,-4.92891979e-07
0.00000000e+00,-1.25455945e-07,-9.35186805e-07,-1.42525752e-06
0.00000000e+00,1.05313928e-07,-1.66949446e-07,-2.62826964e-07
0.00000000e+00,8.85136912e-08,-1.40316427e-07,-2.20898862e-07
0.00000000e+00,1.08630603e-07,-1.72207499e-07,-2.71104656e-07
0.00000000e+00,-2.50526485e-07,-8.75580777e-07,-1.32567379e-06
0.00000000e+00,1.38914403e-07,-2.20215483e-07,-3.46683167e-07
0.00000000e+00,1.22114167e-07,-1.93582462e-07,-3.04755062e-07
0.00000000e+00,1.45547793e-07,-2.30731506e-07,-3.63238426e-07
0.00000000e+00,-1.92763441e-07,-8.77472181e-07,-1.33236787e-06
0.00000000e+00,1.72514886e-07,-2.73481503e-07,-4.30539344e-07
0.00000000e+00,1.55714648e-07,-2.46848486e-07,-3.88611245e-07
0.00000000e+00,1.84039467e-07,-2.91751486e-07,-4.59301585e-07
0.00000000e+00,-9.13617677e-08,-7.96554579e-07,-1.21499522e-06
0.00000000e+00,1.00037827e-07,-1.58585160e-07,-2.49659159e-07
0.00000000e+00,1.28362166e-07,-2.03486980e-07,-3.20347661e-07
0.00000000e+00,1.58038541e-07,-2.50532147e-07,-3.94410412e-07
0.00000000e+00,7.86752195e-07,1.17966683e-06,1.75656333e-06
0.00000000e+00,7.48806852e-07,1.17213977e-06,1.74751837e-06
0.00000000e+00,7.83216703e-07,1.16883457e-06,1.74019139e-06
0.00000000e+00,4.56064084e-07,5.14529335e-07,7.58733535e-07
0.00000000e+00,8.17329574e-07,1.10409435e-06,1.63871334e-06
0.00000000e+00,8.05873978e-07,1.14954678e-06,1.70913761e-06
0.00000000e+00,8.19335671e-07,1.10058399e-06,1.63320070e-06
0.00000000e+00,4.86116050e-07,4.34144752e-07,6.33541837e-07
0.00000000e+00,8.04697345e-07,9.42102647e-07,1.39123451e-06
0.00000000e+00,8.06520364e-07,1.01411231e-06,1.50149464e-06
0.00000000e+00,8.24376235e-07,9.64477557e-07,1.42423902e-06
0.00000000e+00,5.07170738e-07,3.30066562e-07,4.72622526e-07
0.00000000e+00,8.04535816e-07,1.23759332e-06,1.84418753e-06
0.00000000e+00,7.77608100e-07,1.24092189e-06,1.85105878e-06
0.00000000e+00,7.93022961e-07,1.20338799e-06,1.79251229e-06
0.00000000e+00,4.59453218e-07,5.44378629e-07,8.04265321e-07
0.00000000e+00,7.63991827e-07,1.04213735e-06,1.54724676e-06
0.00000000e+00,7.99498669e-07,1.17033503e-06,1.74142169e-06
0.00000000e+00,7.94719428e-07,1.08123330e-06,1.60515623e-06
0.00000000e+00,4.67190010e-07,4.42434723e-07,6.47492484e-07
0.00000000e+00,7.24924278e-07,8.49634253e-07,1.25473532e-06
0.00000000e+00,7.65352692e-07,9.87675080e-07,1.46367496e-06
0.00000000e+00,7.71678418e-07,9.04273236e-07,1.33541700e-06
0.00000000e+00,4.33780734e-07,2.53730425e-07,3.60432285e-07
0.00000000e+00,8.10260364e-07,1.26667456e-06,1.88838858e-06
0.00000000e+00,7.90329404e-07,1.13007679e-06,1.68031430e-06
0.00000000e+00,6.70884467e-07,7.89981952e-07,1.16684762e-06
0.00000000e+00,1.37489429e-06,2.37831028e-06,3.55526296e-06
0.00000000e+00,1.32367395e-06,2.33305358e-06,3.48925633e-06
0.00000000e+00,1.37034533e-06,2.36616286e-06,3.53694167e-06
0.00000000e+00,1.09587427e-06,1.80909061e-06,2.70106623e-06
0.00000000e+00,1.39796028e-06,2.31007426e-06,3.44915214e-06
0.00000000e+00,1.39618645e-06,2.36371059e-06,3.53148503e-06
0.00000000e+00,1.40842325e-06,2.32490120e-06,3.47119220e-06
0.00000000e+00,1.11623907e-06,1.72427259e-06,2.56971516e-06
0.00000000e+00,1.36409169e-06,2.12796908e-06,3.17223755e-06
0.00000000e+00,1.38525767e-06,2.22748504e-06,3.32338990e-06
0.00000000e+00,1.39626771e-06,2.17870438e-06,3.24789322e-06
0.00000000e+00,1.10144049e-06,1.56379738e-06,2.32470322e-06
0.00000000e+00,1.38761205e-06,2.42149165e-06,3.62061794e-06
0.00000000e+00,1.35803841e-06,2.41065543e-06,3.60595056e-06
0.00000000e+00,1.38007885e-06,2.39755232e-06,3.58441749e-06
0.00000000e+00,1.11071538e-06,1.85882538e-06,2.77632708e-06
0.00000000e+00,1.34919842e-06,2.24804225e-06,3.35726997e-06
0.00000000e+00,1.37961282e-06,2.35718211e-06,3.52256669e-06
0.00000000e+00,1.37821022e-06,2.28831999e-06,3.41710366e-06
0.00000000e+00,1.08479431e-06,1.70148818e-06,2.53685594e-06
0.00000000e+00,1.26697637e-06,1.98697601e-06,2.96249672e-06
0.00000000e+00,1.30455149e-06,2.11043733e-06,3.14927563e-06
0.00000000e+00,1.32794561e-06,2.07810181e-06,3.09817328e-06
0.00000000e+00,9.82022960e-07,1.38625652e-06,2.06040533e-06
0.00000000e+00,1.39423802e-06,2.44872422e-06,3.66192604e-06
0.00000000e+00,1.31406061e-06,2.20572789e-06,3.29471691e-06
0.00000000e+00,1.13162635e-06,1.75473212e-06,2.61539410e-06
0.00000000e+00,1.61517329e-06,2.87650040e-06,4.30312734e-06
0.00000000e+00,1.64469603e-06,2.83881004e-06,4.24341418e-06
0.00000000e+00,1.61859552e-06,2.68540405e-06,4.00998078e-06
0.00000000e+00,1.61837406e-06,2.89699629e-06,4.33433415e-06
0.00000000e+00,1.58458980e-06,2.74678627e-06,4.10630447e-06
0.00000000e+00,1.49075359e-06,2.47298659e-06,3.69277581e-06
0.00000000e+00,-1.26697510e-06,-1.98697349e-06,-2.96249292e-06
0.00000000e+00,-1.34919713e-06,-2.24803970e-06,-3.35726610e-06
0.00000000e+00,-1.13162525e-06,-1.75472994e-06,-2.61539080e-06
0.00000000e+00,-1.49075242e-06,-2.47298427e-06,-3.69277231e-06
0.00000000e+00,-1.30455024e-06,-2.11043486e-06,-3.14927190e-06
0.00000000e+00,-1.31405932e-06,-2.20572534e-06,-3.29471305e-06
0.00000000e+00,-1.58458858e-06,-2.74678386e-06,-4.10630083e-06
0.00000000e+00,-1.38761080e-06,-2.42148917e-06,-3.62061420e-06
0.00000000e+00,-1.37961155e-06,-2.35717961e-06,-3.52256291e-06
0.00000000e+00,-1.39423669e-06,-2.44872158e-06,-3.66192205e-06
0.00000000e+00,-1.61837281e-06,-2.89699382e-06,-4.33433042e-06
0.00000000e+00,-1.35803716e-06,-2.41065297e-06,-3.60594683e-06
0.00000000e+00,-1.36409052e-06,-2.12796676e-06,-3.17223405e-06
0.00000000e+00,-1.39795910e-06,-2.31007192e-06,-3.44914860e-06
0.00000000e+00,-1.32794439e-06,-2.07809940e-06,-3.09816962e-06
0.00000000e+00,-1.61859436e-06,-2.68540176e-06,-4.00997731e-06
0.00000000e+00,-1.38525649e-06,-2.22748271e-06,-3.32338637e-06
0.00000000e+00,-1.37820900e-06,-2.28831757e-06,-3.41709999e-06
0.00000000e+00,-1.64469486e-06,-2.83880773e-06,-4.24341068e-06
0.00000000e+00,-1.37489310e-06,-2.37830791e-06,-3.55525939e-06
0.00000000e+00,-1.39618526e-06,-2.36370823e-06,-3.53148147e-06
0.00000000e+00,-1.38007763e-06,-2.39754991e-06,-3.58441384e-06
0.00000000e+00,-1.61517210e-06,-2.87649806e-06,-4.30312379e-06
0.00000000e+00,-1.32367276e-06,-2.33305123e-06,-3.48925277e-06
0.00000000e+00,-1.40791532e-06,-2.19731939e-06,-3.27566197e-06
0.00000000e+00,-1.41098502e-06,-2.32392578e-06,-3.46952870e-06
0.00000000e+00,-1.39626655e-06,-2.17870209e-06,-3.24788976e-06
0.00000000e+00,-1.65960329e-06,-2.75259737e-06,-4.11028384e-06
0.00000000e+00,-1.41139092e-06,-2.26450410e-06,-3.37841760e-06
0.00000000e+00,-1.40842208e-06,-2.32489889e-06,-3.47118871e-06
0.00000000e+00,-1.66237761e-06,-2.86454394e-06,-4.28169869e-06
0.00000000e+00,-1.37015210e-06,-2.36272694e-06,-3.53168758e-06
0.00000000e+00,-1.39909292e-06,-2.36037507e-06,-3.52618120e-06
0.00000000e+00,-1.37034416e-06,-2.36616054e-06,-3.53693816e-06
0.00000000e+00,-1.61345415e-06,-2.86824752e-06,-4.29058984e-06
0.00000000e+00,-1.31123081e-06,-2.30511784e-06,-3.44725251e-06
0.00000000e+00,-7.24923121e-07,-8.49631966e-07,-1.25473186e-06
0.00000000e+00,-7.63990673e-07,-1.04213507e-06,-1.54724331e-06
0.00000000e+00,-6.70883261e-07,-7.89979569e-07,-1.16684402e-06
0.00000000e+00,-9.82021742e-07,-1.38625411e-06,-2.06040169e-06
0.00000000e+00,-7.65351441e-07,-9.87672605e-07,-1.46367122e-06
0.00000000e+00,-7.90328147e-07,-1.13007430e-06,-1.68031054e-06
0.00000000e+00,-1.08479310e-06,-1.70148577e-06,-2.53685229e-06
0.00000000e+00,-8.04534629e-07,-1.23759097e-06,-1.84418398e-06
0.00000000e+00,-7.99497479e-07,-1.17033268e-06,-1.74141813e-06
0.00000000e+00,-8.10259192e-07,-1.26667225e-06,-1.88838507e-06
0.00000000e+00,-1.11071414e-06,-1.85882293e-06,-2.77632338e-06
0.00000000e+00,-7.77606933e-07,-1.24091958e-06,-1.85105529e-06
0.00000000e+00,-8.04696150e-07,-9.42100287e-07,-1.39123094e-06
0.00000000e+00,-8.17328385e-07,-1.10409200e-06,-1.63870978e-06
0.00000000e+00,-7.71677230e-07,-9.04270889e-07,-1.33541345e-06
0.00000000e+00,-1.10143930e-06,-1.56379503e-06,-2.32469966e-06
0.00000000e+00,-8.06519193e-07,-1.01410999e-06,-1.50149114e-06
0.00000000e+00,-7.94718260e-07,-1.08123099e-06,-1.60515274e-06
0.00000000e+00,-1.11623787e-06,-1.72427022e-06,-2.56971157e-06
0.00000000e+00,-7.86751022e-07,-1.17966451e-06,-1.75655982e-06
0.00000000e+00,-8.05872804e-07,-1.14954446e-06,-1.70913410e-06
0.00000000e+00,-7.93021783e-07,-1.20338566e-06,-1.79250877e-06
0.00000000e+00,-1.09587309e-06,-1.80908826e-06,-2.70106268e-06
0.00000000e+00,-7.48805680e-07,-1.17213745e-06,-1.74751486e-06
0.00000000e+00,-8.30838322e-07,-9.71816989e-07,-1.43506469e-06
0.00000000e+00,-8.17987378e-07,-1.09036489e-06,-1.61762491e-06
0.00000000e+00,-8.24375059e-07,-9.64475233e-07,-1.42423550e-06
0.00000000e+00,-1.12550458e-06,-1.59117876e-06,-2.36509376e-06
0.00000000e+00,-8.28380680e-07,-1.03902660e-06,-1.53824829e-06
0.00000000e+00,-8.19334496e-07,-1.10058167e-06,-1.63319719e-06
0.00000000e+00,-1.12799409e-06,-1.73416111e-06,-2.58410047e-06
0.00000000e+00,-7.83518270e-07,-1.16567646e-06,-1.73533065e-06
0.00000000e+00,-8.07190003e-07,-1.14089503e-06,-1.69578932e-06
0.00000000e+00,-7.83215534e-07,-1.16883226e-06,-1.74018790e-06
0.00000000e+00,-1.08861845e-06,-1.78776823e-06,-2.66885891e-06
0.00000000e+00,-7.40699249e-07,-1.15216331e-06,-1.71743011e-06
0.00000000e+00,-1.72513708e-07,2.73483831e-07,4.30542866e-07
0.00000000e+00,-1.38913372e-07,2.20217516e-07,3.46686246e-07
0.00000000e+00,-1.58037391e-07,2.50534419e-07,3.94413851e-07
0.00000000e+00,-4.33779630e-07,-2.53728245e-07,-3.60428986e-07
0.00000000e+00,-1.55713476e-07,2.46850801e-07,3.88614748e-07
0.00000000e+00,-1.28361050e-07,2.03489184e-07,3.20350996e-07
0.00000000e+00,-4.67188889e-07,-4.42432509e-07,-6.47489134e-07
0.00000000e+00,-1.05312841e-07,1.66951592e-07,2.62830213e-07
0.00000000e+00,-1.22113094e-07,1.93584579e-07,3.04758267e-07
0.00000000e+00,-1.00036825e-07,1.58587136e-07,2.49662152e-07
0.00000000e+00,-4.59452104e-07,-5.44376429e-07,-8.04261990e-07
0.00000000e+00,-8.85126018e-08,1.40318578e-07,2.20902118e-07
0.00000000e+00,-1.92413947e-07,3.05031761e-07,4.80208441e-07
0.00000000e+00,-1.52180032e-07,2.41249802e-07,3.79797128e-07
0.00000000e+00,-1.84038317e-07,2.91753758e-07,4.59305024e-07
0.00000000e+00,-5.07169559e-07,-3.30064231e-07,-4.72618998e-07
0.00000000e+00,-1.72297003e-07,2.73140755e-07,4.30002745e-07
0.00000000e+00,-1.45546689e-07,2.30733686e-07,3.63241728e-07
0.00000000e+00,-4.86114892e-07,-4.34142466e-07,-6.33538377e-07
0.00000000e+00,-1.11946148e-07,1.77467782e-07,2.79385724e-07
0.00000000e+00,-1.32063094e-07,2.09358783e-07,3.29591413e-07
0.00000000e+00,-1.08629488e-07,1.72209701e-07,2.71107989e-07
0.00000000e+00,-4.56062928e-07,-5.14527053e-07,-7.58730080e-07
0.00000000e+00,-9.18291927e-08,1.45576798e-07,2.29180060e-07
0.00000000e+00,-1.99201409e-07,3.15792451e-07,4.97148859e-07
0.00000000e+00,-1.56704987e-07,2.48423635e-07,3.91090801e-07
0.00000000e+00,-1.97497299e-07,3.13090632e-07,4.92895427e-07
0.00000000e+00,-5.16761115e-07,-3.25437001e-07,-4.64896023e-07
0.00000000e+00,-1.77953198e-07,2.82108043e-07,4.44119830e-07
0.00000000e+00,-1.54442508e-07,2.44836722e-07,3.85443969e-07
0.00000000e+00,-4.93285433e-07,-4.32849127e-07,-6.31084806e-07
0.00000000e+00,-1.14208563e-07,1.81054823e-07,2.85032746e-07
0.00000000e+00,-1.35456775e-07,2.14739229e-07,3.38061773e-07
0.00000000e+00,-1.13077353e-07,1.79261306e-07,2.82209240e-07
0.00000000e+00,-4.53005187e-07,-5.00594361e-07,-7.37574261e-07
0.00000000e+00,-9.29603500e-08,1.47370418e-07,2.32003721e-07
0.00000000e+00,3.90102513e-07,1.38041930e-06,2.09034504e-06
0.00000000e+00,4.92968690e-07,1.47178366e-06,2.22363478e-06
0.00000000e+00,3.63077016e-07,1.27794099e-06,1.93503681e-06
0.00000000e+00,9.13628176e-08,7.96556650e-07,1.21499836e-06
0.00000000e+00,4.62430227e-07,1.46789073e-06,2.21967379e-06
0.00000000e+00,5.38977806e-07,1.52853760e-06,2.30760732e-06
0.00000000e+00,1.92764540e-07,8.77474350e-07,1.33237116e-06
0.00000000e+00,5.97311300e-07,1.56610088e-06,2.36135381e-06
0.00000000e+00,5.60374833e-07,1.54941195e-06,2.33819881e-06
0.00000000e+00,6.12871595e-07,1.57958933e-06,2.38100729e-06
0.00000000e+00,2.50527561e-07,8.75582902e-07,1.32567701e-06
0.00000000e+00,6.02282934e-07,1.51886015e-06,2.28861431e-06
0.00000000e+00,4.32457351e-07,1.53220672e-06,2.32022956e-06
0.00000000e+00,5.21361051e-07,1.57328687e-06,2.37735853e-06
0.00000000e+00,4.15174014e-07,1.46943160e-06,2.22514029e-06
0.00000000e+00,1.25457117e-07,9.35189120e-07,1.42526103e-06
0.00000000e+00,4.72416114e-07,1.54376062e-06,2.33531478e-06
0.00000000e+00,5.11223585e-07,1.53065270e-06,2.31267280e-06
0.00000000e+00,1.85951171e-07,9.09989661e-07,1.38265981e-06
0.00000000e+00,5.67055119e-07,1.52794777e-06,2.30485860e-06
0.00000000e+00,5.48041181e-07,1.55828351e-06,2.35260785e-06
0.00000000e+00,5.79562168e-07,1.54178224e-06,2.32524308e-06
0.00000000e+00,2.34268827e-07,8.66136458e-07,1.31226519e-06
0.00000000e+00,5.67245500e-07,1.45996491e-06,2.20063867e-06
0.00000000e+00,4.46010784e-07,1.58188122e-06,2.39548263e-06
0.00000000e+00,5.13627590e-07,1.57286505e-06,2.37721999e-06
0.00000000e+00,4.42662751e-07,1.56960039e-06,2.37687793e-06
0.00000000e+00,1.21766695e-07,9.51618620e-07,1.45068741e-06
0.00000000e+00,4.83787017e-07,1.58530879e-06,2.39825480e-06
0.00000000e+00,5.19170933e-07,1.57642919e-06,2.38231910e-06
0.00000000e+00,1.84400553e-07,9.22522843e-07,1.40197315e-06
0.00000000e+00,5.59626236e-07,1.52061255e-06,2.29410287e-06
0.00000000e+00,5.43064091e-07,1.55961315e-06,2.35497297e-06
0.00000000e+00,5.61421566e-07,1.52044194e-06,2.29372340e-06
0.00000000e+00,2.26850608e-07,8.59117228e-07,1.30199312e-06
0.00000000e+00,5.57041093e-07,1.44331737e-06,2.17579091e-06
0.00000000e+00,9.61852471e-07,2.47068164e-06,3.72398979e-06
0.00000000e+00,1.09797392e-06,2.64630239e-06,3.98424703e-06
0.00000000e+00,8.47954617e-07,2.20442979e-06,3.32334879e-06
0.00000000e+00,6.59710623e-07,1.89721062e-06,2.86479540e-06
0.00000000e+00,1.02637730e-06,2.55142023e-06,3.84351073e-06
0.00000000e+00,1.07843384e-06,2.57926098e-06,3.88276643e-06
0.00000000e+00,8.23670478e-07,2.11544138e-06,3.18853843e-06
0.00000000e+00,1.19028691e-06,2.73430624e-06,4.11307892e-06
0.00000000e+00,1.15533800e-06,2.71271949e-06,4.08228573e-06
0.00000000e+00,1.20471171e-06,2.74917521e-06,4.13492314e-06
0.00000000e+00,9.08440558e-07,2.17948647e-06,3.28114073e-06
0.00000000e+00,1.18766295e-06,2.68074726e-06,4.03115350e-06
0.00000000e+00,1.02927017e-06,2.65875462e-06,4.00784802e-06
0.00000000e+00,1.12693741e-06,2.73972110e-06,4.12554093e-06
0.00000000e+00,1.00563340e-06,2.58905617e-06,3.90256373e-06
0.00000000e+00,7.44936234e-07,2.12895604e-06,3.21442694e-06
0.00000000e+00,1.08233547e-06,2.70770122e-06,4.07938953e-06
0.00000000e+00,1.11708653e-06,2.70227348e-06,4.06878659e-06
0.00000000e+00,8.32743375e-07,2.17369228e-06,3.27723217e-06
0.00000000e+00,1.16767005e-06,2.70681839e-06,4.07243006e-06
0.00000000e+00,1.15706289e-06,2.74278806e-06,4.12826298e-06
0.00000000e+00,1.17780415e-06,2.71821366e-06,4.08923152e-06
0.00000000e+00,8.82413609e-07,2.14748513e-06,3.23379740e-06
0.00000000e+00,1.14834902e-06,2.61099233e-06,3.92681258e-06
0.00000000e+00,1.06288849e-06,2.74428823e-06,4.13674946e-06
0.00000000e+00,1.13315904e-06,2.76436234e-06,4.16290348e-06
0.00000000e+00,1.05385041e-06,2.72153184e-06,4.10246114e-06
0.00000000e+00,7.57428440e-07,2.17468727e-06,3.28370529e-06
0.00000000e+00,1.09996452e-06,2.75820680e-06,4.15564874e-06
0.00000000e+00,1.13399824e-06,2.75994176e-06,4.15607227e-06
0.00000000e+00,8.36901202e-07,2.19562947e-06,3.31058540e-06
0.00000000e+00,1.15952697e-06,2.69663122e-06,4.05734965e-06
0.00000000e+00,1.15486736e-06,2.74754549e-06,4.13569963e-06
0.00000000e+00,1.16142007e-06,2.69736792e-06,4.05835452e-06
0.00000000e+00,8.71359868e-07,2.13218841e-06,3.21107605e-06
0.00000000e+00,1.13420610e-06,2.58575598e-06,3.88905822e-06
0.00000000e+00,1.20708198e-06,2.92268451e-06,4.40073087e-06
0.00000000e+00,1.34896314e-06,3.12031958e-06,4.69435433e-06
0.00000000e+00,1.42884786e-06,3.19744751e-06,4.80733158e-06
0.00000000e+00,1.31078855e-06,3.17336405e-06,4.77817141e-06
0.00000000e+00,1.39334488e-06,3.23727175e-06,4.87070853e-06
0.00000000e+00,1.41778491e-06,3.18941597e-06,4.79574724e-06
0.00000000e+00,1.34352930e-06,3.25366780e-06,4.89911392e-06
0.00000000e+00,1.40565623e-06,3.27152374e-06,4.92240283e-06
0.00000000e+00,1.41338132e-06,3.18542342e-06,4.78991658e-06
0.00000000e+00,-8.04695840e-07,-9.42099668e-07,-1.39123002e-06
0.00000000e+00,-1.92413582e-07,3.05032490e-07,4.80209531e-07
0.00000000e+00,-8.17328139e-07,-1.10409151e-06,-1.63870905e-06
0.00000000e+00,-1.52179747e-07,2.41250371e-07,3.79797978e-07
0.00000000e+00,-8.24374903e-07,-9.64474920e-07,-1.42423503e-06
0.00000000e+00,-5.07169262e-07,-3.30063640e-07,-4.72618115e-07
0.00000000e+00,-1.97497117e-07,3.13090995e-07,4.92895969e-07
0.00000000e+00,-8.06518902e-07,-1.01410941e-06,-1.50149027e-06
0.00000000e+00,-1.72296653e-07,2.73141454e-07,4.30003790e-07
0.00000000e+00,-8.19334372e-07,-1.10058143e-06,-1.63319682e-06
0.00000000e+00,-4.86114605e-07,-4.34141891e-07,-6.33537519e-07
0.00000000e+00,-1.54442369e-07,2.44836999e-07,3.85444383e-07
0.00000000e+00,-7.86750805e-07,-1.17966408e-06,-1.75655918e-06
0.00000000e+00,-1.11945881e-07,1.77468316e-07,2.79386522e-07
0.00000000e+00,-8.05872568e-07,-1.14954399e-06,-1.70913340e-06
0.00000000e+00,-1.32062810e-07,2.09359350e-07,3.29592261e-07
0.00000000e+00,-7.83215426e-07,-1.16883205e-06,-1.74018758e-06
0.00000000e+00,-4.56062683e-07,-5.14526563e-07,-7.58729348e-07
0.00000000e+00,-1.13077224e-07,1.79261565e-07,2.82209627e-07
0.00000000e+00,-7.48805482e-07,-1.17213706e-06,-1.74751427e-06
0.00000000e+00,-9.18289579e-08,1.45577266e-07,2.29180761e-07
0.00000000e+00,-7.24922602e-07,-8.49630932e-07,-1.25473031e-06
0.00000000e+00,-1.72513094e-07,2.73485056e-07,4.30544697e-07
0.00000000e+00,-7.63990179e-07,-1.04213408e-06,-1.54724184e-06
0.00000000e+00,-1.38912589e-07,2.20219080e-07,3.46688586e-07
0.00000000e+00,-7.71676809e-07,-9.04270049e-07,-1.33541219e-06
0.00000000e+00,-4.33778818e-07,-2.53726623e-07,-3.60426559e-07
0.00000000e+00,-1.84037801e-07,2.91754787e-07,4.59306562e-07
0.00000000e+00,-7.65351018e-07,-9.87671761e-07,-1.46366996e-06
0.00000000e+00,-1.55712902e-07,2.46851948e-07,3.88616461e-07
0.00000000e+00,-7.94717874e-07,-1.08123022e-06,-1.60515159e-06
0.00000000e+00,-4.67188263e-07,-4.42431259e-07,-6.47487264e-07
0.00000000e+00,-1.45546182e-07,2.30734697e-07,3.63243240e-07
0.00000000e+00,-8.04534185e-07,-1.23759009e-06,-1.84418265e-06
0.00000000e+00,-1.05312273e-07,1.66952726e-07,2.62831910e-07
0.00000000e+00,-7.99497021e-07,-1.17033176e-06,-1.74141676e-06
0.00000000e+00,-1.22112443e-07,1.93585880e-07,3.04760214e-07
0.00000000e+00,-7.93021454e-07,-1.20338500e-06,-1.79250779e-06
0.00000000e+00,-4.59451561e-07,-5.44375345e-07,-8.04260368e-07
0.00000000e+00,-1.08629084e-07,1.72210507e-07,2.71109194e-07
0.00000000e+00,-7.77606516e-07,-1.24091875e-06,-1.85105404e-06
0.00000000e+00,-8.85120889e-08,1.40319602e-07,2.20903651e-07
0.00000000e+00,-6.70882591e-07,-7.89978232e-07,-1.16684202e-06
0.00000000e+00,-1.58036562e-07,2.50536074e-07,3.94416325e-07
0.00000000e+00,-7.90327597e-07,-1.13007320e-06,-1.68030890e-06
0.00000000e+00,-1.28360298e-07,2.03490685e-07,3.20353242e-07
0.00000000e+00,-8.10258631e-07,-1.26667112e-06,-1.88838339e-06
0.00000000e+00,-1.00035983e-07,1.58588818e-07,2.49664671e-07
0.00000000e+00,-1.36409028e-06,-2.12796628e-06,-3.17223334e-06
0.00000000e+00,-1.39795891e-06,-2.31007154e-06,-3.44914803e-06
0.00000000e+00,-1.39626643e-06,-2.17870185e-06,-3.24788940e-06
0.00000000e+00,-1.10143904e-06,-1.56379450e-06,-2.32469887e-06
0.00000000e+00,-1.38525628e-06,-2.22748228e-06,-3.32338573e-06
0.00000000e+00,-1.40842199e-06,-2.32489870e-06,-3.47118843e-06
0.00000000e+00,-1.11623767e-06,-1.72426982e-06,-2.56971098e-06
0.00000000e+00,-1.37489295e-06,-2.37830761e-06,-3.55525894e-06
0.00000000e+00,-1.39618509e-06,-2.36370790e-06,-3.53148097e-06
0.00000000e+00,-1.37034408e-06,-2.36616039e-06,-3.53693793e-06
0.00000000e+00,-1.09587290e-06,-1.80908789e-06,-2.70106213e-06
0.00000000e+00,-1.32367262e-06,-2.33305095e-06,-3.48925234e-06
0.00000000e+00,-1.26697472e-06,-1.98697275e-06,-2.96249180e-06
0.00000000e+00,-1.34919685e-06,-2.24803913e-06,-3.35726526e-06
0.00000000e+00,-1.32794408e-06,-2.07809878e-06,-3.09816871e-06
0.00000000e+00,-9.82021298e-07,-1.38625322e-06,-2.06040037e-06
0.00000000e+00,-1.30454989e-06,-2.11043416e-06,-3.14927086e-06
0.00000000e+00,-1.37820875e-06,-2.28831707e-06,-3.41709925e-06
0.00000000e+00,-1.08479269e-06,-1.70148496e-06,-2.53685108e-06
0.00000000e+00,-1.38761052e-06,-2.42148862e-06,-3.62061338e-06
0.00000000e+00,-1.37961127e-06,-2.35717905e-06,-3.52256208e-06
0.00000000e+00,-1.38007741e-06,-2.39754947e-06,-3.58441318e-06
0.00000000e+00,-1.11071381e-06,-1.85882226e-06,-2.77632237e-06
0.00000000e+00,-1.35803690e-06,-2.41065245e-06,-3.60594606e-06
0.00000000e+00,-1.13162464e-06,-1.75472873e-06,-2.61538900e-06
0.00000000e+00,-1.31405897e-06,-2.20572464e-06,-3.29471201e-06
0.00000000e+00,-1.39423642e-06,-2.44872105e-06,-3.66192126e-06
0.00000000e+00,-1.61859414e-06,-2.68540133e-06,-4.00997667e-06
0.00000000e+00,-1.64469469e-06,-2.83880738e-06,-4.24341017e-06
0.00000000e+00,-1.61517196e-06,-2.87649779e-06,-4.30312339e-06
0.00000000e+00,-1.49075200e-06,-2.47298345e-06,-3.69277108e-06
0.00000000e+00,-1.58458827e-06,-2.74678325e-06,-4.10629992e-06
0.00000000e+00,-1.61837257e-06,-2.89699335e-06,-4.33432971e-06
0.00000000e+00,1.02927041e-06,2.65875509e-06,4.00784873e-06
0.00000000e+00,1.12693760e-06,2.73972148e-06,4.12554150e-06
0.00000000e+00,1.05385054e-06,2.72153208e-06,4.10246150e-06
0.00000000e+00,1.31078876e-06,3.17336447e-06,4.77817203e-06
0.00000000e+00,1.08233569e-06,2.70770166e-06,4.07939017e-06
0.00000000e+00,1.13399834e-06,2.75994195e-06,4.15607255e-06
0.00000000e+00,1.39334505e-06,3.23727210e-06,4.87070905e-06
0.00000000e+00,1.16767021e-06,2.70681870e-06,4.07243053e-06
0.00000000e+00,1.15706306e-06,2.74278840e-06,4.12826349e-06
0.00000000e+00,1.16142015e-06,2.69736808e-06,4.05835476e-06
0.00000000e+00,1.41778505e-06,3.18941624e-06,4.79574765e-06
0.00000000e+00,1.14834917e-06,2.61099263e-06,3.92681302e-06
0.00000000e+00,9.61852843e-07,2.47068238e-06,3.72399089e-06
0.00000000e+00,1.09797420e-06,2.64630296e-06,3.98424788e-06
0.00000000e+00,1.00563370e-06,2.58905677e-06,3.90256463e-06
0.00000000e+00,1.20708238e-06,2.92268532e-06,4.40073208e-06
0.00000000e+00,1.02637765e-06,2.55142093e-06,3.84351178e-06
0.00000000e+00,1.11708678e-06,2.70227398e-06,4.06878734e-06
0.00000000e+00,1.34896345e-06,3.12032020e-06,4.69435526e-06
0.00000000e+00,1.19028720e-06,2.73430682e-06,4.11307978e-06
0.00000000e+00,1.15533828e-06,2.71272006e-06,4.08228659e-06
0.00000000e+00,1.17780438e-06,2.71821412e-06,4.08923220e-06
0.00000000e+00,1.42884810e-06,3.19744800e-06,4.80733232e-06
0.00000000e+00,1.18766323e-06,2.68074781e-06,4.03115433e-06
0.00000000e+00,8.47955219e-07,2.20443100e-06,3.32335059e-06
0.00000000e+00,1.07843420e-06,2.57926169e-06,3.88276749e-06
0.00000000e+00,1.20471199e-06,2.74917577e-06,4.13492397e-06
0.00000000e+00,4.32457663e-07,1.53220734e-06,2.32023049e-06
0.00000000e+00,5.21361299e-07,1.57328737e-06,2.37735927e-06
0.00000000e+00,4.42662909e-07,1.56960070e-06,2.37687840e-06
0.00000000e+00,7.44936499e-07,2.12895657e-06,3.21442773e-06
0.00000000e+00,4.72416406e-07,1.54376120e-06,2.33531566e-06
0.00000000e+00,5.19171059e-07,1.57642944e-06,2.38231947e-06
0.00000000e+00,8.32743578e-07,2.17369268e-06,3.27723277e-06
0.00000000e+00,5.67055341e-07,1.52794821e-06,2.30485926e-06
0.00000000e+00,5.48041420e-07,1.55828399e-06,2.35260857e-06
0.00000000e+00,5.61421676e-07,1.52044215e-06,2.29372373e-06
0.00000000e+00,8.82413800e-07,2.14748551e-06,3.23379797e-06
0.00000000e+00,5.67245703e-07,1.45996532e-06,2.20063928e-06
0.00000000e+00,3.90103031e-07,1.38042033e-06,2.09034659e-06
0.00000000e+00,4.92969188e-07,1.47178465e-06,2.22363626e-06
0.00000000e+00,4.15174437e-07,1.46943244e-06,2.22514155e-06
0.00000000e+00,6.59711069e-07,1.89721151e-06,2.86479673e-06
0.00000000e+00,4.62430652e-07,1.46789158e-06,2.21967505e-06
0.00000000e+00,5.11223974e-07,1.53065347e-06,2.31267396e-06
0.00000000e+00,8.23670888e-07,2.11544220e-06,3.18853965e-06
0.00000000e+00,5.97311752e-07,1.56610179e-06,2.36135516e-06
0.00000000e+00,5.60375297e-07,1.54941287e-06,2.33820019e-06
0.00000000e+00,5.79562504e-07,1.54178291e-06,2.32524408e-06
0.00000000e+00,9.08440905e-07,2.17948716e-06,3.28114176e-06
0.00000000e+00,6.02283362e-07,1.51886101e-06,2.28861559e-06
0.00000000e+00,3.63077685e-07,1.27794232e-06,1.93503881e-06
0.00000000e+00,5.38978359e-07,1.52853871e-06,2.30760897e-06
0.00000000e+00,6.12872168e-07,1.57959047e-06,2.38100900e-06
0.00000000e+00,1.25457414e-07,9.35189713e-07,1.42526191e-06
0.00000000e+00,1.85951460e-07,9.09990239e-07,1.38266068e-06
0.00000000e+00,2.34269075e-07,8.66136952e-07,1.31226593e-06
0.00000000e+00,9.13636307e-08,7.96558274e-07,1.21500079e-06
0.00000000e+00,1.92765168e-07,8.77475603e-07,1.33237303e-06
0.00000000e+00,2.50528110e-07,8.75583997e-07,1.32567865e-06
