0.00000000e+00,-1.63933687e-04,-3.27867374e-04,-4.91801061e-04
0.00000000e+00,-1.63321082e-04,-3.26642163e-04,-4.89963245e-04
0.00000000e+00,-1.62491554e-04,-3.24983108e-04,-4.87474662e-04
0.00000000e+00,-1.63321083e-04,-3.26642166e-04,-4.89963249e-04
0.00000000e+00,-1.64823208e-04,-3.29646417e-04,-4.94469625e-04
0.00000000e+00,-1.64444546e-04,-3.28889093e-04,-4.93333639e-04
0.00000000e+00,-1.63955901e-04,-3.27911802e-04,-4.91867703e-04
0.00000000e+00,-1.64444552e-04,-3.28889104e-04,-4.93333656e-04
0.00000000e+00,-1.63622119e-04,-3.27244239e-04,-4.90866358e-04
0.00000000e+00,-1.62895830e-04,-3.25791659e-04,-4.88687489e-04
0.00000000e+00,-1.62895844e-04,-3.25791688e-04,-4.88687533e-04
0.00000000e+00,-1.63622119e-04,-3.27244238e-04,-4.90866358e-04
0.00000000e+00,-1.64371838e-04,-3.28743676e-04,-4.93115514e-04
0.00000000e+00,-1.63881277e-04,-3.27762553e-04,-4.91643830e-04
0.00000000e+00,-1.63238252e-04,-3.26476503e-04,-4.89714755e-04
0.00000000e+00,-1.63881277e-04,-3.27762553e-04,-4.91643830e-04
0.00000000e+00,-1.64626777e-04,-3.29253555e-04,-4.93880332e-04
0.00000000e+00,-1.64191449e-04,-3.28382898e-04,-4.92574347e-04
0.00000000e+00,-1.64191450e-04,-3.28382900e-04,-4.92574350e-04
0.00000000e+00,-1.64626782e-04,-3.29253564e-04,-4.93880346e-04
0.00000000e+00,-1.65739968e-04,-3.31479935e-04,-4.97219903e-04
0.00000000e+00,-1.65560265e-04,-3.31120529e-04,-4.96680794e-04
0.00000000e+00,-1.65335311e-04,-3.30670623e-04,-4.96005934e-04
0.00000000e+00,-1.65560267e-04,-3.31120535e-04,-4.96680802e-04
0.00000000e+00,-1.65279475e-04,-3.30558951e-04,-4.95838426e-04
0.00000000e+00,-1.65004213e-04,-3.30008427e-04,-4.95012640e-04
0.00000000e+00,-1.64653424e-04,-3.29306847e-04,-4.93960271e-04
0.00000000e+00,-1.65004219e-04,-3.30008438e-04,-4.95012656e-04
0.00000000e+00,-1.65646669e-04,-3.31293338e-04,-4.96940007e-04
0.00000000e+00,-1.65443057e-04,-3.30886115e-04,-4.96329172e-04
0.00000000e+00,-1.65443059e-04,-3.30886118e-04,-4.96329177e-04
0.00000000e+00,-1.65646672e-04,-3.31293343e-04,-4.96940015e-04
0.00000000e+00,-1.66666667e-04,-3.33333335e-04,-5.00000002e-04
0.00000000e+00,-1.66666667e-04,-3.33333334e-04,-5.00000001e-04
0.00000000e+00,-1.66666667e-04,-3.33333334e-04,-5.00000001e-04
0.00000000e+00,-1.66666667e-04,-3.33333335e-04,-5.00000002e-04
0.00000000e+00,-1.66202842e-04,-3.32405685e-04,-4.98608527e-04
0.00000000e+00,-1.66114358e-04,-3.32228717e-04,-4.98343075e-04
0.00000000e+00,-1.66003942e-04,-3.32007883e-04,-4.98011825e-04
0.00000000e+00,-1.66114358e-04,-3.32228716e-04,-4.98343074e-04
0.00000000e+00,-1.66666667e-04,-3.33333335e-04,-5.00000002e-04
0.00000000e+00,-1.66666667e-04,-3.33333334e-04,-5.00000001e-04
0.00000000e+00,-1.66666667e-04,-3.33333335e-04,-5.00000002e-04
0.00000000e+00,-1.66666667e-04,-3.33333335e-04,-5.00000002e-04
0.00000000e+00,-1.61867566e-04,-3.23735133e-04,-4.85602699e-04
0.00000000e+00,-1.62841622e-04,-3.25683245e-04,-4.88524867e-04
0.00000000e+00,-1.63595016e-04,-3.27190032e-04,-4.90785047e-04
0.00000000e+00,-1.64167411e-04,-3.28334822e-04,-4.92502232e-04
0.00000000e+00,-1.62130418e-04,-3.24260837e-04,-4.86391255e-04
0.00000000e+00,-1.62342168e-04,-3.24684336e-04,-4.87026503e-04
0.00000000e+00,-1.63060645e-04,-3.26121289e-04,-4.89181934e-04
0.00000000e+00,-1.62757822e-04,-3.25515644e-04,-4.88273467e-04
0.00000000e+00,-1.63508685e-04,-3.27017370e-04,-4.90526054e-04
0.00000000e+00,-1.63756428e-04,-3.27512856e-04,-4.91269284e-04
0.00000000e+00,-1.63870337e-04,-3.27740674e-04,-4.91611011e-04
0.00000000e+00,-1.64287061e-04,-3.28574123e-04,-4.92861184e-04
0.00000000e+00,-1.65168549e-04,-3.30337098e-04,-4.95505647e-04
0.00000000e+00,-1.65430429e-04,-3.30860857e-04,-4.96291286e-04
0.00000000e+00,-1.64397021e-04,-3.28794042e-04,-4.93191063e-04
0.00000000e+00,-1.64805477e-04,-3.29610955e-04,-4.94416432e-04
0.00000000e+00,-1.65240071e-04,-3.30480142e-04,-4.95720213e-04
0.00000000e+00,-1.65295640e-04,-3.30591281e-04,-4.95886921e-04
0.00000000e+00,-1.65487350e-04,-3.30974700e-04,-4.96462049e-04
0.00000000e+00,-1.66666667e-04,-3.33333334e-04,-5.00000001e-04
0.00000000e+00,-1.66666667e-04,-3.33333335e-04,-5.00000002e-04
0.00000000e+00,-1.65922289e-04,-3.31844579e-04,-4.97766868e-04
0.00000000e+00,-1.66050542e-04,-3.32101084e-04,-4.98151626e-04
0.00000000e+00,-1.66666667e-04,-3.33333334e-04,-5.00000001e-04
0.00000000e+00,-1.66666667e-04,-3.33333335e-04,-5.00000002e-04
0.00000000e+00,-1.66666667e-04,-3.33333335e-04,-5.00000002e-04
0.00000000e+00,-1.61801236e-04,-3.23602473e-04,-4.85403709e-04
0.00000000e+00,-1.62635181e-04,-3.25270363e-04,-4.87905544e-04
0.00000000e+00,-1.63434504e-04,-3.26869007e-04,-4.90303511e-04
0.00000000e+00,-1.64063450e-04,-3.28126900e-04,-4.92190350e-04
0.00000000e+00,-1.61721010e-04,-3.23442019e-04,-4.85163029e-04
0.00000000e+00,-1.62133251e-04,-3.24266501e-04,-4.86399752e-04
0.00000000e+00,-1.62728348e-04,-3.25456695e-04,-4.88185043e-04
0.00000000e+00,-1.62654522e-04,-3.25309044e-04,-4.87963566e-04
0.00000000e+00,-1.63366937e-04,-3.26733874e-04,-4.90100812e-04
0.00000000e+00,-1.63491517e-04,-3.26983033e-04,-4.90474550e-04
0.00000000e+00,-1.63758447e-04,-3.27516895e-04,-4.91275342e-04
0.00000000e+00,-1.64082667e-04,-3.28165335e-04,-4.92248002e-04
0.00000000e+00,-1.65112317e-04,-3.30224634e-04,-4.95336952e-04
0.00000000e+00,-1.65384175e-04,-3.30768351e-04,-4.96152526e-04
0.00000000e+00,-1.64285402e-04,-3.28570805e-04,-4.92856207e-04
0.00000000e+00,-1.64732398e-04,-3.29464795e-04,-4.94197193e-04
0.00000000e+00,-1.65124254e-04,-3.30248509e-04,-4.95372763e-04
0.00000000e+00,-1.65239524e-04,-3.30479049e-04,-4.95718573e-04
0.00000000e+00,-1.65397163e-04,-3.30794326e-04,-4.96191488e-04
0.00000000e+00,-1.66666667e-04,-3.33333334e-04,-5.00000001e-04
0.00000000e+00,-1.66666667e-04,-3.33333335e-04,-5.00000002e-04
0.00000000e+00,-1.65896920e-04,-3.31793841e-04,-4.97690761e-04
0.00000000e+00,-1.66027818e-04,-3.32055636e-04,-4.98083453e-04
0.00000000e+00,-1.66666667e-04,-3.33333334e-04,-5.00000001e-04
0.00000000e+00,-1.66666667e-04,-3.33333334e-04,-5.00000002e-04
0.00000000e+00,-1.66666667e-04,-3.33333335e-04,-5.00000002e-04
0.00000000e+00,-1.62841604e-04,-3.25683207e-04,-4.88524811e-04
0.00000000e+00,-1.61867555e-04,-3.23735110e-04,-4.85602665e-04
0.00000000e+00,-1.64167404e-04,-3.28334808e-04,-4.92502211e-04
0.00000000e+00,-1.63595011e-04,-3.27190022e-04,-4.90785033e-04
0.00000000e+00,-1.63060631e-04,-3.26121262e-04,-4.89181893e-04
0.00000000e+00,-1.62342168e-04,-3.24684335e-04,-4.87026503e-04
0.00000000e+00,-1.62130421e-04,-3.24260842e-04,-4.86391263e-04
0.00000000e+00,-1.63508670e-04,-3.27017341e-04,-4.90526011e-04
0.00000000e+00,-1.62757812e-04,-3.25515625e-04,-4.88273437e-04
0.00000000e+00,-1.64287057e-04,-3.28574114e-04,-4.92861171e-04
0.00000000e+00,-1.63870331e-04,-3.27740661e-04,-4.91610992e-04
0.00000000e+00,-1.63756425e-04,-3.27512849e-04,-4.91269274e-04
0.00000000e+00,-1.65430422e-04,-3.30860844e-04,-4.96291266e-04
0.00000000e+00,-1.65168549e-04,-3.30337098e-04,-4.95505648e-04
0.00000000e+00,-1.64805470e-04,-3.29610941e-04,-4.94416411e-04
0.00000000e+00,-1.64397019e-04,-3.28794039e-04,-4.93191058e-04
0.00000000e+00,-1.65487349e-04,-3.30974697e-04,-4.96462046e-04
0.00000000e+00,-1.65295637e-04,-3.30591274e-04,-4.95886910e-04
0.00000000e+00,-1.65240070e-04,-3.30480140e-04,-4.95720210e-04
0.00000000e+00,-1.66666667e-04,-3.33333334e-04,-5.00000001e-04
0.00000000e+00,-1.66666667e-04,-3.33333334e-04,-5.00000001e-04
0.00000000e+00,-1.66050541e-04,-3.32101082e-04,-4.98151623e-04
0.00000000e+00,-1.65922289e-04,-3.31844577e-04,-4.97766866e-04
0.00000000e+00,-1.66666667e-04,-3.33333334e-04,-5.00000001e-04
0.00000000e+00,-1.66666667e-04,-3.33333334e-04,-5.00000001e-04
0.00000000e+00,-1.66666667e-04,-3.33333334e-04,-5.00000001e-04
0.00000000e+00,-1.60981613e-04,-3.21963225e-04,-4.82944838e-04
0.00000000e+00,-1.63174221e-04,-3.26348442e-04,-4.89522664e-04
0.00000000e+00,-1.61426905e-04,-3.22853809e-04,-4.84280714e-04
0.00000000e+00,-1.61426908e-04,-3.22853815e-04,-4.84280723e-04
0.00000000e+00,-1.62129508e-04,-3.24259015e-04,-4.86388523e-04
0.00000000e+00,-1.63345455e-04,-3.26690910e-04,-4.90036365e-04
0.00000000e+00,-1.63345456e-04,-3.26690913e-04,-4.90036369e-04
0.00000000e+00,-1.64973179e-04,-3.29946358e-04,-4.94919536e-04
0.00000000e+00,-1.64094825e-04,-3.28189650e-04,-4.92284475e-04
0.00000000e+00,-1.65061585e-04,-3.30123169e-04,-4.95184754e-04
0.00000000e+00,-1.65061585e-04,-3.30123170e-04,-4.95184756e-04
0.00000000e+00,-1.66666667e-04,-3.33333334e-04,-5.00000001e-04
0.00000000e+00,-1.65829886e-04,-3.31659772e-04,-4.97489658e-04
0.00000000e+00,-1.66666667e-04,-3.33333334e-04,-5.00000001e-04
0.00000000e+00,-1.66666667e-04,-3.33333334e-04,-5.00000001e-04
0.00000000e+00,-1.60817570e-04,-3.21635139e-04,-4.82452709e-04
0.00000000e+00,-1.62954525e-04,-3.25909049e-04,-4.88863574e-04
0.00000000e+00,-1.60912329e-04,-3.21824657e-04,-4.82736986e-04
0.00000000e+00,-1.61025824e-04,-3.22051648e-04,-4.83077473e-04
0.00000000e+00,-1.61896149e-04,-3.23792298e-04,-4.85688447e-04
0.00000000e+00,-1.63019257e-04,-3.26038515e-04,-4.89057772e-04
0.00000000e+00,-1.63207789e-04,-3.26415578e-04,-4.89623367e-04
0.00000000e+00,-1.64912624e-04,-3.29825247e-04,-4.94737871e-04
0.00000000e+00,-1.63982653e-04,-3.27965306e-04,-4.91947960e-04
0.00000000e+00,-1.64924541e-04,-3.29849082e-04,-4.94773622e-04
0.00000000e+00,-1.64992478e-04,-3.29984955e-04,-4.94977433e-04
0.00000000e+00,-1.66666667e-04,-3.33333334e-04,-5.00000001e-04
0.00000000e+00,-1.65794128e-04,-3.31588255e-04,-4.97382383e-04
0.00000000e+00,-1.66666667e-04,-3.33333334e-04,-5.00000001e-04
0.00000000e+00,-1.66666667e-04,-3.33333334e-04,-5.00000001e-04
0.00000000e+00,-1.62635171e-04,-3.25270341e-04,-4.87905512e-04
0.00000000e+00,-1.61801246e-04,-3.23602492e-04,-4.85403738e-04
0.00000000e+00,-1.64063437e-04,-3.28126874e-04,-4.92190312e-04
0.00000000e+00,-1.63434497e-04,-3.26868994e-04,-4.90303490e-04
0.00000000e+00,-1.62728333e-04,-3.25456665e-04,-4.88184998e-04
0.00000000e+00,-1.62133234e-04,-3.24266469e-04,-4.86399703e-04
0.00000000e+00,-1.61721001e-04,-3.23442001e-04,-4.85163002e-04
0.00000000e+00,-1.63366933e-04,-3.26733867e-04,-4.90100800e-04
0.00000000e+00,-1.62654522e-04,-3.25309044e-04,-4.87963565e-04
0.00000000e+00,-1.64082661e-04,-3.28165323e-04,-4.92247984e-04
0.00000000e+00,-1.63758439e-04,-3.27516879e-04,-4.91275318e-04
0.00000000e+00,-1.63491511e-04,-3.26983022e-04,-4.90474532e-04
0.00000000e+00,-1.65384169e-04,-3.30768337e-04,-4.96152506e-04
0.00000000e+00,-1.65112316e-04,-3.30224632e-04,-4.95336948e-04
0.00000000e+00,-1.64732385e-04,-3.29464771e-04,-4.94197156e-04
0.00000000e+00,-1.64285399e-04,-3.28570799e-04,-4.92856198e-04
0.00000000e+00,-1.65397163e-04,-3.30794326e-04,-4.96191489e-04
0.00000000e+00,-1.65239520e-04,-3.30479040e-04,-4.95718560e-04
0.00000000e+00,-1.65124252e-04,-3.30248504e-04,-4.95372755e-04
0.00000000e+00,-1.66666667e-04,-3.33333333e-04,-5.00000000e-04
0.00000000e+00,-1.66666667e-04,-3.33333333e-04,-5.00000000e-04
0.00000000e+00,-1.66027816e-04,-3.32055631e-04,-4.98083447e-04
0.00000000e+00,-1.65896919e-04,-3.31793839e-04,-4.97690758e-04
0.00000000e+00,-1.66666667e-04,-3.33333334e-04,-5.00000000e-04
0.00000000e+00,-1.66666667e-04,-3.33333333e-04,-5.00000000e-04
0.00000000e+00,-1.66666667e-04,-3.33333334e-04,-5.00000000e-04
0.00000000e+00,-1.60817548e-04,-3.21635096e-04,-4.82452643e-04
0.00000000e+00,-1.62954525e-04,-3.25909050e-04,-4.88863574e-04
0.00000000e+00,-1.61025805e-04,-3.22051611e-04,-4.83077416e-04
0.00000000e+00,-1.60912331e-04,-3.21824662e-04,-4.82736992e-04
0.00000000e+00,-1.61896141e-04,-3.23792283e-04,-4.85688424e-04
0.00000000e+00,-1.63207785e-04,-3.26415570e-04,-4.89623355e-04
0.00000000e+00,-1.63019257e-04,-3.26038514e-04,-4.89057770e-04
0.00000000e+00,-1.64912622e-04,-3.29825245e-04,-4.94737867e-04
0.00000000e+00,-1.63982652e-04,-3.27965304e-04,-4.91947956e-04
0.00000000e+00,-1.64992477e-04,-3.29984954e-04,-4.94977431e-04
0.00000000e+00,-1.64924540e-04,-3.29849080e-04,-4.94773620e-04
0.00000000e+00,-1.66666667e-04,-3.33333333e-04,-5.00000000e-04
0.00000000e+00,-1.65794127e-04,-3.31588254e-04,-4.97382382e-04
0.00000000e+00,-1.66666667e-04,-3.33333333e-04,-5.00000000e-04
0.00000000e+00,-1.66666667e-04,-3.33333334e-04,-5.00000000e-04
0.00000000e+00,-1.60275497e-04,-3.20550993e-04,-4.80826490e-04
0.00000000e+00,-1.62923509e-04,-3.25847019e-04,-4.88770528e-04
0.00000000e+00,-1.60398076e-04,-3.20796152e-04,-4.81194228e-04
0.00000000e+00,-1.60398065e-04,-3.20796130e-04,-4.81194195e-04
0.00000000e+00,-1.61819105e-04,-3.23638210e-04,-4.85457315e-04
0.00000000e+00,-1.62886718e-04,-3.25773436e-04,-4.88660155e-04
0.00000000e+00,-1.62886719e-04,-3.25773438e-04,-4.88660156e-04
0.00000000e+00,-1.64806522e-04,-3.29613044e-04,-4.94419566e-04
0.00000000e+00,-1.63860475e-04,-3.27720950e-04,-4.91581425e-04
0.00000000e+00,-1.64847205e-04,-3.29694409e-04,-4.94541614e-04
0.00000000e+00,-1.64847205e-04,-3.29694410e-04,-4.94541615e-04
0.00000000e+00,-1.66666667e-04,-3.33333333e-04,-5.00000000e-04
0.00000000e+00,-1.65756463e-04,-3.31512926e-04,-4.97269389e-04
0.00000000e+00,-1.66666667e-04,-3.33333333e-04,-5.00000000e-04
0.00000000e+00,-1.66666667e-04,-3.33333334e-04,-5.00000000e-04
0.00000000e+00,-1.62841603e-04,-3.25683206e-04,-4.88524810e-04
0.00000000e+00,-1.61867555e-04,-3.23735109e-04,-4.85602664e-04
0.00000000e+00,-1.64167403e-04,-3.28334807e-04,-4.92502210e-04
0.00000000e+00,-1.63595010e-04,-3.27190021e-04,-4.90785031e-04
0.00000000e+00,-1.62728332e-04,-3.25456665e-04,-4.88184997e-04
0.00000000e+00,-1.62342167e-04,-3.24684334e-04,-4.87026502e-04
0.00000000e+00,-1.61721000e-04,-3.23442001e-04,-4.85163001e-04
0.00000000e+00,-1.63508670e-04,-3.27017340e-04,-4.90526010e-04
0.00000000e+00,-1.62757812e-04,-3.25515624e-04,-4.88273436e-04
0.00000000e+00,-1.64082661e-04,-3.28165322e-04,-4.92247984e-04
0.00000000e+00,-1.63870330e-04,-3.27740661e-04,-4.91610991e-04
0.00000000e+00,-1.63491511e-04,-3.26983021e-04,-4.90474532e-04
0.00000000e+00,-1.65430422e-04,-3.30860843e-04,-4.96291265e-04
0.00000000e+00,-1.65168549e-04,-3.30337098e-04,-4.95505646e-04
0.00000000e+00,-1.64805470e-04,-3.29610940e-04,-4.94416410e-04
0.00000000e+00,-1.64397019e-04,-3.28794038e-04,-4.93191057e-04
0.00000000e+00,-1.65397163e-04,-3.30794325e-04,-4.96191488e-04
0.00000000e+00,-1.65295636e-04,-3.30591273e-04,-4.95886909e-04
0.00000000e+00,-1.65124252e-04,-3.30248503e-04,-4.95372755e-04
0.00000000e+00,-1.66666666e-04,-3.33333333e-04,-4.99999999e-04
0.00000000e+00,-1.66666666e-04,-3.33333333e-04,-4.99999999e-04
0.00000000e+00,-1.66050541e-04,-3.32101081e-04,-4.98151622e-04
0.00000000e+00,-1.65922288e-04,-3.31844576e-04,-4.97766865e-04
0.00000000e+00,-1.66666667e-04,-3.33333333e-04,-5.00000000e-04
0.00000000e+00,-1.66666666e-04,-3.33333333e-04,-4.99999999e-04
0.00000000e+00,-1.66666667e-04,-3.33333333e-04,-5.00000000e-04
0.00000000e+00,-1.60981612e-04,-3.21963225e-04,-4.82944837e-04
0.00000000e+00,-1.63174221e-04,-3.26348442e-04,-4.89522663e-04
0.00000000e+00,-1.61426904e-04,-3.22853808e-04,-4.84280713e-04
0.00000000e+00,-1.60912331e-04,-3.21824661e-04,-4.82736992e-04
0.00000000e+00,-1.62129507e-04,-3.24259015e-04,-4.86388522e-04
0.00000000e+00,-1.63345455e-04,-3.26690909e-04,-4.90036364e-04
0.00000000e+00,-1.63019257e-04,-3.26038513e-04,-4.89057770e-04
0.00000000e+00,-1.64973178e-04,-3.29946357e-04,-4.94919535e-04
0.00000000e+00,-1.64094825e-04,-3.28189649e-04,-4.92284474e-04
0.00000000e+00,-1.65061584e-04,-3.30123168e-04,-4.95184753e-04
0.00000000e+00,-1.64924540e-04,-3.29849080e-04,-4.94773620e-04
0.00000000e+00,-1.66666666e-04,-3.33333333e-04,-4.99999999e-04
0.00000000e+00,-1.65829886e-04,-3.31659771e-04,-4.97489657e-04
0.00000000e+00,-1.66666666e-04,-3.33333333e-04,-4.99999999e-04
0.00000000e+00,-1.66666667e-04,-3.33333333e-04,-5.00000000e-04
0.00000000e+00,-1.60817569e-04,-3.21635139e-04,-4.82452708e-04
0.00000000e+00,-1.62954524e-04,-3.25909049e-04,-4.88863573e-04
0.00000000e+00,-1.60912328e-04,-3.21824657e-04,-4.82736985e-04
0.00000000e+00,-1.60398065e-04,-3.20796130e-04,-4.81194195e-04
0.00000000e+00,-1.61896149e-04,-3.23792297e-04,-4.85688446e-04
0.00000000e+00,-1.63019257e-04,-3.26038514e-04,-4.89057771e-04
0.00000000e+00,-1.62886719e-04,-3.25773437e-04,-4.88660156e-04
0.00000000e+00,-1.64912623e-04,-3.29825246e-04,-4.94737870e-04
0.00000000e+00,-1.63982653e-04,-3.27965306e-04,-4.91947959e-04
0.00000000e+00,-1.64924540e-04,-3.29849081e-04,-4.94773621e-04
0.00000000e+00,-1.64847205e-04,-3.29694410e-04,-4.94541615e-04
0.00000000e+00,-1.66666666e-04,-3.33333333e-04,-4.99999999e-04
0.00000000e+00,-1.65794127e-04,-3.31588254e-04,-4.97382382e-04
0.00000000e+00,-1.66666666e-04,-3.33333333e-04,-4.99999999e-04
0.00000000e+00,-1.66666667e-04,-3.33333333e-04,-5.00000000e-04
0.00000000e+00,-1.63321081e-04,-3.26642161e-04,-4.89963242e-04
0.00000000e+00,-1.62491553e-04,-3.24983106e-04,-4.87474660e-04
0.00000000e+00,-1.64444545e-04,-3.28889091e-04,-4.93333636e-04
0.00000000e+00,-1.63955900e-04,-3.27911800e-04,-4.91867700e-04
0.00000000e+00,-1.63060630e-04,-3.26121260e-04,-4.89181891e-04
0.00000000e+00,-1.62895829e-04,-3.25791658e-04,-4.88687486e-04
0.00000000e+00,-1.62130420e-04,-3.24260841e-04,-4.86391261e-04
0.00000000e+00,-1.63881276e-04,-3.27762551e-04,-4.91643827e-04
0.00000000e+00,-1.63238251e-04,-3.26476502e-04,-4.89714752e-04
0.00000000e+00,-1.64287056e-04,-3.28574113e-04,-4.92861169e-04
0.00000000e+00,-1.64191448e-04,-3.28382896e-04,-4.92574344e-04
0.00000000e+00,-1.63756424e-04,-3.27512848e-04,-4.91269272e-04
0.00000000e+00,-1.65560264e-04,-3.31120527e-04,-4.96680791e-04
0.00000000e+00,-1.65335311e-04,-3.30670621e-04,-4.96005932e-04
0.00000000e+00,-1.65004213e-04,-3.30008425e-04,-4.95012638e-04
0.00000000e+00,-1.64653423e-04,-3.29306845e-04,-4.93960268e-04
0.00000000e+00,-1.65487348e-04,-3.30974696e-04,-4.96462044e-04
0.00000000e+00,-1.65443056e-04,-3.30886113e-04,-4.96329169e-04
0.00000000e+00,-1.65240069e-04,-3.30480139e-04,-4.95720208e-04
0.00000000e+00,-1.66666666e-04,-3.33333332e-04,-4.99999999e-04
0.00000000e+00,-1.66666666e-04,-3.33333332e-04,-4.99999999e-04
0.00000000e+00,-1.66114357e-04,-3.32228715e-04,-4.98343072e-04
0.00000000e+00,-1.66003941e-04,-3.32007881e-04,-4.98011822e-04
0.00000000e+00,-1.66666666e-04,-3.33333333e-04,-4.99999999e-04
0.00000000e+00,-1.66666666e-04,-3.33333332e-04,-4.99999999e-04
0.00000000e+00,-1.66666666e-04,-3.33333333e-04,-4.99999999e-04
0.00000000e+00,-1.61867566e-04,-3.23735131e-04,-4.85602697e-04
0.00000000e+00,-1.63595015e-04,-3.27190030e-04,-4.90785045e-04
0.00000000e+00,-1.62130418e-04,-3.24260835e-04,-4.86391253e-04
0.00000000e+00,-1.61426907e-04,-3.22853814e-04,-4.84280721e-04
0.00000000e+00,-1.62757821e-04,-3.25515643e-04,-4.88273464e-04
0.00000000e+00,-1.63756427e-04,-3.27512854e-04,-4.91269281e-04
0.00000000e+00,-1.63345456e-04,-3.26690911e-04,-4.90036367e-04
0.00000000e+00,-1.65168548e-04,-3.30337096e-04,-4.95505644e-04
0.00000000e+00,-1.64397020e-04,-3.28794040e-04,-4.93191060e-04
0.00000000e+00,-1.65240070e-04,-3.30480140e-04,-4.95720210e-04
0.00000000e+00,-1.65061585e-04,-3.30123169e-04,-4.95184754e-04
0.00000000e+00,-1.66666666e-04,-3.33333332e-04,-4.99999999e-04
0.00000000e+00,-1.65922288e-04,-3.31844577e-04,-4.97766865e-04
0.00000000e+00,-1.66666666e-04,-3.33333332e-04,-4.99999999e-04
0.00000000e+00,-1.66666666e-04,-3.33333333e-04,-4.99999999e-04
0.00000000e+00,-1.61801236e-04,-3.23602472e-04,-4.85403707e-04
0.00000000e+00,-1.63434503e-04,-3.26869006e-04,-4.90303509e-04
0.00000000e+00,-1.61721009e-04,-3.23442018e-04,-4.85163027e-04
0.00000000e+00,-1.61025824e-04,-3.22051648e-04,-4.83077472e-04
0.00000000e+00,-1.62654521e-04,-3.25309043e-04,-4.87963564e-04
0.00000000e+00,-1.63491516e-04,-3.26983032e-04,-4.90474547e-04
0.00000000e+00,-1.63207789e-04,-3.26415577e-04,-4.89623366e-04
0.00000000e+00,-1.65112316e-04,-3.30224633e-04,-4.95336949e-04
0.00000000e+00,-1.64285402e-04,-3.28570803e-04,-4.92856205e-04
0.00000000e+00,-1.65124253e-04,-3.30248507e-04,-4.95372760e-04
0.00000000e+00,-1.64992477e-04,-3.29984954e-04,-4.94977431e-04
0.00000000e+00,-1.66666666e-04,-3.33333332e-04,-4.99999999e-04
0.00000000e+00,-1.65896919e-04,-3.31793839e-04,-4.97690758e-04
0.00000000e+00,-1.66666666e-04,-3.33333332e-04,-4.99999999e-04
0.00000000e+00,-1.66666666e-04,-3.33333333e-04,-4.99999999e-04
0.00000000e+00,-1.63933686e-04,-3.27867371e-04,-4.91801057e-04
0.00000000e+00,-1.63321081e-04,-3.26642163e-04,-4.89963244e-04
0.00000000e+00,-1.64823207e-04,-3.29646414e-04,-4.94469621e-04
0.00000000e+00,-1.64444551e-04,-3.28889101e-04,-4.93333652e-04
0.00000000e+00,-1.63622118e-04,-3.27244236e-04,-4.90866354e-04
0.00000000e+00,-1.63622118e-04,-3.27244236e-04,-4.90866353e-04
0.00000000e+00,-1.62895843e-04,-3.25791686e-04,-4.88687529e-04
0.00000000e+00,-1.64371837e-04,-3.28743673e-04,-4.93115510e-04
0.00000000e+00,-1.63881275e-04,-3.27762550e-04,-4.91643825e-04
0.00000000e+00,-1.64626776e-04,-3.29253552e-04,-4.93880328e-04
0.00000000e+00,-1.64626781e-04,-3.29253561e-04,-4.93880342e-04
0.00000000e+00,-1.64191449e-04,-3.28382898e-04,-4.92574347e-04
0.00000000e+00,-1.65739966e-04,-3.31479932e-04,-4.97219899e-04
0.00000000e+00,-1.65560266e-04,-3.31120532e-04,-4.96680798e-04
0.00000000e+00,-1.65279474e-04,-3.30558948e-04,-4.95838422e-04
0.00000000e+00,-1.65004217e-04,-3.30008435e-04,-4.95012652e-04
0.00000000e+00,-1.65646668e-04,-3.31293336e-04,-4.96940004e-04
0.00000000e+00,-1.65646670e-04,-3.31293340e-04,-4.96940010e-04
0.00000000e+00,-1.65443058e-04,-3.30886116e-04,-4.96329174e-04
0.00000000e+00,-1.66666666e-04,-3.33333332e-04,-4.99999998e-04
0.00000000e+00,-1.66666666e-04,-3.33333332e-04,-4.99999998e-04
0.00000000e+00,-1.66202841e-04,-3.32405682e-04,-4.98608523e-04
0.00000000e+00,-1.66114357e-04,-3.32228713e-04,-4.98343070e-04
0.00000000e+00,-1.66666666e-04,-3.33333332e-04,-4.99999998e-04
0.00000000e+00,-1.66666666e-04,-3.33333332e-04,-4.99999998e-04
0.00000000e+00,-1.66666666e-04,-3.33333332e-04,-4.99999998e-04
0.00000000e+00,-1.62841621e-04,-3.25683242e-04,-4.88524863e-04
0.00000000e+00,-1.64167409e-04,-3.28334819e-04,-4.92502228e-04
0.00000000e+00,-1.63060643e-04,-3.26121286e-04,-4.89181930e-04
0.00000000e+00,-1.62342167e-04,-3.24684334e-04,-4.87026500e-04
0.00000000e+00,-1.63508683e-04,-3.27017367e-04,-4.90526050e-04
0.00000000e+00,-1.64287060e-04,-3.28574120e-04,-4.92861179e-04
0.00000000e+00,-1.63870336e-04,-3.27740672e-04,-4.91611008e-04
0.00000000e+00,-1.65430427e-04,-3.30860854e-04,-4.96291281e-04
0.00000000e+00,-1.64805476e-04,-3.29610952e-04,-4.94416428e-04
0.00000000e+00,-1.65487348e-04,-3.30974697e-04,-4.96462045e-04
0.00000000e+00,-1.65295639e-04,-3.30591279e-04,-4.95886918e-04
0.00000000e+00,-1.66666666e-04,-3.33333332e-04,-4.99999998e-04
0.00000000e+00,-1.66050540e-04,-3.32101081e-04,-4.98151621e-04
0.00000000e+00,-1.66666666e-04,-3.33333332e-04,-4.99999998e-04
0.00000000e+00,-1.66666666e-04,-3.33333332e-04,-4.99999998e-04
0.00000000e+00,-1.62635180e-04,-3.25270360e-04,-4.87905540e-04
0.00000000e+00,-1.64063449e-04,-3.28126898e-04,-4.92190346e-04
0.00000000e+00,-1.62728346e-04,-3.25456693e-04,-4.88185039e-04
0.00000000e+00,-1.62133250e-04,-3.24266499e-04,-4.86399749e-04
0.00000000e+00,-1.63366936e-04,-3.26733872e-04,-4.90100808e-04
0.00000000e+00,-1.64082666e-04,-3.28165332e-04,-4.92247998e-04
0.00000000e+00,-1.63758446e-04,-3.27516893e-04,-4.91275339e-04
0.00000000e+00,-1.65384174e-04,-3.30768348e-04,-4.96152522e-04
0.00000000e+00,-1.64732396e-04,-3.29464793e-04,-4.94197189e-04
0.00000000e+00,-1.65397161e-04,-3.30794323e-04,-4.96191484e-04
0.00000000e+00,-1.65239523e-04,-3.30479046e-04,-4.95718570e-04
0.00000000e+00,-1.66666666e-04,-3.33333332e-04,-4.99999998e-04
0.00000000e+00,-1.66027816e-04,-3.32055633e-04,-4.98083449e-04
0.00000000e+00,-1.66666666e-04,-3.33333332e-04,-4.99999998e-04
0.00000000e+00,-1.66666666e-04,-3.33333332e-04,-4.99999998e-04
0.00000000e+00,-1.67998023e-04,-3.35996046e-04,-5.03994068e-04
0.00000000e+00,-1.67773067e-04,-3.35546135e-04,-5.03319202e-04
0.00000000e+00,-1.67593367e-04,-3.35186734e-04,-5.02780101e-04
0.00000000e+00,-1.67773070e-04,-3.35546140e-04,-5.03319209e-04
0.00000000e+00,-1.67329393e-04,-3.34658785e-04,-5.01988178e-04
0.00000000e+00,-1.67218977e-04,-3.34437953e-04,-5.01656930e-04
0.00000000e+00,-1.67130492e-04,-3.34260985e-04,-5.01391477e-04
0.00000000e+00,-1.67218976e-04,-3.34437952e-04,-5.01656928e-04
0.00000000e+00,-1.67890275e-04,-3.35780551e-04,-5.03670826e-04
0.00000000e+00,-1.67686663e-04,-3.35373326e-04,-5.03059990e-04
0.00000000e+00,-1.67686665e-04,-3.35373331e-04,-5.03059996e-04
0.00000000e+00,-1.67890277e-04,-3.35780554e-04,-5.03670831e-04
0.00000000e+00,-1.69377433e-04,-3.38754866e-04,-5.08132300e-04
0.00000000e+00,-1.68888783e-04,-3.37777566e-04,-5.06666348e-04
0.00000000e+00,-1.68510126e-04,-3.37020253e-04,-5.05530379e-04
0.00000000e+00,-1.68888788e-04,-3.37777576e-04,-5.06666364e-04
0.00000000e+00,-1.68679911e-04,-3.37359821e-04,-5.06039732e-04
0.00000000e+00,-1.68329116e-04,-3.36658232e-04,-5.04987348e-04
0.00000000e+00,-1.68053859e-04,-3.36107719e-04,-5.04161578e-04
0.00000000e+00,-1.68329121e-04,-3.36658242e-04,-5.04987362e-04
0.00000000e+00,-1.69141884e-04,-3.38283769e-04,-5.07425653e-04
0.00000000e+00,-1.68706553e-04,-3.37413105e-04,-5.06119658e-04
0.00000000e+00,-1.68706557e-04,-3.37413115e-04,-5.06119672e-04
0.00000000e+00,-1.69141885e-04,-3.38283771e-04,-5.07425656e-04
0.00000000e+00,-1.70841780e-04,-3.41683560e-04,-5.12525340e-04
0.00000000e+00,-1.70012252e-04,-3.40024504e-04,-5.10036756e-04
0.00000000e+00,-1.69399648e-04,-3.38799295e-04,-5.08198943e-04
0.00000000e+00,-1.70012253e-04,-3.40024505e-04,-5.10036758e-04
0.00000000e+00,-1.70095083e-04,-3.40190165e-04,-5.10285248e-04
0.00000000e+00,-1.69452058e-04,-3.38904116e-04,-5.08356175e-04
0.00000000e+00,-1.68961497e-04,-3.37922993e-04,-5.06884490e-04
0.00000000e+00,-1.69452058e-04,-3.38904115e-04,-5.08356173e-04
0.00000000e+00,-1.70437490e-04,-3.40874981e-04,-5.11312471e-04
0.00000000e+00,-1.69711216e-04,-3.39422431e-04,-5.09133647e-04
0.00000000e+00,-1.69711215e-04,-3.39422430e-04,-5.09133646e-04
0.00000000e+00,-1.70437505e-04,-3.40875009e-04,-5.11312514e-04
0.00000000e+00,-1.68164785e-04,-3.36329569e-04,-5.04494354e-04
0.00000000e+00,-1.67902912e-04,-3.35805823e-04,-5.03708735e-04
0.00000000e+00,-1.67411045e-04,-3.34822090e-04,-5.02233135e-04
0.00000000e+00,-1.67282793e-04,-3.34565585e-04,-5.01848378e-04
0.00000000e+00,-1.68093264e-04,-3.36186528e-04,-5.04279792e-04
0.00000000e+00,-1.67845985e-04,-3.35691971e-04,-5.03537956e-04
0.00000000e+00,-1.68037697e-04,-3.36075394e-04,-5.04113091e-04
0.00000000e+00,-1.69738323e-04,-3.39476646e-04,-5.09214969e-04
0.00000000e+00,-1.69165930e-04,-3.38331860e-04,-5.07497790e-04
0.00000000e+00,-1.68936314e-04,-3.37872629e-04,-5.06808943e-04
0.00000000e+00,-1.68527863e-04,-3.37055727e-04,-5.05583590e-04
0.00000000e+00,-1.69576909e-04,-3.39153819e-04,-5.08730728e-04
0.00000000e+00,-1.69046277e-04,-3.38092554e-04,-5.07138831e-04
0.00000000e+00,-1.69463003e-04,-3.38926006e-04,-5.08389009e-04
0.00000000e+00,-1.71465779e-04,-3.42931558e-04,-5.14397336e-04
0.00000000e+00,-1.70491730e-04,-3.40983460e-04,-5.11475191e-04
0.00000000e+00,-1.70575521e-04,-3.41151043e-04,-5.11726564e-04
0.00000000e+00,-1.69824663e-04,-3.39649327e-04,-5.09473990e-04
0.00000000e+00,-1.71202913e-04,-3.42405826e-04,-5.13608739e-04
0.00000000e+00,-1.70272703e-04,-3.40545406e-04,-5.10818109e-04
0.00000000e+00,-1.70991166e-04,-3.41982332e-04,-5.12973498e-04
0.00000000e+00,-1.68221017e-04,-3.36442035e-04,-5.04663052e-04
0.00000000e+00,-1.67949165e-04,-3.35898330e-04,-5.03847494e-04
0.00000000e+00,-1.67436414e-04,-3.34872828e-04,-5.02309242e-04
0.00000000e+00,-1.67305518e-04,-3.34611035e-04,-5.01916553e-04
0.00000000e+00,-1.68209082e-04,-3.36418163e-04,-5.04627245e-04
0.00000000e+00,-1.67936171e-04,-3.35872341e-04,-5.03808512e-04
0.00000000e+00,-1.68093813e-04,-3.36187627e-04,-5.04281440e-04
0.00000000e+00,-1.69898837e-04,-3.39797673e-04,-5.09696510e-04
0.00000000e+00,-1.69269896e-04,-3.38539792e-04,-5.07809689e-04
0.00000000e+00,-1.69047934e-04,-3.38095868e-04,-5.07143802e-04
0.00000000e+00,-1.68600948e-04,-3.37201896e-04,-5.05802844e-04
0.00000000e+00,-1.69841823e-04,-3.39683645e-04,-5.09525468e-04
0.00000000e+00,-1.69250672e-04,-3.38501344e-04,-5.07752016e-04
0.00000000e+00,-1.69574894e-04,-3.39149788e-04,-5.08724682e-04
0.00000000e+00,-1.71532087e-04,-3.43064175e-04,-5.14596262e-04
0.00000000e+00,-1.70698163e-04,-3.41396325e-04,-5.12094488e-04
0.00000000e+00,-1.70678812e-04,-3.41357623e-04,-5.12036435e-04
0.00000000e+00,-1.69966400e-04,-3.39932800e-04,-5.09899200e-04
0.00000000e+00,-1.71612333e-04,-3.43224666e-04,-5.14836999e-04
0.00000000e+00,-1.70605001e-04,-3.41210002e-04,-5.11815003e-04
0.00000000e+00,-1.71200099e-04,-3.42400198e-04,-5.13600297e-04
0.00000000e+00,-1.68164785e-04,-3.36329570e-04,-5.04494356e-04
0.00000000e+00,-1.67902906e-04,-3.35805812e-04,-5.03708719e-04
0.00000000e+00,-1.67411045e-04,-3.34822090e-04,-5.02233135e-04
0.00000000e+00,-1.67282793e-04,-3.34565586e-04,-5.01848379e-04
0.00000000e+00,-1.68037694e-04,-3.36075388e-04,-5.04113082e-04
0.00000000e+00,-1.67845985e-04,-3.35691970e-04,-5.03537955e-04
0.00000000e+00,-1.68093263e-04,-3.36186527e-04,-5.04279790e-04
0.00000000e+00,-1.69738318e-04,-3.39476637e-04,-5.09214955e-04
0.00000000e+00,-1.69165924e-04,-3.38331848e-04,-5.07497772e-04
0.00000000e+00,-1.68936313e-04,-3.37872627e-04,-5.06808940e-04
0.00000000e+00,-1.68527857e-04,-3.37055715e-04,-5.05583572e-04
0.00000000e+00,-1.69462997e-04,-3.38925995e-04,-5.08388992e-04
0.00000000e+00,-1.69046273e-04,-3.38092547e-04,-5.07138820e-04
0.00000000e+00,-1.69576906e-04,-3.39153813e-04,-5.08730719e-04
0.00000000e+00,-1.71465768e-04,-3.42931535e-04,-5.14397303e-04
0.00000000e+00,-1.70491712e-04,-3.40983425e-04,-5.11475137e-04
0.00000000e+00,-1.70575512e-04,-3.41151024e-04,-5.11726536e-04
0.00000000e+00,-1.69824650e-04,-3.39649300e-04,-5.09473950e-04
0.00000000e+00,-1.70991167e-04,-3.41982333e-04,-5.12973500e-04
0.00000000e+00,-1.70272690e-04,-3.40545380e-04,-5.10818070e-04
0.00000000e+00,-1.71202916e-04,-3.42405831e-04,-5.13608747e-04
0.00000000e+00,-1.68360155e-04,-3.36720310e-04,-5.05080465e-04
0.00000000e+00,-1.67503448e-04,-3.35006895e-04,-5.02510343e-04
0.00000000e+00,-1.68271749e-04,-3.36543498e-04,-5.04815246e-04
0.00000000e+00,-1.68271749e-04,-3.36543498e-04,-5.04815247e-04
0.00000000e+00,-1.70159112e-04,-3.40318225e-04,-5.10477337e-04
0.00000000e+00,-1.69238509e-04,-3.38477017e-04,-5.07715526e-04
0.00000000e+00,-1.69987878e-04,-3.39975755e-04,-5.09963633e-04
0.00000000e+00,-1.69987879e-04,-3.39975758e-04,-5.09963636e-04
0.00000000e+00,-1.72351721e-04,-3.44703442e-04,-5.17055163e-04
0.00000000e+00,-1.71203826e-04,-3.42407652e-04,-5.13611478e-04
0.00000000e+00,-1.71906426e-04,-3.43812852e-04,-5.15719279e-04
0.00000000e+00,-1.71906429e-04,-3.43812858e-04,-5.15719287e-04
0.00000000e+00,-1.68420711e-04,-3.36841422e-04,-5.05262133e-04
0.00000000e+00,-1.67539206e-04,-3.35078412e-04,-5.02617618e-04
0.00000000e+00,-1.68408793e-04,-3.36817587e-04,-5.05226380e-04
0.00000000e+00,-1.68340856e-04,-3.36681713e-04,-5.05022569e-04
0.00000000e+00,-1.70378809e-04,-3.40757617e-04,-5.11136426e-04
0.00000000e+00,-1.69350681e-04,-3.38701363e-04,-5.08052044e-04
0.00000000e+00,-1.70314077e-04,-3.40628153e-04,-5.10942230e-04
0.00000000e+00,-1.70125548e-04,-3.40251097e-04,-5.10376645e-04
0.00000000e+00,-1.72515786e-04,-3.45031571e-04,-5.17547357e-04
0.00000000e+00,-1.71437192e-04,-3.42874384e-04,-5.14311576e-04
0.00000000e+00,-1.72421003e-04,-3.44842005e-04,-5.17263008e-04
0.00000000e+00,-1.72307528e-04,-3.44615056e-04,-5.16922584e-04
0.00000000e+00,-1.68221017e-04,-3.36442034e-04,-5.04663051e-04
0.00000000e+00,-1.67949159e-04,-3.35898319e-04,-5.03847478e-04
0.00000000e+00,-1.67436414e-04,-3.34872828e-04,-5.02309242e-04
0.00000000e+00,-1.67305517e-04,-3.34611034e-04,-5.01916551e-04
0.00000000e+00,-1.68093810e-04,-3.36187620e-04,-5.04281430e-04
0.00000000e+00,-1.67936172e-04,-3.35872344e-04,-5.03808516e-04
0.00000000e+00,-1.68209080e-04,-3.36418160e-04,-5.04627240e-04
0.00000000e+00,-1.69898830e-04,-3.39797661e-04,-5.09696491e-04
0.00000000e+00,-1.69269885e-04,-3.38539769e-04,-5.07809654e-04
0.00000000e+00,-1.69047932e-04,-3.38095864e-04,-5.07143795e-04
0.00000000e+00,-1.68600937e-04,-3.37201874e-04,-5.05802811e-04
0.00000000e+00,-1.69574887e-04,-3.39149774e-04,-5.08724661e-04
0.00000000e+00,-1.69250667e-04,-3.38501335e-04,-5.07752002e-04
0.00000000e+00,-1.69841818e-04,-3.39683635e-04,-5.09525453e-04
0.00000000e+00,-1.71532098e-04,-3.43064195e-04,-5.14596293e-04
0.00000000e+00,-1.70698153e-04,-3.41396306e-04,-5.12094459e-04
0.00000000e+00,-1.70678812e-04,-3.41357624e-04,-5.12036436e-04
0.00000000e+00,-1.69966397e-04,-3.39932795e-04,-5.09899192e-04
0.00000000e+00,-1.71200084e-04,-3.42400167e-04,-5.13600251e-04
0.00000000e+00,-1.70604987e-04,-3.41209974e-04,-5.11814961e-04
0.00000000e+00,-1.71612324e-04,-3.43224649e-04,-5.14836973e-04
0.00000000e+00,-1.68420710e-04,-3.36841420e-04,-5.05262130e-04
0.00000000e+00,-1.67539206e-04,-3.35078412e-04,-5.02617618e-04
0.00000000e+00,-1.68340856e-04,-3.36681713e-04,-5.05022569e-04
0.00000000e+00,-1.68408793e-04,-3.36817586e-04,-5.05226379e-04
0.00000000e+00,-1.70378809e-04,-3.40757618e-04,-5.11136427e-04
0.00000000e+00,-1.69350680e-04,-3.38701361e-04,-5.08052041e-04
0.00000000e+00,-1.70125545e-04,-3.40251089e-04,-5.10376634e-04
0.00000000e+00,-1.70314076e-04,-3.40628153e-04,-5.10942229e-04
0.00000000e+00,-1.72515764e-04,-3.45031528e-04,-5.17547292e-04
0.00000000e+00,-1.71437185e-04,-3.42874369e-04,-5.14311554e-04
0.00000000e+00,-1.72307509e-04,-3.44615019e-04,-5.16922528e-04
0.00000000e+00,-1.72421005e-04,-3.44842010e-04,-5.17263015e-04
0.00000000e+00,-1.68526811e-04,-3.37053622e-04,-5.05580434e-04
0.00000000e+00,-1.67576870e-04,-3.35153740e-04,-5.02730611e-04
0.00000000e+00,-1.68486128e-04,-3.36972257e-04,-5.05458385e-04
0.00000000e+00,-1.68486129e-04,-3.36972258e-04,-5.05458386e-04
0.00000000e+00,-1.70409824e-04,-3.40819648e-04,-5.11229472e-04
0.00000000e+00,-1.69472858e-04,-3.38945717e-04,-5.08418575e-04
0.00000000e+00,-1.70446615e-04,-3.40893229e-04,-5.11339844e-04
0.00000000e+00,-1.70446615e-04,-3.40893230e-04,-5.11339845e-04
0.00000000e+00,-1.73057837e-04,-3.46115674e-04,-5.19173510e-04
0.00000000e+00,-1.71514228e-04,-3.43028457e-04,-5.14542685e-04
0.00000000e+00,-1.72935268e-04,-3.45870537e-04,-5.18805805e-04
0.00000000e+00,-1.72935257e-04,-3.45870515e-04,-5.18805772e-04
0.00000000e+00,-1.68360155e-04,-3.36720309e-04,-5.05080464e-04
0.00000000e+00,-1.68420710e-04,-3.36841420e-04,-5.05262129e-04
0.00000000e+00,-1.67503447e-04,-3.35006895e-04,-5.02510342e-04
0.00000000e+00,-1.67539206e-04,-3.35078411e-04,-5.02617617e-04
0.00000000e+00,-1.68408793e-04,-3.36817586e-04,-5.05226379e-04
0.00000000e+00,-1.68408792e-04,-3.36817585e-04,-5.05226377e-04
0.00000000e+00,-1.68486128e-04,-3.36972256e-04,-5.05458385e-04
0.00000000e+00,-1.70159112e-04,-3.40318224e-04,-5.10477336e-04
0.00000000e+00,-1.70378809e-04,-3.40757617e-04,-5.11136426e-04
0.00000000e+00,-1.69238508e-04,-3.38477017e-04,-5.07715525e-04
0.00000000e+00,-1.69350680e-04,-3.38701360e-04,-5.08052040e-04
0.00000000e+00,-1.70314076e-04,-3.40628153e-04,-5.10942229e-04
0.00000000e+00,-1.70314076e-04,-3.40628152e-04,-5.10942228e-04
0.00000000e+00,-1.70446615e-04,-3.40893229e-04,-5.11339844e-04
0.00000000e+00,-1.72351721e-04,-3.44703441e-04,-5.17055162e-04
0.00000000e+00,-1.72515764e-04,-3.45031527e-04,-5.17547291e-04
0.00000000e+00,-1.71203826e-04,-3.42407651e-04,-5.13611477e-04
0.00000000e+00,-1.71437184e-04,-3.42874369e-04,-5.14311553e-04
0.00000000e+00,-1.72421003e-04,-3.44842005e-04,-5.17263008e-04
0.00000000e+00,-1.72421005e-04,-3.44842010e-04,-5.17263014e-04
0.00000000e+00,-1.72935268e-04,-3.45870537e-04,-5.18805805e-04
0.00000000e+00,-1.68164784e-04,-3.36329569e-04,-5.04494353e-04
0.00000000e+00,-1.68221016e-04,-3.36442032e-04,-5.04663048e-04
0.00000000e+00,-1.67411044e-04,-3.34822088e-04,-5.02233132e-04
0.00000000e+00,-1.67436413e-04,-3.34872826e-04,-5.02309239e-04
0.00000000e+00,-1.68271748e-04,-3.36543496e-04,-5.04815244e-04
0.00000000e+00,-1.68209079e-04,-3.36418158e-04,-5.04627237e-04
0.00000000e+00,-1.68340856e-04,-3.36681712e-04,-5.05022567e-04
0.00000000e+00,-1.69738318e-04,-3.39476635e-04,-5.09214953e-04
0.00000000e+00,-1.69898830e-04,-3.39797659e-04,-5.09696489e-04
0.00000000e+00,-1.68936312e-04,-3.37872625e-04,-5.06808937e-04
0.00000000e+00,-1.69047931e-04,-3.38095862e-04,-5.07143793e-04
0.00000000e+00,-1.69987877e-04,-3.39975754e-04,-5.09963631e-04
0.00000000e+00,-1.69841817e-04,-3.39683633e-04,-5.09525450e-04
0.00000000e+00,-1.70125544e-04,-3.40251088e-04,-5.10376633e-04
0.00000000e+00,-1.71465767e-04,-3.42931534e-04,-5.14397301e-04
0.00000000e+00,-1.71532097e-04,-3.43064194e-04,-5.14596291e-04
0.00000000e+00,-1.70575511e-04,-3.41151022e-04,-5.11726533e-04
0.00000000e+00,-1.70678811e-04,-3.41357622e-04,-5.12036434e-04
0.00000000e+00,-1.71906426e-04,-3.43812851e-04,-5.15719277e-04
0.00000000e+00,-1.71612324e-04,-3.43224648e-04,-5.14836971e-04
0.00000000e+00,-1.72307509e-04,-3.44615018e-04,-5.16922527e-04
0.00000000e+00,-1.67902905e-04,-3.35805810e-04,-5.03708714e-04
0.00000000e+00,-1.67949158e-04,-3.35898316e-04,-5.03847474e-04
0.00000000e+00,-1.67282791e-04,-3.34565583e-04,-5.01848374e-04
0.00000000e+00,-1.67305515e-04,-3.34611031e-04,-5.01916546e-04
0.00000000e+00,-1.68037693e-04,-3.36075386e-04,-5.04113079e-04
0.00000000e+00,-1.67936171e-04,-3.35872341e-04,-5.03808512e-04
0.00000000e+00,-1.68093809e-04,-3.36187618e-04,-5.04281427e-04
0.00000000e+00,-1.69165923e-04,-3.38331845e-04,-5.07497768e-04
0.00000000e+00,-1.69269883e-04,-3.38539766e-04,-5.07809650e-04
0.00000000e+00,-1.68527856e-04,-3.37055712e-04,-5.05583568e-04
0.00000000e+00,-1.68600936e-04,-3.37201871e-04,-5.05802807e-04
0.00000000e+00,-1.69462996e-04,-3.38925993e-04,-5.08388989e-04
0.00000000e+00,-1.69250666e-04,-3.38501332e-04,-5.07751998e-04
0.00000000e+00,-1.69574886e-04,-3.39149772e-04,-5.08724658e-04
0.00000000e+00,-1.70491711e-04,-3.40983422e-04,-5.11475133e-04
0.00000000e+00,-1.70698152e-04,-3.41396304e-04,-5.12094456e-04
0.00000000e+00,-1.69824649e-04,-3.39649297e-04,-5.09473946e-04
0.00000000e+00,-1.69966396e-04,-3.39932792e-04,-5.09899188e-04
0.00000000e+00,-1.70991166e-04,-3.41982331e-04,-5.12973497e-04
0.00000000e+00,-1.70604986e-04,-3.41209971e-04,-5.11814957e-04
0.00000000e+00,-1.71200083e-04,-3.42400166e-04,-5.13600248e-04
0.00000000e+00,-1.68164784e-04,-3.36329568e-04,-5.04494352e-04
0.00000000e+00,-1.67411045e-04,-3.34822089e-04,-5.02233134e-04
0.00000000e+00,-1.68209082e-04,-3.36418163e-04,-5.04627245e-04
0.00000000e+00,-1.68271749e-04,-3.36543497e-04,-5.04815246e-04
0.00000000e+00,-1.69738322e-04,-3.39476645e-04,-5.09214967e-04
0.00000000e+00,-1.68936314e-04,-3.37872628e-04,-5.06808942e-04
0.00000000e+00,-1.69841823e-04,-3.39683645e-04,-5.09525468e-04
0.00000000e+00,-1.69987878e-04,-3.39975757e-04,-5.09963635e-04
0.00000000e+00,-1.71465778e-04,-3.42931557e-04,-5.14397335e-04
0.00000000e+00,-1.70575521e-04,-3.41151042e-04,-5.11726563e-04
0.00000000e+00,-1.71612333e-04,-3.43224666e-04,-5.14836998e-04
0.00000000e+00,-1.71906429e-04,-3.43812858e-04,-5.15719286e-04
0.00000000e+00,-1.67998022e-04,-3.35996044e-04,-5.03994066e-04
0.00000000e+00,-1.67329392e-04,-3.34658783e-04,-5.01988175e-04
0.00000000e+00,-1.68093263e-04,-3.36186527e-04,-5.04279790e-04
0.00000000e+00,-1.68093262e-04,-3.36186525e-04,-5.04279787e-04
0.00000000e+00,-1.69377432e-04,-3.38754865e-04,-5.08132297e-04
0.00000000e+00,-1.68679910e-04,-3.37359820e-04,-5.06039729e-04
0.00000000e+00,-1.69576909e-04,-3.39153818e-04,-5.08730726e-04
0.00000000e+00,-1.69576905e-04,-3.39153811e-04,-5.08730716e-04
0.00000000e+00,-1.70841779e-04,-3.41683558e-04,-5.12525338e-04
0.00000000e+00,-1.70095082e-04,-3.40190163e-04,-5.10285245e-04
0.00000000e+00,-1.71202912e-04,-3.42405825e-04,-5.13608737e-04
0.00000000e+00,-1.71202915e-04,-3.42405830e-04,-5.13608745e-04
0.00000000e+00,-1.67773066e-04,-3.35546132e-04,-5.03319198e-04
0.00000000e+00,-1.67218975e-04,-3.34437950e-04,-5.01656926e-04
0.00000000e+00,-1.67890274e-04,-3.35780549e-04,-5.03670823e-04
0.00000000e+00,-1.67845983e-04,-3.35691967e-04,-5.03537950e-04
0.00000000e+00,-1.68888781e-04,-3.37777563e-04,-5.06666344e-04
0.00000000e+00,-1.68329115e-04,-3.36658229e-04,-5.04987344e-04
0.00000000e+00,-1.69141883e-04,-3.38283767e-04,-5.07425650e-04
0.00000000e+00,-1.69046272e-04,-3.38092544e-04,-5.07138816e-04
0.00000000e+00,-1.70012250e-04,-3.40024501e-04,-5.10036751e-04
0.00000000e+00,-1.69452057e-04,-3.38904114e-04,-5.08356170e-04
0.00000000e+00,-1.70437489e-04,-3.40874978e-04,-5.11312467e-04
0.00000000e+00,-1.70272689e-04,-3.40545377e-04,-5.10818066e-04
0.00000000e+00,-1.67902911e-04,-3.35805822e-04,-5.03708734e-04
0.00000000e+00,-1.67282792e-04,-3.34565584e-04,-5.01848377e-04
0.00000000e+00,-1.67936170e-04,-3.35872341e-04,-5.03808511e-04
0.00000000e+00,-1.68037697e-04,-3.36075393e-04,-5.04113090e-04
0.00000000e+00,-1.69165930e-04,-3.38331859e-04,-5.07497789e-04
0.00000000e+00,-1.68527863e-04,-3.37055726e-04,-5.05583589e-04
0.00000000e+00,-1.69250672e-04,-3.38501344e-04,-5.07752016e-04
0.00000000e+00,-1.69463003e-04,-3.38926005e-04,-5.08389008e-04
0.00000000e+00,-1.70491730e-04,-3.40983459e-04,-5.11475189e-04
0.00000000e+00,-1.69824663e-04,-3.39649326e-04,-5.09473989e-04
0.00000000e+00,-1.70605001e-04,-3.41210001e-04,-5.11815002e-04
0.00000000e+00,-1.70991166e-04,-3.41982331e-04,-5.12973497e-04
0.00000000e+00,-1.67773069e-04,-3.35546138e-04,-5.03319206e-04
0.00000000e+00,-1.67218975e-04,-3.34437950e-04,-5.01656925e-04
0.00000000e+00,-1.67845985e-04,-3.35691969e-04,-5.03537954e-04
0.00000000e+00,-1.67890276e-04,-3.35780552e-04,-5.03670828e-04
0.00000000e+00,-1.68888787e-04,-3.37777574e-04,-5.06666361e-04
0.00000000e+00,-1.68329120e-04,-3.36658240e-04,-5.04987360e-04
0.00000000e+00,-1.69046276e-04,-3.38092553e-04,-5.07138829e-04
0.00000000e+00,-1.69141884e-04,-3.38283769e-04,-5.07425653e-04
0.00000000e+00,-1.70012252e-04,-3.40024503e-04,-5.10036755e-04
0.00000000e+00,-1.69452057e-04,-3.38904113e-04,-5.08356170e-04
0.00000000e+00,-1.70272702e-04,-3.40545405e-04,-5.10818107e-04
0.00000000e+00,-1.70437504e-04,-3.40875007e-04,-5.11312511e-04
0.00000000e+00,-1.67593366e-04,-3.35186731e-04,-5.02780097e-04
0.00000000e+00,-1.67130491e-04,-3.34260982e-04,-5.01391473e-04
0.00000000e+00,-1.67686664e-04,-3.35373328e-04,-5.03059993e-04
0.00000000e+00,-1.67686662e-04,-3.35373323e-04,-5.03059985e-04
0.00000000e+00,-1.68510125e-04,-3.37020250e-04,-5.05530375e-04
0.00000000e+00,-1.68053858e-04,-3.36107716e-04,-5.04161574e-04
0.00000000e+00,-1.68706556e-04,-3.37413112e-04,-5.06119668e-04
0.00000000e+00,-1.68706551e-04,-3.37413102e-04,-5.06119654e-04
0.00000000e+00,-1.69399646e-04,-3.38799292e-04,-5.08198939e-04
0.00000000e+00,-1.68961495e-04,-3.37922991e-04,-5.06884486e-04
0.00000000e+00,-1.69711214e-04,-3.39422428e-04,-5.09133642e-04
0.00000000e+00,-1.69711214e-04,-3.39422428e-04,-5.09133642e-04
0.00000000e+00,-1.60981613e-04,-3.21963225e-04,-4.82944838e-04
0.00000000e+00,-1.60817548e-04,-3.21635096e-04,-4.82452644e-04
0.00000000e+00,-1.63174221e-04,-3.26348443e-04,-4.89522664e-04
0.00000000e+00,-1.62954525e-04,-3.25909050e-04,-4.88863575e-04
0.00000000e+00,-1.60912328e-04,-3.21824657e-04,-4.82736985e-04
0.00000000e+00,-1.60398076e-04,-3.20796152e-04,-4.81194228e-04
0.00000000e+00,-1.60912331e-04,-3.21824662e-04,-4.82736993e-04
0.00000000e+00,-1.62129508e-04,-3.24259015e-04,-4.86388523e-04
0.00000000e+00,-1.61896142e-04,-3.23792283e-04,-4.85688425e-04
0.00000000e+00,-1.63019257e-04,-3.26038515e-04,-4.89057772e-04
0.00000000e+00,-1.62886718e-04,-3.25773437e-04,-4.88660155e-04
0.00000000e+00,-1.63019257e-04,-3.26038514e-04,-4.89057771e-04
0.00000000e+00,-1.64973179e-04,-3.29946358e-04,-4.94919536e-04
0.00000000e+00,-1.64912622e-04,-3.29825245e-04,-4.94737867e-04
0.00000000e+00,-1.64094825e-04,-3.28189650e-04,-4.92284475e-04
0.00000000e+00,-1.63982652e-04,-3.27965304e-04,-4.91947956e-04
0.00000000e+00,-1.64924541e-04,-3.29849082e-04,-4.94773622e-04
0.00000000e+00,-1.64847205e-04,-3.29694409e-04,-4.94541614e-04
0.00000000e+00,-1.64924540e-04,-3.29849080e-04,-4.94773621e-04
0.00000000e+00,-1.66666667e-04,-3.33333334e-04,-5.00000001e-04
0.00000000e+00,-1.66666667e-04,-3.33333333e-04,-5.00000000e-04
0.00000000e+00,-1.65829886e-04,-3.31659772e-04,-4.97489658e-04
0.00000000e+00,-1.65794127e-04,-3.31588254e-04,-4.97382382e-04
0.00000000e+00,-1.66666667e-04,-3.33333334e-04,-5.00000001e-04
0.00000000e+00,-1.66666667e-04,-3.33333333e-04,-5.00000000e-04
0.00000000e+00,-1.66666667e-04,-3.33333333e-04,-5.00000000e-04
0.00000000e+00,-1.61867555e-04,-3.23735110e-04,-4.85602665e-04
0.00000000e+00,-1.61801247e-04,-3.23602493e-04,-4.85403740e-04
0.00000000e+00,-1.63595011e-04,-3.27190022e-04,-4.90785033e-04
0.00000000e+00,-1.63434497e-04,-3.26868994e-04,-4.90303491e-04
0.00000000e+00,-1.61426905e-04,-3.22853809e-04,-4.84280714e-04
0.00000000e+00,-1.61025806e-04,-3.22051611e-04,-4.83077417e-04
0.00000000e+00,-1.61721001e-04,-3.23442002e-04,-4.85163002e-04
0.00000000e+00,-1.62757812e-04,-3.25515625e-04,-4.88273437e-04
0.00000000e+00,-1.62654522e-04,-3.25309044e-04,-4.87963566e-04
0.00000000e+00,-1.63345455e-04,-3.26690910e-04,-4.90036365e-04
0.00000000e+00,-1.63207785e-04,-3.26415571e-04,-4.89623356e-04
0.00000000e+00,-1.63491511e-04,-3.26983022e-04,-4.90474533e-04
0.00000000e+00,-1.65168549e-04,-3.30337098e-04,-4.95505648e-04
0.00000000e+00,-1.65112316e-04,-3.30224632e-04,-4.95336948e-04
0.00000000e+00,-1.64397019e-04,-3.28794039e-04,-4.93191058e-04
0.00000000e+00,-1.64285400e-04,-3.28570799e-04,-4.92856199e-04
0.00000000e+00,-1.65061585e-04,-3.30123169e-04,-4.95184754e-04
0.00000000e+00,-1.64992477e-04,-3.29984954e-04,-4.94977431e-04
0.00000000e+00,-1.65124252e-04,-3.30248504e-04,-4.95372756e-04
0.00000000e+00,-1.66666667e-04,-3.33333334e-04,-5.00000000e-04
0.00000000e+00,-1.66666667e-04,-3.33333333e-04,-5.00000000e-04
0.00000000e+00,-1.65922289e-04,-3.31844577e-04,-4.97766866e-04
0.00000000e+00,-1.65896919e-04,-3.31793839e-04,-4.97690758e-04
0.00000000e+00,-1.66666667e-04,-3.33333334e-04,-5.00000001e-04
0.00000000e+00,-1.66666667e-04,-3.33333333e-04,-5.00000000e-04
0.00000000e+00,-1.66666667e-04,-3.33333333e-04,-5.00000000e-04
0.00000000e+00,-1.62841604e-04,-3.25683207e-04,-4.88524811e-04
0.00000000e+00,-1.62635171e-04,-3.25270342e-04,-4.87905514e-04
0.00000000e+00,-1.64167404e-04,-3.28334808e-04,-4.92502211e-04
0.00000000e+00,-1.64063437e-04,-3.28126875e-04,-4.92190312e-04
0.00000000e+00,-1.62342168e-04,-3.24684335e-04,-4.87026503e-04
0.00000000e+00,-1.62133235e-04,-3.24266469e-04,-4.86399704e-04
0.00000000e+00,-1.62728333e-04,-3.25456666e-04,-4.88184999e-04
0.00000000e+00,-1.63508670e-04,-3.27017341e-04,-4.90526011e-04
0.00000000e+00,-1.63366934e-04,-3.26733868e-04,-4.90100801e-04
0.00000000e+00,-1.63870331e-04,-3.27740661e-04,-4.91610992e-04
0.00000000e+00,-1.63758440e-04,-3.27516879e-04,-4.91275319e-04
0.00000000e+00,-1.64082662e-04,-3.28165323e-04,-4.92247985e-04
0.00000000e+00,-1.65430422e-04,-3.30860844e-04,-4.96291266e-04
0.00000000e+00,-1.65384169e-04,-3.30768337e-04,-4.96152506e-04
0.00000000e+00,-1.64805470e-04,-3.29610941e-04,-4.94416411e-04
0.00000000e+00,-1.64732386e-04,-3.29464771e-04,-4.94197157e-04
0.00000000e+00,-1.65295637e-04,-3.30591273e-04,-4.95886910e-04
0.00000000e+00,-1.65239520e-04,-3.30479040e-04,-4.95718560e-04
0.00000000e+00,-1.65397163e-04,-3.30794326e-04,-4.96191489e-04
0.00000000e+00,-1.66666667e-04,-3.33333334e-04,-5.00000000e-04
0.00000000e+00,-1.66666667e-04,-3.33333333e-04,-5.00000000e-04
0.00000000e+00,-1.66050541e-04,-3.32101082e-04,-4.98151623e-04
0.00000000e+00,-1.66027816e-04,-3.32055631e-04,-4.98083447e-04
0.00000000e+00,-1.66666667e-04,-3.33333334e-04,-5.00000000e-04
0.00000000e+00,-1.66666667e-04,-3.33333333e-04,-5.00000000e-04
0.00000000e+00,-1.66666667e-04,-3.33333333e-04,-5.00000000e-04
0.00000000e+00,-1.61867566e-04,-3.23735133e-04,-4.85602699e-04
0.00000000e+00,-1.63595016e-04,-3.27190031e-04,-4.90785047e-04
0.00000000e+00,-1.61721010e-04,-3.23442019e-04,-4.85163029e-04
0.00000000e+00,-1.61426908e-04,-3.22853815e-04,-4.84280723e-04
0.00000000e+00,-1.62757822e-04,-3.25515644e-04,-4.88273466e-04
0.00000000e+00,-1.63491517e-04,-3.26983033e-04,-4.90474550e-04
0.00000000e+00,-1.63345456e-04,-3.26690912e-04,-4.90036369e-04
0.00000000e+00,-1.65168549e-04,-3.30337098e-04,-4.95505647e-04
0.00000000e+00,-1.64397021e-04,-3.28794042e-04,-4.93191063e-04
0.00000000e+00,-1.65124254e-04,-3.30248508e-04,-4.95372763e-04
0.00000000e+00,-1.65061585e-04,-3.30123170e-04,-4.95184756e-04
0.00000000e+00,-1.66666667e-04,-3.33333334e-04,-5.00000001e-04
0.00000000e+00,-1.65922289e-04,-3.31844579e-04,-4.97766868e-04
0.00000000e+00,-1.66666667e-04,-3.33333334e-04,-5.00000001e-04
0.00000000e+00,-1.66666667e-04,-3.33333334e-04,-5.00000001e-04
0.00000000e+00,-1.62491554e-04,-3.24983108e-04,-4.87474662e-04
0.00000000e+00,-1.63955901e-04,-3.27911802e-04,-4.91867703e-04
0.00000000e+00,-1.62130418e-04,-3.24260836e-04,-4.86391255e-04
0.00000000e+00,-1.62130421e-04,-3.24260842e-04,-4.86391262e-04
0.00000000e+00,-1.63238252e-04,-3.26476503e-04,-4.89714755e-04
0.00000000e+00,-1.63756428e-04,-3.27512856e-04,-4.91269284e-04
0.00000000e+00,-1.63756425e-04,-3.27512849e-04,-4.91269274e-04
0.00000000e+00,-1.65335311e-04,-3.30670623e-04,-4.96005934e-04
0.00000000e+00,-1.64653423e-04,-3.29306847e-04,-4.93960270e-04
0.00000000e+00,-1.65240071e-04,-3.30480142e-04,-4.95720213e-04
0.00000000e+00,-1.65240070e-04,-3.30480140e-04,-4.95720210e-04
0.00000000e+00,-1.66666667e-04,-3.33333334e-04,-5.00000001e-04
0.00000000e+00,-1.66003942e-04,-3.32007883e-04,-4.98011825e-04
0.00000000e+00,-1.66666667e-04,-3.33333334e-04,-5.00000001e-04
0.00000000e+00,-1.66666667e-04,-3.33333334e-04,-5.00000001e-04
0.00000000e+00,-1.63321081e-04,-3.26642163e-04,-4.89963244e-04
0.00000000e+00,-1.64444546e-04,-3.28889093e-04,-4.93333639e-04
0.00000000e+00,-1.62895829e-04,-3.25791659e-04,-4.88687488e-04
0.00000000e+00,-1.63060631e-04,-3.26121261e-04,-4.89181892e-04
0.00000000e+00,-1.63881276e-04,-3.27762553e-04,-4.91643829e-04
0.00000000e+00,-1.64191449e-04,-3.28382898e-04,-4.92574346e-04
0.00000000e+00,-1.64287057e-04,-3.28574114e-04,-4.92861171e-04
0.00000000e+00,-1.65560264e-04,-3.31120529e-04,-4.96680793e-04
0.00000000e+00,-1.65004213e-04,-3.30008427e-04,-4.95012640e-04
0.00000000e+00,-1.65443057e-04,-3.30886115e-04,-4.96329172e-04
0.00000000e+00,-1.65487349e-04,-3.30974697e-04,-4.96462046e-04
0.00000000e+00,-1.66666667e-04,-3.33333334e-04,-5.00000001e-04
0.00000000e+00,-1.66114358e-04,-3.32228717e-04,-4.98343075e-04
0.00000000e+00,-1.66666667e-04,-3.33333334e-04,-5.00000001e-04
0.00000000e+00,-1.66666667e-04,-3.33333334e-04,-5.00000001e-04
0.00000000e+00,-1.62841622e-04,-3.25683244e-04,-4.88524866e-04
0.00000000e+00,-1.64167411e-04,-3.28334821e-04,-4.92502232e-04
0.00000000e+00,-1.62728348e-04,-3.25456695e-04,-4.88185043e-04
0.00000000e+00,-1.62342168e-04,-3.24684335e-04,-4.87026503e-04
0.00000000e+00,-1.63508685e-04,-3.27017369e-04,-4.90526054e-04
0.00000000e+00,-1.64082667e-04,-3.28165334e-04,-4.92248002e-04
0.00000000e+00,-1.63870337e-04,-3.27740674e-04,-4.91611011e-04
0.00000000e+00,-1.65430429e-04,-3.30860857e-04,-4.96291286e-04
0.00000000e+00,-1.64805477e-04,-3.29610955e-04,-4.94416432e-04
0.00000000e+00,-1.65397163e-04,-3.30794325e-04,-4.96191488e-04
0.00000000e+00,-1.65295640e-04,-3.30591281e-04,-4.95886921e-04
0.00000000e+00,-1.66666667e-04,-3.33333335e-04,-5.00000002e-04
0.00000000e+00,-1.66050542e-04,-3.32101084e-04,-4.98151625e-04
0.00000000e+00,-1.66666667e-04,-3.33333335e-04,-5.00000002e-04
0.00000000e+00,-1.66666667e-04,-3.33333334e-04,-5.00000002e-04
0.00000000e+00,-1.63321083e-04,-3.26642165e-04,-4.89963248e-04
0.00000000e+00,-1.64444552e-04,-3.28889104e-04,-4.93333656e-04
0.00000000e+00,-1.63060644e-04,-3.26121289e-04,-4.89181933e-04
0.00000000e+00,-1.62895844e-04,-3.25791688e-04,-4.88687532e-04
0.00000000e+00,-1.63881276e-04,-3.27762553e-04,-4.91643829e-04
0.00000000e+00,-1.64287061e-04,-3.28574122e-04,-4.92861183e-04
0.00000000e+00,-1.64191450e-04,-3.28382900e-04,-4.92574350e-04
0.00000000e+00,-1.65560267e-04,-3.31120534e-04,-4.96680802e-04
0.00000000e+00,-1.65004219e-04,-3.30008437e-04,-4.95012656e-04
0.00000000e+00,-1.65487350e-04,-3.30974699e-04,-4.96462049e-04
0.00000000e+00,-1.65443059e-04,-3.30886118e-04,-4.96329177e-04
0.00000000e+00,-1.66666667e-04,-3.33333335e-04,-5.00000002e-04
0.00000000e+00,-1.66114358e-04,-3.32228716e-04,-4.98343074e-04
0.00000000e+00,-1.66666667e-04,-3.33333335e-04,-5.00000002e-04
0.00000000e+00,-1.66666667e-04,-3.33333334e-04,-5.00000002e-04
0.00000000e+00,-1.63933687e-04,-3.27867374e-04,-4.91801060e-04
0.00000000e+00,-1.64823208e-04,-3.29646417e-04,-4.94469625e-04
0.00000000e+00,-1.63622119e-04,-3.27244238e-04,-4.90866357e-04
0.00000000e+00,-1.63622119e-04,-3.27244238e-04,-4.90866357e-04
0.00000000e+00,-1.64371838e-04,-3.28743676e-04,-4.93115513e-04
0.00000000e+00,-1.64626782e-04,-3.29253564e-04,-4.93880346e-04
0.00000000e+00,-1.64626777e-04,-3.29253554e-04,-4.93880331e-04
0.00000000e+00,-1.65739968e-04,-3.31479935e-04,-4.97219903e-04
0.00000000e+00,-1.65279475e-04,-3.30558951e-04,-4.95838426e-04
0.00000000e+00,-1.65646671e-04,-3.31293343e-04,-4.96940014e-04
0.00000000e+00,-1.65646669e-04,-3.31293338e-04,-4.96940007e-04
0.00000000e+00,-1.66666667e-04,-3.33333335e-04,-5.00000002e-04
0.00000000e+00,-1.66202842e-04,-3.32405684e-04,-4.98608527e-04
0.00000000e+00,-1.66666667e-04,-3.33333335e-04,-5.00000002e-04
0.00000000e+00,-1.66666667e-04,-3.33333334e-04,-5.00000001e-04
0.00000000e+00,-1.61867566e-04,-3.23735132e-04,-4.85602699e-04
0.00000000e+00,-1.62841621e-04,-3.25683242e-04,-4.88524863e-04
0.00000000e+00,-1.63595015e-04,-3.27190030e-04,-4.90785045e-04
0.00000000e+00,-1.64167409e-04,-3.28334819e-04,-4.92502228e-04
0.00000000e+00,-1.61721009e-04,-3.23442018e-04,-4.85163027e-04
0.00000000e+00,-1.62728346e-04,-3.25456693e-04,-4.88185039e-04
0.00000000e+00,-1.62342167e-04,-3.24684334e-04,-4.87026500e-04
0.00000000e+00,-1.62757822e-04,-3.25515643e-04,-4.88273465e-04
0.00000000e+00,-1.63508684e-04,-3.27017367e-04,-4.90526051e-04
0.00000000e+00,-1.63491516e-04,-3.26983032e-04,-4.90474548e-04
0.00000000e+00,-1.64082666e-04,-3.28165332e-04,-4.92247998e-04
0.00000000e+00,-1.63870336e-04,-3.27740672e-04,-4.91611008e-04
0.00000000e+00,-1.65168548e-04,-3.30337096e-04,-4.95505645e-04
0.00000000e+00,-1.65430427e-04,-3.30860854e-04,-4.96291281e-04
0.00000000e+00,-1.64397020e-04,-3.28794040e-04,-4.93191060e-04
0.00000000e+00,-1.64805476e-04,-3.29610952e-04,-4.94416428e-04
0.00000000e+00,-1.65124253e-04,-3.30248507e-04,-4.95372760e-04
0.00000000e+00,-1.65397161e-04,-3.30794323e-04,-4.96191484e-04
0.00000000e+00,-1.65295639e-04,-3.30591279e-04,-4.95886918e-04
0.00000000e+00,-1.66666666e-04,-3.33333332e-04,-4.99999999e-04
0.00000000e+00,-1.66666666e-04,-3.33333332e-04,-4.99999998e-04
0.00000000e+00,-1.65922288e-04,-3.31844577e-04,-4.97766865e-04
0.00000000e+00,-1.66050540e-04,-3.32101081e-04,-4.98151621e-04
0.00000000e+00,-1.66666666e-04,-3.33333332e-04,-4.99999999e-04
0.00000000e+00,-1.66666666e-04,-3.33333332e-04,-4.99999998e-04
0.00000000e+00,-1.66666666e-04,-3.33333332e-04,-4.99999998e-04
0.00000000e+00,-1.62491554e-04,-3.24983108e-04,-4.87474662e-04
0.00000000e+00,-1.63321081e-04,-3.26642163e-04,-4.89963244e-04
0.00000000e+00,-1.63955900e-04,-3.27911801e-04,-4.91867701e-04
0.00000000e+00,-1.64444551e-04,-3.28889101e-04,-4.93333652e-04
0.00000000e+00,-1.62130418e-04,-3.24260836e-04,-4.86391254e-04
0.00000000e+00,-1.63060643e-04,-3.26121287e-04,-4.89181930e-04
0.00000000e+00,-1.62895843e-04,-3.25791687e-04,-4.88687530e-04
0.00000000e+00,-1.63238251e-04,-3.26476502e-04,-4.89714754e-04
0.00000000e+00,-1.63881275e-04,-3.27762550e-04,-4.91643825e-04
0.00000000e+00,-1.63756427e-04,-3.27512854e-04,-4.91269282e-04
0.00000000e+00,-1.64287060e-04,-3.28574120e-04,-4.92861180e-04
0.00000000e+00,-1.64191449e-04,-3.28382898e-04,-4.92574347e-04
0.00000000e+00,-1.65335311e-04,-3.30670621e-04,-4.96005932e-04
0.00000000e+00,-1.65560266e-04,-3.31120532e-04,-4.96680798e-04
0.00000000e+00,-1.64653423e-04,-3.29306846e-04,-4.93960268e-04
0.00000000e+00,-1.65004217e-04,-3.30008435e-04,-4.95012652e-04
0.00000000e+00,-1.65240070e-04,-3.30480140e-04,-4.95720210e-04
0.00000000e+00,-1.65487348e-04,-3.30974697e-04,-4.96462045e-04
0.00000000e+00,-1.65443058e-04,-3.30886116e-04,-4.96329174e-04
0.00000000e+00,-1.66666666e-04,-3.33333333e-04,-4.99999999e-04
0.00000000e+00,-1.66666666e-04,-3.33333332e-04,-4.99999998e-04
0.00000000e+00,-1.66003941e-04,-3.32007882e-04,-4.98011823e-04
0.00000000e+00,-1.66114357e-04,-3.32228713e-04,-4.98343070e-04
0.00000000e+00,-1.66666666e-04,-3.33333332e-04,-4.99999999e-04
0.00000000e+00,-1.66666666e-04,-3.33333332e-04,-4.99999998e-04
0.00000000e+00,-1.66666666e-04,-3.33333332e-04,-4.99999998e-04
0.00000000e+00,-1.63321081e-04,-3.26642162e-04,-4.89963244e-04
0.00000000e+00,-1.63933686e-04,-3.27867371e-04,-4.91801057e-04
0.00000000e+00,-1.64444546e-04,-3.28889092e-04,-4.93333637e-04
0.00000000e+00,-1.64823207e-04,-3.29646414e-04,-4.94469621e-04
0.00000000e+00,-1.62895829e-04,-3.25791659e-04,-4.88687488e-04
0.00000000e+00,-1.63622118e-04,-3.27244236e-04,-4.90866353e-04
0.00000000e+00,-1.63622118e-04,-3.27244237e-04,-4.90866355e-04
0.00000000e+00,-1.63881276e-04,-3.27762552e-04,-4.91643828e-04
0.00000000e+00,-1.64371837e-04,-3.28743673e-04,-4.93115510e-04
0.00000000e+00,-1.64191448e-04,-3.28382896e-04,-4.92574345e-04
0.00000000e+00,-1.64626781e-04,-3.29253561e-04,-4.93880342e-04
0.00000000e+00,-1.64626776e-04,-3.29253553e-04,-4.93880329e-04
0.00000000e+00,-1.65560264e-04,-3.31120527e-04,-4.96680791e-04
0.00000000e+00,-1.65739966e-04,-3.31479933e-04,-4.97219899e-04
0.00000000e+00,-1.65004213e-04,-3.30008425e-04,-4.95012638e-04
0.00000000e+00,-1.65279474e-04,-3.30558948e-04,-4.95838422e-04
0.00000000e+00,-1.65443057e-04,-3.30886113e-04,-4.96329170e-04
0.00000000e+00,-1.65646670e-04,-3.31293340e-04,-4.96940011e-04
0.00000000e+00,-1.65646668e-04,-3.31293336e-04,-4.96940004e-04
0.00000000e+00,-1.66666666e-04,-3.33333333e-04,-4.99999999e-04
0.00000000e+00,-1.66666666e-04,-3.33333332e-04,-4.99999998e-04
0.00000000e+00,-1.66114358e-04,-3.32228715e-04,-4.98343073e-04
0.00000000e+00,-1.66202841e-04,-3.32405682e-04,-4.98608523e-04
0.00000000e+00,-1.66666666e-04,-3.33333333e-04,-4.99999999e-04
0.00000000e+00,-1.66666666e-04,-3.33333332e-04,-4.99999998e-04
0.00000000e+00,-1.66666666e-04,-3.33333332e-04,-4.99999998e-04
0.00000000e+00,-1.60981613e-04,-3.21963226e-04,-4.82944838e-04
0.00000000e+00,-1.63174221e-04,-3.26348442e-04,-4.89522663e-04
0.00000000e+00,-1.60912329e-04,-3.21824657e-04,-4.82736986e-04
0.00000000e+00,-1.61426908e-04,-3.22853815e-04,-4.84280723e-04
0.00000000e+00,-1.62129508e-04,-3.24259015e-04,-4.86388523e-04
0.00000000e+00,-1.63019257e-04,-3.26038514e-04,-4.89057771e-04
0.00000000e+00,-1.63345456e-04,-3.26690912e-04,-4.90036368e-04
0.00000000e+00,-1.64973178e-04,-3.29946357e-04,-4.94919535e-04
0.00000000e+00,-1.64094825e-04,-3.28189650e-04,-4.92284474e-04
0.00000000e+00,-1.64924540e-04,-3.29849081e-04,-4.94773621e-04
0.00000000e+00,-1.65061585e-04,-3.30123169e-04,-4.95184754e-04
0.00000000e+00,-1.66666666e-04,-3.33333333e-04,-4.99999999e-04
0.00000000e+00,-1.65829886e-04,-3.31659771e-04,-4.97489657e-04
0.00000000e+00,-1.66666666e-04,-3.33333333e-04,-4.99999999e-04
0.00000000e+00,-1.66666666e-04,-3.33333333e-04,-4.99999999e-04
0.00000000e+00,-1.61867555e-04,-3.23735111e-04,-4.85602666e-04
0.00000000e+00,-1.63595011e-04,-3.27190022e-04,-4.90785032e-04
0.00000000e+00,-1.61426905e-04,-3.22853809e-04,-4.84280714e-04
0.00000000e+00,-1.62130421e-04,-3.24260842e-04,-4.86391263e-04
0.00000000e+00,-1.62757812e-04,-3.25515625e-04,-4.88273437e-04
0.00000000e+00,-1.63345455e-04,-3.26690910e-04,-4.90036365e-04
0.00000000e+00,-1.63756424e-04,-3.27512848e-04,-4.91269273e-04
0.00000000e+00,-1.65168549e-04,-3.30337098e-04,-4.95505647e-04
0.00000000e+00,-1.64397019e-04,-3.28794038e-04,-4.93191057e-04
0.00000000e+00,-1.65061584e-04,-3.30123169e-04,-4.95184753e-04
0.00000000e+00,-1.65240069e-04,-3.30480139e-04,-4.95720208e-04
0.00000000e+00,-1.66666666e-04,-3.33333333e-04,-4.99999999e-04
0.00000000e+00,-1.65922288e-04,-3.31844577e-04,-4.97766865e-04
0.00000000e+00,-1.66666666e-04,-3.33333333e-04,-4.99999999e-04
0.00000000e+00,-1.66666666e-04,-3.33333333e-04,-4.99999999e-04
0.00000000e+00,-1.62841604e-04,-3.25683207e-04,-4.88524811e-04
0.00000000e+00,-1.64167404e-04,-3.28334807e-04,-4.92502211e-04
0.00000000e+00,-1.62342168e-04,-3.24684336e-04,-4.87026505e-04
0.00000000e+00,-1.63060631e-04,-3.26121262e-04,-4.89181893e-04
0.00000000e+00,-1.63508670e-04,-3.27017341e-04,-4.90526011e-04
0.00000000e+00,-1.63870331e-04,-3.27740661e-04,-4.91610992e-04
0.00000000e+00,-1.64287057e-04,-3.28574113e-04,-4.92861170e-04
0.00000000e+00,-1.65430422e-04,-3.30860844e-04,-4.96291265e-04
0.00000000e+00,-1.64805470e-04,-3.29610940e-04,-4.94416410e-04
0.00000000e+00,-1.65295636e-04,-3.30591273e-04,-4.95886909e-04
0.00000000e+00,-1.65487348e-04,-3.30974696e-04,-4.96462044e-04
0.00000000e+00,-1.66666666e-04,-3.33333333e-04,-4.99999999e-04
0.00000000e+00,-1.66050541e-04,-3.32101082e-04,-4.98151622e-04
0.00000000e+00,-1.66666666e-04,-3.33333333e-04,-4.99999999e-04
0.00000000e+00,-1.66666666e-04,-3.33333333e-04,-4.99999999e-04
0.00000000e+00,-1.60912331e-04,-3.21824662e-04,-4.82736993e-04
0.00000000e+00,-1.63019257e-04,-3.26038514e-04,-4.89057771e-04
0.00000000e+00,-1.64924540e-04,-3.29849080e-04,-4.94773620e-04
0.00000000e+00,-1.66666667e-04,-3.33333333e-04,-5.00000000e-04
0.00000000e+00,-1.61721001e-04,-3.23442002e-04,-4.85163003e-04
0.00000000e+00,-1.63491511e-04,-3.26983022e-04,-4.90474533e-04
0.00000000e+00,-1.65124252e-04,-3.30248503e-04,-4.95372755e-04
0.00000000e+00,-1.66666667e-04,-3.33333333e-04,-5.00000000e-04
0.00000000e+00,-1.62728333e-04,-3.25456666e-04,-4.88184999e-04
0.00000000e+00,-1.64082661e-04,-3.28165323e-04,-4.92247984e-04
0.00000000e+00,-1.65397163e-04,-3.30794325e-04,-4.96191488e-04
0.00000000e+00,-1.66666667e-04,-3.33333333e-04,-5.00000000e-04
0.00000000e+00,-1.68164785e-04,-3.36329570e-04,-5.04494355e-04
0.00000000e+00,-1.67902906e-04,-3.35805812e-04,-5.03708718e-04
0.00000000e+00,-1.67411045e-04,-3.34822090e-04,-5.02233135e-04
0.00000000e+00,-1.67282793e-04,-3.34565586e-04,-5.01848379e-04
0.00000000e+00,-1.68037694e-04,-3.36075388e-04,-5.04113082e-04
0.00000000e+00,-1.67936172e-04,-3.35872344e-04,-5.03808516e-04
0.00000000e+00,-1.68209080e-04,-3.36418160e-04,-5.04627240e-04
0.00000000e+00,-1.69738318e-04,-3.39476637e-04,-5.09214955e-04
0.00000000e+00,-1.69165924e-04,-3.38331848e-04,-5.07497772e-04
0.00000000e+00,-1.68936313e-04,-3.37872626e-04,-5.06808939e-04
0.00000000e+00,-1.68527857e-04,-3.37055715e-04,-5.05583572e-04
0.00000000e+00,-1.69462997e-04,-3.38925995e-04,-5.08388992e-04
0.00000000e+00,-1.69250667e-04,-3.38501335e-04,-5.07752002e-04
0.00000000e+00,-1.69841817e-04,-3.39683635e-04,-5.09525452e-04
0.00000000e+00,-1.71465767e-04,-3.42931534e-04,-5.14397301e-04
0.00000000e+00,-1.70491712e-04,-3.40983425e-04,-5.11475137e-04
0.00000000e+00,-1.70575512e-04,-3.41151023e-04,-5.11726535e-04
0.00000000e+00,-1.69824650e-04,-3.39649300e-04,-5.09473949e-04
0.00000000e+00,-1.70991166e-04,-3.41982333e-04,-5.12973499e-04
0.00000000e+00,-1.70604987e-04,-3.41209974e-04,-5.11814961e-04
0.00000000e+00,-1.71612324e-04,-3.43224648e-04,-5.14836973e-04
0.00000000e+00,-1.68360155e-04,-3.36720310e-04,-5.05080465e-04
0.00000000e+00,-1.67503448e-04,-3.35006895e-04,-5.02510343e-04
0.00000000e+00,-1.68271749e-04,-3.36543497e-04,-5.04815246e-04
0.00000000e+00,-1.68408793e-04,-3.36817586e-04,-5.05226379e-04
0.00000000e+00,-1.70159112e-04,-3.40318224e-04,-5.10477337e-04
0.00000000e+00,-1.69238509e-04,-3.38477017e-04,-5.07715526e-04
0.00000000e+00,-1.69987877e-04,-3.39975755e-04,-5.09963632e-04
0.00000000e+00,-1.70314076e-04,-3.40628152e-04,-5.10942229e-04
0.00000000e+00,-1.72351721e-04,-3.44703441e-04,-5.17055162e-04
0.00000000e+00,-1.71203826e-04,-3.42407651e-04,-5.13611477e-04
0.00000000e+00,-1.71906426e-04,-3.43812852e-04,-5.15719277e-04
0.00000000e+00,-1.72421005e-04,-3.44842009e-04,-5.17263014e-04
0.00000000e+00,-1.68420711e-04,-3.36841422e-04,-5.05262133e-04
0.00000000e+00,-1.67539206e-04,-3.35078412e-04,-5.02617618e-04
0.00000000e+00,-1.68408793e-04,-3.36817587e-04,-5.05226380e-04
0.00000000e+00,-1.68486129e-04,-3.36972257e-04,-5.05458386e-04
0.00000000e+00,-1.70378808e-04,-3.40757617e-04,-5.11136425e-04
0.00000000e+00,-1.69350681e-04,-3.38701362e-04,-5.08052044e-04
0.00000000e+00,-1.70314076e-04,-3.40628153e-04,-5.10942229e-04
0.00000000e+00,-1.70446615e-04,-3.40893230e-04,-5.11339845e-04
0.00000000e+00,-1.72515785e-04,-3.45031571e-04,-5.17547356e-04
0.00000000e+00,-1.71437192e-04,-3.42874384e-04,-5.14311575e-04
0.00000000e+00,-1.72421002e-04,-3.44842005e-04,-5.17263007e-04
0.00000000e+00,-1.72935257e-04,-3.45870515e-04,-5.18805772e-04
0.00000000e+00,-1.67998023e-04,-3.35996045e-04,-5.03994068e-04
0.00000000e+00,-1.67773067e-04,-3.35546135e-04,-5.03319202e-04
0.00000000e+00,-1.67329392e-04,-3.34658785e-04,-5.01988177e-04
0.00000000e+00,-1.67218977e-04,-3.34437953e-04,-5.01656930e-04
0.00000000e+00,-1.67890275e-04,-3.35780551e-04,-5.03670826e-04
0.00000000e+00,-1.67845985e-04,-3.35691970e-04,-5.03537955e-04
0.00000000e+00,-1.68093263e-04,-3.36186526e-04,-5.04279790e-04
0.00000000e+00,-1.69377433e-04,-3.38754866e-04,-5.08132299e-04
0.00000000e+00,-1.68888783e-04,-3.37777565e-04,-5.06666348e-04
0.00000000e+00,-1.68679911e-04,-3.37359821e-04,-5.06039732e-04
0.00000000e+00,-1.68329116e-04,-3.36658232e-04,-5.04987348e-04
0.00000000e+00,-1.69141884e-04,-3.38283769e-04,-5.07425653e-04
0.00000000e+00,-1.69046273e-04,-3.38092547e-04,-5.07138820e-04
0.00000000e+00,-1.69576906e-04,-3.39153812e-04,-5.08730718e-04
0.00000000e+00,-1.70841779e-04,-3.41683559e-04,-5.12525338e-04
0.00000000e+00,-1.70012252e-04,-3.40024504e-04,-5.10036756e-04
0.00000000e+00,-1.70095082e-04,-3.40190164e-04,-5.10285246e-04
0.00000000e+00,-1.69452058e-04,-3.38904116e-04,-5.08356175e-04
0.00000000e+00,-1.70437490e-04,-3.40874980e-04,-5.11312470e-04
0.00000000e+00,-1.70272690e-04,-3.40545380e-04,-5.10818070e-04
0.00000000e+00,-1.71202915e-04,-3.42405830e-04,-5.13608745e-04
0.00000000e+00,-1.68164784e-04,-3.36329569e-04,-5.04494353e-04
0.00000000e+00,-1.67411045e-04,-3.34822090e-04,-5.02233135e-04
0.00000000e+00,-1.68093264e-04,-3.36186528e-04,-5.04279791e-04
0.00000000e+00,-1.68271749e-04,-3.36543498e-04,-5.04815247e-04
0.00000000e+00,-1.69738323e-04,-3.39476645e-04,-5.09214968e-04
0.00000000e+00,-1.68936314e-04,-3.37872628e-04,-5.06808943e-04
0.00000000e+00,-1.69576909e-04,-3.39153818e-04,-5.08730727e-04
0.00000000e+00,-1.69987878e-04,-3.39975757e-04,-5.09963635e-04
0.00000000e+00,-1.71465778e-04,-3.42931556e-04,-5.14397334e-04
0.00000000e+00,-1.70575521e-04,-3.41151042e-04,-5.11726563e-04
0.00000000e+00,-1.71202912e-04,-3.42405825e-04,-5.13608737e-04
0.00000000e+00,-1.71906429e-04,-3.43812857e-04,-5.15719286e-04
0.00000000e+00,-1.68221017e-04,-3.36442035e-04,-5.04663052e-04
0.00000000e+00,-1.67436414e-04,-3.34872828e-04,-5.02309242e-04
0.00000000e+00,-1.68209082e-04,-3.36418163e-04,-5.04627245e-04
0.00000000e+00,-1.68340856e-04,-3.36681713e-04,-5.05022569e-04
0.00000000e+00,-1.69898836e-04,-3.39797673e-04,-5.09696509e-04
0.00000000e+00,-1.69047934e-04,-3.38095868e-04,-5.07143801e-04
0.00000000e+00,-1.69841822e-04,-3.39683645e-04,-5.09525467e-04
0.00000000e+00,-1.70125548e-04,-3.40251096e-04,-5.10376644e-04
0.00000000e+00,-1.71532087e-04,-3.43064173e-04,-5.14596260e-04
0.00000000e+00,-1.70678811e-04,-3.41357622e-04,-5.12036433e-04
0.00000000e+00,-1.71612332e-04,-3.43224665e-04,-5.14836997e-04
0.00000000e+00,-1.72307528e-04,-3.44615055e-04,-5.16922583e-04
0.00000000e+00,-1.67773070e-04,-3.35546139e-04,-5.03319209e-04
0.00000000e+00,-1.67593367e-04,-3.35186734e-04,-5.02780101e-04
0.00000000e+00,-1.67218976e-04,-3.34437951e-04,-5.01656927e-04
0.00000000e+00,-1.67130492e-04,-3.34260985e-04,-5.01391477e-04
0.00000000e+00,-1.67686665e-04,-3.35373331e-04,-5.03059996e-04
0.00000000e+00,-1.67686663e-04,-3.35373326e-04,-5.03059989e-04
0.00000000e+00,-1.67890277e-04,-3.35780553e-04,-5.03670830e-04
0.00000000e+00,-1.68888788e-04,-3.37777575e-04,-5.06666363e-04
0.00000000e+00,-1.68510126e-04,-3.37020252e-04,-5.05530379e-04
0.00000000e+00,-1.68329121e-04,-3.36658241e-04,-5.04987362e-04
0.00000000e+00,-1.68053859e-04,-3.36107719e-04,-5.04161578e-04
0.00000000e+00,-1.68706557e-04,-3.37413114e-04,-5.06119671e-04
0.00000000e+00,-1.68706553e-04,-3.37413105e-04,-5.06119658e-04
0.00000000e+00,-1.69141885e-04,-3.38283770e-04,-5.07425655e-04
0.00000000e+00,-1.70012252e-04,-3.40024504e-04,-5.10036756e-04
0.00000000e+00,-1.69399648e-04,-3.38799295e-04,-5.08198943e-04
0.00000000e+00,-1.69452057e-04,-3.38904114e-04,-5.08356172e-04
0.00000000e+00,-1.68961497e-04,-3.37922993e-04,-5.06884490e-04
0.00000000e+00,-1.69711215e-04,-3.39422430e-04,-5.09133645e-04
0.00000000e+00,-1.69711216e-04,-3.39422431e-04,-5.09133647e-04
0.00000000e+00,-1.70437504e-04,-3.40875008e-04,-5.11312512e-04
0.00000000e+00,-1.67902912e-04,-3.35805823e-04,-5.03708735e-04
0.00000000e+00,-1.67282793e-04,-3.34565585e-04,-5.01848378e-04
0.00000000e+00,-1.67845985e-04,-3.35691970e-04,-5.03537956e-04
0.00000000e+00,-1.68037697e-04,-3.36075394e-04,-5.04113091e-04
0.00000000e+00,-1.69165930e-04,-3.38331859e-04,-5.07497789e-04
0.00000000e+00,-1.68527863e-04,-3.37055726e-04,-5.05583590e-04
0.00000000e+00,-1.69046277e-04,-3.38092553e-04,-5.07138830e-04
0.00000000e+00,-1.69463003e-04,-3.38926005e-04,-5.08389008e-04
0.00000000e+00,-1.70491730e-04,-3.40983459e-04,-5.11475189e-04
0.00000000e+00,-1.69824663e-04,-3.39649326e-04,-5.09473989e-04
0.00000000e+00,-1.70272702e-04,-3.40545405e-04,-5.10818107e-04
0.00000000e+00,-1.70991165e-04,-3.41982330e-04,-5.12973495e-04
0.00000000e+00,-1.67949165e-04,-3.35898329e-04,-5.03847494e-04
0.00000000e+00,-1.67305518e-04,-3.34611035e-04,-5.01916553e-04
0.00000000e+00,-1.67936171e-04,-3.35872341e-04,-5.03808512e-04
0.00000000e+00,-1.68093813e-04,-3.36187627e-04,-5.04281440e-04
0.00000000e+00,-1.69269896e-04,-3.38539792e-04,-5.07809688e-04
0.00000000e+00,-1.68600948e-04,-3.37201896e-04,-5.05802843e-04
0.00000000e+00,-1.69250672e-04,-3.38501344e-04,-5.07752015e-04
0.00000000e+00,-1.69574894e-04,-3.39149788e-04,-5.08724681e-04
0.00000000e+00,-1.70698162e-04,-3.41396324e-04,-5.12094486e-04
0.00000000e+00,-1.69966399e-04,-3.39932799e-04,-5.09899198e-04
0.00000000e+00,-1.70605000e-04,-3.41210000e-04,-5.11815001e-04
0.00000000e+00,-1.71200099e-04,-3.42400197e-04,-5.13600296e-04
0.00000000e+00,-1.68164784e-04,-3.36329568e-04,-5.04494352e-04
0.00000000e+00,-1.67902911e-04,-3.35805822e-04,-5.03708734e-04
0.00000000e+00,-1.67411045e-04,-3.34822089e-04,-5.02233134e-04
0.00000000e+00,-1.67282792e-04,-3.34565584e-04,-5.01848377e-04
0.00000000e+00,-1.68209081e-04,-3.36418163e-04,-5.04627244e-04
0.00000000e+00,-1.68037697e-04,-3.36075393e-04,-5.04113090e-04
0.00000000e+00,-1.67936170e-04,-3.35872341e-04,-5.03808511e-04
0.00000000e+00,-1.69738322e-04,-3.39476645e-04,-5.09214967e-04
0.00000000e+00,-1.69165930e-04,-3.38331859e-04,-5.07497789e-04
0.00000000e+00,-1.68936314e-04,-3.37872628e-04,-5.06808942e-04
0.00000000e+00,-1.68527863e-04,-3.37055726e-04,-5.05583589e-04
0.00000000e+00,-1.69841822e-04,-3.39683645e-04,-5.09525467e-04
0.00000000e+00,-1.69463003e-04,-3.38926005e-04,-5.08389008e-04
0.00000000e+00,-1.69250672e-04,-3.38501344e-04,-5.07752015e-04
0.00000000e+00,-1.71465778e-04,-3.42931557e-04,-5.14397335e-04
0.00000000e+00,-1.70491730e-04,-3.40983459e-04,-5.11475189e-04
0.00000000e+00,-1.70575521e-04,-3.41151042e-04,-5.11726563e-04
0.00000000e+00,-1.69824663e-04,-3.39649326e-04,-5.09473989e-04
0.00000000e+00,-1.71612332e-04,-3.43224665e-04,-5.14836997e-04
0.00000000e+00,-1.70991166e-04,-3.41982331e-04,-5.12973497e-04
0.00000000e+00,-1.70605000e-04,-3.41210001e-04,-5.11815001e-04
0.00000000e+00,-1.67998022e-04,-3.35996044e-04,-5.03994066e-04
0.00000000e+00,-1.67773069e-04,-3.35546138e-04,-5.03319207e-04
0.00000000e+00,-1.67329392e-04,-3.34658783e-04,-5.01988175e-04
0.00000000e+00,-1.67218975e-04,-3.34437950e-04,-5.01656925e-04
0.00000000e+00,-1.68093263e-04,-3.36186527e-04,-5.04279790e-04
0.00000000e+00,-1.67890276e-04,-3.35780552e-04,-5.03670828e-04
0.00000000e+00,-1.67845985e-04,-3.35691969e-04,-5.03537954e-04
0.00000000e+00,-1.69377432e-04,-3.38754865e-04,-5.08132297e-04
0.00000000e+00,-1.68888787e-04,-3.37777574e-04,-5.06666361e-04
0.00000000e+00,-1.68679910e-04,-3.37359820e-04,-5.06039730e-04
0.00000000e+00,-1.68329120e-04,-3.36658240e-04,-5.04987360e-04
0.00000000e+00,-1.69576909e-04,-3.39153818e-04,-5.08730726e-04
0.00000000e+00,-1.69141885e-04,-3.38283769e-04,-5.07425654e-04
0.00000000e+00,-1.69046276e-04,-3.38092553e-04,-5.07138829e-04
0.00000000e+00,-1.70841779e-04,-3.41683559e-04,-5.12525338e-04
0.00000000e+00,-1.70012252e-04,-3.40024504e-04,-5.10036756e-04
0.00000000e+00,-1.70095082e-04,-3.40190164e-04,-5.10285245e-04
0.00000000e+00,-1.69452057e-04,-3.38904114e-04,-5.08356171e-04
0.00000000e+00,-1.71202913e-04,-3.42405825e-04,-5.13608738e-04
0.00000000e+00,-1.70437504e-04,-3.40875008e-04,-5.11312512e-04
0.00000000e+00,-1.70272703e-04,-3.40545405e-04,-5.10818108e-04
0.00000000e+00,-1.67773066e-04,-3.35546132e-04,-5.03319198e-04
0.00000000e+00,-1.67593366e-04,-3.35186732e-04,-5.02780097e-04
0.00000000e+00,-1.67218975e-04,-3.34437950e-04,-5.01656926e-04
0.00000000e+00,-1.67130491e-04,-3.34260982e-04,-5.01391473e-04
0.00000000e+00,-1.67890274e-04,-3.35780549e-04,-5.03670823e-04
0.00000000e+00,-1.67686662e-04,-3.35373324e-04,-5.03059985e-04
0.00000000e+00,-1.67686664e-04,-3.35373329e-04,-5.03059993e-04
0.00000000e+00,-1.68888781e-04,-3.37777563e-04,-5.06666344e-04
0.00000000e+00,-1.68510125e-04,-3.37020250e-04,-5.05530375e-04
0.00000000e+00,-1.68329115e-04,-3.36658229e-04,-5.04987344e-04
0.00000000e+00,-1.68053858e-04,-3.36107716e-04,-5.04161574e-04
0.00000000e+00,-1.69141883e-04,-3.38283767e-04,-5.07425650e-04
0.00000000e+00,-1.68706551e-04,-3.37413103e-04,-5.06119654e-04
0.00000000e+00,-1.68706556e-04,-3.37413112e-04,-5.06119669e-04
0.00000000e+00,-1.70012251e-04,-3.40024501e-04,-5.10036752e-04
0.00000000e+00,-1.69399646e-04,-3.38799293e-04,-5.08198939e-04
0.00000000e+00,-1.69452057e-04,-3.38904114e-04,-5.08356171e-04
0.00000000e+00,-1.68961495e-04,-3.37922991e-04,-5.06884486e-04
0.00000000e+00,-1.70437489e-04,-3.40874979e-04,-5.11312468e-04
0.00000000e+00,-1.69711214e-04,-3.39422429e-04,-5.09133643e-04
0.00000000e+00,-1.69711214e-04,-3.39422429e-04,-5.09133643e-04
0.00000000e+00,-1.68360154e-04,-3.36720309e-04,-5.05080463e-04
0.00000000e+00,-1.67503447e-04,-3.35006895e-04,-5.02510342e-04
0.00000000e+00,-1.68408793e-04,-3.36817586e-04,-5.05226379e-04
0.00000000e+00,-1.68271749e-04,-3.36543497e-04,-5.04815246e-04
0.00000000e+00,-1.70159112e-04,-3.40318224e-04,-5.10477336e-04
0.00000000e+00,-1.69238508e-04,-3.38477017e-04,-5.07715525e-04
0.00000000e+00,-1.70314076e-04,-3.40628153e-04,-5.10942229e-04
0.00000000e+00,-1.69987878e-04,-3.39975757e-04,-5.09963635e-04
0.00000000e+00,-1.72351721e-04,-3.44703441e-04,-5.17055162e-04
0.00000000e+00,-1.71203826e-04,-3.42407651e-04,-5.13611477e-04
0.00000000e+00,-1.72421002e-04,-3.44842005e-04,-5.17263007e-04
0.00000000e+00,-1.71906429e-04,-3.43812857e-04,-5.15719286e-04
0.00000000e+00,-1.68164784e-04,-3.36329569e-04,-5.04494353e-04
0.00000000e+00,-1.67411044e-04,-3.34822088e-04,-5.02233132e-04
0.00000000e+00,-1.68271748e-04,-3.36543496e-04,-5.04815244e-04
0.00000000e+00,-1.68093262e-04,-3.36186525e-04,-5.04279787e-04
0.00000000e+00,-1.69738318e-04,-3.39476635e-04,-5.09214953e-04
0.00000000e+00,-1.68936312e-04,-3.37872625e-04,-5.06808937e-04
0.00000000e+00,-1.69987877e-04,-3.39975754e-04,-5.09963631e-04
0.00000000e+00,-1.69576905e-04,-3.39153811e-04,-5.08730716e-04
0.00000000e+00,-1.71465767e-04,-3.42931534e-04,-5.14397301e-04
0.00000000e+00,-1.70575511e-04,-3.41151022e-04,-5.11726533e-04
0.00000000e+00,-1.71906426e-04,-3.43812851e-04,-5.15719277e-04
0.00000000e+00,-1.71202915e-04,-3.42405830e-04,-5.13608745e-04
0.00000000e+00,-1.67902905e-04,-3.35805810e-04,-5.03708714e-04
0.00000000e+00,-1.67282791e-04,-3.34565583e-04,-5.01848374e-04
0.00000000e+00,-1.68037693e-04,-3.36075386e-04,-5.04113079e-04
0.00000000e+00,-1.67845984e-04,-3.35691967e-04,-5.03537951e-04
0.00000000e+00,-1.69165923e-04,-3.38331845e-04,-5.07497768e-04
0.00000000e+00,-1.68527856e-04,-3.37055712e-04,-5.05583568e-04
0.00000000e+00,-1.69462996e-04,-3.38925993e-04,-5.08388989e-04
0.00000000e+00,-1.69046272e-04,-3.38092544e-04,-5.07138817e-04
0.00000000e+00,-1.70491711e-04,-3.40983422e-04,-5.11475134e-04
0.00000000e+00,-1.69824649e-04,-3.39649297e-04,-5.09473946e-04
0.00000000e+00,-1.70991166e-04,-3.41982331e-04,-5.12973497e-04
0.00000000e+00,-1.70272689e-04,-3.40545378e-04,-5.10818067e-04
0.00000000e+00,-1.68408792e-04,-3.36817585e-04,-5.05226377e-04
0.00000000e+00,-1.70314076e-04,-3.40628152e-04,-5.10942228e-04
0.00000000e+00,-1.72421005e-04,-3.44842010e-04,-5.17263014e-04
0.00000000e+00,-1.68209079e-04,-3.36418158e-04,-5.04627237e-04
0.00000000e+00,-1.69841817e-04,-3.39683634e-04,-5.09525450e-04
0.00000000e+00,-1.71612324e-04,-3.43224648e-04,-5.14836971e-04
0.00000000e+00,-1.67936171e-04,-3.35872341e-04,-5.03808512e-04
0.00000000e+00,-1.69250666e-04,-3.38501332e-04,-5.07751998e-04
0.00000000e+00,-1.70604986e-04,-3.41209972e-04,-5.11814957e-04
0.00000000e+00,-1.71138054e-04,-3.42276108e-04,-5.13414162e-04
0.00000000e+00,-1.69736153e-04,-3.39472306e-04,-5.09208459e-04
0.00000000e+00,-1.69036167e-04,-3.38072334e-04,-5.07108500e-04
0.00000000e+00,-1.69736149e-04,-3.39472297e-04,-5.09208446e-04
0.00000000e+00,-1.71117350e-04,-3.42234699e-04,-5.13352049e-04
0.00000000e+00,-1.69926788e-04,-3.39853576e-04,-5.09780364e-04
0.00000000e+00,-1.69239705e-04,-3.38479409e-04,-5.07719114e-04
0.00000000e+00,-1.69926796e-04,-3.39853593e-04,-5.09780389e-04
0.00000000e+00,-1.70400221e-04,-3.40800442e-04,-5.11200662e-04
0.00000000e+00,-1.69396523e-04,-3.38793046e-04,-5.08189569e-04
0.00000000e+00,-1.69396518e-04,-3.38793037e-04,-5.08189555e-04
0.00000000e+00,-1.70400194e-04,-3.40800387e-04,-5.11200581e-04
0.00000000e+00,-1.70499985e-04,-3.40999970e-04,-5.11499955e-04
0.00000000e+00,-1.69127119e-04,-3.38254238e-04,-5.07381356e-04
0.00000000e+00,-1.68599967e-04,-3.37199934e-04,-5.05799902e-04
0.00000000e+00,-1.69127208e-04,-3.38254416e-04,-5.07381624e-04
0.00000000e+00,-1.70883347e-04,-3.41766693e-04,-5.12650040e-04
0.00000000e+00,-1.69454624e-04,-3.38909249e-04,-5.08363873e-04
0.00000000e+00,-1.68820277e-04,-3.37640553e-04,-5.06460830e-04
0.00000000e+00,-1.69454627e-04,-3.38909255e-04,-5.08363882e-04
0.00000000e+00,-1.69805968e-04,-3.39611936e-04,-5.09417904e-04
0.00000000e+00,-1.68874552e-04,-3.37749104e-04,-5.06623656e-04
0.00000000e+00,-1.68874642e-04,-3.37749283e-04,-5.06623925e-04
0.00000000e+00,-1.69805895e-04,-3.39611789e-04,-5.09417684e-04
0.00000000e+00,-1.69539405e-04,-3.39078809e-04,-5.08618214e-04
0.00000000e+00,-1.68499591e-04,-3.36999182e-04,-5.05498773e-04
0.00000000e+00,-1.68185438e-04,-3.36370876e-04,-5.04556314e-04
0.00000000e+00,-1.68499527e-04,-3.36999054e-04,-5.05498581e-04
0.00000000e+00,-1.69878847e-04,-3.39757693e-04,-5.09636540e-04
0.00000000e+00,-1.68850508e-04,-3.37701016e-04,-5.06551524e-04
0.00000000e+00,-1.68362847e-04,-3.36725694e-04,-5.05088541e-04
0.00000000e+00,-1.68850491e-04,-3.37700982e-04,-5.06551473e-04
0.00000000e+00,-1.69051288e-04,-3.38102576e-04,-5.07153864e-04
0.00000000e+00,-1.68345162e-04,-3.36690323e-04,-5.05035485e-04
0.00000000e+00,-1.68345356e-04,-3.36690712e-04,-5.05036068e-04
0.00000000e+00,-1.69050744e-04,-3.38101488e-04,-5.07152232e-04
0.00000000e+00,-1.72607472e-04,-3.45214945e-04,-5.17822417e-04
0.00000000e+00,-1.70296982e-04,-3.40593963e-04,-5.10890945e-04
0.00000000e+00,-1.72215090e-04,-3.44430181e-04,-5.16645271e-04
0.00000000e+00,-1.70473542e-04,-3.40947084e-04,-5.11420626e-04
0.00000000e+00,-1.71893089e-04,-3.43786178e-04,-5.15679268e-04
0.00000000e+00,-1.70054871e-04,-3.40109741e-04,-5.10164612e-04
0.00000000e+00,-1.71337440e-04,-3.42674879e-04,-5.14012319e-04
0.00000000e+00,-1.71855437e-04,-3.43710875e-04,-5.15566312e-04
0.00000000e+00,-1.69743825e-04,-3.39487650e-04,-5.09231475e-04
0.00000000e+00,-1.72493462e-04,-3.44986923e-04,-5.17480385e-04
0.00000000e+00,-1.70017948e-04,-3.40035896e-04,-5.10053844e-04
0.00000000e+00,-1.71293698e-04,-3.42587396e-04,-5.13881094e-04
0.00000000e+00,-1.69445778e-04,-3.38891556e-04,-5.08337334e-04
0.00000000e+00,-1.70587102e-04,-3.41174205e-04,-5.11761307e-04
0.00000000e+00,-1.71557625e-04,-3.43115250e-04,-5.14672875e-04
0.00000000e+00,-1.68683382e-04,-3.37366763e-04,-5.06050145e-04
0.00000000e+00,-1.71966494e-04,-3.43932988e-04,-5.15899482e-04
0.00000000e+00,-1.69129751e-04,-3.38259503e-04,-5.07389254e-04
0.00000000e+00,-1.70177194e-04,-3.40354388e-04,-5.10531582e-04
0.00000000e+00,-1.68756947e-04,-3.37513895e-04,-5.06270842e-04
0.00000000e+00,-1.69927337e-04,-3.39854674e-04,-5.09782011e-04
0.00000000e+00,-1.73576963e-04,-3.47153927e-04,-5.20730890e-04
0.00000000e+00,-1.70397413e-04,-3.40794826e-04,-5.11192239e-04
0.00000000e+00,-1.72789191e-04,-3.45578382e-04,-5.18367574e-04
0.00000000e+00,-1.70694933e-04,-3.41389866e-04,-5.12084799e-04
0.00000000e+00,-1.73063903e-04,-3.46127806e-04,-5.19191708e-04
0.00000000e+00,-1.70482468e-04,-3.40964935e-04,-5.11447403e-04
0.00000000e+00,-1.71809710e-04,-3.43619421e-04,-5.15429131e-04
0.00000000e+00,-1.73038732e-04,-3.46077465e-04,-5.19116197e-04
0.00000000e+00,-1.69853080e-04,-3.39706161e-04,-5.09559241e-04
0.00000000e+00,-1.73060013e-04,-3.46120026e-04,-5.19180039e-04
0.00000000e+00,-1.70316262e-04,-3.40632524e-04,-5.10948785e-04
0.00000000e+00,-1.73238386e-04,-3.46476773e-04,-5.19715159e-04
0.00000000e+00,-1.69668339e-04,-3.39336679e-04,-5.09005018e-04
0.00000000e+00,-1.71089762e-04,-3.42179525e-04,-5.13269287e-04
0.00000000e+00,-1.73842017e-04,-3.47684034e-04,-5.21526050e-04
0.00000000e+00,-1.68582558e-04,-3.37165116e-04,-5.05747673e-04
0.00000000e+00,-1.72595294e-04,-3.45190588e-04,-5.17785882e-04
0.00000000e+00,-1.69406264e-04,-3.38812529e-04,-5.08218793e-04
0.00000000e+00,-1.70483131e-04,-3.40966261e-04,-5.11449392e-04
0.00000000e+00,-1.69167133e-04,-3.38334266e-04,-5.07501399e-04
0.00000000e+00,-1.70959777e-04,-3.41919555e-04,-5.12879332e-04
0.00000000e+00,-1.72607504e-04,-3.45215008e-04,-5.17822513e-04
0.00000000e+00,-1.70296937e-04,-3.40593875e-04,-5.10890812e-04
0.00000000e+00,-1.72215100e-04,-3.44430200e-04,-5.16645301e-04
0.00000000e+00,-1.70473520e-04,-3.40947041e-04,-5.11420561e-04
0.00000000e+00,-1.71337402e-04,-3.42674803e-04,-5.14012205e-04
0.00000000e+00,-1.70054849e-04,-3.40109698e-04,-5.10164547e-04
0.00000000e+00,-1.71893066e-04,-3.43786132e-04,-5.15679199e-04
0.00000000e+00,-1.71855167e-04,-3.43710334e-04,-5.15565501e-04
0.00000000e+00,-1.69743830e-04,-3.39487661e-04,-5.09231491e-04
0.00000000e+00,-1.72493306e-04,-3.44986611e-04,-5.17479917e-04
0.00000000e+00,-1.70017934e-04,-3.40035867e-04,-5.10053801e-04
0.00000000e+00,-1.70586819e-04,-3.41173638e-04,-5.11760458e-04
0.00000000e+00,-1.69445722e-04,-3.38891444e-04,-5.08337166e-04
0.00000000e+00,-1.71293952e-04,-3.42587905e-04,-5.13881857e-04
0.00000000e+00,-1.71559658e-04,-3.43119317e-04,-5.14678975e-04
0.00000000e+00,-1.68683070e-04,-3.37366140e-04,-5.06049211e-04
0.00000000e+00,-1.71967767e-04,-3.43935534e-04,-5.15903302e-04
0.00000000e+00,-1.69129640e-04,-3.38259280e-04,-5.07388921e-04
0.00000000e+00,-1.69931296e-04,-3.39862591e-04,-5.09793887e-04
0.00000000e+00,-1.68756805e-04,-3.37513610e-04,-5.06270415e-04
0.00000000e+00,-1.70179385e-04,-3.40358770e-04,-5.10538155e-04
0.00000000e+00,-1.75309411e-04,-3.50618822e-04,-5.25928232e-04
0.00000000e+00,-1.73856533e-04,-3.47713065e-04,-5.21569598e-04
0.00000000e+00,-1.74060070e-04,-3.48120141e-04,-5.22180211e-04
0.00000000e+00,-1.74060125e-04,-3.48120250e-04,-5.22180375e-04
0.00000000e+00,-1.78814064e-04,-3.57628128e-04,-5.36442191e-04
0.00000000e+00,-1.77378506e-04,-3.54757012e-04,-5.32135518e-04
0.00000000e+00,-1.74711000e-04,-3.49422001e-04,-5.24133001e-04
0.00000000e+00,-1.74710403e-04,-3.49420806e-04,-5.24131210e-04
0.00000000e+00,-1.70871576e-04,-3.41743151e-04,-5.12614727e-04
0.00000000e+00,-1.74119652e-04,-3.48239304e-04,-5.22358956e-04
0.00000000e+00,-1.71403820e-04,-3.42807640e-04,-5.14211460e-04
0.00000000e+00,-1.71406901e-04,-3.42813803e-04,-5.14220704e-04
0.00000000e+00,-1.77586153e-04,-3.55172306e-04,-5.32758458e-04
0.00000000e+00,-1.74628409e-04,-3.49256818e-04,-5.23885227e-04
0.00000000e+00,-1.77052664e-04,-3.54105327e-04,-5.31157991e-04
0.00000000e+00,-1.74844462e-04,-3.49688925e-04,-5.24533387e-04
0.00000000e+00,-1.79666598e-04,-3.59333196e-04,-5.38999795e-04
0.00000000e+00,-1.79791052e-04,-3.59582104e-04,-5.39373156e-04
0.00000000e+00,-1.78224904e-04,-3.56449807e-04,-5.34674711e-04
0.00000000e+00,-1.76473893e-04,-3.52947785e-04,-5.29421678e-04
0.00000000e+00,-1.73569720e-04,-3.47139440e-04,-5.20709160e-04
0.00000000e+00,-1.81316256e-04,-3.62632513e-04,-5.43948769e-04
0.00000000e+00,-1.83587947e-04,-3.67175894e-04,-5.50763841e-04
0.00000000e+00,-1.69727533e-04,-3.39455066e-04,-5.09182599e-04
0.00000000e+00,-1.73576775e-04,-3.47153549e-04,-5.20730324e-04
0.00000000e+00,-1.70397470e-04,-3.40794940e-04,-5.11192410e-04
0.00000000e+00,-1.72789144e-04,-3.45578287e-04,-5.18367431e-04
0.00000000e+00,-1.70694915e-04,-3.41389830e-04,-5.12084745e-04
0.00000000e+00,-1.71809641e-04,-3.43619282e-04,-5.15428922e-04
0.00000000e+00,-1.70482470e-04,-3.40964940e-04,-5.11447411e-04
0.00000000e+00,-1.73063843e-04,-3.46127687e-04,-5.19191530e-04
0.00000000e+00,-1.73038666e-04,-3.46077331e-04,-5.19115997e-04
0.00000000e+00,-1.69853100e-04,-3.39706201e-04,-5.09559301e-04
0.00000000e+00,-1.73059927e-04,-3.46119853e-04,-5.19179780e-04
0.00000000e+00,-1.70316299e-04,-3.40632599e-04,-5.10948898e-04
0.00000000e+00,-1.71090052e-04,-3.42180103e-04,-5.13270155e-04
0.00000000e+00,-1.69668405e-04,-3.39336810e-04,-5.09005215e-04
0.00000000e+00,-1.73238082e-04,-3.46476164e-04,-5.19714246e-04
0.00000000e+00,-1.73840885e-04,-3.47681770e-04,-5.21522655e-04
0.00000000e+00,-1.68582942e-04,-3.37165883e-04,-5.05748825e-04
0.00000000e+00,-1.72594356e-04,-3.45188713e-04,-5.17783069e-04
0.00000000e+00,-1.69406879e-04,-3.38813758e-04,-5.08220636e-04
0.00000000e+00,-1.70960657e-04,-3.41921315e-04,-5.12881972e-04
0.00000000e+00,-1.69167392e-04,-3.38334785e-04,-5.07502177e-04
0.00000000e+00,-1.70482317e-04,-3.40964634e-04,-5.11446951e-04
0.00000000e+00,-1.77586223e-04,-3.55172447e-04,-5.32758670e-04
0.00000000e+00,-1.74628412e-04,-3.49256824e-04,-5.23885236e-04
0.00000000e+00,-1.74844515e-04,-3.49689031e-04,-5.24533546e-04
0.00000000e+00,-1.77052624e-04,-3.54105248e-04,-5.31157871e-04
0.00000000e+00,-1.79666114e-04,-3.59332227e-04,-5.38998341e-04
0.00000000e+00,-1.79790921e-04,-3.59581842e-04,-5.39372762e-04
0.00000000e+00,-1.76472638e-04,-3.52945277e-04,-5.29417915e-04
0.00000000e+00,-1.78225164e-04,-3.56450328e-04,-5.34675492e-04
0.00000000e+00,-1.73568674e-04,-3.47137348e-04,-5.20706022e-04
0.00000000e+00,-1.81314913e-04,-3.62629827e-04,-5.43944740e-04
0.00000000e+00,-1.69727881e-04,-3.39455762e-04,-5.09183643e-04
0.00000000e+00,-1.83590005e-04,-3.67180009e-04,-5.50770014e-04
0.00000000e+00,-1.79596053e-04,-3.59192106e-04,-5.38788159e-04
0.00000000e+00,-1.76342887e-04,-3.52685775e-04,-5.29028662e-04
0.00000000e+00,-1.78354705e-04,-3.56709410e-04,-5.35064115e-04
0.00000000e+00,-1.78354764e-04,-3.56709528e-04,-5.35064292e-04
0.00000000e+00,-1.89645111e-04,-3.79290222e-04,-5.68935333e-04
0.00000000e+00,-1.80692712e-04,-3.61385424e-04,-5.42078136e-04
0.00000000e+00,-1.91757756e-04,-3.83515511e-04,-5.75273267e-04
0.00000000e+00,-1.91757352e-04,-3.83514703e-04,-5.75272055e-04
0.00000000e+00,-3.33333333e-04,-6.66666667e-04,-1.00000000e-03
0.00000000e+00,-2.54579554e-04,-5.09159107e-04,-7.63738661e-04
0.00000000e+00,-2.11297033e-04,-4.22594066e-04,-6.33891099e-04
0.00000000e+00,-2.11295914e-04,-4.22591827e-04,-6.33887741e-04
0.00000000e+00,-1.75309410e-04,-3.50618821e-04,-5.25928231e-04
0.00000000e+00,-1.77586224e-04,-3.55172448e-04,-5.32758671e-04
0.00000000e+00,-1.73856532e-04,-3.47713064e-04,-5.21569597e-04
0.00000000e+00,-1.74628412e-04,-3.49256824e-04,-5.23885237e-04
0.00000000e+00,-1.77052663e-04,-3.54105327e-04,-5.31157990e-04
0.00000000e+00,-1.77052624e-04,-3.54105248e-04,-5.31157871e-04
0.00000000e+00,-1.78354706e-04,-3.56709411e-04,-5.35064117e-04
0.00000000e+00,-1.78814063e-04,-3.57628126e-04,-5.36442189e-04
0.00000000e+00,-1.79666115e-04,-3.59332230e-04,-5.38998344e-04
0.00000000e+00,-1.77378505e-04,-3.54757011e-04,-5.32135516e-04
0.00000000e+00,-1.79790922e-04,-3.59581844e-04,-5.39372766e-04
0.00000000e+00,-1.78224903e-04,-3.56449806e-04,-5.34674710e-04
0.00000000e+00,-1.78225163e-04,-3.56450326e-04,-5.34675490e-04
0.00000000e+00,-1.91757756e-04,-3.83515511e-04,-5.75273267e-04
0.00000000e+00,-1.70871574e-04,-3.41743147e-04,-5.12614721e-04
0.00000000e+00,-1.73568678e-04,-3.47137356e-04,-5.20706033e-04
0.00000000e+00,-1.74119651e-04,-3.48239302e-04,-5.22358953e-04
0.00000000e+00,-1.81314914e-04,-3.62629827e-04,-5.43944741e-04
0.00000000e+00,-1.83587947e-04,-3.67175895e-04,-5.50763842e-04
0.00000000e+00,-1.83590006e-04,-3.67180012e-04,-5.50770018e-04
0.00000000e+00,-2.11297028e-04,-4.22594056e-04,-6.33891083e-04
0.00000000e+00,-1.72607503e-04,-3.45215006e-04,-5.17822509e-04
0.00000000e+00,-1.73576774e-04,-3.47153548e-04,-5.20730322e-04
0.00000000e+00,-1.72215099e-04,-3.44430199e-04,-5.16645298e-04
0.00000000e+00,-1.72789143e-04,-3.45578286e-04,-5.18367429e-04
0.00000000e+00,-1.74060070e-04,-3.48120140e-04,-5.22180209e-04
0.00000000e+00,-1.73063842e-04,-3.46127685e-04,-5.19191527e-04
0.00000000e+00,-1.74844515e-04,-3.49689030e-04,-5.24533545e-04
0.00000000e+00,-1.71855166e-04,-3.43710331e-04,-5.15565497e-04
0.00000000e+00,-1.73038662e-04,-3.46077325e-04,-5.19115987e-04
0.00000000e+00,-1.72493304e-04,-3.44986609e-04,-5.17479913e-04
0.00000000e+00,-1.73059925e-04,-3.46119850e-04,-5.19179774e-04
0.00000000e+00,-1.74710999e-04,-3.49421998e-04,-5.24132997e-04
0.00000000e+00,-1.73238080e-04,-3.46476160e-04,-5.19714240e-04
0.00000000e+00,-1.76472639e-04,-3.52945278e-04,-5.29417918e-04
0.00000000e+00,-1.71559656e-04,-3.43119313e-04,-5.14678969e-04
0.00000000e+00,-1.73840882e-04,-3.47681764e-04,-5.21522646e-04
0.00000000e+00,-1.71967765e-04,-3.43935531e-04,-5.15903296e-04
0.00000000e+00,-1.72594354e-04,-3.45188708e-04,-5.17783063e-04
0.00000000e+00,-1.71403819e-04,-3.42807637e-04,-5.14211456e-04
0.00000000e+00,-1.70482315e-04,-3.40964630e-04,-5.11446945e-04
0.00000000e+00,-1.69727879e-04,-3.39455758e-04,-5.09183637e-04
0.00000000e+00,-1.70296935e-04,-3.40593871e-04,-5.10890806e-04
0.00000000e+00,-1.70397468e-04,-3.40794936e-04,-5.11192404e-04
0.00000000e+00,-1.70473519e-04,-3.40947037e-04,-5.11420556e-04
0.00000000e+00,-1.70694913e-04,-3.41389827e-04,-5.12084740e-04
0.00000000e+00,-1.71337400e-04,-3.42674800e-04,-5.14012201e-04
0.00000000e+00,-1.70482468e-04,-3.40964936e-04,-5.11447405e-04
0.00000000e+00,-1.71809639e-04,-3.43619279e-04,-5.15428918e-04
0.00000000e+00,-1.69743828e-04,-3.39487655e-04,-5.09231483e-04
0.00000000e+00,-1.69853098e-04,-3.39706196e-04,-5.09559294e-04
0.00000000e+00,-1.70017931e-04,-3.40035863e-04,-5.10053794e-04
0.00000000e+00,-1.70316297e-04,-3.40632594e-04,-5.10948891e-04
0.00000000e+00,-1.70586817e-04,-3.41173634e-04,-5.11760451e-04
0.00000000e+00,-1.69668402e-04,-3.39336805e-04,-5.09005207e-04
0.00000000e+00,-1.71090049e-04,-3.42180098e-04,-5.13270147e-04
0.00000000e+00,-1.68683067e-04,-3.37366134e-04,-5.06049202e-04
0.00000000e+00,-1.68582939e-04,-3.37165877e-04,-5.05748816e-04
0.00000000e+00,-1.69129637e-04,-3.38259275e-04,-5.07388912e-04
0.00000000e+00,-1.69406876e-04,-3.38813751e-04,-5.08220627e-04
0.00000000e+00,-1.69931293e-04,-3.39862586e-04,-5.09793879e-04
0.00000000e+00,-1.69167389e-04,-3.38334778e-04,-5.07502167e-04
0.00000000e+00,-1.70960654e-04,-3.41921308e-04,-5.12881962e-04
0.00000000e+00,-1.72607472e-04,-3.45214944e-04,-5.17822416e-04
0.00000000e+00,-1.72215090e-04,-3.44430180e-04,-5.16645269e-04
0.00000000e+00,-1.73063903e-04,-3.46127805e-04,-5.19191708e-04
0.00000000e+00,-1.74060124e-04,-3.48120249e-04,-5.22180373e-04
0.00000000e+00,-1.71855437e-04,-3.43710874e-04,-5.15566310e-04
0.00000000e+00,-1.72493461e-04,-3.44986922e-04,-5.17480383e-04
0.00000000e+00,-1.73238386e-04,-3.46476772e-04,-5.19715158e-04
0.00000000e+00,-1.74710403e-04,-3.49420805e-04,-5.24131208e-04
0.00000000e+00,-1.71557624e-04,-3.43115249e-04,-5.14672873e-04
0.00000000e+00,-1.71966493e-04,-3.43932987e-04,-5.15899480e-04
0.00000000e+00,-1.70483130e-04,-3.40966260e-04,-5.11449390e-04
0.00000000e+00,-1.71406900e-04,-3.42813800e-04,-5.14220700e-04
0.00000000e+00,-1.71138053e-04,-3.42276105e-04,-5.13414158e-04
0.00000000e+00,-1.71117349e-04,-3.42234697e-04,-5.13352046e-04
0.00000000e+00,-1.71893088e-04,-3.43786177e-04,-5.15679265e-04
0.00000000e+00,-1.71893065e-04,-3.43786130e-04,-5.15679195e-04
0.00000000e+00,-1.70499983e-04,-3.40999967e-04,-5.11499950e-04
0.00000000e+00,-1.70883345e-04,-3.41766691e-04,-5.12650036e-04
0.00000000e+00,-1.71293697e-04,-3.42587394e-04,-5.13881091e-04
0.00000000e+00,-1.71293951e-04,-3.42587902e-04,-5.13881852e-04
0.00000000e+00,-1.69539403e-04,-3.39078806e-04,-5.08618209e-04
0.00000000e+00,-1.69878845e-04,-3.39757690e-04,-5.09636535e-04
0.00000000e+00,-1.70177192e-04,-3.40354385e-04,-5.10531577e-04
0.00000000e+00,-1.70179383e-04,-3.40358766e-04,-5.10538149e-04
0.00000000e+00,-1.69736151e-04,-3.39472302e-04,-5.09208454e-04
0.00000000e+00,-1.69926786e-04,-3.39853573e-04,-5.09780359e-04
0.00000000e+00,-1.70400219e-04,-3.40800438e-04,-5.11200658e-04
0.00000000e+00,-1.70054847e-04,-3.40109694e-04,-5.10164541e-04
0.00000000e+00,-1.69127116e-04,-3.38254233e-04,-5.07381349e-04
0.00000000e+00,-1.69454622e-04,-3.38909244e-04,-5.08363867e-04
0.00000000e+00,-1.69805966e-04,-3.39611932e-04,-5.09417899e-04
0.00000000e+00,-1.69445720e-04,-3.38891439e-04,-5.08337159e-04
0.00000000e+00,-1.68499588e-04,-3.36999177e-04,-5.05498765e-04
0.00000000e+00,-1.68850505e-04,-3.37701011e-04,-5.06551516e-04
0.00000000e+00,-1.69051286e-04,-3.38102571e-04,-5.07153857e-04
0.00000000e+00,-1.68756802e-04,-3.37513604e-04,-5.06270407e-04
0.00000000e+00,-1.70296981e-04,-3.40593962e-04,-5.10890943e-04
0.00000000e+00,-1.70473542e-04,-3.40947083e-04,-5.11420625e-04
0.00000000e+00,-1.70482467e-04,-3.40964935e-04,-5.11447402e-04
0.00000000e+00,-1.71337439e-04,-3.42674878e-04,-5.14012317e-04
0.00000000e+00,-1.69743824e-04,-3.39487648e-04,-5.09231473e-04
0.00000000e+00,-1.70017947e-04,-3.40035895e-04,-5.10053842e-04
0.00000000e+00,-1.69668339e-04,-3.39336678e-04,-5.09005017e-04
0.00000000e+00,-1.70587102e-04,-3.41174203e-04,-5.11761305e-04
0.00000000e+00,-1.68683381e-04,-3.37366761e-04,-5.06050142e-04
0.00000000e+00,-1.69129751e-04,-3.38259501e-04,-5.07389252e-04
0.00000000e+00,-1.69167133e-04,-3.38334265e-04,-5.07501398e-04
0.00000000e+00,-1.69927336e-04,-3.39854673e-04,-5.09782009e-04
0.00000000e+00,-1.69736147e-04,-3.39472295e-04,-5.09208442e-04
0.00000000e+00,-1.69926795e-04,-3.39853591e-04,-5.09780386e-04
0.00000000e+00,-1.70054870e-04,-3.40109739e-04,-5.10164609e-04
0.00000000e+00,-1.70400192e-04,-3.40800385e-04,-5.11200577e-04
0.00000000e+00,-1.69127206e-04,-3.38254413e-04,-5.07381619e-04
0.00000000e+00,-1.69454626e-04,-3.38909252e-04,-5.08363879e-04
0.00000000e+00,-1.69445777e-04,-3.38891554e-04,-5.08337331e-04
0.00000000e+00,-1.69805893e-04,-3.39611786e-04,-5.09417679e-04
0.00000000e+00,-1.68499525e-04,-3.36999051e-04,-5.05498576e-04
0.00000000e+00,-1.68850489e-04,-3.37700979e-04,-5.06551468e-04
0.00000000e+00,-1.68756946e-04,-3.37513892e-04,-5.06270839e-04
0.00000000e+00,-1.69050742e-04,-3.38101484e-04,-5.07152226e-04
0.00000000e+00,-1.69036165e-04,-3.38072330e-04,-5.07108495e-04
0.00000000e+00,-1.69239703e-04,-3.38479406e-04,-5.07719109e-04
0.00000000e+00,-1.69396517e-04,-3.38793034e-04,-5.08189551e-04
0.00000000e+00,-1.69396521e-04,-3.38793043e-04,-5.08189564e-04
0.00000000e+00,-1.68599965e-04,-3.37199930e-04,-5.05799895e-04
0.00000000e+00,-1.68820275e-04,-3.37640549e-04,-5.06460824e-04
0.00000000e+00,-1.68874640e-04,-3.37749280e-04,-5.06623919e-04
0.00000000e+00,-1.68874550e-04,-3.37749100e-04,-5.06623650e-04
0.00000000e+00,-1.68185435e-04,-3.36370871e-04,-5.04556306e-04
0.00000000e+00,-1.68362845e-04,-3.36725689e-04,-5.05088534e-04
0.00000000e+00,-1.68345354e-04,-3.36690708e-04,-5.05036061e-04
0.00000000e+00,-1.68345159e-04,-3.36690318e-04,-5.05035477e-04
0.00000000e+00,-1.72607505e-04,-3.45215011e-04,-5.17822516e-04
0.00000000e+00,-1.70296938e-04,-3.40593875e-04,-5.10890813e-04
0.00000000e+00,-1.72215100e-04,-3.44430200e-04,-5.16645300e-04
0.00000000e+00,-1.70473521e-04,-3.40947041e-04,-5.11420562e-04
0.00000000e+00,-1.71337402e-04,-3.42674804e-04,-5.14012206e-04
0.00000000e+00,-1.70482470e-04,-3.40964941e-04,-5.11447411e-04
0.00000000e+00,-1.73063844e-04,-3.46127688e-04,-5.19191532e-04
0.00000000e+00,-1.71855167e-04,-3.43710334e-04,-5.15565501e-04
0.00000000e+00,-1.69743832e-04,-3.39487664e-04,-5.09231496e-04
0.00000000e+00,-1.72493305e-04,-3.44986610e-04,-5.17479915e-04
0.00000000e+00,-1.70017935e-04,-3.40035869e-04,-5.10053804e-04
0.00000000e+00,-1.70586821e-04,-3.41173641e-04,-5.11760462e-04
0.00000000e+00,-1.69668406e-04,-3.39336812e-04,-5.09005218e-04
0.00000000e+00,-1.73238082e-04,-3.46476163e-04,-5.19714245e-04
0.00000000e+00,-1.71559668e-04,-3.43119337e-04,-5.14679005e-04
0.00000000e+00,-1.68683070e-04,-3.37366140e-04,-5.06049210e-04
0.00000000e+00,-1.71967776e-04,-3.43935552e-04,-5.15903328e-04
0.00000000e+00,-1.69129640e-04,-3.38259281e-04,-5.07388921e-04
0.00000000e+00,-1.69931298e-04,-3.39862597e-04,-5.09793895e-04
0.00000000e+00,-1.69167393e-04,-3.38334786e-04,-5.07502179e-04
0.00000000e+00,-1.70482318e-04,-3.40964636e-04,-5.11446955e-04
0.00000000e+00,-1.75309408e-04,-3.50618815e-04,-5.25928223e-04
0.00000000e+00,-1.73856531e-04,-3.47713063e-04,-5.21569594e-04
0.00000000e+00,-1.74060068e-04,-3.48120136e-04,-5.22180205e-04
0.00000000e+00,-1.77052622e-04,-3.54105245e-04,-5.31157867e-04
0.00000000e+00,-1.78814047e-04,-3.57628094e-04,-5.36442141e-04
0.00000000e+00,-1.77378499e-04,-3.54756998e-04,-5.32135496e-04
0.00000000e+00,-1.74711003e-04,-3.49422006e-04,-5.24133008e-04
0.00000000e+00,-1.78225158e-04,-3.56450316e-04,-5.34675474e-04
0.00000000e+00,-1.70871583e-04,-3.41743166e-04,-5.12614749e-04
0.00000000e+00,-1.74119642e-04,-3.48239284e-04,-5.22358925e-04
0.00000000e+00,-1.71403822e-04,-3.42807645e-04,-5.14211467e-04
0.00000000e+00,-1.83590017e-04,-3.67180035e-04,-5.50770052e-04
0.00000000e+00,-1.77586151e-04,-3.55172303e-04,-5.32758454e-04
0.00000000e+00,-1.74628408e-04,-3.49256817e-04,-5.23885225e-04
0.00000000e+00,-1.77052661e-04,-3.54105323e-04,-5.31157984e-04
0.00000000e+00,-1.78354763e-04,-3.56709526e-04,-5.35064290e-04
0.00000000e+00,-1.79666601e-04,-3.59333201e-04,-5.38999802e-04
0.00000000e+00,-1.79791051e-04,-3.59582101e-04,-5.39373152e-04
0.00000000e+00,-1.78224891e-04,-3.56449782e-04,-5.34674674e-04
0.00000000e+00,-1.91757351e-04,-3.83514702e-04,-5.75272053e-04
0.00000000e+00,-1.73569734e-04,-3.47139469e-04,-5.20709203e-04
0.00000000e+00,-1.81316271e-04,-3.62632543e-04,-5.43948814e-04
0.00000000e+00,-1.83587910e-04,-3.67175820e-04,-5.50763729e-04
0.00000000e+00,-2.11295920e-04,-4.22591839e-04,-6.33887759e-04
0.00000000e+00,-1.71138054e-04,-3.42276109e-04,-5.13414163e-04
0.00000000e+00,-1.69736154e-04,-3.39472307e-04,-5.09208461e-04
0.00000000e+00,-1.71117349e-04,-3.42234698e-04,-5.13352048e-04
0.00000000e+00,-1.69926788e-04,-3.39853577e-04,-5.09780365e-04
0.00000000e+00,-1.70400221e-04,-3.40800443e-04,-5.11200664e-04
0.00000000e+00,-1.70054850e-04,-3.40109700e-04,-5.10164550e-04
0.00000000e+00,-1.71893066e-04,-3.43786133e-04,-5.15679199e-04
0.00000000e+00,-1.70499985e-04,-3.40999969e-04,-5.11499954e-04
0.00000000e+00,-1.69127121e-04,-3.38254242e-04,-5.07381363e-04
0.00000000e+00,-1.70883346e-04,-3.41766693e-04,-5.12650039e-04
0.00000000e+00,-1.69454626e-04,-3.38909252e-04,-5.08363877e-04
0.00000000e+00,-1.69805970e-04,-3.39611939e-04,-5.09417909e-04
0.00000000e+00,-1.69445723e-04,-3.38891446e-04,-5.08337170e-04
0.00000000e+00,-1.71293956e-04,-3.42587913e-04,-5.13881869e-04
0.00000000e+00,-1.69539414e-04,-3.39078828e-04,-5.08618242e-04
0.00000000e+00,-1.68499591e-04,-3.36999182e-04,-5.05498772e-04
0.00000000e+00,-1.69878853e-04,-3.39757706e-04,-5.09636559e-04
0.00000000e+00,-1.68850509e-04,-3.37701017e-04,-5.06551526e-04
0.00000000e+00,-1.69051292e-04,-3.38102583e-04,-5.07153875e-04
0.00000000e+00,-1.68756807e-04,-3.37513614e-04,-5.06270421e-04
0.00000000e+00,-1.70179387e-04,-3.40358773e-04,-5.10538160e-04
0.00000000e+00,-1.72607469e-04,-3.45214939e-04,-5.17822408e-04
0.00000000e+00,-1.72215089e-04,-3.44430177e-04,-5.16645266e-04
0.00000000e+00,-1.71893087e-04,-3.43786175e-04,-5.15679262e-04
0.00000000e+00,-1.74060122e-04,-3.48120244e-04,-5.22180367e-04
0.00000000e+00,-1.71855436e-04,-3.43710872e-04,-5.15566308e-04
0.00000000e+00,-1.72493459e-04,-3.44986918e-04,-5.17480377e-04
0.00000000e+00,-1.71293700e-04,-3.42587400e-04,-5.13881100e-04
0.00000000e+00,-1.74710383e-04,-3.49420766e-04,-5.24131148e-04
0.00000000e+00,-1.71557605e-04,-3.43115211e-04,-5.14672816e-04
0.00000000e+00,-1.71966484e-04,-3.43932968e-04,-5.15899452e-04
0.00000000e+00,-1.70177190e-04,-3.40354379e-04,-5.10531569e-04
0.00000000e+00,-1.71407013e-04,-3.42814026e-04,-5.14221040e-04
0.00000000e+00,-1.73576963e-04,-3.47153926e-04,-5.20730890e-04
0.00000000e+00,-1.72789191e-04,-3.45578381e-04,-5.18367572e-04
0.00000000e+00,-1.73063901e-04,-3.46127802e-04,-5.19191703e-04
0.00000000e+00,-1.74844461e-04,-3.49688921e-04,-5.24533382e-04
0.00000000e+00,-1.73038732e-04,-3.46077464e-04,-5.19116195e-04
0.00000000e+00,-1.73060012e-04,-3.46120025e-04,-5.19180037e-04
0.00000000e+00,-1.73238384e-04,-3.46476769e-04,-5.19715153e-04
0.00000000e+00,-1.76473901e-04,-3.52947802e-04,-5.29421702e-04
0.00000000e+00,-1.73842028e-04,-3.47684056e-04,-5.21526084e-04
0.00000000e+00,-1.72595306e-04,-3.45190611e-04,-5.17785917e-04
0.00000000e+00,-1.70483113e-04,-3.40966226e-04,-5.11449338e-04
0.00000000e+00,-1.69727531e-04,-3.39455063e-04,-5.09182594e-04
0.00000000e+00,-1.69736148e-04,-3.39472296e-04,-5.09208444e-04
0.00000000e+00,-1.69036167e-04,-3.38072334e-04,-5.07108501e-04
0.00000000e+00,-1.69926796e-04,-3.39853592e-04,-5.09780388e-04
0.00000000e+00,-1.69239705e-04,-3.38479409e-04,-5.07719114e-04
0.00000000e+00,-1.69396518e-04,-3.38793037e-04,-5.08189555e-04
0.00000000e+00,-1.69396524e-04,-3.38793047e-04,-5.08189571e-04
0.00000000e+00,-1.70400193e-04,-3.40800387e-04,-5.11200580e-04
0.00000000e+00,-1.69127208e-04,-3.38254416e-04,-5.07381623e-04
0.00000000e+00,-1.68599968e-04,-3.37199936e-04,-5.05799904e-04
0.00000000e+00,-1.69454627e-04,-3.38909254e-04,-5.08363881e-04
0.00000000e+00,-1.68820277e-04,-3.37640554e-04,-5.06460832e-04
0.00000000e+00,-1.68874642e-04,-3.37749284e-04,-5.06623926e-04
0.00000000e+00,-1.68874553e-04,-3.37749106e-04,-5.06623660e-04
0.00000000e+00,-1.69805895e-04,-3.39611790e-04,-5.09417685e-04
0.00000000e+00,-1.68499527e-04,-3.36999055e-04,-5.05498582e-04
0.00000000e+00,-1.68185438e-04,-3.36370875e-04,-5.04556313e-04
0.00000000e+00,-1.68850491e-04,-3.37700982e-04,-5.06551472e-04
0.00000000e+00,-1.68362847e-04,-3.36725695e-04,-5.05088542e-04
0.00000000e+00,-1.68345357e-04,-3.36690713e-04,-5.05036070e-04
0.00000000e+00,-1.68345163e-04,-3.36690325e-04,-5.05035488e-04
0.00000000e+00,-1.69050745e-04,-3.38101489e-04,-5.07152234e-04
0.00000000e+00,-1.70296980e-04,-3.40593959e-04,-5.10890939e-04
0.00000000e+00,-1.70473541e-04,-3.40947082e-04,-5.11420623e-04
0.00000000e+00,-1.70054869e-04,-3.40109739e-04,-5.10164608e-04
0.00000000e+00,-1.71337438e-04,-3.42674877e-04,-5.14012315e-04
0.00000000e+00,-1.69743824e-04,-3.39487648e-04,-5.09231472e-04
0.00000000e+00,-1.70017947e-04,-3.40035893e-04,-5.10053840e-04
0.00000000e+00,-1.69445777e-04,-3.38891553e-04,-5.08337330e-04
0.00000000e+00,-1.70587098e-04,-3.41174197e-04,-5.11761295e-04
0.00000000e+00,-1.68683378e-04,-3.37366757e-04,-5.06050135e-04
0.00000000e+00,-1.69129748e-04,-3.38259496e-04,-5.07389245e-04
0.00000000e+00,-1.68756946e-04,-3.37513892e-04,-5.06270838e-04
0.00000000e+00,-1.69927333e-04,-3.39854666e-04,-5.09781999e-04
0.00000000e+00,-1.70397413e-04,-3.40794825e-04,-5.11192238e-04
0.00000000e+00,-1.70694932e-04,-3.41389865e-04,-5.12084797e-04
0.00000000e+00,-1.70482466e-04,-3.40964933e-04,-5.11447399e-04
0.00000000e+00,-1.71809709e-04,-3.43619419e-04,-5.15429128e-04
0.00000000e+00,-1.69853080e-04,-3.39706161e-04,-5.09559241e-04
0.00000000e+00,-1.70316261e-04,-3.40632522e-04,-5.10948784e-04
0.00000000e+00,-1.69668338e-04,-3.39336676e-04,-5.09005015e-04
0.00000000e+00,-1.71089763e-04,-3.42179525e-04,-5.13269288e-04
0.00000000e+00,-1.68582557e-04,-3.37165114e-04,-5.05747671e-04
0.00000000e+00,-1.69406263e-04,-3.38812525e-04,-5.08218788e-04
0.00000000e+00,-1.69167133e-04,-3.38334266e-04,-5.07501399e-04
0.00000000e+00,-1.70959777e-04,-3.41919555e-04,-5.12879332e-04
0.00000000e+00,-1.72607472e-04,-3.45214945e-04,-5.17822417e-04
0.00000000e+00,-1.70296981e-04,-3.40593963e-04,-5.10890944e-04
0.00000000e+00,-1.72215090e-04,-3.44430180e-04,-5.16645270e-04
0.00000000e+00,-1.70473542e-04,-3.40947083e-04,-5.11420625e-04
0.00000000e+00,-1.73063903e-04,-3.46127806e-04,-5.19191709e-04
0.00000000e+00,-1.71337440e-04,-3.42674879e-04,-5.14012319e-04
0.00000000e+00,-1.70482467e-04,-3.40964935e-04,-5.11447402e-04
0.00000000e+00,-1.71855440e-04,-3.43710880e-04,-5.15566321e-04
0.00000000e+00,-1.69743825e-04,-3.39487649e-04,-5.09231474e-04
0.00000000e+00,-1.72493463e-04,-3.44986926e-04,-5.17480389e-04
0.00000000e+00,-1.70017948e-04,-3.40035896e-04,-5.10053843e-04
0.00000000e+00,-1.73238387e-04,-3.46476774e-04,-5.19715161e-04
0.00000000e+00,-1.70587103e-04,-3.41174206e-04,-5.11761309e-04
0.00000000e+00,-1.69668340e-04,-3.39336679e-04,-5.09005019e-04
0.00000000e+00,-1.71557624e-04,-3.43115249e-04,-5.14672873e-04
0.00000000e+00,-1.68683380e-04,-3.37366761e-04,-5.06050141e-04
0.00000000e+00,-1.71966494e-04,-3.43932988e-04,-5.15899481e-04
0.00000000e+00,-1.69129751e-04,-3.38259502e-04,-5.07389253e-04
0.00000000e+00,-1.70483134e-04,-3.40966269e-04,-5.11449403e-04
0.00000000e+00,-1.69927338e-04,-3.39854675e-04,-5.09782013e-04
0.00000000e+00,-1.69167133e-04,-3.38334267e-04,-5.07501400e-04
0.00000000e+00,-1.71138053e-04,-3.42276107e-04,-5.13414160e-04
0.00000000e+00,-1.69736148e-04,-3.39472296e-04,-5.09208444e-04
0.00000000e+00,-1.71117349e-04,-3.42234698e-04,-5.13352047e-04
0.00000000e+00,-1.69926796e-04,-3.39853591e-04,-5.09780387e-04
0.00000000e+00,-1.71893089e-04,-3.43786178e-04,-5.15679267e-04
0.00000000e+00,-1.70400193e-04,-3.40800386e-04,-5.11200579e-04
0.00000000e+00,-1.70054870e-04,-3.40109740e-04,-5.10164611e-04
0.00000000e+00,-1.70499984e-04,-3.40999968e-04,-5.11499951e-04
0.00000000e+00,-1.69127207e-04,-3.38254414e-04,-5.07381621e-04
0.00000000e+00,-1.70883346e-04,-3.41766692e-04,-5.12650038e-04
0.00000000e+00,-1.69454627e-04,-3.38909253e-04,-5.08363880e-04
0.00000000e+00,-1.71293699e-04,-3.42587397e-04,-5.13881096e-04
0.00000000e+00,-1.69805894e-04,-3.39611788e-04,-5.09417681e-04
0.00000000e+00,-1.69445777e-04,-3.38891555e-04,-5.08337332e-04
0.00000000e+00,-1.69539404e-04,-3.39078807e-04,-5.08618211e-04
0.00000000e+00,-1.68499526e-04,-3.36999052e-04,-5.05498578e-04
0.00000000e+00,-1.69878846e-04,-3.39757691e-04,-5.09636537e-04
0.00000000e+00,-1.68850490e-04,-3.37700980e-04,-5.06551470e-04
0.00000000e+00,-1.70177193e-04,-3.40354386e-04,-5.10531579e-04
0.00000000e+00,-1.69050743e-04,-3.38101485e-04,-5.07152228e-04
0.00000000e+00,-1.68756947e-04,-3.37513893e-04,-5.06270840e-04
0.00000000e+00,-1.69736152e-04,-3.39472303e-04,-5.09208455e-04
0.00000000e+00,-1.69036165e-04,-3.38072331e-04,-5.07108496e-04
0.00000000e+00,-1.69926787e-04,-3.39853573e-04,-5.09780360e-04
0.00000000e+00,-1.69239703e-04,-3.38479407e-04,-5.07719110e-04
0.00000000e+00,-1.70400220e-04,-3.40800439e-04,-5.11200659e-04
0.00000000e+00,-1.69396522e-04,-3.38793043e-04,-5.08189565e-04
0.00000000e+00,-1.69396517e-04,-3.38793035e-04,-5.08189552e-04
0.00000000e+00,-1.69127117e-04,-3.38254234e-04,-5.07381351e-04
0.00000000e+00,-1.68599966e-04,-3.37199931e-04,-5.05799897e-04
0.00000000e+00,-1.69454623e-04,-3.38909245e-04,-5.08363868e-04
0.00000000e+00,-1.68820275e-04,-3.37640550e-04,-5.06460825e-04
0.00000000e+00,-1.69805967e-04,-3.39611933e-04,-5.09417900e-04
0.00000000e+00,-1.68874550e-04,-3.37749100e-04,-5.06623651e-04
0.00000000e+00,-1.68874640e-04,-3.37749280e-04,-5.06623921e-04
0.00000000e+00,-1.68499589e-04,-3.36999177e-04,-5.05498766e-04
0.00000000e+00,-1.68185436e-04,-3.36370871e-04,-5.04556307e-04
0.00000000e+00,-1.68850506e-04,-3.37701012e-04,-5.06551517e-04
0.00000000e+00,-1.68362845e-04,-3.36725690e-04,-5.05088535e-04
0.00000000e+00,-1.69051286e-04,-3.38102573e-04,-5.07153859e-04
0.00000000e+00,-1.68345159e-04,-3.36690319e-04,-5.05035478e-04
0.00000000e+00,-1.68345354e-04,-3.36690709e-04,-5.05036063e-04
0.00000000e+00,-1.75309411e-04,-3.50618821e-04,-5.25928232e-04
0.00000000e+00,-1.73856532e-04,-3.47713064e-04,-5.21569596e-04
0.00000000e+00,-1.77052663e-04,-3.54105327e-04,-5.31157990e-04
0.00000000e+00,-1.74060125e-04,-3.48120250e-04,-5.22180376e-04
0.00000000e+00,-1.78814066e-04,-3.57628131e-04,-5.36442197e-04
0.00000000e+00,-1.77378507e-04,-3.54757014e-04,-5.32135521e-04
0.00000000e+00,-1.78224906e-04,-3.56449811e-04,-5.34674717e-04
0.00000000e+00,-1.74710404e-04,-3.49420808e-04,-5.24131212e-04
0.00000000e+00,-1.70871574e-04,-3.41743149e-04,-5.12614723e-04
0.00000000e+00,-1.74119652e-04,-3.48239303e-04,-5.22358955e-04
0.00000000e+00,-1.83587954e-04,-3.67175907e-04,-5.50763861e-04
0.00000000e+00,-1.71406904e-04,-3.42813808e-04,-5.14220713e-04
0.00000000e+00,-1.72607503e-04,-3.45215007e-04,-5.17822510e-04
0.00000000e+00,-1.72215100e-04,-3.44430199e-04,-5.16645299e-04
0.00000000e+00,-1.74060070e-04,-3.48120141e-04,-5.22180211e-04
0.00000000e+00,-1.71893065e-04,-3.43786131e-04,-5.15679196e-04
0.00000000e+00,-1.71855166e-04,-3.43710332e-04,-5.15565498e-04
0.00000000e+00,-1.72493305e-04,-3.44986610e-04,-5.17479914e-04
0.00000000e+00,-1.74711000e-04,-3.49422000e-04,-5.24133000e-04
0.00000000e+00,-1.71293951e-04,-3.42587903e-04,-5.13881854e-04
0.00000000e+00,-1.71559657e-04,-3.43119315e-04,-5.14678972e-04
0.00000000e+00,-1.71967766e-04,-3.43935532e-04,-5.15903298e-04
0.00000000e+00,-1.71403819e-04,-3.42807638e-04,-5.14211456e-04
0.00000000e+00,-1.70179380e-04,-3.40358761e-04,-5.10538141e-04
0.00000000e+00,-1.70296936e-04,-3.40593871e-04,-5.10890807e-04
0.00000000e+00,-1.70473519e-04,-3.40947038e-04,-5.11420557e-04
0.00000000e+00,-1.71337400e-04,-3.42674801e-04,-5.14012201e-04
0.00000000e+00,-1.70054847e-04,-3.40109695e-04,-5.10164542e-04
0.00000000e+00,-1.69743828e-04,-3.39487656e-04,-5.09231484e-04
0.00000000e+00,-1.70017932e-04,-3.40035863e-04,-5.10053795e-04
0.00000000e+00,-1.70586817e-04,-3.41173635e-04,-5.11760452e-04
0.00000000e+00,-1.69445720e-04,-3.38891440e-04,-5.08337160e-04
0.00000000e+00,-1.68683067e-04,-3.37366135e-04,-5.06049202e-04
0.00000000e+00,-1.69129638e-04,-3.38259275e-04,-5.07388913e-04
0.00000000e+00,-1.69931294e-04,-3.39862587e-04,-5.09793881e-04
0.00000000e+00,-1.68756802e-04,-3.37513605e-04,-5.06270407e-04
0.00000000e+00,-1.77052624e-04,-3.54105248e-04,-5.31157871e-04
0.00000000e+00,-1.78225165e-04,-3.56450330e-04,-5.34675495e-04
0.00000000e+00,-1.83590007e-04,-3.67180014e-04,-5.50770021e-04
0.00000000e+00,-1.73063843e-04,-3.46127685e-04,-5.19191528e-04
0.00000000e+00,-1.73238080e-04,-3.46476160e-04,-5.19714241e-04
0.00000000e+00,-1.70482315e-04,-3.40964630e-04,-5.11446946e-04
0.00000000e+00,-1.70482468e-04,-3.40964937e-04,-5.11447405e-04
0.00000000e+00,-1.69668403e-04,-3.39336805e-04,-5.09005208e-04
0.00000000e+00,-1.69167389e-04,-3.38334779e-04,-5.07502168e-04
0.00000000e+00,-1.65147898e-04,-3.30295796e-04,-4.95443694e-04
0.00000000e+00,-1.64833808e-04,-3.29667616e-04,-4.94501424e-04
0.00000000e+00,-1.63793930e-04,-3.27587861e-04,-4.91381791e-04
0.00000000e+00,-1.64833745e-04,-3.29667490e-04,-4.94501235e-04
0.00000000e+00,-1.64733368e-04,-3.29466736e-04,-4.94200105e-04
0.00000000e+00,-1.64206127e-04,-3.28412254e-04,-4.92618381e-04
0.00000000e+00,-1.62833350e-04,-3.25666700e-04,-4.88500049e-04
0.00000000e+00,-1.64206217e-04,-3.28412434e-04,-4.92618651e-04
0.00000000e+00,-1.64987980e-04,-3.29975959e-04,-4.94963939e-04
0.00000000e+00,-1.64282591e-04,-3.28565182e-04,-4.92847773e-04
0.00000000e+00,-1.64282048e-04,-3.28564095e-04,-4.92846143e-04
0.00000000e+00,-1.64988174e-04,-3.29976349e-04,-4.94964523e-04
0.00000000e+00,-1.64970489e-04,-3.29940977e-04,-4.94911466e-04
0.00000000e+00,-1.64482844e-04,-3.28965688e-04,-4.93448532e-04
0.00000000e+00,-1.63454489e-04,-3.26908977e-04,-4.90363466e-04
0.00000000e+00,-1.64482828e-04,-3.28965656e-04,-4.93448483e-04
0.00000000e+00,-1.64458694e-04,-3.28917387e-04,-4.93376081e-04
0.00000000e+00,-1.63527440e-04,-3.27054880e-04,-4.90582321e-04
0.00000000e+00,-1.63527367e-04,-3.27054734e-04,-4.90582101e-04
0.00000000e+00,-1.64458783e-04,-3.28917567e-04,-4.93376350e-04
0.00000000e+00,-1.64297168e-04,-3.28594337e-04,-4.92891505e-04
0.00000000e+00,-1.63597186e-04,-3.27194372e-04,-4.90791558e-04
0.00000000e+00,-1.62195281e-04,-3.24390561e-04,-4.86585842e-04
0.00000000e+00,-1.63597182e-04,-3.27194364e-04,-4.90791546e-04
0.00000000e+00,-1.64513059e-04,-3.29026117e-04,-4.93539176e-04
0.00000000e+00,-1.63878707e-04,-3.27757414e-04,-4.91636121e-04
0.00000000e+00,-1.62449988e-04,-3.24899976e-04,-4.87349964e-04
0.00000000e+00,-1.63878711e-04,-3.27757422e-04,-4.91636133e-04
0.00000000e+00,-1.63936816e-04,-3.27873633e-04,-4.91810449e-04
0.00000000e+00,-1.62933141e-04,-3.25866282e-04,-4.88799423e-04
0.00000000e+00,-1.62933114e-04,-3.25866228e-04,-4.88799342e-04
0.00000000e+00,-1.63936812e-04,-3.27873624e-04,-4.91810436e-04
0.00000000e+00,-1.64093630e-04,-3.28187261e-04,-4.92280891e-04
0.00000000e+00,-1.63406538e-04,-3.26813076e-04,-4.90219614e-04
0.00000000e+00,-1.62215985e-04,-3.24431969e-04,-4.86647954e-04
0.00000000e+00,-1.63406547e-04,-3.26813094e-04,-4.90219641e-04
0.00000000e+00,-1.61773677e-04,-3.23547353e-04,-4.85321030e-04
0.00000000e+00,-1.64650266e-04,-3.29300532e-04,-4.93950798e-04
0.00000000e+00,-1.61478168e-04,-3.22956335e-04,-4.84434503e-04
0.00000000e+00,-1.63589506e-04,-3.27179011e-04,-4.90768517e-04
0.00000000e+00,-1.63153953e-04,-3.26307906e-04,-4.89461859e-04
0.00000000e+00,-1.63402040e-04,-3.26804080e-04,-4.90206120e-04
0.00000000e+00,-1.64576531e-04,-3.29153062e-04,-4.93729593e-04
0.00000000e+00,-1.61365568e-04,-3.22731136e-04,-4.84096704e-04
0.00000000e+00,-1.64203696e-04,-3.28407392e-04,-4.92611087e-04
0.00000000e+00,-1.62039383e-04,-3.24078765e-04,-4.86118148e-04
0.00000000e+00,-1.62746516e-04,-3.25493032e-04,-4.88239548e-04
0.00000000e+00,-1.63887614e-04,-3.27775227e-04,-4.91662841e-04
0.00000000e+00,-1.60725830e-04,-3.21451661e-04,-4.82177491e-04
0.00000000e+00,-1.63036398e-04,-3.26072796e-04,-4.89109194e-04
0.00000000e+00,-1.60840029e-04,-3.21680058e-04,-4.82520087e-04
0.00000000e+00,-1.63315402e-04,-3.26630804e-04,-4.89946206e-04
0.00000000e+00,-1.61440268e-04,-3.22880537e-04,-4.84320805e-04
0.00000000e+00,-1.61995933e-04,-3.23991866e-04,-4.85987799e-04
0.00000000e+00,-1.63278486e-04,-3.26556972e-04,-4.89835458e-04
0.00000000e+00,-1.61118234e-04,-3.22236468e-04,-4.83354702e-04
0.00000000e+00,-1.62859815e-04,-3.25719629e-04,-4.88579444e-04
0.00000000e+00,-1.59492451e-04,-3.18984903e-04,-4.78477354e-04
0.00000000e+00,-1.64750395e-04,-3.29500789e-04,-4.94251184e-04
0.00000000e+00,-1.60294671e-04,-3.20589342e-04,-4.80884013e-04
0.00000000e+00,-1.63480235e-04,-3.26960471e-04,-4.90440706e-04
0.00000000e+00,-1.62851018e-04,-3.25702037e-04,-4.88553055e-04
0.00000000e+00,-1.62372679e-04,-3.24745358e-04,-4.87118038e-04
0.00000000e+00,-1.64165944e-04,-3.28331888e-04,-4.92497832e-04
0.00000000e+00,-1.60738979e-04,-3.21477958e-04,-4.82216937e-04
0.00000000e+00,-1.63926458e-04,-3.27852915e-04,-4.91779373e-04
0.00000000e+00,-1.60095253e-04,-3.20190506e-04,-4.80285760e-04
0.00000000e+00,-1.62243284e-04,-3.24486569e-04,-4.86729853e-04
0.00000000e+00,-1.63664931e-04,-3.27329862e-04,-4.90994792e-04
0.00000000e+00,-1.59756559e-04,-3.19513119e-04,-4.79269678e-04
0.00000000e+00,-1.62935865e-04,-3.25871731e-04,-4.88807596e-04
0.00000000e+00,-1.60273409e-04,-3.20546817e-04,-4.80820226e-04
0.00000000e+00,-1.63017036e-04,-3.26034073e-04,-4.89051109e-04
0.00000000e+00,-1.60269491e-04,-3.20538982e-04,-4.80808473e-04
0.00000000e+00,-1.61523694e-04,-3.23047388e-04,-4.84571082e-04
0.00000000e+00,-1.62850865e-04,-3.25701730e-04,-4.88552595e-04
0.00000000e+00,-1.60544190e-04,-3.21088381e-04,-4.81632571e-04
0.00000000e+00,-1.62638420e-04,-3.25276840e-04,-4.87915260e-04
0.00000000e+00,-1.64649953e-04,-3.29299905e-04,-4.93949858e-04
0.00000000e+00,-1.61775709e-04,-3.23551418e-04,-4.85327127e-04
0.00000000e+00,-1.63589509e-04,-3.27179018e-04,-4.90768527e-04
0.00000000e+00,-1.61477896e-04,-3.22955793e-04,-4.84433689e-04
0.00000000e+00,-1.64576387e-04,-3.29152774e-04,-4.93729161e-04
0.00000000e+00,-1.63405997e-04,-3.26811994e-04,-4.90217991e-04
0.00000000e+00,-1.63156141e-04,-3.26312282e-04,-4.89468422e-04
0.00000000e+00,-1.64203583e-04,-3.28407165e-04,-4.92610748e-04
0.00000000e+00,-1.61366840e-04,-3.22733680e-04,-4.84100520e-04
0.00000000e+00,-1.63887556e-04,-3.27775113e-04,-4.91662669e-04
0.00000000e+00,-1.62746232e-04,-3.25492463e-04,-4.88238695e-04
0.00000000e+00,-1.62039636e-04,-3.24079273e-04,-4.86118909e-04
0.00000000e+00,-1.63036352e-04,-3.26072705e-04,-4.89109057e-04
0.00000000e+00,-1.60725861e-04,-3.21451723e-04,-4.82177584e-04
0.00000000e+00,-1.63315386e-04,-3.26630772e-04,-4.89946158e-04
0.00000000e+00,-1.60839872e-04,-3.21679745e-04,-4.82519617e-04
0.00000000e+00,-1.63278464e-04,-3.26556927e-04,-4.89835391e-04
0.00000000e+00,-1.61995894e-04,-3.23991789e-04,-4.85987683e-04
0.00000000e+00,-1.61440245e-04,-3.22880490e-04,-4.84320735e-04
0.00000000e+00,-1.62859792e-04,-3.25719584e-04,-4.88579375e-04
0.00000000e+00,-1.61118244e-04,-3.22236487e-04,-4.83354731e-04
0.00000000e+00,-1.62461760e-04,-3.24923519e-04,-4.87385279e-04
0.00000000e+00,-1.54519270e-04,-3.09038540e-04,-4.63557811e-04
0.00000000e+00,-1.61926433e-04,-3.23852866e-04,-4.85779299e-04
0.00000000e+00,-1.61929515e-04,-3.23859029e-04,-4.85788544e-04
0.00000000e+00,-1.59213682e-04,-3.18427364e-04,-4.77641047e-04
0.00000000e+00,-1.58622931e-04,-3.17245862e-04,-4.75868793e-04
0.00000000e+00,-1.58622334e-04,-3.17244669e-04,-4.75867003e-04
0.00000000e+00,-1.58023923e-04,-3.16047846e-04,-4.74071769e-04
0.00000000e+00,-1.55954828e-04,-3.11909656e-04,-4.67864484e-04
0.00000000e+00,-1.59273209e-04,-3.18546418e-04,-4.77819627e-04
0.00000000e+00,-1.59273264e-04,-3.18546527e-04,-4.77819791e-04
0.00000000e+00,-1.59476801e-04,-3.18953602e-04,-4.78430403e-04
0.00000000e+00,-1.59764655e-04,-3.19529311e-04,-4.79293966e-04
0.00000000e+00,-1.53667219e-04,-3.07334437e-04,-4.61001656e-04
0.00000000e+00,-1.49743327e-04,-2.99486655e-04,-4.49229982e-04
0.00000000e+00,-1.63605454e-04,-3.27210908e-04,-4.90816363e-04
0.00000000e+00,-1.52018420e-04,-3.04036839e-04,-4.56055259e-04
0.00000000e+00,-1.55108170e-04,-3.10216340e-04,-4.65324510e-04
0.00000000e+00,-1.56860694e-04,-3.13721388e-04,-4.70582082e-04
0.00000000e+00,-1.55747109e-04,-3.11494219e-04,-4.67241328e-04
0.00000000e+00,-1.53542411e-04,-3.07084823e-04,-4.60627234e-04
0.00000000e+00,-1.56280710e-04,-3.12561419e-04,-4.68842129e-04
0.00000000e+00,-1.58488818e-04,-3.16977637e-04,-4.75466455e-04
0.00000000e+00,-1.58704921e-04,-3.17409842e-04,-4.76114763e-04
0.00000000e+00,-1.64750776e-04,-3.29501551e-04,-4.94252327e-04
0.00000000e+00,-1.59491316e-04,-3.18982633e-04,-4.78473949e-04
0.00000000e+00,-1.63480253e-04,-3.26960506e-04,-4.90440759e-04
0.00000000e+00,-1.60294601e-04,-3.20589202e-04,-4.80883803e-04
0.00000000e+00,-1.64166201e-04,-3.28332401e-04,-4.92498602e-04
0.00000000e+00,-1.62373556e-04,-3.24747112e-04,-4.87120668e-04
0.00000000e+00,-1.62850203e-04,-3.25700406e-04,-4.88550610e-04
0.00000000e+00,-1.63927069e-04,-3.27854138e-04,-4.91781207e-04
0.00000000e+00,-1.60738039e-04,-3.21476079e-04,-4.82214118e-04
0.00000000e+00,-1.63664994e-04,-3.27329989e-04,-4.90994983e-04
0.00000000e+00,-1.62243571e-04,-3.24487142e-04,-4.86730713e-04
0.00000000e+00,-1.60094947e-04,-3.20189894e-04,-4.80284842e-04
0.00000000e+00,-1.62935920e-04,-3.25871840e-04,-4.88807761e-04
0.00000000e+00,-1.59756370e-04,-3.19512740e-04,-4.79269110e-04
0.00000000e+00,-1.63017072e-04,-3.26034143e-04,-4.89051215e-04
0.00000000e+00,-1.60273320e-04,-3.20546641e-04,-4.80819961e-04
0.00000000e+00,-1.62850866e-04,-3.25701732e-04,-4.88552598e-04
0.00000000e+00,-1.61523623e-04,-3.23047246e-04,-4.84570869e-04
0.00000000e+00,-1.60269431e-04,-3.20538862e-04,-4.80808292e-04
0.00000000e+00,-1.62638400e-04,-3.25276801e-04,-4.87915201e-04
0.00000000e+00,-1.60544142e-04,-3.21088284e-04,-4.81632426e-04
0.00000000e+00,-1.59763613e-04,-3.19527226e-04,-4.79290839e-04
0.00000000e+00,-1.53666735e-04,-3.07333470e-04,-4.61000205e-04
0.00000000e+00,-1.63605800e-04,-3.27211601e-04,-4.90817401e-04
0.00000000e+00,-1.49745386e-04,-2.99490772e-04,-4.49236158e-04
0.00000000e+00,-1.52017077e-04,-3.04034153e-04,-4.56051230e-04
0.00000000e+00,-1.56859441e-04,-3.13718881e-04,-4.70578322e-04
0.00000000e+00,-1.55108430e-04,-3.10216860e-04,-4.65325290e-04
0.00000000e+00,-1.55747181e-04,-3.11494361e-04,-4.67241542e-04
0.00000000e+00,-1.53542281e-04,-3.07084563e-04,-4.60626844e-04
0.00000000e+00,-1.58488871e-04,-3.16977742e-04,-4.75466613e-04
0.00000000e+00,-1.56280670e-04,-3.12561340e-04,-4.68842010e-04
0.00000000e+00,-1.58704924e-04,-3.17409849e-04,-4.76114773e-04
0.00000000e+00,0.00000000e+00,0.00000000e+00,0.00000000e+00
0.00000000e+00,-1.43688222e-04,-2.87376445e-04,-4.31064667e-04
0.00000000e+00,-1.22037419e-04,-2.44074839e-04,-3.66112258e-04
0.00000000e+00,-1.22036306e-04,-2.44072611e-04,-3.66108917e-04
0.00000000e+00,-7.87537797e-05,-1.57507559e-04,-2.36261339e-04
0.00000000e+00,-1.41575982e-04,-2.83151963e-04,-4.24727945e-04
0.00000000e+00,-1.41575578e-04,-2.83151155e-04,-4.24726733e-04
0.00000000e+00,-1.53737280e-04,-3.07474561e-04,-4.61211841e-04
0.00000000e+00,-1.52640621e-04,-3.05281243e-04,-4.57921864e-04
0.00000000e+00,-1.54978569e-04,-3.09957139e-04,-4.64935708e-04
0.00000000e+00,-1.54978628e-04,-3.09957255e-04,-4.64935883e-04
0.00000000e+00,-1.56990446e-04,-3.13980892e-04,-4.70971338e-04
0.00000000e+00,-1.64649952e-04,-3.29299904e-04,-4.93949855e-04
0.00000000e+00,-1.61775708e-04,-3.23551417e-04,-4.85327125e-04
0.00000000e+00,-1.63589508e-04,-3.27179017e-04,-4.90768525e-04
0.00000000e+00,-1.61477896e-04,-3.22955792e-04,-4.84433687e-04
0.00000000e+00,-1.64166200e-04,-3.28332401e-04,-4.92498601e-04
0.00000000e+00,-1.63405996e-04,-3.26811992e-04,-4.90217989e-04
0.00000000e+00,-1.62850203e-04,-3.25700405e-04,-4.88550608e-04
0.00000000e+00,-1.64203582e-04,-3.28407164e-04,-4.92610746e-04
0.00000000e+00,-1.61366839e-04,-3.22733678e-04,-4.84100518e-04
0.00000000e+00,-1.63664994e-04,-3.27329988e-04,-4.90994982e-04
0.00000000e+00,-1.62746231e-04,-3.25492462e-04,-4.88238693e-04
0.00000000e+00,-1.60094947e-04,-3.20189894e-04,-4.80284841e-04
0.00000000e+00,-1.63036352e-04,-3.26072703e-04,-4.89109055e-04
0.00000000e+00,-1.60725861e-04,-3.21451722e-04,-4.82177583e-04
0.00000000e+00,-1.63315385e-04,-3.26630771e-04,-4.89946156e-04
0.00000000e+00,-1.60839872e-04,-3.21679744e-04,-4.82519615e-04
0.00000000e+00,-1.62850866e-04,-3.25701731e-04,-4.88552597e-04
0.00000000e+00,-1.61995894e-04,-3.23991788e-04,-4.85987681e-04
0.00000000e+00,-1.60269431e-04,-3.20538861e-04,-4.80808292e-04
0.00000000e+00,-1.62859791e-04,-3.25719583e-04,-4.88579374e-04
0.00000000e+00,-1.61118243e-04,-3.22236486e-04,-4.83354729e-04
0.00000000e+00,-1.62461758e-04,-3.24923515e-04,-4.87385273e-04
0.00000000e+00,-1.54519270e-04,-3.09038539e-04,-4.63557809e-04
0.00000000e+00,-1.61926432e-04,-3.23852863e-04,-4.85779295e-04
0.00000000e+00,-1.49745386e-04,-2.99490773e-04,-4.49236159e-04
0.00000000e+00,-1.59213681e-04,-3.18427363e-04,-4.77641044e-04
0.00000000e+00,-1.58622930e-04,-3.17245860e-04,-4.75868791e-04
0.00000000e+00,-1.55108430e-04,-3.10216859e-04,-4.65325289e-04
0.00000000e+00,-1.58023923e-04,-3.16047845e-04,-4.74071768e-04
0.00000000e+00,-1.55954827e-04,-3.11909655e-04,-4.67864482e-04
0.00000000e+00,-1.59273208e-04,-3.18546417e-04,-4.77819625e-04
0.00000000e+00,-1.56280670e-04,-3.12561339e-04,-4.68842009e-04
0.00000000e+00,-1.59476801e-04,-3.18953602e-04,-4.78430403e-04
0.00000000e+00,-1.59764659e-04,-3.19529319e-04,-4.79293978e-04
0.00000000e+00,-1.53667220e-04,-3.07334439e-04,-4.61001659e-04
0.00000000e+00,-1.49743329e-04,-2.99486658e-04,-4.49229986e-04
0.00000000e+00,-1.22036300e-04,-2.44072601e-04,-3.66108901e-04
0.00000000e+00,-1.52018420e-04,-3.04036840e-04,-4.56055260e-04
0.00000000e+00,-1.55108169e-04,-3.10216339e-04,-4.65324508e-04
0.00000000e+00,-1.41575578e-04,-2.83151156e-04,-4.24726733e-04
0.00000000e+00,-1.55747110e-04,-3.11494220e-04,-4.67241330e-04
0.00000000e+00,-1.53542413e-04,-3.07084825e-04,-4.60627238e-04
0.00000000e+00,-1.56280710e-04,-3.12561419e-04,-4.68842129e-04
0.00000000e+00,-1.54978628e-04,-3.09957257e-04,-4.64935885e-04
0.00000000e+00,-1.58704921e-04,-3.17409843e-04,-4.76114764e-04
0.00000000e+00,-1.64833806e-04,-3.29667613e-04,-4.94501419e-04
0.00000000e+00,-1.63793929e-04,-3.27587857e-04,-4.91381786e-04
0.00000000e+00,-1.64206125e-04,-3.28412251e-04,-4.92618376e-04
0.00000000e+00,-1.62833348e-04,-3.25666697e-04,-4.88500045e-04
0.00000000e+00,-1.64576386e-04,-3.29152772e-04,-4.93729158e-04
0.00000000e+00,-1.64282589e-04,-3.28565179e-04,-4.92847768e-04
0.00000000e+00,-1.63156139e-04,-3.26312279e-04,-4.89468418e-04
0.00000000e+00,-1.64482842e-04,-3.28965685e-04,-4.93448527e-04
0.00000000e+00,-1.63454487e-04,-3.26908974e-04,-4.90363461e-04
0.00000000e+00,-1.63887555e-04,-3.27775111e-04,-4.91662666e-04
0.00000000e+00,-1.63527439e-04,-3.27054877e-04,-4.90582316e-04
0.00000000e+00,-1.62039635e-04,-3.24079270e-04,-4.86118906e-04
0.00000000e+00,-1.63597185e-04,-3.27194369e-04,-4.90791554e-04
0.00000000e+00,-1.62195280e-04,-3.24390559e-04,-4.86585839e-04
0.00000000e+00,-1.63878706e-04,-3.27757412e-04,-4.91636118e-04
0.00000000e+00,-1.62449987e-04,-3.24899973e-04,-4.87349960e-04
0.00000000e+00,-1.63278463e-04,-3.26556926e-04,-4.89835388e-04
0.00000000e+00,-1.62933140e-04,-3.25866279e-04,-4.88799419e-04
0.00000000e+00,-1.61440244e-04,-3.22880488e-04,-4.84320732e-04
0.00000000e+00,-1.63406537e-04,-3.26813074e-04,-4.90219611e-04
0.00000000e+00,-1.62215984e-04,-3.24431967e-04,-4.86647951e-04
0.00000000e+00,-1.61773675e-04,-3.23547349e-04,-4.85321024e-04
0.00000000e+00,-1.61478166e-04,-3.22956333e-04,-4.84434499e-04
0.00000000e+00,-1.63153951e-04,-3.26307902e-04,-4.89461853e-04
0.00000000e+00,-1.61929513e-04,-3.23859027e-04,-4.85788540e-04
0.00000000e+00,-1.61365566e-04,-3.22731132e-04,-4.84096698e-04
0.00000000e+00,-1.62039381e-04,-3.24078762e-04,-4.86118143e-04
0.00000000e+00,-1.58622333e-04,-3.17244666e-04,-4.75866999e-04
0.00000000e+00,-1.60725829e-04,-3.21451658e-04,-4.82177487e-04
0.00000000e+00,-1.60840028e-04,-3.21680055e-04,-4.82520083e-04
0.00000000e+00,-1.61440267e-04,-3.22880534e-04,-4.84320801e-04
0.00000000e+00,-1.59273263e-04,-3.18546526e-04,-4.77819789e-04
0.00000000e+00,-1.61118233e-04,-3.22236466e-04,-4.83354699e-04
0.00000000e+00,-1.59492449e-04,-3.18984897e-04,-4.78477346e-04
0.00000000e+00,-1.60294668e-04,-3.20589335e-04,-4.80884003e-04
0.00000000e+00,-1.62851016e-04,-3.25702032e-04,-4.88553049e-04
0.00000000e+00,-1.63605452e-04,-3.27210905e-04,-4.90816357e-04
0.00000000e+00,-1.60738977e-04,-3.21477954e-04,-4.82216931e-04
0.00000000e+00,-1.60095251e-04,-3.20190503e-04,-4.80285754e-04
0.00000000e+00,-1.56860695e-04,-3.13721390e-04,-4.70582085e-04
0.00000000e+00,-1.59756559e-04,-3.19513118e-04,-4.79269676e-04
0.00000000e+00,-1.60273407e-04,-3.20546813e-04,-4.80820220e-04
0.00000000e+00,-1.60269490e-04,-3.20538980e-04,-4.80808470e-04
0.00000000e+00,-1.58488818e-04,-3.16977636e-04,-4.75466454e-04
0.00000000e+00,-1.60544190e-04,-3.21088380e-04,-4.81632569e-04
0.00000000e+00,-1.65147895e-04,-3.30295791e-04,-4.95443686e-04
0.00000000e+00,-1.64833742e-04,-3.29667484e-04,-4.94501226e-04
0.00000000e+00,-1.64733366e-04,-3.29466732e-04,-4.94200098e-04
0.00000000e+00,-1.64206215e-04,-3.28412429e-04,-4.92618644e-04
0.00000000e+00,-1.64987977e-04,-3.29975955e-04,-4.94963932e-04
0.00000000e+00,-1.64988172e-04,-3.29976344e-04,-4.94964515e-04
0.00000000e+00,-1.64282045e-04,-3.28564090e-04,-4.92846136e-04
0.00000000e+00,-1.64970486e-04,-3.29940973e-04,-4.94911459e-04
0.00000000e+00,-1.64482825e-04,-3.28965650e-04,-4.93448476e-04
0.00000000e+00,-1.64458692e-04,-3.28917384e-04,-4.93376075e-04
0.00000000e+00,-1.64458781e-04,-3.28917562e-04,-4.93376344e-04
0.00000000e+00,-1.63527365e-04,-3.27054730e-04,-4.90582095e-04
0.00000000e+00,-1.64297167e-04,-3.28594333e-04,-4.92891500e-04
0.00000000e+00,-1.63597180e-04,-3.27194360e-04,-4.90791541e-04
0.00000000e+00,-1.64513057e-04,-3.29026113e-04,-4.93539170e-04
0.00000000e+00,-1.63878709e-04,-3.27757418e-04,-4.91636127e-04
0.00000000e+00,-1.63936815e-04,-3.27873630e-04,-4.91810445e-04
0.00000000e+00,-1.63936810e-04,-3.27873620e-04,-4.91810431e-04
0.00000000e+00,-1.62933113e-04,-3.25866225e-04,-4.88799338e-04
0.00000000e+00,-1.64093629e-04,-3.28187258e-04,-4.92280886e-04
0.00000000e+00,-1.63406545e-04,-3.26813091e-04,-4.90219636e-04
0.00000000e+00,-1.64650263e-04,-3.29300526e-04,-4.93950789e-04
0.00000000e+00,-1.63589503e-04,-3.27179006e-04,-4.90768509e-04
0.00000000e+00,-1.64576528e-04,-3.29153056e-04,-4.93729585e-04
0.00000000e+00,-1.63402038e-04,-3.26804075e-04,-4.90206113e-04
0.00000000e+00,-1.64203693e-04,-3.28407386e-04,-4.92611079e-04
0.00000000e+00,-1.63887611e-04,-3.27775222e-04,-4.91662834e-04
0.00000000e+00,-1.62746514e-04,-3.25493028e-04,-4.88239542e-04
0.00000000e+00,-1.63036396e-04,-3.26072792e-04,-4.89109188e-04
0.00000000e+00,-1.63315400e-04,-3.26630799e-04,-4.89946199e-04
0.00000000e+00,-1.63278484e-04,-3.26556968e-04,-4.89835453e-04
0.00000000e+00,-1.61995932e-04,-3.23991863e-04,-4.85987795e-04
0.00000000e+00,-1.62859813e-04,-3.25719626e-04,-4.88579439e-04
0.00000000e+00,-1.64750392e-04,-3.29500783e-04,-4.94251175e-04
0.00000000e+00,-1.63480233e-04,-3.26960466e-04,-4.90440699e-04
0.00000000e+00,-1.64165941e-04,-3.28331882e-04,-4.92497823e-04
0.00000000e+00,-1.62372676e-04,-3.24745352e-04,-4.87118028e-04
0.00000000e+00,-1.63926455e-04,-3.27852909e-04,-4.91779364e-04
0.00000000e+00,-1.63664928e-04,-3.27329856e-04,-4.90994785e-04
0.00000000e+00,-1.62243282e-04,-3.24486563e-04,-4.86729845e-04
0.00000000e+00,-1.62935863e-04,-3.25871727e-04,-4.88807590e-04
0.00000000e+00,-1.63017034e-04,-3.26034068e-04,-4.89051102e-04
0.00000000e+00,-1.62850863e-04,-3.25701726e-04,-4.88552589e-04
0.00000000e+00,-1.61523693e-04,-3.23047385e-04,-4.84571078e-04
0.00000000e+00,-1.62638418e-04,-3.25276836e-04,-4.87915255e-04
0.00000000e+00,-1.62461759e-04,-3.24923518e-04,-4.87385277e-04
0.00000000e+00,-1.59763599e-04,-3.19527198e-04,-4.79290797e-04
0.00000000e+00,-1.54519268e-04,-3.09038535e-04,-4.63557803e-04
0.00000000e+00,-1.53666733e-04,-3.07333465e-04,-4.61000198e-04
0.00000000e+00,-1.49743326e-04,-2.99486652e-04,-4.49229979e-04
0.00000000e+00,-1.22037414e-04,-2.44074828e-04,-3.66112242e-04
0.00000000e+00,-1.49745380e-04,-2.99490760e-04,-4.49236139e-04
0.00000000e+00,-1.59213682e-04,-3.18427363e-04,-4.77641045e-04
0.00000000e+00,-1.52017062e-04,-3.04034124e-04,-4.56051186e-04
0.00000000e+00,-1.55108168e-04,-3.10216337e-04,-4.65324505e-04
0.00000000e+00,-1.41575982e-04,-2.83151965e-04,-4.24727947e-04
0.00000000e+00,-1.55108428e-04,-3.10216856e-04,-4.65325283e-04
0.00000000e+00,-1.58023923e-04,-3.16047845e-04,-4.74071768e-04
0.00000000e+00,-1.55747182e-04,-3.11494364e-04,-4.67241546e-04
0.00000000e+00,-1.55954826e-04,-3.11909652e-04,-4.67864479e-04
0.00000000e+00,-1.53542283e-04,-3.07084565e-04,-4.60626848e-04
0.00000000e+00,-1.56280709e-04,-3.12561419e-04,-4.68842128e-04
0.00000000e+00,-1.54978570e-04,-3.09957140e-04,-4.64935710e-04
0.00000000e+00,-1.56280670e-04,-3.12561340e-04,-4.68842010e-04
0.00000000e+00,-1.59476801e-04,-3.18953602e-04,-4.78430404e-04
0.00000000e+00,-1.58704925e-04,-3.17409850e-04,-4.76114775e-04
0.00000000e+00,-1.61775709e-04,-3.23551418e-04,-4.85327127e-04
0.00000000e+00,-1.59491305e-04,-3.18982610e-04,-4.78473916e-04
0.00000000e+00,-1.61477893e-04,-3.22955786e-04,-4.84433680e-04
0.00000000e+00,-1.60294602e-04,-3.20589203e-04,-4.80883805e-04
0.00000000e+00,-1.61926429e-04,-3.23852859e-04,-4.85779288e-04
0.00000000e+00,-1.63605802e-04,-3.27211604e-04,-4.90817406e-04
0.00000000e+00,-1.62850199e-04,-3.25700398e-04,-4.88550597e-04
0.00000000e+00,-1.61366840e-04,-3.22733679e-04,-4.84100518e-04
0.00000000e+00,-1.60738028e-04,-3.21476055e-04,-4.82214083e-04
0.00000000e+00,-1.58622929e-04,-3.17245859e-04,-4.75868788e-04
0.00000000e+00,-1.56859433e-04,-3.13718865e-04,-4.70578298e-04
0.00000000e+00,-1.60094946e-04,-3.20189893e-04,-4.80284839e-04
0.00000000e+00,-1.60725861e-04,-3.21451722e-04,-4.82177583e-04
0.00000000e+00,-1.59756370e-04,-3.19512740e-04,-4.79269110e-04
0.00000000e+00,-1.60839870e-04,-3.21679741e-04,-4.82519611e-04
0.00000000e+00,-1.60273321e-04,-3.20546642e-04,-4.80819963e-04
0.00000000e+00,-1.59273208e-04,-3.18546416e-04,-4.77819624e-04
0.00000000e+00,-1.58488873e-04,-3.16977745e-04,-4.75466618e-04
0.00000000e+00,-1.60269430e-04,-3.20538860e-04,-4.80808291e-04
0.00000000e+00,-1.61118243e-04,-3.22236487e-04,-4.83354730e-04
0.00000000e+00,-1.60544143e-04,-3.21088285e-04,-4.81632428e-04
0.00000000e+00,-1.64649953e-04,-3.29299906e-04,-4.93949858e-04
0.00000000e+00,-1.64750776e-04,-3.29501553e-04,-4.94252329e-04
0.00000000e+00,-1.63589509e-04,-3.27179017e-04,-4.90768526e-04
0.00000000e+00,-1.63480253e-04,-3.26960506e-04,-4.90440758e-04
0.00000000e+00,-1.63405996e-04,-3.26811991e-04,-4.90217987e-04
0.00000000e+00,-1.62373556e-04,-3.24747112e-04,-4.87120668e-04
0.00000000e+00,-1.64166200e-04,-3.28332400e-04,-4.92498600e-04
0.00000000e+00,-1.64203582e-04,-3.28407164e-04,-4.92610746e-04
0.00000000e+00,-1.63927071e-04,-3.27854142e-04,-4.91781212e-04
0.00000000e+00,-1.62746230e-04,-3.25492460e-04,-4.88238690e-04
0.00000000e+00,-1.62243571e-04,-3.24487141e-04,-4.86730712e-04
0.00000000e+00,-1.63664994e-04,-3.27329987e-04,-4.90994981e-04
0.00000000e+00,-1.63036352e-04,-3.26072704e-04,-4.89109056e-04
0.00000000e+00,-1.62935921e-04,-3.25871841e-04,-4.88807762e-04
0.00000000e+00,-1.63315386e-04,-3.26630771e-04,-4.89946157e-04
0.00000000e+00,-1.63017072e-04,-3.26034144e-04,-4.89051216e-04
0.00000000e+00,-1.61995894e-04,-3.23991788e-04,-4.85987681e-04
0.00000000e+00,-1.61523624e-04,-3.23047248e-04,-4.84570872e-04
0.00000000e+00,-1.62850866e-04,-3.25701732e-04,-4.88552598e-04
0.00000000e+00,-1.62859792e-04,-3.25719583e-04,-4.88579375e-04
0.00000000e+00,-1.62638401e-04,-3.25276802e-04,-4.87915203e-04
0.00000000e+00,-1.61773676e-04,-3.23547353e-04,-4.85321029e-04
0.00000000e+00,-1.61478167e-04,-3.22956335e-04,-4.84434502e-04
0.00000000e+00,-1.62851018e-04,-3.25702036e-04,-4.88553055e-04
0.00000000e+00,-1.61929515e-04,-3.23859029e-04,-4.85788544e-04
0.00000000e+00,-1.61365567e-04,-3.22731135e-04,-4.84096702e-04
0.00000000e+00,-1.60095253e-04,-3.20190506e-04,-4.80285759e-04
0.00000000e+00,-1.58622333e-04,-3.17244666e-04,-4.75866999e-04
0.00000000e+00,-1.60725830e-04,-3.21451660e-04,-4.82177490e-04
0.00000000e+00,-1.60840029e-04,-3.21680057e-04,-4.82520086e-04
0.00000000e+00,-1.60269491e-04,-3.20538981e-04,-4.80808472e-04
0.00000000e+00,-1.59273263e-04,-3.18546526e-04,-4.77819789e-04
0.00000000e+00,-1.61118234e-04,-3.22236468e-04,-4.83354701e-04
0.00000000e+00,-1.63793930e-04,-3.27587859e-04,-4.91381789e-04
0.00000000e+00,-1.62833350e-04,-3.25666699e-04,-4.88500049e-04
0.00000000e+00,-1.63153950e-04,-3.26307900e-04,-4.89461850e-04
0.00000000e+00,-1.63156140e-04,-3.26312281e-04,-4.89468421e-04
0.00000000e+00,-1.63454488e-04,-3.26908975e-04,-4.90363463e-04
0.00000000e+00,-1.62039382e-04,-3.24078764e-04,-4.86118145e-04
0.00000000e+00,-1.62039635e-04,-3.24079270e-04,-4.86118904e-04
0.00000000e+00,-1.62195280e-04,-3.24390560e-04,-4.86585840e-04
0.00000000e+00,-1.62449987e-04,-3.24899975e-04,-4.87349962e-04
0.00000000e+00,-1.61440268e-04,-3.22880536e-04,-4.84320804e-04
0.00000000e+00,-1.61440244e-04,-3.22880489e-04,-4.84320733e-04
0.00000000e+00,-1.62215984e-04,-3.24431968e-04,-4.86647953e-04
0.00000000e+00,-1.64833807e-04,-3.29667614e-04,-4.94501422e-04
0.00000000e+00,-1.64206126e-04,-3.28412253e-04,-4.92618379e-04
0.00000000e+00,-1.64282591e-04,-3.28565181e-04,-4.92847772e-04
0.00000000e+00,-1.64576387e-04,-3.29152773e-04,-4.93729160e-04
0.00000000e+00,-1.64482843e-04,-3.28965687e-04,-4.93448530e-04
0.00000000e+00,-1.63527439e-04,-3.27054879e-04,-4.90582318e-04
0.00000000e+00,-1.63887556e-04,-3.27775112e-04,-4.91662667e-04
0.00000000e+00,-1.63597185e-04,-3.27194371e-04,-4.90791556e-04
0.00000000e+00,-1.63878707e-04,-3.27757413e-04,-4.91636120e-04
0.00000000e+00,-1.62933140e-04,-3.25866281e-04,-4.88799421e-04
0.00000000e+00,-1.63278463e-04,-3.26556926e-04,-4.89835389e-04
0.00000000e+00,-1.63406538e-04,-3.26813075e-04,-4.90219613e-04
0.00000000e+00,-1.64650266e-04,-3.29300532e-04,-4.93950798e-04
0.00000000e+00,-1.63589505e-04,-3.27179011e-04,-4.90768516e-04
0.00000000e+00,-1.64165944e-04,-3.28331888e-04,-4.92497832e-04
0.00000000e+00,-1.63402040e-04,-3.26804080e-04,-4.90206119e-04
0.00000000e+00,-1.64203696e-04,-3.28407391e-04,-4.92611087e-04
0.00000000e+00,-1.63664931e-04,-3.27329861e-04,-4.90994792e-04
0.00000000e+00,-1.62746516e-04,-3.25493032e-04,-4.88239548e-04
0.00000000e+00,-1.63036398e-04,-3.26072796e-04,-4.89109193e-04
0.00000000e+00,-1.63315402e-04,-3.26630804e-04,-4.89946205e-04
0.00000000e+00,-1.62850865e-04,-3.25701730e-04,-4.88552595e-04
0.00000000e+00,-1.61995933e-04,-3.23991866e-04,-4.85987799e-04
0.00000000e+00,-1.62859814e-04,-3.25719629e-04,-4.88579443e-04
0.00000000e+00,-1.64833745e-04,-3.29667489e-04,-4.94501234e-04
0.00000000e+00,-1.64206216e-04,-3.28412433e-04,-4.92618649e-04
0.00000000e+00,-1.64576531e-04,-3.29153061e-04,-4.93729592e-04
0.00000000e+00,-1.64282047e-04,-3.28564094e-04,-4.92846141e-04
0.00000000e+00,-1.64482828e-04,-3.28965655e-04,-4.93448483e-04
0.00000000e+00,-1.63887613e-04,-3.27775227e-04,-4.91662840e-04
0.00000000e+00,-1.63527367e-04,-3.27054733e-04,-4.90582100e-04
0.00000000e+00,-1.63597182e-04,-3.27194364e-04,-4.90791545e-04
0.00000000e+00,-1.63878711e-04,-3.27757421e-04,-4.91636132e-04
0.00000000e+00,-1.63278486e-04,-3.26556972e-04,-4.89835457e-04
0.00000000e+00,-1.62933114e-04,-3.25866227e-04,-4.88799341e-04
0.00000000e+00,-1.63406547e-04,-3.26813093e-04,-4.90219640e-04
0.00000000e+00,-1.65147898e-04,-3.30295795e-04,-4.95443693e-04
0.00000000e+00,-1.64733368e-04,-3.29466736e-04,-4.94200103e-04
0.00000000e+00,-1.64988174e-04,-3.29976348e-04,-4.94964522e-04
0.00000000e+00,-1.64987979e-04,-3.29975958e-04,-4.94963937e-04
0.00000000e+00,-1.64970488e-04,-3.29940977e-04,-4.94911465e-04
0.00000000e+00,-1.64458783e-04,-3.28917566e-04,-4.93376349e-04
0.00000000e+00,-1.64458693e-04,-3.28917386e-04,-4.93376079e-04
0.00000000e+00,-1.64297168e-04,-3.28594336e-04,-4.92891504e-04
0.00000000e+00,-1.64513058e-04,-3.29026116e-04,-4.93539175e-04
0.00000000e+00,-1.63936812e-04,-3.27873623e-04,-4.91810435e-04
0.00000000e+00,-1.63936816e-04,-3.27873632e-04,-4.91810448e-04
0.00000000e+00,-1.64093630e-04,-3.28187260e-04,-4.92280890e-04
0.00000000e+00,-1.61773664e-04,-3.23547329e-04,-4.85320993e-04
0.00000000e+00,-1.64650263e-04,-3.29300526e-04,-4.93950790e-04
0.00000000e+00,-1.61478166e-04,-3.22956333e-04,-4.84434499e-04
0.00000000e+00,-1.63589501e-04,-3.27179002e-04,-4.90768504e-04
0.00000000e+00,-1.62851015e-04,-3.25702030e-04,-4.88553045e-04
0.00000000e+00,-1.64165940e-04,-3.28331881e-04,-4.92497821e-04
0.00000000e+00,-1.63402035e-04,-3.26804070e-04,-4.90206104e-04
0.00000000e+00,-1.61365557e-04,-3.22731115e-04,-4.84096672e-04
0.00000000e+00,-1.64203693e-04,-3.28407386e-04,-4.92611079e-04
0.00000000e+00,-1.60095252e-04,-3.20190504e-04,-4.80285755e-04
0.00000000e+00,-1.63664927e-04,-3.27329855e-04,-4.90994782e-04
0.00000000e+00,-1.62746513e-04,-3.25493025e-04,-4.88239538e-04
0.00000000e+00,-1.60725828e-04,-3.21451656e-04,-4.82177484e-04
0.00000000e+00,-1.63036396e-04,-3.26072791e-04,-4.89109187e-04
0.00000000e+00,-1.60840028e-04,-3.21680057e-04,-4.82520085e-04
0.00000000e+00,-1.63315399e-04,-3.26630797e-04,-4.89946196e-04
0.00000000e+00,-1.60269489e-04,-3.20538979e-04,-4.80808468e-04
0.00000000e+00,-1.62850863e-04,-3.25701726e-04,-4.88552589e-04
0.00000000e+00,-1.61995931e-04,-3.23991862e-04,-4.85987794e-04
0.00000000e+00,-1.61118233e-04,-3.22236467e-04,-4.83354700e-04
0.00000000e+00,-1.62859813e-04,-3.25719626e-04,-4.88579438e-04
0.00000000e+00,-1.63793919e-04,-3.27587839e-04,-4.91381758e-04
0.00000000e+00,-1.64833742e-04,-3.29667485e-04,-4.94501227e-04
0.00000000e+00,-1.62833349e-04,-3.25666697e-04,-4.88500046e-04
0.00000000e+00,-1.64206212e-04,-3.28412425e-04,-4.92618637e-04
0.00000000e+00,-1.63153949e-04,-3.26307899e-04,-4.89461848e-04
0.00000000e+00,-1.64576526e-04,-3.29153053e-04,-4.93729579e-04
0.00000000e+00,-1.64282042e-04,-3.28564083e-04,-4.92846125e-04
0.00000000e+00,-1.63454481e-04,-3.26908961e-04,-4.90363442e-04
0.00000000e+00,-1.64482825e-04,-3.28965649e-04,-4.93448474e-04
0.00000000e+00,-1.62039377e-04,-3.24078754e-04,-4.86118131e-04
0.00000000e+00,-1.63887610e-04,-3.27775220e-04,-4.91662830e-04
0.00000000e+00,-1.63527364e-04,-3.27054727e-04,-4.90582091e-04
0.00000000e+00,-1.62195279e-04,-3.24390558e-04,-4.86585837e-04
0.00000000e+00,-1.63597180e-04,-3.27194359e-04,-4.90791539e-04
0.00000000e+00,-1.62449987e-04,-3.24899974e-04,-4.87349961e-04
0.00000000e+00,-1.63878708e-04,-3.27757415e-04,-4.91636123e-04
0.00000000e+00,-1.61440267e-04,-3.22880534e-04,-4.84320801e-04
0.00000000e+00,-1.63278483e-04,-3.26556967e-04,-4.89835450e-04
0.00000000e+00,-1.62933112e-04,-3.25866224e-04,-4.88799336e-04
0.00000000e+00,-1.62215984e-04,-3.24431968e-04,-4.86647952e-04
0.00000000e+00,-1.63406545e-04,-3.26813090e-04,-4.90219635e-04
0.00000000e+00,-1.64833806e-04,-3.29667612e-04,-4.94501418e-04
0.00000000e+00,-1.65147896e-04,-3.30295791e-04,-4.95443687e-04
0.00000000e+00,-1.64206126e-04,-3.28412251e-04,-4.92618377e-04
0.00000000e+00,-1.64733365e-04,-3.29466731e-04,-4.94200096e-04
0.00000000e+00,-1.64282589e-04,-3.28565177e-04,-4.92847766e-04
0.00000000e+00,-1.64988171e-04,-3.29976341e-04,-4.94964512e-04
0.00000000e+00,-1.64987977e-04,-3.29975954e-04,-4.94963930e-04
0.00000000e+00,-1.64482842e-04,-3.28965685e-04,-4.93448527e-04
0.00000000e+00,-1.64970486e-04,-3.29940972e-04,-4.94911458e-04
0.00000000e+00,-1.63527438e-04,-3.27054876e-04,-4.90582315e-04
0.00000000e+00,-1.64458780e-04,-3.28917560e-04,-4.93376340e-04
0.00000000e+00,-1.64458691e-04,-3.28917383e-04,-4.93376074e-04
0.00000000e+00,-1.63597185e-04,-3.27194370e-04,-4.90791556e-04
0.00000000e+00,-1.64297166e-04,-3.28594332e-04,-4.92891499e-04
0.00000000e+00,-1.63878706e-04,-3.27757412e-04,-4.91636118e-04
0.00000000e+00,-1.64513056e-04,-3.29026112e-04,-4.93539168e-04
0.00000000e+00,-1.62933140e-04,-3.25866280e-04,-4.88799420e-04
0.00000000e+00,-1.63936810e-04,-3.27873619e-04,-4.91810429e-04
0.00000000e+00,-1.63936815e-04,-3.27873630e-04,-4.91810445e-04
0.00000000e+00,-1.63406537e-04,-3.26813075e-04,-4.90219612e-04
0.00000000e+00,-1.64093629e-04,-3.28187257e-04,-4.92280886e-04
0.00000000e+00,-1.62461750e-04,-3.24923500e-04,-4.87385251e-04
0.00000000e+00,-1.54519286e-04,-3.09038573e-04,-4.63557859e-04
0.00000000e+00,-1.49743316e-04,-2.99486632e-04,-4.49229948e-04
0.00000000e+00,-1.61929511e-04,-3.23859022e-04,-4.85788533e-04
0.00000000e+00,-1.59213692e-04,-3.18427383e-04,-4.77641075e-04
0.00000000e+00,-1.55108175e-04,-3.10216351e-04,-4.65324526e-04
0.00000000e+00,-1.58622331e-04,-3.17244661e-04,-4.75866992e-04
0.00000000e+00,-1.58023926e-04,-3.16047851e-04,-4.74071777e-04
0.00000000e+00,-1.55954835e-04,-3.11909669e-04,-4.67864504e-04
0.00000000e+00,-1.56280711e-04,-3.12561422e-04,-4.68842133e-04
0.00000000e+00,-1.59273265e-04,-3.18546530e-04,-4.77819795e-04
0.00000000e+00,-1.59476802e-04,-3.18953604e-04,-4.78430406e-04
0.00000000e+00,-1.61775728e-04,-3.23551456e-04,-4.85327184e-04
0.00000000e+00,-1.61477897e-04,-3.22955794e-04,-4.84433692e-04
0.00000000e+00,-1.61926320e-04,-3.23852640e-04,-4.85778959e-04
0.00000000e+00,-1.63156143e-04,-3.26312287e-04,-4.89468430e-04
0.00000000e+00,-1.61366849e-04,-3.22733699e-04,-4.84100548e-04
0.00000000e+00,-1.58622951e-04,-3.17245901e-04,-4.75868852e-04
0.00000000e+00,-1.62039633e-04,-3.24079267e-04,-4.86118900e-04
0.00000000e+00,-1.60725864e-04,-3.21451728e-04,-4.82177592e-04
0.00000000e+00,-1.60839874e-04,-3.21679749e-04,-4.82519623e-04
0.00000000e+00,-1.59273211e-04,-3.18546422e-04,-4.77819633e-04
0.00000000e+00,-1.61440246e-04,-3.22880492e-04,-4.84320738e-04
0.00000000e+00,-1.61118245e-04,-3.22236490e-04,-4.83354734e-04
0.00000000e+00,-1.64649955e-04,-3.29299910e-04,-4.93949865e-04
0.00000000e+00,-1.63589509e-04,-3.27179019e-04,-4.90768528e-04
0.00000000e+00,-1.63406000e-04,-3.26812000e-04,-4.90218000e-04
0.00000000e+00,-1.64576387e-04,-3.29152775e-04,-4.93729162e-04
0.00000000e+00,-1.64203585e-04,-3.28407170e-04,-4.92610755e-04
0.00000000e+00,-1.62746235e-04,-3.25492470e-04,-4.88238705e-04
0.00000000e+00,-1.63887557e-04,-3.27775113e-04,-4.91662670e-04
0.00000000e+00,-1.63036354e-04,-3.26072707e-04,-4.89109061e-04
0.00000000e+00,-1.63315387e-04,-3.26630773e-04,-4.89946160e-04
0.00000000e+00,-1.61995895e-04,-3.23991790e-04,-4.85987685e-04
0.00000000e+00,-1.63278464e-04,-3.26556928e-04,-4.89835392e-04
0.00000000e+00,-1.62859792e-04,-3.25719585e-04,-4.88579377e-04
0.00000000e+00,-1.49745424e-04,-2.99490847e-04,-4.49236271e-04
0.00000000e+00,-1.55108442e-04,-3.10216884e-04,-4.65325326e-04
0.00000000e+00,-1.56280672e-04,-3.12561344e-04,-4.68842016e-04
0.00000000e+00,-1.62850221e-04,-3.25700441e-04,-4.88550662e-04
0.00000000e+00,-1.60094949e-04,-3.20189898e-04,-4.80284847e-04
0.00000000e+00,-1.60269432e-04,-3.20538865e-04,-4.80808297e-04
0.00000000e+00,-1.64166200e-04,-3.28332401e-04,-4.92498601e-04
0.00000000e+00,-1.63664995e-04,-3.27329990e-04,-4.90994985e-04
0.00000000e+00,-1.62850867e-04,-3.25701734e-04,-4.88552601e-04
0.00000000e+00,-1.64739778e-04,-3.29479557e-04,-4.94219335e-04
0.00000000e+00,-1.65136158e-04,-3.30272315e-04,-4.95408473e-04
0.00000000e+00,-1.64553365e-04,-3.29106730e-04,-4.93660095e-04
0.00000000e+00,-1.64964962e-04,-3.29929923e-04,-4.94894885e-04
0.00000000e+00,-1.64187073e-04,-3.28374146e-04,-4.92561219e-04
0.00000000e+00,-1.64928801e-04,-3.29857601e-04,-4.94786402e-04
0.00000000e+00,-1.64722044e-04,-3.29444088e-04,-4.94166131e-04
0.00000000e+00,-1.65211290e-04,-3.30422580e-04,-4.95633869e-04
0.00000000e+00,-1.65503754e-04,-3.31007509e-04,-4.96511263e-04
0.00000000e+00,-1.64971860e-04,-3.29943719e-04,-4.94915579e-04
0.00000000e+00,-1.65319936e-04,-3.30639871e-04,-4.95959807e-04
0.00000000e+00,-1.64735629e-04,-3.29471257e-04,-4.94206886e-04
0.00000000e+00,-1.65338884e-04,-3.30677768e-04,-4.96016652e-04
0.00000000e+00,-1.65131095e-04,-3.30262189e-04,-4.95393284e-04
0.00000000e+00,-1.65642235e-04,-3.31284470e-04,-4.96926705e-04
0.00000000e+00,-1.65826683e-04,-3.31653367e-04,-4.97480050e-04
0.00000000e+00,-1.65450783e-04,-3.30901565e-04,-4.96352348e-04
0.00000000e+00,-1.65670292e-04,-3.31340583e-04,-4.97010875e-04
0.00000000e+00,-1.65305037e-04,-3.30610075e-04,-4.95915112e-04
0.00000000e+00,-1.65733196e-04,-3.31466391e-04,-4.97199587e-04
0.00000000e+00,-1.65520552e-04,-3.31041104e-04,-4.96561657e-04
0.00000000e+00,-1.65738227e-04,-3.31476453e-04,-4.97214680e-04
0.00000000e+00,-1.65916967e-04,-3.31833934e-04,-4.97750901e-04
0.00000000e+00,-1.65629902e-04,-3.31259804e-04,-4.96889705e-04
0.00000000e+00,-1.65821309e-04,-3.31642618e-04,-4.97463926e-04
0.00000000e+00,-1.65248036e-04,-3.30496071e-04,-4.95744107e-04
0.00000000e+00,-1.65821086e-04,-3.31642172e-04,-4.97463258e-04
0.00000000e+00,-1.65529328e-04,-3.31058655e-04,-4.96587983e-04
0.00000000e+00,-1.65995227e-04,-3.31990454e-04,-4.97985680e-04
0.00000000e+00,-1.66114399e-04,-3.32228799e-04,-4.98343198e-04
0.00000000e+00,-1.65864721e-04,-3.31729442e-04,-4.97594163e-04
0.00000000e+00,-1.66017198e-04,-3.32034396e-04,-4.98051593e-04
0.00000000e+00,-1.65615115e-04,-3.31230230e-04,-4.96845346e-04
0.00000000e+00,-1.66045216e-04,-3.32090433e-04,-4.98135649e-04
0.00000000e+00,-1.65815338e-04,-3.31630676e-04,-4.97446014e-04
0.00000000e+00,-1.66225877e-04,-3.32451754e-04,-4.98677631e-04
0.00000000e+00,-1.66282767e-04,-3.32565533e-04,-4.98848300e-04
0.00000000e+00,-1.66116255e-04,-3.32232509e-04,-4.98348764e-04
0.00000000e+00,-1.66204938e-04,-3.32409875e-04,-4.98614813e-04
0.00000000e+00,-1.65957264e-04,-3.31914529e-04,-4.97871793e-04
0.00000000e+00,-1.66250799e-04,-3.32501598e-04,-4.98752398e-04
0.00000000e+00,-1.66069955e-04,-3.32139909e-04,-4.98209864e-04
0.00000000e+00,-1.66666666e-04,-3.33333331e-04,-4.99999997e-04
0.00000000e+00,-1.66666666e-04,-3.33333331e-04,-4.99999997e-04
0.00000000e+00,-1.66666666e-04,-3.33333331e-04,-4.99999997e-04
0.00000000e+00,-1.66666666e-04,-3.33333332e-04,-4.99999997e-04
0.00000000e+00,-1.66205350e-04,-3.32410700e-04,-4.98616050e-04
0.00000000e+00,-1.66666666e-04,-3.33333331e-04,-4.99999997e-04
0.00000000e+00,-1.66292723e-04,-3.32585445e-04,-4.98878168e-04
0.00000000e+00,-1.66666665e-04,-3.33333330e-04,-4.99999995e-04
0.00000000e+00,-1.66666665e-04,-3.33333331e-04,-4.99999996e-04
0.00000000e+00,-1.66666665e-04,-3.33333331e-04,-4.99999996e-04
0.00000000e+00,-1.66666666e-04,-3.33333331e-04,-4.99999997e-04
0.00000000e+00,-1.66334241e-04,-3.32668481e-04,-4.99002722e-04
0.00000000e+00,-1.66666665e-04,-3.33333331e-04,-4.99999996e-04
0.00000000e+00,-1.66391753e-04,-3.32783506e-04,-4.99175259e-04
0.00000000e+00,-1.66666665e-04,-3.33333330e-04,-4.99999994e-04
0.00000000e+00,-1.66666665e-04,-3.33333330e-04,-4.99999995e-04
0.00000000e+00,-1.66666665e-04,-3.33333330e-04,-4.99999995e-04
0.00000000e+00,-1.66666665e-04,-3.33333331e-04,-4.99999996e-04
0.00000000e+00,-1.66453419e-04,-3.32906837e-04,-4.99360256e-04
0.00000000e+00,-1.66666665e-04,-3.33333330e-04,-4.99999995e-04
0.00000000e+00,-1.66479678e-04,-3.32959356e-04,-4.99439034e-04
0.00000000e+00,-1.64421922e-04,-3.28843844e-04,-4.93265766e-04
0.00000000e+00,-1.64229983e-04,-3.28459966e-04,-4.92689949e-04
0.00000000e+00,-1.63763059e-04,-3.27526117e-04,-4.91289176e-04
0.00000000e+00,-1.64557441e-04,-3.29114883e-04,-4.93672324e-04
0.00000000e+00,-1.65014164e-04,-3.30028327e-04,-4.95042491e-04
0.00000000e+00,-1.64696316e-04,-3.29392632e-04,-4.94088948e-04
0.00000000e+00,-1.64346506e-04,-3.28693012e-04,-4.93039518e-04
0.00000000e+00,-1.65074756e-04,-3.30149512e-04,-4.95224268e-04
0.00000000e+00,-1.65498338e-04,-3.30996677e-04,-4.96495015e-04
0.00000000e+00,-1.65257164e-04,-3.30514328e-04,-4.95771492e-04
0.00000000e+00,-1.65144270e-04,-3.30288539e-04,-4.95432809e-04
0.00000000e+00,-1.65594629e-04,-3.31189259e-04,-4.96783888e-04
0.00000000e+00,-1.65600281e-04,-3.31200562e-04,-4.96800843e-04
0.00000000e+00,-1.65483709e-04,-3.30967418e-04,-4.96451127e-04
0.00000000e+00,-1.65027561e-04,-3.30055121e-04,-4.95082682e-04
0.00000000e+00,-1.65655817e-04,-3.31311634e-04,-4.96967451e-04
0.00000000e+00,-1.65901084e-04,-3.31802167e-04,-4.97703251e-04
0.00000000e+00,-1.65748406e-04,-3.31496812e-04,-4.97245217e-04
0.00000000e+00,-1.65476865e-04,-3.30953730e-04,-4.96430595e-04
0.00000000e+00,-1.65936411e-04,-3.31872822e-04,-4.97809233e-04
0.00000000e+00,-1.66186888e-04,-3.32373775e-04,-4.98560663e-04
0.00000000e+00,-1.66056898e-04,-3.32113795e-04,-4.98170693e-04
0.00000000e+00,-1.65879260e-04,-3.31758520e-04,-4.97637780e-04
0.00000000e+00,-1.66196952e-04,-3.32393905e-04,-4.98590857e-04
0.00000000e+00,-1.66666665e-04,-3.33333331e-04,-4.99999996e-04
0.00000000e+00,-1.66666666e-04,-3.33333331e-04,-4.99999997e-04
0.00000000e+00,-1.66138435e-04,-3.32276869e-04,-4.98415304e-04
0.00000000e+00,-1.66666665e-04,-3.33333331e-04,-4.99999996e-04
0.00000000e+00,-1.66666665e-04,-3.33333330e-04,-4.99999995e-04
0.00000000e+00,-1.66666665e-04,-3.33333330e-04,-4.99999996e-04
0.00000000e+00,-1.66288614e-04,-3.32577227e-04,-4.98865841e-04
0.00000000e+00,-1.66666665e-04,-3.33333330e-04,-4.99999995e-04
0.00000000e+00,-1.66666665e-04,-3.33333329e-04,-4.99999994e-04
0.00000000e+00,-1.66666665e-04,-3.33333330e-04,-4.99999994e-04
0.00000000e+00,-1.66435358e-04,-3.32870716e-04,-4.99306074e-04
0.00000000e+00,-1.66666665e-04,-3.33333329e-04,-4.99999994e-04
0.00000000e+00,-1.64280985e-04,-3.28561970e-04,-4.92842955e-04
0.00000000e+00,-1.64106303e-04,-3.28212607e-04,-4.92318910e-04
0.00000000e+00,-1.63647483e-04,-3.27294966e-04,-4.90942449e-04
0.00000000e+00,-1.64330377e-04,-3.28660754e-04,-4.92991130e-04
0.00000000e+00,-1.64913464e-04,-3.29826927e-04,-4.94740391e-04
0.00000000e+00,-1.64612147e-04,-3.29224294e-04,-4.93836440e-04
0.00000000e+00,-1.64245324e-04,-3.28490648e-04,-4.92735971e-04
0.00000000e+00,-1.64883591e-04,-3.29767183e-04,-4.94650774e-04
0.00000000e+00,-1.65409621e-04,-3.30819242e-04,-4.96228863e-04
0.00000000e+00,-1.65218465e-04,-3.30436930e-04,-4.95655394e-04
0.00000000e+00,-1.65218900e-04,-3.30437800e-04,-4.95656701e-04
0.00000000e+00,-1.65536084e-04,-3.31072168e-04,-4.96608251e-04
0.00000000e+00,-1.65550337e-04,-3.31100673e-04,-4.96651010e-04
0.00000000e+00,-1.65426865e-04,-3.30853730e-04,-4.96280595e-04
0.00000000e+00,-1.64934342e-04,-3.29868683e-04,-4.94803025e-04
0.00000000e+00,-1.65554567e-04,-3.31109135e-04,-4.96663702e-04
0.00000000e+00,-1.65870139e-04,-3.31740278e-04,-4.97610417e-04
0.00000000e+00,-1.65700245e-04,-3.31400490e-04,-4.97100735e-04
0.00000000e+00,-1.65415448e-04,-3.30830895e-04,-4.96246343e-04
0.00000000e+00,-1.65876359e-04,-3.31752717e-04,-4.97629076e-04
0.00000000e+00,-1.66177735e-04,-3.32355470e-04,-4.98533204e-04
0.00000000e+00,-1.66028239e-04,-3.32056478e-04,-4.98084717e-04
0.00000000e+00,-1.65822740e-04,-3.31645479e-04,-4.97468219e-04
0.00000000e+00,-1.66165212e-04,-3.32330425e-04,-4.98495637e-04
0.00000000e+00,-1.66666665e-04,-3.33333331e-04,-4.99999996e-04
0.00000000e+00,-1.66666666e-04,-3.33333331e-04,-4.99999997e-04
0.00000000e+00,-1.66114837e-04,-3.32229673e-04,-4.98344510e-04
0.00000000e+00,-1.66666665e-04,-3.33333331e-04,-4.99999996e-04
0.00000000e+00,-1.66666665e-04,-3.33333330e-04,-4.99999995e-04
0.00000000e+00,-1.66666665e-04,-3.33333330e-04,-4.99999995e-04
0.00000000e+00,-1.66273293e-04,-3.32546587e-04,-4.98819880e-04
0.00000000e+00,-1.66666665e-04,-3.33333330e-04,-4.99999995e-04
0.00000000e+00,-1.66666664e-04,-3.33333329e-04,-4.99999993e-04
0.00000000e+00,-1.66666665e-04,-3.33333329e-04,-4.99999994e-04
0.00000000e+00,-1.66433963e-04,-3.32867925e-04,-4.99301888e-04
0.00000000e+00,-1.66666664e-04,-3.33333329e-04,-4.99999993e-04
0.00000000e+00,-1.67733050e-04,-3.35466100e-04,-5.03199150e-04
0.00000000e+00,-1.67782994e-04,-3.35565989e-04,-5.03348983e-04
0.00000000e+00,-1.67849623e-04,-3.35699245e-04,-5.03548868e-04
0.00000000e+00,-1.67906466e-04,-3.35812933e-04,-5.03719399e-04
0.00000000e+00,-1.67194896e-04,-3.34389793e-04,-5.01584689e-04
0.00000000e+00,-1.67218494e-04,-3.34436989e-04,-5.01655483e-04
0.00000000e+00,-1.67778764e-04,-3.35557527e-04,-5.03336291e-04
0.00000000e+00,-1.67432246e-04,-3.34864493e-04,-5.02296739e-04
0.00000000e+00,-1.67463191e-04,-3.34926382e-04,-5.02389573e-04
0.00000000e+00,-1.67584925e-04,-3.35169849e-04,-5.02754774e-04
0.00000000e+00,-1.67633085e-04,-3.35266171e-04,-5.02899256e-04
0.00000000e+00,-1.67044716e-04,-3.34089433e-04,-5.01134149e-04
0.00000000e+00,-1.67060037e-04,-3.34120073e-04,-5.01180110e-04
0.00000000e+00,-1.67456971e-04,-3.34913943e-04,-5.02370914e-04
0.00000000e+00,-1.67146442e-04,-3.34292883e-04,-5.01439325e-04
0.00000000e+00,-1.67155594e-04,-3.34311189e-04,-5.01466783e-04
0.00000000e+00,-1.67276432e-04,-3.34552864e-04,-5.01829296e-04
0.00000000e+00,-1.67305090e-04,-3.34610181e-04,-5.01915271e-04
0.00000000e+00,-1.66897971e-04,-3.33795942e-04,-5.00693913e-04
0.00000000e+00,-1.66899366e-04,-3.33798733e-04,-5.00698099e-04
0.00000000e+00,-1.67168117e-04,-3.34336234e-04,-5.01504350e-04
0.00000000e+00,-1.68911409e-04,-3.37822818e-04,-5.06734227e-04
0.00000000e+00,-1.69052346e-04,-3.38104692e-04,-5.07157039e-04
0.00000000e+00,-1.69103349e-04,-3.38206697e-04,-5.07310046e-04
0.00000000e+00,-1.69227028e-04,-3.38454056e-04,-5.07681085e-04
0.00000000e+00,-1.68305770e-04,-3.36611541e-04,-5.04917311e-04
0.00000000e+00,-1.68398989e-04,-3.36797979e-04,-5.05196968e-04
0.00000000e+00,-1.69002954e-04,-3.38005909e-04,-5.07008863e-04
0.00000000e+00,-1.68319167e-04,-3.36638333e-04,-5.04957500e-04
0.00000000e+00,-1.68419866e-04,-3.36839733e-04,-5.05259599e-04
0.00000000e+00,-1.68637015e-04,-3.37274029e-04,-5.05911044e-04
0.00000000e+00,-1.68721184e-04,-3.37442368e-04,-5.06163551e-04
0.00000000e+00,-1.67856465e-04,-3.35712930e-04,-5.03569395e-04
0.00000000e+00,-1.67917882e-04,-3.35835765e-04,-5.03753647e-04
0.00000000e+00,-1.68449739e-04,-3.36899478e-04,-5.05349217e-04
0.00000000e+00,-1.67834991e-04,-3.35669982e-04,-5.03504974e-04
0.00000000e+00,-1.67923708e-04,-3.35847417e-04,-5.03771125e-04
0.00000000e+00,-1.68076166e-04,-3.36152332e-04,-5.04228498e-04
0.00000000e+00,-1.68114865e-04,-3.36229730e-04,-5.04344595e-04
0.00000000e+00,-1.67454069e-04,-3.34908139e-04,-5.02362208e-04
0.00000000e+00,-1.67510590e-04,-3.35021179e-04,-5.02531769e-04
0.00000000e+00,-1.67797246e-04,-3.35594491e-04,-5.03391737e-04
0.00000000e+00,-1.69570273e-04,-3.39140545e-04,-5.08710818e-04
0.00000000e+00,-1.69685848e-04,-3.39371696e-04,-5.09057544e-04
0.00000000e+00,-1.68986824e-04,-3.37973649e-04,-5.06960473e-04
0.00000000e+00,-1.69088007e-04,-3.38176013e-04,-5.07264020e-04
0.00000000e+00,-1.68189060e-04,-3.36378121e-04,-5.04567181e-04
0.00000000e+00,-1.68114430e-04,-3.36228859e-04,-5.04343289e-04
0.00000000e+00,-1.67595105e-04,-3.35190209e-04,-5.02785314e-04
0.00000000e+00,-1.67703430e-04,-3.35406859e-04,-5.03110289e-04
0.00000000e+00,-1.67127981e-04,-3.34255962e-04,-5.01383943e-04
0.00000000e+00,-1.67677514e-04,-3.35355028e-04,-5.03032542e-04
0.00000000e+00,-1.67338104e-04,-3.34676207e-04,-5.02014311e-04
0.00000000e+00,-1.67468610e-04,-3.34937219e-04,-5.02405829e-04
0.00000000e+00,-1.66999090e-04,-3.33998179e-04,-5.00997269e-04
0.00000000e+00,-1.67396919e-04,-3.34793839e-04,-5.02190758e-04
0.00000000e+00,-1.67107453e-04,-3.34214906e-04,-5.01322358e-04
0.00000000e+00,-1.67217075e-04,-3.34434151e-04,-5.01651226e-04
0.00000000e+00,-1.66879911e-04,-3.33759822e-04,-5.00639733e-04
0.00000000e+00,-1.67136377e-04,-3.34272754e-04,-5.01409131e-04
0.00000000e+00,-1.68593553e-04,-3.37187106e-04,-5.05780659e-04
0.00000000e+00,-1.68779967e-04,-3.37559933e-04,-5.06339900e-04
0.00000000e+00,-1.68085295e-04,-3.36170591e-04,-5.04255886e-04
0.00000000e+00,-1.68775890e-04,-3.37551779e-04,-5.06327669e-04
0.00000000e+00,-1.68122041e-04,-3.36244082e-04,-5.04366122e-04
0.00000000e+00,-1.68361471e-04,-3.36722943e-04,-5.05084414e-04
0.00000000e+00,-1.67718215e-04,-3.35436431e-04,-5.03154646e-04
0.00000000e+00,-1.68258575e-04,-3.36517149e-04,-5.04775724e-04
0.00000000e+00,-1.67691095e-04,-3.35382190e-04,-5.03073285e-04
0.00000000e+00,-1.67882548e-04,-3.35765096e-04,-5.03647643e-04
0.00000000e+00,-1.67376065e-04,-3.34752131e-04,-5.02128196e-04
0.00000000e+00,-1.67738702e-04,-3.35477404e-04,-5.03216107e-04
0.00000000e+00,-1.69146258e-04,-3.38292517e-04,-5.07438775e-04
0.00000000e+00,-1.68597702e-04,-3.37195405e-04,-5.05793107e-04
0.00000000e+00,-1.68028293e-04,-3.36056586e-04,-5.04084879e-04
0.00000000e+00,-1.67416364e-04,-3.34832729e-04,-5.02249093e-04
0.00000000e+00,-1.67512023e-04,-3.35024046e-04,-5.02536068e-04
0.00000000e+00,-1.67040609e-04,-3.34081217e-04,-5.01121826e-04
0.00000000e+00,-1.67512245e-04,-3.35024491e-04,-5.02536736e-04
0.00000000e+00,-1.67218932e-04,-3.34437863e-04,-5.01656795e-04
0.00000000e+00,-1.67316133e-04,-3.34632267e-04,-5.01948400e-04
0.00000000e+00,-1.66941578e-04,-3.33883156e-04,-5.00824734e-04
0.00000000e+00,-1.67288114e-04,-3.34576228e-04,-5.01864342e-04
0.00000000e+00,-1.67050564e-04,-3.34101128e-04,-5.01151692e-04
0.00000000e+00,-1.67128393e-04,-3.34256786e-04,-5.01385179e-04
0.00000000e+00,-1.66853652e-04,-3.33707305e-04,-5.00560957e-04
0.00000000e+00,-1.67082531e-04,-3.34165062e-04,-5.01247592e-04
0.00000000e+00,-1.68197174e-04,-3.36394348e-04,-5.04591521e-04
0.00000000e+00,-1.68368370e-04,-3.36736740e-04,-5.05105110e-04
0.00000000e+00,-1.67804004e-04,-3.35608007e-04,-5.03412011e-04
0.00000000e+00,-1.68404531e-04,-3.36809061e-04,-5.05213592e-04
0.00000000e+00,-1.67829577e-04,-3.35659153e-04,-5.03488730e-04
0.00000000e+00,-1.68013396e-04,-3.36026791e-04,-5.04040187e-04
0.00000000e+00,-1.67517993e-04,-3.35035986e-04,-5.02553979e-04
0.00000000e+00,-1.67994447e-04,-3.35988894e-04,-5.03983341e-04
0.00000000e+00,-1.67506647e-04,-3.35013294e-04,-5.02519942e-04
0.00000000e+00,-1.67663039e-04,-3.35326078e-04,-5.02989117e-04
0.00000000e+00,-1.67263376e-04,-3.34526752e-04,-5.01790127e-04
0.00000000e+00,-1.67600135e-04,-3.35200269e-04,-5.02800404e-04
0.00000000e+00,-1.68611288e-04,-3.37222575e-04,-5.05833863e-04
0.00000000e+00,-1.68202236e-04,-3.36404473e-04,-5.04606709e-04
0.00000000e+00,-1.67812778e-04,-3.35625557e-04,-5.03438335e-04
0.00000000e+00,-1.64421922e-04,-3.28843844e-04,-4.93265766e-04
0.00000000e+00,-1.64229983e-04,-3.28459966e-04,-4.92689948e-04
0.00000000e+00,-1.63763058e-04,-3.27526117e-04,-4.91289175e-04
0.00000000e+00,-1.64330377e-04,-3.28660753e-04,-4.92991130e-04
0.00000000e+00,-1.65014163e-04,-3.30028327e-04,-4.95042490e-04
0.00000000e+00,-1.64696316e-04,-3.29392632e-04,-4.94088947e-04
0.00000000e+00,-1.64346505e-04,-3.28693011e-04,-4.93039516e-04
0.00000000e+00,-1.64883591e-04,-3.29767182e-04,-4.94650774e-04
0.00000000e+00,-1.65498338e-04,-3.30996676e-04,-4.96495013e-04
0.00000000e+00,-1.65257164e-04,-3.30514327e-04,-4.95771491e-04
0.00000000e+00,-1.65144269e-04,-3.30288539e-04,-4.95432808e-04
0.00000000e+00,-1.65536084e-04,-3.31072167e-04,-4.96608251e-04
0.00000000e+00,-1.65600281e-04,-3.31200562e-04,-4.96800843e-04
0.00000000e+00,-1.65483709e-04,-3.30967418e-04,-4.96451127e-04
0.00000000e+00,-1.65027560e-04,-3.30055121e-04,-4.95082681e-04
0.00000000e+00,-1.65554567e-04,-3.31109135e-04,-4.96663702e-04
0.00000000e+00,-1.65901083e-04,-3.31802167e-04,-4.97703250e-04
0.00000000e+00,-1.65748406e-04,-3.31496811e-04,-4.97245217e-04
0.00000000e+00,-1.65476865e-04,-3.30953730e-04,-4.96430594e-04
0.00000000e+00,-1.65876358e-04,-3.31752717e-04,-4.97629075e-04
0.00000000e+00,-1.66186888e-04,-3.32373775e-04,-4.98560663e-04
0.00000000e+00,-1.66056898e-04,-3.32113795e-04,-4.98170693e-04
0.00000000e+00,-1.65879260e-04,-3.31758520e-04,-4.97637779e-04
0.00000000e+00,-1.66165212e-04,-3.32330425e-04,-4.98495637e-04
0.00000000e+00,-1.66666665e-04,-3.33333331e-04,-4.99999996e-04
0.00000000e+00,-1.66666666e-04,-3.33333331e-04,-4.99999997e-04
0.00000000e+00,-1.66138435e-04,-3.32276869e-04,-4.98415304e-04
0.00000000e+00,-1.66666665e-04,-3.33333331e-04,-4.99999996e-04
0.00000000e+00,-1.66666665e-04,-3.33333330e-04,-4.99999995e-04
0.00000000e+00,-1.66666665e-04,-3.33333330e-04,-4.99999996e-04
0.00000000e+00,-1.66288614e-04,-3.32577227e-04,-4.98865841e-04
0.00000000e+00,-1.66666665e-04,-3.33333330e-04,-4.99999995e-04
0.00000000e+00,-1.66666665e-04,-3.33333329e-04,-4.99999994e-04
0.00000000e+00,-1.66666665e-04,-3.33333330e-04,-4.99999994e-04
0.00000000e+00,-1.66435358e-04,-3.32870716e-04,-4.99306074e-04
0.00000000e+00,-1.66666665e-04,-3.33333329e-04,-4.99999994e-04
0.00000000e+00,-1.64739778e-04,-3.29479556e-04,-4.94219334e-04
0.00000000e+00,-1.64553365e-04,-3.29106730e-04,-4.93660095e-04
0.00000000e+00,-1.64187073e-04,-3.28374145e-04,-4.92561218e-04
0.00000000e+00,-1.64557441e-04,-3.29114882e-04,-4.93672324e-04
0.00000000e+00,-1.65211290e-04,-3.30422579e-04,-4.95633869e-04
0.00000000e+00,-1.64971859e-04,-3.29943718e-04,-4.94915577e-04
0.00000000e+00,-1.64735627e-04,-3.29471255e-04,-4.94206882e-04
0.00000000e+00,-1.65074755e-04,-3.30149511e-04,-4.95224266e-04
0.00000000e+00,-1.65642234e-04,-3.31284469e-04,-4.96926703e-04
0.00000000e+00,-1.65450782e-04,-3.30901564e-04,-4.96352346e-04
0.00000000e+00,-1.65305037e-04,-3.30610074e-04,-4.95915111e-04
0.00000000e+00,-1.65594629e-04,-3.31189258e-04,-4.96783888e-04
0.00000000e+00,-1.65738227e-04,-3.31476453e-04,-4.97214680e-04
0.00000000e+00,-1.65629902e-04,-3.31259804e-04,-4.96889705e-04
0.00000000e+00,-1.65248036e-04,-3.30496071e-04,-4.95744107e-04
0.00000000e+00,-1.65655817e-04,-3.31311634e-04,-4.96967451e-04
0.00000000e+00,-1.65995227e-04,-3.31990453e-04,-4.97985680e-04
0.00000000e+00,-1.65864721e-04,-3.31729442e-04,-4.97594163e-04
0.00000000e+00,-1.65615115e-04,-3.31230230e-04,-4.96845345e-04
0.00000000e+00,-1.65936411e-04,-3.31872822e-04,-4.97809232e-04
0.00000000e+00,-1.66225877e-04,-3.32451754e-04,-4.98677630e-04
0.00000000e+00,-1.66116255e-04,-3.32232509e-04,-4.98348764e-04
0.00000000e+00,-1.65957264e-04,-3.31914528e-04,-4.97871792e-04
0.00000000e+00,-1.66196952e-04,-3.32393905e-04,-4.98590857e-04
0.00000000e+00,-1.66666666e-04,-3.33333331e-04,-4.99999997e-04
0.00000000e+00,-1.66666666e-04,-3.33333332e-04,-4.99999997e-04
0.00000000e+00,-1.66205350e-04,-3.32410700e-04,-4.98616050e-04
0.00000000e+00,-1.66666666e-04,-3.33333331e-04,-4.99999997e-04
0.00000000e+00,-1.66666665e-04,-3.33333330e-04,-4.99999995e-04
0.00000000e+00,-1.66666665e-04,-3.33333331e-04,-4.99999996e-04
0.00000000e+00,-1.66334241e-04,-3.32668481e-04,-4.99002722e-04
0.00000000e+00,-1.66666665e-04,-3.33333330e-04,-4.99999995e-04
0.00000000e+00,-1.66666665e-04,-3.33333330e-04,-4.99999994e-04
0.00000000e+00,-1.66666665e-04,-3.33333330e-04,-4.99999995e-04
0.00000000e+00,-1.66453419e-04,-3.32906837e-04,-4.99360256e-04
0.00000000e+00,-1.66666664e-04,-3.33333329e-04,-4.99999993e-04
0.00000000e+00,-1.65136158e-04,-3.30272315e-04,-4.95408473e-04
0.00000000e+00,-1.64964962e-04,-3.29929923e-04,-4.94894885e-04
0.00000000e+00,-1.64722044e-04,-3.29444087e-04,-4.94166131e-04
0.00000000e+00,-1.64928800e-04,-3.29857601e-04,-4.94786401e-04
0.00000000e+00,-1.65503754e-04,-3.31007509e-04,-4.96511263e-04
0.00000000e+00,-1.65319935e-04,-3.30639871e-04,-4.95959806e-04
0.00000000e+00,-1.65131094e-04,-3.30262189e-04,-4.95393283e-04
0.00000000e+00,-1.65338884e-04,-3.30677767e-04,-4.96016651e-04
0.00000000e+00,-1.65826683e-04,-3.31653366e-04,-4.97480049e-04
0.00000000e+00,-1.65670292e-04,-3.31340583e-04,-4.97010875e-04
0.00000000e+00,-1.65520552e-04,-3.31041105e-04,-4.96561657e-04
0.00000000e+00,-1.65733195e-04,-3.31466391e-04,-4.97199586e-04
0.00000000e+00,-1.65916967e-04,-3.31833934e-04,-4.97750901e-04
0.00000000e+00,-1.65821309e-04,-3.31642618e-04,-4.97463927e-04
0.00000000e+00,-1.65529328e-04,-3.31058655e-04,-4.96587983e-04
0.00000000e+00,-1.65821086e-04,-3.31642172e-04,-4.97463258e-04
0.00000000e+00,-1.66114399e-04,-3.32228799e-04,-4.98343198e-04
0.00000000e+00,-1.66017198e-04,-3.32034396e-04,-4.98051593e-04
0.00000000e+00,-1.65815338e-04,-3.31630676e-04,-4.97446014e-04
0.00000000e+00,-1.66045216e-04,-3.32090433e-04,-4.98135649e-04
0.00000000e+00,-1.66282767e-04,-3.32565533e-04,-4.98848300e-04
0.00000000e+00,-1.66204938e-04,-3.32409875e-04,-4.98614813e-04
0.00000000e+00,-1.66069955e-04,-3.32139909e-04,-4.98209864e-04
0.00000000e+00,-1.66250799e-04,-3.32501598e-04,-4.98752398e-04
0.00000000e+00,-1.66666666e-04,-3.33333331e-04,-4.99999997e-04
0.00000000e+00,-1.66666666e-04,-3.33333332e-04,-4.99999998e-04
0.00000000e+00,-1.66292723e-04,-3.32585446e-04,-4.98878168e-04
0.00000000e+00,-1.66666666e-04,-3.33333331e-04,-4.99999997e-04
0.00000000e+00,-1.66666666e-04,-3.33333331e-04,-4.99999997e-04
0.00000000e+00,-1.66666666e-04,-3.33333331e-04,-4.99999997e-04
0.00000000e+00,-1.66391753e-04,-3.32783506e-04,-4.99175259e-04
0.00000000e+00,-1.66666665e-04,-3.33333331e-04,-4.99999996e-04
0.00000000e+00,-1.66666665e-04,-3.33333331e-04,-4.99999996e-04
0.00000000e+00,-1.66666665e-04,-3.33333331e-04,-4.99999996e-04
0.00000000e+00,-1.66479678e-04,-3.32959356e-04,-4.99439034e-04
0.00000000e+00,-1.66666665e-04,-3.33333330e-04,-4.99999995e-04
0.00000000e+00,-1.67595105e-04,-3.35190209e-04,-5.02785314e-04
0.00000000e+00,-1.67416365e-04,-3.34832729e-04,-5.02249094e-04
0.00000000e+00,-1.67703430e-04,-3.35406860e-04,-5.03110289e-04
0.00000000e+00,-1.67512023e-04,-3.35024046e-04,-5.02536069e-04
0.00000000e+00,-1.67127981e-04,-3.34255962e-04,-5.01383944e-04
0.00000000e+00,-1.67040609e-04,-3.34081217e-04,-5.01121826e-04
0.00000000e+00,-1.67512246e-04,-3.35024491e-04,-5.02536737e-04
0.00000000e+00,-1.67338104e-04,-3.34676207e-04,-5.02014311e-04
0.00000000e+00,-1.67218932e-04,-3.34437863e-04,-5.01656795e-04
0.00000000e+00,-1.67468610e-04,-3.34937220e-04,-5.02405829e-04
0.00000000e+00,-1.67316133e-04,-3.34632267e-04,-5.01948400e-04
0.00000000e+00,-1.66999090e-04,-3.33998179e-04,-5.00997269e-04
0.00000000e+00,-1.66941578e-04,-3.33883156e-04,-5.00824734e-04
0.00000000e+00,-1.67288114e-04,-3.34576228e-04,-5.01864343e-04
0.00000000e+00,-1.67107453e-04,-3.34214905e-04,-5.01322358e-04
0.00000000e+00,-1.67050564e-04,-3.34101128e-04,-5.01151692e-04
0.00000000e+00,-1.67217076e-04,-3.34434152e-04,-5.01651227e-04
0.00000000e+00,-1.67128393e-04,-3.34256786e-04,-5.01385179e-04
0.00000000e+00,-1.66879911e-04,-3.33759822e-04,-5.00639733e-04
0.00000000e+00,-1.66853653e-04,-3.33707305e-04,-5.00560958e-04
0.00000000e+00,-1.67082531e-04,-3.34165062e-04,-5.01247592e-04
0.00000000e+00,-1.68593553e-04,-3.37187106e-04,-5.05780659e-04
0.00000000e+00,-1.68197174e-04,-3.36394348e-04,-5.04591522e-04
0.00000000e+00,-1.68779967e-04,-3.37559934e-04,-5.06339900e-04
0.00000000e+00,-1.68368370e-04,-3.36736740e-04,-5.05105111e-04
0.00000000e+00,-1.68085296e-04,-3.36170591e-04,-5.04255887e-04
0.00000000e+00,-1.67804004e-04,-3.35608008e-04,-5.03412012e-04
0.00000000e+00,-1.68404531e-04,-3.36809062e-04,-5.05213593e-04
0.00000000e+00,-1.68122041e-04,-3.36244082e-04,-5.04366123e-04
0.00000000e+00,-1.67829577e-04,-3.35659154e-04,-5.03488730e-04
0.00000000e+00,-1.68361472e-04,-3.36722943e-04,-5.05084415e-04
0.00000000e+00,-1.68013396e-04,-3.36026792e-04,-5.04040188e-04
0.00000000e+00,-1.67718215e-04,-3.35436431e-04,-5.03154646e-04
0.00000000e+00,-1.67517993e-04,-3.35035986e-04,-5.02553980e-04
0.00000000e+00,-1.67994447e-04,-3.35988894e-04,-5.03983342e-04
0.00000000e+00,-1.67691095e-04,-3.35382191e-04,-5.03073286e-04
0.00000000e+00,-1.67506648e-04,-3.35013295e-04,-5.02519943e-04
0.00000000e+00,-1.67882548e-04,-3.35765096e-04,-5.03647644e-04
0.00000000e+00,-1.67663039e-04,-3.35326079e-04,-5.02989118e-04
0.00000000e+00,-1.67376065e-04,-3.34752131e-04,-5.02128196e-04
0.00000000e+00,-1.67263376e-04,-3.34526752e-04,-5.01790128e-04
0.00000000e+00,-1.67600135e-04,-3.35200270e-04,-5.02800405e-04
0.00000000e+00,-1.69146259e-04,-3.38292517e-04,-5.07438776e-04
0.00000000e+00,-1.68611288e-04,-3.37222576e-04,-5.05833864e-04
0.00000000e+00,-1.68597703e-04,-3.37195405e-04,-5.05793108e-04
0.00000000e+00,-1.68202237e-04,-3.36404474e-04,-5.04606710e-04
0.00000000e+00,-1.68028293e-04,-3.36056586e-04,-5.04084879e-04
0.00000000e+00,-1.67812779e-04,-3.35625558e-04,-5.03438336e-04
0.00000000e+00,-1.67733050e-04,-3.35466100e-04,-5.03199150e-04
0.00000000e+00,-1.67849623e-04,-3.35699245e-04,-5.03548868e-04
0.00000000e+00,-1.67194896e-04,-3.34389793e-04,-5.01584689e-04
0.00000000e+00,-1.67677514e-04,-3.35355028e-04,-5.03032542e-04
0.00000000e+00,-1.67432246e-04,-3.34864493e-04,-5.02296739e-04
0.00000000e+00,-1.67584925e-04,-3.35169849e-04,-5.02754774e-04
0.00000000e+00,-1.67044716e-04,-3.34089433e-04,-5.01134149e-04
0.00000000e+00,-1.67396920e-04,-3.34793839e-04,-5.02190759e-04
0.00000000e+00,-1.67146441e-04,-3.34292883e-04,-5.01439324e-04
0.00000000e+00,-1.67276432e-04,-3.34552865e-04,-5.01829297e-04
0.00000000e+00,-1.66897971e-04,-3.33795942e-04,-5.00693912e-04
0.00000000e+00,-1.67136385e-04,-3.34272770e-04,-5.01409155e-04
0.00000000e+00,-1.68911409e-04,-3.37822818e-04,-5.06734227e-04
0.00000000e+00,-1.69103349e-04,-3.38206698e-04,-5.07310046e-04
0.00000000e+00,-1.68305771e-04,-3.36611541e-04,-5.04917312e-04
0.00000000e+00,-1.68775890e-04,-3.37551780e-04,-5.06327670e-04
0.00000000e+00,-1.68319167e-04,-3.36638334e-04,-5.04957501e-04
0.00000000e+00,-1.68637015e-04,-3.37274030e-04,-5.05911044e-04
0.00000000e+00,-1.67856465e-04,-3.35712930e-04,-5.03569396e-04
0.00000000e+00,-1.68258575e-04,-3.36517150e-04,-5.04775724e-04
0.00000000e+00,-1.67834991e-04,-3.35669983e-04,-5.03504974e-04
0.00000000e+00,-1.68076166e-04,-3.36152332e-04,-5.04228498e-04
0.00000000e+00,-1.67454069e-04,-3.34908139e-04,-5.02362208e-04
0.00000000e+00,-1.67738700e-04,-3.35477401e-04,-5.03216101e-04
0.00000000e+00,-1.69570273e-04,-3.39140545e-04,-5.08710818e-04
0.00000000e+00,-1.68986825e-04,-3.37973649e-04,-5.06960474e-04
0.00000000e+00,-1.68189060e-04,-3.36378121e-04,-5.04567181e-04
0.00000000e+00,-1.67778764e-04,-3.35557527e-04,-5.03336291e-04
0.00000000e+00,-1.67456971e-04,-3.34913943e-04,-5.02370914e-04
0.00000000e+00,-1.67168117e-04,-3.34336233e-04,-5.01504350e-04
0.00000000e+00,-1.69002954e-04,-3.38005909e-04,-5.07008863e-04
0.00000000e+00,-1.68449739e-04,-3.36899478e-04,-5.05349217e-04
0.00000000e+00,-1.67797246e-04,-3.35594492e-04,-5.03391737e-04
0.00000000e+00,-1.65642238e-04,-3.31284477e-04,-4.96926715e-04
0.00000000e+00,-1.65826686e-04,-3.31653372e-04,-4.97480058e-04
0.00000000e+00,-1.65211293e-04,-3.30422585e-04,-4.95633878e-04
0.00000000e+00,-1.65503757e-04,-3.31007514e-04,-4.96511270e-04
0.00000000e+00,-1.65733199e-04,-3.31466397e-04,-4.97199596e-04
0.00000000e+00,-1.65520555e-04,-3.31041110e-04,-4.96561664e-04
0.00000000e+00,-1.65305040e-04,-3.30610081e-04,-4.95915121e-04
0.00000000e+00,-1.65450786e-04,-3.30901571e-04,-4.96352357e-04
0.00000000e+00,-1.65670294e-04,-3.31340589e-04,-4.97010883e-04
0.00000000e+00,-1.65338886e-04,-3.30677773e-04,-4.96016659e-04
0.00000000e+00,-1.65131097e-04,-3.30262194e-04,-4.95393291e-04
0.00000000e+00,-1.64735631e-04,-3.29471262e-04,-4.94206893e-04
0.00000000e+00,-1.64739780e-04,-3.29479561e-04,-4.94219341e-04
0.00000000e+00,-1.65136160e-04,-3.30272319e-04,-4.95408479e-04
0.00000000e+00,-1.64971862e-04,-3.29943724e-04,-4.94915586e-04
0.00000000e+00,-1.65319938e-04,-3.30639875e-04,-4.95959813e-04
0.00000000e+00,-1.64928803e-04,-3.29857605e-04,-4.94786408e-04
0.00000000e+00,-1.64722046e-04,-3.29444091e-04,-4.94166137e-04
0.00000000e+00,-1.64187075e-04,-3.28374150e-04,-4.92561225e-04
0.00000000e+00,-1.64553367e-04,-3.29106734e-04,-4.93660100e-04
0.00000000e+00,-1.64964963e-04,-3.29929927e-04,-4.94894890e-04
0.00000000e+00,-1.65498342e-04,-3.30996684e-04,-4.96495026e-04
0.00000000e+00,-1.65014167e-04,-3.30028333e-04,-4.95042500e-04
0.00000000e+00,-1.65594631e-04,-3.31189262e-04,-4.96783893e-04
0.00000000e+00,-1.65144273e-04,-3.30288546e-04,-4.95432819e-04
0.00000000e+00,-1.65257167e-04,-3.30514335e-04,-4.95771502e-04
0.00000000e+00,-1.65074759e-04,-3.30149517e-04,-4.95224276e-04
0.00000000e+00,-1.64346509e-04,-3.28693018e-04,-4.93039526e-04
0.00000000e+00,-1.64421924e-04,-3.28843849e-04,-4.93265773e-04
0.00000000e+00,-1.64696319e-04,-3.29392637e-04,-4.94088956e-04
0.00000000e+00,-1.64557444e-04,-3.29114887e-04,-4.93672331e-04
0.00000000e+00,-1.63763061e-04,-3.27526122e-04,-4.91289182e-04
0.00000000e+00,-1.64229985e-04,-3.28459969e-04,-4.92689954e-04
0.00000000e+00,-1.65409625e-04,-3.30819250e-04,-4.96228875e-04
0.00000000e+00,-1.64913467e-04,-3.29826934e-04,-4.94740401e-04
0.00000000e+00,-1.65536088e-04,-3.31072175e-04,-4.96608263e-04
0.00000000e+00,-1.65218904e-04,-3.30437807e-04,-4.95656711e-04
0.00000000e+00,-1.65218468e-04,-3.30436937e-04,-4.95655405e-04
0.00000000e+00,-1.64883594e-04,-3.29767189e-04,-4.94650783e-04
0.00000000e+00,-1.64245327e-04,-3.28490653e-04,-4.92735980e-04
0.00000000e+00,-1.64280987e-04,-3.28561974e-04,-4.92842961e-04
0.00000000e+00,-1.64612150e-04,-3.29224299e-04,-4.93836449e-04
0.00000000e+00,-1.64330379e-04,-3.28660758e-04,-4.92991137e-04
0.00000000e+00,-1.63647485e-04,-3.27294971e-04,-4.90942456e-04
0.00000000e+00,-1.64106305e-04,-3.28212610e-04,-4.92318915e-04
0.00000000e+00,-1.66225880e-04,-3.32451761e-04,-4.98677641e-04
0.00000000e+00,-1.66282769e-04,-3.32565539e-04,-4.98848308e-04
0.00000000e+00,-1.65995230e-04,-3.31990460e-04,-4.97985689e-04
0.00000000e+00,-1.66114402e-04,-3.32228804e-04,-4.98343205e-04
0.00000000e+00,-1.66250803e-04,-3.32501605e-04,-4.98752408e-04
0.00000000e+00,-1.66069958e-04,-3.32139915e-04,-4.98209873e-04
0.00000000e+00,-1.65957268e-04,-3.31914536e-04,-4.97871804e-04
0.00000000e+00,-1.66116258e-04,-3.32232516e-04,-4.98348774e-04
0.00000000e+00,-1.66204940e-04,-3.32409881e-04,-4.98614821e-04
0.00000000e+00,-1.66045219e-04,-3.32090438e-04,-4.98135658e-04
0.00000000e+00,-1.65815340e-04,-3.31630681e-04,-4.97446021e-04
0.00000000e+00,-1.65615118e-04,-3.31230236e-04,-4.96845354e-04
0.00000000e+00,-1.65738229e-04,-3.31476458e-04,-4.97214686e-04
0.00000000e+00,-1.65916969e-04,-3.31833938e-04,-4.97750907e-04
0.00000000e+00,-1.65864724e-04,-3.31729447e-04,-4.97594171e-04
0.00000000e+00,-1.66017200e-04,-3.32034400e-04,-4.98051600e-04
0.00000000e+00,-1.65821088e-04,-3.31642176e-04,-4.97463264e-04
0.00000000e+00,-1.65529330e-04,-3.31058659e-04,-4.96587989e-04
0.00000000e+00,-1.65248038e-04,-3.30496076e-04,-4.95744114e-04
0.00000000e+00,-1.65629904e-04,-3.31259807e-04,-4.96889711e-04
0.00000000e+00,-1.65821311e-04,-3.31642621e-04,-4.97463932e-04
0.00000000e+00,-1.66186892e-04,-3.32373783e-04,-4.98560675e-04
0.00000000e+00,-1.65901087e-04,-3.31802174e-04,-4.97703261e-04
0.00000000e+00,-1.66196956e-04,-3.32393913e-04,-4.98590869e-04
0.00000000e+00,-1.65879264e-04,-3.31758528e-04,-4.97637792e-04
0.00000000e+00,-1.66056901e-04,-3.32113803e-04,-4.98170704e-04
0.00000000e+00,-1.65936414e-04,-3.31872828e-04,-4.97809242e-04
0.00000000e+00,-1.65476868e-04,-3.30953736e-04,-4.96430604e-04
0.00000000e+00,-1.65600283e-04,-3.31200567e-04,-4.96800850e-04
0.00000000e+00,-1.65748409e-04,-3.31496817e-04,-4.97245226e-04
0.00000000e+00,-1.65655819e-04,-3.31311639e-04,-4.96967458e-04
0.00000000e+00,-1.65027563e-04,-3.30055126e-04,-4.95082688e-04
0.00000000e+00,-1.65483711e-04,-3.30967422e-04,-4.96451132e-04
0.00000000e+00,-1.66177739e-04,-3.32355478e-04,-4.98533217e-04
0.00000000e+00,-1.65870142e-04,-3.31740285e-04,-4.97610427e-04
0.00000000e+00,-1.66165217e-04,-3.32330433e-04,-4.98495650e-04
0.00000000e+00,-1.65822744e-04,-3.31645488e-04,-4.97468231e-04
0.00000000e+00,-1.66028243e-04,-3.32056486e-04,-4.98084729e-04
0.00000000e+00,-1.65876362e-04,-3.31752724e-04,-4.97629086e-04
0.00000000e+00,-1.65415451e-04,-3.30830902e-04,-4.96246353e-04
0.00000000e+00,-1.65550339e-04,-3.31100678e-04,-4.96651017e-04
0.00000000e+00,-1.65700248e-04,-3.31400496e-04,-4.97100744e-04
0.00000000e+00,-1.65554570e-04,-3.31109139e-04,-4.96663709e-04
0.00000000e+00,-1.64934344e-04,-3.29868688e-04,-4.94803032e-04
0.00000000e+00,-1.65426867e-04,-3.30853734e-04,-4.96280601e-04
0.00000000e+00,-1.66666669e-04,-3.33333337e-04,-5.00000006e-04
0.00000000e+00,-1.66666668e-04,-3.33333336e-04,-5.00000005e-04
0.00000000e+00,-1.66666668e-04,-3.33333336e-04,-5.00000004e-04
0.00000000e+00,-1.66666668e-04,-3.33333336e-04,-5.00000004e-04
0.00000000e+00,-1.66666668e-04,-3.33333337e-04,-5.00000005e-04
0.00000000e+00,-1.66479681e-04,-3.32959362e-04,-4.99439043e-04
0.00000000e+00,-1.66453422e-04,-3.32906845e-04,-4.99360267e-04
0.00000000e+00,-1.66666668e-04,-3.33333337e-04,-5.00000005e-04
0.00000000e+00,-1.66666668e-04,-3.33333336e-04,-5.00000004e-04
0.00000000e+00,-1.66666668e-04,-3.33333336e-04,-5.00000004e-04
0.00000000e+00,-1.66391755e-04,-3.32783511e-04,-4.99175266e-04
0.00000000e+00,-1.66334244e-04,-3.32668487e-04,-4.99002731e-04
0.00000000e+00,-1.66666668e-04,-3.33333336e-04,-5.00000003e-04
0.00000000e+00,-1.66666668e-04,-3.33333335e-04,-5.00000003e-04
0.00000000e+00,-1.66666668e-04,-3.33333336e-04,-5.00000004e-04
0.00000000e+00,-1.66666668e-04,-3.33333336e-04,-5.00000003e-04
0.00000000e+00,-1.66666668e-04,-3.33333335e-04,-5.00000003e-04
0.00000000e+00,-1.66292725e-04,-3.32585449e-04,-4.98878174e-04
0.00000000e+00,-1.66205352e-04,-3.32410704e-04,-4.98616057e-04
0.00000000e+00,-1.66666668e-04,-3.33333335e-04,-5.00000003e-04
0.00000000e+00,-1.66666668e-04,-3.33333335e-04,-5.00000003e-04
0.00000000e+00,-1.66666669e-04,-3.33333338e-04,-5.00000006e-04
0.00000000e+00,-1.66666668e-04,-3.33333337e-04,-5.00000005e-04
0.00000000e+00,-1.66666668e-04,-3.33333337e-04,-5.00000005e-04
0.00000000e+00,-1.66435362e-04,-3.32870725e-04,-4.99306087e-04
0.00000000e+00,-1.66666669e-04,-3.33333337e-04,-5.00000006e-04
0.00000000e+00,-1.66666668e-04,-3.33333337e-04,-5.00000005e-04
0.00000000e+00,-1.66288617e-04,-3.32577234e-04,-4.98865851e-04
0.00000000e+00,-1.66666668e-04,-3.33333336e-04,-5.00000004e-04
0.00000000e+00,-1.66666668e-04,-3.33333336e-04,-5.00000004e-04
0.00000000e+00,-1.66666668e-04,-3.33333336e-04,-5.00000003e-04
0.00000000e+00,-1.66138437e-04,-3.32276874e-04,-4.98415311e-04
0.00000000e+00,-1.66666668e-04,-3.33333335e-04,-5.00000003e-04
0.00000000e+00,-1.66666669e-04,-3.33333338e-04,-5.00000007e-04
0.00000000e+00,-1.66666668e-04,-3.33333337e-04,-5.00000005e-04
0.00000000e+00,-1.66666669e-04,-3.33333338e-04,-5.00000007e-04
0.00000000e+00,-1.66433967e-04,-3.32867934e-04,-4.99301901e-04
0.00000000e+00,-1.66666669e-04,-3.33333337e-04,-5.00000006e-04
0.00000000e+00,-1.66666668e-04,-3.33333337e-04,-5.00000005e-04
0.00000000e+00,-1.66273297e-04,-3.32546593e-04,-4.98819890e-04
0.00000000e+00,-1.66666668e-04,-3.33333336e-04,-5.00000004e-04
0.00000000e+00,-1.66666668e-04,-3.33333336e-04,-5.00000004e-04
0.00000000e+00,-1.66666668e-04,-3.33333336e-04,-5.00000004e-04
0.00000000e+00,-1.66114839e-04,-3.32229678e-04,-4.98344517e-04
0.00000000e+00,-1.66666668e-04,-3.33333335e-04,-5.00000003e-04
0.00000000e+00,-1.67107456e-04,-3.34214912e-04,-5.01322369e-04
0.00000000e+00,-1.67050567e-04,-3.34101134e-04,-5.01151701e-04
0.00000000e+00,-1.67338106e-04,-3.34676213e-04,-5.02014319e-04
0.00000000e+00,-1.67218934e-04,-3.34437868e-04,-5.01656802e-04
0.00000000e+00,-1.67082534e-04,-3.34165068e-04,-5.01247602e-04
0.00000000e+00,-1.66853655e-04,-3.33707311e-04,-5.00560966e-04
0.00000000e+00,-1.66879915e-04,-3.33759829e-04,-5.00639744e-04
0.00000000e+00,-1.67217079e-04,-3.34434158e-04,-5.01651237e-04
0.00000000e+00,-1.67128396e-04,-3.34256791e-04,-5.01385187e-04
0.00000000e+00,-1.67288117e-04,-3.34576234e-04,-5.01864350e-04
0.00000000e+00,-1.66941580e-04,-3.33883161e-04,-5.00824741e-04
0.00000000e+00,-1.66999093e-04,-3.33998185e-04,-5.00997278e-04
0.00000000e+00,-1.67595107e-04,-3.35190214e-04,-5.02785320e-04
0.00000000e+00,-1.67416366e-04,-3.34832733e-04,-5.02249099e-04
0.00000000e+00,-1.67468612e-04,-3.34937224e-04,-5.02405837e-04
0.00000000e+00,-1.67316136e-04,-3.34632271e-04,-5.01948407e-04
0.00000000e+00,-1.67512247e-04,-3.35024495e-04,-5.02536742e-04
0.00000000e+00,-1.67040611e-04,-3.34081221e-04,-5.01121832e-04
0.00000000e+00,-1.67127983e-04,-3.34255967e-04,-5.01383950e-04
0.00000000e+00,-1.67703432e-04,-3.35406863e-04,-5.03110295e-04
0.00000000e+00,-1.67512025e-04,-3.35024049e-04,-5.02536074e-04
0.00000000e+00,-1.67146445e-04,-3.34292891e-04,-5.01439336e-04
0.00000000e+00,-1.67432250e-04,-3.34864499e-04,-5.02296749e-04
0.00000000e+00,-1.67136389e-04,-3.34272778e-04,-5.01409167e-04
0.00000000e+00,-1.66897975e-04,-3.33795950e-04,-5.00693925e-04
0.00000000e+00,-1.67276436e-04,-3.34552872e-04,-5.01829308e-04
0.00000000e+00,-1.67396923e-04,-3.34793845e-04,-5.02190768e-04
0.00000000e+00,-1.67044720e-04,-3.34089439e-04,-5.01134159e-04
0.00000000e+00,-1.67733052e-04,-3.35466105e-04,-5.03199157e-04
0.00000000e+00,-1.67584927e-04,-3.35169855e-04,-5.02754782e-04
0.00000000e+00,-1.67677516e-04,-3.35355032e-04,-5.03032549e-04
0.00000000e+00,-1.67194899e-04,-3.34389798e-04,-5.01584696e-04
0.00000000e+00,-1.67849624e-04,-3.35699249e-04,-5.03548873e-04
0.00000000e+00,-1.67155599e-04,-3.34311197e-04,-5.01466796e-04
0.00000000e+00,-1.67463194e-04,-3.34926389e-04,-5.02389583e-04
0.00000000e+00,-1.67168121e-04,-3.34336242e-04,-5.01504362e-04
0.00000000e+00,-1.66899371e-04,-3.33798741e-04,-5.00698112e-04
0.00000000e+00,-1.67305094e-04,-3.34610188e-04,-5.01915283e-04
0.00000000e+00,-1.67456975e-04,-3.34913949e-04,-5.02370924e-04
0.00000000e+00,-1.67060040e-04,-3.34120080e-04,-5.01180120e-04
0.00000000e+00,-1.67782997e-04,-3.35565993e-04,-5.03348990e-04
0.00000000e+00,-1.67633088e-04,-3.35266177e-04,-5.02899265e-04
0.00000000e+00,-1.67778766e-04,-3.35557532e-04,-5.03336298e-04
0.00000000e+00,-1.67218497e-04,-3.34436994e-04,-5.01655490e-04
0.00000000e+00,-1.67906468e-04,-3.35812937e-04,-5.03719405e-04
0.00000000e+00,-1.67691098e-04,-3.35382197e-04,-5.03073295e-04
0.00000000e+00,-1.67506650e-04,-3.35013300e-04,-5.02519950e-04
0.00000000e+00,-1.68122043e-04,-3.36244087e-04,-5.04366130e-04
0.00000000e+00,-1.67829579e-04,-3.35659158e-04,-5.03488737e-04
0.00000000e+00,-1.67600138e-04,-3.35200276e-04,-5.02800413e-04
0.00000000e+00,-1.67263379e-04,-3.34526757e-04,-5.01790136e-04
0.00000000e+00,-1.67376069e-04,-3.34752137e-04,-5.02128206e-04
0.00000000e+00,-1.67882551e-04,-3.35765102e-04,-5.03647652e-04
0.00000000e+00,-1.67663042e-04,-3.35326083e-04,-5.02989125e-04
0.00000000e+00,-1.67994449e-04,-3.35988899e-04,-5.03983348e-04
0.00000000e+00,-1.67517995e-04,-3.35035991e-04,-5.02553986e-04
0.00000000e+00,-1.67718218e-04,-3.35436436e-04,-5.03154654e-04
0.00000000e+00,-1.68593555e-04,-3.37187110e-04,-5.05780665e-04
0.00000000e+00,-1.68197176e-04,-3.36394351e-04,-5.04591527e-04
0.00000000e+00,-1.68361474e-04,-3.36722948e-04,-5.05084421e-04
0.00000000e+00,-1.68013398e-04,-3.36026796e-04,-5.04040193e-04
0.00000000e+00,-1.68404533e-04,-3.36809065e-04,-5.05213598e-04
0.00000000e+00,-1.67804006e-04,-3.35608011e-04,-5.03412017e-04
0.00000000e+00,-1.68085298e-04,-3.36170595e-04,-5.04255893e-04
0.00000000e+00,-1.68779968e-04,-3.37559937e-04,-5.06339905e-04
0.00000000e+00,-1.68368372e-04,-3.36736743e-04,-5.05105115e-04
0.00000000e+00,-1.67834995e-04,-3.35669990e-04,-5.03504984e-04
0.00000000e+00,-1.68319170e-04,-3.36638339e-04,-5.04957509e-04
0.00000000e+00,-1.67738706e-04,-3.35477411e-04,-5.03216117e-04
0.00000000e+00,-1.67454073e-04,-3.34908146e-04,-5.02362220e-04
0.00000000e+00,-1.68076169e-04,-3.36152339e-04,-5.04228508e-04
0.00000000e+00,-1.68258578e-04,-3.36517155e-04,-5.04775733e-04
0.00000000e+00,-1.67856468e-04,-3.35712936e-04,-5.03569405e-04
0.00000000e+00,-1.68911411e-04,-3.37822822e-04,-5.06734234e-04
0.00000000e+00,-1.68637017e-04,-3.37274035e-04,-5.05911052e-04
0.00000000e+00,-1.68775892e-04,-3.37551784e-04,-5.06327675e-04
0.00000000e+00,-1.68305773e-04,-3.36611546e-04,-5.04917318e-04
0.00000000e+00,-1.69103350e-04,-3.38206701e-04,-5.07310051e-04
0.00000000e+00,-1.67923712e-04,-3.35847425e-04,-5.03771137e-04
0.00000000e+00,-1.68419870e-04,-3.36839739e-04,-5.05259609e-04
0.00000000e+00,-1.67797250e-04,-3.35594499e-04,-5.03391749e-04
0.00000000e+00,-1.67510594e-04,-3.35021187e-04,-5.02531781e-04
0.00000000e+00,-1.68114869e-04,-3.36229737e-04,-5.04344606e-04
0.00000000e+00,-1.68449742e-04,-3.36899484e-04,-5.05349226e-04
0.00000000e+00,-1.67917886e-04,-3.35835771e-04,-5.03753657e-04
0.00000000e+00,-1.69052348e-04,-3.38104697e-04,-5.07157045e-04
0.00000000e+00,-1.68721187e-04,-3.37442373e-04,-5.06163560e-04
0.00000000e+00,-1.69002957e-04,-3.38005913e-04,-5.07008870e-04
0.00000000e+00,-1.68398992e-04,-3.36797984e-04,-5.05196975e-04
0.00000000e+00,-1.69227030e-04,-3.38454060e-04,-5.07681090e-04
0.00000000e+00,-1.67812781e-04,-3.35625562e-04,-5.03438343e-04
0.00000000e+00,-1.68028296e-04,-3.36056592e-04,-5.04084888e-04
0.00000000e+00,-1.68202239e-04,-3.36404477e-04,-5.04606716e-04
0.00000000e+00,-1.68597705e-04,-3.37195410e-04,-5.05793114e-04
0.00000000e+00,-1.68611290e-04,-3.37222579e-04,-5.05833869e-04
0.00000000e+00,-1.69146260e-04,-3.38292521e-04,-5.07438781e-04
0.00000000e+00,-1.68189064e-04,-3.36378127e-04,-5.04567191e-04
0.00000000e+00,-1.68986827e-04,-3.37973655e-04,-5.06960482e-04
0.00000000e+00,-1.69570275e-04,-3.39140549e-04,-5.08710824e-04
0.00000000e+00,-1.68114433e-04,-3.36228866e-04,-5.04343299e-04
0.00000000e+00,-1.69088010e-04,-3.38176019e-04,-5.07264029e-04
0.00000000e+00,-1.69685850e-04,-3.39371700e-04,-5.09057551e-04
0.00000000e+00,-1.66186892e-04,-3.32373783e-04,-4.98560675e-04
0.00000000e+00,-1.66666669e-04,-3.33333338e-04,-5.00000006e-04
0.00000000e+00,-1.65901087e-04,-3.31802174e-04,-4.97703260e-04
0.00000000e+00,-1.66666668e-04,-3.33333337e-04,-5.00000005e-04
0.00000000e+00,-1.66165217e-04,-3.32330433e-04,-4.98495650e-04
0.00000000e+00,-1.66435362e-04,-3.32870725e-04,-4.99306087e-04
0.00000000e+00,-1.66666669e-04,-3.33333338e-04,-5.00000006e-04
0.00000000e+00,-1.66056901e-04,-3.32113803e-04,-4.98170704e-04
0.00000000e+00,-1.66666669e-04,-3.33333337e-04,-5.00000006e-04
0.00000000e+00,-1.65876362e-04,-3.31752724e-04,-4.97629085e-04
0.00000000e+00,-1.66288617e-04,-3.32577234e-04,-4.98865851e-04
0.00000000e+00,-1.66666668e-04,-3.33333337e-04,-5.00000005e-04
0.00000000e+00,-1.65600283e-04,-3.31200567e-04,-4.96800850e-04
0.00000000e+00,-1.66666668e-04,-3.33333336e-04,-5.00000004e-04
0.00000000e+00,-1.65748409e-04,-3.31496817e-04,-4.97245226e-04
0.00000000e+00,-1.66666668e-04,-3.33333336e-04,-5.00000004e-04
0.00000000e+00,-1.65554570e-04,-3.31109139e-04,-4.96663709e-04
0.00000000e+00,-1.66138437e-04,-3.32276874e-04,-4.98415311e-04
0.00000000e+00,-1.66666668e-04,-3.33333336e-04,-5.00000004e-04
0.00000000e+00,-1.65483711e-04,-3.30967421e-04,-4.96451132e-04
0.00000000e+00,-1.66666668e-04,-3.33333335e-04,-5.00000003e-04
0.00000000e+00,-1.66225880e-04,-3.32451761e-04,-4.98677641e-04
0.00000000e+00,-1.66666668e-04,-3.33333337e-04,-5.00000005e-04
0.00000000e+00,-1.65995230e-04,-3.31990459e-04,-4.97985689e-04
0.00000000e+00,-1.66666668e-04,-3.33333336e-04,-5.00000004e-04
0.00000000e+00,-1.66196956e-04,-3.32393912e-04,-4.98590869e-04
0.00000000e+00,-1.66453422e-04,-3.32906844e-04,-4.99360267e-04
0.00000000e+00,-1.66666669e-04,-3.33333337e-04,-5.00000006e-04
0.00000000e+00,-1.66116258e-04,-3.32232516e-04,-4.98348773e-04
0.00000000e+00,-1.66666668e-04,-3.33333337e-04,-5.00000005e-04
0.00000000e+00,-1.65936414e-04,-3.31872828e-04,-4.97809242e-04
0.00000000e+00,-1.66334243e-04,-3.32668487e-04,-4.99002730e-04
0.00000000e+00,-1.66666668e-04,-3.33333336e-04,-5.00000005e-04
0.00000000e+00,-1.65738229e-04,-3.31476457e-04,-4.97214686e-04
0.00000000e+00,-1.66666668e-04,-3.33333335e-04,-5.00000003e-04
0.00000000e+00,-1.65864723e-04,-3.31729447e-04,-4.97594170e-04
0.00000000e+00,-1.66666668e-04,-3.33333336e-04,-5.00000004e-04
0.00000000e+00,-1.65655819e-04,-3.31311638e-04,-4.96967458e-04
0.00000000e+00,-1.66205352e-04,-3.32410704e-04,-4.98616056e-04
0.00000000e+00,-1.66666668e-04,-3.33333336e-04,-5.00000003e-04
0.00000000e+00,-1.65629904e-04,-3.31259807e-04,-4.96889711e-04
0.00000000e+00,-1.66666668e-04,-3.33333335e-04,-5.00000003e-04
0.00000000e+00,-1.66282769e-04,-3.32565538e-04,-4.98848308e-04
0.00000000e+00,-1.66666668e-04,-3.33333336e-04,-5.00000004e-04
0.00000000e+00,-1.66114402e-04,-3.32228803e-04,-4.98343205e-04
0.00000000e+00,-1.66666668e-04,-3.33333336e-04,-5.00000003e-04
0.00000000e+00,-1.66250802e-04,-3.32501605e-04,-4.98752407e-04
0.00000000e+00,-1.66479681e-04,-3.32959362e-04,-4.99439042e-04
0.00000000e+00,-1.66666668e-04,-3.33333336e-04,-5.00000005e-04
0.00000000e+00,-1.66204940e-04,-3.32409880e-04,-4.98614820e-04
0.00000000e+00,-1.66666668e-04,-3.33333336e-04,-5.00000004e-04
0.00000000e+00,-1.66045219e-04,-3.32090438e-04,-4.98135657e-04
0.00000000e+00,-1.66391755e-04,-3.32783510e-04,-4.99175266e-04
0.00000000e+00,-1.66666668e-04,-3.33333336e-04,-5.00000004e-04
0.00000000e+00,-1.65916969e-04,-3.31833937e-04,-4.97750906e-04
0.00000000e+00,-1.66666668e-04,-3.33333335e-04,-5.00000003e-04
0.00000000e+00,-1.66017200e-04,-3.32034400e-04,-4.98051599e-04
0.00000000e+00,-1.66666668e-04,-3.33333335e-04,-5.00000003e-04
0.00000000e+00,-1.65821088e-04,-3.31642176e-04,-4.97463263e-04
0.00000000e+00,-1.66292725e-04,-3.32585449e-04,-4.98878174e-04
0.00000000e+00,-1.66666668e-04,-3.33333335e-04,-5.00000003e-04
0.00000000e+00,-1.65821310e-04,-3.31642621e-04,-4.97463931e-04
0.00000000e+00,-1.66666667e-04,-3.33333335e-04,-5.00000002e-04
0.00000000e+00,-1.65498342e-04,-3.30996684e-04,-4.96495026e-04
0.00000000e+00,-1.65014166e-04,-3.30028333e-04,-4.95042499e-04
0.00000000e+00,-1.65536088e-04,-3.31072175e-04,-4.96608263e-04
0.00000000e+00,-1.65879264e-04,-3.31758528e-04,-4.97637791e-04
0.00000000e+00,-1.65257167e-04,-3.30514335e-04,-4.95771502e-04
0.00000000e+00,-1.64883594e-04,-3.29767189e-04,-4.94650783e-04
0.00000000e+00,-1.65476868e-04,-3.30953736e-04,-4.96430604e-04
0.00000000e+00,-1.64421924e-04,-3.28843848e-04,-4.93265773e-04
0.00000000e+00,-1.64696319e-04,-3.29392637e-04,-4.94088956e-04
0.00000000e+00,-1.64330379e-04,-3.28660758e-04,-4.92991137e-04
0.00000000e+00,-1.65027563e-04,-3.30055125e-04,-4.95082688e-04
0.00000000e+00,-1.64229985e-04,-3.28459969e-04,-4.92689954e-04
0.00000000e+00,-1.65642238e-04,-3.31284476e-04,-4.96926714e-04
0.00000000e+00,-1.65211292e-04,-3.30422585e-04,-4.95633877e-04
0.00000000e+00,-1.65594633e-04,-3.31189266e-04,-4.96783898e-04
0.00000000e+00,-1.65957268e-04,-3.31914535e-04,-4.97871803e-04
0.00000000e+00,-1.65450785e-04,-3.30901571e-04,-4.96352356e-04
0.00000000e+00,-1.65074759e-04,-3.30149517e-04,-4.95224276e-04
0.00000000e+00,-1.65615118e-04,-3.31230236e-04,-4.96845353e-04
0.00000000e+00,-1.64739780e-04,-3.29479560e-04,-4.94219341e-04
0.00000000e+00,-1.64971862e-04,-3.29943723e-04,-4.94915585e-04
0.00000000e+00,-1.64557443e-04,-3.29114887e-04,-4.93672330e-04
0.00000000e+00,-1.65248038e-04,-3.30496075e-04,-4.95744113e-04
0.00000000e+00,-1.64553367e-04,-3.29106733e-04,-4.93660100e-04
0.00000000e+00,-1.65826686e-04,-3.31653371e-04,-4.97480057e-04
0.00000000e+00,-1.65503757e-04,-3.31007513e-04,-4.96511270e-04
0.00000000e+00,-1.65733198e-04,-3.31466397e-04,-4.97199595e-04
0.00000000e+00,-1.66069957e-04,-3.32139915e-04,-4.98209872e-04
0.00000000e+00,-1.65670294e-04,-3.31340588e-04,-4.97010882e-04
0.00000000e+00,-1.65338886e-04,-3.30677772e-04,-4.96016658e-04
0.00000000e+00,-1.65815340e-04,-3.31630680e-04,-4.97446020e-04
0.00000000e+00,-1.65136159e-04,-3.30272319e-04,-4.95408478e-04
0.00000000e+00,-1.65319937e-04,-3.30639875e-04,-4.95959812e-04
0.00000000e+00,-1.64928802e-04,-3.29857605e-04,-4.94786407e-04
0.00000000e+00,-1.65529329e-04,-3.31058659e-04,-4.96587988e-04
0.00000000e+00,-1.64964963e-04,-3.29929926e-04,-4.94894889e-04
0.00000000e+00,-1.65144273e-04,-3.30288546e-04,-4.95432819e-04
0.00000000e+00,-1.64346509e-04,-3.28693017e-04,-4.93039526e-04
0.00000000e+00,-1.63763061e-04,-3.27526121e-04,-4.91289182e-04
0.00000000e+00,-1.65305040e-04,-3.30610080e-04,-4.95915120e-04
0.00000000e+00,-1.64735631e-04,-3.29471261e-04,-4.94206892e-04
0.00000000e+00,-1.64187075e-04,-3.28374149e-04,-4.92561224e-04
0.00000000e+00,-1.65520554e-04,-3.31041109e-04,-4.96561663e-04
0.00000000e+00,-1.65131097e-04,-3.30262193e-04,-4.95393290e-04
0.00000000e+00,-1.64722045e-04,-3.29444091e-04,-4.94166136e-04
0.00000000e+00,-1.67834995e-04,-3.35669991e-04,-5.03504986e-04
0.00000000e+00,-1.68319170e-04,-3.36638340e-04,-5.04957509e-04
0.00000000e+00,-1.67797250e-04,-3.35594499e-04,-5.03391749e-04
0.00000000e+00,-1.68189064e-04,-3.36378128e-04,-5.04567192e-04
0.00000000e+00,-1.68076170e-04,-3.36152339e-04,-5.04228509e-04
0.00000000e+00,-1.68449742e-04,-3.36899484e-04,-5.05349226e-04
0.00000000e+00,-1.68986828e-04,-3.37973656e-04,-5.06960484e-04
0.00000000e+00,-1.68911411e-04,-3.37822823e-04,-5.06734234e-04
0.00000000e+00,-1.68637018e-04,-3.37274035e-04,-5.05911053e-04
0.00000000e+00,-1.69002957e-04,-3.38005913e-04,-5.07008870e-04
0.00000000e+00,-1.69570275e-04,-3.39140550e-04,-5.08710825e-04
0.00000000e+00,-1.69103351e-04,-3.38206701e-04,-5.07310052e-04
0.00000000e+00,-1.67691099e-04,-3.35382198e-04,-5.03073297e-04
0.00000000e+00,-1.68122044e-04,-3.36244088e-04,-5.04366131e-04
0.00000000e+00,-1.67738704e-04,-3.35477408e-04,-5.03216112e-04
0.00000000e+00,-1.68028296e-04,-3.36056592e-04,-5.04084888e-04
0.00000000e+00,-1.67882551e-04,-3.35765103e-04,-5.03647654e-04
0.00000000e+00,-1.68258578e-04,-3.36517156e-04,-5.04775734e-04
0.00000000e+00,-1.68597706e-04,-3.37195412e-04,-5.05793117e-04
0.00000000e+00,-1.68593555e-04,-3.37187110e-04,-5.05780666e-04
0.00000000e+00,-1.68361474e-04,-3.36722948e-04,-5.05084422e-04
0.00000000e+00,-1.68775892e-04,-3.37551784e-04,-5.06327676e-04
0.00000000e+00,-1.69146261e-04,-3.38292521e-04,-5.07438782e-04
0.00000000e+00,-1.68779968e-04,-3.37559937e-04,-5.06339905e-04
0.00000000e+00,-1.67506650e-04,-3.35013300e-04,-5.02519951e-04
0.00000000e+00,-1.67829579e-04,-3.35659158e-04,-5.03488737e-04
0.00000000e+00,-1.67600138e-04,-3.35200276e-04,-5.02800414e-04
0.00000000e+00,-1.67812781e-04,-3.35625562e-04,-5.03438343e-04
0.00000000e+00,-1.67663042e-04,-3.35326084e-04,-5.02989125e-04
0.00000000e+00,-1.67994450e-04,-3.35988900e-04,-5.03983349e-04
0.00000000e+00,-1.68202239e-04,-3.36404478e-04,-5.04606717e-04
0.00000000e+00,-1.68197176e-04,-3.36394352e-04,-5.04591527e-04
0.00000000e+00,-1.68013398e-04,-3.36026796e-04,-5.04040194e-04
0.00000000e+00,-1.68404533e-04,-3.36809066e-04,-5.05213599e-04
0.00000000e+00,-1.68611290e-04,-3.37222579e-04,-5.05833869e-04
0.00000000e+00,-1.68368372e-04,-3.36736743e-04,-5.05105115e-04
0.00000000e+00,-1.67146446e-04,-3.34292891e-04,-5.01439337e-04
0.00000000e+00,-1.67432250e-04,-3.34864500e-04,-5.02296750e-04
0.00000000e+00,-1.67168121e-04,-3.34336242e-04,-5.01504363e-04
0.00000000e+00,-1.67454074e-04,-3.34908147e-04,-5.02362221e-04
0.00000000e+00,-1.67276436e-04,-3.34552871e-04,-5.01829307e-04
0.00000000e+00,-1.67456975e-04,-3.34913950e-04,-5.02370925e-04
0.00000000e+00,-1.67856468e-04,-3.35712937e-04,-5.03569405e-04
0.00000000e+00,-1.67733052e-04,-3.35466105e-04,-5.03199157e-04
0.00000000e+00,-1.67584928e-04,-3.35169855e-04,-5.02754783e-04
0.00000000e+00,-1.67778766e-04,-3.35557532e-04,-5.03336298e-04
0.00000000e+00,-1.68305773e-04,-3.36611546e-04,-5.04917319e-04
0.00000000e+00,-1.67849624e-04,-3.35699249e-04,-5.03548873e-04
0.00000000e+00,-1.67107456e-04,-3.34214913e-04,-5.01322369e-04
0.00000000e+00,-1.67338107e-04,-3.34676213e-04,-5.02014320e-04
0.00000000e+00,-1.67136381e-04,-3.34272762e-04,-5.01409143e-04
0.00000000e+00,-1.67376069e-04,-3.34752138e-04,-5.02128207e-04
0.00000000e+00,-1.67217079e-04,-3.34434157e-04,-5.01651236e-04
0.00000000e+00,-1.67396923e-04,-3.34793845e-04,-5.02190768e-04
0.00000000e+00,-1.67718218e-04,-3.35436437e-04,-5.03154655e-04
0.00000000e+00,-1.67595107e-04,-3.35190214e-04,-5.02785320e-04
0.00000000e+00,-1.67468612e-04,-3.34937225e-04,-5.02405837e-04
0.00000000e+00,-1.67677516e-04,-3.35355033e-04,-5.03032549e-04
0.00000000e+00,-1.68085298e-04,-3.36170596e-04,-5.04255893e-04
0.00000000e+00,-1.67703431e-04,-3.35406863e-04,-5.03110294e-04
0.00000000e+00,-1.67050567e-04,-3.34101133e-04,-5.01151700e-04
0.00000000e+00,-1.67218934e-04,-3.34437868e-04,-5.01656802e-04
0.00000000e+00,-1.67082534e-04,-3.34165068e-04,-5.01247602e-04
0.00000000e+00,-1.67263379e-04,-3.34526757e-04,-5.01790136e-04
0.00000000e+00,-1.67128396e-04,-3.34256791e-04,-5.01385187e-04
0.00000000e+00,-1.67288117e-04,-3.34576234e-04,-5.01864351e-04
0.00000000e+00,-1.67517995e-04,-3.35035991e-04,-5.02553986e-04
0.00000000e+00,-1.67416366e-04,-3.34832733e-04,-5.02249099e-04
0.00000000e+00,-1.67316135e-04,-3.34632271e-04,-5.01948406e-04
0.00000000e+00,-1.67512247e-04,-3.35024495e-04,-5.02536742e-04
0.00000000e+00,-1.67804006e-04,-3.35608011e-04,-5.03412017e-04
0.00000000e+00,-1.67512024e-04,-3.35024049e-04,-5.02536073e-04
0.00000000e+00,-1.66897975e-04,-3.33795950e-04,-5.00693926e-04
0.00000000e+00,-1.67044720e-04,-3.34089439e-04,-5.01134159e-04
0.00000000e+00,-1.67194899e-04,-3.34389797e-04,-5.01584696e-04
0.00000000e+00,-1.66879915e-04,-3.33759829e-04,-5.00639744e-04
0.00000000e+00,-1.66999093e-04,-3.33998185e-04,-5.00997278e-04
0.00000000e+00,-1.67127983e-04,-3.34255967e-04,-5.01383950e-04
0.00000000e+00,-1.66853655e-04,-3.33707310e-04,-5.00560966e-04
0.00000000e+00,-1.66941580e-04,-3.33883161e-04,-5.00824741e-04
0.00000000e+00,-1.67040611e-04,-3.34081221e-04,-5.01121832e-04
0.00000000e+00,-1.64421932e-04,-3.28843865e-04,-4.93265797e-04
0.00000000e+00,-1.64280981e-04,-3.28561963e-04,-4.92842944e-04
0.00000000e+00,-1.64229977e-04,-3.28459954e-04,-4.92689931e-04
0.00000000e+00,-1.64106304e-04,-3.28212608e-04,-4.92318912e-04
0.00000000e+00,-1.63763057e-04,-3.27526114e-04,-4.91289171e-04
0.00000000e+00,-1.64330366e-04,-3.28660732e-04,-4.92991098e-04
0.00000000e+00,-1.63647496e-04,-3.27294992e-04,-4.90942488e-04
0.00000000e+00,-1.65014116e-04,-3.30028232e-04,-4.95042348e-04
0.00000000e+00,-1.64913520e-04,-3.29827041e-04,-4.94740561e-04
0.00000000e+00,-1.64696302e-04,-3.29392605e-04,-4.94088907e-04
0.00000000e+00,-1.64612147e-04,-3.29224293e-04,-4.93836440e-04
0.00000000e+00,-1.64346486e-04,-3.28692972e-04,-4.93039458e-04
0.00000000e+00,-1.64883659e-04,-3.29767319e-04,-4.94650978e-04
0.00000000e+00,-1.64245295e-04,-3.28490589e-04,-4.92735884e-04
0.00000000e+00,-1.65498207e-04,-3.30996415e-04,-4.96494622e-04
0.00000000e+00,-1.65409444e-04,-3.30818888e-04,-4.96228331e-04
0.00000000e+00,-1.65257190e-04,-3.30514381e-04,-4.95771571e-04
0.00000000e+00,-1.65218509e-04,-3.30437019e-04,-4.95655528e-04
0.00000000e+00,-1.65144383e-04,-3.30288765e-04,-4.95433148e-04
0.00000000e+00,-1.65537820e-04,-3.31075641e-04,-4.96613461e-04
0.00000000e+00,-1.65218997e-04,-3.30437994e-04,-4.95656991e-04
0.00000000e+00,-1.65600294e-04,-3.31200589e-04,-4.96800883e-04
0.00000000e+00,-1.65550360e-04,-3.31100720e-04,-4.96651080e-04
0.00000000e+00,-1.65483711e-04,-3.30967423e-04,-4.96451134e-04
0.00000000e+00,-1.65426868e-04,-3.30853737e-04,-4.96280605e-04
0.00000000e+00,-1.65027575e-04,-3.30055150e-04,-4.95082725e-04
0.00000000e+00,-1.65554563e-04,-3.31109126e-04,-4.96663689e-04
0.00000000e+00,-1.64934359e-04,-3.29868717e-04,-4.94803076e-04
0.00000000e+00,-1.65901028e-04,-3.31802056e-04,-4.97703084e-04
0.00000000e+00,-1.65870087e-04,-3.31740175e-04,-4.97610262e-04
0.00000000e+00,-1.65748391e-04,-3.31496782e-04,-4.97245173e-04
0.00000000e+00,-1.65700237e-04,-3.31400475e-04,-4.97100712e-04
0.00000000e+00,-1.65476795e-04,-3.30953589e-04,-4.96430384e-04
0.00000000e+00,-1.65876407e-04,-3.31752814e-04,-4.97629220e-04
0.00000000e+00,-1.65415453e-04,-3.30830906e-04,-4.96246359e-04
0.00000000e+00,-1.66186792e-04,-3.32373584e-04,-4.98560377e-04
0.00000000e+00,-1.66177729e-04,-3.32355458e-04,-4.98533188e-04
0.00000000e+00,-1.66057017e-04,-3.32114034e-04,-4.98171051e-04
0.00000000e+00,-1.66028426e-04,-3.32056851e-04,-4.98085277e-04
0.00000000e+00,-1.65878924e-04,-3.31757848e-04,-4.97636772e-04
0.00000000e+00,-1.66166600e-04,-3.32333199e-04,-4.98499799e-04
0.00000000e+00,-1.65822799e-04,-3.31645598e-04,-4.97468398e-04
0.00000000e+00,-1.66666667e-04,-3.33333334e-04,-5.00000001e-04
0.00000000e+00,-1.66666667e-04,-3.33333333e-04,-5.00000000e-04
0.00000000e+00,-1.66666667e-04,-3.33333334e-04,-5.00000001e-04
0.00000000e+00,-1.66666667e-04,-3.33333333e-04,-5.00000000e-04
0.00000000e+00,-1.66138432e-04,-3.32276864e-04,-4.98415295e-04
0.00000000e+00,-1.66666667e-04,-3.33333334e-04,-5.00000000e-04
0.00000000e+00,-1.66114845e-04,-3.32229690e-04,-4.98344535e-04
0.00000000e+00,-1.66666667e-04,-3.33333334e-04,-5.00000001e-04
0.00000000e+00,-1.66666667e-04,-3.33333333e-04,-5.00000000e-04
0.00000000e+00,-1.66666667e-04,-3.33333334e-04,-5.00000001e-04
0.00000000e+00,-1.66666667e-04,-3.33333333e-04,-5.00000000e-04
0.00000000e+00,-1.66288642e-04,-3.32577285e-04,-4.98865927e-04
0.00000000e+00,-1.66666667e-04,-3.33333334e-04,-5.00000000e-04
0.00000000e+00,-1.66273274e-04,-3.32546548e-04,-4.98819822e-04
0.00000000e+00,-1.66666667e-04,-3.33333334e-04,-5.00000001e-04
0.00000000e+00,-1.66666667e-04,-3.33333333e-04,-5.00000000e-04
0.00000000e+00,-1.66666667e-04,-3.33333334e-04,-5.00000001e-04
0.00000000e+00,-1.66666667e-04,-3.33333333e-04,-5.00000000e-04
0.00000000e+00,-1.66436373e-04,-3.32872745e-04,-4.99309118e-04
0.00000000e+00,-1.66666667e-04,-3.33333334e-04,-5.00000000e-04
0.00000000e+00,-1.66433889e-04,-3.32867779e-04,-4.99301668e-04
0.00000000e+00,-1.64739765e-04,-3.29479529e-04,-4.94219294e-04
0.00000000e+00,-1.64553360e-04,-3.29106720e-04,-4.93660081e-04
0.00000000e+00,-1.64187053e-04,-3.28374105e-04,-4.92561158e-04
0.00000000e+00,-1.64557433e-04,-3.29114866e-04,-4.93672298e-04
0.00000000e+00,-1.65211309e-04,-3.30422618e-04,-4.95633926e-04
0.00000000e+00,-1.64971848e-04,-3.29943695e-04,-4.94915543e-04
0.00000000e+00,-1.64735609e-04,-3.29471217e-04,-4.94206826e-04
0.00000000e+00,-1.65074764e-04,-3.30149528e-04,-4.95224292e-04
0.00000000e+00,-1.65642317e-04,-3.31284634e-04,-4.96926951e-04
0.00000000e+00,-1.65450696e-04,-3.30901392e-04,-4.96352088e-04
0.00000000e+00,-1.65305108e-04,-3.30610216e-04,-4.95915323e-04
0.00000000e+00,-1.65595041e-04,-3.31190082e-04,-4.96785124e-04
0.00000000e+00,-1.65738224e-04,-3.31476447e-04,-4.97214671e-04
0.00000000e+00,-1.65629901e-04,-3.31259801e-04,-4.96889702e-04
0.00000000e+00,-1.65248033e-04,-3.30496066e-04,-4.95744098e-04
0.00000000e+00,-1.65655810e-04,-3.31311621e-04,-4.96967431e-04
0.00000000e+00,-1.65995217e-04,-3.31990433e-04,-4.97985650e-04
0.00000000e+00,-1.65864716e-04,-3.31729431e-04,-4.97594147e-04
0.00000000e+00,-1.65615104e-04,-3.31230208e-04,-4.96845312e-04
0.00000000e+00,-1.65936428e-04,-3.31872857e-04,-4.97809285e-04
0.00000000e+00,-1.66225849e-04,-3.32451699e-04,-4.98677548e-04
0.00000000e+00,-1.66116227e-04,-3.32232455e-04,-4.98348682e-04
0.00000000e+00,-1.65956919e-04,-3.31913839e-04,-4.97870758e-04
0.00000000e+00,-1.66197764e-04,-3.32395528e-04,-4.98593292e-04
0.00000000e+00,-1.66666667e-04,-3.33333334e-04,-5.00000002e-04
0.00000000e+00,-1.66666667e-04,-3.33333334e-04,-5.00000001e-04
0.00000000e+00,-1.66205341e-04,-3.32410683e-04,-4.98616024e-04
0.00000000e+00,-1.66666667e-04,-3.33333334e-04,-5.00000001e-04
0.00000000e+00,-1.66666667e-04,-3.33333335e-04,-5.00000002e-04
0.00000000e+00,-1.66666667e-04,-3.33333335e-04,-5.00000002e-04
0.00000000e+00,-1.66334270e-04,-3.32668541e-04,-4.99002811e-04
0.00000000e+00,-1.66666667e-04,-3.33333334e-04,-5.00000001e-04
0.00000000e+00,-1.66666667e-04,-3.33333335e-04,-5.00000002e-04
0.00000000e+00,-1.66666667e-04,-3.33333335e-04,-5.00000002e-04
0.00000000e+00,-1.66454191e-04,-3.32908381e-04,-4.99362572e-04
0.00000000e+00,-1.66666667e-04,-3.33333334e-04,-5.00000002e-04
0.00000000e+00,-1.64928804e-04,-3.29857607e-04,-4.94786411e-04
0.00000000e+00,-1.65338809e-04,-3.30677617e-04,-4.96016426e-04
0.00000000e+00,-1.65731482e-04,-3.31462964e-04,-4.97194447e-04
0.00000000e+00,-1.65821091e-04,-3.31642182e-04,-4.97463273e-04
0.00000000e+00,-1.66045144e-04,-3.32090288e-04,-4.98135432e-04
0.00000000e+00,-1.66249635e-04,-3.32499270e-04,-4.98748905e-04
0.00000000e+00,-1.66666667e-04,-3.33333335e-04,-5.00000002e-04
0.00000000e+00,-1.66666668e-04,-3.33333335e-04,-5.00000003e-04
0.00000000e+00,-1.66666668e-04,-3.33333335e-04,-5.00000003e-04
0.00000000e+00,-1.64739764e-04,-3.29479528e-04,-4.94219292e-04
0.00000000e+00,-1.64553360e-04,-3.29106719e-04,-4.93660079e-04
0.00000000e+00,-1.64187052e-04,-3.28374104e-04,-4.92561157e-04
0.00000000e+00,-1.64928802e-04,-3.29857605e-04,-4.94786407e-04
0.00000000e+00,-1.65211308e-04,-3.30422616e-04,-4.95633923e-04
0.00000000e+00,-1.64971847e-04,-3.29943693e-04,-4.94915540e-04
0.00000000e+00,-1.64735608e-04,-3.29471215e-04,-4.94206823e-04
0.00000000e+00,-1.65338807e-04,-3.30677614e-04,-4.96016421e-04
0.00000000e+00,-1.65642315e-04,-3.31284631e-04,-4.96926946e-04
0.00000000e+00,-1.65450695e-04,-3.30901390e-04,-4.96352085e-04
0.00000000e+00,-1.65305107e-04,-3.30610213e-04,-4.95915320e-04
0.00000000e+00,-1.65731480e-04,-3.31462960e-04,-4.97194441e-04
0.00000000e+00,-1.65738223e-04,-3.31476445e-04,-4.97214668e-04
0.00000000e+00,-1.65629900e-04,-3.31259800e-04,-4.96889700e-04
0.00000000e+00,-1.65248032e-04,-3.30496064e-04,-4.95744096e-04
0.00000000e+00,-1.65821090e-04,-3.31642179e-04,-4.97463269e-04
0.00000000e+00,-1.65995215e-04,-3.31990431e-04,-4.97985646e-04
0.00000000e+00,-1.65864715e-04,-3.31729429e-04,-4.97594144e-04
0.00000000e+00,-1.65615103e-04,-3.31230206e-04,-4.96845309e-04
0.00000000e+00,-1.66045142e-04,-3.32090285e-04,-4.98135427e-04
0.00000000e+00,-1.66225848e-04,-3.32451696e-04,-4.98677544e-04
0.00000000e+00,-1.66116226e-04,-3.32232452e-04,-4.98348678e-04
0.00000000e+00,-1.65956918e-04,-3.31913836e-04,-4.97870753e-04
0.00000000e+00,-1.66249633e-04,-3.32499266e-04,-4.98748899e-04
0.00000000e+00,-1.66666666e-04,-3.33333332e-04,-4.99999998e-04
0.00000000e+00,-1.66666666e-04,-3.33333332e-04,-4.99999999e-04
0.00000000e+00,-1.66205340e-04,-3.32410681e-04,-4.98616021e-04
0.00000000e+00,-1.66666666e-04,-3.33333332e-04,-4.99999998e-04
0.00000000e+00,-1.66666666e-04,-3.33333332e-04,-4.99999998e-04
0.00000000e+00,-1.66666666e-04,-3.33333332e-04,-4.99999998e-04
0.00000000e+00,-1.66334269e-04,-3.32668538e-04,-4.99002807e-04
0.00000000e+00,-1.66666666e-04,-3.33333331e-04,-4.99999997e-04
0.00000000e+00,-1.66666666e-04,-3.33333332e-04,-4.99999997e-04
0.00000000e+00,-1.66666666e-04,-3.33333332e-04,-4.99999998e-04
0.00000000e+00,-1.66454189e-04,-3.32908378e-04,-4.99362567e-04
0.00000000e+00,-1.66666666e-04,-3.33333331e-04,-4.99999997e-04
0.00000000e+00,-1.64421932e-04,-3.28843865e-04,-4.93265797e-04
0.00000000e+00,-1.64229977e-04,-3.28459954e-04,-4.92689931e-04
0.00000000e+00,-1.63763058e-04,-3.27526115e-04,-4.91289173e-04
0.00000000e+00,-1.64557433e-04,-3.29114865e-04,-4.93672298e-04
0.00000000e+00,-1.65014116e-04,-3.30028232e-04,-4.95042348e-04
0.00000000e+00,-1.64696302e-04,-3.29392605e-04,-4.94088907e-04
0.00000000e+00,-1.64346486e-04,-3.28692972e-04,-4.93039458e-04
0.00000000e+00,-1.65074763e-04,-3.30149527e-04,-4.95224290e-04
0.00000000e+00,-1.65498207e-04,-3.30996414e-04,-4.96494622e-04
0.00000000e+00,-1.65257190e-04,-3.30514381e-04,-4.95771571e-04
0.00000000e+00,-1.65144383e-04,-3.30288765e-04,-4.95433148e-04
0.00000000e+00,-1.65595041e-04,-3.31190081e-04,-4.96785122e-04
0.00000000e+00,-1.65600294e-04,-3.31200588e-04,-4.96800882e-04
0.00000000e+00,-1.65483711e-04,-3.30967422e-04,-4.96451133e-04
0.00000000e+00,-1.65027575e-04,-3.30055149e-04,-4.95082724e-04
0.00000000e+00,-1.65655810e-04,-3.31311619e-04,-4.96967429e-04
0.00000000e+00,-1.65901027e-04,-3.31802055e-04,-4.97703082e-04
0.00000000e+00,-1.65748391e-04,-3.31496781e-04,-4.97245172e-04
0.00000000e+00,-1.65476794e-04,-3.30953589e-04,-4.96430383e-04
0.00000000e+00,-1.65936428e-04,-3.31872855e-04,-4.97809283e-04
0.00000000e+00,-1.66186792e-04,-3.32373583e-04,-4.98560375e-04
0.00000000e+00,-1.66057016e-04,-3.32114033e-04,-4.98171049e-04
0.00000000e+00,-1.65878924e-04,-3.31757847e-04,-4.97636771e-04
0.00000000e+00,-1.66197763e-04,-3.32395526e-04,-4.98593288e-04
0.00000000e+00,-1.66666666e-04,-3.33333333e-04,-4.99999999e-04
0.00000000e+00,-1.66666666e-04,-3.33333333e-04,-4.99999999e-04
0.00000000e+00,-1.66138431e-04,-3.32276863e-04,-4.98415294e-04
0.00000000e+00,-1.66666666e-04,-3.33333333e-04,-4.99999999e-04
0.00000000e+00,-1.66666666e-04,-3.33333333e-04,-4.99999999e-04
0.00000000e+00,-1.66666666e-04,-3.33333333e-04,-4.99999999e-04
0.00000000e+00,-1.66288642e-04,-3.32577284e-04,-4.98865925e-04
0.00000000e+00,-1.66666666e-04,-3.33333332e-04,-4.99999998e-04
0.00000000e+00,-1.66666666e-04,-3.33333333e-04,-4.99999999e-04
0.00000000e+00,-1.66666666e-04,-3.33333333e-04,-4.99999999e-04
0.00000000e+00,-1.66436372e-04,-3.32872744e-04,-4.99309115e-04
0.00000000e+00,-1.66666666e-04,-3.33333332e-04,-4.99999998e-04
0.00000000e+00,-1.64330366e-04,-3.28660732e-04,-4.92991098e-04
0.00000000e+00,-1.64883659e-04,-3.29767319e-04,-4.94650978e-04
0.00000000e+00,-1.65537820e-04,-3.31075641e-04,-4.96613461e-04
0.00000000e+00,-1.65554563e-04,-3.31109125e-04,-4.96663688e-04
0.00000000e+00,-1.65876407e-04,-3.31752813e-04,-4.97629220e-04
0.00000000e+00,-1.66166599e-04,-3.32333199e-04,-4.98499798e-04
0.00000000e+00,-1.66666667e-04,-3.33333333e-04,-5.00000000e-04
0.00000000e+00,-1.66666666e-04,-3.33333333e-04,-4.99999999e-04
0.00000000e+00,-1.66666666e-04,-3.33333333e-04,-4.99999999e-04
0.00000000e+00,-1.67595111e-04,-3.35190222e-04,-5.02785332e-04
0.00000000e+00,-1.67703433e-04,-3.35406867e-04,-5.03110300e-04
0.00000000e+00,-1.67127993e-04,-3.34255986e-04,-5.01383979e-04
0.00000000e+00,-1.67512244e-04,-3.35024488e-04,-5.02536731e-04
0.00000000e+00,-1.67338118e-04,-3.34676236e-04,-5.02014354e-04
0.00000000e+00,-1.67468619e-04,-3.34937238e-04,-5.02405856e-04
0.00000000e+00,-1.66999064e-04,-3.33998128e-04,-5.00997193e-04
0.00000000e+00,-1.67288191e-04,-3.34576382e-04,-5.01864573e-04
0.00000000e+00,-1.67107485e-04,-3.34214971e-04,-5.01322456e-04
0.00000000e+00,-1.67217107e-04,-3.34434215e-04,-5.01651322e-04
0.00000000e+00,-1.66879144e-04,-3.33758289e-04,-5.00637433e-04
0.00000000e+00,-1.67083700e-04,-3.34167401e-04,-5.01251101e-04
0.00000000e+00,-1.68593569e-04,-3.37187139e-04,-5.05780708e-04
0.00000000e+00,-1.68779974e-04,-3.37559947e-04,-5.06339921e-04
0.00000000e+00,-1.68085301e-04,-3.36170603e-04,-5.04255904e-04
0.00000000e+00,-1.68404531e-04,-3.36809062e-04,-5.05213593e-04
0.00000000e+00,-1.68122025e-04,-3.36244051e-04,-5.04366076e-04
0.00000000e+00,-1.68361487e-04,-3.36722973e-04,-5.05084460e-04
0.00000000e+00,-1.67718230e-04,-3.35436461e-04,-5.03154691e-04
0.00000000e+00,-1.67994526e-04,-3.35989053e-04,-5.03983579e-04
0.00000000e+00,-1.67691018e-04,-3.35382036e-04,-5.03073053e-04
0.00000000e+00,-1.67882638e-04,-3.35765277e-04,-5.03647915e-04
0.00000000e+00,-1.67376415e-04,-3.34752831e-04,-5.02129246e-04
0.00000000e+00,-1.67601853e-04,-3.35203706e-04,-5.02805559e-04
0.00000000e+00,-1.69146281e-04,-3.38292562e-04,-5.07438843e-04
0.00000000e+00,-1.68597726e-04,-3.37195451e-04,-5.05793177e-04
0.00000000e+00,-1.68028227e-04,-3.36056454e-04,-5.04084680e-04
0.00000000e+00,-1.67733039e-04,-3.35466079e-04,-5.03199118e-04
0.00000000e+00,-1.67849622e-04,-3.35699245e-04,-5.03548867e-04
0.00000000e+00,-1.67194902e-04,-3.34389804e-04,-5.01584706e-04
0.00000000e+00,-1.67677524e-04,-3.35355047e-04,-5.03032571e-04
0.00000000e+00,-1.67432306e-04,-3.34864612e-04,-5.02296917e-04
0.00000000e+00,-1.67584943e-04,-3.35169885e-04,-5.02754828e-04
0.00000000e+00,-1.67044691e-04,-3.34089383e-04,-5.01134074e-04
0.00000000e+00,-1.67396906e-04,-3.34793811e-04,-5.02190717e-04
0.00000000e+00,-1.67146542e-04,-3.34293084e-04,-5.01439625e-04
0.00000000e+00,-1.67276317e-04,-3.34552634e-04,-5.01828950e-04
0.00000000e+00,-1.66896961e-04,-3.33793923e-04,-5.00690884e-04
0.00000000e+00,-1.67135570e-04,-3.34271141e-04,-5.01406711e-04
0.00000000e+00,-1.68911401e-04,-3.37822802e-04,-5.06734203e-04
0.00000000e+00,-1.69103356e-04,-3.38206712e-04,-5.07310069e-04
0.00000000e+00,-1.68305759e-04,-3.36611517e-04,-5.04917276e-04
0.00000000e+00,-1.68775901e-04,-3.37551802e-04,-5.06327702e-04
0.00000000e+00,-1.68319217e-04,-3.36638435e-04,-5.04957652e-04
0.00000000e+00,-1.68637031e-04,-3.37274062e-04,-5.05911093e-04
0.00000000e+00,-1.67856539e-04,-3.35713078e-04,-5.03569617e-04
0.00000000e+00,-1.68258570e-04,-3.36517140e-04,-5.04775710e-04
0.00000000e+00,-1.67835126e-04,-3.35670252e-04,-5.03505378e-04
0.00000000e+00,-1.68076143e-04,-3.36152286e-04,-5.04228429e-04
0.00000000e+00,-1.67454410e-04,-3.34908820e-04,-5.02363229e-04
0.00000000e+00,-1.67738293e-04,-3.35476585e-04,-5.03214878e-04
0.00000000e+00,-1.69570276e-04,-3.39140551e-04,-5.08710827e-04
0.00000000e+00,-1.68986847e-04,-3.37973694e-04,-5.06960541e-04
0.00000000e+00,-1.68188951e-04,-3.36377901e-04,-5.04566852e-04
0.00000000e+00,-1.67782973e-04,-3.35565947e-04,-5.03348920e-04
0.00000000e+00,-1.67906465e-04,-3.35812930e-04,-5.03719395e-04
0.00000000e+00,-1.67218488e-04,-3.34436976e-04,-5.01655465e-04
0.00000000e+00,-1.67778771e-04,-3.35557541e-04,-5.03336312e-04
0.00000000e+00,-1.67463246e-04,-3.34926492e-04,-5.02389738e-04
0.00000000e+00,-1.67633096e-04,-3.35266192e-04,-5.02899288e-04
0.00000000e+00,-1.67060059e-04,-3.34120119e-04,-5.01180178e-04
0.00000000e+00,-1.67456927e-04,-3.34913853e-04,-5.02370780e-04
0.00000000e+00,-1.67155604e-04,-3.34311208e-04,-5.01466812e-04
0.00000000e+00,-1.67304908e-04,-3.34609815e-04,-5.01914723e-04
0.00000000e+00,-1.66899444e-04,-3.33798888e-04,-5.00698332e-04
0.00000000e+00,-1.67166734e-04,-3.34333468e-04,-5.01500202e-04
0.00000000e+00,-1.69052352e-04,-3.38104704e-04,-5.07157056e-04
0.00000000e+00,-1.69227029e-04,-3.38454059e-04,-5.07681088e-04
0.00000000e+00,-1.68398975e-04,-3.36797949e-04,-5.05196924e-04
0.00000000e+00,-1.69002967e-04,-3.38005934e-04,-5.07008902e-04
0.00000000e+00,-1.68419813e-04,-3.36839626e-04,-5.05259439e-04
0.00000000e+00,-1.68721187e-04,-3.37442373e-04,-5.06163560e-04
0.00000000e+00,-1.67917880e-04,-3.35835760e-04,-5.03753640e-04
0.00000000e+00,-1.68449674e-04,-3.36899348e-04,-5.05349022e-04
0.00000000e+00,-1.67923889e-04,-3.35847779e-04,-5.03771668e-04
0.00000000e+00,-1.68114824e-04,-3.36229648e-04,-5.04344472e-04
0.00000000e+00,-1.67510534e-04,-3.35021068e-04,-5.02531602e-04
0.00000000e+00,-1.67795513e-04,-3.35591026e-04,-5.03386538e-04
0.00000000e+00,-1.69685837e-04,-3.39371675e-04,-5.09057512e-04
0.00000000e+00,-1.69088039e-04,-3.38176077e-04,-5.07264116e-04
0.00000000e+00,-1.68114336e-04,-3.36228673e-04,-5.04343009e-04
0.00000000e+00,-1.67733039e-04,-3.35466078e-04,-5.03199117e-04
0.00000000e+00,-1.67849622e-04,-3.35699244e-04,-5.03548866e-04
0.00000000e+00,-1.67194901e-04,-3.34389803e-04,-5.01584704e-04
0.00000000e+00,-1.67778770e-04,-3.35557541e-04,-5.03336311e-04
0.00000000e+00,-1.67432305e-04,-3.34864611e-04,-5.02296916e-04
0.00000000e+00,-1.67584942e-04,-3.35169884e-04,-5.02754826e-04
0.00000000e+00,-1.67044691e-04,-3.34089382e-04,-5.01134073e-04
0.00000000e+00,-1.67456926e-04,-3.34913853e-04,-5.02370779e-04
0.00000000e+00,-1.67146541e-04,-3.34293082e-04,-5.01439623e-04
0.00000000e+00,-1.67276316e-04,-3.34552632e-04,-5.01828949e-04
0.00000000e+00,-1.66896961e-04,-3.33793921e-04,-5.00690882e-04
0.00000000e+00,-1.67166734e-04,-3.34333467e-04,-5.01500201e-04
0.00000000e+00,-1.68911401e-04,-3.37822802e-04,-5.06734202e-04
0.00000000e+00,-1.69103356e-04,-3.38206712e-04,-5.07310068e-04
0.00000000e+00,-1.68305758e-04,-3.36611517e-04,-5.04917275e-04
0.00000000e+00,-1.69002967e-04,-3.38005935e-04,-5.07008902e-04
0.00000000e+00,-1.68319217e-04,-3.36638435e-04,-5.04957652e-04
0.00000000e+00,-1.68637031e-04,-3.37274062e-04,-5.05911093e-04
0.00000000e+00,-1.67856539e-04,-3.35713077e-04,-5.03569616e-04
0.00000000e+00,-1.68449674e-04,-3.36899348e-04,-5.05349022e-04
0.00000000e+00,-1.67835126e-04,-3.35670252e-04,-5.03505378e-04
0.00000000e+00,-1.68076143e-04,-3.36152286e-04,-5.04228428e-04
0.00000000e+00,-1.67454409e-04,-3.34908819e-04,-5.02363228e-04
0.00000000e+00,-1.67795513e-04,-3.35591026e-04,-5.03386539e-04
0.00000000e+00,-1.69570276e-04,-3.39140552e-04,-5.08710829e-04
0.00000000e+00,-1.68986847e-04,-3.37973695e-04,-5.06960542e-04
0.00000000e+00,-1.68188951e-04,-3.36377901e-04,-5.04566852e-04
0.00000000e+00,-1.67595110e-04,-3.35190220e-04,-5.02785329e-04
0.00000000e+00,-1.67703433e-04,-3.35406865e-04,-5.03110298e-04
0.00000000e+00,-1.67127992e-04,-3.34255984e-04,-5.01383976e-04
0.00000000e+00,-1.67677523e-04,-3.35355046e-04,-5.03032569e-04
0.00000000e+00,-1.67338117e-04,-3.34676233e-04,-5.02014350e-04
0.00000000e+00,-1.67468618e-04,-3.34937235e-04,-5.02405853e-04
0.00000000e+00,-1.66999063e-04,-3.33998126e-04,-5.00997188e-04
0.00000000e+00,-1.67396905e-04,-3.34793810e-04,-5.02190714e-04
0.00000000e+00,-1.67107484e-04,-3.34214968e-04,-5.01322451e-04
0.00000000e+00,-1.67217106e-04,-3.34434212e-04,-5.01651317e-04
0.00000000e+00,-1.66879143e-04,-3.33758285e-04,-5.00637428e-04
0.00000000e+00,-1.67135569e-04,-3.34271139e-04,-5.01406708e-04
0.00000000e+00,-1.68593569e-04,-3.37187137e-04,-5.05780706e-04
0.00000000e+00,-1.68779973e-04,-3.37559946e-04,-5.06339919e-04
0.00000000e+00,-1.68085300e-04,-3.36170601e-04,-5.04255901e-04
0.00000000e+00,-1.68775901e-04,-3.37551801e-04,-5.06327702e-04
0.00000000e+00,-1.68122025e-04,-3.36244049e-04,-5.04366074e-04
0.00000000e+00,-1.68361486e-04,-3.36722971e-04,-5.05084457e-04
0.00000000e+00,-1.67718229e-04,-3.35436458e-04,-5.03154687e-04
0.00000000e+00,-1.68258569e-04,-3.36517139e-04,-5.04775708e-04
0.00000000e+00,-1.67691016e-04,-3.35382033e-04,-5.03073049e-04
0.00000000e+00,-1.67882637e-04,-3.35765274e-04,-5.03647911e-04
0.00000000e+00,-1.67376414e-04,-3.34752828e-04,-5.02129242e-04
0.00000000e+00,-1.67738292e-04,-3.35476584e-04,-5.03214876e-04
0.00000000e+00,-1.69146281e-04,-3.38292561e-04,-5.07438842e-04
0.00000000e+00,-1.68597725e-04,-3.37195449e-04,-5.05793174e-04
0.00000000e+00,-1.68028225e-04,-3.36056451e-04,-5.04084676e-04
0.00000000e+00,-1.67512242e-04,-3.35024485e-04,-5.02536727e-04
0.00000000e+00,-1.67288189e-04,-3.34576378e-04,-5.01864568e-04
0.00000000e+00,-1.67083698e-04,-3.34167396e-04,-5.01251095e-04
0.00000000e+00,-1.68404530e-04,-3.36809059e-04,-5.05213589e-04
0.00000000e+00,-1.67994525e-04,-3.35989049e-04,-5.03983574e-04
0.00000000e+00,-1.67601851e-04,-3.35203702e-04,-5.02805553e-04
0.00000000e+00,-1.65642317e-04,-3.31284635e-04,-4.96926952e-04
0.00000000e+00,-1.65211309e-04,-3.30422618e-04,-4.95633927e-04
0.00000000e+00,-1.65305108e-04,-3.30610217e-04,-4.95915325e-04
0.00000000e+00,-1.65731483e-04,-3.31462965e-04,-4.97194448e-04
0.00000000e+00,-1.65450697e-04,-3.30901393e-04,-4.96352090e-04
0.00000000e+00,-1.64735609e-04,-3.29471218e-04,-4.94206827e-04
0.00000000e+00,-1.65338809e-04,-3.30677618e-04,-4.96016427e-04
0.00000000e+00,-1.64739765e-04,-3.29479530e-04,-4.94219295e-04
0.00000000e+00,-1.64971848e-04,-3.29943696e-04,-4.94915544e-04
0.00000000e+00,-1.64187053e-04,-3.28374106e-04,-4.92561159e-04
0.00000000e+00,-1.64928804e-04,-3.29857608e-04,-4.94786412e-04
0.00000000e+00,-1.64553360e-04,-3.29106721e-04,-4.93660081e-04
0.00000000e+00,-1.66225850e-04,-3.32451700e-04,-4.98677549e-04
0.00000000e+00,-1.65995217e-04,-3.31990434e-04,-4.97985651e-04
0.00000000e+00,-1.65956920e-04,-3.31913839e-04,-4.97870759e-04
0.00000000e+00,-1.66249635e-04,-3.32499271e-04,-4.98748906e-04
0.00000000e+00,-1.66116228e-04,-3.32232456e-04,-4.98348683e-04
0.00000000e+00,-1.65615104e-04,-3.31230209e-04,-4.96845313e-04
0.00000000e+00,-1.66045144e-04,-3.32090289e-04,-4.98135433e-04
0.00000000e+00,-1.65738224e-04,-3.31476447e-04,-4.97214671e-04
0.00000000e+00,-1.65864716e-04,-3.31729432e-04,-4.97594148e-04
0.00000000e+00,-1.65248033e-04,-3.30496066e-04,-4.95744099e-04
0.00000000e+00,-1.65821091e-04,-3.31642182e-04,-4.97463273e-04
0.00000000e+00,-1.65629901e-04,-3.31259802e-04,-4.96889703e-04
0.00000000e+00,-1.66666668e-04,-3.33333335e-04,-5.00000003e-04
0.00000000e+00,-1.66666668e-04,-3.33333335e-04,-5.00000003e-04
0.00000000e+00,-1.66454191e-04,-3.32908382e-04,-4.99362573e-04
0.00000000e+00,-1.66666668e-04,-3.33333336e-04,-5.00000004e-04
0.00000000e+00,-1.66666668e-04,-3.33333335e-04,-5.00000003e-04
0.00000000e+00,-1.66334271e-04,-3.32668541e-04,-4.99002812e-04
0.00000000e+00,-1.66666668e-04,-3.33333335e-04,-5.00000003e-04
0.00000000e+00,-1.66666667e-04,-3.33333335e-04,-5.00000002e-04
0.00000000e+00,-1.66666667e-04,-3.33333335e-04,-5.00000002e-04
0.00000000e+00,-1.66205342e-04,-3.32410683e-04,-4.98616025e-04
0.00000000e+00,-1.66666668e-04,-3.33333335e-04,-5.00000003e-04
0.00000000e+00,-1.66666667e-04,-3.33333335e-04,-5.00000002e-04
0.00000000e+00,-1.65498208e-04,-3.30996415e-04,-4.96494623e-04
0.00000000e+00,-1.65014116e-04,-3.30028232e-04,-4.95042348e-04
0.00000000e+00,-1.65144383e-04,-3.30288765e-04,-4.95433148e-04
0.00000000e+00,-1.65595042e-04,-3.31190083e-04,-4.96785125e-04
0.00000000e+00,-1.65257191e-04,-3.30514382e-04,-4.95771572e-04
0.00000000e+00,-1.64346486e-04,-3.28692972e-04,-4.93039459e-04
0.00000000e+00,-1.65074764e-04,-3.30149528e-04,-4.95224293e-04
0.00000000e+00,-1.64421933e-04,-3.28843865e-04,-4.93265798e-04
0.00000000e+00,-1.64696303e-04,-3.29392605e-04,-4.94088908e-04
0.00000000e+00,-1.63763057e-04,-3.27526115e-04,-4.91289172e-04
0.00000000e+00,-1.64557433e-04,-3.29114866e-04,-4.93672299e-04
0.00000000e+00,-1.64229977e-04,-3.28459954e-04,-4.92689932e-04
0.00000000e+00,-1.66186792e-04,-3.32373585e-04,-4.98560377e-04
0.00000000e+00,-1.65901028e-04,-3.31802056e-04,-4.97703084e-04
0.00000000e+00,-1.65878924e-04,-3.31757849e-04,-4.97636773e-04
0.00000000e+00,-1.66197764e-04,-3.32395528e-04,-4.98593293e-04
0.00000000e+00,-1.66057017e-04,-3.32114034e-04,-4.98171052e-04
0.00000000e+00,-1.65476795e-04,-3.30953590e-04,-4.96430385e-04
0.00000000e+00,-1.65936429e-04,-3.31872857e-04,-4.97809286e-04
0.00000000e+00,-1.65600294e-04,-3.31200589e-04,-4.96800883e-04
0.00000000e+00,-1.65748391e-04,-3.31496782e-04,-4.97245174e-04
0.00000000e+00,-1.65027575e-04,-3.30055150e-04,-4.95082725e-04
0.00000000e+00,-1.65655810e-04,-3.31311621e-04,-4.96967431e-04
0.00000000e+00,-1.65483711e-04,-3.30967423e-04,-4.96451134e-04
0.00000000e+00,-1.66666667e-04,-3.33333334e-04,-5.00000002e-04
0.00000000e+00,-1.66666667e-04,-3.33333334e-04,-5.00000001e-04
0.00000000e+00,-1.66436373e-04,-3.32872745e-04,-4.99309118e-04
0.00000000e+00,-1.66666667e-04,-3.33333335e-04,-5.00000002e-04
0.00000000e+00,-1.66666667e-04,-3.33333334e-04,-5.00000002e-04
0.00000000e+00,-1.66288643e-04,-3.32577285e-04,-4.98865928e-04
0.00000000e+00,-1.66666667e-04,-3.33333335e-04,-5.00000002e-04
0.00000000e+00,-1.66666667e-04,-3.33333334e-04,-5.00000001e-04
0.00000000e+00,-1.66666667e-04,-3.33333334e-04,-5.00000001e-04
0.00000000e+00,-1.66138432e-04,-3.32276864e-04,-4.98415296e-04
0.00000000e+00,-1.66666667e-04,-3.33333334e-04,-5.00000002e-04
0.00000000e+00,-1.66666667e-04,-3.33333334e-04,-5.00000001e-04
0.00000000e+00,-1.65409444e-04,-3.30818887e-04,-4.96228331e-04
0.00000000e+00,-1.64913520e-04,-3.29827040e-04,-4.94740559e-04
0.00000000e+00,-1.65218997e-04,-3.30437993e-04,-4.95656990e-04
0.00000000e+00,-1.65537820e-04,-3.31075641e-04,-4.96613461e-04
0.00000000e+00,-1.65218509e-04,-3.30437019e-04,-4.95655528e-04
0.00000000e+00,-1.64245294e-04,-3.28490589e-04,-4.92735883e-04
0.00000000e+00,-1.64883659e-04,-3.29767319e-04,-4.94650978e-04
0.00000000e+00,-1.64280981e-04,-3.28561962e-04,-4.92842943e-04
0.00000000e+00,-1.64612146e-04,-3.29224293e-04,-4.93836439e-04
0.00000000e+00,-1.63647496e-04,-3.27294991e-04,-4.90942487e-04
0.00000000e+00,-1.64330366e-04,-3.28660732e-04,-4.92991098e-04
0.00000000e+00,-1.64106304e-04,-3.28212607e-04,-4.92318911e-04
0.00000000e+00,-1.66177729e-04,-3.32355458e-04,-4.98533187e-04
0.00000000e+00,-1.65870087e-04,-3.31740175e-04,-4.97610262e-04
0.00000000e+00,-1.65822799e-04,-3.31645598e-04,-4.97468397e-04
0.00000000e+00,-1.66166600e-04,-3.32333199e-04,-4.98499799e-04
0.00000000e+00,-1.66028426e-04,-3.32056851e-04,-4.98085277e-04
0.00000000e+00,-1.65415453e-04,-3.30830906e-04,-4.96246359e-04
0.00000000e+00,-1.65876407e-04,-3.31752814e-04,-4.97629221e-04
0.00000000e+00,-1.65550360e-04,-3.31100720e-04,-4.96651080e-04
0.00000000e+00,-1.65700237e-04,-3.31400475e-04,-4.97100712e-04
0.00000000e+00,-1.64934358e-04,-3.29868717e-04,-4.94803075e-04
0.00000000e+00,-1.65554563e-04,-3.31109126e-04,-4.96663689e-04
0.00000000e+00,-1.65426868e-04,-3.30853737e-04,-4.96280605e-04
0.00000000e+00,-1.66666667e-04,-3.33333333e-04,-5.00000000e-04
0.00000000e+00,-1.66666667e-04,-3.33333333e-04,-5.00000000e-04
0.00000000e+00,-1.66433889e-04,-3.32867779e-04,-4.99301668e-04
0.00000000e+00,-1.66666667e-04,-3.33333334e-04,-5.00000001e-04
0.00000000e+00,-1.66666667e-04,-3.33333333e-04,-5.00000000e-04
0.00000000e+00,-1.66273274e-04,-3.32546548e-04,-4.98819822e-04
0.00000000e+00,-1.66666667e-04,-3.33333334e-04,-5.00000001e-04
0.00000000e+00,-1.66666667e-04,-3.33333333e-04,-5.00000000e-04
0.00000000e+00,-1.66666667e-04,-3.33333333e-04,-5.00000000e-04
0.00000000e+00,-1.66114845e-04,-3.32229690e-04,-4.98344535e-04
0.00000000e+00,-1.66666667e-04,-3.33333334e-04,-5.00000001e-04
0.00000000e+00,-1.66666667e-04,-3.33333333e-04,-5.00000000e-04
0.00000000e+00,-1.65498207e-04,-3.30996413e-04,-4.96494620e-04
0.00000000e+00,-1.65014115e-04,-3.30028231e-04,-4.95042346e-04
0.00000000e+00,-1.65144382e-04,-3.30288764e-04,-4.95433145e-04
0.00000000e+00,-1.65537820e-04,-3.31075640e-04,-4.96613459e-04
0.00000000e+00,-1.65257190e-04,-3.30514380e-04,-4.95771570e-04
0.00000000e+00,-1.64346485e-04,-3.28692971e-04,-4.93039456e-04
0.00000000e+00,-1.64883659e-04,-3.29767318e-04,-4.94650977e-04
0.00000000e+00,-1.64421932e-04,-3.28843864e-04,-4.93265796e-04
0.00000000e+00,-1.64696302e-04,-3.29392604e-04,-4.94088905e-04
0.00000000e+00,-1.63763057e-04,-3.27526113e-04,-4.91289170e-04
0.00000000e+00,-1.64330366e-04,-3.28660731e-04,-4.92991097e-04
0.00000000e+00,-1.64229977e-04,-3.28459953e-04,-4.92689930e-04
0.00000000e+00,-1.66186791e-04,-3.32373583e-04,-4.98560374e-04
0.00000000e+00,-1.65901027e-04,-3.31802055e-04,-4.97703082e-04
0.00000000e+00,-1.65878923e-04,-3.31757846e-04,-4.97636770e-04
0.00000000e+00,-1.66166599e-04,-3.32333198e-04,-4.98499798e-04
0.00000000e+00,-1.66057016e-04,-3.32114032e-04,-4.98171049e-04
0.00000000e+00,-1.65476794e-04,-3.30953588e-04,-4.96430382e-04
0.00000000e+00,-1.65876406e-04,-3.31752813e-04,-4.97629219e-04
0.00000000e+00,-1.65600294e-04,-3.31200587e-04,-4.96800881e-04
0.00000000e+00,-1.65748390e-04,-3.31496781e-04,-4.97245171e-04
0.00000000e+00,-1.65027574e-04,-3.30055149e-04,-4.95082723e-04
0.00000000e+00,-1.65554563e-04,-3.31109125e-04,-4.96663688e-04
0.00000000e+00,-1.65483711e-04,-3.30967421e-04,-4.96451132e-04
0.00000000e+00,-1.66666666e-04,-3.33333332e-04,-4.99999998e-04
0.00000000e+00,-1.66666666e-04,-3.33333332e-04,-4.99999999e-04
0.00000000e+00,-1.66436372e-04,-3.32872743e-04,-4.99309115e-04
0.00000000e+00,-1.66666666e-04,-3.33333333e-04,-4.99999999e-04
0.00000000e+00,-1.66666666e-04,-3.33333332e-04,-4.99999999e-04
0.00000000e+00,-1.66288642e-04,-3.32577283e-04,-4.98865925e-04
0.00000000e+00,-1.66666666e-04,-3.33333333e-04,-4.99999999e-04
0.00000000e+00,-1.66666666e-04,-3.33333333e-04,-4.99999999e-04
0.00000000e+00,-1.66666666e-04,-3.33333333e-04,-4.99999999e-04
0.00000000e+00,-1.66138431e-04,-3.32276862e-04,-4.98415294e-04
0.00000000e+00,-1.66666666e-04,-3.33333333e-04,-4.99999999e-04
0.00000000e+00,-1.66666666e-04,-3.33333333e-04,-4.99999999e-04
0.00000000e+00,-1.65642315e-04,-3.31284631e-04,-4.96926946e-04
0.00000000e+00,-1.65211307e-04,-3.30422615e-04,-4.95633922e-04
0.00000000e+00,-1.65305107e-04,-3.30610213e-04,-4.95915320e-04
0.00000000e+00,-1.65595040e-04,-3.31190080e-04,-4.96785120e-04
0.00000000e+00,-1.65450695e-04,-3.30901390e-04,-4.96352084e-04
0.00000000e+00,-1.64735608e-04,-3.29471215e-04,-4.94206823e-04
0.00000000e+00,-1.65074763e-04,-3.30149526e-04,-4.95224289e-04
0.00000000e+00,-1.64739764e-04,-3.29479527e-04,-4.94219291e-04
0.00000000e+00,-1.64971846e-04,-3.29943693e-04,-4.94915539e-04
0.00000000e+00,-1.64187052e-04,-3.28374104e-04,-4.92561155e-04
0.00000000e+00,-1.64557432e-04,-3.29114864e-04,-4.93672296e-04
0.00000000e+00,-1.64553359e-04,-3.29106719e-04,-4.93660078e-04
0.00000000e+00,-1.66225848e-04,-3.32451695e-04,-4.98677543e-04
0.00000000e+00,-1.65995215e-04,-3.31990430e-04,-4.97985646e-04
0.00000000e+00,-1.65956918e-04,-3.31913835e-04,-4.97870753e-04
0.00000000e+00,-1.66197763e-04,-3.32395525e-04,-4.98593288e-04
0.00000000e+00,-1.66116226e-04,-3.32232452e-04,-4.98348678e-04
0.00000000e+00,-1.65615103e-04,-3.31230206e-04,-4.96845308e-04
0.00000000e+00,-1.65936427e-04,-3.31872855e-04,-4.97809282e-04
0.00000000e+00,-1.65738222e-04,-3.31476445e-04,-4.97214667e-04
0.00000000e+00,-1.65864714e-04,-3.31729429e-04,-4.97594143e-04
0.00000000e+00,-1.65248032e-04,-3.30496063e-04,-4.95744095e-04
0.00000000e+00,-1.65655809e-04,-3.31311619e-04,-4.96967428e-04
0.00000000e+00,-1.65629900e-04,-3.31259799e-04,-4.96889699e-04
0.00000000e+00,-1.66666666e-04,-3.33333331e-04,-4.99999997e-04
0.00000000e+00,-1.66666666e-04,-3.33333332e-04,-4.99999997e-04
0.00000000e+00,-1.66454189e-04,-3.32908378e-04,-4.99362566e-04
0.00000000e+00,-1.66666666e-04,-3.33333332e-04,-4.99999998e-04
0.00000000e+00,-1.66666666e-04,-3.33333331e-04,-4.99999997e-04
0.00000000e+00,-1.66334269e-04,-3.32668538e-04,-4.99002807e-04
0.00000000e+00,-1.66666666e-04,-3.33333332e-04,-4.99999998e-04
0.00000000e+00,-1.66666666e-04,-3.33333332e-04,-4.99999998e-04
0.00000000e+00,-1.66666666e-04,-3.33333332e-04,-4.99999998e-04
0.00000000e+00,-1.66205340e-04,-3.32410680e-04,-4.98616020e-04
0.00000000e+00,-1.66666666e-04,-3.33333332e-04,-4.99999998e-04
0.00000000e+00,-1.66666666e-04,-3.33333332e-04,-4.99999998e-04
0.00000000e+00,-1.65731480e-04,-3.31462960e-04,-4.97194441e-04
0.00000000e+00,-1.65338807e-04,-3.30677614e-04,-4.96016421e-04
0.00000000e+00,-1.64928802e-04,-3.29857605e-04,-4.94786407e-04
0.00000000e+00,-1.66249633e-04,-3.32499266e-04,-4.98748899e-04
0.00000000e+00,-1.66045142e-04,-3.32090284e-04,-4.98135427e-04
0.00000000e+00,-1.65821089e-04,-3.31642179e-04,-4.97463268e-04
0.00000000e+00,-1.66666665e-04,-3.33333331e-04,-4.99999996e-04
0.00000000e+00,-1.66666666e-04,-3.33333331e-04,-4.99999997e-04
0.00000000e+00,-1.66666666e-04,-3.33333332e-04,-4.99999997e-04
0.00000000e+00,-1.67146542e-04,-3.34293084e-04,-5.01439626e-04
0.00000000e+00,-1.67155604e-04,-3.34311208e-04,-5.01466813e-04
0.00000000e+00,-1.67432306e-04,-3.34864612e-04,-5.02296918e-04
0.00000000e+00,-1.67463246e-04,-3.34926492e-04,-5.02389738e-04
0.00000000e+00,-1.66896962e-04,-3.33793923e-04,-5.00690885e-04
0.00000000e+00,-1.67166734e-04,-3.34333468e-04,-5.01500203e-04
0.00000000e+00,-1.66899444e-04,-3.33798888e-04,-5.00698332e-04
0.00000000e+00,-1.67276317e-04,-3.34552634e-04,-5.01828951e-04
0.00000000e+00,-1.67304908e-04,-3.34609816e-04,-5.01914723e-04
0.00000000e+00,-1.67044692e-04,-3.34089383e-04,-5.01134075e-04
0.00000000e+00,-1.67456927e-04,-3.34913854e-04,-5.02370781e-04
0.00000000e+00,-1.67060059e-04,-3.34120119e-04,-5.01180178e-04
0.00000000e+00,-1.67733040e-04,-3.35466079e-04,-5.03199119e-04
0.00000000e+00,-1.67782973e-04,-3.35565947e-04,-5.03348920e-04
0.00000000e+00,-1.67584943e-04,-3.35169886e-04,-5.02754829e-04
0.00000000e+00,-1.67633096e-04,-3.35266192e-04,-5.02899288e-04
0.00000000e+00,-1.67194902e-04,-3.34389804e-04,-5.01584706e-04
0.00000000e+00,-1.67778771e-04,-3.35557542e-04,-5.03336312e-04
0.00000000e+00,-1.67218488e-04,-3.34436977e-04,-5.01655465e-04
0.00000000e+00,-1.67849623e-04,-3.35699245e-04,-5.03548868e-04
0.00000000e+00,-1.67906465e-04,-3.35812930e-04,-5.03719395e-04
0.00000000e+00,-1.67835127e-04,-3.35670253e-04,-5.03505380e-04
0.00000000e+00,-1.67923890e-04,-3.35847779e-04,-5.03771669e-04
0.00000000e+00,-1.68319218e-04,-3.36638436e-04,-5.04957654e-04
0.00000000e+00,-1.68419814e-04,-3.36839627e-04,-5.05259441e-04
0.00000000e+00,-1.67454410e-04,-3.34908820e-04,-5.02363230e-04
0.00000000e+00,-1.67795514e-04,-3.35591027e-04,-5.03386541e-04
0.00000000e+00,-1.67510534e-04,-3.35021068e-04,-5.02531603e-04
0.00000000e+00,-1.68076143e-04,-3.36152287e-04,-5.04228430e-04
0.00000000e+00,-1.68114824e-04,-3.36229648e-04,-5.04344472e-04
0.00000000e+00,-1.67856539e-04,-3.35713079e-04,-5.03569618e-04
0.00000000e+00,-1.68449674e-04,-3.36899349e-04,-5.05349023e-04
0.00000000e+00,-1.67917880e-04,-3.35835761e-04,-5.03753641e-04
0.00000000e+00,-1.68911401e-04,-3.37822803e-04,-5.06734204e-04
0.00000000e+00,-1.69052352e-04,-3.38104705e-04,-5.07157057e-04
0.00000000e+00,-1.68637032e-04,-3.37274063e-04,-5.05911095e-04
0.00000000e+00,-1.68721187e-04,-3.37442374e-04,-5.06163561e-04
0.00000000e+00,-1.68305759e-04,-3.36611518e-04,-5.04917277e-04
0.00000000e+00,-1.69002968e-04,-3.38005935e-04,-5.07008903e-04
0.00000000e+00,-1.68398975e-04,-3.36797950e-04,-5.05196925e-04
0.00000000e+00,-1.69103357e-04,-3.38206713e-04,-5.07310070e-04
0.00000000e+00,-1.69227030e-04,-3.38454059e-04,-5.07681089e-04
0.00000000e+00,-1.68188952e-04,-3.36377903e-04,-5.04566855e-04
0.00000000e+00,-1.68114337e-04,-3.36228673e-04,-5.04343010e-04
0.00000000e+00,-1.68986848e-04,-3.37973696e-04,-5.06960544e-04
0.00000000e+00,-1.69088039e-04,-3.38176078e-04,-5.07264117e-04
0.00000000e+00,-1.69570277e-04,-3.39140553e-04,-5.08710830e-04
0.00000000e+00,-1.69685838e-04,-3.39371675e-04,-5.09057513e-04
0.00000000e+00,-1.67107486e-04,-3.34214971e-04,-5.01322457e-04
0.00000000e+00,-1.67338118e-04,-3.34676236e-04,-5.02014354e-04
0.00000000e+00,-1.66879144e-04,-3.33758289e-04,-5.00637433e-04
0.00000000e+00,-1.67135571e-04,-3.34271141e-04,-5.01406712e-04
0.00000000e+00,-1.67217107e-04,-3.34434215e-04,-5.01651322e-04
0.00000000e+00,-1.66999064e-04,-3.33998129e-04,-5.00997193e-04
0.00000000e+00,-1.67396906e-04,-3.34793812e-04,-5.02190718e-04
0.00000000e+00,-1.67595111e-04,-3.35190222e-04,-5.02785333e-04
0.00000000e+00,-1.67468619e-04,-3.34937238e-04,-5.02405857e-04
0.00000000e+00,-1.67127993e-04,-3.34255986e-04,-5.01383980e-04
0.00000000e+00,-1.67677524e-04,-3.35355048e-04,-5.03032572e-04
0.00000000e+00,-1.67703434e-04,-3.35406867e-04,-5.03110301e-04
0.00000000e+00,-1.67691018e-04,-3.35382036e-04,-5.03073054e-04
0.00000000e+00,-1.68122026e-04,-3.36244052e-04,-5.04366078e-04
0.00000000e+00,-1.67376416e-04,-3.34752831e-04,-5.02129247e-04
0.00000000e+00,-1.67738293e-04,-3.35476586e-04,-5.03214880e-04
0.00000000e+00,-1.67882639e-04,-3.35765277e-04,-5.03647916e-04
0.00000000e+00,-1.67718231e-04,-3.35436461e-04,-5.03154692e-04
0.00000000e+00,-1.68258570e-04,-3.36517141e-04,-5.04775711e-04
0.00000000e+00,-1.68593570e-04,-3.37187139e-04,-5.05780709e-04
0.00000000e+00,-1.68361487e-04,-3.36722974e-04,-5.05084461e-04
0.00000000e+00,-1.68085302e-04,-3.36170603e-04,-5.04255905e-04
0.00000000e+00,-1.68775901e-04,-3.37551803e-04,-5.06327704e-04
0.00000000e+00,-1.68779974e-04,-3.37559948e-04,-5.06339922e-04
0.00000000e+00,-1.68028227e-04,-3.36056454e-04,-5.04084680e-04
0.00000000e+00,-1.68597726e-04,-3.37195452e-04,-5.05793177e-04
0.00000000e+00,-1.69146282e-04,-3.38292563e-04,-5.07438845e-04
0.00000000e+00,-1.67083700e-04,-3.34167401e-04,-5.01251101e-04
0.00000000e+00,-1.67288191e-04,-3.34576382e-04,-5.01864573e-04
0.00000000e+00,-1.67512244e-04,-3.35024488e-04,-5.02536732e-04
0.00000000e+00,-1.67601853e-04,-3.35203706e-04,-5.02805559e-04
0.00000000e+00,-1.67994526e-04,-3.35989053e-04,-5.03983579e-04
0.00000000e+00,-1.68404531e-04,-3.36809062e-04,-5.05213593e-04
0.00000000e+00,-1.67107484e-04,-3.34214967e-04,-5.01322451e-04
0.00000000e+00,-1.67338116e-04,-3.34676233e-04,-5.02014349e-04
0.00000000e+00,-1.66879142e-04,-3.33758285e-04,-5.00637427e-04
0.00000000e+00,-1.67083698e-04,-3.34167396e-04,-5.01251094e-04
0.00000000e+00,-1.67217106e-04,-3.34434211e-04,-5.01651317e-04
0.00000000e+00,-1.66999063e-04,-3.33998125e-04,-5.00997188e-04
0.00000000e+00,-1.67288189e-04,-3.34576378e-04,-5.01864567e-04
0.00000000e+00,-1.67595110e-04,-3.35190219e-04,-5.02785329e-04
0.00000000e+00,-1.67468617e-04,-3.34937235e-04,-5.02405852e-04
0.00000000e+00,-1.67127992e-04,-3.34255984e-04,-5.01383975e-04
0.00000000e+00,-1.67512242e-04,-3.35024484e-04,-5.02536727e-04
0.00000000e+00,-1.67703432e-04,-3.35406865e-04,-5.03110297e-04
0.00000000e+00,-1.67691016e-04,-3.35382032e-04,-5.03073048e-04
0.00000000e+00,-1.68122024e-04,-3.36244048e-04,-5.04366073e-04
0.00000000e+00,-1.67376414e-04,-3.34752827e-04,-5.02129241e-04
0.00000000e+00,-1.67601851e-04,-3.35203702e-04,-5.02805552e-04
0.00000000e+00,-1.67882637e-04,-3.35765274e-04,-5.03647910e-04
0.00000000e+00,-1.67718229e-04,-3.35436458e-04,-5.03154687e-04
0.00000000e+00,-1.67994524e-04,-3.35989049e-04,-5.03983573e-04
0.00000000e+00,-1.68593568e-04,-3.37187137e-04,-5.05780705e-04
0.00000000e+00,-1.68361485e-04,-3.36722971e-04,-5.05084456e-04
0.00000000e+00,-1.68085300e-04,-3.36170601e-04,-5.04255901e-04
0.00000000e+00,-1.68404529e-04,-3.36809059e-04,-5.05213588e-04
0.00000000e+00,-1.68779973e-04,-3.37559946e-04,-5.06339919e-04
0.00000000e+00,-1.68028225e-04,-3.36056450e-04,-5.04084675e-04
0.00000000e+00,-1.68597724e-04,-3.37195448e-04,-5.05793173e-04
0.00000000e+00,-1.69146280e-04,-3.38292561e-04,-5.07438841e-04
0.00000000e+00,-1.67146541e-04,-3.34293082e-04,-5.01439623e-04
0.00000000e+00,-1.67432305e-04,-3.34864610e-04,-5.02296916e-04
0.00000000e+00,-1.66896961e-04,-3.33793921e-04,-5.00690882e-04
0.00000000e+00,-1.67135569e-04,-3.34271138e-04,-5.01406707e-04
0.00000000e+00,-1.67276316e-04,-3.34552632e-04,-5.01828948e-04
0.00000000e+00,-1.67044691e-04,-3.34089382e-04,-5.01134072e-04
0.00000000e+00,-1.67396905e-04,-3.34793809e-04,-5.02190714e-04
0.00000000e+00,-1.67733039e-04,-3.35466078e-04,-5.03199117e-04
0.00000000e+00,-1.67584942e-04,-3.35169884e-04,-5.02754826e-04
0.00000000e+00,-1.67194901e-04,-3.34389803e-04,-5.01584704e-04
0.00000000e+00,-1.67677523e-04,-3.35355046e-04,-5.03032569e-04
0.00000000e+00,-1.67849622e-04,-3.35699244e-04,-5.03548866e-04
0.00000000e+00,-1.67835126e-04,-3.35670251e-04,-5.03505377e-04
0.00000000e+00,-1.68319217e-04,-3.36638434e-04,-5.04957652e-04
0.00000000e+00,-1.67454409e-04,-3.34908818e-04,-5.02363227e-04
0.00000000e+00,-1.67738292e-04,-3.35476584e-04,-5.03214875e-04
0.00000000e+00,-1.68076143e-04,-3.36152285e-04,-5.04228428e-04
0.00000000e+00,-1.67856539e-04,-3.35713077e-04,-5.03569616e-04
0.00000000e+00,-1.68258569e-04,-3.36517138e-04,-5.04775707e-04
0.00000000e+00,-1.68911401e-04,-3.37822802e-04,-5.06734202e-04
0.00000000e+00,-1.68637031e-04,-3.37274062e-04,-5.05911092e-04
0.00000000e+00,-1.68305758e-04,-3.36611517e-04,-5.04917275e-04
0.00000000e+00,-1.68775900e-04,-3.37551801e-04,-5.06327701e-04
0.00000000e+00,-1.69103356e-04,-3.38206712e-04,-5.07310068e-04
0.00000000e+00,-1.68188951e-04,-3.36377901e-04,-5.04566852e-04
0.00000000e+00,-1.68986847e-04,-3.37973694e-04,-5.06960542e-04
0.00000000e+00,-1.69570276e-04,-3.39140552e-04,-5.08710828e-04
0.00000000e+00,-1.67166734e-04,-3.34333467e-04,-5.01500201e-04
0.00000000e+00,-1.67456926e-04,-3.34913853e-04,-5.02370779e-04
0.00000000e+00,-1.67778770e-04,-3.35557541e-04,-5.03336311e-04
0.00000000e+00,-1.67795513e-04,-3.35591026e-04,-5.03386539e-04
0.00000000e+00,-1.68449674e-04,-3.36899348e-04,-5.05349022e-04
0.00000000e+00,-1.69002967e-04,-3.38005935e-04,-5.07008902e-04
