$MeshFormat
2.2 0 8
$EndMeshFormat
$PhysicalNames
3
0 1 "bc-top"
0 2 "bc-bot"
3 3 "vol"
$EndPhysicalNames
$Nodes
1373
1 0 0.006 0
2 0 -0.006 0
3 3.67394039744206e-19 -8.998558695971146e-35 0.006
4 3.67394039744206e-19 -8.998558695971146e-35 -0.006
5 0.001552914270615127 -3.803542981718123e-19 -0.00579555495773441
6 0.003000000000000005 -7.347880794884132e-19 -0.005196152422706629
7 0.004242640687119295 -1.039147267482594e-18 -0.004242640687119274
8 0.005196152422706641 -1.272690286469891e-18 -0.002999999999999984
9 0.005795554957734414 -1.419501565654405e-18 -0.001552914270615109
10 0.006 -1.469576158976824e-18 1.451763539562543e-17
11 0.005795554957734407 -1.419501565654403e-18 0.001552914270615137
12 0.005196152422706627 -1.272690286469887e-18 0.00300000000000001
13 0.004242640687119279 -1.03914726748259e-18 0.004242640687119292
14 0.002999999999999994 -7.347880794884104e-19 0.005196152422706636
15 0.001552914270615125 -3.803542981718118e-19 0.00579555495773441
16 0.0007831571533203128 -1.918181802086148e-19 -0.005948669168242863
17 0.00229610059419054 -5.623824486391561e-19 -0.00554327719506772
18 0.003652568574052332 -8.9462128257588e-19 -0.004760120041747406
19 0.004760120041747422 -1.165893154536629e-18 -0.003652568574052309
20 0.005543277195067727 -1.357711334745242e-18 -0.002296100594190523
21 0.005948669168242864 -1.457003731215034e-18 -0.0007831571533202943
22 0.005948669168242861 -1.457003731215034e-18 0.0007831571533203232
23 0.005543277195067716 -1.357711334745239e-18 0.002296100594190549
24 0.004760120041747406 -1.165893154536625e-18 0.003652568574052332
25 0.003652568574052318 -8.946212825758765e-19 0.004760120041747416
26 0.002296100594190533 -5.623824486391544e-19 0.005543277195067723
27 0.0007831571533203105 -1.918181802086142e-19 0.005948669168242863
28 -0.001249685680475555 0.00041968554284572 -0.005853387886099864
29 0.0005462877486402511 0.001065028703495218 -0.005879394829097368
30 -0.0004087417926370646 0.001767249950660313 -0.005719244509447289
31 -0.001249685680475556 -0.0004196855428457174 0.005853387886099864
32 0.0005462877486402504 -0.001065028703495216 0.005879394829097368
33 -0.0004087417926370666 -0.001767249950660311 0.00571924450944729
34 0.003758586441217089 0.001708940824091973 -0.004353452563615562
35 0.002254078913414706 0.001477959343063255 -0.00536048173510098
36 0.003758586441217076 -0.001708940824091976 0.004353452563615572
37 0.002254078913414695 -0.001477959343063257 0.005360481735100984
38 0.001244644586366841 -0.005351922709179234 0.002409934266447807
39 0.002674549651986219 -0.005195158362429962 0.001362759607683772
40 0.001438493124186156 -0.005781603582201339 0.0007097869750466011
41 -0.0004994680809113885 -0.004523664246548814 -0.003909858491128119
42 -0.0001405829592697899 -0.00328937542524678 -0.005015998977606108
43 -0.001812570667254305 -0.003756847673391038 -0.004312850928926901
44 0.005264918646921482 0.002810249665793596 -0.0006189737128549608
45 0.004407172217014746 0.004050464887170995 0.0004129978781642708
46 0.004018099768872904 0.0043297409676517 -0.001052719051039752
47 0.003082878478943154 -0.00441047402070439 0.002653974226845619
48 0.001244644586366854 0.005351922709179232 -0.002409934266447802
49 0.002674549651986229 0.00519515836242996 -0.001362759607683764
50 0.001438493124186155 0.005781603582201339 -0.0007097869750465959
51 -0.0004994680809113922 0.004523664246548812 0.00390985849112812
52 -0.0001405829592697942 0.00328937542524678 0.005015998977606108
53 -0.001812570667254309 0.003756847673391036 0.004312850928926901
54 -0.003282843713240257 -0.003869649850669471 -0.003201366456320279
55 -0.004408651260068098 -0.003764676352692082 -0.001546287821390641
56 -0.003103990089966248 -0.004844941920806179 -0.001700524420702701
57 0.003082878478943164 0.004410474020704388 -0.00265397422684561
58 -0.004608538439945532 -0.002602277142306848 -0.002826575157707947
59 -0.004989087376945937 -0.003191018317376739 0.0009625015549934641
60 -0.003697148865045244 -0.004515182088397113 0.001394353247320258
61 -0.004572153222086639 -0.003885166572895153 -2.99268210957537e-05
62 0.005330442384775085 0.002025813769239489 -0.001866135727902181
63 0.005791307949918063 0.001234158856302072 -0.0009682996161452311
64 -0.003282843713240255 0.003869649850669473 0.003201366456320278
65 -0.00440865126006809 0.003764676352692091 0.001546287821390641
66 -0.003103990089966241 0.004844941920806183 0.001700524420702701
67 0.005264918646921474 -0.002810249665793604 0.0006189737128549808
68 0.004407172217014746 -0.004050464887170996 -0.000412997878164255
69 0.004018099768872895 -0.004329740967651706 0.001052719051039765
70 -0.00460853843994553 0.002602277142306851 0.002826575157707946
71 -0.002000762713111836 -0.005254392940903139 0.00209482777058369
72 -0.002940514996310652 -0.004420857132859828 0.00279452925683639
73 0.003383876154553909 0.002513410229580094 0.00426991231625236
74 0.002423150006440345 0.003668867950756758 0.004082615828877126
75 0.003511266958628687 0.003433158406639005 0.003447379831142252
76 0.005330442384775077 -0.002025813769239492 0.001866135727902202
77 0.005791307949918059 -0.001234158856302072 0.0009682996161452572
78 -0.005357845633278117 0.0009076375417130586 -0.002543557403094275
79 -0.005826476489527805 -0.0001755104559285618 -0.001421748148175158
80 -0.005367865587568838 -0.0009131774044135251 -0.002520342449323672
81 -0.0008590870175100033 0.004965992635798775 -0.003255900280650207
82 -0.0002702978623824834 0.005731851098495115 -0.00175294667639144
83 -0.002000762713111825 0.005254392940903144 -0.002094827770583688
84 -0.005454619993032483 -0.002389914018900081 -0.0007317319959351205
85 0.00338387615455392 -0.002513410229580093 -0.004269912316252351
86 0.002423150006440351 -0.003668867950756761 -0.00408261582887712
87 0.003511266958628691 -0.00343315840663901 -0.003447379831142242
88 -0.0008590870175100155 -0.004965992635798772 0.00325590028065021
89 -0.0002702978623824911 -0.005731851098495115 0.001752946676391442
90 -0.005357845633278117 -0.0009076375417130549 0.002543557403094276
91 -0.005826476489527804 0.0001755104559285684 0.001421748148175159
92 -0.005367865587568838 0.000913177404413524 0.002520342449323672
93 -0.005454619993032477 0.002389914018900091 0.0007317319959351212
94 0.004614922853989025 -0.003185915286422123 0.002133642622247604
95 -0.001994090112406842 -0.005616817620627098 0.0006891766393416219
96 0.001182434456287827 -0.004557221347055598 0.003719352410100994
97 -0.003497909533286685 -0.004869860849282629 -0.0002215495555545088
98 0.00259537729965529 -0.003319381734223875 0.004271501091529173
99 0.005151954711620193 -0.001966066910849181 -0.00236472906513166
100 0.005612126572333831 -0.00118317719958127 -0.001761853299936051
101 0.001182434456287839 0.004557221347055599 -0.003719352410100989
102 0.002595377299655297 0.003319381734223877 -0.004271501091529168
103 0.004614922853989035 0.003185915286422119 -0.002133642622247589
104 0.002484428723603643 -0.004706212320671253 -0.002771133253760143
105 -0.004989087376945933 0.003191018317376745 -0.0009625015549934639
106 -0.003697148865045235 0.00451518208839712 -0.001394353247320257
107 -0.004572153222086633 0.00388516657289516 2.992682109575501e-05
108 0.005314220371836162 0.002580677202884595 0.001048411662503457
109 0.005828665524399948 0.001344643348862891 0.0004675387353260431
110 0.002484428723603641 0.00470621232067125 0.002771133253760151
111 -0.003569359174067662 -0.001744406887165585 0.00449630066816136
112 -0.002612773761244746 -0.003650143185582473 0.00398118926921301
113 -0.004457506079623223 -0.002829861736904682 0.002850003877212245
114 -0.0001711728843667479 -0.002052654536678512 -0.005635362383796688
115 -0.0003270193621567915 -0.0007929920116677596 -0.005938368631720811
116 -0.001223161538823323 -0.001099417782233814 -0.005770195524421286
117 0.001080683716795545 -0.002336645051106811 -0.005419613695586708
118 0.0008160784290908372 -0.00122676623460899 -0.005816275492374473
119 0.004853978825876327 -0.001637687795223541 0.003123598604705818
120 0.003919809004103852 -0.003059619537374516 0.003357651807120941
121 0.002031340388413416 -0.001181361137214363 -0.005520692174888944
122 -0.003676932041481807 0.000350454073567068 0.004728356237070625
123 -0.003150065673834713 0.002237975215216047 0.004590049366467308
124 -0.002376289429984436 0.0008571478424413701 0.005442292359028717
125 -0.001525828695062366 0.002225304709956417 0.005359091876537486
126 -0.003676932041481807 -0.0003504540735670622 -0.004728356237070625
127 -0.003150065673834714 -0.002237975215216044 -0.00459004936646731
128 -0.002376289429984436 -0.000857147842441367 -0.005442292359028717
129 -0.001525828695062367 -0.002225304709956417 -0.005359091876537486
130 0.005314220371836162 -0.002580677202884602 -0.001048411662503436
131 0.00582866552439995 -0.001344643348862891 -0.0004675387353260168
132 -0.006 6.063858597689163e-18 4.497931115688973e-19
133 -0.005650781485856951 -0.001613120158618972 0.001210996264632316
134 -0.005650781485856948 0.001613120158618978 -0.001210996264632316
135 0.001007829350223869 -0.004378958203380507 -0.00397605395510095
136 0.0003624239677792988 -0.005280455602739237 -0.00282585164067028
137 0.004853978825876341 0.001637687795223536 -0.0031235986047058
138 0.003919809004103864 0.003059619537374513 -0.00335765180712093
139 0.001084637116610939 0.002384499268708962 -0.005397937158099966
140 0.001084637116610935 -0.002384499268708963 0.005397937158099966
141 -0.003569359174067662 0.00174440688716559 -0.004496300668161359
142 -0.002612773761244738 0.003650143185582478 -0.00398118926921301
143 -0.004457506079623218 0.002829861736904688 -0.002850003877212245
144 0.005151954711620185 0.001966066910849176 0.002364729065131682
145 0.005612126572333824 0.001183177199581266 0.001761853299936077
146 0.001007829350223869 0.004378958203380503 0.003976053955100953
147 0.0003624239677792976 0.005280455602739235 0.002825851640670283
148 0.003259738406925639 0.004836232175531971 0.001408887455676711
149 0.004280383022724101 0.003581975456561884 0.002201765883867667
150 -0.00196563283500749 0.002858767605934043 -0.004895276839281162
151 -0.001965632835007495 -0.002858767605934038 0.004895276839281162
152 0.003259738406925642 -0.004836232175531972 -0.0014088874556767
153 0.004280383022724105 -0.003581975456561888 -0.002201765883867653
154 0.0009597796933690611 0.003630683223222251 -0.00467941901017732
155 -0.0004571337240723592 0.00284114780584859 -0.005264874918137892
156 -0.0006519315654431292 0.003963551938231255 -0.004457044005495361
157 0.0009597796933690528 -0.00363068322322225 0.004679419010177321
158 0.00134860778125569 0.003347406309695846 0.0047933420543651
159 0.001348607781255696 -0.003347406309695847 -0.004793342054365098
160 -0.0004571337240723658 -0.002841147805848587 0.005264874918137894
161 -0.0006519315654431368 -0.003963551938231251 0.004457044005495364
162 -0.001659990978255981 -0.005091211895606108 -0.00270628738055433
163 -0.001659990978255979 0.005091211895606107 0.002706287380554331
164 0.004434511600409191 -0.001971663221170664 -0.003528122873160634
165 0.003010275988783869 0.005190112419049244 3.116968049422611e-05
166 0.003010275988783866 -0.005190112419049246 -3.116968049421625e-05
167 -0.001878678382019818 0.001761214702489624 -0.005419288727191585
168 -0.001878678382019821 -0.00176121470248962 0.005419288727191585
169 -0.002940514996310643 0.004420857132859835 -0.002794529256836389
170 0.002031340388413407 0.001181361137214362 0.005520692174888947
171 0.001080683716795539 0.002336645051106812 0.005419613695586709
172 0.002407733272177083 0.002454561665124445 0.004917107637844931
173 -0.001994090112406838 0.005616817620627101 -0.0006891766393416207
174 0.004434511600409177 0.001971663221170662 0.003528122873160651
175 -0.00279422327013043 0.000581139428420953 -0.005277745094393644
176 -0.0001711728843667511 0.002052654536678511 0.005635362383796688
177 -0.00279422327013043 -0.0005811394284209498 0.005277745094393644
178 0.002407733272177092 -0.002454561665124444 -0.004917107637844927
179 -0.003497909533286679 0.004869860849282632 0.0002215495555545092
180 -0.001901184543578584 -0.005614220554658276 -0.0009306045856916936
181 -0.0003237478711510193 -0.005811243045571107 -0.001457615031901984
182 -0.001901184543578573 0.00561422055465828 0.0009306045856916946
183 -0.0003237478711510204 0.005811243045571107 0.001457615031901987
184 0.005511683684468363 0.001002487015361846 -0.002148572257662319
185 0.005511683684468353 -0.001002487015361852 0.002148572257662343
186 0.00152514757875175 -0.005693915606123918 -0.001119486459661823
187 0.001525147578751752 0.005693915606123917 0.001119486459661829
188 -0.004719722658511115 0.001518506510984401 -0.003379105799295837
189 -0.004694483438936406 0.0002936721192638128 -0.003724994218508119
190 0.0008160784290908328 0.001226766234608992 0.005816275492374473
191 -0.004719722658511116 -0.001518506510984396 0.003379105799295837
192 -0.004694483438936406 -0.0002936721192638075 0.003724994218508119
193 0.003457178215821804 0.001318661560356591 0.004723245756181346
194 0.003457178215821819 -0.001318661560356591 -0.004723245756181335
195 -0.004558885534473221 -0.001286055417758475 -0.003682746820788105
196 -0.00455888553447322 0.001286055417758478 0.003682746820788105
197 -0.001223161538823324 0.001099417782233815 0.005770195524421286
198 0.000538066951769848 -0.0005197465512638079 -0.005953179610751089
199 -0.0003270193621567922 0.0007929920116677593 0.005938368631720811
200 0.0005380669517698455 0.0005197465512638085 0.005953179610751089
201 0.0005924055957359219 0.005838608665956745 -0.001248881281770036
202 -0.0001366847199783449 0.005932584031894141 -0.0008864332980202707
203 0.0007258823136137444 0.005945150187051966 -0.0003581677263220963
204 0.0007724893831698385 0.005922984620811686 0.000567021458604639
205 0.001499424472716272 0.005805924547818092 0.0002072833704444487
206 -0.001013355483373423 0.005903427213228033 -0.0003502253594983045
207 -0.001148731508081902 0.005757217171961045 -0.001238897234324442
208 -0.0009662508026872695 0.005902767288651556 0.0004729669357696894
209 -0.00196568663409979 0.005667559691663923 0.0001218326637145555
210 -0.001123461530966324 0.005769194939736518 0.001205912076296346
211 -0.0001631622725283379 0.005952623718723814 0.0007346080152775821
212 0.0006082365391775014 0.005824754106999262 0.001304717557713012
213 0.0005924055957359192 -0.005838608665956744 0.001248881281770041
214 -0.0001366847199783503 -0.005932584031894141 0.000886433298020272
215 0.0007258823136137417 -0.005945150187051966 0.0003581677263220989
216 0.0007724893831698386 -0.005922984620811687 -0.0005670214586046362
217 0.001499424472716271 -0.005805924547818093 -0.000207283370444443
218 -0.001013355483373428 -0.005903427213228032 0.0003502253594983052
219 -0.001148731508081911 -0.005757217171961043 0.001238897234324444
220 -0.0009662508026872735 -0.005902767288651555 -0.000472966935769689
221 -0.0019656866340998 -0.005667559691663919 -0.0001218326637145544
222 -0.001123461530966333 -0.005769194939736516 -0.001205912076296344
223 -0.0001631622725283367 -0.005952623718723814 -0.0007346080152775808
224 0.0006082365391774975 -0.005824754106999264 -0.001304717557713007
225 0.0002745269150304909 -0.0005352106927479475 0.00596977256579278
226 0.001057542613865983 -0.0005365435192064809 0.005881643024857513
227 0.0002695598605686328 0.000260381737679418 0.005988283462917672
228 0.001050333665722735 0.0002610770936589301 0.005901579275229305
229 -0.0003562335183327876 -0.0007519285396714557 0.005942028370148009
230 -0.0006286952406715434 -0.0002111365341606126 0.005963234328642436
231 -0.0001639311939833257 0.0003975181360350386 0.005984572323496678
232 -0.0007948065067041467 0.0001881813036629533 0.005944145894394961
233 0.0001058267373664289 0.000658253616565114 0.005962843522845231
234 0.0002745269150304914 0.0005352106927479487 -0.00596977256579278
235 0.001057542613865984 0.0005365435192064817 -0.005881643024857513
236 0.0002695598605686336 -0.0002603817376794172 -0.005988283462917672
237 0.001050333665722736 -0.0002610770936589298 -0.005901579275229304
238 -0.0003562335183327863 0.0007519285396714577 -0.005942028370148008
239 -0.0006286952406715429 0.0002111365341606142 -0.005963234328642436
240 -0.0001639311939833255 -0.0003975181360350386 -0.005984572323496678
241 -0.0007948065067041458 -0.0001881813036629521 -0.005944145894394961
242 0.0001058267373664304 -0.0006582536165651138 -0.005962843522845231
243 0.002652655962929794 0.0007461855310803725 -0.005329786439956043
244 0.001922721680455105 0.000746443278033627 -0.00563435566610649
245 0.001802800803930015 -0.0005941985183828902 -0.00569182197385871
246 0.002537251453734632 -0.0005957478586989304 -0.005404390765791935
247 0.001416791879030939 0.001286576097928883 -0.005686600277472479
248 0.001431516018458526 -0.001210665914709055 -0.00569956576695614
249 0.001193011669720336 -0.0006177927159037069 -0.005847653830049059
250 0.0006784780062321201 -0.0008750689029155225 -0.005896941750620359
251 0.004045346591377424 0.0008640247085503732 -0.004346105412739721
252 0.003429754021568116 0.0008672296662962964 -0.004846101531894781
253 0.003253211512538779 -0.0006643590785187026 -0.004997523573678761
254 0.003884962110570048 -0.0006653338556694772 -0.004523759527200259
255 0.00304171898332358 0.001612205929426247 -0.004914136512919825
256 0.002770234542313287 -0.001261843082400067 -0.005170449943280894
257 0.004617910688295351 0.0008313743322834785 -0.003739480925816812
258 0.005074903076054272 0.0008269650041404461 -0.003092165527681511
259 0.004406968113188169 -0.001001371954498669 -0.003946629734100505
260 0.004896709842788032 -0.001002491902800901 -0.003319223207372689
261 0.004347500036265179 0.001689330367042944 -0.003774308724211737
262 0.003984915810029029 -0.001661452432541283 -0.004166535947448833
263 0.005463380780306376 -0.0005980737150526212 -0.002407026855010566
264 0.005733323941179588 -0.0005946465236724172 -0.001665950808811978
265 0.005388255408886488 0.0005044582330917859 -0.002590796313813848
266 0.005682108615414934 0.0005037693363584522 -0.001860069390741201
267 0.005252533133239241 -0.0009979440159779973 -0.002723050389764698
268 0.005404382407527637 -0.001581158579022588 -0.002071856254953285
269 0.004824632472427562 -0.001981762627044338 -0.002965727296304878
270 0.005215287530955241 0.001328354145762185 -0.002652593303335285
271 0.005947598158059621 0.0006225162612724547 -0.000488415452967213
272 0.005831315119602467 0.0006211145550011202 -0.001268850143027707
273 0.005957012386523958 -0.0006771733521512041 -0.0002354563185315891
274 0.005873349223961714 -0.0006794055551240763 -0.001020870699479068
275 0.005681659186302475 0.001124291689696065 -0.00156675367789103
276 0.005755439260434596 -0.001271653003117008 -0.00112152465827175
277 0.005947598158059618 -0.0006225162612724558 0.0004884154529672406
278 0.00583131511960246 -0.0006211145550011242 0.001268850143027733
279 0.005957012386523957 0.0006771733521512036 0.000235456318531617
280 0.005873349223961708 0.0006794055551240744 0.001020870699479096
281 0.005852309609575718 0.001298793750247156 -0.0002522043377633214
282 0.005852309609575717 -0.001298793750247156 0.0002522043377633477
283 0.005463380780306366 0.0005980737150526153 0.002407026855010592
284 0.005733323941179579 0.0005946465236724134 0.001665950808812005
285 0.005388255408886476 -0.0005044582330917905 0.002590796313813873
286 0.005682108615414925 -0.0005037693363584597 0.001860069390741227
287 0.005681659186302468 -0.001124291689696068 0.001566753677891055
288 0.005755439260434591 0.001271653003117006 0.001121524658271776
289 0.004617910688295336 -0.0008313743322834853 0.00373948092581683
290 0.005074903076054259 -0.0008269650041404514 0.003092165527681533
291 0.004406968113188154 0.001001371954498667 0.003946629734100523
292 0.004896709842788018 0.001002491902800897 0.003319223207372711
293 0.005215287530955228 -0.001328354145762194 0.002652593303335307
294 0.00525253313323923 0.0009979440159779902 0.002723050389764722
295 0.005404382407527631 0.001581158579022581 0.002071856254953309
296 0.00482463247242755 0.001981762627044336 0.002965727296304897
297 0.004045346591377411 -0.0008640247085503781 0.004346105412739732
298 0.003429754021568103 -0.0008672296662962977 0.004846101531894791
299 0.003253211512538766 0.0006643590785186999 0.00499752357367877
300 0.003884962110570031 0.0006653338556694761 0.004523759527200273
301 0.004347500036265163 -0.001689330367042952 0.00377430872421175
302 0.003984915810029015 0.00166145243254128 0.004166535947448848
303 0.002652655962929782 -0.0007461855310803754 0.005329786439956049
304 0.001922721680455099 -0.0007464432780336282 0.005634355666106492
305 0.00180280080393001 0.0005941985183828896 0.005691821973858712
306 0.002537251453734621 0.0005957478586989298 0.005404390765791941
307 0.003041718983323567 -0.001612205929426249 0.004914136512919832
308 0.002770234542313276 0.001261843082400066 0.0051704499432809
309 0.001416791879030934 -0.001286576097928883 0.00568660027747248
310 0.00143151601845852 0.001210665914709056 0.005699565766956142
311 0.001193011669720333 0.0006177927159037072 0.005847653830049059
312 0.0006784780062321166 0.0008750689029155236 0.005896941750620359
313 -0.0008366284181171693 0.001103245340613093 -0.005838056406751673
314 6.911722410365456e-05 0.001423227873444202 -0.005828348413537381
315 -0.001577291747123683 0.001099589398659556 -0.005683577561607745
316 -0.001152754356239395 0.001778183582019619 -0.00561330745129883
317 -0.0007775926269358246 -0.00094925947155498 -0.005873181093938634
318 -0.001246485001161247 -0.0003426317787005178 -0.005859085133884348
319 -0.001809147022564615 -0.0009834041094066727 -0.005635592551661951
320 -0.001832618608177709 -0.0002210995735471251 -0.005708995009240951
321 -0.002605881132846754 -0.0001391051836284571 -0.005402780142608157
322 -0.002041491958231383 0.0005052478073552809 -0.005619344733831452
323 -0.002354928014009943 0.001180439001765637 -0.005390814206772641
324 0.0008219454778906884 0.001738476111328387 -0.005683494210581689
325 0.0003411785870289116 0.002095720864045433 -0.005611733353586717
326 0.001682203557314195 0.001946089921475641 -0.005420601923153036
327 -0.0004349999090003246 0.002315174139969832 -0.0055182192581289
328 0.0003166268041751179 0.002636766514154722 -0.00538026112904478
329 -0.001181148821688405 0.002327274115725495 -0.005402655148285722
330 -0.0008366284181171708 -0.00110324534061309 0.005838056406751674
331 6.911722410365219e-05 -0.0014232278734442 0.005828348413537381
332 -0.001577291747123685 -0.001099589398659553 0.005683577561607745
333 -0.001152754356239398 -0.001778183582019615 0.005613307451298831
334 -0.001832618608177711 0.0002210995735471282 0.00570899500924095
335 -0.002605881132846753 0.0001391051836284612 0.005402780142608157
336 -0.002041491958231383 -0.0005052478073552774 0.005619344733831452
337 -0.001809147022564615 0.0009834041094066751 0.005635592551661951
338 -0.001246485001161247 0.0003426317787005201 0.005859085133884348
339 -0.002354928014009945 -0.001180439001765632 0.005390814206772641
340 -0.0007775926269358247 0.0009492594715549799 0.005873181093938634
341 0.0008219454778906859 -0.001738476111328387 0.00568349421058169
342 0.0003411785870289078 -0.002095720864045433 0.005611733353586717
343 0.001682203557314187 -0.001946089921475643 0.005420601923153039
344 -0.0004349999090003282 -0.002315174139969828 0.0055182192581289
345 0.0003166268041751117 -0.002636766514154721 0.005380261129044781
346 -0.001181148821688411 -0.002327274115725491 0.005402655148285722
347 0.002465233918160448 0.002438741050767356 -0.004896443997030235
348 0.003221510338832404 0.002549399676991965 -0.004372920354151124
349 0.003877652549865274 0.002408162014642642 -0.003894170824932522
350 0.00328806580784406 0.003219336330756105 -0.003850259320196577
351 0.004432521218576561 0.002373081595473582 -0.003274330372472076
352 0.001868948189944072 0.002896797911705919 -0.004910763130312946
353 0.002465233918160438 -0.002438741050767356 0.004896443997030239
354 0.003221510338832392 -0.002549399676991968 0.004372920354151132
355 0.00387765254986526 -0.002408162014642646 0.003894170824932532
356 0.003288065807844051 -0.003219336330756105 0.003850259320196584
357 0.004432521218576548 -0.002373081595473585 0.003274330372472091
358 0.001868948189944067 -0.002896797911705919 0.004910763130312948
359 0.001356307914920605 -0.005627922029713464 0.001576997928784183
360 0.002073130691944414 -0.005532707371149636 0.001044642656291885
361 0.001981499373599742 -0.0053324824608544 0.001907430480280745
362 0.00290351700808125 -0.004844197159488394 0.002025670966318933
363 0.002197006178796415 -0.004956194481630071 0.002570855910118264
364 0.0004921037698032363 -0.005597973226716082 0.00210250556068596
365 0.001223564520704571 -0.004995501541020327 0.003089960229086539
366 0.002168867464144059 -0.004559980242208599 0.003240770604909352
367 -0.0005710572900782542 -0.005409211475513943 0.002532651729831155
368 0.0001964206062910732 -0.005256416554678357 0.002886434469917437
369 0.0001642899269037283 -0.004838659415536061 0.003544063187975378
370 0.002250873931456192 -0.005551187059485 0.0003433493487648178
371 0.002862922143737028 -0.005230102657110576 0.0006705989822427935
372 0.003377549528626179 -0.004806888456201173 0.00121900883972061
373 0.003593739168055799 -0.004423341664304357 0.00187592305620747
374 0.003550504465190659 -0.004809117088058344 0.0005160531716852762
375 0.002296959781108615 -0.005512202831336879 -0.0005827484106981039
376 -0.001166082394110715 -0.004176296427439366 -0.004147143595331877
377 -0.0009886956312536031 -0.003566831558897595 -0.004722308077539223
378 -0.0003232697991793614 -0.003946122429496856 -0.004508171958605879
379 0.0004391277753067671 -0.003882839204374942 -0.004553100757716998
380 0.0002562327235888735 -0.004487248213291123 -0.00397478908417514
381 -0.001091610517277176 -0.004860337534317775 -0.003344473879561877
382 -0.001763335489995276 -0.00449296486234509 -0.00356425513893934
383 0.00069128006212009 -0.004873084478765464 -0.003431498147825579
384 -6.912244399970853e-05 -0.004945011571534426 -0.00339736407309051
385 -0.0006583164458652094 -0.005262032118632602 -0.002806712924326658
386 -0.001689997647422792 -0.003028344531963409 -0.004896226848036429
387 -0.0008425277324191545 -0.002788189183177417 -0.00524558367571399
388 0.0004742886604552214 -0.002838374178578722 -0.005264853491688174
389 -0.0001569243172401835 -0.002688945280618553 -0.005361431528658919
390 0.0004574546474112079 -0.002207676284569918 -0.005560296814749142
391 -0.000854278478553138 -0.002153544558135908 -0.005534659349698421
392 0.0006088315985269558 -0.00334486705837471 -0.004943803034753187
393 0.00122096035884339 -0.002856800591751584 -0.005133025051672826
394 0.001185853144542864 -0.003888214767674765 -0.004413109815086598
395 -0.002518069568294005 -0.003041806823145385 -0.0045173816420464
396 -0.002578417694561709 -0.003859214323931015 -0.003802397532391473
397 -0.003269192043306657 -0.003103883183713265 -0.003959582372655285
398 -0.002509802069629308 -0.004550018513699597 -0.002999704168126475
399 -0.002364615185968955 -0.002257095361369887 -0.005031313501658145
400 0.004708216337806534 0.003621302796833465 -0.0008478590508202195
401 0.004247851798113199 0.004225130365950659 -0.0003225344818590918
402 0.004893104630953229 0.003470831139100493 -0.0001042030440747229
403 0.005342426209724699 0.002722398197704907 0.0002168645816625243
404 0.004918884546956915 0.003355262330713621 0.000739452166000385
405 0.0049896817871195 0.003028282898250717 -0.001390172058218044
406 0.004359607892333224 0.00379534674617379 -0.001609087350461092
407 0.005584300564918359 0.002042757770644418 -0.0008017031190686127
408 0.005592916960121937 0.001639378302716385 -0.001425383687911136
409 0.005338148911292417 0.002436502794329911 -0.001252046458439186
410 0.005006334047902498 0.002623499086600038 -0.002013422942012175
411 0.005618381609876963 0.002104259015305388 -7.669473451511713e-05
412 0.005613108213801435 0.001977337759355489 0.0007636436116290656
413 0.003550504465190665 0.00480911708805834 -0.0005160531716852645
414 0.003753243950486246 0.004675751001059734 0.0002247496923853154
415 0.00439653581517408 0.003862570815654451 0.001323260941744332
416 0.004854987947785638 0.003118378442298607 0.001644630024492899
417 0.003813251145733518 0.00425732399638499 0.001826008786771452
418 0.003873003594059984 0.004489188846899817 0.0009203405115872864
419 0.00315795915245317 0.00504987463821033 0.0007253000274350892
420 0.002903517008081261 0.004844197159488391 -0.002025670966318924
421 0.003377549528626188 0.004806888456201169 -0.001219008839720599
422 0.00359373916805581 0.004423341664304352 -0.001875923056207459
423 0.002862922143737034 0.005230102657110574 -0.0006705989822427844
424 0.003905136124582914 0.003853689257053781 -0.002428783843520418
425 0.003905136124582903 -0.003853689257053785 0.002428783843520431
426 0.004359607892333214 -0.003795346746173794 0.001609087350461107
427 0.003538652311328863 -0.003774845571665696 0.003037841458931453
428 0.004297272359588508 -0.003144652300200796 0.0027648891801225
429 0.00287985928553107 -0.003920375858295794 0.003512415639589369
430 0.001914562219118208 -0.003991794098973842 0.004049695220695352
431 0.001356307914920614 0.005627922029713463 -0.001576997928784179
432 0.002073130691944423 0.005532707371149633 -0.001044642656291878
433 0.001981499373599753 0.005332482460854398 -0.001907430480280739
434 0.002197006178796428 0.00495619448163007 -0.002570855910118256
435 0.0004921037698032466 0.005597973226716083 -0.002102505560685957
436 0.001223564520704585 0.004995501541020326 -0.003089960229086535
437 0.002168867464144071 0.004559980242208599 -0.003240770604909345
438 -0.0005710572900782434 0.005409211475513946 -0.002532651729831154
439 0.0001964206062910873 0.005256416554678359 -0.002886434469917433
440 0.0001642899269037424 0.004838659415536063 -0.003544063187975375
441 0.002250873931456196 0.005551187059484999 -0.0003433493487648103
442 0.002296959781108621 0.005512202831336876 0.0005827484106981116
443 -0.001166082394110719 0.004176296427439366 0.004147143595331877
444 -0.0009886956312536062 0.003566831558897595 0.004722308077539223
445 -0.0003232697991793648 0.003946122429496857 0.004508171958605878
446 0.000439127775306766 0.00388283920437494 0.004553100757717
447 0.0002562327235888714 0.00448724821329112 0.003974789084175144
448 -0.001091610517277177 0.004860337534317773 0.003344473879561878
449 -0.001763335489995275 0.004492964862345088 0.003564255138939341
450 0.0006912800621200897 0.004873084478765461 0.003431498147825583
451 -6.912244399971279e-05 0.004945011571534424 0.003397364073090512
452 -0.0006583164458652056 0.0052620321186326 0.002806712924326661
453 -0.001689997647422791 0.00302834453196341 0.004896226848036429
454 -0.0008425277324191557 0.002788189183177416 0.00524558367571399
455 -0.000854278478553139 0.002153544558135909 0.00553465934969842
456 -0.0001569243172401864 0.002688945280618553 0.005361431528658919
457 0.000608831598526952 0.003344867058374711 0.004943803034753188
458 0.001185853144542864 0.003888214767674763 0.004413109815086601
459 0.0004742886604552177 0.002838374178578723 0.005264853491688174
460 0.001220960358843385 0.002856800591751585 0.005133025051672827
461 0.0004574546474112044 0.002207676284569918 0.005560296814749142
462 -0.002518069568294003 0.003041806823145388 0.004517381642046398
463 -0.002578417694561709 0.003859214323931014 0.003802397532391473
464 -0.003269192043306654 0.003103883183713269 0.003959582372655284
465 -0.002509802069629305 0.004550018513699598 0.002999704168126476
466 -0.002364615185968953 0.00225709536136989 0.005031313501658145
467 -0.003229911468954955 -0.004407091334648211 -0.00247895499571531
468 -0.003794630374182936 -0.004348712721470135 -0.001639962801240347
469 -0.003900547058968597 -0.003871555363822894 -0.002407652737756342
470 -0.004556795210035476 -0.003217510571889808 -0.002209806130314391
471 -0.003994593641700875 -0.003276069757343915 -0.003051325709048367
472 -0.002408541702363863 -0.005023454225619208 -0.002227966451965267
473 -0.003953718648973077 -0.002466551422269949 -0.003779448759549547
474 -0.003328138512542952 -0.004897410001056715 -0.0009689526938287868
475 -0.004006580420889652 -0.00437547608891481 -0.0008958361045852425
476 -0.004995307032273882 -0.003117025556233672 -0.001153715448063892
477 -0.005124028717240044 -0.002541958475794982 -0.001811843484474692
478 -0.004527347133852158 -0.003856391096409557 -0.0007945914932427575
479 -0.005075574298857494 -0.003176459374482519 -0.0003855533413671786
480 -0.004065643776756975 -0.004410724406153286 -0.0001266921208324898
481 -0.00252577037107359 -0.005278026167103597 -0.001327751411965539
482 -0.002733999494441885 -0.005308941250140999 -0.0005834291447492487
483 -0.001802531728227033 -0.005418683111146368 -0.001840856515242833
484 0.002879859285531078 0.003920375858295794 -0.003512415639589362
485 0.001914562219118218 0.003991794098973843 -0.004049695220695347
486 0.003538652311328876 0.003774845571665693 -0.003037841458931443
487 0.004297272359588518 0.003144652300200792 -0.002764889180122486
488 -0.00505037129092796 -0.001779634291910513 -0.002706778825620375
489 -0.005515398779978483 -0.001683334782072219 -0.001657335303816866
490 -0.004623503021120252 -0.001961043515468272 -0.003282914580693769
491 -0.005000754746366926 -0.001107897623163152 -0.003124902370199444
492 -0.003905166642516415 -0.001785187959195651 -0.004190796755334234
493 -0.004808087997820864 -0.003558421032174436 0.0004689664838659385
494 -0.004181239985257238 -0.004247501583882715 0.0006899003410637581
495 -0.004398587847205657 -0.003902311485509165 0.001193478118977455
496 -0.004158058027307461 -0.003745237370060528 0.00216419742247469
497 -0.004789881135997503 -0.003052878259945795 0.001933125198471532
498 -0.005290806377285735 -0.002827313266250064 0.0001169083938773578
499 -0.00537602859963663 -0.002427397008045825 0.001098207749571633
500 -0.005639853467420177 -0.002032932013236859 0.0002433932940435015
501 -0.005155208346539085 -0.002265912717950813 0.002071102715560605
502 -0.00363272310544795 -0.004738427464776983 0.0005921384974748535
503 -0.002488568413944554 -0.004872731942320904 0.002462419677350521
504 -0.003348517495160026 -0.004507984178593621 0.002113175153686229
505 -0.002888489974906094 -0.004952572384486505 0.00176879971768673
506 -0.002892306168556916 -0.005149115223298367 0.001058856668546137
507 -0.00201220365505015 -0.005475818655194319 0.001402300433583583
508 -0.003762727329532727 -0.003687807559615206 0.002870881127255611
509 -0.002781465944328873 -0.005311059889825859 0.0002368333743829711
510 0.005443027185298909 0.001520285171983548 -0.002015487051792694
511 0.005127203406328644 0.001844338260554296 -0.002512011467089177
512 0.004791935626343352 0.002441085168666153 -0.002660536816565313
513 -0.00322991146895495 0.004407091334648215 0.002478954995715311
514 -0.003794630374182927 0.004348712721470143 0.001639962801240347
515 -0.003900547058968591 0.0038715553638229 0.002407652737756342
516 -0.00455679521003547 0.003217510571889815 0.002209806130314391
517 -0.003994593641700873 0.003276069757343918 0.003051325709048368
518 -0.00240854170236386 0.00502345422561921 0.002227966451965268
519 -0.003953718648973074 0.002466551422269953 0.003779448759549546
520 -0.003328138512542942 0.004897410001056721 0.0009689526938287868
521 -0.004006580420889643 0.004375476088914819 0.0008958361045852429
522 -0.004995307032273875 0.003117025556233685 0.001153715448063892
523 -0.005124028717240041 0.002541958475794991 0.001811843484474691
524 -0.00452734713385215 0.003856391096409566 0.0007945914932427579
525 -0.005075574298857488 0.003176459374482529 0.0003855533413671797
526 -0.004065643776756968 0.004410724406153292 0.0001266921208324906
527 -0.002525770371073577 0.005278026167103604 0.001327751411965539
528 -0.001802531728227026 0.00541868311114637 0.001840856515242834
529 -0.002733999494441874 0.005308941250141004 0.0005834291447492495
530 0.004708216337806524 -0.003621302796833473 0.0008478590508202365
531 0.004247851798113193 -0.004225130365950664 0.0003225344818591066
532 0.004893104630953225 -0.003470831139100499 0.000104203044074741
533 0.005342426209724695 -0.002722398197704916 -0.0002168645816625033
534 0.004918884546956916 -0.003355262330713625 -0.0007394521660003658
535 0.004989681787119491 -0.003028282898250722 0.001390172058218061
536 0.005584300564918355 -0.002042757770644422 0.000801703119068636
537 0.005592916960121929 -0.001639378302716388 0.001425383687911159
538 0.00533814891129241 -0.002436502794329918 0.001252046458439207
539 0.00500633404790249 -0.002623499086600041 0.002013422942012193
540 0.005618381609876963 -0.00210425901530539 7.669473451514052e-05
541 0.005613108213801436 -0.001977337759355492 -0.0007636436116290419
542 0.003753243950486245 -0.004675751001059736 -0.0002247496923853024
543 0.004396535815174081 -0.003862570815654455 -0.001323260941744317
544 0.00485498794778564 -0.003118378442298613 -0.001644630024492882
545 0.003813251145733521 -0.004257323996384992 -0.00182600878677144
546 0.003873003594059985 -0.004489188846899817 -0.0009203405115872729
547 0.003157959152453171 -0.00504987463821033 -0.0007253000274350787
548 -0.005050371290927959 0.001779634291910517 0.002706778825620374
549 -0.00551539877997848 0.001683334782072225 0.001657335303816867
550 -0.004623503021120251 0.001961043515468275 0.003282914580693769
551 -0.005000754746366925 0.001107897623163155 0.003124902370199444
552 -0.003905166642516412 0.001785187959195655 0.004190796755334234
553 -0.001932572791244809 -0.004774386999592859 0.003077400068996383
554 -0.001443699137652936 -0.005159418582582879 0.002701135444519331
555 -0.001148930266516757 -0.005557944349175493 0.001946590314922465
556 -0.001768996071944645 -0.004390127195374382 0.003687470149828833
557 -0.002797209302718894 -0.004065388665820471 0.003412951085585804
558 -0.003602769675236493 -0.003301986025386784 0.003480939378292407
559 0.003466140168574966 0.002989298420185124 0.003879428732026125
560 0.002984283101912954 0.003571447266424098 0.003786663279298628
561 0.002926911708421142 0.003116049745442569 0.004209919457072134
562 0.002433859534695081 0.003085060577143985 0.004534173463899002
563 0.002909731809544743 0.002495932440510805 0.00461560202453908
564 0.003935900689890392 0.00225785727726449 0.003925654884834391
565 0.004014858546703049 0.002730958853759533 0.003524595663198532
566 0.00344015272251919 0.001927029298016771 0.004522378503655881
567 0.002957507456696824 0.001902728770583609 0.004861355044550446
568 0.002477997753768195 0.004228853216999926 0.00346068311195769
569 0.003030995083197232 0.004114683926988692 0.00314363563197377
570 0.001769251369901084 0.004602738416135004 0.003418266909230199
571 0.001730692291650587 0.004059572862907346 0.004065042725773924
572 0.001897531187769174 0.003529812883155331 0.004465399915052846
573 0.001890913018835784 0.002920665781513634 0.004888165233284641
574 0.003925449063492668 0.00353423866825144 0.002846051068719749
575 0.003440396288201556 0.004215143234427694 0.002529079060327569
576 0.004425205905770882 0.002819999063440633 0.00290949445328986
577 0.005443027185298897 -0.001520285171983554 0.002015487051792717
578 0.005127203406328632 -0.001844338260554301 0.002512011467089197
579 0.004791935626343338 -0.002441085168666161 0.00266053681656533
580 -0.005425690370855302 -2.802385696469685e-06 -0.002561615924810445
581 -0.005635683709745135 -0.0005480894185001077 -0.001984607546353063
582 -0.005644363540626067 0.0003694807235282033 -0.002001160717231939
583 -0.00580500996776212 0.0007271195499628603 -0.001331599201803694
584 -0.005549965484589972 0.001270832237340453 -0.001892846677466577
585 -0.00506523300623388 0.0006053237316222462 -0.003158638594789504
586 -0.005090939321023348 -0.0003134321625539773 -0.003159762191864297
587 -0.004987982244730099 0.001899328784819091 -0.002740909209261577
588 -0.005155208346539082 0.002265912717950819 -0.002071102715560606
589 -0.004621928200497056 0.002189968933383076 -0.003137166839724505
590 -0.005064852619587112 0.00121934793245829 -0.00297665224060038
591 -0.004733814252683892 0.0009112310628725316 -0.003572206680910699
592 -0.005751827769832477 -0.001308018219553281 -0.001097982533331298
593 -0.005862069598622782 -0.001223073512874132 -0.0003744745692410568
594 -0.005956461153116288 -8.839667618921497e-05 -0.0007160702193607007
595 -0.005912050782729361 0.0008185586784866592 -0.0006145056812620509
596 -0.00466763643685744 -0.0005005835665575594 -0.003736654410861847
597 -0.001443699137652921 0.005159418582582885 -0.002701135444519329
598 -0.001148930266516745 0.005557944349175496 -0.001946590314922462
599 -0.0019325727912448 0.004774386999592864 -0.003077400068996382
600 -0.002488568413944542 0.00487273194232091 -0.00246241967735052
601 -0.000762128723237225 0.004503890608674585 -0.003890260813147323
602 0.0002692656874639059 0.004324862156233674 -0.004150067869220022
603 -0.001656511227126363 0.003863188309650625 -0.004281558902851046
604 -0.001768996071944634 0.004390127195374387 -0.003687470149828832
605 -0.002797209302718886 0.004065388665820477 -0.003412951085585805
606 -0.00201220365505014 0.005475818655194323 -0.001402300433583581
607 -0.003348517495160017 0.004507984178593628 -0.002113175153686229
608 -0.002888489974906083 0.004952572384486511 -0.001768799717686729
609 -0.002892306168556906 0.005149115223298373 -0.001058856668546137
610 -0.005912050782729362 -0.0008185586784866471 0.0006145056812620512
611 0.003466140168574974 -0.002989298420185127 -0.003879428732026115
612 0.002984283101912958 -0.003571447266424103 -0.00378666327929862
613 0.002926911708421151 -0.00311604974544257 -0.004209919457072128
614 0.002433859534695087 -0.003085060577143987 -0.004534173463898997
615 0.002909731809544753 -0.002495932440510806 -0.004615602024539073
616 0.003935900689890403 -0.002257857277264493 -0.003925654884834379
617 0.004014858546703058 -0.002730958853759539 -0.003524595663198518
618 0.003440152722519202 -0.001927029298016769 -0.004522378503655871
619 0.002957507456696837 -0.001902728770583609 -0.004861355044550438
620 0.002477997753768199 -0.004228853216999929 -0.003460683111957684
621 0.003030995083197234 -0.004114683926988695 -0.003143635631973763
622 0.001769251369901081 -0.004602738416135007 -0.003418266909230195
623 0.00173069229165059 -0.004059572862907348 -0.004065042725773921
624 0.001897531187769179 -0.003529812883155334 -0.004465399915052841
625 0.00189091301883579 -0.002920665781513637 -0.004888165233284638
626 0.003925449063492673 -0.003534238668251445 -0.002846051068719737
627 0.003440396288201558 -0.004215143234427701 -0.002529079060327558
628 0.004425205905770889 -0.002819999063440639 -0.002909494453289843
629 -0.0007621287232372358 -0.004503890608674581 0.003890260813147326
630 0.0002692656874638949 -0.004324862156233669 0.004150067869220027
631 -0.001656511227126369 -0.00386318830965062 0.004281558902851049
632 -0.005425690370855302 2.802385696473423e-06 0.002561615924810445
633 -0.005635683709745135 0.0005480894185001116 0.001984607546353064
634 -0.005644363540626067 -0.0003694807235281968 0.002001160717231939
635 -0.005805009967762121 -0.0007271195499628537 0.001331599201803694
636 -0.005549965484589974 -0.001270832237340447 0.001892846677466577
637 -0.00506523300623388 -0.0006053237316222404 0.003158638594789504
638 -0.005090939321023349 0.0003134321625539809 0.003159762191864297
639 -0.004987982244730101 -0.001899328784819086 0.002740909209261577
640 -0.00462192820049706 -0.002189968933383069 0.003137166839724505
641 -0.005064852619587113 -0.001219347932458284 0.00297665224060038
642 -0.004733814252683895 -0.0009112310628725242 0.003572206680910698
643 -0.005751827769832475 0.00130801821955329 0.001097982533331299
644 -0.005862069598622778 0.001223073512874146 0.0003744745692410576
645 -0.005956461153116288 8.839667618922701e-05 0.0007160702193607013
646 -0.004667636436857439 0.0005005835665575647 0.003736654410861847
647 -0.004808087997820856 0.003558421032174446 -0.0004689664838659378
648 -0.00529080637728573 0.002827313266250075 -0.0001169083938773573
649 -0.005376028599636627 0.002427397008045831 -0.001098207749571633
650 -0.005639853467420172 0.00203293201323687 -0.0002433932940435013
651 0.001077977782492714 -0.004120213291161308 0.004226323027856461
652 0.001795997642788578 -0.003511040526562558 0.004521834460474331
653 0.0001554195442421301 -0.003834009242195899 0.004612615082144184
654 0.001029689504427048 -0.003029602500292265 0.005075553981064101
655 0.00551221206732832 -0.00189881977599195 -0.001417745246192678
656 0.005272351060719662 -0.002290429021081181 -0.001719374651411775
657 0.004772806716858059 -0.002807335214490541 -0.002310667660438416
658 0.001077977782492726 0.004120213291161308 -0.004226323027856457
659 0.001795997642788588 0.00351104052656256 -0.004521834460474327
660 0.0001554195442421388 0.003834009242195902 -0.004612615082144181
661 0.001029689504427053 0.003029602500292264 -0.0050755539810641
662 0.001447945627441409 -0.005079346815583627 -0.002846697979588591
663 0.002037770594778482 -0.005285614557006444 -0.001977313773233203
664 0.0009586624661331709 -0.005573678935076364 -0.002003763809612671
665 0.002897075264774306 -0.004812739477669897 -0.00210819677219907
666 0.0024248924804357 -0.005336485811792885 -0.001281333539270567
667 -0.004181239985257229 0.004247501583882722 -0.000689900341063757
668 -0.004398587847205651 0.003902311485509172 -0.001193478118977454
669 -0.004158058027307453 0.003745237370060536 -0.00216419742247469
670 -0.004789881135997497 0.003052878259945804 -0.001933125198471533
671 -0.003632723105447943 0.004738427464776989 -0.0005921384974748528
672 -0.003762727329532719 0.003687807559615214 -0.002870881127255612
673 -0.002781465944328867 0.005311059889825862 -0.0002368333743829703
674 0.005512212067328315 0.001898819775991945 0.001417745246192702
675 0.005272351060719657 0.002290429021081175 0.001719374651411797
676 0.004772806716858054 0.002807335214490534 0.002310667660438435
677 0.00144794562744141 0.005079346815583624 0.002846697979588596
678 0.002037770594778486 0.005285614557006439 0.001977313773233211
679 0.0009586624661331709 0.005573678935076363 0.002003763809612675
680 0.002897075264774305 0.004812739477669892 0.002108196772199079
681 0.002424892480435698 0.005336485811792884 0.001281333539270576
682 -0.004080245531604255 -0.00232520897309671 0.003734300420862528
683 -0.003144047115820196 -0.002743506128846138 0.0043113967405571
684 -0.002304299688502473 -0.003275917241963444 0.004467501445928589
685 -0.002806481813726882 -0.002334009783413245 0.004761938487648861
686 -0.004182804009414654 -0.001646518579478004 0.003974056766864111
687 -0.003257697287537458 -0.0001161312035632275 0.005037253410970113
688 -0.003680511054264782 -0.0007080116692748468 0.00468535568080006
689 -0.003210509727852794 -0.001173268223399853 0.004931132624795518
690 -0.004190016054990487 -0.001033367182579232 0.00416844308164214
691 -0.004221881290318057 2.86363364787451e-05 0.00426320282542309
692 -0.001932156055851446 -0.002322009403299539 0.005184114708108329
693 -0.002759808197343166 -0.001775840034197859 0.005022932498731952
694 -0.001323281767909101 -0.003448950889647509 0.00472796606624022
695 -0.0007021425516204588 -0.001587283555568949 -0.005743476886993132
696 -0.0002505821404160661 -0.001431311321940666 -0.005821387849180723
697 0.0002458215625461505 -0.001015215056082748 -0.005908376270117728
698 0.0003243611772226212 -0.001649414849485011 -0.005759706631505557
699 -0.001381847270571332 -0.001671253191302251 -0.005594408895618607
700 0.0009532229921416904 -0.001790802065176258 -0.005646626770968035
701 -0.001968929291199978 -0.001555342745826624 -0.005450158382034347
702 0.001568305243706586 -0.001772900005273532 -0.005513369589811981
703 0.002236113094822049 -0.001831538562257232 -0.005257876446069275
704 0.001756618666510246 -0.002412648252616082 -0.005205133933878775
705 -0.003052778722651201 0.0006090214032314955 0.005129291861547171
706 -0.002794715827805333 0.001565225041775292 0.005073424288428269
707 -0.003460183284253199 0.001311914860821583 0.004722923992330412
708 -0.004157749748464072 0.0008261713986700161 0.004246240437041521
709 -0.001968929291199978 0.001555342745826626 0.005450158382034346
710 -0.001381847270571331 0.001671253191302252 0.005594408895618607
711 -0.0007021425516204606 0.00158728355556895 0.005743476886993131
712 -0.003052778722651203 -0.0006090214032314906 -0.005129291861547171
713 -0.002794715827805334 -0.001565225041775288 -0.00507342428842827
714 -0.003460183284253199 -0.001311914860821577 -0.004722923992330413
715 -0.004157749748464073 -0.0008261713986700092 -0.004246240437041523
716 -0.003257697287537459 0.0001161312035632326 -0.005037253410970113
717 -0.003680511054264782 0.0007080116692748529 -0.004685355680800058
718 -0.003210509727852793 0.001173268223399858 -0.004931132624795517
719 -0.004190016054990487 0.001033367182579237 -0.004168443081642139
720 -0.004221881290318057 -2.863633647873844e-05 -0.00426320282542309
721 -0.001005447987659877 -0.005525854063117203 -0.002110452846486224
722 1.95167285973012e-05 -0.005597092030323359 -0.002161522588685022
723 0.0002539589390950503 0.003269854813408617 -0.005024296404122892
724 0.0002539589390950415 -0.003269854813408616 0.005024296404122893
725 -0.004080245531604251 0.002325208973096716 -0.003734300420862529
726 -0.003602769675236487 0.003301986025386791 -0.003480939378292406
727 -0.003144047115820191 0.002743506128846144 -0.0043113967405571
728 -0.002304299688502465 0.003275917241963449 -0.004467501445928589
729 -0.002806481813726879 0.002334009783413252 -0.00476193848764886
730 -0.004182804009414653 0.001646518579478009 -0.003974056766864111
731 -0.001932156055851444 0.002322009403299543 -0.005184114708108328
732 -0.002759808197343163 0.001775840034197864 -0.005022932498731952
733 -0.001323281767909094 0.003448950889647512 -0.004727966066240219
734 -0.001005447987659876 0.005525854063117203 0.002110452846486226
735 1.951672859730257e-05 0.005597092030323358 0.002161522588685026
736 -0.0005583265061401216 0.003425627210012531 -0.004894215946457934
737 -0.001221659953465277 0.002874135095937193 -0.00512317229930844
738 -0.0005583265061401304 -0.003425627210012526 0.004894215946457936
739 -0.001221659953465282 -0.002874135095937188 0.005123172299308441
740 0.001756618666510238 0.002412648252616082 0.005205133933878778
741 0.00223611309482204 0.001831538562257233 0.005257876446069278
742 0.00156830524370658 0.001772900005273531 0.005513369589811984
743 0.0009532229921416854 0.00179080206517626 0.005646626770968035
744 0.0003243611772226179 0.001649414849485011 0.005759706631505557
745 -0.0002505821404160679 0.001431311321940667 0.005821387849180723
746 0.000245821562546148 0.001015215056082749 0.005908376270117728
747 -1.301042606982605e-18 2.818925648462312e-18 1.127570259384925e-17
748 0.0001162296310957064 -0.0005287981097994425 -0.002966922021117965
749 0.0001162296310957051 0.0005287981097994435 0.002966922021117977
750 0.002818724931191735 0.0007226867232507036 -0.0008096519552969422
751 0.002904849769701409 -0.0008944597701889604 0.00137675486155222
752 -0.002453764776258715 0.0004311580527882731 -0.001705834270597299
753 -0.002453764776258709 -0.0004311580527882764 0.001705834270597318
754 -0.001461945864297561 -0.002368651632446411 -0.001167966135121347
755 -0.001461945864297568 0.002368651632446407 0.001167966135121367
756 0.001556916020292901 -0.00236660156475881 -0.001050067137855193
757 0.001484016390830841 0.002434365705715986 0.001183324714739397
758 0.0004886653745083372 0.002258974854187211 -0.001916338117427607
759 0.0001620991606555866 -0.002279870528926932 0.00223784382507338
760 0.002462875203678459 -0.0008033171302699424 -0.002612996748920973
761 0.002034149271163983 0.001334993435925266 0.003189427845246559
762 -0.001847586264576835 0.002801966779044067 -0.001252249725058925
763 0.0001101390689578423 -0.002745436969264345 -0.002706733434443453
764 0.0003735314637351699 0.00259106876186423 0.0031146060050396
765 0.003659481163722759 -0.001238676098116899 -0.0008982763106438775
766 -0.0007321975507925097 0.001424578985528728 -0.003559478916594971
767 -5.179984323274829e-06 -0.003620263151056183 0.0002612794877956838
768 0.002040510687440374 -0.003003819510125918 0.001102137487980145
769 -0.001493745372206548 -0.0007282772627269063 0.00359019292642843
770 -0.002077532771286049 -0.002745306671913839 0.001134689755616082
771 -1.058571571045754e-05 0.003671188770469494 -0.0001097119269264346
772 0.001803215028636403 -0.0008584718283550671 0.003289816308239013
773 0.003619702421365093 0.001312194137913679 0.001058894627325795
774 -0.003395332788360577 0.001263264613445136 0.0003192963819976709
775 -0.003395332788360574 -0.001263264613445144 -0.0003192963819976509
776 0.002326228796992991 0.002896335949269646 -0.0008278682120985155
777 0.002255145362032077 0.001355859226187747 -0.002816677274700905
778 -0.001869947551197241 0.001214458996318947 0.002878026665403171
779 -0.001956719865179678 -0.001270913544177535 -0.003011887667903113
780 0.0005821438849269758 0.0002043322214448917 -0.004421821808131863
781 0.000582143884926975 -0.0002043322214448894 0.004421821808131868
782 0.001344370391185224 -0.00144657460263653 -0.00388974675796182
783 0.001454721035276482 0.0004665811162861025 0.00149270372435861
784 0.0004120049590849405 0.001427890222105 0.004270146039396436
785 -0.0004412576706047933 -0.001104126018891151 -0.004363136813785995
786 0.00117739198197024 4.501472287847552e-05 -0.001494760346520379
787 0.002169230049413608 -0.002523892928951464 -0.002779235346506561
788 0.004354817386168159 -0.0002865658070275965 0.0005733225854260634
789 0.004307139944463074 0.0003613433616253511 -0.001181283112956026
790 0.004165204307830049 0.0008625868693062747 -0.001479112106479631
791 0.004585582424095561 -0.0001180945413775266 -0.001523424284153098
792 0.003239103047457247 -0.0002579946874330976 -0.0008539641329704099
793 0.004727518060728586 -0.0006193380490584502 -0.001225595290629493
794 0.00407458365798341 0.001374250246245096 -0.001337893841599562
795 0.004305016440554899 0.000978422789776388 -0.0008889757857210867
796 0.0003024475028020218 0.0008650883721938842 -0.002441630069272786
797 -0.0009825497008751891 0.001345066453487742 -0.001811086194012453
798 -0.001168767572581505 -4.88200285055847e-05 -0.002336378145857632
799 0.0006468108065329733 -0.0002418916934604835 -0.002230841183819172
800 -0.0006381863971442376 0.0002380863878333743 -0.001600297308558839
801 0.0008330286782392887 0.001151994788532843 -0.001705549231973993
802 -0.0005497609482591351 0.003824553617592821 0.001996908887895825
803 0.0003679777157572338 0.003935762182301733 0.002970228822854941
804 -0.000544207200281199 0.002479860197155319 0.002141286070080483
805 -0.0007362657900040127 0.00301992020145795 0.000529127104097466
806 0.0001814728740123562 0.003131128766166862 0.001502447039056582
807 0.00017591912603442 0.004475822186604365 0.001358069856871924
808 -0.001226882388129358 0.0002155790263941379 -0.0008529171352986439
809 5.811481554785256e-05 -0.0002643990548997198 -0.001483461010558977
810 0.0005886959909851195 2.250736143923917e-05 -0.0007473801732601838
811 4.748507799766995e-05 -0.00236762659860261 -0.00110901663648827
812 0.0008365728256943038 -0.001447699837279126 -0.002008494579486579
813 -0.0006728581166009274 -0.001448724871122927 -0.002067444078119656
814 -0.0001422769411636606 -0.001161818454783968 -0.001331363240820863
815 0.001367154001131571 -0.001160793420940167 -0.001272413742187786
816 0.003836351878534038 0.00118018725923712 -0.001966625280001371
817 0.002151370661011288 0.001578526214483345 0.0001868363797212273
818 0.001905122593911916 0.002665350827492816 0.0001777282513204407
819 0.002572476864092363 0.001809511336260175 -0.0008187600836977288
820 0.001998058456580988 0.0003838507230645896 -0.001152206150908661
821 0.001751810389481616 0.001470675336074061 -0.001161314279309447
822 0.001330704186400541 0.001239690214297231 -0.000155717815890491
823 -0.0008928468677242903 -0.004089947339008759 -0.001312790583511666
824 -0.0001068044010965885 -0.004278340007417726 -0.002082174233172719
825 -0.0006759033976698595 -0.002557044300855378 -0.0019373497847824
826 -0.0007335629243104181 -0.002994457391751297 -0.0004533433236628315
827 5.247954231728376e-05 -0.003182850060160264 -0.001222726973323885
828 -0.000164463927737147 -0.004715753098313645 -0.0005981677720531502
829 -0.0009754395481394568 -0.001784712534287746 0.004427533922283162
830 -0.0009512435824218072 -0.001247763606693609 0.004654718717937861
831 6.250508042730463e-05 -0.001522740013646738 0.004843348363134881
832 8.670104614495421e-05 -0.0009857910860526003 0.005070533158789579
833 -0.0004558007436397864 -0.0004663047420858978 0.00400600736728015
834 -0.00176321041046147 0.001002859206974841 -0.004418612005494308
835 -0.001592981163525613 0.0009278685191585006 -0.002632656593596135
836 -0.002623994023194572 0.000506148740604613 -0.003491789682495472
837 -0.002375471567655054 -0.0003448870578782912 -0.004144816381148378
838 -0.002205242320719197 -0.0004198777456946311 -0.002358860969250206
839 -0.001344458707986094 7.683272067559644e-05 -0.003285683292249042
840 -0.002479927698792123 0.00361925624086452 0.0006947578453379379
841 -0.0030170495431921 0.003126909102670784 0.0005989464781085608
842 -0.002672747898931757 0.003835913814163349 -0.0005153500847522079
843 -0.003209869743331734 0.003343566675969614 -0.000611161451981585
844 -0.001654766064437201 0.002585309205745237 -4.214179496877916e-05
845 -0.001560968421276773 0.003729931764026257 0.001937126757837849
846 -0.0006432297572604044 0.003841140328735168 0.002910446692796965
847 -0.001560968421276771 -0.003729931764026259 -0.001937126757837838
848 -0.0007749259546490695 -0.003918324432435226 -0.002706510407498891
849 0.0001131843500267744 -0.001637117539531894 -0.002836827727780709
850 0.0008335275446253719 -0.002556019267011577 -0.001878400286149323
851 -0.0003079839598484016 0.0004478904378646429 -0.003263200468856468
852 -0.0001217660881420862 0.00184177691985797 -0.002737908517011289
853 -0.0007309729321487813 -0.001184325816223204 -0.0005839830675606677
854 -0.001957855320278138 -0.0009687467898290693 -0.001436900202859323
855 -0.002708472719322248 0.002273186833104828 -0.002874275196610142
856 -0.002150675520417775 0.00161656241591617 -0.001479041997828112
857 -0.003011561975163188 0.001087782469976931 -0.003101067469379329
858 -0.002150778362430086 0.001584492936347159 -0.004027889792378165
859 -0.001289891907684672 0.002113272882286398 -0.002405864320826948
860 0.00077845801014645 -0.001183300782379403 -0.0005250335689275911
861 0.002230882894997155 -0.001630530667473885 0.0001633438618485134
862 0.001452424884850704 -0.0004472298850944788 0.0006883774307761157
863 0.001020255343720187 -0.001501909755062958 0.0005510687439900781
864 0.002472680228570891 -0.001949139640157439 0.001239446174766183
865 0.001798713353866638 -0.002685210537442364 2.603517506247579e-05
866 0.0044278167932147 -0.0006193380490584501 -0.001949138155321931
867 0.002861787350446572 -8.588652346912837e-05 0.000283551453127639
868 0.003282165466712084 -0.00106656793415293 0.0002392392754541713
869 0.002041120875835824 -0.0004247225236552424 -5.900274248407938e-05
870 0.0024184365728465 -0.0005968306876192117 -0.001196518328582128
871 -0.002935298562182829 0.003066663992569249 0.001357126978256004
872 -0.0030170495431921 -0.003126909102670782 -0.0005989464781085502
873 -0.00293529856218283 -0.003066663992569247 -0.001357126978255994
874 -0.002479927698792123 -0.00361925624086452 -0.0006947578453379278
875 -0.001168767572581502 4.882002850558356e-05 0.002336378145857647
876 -0.001226882388129355 -0.0002155790263941368 0.0008529171352986644
877 5.811481554785191e-05 0.0002643990548997232 0.001483461010558994
878 0.0001391643958756458 -0.0008755362095637441 0.002602382923095679
879 8.104958032779263e-05 -0.001139935264463464 0.001118921912536696
880 -0.001145832807801561 -0.001355514290857604 0.001971839047835349
881 -0.002166504647582057 -0.001064030693309451 -0.004227090013465915
882 -0.001408773550294614 -0.0009806369306662589 -0.004902714586407356
883 -0.001198988767892236 -0.001187519781534343 -0.003687512240844554
884 -0.001617740470367612 -0.000261493295235099 -0.00482044095408982
885 0.001541031799522326 -0.004030258585441364 -0.001084776798758508
886 0.0008176433238547961 -0.004219676287694132 -0.001913109947052638
887 0.0007599837972142375 -0.00465708937859005 -0.0004291034859330697
888 0.0007758680179848132 -0.002993432357907496 -0.0003943938250297548
889 -0.0005867276106986515 0.0001602264833187886 -0.003961307865190483
890 0.001533474465178498 -0.001587165149557946 0.0018072993433128
891 0.00110130492404798 -0.002641845019526425 0.001669990656526763
892 -0.003011561975163186 -0.001087782469976931 0.003101067469379339
893 -0.001973755074232629 -0.0005797176577575913 0.002648013598512874
894 -0.002531552273137105 -0.001236342074946246 0.004043246797294895
895 -0.002823445972676856 -0.002244856779539712 0.00281549521188872
896 -0.001785639071746298 -0.001736791967320372 0.002362441341022256
897 -0.002265648773772379 -0.001588232362351058 0.0014202620131067
898 0.000859507590474244 -0.002323236046842871 0.0005938883436090935
899 -0.001957855320278142 0.00139990484261734 -0.0002689340677379662
900 -0.0007309729321487846 0.001184325816223205 0.000583983067560689
901 -0.0009237931322884183 0.001400983389522035 -0.0006261248625294569
902 -2.589992161638065e-06 -0.00181013157552809 0.0001306397438978475
903 -0.001769739317791805 -0.002556979152180125 -1.663818975263247e-05
904 -0.001038766385643025 -0.001372653335956918 0.0005673448778080465
905 -0.001041356377804662 -0.003182784911485011 0.0006979846217058828
906 0.004007438676949188 0.0003613433616253512 -0.001904825977648463
907 0.000244332687254168 0.001129487427093607 -0.0009581690587137979
908 0.004041821789056608 0.00176646819452215 -0.0007143128340759515
909 0.003795573721957237 0.002853292807531621 -0.0007234209624767381
910 0.003828335590884038 0.002461074859254567 -0.001347001970000348
911 0.0007273605176382406 0.0002332905581430526 0.0007463518621793107
912 0.002179785402488945 -0.0002139393269514289 0.001434729292955415
913 0.0008084100979660344 -0.0009066447063204146 0.001865273774715995
914 -0.0006728581166009313 0.001448724871122925 0.002067444078119672
915 -0.0009349737755986211 0.0006072294981594749 0.001439013332701591
916 -0.001665946707747404 0.001791555314382677 0.002022996400262269
917 -0.0008768589600507679 0.0008716285530591952 0.002922474343260574
918 -0.0009909416156340324 0.0009221322641872242 -0.004706433401347418
919 -0.0008454716755401742 -0.0003422202380227155 -0.005108262349942929
920 -0.003324842996686344 -0.003315236622404496 0.0005523814672601641
921 -0.002787721152286367 -0.003807583760598234 0.0004565701000307865
922 0.004033326690368753 -0.002644570492643947 -0.0006556370944040663
923 0.00260819859200783 -0.001802638831437854 -0.0009741717242495355
924 0.002982044118653824 -0.003208533225964903 -0.0007315325080097241
925 0.00322384145222756 -0.003527142198648457 0.000344569804907945
926 0.002849995925581566 -0.002121247804121408 0.0001019305886681337
927 -0.000920245117041986 -0.0008998558269884889 -0.002989404844510539
928 -0.00170933286473862 -0.001819782588311973 -0.00208992690151223
929 0.004462199905322117 -0.002024462881955251 -0.0001396512988944484
930 0.003652714667180924 -0.002907034587959761 0.0008605556004175629
931 -0.001957855320278135 -0.001399904842617344 0.0002689340677379854
932 -0.0001475172817083896 -0.002560509167387759 0.003751359371605637
933 -0.0006658231057754807 -0.001504073895826919 0.002914018375750905
934 0.0003721215227912808 -0.001242101375185911 0.003329832816602625
935 0.003554562093954209 0.001496773510705641 -0.002970137939703353
936 0.00379279387340358 0.001690836497713618 -0.002341406501301543
937 0.002536935146611906 0.001039272974719225 -0.001813164614998924
938 0.001953583198635593 0.003051616828236372 0.002632970271808262
939 0.002497641674729764 0.002933762056177495 0.002315352272940825
940 0.002228649638802164 0.002501930693341012 0.003636021837061843
941 0.002772708114896335 0.002384075921282135 0.003318403838194406
942 0.001759082830997412 0.001884679570820626 0.002186376279992978
943 0.00356548468999689 0.002372676272276342 0.002253137229234023
944 0.002551859406097967 0.001873279921814833 0.001121109671032596
945 0.002826925846264538 0.001323593786919472 0.002124161236286177
946 -0.003983743005223605 0.002574215593170148 0.0001746116015467129
947 -0.002428639326329073 0.001815958122945771 0.0007436312585595188
948 -0.002621459526468706 0.002032615696244601 -0.0004664766715306271
949 -0.003065348408870261 4.035198961060545e-05 -0.003217095253833962
950 -0.002816825953330743 -0.0008106838088722988 -0.003870121952486869
951 -0.002161856163727975 0.0003916504717653352 0.002291930468000244
952 0.001407447085750664 0.002577655401728429 -0.001372103164763061
953 0.0009863408826695889 0.002346670279951599 -0.000366506701344105
954 -0.0004866402448946153 0.002313813243316809 -0.0003741859911531202
955 -0.000679460445034249 0.002530470816615639 -0.001584293921243266
956 1.103526326663652e-05 0.002401508669081196 0.001175645424930382
957 0.0007420081954154198 0.001217182852857995 0.0005916623573697041
958 -5.29285785522942e-06 0.001835594385234748 -5.485596346321167e-05
959 0.0007367153375601917 0.00305277723809274 0.0005368063939064811
960 7.845958816615586e-05 -0.002950066839991558 0.001249561656434532
961 0.0002390398293989398 0.002965081812328353 -0.001013025022177021
962 -0.0006887578705554213 -9.973957646373135e-05 0.003278557473773203
963 0.0009287739272830054 0.002512717233790108 0.002148965359889498
964 0.0009232201793050693 0.003857410654227611 0.00200458817770484
965 -0.002924548782309646 0.0008472113331167044 -0.0006932689442998142
966 -0.001697666394180289 0.0006316323067225692 0.0001596481909988411
967 -0.001697666394180288 -0.0006316323067225707 -0.0001596481909988198
968 -0.002924548782309641 -0.0008472113331167103 0.0006932689442998333
969 -0.002428639326329068 -0.001815958122945778 -0.0007436312585594988
970 -0.001681846461701894 0.0002430908667960203 0.003234109795915801
971 -0.001546554545010282 0.001156938389276381 0.004324111094912229
972 -0.001358453455514936 0.0001855702597534542 0.004680194225424858
973 -0.0005408702065608037 0.000349806479689047 0.003930169482912433
974 -0.0004055782898691916 0.001263654002169407 0.005020170781908861
975 -0.0007289712960561502 0.001321174609211973 0.003574086352399804
976 -0.0009290859901436464 0.00323657777475678 -0.0006809808259926798
977 0.0002362815183685706 -0.004012946286001792 -0.002766292537556866
978 0.000178621991728012 -0.00445035937689771 -0.001282286076437298
979 0.004050501096204018 -0.0004472298850944808 0.002188377430776115
980 0.002469499520432696 0.0002202668328681528 0.00228309135339939
981 0.003615150846935305 0.0006674967179626323 0.003094713922623284
982 0.00440792742203586 0.0006560970689568388 0.002029447313662902
983 0.003262276095533251 0.0002088671838623593 0.001217824744439007
984 -0.0009577168053152313 -0.002512588600420385 0.001686266790344731
985 -0.00168156520393807 0.003991436093552343 0.001049285360406531
986 -0.001874385404077704 0.004208093666851174 -0.0001608225696836152
987 -0.003901992024214334 0.002513970483068614 0.000932792101694156
988 -0.003983743005223606 -0.002574215593170149 -0.0001746116015467023
989 -0.003901992024214336 -0.002513970483068613 -0.0009327921016941459
990 0.002136722983234109 0.0005946339197684031 0.000341525884530834
991 0.001316056508623361 0.000255797919582289 -1.028311080884391e-06
992 -0.002282967977131904 0.003606796776626295 0.001434245277912034
993 -0.002282967977131905 -0.003606796776626295 -0.001434245277912024
994 0.005073062668043111 0.0004737965246372379 -0.0001974885153595838
995 0.005075186171951286 -0.0001432829035137989 -0.0004897958425945227
996 0.003586771158679947 0.0002180604581115536 -0.0001181646849354394
997 0.0007854753331860938 0.000497689613042773 0.002229812872738293
998 -3.612414510542703e-06 0.001417616374366255 0.001330334929739988
999 -0.0003205088269481743 0.0004475427803944627 0.005096008666276576
1000 0.0004970744220059578 0.0006117790003300554 0.004345983923764151
1001 -0.0007195196017595696 0.003173958217627633 0.00371372846698325
1002 -6.296830858811112e-05 0.003557366504206521 0.00351223224808386
1003 -0.001637258265775939 0.003062749652918721 0.002740408532024134
1004 -0.002230180012910787 0.003226054982313273 -0.002616719497135967
1005 -0.001672485656018624 0.002537361085555604 -0.003770334092903991
1006 0.001398340735087757 0.003129968356310494 0.003598610916958363
1007 0.001203840367449576 0.001963031098894748 0.003152016925143079
1008 -0.001957855320278139 0.0009687467898290651 0.001436900202859342
1009 0.00252539333811212 -0.004096965964587582 0.0005354839037429644
1010 0.002650124547183008 -0.003920025842828945 -0.0001533749838482773
1011 0.003470575825491013 0.003041125617845883 -0.001480755417173052
1012 0.002247146189807355 0.003812239062382615 0.0006072471976168115
1013 0.001499845136536706 0.004430650594759369 -3.927112321610425e-05
1014 0.00266825239288843 0.004043224184159445 -0.0003983492658021447
1015 0.001157821540641267 0.00328376235986957 -0.0004687900695124751
1016 0.00101766535155855 -0.003312041330591051 0.0006817084878879144
1017 -0.002453764776258712 -1.680513367352532e-18 9.215718466126788e-18
1018 -0.002924548782309643 0.0004160532803284296 0.001012565326297494
1019 -0.002924548782309645 -0.0004160532803284355 -0.001012565326297475
1020 -0.002736432779823311 -0.002004285642679491 0.0004076966868092154
1021 0.004084884208311441 -0.001852354717991282 0.0009978642872036005
1022 -0.001249758915009982 0.003382759358637661 -0.002854646865277143
1023 -8.163309546739599e-05 0.003111263396209233 -0.003186691061461484
1024 -0.0006920645581178194 0.002694065461879992 -0.004008261461045166
1025 0.002408327213609272 -0.003601416870145391 -0.001229477296765947
1026 0.002980159845772113 -0.003031719523750217 0.002229894647550543
1027 0.003412329386902631 -0.001977039653781738 0.002367203334336581
1028 0.002354032399168906 -0.0008764657992720137 0.002333285584895617
1029 0.002861512016370128 -0.001959045682864791 0.003323734057679977
1030 0.001921862858038388 -0.001931145669240493 0.002195976898109579
1031 0.0006233681386332609 -0.002332184898817947 0.003817890491586673
1032 0.0008333905007689552 -0.001294415745076927 0.004909879483115918
1033 -0.002053259566725647 -0.00218921022415469 0.00378569109782072
1034 -0.002345153266265398 -0.003197724928748156 0.002557939512414546
1035 -0.001681565203938073 -0.003991436093552344 -0.00104928536040652
1036 -0.001989358657432317 -0.004179763613286058 0.0001020425849621941
1037 -0.0009558851296445152 0.004642704662563887 0.00041044632938263
1038 -0.0009531822639509296 -0.00461724185285723 -0.0003346625489480049
1039 0.003573745228410344 -0.0004472298850944807 0.002809697774335756
1040 0.003138394979141631 0.0006674967179626324 0.003716034266182926
1041 0.003435034108010556 0.002270887256304933 -0.002475159948474247
1042 -0.001841259109225775 0.002485653334854991 0.003595438797165036
1043 -0.0007482080437310355 0.001902763879091589 0.002996316335221385
1044 0.002317943993547832 -0.003161600622174896 0.002686819289754659
1045 0.002199296164145847 -0.002088926781289471 0.003780658699884093
1046 0.00401343731918992 0.002681329512542337 0.0007359462527450327
1047 0.002945594303922794 0.003242415296443491 0.0007981612964518339
1048 0.003366700507003869 0.003473400418220321 -0.0002074351669671223
1049 0.002972965609179042 0.002104265043591663 0.0001155132076136395
1050 -0.003455635427940967 0.001630509894846481 -0.002277919073904772
1051 -0.003152546172100026 0.002815914257974378 -0.002051126801135585
1052 0.00382951381319255 -0.0004016585651349719 -0.002806498374460478
1053 0.002640800067435097 -4.031520350961939e-05 -0.001711324352108958
1054 0.003725648892369359 0.0006779296130938729 -0.002908338637350445
1055 0.002359010282855268 0.0002762710479589024 -0.002714837011810939
1056 -0.003506325155365965 0.0004274486824851009 0.002694290545692711
1057 -0.003910815181913774 0.0002410096758126238 0.002113088359960495
1058 -0.003214416542835231 0.001250257207038712 0.003280386743095638
1059 -0.003618906569383039 0.001063818200366236 0.002699184557363421
1060 0.0007866512455596379 0.002321737061448087 -0.003657137637763787
1061 0.0007242225339386991 0.002944829038704731 -0.003297878563802463
1062 0.0001762197829092145 0.001904539127118845 -0.004478708037347469
1063 0.0001137910712882757 0.00252763110437549 -0.004119448963386146
1064 -0.0009017668371759542 -0.002569319067430485 0.003566560332177272
1065 -0.001729689103607021 -0.001793522434330472 0.004242734882854796
1066 0.001607462527700569 0.002493271224704999 -0.003748048142439113
1067 0.001669891239321508 0.001870179247448355 -0.004107307216400436
1068 0.001371905368270207 0.001807417040187479 -0.002366507696064256
1069 0.003061178183700609 -0.001020996614193421 -0.001755636529782425
1070 0.0001275622613850914 0.000294329895111435 0.005180095219926339
1071 4.249279846407414e-05 0.00111044111688638 0.005104257335558623
1072 0.001469368713053662 0.001450473411001044 0.001338014219549004
1073 0.001504581984791297 0.004064140655919952 0.001151405587200613
1074 0.0007572809315206474 0.004682552188296706 0.0005048872663676972
1075 -0.00122533730029458 -0.002965006857254702 0.003109516547143195
1076 0.004705505185641578 0.001273176497107876 4.529750559028169e-05
1077 0.003219213676278414 0.001017440430582191 0.0001246213360144261
1078 0.004442310534143287 0.002061221901853638 0.0002199604572354168
1079 -0.003506325155365969 -0.0004274486824851009 -0.002694290545692702
1080 -0.003910815181913776 -0.000241009675812626 -0.002113088359960485
1081 -0.003662292726374258 -0.00109204547429553 -0.002766115058613392
1082 -0.00325780269982645 -0.001278484480968005 -0.003347317244345609
1083 -0.003455635427940966 -0.001630509894846479 0.002277919073904781
1084 -0.003267519425454636 -0.00278758420440926 0.001992346816414164
1085 0.004007149274945459 -0.0007626209525722477 -0.000162476862608907
1086 0.003022927857877841 -0.0004292359141775341 0.003766228497679153
1087 0.001918682149900193 0.0002382608037850994 0.003239622076742786
1088 -0.001637258265775933 -0.003062749652918724 -0.002740408532024124
1089 -0.0008512157991482313 -0.003251142321327691 -0.003509792181685177
1090 0.002918649521508503 -0.002974288510660349 -0.001625916510861423
1091 0.003969932093223432 -0.002410325777339393 -0.001550021097255765
1092 0.00237187739887824 0.003635298940623978 0.001296106085208054
1093 0.002792983601959315 0.003866284062400809 0.0002905096217890976
1094 -0.003926419433991898 0.002046563175174912 -0.001265353747607287
1095 0.002882199706777471 0.003008170581138935 0.001692545299303532
1096 0.003950042722044597 0.002447084797237781 0.001630330255596731
1097 0.003987259903766626 0.0005128141654430413 0.0008161086063759289
1098 -0.0008352883469832181 0.0043812003330378 0.001298287726813948
1099 -0.003586743717384915 0.0009748322818863369 -0.002542470034946568
1100 -0.003586743717384913 -0.000974832281886336 0.002542470034946578
1101 -0.001884645266216991 -0.002513880608784286 -0.003662369298415007
1102 -0.0009232903981109179 -0.002008175256720941 -0.002859310551173283
1103 -0.003418336820761384 0.002996492548210406 -0.001107375640026194
1104 -0.004192210082653255 0.00222714146541094 -0.0003216025864978965
1105 -0.001697888123129803 0.001719881853137682 0.004118559270970329
1106 -0.0005569118679887129 0.001826597466030708 0.004814618957966961
1107 0.001984222557217241 0.003570289013193618 0.001977228984249774
1108 -0.001920838188491837 0.004209392199835584 -0.0009707131822002729
1109 0.001297283896280743 -0.003725824644967799 -0.002738933344101798
1110 0.002020672371948272 -0.003536406942715032 -0.001910600195807668
1111 0.002326829386508625 -0.003615052624811359 -0.002775184300133352
1112 0.001863073034853254 -0.002445247246855137 -0.001914651242180877
1113 0.001139684559185725 -0.002634664949107905 -0.002742984390475007
1114 -0.003905805204768413 -0.0006693977972506656 0.002124695836845796
1115 -0.003905805204768417 0.0006693977972506658 -0.002124695836845787
1116 -0.000167166793430739 0.0047412159080203 0.0006739515524877761
1117 -0.004381599187964707 0.00108822100892933 0.001419819415660671
1118 -0.002632640169778909 0.001238861804882041 0.001598661523700421
1119 -0.0005761486156635982 0.002408186735910324 0.004236848940788542
1120 0.0003927682114100552 0.002009479491984615 0.003692376022218018
1121 -0.0002449162023937751 -0.003121711233579092 0.003347443915284372
1122 0.00323433043578658 0.001653328328547964 0.003358775359203605
1123 0.004027107010887135 0.00164192867954217 0.002293508750243223
1124 -0.003926419433991898 -0.002046563175174913 0.001265353747607297
1125 -0.001935017401095492 6.443528985723191e-05 0.004516242642728574
1126 -0.002123118490590838 0.001035803419380158 0.004160159512215944
1127 0.001502548002230295 -0.004405187785052714 0.0001150549036507338
1128 0.0007166565699314405 -0.004700933366628761 0.0004855332314211425
1129 0.001739501905813265 -0.004392711546163629 0.0009059622315133731
1130 -0.0001852108215008331 0.003612483744992993 -0.002586119199038907
1131 -0.001353336641043419 0.003883979707421421 -0.002254075002854566
1132 0.003029305228156635 -0.003666780238888812 0.001077428269509955
1133 0.0005609394270123197 -0.002955276876074591 0.003458631417625351
1134 0.001378738230155438 -0.002799626131575403 0.003254672458301276
1135 0.0009826570946459947 -0.001569171178640999 0.002763830066656197
1136 0.0007614739056197835 0.001390219105858238 -0.003188078095647938
1137 0.0008333905007689572 0.001294415745076927 -0.004909879483115914
1138 -7.502683293276693e-05 0.00081445560348681 -0.003990650362363417
1139 0.001418644623479526 0.0007800957238163195 -0.003619249541416384
1140 -0.004001935614153054 0.001932770877875994 0.001572935769852808
1141 -0.003035242152121549 0.002485464387376629 0.001997270646414656
1142 -0.003239242995571386 0.001908368069312899 0.002852300911555558
1143 0.0002641172950903228 0.0009783441659522219 0.003618534030257206
1144 -0.004381599187964706 -0.001088221008929335 -0.001419819415660661
1145 -0.002676026326770126 -0.00126708907881134 -0.001665592024950382
1146 0.001428980093669405 0.00364864054126774 0.002942869629399875
1147 -0.003533310074115993 -0.002968162494645289 0.001048595655304773
1148 -0.004192210082653256 -0.002227141465410942 0.0003216025864979066
1149 -0.0003337708977742905 -0.0003120088821453034 0.005137604847115866
1150 -0.003035242152121547 -0.00248546438737663 -0.001997270646414647
1151 -0.004001935614153053 -0.001932770877875996 -0.001572935769852799
1152 -0.001002337914058648 0.004644003195548297 -0.0003994442831340276
1153 -0.003574124107597558 -0.0003624150860260419 0.002715414244552718
1154 -0.003282215495066824 0.0004603934385275697 0.003301510441955645
1155 -0.003282629152562605 -0.001936595343242192 -0.00291923141280553
1156 -0.003574124107597561 0.0003624150860260429 -0.002715414244552709
1157 -0.002372394788768909 -0.003119150741557941 -0.002184666295720812
1158 -0.002372394788768912 0.00311915074155794 0.002184666295720822
1159 0.001522509544302717 -0.0002994924544125253 -0.003517409278526418
1160 0.00179107194246349 0.0001021661107224455 -0.004808987115419246
1161 0.002731437601839232 -0.0004016585651349716 -0.003904574585813801
1162 0.001903622797431841 -0.001124945866453236 -0.003251371753441396
1163 0.002172185195592614 -0.0007232873013182653 -0.004542949590334224
1164 0.0009632571380560997 -0.0006211211905958192 -0.004155784283046841
1165 0.000730300011140465 -0.0009876863562179863 -0.003428334389539892
1166 0.001289552417387083 -0.0006660576200346925 -0.002789959385019469
1167 0.001142729840254657 -0.001526345519375453 -0.002873078683812263
1168 0.002316052626546034 -0.001663605029610703 -0.002696116047713767
1169 0.001756800220299416 -0.001985233765793997 -0.00333449105223419
1170 -0.002035811441846446 -0.004181062146270468 0.0009119331974788518
1171 0.0007139537042378486 0.004726396176335417 -0.0004097494509865152
1172 0.001882360960589573 0.004338969765735492 -0.0007688275935725556
1173 -0.002576395632218748 0.00254205442349421 0.003039696560861725
1174 0.004117646077238243 -0.001460136769714226 0.001621445294727211
1175 0.004842629885471617 -0.001156189788133544 0.001219729156664133
1176 0.003629833577934784 -0.0005905127886082784 0.0009750387234891418
1177 0.004809868016544816 -0.0015484077364106 0.0005961481491405221
1178 -0.0004348363666102304 0.004318590703134134 -0.001682806103788321
1179 0.003759886311845217 -0.002040187528305541 0.001755198741899912
1180 0.0033277167707147 -0.00309486739827402 0.001617890055113874
1181 0.001443926072623669 -0.001621485548532015 0.00434387673316949
1182 0.001192679456781689 -0.0005314020248999783 0.003855819058185441
1183 0.0001091837560629269 0.003995412976341163 -0.001834642396909524
1184 -0.0001404417890464705 0.004701519934482304 -0.0009313293016589373
1185 -0.003325601652058042 -0.0004886207124568612 -0.003368440943205616
1186 -0.0009996350483650585 -0.004618540385841641 0.0004752280635686528
1187 -0.003395332788360576 -4.228388472693467e-18 9.974659986866641e-18
1188 0.001381497361002728 -0.002244577525788658 0.003984617659208167
1189 0.0007272547300715331 -0.002096005785950438 -0.003298240096202636
1190 -0.001058942063479659 0.004266908938769591 -0.001502598200725183
1191 0.0003491867580113401 0.0001622329441772771 0.003694371914624923
1192 -0.001371715526341052 -0.0005739814027863118 0.004721790406264147
1193 -0.002619781789209968 -0.002570281697423503 -0.003106627062111696
1194 0.002704553637968078 0.003653404984987017 -0.001740921219472063
1195 0.001785771926725751 0.003334724437445799 -0.002285156172136608
1196 0.00266901192048762 0.002883166623446068 -0.002735325750773258
1197 0.002290687079512534 0.002126097587728697 -0.00182227274339971
1198 -0.0004321335009166451 -0.004293127893427478 0.001758589884222947
1199 -0.001002971348717555 -0.004437328045979661 0.001178053629189687
1200 -0.002039147742198943 -0.003999849806408489 0.001614758763099886
1201 -0.001468309894398032 -0.003855649653856305 0.002195295018133146
1202 -0.004052273131057832 0.001022139105703626 -0.001458415267614808
1203 -0.004523057137108762 0.001438192386032057 -0.0004458499413173226
1204 -0.00405227313105783 -0.001022139105703624 0.001458415267614817
1205 -0.004523057137108762 -0.001438192386032058 0.0004458499413173325
1206 0.001185687496563892 0.0004135305581941524 -0.002891799647909435
1207 0.0003491867580113411 -0.0001622329441772754 -0.003694371914624914
1208 0.00200989561198568 -0.001584959347514376 -0.001831531943388083
1209 0.001542021337081817 0.002789178294205544 -0.003093919604478387
1210 0.002425261330843687 0.002337620480205812 -0.003544089183115036
1211 -0.003065348408870258 -4.035198961060423e-05 0.003217095253833971
1212 -0.003094114405571477 -0.0005109746909953568 0.003657593572468275
1213 -0.002585338706844177 -0.0001889115945799191 0.004159274581749528
1214 -0.001126914168929549 -0.002430486846141094 -0.004337993871356448
1215 -0.0001655593008234755 -0.001924781494077748 -0.003534935124114724
1216 -1.522194515597379e-05 -0.003017406197255563 -0.00386136620602478
1217 -0.0002909203149372916 -0.002196750722068965 -0.004689567895696052
1218 0.002627572681016041 0.0006779296130938733 -0.004006414848703767
1219 -0.0003484939284272145 -0.003622931582362852 0.002746872052861795
1220 0.002220941271670533 0.001894777550524856 0.004053267741545745
1221 0.001691378526209837 0.002341199872810556 0.00399138494980583
1222 0.0006722668084717068 -0.003418545937991265 0.002978598117587187
1223 0.001611472571864101 -0.003780520428590758 0.002410744949040569
1224 0.003224806536068856 -0.003052934192756676 -0.002490500615187107
1225 0.002914355606568183 -0.001881284513534182 -0.001838755828575219
1226 -0.002773439796339524 0.0007824565349430074 0.003803191451236898
1227 0.0008666549804375955 0.003805448781683222 -0.002163136191937705
1228 0.0006170294353281981 0.004511555739824363 -0.001259823096687119
1229 -0.00192417448884433 0.004028179859973605 -0.001673538747821307
1230 -0.001005674214411141 0.004462790855686319 -0.001102269848755062
1231 0.004724183972882521 0.001328418743388285 0.0007632166813259188
1232 0.005091741455284054 0.0005290387709176473 0.0005204306603760532
1233 -0.000137738923352883 -0.004676057124775649 0.001007113082093563
1234 0.0008803063701703155 0.002387648265900423 0.004531744046880767
1235 0.001409869115631012 0.001941225943614723 0.004593626838620683
1236 0.001223077115124462 0.001381441829015133 0.003729786942321497
1237 0.004208266727084881 -0.0009484733927754061 0.001762663559607282
1238 0.004933250535318255 -0.0006445264111947242 0.001360947421544203
1239 -0.004610904638944191 0.000719387534686852 0.0008705222650864147
1240 -0.004140120632893257 -0.000127823798429854 0.001563791209386238
1241 -0.004610904638944189 -0.0005438770787582879 0.0005512258830887538
1242 -0.00414012063289326 0.0001278237984298556 -0.001563791209386229
1243 -0.004610904638944191 0.0005438770787582869 -0.0005512258830887434
1244 -0.00461090463894419 -0.000719387534686853 -0.0008705222650864043
1245 -5.409935086345228e-05 -0.004005860813711024 0.001995395250732411
1246 0.0007033718735112138 -0.003815896619053083 0.002323889045760594
1247 0.0006197323010217831 -0.004486092930117708 0.001335606877121745
1248 0.0001164742522326878 0.002940222093555505 0.004065302491322854
1249 0.0001357109999075731 0.00235863282367589 0.004643072508501272
1250 0.00182013359282435 -0.0003791512036957334 -0.002053878547720676
1251 -0.0009835431828335802 -0.001664715364423784 -0.004861114345161741
1252 0.005177408693084079 -0.000143282903513799 0.000286661292713039
1253 0.00250038922448961 0.004045747155849803 -0.00109531390989114
1254 0.001785436691679923 0.004124129329224439 -0.001618901239273159
1255 0.0008355499153980882 0.003408098100621405 -0.002817845263764298
1256 0.003123018900548427 0.00297797774332208 -0.002092760009609723
1257 0.00308747718306797 0.00220773938178113 -0.003087164540910917
1258 -0.0001625140197545434 -0.0008164620643452967 -0.00366502941745198
1259 -0.001741274280121023 -0.001748109127066976 -0.0041854897722203
1260 0.002714484228169625 -0.003680062552241718 -0.00209406140109163
1261 -0.0005946656374324344 0.002132863395688659 -0.004412176917366431
1262 0.003352757945398877 -0.0004016585651349717 -0.003427818718020123
1263 0.003248893024575686 0.0006779296130938731 -0.00352965898091009
1264 0.0002448805474154375 0.001559933435831837 0.003040764013078789
1265 0.0008610696224954302 0.002969237535780038 0.00395397402970235
1266 0.001628968031956443 -0.0001959453560344823 0.002391260016298812
1267 0.003879414297788868 -0.001266073782706251 0.002250176733129019
1268 0.002561694583191764 -0.003707146765415154 0.001878055857412882
1269 0.001716268672001158 0.0007004369745331114 -0.002155718810610642
1270 0.003328596927256365 -0.001248079811789304 0.003206707456472416
1271 0.001744435153220233 0.0009007872761056842 0.002341065784802585
1272 0.002537211728320788 0.0008893876270998907 0.001275799175842202
1273 0.004046996382065975 -0.001605169659643781 -0.002213199591902256
1274 0.003448693402043825 -0.001387490175720303 -0.003070559811040804
1275 0.003301870824911399 -0.002247778075061064 -0.003153679109833597
1276 0.0009597223298660541 -0.0001648368592778118 0.003128369164678495
1277 0.00448685076777946 -0.001909676650500751 -0.0009733439865736566
1278 0.001642577636903608 -0.004177871109652576 0.001756035877213976
1279 -0.0001946645059767731 -0.00363455060790658 -0.003308295962785786
1280 0.004466961396600628 0.001946435670399137 0.001053653144914626
1281 0.0007293734251067692 -0.003046421639480096 -0.003750037744404276
1282 0.0006018937159577169 -0.002367975013941655 -0.004452872867783964
1283 0.00134648908622046 -0.002396990456166189 -0.004341544406163459
1284 0.005073062668043108 -0.0007603623316648344 0.0007708111007856604
1285 0.002780900734926739 -0.001283706326223522 0.003821634435927292
1286 0.0006906804069795195 0.003485013482622367 0.003545329980070277
1287 0.004775484904437393 -0.0001432829035137989 0.001786661292713036
1288 0.001212527053990384 -0.001891609826871671 -0.004654680226774264
1289 -0.0013489151929 0.002141673295731386 -0.004227377877938067
1290 0.0004515563602902152 -0.001275350310763841 -0.004126441785873907
1291 0.0007463443379402395 0.001882267636605906 0.004844879867491572
1292 0.004405717937671476 -0.00160237150448304 -0.001631502687887769
1293 0.0036605923805169 -0.002244979919900323 -0.00257198220581911
1294 0.00292337567911619 -0.001658363679925018 -0.003441454532586661
1295 0.002960026709750139 -0.001060989345313267 -0.003668121252551153
1296 0.002400774303503521 -0.001382618081496561 -0.004306496257071578
1297 0.002364123272869572 -0.001979992416108312 -0.004079829537107085
1298 0.002032744829788695 0.001258177286569814 0.004355060010067753
1299 0.002517074635581988 0.0006674967179626327 0.004192790133976597
1300 0.001306742136670191 0.0004885144578847365 0.004971256991510407
1301 0.001791071942463484 -0.000102166110722445 0.004808987115419252
1302 0.001308146578045479 0.0005653306072401883 0.003805624826689214
1303 -0.001305437966406164 0.001592896844009176 -0.004489383821893279
1304 0.0005589842095908555 -0.003562197586322426 -0.003341393694772201
1305 0.001588529699818738 -0.003451425566165985 -0.003377644650803755
1306 -0.001686211877113184 -0.001244745982608263 0.004504740826810008
1307 0.002709012712858946 0.00192420183275268 0.00372967008074946
1308 0.0003197130230953758 -0.001720385534998981 -0.004891375254686352
1309 0.002357530169713296 -0.00409948893627794 0.001232448547831959
1310 -0.0003062152774857706 -0.001578390277784831 -0.004999249598791342
1311 0.001758918915334652 -0.002935649619323656 -0.00378628870043583
1312 -0.002772367564811035 0.003658574433720594 -0.001323301486189591
1313 -0.0003337708977742897 0.0003120088821453059 -0.005137604847115864
1314 7.044310716109126e-05 -0.0004498968987231296 -0.004392479310958929
1315 0.001221672673749174 0.001304625679659681 0.004895419107142691
1316 -0.00250902388379835 -0.003583081902386834 0.001964609506226236
1317 0.004635803868028295 -0.001210926648849084 -0.001330064805289964
1318 0.002776553101983764 -0.002518651579265779 -0.003524573831379456
1319 0.001075189451129844 0.0009318957728623547 0.003078174933182268
1320 0.0009141262495058262 0.001528824939075166 0.002303654864699105
1321 0.002254612137723391 0.001416909284625501 -0.004088579504900942
1322 0.001418111399170841 0.0008411457822540733 -0.004891151771616422
1323 0.002745663743492893 0.001326827498140928 0.003956336800713953
1324 0.0001204160373590947 0.001740272379391756 0.004952754211596562
1325 0.001306742136670196 -0.0004885144578847356 -0.004971256991510404
1326 0.00168785538979932 -0.001313967869925446 -0.004705219466425382
1327 -0.0008322096047140581 -0.001101771900562482 -0.005066666169103641
1328 0.0002910719424634877 -0.0001021661107224447 0.005210910904065934
1329 0.003172164282932948 0.003613038458460673 -0.0009402936315691336
1330 0.004983471979250991 0.0004483056962768347 0.00116758794268107
1331 0.005075186171951283 -0.0001432829035137989 0.0010631184280206
1332 0.002401607514318198 -0.0004292359141775339 0.004242984365472825
1333 0.001876051831681158 -0.001950568133880487 -0.004403427197903373
1334 0.001067529077771051 0.0001021661107224457 -0.005108688382933137
1335 0.00106752907777105 -0.0001021661107224449 0.005108688382933138
1336 0.005091741455284054 -0.0008156045779452435 5.289192505002332e-05
1337 -0.002143984321168489 -0.000654708345573928 0.004433969010411038
1338 0.004744073344061355 -0.001291659723489895 -0.0006829075229849472
1339 -0.0005704696717147871 0.001595914468094521 -0.00463936171302113
1340 8.670104614495562e-05 0.0009857910860526023 -0.005070533158789576
1341 -0.002394050630443739 0.003611411955951951 -0.002023389490947657
1342 0.002296190027926979 -0.003096380439854112 -0.003430925587691841
1343 0.004615914496849459 0.001247685668747472 0.001410373963630936
1344 0.00228848166079535 -0.002489227297037954 -0.003848171492175744
1345 -0.004697666394180289 0.0006316323067225709 0.0001596481909988356
1346 -0.004697666394180287 -0.000631632306722569 -0.0001596481909988252
1347 0.004385828566492639 0.001639130524381428 0.001711811846228738
1348 0.000187410379243022 -0.001165446126750071 -0.005089706153080234
1349 -0.002887340818165647 -0.003630244380155476 0.00126452150146817
1350 -2.589992161637414e-06 -0.004810131575528092 0.0001306397438978419
1351 -0.002510006612515977 0.001726217105767497 0.00373403801593524
1352 0.0005642158167836135 0.0006346804624700551 -0.005150608318614615
1353 0.0005642158167836127 -0.0006346804624700526 0.005150608318614618
1354 0.00108022441013803 -0.00133667041862276 -0.004853011125168146
1355 0.003006865901624583 0.00153240002513986 -0.003585064919158234
1356 0.0006991111570089039 0.0005112170065820513 0.00511904865025317
1357 0.0006140416940878866 0.001327328228356996 0.005043210765885454
1358 0.0006991111570089065 -0.0005112170065820494 -0.005119048650253168
1359 0.00284024850402115 -0.002978525667795237 -0.003113307588824402
1360 0.0005601054183484119 -0.0001577071649094581 -0.005187500709441475
1361 4.840464058252734e-05 -0.0008119362850774795 -0.005158158212268543
1362 0.0002910719424634881 0.0001021661107224459 -0.005210910904065932
1363 -0.0002206288353023965 -0.0005520630094455755 -0.005181568406892998
1364 -0.0003841385163807924 -0.0009485590152794553 -0.005150752722753403
1365 -5.292857855228769e-06 0.004835594385234747 -5.48559634632173e-05
1366 0.0005601054183484103 0.0001577071649094596 0.005187500709441479
1367 0.000475035955427393 0.0009738183866844043 0.005111662825073762
1368 -0.002553392769507196 -0.00175444437969679 -0.003800968517185211
1369 -0.004424976390696527 0.001826589316172613 0.0005255141889663961
1370 -0.004424976390696528 -0.001826589316172612 -0.0005255141889663857
1371 0.002028646971025549 -0.001168215585709162 0.004325149021669999
1372 0.001418111399170835 -0.000841145782254073 0.004891151771616426
1373 0.001627279211301184 -0.004228247663294078 -0.000573803983940508
$EndNodes
$Elements
730
1 15 2 1 3 1
2 15 2 2 4 2
3 11 2 3 1 184 9 750 765 266 789 790 791 792 793
4 11 2 3 1 62 184 63 750 510 275 408 794 795 790
5 11 2 3 1 748 758 752 786 796 797 798 799 800 801
6 11 2 3 1 63 184 9 750 275 266 272 795 789 790
7 11 2 3 1 755 147 764 771 802 803 804 805 806 807
8 11 2 3 1 748 752 747 786 798 808 809 799 810 800
9 11 2 3 1 754 756 748 786 811 812 813 814 799 815
10 11 2 3 1 62 137 184 750 511 270 510 794 790 816
11 11 2 3 1 750 757 776 786 817 818 819 820 821 822
12 11 2 3 1 754 181 763 767 823 824 825 826 827 828
13 11 2 3 1 160 769 33 781 829 830 344 831 832 833
14 11 2 3 1 175 766 752 779 834 835 836 837 838 839
15 11 2 3 1 179 755 107 762 840 841 526 842 843 844
16 11 2 3 1 163 755 147 764 845 802 452 846 803 804
17 11 2 3 1 181 162 754 763 721 847 823 824 825 848
18 11 2 3 1 748 756 754 763 812 811 813 849 825 850
19 11 2 3 1 752 758 748 766 797 796 798 835 851 852
20 11 2 3 1 747 752 748 754 808 798 809 853 813 854
21 11 2 3 1 141 762 752 766 855 856 857 858 835 859
22 11 2 3 1 747 756 751 768 860 861 862 863 864 865
23 11 2 3 1 184 8 9 765 265 20 266 791 793 866
24 11 2 3 1 751 750 765 786 867 792 868 869 870 820
25 11 2 3 1 65 107 179 755 524 526 521 871 840 841
26 11 2 3 1 61 97 55 754 480 475 478 872 873 874
27 11 2 3 1 749 753 747 759 875 876 877 878 879 880
28 11 2 3 1 128 175 779 785 321 837 881 882 883 884
29 11 2 3 1 186 756 763 767 885 850 886 887 827 888
30 11 2 3 1 766 779 175 785 839 837 834 889 884 883
31 11 2 3 1 747 751 759 768 862 890 879 863 891 864
32 11 2 3 1 747 754 748 786 853 813 809 810 799 814
33 11 2 3 1 111 753 769 770 892 893 894 895 896 897
34 11 2 3 1 747 759 756 768 879 898 860 863 865 891
35 11 2 3 1 752 755 747 762 899 900 808 856 901 844
36 11 2 3 1 754 767 747 770 826 902 853 903 904 905
37 11 2 3 1 184 750 8 765 790 906 265 791 866 792
38 11 2 3 1 752 758 747 786 797 907 808 800 810 801
39 11 2 3 1 44 62 750 776 409 794 908 909 819 910
40 11 2 3 1 747 759 751 783 879 890 862 911 912 913
41 11 2 3 1 63 44 62 750 407 409 408 795 794 908
42 11 2 3 1 175 141 752 766 718 857 836 834 835 858
43 11 2 3 1 747 749 755 778 877 914 900 915 916 917
44 11 2 3 1 28 766 175 785 918 834 322 919 884 889
45 11 2 3 1 61 97 754 770 480 874 872 920 903 921
46 11 2 3 1 68 765 756 768 922 923 924 925 865 926
47 11 2 3 1 748 754 752 779 813 854 798 927 838 928
48 11 2 3 1 751 765 756 786 868 923 861 869 815 870
49 11 2 3 1 67 765 68 768 929 922 532 930 925 926
50 11 2 3 1 753 754 747 770 931 853 876 897 904 903
51 11 2 3 1 160 759 769 781 932 933 829 831 833 934
52 11 2 3 1 137 750 62 777 816 794 511 935 936 937
53 11 2 3 1 74 757 75 761 938 939 560 940 941 942
54 11 2 3 1 28 175 128 785 322 321 320 919 882 884
55 11 2 3 1 75 761 757 773 941 942 939 943 944 945
56 11 2 3 1 751 756 747 786 861 860 862 869 810 815
57 11 2 3 1 107 762 755 774 843 844 841 946 947 948
58 11 2 3 1 747 756 754 786 860 811 853 810 814 815
59 11 2 3 1 126 175 752 779 716 836 949 950 838 837
60 11 2 3 1 747 753 749 778 876 875 877 915 917 951
61 11 2 3 1 758 776 757 786 952 818 953 801 822 821
62 11 2 3 1 755 758 747 762 954 907 900 844 901 955
63 11 2 3 1 184 137 8 750 270 258 265 790 906 816
64 11 2 3 1 755 757 747 771 956 957 900 805 958 959
65 11 2 3 1 756 759 747 767 898 879 860 888 902 960
66 11 2 3 1 755 747 758 771 900 907 954 805 961 958
67 11 2 3 1 753 759 749 769 880 878 875 893 962 933
68 11 2 3 1 757 764 147 771 963 803 964 959 807 806
69 11 2 3 1 752 747 755 774 808 900 899 965 947 966
70 11 2 3 1 747 754 753 775 853 931 876 967 968 969
71 11 2 3 1 769 778 197 784 970 971 972 973 974 975
72 11 2 3 1 758 762 755 771 955 844 954 961 805 976
73 11 2 3 1 186 763 136 767 886 977 664 887 978 827
74 11 2 3 1 747 758 757 786 907 953 957 810 822 801
75 11 2 3 1 12 751 761 773 979 980 981 982 945 983
76 11 2 3 1 747 767 759 770 902 960 879 904 984 905
77 11 2 3 1 179 182 755 762 529 985 840 842 844 986
78 11 2 3 1 107 755 65 774 841 871 524 946 987 947
79 11 2 3 1 61 754 55 775 872 873 478 988 989 969
80 11 2 3 1 751 783 750 786 912 990 867 869 820 991
81 11 2 3 1 65 179 66 755 521 520 514 871 992 840
82 11 2 3 1 56 55 97 754 468 475 474 993 874 873
83 11 2 3 1 63 750 9 788 795 789 272 994 995 996
84 11 2 3 1 749 747 755 783 877 900 914 997 998 911
85 11 2 3 1 754 756 747 767 811 860 853 826 902 888
86 11 2 3 1 197 781 769 784 999 833 972 974 973 1000
87 11 2 3 1 53 163 51 764 449 448 443 1001 1002 846
88 11 2 3 1 53 755 163 764 1003 845 449 1001 846 804
89 11 2 3 1 142 762 141 766 1004 855 727 1005 858 859
90 11 2 3 1 74 757 761 764 938 942 940 1006 1007 963
91 11 2 3 1 747 755 753 778 900 1008 876 915 951 916
92 11 2 3 1 68 152 166 768 546 547 542 925 1009 1010
93 11 2 3 1 44 103 62 776 405 410 409 909 910 1011
94 11 2 3 1 165 757 771 776 1012 959 1013 1014 1015 818
95 11 2 3 1 141 126 175 752 717 716 718 857 836 949
96 11 2 3 1 759 767 756 768 960 888 898 891 865 1016
97 11 2 3 1 752 753 747 774 1017 876 808 965 966 1018
98 11 2 3 1 747 753 752 775 876 1017 808 967 1019 968
99 11 2 3 1 61 770 754 775 920 903 872 988 969 1020
100 11 2 3 1 67 751 765 768 1021 868 929 930 926 864
101 11 2 3 1 758 762 156 766 955 1022 1023 852 1024 859
102 11 2 3 1 753 747 759 770 876 879 880 897 984 904
103 11 2 3 1 68 756 152 768 924 1025 546 925 1010 865
104 11 2 3 1 751 768 120 772 864 1026 1027 1028 1029 1030
105 11 2 3 1 752 747 758 762 808 907 797 856 955 901
106 11 2 3 1 160 140 759 781 345 1031 932 831 934 1032
107 11 2 3 1 747 783 751 786 911 912 862 810 869 991
108 11 2 3 1 757 758 747 771 953 907 957 959 958 961
109 11 2 3 1 111 769 112 770 894 1033 683 895 1034 896
110 11 2 3 1 97 180 754 770 482 1035 874 921 903 1036
111 11 2 3 1 755 762 182 771 844 986 985 805 1037 976
112 11 2 3 1 753 755 747 774 1008 900 876 1018 966 947
113 11 2 3 1 747 752 754 775 808 854 853 967 969 1019
114 11 2 3 1 180 181 754 767 222 823 1035 1038 826 828
115 11 2 3 1 12 751 13 761 979 1039 24 981 1040 980
116 11 2 3 1 136 763 181 767 977 824 722 978 828 827
117 11 2 3 1 103 137 62 777 512 511 410 1041 936 935
118 11 2 3 1 755 764 53 778 804 1001 1003 916 1042 1043
119 11 2 3 1 98 120 768 772 356 1026 1044 1045 1030 1029
120 11 2 3 1 755 762 752 774 844 856 899 947 965 948
121 11 2 3 1 180 181 162 754 222 721 483 1035 847 823
122 11 2 3 1 45 773 757 776 1046 944 1047 1048 818 1049
123 11 2 3 1 143 752 141 762 1050 857 725 1051 855 856
124 11 2 3 1 8 760 750 777 1052 1053 906 1054 937 1055
125 11 2 3 1 196 753 92 778 1056 1057 551 1058 1059 951
126 11 2 3 1 179 182 66 755 529 527 520 840 992 985
127 11 2 3 1 56 97 180 754 474 482 481 993 1035 874
128 11 2 3 1 754 770 753 775 903 897 931 969 968 1020
129 11 2 3 1 139 758 154 766 1060 1061 661 1062 1063 852
130 11 2 3 1 151 160 759 769 739 932 1064 1065 933 829
131 11 2 3 1 160 33 140 781 344 342 345 831 1032 832
132 11 2 3 1 154 758 139 777 1061 1060 661 1066 1067 1068
133 11 2 3 1 750 760 8 765 1053 1052 906 792 866 1069
134 11 2 3 1 197 199 781 784 340 1070 999 974 1000 1071
135 11 2 3 1 747 757 755 783 957 956 900 911 998 1072
136 11 2 3 1 187 165 757 771 442 1012 1073 1074 959 1013
137 11 2 3 1 112 769 759 770 1033 933 1075 1034 984 896
138 11 2 3 1 180 767 754 770 1038 826 1035 1036 903 905
139 11 2 3 1 63 44 750 773 407 908 795 1076 1077 1078
140 11 2 3 1 80 195 752 779 491 1079 1080 1081 838 1082
141 11 2 3 1 111 113 753 770 682 1083 892 895 897 1084
142 11 2 3 1 9 750 765 788 789 792 793 995 1085 996
143 11 2 3 1 755 764 757 771 804 963 956 805 959 806
144 11 2 3 1 13 761 751 772 1040 980 1039 1086 1028 1087
145 11 2 3 1 43 754 162 763 1088 847 382 1089 848 825
146 11 2 3 1 112 151 759 769 684 1064 1075 1033 933 1065
147 11 2 3 1 68 153 756 765 543 1090 924 922 923 1091
148 11 2 3 1 163 147 51 764 452 451 448 846 1002 803
149 11 2 3 1 45 757 148 776 1047 1092 418 1048 1093 818
150 11 2 3 1 747 749 759 783 877 878 879 911 913 997
151 11 2 3 1 752 762 143 774 856 1051 1050 965 1094 948
152 11 2 3 1 45 149 757 773 415 1095 1047 1046 944 1096
153 11 2 3 1 63 773 750 788 1076 1077 795 994 996 1097
154 11 2 3 1 163 755 182 771 845 985 528 1098 1037 805
155 11 2 3 1 141 143 188 752 725 589 730 857 1099 1050
156 11 2 3 1 191 111 113 753 686 682 640 1100 1083 892
157 11 2 3 1 754 763 43 779 825 1089 1088 928 1101 1102
158 11 2 3 1 105 143 762 774 670 1051 1103 1104 948 1094
159 11 2 3 1 125 197 778 784 710 971 1105 1106 975 974
160 11 2 3 1 75 757 149 773 939 1095 574 943 1096 944
161 11 2 3 1 187 757 147 771 1073 964 679 1074 807 959
162 11 2 3 1 74 110 75 757 568 569 560 938 939 1107
163 11 2 3 1 179 173 182 762 673 209 529 842 986 1108
164 11 2 3 1 104 763 756 787 1109 850 1110 1111 1112 1113
165 11 2 3 1 148 45 149 757 418 415 417 1092 1095 1047
166 11 2 3 1 90 191 113 753 641 640 639 1114 1083 1100
167 11 2 3 1 143 78 188 752 587 590 589 1050 1099 1115
168 11 2 3 1 163 182 183 771 528 210 734 1098 1116 1037
169 11 2 3 1 142 156 762 766 603 1022 1004 1005 859 1024
170 11 2 3 1 753 774 92 778 1018 1117 1057 951 1059 1118
171 11 2 3 1 148 187 165 757 681 442 419 1092 1012 1073
172 11 2 3 1 125 778 764 784 1105 1043 1119 1106 1120 975
173 11 2 3 1 151 160 161 759 739 738 694 1064 1121 932
174 11 2 3 1 12 761 174 773 981 1122 292 982 1123 945
175 11 2 3 1 113 753 770 775 1083 897 1084 1124 1020 968
176 11 2 3 1 124 197 769 778 337 972 1125 1126 970 971
177 11 2 3 1 166 767 40 768 1127 1128 370 1009 1129 1016
178 11 2 3 1 156 758 81 762 1023 1130 601 1022 1131 955
179 11 2 3 1 67 68 69 768 532 531 530 930 1132 925
180 11 2 3 1 750 773 44 776 1077 1078 908 819 909 1049
181 11 2 3 1 140 157 160 759 654 724 345 1031 932 1133
182 11 2 3 1 186 136 181 767 664 722 224 887 828 978
183 11 2 3 1 98 768 759 772 1044 891 1134 1045 1135 1030
184 11 2 3 1 139 758 766 777 1060 852 1062 1067 1136 1068
185 11 2 3 1 139 777 766 780 1067 1136 1062 1137 1138 1139
186 11 2 3 1 70 774 755 778 1140 947 1141 1142 916 1118
187 11 2 3 1 749 778 769 784 917 970 962 1143 973 975
188 11 2 3 1 80 752 775 779 1080 1019 1144 1081 1145 838
189 11 2 3 1 110 757 74 764 1107 938 568 1146 1006 963
190 11 2 3 1 113 770 59 775 1084 1147 497 1124 1148 1020
191 11 2 3 1 31 197 199 781 338 340 232 1149 1070 999
192 11 2 3 1 8 750 137 777 906 816 258 1054 935 937
193 11 2 3 1 58 55 754 775 470 873 1150 1151 969 989
194 11 2 3 1 70 65 755 774 516 871 1141 1140 947 987
195 11 2 3 1 182 762 173 771 986 1108 209 1037 1152 976
196 11 2 3 1 192 753 196 778 1153 1056 646 1154 1058 951
197 11 2 3 1 68 153 152 756 543 545 546 924 1025 1090
198 11 2 3 1 58 775 754 779 1151 969 1150 1155 928 1145
199 11 2 3 1 189 141 188 752 719 730 591 1156 1099 857
200 11 2 3 1 111 191 192 753 686 642 690 892 1153 1100
201 11 2 3 1 56 54 55 754 467 469 468 993 873 1157
202 11 2 3 1 66 64 65 755 513 515 514 992 871 1158
203 11 2 3 1 142 143 141 762 726 725 727 1004 855 1051
204 11 2 3 1 760 780 6 782 1159 1160 1161 1162 1163 1164
205 11 2 3 1 174 761 75 773 1122 941 565 1123 943 945
206 11 2 3 1 181 136 162 763 722 385 721 824 848 977
207 11 2 3 1 748 782 760 787 1165 1162 1166 1167 1168 1169
208 11 2 3 1 148 757 165 776 1092 1012 419 1093 1014 818
209 11 2 3 1 97 95 180 770 509 221 482 921 1036 1170
210 11 2 3 1 165 771 50 776 1013 1171 441 1014 1172 1015
211 11 2 3 1 64 755 53 778 1158 1003 463 1173 1042 916
212 11 2 3 1 76 67 751 788 538 1021 1174 1175 1176 1177
213 11 2 3 1 55 54 58 754 469 471 470 873 1150 1157
214 11 2 3 1 64 70 65 755 517 516 515 1158 871 1141
215 11 2 3 1 70 755 64 778 1141 1158 517 1142 1173 916
216 11 2 3 1 81 762 758 771 1131 955 1130 1178 961 976
217 11 2 3 1 110 147 757 764 677 964 1107 1146 963 803
218 11 2 3 1 67 94 751 768 535 1179 1021 930 864 1180
219 11 2 3 1 140 772 759 781 1181 1135 1031 1032 934 1182
220 11 2 3 1 76 67 94 751 538 535 539 1174 1179 1021
221 11 2 3 1 82 81 758 771 438 1130 1183 1184 961 1178
222 11 2 3 1 111 112 113 770 683 558 682 895 1084 1034
223 11 2 3 1 43 54 162 754 396 398 382 1088 847 1157
224 11 2 3 1 53 64 163 755 463 465 449 1003 845 1158
225 11 2 3 1 156 154 758 766 660 1061 1023 1024 852 1063
226 11 2 3 1 166 186 40 767 375 217 370 1127 1128 887
227 11 2 3 1 195 189 752 779 596 1156 1079 1082 838 1185
228 11 2 3 1 95 767 180 770 1186 1038 221 1170 1036 905
229 11 2 3 1 753 774 752 775 1018 965 1017 968 1019 1187
230 11 2 3 1 157 98 759 772 652 1134 1133 1188 1135 1045
231 11 2 3 1 748 763 782 787 849 1189 1165 1167 1169 1113
232 11 2 3 1 12 13 174 761 24 291 292 981 1122 1040
233 11 2 3 1 82 762 81 771 1190 1131 438 1184 1178 976
234 11 2 3 1 752 762 758 766 856 955 797 835 852 859
235 11 2 3 1 769 781 749 784 833 1191 962 973 1143 1000
236 11 2 3 1 31 769 197 781 1192 972 338 1149 999 833
237 11 2 3 1 43 54 754 779 396 1157 1088 1101 928 1193
238 11 2 3 1 54 58 754 779 471 1150 1157 1193 928 1155
239 11 2 3 1 44 773 45 776 1078 1046 402 909 1048 1049
240 11 2 3 1 57 776 758 777 1194 952 1195 1196 1068 1197
241 11 2 3 1 71 88 767 770 554 1198 1199 1200 905 1201
242 11 2 3 1 141 189 126 752 719 720 717 857 949 1156
243 11 2 3 1 134 752 143 774 1202 1050 588 1203 1094 965
244 11 2 3 1 133 753 113 775 1204 1083 501 1205 1124 968
245 11 2 3 1 766 777 748 780 1136 1206 851 1138 1207 1139
246 11 2 3 1 112 151 161 759 684 694 631 1075 1121 1064
247 11 2 3 1 748 760 756 787 1166 1208 812 1167 1112 1168
248 11 2 3 1 163 66 182 755 518 527 528 845 985 992
249 11 2 3 1 56 180 162 754 481 483 472 993 847 1035
250 11 2 3 1 120 751 94 768 1027 1179 428 1026 1180 864
251 11 2 3 1 157 759 140 772 1133 1031 654 1188 1181 1135
252 11 2 3 1 105 762 107 774 1103 843 647 1104 946 948
253 11 2 3 1 102 758 154 777 1209 1061 659 1210 1066 1068
254 11 2 3 1 192 753 122 769 1153 1211 691 1212 1213 893
255 11 2 3 1 43 779 763 785 1101 1102 1089 1214 1215 883
256 11 2 3 1 43 763 42 785 1089 1216 377 1214 1217 1215
257 11 2 3 1 67 765 751 788 929 868 1021 1177 1176 1085
258 11 2 3 1 125 53 764 778 453 1001 1119 1105 1043 1042
259 11 2 3 1 6 760 777 780 1161 1055 1218 1160 1139 1159
260 11 2 3 1 759 767 88 770 960 1198 1219 984 1201 905
261 11 2 3 1 187 50 165 771 205 441 442 1074 1013 1171
262 11 2 3 1 105 134 143 774 649 588 670 1104 1094 1203
263 11 2 3 1 133 113 59 775 501 497 499 1205 1148 1124
264 11 2 3 1 172 158 74 761 573 572 562 1220 940 1221
265 11 2 3 1 57 758 102 777 1195 1209 484 1196 1210 1068
266 11 2 3 1 98 96 759 768 430 1222 1134 1044 891 1223
267 11 2 3 1 153 756 765 787 1090 923 1091 1224 1225 1112
268 11 2 3 1 748 756 763 787 812 850 849 1167 1113 1112
269 11 2 3 1 122 769 753 778 1213 893 1211 1226 951 970
270 11 2 3 1 110 147 187 757 677 679 678 1107 1073 964
271 11 2 3 1 122 753 192 778 1211 1153 691 1226 1154 951
272 11 2 3 1 82 758 48 771 1183 1227 435 1184 1228 961
273 11 2 3 1 111 753 192 769 892 1153 690 894 1212 893
274 11 2 3 1 54 56 162 754 467 472 398 1157 847 993
275 11 2 3 1 66 163 64 755 518 465 513 992 1158 845
276 11 2 3 1 83 762 82 771 1229 1190 598 1230 1184 976
277 11 2 3 1 63 109 773 788 281 1231 1076 994 1097 1232
278 11 2 3 1 71 88 89 767 554 367 555 1199 1233 1198
279 11 2 3 1 158 761 172 784 1221 1220 573 1234 1235 1236
280 11 2 3 1 76 751 185 788 1174 1237 577 1175 1238 1176
281 11 2 3 1 91 774 753 775 1239 1018 1240 1241 968 1187
282 11 2 3 1 79 752 774 775 1242 965 1243 1244 1187 1019
283 11 2 3 1 122 192 196 778 691 646 708 1226 1058 1154
284 11 2 3 1 189 80 195 752 586 491 596 1156 1079 1080
285 11 2 3 1 196 192 92 753 646 638 551 1056 1057 1153
286 11 2 3 1 89 759 38 767 1245 1246 364 1233 1247 960
287 11 2 3 1 125 764 52 784 1119 1248 454 1106 1249 1120
288 11 2 3 1 112 759 88 770 1075 1219 556 1034 1201 984
289 11 2 3 1 82 83 81 762 598 597 438 1190 1131 1229
290 11 2 3 1 748 756 760 786 812 1208 1166 799 1250 815
291 11 2 3 1 142 156 81 762 603 601 604 1004 1131 1022
292 11 2 3 1 749 769 759 781 962 933 878 1191 934 833
293 11 2 3 1 126 752 189 779 949 1156 720 950 1185 838
294 11 2 3 1 43 42 129 785 377 387 386 1214 1251 1217
295 11 2 3 1 183 187 147 771 212 679 735 1116 807 1074
296 11 2 3 1 160 157 161 759 724 653 738 932 1121 1133
297 11 2 3 1 63 9 10 788 272 21 271 994 1252 995
298 11 2 3 1 88 759 89 767 1219 1245 367 1198 1233 960
299 11 2 3 1 50 48 49 776 431 433 432 1172 1253 1254
300 11 2 3 1 125 197 124 778 710 337 709 1105 1126 971
301 11 2 3 1 101 156 154 758 602 660 658 1255 1061 1023
302 11 2 3 1 138 103 776 777 487 1011 1256 1257 1197 1041
303 11 2 3 1 748 779 766 785 927 839 851 1258 889 883
304 11 2 3 1 154 102 101 758 659 485 658 1061 1255 1209
305 11 2 3 1 90 113 133 753 639 501 636 1114 1204 1083
306 11 2 3 1 143 134 78 752 588 584 587 1050 1115 1202
307 11 2 3 1 756 765 751 768 923 868 861 865 864 926
308 11 2 3 1 759 769 753 770 933 893 880 984 897 896
309 11 2 3 1 186 152 104 756 666 665 663 885 1110 1025
310 11 2 3 1 48 771 758 776 1228 961 1227 1254 952 1015
311 11 2 3 1 129 779 43 785 1259 1101 386 1251 1214 883
312 11 2 3 1 152 756 153 787 1025 1090 545 1260 1224 1112
313 11 2 3 1 88 112 161 759 556 631 629 1219 1121 1075
314 11 2 3 1 101 102 57 758 485 484 437 1255 1195 1209
315 11 2 3 1 63 109 44 773 281 411 407 1076 1078 1231
316 11 2 3 1 156 155 154 766 736 723 660 1024 1063 1261
317 11 2 3 1 8 7 760 777 19 1262 1052 1054 1055 1263
318 11 2 3 1 98 96 157 759 430 651 652 1134 1133 1222
319 11 2 3 1 67 69 94 768 530 426 535 930 1180 1132
320 11 2 3 1 82 81 48 758 438 439 435 1183 1227 1130
321 11 2 3 1 749 764 755 778 1264 804 914 917 916 1043
322 11 2 3 1 748 766 758 777 851 852 796 1206 1068 1136
323 11 2 3 1 74 761 158 764 940 1221 572 1006 1265 1007
324 11 2 3 1 57 48 758 776 434 1227 1195 1194 952 1254
325 11 2 3 1 149 75 110 757 574 569 575 1095 1107 939
326 11 2 3 1 91 753 133 775 1240 1204 635 1241 1205 968
327 11 2 3 1 79 752 134 774 1242 1202 583 1243 1203 965
328 11 2 3 1 759 772 751 783 1135 1028 890 913 912 1266
329 11 2 3 1 133 91 90 753 635 634 636 1204 1114 1240
330 11 2 3 1 79 78 134 752 582 584 583 1242 1202 1115
331 11 2 3 1 50 771 48 776 1171 1228 431 1172 1254 1015
332 11 2 3 1 76 119 185 751 578 293 577 1174 1237 1267
333 11 2 3 1 98 120 47 768 356 427 429 1044 1268 1026
334 11 2 3 1 752 766 748 779 835 851 798 838 927 839
335 11 2 3 1 748 777 758 786 1206 1068 796 799 801 1269
336 11 2 3 1 13 751 119 772 1039 1267 289 1086 1270 1028
337 11 2 3 1 102 154 139 777 659 661 352 1210 1067 1066
338 11 2 3 1 57 138 776 777 486 1256 1194 1196 1197 1257
339 11 2 3 1 45 148 165 776 418 419 414 1048 1014 1093
340 11 2 3 1 761 773 751 783 945 983 980 1271 912 1272
341 11 2 3 1 164 765 760 787 1273 1069 1274 1275 1168 1225
342 11 2 3 1 749 772 759 783 1276 1135 878 997 913 1266
343 11 2 3 1 748 777 760 780 1206 1055 1166 1207 1159 1139
344 11 2 3 1 67 130 68 765 533 534 532 929 922 1277
345 11 2 3 1 125 53 52 764 453 444 454 1119 1248 1001
346 11 2 3 1 195 126 189 779 715 720 596 1082 1185 950
347 11 2 3 1 38 767 759 768 1247 960 1246 1278 891 1016
348 11 2 3 1 754 763 756 767 825 850 811 826 888 827
349 11 2 3 1 191 90 192 753 641 637 642 1100 1153 1114
350 11 2 3 1 188 78 189 752 590 585 591 1099 1156 1115
351 11 2 3 1 41 43 162 763 376 382 381 1279 848 1089
352 11 2 3 1 148 110 187 757 680 678 681 1092 1073 1107
353 11 2 3 1 157 140 98 772 654 358 652 1188 1045 1181
354 11 2 3 1 89 88 38 759 367 368 364 1245 1246 1219
355 11 2 3 1 108 45 44 773 404 402 403 1280 1078 1046
356 11 2 3 1 138 137 103 777 351 512 487 1257 1041 935
357 11 2 3 1 165 50 49 776 441 432 423 1014 1253 1172
358 11 2 3 1 42 763 159 782 1216 1281 392 1282 1283 1189
359 11 2 3 1 126 128 175 779 712 321 716 950 837 881
360 11 2 3 1 76 77 67 788 537 536 538 1175 1177 1284
361 11 2 3 1 155 139 154 766 328 661 723 1261 1063 1062
362 11 2 3 1 13 119 36 772 289 301 297 1086 1285 1270
363 11 2 3 1 31 124 197 769 334 337 338 1192 972 1125
364 11 2 3 1 110 146 147 764 570 450 677 1146 803 1286
365 11 2 3 1 185 751 12 788 1237 979 285 1238 1287 1176
366 11 2 3 1 748 780 760 782 1207 1159 1166 1165 1162 1164
367 11 2 3 1 42 159 117 782 392 393 388 1282 1288 1283
368 11 2 3 1 150 142 141 766 728 727 729 1289 858 1005
369 11 2 3 1 98 47 96 768 429 366 430 1044 1223 1268
370 11 2 3 1 763 782 42 785 1189 1282 1216 1215 1217 1290
371 11 2 3 1 171 158 172 784 460 573 740 1291 1235 1234
372 11 2 3 1 57 48 101 758 434 436 437 1195 1255 1227
373 11 2 3 1 756 765 760 786 923 1069 1208 815 1250 870
374 11 2 3 1 158 764 761 784 1265 1007 1221 1234 1236 1120
375 11 2 3 1 749 759 772 781 878 1135 1276 1191 1182 934
376 11 2 3 1 164 99 765 787 269 1292 1273 1275 1225 1293
377 11 2 3 1 194 85 760 782 618 1294 1295 1296 1162 1297
378 11 2 3 1 153 765 99 787 1091 1292 657 1224 1293 1225
379 11 2 3 1 170 761 14 781 1298 1299 306 1300 1301 1302
380 11 2 3 1 748 763 754 779 849 825 813 927 928 1102
381 11 2 3 1 758 771 757 776 961 959 953 952 818 1015
382 11 2 3 1 174 75 149 773 565 574 576 1123 1096 943
383 11 2 3 1 175 167 141 766 323 732 718 834 858 1303
384 11 2 3 1 104 135 763 787 622 1304 1109 1111 1113 1305
385 11 2 3 1 160 168 33 769 346 333 344 829 830 1306
386 11 2 3 1 94 120 119 751 428 357 579 1179 1267 1027
387 11 2 3 1 166 69 68 768 374 531 542 1009 925 1132
388 11 2 3 1 61 59 770 775 493 1147 920 988 1020 1148
389 11 2 3 1 76 94 119 751 539 579 578 1174 1267 1179
390 11 2 3 1 149 110 148 757 575 680 417 1095 1092 1107
391 11 2 3 1 192 90 92 753 637 632 638 1153 1057 1114
392 11 2 3 1 189 78 80 752 585 580 586 1156 1080 1115
393 11 2 3 1 146 110 74 764 570 568 571 1286 1006 1146
394 11 2 3 1 74 75 73 761 560 559 561 940 1307 941
395 11 2 3 1 68 130 153 765 534 544 543 922 1091 1277
396 11 2 3 1 42 782 117 785 1282 1288 388 1217 1308 1290
397 11 2 3 1 80 752 79 775 1080 1242 581 1144 1244 1019
398 11 2 3 1 92 753 91 774 1057 1240 633 1117 1239 1018
399 11 2 3 1 751 773 12 788 983 982 979 1176 1287 1097
400 11 2 3 1 39 166 40 768 371 370 360 1309 1129 1009
401 11 2 3 1 114 42 117 785 389 388 390 1310 1308 1217
402 11 2 3 1 111 192 122 769 690 691 688 894 1213 1212
403 11 2 3 1 159 782 763 787 1283 1189 1281 1311 1113 1169
404 11 2 3 1 152 104 756 787 665 1110 1025 1260 1112 1111
405 11 2 3 1 750 773 757 783 1077 944 817 990 1072 1272
406 11 2 3 1 57 102 138 777 484 350 486 1196 1257 1210
407 11 2 3 1 106 107 105 762 667 647 668 1312 1103 843
408 11 2 3 1 83 173 762 771 606 1108 1229 1230 976 1152
409 11 2 3 1 194 760 6 782 1295 1161 253 1296 1163 1162
410 11 2 3 1 28 780 766 785 1313 1138 918 919 889 1314
411 11 2 3 1 179 107 106 762 526 667 671 842 1312 843
412 11 2 3 1 759 768 751 772 891 864 890 1135 1028 1030
413 11 2 3 1 170 761 781 784 1298 1302 1300 1315 1000 1236
414 11 2 3 1 72 112 88 770 557 556 553 1316 1201 1034
415 11 2 3 1 73 75 174 761 559 565 564 1307 1122 941
416 11 2 3 1 748 760 777 786 1166 1055 1206 799 1269 1250
417 11 2 3 1 156 101 81 758 602 440 601 1023 1130 1255
418 11 2 3 1 92 90 91 753 632 634 633 1057 1240 1114
419 11 2 3 1 80 78 79 752 580 582 581 1080 1242 1115
420 11 2 3 1 13 12 119 751 24 290 289 1039 1267 979
421 11 2 3 1 83 82 173 771 598 207 606 1230 1152 1184
422 11 2 3 1 71 767 95 770 1199 1186 507 1200 1170 905
423 11 2 3 1 749 753 769 778 875 893 962 917 970 951
424 11 2 3 1 757 773 750 776 944 1077 817 818 819 1049
425 11 2 3 1 96 38 759 768 365 1246 1222 1223 891 1278
426 11 2 3 1 48 81 101 758 439 440 436 1227 1255 1130
427 11 2 3 1 185 119 12 751 293 290 285 1237 979 1267
428 11 2 3 1 9 8 100 765 20 263 264 793 1317 866
429 11 2 3 1 760 782 85 787 1162 1297 1294 1168 1318 1169
430 11 2 3 1 749 764 761 783 1264 1007 1319 997 1271 1320
431 11 2 3 1 760 765 750 786 1069 792 1053 1250 820 870
432 11 2 3 1 8 137 7 777 258 257 19 1054 1263 935
433 11 2 3 1 139 35 777 780 326 1321 1067 1137 1139 1322
434 11 2 3 1 104 135 136 763 622 383 662 1109 977 1304
435 11 2 3 1 175 28 167 766 322 315 323 834 1303 918
436 11 2 3 1 112 111 151 769 683 685 684 1033 1065 894
437 11 2 3 1 72 88 71 770 553 554 503 1316 1200 1201
438 11 2 3 1 193 174 13 761 302 291 300 1323 1040 1122
439 11 2 3 1 751 772 761 783 1028 1087 980 912 1271 1266
440 11 2 3 1 172 74 73 761 562 561 563 1220 1307 940
441 11 2 3 1 120 98 36 772 356 354 355 1029 1285 1045
442 11 2 3 1 41 162 136 763 381 385 384 1279 977 848
443 11 2 3 1 7 6 760 777 18 1161 1262 1263 1055 1218
444 11 2 3 1 754 775 752 779 969 1019 854 928 838 1145
445 11 2 3 1 95 71 89 767 507 555 219 1186 1233 1199
446 11 2 3 1 125 176 197 784 455 711 710 1106 974 1324
447 11 2 3 1 40 767 38 768 1128 1247 359 1129 1278 1016
448 11 2 3 1 151 168 160 769 692 346 739 1065 829 1306
449 11 2 3 1 121 6 780 782 246 1160 1325 1326 1164 1163
450 11 2 3 1 161 157 96 759 653 651 630 1121 1222 1133
451 11 2 3 1 28 128 116 785 320 319 318 919 1327 882
452 11 2 3 1 159 763 135 787 1281 1304 394 1311 1305 1113
453 11 2 3 1 764 778 749 784 1043 917 1264 1120 1143 975
454 11 2 3 1 31 199 3 781 232 231 230 1149 1328 1070
455 11 2 3 1 33 769 31 781 830 1192 330 832 1149 833
456 11 2 3 1 164 153 99 787 628 657 269 1275 1293 1224
457 11 2 3 1 142 150 156 766 728 733 603 1005 1024 1289
458 11 2 3 1 6 777 35 780 1218 1321 243 1160 1322 1139
459 11 2 3 1 88 96 38 759 369 365 368 1219 1246 1222
460 11 2 3 1 125 52 176 784 454 456 455 1106 1324 1249
461 11 2 3 1 57 49 48 776 420 433 434 1194 1254 1253
462 11 2 3 1 45 108 149 773 404 416 415 1046 1096 1280
463 11 2 3 1 755 774 753 778 947 1018 1008 916 951 1118
464 11 2 3 1 76 185 77 788 577 287 537 1175 1284 1238
465 11 2 3 1 46 44 45 776 400 402 401 1329 1048 909
466 11 2 3 1 761 764 757 783 1007 963 942 1271 1072 1320
467 11 2 3 1 145 11 12 788 284 23 283 1330 1287 1331
468 11 2 3 1 761 772 14 781 1087 1332 1299 1302 1301 1182
469 11 2 3 1 194 178 85 782 619 615 618 1296 1297 1333
470 11 2 3 1 5 121 6 780 245 246 17 1334 1160 1325
471 11 2 3 1 170 172 761 784 741 1220 1298 1315 1236 1235
472 11 2 3 1 124 769 122 778 1125 1213 705 1126 1226 970
473 11 2 3 1 15 170 14 781 305 306 26 1335 1301 1300
474 11 2 3 1 9 131 10 788 274 273 21 995 1252 1336
475 11 2 3 1 14 193 13 761 299 300 25 1299 1040 1323
476 11 2 3 1 63 10 109 788 271 279 281 994 1232 1252
477 11 2 3 1 111 122 177 769 688 687 689 894 1337 1213
478 11 2 3 1 124 177 122 769 335 687 705 1125 1213 1337
479 11 2 3 1 750 751 773 783 867 983 1077 990 1272 912
480 11 2 3 1 13 14 761 772 25 1299 1040 1086 1087 1332
481 11 2 3 1 131 765 67 788 1338 929 540 1336 1177 1085
482 11 2 3 1 99 100 8 765 268 263 267 1292 866 1317
483 11 2 3 1 751 765 750 788 868 792 867 1176 996 1085
484 11 2 3 1 9 765 131 788 793 1338 274 995 1336 1085
485 11 2 3 1 39 40 38 768 360 359 361 1309 1278 1129
486 11 2 3 1 138 103 57 776 487 424 486 1256 1194 1011
487 11 2 3 1 139 766 30 780 1062 1339 325 1137 1340 1138
488 11 2 3 1 105 143 106 762 670 669 668 1103 1312 1051
489 11 2 3 1 81 169 142 762 599 605 604 1131 1004 1341
490 11 2 3 1 77 131 67 788 282 540 536 1284 1177 1336
491 11 2 3 1 86 159 135 787 624 394 623 1342 1305 1311
492 11 2 3 1 47 120 94 768 427 428 425 1268 1180 1026
493 11 2 3 1 757 773 761 783 944 945 942 1072 1271 1272
494 11 2 3 1 145 12 773 788 283 982 1343 1330 1097 1287
495 11 2 3 1 763 779 748 785 1102 927 849 1215 1258 883
496 11 2 3 1 170 171 172 784 742 740 741 1315 1235 1291
497 11 2 3 1 760 765 756 787 1069 923 1208 1168 1112 1225
498 11 2 3 1 167 150 141 766 731 729 732 1303 858 1289
499 11 2 3 1 185 12 11 788 285 23 286 1238 1331 1287
500 11 2 3 1 178 782 159 787 1333 1283 625 1344 1311 1169
501 11 2 3 1 194 6 121 782 253 246 256 1296 1326 1163
502 11 2 3 1 79 774 132 775 1243 1345 594 1244 1346 1187
503 11 2 3 1 91 132 774 775 645 1345 1239 1241 1187 1346
504 11 2 3 1 82 48 50 771 435 431 201 1184 1171 1228
505 11 2 3 1 142 169 143 762 605 672 726 1004 1051 1341
506 11 2 3 1 83 169 81 762 600 599 597 1229 1131 1341
507 11 2 3 1 161 96 88 759 630 369 629 1121 1219 1222
508 11 2 3 1 12 174 144 773 292 296 294 982 1347 1123
509 11 2 3 1 766 780 748 785 1138 1207 851 889 1258 1314
510 11 2 3 1 118 114 117 785 698 390 700 1348 1308 1310
511 11 2 3 1 46 103 44 776 406 405 400 1329 909 1011
512 11 2 3 1 751 750 773 788 867 1077 983 1176 1097 996
513 11 2 3 1 199 197 176 784 340 711 745 1071 1324 974
514 11 2 3 1 193 14 170 761 299 306 308 1323 1298 1299
515 11 2 3 1 194 85 164 760 618 616 262 1295 1274 1294
516 11 2 3 1 178 159 86 787 625 624 614 1344 1342 1311
517 11 2 3 1 30 766 28 780 1339 918 313 1340 1313 1138
518 11 2 3 1 173 179 106 762 673 671 609 1108 1312 842
519 11 2 3 1 108 44 109 773 403 411 412 1280 1231 1078
520 11 2 3 1 194 7 6 760 254 18 253 1295 1161 1262
521 11 2 3 1 30 139 155 766 325 328 327 1339 1261 1062
522 11 2 3 1 96 47 38 768 366 363 365 1223 1278 1268
523 11 2 3 1 61 60 97 770 494 502 480 920 921 1349
524 11 2 3 1 186 181 2 767 224 223 216 887 1350 828
525 11 2 3 1 180 2 181 767 220 223 222 1038 828 1350
526 11 2 3 1 64 53 123 778 463 462 464 1173 1351 1042
527 11 2 3 1 100 131 9 765 276 274 264 1317 793 1338
528 11 2 3 1 85 782 178 787 1297 1333 615 1318 1344 1169
529 11 2 3 1 128 779 129 785 881 1259 701 882 1251 883
530 11 2 3 1 113 112 72 770 558 557 508 1084 1316 1034
531 11 2 3 1 29 139 30 780 324 325 314 1352 1340 1137
532 11 2 3 1 41 42 43 763 378 377 376 1279 1089 1216
533 11 2 3 1 123 70 64 778 519 517 464 1351 1173 1142
534 11 2 3 1 32 140 33 781 341 342 331 1353 832 1032
535 11 2 3 1 31 177 124 769 336 335 334 1192 1125 1337
536 11 2 3 1 748 782 763 785 1165 1189 849 1258 1215 1290
537 11 2 3 1 85 164 760 787 616 1274 1294 1318 1168 1275
538 11 2 3 1 59 60 61 770 495 494 493 1147 920 1349
539 11 2 3 1 118 117 782 785 700 1288 1354 1348 1290 1308
540 11 2 3 1 74 158 146 764 572 458 571 1006 1286 1265
541 11 2 3 1 7 137 34 777 257 261 251 1263 1355 935
542 11 2 3 1 53 51 52 764 443 445 444 1001 1248 1002
543 11 2 3 1 89 38 40 767 364 359 213 1233 1128 1247
544 11 2 3 1 123 196 70 778 552 550 519 1351 1142 1058
545 11 2 3 1 170 172 193 761 741 567 308 1298 1323 1220
546 11 2 3 1 125 123 53 778 466 462 453 1105 1042 1351
547 11 2 3 1 42 135 159 763 379 394 392 1216 1281 1304
548 11 2 3 1 102 139 35 777 352 326 347 1210 1321 1067
549 11 2 3 1 145 12 144 773 283 294 295 1343 1347 982
550 11 2 3 1 165 46 45 776 413 401 414 1014 1048 1329
551 11 2 3 1 170 781 190 784 1300 1356 310 1315 1357 1000
552 11 2 3 1 152 153 104 787 545 627 665 1260 1111 1224
553 11 2 3 1 95 2 180 767 218 220 221 1186 1038 1350
554 11 2 3 1 130 67 131 765 533 540 541 1277 1338 929
555 11 2 3 1 118 121 780 782 248 1325 1358 1354 1164 1326
556 11 2 3 1 164 87 153 787 617 626 628 1275 1224 1359
557 11 2 3 1 118 780 198 785 1358 1360 250 1348 1361 1314
558 11 2 3 1 7 164 8 760 259 260 19 1262 1052 1274
559 11 2 3 1 28 4 780 785 239 1362 1313 919 1314 1363
560 11 2 3 1 97 60 95 770 502 506 509 921 1170 1349
561 11 2 3 1 7 34 6 777 251 252 18 1263 1218 1355
562 11 2 3 1 149 144 174 773 676 296 576 1096 1123 1347
563 11 2 3 1 194 164 7 760 262 259 254 1295 1262 1274
564 11 2 3 1 33 168 31 769 333 332 330 830 1192 1306
565 11 2 3 1 186 2 40 767 216 215 217 887 1128 1350
566 11 2 3 1 28 115 4 785 241 240 239 919 1363 1364
567 11 2 3 1 183 182 1 771 210 208 211 1116 1365 1037
568 11 2 3 1 118 782 780 785 1354 1164 1358 1348 1314 1290
569 11 2 3 1 113 60 59 770 496 495 497 1084 1147 1349
570 11 2 3 1 200 781 199 784 1366 1070 233 1367 1071 1000
571 11 2 3 1 193 73 174 761 566 564 302 1323 1122 1307
572 11 2 3 1 1 182 173 771 208 209 206 1365 1152 1037
573 11 2 3 1 173 82 1 771 207 202 206 1152 1365 1184
574 11 2 3 1 42 114 129 785 389 391 387 1217 1251 1310
575 11 2 3 1 2 95 89 767 218 219 214 1350 1233 1186
576 11 2 3 1 118 5 198 780 249 237 250 1358 1360 1334
577 11 2 3 1 5 118 121 780 249 248 245 1334 1325 1358
578 11 2 3 1 166 39 69 768 371 372 374 1009 1132 1309
579 11 2 3 1 15 200 190 781 228 312 311 1335 1356 1366
580 11 2 3 1 183 1 187 771 211 204 212 1116 1074 1365
581 11 2 3 1 43 127 54 779 395 397 396 1101 1193 1368
582 11 2 3 1 54 127 58 779 397 473 471 1193 1155 1368
583 11 2 3 1 93 107 65 774 525 524 522 1369 987 946
584 11 2 3 1 61 55 84 775 478 476 479 988 1370 989
585 11 2 3 1 190 170 15 781 310 305 311 1356 1335 1300
586 11 2 3 1 124 123 125 778 706 466 709 1126 1105 1351
587 11 2 3 1 749 781 761 784 1191 1302 1319 1143 1236 1000
588 11 2 3 1 132 79 134 774 594 583 595 1345 1203 1243
589 11 2 3 1 91 133 132 775 635 610 645 1241 1346 1205
590 11 2 3 1 750 777 760 786 937 1055 1053 820 1250 1269
591 11 2 3 1 140 37 98 772 343 353 358 1181 1045 1371
592 11 2 3 1 51 147 146 764 451 450 447 1002 1286 803
593 11 2 3 1 171 52 158 784 459 457 460 1291 1234 1249
594 11 2 3 1 155 156 150 766 736 733 737 1261 1289 1024
595 11 2 3 1 194 121 178 782 256 703 619 1296 1333 1326
596 11 2 3 1 58 84 55 775 477 476 470 1151 989 1370
597 11 2 3 1 70 93 65 774 523 522 516 1140 987 1369
598 11 2 3 1 104 86 135 787 620 623 622 1111 1305 1342
599 11 2 3 1 106 143 169 762 669 672 607 1312 1341 1051
600 11 2 3 1 58 127 195 779 473 492 490 1155 1082 1368
601 11 2 3 1 122 196 123 778 708 552 707 1226 1351 1058
602 11 2 3 1 39 38 47 768 361 363 362 1309 1268 1278
603 11 2 3 1 116 128 129 785 319 701 699 1327 1251 882
604 11 2 3 1 6 35 5 780 243 244 17 1160 1334 1322
605 11 2 3 1 749 772 761 781 1276 1087 1319 1191 1302 1182
606 11 2 3 1 83 173 106 762 606 609 608 1229 1312 1108
607 11 2 3 1 37 15 14 781 304 26 303 1372 1301 1335
608 11 2 3 1 187 1 50 771 204 203 205 1074 1171 1365
609 11 2 3 1 99 153 130 765 657 544 656 1292 1277 1091
610 11 2 3 1 6 34 35 777 252 255 243 1218 1321 1355
611 11 2 3 1 52 764 158 784 1248 1265 457 1249 1234 1120
612 11 2 3 1 29 28 4 780 238 239 234 1352 1362 1313
613 11 2 3 1 69 47 94 768 373 425 426 1132 1180 1268
614 11 2 3 1 190 200 199 784 312 233 746 1357 1071 1367
615 11 2 3 1 167 28 30 766 315 313 316 1303 1339 918
616 11 2 3 1 129 127 43 779 399 395 386 1259 1101 1368
617 11 2 3 1 32 31 3 781 229 230 225 1353 1328 1149
618 11 2 3 1 1 82 50 771 202 201 203 1365 1171 1184
619 11 2 3 1 193 172 73 761 567 563 566 1323 1307 1220
620 11 2 3 1 118 198 115 785 250 242 697 1348 1364 1361
621 11 2 3 1 761 772 749 783 1087 1276 1319 1271 997 1266
622 11 2 3 1 28 116 115 785 318 317 241 919 1364 1327
623 11 2 3 1 168 151 111 769 692 685 693 1306 894 1065
624 11 2 3 1 60 71 95 770 505 507 506 1349 1170 1200
625 11 2 3 1 41 135 42 763 380 379 378 1279 1216 1304
626 11 2 3 1 124 122 123 778 705 707 706 1126 1351 1226
627 11 2 3 1 138 34 137 777 349 261 351 1257 935 1355
628 11 2 3 1 153 87 104 787 626 621 627 1224 1111 1359
629 11 2 3 1 89 40 2 767 213 215 214 1233 1350 1128
630 11 2 3 1 190 781 200 784 1356 1366 312 1357 1367 1000
631 11 2 3 1 58 80 84 775 488 489 477 1151 1370 1144
632 11 2 3 1 93 70 92 774 523 548 549 1369 1117 1140
633 11 2 3 1 105 107 93 774 647 525 648 1104 1369 946
634 11 2 3 1 61 84 59 775 479 498 493 988 1148 1370
635 11 2 3 1 57 103 46 776 424 406 422 1194 1329 1011
636 11 2 3 1 761 764 749 784 1007 1264 1319 1236 1143 1120
637 11 2 3 1 199 200 3 781 233 227 231 1070 1328 1366
638 11 2 3 1 37 772 140 781 1371 1181 343 1372 1032 1182
639 11 2 3 1 13 36 14 772 297 298 25 1086 1332 1285
640 11 2 3 1 29 30 28 780 314 313 238 1352 1313 1340
641 11 2 3 1 37 36 98 772 307 354 353 1371 1045 1285
642 11 2 3 1 32 33 31 781 331 330 229 1353 1149 832
643 11 2 3 1 49 46 165 776 421 413 423 1253 1014 1329
644 11 2 3 1 85 87 164 787 611 617 616 1318 1275 1359
645 11 2 3 1 113 72 60 770 508 504 496 1084 1349 1316
646 11 2 3 1 117 159 178 782 393 625 704 1288 1333 1283
647 11 2 3 1 145 773 109 788 1343 1231 288 1330 1232 1097
648 11 2 3 1 41 136 135 763 384 383 380 1279 1304 977
649 11 2 3 1 168 111 177 769 693 689 339 1306 1337 894
650 11 2 3 1 128 127 129 779 713 399 701 881 1259 1368
651 11 2 3 1 37 14 772 781 303 1332 1371 1372 1182 1301
652 11 2 3 1 127 126 195 779 714 715 492 1368 1082 950
653 11 2 3 1 86 85 178 787 613 615 614 1342 1344 1318
654 11 2 3 1 34 102 35 777 348 347 255 1355 1321 1210
655 11 2 3 1 167 30 155 766 316 327 329 1303 1261 1339
656 11 2 3 1 138 102 34 777 350 348 349 1257 1355 1210
657 11 2 3 1 144 149 108 773 676 416 675 1347 1280 1096
658 11 2 3 1 170 190 171 784 310 743 742 1315 1291 1357
659 11 2 3 1 57 46 49 776 422 421 420 1194 1253 1329
660 11 2 3 1 127 128 126 779 713 712 714 1368 950 881
661 11 2 3 1 146 158 52 764 458 457 446 1286 1248 1265
662 11 2 3 1 31 168 177 769 332 339 336 1192 1337 1306
663 11 2 3 1 84 80 79 775 489 581 592 1370 1244 1144
664 11 2 3 1 93 92 91 774 549 633 643 1369 1239 1117
665 11 2 3 1 51 146 52 764 447 446 445 1002 1248 1286
666 11 2 3 1 47 69 39 768 373 372 362 1268 1309 1132
667 11 2 3 1 11 145 109 788 284 288 280 1331 1232 1330
668 11 2 3 1 118 117 121 782 700 702 248 1354 1326 1288
669 11 2 3 1 134 105 93 774 649 648 650 1203 1369 1104
670 11 2 3 1 59 84 133 775 498 500 499 1148 1205 1370
671 11 2 3 1 199 176 190 784 745 744 746 1071 1357 1324
672 11 2 3 1 169 83 106 762 600 608 607 1341 1312 1229
673 11 2 3 1 114 118 115 785 698 697 696 1310 1364 1348
674 11 2 3 1 60 72 71 770 504 503 505 1349 1200 1316
675 11 2 3 1 132 133 84 775 610 500 593 1346 1370 1205
676 11 2 3 1 132 134 93 774 595 650 644 1345 1369 1203
677 11 2 3 1 171 176 52 784 461 456 459 1291 1249 1324
678 11 2 3 1 37 14 36 772 303 298 307 1371 1285 1332
679 11 2 3 1 79 132 84 775 594 593 592 1244 1370 1346
680 11 2 3 1 93 91 132 774 643 645 644 1369 1345 1239
681 11 2 3 1 155 150 167 766 737 731 329 1261 1303 1289
682 11 2 3 1 11 109 10 788 280 279 22 1331 1252 1232
683 11 2 3 1 130 131 100 765 541 276 655 1277 1317 1338
684 11 2 3 1 145 108 109 773 674 412 288 1343 1231 1280
685 11 2 3 1 185 11 77 788 286 278 287 1238 1284 1331
686 11 2 3 1 35 139 29 780 326 324 247 1322 1352 1137
687 11 2 3 1 37 140 32 781 343 341 309 1372 1353 1032
688 11 2 3 1 178 121 117 782 703 702 704 1333 1288 1326
689 11 2 3 1 4 198 5 780 236 237 16 1362 1334 1360
690 11 2 3 1 3 200 15 781 227 228 27 1328 1335 1366
691 11 2 3 1 780 782 748 785 1164 1165 1207 1314 1258 1290
692 11 2 3 1 99 130 100 765 656 655 268 1292 1317 1277
693 11 2 3 1 35 29 5 780 247 235 244 1322 1334 1352
694 11 2 3 1 37 32 15 781 309 226 304 1372 1335 1353
695 11 2 3 1 10 131 77 788 273 282 277 1252 1284 1336
696 11 2 3 1 104 87 86 787 621 612 620 1111 1342 1359
697 11 2 3 1 145 144 108 773 295 675 674 1343 1280 1347
698 11 2 3 1 86 87 85 787 612 611 613 1342 1318 1359
699 11 2 3 1 10 77 11 788 277 278 22 1252 1331 1284
700 11 2 3 1 116 129 114 785 699 391 695 1327 1310 1251
701 11 2 3 1 171 190 176 784 743 744 461 1291 1324 1357
702 11 2 3 1 115 116 114 785 317 695 696 1364 1310 1327
703 11 2 3 1 29 4 5 780 234 16 235 1352 1334 1362
704 11 2 3 1 15 32 3 781 226 225 27 1335 1328 1353
705 11 2 3 1 771 163 147 183 1098 452 807 1116 735 734
706 11 2 3 1 771 147 163 755 807 452 1098 805 845 802
707 11 2 3 1 776 62 777 103 910 936 1197 1011 1041 410
708 11 2 3 1 776 777 62 750 1197 936 910 819 794 937
709 11 2 3 1 763 186 104 756 886 663 1109 850 1110 885
710 11 2 3 1 763 104 186 136 1109 663 886 977 664 662
711 11 2 3 1 776 786 777 750 821 1269 1197 819 937 820
712 11 2 3 1 777 786 776 758 1269 821 1197 1068 952 801
713 11 2 3 1 768 152 767 756 1010 1373 1016 865 888 1025
714 11 2 3 1 768 767 152 166 1016 1373 1010 1009 547 1127
715 11 2 3 1 186 767 152 756 887 1373 666 885 1025 888
716 11 2 3 1 186 152 767 166 666 1373 887 375 1127 547
717 11 2 3 1 92 778 70 196 1059 1142 548 551 550 1058
718 11 2 3 1 70 778 92 774 1142 1059 548 1140 1117 1118
719 11 2 3 1 779 80 58 775 1081 488 1155 1145 1151 1144
720 11 2 3 1 779 58 80 195 1155 488 1081 1082 491 490
721 11 2 3 1 786 783 757 747 991 1072 822 810 957 911
722 11 2 3 1 786 757 783 750 822 1072 991 820 990 817
723 11 2 3 1 772 119 120 751 1270 357 1029 1028 1027 1267
724 11 2 3 1 772 120 119 36 1029 357 1270 1285 301 355
725 11 2 3 1 783 764 755 749 1320 804 998 997 914 1264
726 11 2 3 1 783 755 764 757 998 804 1320 1072 963 956
727 11 2 3 1 765 164 8 99 1273 260 866 1292 267 269
728 11 2 3 1 765 8 164 760 866 260 1273 1069 1274 1052
729 11 2 3 1 785 4 198 115 1363 236 1361 1364 242 240
730 11 2 3 1 785 198 4 780 1361 236 1363 1314 1362 1360
$EndElements
