0.00000000e+00,0.00000000e+00,0.00000000e+00,0.00000000e+00,0.00000000e+00
0.00000000e+00,0.00000000e+00,0.00000000e+00,0.00000000e+00,0.00000000e+00
0.00000000e+00,0.00000000e+00,0.00000000e+00,0.00000000e+00,0.00000000e+00
0.00000000e+00,0.00000000e+00,0.00000000e+00,0.00000000e+00,0.00000000e+00
0.00000000e+00,3.92108143e-07,7.84205218e-07,1.17630157e-06,1.56840209e-06
0.00000000e+00,4.01245393e-07,8.02468239e-07,1.20370508e-06,1.60494010e-06
0.00000000e+00,8.21286170e-07,1.64255063e-06,2.46386742e-06,3.28515655e-06
0.00000000e+00,8.01955484e-07,1.60389572e-06,2.40581159e-06,3.20774879e-06
0.00000000e+00,0.00000000e+00,0.00000000e+00,0.00000000e+00,0.00000000e+00
0.00000000e+00,0.00000000e+00,0.00000000e+00,0.00000000e+00,0.00000000e+00
0.00000000e+00,0.00000000e+00,0.00000000e+00,0.00000000e+00,0.00000000e+00
0.00000000e+00,0.00000000e+00,0.00000000e+00,0.00000000e+00,0.00000000e+00
0.00000000e+00,2.13954612e-07,4.27903506e-07,6.41855349e-07,8.55807131e-07
0.00000000e+00,2.20323444e-07,4.40637468e-07,6.60961186e-07,8.81281582e-07
0.00000000e+00,4.54637199e-07,9.09264101e-07,1.36389640e-06,1.81852854e-06
0.00000000e+00,4.40107291e-07,8.80208255e-07,1.32031206e-06,1.76041608e-06
0.00000000e+00,3.95708495e-07,7.91399960e-07,1.18709755e-06,1.58279674e-06
0.00000000e+00,6.07037219e-07,1.21405312e-06,1.82110257e-06,2.42813676e-06
0.00000000e+00,8.09727015e-07,1.61943645e-06,2.42915907e-06,3.23887876e-06
0.00000000e+00,5.93102266e-07,1.18619246e-06,1.77926913e-06,2.37235884e-06
0.00000000e+00,5.79351414e-07,1.15867891e-06,1.73799947e-06,2.31733263e-06
0.00000000e+00,5.80067530e-07,1.16009296e-06,1.74014355e-06,2.32019140e-06
0.00000000e+00,1.16043639e-06,2.32082959e-06,3.48131364e-06,4.64175152e-06
0.00000000e+00,1.15995804e-06,2.31988894e-06,3.47977286e-06,4.63969715e-06
0.00000000e+00,5.12982621e-07,1.02594627e-06,1.53891652e-06,2.05188869e-06
0.00000000e+00,5.18565309e-07,1.03709732e-06,1.55565169e-06,2.07420225e-06
0.00000000e+00,1.04761040e-06,2.09518549e-06,3.14277028e-06,4.19036038e-06
0.00000000e+00,1.03704398e-06,2.07406626e-06,3.11109592e-06,4.14812789e-06
0.00000000e+00,5.79747647e-07,1.15946339e-06,1.73918878e-06,2.31891838e-06
0.00000000e+00,8.70491337e-07,1.74094231e-06,2.61145293e-06,3.48193724e-06
0.00000000e+00,1.16042539e-06,2.32081435e-06,3.48121977e-06,4.64162636e-06
0.00000000e+00,8.69585953e-07,1.73914895e-06,2.60868375e-06,3.47824500e-06
0.00000000e+00,6.16159739e-07,1.23229994e-06,1.84843827e-06,2.46458437e-06
0.00000000e+00,6.12751062e-07,1.22545202e-06,1.83818542e-06,2.45091389e-06
0.00000000e+00,1.21901858e-06,2.43797720e-06,3.65704644e-06,4.87606192e-06
0.00000000e+00,1.22580560e-06,2.45159682e-06,3.67734073e-06,4.90312097e-06
0.00000000e+00,6.08163363e-07,1.21630080e-06,1.82444794e-06,2.43259726e-06
0.00000000e+00,6.05879334e-07,1.21171235e-06,1.81757623e-06,2.42343497e-06
0.00000000e+00,1.20656870e-06,2.41308923e-06,3.61962401e-06,4.82616534e-06
0.00000000e+00,1.21168414e-06,2.42333860e-06,3.63500487e-06,4.84667317e-06
0.00000000e+00,6.14805871e-07,1.22957794e-06,1.84436542e-06,2.45915389e-06
0.00000000e+00,9.17383237e-07,1.83471145e-06,2.75211034e-06,3.66948046e-06
0.00000000e+00,1.22300020e-06,2.44596542e-06,3.66895766e-06,4.89194354e-06
0.00000000e+00,9.22565053e-07,1.84511650e-06,2.76764342e-06,3.69019122e-06
0.00000000e+00,5.79345097e-07,1.15867274e-06,1.73799947e-06,2.31733263e-06
0.00000000e+00,5.80068281e-07,1.16009268e-06,1.74014355e-06,2.32019140e-06
0.00000000e+00,1.16046066e-06,2.32085008e-06,3.48131364e-06,4.64175152e-06
0.00000000e+00,1.15993340e-06,2.31986618e-06,3.47977286e-06,4.63969715e-06
0.00000000e+00,6.08163076e-07,1.21630016e-06,1.82444794e-06,2.43259726e-06
0.00000000e+00,6.05880143e-07,1.21171264e-06,1.81757623e-06,2.42343497e-06
0.00000000e+00,1.20656519e-06,2.41308572e-06,3.61962401e-06,4.82616534e-06
0.00000000e+00,1.21168557e-06,2.42333948e-06,3.63500487e-06,4.84667317e-06
0.00000000e+00,5.79744481e-07,1.15945972e-06,1.73918878e-06,2.31891838e-06
0.00000000e+00,8.70506230e-07,1.74095463e-06,2.61145293e-06,3.48193724e-06
0.00000000e+00,1.16042017e-06,2.32080856e-06,3.48121977e-06,4.64162636e-06
0.00000000e+00,8.69573327e-07,1.73913708e-06,2.60868375e-06,3.47824500e-06
0.00000000e+00,3.92101526e-07,7.84198385e-07,1.17630157e-06,1.56840209e-06
0.00000000e+00,4.01239279e-07,8.02461383e-07,1.20370508e-06,1.60494010e-06
0.00000000e+00,8.21295392e-07,1.64255913e-06,2.46386742e-06,3.28515655e-06
0.00000000e+00,8.01938384e-07,1.60387948e-06,2.40581159e-06,3.20774879e-06
0.00000000e+00,5.12981934e-07,1.02594480e-06,1.53891652e-06,2.05188869e-06
0.00000000e+00,5.18565009e-07,1.03709616e-06,1.55565169e-06,2.07420225e-06
0.00000000e+00,1.04760578e-06,2.09518020e-06,3.14277028e-06,4.19036038e-06
0.00000000e+00,1.03703973e-06,2.07406138e-06,3.11109592e-06,4.14812789e-06
0.00000000e+00,3.95700836e-07,7.91391951e-07,1.18709755e-06,1.58279674e-06
0.00000000e+00,6.07040245e-07,1.21405556e-06,1.82110257e-06,2.42813676e-06
0.00000000e+00,8.09725001e-07,1.61943470e-06,2.42915907e-06,3.23887876e-06
0.00000000e+00,5.93087866e-07,1.18617822e-06,1.77926913e-06,2.37235884e-06
0.00000000e+00,0.00000000e+00,0.00000000e+00,0.00000000e+00,0.00000000e+00
0.00000000e+00,0.00000000e+00,0.00000000e+00,0.00000000e+00,0.00000000e+00
0.00000000e+00,0.00000000e+00,0.00000000e+00,0.00000000e+00,0.00000000e+00
0.00000000e+00,0.00000000e+00,0.00000000e+00,0.00000000e+00,0.00000000e+00
0.00000000e+00,2.13951518e-07,4.27900282e-07,6.41855349e-07,8.55807131e-07
0.00000000e+00,2.20323091e-07,4.40636959e-07,6.60961186e-07,8.81281582e-07
0.00000000e+00,4.54634472e-07,9.09261092e-07,1.36389640e-06,1.81852854e-06
0.00000000e+00,4.40105048e-07,8.80205733e-07,1.32031206e-06,1.76041608e-06
0.00000000e+00,0.00000000e+00,0.00000000e+00,0.00000000e+00,0.00000000e+00
0.00000000e+00,0.00000000e+00,0.00000000e+00,0.00000000e+00,0.00000000e+00
0.00000000e+00,0.00000000e+00,0.00000000e+00,0.00000000e+00,0.00000000e+00
0.00000000e+00,0.00000000e+00,0.00000000e+00,0.00000000e+00,0.00000000e+00
0.00000000e+00,0.00000000e+00,0.00000000e+00,0.00000000e+00,0.00000000e+00
0.00000000e+00,0.00000000e+00,0.00000000e+00,0.00000000e+00,0.00000000e+00
0.00000000e+00,3.89286863e-07,7.78573028e-07,1.16786125e-06,1.55714833e-06
0.00000000e+00,7.95736761e-07,1.59146371e-06,2.38718460e-06,3.18291281e-06
0.00000000e+00,0.00000000e+00,0.00000000e+00,0.00000000e+00,0.00000000e+00
0.00000000e+00,0.00000000e+00,0.00000000e+00,0.00000000e+00,0.00000000e+00
0.00000000e+00,0.00000000e+00,0.00000000e+00,0.00000000e+00,0.00000000e+00
0.00000000e+00,2.11868268e-07,4.23735339e-07,6.35602222e-07,8.47469630e-07
0.00000000e+00,4.35704300e-07,8.71405932e-07,1.30710589e-06,1.74280786e-06
0.00000000e+00,3.89855360e-07,7.79703961e-07,1.16955279e-06,1.55940372e-06
0.00000000e+00,7.97218032e-07,1.59442406e-06,2.39161428e-06,3.18881904e-06
0.00000000e+00,5.88681539e-07,1.17735794e-06,1.76603315e-06,2.35471087e-06
0.00000000e+00,5.78944211e-07,1.15788045e-06,1.73681602e-06,2.31575469e-06
0.00000000e+00,1.15960868e-06,2.31919886e-06,3.47878293e-06,4.63837724e-06
0.00000000e+00,5.11100462e-07,1.02219377e-06,1.53328513e-06,2.04438018e-06
0.00000000e+00,1.03331049e-06,2.06660672e-06,3.09989542e-06,4.13319389e-06
0.00000000e+00,5.79068221e-07,1.15812041e-06,1.73716982e-06,2.31622643e-06
0.00000000e+00,1.15974220e-06,2.31946514e-06,3.47916248e-06,4.63888330e-06
0.00000000e+00,8.69115282e-07,1.73821635e-06,2.60731394e-06,3.47641858e-06
0.00000000e+00,6.17219311e-07,1.23442867e-06,1.85163780e-06,2.46885040e-06
0.00000000e+00,1.22797291e-06,2.45593035e-06,3.68388548e-06,4.91184731e-06
0.00000000e+00,6.08881161e-07,1.21775223e-06,1.82662217e-06,2.43549623e-06
0.00000000e+00,1.21330688e-06,2.42659948e-06,3.63988667e-06,4.85318222e-06
0.00000000e+00,6.17049179e-07,1.23408447e-06,1.85112021e-06,2.46816028e-06
0.00000000e+00,1.22751079e-06,2.45500786e-06,3.68247945e-06,4.90997260e-06
0.00000000e+00,9.24195733e-07,1.84837777e-06,2.77255844e-06,3.69674458e-06
0.00000000e+00,5.78941181e-07,1.15787697e-06,1.73681602e-06,2.31575469e-06
0.00000000e+00,1.15959383e-06,2.31918470e-06,3.47878293e-06,4.63837724e-06
0.00000000e+00,6.08879233e-07,1.21775001e-06,1.82662217e-06,2.43549623e-06
0.00000000e+00,1.21330154e-06,2.42659411e-06,3.63988667e-06,4.85318222e-06
0.00000000e+00,5.79063068e-07,1.15811531e-06,1.73716982e-06,2.31622643e-06
0.00000000e+00,1.15972553e-06,2.31944948e-06,3.47916248e-06,4.63888330e-06
0.00000000e+00,8.69104404e-07,1.73820579e-06,2.60731394e-06,3.47641858e-06
0.00000000e+00,3.89293143e-07,7.78578004e-07,1.16786125e-06,1.55714833e-06
0.00000000e+00,7.95717194e-07,1.59144421e-06,2.38718460e-06,3.18291281e-06
0.00000000e+00,5.11098613e-07,1.02219110e-06,1.53328513e-06,2.04438018e-06
0.00000000e+00,1.03330023e-06,2.06659632e-06,3.09989542e-06,4.13319389e-06
0.00000000e+00,3.89853123e-07,7.79701217e-07,1.16955279e-06,1.55940372e-06
0.00000000e+00,7.97205248e-07,1.59441131e-06,2.39161428e-06,3.18881904e-06
0.00000000e+00,5.88676736e-07,1.17735256e-06,1.76603315e-06,2.35471087e-06
0.00000000e+00,0.00000000e+00,0.00000000e+00,0.00000000e+00,0.00000000e+00
0.00000000e+00,0.00000000e+00,0.00000000e+00,0.00000000e+00,0.00000000e+00
0.00000000e+00,2.11868564e-07,4.23735102e-07,6.35602222e-07,8.47469630e-07
0.00000000e+00,4.35700277e-07,8.71401572e-07,1.30710589e-06,1.74280786e-06
0.00000000e+00,0.00000000e+00,0.00000000e+00,0.00000000e+00,0.00000000e+00
0.00000000e+00,0.00000000e+00,0.00000000e+00,0.00000000e+00,0.00000000e+00
0.00000000e+00,0.00000000e+00,0.00000000e+00,0.00000000e+00,0.00000000e+00
0.00000000e+00,0.00000000e+00,0.00000000e+00,0.00000000e+00,0.00000000e+00
0.00000000e+00,0.00000000e+00,0.00000000e+00,0.00000000e+00,0.00000000e+00
0.00000000e+00,3.92099749e-07,7.84202080e-07,1.17630157e-06,1.56840209e-06
0.00000000e+00,8.01954289e-07,1.60388716e-06,2.40581159e-06,3.20774879e-06
0.00000000e+00,0.00000000e+00,0.00000000e+00,0.00000000e+00,0.00000000e+00
0.00000000e+00,0.00000000e+00,0.00000000e+00,0.00000000e+00,0.00000000e+00
0.00000000e+00,0.00000000e+00,0.00000000e+00,0.00000000e+00,0.00000000e+00
0.00000000e+00,2.13950464e-07,4.27904299e-07,6.41855349e-07,8.55807131e-07
0.00000000e+00,4.40103272e-07,8.80209509e-07,1.32031206e-06,1.76041608e-06
0.00000000e+00,3.89851030e-07,7.79702310e-07,1.16955279e-06,1.55940372e-06
0.00000000e+00,7.97216719e-07,1.59441823e-06,2.39161428e-06,3.18881904e-06
0.00000000e+00,5.93098001e-07,1.18618617e-06,1.77926913e-06,2.37235884e-06
0.00000000e+00,5.79335227e-07,1.15867022e-06,1.73799947e-06,2.31733263e-06
0.00000000e+00,1.15995359e-06,2.31986848e-06,3.47977286e-06,4.63969715e-06
0.00000000e+00,5.12971751e-07,1.02594802e-06,1.53891652e-06,2.05188869e-06
0.00000000e+00,1.03703472e-06,2.07407107e-06,3.11109592e-06,4.14812789e-06
0.00000000e+00,5.79061007e-07,1.15811700e-06,1.73716982e-06,2.31622643e-06
0.00000000e+00,1.15974043e-06,2.31945412e-06,3.47916248e-06,4.63888330e-06
0.00000000e+00,8.69576801e-07,1.73913373e-06,2.60868375e-06,3.47824500e-06
0.00000000e+00,6.16145246e-07,1.23229319e-06,1.84843827e-06,2.46458437e-06
0.00000000e+00,1.22579712e-06,2.45156781e-06,3.67734073e-06,4.90312097e-06
0.00000000e+00,6.08147736e-07,1.21630263e-06,1.82444794e-06,2.43259726e-06
0.00000000e+00,1.21167052e-06,2.42334389e-06,3.63500487e-06,4.84667317e-06
0.00000000e+00,6.17041374e-07,1.23408072e-06,1.85112021e-06,2.46816028e-06
0.00000000e+00,1.22750793e-06,2.45499319e-06,3.68247945e-06,4.90997260e-06
0.00000000e+00,9.22554426e-07,1.84509768e-06,2.76764342e-06,3.69019122e-06
0.00000000e+00,5.79330598e-07,1.15866514e-06,1.73799947e-06,2.31733263e-06
0.00000000e+00,1.15992962e-06,2.31984521e-06,3.47977286e-06,4.63969715e-06
0.00000000e+00,6.08147162e-07,1.21630076e-06,1.82444794e-06,2.43259726e-06
0.00000000e+00,1.21166935e-06,2.42334209e-06,3.63500487e-06,4.84667317e-06
0.00000000e+00,5.79055959e-07,1.15811166e-06,1.73716982e-06,2.31622643e-06
0.00000000e+00,1.15972548e-06,2.31943952e-06,3.47916248e-06,4.63888330e-06
0.00000000e+00,8.69564532e-07,1.73912135e-06,2.60868375e-06,3.47824500e-06
0.00000000e+00,3.92092123e-07,7.84193932e-07,1.17630157e-06,1.56840209e-06
0.00000000e+00,8.01928521e-07,1.60386215e-06,2.40581159e-06,3.20774879e-06
0.00000000e+00,5.12965880e-07,1.02594218e-06,1.53891652e-06,2.05188869e-06
0.00000000e+00,1.03702465e-06,2.07406058e-06,3.11109592e-06,4.14812789e-06
0.00000000e+00,3.89846379e-07,7.79697156e-07,1.16955279e-06,1.55940372e-06
0.00000000e+00,7.97201210e-07,1.59440305e-06,2.39161428e-06,3.18881904e-06
0.00000000e+00,5.93081157e-07,1.18616943e-06,1.77926913e-06,2.37235884e-06
0.00000000e+00,0.00000000e+00,0.00000000e+00,0.00000000e+00,0.00000000e+00
0.00000000e+00,0.00000000e+00,0.00000000e+00,0.00000000e+00,0.00000000e+00
0.00000000e+00,2.13949698e-07,4.27902898e-07,6.41855349e-07,8.55807131e-07
0.00000000e+00,4.40098398e-07,8.80204273e-07,1.32031206e-06,1.76041608e-06
0.00000000e+00,0.00000000e+00,0.00000000e+00,0.00000000e+00,0.00000000e+00
0.00000000e+00,0.00000000e+00,0.00000000e+00,0.00000000e+00,0.00000000e+00
0.00000000e+00,0.00000000e+00,0.00000000e+00,0.00000000e+00,0.00000000e+00
0.00000000e+00,0.00000000e+00,0.00000000e+00,0.00000000e+00,0.00000000e+00
0.00000000e+00,0.00000000e+00,0.00000000e+00,0.00000000e+00,0.00000000e+00
0.00000000e+00,4.01228644e-07,8.02474218e-07,1.20370508e-06,1.60494010e-06
0.00000000e+00,8.21254944e-07,1.64256452e-06,2.46386742e-06,3.28515655e-06
0.00000000e+00,0.00000000e+00,0.00000000e+00,0.00000000e+00,0.00000000e+00
0.00000000e+00,0.00000000e+00,0.00000000e+00,0.00000000e+00,0.00000000e+00
0.00000000e+00,0.00000000e+00,0.00000000e+00,0.00000000e+00,0.00000000e+00
0.00000000e+00,2.20314399e-07,4.40640172e-07,6.60961186e-07,8.81281582e-07
0.00000000e+00,4.54628461e-07,9.09265029e-07,1.36389640e-06,1.81852854e-06
0.00000000e+00,3.95694704e-07,7.91400105e-07,1.18709755e-06,1.58279674e-06
0.00000000e+00,8.09712473e-07,1.61943957e-06,2.42915907e-06,3.23887876e-06
0.00000000e+00,6.07013942e-07,1.21406345e-06,1.82110257e-06,2.42813676e-06
0.00000000e+00,5.80034002e-07,1.16009889e-06,1.74014355e-06,2.32019140e-06
0.00000000e+00,1.16039242e-06,2.32086260e-06,3.48131364e-06,4.64175152e-06
0.00000000e+00,5.18539697e-07,1.03710323e-06,1.55565169e-06,2.07420225e-06
0.00000000e+00,1.04758707e-06,2.09518789e-06,3.14277028e-06,4.19036038e-06
0.00000000e+00,5.79722837e-07,1.15946158e-06,1.73918878e-06,2.31891838e-06
0.00000000e+00,1.16040041e-06,2.32081745e-06,3.48121977e-06,4.64162636e-06
0.00000000e+00,8.70455361e-07,1.74096396e-06,2.61145293e-06,3.48193724e-06
0.00000000e+00,6.12710013e-07,1.22545775e-06,1.83818542e-06,2.45091389e-06
0.00000000e+00,1.21897827e-06,2.43802946e-06,3.65704644e-06,4.87606192e-06
0.00000000e+00,6.05841007e-07,1.21171750e-06,1.81757623e-06,2.42343497e-06
0.00000000e+00,1.20653435e-06,2.41308935e-06,3.61962401e-06,4.82616534e-06
0.00000000e+00,6.14779216e-07,1.22957783e-06,1.84436542e-06,2.45915389e-06
0.00000000e+00,1.22297970e-06,2.44597737e-06,3.66895766e-06,4.89194354e-06
0.00000000e+00,9.17342344e-07,1.83473950e-06,2.75211034e-06,3.66948046e-06
0.00000000e+00,5.80038084e-07,1.16010194e-06,1.74014355e-06,2.32019140e-06
0.00000000e+00,1.16042150e-06,2.32088942e-06,3.48131364e-06,4.64175152e-06
0.00000000e+00,6.05847037e-07,1.21172225e-06,1.81757623e-06,2.42343497e-06
0.00000000e+00,1.20653569e-06,2.41309023e-06,3.61962401e-06,4.82616534e-06
0.00000000e+00,5.79722201e-07,1.15946018e-06,1.73918878e-06,2.31891838e-06
0.00000000e+00,1.16040096e-06,2.32081728e-06,3.48121977e-06,4.64162636e-06
0.00000000e+00,8.70472353e-07,1.74097913e-06,2.61145293e-06,3.48193724e-06
0.00000000e+00,4.01223326e-07,8.02467631e-07,1.20370508e-06,1.60494010e-06
0.00000000e+00,8.21271140e-07,1.64257731e-06,2.46386742e-06,3.28515655e-06
0.00000000e+00,5.18537833e-07,1.03710138e-06,1.55565169e-06,2.07420225e-06
0.00000000e+00,1.04757749e-06,2.09517800e-06,3.14277028e-06,4.19036038e-06
0.00000000e+00,3.95686451e-07,7.91391003e-07,1.18709755e-06,1.58279674e-06
0.00000000e+00,8.09710871e-07,1.61943638e-06,2.42915907e-06,3.23887876e-06
0.00000000e+00,6.07020381e-07,1.21406721e-06,1.82110257e-06,2.42813676e-06
0.00000000e+00,0.00000000e+00,0.00000000e+00,0.00000000e+00,0.00000000e+00
0.00000000e+00,0.00000000e+00,0.00000000e+00,0.00000000e+00,0.00000000e+00
0.00000000e+00,2.20314957e-07,4.40640189e-07,6.60961186e-07,8.81281582e-07
0.00000000e+00,4.54624215e-07,9.09260476e-07,1.36389640e-06,1.81852854e-06
0.00000000e+00,0.00000000e+00,0.00000000e+00,0.00000000e+00,0.00000000e+00
0.00000000e+00,0.00000000e+00,0.00000000e+00,0.00000000e+00,0.00000000e+00
0.00000000e+00,0.00000000e+00,0.00000000e+00,0.00000000e+00,0.00000000e+00
0.00000000e+00,0.00000000e+00,0.00000000e+00,0.00000000e+00,0.00000000e+00
0.00000000e+00,0.00000000e+00,0.00000000e+00,0.00000000e+00,0.00000000e+00
0.00000000e+00,5.62207134e-12,-1.07890641e-12,3.94283122e-18,5.57790235e-18
0.00000000e+00,9.55937747e-12,-1.82559308e-12,5.36558100e-18,5.57933071e-18
0.00000000e+00,0.00000000e+00,0.00000000e+00,0.00000000e+00,0.00000000e+00
0.00000000e+00,0.00000000e+00,0.00000000e+00,0.00000000e+00,0.00000000e+00
0.00000000e+00,0.00000000e+00,0.00000000e+00,0.00000000e+00,0.00000000e+00
0.00000000e+00,2.00429415e-12,-9.16730501e-13,1.59381740e-18,2.19383853e-18
0.00000000e+00,5.34320161e-12,-5.26947686e-13,2.64504336e-18,2.54540158e-18
0.00000000e+00,8.49363469e-12,-9.04932161e-13,4.75343274e-18,5.46755648e-18
0.00000000e+00,1.99345107e-07,3.98667537e-07,5.98001558e-07,7.97335410e-07
0.00000000e+00,1.94840770e-07,3.89669909e-07,5.84504115e-07,7.79338820e-07
0.00000000e+00,1.05099489e-11,-1.96247298e-12,7.40241482e-18,8.89266406e-18
0.00000000e+00,1.77322587e-11,-2.56946597e-12,1.01020642e-17,9.65239747e-18
0.00000000e+00,7.30613903e-12,-1.41999174e-12,4.78673719e-18,6.67508118e-18
0.00000000e+00,1.67683200e-11,-3.27052830e-13,7.59952433e-18,7.25212345e-18
0.00000000e+00,1.48335746e-11,-1.88197021e-12,8.17612798e-18,8.47703742e-18
0.00000000e+00,2.89998950e-07,5.79955214e-07,8.69930754e-07,1.15990767e-06
0.00000000e+00,2.89571429e-07,5.79117981e-07,8.68669797e-07,1.15822640e-06
0.00000000e+00,1.12336974e-11,-3.36136085e-12,5.75330912e-18,8.11106942e-18
0.00000000e+00,2.20029910e-11,-1.55008710e-12,1.21958723e-17,1.15368052e-17
0.00000000e+00,9.57588963e-12,-2.86900923e-12,6.01670606e-18,8.56904665e-18
0.00000000e+00,2.22387987e-11,-1.51405300e-12,1.02920586e-17,9.20634914e-18
0.00000000e+00,1.65942965e-11,-2.82650879e-12,8.60778630e-18,9.09649713e-18
0.00000000e+00,3.06928783e-07,6.13808137e-07,9.20710842e-07,1.22761446e-06
0.00000000e+00,3.08615226e-07,6.17206474e-07,9.25807894e-07,1.23441052e-06
0.00000000e+00,1.11237933e-11,-2.04658029e-12,6.55532410e-18,8.98432000e-18
0.00000000e+00,1.74651303e-11,-3.35638567e-12,8.69441396e-18,7.27343673e-18
0.00000000e+00,9.93958984e-12,-2.75285163e-12,5.72341510e-18,8.29190864e-18
0.00000000e+00,2.32093843e-11,-9.31877365e-13,9.69954003e-18,8.07057644e-18
0.00000000e+00,1.52985201e-11,-1.92783378e-12,7.38212946e-18,7.68654597e-18
0.00000000e+00,2.89996500e-07,5.79952432e-07,8.69930754e-07,1.15990767e-06
0.00000000e+00,2.89569008e-07,5.79115220e-07,8.68669797e-07,1.15822640e-06
0.00000000e+00,8.34697987e-12,5.39898413e-13,1.89146507e-18,2.91699032e-18
0.00000000e+00,8.84071541e-12,-3.12009670e-12,3.96237678e-18,2.39844591e-18
0.00000000e+00,8.03422661e-12,-1.47514744e-12,3.57411620e-18,5.35589260e-18
0.00000000e+00,1.69574272e-11,-8.57644877e-13,6.61868045e-18,5.19492227e-18
0.00000000e+00,9.78372894e-12,-2.99323870e-13,2.82884024e-18,2.60433709e-18
0.00000000e+00,1.99340562e-07,3.98662408e-07,5.98001558e-07,7.97335410e-07
0.00000000e+00,1.94840721e-07,3.89669080e-07,5.84504115e-07,7.79338820e-07
0.00000000e+00,0.00000000e+00,0.00000000e+00,0.00000000e+00,0.00000000e+00
0.00000000e+00,0.00000000e+00,0.00000000e+00,0.00000000e+00,0.00000000e+00
0.00000000e+00,2.30804850e-12,-9.96412489e-13,8.90114553e-19,1.29024002e-18
0.00000000e+00,4.34436507e-12,-1.78173512e-12,2.27463660e-18,1.35133676e-18
0.00000000e+00,0.00000000e+00,0.00000000e+00,0.00000000e+00,0.00000000e+00
0.00000000e+00,0.00000000e+00,0.00000000e+00,0.00000000e+00,0.00000000e+00
0.00000000e+00,0.00000000e+00,0.00000000e+00,0.00000000e+00,0.00000000e+00
0.00000000e+00,0.00000000e+00,0.00000000e+00,0.00000000e+00,0.00000000e+00
0.00000000e+00,9.87321148e-13,-4.41886777e-13,2.54059446e-18,5.42298807e-18
0.00000000e+00,0.00000000e+00,0.00000000e+00,0.00000000e+00,0.00000000e+00
0.00000000e+00,0.00000000e+00,0.00000000e+00,0.00000000e+00,0.00000000e+00
0.00000000e+00,-8.29632243e-13,-1.17459920e-12,1.00258129e-18,2.21924908e-18
0.00000000e+00,2.75547762e-12,-1.18889995e-12,3.01876023e-18,5.15069838e-18
0.00000000e+00,1.93458660e-07,3.86916373e-07,5.80376672e-07,7.73835563e-07
0.00000000e+00,3.36714239e-12,5.84365165e-14,2.27796079e-18,6.32808545e-18
0.00000000e+00,7.39453419e-13,-1.14858096e-12,2.56461385e-18,6.16306195e-18
0.00000000e+00,5.79294951e-12,-1.71969786e-12,4.46793974e-18,7.49920630e-18
0.00000000e+00,2.89338515e-07,5.78670125e-07,8.68003081e-07,1.15733744e-06
0.00000000e+00,5.95616353e-12,1.59570573e-12,4.07821897e-19,5.53186135e-18
0.00000000e+00,2.49664221e-12,-6.72416894e-13,1.53224227e-18,7.04682254e-18
0.00000000e+00,7.85143882e-12,-1.32485464e-12,3.07481321e-18,6.87602126e-18
0.00000000e+00,3.09140064e-07,6.18269962e-07,9.27400960e-07,1.23653461e-06
0.00000000e+00,3.80854879e-12,6.61864271e-14,3.67686227e-18,8.73565747e-18
0.00000000e+00,-2.77349231e-14,-3.48073999e-12,8.76657796e-19,7.01990435e-18
0.00000000e+00,6.51956819e-12,-1.60807988e-12,4.38727956e-18,8.27435764e-18
0.00000000e+00,2.89338434e-07,5.78669495e-07,8.68003081e-07,1.15733744e-06
0.00000000e+00,2.26233648e-12,1.48982784e-13,2.67627781e-19,2.20228155e-18
0.00000000e+00,2.57704312e-12,-1.66513983e-13,6.72746373e-19,5.47674050e-18
0.00000000e+00,4.77554777e-12,-2.46280217e-14,2.08131902e-18,3.90114234e-18
0.00000000e+00,1.93463141e-07,3.86919875e-07,5.80376672e-07,7.73835563e-07
0.00000000e+00,0.00000000e+00,0.00000000e+00,0.00000000e+00,0.00000000e+00
0.00000000e+00,1.69211622e-12,7.36787813e-13,-8.06566045e-19,8.49688380e-19
0.00000000e+00,0.00000000e+00,0.00000000e+00,0.00000000e+00,0.00000000e+00
0.00000000e+00,0.00000000e+00,0.00000000e+00,0.00000000e+00,0.00000000e+00
0.00000000e+00,0.00000000e+00,0.00000000e+00,0.00000000e+00,0.00000000e+00
0.00000000e+00,-3.86257402e-12,1.05232831e-12,-1.83652055e-18,1.93419309e-18
0.00000000e+00,0.00000000e+00,0.00000000e+00,0.00000000e+00,0.00000000e+00
0.00000000e+00,0.00000000e+00,0.00000000e+00,0.00000000e+00,0.00000000e+00
0.00000000e+00,-2.74699787e-12,-5.82042763e-13,-8.06243322e-19,8.80692693e-19
0.00000000e+00,-8.76899484e-13,8.18331049e-13,3.41504714e-19,3.36173329e-18
0.00000000e+00,1.94831272e-07,3.89669744e-07,5.84504115e-07,7.79338820e-07
0.00000000e+00,-6.33482823e-12,1.49844370e-12,-1.62773422e-18,5.18774330e-18
0.00000000e+00,-4.90024758e-12,-3.56221839e-14,-1.28600065e-18,4.22940495e-18
0.00000000e+00,-1.48883648e-12,5.87308384e-13,6.34844020e-19,5.42981747e-18
0.00000000e+00,2.89553099e-07,5.79115386e-07,8.68669797e-07,1.15822640e-06
0.00000000e+00,-6.76916189e-12,1.69490324e-12,-4.44316132e-18,4.82698243e-18
0.00000000e+00,-7.17691499e-12,-1.15601905e-12,-3.48440448e-18,4.95640346e-18
0.00000000e+00,-1.01041376e-12,1.00854672e-12,-1.59552539e-18,4.83951577e-18
0.00000000e+00,3.08599078e-07,6.17207720e-07,9.25807894e-07,1.23441052e-06
0.00000000e+00,-9.11975499e-12,-1.77444481e-12,-5.09037406e-18,3.21107420e-18
0.00000000e+00,-5.23121390e-12,-5.98603192e-13,-4.01131128e-18,5.27059576e-18
0.00000000e+00,-3.29987818e-12,-1.63133766e-12,-1.30819181e-18,4.84948655e-18
0.00000000e+00,2.89549777e-07,5.79111732e-07,8.68669797e-07,1.15822640e-06
0.00000000e+00,-6.89048102e-12,-2.60178823e-12,-4.17930279e-18,1.99420313e-19
0.00000000e+00,-6.84274204e-12,-2.59604831e-12,-3.86887071e-18,2.73498837e-18
0.00000000e+00,-1.09528443e-12,-2.66420782e-13,-2.28156798e-18,7.13317393e-19
0.00000000e+00,1.94828088e-07,3.89665862e-07,5.84504115e-07,7.79338820e-07
0.00000000e+00,0.00000000e+00,0.00000000e+00,0.00000000e+00,0.00000000e+00
0.00000000e+00,-2.69252268e-12,-1.12575978e-12,-1.85262516e-18,5.57818455e-19
0.00000000e+00,0.00000000e+00,0.00000000e+00,0.00000000e+00,0.00000000e+00
0.00000000e+00,0.00000000e+00,0.00000000e+00,0.00000000e+00,0.00000000e+00
0.00000000e+00,0.00000000e+00,0.00000000e+00,0.00000000e+00,0.00000000e+00
0.00000000e+00,-6.86878608e-12,2.11787717e-12,-1.76284479e-18,4.71387309e-18
0.00000000e+00,0.00000000e+00,0.00000000e+00,0.00000000e+00,0.00000000e+00
0.00000000e+00,0.00000000e+00,0.00000000e+00,0.00000000e+00,0.00000000e+00
0.00000000e+00,-6.02450064e-12,-1.06576294e-12,-1.33672622e-18,2.11752104e-18
0.00000000e+00,-5.60439730e-12,1.46560548e-12,-1.86587604e-18,2.91900055e-18
0.00000000e+00,1.99329369e-07,3.98672562e-07,5.98001558e-07,7.97335410e-07
0.00000000e+00,-1.48979470e-11,1.39033057e-13,-8.08491809e-18,3.09156343e-18
0.00000000e+00,-1.47999235e-11,-1.87904749e-12,-5.35806579e-18,4.88964898e-18
0.00000000e+00,-1.12536304e-11,2.26321916e-13,-4.27598900e-18,4.23733573e-18
0.00000000e+00,2.89965300e-07,5.79957631e-07,8.69930754e-07,1.15990767e-06
0.00000000e+00,-1.63651044e-11,-7.04846976e-13,-1.52475736e-17,-3.49831255e-18
0.00000000e+00,-1.90477298e-11,-1.93712335e-12,-9.60951112e-18,5.14981297e-18
0.00000000e+00,-1.03750439e-11,1.95829287e-12,-9.58580557e-18,6.17802431e-19
0.00000000e+00,3.06887676e-07,6.13808141e-07,9.20710842e-07,1.22761446e-06
0.00000000e+00,-9.68218946e-12,3.76930232e-12,-1.35534168e-17,-3.93749271e-18
0.00000000e+00,-2.02342601e-11,-3.71233739e-12,-9.50393896e-18,5.42718319e-18
0.00000000e+00,-9.37575615e-12,1.33084802e-12,-9.40767039e-18,-2.38359879e-19
0.00000000e+00,2.89967305e-07,5.79958575e-07,8.69930754e-07,1.15990767e-06
0.00000000e+00,-8.95400317e-12,-2.94184899e-13,-7.18757423e-18,-5.52060016e-19
0.00000000e+00,-1.32294737e-11,-6.69187622e-13,-7.12860427e-18,4.03731038e-18
0.00000000e+00,-7.44134763e-12,-1.06843674e-12,-5.57681615e-18,-2.59867488e-19
0.00000000e+00,1.99324143e-07,3.98666753e-07,5.98001558e-07,7.97335410e-07
0.00000000e+00,0.00000000e+00,0.00000000e+00,0.00000000e+00,0.00000000e+00
0.00000000e+00,-4.90015832e-12,-4.04822534e-13,-2.43416837e-18,1.40701274e-18
0.00000000e+00,0.00000000e+00,0.00000000e+00,0.00000000e+00,0.00000000e+00
0.00000000e+00,0.00000000e+00,0.00000000e+00,0.00000000e+00,0.00000000e+00
0.00000000e+00,0.00000000e+00,0.00000000e+00,0.00000000e+00,0.00000000e+00
0.00000000e+00,0.00000000e+00,0.00000000e+00,0.00000000e+00,0.00000000e+00
0.00000000e+00,-3.92103961e-07,-7.84208390e-07,-1.17630157e-06,-1.56840209e-06
0.00000000e+00,-4.01223094e-07,-8.02470504e-07,-1.20370508e-06,-1.60494010e-06
0.00000000e+00,0.00000000e+00,0.00000000e+00,0.00000000e+00,0.00000000e+00
0.00000000e+00,0.00000000e+00,0.00000000e+00,0.00000000e+00,0.00000000e+00
0.00000000e+00,0.00000000e+00,0.00000000e+00,0.00000000e+00,0.00000000e+00
0.00000000e+00,-2.13950356e-07,-4.27904990e-07,-6.41855349e-07,-8.55807131e-07
0.00000000e+00,-2.20313030e-07,-4.40639537e-07,-6.60961186e-07,-8.81281582e-07
0.00000000e+00,-3.95696062e-07,-7.91403042e-07,-1.18709755e-06,-1.58279674e-06
0.00000000e+00,-1.99324628e-07,-3.98670042e-07,-5.98001558e-07,-7.97335410e-07
0.00000000e+00,-1.94832469e-07,-3.89672915e-07,-5.84504115e-07,-7.79338820e-07
0.00000000e+00,-5.79348595e-07,-1.15868867e-06,-1.73799947e-06,-2.31733263e-06
0.00000000e+00,-5.80027408e-07,-1.16009634e-06,-1.74014355e-06,-2.32019140e-06
0.00000000e+00,-5.12969586e-07,-1.02595008e-06,-1.53891652e-06,-2.05188869e-06
0.00000000e+00,-5.18530856e-07,-1.03709887e-06,-1.55565169e-06,-2.07420225e-06
0.00000000e+00,-5.79724185e-07,-1.15946749e-06,-1.73918878e-06,-2.31891838e-06
0.00000000e+00,-2.89961523e-07,-5.79958645e-07,-8.69930754e-07,-1.15990767e-06
0.00000000e+00,-2.89558453e-07,-5.79125520e-07,-8.68669797e-07,-1.15822640e-06
0.00000000e+00,-6.16152578e-07,-1.23230770e-06,-1.84843827e-06,-2.46458437e-06
0.00000000e+00,-6.12697756e-07,-1.22545045e-06,-1.83818542e-06,-2.45091389e-06
0.00000000e+00,-6.08145621e-07,-1.21630680e-06,-1.82444794e-06,-2.43259726e-06
0.00000000e+00,-6.05835422e-07,-1.21171748e-06,-1.81757623e-06,-2.42343497e-06
0.00000000e+00,-6.14777482e-07,-1.22958202e-06,-1.84436542e-06,-2.45915389e-06
0.00000000e+00,-3.06881783e-07,-6.13808923e-07,-9.20710842e-07,-1.22761446e-06
0.00000000e+00,-3.08597864e-07,-6.17213188e-07,-9.25807894e-07,-1.23441052e-06
0.00000000e+00,-5.79334711e-07,-1.15867600e-06,-1.73799947e-06,-2.31733263e-06
0.00000000e+00,-5.80023616e-07,-1.16009274e-06,-1.74014355e-06,-2.32019140e-06
0.00000000e+00,-6.08144650e-07,-1.21630619e-06,-1.82444794e-06,-2.43259726e-06
0.00000000e+00,-6.05832755e-07,-1.21171533e-06,-1.81757623e-06,-2.42343497e-06
0.00000000e+00,-5.79717896e-07,-1.15946168e-06,-1.73918878e-06,-2.31891838e-06
0.00000000e+00,-2.89958157e-07,-5.79955931e-07,-8.69930754e-07,-1.15990767e-06
0.00000000e+00,-2.89551260e-07,-5.79119168e-07,-8.68669797e-07,-1.15822640e-06
0.00000000e+00,-3.92096323e-07,-7.84201600e-07,-1.17630157e-06,-1.56840209e-06
0.00000000e+00,-4.01214688e-07,-8.02461866e-07,-1.20370508e-06,-1.60494010e-06
0.00000000e+00,-5.12964565e-07,-1.02594601e-06,-1.53891652e-06,-2.05188869e-06
0.00000000e+00,-5.18530504e-07,-1.03709861e-06,-1.55565169e-06,-2.07420225e-06
0.00000000e+00,-3.95688151e-07,-7.91395593e-07,-1.18709755e-06,-1.58279674e-06
0.00000000e+00,-1.99320563e-07,-3.98666355e-07,-5.98001558e-07,-7.97335410e-07
0.00000000e+00,-1.94828092e-07,-3.89669273e-07,-5.84504115e-07,-7.79338820e-07
0.00000000e+00,0.00000000e+00,0.00000000e+00,0.00000000e+00,0.00000000e+00
0.00000000e+00,0.00000000e+00,0.00000000e+00,0.00000000e+00,0.00000000e+00
0.00000000e+00,-2.13947768e-07,-4.27902950e-07,-6.41855349e-07,-8.55807131e-07
0.00000000e+00,-2.20312199e-07,-4.40638846e-07,-6.60961186e-07,-8.81281582e-07
0.00000000e+00,0.00000000e+00,0.00000000e+00,0.00000000e+00,0.00000000e+00
0.00000000e+00,0.00000000e+00,0.00000000e+00,0.00000000e+00,0.00000000e+00
0.00000000e+00,0.00000000e+00,0.00000000e+00,0.00000000e+00,0.00000000e+00
0.00000000e+00,0.00000000e+00,0.00000000e+00,0.00000000e+00,0.00000000e+00
0.00000000e+00,-3.89284993e-07,-7.78573168e-07,-1.16786125e-06,-1.55714833e-06
0.00000000e+00,0.00000000e+00,0.00000000e+00,0.00000000e+00,0.00000000e+00
0.00000000e+00,0.00000000e+00,0.00000000e+00,0.00000000e+00,0.00000000e+00
0.00000000e+00,-2.11868722e-07,-4.23736503e-07,-6.35602222e-07,-8.47469630e-07
0.00000000e+00,-3.89853525e-07,-7.79706701e-07,-1.16955279e-06,-1.55940372e-06
0.00000000e+00,-1.93456215e-07,-3.86916441e-07,-5.80376672e-07,-7.73835563e-07
0.00000000e+00,-5.78941689e-07,-1.15788316e-06,-1.73681602e-06,-2.31575469e-06
0.00000000e+00,-5.11097927e-07,-1.02219490e-06,-1.53328513e-06,-2.04438018e-06
0.00000000e+00,-5.79063736e-07,-1.15812495e-06,-1.73716982e-06,-2.31622643e-06
0.00000000e+00,-2.89334427e-07,-5.78671931e-07,-8.68003081e-07,-1.15733744e-06
0.00000000e+00,-6.17215832e-07,-1.23443221e-06,-1.85163780e-06,-2.46885040e-06
0.00000000e+00,-6.08878644e-07,-1.21775623e-06,-1.82662217e-06,-2.43549623e-06
0.00000000e+00,-6.17044014e-07,-1.23409026e-06,-1.85112021e-06,-2.46816028e-06
0.00000000e+00,-3.09132000e-07,-6.18269855e-07,-9.27400960e-07,-1.23653461e-06
0.00000000e+00,-5.78938448e-07,-1.15788091e-06,-1.73681602e-06,-2.31575469e-06
0.00000000e+00,-6.08875603e-07,-1.21775359e-06,-1.82662217e-06,-2.43549623e-06
0.00000000e+00,-5.79057277e-07,-1.15811952e-06,-1.73716982e-06,-2.31622643e-06
0.00000000e+00,-2.89332659e-07,-5.78670849e-07,-8.68003081e-07,-1.15733744e-06
0.00000000e+00,-3.89290229e-07,-7.78578756e-07,-1.16786125e-06,-1.55714833e-06
0.00000000e+00,-5.11095880e-07,-1.02219394e-06,-1.53328513e-06,-2.04438018e-06
0.00000000e+00,-3.89846550e-07,-7.79700868e-07,-1.16955279e-06,-1.55940372e-06
0.00000000e+00,-1.93458860e-07,-3.86919689e-07,-5.80376672e-07,-7.73835563e-07
0.00000000e+00,0.00000000e+00,0.00000000e+00,0.00000000e+00,0.00000000e+00
0.00000000e+00,-2.11867495e-07,-4.23735995e-07,-6.35602222e-07,-8.47469630e-07
0.00000000e+00,0.00000000e+00,0.00000000e+00,0.00000000e+00,0.00000000e+00
0.00000000e+00,0.00000000e+00,0.00000000e+00,0.00000000e+00,0.00000000e+00
0.00000000e+00,0.00000000e+00,0.00000000e+00,0.00000000e+00,0.00000000e+00
0.00000000e+00,-3.92099176e-07,-7.84197860e-07,-1.17630157e-06,-1.56840209e-06
0.00000000e+00,0.00000000e+00,0.00000000e+00,0.00000000e+00,0.00000000e+00
0.00000000e+00,0.00000000e+00,0.00000000e+00,0.00000000e+00,0.00000000e+00
0.00000000e+00,-2.13953730e-07,-4.27903527e-07,-6.41855349e-07,-8.55807131e-07
0.00000000e+00,-3.89852122e-07,-7.79702597e-07,-1.16955279e-06,-1.55940372e-06
0.00000000e+00,-1.94836312e-07,-3.89667262e-07,-5.84504115e-07,-7.79338820e-07
0.00000000e+00,-5.79339020e-07,-1.15867066e-06,-1.73799947e-06,-2.31733263e-06
0.00000000e+00,-5.12979023e-07,-1.02594704e-06,-1.53891652e-06,-2.05188869e-06
0.00000000e+00,-5.79059642e-07,-1.15811715e-06,-1.73716982e-06,-2.31622643e-06
0.00000000e+00,-2.89563916e-07,-5.79115013e-07,-8.68669797e-07,-1.15822640e-06
0.00000000e+00,-6.16149335e-07,-1.23229447e-06,-1.84843827e-06,-2.46458437e-06
0.00000000e+00,-6.08157674e-07,-1.21630227e-06,-1.82444794e-06,-2.43259726e-06
0.00000000e+00,-6.17042239e-07,-1.23408418e-06,-1.85112021e-06,-2.46816028e-06
0.00000000e+00,-3.08609537e-07,-6.17206184e-07,-9.25807894e-07,-1.23441052e-06
0.00000000e+00,-5.79336862e-07,-1.15866972e-06,-1.73799947e-06,-2.31733263e-06
0.00000000e+00,-6.08156971e-07,-1.21630210e-06,-1.82444794e-06,-2.43259726e-06
0.00000000e+00,-5.79057999e-07,-1.15811663e-06,-1.73716982e-06,-2.31622643e-06
0.00000000e+00,-2.89563997e-07,-5.79115703e-07,-8.68669797e-07,-1.15822640e-06
0.00000000e+00,-3.92102695e-07,-7.84203443e-07,-1.17630157e-06,-1.56840209e-06
0.00000000e+00,-5.12979070e-07,-1.02594809e-06,-1.53891652e-06,-2.05188869e-06
0.00000000e+00,-3.89851001e-07,-7.79702966e-07,-1.16955279e-06,-1.55940372e-06
0.00000000e+00,-1.94840005e-07,-3.89672095e-07,-5.84504115e-07,-7.79338820e-07
0.00000000e+00,0.00000000e+00,0.00000000e+00,0.00000000e+00,0.00000000e+00
0.00000000e+00,-2.13951792e-07,-4.27902608e-07,-6.41855349e-07,-8.55807131e-07
0.00000000e+00,0.00000000e+00,0.00000000e+00,0.00000000e+00,0.00000000e+00
0.00000000e+00,0.00000000e+00,0.00000000e+00,0.00000000e+00,0.00000000e+00
0.00000000e+00,0.00000000e+00,0.00000000e+00,0.00000000e+00,0.00000000e+00
0.00000000e+00,-4.01249456e-07,-8.02476148e-07,-1.20370508e-06,-1.60494010e-06
0.00000000e+00,0.00000000e+00,0.00000000e+00,0.00000000e+00,0.00000000e+00
0.00000000e+00,0.00000000e+00,0.00000000e+00,0.00000000e+00,0.00000000e+00
0.00000000e+00,-2.20325352e-07,-4.40640918e-07,-6.60961186e-07,-8.81281582e-07
0.00000000e+00,-3.95706625e-07,-7.91400549e-07,-1.18709755e-06,-1.58279674e-06
0.00000000e+00,-1.99344114e-07,-3.98669655e-07,-5.98001558e-07,-7.97335410e-07
0.00000000e+00,-5.80073172e-07,-1.16010800e-06,-1.74014355e-06,-2.32019140e-06
0.00000000e+00,-5.18567400e-07,-1.03710526e-06,-1.55565169e-06,-2.07420225e-06
0.00000000e+00,-5.79745465e-07,-1.15946672e-06,-1.73918878e-06,-2.31891838e-06
0.00000000e+00,-2.89997501e-07,-5.79960453e-07,-8.69930754e-07,-1.15990767e-06
0.00000000e+00,-6.12741638e-07,-1.22545438e-06,-1.83818542e-06,-2.45091389e-06
0.00000000e+00,-6.05878021e-07,-1.21172027e-06,-1.81757623e-06,-2.42343497e-06
0.00000000e+00,-6.14799760e-07,-1.22957879e-06,-1.84436542e-06,-2.45915389e-06
0.00000000e+00,-3.06917759e-07,-6.13806049e-07,-9.20710842e-07,-1.22761446e-06
0.00000000e+00,-5.80063449e-07,-1.16009569e-06,-1.74014355e-06,-2.32019140e-06
0.00000000e+00,-6.05882722e-07,-1.21172195e-06,-1.81757623e-06,-2.42343497e-06
0.00000000e+00,-5.79739521e-07,-1.15946069e-06,-1.73918878e-06,-2.31891838e-06
0.00000000e+00,-2.89989801e-07,-5.79952639e-07,-8.69930754e-07,-1.15990767e-06
0.00000000e+00,-4.01241709e-07,-8.02469033e-07,-1.20370508e-06,-1.60494010e-06
0.00000000e+00,-5.18560251e-07,-1.03709836e-06,-1.55565169e-06,-2.07420225e-06
0.00000000e+00,-3.95705993e-07,-7.91400572e-07,-1.18709755e-06,-1.58279674e-06
0.00000000e+00,-1.99342027e-07,-3.98667831e-07,-5.98001558e-07,-7.97335410e-07
0.00000000e+00,0.00000000e+00,0.00000000e+00,0.00000000e+00,0.00000000e+00
0.00000000e+00,-2.20324619e-07,-4.40640546e-07,-6.60961186e-07,-8.81281582e-07
0.00000000e+00,0.00000000e+00,0.00000000e+00,0.00000000e+00,0.00000000e+00
0.00000000e+00,0.00000000e+00,0.00000000e+00,0.00000000e+00,0.00000000e+00
0.00000000e+00,0.00000000e+00,0.00000000e+00,0.00000000e+00,0.00000000e+00
0.00000000e+00,0.00000000e+00,0.00000000e+00,0.00000000e+00,0.00000000e+00
0.00000000e+00,-8.01973462e-07,-1.60390824e-06,-2.40581159e-06,-3.20774879e-06
0.00000000e+00,-8.21231699e-07,-1.64254158e-06,-2.46386742e-06,-3.28515655e-06
0.00000000e+00,0.00000000e+00,0.00000000e+00,0.00000000e+00,0.00000000e+00
0.00000000e+00,0.00000000e+00,0.00000000e+00,0.00000000e+00,0.00000000e+00
0.00000000e+00,0.00000000e+00,0.00000000e+00,0.00000000e+00,0.00000000e+00
0.00000000e+00,-4.40102792e-07,-8.80209534e-07,-1.32031206e-06,-1.76041608e-06
0.00000000e+00,-4.54628315e-07,-9.09265651e-07,-1.36389640e-06,-1.81852854e-06
0.00000000e+00,-8.09711183e-07,-1.61943952e-06,-2.42915907e-06,-3.23887876e-06
0.00000000e+00,-6.06999029e-07,-1.21404973e-06,-1.82110257e-06,-2.42813676e-06
0.00000000e+00,-5.93109557e-07,-1.18619964e-06,-1.77926913e-06,-2.37235884e-06
0.00000000e+00,-1.15997847e-06,-2.31990160e-06,-3.47977286e-06,-4.63969715e-06
0.00000000e+00,-1.16034758e-06,-2.32081806e-06,-3.48131364e-06,-4.64175152e-06
0.00000000e+00,-1.03702845e-06,-2.07406840e-06,-3.11109592e-06,-4.14812789e-06
0.00000000e+00,-1.04758142e-06,-2.09518648e-06,-3.14277028e-06,-4.19036038e-06
0.00000000e+00,-1.16039266e-06,-2.32081417e-06,-3.48121977e-06,-4.64162636e-06
0.00000000e+00,-8.70428060e-07,-1.74093900e-06,-2.61145293e-06,-3.48193724e-06
0.00000000e+00,-8.69597720e-07,-1.73916085e-06,-2.60868375e-06,-3.47824500e-06
0.00000000e+00,-1.22583073e-06,-2.45161312e-06,-3.67734073e-06,-4.90312097e-06
0.00000000e+00,-1.21892081e-06,-2.43797091e-06,-3.65704644e-06,-4.87606192e-06
0.00000000e+00,-1.21166393e-06,-2.42334318e-06,-3.63500487e-06,-4.84667317e-06
0.00000000e+00,-1.20653313e-06,-2.41309456e-06,-3.61962401e-06,-4.82616534e-06
0.00000000e+00,-1.22297052e-06,-2.44597403e-06,-3.66895766e-06,-4.89194354e-06
0.00000000e+00,-9.17305590e-07,-1.83470490e-06,-2.75211034e-06,-3.66948046e-06
0.00000000e+00,-9.22577384e-07,-1.84512945e-06,-2.76764342e-06,-3.69019122e-06
0.00000000e+00,-1.15995026e-06,-2.31987751e-06,-3.47977286e-06,-4.63969715e-06
0.00000000e+00,-1.16037811e-06,-2.32084426e-06,-3.48131364e-06,-4.64175152e-06
0.00000000e+00,-1.21166178e-06,-2.42334158e-06,-3.63500487e-06,-4.84667317e-06
0.00000000e+00,-1.20652657e-06,-2.41308917e-06,-3.61962401e-06,-4.82616534e-06
0.00000000e+00,-1.16039105e-06,-2.32081290e-06,-3.48121977e-06,-4.64162636e-06
0.00000000e+00,-8.70443642e-07,-1.74095229e-06,-2.61145293e-06,-3.48193724e-06
0.00000000e+00,-8.69577327e-07,-1.73914312e-06,-2.60868375e-06,-3.47824500e-06
0.00000000e+00,-8.01938172e-07,-1.60387829e-06,-2.40581159e-06,-3.20774879e-06
0.00000000e+00,-8.21251677e-07,-1.64255674e-06,-2.46386742e-06,-3.28515655e-06
0.00000000e+00,-1.03702163e-06,-2.07406259e-06,-3.11109592e-06,-4.14812789e-06
0.00000000e+00,-1.04757222e-06,-2.09517828e-06,-3.14277028e-06,-4.19036038e-06
0.00000000e+00,-8.09707477e-07,-1.61943594e-06,-2.42915907e-06,-3.23887876e-06
0.00000000e+00,-6.07004681e-07,-1.21405274e-06,-1.82110257e-06,-2.42813676e-06
0.00000000e+00,-5.93088800e-07,-1.18618195e-06,-1.77926913e-06,-2.37235884e-06
0.00000000e+00,0.00000000e+00,0.00000000e+00,0.00000000e+00,0.00000000e+00
0.00000000e+00,0.00000000e+00,0.00000000e+00,0.00000000e+00,0.00000000e+00
0.00000000e+00,-4.40096250e-07,-8.80203879e-07,-1.32031206e-06,-1.76041608e-06
0.00000000e+00,-4.54624164e-07,-9.09262134e-07,-1.36389640e-06,-1.81852854e-06
0.00000000e+00,0.00000000e+00,0.00000000e+00,0.00000000e+00,0.00000000e+00
0.00000000e+00,0.00000000e+00,0.00000000e+00,0.00000000e+00,0.00000000e+00
0.00000000e+00,0.00000000e+00,0.00000000e+00,0.00000000e+00,0.00000000e+00
0.00000000e+00,0.00000000e+00,0.00000000e+00,0.00000000e+00,0.00000000e+00
0.00000000e+00,-7.95745263e-07,-1.59147269e-06,-2.38718460e-06,-3.18291281e-06
0.00000000e+00,0.00000000e+00,0.00000000e+00,0.00000000e+00,0.00000000e+00
0.00000000e+00,0.00000000e+00,0.00000000e+00,0.00000000e+00,0.00000000e+00
0.00000000e+00,-4.35705175e-07,-8.71407345e-07,-1.30710589e-06,-1.74280786e-06
0.00000000e+00,-7.97231464e-07,-1.59443461e-06,-2.39161428e-06,-3.18881904e-06
0.00000000e+00,-5.88684421e-07,-1.17736235e-06,-1.76603315e-06,-2.35471087e-06
0.00000000e+00,-1.15960962e-06,-2.31920539e-06,-3.47878293e-06,-4.63837724e-06
0.00000000e+00,-1.03330801e-06,-2.06660825e-06,-3.09989542e-06,-4.13319389e-06
0.00000000e+00,-1.15975523e-06,-2.31947597e-06,-3.47916248e-06,-4.63888330e-06
0.00000000e+00,-8.69113716e-07,-1.73822057e-06,-2.60731394e-06,-3.47641858e-06
0.00000000e+00,-1.22797319e-06,-2.45593751e-06,-3.68388548e-06,-4.91184731e-06
0.00000000e+00,-1.21330411e-06,-2.42660365e-06,-3.63988667e-06,-4.85318222e-06
0.00000000e+00,-1.22752418e-06,-2.45501928e-06,-3.68247945e-06,-4.90997260e-06
0.00000000e+00,-9.24193269e-07,-1.84838265e-06,-2.77255844e-06,-3.69674458e-06
0.00000000e+00,-1.15959283e-06,-2.31919019e-06,-3.47878293e-06,-4.63837724e-06
0.00000000e+00,-1.21329980e-06,-2.42660021e-06,-3.63988667e-06,-4.85318222e-06
0.00000000e+00,-1.15973389e-06,-2.31945734e-06,-3.47916248e-06,-4.63888330e-06
0.00000000e+00,-8.69103473e-07,-1.73821165e-06,-2.60731394e-06,-3.47641858e-06
0.00000000e+00,-7.95716956e-07,-1.59144771e-06,-2.38718460e-06,-3.18291281e-06
0.00000000e+00,-1.03329832e-06,-2.06660052e-06,-3.09989542e-06,-4.13319389e-06
0.00000000e+00,-7.97207192e-07,-1.59441408e-06,-2.39161428e-06,-3.18881904e-06
0.00000000e+00,-5.88673147e-07,-1.17735284e-06,-1.76603315e-06,-2.35471087e-06
0.00000000e+00,0.00000000e+00,0.00000000e+00,0.00000000e+00,0.00000000e+00
0.00000000e+00,-4.35701241e-07,-8.71404543e-07,-1.30710589e-06,-1.74280786e-06
0.00000000e+00,0.00000000e+00,0.00000000e+00,0.00000000e+00,0.00000000e+00
0.00000000e+00,0.00000000e+00,0.00000000e+00,0.00000000e+00,0.00000000e+00
0.00000000e+00,0.00000000e+00,0.00000000e+00,0.00000000e+00,0.00000000e+00
0.00000000e+00,-8.01931019e-07,-1.60387261e-06,-2.40581159e-06,-3.20774879e-06
0.00000000e+00,0.00000000e+00,0.00000000e+00,0.00000000e+00,0.00000000e+00
0.00000000e+00,0.00000000e+00,0.00000000e+00,0.00000000e+00,0.00000000e+00
0.00000000e+00,-4.40109859e-07,-8.80211544e-07,-1.32031206e-06,-1.76041608e-06
0.00000000e+00,-7.97207575e-07,-1.59441459e-06,-2.39161428e-06,-3.18881904e-06
0.00000000e+00,-5.93084382e-07,-1.18617612e-06,-1.77926913e-06,-2.37235884e-06
0.00000000e+00,-1.15990789e-06,-2.31984640e-06,-3.47977286e-06,-4.63969715e-06
0.00000000e+00,-1.03704830e-06,-2.07407474e-06,-3.11109592e-06,-4.14812789e-06
0.00000000e+00,-1.15971538e-06,-2.31944423e-06,-3.47916248e-06,-4.63888330e-06
0.00000000e+00,-8.69556694e-07,-1.73912529e-06,-2.60868375e-06,-3.47824500e-06
0.00000000e+00,-1.22576227e-06,-2.45156285e-06,-3.67734073e-06,-4.90312097e-06
0.00000000e+00,-1.21168613e-06,-2.42334782e-06,-3.63500487e-06,-4.84667317e-06
0.00000000e+00,-1.22748867e-06,-2.45499307e-06,-3.68247945e-06,-4.90997260e-06
0.00000000e+00,-9.22539407e-07,-1.84509802e-06,-2.76764342e-06,-3.69019122e-06
0.00000000e+00,-1.15990082e-06,-2.31984513e-06,-3.47977286e-06,-4.63969715e-06
0.00000000e+00,-1.21168173e-06,-2.42334308e-06,-3.63500487e-06,-4.84667317e-06
0.00000000e+00,-1.15970989e-06,-2.31944209e-06,-3.47916248e-06,-4.63888330e-06
0.00000000e+00,-8.69549842e-07,-1.73912162e-06,-2.60868375e-06,-3.47824500e-06
0.00000000e+00,-8.01917653e-07,-1.60386695e-06,-2.40581159e-06,-3.20774879e-06
0.00000000e+00,-1.03703881e-06,-2.07406596e-06,-3.11109592e-06,-4.14812789e-06
0.00000000e+00,-7.97193886e-07,-1.59440546e-06,-2.39161428e-06,-3.18881904e-06
0.00000000e+00,-5.93080706e-07,-1.18617683e-06,-1.77926913e-06,-2.37235884e-06
0.00000000e+00,0.00000000e+00,0.00000000e+00,0.00000000e+00,0.00000000e+00
0.00000000e+00,-4.40102326e-07,-8.80204954e-07,-1.32031206e-06,-1.76041608e-06
0.00000000e+00,0.00000000e+00,0.00000000e+00,0.00000000e+00,0.00000000e+00
0.00000000e+00,0.00000000e+00,0.00000000e+00,0.00000000e+00,0.00000000e+00
0.00000000e+00,0.00000000e+00,0.00000000e+00,0.00000000e+00,0.00000000e+00
0.00000000e+00,-8.21324733e-07,-1.64259440e-06,-2.46386742e-06,-3.28515655e-06
0.00000000e+00,0.00000000e+00,0.00000000e+00,0.00000000e+00,0.00000000e+00
0.00000000e+00,0.00000000e+00,0.00000000e+00,0.00000000e+00,0.00000000e+00
0.00000000e+00,-4.54636762e-07,-9.09264624e-07,-1.36389640e-06,-1.81852854e-06
0.00000000e+00,-8.09733700e-07,-1.61944584e-06,-2.42915907e-06,-3.23887876e-06
0.00000000e+00,-6.07060592e-07,-1.21408045e-06,-1.82110257e-06,-2.42813676e-06
0.00000000e+00,-1.16050391e-06,-2.32090203e-06,-3.48131364e-06,-4.64175152e-06
0.00000000e+00,-1.04760581e-06,-2.09518509e-06,-3.14277028e-06,-4.19036038e-06
0.00000000e+00,-1.16042676e-06,-2.32082183e-06,-3.48121977e-06,-4.64162636e-06
0.00000000e+00,-8.70530582e-07,-1.74098856e-06,-2.61145293e-06,-3.48193724e-06
0.00000000e+00,-1.21907704e-06,-2.43804172e-06,-3.65704644e-06,-4.87606192e-06
0.00000000e+00,-1.20655962e-06,-2.41308761e-06,-3.61962401e-06,-4.82616534e-06
0.00000000e+00,-1.22300670e-06,-2.44597885e-06,-3.66895766e-06,-4.89194354e-06
0.00000000e+00,-9.17405968e-07,-1.83474287e-06,-2.75211034e-06,-3.66948046e-06
0.00000000e+00,-1.16049155e-06,-2.32088208e-06,-3.48131364e-06,-4.64175152e-06
0.00000000e+00,-1.20655788e-06,-2.41308615e-06,-3.61962401e-06,-4.82616534e-06
0.00000000e+00,-1.16042133e-06,-2.32081564e-06,-3.48121977e-06,-4.64162636e-06
0.00000000e+00,-8.70519893e-07,-1.74097254e-06,-2.61145293e-06,-3.48193724e-06
0.00000000e+00,-8.21312721e-07,-1.64257557e-06,-2.46386742e-06,-3.28515655e-06
0.00000000e+00,-1.04759839e-06,-2.09517893e-06,-3.14277028e-06,-4.19036038e-06
0.00000000e+00,-8.09720298e-07,-1.61943366e-06,-2.42915907e-06,-3.23887876e-06
0.00000000e+00,-6.07049509e-07,-1.21406670e-06,-1.82110257e-06,-2.42813676e-06
0.00000000e+00,0.00000000e+00,0.00000000e+00,0.00000000e+00,0.00000000e+00
0.00000000e+00,-4.54634401e-07,-9.09262966e-07,-1.36389640e-06,-1.81852854e-06
0.00000000e+00,0.00000000e+00,0.00000000e+00,0.00000000e+00,0.00000000e+00
0.00000000e+00,0.00000000e+00,0.00000000e+00,0.00000000e+00,0.00000000e+00
0.00000000e+00,0.00000000e+00,0.00000000e+00,0.00000000e+00,0.00000000e+00
0.00000000e+00,0.00000000e+00,0.00000000e+00,0.00000000e+00,0.00000000e+00
0.00000000e+00,5.39856859e-07,1.07966755e-06,1.61949362e-06,2.15932483e-06
0.00000000e+00,1.07054758e-06,2.14106698e-06,3.21161284e-06,4.28215045e-06
0.00000000e+00,0.00000000e+00,0.00000000e+00,0.00000000e+00,0.00000000e+00
0.00000000e+00,0.00000000e+00,0.00000000e+00,0.00000000e+00,0.00000000e+00
0.00000000e+00,0.00000000e+00,0.00000000e+00,0.00000000e+00,0.00000000e+00
0.00000000e+00,3.00310513e-07,6.00605573e-07,9.00911276e-07,1.20121503e-06
0.00000000e+00,6.01124637e-07,1.20223438e-06,1.80335249e-06,2.40446999e-06
0.00000000e+00,4.68165529e-07,9.36296167e-07,1.40444124e-06,1.87258833e-06
0.00000000e+00,7.98838733e-07,1.59763971e-06,2.39646382e-06,3.19528509e-06
0.00000000e+00,9.42092582e-07,1.88416072e-06,2.82627383e-06,3.76836511e-06
0.00000000e+00,7.52325641e-07,1.50457874e-06,2.25686404e-06,3.00915205e-06
0.00000000e+00,1.45452643e-06,2.90900651e-06,4.36353640e-06,5.81804853e-06
0.00000000e+00,6.82712178e-07,1.36537814e-06,2.04807172e-06,2.73076229e-06
0.00000000e+00,1.33300654e-06,2.66597185e-06,3.99896378e-06,5.33195170e-06
0.00000000e+00,6.66531740e-07,1.33300516e-06,1.99950659e-06,2.66600878e-06
0.00000000e+00,1.10434967e-06,2.20863327e-06,3.31295719e-06,4.41727625e-06
0.00000000e+00,1.30837871e-06,2.61671195e-06,3.92512596e-06,5.23350128e-06
0.00000000e+00,7.87998445e-07,1.57591851e-06,2.36388169e-06,3.15184226e-06
0.00000000e+00,1.51696021e-06,3.03385816e-06,4.55080516e-06,6.06774021e-06
0.00000000e+00,7.80407787e-07,1.56075376e-06,2.34113890e-06,3.12151853e-06
0.00000000e+00,1.50383404e-06,3.00760967e-06,4.51142014e-06,6.01522685e-06
0.00000000e+00,7.01111964e-07,1.40215949e-06,2.10324495e-06,2.80432660e-06
0.00000000e+00,1.15437929e-06,2.30868350e-06,3.46303483e-06,4.61737978e-06
0.00000000e+00,1.36889285e-06,2.73772290e-06,4.10664596e-06,5.47552795e-06
0.00000000e+00,7.52325710e-07,1.50457779e-06,2.25686404e-06,3.00915205e-06
0.00000000e+00,1.45453141e-06,2.90900998e-06,4.36353640e-06,5.81804853e-06
0.00000000e+00,7.80412672e-07,1.56075771e-06,2.34113890e-06,3.12151853e-06
0.00000000e+00,1.50383705e-06,3.00761183e-06,4.51142014e-06,6.01522685e-06
0.00000000e+00,6.66531481e-07,1.33300411e-06,1.99950659e-06,2.66600878e-06
0.00000000e+00,1.10434819e-06,2.20863076e-06,3.31295719e-06,4.41727625e-06
0.00000000e+00,1.30839904e-06,2.61672888e-06,3.92512596e-06,5.23350128e-06
0.00000000e+00,5.39848524e-07,1.07965969e-06,1.61949362e-06,2.15932483e-06
0.00000000e+00,1.07054828e-06,2.14106752e-06,3.21161284e-06,4.28215045e-06
0.00000000e+00,6.82714698e-07,1.36537956e-06,2.04807172e-06,2.73076229e-06
0.00000000e+00,1.33301032e-06,2.66597449e-06,3.99896378e-06,5.33195170e-06
0.00000000e+00,4.68158458e-07,9.36289085e-07,1.40444124e-06,1.87258833e-06
0.00000000e+00,7.98833403e-07,1.59763449e-06,2.39646382e-06,3.19528509e-06
0.00000000e+00,9.42098730e-07,1.88416618e-06,2.82627383e-06,3.76836511e-06
0.00000000e+00,0.00000000e+00,0.00000000e+00,0.00000000e+00,0.00000000e+00
0.00000000e+00,0.00000000e+00,0.00000000e+00,0.00000000e+00,0.00000000e+00
0.00000000e+00,3.00313466e-07,6.00608044e-07,9.00911276e-07,1.20121503e-06
0.00000000e+00,6.01124078e-07,1.20223353e-06,1.80335249e-06,2.40446999e-06
0.00000000e+00,0.00000000e+00,0.00000000e+00,0.00000000e+00,0.00000000e+00
0.00000000e+00,0.00000000e+00,0.00000000e+00,0.00000000e+00,0.00000000e+00
0.00000000e+00,0.00000000e+00,0.00000000e+00,0.00000000e+00,0.00000000e+00
0.00000000e+00,0.00000000e+00,0.00000000e+00,0.00000000e+00,0.00000000e+00
0.00000000e+00,0.00000000e+00,0.00000000e+00,0.00000000e+00,0.00000000e+00
0.00000000e+00,6.98696378e-07,1.39734605e-06,2.09601550e-06,2.79468733e-06
0.00000000e+00,1.35092613e-06,2.70181571e-06,4.05272395e-06,5.40363193e-06
0.00000000e+00,0.00000000e+00,0.00000000e+00,0.00000000e+00,0.00000000e+00
0.00000000e+00,0.00000000e+00,0.00000000e+00,0.00000000e+00,0.00000000e+00
0.00000000e+00,0.00000000e+00,0.00000000e+00,0.00000000e+00,0.00000000e+00
0.00000000e+00,3.97030082e-07,7.94038185e-07,1.19105725e-06,1.58807634e-06
0.00000000e+00,7.78550315e-07,1.55708344e-06,2.33562679e-06,3.11416905e-06
0.00000000e+00,6.15751554e-07,1.23145618e-06,1.84717828e-06,2.46290438e-06
0.00000000e+00,1.01574038e-06,2.03143867e-06,3.04715651e-06,4.06287534e-06
0.00000000e+00,1.20560425e-06,2.41117589e-06,3.61676785e-06,4.82235713e-06
0.00000000e+00,9.20686234e-07,1.84130085e-06,2.76195707e-06,3.68260942e-06
0.00000000e+00,1.74290915e-06,3.48575793e-06,5.22864282e-06,6.97152375e-06
0.00000000e+00,8.53379594e-07,1.70669739e-06,2.56004596e-06,3.41339461e-06
0.00000000e+00,1.62390071e-06,3.24775229e-06,4.87163612e-06,6.49551483e-06
0.00000000e+00,8.37658840e-07,1.67524545e-06,2.51286880e-06,3.35049173e-06
0.00000000e+00,1.33382490e-06,2.66758276e-06,4.00137781e-06,5.33517041e-06
0.00000000e+00,1.60075583e-06,3.20146105e-06,4.80220872e-06,6.40294496e-06
0.00000000e+00,9.56833074e-07,1.91358074e-06,2.87037449e-06,3.82716599e-06
0.00000000e+00,1.80506548e-06,3.61005242e-06,5.41506843e-06,7.22009124e-06
0.00000000e+00,9.49926067e-07,1.89976591e-06,2.84964643e-06,3.79952858e-06
0.00000000e+00,1.79357523e-06,3.58708309e-06,5.38063322e-06,7.17417763e-06
0.00000000e+00,8.73015173e-07,1.74594811e-06,2.61892515e-06,3.49190020e-06
0.00000000e+00,1.38330845e-06,2.76653847e-06,4.14981052e-06,5.53308069e-06
0.00000000e+00,1.66156512e-06,3.32305863e-06,4.98458456e-06,6.64611275e-06
0.00000000e+00,9.20690673e-07,1.84130329e-06,2.76195707e-06,3.68260942e-06
0.00000000e+00,1.74291009e-06,3.48575794e-06,5.22864282e-06,6.97152375e-06
0.00000000e+00,9.49925039e-07,1.89976409e-06,2.84964643e-06,3.79952858e-06
0.00000000e+00,1.79357956e-06,3.58708651e-06,5.38063322e-06,7.17417763e-06
0.00000000e+00,8.37661319e-07,1.67524646e-06,2.51286880e-06,3.35049173e-06
0.00000000e+00,1.33382757e-06,2.66758374e-06,4.00137781e-06,5.33517041e-06
0.00000000e+00,1.60075867e-06,3.20146279e-06,4.80220872e-06,6.40294496e-06
0.00000000e+00,6.98695045e-07,1.39734334e-06,2.09601550e-06,2.79468733e-06
0.00000000e+00,1.35092368e-06,2.70181306e-06,4.05272395e-06,5.40363193e-06
0.00000000e+00,8.53380555e-07,1.70669690e-06,2.56004596e-06,3.41339461e-06
0.00000000e+00,1.62390462e-06,3.24775518e-06,4.87163612e-06,6.49551483e-06
0.00000000e+00,6.15745543e-07,1.23144980e-06,1.84717828e-06,2.46290438e-06
0.00000000e+00,1.01574310e-06,2.03144025e-06,3.04715651e-06,4.06287534e-06
0.00000000e+00,1.20560412e-06,2.41117567e-06,3.61676785e-06,4.82235713e-06
0.00000000e+00,0.00000000e+00,0.00000000e+00,0.00000000e+00,0.00000000e+00
0.00000000e+00,0.00000000e+00,0.00000000e+00,0.00000000e+00,0.00000000e+00
0.00000000e+00,3.97030721e-07,7.94038334e-07,1.19105725e-06,1.58807634e-06
0.00000000e+00,7.78548269e-07,1.55708110e-06,2.33562679e-06,3.11416905e-06
0.00000000e+00,0.00000000e+00,0.00000000e+00,0.00000000e+00,0.00000000e+00
0.00000000e+00,0.00000000e+00,0.00000000e+00,0.00000000e+00,0.00000000e+00
0.00000000e+00,0.00000000e+00,0.00000000e+00,0.00000000e+00,0.00000000e+00
0.00000000e+00,0.00000000e+00,0.00000000e+00,0.00000000e+00,0.00000000e+00
0.00000000e+00,0.00000000e+00,0.00000000e+00,0.00000000e+00,0.00000000e+00
0.00000000e+00,8.84815839e-07,1.76957759e-06,2.65436397e-06,3.53915196e-06
0.00000000e+00,1.66136328e-06,3.32268342e-06,4.98402760e-06,6.64537014e-06
0.00000000e+00,0.00000000e+00,0.00000000e+00,0.00000000e+00,0.00000000e+00
0.00000000e+00,0.00000000e+00,0.00000000e+00,0.00000000e+00,0.00000000e+00
0.00000000e+00,0.00000000e+00,0.00000000e+00,0.00000000e+00,0.00000000e+00
0.00000000e+00,5.25405000e-07,1.05078196e-06,1.57617076e-06,2.10156101e-06
0.00000000e+00,1.01228883e-06,2.02455679e-06,3.03683700e-06,4.04911601e-06
0.00000000e+00,7.87305329e-07,1.57456109e-06,2.36183945e-06,3.14911927e-06
0.00000000e+00,1.26092824e-06,2.52180736e-06,3.78271043e-06,5.04361390e-06
0.00000000e+00,1.50049762e-06,3.00095541e-06,4.50143393e-06,6.00191190e-06
0.00000000e+00,1.08621287e-06,2.17232949e-06,3.25848701e-06,4.34464935e-06
0.00000000e+00,2.02674889e-06,4.05342446e-06,6.08014091e-06,8.10685454e-06
0.00000000e+00,1.02087946e-06,2.04168383e-06,3.06252209e-06,4.08336279e-06
0.00000000e+00,1.90760455e-06,3.81515047e-06,5.72272838e-06,7.63030450e-06
0.00000000e+00,1.00590001e-06,2.01171709e-06,3.01757612e-06,4.02343482e-06
0.00000000e+00,1.56064536e-06,3.12120745e-06,4.68181154e-06,6.24241539e-06
0.00000000e+00,1.88811020e-06,3.77615244e-06,5.66423253e-06,7.55231003e-06
0.00000000e+00,1.11983754e-06,2.23956109e-06,3.35933205e-06,4.47910940e-06
0.00000000e+00,2.08627506e-06,4.17246388e-06,6.25869893e-06,8.34493190e-06
0.00000000e+00,1.11247734e-06,2.22485138e-06,3.33727136e-06,4.44969515e-06
0.00000000e+00,2.07302019e-06,4.14595644e-06,6.21893405e-06,8.29191206e-06
0.00000000e+00,1.03830987e-06,2.07652083e-06,3.11477914e-06,4.15303886e-06
0.00000000e+00,1.60558193e-06,3.21106497e-06,4.81659594e-06,6.42212793e-06
0.00000000e+00,1.94554803e-06,3.89101316e-06,5.83651432e-06,7.78201909e-06
0.00000000e+00,1.08621322e-06,2.17232798e-06,3.25848701e-06,4.34464935e-06
0.00000000e+00,2.02675092e-06,4.05342506e-06,6.08014091e-06,8.10685454e-06
0.00000000e+00,1.11247563e-06,2.22484882e-06,3.33727136e-06,4.44969515e-06
0.00000000e+00,2.07302035e-06,4.14595604e-06,6.21893405e-06,8.29191206e-06
0.00000000e+00,1.00590344e-06,2.01171859e-06,3.01757612e-06,4.02343482e-06
0.00000000e+00,1.56064700e-06,3.12120740e-06,4.68181154e-06,6.24241539e-06
0.00000000e+00,1.88811140e-06,3.77615252e-06,5.66423253e-06,7.55231003e-06
0.00000000e+00,8.84822015e-07,1.76958165e-06,2.65436397e-06,3.53915196e-06
0.00000000e+00,1.66137033e-06,3.32268934e-06,4.98402760e-06,6.64537014e-06
0.00000000e+00,1.02088021e-06,2.04168263e-06,3.06252209e-06,4.08336279e-06
0.00000000e+00,1.90761045e-06,3.81515469e-06,5.72272838e-06,7.63030450e-06
0.00000000e+00,7.87308733e-07,1.57456259e-06,2.36183945e-06,3.14911927e-06
0.00000000e+00,1.26093360e-06,2.52181117e-06,3.78271043e-06,5.04361390e-06
0.00000000e+00,1.50049891e-06,3.00095601e-06,4.50143393e-06,6.00191190e-06
0.00000000e+00,0.00000000e+00,0.00000000e+00,0.00000000e+00,0.00000000e+00
0.00000000e+00,0.00000000e+00,0.00000000e+00,0.00000000e+00,0.00000000e+00
0.00000000e+00,5.25406295e-07,1.05078243e-06,1.57617076e-06,2.10156101e-06
0.00000000e+00,1.01229252e-06,2.02455995e-06,3.03683700e-06,4.04911601e-06
0.00000000e+00,0.00000000e+00,0.00000000e+00,0.00000000e+00,0.00000000e+00
0.00000000e+00,0.00000000e+00,0.00000000e+00,0.00000000e+00,0.00000000e+00
0.00000000e+00,0.00000000e+00,0.00000000e+00,0.00000000e+00,0.00000000e+00
0.00000000e+00,0.00000000e+00,0.00000000e+00,0.00000000e+00,0.00000000e+00
0.00000000e+00,0.00000000e+00,0.00000000e+00,0.00000000e+00,0.00000000e+00
0.00000000e+00,1.02165175e-06,2.04323158e-06,3.06483517e-06,4.08644689e-06
0.00000000e+00,1.89285316e-06,3.78565800e-06,5.67849304e-06,7.57132405e-06
0.00000000e+00,0.00000000e+00,0.00000000e+00,0.00000000e+00,0.00000000e+00
0.00000000e+00,0.00000000e+00,0.00000000e+00,0.00000000e+00,0.00000000e+00
0.00000000e+00,0.00000000e+00,0.00000000e+00,0.00000000e+00,0.00000000e+00
0.00000000e+00,7.39527163e-07,1.47901607e-06,2.21851651e-06,2.95802202e-06
0.00000000e+00,1.36631035e-06,2.73259300e-06,4.09888788e-06,5.46518384e-06
0.00000000e+00,9.52755271e-07,1.90544872e-06,2.85816706e-06,3.81088941e-06
0.00000000e+00,1.48760277e-06,2.97514909e-06,4.46272364e-06,5.95029819e-06
0.00000000e+00,1.77715930e-06,3.55427237e-06,5.33141228e-06,7.10854970e-06
0.00000000e+00,1.24240697e-06,2.48469042e-06,3.72701161e-06,4.96934882e-06
0.00000000e+00,2.29505451e-06,4.59002913e-06,6.88505615e-06,9.18007487e-06
0.00000000e+00,1.18109447e-06,2.36208826e-06,3.54311345e-06,4.72415127e-06
0.00000000e+00,2.18266432e-06,4.36526196e-06,6.54789569e-06,8.73052758e-06
0.00000000e+00,1.16656918e-06,2.33302949e-06,3.49952991e-06,4.66603988e-06
0.00000000e+00,1.80432624e-06,3.60855146e-06,5.41282208e-06,7.21709610e-06
0.00000000e+00,2.16335869e-06,4.32664127e-06,6.48997057e-06,8.65329409e-06
0.00000000e+00,1.27684491e-06,2.55354893e-06,3.83030135e-06,5.10706846e-06
0.00000000e+00,2.35923688e-06,4.71837398e-06,7.07756676e-06,9.43675568e-06
0.00000000e+00,1.26961704e-06,2.53910441e-06,3.80863937e-06,5.07818582e-06
0.00000000e+00,2.34592524e-06,4.69175551e-06,7.03763395e-06,9.38351193e-06
0.00000000e+00,1.19794431e-06,2.39576018e-06,3.59362316e-06,4.79149754e-06
0.00000000e+00,1.85396018e-06,3.70780096e-06,5.56169321e-06,7.41559095e-06
0.00000000e+00,2.22259870e-06,4.44510519e-06,6.66766350e-06,8.89021800e-06
0.00000000e+00,1.24239677e-06,2.48467893e-06,3.72701161e-06,4.96934882e-06
0.00000000e+00,2.29506672e-06,4.59003930e-06,6.88505615e-06,9.18007487e-06
0.00000000e+00,1.26961348e-06,2.53909999e-06,3.80863937e-06,5.07818582e-06
0.00000000e+00,2.34592425e-06,4.69175465e-06,7.03763395e-06,9.38351193e-06
0.00000000e+00,1.16656433e-06,2.33302307e-06,3.49952991e-06,4.66603988e-06
0.00000000e+00,1.80432532e-06,3.60854885e-06,5.41282208e-06,7.21709610e-06
0.00000000e+00,2.16336597e-06,4.32664682e-06,6.48997057e-06,8.65329409e-06
0.00000000e+00,1.02165075e-06,2.04322849e-06,3.06483517e-06,4.08644689e-06
0.00000000e+00,1.89286523e-06,3.78566844e-06,5.67849304e-06,7.57132405e-06
0.00000000e+00,1.18108988e-06,2.36208210e-06,3.54311345e-06,4.72415127e-06
0.00000000e+00,2.18266608e-06,4.36526167e-06,6.54789569e-06,8.73052758e-06
0.00000000e+00,9.52757629e-07,1.90544898e-06,2.85816706e-06,3.81088941e-06
0.00000000e+00,1.48760867e-06,2.97515265e-06,4.46272364e-06,5.95029819e-06
0.00000000e+00,1.77716965e-06,3.55428126e-06,5.33141228e-06,7.10854970e-06
0.00000000e+00,0.00000000e+00,0.00000000e+00,0.00000000e+00,0.00000000e+00
0.00000000e+00,0.00000000e+00,0.00000000e+00,0.00000000e+00,0.00000000e+00
0.00000000e+00,7.39528315e-07,1.47901613e-06,2.21851651e-06,2.95802202e-06
0.00000000e+00,1.36630960e-06,2.73259250e-06,4.09888788e-06,5.46518384e-06
0.00000000e+00,0.00000000e+00,0.00000000e+00,0.00000000e+00,0.00000000e+00
0.00000000e+00,0.00000000e+00,0.00000000e+00,0.00000000e+00,0.00000000e+00
0.00000000e+00,0.00000000e+00,0.00000000e+00,0.00000000e+00,0.00000000e+00
0.00000000e+00,0.00000000e+00,0.00000000e+00,0.00000000e+00,0.00000000e+00
0.00000000e+00,2.22954311e-11,6.23921204e-12,8.53638251e-18,9.32945735e-18
0.00000000e+00,0.00000000e+00,0.00000000e+00,0.00000000e+00,0.00000000e+00
0.00000000e+00,0.00000000e+00,0.00000000e+00,0.00000000e+00,0.00000000e+00
0.00000000e+00,9.20008957e-12,3.07637535e-13,4.31193212e-18,3.46725019e-18
0.00000000e+00,1.61508761e-11,2.20549202e-12,6.97384289e-18,7.38064631e-18
0.00000000e+00,2.67667930e-07,5.35294656e-07,8.02933514e-07,1.07057802e-06
0.00000000e+00,3.11252687e-11,3.41198498e-12,1.11595290e-17,1.04928827e-17
0.00000000e+00,2.59179206e-11,1.04463090e-12,1.17009830e-17,9.39736502e-18
0.00000000e+00,2.45769730e-11,5.26693206e-13,1.09027327e-17,1.03614826e-17
0.00000000e+00,3.76345446e-07,7.52627441e-07,1.12893771e-06,1.50525028e-06
0.00000000e+00,3.33900112e-11,1.28711682e-12,1.44695396e-17,1.16557031e-17
0.00000000e+00,3.09995625e-11,-2.89851650e-12,1.60483021e-17,1.18757234e-17
0.00000000e+00,2.89545456e-11,8.77362795e-13,1.28634694e-17,1.11008576e-17
0.00000000e+00,3.94798541e-07,7.89527400e-07,1.18429423e-06,1.57905897e-06
0.00000000e+00,3.61369185e-11,7.23161301e-12,1.33675836e-17,9.34992278e-18
0.00000000e+00,3.55978795e-11,8.76572225e-13,1.53580613e-17,9.90153055e-18
0.00000000e+00,2.78963122e-11,2.98122423e-12,1.06385235e-17,7.94516534e-18
0.00000000e+00,3.76349476e-07,7.52630242e-07,1.12893771e-06,1.50525028e-06
0.00000000e+00,1.93862942e-11,2.57243680e-12,5.19114490e-18,3.11219412e-18
0.00000000e+00,2.85081720e-11,2.58742747e-12,1.10441914e-17,6.42196314e-18
0.00000000e+00,1.54351699e-11,1.01562675e-12,4.46974075e-18,3.03348106e-18
0.00000000e+00,2.67661129e-07,5.35287796e-07,8.02933514e-07,1.07057802e-06
0.00000000e+00,0.00000000e+00,0.00000000e+00,0.00000000e+00,0.00000000e+00
0.00000000e+00,8.13048013e-12,-9.79220195e-13,4.21755973e-18,2.41128575e-18
0.00000000e+00,0.00000000e+00,0.00000000e+00,0.00000000e+00,0.00000000e+00
0.00000000e+00,0.00000000e+00,0.00000000e+00,0.00000000e+00,0.00000000e+00
0.00000000e+00,0.00000000e+00,0.00000000e+00,0.00000000e+00,0.00000000e+00
0.00000000e+00,2.42737257e-11,2.04443777e-12,1.26179449e-17,1.02622813e-17
0.00000000e+00,0.00000000e+00,0.00000000e+00,0.00000000e+00,0.00000000e+00
0.00000000e+00,0.00000000e+00,0.00000000e+00,0.00000000e+00,0.00000000e+00
0.00000000e+00,1.28054865e-11,1.46696200e-12,5.57943562e-18,4.82657067e-18
0.00000000e+00,2.31066623e-11,4.06391805e-12,1.04932529e-17,9.64473402e-18
0.00000000e+00,3.45751022e-07,6.91455923e-07,1.03718055e-06,1.38290740e-06
0.00000000e+00,3.68126583e-11,-1.14895758e-12,1.94568268e-17,1.46499222e-17
0.00000000e+00,3.40580538e-11,3.07111606e-12,1.49425880e-17,1.17472445e-17
0.00000000e+00,3.42993346e-11,1.48399232e-12,1.48842465e-17,1.19255984e-17
0.00000000e+00,4.61057621e-07,9.22043975e-07,1.38307126e-06,1.84409501e-06
0.00000000e+00,4.47726585e-11,2.45157825e-13,2.17331892e-17,1.28121329e-17
0.00000000e+00,4.27419463e-11,6.30914543e-13,2.04629882e-17,1.44158651e-17
0.00000000e+00,3.87502359e-11,5.59401177e-13,1.79424255e-17,1.20808354e-17
0.00000000e+00,4.79407123e-07,9.58727349e-07,1.43809221e-06,1.91745628e-06
0.00000000e+00,4.20240868e-11,1.96612947e-12,2.00423330e-17,8.56410426e-18
0.00000000e+00,4.45301708e-11,1.65801323e-12,2.10749110e-17,1.29668054e-17
0.00000000e+00,3.86874377e-11,4.34458719e-12,1.61685202e-17,8.63975895e-18
0.00000000e+00,4.61063650e-07,9.22047926e-07,1.38307126e-06,1.84409501e-06
0.00000000e+00,2.13332569e-11,-2.20880880e-12,8.13719665e-18,1.36029360e-18
0.00000000e+00,3.55877234e-11,3.04009285e-12,1.57275858e-17,8.54379452e-18
0.00000000e+00,1.95921982e-11,-3.52748556e-13,6.81419864e-18,2.36656179e-18
0.00000000e+00,3.45748123e-07,6.91451588e-07,1.03718055e-06,1.38290740e-06
0.00000000e+00,0.00000000e+00,0.00000000e+00,0.00000000e+00,0.00000000e+00
0.00000000e+00,1.20035098e-11,6.99115662e-14,6.20910441e-18,3.42328786e-18
0.00000000e+00,0.00000000e+00,0.00000000e+00,0.00000000e+00,0.00000000e+00
0.00000000e+00,0.00000000e+00,0.00000000e+00,0.00000000e+00,0.00000000e+00
0.00000000e+00,0.00000000e+00,0.00000000e+00,0.00000000e+00,0.00000000e+00
0.00000000e+00,3.24089108e-11,4.75386397e-12,1.39270452e-17,1.17267427e-17
0.00000000e+00,0.00000000e+00,0.00000000e+00,0.00000000e+00,0.00000000e+00
0.00000000e+00,0.00000000e+00,0.00000000e+00,0.00000000e+00,0.00000000e+00
0.00000000e+00,1.61203757e-11,2.17688058e-12,6.75544538e-18,5.46658415e-18
0.00000000e+00,2.80570587e-11,3.13820791e-12,1.32270023e-17,1.07201272e-17
0.00000000e+00,4.37562198e-07,8.75066091e-07,1.31259253e-06,1.75012338e-06
0.00000000e+00,5.41422316e-11,6.63606185e-12,2.50781692e-17,1.99118449e-17
0.00000000e+00,4.31917113e-11,4.94794084e-12,1.87633586e-17,1.46611784e-17
0.00000000e+00,4.49298275e-11,2.36407090e-12,2.23323749e-17,1.72581489e-17
0.00000000e+00,5.44747734e-07,1.08939426e-06,1.63407866e-06,2.17877154e-06
0.00000000e+00,6.06619398e-11,5.28454923e-12,3.12873643e-17,2.02167952e-17
0.00000000e+00,5.77578020e-11,5.46230461e-12,2.63743717e-17,1.80055011e-17
0.00000000e+00,5.28025074e-11,2.96215403e-12,2.61591603e-17,1.60807268e-17
0.00000000e+00,5.60897168e-07,1.12168007e-06,1.68251097e-06,2.24334796e-06
0.00000000e+00,5.06772947e-11,1.34241381e-12,2.62520408e-17,1.32813429e-17
0.00000000e+00,5.61632307e-11,2.97551730e-12,2.81273730e-17,1.67838932e-17
0.00000000e+00,4.52935616e-11,7.56523906e-13,2.29586412e-17,1.06387302e-17
0.00000000e+00,5.44743988e-07,1.08938884e-06,1.63407866e-06,2.17877154e-06
0.00000000e+00,3.06337322e-11,9.83517667e-13,1.62586359e-17,8.59889327e-18
0.00000000e+00,4.36760307e-11,3.45992566e-12,2.16180923e-17,1.19214846e-17
0.00000000e+00,2.50537579e-11,-1.41379186e-12,1.21760825e-17,4.79952675e-18
0.00000000e+00,4.37564496e-07,8.75066355e-07,1.31259253e-06,1.75012338e-06
0.00000000e+00,0.00000000e+00,0.00000000e+00,0.00000000e+00,0.00000000e+00
0.00000000e+00,1.62943821e-11,1.33822936e-12,8.37883213e-18,4.55847540e-18
0.00000000e+00,0.00000000e+00,0.00000000e+00,0.00000000e+00,0.00000000e+00
0.00000000e+00,0.00000000e+00,0.00000000e+00,0.00000000e+00,0.00000000e+00
0.00000000e+00,0.00000000e+00,0.00000000e+00,0.00000000e+00,0.00000000e+00
0.00000000e+00,4.25827581e-11,8.24655030e-12,1.71270688e-17,1.61567269e-17
0.00000000e+00,0.00000000e+00,0.00000000e+00,0.00000000e+00,0.00000000e+00
0.00000000e+00,0.00000000e+00,0.00000000e+00,0.00000000e+00,0.00000000e+00
0.00000000e+00,1.99304586e-11,3.35507369e-12,8.66846462e-18,7.29925820e-18
0.00000000e+00,3.73273032e-11,6.35302822e-12,1.55393401e-17,1.40610998e-17
0.00000000e+00,5.21286934e-07,1.04249658e-06,1.56373007e-06,2.08497342e-06
0.00000000e+00,6.78542661e-11,9.87471877e-12,2.98166156e-17,2.24525749e-17
0.00000000e+00,5.40894403e-11,8.92147889e-12,2.24988519e-17,1.72131168e-17
0.00000000e+00,6.12803192e-11,8.51079261e-12,2.75649606e-17,2.13439410e-17
0.00000000e+00,6.33744376e-07,1.26736219e-06,1.90102242e-06,2.53469657e-06
0.00000000e+00,7.45142255e-11,7.55966688e-12,3.68864572e-17,2.25220991e-17
0.00000000e+00,6.96416023e-11,8.19814274e-12,3.20133303e-17,2.17462223e-17
0.00000000e+00,6.75551899e-11,6.43570587e-12,3.42967236e-17,2.16134186e-17
0.00000000e+00,6.51109886e-07,1.30207722e-06,1.95309860e-06,2.60413147e-06
0.00000000e+00,6.27624471e-11,2.92387202e-12,3.56914224e-17,2.07686474e-17
0.00000000e+00,6.71222152e-11,4.45139980e-12,3.39712813e-17,2.00734432e-17
0.00000000e+00,5.62678755e-11,1.76877904e-12,3.09244308e-17,1.70108404e-17
0.00000000e+00,6.33735546e-07,1.26735183e-06,1.90102242e-06,2.53469657e-06
0.00000000e+00,3.88319219e-11,2.37923067e-12,2.12216918e-17,1.14255071e-17
0.00000000e+00,5.08001011e-11,3.44752014e-12,2.64548840e-17,1.44220587e-17
0.00000000e+00,3.46434924e-11,1.63570653e-12,1.84506523e-17,9.81913173e-18
0.00000000e+00,5.21283624e-07,1.04249142e-06,1.56373007e-06,2.08497342e-06
0.00000000e+00,0.00000000e+00,0.00000000e+00,0.00000000e+00,0.00000000e+00
0.00000000e+00,2.02020339e-11,2.30129101e-12,9.87650533e-18,4.81552630e-18
0.00000000e+00,0.00000000e+00,0.00000000e+00,0.00000000e+00,0.00000000e+00
0.00000000e+00,0.00000000e+00,0.00000000e+00,0.00000000e+00,0.00000000e+00
0.00000000e+00,0.00000000e+00,0.00000000e+00,0.00000000e+00,0.00000000e+00
0.00000000e+00,-5.39811368e-07,-1.07966110e-06,-1.61949362e-06,-2.15932483e-06
0.00000000e+00,0.00000000e+00,0.00000000e+00,0.00000000e+00,0.00000000e+00
0.00000000e+00,0.00000000e+00,0.00000000e+00,0.00000000e+00,0.00000000e+00
0.00000000e+00,-3.00292243e-07,-6.00604408e-07,-9.00911276e-07,-1.20121503e-06
0.00000000e+00,-4.68131794e-07,-9.36294207e-07,-1.40444124e-06,-1.87258833e-06
0.00000000e+00,-2.67623615e-07,-5.35285032e-07,-8.02933514e-07,-1.07057802e-06
0.00000000e+00,-7.52254904e-07,-1.50457442e-06,-2.25686404e-06,-3.00915205e-06
0.00000000e+00,-6.82662701e-07,-1.36537655e-06,-2.04807172e-06,-2.73076229e-06
0.00000000e+00,-6.66473603e-07,-1.33300205e-06,-1.99950659e-06,-2.66600878e-06
0.00000000e+00,-3.76279113e-07,-7.52620685e-07,-1.12893771e-06,-1.50525028e-06
0.00000000e+00,-7.87919580e-07,-1.57591682e-06,-2.36388169e-06,-3.15184226e-06
0.00000000e+00,-7.80345923e-07,-1.56075682e-06,-2.34113890e-06,-3.12151853e-06
0.00000000e+00,-7.01046076e-07,-1.40215812e-06,-2.10324495e-06,-2.80432660e-06
0.00000000e+00,-3.94725290e-07,-7.89523459e-07,-1.18429423e-06,-1.57905897e-06
0.00000000e+00,-7.52254203e-07,-1.50457469e-06,-2.25686404e-06,-3.00915205e-06
0.00000000e+00,-7.80346353e-07,-1.56075764e-06,-2.34113890e-06,-3.12151853e-06
0.00000000e+00,-6.66474178e-07,-1.33300319e-06,-1.99950659e-06,-2.66600878e-06
0.00000000e+00,-3.76278311e-07,-7.52620771e-07,-1.12893771e-06,-1.50525028e-06
0.00000000e+00,-5.39805967e-07,-1.07965682e-06,-1.61949362e-06,-2.15932483e-06
0.00000000e+00,-6.82661108e-07,-1.36537557e-06,-2.04807172e-06,-2.73076229e-06
0.00000000e+00,-4.68125079e-07,-9.36288111e-07,-1.40444124e-06,-1.87258833e-06
0.00000000e+00,-2.67621589e-07,-5.35284140e-07,-8.02933514e-07,-1.07057802e-06
0.00000000e+00,0.00000000e+00,0.00000000e+00,0.00000000e+00,0.00000000e+00
0.00000000e+00,-3.00295767e-07,-6.00608150e-07,-9.00911276e-07,-1.20121503e-06
0.00000000e+00,0.00000000e+00,0.00000000e+00,0.00000000e+00,0.00000000e+00
0.00000000e+00,0.00000000e+00,0.00000000e+00,0.00000000e+00,0.00000000e+00
0.00000000e+00,0.00000000e+00,0.00000000e+00,0.00000000e+00,0.00000000e+00
0.00000000e+00,-6.98647320e-07,-1.39734104e-06,-2.09601550e-06,-2.79468733e-06
0.00000000e+00,0.00000000e+00,0.00000000e+00,0.00000000e+00,0.00000000e+00
0.00000000e+00,0.00000000e+00,0.00000000e+00,0.00000000e+00,0.00000000e+00
0.00000000e+00,-3.97006274e-07,-7.94036200e-07,-1.19105725e-06,-1.58807634e-06
0.00000000e+00,-6.15704072e-07,-1.23145051e-06,-1.84717828e-06,-2.46290438e-06
0.00000000e+00,-3.45702690e-07,-6.91451404e-07,-1.03718055e-06,-1.38290740e-06
0.00000000e+00,-9.20608835e-07,-1.84129875e-06,-2.76195707e-06,-3.68260942e-06
0.00000000e+00,-8.53315018e-07,-1.70669359e-06,-2.56004596e-06,-3.41339461e-06
0.00000000e+00,-8.37584874e-07,-1.67524246e-06,-2.51286880e-06,-3.35049173e-06
0.00000000e+00,-4.60982367e-07,-9.22043712e-07,-1.38307126e-06,-1.84409501e-06
0.00000000e+00,-9.56745387e-07,-1.91358032e-06,-2.87037449e-06,-3.82716599e-06
0.00000000e+00,-9.49842961e-07,-1.89976562e-06,-2.84964643e-06,-3.79952858e-06
0.00000000e+00,-8.72932569e-07,-1.74594781e-06,-2.61892515e-06,-3.49190020e-06
0.00000000e+00,-4.79318991e-07,-9.58726652e-07,-1.43809221e-06,-1.91745628e-06
0.00000000e+00,-9.20607118e-07,-1.84129843e-06,-2.76195707e-06,-3.68260942e-06
0.00000000e+00,-9.49837671e-07,-1.89976151e-06,-2.84964643e-06,-3.79952858e-06
0.00000000e+00,-8.37583176e-07,-1.67524191e-06,-2.51286880e-06,-3.35049173e-06
0.00000000e+00,-4.60979782e-07,-9.22042774e-07,-1.38307126e-06,-1.84409501e-06
0.00000000e+00,-6.98641149e-07,-1.39733608e-06,-2.09601550e-06,-2.79468733e-06
0.00000000e+00,-8.53314466e-07,-1.70669434e-06,-2.56004596e-06,-3.41339461e-06
0.00000000e+00,-6.15697306e-07,-1.23144491e-06,-1.84717828e-06,-2.46290438e-06
0.00000000e+00,-3.45700624e-07,-6.91450403e-07,-1.03718055e-06,-1.38290740e-06
0.00000000e+00,0.00000000e+00,0.00000000e+00,0.00000000e+00,0.00000000e+00
0.00000000e+00,-3.97009709e-07,-7.94040034e-07,-1.19105725e-06,-1.58807634e-06
0.00000000e+00,0.00000000e+00,0.00000000e+00,0.00000000e+00,0.00000000e+00
0.00000000e+00,0.00000000e+00,0.00000000e+00,0.00000000e+00,0.00000000e+00
0.00000000e+00,0.00000000e+00,0.00000000e+00,0.00000000e+00,0.00000000e+00
0.00000000e+00,-8.84757606e-07,-1.76957146e-06,-2.65436397e-06,-3.53915196e-06
0.00000000e+00,0.00000000e+00,0.00000000e+00,0.00000000e+00,0.00000000e+00
0.00000000e+00,0.00000000e+00,0.00000000e+00,0.00000000e+00,0.00000000e+00
0.00000000e+00,-5.25374925e-07,-1.05077830e-06,-1.57617076e-06,-2.10156101e-06
0.00000000e+00,-7.87252173e-07,-1.57455582e-06,-2.36183945e-06,-3.14911927e-06
0.00000000e+00,-4.37499796e-07,-8.75057405e-07,-1.31259253e-06,-1.75012338e-06
0.00000000e+00,-1.08611265e-06,-2.17232055e-06,-3.25848701e-06,-4.34464935e-06
0.00000000e+00,-1.02079978e-06,-2.04167630e-06,-3.06252209e-06,-4.08336279e-06
0.00000000e+00,-1.00581192e-06,-2.01171218e-06,-3.01757612e-06,-4.02343482e-06
0.00000000e+00,-5.44643629e-07,-1.08938274e-06,-1.63407866e-06,-2.17877154e-06
0.00000000e+00,-1.11972447e-06,-2.23955479e-06,-3.35933205e-06,-4.47910940e-06
0.00000000e+00,-1.11237271e-06,-2.22484546e-06,-3.33727136e-06,-4.44969515e-06
0.00000000e+00,-1.03820975e-06,-2.07651774e-06,-3.11477914e-06,-4.15303886e-06
0.00000000e+00,-5.60781571e-07,-1.12167258e-06,-1.68251097e-06,-2.24334796e-06
0.00000000e+00,-1.08611550e-06,-2.17232526e-06,-3.25848701e-06,-4.34464935e-06
0.00000000e+00,-1.11237010e-06,-2.22484401e-06,-3.33727136e-06,-4.44969515e-06
0.00000000e+00,-1.00581193e-06,-2.01171383e-06,-3.01757612e-06,-4.02343482e-06
0.00000000e+00,-5.44644009e-07,-1.08938512e-06,-1.63407866e-06,-2.17877154e-06
0.00000000e+00,-8.84760009e-07,-1.76957539e-06,-2.65436397e-06,-3.53915196e-06
0.00000000e+00,-1.02080012e-06,-2.04167843e-06,-3.06252209e-06,-4.08336279e-06
0.00000000e+00,-7.87250244e-07,-1.57455524e-06,-2.36183945e-06,-3.14911927e-06
0.00000000e+00,-4.37504130e-07,-8.75063353e-07,-1.31259253e-06,-1.75012338e-06
0.00000000e+00,0.00000000e+00,0.00000000e+00,0.00000000e+00,0.00000000e+00
0.00000000e+00,-5.25375630e-07,-1.05077988e-06,-1.57617076e-06,-2.10156101e-06
0.00000000e+00,0.00000000e+00,0.00000000e+00,0.00000000e+00,0.00000000e+00
0.00000000e+00,0.00000000e+00,0.00000000e+00,0.00000000e+00,0.00000000e+00
0.00000000e+00,0.00000000e+00,0.00000000e+00,0.00000000e+00,0.00000000e+00
0.00000000e+00,-1.02157566e-06,-2.04321776e-06,-3.06483517e-06,-4.08644689e-06
0.00000000e+00,0.00000000e+00,0.00000000e+00,0.00000000e+00,0.00000000e+00
0.00000000e+00,0.00000000e+00,0.00000000e+00,0.00000000e+00,0.00000000e+00
0.00000000e+00,-7.39488466e-07,-1.47900973e-06,-2.21851651e-06,-2.95802202e-06
0.00000000e+00,-9.52689004e-07,-1.90543932e-06,-2.85816706e-06,-3.81088941e-06
0.00000000e+00,-5.21204861e-07,-1.04248098e-06,-1.56373007e-06,-2.08497342e-06
0.00000000e+00,-1.24227916e-06,-2.48466940e-06,-3.72701161e-06,-4.96934882e-06
0.00000000e+00,-1.18099417e-06,-2.36207441e-06,-3.54311345e-06,-4.72415127e-06
0.00000000e+00,-1.16645454e-06,-2.33301379e-06,-3.49952991e-06,-4.66603988e-06
0.00000000e+00,-6.33612968e-07,-1.26734286e-06,-1.90102242e-06,-2.53469657e-06
0.00000000e+00,-1.27670592e-06,-2.55353470e-06,-3.83030135e-06,-5.10706846e-06
0.00000000e+00,-1.26948765e-06,-2.53909240e-06,-3.80863937e-06,-5.07818582e-06
0.00000000e+00,-1.19781781e-06,-2.39574940e-06,-3.59362316e-06,-4.79149754e-06
0.00000000e+00,-6.50962562e-07,-1.30206039e-06,-1.95309860e-06,-2.60413147e-06
0.00000000e+00,-1.24227718e-06,-2.48467011e-06,-3.72701161e-06,-4.96934882e-06
0.00000000e+00,-1.26948650e-06,-2.53909256e-06,-3.80863937e-06,-5.07818582e-06
0.00000000e+00,-1.16645732e-06,-2.33301871e-06,-3.49952991e-06,-4.66603988e-06
0.00000000e+00,-6.33611165e-07,-1.26734357e-06,-1.90102242e-06,-2.53469657e-06
0.00000000e+00,-1.02157912e-06,-2.04322326e-06,-3.06483517e-06,-4.08644689e-06
0.00000000e+00,-1.18099428e-06,-2.36207700e-06,-3.54311345e-06,-4.72415127e-06
0.00000000e+00,-9.52690582e-07,-1.90544279e-06,-2.85816706e-06,-3.81088941e-06
0.00000000e+00,-5.21206135e-07,-1.04248478e-06,-1.56373007e-06,-2.08497342e-06
0.00000000e+00,0.00000000e+00,0.00000000e+00,0.00000000e+00,0.00000000e+00
0.00000000e+00,-7.39488812e-07,-1.47901176e-06,-2.21851651e-06,-2.95802202e-06
0.00000000e+00,0.00000000e+00,0.00000000e+00,0.00000000e+00,0.00000000e+00
0.00000000e+00,0.00000000e+00,0.00000000e+00,0.00000000e+00,0.00000000e+00
0.00000000e+00,0.00000000e+00,0.00000000e+00,0.00000000e+00,0.00000000e+00
0.00000000e+00,-1.07050822e-06,-2.14106281e-06,-3.21161284e-06,-4.28215045e-06
0.00000000e+00,0.00000000e+00,0.00000000e+00,0.00000000e+00,0.00000000e+00
0.00000000e+00,0.00000000e+00,0.00000000e+00,0.00000000e+00,0.00000000e+00
0.00000000e+00,-6.01105414e-07,-1.20223077e-06,-1.80335249e-06,-2.40446999e-06
0.00000000e+00,-9.42041174e-07,-1.88415276e-06,-2.82627383e-06,-3.76836511e-06
0.00000000e+00,-7.98795915e-07,-1.59763566e-06,-2.39646382e-06,-3.19528509e-06
0.00000000e+00,-1.45446934e-06,-2.90900762e-06,-4.36353640e-06,-5.81804853e-06
0.00000000e+00,-1.33296079e-06,-2.66596921e-06,-3.99896378e-06,-5.33195170e-06
0.00000000e+00,-1.30830057e-06,-2.61670725e-06,-3.92512596e-06,-5.23350128e-06
0.00000000e+00,-1.10428535e-06,-2.20863480e-06,-3.31295719e-06,-4.41727625e-06
0.00000000e+00,-1.51689753e-06,-3.03386226e-06,-4.55080516e-06,-6.06774021e-06
0.00000000e+00,-1.50377667e-06,-3.00761030e-06,-4.51142014e-06,-6.01522685e-06
0.00000000e+00,-1.36880498e-06,-2.73772109e-06,-4.10664596e-06,-5.47552795e-06
0.00000000e+00,-1.15430462e-06,-2.30868494e-06,-3.46303483e-06,-4.61737978e-06
0.00000000e+00,-1.45447410e-06,-2.90901177e-06,-4.36353640e-06,-5.81804853e-06
0.00000000e+00,-1.50377548e-06,-3.00760958e-06,-4.51142014e-06,-6.01522685e-06
0.00000000e+00,-1.30832272e-06,-2.61672612e-06,-3.92512596e-06,-5.23350128e-06
0.00000000e+00,-1.10428128e-06,-2.20863137e-06,-3.31295719e-06,-4.41727625e-06
0.00000000e+00,-1.07050974e-06,-2.14106304e-06,-3.21161284e-06,-4.28215045e-06
0.00000000e+00,-1.33296170e-06,-2.66597027e-06,-3.99896378e-06,-5.33195170e-06
0.00000000e+00,-9.42054837e-07,-1.88416250e-06,-2.82627383e-06,-3.76836511e-06
0.00000000e+00,-7.98794301e-07,-1.59763374e-06,-2.39646382e-06,-3.19528509e-06
0.00000000e+00,0.00000000e+00,0.00000000e+00,0.00000000e+00,0.00000000e+00
0.00000000e+00,-6.01109368e-07,-1.20223437e-06,-1.80335249e-06,-2.40446999e-06
0.00000000e+00,0.00000000e+00,0.00000000e+00,0.00000000e+00,0.00000000e+00
0.00000000e+00,0.00000000e+00,0.00000000e+00,0.00000000e+00,0.00000000e+00
0.00000000e+00,0.00000000e+00,0.00000000e+00,0.00000000e+00,0.00000000e+00
0.00000000e+00,-1.35088256e-06,-2.70180840e-06,-4.05272395e-06,-5.40363193e-06
0.00000000e+00,0.00000000e+00,0.00000000e+00,0.00000000e+00,0.00000000e+00
0.00000000e+00,0.00000000e+00,0.00000000e+00,0.00000000e+00,0.00000000e+00
0.00000000e+00,-7.78529185e-07,-1.55708080e-06,-2.33562679e-06,-3.11416905e-06
0.00000000e+00,-1.20556329e-06,-2.41116953e-06,-3.61676785e-06,-4.82235713e-06
0.00000000e+00,-1.01569331e-06,-2.03143212e-06,-3.04715651e-06,-4.06287534e-06
0.00000000e+00,-1.74284842e-06,-3.48575826e-06,-5.22864282e-06,-6.97152375e-06
0.00000000e+00,-1.62384775e-06,-3.24775109e-06,-4.87163612e-06,-6.49551483e-06
0.00000000e+00,-1.60069960e-06,-3.20146248e-06,-4.80220872e-06,-6.40294496e-06
0.00000000e+00,-1.33375510e-06,-2.66758097e-06,-4.00137781e-06,-5.33517041e-06
0.00000000e+00,-1.80499451e-06,-3.61005075e-06,-5.41506843e-06,-7.22009124e-06
0.00000000e+00,-1.79351105e-06,-3.58708804e-06,-5.38063322e-06,-7.17417763e-06
0.00000000e+00,-1.66149841e-06,-3.32305725e-06,-4.98458456e-06,-6.64611275e-06
0.00000000e+00,-1.38323113e-06,-2.76653978e-06,-4.14981052e-06,-5.53308069e-06
0.00000000e+00,-1.74284888e-06,-3.48575975e-06,-5.22864282e-06,-6.97152375e-06
0.00000000e+00,-1.79350899e-06,-3.58708676e-06,-5.38063322e-06,-7.17417763e-06
0.00000000e+00,-1.60070178e-06,-3.20146511e-06,-4.80220872e-06,-6.40294496e-06
0.00000000e+00,-1.33375577e-06,-2.66758253e-06,-4.00137781e-06,-5.33517041e-06
0.00000000e+00,-1.35088284e-06,-2.70180925e-06,-4.05272395e-06,-5.40363193e-06
0.00000000e+00,-1.62384664e-06,-3.24775082e-06,-4.87163612e-06,-6.49551483e-06
0.00000000e+00,-1.20556399e-06,-2.41117008e-06,-3.61676785e-06,-4.82235713e-06
0.00000000e+00,-1.01569343e-06,-2.03143301e-06,-3.04715651e-06,-4.06287534e-06
0.00000000e+00,0.00000000e+00,0.00000000e+00,0.00000000e+00,0.00000000e+00
0.00000000e+00,-7.78530114e-07,-1.55708199e-06,-2.33562679e-06,-3.11416905e-06
0.00000000e+00,0.00000000e+00,0.00000000e+00,0.00000000e+00,0.00000000e+00
0.00000000e+00,0.00000000e+00,0.00000000e+00,0.00000000e+00,0.00000000e+00
0.00000000e+00,0.00000000e+00,0.00000000e+00,0.00000000e+00,0.00000000e+00
0.00000000e+00,-1.66131184e-06,-3.32267578e-06,-4.98402760e-06,-6.64537014e-06
0.00000000e+00,0.00000000e+00,0.00000000e+00,0.00000000e+00,0.00000000e+00
0.00000000e+00,0.00000000e+00,0.00000000e+00,0.00000000e+00,0.00000000e+00
0.00000000e+00,-1.01226510e-06,-2.02455479e-06,-3.03683700e-06,-4.04911601e-06
0.00000000e+00,-1.50045023e-06,-3.00094780e-06,-4.50143393e-06,-6.00191190e-06
0.00000000e+00,-1.26087446e-06,-2.52180145e-06,-3.78271043e-06,-5.04361390e-06
0.00000000e+00,-2.02667656e-06,-4.05342566e-06,-6.08014091e-06,-8.10685454e-06
0.00000000e+00,-1.90754070e-06,-3.81514519e-06,-5.72272838e-06,-7.63030450e-06
0.00000000e+00,-1.88804302e-06,-3.77615278e-06,-5.66423253e-06,-7.55231003e-06
0.00000000e+00,-1.56056006e-06,-3.12120426e-06,-4.68181154e-06,-6.24241539e-06
0.00000000e+00,-2.08619402e-06,-4.17246840e-06,-6.25869893e-06,-8.34493190e-06
0.00000000e+00,-2.07293963e-06,-4.14595544e-06,-6.21893405e-06,-8.29191206e-06
0.00000000e+00,-1.94547088e-06,-3.89101313e-06,-5.83651432e-06,-7.78201909e-06
0.00000000e+00,-1.60548511e-06,-3.21106420e-06,-4.81659594e-06,-6.42212793e-06
0.00000000e+00,-2.02667783e-06,-4.05342802e-06,-6.08014091e-06,-8.10685454e-06
0.00000000e+00,-2.07293773e-06,-4.14595452e-06,-6.21893405e-06,-8.29191206e-06
0.00000000e+00,-1.88804609e-06,-3.77615674e-06,-5.66423253e-06,-7.55231003e-06
0.00000000e+00,-1.56056160e-06,-3.12120732e-06,-4.68181154e-06,-6.24241539e-06
0.00000000e+00,-1.66132125e-06,-3.32268565e-06,-4.98402760e-06,-6.64537014e-06
0.00000000e+00,-1.90754359e-06,-3.81514934e-06,-5.72272838e-06,-7.63030450e-06
0.00000000e+00,-1.50045374e-06,-3.00095187e-06,-4.50143393e-06,-6.00191190e-06
0.00000000e+00,-1.26087965e-06,-2.52180757e-06,-3.78271043e-06,-5.04361390e-06
0.00000000e+00,0.00000000e+00,0.00000000e+00,0.00000000e+00,0.00000000e+00
0.00000000e+00,-1.01226814e-06,-2.02455834e-06,-3.03683700e-06,-4.04911601e-06
0.00000000e+00,0.00000000e+00,0.00000000e+00,0.00000000e+00,0.00000000e+00
0.00000000e+00,0.00000000e+00,0.00000000e+00,0.00000000e+00,0.00000000e+00
0.00000000e+00,0.00000000e+00,0.00000000e+00,0.00000000e+00,0.00000000e+00
0.00000000e+00,-1.89279980e-06,-3.78565515e-06,-5.67849304e-06,-7.57132405e-06
0.00000000e+00,0.00000000e+00,0.00000000e+00,0.00000000e+00,0.00000000e+00
0.00000000e+00,0.00000000e+00,0.00000000e+00,0.00000000e+00,0.00000000e+00
0.00000000e+00,-1.36628375e-06,-2.73259170e-06,-4.09888788e-06,-5.46518384e-06
0.00000000e+00,-1.77710604e-06,-3.55426645e-06,-5.33141228e-06,-7.10854970e-06
0.00000000e+00,-1.48754053e-06,-2.97514238e-06,-4.46272364e-06,-5.95029819e-06
0.00000000e+00,-2.29497585e-06,-4.59003540e-06,-6.88505615e-06,-9.18007487e-06
0.00000000e+00,-2.18259321e-06,-4.36525743e-06,-6.54789569e-06,-8.73052758e-06
0.00000000e+00,-2.16328395e-06,-4.32664561e-06,-6.48997057e-06,-8.65329409e-06
0.00000000e+00,-1.80422079e-06,-3.60854294e-06,-5.41282208e-06,-7.21709610e-06
0.00000000e+00,-2.35914116e-06,-4.71837817e-06,-7.07756676e-06,-9.43675568e-06
0.00000000e+00,-2.34583031e-06,-4.69175237e-06,-7.03763395e-06,-9.38351193e-06
0.00000000e+00,-2.22251109e-06,-4.44511040e-06,-6.66766350e-06,-8.89021800e-06
0.00000000e+00,-1.85384063e-06,-3.70779451e-06,-5.56169321e-06,-7.41559095e-06
0.00000000e+00,-2.29497622e-06,-4.59003766e-06,-6.88505615e-06,-9.18007487e-06
0.00000000e+00,-2.34582764e-06,-4.69175098e-06,-7.03763395e-06,-9.38351193e-06
0.00000000e+00,-2.16328452e-06,-4.32664766e-06,-6.48997057e-06,-8.65329409e-06
0.00000000e+00,-1.80421991e-06,-3.60854435e-06,-5.41282208e-06,-7.21709610e-06
0.00000000e+00,-1.89280953e-06,-3.78566622e-06,-5.67849304e-06,-7.57132405e-06
0.00000000e+00,-2.18259399e-06,-4.36525996e-06,-6.54789569e-06,-8.73052758e-06
0.00000000e+00,-1.77711715e-06,-3.55427847e-06,-5.33141228e-06,-7.10854970e-06
0.00000000e+00,-1.48754341e-06,-2.97514714e-06,-4.46272364e-06,-5.95029819e-06
0.00000000e+00,0.00000000e+00,0.00000000e+00,0.00000000e+00,0.00000000e+00
0.00000000e+00,-1.36628332e-06,-2.73259142e-06,-4.09888788e-06,-5.46518384e-06
0.00000000e+00,0.00000000e+00,0.00000000e+00,0.00000000e+00,0.00000000e+00
0.00000000e+00,0.00000000e+00,0.00000000e+00,0.00000000e+00,0.00000000e+00
0.00000000e+00,0.00000000e+00,0.00000000e+00,0.00000000e+00,0.00000000e+00
0.00000000e+00,-1.17254746e-06,-2.34508935e-06,-3.51761143e-06,-4.69014858e-06
0.00000000e+00,0.00000000e+00,0.00000000e+00,0.00000000e+00,0.00000000e+00
0.00000000e+00,0.00000000e+00,0.00000000e+00,0.00000000e+00,0.00000000e+00
0.00000000e+00,-6.51577232e-07,-1.30315382e-06,-1.95472211e-06,-2.60629615e-06
0.00000000e+00,-9.81686494e-07,-1.96334612e-06,-2.94497728e-06,-3.92663638e-06
0.00000000e+00,-1.11870335e-06,-2.23743707e-06,-3.35616413e-06,-4.47488551e-06
0.00000000e+00,-1.63573689e-06,-3.27147292e-06,-4.90717914e-06,-6.54290552e-06
0.00000000e+00,-1.48454076e-06,-2.96908378e-06,-4.45360478e-06,-5.93813970e-06
0.00000000e+00,-1.39860620e-06,-2.79718024e-06,-4.19571073e-06,-5.59428097e-06
0.00000000e+00,-1.54563869e-06,-3.09131641e-06,-4.63697311e-06,-6.18263082e-06
0.00000000e+00,-1.71391079e-06,-3.42782006e-06,-5.14168743e-06,-6.85558324e-06
0.00000000e+00,-1.69699627e-06,-3.39399888e-06,-5.09097131e-06,-6.78796175e-06
0.00000000e+00,-1.47160632e-06,-2.94318089e-06,-4.41470064e-06,-5.88626752e-06
0.00000000e+00,-1.61611939e-06,-3.23228835e-06,-4.84843609e-06,-6.46458146e-06
0.00000000e+00,-1.63572054e-06,-3.27145886e-06,-4.90717914e-06,-6.54290552e-06
0.00000000e+00,-1.69699225e-06,-3.39399584e-06,-5.09097131e-06,-6.78796175e-06
0.00000000e+00,-1.39858074e-06,-2.79715844e-06,-4.19571073e-06,-5.59428097e-06
0.00000000e+00,-1.54563436e-06,-3.09131220e-06,-4.63697311e-06,-6.18263082e-06
0.00000000e+00,-1.17252480e-06,-2.34506975e-06,-3.51761143e-06,-4.69014858e-06
0.00000000e+00,-1.48452697e-06,-2.96907214e-06,-4.45360478e-06,-5.93813970e-06
0.00000000e+00,-9.81653005e-07,-1.96331742e-06,-2.94497728e-06,-3.92663638e-06
0.00000000e+00,-1.11869628e-06,-2.23743029e-06,-3.35616413e-06,-4.47488551e-06
0.00000000e+00,0.00000000e+00,0.00000000e+00,0.00000000e+00,0.00000000e+00
0.00000000e+00,-6.51571425e-07,-1.30314917e-06,-1.95472211e-06,-2.60629615e-06
0.00000000e+00,0.00000000e+00,0.00000000e+00,0.00000000e+00,0.00000000e+00
0.00000000e+00,0.00000000e+00,0.00000000e+00,0.00000000e+00,0.00000000e+00
0.00000000e+00,0.00000000e+00,0.00000000e+00,0.00000000e+00,0.00000000e+00
0.00000000e+00,-1.59389363e-06,-3.18780434e-06,-4.78170480e-06,-6.37560641e-06
0.00000000e+00,0.00000000e+00,0.00000000e+00,0.00000000e+00,0.00000000e+00
0.00000000e+00,0.00000000e+00,0.00000000e+00,0.00000000e+00,0.00000000e+00
0.00000000e+00,-9.04998478e-07,-1.81000559e-06,-2.71500788e-06,-3.62001051e-06
0.00000000e+00,-1.37468056e-06,-2.74936798e-06,-4.12404053e-06,-5.49872070e-06
0.00000000e+00,-1.46672276e-06,-2.93348031e-06,-4.40023101e-06,-5.86697468e-06
0.00000000e+00,-2.10398412e-06,-4.20798909e-06,-6.31196987e-06,-8.41595983e-06
0.00000000e+00,-1.94786403e-06,-3.89574666e-06,-5.84361118e-06,-7.79148158e-06
0.00000000e+00,-1.87254536e-06,-3.74510265e-06,-5.61763345e-06,-7.49017793e-06
0.00000000e+00,-1.92445277e-06,-3.84894615e-06,-5.77341512e-06,-7.69788682e-06
0.00000000e+00,-2.18525097e-06,-4.37053173e-06,-6.55578733e-06,-8.74104977e-06
0.00000000e+00,-2.16999825e-06,-4.34001994e-06,-6.51001376e-06,-8.68001835e-06
0.00000000e+00,-1.95103970e-06,-3.90209743e-06,-5.85312399e-06,-7.80416531e-06
0.00000000e+00,-1.99688905e-06,-3.99382755e-06,-5.99073797e-06,-7.98765063e-06
0.00000000e+00,-2.10397658e-06,-4.20798285e-06,-6.31196987e-06,-8.41595983e-06
0.00000000e+00,-2.16999314e-06,-4.34001567e-06,-6.51001376e-06,-8.68001835e-06
0.00000000e+00,-1.87253517e-06,-3.74509394e-06,-5.61763345e-06,-7.49017793e-06
0.00000000e+00,-1.92444403e-06,-3.84893889e-06,-5.77341512e-06,-7.69788682e-06
0.00000000e+00,-1.59388417e-06,-3.18779632e-06,-4.78170480e-06,-6.37560641e-06
0.00000000e+00,-1.94785537e-06,-3.89573967e-06,-5.84361118e-06,-7.79148158e-06
0.00000000e+00,-1.37466338e-06,-2.74935289e-06,-4.12404053e-06,-5.49872070e-06
0.00000000e+00,-1.46673085e-06,-2.93348835e-06,-4.40023101e-06,-5.86697468e-06
0.00000000e+00,0.00000000e+00,0.00000000e+00,0.00000000e+00,0.00000000e+00
0.00000000e+00,-9.04993775e-07,-1.81000175e-06,-2.71500788e-06,-3.62001051e-06
0.00000000e+00,0.00000000e+00,0.00000000e+00,0.00000000e+00,0.00000000e+00
0.00000000e+00,0.00000000e+00,0.00000000e+00,0.00000000e+00,0.00000000e+00
0.00000000e+00,0.00000000e+00,0.00000000e+00,0.00000000e+00,0.00000000e+00
0.00000000e+00,-2.08110439e-06,-4.16223605e-06,-6.24336144e-06,-8.32448192e-06
0.00000000e+00,0.00000000e+00,0.00000000e+00,0.00000000e+00,0.00000000e+00
0.00000000e+00,0.00000000e+00,0.00000000e+00,0.00000000e+00,0.00000000e+00
0.00000000e+00,-1.24270571e-06,-2.48542568e-06,-3.72814187e-06,-4.97085583e-06
0.00000000e+00,-1.82623240e-06,-3.65248766e-06,-5.47873521e-06,-7.30498028e-06
0.00000000e+00,-1.85841875e-06,-3.71688152e-06,-5.57533798e-06,-7.43378397e-06
0.00000000e+00,-2.56386520e-06,-5.12775942e-06,-7.69162841e-06,-1.02555045e-05
0.00000000e+00,-2.40774617e-06,-4.81552216e-06,-7.22328229e-06,-9.63104306e-06
0.00000000e+00,-2.33967151e-06,-4.67936735e-06,-7.01903824e-06,-9.35871766e-06
0.00000000e+00,-2.29952271e-06,-4.59909685e-06,-6.89864293e-06,-9.19819058e-06
0.00000000e+00,-2.64152096e-06,-5.28308517e-06,-7.92462463e-06,-1.05661662e-05
0.00000000e+00,-2.62463757e-06,-5.24930632e-06,-7.87394447e-06,-1.04985926e-05
0.00000000e+00,-2.41356511e-06,-4.82716756e-06,-7.24074615e-06,-9.65432820e-06
0.00000000e+00,-2.36672453e-06,-4.73350900e-06,-7.10025951e-06,-9.46701268e-06
0.00000000e+00,-2.56385578e-06,-5.12775162e-06,-7.69162841e-06,-1.02555045e-05
0.00000000e+00,-2.62463121e-06,-5.24930090e-06,-7.87394447e-06,-1.04985926e-05
0.00000000e+00,-2.33966249e-06,-4.67935986e-06,-7.01903824e-06,-9.35871766e-06
0.00000000e+00,-2.29951379e-06,-4.59908971e-06,-6.89864293e-06,-9.19819058e-06
0.00000000e+00,-2.08110448e-06,-4.16223778e-06,-6.24336144e-06,-8.32448192e-06
0.00000000e+00,-2.40774614e-06,-4.81552324e-06,-7.22328229e-06,-9.63104306e-06
0.00000000e+00,-1.82622805e-06,-3.65248488e-06,-5.47873521e-06,-7.30498028e-06
0.00000000e+00,-1.85842847e-06,-3.71689118e-06,-5.57533798e-06,-7.43378397e-06
0.00000000e+00,0.00000000e+00,0.00000000e+00,0.00000000e+00,0.00000000e+00
0.00000000e+00,-1.24270738e-06,-2.48542793e-06,-3.72814187e-06,-4.97085583e-06
0.00000000e+00,0.00000000e+00,0.00000000e+00,0.00000000e+00,0.00000000e+00
0.00000000e+00,0.00000000e+00,0.00000000e+00,0.00000000e+00,0.00000000e+00
0.00000000e+00,0.00000000e+00,0.00000000e+00,0.00000000e+00,0.00000000e+00
0.00000000e+00,-2.47175857e-06,-4.94354603e-06,-7.41532447e-06,-9.88709930e-06
0.00000000e+00,0.00000000e+00,0.00000000e+00,0.00000000e+00,0.00000000e+00
0.00000000e+00,0.00000000e+00,0.00000000e+00,0.00000000e+00,0.00000000e+00
0.00000000e+00,-1.77619027e-06,-3.55239655e-06,-5.32859820e-06,-7.10479760e-06
0.00000000e+00,-2.27406610e-06,-4.54815963e-06,-6.82224531e-06,-9.09632708e-06
0.00000000e+00,-2.22815278e-06,-4.45635224e-06,-6.68454079e-06,-8.91272105e-06
0.00000000e+00,-2.99891523e-06,-5.99786856e-06,-8.99679672e-06,-1.19957290e-05
0.00000000e+00,-2.85360377e-06,-5.70724478e-06,-8.56086968e-06,-1.14144929e-05
0.00000000e+00,-2.78670497e-06,-5.57344370e-06,-8.36015731e-06,-1.11468764e-05
0.00000000e+00,-2.69985907e-06,-5.39978007e-06,-8.09966912e-06,-1.07995588e-05
0.00000000e+00,-3.08252613e-06,-6.16509933e-06,-9.24764343e-06,-1.23301912e-05
0.00000000e+00,-3.06456016e-06,-6.12915992e-06,-9.19372875e-06,-1.22583050e-05
0.00000000e+00,-2.86159495e-06,-5.72323462e-06,-8.58484677e-06,-1.14464624e-05
0.00000000e+00,-2.77475283e-06,-5.54957651e-06,-8.32436126e-06,-1.10991483e-05
0.00000000e+00,-2.99891049e-06,-5.99786511e-06,-8.99679672e-06,-1.19957290e-05
0.00000000e+00,-3.06455384e-06,-6.12915495e-06,-9.19372875e-06,-1.22583050e-05
0.00000000e+00,-2.78669864e-06,-5.57343877e-06,-8.36015731e-06,-1.11468764e-05
0.00000000e+00,-2.69985507e-06,-5.39977760e-06,-8.09966912e-06,-1.07995588e-05
0.00000000e+00,-2.47176298e-06,-4.94355164e-06,-7.41532447e-06,-9.88709930e-06
0.00000000e+00,-2.85360148e-06,-5.70724386e-06,-8.56086968e-06,-1.14144929e-05
0.00000000e+00,-2.27406793e-06,-4.54816302e-06,-6.82224531e-06,-9.09632708e-06
0.00000000e+00,-2.22816173e-06,-4.45636245e-06,-6.68454079e-06,-8.91272105e-06
0.00000000e+00,0.00000000e+00,0.00000000e+00,0.00000000e+00,0.00000000e+00
0.00000000e+00,-1.77619600e-06,-3.55240273e-06,-5.32859820e-06,-7.10479760e-06
0.00000000e+00,0.00000000e+00,0.00000000e+00,0.00000000e+00,0.00000000e+00
0.00000000e+00,0.00000000e+00,0.00000000e+00,0.00000000e+00,0.00000000e+00
0.00000000e+00,0.00000000e+00,0.00000000e+00,0.00000000e+00,0.00000000e+00
0.00000000e+00,-1.20716971e-06,-2.41431691e-06,-3.62144489e-06,-4.82859318e-06
0.00000000e+00,0.00000000e+00,0.00000000e+00,0.00000000e+00,0.00000000e+00
0.00000000e+00,0.00000000e+00,0.00000000e+00,0.00000000e+00,0.00000000e+00
0.00000000e+00,-6.68367662e-07,-1.33672971e-06,-2.00508682e-06,-2.67344909e-06
0.00000000e+00,-9.95357386e-07,-1.99069310e-06,-2.98601034e-06,-3.98134712e-06
0.00000000e+00,-1.18580040e-06,-2.37158827e-06,-3.55735770e-06,-4.74314360e-06
0.00000000e+00,-1.69906084e-06,-3.39811210e-06,-5.09714698e-06,-6.79619597e-06
0.00000000e+00,-1.53663660e-06,-3.07326114e-06,-4.60987065e-06,-6.14649421e-06
0.00000000e+00,-1.42992121e-06,-2.85982989e-06,-4.28972044e-06,-5.71962726e-06
0.00000000e+00,-1.66770352e-06,-3.33540352e-06,-5.00308107e-06,-6.67077476e-06
0.00000000e+00,-1.78352348e-06,-3.56703719e-06,-5.35053053e-06,-7.13404071e-06
0.00000000e+00,-1.76522264e-06,-3.53043814e-06,-5.29563720e-06,-7.06084960e-06
0.00000000e+00,-1.50780096e-06,-3.01559375e-06,-4.52336891e-06,-6.03115855e-06
0.00000000e+00,-1.75002581e-06,-3.50004682e-06,-5.25003728e-06,-7.00004971e-06
0.00000000e+00,-1.69905512e-06,-3.39810705e-06,-5.09714698e-06,-6.79619597e-06
0.00000000e+00,-1.76521746e-06,-3.53043347e-06,-5.29563720e-06,-7.06084960e-06
0.00000000e+00,-1.42990912e-06,-2.85981889e-06,-4.28972044e-06,-5.71962726e-06
0.00000000e+00,-1.66769369e-06,-3.33539553e-06,-5.00308107e-06,-6.67077476e-06
0.00000000e+00,-1.20715089e-06,-2.41430195e-06,-3.62144489e-06,-4.82859318e-06
0.00000000e+00,-1.53662320e-06,-3.07324971e-06,-4.60987065e-06,-6.14649421e-06
0.00000000e+00,-9.95331120e-07,-1.99067076e-06,-2.98601034e-06,-3.98134712e-06
0.00000000e+00,-1.18577871e-06,-2.37156983e-06,-3.55735770e-06,-4.74314360e-06
0.00000000e+00,0.00000000e+00,0.00000000e+00,0.00000000e+00,0.00000000e+00
0.00000000e+00,-6.68360532e-07,-1.33672405e-06,-2.00508682e-06,-2.67344909e-06
0.00000000e+00,0.00000000e+00,0.00000000e+00,0.00000000e+00,0.00000000e+00
0.00000000e+00,0.00000000e+00,0.00000000e+00,0.00000000e+00,0.00000000e+00
0.00000000e+00,0.00000000e+00,0.00000000e+00,0.00000000e+00,0.00000000e+00
0.00000000e+00,-1.67604752e-06,-3.35207748e-06,-5.02809151e-06,-6.70412201e-06
0.00000000e+00,0.00000000e+00,0.00000000e+00,0.00000000e+00,0.00000000e+00
0.00000000e+00,0.00000000e+00,0.00000000e+00,0.00000000e+00,0.00000000e+00
0.00000000e+00,-9.46547042e-07,-1.89308798e-06,-2.83962380e-06,-3.78616506e-06
0.00000000e+00,-1.43173791e-06,-2.86345437e-06,-4.29515215e-06,-5.72686953e-06
0.00000000e+00,-1.62604353e-06,-3.25208096e-06,-4.87810201e-06,-6.50413602e-06
0.00000000e+00,-2.23068841e-06,-4.46135987e-06,-6.69200772e-06,-8.92267696e-06
0.00000000e+00,-2.06024936e-06,-4.12048439e-06,-6.18070281e-06,-8.24093708e-06
0.00000000e+00,-1.96767514e-06,-3.93533718e-06,-5.90297902e-06,-7.87063869e-06
0.00000000e+00,-2.16860680e-06,-4.33721594e-06,-6.50580326e-06,-8.67440434e-06
0.00000000e+00,-2.31989082e-06,-4.63977391e-06,-6.95963923e-06,-9.27951898e-06
0.00000000e+00,-2.30305826e-06,-4.60610698e-06,-6.90913730e-06,-9.21218307e-06
0.00000000e+00,-2.05365085e-06,-4.10729187e-06,-6.16091222e-06,-8.21454963e-06
0.00000000e+00,-2.25537550e-06,-4.51075698e-06,-6.76611348e-06,-9.02148464e-06
0.00000000e+00,-2.23067460e-06,-4.46134688e-06,-6.69200772e-06,-8.92267696e-06
0.00000000e+00,-2.30305041e-06,-4.60609984e-06,-6.90913730e-06,-9.21218307e-06
0.00000000e+00,-1.96766713e-06,-3.93532990e-06,-5.90297902e-06,-7.87063869e-06
0.00000000e+00,-2.16859715e-06,-4.33720747e-06,-6.50580326e-06,-8.67440434e-06
0.00000000e+00,-1.67602890e-06,-3.35206212e-06,-5.02809151e-06,-6.70412201e-06
0.00000000e+00,-2.06023263e-06,-4.12047024e-06,-6.18070281e-06,-8.24093708e-06
0.00000000e+00,-1.43171660e-06,-2.86343697e-06,-4.29515215e-06,-5.72686953e-06
0.00000000e+00,-1.62602736e-06,-3.25206736e-06,-4.87810201e-06,-6.50413602e-06
0.00000000e+00,0.00000000e+00,0.00000000e+00,0.00000000e+00,0.00000000e+00
0.00000000e+00,-9.46539811e-07,-1.89308234e-06,-2.83962380e-06,-3.78616506e-06
0.00000000e+00,0.00000000e+00,0.00000000e+00,0.00000000e+00,0.00000000e+00
0.00000000e+00,0.00000000e+00,0.00000000e+00,0.00000000e+00,0.00000000e+00
0.00000000e+00,0.00000000e+00,0.00000000e+00,0.00000000e+00,0.00000000e+00
0.00000000e+00,-2.22633533e-06,-4.45265795e-06,-6.67896885e-06,-8.90529181e-06
0.00000000e+00,0.00000000e+00,0.00000000e+00,0.00000000e+00,0.00000000e+00
0.00000000e+00,0.00000000e+00,0.00000000e+00,0.00000000e+00,0.00000000e+00
0.00000000e+00,-1.31877507e-06,-2.63754218e-06,-3.95630268e-06,-5.27507024e-06
0.00000000e+00,-1.93736039e-06,-3.87470724e-06,-5.81204149e-06,-7.74938865e-06
0.00000000e+00,-2.13611554e-06,-4.27223146e-06,-6.40833432e-06,-8.54444576e-06
0.00000000e+00,-2.75275604e-06,-5.50549804e-06,-8.25821979e-06,-1.10109597e-05
0.00000000e+00,-2.58260720e-06,-5.16520003e-06,-7.74777664e-06,-1.03303689e-05
0.00000000e+00,-2.49853152e-06,-4.99704569e-06,-7.49553640e-06,-9.99404853e-06
0.00000000e+00,-2.66369163e-06,-5.32738999e-06,-7.99106607e-06,-1.06547548e-05
0.00000000e+00,-2.83742600e-06,-5.67484751e-06,-8.51225503e-06,-1.13496734e-05
0.00000000e+00,-2.81925102e-06,-5.63849573e-06,-8.45772540e-06,-1.12769672e-05
0.00000000e+00,-2.57904539e-06,-5.15808459e-06,-7.73710790e-06,-1.03161439e-05
0.00000000e+00,-2.74348673e-06,-5.48698539e-06,-8.23046015e-06,-1.09739469e-05
0.00000000e+00,-2.75274056e-06,-5.50548354e-06,-8.25821979e-06,-1.10109597e-05
0.00000000e+00,-2.81924809e-06,-5.63849297e-06,-8.45772540e-06,-1.12769672e-05
0.00000000e+00,-2.49851548e-06,-4.99703058e-06,-7.49553640e-06,-9.99404853e-06
0.00000000e+00,-2.66367957e-06,-5.32737962e-06,-7.99106607e-06,-1.06547548e-05
0.00000000e+00,-2.22632534e-06,-4.45265075e-06,-6.67896885e-06,-8.90529181e-06
0.00000000e+00,-2.58259197e-06,-5.16518718e-06,-7.74777664e-06,-1.03303689e-05
0.00000000e+00,-1.93734745e-06,-3.87469722e-06,-5.81204149e-06,-7.74938865e-06
0.00000000e+00,-2.13610462e-06,-4.27222290e-06,-6.40833432e-06,-8.54444576e-06
0.00000000e+00,0.00000000e+00,0.00000000e+00,0.00000000e+00,0.00000000e+00
0.00000000e+00,-1.31876298e-06,-2.63753208e-06,-3.95630268e-06,-5.27507024e-06
0.00000000e+00,0.00000000e+00,0.00000000e+00,0.00000000e+00,0.00000000e+00
0.00000000e+00,0.00000000e+00,0.00000000e+00,0.00000000e+00,0.00000000e+00
0.00000000e+00,0.00000000e+00,0.00000000e+00,0.00000000e+00,0.00000000e+00
0.00000000e+00,-2.67247687e-06,-5.34494001e-06,-8.01739092e-06,-1.06898546e-05
0.00000000e+00,0.00000000e+00,0.00000000e+00,0.00000000e+00,0.00000000e+00
0.00000000e+00,0.00000000e+00,0.00000000e+00,0.00000000e+00,0.00000000e+00
0.00000000e+00,-1.92108717e-06,-3.84216067e-06,-5.76322279e-06,-7.68429705e-06
0.00000000e+00,-2.44562249e-06,-4.89123157e-06,-7.33682854e-06,-9.78243806e-06
0.00000000e+00,-2.62501608e-06,-5.25003977e-06,-7.87505317e-06,-1.05000709e-05
0.00000000e+00,-3.24627773e-06,-6.49255241e-06,-9.73881682e-06,-1.29850891e-05
0.00000000e+00,-3.08858251e-06,-6.17714938e-06,-9.26569899e-06,-1.23542653e-05
0.00000000e+00,-3.00642926e-06,-6.01285042e-06,-9.01925668e-06,-1.20256756e-05
0.00000000e+00,-3.18522083e-06,-6.37045163e-06,-9.55565876e-06,-1.27408783e-05
0.00000000e+00,-3.33653973e-06,-6.67307812e-06,-1.00096071e-05,-1.33461428e-05
0.00000000e+00,-3.31696035e-06,-6.63392174e-06,-9.95087514e-06,-1.32678335e-05
0.00000000e+00,-3.08625179e-06,-6.17250043e-06,-9.25873732e-06,-1.23449831e-05
0.00000000e+00,-3.27313456e-06,-6.54628939e-06,-9.81942162e-06,-1.30925622e-05
0.00000000e+00,-3.24627028e-06,-6.49254560e-06,-9.73881682e-06,-1.29850891e-05
0.00000000e+00,-3.31696568e-06,-6.63392656e-06,-9.95087514e-06,-1.32678335e-05
0.00000000e+00,-3.00641840e-06,-6.01284031e-06,-9.01925668e-06,-1.20256756e-05
0.00000000e+00,-3.18520571e-06,-6.37043852e-06,-9.55565876e-06,-1.27408783e-05
0.00000000e+00,-2.67246586e-06,-5.34493166e-06,-8.01739092e-06,-1.06898546e-05
0.00000000e+00,-3.08857388e-06,-6.17714240e-06,-9.26569899e-06,-1.23542653e-05
0.00000000e+00,-2.44561181e-06,-4.89122367e-06,-7.33682854e-06,-9.78243806e-06
0.00000000e+00,-2.62500998e-06,-5.25003580e-06,-7.87505317e-06,-1.05000709e-05
0.00000000e+00,0.00000000e+00,0.00000000e+00,0.00000000e+00,0.00000000e+00
0.00000000e+00,-1.92106833e-06,-3.84214435e-06,-5.76322279e-06,-7.68429705e-06
0.00000000e+00,0.00000000e+00,0.00000000e+00,0.00000000e+00,0.00000000e+00
0.00000000e+00,0.00000000e+00,0.00000000e+00,0.00000000e+00,0.00000000e+00
0.00000000e+00,0.00000000e+00,0.00000000e+00,0.00000000e+00,0.00000000e+00
0.00000000e+00,-1.17255029e-06,-2.34508229e-06,-3.51761143e-06,-4.69014858e-06
0.00000000e+00,0.00000000e+00,0.00000000e+00,0.00000000e+00,0.00000000e+00
0.00000000e+00,0.00000000e+00,0.00000000e+00,0.00000000e+00,0.00000000e+00
0.00000000e+00,-6.51579405e-07,-1.30315088e-06,-1.95472211e-06,-2.60629615e-06
0.00000000e+00,-9.81663055e-07,-1.96332192e-06,-2.94497728e-06,-3.92663638e-06
0.00000000e+00,-1.18580146e-06,-2.37158468e-06,-3.55735770e-06,-4.74314360e-06
0.00000000e+00,-1.63573598e-06,-3.27145789e-06,-4.90717914e-06,-6.54290552e-06
0.00000000e+00,-1.48454640e-06,-2.96907644e-06,-4.45360478e-06,-5.93813970e-06
0.00000000e+00,-1.39856560e-06,-2.79714089e-06,-4.19571073e-06,-5.59428097e-06
0.00000000e+00,-1.66770503e-06,-3.33539722e-06,-5.00308107e-06,-6.67077476e-06
0.00000000e+00,-1.71391234e-06,-3.42780428e-06,-5.14168743e-06,-6.85558324e-06
0.00000000e+00,-1.69700316e-06,-3.39398903e-06,-5.09097131e-06,-6.78796175e-06
0.00000000e+00,-1.47156678e-06,-2.94314207e-06,-4.41470064e-06,-5.88626752e-06
0.00000000e+00,-1.75002701e-06,-3.50003887e-06,-5.25003728e-06,-7.00004971e-06
0.00000000e+00,-1.63573049e-06,-3.27145393e-06,-4.90717914e-06,-6.54290552e-06
0.00000000e+00,-1.69700157e-06,-3.39398802e-06,-5.09097131e-06,-6.78796175e-06
0.00000000e+00,-1.39855860e-06,-2.79713776e-06,-4.19571073e-06,-5.59428097e-06
0.00000000e+00,-1.66770078e-06,-3.33539438e-06,-5.00308107e-06,-6.67077476e-06
0.00000000e+00,-1.17253477e-06,-2.34507129e-06,-3.51761143e-06,-4.69014858e-06
0.00000000e+00,-1.48454019e-06,-2.96907252e-06,-4.45360478e-06,-5.93813970e-06
0.00000000e+00,-9.81647166e-07,-1.96331236e-06,-2.94497728e-06,-3.92663638e-06
0.00000000e+00,-1.18578534e-06,-2.37157205e-06,-3.55735770e-06,-4.74314360e-06
0.00000000e+00,0.00000000e+00,0.00000000e+00,0.00000000e+00,0.00000000e+00
0.00000000e+00,-6.51573285e-07,-1.30314675e-06,-1.95472211e-06,-2.60629615e-06
0.00000000e+00,0.00000000e+00,0.00000000e+00,0.00000000e+00,0.00000000e+00
0.00000000e+00,0.00000000e+00,0.00000000e+00,0.00000000e+00,0.00000000e+00
0.00000000e+00,0.00000000e+00,0.00000000e+00,0.00000000e+00,0.00000000e+00
0.00000000e+00,-1.59391715e-06,-3.18781086e-06,-4.78170480e-06,-6.37560641e-06
0.00000000e+00,0.00000000e+00,0.00000000e+00,0.00000000e+00,0.00000000e+00
0.00000000e+00,0.00000000e+00,0.00000000e+00,0.00000000e+00,0.00000000e+00
0.00000000e+00,-9.05008739e-07,-1.81000732e-06,-2.71500788e-06,-3.62001051e-06
0.00000000e+00,-1.37469470e-06,-2.74936806e-06,-4.12404053e-06,-5.49872070e-06
0.00000000e+00,-1.62605109e-06,-3.25208128e-06,-4.87810201e-06,-6.50413602e-06
0.00000000e+00,-2.10401992e-06,-4.20799931e-06,-6.31196987e-06,-8.41595983e-06
0.00000000e+00,-1.94788943e-06,-3.89575052e-06,-5.84361118e-06,-7.79148158e-06
0.00000000e+00,-1.87256574e-06,-3.74510185e-06,-5.61763345e-06,-7.49017793e-06
0.00000000e+00,-2.16862100e-06,-4.33721846e-06,-6.50580326e-06,-8.67440434e-06
0.00000000e+00,-2.18528963e-06,-4.37054016e-06,-6.55578733e-06,-8.74104977e-06
0.00000000e+00,-2.17002754e-06,-4.34002075e-06,-6.51001376e-06,-8.68001835e-06
0.00000000e+00,-1.95106436e-06,-3.90209670e-06,-5.85312399e-06,-7.80416531e-06
0.00000000e+00,-2.25539030e-06,-4.51075793e-06,-6.76611348e-06,-9.02148464e-06
0.00000000e+00,-2.10400917e-06,-4.20798848e-06,-6.31196987e-06,-8.41595983e-06
0.00000000e+00,-2.17002397e-06,-4.34001711e-06,-6.51001376e-06,-8.68001835e-06
0.00000000e+00,-1.87255700e-06,-3.74509348e-06,-5.61763345e-06,-7.49017793e-06
0.00000000e+00,-2.16861338e-06,-4.33721138e-06,-6.50580326e-06,-8.67440434e-06
0.00000000e+00,-1.59390697e-06,-3.18780205e-06,-4.78170480e-06,-6.37560641e-06
0.00000000e+00,-1.94787908e-06,-3.89574147e-06,-5.84361118e-06,-7.79148158e-06
0.00000000e+00,-1.37468373e-06,-2.74935970e-06,-4.12404053e-06,-5.49872070e-06
0.00000000e+00,-1.62603655e-06,-3.25206927e-06,-4.87810201e-06,-6.50413602e-06
0.00000000e+00,0.00000000e+00,0.00000000e+00,0.00000000e+00,0.00000000e+00
0.00000000e+00,-9.05003435e-07,-1.81000304e-06,-2.71500788e-06,-3.62001051e-06
0.00000000e+00,0.00000000e+00,0.00000000e+00,0.00000000e+00,0.00000000e+00
0.00000000e+00,0.00000000e+00,0.00000000e+00,0.00000000e+00,0.00000000e+00
0.00000000e+00,0.00000000e+00,0.00000000e+00,0.00000000e+00,0.00000000e+00
0.00000000e+00,-2.08113496e-06,-4.16224578e-06,-6.24336144e-06,-8.32448192e-06
0.00000000e+00,0.00000000e+00,0.00000000e+00,0.00000000e+00,0.00000000e+00
0.00000000e+00,0.00000000e+00,0.00000000e+00,0.00000000e+00,0.00000000e+00
0.00000000e+00,-1.24272113e-06,-2.48543001e-06,-3.72814187e-06,-4.97085583e-06
0.00000000e+00,-1.82626018e-06,-3.65249643e-06,-5.47873521e-06,-7.30498028e-06
0.00000000e+00,-2.13612775e-06,-4.27223463e-06,-6.40833432e-06,-8.54444576e-06
0.00000000e+00,-2.56390572e-06,-5.12776801e-06,-7.69162841e-06,-1.02555045e-05
0.00000000e+00,-2.40778268e-06,-4.81553149e-06,-7.22328229e-06,-9.63104306e-06
0.00000000e+00,-2.33971055e-06,-4.67937778e-06,-7.01903824e-06,-9.35871766e-06
0.00000000e+00,-2.66371028e-06,-5.32739364e-06,-7.99106607e-06,-1.06547548e-05
0.00000000e+00,-2.64157066e-06,-5.28309649e-06,-7.92462463e-06,-1.05661662e-05
0.00000000e+00,-2.62467609e-06,-5.24930907e-06,-7.87394447e-06,-1.04985926e-05
0.00000000e+00,-2.41360993e-06,-4.82717820e-06,-7.24074615e-06,-9.65432820e-06
0.00000000e+00,-2.74350322e-06,-5.48698448e-06,-8.23046015e-06,-1.09739469e-05
0.00000000e+00,-2.56389030e-06,-5.12775371e-06,-7.69162841e-06,-1.02555045e-05
0.00000000e+00,-2.62466900e-06,-5.24930226e-06,-7.87394447e-06,-1.04985926e-05
0.00000000e+00,-2.33969720e-06,-4.67936493e-06,-7.01903824e-06,-9.35871766e-06
0.00000000e+00,-2.66369932e-06,-5.32738353e-06,-7.99106607e-06,-1.06547548e-05
0.00000000e+00,-2.08112627e-06,-4.16223842e-06,-6.24336144e-06,-8.32448192e-06
0.00000000e+00,-2.40777007e-06,-4.81552008e-06,-7.22328229e-06,-9.63104306e-06
0.00000000e+00,-1.82625053e-06,-3.65248798e-06,-5.47873521e-06,-7.30498028e-06
0.00000000e+00,-2.13611545e-06,-4.27222467e-06,-6.40833432e-06,-8.54444576e-06
0.00000000e+00,0.00000000e+00,0.00000000e+00,0.00000000e+00,0.00000000e+00
0.00000000e+00,-1.24271750e-06,-2.48542686e-06,-3.72814187e-06,-4.97085583e-06
0.00000000e+00,0.00000000e+00,0.00000000e+00,0.00000000e+00,0.00000000e+00
0.00000000e+00,0.00000000e+00,0.00000000e+00,0.00000000e+00,0.00000000e+00
0.00000000e+00,0.00000000e+00,0.00000000e+00,0.00000000e+00,0.00000000e+00
0.00000000e+00,-2.47179013e-06,-4.94355385e-06,-7.41532447e-06,-9.88709930e-06
0.00000000e+00,0.00000000e+00,0.00000000e+00,0.00000000e+00,0.00000000e+00
0.00000000e+00,0.00000000e+00,0.00000000e+00,0.00000000e+00,0.00000000e+00
0.00000000e+00,-1.77620837e-06,-3.55240181e-06,-5.32859820e-06,-7.10479760e-06
0.00000000e+00,-2.27409709e-06,-4.54816852e-06,-6.82224531e-06,-9.09632708e-06
0.00000000e+00,-2.62502957e-06,-5.25004212e-06,-7.87505317e-06,-1.05000709e-05
0.00000000e+00,-2.99896003e-06,-5.99787525e-06,-8.99679672e-06,-1.19957290e-05
0.00000000e+00,-2.85364516e-06,-5.70725398e-06,-8.56086968e-06,-1.14144929e-05
0.00000000e+00,-2.78674736e-06,-5.57345111e-06,-8.36015731e-06,-1.11468764e-05
0.00000000e+00,-3.18523967e-06,-6.37045218e-06,-9.55565876e-06,-1.27408783e-05
0.00000000e+00,-3.08257494e-06,-6.16510338e-06,-9.24764343e-06,-1.23301912e-05
0.00000000e+00,-3.06460479e-06,-6.12916234e-06,-9.19372875e-06,-1.22583050e-05
0.00000000e+00,-2.86164373e-06,-5.72324182e-06,-8.58484677e-06,-1.14464624e-05
0.00000000e+00,-3.27315686e-06,-6.54628964e-06,-9.81942162e-06,-1.30925622e-05
0.00000000e+00,-2.99894680e-06,-5.99786276e-06,-8.99679672e-06,-1.19957290e-05
0.00000000e+00,-3.06459775e-06,-6.12915577e-06,-9.19372875e-06,-1.22583050e-05
0.00000000e+00,-2.78673268e-06,-5.57343736e-06,-8.36015731e-06,-1.11468764e-05
0.00000000e+00,-3.18522425e-06,-6.37043795e-06,-9.55565876e-06,-1.27408783e-05
0.00000000e+00,-2.47177886e-06,-4.94354422e-06,-7.41532447e-06,-9.88709930e-06
0.00000000e+00,-2.85363314e-06,-5.70724314e-06,-8.56086968e-06,-1.14144929e-05
0.00000000e+00,-2.27408660e-06,-4.54815959e-06,-6.82224531e-06,-9.09632708e-06
0.00000000e+00,-2.62501928e-06,-5.25003367e-06,-7.87505317e-06,-1.05000709e-05
0.00000000e+00,0.00000000e+00,0.00000000e+00,0.00000000e+00,0.00000000e+00
0.00000000e+00,-1.77620391e-06,-3.55239814e-06,-5.32859820e-06,-7.10479760e-06
0.00000000e+00,0.00000000e+00,0.00000000e+00,0.00000000e+00,0.00000000e+00
0.00000000e+00,0.00000000e+00,0.00000000e+00,0.00000000e+00,0.00000000e+00
0.00000000e+00,0.00000000e+00,0.00000000e+00,0.00000000e+00,0.00000000e+00
0.00000000e+00,-1.07056141e-06,-2.14108339e-06,-3.21161284e-06,-4.28215045e-06
0.00000000e+00,0.00000000e+00,0.00000000e+00,0.00000000e+00,0.00000000e+00
0.00000000e+00,0.00000000e+00,0.00000000e+00,0.00000000e+00,0.00000000e+00
0.00000000e+00,-6.01126767e-07,-1.20223740e-06,-1.80335249e-06,-2.40446999e-06
0.00000000e+00,-9.42123586e-07,-1.88419596e-06,-2.82627383e-06,-3.76836511e-06
0.00000000e+00,-1.11873797e-06,-2.23744832e-06,-3.35616413e-06,-4.47488551e-06
0.00000000e+00,-1.45454595e-06,-2.90903270e-06,-4.36353640e-06,-5.81804853e-06
0.00000000e+00,-1.33301470e-06,-2.66598469e-06,-3.99896378e-06,-5.33195170e-06
0.00000000e+00,-1.30843130e-06,-2.61677136e-06,-3.92512596e-06,-5.23350128e-06
0.00000000e+00,-1.54568807e-06,-3.09132756e-06,-4.63697311e-06,-6.18263082e-06
0.00000000e+00,-1.51697578e-06,-3.03388084e-06,-4.55080516e-06,-6.06774021e-06
0.00000000e+00,-1.50383594e-06,-3.00761964e-06,-4.51142014e-06,-6.01522685e-06
0.00000000e+00,-1.36893642e-06,-2.73777461e-06,-4.10664596e-06,-5.47552795e-06
0.00000000e+00,-1.61617625e-06,-3.23230020e-06,-4.84843609e-06,-6.46458146e-06
0.00000000e+00,-1.45454126e-06,-2.90902579e-06,-4.36353640e-06,-5.81804853e-06
0.00000000e+00,-1.50383286e-06,-3.00761554e-06,-4.51142014e-06,-6.01522685e-06
0.00000000e+00,-1.30842130e-06,-2.61675585e-06,-3.92512596e-06,-5.23350127e-06
0.00000000e+00,-1.54568090e-06,-3.09131934e-06,-4.63697311e-06,-6.18263082e-06
0.00000000e+00,-1.07054647e-06,-2.14106848e-06,-3.21161284e-06,-4.28215045e-06
0.00000000e+00,-1.33300014e-06,-2.66597029e-06,-3.99896378e-06,-5.33195170e-06
0.00000000e+00,-9.42110589e-07,-1.88417913e-06,-2.82627383e-06,-3.76836511e-06
0.00000000e+00,-1.11872996e-06,-2.23744050e-06,-3.35616413e-06,-4.47488551e-06
0.00000000e+00,0.00000000e+00,0.00000000e+00,0.00000000e+00,0.00000000e+00
0.00000000e+00,-6.01123052e-07,-1.20223387e-06,-1.80335249e-06,-2.40446999e-06
0.00000000e+00,0.00000000e+00,0.00000000e+00,0.00000000e+00,0.00000000e+00
0.00000000e+00,0.00000000e+00,0.00000000e+00,0.00000000e+00,0.00000000e+00
0.00000000e+00,0.00000000e+00,0.00000000e+00,0.00000000e+00,0.00000000e+00
0.00000000e+00,-1.35092670e-06,-2.70181867e-06,-4.05272395e-06,-5.40363193e-06
0.00000000e+00,0.00000000e+00,0.00000000e+00,0.00000000e+00,0.00000000e+00
0.00000000e+00,0.00000000e+00,0.00000000e+00,0.00000000e+00,0.00000000e+00
0.00000000e+00,-7.78551885e-07,-1.55708584e-06,-2.33562679e-06,-3.11416905e-06
0.00000000e+00,-1.20561067e-06,-2.41118441e-06,-3.61676785e-06,-4.82235713e-06
0.00000000e+00,-1.46676111e-06,-2.93349277e-06,-4.40023101e-06,-5.86697468e-06
0.00000000e+00,-1.74290764e-06,-3.48576376e-06,-5.22864282e-06,-6.97152375e-06
0.00000000e+00,-1.62390614e-06,-3.24776340e-06,-4.87163612e-06,-6.49551483e-06
0.00000000e+00,-1.60076507e-06,-3.20147743e-06,-4.80220872e-06,-6.40294496e-06
0.00000000e+00,-1.92450161e-06,-3.84895502e-06,-5.77341512e-06,-7.69788682e-06
0.00000000e+00,-1.80505457e-06,-3.61004840e-06,-5.41506843e-06,-7.22009124e-06
0.00000000e+00,-1.79357657e-06,-3.58709272e-06,-5.38063322e-06,-7.17417763e-06
0.00000000e+00,-1.66156321e-06,-3.32306340e-06,-4.98458456e-06,-6.64611275e-06
0.00000000e+00,-1.99694256e-06,-3.99383423e-06,-5.99073797e-06,-7.98765063e-06
0.00000000e+00,-1.74290452e-06,-3.48575970e-06,-5.22864282e-06,-6.97152375e-06
0.00000000e+00,-1.79357598e-06,-3.58709135e-06,-5.38063322e-06,-7.17417763e-06
0.00000000e+00,-1.60076166e-06,-3.20147259e-06,-4.80220872e-06,-6.40294496e-06
0.00000000e+00,-1.92449116e-06,-3.84894409e-06,-5.77341512e-06,-7.69788682e-06
0.00000000e+00,-1.35090941e-06,-2.70180257e-06,-4.05272395e-06,-5.40363193e-06
0.00000000e+00,-1.62389382e-06,-3.24775128e-06,-4.87163612e-06,-6.49551483e-06
0.00000000e+00,-1.20559207e-06,-2.41116690e-06,-3.61676785e-06,-4.82235713e-06
0.00000000e+00,-1.46675319e-06,-2.93348553e-06,-4.40023101e-06,-5.86697468e-06
0.00000000e+00,0.00000000e+00,0.00000000e+00,0.00000000e+00,0.00000000e+00
0.00000000e+00,-7.78544737e-07,-1.55707937e-06,-2.33562679e-06,-3.11416905e-06
0.00000000e+00,0.00000000e+00,0.00000000e+00,0.00000000e+00,0.00000000e+00
0.00000000e+00,0.00000000e+00,0.00000000e+00,0.00000000e+00,0.00000000e+00
0.00000000e+00,0.00000000e+00,0.00000000e+00,0.00000000e+00,0.00000000e+00
0.00000000e+00,-1.66135959e-06,-3.32268396e-06,-4.98402760e-06,-6.64537014e-06
0.00000000e+00,0.00000000e+00,0.00000000e+00,0.00000000e+00,0.00000000e+00
0.00000000e+00,0.00000000e+00,0.00000000e+00,0.00000000e+00,0.00000000e+00
0.00000000e+00,-1.01228890e-06,-2.02455869e-06,-3.03683700e-06,-4.04911601e-06
0.00000000e+00,-1.50049571e-06,-3.00095664e-06,-4.50143393e-06,-6.00191190e-06
0.00000000e+00,-1.85846348e-06,-3.71689486e-06,-5.57533798e-06,-7.43378397e-06
0.00000000e+00,-2.02674433e-06,-4.05342817e-06,-6.08014091e-06,-8.10685454e-06
0.00000000e+00,-1.90760200e-06,-3.81515428e-06,-5.72272838e-06,-7.63030450e-06
0.00000000e+00,-1.88810565e-06,-3.77615588e-06,-5.66423253e-06,-7.55231003e-06
0.00000000e+00,-2.29957733e-06,-4.59910245e-06,-6.89864293e-06,-9.19819058e-06
0.00000000e+00,-2.08626695e-06,-4.17246457e-06,-6.25869893e-06,-8.34493190e-06
0.00000000e+00,-2.07301025e-06,-4.14595621e-06,-6.21893405e-06,-8.29191206e-06
0.00000000e+00,-1.94553799e-06,-3.89101061e-06,-5.83651432e-06,-7.78201909e-06
0.00000000e+00,-2.36678696e-06,-4.73351411e-06,-7.10025951e-06,-9.46701268e-06
0.00000000e+00,-2.02673743e-06,-4.05342086e-06,-6.08014091e-06,-8.10685454e-06
0.00000000e+00,-2.07300838e-06,-4.14595387e-06,-6.21893405e-06,-8.29191206e-06
0.00000000e+00,-1.88810078e-06,-3.77615043e-06,-5.66423253e-06,-7.55231003e-06
0.00000000e+00,-2.29956637e-06,-4.59909180e-06,-6.89864293e-06,-9.19819058e-06
0.00000000e+00,-1.66135427e-06,-3.32267876e-06,-4.98402760e-06,-6.64537014e-06
0.00000000e+00,-1.90759450e-06,-3.81514649e-06,-5.72272838e-06,-7.63030450e-06
0.00000000e+00,-1.50048427e-06,-3.00094600e-06,-4.50143393e-06,-6.00191190e-06
0.00000000e+00,-1.85845370e-06,-3.71688693e-06,-5.57533798e-06,-7.43378397e-06
0.00000000e+00,0.00000000e+00,0.00000000e+00,0.00000000e+00,0.00000000e+00
0.00000000e+00,-1.01228464e-06,-2.02455454e-06,-3.03683700e-06,-4.04911601e-06
0.00000000e+00,0.00000000e+00,0.00000000e+00,0.00000000e+00,0.00000000e+00
0.00000000e+00,0.00000000e+00,0.00000000e+00,0.00000000e+00,0.00000000e+00
0.00000000e+00,0.00000000e+00,0.00000000e+00,0.00000000e+00,0.00000000e+00
0.00000000e+00,-1.89284556e-06,-3.78565634e-06,-5.67849304e-06,-7.57132405e-06
0.00000000e+00,0.00000000e+00,0.00000000e+00,0.00000000e+00,0.00000000e+00
0.00000000e+00,0.00000000e+00,0.00000000e+00,0.00000000e+00,0.00000000e+00
0.00000000e+00,-1.36630678e-06,-2.73259207e-06,-4.09888788e-06,-5.46518384e-06
0.00000000e+00,-1.77715271e-06,-3.55427093e-06,-5.33141228e-06,-7.10854970e-06
0.00000000e+00,-2.22819552e-06,-4.45635938e-06,-6.68454079e-06,-8.91272105e-06
0.00000000e+00,-2.29504748e-06,-4.59003190e-06,-6.88505615e-06,-9.18007487e-06
0.00000000e+00,-2.18266017e-06,-4.36526423e-06,-6.54789569e-06,-8.73052758e-06
0.00000000e+00,-2.16335368e-06,-4.32664523e-06,-6.48997057e-06,-8.65329409e-06
0.00000000e+00,-2.69991969e-06,-5.39978292e-06,-8.09966912e-06,-1.07995588e-05
0.00000000e+00,-2.35922445e-06,-4.71837261e-06,-7.07756676e-06,-9.43675568e-06
0.00000000e+00,-2.34591053e-06,-4.69175074e-06,-7.03763395e-06,-9.38351193e-06
0.00000000e+00,-2.22258951e-06,-4.44510605e-06,-6.66766350e-06,-8.89021800e-06
0.00000000e+00,-2.77481992e-06,-5.54957617e-06,-8.32436126e-06,-1.10991483e-05
0.00000000e+00,-2.29505196e-06,-4.59003523e-06,-6.88505615e-06,-9.18007487e-06
0.00000000e+00,-2.34591232e-06,-4.69175192e-06,-7.03763395e-06,-9.38351193e-06
0.00000000e+00,-2.16335121e-06,-4.32664213e-06,-6.48997057e-06,-8.65329409e-06
0.00000000e+00,-2.69991157e-06,-5.39977493e-06,-8.09966912e-06,-1.07995588e-05
0.00000000e+00,-1.89284691e-06,-3.78565695e-06,-5.67849304e-06,-7.57132405e-06
0.00000000e+00,-2.18265278e-06,-4.36525635e-06,-6.54789569e-06,-8.73052758e-06
0.00000000e+00,-1.77715229e-06,-3.55427003e-06,-5.33141228e-06,-7.10854970e-06
0.00000000e+00,-2.22818964e-06,-4.45635424e-06,-6.68454079e-06,-8.91272105e-06
0.00000000e+00,0.00000000e+00,0.00000000e+00,0.00000000e+00,0.00000000e+00
0.00000000e+00,-1.36629826e-06,-2.73258403e-06,-4.09888788e-06,-5.46518384e-06
0.00000000e+00,0.00000000e+00,0.00000000e+00,0.00000000e+00,0.00000000e+00
0.00000000e+00,0.00000000e+00,0.00000000e+00,0.00000000e+00,0.00000000e+00
0.00000000e+00,0.00000000e+00,0.00000000e+00,0.00000000e+00,0.00000000e+00
0.00000000e+00,-5.39848711e-07,-1.07966095e-06,-1.61949362e-06,-2.15932483e-06
0.00000000e+00,0.00000000e+00,0.00000000e+00,0.00000000e+00,0.00000000e+00
0.00000000e+00,0.00000000e+00,0.00000000e+00,0.00000000e+00,0.00000000e+00
0.00000000e+00,-3.00313034e-07,-6.00609207e-07,-9.00911276e-07,-1.20121503e-06
0.00000000e+00,-4.68164130e-07,-9.36297363e-07,-1.40444124e-06,-1.87258833e-06
0.00000000e+00,-7.98839510e-07,-1.59764253e-06,-2.39646382e-06,-3.19528509e-06
0.00000000e+00,-7.52324835e-07,-1.50457991e-06,-2.25686404e-06,-3.00915205e-06
0.00000000e+00,-6.82716193e-07,-1.36538672e-06,-2.04807172e-06,-2.73076229e-06
0.00000000e+00,-6.66535511e-07,-1.33301397e-06,-1.99950659e-06,-2.66600878e-06
0.00000000e+00,-1.10435811e-06,-2.20864553e-06,-3.31295719e-06,-4.41727625e-06
0.00000000e+00,-7.87987911e-07,-1.57591166e-06,-2.36388169e-06,-3.15184226e-06
0.00000000e+00,-7.80408691e-07,-1.56076166e-06,-2.34113890e-06,-3.12151853e-06
0.00000000e+00,-7.01104598e-07,-1.40215856e-06,-2.10324495e-06,-2.80432660e-06
0.00000000e+00,-1.15437979e-06,-2.30868829e-06,-3.46303483e-06,-4.61737978e-06
0.00000000e+00,-7.52320664e-07,-1.50457465e-06,-2.25686404e-06,-3.00915205e-06
0.00000000e+00,-7.80410631e-07,-1.56076309e-06,-2.34113890e-06,-3.12151853e-06
0.00000000e+00,-6.66526374e-07,-1.33300282e-06,-1.99950659e-06,-2.66600878e-06
0.00000000e+00,-1.10435358e-06,-2.20863957e-06,-3.31295719e-06,-4.41727625e-06
0.00000000e+00,-5.39848071e-07,-1.07966027e-06,-1.61949362e-06,-2.15932483e-06
0.00000000e+00,-6.82710157e-07,-1.36538041e-06,-2.04807172e-06,-2.73076229e-06
0.00000000e+00,-4.68159722e-07,-9.36292838e-07,-1.40444124e-06,-1.87258833e-06
0.00000000e+00,-7.98836032e-07,-1.59763862e-06,-2.39646382e-06,-3.19528509e-06
0.00000000e+00,0.00000000e+00,0.00000000e+00,0.00000000e+00,0.00000000e+00
0.00000000e+00,-3.00309861e-07,-6.00606323e-07,-9.00911276e-07,-1.20121503e-06
0.00000000e+00,0.00000000e+00,0.00000000e+00,0.00000000e+00,0.00000000e+00
0.00000000e+00,0.00000000e+00,0.00000000e+00,0.00000000e+00,0.00000000e+00
0.00000000e+00,0.00000000e+00,0.00000000e+00,0.00000000e+00,0.00000000e+00
0.00000000e+00,-6.98689494e-07,-1.39734215e-06,-2.09601550e-06,-2.79468733e-06
0.00000000e+00,0.00000000e+00,0.00000000e+00,0.00000000e+00,0.00000000e+00
0.00000000e+00,0.00000000e+00,0.00000000e+00,0.00000000e+00,0.00000000e+00
0.00000000e+00,-3.97028767e-07,-7.94037859e-07,-1.19105725e-06,-1.58807634e-06
0.00000000e+00,-6.15744451e-07,-1.23145128e-06,-1.84717828e-06,-2.46290438e-06
0.00000000e+00,-1.01573493e-06,-2.03143623e-06,-3.04715651e-06,-4.06287534e-06
0.00000000e+00,-9.20677401e-07,-1.84129824e-06,-2.76195707e-06,-3.68260942e-06
0.00000000e+00,-8.53376553e-07,-1.70669885e-06,-2.56004596e-06,-3.41339461e-06
0.00000000e+00,-8.37653270e-07,-1.67524395e-06,-2.51286880e-06,-3.35049173e-06
0.00000000e+00,-1.33381994e-06,-2.66758411e-06,-4.00137781e-06,-5.33517041e-06
0.00000000e+00,-9.56822344e-07,-1.91357680e-06,-2.87037449e-06,-3.82716599e-06
0.00000000e+00,-9.49916356e-07,-1.89976333e-06,-2.84964643e-06,-3.79952858e-06
0.00000000e+00,-8.73004876e-07,-1.74594289e-06,-2.61892515e-06,-3.49190020e-06
0.00000000e+00,-1.38329972e-06,-2.76653671e-06,-4.14981052e-06,-5.53308069e-06
0.00000000e+00,-9.20684913e-07,-1.84130412e-06,-2.76195707e-06,-3.68260942e-06
0.00000000e+00,-9.49915196e-07,-1.89976217e-06,-2.84964643e-06,-3.79952858e-06
0.00000000e+00,-8.37654648e-07,-1.67524415e-06,-2.51286880e-06,-3.35049173e-06
0.00000000e+00,-1.33381910e-06,-2.66758212e-06,-4.00137781e-06,-5.33517041e-06
0.00000000e+00,-6.98674975e-07,-1.39732860e-06,-2.09601550e-06,-2.79468733e-06
0.00000000e+00,-8.53367962e-07,-1.70669074e-06,-2.56004596e-06,-3.41339461e-06
0.00000000e+00,-6.15736328e-07,-1.23144378e-06,-1.84717828e-06,-2.46290438e-06
0.00000000e+00,-1.01572442e-06,-2.03142629e-06,-3.04715651e-06,-4.06287534e-06
0.00000000e+00,0.00000000e+00,0.00000000e+00,0.00000000e+00,0.00000000e+00
0.00000000e+00,-3.97021945e-07,-7.94031749e-07,-1.19105725e-06,-1.58807634e-06
0.00000000e+00,0.00000000e+00,0.00000000e+00,0.00000000e+00,0.00000000e+00
0.00000000e+00,0.00000000e+00,0.00000000e+00,0.00000000e+00,0.00000000e+00
0.00000000e+00,0.00000000e+00,0.00000000e+00,0.00000000e+00,0.00000000e+00
0.00000000e+00,-8.84807860e-07,-1.76957337e-06,-2.65436397e-06,-3.53915196e-06
0.00000000e+00,0.00000000e+00,0.00000000e+00,0.00000000e+00,0.00000000e+00
0.00000000e+00,0.00000000e+00,0.00000000e+00,0.00000000e+00,0.00000000e+00
0.00000000e+00,-5.25400254e-07,-1.05077894e-06,-1.57617076e-06,-2.10156101e-06
0.00000000e+00,-7.87299048e-07,-1.57455815e-06,-2.36183945e-06,-3.14911927e-06
0.00000000e+00,-1.26092355e-06,-2.52180654e-06,-3.78271043e-06,-5.04361390e-06
0.00000000e+00,-1.08619459e-06,-2.17231830e-06,-3.25848701e-06,-4.34464935e-06
0.00000000e+00,-1.02086922e-06,-2.04167907e-06,-3.06252209e-06,-4.08336279e-06
0.00000000e+00,-1.00588698e-06,-2.01171091e-06,-3.01757612e-06,-4.02343482e-06
0.00000000e+00,-1.56063465e-06,-3.12120428e-06,-4.68181154e-06,-6.24241539e-06
0.00000000e+00,-1.11981653e-06,-2.23954889e-06,-3.35933205e-06,-4.47910940e-06
0.00000000e+00,-1.11246116e-06,-2.22484350e-06,-3.33727136e-06,-4.44969515e-06
0.00000000e+00,-1.03829576e-06,-2.07651451e-06,-3.11477914e-06,-4.15303886e-06
0.00000000e+00,-1.60556820e-06,-3.21105994e-06,-4.81659594e-06,-6.42212793e-06
0.00000000e+00,-1.08620193e-06,-2.17232497e-06,-3.25848701e-06,-4.34464935e-06
0.00000000e+00,-1.11246124e-06,-2.22484324e-06,-3.33727136e-06,-4.44969515e-06
0.00000000e+00,-1.00589504e-06,-2.01171780e-06,-3.01757612e-06,-4.02343482e-06
0.00000000e+00,-1.56063654e-06,-3.12120533e-06,-4.68181154e-06,-6.24241539e-06
0.00000000e+00,-8.84801922e-07,-1.76956794e-06,-2.65436397e-06,-3.53915196e-06
0.00000000e+00,-1.02086354e-06,-2.04167365e-06,-3.06252209e-06,-4.08336279e-06
0.00000000e+00,-7.87289653e-07,-1.57454930e-06,-2.36183945e-06,-3.14911927e-06
0.00000000e+00,-1.26091494e-06,-2.52179850e-06,-3.78271043e-06,-5.04361390e-06
0.00000000e+00,0.00000000e+00,0.00000000e+00,0.00000000e+00,0.00000000e+00
0.00000000e+00,-5.25394759e-07,-1.05077391e-06,-1.57617076e-06,-2.10156101e-06
0.00000000e+00,0.00000000e+00,0.00000000e+00,0.00000000e+00,0.00000000e+00
0.00000000e+00,0.00000000e+00,0.00000000e+00,0.00000000e+00,0.00000000e+00
0.00000000e+00,0.00000000e+00,0.00000000e+00,0.00000000e+00,0.00000000e+00
0.00000000e+00,-1.02163382e-06,-2.04321857e-06,-3.06483517e-06,-4.08644689e-06
0.00000000e+00,0.00000000e+00,0.00000000e+00,0.00000000e+00,0.00000000e+00
0.00000000e+00,0.00000000e+00,0.00000000e+00,0.00000000e+00,0.00000000e+00
0.00000000e+00,-7.39516517e-07,-1.47900796e-06,-2.21851651e-06,-2.95802202e-06
0.00000000e+00,-9.52742745e-07,-1.90544059e-06,-2.85816706e-06,-3.81088941e-06
0.00000000e+00,-1.48759389e-06,-2.97514473e-06,-4.46272364e-06,-5.95029819e-06
0.00000000e+00,-1.24237406e-06,-2.48466544e-06,-3.72701161e-06,-4.96934882e-06
0.00000000e+00,-1.18106899e-06,-2.36206964e-06,-3.54311345e-06,-4.72415127e-06
0.00000000e+00,-1.16654404e-06,-2.33301183e-06,-3.49952991e-06,-4.66603988e-06
0.00000000e+00,-1.80430428e-06,-3.60853782e-06,-5.41282208e-06,-7.21709610e-06
0.00000000e+00,-1.27680464e-06,-2.55352019e-06,-3.83030135e-06,-5.10706846e-06
0.00000000e+00,-1.26959080e-06,-2.53908757e-06,-3.80863937e-06,-5.07818582e-06
0.00000000e+00,-1.19791081e-06,-2.39573700e-06,-3.59362316e-06,-4.79149754e-06
0.00000000e+00,-1.85393559e-06,-3.70778609e-06,-5.56169321e-06,-7.41559095e-06
0.00000000e+00,-1.24237897e-06,-2.48467083e-06,-3.72701161e-06,-4.96934882e-06
0.00000000e+00,-1.26959233e-06,-2.53908903e-06,-3.80863937e-06,-5.07818582e-06
0.00000000e+00,-1.16655066e-06,-2.33301826e-06,-3.49952991e-06,-4.66603988e-06
0.00000000e+00,-1.80431101e-06,-3.60854401e-06,-5.41282208e-06,-7.21709610e-06
0.00000000e+00,-1.02162963e-06,-2.04321499e-06,-3.06483517e-06,-4.08644689e-06
0.00000000e+00,-1.18107189e-06,-2.36207261e-06,-3.54311345e-06,-4.72415127e-06
0.00000000e+00,-9.52738158e-07,-1.90543641e-06,-2.85816706e-06,-3.81088941e-06
0.00000000e+00,-1.48758930e-06,-2.97514050e-06,-4.46272364e-06,-5.95029819e-06
0.00000000e+00,0.00000000e+00,0.00000000e+00,0.00000000e+00,0.00000000e+00
0.00000000e+00,-7.39510797e-07,-1.47900287e-06,-2.21851651e-06,-2.95802202e-06
0.00000000e+00,0.00000000e+00,0.00000000e+00,0.00000000e+00,0.00000000e+00
0.00000000e+00,0.00000000e+00,0.00000000e+00,0.00000000e+00,0.00000000e+00
0.00000000e+00,0.00000000e+00,0.00000000e+00,0.00000000e+00,0.00000000e+00
0.00000000e+00,-2.51000865e-11,-1.00881210e-11,-3.72779928e-18,1.16729274e-17
0.00000000e+00,0.00000000e+00,0.00000000e+00,0.00000000e+00,0.00000000e+00
0.00000000e+00,0.00000000e+00,0.00000000e+00,0.00000000e+00,0.00000000e+00
0.00000000e+00,-9.96185643e-12,-1.73037801e-12,-4.21424492e-18,6.86151843e-20
0.00000000e+00,-1.56115973e-11,-3.74842396e-12,-3.20750308e-18,7.57392008e-18
0.00000000e+00,-2.67664785e-07,-5.35292567e-07,-8.02933514e-07,-1.07057802e-06
0.00000000e+00,-3.90002432e-11,-1.57288258e-11,-8.89560305e-18,1.50450529e-17
0.00000000e+00,-2.36671659e-11,-2.47200967e-12,-1.02668278e-17,2.86654400e-18
0.00000000e+00,-2.59746064e-11,-7.00496908e-12,-9.22110621e-18,8.19467693e-18
0.00000000e+00,-3.76348815e-07,-7.52634413e-07,-1.12893771e-06,-1.50525028e-06
0.00000000e+00,-4.03474199e-11,-1.57033892e-11,-4.36322398e-18,2.29927363e-17
0.00000000e+00,-3.13543684e-11,-2.92744576e-12,-1.58347308e-17,2.99906932e-18
0.00000000e+00,-2.85015879e-11,-8.36477453e-12,-9.65512745e-18,9.99294294e-18
0.00000000e+00,-3.94798160e-07,-7.89532955e-07,-1.18429423e-06,-1.57905897e-06
0.00000000e+00,-4.40434715e-11,-2.19303902e-11,5.41614069e-18,3.11736840e-17
0.00000000e+00,-2.37016555e-11,3.53299158e-12,-1.30589293e-17,6.55352384e-18
0.00000000e+00,-2.59868330e-11,-8.19283283e-12,-5.33481106e-18,1.21937655e-17
0.00000000e+00,-3.76350456e-07,-7.52635741e-07,-1.12893771e-06,-1.50525028e-06
0.00000000e+00,-3.52715039e-11,-2.11815379e-11,-2.80040134e-18,1.02078699e-17
0.00000000e+00,-2.43392936e-11,-3.14968662e-12,-1.34411917e-17,6.26403063e-19
0.00000000e+00,-2.19067190e-11,-1.04547406e-11,-4.73585357e-18,5.29399044e-18
0.00000000e+00,-2.67668490e-07,-5.35296844e-07,-8.02933514e-07,-1.07057802e-06
0.00000000e+00,0.00000000e+00,0.00000000e+00,0.00000000e+00,0.00000000e+00
0.00000000e+00,-4.60947261e-12,2.69071008e-12,-4.32471148e-18,3.16063593e-19
0.00000000e+00,0.00000000e+00,0.00000000e+00,0.00000000e+00,0.00000000e+00
0.00000000e+00,0.00000000e+00,0.00000000e+00,0.00000000e+00,0.00000000e+00
0.00000000e+00,0.00000000e+00,0.00000000e+00,0.00000000e+00,0.00000000e+00
0.00000000e+00,-3.84610028e-11,-1.71863684e-11,-2.66347141e-18,1.17753659e-17
0.00000000e+00,0.00000000e+00,0.00000000e+00,0.00000000e+00,0.00000000e+00
0.00000000e+00,0.00000000e+00,0.00000000e+00,0.00000000e+00,0.00000000e+00
0.00000000e+00,-1.01739303e-11,4.39957936e-14,-4.11311250e-18,1.45160832e-18
0.00000000e+00,-3.13850410e-11,-1.33599871e-11,-3.62093267e-18,1.12135072e-17
0.00000000e+00,-3.45756039e-07,-6.91462812e-07,-1.03718055e-06,-1.38290740e-06
0.00000000e+00,-4.65518372e-11,-1.36666394e-11,-1.54906675e-17,6.38136107e-18
0.00000000e+00,-2.79090331e-11,-1.50856154e-12,-1.17698100e-17,4.17844750e-18
0.00000000e+00,-4.31498133e-11,-1.52010200e-11,-1.24835416e-17,1.04086604e-17
0.00000000e+00,-4.61058837e-07,-9.22050833e-07,-1.38307126e-06,-1.84409501e-06
0.00000000e+00,-3.41741304e-11,5.06644358e-13,-2.23592323e-17,2.02149755e-19
0.00000000e+00,-3.64959826e-11,-1.52370753e-12,-2.09169674e-17,5.81985881e-19
0.00000000e+00,-3.58056460e-11,-6.19300720e-12,-1.29847240e-17,1.20388855e-17
0.00000000e+00,-4.79396796e-07,-9.58725563e-07,-1.43809221e-06,-1.91745628e-06
0.00000000e+00,-3.23374180e-11,-2.05679436e-12,-1.57533450e-17,5.15670614e-18
0.00000000e+00,-3.20632210e-11,2.55224800e-12,-1.89892236e-17,3.20994501e-18
0.00000000e+00,-3.81269734e-11,-1.19426053e-11,-5.25232934e-18,1.80276566e-17
0.00000000e+00,-4.61056466e-07,-9.22048722e-07,-1.38307126e-06,-1.84409501e-06
0.00000000e+00,-1.76875255e-11,1.32968549e-13,-1.22215083e-17,-1.14420908e-18
0.00000000e+00,-2.48810789e-11,1.25489973e-12,-1.41051682e-17,2.29096432e-18
0.00000000e+00,-2.58433702e-11,-9.87142872e-12,-6.83882413e-18,5.33587938e-18
0.00000000e+00,-3.45736959e-07,-6.91445991e-07,-1.03718055e-06,-1.38290740e-06
0.00000000e+00,0.00000000e+00,0.00000000e+00,0.00000000e+00,0.00000000e+00
0.00000000e+00,-6.35832090e-12,3.14577182e-12,-3.80134389e-18,1.90910660e-18
0.00000000e+00,0.00000000e+00,0.00000000e+00,0.00000000e+00,0.00000000e+00
0.00000000e+00,0.00000000e+00,0.00000000e+00,0.00000000e+00,0.00000000e+00
0.00000000e+00,0.00000000e+00,0.00000000e+00,0.00000000e+00,0.00000000e+00
0.00000000e+00,-2.22267982e-11,1.50130361e-12,-9.63172559e-18,3.47707291e-18
0.00000000e+00,0.00000000e+00,0.00000000e+00,0.00000000e+00,0.00000000e+00
0.00000000e+00,0.00000000e+00,0.00000000e+00,0.00000000e+00,0.00000000e+00
0.00000000e+00,-1.06140109e-11,2.25325485e-12,-7.59026508e-18,-1.49126531e-18
0.00000000e+00,-2.95137506e-11,-7.19779431e-12,-5.57437202e-18,8.03232970e-18
0.00000000e+00,-4.37552175e-07,-8.75059914e-07,-1.31259253e-06,-1.75012338e-06
0.00000000e+00,-3.48327876e-11,3.94669688e-12,-1.52909192e-17,7.17700267e-18
0.00000000e+00,-3.06235689e-11,2.37120338e-12,-1.57249369e-17,1.94469313e-18
0.00000000e+00,-4.06914962e-11,-4.81600762e-12,-1.55314838e-17,6.33250161e-18
0.00000000e+00,-5.44726590e-07,-1.08938083e-06,-1.63407866e-06,-2.17877154e-06
0.00000000e+00,-4.22508652e-11,2.86908946e-12,-2.13986905e-17,3.63032720e-18
0.00000000e+00,-4.48824775e-11,-5.69447732e-13,-2.34680017e-17,2.79691937e-19
0.00000000e+00,-3.71236815e-11,2.72429863e-12,-2.31374006e-17,2.66928505e-19
0.00000000e+00,-5.60877462e-07,-1.12166983e-06,-1.68251097e-06,-2.24334796e-06
0.00000000e+00,-4.28711991e-11,-2.41756055e-12,-2.49851514e-17,-4.10309216e-18
0.00000000e+00,-3.88958076e-11,4.90391862e-12,-2.14470997e-17,2.06863159e-18
0.00000000e+00,-3.47821702e-11,5.44161795e-13,-2.14078705e-17,-8.28530003e-19
0.00000000e+00,-5.44734432e-07,-1.08938772e-06,-1.63407866e-06,-2.17877154e-06
0.00000000e+00,-2.37454367e-11,8.53362522e-13,-1.85074010e-17,-6.85488442e-18
0.00000000e+00,-2.86522651e-11,4.43759660e-12,-1.98721568e-17,-3.39007066e-18
0.00000000e+00,-2.01621554e-11,9.11284472e-13,-1.49231404e-17,-3.44585073e-18
0.00000000e+00,-4.37550551e-07,-8.75058163e-07,-1.31259253e-06,-1.75012338e-06
0.00000000e+00,0.00000000e+00,0.00000000e+00,0.00000000e+00,0.00000000e+00
0.00000000e+00,-7.02078715e-12,5.56208261e-12,-8.56271033e-18,-2.98073559e-18
0.00000000e+00,0.00000000e+00,0.00000000e+00,0.00000000e+00,0.00000000e+00
0.00000000e+00,0.00000000e+00,0.00000000e+00,0.00000000e+00,0.00000000e+00
0.00000000e+00,0.00000000e+00,0.00000000e+00,0.00000000e+00,0.00000000e+00
0.00000000e+00,-1.55946092e-11,1.23655196e-11,-1.83189135e-17,-4.96043673e-18
0.00000000e+00,0.00000000e+00,0.00000000e+00,0.00000000e+00,0.00000000e+00
0.00000000e+00,0.00000000e+00,0.00000000e+00,0.00000000e+00,0.00000000e+00
0.00000000e+00,-1.03633242e-11,4.41901299e-12,-7.66107798e-18,-1.06962860e-18
0.00000000e+00,-1.82944879e-11,7.62197321e-12,-1.44535312e-17,-1.33499505e-18
0.00000000e+00,-5.21264901e-07,-1.04248005e-06,-1.56373007e-06,-2.08497342e-06
0.00000000e+00,-3.03319977e-11,1.61169359e-11,-1.94232047e-17,5.03059922e-18
0.00000000e+00,-2.86366475e-11,9.85055548e-12,-1.68991095e-17,2.34977852e-18
0.00000000e+00,-3.14503822e-11,1.11299779e-11,-1.72071493e-17,6.10081429e-18
0.00000000e+00,-6.33710600e-07,-1.26733788e-06,-1.90102242e-06,-2.53469657e-06
0.00000000e+00,-5.42083336e-11,1.70280038e-12,-1.99542163e-17,7.57881856e-18
0.00000000e+00,-4.24103703e-11,9.44610848e-12,-2.41738224e-17,2.17056892e-18
0.00000000e+00,-5.11157858e-11,-3.08171161e-13,-1.99572505e-17,6.26794955e-18
0.00000000e+00,-6.51077589e-07,-1.30205636e-06,-1.95309860e-06,-2.60413147e-06
0.00000000e+00,-4.33820575e-11,5.40340095e-12,-2.37464374e-17,-2.81769981e-18
0.00000000e+00,-4.26301085e-11,9.47633986e-12,-2.55380676e-17,-2.27464283e-19
0.00000000e+00,-4.53290526e-11,-3.36822667e-13,-2.44726365e-17,-3.97578277e-18
0.00000000e+00,-6.33717339e-07,-1.26734369e-06,-1.90102242e-06,-2.53469657e-06
0.00000000e+00,-1.63408079e-11,1.29796505e-11,-9.22324348e-18,4.98157417e-18
0.00000000e+00,-2.99901148e-11,9.47607019e-12,-1.89729091e-17,-3.69155430e-19
0.00000000e+00,-2.07871422e-11,6.46591143e-12,-1.38285424e-17,-7.98981179e-19
0.00000000e+00,-5.21257385e-07,-1.04247295e-06,-1.56373007e-06,-2.08497342e-06
0.00000000e+00,0.00000000e+00,0.00000000e+00,0.00000000e+00,0.00000000e+00
0.00000000e+00,-1.47079153e-11,8.11783451e-13,-7.05667692e-18,-1.48168782e-19
0.00000000e+00,0.00000000e+00,0.00000000e+00,0.00000000e+00,0.00000000e+00
0.00000000e+00,0.00000000e+00,0.00000000e+00,0.00000000e+00,0.00000000e+00
0.00000000e+00,0.00000000e+00,0.00000000e+00,0.00000000e+00,0.00000000e+00
0.00000000e+00,5.39824607e-07,1.07966873e-06,1.61949362e-06,2.15932483e-06
0.00000000e+00,0.00000000e+00,0.00000000e+00,0.00000000e+00,0.00000000e+00
0.00000000e+00,0.00000000e+00,0.00000000e+00,0.00000000e+00,0.00000000e+00
0.00000000e+00,3.00296836e-07,6.00607920e-07,9.00911276e-07,1.20121503e-06
0.00000000e+00,4.68140324e-07,9.36299215e-07,1.40444124e-06,1.87258833e-06
0.00000000e+00,2.67627571e-07,5.35285171e-07,8.02933514e-07,1.07057802e-06
0.00000000e+00,7.52280578e-07,1.50459113e-06,2.25686404e-06,3.00915205e-06
0.00000000e+00,6.82673302e-07,1.36538299e-06,2.04807172e-06,2.73076229e-06
0.00000000e+00,6.66491610e-07,1.33301370e-06,1.99950659e-06,2.66600878e-06
0.00000000e+00,3.76289999e-07,7.52624204e-07,1.12893771e-06,1.50525028e-06
0.00000000e+00,7.87954590e-07,1.57594308e-06,2.36388169e-06,3.15184226e-06
0.00000000e+00,7.80355247e-07,1.56076013e-06,2.34113890e-06,3.12151853e-06
0.00000000e+00,7.01070923e-07,1.40217619e-06,2.10324495e-06,2.80432660e-06
0.00000000e+00,3.94740640e-07,7.89530282e-07,1.18429423e-06,1.57905897e-06
0.00000000e+00,7.52292934e-07,1.50460573e-06,2.25686404e-06,3.00915205e-06
0.00000000e+00,7.80361678e-07,1.56076633e-06,2.34113890e-06,3.12151853e-06
0.00000000e+00,6.66498877e-07,1.33302180e-06,1.99950659e-06,2.66600878e-06
0.00000000e+00,3.76296098e-07,7.52630729e-07,1.12893771e-06,1.50525028e-06
0.00000000e+00,5.39836900e-07,1.07968263e-06,1.61949362e-06,2.15932483e-06
0.00000000e+00,6.82673997e-07,1.36538365e-06,2.04807172e-06,2.73076229e-06
0.00000000e+00,4.68145947e-07,9.36304956e-07,1.40444124e-06,1.87258833e-06
0.00000000e+00,2.67629099e-07,5.35287235e-07,8.02933514e-07,1.07057802e-06
0.00000000e+00,0.00000000e+00,0.00000000e+00,0.00000000e+00,0.00000000e+00
0.00000000e+00,3.00298190e-07,6.00609079e-07,9.00911276e-07,1.20121503e-06
0.00000000e+00,0.00000000e+00,0.00000000e+00,0.00000000e+00,0.00000000e+00
0.00000000e+00,0.00000000e+00,0.00000000e+00,0.00000000e+00,0.00000000e+00
0.00000000e+00,0.00000000e+00,0.00000000e+00,0.00000000e+00,0.00000000e+00
0.00000000e+00,6.98665915e-07,1.39735579e-06,2.09601550e-06,2.79468733e-06
0.00000000e+00,0.00000000e+00,0.00000000e+00,0.00000000e+00,0.00000000e+00
0.00000000e+00,0.00000000e+00,0.00000000e+00,0.00000000e+00,0.00000000e+00
0.00000000e+00,3.97011949e-07,7.94040714e-07,1.19105725e-06,1.58807634e-06
0.00000000e+00,6.15719501e-07,1.23146120e-06,1.84717828e-06,2.46290438e-06
0.00000000e+00,3.45703226e-07,6.91449991e-07,1.03718055e-06,1.38290740e-06
0.00000000e+00,9.20626155e-07,1.84130953e-06,2.76195707e-06,3.68260942e-06
0.00000000e+00,8.53327039e-07,1.70670119e-06,2.56004596e-06,3.41339461e-06
0.00000000e+00,8.37605965e-07,1.67525584e-06,2.51286880e-06,3.35049173e-06
0.00000000e+00,4.60986509e-07,9.22042213e-07,1.38307126e-06,1.84409501e-06
0.00000000e+00,9.56757198e-07,1.91358470e-06,2.87037449e-06,3.82716599e-06
0.00000000e+00,9.49851930e-07,1.89976792e-06,2.84964643e-06,3.79952858e-06
0.00000000e+00,8.72954551e-07,1.74596171e-06,2.61892515e-06,3.49190020e-06
0.00000000e+00,4.79328360e-07,9.58727581e-07,1.43809221e-06,1.91745628e-06
0.00000000e+00,9.20631873e-07,1.84131527e-06,2.76195707e-06,3.68260942e-06
0.00000000e+00,9.49853386e-07,1.89976941e-06,2.84964643e-06,3.79952858e-06
0.00000000e+00,8.37614912e-07,1.67526578e-06,2.51286880e-06,3.35049173e-06
0.00000000e+00,4.60998657e-07,9.22052362e-07,1.38307126e-06,1.84409501e-06
0.00000000e+00,6.98651477e-07,1.39734301e-06,2.09601550e-06,2.79468733e-06
0.00000000e+00,8.53326654e-07,1.70670099e-06,2.56004596e-06,3.41339461e-06
0.00000000e+00,6.15717122e-07,1.23146051e-06,1.84717828e-06,2.46290438e-06
0.00000000e+00,3.45706366e-07,6.91451837e-07,1.03718055e-06,1.38290740e-06
0.00000000e+00,0.00000000e+00,0.00000000e+00,0.00000000e+00,0.00000000e+00
0.00000000e+00,3.97007919e-07,7.94036945e-07,1.19105725e-06,1.58807634e-06
0.00000000e+00,0.00000000e+00,0.00000000e+00,0.00000000e+00,0.00000000e+00
0.00000000e+00,0.00000000e+00,0.00000000e+00,0.00000000e+00,0.00000000e+00
0.00000000e+00,0.00000000e+00,0.00000000e+00,0.00000000e+00,0.00000000e+00
0.00000000e+00,8.84771744e-07,1.76958287e-06,2.65436397e-06,3.53915196e-06
0.00000000e+00,0.00000000e+00,0.00000000e+00,0.00000000e+00,0.00000000e+00
0.00000000e+00,0.00000000e+00,0.00000000e+00,0.00000000e+00,0.00000000e+00
0.00000000e+00,5.25382024e-07,1.05078405e-06,1.57617076e-06,2.10156101e-06
0.00000000e+00,7.87268353e-07,1.57456887e-06,2.36183945e-06,3.14911927e-06
0.00000000e+00,4.37511261e-07,8.75065484e-07,1.31259253e-06,1.75012338e-06
0.00000000e+00,1.08612441e-06,2.17232600e-06,3.25848701e-06,4.34464935e-06
0.00000000e+00,1.02081480e-06,2.04168640e-06,3.06252209e-06,4.08336279e-06
0.00000000e+00,1.00582631e-06,2.01172017e-06,3.01757612e-06,4.02343482e-06
0.00000000e+00,5.44656249e-07,1.08938794e-06,1.63407866e-06,2.17877154e-06
0.00000000e+00,1.11973199e-06,2.23955404e-06,3.35933205e-06,4.47910940e-06
0.00000000e+00,1.11238414e-06,2.22484949e-06,3.33727136e-06,4.44969515e-06
0.00000000e+00,1.03821992e-06,2.07651999e-06,3.11477914e-06,4.15303886e-06
0.00000000e+00,5.60795685e-07,1.12167732e-06,1.68251097e-06,2.24334796e-06
0.00000000e+00,1.08613708e-06,2.17233777e-06,3.25848701e-06,4.34464935e-06
0.00000000e+00,1.11238582e-06,2.22485111e-06,3.33727136e-06,4.44969515e-06
0.00000000e+00,1.00583299e-06,2.01172644e-06,3.01757612e-06,4.02343482e-06
0.00000000e+00,5.44661099e-07,1.08939320e-06,1.63407866e-06,2.17877154e-06
0.00000000e+00,8.84758699e-07,1.76957127e-06,2.65436397e-06,3.53915196e-06
0.00000000e+00,1.02081026e-06,2.04168273e-06,3.06252209e-06,4.08336279e-06
0.00000000e+00,7.87255929e-07,1.57455777e-06,2.36183945e-06,3.14911927e-06
0.00000000e+00,4.37503954e-07,8.75059349e-07,1.31259253e-06,1.75012338e-06
0.00000000e+00,0.00000000e+00,0.00000000e+00,0.00000000e+00,0.00000000e+00
0.00000000e+00,5.25376203e-07,1.05077879e-06,1.57617076e-06,2.10156101e-06
0.00000000e+00,0.00000000e+00,0.00000000e+00,0.00000000e+00,0.00000000e+00
0.00000000e+00,0.00000000e+00,0.00000000e+00,0.00000000e+00,0.00000000e+00
0.00000000e+00,0.00000000e+00,0.00000000e+00,0.00000000e+00,0.00000000e+00
0.00000000e+00,1.02159158e-06,2.04323103e-06,3.06483517e-06,4.08644689e-06
0.00000000e+00,0.00000000e+00,0.00000000e+00,0.00000000e+00,0.00000000e+00
0.00000000e+00,0.00000000e+00,0.00000000e+00,0.00000000e+00,0.00000000e+00
0.00000000e+00,7.39497134e-07,1.47901719e-06,2.21851651e-06,2.95802202e-06
0.00000000e+00,9.52703748e-07,1.90545143e-06,2.85816706e-06,3.81088941e-06
0.00000000e+00,5.21225043e-07,1.04249677e-06,1.56373007e-06,2.08497342e-06
0.00000000e+00,1.24229702e-06,2.48468059e-06,3.72701161e-06,4.96934882e-06
0.00000000e+00,1.18100852e-06,2.36208393e-06,3.54311345e-06,4.72415127e-06
0.00000000e+00,1.16647046e-06,2.33302320e-06,3.49952991e-06,4.66603988e-06
0.00000000e+00,6.33636250e-07,1.26735770e-06,1.90102242e-06,2.53469657e-06
0.00000000e+00,1.27671775e-06,2.55353777e-06,3.83030135e-06,5.10706846e-06
0.00000000e+00,1.26950156e-06,2.53909827e-06,3.80863937e-06,5.07818582e-06
0.00000000e+00,1.19782678e-06,2.39574997e-06,3.59362316e-06,4.79149754e-06
0.00000000e+00,6.50982116e-07,1.30206979e-06,1.95309860e-06,2.60413147e-06
0.00000000e+00,1.24230314e-06,2.48468667e-06,3.72701161e-06,4.96934882e-06
0.00000000e+00,1.26950456e-06,2.53910114e-06,3.80863937e-06,5.07818582e-06
0.00000000e+00,1.16648086e-06,2.33303306e-06,3.49952991e-06,4.66603988e-06
0.00000000e+00,6.33633582e-07,1.26735613e-06,1.90102242e-06,2.53469657e-06
0.00000000e+00,1.02158007e-06,2.04322104e-06,3.06483517e-06,4.08644689e-06
0.00000000e+00,1.18100215e-06,2.36207874e-06,3.54311345e-06,4.72415127e-06
0.00000000e+00,9.52691608e-07,1.90544071e-06,2.85816706e-06,3.81088941e-06
0.00000000e+00,5.21214694e-07,1.04248825e-06,1.56373007e-06,2.08497342e-06
0.00000000e+00,0.00000000e+00,0.00000000e+00,0.00000000e+00,0.00000000e+00
0.00000000e+00,7.39489405e-07,1.47901040e-06,2.21851651e-06,2.95802202e-06
0.00000000e+00,0.00000000e+00,0.00000000e+00,0.00000000e+00,0.00000000e+00
0.00000000e+00,0.00000000e+00,0.00000000e+00,0.00000000e+00,0.00000000e+00
0.00000000e+00,0.00000000e+00,0.00000000e+00,0.00000000e+00,0.00000000e+00
0.00000000e+00,1.07052249e-06,2.14107465e-06,3.21161284e-06,4.28215045e-06
0.00000000e+00,0.00000000e+00,0.00000000e+00,0.00000000e+00,0.00000000e+00
0.00000000e+00,0.00000000e+00,0.00000000e+00,0.00000000e+00,0.00000000e+00
0.00000000e+00,6.01110762e-07,1.20223503e-06,1.80335249e-06,2.40446999e-06
0.00000000e+00,9.42062628e-07,1.88417281e-06,2.82627383e-06,3.76836511e-06
0.00000000e+00,7.98810474e-07,1.59764624e-06,2.39646382e-06,3.19528509e-06
0.00000000e+00,1.45449396e-06,2.90902769e-06,4.36353640e-06,5.81804853e-06
0.00000000e+00,1.33297646e-06,2.66598097e-06,3.99896378e-06,5.33195170e-06
0.00000000e+00,1.30833913e-06,2.61674368e-06,3.92512596e-06,5.23350128e-06
0.00000000e+00,1.10430740e-06,2.20865025e-06,3.31295719e-06,4.41727625e-06
0.00000000e+00,1.51691361e-06,3.03387369e-06,4.55080516e-06,6.06774021e-06
0.00000000e+00,1.50379002e-06,3.00761824e-06,4.51142014e-06,6.01522685e-06
0.00000000e+00,1.36884807e-06,2.73776304e-06,4.10664596e-06,5.47552795e-06
0.00000000e+00,1.15432931e-06,2.30870279e-06,3.46303483e-06,4.61737978e-06
0.00000000e+00,1.45449020e-06,2.90902399e-06,4.36353640e-06,5.81804853e-06
0.00000000e+00,1.50379536e-06,3.00762291e-06,4.51142014e-06,6.01522685e-06
0.00000000e+00,1.30835503e-06,2.61675838e-06,3.92512596e-06,5.23350128e-06
0.00000000e+00,1.10431109e-06,2.20865513e-06,3.31295719e-06,4.41727625e-06
0.00000000e+00,1.07051682e-06,2.14106845e-06,3.21161284e-06,4.28215045e-06
0.00000000e+00,1.33297380e-06,2.66597779e-06,3.99896378e-06,5.33195170e-06
0.00000000e+00,9.42070468e-07,1.88417834e-06,2.82627383e-06,3.76836511e-06
0.00000000e+00,7.98812180e-07,1.59764849e-06,2.39646382e-06,3.19528509e-06
0.00000000e+00,0.00000000e+00,0.00000000e+00,0.00000000e+00,0.00000000e+00
0.00000000e+00,6.01109402e-07,1.20223308e-06,1.80335249e-06,2.40446999e-06
0.00000000e+00,0.00000000e+00,0.00000000e+00,0.00000000e+00,0.00000000e+00
0.00000000e+00,0.00000000e+00,0.00000000e+00,0.00000000e+00,0.00000000e+00
0.00000000e+00,0.00000000e+00,0.00000000e+00,0.00000000e+00,0.00000000e+00
0.00000000e+00,1.35089817e-06,2.70182154e-06,4.05272395e-06,5.40363193e-06
0.00000000e+00,0.00000000e+00,0.00000000e+00,0.00000000e+00,0.00000000e+00
0.00000000e+00,0.00000000e+00,0.00000000e+00,0.00000000e+00,0.00000000e+00
0.00000000e+00,7.78536358e-07,1.55708665e-06,2.33562679e-06,3.11416905e-06
0.00000000e+00,1.20557751e-06,2.41118129e-06,3.61676785e-06,4.82235713e-06
0.00000000e+00,1.01571084e-06,2.03144630e-06,3.04715651e-06,4.06287534e-06
0.00000000e+00,1.74286445e-06,3.48576916e-06,5.22864282e-06,6.97152375e-06
0.00000000e+00,1.62386453e-06,3.24776369e-06,4.87163612e-06,6.49551483e-06
0.00000000e+00,1.60072018e-06,3.20147812e-06,4.80220872e-06,6.40294496e-06
0.00000000e+00,1.33377228e-06,2.66759218e-06,4.00137781e-06,5.33517041e-06
0.00000000e+00,1.80499921e-06,3.61004948e-06,5.41506843e-06,7.22009124e-06
0.00000000e+00,1.79352311e-06,3.58709414e-06,5.38063322e-06,7.17417763e-06
0.00000000e+00,1.66150713e-06,3.32306050e-06,4.98458456e-06,6.64611275e-06
0.00000000e+00,1.38324101e-06,2.76654278e-06,4.14981052e-06,5.53308069e-06
0.00000000e+00,1.74285976e-06,3.48576451e-06,5.22864282e-06,6.97152375e-06
0.00000000e+00,1.79352737e-06,3.58709813e-06,5.38063322e-06,7.17417763e-06
0.00000000e+00,1.60071360e-06,3.20147172e-06,4.80220872e-06,6.40294496e-06
0.00000000e+00,1.33377295e-06,2.66759299e-06,4.00137781e-06,5.33517041e-06
0.00000000e+00,1.35088442e-06,2.70180817e-06,4.05272395e-06,5.40363193e-06
0.00000000e+00,1.62385787e-06,3.24775728e-06,4.87163612e-06,6.49551483e-06
0.00000000e+00,1.20556791e-06,2.41117160e-06,3.61676785e-06,4.82235713e-06
0.00000000e+00,1.01569912e-06,2.03143567e-06,3.04715651e-06,4.06287534e-06
0.00000000e+00,0.00000000e+00,0.00000000e+00,0.00000000e+00,0.00000000e+00
0.00000000e+00,7.78531332e-07,1.55708196e-06,2.33562679e-06,3.11416905e-06
0.00000000e+00,0.00000000e+00,0.00000000e+00,0.00000000e+00,0.00000000e+00
0.00000000e+00,0.00000000e+00,0.00000000e+00,0.00000000e+00,0.00000000e+00
0.00000000e+00,0.00000000e+00,0.00000000e+00,0.00000000e+00,0.00000000e+00
0.00000000e+00,1.66133285e-06,3.32269355e-06,4.98402760e-06,6.64537014e-06
0.00000000e+00,0.00000000e+00,0.00000000e+00,0.00000000e+00,0.00000000e+00
0.00000000e+00,0.00000000e+00,0.00000000e+00,0.00000000e+00,0.00000000e+00
0.00000000e+00,1.01227294e-06,2.02456121e-06,3.03683700e-06,4.04911601e-06
0.00000000e+00,1.50046907e-06,3.00096368e-06,4.50143393e-06,6.00191190e-06
0.00000000e+00,1.26089155e-06,2.52181554e-06,3.78271043e-06,5.04361390e-06
0.00000000e+00,2.02669239e-06,4.05343575e-06,6.08014091e-06,8.10685454e-06
0.00000000e+00,1.90755750e-06,3.81515774e-06,5.72272838e-06,7.63030450e-06
0.00000000e+00,1.88805899e-06,3.77616329e-06,5.66423253e-06,7.55231003e-06
0.00000000e+00,1.56057372e-06,3.12121203e-06,4.68181154e-06,6.24241539e-06
0.00000000e+00,2.08620212e-06,4.17246952e-06,6.25869893e-06,8.34493190e-06
0.00000000e+00,2.07294954e-06,4.14595897e-06,6.21893405e-06,8.29191206e-06
0.00000000e+00,1.94547742e-06,3.89101316e-06,5.83651432e-06,7.78201909e-06
0.00000000e+00,1.60549523e-06,3.21106667e-06,4.81659594e-06,6.42212793e-06
0.00000000e+00,2.02669065e-06,4.05343446e-06,6.08014091e-06,8.10685454e-06
0.00000000e+00,2.07295153e-06,4.14596120e-06,6.21893405e-06,8.29191206e-06
0.00000000e+00,1.88805715e-06,3.77616154e-06,5.66423253e-06,7.55231003e-06
0.00000000e+00,1.56057863e-06,3.12121672e-06,4.68181154e-06,6.24241539e-06
0.00000000e+00,1.66132190e-06,3.32268352e-06,4.98402760e-06,6.64537014e-06
0.00000000e+00,1.90755309e-06,3.81515376e-06,5.72272838e-06,7.63030450e-06
0.00000000e+00,1.50045507e-06,3.00095046e-06,4.50143393e-06,6.00191190e-06
0.00000000e+00,1.26087790e-06,2.52180338e-06,3.78271043e-06,5.04361390e-06
0.00000000e+00,0.00000000e+00,0.00000000e+00,0.00000000e+00,0.00000000e+00
0.00000000e+00,1.01226773e-06,2.02455664e-06,3.03683700e-06,4.04911601e-06
0.00000000e+00,0.00000000e+00,0.00000000e+00,0.00000000e+00,0.00000000e+00
0.00000000e+00,0.00000000e+00,0.00000000e+00,0.00000000e+00,0.00000000e+00
0.00000000e+00,0.00000000e+00,0.00000000e+00,0.00000000e+00,0.00000000e+00
0.00000000e+00,1.89281543e-06,3.78566788e-06,5.67849304e-06,7.57132405e-06
0.00000000e+00,0.00000000e+00,0.00000000e+00,0.00000000e+00,0.00000000e+00
0.00000000e+00,0.00000000e+00,0.00000000e+00,0.00000000e+00,0.00000000e+00
0.00000000e+00,1.36629122e-06,2.73259787e-06,4.09888788e-06,5.46518384e-06
0.00000000e+00,1.77712500e-06,3.55428222e-06,5.33141228e-06,7.10854970e-06
0.00000000e+00,1.48755507e-06,2.97515444e-06,4.46272364e-06,5.95029819e-06
0.00000000e+00,2.29498419e-06,4.59003827e-06,6.88505615e-06,9.18007487e-06
0.00000000e+00,2.18260902e-06,4.36526916e-06,6.54789569e-06,8.73052758e-06
0.00000000e+00,2.16329575e-06,4.32665178e-06,6.48997057e-06,8.65329409e-06
0.00000000e+00,1.80423463e-06,3.60855066e-06,5.41282208e-06,7.21709610e-06
0.00000000e+00,2.35914814e-06,4.71837765e-06,7.07756676e-06,9.43675568e-06
0.00000000e+00,2.34584217e-06,4.69175741e-06,7.03763395e-06,9.38351193e-06
0.00000000e+00,2.22251917e-06,4.44511111e-06,6.66766350e-06,8.89021800e-06
0.00000000e+00,1.85384818e-06,3.70779395e-06,5.56169321e-06,7.41559095e-06
0.00000000e+00,2.29498386e-06,4.59003859e-06,6.88505615e-06,9.18007487e-06
0.00000000e+00,2.34584263e-06,4.69175835e-06,7.03763395e-06,9.38351193e-06
0.00000000e+00,2.16329384e-06,4.32665051e-06,6.48997057e-06,8.65329409e-06
0.00000000e+00,1.80423938e-06,3.60855533e-06,5.41282208e-06,7.21709610e-06
0.00000000e+00,1.89280644e-06,3.78566013e-06,5.67849304e-06,7.57132405e-06
0.00000000e+00,2.18260334e-06,4.36526425e-06,6.54789569e-06,8.73052758e-06
0.00000000e+00,1.77711475e-06,3.55427322e-06,5.33141228e-06,7.10854970e-06
0.00000000e+00,1.48754209e-06,2.97514318e-06,4.46272364e-06,5.95029819e-06
0.00000000e+00,0.00000000e+00,0.00000000e+00,0.00000000e+00,0.00000000e+00
0.00000000e+00,1.36628300e-06,2.73259034e-06,4.09888788e-06,5.46518384e-06
0.00000000e+00,0.00000000e+00,0.00000000e+00,0.00000000e+00,0.00000000e+00
0.00000000e+00,0.00000000e+00,0.00000000e+00,0.00000000e+00,0.00000000e+00
0.00000000e+00,0.00000000e+00,0.00000000e+00,0.00000000e+00,0.00000000e+00
0.00000000e+00,1.17254539e-06,2.34508567e-06,3.51761143e-06,4.69014858e-06
0.00000000e+00,0.00000000e+00,0.00000000e+00,0.00000000e+00,0.00000000e+00
0.00000000e+00,0.00000000e+00,0.00000000e+00,0.00000000e+00,0.00000000e+00
0.00000000e+00,6.51574977e-07,1.30315099e-06,1.95472211e-06,2.60629615e-06
0.00000000e+00,9.81673635e-07,1.96333185e-06,2.94497728e-06,3.92663638e-06
0.00000000e+00,1.11871320e-06,2.23744502e-06,3.35616413e-06,4.47488551e-06
0.00000000e+00,1.63574286e-06,3.27147274e-06,4.90717914e-06,6.54290552e-06
0.00000000e+00,1.48454303e-06,2.96908211e-06,4.45360478e-06,5.93813970e-06
0.00000000e+00,1.39859554e-06,2.79716244e-06,4.19571073e-06,5.59428097e-06
0.00000000e+00,1.54565112e-06,3.09132405e-06,4.63697311e-06,6.18263082e-06
0.00000000e+00,1.71390293e-06,3.42780345e-06,5.14168743e-06,6.85558324e-06
0.00000000e+00,1.69699811e-06,3.39399364e-06,5.09097131e-06,6.78796175e-06
0.00000000e+00,1.47158165e-06,2.94314576e-06,4.41470064e-06,5.88626752e-06
0.00000000e+00,1.61613312e-06,3.23229598e-06,4.84843609e-06,6.46458146e-06
0.00000000e+00,1.63572595e-06,3.27145515e-06,4.90717914e-06,6.54290552e-06
0.00000000e+00,1.69699303e-06,3.39398822e-06,5.09097131e-06,6.78796175e-06
0.00000000e+00,1.39857251e-06,2.79713938e-06,4.19571073e-06,5.59428097e-06
0.00000000e+00,1.54564593e-06,3.09131849e-06,4.63697311e-06,6.18263082e-06
0.00000000e+00,1.17252967e-06,2.34507039e-06,3.51761143e-06,4.69014858e-06
0.00000000e+00,1.48452982e-06,2.96906868e-06,4.45360478e-06,5.93813970e-06
0.00000000e+00,9.81651038e-07,1.96330981e-06,2.94497728e-06,3.92663638e-06
0.00000000e+00,1.11870659e-06,2.23743798e-06,3.35616413e-06,4.47488551e-06
0.00000000e+00,0.00000000e+00,0.00000000e+00,0.00000000e+00,0.00000000e+00
0.00000000e+00,6.51569865e-07,1.30314595e-06,1.95472211e-06,2.60629615e-06
0.00000000e+00,0.00000000e+00,0.00000000e+00,0.00000000e+00,0.00000000e+00
0.00000000e+00,0.00000000e+00,0.00000000e+00,0.00000000e+00,0.00000000e+00
0.00000000e+00,0.00000000e+00,0.00000000e+00,0.00000000e+00,0.00000000e+00
0.00000000e+00,1.59390221e-06,3.18781107e-06,4.78170480e-06,6.37560641e-06
0.00000000e+00,0.00000000e+00,0.00000000e+00,0.00000000e+00,0.00000000e+00
0.00000000e+00,0.00000000e+00,0.00000000e+00,0.00000000e+00,0.00000000e+00
0.00000000e+00,9.05001267e-07,1.81000761e-06,2.71500788e-06,3.62001051e-06
0.00000000e+00,1.37468399e-06,2.74936970e-06,4.12404053e-06,5.49872070e-06
0.00000000e+00,1.46673683e-06,2.93349213e-06,4.40023101e-06,5.86697468e-06
0.00000000e+00,2.10400068e-06,4.20799936e-06,6.31196987e-06,8.41595983e-06
0.00000000e+00,1.94787470e-06,3.89575332e-06,5.84361118e-06,7.79148158e-06
0.00000000e+00,1.87255792e-06,3.74510907e-06,5.61763345e-06,7.49017793e-06
0.00000000e+00,1.92446780e-06,3.84895618e-06,5.77341512e-06,7.69788682e-06
0.00000000e+00,2.18526692e-06,4.37053962e-06,6.55578733e-06,8.74104977e-06
0.00000000e+00,2.17000842e-06,4.34002320e-06,6.51001376e-06,8.68001835e-06
0.00000000e+00,1.95104617e-06,3.90209561e-06,5.85312399e-06,7.80416531e-06
0.00000000e+00,1.99690346e-06,3.99383520e-06,5.99073797e-06,7.98765063e-06
0.00000000e+00,2.10398782e-06,4.20798620e-06,6.31196987e-06,8.41595983e-06
0.00000000e+00,2.17000503e-06,4.34001950e-06,6.51001376e-06,8.68001835e-06
0.00000000e+00,1.87254442e-06,3.74509491e-06,5.61763345e-06,7.49017793e-06
0.00000000e+00,1.92445760e-06,3.84894605e-06,5.77341512e-06,7.69788682e-06
0.00000000e+00,1.59389219e-06,3.18780050e-06,4.78170480e-06,6.37560641e-06
0.00000000e+00,1.94786347e-06,3.89574184e-06,5.84361118e-06,7.79148158e-06
0.00000000e+00,1.37467090e-06,2.74935649e-06,4.12404053e-06,5.49872070e-06
0.00000000e+00,1.46673159e-06,2.93348587e-06,4.40023101e-06,5.86697468e-06
0.00000000e+00,0.00000000e+00,0.00000000e+00,0.00000000e+00,0.00000000e+00
0.00000000e+00,9.04997330e-07,1.81000359e-06,2.71500788e-06,3.62001051e-06
0.00000000e+00,0.00000000e+00,0.00000000e+00,0.00000000e+00,0.00000000e+00
0.00000000e+00,0.00000000e+00,0.00000000e+00,0.00000000e+00,0.00000000e+00
0.00000000e+00,0.00000000e+00,0.00000000e+00,0.00000000e+00,0.00000000e+00
0.00000000e+00,2.08111855e-06,4.16224817e-06,6.24336144e-06,8.32448192e-06
0.00000000e+00,0.00000000e+00,0.00000000e+00,0.00000000e+00,0.00000000e+00
0.00000000e+00,0.00000000e+00,0.00000000e+00,0.00000000e+00,0.00000000e+00
0.00000000e+00,1.24271339e-06,2.48543208e-06,3.72814187e-06,4.97085583e-06
0.00000000e+00,1.82624415e-06,3.65249748e-06,5.47873521e-06,7.30498028e-06
0.00000000e+00,1.85843809e-06,3.71689808e-06,5.57533798e-06,7.43378397e-06
0.00000000e+00,2.56388009e-06,5.12776816e-06,7.69162841e-06,1.02555045e-05
0.00000000e+00,2.40776402e-06,4.81553546e-06,7.22328229e-06,9.63104306e-06
0.00000000e+00,2.33968645e-06,4.67937608e-06,7.01903824e-06,9.35871766e-06
0.00000000e+00,2.29953860e-06,4.59910742e-06,6.89864293e-06,9.19819058e-06
0.00000000e+00,2.64154312e-06,5.28309859e-06,7.92462463e-06,1.05661662e-05
0.00000000e+00,2.62465033e-06,5.24931180e-06,7.87394447e-06,1.04985926e-05
0.00000000e+00,2.41358573e-06,4.82717974e-06,7.24074615e-06,9.65432820e-06
0.00000000e+00,2.36673974e-06,4.73351730e-06,7.10025951e-06,9.46701268e-06
0.00000000e+00,2.56386721e-06,5.12775575e-06,7.69162841e-06,1.02555045e-05
0.00000000e+00,2.62464341e-06,5.24930490e-06,7.87394447e-06,1.04985926e-05
0.00000000e+00,2.33967376e-06,4.67936355e-06,7.01903824e-06,9.35871766e-06
0.00000000e+00,2.29952979e-06,4.59909911e-06,6.89864293e-06,9.19819058e-06
0.00000000e+00,2.08111408e-06,4.16224253e-06,6.24336144e-06,8.32448192e-06
0.00000000e+00,2.40774992e-06,4.81552123e-06,7.22328229e-06,9.63104306e-06
0.00000000e+00,1.82623699e-06,3.65248940e-06,5.47873521e-06,7.30498028e-06
0.00000000e+00,1.85843186e-06,3.71689115e-06,5.57533798e-06,7.43378397e-06
0.00000000e+00,0.00000000e+00,0.00000000e+00,0.00000000e+00,0.00000000e+00
0.00000000e+00,1.24270919e-06,2.48542768e-06,3.72814187e-06,4.97085583e-06
0.00000000e+00,0.00000000e+00,0.00000000e+00,0.00000000e+00,0.00000000e+00
0.00000000e+00,0.00000000e+00,0.00000000e+00,0.00000000e+00,0.00000000e+00
0.00000000e+00,0.00000000e+00,0.00000000e+00,0.00000000e+00,0.00000000e+00
0.00000000e+00,2.47177184e-06,4.94355722e-06,7.41532447e-06,9.88709930e-06
0.00000000e+00,0.00000000e+00,0.00000000e+00,0.00000000e+00,0.00000000e+00
0.00000000e+00,0.00000000e+00,0.00000000e+00,0.00000000e+00,0.00000000e+00
0.00000000e+00,1.77619921e-06,3.55240417e-06,5.32859820e-06,7.10479760e-06
0.00000000e+00,2.27407944e-06,4.54817104e-06,6.82224531e-06,9.09632708e-06
0.00000000e+00,2.22816763e-06,4.45636455e-06,6.68454079e-06,8.91272105e-06
0.00000000e+00,2.99892915e-06,5.99787657e-06,8.99679672e-06,1.19957290e-05
0.00000000e+00,2.85362231e-06,5.70725890e-06,8.56086968e-06,1.14144929e-05
0.00000000e+00,2.78671967e-06,5.57345235e-06,8.36015731e-06,1.11468764e-05
0.00000000e+00,2.69987116e-06,5.39978687e-06,8.09966912e-06,1.07995588e-05
0.00000000e+00,3.08254277e-06,6.16510816e-06,9.24764343e-06,1.23301912e-05
0.00000000e+00,3.06457213e-06,6.12916539e-06,9.19372875e-06,1.22583050e-05
0.00000000e+00,2.86161408e-06,5.72324545e-06,8.58484677e-06,1.14464624e-05
0.00000000e+00,2.77476281e-06,5.54957963e-06,8.32436126e-06,1.10991483e-05
0.00000000e+00,2.99891725e-06,5.99786540e-06,8.99679672e-06,1.19957290e-05
0.00000000e+00,3.06456525e-06,6.12915890e-06,9.19372875e-06,1.22583050e-05
0.00000000e+00,2.78670746e-06,5.57344072e-06,8.36015731e-06,1.11468764e-05
0.00000000e+00,2.69986526e-06,5.39978148e-06,8.09966912e-06,1.07995588e-05
0.00000000e+00,2.47176755e-06,4.94355186e-06,7.41532447e-06,9.88709930e-06
0.00000000e+00,2.85360997e-06,5.70724646e-06,8.56086968e-06,1.14144929e-05
0.00000000e+00,2.27407591e-06,4.54816629e-06,6.82224531e-06,9.09632708e-06
0.00000000e+00,2.22815988e-06,4.45635728e-06,6.68454079e-06,8.91272105e-06
0.00000000e+00,0.00000000e+00,0.00000000e+00,0.00000000e+00,0.00000000e+00
0.00000000e+00,1.77619565e-06,3.55240051e-06,5.32859820e-06,7.10479760e-06
0.00000000e+00,0.00000000e+00,0.00000000e+00,0.00000000e+00,0.00000000e+00
0.00000000e+00,0.00000000e+00,0.00000000e+00,0.00000000e+00,0.00000000e+00
0.00000000e+00,0.00000000e+00,0.00000000e+00,0.00000000e+00,0.00000000e+00
0.00000000e+00,1.20715847e-06,2.41430564e-06,3.62144489e-06,4.82859318e-06
0.00000000e+00,0.00000000e+00,0.00000000e+00,0.00000000e+00,0.00000000e+00
0.00000000e+00,0.00000000e+00,0.00000000e+00,0.00000000e+00,0.00000000e+00
0.00000000e+00,6.68365188e-07,1.33672704e-06,2.00508682e-06,2.67344909e-06
0.00000000e+00,9.95346015e-07,1.99068153e-06,2.98601034e-06,3.98134712e-06
0.00000000e+00,1.18579607e-06,2.37158295e-06,3.55735770e-06,4.74314360e-06
0.00000000e+00,1.69906272e-06,3.39810835e-06,5.09714698e-06,6.79619597e-06
0.00000000e+00,1.53663855e-06,3.07325935e-06,4.60987065e-06,6.14649421e-06
0.00000000e+00,1.42992114e-06,2.85982406e-06,4.28972044e-06,5.71962726e-06
0.00000000e+00,1.66770544e-06,3.33539943e-06,5.00308107e-06,6.67077476e-06
0.00000000e+00,1.78352649e-06,3.56703294e-06,5.35053053e-06,7.13404071e-06
0.00000000e+00,1.76522966e-06,3.53043810e-06,5.29563720e-06,7.06084960e-06
0.00000000e+00,1.50780177e-06,3.01558722e-06,4.52336891e-06,6.03115855e-06
0.00000000e+00,1.75002594e-06,3.50003869e-06,5.25003728e-06,7.00004971e-06
0.00000000e+00,1.69905993e-06,3.39810463e-06,5.09714698e-06,6.79619597e-06
0.00000000e+00,1.76522565e-06,3.53043360e-06,5.29563720e-06,7.06084960e-06
0.00000000e+00,1.42991391e-06,2.85981667e-06,4.28972044e-06,5.71962726e-06
0.00000000e+00,1.66769604e-06,3.33538974e-06,5.00308107e-06,6.67077476e-06
0.00000000e+00,1.20714266e-06,2.41429028e-06,3.62144489e-06,4.82859318e-06
0.00000000e+00,1.53662812e-06,3.07324856e-06,4.60987065e-06,6.14649421e-06
0.00000000e+00,9.95324560e-07,1.99066087e-06,2.98601034e-06,3.98134712e-06
0.00000000e+00,1.18578022e-06,2.37156723e-06,3.55735770e-06,4.74314360e-06
0.00000000e+00,0.00000000e+00,0.00000000e+00,0.00000000e+00,0.00000000e+00
0.00000000e+00,6.68361352e-07,1.33672305e-06,2.00508682e-06,2.67344909e-06
0.00000000e+00,0.00000000e+00,0.00000000e+00,0.00000000e+00,0.00000000e+00
0.00000000e+00,0.00000000e+00,0.00000000e+00,0.00000000e+00,0.00000000e+00
0.00000000e+00,0.00000000e+00,0.00000000e+00,0.00000000e+00,0.00000000e+00
0.00000000e+00,1.67604316e-06,3.35207196e-06,5.02809151e-06,6.70412201e-06
0.00000000e+00,0.00000000e+00,0.00000000e+00,0.00000000e+00,0.00000000e+00
0.00000000e+00,0.00000000e+00,0.00000000e+00,0.00000000e+00,0.00000000e+00
0.00000000e+00,9.46545512e-07,1.89308638e-06,2.83962380e-06,3.78616506e-06
0.00000000e+00,1.43172912e-06,2.86344497e-06,4.29515215e-06,5.72686953e-06
0.00000000e+00,1.62604358e-06,3.25207970e-06,4.87810201e-06,6.50413602e-06
0.00000000e+00,2.23069159e-06,4.46135660e-06,6.69200772e-06,8.92267696e-06
0.00000000e+00,2.06025148e-06,4.12048308e-06,6.18070281e-06,8.24093708e-06
0.00000000e+00,1.96767801e-06,3.93533390e-06,5.90297902e-06,7.87063869e-06
0.00000000e+00,2.16861684e-06,4.33721970e-06,6.50580326e-06,8.67440434e-06
0.00000000e+00,2.31990487e-06,4.63977910e-06,6.95963923e-06,9.27951898e-06
0.00000000e+00,2.30307069e-06,4.60611200e-06,6.90913730e-06,9.21218307e-06
0.00000000e+00,2.05365827e-06,4.10729108e-06,6.16091222e-06,8.21454963e-06
0.00000000e+00,2.25538427e-06,4.51075748e-06,6.76611348e-06,9.02148464e-06
0.00000000e+00,2.23068403e-06,4.46134778e-06,6.69200772e-06,8.92267696e-06
0.00000000e+00,2.30306221e-06,4.60610324e-06,6.90913730e-06,9.21218307e-06
0.00000000e+00,1.96767272e-06,3.93532745e-06,5.90297902e-06,7.87063869e-06
0.00000000e+00,2.16860693e-06,4.33720923e-06,6.50580326e-06,8.67440434e-06
0.00000000e+00,1.67603149e-06,3.35206010e-06,5.02809151e-06,6.70412201e-06
0.00000000e+00,2.06023732e-06,4.12046867e-06,6.18070281e-06,8.24093708e-06
0.00000000e+00,1.43171495e-06,2.86343090e-06,4.29515215e-06,5.72686953e-06
0.00000000e+00,1.62602993e-06,3.25206587e-06,4.87810201e-06,6.50413602e-06
0.00000000e+00,0.00000000e+00,0.00000000e+00,0.00000000e+00,0.00000000e+00
0.00000000e+00,9.46541751e-07,1.89308245e-06,2.83962380e-06,3.78616506e-06
0.00000000e+00,0.00000000e+00,0.00000000e+00,0.00000000e+00,0.00000000e+00
0.00000000e+00,0.00000000e+00,0.00000000e+00,0.00000000e+00,0.00000000e+00
0.00000000e+00,0.00000000e+00,0.00000000e+00,0.00000000e+00,0.00000000e+00
0.00000000e+00,2.22633795e-06,4.45265894e-06,6.67896885e-06,8.90529181e-06
0.00000000e+00,0.00000000e+00,0.00000000e+00,0.00000000e+00,0.00000000e+00
0.00000000e+00,0.00000000e+00,0.00000000e+00,0.00000000e+00,0.00000000e+00
0.00000000e+00,1.31877494e-06,2.63754157e-06,3.95630268e-06,5.27507024e-06
0.00000000e+00,1.93736065e-06,3.87470599e-06,5.81204149e-06,7.74938865e-06
0.00000000e+00,2.13611926e-06,4.27223368e-06,6.40833432e-06,8.54444576e-06
0.00000000e+00,2.75276586e-06,5.50550117e-06,8.25821979e-06,1.10109597e-05
0.00000000e+00,2.58261153e-06,5.16520049e-06,7.74777664e-06,1.03303689e-05
0.00000000e+00,2.49853775e-06,4.99704543e-06,7.49553640e-06,9.99404853e-06
0.00000000e+00,2.66370538e-06,5.32739744e-06,7.99106607e-06,1.06547548e-05
0.00000000e+00,2.83744053e-06,5.67485326e-06,8.51225503e-06,1.13496734e-05
0.00000000e+00,2.81926364e-06,5.63850073e-06,8.45772540e-06,1.12769672e-05
0.00000000e+00,2.57906027e-06,5.15809060e-06,7.73710790e-06,1.03161439e-05
0.00000000e+00,2.74349999e-06,5.48699050e-06,8.23046015e-06,1.09739469e-05
0.00000000e+00,2.75275034e-06,5.50548516e-06,8.25821979e-06,1.10109597e-05
0.00000000e+00,2.81925920e-06,5.63849579e-06,8.45772540e-06,1.12769672e-05
0.00000000e+00,2.49852502e-06,4.99703178e-06,7.49553640e-06,9.99404853e-06
0.00000000e+00,2.66369294e-06,5.32738485e-06,7.99106607e-06,1.06547548e-05
0.00000000e+00,2.22632857e-06,4.45264917e-06,6.67896885e-06,8.90529181e-06
0.00000000e+00,2.58259983e-06,5.16518836e-06,7.74777664e-06,1.03303689e-05
0.00000000e+00,1.93735149e-06,3.87469643e-06,5.81204149e-06,7.74938865e-06
0.00000000e+00,2.13610897e-06,4.27222304e-06,6.40833432e-06,8.54444576e-06
0.00000000e+00,0.00000000e+00,0.00000000e+00,0.00000000e+00,0.00000000e+00
0.00000000e+00,1.31876585e-06,2.63753276e-06,3.95630268e-06,5.27507024e-06
0.00000000e+00,0.00000000e+00,0.00000000e+00,0.00000000e+00,0.00000000e+00
0.00000000e+00,0.00000000e+00,0.00000000e+00,0.00000000e+00,0.00000000e+00
0.00000000e+00,0.00000000e+00,0.00000000e+00,0.00000000e+00,0.00000000e+00
0.00000000e+00,2.67248002e-06,5.34494123e-06,8.01739092e-06,1.06898546e-05
0.00000000e+00,0.00000000e+00,0.00000000e+00,0.00000000e+00,0.00000000e+00
0.00000000e+00,0.00000000e+00,0.00000000e+00,0.00000000e+00,0.00000000e+00
0.00000000e+00,1.92108600e-06,3.84215865e-06,5.76322279e-06,7.68429705e-06
0.00000000e+00,2.44562551e-06,4.89123280e-06,7.33682854e-06,9.78243806e-06
0.00000000e+00,2.62502316e-06,5.25004493e-06,7.87505317e-06,1.05000709e-05
0.00000000e+00,3.24628882e-06,6.49255641e-06,9.73881682e-06,1.29850891e-05
0.00000000e+00,3.08858533e-06,6.17714813e-06,9.26569899e-06,1.23542653e-05
0.00000000e+00,3.00643990e-06,6.01285408e-06,9.01925668e-06,1.20256756e-05
0.00000000e+00,3.18523431e-06,6.37045870e-06,9.55565876e-06,1.27408783e-05
0.00000000e+00,3.33655238e-06,6.67308258e-06,1.00096071e-05,1.33461428e-05
0.00000000e+00,3.31697498e-06,6.63392879e-06,9.95087514e-06,1.32678335e-05
0.00000000e+00,3.08626523e-06,6.17250533e-06,9.25873732e-06,1.23449831e-05
0.00000000e+00,3.27315065e-06,6.54629680e-06,9.81942162e-06,1.30925622e-05
0.00000000e+00,3.24628214e-06,6.49254943e-06,9.73881682e-06,1.29850891e-05
0.00000000e+00,3.31697514e-06,6.63392847e-06,9.95087514e-06,1.32678335e-05
0.00000000e+00,3.00642908e-06,6.01284285e-06,9.01925668e-06,1.20256756e-05
0.00000000e+00,3.18521739e-06,6.37044223e-06,9.55565876e-06,1.27408783e-05
0.00000000e+00,2.67246823e-06,5.34492942e-06,8.01739092e-06,1.06898546e-05
0.00000000e+00,3.08857902e-06,6.17714112e-06,9.26569899e-06,1.23542653e-05
0.00000000e+00,2.44561461e-06,4.89122175e-06,7.33682854e-06,9.78243806e-06
0.00000000e+00,2.62501253e-06,5.25003407e-06,7.87505317e-06,1.05000709e-05
0.00000000e+00,0.00000000e+00,0.00000000e+00,0.00000000e+00,0.00000000e+00
0.00000000e+00,1.92107013e-06,3.84214375e-06,5.76322279e-06,7.68429705e-06
0.00000000e+00,0.00000000e+00,0.00000000e+00,0.00000000e+00,0.00000000e+00
0.00000000e+00,0.00000000e+00,0.00000000e+00,0.00000000e+00,0.00000000e+00
0.00000000e+00,0.00000000e+00,0.00000000e+00,0.00000000e+00,0.00000000e+00
0.00000000e+00,1.17255386e-06,2.34508521e-06,3.51761143e-06,4.69014858e-06
0.00000000e+00,0.00000000e+00,0.00000000e+00,0.00000000e+00,0.00000000e+00
0.00000000e+00,0.00000000e+00,0.00000000e+00,0.00000000e+00,0.00000000e+00
0.00000000e+00,6.51580087e-07,1.30315129e-06,1.95472211e-06,2.60629615e-06
0.00000000e+00,9.81677852e-07,1.96333623e-06,2.94497728e-06,3.92663638e-06
0.00000000e+00,1.18579976e-06,2.37158208e-06,3.55735770e-06,4.74314360e-06
0.00000000e+00,1.63575630e-06,3.27146946e-06,4.90717914e-06,6.54290552e-06
0.00000000e+00,1.48455432e-06,2.96908003e-06,4.45360478e-06,5.93813970e-06
0.00000000e+00,1.39860444e-06,2.79717238e-06,4.19571073e-06,5.59428097e-06
0.00000000e+00,1.66771256e-06,3.33539831e-06,5.00308107e-06,6.67077476e-06
0.00000000e+00,1.71392795e-06,3.42781371e-06,5.14168743e-06,6.85558324e-06
0.00000000e+00,1.69701295e-06,3.39399179e-06,5.09097131e-06,6.78796175e-06
0.00000000e+00,1.47160094e-06,2.94317004e-06,4.41470064e-06,5.88626752e-06
0.00000000e+00,1.75003733e-06,3.50004239e-06,5.25003728e-06,7.00004971e-06
0.00000000e+00,1.63574303e-06,3.27145613e-06,4.90717914e-06,6.54290552e-06
0.00000000e+00,1.69701146e-06,3.39398994e-06,5.09097131e-06,6.78796175e-06
0.00000000e+00,1.39858124e-06,2.79715026e-06,4.19571073e-06,5.59428097e-06
0.00000000e+00,1.66770405e-06,3.33538976e-06,5.00308107e-06,6.67077476e-06
0.00000000e+00,1.17255684e-06,2.34508698e-06,3.51761143e-06,4.69014858e-06
0.00000000e+00,1.48454479e-06,2.96907033e-06,4.45360478e-06,5.93813970e-06
0.00000000e+00,9.81672678e-07,1.96333080e-06,2.94497728e-06,3.92663638e-06
0.00000000e+00,1.18579285e-06,2.37157458e-06,3.55735770e-06,4.74314360e-06
0.00000000e+00,0.00000000e+00,0.00000000e+00,0.00000000e+00,0.00000000e+00
0.00000000e+00,6.51578257e-07,1.30314933e-06,1.95472211e-06,2.60629615e-06
0.00000000e+00,0.00000000e+00,0.00000000e+00,0.00000000e+00,0.00000000e+00
0.00000000e+00,0.00000000e+00,0.00000000e+00,0.00000000e+00,0.00000000e+00
0.00000000e+00,0.00000000e+00,0.00000000e+00,0.00000000e+00,0.00000000e+00
0.00000000e+00,1.59391745e-06,3.18780987e-06,4.78170480e-06,6.37560641e-06
0.00000000e+00,0.00000000e+00,0.00000000e+00,0.00000000e+00,0.00000000e+00
0.00000000e+00,0.00000000e+00,0.00000000e+00,0.00000000e+00,0.00000000e+00
0.00000000e+00,9.05009806e-07,1.81000764e-06,2.71500788e-06,3.62001051e-06
0.00000000e+00,1.37469603e-06,2.74936869e-06,4.12404053e-06,5.49872070e-06
0.00000000e+00,1.62604835e-06,3.25207719e-06,4.87810201e-06,6.50413602e-06
0.00000000e+00,2.10401755e-06,4.20798920e-06,6.31196987e-06,8.41595983e-06
0.00000000e+00,1.94789347e-06,3.89574948e-06,5.84361118e-06,7.79148158e-06
0.00000000e+00,1.87257212e-06,3.74510008e-06,5.61763345e-06,7.49017793e-06
0.00000000e+00,2.16862582e-06,4.33721622e-06,6.50580326e-06,8.67440434e-06
0.00000000e+00,2.18529234e-06,4.37053590e-06,6.55578733e-06,8.74104977e-06
0.00000000e+00,2.17003375e-06,4.34001920e-06,6.51001376e-06,8.68001835e-06
0.00000000e+00,1.95107145e-06,3.90209785e-06,5.85312399e-06,7.80416531e-06
0.00000000e+00,2.25539663e-06,4.51075664e-06,6.76611348e-06,9.02148464e-06
0.00000000e+00,2.10401240e-06,4.20798349e-06,6.31196987e-06,8.41595983e-06
0.00000000e+00,2.17003128e-06,4.34001639e-06,6.51001376e-06,8.68001835e-06
0.00000000e+00,1.87256514e-06,3.74509261e-06,5.61763345e-06,7.49017793e-06
0.00000000e+00,2.16861804e-06,4.33720789e-06,6.50580326e-06,8.67440434e-06
0.00000000e+00,1.59391823e-06,3.18780941e-06,4.78170480e-06,6.37560641e-06
0.00000000e+00,1.94788656e-06,3.89574191e-06,5.84361118e-06,7.79148158e-06
0.00000000e+00,1.37469778e-06,2.74936932e-06,4.12404053e-06,5.49872070e-06
0.00000000e+00,1.62604465e-06,3.25207250e-06,4.87810201e-06,6.50413602e-06
0.00000000e+00,0.00000000e+00,0.00000000e+00,0.00000000e+00,0.00000000e+00
0.00000000e+00,9.05005363e-07,1.81000310e-06,2.71500788e-06,3.62001051e-06
0.00000000e+00,0.00000000e+00,0.00000000e+00,0.00000000e+00,0.00000000e+00
0.00000000e+00,0.00000000e+00,0.00000000e+00,0.00000000e+00,0.00000000e+00
0.00000000e+00,0.00000000e+00,0.00000000e+00,0.00000000e+00,0.00000000e+00
0.00000000e+00,2.08113852e-06,4.16224723e-06,6.24336144e-06,8.32448192e-06
0.00000000e+00,0.00000000e+00,0.00000000e+00,0.00000000e+00,0.00000000e+00
0.00000000e+00,0.00000000e+00,0.00000000e+00,0.00000000e+00,0.00000000e+00
0.00000000e+00,1.24272340e-06,2.48543119e-06,3.72814187e-06,4.97085583e-06
0.00000000e+00,1.82626228e-06,3.65249681e-06,5.47873521e-06,7.30498028e-06
0.00000000e+00,2.13612752e-06,4.27223255e-06,6.40833432e-06,8.54444576e-06
0.00000000e+00,2.56391074e-06,5.12776673e-06,7.69162841e-06,1.02555045e-05
0.00000000e+00,2.40778696e-06,4.81553131e-06,7.22328229e-06,9.63104306e-06
0.00000000e+00,2.33971039e-06,4.67937067e-06,7.01903824e-06,9.35871766e-06
0.00000000e+00,2.66372344e-06,5.32739948e-06,7.99106607e-06,1.06547548e-05
0.00000000e+00,2.64157490e-06,5.28309362e-06,7.92462463e-06,1.05661662e-05
0.00000000e+00,2.62468484e-06,5.24931071e-06,7.87394447e-06,1.04985926e-05
0.00000000e+00,2.41361346e-06,4.82717450e-06,7.24074615e-06,9.65432820e-06
0.00000000e+00,2.74351775e-06,5.48699066e-06,8.23046015e-06,1.09739469e-05
0.00000000e+00,2.56389905e-06,5.12775483e-06,7.69162841e-06,1.02555045e-05
0.00000000e+00,2.62467495e-06,5.24930107e-06,7.87394447e-06,1.04985926e-05
0.00000000e+00,2.33970255e-06,4.67936242e-06,7.01903824e-06,9.35871766e-06
0.00000000e+00,2.66370487e-06,5.32738070e-06,7.99106607e-06,1.06547548e-05
0.00000000e+00,2.08113517e-06,4.16224252e-06,6.24336144e-06,8.32448192e-06
0.00000000e+00,2.40777863e-06,4.81552216e-06,7.22328229e-06,9.63104306e-06
0.00000000e+00,1.82626026e-06,3.65249356e-06,5.47873521e-06,7.30498028e-06
0.00000000e+00,2.13612234e-06,4.27222673e-06,6.40833432e-06,8.54444576e-06
0.00000000e+00,0.00000000e+00,0.00000000e+00,0.00000000e+00,0.00000000e+00
0.00000000e+00,1.24271894e-06,2.48542625e-06,3.72814187e-06,4.97085583e-06
0.00000000e+00,0.00000000e+00,0.00000000e+00,0.00000000e+00,0.00000000e+00
0.00000000e+00,0.00000000e+00,0.00000000e+00,0.00000000e+00,0.00000000e+00
0.00000000e+00,0.00000000e+00,0.00000000e+00,0.00000000e+00,0.00000000e+00
0.00000000e+00,2.47179395e-06,4.94355485e-06,7.41532447e-06,9.88709930e-06
0.00000000e+00,0.00000000e+00,0.00000000e+00,0.00000000e+00,0.00000000e+00
0.00000000e+00,0.00000000e+00,0.00000000e+00,0.00000000e+00,0.00000000e+00
0.00000000e+00,1.77621090e-06,3.55240291e-06,5.32859820e-06,7.10479760e-06
0.00000000e+00,2.27410015e-06,4.54816909e-06,6.82224531e-06,9.09632708e-06
0.00000000e+00,2.62503397e-06,5.25004406e-06,7.87505317e-06,1.05000709e-05
0.00000000e+00,2.99896418e-06,5.99787345e-06,8.99679672e-06,1.19957290e-05
0.00000000e+00,2.85365074e-06,5.70725485e-06,8.56086968e-06,1.14144929e-05
0.00000000e+00,2.78675303e-06,5.57345057e-06,8.36015731e-06,1.11468764e-05
0.00000000e+00,3.18525447e-06,6.37045999e-06,9.55565876e-06,1.27408783e-05
0.00000000e+00,3.08258236e-06,6.16510419e-06,9.24764343e-06,1.23301912e-05
0.00000000e+00,3.06461348e-06,6.12916409e-06,9.19372875e-06,1.22583050e-05
0.00000000e+00,2.86165082e-06,5.72324193e-06,8.58484677e-06,1.14464624e-05
0.00000000e+00,3.27317062e-06,6.54629554e-06,9.81942162e-06,1.30925622e-05
0.00000000e+00,2.99895483e-06,5.99786396e-06,8.99679672e-06,1.19957290e-05
0.00000000e+00,3.06460652e-06,6.12915733e-06,9.19372875e-06,1.22583050e-05
0.00000000e+00,2.78674175e-06,5.57343911e-06,8.36015731e-06,1.11468764e-05
0.00000000e+00,3.18523459e-06,6.37044028e-06,9.55565876e-06,1.27408783e-05
0.00000000e+00,2.47178667e-06,4.94354691e-06,7.41532447e-06,9.88709930e-06
0.00000000e+00,2.85364095e-06,5.70724457e-06,8.56086968e-06,1.14144929e-05
0.00000000e+00,2.27409510e-06,4.54816297e-06,6.82224531e-06,9.09632708e-06
0.00000000e+00,2.62502744e-06,5.25003681e-06,7.87505317e-06,1.05000709e-05
0.00000000e+00,0.00000000e+00,0.00000000e+00,0.00000000e+00,0.00000000e+00
0.00000000e+00,1.77620908e-06,3.55240042e-06,5.32859820e-06,7.10479760e-06
0.00000000e+00,0.00000000e+00,0.00000000e+00,0.00000000e+00,0.00000000e+00
0.00000000e+00,0.00000000e+00,0.00000000e+00,0.00000000e+00,0.00000000e+00
0.00000000e+00,0.00000000e+00,0.00000000e+00,0.00000000e+00,0.00000000e+00
0.00000000e+00,1.11872995e-06,2.23743760e-06,3.35616413e-06,4.47488551e-06
0.00000000e+00,1.54568250e-06,3.09131445e-06,4.63697311e-06,6.18263082e-06
0.00000000e+00,1.61616246e-06,3.23227912e-06,4.84843609e-06,6.46458146e-06
0.00000000e+00,1.54568140e-06,3.09131228e-06,4.63697311e-06,6.18263082e-06
0.00000000e+00,1.11873088e-06,2.23743748e-06,3.35616413e-06,4.47488551e-06
0.00000000e+00,0.00000000e+00,0.00000000e+00,0.00000000e+00,0.00000000e+00
0.00000000e+00,0.00000000e+00,0.00000000e+00,0.00000000e+00,0.00000000e+00
0.00000000e+00,1.46675942e-06,2.93348868e-06,4.40023101e-06,5.86697468e-06
0.00000000e+00,1.92450575e-06,3.84895356e-06,5.77341512e-06,7.69788682e-06
0.00000000e+00,1.99694634e-06,3.99383028e-06,5.99073797e-06,7.98765063e-06
0.00000000e+00,1.92449566e-06,3.84894304e-06,5.77341512e-06,7.69788682e-06
0.00000000e+00,1.46676114e-06,2.93348963e-06,4.40023101e-06,5.86697468e-06
0.00000000e+00,0.00000000e+00,0.00000000e+00,0.00000000e+00,0.00000000e+00
0.00000000e+00,0.00000000e+00,0.00000000e+00,0.00000000e+00,0.00000000e+00
0.00000000e+00,1.85846476e-06,3.71689397e-06,5.57533798e-06,7.43378397e-06
0.00000000e+00,2.29958291e-06,4.59910176e-06,6.89864293e-06,9.19819058e-06
0.00000000e+00,2.36678937e-06,4.73350980e-06,7.10025951e-06,9.46701268e-06
0.00000000e+00,2.29957330e-06,4.59909181e-06,6.89864293e-06,9.19819058e-06
0.00000000e+00,1.85846317e-06,3.71689163e-06,5.57533798e-06,7.43378397e-06
0.00000000e+00,0.00000000e+00,0.00000000e+00,0.00000000e+00,0.00000000e+00
0.00000000e+00,0.00000000e+00,0.00000000e+00,0.00000000e+00,0.00000000e+00
0.00000000e+00,2.22819896e-06,4.45635935e-06,6.68454079e-06,8.91272105e-06
0.00000000e+00,2.69992444e-06,5.39978031e-06,8.09966912e-06,1.07995588e-05
0.00000000e+00,2.77482475e-06,5.54957295e-06,8.32436126e-06,1.10991483e-05
0.00000000e+00,2.69992269e-06,5.39977790e-06,8.09966912e-06,1.07995588e-05
0.00000000e+00,2.22820522e-06,4.45636412e-06,6.68454079e-06,8.91272105e-06
0.00000000e+00,0.00000000e+00,0.00000000e+00,0.00000000e+00,0.00000000e+00
