2.00000000e+01,2.00286180e+01,2.01538475e+01,2.04678897e+01,2.10713726e+01
2.00000000e+01,2.00286184e+01,2.01538437e+01,2.04678495e+01,2.10712542e+01
2.00000000e+01,2.00286176e+01,2.01538374e+01,2.04678064e+01,2.10711282e+01
2.00000000e+01,2.00286184e+01,2.01538438e+01,2.04678495e+01,2.10712542e+01
2.00000000e+01,2.00479375e+01,2.02410111e+01,2.06959122e+01,2.15292290e+01
2.00000000e+01,2.00479382e+01,2.02410116e+01,2.06959022e+01,2.15291942e+01
2.00000000e+01,2.00479379e+01,2.02410104e+01,2.06958933e+01,2.15291626e+01
2.00000000e+01,2.00479385e+01,2.02410120e+01,2.06959022e+01,2.15291942e+01
2.00000000e+01,2.00286181e+01,2.01538460e+01,2.04678740e+01,2.10713259e+01
2.00000000e+01,2.00286180e+01,2.01538410e+01,2.04678327e+01,2.10712048e+01
2.00000000e+01,2.00286182e+01,2.01538413e+01,2.04678327e+01,2.10712048e+01
2.00000000e+01,2.00286183e+01,2.01538462e+01,2.04678740e+01,2.10713259e+01
2.00000000e+01,2.00340011e+01,2.01791975e+01,2.05368075e+01,2.12147053e+01
2.00000000e+01,2.00340012e+01,2.01791936e+01,2.05367725e+01,2.12146021e+01
2.00000000e+01,2.00340011e+01,2.01791890e+01,2.05367345e+01,2.12144911e+01
2.00000000e+01,2.00340011e+01,2.01791934e+01,2.05367725e+01,2.12146021e+01
2.00000000e+01,2.00479379e+01,2.02410116e+01,2.06959084e+01,2.15292153e+01
2.00000000e+01,2.00479381e+01,2.02410111e+01,2.06958987e+01,2.15291815e+01
2.00000000e+01,2.00479381e+01,2.02410112e+01,2.06958987e+01,2.15291815e+01
2.00000000e+01,2.00479379e+01,2.02410116e+01,2.06959084e+01,2.15292153e+01
2.00000000e+01,2.01182147e+01,2.05304601e+01,2.13985798e+01,2.28522452e+01
2.00000000e+01,2.01182155e+01,2.05304748e+01,2.13986601e+01,2.28524373e+01
2.00000000e+01,2.01182144e+01,2.05304853e+01,2.13987385e+01,2.28526246e+01
2.00000000e+01,2.01182152e+01,2.05304743e+01,2.13986601e+01,2.28524373e+01
2.00000000e+01,2.00737939e+01,2.03509412e+01,2.09692227e+01,2.20536423e+01
2.00000000e+01,2.00737938e+01,2.03509465e+01,2.09692546e+01,2.20537168e+01
2.00000000e+01,2.00737937e+01,2.03509519e+01,2.09692898e+01,2.20538000e+01
2.00000000e+01,2.00737940e+01,2.03509466e+01,2.09692546e+01,2.20537168e+01
2.00000000e+01,2.01182151e+01,2.05304665e+01,2.13986135e+01,2.28523254e+01
2.00000000e+01,2.01182148e+01,2.05304789e+01,2.13986930e+01,2.28525155e+01
2.00000000e+01,2.01182146e+01,2.05304786e+01,2.13986930e+01,2.28525155e+01
2.00000000e+01,2.01182150e+01,2.05304663e+01,2.13986135e+01,2.28523254e+01
2.00000000e+01,2.03141466e+01,2.12505290e+01,2.30034683e+01,2.56781599e+01
2.00000000e+01,2.03141474e+01,2.12505600e+01,2.30036321e+01,2.56785289e+01
2.00000000e+01,2.03141461e+01,2.12505828e+01,2.30037742e+01,2.56788480e+01
2.00000000e+01,2.03141479e+01,2.12505602e+01,2.30036321e+01,2.56785289e+01
2.00000000e+01,2.01920266e+01,2.08126744e+01,2.20457351e+01,2.40166394e+01
2.00000000e+01,2.01920267e+01,2.08126948e+01,2.20458562e+01,2.40169218e+01
2.00000000e+01,2.01920263e+01,2.08127124e+01,2.20459660e+01,2.40171776e+01
2.00000000e+01,2.01920266e+01,2.08126946e+01,2.20458562e+01,2.40169218e+01
2.00000000e+01,2.03141469e+01,2.12505423e+01,2.30035380e+01,2.56783174e+01
2.00000000e+01,2.03141472e+01,2.12505700e+01,2.30036923e+01,2.56786646e+01
2.00000000e+01,2.03141472e+01,2.12505698e+01,2.30036923e+01,2.56786646e+01
2.00000000e+01,2.03141471e+01,2.12505424e+01,2.30035380e+01,2.56783174e+01
2.00000000e+01,2.08440023e+01,2.29446993e+01,2.64198926e+01,3.12526393e+01
2.00000000e+01,2.08440029e+01,2.29447735e+01,2.64202808e+01,3.12535008e+01
2.00000000e+01,2.08440042e+01,2.29448396e+01,2.64206268e+01,3.12542574e+01
2.00000000e+01,2.08440039e+01,2.29447745e+01,2.64202808e+01,3.12535008e+01
2.00000000e+01,2.05143737e+01,2.19214851e+01,2.44003202e+01,2.80113819e+01
2.00000000e+01,2.05143739e+01,2.19215278e+01,2.44005488e+01,2.80118874e+01
2.00000000e+01,2.05143741e+01,2.19215661e+01,2.44007530e+01,2.80123330e+01
2.00000000e+01,2.05143740e+01,2.19215278e+01,2.44005488e+01,2.80118874e+01
2.00000000e+01,2.08440029e+01,2.29447336e+01,2.64200703e+01,3.12530341e+01
2.00000000e+01,2.08440034e+01,2.29448043e+01,2.64204439e+01,3.12538576e+01
2.00000000e+01,2.08440037e+01,2.29448045e+01,2.64204439e+01,3.12538576e+01
2.00000000e+01,2.08440032e+01,2.29447339e+01,2.64200703e+01,3.12530341e+01
2.00000000e+01,2.22709912e+01,2.68115118e+01,3.34007679e+01,4.17539475e+01
2.00000000e+01,2.22709891e+01,2.68118161e+01,3.34024185e+01,4.17575280e+01
2.00000000e+01,2.22709888e+01,2.68121243e+01,3.34040700e+01,4.17610564e+01
2.00000000e+01,2.22709894e+01,2.68118165e+01,3.34024185e+01,4.17575280e+01
2.00000000e+01,2.13834746e+01,2.44903036e+01,2.93079591e+01,3.57037340e+01
2.00000000e+01,2.13834742e+01,2.44904546e+01,2.93087786e+01,3.57055402e+01
2.00000000e+01,2.13834746e+01,2.44905914e+01,2.93095063e+01,3.57071271e+01
2.00000000e+01,2.13834745e+01,2.44904551e+01,2.93087786e+01,3.57055402e+01
2.00000000e+01,2.22709899e+01,2.68116383e+01,3.34014573e+01,4.17554478e+01
2.00000000e+01,2.22709894e+01,2.68119462e+01,3.34031146e+01,4.17590196e+01
2.00000000e+01,2.22709895e+01,2.68119462e+01,3.34031146e+01,4.17590196e+01
2.00000000e+01,2.22709902e+01,2.68116387e+01,3.34014573e+01,4.17554478e+01
2.00000000e+01,2.61872759e+01,3.54835624e+01,4.70652739e+01,6.06678607e+01
2.00000000e+01,2.61872750e+01,3.54842223e+01,4.70687085e+01,6.06750421e+01
2.00000000e+01,2.61872763e+01,3.54849724e+01,4.70725501e+01,6.06829230e+01
2.00000000e+01,2.61872767e+01,3.54842243e+01,4.70687085e+01,6.06750422e+01
2.00000000e+01,2.37228943e+01,3.02594102e+01,3.91333635e+01,4.98795848e+01
2.00000000e+01,2.37228935e+01,3.02599311e+01,3.91361313e+01,4.98854557e+01
2.00000000e+01,2.37228941e+01,3.02605078e+01,3.91391476e+01,4.98917393e+01
2.00000000e+01,2.37228940e+01,3.02599318e+01,3.91361313e+01,4.98854558e+01
2.00000000e+01,2.61872760e+01,3.54838267e+01,4.70666487e+01,6.06707474e+01
2.00000000e+01,2.61872752e+01,3.54845217e+01,4.70702463e+01,6.06782098e+01
2.00000000e+01,2.61872755e+01,3.54845219e+01,4.70702463e+01,6.06782099e+01
2.00000000e+01,2.61872765e+01,3.54838273e+01,4.70666488e+01,6.06707474e+01
2.00000000e+01,2.00286184e+01,2.01538495e+01,2.04679023e+01,2.10714099e+01
2.00000000e+01,2.00286185e+01,2.01538455e+01,2.04678634e+01,2.10712948e+01
2.00000000e+01,2.00479374e+01,2.02410112e+01,2.06959157e+01,2.15292410e+01
2.00000000e+01,2.00479380e+01,2.02410117e+01,2.06959054e+01,2.15292054e+01
2.00000000e+01,2.00286182e+01,2.01538490e+01,2.04678996e+01,2.10714017e+01
2.00000000e+01,2.00286186e+01,2.01538452e+01,2.04678603e+01,2.10712858e+01
2.00000000e+01,2.00286184e+01,2.01538479e+01,2.04678870e+01,2.10713645e+01
2.00000000e+01,2.00340011e+01,2.01791988e+01,2.05368187e+01,2.12147384e+01
2.00000000e+01,2.00340012e+01,2.01791950e+01,2.05367845e+01,2.12146373e+01
2.00000000e+01,2.00479375e+01,2.02410114e+01,2.06959154e+01,2.15292394e+01
2.00000000e+01,2.00479381e+01,2.02410118e+01,2.06959051e+01,2.15292039e+01
2.00000000e+01,2.00479378e+01,2.02410116e+01,2.06959118e+01,2.15292271e+01
2.00000000e+01,2.01182146e+01,2.05304558e+01,2.13985526e+01,2.28521803e+01
2.00000000e+01,2.01182147e+01,2.05304693e+01,2.13986334e+01,2.28523733e+01
2.00000000e+01,2.00737938e+01,2.03509394e+01,2.09692126e+01,2.20536186e+01
2.00000000e+01,2.00737938e+01,2.03509448e+01,2.09692438e+01,2.20536914e+01
2.00000000e+01,2.01182146e+01,2.05304569e+01,2.13985596e+01,2.28521965e+01
2.00000000e+01,2.01182150e+01,2.05304708e+01,2.13986402e+01,2.28523893e+01
2.00000000e+01,2.01182146e+01,2.05304615e+01,2.13985865e+01,2.28522608e+01
2.00000000e+01,2.03141464e+01,2.12505184e+01,2.30034099e+01,2.56780277e+01
2.00000000e+01,2.03141477e+01,2.12505504e+01,2.30035798e+01,2.56784111e+01
2.00000000e+01,2.01920265e+01,2.08126672e+01,2.20456928e+01,2.40165406e+01
2.00000000e+01,2.01920269e+01,2.08126885e+01,2.20458170e+01,2.40168303e+01
2.00000000e+01,2.03141465e+01,2.12505211e+01,2.30034245e+01,2.56780611e+01
2.00000000e+01,2.03141476e+01,2.12505527e+01,2.30035925e+01,2.56784401e+01
2.00000000e+01,2.03141471e+01,2.12505323e+01,2.30034822e+01,2.56781914e+01
2.00000000e+01,2.08440018e+01,2.29446727e+01,2.64197522e+01,3.12523251e+01
2.00000000e+01,2.08440028e+01,2.29447499e+01,2.64201580e+01,3.12532292e+01
2.00000000e+01,2.05143735e+01,2.19214695e+01,2.44002366e+01,2.80111958e+01
2.00000000e+01,2.05143743e+01,2.19215146e+01,2.44004758e+01,2.80117265e+01
2.00000000e+01,2.08440020e+01,2.29446810e+01,2.64197958e+01,3.12524225e+01
2.00000000e+01,2.08440029e+01,2.29447576e+01,2.64201981e+01,3.12533176e+01
2.00000000e+01,2.08440025e+01,2.29447080e+01,2.64199372e+01,3.12527377e+01
2.00000000e+01,2.22709907e+01,2.68114101e+01,3.34002205e+01,4.17527481e+01
2.00000000e+01,2.22709895e+01,2.68117137e+01,3.34018683e+01,4.17563402e+01
2.00000000e+01,2.13834745e+01,2.44902512e+01,2.93076734e+01,3.57030987e+01
2.00000000e+01,2.13834745e+01,2.44904055e+01,2.93085121e+01,3.57049557e+01
2.00000000e+01,2.22709909e+01,2.68114358e+01,3.34003575e+01,4.17530477e+01
2.00000000e+01,2.22709896e+01,2.68117400e+01,3.34020073e+01,4.17566394e+01
2.00000000e+01,2.22709901e+01,2.68115365e+01,3.34009076e+01,4.17542508e+01
2.00000000e+01,2.61872752e+01,3.54833588e+01,4.70642110e+01,6.06656091e+01
2.00000000e+01,2.61872754e+01,3.54839922e+01,4.70675172e+01,6.06725672e+01
2.00000000e+01,2.37228944e+01,3.02592464e+01,3.91324876e+01,4.98777044e+01
2.00000000e+01,2.37228933e+01,3.02597510e+01,3.91351814e+01,4.98834532e+01
2.00000000e+01,2.61872758e+01,3.54834086e+01,4.70644660e+01,6.06661466e+01
2.00000000e+01,2.61872757e+01,3.54840497e+01,4.70678091e+01,6.06731693e+01
2.00000000e+01,2.61872753e+01,3.54836121e+01,4.70655351e+01,6.06684078e+01
2.00000000e+01,2.00286181e+01,2.01538476e+01,2.04678897e+01,2.10713726e+01
2.00000000e+01,2.00286187e+01,2.01538442e+01,2.04678495e+01,2.10712542e+01
2.00000000e+01,2.00479376e+01,2.02410114e+01,2.06959122e+01,2.15292290e+01
2.00000000e+01,2.00479384e+01,2.02410122e+01,2.06959022e+01,2.15291942e+01
2.00000000e+01,2.00286183e+01,2.01538491e+01,2.04678996e+01,2.10714017e+01
2.00000000e+01,2.00286187e+01,2.01538454e+01,2.04678603e+01,2.10712859e+01
2.00000000e+01,2.00286184e+01,2.01538464e+01,2.04678740e+01,2.10713260e+01
2.00000000e+01,2.00340011e+01,2.01791974e+01,2.05368075e+01,2.12147054e+01
2.00000000e+01,2.00340012e+01,2.01791937e+01,2.05367726e+01,2.12146021e+01
2.00000000e+01,2.00479376e+01,2.02410115e+01,2.06959154e+01,2.15292394e+01
2.00000000e+01,2.00479381e+01,2.02410119e+01,2.06959052e+01,2.15292039e+01
2.00000000e+01,2.00479381e+01,2.02410119e+01,2.06959084e+01,2.15292153e+01
2.00000000e+01,2.01182150e+01,2.05304609e+01,2.13985798e+01,2.28522453e+01
2.00000000e+01,2.01182158e+01,2.05304753e+01,2.13986602e+01,2.28524373e+01
2.00000000e+01,2.00737939e+01,2.03509413e+01,2.09692228e+01,2.20536423e+01
2.00000000e+01,2.00737939e+01,2.03509466e+01,2.09692547e+01,2.20537168e+01
2.00000000e+01,2.01182149e+01,2.05304575e+01,2.13985596e+01,2.28521965e+01
2.00000000e+01,2.01182152e+01,2.05304713e+01,2.13986402e+01,2.28523893e+01
2.00000000e+01,2.01182153e+01,2.05304670e+01,2.13986135e+01,2.28523254e+01
2.00000000e+01,2.03141471e+01,2.12505299e+01,2.30034684e+01,2.56781600e+01
2.00000000e+01,2.03141479e+01,2.12505606e+01,2.30036322e+01,2.56785290e+01
2.00000000e+01,2.01920267e+01,2.08126746e+01,2.20457352e+01,2.40166394e+01
2.00000000e+01,2.01920269e+01,2.08126950e+01,2.20458563e+01,2.40169218e+01
2.00000000e+01,2.03141467e+01,2.12505216e+01,2.30034246e+01,2.56780611e+01
2.00000000e+01,2.03141478e+01,2.12505531e+01,2.30035926e+01,2.56784401e+01
2.00000000e+01,2.03141474e+01,2.12505431e+01,2.30035381e+01,2.56783175e+01
2.00000000e+01,2.08440026e+01,2.29447001e+01,2.64198927e+01,3.12526394e+01
2.00000000e+01,2.08440036e+01,2.29447744e+01,2.64202809e+01,3.12535008e+01
2.00000000e+01,2.05143738e+01,2.19214853e+01,2.44003203e+01,2.80113819e+01
2.00000000e+01,2.05143743e+01,2.19215283e+01,2.44005489e+01,2.80118875e+01
2.00000000e+01,2.08440021e+01,2.29446813e+01,2.64197959e+01,3.12524226e+01
2.00000000e+01,2.08440029e+01,2.29447577e+01,2.64201982e+01,3.12533176e+01
2.00000000e+01,2.08440035e+01,2.29447346e+01,2.64200704e+01,3.12530342e+01
2.00000000e+01,2.22709916e+01,2.68115126e+01,3.34007680e+01,4.17539476e+01
2.00000000e+01,2.22709897e+01,2.68118169e+01,3.34024186e+01,4.17575281e+01
2.00000000e+01,2.13834747e+01,2.44903038e+01,2.93079592e+01,3.57037341e+01
2.00000000e+01,2.13834741e+01,2.44904547e+01,2.93087787e+01,3.57055403e+01
2.00000000e+01,2.22709911e+01,2.68114362e+01,3.34003576e+01,4.17530478e+01
2.00000000e+01,2.22709897e+01,2.68117401e+01,3.34020074e+01,4.17566395e+01
2.00000000e+01,2.22709906e+01,2.68116394e+01,3.34014575e+01,4.17554479e+01
2.00000000e+01,2.61872763e+01,3.54835633e+01,4.70652741e+01,6.06678608e+01
2.00000000e+01,2.61872755e+01,3.54842231e+01,4.70687086e+01,6.06750422e+01
2.00000000e+01,2.37228945e+01,3.02594105e+01,3.91333637e+01,4.98795849e+01
2.00000000e+01,2.37228936e+01,3.02599314e+01,3.91361314e+01,4.98854559e+01
2.00000000e+01,2.61872757e+01,3.54834087e+01,4.70644661e+01,6.06661466e+01
2.00000000e+01,2.61872751e+01,3.54840491e+01,4.70678091e+01,6.06731694e+01
2.00000000e+01,2.61872760e+01,3.54838270e+01,4.70666488e+01,6.06707474e+01
2.00000000e+01,2.00286174e+01,2.01538421e+01,2.04678495e+01,2.10712542e+01
2.00000000e+01,2.00286176e+01,2.01538371e+01,2.04678064e+01,2.10711282e+01
2.00000000e+01,2.00479373e+01,2.02410101e+01,2.06959022e+01,2.15291942e+01
2.00000000e+01,2.00479379e+01,2.02410105e+01,2.06958933e+01,2.15291626e+01
2.00000000e+01,2.00286177e+01,2.01538453e+01,2.04678740e+01,2.10713260e+01
2.00000000e+01,2.00286182e+01,2.01538413e+01,2.04678327e+01,2.10712048e+01
2.00000000e+01,2.00286176e+01,2.01538403e+01,2.04678327e+01,2.10712048e+01
2.00000000e+01,2.00340010e+01,2.01791933e+01,2.05367726e+01,2.12146021e+01
2.00000000e+01,2.00340011e+01,2.01791890e+01,2.05367345e+01,2.12144911e+01
2.00000000e+01,2.00479375e+01,2.02410109e+01,2.06959084e+01,2.15292153e+01
2.00000000e+01,2.00479381e+01,2.02410114e+01,2.06958988e+01,2.15291815e+01
2.00000000e+01,2.00479376e+01,2.02410104e+01,2.06958988e+01,2.15291816e+01
2.00000000e+01,2.01182145e+01,2.05304731e+01,2.13986602e+01,2.28524373e+01
2.00000000e+01,2.01182145e+01,2.05304854e+01,2.13987386e+01,2.28526247e+01
2.00000000e+01,2.00737938e+01,2.03509464e+01,2.09692547e+01,2.20537168e+01
2.00000000e+01,2.00737937e+01,2.03509520e+01,2.09692899e+01,2.20538001e+01
2.00000000e+01,2.01182147e+01,2.05304659e+01,2.13986135e+01,2.28523254e+01
2.00000000e+01,2.01182152e+01,2.05304795e+01,2.13986931e+01,2.28525156e+01
2.00000000e+01,2.01182145e+01,2.05304783e+01,2.13986931e+01,2.28525156e+01
2.00000000e+01,2.03141478e+01,2.12505598e+01,2.30036323e+01,2.56785290e+01
2.00000000e+01,2.03141463e+01,2.12505830e+01,2.30037743e+01,2.56788481e+01
2.00000000e+01,2.01920267e+01,2.08126948e+01,2.20458563e+01,2.40169219e+01
2.00000000e+01,2.01920265e+01,2.08127127e+01,2.20459662e+01,2.40171777e+01
2.00000000e+01,2.03141474e+01,2.12505426e+01,2.30035381e+01,2.56783175e+01
2.00000000e+01,2.03141473e+01,2.12505701e+01,2.30036924e+01,2.56786647e+01
2.00000000e+01,2.03141472e+01,2.12505696e+01,2.30036924e+01,2.56786647e+01
2.00000000e+01,2.08440046e+01,2.29447750e+01,2.64202809e+01,3.12535009e+01
2.00000000e+01,2.08440038e+01,2.29448391e+01,2.64206269e+01,3.12542575e+01
2.00000000e+01,2.05143744e+01,2.19215284e+01,2.44005489e+01,2.80118875e+01
2.00000000e+01,2.05143745e+01,2.19215669e+01,2.44007531e+01,2.80123331e+01
2.00000000e+01,2.08440039e+01,2.29447347e+01,2.64200705e+01,3.12530342e+01
2.00000000e+01,2.08440032e+01,2.29448041e+01,2.64204441e+01,3.12538577e+01
2.00000000e+01,2.08440035e+01,2.29448041e+01,2.64204441e+01,3.12538577e+01
2.00000000e+01,2.22709912e+01,2.68118181e+01,3.34024187e+01,4.17575281e+01
2.00000000e+01,2.22709890e+01,2.68121245e+01,3.34040702e+01,4.17610566e+01
2.00000000e+01,2.13834746e+01,2.44904552e+01,2.93087787e+01,3.57055403e+01
2.00000000e+01,2.13834750e+01,2.44905920e+01,2.93095065e+01,3.57071273e+01
2.00000000e+01,2.22709913e+01,2.68116400e+01,3.34014575e+01,4.17554479e+01
2.00000000e+01,2.22709896e+01,2.68119465e+01,3.34031148e+01,4.17590197e+01
2.00000000e+01,2.22709899e+01,2.68119465e+01,3.34031148e+01,4.17590197e+01
2.00000000e+01,2.61872776e+01,3.54842250e+01,4.70687087e+01,6.06750423e+01
2.00000000e+01,2.61872765e+01,3.54849727e+01,4.70725503e+01,6.06829232e+01
2.00000000e+01,2.37228946e+01,3.02599324e+01,3.91361315e+01,4.98854559e+01
2.00000000e+01,2.37228943e+01,3.02605081e+01,3.91391478e+01,4.98917394e+01
2.00000000e+01,2.61872773e+01,3.54838282e+01,4.70666489e+01,6.06707475e+01
2.00000000e+01,2.61872757e+01,3.54845223e+01,4.70702465e+01,6.06782100e+01
2.00000000e+01,2.61872764e+01,3.54845229e+01,4.70702465e+01,6.06782100e+01
2.00000000e+01,2.00286182e+01,2.01538494e+01,2.04679023e+01,2.10714099e+01
2.00000000e+01,2.00286189e+01,2.01538462e+01,2.04678634e+01,2.10712948e+01
2.00000000e+01,2.00479374e+01,2.02410111e+01,2.06959157e+01,2.15292410e+01
2.00000000e+01,2.00479382e+01,2.02410122e+01,2.06959054e+01,2.15292053e+01
2.00000000e+01,2.00286185e+01,2.01538482e+01,2.04678871e+01,2.10713645e+01
2.00000000e+01,2.00286188e+01,2.01538455e+01,2.04678603e+01,2.10712858e+01
2.00000000e+01,2.00286181e+01,2.01538489e+01,2.04678996e+01,2.10714017e+01
2.00000000e+01,2.00340012e+01,2.01791989e+01,2.05368187e+01,2.12147384e+01
2.00000000e+01,2.00340012e+01,2.01791950e+01,2.05367845e+01,2.12146372e+01
2.00000000e+01,2.00479379e+01,2.02410119e+01,2.06959118e+01,2.15292271e+01
2.00000000e+01,2.00479381e+01,2.02410120e+01,2.06959051e+01,2.15292039e+01
2.00000000e+01,2.00479374e+01,2.02410112e+01,2.06959154e+01,2.15292394e+01
2.00000000e+01,2.01182145e+01,2.05304556e+01,2.13985526e+01,2.28521802e+01
2.00000000e+01,2.01182150e+01,2.05304701e+01,2.13986333e+01,2.28523733e+01
2.00000000e+01,2.00737939e+01,2.03509395e+01,2.09692125e+01,2.20536186e+01
2.00000000e+01,2.00737938e+01,2.03509448e+01,2.09692438e+01,2.20536913e+01
2.00000000e+01,2.01182147e+01,2.05304617e+01,2.13985865e+01,2.28522608e+01
2.00000000e+01,2.01182153e+01,2.05304715e+01,2.13986402e+01,2.28523892e+01
2.00000000e+01,2.01182146e+01,2.05304569e+01,2.13985596e+01,2.28521965e+01
2.00000000e+01,2.03141463e+01,2.12505181e+01,2.30034099e+01,2.56780276e+01
2.00000000e+01,2.03141477e+01,2.12505507e+01,2.30035797e+01,2.56784110e+01
2.00000000e+01,2.01920265e+01,2.08126672e+01,2.20456928e+01,2.40165406e+01
2.00000000e+01,2.01920268e+01,2.08126885e+01,2.20458170e+01,2.40168302e+01
2.00000000e+01,2.03141471e+01,2.12505323e+01,2.30034822e+01,2.56781914e+01
2.00000000e+01,2.03141476e+01,2.12505530e+01,2.30035925e+01,2.56784401e+01
2.00000000e+01,2.03141464e+01,2.12505210e+01,2.30034245e+01,2.56780611e+01
2.00000000e+01,2.08440016e+01,2.29446721e+01,2.64197521e+01,3.12523251e+01
2.00000000e+01,2.08440028e+01,2.29447500e+01,2.64201579e+01,3.12532292e+01
2.00000000e+01,2.05143735e+01,2.19214694e+01,2.44002366e+01,2.80111958e+01
2.00000000e+01,2.05143743e+01,2.19215147e+01,2.44004757e+01,2.80117265e+01
2.00000000e+01,2.08440023e+01,2.29447076e+01,2.64199371e+01,3.12527377e+01
2.00000000e+01,2.08440025e+01,2.29447572e+01,2.64201981e+01,3.12533175e+01
2.00000000e+01,2.08440019e+01,2.29446808e+01,2.64197958e+01,3.12524225e+01
2.00000000e+01,2.22709902e+01,2.68114093e+01,3.34002204e+01,4.17527480e+01
2.00000000e+01,2.22709896e+01,2.68117139e+01,3.34018682e+01,4.17563401e+01
2.00000000e+01,2.13834744e+01,2.44902509e+01,2.93076733e+01,3.57030986e+01
2.00000000e+01,2.13834744e+01,2.44904055e+01,2.93085120e+01,3.57049557e+01
2.00000000e+01,2.22709901e+01,2.68115363e+01,3.34009075e+01,4.17542508e+01
2.00000000e+01,2.22709896e+01,2.68117399e+01,3.34020073e+01,4.17566394e+01
2.00000000e+01,2.22709907e+01,2.68114355e+01,3.34003575e+01,4.17530477e+01
2.00000000e+01,2.61872755e+01,3.54833590e+01,4.70642109e+01,6.06656091e+01
2.00000000e+01,2.61872759e+01,3.54839930e+01,4.70675171e+01,6.06725671e+01
2.00000000e+01,2.37228943e+01,3.02592464e+01,3.91324876e+01,4.98777044e+01
2.00000000e+01,2.37228934e+01,3.02597511e+01,3.91351814e+01,4.98834531e+01
2.00000000e+01,2.61872755e+01,3.54836122e+01,4.70655351e+01,6.06684077e+01
2.00000000e+01,2.61872754e+01,3.54840496e+01,4.70678091e+01,6.06731693e+01
2.00000000e+01,2.61872756e+01,3.54834083e+01,4.70644660e+01,6.06661465e+01
2.00000000e+01,2.00286191e+01,2.01538520e+01,2.04679146e+01,2.10714463e+01
2.00000000e+01,2.00479374e+01,2.02410116e+01,2.06959191e+01,2.15292531e+01
2.00000000e+01,2.00286187e+01,2.01538511e+01,2.04679119e+01,2.10714382e+01
2.00000000e+01,2.00286188e+01,2.01538512e+01,2.04679119e+01,2.10714382e+01
2.00000000e+01,2.00340012e+01,2.01792001e+01,2.05368295e+01,2.12147707e+01
2.00000000e+01,2.00479374e+01,2.02410114e+01,2.06959189e+01,2.15292515e+01
2.00000000e+01,2.00479374e+01,2.02410116e+01,2.06959189e+01,2.15292515e+01
2.00000000e+01,2.01182146e+01,2.05304515e+01,2.13985254e+01,2.28521151e+01
2.00000000e+01,2.00737938e+01,2.03509377e+01,2.09692027e+01,2.20535957e+01
2.00000000e+01,2.01182145e+01,2.05304524e+01,2.13985324e+01,2.28521314e+01
2.00000000e+01,2.01182146e+01,2.05304526e+01,2.13985324e+01,2.28521314e+01
2.00000000e+01,2.03141459e+01,2.12505072e+01,2.30033493e+01,2.56778904e+01
2.00000000e+01,2.01920265e+01,2.08126599e+01,2.20456494e+01,2.40164393e+01
2.00000000e+01,2.03141460e+01,2.12505099e+01,2.30033647e+01,2.56779254e+01
2.00000000e+01,2.03141461e+01,2.12505101e+01,2.30033647e+01,2.56779254e+01
2.00000000e+01,2.08440008e+01,2.29446451e+01,2.64196069e+01,3.12519989e+01
2.00000000e+01,2.05143734e+01,2.19214534e+01,2.44001502e+01,2.80110028e+01
2.00000000e+01,2.08440013e+01,2.29446534e+01,2.64196512e+01,3.12520982e+01
2.00000000e+01,2.08440014e+01,2.29446537e+01,2.64196513e+01,3.12520982e+01
2.00000000e+01,2.22709904e+01,2.68113107e+01,3.33996775e+01,4.17515520e+01
2.00000000e+01,2.13834743e+01,2.44901974e+01,2.93073810e+01,3.57024462e+01
2.00000000e+01,2.22709904e+01,2.68113353e+01,3.33998131e+01,4.17518501e+01
2.00000000e+01,2.22709906e+01,2.68113357e+01,3.33998131e+01,4.17518502e+01
2.00000000e+01,2.61872737e+01,3.54831629e+01,4.70631850e+01,6.06634221e+01
2.00000000e+01,2.37228942e+01,3.02590876e+01,3.91316360e+01,4.98758652e+01
2.00000000e+01,2.61872744e+01,3.54832109e+01,4.70634331e+01,6.06639480e+01
2.00000000e+01,2.61872743e+01,3.54832110e+01,4.70634331e+01,6.06639480e+01
2.00000000e+01,2.00286181e+01,2.01538492e+01,2.04679024e+01,2.10714099e+01
2.00000000e+01,2.00479375e+01,2.02410115e+01,2.06959157e+01,2.15292410e+01
2.00000000e+01,2.00286186e+01,2.01538511e+01,2.04679119e+01,2.10714382e+01
2.00000000e+01,2.00286181e+01,2.01538488e+01,2.04678996e+01,2.10714017e+01
2.00000000e+01,2.00340012e+01,2.01791989e+01,2.05368187e+01,2.12147385e+01
2.00000000e+01,2.00479375e+01,2.02410117e+01,2.06959189e+01,2.15292515e+01
2.00000000e+01,2.00479376e+01,2.02410115e+01,2.06959154e+01,2.15292394e+01
2.00000000e+01,2.01182150e+01,2.05304565e+01,2.13985527e+01,2.28521803e+01
2.00000000e+01,2.00737940e+01,2.03509397e+01,2.09692126e+01,2.20536186e+01
2.00000000e+01,2.01182148e+01,2.05304530e+01,2.13985324e+01,2.28521314e+01
2.00000000e+01,2.01182149e+01,2.05304576e+01,2.13985596e+01,2.28521965e+01
2.00000000e+01,2.03141467e+01,2.12505191e+01,2.30034100e+01,2.56780277e+01
2.00000000e+01,2.01920266e+01,2.08126674e+01,2.20456928e+01,2.40165406e+01
2.00000000e+01,2.03141463e+01,2.12505105e+01,2.30033647e+01,2.56779255e+01
2.00000000e+01,2.03141470e+01,2.12505221e+01,2.30034246e+01,2.56780611e+01
2.00000000e+01,2.08440020e+01,2.29446733e+01,2.64197522e+01,3.12523251e+01
2.00000000e+01,2.05143736e+01,2.19214697e+01,2.44002367e+01,2.80111958e+01
2.00000000e+01,2.08440015e+01,2.29446540e+01,2.64196513e+01,3.12520982e+01
2.00000000e+01,2.08440024e+01,2.29446819e+01,2.64197959e+01,3.12524226e+01
2.00000000e+01,2.22709908e+01,2.68114106e+01,3.34002205e+01,4.17527481e+01
2.00000000e+01,2.13834745e+01,2.44902512e+01,2.93076734e+01,3.57030987e+01
2.00000000e+01,2.22709906e+01,2.68113358e+01,3.33998131e+01,4.17518502e+01
2.00000000e+01,2.22709912e+01,2.68114366e+01,3.34003576e+01,4.17530478e+01
2.00000000e+01,2.61872754e+01,3.54833594e+01,4.70642111e+01,6.06656091e+01
2.00000000e+01,2.37228946e+01,3.02592468e+01,3.91324877e+01,4.98777044e+01
2.00000000e+01,2.61872745e+01,3.54832113e+01,4.70634332e+01,6.06639481e+01
2.00000000e+01,2.61872760e+01,3.54834093e+01,4.70644661e+01,6.06661466e+01
2.00000000e+01,2.00286179e+01,2.01538445e+01,2.04678634e+01,2.10712949e+01
2.00000000e+01,2.00479378e+01,2.02410111e+01,2.06959054e+01,2.15292054e+01
2.00000000e+01,2.00286180e+01,2.01538473e+01,2.04678871e+01,2.10713646e+01
2.00000000e+01,2.00286178e+01,2.01538439e+01,2.04678603e+01,2.10712859e+01
2.00000000e+01,2.00340009e+01,2.01791946e+01,2.05367845e+01,2.12146373e+01
2.00000000e+01,2.00479377e+01,2.02410115e+01,2.06959118e+01,2.15292271e+01
2.00000000e+01,2.00479375e+01,2.02410108e+01,2.06959052e+01,2.15292039e+01
2.00000000e+01,2.01182146e+01,2.05304690e+01,2.13986334e+01,2.28523734e+01
2.00000000e+01,2.00737937e+01,2.03509445e+01,2.09692439e+01,2.20536914e+01
2.00000000e+01,2.01182147e+01,2.05304618e+01,2.13985865e+01,2.28522608e+01
2.00000000e+01,2.01182146e+01,2.05304701e+01,2.13986402e+01,2.28523893e+01
2.00000000e+01,2.03141481e+01,2.12505509e+01,2.30035799e+01,2.56784111e+01
2.00000000e+01,2.01920268e+01,2.08126884e+01,2.20458171e+01,2.40168303e+01
2.00000000e+01,2.03141475e+01,2.12505329e+01,2.30034823e+01,2.56781915e+01
2.00000000e+01,2.03141479e+01,2.12505529e+01,2.30035926e+01,2.56784401e+01
2.00000000e+01,2.08440039e+01,2.29447512e+01,2.64201581e+01,3.12532293e+01
2.00000000e+01,2.05143745e+01,2.19215149e+01,2.44004759e+01,2.80117266e+01
2.00000000e+01,2.08440031e+01,2.29447089e+01,2.64199373e+01,3.12527378e+01
2.00000000e+01,2.08440037e+01,2.29447583e+01,2.64201982e+01,3.12533176e+01
2.00000000e+01,2.22709908e+01,2.68117151e+01,3.34018684e+01,4.17563401e+01
2.00000000e+01,2.13834748e+01,2.44904059e+01,2.93085122e+01,3.57049558e+01
2.00000000e+01,2.22709909e+01,2.68115376e+01,3.34009076e+01,4.17542508e+01
2.00000000e+01,2.22709910e+01,2.68117413e+01,3.34020074e+01,4.17566395e+01
2.00000000e+01,2.61872773e+01,3.54839945e+01,4.70675174e+01,6.06725673e+01
2.00000000e+01,2.37228943e+01,3.02597523e+01,3.91351816e+01,4.98834533e+01
2.00000000e+01,2.61872765e+01,3.54836136e+01,4.70655353e+01,6.06684079e+01
2.00000000e+01,2.61872766e+01,3.54840506e+01,4.70678093e+01,6.06731694e+01
2.00000000e+01,2.00286183e+01,2.01538479e+01,2.04678898e+01,2.10713726e+01
2.00000000e+01,2.00286189e+01,2.01538445e+01,2.04678495e+01,2.10712542e+01
2.00000000e+01,2.00479374e+01,2.02410111e+01,2.06959122e+01,2.15292290e+01
2.00000000e+01,2.00479384e+01,2.02410123e+01,2.06959022e+01,2.15291942e+01
2.00000000e+01,2.00286185e+01,2.01538466e+01,2.04678740e+01,2.10713260e+01
2.00000000e+01,2.00286190e+01,2.01538459e+01,2.04678603e+01,2.10712858e+01
2.00000000e+01,2.00286183e+01,2.01538492e+01,2.04678996e+01,2.10714017e+01
2.00000000e+01,2.00340012e+01,2.01791976e+01,2.05368075e+01,2.12147054e+01
2.00000000e+01,2.00340013e+01,2.01791937e+01,2.05367726e+01,2.12146021e+01
2.00000000e+01,2.00479380e+01,2.02410118e+01,2.06959084e+01,2.15292153e+01
2.00000000e+01,2.00479382e+01,2.02410122e+01,2.06959051e+01,2.15292039e+01
2.00000000e+01,2.00479374e+01,2.02410113e+01,2.06959154e+01,2.15292394e+01
2.00000000e+01,2.01182149e+01,2.05304606e+01,2.13985798e+01,2.28522452e+01
2.00000000e+01,2.01182157e+01,2.05304753e+01,2.13986601e+01,2.28524373e+01
2.00000000e+01,2.00737940e+01,2.03509413e+01,2.09692228e+01,2.20536423e+01
2.00000000e+01,2.00737938e+01,2.03509466e+01,2.09692546e+01,2.20537168e+01
2.00000000e+01,2.01182152e+01,2.05304669e+01,2.13986135e+01,2.28523253e+01
2.00000000e+01,2.01182154e+01,2.05304716e+01,2.13986402e+01,2.28523892e+01
2.00000000e+01,2.01182148e+01,2.05304572e+01,2.13985596e+01,2.28521965e+01
2.00000000e+01,2.03141472e+01,2.12505297e+01,2.30034683e+01,2.56781599e+01
2.00000000e+01,2.03141478e+01,2.12505604e+01,2.30036321e+01,2.56785289e+01
2.00000000e+01,2.01920266e+01,2.08126745e+01,2.20457351e+01,2.40166394e+01
2.00000000e+01,2.01920268e+01,2.08126950e+01,2.20458562e+01,2.40169218e+01
2.00000000e+01,2.03141475e+01,2.12505429e+01,2.30035380e+01,2.56783174e+01
2.00000000e+01,2.03141478e+01,2.12505532e+01,2.30035925e+01,2.56784400e+01
2.00000000e+01,2.03141468e+01,2.12505214e+01,2.30034245e+01,2.56780611e+01
2.00000000e+01,2.08440024e+01,2.29446994e+01,2.64198926e+01,3.12526393e+01
2.00000000e+01,2.08440031e+01,2.29447736e+01,2.64202807e+01,3.12535007e+01
2.00000000e+01,2.05143735e+01,2.19214849e+01,2.44003202e+01,2.80113818e+01
2.00000000e+01,2.05143743e+01,2.19215283e+01,2.44005488e+01,2.80118873e+01
2.00000000e+01,2.08440030e+01,2.29447337e+01,2.64200703e+01,3.12530341e+01
2.00000000e+01,2.08440028e+01,2.29447575e+01,2.64201981e+01,3.12533175e+01
2.00000000e+01,2.08440020e+01,2.29446808e+01,2.64197958e+01,3.12524225e+01
2.00000000e+01,2.22709912e+01,2.68115116e+01,3.34007678e+01,4.17539475e+01
2.00000000e+01,2.22709894e+01,2.68118161e+01,3.34024185e+01,4.17575280e+01
2.00000000e+01,2.13834745e+01,2.44903034e+01,2.93079590e+01,3.57037340e+01
2.00000000e+01,2.13834744e+01,2.44904549e+01,2.93087785e+01,3.57055402e+01
2.00000000e+01,2.22709901e+01,2.68116383e+01,3.34014573e+01,4.17554477e+01
2.00000000e+01,2.22709897e+01,2.68117400e+01,3.34020072e+01,4.17566394e+01
2.00000000e+01,2.22709906e+01,2.68114352e+01,3.34003575e+01,4.17530477e+01
2.00000000e+01,2.61872761e+01,3.54835626e+01,4.70652739e+01,6.06678607e+01
2.00000000e+01,2.61872748e+01,3.54842217e+01,4.70687084e+01,6.06750421e+01
2.00000000e+01,2.37228943e+01,3.02594101e+01,3.91333635e+01,4.98795847e+01
2.00000000e+01,2.37228938e+01,3.02599315e+01,3.91361312e+01,4.98854557e+01
2.00000000e+01,2.61872755e+01,3.54838259e+01,4.70666487e+01,6.06707473e+01
2.00000000e+01,2.61872751e+01,3.54840491e+01,4.70678090e+01,6.06731693e+01
2.00000000e+01,2.61872759e+01,3.54834086e+01,4.70644660e+01,6.06661465e+01
2.00000000e+01,2.00286181e+01,2.01538492e+01,2.04679024e+01,2.10714099e+01
2.00000000e+01,2.00479375e+01,2.02410113e+01,2.06959157e+01,2.15292410e+01
2.00000000e+01,2.00286181e+01,2.01538489e+01,2.04678996e+01,2.10714017e+01
2.00000000e+01,2.00286186e+01,2.01538511e+01,2.04679119e+01,2.10714382e+01
2.00000000e+01,2.00340011e+01,2.01791988e+01,2.05368187e+01,2.12147385e+01
2.00000000e+01,2.00479375e+01,2.02410113e+01,2.06959154e+01,2.15292394e+01
2.00000000e+01,2.00479375e+01,2.02410117e+01,2.06959189e+01,2.15292515e+01
2.00000000e+01,2.01182147e+01,2.05304561e+01,2.13985527e+01,2.28521803e+01
2.00000000e+01,2.00737939e+01,2.03509395e+01,2.09692126e+01,2.20536186e+01
2.00000000e+01,2.01182147e+01,2.05304572e+01,2.13985596e+01,2.28521965e+01
2.00000000e+01,2.01182147e+01,2.05304528e+01,2.13985324e+01,2.28521314e+01
2.00000000e+01,2.03141465e+01,2.12505187e+01,2.30034099e+01,2.56780277e+01
2.00000000e+01,2.01920264e+01,2.08126671e+01,2.20456928e+01,2.40165406e+01
2.00000000e+01,2.03141470e+01,2.12505218e+01,2.30034246e+01,2.56780611e+01
2.00000000e+01,2.03141462e+01,2.12505104e+01,2.30033647e+01,2.56779254e+01
2.00000000e+01,2.08440021e+01,2.29446730e+01,2.64197521e+01,3.12523251e+01
2.00000000e+01,2.05143734e+01,2.19214694e+01,2.44002366e+01,2.80111958e+01
2.00000000e+01,2.08440023e+01,2.29446814e+01,2.64197958e+01,3.12524225e+01
2.00000000e+01,2.08440015e+01,2.29446539e+01,2.64196512e+01,3.12520982e+01
2.00000000e+01,2.22709907e+01,2.68114100e+01,3.34002204e+01,4.17527480e+01
2.00000000e+01,2.13834745e+01,2.44902511e+01,2.93076733e+01,3.57030986e+01
2.00000000e+01,2.22709908e+01,2.68114357e+01,3.34003575e+01,4.17530477e+01
2.00000000e+01,2.22709905e+01,2.68113355e+01,3.33998131e+01,4.17518501e+01
2.00000000e+01,2.61872751e+01,3.54833587e+01,4.70642110e+01,6.06656091e+01
2.00000000e+01,2.37228944e+01,3.02592465e+01,3.91324876e+01,4.98777044e+01
2.00000000e+01,2.61872758e+01,3.54834087e+01,4.70644660e+01,6.06661465e+01
2.00000000e+01,2.61872744e+01,3.54832110e+01,4.70634331e+01,6.06639480e+01
2.00000000e+01,2.00286183e+01,2.01538479e+01,2.04678898e+01,2.10713726e+01
2.00000000e+01,2.00479377e+01,2.02410116e+01,2.06959123e+01,2.15292290e+01
2.00000000e+01,2.00286182e+01,2.01538491e+01,2.04678996e+01,2.10714017e+01
2.00000000e+01,2.00286182e+01,2.01538490e+01,2.04678996e+01,2.10714017e+01
2.00000000e+01,2.00340012e+01,2.01791976e+01,2.05368076e+01,2.12147054e+01
2.00000000e+01,2.00479376e+01,2.02410116e+01,2.06959154e+01,2.15292394e+01
2.00000000e+01,2.00479376e+01,2.02410117e+01,2.06959154e+01,2.15292394e+01
2.00000000e+01,2.01182151e+01,2.05304611e+01,2.13985799e+01,2.28522453e+01
2.00000000e+01,2.00737940e+01,2.03509415e+01,2.09692228e+01,2.20536423e+01
2.00000000e+01,2.01182149e+01,2.05304576e+01,2.13985596e+01,2.28521965e+01
2.00000000e+01,2.01182150e+01,2.05304577e+01,2.13985596e+01,2.28521965e+01
2.00000000e+01,2.03141465e+01,2.12505293e+01,2.30034684e+01,2.56781600e+01
2.00000000e+01,2.01920268e+01,2.08126748e+01,2.20457352e+01,2.40166394e+01
2.00000000e+01,2.03141467e+01,2.12505217e+01,2.30034246e+01,2.56780611e+01
2.00000000e+01,2.03141467e+01,2.12505217e+01,2.30034246e+01,2.56780611e+01
2.00000000e+01,2.08440021e+01,2.29446993e+01,2.64198927e+01,3.12526394e+01
2.00000000e+01,2.05143739e+01,2.19214854e+01,2.44003203e+01,2.80113819e+01
2.00000000e+01,2.08440021e+01,2.29446812e+01,2.64197959e+01,3.12524225e+01
2.00000000e+01,2.08440020e+01,2.29446812e+01,2.64197959e+01,3.12524226e+01
2.00000000e+01,2.22709904e+01,2.68115108e+01,3.34007680e+01,4.17539475e+01
2.00000000e+01,2.13834747e+01,2.44903039e+01,2.93079592e+01,3.57037341e+01
2.00000000e+01,2.22709906e+01,2.68114356e+01,3.34003575e+01,4.17530477e+01
2.00000000e+01,2.22709906e+01,2.68114356e+01,3.34003576e+01,4.17530478e+01
2.00000000e+01,2.61872758e+01,3.54835623e+01,4.70652741e+01,6.06678607e+01
2.00000000e+01,2.37228943e+01,3.02594103e+01,3.91333637e+01,4.98795848e+01
2.00000000e+01,2.61872753e+01,3.54834081e+01,4.70644660e+01,6.06661466e+01
2.00000000e+01,2.61872755e+01,3.54834085e+01,4.70644661e+01,6.06661466e+01
2.00000000e+01,2.00286181e+01,2.01538431e+01,2.04678496e+01,2.10712542e+01
2.00000000e+01,2.00479378e+01,2.02410108e+01,2.06959023e+01,2.15291943e+01
2.00000000e+01,2.00286182e+01,2.01538460e+01,2.04678740e+01,2.10713260e+01
2.00000000e+01,2.00286181e+01,2.01538444e+01,2.04678604e+01,2.10712859e+01
2.00000000e+01,2.00340012e+01,2.01791936e+01,2.05367726e+01,2.12146022e+01
2.00000000e+01,2.00479378e+01,2.02410113e+01,2.06959085e+01,2.15292153e+01
2.00000000e+01,2.00479378e+01,2.02410112e+01,2.06959052e+01,2.15292039e+01
2.00000000e+01,2.01182150e+01,2.05304740e+01,2.13986602e+01,2.28524373e+01
2.00000000e+01,2.00737941e+01,2.03509469e+01,2.09692547e+01,2.20537168e+01
2.00000000e+01,2.01182149e+01,2.05304664e+01,2.13986136e+01,2.28523254e+01
2.00000000e+01,2.01182149e+01,2.05304707e+01,2.13986403e+01,2.28523893e+01
2.00000000e+01,2.03141477e+01,2.12505600e+01,2.30036323e+01,2.56785290e+01
2.00000000e+01,2.01920267e+01,2.08126949e+01,2.20458564e+01,2.40169219e+01
2.00000000e+01,2.03141470e+01,2.12505424e+01,2.30035381e+01,2.56783175e+01
2.00000000e+01,2.03141478e+01,2.12505529e+01,2.30035926e+01,2.56784401e+01
2.00000000e+01,2.08440042e+01,2.29447750e+01,2.64202809e+01,3.12535008e+01
2.00000000e+01,2.05143744e+01,2.19215283e+01,2.44005489e+01,2.80118875e+01
2.00000000e+01,2.08440036e+01,2.29447344e+01,2.64200704e+01,3.12530342e+01
2.00000000e+01,2.08440035e+01,2.29447582e+01,2.64201983e+01,3.12533176e+01
2.00000000e+01,2.22709901e+01,2.68118171e+01,3.34024186e+01,4.17575280e+01
2.00000000e+01,2.13834746e+01,2.44904551e+01,2.93087787e+01,3.57055403e+01
2.00000000e+01,2.22709901e+01,2.68116384e+01,3.34014574e+01,4.17554478e+01
2.00000000e+01,2.22709904e+01,2.68117407e+01,3.34020074e+01,4.17566394e+01
2.00000000e+01,2.61872769e+01,3.54842244e+01,4.70687087e+01,6.06750422e+01
2.00000000e+01,2.37228944e+01,3.02599325e+01,3.91361315e+01,4.98854559e+01
2.00000000e+01,2.61872767e+01,3.54838275e+01,4.70666489e+01,6.06707474e+01
2.00000000e+01,2.61872765e+01,3.54840507e+01,4.70678093e+01,6.06731694e+01
2.00000000e+01,2.00286178e+01,2.01538424e+01,2.04678495e+01,2.10712542e+01
2.00000000e+01,2.00286179e+01,2.01538375e+01,2.04678064e+01,2.10711282e+01
2.00000000e+01,2.00479376e+01,2.02410103e+01,2.06959022e+01,2.15291942e+01
2.00000000e+01,2.00479380e+01,2.02410107e+01,2.06958933e+01,2.15291626e+01
2.00000000e+01,2.00286180e+01,2.01538408e+01,2.04678327e+01,2.10712048e+01
2.00000000e+01,2.00286184e+01,2.01538416e+01,2.04678327e+01,2.10712048e+01
2.00000000e+01,2.00286180e+01,2.01538457e+01,2.04678740e+01,2.10713260e+01
2.00000000e+01,2.00340010e+01,2.01791933e+01,2.05367726e+01,2.12146021e+01
2.00000000e+01,2.00340012e+01,2.01791891e+01,2.05367345e+01,2.12144911e+01
2.00000000e+01,2.00479379e+01,2.02410108e+01,2.06958987e+01,2.15291815e+01
2.00000000e+01,2.00479382e+01,2.02410115e+01,2.06958987e+01,2.15291815e+01
2.00000000e+01,2.00479375e+01,2.02410108e+01,2.06959084e+01,2.15292153e+01
2.00000000e+01,2.01182144e+01,2.05304728e+01,2.13986601e+01,2.28524373e+01
2.00000000e+01,2.01182146e+01,2.05304855e+01,2.13987386e+01,2.28526247e+01
2.00000000e+01,2.00737938e+01,2.03509464e+01,2.09692547e+01,2.20537168e+01
2.00000000e+01,2.00737937e+01,2.03509520e+01,2.09692899e+01,2.20538001e+01
2.00000000e+01,2.01182145e+01,2.05304783e+01,2.13986931e+01,2.28525156e+01
2.00000000e+01,2.01182151e+01,2.05304794e+01,2.13986931e+01,2.28525156e+01
2.00000000e+01,2.01182145e+01,2.05304656e+01,2.13986135e+01,2.28523254e+01
2.00000000e+01,2.03141470e+01,2.12505588e+01,2.30036321e+01,2.56785289e+01
2.00000000e+01,2.03141463e+01,2.12505829e+01,2.30037742e+01,2.56788480e+01
2.00000000e+01,2.01920268e+01,2.08126949e+01,2.20458562e+01,2.40169218e+01
2.00000000e+01,2.01920264e+01,2.08127125e+01,2.20459661e+01,2.40171776e+01
2.00000000e+01,2.03141466e+01,2.12505689e+01,2.30036922e+01,2.56786646e+01
2.00000000e+01,2.03141472e+01,2.12505698e+01,2.30036923e+01,2.56786646e+01
2.00000000e+01,2.03141471e+01,2.12505421e+01,2.30035380e+01,2.56783174e+01
2.00000000e+01,2.08440033e+01,2.29447735e+01,2.64202807e+01,3.12535007e+01
2.00000000e+01,2.08440032e+01,2.29448380e+01,2.64206267e+01,3.12542574e+01
2.00000000e+01,2.05143744e+01,2.19215284e+01,2.44005488e+01,2.80118874e+01
2.00000000e+01,2.05143741e+01,2.19215662e+01,2.44007529e+01,2.80123330e+01
2.00000000e+01,2.08440027e+01,2.29448030e+01,2.64204438e+01,3.12538576e+01
2.00000000e+01,2.08440027e+01,2.29448032e+01,2.64204438e+01,3.12538576e+01
2.00000000e+01,2.08440030e+01,2.29447335e+01,2.64200703e+01,3.12530341e+01
2.00000000e+01,2.22709893e+01,2.68118161e+01,3.34024184e+01,4.17575279e+01
2.00000000e+01,2.22709893e+01,2.68121246e+01,3.34040700e+01,4.17610564e+01
2.00000000e+01,2.13834749e+01,2.44904556e+01,2.93087785e+01,3.57055402e+01
2.00000000e+01,2.13834744e+01,2.44905910e+01,2.93095062e+01,3.57071271e+01
2.00000000e+01,2.22709896e+01,2.68119460e+01,3.34031145e+01,4.17590196e+01
2.00000000e+01,2.22709893e+01,2.68119458e+01,3.34031146e+01,4.17590196e+01
2.00000000e+01,2.22709902e+01,2.68116385e+01,3.34014573e+01,4.17554477e+01
2.00000000e+01,2.61872756e+01,3.54842228e+01,4.70687084e+01,6.06750421e+01
2.00000000e+01,2.61872769e+01,3.54849727e+01,4.70725501e+01,6.06829230e+01
2.00000000e+01,2.37228938e+01,3.02599316e+01,3.91361312e+01,4.98854557e+01
2.00000000e+01,2.37228938e+01,3.02605073e+01,3.91391476e+01,4.98917393e+01
2.00000000e+01,2.61872758e+01,3.54845221e+01,4.70702462e+01,6.06782098e+01
2.00000000e+01,2.61872757e+01,3.54845220e+01,4.70702462e+01,6.06782098e+01
2.00000000e+01,2.61872761e+01,3.54838267e+01,4.70666487e+01,6.06707473e+01
2.00000000e+01,2.00286178e+01,2.01538440e+01,2.04678634e+01,2.10712949e+01
2.00000000e+01,2.00479374e+01,2.02410104e+01,2.06959054e+01,2.15292054e+01
2.00000000e+01,2.00286179e+01,2.01538438e+01,2.04678603e+01,2.10712859e+01
2.00000000e+01,2.00286179e+01,2.01538471e+01,2.04678871e+01,2.10713645e+01
2.00000000e+01,2.00340011e+01,2.01791949e+01,2.05367845e+01,2.12146373e+01
2.00000000e+01,2.00479375e+01,2.02410105e+01,2.06959052e+01,2.15292039e+01
2.00000000e+01,2.00479375e+01,2.02410111e+01,2.06959118e+01,2.15292271e+01
2.00000000e+01,2.01182141e+01,2.05304683e+01,2.13986334e+01,2.28523733e+01
2.00000000e+01,2.00737938e+01,2.03509446e+01,2.09692438e+01,2.20536914e+01
2.00000000e+01,2.01182143e+01,2.05304696e+01,2.13986402e+01,2.28523893e+01
2.00000000e+01,2.01182144e+01,2.05304612e+01,2.13985865e+01,2.28522608e+01
2.00000000e+01,2.03141477e+01,2.12505504e+01,2.30035798e+01,2.56784111e+01
2.00000000e+01,2.01920269e+01,2.08126885e+01,2.20458170e+01,2.40168303e+01
2.00000000e+01,2.03141471e+01,2.12505519e+01,2.30035925e+01,2.56784401e+01
2.00000000e+01,2.03141473e+01,2.12505326e+01,2.30034822e+01,2.56781914e+01
2.00000000e+01,2.08440033e+01,2.29447507e+01,2.64201580e+01,3.12532292e+01
2.00000000e+01,2.05143741e+01,2.19215144e+01,2.44004758e+01,2.80117265e+01
2.00000000e+01,2.08440029e+01,2.29447575e+01,2.64201981e+01,3.12533175e+01
2.00000000e+01,2.08440028e+01,2.29447085e+01,2.64199372e+01,3.12527377e+01
2.00000000e+01,2.22709899e+01,2.68117146e+01,3.34018682e+01,4.17563401e+01
2.00000000e+01,2.13834743e+01,2.44904054e+01,2.93085121e+01,3.57049557e+01
2.00000000e+01,2.22709898e+01,2.68117402e+01,3.34020072e+01,4.17566393e+01
2.00000000e+01,2.22709904e+01,2.68115370e+01,3.34009075e+01,4.17542508e+01
2.00000000e+01,2.61872762e+01,3.54839937e+01,4.70675172e+01,6.06725671e+01
2.00000000e+01,2.37228940e+01,3.02597521e+01,3.91351814e+01,4.98834531e+01
2.00000000e+01,2.61872751e+01,3.54840491e+01,4.70678090e+01,6.06731693e+01
2.00000000e+01,2.61872759e+01,3.54836130e+01,4.70655351e+01,6.06684078e+01
2.00000000e+01,2.00286190e+01,2.01538447e+01,2.04678496e+01,2.10712542e+01
2.00000000e+01,2.00479385e+01,2.02410123e+01,2.06959023e+01,2.15291943e+01
2.00000000e+01,2.00286185e+01,2.01538450e+01,2.04678604e+01,2.10712859e+01
2.00000000e+01,2.00286186e+01,2.01538468e+01,2.04678740e+01,2.10713260e+01
2.00000000e+01,2.00340012e+01,2.01791936e+01,2.05367726e+01,2.12146021e+01
2.00000000e+01,2.00479379e+01,2.02410114e+01,2.06959052e+01,2.15292039e+01
2.00000000e+01,2.00479381e+01,2.02410120e+01,2.06959085e+01,2.15292153e+01
2.00000000e+01,2.01182164e+01,2.05304760e+01,2.13986602e+01,2.28524373e+01
2.00000000e+01,2.00737940e+01,2.03509467e+01,2.09692547e+01,2.20537168e+01
2.00000000e+01,2.01182152e+01,2.05304712e+01,2.13986403e+01,2.28523893e+01
2.00000000e+01,2.01182156e+01,2.05304674e+01,2.13986136e+01,2.28523254e+01
2.00000000e+01,2.03141497e+01,2.12505629e+01,2.30036322e+01,2.56785290e+01
2.00000000e+01,2.01920267e+01,2.08126949e+01,2.20458563e+01,2.40169218e+01
2.00000000e+01,2.03141485e+01,2.12505540e+01,2.30035926e+01,2.56784401e+01
2.00000000e+01,2.03141479e+01,2.12505436e+01,2.30035381e+01,2.56783175e+01
2.00000000e+01,2.08440055e+01,2.29447771e+01,2.64202809e+01,3.12535008e+01
2.00000000e+01,2.05143743e+01,2.19215284e+01,2.44005489e+01,2.80118874e+01
2.00000000e+01,2.08440039e+01,2.29447592e+01,2.64201982e+01,3.12533176e+01
2.00000000e+01,2.08440041e+01,2.29447353e+01,2.64200704e+01,3.12530342e+01
2.00000000e+01,2.22709914e+01,2.68118197e+01,3.34024186e+01,4.17575280e+01
2.00000000e+01,2.13834748e+01,2.44904555e+01,2.93087786e+01,3.57055402e+01
2.00000000e+01,2.22709905e+01,2.68117416e+01,3.34020073e+01,4.17566394e+01
2.00000000e+01,2.22709906e+01,2.68116395e+01,3.34014574e+01,4.17554478e+01
2.00000000e+01,2.61872777e+01,3.54842263e+01,4.70687086e+01,6.06750422e+01
2.00000000e+01,2.37228943e+01,3.02599324e+01,3.91361314e+01,4.98854558e+01
2.00000000e+01,2.61872765e+01,3.54840512e+01,4.70678091e+01,6.06731693e+01
2.00000000e+01,2.61872771e+01,3.54838284e+01,4.70666489e+01,6.06707474e+01
2.00000000e+01,2.00286180e+01,2.01538375e+01,2.04678065e+01,2.10711283e+01
2.00000000e+01,2.00479377e+01,2.02410101e+01,2.06958934e+01,2.15291627e+01
2.00000000e+01,2.00286184e+01,2.01538416e+01,2.04678328e+01,2.10712049e+01
2.00000000e+01,2.00286183e+01,2.01538411e+01,2.04678328e+01,2.10712049e+01
2.00000000e+01,2.00340013e+01,2.01791893e+01,2.05367346e+01,2.12144912e+01
2.00000000e+01,2.00479382e+01,2.02410115e+01,2.06958988e+01,2.15291816e+01
2.00000000e+01,2.00479376e+01,2.02410104e+01,2.06958988e+01,2.15291816e+01
2.00000000e+01,2.01182142e+01,2.05304850e+01,2.13987387e+01,2.28526247e+01
2.00000000e+01,2.00737937e+01,2.03509521e+01,2.09692900e+01,2.20538001e+01
2.00000000e+01,2.01182156e+01,2.05304800e+01,2.13986932e+01,2.28525156e+01
2.00000000e+01,2.01182147e+01,2.05304787e+01,2.13986932e+01,2.28525156e+01
2.00000000e+01,2.03141459e+01,2.12505825e+01,2.30037744e+01,2.56788481e+01
2.00000000e+01,2.01920265e+01,2.08127127e+01,2.20459662e+01,2.40171777e+01
2.00000000e+01,2.03141479e+01,2.12505709e+01,2.30036924e+01,2.56786647e+01
2.00000000e+01,2.03141470e+01,2.12505695e+01,2.30036924e+01,2.56786647e+01
2.00000000e+01,2.08440036e+01,2.29448386e+01,2.64206269e+01,3.12542575e+01
2.00000000e+01,2.05143745e+01,2.19215669e+01,2.44007531e+01,2.80123331e+01
2.00000000e+01,2.08440042e+01,2.29448053e+01,2.64204440e+01,3.12538577e+01
2.00000000e+01,2.08440034e+01,2.29448041e+01,2.64204441e+01,3.12538577e+01
2.00000000e+01,2.22709885e+01,2.68121235e+01,3.34040702e+01,4.17610566e+01
2.00000000e+01,2.13834750e+01,2.44905919e+01,2.93095064e+01,3.57071272e+01
2.00000000e+01,2.22709900e+01,2.68119472e+01,3.34031147e+01,4.17590197e+01
2.00000000e+01,2.22709894e+01,2.68119460e+01,3.34031148e+01,4.17590197e+01
2.00000000e+01,2.61872763e+01,3.54849721e+01,4.70725503e+01,6.06829231e+01
2.00000000e+01,2.37228942e+01,3.02605080e+01,3.91391478e+01,4.98917394e+01
2.00000000e+01,2.61872767e+01,3.54845236e+01,4.70702465e+01,6.06782100e+01
2.00000000e+01,2.61872762e+01,3.54845226e+01,4.70702465e+01,6.06782100e+01
2.00000000e+01,2.00286183e+01,2.01538348e+01,2.04677804e+01,2.10710530e+01
2.00000000e+01,2.00286177e+01,2.01538285e+01,2.04677318e+01,2.10709126e+01
2.00000000e+01,2.00479376e+01,2.02410097e+01,2.06958896e+01,2.15291487e+01
2.00000000e+01,2.00479382e+01,2.02410103e+01,2.06958833e+01,2.15291250e+01
2.00000000e+01,2.00286183e+01,2.01538397e+01,2.04678197e+01,2.10711668e+01
2.00000000e+01,2.00286181e+01,2.01538328e+01,2.04677642e+01,2.10710058e+01
2.00000000e+01,2.00286176e+01,2.01538333e+01,2.04677731e+01,2.10710314e+01
2.00000000e+01,2.00340010e+01,2.01791863e+01,2.05367137e+01,2.12144305e+01
2.00000000e+01,2.00340011e+01,2.01791817e+01,2.05366731e+01,2.12143135e+01
2.00000000e+01,2.00479380e+01,2.02410108e+01,2.06958959e+01,2.15291718e+01
2.00000000e+01,2.00479378e+01,2.02410101e+01,2.06958874e+01,2.15291401e+01
2.00000000e+01,2.00479380e+01,2.02410102e+01,2.06958876e+01,2.15291422e+01
2.00000000e+01,2.01182140e+01,2.05304914e+01,2.13987799e+01,2.28527238e+01
2.00000000e+01,2.01182146e+01,2.05305032e+01,2.13988512e+01,2.28528944e+01
2.00000000e+01,2.00737934e+01,2.03509545e+01,2.09693086e+01,2.20538446e+01
2.00000000e+01,2.00737937e+01,2.03509607e+01,2.09693474e+01,2.20539375e+01
2.00000000e+01,2.01182148e+01,2.05304826e+01,2.13987159e+01,2.28525705e+01
2.00000000e+01,2.01182142e+01,2.05304958e+01,2.13988065e+01,2.28527868e+01
2.00000000e+01,2.01182146e+01,2.05304940e+01,2.13987928e+01,2.28527545e+01
2.00000000e+01,2.03141472e+01,2.12505967e+01,2.30038454e+01,2.56790070e+01
2.00000000e+01,2.03141467e+01,2.12506157e+01,2.30039576e+01,2.56792574e+01
2.00000000e+01,2.01920266e+01,2.08127219e+01,2.20460224e+01,2.40173084e+01
2.00000000e+01,2.01920259e+01,2.08127362e+01,2.20461149e+01,2.40175233e+01
2.00000000e+01,2.03141474e+01,2.12505776e+01,2.30037338e+01,2.56787575e+01
2.00000000e+01,2.03141469e+01,2.12506036e+01,2.30038865e+01,2.56790993e+01
2.00000000e+01,2.03141460e+01,2.12505985e+01,2.30038648e+01,2.56790507e+01
2.00000000e+01,2.08440028e+01,2.29448680e+01,2.64207830e+01,3.12545968e+01
2.00000000e+01,2.08440032e+01,2.29449211e+01,2.64210555e+01,3.12551778e+01
2.00000000e+01,2.05143741e+01,2.19215843e+01,2.44008493e+01,2.80125417e+01
2.00000000e+01,2.05143737e+01,2.19216134e+01,2.44010056e+01,2.80128773e+01
2.00000000e+01,2.08440027e+01,2.29448212e+01,2.64205367e+01,3.12540606e+01
2.00000000e+01,2.08440034e+01,2.29448927e+01,2.64209084e+01,3.12548638e+01
2.00000000e+01,2.08440039e+01,2.29448819e+01,2.64208505e+01,3.12547390e+01
2.00000000e+01,2.22709902e+01,2.68122876e+01,3.34049294e+01,4.17628792e+01
2.00000000e+01,2.22709893e+01,2.68125806e+01,3.34064790e+01,4.17661223e+01
2.00000000e+01,2.13834746e+01,2.44906639e+01,2.93098920e+01,3.57079581e+01
2.00000000e+01,2.13834745e+01,2.44907741e+01,2.93104704e+01,3.57091982e+01
2.00000000e+01,2.22709897e+01,2.68120360e+01,3.34035921e+01,4.17600406e+01
2.00000000e+01,2.22709897e+01,2.68123998e+01,3.34055232e+01,4.17641226e+01
2.00000000e+01,2.22709884e+01,2.68123450e+01,3.34052426e+01,4.17635318e+01
2.00000000e+01,2.61872754e+01,3.54854225e+01,4.70748453e+01,6.06875721e+01
2.00000000e+01,2.61872750e+01,3.54863289e+01,4.70794100e+01,6.06966858e+01
2.00000000e+01,2.37228938e+01,3.02608361e+01,3.91408535e+01,4.98952508e+01
2.00000000e+01,2.37228938e+01,3.02614816e+01,3.91441758e+01,4.99019966e+01
2.00000000e+01,2.61872757e+01,3.54847446e+01,4.70713875e+01,6.06805509e+01
2.00000000e+01,2.61872752e+01,3.54857427e+01,4.70764565e+01,6.06907980e+01
2.00000000e+01,2.61872762e+01,3.54855805e+01,4.70756354e+01,6.06891546e+01
2.00000000e+01,2.00286185e+01,2.01538227e+01,2.04676739e+01,2.10707465e+01
2.00000000e+01,2.00286181e+01,2.01538167e+01,2.04676280e+01,2.10706152e+01
2.00000000e+01,2.00479383e+01,2.02410106e+01,2.06958798e+01,2.15291090e+01
2.00000000e+01,2.00479385e+01,2.02410112e+01,2.06958818e+01,2.15291094e+01
2.00000000e+01,2.00286184e+01,2.01538296e+01,2.04677341e+01,2.10709188e+01
2.00000000e+01,2.00286186e+01,2.01538217e+01,2.04676650e+01,2.10707204e+01
2.00000000e+01,2.00286178e+01,2.01538233e+01,2.04676855e+01,2.10707792e+01
2.00000000e+01,2.00340014e+01,2.01791768e+01,2.05366292e+01,2.12141873e+01
2.00000000e+01,2.00340013e+01,2.01791725e+01,2.05365936e+01,2.12140861e+01
2.00000000e+01,2.00479380e+01,2.02410099e+01,2.06958825e+01,2.15291231e+01
2.00000000e+01,2.00479381e+01,2.02410106e+01,2.06958813e+01,2.15291116e+01
2.00000000e+01,2.00479385e+01,2.02410106e+01,2.06958798e+01,2.15291100e+01
2.00000000e+01,2.01182144e+01,2.05305139e+01,2.13989184e+01,2.28530542e+01
2.00000000e+01,2.01182144e+01,2.05305211e+01,2.13989669e+01,2.28531702e+01
2.00000000e+01,2.00737940e+01,2.03509679e+01,2.09693910e+01,2.20540424e+01
2.00000000e+01,2.00737939e+01,2.03509728e+01,2.09694244e+01,2.20541237e+01
2.00000000e+01,2.01182142e+01,2.05305024e+01,2.13988476e+01,2.28528853e+01
2.00000000e+01,2.01182144e+01,2.05305155e+01,2.13989298e+01,2.28530807e+01
2.00000000e+01,2.01182145e+01,2.05305122e+01,2.13989094e+01,2.28530334e+01
2.00000000e+01,2.03141472e+01,2.12506346e+01,2.30040585e+01,2.56794816e+01
2.00000000e+01,2.03141469e+01,2.12506455e+01,2.30041234e+01,2.56796251e+01
2.00000000e+01,2.01920264e+01,2.08127513e+01,2.20462026e+01,2.40177269e+01
2.00000000e+01,2.01920262e+01,2.08127605e+01,2.20462601e+01,2.40178599e+01
2.00000000e+01,2.03141471e+01,2.12506159e+01,2.30039537e+01,2.56792486e+01
2.00000000e+01,2.03141473e+01,2.12506370e+01,2.30040720e+01,2.56795123e+01
2.00000000e+01,2.03141469e+01,2.12506316e+01,2.30040450e+01,2.56794510e+01
2.00000000e+01,2.08440037e+01,2.29449755e+01,2.64213253e+01,3.12557406e+01
2.00000000e+01,2.08440035e+01,2.29450069e+01,2.64214844e+01,3.12560677e+01
2.00000000e+01,2.05143739e+01,2.19216402e+01,2.44011417e+01,2.80131655e+01
2.00000000e+01,2.05143741e+01,2.19216564e+01,2.44012234e+01,2.80133379e+01
2.00000000e+01,2.08440034e+01,2.29449240e+01,2.64210672e+01,3.12551995e+01
2.00000000e+01,2.08440033e+01,2.29449894e+01,2.64214009e+01,3.12558957e+01
2.00000000e+01,2.08440031e+01,2.29449645e+01,2.64212762e+01,3.12556390e+01
2.00000000e+01,2.22709897e+01,2.68128720e+01,3.34079935e+01,4.17692558e+01
2.00000000e+01,2.22709900e+01,2.68130594e+01,3.34089644e+01,4.17712522e+01
2.00000000e+01,2.13834745e+01,2.44908701e+01,2.93109652e+01,3.57102517e+01
2.00000000e+01,2.13834749e+01,2.44909317e+01,2.93112726e+01,3.57108955e+01
2.00000000e+01,2.22709899e+01,2.68125788e+01,3.34064602e+01,4.17660781e+01
2.00000000e+01,2.22709890e+01,2.68129190e+01,3.34082406e+01,4.17697642e+01
2.00000000e+01,2.22709898e+01,2.68128297e+01,3.34077745e+01,4.17688032e+01
2.00000000e+01,2.61872740e+01,3.54874368e+01,4.70849266e+01,6.07075230e+01
2.00000000e+01,2.61872736e+01,3.54884220e+01,4.70897730e+01,6.07168899e+01
2.00000000e+01,2.37228939e+01,3.02622200e+01,3.91479323e+01,4.99095056e+01
2.00000000e+01,2.37228938e+01,3.02628311e+01,3.91510142e+01,4.99155688e+01
2.00000000e+01,2.61872748e+01,3.54863005e+01,4.70792633e+01,6.06963947e+01
2.00000000e+01,2.61872740e+01,3.54876851e+01,4.70861354e+01,6.07098475e+01
2.00000000e+01,2.61872739e+01,3.54872629e+01,4.70840574e+01,6.07058177e+01
2.00000000e+01,2.00286189e+01,2.01538046e+01,2.04675186e+01,2.10703042e+01
2.00000000e+01,2.00286187e+01,2.01538005e+01,2.04674875e+01,2.10702152e+01
2.00000000e+01,2.00479380e+01,2.02410157e+01,2.06959162e+01,2.15291921e+01
2.00000000e+01,2.00479378e+01,2.02410165e+01,2.06959250e+01,2.15292135e+01
2.00000000e+01,2.00286187e+01,2.01538150e+01,2.04676069e+01,2.10705542e+01
2.00000000e+01,2.00286187e+01,2.01538057e+01,2.04675298e+01,2.10703340e+01
2.00000000e+01,2.00286183e+01,2.01538095e+01,2.04675658e+01,2.10704371e+01
2.00000000e+01,2.00340014e+01,2.01791634e+01,2.05365174e+01,2.12138709e+01
2.00000000e+01,2.00340014e+01,2.01791612e+01,2.05365003e+01,2.12138230e+01
2.00000000e+01,2.00479381e+01,2.02410121e+01,2.06958895e+01,2.15291277e+01
2.00000000e+01,2.00479382e+01,2.02410156e+01,2.06959139e+01,2.15291859e+01
2.00000000e+01,2.00479381e+01,2.02410130e+01,2.06958961e+01,2.15291417e+01
2.00000000e+01,2.01182143e+01,2.05305344e+01,2.13990516e+01,2.28533697e+01
2.00000000e+01,2.01182142e+01,2.05305369e+01,2.13990711e+01,2.28534170e+01
2.00000000e+01,2.00737939e+01,2.03509818e+01,2.09694851e+01,2.20542711e+01
2.00000000e+01,2.00737938e+01,2.03509835e+01,2.09694982e+01,2.20543032e+01
2.00000000e+01,2.01182144e+01,2.05305248e+01,2.13989901e+01,2.28532261e+01
2.00000000e+01,2.01182144e+01,2.05305342e+01,2.13990507e+01,2.28533684e+01
2.00000000e+01,2.01182143e+01,2.05305297e+01,2.13990242e+01,2.28533079e+01
2.00000000e+01,2.03141477e+01,2.12506608e+01,2.30042058e+01,2.56798132e+01
2.00000000e+01,2.03141474e+01,2.12506641e+01,2.30042282e+01,2.56798612e+01
2.00000000e+01,2.01920266e+01,2.08127747e+01,2.20463450e+01,2.40180583e+01
2.00000000e+01,2.01920266e+01,2.08127779e+01,2.20463647e+01,2.40181031e+01
2.00000000e+01,2.03141475e+01,2.12506514e+01,2.30041510e+01,2.56796857e+01
2.00000000e+01,2.03141474e+01,2.12506614e+01,2.30042102e+01,2.56798200e+01
2.00000000e+01,2.03141471e+01,2.12506582e+01,2.30041931e+01,2.56797778e+01
2.00000000e+01,2.08440039e+01,2.29450667e+01,2.64217733e+01,3.12566423e+01
2.00000000e+01,2.08440036e+01,2.29450691e+01,2.64217856e+01,3.12566676e+01
2.00000000e+01,2.05143742e+01,2.19216849e+01,2.44013676e+01,2.80136328e+01
2.00000000e+01,2.05143746e+01,2.19216888e+01,2.44013845e+01,2.80136690e+01
2.00000000e+01,2.08440039e+01,2.29450155e+01,2.64215217e+01,3.12561437e+01
2.00000000e+01,2.08440035e+01,2.29450595e+01,2.64217434e+01,3.12565882e+01
2.00000000e+01,2.08440035e+01,2.29450310e+01,2.64216002e+01,3.12563039e+01
2.00000000e+01,2.22709892e+01,2.68132123e+01,3.34097662e+01,4.17729855e+01
2.00000000e+01,2.22709883e+01,2.68132599e+01,3.34100041e+01,4.17734600e+01
2.00000000e+01,2.13834740e+01,2.44910084e+01,2.93116555e+01,3.57116986e+01
2.00000000e+01,2.13834746e+01,2.44910351e+01,2.93117800e+01,3.57119431e+01
2.00000000e+01,2.22709895e+01,2.68130981e+01,3.34091673e+01,4.17716981e+01
2.00000000e+01,2.22709889e+01,2.68132374e+01,3.34098845e+01,4.17731982e+01
2.00000000e+01,2.22709895e+01,2.68132159e+01,3.34097689e+01,4.17729189e+01
2.00000000e+01,2.61872747e+01,3.54909622e+01,4.71020974e+01,6.07402277e+01
2.00000000e+01,2.61872740e+01,3.54918327e+01,4.71062963e+01,6.07480531e+01
2.00000000e+01,2.37228932e+01,3.02642636e+01,3.91581278e+01,4.99292361e+01
2.00000000e+01,2.37228934e+01,3.02645939e+01,3.91597674e+01,4.99323673e+01
2.00000000e+01,2.61872744e+01,3.54889633e+01,4.70924000e+01,6.07219007e+01
2.00000000e+01,2.61872741e+01,3.54908712e+01,4.71016437e+01,6.07393650e+01
2.00000000e+01,2.61872737e+01,3.54899364e+01,4.70971392e+01,6.07308948e+01
2.00000000e+01,2.00286185e+01,2.01537772e+01,2.04672933e+01,2.10696619e+01
2.00000000e+01,2.00286188e+01,2.01537775e+01,2.04672926e+01,2.10696596e+01
2.00000000e+01,2.00479382e+01,2.02410223e+01,2.06959631e+01,2.15293095e+01
2.00000000e+01,2.00479389e+01,2.02410230e+01,2.06959617e+01,2.15293057e+01
2.00000000e+01,2.00286187e+01,2.01537932e+01,2.04674254e+01,2.10700367e+01
2.00000000e+01,2.00286190e+01,2.01537781e+01,2.04672959e+01,2.10696686e+01
2.00000000e+01,2.00286188e+01,2.01537907e+01,2.04674044e+01,2.10699771e+01
2.00000000e+01,2.00340015e+01,2.01791568e+01,2.05364617e+01,2.12137126e+01
2.00000000e+01,2.00340013e+01,2.01791570e+01,2.05364676e+01,2.12137287e+01
2.00000000e+01,2.00479381e+01,2.02410168e+01,2.06959209e+01,2.15291982e+01
2.00000000e+01,2.00479384e+01,2.02410222e+01,2.06959587e+01,2.15292975e+01
2.00000000e+01,2.00479384e+01,2.02410182e+01,2.06959293e+01,2.15292198e+01
2.00000000e+01,2.01182144e+01,2.05305459e+01,2.13991282e+01,2.28535535e+01
2.00000000e+01,2.01182140e+01,2.05305451e+01,2.13991272e+01,2.28535525e+01
2.00000000e+01,2.00737941e+01,2.03509885e+01,2.09695293e+01,2.20543789e+01
2.00000000e+01,2.00737936e+01,2.03509872e+01,2.09695257e+01,2.20543700e+01
2.00000000e+01,2.01182143e+01,2.05305413e+01,2.13991033e+01,2.28535014e+01
2.00000000e+01,2.01182148e+01,2.05305467e+01,2.13991302e+01,2.28535601e+01
2.00000000e+01,2.01182140e+01,2.05305417e+01,2.13991088e+01,2.28535144e+01
2.00000000e+01,2.03141476e+01,2.12506695e+01,2.30042552e+01,2.56799241e+01
2.00000000e+01,2.03141467e+01,2.12506697e+01,2.30042615e+01,2.56799353e+01
2.00000000e+01,2.01920263e+01,2.08127835e+01,2.20464003e+01,2.40181858e+01
2.00000000e+01,2.01920261e+01,2.08127837e+01,2.20464038e+01,2.40181927e+01
2.00000000e+01,2.03141477e+01,2.12506778e+01,2.30042938e+01,2.56799898e+01
2.00000000e+01,2.03141476e+01,2.12506718e+01,2.30042676e+01,2.56799475e+01
2.00000000e+01,2.03141470e+01,2.12506768e+01,2.30042951e+01,2.56799939e+01
2.00000000e+01,2.08440050e+01,2.29450890e+01,2.64218518e+01,3.12567746e+01
2.00000000e+01,2.08440046e+01,2.29450811e+01,2.64218142e+01,3.12567034e+01
2.00000000e+01,2.05143745e+01,2.19217028e+01,2.44014565e+01,2.80138154e+01
2.00000000e+01,2.05143749e+01,2.19217007e+01,2.44014440e+01,2.80137918e+01
2.00000000e+01,2.08440048e+01,2.29450397e+01,2.64216190e+01,3.12563512e+01
2.00000000e+01,2.08440028e+01,2.29450757e+01,2.64217991e+01,3.12566751e+01
2.00000000e+01,2.08440040e+01,2.29450432e+01,2.64216399e+01,3.12563895e+01
2.00000000e+01,2.22709874e+01,2.68133676e+01,3.34104467e+01,4.17742787e+01
2.00000000e+01,2.22709872e+01,2.68134007e+01,3.34106066e+01,4.17745670e+01
2.00000000e+01,2.13834748e+01,2.44910817e+01,2.93119997e+01,3.57123796e+01
2.00000000e+01,2.13834745e+01,2.44910955e+01,2.93120738e+01,3.57125212e+01
2.00000000e+01,2.22709882e+01,2.68135311e+01,3.34113132e+01,4.17759186e+01
2.00000000e+01,2.22709880e+01,2.68134231e+01,3.34107161e+01,4.17747825e+01
2.00000000e+01,2.22709873e+01,2.68135174e+01,3.34112424e+01,4.17757824e+01
2.00000000e+01,2.61872725e+01,3.54979135e+01,4.71353973e+01,6.08010982e+01
2.00000000e+01,2.61872743e+01,3.54979801e+01,4.71357086e+01,6.08016572e+01
2.00000000e+01,2.37228934e+01,3.02656336e+01,3.91649060e+01,4.99419325e+01
2.00000000e+01,2.37228931e+01,3.02655364e+01,3.91644444e+01,4.99410889e+01
2.00000000e+01,2.61872737e+01,3.54938442e+01,4.71159755e+01,6.07658752e+01
2.00000000e+01,2.61872722e+01,3.54978641e+01,4.71351747e+01,6.08007211e+01
2.00000000e+01,2.61872743e+01,3.54944612e+01,4.71189239e+01,6.07712701e+01
2.00000000e+01,2.00286175e+01,2.01538356e+01,2.04677969e+01,2.10711006e+01
2.00000000e+01,2.00479370e+01,2.02410087e+01,2.06958920e+01,2.15291578e+01
2.00000000e+01,2.00286180e+01,2.01538413e+01,2.04678351e+01,2.10712117e+01
2.00000000e+01,2.00286180e+01,2.01538364e+01,2.04677962e+01,2.10710986e+01
2.00000000e+01,2.00340009e+01,2.01791878e+01,2.05367276e+01,2.12144710e+01
2.00000000e+01,2.00479377e+01,2.02410106e+01,2.06958990e+01,2.15291829e+01
2.00000000e+01,2.00479375e+01,2.02410097e+01,2.06958925e+01,2.15291588e+01
2.00000000e+01,2.01182141e+01,2.05304866e+01,2.13987534e+01,2.28526605e+01
2.00000000e+01,2.00737933e+01,2.03509522e+01,2.09692956e+01,2.20538135e+01
2.00000000e+01,2.01182146e+01,2.05304777e+01,2.13986884e+01,2.28525047e+01
2.00000000e+01,2.01182142e+01,2.05304877e+01,2.13987560e+01,2.28526662e+01
2.00000000e+01,2.03141466e+01,2.12505872e+01,2.30038010e+01,2.56789078e+01
2.00000000e+01,2.01920262e+01,2.08127155e+01,2.20459867e+01,2.40172253e+01
2.00000000e+01,2.03141471e+01,2.12505677e+01,2.30036834e+01,2.56786446e+01
2.00000000e+01,2.03141470e+01,2.12505887e+01,2.30038036e+01,2.56789141e+01
2.00000000e+01,2.08440028e+01,2.29448465e+01,2.64206761e+01,3.12543659e+01
2.00000000e+01,2.05143738e+01,2.19215721e+01,2.44007875e+01,2.80124082e+01
2.00000000e+01,2.08440027e+01,2.29447979e+01,2.64204181e+01,3.12538012e+01
2.00000000e+01,2.08440030e+01,2.29448527e+01,2.64207050e+01,3.12544273e+01
2.00000000e+01,2.22709904e+01,2.68121796e+01,3.34043635e+01,4.17616843e+01
2.00000000e+01,2.13834746e+01,2.44906201e+01,2.93096615e+01,3.57074611e+01
2.00000000e+01,2.22709899e+01,2.68119268e+01,3.34030138e+01,4.17588049e+01
2.00000000e+01,2.22709899e+01,2.68121921e+01,3.34044271e+01,4.17618149e+01
2.00000000e+01,2.61872757e+01,3.54851257e+01,4.70733454e+01,6.06845434e+01
2.00000000e+01,2.37228940e+01,3.02606178e+01,3.91397222e+01,4.98929285e+01
2.00000000e+01,2.61872764e+01,3.54844796e+01,4.70700289e+01,6.06777645e+01
2.00000000e+01,2.61872748e+01,3.54851551e+01,4.70734893e+01,6.06848236e+01
2.00000000e+01,2.00286185e+01,2.01538246e+01,2.04676902e+01,2.10707933e+01
2.00000000e+01,2.00479380e+01,2.02410099e+01,2.06958796e+01,2.15291103e+01
2.00000000e+01,2.00286179e+01,2.01538309e+01,2.04677510e+01,2.10709674e+01
2.00000000e+01,2.00286186e+01,2.01538255e+01,2.04676958e+01,2.10708090e+01
2.00000000e+01,2.00340013e+01,2.01791783e+01,2.05366422e+01,2.12142245e+01
2.00000000e+01,2.00479375e+01,2.02410090e+01,2.06958839e+01,2.15291293e+01
2.00000000e+01,2.00479379e+01,2.02410101e+01,2.06958812e+01,2.15291147e+01
2.00000000e+01,2.01182144e+01,2.05305107e+01,2.13988994e+01,2.28530089e+01
2.00000000e+01,2.00737940e+01,2.03509660e+01,2.09693784e+01,2.20540120e+01
2.00000000e+01,2.01182143e+01,2.05304983e+01,2.13988238e+01,2.28528286e+01
2.00000000e+01,2.01182144e+01,2.05305100e+01,2.13988940e+01,2.28529949e+01
2.00000000e+01,2.03141468e+01,2.12506290e+01,2.30040320e+01,2.56794228e+01
2.00000000e+01,2.01920265e+01,2.08127476e+01,2.20461792e+01,2.40176728e+01
2.00000000e+01,2.03141467e+01,2.12506082e+01,2.30039168e+01,2.56791666e+01
2.00000000e+01,2.03141474e+01,2.12506280e+01,2.30040214e+01,2.56794003e+01
2.00000000e+01,2.08440033e+01,2.29449613e+01,2.64212572e+01,3.12555993e+01
2.00000000e+01,2.05143738e+01,2.19216332e+01,2.44011067e+01,2.80130915e+01
2.00000000e+01,2.08440031e+01,2.29449061e+01,2.64209808e+01,3.12550160e+01
2.00000000e+01,2.08440035e+01,2.29449656e+01,2.64212797e+01,3.12556445e+01
2.00000000e+01,2.22709901e+01,2.68127965e+01,3.34075982e+01,4.17684395e+01
2.00000000e+01,2.13834743e+01,2.44908451e+01,2.93108385e+01,3.57099844e+01
2.00000000e+01,2.22709905e+01,2.68124822e+01,3.34059532e+01,4.17650194e+01
2.00000000e+01,2.22709895e+01,2.68127759e+01,3.34074927e+01,4.17682205e+01
2.00000000e+01,2.61872747e+01,3.54870996e+01,4.70832564e+01,6.07042679e+01
2.00000000e+01,2.37228938e+01,3.02619991e+01,3.91468159e+01,4.99072910e+01
2.00000000e+01,2.61872753e+01,3.54859788e+01,4.70776517e+01,6.06931937e+01
2.00000000e+01,2.61872739e+01,3.54870389e+01,4.70829426e+01,6.07036263e+01
2.00000000e+01,2.00286190e+01,2.01538060e+01,2.04675300e+01,2.10703368e+01
2.00000000e+01,2.00479381e+01,2.02410153e+01,2.06959126e+01,2.15291835e+01
2.00000000e+01,2.00286188e+01,2.01538168e+01,2.04676217e+01,2.10705965e+01
2.00000000e+01,2.00286189e+01,2.01538085e+01,2.04675512e+01,2.10703953e+01
2.00000000e+01,2.00340014e+01,2.01791642e+01,2.05365244e+01,2.12138908e+01
2.00000000e+01,2.00479381e+01,2.02410116e+01,2.06958874e+01,2.15291234e+01
2.00000000e+01,2.00479382e+01,2.02410149e+01,2.06959081e+01,2.15291723e+01
2.00000000e+01,2.01182144e+01,2.05305333e+01,2.13990438e+01,2.28533509e+01
2.00000000e+01,2.00737939e+01,2.03509809e+01,2.09694789e+01,2.20542559e+01
2.00000000e+01,2.01182144e+01,2.05305225e+01,2.13989764e+01,2.28531933e+01
2.00000000e+01,2.01182146e+01,2.05305322e+01,2.13990356e+01,2.28533317e+01
2.00000000e+01,2.03141472e+01,2.12506583e+01,2.30041972e+01,2.56797944e+01
2.00000000e+01,2.01920266e+01,2.08127734e+01,2.20463372e+01,2.40180405e+01
2.00000000e+01,2.03141469e+01,2.12506473e+01,2.30041336e+01,2.56796475e+01
2.00000000e+01,2.03141474e+01,2.12506579e+01,2.30041909e+01,2.56797789e+01
2.00000000e+01,2.08440028e+01,2.29450622e+01,2.64217599e+01,3.12566156e+01
2.00000000e+01,2.05143741e+01,2.19216829e+01,2.44013580e+01,2.80136128e+01
2.00000000e+01,2.08440030e+01,2.29450066e+01,2.64214850e+01,3.12560683e+01
2.00000000e+01,2.08440033e+01,2.29450570e+01,2.64217343e+01,3.12565687e+01
2.00000000e+01,2.22709883e+01,2.68131920e+01,3.34096724e+01,4.17727956e+01
2.00000000e+01,2.13834741e+01,2.44910009e+01,2.93116191e+01,3.57116263e+01
2.00000000e+01,2.22709890e+01,2.68130478e+01,3.34089136e+01,4.17711807e+01
2.00000000e+01,2.22709889e+01,2.68131914e+01,3.34096572e+01,4.17727451e+01
2.00000000e+01,2.61872740e+01,3.54906477e+01,4.71005864e+01,6.07373990e+01
2.00000000e+01,2.37228936e+01,3.02641282e+01,3.91574530e+01,4.99279443e+01
2.00000000e+01,2.61872744e+01,3.54886221e+01,4.70907339e+01,6.07187170e+01
2.00000000e+01,2.61872740e+01,3.54902867e+01,4.70988214e+01,6.07340738e+01
2.00000000e+01,2.00286185e+01,2.01537769e+01,2.04672932e+01,2.10696617e+01
2.00000000e+01,2.00479380e+01,2.02410219e+01,2.06959630e+01,2.15293093e+01
2.00000000e+01,2.00286187e+01,2.01537940e+01,2.04674332e+01,2.10700586e+01
2.00000000e+01,2.00286187e+01,2.01537777e+01,2.04672967e+01,2.10696713e+01
2.00000000e+01,2.00340015e+01,2.01791564e+01,2.05364592e+01,2.12137059e+01
2.00000000e+01,2.00479380e+01,2.02410162e+01,2.06959172e+01,2.15291887e+01
2.00000000e+01,2.00479380e+01,2.02410216e+01,2.06959582e+01,2.15292964e+01
2.00000000e+01,2.01182142e+01,2.05305461e+01,2.13991289e+01,2.28535546e+01
2.00000000e+01,2.00737941e+01,2.03509887e+01,2.09695307e+01,2.20543821e+01
2.00000000e+01,2.01182142e+01,2.05305411e+01,2.13991011e+01,2.28534963e+01
2.00000000e+01,2.01182147e+01,2.05305469e+01,2.13991316e+01,2.28535624e+01
2.00000000e+01,2.03141471e+01,2.12506686e+01,2.30042523e+01,2.56799189e+01
2.00000000e+01,2.01920265e+01,2.08127834e+01,2.20463986e+01,2.40181823e+01
2.00000000e+01,2.03141471e+01,2.12506770e+01,2.30042928e+01,2.56799873e+01
2.00000000e+01,2.03141479e+01,2.12506715e+01,2.30042635e+01,2.56799404e+01
2.00000000e+01,2.08440051e+01,2.29450930e+01,2.64218685e+01,3.12568063e+01
2.00000000e+01,2.05143741e+01,2.19217034e+01,2.44014622e+01,2.80138262e+01
2.00000000e+01,2.08440041e+01,2.29450372e+01,2.64216105e+01,3.12563355e+01
2.00000000e+01,2.08440035e+01,2.29450817e+01,2.64218239e+01,3.12567222e+01
2.00000000e+01,2.22709909e+01,2.68133603e+01,3.34103894e+01,4.17741763e+01
2.00000000e+01,2.13834746e+01,2.44910750e+01,2.93119667e+01,3.57123174e+01
2.00000000e+01,2.22709897e+01,2.68135379e+01,3.34113408e+01,4.17759720e+01
2.00000000e+01,2.22709885e+01,2.68134055e+01,3.34106320e+01,4.17746355e+01
2.00000000e+01,2.61872750e+01,3.54978888e+01,4.71352651e+01,6.08008596e+01
2.00000000e+01,2.37228934e+01,3.02656743e+01,3.91651000e+01,4.99422858e+01
2.00000000e+01,2.61872745e+01,3.54936133e+01,4.71148679e+01,6.07638440e+01
2.00000000e+01,2.61872732e+01,3.54978048e+01,4.71348830e+01,6.08001956e+01
2.00000000e+01,2.00286177e+01,2.01538338e+01,2.04677804e+01,2.10710530e+01
2.00000000e+01,2.00479373e+01,2.02410090e+01,2.06958896e+01,2.15291487e+01
2.00000000e+01,2.00286182e+01,2.01538396e+01,2.04678197e+01,2.10711669e+01
2.00000000e+01,2.00286177e+01,2.01538360e+01,2.04677962e+01,2.10710986e+01
2.00000000e+01,2.00340010e+01,2.01791863e+01,2.05367137e+01,2.12144305e+01
2.00000000e+01,2.00479379e+01,2.02410107e+01,2.06958959e+01,2.15291718e+01
2.00000000e+01,2.00479373e+01,2.02410094e+01,2.06958925e+01,2.15291588e+01
2.00000000e+01,2.01182139e+01,2.05304908e+01,2.13987799e+01,2.28527238e+01
2.00000000e+01,2.00737933e+01,2.03509542e+01,2.09693086e+01,2.20538446e+01
2.00000000e+01,2.01182148e+01,2.05304825e+01,2.13987159e+01,2.28525705e+01
2.00000000e+01,2.01182142e+01,2.05304875e+01,2.13987560e+01,2.28526662e+01
2.00000000e+01,2.03141467e+01,2.12505957e+01,2.30038454e+01,2.56790070e+01
2.00000000e+01,2.01920264e+01,2.08127216e+01,2.20460224e+01,2.40173084e+01
2.00000000e+01,2.03141472e+01,2.12505771e+01,2.30037337e+01,2.56787575e+01
2.00000000e+01,2.03141469e+01,2.12505883e+01,2.30038036e+01,2.56789141e+01
2.00000000e+01,2.08440025e+01,2.29448672e+01,2.64207829e+01,3.12545968e+01
2.00000000e+01,2.05143741e+01,2.19215841e+01,2.44008492e+01,2.80125417e+01
2.00000000e+01,2.08440026e+01,2.29448207e+01,2.64205366e+01,3.12540605e+01
2.00000000e+01,2.08440028e+01,2.29448522e+01,2.64207049e+01,3.12544273e+01
2.00000000e+01,2.22709897e+01,2.68122866e+01,3.34049293e+01,4.17628791e+01
2.00000000e+01,2.13834743e+01,2.44906635e+01,2.93098919e+01,3.57079581e+01
2.00000000e+01,2.22709894e+01,2.68120352e+01,3.34035921e+01,4.17600406e+01
2.00000000e+01,2.22709898e+01,2.68121918e+01,3.34044270e+01,4.17618149e+01
2.00000000e+01,2.61872757e+01,3.54854223e+01,4.70748452e+01,6.06875721e+01
2.00000000e+01,2.37228936e+01,3.02608358e+01,3.91408535e+01,4.98952508e+01
2.00000000e+01,2.61872757e+01,3.54847441e+01,4.70713874e+01,6.06805509e+01
2.00000000e+01,2.61872751e+01,3.54851553e+01,4.70734893e+01,6.06848236e+01
2.00000000e+01,2.00286184e+01,2.01538224e+01,2.04676738e+01,2.10707465e+01
2.00000000e+01,2.00479380e+01,2.02410101e+01,2.06958798e+01,2.15291090e+01
2.00000000e+01,2.00286179e+01,2.01538288e+01,2.04677341e+01,2.10709188e+01
2.00000000e+01,2.00286185e+01,2.01538254e+01,2.04676958e+01,2.10708090e+01
2.00000000e+01,2.00340013e+01,2.01791767e+01,2.05366292e+01,2.12141873e+01
2.00000000e+01,2.00479376e+01,2.02410092e+01,2.06958824e+01,2.15291231e+01
2.00000000e+01,2.00479378e+01,2.02410099e+01,2.06958812e+01,2.15291147e+01
2.00000000e+01,2.01182144e+01,2.05305135e+01,2.13989184e+01,2.28530542e+01
2.00000000e+01,2.00737939e+01,2.03509677e+01,2.09693910e+01,2.20540424e+01
2.00000000e+01,2.01182142e+01,2.05305020e+01,2.13988476e+01,2.28528853e+01
2.00000000e+01,2.01182143e+01,2.05305098e+01,2.13988940e+01,2.28529949e+01
2.00000000e+01,2.03141472e+01,2.12506344e+01,2.30040584e+01,2.56794816e+01
2.00000000e+01,2.01920264e+01,2.08127513e+01,2.20462025e+01,2.40177269e+01
2.00000000e+01,2.03141469e+01,2.12506153e+01,2.30039537e+01,2.56792486e+01
2.00000000e+01,2.03141472e+01,2.12506278e+01,2.30040213e+01,2.56794003e+01
2.00000000e+01,2.08440030e+01,2.29449747e+01,2.64213252e+01,3.12557406e+01
2.00000000e+01,2.05143738e+01,2.19216399e+01,2.44011416e+01,2.80131654e+01
2.00000000e+01,2.08440028e+01,2.29449230e+01,2.64210670e+01,3.12551994e+01
2.00000000e+01,2.08440033e+01,2.29449653e+01,2.64212796e+01,3.12556445e+01
2.00000000e+01,2.22709895e+01,2.68128716e+01,3.34079934e+01,4.17692557e+01
2.00000000e+01,2.13834740e+01,2.44908694e+01,2.93109651e+01,3.57102517e+01
2.00000000e+01,2.22709897e+01,2.68125782e+01,3.34064601e+01,4.17660780e+01
2.00000000e+01,2.22709894e+01,2.68127758e+01,3.34074926e+01,4.17682204e+01
2.00000000e+01,2.61872739e+01,3.54874369e+01,4.70849267e+01,6.07075230e+01
2.00000000e+01,2.37228938e+01,3.02622195e+01,3.91479323e+01,4.99095056e+01
2.00000000e+01,2.61872747e+01,3.54863002e+01,4.70792633e+01,6.06963947e+01
2.00000000e+01,2.61872744e+01,3.54870396e+01,4.70829427e+01,6.07036263e+01
2.00000000e+01,2.00286191e+01,2.01538048e+01,2.04675186e+01,2.10703042e+01
2.00000000e+01,2.00479382e+01,2.02410159e+01,2.06959162e+01,2.15291921e+01
2.00000000e+01,2.00286188e+01,2.01538150e+01,2.04676069e+01,2.10705542e+01
2.00000000e+01,2.00286190e+01,2.01538086e+01,2.04675512e+01,2.10703953e+01
2.00000000e+01,2.00340015e+01,2.01791635e+01,2.05365174e+01,2.12138709e+01
2.00000000e+01,2.00479381e+01,2.02410120e+01,2.06958895e+01,2.15291278e+01
2.00000000e+01,2.00479383e+01,2.02410149e+01,2.06959081e+01,2.15291723e+01
2.00000000e+01,2.01182142e+01,2.05305341e+01,2.13990516e+01,2.28533697e+01
2.00000000e+01,2.00737940e+01,2.03509818e+01,2.09694851e+01,2.20542711e+01
2.00000000e+01,2.01182143e+01,2.05305243e+01,2.13989901e+01,2.28532261e+01
2.00000000e+01,2.01182145e+01,2.05305321e+01,2.13990356e+01,2.28533317e+01
2.00000000e+01,2.03141472e+01,2.12506597e+01,2.30042057e+01,2.56798132e+01
2.00000000e+01,2.01920266e+01,2.08127745e+01,2.20463450e+01,2.40180583e+01
2.00000000e+01,2.03141472e+01,2.12506507e+01,2.30041510e+01,2.56796856e+01
2.00000000e+01,2.03141472e+01,2.12506574e+01,2.30041909e+01,2.56797789e+01
2.00000000e+01,2.08440029e+01,2.29450650e+01,2.64217731e+01,3.12566423e+01
2.00000000e+01,2.05143739e+01,2.19216844e+01,2.44013675e+01,2.80136328e+01
2.00000000e+01,2.08440030e+01,2.29450142e+01,2.64215216e+01,3.12561436e+01
2.00000000e+01,2.08440027e+01,2.29450562e+01,2.64217342e+01,3.12565687e+01
2.00000000e+01,2.22709887e+01,2.68132115e+01,3.34097661e+01,4.17729855e+01
2.00000000e+01,2.13834736e+01,2.44910079e+01,2.93116554e+01,3.57116986e+01
2.00000000e+01,2.22709892e+01,2.68130974e+01,3.34091673e+01,4.17716981e+01
2.00000000e+01,2.22709887e+01,2.68131911e+01,3.34096572e+01,4.17727451e+01
2.00000000e+01,2.61872757e+01,3.54909633e+01,4.71020975e+01,6.07402277e+01
2.00000000e+01,2.37228937e+01,3.02642643e+01,3.91581278e+01,4.99292361e+01
2.00000000e+01,2.61872749e+01,3.54889640e+01,4.70924001e+01,6.07219007e+01
2.00000000e+01,2.61872743e+01,3.54902870e+01,4.70988215e+01,6.07340738e+01
2.00000000e+01,2.00286186e+01,2.01537774e+01,2.04672934e+01,2.10696619e+01
2.00000000e+01,2.00479382e+01,2.02410224e+01,2.06959631e+01,2.15293096e+01
2.00000000e+01,2.00286189e+01,2.01537935e+01,2.04674254e+01,2.10700367e+01
2.00000000e+01,2.00286187e+01,2.01537777e+01,2.04672968e+01,2.10696713e+01
2.00000000e+01,2.00340016e+01,2.01791569e+01,2.05364617e+01,2.12137126e+01
2.00000000e+01,2.00479382e+01,2.02410170e+01,2.06959209e+01,2.15291982e+01
2.00000000e+01,2.00479380e+01,2.02410216e+01,2.06959582e+01,2.15292964e+01
2.00000000e+01,2.01182145e+01,2.05305461e+01,2.13991282e+01,2.28535535e+01
2.00000000e+01,2.00737941e+01,2.03509885e+01,2.09695293e+01,2.20543789e+01
2.00000000e+01,2.01182144e+01,2.05305414e+01,2.13991033e+01,2.28535014e+01
2.00000000e+01,2.01182146e+01,2.05305468e+01,2.13991316e+01,2.28535624e+01
2.00000000e+01,2.03141475e+01,2.12506691e+01,2.30042551e+01,2.56799241e+01
2.00000000e+01,2.01920264e+01,2.08127834e+01,2.20464003e+01,2.40181857e+01
2.00000000e+01,2.03141474e+01,2.12506770e+01,2.30042938e+01,2.56799898e+01
2.00000000e+01,2.03141477e+01,2.12506711e+01,2.30042635e+01,2.56799404e+01
2.00000000e+01,2.08440034e+01,2.29450866e+01,2.64218515e+01,3.12567746e+01
2.00000000e+01,2.05143739e+01,2.19217016e+01,2.44014564e+01,2.80138153e+01
2.00000000e+01,2.08440032e+01,2.29450374e+01,2.64216188e+01,3.12563511e+01
2.00000000e+01,2.08440036e+01,2.29450818e+01,2.64218238e+01,3.12567221e+01
2.00000000e+01,2.22709892e+01,2.68133700e+01,3.34104467e+01,4.17742786e+01
2.00000000e+01,2.13834741e+01,2.44910805e+01,2.93119995e+01,3.57123795e+01
2.00000000e+01,2.22709889e+01,2.68135320e+01,3.34113132e+01,4.17759185e+01
2.00000000e+01,2.22709892e+01,2.68134067e+01,3.34106320e+01,4.17746355e+01
2.00000000e+01,2.61872748e+01,3.54979164e+01,4.71353975e+01,6.08010982e+01
2.00000000e+01,2.37228940e+01,3.02656345e+01,3.91649060e+01,4.99419325e+01
2.00000000e+01,2.61872751e+01,3.54938459e+01,4.71159757e+01,6.07658752e+01
2.00000000e+01,2.61872753e+01,3.54978076e+01,4.71348832e+01,6.08001956e+01
2.00000000e+01,2.00286179e+01,2.01538289e+01,2.04677319e+01,2.10709126e+01
2.00000000e+01,2.00479381e+01,2.02410102e+01,2.06958833e+01,2.15291251e+01
2.00000000e+01,2.00286178e+01,2.01538336e+01,2.04677731e+01,2.10710314e+01
2.00000000e+01,2.00286179e+01,2.01538326e+01,2.04677643e+01,2.10710058e+01
2.00000000e+01,2.00340012e+01,2.01791817e+01,2.05366732e+01,2.12143135e+01
2.00000000e+01,2.00479381e+01,2.02410104e+01,2.06958876e+01,2.15291422e+01
2.00000000e+01,2.00479377e+01,2.02410098e+01,2.06958874e+01,2.15291401e+01
2.00000000e+01,2.01182149e+01,2.05305038e+01,2.13988513e+01,2.28528944e+01
2.00000000e+01,2.00737938e+01,2.03509610e+01,2.09693474e+01,2.20539375e+01
2.00000000e+01,2.01182149e+01,2.05304945e+01,2.13987929e+01,2.28527545e+01
2.00000000e+01,2.01182142e+01,2.05304958e+01,2.13988065e+01,2.28527868e+01
2.00000000e+01,2.03141470e+01,2.12506164e+01,2.30039576e+01,2.56792574e+01
2.00000000e+01,2.01920263e+01,2.08127368e+01,2.20461149e+01,2.40175233e+01
2.00000000e+01,2.03141464e+01,2.12505992e+01,2.30038647e+01,2.56790507e+01
2.00000000e+01,2.03141469e+01,2.12506034e+01,2.30038864e+01,2.56790993e+01
2.00000000e+01,2.08440033e+01,2.29449213e+01,2.64210554e+01,3.12551778e+01
2.00000000e+01,2.05143736e+01,2.19216132e+01,2.44010055e+01,2.80128773e+01
2.00000000e+01,2.08440036e+01,2.29448814e+01,2.64208503e+01,3.12547390e+01
2.00000000e+01,2.08440033e+01,2.29448924e+01,2.64209083e+01,3.12548637e+01
2.00000000e+01,2.22709892e+01,2.68125806e+01,3.34064789e+01,4.17661222e+01
2.00000000e+01,2.13834738e+01,2.44907731e+01,2.93104703e+01,3.57091982e+01
2.00000000e+01,2.22709891e+01,2.68123459e+01,3.34052425e+01,4.17635318e+01
2.00000000e+01,2.22709895e+01,2.68123994e+01,3.34055231e+01,4.17641225e+01
2.00000000e+01,2.61872746e+01,3.54863286e+01,4.70794100e+01,6.06966857e+01
2.00000000e+01,2.37228940e+01,3.02614815e+01,3.91441757e+01,4.99019966e+01
2.00000000e+01,2.61872760e+01,3.54855804e+01,4.70756353e+01,6.06891545e+01
2.00000000e+01,2.61872749e+01,3.54857420e+01,4.70764564e+01,6.06907980e+01
2.00000000e+01,2.00286181e+01,2.01538164e+01,2.04676280e+01,2.10706152e+01
2.00000000e+01,2.00479381e+01,2.02410106e+01,2.06958818e+01,2.15291094e+01
2.00000000e+01,2.00286180e+01,2.01538233e+01,2.04676855e+01,2.10707792e+01
2.00000000e+01,2.00286184e+01,2.01538214e+01,2.04676650e+01,2.10707204e+01
2.00000000e+01,2.00340011e+01,2.01791722e+01,2.05365936e+01,2.12140861e+01
2.00000000e+01,2.00479381e+01,2.02410101e+01,2.06958798e+01,2.15291100e+01
2.00000000e+01,2.00479380e+01,2.02410104e+01,2.06958813e+01,2.15291116e+01
2.00000000e+01,2.01182148e+01,2.05305216e+01,2.13989670e+01,2.28531702e+01
2.00000000e+01,2.00737940e+01,2.03509729e+01,2.09694244e+01,2.20541237e+01
2.00000000e+01,2.01182149e+01,2.05305127e+01,2.13989095e+01,2.28530334e+01
2.00000000e+01,2.01182145e+01,2.05305156e+01,2.13989299e+01,2.28530807e+01
2.00000000e+01,2.03141468e+01,2.12506453e+01,2.30041234e+01,2.56796251e+01
2.00000000e+01,2.01920265e+01,2.08127609e+01,2.20462601e+01,2.40178599e+01
2.00000000e+01,2.03141470e+01,2.12506318e+01,2.30040449e+01,2.56794509e+01
2.00000000e+01,2.03141472e+01,2.12506367e+01,2.30040719e+01,2.56795122e+01
2.00000000e+01,2.08440030e+01,2.29450061e+01,2.64214843e+01,3.12560676e+01
2.00000000e+01,2.05143739e+01,2.19216561e+01,2.44012233e+01,2.80133378e+01
2.00000000e+01,2.08440031e+01,2.29449644e+01,2.64212761e+01,3.12556389e+01
2.00000000e+01,2.08440030e+01,2.29449889e+01,2.64214008e+01,3.12558957e+01
2.00000000e+01,2.22709893e+01,2.68130582e+01,3.34089642e+01,4.17712521e+01
2.00000000e+01,2.13834745e+01,2.44909310e+01,2.93112725e+01,3.57108954e+01
2.00000000e+01,2.22709893e+01,2.68128291e+01,3.34077744e+01,4.17688031e+01
2.00000000e+01,2.22709890e+01,2.68129191e+01,3.34082405e+01,4.17697641e+01
2.00000000e+01,2.61872742e+01,3.54884226e+01,4.70897730e+01,6.07168899e+01
2.00000000e+01,2.37228935e+01,3.02628305e+01,3.91510142e+01,4.99155688e+01
2.00000000e+01,2.61872743e+01,3.54872635e+01,4.70840574e+01,6.07058177e+01
2.00000000e+01,2.61872748e+01,3.54876861e+01,4.70861355e+01,6.07098475e+01
2.00000000e+01,2.00286186e+01,2.01538002e+01,2.04674875e+01,2.10702152e+01
2.00000000e+01,2.00479377e+01,2.02410164e+01,2.06959250e+01,2.15292135e+01
2.00000000e+01,2.00286183e+01,2.01538093e+01,2.04675658e+01,2.10704371e+01
2.00000000e+01,2.00286188e+01,2.01538058e+01,2.04675298e+01,2.10703340e+01
2.00000000e+01,2.00340014e+01,2.01791611e+01,2.05365003e+01,2.12138230e+01
2.00000000e+01,2.00479379e+01,2.02410126e+01,2.06958961e+01,2.15291417e+01
2.00000000e+01,2.00479382e+01,2.02410156e+01,2.06959139e+01,2.15291859e+01
2.00000000e+01,2.01182144e+01,2.05305373e+01,2.13990711e+01,2.28534170e+01
2.00000000e+01,2.00737939e+01,2.03509837e+01,2.09694982e+01,2.20543032e+01
2.00000000e+01,2.01182147e+01,2.05305302e+01,2.13990242e+01,2.28533079e+01
2.00000000e+01,2.01182144e+01,2.05305342e+01,2.13990507e+01,2.28533684e+01
2.00000000e+01,2.03141477e+01,2.12506645e+01,2.30042281e+01,2.56798612e+01
2.00000000e+01,2.01920266e+01,2.08127779e+01,2.20463647e+01,2.40181031e+01
2.00000000e+01,2.03141472e+01,2.12506582e+01,2.30041931e+01,2.56797777e+01
2.00000000e+01,2.03141474e+01,2.12506611e+01,2.30042101e+01,2.56798200e+01
2.00000000e+01,2.08440035e+01,2.29450690e+01,2.64217855e+01,3.12566675e+01
2.00000000e+01,2.05143742e+01,2.19216884e+01,2.44013845e+01,2.80136690e+01
2.00000000e+01,2.08440031e+01,2.29450304e+01,2.64216001e+01,3.12563039e+01
2.00000000e+01,2.08440029e+01,2.29450586e+01,2.64217432e+01,3.12565881e+01
2.00000000e+01,2.22709882e+01,2.68132594e+01,3.34100040e+01,4.17734599e+01
2.00000000e+01,2.13834744e+01,2.44910346e+01,2.93117798e+01,3.57119431e+01
2.00000000e+01,2.22709890e+01,2.68132148e+01,3.34097687e+01,4.17729187e+01
2.00000000e+01,2.22709887e+01,2.68132371e+01,3.34098844e+01,4.17731981e+01
2.00000000e+01,2.61872755e+01,3.54918344e+01,4.71062964e+01,6.07480531e+01
2.00000000e+01,2.37228936e+01,3.02645938e+01,3.91597674e+01,4.99323673e+01
2.00000000e+01,2.61872745e+01,3.54899371e+01,4.70971392e+01,6.07308949e+01
2.00000000e+01,2.61872749e+01,3.54908721e+01,4.71016438e+01,6.07393650e+01
2.00000000e+01,2.00286188e+01,2.01537773e+01,2.04672926e+01,2.10696597e+01
2.00000000e+01,2.00479386e+01,2.02410226e+01,2.06959617e+01,2.15293057e+01
2.00000000e+01,2.00286188e+01,2.01537905e+01,2.04674044e+01,2.10699771e+01
2.00000000e+01,2.00286191e+01,2.01537783e+01,2.04672959e+01,2.10696686e+01
2.00000000e+01,2.00340012e+01,2.01791569e+01,2.05364676e+01,2.12137287e+01
2.00000000e+01,2.00479382e+01,2.02410180e+01,2.06959293e+01,2.15292198e+01
2.00000000e+01,2.00479384e+01,2.02410222e+01,2.06959587e+01,2.15292975e+01
2.00000000e+01,2.01182142e+01,2.05305453e+01,2.13991272e+01,2.28535525e+01
2.00000000e+01,2.00737938e+01,2.03509874e+01,2.09695257e+01,2.20543700e+01
2.00000000e+01,2.01182142e+01,2.05305420e+01,2.13991089e+01,2.28535145e+01
2.00000000e+01,2.01182148e+01,2.05305467e+01,2.13991302e+01,2.28535601e+01
2.00000000e+01,2.03141470e+01,2.12506701e+01,2.30042615e+01,2.56799353e+01
2.00000000e+01,2.01920263e+01,2.08127840e+01,2.20464038e+01,2.40181927e+01
2.00000000e+01,2.03141473e+01,2.12506772e+01,2.30042951e+01,2.56799939e+01
2.00000000e+01,2.03141477e+01,2.12506717e+01,2.30042675e+01,2.56799474e+01
2.00000000e+01,2.08440039e+01,2.29450801e+01,2.64218141e+01,3.12567033e+01
2.00000000e+01,2.05143745e+01,2.19217001e+01,2.44014439e+01,2.80137917e+01
2.00000000e+01,2.08440037e+01,2.29450427e+01,2.64216398e+01,3.12563895e+01
2.00000000e+01,2.08440028e+01,2.29450757e+01,2.64217989e+01,3.12566751e+01
2.00000000e+01,2.22709872e+01,2.68134002e+01,3.34106065e+01,4.17745670e+01
2.00000000e+01,2.13834743e+01,2.44910950e+01,2.93120736e+01,3.57125211e+01
2.00000000e+01,2.22709874e+01,2.68135171e+01,3.34112423e+01,4.17757824e+01
2.00000000e+01,2.22709880e+01,2.68134230e+01,3.34107160e+01,4.17747825e+01
2.00000000e+01,2.61872747e+01,3.54979804e+01,4.71357086e+01,6.08016572e+01
2.00000000e+01,2.37228937e+01,3.02655368e+01,3.91644444e+01,4.99410888e+01
2.00000000e+01,2.61872752e+01,3.54944621e+01,4.71189239e+01,6.07712701e+01
2.00000000e+01,2.61872744e+01,3.54978669e+01,4.71351748e+01,6.08007211e+01
2.00000000e+01,2.00286190e+01,2.01538364e+01,2.04677805e+01,2.10710530e+01
2.00000000e+01,2.00479389e+01,2.02410118e+01,2.06958897e+01,2.15291487e+01
2.00000000e+01,2.00286184e+01,2.01538400e+01,2.04678197e+01,2.10711669e+01
2.00000000e+01,2.00286186e+01,2.01538338e+01,2.04677643e+01,2.10710058e+01
2.00000000e+01,2.00340014e+01,2.01791870e+01,2.05367137e+01,2.12144305e+01
2.00000000e+01,2.00479383e+01,2.02410112e+01,2.06958960e+01,2.15291719e+01
2.00000000e+01,2.00479382e+01,2.02410108e+01,2.06958874e+01,2.15291401e+01
2.00000000e+01,2.01182143e+01,2.05304920e+01,2.13987799e+01,2.28527239e+01
2.00000000e+01,2.00737939e+01,2.03509552e+01,2.09693087e+01,2.20538446e+01
2.00000000e+01,2.01182142e+01,2.05304816e+01,2.13987160e+01,2.28525705e+01
2.00000000e+01,2.01182144e+01,2.05304962e+01,2.13988065e+01,2.28527868e+01
2.00000000e+01,2.03141457e+01,2.12505944e+01,2.30038454e+01,2.56790070e+01
2.00000000e+01,2.01920263e+01,2.08127215e+01,2.20460224e+01,2.40173084e+01
2.00000000e+01,2.03141462e+01,2.12505754e+01,2.30037337e+01,2.56787575e+01
2.00000000e+01,2.03141465e+01,2.12506030e+01,2.30038864e+01,2.56790993e+01
2.00000000e+01,2.08440009e+01,2.29448647e+01,2.64207829e+01,3.12545968e+01
2.00000000e+01,2.05143734e+01,2.19215832e+01,2.44008492e+01,2.80125417e+01
2.00000000e+01,2.08440016e+01,2.29448191e+01,2.64205366e+01,3.12540605e+01
2.00000000e+01,2.08440030e+01,2.29448919e+01,2.64209083e+01,3.12548637e+01
2.00000000e+01,2.22709875e+01,2.68122832e+01,3.34049292e+01,4.17628792e+01
2.00000000e+01,2.13834739e+01,2.44906625e+01,2.93098919e+01,3.57079581e+01
2.00000000e+01,2.22709876e+01,2.68120327e+01,3.34035920e+01,4.17600406e+01
2.00000000e+01,2.22709884e+01,2.68123978e+01,3.34055230e+01,4.17641225e+01
2.00000000e+01,2.61872727e+01,3.54854179e+01,4.70748451e+01,6.06875721e+01
2.00000000e+01,2.37228937e+01,3.02608352e+01,3.91408534e+01,4.98952508e+01
2.00000000e+01,2.61872744e+01,3.54847422e+01,4.70713873e+01,6.06805509e+01
2.00000000e+01,2.61872734e+01,3.54857399e+01,4.70764563e+01,6.06907980e+01
2.00000000e+01,2.00286175e+01,2.01538212e+01,2.04676739e+01,2.10707465e+01
2.00000000e+01,2.00479380e+01,2.02410101e+01,2.06958799e+01,2.15291090e+01
2.00000000e+01,2.00286181e+01,2.01538295e+01,2.04677342e+01,2.10709188e+01
2.00000000e+01,2.00286181e+01,2.01538210e+01,2.04676650e+01,2.10707204e+01
2.00000000e+01,2.00340014e+01,2.01791768e+01,2.05366292e+01,2.12141874e+01
2.00000000e+01,2.00479385e+01,2.02410108e+01,2.06958825e+01,2.15291231e+01
2.00000000e+01,2.00479380e+01,2.02410103e+01,2.06958813e+01,2.15291116e+01
2.00000000e+01,2.01182150e+01,2.05305146e+01,2.13989184e+01,2.28530543e+01
2.00000000e+01,2.00737939e+01,2.03509677e+01,2.09693910e+01,2.20540425e+01
2.00000000e+01,2.01182148e+01,2.05305033e+01,2.13988476e+01,2.28528854e+01
2.00000000e+01,2.01182148e+01,2.05305161e+01,2.13989299e+01,2.28530807e+01
2.00000000e+01,2.03141483e+01,2.12506365e+01,2.30040585e+01,2.56794816e+01
2.00000000e+01,2.01920265e+01,2.08127515e+01,2.20462026e+01,2.40177269e+01
2.00000000e+01,2.03141469e+01,2.12506157e+01,2.30039537e+01,2.56792487e+01
2.00000000e+01,2.03141477e+01,2.12506375e+01,2.30040720e+01,2.56795123e+01
2.00000000e+01,2.08440045e+01,2.29449772e+01,2.64213252e+01,3.12557406e+01
2.00000000e+01,2.05143741e+01,2.19216405e+01,2.44011417e+01,2.80131655e+01
2.00000000e+01,2.08440026e+01,2.29449229e+01,2.64210670e+01,3.12551995e+01
2.00000000e+01,2.08440036e+01,2.29449898e+01,2.64214008e+01,3.12558957e+01
2.00000000e+01,2.22709904e+01,2.68128729e+01,3.34079934e+01,4.17692557e+01
2.00000000e+01,2.13834747e+01,2.44908703e+01,2.93109651e+01,3.57102517e+01
2.00000000e+01,2.22709895e+01,2.68125777e+01,3.34064601e+01,4.17660780e+01
2.00000000e+01,2.22709884e+01,2.68129183e+01,3.34082404e+01,4.17697641e+01
2.00000000e+01,2.61872746e+01,3.54874379e+01,4.70849266e+01,6.07075231e+01
2.00000000e+01,2.37228939e+01,3.02622198e+01,3.91479322e+01,4.99095056e+01
2.00000000e+01,2.61872734e+01,3.54862985e+01,4.70792632e+01,6.06963947e+01
2.00000000e+01,2.61872753e+01,3.54876865e+01,4.70861354e+01,6.07098475e+01
2.00000000e+01,2.00286187e+01,2.01538042e+01,2.04675186e+01,2.10703042e+01
2.00000000e+01,2.00479381e+01,2.02410157e+01,2.06959162e+01,2.15291922e+01
2.00000000e+01,2.00286180e+01,2.01538138e+01,2.04676069e+01,2.10705542e+01
2.00000000e+01,2.00286186e+01,2.01538054e+01,2.04675298e+01,2.10703340e+01
2.00000000e+01,2.00340014e+01,2.01791633e+01,2.05365174e+01,2.12138709e+01
2.00000000e+01,2.00479380e+01,2.02410117e+01,2.06958896e+01,2.15291278e+01
2.00000000e+01,2.00479380e+01,2.02410154e+01,2.06959139e+01,2.15291859e+01
2.00000000e+01,2.01182143e+01,2.05305342e+01,2.13990517e+01,2.28533697e+01
2.00000000e+01,2.00737939e+01,2.03509818e+01,2.09694851e+01,2.20542712e+01
2.00000000e+01,2.01182146e+01,2.05305250e+01,2.13989901e+01,2.28532262e+01
2.00000000e+01,2.01182144e+01,2.05305341e+01,2.13990507e+01,2.28533685e+01
2.00000000e+01,2.03141471e+01,2.12506598e+01,2.30042058e+01,2.56798132e+01
2.00000000e+01,2.01920266e+01,2.08127747e+01,2.20463450e+01,2.40180583e+01
2.00000000e+01,2.03141478e+01,2.12506520e+01,2.30041510e+01,2.56796857e+01
2.00000000e+01,2.03141474e+01,2.12506613e+01,2.30042102e+01,2.56798200e+01
2.00000000e+01,2.08440029e+01,2.29450648e+01,2.64217732e+01,3.12566423e+01
2.00000000e+01,2.05143741e+01,2.19216848e+01,2.44013675e+01,2.80136328e+01
2.00000000e+01,2.08440038e+01,2.29450155e+01,2.64215217e+01,3.12561437e+01
2.00000000e+01,2.08440032e+01,2.29450589e+01,2.64217433e+01,3.12565881e+01
2.00000000e+01,2.22709881e+01,2.68132101e+01,3.34097660e+01,4.17729854e+01
2.00000000e+01,2.13834737e+01,2.44910079e+01,2.93116554e+01,3.57116986e+01
2.00000000e+01,2.22709894e+01,2.68130975e+01,3.34091672e+01,4.17716981e+01
2.00000000e+01,2.22709885e+01,2.68132365e+01,3.34098843e+01,4.17731981e+01
2.00000000e+01,2.61872749e+01,3.54909617e+01,4.71020974e+01,6.07402277e+01
2.00000000e+01,2.37228934e+01,3.02642636e+01,3.91581276e+01,4.99292360e+01
2.00000000e+01,2.61872746e+01,3.54889633e+01,4.70924000e+01,6.07219007e+01
2.00000000e+01,2.61872748e+01,3.54908718e+01,4.71016437e+01,6.07393650e+01
2.00000000e+01,2.00286184e+01,2.01537771e+01,2.04672933e+01,2.10696619e+01
2.00000000e+01,2.00479385e+01,2.02410226e+01,2.06959631e+01,2.15293096e+01
2.00000000e+01,2.00286186e+01,2.01537930e+01,2.04674254e+01,2.10700367e+01
2.00000000e+01,2.00286191e+01,2.01537781e+01,2.04672959e+01,2.10696686e+01
2.00000000e+01,2.00340015e+01,2.01791567e+01,2.05364617e+01,2.12137127e+01
2.00000000e+01,2.00479383e+01,2.02410169e+01,2.06959209e+01,2.15291982e+01
2.00000000e+01,2.00479384e+01,2.02410221e+01,2.06959587e+01,2.15292975e+01
2.00000000e+01,2.01182142e+01,2.05305455e+01,2.13991282e+01,2.28535536e+01
2.00000000e+01,2.00737940e+01,2.03509883e+01,2.09695294e+01,2.20543789e+01
2.00000000e+01,2.01182141e+01,2.05305410e+01,2.13991033e+01,2.28535014e+01
2.00000000e+01,2.01182146e+01,2.05305463e+01,2.13991302e+01,2.28535601e+01
2.00000000e+01,2.03141473e+01,2.12506690e+01,2.30042552e+01,2.56799241e+01
2.00000000e+01,2.01920261e+01,2.08127831e+01,2.20464003e+01,2.40181858e+01
2.00000000e+01,2.03141472e+01,2.12506770e+01,2.30042938e+01,2.56799898e+01
2.00000000e+01,2.03141477e+01,2.12506719e+01,2.30042675e+01,2.56799475e+01
2.00000000e+01,2.08440042e+01,2.29450875e+01,2.64218516e+01,3.12567746e+01
2.00000000e+01,2.05143742e+01,2.19217021e+01,2.44014564e+01,2.80138153e+01
2.00000000e+01,2.08440037e+01,2.29450379e+01,2.64216188e+01,3.12563512e+01
2.00000000e+01,2.08440031e+01,2.29450760e+01,2.64217990e+01,3.12566751e+01
2.00000000e+01,2.22709867e+01,2.68133662e+01,3.34104465e+01,4.17742785e+01
2.00000000e+01,2.13834743e+01,2.44910806e+01,2.93119995e+01,3.57123795e+01
2.00000000e+01,2.22709871e+01,2.68135291e+01,3.34113129e+01,4.17759185e+01
2.00000000e+01,2.22709875e+01,2.68134221e+01,3.34107159e+01,4.17747825e+01
2.00000000e+01,2.61872729e+01,3.54979138e+01,4.71353973e+01,6.08010982e+01
2.00000000e+01,2.37228932e+01,3.02656331e+01,3.91649058e+01,4.99419324e+01
2.00000000e+01,2.61872741e+01,3.54938442e+01,4.71159755e+01,6.07658752e+01
2.00000000e+01,2.61872730e+01,3.54978650e+01,4.71351747e+01,6.08007211e+01
2.00000000e+01,2.00286181e+01,2.01538368e+01,2.04677969e+01,2.10711007e+01
2.00000000e+01,2.00479375e+01,2.02410098e+01,2.06958921e+01,2.15291578e+01
2.00000000e+01,2.00286178e+01,2.01538408e+01,2.04678351e+01,2.10712118e+01
2.00000000e+01,2.00286187e+01,2.01538377e+01,2.04677963e+01,2.10710987e+01
2.00000000e+01,2.00340011e+01,2.01791881e+01,2.05367277e+01,2.12144710e+01
2.00000000e+01,2.00479375e+01,2.02410102e+01,2.06958991e+01,2.15291829e+01
2.00000000e+01,2.00479382e+01,2.02410110e+01,2.06958926e+01,2.15291588e+01
2.00000000e+01,2.01182141e+01,2.05304872e+01,2.13987534e+01,2.28526605e+01
2.00000000e+01,2.00737934e+01,2.03509524e+01,2.09692957e+01,2.20538135e+01
2.00000000e+01,2.01182143e+01,2.05304772e+01,2.13986885e+01,2.28525048e+01
2.00000000e+01,2.01182139e+01,2.05304876e+01,2.13987561e+01,2.28526663e+01
2.00000000e+01,2.03141465e+01,2.12505874e+01,2.30038010e+01,2.56789078e+01
2.00000000e+01,2.01920259e+01,2.08127151e+01,2.20459867e+01,2.40172254e+01
2.00000000e+01,2.03141469e+01,2.12505675e+01,2.30036834e+01,2.56786447e+01
2.00000000e+01,2.03141463e+01,2.12505877e+01,2.30038036e+01,2.56789142e+01
2.00000000e+01,2.08440022e+01,2.29448456e+01,2.64206760e+01,3.12543659e+01
2.00000000e+01,2.05143735e+01,2.19215715e+01,2.44007875e+01,2.80124082e+01
2.00000000e+01,2.08440027e+01,2.29447980e+01,2.64204181e+01,3.12538012e+01
2.00000000e+01,2.08440019e+01,2.29448508e+01,2.64207049e+01,3.12544273e+01
2.00000000e+01,2.22709898e+01,2.68121788e+01,3.34043634e+01,4.17616843e+01
2.00000000e+01,2.13834739e+01,2.44906189e+01,2.93096615e+01,3.57074611e+01
2.00000000e+01,2.22709898e+01,2.68119268e+01,3.34030138e+01,4.17588049e+01
2.00000000e+01,2.22709884e+01,2.68121897e+01,3.34044270e+01,4.17618149e+01
2.00000000e+01,2.61872754e+01,3.54851250e+01,4.70733453e+01,6.06845434e+01
2.00000000e+01,2.37228933e+01,3.02606165e+01,3.91397222e+01,4.98929285e+01
2.00000000e+01,2.61872762e+01,3.54844792e+01,4.70700289e+01,6.06777645e+01
2.00000000e+01,2.61872736e+01,3.54851529e+01,4.70734892e+01,6.06848236e+01
2.00000000e+01,2.00286187e+01,2.01538249e+01,2.04676903e+01,2.10707934e+01
2.00000000e+01,2.00479381e+01,2.02410101e+01,2.06958797e+01,2.15291104e+01
2.00000000e+01,2.00286184e+01,2.01538318e+01,2.04677510e+01,2.10709674e+01
2.00000000e+01,2.00286183e+01,2.01538250e+01,2.04676959e+01,2.10708091e+01
2.00000000e+01,2.00340013e+01,2.01791783e+01,2.05366423e+01,2.12142246e+01
2.00000000e+01,2.00479379e+01,2.02410098e+01,2.06958840e+01,2.15291294e+01
2.00000000e+01,2.00479379e+01,2.02410100e+01,2.06958812e+01,2.15291148e+01
2.00000000e+01,2.01182141e+01,2.05305103e+01,2.13988994e+01,2.28530090e+01
2.00000000e+01,2.00737939e+01,2.03509659e+01,2.09693785e+01,2.20540120e+01
2.00000000e+01,2.01182142e+01,2.05304985e+01,2.13988239e+01,2.28528286e+01
2.00000000e+01,2.01182146e+01,2.05305104e+01,2.13988940e+01,2.28529949e+01
2.00000000e+01,2.03141473e+01,2.12506296e+01,2.30040320e+01,2.56794228e+01
2.00000000e+01,2.01920265e+01,2.08127477e+01,2.20461793e+01,2.40176729e+01
2.00000000e+01,2.03141469e+01,2.12506087e+01,2.30039168e+01,2.56791667e+01
2.00000000e+01,2.03141478e+01,2.12506289e+01,2.30040214e+01,2.56794004e+01
2.00000000e+01,2.08440032e+01,2.29449611e+01,2.64212572e+01,3.12555993e+01
2.00000000e+01,2.05143742e+01,2.19216338e+01,2.44011067e+01,2.80130915e+01
2.00000000e+01,2.08440026e+01,2.29449055e+01,2.64209807e+01,3.12550160e+01
2.00000000e+01,2.08440040e+01,2.29449664e+01,2.64212796e+01,3.12556445e+01
2.00000000e+01,2.22709902e+01,2.68127966e+01,3.34075982e+01,4.17684395e+01
2.00000000e+01,2.13834745e+01,2.44908454e+01,2.93108385e+01,3.57099845e+01
2.00000000e+01,2.22709902e+01,2.68124818e+01,3.34059531e+01,4.17650194e+01
2.00000000e+01,2.22709897e+01,2.68127762e+01,3.34074926e+01,4.17682204e+01
2.00000000e+01,2.61872750e+01,3.54871003e+01,4.70832563e+01,6.07042679e+01
2.00000000e+01,2.37228940e+01,3.02619994e+01,3.91468158e+01,4.99072910e+01
2.00000000e+01,2.61872756e+01,3.54859791e+01,4.70776517e+01,6.06931937e+01
2.00000000e+01,2.61872741e+01,3.54870390e+01,4.70829426e+01,6.07036263e+01
2.00000000e+01,2.00286191e+01,2.01538062e+01,2.04675300e+01,2.10703368e+01
2.00000000e+01,2.00479382e+01,2.02410156e+01,2.06959127e+01,2.15291836e+01
2.00000000e+01,2.00286190e+01,2.01538171e+01,2.04676218e+01,2.10705966e+01
2.00000000e+01,2.00286188e+01,2.01538084e+01,2.04675512e+01,2.10703954e+01
2.00000000e+01,2.00340015e+01,2.01791643e+01,2.05365245e+01,2.12138908e+01
2.00000000e+01,2.00479382e+01,2.02410119e+01,2.06958875e+01,2.15291234e+01
2.00000000e+01,2.00479383e+01,2.02410150e+01,2.06959082e+01,2.15291724e+01
2.00000000e+01,2.01182144e+01,2.05305333e+01,2.13990439e+01,2.28533510e+01
2.00000000e+01,2.00737940e+01,2.03509810e+01,2.09694790e+01,2.20542559e+01
2.00000000e+01,2.01182141e+01,2.05305223e+01,2.13989764e+01,2.28531934e+01
2.00000000e+01,2.01182145e+01,2.05305321e+01,2.13990357e+01,2.28533317e+01
2.00000000e+01,2.03141471e+01,2.12506583e+01,2.30041972e+01,2.56797945e+01
2.00000000e+01,2.01920265e+01,2.08127733e+01,2.20463373e+01,2.40180406e+01
2.00000000e+01,2.03141473e+01,2.12506477e+01,2.30041337e+01,2.56796476e+01
2.00000000e+01,2.03141473e+01,2.12506577e+01,2.30041909e+01,2.56797789e+01
2.00000000e+01,2.08440027e+01,2.29450622e+01,2.64217599e+01,3.12566156e+01
2.00000000e+01,2.05143739e+01,2.19216825e+01,2.44013580e+01,2.80136128e+01
2.00000000e+01,2.08440029e+01,2.29450065e+01,2.64214849e+01,3.12560683e+01
2.00000000e+01,2.08440030e+01,2.29450565e+01,2.64217342e+01,3.12565687e+01
2.00000000e+01,2.22709886e+01,2.68131924e+01,3.34096724e+01,4.17727956e+01
2.00000000e+01,2.13834739e+01,2.44910005e+01,2.93116190e+01,3.57116263e+01
2.00000000e+01,2.22709893e+01,2.68130482e+01,3.34089135e+01,4.17711808e+01
2.00000000e+01,2.22709888e+01,2.68131910e+01,3.34096571e+01,4.17727451e+01
2.00000000e+01,2.61872747e+01,3.54906484e+01,4.71005864e+01,6.07373991e+01
2.00000000e+01,2.37228937e+01,3.02641281e+01,3.91574529e+01,4.99279443e+01
2.00000000e+01,2.61872749e+01,3.54886228e+01,4.70907339e+01,6.07187170e+01
2.00000000e+01,2.61872743e+01,3.54902868e+01,4.70988214e+01,6.07340738e+01
2.00000000e+01,2.00286183e+01,2.01537767e+01,2.04672933e+01,2.10696617e+01
2.00000000e+01,2.00479382e+01,2.02410223e+01,2.06959631e+01,2.15293094e+01
2.00000000e+01,2.00286187e+01,2.01537940e+01,2.04674332e+01,2.10700587e+01
2.00000000e+01,2.00286186e+01,2.01537776e+01,2.04672968e+01,2.10696713e+01
2.00000000e+01,2.00340015e+01,2.01791565e+01,2.05364593e+01,2.12137060e+01
2.00000000e+01,2.00479382e+01,2.02410166e+01,2.06959173e+01,2.15291887e+01
2.00000000e+01,2.00479381e+01,2.02410217e+01,2.06959583e+01,2.15292965e+01
2.00000000e+01,2.01182140e+01,2.05305459e+01,2.13991290e+01,2.28535546e+01
2.00000000e+01,2.00737942e+01,2.03509889e+01,2.09695307e+01,2.20543821e+01
2.00000000e+01,2.01182141e+01,2.05305410e+01,2.13991012e+01,2.28534964e+01
2.00000000e+01,2.01182146e+01,2.05305468e+01,2.13991316e+01,2.28535624e+01
2.00000000e+01,2.03141469e+01,2.12506684e+01,2.30042523e+01,2.56799190e+01
2.00000000e+01,2.01920265e+01,2.08127834e+01,2.20463986e+01,2.40181823e+01
2.00000000e+01,2.03141470e+01,2.12506768e+01,2.30042929e+01,2.56799874e+01
2.00000000e+01,2.03141477e+01,2.12506710e+01,2.30042635e+01,2.56799404e+01
2.00000000e+01,2.08440052e+01,2.29450929e+01,2.64218685e+01,3.12568063e+01
2.00000000e+01,2.05143742e+01,2.19217035e+01,2.44014622e+01,2.80138262e+01
2.00000000e+01,2.08440041e+01,2.29450372e+01,2.64216104e+01,3.12563354e+01
2.00000000e+01,2.08440032e+01,2.29450811e+01,2.64218238e+01,3.12567222e+01
2.00000000e+01,2.22709908e+01,2.68133601e+01,3.34103894e+01,4.17741762e+01
2.00000000e+01,2.13834746e+01,2.44910750e+01,2.93119667e+01,3.57123174e+01
2.00000000e+01,2.22709898e+01,2.68135381e+01,3.34113407e+01,4.17759720e+01
2.00000000e+01,2.22709883e+01,2.68134052e+01,3.34106319e+01,4.17746355e+01
2.00000000e+01,2.61872755e+01,3.54978892e+01,4.71352651e+01,6.08008596e+01
2.00000000e+01,2.37228938e+01,3.02656747e+01,3.91650999e+01,4.99422858e+01
2.00000000e+01,2.61872751e+01,3.54936139e+01,4.71148679e+01,6.07638440e+01
2.00000000e+01,2.61872736e+01,3.54978051e+01,4.71348830e+01,6.08001956e+01
2.00000000e+01,2.00286176e+01,2.01538341e+01,2.04677806e+01,2.10710531e+01
2.00000000e+01,2.00479377e+01,2.02410099e+01,2.06958897e+01,2.15291488e+01
2.00000000e+01,2.00286183e+01,2.01538400e+01,2.04678198e+01,2.10711669e+01
2.00000000e+01,2.00286180e+01,2.01538365e+01,2.04677963e+01,2.10710987e+01
2.00000000e+01,2.00340012e+01,2.01791867e+01,2.05367138e+01,2.12144306e+01
2.00000000e+01,2.00479382e+01,2.02410112e+01,2.06958960e+01,2.15291719e+01
2.00000000e+01,2.00479377e+01,2.02410102e+01,2.06958926e+01,2.15291588e+01
2.00000000e+01,2.01182142e+01,2.05304916e+01,2.13987800e+01,2.28527239e+01
2.00000000e+01,2.00737938e+01,2.03509551e+01,2.09693088e+01,2.20538446e+01
2.00000000e+01,2.01182152e+01,2.05304831e+01,2.13987160e+01,2.28525706e+01
2.00000000e+01,2.01182142e+01,2.05304879e+01,2.13987561e+01,2.28526663e+01
2.00000000e+01,2.03141461e+01,2.12505951e+01,2.30038455e+01,2.56790071e+01
2.00000000e+01,2.01920264e+01,2.08127218e+01,2.20460225e+01,2.40173085e+01
2.00000000e+01,2.03141480e+01,2.12505782e+01,2.30037338e+01,2.56787576e+01
2.00000000e+01,2.03141467e+01,2.12505883e+01,2.30038037e+01,2.56789142e+01
2.00000000e+01,2.08440018e+01,2.29448664e+01,2.64207830e+01,3.12545969e+01
2.00000000e+01,2.05143737e+01,2.19215838e+01,2.44008493e+01,2.80125418e+01
2.00000000e+01,2.08440036e+01,2.29448223e+01,2.64205367e+01,3.12540606e+01
2.00000000e+01,2.08440022e+01,2.29448516e+01,2.64207049e+01,3.12544274e+01
2.00000000e+01,2.22709884e+01,2.68122846e+01,3.34049294e+01,4.17628792e+01
2.00000000e+01,2.13834740e+01,2.44906631e+01,2.93098920e+01,3.57079582e+01
2.00000000e+01,2.22709897e+01,2.68120360e+01,3.34035922e+01,4.17600407e+01
2.00000000e+01,2.22709891e+01,2.68121908e+01,3.34044270e+01,4.17618149e+01
2.00000000e+01,2.61872744e+01,3.54854206e+01,4.70748453e+01,6.06875722e+01
2.00000000e+01,2.37228933e+01,3.02608351e+01,3.91408536e+01,4.98952509e+01
2.00000000e+01,2.61872763e+01,3.54847453e+01,4.70713875e+01,6.06805510e+01
2.00000000e+01,2.61872749e+01,3.54851549e+01,4.70734893e+01,6.06848236e+01
2.00000000e+01,2.00286183e+01,2.01538224e+01,2.04676740e+01,2.10707466e+01
2.00000000e+01,2.00479380e+01,2.02410101e+01,2.06958800e+01,2.15291091e+01
2.00000000e+01,2.00286178e+01,2.01538288e+01,2.04677342e+01,2.10709189e+01
2.00000000e+01,2.00286187e+01,2.01538255e+01,2.04676959e+01,2.10708091e+01
2.00000000e+01,2.00340014e+01,2.01791769e+01,2.05366293e+01,2.12141874e+01
2.00000000e+01,2.00479378e+01,2.02410096e+01,2.06958826e+01,2.15291232e+01
2.00000000e+01,2.00479379e+01,2.02410101e+01,2.06958813e+01,2.15291148e+01
2.00000000e+01,2.01182141e+01,2.05305132e+01,2.13989185e+01,2.28530543e+01
2.00000000e+01,2.00737941e+01,2.03509680e+01,2.09693911e+01,2.20540425e+01
2.00000000e+01,2.01182141e+01,2.05305022e+01,2.13988477e+01,2.28528854e+01
2.00000000e+01,2.01182142e+01,2.05305097e+01,2.13988941e+01,2.28529950e+01
2.00000000e+01,2.03141470e+01,2.12506341e+01,2.30040585e+01,2.56794816e+01
2.00000000e+01,2.01920263e+01,2.08127512e+01,2.20462027e+01,2.40177270e+01
2.00000000e+01,2.03141464e+01,2.12506148e+01,2.30039537e+01,2.56792487e+01
2.00000000e+01,2.03141471e+01,2.12506276e+01,2.30040214e+01,2.56794004e+01
2.00000000e+01,2.08440031e+01,2.29449747e+01,2.64213253e+01,3.12557407e+01
2.00000000e+01,2.05143739e+01,2.19216401e+01,2.44011417e+01,2.80131655e+01
2.00000000e+01,2.08440025e+01,2.29449228e+01,2.64210671e+01,3.12551995e+01
2.00000000e+01,2.08440031e+01,2.29449650e+01,2.64212796e+01,3.12556445e+01
2.00000000e+01,2.22709890e+01,2.68128711e+01,3.34079935e+01,4.17692558e+01
2.00000000e+01,2.13834738e+01,2.44908692e+01,2.93109652e+01,3.57102518e+01
2.00000000e+01,2.22709889e+01,2.68125771e+01,3.34064602e+01,4.17660781e+01
2.00000000e+01,2.22709893e+01,2.68127755e+01,3.34074926e+01,4.17682205e+01
2.00000000e+01,2.61872746e+01,3.54874374e+01,4.70849267e+01,6.07075231e+01
2.00000000e+01,2.37228936e+01,3.02622193e+01,3.91479323e+01,4.99095057e+01
2.00000000e+01,2.61872745e+01,3.54862999e+01,4.70792633e+01,6.06963948e+01
2.00000000e+01,2.61872744e+01,3.54870394e+01,4.70829427e+01,6.07036263e+01
2.00000000e+01,2.00286192e+01,2.01538052e+01,2.04675188e+01,2.10703043e+01
2.00000000e+01,2.00479383e+01,2.02410161e+01,2.06959164e+01,2.15291922e+01
2.00000000e+01,2.00286189e+01,2.01538152e+01,2.04676070e+01,2.10705543e+01
2.00000000e+01,2.00286190e+01,2.01538088e+01,2.04675513e+01,2.10703954e+01
2.00000000e+01,2.00340016e+01,2.01791638e+01,2.05365175e+01,2.12138710e+01
2.00000000e+01,2.00479381e+01,2.02410120e+01,2.06958897e+01,2.15291279e+01
2.00000000e+01,2.00479384e+01,2.02410152e+01,2.06959083e+01,2.15291724e+01
2.00000000e+01,2.01182144e+01,2.05305344e+01,2.13990518e+01,2.28533698e+01
2.00000000e+01,2.00737941e+01,2.03509822e+01,2.09694853e+01,2.20542712e+01
2.00000000e+01,2.01182142e+01,2.05305243e+01,2.13989902e+01,2.28532262e+01
2.00000000e+01,2.01182145e+01,2.05305322e+01,2.13990357e+01,2.28533318e+01
2.00000000e+01,2.03141471e+01,2.12506597e+01,2.30042059e+01,2.56798133e+01
2.00000000e+01,2.01920267e+01,2.08127747e+01,2.20463451e+01,2.40180584e+01
2.00000000e+01,2.03141471e+01,2.12506506e+01,2.30041511e+01,2.56796857e+01
2.00000000e+01,2.03141472e+01,2.12506574e+01,2.30041909e+01,2.56797790e+01
2.00000000e+01,2.08440024e+01,2.29450644e+01,2.64217732e+01,3.12566424e+01
2.00000000e+01,2.05143740e+01,2.19216846e+01,2.44013676e+01,2.80136328e+01
2.00000000e+01,2.08440027e+01,2.29450138e+01,2.64215217e+01,3.12561437e+01
2.00000000e+01,2.08440026e+01,2.29450560e+01,2.64217342e+01,3.12565688e+01
2.00000000e+01,2.22709882e+01,2.68132107e+01,3.34097662e+01,4.17729856e+01
2.00000000e+01,2.13834735e+01,2.44910079e+01,2.93116554e+01,3.57116987e+01
2.00000000e+01,2.22709886e+01,2.68130968e+01,3.34091673e+01,4.17716982e+01
2.00000000e+01,2.22709886e+01,2.68131909e+01,3.34096572e+01,4.17727451e+01
2.00000000e+01,2.61872748e+01,3.54909620e+01,4.71020975e+01,6.07402278e+01
2.00000000e+01,2.37228934e+01,3.02642638e+01,3.91581278e+01,4.99292362e+01
2.00000000e+01,2.61872747e+01,3.54889636e+01,4.70924001e+01,6.07219008e+01
2.00000000e+01,2.61872742e+01,3.54902868e+01,4.70988214e+01,6.07340738e+01
2.00000000e+01,2.00286187e+01,2.01537777e+01,2.04672935e+01,2.10696620e+01
2.00000000e+01,2.00479385e+01,2.02410230e+01,2.06959633e+01,2.15293097e+01
2.00000000e+01,2.00286190e+01,2.01537938e+01,2.04674256e+01,2.10700368e+01
2.00000000e+01,2.00286186e+01,2.01537778e+01,2.04672969e+01,2.10696713e+01
2.00000000e+01,2.00340017e+01,2.01791572e+01,2.05364619e+01,2.12137127e+01
2.00000000e+01,2.00479384e+01,2.02410174e+01,2.06959211e+01,2.15291983e+01
2.00000000e+01,2.00479381e+01,2.02410219e+01,2.06959583e+01,2.15292965e+01
2.00000000e+01,2.01182150e+01,2.05305467e+01,2.13991284e+01,2.28535536e+01
2.00000000e+01,2.00737943e+01,2.03509889e+01,2.09695295e+01,2.20543790e+01
2.00000000e+01,2.01182147e+01,2.05305419e+01,2.13991035e+01,2.28535015e+01
2.00000000e+01,2.01182147e+01,2.05305470e+01,2.13991317e+01,2.28535624e+01
2.00000000e+01,2.03141476e+01,2.12506695e+01,2.30042552e+01,2.56799242e+01
2.00000000e+01,2.01920265e+01,2.08127835e+01,2.20464004e+01,2.40181858e+01
2.00000000e+01,2.03141474e+01,2.12506771e+01,2.30042939e+01,2.56799898e+01
2.00000000e+01,2.03141477e+01,2.12506712e+01,2.30042635e+01,2.56799405e+01
2.00000000e+01,2.08440036e+01,2.29450874e+01,2.64218517e+01,3.12567747e+01
2.00000000e+01,2.05143739e+01,2.19217018e+01,2.44014565e+01,2.80138154e+01
2.00000000e+01,2.08440029e+01,2.29450373e+01,2.64216189e+01,3.12563512e+01
2.00000000e+01,2.08440034e+01,2.29450817e+01,2.64218238e+01,3.12567222e+01
2.00000000e+01,2.22709890e+01,2.68133698e+01,3.34104468e+01,4.17742787e+01
2.00000000e+01,2.13834738e+01,2.44910802e+01,2.93119996e+01,3.57123797e+01
2.00000000e+01,2.22709885e+01,2.68135313e+01,3.34113132e+01,4.17759186e+01
2.00000000e+01,2.22709895e+01,2.68134070e+01,3.34106320e+01,4.17746355e+01
2.00000000e+01,2.61872750e+01,3.54979169e+01,4.71353974e+01,6.08010983e+01
2.00000000e+01,2.37228937e+01,3.02656338e+01,3.91649060e+01,4.99419326e+01
2.00000000e+01,2.61872749e+01,3.54938456e+01,4.71159757e+01,6.07658753e+01
2.00000000e+01,2.61872751e+01,3.54978073e+01,4.71348831e+01,6.08001957e+01
2.00000000e+01,2.00286181e+01,2.01538294e+01,2.04677320e+01,2.10709127e+01
2.00000000e+01,2.00479385e+01,2.02410109e+01,2.06958835e+01,2.15291252e+01
2.00000000e+01,2.00286180e+01,2.01538339e+01,2.04677733e+01,2.10710315e+01
2.00000000e+01,2.00286182e+01,2.01538331e+01,2.04677644e+01,2.10710059e+01
2.00000000e+01,2.00340012e+01,2.01791818e+01,2.05366733e+01,2.12143136e+01
2.00000000e+01,2.00479380e+01,2.02410103e+01,2.06958878e+01,2.15291423e+01
2.00000000e+01,2.00479380e+01,2.02410103e+01,2.06958875e+01,2.15291402e+01
2.00000000e+01,2.01182151e+01,2.05305043e+01,2.13988515e+01,2.28528945e+01
2.00000000e+01,2.00737940e+01,2.03509613e+01,2.09693476e+01,2.20539376e+01
2.00000000e+01,2.01182146e+01,2.05304942e+01,2.13987931e+01,2.28527546e+01
2.00000000e+01,2.01182143e+01,2.05304961e+01,2.13988066e+01,2.28527869e+01
2.00000000e+01,2.03141466e+01,2.12506162e+01,2.30039578e+01,2.56792575e+01
2.00000000e+01,2.01920265e+01,2.08127372e+01,2.20461151e+01,2.40175234e+01
2.00000000e+01,2.03141459e+01,2.12505987e+01,2.30038649e+01,2.56790508e+01
2.00000000e+01,2.03141463e+01,2.12506029e+01,2.30038866e+01,2.56790994e+01
2.00000000e+01,2.08440029e+01,2.29449210e+01,2.64210556e+01,3.12551779e+01
2.00000000e+01,2.05143739e+01,2.19216139e+01,2.44010058e+01,2.80128774e+01
2.00000000e+01,2.08440035e+01,2.29448815e+01,2.64208506e+01,3.12547391e+01
2.00000000e+01,2.08440029e+01,2.29448921e+01,2.64209085e+01,3.12548638e+01
2.00000000e+01,2.22709892e+01,2.68125806e+01,3.34064791e+01,4.17661223e+01
2.00000000e+01,2.13834741e+01,2.44907738e+01,2.93104705e+01,3.57091983e+01
2.00000000e+01,2.22709884e+01,2.68123450e+01,3.34052427e+01,4.17635319e+01
2.00000000e+01,2.22709889e+01,2.68123986e+01,3.34055232e+01,4.17641226e+01
2.00000000e+01,2.61872752e+01,3.54863294e+01,4.70794102e+01,6.06966859e+01
2.00000000e+01,2.37228940e+01,3.02614817e+01,3.91441760e+01,4.99019967e+01
2.00000000e+01,2.61872763e+01,3.54855807e+01,4.70756356e+01,6.06891547e+01
2.00000000e+01,2.61872747e+01,3.54857417e+01,4.70764566e+01,6.06907981e+01
2.00000000e+01,2.00286181e+01,2.01538166e+01,2.04676281e+01,2.10706153e+01
2.00000000e+01,2.00479385e+01,2.02410114e+01,2.06958820e+01,2.15291096e+01
2.00000000e+01,2.00286181e+01,2.01538236e+01,2.04676857e+01,2.10707793e+01
2.00000000e+01,2.00286184e+01,2.01538215e+01,2.04676651e+01,2.10707205e+01
2.00000000e+01,2.00340014e+01,2.01791727e+01,2.05365938e+01,2.12140862e+01
2.00000000e+01,2.00479386e+01,2.02410109e+01,2.06958800e+01,2.15291101e+01
2.00000000e+01,2.00479382e+01,2.02410107e+01,2.06958815e+01,2.15291117e+01
2.00000000e+01,2.01182151e+01,2.05305222e+01,2.13989672e+01,2.28531703e+01
2.00000000e+01,2.00737941e+01,2.03509731e+01,2.09694246e+01,2.20541238e+01
2.00000000e+01,2.01182152e+01,2.05305134e+01,2.13989097e+01,2.28530335e+01
2.00000000e+01,2.01182146e+01,2.05305159e+01,2.13989300e+01,2.28530808e+01
2.00000000e+01,2.03141468e+01,2.12506457e+01,2.30041236e+01,2.56796252e+01
2.00000000e+01,2.01920264e+01,2.08127609e+01,2.20462603e+01,2.40178601e+01
2.00000000e+01,2.03141467e+01,2.12506318e+01,2.30040451e+01,2.56794510e+01
2.00000000e+01,2.03141471e+01,2.12506368e+01,2.30040721e+01,2.56795123e+01
2.00000000e+01,2.08440040e+01,2.29450076e+01,2.64214845e+01,3.12560678e+01
2.00000000e+01,2.05143742e+01,2.19216566e+01,2.44012236e+01,2.80133379e+01
2.00000000e+01,2.08440032e+01,2.29449649e+01,2.64212763e+01,3.12556391e+01
2.00000000e+01,2.08440031e+01,2.29449893e+01,2.64214010e+01,3.12558958e+01
2.00000000e+01,2.22709892e+01,2.68130586e+01,3.34089644e+01,4.17712522e+01
2.00000000e+01,2.13834747e+01,2.44909316e+01,2.93112727e+01,3.57108955e+01
2.00000000e+01,2.22709892e+01,2.68128292e+01,3.34077746e+01,4.17688032e+01
2.00000000e+01,2.22709889e+01,2.68129190e+01,3.34082406e+01,4.17697642e+01
2.00000000e+01,2.61872740e+01,3.54884225e+01,4.70897732e+01,6.07168901e+01
2.00000000e+01,2.37228937e+01,3.02628309e+01,3.91510144e+01,4.99155689e+01
2.00000000e+01,2.61872743e+01,3.54872636e+01,4.70840576e+01,6.07058178e+01
2.00000000e+01,2.61872741e+01,3.54876852e+01,4.70861355e+01,6.07098477e+01
2.00000000e+01,2.00286189e+01,2.01538008e+01,2.04674877e+01,2.10702153e+01
2.00000000e+01,2.00479381e+01,2.02410172e+01,2.06959252e+01,2.15292136e+01
2.00000000e+01,2.00286185e+01,2.01538096e+01,2.04675660e+01,2.10704372e+01
2.00000000e+01,2.00286189e+01,2.01538061e+01,2.04675300e+01,2.10703341e+01
2.00000000e+01,2.00340016e+01,2.01791616e+01,2.05365005e+01,2.12138231e+01
2.00000000e+01,2.00479383e+01,2.02410134e+01,2.06958963e+01,2.15291418e+01
2.00000000e+01,2.00479384e+01,2.02410161e+01,2.06959141e+01,2.15291860e+01
2.00000000e+01,2.01182148e+01,2.05305380e+01,2.13990714e+01,2.28534172e+01
2.00000000e+01,2.00737941e+01,2.03509841e+01,2.09694984e+01,2.20543034e+01
2.00000000e+01,2.01182150e+01,2.05305308e+01,2.13990244e+01,2.28533080e+01
2.00000000e+01,2.01182146e+01,2.05305346e+01,2.13990509e+01,2.28533686e+01
2.00000000e+01,2.03141481e+01,2.12506654e+01,2.30042284e+01,2.56798613e+01
2.00000000e+01,2.01920266e+01,2.08127781e+01,2.20463649e+01,2.40181032e+01
2.00000000e+01,2.03141474e+01,2.12506589e+01,2.30041933e+01,2.56797779e+01
2.00000000e+01,2.03141475e+01,2.12506615e+01,2.30042103e+01,2.56798201e+01
2.00000000e+01,2.08440042e+01,2.29450705e+01,2.64217858e+01,3.12566677e+01
2.00000000e+01,2.05143742e+01,2.19216885e+01,2.44013847e+01,2.80136691e+01
2.00000000e+01,2.08440043e+01,2.29450323e+01,2.64216004e+01,3.12563040e+01
2.00000000e+01,2.08440033e+01,2.29450594e+01,2.64217434e+01,3.12565883e+01
2.00000000e+01,2.22709885e+01,2.68132605e+01,3.34100043e+01,4.17734601e+01
2.00000000e+01,2.13834742e+01,2.44910346e+01,2.93117801e+01,3.57119432e+01
2.00000000e+01,2.22709888e+01,2.68132154e+01,3.34097690e+01,4.17729189e+01
2.00000000e+01,2.22709886e+01,2.68132371e+01,3.34098845e+01,4.17731982e+01
2.00000000e+01,2.61872741e+01,3.54918329e+01,4.71062965e+01,6.07480532e+01
2.00000000e+01,2.37228932e+01,3.02645938e+01,3.91597676e+01,4.99323675e+01
2.00000000e+01,2.61872743e+01,3.54899371e+01,4.70971393e+01,6.07308950e+01
2.00000000e+01,2.61872738e+01,3.54908707e+01,4.71016438e+01,6.07393651e+01
2.00000000e+01,2.00286192e+01,2.01537780e+01,2.04672929e+01,2.10696598e+01
2.00000000e+01,2.00479388e+01,2.02410231e+01,2.06959619e+01,2.15293058e+01
2.00000000e+01,2.00286191e+01,2.01537912e+01,2.04674046e+01,2.10699772e+01
2.00000000e+01,2.00286193e+01,2.01537787e+01,2.04672961e+01,2.10696687e+01
2.00000000e+01,2.00340014e+01,2.01791573e+01,2.05364678e+01,2.12137288e+01
2.00000000e+01,2.00479384e+01,2.02410186e+01,2.06959295e+01,2.15292199e+01
2.00000000e+01,2.00479386e+01,2.02410227e+01,2.06959589e+01,2.15292976e+01
2.00000000e+01,2.01182148e+01,2.05305463e+01,2.13991275e+01,2.28535526e+01
2.00000000e+01,2.00737940e+01,2.03509879e+01,2.09695260e+01,2.20543702e+01
2.00000000e+01,2.01182147e+01,2.05305429e+01,2.13991091e+01,2.28535146e+01
2.00000000e+01,2.01182152e+01,2.05305474e+01,2.13991304e+01,2.28535602e+01
2.00000000e+01,2.03141474e+01,2.12506706e+01,2.30042617e+01,2.56799355e+01
2.00000000e+01,2.01920264e+01,2.08127843e+01,2.20464040e+01,2.40181929e+01
2.00000000e+01,2.03141478e+01,2.12506781e+01,2.30042954e+01,2.56799940e+01
2.00000000e+01,2.03141479e+01,2.12506723e+01,2.30042677e+01,2.56799476e+01
2.00000000e+01,2.08440034e+01,2.29450797e+01,2.64218144e+01,3.12567035e+01
2.00000000e+01,2.05143744e+01,2.19217004e+01,2.44014442e+01,2.80137919e+01
2.00000000e+01,2.08440038e+01,2.29450433e+01,2.64216401e+01,3.12563897e+01
2.00000000e+01,2.08440031e+01,2.29450764e+01,2.64217991e+01,3.12566752e+01
2.00000000e+01,2.22709865e+01,2.68133996e+01,3.34106067e+01,4.17745672e+01
2.00000000e+01,2.13834744e+01,2.44910956e+01,2.93120739e+01,3.57125213e+01
2.00000000e+01,2.22709874e+01,2.68135176e+01,3.34112426e+01,4.17757826e+01
2.00000000e+01,2.22709878e+01,2.68134230e+01,3.34107161e+01,4.17747826e+01
2.00000000e+01,2.61872731e+01,3.54979787e+01,4.71357087e+01,6.08016573e+01
2.00000000e+01,2.37228938e+01,3.02655373e+01,3.91644446e+01,4.99410890e+01
2.00000000e+01,2.61872739e+01,3.54944608e+01,4.71189240e+01,6.07712702e+01
2.00000000e+01,2.61872726e+01,3.54978648e+01,4.71351747e+01,6.08007212e+01
2.00000000e+01,2.00286182e+01,2.01538350e+01,2.04677806e+01,2.10710531e+01
2.00000000e+01,2.00479380e+01,2.02410104e+01,2.06958897e+01,2.15291488e+01
2.00000000e+01,2.00286180e+01,2.01538394e+01,2.04678198e+01,2.10711669e+01
2.00000000e+01,2.00286184e+01,2.01538334e+01,2.04677644e+01,2.10710059e+01
2.00000000e+01,2.00340013e+01,2.01791869e+01,2.05367138e+01,2.12144306e+01
2.00000000e+01,2.00479379e+01,2.02410106e+01,2.06958960e+01,2.15291719e+01
2.00000000e+01,2.00479382e+01,2.02410107e+01,2.06958876e+01,2.15291402e+01
2.00000000e+01,2.01182148e+01,2.05304924e+01,2.13987800e+01,2.28527239e+01
2.00000000e+01,2.00737937e+01,2.03509550e+01,2.09693088e+01,2.20538447e+01
2.00000000e+01,2.01182148e+01,2.05304825e+01,2.13987161e+01,2.28525706e+01
2.00000000e+01,2.01182146e+01,2.05304966e+01,2.13988067e+01,2.28527869e+01
2.00000000e+01,2.03141472e+01,2.12505967e+01,2.30038456e+01,2.56790071e+01
2.00000000e+01,2.01920267e+01,2.08127221e+01,2.20460226e+01,2.40173085e+01
2.00000000e+01,2.03141474e+01,2.12505774e+01,2.30037339e+01,2.56787576e+01
2.00000000e+01,2.03141469e+01,2.12506038e+01,2.30038866e+01,2.56790994e+01
2.00000000e+01,2.08440025e+01,2.29448675e+01,2.64207832e+01,3.12545969e+01
2.00000000e+01,2.05143738e+01,2.19215839e+01,2.44008494e+01,2.80125418e+01
2.00000000e+01,2.08440033e+01,2.29448218e+01,2.64205368e+01,3.12540606e+01
2.00000000e+01,2.08440035e+01,2.29448929e+01,2.64209085e+01,3.12548639e+01
2.00000000e+01,2.22709894e+01,2.68122864e+01,3.34049296e+01,4.17628793e+01
2.00000000e+01,2.13834740e+01,2.44906631e+01,2.93098922e+01,3.57079583e+01
2.00000000e+01,2.22709897e+01,2.68120358e+01,3.34035923e+01,4.17600407e+01
2.00000000e+01,2.22709895e+01,2.68123995e+01,3.34055233e+01,4.17641227e+01
2.00000000e+01,2.61872749e+01,3.54854216e+01,4.70748455e+01,6.06875723e+01
2.00000000e+01,2.37228934e+01,3.02608354e+01,3.91408538e+01,4.98952510e+01
2.00000000e+01,2.61872765e+01,3.54847452e+01,4.70713877e+01,6.06805511e+01
2.00000000e+01,2.61872751e+01,3.54857426e+01,4.70764567e+01,6.06907982e+01
2.00000000e+01,2.00286183e+01,2.01538225e+01,2.04676740e+01,2.10707466e+01
2.00000000e+01,2.00479382e+01,2.02410104e+01,2.06958800e+01,2.15291091e+01
2.00000000e+01,2.00286181e+01,2.01538294e+01,2.04677343e+01,2.10709189e+01
2.00000000e+01,2.00286184e+01,2.01538216e+01,2.04676651e+01,2.10707205e+01
2.00000000e+01,2.00340015e+01,2.01791771e+01,2.05366293e+01,2.12141874e+01
2.00000000e+01,2.00479381e+01,2.02410100e+01,2.06958826e+01,2.15291232e+01
2.00000000e+01,2.00479382e+01,2.02410107e+01,2.06958815e+01,2.15291117e+01
2.00000000e+01,2.01182141e+01,2.05305132e+01,2.13989186e+01,2.28530544e+01
2.00000000e+01,2.00737944e+01,2.03509685e+01,2.09693912e+01,2.20540426e+01
2.00000000e+01,2.01182143e+01,2.05305024e+01,2.13988478e+01,2.28528854e+01
2.00000000e+01,2.01182147e+01,2.05305159e+01,2.13989301e+01,2.28530809e+01
2.00000000e+01,2.03141469e+01,2.12506340e+01,2.30040587e+01,2.56794818e+01
2.00000000e+01,2.01920268e+01,2.08127520e+01,2.20462028e+01,2.40177271e+01
2.00000000e+01,2.03141469e+01,2.12506155e+01,2.30039539e+01,2.56792488e+01
2.00000000e+01,2.03141472e+01,2.12506369e+01,2.30040722e+01,2.56795124e+01
2.00000000e+01,2.08440035e+01,2.29449750e+01,2.64213255e+01,3.12557408e+01
2.00000000e+01,2.05143742e+01,2.19216406e+01,2.44011419e+01,2.80131656e+01
2.00000000e+01,2.08440032e+01,2.29449236e+01,2.64210673e+01,3.12551996e+01
2.00000000e+01,2.08440031e+01,2.29449891e+01,2.64214011e+01,3.12558959e+01
2.00000000e+01,2.22709892e+01,2.68128713e+01,3.34079938e+01,4.17692560e+01
2.00000000e+01,2.13834744e+01,2.44908702e+01,2.93109654e+01,3.57102519e+01
2.00000000e+01,2.22709894e+01,2.68125780e+01,3.34064604e+01,4.17660783e+01
2.00000000e+01,2.22709887e+01,2.68129187e+01,3.34082408e+01,4.17697643e+01
2.00000000e+01,2.61872738e+01,3.54874367e+01,4.70849270e+01,6.07075232e+01
2.00000000e+01,2.37228942e+01,3.02622204e+01,3.91479326e+01,4.99095058e+01
2.00000000e+01,2.61872742e+01,3.54862998e+01,4.70792636e+01,6.06963949e+01
2.00000000e+01,2.61872742e+01,3.54876853e+01,4.70861357e+01,6.07098477e+01
2.00000000e+01,2.00286192e+01,2.01538050e+01,2.04675188e+01,2.10703043e+01
2.00000000e+01,2.00479385e+01,2.02410165e+01,2.06959164e+01,2.15291922e+01
2.00000000e+01,2.00286188e+01,2.01538151e+01,2.04676070e+01,2.10705543e+01
2.00000000e+01,2.00286190e+01,2.01538061e+01,2.04675300e+01,2.10703341e+01
2.00000000e+01,2.00340016e+01,2.01791638e+01,2.05365175e+01,2.12138710e+01
2.00000000e+01,2.00479383e+01,2.02410124e+01,2.06958897e+01,2.15291279e+01
2.00000000e+01,2.00479385e+01,2.02410162e+01,2.06959141e+01,2.15291861e+01
2.00000000e+01,2.01182150e+01,2.05305354e+01,2.13990519e+01,2.28533699e+01
2.00000000e+01,2.00737942e+01,2.03509824e+01,2.09694853e+01,2.20542713e+01
2.00000000e+01,2.01182145e+01,2.05305248e+01,2.13989903e+01,2.28532263e+01
2.00000000e+01,2.01182149e+01,2.05305351e+01,2.13990510e+01,2.28533686e+01
2.00000000e+01,2.03141474e+01,2.12506604e+01,2.30042061e+01,2.56798134e+01
2.00000000e+01,2.01920269e+01,2.08127752e+01,2.20463452e+01,2.40180584e+01
2.00000000e+01,2.03141471e+01,2.12506508e+01,2.30041513e+01,2.56796858e+01
2.00000000e+01,2.03141478e+01,2.12506621e+01,2.30042104e+01,2.56798202e+01
2.00000000e+01,2.08440024e+01,2.29450645e+01,2.64217735e+01,3.12566425e+01
2.00000000e+01,2.05143744e+01,2.19216853e+01,2.44013678e+01,2.80136330e+01
2.00000000e+01,2.08440029e+01,2.29450139e+01,2.64215219e+01,3.12561438e+01
2.00000000e+01,2.08440035e+01,2.29450598e+01,2.64217436e+01,3.12565883e+01
2.00000000e+01,2.22709886e+01,2.68132116e+01,3.34097665e+01,4.17729858e+01
2.00000000e+01,2.13834740e+01,2.44910087e+01,2.93116558e+01,3.57116988e+01
2.00000000e+01,2.22709893e+01,2.68130978e+01,3.34091676e+01,4.17716984e+01
2.00000000e+01,2.22709888e+01,2.68132375e+01,3.34098847e+01,4.17731983e+01
2.00000000e+01,2.61872763e+01,3.54909644e+01,4.71020979e+01,6.07402280e+01
2.00000000e+01,2.37228940e+01,3.02642649e+01,3.91581282e+01,4.99292363e+01
2.00000000e+01,2.61872748e+01,3.54889640e+01,4.70924004e+01,6.07219009e+01
2.00000000e+01,2.61872747e+01,3.54908721e+01,4.71016440e+01,6.07393652e+01
2.00000000e+01,2.00286187e+01,2.01537774e+01,2.04672935e+01,2.10696620e+01
2.00000000e+01,2.00479385e+01,2.02410228e+01,2.06959633e+01,2.15293097e+01
2.00000000e+01,2.00286189e+01,2.01537935e+01,2.04674256e+01,2.10700368e+01
2.00000000e+01,2.00286192e+01,2.01537785e+01,2.04672961e+01,2.10696688e+01
2.00000000e+01,2.00340018e+01,2.01791573e+01,2.05364619e+01,2.12137127e+01
2.00000000e+01,2.00479385e+01,2.02410174e+01,2.06959211e+01,2.15291983e+01
2.00000000e+01,2.00479386e+01,2.02410226e+01,2.06959589e+01,2.15292976e+01
2.00000000e+01,2.01182141e+01,2.05305456e+01,2.13991285e+01,2.28535537e+01
2.00000000e+01,2.00737944e+01,2.03509890e+01,2.09695296e+01,2.20543790e+01
2.00000000e+01,2.01182145e+01,2.05305418e+01,2.13991035e+01,2.28535015e+01
2.00000000e+01,2.01182150e+01,2.05305472e+01,2.13991305e+01,2.28535602e+01
2.00000000e+01,2.03141473e+01,2.12506691e+01,2.30042554e+01,2.56799242e+01
2.00000000e+01,2.01920264e+01,2.08127836e+01,2.20464005e+01,2.40181859e+01
2.00000000e+01,2.03141473e+01,2.12506773e+01,2.30042941e+01,2.56799899e+01
2.00000000e+01,2.03141479e+01,2.12506724e+01,2.30042678e+01,2.56799476e+01
2.00000000e+01,2.08440047e+01,2.29450887e+01,2.64218521e+01,3.12567750e+01
2.00000000e+01,2.05143751e+01,2.19217035e+01,2.44014568e+01,2.80138156e+01
2.00000000e+01,2.08440036e+01,2.29450382e+01,2.64216192e+01,3.12563515e+01
2.00000000e+01,2.08440031e+01,2.29450764e+01,2.64217993e+01,3.12566753e+01
2.00000000e+01,2.22709878e+01,2.68133684e+01,3.34104471e+01,4.17742788e+01
2.00000000e+01,2.13834742e+01,2.44910810e+01,2.93120000e+01,3.57123799e+01
2.00000000e+01,2.22709879e+01,2.68135308e+01,3.34113135e+01,4.17759188e+01
2.00000000e+01,2.22709880e+01,2.68134233e+01,3.34107163e+01,4.17747827e+01
2.00000000e+01,2.61872760e+01,3.54979185e+01,4.71353979e+01,6.08010984e+01
2.00000000e+01,2.37228946e+01,3.02656358e+01,3.91649065e+01,4.99419328e+01
2.00000000e+01,2.61872763e+01,3.54938479e+01,4.71159761e+01,6.07658754e+01
2.00000000e+01,2.61872725e+01,3.54978645e+01,4.71351750e+01,6.08007213e+01
2.00000000e+01,2.00286184e+01,2.01538369e+01,2.04677969e+01,2.10711007e+01
2.00000000e+01,2.00479375e+01,2.02410096e+01,2.06958921e+01,2.15291579e+01
2.00000000e+01,2.00286181e+01,2.01538412e+01,2.04678351e+01,2.10712118e+01
2.00000000e+01,2.00286183e+01,2.01538368e+01,2.04677963e+01,2.10710987e+01
2.00000000e+01,2.00340013e+01,2.01791884e+01,2.05367277e+01,2.12144711e+01
2.00000000e+01,2.00479377e+01,2.02410104e+01,2.06958991e+01,2.15291830e+01
2.00000000e+01,2.00479377e+01,2.02410101e+01,2.06958927e+01,2.15291589e+01
2.00000000e+01,2.01182136e+01,2.05304863e+01,2.13987535e+01,2.28526606e+01
2.00000000e+01,2.00737936e+01,2.03509527e+01,2.09692957e+01,2.20538136e+01
2.00000000e+01,2.01182140e+01,2.05304768e+01,2.13986885e+01,2.28525048e+01
2.00000000e+01,2.01182141e+01,2.05304878e+01,2.13987562e+01,2.28526663e+01
2.00000000e+01,2.03141453e+01,2.12505859e+01,2.30038012e+01,2.56789079e+01
2.00000000e+01,2.01920262e+01,2.08127156e+01,2.20459868e+01,2.40172255e+01
2.00000000e+01,2.03141465e+01,2.12505669e+01,2.30036835e+01,2.56786447e+01
2.00000000e+01,2.03141466e+01,2.12505884e+01,2.30038038e+01,2.56789143e+01
2.00000000e+01,2.08440001e+01,2.29448433e+01,2.64206762e+01,3.12543661e+01
2.00000000e+01,2.05143732e+01,2.19215715e+01,2.44007877e+01,2.80124083e+01
2.00000000e+01,2.08440018e+01,2.29447967e+01,2.64204182e+01,3.12538013e+01
2.00000000e+01,2.08440021e+01,2.29448517e+01,2.64207051e+01,3.12544275e+01
2.00000000e+01,2.22709875e+01,2.68121760e+01,3.34043637e+01,4.17616845e+01
2.00000000e+01,2.13834736e+01,2.44906187e+01,2.93096617e+01,3.57074613e+01
2.00000000e+01,2.22709886e+01,2.68119251e+01,3.34030140e+01,4.17588051e+01
2.00000000e+01,2.22709887e+01,2.68121907e+01,3.34044273e+01,4.17618151e+01
2.00000000e+01,2.61872726e+01,3.54851216e+01,4.70733456e+01,6.06845436e+01
2.00000000e+01,2.37228933e+01,3.02606168e+01,3.91397225e+01,4.98929287e+01
2.00000000e+01,2.61872753e+01,3.54844779e+01,4.70700292e+01,6.06777646e+01
2.00000000e+01,2.61872741e+01,3.54851542e+01,4.70734896e+01,6.06848238e+01
2.00000000e+01,2.00286184e+01,2.01538246e+01,2.04676903e+01,2.10707934e+01
2.00000000e+01,2.00479383e+01,2.02410103e+01,2.06958797e+01,2.15291104e+01
2.00000000e+01,2.00286183e+01,2.01538316e+01,2.04677510e+01,2.10709674e+01
2.00000000e+01,2.00286186e+01,2.01538256e+01,2.04676959e+01,2.10708091e+01
2.00000000e+01,2.00340012e+01,2.01791782e+01,2.05366423e+01,2.12142246e+01
2.00000000e+01,2.00479381e+01,2.02410100e+01,2.06958840e+01,2.15291294e+01
2.00000000e+01,2.00479380e+01,2.02410102e+01,2.06958813e+01,2.15291148e+01
2.00000000e+01,2.01182150e+01,2.05305118e+01,2.13988996e+01,2.28530091e+01
2.00000000e+01,2.00737939e+01,2.03509660e+01,2.09693786e+01,2.20540121e+01
2.00000000e+01,2.01182145e+01,2.05304989e+01,2.13988240e+01,2.28528287e+01
2.00000000e+01,2.01182146e+01,2.05305103e+01,2.13988942e+01,2.28529950e+01
2.00000000e+01,2.03141486e+01,2.12506319e+01,2.30040323e+01,2.56794230e+01
2.00000000e+01,2.01920268e+01,2.08127482e+01,2.20461795e+01,2.40176730e+01
2.00000000e+01,2.03141470e+01,2.12506091e+01,2.30039170e+01,2.56791668e+01
2.00000000e+01,2.03141477e+01,2.12506287e+01,2.30040216e+01,2.56794005e+01
2.00000000e+01,2.08440050e+01,2.29449642e+01,2.64212575e+01,3.12555995e+01
2.00000000e+01,2.05143748e+01,2.19216348e+01,2.44011070e+01,2.80130917e+01
2.00000000e+01,2.08440022e+01,2.29449055e+01,2.64209810e+01,3.12550161e+01
2.00000000e+01,2.08440038e+01,2.29449662e+01,2.64212799e+01,3.12556447e+01
2.00000000e+01,2.22709924e+01,2.68128004e+01,3.34075987e+01,4.17684397e+01
2.00000000e+01,2.13834757e+01,2.44908473e+01,2.93108389e+01,3.57099847e+01
2.00000000e+01,2.22709899e+01,2.68124819e+01,3.34059535e+01,4.17650196e+01
2.00000000e+01,2.22709900e+01,2.68127767e+01,3.34074930e+01,4.17682207e+01
2.00000000e+01,2.61872772e+01,3.54871041e+01,4.70832568e+01,6.07042681e+01
2.00000000e+01,2.37228952e+01,3.02620016e+01,3.91468163e+01,4.99072912e+01
2.00000000e+01,2.61872745e+01,3.54859785e+01,4.70776521e+01,6.06931939e+01
2.00000000e+01,2.61872752e+01,3.54870410e+01,4.70829431e+01,6.07036265e+01
2.00000000e+01,2.00286189e+01,2.01538059e+01,2.04675300e+01,2.10703368e+01
2.00000000e+01,2.00479380e+01,2.02410151e+01,2.06959127e+01,2.15291836e+01
2.00000000e+01,2.00286186e+01,2.01538166e+01,2.04676218e+01,2.10705966e+01
2.00000000e+01,2.00286190e+01,2.01538087e+01,2.04675513e+01,2.10703954e+01
2.00000000e+01,2.00340014e+01,2.01791641e+01,2.05365245e+01,2.12138908e+01
2.00000000e+01,2.00479382e+01,2.02410117e+01,2.06958875e+01,2.15291235e+01
2.00000000e+01,2.00479384e+01,2.02410152e+01,2.06959083e+01,2.15291724e+01
2.00000000e+01,2.01182146e+01,2.05305336e+01,2.13990440e+01,2.28533511e+01
2.00000000e+01,2.00737940e+01,2.03509810e+01,2.09694790e+01,2.20542560e+01
2.00000000e+01,2.01182148e+01,2.05305233e+01,2.13989765e+01,2.28531934e+01
2.00000000e+01,2.01182148e+01,2.05305327e+01,2.13990358e+01,2.28533318e+01
2.00000000e+01,2.03141483e+01,2.12506600e+01,2.30041975e+01,2.56797946e+01
2.00000000e+01,2.01920268e+01,2.08127738e+01,2.20463375e+01,2.40180407e+01
2.00000000e+01,2.03141485e+01,2.12506498e+01,2.30041340e+01,2.56796477e+01
2.00000000e+01,2.03141478e+01,2.12506585e+01,2.30041912e+01,2.56797791e+01
2.00000000e+01,2.08440037e+01,2.29450635e+01,2.64217603e+01,3.12566159e+01
2.00000000e+01,2.05143744e+01,2.19216835e+01,2.44013583e+01,2.80136130e+01
2.00000000e+01,2.08440046e+01,2.29450092e+01,2.64214853e+01,3.12560685e+01
2.00000000e+01,2.08440034e+01,2.29450573e+01,2.64217346e+01,3.12565690e+01
2.00000000e+01,2.22709896e+01,2.68131940e+01,3.34096728e+01,4.17727959e+01
2.00000000e+01,2.13834745e+01,2.44910016e+01,2.93116195e+01,3.57116266e+01
2.00000000e+01,2.22709911e+01,2.68130512e+01,3.34089140e+01,4.17711810e+01
2.00000000e+01,2.22709892e+01,2.68131921e+01,3.34096576e+01,4.17727453e+01
2.00000000e+01,2.61872764e+01,3.54906513e+01,4.71005870e+01,6.07373993e+01
2.00000000e+01,2.37228944e+01,3.02641297e+01,3.91574535e+01,4.99279446e+01
2.00000000e+01,2.61872772e+01,3.54886266e+01,4.70907345e+01,6.07187172e+01
2.00000000e+01,2.61872757e+01,3.54902893e+01,4.70988220e+01,6.07340741e+01
2.00000000e+01,2.00286183e+01,2.01537766e+01,2.04672932e+01,2.10696617e+01
2.00000000e+01,2.00479381e+01,2.02410220e+01,2.06959630e+01,2.15293094e+01
2.00000000e+01,2.00286186e+01,2.01537939e+01,2.04674332e+01,2.10700587e+01
2.00000000e+01,2.00286187e+01,2.01537776e+01,2.04672969e+01,2.10696714e+01
2.00000000e+01,2.00340014e+01,2.01791562e+01,2.05364593e+01,2.12137060e+01
2.00000000e+01,2.00479381e+01,2.02410162e+01,2.06959173e+01,2.15291888e+01
2.00000000e+01,2.00479381e+01,2.02410217e+01,2.06959584e+01,2.15292965e+01
2.00000000e+01,2.01182136e+01,2.05305451e+01,2.13991290e+01,2.28535547e+01
2.00000000e+01,2.00737937e+01,2.03509883e+01,2.09695308e+01,2.20543822e+01
2.00000000e+01,2.01182140e+01,2.05305408e+01,2.13991013e+01,2.28534964e+01
2.00000000e+01,2.01182145e+01,2.05305466e+01,2.13991318e+01,2.28535625e+01
2.00000000e+01,2.03141470e+01,2.12506681e+01,2.30042525e+01,2.56799191e+01
2.00000000e+01,2.01920260e+01,2.08127828e+01,2.20463988e+01,2.40181824e+01
2.00000000e+01,2.03141477e+01,2.12506776e+01,2.30042931e+01,2.56799875e+01
2.00000000e+01,2.03141473e+01,2.12506708e+01,2.30042638e+01,2.56799406e+01
2.00000000e+01,2.08440040e+01,2.29450911e+01,2.64218690e+01,3.12568067e+01
2.00000000e+01,2.05143747e+01,2.19217042e+01,2.44014626e+01,2.80138264e+01
2.00000000e+01,2.08440036e+01,2.29450364e+01,2.64216109e+01,3.12563358e+01
2.00000000e+01,2.08440040e+01,2.29450824e+01,2.64218242e+01,3.12567224e+01
2.00000000e+01,2.22709875e+01,2.68133559e+01,3.34103898e+01,4.17741766e+01
2.00000000e+01,2.13834743e+01,2.44910746e+01,2.93119672e+01,3.57123178e+01
2.00000000e+01,2.22709881e+01,2.68135359e+01,3.34113412e+01,4.17759723e+01
2.00000000e+01,2.22709891e+01,2.68134069e+01,3.34106324e+01,4.17746358e+01
2.00000000e+01,2.61872762e+01,3.54978912e+01,4.71352658e+01,6.08008600e+01
2.00000000e+01,2.37228934e+01,3.02656745e+01,3.91651005e+01,4.99422861e+01
2.00000000e+01,2.61872766e+01,3.54936166e+01,4.71148686e+01,6.07638443e+01
2.00000000e+01,2.61872744e+01,3.54978067e+01,4.71348837e+01,6.08001960e+01
2.00000000e+01,2.00286185e+01,2.01538353e+01,2.04677805e+01,2.10710531e+01
2.00000000e+01,2.00479382e+01,2.02410106e+01,2.06958897e+01,2.15291488e+01
2.00000000e+01,2.00286179e+01,2.01538392e+01,2.04678197e+01,2.10711669e+01
2.00000000e+01,2.00286185e+01,2.01538370e+01,2.04677963e+01,2.10710987e+01
2.00000000e+01,2.00340013e+01,2.01791867e+01,2.05367137e+01,2.12144305e+01
2.00000000e+01,2.00479377e+01,2.02410103e+01,2.06958960e+01,2.15291719e+01
2.00000000e+01,2.00479377e+01,2.02410101e+01,2.06958926e+01,2.15291589e+01
2.00000000e+01,2.01182140e+01,2.05304916e+01,2.13987800e+01,2.28527239e+01
2.00000000e+01,2.00737934e+01,2.03509545e+01,2.09693087e+01,2.20538446e+01
2.00000000e+01,2.01182142e+01,2.05304816e+01,2.13987160e+01,2.28525706e+01
2.00000000e+01,2.01182135e+01,2.05304870e+01,2.13987561e+01,2.28526663e+01
2.00000000e+01,2.03141467e+01,2.12505960e+01,2.30038456e+01,2.56790071e+01
2.00000000e+01,2.01920263e+01,2.08127215e+01,2.20460225e+01,2.40173085e+01
2.00000000e+01,2.03141472e+01,2.12505769e+01,2.30037339e+01,2.56787576e+01
2.00000000e+01,2.03141460e+01,2.12505874e+01,2.30038038e+01,2.56789143e+01
2.00000000e+01,2.08440015e+01,2.29448663e+01,2.64207832e+01,3.12545970e+01
2.00000000e+01,2.05143738e+01,2.19215839e+01,2.44008494e+01,2.80125418e+01
2.00000000e+01,2.08440028e+01,2.29448209e+01,2.64205368e+01,3.12540607e+01
2.00000000e+01,2.08440011e+01,2.29448503e+01,2.64207051e+01,3.12544275e+01
2.00000000e+01,2.22709881e+01,2.68122846e+01,3.34049296e+01,4.17628794e+01
2.00000000e+01,2.13834737e+01,2.44906627e+01,2.93098922e+01,3.57079584e+01
2.00000000e+01,2.22709894e+01,2.68120351e+01,3.34035923e+01,4.17600407e+01
2.00000000e+01,2.22709879e+01,2.68121894e+01,3.34044273e+01,4.17618151e+01
2.00000000e+01,2.61872737e+01,3.54854198e+01,4.70748455e+01,6.06875723e+01
2.00000000e+01,2.37228932e+01,3.02608350e+01,3.91408538e+01,4.98952511e+01
2.00000000e+01,2.61872759e+01,3.54847442e+01,4.70713877e+01,6.06805511e+01
2.00000000e+01,2.61872733e+01,3.54851528e+01,4.70734896e+01,6.06848238e+01
2.00000000e+01,2.00286182e+01,2.01538223e+01,2.04676739e+01,2.10707466e+01
2.00000000e+01,2.00479383e+01,2.02410106e+01,2.06958799e+01,2.15291091e+01
2.00000000e+01,2.00286183e+01,2.01538295e+01,2.04677342e+01,2.10709189e+01
2.00000000e+01,2.00286186e+01,2.01538256e+01,2.04676959e+01,2.10708091e+01
2.00000000e+01,2.00340013e+01,2.01791768e+01,2.05366292e+01,2.12141874e+01
2.00000000e+01,2.00479383e+01,2.02410103e+01,2.06958825e+01,2.15291232e+01
2.00000000e+01,2.00479382e+01,2.02410104e+01,2.06958813e+01,2.15291148e+01
2.00000000e+01,2.01182144e+01,2.05305137e+01,2.13989185e+01,2.28530544e+01
2.00000000e+01,2.00737940e+01,2.03509679e+01,2.09693911e+01,2.20540425e+01
2.00000000e+01,2.01182143e+01,2.05305025e+01,2.13988477e+01,2.28528854e+01
2.00000000e+01,2.01182147e+01,2.05305106e+01,2.13988941e+01,2.28529950e+01
2.00000000e+01,2.03141474e+01,2.12506348e+01,2.30040587e+01,2.56794817e+01
2.00000000e+01,2.01920266e+01,2.08127517e+01,2.20462027e+01,2.40177271e+01
2.00000000e+01,2.03141470e+01,2.12506157e+01,2.30039539e+01,2.56792488e+01
2.00000000e+01,2.03141480e+01,2.12506292e+01,2.30040216e+01,2.56794005e+01
2.00000000e+01,2.08440034e+01,2.29449753e+01,2.64213255e+01,3.12557408e+01
2.00000000e+01,2.05143744e+01,2.19216409e+01,2.44011419e+01,2.80131656e+01
2.00000000e+01,2.08440026e+01,2.29449231e+01,2.64210673e+01,3.12551996e+01
2.00000000e+01,2.08440042e+01,2.29449669e+01,2.64212799e+01,3.12556447e+01
2.00000000e+01,2.22709901e+01,2.68128726e+01,3.34079938e+01,4.17692560e+01
2.00000000e+01,2.13834746e+01,2.44908705e+01,2.93109654e+01,3.57102519e+01
2.00000000e+01,2.22709894e+01,2.68125780e+01,3.34064605e+01,4.17660783e+01
2.00000000e+01,2.22709908e+01,2.68127780e+01,3.34074930e+01,4.17682207e+01
2.00000000e+01,2.61872746e+01,3.54874377e+01,4.70849270e+01,6.07075233e+01
2.00000000e+01,2.37228940e+01,3.02622202e+01,3.91479327e+01,4.99095058e+01
2.00000000e+01,2.61872741e+01,3.54862996e+01,4.70792636e+01,6.06963949e+01
2.00000000e+01,2.61872757e+01,3.54870417e+01,4.70829431e+01,6.07036266e+01
2.00000000e+01,2.00286191e+01,2.01538048e+01,2.04675187e+01,2.10703043e+01
2.00000000e+01,2.00479383e+01,2.02410158e+01,2.06959163e+01,2.15291922e+01
2.00000000e+01,2.00286187e+01,2.01538148e+01,2.04676069e+01,2.10705543e+01
2.00000000e+01,2.00286188e+01,2.01538084e+01,2.04675512e+01,2.10703954e+01
2.00000000e+01,2.00340015e+01,2.01791634e+01,2.05365174e+01,2.12138710e+01
2.00000000e+01,2.00479383e+01,2.02410121e+01,2.06958896e+01,2.15291278e+01
2.00000000e+01,2.00479382e+01,2.02410148e+01,2.06959082e+01,2.15291724e+01
2.00000000e+01,2.01182143e+01,2.05305343e+01,2.13990518e+01,2.28533698e+01
2.00000000e+01,2.00737940e+01,2.03509818e+01,2.09694852e+01,2.20542712e+01
2.00000000e+01,2.01182144e+01,2.05305246e+01,2.13989902e+01,2.28532262e+01
2.00000000e+01,2.01182144e+01,2.05305320e+01,2.13990358e+01,2.28533318e+01
2.00000000e+01,2.03141475e+01,2.12506603e+01,2.30042060e+01,2.56798133e+01
2.00000000e+01,2.01920269e+01,2.08127750e+01,2.20463452e+01,2.40180584e+01
2.00000000e+01,2.03141475e+01,2.12506512e+01,2.30041512e+01,2.56796858e+01
2.00000000e+01,2.03141477e+01,2.12506583e+01,2.30041912e+01,2.56797791e+01
2.00000000e+01,2.08440024e+01,2.29450644e+01,2.64217735e+01,3.12566425e+01
2.00000000e+01,2.05143744e+01,2.19216852e+01,2.44013678e+01,2.80136330e+01
2.00000000e+01,2.08440028e+01,2.29450139e+01,2.64215219e+01,3.12561439e+01
2.00000000e+01,2.08440034e+01,2.29450572e+01,2.64217346e+01,3.12565689e+01
2.00000000e+01,2.22709881e+01,2.68132107e+01,3.34097665e+01,4.17729858e+01
2.00000000e+01,2.13834738e+01,2.44910084e+01,2.93116557e+01,3.57116988e+01
2.00000000e+01,2.22709895e+01,2.68130979e+01,3.34091676e+01,4.17716984e+01
2.00000000e+01,2.22709892e+01,2.68131920e+01,3.34096576e+01,4.17727454e+01
2.00000000e+01,2.61872757e+01,3.54909637e+01,4.71020979e+01,6.07402281e+01
2.00000000e+01,2.37228940e+01,3.02642648e+01,3.91581282e+01,4.99292363e+01
2.00000000e+01,2.61872749e+01,3.54889643e+01,4.70924005e+01,6.07219010e+01
2.00000000e+01,2.61872754e+01,3.54902889e+01,4.70988220e+01,6.07340741e+01
2.00000000e+01,2.00286185e+01,2.01537770e+01,2.04672934e+01,2.10696619e+01
2.00000000e+01,2.00479379e+01,2.02410219e+01,2.06959632e+01,2.15293096e+01
2.00000000e+01,2.00286189e+01,2.01537933e+01,2.04674255e+01,2.10700367e+01
2.00000000e+01,2.00286182e+01,2.01537769e+01,2.04672968e+01,2.10696713e+01
2.00000000e+01,2.00340015e+01,2.01791566e+01,2.05364617e+01,2.12137127e+01
2.00000000e+01,2.00479381e+01,2.02410167e+01,2.06959209e+01,2.15291982e+01
2.00000000e+01,2.00479377e+01,2.02410210e+01,2.06959583e+01,2.15292965e+01
2.00000000e+01,2.01182143e+01,2.05305458e+01,2.13991284e+01,2.28535537e+01
2.00000000e+01,2.00737940e+01,2.03509882e+01,2.09695294e+01,2.20543790e+01
2.00000000e+01,2.01182142e+01,2.05305413e+01,2.13991034e+01,2.28535015e+01
2.00000000e+01,2.01182145e+01,2.05305466e+01,2.13991317e+01,2.28535625e+01
2.00000000e+01,2.03141482e+01,2.12506705e+01,2.30042554e+01,2.56799243e+01
2.00000000e+01,2.01920265e+01,2.08127836e+01,2.20464005e+01,2.40181859e+01
2.00000000e+01,2.03141478e+01,2.12506779e+01,2.30042940e+01,2.56799899e+01
2.00000000e+01,2.03141482e+01,2.12506719e+01,2.30042638e+01,2.56799406e+01
2.00000000e+01,2.08440041e+01,2.29450881e+01,2.64218520e+01,3.12567749e+01
2.00000000e+01,2.05143741e+01,2.19217021e+01,2.44014568e+01,2.80138156e+01
2.00000000e+01,2.08440034e+01,2.29450379e+01,2.64216192e+01,3.12563514e+01
2.00000000e+01,2.08440033e+01,2.29450815e+01,2.64218242e+01,3.12567224e+01
2.00000000e+01,2.22709876e+01,2.68133681e+01,3.34104471e+01,4.17742789e+01
2.00000000e+01,2.13834733e+01,2.44910796e+01,2.93119999e+01,3.57123799e+01
2.00000000e+01,2.22709876e+01,2.68135302e+01,3.34113135e+01,4.17759188e+01
2.00000000e+01,2.22709888e+01,2.68134061e+01,3.34106324e+01,4.17746358e+01
2.00000000e+01,2.61872765e+01,3.54979190e+01,4.71353979e+01,6.08010986e+01
2.00000000e+01,2.37228940e+01,3.02656346e+01,3.91649064e+01,4.99419328e+01
2.00000000e+01,2.61872760e+01,3.54938475e+01,4.71159761e+01,6.07658755e+01
2.00000000e+01,2.61872759e+01,3.54978087e+01,4.71348837e+01,6.08001960e+01
2.00000000e+01,2.00286180e+01,2.01538290e+01,2.04677319e+01,2.10709126e+01
2.00000000e+01,2.00479383e+01,2.02410106e+01,2.06958834e+01,2.15291251e+01
2.00000000e+01,2.00286178e+01,2.01538335e+01,2.04677731e+01,2.10710315e+01
2.00000000e+01,2.00286184e+01,2.01538333e+01,2.04677643e+01,2.10710059e+01
2.00000000e+01,2.00340011e+01,2.01791817e+01,2.05366732e+01,2.12143136e+01
2.00000000e+01,2.00479382e+01,2.02410105e+01,2.06958877e+01,2.15291422e+01
2.00000000e+01,2.00479382e+01,2.02410106e+01,2.06958875e+01,2.15291402e+01
2.00000000e+01,2.01182148e+01,2.05305037e+01,2.13988514e+01,2.28528945e+01
2.00000000e+01,2.00737938e+01,2.03509610e+01,2.09693475e+01,2.20539376e+01
2.00000000e+01,2.01182147e+01,2.05304943e+01,2.13987930e+01,2.28527546e+01
2.00000000e+01,2.01182143e+01,2.05304961e+01,2.13988066e+01,2.28527868e+01
2.00000000e+01,2.03141471e+01,2.12506167e+01,2.30039578e+01,2.56792575e+01
2.00000000e+01,2.01920265e+01,2.08127371e+01,2.20461151e+01,2.40175234e+01
2.00000000e+01,2.03141464e+01,2.12505993e+01,2.30038649e+01,2.56790508e+01
2.00000000e+01,2.03141469e+01,2.12506036e+01,2.30038866e+01,2.56790994e+01
2.00000000e+01,2.08440032e+01,2.29449213e+01,2.64210557e+01,3.12551780e+01
2.00000000e+01,2.05143739e+01,2.19216138e+01,2.44010058e+01,2.80128774e+01
2.00000000e+01,2.08440037e+01,2.29448818e+01,2.64208506e+01,3.12547391e+01
2.00000000e+01,2.08440032e+01,2.29448925e+01,2.64209085e+01,3.12548639e+01
2.00000000e+01,2.22709895e+01,2.68125811e+01,3.34064792e+01,4.17661224e+01
2.00000000e+01,2.13834741e+01,2.44907738e+01,2.93104705e+01,3.57091984e+01
2.00000000e+01,2.22709889e+01,2.68123457e+01,3.34052428e+01,4.17635320e+01
2.00000000e+01,2.22709892e+01,2.68123991e+01,3.34055234e+01,4.17641228e+01
2.00000000e+01,2.61872751e+01,3.54863294e+01,4.70794103e+01,6.06966860e+01
2.00000000e+01,2.37228939e+01,3.02614817e+01,3.91441760e+01,4.99019968e+01
2.00000000e+01,2.61872764e+01,3.54855810e+01,4.70756356e+01,6.06891548e+01
2.00000000e+01,2.61872745e+01,3.54857417e+01,4.70764567e+01,6.06907982e+01
2.00000000e+01,2.00286178e+01,2.01538160e+01,2.04676280e+01,2.10706153e+01
2.00000000e+01,2.00479383e+01,2.02410110e+01,2.06958819e+01,2.15291095e+01
2.00000000e+01,2.00286178e+01,2.01538231e+01,2.04676856e+01,2.10707792e+01
2.00000000e+01,2.00286183e+01,2.01538213e+01,2.04676650e+01,2.10707205e+01
2.00000000e+01,2.00340013e+01,2.01791725e+01,2.05365936e+01,2.12140862e+01
2.00000000e+01,2.00479384e+01,2.02410106e+01,2.06958799e+01,2.15291100e+01
2.00000000e+01,2.00479381e+01,2.02410106e+01,2.06958814e+01,2.15291116e+01
2.00000000e+01,2.01182147e+01,2.05305217e+01,2.13989671e+01,2.28531703e+01
2.00000000e+01,2.00737940e+01,2.03509730e+01,2.09694245e+01,2.20541238e+01
2.00000000e+01,2.01182148e+01,2.05305128e+01,2.13989096e+01,2.28530335e+01
2.00000000e+01,2.01182145e+01,2.05305157e+01,2.13989300e+01,2.28530808e+01
2.00000000e+01,2.03141471e+01,2.12506460e+01,2.30041236e+01,2.56796252e+01
2.00000000e+01,2.01920265e+01,2.08127609e+01,2.20462603e+01,2.40178600e+01
2.00000000e+01,2.03141472e+01,2.12506323e+01,2.30040451e+01,2.56794510e+01
2.00000000e+01,2.03141474e+01,2.12506371e+01,2.30040722e+01,2.56795124e+01
2.00000000e+01,2.08440037e+01,2.29450074e+01,2.64214846e+01,3.12560678e+01
2.00000000e+01,2.05143742e+01,2.19216566e+01,2.44012236e+01,2.80133380e+01
2.00000000e+01,2.08440032e+01,2.29449650e+01,2.64212764e+01,3.12556391e+01
2.00000000e+01,2.08440032e+01,2.29449894e+01,2.64214011e+01,3.12558959e+01
2.00000000e+01,2.22709895e+01,2.68130591e+01,3.34089645e+01,4.17712523e+01
2.00000000e+01,2.13834748e+01,2.44909317e+01,2.93112728e+01,3.57108956e+01
2.00000000e+01,2.22709895e+01,2.68128297e+01,3.34077747e+01,4.17688033e+01
2.00000000e+01,2.22709891e+01,2.68129193e+01,3.34082408e+01,4.17697644e+01
2.00000000e+01,2.61872733e+01,3.54884219e+01,4.70897732e+01,6.07168901e+01
2.00000000e+01,2.37228936e+01,3.02628309e+01,3.91510144e+01,4.99155690e+01
2.00000000e+01,2.61872739e+01,3.54872633e+01,4.70840577e+01,6.07058179e+01
2.00000000e+01,2.61872747e+01,3.54876860e+01,4.70861358e+01,6.07098478e+01
2.00000000e+01,2.00286189e+01,2.01538007e+01,2.04674875e+01,2.10702153e+01
2.00000000e+01,2.00479380e+01,2.02410169e+01,2.06959251e+01,2.15292135e+01
2.00000000e+01,2.00286183e+01,2.01538093e+01,2.04675659e+01,2.10704372e+01
2.00000000e+01,2.00286189e+01,2.01538058e+01,2.04675298e+01,2.10703341e+01
2.00000000e+01,2.00340015e+01,2.01791614e+01,2.05365004e+01,2.12138230e+01
2.00000000e+01,2.00479381e+01,2.02410130e+01,2.06958962e+01,2.15291417e+01
2.00000000e+01,2.00479384e+01,2.02410159e+01,2.06959140e+01,2.15291860e+01
2.00000000e+01,2.01182145e+01,2.05305375e+01,2.13990713e+01,2.28534171e+01
2.00000000e+01,2.00737940e+01,2.03509838e+01,2.09694983e+01,2.20543033e+01
2.00000000e+01,2.01182147e+01,2.05305303e+01,2.13990244e+01,2.28533080e+01
2.00000000e+01,2.01182146e+01,2.05305344e+01,2.13990509e+01,2.28533685e+01
2.00000000e+01,2.03141478e+01,2.12506650e+01,2.30042284e+01,2.56798613e+01
2.00000000e+01,2.01920265e+01,2.08127778e+01,2.20463649e+01,2.40181032e+01
2.00000000e+01,2.03141475e+01,2.12506589e+01,2.30041933e+01,2.56797779e+01
2.00000000e+01,2.03141476e+01,2.12506617e+01,2.30042104e+01,2.56798202e+01
2.00000000e+01,2.08440036e+01,2.29450697e+01,2.64217858e+01,3.12566677e+01
2.00000000e+01,2.05143741e+01,2.19216884e+01,2.44013847e+01,2.80136692e+01
2.00000000e+01,2.08440038e+01,2.29450318e+01,2.64216004e+01,3.12563040e+01
2.00000000e+01,2.08440031e+01,2.29450591e+01,2.64217436e+01,3.12565884e+01
2.00000000e+01,2.22709885e+01,2.68132604e+01,3.34100043e+01,4.17734602e+01
2.00000000e+01,2.13834743e+01,2.44910347e+01,2.93117801e+01,3.57119433e+01
2.00000000e+01,2.22709890e+01,2.68132155e+01,3.34097690e+01,4.17729190e+01
2.00000000e+01,2.22709886e+01,2.68132373e+01,3.34098847e+01,4.17731984e+01
2.00000000e+01,2.61872743e+01,3.54918332e+01,4.71062966e+01,6.07480533e+01
2.00000000e+01,2.37228934e+01,3.02645941e+01,3.91597677e+01,4.99323676e+01
2.00000000e+01,2.61872739e+01,3.54899367e+01,4.70971394e+01,6.07308951e+01
2.00000000e+01,2.61872745e+01,3.54908720e+01,4.71016441e+01,6.07393653e+01
2.00000000e+01,2.00286192e+01,2.01537779e+01,2.04672927e+01,2.10696597e+01
2.00000000e+01,2.00479389e+01,2.02410233e+01,2.06959618e+01,2.15293058e+01
2.00000000e+01,2.00286191e+01,2.01537911e+01,2.04674045e+01,2.10699771e+01
2.00000000e+01,2.00286192e+01,2.01537784e+01,2.04672960e+01,2.10696687e+01
2.00000000e+01,2.00340013e+01,2.01791570e+01,2.05364677e+01,2.12137288e+01
2.00000000e+01,2.00479385e+01,2.02410185e+01,2.06959294e+01,2.15292198e+01
2.00000000e+01,2.00479384e+01,2.02410223e+01,2.06959588e+01,2.15292976e+01
2.00000000e+01,2.01182144e+01,2.05305455e+01,2.13991274e+01,2.28535526e+01
2.00000000e+01,2.00737938e+01,2.03509876e+01,2.09695258e+01,2.20543701e+01
2.00000000e+01,2.01182144e+01,2.05305422e+01,2.13991091e+01,2.28535146e+01
2.00000000e+01,2.01182149e+01,2.05305469e+01,2.13991304e+01,2.28535602e+01
2.00000000e+01,2.03141465e+01,2.12506691e+01,2.30042617e+01,2.56799355e+01
2.00000000e+01,2.01920262e+01,2.08127839e+01,2.20464040e+01,2.40181929e+01
2.00000000e+01,2.03141471e+01,2.12506770e+01,2.30042953e+01,2.56799940e+01
2.00000000e+01,2.03141481e+01,2.12506726e+01,2.30042678e+01,2.56799476e+01
2.00000000e+01,2.08440033e+01,2.29450794e+01,2.64218144e+01,3.12567035e+01
2.00000000e+01,2.05143743e+01,2.19217002e+01,2.44014442e+01,2.80137919e+01
2.00000000e+01,2.08440034e+01,2.29450427e+01,2.64216401e+01,3.12563897e+01
2.00000000e+01,2.08440035e+01,2.29450769e+01,2.64217993e+01,3.12566753e+01
2.00000000e+01,2.22709869e+01,2.68134003e+01,3.34106068e+01,4.17745673e+01
2.00000000e+01,2.13834743e+01,2.44910954e+01,2.93120740e+01,3.57125214e+01
2.00000000e+01,2.22709875e+01,2.68135177e+01,3.34112426e+01,4.17757827e+01
2.00000000e+01,2.22709884e+01,2.68134239e+01,3.34107163e+01,4.17747828e+01
2.00000000e+01,2.61872738e+01,3.54979795e+01,4.71357089e+01,6.08016575e+01
2.00000000e+01,2.37228936e+01,3.02655372e+01,3.91644447e+01,4.99410891e+01
2.00000000e+01,2.61872744e+01,3.54944615e+01,4.71189242e+01,6.07712704e+01
2.00000000e+01,2.61872737e+01,3.54978664e+01,4.71351751e+01,6.08007214e+01
2.00000000e+01,2.00286176e+01,2.01538338e+01,2.04677805e+01,2.10710530e+01
2.00000000e+01,2.00479373e+01,2.02410092e+01,2.06958896e+01,2.15291487e+01
2.00000000e+01,2.00286180e+01,2.01538393e+01,2.04678197e+01,2.10711669e+01
2.00000000e+01,2.00286180e+01,2.01538327e+01,2.04677643e+01,2.10710059e+01
2.00000000e+01,2.00340011e+01,2.01791864e+01,2.05367137e+01,2.12144305e+01
2.00000000e+01,2.00479379e+01,2.02410107e+01,2.06958959e+01,2.15291719e+01
2.00000000e+01,2.00479378e+01,2.02410101e+01,2.06958874e+01,2.15291402e+01
2.00000000e+01,2.01182141e+01,2.05304912e+01,2.13987800e+01,2.28527239e+01
2.00000000e+01,2.00737935e+01,2.03509545e+01,2.09693087e+01,2.20538446e+01
2.00000000e+01,2.01182150e+01,2.05304828e+01,2.13987160e+01,2.28525705e+01
2.00000000e+01,2.01182142e+01,2.05304959e+01,2.13988066e+01,2.28527868e+01
2.00000000e+01,2.03141469e+01,2.12505959e+01,2.30038455e+01,2.56790071e+01
2.00000000e+01,2.01920266e+01,2.08127219e+01,2.20460225e+01,2.40173085e+01
2.00000000e+01,2.03141473e+01,2.12505773e+01,2.30037338e+01,2.56787576e+01
2.00000000e+01,2.03141470e+01,2.12506037e+01,2.30038866e+01,2.56790994e+01
2.00000000e+01,2.08440026e+01,2.29448675e+01,2.64207831e+01,3.12545969e+01
2.00000000e+01,2.05143742e+01,2.19215843e+01,2.44008494e+01,2.80125418e+01
2.00000000e+01,2.08440030e+01,2.29448214e+01,2.64205368e+01,3.12540606e+01
2.00000000e+01,2.08440037e+01,2.29448930e+01,2.64209085e+01,3.12548639e+01
2.00000000e+01,2.22709899e+01,2.68122868e+01,3.34049295e+01,4.17628793e+01
2.00000000e+01,2.13834744e+01,2.44906636e+01,2.93098921e+01,3.57079583e+01
2.00000000e+01,2.22709899e+01,2.68120360e+01,3.34035922e+01,4.17600407e+01
2.00000000e+01,2.22709898e+01,2.68123999e+01,3.34055233e+01,4.17641227e+01
2.00000000e+01,2.61872748e+01,3.54854212e+01,4.70748454e+01,6.06875723e+01
2.00000000e+01,2.37228936e+01,3.02608355e+01,3.91408537e+01,4.98952510e+01
2.00000000e+01,2.61872758e+01,3.54847444e+01,4.70713876e+01,6.06805511e+01
2.00000000e+01,2.61872748e+01,3.54857422e+01,4.70764566e+01,6.06907982e+01
2.00000000e+01,2.00286186e+01,2.01538228e+01,2.04676739e+01,2.10707465e+01
2.00000000e+01,2.00479381e+01,2.02410104e+01,2.06958799e+01,2.15291090e+01
2.00000000e+01,2.00286180e+01,2.01538291e+01,2.04677341e+01,2.10709189e+01
2.00000000e+01,2.00286184e+01,2.01538215e+01,2.04676650e+01,2.10707205e+01
2.00000000e+01,2.00340013e+01,2.01791767e+01,2.05366292e+01,2.12141874e+01
2.00000000e+01,2.00479377e+01,2.02410095e+01,2.06958825e+01,2.15291231e+01
2.00000000e+01,2.00479381e+01,2.02410105e+01,2.06958814e+01,2.15291116e+01
2.00000000e+01,2.01182144e+01,2.05305137e+01,2.13989185e+01,2.28530543e+01
2.00000000e+01,2.00737941e+01,2.03509680e+01,2.09693910e+01,2.20540425e+01
2.00000000e+01,2.01182142e+01,2.05305021e+01,2.13988477e+01,2.28528854e+01
2.00000000e+01,2.01182146e+01,2.05305159e+01,2.13989300e+01,2.28530808e+01
2.00000000e+01,2.03141475e+01,2.12506347e+01,2.30040586e+01,2.56794817e+01
2.00000000e+01,2.01920266e+01,2.08127516e+01,2.20462027e+01,2.40177270e+01
2.00000000e+01,2.03141470e+01,2.12506155e+01,2.30039538e+01,2.56792487e+01
2.00000000e+01,2.03141475e+01,2.12506373e+01,2.30040721e+01,2.56795124e+01
2.00000000e+01,2.08440031e+01,2.29449748e+01,2.64213254e+01,3.12557408e+01
2.00000000e+01,2.05143740e+01,2.19216403e+01,2.44011418e+01,2.80131656e+01
2.00000000e+01,2.08440029e+01,2.29449232e+01,2.64210672e+01,3.12551996e+01
2.00000000e+01,2.08440030e+01,2.29449892e+01,2.64214011e+01,3.12558959e+01
2.00000000e+01,2.22709895e+01,2.68128718e+01,3.34079936e+01,4.17692559e+01
2.00000000e+01,2.13834742e+01,2.44908700e+01,2.93109653e+01,3.57102518e+01
2.00000000e+01,2.22709899e+01,2.68125784e+01,3.34064603e+01,4.17660782e+01
2.00000000e+01,2.22709890e+01,2.68129192e+01,3.34082407e+01,4.17697643e+01
2.00000000e+01,2.61872741e+01,3.54874372e+01,4.70849268e+01,6.07075232e+01
2.00000000e+01,2.37228939e+01,3.02622200e+01,3.91479324e+01,4.99095058e+01
2.00000000e+01,2.61872744e+01,3.54863000e+01,4.70792634e+01,6.06963949e+01
2.00000000e+01,2.61872740e+01,3.54876851e+01,4.70861356e+01,6.07098478e+01
2.00000000e+01,2.00286190e+01,2.01538047e+01,2.04675187e+01,2.10703043e+01
2.00000000e+01,2.00479382e+01,2.02410159e+01,2.06959163e+01,2.15291922e+01
2.00000000e+01,2.00286188e+01,2.01538151e+01,2.04676069e+01,2.10705542e+01
2.00000000e+01,2.00286189e+01,2.01538059e+01,2.04675298e+01,2.10703340e+01
2.00000000e+01,2.00340016e+01,2.01791636e+01,2.05365174e+01,2.12138709e+01
2.00000000e+01,2.00479382e+01,2.02410121e+01,2.06958896e+01,2.15291278e+01
2.00000000e+01,2.00479383e+01,2.02410158e+01,2.06959140e+01,2.15291860e+01
2.00000000e+01,2.01182147e+01,2.05305348e+01,2.13990518e+01,2.28533698e+01
2.00000000e+01,2.00737941e+01,2.03509821e+01,2.09694852e+01,2.20542712e+01
2.00000000e+01,2.01182145e+01,2.05305248e+01,2.13989902e+01,2.28532262e+01
2.00000000e+01,2.01182147e+01,2.05305347e+01,2.13990509e+01,2.28533685e+01
2.00000000e+01,2.03141477e+01,2.12506608e+01,2.30042060e+01,2.56798133e+01
2.00000000e+01,2.01920269e+01,2.08127752e+01,2.20463451e+01,2.40180584e+01
2.00000000e+01,2.03141476e+01,2.12506514e+01,2.30041512e+01,2.56796858e+01
2.00000000e+01,2.03141478e+01,2.12506620e+01,2.30042104e+01,2.56798202e+01
2.00000000e+01,2.08440033e+01,2.29450658e+01,2.64217734e+01,3.12566424e+01
2.00000000e+01,2.05143743e+01,2.19216852e+01,2.44013677e+01,2.80136329e+01
2.00000000e+01,2.08440032e+01,2.29450146e+01,2.64215218e+01,3.12561438e+01
2.00000000e+01,2.08440034e+01,2.29450597e+01,2.64217435e+01,3.12565883e+01
2.00000000e+01,2.22709890e+01,2.68132120e+01,3.34097663e+01,4.17729856e+01
2.00000000e+01,2.13834739e+01,2.44910085e+01,2.93116556e+01,3.57116987e+01
2.00000000e+01,2.22709895e+01,2.68130980e+01,3.34091674e+01,4.17716983e+01
2.00000000e+01,2.22709889e+01,2.68132376e+01,3.34098846e+01,4.17731983e+01
2.00000000e+01,2.61872748e+01,3.54909623e+01,4.71020976e+01,6.07402280e+01
2.00000000e+01,2.37228933e+01,3.02642638e+01,3.91581279e+01,4.99292363e+01
2.00000000e+01,2.61872744e+01,3.54889635e+01,4.70924002e+01,6.07219009e+01
2.00000000e+01,2.61872741e+01,3.54908713e+01,4.71016439e+01,6.07393653e+01
2.00000000e+01,2.00286188e+01,2.01537776e+01,2.04672934e+01,2.10696619e+01
2.00000000e+01,2.00479384e+01,2.02410227e+01,2.06959632e+01,2.15293096e+01
2.00000000e+01,2.00286189e+01,2.01537934e+01,2.04674255e+01,2.10700367e+01
2.00000000e+01,2.00286193e+01,2.01537787e+01,2.04672960e+01,2.10696687e+01
2.00000000e+01,2.00340017e+01,2.01791570e+01,2.05364618e+01,2.12137127e+01
2.00000000e+01,2.00479382e+01,2.02410170e+01,2.06959210e+01,2.15291982e+01
2.00000000e+01,2.00479386e+01,2.02410226e+01,2.06959588e+01,2.15292976e+01
2.00000000e+01,2.01182148e+01,2.05305466e+01,2.13991284e+01,2.28535536e+01
2.00000000e+01,2.00737944e+01,2.03509889e+01,2.09695294e+01,2.20543789e+01
2.00000000e+01,2.01182147e+01,2.05305419e+01,2.13991034e+01,2.28535015e+01
2.00000000e+01,2.01182151e+01,2.05305471e+01,2.13991304e+01,2.28535602e+01
2.00000000e+01,2.03141476e+01,2.12506695e+01,2.30042554e+01,2.56799243e+01
2.00000000e+01,2.01920266e+01,2.08127839e+01,2.20464005e+01,2.40181859e+01
2.00000000e+01,2.03141476e+01,2.12506777e+01,2.30042940e+01,2.56799899e+01
2.00000000e+01,2.03141478e+01,2.12506720e+01,2.30042677e+01,2.56799476e+01
2.00000000e+01,2.08440039e+01,2.29450878e+01,2.64218518e+01,3.12567748e+01
2.00000000e+01,2.05143743e+01,2.19217026e+01,2.44014567e+01,2.80138155e+01
2.00000000e+01,2.08440038e+01,2.29450386e+01,2.64216191e+01,3.12563513e+01
2.00000000e+01,2.08440028e+01,2.29450758e+01,2.64217992e+01,3.12566753e+01
2.00000000e+01,2.22709879e+01,2.68133683e+01,3.34104469e+01,4.17742788e+01
2.00000000e+01,2.13834744e+01,2.44910813e+01,2.93119997e+01,3.57123797e+01
2.00000000e+01,2.22709885e+01,2.68135314e+01,3.34113133e+01,4.17759187e+01
2.00000000e+01,2.22709878e+01,2.68134228e+01,3.34107162e+01,4.17747827e+01
2.00000000e+01,2.61872733e+01,3.54979145e+01,4.71353975e+01,6.08010985e+01
2.00000000e+01,2.37228935e+01,3.02656337e+01,3.91649061e+01,4.99419327e+01
2.00000000e+01,2.61872741e+01,3.54938448e+01,4.71159757e+01,6.07658754e+01
2.00000000e+01,2.61872718e+01,3.54978636e+01,4.71351749e+01,6.08007214e+01
2.00000000e+01,2.00286176e+01,2.01538358e+01,2.04677968e+01,2.10711006e+01
2.00000000e+01,2.00479370e+01,2.02410089e+01,2.06958920e+01,2.15291578e+01
2.00000000e+01,2.00286179e+01,2.01538411e+01,2.04678351e+01,2.10712117e+01
2.00000000e+01,2.00286178e+01,2.01538360e+01,2.04677962e+01,2.10710986e+01
2.00000000e+01,2.00340009e+01,2.01791877e+01,2.05367276e+01,2.12144710e+01
2.00000000e+01,2.00479376e+01,2.02410104e+01,2.06958990e+01,2.15291829e+01
2.00000000e+01,2.00479373e+01,2.02410095e+01,2.06958925e+01,2.15291588e+01
2.00000000e+01,2.01182138e+01,2.05304864e+01,2.13987534e+01,2.28526605e+01
2.00000000e+01,2.00737933e+01,2.03509521e+01,2.09692956e+01,2.20538135e+01
2.00000000e+01,2.01182142e+01,2.05304771e+01,2.13986884e+01,2.28525047e+01
2.00000000e+01,2.01182141e+01,2.05304876e+01,2.13987561e+01,2.28526663e+01
2.00000000e+01,2.03141464e+01,2.12505871e+01,2.30038010e+01,2.56789078e+01
2.00000000e+01,2.01920262e+01,2.08127153e+01,2.20459867e+01,2.40172254e+01
2.00000000e+01,2.03141470e+01,2.12505674e+01,2.30036834e+01,2.56786447e+01
2.00000000e+01,2.03141469e+01,2.12505884e+01,2.30038037e+01,2.56789142e+01
2.00000000e+01,2.08440025e+01,2.29448463e+01,2.64206761e+01,3.12543659e+01
2.00000000e+01,2.05143736e+01,2.19215718e+01,2.44007875e+01,2.80124082e+01
2.00000000e+01,2.08440027e+01,2.29447979e+01,2.64204181e+01,3.12538012e+01
2.00000000e+01,2.08440027e+01,2.29448523e+01,2.64207050e+01,3.12544274e+01
2.00000000e+01,2.22709904e+01,2.68121797e+01,3.34043636e+01,4.17616844e+01
2.00000000e+01,2.13834744e+01,2.44906198e+01,2.93096616e+01,3.57074612e+01
2.00000000e+01,2.22709897e+01,2.68119267e+01,3.34030139e+01,4.17588050e+01
2.00000000e+01,2.22709899e+01,2.68121920e+01,3.34044272e+01,4.17618150e+01
2.00000000e+01,2.61872751e+01,3.54851251e+01,4.70733454e+01,6.06845435e+01
2.00000000e+01,2.37228936e+01,3.02606172e+01,3.91397223e+01,4.98929286e+01
2.00000000e+01,2.61872761e+01,3.54844791e+01,4.70700290e+01,6.06777645e+01
2.00000000e+01,2.61872746e+01,3.54851548e+01,4.70734894e+01,6.06848237e+01
2.00000000e+01,2.00286182e+01,2.01538240e+01,2.04676902e+01,2.10707933e+01
2.00000000e+01,2.00479379e+01,2.02410097e+01,2.06958796e+01,2.15291103e+01
2.00000000e+01,2.00286178e+01,2.01538307e+01,2.04677509e+01,2.10709674e+01
2.00000000e+01,2.00286185e+01,2.01538253e+01,2.04676958e+01,2.10708090e+01
2.00000000e+01,2.00340014e+01,2.01791784e+01,2.05366422e+01,2.12142245e+01
2.00000000e+01,2.00479375e+01,2.02410090e+01,2.06958839e+01,2.15291293e+01
2.00000000e+01,2.00479378e+01,2.02410099e+01,2.06958812e+01,2.15291148e+01
2.00000000e+01,2.01182144e+01,2.05305106e+01,2.13988994e+01,2.28530090e+01
2.00000000e+01,2.00737941e+01,2.03509661e+01,2.09693784e+01,2.20540120e+01
2.00000000e+01,2.01182141e+01,2.05304981e+01,2.13988239e+01,2.28528286e+01
2.00000000e+01,2.01182145e+01,2.05305100e+01,2.13988941e+01,2.28529950e+01
2.00000000e+01,2.03141470e+01,2.12506295e+01,2.30040320e+01,2.56794229e+01
2.00000000e+01,2.01920266e+01,2.08127478e+01,2.20461793e+01,2.40176729e+01
2.00000000e+01,2.03141467e+01,2.12506084e+01,2.30039168e+01,2.56791667e+01
2.00000000e+01,2.03141474e+01,2.12506281e+01,2.30040215e+01,2.56794004e+01
2.00000000e+01,2.08440032e+01,2.29449614e+01,2.64212573e+01,3.12555994e+01
2.00000000e+01,2.05143739e+01,2.19216334e+01,2.44011068e+01,2.80130916e+01
2.00000000e+01,2.08440029e+01,2.29449061e+01,2.64209809e+01,3.12550160e+01
2.00000000e+01,2.08440033e+01,2.29449654e+01,2.64212798e+01,3.12556446e+01
2.00000000e+01,2.22709905e+01,2.68127972e+01,3.34075983e+01,4.17684396e+01
2.00000000e+01,2.13834745e+01,2.44908455e+01,2.93108386e+01,3.57099846e+01
2.00000000e+01,2.22709906e+01,2.68124825e+01,3.34059533e+01,4.17650195e+01
2.00000000e+01,2.22709895e+01,2.68127758e+01,3.34074928e+01,4.17682206e+01
2.00000000e+01,2.61872741e+01,3.54870991e+01,4.70832564e+01,6.07042680e+01
2.00000000e+01,2.37228939e+01,3.02619994e+01,3.91468159e+01,4.99072911e+01
2.00000000e+01,2.61872748e+01,3.54859784e+01,4.70776517e+01,6.06931938e+01
2.00000000e+01,2.61872739e+01,3.54870388e+01,4.70829427e+01,6.07036264e+01
2.00000000e+01,2.00286189e+01,2.01538059e+01,2.04675300e+01,2.10703368e+01
2.00000000e+01,2.00479380e+01,2.02410152e+01,2.06959126e+01,2.15291835e+01
2.00000000e+01,2.00286186e+01,2.01538165e+01,2.04676217e+01,2.10705965e+01
2.00000000e+01,2.00286189e+01,2.01538085e+01,2.04675512e+01,2.10703953e+01
2.00000000e+01,2.00340014e+01,2.01791641e+01,2.05365244e+01,2.12138908e+01
2.00000000e+01,2.00479380e+01,2.02410114e+01,2.06958874e+01,2.15291234e+01
2.00000000e+01,2.00479383e+01,2.02410150e+01,2.06959082e+01,2.15291724e+01
2.00000000e+01,2.01182145e+01,2.05305334e+01,2.13990438e+01,2.28533510e+01
2.00000000e+01,2.00737939e+01,2.03509809e+01,2.09694789e+01,2.20542559e+01
2.00000000e+01,2.01182144e+01,2.05305224e+01,2.13989764e+01,2.28531934e+01
2.00000000e+01,2.01182147e+01,2.05305324e+01,2.13990357e+01,2.28533317e+01
2.00000000e+01,2.03141474e+01,2.12506585e+01,2.30041973e+01,2.56797945e+01
2.00000000e+01,2.01920266e+01,2.08127734e+01,2.20463373e+01,2.40180406e+01
2.00000000e+01,2.03141472e+01,2.12506477e+01,2.30041337e+01,2.56796476e+01
2.00000000e+01,2.03141476e+01,2.12506581e+01,2.30041910e+01,2.56797790e+01
2.00000000e+01,2.08440032e+01,2.29450629e+01,2.64217600e+01,3.12566157e+01
2.00000000e+01,2.05143741e+01,2.19216829e+01,2.44013581e+01,2.80136129e+01
2.00000000e+01,2.08440031e+01,2.29450070e+01,2.64214851e+01,3.12560684e+01
2.00000000e+01,2.08440032e+01,2.29450570e+01,2.64217344e+01,3.12565688e+01
2.00000000e+01,2.22709890e+01,2.68131931e+01,3.34096725e+01,4.17727957e+01
2.00000000e+01,2.13834742e+01,2.44910012e+01,2.93116192e+01,3.57116264e+01
2.00000000e+01,2.22709896e+01,2.68130488e+01,3.34089137e+01,4.17711808e+01
2.00000000e+01,2.22709890e+01,2.68131917e+01,3.34096574e+01,4.17727452e+01
2.00000000e+01,2.61872742e+01,3.54906478e+01,4.71005865e+01,6.07373992e+01
2.00000000e+01,2.37228936e+01,3.02641282e+01,3.91574530e+01,4.99279444e+01
2.00000000e+01,2.61872742e+01,3.54886218e+01,4.70907340e+01,6.07187171e+01
2.00000000e+01,2.61872742e+01,3.54902869e+01,4.70988215e+01,6.07340740e+01
2.00000000e+01,2.00286183e+01,2.01537766e+01,2.04672932e+01,2.10696617e+01
2.00000000e+01,2.00479379e+01,2.02410218e+01,2.06959630e+01,2.15293093e+01
2.00000000e+01,2.00286186e+01,2.01537939e+01,2.04674331e+01,2.10700586e+01
2.00000000e+01,2.00286187e+01,2.01537777e+01,2.04672968e+01,2.10696713e+01
2.00000000e+01,2.00340014e+01,2.01791563e+01,2.05364592e+01,2.12137059e+01
2.00000000e+01,2.00479380e+01,2.02410161e+01,2.06959172e+01,2.15291887e+01
2.00000000e+01,2.00479381e+01,2.02410217e+01,2.06959582e+01,2.15292964e+01
2.00000000e+01,2.01182142e+01,2.05305461e+01,2.13991289e+01,2.28535546e+01
2.00000000e+01,2.00737941e+01,2.03509886e+01,2.09695307e+01,2.20543821e+01
2.00000000e+01,2.01182143e+01,2.05305411e+01,2.13991012e+01,2.28534964e+01
2.00000000e+01,2.01182148e+01,2.05305471e+01,2.13991317e+01,2.28535624e+01
2.00000000e+01,2.03141468e+01,2.12506683e+01,2.30042523e+01,2.56799190e+01
2.00000000e+01,2.01920265e+01,2.08127834e+01,2.20463986e+01,2.40181823e+01
2.00000000e+01,2.03141471e+01,2.12506769e+01,2.30042929e+01,2.56799874e+01
2.00000000e+01,2.03141480e+01,2.12506717e+01,2.30042637e+01,2.56799405e+01
2.00000000e+01,2.08440053e+01,2.29450932e+01,2.64218686e+01,3.12568064e+01
2.00000000e+01,2.05143743e+01,2.19217036e+01,2.44014623e+01,2.80138262e+01
2.00000000e+01,2.08440044e+01,2.29450377e+01,2.64216106e+01,3.12563355e+01
2.00000000e+01,2.08440033e+01,2.29450816e+01,2.64218240e+01,3.12567223e+01
2.00000000e+01,2.22709911e+01,2.68133605e+01,3.34103895e+01,4.17741764e+01
2.00000000e+01,2.13834749e+01,2.44910754e+01,2.93119669e+01,3.57123175e+01
2.00000000e+01,2.22709900e+01,2.68135385e+01,3.34113409e+01,4.17759721e+01
2.00000000e+01,2.22709886e+01,2.68134058e+01,3.34106321e+01,4.17746356e+01
2.00000000e+01,2.61872745e+01,3.54978880e+01,4.71352651e+01,6.08008599e+01
2.00000000e+01,2.37228937e+01,3.02656746e+01,3.91651000e+01,4.99422860e+01
2.00000000e+01,2.61872744e+01,3.54936131e+01,4.71148680e+01,6.07638442e+01
2.00000000e+01,2.61872734e+01,3.54978050e+01,4.71348831e+01,6.08001959e+01
2.00000000e+01,2.00286182e+01,2.01538348e+01,2.04677804e+01,2.10710530e+01
2.00000000e+01,2.00479373e+01,2.02410093e+01,2.06958896e+01,2.15291487e+01
2.00000000e+01,2.00286183e+01,2.01538398e+01,2.04678197e+01,2.10711668e+01
2.00000000e+01,2.00286180e+01,2.01538365e+01,2.04677962e+01,2.10710986e+01
2.00000000e+01,2.00340011e+01,2.01791864e+01,2.05367137e+01,2.12144305e+01
2.00000000e+01,2.00479380e+01,2.02410107e+01,2.06958959e+01,2.15291718e+01
2.00000000e+01,2.00479374e+01,2.02410096e+01,2.06958925e+01,2.15291588e+01
2.00000000e+01,2.01182134e+01,2.05304903e+01,2.13987798e+01,2.28527238e+01
2.00000000e+01,2.00737932e+01,2.03509542e+01,2.09693086e+01,2.20538446e+01
2.00000000e+01,2.01182142e+01,2.05304816e+01,2.13987159e+01,2.28525705e+01
2.00000000e+01,2.01182138e+01,2.05304871e+01,2.13987560e+01,2.28526662e+01
2.00000000e+01,2.03141464e+01,2.12505951e+01,2.30038454e+01,2.56790071e+01
2.00000000e+01,2.01920262e+01,2.08127212e+01,2.20460224e+01,2.40173084e+01
2.00000000e+01,2.03141473e+01,2.12505770e+01,2.30037337e+01,2.56787575e+01
2.00000000e+01,2.03141466e+01,2.12505880e+01,2.30038036e+01,2.56789142e+01
2.00000000e+01,2.08440018e+01,2.29448661e+01,2.64207830e+01,3.12545968e+01
2.00000000e+01,2.05143737e+01,2.19215836e+01,2.44008492e+01,2.80125417e+01
2.00000000e+01,2.08440026e+01,2.29448206e+01,2.64205367e+01,3.12540606e+01
2.00000000e+01,2.08440024e+01,2.29448517e+01,2.64207050e+01,3.12544274e+01
2.00000000e+01,2.22709887e+01,2.68122849e+01,3.34049294e+01,4.17628792e+01
2.00000000e+01,2.13834741e+01,2.44906630e+01,2.93098920e+01,3.57079582e+01
2.00000000e+01,2.22709887e+01,2.68120343e+01,3.34035921e+01,4.17600406e+01
2.00000000e+01,2.22709895e+01,2.68121914e+01,3.34044271e+01,4.17618150e+01
2.00000000e+01,2.61872746e+01,3.54854203e+01,4.70748452e+01,6.06875722e+01
2.00000000e+01,2.37228932e+01,3.02608348e+01,3.91408535e+01,4.98952509e+01
2.00000000e+01,2.61872760e+01,3.54847442e+01,4.70713875e+01,6.06805510e+01
2.00000000e+01,2.61872744e+01,3.54851543e+01,4.70734893e+01,6.06848237e+01
2.00000000e+01,2.00286187e+01,2.01538232e+01,2.04676738e+01,2.10707465e+01
2.00000000e+01,2.00479386e+01,2.02410112e+01,2.06958798e+01,2.15291090e+01
2.00000000e+01,2.00286184e+01,2.01538298e+01,2.04677341e+01,2.10709188e+01
2.00000000e+01,2.00286186e+01,2.01538254e+01,2.04676958e+01,2.10708090e+01
2.00000000e+01,2.00340013e+01,2.01791767e+01,2.05366291e+01,2.12141873e+01
2.00000000e+01,2.00479381e+01,2.02410101e+01,2.06958824e+01,2.15291231e+01
2.00000000e+01,2.00479379e+01,2.02410101e+01,2.06958812e+01,2.15291148e+01
2.00000000e+01,2.01182146e+01,2.05305142e+01,2.13989184e+01,2.28530543e+01
2.00000000e+01,2.00737939e+01,2.03509677e+01,2.09693909e+01,2.20540424e+01
2.00000000e+01,2.01182140e+01,2.05305022e+01,2.13988475e+01,2.28528853e+01
2.00000000e+01,2.01182143e+01,2.05305100e+01,2.13988940e+01,2.28529949e+01
2.00000000e+01,2.03141475e+01,2.12506351e+01,2.30040585e+01,2.56794816e+01
2.00000000e+01,2.01920264e+01,2.08127513e+01,2.20462025e+01,2.40177269e+01
2.00000000e+01,2.03141469e+01,2.12506154e+01,2.30039537e+01,2.56792487e+01
2.00000000e+01,2.03141474e+01,2.12506281e+01,2.30040214e+01,2.56794004e+01
2.00000000e+01,2.08440036e+01,2.29449757e+01,2.64213253e+01,3.12557407e+01
2.00000000e+01,2.05143737e+01,2.19216399e+01,2.44011417e+01,2.80131655e+01
2.00000000e+01,2.08440029e+01,2.29449232e+01,2.64210671e+01,3.12551995e+01
2.00000000e+01,2.08440034e+01,2.29449657e+01,2.64212797e+01,3.12556445e+01
2.00000000e+01,2.22709902e+01,2.68128730e+01,3.34079936e+01,4.17692558e+01
2.00000000e+01,2.13834744e+01,2.44908700e+01,2.93109652e+01,3.57102518e+01
2.00000000e+01,2.22709897e+01,2.68125782e+01,3.34064602e+01,4.17660782e+01
2.00000000e+01,2.22709898e+01,2.68127765e+01,3.34074927e+01,4.17682205e+01
2.00000000e+01,2.61872736e+01,3.54874367e+01,4.70849266e+01,6.07075231e+01
2.00000000e+01,2.37228936e+01,3.02622194e+01,3.91479323e+01,4.99095057e+01
2.00000000e+01,2.61872741e+01,3.54862994e+01,4.70792633e+01,6.06963947e+01
2.00000000e+01,2.61872741e+01,3.54870391e+01,4.70829427e+01,6.07036264e+01
2.00000000e+01,2.00286188e+01,2.01538043e+01,2.04675186e+01,2.10703042e+01
2.00000000e+01,2.00479380e+01,2.02410155e+01,2.06959161e+01,2.15291921e+01
2.00000000e+01,2.00286187e+01,2.01538150e+01,2.04676069e+01,2.10705542e+01
2.00000000e+01,2.00286188e+01,2.01538084e+01,2.04675512e+01,2.10703953e+01
2.00000000e+01,2.00340014e+01,2.01791633e+01,2.05365173e+01,2.12138709e+01
2.00000000e+01,2.00479383e+01,2.02410124e+01,2.06958895e+01,2.15291277e+01
2.00000000e+01,2.00479382e+01,2.02410148e+01,2.06959081e+01,2.15291723e+01
2.00000000e+01,2.01182141e+01,2.05305338e+01,2.13990516e+01,2.28533697e+01
2.00000000e+01,2.00737938e+01,2.03509816e+01,2.09694850e+01,2.20542711e+01
2.00000000e+01,2.01182144e+01,2.05305247e+01,2.13989901e+01,2.28532261e+01
2.00000000e+01,2.01182144e+01,2.05305320e+01,2.13990356e+01,2.28533317e+01
2.00000000e+01,2.03141468e+01,2.12506594e+01,2.30042058e+01,2.56798132e+01
2.00000000e+01,2.01920265e+01,2.08127744e+01,2.20463449e+01,2.40180583e+01
2.00000000e+01,2.03141472e+01,2.12506510e+01,2.30041510e+01,2.56796857e+01
2.00000000e+01,2.03141471e+01,2.12506574e+01,2.30041909e+01,2.56797790e+01
2.00000000e+01,2.08440028e+01,2.29450652e+01,2.64217733e+01,3.12566423e+01
2.00000000e+01,2.05143739e+01,2.19216845e+01,2.44013675e+01,2.80136328e+01
2.00000000e+01,2.08440032e+01,2.29450148e+01,2.64215217e+01,3.12561437e+01
2.00000000e+01,2.08440028e+01,2.29450564e+01,2.64217343e+01,3.12565688e+01
2.00000000e+01,2.22709887e+01,2.68132116e+01,3.34097662e+01,4.17729855e+01
2.00000000e+01,2.13834737e+01,2.44910082e+01,2.93116555e+01,3.57116987e+01
2.00000000e+01,2.22709897e+01,2.68130984e+01,3.34091674e+01,4.17716982e+01
2.00000000e+01,2.22709889e+01,2.68131915e+01,3.34096573e+01,4.17727452e+01
2.00000000e+01,2.61872749e+01,3.54909624e+01,4.71020975e+01,6.07402278e+01
2.00000000e+01,2.37228933e+01,3.02642637e+01,3.91581278e+01,4.99292361e+01
2.00000000e+01,2.61872744e+01,3.54889635e+01,4.70924001e+01,6.07219008e+01
2.00000000e+01,2.61872741e+01,3.54902869e+01,4.70988215e+01,6.07340739e+01
2.00000000e+01,2.00286182e+01,2.01537767e+01,2.04672933e+01,2.10696619e+01
2.00000000e+01,2.00479380e+01,2.02410220e+01,2.06959630e+01,2.15293095e+01
2.00000000e+01,2.00286185e+01,2.01537929e+01,2.04674254e+01,2.10700366e+01
2.00000000e+01,2.00286185e+01,2.01537774e+01,2.04672967e+01,2.10696713e+01
2.00000000e+01,2.00340014e+01,2.01791564e+01,2.05364616e+01,2.12137126e+01
2.00000000e+01,2.00479380e+01,2.02410165e+01,2.06959208e+01,2.15291981e+01
2.00000000e+01,2.00479379e+01,2.02410213e+01,2.06959582e+01,2.15292964e+01
2.00000000e+01,2.01182140e+01,2.05305452e+01,2.13991282e+01,2.28535535e+01
2.00000000e+01,2.00737940e+01,2.03509881e+01,2.09695293e+01,2.20543789e+01
2.00000000e+01,2.01182140e+01,2.05305407e+01,2.13991032e+01,2.28535014e+01
2.00000000e+01,2.01182145e+01,2.05305466e+01,2.13991315e+01,2.28535624e+01
2.00000000e+01,2.03141475e+01,2.12506691e+01,2.30042551e+01,2.56799242e+01
2.00000000e+01,2.01920262e+01,2.08127830e+01,2.20464002e+01,2.40181858e+01
2.00000000e+01,2.03141471e+01,2.12506767e+01,2.30042938e+01,2.56799898e+01
2.00000000e+01,2.03141476e+01,2.12506710e+01,2.30042635e+01,2.56799405e+01
2.00000000e+01,2.08440039e+01,2.29450874e+01,2.64218517e+01,3.12567746e+01
2.00000000e+01,2.05143736e+01,2.19217015e+01,2.44014564e+01,2.80138154e+01
2.00000000e+01,2.08440035e+01,2.29450379e+01,2.64216189e+01,3.12563512e+01
2.00000000e+01,2.08440034e+01,2.29450817e+01,2.64218239e+01,3.12567222e+01
2.00000000e+01,2.22709880e+01,2.68133684e+01,3.34104468e+01,4.17742787e+01
2.00000000e+01,2.13834739e+01,2.44910803e+01,2.93119996e+01,3.57123796e+01
2.00000000e+01,2.22709882e+01,2.68135311e+01,3.34113132e+01,4.17759186e+01
2.00000000e+01,2.22709891e+01,2.68134065e+01,3.34106320e+01,4.17746356e+01
2.00000000e+01,2.61872741e+01,3.54979153e+01,4.71353974e+01,6.08010984e+01
2.00000000e+01,2.37228933e+01,3.02656335e+01,3.91649060e+01,4.99419325e+01
2.00000000e+01,2.61872744e+01,3.54938450e+01,4.71159757e+01,6.07658753e+01
2.00000000e+01,2.61872745e+01,3.54978062e+01,4.71348832e+01,6.08001958e+01
2.00000000e+01,2.00286180e+01,2.01538327e+01,2.04677642e+01,2.10710058e+01
2.00000000e+01,2.00479376e+01,2.02410096e+01,2.06958874e+01,2.15291401e+01
2.00000000e+01,2.01182137e+01,2.05304951e+01,2.13988064e+01,2.28527868e+01
2.00000000e+01,2.03141465e+01,2.12506028e+01,2.30038864e+01,2.56790994e+01
2.00000000e+01,2.08440029e+01,2.29448919e+01,2.64209084e+01,3.12548638e+01
2.00000000e+01,2.22709887e+01,2.68123982e+01,3.34055231e+01,4.17641226e+01
2.00000000e+01,2.61872755e+01,3.54857423e+01,4.70764565e+01,6.06907981e+01
2.00000000e+01,2.00286187e+01,2.01538220e+01,2.04676650e+01,2.10707204e+01
2.00000000e+01,2.00479383e+01,2.02410109e+01,2.06958813e+01,2.15291116e+01
2.00000000e+01,2.01182145e+01,2.05305157e+01,2.13989298e+01,2.28530807e+01
2.00000000e+01,2.03141473e+01,2.12506370e+01,2.30040719e+01,2.56795123e+01
2.00000000e+01,2.08440035e+01,2.29449898e+01,2.64214009e+01,3.12558958e+01
2.00000000e+01,2.22709892e+01,2.68129194e+01,3.34082406e+01,4.17697642e+01
2.00000000e+01,2.61872739e+01,3.54876850e+01,4.70861354e+01,6.07098476e+01
2.00000000e+01,2.00286186e+01,2.01538055e+01,2.04675297e+01,2.10703340e+01
2.00000000e+01,2.00479381e+01,2.02410154e+01,2.06959138e+01,2.15291859e+01
2.00000000e+01,2.01182141e+01,2.05305337e+01,2.13990506e+01,2.28533684e+01
2.00000000e+01,2.03141471e+01,2.12506608e+01,2.30042101e+01,2.56798200e+01
2.00000000e+01,2.08440032e+01,2.29450591e+01,2.64217433e+01,3.12565882e+01
2.00000000e+01,2.22709888e+01,2.68132373e+01,3.34098845e+01,4.17731982e+01
2.00000000e+01,2.61872741e+01,3.54908712e+01,4.71016437e+01,6.07393651e+01
2.00000000e+01,2.00286189e+01,2.01537780e+01,2.04672959e+01,2.10696686e+01
2.00000000e+01,2.00479383e+01,2.02410220e+01,2.06959586e+01,2.15292975e+01
2.00000000e+01,2.01182147e+01,2.05305464e+01,2.13991302e+01,2.28535601e+01
2.00000000e+01,2.03141474e+01,2.12506715e+01,2.30042675e+01,2.56799475e+01
2.00000000e+01,2.08440031e+01,2.29450763e+01,2.64217990e+01,3.12566751e+01
2.00000000e+01,2.22709883e+01,2.68134235e+01,3.34107161e+01,4.17747826e+01
2.00000000e+01,2.61872737e+01,3.54978662e+01,4.71351748e+01,6.08007212e+01
