0.00000000e+00,0.00000000e+00,0.00000000e+00,0.00000000e+00,0.00000000e+00
0.00000000e+00,0.00000000e+00,0.00000000e+00,0.00000000e+00,0.00000000e+00
0.00000000e+00,0.00000000e+00,0.00000000e+00,0.00000000e+00,0.00000000e+00
0.00000000e+00,0.00000000e+00,0.00000000e+00,0.00000000e+00,0.00000000e+00
0.00000000e+00,3.92091864e-07,7.84193936e-07,1.17630157e-06,1.56840209e-06
0.00000000e+00,8.01944638e-07,1.60387641e-06,2.40581159e-06,3.20774879e-06
0.00000000e+00,8.21252307e-07,1.64256170e-06,2.46386742e-06,3.28515655e-06
0.00000000e+00,4.01216288e-07,8.02462056e-07,1.20370508e-06,1.60494010e-06
0.00000000e+00,0.00000000e+00,0.00000000e+00,0.00000000e+00,0.00000000e+00
0.00000000e+00,0.00000000e+00,0.00000000e+00,0.00000000e+00,0.00000000e+00
0.00000000e+00,0.00000000e+00,0.00000000e+00,0.00000000e+00,0.00000000e+00
0.00000000e+00,0.00000000e+00,0.00000000e+00,0.00000000e+00,0.00000000e+00
0.00000000e+00,2.13947766e-07,4.27901214e-07,6.41855349e-07,8.55807131e-07
0.00000000e+00,4.40098209e-07,8.80204112e-07,1.32031206e-06,1.76041608e-06
0.00000000e+00,4.54623399e-07,9.09260001e-07,1.36389640e-06,1.81852854e-06
0.00000000e+00,2.20312946e-07,4.40638530e-07,6.60961186e-07,8.81281582e-07
0.00000000e+00,5.93088571e-07,1.18617582e-06,1.77926913e-06,2.37235884e-06
0.00000000e+00,8.09705184e-07,1.61943164e-06,2.42915907e-06,3.23887876e-06
0.00000000e+00,6.07006458e-07,1.21405605e-06,1.82110257e-06,2.42813676e-06
0.00000000e+00,3.95684751e-07,7.91389790e-07,1.18709755e-06,1.58279674e-06
0.00000000e+00,5.79322382e-07,1.15865776e-06,1.73799947e-06,2.31733263e-06
0.00000000e+00,1.15993924e-06,2.31985440e-06,3.47977286e-06,4.63969715e-06
0.00000000e+00,1.16035738e-06,2.32082849e-06,3.48131364e-06,4.64175152e-06
0.00000000e+00,5.80014352e-07,1.16007997e-06,1.74014355e-06,2.32019140e-06
0.00000000e+00,5.12962062e-07,1.02593830e-06,1.53891652e-06,2.05188869e-06
0.00000000e+00,1.03701712e-06,2.07405338e-06,3.11109592e-06,4.14812789e-06
0.00000000e+00,1.04756750e-06,2.09516909e-06,3.14277028e-06,4.19036038e-06
0.00000000e+00,5.18530157e-07,1.03709462e-06,1.55565169e-06,2.07420225e-06
0.00000000e+00,8.69562818e-07,1.73911965e-06,2.60868375e-06,3.47824500e-06
0.00000000e+00,1.16037860e-06,2.32079588e-06,3.48121977e-06,4.64162636e-06
0.00000000e+00,8.70427332e-07,1.74093718e-06,2.61145293e-06,3.48193724e-06
0.00000000e+00,5.79705795e-07,1.15944489e-06,1.73918878e-06,2.31891838e-06
0.00000000e+00,6.16136073e-07,1.23228462e-06,1.84843827e-06,2.46458437e-06
0.00000000e+00,1.22578514e-06,2.45155729e-06,3.67734073e-06,4.90312097e-06
0.00000000e+00,1.21894226e-06,2.43799291e-06,3.65704644e-06,4.87606192e-06
0.00000000e+00,6.12693494e-07,1.22544129e-06,1.83818542e-06,2.45091389e-06
0.00000000e+00,6.08136389e-07,1.21629084e-06,1.82444794e-06,2.43259726e-06
0.00000000e+00,1.21164685e-06,2.42332036e-06,3.63500487e-06,4.84667317e-06
0.00000000e+00,1.20651337e-06,2.41306967e-06,3.61962401e-06,4.82616534e-06
0.00000000e+00,6.05832160e-07,1.21170925e-06,1.81757623e-06,2.42343497e-06
0.00000000e+00,9.22544738e-07,1.84508854e-06,2.76764342e-06,3.69019122e-06
0.00000000e+00,1.22295780e-06,2.44595607e-06,3.66895766e-06,4.89194354e-06
0.00000000e+00,9.17313042e-07,1.83471025e-06,2.75211034e-06,3.66948046e-06
0.00000000e+00,6.14764758e-07,1.22956350e-06,1.84436542e-06,2.45915389e-06
0.00000000e+00,5.79326926e-07,1.15866162e-06,1.73799947e-06,2.31733263e-06
0.00000000e+00,1.15992173e-06,2.31983829e-06,3.47977286e-06,4.63969715e-06
0.00000000e+00,1.16040133e-06,2.32086894e-06,3.48131364e-06,4.64175152e-06
0.00000000e+00,5.80024251e-07,1.16008924e-06,1.74014355e-06,2.32019140e-06
0.00000000e+00,6.08139182e-07,1.21629322e-06,1.82444794e-06,2.43259726e-06
0.00000000e+00,1.21164992e-06,2.42332314e-06,3.63500487e-06,4.84667317e-06
0.00000000e+00,1.20651537e-06,2.41307196e-06,3.61962401e-06,4.82616534e-06
0.00000000e+00,6.05835295e-07,1.21171221e-06,1.81757623e-06,2.42343497e-06
0.00000000e+00,8.69558104e-07,1.73911512e-06,2.60868375e-06,3.47824500e-06
0.00000000e+00,1.16038868e-06,2.32080544e-06,3.48121977e-06,4.64162636e-06
0.00000000e+00,8.70456170e-07,1.74096385e-06,2.61145293e-06,3.48193724e-06
0.00000000e+00,5.79713591e-07,1.15945199e-06,1.73918878e-06,2.31891838e-06
0.00000000e+00,3.92094755e-07,7.84195902e-07,1.17630157e-06,1.56840209e-06
0.00000000e+00,8.01932871e-07,1.60386501e-06,2.40581159e-06,3.20774879e-06
0.00000000e+00,8.21260388e-07,1.64256928e-06,2.46386742e-06,3.28515655e-06
0.00000000e+00,4.01218938e-07,8.02464207e-07,1.20370508e-06,1.60494010e-06
0.00000000e+00,5.12964747e-07,1.02594019e-06,1.53891652e-06,2.05188869e-06
0.00000000e+00,1.03701805e-06,2.07405402e-06,3.11109592e-06,4.14812789e-06
0.00000000e+00,1.04757000e-06,2.09517148e-06,3.14277028e-06,4.19036038e-06
0.00000000e+00,5.18534671e-07,1.03709854e-06,1.55565169e-06,2.07420225e-06
0.00000000e+00,5.93085762e-07,1.18617270e-06,1.77926913e-06,2.37235884e-06
0.00000000e+00,8.09703746e-07,1.61942996e-06,2.42915907e-06,3.23887876e-06
0.00000000e+00,6.07010254e-07,1.21405940e-06,1.82110257e-06,2.42813676e-06
0.00000000e+00,3.95688163e-07,7.91392725e-07,1.18709755e-06,1.58279674e-06
0.00000000e+00,0.00000000e+00,0.00000000e+00,0.00000000e+00,0.00000000e+00
0.00000000e+00,0.00000000e+00,0.00000000e+00,0.00000000e+00,0.00000000e+00
0.00000000e+00,0.00000000e+00,0.00000000e+00,0.00000000e+00,0.00000000e+00
0.00000000e+00,0.00000000e+00,0.00000000e+00,0.00000000e+00,0.00000000e+00
0.00000000e+00,2.13948981e-07,4.27902059e-07,6.41855349e-07,8.55807131e-07
0.00000000e+00,4.40099382e-07,8.80205136e-07,1.32031206e-06,1.76041608e-06
0.00000000e+00,4.54624252e-07,9.09260969e-07,1.36389640e-06,1.81852854e-06
0.00000000e+00,2.20313053e-07,4.40638551e-07,6.60961186e-07,8.81281582e-07
0.00000000e+00,0.00000000e+00,0.00000000e+00,0.00000000e+00,0.00000000e+00
0.00000000e+00,0.00000000e+00,0.00000000e+00,0.00000000e+00,0.00000000e+00
0.00000000e+00,0.00000000e+00,0.00000000e+00,0.00000000e+00,0.00000000e+00
0.00000000e+00,0.00000000e+00,0.00000000e+00,0.00000000e+00,0.00000000e+00
0.00000000e+00,0.00000000e+00,0.00000000e+00,0.00000000e+00,0.00000000e+00
0.00000000e+00,0.00000000e+00,0.00000000e+00,0.00000000e+00,0.00000000e+00
0.00000000e+00,-6.02182763e-12,-1.76418978e-12,-8.80090138e-18,-8.99734317e-18
0.00000000e+00,-1.15648283e-11,-2.55909486e-12,-6.45164188e-18,-3.98372335e-18
0.00000000e+00,0.00000000e+00,0.00000000e+00,0.00000000e+00,0.00000000e+00
0.00000000e+00,0.00000000e+00,0.00000000e+00,0.00000000e+00,0.00000000e+00
0.00000000e+00,0.00000000e+00,0.00000000e+00,0.00000000e+00,0.00000000e+00
0.00000000e+00,-2.66969716e-12,-1.05183438e-12,-2.03308220e-18,-1.85243342e-18
0.00000000e+00,-5.91113910e-12,-9.80926360e-13,-3.44839763e-18,-2.25935977e-18
0.00000000e+00,1.94826855e-07,3.89664966e-07,5.84504115e-07,7.79338820e-07
0.00000000e+00,1.99318386e-07,3.98661966e-07,5.98001558e-07,7.97335410e-07
0.00000000e+00,-8.31239309e-12,-1.53911074e-12,-7.18374567e-18,-5.84608365e-18
0.00000000e+00,-1.14154411e-11,-4.01871590e-12,-9.71013997e-18,-8.27020725e-18
0.00000000e+00,-1.77544161e-11,-2.88258215e-12,-8.97424394e-18,-4.31340425e-18
0.00000000e+00,-7.88727320e-12,-3.80313327e-12,-5.02073176e-18,-4.48793702e-18
0.00000000e+00,-1.67145231e-11,-3.48593806e-12,-9.55847035e-18,-6.29660929e-18
0.00000000e+00,2.89544075e-07,5.79106572e-07,8.68669797e-07,1.15822640e-06
0.00000000e+00,2.89954333e-07,5.79947097e-07,8.69930754e-07,1.15990767e-06
0.00000000e+00,-1.48969322e-11,-3.50295596e-12,-9.93674456e-18,-7.04794718e-18
0.00000000e+00,-1.24102246e-11,-4.27691118e-12,-9.51869449e-18,-8.39522909e-18
0.00000000e+00,-1.73430954e-11,-7.44165737e-13,-1.42295635e-17,-1.07703857e-17
0.00000000e+00,-1.05742826e-11,-5.40942223e-12,-7.03403910e-18,-6.89799143e-18
0.00000000e+00,-2.12479468e-11,-3.67295735e-12,-1.40369913e-17,-9.84068673e-18
0.00000000e+00,3.08590873e-07,6.17199810e-07,9.25807894e-07,1.23441052e-06
0.00000000e+00,3.06880450e-07,6.13801919e-07,9.20710842e-07,1.22761446e-06
0.00000000e+00,-1.48554439e-11,-2.10507788e-12,-1.15411777e-17,-9.18219401e-18
0.00000000e+00,-9.49285228e-12,-2.82669805e-12,-8.37148414e-18,-8.13985591e-18
0.00000000e+00,-1.50397687e-11,-8.72411740e-13,-1.23620641e-17,-1.00209547e-17
0.00000000e+00,-7.18619321e-12,-2.67900238e-12,-7.98335129e-18,-8.72740471e-18
0.00000000e+00,-1.89026134e-11,-1.84748583e-12,-1.45403418e-17,-1.08974999e-17
0.00000000e+00,2.89549309e-07,5.79110946e-07,8.68669797e-07,1.15822640e-06
0.00000000e+00,2.89955889e-07,5.79948285e-07,8.69930754e-07,1.15990767e-06
0.00000000e+00,-1.21573976e-11,-1.44503687e-12,-1.07070027e-17,-9.46797190e-18
0.00000000e+00,-4.65604090e-12,-1.15645140e-12,-1.94108555e-18,-1.91932303e-18
0.00000000e+00,-7.79020593e-12,3.91610920e-13,-5.45646797e-18,-3.74730725e-18
0.00000000e+00,-7.08681334e-12,-3.92875506e-12,-5.88797732e-18,-6.65064299e-18
0.00000000e+00,-1.55188942e-11,-2.92906558e-12,-9.85474393e-18,-6.80603974e-18
0.00000000e+00,1.94828623e-07,3.89665976e-07,5.84504115e-07,7.79338820e-07
0.00000000e+00,1.99325918e-07,3.98668556e-07,5.98001558e-07,7.97335410e-07
0.00000000e+00,-6.22811036e-12,-2.20670137e-13,-5.27100962e-18,-4.71961807e-18
0.00000000e+00,0.00000000e+00,0.00000000e+00,0.00000000e+00,0.00000000e+00
0.00000000e+00,0.00000000e+00,0.00000000e+00,0.00000000e+00,0.00000000e+00
0.00000000e+00,-1.89971294e-12,-8.39514313e-13,-2.34521034e-18,-2.83833131e-18
0.00000000e+00,-5.36596991e-12,-8.22748413e-13,-3.59222627e-18,-2.48352075e-18
0.00000000e+00,0.00000000e+00,0.00000000e+00,0.00000000e+00,0.00000000e+00
0.00000000e+00,0.00000000e+00,0.00000000e+00,0.00000000e+00,0.00000000e+00
0.00000000e+00,0.00000000e+00,0.00000000e+00,0.00000000e+00,0.00000000e+00
0.00000000e+00,0.00000000e+00,0.00000000e+00,0.00000000e+00,0.00000000e+00
0.00000000e+00,0.00000000e+00,0.00000000e+00,0.00000000e+00,0.00000000e+00
0.00000000e+00,-3.92102180e-07,-7.84200741e-07,-1.17630157e-06,-1.56840209e-06
0.00000000e+00,-4.01239542e-07,-8.02465068e-07,-1.20370508e-06,-1.60494010e-06
0.00000000e+00,0.00000000e+00,0.00000000e+00,0.00000000e+00,0.00000000e+00
0.00000000e+00,0.00000000e+00,0.00000000e+00,0.00000000e+00,0.00000000e+00
0.00000000e+00,0.00000000e+00,0.00000000e+00,0.00000000e+00,0.00000000e+00
0.00000000e+00,-2.13953325e-07,-4.27903587e-07,-6.41855349e-07,-8.55807131e-07
0.00000000e+00,-2.20323268e-07,-4.40638566e-07,-6.60961186e-07,-8.81281582e-07
0.00000000e+00,-1.94838490e-07,-3.89669674e-07,-5.84504115e-07,-7.79338820e-07
0.00000000e+00,-1.99342192e-07,-3.98667133e-07,-5.98001558e-07,-7.97335410e-07
0.00000000e+00,-3.95702256e-07,-7.91395870e-07,-1.18709755e-06,-1.58279674e-06
0.00000000e+00,-5.79341754e-07,-1.15867240e-06,-1.73799947e-06,-2.31733263e-06
0.00000000e+00,-5.80053182e-07,-1.16008474e-06,-1.74014355e-06,-2.32019140e-06
0.00000000e+00,-5.12977434e-07,-1.02594594e-06,-1.53891652e-06,-2.05188869e-06
0.00000000e+00,-5.18562757e-07,-1.03709977e-06,-1.55565169e-06,-2.07420225e-06
0.00000000e+00,-2.89566692e-07,-5.79117456e-07,-8.68669797e-07,-1.15822640e-06
0.00000000e+00,-2.89990192e-07,-5.79952112e-07,-8.69930754e-07,-1.15990767e-06
0.00000000e+00,-5.79734349e-07,-1.15945482e-06,-1.73918878e-06,-2.31891838e-06
0.00000000e+00,-6.16146995e-07,-1.23229163e-06,-1.84843827e-06,-2.46458437e-06
0.00000000e+00,-6.12732071e-07,-1.22544189e-06,-1.83818542e-06,-2.45091389e-06
0.00000000e+00,-6.08156072e-07,-1.21630082e-06,-1.82444794e-06,-2.43259726e-06
0.00000000e+00,-6.05872962e-07,-1.21171386e-06,-1.81757623e-06,-2.42343497e-06
0.00000000e+00,-3.08608823e-07,-6.17205621e-07,-9.25807894e-07,-1.23441052e-06
0.00000000e+00,-3.06916342e-07,-6.13803194e-07,-9.20710842e-07,-1.22761446e-06
0.00000000e+00,-6.14791199e-07,-1.22956982e-06,-1.84436542e-06,-2.45915389e-06
0.00000000e+00,-5.79332647e-07,-1.15866538e-06,-1.73799947e-06,-2.31733263e-06
0.00000000e+00,-5.80051332e-07,-1.16008352e-06,-1.74014355e-06,-2.32019140e-06
0.00000000e+00,-6.08151088e-07,-1.21629697e-06,-1.82444794e-06,-2.43259726e-06
0.00000000e+00,-6.05871184e-07,-1.21171277e-06,-1.81757623e-06,-2.42343497e-06
0.00000000e+00,-2.89562390e-07,-5.79114392e-07,-8.68669797e-07,-1.15822640e-06
0.00000000e+00,-2.89984058e-07,-5.79946991e-07,-8.69930754e-07,-1.15990767e-06
0.00000000e+00,-5.79733015e-07,-1.15945451e-06,-1.73918878e-06,-2.31891838e-06
0.00000000e+00,-3.92101470e-07,-7.84201746e-07,-1.17630157e-06,-1.56840209e-06
0.00000000e+00,-4.01236883e-07,-8.02462963e-07,-1.20370508e-06,-1.60494010e-06
0.00000000e+00,-5.12975624e-07,-1.02594532e-06,-1.53891652e-06,-2.05188869e-06
0.00000000e+00,-5.18561189e-07,-1.03709920e-06,-1.55565169e-06,-2.07420225e-06
0.00000000e+00,-1.94837889e-07,-3.89670146e-07,-5.84504115e-07,-7.79338820e-07
0.00000000e+00,-1.99341539e-07,-3.98666987e-07,-5.98001558e-07,-7.97335410e-07
0.00000000e+00,-3.95701786e-07,-7.91396428e-07,-1.18709755e-06,-1.58279674e-06
0.00000000e+00,0.00000000e+00,0.00000000e+00,0.00000000e+00,0.00000000e+00
0.00000000e+00,0.00000000e+00,0.00000000e+00,0.00000000e+00,0.00000000e+00
0.00000000e+00,-2.13951554e-07,-4.27902572e-07,-6.41855349e-07,-8.55807131e-07
0.00000000e+00,-2.20322096e-07,-4.40638133e-07,-6.60961186e-07,-8.81281582e-07
0.00000000e+00,0.00000000e+00,0.00000000e+00,0.00000000e+00,0.00000000e+00
0.00000000e+00,0.00000000e+00,0.00000000e+00,0.00000000e+00,0.00000000e+00
0.00000000e+00,0.00000000e+00,0.00000000e+00,0.00000000e+00,0.00000000e+00
0.00000000e+00,0.00000000e+00,0.00000000e+00,0.00000000e+00,0.00000000e+00
0.00000000e+00,0.00000000e+00,0.00000000e+00,0.00000000e+00,0.00000000e+00
0.00000000e+00,-8.01943944e-07,-1.60388529e-06,-2.40581159e-06,-3.20774879e-06
0.00000000e+00,-8.21288502e-07,-1.64255890e-06,-2.46386742e-06,-3.28515655e-06
0.00000000e+00,0.00000000e+00,0.00000000e+00,0.00000000e+00,0.00000000e+00
0.00000000e+00,0.00000000e+00,0.00000000e+00,0.00000000e+00,0.00000000e+00
0.00000000e+00,0.00000000e+00,0.00000000e+00,0.00000000e+00,0.00000000e+00
0.00000000e+00,-4.40102234e-07,-8.80204655e-07,-1.32031206e-06,-1.76041608e-06
0.00000000e+00,-4.54634694e-07,-9.09262723e-07,-1.36389640e-06,-1.81852854e-06
0.00000000e+00,-5.93092243e-07,-1.18618350e-06,-1.77926913e-06,-2.37235884e-06
0.00000000e+00,-6.07035530e-07,-1.21405573e-06,-1.82110257e-06,-2.42813676e-06
0.00000000e+00,-8.09724756e-07,-1.61943737e-06,-2.42915907e-06,-3.23887876e-06
0.00000000e+00,-1.15992743e-06,-2.31986175e-06,-3.47977286e-06,-4.63969715e-06
0.00000000e+00,-1.16043527e-06,-2.32083979e-06,-3.48131364e-06,-4.64175152e-06
0.00000000e+00,-1.03703157e-06,-2.07405915e-06,-3.11109592e-06,-4.14812789e-06
0.00000000e+00,-1.04759808e-06,-2.09517754e-06,-3.14277028e-06,-4.19036038e-06
0.00000000e+00,-8.69566893e-07,-1.73913266e-06,-2.60868375e-06,-3.47824500e-06
0.00000000e+00,-8.70484349e-07,-1.74094394e-06,-2.61145293e-06,-3.48193724e-06
0.00000000e+00,-1.16040889e-06,-2.32080504e-06,-3.48121977e-06,-4.64162636e-06
0.00000000e+00,-1.22577106e-06,-2.45156559e-06,-3.67734073e-06,-4.90312097e-06
0.00000000e+00,-1.21902818e-06,-2.43800276e-06,-3.65704644e-06,-4.87606192e-06
0.00000000e+00,-1.21166991e-06,-2.42333253e-06,-3.63500487e-06,-4.84667317e-06
0.00000000e+00,-1.20654831e-06,-2.41307645e-06,-3.61962401e-06,-4.82616534e-06
0.00000000e+00,-9.22542720e-07,-1.84509779e-06,-2.76764342e-06,-3.69019122e-06
0.00000000e+00,-9.17378116e-07,-1.83471847e-06,-2.75211034e-06,-3.66948046e-06
0.00000000e+00,-1.22298640e-06,-2.44596082e-06,-3.66895766e-06,-4.89194354e-06
0.00000000e+00,-1.15990355e-06,-2.31984192e-06,-3.47977286e-06,-4.63969715e-06
0.00000000e+00,-1.16047046e-06,-2.32087254e-06,-3.48131364e-06,-4.64175152e-06
0.00000000e+00,-1.21166864e-06,-2.42333242e-06,-3.63500487e-06,-4.84667317e-06
0.00000000e+00,-1.20654542e-06,-2.41307442e-06,-3.61962401e-06,-4.82616534e-06
0.00000000e+00,-8.69550456e-07,-1.73911934e-06,-2.60868375e-06,-3.47824500e-06
0.00000000e+00,-8.70501729e-07,-1.74096054e-06,-2.61145293e-06,-3.48193724e-06
0.00000000e+00,-1.16041036e-06,-2.32080768e-06,-3.48121977e-06,-4.64162636e-06
0.00000000e+00,-8.01926544e-07,-1.60387193e-06,-2.40581159e-06,-3.20774879e-06
0.00000000e+00,-8.21296407e-07,-1.64256801e-06,-2.46386742e-06,-3.28515655e-06
0.00000000e+00,-1.03703253e-06,-2.07406144e-06,-3.11109592e-06,-4.14812789e-06
0.00000000e+00,-1.04759499e-06,-2.09517605e-06,-3.14277028e-06,-4.19036038e-06
0.00000000e+00,-5.93083875e-07,-1.18617785e-06,-1.77926913e-06,-2.37235884e-06
0.00000000e+00,-6.07039994e-07,-1.21406095e-06,-1.82110257e-06,-2.42813676e-06
0.00000000e+00,-8.09717318e-07,-1.61943330e-06,-2.42915907e-06,-3.23887876e-06
0.00000000e+00,0.00000000e+00,0.00000000e+00,0.00000000e+00,0.00000000e+00
0.00000000e+00,0.00000000e+00,0.00000000e+00,0.00000000e+00,0.00000000e+00
0.00000000e+00,-4.40102162e-07,-8.80205354e-07,-1.32031206e-06,-1.76041608e-06
0.00000000e+00,-4.54632256e-07,-9.09261255e-07,-1.36389640e-06,-1.81852854e-06
0.00000000e+00,0.00000000e+00,0.00000000e+00,0.00000000e+00,0.00000000e+00
0.00000000e+00,0.00000000e+00,0.00000000e+00,0.00000000e+00,0.00000000e+00
0.00000000e+00,0.00000000e+00,0.00000000e+00,0.00000000e+00,0.00000000e+00
0.00000000e+00,0.00000000e+00,0.00000000e+00,0.00000000e+00,0.00000000e+00
0.00000000e+00,0.00000000e+00,0.00000000e+00,0.00000000e+00,0.00000000e+00
0.00000000e+00,3.89284191e-07,7.78569939e-07,1.16786125e-06,1.55714833e-06
0.00000000e+00,7.95729123e-07,1.59145609e-06,2.38718460e-06,3.18291281e-06
0.00000000e+00,0.00000000e+00,0.00000000e+00,0.00000000e+00,0.00000000e+00
0.00000000e+00,0.00000000e+00,0.00000000e+00,0.00000000e+00,0.00000000e+00
0.00000000e+00,0.00000000e+00,0.00000000e+00,0.00000000e+00,0.00000000e+00
0.00000000e+00,2.11866439e-07,4.23733104e-07,6.35602222e-07,8.47469630e-07
0.00000000e+00,4.35700961e-07,8.71402387e-07,1.30710589e-06,1.74280786e-06
0.00000000e+00,5.88676344e-07,1.17735287e-06,1.76603315e-06,2.35471087e-06
0.00000000e+00,7.97209295e-07,1.59441031e-06,2.39161428e-06,3.18881904e-06
0.00000000e+00,3.89845930e-07,7.79696938e-07,1.16955279e-06,1.55940372e-06
0.00000000e+00,5.78932393e-07,1.15786818e-06,1.73681602e-06,2.31575469e-06
0.00000000e+00,1.15959052e-06,2.31918164e-06,3.47878293e-06,4.63837724e-06
0.00000000e+00,5.11092758e-07,1.02218547e-06,1.53328513e-06,2.04438018e-06
0.00000000e+00,1.03329874e-06,2.06659479e-06,3.09989542e-06,4.13319389e-06
0.00000000e+00,8.69099783e-07,1.73820133e-06,2.60731394e-06,3.47641858e-06
0.00000000e+00,1.15972520e-06,2.31943923e-06,3.47916248e-06,4.63888330e-06
0.00000000e+00,5.79048996e-07,1.15810521e-06,1.73716982e-06,2.31622643e-06
0.00000000e+00,6.17212478e-07,1.23442132e-06,1.85163780e-06,2.46885040e-06
0.00000000e+00,1.22795337e-06,2.45591212e-06,3.68388548e-06,4.91184731e-06
0.00000000e+00,6.08871497e-07,1.21774191e-06,1.82662217e-06,2.43549623e-06
0.00000000e+00,1.21329118e-06,2.42658354e-06,3.63988667e-06,4.85318222e-06
0.00000000e+00,9.24181957e-07,1.84836467e-06,2.77255844e-06,3.69674458e-06
0.00000000e+00,1.22749424e-06,2.45498056e-06,3.68247945e-06,4.90997260e-06
0.00000000e+00,6.17032831e-07,1.23407233e-06,1.85112021e-06,2.46816028e-06
0.00000000e+00,5.78937015e-07,1.15787167e-06,1.73681602e-06,2.31575469e-06
0.00000000e+00,1.15958041e-06,2.31917188e-06,3.47878293e-06,4.63837724e-06
0.00000000e+00,6.08872791e-07,1.21774286e-06,1.82662217e-06,2.43549623e-06
0.00000000e+00,1.21328822e-06,2.42658070e-06,3.63988667e-06,4.85318222e-06
0.00000000e+00,8.69097153e-07,1.73819825e-06,2.60731394e-06,3.47641858e-06
0.00000000e+00,1.15971325e-06,2.31942806e-06,3.47916248e-06,4.63888330e-06
0.00000000e+00,5.79050405e-07,1.15810601e-06,1.73716982e-06,2.31622643e-06
0.00000000e+00,3.89292335e-07,7.78576434e-07,1.16786125e-06,1.55714833e-06
0.00000000e+00,7.95719658e-07,1.59144617e-06,2.38718460e-06,3.18291281e-06
0.00000000e+00,5.11095343e-07,1.02218701e-06,1.53328513e-06,2.04438018e-06
0.00000000e+00,1.03329462e-06,2.06659027e-06,3.09989542e-06,4.13319389e-06
0.00000000e+00,5.88674678e-07,1.17735005e-06,1.76603315e-06,2.35471087e-06
0.00000000e+00,7.97203851e-07,1.59440461e-06,2.39161428e-06,3.18881904e-06
0.00000000e+00,3.89846685e-07,7.79696729e-07,1.16955279e-06,1.55940372e-06
0.00000000e+00,0.00000000e+00,0.00000000e+00,0.00000000e+00,0.00000000e+00
0.00000000e+00,0.00000000e+00,0.00000000e+00,0.00000000e+00,0.00000000e+00
0.00000000e+00,2.11869721e-07,4.23735795e-07,6.35602222e-07,8.47469630e-07
0.00000000e+00,4.35703399e-07,8.71404296e-07,1.30710589e-06,1.74280786e-06
0.00000000e+00,0.00000000e+00,0.00000000e+00,0.00000000e+00,0.00000000e+00
0.00000000e+00,0.00000000e+00,0.00000000e+00,0.00000000e+00,0.00000000e+00
0.00000000e+00,0.00000000e+00,0.00000000e+00,0.00000000e+00,0.00000000e+00
0.00000000e+00,0.00000000e+00,0.00000000e+00,0.00000000e+00,0.00000000e+00
0.00000000e+00,-1.14192419e-12,-2.53157782e-12,-1.54749819e-18,-3.29633317e-18
0.00000000e+00,0.00000000e+00,0.00000000e+00,0.00000000e+00,0.00000000e+00
0.00000000e+00,0.00000000e+00,0.00000000e+00,0.00000000e+00,0.00000000e+00
0.00000000e+00,-4.25055330e-13,-1.20679866e-12,-6.17847507e-19,-1.00651234e-18
0.00000000e+00,1.93456478e-07,3.86914035e-07,5.80376672e-07,7.73835563e-07
0.00000000e+00,-2.99309005e-12,-1.66257194e-12,-4.76961824e-18,-5.52322863e-18
0.00000000e+00,-1.25331374e-12,-4.09468640e-12,-1.26322018e-18,-3.88822457e-18
0.00000000e+00,-7.57429599e-13,-3.13908797e-12,-1.98290255e-18,-3.41885946e-18
0.00000000e+00,2.89330271e-07,5.78661848e-07,8.68003081e-07,1.15733744e-06
0.00000000e+00,-6.26468361e-12,-4.09967503e-12,-5.88801864e-18,-6.58768191e-18
0.00000000e+00,5.20539618e-13,-3.07365242e-12,-3.24914024e-18,-6.81116283e-18
0.00000000e+00,-2.14773954e-13,-3.83769914e-12,-3.22083826e-18,-6.16940367e-18
0.00000000e+00,3.09134685e-07,6.18264675e-07,9.27400960e-07,1.23653461e-06
0.00000000e+00,-5.45740816e-12,-3.31684508e-12,-6.89092538e-18,-8.26686729e-18
0.00000000e+00,5.42405838e-12,1.16788717e-12,-4.35036033e-18,-7.99571078e-18
0.00000000e+00,7.63129109e-14,-3.90244437e-12,-3.44424195e-18,-6.80332568e-18
0.00000000e+00,2.89336596e-07,5.78666849e-07,8.68003081e-07,1.15733744e-06
0.00000000e+00,-3.08912311e-13,6.05819092e-13,-5.69983258e-18,-7.38439958e-18
0.00000000e+00,3.92270133e-12,1.21424091e-12,-2.79392384e-19,-2.68166988e-18
0.00000000e+00,1.74717153e-12,-1.80029758e-12,-3.23255533e-18,-6.00364712e-18
0.00000000e+00,1.93465060e-07,3.86920952e-07,5.80376672e-07,7.73835563e-07
0.00000000e+00,9.70383679e-13,1.14030090e-12,-5.13886468e-19,-1.42693545e-18
0.00000000e+00,0.00000000e+00,0.00000000e+00,0.00000000e+00,0.00000000e+00
0.00000000e+00,1.53615357e-12,2.31742280e-13,-1.25857149e-18,-2.41905672e-18
0.00000000e+00,0.00000000e+00,0.00000000e+00,0.00000000e+00,0.00000000e+00
0.00000000e+00,0.00000000e+00,0.00000000e+00,0.00000000e+00,0.00000000e+00
0.00000000e+00,0.00000000e+00,0.00000000e+00,0.00000000e+00,0.00000000e+00
0.00000000e+00,-3.89281932e-07,-7.78571062e-07,-1.16786125e-06,-1.55714833e-06
0.00000000e+00,0.00000000e+00,0.00000000e+00,0.00000000e+00,0.00000000e+00
0.00000000e+00,0.00000000e+00,0.00000000e+00,0.00000000e+00,0.00000000e+00
0.00000000e+00,-2.11865839e-07,-4.23734085e-07,-6.35602222e-07,-8.47469630e-07
0.00000000e+00,-1.93456700e-07,-3.86917253e-07,-5.80376672e-07,-7.73835563e-07
0.00000000e+00,-3.89850204e-07,-7.79701206e-07,-1.16955279e-06,-1.55940372e-06
0.00000000e+00,-5.78933602e-07,-1.15787594e-06,-1.73681602e-06,-2.31575469e-06
0.00000000e+00,-5.11093827e-07,-1.02219107e-06,-1.53328513e-06,-2.04438018e-06
0.00000000e+00,-2.89332631e-07,-5.78670100e-07,-8.68003081e-07,-1.15733744e-06
0.00000000e+00,-5.79056821e-07,-1.15811407e-06,-1.73716982e-06,-2.31622643e-06
0.00000000e+00,-6.17209460e-07,-1.23442597e-06,-1.85163780e-06,-2.46885040e-06
0.00000000e+00,-6.08872229e-07,-1.21774956e-06,-1.82662217e-06,-2.43549623e-06
0.00000000e+00,-3.09132868e-07,-6.18270014e-07,-9.27400960e-07,-1.23653461e-06
0.00000000e+00,-6.17039993e-07,-1.23408134e-06,-1.85112021e-06,-2.46816028e-06
0.00000000e+00,-5.78933520e-07,-1.15787682e-06,-1.73681602e-06,-2.31575469e-06
0.00000000e+00,-6.08869163e-07,-1.21774714e-06,-1.82662217e-06,-2.43549623e-06
0.00000000e+00,-2.89329609e-07,-5.78668242e-07,-8.68003081e-07,-1.15733744e-06
0.00000000e+00,-5.79053470e-07,-1.15811205e-06,-1.73716982e-06,-2.31622643e-06
0.00000000e+00,-3.89286842e-07,-7.78576371e-07,-1.16786125e-06,-1.55714833e-06
0.00000000e+00,-5.11091061e-07,-1.02218965e-06,-1.53328513e-06,-2.04438018e-06
0.00000000e+00,-1.93458249e-07,-3.86919526e-07,-5.80376672e-07,-7.73835563e-07
0.00000000e+00,-3.89848861e-07,-7.79701107e-07,-1.16955279e-06,-1.55940372e-06
0.00000000e+00,0.00000000e+00,0.00000000e+00,0.00000000e+00,0.00000000e+00
0.00000000e+00,-2.11866785e-07,-4.23735372e-07,-6.35602222e-07,-8.47469630e-07
0.00000000e+00,0.00000000e+00,0.00000000e+00,0.00000000e+00,0.00000000e+00
0.00000000e+00,0.00000000e+00,0.00000000e+00,0.00000000e+00,0.00000000e+00
0.00000000e+00,0.00000000e+00,0.00000000e+00,0.00000000e+00,0.00000000e+00
0.00000000e+00,-7.95723205e-07,-1.59145369e-06,-2.38718460e-06,-3.18291281e-06
0.00000000e+00,0.00000000e+00,0.00000000e+00,0.00000000e+00,0.00000000e+00
0.00000000e+00,0.00000000e+00,0.00000000e+00,0.00000000e+00,0.00000000e+00
0.00000000e+00,-4.35699322e-07,-8.71402357e-07,-1.30710589e-06,-1.74280786e-06
0.00000000e+00,-5.88673016e-07,-1.17735283e-06,-1.76603315e-06,-2.35471087e-06
0.00000000e+00,-7.97205982e-07,-1.59441416e-06,-2.39161428e-06,-3.18881904e-06
0.00000000e+00,-1.15958161e-06,-2.31918066e-06,-3.47878293e-06,-4.63837724e-06
0.00000000e+00,-1.03329464e-06,-2.06659580e-06,-3.09989542e-06,-4.13319389e-06
0.00000000e+00,-8.69096465e-07,-1.73820517e-06,-2.60731394e-06,-3.47641858e-06
0.00000000e+00,-1.15971756e-06,-2.31944614e-06,-3.47916248e-06,-4.63888330e-06
0.00000000e+00,-1.22795106e-06,-2.45591821e-06,-3.68388548e-06,-4.91184731e-06
0.00000000e+00,-1.21329073e-06,-2.42658989e-06,-3.63988667e-06,-4.85318222e-06
0.00000000e+00,-9.24178396e-07,-1.84836905e-06,-2.77255844e-06,-3.69674458e-06
0.00000000e+00,-1.22748300e-06,-2.45498663e-06,-3.68247945e-06,-4.90997260e-06
0.00000000e+00,-1.15958990e-06,-2.31918863e-06,-3.47878293e-06,-4.63837724e-06
0.00000000e+00,-1.21328786e-06,-2.42658809e-06,-3.63988667e-06,-4.85318222e-06
0.00000000e+00,-8.69100299e-07,-1.73820937e-06,-2.60731394e-06,-3.47641858e-06
0.00000000e+00,-1.15970973e-06,-2.31944034e-06,-3.47916248e-06,-4.63888330e-06
0.00000000e+00,-7.95725740e-07,-1.59145696e-06,-2.38718460e-06,-3.18291281e-06
0.00000000e+00,-1.03329271e-06,-2.06659535e-06,-3.09989542e-06,-4.13319389e-06
0.00000000e+00,-5.88676295e-07,-1.17735669e-06,-1.76603315e-06,-2.35471087e-06
0.00000000e+00,-7.97203524e-07,-1.59441382e-06,-2.39161428e-06,-3.18881904e-06
0.00000000e+00,0.00000000e+00,0.00000000e+00,0.00000000e+00,0.00000000e+00
0.00000000e+00,-4.35697843e-07,-8.71401596e-07,-1.30710589e-06,-1.74280786e-06
0.00000000e+00,0.00000000e+00,0.00000000e+00,0.00000000e+00,0.00000000e+00
0.00000000e+00,0.00000000e+00,0.00000000e+00,0.00000000e+00,0.00000000e+00
0.00000000e+00,0.00000000e+00,0.00000000e+00,0.00000000e+00,0.00000000e+00
0.00000000e+00,0.00000000e+00,0.00000000e+00,0.00000000e+00,0.00000000e+00
0.00000000e+00,3.92100061e-07,7.84195850e-07,1.17630157e-06,1.56840209e-06
0.00000000e+00,8.01944325e-07,1.60388285e-06,2.40581159e-06,3.20774879e-06
0.00000000e+00,0.00000000e+00,0.00000000e+00,0.00000000e+00,0.00000000e+00
0.00000000e+00,0.00000000e+00,0.00000000e+00,0.00000000e+00,0.00000000e+00
0.00000000e+00,0.00000000e+00,0.00000000e+00,0.00000000e+00,0.00000000e+00
0.00000000e+00,2.13953445e-07,4.27902171e-07,6.41855349e-07,8.55807131e-07
0.00000000e+00,4.40104256e-07,8.80205253e-07,1.32031206e-06,1.76041608e-06
0.00000000e+00,5.93091591e-07,1.18617996e-06,1.77926913e-06,2.37235884e-06
0.00000000e+00,7.97208092e-07,1.59441316e-06,2.39161428e-06,3.18881904e-06
0.00000000e+00,3.89850491e-07,7.79698355e-07,1.16955279e-06,1.55940372e-06
0.00000000e+00,5.79339052e-07,1.15866427e-06,1.73799947e-06,2.31733263e-06
0.00000000e+00,1.15993944e-06,2.31986767e-06,3.47977286e-06,4.63969715e-06
0.00000000e+00,5.12976539e-07,1.02594037e-06,1.53891652e-06,2.05188869e-06
0.00000000e+00,1.03703336e-06,2.07405637e-06,3.11109592e-06,4.14812789e-06
0.00000000e+00,8.69569237e-07,1.73912914e-06,2.60868375e-06,3.47824500e-06
0.00000000e+00,1.15972324e-06,2.31944512e-06,3.47916248e-06,4.63888330e-06
0.00000000e+00,5.79057740e-07,1.15810891e-06,1.73716982e-06,2.31622643e-06
0.00000000e+00,6.16151097e-07,1.23228833e-06,1.84843827e-06,2.46458437e-06
0.00000000e+00,1.22578132e-06,2.45156844e-06,3.67734073e-06,4.90312097e-06
0.00000000e+00,6.08157801e-07,1.21629468e-06,1.82444794e-06,2.43259726e-06
0.00000000e+00,1.21166954e-06,2.42332488e-06,3.63500487e-06,4.84667317e-06
0.00000000e+00,9.22548098e-07,1.84509552e-06,2.76764342e-06,3.69019122e-06
0.00000000e+00,1.22748990e-06,2.45498534e-06,3.68247945e-06,4.90997260e-06
0.00000000e+00,6.17039773e-07,1.23407357e-06,1.85112021e-06,2.46816028e-06
0.00000000e+00,5.79340063e-07,1.15866458e-06,1.73799947e-06,2.31733263e-06
0.00000000e+00,1.15991382e-06,2.31984289e-06,3.47977286e-06,4.63969715e-06
0.00000000e+00,6.08157445e-07,1.21629437e-06,1.82444794e-06,2.43259726e-06
0.00000000e+00,1.21167253e-06,2.42332729e-06,3.63500487e-06,4.84667317e-06
0.00000000e+00,8.69558040e-07,1.73911780e-06,2.60868375e-06,3.47824500e-06
0.00000000e+00,1.15970969e-06,2.31943194e-06,3.47916248e-06,4.63888330e-06
0.00000000e+00,5.79058773e-07,1.15810913e-06,1.73716982e-06,2.31622643e-06
0.00000000e+00,3.92100783e-07,7.84196678e-07,1.17630157e-06,1.56840209e-06
0.00000000e+00,8.01926662e-07,1.60386549e-06,2.40581159e-06,3.20774879e-06
0.00000000e+00,5.12975691e-07,1.02593813e-06,1.53891652e-06,2.05188869e-06
0.00000000e+00,1.03703354e-06,2.07405559e-06,3.11109592e-06,4.14812789e-06
0.00000000e+00,5.93083864e-07,1.18617229e-06,1.77926913e-06,2.37235884e-06
0.00000000e+00,7.97198669e-07,1.59440359e-06,2.39161428e-06,3.18881904e-06
0.00000000e+00,3.89851602e-07,7.79698772e-07,1.16955279e-06,1.55940372e-06
0.00000000e+00,0.00000000e+00,0.00000000e+00,0.00000000e+00,0.00000000e+00
0.00000000e+00,0.00000000e+00,0.00000000e+00,0.00000000e+00,0.00000000e+00
0.00000000e+00,2.13954111e-07,4.27902490e-07,6.41855349e-07,8.55807131e-07
0.00000000e+00,4.40104592e-07,8.80205250e-07,1.32031206e-06,1.76041608e-06
0.00000000e+00,0.00000000e+00,0.00000000e+00,0.00000000e+00,0.00000000e+00
0.00000000e+00,0.00000000e+00,0.00000000e+00,0.00000000e+00,0.00000000e+00
0.00000000e+00,0.00000000e+00,0.00000000e+00,0.00000000e+00,0.00000000e+00
0.00000000e+00,0.00000000e+00,0.00000000e+00,0.00000000e+00,0.00000000e+00
0.00000000e+00,6.55367029e-12,-9.39607956e-13,2.80466171e-19,-3.04970264e-18
0.00000000e+00,0.00000000e+00,0.00000000e+00,0.00000000e+00,0.00000000e+00
0.00000000e+00,0.00000000e+00,0.00000000e+00,0.00000000e+00,0.00000000e+00
0.00000000e+00,2.66556885e-12,-5.68105005e-13,1.02717157e-18,-1.43023128e-19
0.00000000e+00,1.94837744e-07,3.89665967e-07,5.84504115e-07,7.79338820e-07
0.00000000e+00,3.47641519e-12,-8.46225905e-13,2.70130078e-19,-2.37948932e-18
0.00000000e+00,1.22083793e-11,-1.18472170e-12,2.96046579e-18,-2.95284120e-18
0.00000000e+00,4.27063694e-12,-4.21361858e-12,2.80823260e-18,-2.13300295e-19
0.00000000e+00,2.89566129e-07,5.79111258e-07,8.68669797e-07,1.15822640e-06
0.00000000e+00,6.28465125e-12,-1.50660125e-12,7.77657368e-19,-4.26007114e-18
0.00000000e+00,1.65302283e-11,8.90893467e-13,8.29272934e-19,-6.65379392e-18
0.00000000e+00,1.03549901e-11,-2.57577192e-12,2.08782704e-18,-3.22776353e-18
0.00000000e+00,3.08615012e-07,6.17204307e-07,9.25807894e-07,1.23441052e-06
0.00000000e+00,8.45622720e-12,-7.14934777e-13,-1.39322437e-18,-7.70724134e-18
0.00000000e+00,1.19244624e-11,-2.06240918e-12,-5.64674409e-19,-7.58061895e-18
0.00000000e+00,1.10583371e-11,-2.14786763e-12,7.99962528e-19,-5.37502604e-18
0.00000000e+00,2.89568385e-07,5.79112637e-07,8.68669797e-07,1.15822640e-06
0.00000000e+00,8.42596954e-12,-3.21264067e-13,-2.28142501e-18,-8.19559930e-18
0.00000000e+00,8.00219526e-12,-3.06594733e-13,-2.51214571e-18,-7.05511381e-18
0.00000000e+00,7.58106539e-12,-2.52006753e-12,-3.45598394e-19,-5.44533661e-18
0.00000000e+00,1.94840104e-07,3.89667952e-07,5.84504115e-07,7.79338820e-07
0.00000000e+00,6.12178775e-12,7.34125559e-13,-1.14396459e-18,-4.77490087e-18
0.00000000e+00,0.00000000e+00,0.00000000e+00,0.00000000e+00,0.00000000e+00
0.00000000e+00,4.47582871e-12,8.34868001e-13,-1.30161735e-19,-2.05432087e-18
0.00000000e+00,0.00000000e+00,0.00000000e+00,0.00000000e+00,0.00000000e+00
0.00000000e+00,0.00000000e+00,0.00000000e+00,0.00000000e+00,0.00000000e+00
0.00000000e+00,0.00000000e+00,0.00000000e+00,0.00000000e+00,0.00000000e+00
0.00000000e+00,-3.92090911e-07,-7.84196076e-07,-1.17630157e-06,-1.56840209e-06
0.00000000e+00,0.00000000e+00,0.00000000e+00,0.00000000e+00,0.00000000e+00
0.00000000e+00,0.00000000e+00,0.00000000e+00,0.00000000e+00,0.00000000e+00
0.00000000e+00,-2.13947871e-07,-4.27902638e-07,-6.41855349e-07,-8.55807131e-07
0.00000000e+00,-1.94826053e-07,-3.89667362e-07,-5.84504115e-07,-7.79338820e-07
0.00000000e+00,-3.89845642e-07,-7.79699890e-07,-1.16955279e-06,-1.55940372e-06
0.00000000e+00,-5.79330917e-07,-1.15867064e-06,-1.73799947e-06,-2.31733263e-06
0.00000000e+00,-5.12964923e-07,-1.02594547e-06,-1.53891652e-06,-2.05188869e-06
0.00000000e+00,-2.89549072e-07,-5.79116717e-07,-8.68669797e-07,-1.15822640e-06
0.00000000e+00,-5.79052631e-07,-1.15811432e-06,-1.73716982e-06,-2.31622643e-06
0.00000000e+00,-6.16140075e-07,-1.23229365e-06,-1.84843827e-06,-2.46458437e-06
0.00000000e+00,-6.08137998e-07,-1.21629853e-06,-1.82444794e-06,-2.43259726e-06
0.00000000e+00,-3.08589790e-07,-6.17205165e-07,-9.25807894e-07,-1.23441052e-06
0.00000000e+00,-6.17034288e-07,-1.23408009e-06,-1.85112021e-06,-2.46816028e-06
0.00000000e+00,-5.79328726e-07,-1.15866990e-06,-1.73799947e-06,-2.31733263e-06
0.00000000e+00,-6.08139863e-07,-1.21630093e-06,-1.82444794e-06,-2.43259726e-06
0.00000000e+00,-2.89547159e-07,-5.79115646e-07,-8.68669797e-07,-1.15822640e-06
0.00000000e+00,-5.79052319e-07,-1.15811504e-06,-1.73716982e-06,-2.31622643e-06
0.00000000e+00,-3.92097670e-07,-7.84203383e-07,-1.17630157e-06,-1.56840209e-06
0.00000000e+00,-5.12961463e-07,-1.02594313e-06,-1.53891652e-06,-2.05188869e-06
0.00000000e+00,-1.94828095e-07,-3.89670096e-07,-5.84504115e-07,-7.79338820e-07
0.00000000e+00,-3.89845518e-07,-7.79700588e-07,-1.16955279e-06,-1.55940372e-06
0.00000000e+00,0.00000000e+00,0.00000000e+00,0.00000000e+00,0.00000000e+00
0.00000000e+00,-2.13946738e-07,-4.27902023e-07,-6.41855349e-07,-8.55807131e-07
0.00000000e+00,0.00000000e+00,0.00000000e+00,0.00000000e+00,0.00000000e+00
0.00000000e+00,0.00000000e+00,0.00000000e+00,0.00000000e+00,0.00000000e+00
0.00000000e+00,0.00000000e+00,0.00000000e+00,0.00000000e+00,0.00000000e+00
0.00000000e+00,-8.01931260e-07,-1.60386434e-06,-2.40581159e-06,-3.20774879e-06
0.00000000e+00,0.00000000e+00,0.00000000e+00,0.00000000e+00,0.00000000e+00
0.00000000e+00,0.00000000e+00,0.00000000e+00,0.00000000e+00,0.00000000e+00
0.00000000e+00,-4.40100492e-07,-8.80207922e-07,-1.32031206e-06,-1.76041608e-06
0.00000000e+00,-5.93082062e-07,-1.18617152e-06,-1.77926913e-06,-2.37235884e-06
0.00000000e+00,-7.97199582e-07,-1.59440286e-06,-2.39161428e-06,-3.18881904e-06
0.00000000e+00,-1.15993295e-06,-2.31984528e-06,-3.47977286e-06,-4.63969715e-06
0.00000000e+00,-1.03702359e-06,-2.07406576e-06,-3.11109592e-06,-4.14812789e-06
0.00000000e+00,-8.69566229e-07,-1.73912414e-06,-2.60868375e-06,-3.47824500e-06
0.00000000e+00,-1.15971748e-06,-2.31943430e-06,-3.47916248e-06,-4.63888330e-06
0.00000000e+00,-1.22579331e-06,-2.45155986e-06,-3.67734073e-06,-4.90312097e-06
0.00000000e+00,-1.21165335e-06,-2.42333604e-06,-3.63500487e-06,-4.84667317e-06
0.00000000e+00,-9.22552300e-07,-1.84509597e-06,-2.76764342e-06,-3.69019122e-06
0.00000000e+00,-1.22749363e-06,-2.45498221e-06,-3.68247945e-06,-4.90997260e-06
0.00000000e+00,-1.15993387e-06,-2.31985033e-06,-3.47977286e-06,-4.63969715e-06
0.00000000e+00,-1.21165226e-06,-2.42333522e-06,-3.63500487e-06,-4.84667317e-06
0.00000000e+00,-8.69564913e-07,-1.73912517e-06,-2.60868375e-06,-3.47824500e-06
0.00000000e+00,-1.15972416e-06,-2.31944289e-06,-3.47916248e-06,-4.63888330e-06
0.00000000e+00,-8.01941444e-07,-1.60387563e-06,-2.40581159e-06,-3.20774879e-06
0.00000000e+00,-1.03701890e-06,-2.07406220e-06,-3.11109592e-06,-4.14812789e-06
0.00000000e+00,-5.93090963e-07,-1.18618121e-06,-1.77926913e-06,-2.37235884e-06
0.00000000e+00,-7.97203842e-07,-1.59440857e-06,-2.39161428e-06,-3.18881904e-06
0.00000000e+00,0.00000000e+00,0.00000000e+00,0.00000000e+00,0.00000000e+00
0.00000000e+00,-4.40099071e-07,-8.80207098e-07,-1.32031206e-06,-1.76041608e-06
0.00000000e+00,0.00000000e+00,0.00000000e+00,0.00000000e+00,0.00000000e+00
0.00000000e+00,0.00000000e+00,0.00000000e+00,0.00000000e+00,0.00000000e+00
0.00000000e+00,0.00000000e+00,0.00000000e+00,0.00000000e+00,0.00000000e+00
0.00000000e+00,0.00000000e+00,0.00000000e+00,0.00000000e+00,0.00000000e+00
0.00000000e+00,4.01240241e-07,8.02463504e-07,1.20370508e-06,1.60494010e-06
0.00000000e+00,8.21288781e-07,1.64255768e-06,2.46386742e-06,3.28515655e-06
0.00000000e+00,0.00000000e+00,0.00000000e+00,0.00000000e+00,0.00000000e+00
0.00000000e+00,0.00000000e+00,0.00000000e+00,0.00000000e+00,0.00000000e+00
0.00000000e+00,0.00000000e+00,0.00000000e+00,0.00000000e+00,0.00000000e+00
0.00000000e+00,2.20324003e-07,4.40638179e-07,6.60961186e-07,8.81281582e-07
0.00000000e+00,4.54634936e-07,9.09261996e-07,1.36389640e-06,1.81852854e-06
0.00000000e+00,6.07035586e-07,1.21405397e-06,1.82110257e-06,2.42813676e-06
0.00000000e+00,8.09722959e-07,1.61943348e-06,2.42915907e-06,3.23887876e-06
0.00000000e+00,3.95699594e-07,7.91390747e-07,1.18709755e-06,1.58279674e-06
0.00000000e+00,5.80057648e-07,1.16008227e-06,1.74014355e-06,2.32019140e-06
0.00000000e+00,1.16042326e-06,2.32082077e-06,3.48131364e-06,4.64175152e-06
0.00000000e+00,5.18558891e-07,1.03709169e-06,1.55565169e-06,2.07420225e-06
0.00000000e+00,1.04759942e-06,2.09517469e-06,3.14277028e-06,4.19036038e-06
0.00000000e+00,8.70480915e-07,1.74093352e-06,2.61145293e-06,3.48193724e-06
0.00000000e+00,1.16041102e-06,2.32080068e-06,3.48121977e-06,4.64162636e-06
0.00000000e+00,5.79733961e-07,1.15944801e-06,1.73918878e-06,2.31891838e-06
0.00000000e+00,6.12745024e-07,1.22544490e-06,1.83818542e-06,2.45091389e-06
0.00000000e+00,1.21902986e-06,2.43799284e-06,3.65704644e-06,4.87606192e-06
0.00000000e+00,6.05875777e-07,1.21171016e-06,1.81757623e-06,2.42343497e-06
0.00000000e+00,1.20655685e-06,2.41307697e-06,3.61962401e-06,4.82616534e-06
0.00000000e+00,9.17383918e-07,1.83471358e-06,2.75211034e-06,3.66948046e-06
0.00000000e+00,1.22299403e-06,2.44595921e-06,3.66895766e-06,4.89194354e-06
0.00000000e+00,6.14797780e-07,1.22956748e-06,1.84436542e-06,2.45915389e-06
0.00000000e+00,5.80069478e-07,1.16009155e-06,1.74014355e-06,2.32019140e-06
0.00000000e+00,1.16047492e-06,2.32086701e-06,3.48131364e-06,4.64175152e-06
0.00000000e+00,6.05878926e-07,1.21171151e-06,1.81757623e-06,2.42343497e-06
0.00000000e+00,1.20655659e-06,2.41307621e-06,3.61962401e-06,4.82616534e-06
0.00000000e+00,8.70513544e-07,1.74096230e-06,2.61145293e-06,3.48193724e-06
0.00000000e+00,1.16042006e-06,2.32080777e-06,3.48121977e-06,4.64162636e-06
0.00000000e+00,5.79742237e-07,1.15945477e-06,1.73918878e-06,2.31891838e-06
0.00000000e+00,4.01239235e-07,8.02460513e-07,1.20370508e-06,1.60494010e-06
0.00000000e+00,8.21313044e-07,1.64257888e-06,2.46386742e-06,3.28515655e-06
0.00000000e+00,5.18565493e-07,1.03709760e-06,1.55565169e-06,2.07420225e-06
0.00000000e+00,1.04759984e-06,2.09517357e-06,3.14277028e-06,4.19036038e-06
0.00000000e+00,6.07048174e-07,1.21406400e-06,1.82110257e-06,2.42813676e-06
0.00000000e+00,8.09727955e-07,1.61943737e-06,2.42915907e-06,3.23887876e-06
0.00000000e+00,3.95703381e-07,7.91393121e-07,1.18709755e-06,1.58279674e-06
0.00000000e+00,0.00000000e+00,0.00000000e+00,0.00000000e+00,0.00000000e+00
0.00000000e+00,0.00000000e+00,0.00000000e+00,0.00000000e+00,0.00000000e+00
0.00000000e+00,2.20324993e-07,4.40638945e-07,6.60961186e-07,8.81281582e-07
0.00000000e+00,4.54633978e-07,9.09260551e-07,1.36389640e-06,1.81852854e-06
0.00000000e+00,0.00000000e+00,0.00000000e+00,0.00000000e+00,0.00000000e+00
0.00000000e+00,0.00000000e+00,0.00000000e+00,0.00000000e+00,0.00000000e+00
0.00000000e+00,0.00000000e+00,0.00000000e+00,0.00000000e+00,0.00000000e+00
0.00000000e+00,0.00000000e+00,0.00000000e+00,0.00000000e+00,0.00000000e+00
0.00000000e+00,7.85557529e-12,-3.28307498e-12,3.82892389e-18,1.02194289e-18
0.00000000e+00,0.00000000e+00,0.00000000e+00,0.00000000e+00,0.00000000e+00
0.00000000e+00,0.00000000e+00,0.00000000e+00,0.00000000e+00,0.00000000e+00
0.00000000e+00,4.14605056e-12,-1.84188696e-12,2.52780492e-18,1.10224073e-18
0.00000000e+00,1.99340873e-07,3.98663368e-07,5.98001558e-07,7.97335410e-07
0.00000000e+00,7.97178672e-12,-1.49260122e-12,2.65155648e-18,-4.23485476e-19
0.00000000e+00,1.66274324e-11,-2.76884350e-12,6.95705339e-18,1.16897411e-18
0.00000000e+00,1.05834993e-11,-6.80861739e-12,5.22361408e-18,1.62331730e-18
0.00000000e+00,2.89992203e-07,5.79948326e-07,8.69930754e-07,1.15990767e-06
0.00000000e+00,1.46389360e-11,-2.04224936e-12,4.06509518e-18,-1.96101265e-18
0.00000000e+00,2.20313510e-11,-6.23667517e-13,6.81248950e-18,9.85951889e-20
0.00000000e+00,1.71440305e-11,-6.82033678e-12,6.55853650e-18,8.71644524e-19
0.00000000e+00,3.06925361e-07,6.13804434e-07,9.20710842e-07,1.22761446e-06
0.00000000e+00,1.93904358e-11,-3.76274266e-13,3.57901996e-18,-4.28852501e-18
0.00000000e+00,2.16695955e-11,3.36637659e-13,4.39564968e-18,-3.21933017e-18
0.00000000e+00,2.08003348e-11,-3.89261091e-12,8.36916299e-18,1.83309568e-18
0.00000000e+00,2.89996806e-07,5.79951318e-07,8.69930754e-07,1.15990767e-06
0.00000000e+00,1.70749184e-11,-7.55646833e-13,1.82715025e-18,-5.95860898e-18
0.00000000e+00,1.03299628e-11,-2.02077637e-12,3.34825172e-18,-1.70451820e-18
0.00000000e+00,1.67385004e-11,-1.59610838e-12,5.68341512e-18,1.65120626e-19
0.00000000e+00,1.99340821e-07,3.98661956e-07,5.98001558e-07,7.97335410e-07
0.00000000e+00,9.24735759e-12,-1.09248052e-12,-1.32095672e-19,-5.15799807e-18
0.00000000e+00,0.00000000e+00,0.00000000e+00,0.00000000e+00,0.00000000e+00
0.00000000e+00,4.70351235e-12,-1.54991909e-12,1.31826517e-18,-9.43989175e-19
0.00000000e+00,0.00000000e+00,0.00000000e+00,0.00000000e+00,0.00000000e+00
0.00000000e+00,0.00000000e+00,0.00000000e+00,0.00000000e+00,0.00000000e+00
0.00000000e+00,0.00000000e+00,0.00000000e+00,0.00000000e+00,0.00000000e+00
0.00000000e+00,-4.01226673e-07,-8.02473495e-07,-1.20370508e-06,-1.60494010e-06
0.00000000e+00,0.00000000e+00,0.00000000e+00,0.00000000e+00,0.00000000e+00
0.00000000e+00,0.00000000e+00,0.00000000e+00,0.00000000e+00,0.00000000e+00
0.00000000e+00,-2.20314394e-07,-4.40640897e-07,-6.60961186e-07,-8.81281582e-07
0.00000000e+00,-1.99325738e-07,-3.98670764e-07,-5.98001558e-07,-7.97335410e-07
0.00000000e+00,-3.95690191e-07,-7.91397737e-07,-1.18709755e-06,-1.58279674e-06
0.00000000e+00,-5.80036802e-07,-1.16010618e-06,-1.74014355e-06,-2.32019140e-06
0.00000000e+00,-5.18535601e-07,-1.03710336e-06,-1.55565169e-06,-2.07420225e-06
0.00000000e+00,-2.89963167e-07,-5.79960163e-07,-8.69930754e-07,-1.15990767e-06
0.00000000e+00,-5.79719609e-07,-1.15946372e-06,-1.73918878e-06,-2.31891838e-06
0.00000000e+00,-6.12702056e-07,-1.22545532e-06,-1.83818542e-06,-2.45091389e-06
0.00000000e+00,-6.05836266e-07,-1.21172083e-06,-1.81757623e-06,-2.42343497e-06
0.00000000e+00,-3.06880259e-07,-6.13807208e-07,-9.20710842e-07,-1.22761446e-06
0.00000000e+00,-6.14772234e-07,-1.22957748e-06,-1.84436542e-06,-2.45915389e-06
0.00000000e+00,-5.80016441e-07,-1.16008457e-06,-1.74014355e-06,-2.32019140e-06
0.00000000e+00,-6.05836631e-07,-1.21171908e-06,-1.81757623e-06,-2.42343497e-06
0.00000000e+00,-2.89952055e-07,-5.79949530e-07,-8.69930754e-07,-1.15990767e-06
0.00000000e+00,-5.79710438e-07,-1.15945523e-06,-1.73918878e-06,-2.31891838e-06
0.00000000e+00,-4.01216596e-07,-8.02463101e-07,-1.20370508e-06,-1.60494010e-06
0.00000000e+00,-5.18531940e-07,-1.03710047e-06,-1.55565169e-06,-2.07420225e-06
0.00000000e+00,-1.99319668e-07,-3.98665368e-07,-5.98001558e-07,-7.97335410e-07
0.00000000e+00,-3.95690826e-07,-7.91398653e-07,-1.18709755e-06,-1.58279674e-06
0.00000000e+00,0.00000000e+00,0.00000000e+00,0.00000000e+00,0.00000000e+00
0.00000000e+00,-2.20313015e-07,-4.40639872e-07,-6.60961186e-07,-8.81281582e-07
0.00000000e+00,0.00000000e+00,0.00000000e+00,0.00000000e+00,0.00000000e+00
0.00000000e+00,0.00000000e+00,0.00000000e+00,0.00000000e+00,0.00000000e+00
0.00000000e+00,0.00000000e+00,0.00000000e+00,0.00000000e+00,0.00000000e+00
0.00000000e+00,-8.21273965e-07,-1.64258849e-06,-2.46386742e-06,-3.28515655e-06
0.00000000e+00,0.00000000e+00,0.00000000e+00,0.00000000e+00,0.00000000e+00
0.00000000e+00,0.00000000e+00,0.00000000e+00,0.00000000e+00,0.00000000e+00
0.00000000e+00,-4.54626038e-07,-9.09263301e-07,-1.36389640e-06,-1.81852854e-06
0.00000000e+00,-6.07021879e-07,-1.21407507e-06,-1.82110257e-06,-2.42813676e-06
0.00000000e+00,-8.09706363e-07,-1.61943674e-06,-2.42915907e-06,-3.23887876e-06
0.00000000e+00,-1.16039631e-06,-2.32088535e-06,-3.48131364e-06,-4.64175152e-06
0.00000000e+00,-1.04757638e-06,-2.09518125e-06,-3.14277028e-06,-4.19036038e-06
0.00000000e+00,-8.70459050e-07,-1.74097981e-06,-2.61145293e-06,-3.48193724e-06
0.00000000e+00,-1.16039130e-06,-2.32081529e-06,-3.48121977e-06,-4.64162636e-06
0.00000000e+00,-1.21896161e-06,-2.43803640e-06,-3.65704644e-06,-4.87606192e-06
0.00000000e+00,-1.20652185e-06,-2.41308294e-06,-3.61962401e-06,-4.82616534e-06
0.00000000e+00,-9.17329164e-07,-1.83474155e-06,-2.75211034e-06,-3.66948046e-06
0.00000000e+00,-1.22296732e-06,-2.44597393e-06,-3.66895766e-06,-4.89194354e-06
0.00000000e+00,-1.16037800e-06,-2.32086532e-06,-3.48131364e-06,-4.64175152e-06
0.00000000e+00,-1.20652175e-06,-2.41308348e-06,-3.61962401e-06,-4.82616534e-06
0.00000000e+00,-8.70437241e-07,-1.74095647e-06,-2.61145293e-06,-3.48193724e-06
0.00000000e+00,-1.16038296e-06,-2.32080886e-06,-3.48121977e-06,-4.64162636e-06
0.00000000e+00,-8.21254603e-07,-1.64257036e-06,-2.46386742e-06,-3.28515655e-06
0.00000000e+00,-1.04757414e-06,-2.09518009e-06,-3.14277028e-06,-4.19036038e-06
0.00000000e+00,-6.07009144e-07,-1.21406211e-06,-1.82110257e-06,-2.42813676e-06
0.00000000e+00,-8.09706651e-07,-1.61943739e-06,-2.42915907e-06,-3.23887876e-06
0.00000000e+00,0.00000000e+00,0.00000000e+00,0.00000000e+00,0.00000000e+00
0.00000000e+00,-4.54624746e-07,-9.09262676e-07,-1.36389640e-06,-1.81852854e-06
0.00000000e+00,0.00000000e+00,0.00000000e+00,0.00000000e+00,0.00000000e+00
0.00000000e+00,0.00000000e+00,0.00000000e+00,0.00000000e+00,0.00000000e+00
0.00000000e+00,0.00000000e+00,0.00000000e+00,0.00000000e+00,0.00000000e+00
0.00000000e+00,0.00000000e+00,0.00000000e+00,0.00000000e+00,0.00000000e+00
0.00000000e+00,1.17253363e-06,2.34507345e-06,3.51761143e-06,4.69014858e-06
0.00000000e+00,1.07050582e-06,2.14105876e-06,3.21161284e-06,4.28215045e-06
0.00000000e+00,0.00000000e+00,0.00000000e+00,0.00000000e+00,0.00000000e+00
0.00000000e+00,0.00000000e+00,0.00000000e+00,0.00000000e+00,0.00000000e+00
0.00000000e+00,0.00000000e+00,0.00000000e+00,0.00000000e+00,0.00000000e+00
0.00000000e+00,6.51568468e-07,1.30314432e-06,1.95472211e-06,2.60629615e-06
0.00000000e+00,6.01104086e-07,1.20222878e-06,1.80335249e-06,2.40446999e-06
0.00000000e+00,9.81663388e-07,1.96332041e-06,2.94497728e-06,3.92663638e-06
0.00000000e+00,1.11869973e-06,2.23743176e-06,3.35616413e-06,4.47488551e-06
0.00000000e+00,9.42054509e-07,1.88416547e-06,2.82627383e-06,3.76836511e-06
0.00000000e+00,1.63571405e-06,3.27144558e-06,4.90717914e-06,6.54290552e-06
0.00000000e+00,1.45445400e-06,2.90899007e-06,4.36353640e-06,5.81804853e-06
0.00000000e+00,1.48452229e-06,2.96906175e-06,4.45360478e-06,5.93813970e-06
0.00000000e+00,1.33295215e-06,2.66595780e-06,3.99896378e-06,5.33195170e-06
0.00000000e+00,1.39857521e-06,2.79714262e-06,4.19571073e-06,5.59428097e-06
0.00000000e+00,1.54561883e-06,3.09129361e-06,4.63697311e-06,6.18263082e-06
0.00000000e+00,1.30829953e-06,2.61670650e-06,3.92512596e-06,5.23350128e-06
0.00000000e+00,1.71387909e-06,3.42778124e-06,5.14168743e-06,6.85558324e-06
0.00000000e+00,1.51688427e-06,3.03384606e-06,4.55080516e-06,6.06774021e-06
0.00000000e+00,1.69697220e-06,3.39396888e-06,5.09097131e-06,6.78796175e-06
0.00000000e+00,1.50376037e-06,3.00758993e-06,4.51142014e-06,6.01522685e-06
0.00000000e+00,1.47156464e-06,2.94313011e-06,4.41470064e-06,5.88626752e-06
0.00000000e+00,1.61610424e-06,3.23226878e-06,4.84843609e-06,6.46458146e-06
0.00000000e+00,1.36881492e-06,2.73773106e-06,4.10664596e-06,5.47552795e-06
0.00000000e+00,1.63570693e-06,3.27143941e-06,4.90717914e-06,6.54290552e-06
0.00000000e+00,1.45447394e-06,2.90900916e-06,4.36353640e-06,5.81804853e-06
0.00000000e+00,1.69697279e-06,3.39396966e-06,5.09097131e-06,6.78796175e-06
0.00000000e+00,1.50376958e-06,3.00759896e-06,4.51142014e-06,6.01522685e-06
0.00000000e+00,1.39855872e-06,2.79712771e-06,4.19571073e-06,5.59428097e-06
0.00000000e+00,1.54563083e-06,3.09130524e-06,4.63697311e-06,6.18263082e-06
0.00000000e+00,1.30833620e-06,2.61674054e-06,3.92512596e-06,5.23350128e-06
0.00000000e+00,1.17253364e-06,2.34507365e-06,3.51761143e-06,4.69014858e-06
0.00000000e+00,1.07051134e-06,2.14106437e-06,3.21161284e-06,4.28215045e-06
0.00000000e+00,1.48451940e-06,2.96905923e-06,4.45360478e-06,5.93813970e-06
0.00000000e+00,1.33295918e-06,2.66596477e-06,3.99896378e-06,5.33195170e-06
0.00000000e+00,9.81654448e-07,1.96331204e-06,2.94497728e-06,3.92663638e-06
0.00000000e+00,1.11870582e-06,2.23743763e-06,3.35616413e-06,4.47488551e-06
0.00000000e+00,9.42063921e-07,1.88417468e-06,2.82627383e-06,3.76836511e-06
0.00000000e+00,0.00000000e+00,0.00000000e+00,0.00000000e+00,0.00000000e+00
0.00000000e+00,0.00000000e+00,0.00000000e+00,0.00000000e+00,0.00000000e+00
0.00000000e+00,6.51569174e-07,1.30314517e-06,1.95472211e-06,2.60629615e-06
0.00000000e+00,6.01106464e-07,1.20223123e-06,1.80335249e-06,2.40446999e-06
0.00000000e+00,0.00000000e+00,0.00000000e+00,0.00000000e+00,0.00000000e+00
0.00000000e+00,0.00000000e+00,0.00000000e+00,0.00000000e+00,0.00000000e+00
0.00000000e+00,0.00000000e+00,0.00000000e+00,0.00000000e+00,0.00000000e+00
0.00000000e+00,0.00000000e+00,0.00000000e+00,0.00000000e+00,0.00000000e+00
0.00000000e+00,0.00000000e+00,0.00000000e+00,0.00000000e+00,0.00000000e+00
0.00000000e+00,1.59388427e-06,3.18779312e-06,4.78170480e-06,6.37560641e-06
0.00000000e+00,1.35087625e-06,2.70180038e-06,4.05272395e-06,5.40363193e-06
0.00000000e+00,0.00000000e+00,0.00000000e+00,0.00000000e+00,0.00000000e+00
0.00000000e+00,0.00000000e+00,0.00000000e+00,0.00000000e+00,0.00000000e+00
0.00000000e+00,0.00000000e+00,0.00000000e+00,0.00000000e+00,0.00000000e+00
0.00000000e+00,9.04993963e-07,1.81000040e-06,2.71500788e-06,3.62001051e-06
0.00000000e+00,7.78527825e-07,1.55707861e-06,2.33562679e-06,3.11416905e-06
0.00000000e+00,1.37467002e-06,2.74935541e-06,4.12404053e-06,5.49872070e-06
0.00000000e+00,1.46671659e-06,2.93347215e-06,4.40023101e-06,5.86697468e-06
0.00000000e+00,1.20555691e-06,2.41116151e-06,3.61676785e-06,4.82235713e-06
0.00000000e+00,2.10396089e-06,4.20796118e-06,6.31196987e-06,8.41595983e-06
0.00000000e+00,1.74282295e-06,3.48572906e-06,5.22864282e-06,6.97152375e-06
0.00000000e+00,1.94784746e-06,3.89572723e-06,5.84361118e-06,7.79148158e-06
0.00000000e+00,1.62383515e-06,3.24773580e-06,4.87163612e-06,6.49551483e-06
0.00000000e+00,1.87252237e-06,3.74507527e-06,5.61763345e-06,7.49017793e-06
0.00000000e+00,1.92442920e-06,3.84891902e-06,5.77341512e-06,7.69788682e-06
0.00000000e+00,1.60067984e-06,3.20143968e-06,4.80220872e-06,6.40294496e-06
0.00000000e+00,2.18523234e-06,4.37050608e-06,6.55578733e-06,8.74104977e-06
0.00000000e+00,1.80497190e-06,3.61002362e-06,5.41506843e-06,7.22009124e-06
0.00000000e+00,2.16997502e-06,4.33999170e-06,6.51001376e-06,8.68001835e-06
0.00000000e+00,1.79348764e-06,3.58706048e-06,5.38063322e-06,7.17417763e-06
0.00000000e+00,1.95101637e-06,3.90206695e-06,5.85312399e-06,7.80416531e-06
0.00000000e+00,1.99686932e-06,3.99380224e-06,5.99073797e-06,7.98765063e-06
0.00000000e+00,1.66147941e-06,3.32303449e-06,4.98458456e-06,6.64611275e-06
0.00000000e+00,2.10396516e-06,4.20796592e-06,6.31196987e-06,8.41595983e-06
0.00000000e+00,1.74284077e-06,3.48574728e-06,5.22864282e-06,6.97152375e-06
0.00000000e+00,2.16997805e-06,4.33999500e-06,6.51001376e-06,8.68001835e-06
0.00000000e+00,1.79349713e-06,3.58707017e-06,5.38063322e-06,7.17417763e-06
0.00000000e+00,1.87252268e-06,3.74507618e-06,5.61763345e-06,7.49017793e-06
0.00000000e+00,1.92443811e-06,3.84892827e-06,5.77341512e-06,7.69788682e-06
0.00000000e+00,1.60069713e-06,3.20145698e-06,4.80220872e-06,6.40294496e-06
0.00000000e+00,1.59388636e-06,3.18779544e-06,4.78170480e-06,6.37560641e-06
0.00000000e+00,1.35087962e-06,2.70180455e-06,4.05272395e-06,5.40363193e-06
0.00000000e+00,1.94784865e-06,3.89572878e-06,5.84361118e-06,7.79148158e-06
0.00000000e+00,1.62384189e-06,3.24774277e-06,4.87163612e-06,6.49551483e-06
0.00000000e+00,1.37467074e-06,2.74935650e-06,4.12404053e-06,5.49872070e-06
0.00000000e+00,1.46672435e-06,2.93347968e-06,4.40023101e-06,5.86697468e-06
0.00000000e+00,1.20556280e-06,2.41116764e-06,3.61676785e-06,4.82235713e-06
0.00000000e+00,0.00000000e+00,0.00000000e+00,0.00000000e+00,0.00000000e+00
0.00000000e+00,0.00000000e+00,0.00000000e+00,0.00000000e+00,0.00000000e+00
0.00000000e+00,9.04995340e-07,1.81000199e-06,2.71500788e-06,3.62001051e-06
0.00000000e+00,7.78526858e-07,1.55707830e-06,2.33562679e-06,3.11416905e-06
0.00000000e+00,0.00000000e+00,0.00000000e+00,0.00000000e+00,0.00000000e+00
0.00000000e+00,0.00000000e+00,0.00000000e+00,0.00000000e+00,0.00000000e+00
0.00000000e+00,0.00000000e+00,0.00000000e+00,0.00000000e+00,0.00000000e+00
0.00000000e+00,0.00000000e+00,0.00000000e+00,0.00000000e+00,0.00000000e+00
0.00000000e+00,0.00000000e+00,0.00000000e+00,0.00000000e+00,0.00000000e+00
0.00000000e+00,2.08109560e-06,4.16222629e-06,6.24336144e-06,8.32448192e-06
0.00000000e+00,1.66130495e-06,3.32266735e-06,4.98402760e-06,6.64537014e-06
0.00000000e+00,0.00000000e+00,0.00000000e+00,0.00000000e+00,0.00000000e+00
0.00000000e+00,0.00000000e+00,0.00000000e+00,0.00000000e+00,0.00000000e+00
0.00000000e+00,0.00000000e+00,0.00000000e+00,0.00000000e+00,0.00000000e+00
0.00000000e+00,1.24270297e-06,2.48542211e-06,3.72814187e-06,4.97085583e-06
0.00000000e+00,1.01226395e-06,2.02455258e-06,3.03683700e-06,4.04911601e-06
0.00000000e+00,1.82622347e-06,3.65247738e-06,5.47873521e-06,7.30498028e-06
0.00000000e+00,1.85841329e-06,3.71687444e-06,5.57533798e-06,7.43378397e-06
0.00000000e+00,1.50044398e-06,3.00093977e-06,4.50143393e-06,6.00191190e-06
0.00000000e+00,2.56384510e-06,5.12773539e-06,7.69162841e-06,1.02555045e-05
0.00000000e+00,2.02663798e-06,4.05338363e-06,6.08014091e-06,8.10685454e-06
0.00000000e+00,2.40773031e-06,4.81550356e-06,7.22328229e-06,9.63104306e-06
0.00000000e+00,1.90752958e-06,3.81513098e-06,5.72272838e-06,7.63030450e-06
0.00000000e+00,2.33964922e-06,4.67934078e-06,7.01903824e-06,9.35871766e-06
0.00000000e+00,2.29949203e-06,4.59906312e-06,6.89864293e-06,9.19819058e-06
0.00000000e+00,1.88801083e-06,3.77611695e-06,5.66423253e-06,7.55231003e-06
0.00000000e+00,2.64150559e-06,5.28306344e-06,7.92462463e-06,1.05661662e-05
0.00000000e+00,2.08615914e-06,4.17242817e-06,6.25869893e-06,8.34493190e-06
0.00000000e+00,2.62461198e-06,5.24927565e-06,7.87394447e-06,1.04985926e-05
0.00000000e+00,2.07291897e-06,4.14592975e-06,6.21893405e-06,8.29191206e-06
0.00000000e+00,2.41354934e-06,4.82714512e-06,7.24074615e-06,9.65432820e-06
0.00000000e+00,2.36669714e-06,4.73347696e-06,7.10025951e-06,9.46701268e-06
0.00000000e+00,1.94544234e-06,3.89097946e-06,5.83651432e-06,7.78201909e-06
0.00000000e+00,2.56384625e-06,5.12773713e-06,7.69162841e-06,1.02555045e-05
0.00000000e+00,2.02666315e-06,4.05340879e-06,6.08014091e-06,8.10685454e-06
0.00000000e+00,2.62461261e-06,5.24927694e-06,7.87394447e-06,1.04985926e-05
0.00000000e+00,2.07292476e-06,4.14593599e-06,6.21893405e-06,8.29191206e-06
0.00000000e+00,2.33965272e-06,4.67934473e-06,7.01903824e-06,9.35871766e-06
0.00000000e+00,2.29950194e-06,4.59907363e-06,6.89864293e-06,9.19819058e-06
0.00000000e+00,1.88803154e-06,3.77613793e-06,5.66423253e-06,7.55231003e-06
0.00000000e+00,2.08109820e-06,4.16222876e-06,6.24336144e-06,8.32448192e-06
0.00000000e+00,1.66131043e-06,3.32267423e-06,4.98402760e-06,6.64537014e-06
0.00000000e+00,2.40773079e-06,4.81550445e-06,7.22328229e-06,9.63104306e-06
0.00000000e+00,1.90753785e-06,3.81513970e-06,5.72272838e-06,7.63030450e-06
0.00000000e+00,1.82622497e-06,3.65247895e-06,5.47873521e-06,7.30498028e-06
0.00000000e+00,1.85842249e-06,3.71688321e-06,5.57533798e-06,7.43378397e-06
0.00000000e+00,1.50044901e-06,3.00094591e-06,4.50143393e-06,6.00191190e-06
0.00000000e+00,0.00000000e+00,0.00000000e+00,0.00000000e+00,0.00000000e+00
0.00000000e+00,0.00000000e+00,0.00000000e+00,0.00000000e+00,0.00000000e+00
0.00000000e+00,1.24270282e-06,2.48542254e-06,3.72814187e-06,4.97085583e-06
0.00000000e+00,1.01226372e-06,2.02455331e-06,3.03683700e-06,4.04911601e-06
0.00000000e+00,0.00000000e+00,0.00000000e+00,0.00000000e+00,0.00000000e+00
0.00000000e+00,0.00000000e+00,0.00000000e+00,0.00000000e+00,0.00000000e+00
0.00000000e+00,0.00000000e+00,0.00000000e+00,0.00000000e+00,0.00000000e+00
0.00000000e+00,0.00000000e+00,0.00000000e+00,0.00000000e+00,0.00000000e+00
0.00000000e+00,0.00000000e+00,0.00000000e+00,0.00000000e+00,0.00000000e+00
0.00000000e+00,2.47174555e-06,4.94353214e-06,7.41532447e-06,9.88709930e-06
0.00000000e+00,1.89279426e-06,3.78564782e-06,5.67849304e-06,7.57132405e-06
0.00000000e+00,0.00000000e+00,0.00000000e+00,0.00000000e+00,0.00000000e+00
0.00000000e+00,0.00000000e+00,0.00000000e+00,0.00000000e+00,0.00000000e+00
0.00000000e+00,0.00000000e+00,0.00000000e+00,0.00000000e+00,0.00000000e+00
0.00000000e+00,1.77618794e-06,3.55239333e-06,5.32859820e-06,7.10479760e-06
0.00000000e+00,1.36628169e-06,2.73258857e-06,4.09888788e-06,5.46518384e-06
0.00000000e+00,2.27405459e-06,4.54814739e-06,6.82224531e-06,9.09632708e-06
0.00000000e+00,2.22814424e-06,4.45634228e-06,6.68454079e-06,8.91272105e-06
0.00000000e+00,1.77709960e-06,3.55425823e-06,5.33141228e-06,7.10854970e-06
0.00000000e+00,2.99889208e-06,5.99784170e-06,8.99679672e-06,1.19957290e-05
0.00000000e+00,2.29494492e-06,4.59000110e-06,6.88505615e-06,9.18007487e-06
0.00000000e+00,2.85358816e-06,5.70722650e-06,8.56086968e-06,1.14144929e-05
0.00000000e+00,2.18257966e-06,4.36524140e-06,6.54789569e-06,8.73052758e-06
0.00000000e+00,2.78668431e-06,5.57341925e-06,8.36015731e-06,1.11468764e-05
0.00000000e+00,2.69982865e-06,5.39974633e-06,8.09966912e-06,1.07995588e-05
0.00000000e+00,2.16324786e-06,4.32660598e-06,6.48997057e-06,8.65329409e-06
0.00000000e+00,3.08250516e-06,6.16507269e-06,9.24764343e-06,1.23301912e-05
0.00000000e+00,2.35911350e-06,4.71834463e-06,7.07756676e-06,9.43675568e-06
0.00000000e+00,3.06453470e-06,6.12913011e-06,9.19372875e-06,1.22583050e-05
0.00000000e+00,2.34581065e-06,4.69172749e-06,7.03763395e-06,9.38351193e-06
0.00000000e+00,2.86157647e-06,5.72321012e-06,8.58484677e-06,1.14464624e-05
0.00000000e+00,2.77472520e-06,5.54954401e-06,8.32436126e-06,1.10991483e-05
0.00000000e+00,2.22247931e-06,4.44507280e-06,6.66766350e-06,8.89021800e-06
0.00000000e+00,2.99889145e-06,5.99784205e-06,8.99679672e-06,1.19957290e-05
0.00000000e+00,2.29496314e-06,4.59001944e-06,6.88505615e-06,9.18007487e-06
0.00000000e+00,3.06453336e-06,6.12912987e-06,9.19372875e-06,1.22583050e-05
0.00000000e+00,2.34581661e-06,4.69173382e-06,7.03763395e-06,9.38351193e-06
0.00000000e+00,2.78668349e-06,5.57341923e-06,8.36015731e-06,1.11468764e-05
0.00000000e+00,2.69983878e-06,5.39975693e-06,8.09966912e-06,1.07995588e-05
0.00000000e+00,2.16327100e-06,4.32662895e-06,6.48997057e-06,8.65329409e-06
0.00000000e+00,2.47175428e-06,4.94354054e-06,7.41532447e-06,9.88709930e-06
0.00000000e+00,1.89279826e-06,3.78565413e-06,5.67849304e-06,7.57132405e-06
0.00000000e+00,2.85359183e-06,5.70723038e-06,8.56086968e-06,1.14144929e-05
0.00000000e+00,2.18258730e-06,4.36525003e-06,6.54789569e-06,8.73052758e-06
0.00000000e+00,2.27406153e-06,4.54815397e-06,6.82224531e-06,9.09632708e-06
0.00000000e+00,2.22815043e-06,4.45634903e-06,6.68454079e-06,8.91272105e-06
0.00000000e+00,1.77710540e-06,3.55426595e-06,5.33141228e-06,7.10854970e-06
0.00000000e+00,0.00000000e+00,0.00000000e+00,0.00000000e+00,0.00000000e+00
0.00000000e+00,0.00000000e+00,0.00000000e+00,0.00000000e+00,0.00000000e+00
0.00000000e+00,1.77618993e-06,3.55239574e-06,5.32859820e-06,7.10479760e-06
0.00000000e+00,1.36628106e-06,2.73258926e-06,4.09888788e-06,5.46518384e-06
0.00000000e+00,0.00000000e+00,0.00000000e+00,0.00000000e+00,0.00000000e+00
0.00000000e+00,0.00000000e+00,0.00000000e+00,0.00000000e+00,0.00000000e+00
0.00000000e+00,0.00000000e+00,0.00000000e+00,0.00000000e+00,0.00000000e+00
0.00000000e+00,0.00000000e+00,0.00000000e+00,0.00000000e+00,0.00000000e+00
0.00000000e+00,1.20715386e-06,2.41430075e-06,3.62144489e-06,4.82859318e-06
0.00000000e+00,0.00000000e+00,0.00000000e+00,0.00000000e+00,0.00000000e+00
0.00000000e+00,0.00000000e+00,0.00000000e+00,0.00000000e+00,0.00000000e+00
0.00000000e+00,6.68363005e-07,1.33672474e-06,2.00508682e-06,2.67344909e-06
0.00000000e+00,9.95340235e-07,1.99067576e-06,2.98601034e-06,3.98134712e-06
0.00000000e+00,1.18578554e-06,2.37157237e-06,3.55735770e-06,4.74314360e-06
0.00000000e+00,1.69904192e-06,3.39808850e-06,5.09714698e-06,6.79619597e-06
0.00000000e+00,1.53662210e-06,3.07324373e-06,4.60987065e-06,6.14649421e-06
0.00000000e+00,1.42990106e-06,2.85980507e-06,4.28972044e-06,5.71962726e-06
0.00000000e+00,1.66768405e-06,3.33537900e-06,5.00308107e-06,6.67077476e-06
0.00000000e+00,1.78350498e-06,3.56701202e-06,5.35053053e-06,7.13404071e-06
0.00000000e+00,1.76520661e-06,3.53041620e-06,5.29563720e-06,7.06084960e-06
0.00000000e+00,1.50778019e-06,3.01556662e-06,4.52336891e-06,6.03115855e-06
0.00000000e+00,1.75000199e-06,3.50001640e-06,5.25003728e-06,7.00004971e-06
0.00000000e+00,1.69904249e-06,3.39808882e-06,5.09714698e-06,6.79619597e-06
0.00000000e+00,1.76520646e-06,3.53041589e-06,5.29563720e-06,7.06084960e-06
0.00000000e+00,1.42989842e-06,2.85980214e-06,4.28972044e-06,5.71962726e-06
0.00000000e+00,1.66767717e-06,3.33537282e-06,5.00308107e-06,6.67077476e-06
0.00000000e+00,1.20714941e-06,2.41429598e-06,3.62144489e-06,4.82859318e-06
0.00000000e+00,1.53662021e-06,3.07324172e-06,4.60987065e-06,6.14649421e-06
0.00000000e+00,9.95330793e-07,1.99066594e-06,2.98601034e-06,3.98134712e-06
0.00000000e+00,1.18578381e-06,2.37157050e-06,3.55735770e-06,4.74314360e-06
0.00000000e+00,0.00000000e+00,0.00000000e+00,0.00000000e+00,0.00000000e+00
0.00000000e+00,6.68362063e-07,1.33672382e-06,2.00508682e-06,2.67344909e-06
0.00000000e+00,0.00000000e+00,0.00000000e+00,0.00000000e+00,0.00000000e+00
0.00000000e+00,0.00000000e+00,0.00000000e+00,0.00000000e+00,0.00000000e+00
0.00000000e+00,0.00000000e+00,0.00000000e+00,0.00000000e+00,0.00000000e+00
0.00000000e+00,1.67603387e-06,3.35206315e-06,5.02809151e-06,6.70412201e-06
0.00000000e+00,0.00000000e+00,0.00000000e+00,0.00000000e+00,0.00000000e+00
0.00000000e+00,0.00000000e+00,0.00000000e+00,0.00000000e+00,0.00000000e+00
0.00000000e+00,9.46542062e-07,1.89308279e-06,2.83962380e-06,3.78616506e-06
0.00000000e+00,1.43172199e-06,2.86343807e-06,4.29515215e-06,5.72686953e-06
0.00000000e+00,1.62602941e-06,3.25206593e-06,4.87810201e-06,6.50413602e-06
0.00000000e+00,2.23066493e-06,4.46133208e-06,6.69200772e-06,8.92267696e-06
0.00000000e+00,2.06023478e-06,4.12046719e-06,6.18070281e-06,8.24093708e-06
0.00000000e+00,1.96765445e-06,3.93531201e-06,5.90297902e-06,7.87063869e-06
0.00000000e+00,2.16858665e-06,4.33719137e-06,6.50580326e-06,8.67440434e-06
0.00000000e+00,2.31987186e-06,4.63974927e-06,6.95963923e-06,9.27951898e-06
0.00000000e+00,2.30304123e-06,4.60608446e-06,6.90913730e-06,9.21218307e-06
0.00000000e+00,2.05363203e-06,4.10726693e-06,6.16091222e-06,8.21454963e-06
0.00000000e+00,2.25535338e-06,4.51072871e-06,6.76611348e-06,9.02148464e-06
0.00000000e+00,2.23065921e-06,4.46132684e-06,6.69200772e-06,8.92267696e-06
0.00000000e+00,2.30303723e-06,4.60608046e-06,6.90913730e-06,9.21218307e-06
0.00000000e+00,1.96765044e-06,3.93530823e-06,5.90297902e-06,7.87063869e-06
0.00000000e+00,2.16858417e-06,4.33718944e-06,6.50580326e-06,8.67440434e-06
0.00000000e+00,1.67603027e-06,3.35205993e-06,5.02809151e-06,6.70412201e-06
0.00000000e+00,2.06022668e-06,4.12045970e-06,6.18070281e-06,8.24093708e-06
0.00000000e+00,1.43171916e-06,2.86343508e-06,4.29515215e-06,5.72686953e-06
0.00000000e+00,1.62602845e-06,3.25206523e-06,4.87810201e-06,6.50413602e-06
0.00000000e+00,0.00000000e+00,0.00000000e+00,0.00000000e+00,0.00000000e+00
0.00000000e+00,9.46540201e-07,1.89308116e-06,2.83962380e-06,3.78616506e-06
0.00000000e+00,0.00000000e+00,0.00000000e+00,0.00000000e+00,0.00000000e+00
0.00000000e+00,0.00000000e+00,0.00000000e+00,0.00000000e+00,0.00000000e+00
0.00000000e+00,0.00000000e+00,0.00000000e+00,0.00000000e+00,0.00000000e+00
0.00000000e+00,2.22632346e-06,4.45264504e-06,6.67896885e-06,8.90529181e-06
0.00000000e+00,0.00000000e+00,0.00000000e+00,0.00000000e+00,0.00000000e+00
0.00000000e+00,0.00000000e+00,0.00000000e+00,0.00000000e+00,0.00000000e+00
0.00000000e+00,1.31876883e-06,2.63753570e-06,3.95630268e-06,5.27507024e-06
0.00000000e+00,1.93734871e-06,3.87469456e-06,5.81204149e-06,7.74938865e-06
0.00000000e+00,2.13610388e-06,4.27221883e-06,6.40833432e-06,8.54444576e-06
0.00000000e+00,2.75273817e-06,5.50547536e-06,8.25821979e-06,1.10109597e-05
0.00000000e+00,2.58259339e-06,5.16518353e-06,7.74777664e-06,1.03303689e-05
0.00000000e+00,2.49850999e-06,4.99701971e-06,7.49553640e-06,9.99404853e-06
0.00000000e+00,2.66367285e-06,5.32736718e-06,7.99106607e-06,1.06547548e-05
0.00000000e+00,2.83740597e-06,5.67482180e-06,8.51225503e-06,1.13496734e-05
0.00000000e+00,2.81923528e-06,5.63847458e-06,8.45772540e-06,1.12769672e-05
0.00000000e+00,2.57902535e-06,5.15805892e-06,7.73710790e-06,1.03161439e-05
0.00000000e+00,2.74346673e-06,5.48695995e-06,8.23046015e-06,1.09739469e-05
0.00000000e+00,2.75272482e-06,5.50546318e-06,8.25821979e-06,1.10109597e-05
0.00000000e+00,2.81923467e-06,5.63847371e-06,8.45772540e-06,1.12769672e-05
0.00000000e+00,2.49850002e-06,4.99701051e-06,7.49553640e-06,9.99404853e-06
0.00000000e+00,2.66366633e-06,5.32736174e-06,7.99106607e-06,1.06547548e-05
0.00000000e+00,2.22632014e-06,4.45264238e-06,6.67896885e-06,8.90529181e-06
0.00000000e+00,2.58258648e-06,5.16517728e-06,7.74777664e-06,1.03303689e-05
0.00000000e+00,1.93734584e-06,3.87469231e-06,5.81204149e-06,7.74938865e-06
0.00000000e+00,2.13610226e-06,4.27221760e-06,6.40833432e-06,8.54444576e-06
0.00000000e+00,0.00000000e+00,0.00000000e+00,0.00000000e+00,0.00000000e+00
0.00000000e+00,1.31876296e-06,2.63753038e-06,3.95630268e-06,5.27507024e-06
0.00000000e+00,0.00000000e+00,0.00000000e+00,0.00000000e+00,0.00000000e+00
0.00000000e+00,0.00000000e+00,0.00000000e+00,0.00000000e+00,0.00000000e+00
0.00000000e+00,0.00000000e+00,0.00000000e+00,0.00000000e+00,0.00000000e+00
0.00000000e+00,2.67246448e-06,5.34492655e-06,8.01739092e-06,1.06898546e-05
0.00000000e+00,0.00000000e+00,0.00000000e+00,0.00000000e+00,0.00000000e+00
0.00000000e+00,0.00000000e+00,0.00000000e+00,0.00000000e+00,0.00000000e+00
0.00000000e+00,1.92107725e-06,3.84215035e-06,5.76322279e-06,7.68429705e-06
0.00000000e+00,2.44561022e-06,4.89121826e-06,7.33682854e-06,9.78243806e-06
0.00000000e+00,2.62500502e-06,5.25002774e-06,7.87505317e-06,1.05000709e-05
0.00000000e+00,3.24626313e-06,6.49253272e-06,9.73881682e-06,1.29850891e-05
0.00000000e+00,3.08856532e-06,6.17712925e-06,9.26569899e-06,1.23542653e-05
0.00000000e+00,3.00641321e-06,6.01282933e-06,9.01925668e-06,1.20256756e-05
0.00000000e+00,3.18520062e-06,6.37042755e-06,9.55565876e-06,1.27408783e-05
0.00000000e+00,3.33652150e-06,6.67305465e-06,1.00096071e-05,1.33461428e-05
0.00000000e+00,3.31694819e-06,6.63390369e-06,9.95087514e-06,1.32678335e-05
0.00000000e+00,3.08623237e-06,6.17247556e-06,9.25873732e-06,1.23449831e-05
0.00000000e+00,3.27311266e-06,6.54626222e-06,9.81942162e-06,1.30925622e-05
0.00000000e+00,3.24625554e-06,6.49252640e-06,9.73881682e-06,1.29850891e-05
0.00000000e+00,3.31695388e-06,6.63390922e-06,9.95087514e-06,1.32678335e-05
0.00000000e+00,3.00640288e-06,6.01282025e-06,9.01925668e-06,1.20256756e-05
0.00000000e+00,3.18519131e-06,6.37041959e-06,9.55565876e-06,1.27408783e-05
0.00000000e+00,2.67246499e-06,5.34492715e-06,8.01739092e-06,1.06898546e-05
0.00000000e+00,3.08856269e-06,6.17712710e-06,9.26569899e-06,1.23542653e-05
0.00000000e+00,2.44560887e-06,4.89121729e-06,7.33682854e-06,9.78243806e-06
0.00000000e+00,2.62500349e-06,5.25002673e-06,7.87505317e-06,1.05000709e-05
0.00000000e+00,0.00000000e+00,0.00000000e+00,0.00000000e+00,0.00000000e+00
0.00000000e+00,1.92106980e-06,3.84214355e-06,5.76322279e-06,7.68429705e-06
0.00000000e+00,0.00000000e+00,0.00000000e+00,0.00000000e+00,0.00000000e+00
0.00000000e+00,0.00000000e+00,0.00000000e+00,0.00000000e+00,0.00000000e+00
0.00000000e+00,0.00000000e+00,0.00000000e+00,0.00000000e+00,0.00000000e+00
0.00000000e+00,1.17254779e-06,2.34507845e-06,3.51761143e-06,4.69014858e-06
0.00000000e+00,0.00000000e+00,0.00000000e+00,0.00000000e+00,0.00000000e+00
0.00000000e+00,0.00000000e+00,0.00000000e+00,0.00000000e+00,0.00000000e+00
0.00000000e+00,6.51576046e-07,1.30314689e-06,1.95472211e-06,2.60629615e-06
0.00000000e+00,9.81669737e-07,1.96332648e-06,2.94497728e-06,3.92663638e-06
0.00000000e+00,1.18579278e-06,2.37157490e-06,3.55735770e-06,4.74314360e-06
0.00000000e+00,1.63573766e-06,3.27145341e-06,4.90717914e-06,6.54290552e-06
0.00000000e+00,1.48454225e-06,2.96906820e-06,4.45360478e-06,5.93813970e-06
0.00000000e+00,1.39858551e-06,2.79715292e-06,4.19571073e-06,5.59428097e-06
0.00000000e+00,1.66769731e-06,3.33538426e-06,5.00308107e-06,6.67077476e-06
0.00000000e+00,1.71390886e-06,3.42779348e-06,5.14168743e-06,6.85558324e-06
0.00000000e+00,1.69699805e-06,3.39397653e-06,5.09097131e-06,6.78796175e-06
0.00000000e+00,1.47157674e-06,2.94314242e-06,4.41470064e-06,5.88626752e-06
0.00000000e+00,1.75001548e-06,3.50002084e-06,5.25003728e-06,7.00004971e-06
0.00000000e+00,1.63573260e-06,3.27144791e-06,4.90717914e-06,6.54290552e-06
0.00000000e+00,1.69699758e-06,3.39397580e-06,5.09097131e-06,6.78796175e-06
0.00000000e+00,1.39856661e-06,2.79713461e-06,4.19571073e-06,5.59428097e-06
0.00000000e+00,1.66769265e-06,3.33537953e-06,5.00308107e-06,6.67077476e-06
0.00000000e+00,1.17254720e-06,2.34507760e-06,3.51761143e-06,4.69014858e-06
0.00000000e+00,1.48454081e-06,2.96906611e-06,4.45360478e-06,5.93813970e-06
0.00000000e+00,9.81660205e-07,1.96331706e-06,2.94497728e-06,3.92663638e-06
0.00000000e+00,1.18578956e-06,2.37157137e-06,3.55735770e-06,4.74314360e-06
0.00000000e+00,0.00000000e+00,0.00000000e+00,0.00000000e+00,0.00000000e+00
0.00000000e+00,6.51577315e-07,1.30314795e-06,1.95472211e-06,2.60629615e-06
0.00000000e+00,0.00000000e+00,0.00000000e+00,0.00000000e+00,0.00000000e+00
0.00000000e+00,0.00000000e+00,0.00000000e+00,0.00000000e+00,0.00000000e+00
0.00000000e+00,0.00000000e+00,0.00000000e+00,0.00000000e+00,0.00000000e+00
0.00000000e+00,1.59390995e-06,3.18780206e-06,4.78170480e-06,6.37560641e-06
0.00000000e+00,0.00000000e+00,0.00000000e+00,0.00000000e+00,0.00000000e+00
0.00000000e+00,0.00000000e+00,0.00000000e+00,0.00000000e+00,0.00000000e+00
0.00000000e+00,9.05005546e-07,1.81000345e-06,2.71500788e-06,3.62001051e-06
0.00000000e+00,1.37469005e-06,2.74936194e-06,4.12404053e-06,5.49872070e-06
0.00000000e+00,1.62604035e-06,3.25206934e-06,4.87810201e-06,6.50413602e-06
0.00000000e+00,2.10399986e-06,4.20797384e-06,6.31196987e-06,8.41595983e-06
0.00000000e+00,1.94787799e-06,3.89573550e-06,5.84361118e-06,7.79148158e-06
0.00000000e+00,1.87255404e-06,3.74508459e-06,5.61763345e-06,7.49017793e-06
0.00000000e+00,2.16860505e-06,4.33719746e-06,6.50580326e-06,8.67440434e-06
0.00000000e+00,2.18527468e-06,4.37051801e-06,6.55578733e-06,8.74104977e-06
0.00000000e+00,2.17001299e-06,4.33999981e-06,6.51001376e-06,8.68001835e-06
0.00000000e+00,1.95105355e-06,3.90207885e-06,5.85312399e-06,7.80416531e-06
0.00000000e+00,2.25537387e-06,4.51073529e-06,6.76611348e-06,9.02148464e-06
0.00000000e+00,2.10400297e-06,4.20797557e-06,6.31196987e-06,8.41595983e-06
0.00000000e+00,2.17001370e-06,4.33999995e-06,6.51001376e-06,8.68001835e-06
0.00000000e+00,1.87255614e-06,3.74508559e-06,5.61763345e-06,7.49017793e-06
0.00000000e+00,2.16860281e-06,4.33719497e-06,6.50580326e-06,8.67440434e-06
0.00000000e+00,1.59391048e-06,3.18780163e-06,4.78170480e-06,6.37560641e-06
0.00000000e+00,1.94787761e-06,3.89573429e-06,5.84361118e-06,7.79148158e-06
0.00000000e+00,1.37468960e-06,2.74936106e-06,4.12404053e-06,5.49872070e-06
0.00000000e+00,1.62603869e-06,3.25206743e-06,4.87810201e-06,6.50413602e-06
0.00000000e+00,0.00000000e+00,0.00000000e+00,0.00000000e+00,0.00000000e+00
0.00000000e+00,9.05005853e-07,1.81000339e-06,2.71500788e-06,3.62001051e-06
0.00000000e+00,0.00000000e+00,0.00000000e+00,0.00000000e+00,0.00000000e+00
0.00000000e+00,0.00000000e+00,0.00000000e+00,0.00000000e+00,0.00000000e+00
0.00000000e+00,0.00000000e+00,0.00000000e+00,0.00000000e+00,0.00000000e+00
0.00000000e+00,2.08112645e-06,4.16223584e-06,6.24336144e-06,8.32448192e-06
0.00000000e+00,0.00000000e+00,0.00000000e+00,0.00000000e+00,0.00000000e+00
0.00000000e+00,0.00000000e+00,0.00000000e+00,0.00000000e+00,0.00000000e+00
0.00000000e+00,1.24271866e-06,2.48542669e-06,3.72814187e-06,4.97085583e-06
0.00000000e+00,1.82625216e-06,3.65248691e-06,5.47873521e-06,7.30498028e-06
0.00000000e+00,2.13611708e-06,4.27222250e-06,6.40833432e-06,8.54444576e-06
0.00000000e+00,2.56389103e-06,5.12774847e-06,7.69162841e-06,1.02555045e-05
0.00000000e+00,2.40777084e-06,4.81551634e-06,7.22328229e-06,9.63104306e-06
0.00000000e+00,2.33969185e-06,4.67935394e-06,7.01903824e-06,9.35871766e-06
0.00000000e+00,2.66369408e-06,5.32737227e-06,7.99106607e-06,1.06547548e-05
0.00000000e+00,2.64155462e-06,5.28307397e-06,7.92462463e-06,1.05661662e-05
0.00000000e+00,2.62466142e-06,5.24928861e-06,7.87394447e-06,1.04985926e-05
0.00000000e+00,2.41359443e-06,4.82715571e-06,7.24074615e-06,9.65432820e-06
0.00000000e+00,2.74348901e-06,5.48696374e-06,8.23046015e-06,1.09739469e-05
0.00000000e+00,2.56388432e-06,5.12774097e-06,7.69162841e-06,1.02555045e-05
0.00000000e+00,2.62465757e-06,5.24928430e-06,7.87394447e-06,1.04985926e-05
0.00000000e+00,2.33968990e-06,4.67935096e-06,7.01903824e-06,9.35871766e-06
0.00000000e+00,2.66368657e-06,5.32736478e-06,7.99106607e-06,1.06547548e-05
0.00000000e+00,2.08112949e-06,4.16223731e-06,6.24336144e-06,8.32448192e-06
0.00000000e+00,2.40776791e-06,4.81551241e-06,7.22328229e-06,9.63104306e-06
0.00000000e+00,1.82625365e-06,3.65248711e-06,5.47873521e-06,7.30498028e-06
0.00000000e+00,2.13611651e-06,4.27222169e-06,6.40833432e-06,8.54444576e-06
0.00000000e+00,0.00000000e+00,0.00000000e+00,0.00000000e+00,0.00000000e+00
0.00000000e+00,1.24271900e-06,2.48542640e-06,3.72814187e-06,4.97085583e-06
0.00000000e+00,0.00000000e+00,0.00000000e+00,0.00000000e+00,0.00000000e+00
0.00000000e+00,0.00000000e+00,0.00000000e+00,0.00000000e+00,0.00000000e+00
0.00000000e+00,0.00000000e+00,0.00000000e+00,0.00000000e+00,0.00000000e+00
0.00000000e+00,2.47178113e-06,4.94354311e-06,7.41532447e-06,9.88709930e-06
0.00000000e+00,0.00000000e+00,0.00000000e+00,0.00000000e+00,0.00000000e+00
0.00000000e+00,0.00000000e+00,0.00000000e+00,0.00000000e+00,0.00000000e+00
0.00000000e+00,1.77620583e-06,3.55239837e-06,5.32859820e-06,7.10479760e-06
0.00000000e+00,2.27408761e-06,4.54815745e-06,6.82224531e-06,9.09632708e-06
0.00000000e+00,2.62502238e-06,5.25003313e-06,7.87505317e-06,1.05000709e-05
0.00000000e+00,2.99894800e-06,5.99785780e-06,8.99679672e-06,1.19957290e-05
0.00000000e+00,2.85363525e-06,5.70724065e-06,8.56086968e-06,1.14144929e-05
0.00000000e+00,2.78673515e-06,5.57343369e-06,8.36015731e-06,1.11468764e-05
0.00000000e+00,3.18522737e-06,6.37043486e-06,9.55565876e-06,1.27408783e-05
0.00000000e+00,3.08256626e-06,6.16508786e-06,9.24764343e-06,1.23301912e-05
0.00000000e+00,3.06459134e-06,6.12914308e-06,9.19372875e-06,1.22583050e-05
0.00000000e+00,2.86163186e-06,5.72322321e-06,8.58484677e-06,1.14464624e-05
0.00000000e+00,3.27314233e-06,6.54626921e-06,9.81942162e-06,1.30925622e-05
0.00000000e+00,2.99894230e-06,5.99785155e-06,8.99679672e-06,1.19957290e-05
0.00000000e+00,3.06458779e-06,6.12913912e-06,9.19372875e-06,1.22583050e-05
0.00000000e+00,2.78672753e-06,5.57342547e-06,8.36015731e-06,1.11468764e-05
0.00000000e+00,3.18521520e-06,6.37042302e-06,9.55565876e-06,1.27408783e-05
0.00000000e+00,2.47178379e-06,4.94354443e-06,7.41532447e-06,9.88709930e-06
0.00000000e+00,2.85363556e-06,5.70723962e-06,8.56086968e-06,1.14144929e-05
0.00000000e+00,2.27409132e-06,4.54815966e-06,6.82224531e-06,9.09632708e-06
0.00000000e+00,2.62501999e-06,5.25003054e-06,7.87505317e-06,1.05000709e-05
0.00000000e+00,0.00000000e+00,0.00000000e+00,0.00000000e+00,0.00000000e+00
0.00000000e+00,1.77620651e-06,3.55239828e-06,5.32859820e-06,7.10479760e-06
0.00000000e+00,0.00000000e+00,0.00000000e+00,0.00000000e+00,0.00000000e+00
0.00000000e+00,0.00000000e+00,0.00000000e+00,0.00000000e+00,0.00000000e+00
0.00000000e+00,0.00000000e+00,0.00000000e+00,0.00000000e+00,0.00000000e+00
0.00000000e+00,1.07054480e-06,2.14106597e-06,3.21161284e-06,4.28215045e-06
0.00000000e+00,0.00000000e+00,0.00000000e+00,0.00000000e+00,0.00000000e+00
0.00000000e+00,0.00000000e+00,0.00000000e+00,0.00000000e+00,0.00000000e+00
0.00000000e+00,6.01121128e-07,1.20223149e-06,1.80335249e-06,2.40446999e-06
0.00000000e+00,9.42094638e-07,1.88416652e-06,2.82627383e-06,3.76836511e-06
0.00000000e+00,1.11872824e-06,2.23743748e-06,3.35616413e-06,4.47488551e-06
0.00000000e+00,1.45451280e-06,2.90899482e-06,4.36353640e-06,5.81804853e-06
0.00000000e+00,1.33299630e-06,2.66596293e-06,3.99896378e-06,5.33195170e-06
0.00000000e+00,1.30836511e-06,2.61670275e-06,3.92512596e-06,5.23350128e-06
0.00000000e+00,1.54566512e-06,3.09130052e-06,4.63697311e-06,6.18263082e-06
0.00000000e+00,1.51695834e-06,3.03385591e-06,4.55080516e-06,6.06774021e-06
0.00000000e+00,1.50381945e-06,3.00759581e-06,4.51142014e-06,6.01522685e-06
0.00000000e+00,1.36890189e-06,2.73773538e-06,4.10664596e-06,5.47552795e-06
0.00000000e+00,1.61616196e-06,3.23227998e-06,4.84843609e-06,6.46458146e-06
0.00000000e+00,1.45453633e-06,2.90901544e-06,4.36353640e-06,5.81804853e-06
0.00000000e+00,1.50382771e-06,3.00760275e-06,4.51142014e-06,6.01522685e-06
0.00000000e+00,1.30840972e-06,2.61674260e-06,3.92512596e-06,5.23350128e-06
0.00000000e+00,1.54567816e-06,3.09131134e-06,4.63697311e-06,6.18263082e-06
0.00000000e+00,1.07054896e-06,2.14106847e-06,3.21161284e-06,4.28215045e-06
0.00000000e+00,1.33300441e-06,2.66596926e-06,3.99896378e-06,5.33195170e-06
0.00000000e+00,9.42111507e-07,1.88418095e-06,2.82627383e-06,3.76836511e-06
0.00000000e+00,1.11873335e-06,2.23744103e-06,3.35616413e-06,4.47488551e-06
0.00000000e+00,0.00000000e+00,0.00000000e+00,0.00000000e+00,0.00000000e+00
0.00000000e+00,6.01124023e-07,1.20223342e-06,1.80335249e-06,2.40446999e-06
0.00000000e+00,0.00000000e+00,0.00000000e+00,0.00000000e+00,0.00000000e+00
0.00000000e+00,0.00000000e+00,0.00000000e+00,0.00000000e+00,0.00000000e+00
0.00000000e+00,0.00000000e+00,0.00000000e+00,0.00000000e+00,0.00000000e+00
0.00000000e+00,1.35092151e-06,2.70181200e-06,4.05272395e-06,5.40363193e-06
0.00000000e+00,0.00000000e+00,0.00000000e+00,0.00000000e+00,0.00000000e+00
0.00000000e+00,0.00000000e+00,0.00000000e+00,0.00000000e+00,0.00000000e+00
0.00000000e+00,7.78549914e-07,1.55708339e-06,2.33562679e-06,3.11416905e-06
0.00000000e+00,1.20559940e-06,2.41117205e-06,3.61676785e-06,4.82235713e-06
0.00000000e+00,1.46675247e-06,2.93348276e-06,4.40023101e-06,5.86697468e-06
0.00000000e+00,1.74289423e-06,3.48574408e-06,5.22864282e-06,6.97152375e-06
0.00000000e+00,1.62389194e-06,3.24774567e-06,4.87163612e-06,6.49551483e-06
0.00000000e+00,1.60074260e-06,3.20144903e-06,4.80220872e-06,6.40294496e-06
0.00000000e+00,1.92448442e-06,3.84893234e-06,5.77341512e-06,7.69788682e-06
0.00000000e+00,1.80504818e-06,3.61003351e-06,5.41506843e-06,7.22009124e-06
0.00000000e+00,1.79356278e-06,3.58707175e-06,5.38063322e-06,7.17417763e-06
0.00000000e+00,1.66155252e-06,3.32304421e-06,4.98458456e-06,6.64611275e-06
0.00000000e+00,1.99693032e-06,3.99381439e-06,5.99073797e-06,7.98765063e-06
0.00000000e+00,1.74290592e-06,3.48575339e-06,5.22864282e-06,6.97152375e-06
0.00000000e+00,1.79357459e-06,3.58708189e-06,5.38063322e-06,7.17417763e-06
0.00000000e+00,1.60075872e-06,3.20146262e-06,4.80220872e-06,6.40294496e-06
0.00000000e+00,1.92449015e-06,3.84893621e-06,5.77341512e-06,7.69788682e-06
0.00000000e+00,1.35091613e-06,2.70180520e-06,4.05272395e-06,5.40363193e-06
0.00000000e+00,1.62389779e-06,3.24774979e-06,4.87163612e-06,6.49551483e-06
0.00000000e+00,1.20559890e-06,2.41116992e-06,3.61676785e-06,4.82235713e-06
0.00000000e+00,1.46675538e-06,2.93348388e-06,4.40023101e-06,5.86697468e-06
0.00000000e+00,0.00000000e+00,0.00000000e+00,0.00000000e+00,0.00000000e+00
0.00000000e+00,7.78551511e-07,1.55708423e-06,2.33562679e-06,3.11416905e-06
0.00000000e+00,0.00000000e+00,0.00000000e+00,0.00000000e+00,0.00000000e+00
0.00000000e+00,0.00000000e+00,0.00000000e+00,0.00000000e+00,0.00000000e+00
0.00000000e+00,0.00000000e+00,0.00000000e+00,0.00000000e+00,0.00000000e+00
0.00000000e+00,1.66135679e-06,3.32267899e-06,4.98402760e-06,6.64537014e-06
0.00000000e+00,0.00000000e+00,0.00000000e+00,0.00000000e+00,0.00000000e+00
0.00000000e+00,0.00000000e+00,0.00000000e+00,0.00000000e+00,0.00000000e+00
0.00000000e+00,1.01228835e-06,2.02455710e-06,3.03683700e-06,4.04911601e-06
0.00000000e+00,1.50049207e-06,3.00095118e-06,4.50143393e-06,6.00191190e-06
0.00000000e+00,1.85845600e-06,3.71688650e-06,5.57533798e-06,7.43378397e-06
0.00000000e+00,2.02674169e-06,4.05341808e-06,6.08014091e-06,8.10685454e-06
0.00000000e+00,1.90759745e-06,3.81514482e-06,5.72272838e-06,7.63030450e-06
0.00000000e+00,1.88809884e-06,3.77614227e-06,5.66423253e-06,7.55231003e-06
0.00000000e+00,2.29956546e-06,4.59908520e-06,6.89864293e-06,9.19819058e-06
0.00000000e+00,2.08626630e-06,4.17245493e-06,6.25869893e-06,8.34493190e-06
0.00000000e+00,2.07300586e-06,4.14594345e-06,6.21893405e-06,8.29191206e-06
0.00000000e+00,1.94553434e-06,3.89099838e-06,5.83651432e-06,7.78201909e-06
0.00000000e+00,2.36677437e-06,4.73349441e-06,7.10025951e-06,9.46701268e-06
0.00000000e+00,2.02674353e-06,4.05341783e-06,6.08014091e-06,8.10685454e-06
0.00000000e+00,2.07301176e-06,4.14594806e-06,6.21893405e-06,8.29191206e-06
0.00000000e+00,1.88810550e-06,3.77614671e-06,5.66423253e-06,7.55231003e-06
0.00000000e+00,2.29956758e-06,4.59908557e-06,6.89864293e-06,9.19819058e-06
0.00000000e+00,1.66135951e-06,3.32267919e-06,4.98402760e-06,6.64537014e-06
0.00000000e+00,1.90759814e-06,3.81514365e-06,5.72272838e-06,7.63030450e-06
0.00000000e+00,1.50049084e-06,3.00094812e-06,4.50143393e-06,6.00191190e-06
0.00000000e+00,1.85845930e-06,3.71688797e-06,5.57533798e-06,7.43378397e-06
0.00000000e+00,0.00000000e+00,0.00000000e+00,0.00000000e+00,0.00000000e+00
0.00000000e+00,1.01228894e-06,2.02455655e-06,3.03683700e-06,4.04911601e-06
0.00000000e+00,0.00000000e+00,0.00000000e+00,0.00000000e+00,0.00000000e+00
0.00000000e+00,0.00000000e+00,0.00000000e+00,0.00000000e+00,0.00000000e+00
0.00000000e+00,0.00000000e+00,0.00000000e+00,0.00000000e+00,0.00000000e+00
0.00000000e+00,1.89284663e-06,3.78565450e-06,5.67849304e-06,7.57132405e-06
0.00000000e+00,0.00000000e+00,0.00000000e+00,0.00000000e+00,0.00000000e+00
0.00000000e+00,0.00000000e+00,0.00000000e+00,0.00000000e+00,0.00000000e+00
0.00000000e+00,1.36630648e-06,2.73259053e-06,4.09888788e-06,5.46518384e-06
0.00000000e+00,1.77715299e-06,3.55426857e-06,5.33141228e-06,7.10854970e-06
0.00000000e+00,2.22819226e-06,4.45635424e-06,6.68454079e-06,8.91272105e-06
0.00000000e+00,2.29505742e-06,4.59003240e-06,6.88505615e-06,9.18007487e-06
0.00000000e+00,2.18265777e-06,4.36525652e-06,6.54789569e-06,8.73052758e-06
0.00000000e+00,2.16335680e-06,4.32663987e-06,6.48997057e-06,8.65329409e-06
0.00000000e+00,2.69991349e-06,5.39977009e-06,8.09966912e-06,1.07995588e-05
0.00000000e+00,2.35923378e-06,4.71837048e-06,7.07756676e-06,9.43675568e-06
0.00000000e+00,2.34591886e-06,4.69174928e-06,7.03763395e-06,9.38351193e-06
0.00000000e+00,2.22259307e-06,4.44509929e-06,6.66766350e-06,8.89021800e-06
0.00000000e+00,2.77481466e-06,5.54956248e-06,8.32436126e-06,1.10991483e-05
0.00000000e+00,2.29505855e-06,4.59003109e-06,6.88505615e-06,9.18007487e-06
0.00000000e+00,2.34592028e-06,4.69175011e-06,7.03763395e-06,9.38351193e-06
0.00000000e+00,2.16335800e-06,4.32663883e-06,6.48997057e-06,8.65329409e-06
0.00000000e+00,2.69991456e-06,5.39976923e-06,8.09966912e-06,1.07995588e-05
0.00000000e+00,1.89285750e-06,3.78566120e-06,5.67849304e-06,7.57132405e-06
0.00000000e+00,2.18265688e-06,4.36525323e-06,6.54789569e-06,8.73052758e-06
0.00000000e+00,1.77716049e-06,3.55427260e-06,5.33141228e-06,7.10854970e-06
0.00000000e+00,2.22819406e-06,4.45635385e-06,6.68454079e-06,8.91272105e-06
0.00000000e+00,0.00000000e+00,0.00000000e+00,0.00000000e+00,0.00000000e+00
0.00000000e+00,1.36631057e-06,2.73259327e-06,4.09888788e-06,5.46518384e-06
0.00000000e+00,0.00000000e+00,0.00000000e+00,0.00000000e+00,0.00000000e+00
0.00000000e+00,0.00000000e+00,0.00000000e+00,0.00000000e+00,0.00000000e+00
0.00000000e+00,0.00000000e+00,0.00000000e+00,0.00000000e+00,0.00000000e+00
0.00000000e+00,5.39849375e-07,1.07966148e-06,1.61949362e-06,2.15932483e-06
0.00000000e+00,0.00000000e+00,0.00000000e+00,0.00000000e+00,0.00000000e+00
0.00000000e+00,0.00000000e+00,0.00000000e+00,0.00000000e+00,0.00000000e+00
0.00000000e+00,3.00307008e-07,6.00602613e-07,9.00911276e-07,1.20121503e-06
0.00000000e+00,4.68159039e-07,9.36290617e-07,1.40444124e-06,1.87258833e-06
0.00000000e+00,7.98837208e-07,1.59763986e-06,2.39646382e-06,3.19528509e-06
0.00000000e+00,7.52308543e-07,1.50456382e-06,2.25686404e-06,3.00915205e-06
0.00000000e+00,6.82704264e-07,1.36537098e-06,2.04807172e-06,2.73076229e-06
0.00000000e+00,6.66517600e-07,1.33299156e-06,1.99950659e-06,2.66600878e-06
0.00000000e+00,1.10433584e-06,2.20862240e-06,3.31295719e-06,4.41727625e-06
0.00000000e+00,7.87989796e-07,1.57591338e-06,2.36388169e-06,3.15184226e-06
0.00000000e+00,7.80400405e-07,1.56074633e-06,2.34113890e-06,3.12151853e-06
0.00000000e+00,7.01103887e-07,1.40215275e-06,2.10324495e-06,2.80432660e-06
0.00000000e+00,1.15437615e-06,2.30868274e-06,3.46303483e-06,4.61737978e-06
0.00000000e+00,7.52326397e-07,1.50458329e-06,2.25686404e-06,3.00915205e-06
0.00000000e+00,7.80405772e-07,1.56075113e-06,2.34113890e-06,3.12151853e-06
0.00000000e+00,6.66530983e-07,1.33300496e-06,1.99950659e-06,2.66600878e-06
0.00000000e+00,1.10435341e-06,2.20863973e-06,3.31295719e-06,4.41727625e-06
0.00000000e+00,5.39857803e-07,1.07967187e-06,1.61949362e-06,2.15932483e-06
0.00000000e+00,6.82714771e-07,1.36537971e-06,2.04807172e-06,2.73076229e-06
0.00000000e+00,4.68162760e-07,9.36294345e-07,1.40444124e-06,1.87258833e-06
0.00000000e+00,7.98841553e-07,1.59764499e-06,2.39646382e-06,3.19528509e-06
0.00000000e+00,0.00000000e+00,0.00000000e+00,0.00000000e+00,0.00000000e+00
0.00000000e+00,3.00313236e-07,6.00608082e-07,9.00911276e-07,1.20121503e-06
0.00000000e+00,0.00000000e+00,0.00000000e+00,0.00000000e+00,0.00000000e+00
0.00000000e+00,0.00000000e+00,0.00000000e+00,0.00000000e+00,0.00000000e+00
0.00000000e+00,0.00000000e+00,0.00000000e+00,0.00000000e+00,0.00000000e+00
0.00000000e+00,6.98691795e-07,1.39734216e-06,2.09601550e-06,2.79468733e-06
0.00000000e+00,0.00000000e+00,0.00000000e+00,0.00000000e+00,0.00000000e+00
0.00000000e+00,0.00000000e+00,0.00000000e+00,0.00000000e+00,0.00000000e+00
0.00000000e+00,3.97027170e-07,7.94035862e-07,1.19105725e-06,1.58807634e-06
0.00000000e+00,6.15745012e-07,1.23145074e-06,1.84717828e-06,2.46290438e-06
0.00000000e+00,1.01573541e-06,2.03143474e-06,3.04715651e-06,4.06287534e-06
0.00000000e+00,9.20673670e-07,1.84128887e-06,2.76195707e-06,3.68260942e-06
0.00000000e+00,8.53369588e-07,1.70668850e-06,2.56004596e-06,3.41339461e-06
0.00000000e+00,8.37643670e-07,1.67523169e-06,2.51286880e-06,3.35049173e-06
0.00000000e+00,1.33381282e-06,2.66757108e-06,4.00137781e-06,5.33517041e-06
0.00000000e+00,9.56831431e-07,1.91357780e-06,2.87037449e-06,3.82716599e-06
0.00000000e+00,9.49916144e-07,1.89975651e-06,2.84964643e-06,3.79952858e-06
0.00000000e+00,8.73010970e-07,1.74594504e-06,2.61892515e-06,3.49190020e-06
0.00000000e+00,1.38330111e-06,2.76652992e-06,4.14981052e-06,5.53308069e-06
0.00000000e+00,9.20693839e-07,1.84130637e-06,2.76195707e-06,3.68260942e-06
0.00000000e+00,9.49920092e-07,1.89975956e-06,2.84964643e-06,3.79952858e-06
0.00000000e+00,8.37660813e-07,1.67524845e-06,2.51286880e-06,3.35049173e-06
0.00000000e+00,1.33382410e-06,2.66758046e-06,4.00137781e-06,5.33517041e-06
0.00000000e+00,6.98683844e-07,1.39733364e-06,2.09601550e-06,2.79468733e-06
0.00000000e+00,8.53381655e-07,1.70669870e-06,2.56004596e-06,3.41339461e-06
0.00000000e+00,6.15745335e-07,1.23145182e-06,1.84717828e-06,2.46290438e-06
0.00000000e+00,1.01573117e-06,2.03142912e-06,3.04715651e-06,4.06287534e-06
0.00000000e+00,0.00000000e+00,0.00000000e+00,0.00000000e+00,0.00000000e+00
0.00000000e+00,3.97033138e-07,7.94040857e-07,1.19105725e-06,1.58807634e-06
0.00000000e+00,0.00000000e+00,0.00000000e+00,0.00000000e+00,0.00000000e+00
0.00000000e+00,0.00000000e+00,0.00000000e+00,0.00000000e+00,0.00000000e+00
0.00000000e+00,0.00000000e+00,0.00000000e+00,0.00000000e+00,0.00000000e+00
0.00000000e+00,8.84814693e-07,1.76957670e-06,2.65436397e-06,3.53915196e-06
0.00000000e+00,0.00000000e+00,0.00000000e+00,0.00000000e+00,0.00000000e+00
0.00000000e+00,0.00000000e+00,0.00000000e+00,0.00000000e+00,0.00000000e+00
0.00000000e+00,5.25403367e-07,1.05078064e-06,1.57617076e-06,2.10156101e-06
0.00000000e+00,7.87302497e-07,1.57455872e-06,2.36183945e-06,3.14911927e-06
0.00000000e+00,1.26092309e-06,2.52180368e-06,3.78271043e-06,5.04361390e-06
0.00000000e+00,1.08619891e-06,2.17231662e-06,3.25848701e-06,4.34464935e-06
0.00000000e+00,1.02087089e-06,2.04167600e-06,3.06252209e-06,4.08336279e-06
0.00000000e+00,1.00588681e-06,2.01170476e-06,3.01757612e-06,4.02343482e-06
0.00000000e+00,1.56063632e-06,3.12119901e-06,4.68181154e-06,6.24241539e-06
0.00000000e+00,1.11982368e-06,2.23954855e-06,3.35933205e-06,4.47910940e-06
0.00000000e+00,1.11246779e-06,2.22484230e-06,3.33727136e-06,4.44969515e-06
0.00000000e+00,1.03830258e-06,2.07651347e-06,3.11477914e-06,4.15303886e-06
0.00000000e+00,1.60557225e-06,3.21105535e-06,4.81659594e-06,6.42212793e-06
0.00000000e+00,1.08620756e-06,2.17232341e-06,3.25848701e-06,4.34464935e-06
0.00000000e+00,1.11246935e-06,2.22484309e-06,3.33727136e-06,4.44969515e-06
0.00000000e+00,1.00590041e-06,2.01171588e-06,3.01757612e-06,4.02343482e-06
0.00000000e+00,1.56063998e-06,3.12120093e-06,4.68181154e-06,6.24241539e-06
0.00000000e+00,8.84811668e-07,1.76957290e-06,2.65436397e-06,3.53915196e-06
0.00000000e+00,1.02087226e-06,2.04167599e-06,3.06252209e-06,4.08336279e-06
0.00000000e+00,7.87296472e-07,1.57455194e-06,2.36183945e-06,3.14911927e-06
0.00000000e+00,1.26092431e-06,2.52180308e-06,3.78271043e-06,5.04361390e-06
0.00000000e+00,0.00000000e+00,0.00000000e+00,0.00000000e+00,0.00000000e+00
0.00000000e+00,5.25403454e-07,1.05078011e-06,1.57617076e-06,2.10156101e-06
0.00000000e+00,0.00000000e+00,0.00000000e+00,0.00000000e+00,0.00000000e+00
0.00000000e+00,0.00000000e+00,0.00000000e+00,0.00000000e+00,0.00000000e+00
0.00000000e+00,0.00000000e+00,0.00000000e+00,0.00000000e+00,0.00000000e+00
0.00000000e+00,1.02164944e-06,2.04322922e-06,3.06483517e-06,4.08644689e-06
0.00000000e+00,0.00000000e+00,0.00000000e+00,0.00000000e+00,0.00000000e+00
0.00000000e+00,0.00000000e+00,0.00000000e+00,0.00000000e+00,0.00000000e+00
0.00000000e+00,7.39528082e-07,1.47901729e-06,2.21851651e-06,2.95802202e-06
0.00000000e+00,9.52752365e-07,1.90544598e-06,2.85816706e-06,3.81088941e-06
0.00000000e+00,1.48759792e-06,2.97514526e-06,4.46272364e-06,5.95029819e-06
0.00000000e+00,1.24238513e-06,2.48466904e-06,3.72701161e-06,4.96934882e-06
0.00000000e+00,1.18108528e-06,2.36208020e-06,3.54311345e-06,4.72415127e-06
0.00000000e+00,1.16655293e-06,2.33301380e-06,3.49952991e-06,4.66603988e-06
0.00000000e+00,1.80431722e-06,3.60854244e-06,5.41282208e-06,7.21709610e-06
0.00000000e+00,1.27682712e-06,2.55353222e-06,3.83030135e-06,5.10706846e-06
0.00000000e+00,1.26959944e-06,2.53908821e-06,3.80863937e-06,5.07818582e-06
0.00000000e+00,1.19792829e-06,2.39574526e-06,3.59362316e-06,4.79149754e-06
0.00000000e+00,1.85394979e-06,3.70779004e-06,5.56169321e-06,7.41559095e-06
0.00000000e+00,1.24239382e-06,2.48467655e-06,3.72701161e-06,4.96934882e-06
0.00000000e+00,1.26960733e-06,2.53909482e-06,3.80863937e-06,5.07818582e-06
0.00000000e+00,1.16656081e-06,2.33302022e-06,3.49952991e-06,4.66603988e-06
0.00000000e+00,1.80431909e-06,3.60854270e-06,5.41282208e-06,7.21709610e-06
0.00000000e+00,1.02163850e-06,2.04321756e-06,3.06483517e-06,4.08644689e-06
0.00000000e+00,1.18108239e-06,2.36207590e-06,3.54311345e-06,4.72415127e-06
0.00000000e+00,9.52746204e-07,1.90543895e-06,2.85816706e-06,3.81088941e-06
0.00000000e+00,1.48760012e-06,2.97514513e-06,4.46272364e-06,5.95029819e-06
0.00000000e+00,0.00000000e+00,0.00000000e+00,0.00000000e+00,0.00000000e+00
0.00000000e+00,7.39523042e-07,1.47901197e-06,2.21851651e-06,2.95802202e-06
0.00000000e+00,0.00000000e+00,0.00000000e+00,0.00000000e+00,0.00000000e+00
0.00000000e+00,0.00000000e+00,0.00000000e+00,0.00000000e+00,0.00000000e+00
0.00000000e+00,0.00000000e+00,0.00000000e+00,0.00000000e+00,0.00000000e+00
0.00000000e+00,8.49830064e-12,-1.03223537e-11,1.70946580e-17,1.74014814e-17
0.00000000e+00,0.00000000e+00,0.00000000e+00,0.00000000e+00,0.00000000e+00
0.00000000e+00,0.00000000e+00,0.00000000e+00,0.00000000e+00,0.00000000e+00
0.00000000e+00,5.59452640e-12,-3.26666098e-12,4.69029698e-18,3.39358379e-18
0.00000000e+00,7.99326110e-12,-7.15356496e-12,1.05445587e-17,9.52050835e-18
0.00000000e+00,2.67655823e-07,5.35281647e-07,8.02933514e-07,1.07057802e-06
0.00000000e+00,8.72318347e-12,-2.24308054e-11,2.10329381e-17,2.14716471e-17
0.00000000e+00,1.94418426e-11,-6.16854739e-12,1.19871211e-17,7.84078477e-18
0.00000000e+00,1.17194250e-11,-1.34451025e-11,1.40887017e-17,1.17627003e-17
0.00000000e+00,3.76323748e-07,7.52605107e-07,1.12893771e-06,1.50525028e-06
0.00000000e+00,1.50716929e-11,-1.98468129e-11,2.28104602e-17,2.55041348e-17
0.00000000e+00,2.78598781e-11,-7.07614587e-12,1.25932437e-17,5.85467492e-18
0.00000000e+00,1.81705305e-11,-1.06800729e-11,1.50914278e-17,1.33611494e-17
0.00000000e+00,3.94782358e-07,7.89512098e-07,1.18429423e-06,1.57905897e-06
0.00000000e+00,1.38537949e-11,-1.69407451e-11,2.35421543e-17,2.57289932e-17
0.00000000e+00,3.08747558e-11,-5.00278865e-12,1.38642748e-17,6.06251353e-18
0.00000000e+00,1.71497106e-11,-8.89988528e-12,1.38588978e-17,1.12657598e-17
0.00000000e+00,3.76337387e-07,7.52620088e-07,1.12893771e-06,1.50525028e-06
0.00000000e+00,-3.33688200e-13,-1.83582094e-11,9.25329671e-18,7.57593256e-18
0.00000000e+00,2.36331708e-11,-3.18834976e-12,9.87427823e-18,2.73074145e-18
0.00000000e+00,4.56457653e-12,-1.04199464e-11,6.65324566e-18,3.53747382e-18
0.00000000e+00,2.67655271e-07,5.35282973e-07,8.02933514e-07,1.07057802e-06
0.00000000e+00,0.00000000e+00,0.00000000e+00,0.00000000e+00,0.00000000e+00
0.00000000e+00,1.04418339e-11,7.65018009e-13,3.68071347e-18,5.00489392e-19
0.00000000e+00,0.00000000e+00,0.00000000e+00,0.00000000e+00,0.00000000e+00
0.00000000e+00,0.00000000e+00,0.00000000e+00,0.00000000e+00,0.00000000e+00
0.00000000e+00,0.00000000e+00,0.00000000e+00,0.00000000e+00,0.00000000e+00
0.00000000e+00,1.23029348e-11,-1.00114057e-11,1.38614422e-17,1.16392033e-17
0.00000000e+00,0.00000000e+00,0.00000000e+00,0.00000000e+00,0.00000000e+00
0.00000000e+00,0.00000000e+00,0.00000000e+00,0.00000000e+00,0.00000000e+00
0.00000000e+00,9.17207527e-12,-2.15207102e-12,5.06296161e-18,2.97069176e-18
0.00000000e+00,9.84602202e-12,-1.05381189e-11,1.52346793e-17,1.43620213e-17
0.00000000e+00,3.45743168e-07,6.91448142e-07,1.03718055e-06,1.38290740e-06
0.00000000e+00,3.06020725e-11,-8.40556089e-12,1.86947223e-17,1.36435110e-17
0.00000000e+00,2.29148588e-11,-8.10726589e-12,1.25942272e-17,6.73461195e-18
0.00000000e+00,1.84355127e-11,-1.64913641e-11,2.01011695e-17,1.82839128e-17
0.00000000e+00,4.61048514e-07,9.22034447e-07,1.38307126e-06,1.84409501e-06
0.00000000e+00,3.97630564e-11,-5.68974568e-12,2.08960373e-17,1.39658139e-17
0.00000000e+00,3.42694769e-11,-8.19219903e-12,1.56454049e-17,6.92346334e-18
0.00000000e+00,2.67973114e-11,-1.33137776e-11,2.15641074e-17,1.94896197e-17
0.00000000e+00,4.79404057e-07,9.58722922e-07,1.43809221e-06,1.91745628e-06
0.00000000e+00,3.32239275e-11,-7.05164583e-12,2.17165600e-17,1.41583782e-17
0.00000000e+00,3.70198883e-11,-6.06208621e-12,1.67439941e-17,6.68163371e-18
0.00000000e+00,2.48263243e-11,-1.04971813e-11,2.25156041e-17,2.02139175e-17
0.00000000e+00,4.61061196e-07,9.22044947e-07,1.38307126e-06,1.84409501e-06
0.00000000e+00,2.26830405e-11,-1.47592633e-12,1.00829528e-17,2.48308456e-18
0.00000000e+00,2.96239977e-11,-2.87588266e-12,1.30627762e-17,3.92591278e-18
0.00000000e+00,1.15443732e-11,-9.34491619e-12,9.47374148e-18,5.19563840e-18
0.00000000e+00,3.45744671e-07,6.91448572e-07,1.03718055e-06,1.38290740e-06
0.00000000e+00,0.00000000e+00,0.00000000e+00,0.00000000e+00,0.00000000e+00
0.00000000e+00,1.06152912e-11,-1.10484503e-12,4.70233375e-18,9.01221239e-19
0.00000000e+00,0.00000000e+00,0.00000000e+00,0.00000000e+00,0.00000000e+00
0.00000000e+00,0.00000000e+00,0.00000000e+00,0.00000000e+00,0.00000000e+00
0.00000000e+00,0.00000000e+00,0.00000000e+00,0.00000000e+00,0.00000000e+00
0.00000000e+00,2.68233474e-11,-8.15491251e-13,9.35845857e-18,2.54166544e-18
0.00000000e+00,0.00000000e+00,0.00000000e+00,0.00000000e+00,0.00000000e+00
0.00000000e+00,0.00000000e+00,0.00000000e+00,0.00000000e+00,0.00000000e+00
0.00000000e+00,1.24970627e-11,-1.26205418e-12,6.02508979e-18,2.82348987e-18
0.00000000e+00,1.92792363e-11,-5.57640735e-12,1.12735961e-17,6.73746495e-18
0.00000000e+00,4.37558776e-07,8.75062743e-07,1.31259253e-06,1.75012338e-06
0.00000000e+00,5.00159803e-11,2.90791115e-12,1.53823658e-17,2.94185226e-18
0.00000000e+00,3.32200418e-11,-4.60906906e-12,1.43780550e-17,5.45621110e-18
0.00000000e+00,4.02983473e-11,-2.56227168e-12,1.73096238e-17,8.79244763e-18
0.00000000e+00,5.44737449e-07,1.08938455e-06,1.63407866e-06,2.17877154e-06
0.00000000e+00,5.51076938e-11,1.24716803e-12,1.69395725e-17,1.33213484e-18
0.00000000e+00,4.57219839e-11,-5.55058100e-12,1.77766624e-17,4.59476228e-18
0.00000000e+00,4.83037168e-11,-1.31530113e-12,1.89227269e-17,7.51784796e-18
0.00000000e+00,5.60888556e-07,1.12167267e-06,1.68251097e-06,2.24334796e-06
0.00000000e+00,4.51246147e-11,-2.12460589e-12,1.97804383e-17,4.36317720e-18
0.00000000e+00,4.60538122e-11,-5.79213871e-12,1.90056777e-17,4.16367678e-18
0.00000000e+00,3.93570298e-11,-4.35134602e-12,2.04548544e-17,8.82013234e-18
0.00000000e+00,5.44740401e-07,1.08938649e-06,1.63407866e-06,2.17877154e-06
0.00000000e+00,2.54269205e-11,-2.77931990e-12,1.12845035e-17,7.19195415e-21
0.00000000e+00,3.64087861e-11,-2.60779695e-12,1.52856950e-17,2.72487965e-18
0.00000000e+00,2.45032778e-11,-1.64169352e-12,1.10704489e-17,1.58767480e-18
0.00000000e+00,4.37555845e-07,8.75059217e-07,1.31259253e-06,1.75012338e-06
0.00000000e+00,0.00000000e+00,0.00000000e+00,0.00000000e+00,0.00000000e+00
0.00000000e+00,1.17271137e-11,-2.44202772e-12,5.78899235e-18,7.51839766e-19
0.00000000e+00,0.00000000e+00,0.00000000e+00,0.00000000e+00,0.00000000e+00
0.00000000e+00,0.00000000e+00,0.00000000e+00,0.00000000e+00,0.00000000e+00
0.00000000e+00,0.00000000e+00,0.00000000e+00,0.00000000e+00,0.00000000e+00
0.00000000e+00,3.88371521e-11,5.45801954e-12,1.15457887e-17,9.28129547e-19
0.00000000e+00,0.00000000e+00,0.00000000e+00,0.00000000e+00,0.00000000e+00
0.00000000e+00,0.00000000e+00,0.00000000e+00,0.00000000e+00,0.00000000e+00
0.00000000e+00,1.64594227e-11,7.51261513e-14,7.46817133e-18,3.15125636e-18
0.00000000e+00,3.36744610e-11,3.09265846e-12,1.03185575e-17,1.51437273e-18
0.00000000e+00,5.21283134e-07,1.04249336e-06,1.56373007e-06,2.08497342e-06
0.00000000e+00,5.65366887e-11,1.18718226e-12,1.57398429e-17,-2.20183965e-18
0.00000000e+00,4.22141926e-11,-2.06377177e-12,1.73549196e-17,5.58195106e-18
0.00000000e+00,5.31936976e-11,1.97805622e-12,1.51244006e-17,-2.94054959e-19
0.00000000e+00,6.33728379e-07,1.26734768e-06,1.90102242e-06,2.53469657e-06
0.00000000e+00,5.54738674e-11,-7.42572091e-12,1.75253544e-17,-2.74021758e-18
0.00000000e+00,5.49645989e-11,-4.85292862e-12,2.20238258e-17,4.81075414e-18
0.00000000e+00,5.56093537e-11,-2.71054821e-12,1.70175497e-17,-1.00130624e-18
0.00000000e+00,6.51091408e-07,1.30206112e-06,1.95309860e-06,2.60413147e-06
0.00000000e+00,4.95438265e-11,-6.16608329e-12,1.90854981e-17,4.21647149e-19
0.00000000e+00,5.57989733e-11,-4.71663377e-12,2.21909056e-17,3.10672723e-18
0.00000000e+00,4.65985919e-11,-4.74820967e-12,1.92226813e-17,1.95007223e-18
0.00000000e+00,6.33726058e-07,1.26734467e-06,1.90102242e-06,2.53469657e-06
0.00000000e+00,2.58657576e-11,-7.55308827e-12,1.20327665e-17,-4.07892987e-19
0.00000000e+00,4.33377342e-11,-2.23808081e-12,1.70793484e-17,1.35906803e-18
0.00000000e+00,2.49823286e-11,-5.77695492e-12,1.17052875e-17,-1.38531702e-19
0.00000000e+00,5.21271404e-07,1.04248140e-06,1.56373007e-06,2.08497342e-06
0.00000000e+00,0.00000000e+00,0.00000000e+00,0.00000000e+00,0.00000000e+00
0.00000000e+00,1.59014735e-11,-1.00006764e-12,5.80624396e-18,-6.87113727e-19
0.00000000e+00,0.00000000e+00,0.00000000e+00,0.00000000e+00,0.00000000e+00
0.00000000e+00,0.00000000e+00,0.00000000e+00,0.00000000e+00,0.00000000e+00
0.00000000e+00,0.00000000e+00,0.00000000e+00,0.00000000e+00,0.00000000e+00
0.00000000e+00,-5.39811306e-07,-1.07966425e-06,-1.61949362e-06,-2.15932483e-06
0.00000000e+00,0.00000000e+00,0.00000000e+00,0.00000000e+00,0.00000000e+00
0.00000000e+00,0.00000000e+00,0.00000000e+00,0.00000000e+00,0.00000000e+00
0.00000000e+00,-3.00295855e-07,-6.00608527e-07,-9.00911276e-07,-1.20121503e-06
0.00000000e+00,-4.68132792e-07,-9.36296899e-07,-1.40444124e-06,-1.87258833e-06
0.00000000e+00,-2.67629166e-07,-5.35293894e-07,-8.02933514e-07,-1.07057802e-06
0.00000000e+00,-7.52252300e-07,-1.50457896e-06,-2.25686404e-06,-3.00915205e-06
0.00000000e+00,-6.82670423e-07,-1.36538604e-06,-2.04807172e-06,-2.73076229e-06
0.00000000e+00,-6.66477328e-07,-1.33301087e-06,-1.99950659e-06,-2.66600878e-06
0.00000000e+00,-3.76291971e-07,-7.52638682e-07,-1.12893771e-06,-1.50525028e-06
0.00000000e+00,-7.87913956e-07,-1.57591936e-06,-2.36388169e-06,-3.15184226e-06
0.00000000e+00,-7.80350542e-07,-1.56076427e-06,-2.34113890e-06,-3.12151853e-06
0.00000000e+00,-7.01044741e-07,-1.40216271e-06,-2.10324495e-06,-2.80432660e-06
0.00000000e+00,-3.94733861e-07,-7.89537558e-07,-1.18429423e-06,-1.57905897e-06
0.00000000e+00,-7.52245938e-07,-1.50457309e-06,-2.25686404e-06,-3.00915205e-06
0.00000000e+00,-7.80348470e-07,-1.56076254e-06,-2.34113890e-06,-3.12151853e-06
0.00000000e+00,-6.66461719e-07,-1.33299494e-06,-1.99950659e-06,-2.66600878e-06
0.00000000e+00,-3.76287139e-07,-7.52633557e-07,-1.12893771e-06,-1.50525028e-06
0.00000000e+00,-5.39819154e-07,-1.07967307e-06,-1.61949362e-06,-2.15932483e-06
0.00000000e+00,-6.82668345e-07,-1.36538451e-06,-2.04807172e-06,-2.73076229e-06
0.00000000e+00,-4.68133387e-07,-9.36298018e-07,-1.40444124e-06,-1.87258833e-06
0.00000000e+00,-2.67639445e-07,-5.35303778e-07,-8.02933514e-07,-1.07057802e-06
0.00000000e+00,0.00000000e+00,0.00000000e+00,0.00000000e+00,0.00000000e+00
0.00000000e+00,-3.00295841e-07,-6.00608812e-07,-9.00911276e-07,-1.20121503e-06
0.00000000e+00,0.00000000e+00,0.00000000e+00,0.00000000e+00,0.00000000e+00
0.00000000e+00,0.00000000e+00,0.00000000e+00,0.00000000e+00,0.00000000e+00
0.00000000e+00,0.00000000e+00,0.00000000e+00,0.00000000e+00,0.00000000e+00
0.00000000e+00,-6.98655290e-07,-1.39734862e-06,-2.09601550e-06,-2.79468733e-06
0.00000000e+00,0.00000000e+00,0.00000000e+00,0.00000000e+00,0.00000000e+00
0.00000000e+00,0.00000000e+00,0.00000000e+00,0.00000000e+00,0.00000000e+00
0.00000000e+00,-3.97008913e-07,-7.94038994e-07,-1.19105725e-06,-1.58807634e-06
0.00000000e+00,-6.15708141e-07,-1.23145599e-06,-1.84717828e-06,-2.46290438e-06
0.00000000e+00,-3.45714337e-07,-6.91462839e-07,-1.03718055e-06,-1.38290740e-06
0.00000000e+00,-9.20617973e-07,-1.84130748e-06,-2.76195707e-06,-3.68260942e-06
0.00000000e+00,-8.53322873e-07,-1.70670232e-06,-2.56004596e-06,-3.41339461e-06
0.00000000e+00,-8.37587546e-07,-1.67524860e-06,-2.51286880e-06,-3.35049173e-06
0.00000000e+00,-4.60991768e-07,-9.22053197e-07,-1.38307126e-06,-1.84409501e-06
0.00000000e+00,-9.56753127e-07,-1.91358744e-06,-2.87037449e-06,-3.82716599e-06
0.00000000e+00,-9.49847192e-07,-1.89977125e-06,-2.84964643e-06,-3.79952858e-06
0.00000000e+00,-8.72932501e-07,-1.74595166e-06,-2.61892515e-06,-3.49190020e-06
0.00000000e+00,-4.79326471e-07,-9.58734137e-07,-1.43809221e-06,-1.91745628e-06
0.00000000e+00,-9.20617241e-07,-1.84130784e-06,-2.76195707e-06,-3.68260942e-06
0.00000000e+00,-9.49844287e-07,-1.89976921e-06,-2.84964643e-06,-3.79952858e-06
0.00000000e+00,-8.37583649e-07,-1.67524577e-06,-2.51286880e-06,-3.35049173e-06
0.00000000e+00,-4.60990803e-07,-9.22053398e-07,-1.38307126e-06,-1.84409501e-06
0.00000000e+00,-6.98642915e-07,-1.39733826e-06,-2.09601550e-06,-2.79468733e-06
0.00000000e+00,-8.53316222e-07,-1.70669724e-06,-2.56004596e-06,-3.41339461e-06
0.00000000e+00,-6.15704017e-07,-1.23145359e-06,-1.84717828e-06,-2.46290438e-06
0.00000000e+00,-3.45702301e-07,-6.91452612e-07,-1.03718055e-06,-1.38290740e-06
0.00000000e+00,0.00000000e+00,0.00000000e+00,0.00000000e+00,0.00000000e+00
0.00000000e+00,-3.97006620e-07,-7.94037258e-07,-1.19105725e-06,-1.58807634e-06
0.00000000e+00,0.00000000e+00,0.00000000e+00,0.00000000e+00,0.00000000e+00
0.00000000e+00,0.00000000e+00,0.00000000e+00,0.00000000e+00,0.00000000e+00
0.00000000e+00,0.00000000e+00,0.00000000e+00,0.00000000e+00,0.00000000e+00
0.00000000e+00,-8.84767171e-07,-1.76958080e-06,-2.65436397e-06,-3.53915196e-06
0.00000000e+00,0.00000000e+00,0.00000000e+00,0.00000000e+00,0.00000000e+00
0.00000000e+00,0.00000000e+00,0.00000000e+00,0.00000000e+00,0.00000000e+00
0.00000000e+00,-5.25379266e-07,-1.05078256e-06,-1.57617076e-06,-2.10156101e-06
0.00000000e+00,-7.87261454e-07,-1.57456464e-06,-2.36183945e-06,-3.14911927e-06
0.00000000e+00,-4.37508040e-07,-8.75065568e-07,-1.31259253e-06,-1.75012338e-06
0.00000000e+00,-1.08612656e-06,-2.17233280e-06,-3.25848701e-06,-4.34464935e-06
0.00000000e+00,-1.02081129e-06,-2.04168752e-06,-3.06252209e-06,-4.08336279e-06
0.00000000e+00,-1.00582341e-06,-2.01172244e-06,-3.01757612e-06,-4.02343482e-06
0.00000000e+00,-5.44650920e-07,-1.08938916e-06,-1.63407866e-06,-2.17877154e-06
0.00000000e+00,-1.11973766e-06,-2.23956562e-06,-3.35933205e-06,-4.47910940e-06
0.00000000e+00,-1.11238311e-06,-2.22485513e-06,-3.33727136e-06,-4.44969515e-06
0.00000000e+00,-1.03822235e-06,-2.07652841e-06,-3.11477914e-06,-4.15303886e-06
0.00000000e+00,-5.60789923e-07,-1.12167911e-06,-1.68251097e-06,-2.24334796e-06
0.00000000e+00,-1.08612926e-06,-2.17233628e-06,-3.25848701e-06,-4.34464935e-06
0.00000000e+00,-1.11238048e-06,-2.22485316e-06,-3.33727136e-06,-4.44969515e-06
0.00000000e+00,-1.00582545e-06,-2.01172528e-06,-3.01757612e-06,-4.02343482e-06
0.00000000e+00,-5.44653605e-07,-1.08939248e-06,-1.63407866e-06,-2.17877154e-06
0.00000000e+00,-8.84762730e-07,-1.76957767e-06,-2.65436397e-06,-3.53915196e-06
0.00000000e+00,-1.02080597e-06,-2.04168366e-06,-3.06252209e-06,-4.08336279e-06
0.00000000e+00,-7.87251912e-07,-1.57455687e-06,-2.36183945e-06,-3.14911927e-06
0.00000000e+00,-4.37505925e-07,-8.75064477e-07,-1.31259253e-06,-1.75012338e-06
0.00000000e+00,0.00000000e+00,0.00000000e+00,0.00000000e+00,0.00000000e+00
0.00000000e+00,-5.25378340e-07,-1.05078215e-06,-1.57617076e-06,-2.10156101e-06
0.00000000e+00,0.00000000e+00,0.00000000e+00,0.00000000e+00,0.00000000e+00
0.00000000e+00,0.00000000e+00,0.00000000e+00,0.00000000e+00,0.00000000e+00
0.00000000e+00,0.00000000e+00,0.00000000e+00,0.00000000e+00,0.00000000e+00
0.00000000e+00,-1.02159092e-06,-2.04323364e-06,-3.06483517e-06,-4.08644689e-06
0.00000000e+00,0.00000000e+00,0.00000000e+00,0.00000000e+00,0.00000000e+00
0.00000000e+00,0.00000000e+00,0.00000000e+00,0.00000000e+00,0.00000000e+00
0.00000000e+00,-7.39495075e-07,-1.47901649e-06,-2.21851651e-06,-2.95802202e-06
0.00000000e+00,-9.52701025e-07,-1.90545155e-06,-2.85816706e-06,-3.81088941e-06
0.00000000e+00,-5.21214582e-07,-1.04249028e-06,-1.56373007e-06,-2.08497342e-06
0.00000000e+00,-1.24229582e-06,-2.48468502e-06,-3.72701161e-06,-4.96934882e-06
0.00000000e+00,-1.18100601e-06,-2.36208613e-06,-3.54311345e-06,-4.72415127e-06
0.00000000e+00,-1.16647149e-06,-2.33302926e-06,-3.49952991e-06,-4.66603988e-06
0.00000000e+00,-6.33625535e-07,-1.26735377e-06,-1.90102242e-06,-2.53469657e-06
0.00000000e+00,-1.27671766e-06,-2.55354509e-06,-3.83030135e-06,-5.10706846e-06
0.00000000e+00,-1.26950111e-06,-2.53910465e-06,-3.80863937e-06,-5.07818582e-06
0.00000000e+00,-1.19783057e-06,-2.39576024e-06,-3.59362316e-06,-4.79149754e-06
0.00000000e+00,-6.50975720e-07,-1.30207114e-06,-1.95309860e-06,-2.60413147e-06
0.00000000e+00,-1.24229761e-06,-2.48468815e-06,-3.72701161e-06,-4.96934882e-06
0.00000000e+00,-1.26950111e-06,-2.53910472e-06,-3.80863937e-06,-5.07818582e-06
0.00000000e+00,-1.16647292e-06,-2.33303186e-06,-3.49952991e-06,-4.66603988e-06
0.00000000e+00,-6.33629905e-07,-1.26735891e-06,-1.90102242e-06,-2.53469657e-06
0.00000000e+00,-1.02158417e-06,-2.04322872e-06,-3.06483517e-06,-4.08644689e-06
0.00000000e+00,-1.18100401e-06,-2.36208539e-06,-3.54311345e-06,-4.72415127e-06
0.00000000e+00,-9.52695310e-07,-1.90544741e-06,-2.85816706e-06,-3.81088941e-06
0.00000000e+00,-5.21216512e-07,-1.04249353e-06,-1.56373007e-06,-2.08497342e-06
0.00000000e+00,0.00000000e+00,0.00000000e+00,0.00000000e+00,0.00000000e+00
0.00000000e+00,-7.39494096e-07,-1.47901617e-06,-2.21851651e-06,-2.95802202e-06
0.00000000e+00,0.00000000e+00,0.00000000e+00,0.00000000e+00,0.00000000e+00
0.00000000e+00,0.00000000e+00,0.00000000e+00,0.00000000e+00,0.00000000e+00
0.00000000e+00,0.00000000e+00,0.00000000e+00,0.00000000e+00,0.00000000e+00
0.00000000e+00,-1.07052432e-06,-2.14108071e-06,-3.21161284e-06,-4.28215045e-06
0.00000000e+00,0.00000000e+00,0.00000000e+00,0.00000000e+00,0.00000000e+00
0.00000000e+00,0.00000000e+00,0.00000000e+00,0.00000000e+00,0.00000000e+00
0.00000000e+00,-6.01110506e-07,-1.20223606e-06,-1.80335249e-06,-2.40446999e-06
0.00000000e+00,-9.42077684e-07,-1.88419272e-06,-2.82627383e-06,-3.76836511e-06
0.00000000e+00,-7.98802180e-07,-1.59764444e-06,-2.39646382e-06,-3.19528509e-06
0.00000000e+00,-1.45448021e-06,-2.90902607e-06,-4.36353640e-06,-5.81804853e-06
0.00000000e+00,-1.33297081e-06,-2.66598077e-06,-3.99896378e-06,-5.33195170e-06
0.00000000e+00,-1.30833553e-06,-2.61675674e-06,-3.92512596e-06,-5.23350128e-06
0.00000000e+00,-1.10428287e-06,-2.20863973e-06,-3.31295719e-06,-4.41727625e-06
0.00000000e+00,-1.51690492e-06,-3.03387713e-06,-4.55080516e-06,-6.06774021e-06
0.00000000e+00,-1.50377866e-06,-3.00761568e-06,-4.51142014e-06,-6.01522685e-06
0.00000000e+00,-1.36883690e-06,-2.73777079e-06,-4.10664596e-06,-5.47552795e-06
0.00000000e+00,-1.15430215e-06,-2.30869049e-06,-3.46303483e-06,-4.61737978e-06
0.00000000e+00,-1.45447573e-06,-2.90902151e-06,-4.36353640e-06,-5.81804853e-06
0.00000000e+00,-1.50377715e-06,-3.00761388e-06,-4.51142014e-06,-6.01522685e-06
0.00000000e+00,-1.30832330e-06,-2.61674302e-06,-3.92512596e-06,-5.23350128e-06
0.00000000e+00,-1.10427826e-06,-2.20863588e-06,-3.31295719e-06,-4.41727625e-06
0.00000000e+00,-1.07051246e-06,-2.14106961e-06,-3.21161284e-06,-4.28215045e-06
0.00000000e+00,-1.33296285e-06,-2.66597340e-06,-3.99896378e-06,-5.33195170e-06
0.00000000e+00,-9.42058904e-07,-1.88417482e-06,-2.82627383e-06,-3.76836511e-06
0.00000000e+00,-7.98800129e-07,-1.59764370e-06,-2.39646382e-06,-3.19528509e-06
0.00000000e+00,0.00000000e+00,0.00000000e+00,0.00000000e+00,0.00000000e+00
0.00000000e+00,-6.01108515e-07,-1.20223435e-06,-1.80335249e-06,-2.40446999e-06
0.00000000e+00,0.00000000e+00,0.00000000e+00,0.00000000e+00,0.00000000e+00
0.00000000e+00,0.00000000e+00,0.00000000e+00,0.00000000e+00,0.00000000e+00
0.00000000e+00,0.00000000e+00,0.00000000e+00,0.00000000e+00,0.00000000e+00
0.00000000e+00,-1.35089360e-06,-2.70181986e-06,-4.05272395e-06,-5.40363193e-06
0.00000000e+00,0.00000000e+00,0.00000000e+00,0.00000000e+00,0.00000000e+00
0.00000000e+00,0.00000000e+00,0.00000000e+00,0.00000000e+00,0.00000000e+00
0.00000000e+00,-7.78534234e-07,-1.55708577e-06,-2.33562679e-06,-3.11416905e-06
0.00000000e+00,-1.20557655e-06,-2.41118388e-06,-3.61676785e-06,-4.82235713e-06
0.00000000e+00,-1.01570195e-06,-2.03144091e-06,-3.04715651e-06,-4.06287534e-06
0.00000000e+00,-1.74285189e-06,-3.48576397e-06,-5.22864282e-06,-6.97152375e-06
0.00000000e+00,-1.62385547e-06,-3.24776058e-06,-4.87163612e-06,-6.49551483e-06
0.00000000e+00,-1.60070656e-06,-3.20147393e-06,-4.80220872e-06,-6.40294496e-06
0.00000000e+00,-1.33376057e-06,-2.66758740e-06,-4.00137781e-06,-5.33517041e-06
0.00000000e+00,-1.80499369e-06,-3.61005110e-06,-5.41506843e-06,-7.22009124e-06
0.00000000e+00,-1.79351194e-06,-3.58709154e-06,-5.38063322e-06,-7.17417763e-06
0.00000000e+00,-1.66150089e-06,-3.32306345e-06,-4.98458456e-06,-6.64611275e-06
0.00000000e+00,-1.38323444e-06,-2.76654358e-06,-4.14981052e-06,-5.53308069e-06
0.00000000e+00,-1.74285088e-06,-3.48576349e-06,-5.22864282e-06,-6.97152375e-06
0.00000000e+00,-1.79351275e-06,-3.58709261e-06,-5.38063322e-06,-7.17417763e-06
0.00000000e+00,-1.60070364e-06,-3.20147130e-06,-4.80220872e-06,-6.40294496e-06
0.00000000e+00,-1.33375754e-06,-2.66758506e-06,-4.00137781e-06,-5.33517041e-06
0.00000000e+00,-1.35087900e-06,-2.70180604e-06,-4.05272395e-06,-5.40363193e-06
0.00000000e+00,-1.62385028e-06,-3.24775614e-06,-4.87163612e-06,-6.49551483e-06
0.00000000e+00,-1.20556302e-06,-2.41117100e-06,-3.61676785e-06,-4.82235713e-06
0.00000000e+00,-1.01569613e-06,-2.03143615e-06,-3.04715651e-06,-4.06287534e-06
0.00000000e+00,0.00000000e+00,0.00000000e+00,0.00000000e+00,0.00000000e+00
0.00000000e+00,-7.78529236e-07,-1.55708140e-06,-2.33562679e-06,-3.11416905e-06
0.00000000e+00,0.00000000e+00,0.00000000e+00,0.00000000e+00,0.00000000e+00
0.00000000e+00,0.00000000e+00,0.00000000e+00,0.00000000e+00,0.00000000e+00
0.00000000e+00,0.00000000e+00,0.00000000e+00,0.00000000e+00,0.00000000e+00
0.00000000e+00,-1.66132166e-06,-3.32268585e-06,-4.98402760e-06,-6.64537014e-06
0.00000000e+00,0.00000000e+00,0.00000000e+00,0.00000000e+00,0.00000000e+00
0.00000000e+00,0.00000000e+00,0.00000000e+00,0.00000000e+00,0.00000000e+00
0.00000000e+00,-1.01227069e-06,-2.02456041e-06,-3.03683700e-06,-4.04911601e-06
0.00000000e+00,-1.50045981e-06,-3.00095774e-06,-4.50143393e-06,-6.00191190e-06
0.00000000e+00,-1.26088369e-06,-2.52181062e-06,-3.78271043e-06,-5.04361390e-06
0.00000000e+00,-2.02668295e-06,-4.05343234e-06,-6.08014091e-06,-8.10685454e-06
0.00000000e+00,-1.90755123e-06,-3.81515667e-06,-5.72272838e-06,-7.63030450e-06
0.00000000e+00,-1.88804802e-06,-3.77615884e-06,-5.66423253e-06,-7.55231003e-06
0.00000000e+00,-1.56057104e-06,-3.12121477e-06,-4.68181154e-06,-6.24241539e-06
0.00000000e+00,-2.08619826e-06,-4.17247157e-06,-6.25869893e-06,-8.34493190e-06
0.00000000e+00,-2.07294392e-06,-4.14596110e-06,-6.21893405e-06,-8.29191206e-06
0.00000000e+00,-1.94547193e-06,-3.89101410e-06,-5.83651432e-06,-7.78201909e-06
0.00000000e+00,-1.60549509e-06,-3.21107288e-06,-4.81659594e-06,-6.42212793e-06
0.00000000e+00,-2.02668195e-06,-4.05343133e-06,-6.08014091e-06,-8.10685454e-06
0.00000000e+00,-2.07294220e-06,-4.14595951e-06,-6.21893405e-06,-8.29191206e-06
0.00000000e+00,-1.88804672e-06,-3.77615791e-06,-5.66423253e-06,-7.55231003e-06
0.00000000e+00,-1.56057156e-06,-3.12121561e-06,-4.68181154e-06,-6.24241539e-06
0.00000000e+00,-1.66132122e-06,-3.32268505e-06,-4.98402760e-06,-6.64537014e-06
0.00000000e+00,-1.90754757e-06,-3.81515352e-06,-5.72272838e-06,-7.63030450e-06
0.00000000e+00,-1.50045198e-06,-3.00095006e-06,-4.50143393e-06,-6.00191190e-06
0.00000000e+00,-1.26088063e-06,-2.52180828e-06,-3.78271043e-06,-5.04361390e-06
0.00000000e+00,0.00000000e+00,0.00000000e+00,0.00000000e+00,0.00000000e+00
0.00000000e+00,-1.01226695e-06,-2.02455706e-06,-3.03683700e-06,-4.04911601e-06
0.00000000e+00,0.00000000e+00,0.00000000e+00,0.00000000e+00,0.00000000e+00
0.00000000e+00,0.00000000e+00,0.00000000e+00,0.00000000e+00,0.00000000e+00
0.00000000e+00,0.00000000e+00,0.00000000e+00,0.00000000e+00,0.00000000e+00
0.00000000e+00,-1.89280983e-06,-3.78566517e-06,-5.67849304e-06,-7.57132405e-06
0.00000000e+00,0.00000000e+00,0.00000000e+00,0.00000000e+00,0.00000000e+00
0.00000000e+00,0.00000000e+00,0.00000000e+00,0.00000000e+00,0.00000000e+00
0.00000000e+00,-1.36628927e-06,-2.73259745e-06,-4.09888788e-06,-5.46518384e-06
0.00000000e+00,-1.77711656e-06,-3.55427700e-06,-5.33141228e-06,-7.10854970e-06
0.00000000e+00,-1.48755350e-06,-2.97515510e-06,-4.46272364e-06,-5.95029819e-06
0.00000000e+00,-2.29498677e-06,-4.59004664e-06,-6.88505615e-06,-9.18007487e-06
0.00000000e+00,-2.18260595e-06,-4.36527076e-06,-6.54789569e-06,-8.73052758e-06
0.00000000e+00,-2.16329197e-06,-4.32665392e-06,-6.48997057e-06,-8.65329409e-06
0.00000000e+00,-1.80423797e-06,-3.60855837e-06,-5.41282208e-06,-7.21709610e-06
0.00000000e+00,-2.35915981e-06,-4.71839497e-06,-7.07756676e-06,-9.43675568e-06
0.00000000e+00,-2.34584388e-06,-4.69176644e-06,-7.03763395e-06,-9.38351193e-06
0.00000000e+00,-2.22252214e-06,-4.44511984e-06,-6.66766350e-06,-8.89021800e-06
0.00000000e+00,-1.85385712e-06,-3.70780842e-06,-5.56169321e-06,-7.41559095e-06
0.00000000e+00,-2.29498365e-06,-4.59004333e-06,-6.88505615e-06,-9.18007487e-06
0.00000000e+00,-2.34583691e-06,-4.69175992e-06,-7.03763395e-06,-9.38351193e-06
0.00000000e+00,-2.16329051e-06,-4.32665219e-06,-6.48997057e-06,-8.65329409e-06
0.00000000e+00,-1.80423427e-06,-3.60855599e-06,-5.41282208e-06,-7.21709610e-06
0.00000000e+00,-1.89281334e-06,-3.78566880e-06,-5.67849304e-06,-7.57132405e-06
0.00000000e+00,-2.18260073e-06,-4.36526654e-06,-6.54789569e-06,-8.73052758e-06
0.00000000e+00,-1.77711917e-06,-3.55427942e-06,-5.33141228e-06,-7.10854970e-06
0.00000000e+00,-1.48754905e-06,-2.97515206e-06,-4.46272364e-06,-5.95029819e-06
0.00000000e+00,0.00000000e+00,0.00000000e+00,0.00000000e+00,0.00000000e+00
0.00000000e+00,-1.36628633e-06,-2.73259479e-06,-4.09888788e-06,-5.46518384e-06
0.00000000e+00,0.00000000e+00,0.00000000e+00,0.00000000e+00,0.00000000e+00
0.00000000e+00,0.00000000e+00,0.00000000e+00,0.00000000e+00,0.00000000e+00
0.00000000e+00,0.00000000e+00,0.00000000e+00,0.00000000e+00,0.00000000e+00
0.00000000e+00,-1.17252790e-06,-2.34507259e-06,-3.51761143e-06,-4.69014858e-06
0.00000000e+00,0.00000000e+00,0.00000000e+00,0.00000000e+00,0.00000000e+00
0.00000000e+00,0.00000000e+00,0.00000000e+00,0.00000000e+00,0.00000000e+00
0.00000000e+00,-6.51569373e-07,-1.30314682e-06,-1.95472211e-06,-2.60629615e-06
0.00000000e+00,-9.81651717e-07,-1.96331206e-06,-2.94497728e-06,-3.92663638e-06
0.00000000e+00,-1.11870651e-06,-2.23744213e-06,-3.35616413e-06,-4.47488551e-06
0.00000000e+00,-1.63571169e-06,-3.27144879e-06,-4.90717914e-06,-6.54290552e-06
0.00000000e+00,-1.48452393e-06,-2.96906751e-06,-4.45360478e-06,-5.93813970e-06
0.00000000e+00,-1.39856771e-06,-2.79713664e-06,-4.19571073e-06,-5.59428097e-06
0.00000000e+00,-1.54563156e-06,-3.09131710e-06,-4.63697311e-06,-6.18263082e-06
0.00000000e+00,-1.71387902e-06,-3.42778741e-06,-5.14168743e-06,-6.85558324e-06
0.00000000e+00,-1.69697580e-06,-3.39397751e-06,-5.09097131e-06,-6.78796175e-06
0.00000000e+00,-1.47156560e-06,-2.94313174e-06,-4.41470064e-06,-5.88626752e-06
0.00000000e+00,-1.61611703e-06,-3.23229061e-06,-4.84843609e-06,-6.46458146e-06
0.00000000e+00,-1.63571001e-06,-3.27144977e-06,-4.90717914e-06,-6.54290552e-06
0.00000000e+00,-1.69697735e-06,-3.39398037e-06,-5.09097131e-06,-6.78796175e-06
0.00000000e+00,-1.39856522e-06,-2.79713818e-06,-4.19571073e-06,-5.59428097e-06
0.00000000e+00,-1.54562614e-06,-3.09131229e-06,-4.63697311e-06,-6.18263082e-06
0.00000000e+00,-1.17252129e-06,-2.34506829e-06,-3.51761143e-06,-4.69014858e-06
0.00000000e+00,-1.48452539e-06,-2.96907081e-06,-4.45360478e-06,-5.93813970e-06
0.00000000e+00,-9.81653959e-07,-1.96331633e-06,-2.94497728e-06,-3.92663638e-06
0.00000000e+00,-1.11870018e-06,-2.23743698e-06,-3.35616413e-06,-4.47488551e-06
0.00000000e+00,0.00000000e+00,0.00000000e+00,0.00000000e+00,0.00000000e+00
0.00000000e+00,-6.51570558e-07,-1.30314862e-06,-1.95472211e-06,-2.60629615e-06
0.00000000e+00,0.00000000e+00,0.00000000e+00,0.00000000e+00,0.00000000e+00
0.00000000e+00,0.00000000e+00,0.00000000e+00,0.00000000e+00,0.00000000e+00
0.00000000e+00,0.00000000e+00,0.00000000e+00,0.00000000e+00,0.00000000e+00
0.00000000e+00,-1.59389133e-06,-3.18780398e-06,-4.78170480e-06,-6.37560641e-06
0.00000000e+00,0.00000000e+00,0.00000000e+00,0.00000000e+00,0.00000000e+00
0.00000000e+00,0.00000000e+00,0.00000000e+00,0.00000000e+00,0.00000000e+00
0.00000000e+00,-9.04996737e-07,-1.81000458e-06,-2.71500788e-06,-3.62001051e-06
0.00000000e+00,-1.37466956e-06,-2.74935944e-06,-4.12404053e-06,-5.49872070e-06
0.00000000e+00,-1.46672998e-06,-2.93348843e-06,-4.40023101e-06,-5.86697468e-06
0.00000000e+00,-2.10396919e-06,-4.20797681e-06,-6.31196987e-06,-8.41595983e-06
0.00000000e+00,-1.94785403e-06,-3.89573881e-06,-5.84361118e-06,-7.79148158e-06
0.00000000e+00,-1.87252582e-06,-3.74508524e-06,-5.61763345e-06,-7.49017793e-06
0.00000000e+00,-1.92445001e-06,-3.84894639e-06,-5.77341512e-06,-7.69788682e-06
0.00000000e+00,-2.18523752e-06,-4.37051999e-06,-6.55578733e-06,-8.74104977e-06
0.00000000e+00,-2.16998212e-06,-4.34000568e-06,-6.51001376e-06,-8.68001835e-06
0.00000000e+00,-1.95101853e-06,-3.90207727e-06,-5.85312399e-06,-7.80416531e-06
0.00000000e+00,-1.99688430e-06,-3.99382459e-06,-5.99073797e-06,-7.98765063e-06
0.00000000e+00,-2.10397597e-06,-4.20798452e-06,-6.31196987e-06,-8.41595983e-06
0.00000000e+00,-2.16998433e-06,-4.34000845e-06,-6.51001376e-06,-8.68001835e-06
0.00000000e+00,-1.87252928e-06,-3.74509024e-06,-5.61763345e-06,-7.49017793e-06
0.00000000e+00,-1.92444890e-06,-3.84894596e-06,-5.77341512e-06,-7.69788682e-06
0.00000000e+00,-1.59388601e-06,-3.18780032e-06,-4.78170480e-06,-6.37560641e-06
0.00000000e+00,-1.94785422e-06,-3.89574032e-06,-5.84361118e-06,-7.79148158e-06
0.00000000e+00,-1.37466268e-06,-2.74935467e-06,-4.12404053e-06,-5.49872070e-06
0.00000000e+00,-1.46672525e-06,-2.93348430e-06,-4.40023101e-06,-5.86697468e-06
0.00000000e+00,0.00000000e+00,0.00000000e+00,0.00000000e+00,0.00000000e+00
0.00000000e+00,-9.04996020e-07,-1.81000455e-06,-2.71500788e-06,-3.62001051e-06
0.00000000e+00,0.00000000e+00,0.00000000e+00,0.00000000e+00,0.00000000e+00
0.00000000e+00,0.00000000e+00,0.00000000e+00,0.00000000e+00,0.00000000e+00
0.00000000e+00,0.00000000e+00,0.00000000e+00,0.00000000e+00,0.00000000e+00
0.00000000e+00,-2.08110651e-06,-4.16223961e-06,-6.24336144e-06,-8.32448192e-06
0.00000000e+00,0.00000000e+00,0.00000000e+00,0.00000000e+00,0.00000000e+00
0.00000000e+00,0.00000000e+00,0.00000000e+00,0.00000000e+00,0.00000000e+00
0.00000000e+00,-1.24270661e-06,-2.48542687e-06,-3.72814187e-06,-4.97085583e-06
0.00000000e+00,-1.82623366e-06,-3.65249058e-06,-5.47873521e-06,-7.30498028e-06
0.00000000e+00,-1.85842978e-06,-3.71689253e-06,-5.57533798e-06,-7.43378397e-06
0.00000000e+00,-2.56385593e-06,-5.12775188e-06,-7.69162841e-06,-1.02555045e-05
0.00000000e+00,-2.40774350e-06,-4.81552091e-06,-7.22328229e-06,-9.63104306e-06
0.00000000e+00,-2.33965903e-06,-4.67935712e-06,-7.01903824e-06,-9.35871766e-06
0.00000000e+00,-2.29952206e-06,-4.59909761e-06,-6.89864293e-06,-9.19819058e-06
0.00000000e+00,-2.64151522e-06,-5.28307956e-06,-7.92462463e-06,-1.05661662e-05
0.00000000e+00,-2.62462294e-06,-5.24929310e-06,-7.87394447e-06,-1.04985926e-05
0.00000000e+00,-2.41355590e-06,-4.82715940e-06,-7.24074615e-06,-9.65432820e-06
0.00000000e+00,-2.36672352e-06,-4.73350800e-06,-7.10025951e-06,-9.46701268e-06
0.00000000e+00,-2.56385933e-06,-5.12775640e-06,-7.69162841e-06,-1.02555045e-05
0.00000000e+00,-2.62462299e-06,-5.24929391e-06,-7.87394447e-06,-1.04985926e-05
0.00000000e+00,-2.33966485e-06,-4.67936384e-06,-7.01903824e-06,-9.35871766e-06
0.00000000e+00,-2.29952282e-06,-4.59909874e-06,-6.89864293e-06,-9.19819058e-06
0.00000000e+00,-2.08110424e-06,-4.16223837e-06,-6.24336144e-06,-8.32448192e-06
0.00000000e+00,-2.40774263e-06,-4.81552149e-06,-7.22328229e-06,-9.63104306e-06
0.00000000e+00,-1.82622962e-06,-3.65248790e-06,-5.47873521e-06,-7.30498028e-06
0.00000000e+00,-1.85842447e-06,-3.71688775e-06,-5.57533798e-06,-7.43378397e-06
0.00000000e+00,0.00000000e+00,0.00000000e+00,0.00000000e+00,0.00000000e+00
0.00000000e+00,-1.24270629e-06,-2.48542718e-06,-3.72814187e-06,-4.97085583e-06
0.00000000e+00,0.00000000e+00,0.00000000e+00,0.00000000e+00,0.00000000e+00
0.00000000e+00,0.00000000e+00,0.00000000e+00,0.00000000e+00,0.00000000e+00
0.00000000e+00,0.00000000e+00,0.00000000e+00,0.00000000e+00,0.00000000e+00
0.00000000e+00,-2.47176121e-06,-4.94354983e-06,-7.41532447e-06,-9.88709930e-06
0.00000000e+00,0.00000000e+00,0.00000000e+00,0.00000000e+00,0.00000000e+00
0.00000000e+00,0.00000000e+00,0.00000000e+00,0.00000000e+00,0.00000000e+00
0.00000000e+00,-1.77619329e-06,-3.55239981e-06,-5.32859820e-06,-7.10479760e-06
0.00000000e+00,-2.27406792e-06,-4.54816283e-06,-6.82224531e-06,-9.09632708e-06
0.00000000e+00,-2.22816203e-06,-4.45636177e-06,-6.68454079e-06,-8.91272105e-06
0.00000000e+00,-2.99890704e-06,-5.99786255e-06,-8.99679672e-06,-1.19957290e-05
0.00000000e+00,-2.85360445e-06,-5.70724657e-06,-8.56086968e-06,-1.14144929e-05
0.00000000e+00,-2.78669726e-06,-5.57343776e-06,-8.36015731e-06,-1.11468764e-05
0.00000000e+00,-2.69986146e-06,-5.39978364e-06,-8.09966912e-06,-1.07995588e-05
0.00000000e+00,-3.08252249e-06,-6.16509635e-06,-9.24764343e-06,-1.23301912e-05
0.00000000e+00,-3.06454735e-06,-6.12914880e-06,-9.19372875e-06,-1.22583050e-05
0.00000000e+00,-2.86159020e-06,-5.72323022e-06,-8.58484677e-06,-1.14464624e-05
0.00000000e+00,-2.77475529e-06,-5.54957877e-06,-8.32436126e-06,-1.10991483e-05
0.00000000e+00,-2.99890984e-06,-5.99786572e-06,-8.99679672e-06,-1.19957290e-05
0.00000000e+00,-3.06455436e-06,-6.12915561e-06,-9.19372875e-06,-1.22583050e-05
0.00000000e+00,-2.78670004e-06,-5.57344142e-06,-8.36015731e-06,-1.11468764e-05
0.00000000e+00,-2.69986138e-06,-5.39978354e-06,-8.09966912e-06,-1.07995588e-05
0.00000000e+00,-2.47175545e-06,-4.94354530e-06,-7.41532447e-06,-9.88709930e-06
0.00000000e+00,-2.85359785e-06,-5.70724167e-06,-8.56086968e-06,-1.14144929e-05
0.00000000e+00,-2.27406371e-06,-4.54815981e-06,-6.82224531e-06,-9.09632708e-06
0.00000000e+00,-2.22815920e-06,-4.45635921e-06,-6.68454079e-06,-8.91272105e-06
0.00000000e+00,0.00000000e+00,0.00000000e+00,0.00000000e+00,0.00000000e+00
0.00000000e+00,-1.77618773e-06,-3.55239544e-06,-5.32859820e-06,-7.10479760e-06
0.00000000e+00,0.00000000e+00,0.00000000e+00,0.00000000e+00,0.00000000e+00
0.00000000e+00,0.00000000e+00,0.00000000e+00,0.00000000e+00,0.00000000e+00
0.00000000e+00,0.00000000e+00,0.00000000e+00,0.00000000e+00,0.00000000e+00
0.00000000e+00,-1.20714578e-06,-2.41429680e-06,-3.62144489e-06,-4.82859318e-06
0.00000000e+00,0.00000000e+00,0.00000000e+00,0.00000000e+00,0.00000000e+00
0.00000000e+00,0.00000000e+00,0.00000000e+00,0.00000000e+00,0.00000000e+00
0.00000000e+00,-6.68360416e-07,-1.33672361e-06,-2.00508682e-06,-2.67344909e-06
0.00000000e+00,-9.95332511e-07,-1.99067171e-06,-2.98601034e-06,-3.98134712e-06
0.00000000e+00,-1.18578037e-06,-2.37157089e-06,-3.55735770e-06,-4.74314360e-06
0.00000000e+00,-1.69904196e-06,-3.39809357e-06,-5.09714698e-06,-6.79619597e-06
0.00000000e+00,-1.53661665e-06,-3.07324314e-06,-4.60987065e-06,-6.14649421e-06
0.00000000e+00,-1.42989671e-06,-2.85980684e-06,-4.28972044e-06,-5.71962726e-06
0.00000000e+00,-1.66768269e-06,-3.33538309e-06,-5.00308107e-06,-6.67077476e-06
0.00000000e+00,-1.78349966e-06,-3.56701564e-06,-5.35053053e-06,-7.13404071e-06
0.00000000e+00,-1.76520136e-06,-3.53041865e-06,-5.29563720e-06,-7.06084960e-06
0.00000000e+00,-1.50777938e-06,-3.01557446e-06,-4.52336891e-06,-6.03115855e-06
0.00000000e+00,-1.75000171e-06,-3.50002235e-06,-5.25003728e-06,-7.00004971e-06
0.00000000e+00,-1.69903660e-06,-3.39809022e-06,-5.09714698e-06,-6.79619597e-06
0.00000000e+00,-1.76520205e-06,-3.53042010e-06,-5.29563720e-06,-7.06084960e-06
0.00000000e+00,-1.42989867e-06,-2.85980959e-06,-4.28972044e-06,-5.71962726e-06
0.00000000e+00,-1.66767998e-06,-3.33538318e-06,-5.00308107e-06,-6.67077476e-06
0.00000000e+00,-1.20714575e-06,-2.41429873e-06,-3.62144489e-06,-4.82859318e-06
0.00000000e+00,-1.53661586e-06,-3.07324433e-06,-4.60987065e-06,-6.14649421e-06
0.00000000e+00,-9.95334860e-07,-1.99067554e-06,-2.98601034e-06,-3.98134712e-06
0.00000000e+00,-1.18577572e-06,-2.37156817e-06,-3.55735770e-06,-4.74314360e-06
0.00000000e+00,0.00000000e+00,0.00000000e+00,0.00000000e+00,0.00000000e+00
0.00000000e+00,-6.68359703e-07,-1.33672410e-06,-2.00508682e-06,-2.67344909e-06
0.00000000e+00,0.00000000e+00,0.00000000e+00,0.00000000e+00,0.00000000e+00
0.00000000e+00,0.00000000e+00,0.00000000e+00,0.00000000e+00,0.00000000e+00
0.00000000e+00,0.00000000e+00,0.00000000e+00,0.00000000e+00,0.00000000e+00
0.00000000e+00,-1.67602596e-06,-3.35205859e-06,-5.02809151e-06,-6.70412201e-06
0.00000000e+00,0.00000000e+00,0.00000000e+00,0.00000000e+00,0.00000000e+00
0.00000000e+00,0.00000000e+00,0.00000000e+00,0.00000000e+00,0.00000000e+00
0.00000000e+00,-9.46540900e-07,-1.89308287e-06,-2.83962380e-06,-3.78616506e-06
0.00000000e+00,-1.43171473e-06,-2.86343461e-06,-4.29515215e-06,-5.72686953e-06
0.00000000e+00,-1.62602755e-06,-3.25206747e-06,-4.87810201e-06,-6.50413602e-06
0.00000000e+00,-2.23066434e-06,-4.46133660e-06,-6.69200772e-06,-8.92267696e-06
0.00000000e+00,-2.06022620e-06,-4.12046367e-06,-6.18070281e-06,-8.24093708e-06
0.00000000e+00,-1.96765333e-06,-3.93531579e-06,-5.90297902e-06,-7.87063869e-06
0.00000000e+00,-2.16859005e-06,-4.33720037e-06,-6.50580326e-06,-8.67440434e-06
0.00000000e+00,-2.31987137e-06,-4.63975704e-06,-6.95963923e-06,-9.27951898e-06
0.00000000e+00,-2.30303432e-06,-4.60608502e-06,-6.90913730e-06,-9.21218307e-06
0.00000000e+00,-2.05362803e-06,-4.10727142e-06,-6.16091222e-06,-8.21454963e-06
0.00000000e+00,-2.25535695e-06,-4.51074000e-06,-6.76611348e-06,-9.02148464e-06
0.00000000e+00,-2.23065679e-06,-4.46133231e-06,-6.69200772e-06,-8.92267696e-06
0.00000000e+00,-2.30303219e-06,-4.60608428e-06,-6.90913730e-06,-9.21218307e-06
0.00000000e+00,-1.96764620e-06,-3.93531133e-06,-5.90297902e-06,-7.87063869e-06
0.00000000e+00,-2.16858679e-06,-4.33720012e-06,-6.50580326e-06,-8.67440434e-06
0.00000000e+00,-1.67602680e-06,-3.35206170e-06,-5.02809151e-06,-6.70412201e-06
0.00000000e+00,-2.06022952e-06,-4.12046899e-06,-6.18070281e-06,-8.24093708e-06
0.00000000e+00,-1.43171272e-06,-2.86343495e-06,-4.29515215e-06,-5.72686953e-06
0.00000000e+00,-1.62602638e-06,-3.25206835e-06,-4.87810201e-06,-6.50413602e-06
0.00000000e+00,0.00000000e+00,0.00000000e+00,0.00000000e+00,0.00000000e+00
0.00000000e+00,-9.46541663e-07,-1.89308483e-06,-2.83962380e-06,-3.78616506e-06
0.00000000e+00,0.00000000e+00,0.00000000e+00,0.00000000e+00,0.00000000e+00
0.00000000e+00,0.00000000e+00,0.00000000e+00,0.00000000e+00,0.00000000e+00
0.00000000e+00,0.00000000e+00,0.00000000e+00,0.00000000e+00,0.00000000e+00
0.00000000e+00,-2.22631488e-06,-4.45263969e-06,-6.67896885e-06,-8.90529181e-06
0.00000000e+00,0.00000000e+00,0.00000000e+00,0.00000000e+00,0.00000000e+00
0.00000000e+00,0.00000000e+00,0.00000000e+00,0.00000000e+00,0.00000000e+00
0.00000000e+00,-1.31876547e-06,-2.63753360e-06,-3.95630268e-06,-5.27507024e-06
0.00000000e+00,-1.93733942e-06,-3.87468867e-06,-5.81204149e-06,-7.74938865e-06
0.00000000e+00,-2.13610526e-06,-4.27222338e-06,-6.40833432e-06,-8.54444576e-06
0.00000000e+00,-2.75273193e-06,-5.50547521e-06,-8.25821979e-06,-1.10109597e-05
0.00000000e+00,-2.58258398e-06,-5.16517891e-06,-7.74777664e-06,-1.03303689e-05
0.00000000e+00,-2.49850619e-06,-4.99702155e-06,-7.49553640e-06,-9.99404853e-06
0.00000000e+00,-2.66367430e-06,-5.32737430e-06,-7.99106607e-06,-1.06547548e-05
0.00000000e+00,-2.83740394e-06,-5.67482781e-06,-8.51225503e-06,-1.13496734e-05
0.00000000e+00,-2.81923400e-06,-5.63847962e-06,-8.45772540e-06,-1.12769672e-05
0.00000000e+00,-2.57902543e-06,-5.15806708e-06,-7.73710790e-06,-1.03161439e-05
0.00000000e+00,-2.74346862e-06,-5.48696974e-06,-8.23046015e-06,-1.09739469e-05
0.00000000e+00,-2.75273187e-06,-5.50547777e-06,-8.25821979e-06,-1.10109597e-05
0.00000000e+00,-2.81922468e-06,-5.63847282e-06,-8.45772540e-06,-1.12769672e-05
0.00000000e+00,-2.49850106e-06,-4.99701952e-06,-7.49553640e-06,-9.99404853e-06
0.00000000e+00,-2.66367455e-06,-5.32737661e-06,-7.99106607e-06,-1.06547548e-05
0.00000000e+00,-2.22631717e-06,-4.45264396e-06,-6.67896885e-06,-8.90529181e-06
0.00000000e+00,-2.58258713e-06,-5.16518417e-06,-7.74777664e-06,-1.03303689e-05
0.00000000e+00,-1.93734311e-06,-3.87469425e-06,-5.81204149e-06,-7.74938865e-06
0.00000000e+00,-2.13610140e-06,-4.27222200e-06,-6.40833432e-06,-8.54444576e-06
0.00000000e+00,0.00000000e+00,0.00000000e+00,0.00000000e+00,0.00000000e+00
0.00000000e+00,-1.31876708e-06,-2.63753646e-06,-3.95630268e-06,-5.27507024e-06
0.00000000e+00,0.00000000e+00,0.00000000e+00,0.00000000e+00,0.00000000e+00
0.00000000e+00,0.00000000e+00,0.00000000e+00,0.00000000e+00,0.00000000e+00
0.00000000e+00,0.00000000e+00,0.00000000e+00,0.00000000e+00,0.00000000e+00
0.00000000e+00,-2.67245926e-06,-5.34492419e-06,-8.01739092e-06,-1.06898546e-05
0.00000000e+00,0.00000000e+00,0.00000000e+00,0.00000000e+00,0.00000000e+00
0.00000000e+00,0.00000000e+00,0.00000000e+00,0.00000000e+00,0.00000000e+00
0.00000000e+00,-1.92107624e-06,-3.84215031e-06,-5.76322279e-06,-7.68429705e-06
0.00000000e+00,-2.44560363e-06,-4.89121463e-06,-7.33682854e-06,-9.78243806e-06
0.00000000e+00,-2.62500913e-06,-5.25003475e-06,-7.87505317e-06,-1.05000709e-05
0.00000000e+00,-3.24625504e-06,-6.49253097e-06,-9.73881682e-06,-1.29850891e-05
0.00000000e+00,-3.08856024e-06,-6.17712850e-06,-9.26569899e-06,-1.23542653e-05
0.00000000e+00,-3.00640656e-06,-6.01282896e-06,-9.01925668e-06,-1.20256756e-05
0.00000000e+00,-3.18520172e-06,-6.37043475e-06,-9.55565876e-06,-1.27408783e-05
0.00000000e+00,-3.33651821e-06,-6.67305889e-06,-1.00096071e-05,-1.33461428e-05
0.00000000e+00,-3.31695163e-06,-6.63391339e-06,-9.95087514e-06,-1.32678335e-05
0.00000000e+00,-3.08622835e-06,-6.17247941e-06,-9.25873732e-06,-1.23449831e-05
0.00000000e+00,-3.27311975e-06,-6.54627620e-06,-9.81942162e-06,-1.30925622e-05
0.00000000e+00,-3.24626610e-06,-6.49254309e-06,-9.73881682e-06,-1.29850891e-05
0.00000000e+00,-3.31694794e-06,-6.63391134e-06,-9.95087514e-06,-1.32678335e-05
0.00000000e+00,-3.00641226e-06,-6.01283654e-06,-9.01925668e-06,-1.20256756e-05
0.00000000e+00,-3.18520698e-06,-6.37044086e-06,-9.55565876e-06,-1.27408783e-05
0.00000000e+00,-2.67244856e-06,-5.34491667e-06,-8.01739092e-06,-1.06898546e-05
0.00000000e+00,-3.08856023e-06,-6.17713109e-06,-9.26569899e-06,-1.23542653e-05
0.00000000e+00,-2.44559912e-06,-4.89121275e-06,-7.33682854e-06,-9.78243806e-06
0.00000000e+00,-2.62500839e-06,-5.25003529e-06,-7.87505317e-06,-1.05000709e-05
0.00000000e+00,0.00000000e+00,0.00000000e+00,0.00000000e+00,0.00000000e+00
0.00000000e+00,-1.92106997e-06,-3.84214694e-06,-5.76322279e-06,-7.68429705e-06
0.00000000e+00,0.00000000e+00,0.00000000e+00,0.00000000e+00,0.00000000e+00
0.00000000e+00,0.00000000e+00,0.00000000e+00,0.00000000e+00,0.00000000e+00
0.00000000e+00,0.00000000e+00,0.00000000e+00,0.00000000e+00,0.00000000e+00
0.00000000e+00,-1.17254497e-06,-2.34507831e-06,-3.51761143e-06,-4.69014858e-06
0.00000000e+00,0.00000000e+00,0.00000000e+00,0.00000000e+00,0.00000000e+00
0.00000000e+00,0.00000000e+00,0.00000000e+00,0.00000000e+00,0.00000000e+00
0.00000000e+00,-6.51574925e-07,-1.30314721e-06,-1.95472211e-06,-2.60629615e-06
0.00000000e+00,-9.81668387e-07,-1.96332797e-06,-2.94497728e-06,-3.92663638e-06
0.00000000e+00,-1.18578773e-06,-2.37157293e-06,-3.55735770e-06,-4.74314360e-06
0.00000000e+00,-1.63572385e-06,-3.27144614e-06,-4.90717914e-06,-6.54290552e-06
0.00000000e+00,-1.48453596e-06,-2.96906653e-06,-4.45360478e-06,-5.93813970e-06
0.00000000e+00,-1.39857245e-06,-2.79714627e-06,-4.19571073e-06,-5.59428097e-06
0.00000000e+00,-1.66769524e-06,-3.33538765e-06,-5.00308107e-06,-6.67077476e-06
0.00000000e+00,-1.71389931e-06,-3.42779282e-06,-5.14168743e-06,-6.85558324e-06
0.00000000e+00,-1.69698981e-06,-3.39397576e-06,-5.09097131e-06,-6.78796175e-06
0.00000000e+00,-1.47156548e-06,-2.94313954e-06,-4.41470064e-06,-5.88626752e-06
0.00000000e+00,-1.75000544e-06,-3.50001919e-06,-5.25003728e-06,-7.00004971e-06
0.00000000e+00,-1.63571617e-06,-3.27144166e-06,-4.90717914e-06,-6.54290552e-06
0.00000000e+00,-1.69698883e-06,-3.39397593e-06,-5.09097131e-06,-6.78796175e-06
0.00000000e+00,-1.39855188e-06,-2.79712993e-06,-4.19571073e-06,-5.59428097e-06
0.00000000e+00,-1.66768559e-06,-3.33538120e-06,-5.00308107e-06,-6.67077476e-06
0.00000000e+00,-1.17253450e-06,-2.34507230e-06,-3.51761143e-06,-4.69014858e-06
0.00000000e+00,-1.48453040e-06,-2.96906379e-06,-4.45360478e-06,-5.93813970e-06
0.00000000e+00,-9.81652301e-07,-1.96331664e-06,-2.94497728e-06,-3.92663638e-06
0.00000000e+00,-1.18578116e-06,-2.37156927e-06,-3.55735770e-06,-4.74314360e-06
0.00000000e+00,0.00000000e+00,0.00000000e+00,0.00000000e+00,0.00000000e+00
0.00000000e+00,-6.51574669e-07,-1.30314838e-06,-1.95472211e-06,-2.60629615e-06
0.00000000e+00,0.00000000e+00,0.00000000e+00,0.00000000e+00,0.00000000e+00
0.00000000e+00,0.00000000e+00,0.00000000e+00,0.00000000e+00,0.00000000e+00
0.00000000e+00,0.00000000e+00,0.00000000e+00,0.00000000e+00,0.00000000e+00
0.00000000e+00,-1.59390250e-06,-3.18779707e-06,-4.78170480e-06,-6.37560641e-06
0.00000000e+00,0.00000000e+00,0.00000000e+00,0.00000000e+00,0.00000000e+00
0.00000000e+00,0.00000000e+00,0.00000000e+00,0.00000000e+00,0.00000000e+00
0.00000000e+00,-9.05004000e-07,-1.81000305e-06,-2.71500788e-06,-3.62001051e-06
0.00000000e+00,-1.37468510e-06,-2.74935933e-06,-4.12404053e-06,-5.49872070e-06
0.00000000e+00,-1.62603078e-06,-3.25206290e-06,-4.87810201e-06,-6.50413602e-06
0.00000000e+00,-2.10397863e-06,-4.20795963e-06,-6.31196987e-06,-8.41595983e-06
0.00000000e+00,-1.94787049e-06,-3.89573249e-06,-5.84361118e-06,-7.79148158e-06
0.00000000e+00,-1.87253513e-06,-3.74507246e-06,-5.61763345e-06,-7.49017793e-06
0.00000000e+00,-2.16859275e-06,-4.33719158e-06,-6.50580326e-06,-8.67440434e-06
0.00000000e+00,-2.18525710e-06,-4.37051029e-06,-6.55578733e-06,-8.74104977e-06
0.00000000e+00,-2.17000175e-06,-4.33999658e-06,-6.51001376e-06,-8.68001835e-06
0.00000000e+00,-1.95104197e-06,-3.90207653e-06,-5.85312399e-06,-7.80416531e-06
0.00000000e+00,-2.25536293e-06,-4.51073323e-06,-6.76611348e-06,-9.02148464e-06
0.00000000e+00,-2.10399058e-06,-4.20797240e-06,-6.31196987e-06,-8.41595983e-06
0.00000000e+00,-2.17000438e-06,-4.34000001e-06,-6.51001376e-06,-8.68001835e-06
0.00000000e+00,-1.87254014e-06,-3.74507926e-06,-5.61763345e-06,-7.49017793e-06
0.00000000e+00,-2.16859304e-06,-4.33719381e-06,-6.50580326e-06,-8.67440434e-06
0.00000000e+00,-1.59390063e-06,-3.18779792e-06,-4.78170480e-06,-6.37560641e-06
0.00000000e+00,-1.94787093e-06,-3.89573514e-06,-5.84361118e-06,-7.79148158e-06
0.00000000e+00,-1.37467883e-06,-2.74935686e-06,-4.12404053e-06,-5.49872070e-06
0.00000000e+00,-1.62603119e-06,-3.25206544e-06,-4.87810201e-06,-6.50413602e-06
0.00000000e+00,0.00000000e+00,0.00000000e+00,0.00000000e+00,0.00000000e+00
0.00000000e+00,-9.05001697e-07,-1.81000212e-06,-2.71500788e-06,-3.62001051e-06
0.00000000e+00,0.00000000e+00,0.00000000e+00,0.00000000e+00,0.00000000e+00
0.00000000e+00,0.00000000e+00,0.00000000e+00,0.00000000e+00,0.00000000e+00
0.00000000e+00,0.00000000e+00,0.00000000e+00,0.00000000e+00,0.00000000e+00
0.00000000e+00,-2.08111780e-06,-4.16223018e-06,-6.24336144e-06,-8.32448192e-06
0.00000000e+00,0.00000000e+00,0.00000000e+00,0.00000000e+00,0.00000000e+00
0.00000000e+00,0.00000000e+00,0.00000000e+00,0.00000000e+00,0.00000000e+00
0.00000000e+00,-1.24271417e-06,-2.48542358e-06,-3.72814187e-06,-4.97085583e-06
0.00000000e+00,-1.82624378e-06,-3.65248135e-06,-5.47873521e-06,-7.30498028e-06
0.00000000e+00,-2.13610716e-06,-4.27221579e-06,-6.40833432e-06,-8.54444576e-06
0.00000000e+00,-2.56387382e-06,-5.12773821e-06,-7.69162841e-06,-1.02555045e-05
0.00000000e+00,-2.40776097e-06,-4.81551088e-06,-7.22328229e-06,-9.63104306e-06
0.00000000e+00,-2.33967207e-06,-4.67934129e-06,-7.01903824e-06,-9.35871766e-06
0.00000000e+00,-2.66367809e-06,-5.32736334e-06,-7.99106607e-06,-1.06547548e-05
0.00000000e+00,-2.64153276e-06,-5.28306255e-06,-7.92462463e-06,-1.05661662e-05
0.00000000e+00,-2.62464631e-06,-5.24928170e-06,-7.87394447e-06,-1.04985926e-05
0.00000000e+00,-2.41357279e-06,-4.82714446e-06,-7.24074615e-06,-9.65432820e-06
0.00000000e+00,-2.74347787e-06,-5.48696179e-06,-8.23046015e-06,-1.09739469e-05
0.00000000e+00,-2.56387575e-06,-5.12774146e-06,-7.69162841e-06,-1.02555045e-05
0.00000000e+00,-2.62464618e-06,-5.24928267e-06,-7.87394447e-06,-1.04985926e-05
0.00000000e+00,-2.33968067e-06,-4.67935073e-06,-7.01903824e-06,-9.35871766e-06
0.00000000e+00,-2.66368678e-06,-5.32737310e-06,-7.99106607e-06,-1.06547548e-05
0.00000000e+00,-2.08112797e-06,-4.16224107e-06,-6.24336144e-06,-8.32448192e-06
0.00000000e+00,-2.40777017e-06,-4.81552138e-06,-7.22328229e-06,-9.63104306e-06
0.00000000e+00,-1.82624649e-06,-3.65248574e-06,-5.47873521e-06,-7.30498028e-06
0.00000000e+00,-2.13610979e-06,-4.27222011e-06,-6.40833432e-06,-8.54444576e-06
0.00000000e+00,0.00000000e+00,0.00000000e+00,0.00000000e+00,0.00000000e+00
0.00000000e+00,-1.24271745e-06,-2.48542759e-06,-3.72814187e-06,-4.97085583e-06
0.00000000e+00,0.00000000e+00,0.00000000e+00,0.00000000e+00,0.00000000e+00
0.00000000e+00,0.00000000e+00,0.00000000e+00,0.00000000e+00,0.00000000e+00
0.00000000e+00,0.00000000e+00,0.00000000e+00,0.00000000e+00,0.00000000e+00
0.00000000e+00,-2.47177696e-06,-4.94354106e-06,-7.41532447e-06,-9.88709930e-06
0.00000000e+00,0.00000000e+00,0.00000000e+00,0.00000000e+00,0.00000000e+00
0.00000000e+00,0.00000000e+00,0.00000000e+00,0.00000000e+00,0.00000000e+00
0.00000000e+00,-1.77620172e-06,-3.55239551e-06,-5.32859820e-06,-7.10479760e-06
0.00000000e+00,-2.27408078e-06,-4.54815318e-06,-6.82224531e-06,-9.09632708e-06
0.00000000e+00,-2.62501326e-06,-5.25002723e-06,-7.87505317e-06,-1.05000709e-05
0.00000000e+00,-2.99893508e-06,-5.99785139e-06,-8.99679672e-06,-1.19957290e-05
0.00000000e+00,-2.85362553e-06,-5.70723507e-06,-8.56086968e-06,-1.14144929e-05
0.00000000e+00,-2.78671942e-06,-5.57342463e-06,-8.36015731e-06,-1.11468764e-05
0.00000000e+00,-3.18521111e-06,-6.37042511e-06,-9.55565876e-06,-1.27408783e-05
0.00000000e+00,-3.08255089e-06,-6.16508191e-06,-9.24764343e-06,-1.23301912e-05
0.00000000e+00,-3.06457433e-06,-6.12913447e-06,-9.19372875e-06,-1.22583050e-05
0.00000000e+00,-2.86161313e-06,-5.72321444e-06,-8.58484677e-06,-1.14464624e-05
0.00000000e+00,-3.27313096e-06,-6.54626638e-06,-9.81942162e-06,-1.30925622e-05
0.00000000e+00,-2.99893744e-06,-5.99785486e-06,-8.99679672e-06,-1.19957290e-05
0.00000000e+00,-3.06458142e-06,-6.12914185e-06,-9.19372875e-06,-1.22583050e-05
0.00000000e+00,-2.78672091e-06,-5.57342746e-06,-8.36015731e-06,-1.11468764e-05
0.00000000e+00,-3.18521448e-06,-6.37043010e-06,-9.55565876e-06,-1.27408783e-05
0.00000000e+00,-2.47178619e-06,-4.94355123e-06,-7.41532447e-06,-9.88709930e-06
0.00000000e+00,-2.85363283e-06,-5.70724384e-06,-8.56086968e-06,-1.14144929e-05
0.00000000e+00,-2.27409162e-06,-4.54816480e-06,-6.82224531e-06,-9.09632708e-06
0.00000000e+00,-2.62501662e-06,-5.25003188e-06,-7.87505317e-06,-1.05000709e-05
0.00000000e+00,0.00000000e+00,0.00000000e+00,0.00000000e+00,0.00000000e+00
0.00000000e+00,-1.77620326e-06,-3.55239780e-06,-5.32859820e-06,-7.10479760e-06
0.00000000e+00,0.00000000e+00,0.00000000e+00,0.00000000e+00,0.00000000e+00
0.00000000e+00,0.00000000e+00,0.00000000e+00,0.00000000e+00,0.00000000e+00
0.00000000e+00,0.00000000e+00,0.00000000e+00,0.00000000e+00,0.00000000e+00
0.00000000e+00,-1.07054185e-06,-2.14106578e-06,-3.21161284e-06,-4.28215045e-06
0.00000000e+00,0.00000000e+00,0.00000000e+00,0.00000000e+00,0.00000000e+00
0.00000000e+00,0.00000000e+00,0.00000000e+00,0.00000000e+00,0.00000000e+00
0.00000000e+00,-6.01120542e-07,-1.20223167e-06,-1.80335249e-06,-2.40446999e-06
0.00000000e+00,-9.42091944e-07,-1.88416584e-06,-2.82627383e-06,-3.76836511e-06
0.00000000e+00,-1.11872564e-06,-2.23743714e-06,-3.35616413e-06,-4.47488551e-06
0.00000000e+00,-1.45451345e-06,-2.90900278e-06,-4.36353640e-06,-5.81804853e-06
0.00000000e+00,-1.33299610e-06,-2.66596705e-06,-3.99896378e-06,-5.33195170e-06
0.00000000e+00,-1.30837338e-06,-2.61671805e-06,-3.92512596e-06,-5.23350128e-06
0.00000000e+00,-1.54565753e-06,-3.09129987e-06,-4.63697311e-06,-6.18263082e-06
0.00000000e+00,-1.51694782e-06,-3.03385631e-06,-4.55080516e-06,-6.06774021e-06
0.00000000e+00,-1.50381662e-06,-3.00760156e-06,-4.51142014e-06,-6.01522685e-06
0.00000000e+00,-1.36889691e-06,-2.73774159e-06,-4.10664596e-06,-5.47552795e-06
0.00000000e+00,-1.61614757e-06,-3.23227565e-06,-4.84843609e-06,-6.46458146e-06
0.00000000e+00,-1.45452647e-06,-2.90901562e-06,-4.36353640e-06,-5.81804853e-06
0.00000000e+00,-1.50381980e-06,-3.00760519e-06,-4.51142014e-06,-6.01522685e-06
0.00000000e+00,-1.30840306e-06,-2.61674569e-06,-3.92512596e-06,-5.23350128e-06
0.00000000e+00,-1.54566587e-06,-3.09130865e-06,-4.63697311e-06,-6.18263082e-06
0.00000000e+00,-1.07054728e-06,-2.14107260e-06,-3.21161284e-06,-4.28215045e-06
0.00000000e+00,-1.33300077e-06,-2.66597318e-06,-3.99896378e-06,-5.33195170e-06
0.00000000e+00,-9.42100022e-07,-1.88417510e-06,-2.82627383e-06,-3.76836511e-06
0.00000000e+00,-1.11872354e-06,-2.23743754e-06,-3.35616413e-06,-4.47488551e-06
0.00000000e+00,0.00000000e+00,0.00000000e+00,0.00000000e+00,0.00000000e+00
0.00000000e+00,-6.01120075e-07,-1.20223207e-06,-1.80335249e-06,-2.40446999e-06
0.00000000e+00,0.00000000e+00,0.00000000e+00,0.00000000e+00,0.00000000e+00
0.00000000e+00,0.00000000e+00,0.00000000e+00,0.00000000e+00,0.00000000e+00
0.00000000e+00,0.00000000e+00,0.00000000e+00,0.00000000e+00,0.00000000e+00
0.00000000e+00,-1.35091775e-06,-2.70181070e-06,-4.05272395e-06,-5.40363193e-06
0.00000000e+00,0.00000000e+00,0.00000000e+00,0.00000000e+00,0.00000000e+00
0.00000000e+00,0.00000000e+00,0.00000000e+00,0.00000000e+00,0.00000000e+00
0.00000000e+00,-7.78547621e-07,-1.55708190e-06,-2.33562679e-06,-3.11416905e-06
0.00000000e+00,-1.20559623e-06,-2.41117162e-06,-3.61676785e-06,-4.82235713e-06
0.00000000e+00,-1.46674701e-06,-2.93347980e-06,-4.40023101e-06,-5.86697468e-06
0.00000000e+00,-1.74289105e-06,-3.48574785e-06,-5.22864282e-06,-6.97152375e-06
0.00000000e+00,-1.62388757e-06,-3.24774542e-06,-4.87163612e-06,-6.49551483e-06
0.00000000e+00,-1.60074282e-06,-3.20145630e-06,-4.80220872e-06,-6.40294496e-06
0.00000000e+00,-1.92447440e-06,-3.84892932e-06,-5.77341512e-06,-7.69788682e-06
0.00000000e+00,-1.80503802e-06,-3.61003407e-06,-5.41506843e-06,-7.22009124e-06
0.00000000e+00,-1.79355220e-06,-3.58707005e-06,-5.38063322e-06,-7.17417763e-06
0.00000000e+00,-1.66154287e-06,-3.32304542e-06,-4.98458456e-06,-6.64611275e-06
0.00000000e+00,-1.99691851e-06,-3.99381278e-06,-5.99073797e-06,-7.98765063e-06
0.00000000e+00,-1.74289895e-06,-3.48575674e-06,-5.22864282e-06,-6.97152375e-06
0.00000000e+00,-1.79355981e-06,-3.58707793e-06,-5.38063322e-06,-7.17417763e-06
0.00000000e+00,-1.60075244e-06,-3.20146651e-06,-4.80220872e-06,-6.40294496e-06
0.00000000e+00,-1.92448398e-06,-3.84893959e-06,-5.77341512e-06,-7.69788682e-06
0.00000000e+00,-1.35091218e-06,-2.70180724e-06,-4.05272395e-06,-5.40363193e-06
0.00000000e+00,-1.62389184e-06,-3.24775139e-06,-4.87163612e-06,-6.49551483e-06
0.00000000e+00,-1.20559613e-06,-2.41117331e-06,-3.61676785e-06,-4.82235713e-06
0.00000000e+00,-1.46675069e-06,-2.93348516e-06,-4.40023101e-06,-5.86697468e-06
0.00000000e+00,0.00000000e+00,0.00000000e+00,0.00000000e+00,0.00000000e+00
0.00000000e+00,-7.78545260e-07,-1.55708053e-06,-2.33562679e-06,-3.11416905e-06
0.00000000e+00,0.00000000e+00,0.00000000e+00,0.00000000e+00,0.00000000e+00
0.00000000e+00,0.00000000e+00,0.00000000e+00,0.00000000e+00,0.00000000e+00
0.00000000e+00,0.00000000e+00,0.00000000e+00,0.00000000e+00,0.00000000e+00
0.00000000e+00,-1.66135132e-06,-3.32267516e-06,-4.98402760e-06,-6.64537014e-06
0.00000000e+00,0.00000000e+00,0.00000000e+00,0.00000000e+00,0.00000000e+00
0.00000000e+00,0.00000000e+00,0.00000000e+00,0.00000000e+00,0.00000000e+00
0.00000000e+00,-1.01228732e-06,-2.02455660e-06,-3.03683700e-06,-4.04911601e-06
0.00000000e+00,-1.50048697e-06,-3.00094819e-06,-4.50143393e-06,-6.00191190e-06
0.00000000e+00,-1.85844994e-06,-3.71688274e-06,-5.57533798e-06,-7.43378397e-06
0.00000000e+00,-2.02672548e-06,-4.05340945e-06,-6.08014091e-06,-8.10685454e-06
0.00000000e+00,-1.90759012e-06,-3.81514166e-06,-5.72272838e-06,-7.63030450e-06
0.00000000e+00,-1.88808841e-06,-3.77613910e-06,-5.66423253e-06,-7.55231003e-06
0.00000000e+00,-2.29955137e-06,-4.59907833e-06,-6.89864293e-06,-9.19819058e-06
0.00000000e+00,-2.08624926e-06,-4.17244952e-06,-6.25869893e-06,-8.34493190e-06
0.00000000e+00,-2.07299520e-06,-4.14594154e-06,-6.21893405e-06,-8.29191206e-06
0.00000000e+00,-1.94552027e-06,-3.89099545e-06,-5.83651432e-06,-7.78201909e-06
0.00000000e+00,-2.36675806e-06,-4.73348887e-06,-7.10025951e-06,-9.46701268e-06
0.00000000e+00,-2.02673598e-06,-4.05342075e-06,-6.08014091e-06,-8.10685454e-06
0.00000000e+00,-2.07300102e-06,-4.14594766e-06,-6.21893405e-06,-8.29191206e-06
0.00000000e+00,-1.88809769e-06,-3.77614943e-06,-5.66423253e-06,-7.55231003e-06
0.00000000e+00,-2.29955907e-06,-4.59908701e-06,-6.89864293e-06,-9.19819058e-06
0.00000000e+00,-1.66135688e-06,-3.32268180e-06,-4.98402760e-06,-6.64537014e-06
0.00000000e+00,-1.90759514e-06,-3.81514794e-06,-5.72272838e-06,-7.63030450e-06
0.00000000e+00,-1.50048667e-06,-3.00094956e-06,-4.50143393e-06,-6.00191190e-06
0.00000000e+00,-1.85845346e-06,-3.71688769e-06,-5.57533798e-06,-7.43378397e-06
0.00000000e+00,0.00000000e+00,0.00000000e+00,0.00000000e+00,0.00000000e+00
0.00000000e+00,-1.01228852e-06,-2.02455846e-06,-3.03683700e-06,-4.04911601e-06
0.00000000e+00,0.00000000e+00,0.00000000e+00,0.00000000e+00,0.00000000e+00
0.00000000e+00,0.00000000e+00,0.00000000e+00,0.00000000e+00,0.00000000e+00
0.00000000e+00,0.00000000e+00,0.00000000e+00,0.00000000e+00,0.00000000e+00
0.00000000e+00,-1.89284591e-06,-3.78565423e-06,-5.67849304e-06,-7.57132405e-06
0.00000000e+00,0.00000000e+00,0.00000000e+00,0.00000000e+00,0.00000000e+00
0.00000000e+00,0.00000000e+00,0.00000000e+00,0.00000000e+00,0.00000000e+00
0.00000000e+00,-1.36630912e-06,-2.73259311e-06,-4.09888788e-06,-5.46518384e-06
0.00000000e+00,-1.77714903e-06,-3.55426569e-06,-5.33141228e-06,-7.10854970e-06
0.00000000e+00,-2.22818739e-06,-4.45635121e-06,-6.68454079e-06,-8.91272105e-06
0.00000000e+00,-2.29504387e-06,-4.59002594e-06,-6.88505615e-06,-9.18007487e-06
0.00000000e+00,-2.18265268e-06,-4.36525554e-06,-6.54789569e-06,-8.73052758e-06
0.00000000e+00,-2.16334171e-06,-4.32663208e-06,-6.48997057e-06,-8.65329409e-06
0.00000000e+00,-2.69990090e-06,-5.39976449e-06,-8.09966912e-06,-1.07995588e-05
0.00000000e+00,-2.35922400e-06,-4.71837217e-06,-7.07756676e-06,-9.43675568e-06
0.00000000e+00,-2.34590856e-06,-4.69174796e-06,-7.03763395e-06,-9.38351193e-06
0.00000000e+00,-2.22257914e-06,-4.44509695e-06,-6.66766350e-06,-8.89021800e-06
0.00000000e+00,-2.77480100e-06,-5.54955949e-06,-8.32436126e-06,-1.10991483e-05
0.00000000e+00,-2.29505429e-06,-4.59003695e-06,-6.88505615e-06,-9.18007487e-06
0.00000000e+00,-2.34590780e-06,-4.69174847e-06,-7.03763395e-06,-9.38351193e-06
0.00000000e+00,-2.16335270e-06,-4.32664371e-06,-6.48997057e-06,-8.65329409e-06
0.00000000e+00,-2.69990976e-06,-5.39977403e-06,-8.09966912e-06,-1.07995588e-05
0.00000000e+00,-1.89285739e-06,-3.78566587e-06,-5.67849304e-06,-7.57132405e-06
0.00000000e+00,-2.18265720e-06,-4.36526051e-06,-6.54789569e-06,-8.73052758e-06
0.00000000e+00,-1.77715902e-06,-3.55427617e-06,-5.33141228e-06,-7.10854970e-06
0.00000000e+00,-2.22819331e-06,-4.45635813e-06,-6.68454079e-06,-8.91272105e-06
0.00000000e+00,0.00000000e+00,0.00000000e+00,0.00000000e+00,0.00000000e+00
0.00000000e+00,-1.36630863e-06,-2.73259376e-06,-4.09888788e-06,-5.46518384e-06
0.00000000e+00,0.00000000e+00,0.00000000e+00,0.00000000e+00,0.00000000e+00
0.00000000e+00,0.00000000e+00,0.00000000e+00,0.00000000e+00,0.00000000e+00
0.00000000e+00,0.00000000e+00,0.00000000e+00,0.00000000e+00,0.00000000e+00
0.00000000e+00,-5.39848623e-07,-1.07966471e-06,-1.61949362e-06,-2.15932483e-06
0.00000000e+00,0.00000000e+00,0.00000000e+00,0.00000000e+00,0.00000000e+00
0.00000000e+00,0.00000000e+00,0.00000000e+00,0.00000000e+00,0.00000000e+00
0.00000000e+00,-3.00309344e-07,-6.00605596e-07,-9.00911276e-07,-1.20121503e-06
0.00000000e+00,-4.68158503e-07,-9.36293221e-07,-1.40444124e-06,-1.87258833e-06
0.00000000e+00,-7.98834016e-07,-1.59764004e-06,-2.39646382e-06,-3.19528509e-06
0.00000000e+00,-7.52318146e-07,-1.50458110e-06,-2.25686404e-06,-3.00915205e-06
0.00000000e+00,-6.82706460e-07,-1.36537734e-06,-2.04807172e-06,-2.73076229e-06
0.00000000e+00,-6.66520397e-07,-1.33300183e-06,-1.99950659e-06,-2.66600878e-06
0.00000000e+00,-1.10433649e-06,-2.20863026e-06,-3.31295719e-06,-4.41727625e-06
0.00000000e+00,-7.88006869e-07,-1.57593739e-06,-2.36388169e-06,-3.15184226e-06
0.00000000e+00,-7.80400743e-07,-1.56075466e-06,-2.34113890e-06,-3.12151853e-06
0.00000000e+00,-7.01106171e-07,-1.40216341e-06,-2.10324495e-06,-2.80432660e-06
0.00000000e+00,-1.15437528e-06,-2.30869024e-06,-3.46303483e-06,-4.61737978e-06
0.00000000e+00,-7.52333320e-07,-1.50459534e-06,-2.25686404e-06,-3.00915205e-06
0.00000000e+00,-7.80400866e-07,-1.56075518e-06,-2.34113890e-06,-3.12151853e-06
0.00000000e+00,-6.66526794e-07,-1.33300816e-06,-1.99950659e-06,-2.66600878e-06
0.00000000e+00,-1.10434838e-06,-2.20864175e-06,-3.31295719e-06,-4.41727625e-06
0.00000000e+00,-5.39853476e-07,-1.07967091e-06,-1.61949362e-06,-2.15932483e-06
0.00000000e+00,-6.82707581e-07,-1.36537963e-06,-2.04807172e-06,-2.73076229e-06
0.00000000e+00,-4.68159309e-07,-9.36295219e-07,-1.40444124e-06,-1.87258833e-06
0.00000000e+00,-7.98837657e-07,-1.59764498e-06,-2.39646382e-06,-3.19528509e-06
0.00000000e+00,0.00000000e+00,0.00000000e+00,0.00000000e+00,0.00000000e+00
0.00000000e+00,-3.00310744e-07,-6.00607739e-07,-9.00911276e-07,-1.20121503e-06
0.00000000e+00,0.00000000e+00,0.00000000e+00,0.00000000e+00,0.00000000e+00
0.00000000e+00,0.00000000e+00,0.00000000e+00,0.00000000e+00,0.00000000e+00
0.00000000e+00,0.00000000e+00,0.00000000e+00,0.00000000e+00,0.00000000e+00
0.00000000e+00,-6.98688591e-07,-1.39734039e-06,-2.09601550e-06,-2.79468733e-06
0.00000000e+00,0.00000000e+00,0.00000000e+00,0.00000000e+00,0.00000000e+00
0.00000000e+00,0.00000000e+00,0.00000000e+00,0.00000000e+00,0.00000000e+00
0.00000000e+00,-3.97028210e-07,-7.94037456e-07,-1.19105725e-06,-1.58807634e-06
0.00000000e+00,-6.15743144e-07,-1.23145159e-06,-1.84717828e-06,-2.46290438e-06
0.00000000e+00,-1.01573214e-06,-2.03143328e-06,-3.04715651e-06,-4.06287534e-06
0.00000000e+00,-9.20668455e-07,-1.84128967e-06,-2.76195707e-06,-3.68260942e-06
0.00000000e+00,-8.53371175e-07,-1.70669380e-06,-2.56004596e-06,-3.41339461e-06
0.00000000e+00,-8.37646185e-07,-1.67524096e-06,-2.51286880e-06,-3.35049173e-06
0.00000000e+00,-1.33380668e-06,-2.66757171e-06,-4.00137781e-06,-5.33517041e-06
0.00000000e+00,-9.56819318e-07,-1.91357571e-06,-2.87037449e-06,-3.82716599e-06
0.00000000e+00,-9.49912819e-07,-1.89976091e-06,-2.84964643e-06,-3.79952858e-06
0.00000000e+00,-8.73012166e-07,-1.74595466e-06,-2.61892515e-06,-3.49190020e-06
0.00000000e+00,-1.38329206e-06,-2.76653121e-06,-4.14981052e-06,-5.53308069e-06
0.00000000e+00,-9.20682158e-07,-1.84130378e-06,-2.76195707e-06,-3.68260942e-06
0.00000000e+00,-9.49913138e-07,-1.89976149e-06,-2.84964643e-06,-3.79952858e-06
0.00000000e+00,-8.37660507e-07,-1.67525501e-06,-2.51286880e-06,-3.35049173e-06
0.00000000e+00,-1.33381616e-06,-2.66758187e-06,-4.00137781e-06,-5.33517041e-06
0.00000000e+00,-6.98681583e-07,-1.39733592e-06,-2.09601550e-06,-2.79468733e-06
0.00000000e+00,-8.53370951e-07,-1.70669464e-06,-2.56004596e-06,-3.41339461e-06
0.00000000e+00,-6.15741585e-07,-1.23145208e-06,-1.84717828e-06,-2.46290438e-06
0.00000000e+00,-1.01572989e-06,-2.03143303e-06,-3.04715651e-06,-4.06287534e-06
0.00000000e+00,0.00000000e+00,0.00000000e+00,0.00000000e+00,0.00000000e+00
0.00000000e+00,-3.97029283e-07,-7.94038912e-07,-1.19105725e-06,-1.58807634e-06
0.00000000e+00,0.00000000e+00,0.00000000e+00,0.00000000e+00,0.00000000e+00
0.00000000e+00,0.00000000e+00,0.00000000e+00,0.00000000e+00,0.00000000e+00
0.00000000e+00,0.00000000e+00,0.00000000e+00,0.00000000e+00,0.00000000e+00
0.00000000e+00,-8.84810810e-07,-1.76957466e-06,-2.65436397e-06,-3.53915196e-06
0.00000000e+00,0.00000000e+00,0.00000000e+00,0.00000000e+00,0.00000000e+00
0.00000000e+00,0.00000000e+00,0.00000000e+00,0.00000000e+00,0.00000000e+00
0.00000000e+00,-5.25402484e-07,-1.05078043e-06,-1.57617076e-06,-2.10156101e-06
0.00000000e+00,-7.87298960e-07,-1.57455675e-06,-2.36183945e-06,-3.14911927e-06
0.00000000e+00,-1.26091900e-06,-2.52180114e-06,-3.78271043e-06,-5.04361390e-06
0.00000000e+00,-1.08619501e-06,-2.17231831e-06,-3.25848701e-06,-4.34464935e-06
0.00000000e+00,-1.02086994e-06,-2.04167871e-06,-3.06252209e-06,-4.08336279e-06
0.00000000e+00,-1.00588204e-06,-2.01170568e-06,-3.01757612e-06,-4.02343482e-06
0.00000000e+00,-1.56062736e-06,-3.12119665e-06,-4.68181154e-06,-6.24241539e-06
0.00000000e+00,-1.11981813e-06,-2.23955146e-06,-3.35933205e-06,-4.47910940e-06
0.00000000e+00,-1.11246352e-06,-2.22484544e-06,-3.33727136e-06,-4.44969515e-06
0.00000000e+00,-1.03829407e-06,-2.07651420e-06,-3.11477914e-06,-4.15303886e-06
0.00000000e+00,-1.60556247e-06,-3.21105583e-06,-4.81659594e-06,-6.42212793e-06
0.00000000e+00,-1.08620222e-06,-2.17232584e-06,-3.25848701e-06,-4.34464935e-06
0.00000000e+00,-1.11246228e-06,-2.22484467e-06,-3.33727136e-06,-4.44969515e-06
0.00000000e+00,-1.00589230e-06,-2.01171631e-06,-3.01757612e-06,-4.02343482e-06
0.00000000e+00,-1.56063348e-06,-3.12120349e-06,-4.68181154e-06,-6.24241539e-06
0.00000000e+00,-8.84809319e-07,-1.76957436e-06,-2.65436397e-06,-3.53915196e-06
0.00000000e+00,-1.02087059e-06,-2.04168010e-06,-3.06252209e-06,-4.08336279e-06
0.00000000e+00,-7.87295775e-07,-1.57455532e-06,-2.36183945e-06,-3.14911927e-06
0.00000000e+00,-1.26092150e-06,-2.52180473e-06,-3.78271043e-06,-5.04361390e-06
0.00000000e+00,0.00000000e+00,0.00000000e+00,0.00000000e+00,0.00000000e+00
0.00000000e+00,-5.25403633e-07,-1.05078188e-06,-1.57617076e-06,-2.10156101e-06
0.00000000e+00,0.00000000e+00,0.00000000e+00,0.00000000e+00,0.00000000e+00
0.00000000e+00,0.00000000e+00,0.00000000e+00,0.00000000e+00,0.00000000e+00
0.00000000e+00,0.00000000e+00,0.00000000e+00,0.00000000e+00,0.00000000e+00
0.00000000e+00,-1.02164639e-06,-2.04322815e-06,-3.06483517e-06,-4.08644689e-06
0.00000000e+00,0.00000000e+00,0.00000000e+00,0.00000000e+00,0.00000000e+00
0.00000000e+00,0.00000000e+00,0.00000000e+00,0.00000000e+00,0.00000000e+00
0.00000000e+00,-7.39523521e-07,-1.47901344e-06,-2.21851651e-06,-2.95802202e-06
0.00000000e+00,-9.52750760e-07,-1.90544624e-06,-2.85816706e-06,-3.81088941e-06
0.00000000e+00,-1.48759724e-06,-2.97514618e-06,-4.46272364e-06,-5.95029819e-06
0.00000000e+00,-1.24238882e-06,-2.48467802e-06,-3.72701161e-06,-4.96934882e-06
0.00000000e+00,-1.18107925e-06,-2.36207758e-06,-3.54311345e-06,-4.72415127e-06
0.00000000e+00,-1.16655268e-06,-2.33301920e-06,-3.49952991e-06,-4.66603988e-06
0.00000000e+00,-1.80431358e-06,-3.60854522e-06,-5.41282208e-06,-7.21709610e-06
0.00000000e+00,-1.27682735e-06,-2.55354045e-06,-3.83030135e-06,-5.10706846e-06
0.00000000e+00,-1.26960014e-06,-2.53909527e-06,-3.80863937e-06,-5.07818582e-06
0.00000000e+00,-1.19792539e-06,-2.39575083e-06,-3.59362316e-06,-4.79149754e-06
0.00000000e+00,-1.85394530e-06,-3.70779555e-06,-5.56169321e-06,-7.41559095e-06
0.00000000e+00,-1.24239333e-06,-2.48468293e-06,-3.72701161e-06,-4.96934882e-06
0.00000000e+00,-1.26959889e-06,-2.53909436e-06,-3.80863937e-06,-5.07818582e-06
0.00000000e+00,-1.16655840e-06,-2.33302529e-06,-3.49952991e-06,-4.66603988e-06
0.00000000e+00,-1.80431841e-06,-3.60855057e-06,-5.41282208e-06,-7.21709610e-06
0.00000000e+00,-1.02164229e-06,-2.04322460e-06,-3.06483517e-06,-4.08644689e-06
0.00000000e+00,-1.18107886e-06,-2.36207774e-06,-3.54311345e-06,-4.72415127e-06
0.00000000e+00,-9.52749167e-07,-1.90544534e-06,-2.85816706e-06,-3.81088941e-06
0.00000000e+00,-1.48760068e-06,-2.97514975e-06,-4.46272364e-06,-5.95029819e-06
0.00000000e+00,0.00000000e+00,0.00000000e+00,0.00000000e+00,0.00000000e+00
0.00000000e+00,-7.39523369e-07,-1.47901353e-06,-2.21851651e-06,-2.95802202e-06
0.00000000e+00,0.00000000e+00,0.00000000e+00,0.00000000e+00,0.00000000e+00
0.00000000e+00,0.00000000e+00,0.00000000e+00,0.00000000e+00,0.00000000e+00
0.00000000e+00,0.00000000e+00,0.00000000e+00,0.00000000e+00,0.00000000e+00
0.00000000e+00,-2.60294049e-11,-1.12926689e-11,-1.06225911e-17,-7.95535097e-18
0.00000000e+00,0.00000000e+00,0.00000000e+00,0.00000000e+00,0.00000000e+00
0.00000000e+00,0.00000000e+00,0.00000000e+00,0.00000000e+00,0.00000000e+00
0.00000000e+00,-8.83829154e-12,-7.36727162e-13,-4.63905305e-18,-2.29327417e-18
0.00000000e+00,-1.90169074e-11,-6.96201059e-12,-8.13006810e-18,-5.56493190e-18
0.00000000e+00,-2.67665759e-07,-5.35295920e-07,-8.02933514e-07,-1.07057802e-06
0.00000000e+00,-3.81374858e-11,-1.53765662e-11,-1.56339979e-17,-1.19150828e-17
0.00000000e+00,-2.50900668e-11,-3.86539247e-12,-1.21853375e-17,-5.98109122e-18
0.00000000e+00,-2.97992260e-11,-1.07692832e-11,-1.27084980e-17,-8.85388774e-18
0.00000000e+00,-3.76345301e-07,-7.52634870e-07,-1.12893771e-06,-1.50525028e-06
0.00000000e+00,-4.27736025e-11,-1.75671487e-11,-1.99951872e-17,-1.36906920e-17
0.00000000e+00,-3.08497706e-11,-3.11963414e-12,-1.82839394e-17,-1.04510056e-17
0.00000000e+00,-3.16832048e-11,-1.03878466e-11,-1.76629494e-17,-1.27490956e-17
0.00000000e+00,-3.94808861e-07,-7.89546822e-07,-1.18429423e-06,-1.57905897e-06
0.00000000e+00,-2.98167104e-11,-8.56070224e-12,-1.97638074e-17,-1.29768060e-17
0.00000000e+00,-2.76141967e-11,-2.13309066e-13,-1.95957655e-17,-1.23518020e-17
0.00000000e+00,-2.28510674e-11,-4.91969051e-12,-1.65532280e-17,-1.21943519e-17
0.00000000e+00,-3.76351674e-07,-7.52641504e-07,-1.12893771e-06,-1.50525028e-06
0.00000000e+00,-1.75812841e-11,-4.82026207e-12,-1.29952414e-17,-8.66462707e-18
0.00000000e+00,-2.17715690e-11,-1.32007383e-12,-1.42830882e-17,-8.86374803e-18
0.00000000e+00,-1.24761105e-11,-1.87189358e-12,-9.97426150e-18,-7.14690913e-18
0.00000000e+00,-2.67664944e-07,-5.35296828e-07,-8.02933514e-07,-1.07057802e-06
0.00000000e+00,0.00000000e+00,0.00000000e+00,0.00000000e+00,0.00000000e+00
0.00000000e+00,-7.26312167e-12,3.62013546e-13,-5.39745470e-18,-3.34987898e-18
0.00000000e+00,0.00000000e+00,0.00000000e+00,0.00000000e+00,0.00000000e+00
0.00000000e+00,0.00000000e+00,0.00000000e+00,0.00000000e+00,0.00000000e+00
0.00000000e+00,0.00000000e+00,0.00000000e+00,0.00000000e+00,0.00000000e+00
0.00000000e+00,-1.72568189e-11,2.59647107e-12,-1.36745315e-17,-9.01998561e-18
0.00000000e+00,0.00000000e+00,0.00000000e+00,0.00000000e+00,0.00000000e+00
0.00000000e+00,0.00000000e+00,0.00000000e+00,0.00000000e+00,0.00000000e+00
0.00000000e+00,-1.25055444e-11,-1.85540097e-12,-5.99999622e-18,-3.01770428e-18
0.00000000e+00,-2.11107185e-11,-4.00775563e-12,-1.22056412e-17,-8.67966529e-18
0.00000000e+00,-3.45743401e-07,-6.91450515e-07,-1.03718055e-06,-1.38290740e-06
0.00000000e+00,-2.54612470e-11,5.90757043e-12,-1.81155768e-17,-9.02479977e-18
0.00000000e+00,-3.10987448e-11,-3.82441025e-12,-1.58317927e-17,-7.96256370e-18
0.00000000e+00,-3.17448984e-11,-4.68727470e-12,-1.62461172e-17,-9.80362372e-18
0.00000000e+00,-4.61042303e-07,-9.22035235e-07,-1.38307126e-06,-1.84409501e-06
0.00000000e+00,-3.06749698e-11,5.05548573e-12,-1.83359436e-17,-4.63332113e-18
0.00000000e+00,-4.03798459e-11,-4.79889956e-12,-2.19970178e-17,-1.12945182e-17
0.00000000e+00,-3.70732822e-11,-6.68260071e-12,-1.91778216e-17,-9.19588196e-18
0.00000000e+00,-4.79391942e-07,-9.58721002e-07,-1.43809221e-06,-1.91745628e-06
0.00000000e+00,-3.05912211e-11,1.25806757e-12,-1.55757290e-17,-3.77533090e-18
0.00000000e+00,-3.87057031e-11,-3.43193541e-12,-2.30796409e-17,-1.22266394e-17
0.00000000e+00,-3.14055167e-11,-4.76290711e-12,-1.74461476e-17,-8.06521907e-18
0.00000000e+00,-4.61053866e-07,-9.22046729e-07,-1.38307126e-06,-1.84409501e-06
0.00000000e+00,-1.95064499e-11,2.28825898e-13,-5.84984180e-18,8.30086433e-19
0.00000000e+00,-3.14802029e-11,-4.57852782e-12,-1.74654044e-17,-9.49861522e-18
0.00000000e+00,-1.70396501e-11,-9.83783486e-13,-1.00090716e-17,-4.26344635e-18
0.00000000e+00,-3.45739445e-07,-6.91448016e-07,-1.03718055e-06,-1.38290740e-06
0.00000000e+00,0.00000000e+00,0.00000000e+00,0.00000000e+00,0.00000000e+00
0.00000000e+00,-1.21938664e-11,-1.80127600e-12,-7.12316579e-18,-4.23464415e-18
0.00000000e+00,0.00000000e+00,0.00000000e+00,0.00000000e+00,0.00000000e+00
0.00000000e+00,0.00000000e+00,0.00000000e+00,0.00000000e+00,0.00000000e+00
0.00000000e+00,0.00000000e+00,0.00000000e+00,0.00000000e+00,0.00000000e+00
0.00000000e+00,-2.99401090e-11,-4.03442873e-12,-1.40603118e-17,-6.33372764e-18
0.00000000e+00,0.00000000e+00,0.00000000e+00,0.00000000e+00,0.00000000e+00
0.00000000e+00,0.00000000e+00,0.00000000e+00,0.00000000e+00,0.00000000e+00
0.00000000e+00,-1.41996870e-11,-1.00475160e-12,-7.09936684e-18,-3.39778369e-18
0.00000000e+00,-2.35413781e-11,-6.90039621e-13,-1.38957397e-17,-7.65501286e-18
0.00000000e+00,-4.37558181e-07,-8.75064020e-07,-1.31259253e-06,-1.75012338e-06
0.00000000e+00,-5.04264161e-11,-8.24119677e-12,-2.80628205e-17,-1.54119669e-17
0.00000000e+00,-3.74272428e-11,-2.97993263e-12,-1.95507736e-17,-9.36617609e-18
0.00000000e+00,-3.80210032e-11,-1.28592604e-12,-2.29863302e-17,-1.20863569e-17
0.00000000e+00,-5.44735694e-07,-1.08938821e-06,-1.63407866e-06,-2.17877154e-06
0.00000000e+00,-5.20578997e-11,-4.54542600e-12,-2.90900354e-17,-1.44822930e-17
0.00000000e+00,-5.00753712e-11,-4.69411635e-12,-2.77759867e-17,-1.37756695e-17
0.00000000e+00,-4.05099433e-11,1.02253000e-12,-2.27929920e-17,-8.49407895e-18
0.00000000e+00,-5.60884637e-07,-1.12167613e-06,-1.68251097e-06,-2.24334796e-06
0.00000000e+00,-4.61808095e-11,-4.22317318e-12,-2.38540499e-17,-1.19799968e-17
0.00000000e+00,-4.84163363e-11,-3.17475012e-12,-2.92450905e-17,-1.48852286e-17
0.00000000e+00,-3.92418944e-11,-2.29043337e-12,-1.89352954e-17,-7.08657223e-18
0.00000000e+00,-5.44736684e-07,-1.08938954e-06,-1.63407866e-06,-2.17877154e-06
0.00000000e+00,-2.64092897e-11,-1.17457374e-12,-1.26471893e-17,-6.34633141e-18
0.00000000e+00,-3.51312071e-11,-1.05086100e-12,-2.25122210e-17,-1.18292397e-17
0.00000000e+00,-2.23448356e-11,1.06505329e-13,-8.54647651e-18,-2.01926880e-18
0.00000000e+00,-4.37553577e-07,-8.75060471e-07,-1.31259253e-06,-1.75012338e-06
0.00000000e+00,0.00000000e+00,0.00000000e+00,0.00000000e+00,0.00000000e+00
0.00000000e+00,-1.60301832e-11,-2.79897774e-12,-8.65454265e-18,-4.64704479e-18
0.00000000e+00,0.00000000e+00,0.00000000e+00,0.00000000e+00,0.00000000e+00
0.00000000e+00,0.00000000e+00,0.00000000e+00,0.00000000e+00,0.00000000e+00
0.00000000e+00,0.00000000e+00,0.00000000e+00,0.00000000e+00,0.00000000e+00
0.00000000e+00,-3.11832170e-11,1.54225186e-13,-1.48050194e-17,-5.25829339e-18
0.00000000e+00,0.00000000e+00,0.00000000e+00,0.00000000e+00,0.00000000e+00
0.00000000e+00,0.00000000e+00,0.00000000e+00,0.00000000e+00,0.00000000e+00
0.00000000e+00,-1.67605314e-11,-9.88641111e-13,-8.04396629e-18,-3.37297275e-18
0.00000000e+00,-3.05109947e-11,-1.92588221e-12,-1.43838649e-17,-5.82141961e-18
0.00000000e+00,-5.21276045e-07,-1.04248835e-06,-1.56373007e-06,-2.08497342e-06
0.00000000e+00,-4.94208731e-11,1.33965150e-12,-3.18759082e-17,-1.62406118e-17
0.00000000e+00,-4.52267532e-11,-4.04242661e-12,-2.29387921e-17,-1.05415977e-17
0.00000000e+00,-5.02968803e-11,-3.71771702e-12,-2.99831243e-17,-1.57089798e-17
0.00000000e+00,-6.33726447e-07,-1.26735067e-06,-1.90102242e-06,-2.53469657e-06
0.00000000e+00,-5.81420402e-11,-7.81050580e-13,-4.00049838e-17,-2.21804784e-17
0.00000000e+00,-5.94521585e-11,-5.25967494e-12,-3.25026786e-17,-1.58328417e-17
0.00000000e+00,-5.51408327e-11,-2.67529261e-12,-3.55373061e-17,-1.94636947e-17
0.00000000e+00,-6.51090577e-07,-1.30206722e-06,-1.95309860e-06,-2.60413147e-06
0.00000000e+00,-4.85614807e-11,2.16629270e-12,-4.03019753e-17,-2.50515047e-17
0.00000000e+00,-5.66286332e-11,-2.68066141e-12,-3.48089528e-17,-1.78387716e-17
0.00000000e+00,-4.72497898e-11,-8.67692249e-13,-3.20574824e-17,-1.85790610e-17
0.00000000e+00,-6.33727481e-07,-1.26735174e-06,-1.90102242e-06,-2.53469657e-06
0.00000000e+00,-2.85020869e-11,2.39733301e-12,-2.70476256e-17,-1.90252118e-17
0.00000000e+00,-4.33080722e-11,-2.35234915e-12,-2.81115329e-17,-1.56267548e-17
0.00000000e+00,-2.68731214e-11,1.12207835e-12,-2.00707302e-17,-1.30291116e-17
0.00000000e+00,-5.21271095e-07,-1.04248428e-06,-1.56373007e-06,-2.08497342e-06
0.00000000e+00,0.00000000e+00,0.00000000e+00,0.00000000e+00,0.00000000e+00
0.00000000e+00,-2.06679364e-11,-4.51129908e-12,-1.08433220e-17,-6.05671054e-18
0.00000000e+00,0.00000000e+00,0.00000000e+00,0.00000000e+00,0.00000000e+00
0.00000000e+00,0.00000000e+00,0.00000000e+00,0.00000000e+00,0.00000000e+00
0.00000000e+00,0.00000000e+00,0.00000000e+00,0.00000000e+00,0.00000000e+00
0.00000000e+00,5.39818042e-07,1.07966988e-06,1.61949362e-06,2.15932483e-06
0.00000000e+00,0.00000000e+00,0.00000000e+00,0.00000000e+00,0.00000000e+00
0.00000000e+00,0.00000000e+00,0.00000000e+00,0.00000000e+00,0.00000000e+00
0.00000000e+00,3.00290254e-07,6.00601908e-07,9.00911276e-07,1.20121503e-06
0.00000000e+00,4.68131219e-07,9.36294150e-07,1.40444124e-06,1.87258833e-06
0.00000000e+00,2.67624323e-07,5.35286339e-07,8.02933514e-07,1.07057802e-06
0.00000000e+00,7.52264455e-07,1.50458578e-06,2.25686404e-06,3.00915205e-06
0.00000000e+00,6.82657415e-07,1.36536814e-06,2.04807172e-06,2.73076229e-06
0.00000000e+00,6.66474399e-07,1.33300223e-06,1.99950659e-06,2.66600878e-06
0.00000000e+00,3.76279965e-07,7.52619933e-07,1.12893771e-06,1.50525028e-06
0.00000000e+00,7.87938415e-07,1.57593672e-06,2.36388169e-06,3.15184226e-06
0.00000000e+00,7.80336130e-07,1.56074214e-06,2.34113890e-06,3.12151853e-06
0.00000000e+00,7.01053358e-07,1.40216383e-06,2.10324495e-06,2.80432660e-06
0.00000000e+00,3.94730897e-07,7.89526043e-07,1.18429423e-06,1.57905897e-06
0.00000000e+00,7.52278087e-07,1.50459877e-06,2.25686404e-06,3.00915205e-06
0.00000000e+00,7.80342615e-07,1.56074837e-06,2.34113890e-06,3.12151853e-06
0.00000000e+00,6.66487047e-07,1.33301417e-06,1.99950659e-06,2.66600878e-06
0.00000000e+00,3.76294469e-07,7.52633130e-07,1.12893771e-06,1.50525028e-06
0.00000000e+00,5.39827929e-07,1.07968014e-06,1.61949362e-06,2.15932483e-06
0.00000000e+00,6.82663759e-07,1.36537422e-06,2.04807172e-06,2.73076229e-06
0.00000000e+00,4.68137521e-07,9.36300278e-07,1.40444124e-06,1.87258833e-06
0.00000000e+00,2.67631697e-07,5.35292797e-07,8.02933514e-07,1.07057802e-06
0.00000000e+00,0.00000000e+00,0.00000000e+00,0.00000000e+00,0.00000000e+00
0.00000000e+00,3.00299659e-07,6.00610867e-07,9.00911276e-07,1.20121503e-06
0.00000000e+00,0.00000000e+00,0.00000000e+00,0.00000000e+00,0.00000000e+00
0.00000000e+00,0.00000000e+00,0.00000000e+00,0.00000000e+00,0.00000000e+00
0.00000000e+00,0.00000000e+00,0.00000000e+00,0.00000000e+00,0.00000000e+00
0.00000000e+00,6.98647225e-07,1.39733971e-06,2.09601550e-06,2.79468733e-06
0.00000000e+00,0.00000000e+00,0.00000000e+00,0.00000000e+00,0.00000000e+00
0.00000000e+00,0.00000000e+00,0.00000000e+00,0.00000000e+00,0.00000000e+00
0.00000000e+00,3.97006407e-07,7.94035988e-07,1.19105725e-06,1.58807634e-06
0.00000000e+00,6.15707060e-07,1.23145385e-06,1.84717828e-06,2.46290438e-06
0.00000000e+00,3.45705981e-07,6.91452579e-07,1.03718055e-06,1.38290740e-06
0.00000000e+00,9.20592671e-07,1.84127853e-06,2.76195707e-06,3.68260942e-06
0.00000000e+00,8.53312052e-07,1.70668799e-06,2.56004596e-06,3.41339461e-06
0.00000000e+00,8.37581610e-07,1.67523769e-06,2.51286880e-06,3.35049173e-06
0.00000000e+00,4.60979872e-07,9.22036084e-07,1.38307126e-06,1.84409501e-06
0.00000000e+00,9.56727841e-07,1.91355903e-06,2.87037449e-06,3.82716599e-06
0.00000000e+00,9.49834592e-07,1.89975277e-06,2.84964643e-06,3.79952858e-06
0.00000000e+00,8.72933038e-07,1.74594672e-06,2.61892515e-06,3.49190020e-06
0.00000000e+00,4.79317153e-07,9.58718202e-07,1.43809221e-06,1.91745628e-06
0.00000000e+00,9.20601018e-07,1.84128786e-06,2.76195707e-06,3.68260942e-06
0.00000000e+00,9.49836829e-07,1.89975517e-06,2.84964643e-06,3.79952858e-06
0.00000000e+00,8.37592305e-07,1.67524852e-06,2.51286880e-06,3.35049173e-06
0.00000000e+00,4.60984278e-07,9.22041004e-07,1.38307126e-06,1.84409501e-06
0.00000000e+00,6.98635467e-07,1.39732952e-06,2.09601550e-06,2.79468733e-06
0.00000000e+00,8.53313414e-07,1.70668974e-06,2.56004596e-06,3.41339461e-06
0.00000000e+00,6.15703883e-07,1.23145174e-06,1.84717828e-06,2.46290438e-06
0.00000000e+00,3.45697321e-07,6.91444813e-07,1.03718055e-06,1.38290740e-06
0.00000000e+00,0.00000000e+00,0.00000000e+00,0.00000000e+00,0.00000000e+00
0.00000000e+00,3.97011355e-07,7.94040807e-07,1.19105725e-06,1.58807634e-06
0.00000000e+00,0.00000000e+00,0.00000000e+00,0.00000000e+00,0.00000000e+00
0.00000000e+00,0.00000000e+00,0.00000000e+00,0.00000000e+00,0.00000000e+00
0.00000000e+00,0.00000000e+00,0.00000000e+00,0.00000000e+00,0.00000000e+00
0.00000000e+00,8.84758284e-07,1.76957056e-06,2.65436397e-06,3.53915196e-06
0.00000000e+00,0.00000000e+00,0.00000000e+00,0.00000000e+00,0.00000000e+00
0.00000000e+00,0.00000000e+00,0.00000000e+00,0.00000000e+00,0.00000000e+00
0.00000000e+00,5.25376205e-07,1.05077891e-06,1.57617076e-06,2.10156101e-06
0.00000000e+00,7.87252426e-07,1.57455462e-06,2.36183945e-06,3.14911927e-06
0.00000000e+00,4.37500070e-07,8.75056045e-07,1.31259253e-06,1.75012338e-06
0.00000000e+00,1.08609454e-06,2.17229866e-06,3.25848701e-06,4.34464935e-06
0.00000000e+00,1.02079622e-06,2.04166980e-06,3.06252209e-06,4.08336279e-06
0.00000000e+00,1.00579209e-06,2.01168831e-06,3.01757612e-06,4.02343482e-06
0.00000000e+00,5.44638863e-07,1.08937347e-06,1.63407866e-06,2.17877154e-06
0.00000000e+00,1.11971053e-06,2.23953575e-06,3.35933205e-06,4.47910940e-06
0.00000000e+00,1.11236414e-06,2.22483144e-06,3.33727136e-06,4.44969515e-06
0.00000000e+00,1.03819213e-06,2.07649566e-06,3.11477914e-06,4.15303886e-06
0.00000000e+00,5.60779903e-07,1.12166444e-06,1.68251097e-06,2.24334796e-06
0.00000000e+00,1.08611490e-06,2.17231884e-06,3.25848701e-06,4.34464935e-06
0.00000000e+00,1.11236742e-06,2.22483501e-06,3.33727136e-06,4.44969515e-06
0.00000000e+00,1.00580928e-06,2.01170582e-06,3.01757612e-06,4.02343482e-06
0.00000000e+00,5.44647879e-07,1.08938229e-06,1.63407866e-06,2.17877154e-06
0.00000000e+00,8.84754843e-07,1.76956815e-06,2.65436397e-06,3.53915196e-06
0.00000000e+00,1.02079827e-06,2.04167232e-06,3.06252209e-06,4.08336279e-06
0.00000000e+00,7.87243816e-07,1.57454724e-06,2.36183945e-06,3.14911927e-06
0.00000000e+00,4.37501278e-07,8.75057317e-07,1.31259253e-06,1.75012338e-06
0.00000000e+00,0.00000000e+00,0.00000000e+00,0.00000000e+00,0.00000000e+00
0.00000000e+00,5.25376247e-07,1.05077927e-06,1.57617076e-06,2.10156101e-06
0.00000000e+00,0.00000000e+00,0.00000000e+00,0.00000000e+00,0.00000000e+00
0.00000000e+00,0.00000000e+00,0.00000000e+00,0.00000000e+00,0.00000000e+00
0.00000000e+00,0.00000000e+00,0.00000000e+00,0.00000000e+00,0.00000000e+00
0.00000000e+00,1.02158259e-06,2.04322271e-06,3.06483517e-06,4.08644689e-06
0.00000000e+00,0.00000000e+00,0.00000000e+00,0.00000000e+00,0.00000000e+00
0.00000000e+00,0.00000000e+00,0.00000000e+00,0.00000000e+00,0.00000000e+00
0.00000000e+00,7.39490177e-07,1.47901092e-06,2.21851651e-06,2.95802202e-06
0.00000000e+00,9.52693018e-07,1.90544161e-06,2.85816706e-06,3.81088941e-06
0.00000000e+00,5.21212948e-07,1.04248660e-06,1.56373007e-06,2.08497342e-06
0.00000000e+00,1.24227950e-06,2.48466480e-06,3.72701161e-06,4.96934882e-06
0.00000000e+00,1.18099394e-06,2.36207089e-06,3.54311345e-06,4.72415127e-06
0.00000000e+00,1.16644583e-06,2.33300094e-06,3.49952991e-06,4.66603988e-06
0.00000000e+00,6.33623747e-07,1.26734740e-06,1.90102242e-06,2.53469657e-06
0.00000000e+00,1.27670973e-06,2.55353121e-06,3.83030135e-06,5.10706846e-06
0.00000000e+00,1.26948566e-06,2.53908437e-06,3.80863937e-06,5.07818582e-06
0.00000000e+00,1.19781249e-06,2.39573796e-06,3.59362316e-06,4.79149754e-06
0.00000000e+00,6.50973667e-07,1.30206281e-06,1.95309860e-06,2.60413147e-06
0.00000000e+00,1.24228597e-06,2.48467099e-06,3.72701161e-06,4.96934882e-06
0.00000000e+00,1.26948956e-06,2.53908839e-06,3.80863937e-06,5.07818582e-06
0.00000000e+00,1.16646024e-06,2.33301499e-06,3.49952991e-06,4.66603988e-06
0.00000000e+00,6.33623088e-07,1.26734668e-06,1.90102242e-06,2.53469657e-06
0.00000000e+00,1.02157504e-06,2.04321709e-06,3.06483517e-06,4.08644689e-06
0.00000000e+00,1.18099824e-06,2.36207571e-06,3.54311345e-06,4.72415127e-06
0.00000000e+00,9.52685616e-07,1.90543592e-06,2.85816706e-06,3.81088941e-06
0.00000000e+00,5.21212363e-07,1.04248672e-06,1.56373007e-06,2.08497342e-06
0.00000000e+00,0.00000000e+00,0.00000000e+00,0.00000000e+00,0.00000000e+00
0.00000000e+00,7.39488717e-07,1.47901016e-06,2.21851651e-06,2.95802202e-06
0.00000000e+00,0.00000000e+00,0.00000000e+00,0.00000000e+00,0.00000000e+00
0.00000000e+00,0.00000000e+00,0.00000000e+00,0.00000000e+00,0.00000000e+00
0.00000000e+00,0.00000000e+00,0.00000000e+00,0.00000000e+00,0.00000000e+00
0.00000000e+00,7.98800502e-07,1.59764052e-06,2.39646382e-06,3.19528509e-06
0.00000000e+00,1.10428353e-06,2.20863372e-06,3.31295719e-06,4.41727625e-06
0.00000000e+00,1.15430858e-06,2.30868792e-06,3.46303483e-06,4.61737978e-06
0.00000000e+00,1.10429592e-06,2.20864590e-06,3.31295719e-06,4.41727625e-06
0.00000000e+00,7.98806933e-07,1.59764725e-06,2.39646382e-06,3.19528509e-06
0.00000000e+00,0.00000000e+00,0.00000000e+00,0.00000000e+00,0.00000000e+00
0.00000000e+00,0.00000000e+00,0.00000000e+00,0.00000000e+00,0.00000000e+00
0.00000000e+00,1.01568918e-06,2.03142647e-06,3.04715651e-06,4.06287534e-06
0.00000000e+00,1.33373707e-06,2.66755952e-06,4.00137781e-06,5.33517041e-06
0.00000000e+00,1.38320868e-06,2.76651299e-06,4.14981052e-06,5.53308069e-06
0.00000000e+00,1.33374726e-06,2.66757036e-06,4.00137781e-06,5.33517041e-06
0.00000000e+00,1.01568803e-06,2.03142647e-06,3.04715651e-06,4.06287534e-06
0.00000000e+00,0.00000000e+00,0.00000000e+00,0.00000000e+00,0.00000000e+00
0.00000000e+00,0.00000000e+00,0.00000000e+00,0.00000000e+00,0.00000000e+00
0.00000000e+00,1.26087135e-06,2.52179689e-06,3.78271043e-06,5.04361390e-06
0.00000000e+00,1.56053359e-06,3.12117470e-06,4.68181154e-06,6.24241539e-06
0.00000000e+00,1.60545988e-06,3.21103424e-06,4.81659594e-06,6.42212793e-06
0.00000000e+00,1.56055255e-06,3.12119391e-06,4.68181154e-06,6.24241539e-06
0.00000000e+00,1.26087272e-06,2.52179950e-06,3.78271043e-06,5.04361390e-06
0.00000000e+00,0.00000000e+00,0.00000000e+00,0.00000000e+00,0.00000000e+00
0.00000000e+00,0.00000000e+00,0.00000000e+00,0.00000000e+00,0.00000000e+00
0.00000000e+00,1.48754273e-06,2.97514315e-06,4.46272364e-06,5.95029819e-06
0.00000000e+00,1.80421017e-06,3.60852811e-06,5.41282208e-06,7.21709610e-06
0.00000000e+00,1.85382928e-06,3.70777729e-06,5.56169321e-06,7.41559095e-06
0.00000000e+00,1.80421609e-06,3.60853476e-06,5.41282208e-06,7.21709610e-06
0.00000000e+00,1.48753870e-06,2.97514082e-06,4.46272364e-06,5.95029819e-06
0.00000000e+00,0.00000000e+00,0.00000000e+00,0.00000000e+00,0.00000000e+00
