0.00000000e+00,0.00000000e+00,0.00000000e+00,0.00000000e+00,0.00000000e+00
0.00000000e+00,0.00000000e+00,0.00000000e+00,0.00000000e+00,0.00000000e+00
0.00000000e+00,0.00000000e+00,0.00000000e+00,0.00000000e+00,0.00000000e+00
0.00000000e+00,0.00000000e+00,0.00000000e+00,0.00000000e+00,0.00000000e+00
0.00000000e+00,3.49758699e-06,6.99517443e-06,1.04927623e-05,1.39903497e-05
0.00000000e+00,3.53757789e-06,7.07515491e-06,1.06127354e-05,1.41503138e-05
0.00000000e+00,3.58522331e-06,7.17044480e-06,1.07556611e-05,1.43408815e-05
0.00000000e+00,3.53758100e-06,7.07515993e-06,1.06127354e-05,1.41503138e-05
0.00000000e+00,0.00000000e+00,0.00000000e+00,0.00000000e+00,0.00000000e+00
0.00000000e+00,0.00000000e+00,0.00000000e+00,0.00000000e+00,0.00000000e+00
0.00000000e+00,0.00000000e+00,0.00000000e+00,0.00000000e+00,0.00000000e+00
0.00000000e+00,0.00000000e+00,0.00000000e+00,0.00000000e+00,0.00000000e+00
0.00000000e+00,1.59110793e-06,3.18221783e-06,4.77332986e-06,6.36443981e-06
0.00000000e+00,1.60558848e-06,3.21117721e-06,4.81676471e-06,6.42235295e-06
0.00000000e+00,1.62340921e-06,3.24681324e-06,4.87021207e-06,6.49361610e-06
0.00000000e+00,1.60559077e-06,3.21117830e-06,4.81676471e-06,6.42235295e-06
0.00000000e+00,3.51318496e-06,7.02636928e-06,1.05395546e-05,1.40527394e-05
0.00000000e+00,3.55623851e-06,7.11247632e-06,1.06687128e-05,1.42249504e-05
0.00000000e+00,3.55623956e-06,7.11247754e-06,1.06687128e-05,1.42249504e-05
0.00000000e+00,3.51318587e-06,7.02637082e-06,1.05395546e-05,1.40527394e-05
0.00000000e+00,7.88711394e-06,1.57742146e-05,2.36613057e-05,3.15484076e-05
0.00000000e+00,7.93637429e-06,1.58727403e-05,2.38091063e-05,3.17454750e-05
0.00000000e+00,7.98779822e-06,1.59755929e-05,2.39633814e-05,3.19511752e-05
0.00000000e+00,7.93637608e-06,1.58727438e-05,2.38091063e-05,3.17454750e-05
0.00000000e+00,5.63006498e-06,1.12601253e-05,1.68901840e-05,2.25202453e-05
0.00000000e+00,5.68471245e-06,1.13694195e-05,1.70541237e-05,2.27388316e-05
0.00000000e+00,5.74656277e-06,1.14931213e-05,1.72396756e-05,2.29862342e-05
0.00000000e+00,5.68471551e-06,1.13694226e-05,1.70541237e-05,2.27388316e-05
0.00000000e+00,7.90687131e-06,1.58137322e-05,2.37205880e-05,3.16274507e-05
0.00000000e+00,7.95713725e-06,1.59142693e-05,2.38713986e-05,3.18285314e-05
0.00000000e+00,7.95713954e-06,1.59142720e-05,2.38713986e-05,3.18285314e-05
0.00000000e+00,7.90687265e-06,1.58137341e-05,2.37205880e-05,3.16274507e-05
0.00000000e+00,1.25000193e-05,2.50000173e-05,3.75000000e-05,5.00000000e-05
0.00000000e+00,1.25000109e-05,2.50000086e-05,3.75000000e-05,5.00000000e-05
0.00000000e+00,1.24999991e-05,2.49999976e-05,3.75000000e-05,5.00000000e-05
0.00000000e+00,1.25000132e-05,2.50000106e-05,3.75000000e-05,5.00000000e-05
0.00000000e+00,1.01860949e-05,2.03721719e-05,3.05582373e-05,4.07443164e-05
0.00000000e+00,1.02143152e-05,2.04286188e-05,3.06429165e-05,4.08572220e-05
0.00000000e+00,1.02421739e-05,2.04843452e-05,3.07265164e-05,4.09686886e-05
0.00000000e+00,1.02143174e-05,2.04286209e-05,3.06429165e-05,4.08572220e-05
0.00000000e+00,1.25000146e-05,2.50000125e-05,3.75000000e-05,5.00000000e-05
0.00000000e+00,1.25000085e-05,2.50000063e-05,3.75000000e-05,5.00000000e-05
0.00000000e+00,1.25000071e-05,2.50000050e-05,3.75000000e-05,5.00000000e-05
0.00000000e+00,1.25000146e-05,2.50000123e-05,3.75000000e-05,5.00000000e-05
0.00000000e+00,1.71129093e-05,3.42258057e-05,5.13386943e-05,6.84515924e-05
0.00000000e+00,1.70636412e-05,3.41272713e-05,5.11908937e-05,6.82545250e-05
0.00000000e+00,1.70122181e-05,3.40244204e-05,5.10366186e-05,6.80488248e-05
0.00000000e+00,1.70636381e-05,3.41272668e-05,5.11908937e-05,6.82545250e-05
0.00000000e+00,1.48139374e-05,2.96278563e-05,4.44417627e-05,5.92556836e-05
0.00000000e+00,1.47857051e-05,2.95713973e-05,4.43570835e-05,5.91427780e-05
0.00000000e+00,1.47578325e-05,2.95156584e-05,4.42734836e-05,5.90313114e-05
0.00000000e+00,1.47857047e-05,2.95713974e-05,4.43570835e-05,5.91427780e-05
0.00000000e+00,1.70931474e-05,3.41862832e-05,5.12794120e-05,6.83725493e-05
0.00000000e+00,1.70428762e-05,3.40857410e-05,5.11286014e-05,6.81714686e-05
0.00000000e+00,1.70428747e-05,3.40857392e-05,5.11286014e-05,6.81714686e-05
0.00000000e+00,1.70931464e-05,3.41862816e-05,5.12794120e-05,6.83725493e-05
0.00000000e+00,2.15024165e-05,4.30048281e-05,6.45072377e-05,8.60096503e-05
0.00000000e+00,2.14624204e-05,4.29248424e-05,6.43872646e-05,8.58496862e-05
0.00000000e+00,2.14147729e-05,4.28295522e-05,6.42443389e-05,8.56591185e-05
0.00000000e+00,2.14624167e-05,4.29248374e-05,6.43872646e-05,8.58496862e-05
0.00000000e+00,1.93699465e-05,3.87398841e-05,5.81098160e-05,7.74797547e-05
0.00000000e+00,1.93152947e-05,3.86305852e-05,5.79458763e-05,7.72611684e-05
0.00000000e+00,1.92534417e-05,3.85068819e-05,5.77603244e-05,7.70137658e-05
0.00000000e+00,1.93152932e-05,3.86305843e-05,5.79458763e-05,7.72611684e-05
0.00000000e+00,2.14868179e-05,4.29736326e-05,6.44604454e-05,8.59472606e-05
0.00000000e+00,2.14437566e-05,4.28875189e-05,6.43312872e-05,8.57750496e-05
0.00000000e+00,2.14437553e-05,4.28875174e-05,6.43312872e-05,8.57750496e-05
0.00000000e+00,2.14868157e-05,4.29736299e-05,6.44604454e-05,8.59472606e-05
0.00000000e+00,2.50000000e-05,5.00000000e-05,7.50000000e-05,1.00000000e-04
0.00000000e+00,2.50000000e-05,5.00000000e-05,7.50000000e-05,1.00000000e-04
0.00000000e+00,2.50000000e-05,5.00000000e-05,7.50000000e-05,1.00000000e-04
0.00000000e+00,2.50000000e-05,5.00000000e-05,7.50000000e-05,1.00000000e-04
0.00000000e+00,2.34088927e-05,4.68177823e-05,7.02266701e-05,9.36355602e-05
0.00000000e+00,2.33944086e-05,4.67888198e-05,7.01832353e-05,9.35776471e-05
0.00000000e+00,2.33765971e-05,4.67531926e-05,7.01297879e-05,9.35063839e-05
0.00000000e+00,2.33944086e-05,4.67888210e-05,7.01832353e-05,9.35776471e-05
0.00000000e+00,2.50000000e-05,5.00000000e-05,7.50000000e-05,1.00000000e-04
0.00000000e+00,2.50000000e-05,5.00000000e-05,7.50000000e-05,1.00000000e-04
0.00000000e+00,2.50000000e-05,5.00000000e-05,7.50000000e-05,1.00000000e-04
0.00000000e+00,2.50000000e-05,5.00000000e-05,7.50000000e-05,1.00000000e-04
0.00000000e+00,0.00000000e+00,0.00000000e+00,0.00000000e+00,0.00000000e+00
0.00000000e+00,0.00000000e+00,0.00000000e+00,0.00000000e+00,0.00000000e+00
0.00000000e+00,3.48578362e-06,6.97156606e-06,1.04573481e-05,1.39431308e-05
0.00000000e+00,3.52331595e-06,7.04662521e-06,1.05699302e-05,1.40932403e-05
0.00000000e+00,0.00000000e+00,0.00000000e+00,0.00000000e+00,0.00000000e+00
0.00000000e+00,0.00000000e+00,0.00000000e+00,0.00000000e+00,0.00000000e+00
0.00000000e+00,0.00000000e+00,0.00000000e+00,0.00000000e+00,0.00000000e+00
0.00000000e+00,1.58702264e-06,3.17404468e-06,4.76106653e-06,6.34808870e-06
0.00000000e+00,1.60041332e-06,3.20082368e-06,4.80123262e-06,6.40164349e-06
0.00000000e+00,3.48862171e-06,6.97724189e-06,1.04658610e-05,1.39544814e-05
0.00000000e+00,3.52684433e-06,7.05368640e-06,1.05805266e-05,1.41073688e-05
0.00000000e+00,3.50044413e-06,7.00088449e-06,1.05013225e-05,1.40017634e-05
0.00000000e+00,7.87123135e-06,1.57424496e-05,2.36136591e-05,3.14848788e-05
0.00000000e+00,7.91959290e-06,1.58391708e-05,2.37587410e-05,3.16783214e-05
0.00000000e+00,5.61323186e-06,1.12264561e-05,1.68396754e-05,2.24529005e-05
0.00000000e+00,5.66580169e-06,1.13315933e-05,1.69973790e-05,2.26631720e-05
0.00000000e+00,7.87470808e-06,1.57494035e-05,2.36240900e-05,3.14987867e-05
0.00000000e+00,7.92333278e-06,1.58466526e-05,2.37699649e-05,3.16932866e-05
0.00000000e+00,7.89057217e-06,1.57811311e-05,2.36716820e-05,3.15622427e-05
0.00000000e+00,1.25000147e-05,2.50000129e-05,3.75000000e-05,5.00000000e-05
0.00000000e+00,1.25000113e-05,2.50000090e-05,3.75000000e-05,5.00000000e-05
0.00000000e+00,1.01768523e-05,2.03536884e-05,3.05305138e-05,4.07073517e-05
0.00000000e+00,1.02048572e-05,2.04097032e-05,3.06145446e-05,4.08193928e-05
0.00000000e+00,1.25000165e-05,2.50000148e-05,3.75000000e-05,5.00000000e-05
0.00000000e+00,1.25000118e-05,2.50000094e-05,3.75000000e-05,5.00000000e-05
0.00000000e+00,1.25000136e-05,2.50000116e-05,3.75000000e-05,5.00000000e-05
0.00000000e+00,1.71287974e-05,3.42575757e-05,5.13863409e-05,6.85151212e-05
0.00000000e+00,1.70804295e-05,3.41608472e-05,5.12412590e-05,6.83216786e-05
0.00000000e+00,1.48231784e-05,2.96463384e-05,4.44694862e-05,5.92926483e-05
0.00000000e+00,1.47951621e-05,2.95903118e-05,4.43854554e-05,5.91806072e-05
0.00000000e+00,1.71253180e-05,3.42506194e-05,5.13759100e-05,6.85012133e-05
0.00000000e+00,1.70766887e-05,3.41533649e-05,5.12300351e-05,6.83067134e-05
0.00000000e+00,1.71094510e-05,3.42188886e-05,5.13283180e-05,6.84377573e-05
0.00000000e+00,2.15142263e-05,4.30284425e-05,6.45426519e-05,8.60568692e-05
0.00000000e+00,2.14766955e-05,4.29533843e-05,6.44300698e-05,8.59067597e-05
0.00000000e+00,1.93867881e-05,3.87735614e-05,5.81603246e-05,7.75470995e-05
0.00000000e+00,1.93342129e-05,3.86684184e-05,5.80026210e-05,7.73368280e-05
0.00000000e+00,2.15113864e-05,4.30227651e-05,6.45341390e-05,8.60455186e-05
0.00000000e+00,2.14731593e-05,4.29463160e-05,6.44194734e-05,8.58926312e-05
0.00000000e+00,2.14995659e-05,4.29991239e-05,6.44986775e-05,8.59982366e-05
0.00000000e+00,2.50000000e-05,5.00000000e-05,7.50000000e-05,1.00000000e-04
0.00000000e+00,2.50000000e-05,5.00000000e-05,7.50000000e-05,1.00000000e-04
0.00000000e+00,2.34129810e-05,4.68259584e-05,7.02389335e-05,9.36519113e-05
0.00000000e+00,2.33995870e-05,4.67991762e-05,7.01987674e-05,9.35983565e-05
0.00000000e+00,2.50000000e-05,5.00000000e-05,7.50000000e-05,1.00000000e-04
0.00000000e+00,2.50000000e-05,5.00000000e-05,7.50000000e-05,1.00000000e-04
0.00000000e+00,2.50000000e-05,5.00000000e-05,7.50000000e-05,1.00000000e-04
0.00000000e+00,0.00000000e+00,0.00000000e+00,0.00000000e+00,0.00000000e+00
0.00000000e+00,0.00000000e+00,0.00000000e+00,0.00000000e+00,0.00000000e+00
0.00000000e+00,3.49759023e-06,6.99517729e-06,1.04927623e-05,1.39903497e-05
0.00000000e+00,3.53758388e-06,7.07516055e-06,1.06127354e-05,1.41503138e-05
0.00000000e+00,0.00000000e+00,0.00000000e+00,0.00000000e+00,0.00000000e+00
0.00000000e+00,0.00000000e+00,0.00000000e+00,0.00000000e+00,0.00000000e+00
0.00000000e+00,0.00000000e+00,0.00000000e+00,0.00000000e+00,0.00000000e+00
0.00000000e+00,1.59110954e-06,3.18221937e-06,4.77332986e-06,6.36443981e-06
0.00000000e+00,1.60558962e-06,3.21117792e-06,4.81676471e-06,6.42235295e-06
0.00000000e+00,3.48862337e-06,6.97724328e-06,1.04658610e-05,1.39544814e-05
0.00000000e+00,3.52684692e-06,7.05368797e-06,1.05805266e-05,1.41073688e-05
0.00000000e+00,3.51318808e-06,7.02637201e-06,1.05395546e-05,1.40527394e-05
0.00000000e+00,7.88711672e-06,1.57742170e-05,2.36613057e-05,3.15484076e-05
0.00000000e+00,7.93637925e-06,1.58727450e-05,2.38091063e-05,3.17454750e-05
0.00000000e+00,5.63006840e-06,1.12601286e-05,1.68901840e-05,2.25202453e-05
0.00000000e+00,5.68471677e-06,1.13694234e-05,1.70541237e-05,2.27388316e-05
0.00000000e+00,7.87470919e-06,1.57494043e-05,2.36240900e-05,3.14987867e-05
0.00000000e+00,7.92333331e-06,1.58466525e-05,2.37699649e-05,3.16932866e-05
0.00000000e+00,7.90687484e-06,1.58137353e-05,2.37205880e-05,3.16274507e-05
0.00000000e+00,1.25000169e-05,2.50000150e-05,3.75000000e-05,5.00000000e-05
0.00000000e+00,1.25000113e-05,2.50000089e-05,3.75000000e-05,5.00000000e-05
0.00000000e+00,1.01860962e-05,2.03721732e-05,3.05582373e-05,4.07443164e-05
0.00000000e+00,1.02143154e-05,2.04286189e-05,3.06429165e-05,4.08572220e-05
0.00000000e+00,1.25000159e-05,2.50000140e-05,3.75000000e-05,5.00000000e-05
0.00000000e+00,1.25000106e-05,2.50000084e-05,3.75000000e-05,5.00000000e-05
0.00000000e+00,1.25000139e-05,2.50000118e-05,3.75000000e-05,5.00000000e-05
0.00000000e+00,1.71129143e-05,3.42258105e-05,5.13386943e-05,6.84515924e-05
0.00000000e+00,1.70636396e-05,3.41272703e-05,5.11908937e-05,6.82545250e-05
0.00000000e+00,1.48139362e-05,2.96278553e-05,4.44417627e-05,5.92556836e-05
0.00000000e+00,1.47857053e-05,2.95713980e-05,4.43570835e-05,5.91427780e-05
0.00000000e+00,1.71253199e-05,3.42506213e-05,5.13759100e-05,6.85012133e-05
0.00000000e+00,1.70766870e-05,3.41533643e-05,5.12300351e-05,6.83067134e-05
0.00000000e+00,1.70931494e-05,3.41862854e-05,5.12794120e-05,6.83725493e-05
0.00000000e+00,2.15024220e-05,4.30048335e-05,6.45072377e-05,8.60096503e-05
0.00000000e+00,2.14624220e-05,4.29248438e-05,6.43872646e-05,8.58496862e-05
0.00000000e+00,1.93699500e-05,3.87398872e-05,5.81098160e-05,7.74797547e-05
0.00000000e+00,1.93152991e-05,3.86305897e-05,5.79458763e-05,7.72611684e-05
0.00000000e+00,2.15113891e-05,4.30227677e-05,6.45341390e-05,8.60455186e-05
0.00000000e+00,2.14731606e-05,4.29463181e-05,6.44194734e-05,8.58926312e-05
0.00000000e+00,2.14868203e-05,4.29736349e-05,6.44604454e-05,8.59472606e-05
0.00000000e+00,2.50000000e-05,5.00000000e-05,7.50000000e-05,1.00000000e-04
0.00000000e+00,2.50000000e-05,5.00000000e-05,7.50000000e-05,1.00000000e-04
0.00000000e+00,2.34088949e-05,4.68177845e-05,7.02266701e-05,9.36355602e-05
0.00000000e+00,2.33944103e-05,4.67888216e-05,7.01832353e-05,9.35776471e-05
0.00000000e+00,2.50000000e-05,5.00000000e-05,7.50000000e-05,1.00000000e-04
0.00000000e+00,2.50000000e-05,5.00000000e-05,7.50000000e-05,1.00000000e-04
0.00000000e+00,2.50000000e-05,5.00000000e-05,7.50000000e-05,1.00000000e-04
0.00000000e+00,0.00000000e+00,0.00000000e+00,0.00000000e+00,0.00000000e+00
0.00000000e+00,0.00000000e+00,0.00000000e+00,0.00000000e+00,0.00000000e+00
0.00000000e+00,3.53757541e-06,7.07515474e-06,1.06127354e-05,1.41503138e-05
0.00000000e+00,3.58521786e-06,7.17043847e-06,1.07556611e-05,1.43408815e-05
0.00000000e+00,0.00000000e+00,0.00000000e+00,0.00000000e+00,0.00000000e+00
0.00000000e+00,0.00000000e+00,0.00000000e+00,0.00000000e+00,0.00000000e+00
0.00000000e+00,0.00000000e+00,0.00000000e+00,0.00000000e+00,0.00000000e+00
0.00000000e+00,1.60558810e-06,3.21117598e-06,4.81676471e-06,6.42235295e-06
0.00000000e+00,1.62340653e-06,3.24681023e-06,4.87021207e-06,6.49361610e-06
0.00000000e+00,3.51318511e-06,7.02637004e-06,1.05395546e-05,1.40527394e-05
0.00000000e+00,3.55623851e-06,7.11247577e-06,1.06687128e-05,1.42249504e-05
0.00000000e+00,3.55623643e-06,7.11247408e-06,1.06687128e-05,1.42249504e-05
0.00000000e+00,7.93637434e-06,1.58727425e-05,2.38091063e-05,3.17454750e-05
0.00000000e+00,7.98779978e-06,1.59755927e-05,2.39633814e-05,3.19511752e-05
0.00000000e+00,5.68471029e-06,1.13694176e-05,1.70541237e-05,2.27388316e-05
0.00000000e+00,5.74656148e-06,1.14931193e-05,1.72396756e-05,2.29862342e-05
0.00000000e+00,7.90687311e-06,1.58137346e-05,2.37205880e-05,3.16274507e-05
0.00000000e+00,7.95713969e-06,1.59142709e-05,2.38713986e-05,3.18285314e-05
0.00000000e+00,7.95713953e-06,1.59142715e-05,2.38713986e-05,3.18285314e-05
0.00000000e+00,1.25000042e-05,2.50000036e-05,3.75000000e-05,5.00000000e-05
0.00000000e+00,1.25000035e-05,2.50000020e-05,3.75000000e-05,5.00000000e-05
0.00000000e+00,1.02143115e-05,2.04286158e-05,3.06429165e-05,4.08572220e-05
0.00000000e+00,1.02421779e-05,2.04843484e-05,3.07265164e-05,4.09686886e-05
0.00000000e+00,1.25000099e-05,2.50000086e-05,3.75000000e-05,5.00000000e-05
0.00000000e+00,1.25000066e-05,2.50000048e-05,3.75000000e-05,5.00000000e-05
0.00000000e+00,1.25000041e-05,2.50000031e-05,3.75000000e-05,5.00000000e-05
0.00000000e+00,1.70636465e-05,3.41272745e-05,5.11908937e-05,6.82545250e-05
0.00000000e+00,1.70122134e-05,3.40244185e-05,5.10366186e-05,6.80488248e-05
0.00000000e+00,1.47857017e-05,2.95713950e-05,4.43570835e-05,5.91427780e-05
0.00000000e+00,1.47578355e-05,2.95156618e-05,4.42734836e-05,5.90313114e-05
0.00000000e+00,1.70931519e-05,3.41862868e-05,5.12794120e-05,6.83725493e-05
0.00000000e+00,1.70428750e-05,3.40857410e-05,5.11286014e-05,6.81714686e-05
0.00000000e+00,1.70428792e-05,3.40857444e-05,5.11286014e-05,6.81714686e-05
0.00000000e+00,2.14624192e-05,4.29248395e-05,6.43872646e-05,8.58496862e-05
0.00000000e+00,2.14147807e-05,4.28295597e-05,6.42443389e-05,8.56591185e-05
0.00000000e+00,1.93152977e-05,3.86305888e-05,5.79458763e-05,7.72611684e-05
0.00000000e+00,1.92534495e-05,3.85068895e-05,5.77603244e-05,7.70137658e-05
0.00000000e+00,2.14868187e-05,4.29736328e-05,6.44604454e-05,8.59472606e-05
0.00000000e+00,2.14437632e-05,4.28875251e-05,6.43312872e-05,8.57750496e-05
0.00000000e+00,2.14437645e-05,4.28875261e-05,6.43312872e-05,8.57750496e-05
0.00000000e+00,2.50000000e-05,5.00000000e-05,7.50000000e-05,1.00000000e-04
0.00000000e+00,2.50000000e-05,5.00000000e-05,7.50000000e-05,1.00000000e-04
0.00000000e+00,2.33944093e-05,4.67888216e-05,7.01832353e-05,9.35776471e-05
0.00000000e+00,2.33765960e-05,4.67531916e-05,7.01297879e-05,9.35063839e-05
0.00000000e+00,2.50000000e-05,5.00000000e-05,7.50000000e-05,1.00000000e-04
0.00000000e+00,2.50000000e-05,5.00000000e-05,7.50000000e-05,1.00000000e-04
0.00000000e+00,2.50000000e-05,5.00000000e-05,7.50000000e-05,1.00000000e-04
0.00000000e+00,0.00000000e+00,0.00000000e+00,0.00000000e+00,0.00000000e+00
0.00000000e+00,0.00000000e+00,0.00000000e+00,0.00000000e+00,0.00000000e+00
0.00000000e+00,3.48578659e-06,6.97156886e-06,1.04573481e-05,1.39431308e-05
0.00000000e+00,3.52331814e-06,7.04662784e-06,1.05699302e-05,1.40932403e-05
0.00000000e+00,0.00000000e+00,0.00000000e+00,0.00000000e+00,0.00000000e+00
0.00000000e+00,0.00000000e+00,0.00000000e+00,0.00000000e+00,0.00000000e+00
0.00000000e+00,0.00000000e+00,0.00000000e+00,0.00000000e+00,0.00000000e+00
0.00000000e+00,1.58702300e-06,3.17404501e-06,4.76106653e-06,6.34808870e-06
0.00000000e+00,1.60041340e-06,3.20082400e-06,4.80123262e-06,6.40164349e-06
0.00000000e+00,3.50044597e-06,7.00088643e-06,1.05013225e-05,1.40017634e-05
0.00000000e+00,3.52684432e-06,7.05368567e-06,1.05805266e-05,1.41073688e-05
0.00000000e+00,3.48862303e-06,6.97724311e-06,1.04658610e-05,1.39544814e-05
0.00000000e+00,7.87123355e-06,1.57424519e-05,2.36136591e-05,3.14848788e-05
0.00000000e+00,7.91958847e-06,1.58391674e-05,2.37587410e-05,3.16783214e-05
0.00000000e+00,5.61323223e-06,1.12264565e-05,1.68396754e-05,2.24529005e-05
0.00000000e+00,5.66580061e-06,1.13315926e-05,1.69973790e-05,2.26631720e-05
0.00000000e+00,7.89057097e-06,1.57811303e-05,2.36716820e-05,3.15622427e-05
0.00000000e+00,7.92332900e-06,1.58466486e-05,2.37699649e-05,3.16932866e-05
0.00000000e+00,7.87470861e-06,1.57494040e-05,2.36240900e-05,3.14987867e-05
0.00000000e+00,1.25000132e-05,2.50000118e-05,3.75000000e-05,5.00000000e-05
0.00000000e+00,1.25000057e-05,2.50000045e-05,3.75000000e-05,5.00000000e-05
0.00000000e+00,1.01768540e-05,2.03536901e-05,3.05305138e-05,4.07073517e-05
0.00000000e+00,1.02048561e-05,2.04097029e-05,3.06145446e-05,4.08193928e-05
0.00000000e+00,1.25000104e-05,2.50000090e-05,3.75000000e-05,5.00000000e-05
0.00000000e+00,1.25000101e-05,2.50000084e-05,3.75000000e-05,5.00000000e-05
0.00000000e+00,1.25000166e-05,2.50000149e-05,3.75000000e-05,5.00000000e-05
0.00000000e+00,1.71287952e-05,3.42575736e-05,5.13863409e-05,6.85151212e-05
0.00000000e+00,1.70804259e-05,3.41608438e-05,5.12412590e-05,6.83216786e-05
0.00000000e+00,1.48231760e-05,2.96463364e-05,4.44694862e-05,5.92926483e-05
0.00000000e+00,1.47951611e-05,2.95903111e-05,4.43854554e-05,5.91806072e-05
0.00000000e+00,1.71094492e-05,3.42188868e-05,5.13283180e-05,6.84377573e-05
0.00000000e+00,1.70766885e-05,3.41533656e-05,5.12300351e-05,6.83067134e-05
0.00000000e+00,1.71253160e-05,3.42506176e-05,5.13759100e-05,6.85012133e-05
0.00000000e+00,2.15142293e-05,4.30284453e-05,6.45426519e-05,8.60568692e-05
0.00000000e+00,2.14766933e-05,4.29533819e-05,6.44300698e-05,8.59067597e-05
0.00000000e+00,1.93867881e-05,3.87735614e-05,5.81603246e-05,7.75470995e-05
0.00000000e+00,1.93342139e-05,3.86684195e-05,5.80026210e-05,7.73368280e-05
0.00000000e+00,2.14995648e-05,4.29991227e-05,6.44986775e-05,8.59982366e-05
0.00000000e+00,2.14731579e-05,4.29463154e-05,6.44194734e-05,8.58926312e-05
0.00000000e+00,2.15113895e-05,4.30227679e-05,6.45341390e-05,8.60455186e-05
0.00000000e+00,2.50000000e-05,5.00000000e-05,7.50000000e-05,1.00000000e-04
0.00000000e+00,2.50000000e-05,5.00000000e-05,7.50000000e-05,1.00000000e-04
0.00000000e+00,2.34129821e-05,4.68259592e-05,7.02389335e-05,9.36519113e-05
0.00000000e+00,2.33995886e-05,4.67991775e-05,7.01987674e-05,9.35983565e-05
0.00000000e+00,2.50000000e-05,5.00000000e-05,7.50000000e-05,1.00000000e-04
0.00000000e+00,2.50000000e-05,5.00000000e-05,7.50000000e-05,1.00000000e-04
0.00000000e+00,2.50000000e-05,5.00000000e-05,7.50000000e-05,1.00000000e-04
0.00000000e+00,0.00000000e+00,0.00000000e+00,0.00000000e+00,0.00000000e+00
0.00000000e+00,3.47463277e-06,6.94925909e-06,1.04238812e-05,1.38985082e-05
0.00000000e+00,0.00000000e+00,0.00000000e+00,0.00000000e+00,0.00000000e+00
0.00000000e+00,0.00000000e+00,0.00000000e+00,0.00000000e+00,0.00000000e+00
0.00000000e+00,1.58323236e-06,3.16646094e-06,4.74968679e-06,6.33291572e-06
0.00000000e+00,3.47736177e-06,6.95471888e-06,1.04320730e-05,1.39094307e-05
0.00000000e+00,3.47736065e-06,6.95471778e-06,1.04320730e-05,1.39094307e-05
0.00000000e+00,7.85570941e-06,1.57114021e-05,2.35670839e-05,3.14227785e-05
0.00000000e+00,5.59712924e-06,1.11942494e-05,1.67913638e-05,2.23884851e-05
0.00000000e+00,7.85911281e-06,1.57182098e-05,2.35772960e-05,3.14363946e-05
0.00000000e+00,7.85911204e-06,1.57182090e-05,2.35772960e-05,3.14363946e-05
0.00000000e+00,1.25000188e-05,2.50000164e-05,3.75000000e-05,5.00000000e-05
0.00000000e+00,1.01676633e-05,2.03353110e-05,3.05029485e-05,4.06705980e-05
0.00000000e+00,1.25000159e-05,2.50000140e-05,3.75000000e-05,5.00000000e-05
0.00000000e+00,1.25000173e-05,2.50000152e-05,3.75000000e-05,5.00000000e-05
0.00000000e+00,1.71443255e-05,3.42886286e-05,5.14329161e-05,6.85772215e-05
0.00000000e+00,1.48323670e-05,2.96647154e-05,4.44970515e-05,5.93294020e-05
0.00000000e+00,1.71409193e-05,3.42818186e-05,5.14227040e-05,6.85636054e-05
0.00000000e+00,1.71409188e-05,3.42818182e-05,5.14227040e-05,6.85636054e-05
0.00000000e+00,2.15253817e-05,4.30507536e-05,6.45761188e-05,8.61014918e-05
0.00000000e+00,1.94028931e-05,3.88057704e-05,5.82086362e-05,7.76115149e-05
0.00000000e+00,2.15226516e-05,4.30452929e-05,6.45679270e-05,8.60905693e-05
0.00000000e+00,2.15226515e-05,4.30452928e-05,6.45679270e-05,8.60905693e-05
0.00000000e+00,2.50000000e-05,5.00000000e-05,7.50000000e-05,1.00000000e-04
0.00000000e+00,2.34167774e-05,4.68335478e-05,7.02503132e-05,9.36670843e-05
0.00000000e+00,2.50000000e-05,5.00000000e-05,7.50000000e-05,1.00000000e-04
0.00000000e+00,2.50000000e-05,5.00000000e-05,7.50000000e-05,1.00000000e-04
0.00000000e+00,0.00000000e+00,0.00000000e+00,0.00000000e+00,0.00000000e+00
0.00000000e+00,3.48578313e-06,6.97156565e-06,1.04573481e-05,1.39431308e-05
0.00000000e+00,0.00000000e+00,0.00000000e+00,0.00000000e+00,0.00000000e+00
0.00000000e+00,0.00000000e+00,0.00000000e+00,0.00000000e+00,0.00000000e+00
0.00000000e+00,1.58702215e-06,3.17404426e-06,4.76106653e-06,6.34808870e-06
0.00000000e+00,3.47736067e-06,6.95471783e-06,1.04320730e-05,1.39094307e-05
0.00000000e+00,3.48862229e-06,6.97724240e-06,1.04658610e-05,1.39544814e-05
0.00000000e+00,7.87123375e-06,1.57424519e-05,2.36136591e-05,3.14848788e-05
0.00000000e+00,5.61323228e-06,1.12264565e-05,1.68396754e-05,2.24529005e-05
0.00000000e+00,7.85911271e-06,1.57182097e-05,2.35772960e-05,3.14363946e-05
0.00000000e+00,7.87470972e-06,1.57494050e-05,2.36240900e-05,3.14987867e-05
0.00000000e+00,1.25000164e-05,2.50000142e-05,3.75000000e-05,5.00000000e-05
0.00000000e+00,1.01768524e-05,2.03536886e-05,3.05305138e-05,4.07073517e-05
0.00000000e+00,1.25000192e-05,2.50000167e-05,3.75000000e-05,5.00000000e-05
0.00000000e+00,1.25000157e-05,2.50000138e-05,3.75000000e-05,5.00000000e-05
0.00000000e+00,1.71287950e-05,3.42575733e-05,5.13863409e-05,6.85151212e-05
0.00000000e+00,1.48231754e-05,2.96463355e-05,4.44694862e-05,5.92926483e-05
0.00000000e+00,1.71409184e-05,3.42818177e-05,5.14227040e-05,6.85636054e-05
0.00000000e+00,1.71253192e-05,3.42506205e-05,5.13759100e-05,6.85012133e-05
0.00000000e+00,2.15142240e-05,4.30284403e-05,6.45426519e-05,8.60568692e-05
0.00000000e+00,1.93867852e-05,3.87735586e-05,5.81603246e-05,7.75470995e-05
0.00000000e+00,2.15226503e-05,4.30452915e-05,6.45679270e-05,8.60905693e-05
0.00000000e+00,2.15113882e-05,4.30227668e-05,6.45341390e-05,8.60455186e-05
0.00000000e+00,2.50000000e-05,5.00000000e-05,7.50000000e-05,1.00000000e-04
0.00000000e+00,2.34129813e-05,4.68259586e-05,7.02389335e-05,9.36519113e-05
0.00000000e+00,2.50000000e-05,5.00000000e-05,7.50000000e-05,1.00000000e-04
0.00000000e+00,2.50000000e-05,5.00000000e-05,7.50000000e-05,1.00000000e-04
0.00000000e+00,0.00000000e+00,0.00000000e+00,0.00000000e+00,0.00000000e+00
0.00000000e+00,3.52330875e-06,7.04661910e-06,1.05699302e-05,1.40932403e-05
0.00000000e+00,0.00000000e+00,0.00000000e+00,0.00000000e+00,0.00000000e+00
0.00000000e+00,0.00000000e+00,0.00000000e+00,0.00000000e+00,0.00000000e+00
0.00000000e+00,1.60041104e-06,3.20082181e-06,4.80123262e-06,6.40164349e-06
0.00000000e+00,3.50044003e-06,7.00088086e-06,1.05013225e-05,1.40017634e-05
0.00000000e+00,3.52684148e-06,7.05368402e-06,1.05805266e-05,1.41073688e-05
0.00000000e+00,7.91958365e-06,1.58391625e-05,2.37587410e-05,3.16783214e-05
0.00000000e+00,5.66579684e-06,1.13315889e-05,1.69973790e-05,2.26631720e-05
0.00000000e+00,7.89056809e-06,1.57811273e-05,2.36716820e-05,3.15622427e-05
0.00000000e+00,7.92332771e-06,1.58466482e-05,2.37699649e-05,3.16932866e-05
0.00000000e+00,1.24999993e-05,2.49999982e-05,3.75000000e-05,5.00000000e-05
0.00000000e+00,1.02048538e-05,2.04097005e-05,3.06145446e-05,4.08193928e-05
0.00000000e+00,1.25000085e-05,2.50000068e-05,3.75000000e-05,5.00000000e-05
0.00000000e+00,1.25000035e-05,2.50000027e-05,3.75000000e-05,5.00000000e-05
0.00000000e+00,1.70804322e-05,3.41608495e-05,5.12412590e-05,6.83216786e-05
0.00000000e+00,1.47951612e-05,2.95903113e-05,4.43854554e-05,5.91806072e-05
0.00000000e+00,1.71094519e-05,3.42188892e-05,5.13283180e-05,6.84377573e-05
0.00000000e+00,1.70766898e-05,3.41533655e-05,5.12300351e-05,6.83067134e-05
0.00000000e+00,2.14766845e-05,4.29533744e-05,6.44300698e-05,8.59067597e-05
0.00000000e+00,1.93342138e-05,3.86684193e-05,5.80026210e-05,7.73368280e-05
0.00000000e+00,2.14995608e-05,4.29991194e-05,6.44986775e-05,8.59982366e-05
0.00000000e+00,2.14731560e-05,4.29463129e-05,6.44194734e-05,8.58926312e-05
0.00000000e+00,2.50000000e-05,5.00000000e-05,7.50000000e-05,1.00000000e-04
0.00000000e+00,2.33995864e-05,4.67991757e-05,7.01987674e-05,9.35983565e-05
0.00000000e+00,2.50000000e-05,5.00000000e-05,7.50000000e-05,1.00000000e-04
0.00000000e+00,2.50000000e-05,5.00000000e-05,7.50000000e-05,1.00000000e-04
0.00000000e+00,0.00000000e+00,0.00000000e+00,0.00000000e+00,0.00000000e+00
0.00000000e+00,0.00000000e+00,0.00000000e+00,0.00000000e+00,0.00000000e+00
0.00000000e+00,3.49758765e-06,6.99517515e-06,1.04927623e-05,1.39903497e-05
0.00000000e+00,3.53757766e-06,7.07515637e-06,1.06127354e-05,1.41503138e-05
0.00000000e+00,0.00000000e+00,0.00000000e+00,0.00000000e+00,0.00000000e+00
0.00000000e+00,0.00000000e+00,0.00000000e+00,0.00000000e+00,0.00000000e+00
0.00000000e+00,0.00000000e+00,0.00000000e+00,0.00000000e+00,0.00000000e+00
0.00000000e+00,1.59110657e-06,3.18221656e-06,4.77332986e-06,6.36443981e-06
0.00000000e+00,1.60558937e-06,3.21117719e-06,4.81676471e-06,6.42235295e-06
0.00000000e+00,3.51318501e-06,7.02636990e-06,1.05395546e-05,1.40527394e-05
0.00000000e+00,3.52684494e-06,7.05368703e-06,1.05805266e-05,1.41073688e-05
0.00000000e+00,3.48862324e-06,6.97724335e-06,1.04658610e-05,1.39544814e-05
0.00000000e+00,7.88711421e-06,1.57742150e-05,2.36613057e-05,3.15484076e-05
0.00000000e+00,7.93637454e-06,1.58727420e-05,2.38091063e-05,3.17454750e-05
0.00000000e+00,5.63006551e-06,1.12601259e-05,1.68901840e-05,2.25202453e-05
0.00000000e+00,5.68471397e-06,1.13694212e-05,1.70541237e-05,2.27388316e-05
0.00000000e+00,7.90687219e-06,1.58137336e-05,2.37205880e-05,3.16274507e-05
0.00000000e+00,7.92332905e-06,1.58466493e-05,2.37699649e-05,3.16932866e-05
0.00000000e+00,7.87470939e-06,1.57494049e-05,2.36240900e-05,3.14987867e-05
0.00000000e+00,1.25000154e-05,2.50000134e-05,3.75000000e-05,5.00000000e-05
0.00000000e+00,1.25000067e-05,2.50000048e-05,3.75000000e-05,5.00000000e-05
0.00000000e+00,1.01860934e-05,2.03721706e-05,3.05582373e-05,4.07443164e-05
0.00000000e+00,1.02143148e-05,2.04286188e-05,3.06429165e-05,4.08572220e-05
0.00000000e+00,1.25000116e-05,2.50000098e-05,3.75000000e-05,5.00000000e-05
0.00000000e+00,1.25000072e-05,2.50000054e-05,3.75000000e-05,5.00000000e-05
0.00000000e+00,1.25000130e-05,2.50000114e-05,3.75000000e-05,5.00000000e-05
0.00000000e+00,1.71129076e-05,3.42258039e-05,5.13386943e-05,6.84515924e-05
0.00000000e+00,1.70636383e-05,3.41272673e-05,5.11908937e-05,6.82545250e-05
0.00000000e+00,1.48139349e-05,2.96278542e-05,4.44417627e-05,5.92556836e-05
0.00000000e+00,1.47857027e-05,2.95713957e-05,4.43570835e-05,5.91427780e-05
0.00000000e+00,1.70931449e-05,3.41862803e-05,5.12794120e-05,6.83725493e-05
0.00000000e+00,1.70766855e-05,3.41533619e-05,5.12300351e-05,6.83067134e-05
0.00000000e+00,1.71253162e-05,3.42506177e-05,5.13759100e-05,6.85012133e-05
0.00000000e+00,2.15024166e-05,4.30048281e-05,6.45072377e-05,8.60096503e-05
0.00000000e+00,2.14624265e-05,4.29248468e-05,6.43872646e-05,8.58496862e-05
0.00000000e+00,1.93699449e-05,3.87398827e-05,5.81098160e-05,7.74797547e-05
0.00000000e+00,1.93152972e-05,3.86305883e-05,5.79458763e-05,7.72611684e-05
0.00000000e+00,2.14868208e-05,4.29736348e-05,6.44604454e-05,8.59472606e-05
0.00000000e+00,2.14731619e-05,4.29463184e-05,6.44194734e-05,8.58926312e-05
0.00000000e+00,2.15113890e-05,4.30227673e-05,6.45341390e-05,8.60455186e-05
0.00000000e+00,2.50000000e-05,5.00000000e-05,7.50000000e-05,1.00000000e-04
0.00000000e+00,2.50000000e-05,5.00000000e-05,7.50000000e-05,1.00000000e-04
0.00000000e+00,2.34088922e-05,4.68177820e-05,7.02266701e-05,9.36355602e-05
0.00000000e+00,2.33944116e-05,4.67888233e-05,7.01832353e-05,9.35776471e-05
0.00000000e+00,2.50000000e-05,5.00000000e-05,7.50000000e-05,1.00000000e-04
0.00000000e+00,2.50000000e-05,5.00000000e-05,7.50000000e-05,1.00000000e-04
0.00000000e+00,2.50000000e-05,5.00000000e-05,7.50000000e-05,1.00000000e-04
0.00000000e+00,0.00000000e+00,0.00000000e+00,0.00000000e+00,0.00000000e+00
0.00000000e+00,3.48578337e-06,6.97156579e-06,1.04573481e-05,1.39431308e-05
0.00000000e+00,0.00000000e+00,0.00000000e+00,0.00000000e+00,0.00000000e+00
0.00000000e+00,0.00000000e+00,0.00000000e+00,0.00000000e+00,0.00000000e+00
0.00000000e+00,1.58702172e-06,3.17404389e-06,4.76106653e-06,6.34808870e-06
0.00000000e+00,3.48862115e-06,6.97724137e-06,1.04658610e-05,1.39544814e-05
0.00000000e+00,3.47736083e-06,6.95471797e-06,1.04320730e-05,1.39094307e-05
0.00000000e+00,7.87123180e-06,1.57424501e-05,2.36136591e-05,3.14848788e-05
0.00000000e+00,5.61323165e-06,1.12264559e-05,1.68396754e-05,2.24529005e-05
0.00000000e+00,7.87470886e-06,1.57494042e-05,2.36240900e-05,3.14987867e-05
0.00000000e+00,7.85911141e-06,1.57182085e-05,2.35772960e-05,3.14363946e-05
0.00000000e+00,1.25000139e-05,2.50000121e-05,3.75000000e-05,5.00000000e-05
0.00000000e+00,1.01768520e-05,2.03536883e-05,3.05305138e-05,4.07073517e-05
0.00000000e+00,1.25000151e-05,2.50000133e-05,3.75000000e-05,5.00000000e-05
0.00000000e+00,1.25000175e-05,2.50000154e-05,3.75000000e-05,5.00000000e-05
0.00000000e+00,1.71287917e-05,3.42575708e-05,5.13863409e-05,6.85151212e-05
0.00000000e+00,1.48231765e-05,2.96463368e-05,4.44694862e-05,5.92926483e-05
0.00000000e+00,1.71253146e-05,3.42506164e-05,5.13759100e-05,6.85012133e-05
0.00000000e+00,1.71409148e-05,3.42818145e-05,5.14227040e-05,6.85636054e-05
0.00000000e+00,2.15142224e-05,4.30284389e-05,6.45426519e-05,8.60568692e-05
0.00000000e+00,1.93867834e-05,3.87735571e-05,5.81603246e-05,7.75470995e-05
0.00000000e+00,2.15113862e-05,4.30227648e-05,6.45341390e-05,8.60455186e-05
0.00000000e+00,2.15226492e-05,4.30452906e-05,6.45679270e-05,8.60905693e-05
0.00000000e+00,2.50000000e-05,5.00000000e-05,7.50000000e-05,1.00000000e-04
0.00000000e+00,2.34129799e-05,4.68259574e-05,7.02389335e-05,9.36519113e-05
0.00000000e+00,2.50000000e-05,5.00000000e-05,7.50000000e-05,1.00000000e-04
0.00000000e+00,2.50000000e-05,5.00000000e-05,7.50000000e-05,1.00000000e-04
0.00000000e+00,0.00000000e+00,0.00000000e+00,0.00000000e+00,0.00000000e+00
0.00000000e+00,3.49758843e-06,6.99517545e-06,1.04927623e-05,1.39903497e-05
0.00000000e+00,0.00000000e+00,0.00000000e+00,0.00000000e+00,0.00000000e+00
0.00000000e+00,0.00000000e+00,0.00000000e+00,0.00000000e+00,0.00000000e+00
0.00000000e+00,1.59111071e-06,3.18222070e-06,4.77332986e-06,6.36443981e-06
0.00000000e+00,3.48862207e-06,6.97724205e-06,1.04658610e-05,1.39544814e-05
0.00000000e+00,3.48862101e-06,6.97724095e-06,1.04658610e-05,1.39544814e-05
0.00000000e+00,7.88711419e-06,1.57742147e-05,2.36613057e-05,3.15484076e-05
0.00000000e+00,5.63006530e-06,1.12601260e-05,1.68901840e-05,2.25202453e-05
0.00000000e+00,7.87470922e-06,1.57494047e-05,2.36240900e-05,3.14987867e-05
0.00000000e+00,7.87470885e-06,1.57494040e-05,2.36240900e-05,3.14987867e-05
0.00000000e+00,1.25000134e-05,2.50000119e-05,3.75000000e-05,5.00000000e-05
0.00000000e+00,1.01860894e-05,2.03721668e-05,3.05582373e-05,4.07443164e-05
0.00000000e+00,1.25000137e-05,2.50000122e-05,3.75000000e-05,5.00000000e-05
0.00000000e+00,1.25000145e-05,2.50000127e-05,3.75000000e-05,5.00000000e-05
0.00000000e+00,1.71129159e-05,3.42258117e-05,5.13386943e-05,6.84515924e-05
0.00000000e+00,1.48139360e-05,2.96278544e-05,4.44417627e-05,5.92556836e-05
0.00000000e+00,1.71253183e-05,3.42506198e-05,5.13759100e-05,6.85012133e-05
0.00000000e+00,1.71253191e-05,3.42506204e-05,5.13759100e-05,6.85012133e-05
0.00000000e+00,2.15024170e-05,4.30048288e-05,6.45072377e-05,8.60096503e-05
0.00000000e+00,1.93699496e-05,3.87398866e-05,5.81098160e-05,7.74797547e-05
0.00000000e+00,2.15113868e-05,4.30227654e-05,6.45341390e-05,8.60455186e-05
0.00000000e+00,2.15113858e-05,4.30227646e-05,6.45341390e-05,8.60455186e-05
0.00000000e+00,2.50000000e-05,5.00000000e-05,7.50000000e-05,1.00000000e-04
0.00000000e+00,2.34088941e-05,4.68177838e-05,7.02266701e-05,9.36355602e-05
0.00000000e+00,2.50000000e-05,5.00000000e-05,7.50000000e-05,1.00000000e-04
0.00000000e+00,2.50000000e-05,5.00000000e-05,7.50000000e-05,1.00000000e-04
0.00000000e+00,0.00000000e+00,0.00000000e+00,0.00000000e+00,0.00000000e+00
0.00000000e+00,3.53757750e-06,7.07515426e-06,1.06127354e-05,1.41503138e-05
0.00000000e+00,0.00000000e+00,0.00000000e+00,0.00000000e+00,0.00000000e+00
0.00000000e+00,0.00000000e+00,0.00000000e+00,0.00000000e+00,0.00000000e+00
0.00000000e+00,1.60558573e-06,3.21117416e-06,4.81676471e-06,6.42235295e-06
0.00000000e+00,3.51318602e-06,7.02636995e-06,1.05395546e-05,1.40527394e-05
0.00000000e+00,3.52684174e-06,7.05368318e-06,1.05805266e-05,1.41073688e-05
0.00000000e+00,7.93637180e-06,1.58727368e-05,2.38091063e-05,3.17454750e-05
0.00000000e+00,5.68471055e-06,1.13694172e-05,1.70541237e-05,2.27388316e-05
0.00000000e+00,7.90687186e-06,1.58137321e-05,2.37205880e-05,3.16274507e-05
0.00000000e+00,7.92332596e-06,1.58466453e-05,2.37699649e-05,3.16932866e-05
0.00000000e+00,1.25000063e-05,2.50000043e-05,3.75000000e-05,5.00000000e-05
0.00000000e+00,1.02143144e-05,2.04286184e-05,3.06429165e-05,4.08572220e-05
0.00000000e+00,1.25000102e-05,2.50000085e-05,3.75000000e-05,5.00000000e-05
0.00000000e+00,1.25000011e-05,2.49999997e-05,3.75000000e-05,5.00000000e-05
0.00000000e+00,1.70636358e-05,3.41272668e-05,5.11908937e-05,6.82545250e-05
0.00000000e+00,1.47857029e-05,2.95713962e-05,4.43570835e-05,5.91427780e-05
0.00000000e+00,1.70931487e-05,3.41862846e-05,5.12794120e-05,6.83725493e-05
0.00000000e+00,1.70766877e-05,3.41533645e-05,5.12300351e-05,6.83067134e-05
0.00000000e+00,2.14624134e-05,4.29248369e-05,6.43872646e-05,8.58496862e-05
0.00000000e+00,1.93152931e-05,3.86305849e-05,5.79458763e-05,7.72611684e-05
0.00000000e+00,2.14868131e-05,4.29736286e-05,6.44604454e-05,8.59472606e-05
0.00000000e+00,2.14731518e-05,4.29463102e-05,6.44194734e-05,8.58926312e-05
0.00000000e+00,2.50000000e-05,5.00000000e-05,7.50000000e-05,1.00000000e-04
0.00000000e+00,2.33944077e-05,4.67888194e-05,7.01832353e-05,9.35776471e-05
0.00000000e+00,2.50000000e-05,5.00000000e-05,7.50000000e-05,1.00000000e-04
0.00000000e+00,2.50000000e-05,5.00000000e-05,7.50000000e-05,1.00000000e-04
0.00000000e+00,0.00000000e+00,0.00000000e+00,0.00000000e+00,0.00000000e+00
0.00000000e+00,0.00000000e+00,0.00000000e+00,0.00000000e+00,0.00000000e+00
0.00000000e+00,3.53757770e-06,7.07515511e-06,1.06127354e-05,1.41503138e-05
0.00000000e+00,3.58522047e-06,7.17044182e-06,1.07556611e-05,1.43408815e-05
0.00000000e+00,0.00000000e+00,0.00000000e+00,0.00000000e+00,0.00000000e+00
0.00000000e+00,0.00000000e+00,0.00000000e+00,0.00000000e+00,0.00000000e+00
0.00000000e+00,0.00000000e+00,0.00000000e+00,0.00000000e+00,0.00000000e+00
0.00000000e+00,1.60558812e-06,3.21117666e-06,4.81676471e-06,6.42235295e-06
0.00000000e+00,1.62340686e-06,3.24681079e-06,4.87021207e-06,6.49361610e-06
0.00000000e+00,3.55623769e-06,7.11247549e-06,1.06687128e-05,1.42249504e-05
0.00000000e+00,3.55623783e-06,7.11247569e-06,1.06687128e-05,1.42249504e-05
0.00000000e+00,3.51318411e-06,7.02636857e-06,1.05395546e-05,1.40527394e-05
0.00000000e+00,7.93637995e-06,1.58727464e-05,2.38091063e-05,3.17454750e-05
0.00000000e+00,7.98780977e-06,1.59756042e-05,2.39633814e-05,3.19511752e-05
0.00000000e+00,5.68471684e-06,1.13694240e-05,1.70541237e-05,2.27388316e-05
0.00000000e+00,5.74656245e-06,1.14931208e-05,1.72396756e-05,2.29862342e-05
0.00000000e+00,7.95714548e-06,1.59142778e-05,2.38713986e-05,3.18285314e-05
0.00000000e+00,7.95714259e-06,1.59142751e-05,2.38713986e-05,3.18285314e-05
0.00000000e+00,7.90687435e-06,1.58137354e-05,2.37205880e-05,3.16274507e-05
0.00000000e+00,1.25000175e-05,2.50000165e-05,3.75000000e-05,5.00000000e-05
0.00000000e+00,1.25000133e-05,2.50000135e-05,3.75000000e-05,5.00000000e-05
0.00000000e+00,1.02143211e-05,2.04286251e-05,3.06429165e-05,4.08572220e-05
0.00000000e+00,1.02421777e-05,2.04843495e-05,3.07265164e-05,4.09686886e-05
0.00000000e+00,1.25000139e-05,2.50000132e-05,3.75000000e-05,5.00000000e-05
0.00000000e+00,1.25000121e-05,2.50000110e-05,3.75000000e-05,5.00000000e-05
0.00000000e+00,1.25000156e-05,2.50000141e-05,3.75000000e-05,5.00000000e-05
0.00000000e+00,1.70636369e-05,3.41272683e-05,5.11908937e-05,6.82545250e-05
0.00000000e+00,1.70122196e-05,3.40244247e-05,5.10366186e-05,6.80488248e-05
0.00000000e+00,1.47857069e-05,2.95714002e-05,4.43570835e-05,5.91427780e-05
0.00000000e+00,1.47578365e-05,2.95156636e-05,4.42734836e-05,5.90313114e-05
0.00000000e+00,1.70428761e-05,3.40857426e-05,5.11286014e-05,6.81714686e-05
0.00000000e+00,1.70428763e-05,3.40857421e-05,5.11286014e-05,6.81714686e-05
0.00000000e+00,1.70931443e-05,3.41862809e-05,5.12794120e-05,6.83725493e-05
0.00000000e+00,2.14624141e-05,4.29248369e-05,6.43872646e-05,8.58496862e-05
0.00000000e+00,2.14147833e-05,4.28295627e-05,6.42443389e-05,8.56591185e-05
0.00000000e+00,1.93152965e-05,3.86305876e-05,5.79458763e-05,7.72611684e-05
0.00000000e+00,1.92534472e-05,3.85068878e-05,5.77603244e-05,7.70137658e-05
0.00000000e+00,2.14437595e-05,4.28875220e-05,6.43312872e-05,8.57750496e-05
0.00000000e+00,2.14437651e-05,4.28875270e-05,6.43312872e-05,8.57750496e-05
0.00000000e+00,2.14868156e-05,4.29736306e-05,6.44604454e-05,8.59472606e-05
0.00000000e+00,2.50000000e-05,5.00000000e-05,7.50000000e-05,1.00000000e-04
0.00000000e+00,2.50000000e-05,5.00000000e-05,7.50000000e-05,1.00000000e-04
0.00000000e+00,2.33944102e-05,4.67888219e-05,7.01832353e-05,9.35776471e-05
0.00000000e+00,2.33765975e-05,4.67531931e-05,7.01297879e-05,9.35063839e-05
0.00000000e+00,2.50000000e-05,5.00000000e-05,7.50000000e-05,1.00000000e-04
0.00000000e+00,2.50000000e-05,5.00000000e-05,7.50000000e-05,1.00000000e-04
0.00000000e+00,2.50000000e-05,5.00000000e-05,7.50000000e-05,1.00000000e-04
0.00000000e+00,0.00000000e+00,0.00000000e+00,0.00000000e+00,0.00000000e+00
0.00000000e+00,3.52331334e-06,7.04662284e-06,1.05699302e-05,1.40932403e-05
0.00000000e+00,0.00000000e+00,0.00000000e+00,0.00000000e+00,0.00000000e+00
0.00000000e+00,0.00000000e+00,0.00000000e+00,0.00000000e+00,0.00000000e+00
0.00000000e+00,1.60041106e-06,3.20082187e-06,4.80123262e-06,6.40164349e-06
0.00000000e+00,3.52684422e-06,7.05368556e-06,1.05805266e-05,1.41073688e-05
0.00000000e+00,3.50044269e-06,7.00088319e-06,1.05013225e-05,1.40017634e-05
0.00000000e+00,7.91959337e-06,1.58391720e-05,2.37587410e-05,3.16783214e-05
0.00000000e+00,5.66580020e-06,1.13315923e-05,1.69973790e-05,2.26631720e-05
0.00000000e+00,7.92333235e-06,1.58466520e-05,2.37699649e-05,3.16932866e-05
0.00000000e+00,7.89057252e-06,1.57811318e-05,2.36716820e-05,3.15622427e-05
0.00000000e+00,1.25000115e-05,2.50000103e-05,3.75000000e-05,5.00000000e-05
0.00000000e+00,1.02048582e-05,2.04097052e-05,3.06145446e-05,4.08193928e-05
0.00000000e+00,1.25000128e-05,2.50000117e-05,3.75000000e-05,5.00000000e-05
0.00000000e+00,1.25000130e-05,2.50000114e-05,3.75000000e-05,5.00000000e-05
0.00000000e+00,1.70804340e-05,3.41608522e-05,5.12412590e-05,6.83216786e-05
0.00000000e+00,1.47951652e-05,2.95903155e-05,4.43854554e-05,5.91806072e-05
0.00000000e+00,1.70766871e-05,3.41533649e-05,5.12300351e-05,6.83067134e-05
0.00000000e+00,1.71094523e-05,3.42188902e-05,5.13283180e-05,6.84377573e-05
0.00000000e+00,2.14766913e-05,4.29533814e-05,6.44300698e-05,8.59067597e-05
0.00000000e+00,1.93342144e-05,3.86684204e-05,5.80026210e-05,7.73368280e-05
0.00000000e+00,2.14731534e-05,4.29463120e-05,6.44194734e-05,8.58926312e-05
0.00000000e+00,2.14995626e-05,4.29991214e-05,6.44986775e-05,8.59982366e-05
0.00000000e+00,2.50000000e-05,5.00000000e-05,7.50000000e-05,1.00000000e-04
0.00000000e+00,2.33995883e-05,4.67991775e-05,7.01987674e-05,9.35983565e-05
0.00000000e+00,2.50000000e-05,5.00000000e-05,7.50000000e-05,1.00000000e-04
0.00000000e+00,2.50000000e-05,5.00000000e-05,7.50000000e-05,1.00000000e-04
0.00000000e+00,0.00000000e+00,0.00000000e+00,0.00000000e+00,0.00000000e+00
0.00000000e+00,3.53757780e-06,7.07515822e-06,1.06127354e-05,1.41503138e-05
0.00000000e+00,0.00000000e+00,0.00000000e+00,0.00000000e+00,0.00000000e+00
0.00000000e+00,0.00000000e+00,0.00000000e+00,0.00000000e+00,0.00000000e+00
0.00000000e+00,1.60558775e-06,3.21117586e-06,4.81676471e-06,6.42235295e-06
0.00000000e+00,3.52684365e-06,7.05368633e-06,1.05805266e-05,1.41073688e-05
0.00000000e+00,3.51318629e-06,7.02637160e-06,1.05395546e-05,1.40527394e-05
0.00000000e+00,7.93637854e-06,1.58727476e-05,2.38091063e-05,3.17454750e-05
0.00000000e+00,5.68471603e-06,1.13694232e-05,1.70541237e-05,2.27388316e-05
0.00000000e+00,7.92333223e-06,1.58466533e-05,2.37699649e-05,3.16932866e-05
0.00000000e+00,7.90687426e-06,1.58137361e-05,2.37205880e-05,3.16274507e-05
0.00000000e+00,1.25000122e-05,2.50000106e-05,3.75000000e-05,5.00000000e-05
0.00000000e+00,1.02143205e-05,2.04286248e-05,3.06429165e-05,4.08572220e-05
0.00000000e+00,1.25000088e-05,2.50000073e-05,3.75000000e-05,5.00000000e-05
0.00000000e+00,1.25000132e-05,2.50000117e-05,3.75000000e-05,5.00000000e-05
0.00000000e+00,1.70636397e-05,3.41272670e-05,5.11908937e-05,6.82545250e-05
0.00000000e+00,1.47857072e-05,2.95714003e-05,4.43570835e-05,5.91427780e-05
0.00000000e+00,1.70766904e-05,3.41533662e-05,5.12300351e-05,6.83067134e-05
0.00000000e+00,1.70931505e-05,3.41862851e-05,5.12794120e-05,6.83725493e-05
0.00000000e+00,2.14624259e-05,4.29248446e-05,6.43872646e-05,8.58496862e-05
0.00000000e+00,1.93152972e-05,3.86305881e-05,5.79458763e-05,7.72611684e-05
0.00000000e+00,2.14731601e-05,4.29463166e-05,6.44194734e-05,8.58926312e-05
0.00000000e+00,2.14868167e-05,4.29736306e-05,6.44604454e-05,8.59472606e-05
0.00000000e+00,2.50000000e-05,5.00000000e-05,7.50000000e-05,1.00000000e-04
0.00000000e+00,2.33944116e-05,4.67888235e-05,7.01832353e-05,9.35776471e-05
0.00000000e+00,2.50000000e-05,5.00000000e-05,7.50000000e-05,1.00000000e-04
0.00000000e+00,2.50000000e-05,5.00000000e-05,7.50000000e-05,1.00000000e-04
0.00000000e+00,0.00000000e+00,0.00000000e+00,0.00000000e+00,0.00000000e+00
0.00000000e+00,3.58522149e-06,7.17044174e-06,1.07556611e-05,1.43408815e-05
0.00000000e+00,0.00000000e+00,0.00000000e+00,0.00000000e+00,0.00000000e+00
0.00000000e+00,0.00000000e+00,0.00000000e+00,0.00000000e+00,0.00000000e+00
0.00000000e+00,1.62340841e-06,3.24681236e-06,4.87021207e-06,6.49361610e-06
0.00000000e+00,3.55623692e-06,7.11247499e-06,1.06687128e-05,1.42249504e-05
0.00000000e+00,3.55623682e-06,7.11247384e-06,1.06687128e-05,1.42249504e-05
0.00000000e+00,7.98781576e-06,1.59756072e-05,2.39633814e-05,3.19511752e-05
0.00000000e+00,5.74656495e-06,1.14931229e-05,1.72396756e-05,2.29862342e-05
0.00000000e+00,7.95714866e-06,1.59142802e-05,2.38713986e-05,3.18285314e-05
0.00000000e+00,7.95714370e-06,1.59142741e-05,2.38713986e-05,3.18285314e-05
0.00000000e+00,1.25000222e-05,2.50000238e-05,3.75000000e-05,5.00000000e-05
0.00000000e+00,1.02421810e-05,2.04843524e-05,3.07265164e-05,4.09686886e-05
0.00000000e+00,1.25000175e-05,2.50000175e-05,3.75000000e-05,5.00000000e-05
0.00000000e+00,1.25000150e-05,2.50000149e-05,3.75000000e-05,5.00000000e-05
0.00000000e+00,1.70122143e-05,3.40244211e-05,5.10366186e-05,6.80488248e-05
0.00000000e+00,1.47578385e-05,2.95156654e-05,4.42734836e-05,5.90313114e-05
0.00000000e+00,1.70428737e-05,3.40857395e-05,5.11286014e-05,6.81714686e-05
0.00000000e+00,1.70428716e-05,3.40857385e-05,5.11286014e-05,6.81714686e-05
0.00000000e+00,2.14147797e-05,4.28295598e-05,6.42443389e-05,8.56591185e-05
0.00000000e+00,1.92534501e-05,3.85068910e-05,5.77603244e-05,7.70137658e-05
0.00000000e+00,2.14437633e-05,4.28875250e-05,6.43312872e-05,8.57750496e-05
0.00000000e+00,2.14437617e-05,4.28875247e-05,6.43312872e-05,8.57750496e-05
0.00000000e+00,2.50000000e-05,5.00000000e-05,7.50000000e-05,1.00000000e-04
0.00000000e+00,2.33765994e-05,4.67531952e-05,7.01297879e-05,9.35063839e-05
0.00000000e+00,2.50000000e-05,5.00000000e-05,7.50000000e-05,1.00000000e-04
0.00000000e+00,2.50000000e-05,5.00000000e-05,7.50000000e-05,1.00000000e-04
0.00000000e+00,0.00000000e+00,0.00000000e+00,0.00000000e+00,0.00000000e+00
0.00000000e+00,0.00000000e+00,0.00000000e+00,0.00000000e+00,0.00000000e+00
0.00000000e+00,3.61621263e-06,7.23242264e-06,1.08486321e-05,1.44648428e-05
0.00000000e+00,3.67780699e-06,7.35559898e-06,1.10333819e-05,1.47111758e-05
0.00000000e+00,0.00000000e+00,0.00000000e+00,0.00000000e+00,0.00000000e+00
0.00000000e+00,0.00000000e+00,0.00000000e+00,0.00000000e+00,0.00000000e+00
0.00000000e+00,0.00000000e+00,0.00000000e+00,0.00000000e+00,0.00000000e+00
0.00000000e+00,1.63591474e-06,3.27182565e-06,4.90773448e-06,6.54364597e-06
0.00000000e+00,1.66250884e-06,3.32501368e-06,4.98751628e-06,6.65002171e-06
0.00000000e+00,3.57075263e-06,7.14150350e-06,1.07122560e-05,1.42830081e-05
0.00000000e+00,3.63740609e-06,7.27480334e-06,1.09121944e-05,1.45495925e-05
0.00000000e+00,3.62555813e-06,7.25110886e-06,1.08766527e-05,1.45022036e-05
0.00000000e+00,8.01652311e-06,1.60330351e-05,2.40495419e-05,3.20660559e-05
0.00000000e+00,8.06830273e-06,1.61365811e-05,2.42048416e-05,3.22731221e-05
0.00000000e+00,5.78159069e-06,1.15631744e-05,1.73447549e-05,2.31263398e-05
0.00000000e+00,5.85232647e-06,1.17046370e-05,1.75569385e-05,2.34092513e-05
0.00000000e+00,7.97263270e-06,1.59452558e-05,2.39178767e-05,3.18905023e-05
0.00000000e+00,8.03502637e-06,1.60700404e-05,2.41050462e-05,3.21400616e-05
0.00000000e+00,8.02579825e-06,1.60515810e-05,2.40773496e-05,3.21031328e-05
0.00000000e+00,1.25000099e-05,2.50000086e-05,3.75000000e-05,5.00000000e-05
0.00000000e+00,1.25000031e-05,2.50000030e-05,3.75000000e-05,5.00000000e-05
0.00000000e+00,1.02573660e-05,2.05147202e-05,3.07720675e-05,4.10294233e-05
0.00000000e+00,1.02840882e-05,2.05681606e-05,3.08522223e-05,4.11362964e-05
0.00000000e+00,1.25000076e-05,2.50000060e-05,3.75000000e-05,5.00000000e-05
0.00000000e+00,1.25000064e-05,2.50000054e-05,3.75000000e-05,5.00000000e-05
0.00000000e+00,1.24999980e-05,2.49999975e-05,3.75000000e-05,5.00000000e-05
0.00000000e+00,1.69834857e-05,3.39669722e-05,5.09504581e-05,6.79339441e-05
0.00000000e+00,1.69317188e-05,3.38634381e-05,5.07951584e-05,6.77268779e-05
0.00000000e+00,1.47426507e-05,2.94852940e-05,4.42279325e-05,5.89705767e-05
0.00000000e+00,1.47159309e-05,2.94318563e-05,4.41477777e-05,5.88637036e-05
0.00000000e+00,1.70273793e-05,3.40547533e-05,5.10821233e-05,6.81094977e-05
0.00000000e+00,1.69649855e-05,3.39299696e-05,5.08949538e-05,6.78599384e-05
0.00000000e+00,1.69742238e-05,3.39484384e-05,5.09226504e-05,6.78968672e-05
0.00000000e+00,2.13837814e-05,4.27675713e-05,6.41513679e-05,8.55351572e-05
0.00000000e+00,2.13222030e-05,4.26444092e-05,6.39666181e-05,8.52888242e-05
0.00000000e+00,1.92184099e-05,3.84368250e-05,5.76552451e-05,7.68736602e-05
0.00000000e+00,1.91476813e-05,3.82953694e-05,5.74430615e-05,7.65907487e-05
0.00000000e+00,2.14292430e-05,4.28584916e-05,6.42877440e-05,8.57169919e-05
0.00000000e+00,2.13626002e-05,4.27252018e-05,6.40878056e-05,8.54504075e-05
0.00000000e+00,2.13744439e-05,4.27488929e-05,6.41233473e-05,8.54977964e-05
0.00000000e+00,2.50000000e-05,5.00000000e-05,7.50000000e-05,1.00000000e-04
0.00000000e+00,2.50000000e-05,5.00000000e-05,7.50000000e-05,1.00000000e-04
0.00000000e+00,2.33640858e-05,4.67281745e-05,7.00922655e-05,9.34563540e-05
0.00000000e+00,2.33374904e-05,4.66749851e-05,7.00124837e-05,9.33499783e-05
0.00000000e+00,2.50000000e-05,5.00000000e-05,7.50000000e-05,1.00000000e-04
0.00000000e+00,2.50000000e-05,5.00000000e-05,7.50000000e-05,1.00000000e-04
0.00000000e+00,2.50000000e-05,5.00000000e-05,7.50000000e-05,1.00000000e-04
0.00000000e+00,0.00000000e+00,0.00000000e+00,0.00000000e+00,0.00000000e+00
0.00000000e+00,0.00000000e+00,0.00000000e+00,0.00000000e+00,0.00000000e+00
0.00000000e+00,3.75719940e-06,7.51439196e-06,1.12715792e-05,1.50287723e-05
0.00000000e+00,3.83096078e-06,7.66191471e-06,1.14928650e-05,1.53238200e-05
0.00000000e+00,0.00000000e+00,0.00000000e+00,0.00000000e+00,0.00000000e+00
0.00000000e+00,0.00000000e+00,0.00000000e+00,0.00000000e+00,0.00000000e+00
0.00000000e+00,0.00000000e+00,0.00000000e+00,0.00000000e+00,0.00000000e+00
0.00000000e+00,1.70053807e-06,3.40107149e-06,5.10160139e-06,6.80213519e-06
0.00000000e+00,1.73754274e-06,3.47508144e-06,5.21261775e-06,6.95015700e-06
0.00000000e+00,3.67509460e-06,7.35018456e-06,1.10252713e-05,1.47003617e-05
0.00000000e+00,3.77607412e-06,7.55214063e-06,1.13282024e-05,1.51042699e-05
0.00000000e+00,3.74390871e-06,7.48780668e-06,1.12316986e-05,1.49755982e-05
0.00000000e+00,8.11992818e-06,1.62398531e-05,2.43597777e-05,3.24797036e-05
0.00000000e+00,8.16091096e-06,1.63218075e-05,2.44826963e-05,3.26435950e-05
0.00000000e+00,5.93477728e-06,1.18695494e-05,1.78043186e-05,2.37390915e-05
0.00000000e+00,5.99986556e-06,1.19997207e-05,1.79995707e-05,2.39994275e-05
0.00000000e+00,8.06599122e-06,1.61319759e-05,2.41979581e-05,3.22639441e-05
0.00000000e+00,8.12951540e-06,1.62590184e-05,2.43885140e-05,3.25180187e-05
0.00000000e+00,8.11422960e-06,1.62284389e-05,2.43426351e-05,3.24568467e-05
0.00000000e+00,1.25000136e-05,2.50000122e-05,3.75000000e-05,5.00000000e-05
0.00000000e+00,1.25000294e-05,2.50000262e-05,3.75000000e-05,5.00000000e-05
0.00000000e+00,1.03119623e-05,2.06239131e-05,3.09358569e-05,4.12478093e-05
0.00000000e+00,1.03317177e-05,2.06634151e-05,3.09951000e-05,4.13268000e-05
0.00000000e+00,1.25000103e-05,2.50000091e-05,3.75000000e-05,5.00000000e-05
0.00000000e+00,1.25000143e-05,2.50000126e-05,3.75000000e-05,5.00000000e-05
0.00000000e+00,1.25000185e-05,2.50000167e-05,3.75000000e-05,5.00000000e-05
0.00000000e+00,1.68800745e-05,3.37601478e-05,5.06402223e-05,6.75202964e-05
0.00000000e+00,1.68391143e-05,3.36782141e-05,5.05173037e-05,6.73564050e-05
0.00000000e+00,1.46880574e-05,2.93761039e-05,4.40641431e-05,5.87521907e-05
0.00000000e+00,1.46683208e-05,2.93366184e-05,4.40049000e-05,5.86732000e-05
0.00000000e+00,1.69340142e-05,3.38680279e-05,5.08020419e-05,6.77360559e-05
0.00000000e+00,1.68705015e-05,3.37409960e-05,5.06114860e-05,6.74819813e-05
0.00000000e+00,1.68857923e-05,3.37715802e-05,5.06573649e-05,6.75431533e-05
0.00000000e+00,2.12428029e-05,4.24856094e-05,6.37284208e-05,8.49712277e-05
0.00000000e+00,2.11690478e-05,4.23380930e-05,6.35071350e-05,8.46761800e-05
0.00000000e+00,1.90652267e-05,3.81304532e-05,5.71956814e-05,7.62609085e-05
0.00000000e+00,1.90001439e-05,3.80002870e-05,5.70004293e-05,7.60005725e-05
0.00000000e+00,2.13249027e-05,4.26498124e-05,6.39747287e-05,8.52996383e-05
0.00000000e+00,2.12239308e-05,4.24478632e-05,6.36717976e-05,8.48957301e-05
0.00000000e+00,2.12561003e-05,4.25122009e-05,6.37683014e-05,8.50244018e-05
0.00000000e+00,2.50000000e-05,5.00000000e-05,7.50000000e-05,1.00000000e-04
0.00000000e+00,2.50000000e-05,5.00000000e-05,7.50000000e-05,1.00000000e-04
0.00000000e+00,2.32994667e-05,4.65989326e-05,6.98983986e-05,9.31978648e-05
0.00000000e+00,2.32624592e-05,4.65249203e-05,6.97873823e-05,9.30498430e-05
0.00000000e+00,2.50000000e-05,5.00000000e-05,7.50000000e-05,1.00000000e-04
0.00000000e+00,2.50000000e-05,5.00000000e-05,7.50000000e-05,1.00000000e-04
0.00000000e+00,2.50000000e-05,5.00000000e-05,7.50000000e-05,1.00000000e-04
0.00000000e+00,0.00000000e+00,0.00000000e+00,0.00000000e+00,0.00000000e+00
0.00000000e+00,0.00000000e+00,0.00000000e+00,0.00000000e+00,0.00000000e+00
0.00000000e+00,4.05557934e-06,8.11114681e-06,1.21667070e-05,1.62222761e-05
0.00000000e+00,4.11498716e-06,8.22996357e-06,1.23449362e-05,1.64599149e-05
0.00000000e+00,0.00000000e+00,0.00000000e+00,0.00000000e+00,0.00000000e+00
0.00000000e+00,0.00000000e+00,0.00000000e+00,0.00000000e+00,0.00000000e+00
0.00000000e+00,0.00000000e+00,0.00000000e+00,0.00000000e+00,0.00000000e+00
0.00000000e+00,1.84060424e-06,3.68120227e-06,5.52179650e-06,7.36239534e-06
0.00000000e+00,1.89494418e-06,3.78988053e-06,5.68481294e-06,7.57975059e-06
0.00000000e+00,3.88198755e-06,7.76396499e-06,1.16459356e-05,1.55279141e-05
0.00000000e+00,4.04187543e-06,8.08374307e-06,1.21256074e-05,1.61674766e-05
0.00000000e+00,3.95354156e-06,7.90707481e-06,1.18606043e-05,1.58141390e-05
0.00000000e+00,8.23926594e-06,1.64785157e-05,2.47177552e-05,3.29570070e-05
0.00000000e+00,8.26130740e-06,1.65226006e-05,2.47838875e-05,3.30451833e-05
0.00000000e+00,6.13888686e-06,1.22777624e-05,1.84166317e-05,2.45555090e-05
0.00000000e+00,6.17444122e-06,1.23488682e-05,1.85232884e-05,2.46977178e-05
0.00000000e+00,8.18371551e-06,1.63674219e-05,2.45511233e-05,3.27348311e-05
0.00000000e+00,8.24083667e-06,1.64816587e-05,2.47224731e-05,3.29632975e-05
0.00000000e+00,8.21562812e-06,1.64312442e-05,2.46468554e-05,3.28624739e-05
0.00000000e+00,1.25000157e-05,2.50000136e-05,3.75000000e-05,5.00000000e-05
0.00000000e+00,1.25000189e-05,2.50000163e-05,3.75000000e-05,5.00000000e-05
0.00000000e+00,1.03662587e-05,2.07325019e-05,3.10987355e-05,4.14649807e-05
0.00000000e+00,1.03753091e-05,2.07506017e-05,3.11258850e-05,4.15011800e-05
0.00000000e+00,1.25000150e-05,2.50000132e-05,3.75000000e-05,5.00000000e-05
0.00000000e+00,1.25000157e-05,2.50000135e-05,3.75000000e-05,5.00000000e-05
0.00000000e+00,1.25000277e-05,2.50000245e-05,3.75000000e-05,5.00000000e-05
0.00000000e+00,1.67607580e-05,3.35215059e-05,5.02822448e-05,6.70429930e-05
0.00000000e+00,1.67387157e-05,3.34774193e-05,5.02161125e-05,6.69548167e-05
0.00000000e+00,1.46337685e-05,2.92675222e-05,4.39012645e-05,5.85350193e-05
0.00000000e+00,1.46247197e-05,2.92494233e-05,4.38741150e-05,5.84988200e-05
0.00000000e+00,1.68162965e-05,3.36325882e-05,5.04488767e-05,6.72651689e-05
0.00000000e+00,1.67591851e-05,3.35183599e-05,5.02775269e-05,6.70367025e-05
0.00000000e+00,1.67843938e-05,3.35687742e-05,5.03531446e-05,6.71375261e-05
0.00000000e+00,2.09444295e-05,4.18888608e-05,6.28332930e-05,8.37777239e-05
0.00000000e+00,2.08850194e-05,4.17700416e-05,6.26550638e-05,8.35400851e-05
0.00000000e+00,1.88611266e-05,3.77222495e-05,5.65833683e-05,7.54444910e-05
0.00000000e+00,1.88255734e-05,3.76511443e-05,5.64767116e-05,7.53022822e-05
0.00000000e+00,2.11180192e-05,4.22360405e-05,6.33540644e-05,8.44720859e-05
0.00000000e+00,2.09581311e-05,4.19162622e-05,6.28743926e-05,8.38325234e-05
0.00000000e+00,2.10464681e-05,4.20929336e-05,6.31393957e-05,8.41858610e-05
0.00000000e+00,2.50000000e-05,5.00000000e-05,7.50000000e-05,1.00000000e-04
0.00000000e+00,2.50000000e-05,5.00000000e-05,7.50000000e-05,1.00000000e-04
0.00000000e+00,2.31594016e-05,4.63188028e-05,6.94782035e-05,9.26376047e-05
0.00000000e+00,2.31050609e-05,4.62101239e-05,6.93151871e-05,9.24202494e-05
0.00000000e+00,2.50000000e-05,5.00000000e-05,7.50000000e-05,1.00000000e-04
0.00000000e+00,2.50000000e-05,5.00000000e-05,7.50000000e-05,1.00000000e-04
0.00000000e+00,2.50000000e-05,5.00000000e-05,7.50000000e-05,1.00000000e-04
0.00000000e+00,0.00000000e+00,0.00000000e+00,0.00000000e+00,0.00000000e+00
0.00000000e+00,0.00000000e+00,0.00000000e+00,0.00000000e+00,0.00000000e+00
0.00000000e+00,4.40706462e-06,8.81411867e-06,1.32211684e-05,1.76282245e-05
0.00000000e+00,4.39562663e-06,8.79123740e-06,1.31868404e-05,1.75824539e-05
0.00000000e+00,0.00000000e+00,0.00000000e+00,0.00000000e+00,0.00000000e+00
0.00000000e+00,0.00000000e+00,0.00000000e+00,0.00000000e+00,0.00000000e+00
0.00000000e+00,0.00000000e+00,0.00000000e+00,0.00000000e+00,0.00000000e+00
0.00000000e+00,2.41948833e-06,4.83897167e-06,7.25845349e-06,9.67793799e-06
0.00000000e+00,2.43957944e-06,4.87915378e-06,7.31872710e-06,9.75830280e-06
0.00000000e+00,4.18441370e-06,8.36881611e-06,1.25532124e-05,1.67376166e-05
0.00000000e+00,4.39414045e-06,8.78827214e-06,1.31824018e-05,1.75765357e-05
0.00000000e+00,4.22094851e-06,8.44188142e-06,1.26628068e-05,1.68837424e-05
0.00000000e+00,8.34094392e-06,1.66818698e-05,2.50227851e-05,3.33637135e-05
0.00000000e+00,8.34231205e-06,1.66846016e-05,2.50268781e-05,3.33691708e-05
0.00000000e+00,6.35078671e-06,1.27015571e-05,1.90523190e-05,2.54030919e-05
0.00000000e+00,6.34607812e-06,1.26921439e-05,1.90382054e-05,2.53842739e-05
0.00000000e+00,8.30556127e-06,1.66111049e-05,2.49166373e-05,3.32221830e-05
0.00000000e+00,8.34409461e-06,1.66881741e-05,2.50322475e-05,3.33763300e-05
0.00000000e+00,8.31379735e-06,1.66275766e-05,2.49413460e-05,3.32551280e-05
0.00000000e+00,1.25000149e-05,2.50000119e-05,3.75000000e-05,5.00000000e-05
0.00000000e+00,1.25000079e-05,2.50000053e-05,3.75000000e-05,5.00000000e-05
0.00000000e+00,1.04079260e-05,2.08158333e-05,3.12237307e-05,4.16316410e-05
0.00000000e+00,1.04090322e-05,2.08180420e-05,3.12270398e-05,4.16360530e-05
0.00000000e+00,1.25000157e-05,2.50000130e-05,3.75000000e-05,5.00000000e-05
0.00000000e+00,1.25000123e-05,2.50000106e-05,3.75000000e-05,5.00000000e-05
0.00000000e+00,1.25000129e-05,2.50000102e-05,3.75000000e-05,5.00000000e-05
0.00000000e+00,1.66590761e-05,3.33181484e-05,4.99772149e-05,6.66362865e-05
0.00000000e+00,1.66577064e-05,3.33154142e-05,4.99731219e-05,6.66308292e-05
0.00000000e+00,1.45920984e-05,2.91841871e-05,4.37762693e-05,5.83683590e-05
0.00000000e+00,1.45909945e-05,2.91819799e-05,4.37729602e-05,5.83639470e-05
0.00000000e+00,1.66944614e-05,3.33889159e-05,5.00833627e-05,6.67778170e-05
0.00000000e+00,1.66559288e-05,3.33118459e-05,4.99677525e-05,6.66236700e-05
0.00000000e+00,1.66862212e-05,3.33724394e-05,5.00586540e-05,6.67448720e-05
0.00000000e+00,2.05929475e-05,4.11858917e-05,6.17788316e-05,8.23717755e-05
0.00000000e+00,2.06043806e-05,4.12087681e-05,6.18131596e-05,8.24175461e-05
0.00000000e+00,1.86492306e-05,3.72984581e-05,5.59476810e-05,7.45969081e-05
0.00000000e+00,1.86539298e-05,3.73078623e-05,5.59617946e-05,7.46157261e-05
0.00000000e+00,2.08155968e-05,4.16311928e-05,6.24467876e-05,8.32623834e-05
0.00000000e+00,2.06058679e-05,4.12117352e-05,6.18175982e-05,8.24234643e-05
0.00000000e+00,2.07790609e-05,4.15581260e-05,6.23371932e-05,8.31162576e-05
0.00000000e+00,2.50000000e-05,5.00000000e-05,7.50000000e-05,1.00000000e-04
0.00000000e+00,2.50000000e-05,5.00000000e-05,7.50000000e-05,1.00000000e-04
0.00000000e+00,2.25805172e-05,4.51610330e-05,6.77415465e-05,9.03220620e-05
0.00000000e+00,2.25604237e-05,4.51208484e-05,6.76812729e-05,9.02416972e-05
0.00000000e+00,2.50000000e-05,5.00000000e-05,7.50000000e-05,1.00000000e-04
0.00000000e+00,2.50000000e-05,5.00000000e-05,7.50000000e-05,1.00000000e-04
0.00000000e+00,2.50000000e-05,5.00000000e-05,7.50000000e-05,1.00000000e-04
0.00000000e+00,0.00000000e+00,0.00000000e+00,0.00000000e+00,0.00000000e+00
0.00000000e+00,3.59643371e-06,7.19286460e-06,1.07892932e-05,1.43857243e-05
0.00000000e+00,0.00000000e+00,0.00000000e+00,0.00000000e+00,0.00000000e+00
0.00000000e+00,0.00000000e+00,0.00000000e+00,0.00000000e+00,0.00000000e+00
0.00000000e+00,1.62806365e-06,3.25612667e-06,4.88418917e-06,6.51225222e-06
0.00000000e+00,3.55378773e-06,7.10756902e-06,1.06613448e-05,1.42151264e-05
0.00000000e+00,3.59832889e-06,7.19665476e-06,1.07949784e-05,1.43933045e-05
0.00000000e+00,7.99818785e-06,1.59963698e-05,2.39945483e-05,3.19927311e-05
0.00000000e+00,5.75792047e-06,1.15158344e-05,1.72737442e-05,2.30316589e-05
0.00000000e+00,7.95447639e-06,1.59089463e-05,2.38634128e-05,3.18178837e-05
0.00000000e+00,7.99932364e-06,1.59986403e-05,2.39979534e-05,3.19972712e-05
0.00000000e+00,1.25000140e-05,2.50000126e-05,3.75000000e-05,5.00000000e-05
0.00000000e+00,1.02475686e-05,2.04951268e-05,3.07426778e-05,4.09902370e-05
0.00000000e+00,1.25000095e-05,2.50000081e-05,3.75000000e-05,5.00000000e-05
0.00000000e+00,1.25000124e-05,2.50000109e-05,3.75000000e-05,5.00000000e-05
0.00000000e+00,1.70018307e-05,3.40036465e-05,5.10054517e-05,6.80072689e-05
0.00000000e+00,1.47524516e-05,2.95048908e-05,4.42573222e-05,5.90097630e-05
0.00000000e+00,1.70455401e-05,3.40910675e-05,5.11365872e-05,6.81821163e-05
0.00000000e+00,1.70006895e-05,3.40013709e-05,5.10020466e-05,6.80027288e-05
0.00000000e+00,2.14035651e-05,4.28071339e-05,6.42107068e-05,8.56142757e-05
0.00000000e+00,1.92420882e-05,3.84841727e-05,5.77262558e-05,7.69683411e-05
0.00000000e+00,2.14462192e-05,4.28924368e-05,6.43386552e-05,8.57848736e-05
0.00000000e+00,2.14016723e-05,4.28033458e-05,6.42050216e-05,8.56066955e-05
0.00000000e+00,2.50000000e-05,5.00000000e-05,7.50000000e-05,1.00000000e-04
0.00000000e+00,2.33719317e-05,4.67438688e-05,7.01158108e-05,9.34877478e-05
0.00000000e+00,2.50000000e-05,5.00000000e-05,7.50000000e-05,1.00000000e-04
0.00000000e+00,2.50000000e-05,5.00000000e-05,7.50000000e-05,1.00000000e-04
0.00000000e+00,0.00000000e+00,0.00000000e+00,0.00000000e+00,0.00000000e+00
0.00000000e+00,3.73219797e-06,7.46438994e-06,1.11965780e-05,1.49287706e-05
0.00000000e+00,0.00000000e+00,0.00000000e+00,0.00000000e+00,0.00000000e+00
0.00000000e+00,0.00000000e+00,0.00000000e+00,0.00000000e+00,0.00000000e+00
0.00000000e+00,1.68892498e-06,3.37784619e-06,5.06676465e-06,6.75568620e-06
0.00000000e+00,3.65250840e-06,7.30501240e-06,1.09575134e-05,1.46100178e-05
0.00000000e+00,3.72816352e-06,7.45632191e-06,1.11844770e-05,1.49126361e-05
0.00000000e+00,8.10472304e-06,1.62094382e-05,2.43141490e-05,3.24188653e-05
0.00000000e+00,5.91097844e-06,1.18219503e-05,1.77329186e-05,2.36438914e-05
0.00000000e+00,8.04837315e-06,1.60967399e-05,2.41451032e-05,3.21934709e-05
0.00000000e+00,8.10005379e-06,1.62000992e-05,2.43001398e-05,3.24001864e-05
0.00000000e+00,1.25000084e-05,2.50000074e-05,3.75000000e-05,5.00000000e-05
0.00000000e+00,1.03043441e-05,2.06086797e-05,3.09130101e-05,4.12173467e-05
0.00000000e+00,1.25000122e-05,2.50000109e-05,3.75000000e-05,5.00000000e-05
0.00000000e+00,1.25000082e-05,2.50000070e-05,3.75000000e-05,5.00000000e-05
0.00000000e+00,1.68952899e-05,3.37905725e-05,5.06858510e-05,6.75811347e-05
0.00000000e+00,1.46956710e-05,2.93913332e-05,4.40869899e-05,5.87826533e-05
0.00000000e+00,1.69516406e-05,3.39032716e-05,5.08548968e-05,6.78065291e-05
0.00000000e+00,1.68999590e-05,3.37999115e-05,5.06998602e-05,6.75998136e-05
0.00000000e+00,2.12678096e-05,4.25356163e-05,6.38034220e-05,8.50712294e-05
0.00000000e+00,1.90890287e-05,3.81780553e-05,5.72670814e-05,7.63561086e-05
0.00000000e+00,2.13474962e-05,4.26949913e-05,6.40424866e-05,8.53899822e-05
0.00000000e+00,2.12718407e-05,4.25436813e-05,6.38155230e-05,8.50873639e-05
0.00000000e+00,2.50000000e-05,5.00000000e-05,7.50000000e-05,1.00000000e-04
0.00000000e+00,2.33110770e-05,4.66221553e-05,6.99332353e-05,9.32443138e-05
0.00000000e+00,2.50000000e-05,5.00000000e-05,7.50000000e-05,1.00000000e-04
0.00000000e+00,2.50000000e-05,5.00000000e-05,7.50000000e-05,1.00000000e-04
0.00000000e+00,0.00000000e+00,0.00000000e+00,0.00000000e+00,0.00000000e+00
0.00000000e+00,4.03292884e-06,8.06584883e-06,1.20987635e-05,1.61316846e-05
0.00000000e+00,0.00000000e+00,0.00000000e+00,0.00000000e+00,0.00000000e+00
0.00000000e+00,0.00000000e+00,0.00000000e+00,0.00000000e+00,0.00000000e+00
0.00000000e+00,1.82312038e-06,3.64623567e-06,5.46934769e-06,7.29246358e-06
0.00000000e+00,3.85640709e-06,7.71280660e-06,1.15692012e-05,1.54256017e-05
0.00000000e+00,4.00122731e-06,8.00244658e-06,1.20036612e-05,1.60048816e-05
0.00000000e+00,8.23090806e-06,1.64618064e-05,2.46926989e-05,3.29235986e-05
0.00000000e+00,6.12469941e-06,1.22493888e-05,1.83740722e-05,2.44987630e-05
0.00000000e+00,8.17152069e-06,1.63430323e-05,2.45145386e-05,3.26860515e-05
0.00000000e+00,8.22438826e-06,1.64487660e-05,2.46731378e-05,3.28975171e-05
0.00000000e+00,1.25000089e-05,2.50000075e-05,3.75000000e-05,5.00000000e-05
0.00000000e+00,1.03627820e-05,2.07255514e-05,3.10883131e-05,4.14510842e-05
0.00000000e+00,1.25000080e-05,2.50000069e-05,3.75000000e-05,5.00000000e-05
0.00000000e+00,1.25000111e-05,2.50000096e-05,3.75000000e-05,5.00000000e-05
0.00000000e+00,1.67691101e-05,3.35382107e-05,5.03073011e-05,6.70764014e-05
0.00000000e+00,1.46372391e-05,2.92744673e-05,4.39116869e-05,5.85489158e-05
0.00000000e+00,1.68284956e-05,3.36569822e-05,5.04854614e-05,6.73139485e-05
0.00000000e+00,1.67756277e-05,3.35512481e-05,5.03268622e-05,6.71024829e-05
0.00000000e+00,2.09670818e-05,4.19341606e-05,6.29012365e-05,8.38683154e-05
0.00000000e+00,1.88753131e-05,3.77506228e-05,5.66259278e-05,7.55012370e-05
0.00000000e+00,2.11436051e-05,4.22872041e-05,6.34307988e-05,8.45743983e-05
0.00000000e+00,2.09987819e-05,4.19975614e-05,6.29963388e-05,8.39951184e-05
0.00000000e+00,2.50000000e-05,5.00000000e-05,7.50000000e-05,1.00000000e-04
0.00000000e+00,2.31768852e-05,4.63537693e-05,6.95306523e-05,9.27075364e-05
0.00000000e+00,2.50000000e-05,5.00000000e-05,7.50000000e-05,1.00000000e-04
0.00000000e+00,2.50000000e-05,5.00000000e-05,7.50000000e-05,1.00000000e-04
0.00000000e+00,0.00000000e+00,0.00000000e+00,0.00000000e+00,0.00000000e+00
0.00000000e+00,4.41099646e-06,8.82198735e-06,1.32329769e-05,1.76439692e-05
0.00000000e+00,0.00000000e+00,0.00000000e+00,0.00000000e+00,0.00000000e+00
0.00000000e+00,0.00000000e+00,0.00000000e+00,0.00000000e+00,0.00000000e+00
0.00000000e+00,2.41059324e-06,4.82118379e-06,7.23177431e-06,9.64236574e-06
0.00000000e+00,4.16988631e-06,8.33976558e-06,1.25096416e-05,1.66795222e-05
0.00000000e+00,4.40052703e-06,8.80104776e-06,1.32015674e-05,1.76020899e-05
0.00000000e+00,8.34047843e-06,1.66809461e-05,2.50214100e-05,3.33618801e-05
0.00000000e+00,6.35333376e-06,1.27066615e-05,1.90599887e-05,2.54133183e-05
0.00000000e+00,8.30236209e-06,1.66047124e-05,2.49070567e-05,3.32094090e-05
0.00000000e+00,8.34354923e-06,1.66870884e-05,2.50306240e-05,3.33741654e-05
0.00000000e+00,1.25000116e-05,2.50000088e-05,3.75000000e-05,5.00000000e-05
0.00000000e+00,1.04073546e-05,2.08146985e-05,3.12220390e-05,4.16293853e-05
0.00000000e+00,1.25000094e-05,2.50000072e-05,3.75000000e-05,5.00000000e-05
0.00000000e+00,1.25000112e-05,2.50000097e-05,3.75000000e-05,5.00000000e-05
0.00000000e+00,1.66595266e-05,3.33190580e-05,4.99785900e-05,6.66381199e-05
0.00000000e+00,1.45926592e-05,2.91853122e-05,4.37779610e-05,5.83706147e-05
0.00000000e+00,1.66976502e-05,3.33952989e-05,5.00929433e-05,6.67905910e-05
0.00000000e+00,1.66564661e-05,3.33129246e-05,4.99693760e-05,6.66258346e-05
0.00000000e+00,2.05890012e-05,4.11780092e-05,6.17670231e-05,8.23560308e-05
0.00000000e+00,1.86466704e-05,3.72933417e-05,5.59400113e-05,7.45866817e-05
0.00000000e+00,2.08301190e-05,4.16602384e-05,6.24903584e-05,8.33204778e-05
0.00000000e+00,2.05994792e-05,4.11989576e-05,6.17984326e-05,8.23979101e-05
0.00000000e+00,2.50000000e-05,5.00000000e-05,7.50000000e-05,1.00000000e-04
0.00000000e+00,2.25894068e-05,4.51788154e-05,6.77682257e-05,9.03576343e-05
0.00000000e+00,2.50000000e-05,5.00000000e-05,7.50000000e-05,1.00000000e-04
0.00000000e+00,2.50000000e-05,5.00000000e-05,7.50000000e-05,1.00000000e-04
0.00000000e+00,0.00000000e+00,0.00000000e+00,0.00000000e+00,0.00000000e+00
0.00000000e+00,3.61620676e-06,7.23241709e-06,1.08486321e-05,1.44648428e-05
0.00000000e+00,0.00000000e+00,0.00000000e+00,0.00000000e+00,0.00000000e+00
0.00000000e+00,0.00000000e+00,0.00000000e+00,0.00000000e+00,0.00000000e+00
0.00000000e+00,1.63591226e-06,3.27182365e-06,4.90773448e-06,6.54364597e-06
0.00000000e+00,3.57074909e-06,7.14150118e-06,1.07122560e-05,1.42830081e-05
0.00000000e+00,3.59832677e-06,7.19665249e-06,1.07949784e-05,1.43933045e-05
0.00000000e+00,8.01651728e-06,1.60330298e-05,2.40495419e-05,3.20660559e-05
0.00000000e+00,5.78158642e-06,1.15631709e-05,1.73447549e-05,2.31263398e-05
0.00000000e+00,7.97263022e-06,1.59452544e-05,2.39178767e-05,3.18905023e-05
0.00000000e+00,7.99932234e-06,1.59986390e-05,2.39979534e-05,3.19972712e-05
0.00000000e+00,1.25000110e-05,2.50000092e-05,3.75000000e-05,5.00000000e-05
0.00000000e+00,1.02573639e-05,2.05147183e-05,3.07720675e-05,4.10294233e-05
0.00000000e+00,1.25000055e-05,2.50000039e-05,3.75000000e-05,5.00000000e-05
0.00000000e+00,1.25000114e-05,2.50000099e-05,3.75000000e-05,5.00000000e-05
0.00000000e+00,1.69834855e-05,3.39669712e-05,5.09504581e-05,6.79339441e-05
0.00000000e+00,1.47426498e-05,2.94852926e-05,4.42279325e-05,5.89705767e-05
0.00000000e+00,1.70273779e-05,3.40547509e-05,5.10821233e-05,6.81094977e-05
0.00000000e+00,1.70006889e-05,3.40013702e-05,5.10020466e-05,6.80027288e-05
0.00000000e+00,2.13837828e-05,4.27675725e-05,6.41513679e-05,8.55351572e-05
0.00000000e+00,1.92184132e-05,3.84368277e-05,5.76552451e-05,7.68736602e-05
0.00000000e+00,2.14292472e-05,4.28584948e-05,6.42877440e-05,8.57169919e-05
0.00000000e+00,2.14016732e-05,4.28033470e-05,6.42050216e-05,8.56066955e-05
0.00000000e+00,2.50000000e-05,5.00000000e-05,7.50000000e-05,1.00000000e-04
0.00000000e+00,2.33640875e-05,4.67281756e-05,7.00922655e-05,9.34563540e-05
0.00000000e+00,2.50000000e-05,5.00000000e-05,7.50000000e-05,1.00000000e-04
0.00000000e+00,2.50000000e-05,5.00000000e-05,7.50000000e-05,1.00000000e-04
0.00000000e+00,0.00000000e+00,0.00000000e+00,0.00000000e+00,0.00000000e+00
0.00000000e+00,3.75719735e-06,7.51438942e-06,1.12715792e-05,1.50287723e-05
0.00000000e+00,0.00000000e+00,0.00000000e+00,0.00000000e+00,0.00000000e+00
0.00000000e+00,0.00000000e+00,0.00000000e+00,0.00000000e+00,0.00000000e+00
0.00000000e+00,1.70053653e-06,3.40106978e-06,5.10160139e-06,6.80213519e-06
0.00000000e+00,3.67509023e-06,7.35017993e-06,1.10252713e-05,1.47003617e-05
0.00000000e+00,3.72816326e-06,7.45632149e-06,1.11844770e-05,1.49126361e-05
0.00000000e+00,8.11993191e-06,1.62398563e-05,2.43597777e-05,3.24797036e-05
0.00000000e+00,5.93477675e-06,1.18695484e-05,1.78043186e-05,2.37390915e-05
0.00000000e+00,8.06599024e-06,1.61319749e-05,2.41979581e-05,3.22639441e-05
0.00000000e+00,8.10005462e-06,1.62000999e-05,2.43001398e-05,3.24001864e-05
0.00000000e+00,1.25000167e-05,2.50000148e-05,3.75000000e-05,5.00000000e-05
0.00000000e+00,1.03119650e-05,2.06239155e-05,3.09358569e-05,4.12478093e-05
0.00000000e+00,1.25000128e-05,2.50000111e-05,3.75000000e-05,5.00000000e-05
0.00000000e+00,1.25000094e-05,2.50000081e-05,3.75000000e-05,5.00000000e-05
0.00000000e+00,1.68800759e-05,3.37601498e-05,5.06402223e-05,6.75202964e-05
0.00000000e+00,1.46880578e-05,2.93761044e-05,4.40641431e-05,5.87521907e-05
0.00000000e+00,1.69340151e-05,3.38680288e-05,5.08020419e-05,6.77360559e-05
0.00000000e+00,1.68999581e-05,3.37999107e-05,5.06998602e-05,6.75998136e-05
0.00000000e+00,2.12427995e-05,4.24856071e-05,6.37284208e-05,8.49712277e-05
0.00000000e+00,1.90652265e-05,3.81304539e-05,5.71956814e-05,7.62609085e-05
0.00000000e+00,2.13249024e-05,4.26498126e-05,6.39747287e-05,8.52996383e-05
0.00000000e+00,2.12718411e-05,4.25436818e-05,6.38155230e-05,8.50873639e-05
0.00000000e+00,2.50000000e-05,5.00000000e-05,7.50000000e-05,1.00000000e-04
0.00000000e+00,2.32994636e-05,4.65989300e-05,6.98983986e-05,9.31978648e-05
0.00000000e+00,2.50000000e-05,5.00000000e-05,7.50000000e-05,1.00000000e-04
0.00000000e+00,2.50000000e-05,5.00000000e-05,7.50000000e-05,1.00000000e-04
0.00000000e+00,0.00000000e+00,0.00000000e+00,0.00000000e+00,0.00000000e+00
0.00000000e+00,4.05557859e-06,8.11114623e-06,1.21667070e-05,1.62222761e-05
0.00000000e+00,0.00000000e+00,0.00000000e+00,0.00000000e+00,0.00000000e+00
0.00000000e+00,0.00000000e+00,0.00000000e+00,0.00000000e+00,0.00000000e+00
0.00000000e+00,1.84060428e-06,3.68120244e-06,5.52179650e-06,7.36239534e-06
0.00000000e+00,3.88198655e-06,7.76396386e-06,1.16459356e-05,1.55279141e-05
0.00000000e+00,4.00122581e-06,8.00244519e-06,1.20036612e-05,1.60048816e-05
0.00000000e+00,8.23926653e-06,1.64785161e-05,2.47177552e-05,3.29570070e-05
0.00000000e+00,6.13888752e-06,1.22777629e-05,1.84166317e-05,2.45555090e-05
0.00000000e+00,8.18371924e-06,1.63674251e-05,2.45511233e-05,3.27348311e-05
0.00000000e+00,8.22438708e-06,1.64487649e-05,2.46731378e-05,3.28975171e-05
0.00000000e+00,1.25000154e-05,2.50000137e-05,3.75000000e-05,5.00000000e-05
0.00000000e+00,1.03662581e-05,2.07325014e-05,3.10987355e-05,4.14649807e-05
0.00000000e+00,1.25000163e-05,2.50000146e-05,3.75000000e-05,5.00000000e-05
0.00000000e+00,1.25000111e-05,2.50000098e-05,3.75000000e-05,5.00000000e-05
0.00000000e+00,1.67607572e-05,3.35215055e-05,5.02822448e-05,6.70429930e-05
0.00000000e+00,1.46337681e-05,2.92675220e-05,4.39012645e-05,5.85350193e-05
0.00000000e+00,1.68162983e-05,3.36325904e-05,5.04488767e-05,6.72651689e-05
0.00000000e+00,1.67756271e-05,3.35512476e-05,5.03268622e-05,6.71024829e-05
0.00000000e+00,2.09444330e-05,4.18888644e-05,6.28332930e-05,8.37777239e-05
0.00000000e+00,1.88611261e-05,3.77222494e-05,5.65833683e-05,7.54444910e-05
0.00000000e+00,2.11180201e-05,4.22360419e-05,6.33540644e-05,8.44720859e-05
0.00000000e+00,2.09987811e-05,4.19975609e-05,6.29963388e-05,8.39951184e-05
0.00000000e+00,2.50000000e-05,5.00000000e-05,7.50000000e-05,1.00000000e-04
0.00000000e+00,2.31594012e-05,4.63188025e-05,6.94782035e-05,9.26376047e-05
0.00000000e+00,2.50000000e-05,5.00000000e-05,7.50000000e-05,1.00000000e-04
0.00000000e+00,2.50000000e-05,5.00000000e-05,7.50000000e-05,1.00000000e-04
0.00000000e+00,0.00000000e+00,0.00000000e+00,0.00000000e+00,0.00000000e+00
0.00000000e+00,4.40706049e-06,8.81411526e-06,1.32211684e-05,1.76282245e-05
0.00000000e+00,0.00000000e+00,0.00000000e+00,0.00000000e+00,0.00000000e+00
0.00000000e+00,0.00000000e+00,0.00000000e+00,0.00000000e+00,0.00000000e+00
0.00000000e+00,2.41948657e-06,4.83897057e-06,7.25845349e-06,9.67793799e-06
0.00000000e+00,4.18441091e-06,8.36881367e-06,1.25532124e-05,1.67376166e-05
0.00000000e+00,4.40052759e-06,8.80104874e-06,1.32015674e-05,1.76020899e-05
0.00000000e+00,8.34093762e-06,1.66818636e-05,2.50227851e-05,3.33637135e-05
0.00000000e+00,6.35078121e-06,1.27015524e-05,1.90523190e-05,2.54030919e-05
0.00000000e+00,8.30555762e-06,1.66111012e-05,2.49166373e-05,3.32221830e-05
0.00000000e+00,8.34354870e-06,1.66870881e-05,2.50306240e-05,3.33741654e-05
0.00000000e+00,1.25000102e-05,2.50000081e-05,3.75000000e-05,5.00000000e-05
0.00000000e+00,1.04079211e-05,2.08158289e-05,3.12237307e-05,4.16316410e-05
0.00000000e+00,1.25000131e-05,2.50000111e-05,3.75000000e-05,5.00000000e-05
0.00000000e+00,1.25000097e-05,2.50000082e-05,3.75000000e-05,5.00000000e-05
0.00000000e+00,1.66590745e-05,3.33181473e-05,4.99772149e-05,6.66362865e-05
0.00000000e+00,1.45920952e-05,2.91841845e-05,4.37762693e-05,5.83683590e-05
0.00000000e+00,1.66944606e-05,3.33889155e-05,5.00833627e-05,6.67778170e-05
0.00000000e+00,1.66564634e-05,3.33129222e-05,4.99693760e-05,6.66258346e-05
0.00000000e+00,2.05929448e-05,4.11858890e-05,6.17788316e-05,8.23717755e-05
0.00000000e+00,1.86492288e-05,3.72984566e-05,5.59476810e-05,7.45969081e-05
0.00000000e+00,2.08155995e-05,4.16311955e-05,6.24467876e-05,8.32623834e-05
0.00000000e+00,2.05994760e-05,4.11989543e-05,6.17984326e-05,8.23979101e-05
0.00000000e+00,2.50000000e-05,5.00000000e-05,7.50000000e-05,1.00000000e-04
0.00000000e+00,2.25805142e-05,4.51610299e-05,6.77415465e-05,9.03220620e-05
0.00000000e+00,2.50000000e-05,5.00000000e-05,7.50000000e-05,1.00000000e-04
0.00000000e+00,2.50000000e-05,5.00000000e-05,7.50000000e-05,1.00000000e-04
0.00000000e+00,0.00000000e+00,0.00000000e+00,0.00000000e+00,0.00000000e+00
0.00000000e+00,3.67780376e-06,7.35559719e-06,1.10333819e-05,1.47111758e-05
0.00000000e+00,0.00000000e+00,0.00000000e+00,0.00000000e+00,0.00000000e+00
0.00000000e+00,0.00000000e+00,0.00000000e+00,0.00000000e+00,0.00000000e+00
0.00000000e+00,1.66250675e-06,3.32501195e-06,4.98751628e-06,6.65002171e-06
0.00000000e+00,3.62555485e-06,7.25110624e-06,1.08766527e-05,1.45022036e-05
0.00000000e+00,3.63740190e-06,7.27479944e-06,1.09121944e-05,1.45495925e-05
0.00000000e+00,8.06829676e-06,1.61365761e-05,2.42048416e-05,3.22731221e-05
0.00000000e+00,5.85232186e-06,1.17046335e-05,1.75569385e-05,2.34092513e-05
0.00000000e+00,8.02580171e-06,1.60515846e-05,2.40773496e-05,3.21031328e-05
0.00000000e+00,8.03502337e-06,1.60700377e-05,2.41050462e-05,3.21400616e-05
0.00000000e+00,1.24999977e-05,2.49999971e-05,3.75000000e-05,5.00000000e-05
0.00000000e+00,1.02840864e-05,2.05681589e-05,3.08522223e-05,4.11362964e-05
0.00000000e+00,1.25000056e-05,2.50000056e-05,3.75000000e-05,5.00000000e-05
0.00000000e+00,1.25000057e-05,2.50000046e-05,3.75000000e-05,5.00000000e-05
0.00000000e+00,1.69317186e-05,3.38634363e-05,5.07951584e-05,6.77268779e-05
0.00000000e+00,1.47159355e-05,2.94318604e-05,4.41477777e-05,5.88637036e-05
0.00000000e+00,1.69742229e-05,3.39484382e-05,5.09226504e-05,6.78968672e-05
0.00000000e+00,1.69649846e-05,3.39299685e-05,5.08949538e-05,6.78599384e-05
0.00000000e+00,2.13222005e-05,4.26444064e-05,6.39666181e-05,8.52888242e-05
0.00000000e+00,1.91476884e-05,3.82953752e-05,5.74430615e-05,7.65907487e-05
0.00000000e+00,2.13744479e-05,4.27488970e-05,6.41233473e-05,8.54977964e-05
0.00000000e+00,2.13625978e-05,4.27251998e-05,6.40878056e-05,8.54504075e-05
0.00000000e+00,2.50000000e-05,5.00000000e-05,7.50000000e-05,1.00000000e-04
0.00000000e+00,2.33374931e-05,4.66749877e-05,7.00124837e-05,9.33499783e-05
0.00000000e+00,2.50000000e-05,5.00000000e-05,7.50000000e-05,1.00000000e-04
0.00000000e+00,2.50000000e-05,5.00000000e-05,7.50000000e-05,1.00000000e-04
0.00000000e+00,0.00000000e+00,0.00000000e+00,0.00000000e+00,0.00000000e+00
0.00000000e+00,3.83096099e-06,7.66191538e-06,1.14928650e-05,1.53238200e-05
0.00000000e+00,0.00000000e+00,0.00000000e+00,0.00000000e+00,0.00000000e+00
0.00000000e+00,0.00000000e+00,0.00000000e+00,0.00000000e+00,0.00000000e+00
0.00000000e+00,1.73754252e-06,3.47508141e-06,5.21261775e-06,6.95015700e-06
0.00000000e+00,3.74390744e-06,7.48780645e-06,1.12316986e-05,1.49755982e-05
0.00000000e+00,3.77607363e-06,7.55214017e-06,1.13282024e-05,1.51042699e-05
0.00000000e+00,8.16091381e-06,1.63218113e-05,2.44826963e-05,3.26435950e-05
0.00000000e+00,5.99986327e-06,1.19997194e-05,1.79995707e-05,2.39994275e-05
0.00000000e+00,8.11422705e-06,1.62284375e-05,2.43426351e-05,3.24568467e-05
0.00000000e+00,8.12951586e-06,1.62590190e-05,2.43885140e-05,3.25180187e-05
0.00000000e+00,1.25000182e-05,2.50000166e-05,3.75000000e-05,5.00000000e-05
0.00000000e+00,1.03317163e-05,2.06634147e-05,3.09951000e-05,4.13268000e-05
0.00000000e+00,1.25000076e-05,2.50000065e-05,3.75000000e-05,5.00000000e-05
0.00000000e+00,1.25000146e-05,2.50000129e-05,3.75000000e-05,5.00000000e-05
0.00000000e+00,1.68391184e-05,3.36782182e-05,5.05173037e-05,6.73564050e-05
0.00000000e+00,1.46683160e-05,2.93366146e-05,4.40049000e-05,5.86732000e-05
0.00000000e+00,1.68857960e-05,3.37715827e-05,5.06573649e-05,6.75431533e-05
0.00000000e+00,1.68705038e-05,3.37409984e-05,5.06114860e-05,6.74819813e-05
0.00000000e+00,2.11690502e-05,4.23380952e-05,6.35071350e-05,8.46761800e-05
0.00000000e+00,1.90001484e-05,3.80002911e-05,5.70004293e-05,7.60005725e-05
0.00000000e+00,2.12561005e-05,4.25122008e-05,6.37683014e-05,8.50244018e-05
0.00000000e+00,2.12239321e-05,4.24478648e-05,6.36717976e-05,8.48957301e-05
0.00000000e+00,2.50000000e-05,5.00000000e-05,7.50000000e-05,1.00000000e-04
0.00000000e+00,2.32624616e-05,4.65249227e-05,6.97873823e-05,9.30498430e-05
0.00000000e+00,2.50000000e-05,5.00000000e-05,7.50000000e-05,1.00000000e-04
0.00000000e+00,2.50000000e-05,5.00000000e-05,7.50000000e-05,1.00000000e-04
0.00000000e+00,0.00000000e+00,0.00000000e+00,0.00000000e+00,0.00000000e+00
0.00000000e+00,4.11498726e-06,8.22996486e-06,1.23449362e-05,1.64599149e-05
0.00000000e+00,0.00000000e+00,0.00000000e+00,0.00000000e+00,0.00000000e+00
0.00000000e+00,0.00000000e+00,0.00000000e+00,0.00000000e+00,0.00000000e+00
0.00000000e+00,1.89494235e-06,3.78987934e-06,5.68481294e-06,7.57975059e-06
0.00000000e+00,3.95354204e-06,7.90707592e-06,1.18606043e-05,1.58141390e-05
0.00000000e+00,4.04187480e-06,8.08374293e-06,1.21256074e-05,1.61674766e-05
0.00000000e+00,8.26131205e-06,1.65226060e-05,2.47838875e-05,3.30451833e-05
0.00000000e+00,6.17443826e-06,1.23488666e-05,1.85232884e-05,2.46977178e-05
0.00000000e+00,8.21563309e-06,1.64312501e-05,2.46468554e-05,3.28624739e-05
0.00000000e+00,8.24083814e-06,1.64816606e-05,2.47224731e-05,3.29632975e-05
0.00000000e+00,1.25000155e-05,2.50000141e-05,3.75000000e-05,5.00000000e-05
0.00000000e+00,1.03753108e-05,2.07506042e-05,3.11258850e-05,4.15011800e-05
0.00000000e+00,1.25000182e-05,2.50000166e-05,3.75000000e-05,5.00000000e-05
0.00000000e+00,1.25000146e-05,2.50000130e-05,3.75000000e-05,5.00000000e-05
0.00000000e+00,1.67387157e-05,3.34774194e-05,5.02161125e-05,6.69548167e-05
0.00000000e+00,1.46247199e-05,2.92494238e-05,4.38741150e-05,5.84988200e-05
0.00000000e+00,1.67843960e-05,3.35687765e-05,5.03531446e-05,6.71375261e-05
0.00000000e+00,1.67591840e-05,3.35183594e-05,5.02775269e-05,6.70367025e-05
0.00000000e+00,2.08850241e-05,4.17700454e-05,6.26550638e-05,8.35400851e-05
0.00000000e+00,1.88255799e-05,3.76511499e-05,5.64767116e-05,7.53022822e-05
0.00000000e+00,2.10464696e-05,4.20929349e-05,6.31393957e-05,8.41858610e-05
0.00000000e+00,2.09581321e-05,4.19162633e-05,6.28743926e-05,8.38325234e-05
0.00000000e+00,2.50000000e-05,5.00000000e-05,7.50000000e-05,1.00000000e-04
0.00000000e+00,2.31050638e-05,4.62101263e-05,6.93151871e-05,9.24202494e-05
0.00000000e+00,2.50000000e-05,5.00000000e-05,7.50000000e-05,1.00000000e-04
0.00000000e+00,2.50000000e-05,5.00000000e-05,7.50000000e-05,1.00000000e-04
0.00000000e+00,0.00000000e+00,0.00000000e+00,0.00000000e+00,0.00000000e+00
0.00000000e+00,4.39561806e-06,8.79123056e-06,1.31868404e-05,1.75824539e-05
0.00000000e+00,0.00000000e+00,0.00000000e+00,0.00000000e+00,0.00000000e+00
0.00000000e+00,0.00000000e+00,0.00000000e+00,0.00000000e+00,0.00000000e+00
0.00000000e+00,2.43957354e-06,4.87914890e-06,7.31872710e-06,9.75830280e-06
0.00000000e+00,4.22094440e-06,8.44187885e-06,1.26628068e-05,1.68837424e-05
0.00000000e+00,4.39413839e-06,8.78827109e-06,1.31824018e-05,1.75765357e-05
0.00000000e+00,8.34230898e-06,1.66845998e-05,2.50268781e-05,3.33691708e-05
0.00000000e+00,6.34607999e-06,1.26921467e-05,1.90382054e-05,2.53842739e-05
0.00000000e+00,8.31379803e-06,1.66275782e-05,2.49413460e-05,3.32551280e-05
0.00000000e+00,8.34409249e-06,1.66881730e-05,2.50322475e-05,3.33763300e-05
0.00000000e+00,1.25000102e-05,2.50000081e-05,3.75000000e-05,5.00000000e-05
0.00000000e+00,1.04090315e-05,2.08180421e-05,3.12270398e-05,4.16360530e-05
0.00000000e+00,1.25000125e-05,2.50000107e-05,3.75000000e-05,5.00000000e-05
0.00000000e+00,1.25000149e-05,2.50000133e-05,3.75000000e-05,5.00000000e-05
0.00000000e+00,1.66577095e-05,3.33154168e-05,4.99731219e-05,6.66308292e-05
0.00000000e+00,1.45909949e-05,2.91819804e-05,4.37729602e-05,5.83639470e-05
0.00000000e+00,1.66862223e-05,3.33724402e-05,5.00586540e-05,6.67448720e-05
0.00000000e+00,1.66559262e-05,3.33118437e-05,4.99677525e-05,6.66236700e-05
0.00000000e+00,2.06043875e-05,4.12087740e-05,6.18131596e-05,8.24175461e-05
0.00000000e+00,1.86539353e-05,3.73078666e-05,5.59617946e-05,7.46157261e-05
0.00000000e+00,2.07790662e-05,4.15581306e-05,6.23371932e-05,8.31162576e-05
0.00000000e+00,2.06058672e-05,4.12117341e-05,6.18175982e-05,8.24234643e-05
0.00000000e+00,2.50000000e-05,5.00000000e-05,7.50000000e-05,1.00000000e-04
0.00000000e+00,2.25604235e-05,4.51208482e-05,6.76812729e-05,9.02416972e-05
0.00000000e+00,2.50000000e-05,5.00000000e-05,7.50000000e-05,1.00000000e-04
0.00000000e+00,2.50000000e-05,5.00000000e-05,7.50000000e-05,1.00000000e-04
0.00000000e+00,0.00000000e+00,0.00000000e+00,0.00000000e+00,0.00000000e+00
0.00000000e+00,3.61621934e-06,7.23242920e-06,1.08486321e-05,1.44648428e-05
0.00000000e+00,0.00000000e+00,0.00000000e+00,0.00000000e+00,0.00000000e+00
0.00000000e+00,0.00000000e+00,0.00000000e+00,0.00000000e+00,0.00000000e+00
0.00000000e+00,1.63591750e-06,3.27182827e-06,4.90773448e-06,6.54364597e-06
0.00000000e+00,3.57075747e-06,7.14150838e-06,1.07122560e-05,1.42830081e-05
0.00000000e+00,3.63740607e-06,7.27480386e-06,1.09121944e-05,1.45495925e-05
0.00000000e+00,8.01653451e-06,1.60330455e-05,2.40495419e-05,3.20660559e-05
0.00000000e+00,5.78159610e-06,1.15631799e-05,1.73447549e-05,2.31263398e-05
0.00000000e+00,7.97264313e-06,1.59452657e-05,2.39178767e-05,3.18905023e-05
0.00000000e+00,8.03502975e-06,1.60700438e-05,2.41050462e-05,3.21400616e-05
0.00000000e+00,1.25000076e-05,2.50000061e-05,3.75000000e-05,5.00000000e-05
0.00000000e+00,1.02573653e-05,2.05147198e-05,3.07720675e-05,4.10294233e-05
0.00000000e+00,1.25000104e-05,2.50000094e-05,3.75000000e-05,5.00000000e-05
0.00000000e+00,1.25000059e-05,2.50000049e-05,3.75000000e-05,5.00000000e-05
0.00000000e+00,1.69834901e-05,3.39669748e-05,5.09504581e-05,6.79339441e-05
0.00000000e+00,1.47426448e-05,2.94852880e-05,4.42279325e-05,5.89705767e-05
0.00000000e+00,1.70273797e-05,3.40547535e-05,5.10821233e-05,6.81094977e-05
0.00000000e+00,1.69649876e-05,3.39299707e-05,5.08949538e-05,6.78599384e-05
0.00000000e+00,2.13837847e-05,4.27675738e-05,6.41513679e-05,8.55351572e-05
0.00000000e+00,1.92184123e-05,3.84368265e-05,5.76552451e-05,7.68736602e-05
0.00000000e+00,2.14292411e-05,4.28584898e-05,6.42877440e-05,8.57169919e-05
0.00000000e+00,2.13626016e-05,4.27252027e-05,6.40878056e-05,8.54504075e-05
0.00000000e+00,2.50000000e-05,5.00000000e-05,7.50000000e-05,1.00000000e-04
0.00000000e+00,2.33640840e-05,4.67281727e-05,7.00922655e-05,9.34563540e-05
0.00000000e+00,2.50000000e-05,5.00000000e-05,7.50000000e-05,1.00000000e-04
0.00000000e+00,2.50000000e-05,5.00000000e-05,7.50000000e-05,1.00000000e-04
0.00000000e+00,0.00000000e+00,0.00000000e+00,0.00000000e+00,0.00000000e+00
0.00000000e+00,3.75719340e-06,7.51438722e-06,1.12715792e-05,1.50287723e-05
0.00000000e+00,0.00000000e+00,0.00000000e+00,0.00000000e+00,0.00000000e+00
0.00000000e+00,0.00000000e+00,0.00000000e+00,0.00000000e+00,0.00000000e+00
0.00000000e+00,1.70053443e-06,3.40106839e-06,5.10160139e-06,6.80213519e-06
0.00000000e+00,3.67509457e-06,7.35018499e-06,1.10252713e-05,1.47003617e-05
0.00000000e+00,3.77607346e-06,7.55214071e-06,1.13282024e-05,1.51042699e-05
0.00000000e+00,8.11992719e-06,1.62398534e-05,2.43597777e-05,3.24797036e-05
0.00000000e+00,5.93477662e-06,1.18695499e-05,1.78043186e-05,2.37390915e-05
0.00000000e+00,8.06599637e-06,1.61319812e-05,2.41979581e-05,3.22639441e-05
0.00000000e+00,8.12951631e-06,1.62590202e-05,2.43885140e-05,3.25180187e-05
0.00000000e+00,1.25000160e-05,2.50000143e-05,3.75000000e-05,5.00000000e-05
0.00000000e+00,1.03119659e-05,2.06239173e-05,3.09358569e-05,4.12478093e-05
0.00000000e+00,1.25000114e-05,2.50000098e-05,3.75000000e-05,5.00000000e-05
0.00000000e+00,1.25000117e-05,2.50000104e-05,3.75000000e-05,5.00000000e-05
0.00000000e+00,1.68800773e-05,3.37601499e-05,5.06402223e-05,6.75202964e-05
0.00000000e+00,1.46880624e-05,2.93761081e-05,4.40641431e-05,5.87521907e-05
0.00000000e+00,1.69340194e-05,3.38680317e-05,5.08020419e-05,6.77360559e-05
0.00000000e+00,1.68705007e-05,3.37409950e-05,5.06114860e-05,6.74819813e-05
0.00000000e+00,2.12428017e-05,4.24856084e-05,6.37284208e-05,8.49712277e-05
0.00000000e+00,1.90652254e-05,3.81304519e-05,5.71956814e-05,7.62609085e-05
0.00000000e+00,2.13249037e-05,4.26498132e-05,6.39747287e-05,8.52996383e-05
0.00000000e+00,2.12239342e-05,4.24478663e-05,6.36717976e-05,8.48957301e-05
0.00000000e+00,2.50000000e-05,5.00000000e-05,7.50000000e-05,1.00000000e-04
0.00000000e+00,2.32994639e-05,4.65989302e-05,6.98983986e-05,9.31978648e-05
0.00000000e+00,2.50000000e-05,5.00000000e-05,7.50000000e-05,1.00000000e-04
0.00000000e+00,2.50000000e-05,5.00000000e-05,7.50000000e-05,1.00000000e-04
0.00000000e+00,0.00000000e+00,0.00000000e+00,0.00000000e+00,0.00000000e+00
0.00000000e+00,4.05558137e-06,8.11114984e-06,1.21667070e-05,1.62222761e-05
0.00000000e+00,0.00000000e+00,0.00000000e+00,0.00000000e+00,0.00000000e+00
0.00000000e+00,0.00000000e+00,0.00000000e+00,0.00000000e+00,0.00000000e+00
0.00000000e+00,1.84060433e-06,3.68120297e-06,5.52179650e-06,7.36239534e-06
0.00000000e+00,3.88198526e-06,7.76396395e-06,1.16459356e-05,1.55279141e-05
0.00000000e+00,4.04187656e-06,8.08374508e-06,1.21256074e-05,1.61674766e-05
0.00000000e+00,8.23926999e-06,1.64785212e-05,2.47177552e-05,3.29570070e-05
0.00000000e+00,6.13889303e-06,1.22777697e-05,1.84166317e-05,2.45555090e-05
0.00000000e+00,8.18371642e-06,1.63674244e-05,2.45511233e-05,3.27348311e-05
0.00000000e+00,8.24083774e-06,1.64816609e-05,2.47224731e-05,3.29632975e-05
0.00000000e+00,1.25000092e-05,2.50000082e-05,3.75000000e-05,5.00000000e-05
0.00000000e+00,1.03662577e-05,2.07325022e-05,3.10987355e-05,4.14649807e-05
0.00000000e+00,1.25000133e-05,2.50000120e-05,3.75000000e-05,5.00000000e-05
0.00000000e+00,1.25000123e-05,2.50000111e-05,3.75000000e-05,5.00000000e-05
0.00000000e+00,1.67607641e-05,3.35215106e-05,5.02822448e-05,6.70429930e-05
0.00000000e+00,1.46337659e-05,2.92675194e-05,4.39012645e-05,5.85350193e-05
0.00000000e+00,1.68163045e-05,3.36325950e-05,5.04488767e-05,6.72651689e-05
0.00000000e+00,1.67591833e-05,3.35183580e-05,5.02775269e-05,6.70367025e-05
0.00000000e+00,2.09444286e-05,4.18888591e-05,6.28332930e-05,8.37777239e-05
0.00000000e+00,1.88611294e-05,3.77222509e-05,5.65833683e-05,7.54444910e-05
0.00000000e+00,2.11180195e-05,4.22360404e-05,6.33540644e-05,8.44720859e-05
0.00000000e+00,2.09581316e-05,4.19162623e-05,6.28743926e-05,8.38325234e-05
0.00000000e+00,2.50000000e-05,5.00000000e-05,7.50000000e-05,1.00000000e-04
0.00000000e+00,2.31593964e-05,4.63187977e-05,6.94782035e-05,9.26376047e-05
0.00000000e+00,2.50000000e-05,5.00000000e-05,7.50000000e-05,1.00000000e-04
0.00000000e+00,2.50000000e-05,5.00000000e-05,7.50000000e-05,1.00000000e-04
0.00000000e+00,0.00000000e+00,0.00000000e+00,0.00000000e+00,0.00000000e+00
0.00000000e+00,4.40706259e-06,8.81411777e-06,1.32211684e-05,1.76282245e-05
0.00000000e+00,0.00000000e+00,0.00000000e+00,0.00000000e+00,0.00000000e+00
0.00000000e+00,0.00000000e+00,0.00000000e+00,0.00000000e+00,0.00000000e+00
0.00000000e+00,2.41948821e-06,4.83897214e-06,7.25845349e-06,9.67793799e-06
0.00000000e+00,4.18441288e-06,8.36881626e-06,1.25532124e-05,1.67376166e-05
0.00000000e+00,4.39413838e-06,8.78827185e-06,1.31824018e-05,1.75765357e-05
0.00000000e+00,8.34094593e-06,1.66818732e-05,2.50227851e-05,3.33637135e-05
0.00000000e+00,6.35078749e-06,1.27015596e-05,1.90523190e-05,2.54030919e-05
0.00000000e+00,8.30556464e-06,1.66111096e-05,2.49166373e-05,3.32221830e-05
0.00000000e+00,8.34409568e-06,1.66881769e-05,2.50322475e-05,3.33763300e-05
0.00000000e+00,1.25000068e-05,2.50000046e-05,3.75000000e-05,5.00000000e-05
0.00000000e+00,1.04079221e-05,2.08158310e-05,3.12237307e-05,4.16316410e-05
0.00000000e+00,1.25000077e-05,2.50000059e-05,3.75000000e-05,5.00000000e-05
0.00000000e+00,1.25000075e-05,2.50000066e-05,3.75000000e-05,5.00000000e-05
0.00000000e+00,1.66590613e-05,3.33181326e-05,4.99772149e-05,6.66362865e-05
0.00000000e+00,1.45920889e-05,2.91841773e-05,4.37762693e-05,5.83683590e-05
0.00000000e+00,1.66944563e-05,3.33889096e-05,5.00833627e-05,6.67778170e-05
0.00000000e+00,1.66559245e-05,3.33118411e-05,4.99677525e-05,6.66236700e-05
0.00000000e+00,2.05929316e-05,4.11858754e-05,6.17788316e-05,8.23717755e-05
0.00000000e+00,1.86492181e-05,3.72984448e-05,5.59476810e-05,7.45969081e-05
0.00000000e+00,2.08155869e-05,4.16311826e-05,6.24467876e-05,8.32623834e-05
0.00000000e+00,2.06058676e-05,4.12117333e-05,6.18175982e-05,8.24234643e-05
0.00000000e+00,2.50000000e-05,5.00000000e-05,7.50000000e-05,1.00000000e-04
0.00000000e+00,2.25805097e-05,4.51610250e-05,6.77415465e-05,9.03220620e-05
0.00000000e+00,2.50000000e-05,5.00000000e-05,7.50000000e-05,1.00000000e-04
0.00000000e+00,2.50000000e-05,5.00000000e-05,7.50000000e-05,1.00000000e-04
0.00000000e+00,0.00000000e+00,0.00000000e+00,0.00000000e+00,0.00000000e+00
0.00000000e+00,3.59643338e-06,7.19286442e-06,1.07892932e-05,1.43857243e-05
0.00000000e+00,0.00000000e+00,0.00000000e+00,0.00000000e+00,0.00000000e+00
0.00000000e+00,0.00000000e+00,0.00000000e+00,0.00000000e+00,0.00000000e+00
0.00000000e+00,1.62806427e-06,3.25612716e-06,4.88418917e-06,6.51225222e-06
0.00000000e+00,3.55378489e-06,7.10756616e-06,1.06613448e-05,1.42151264e-05
0.00000000e+00,3.59833073e-06,7.19665662e-06,1.07949784e-05,1.43933045e-05
0.00000000e+00,7.99818806e-06,1.59963704e-05,2.39945483e-05,3.19927311e-05
0.00000000e+00,5.75792236e-06,1.15158363e-05,1.72737442e-05,2.30316589e-05
0.00000000e+00,7.95447990e-06,1.59089497e-05,2.38634128e-05,3.18178837e-05
0.00000000e+00,7.99933013e-06,1.59986464e-05,2.39979534e-05,3.19972712e-05
0.00000000e+00,1.25000002e-05,2.49999999e-05,3.75000000e-05,5.00000000e-05
0.00000000e+00,1.02475649e-05,2.04951234e-05,3.07426778e-05,4.09902370e-05
0.00000000e+00,1.25000061e-05,2.50000053e-05,3.75000000e-05,5.00000000e-05
0.00000000e+00,1.25000091e-05,2.50000080e-05,3.75000000e-05,5.00000000e-05
0.00000000e+00,1.70018305e-05,3.40036459e-05,5.10054517e-05,6.80072689e-05
0.00000000e+00,1.47524436e-05,2.95048834e-05,4.42573222e-05,5.90097630e-05
0.00000000e+00,1.70455407e-05,3.40910683e-05,5.11365872e-05,6.81821163e-05
0.00000000e+00,1.70006910e-05,3.40013717e-05,5.10020466e-05,6.80027288e-05
0.00000000e+00,2.14035645e-05,4.28071332e-05,6.42107068e-05,8.56142757e-05
0.00000000e+00,1.92420917e-05,3.84841757e-05,5.77262558e-05,7.69683411e-05
0.00000000e+00,2.14462183e-05,4.28924365e-05,6.43386552e-05,8.57848736e-05
0.00000000e+00,2.14016736e-05,4.28033469e-05,6.42050216e-05,8.56066955e-05
0.00000000e+00,2.50000000e-05,5.00000000e-05,7.50000000e-05,1.00000000e-04
0.00000000e+00,2.33719348e-05,4.67438720e-05,7.01158108e-05,9.34877478e-05
0.00000000e+00,2.50000000e-05,5.00000000e-05,7.50000000e-05,1.00000000e-04
0.00000000e+00,2.50000000e-05,5.00000000e-05,7.50000000e-05,1.00000000e-04
0.00000000e+00,0.00000000e+00,0.00000000e+00,0.00000000e+00,0.00000000e+00
0.00000000e+00,3.73219647e-06,7.46438936e-06,1.11965780e-05,1.49287706e-05
0.00000000e+00,0.00000000e+00,0.00000000e+00,0.00000000e+00,0.00000000e+00
0.00000000e+00,0.00000000e+00,0.00000000e+00,0.00000000e+00,0.00000000e+00
0.00000000e+00,1.68892403e-06,3.37784563e-06,5.06676465e-06,6.75568620e-06
0.00000000e+00,3.65250800e-06,7.30501255e-06,1.09575134e-05,1.46100178e-05
0.00000000e+00,3.72816294e-06,7.45632222e-06,1.11844770e-05,1.49126361e-05
0.00000000e+00,8.10472079e-06,1.62094374e-05,2.43141490e-05,3.24188653e-05
0.00000000e+00,5.91097463e-06,1.18219479e-05,1.77329186e-05,2.36438914e-05
0.00000000e+00,8.04837166e-06,1.60967394e-05,2.41451032e-05,3.21934709e-05
0.00000000e+00,8.10005276e-06,1.62000992e-05,2.43001398e-05,3.24001864e-05
0.00000000e+00,1.25000157e-05,2.50000143e-05,3.75000000e-05,5.00000000e-05
0.00000000e+00,1.03043458e-05,2.06086822e-05,3.09130101e-05,4.12173467e-05
0.00000000e+00,1.25000098e-05,2.50000088e-05,3.75000000e-05,5.00000000e-05
0.00000000e+00,1.25000091e-05,2.50000081e-05,3.75000000e-05,5.00000000e-05
0.00000000e+00,1.68952960e-05,3.37905779e-05,5.06858510e-05,6.75811347e-05
0.00000000e+00,1.46956770e-05,2.93913386e-05,4.40869899e-05,5.87826533e-05
0.00000000e+00,1.69516427e-05,3.39032733e-05,5.08548968e-05,6.78065291e-05
0.00000000e+00,1.68999595e-05,3.37999116e-05,5.06998602e-05,6.75998136e-05
0.00000000e+00,2.12678063e-05,4.25356132e-05,6.38034220e-05,8.50712294e-05
0.00000000e+00,1.90890318e-05,3.81780577e-05,5.72670814e-05,7.63561086e-05
0.00000000e+00,2.13474911e-05,4.26949864e-05,6.40424866e-05,8.53899822e-05
0.00000000e+00,2.12718383e-05,4.25436788e-05,6.38155230e-05,8.50873639e-05
0.00000000e+00,2.50000000e-05,5.00000000e-05,7.50000000e-05,1.00000000e-04
0.00000000e+00,2.33110759e-05,4.66221543e-05,6.99332353e-05,9.32443138e-05
0.00000000e+00,2.50000000e-05,5.00000000e-05,7.50000000e-05,1.00000000e-04
0.00000000e+00,2.50000000e-05,5.00000000e-05,7.50000000e-05,1.00000000e-04
0.00000000e+00,0.00000000e+00,0.00000000e+00,0.00000000e+00,0.00000000e+00
0.00000000e+00,4.03293563e-06,8.06585639e-06,1.20987635e-05,1.61316846e-05
0.00000000e+00,0.00000000e+00,0.00000000e+00,0.00000000e+00,0.00000000e+00
0.00000000e+00,0.00000000e+00,0.00000000e+00,0.00000000e+00,0.00000000e+00
0.00000000e+00,1.82312276e-06,3.64623854e-06,5.46934769e-06,7.29246358e-06
0.00000000e+00,3.85641003e-06,7.71281036e-06,1.15692012e-05,1.54256017e-05
0.00000000e+00,4.00123131e-06,8.00245143e-06,1.20036612e-05,1.60048816e-05
0.00000000e+00,8.23092162e-06,1.64618211e-05,2.46926989e-05,3.29235986e-05
0.00000000e+00,6.12471022e-06,1.22494007e-05,1.83740722e-05,2.44987630e-05
0.00000000e+00,8.17152672e-06,1.63430397e-05,2.45145386e-05,3.26860515e-05
0.00000000e+00,8.22439144e-06,1.64487707e-05,2.46731378e-05,3.28975171e-05
0.00000000e+00,1.25000064e-05,2.50000061e-05,3.75000000e-05,5.00000000e-05
0.00000000e+00,1.03627839e-05,2.07255549e-05,3.10883131e-05,4.14510842e-05
0.00000000e+00,1.25000119e-05,2.50000111e-05,3.75000000e-05,5.00000000e-05
0.00000000e+00,1.25000122e-05,2.50000111e-05,3.75000000e-05,5.00000000e-05
0.00000000e+00,1.67691117e-05,3.35382106e-05,5.03073011e-05,6.70764014e-05
0.00000000e+00,1.46372377e-05,2.92744656e-05,4.39116869e-05,5.85489158e-05
0.00000000e+00,1.68284991e-05,3.36569846e-05,5.04854614e-05,6.73139485e-05
0.00000000e+00,1.67756249e-05,3.35512447e-05,5.03268622e-05,6.71024829e-05
0.00000000e+00,2.09670808e-05,4.19341585e-05,6.29012365e-05,8.38683154e-05
0.00000000e+00,1.88753135e-05,3.77506215e-05,5.66259278e-05,7.55012370e-05
0.00000000e+00,2.11436022e-05,4.22872009e-05,6.34307988e-05,8.45743983e-05
0.00000000e+00,2.09987793e-05,4.19975580e-05,6.29963388e-05,8.39951184e-05
0.00000000e+00,2.50000000e-05,5.00000000e-05,7.50000000e-05,1.00000000e-04
0.00000000e+00,2.31768836e-05,4.63537672e-05,6.95306523e-05,9.27075364e-05
0.00000000e+00,2.50000000e-05,5.00000000e-05,7.50000000e-05,1.00000000e-04
0.00000000e+00,2.50000000e-05,5.00000000e-05,7.50000000e-05,1.00000000e-04
0.00000000e+00,0.00000000e+00,0.00000000e+00,0.00000000e+00,0.00000000e+00
0.00000000e+00,4.41100201e-06,8.82199407e-06,1.32329769e-05,1.76439692e-05
0.00000000e+00,0.00000000e+00,0.00000000e+00,0.00000000e+00,0.00000000e+00
0.00000000e+00,0.00000000e+00,0.00000000e+00,0.00000000e+00,0.00000000e+00
0.00000000e+00,2.41059751e-06,4.82118867e-06,7.23177431e-06,9.64236574e-06
0.00000000e+00,4.16989208e-06,8.33977221e-06,1.25096416e-05,1.66795222e-05
0.00000000e+00,4.40053245e-06,8.80105489e-06,1.32015674e-05,1.76020899e-05
0.00000000e+00,8.34047763e-06,1.66809483e-05,2.50214100e-05,3.33618801e-05
0.00000000e+00,6.35333780e-06,1.27066680e-05,1.90599887e-05,2.54133183e-05
0.00000000e+00,8.30236793e-06,1.66047203e-05,2.49070567e-05,3.32094090e-05
0.00000000e+00,8.34355385e-06,1.66870952e-05,2.50306240e-05,3.33741654e-05
0.00000000e+00,1.25000078e-05,2.50000064e-05,3.75000000e-05,5.00000000e-05
0.00000000e+00,1.04073551e-05,2.08147009e-05,3.12220390e-05,4.16293853e-05
0.00000000e+00,1.25000062e-05,2.50000054e-05,3.75000000e-05,5.00000000e-05
0.00000000e+00,1.25000045e-05,2.50000040e-05,3.75000000e-05,5.00000000e-05
0.00000000e+00,1.66595076e-05,3.33190384e-05,4.99785900e-05,6.66381199e-05
0.00000000e+00,1.45926452e-05,2.91852985e-05,4.37779610e-05,5.83706147e-05
0.00000000e+00,1.66976408e-05,3.33952883e-05,5.00929433e-05,6.67905910e-05
0.00000000e+00,1.66564602e-05,3.33129176e-05,4.99693760e-05,6.66258346e-05
0.00000000e+00,2.05889933e-05,4.11780001e-05,6.17670231e-05,8.23560308e-05
0.00000000e+00,1.86466564e-05,3.72933264e-05,5.59400113e-05,7.45866817e-05
0.00000000e+00,2.08301156e-05,4.16602339e-05,6.24903584e-05,8.33204778e-05
0.00000000e+00,2.05994726e-05,4.11989493e-05,6.17984326e-05,8.23979101e-05
0.00000000e+00,2.50000000e-05,5.00000000e-05,7.50000000e-05,1.00000000e-04
0.00000000e+00,2.25894045e-05,4.51788120e-05,6.77682257e-05,9.03576343e-05
0.00000000e+00,2.50000000e-05,5.00000000e-05,7.50000000e-05,1.00000000e-04
0.00000000e+00,2.50000000e-05,5.00000000e-05,7.50000000e-05,1.00000000e-04
0.00000000e+00,0.00000000e+00,0.00000000e+00,0.00000000e+00,0.00000000e+00
0.00000000e+00,3.61621300e-06,7.23242318e-06,1.08486321e-05,1.44648428e-05
0.00000000e+00,0.00000000e+00,0.00000000e+00,0.00000000e+00,0.00000000e+00
0.00000000e+00,0.00000000e+00,0.00000000e+00,0.00000000e+00,0.00000000e+00
0.00000000e+00,1.63591182e-06,3.27182344e-06,4.90773448e-06,6.54364597e-06
0.00000000e+00,3.57075358e-06,7.14150617e-06,1.07122560e-05,1.42830081e-05
0.00000000e+00,3.59832886e-06,7.19665466e-06,1.07949784e-05,1.43933045e-05
0.00000000e+00,8.01651950e-06,1.60330330e-05,2.40495419e-05,3.20660559e-05
0.00000000e+00,5.78158947e-06,1.15631743e-05,1.73447549e-05,2.31263398e-05
0.00000000e+00,7.97263362e-06,1.59452590e-05,2.39178767e-05,3.18905023e-05
0.00000000e+00,7.99932315e-06,1.59986405e-05,2.39979534e-05,3.19972712e-05
0.00000000e+00,1.24999981e-05,2.49999975e-05,3.75000000e-05,5.00000000e-05
0.00000000e+00,1.02573611e-05,2.05147166e-05,3.07720675e-05,4.10294233e-05
0.00000000e+00,1.25000027e-05,2.50000019e-05,3.75000000e-05,5.00000000e-05
0.00000000e+00,1.25000035e-05,2.50000028e-05,3.75000000e-05,5.00000000e-05
0.00000000e+00,1.69834874e-05,3.39669715e-05,5.09504581e-05,6.79339441e-05
0.00000000e+00,1.47426486e-05,2.94852912e-05,4.42279325e-05,5.89705767e-05
0.00000000e+00,1.70273787e-05,3.40547503e-05,5.10821233e-05,6.81094977e-05
0.00000000e+00,1.70006878e-05,3.40013685e-05,5.10020466e-05,6.80027288e-05
0.00000000e+00,2.13837815e-05,4.27675708e-05,6.41513679e-05,8.55351572e-05
0.00000000e+00,1.92184141e-05,3.84368277e-05,5.76552451e-05,7.68736602e-05
0.00000000e+00,2.14292465e-05,4.28584932e-05,6.42877440e-05,8.57169919e-05
0.00000000e+00,2.14016706e-05,4.28033444e-05,6.42050216e-05,8.56066955e-05
0.00000000e+00,2.50000000e-05,5.00000000e-05,7.50000000e-05,1.00000000e-04
0.00000000e+00,2.33640850e-05,4.67281729e-05,7.00922655e-05,9.34563540e-05
0.00000000e+00,2.50000000e-05,5.00000000e-05,7.50000000e-05,1.00000000e-04
0.00000000e+00,2.50000000e-05,5.00000000e-05,7.50000000e-05,1.00000000e-04
0.00000000e+00,0.00000000e+00,0.00000000e+00,0.00000000e+00,0.00000000e+00
0.00000000e+00,3.75719844e-06,7.51439112e-06,1.12715792e-05,1.50287723e-05
0.00000000e+00,0.00000000e+00,0.00000000e+00,0.00000000e+00,0.00000000e+00
0.00000000e+00,0.00000000e+00,0.00000000e+00,0.00000000e+00,0.00000000e+00
0.00000000e+00,1.70053757e-06,3.40107120e-06,5.10160139e-06,6.80213519e-06
0.00000000e+00,3.67509373e-06,7.35018358e-06,1.10252713e-05,1.47003617e-05
0.00000000e+00,3.72816366e-06,7.45632258e-06,1.11844770e-05,1.49126361e-05
0.00000000e+00,8.11993276e-06,1.62398583e-05,2.43597777e-05,3.24797036e-05
0.00000000e+00,5.93477840e-06,1.18695511e-05,1.78043186e-05,2.37390915e-05
0.00000000e+00,8.06599099e-06,1.61319767e-05,2.41979581e-05,3.22639441e-05
0.00000000e+00,8.10005596e-06,1.62001022e-05,2.43001398e-05,3.24001864e-05
0.00000000e+00,1.25000101e-05,2.50000092e-05,3.75000000e-05,5.00000000e-05
0.00000000e+00,1.03119606e-05,2.06239125e-05,3.09358569e-05,4.12478093e-05
0.00000000e+00,1.25000029e-05,2.50000022e-05,3.75000000e-05,5.00000000e-05
0.00000000e+00,1.25000073e-05,2.50000065e-05,3.75000000e-05,5.00000000e-05
0.00000000e+00,1.68800767e-05,3.37601495e-05,5.06402223e-05,6.75202964e-05
0.00000000e+00,1.46880537e-05,2.93761002e-05,4.40641431e-05,5.87521907e-05
0.00000000e+00,1.69340156e-05,3.38680280e-05,5.08020419e-05,6.77360559e-05
0.00000000e+00,1.68999605e-05,3.37999124e-05,5.06998602e-05,6.75998136e-05
0.00000000e+00,2.12428065e-05,4.24856131e-05,6.37284208e-05,8.49712277e-05
0.00000000e+00,1.90652287e-05,3.81304550e-05,5.71956814e-05,7.62609085e-05
0.00000000e+00,2.13249075e-05,4.26498170e-05,6.39747287e-05,8.52996383e-05
0.00000000e+00,2.12718402e-05,4.25436806e-05,6.38155230e-05,8.50873639e-05
0.00000000e+00,2.50000000e-05,5.00000000e-05,7.50000000e-05,1.00000000e-04
0.00000000e+00,2.32994648e-05,4.65989308e-05,6.98983986e-05,9.31978648e-05
0.00000000e+00,2.50000000e-05,5.00000000e-05,7.50000000e-05,1.00000000e-04
0.00000000e+00,2.50000000e-05,5.00000000e-05,7.50000000e-05,1.00000000e-04
0.00000000e+00,0.00000000e+00,0.00000000e+00,0.00000000e+00,0.00000000e+00
0.00000000e+00,4.05558408e-06,8.11115287e-06,1.21667070e-05,1.62222761e-05
0.00000000e+00,0.00000000e+00,0.00000000e+00,0.00000000e+00,0.00000000e+00
0.00000000e+00,0.00000000e+00,0.00000000e+00,0.00000000e+00,0.00000000e+00
0.00000000e+00,1.84060713e-06,3.68120579e-06,5.52179650e-06,7.36239534e-06
0.00000000e+00,3.88198909e-06,7.76396735e-06,1.16459356e-05,1.55279141e-05
0.00000000e+00,4.00122944e-06,8.00244988e-06,1.20036612e-05,1.60048816e-05
0.00000000e+00,8.23926952e-06,1.64785208e-05,2.47177552e-05,3.29570070e-05
0.00000000e+00,6.13889234e-06,1.22777694e-05,1.84166317e-05,2.45555090e-05
0.00000000e+00,8.18372078e-06,1.63674281e-05,2.45511233e-05,3.27348311e-05
0.00000000e+00,8.22438970e-06,1.64487691e-05,2.46731378e-05,3.28975171e-05
0.00000000e+00,1.25000102e-05,2.50000095e-05,3.75000000e-05,5.00000000e-05
0.00000000e+00,1.03662581e-05,2.07325027e-05,3.10987355e-05,4.14649807e-05
0.00000000e+00,1.25000113e-05,2.50000105e-05,3.75000000e-05,5.00000000e-05
0.00000000e+00,1.25000089e-05,2.50000082e-05,3.75000000e-05,5.00000000e-05
0.00000000e+00,1.67607515e-05,3.35214988e-05,5.02822448e-05,6.70429930e-05
0.00000000e+00,1.46337605e-05,2.92675145e-05,4.39012645e-05,5.85350193e-05
0.00000000e+00,1.68162965e-05,3.36325876e-05,5.04488767e-05,6.72651689e-05
0.00000000e+00,1.67756267e-05,3.35512462e-05,5.03268622e-05,6.71024829e-05
0.00000000e+00,2.09444338e-05,4.18888634e-05,6.28332930e-05,8.37777239e-05
0.00000000e+00,1.88611255e-05,3.77222470e-05,5.65833683e-05,7.54444910e-05
0.00000000e+00,2.11180237e-05,4.22360443e-05,6.33540644e-05,8.44720859e-05
0.00000000e+00,2.09987815e-05,4.19975601e-05,6.29963388e-05,8.39951184e-05
0.00000000e+00,2.50000000e-05,5.00000000e-05,7.50000000e-05,1.00000000e-04
0.00000000e+00,2.31594037e-05,4.63188040e-05,6.94782035e-05,9.26376047e-05
0.00000000e+00,2.50000000e-05,5.00000000e-05,7.50000000e-05,1.00000000e-04
0.00000000e+00,2.50000000e-05,5.00000000e-05,7.50000000e-05,1.00000000e-04
0.00000000e+00,0.00000000e+00,0.00000000e+00,0.00000000e+00,0.00000000e+00
0.00000000e+00,4.40706646e-06,8.81412288e-06,1.32211684e-05,1.76282245e-05
0.00000000e+00,0.00000000e+00,0.00000000e+00,0.00000000e+00,0.00000000e+00
0.00000000e+00,0.00000000e+00,0.00000000e+00,0.00000000e+00,0.00000000e+00
0.00000000e+00,2.41949066e-06,4.83897534e-06,7.25845349e-06,9.67793799e-06
0.00000000e+00,4.18441651e-06,8.36882057e-06,1.25532124e-05,1.67376166e-05
0.00000000e+00,4.40053316e-06,8.80105624e-06,1.32015674e-05,1.76020899e-05
0.00000000e+00,8.34092984e-06,1.66818592e-05,2.50227851e-05,3.33637135e-05
0.00000000e+00,6.35077942e-06,1.27015535e-05,1.90523190e-05,2.54030919e-05
0.00000000e+00,8.30555552e-06,1.66111015e-05,2.49166373e-05,3.32221830e-05
0.00000000e+00,8.34355189e-06,1.66870936e-05,2.50306240e-05,3.33741654e-05
0.00000000e+00,1.24999997e-05,2.49999991e-05,3.75000000e-05,5.00000000e-05
0.00000000e+00,1.04079134e-05,2.08158238e-05,3.12237307e-05,4.16316410e-05
0.00000000e+00,1.25000051e-05,2.50000044e-05,3.75000000e-05,5.00000000e-05
0.00000000e+00,1.25000024e-05,2.50000021e-05,3.75000000e-05,5.00000000e-05
0.00000000e+00,1.66590662e-05,3.33181375e-05,4.99772149e-05,6.66362865e-05
0.00000000e+00,1.45920890e-05,2.91841781e-05,4.37762693e-05,5.83683590e-05
0.00000000e+00,1.66944528e-05,3.33889066e-05,5.00833627e-05,6.67778170e-05
0.00000000e+00,1.66564578e-05,3.33129155e-05,4.99693760e-05,6.66258346e-05
0.00000000e+00,2.05929445e-05,4.11858864e-05,6.17788316e-05,8.23717755e-05
0.00000000e+00,1.86492251e-05,3.72984509e-05,5.59476810e-05,7.45969081e-05
0.00000000e+00,2.08155990e-05,4.16311931e-05,6.24467876e-05,8.32623834e-05
0.00000000e+00,2.05994722e-05,4.11989485e-05,6.17984326e-05,8.23979101e-05
0.00000000e+00,2.50000000e-05,5.00000000e-05,7.50000000e-05,1.00000000e-04
0.00000000e+00,2.25805136e-05,4.51610279e-05,6.77415465e-05,9.03220620e-05
0.00000000e+00,2.50000000e-05,5.00000000e-05,7.50000000e-05,1.00000000e-04
0.00000000e+00,2.50000000e-05,5.00000000e-05,7.50000000e-05,1.00000000e-04
0.00000000e+00,0.00000000e+00,0.00000000e+00,0.00000000e+00,0.00000000e+00
0.00000000e+00,3.67779745e-06,7.35559127e-06,1.10333819e-05,1.47111758e-05
0.00000000e+00,0.00000000e+00,0.00000000e+00,0.00000000e+00,0.00000000e+00
0.00000000e+00,0.00000000e+00,0.00000000e+00,0.00000000e+00,0.00000000e+00
0.00000000e+00,1.66250775e-06,3.32501334e-06,4.98751628e-06,6.65002171e-06
0.00000000e+00,3.62555367e-06,7.25110441e-06,1.08766527e-05,1.45022036e-05
0.00000000e+00,3.63740318e-06,7.27480070e-06,1.09121944e-05,1.45495925e-05
0.00000000e+00,8.06828914e-06,1.61365691e-05,2.42048416e-05,3.22731221e-05
0.00000000e+00,5.85231915e-06,1.17046317e-05,1.75569385e-05,2.34092513e-05
0.00000000e+00,8.02580224e-06,1.60515835e-05,2.40773496e-05,3.21031328e-05
0.00000000e+00,8.03502407e-06,1.60700386e-05,2.41050462e-05,3.21400616e-05
0.00000000e+00,1.25000128e-05,2.50000123e-05,3.75000000e-05,5.00000000e-05
0.00000000e+00,1.02840815e-05,2.05681551e-05,3.08522223e-05,4.11362964e-05
0.00000000e+00,1.25000202e-05,2.50000207e-05,3.75000000e-05,5.00000000e-05
0.00000000e+00,1.25000091e-05,2.50000085e-05,3.75000000e-05,5.00000000e-05
0.00000000e+00,1.69317293e-05,3.38634461e-05,5.07951584e-05,6.77268779e-05
0.00000000e+00,1.47159351e-05,2.94318593e-05,4.41477777e-05,5.88637036e-05
0.00000000e+00,1.69742257e-05,3.39484416e-05,5.09226504e-05,6.78968672e-05
0.00000000e+00,1.69649905e-05,3.39299733e-05,5.08949538e-05,6.78599384e-05
0.00000000e+00,2.13222004e-05,4.26444054e-05,6.39666181e-05,8.52888242e-05
0.00000000e+00,1.91476893e-05,3.82953752e-05,5.74430615e-05,7.65907487e-05
0.00000000e+00,2.13744420e-05,4.27488913e-05,6.41233473e-05,8.54977964e-05
0.00000000e+00,2.13625987e-05,4.27252001e-05,6.40878056e-05,8.54504075e-05
0.00000000e+00,2.50000000e-05,5.00000000e-05,7.50000000e-05,1.00000000e-04
0.00000000e+00,2.33374927e-05,4.66749871e-05,7.00124837e-05,9.33499783e-05
0.00000000e+00,2.50000000e-05,5.00000000e-05,7.50000000e-05,1.00000000e-04
0.00000000e+00,2.50000000e-05,5.00000000e-05,7.50000000e-05,1.00000000e-04
0.00000000e+00,0.00000000e+00,0.00000000e+00,0.00000000e+00,0.00000000e+00
0.00000000e+00,3.83096405e-06,7.66191907e-06,1.14928650e-05,1.53238200e-05
0.00000000e+00,0.00000000e+00,0.00000000e+00,0.00000000e+00,0.00000000e+00
0.00000000e+00,0.00000000e+00,0.00000000e+00,0.00000000e+00,0.00000000e+00
0.00000000e+00,1.73754353e-06,3.47508285e-06,5.21261775e-06,6.95015700e-06
0.00000000e+00,3.74390499e-06,7.48780455e-06,1.12316986e-05,1.49755982e-05
0.00000000e+00,3.77607380e-06,7.55214107e-06,1.13282024e-05,1.51042699e-05
0.00000000e+00,8.16090539e-06,1.63218044e-05,2.44826963e-05,3.26435950e-05
0.00000000e+00,5.99986409e-06,1.19997211e-05,1.79995707e-05,2.39994275e-05
0.00000000e+00,8.11421809e-06,1.62284298e-05,2.43426351e-05,3.24568467e-05
0.00000000e+00,8.12951107e-06,1.62590155e-05,2.43885140e-05,3.25180187e-05
0.00000000e+00,1.25000104e-05,2.50000097e-05,3.75000000e-05,5.00000000e-05
0.00000000e+00,1.03317104e-05,2.06634100e-05,3.09951000e-05,4.13268000e-05
0.00000000e+00,1.25000116e-05,2.50000108e-05,3.75000000e-05,5.00000000e-05
0.00000000e+00,1.25000096e-05,2.50000087e-05,3.75000000e-05,5.00000000e-05
0.00000000e+00,1.68391103e-05,3.36782095e-05,5.05173037e-05,6.73564050e-05
0.00000000e+00,1.46683104e-05,2.93366088e-05,4.40049000e-05,5.86732000e-05
0.00000000e+00,1.68857986e-05,3.37715844e-05,5.06573649e-05,6.75431533e-05
0.00000000e+00,1.68705001e-05,3.37409940e-05,5.06114860e-05,6.74819813e-05
0.00000000e+00,2.11690460e-05,4.23380902e-05,6.35071350e-05,8.46761800e-05
0.00000000e+00,1.90001466e-05,3.80002884e-05,5.70004293e-05,7.60005725e-05
0.00000000e+00,2.12560984e-05,4.25121979e-05,6.37683014e-05,8.50244018e-05
0.00000000e+00,2.12239331e-05,4.24478650e-05,6.36717976e-05,8.48957301e-05
0.00000000e+00,2.50000000e-05,5.00000000e-05,7.50000000e-05,1.00000000e-04
0.00000000e+00,2.32624607e-05,4.65249210e-05,6.97873823e-05,9.30498430e-05
0.00000000e+00,2.50000000e-05,5.00000000e-05,7.50000000e-05,1.00000000e-04
0.00000000e+00,2.50000000e-05,5.00000000e-05,7.50000000e-05,1.00000000e-04
0.00000000e+00,0.00000000e+00,0.00000000e+00,0.00000000e+00,0.00000000e+00
0.00000000e+00,4.11499158e-06,8.22997058e-06,1.23449362e-05,1.64599149e-05
0.00000000e+00,0.00000000e+00,0.00000000e+00,0.00000000e+00,0.00000000e+00
0.00000000e+00,0.00000000e+00,0.00000000e+00,0.00000000e+00,0.00000000e+00
0.00000000e+00,1.89494459e-06,3.78988241e-06,5.68481294e-06,7.57975059e-06
0.00000000e+00,3.95354701e-06,7.90708184e-06,1.18606043e-05,1.58141390e-05
0.00000000e+00,4.04187759e-06,8.08374693e-06,1.21256074e-05,1.61674766e-05
0.00000000e+00,8.26131120e-06,1.65226064e-05,2.47838875e-05,3.30451833e-05
0.00000000e+00,6.17444082e-06,1.23488703e-05,1.85232884e-05,2.46977178e-05
0.00000000e+00,8.21563000e-06,1.64312482e-05,2.46468554e-05,3.28624739e-05
0.00000000e+00,8.24083545e-06,1.64816596e-05,2.47224731e-05,3.29632975e-05
0.00000000e+00,1.25000128e-05,2.50000118e-05,3.75000000e-05,5.00000000e-05
0.00000000e+00,1.03753073e-05,2.07506017e-05,3.11258850e-05,4.15011800e-05
0.00000000e+00,1.25000115e-05,2.50000108e-05,3.75000000e-05,5.00000000e-05
0.00000000e+00,1.25000096e-05,2.50000088e-05,3.75000000e-05,5.00000000e-05
0.00000000e+00,1.67387085e-05,3.34774112e-05,5.02161125e-05,6.69548167e-05
0.00000000e+00,1.46247139e-05,2.92494176e-05,4.38741150e-05,5.84988200e-05
0.00000000e+00,1.67843873e-05,3.35687671e-05,5.03531446e-05,6.71375261e-05
0.00000000e+00,1.67591813e-05,3.35183555e-05,5.02775269e-05,6.70367025e-05
0.00000000e+00,2.08850272e-05,4.17700468e-05,6.26550638e-05,8.35400851e-05
0.00000000e+00,1.88255740e-05,3.76511430e-05,5.64767116e-05,7.53022822e-05
0.00000000e+00,2.10464701e-05,4.20929340e-05,6.31393957e-05,8.41858610e-05
0.00000000e+00,2.09581309e-05,4.19162609e-05,6.28743926e-05,8.38325234e-05
0.00000000e+00,2.50000000e-05,5.00000000e-05,7.50000000e-05,1.00000000e-04
0.00000000e+00,2.31050684e-05,4.62101295e-05,6.93151871e-05,9.24202494e-05
0.00000000e+00,2.50000000e-05,5.00000000e-05,7.50000000e-05,1.00000000e-04
0.00000000e+00,2.50000000e-05,5.00000000e-05,7.50000000e-05,1.00000000e-04
0.00000000e+00,0.00000000e+00,0.00000000e+00,0.00000000e+00,0.00000000e+00
0.00000000e+00,4.39561700e-06,8.79123169e-06,1.31868404e-05,1.75824539e-05
0.00000000e+00,0.00000000e+00,0.00000000e+00,0.00000000e+00,0.00000000e+00
0.00000000e+00,0.00000000e+00,0.00000000e+00,0.00000000e+00,0.00000000e+00
0.00000000e+00,2.43957876e-06,4.87915523e-06,7.31872710e-06,9.75830280e-06
0.00000000e+00,4.22094393e-06,8.44188019e-06,1.26628068e-05,1.68837424e-05
0.00000000e+00,4.39414245e-06,8.78827734e-06,1.31824018e-05,1.75765357e-05
0.00000000e+00,8.34229452e-06,1.66845881e-05,2.50268781e-05,3.33691708e-05
0.00000000e+00,6.34607319e-06,1.26921425e-05,1.90382054e-05,2.53842739e-05
0.00000000e+00,8.31379082e-06,1.66275730e-05,2.49413460e-05,3.32551280e-05
0.00000000e+00,8.34409132e-06,1.66881741e-05,2.50322475e-05,3.33763300e-05
0.00000000e+00,1.25000000e-05,2.49999997e-05,3.75000000e-05,5.00000000e-05
0.00000000e+00,1.04090149e-05,2.08180283e-05,3.12270398e-05,4.16360530e-05
0.00000000e+00,1.25000068e-05,2.50000061e-05,3.75000000e-05,5.00000000e-05
0.00000000e+00,1.25000079e-05,2.50000071e-05,3.75000000e-05,5.00000000e-05
0.00000000e+00,1.66577235e-05,3.33154283e-05,4.99731219e-05,6.66308292e-05
0.00000000e+00,1.45909935e-05,2.91819791e-05,4.37729602e-05,5.83639470e-05
0.00000000e+00,1.66862286e-05,3.33724447e-05,5.00586540e-05,6.67448720e-05
0.00000000e+00,1.66559190e-05,3.33118352e-05,4.99677525e-05,6.66236700e-05
0.00000000e+00,2.06043910e-05,4.12087760e-05,6.18131596e-05,8.24175461e-05
0.00000000e+00,1.86539398e-05,3.73078692e-05,5.59617946e-05,7.46157261e-05
0.00000000e+00,2.07790706e-05,4.15581333e-05,6.23371932e-05,8.31162576e-05
0.00000000e+00,2.06058678e-05,4.12117321e-05,6.18175982e-05,8.24234643e-05
0.00000000e+00,2.50000000e-05,5.00000000e-05,7.50000000e-05,1.00000000e-04
0.00000000e+00,2.25604267e-05,4.51208499e-05,6.76812729e-05,9.02416972e-05
0.00000000e+00,2.50000000e-05,5.00000000e-05,7.50000000e-05,1.00000000e-04
0.00000000e+00,2.50000000e-05,5.00000000e-05,7.50000000e-05,1.00000000e-04
0.00000000e+00,0.00000000e+00,0.00000000e+00,0.00000000e+00,0.00000000e+00
0.00000000e+00,3.61621057e-06,7.23242173e-06,1.08486321e-05,1.44648428e-05
0.00000000e+00,0.00000000e+00,0.00000000e+00,0.00000000e+00,0.00000000e+00
0.00000000e+00,0.00000000e+00,0.00000000e+00,0.00000000e+00,0.00000000e+00
0.00000000e+00,1.63591313e-06,3.27182413e-06,4.90773448e-06,6.54364597e-06
0.00000000e+00,3.57075131e-06,7.14150277e-06,1.07122560e-05,1.42830081e-05
0.00000000e+00,3.63740077e-06,7.27479916e-06,1.09121944e-05,1.45495925e-05
0.00000000e+00,8.01651246e-06,1.60330264e-05,2.40495419e-05,3.20660559e-05
0.00000000e+00,5.78158855e-06,1.15631729e-05,1.73447549e-05,2.31263398e-05
0.00000000e+00,7.97262437e-06,1.59452482e-05,2.39178767e-05,3.18905023e-05
0.00000000e+00,8.03502092e-06,1.60700359e-05,2.41050462e-05,3.21400616e-05
0.00000000e+00,1.24999919e-05,2.49999921e-05,3.75000000e-05,5.00000000e-05
0.00000000e+00,1.02573566e-05,2.05147122e-05,3.07720675e-05,4.10294233e-05
0.00000000e+00,1.24999964e-05,2.49999958e-05,3.75000000e-05,5.00000000e-05
0.00000000e+00,1.25000065e-05,2.50000061e-05,3.75000000e-05,5.00000000e-05
0.00000000e+00,1.69834869e-05,3.39669711e-05,5.09504581e-05,6.79339441e-05
0.00000000e+00,1.47426453e-05,2.94852886e-05,4.42279325e-05,5.89705767e-05
0.00000000e+00,1.70273748e-05,3.40547484e-05,5.10821233e-05,6.81094977e-05
0.00000000e+00,1.69649926e-05,3.39299752e-05,5.08949538e-05,6.78599384e-05
0.00000000e+00,2.13837844e-05,4.27675733e-05,6.41513679e-05,8.55351572e-05
0.00000000e+00,1.92184176e-05,3.84368313e-05,5.76552451e-05,7.68736602e-05
0.00000000e+00,2.14292423e-05,4.28584910e-05,6.42877440e-05,8.57169919e-05
0.00000000e+00,2.13625990e-05,4.27251999e-05,6.40878056e-05,8.54504075e-05
0.00000000e+00,2.50000000e-05,5.00000000e-05,7.50000000e-05,1.00000000e-04
0.00000000e+00,2.33640847e-05,4.67281733e-05,7.00922655e-05,9.34563540e-05
0.00000000e+00,2.50000000e-05,5.00000000e-05,7.50000000e-05,1.00000000e-04
0.00000000e+00,2.50000000e-05,5.00000000e-05,7.50000000e-05,1.00000000e-04
0.00000000e+00,0.00000000e+00,0.00000000e+00,0.00000000e+00,0.00000000e+00
0.00000000e+00,3.75719836e-06,7.51439160e-06,1.12715792e-05,1.50287723e-05
0.00000000e+00,0.00000000e+00,0.00000000e+00,0.00000000e+00,0.00000000e+00
0.00000000e+00,0.00000000e+00,0.00000000e+00,0.00000000e+00,0.00000000e+00
0.00000000e+00,1.70053734e-06,3.40107126e-06,5.10160139e-06,6.80213519e-06
0.00000000e+00,3.67509298e-06,7.35018376e-06,1.10252713e-05,1.47003617e-05
0.00000000e+00,3.77607430e-06,7.55214182e-06,1.13282024e-05,1.51042699e-05
0.00000000e+00,8.11993785e-06,1.62398633e-05,2.43597777e-05,3.24797036e-05
0.00000000e+00,5.93478048e-06,1.18695535e-05,1.78043186e-05,2.37390915e-05
0.00000000e+00,8.06599074e-06,1.61319767e-05,2.41979581e-05,3.22639441e-05
0.00000000e+00,8.12951385e-06,1.62590182e-05,2.43885140e-05,3.25180187e-05
0.00000000e+00,1.25000146e-05,2.50000131e-05,3.75000000e-05,5.00000000e-05
0.00000000e+00,1.03119633e-05,2.06239149e-05,3.09358569e-05,4.12478093e-05
0.00000000e+00,1.25000026e-05,2.50000020e-05,3.75000000e-05,5.00000000e-05
0.00000000e+00,1.25000078e-05,2.50000070e-05,3.75000000e-05,5.00000000e-05
0.00000000e+00,1.68800778e-05,3.37601504e-05,5.06402223e-05,6.75202964e-05
0.00000000e+00,1.46880573e-05,2.93761034e-05,4.40641431e-05,5.87521907e-05
0.00000000e+00,1.69340146e-05,3.38680271e-05,5.08020419e-05,6.77360559e-05
0.00000000e+00,1.68705022e-05,3.37409959e-05,5.06114860e-05,6.74819813e-05
0.00000000e+00,2.12428061e-05,4.24856126e-05,6.37284208e-05,8.49712277e-05
0.00000000e+00,1.90652283e-05,3.81304542e-05,5.71956814e-05,7.62609085e-05
0.00000000e+00,2.13249078e-05,4.26498168e-05,6.39747287e-05,8.52996383e-05
0.00000000e+00,2.12239352e-05,4.24478666e-05,6.36717976e-05,8.48957301e-05
0.00000000e+00,2.50000000e-05,5.00000000e-05,7.50000000e-05,1.00000000e-04
0.00000000e+00,2.32994656e-05,4.65989314e-05,6.98983986e-05,9.31978648e-05
0.00000000e+00,2.50000000e-05,5.00000000e-05,7.50000000e-05,1.00000000e-04
0.00000000e+00,2.50000000e-05,5.00000000e-05,7.50000000e-05,1.00000000e-04
0.00000000e+00,0.00000000e+00,0.00000000e+00,0.00000000e+00,0.00000000e+00
0.00000000e+00,4.05557879e-06,8.11114803e-06,1.21667070e-05,1.62222761e-05
0.00000000e+00,0.00000000e+00,0.00000000e+00,0.00000000e+00,0.00000000e+00
0.00000000e+00,0.00000000e+00,0.00000000e+00,0.00000000e+00,0.00000000e+00
0.00000000e+00,1.84060371e-06,3.68120282e-06,5.52179650e-06,7.36239534e-06
0.00000000e+00,3.88198606e-06,7.76396479e-06,1.16459356e-05,1.55279141e-05
0.00000000e+00,4.04187706e-06,8.08374649e-06,1.21256074e-05,1.61674766e-05
0.00000000e+00,8.23926934e-06,1.64785196e-05,2.47177552e-05,3.29570070e-05
0.00000000e+00,6.13889015e-06,1.22777670e-05,1.84166317e-05,2.45555090e-05
0.00000000e+00,8.18372339e-06,1.63674300e-05,2.45511233e-05,3.27348311e-05
0.00000000e+00,8.24083496e-06,1.64816592e-05,2.47224731e-05,3.29632975e-05
0.00000000e+00,1.25000061e-05,2.50000053e-05,3.75000000e-05,5.00000000e-05
0.00000000e+00,1.03662570e-05,2.07325011e-05,3.10987355e-05,4.14649807e-05
0.00000000e+00,1.25000138e-05,2.50000123e-05,3.75000000e-05,5.00000000e-05
0.00000000e+00,1.25000093e-05,2.50000085e-05,3.75000000e-05,5.00000000e-05
0.00000000e+00,1.67607643e-05,3.35215096e-05,5.02822448e-05,6.70429930e-05
0.00000000e+00,1.46337658e-05,2.92675188e-05,4.39012645e-05,5.85350193e-05
0.00000000e+00,1.68163011e-05,3.36325913e-05,5.04488767e-05,6.72651689e-05
0.00000000e+00,1.67591854e-05,3.35183591e-05,5.02775269e-05,6.70367025e-05
0.00000000e+00,2.09444369e-05,4.18888660e-05,6.28332930e-05,8.37777239e-05
0.00000000e+00,1.88611303e-05,3.77222508e-05,5.65833683e-05,7.54444910e-05
0.00000000e+00,2.11180273e-05,4.22360472e-05,6.33540644e-05,8.44720859e-05
0.00000000e+00,2.09581346e-05,4.19162641e-05,6.28743926e-05,8.38325234e-05
0.00000000e+00,2.50000000e-05,5.00000000e-05,7.50000000e-05,1.00000000e-04
0.00000000e+00,2.31594044e-05,4.63188044e-05,6.94782035e-05,9.26376047e-05
0.00000000e+00,2.50000000e-05,5.00000000e-05,7.50000000e-05,1.00000000e-04
0.00000000e+00,2.50000000e-05,5.00000000e-05,7.50000000e-05,1.00000000e-04
0.00000000e+00,0.00000000e+00,0.00000000e+00,0.00000000e+00,0.00000000e+00
0.00000000e+00,4.40706724e-06,8.81412380e-06,1.32211684e-05,1.76282245e-05
0.00000000e+00,0.00000000e+00,0.00000000e+00,0.00000000e+00,0.00000000e+00
0.00000000e+00,0.00000000e+00,0.00000000e+00,0.00000000e+00,0.00000000e+00
0.00000000e+00,2.41948984e-06,4.83897496e-06,7.25845349e-06,9.67793799e-06
0.00000000e+00,4.18441492e-06,8.36881928e-06,1.25532124e-05,1.67376166e-05
0.00000000e+00,4.39414011e-06,8.78827518e-06,1.31824018e-05,1.75765357e-05
0.00000000e+00,8.34092607e-06,1.66818562e-05,2.50227851e-05,3.33637135e-05
0.00000000e+00,6.35077922e-06,1.27015532e-05,1.90523190e-05,2.54030919e-05
0.00000000e+00,8.30555355e-06,1.66110994e-05,2.49166373e-05,3.32221830e-05
0.00000000e+00,8.34409060e-06,1.66881734e-05,2.50322475e-05,3.33763300e-05
0.00000000e+00,1.24999758e-05,2.49999795e-05,3.75000000e-05,5.00000000e-05
0.00000000e+00,1.04078967e-05,2.08158098e-05,3.12237307e-05,4.16316410e-05
0.00000000e+00,1.24999878e-05,2.49999896e-05,3.75000000e-05,5.00000000e-05
0.00000000e+00,1.25000089e-05,2.50000082e-05,3.75000000e-05,5.00000000e-05
0.00000000e+00,1.66591067e-05,3.33181745e-05,4.99772149e-05,6.66362865e-05
0.00000000e+00,1.45921024e-05,2.91841915e-05,4.37762693e-05,5.83683590e-05
0.00000000e+00,1.66944833e-05,3.33889337e-05,5.00833627e-05,6.67778170e-05
0.00000000e+00,1.66559242e-05,3.33118399e-05,4.99677525e-05,6.66236700e-05
0.00000000e+00,2.05929401e-05,4.11858833e-05,6.17788316e-05,8.23717755e-05
0.00000000e+00,1.86492441e-05,3.72984687e-05,5.59476810e-05,7.45969081e-05
0.00000000e+00,2.08155959e-05,4.16311906e-05,6.24467876e-05,8.32623834e-05
0.00000000e+00,2.06058700e-05,4.12117338e-05,6.18175982e-05,8.24234643e-05
0.00000000e+00,2.50000000e-05,5.00000000e-05,7.50000000e-05,1.00000000e-04
0.00000000e+00,2.25805137e-05,4.51610289e-05,6.77415465e-05,9.03220620e-05
0.00000000e+00,2.50000000e-05,5.00000000e-05,7.50000000e-05,1.00000000e-04
0.00000000e+00,2.50000000e-05,5.00000000e-05,7.50000000e-05,1.00000000e-04
0.00000000e+00,0.00000000e+00,0.00000000e+00,0.00000000e+00,0.00000000e+00
0.00000000e+00,3.59644323e-06,7.19287317e-06,1.07892932e-05,1.43857243e-05
0.00000000e+00,0.00000000e+00,0.00000000e+00,0.00000000e+00,0.00000000e+00
0.00000000e+00,0.00000000e+00,0.00000000e+00,0.00000000e+00,0.00000000e+00
0.00000000e+00,1.62806677e-06,3.25612971e-06,4.88418917e-06,6.51225222e-06
0.00000000e+00,3.55378739e-06,7.10756846e-06,1.06613448e-05,1.42151264e-05
0.00000000e+00,3.59833050e-06,7.19665653e-06,1.07949784e-05,1.43933045e-05
0.00000000e+00,7.99820378e-06,1.59963849e-05,2.39945483e-05,3.19927311e-05
0.00000000e+00,5.75792775e-06,1.15158414e-05,1.72737442e-05,2.30316589e-05
0.00000000e+00,7.95448383e-06,1.59089529e-05,2.38634128e-05,3.18178837e-05
0.00000000e+00,7.99932614e-06,1.59986432e-05,2.39979534e-05,3.19972712e-05
0.00000000e+00,1.24999965e-05,2.49999980e-05,3.75000000e-05,5.00000000e-05
0.00000000e+00,1.02475655e-05,2.04951244e-05,3.07426778e-05,4.09902370e-05
0.00000000e+00,1.24999952e-05,2.49999958e-05,3.75000000e-05,5.00000000e-05
0.00000000e+00,1.25000019e-05,2.50000018e-05,3.75000000e-05,5.00000000e-05
0.00000000e+00,1.70018354e-05,3.40036506e-05,5.10054517e-05,6.80072689e-05
0.00000000e+00,1.47524431e-05,2.95048836e-05,4.42573222e-05,5.90097630e-05
0.00000000e+00,1.70455436e-05,3.40910705e-05,5.11365872e-05,6.81821163e-05
0.00000000e+00,1.70006911e-05,3.40013717e-05,5.10020466e-05,6.80027288e-05
0.00000000e+00,2.14035660e-05,4.28071349e-05,6.42107068e-05,8.56142757e-05
0.00000000e+00,1.92420904e-05,3.84841743e-05,5.77262558e-05,7.69683411e-05
0.00000000e+00,2.14462152e-05,4.28924335e-05,6.43386552e-05,8.57848736e-05
0.00000000e+00,2.14016701e-05,4.28033436e-05,6.42050216e-05,8.56066955e-05
0.00000000e+00,2.50000000e-05,5.00000000e-05,7.50000000e-05,1.00000000e-04
0.00000000e+00,2.33719358e-05,4.67438727e-05,7.01158108e-05,9.34877478e-05
0.00000000e+00,2.50000000e-05,5.00000000e-05,7.50000000e-05,1.00000000e-04
0.00000000e+00,2.50000000e-05,5.00000000e-05,7.50000000e-05,1.00000000e-04
0.00000000e+00,0.00000000e+00,0.00000000e+00,0.00000000e+00,0.00000000e+00
0.00000000e+00,3.73219578e-06,7.46438883e-06,1.11965780e-05,1.49287706e-05
0.00000000e+00,0.00000000e+00,0.00000000e+00,0.00000000e+00,0.00000000e+00
0.00000000e+00,0.00000000e+00,0.00000000e+00,0.00000000e+00,0.00000000e+00
0.00000000e+00,1.68892336e-06,3.37784513e-06,5.06676465e-06,6.75568620e-06
0.00000000e+00,3.65251255e-06,7.30501657e-06,1.09575134e-05,1.46100178e-05
0.00000000e+00,3.72816416e-06,7.45632314e-06,1.11844770e-05,1.49126361e-05
0.00000000e+00,8.10473011e-06,1.62094454e-05,2.43141490e-05,3.24188653e-05
0.00000000e+00,5.91098190e-06,1.18219542e-05,1.77329186e-05,2.36438914e-05
0.00000000e+00,8.04838374e-06,1.60967504e-05,2.41451032e-05,3.21934709e-05
0.00000000e+00,8.10005867e-06,1.62001044e-05,2.43001398e-05,3.24001864e-05
0.00000000e+00,1.25000206e-05,2.50000187e-05,3.75000000e-05,5.00000000e-05
0.00000000e+00,1.03043512e-05,2.06086867e-05,3.09130101e-05,4.12173467e-05
0.00000000e+00,1.25000085e-05,2.50000084e-05,3.75000000e-05,5.00000000e-05
0.00000000e+00,1.25000093e-05,2.50000083e-05,3.75000000e-05,5.00000000e-05
0.00000000e+00,1.68953003e-05,3.37905819e-05,5.06858510e-05,6.75811347e-05
0.00000000e+00,1.46956795e-05,2.93913412e-05,4.40869899e-05,5.87826533e-05
0.00000000e+00,1.69516480e-05,3.39032784e-05,5.08548968e-05,6.78065291e-05
0.00000000e+00,1.68999653e-05,3.37999168e-05,5.06998602e-05,6.75998136e-05
0.00000000e+00,2.12678026e-05,4.25356098e-05,6.38034220e-05,8.50712294e-05
0.00000000e+00,1.90890357e-05,3.81780616e-05,5.72670814e-05,7.63561086e-05
0.00000000e+00,2.13474935e-05,4.26949889e-05,6.40424866e-05,8.53899822e-05
0.00000000e+00,2.12718397e-05,4.25436800e-05,6.38155230e-05,8.50873639e-05
0.00000000e+00,2.50000000e-05,5.00000000e-05,7.50000000e-05,1.00000000e-04
0.00000000e+00,2.33110741e-05,4.66221527e-05,6.99332353e-05,9.32443138e-05
0.00000000e+00,2.50000000e-05,5.00000000e-05,7.50000000e-05,1.00000000e-04
0.00000000e+00,2.50000000e-05,5.00000000e-05,7.50000000e-05,1.00000000e-04
0.00000000e+00,0.00000000e+00,0.00000000e+00,0.00000000e+00,0.00000000e+00
0.00000000e+00,4.03292507e-06,8.06584614e-06,1.20987635e-05,1.61316846e-05
0.00000000e+00,0.00000000e+00,0.00000000e+00,0.00000000e+00,0.00000000e+00
0.00000000e+00,0.00000000e+00,0.00000000e+00,0.00000000e+00,0.00000000e+00
0.00000000e+00,1.82311744e-06,3.64623335e-06,5.46934769e-06,7.29246358e-06
0.00000000e+00,3.85640382e-06,7.71280436e-06,1.15692012e-05,1.54256017e-05
0.00000000e+00,4.00122645e-06,8.00244689e-06,1.20036612e-05,1.60048816e-05
0.00000000e+00,8.23091525e-06,1.64618120e-05,2.46926989e-05,3.29235986e-05
0.00000000e+00,6.12470291e-06,1.22493921e-05,1.83740722e-05,2.44987630e-05
0.00000000e+00,8.17152642e-06,1.63430373e-05,2.45145386e-05,3.26860515e-05
0.00000000e+00,8.22439021e-06,1.64487687e-05,2.46731378e-05,3.28975171e-05
0.00000000e+00,1.25000070e-05,2.50000058e-05,3.75000000e-05,5.00000000e-05
0.00000000e+00,1.03627795e-05,2.07255489e-05,3.10883131e-05,4.14510842e-05
0.00000000e+00,1.25000169e-05,2.50000149e-05,3.75000000e-05,5.00000000e-05
0.00000000e+00,1.25000095e-05,2.50000085e-05,3.75000000e-05,5.00000000e-05
0.00000000e+00,1.67691219e-05,3.35382193e-05,5.03073011e-05,6.70764014e-05
0.00000000e+00,1.46372408e-05,2.92744679e-05,4.39116869e-05,5.85489158e-05
0.00000000e+00,1.68285033e-05,3.36569881e-05,5.04854614e-05,6.73139485e-05
0.00000000e+00,1.67756361e-05,3.35512543e-05,5.03268622e-05,6.71024829e-05
0.00000000e+00,2.09670782e-05,4.19341558e-05,6.29012365e-05,8.38683154e-05
0.00000000e+00,1.88753253e-05,3.77506321e-05,5.66259278e-05,7.55012370e-05
0.00000000e+00,2.11435977e-05,4.22871966e-05,6.34307988e-05,8.45743983e-05
0.00000000e+00,2.09987803e-05,4.19975585e-05,6.29963388e-05,8.39951184e-05
0.00000000e+00,2.50000000e-05,5.00000000e-05,7.50000000e-05,1.00000000e-04
0.00000000e+00,2.31768834e-05,4.63537670e-05,6.95306523e-05,9.27075364e-05
0.00000000e+00,2.50000000e-05,5.00000000e-05,7.50000000e-05,1.00000000e-04
0.00000000e+00,2.50000000e-05,5.00000000e-05,7.50000000e-05,1.00000000e-04
0.00000000e+00,0.00000000e+00,0.00000000e+00,0.00000000e+00,0.00000000e+00
0.00000000e+00,4.41099594e-06,8.82198936e-06,1.32329769e-05,1.76439692e-05
0.00000000e+00,0.00000000e+00,0.00000000e+00,0.00000000e+00,0.00000000e+00
0.00000000e+00,0.00000000e+00,0.00000000e+00,0.00000000e+00,0.00000000e+00
0.00000000e+00,2.41059365e-06,4.82118569e-06,7.23177431e-06,9.64236574e-06
0.00000000e+00,4.16988412e-06,8.33976521e-06,1.25096416e-05,1.66795222e-05
0.00000000e+00,4.40052690e-06,8.80105027e-06,1.32015674e-05,1.76020899e-05
0.00000000e+00,8.34047502e-06,1.66809458e-05,2.50214100e-05,3.33618801e-05
0.00000000e+00,6.35333675e-06,1.27066671e-05,1.90599887e-05,2.54133183e-05
0.00000000e+00,8.30236421e-06,1.66047152e-05,2.49070567e-05,3.32094090e-05
0.00000000e+00,8.34354673e-06,1.66870885e-05,2.50306240e-05,3.33741654e-05
0.00000000e+00,1.24999771e-05,2.49999820e-05,3.75000000e-05,5.00000000e-05
0.00000000e+00,1.04073395e-05,2.08146884e-05,3.12220390e-05,4.16293853e-05
0.00000000e+00,1.24999911e-05,2.49999931e-05,3.75000000e-05,5.00000000e-05
0.00000000e+00,1.24999974e-05,2.49999986e-05,3.75000000e-05,5.00000000e-05
0.00000000e+00,1.66595721e-05,3.33190980e-05,4.99785900e-05,6.66381199e-05
0.00000000e+00,1.45926658e-05,2.91853193e-05,4.37779610e-05,5.83706147e-05
0.00000000e+00,1.66976804e-05,3.33953246e-05,5.00929433e-05,6.67905910e-05
0.00000000e+00,1.66564715e-05,3.33129283e-05,4.99693760e-05,6.66258346e-05
0.00000000e+00,2.05890172e-05,4.11780235e-05,6.17670231e-05,8.23560308e-05
0.00000000e+00,1.86467006e-05,3.72933677e-05,5.59400113e-05,7.45866817e-05
0.00000000e+00,2.08301228e-05,4.16602411e-05,6.24903584e-05,8.33204778e-05
0.00000000e+00,2.05994868e-05,4.11989621e-05,6.17984326e-05,8.23979101e-05
0.00000000e+00,2.50000000e-05,5.00000000e-05,7.50000000e-05,1.00000000e-04
0.00000000e+00,2.25894079e-05,4.51788158e-05,6.77682257e-05,9.03576343e-05
0.00000000e+00,2.50000000e-05,5.00000000e-05,7.50000000e-05,1.00000000e-04
0.00000000e+00,2.50000000e-05,5.00000000e-05,7.50000000e-05,1.00000000e-04
0.00000000e+00,0.00000000e+00,0.00000000e+00,0.00000000e+00,0.00000000e+00
0.00000000e+00,3.61621769e-06,7.23242747e-06,1.08486321e-05,1.44648428e-05
0.00000000e+00,0.00000000e+00,0.00000000e+00,0.00000000e+00,0.00000000e+00
0.00000000e+00,0.00000000e+00,0.00000000e+00,0.00000000e+00,0.00000000e+00
0.00000000e+00,1.63591661e-06,3.27182767e-06,4.90773448e-06,6.54364597e-06
0.00000000e+00,3.57075487e-06,7.14150685e-06,1.07122560e-05,1.42830081e-05
0.00000000e+00,3.59833488e-06,7.19666001e-06,1.07949784e-05,1.43933045e-05
0.00000000e+00,8.01652954e-06,1.60330419e-05,2.40495419e-05,3.20660559e-05
0.00000000e+00,5.78159666e-06,1.15631805e-05,1.73447549e-05,2.31263398e-05
0.00000000e+00,7.97263593e-06,1.59452603e-05,2.39178767e-05,3.18905023e-05
0.00000000e+00,7.99933357e-06,1.59986497e-05,2.39979534e-05,3.19972712e-05
0.00000000e+00,1.24999988e-05,2.49999992e-05,3.75000000e-05,5.00000000e-05
0.00000000e+00,1.02573627e-05,2.05147178e-05,3.07720675e-05,4.10294233e-05
0.00000000e+00,1.24999983e-05,2.49999986e-05,3.75000000e-05,5.00000000e-05
0.00000000e+00,1.25000023e-05,2.50000025e-05,3.75000000e-05,5.00000000e-05
0.00000000e+00,1.69834921e-05,3.39669766e-05,5.09504581e-05,6.79339441e-05
0.00000000e+00,1.47426454e-05,2.94852890e-05,4.42279325e-05,5.89705767e-05
0.00000000e+00,1.70273856e-05,3.40547575e-05,5.10821233e-05,6.81094977e-05
0.00000000e+00,1.70006951e-05,3.40013757e-05,5.10020466e-05,6.80027288e-05
0.00000000e+00,2.13837856e-05,4.27675750e-05,6.41513679e-05,8.55351572e-05
0.00000000e+00,1.92184227e-05,3.84368363e-05,5.76552451e-05,7.68736602e-05
0.00000000e+00,2.14292441e-05,4.28584915e-05,6.42877440e-05,8.57169919e-05
0.00000000e+00,2.14016705e-05,4.28033446e-05,6.42050216e-05,8.56066955e-05
0.00000000e+00,2.50000000e-05,5.00000000e-05,7.50000000e-05,1.00000000e-04
0.00000000e+00,2.33640861e-05,4.67281746e-05,7.00922655e-05,9.34563540e-05
0.00000000e+00,2.50000000e-05,5.00000000e-05,7.50000000e-05,1.00000000e-04
0.00000000e+00,2.50000000e-05,5.00000000e-05,7.50000000e-05,1.00000000e-04
0.00000000e+00,0.00000000e+00,0.00000000e+00,0.00000000e+00,0.00000000e+00
0.00000000e+00,3.75719569e-06,7.51438847e-06,1.12715792e-05,1.50287723e-05
0.00000000e+00,0.00000000e+00,0.00000000e+00,0.00000000e+00,0.00000000e+00
0.00000000e+00,0.00000000e+00,0.00000000e+00,0.00000000e+00,0.00000000e+00
0.00000000e+00,1.70053374e-06,3.40106739e-06,5.10160139e-06,6.80213519e-06
0.00000000e+00,3.67509465e-06,7.35018446e-06,1.10252713e-05,1.47003617e-05
0.00000000e+00,3.72816156e-06,7.45632054e-06,1.11844770e-05,1.49126361e-05
0.00000000e+00,8.11993046e-06,1.62398556e-05,2.43597777e-05,3.24797036e-05
0.00000000e+00,5.93477610e-06,1.18695484e-05,1.78043186e-05,2.37390915e-05
0.00000000e+00,8.06599725e-06,1.61319821e-05,2.41979581e-05,3.22639441e-05
0.00000000e+00,8.10005786e-06,1.62001034e-05,2.43001398e-05,3.24001864e-05
0.00000000e+00,1.25000136e-05,2.50000120e-05,3.75000000e-05,5.00000000e-05
0.00000000e+00,1.03119663e-05,2.06239170e-05,3.09358569e-05,4.12478093e-05
0.00000000e+00,1.25000072e-05,2.50000066e-05,3.75000000e-05,5.00000000e-05
0.00000000e+00,1.25000128e-05,2.50000115e-05,3.75000000e-05,5.00000000e-05
0.00000000e+00,1.68800822e-05,3.37601552e-05,5.06402223e-05,6.75202964e-05
0.00000000e+00,1.46880584e-05,2.93761048e-05,4.40641431e-05,5.87521907e-05
0.00000000e+00,1.69340191e-05,3.38680319e-05,5.08020419e-05,6.77360559e-05
0.00000000e+00,1.68999644e-05,3.37999162e-05,5.06998602e-05,6.75998136e-05
0.00000000e+00,2.12428064e-05,4.24856134e-05,6.37284208e-05,8.49712277e-05
0.00000000e+00,1.90652332e-05,3.81304599e-05,5.71956814e-05,7.62609085e-05
0.00000000e+00,2.13249070e-05,4.26498168e-05,6.39747287e-05,8.52996383e-05
0.00000000e+00,2.12718431e-05,4.25436836e-05,6.38155230e-05,8.50873639e-05
0.00000000e+00,2.50000000e-05,5.00000000e-05,7.50000000e-05,1.00000000e-04
0.00000000e+00,2.32994639e-05,4.65989305e-05,6.98983986e-05,9.31978648e-05
0.00000000e+00,2.50000000e-05,5.00000000e-05,7.50000000e-05,1.00000000e-04
0.00000000e+00,2.50000000e-05,5.00000000e-05,7.50000000e-05,1.00000000e-04
0.00000000e+00,0.00000000e+00,0.00000000e+00,0.00000000e+00,0.00000000e+00
0.00000000e+00,4.05557487e-06,8.11114313e-06,1.21667070e-05,1.62222761e-05
0.00000000e+00,0.00000000e+00,0.00000000e+00,0.00000000e+00,0.00000000e+00
0.00000000e+00,0.00000000e+00,0.00000000e+00,0.00000000e+00,0.00000000e+00
0.00000000e+00,1.84060046e-06,3.68119894e-06,5.52179650e-06,7.36239534e-06
0.00000000e+00,3.88198395e-06,7.76396190e-06,1.16459356e-05,1.55279141e-05
0.00000000e+00,4.00122451e-06,8.00244447e-06,1.20036612e-05,1.60048816e-05
0.00000000e+00,8.23926390e-06,1.64785134e-05,2.47177552e-05,3.29570070e-05
0.00000000e+00,6.13888644e-06,1.22777620e-05,1.84166317e-05,2.45555090e-05
0.00000000e+00,8.18371510e-06,1.63674214e-05,2.45511233e-05,3.27348311e-05
0.00000000e+00,8.22438843e-06,1.64487664e-05,2.46731378e-05,3.28975171e-05
0.00000000e+00,1.25000041e-05,2.50000030e-05,3.75000000e-05,5.00000000e-05
0.00000000e+00,1.03662552e-05,2.07324986e-05,3.10987355e-05,4.14649807e-05
0.00000000e+00,1.25000089e-05,2.50000075e-05,3.75000000e-05,5.00000000e-05
0.00000000e+00,1.25000100e-05,2.50000088e-05,3.75000000e-05,5.00000000e-05
0.00000000e+00,1.67607589e-05,3.35215058e-05,5.02822448e-05,6.70429930e-05
0.00000000e+00,1.46337673e-05,2.92675206e-05,4.39012645e-05,5.85350193e-05
0.00000000e+00,1.68163018e-05,3.36325928e-05,5.04488767e-05,6.72651689e-05
0.00000000e+00,1.67756307e-05,3.35512498e-05,5.03268622e-05,6.71024829e-05
0.00000000e+00,2.09444286e-05,4.18888591e-05,6.28332930e-05,8.37777239e-05
0.00000000e+00,1.88611259e-05,3.77222478e-05,5.65833683e-05,7.54444910e-05
0.00000000e+00,2.11180198e-05,4.22360410e-05,6.33540644e-05,8.44720859e-05
0.00000000e+00,2.09987831e-05,4.19975618e-05,6.29963388e-05,8.39951184e-05
0.00000000e+00,2.50000000e-05,5.00000000e-05,7.50000000e-05,1.00000000e-04
0.00000000e+00,2.31593979e-05,4.63187990e-05,6.94782035e-05,9.26376047e-05
0.00000000e+00,2.50000000e-05,5.00000000e-05,7.50000000e-05,1.00000000e-04
0.00000000e+00,2.50000000e-05,5.00000000e-05,7.50000000e-05,1.00000000e-04
0.00000000e+00,0.00000000e+00,0.00000000e+00,0.00000000e+00,0.00000000e+00
0.00000000e+00,4.40705792e-06,8.81411413e-06,1.32211684e-05,1.76282245e-05
0.00000000e+00,0.00000000e+00,0.00000000e+00,0.00000000e+00,0.00000000e+00
0.00000000e+00,0.00000000e+00,0.00000000e+00,0.00000000e+00,0.00000000e+00
0.00000000e+00,2.41948292e-06,4.83896771e-06,7.25845349e-06,9.67793799e-06
0.00000000e+00,4.18440905e-06,8.36881279e-06,1.25532124e-05,1.67376166e-05
0.00000000e+00,4.40052396e-06,8.80104687e-06,1.32015674e-05,1.76020899e-05
0.00000000e+00,8.34094785e-06,1.66818745e-05,2.50227851e-05,3.33637135e-05
0.00000000e+00,6.35078154e-06,1.27015540e-05,1.90523190e-05,2.54030919e-05
0.00000000e+00,8.30556341e-06,1.66111070e-05,2.49166373e-05,3.32221830e-05
0.00000000e+00,8.34354710e-06,1.66870884e-05,2.50306240e-05,3.33741654e-05
0.00000000e+00,1.25000010e-05,2.50000013e-05,3.75000000e-05,5.00000000e-05
0.00000000e+00,1.04079178e-05,2.08158279e-05,3.12237307e-05,4.16316410e-05
0.00000000e+00,1.24999984e-05,2.49999985e-05,3.75000000e-05,5.00000000e-05
0.00000000e+00,1.25000091e-05,2.50000089e-05,3.75000000e-05,5.00000000e-05
0.00000000e+00,1.66590927e-05,3.33181619e-05,4.99772149e-05,6.66362865e-05
0.00000000e+00,1.45921006e-05,2.91841894e-05,4.37762693e-05,5.83683590e-05
0.00000000e+00,1.66944713e-05,3.33889235e-05,5.00833627e-05,6.67778170e-05
0.00000000e+00,1.66564719e-05,3.33129289e-05,4.99693760e-05,6.66258346e-05
0.00000000e+00,2.05929423e-05,4.11858853e-05,6.17788316e-05,8.23717755e-05
0.00000000e+00,1.86492389e-05,3.72984640e-05,5.59476810e-05,7.45969081e-05
0.00000000e+00,2.08155943e-05,4.16311895e-05,6.24467876e-05,8.32623834e-05
0.00000000e+00,2.05994818e-05,4.11989576e-05,6.17984326e-05,8.23979101e-05
0.00000000e+00,2.50000000e-05,5.00000000e-05,7.50000000e-05,1.00000000e-04
0.00000000e+00,2.25805138e-05,4.51610286e-05,6.77415465e-05,9.03220620e-05
0.00000000e+00,2.50000000e-05,5.00000000e-05,7.50000000e-05,1.00000000e-04
0.00000000e+00,2.50000000e-05,5.00000000e-05,7.50000000e-05,1.00000000e-04
0.00000000e+00,0.00000000e+00,0.00000000e+00,0.00000000e+00,0.00000000e+00
0.00000000e+00,3.67780267e-06,7.35559572e-06,1.10333819e-05,1.47111758e-05
0.00000000e+00,0.00000000e+00,0.00000000e+00,0.00000000e+00,0.00000000e+00
0.00000000e+00,0.00000000e+00,0.00000000e+00,0.00000000e+00,0.00000000e+00
0.00000000e+00,1.66250736e-06,3.32501231e-06,4.98751628e-06,6.65002171e-06
0.00000000e+00,3.62555294e-06,7.25110364e-06,1.08766527e-05,1.45022036e-05
0.00000000e+00,3.63740547e-06,7.27480258e-06,1.09121944e-05,1.45495925e-05
0.00000000e+00,8.06829260e-06,1.61365714e-05,2.42048416e-05,3.22731221e-05
0.00000000e+00,5.85232287e-06,1.17046343e-05,1.75569385e-05,2.34092513e-05
0.00000000e+00,8.02579427e-06,1.60515761e-05,2.40773496e-05,3.21031328e-05
0.00000000e+00,8.03502461e-06,1.60700387e-05,2.41050462e-05,3.21400616e-05
0.00000000e+00,1.24999953e-05,2.49999945e-05,3.75000000e-05,5.00000000e-05
0.00000000e+00,1.02840838e-05,2.05681562e-05,3.08522223e-05,4.11362964e-05
0.00000000e+00,1.24999995e-05,2.49999983e-05,3.75000000e-05,5.00000000e-05
0.00000000e+00,1.25000024e-05,2.50000015e-05,3.75000000e-05,5.00000000e-05
0.00000000e+00,1.69317264e-05,3.38634442e-05,5.07951584e-05,6.77268779e-05
0.00000000e+00,1.47159312e-05,2.94318561e-05,4.41477777e-05,5.88637036e-05
0.00000000e+00,1.69742227e-05,3.39484383e-05,5.09226504e-05,6.78968672e-05
0.00000000e+00,1.69649883e-05,3.39299719e-05,5.08949538e-05,6.78599384e-05
0.00000000e+00,2.13222033e-05,4.26444091e-05,6.39666181e-05,8.52888242e-05
0.00000000e+00,1.91476876e-05,3.82953742e-05,5.74430615e-05,7.65907487e-05
0.00000000e+00,2.13744456e-05,4.27488945e-05,6.41233473e-05,8.54977964e-05
0.00000000e+00,2.13626033e-05,4.27252047e-05,6.40878056e-05,8.54504075e-05
0.00000000e+00,2.50000000e-05,5.00000000e-05,7.50000000e-05,1.00000000e-04
0.00000000e+00,2.33374895e-05,4.66749843e-05,7.00124837e-05,9.33499783e-05
0.00000000e+00,2.50000000e-05,5.00000000e-05,7.50000000e-05,1.00000000e-04
0.00000000e+00,2.50000000e-05,5.00000000e-05,7.50000000e-05,1.00000000e-04
0.00000000e+00,0.00000000e+00,0.00000000e+00,0.00000000e+00,0.00000000e+00
0.00000000e+00,3.83096032e-06,7.66191478e-06,1.14928650e-05,1.53238200e-05
0.00000000e+00,0.00000000e+00,0.00000000e+00,0.00000000e+00,0.00000000e+00
0.00000000e+00,0.00000000e+00,0.00000000e+00,0.00000000e+00,0.00000000e+00
0.00000000e+00,1.73754297e-06,3.47508180e-06,5.21261775e-06,6.95015700e-06
0.00000000e+00,3.74390616e-06,7.48780502e-06,1.12316986e-05,1.49755982e-05
0.00000000e+00,3.77607346e-06,7.55214015e-06,1.13282024e-05,1.51042699e-05
0.00000000e+00,8.16091019e-06,1.63218074e-05,2.44826963e-05,3.26435950e-05
0.00000000e+00,5.99986510e-06,1.19997209e-05,1.79995707e-05,2.39994275e-05
0.00000000e+00,8.11422296e-06,1.62284330e-05,2.43426351e-05,3.24568467e-05
0.00000000e+00,8.12951397e-06,1.62590173e-05,2.43885140e-05,3.25180187e-05
0.00000000e+00,1.25000082e-05,2.50000068e-05,3.75000000e-05,5.00000000e-05
0.00000000e+00,1.03317106e-05,2.06634090e-05,3.09951000e-05,4.13268000e-05
0.00000000e+00,1.25000002e-05,2.49999992e-05,3.75000000e-05,5.00000000e-05
0.00000000e+00,1.25000084e-05,2.50000071e-05,3.75000000e-05,5.00000000e-05
0.00000000e+00,1.68391106e-05,3.36782106e-05,5.05173037e-05,6.73564050e-05
0.00000000e+00,1.46683084e-05,2.93366071e-05,4.40049000e-05,5.86732000e-05
0.00000000e+00,1.68857984e-05,3.37715850e-05,5.06573649e-05,6.75431533e-05
0.00000000e+00,1.68705032e-05,3.37409975e-05,5.06114860e-05,6.74819813e-05
0.00000000e+00,2.11690453e-05,4.23380901e-05,6.35071350e-05,8.46761800e-05
0.00000000e+00,1.90001480e-05,3.80002905e-05,5.70004293e-05,7.60005725e-05
0.00000000e+00,2.12560985e-05,4.25121988e-05,6.37683014e-05,8.50244018e-05
0.00000000e+00,2.12239308e-05,4.24478632e-05,6.36717976e-05,8.48957301e-05
0.00000000e+00,2.50000000e-05,5.00000000e-05,7.50000000e-05,1.00000000e-04
0.00000000e+00,2.32624593e-05,4.65249200e-05,6.97873823e-05,9.30498430e-05
0.00000000e+00,2.50000000e-05,5.00000000e-05,7.50000000e-05,1.00000000e-04
0.00000000e+00,2.50000000e-05,5.00000000e-05,7.50000000e-05,1.00000000e-04
0.00000000e+00,0.00000000e+00,0.00000000e+00,0.00000000e+00,0.00000000e+00
0.00000000e+00,4.11499164e-06,8.22996898e-06,1.23449362e-05,1.64599149e-05
0.00000000e+00,0.00000000e+00,0.00000000e+00,0.00000000e+00,0.00000000e+00
0.00000000e+00,0.00000000e+00,0.00000000e+00,0.00000000e+00,0.00000000e+00
0.00000000e+00,1.89494566e-06,3.78988255e-06,5.68481294e-06,7.57975059e-06
0.00000000e+00,3.95354363e-06,7.90707749e-06,1.18606043e-05,1.58141390e-05
0.00000000e+00,4.04187509e-06,8.08374344e-06,1.21256074e-05,1.61674766e-05
0.00000000e+00,8.26131170e-06,1.65226057e-05,2.47838875e-05,3.30451833e-05
0.00000000e+00,6.17444177e-06,1.23488697e-05,1.85232884e-05,2.46977178e-05
0.00000000e+00,8.21563226e-06,1.64312491e-05,2.46468554e-05,3.28624739e-05
0.00000000e+00,8.24083521e-06,1.64816583e-05,2.47224731e-05,3.29632975e-05
0.00000000e+00,1.25000137e-05,2.50000123e-05,3.75000000e-05,5.00000000e-05
0.00000000e+00,1.03753081e-05,2.07506014e-05,3.11258850e-05,4.15011800e-05
0.00000000e+00,1.25000127e-05,2.50000111e-05,3.75000000e-05,5.00000000e-05
0.00000000e+00,1.25000107e-05,2.50000093e-05,3.75000000e-05,5.00000000e-05
0.00000000e+00,1.67387133e-05,3.34774166e-05,5.02161125e-05,6.69548167e-05
0.00000000e+00,1.46247133e-05,2.92494174e-05,4.38741150e-05,5.84988200e-05
0.00000000e+00,1.67843889e-05,3.35687695e-05,5.03531446e-05,6.71375261e-05
0.00000000e+00,1.67591839e-05,3.35183586e-05,5.02775269e-05,6.70367025e-05
0.00000000e+00,2.08850212e-05,4.17700420e-05,6.26550638e-05,8.35400851e-05
0.00000000e+00,1.88255731e-05,3.76511431e-05,5.64767116e-05,7.53022822e-05
0.00000000e+00,2.10464675e-05,4.20929322e-05,6.31393957e-05,8.41858610e-05
0.00000000e+00,2.09581320e-05,4.19162624e-05,6.28743926e-05,8.38325234e-05
0.00000000e+00,2.50000000e-05,5.00000000e-05,7.50000000e-05,1.00000000e-04
0.00000000e+00,2.31050641e-05,4.62101259e-05,6.93151871e-05,9.24202494e-05
0.00000000e+00,2.50000000e-05,5.00000000e-05,7.50000000e-05,1.00000000e-04
0.00000000e+00,2.50000000e-05,5.00000000e-05,7.50000000e-05,1.00000000e-04
0.00000000e+00,0.00000000e+00,0.00000000e+00,0.00000000e+00,0.00000000e+00
0.00000000e+00,4.39562271e-06,8.79123507e-06,1.31868404e-05,1.75824539e-05
0.00000000e+00,0.00000000e+00,0.00000000e+00,0.00000000e+00,0.00000000e+00
0.00000000e+00,0.00000000e+00,0.00000000e+00,0.00000000e+00,0.00000000e+00
0.00000000e+00,2.43958126e-06,4.87915629e-06,7.31872710e-06,9.75830280e-06
0.00000000e+00,4.22094707e-06,8.44188138e-06,1.26628068e-05,1.68837424e-05
0.00000000e+00,4.39413954e-06,8.78827260e-06,1.31824018e-05,1.75765357e-05
0.00000000e+00,8.34230642e-06,1.66845973e-05,2.50268781e-05,3.33691708e-05
0.00000000e+00,6.34607978e-06,1.26921469e-05,1.90382054e-05,2.53842739e-05
0.00000000e+00,8.31379670e-06,1.66275770e-05,2.49413460e-05,3.32551280e-05
0.00000000e+00,8.34409227e-06,1.66881737e-05,2.50322475e-05,3.33763300e-05
0.00000000e+00,1.25000047e-05,2.50000039e-05,3.75000000e-05,5.00000000e-05
0.00000000e+00,1.04090230e-05,2.08180350e-05,3.12270398e-05,4.16360530e-05
0.00000000e+00,1.25000099e-05,2.50000087e-05,3.75000000e-05,5.00000000e-05
0.00000000e+00,1.25000141e-05,2.50000127e-05,3.75000000e-05,5.00000000e-05
0.00000000e+00,1.66577201e-05,3.33154262e-05,4.99731219e-05,6.66308292e-05
0.00000000e+00,1.45909984e-05,2.91819838e-05,4.37729602e-05,5.83639470e-05
0.00000000e+00,1.66862291e-05,3.33724460e-05,5.00586540e-05,6.67448720e-05
0.00000000e+00,1.66559255e-05,3.33118423e-05,4.99677525e-05,6.66236700e-05
0.00000000e+00,2.06043914e-05,4.12087772e-05,6.18131596e-05,8.24175461e-05
0.00000000e+00,1.86539379e-05,3.73078684e-05,5.59617946e-05,7.46157261e-05
0.00000000e+00,2.07790681e-05,4.15581317e-05,6.23371932e-05,8.31162576e-05
0.00000000e+00,2.06058674e-05,4.12117327e-05,6.18175982e-05,8.24234643e-05
0.00000000e+00,2.50000000e-05,5.00000000e-05,7.50000000e-05,1.00000000e-04
0.00000000e+00,2.25604259e-05,4.51208497e-05,6.76812729e-05,9.02416972e-05
0.00000000e+00,2.50000000e-05,5.00000000e-05,7.50000000e-05,1.00000000e-04
0.00000000e+00,2.50000000e-05,5.00000000e-05,7.50000000e-05,1.00000000e-04
0.00000000e+00,0.00000000e+00,0.00000000e+00,0.00000000e+00,0.00000000e+00
0.00000000e+00,3.61621298e-06,7.23242318e-06,1.08486321e-05,1.44648428e-05
0.00000000e+00,0.00000000e+00,0.00000000e+00,0.00000000e+00,0.00000000e+00
0.00000000e+00,0.00000000e+00,0.00000000e+00,0.00000000e+00,0.00000000e+00
0.00000000e+00,1.63591528e-06,3.27182625e-06,4.90773448e-06,6.54364597e-06
0.00000000e+00,3.57075573e-06,7.14150651e-06,1.07122560e-05,1.42830081e-05
0.00000000e+00,3.63740441e-06,7.27480194e-06,1.09121944e-05,1.45495925e-05
0.00000000e+00,8.01652194e-06,1.60330342e-05,2.40495419e-05,3.20660559e-05
0.00000000e+00,5.78159031e-06,1.15631742e-05,1.73447549e-05,2.31263398e-05
0.00000000e+00,7.97263490e-06,1.59452580e-05,2.39178767e-05,3.18905023e-05
0.00000000e+00,8.03502343e-06,1.60700374e-05,2.41050462e-05,3.21400616e-05
0.00000000e+00,1.25000038e-05,2.50000026e-05,3.75000000e-05,5.00000000e-05
0.00000000e+00,1.02573627e-05,2.05147169e-05,3.07720675e-05,4.10294233e-05
0.00000000e+00,1.25000051e-05,2.50000034e-05,3.75000000e-05,5.00000000e-05
0.00000000e+00,1.25000044e-05,2.50000030e-05,3.75000000e-05,5.00000000e-05
0.00000000e+00,1.69834856e-05,3.39669711e-05,5.09504581e-05,6.79339441e-05
0.00000000e+00,1.47426465e-05,2.94852897e-05,4.42279325e-05,5.89705767e-05
0.00000000e+00,1.70273777e-05,3.40547516e-05,5.10821233e-05,6.81094977e-05
0.00000000e+00,1.69649868e-05,3.39299704e-05,5.08949538e-05,6.78599384e-05
0.00000000e+00,2.13837824e-05,4.27675719e-05,6.41513679e-05,8.55351572e-05
0.00000000e+00,1.92184125e-05,3.84368270e-05,5.76552451e-05,7.68736602e-05
0.00000000e+00,2.14292435e-05,4.28584918e-05,6.42877440e-05,8.57169919e-05
0.00000000e+00,2.13626032e-05,4.27252044e-05,6.40878056e-05,8.54504075e-05
0.00000000e+00,2.50000000e-05,5.00000000e-05,7.50000000e-05,1.00000000e-04
0.00000000e+00,2.33640852e-05,4.67281739e-05,7.00922655e-05,9.34563540e-05
0.00000000e+00,2.50000000e-05,5.00000000e-05,7.50000000e-05,1.00000000e-04
0.00000000e+00,2.50000000e-05,5.00000000e-05,7.50000000e-05,1.00000000e-04
0.00000000e+00,0.00000000e+00,0.00000000e+00,0.00000000e+00,0.00000000e+00
0.00000000e+00,3.75720054e-06,7.51439299e-06,1.12715792e-05,1.50287723e-05
0.00000000e+00,0.00000000e+00,0.00000000e+00,0.00000000e+00,0.00000000e+00
0.00000000e+00,0.00000000e+00,0.00000000e+00,0.00000000e+00,0.00000000e+00
0.00000000e+00,1.70053807e-06,3.40107155e-06,5.10160139e-06,6.80213519e-06
0.00000000e+00,3.67509450e-06,7.35018446e-06,1.10252713e-05,1.47003617e-05
0.00000000e+00,3.77607482e-06,7.55214153e-06,1.13282024e-05,1.51042699e-05
0.00000000e+00,8.11993350e-06,1.62398580e-05,2.43597777e-05,3.24797036e-05
0.00000000e+00,5.93478096e-06,1.18695528e-05,1.78043186e-05,2.37390915e-05
0.00000000e+00,8.06599368e-06,1.61319782e-05,2.41979581e-05,3.22639441e-05
0.00000000e+00,8.12951433e-06,1.62590176e-05,2.43885140e-05,3.25180187e-05
0.00000000e+00,1.25000122e-05,2.50000105e-05,3.75000000e-05,5.00000000e-05
0.00000000e+00,1.03119623e-05,2.06239129e-05,3.09358569e-05,4.12478093e-05
0.00000000e+00,1.25000077e-05,2.50000062e-05,3.75000000e-05,5.00000000e-05
0.00000000e+00,1.25000093e-05,2.50000078e-05,3.75000000e-05,5.00000000e-05
0.00000000e+00,1.68800793e-05,3.37601520e-05,5.06402223e-05,6.75202964e-05
0.00000000e+00,1.46880581e-05,2.93761042e-05,4.40641431e-05,5.87521907e-05
0.00000000e+00,1.69340156e-05,3.38680286e-05,5.08020419e-05,6.77360559e-05
0.00000000e+00,1.68704988e-05,3.37409931e-05,5.06114860e-05,6.74819813e-05
0.00000000e+00,2.12428025e-05,4.24856091e-05,6.37284208e-05,8.49712277e-05
0.00000000e+00,1.90652254e-05,3.81304519e-05,5.71956814e-05,7.62609085e-05
0.00000000e+00,2.13249046e-05,4.26498140e-05,6.39747287e-05,8.52996383e-05
0.00000000e+00,2.12239314e-05,4.24478635e-05,6.36717976e-05,8.48957301e-05
0.00000000e+00,2.50000000e-05,5.00000000e-05,7.50000000e-05,1.00000000e-04
0.00000000e+00,2.32994649e-05,4.65989309e-05,6.98983986e-05,9.31978648e-05
0.00000000e+00,2.50000000e-05,5.00000000e-05,7.50000000e-05,1.00000000e-04
0.00000000e+00,2.50000000e-05,5.00000000e-05,7.50000000e-05,1.00000000e-04
0.00000000e+00,0.00000000e+00,0.00000000e+00,0.00000000e+00,0.00000000e+00
0.00000000e+00,4.05558330e-06,8.11115077e-06,1.21667070e-05,1.62222761e-05
0.00000000e+00,0.00000000e+00,0.00000000e+00,0.00000000e+00,0.00000000e+00
0.00000000e+00,0.00000000e+00,0.00000000e+00,0.00000000e+00,0.00000000e+00
0.00000000e+00,1.84060633e-06,3.68120440e-06,5.52179650e-06,7.36239534e-06
0.00000000e+00,3.88198995e-06,7.76396734e-06,1.16459356e-05,1.55279141e-05
0.00000000e+00,4.04187875e-06,8.08374674e-06,1.21256074e-05,1.61674766e-05
0.00000000e+00,8.23927032e-06,1.64785198e-05,2.47177552e-05,3.29570070e-05
0.00000000e+00,6.13889266e-06,1.22777681e-05,1.84166317e-05,2.45555090e-05
0.00000000e+00,8.18372121e-06,1.63674271e-05,2.45511233e-05,3.27348311e-05
0.00000000e+00,8.24083831e-06,1.64816609e-05,2.47224731e-05,3.29632975e-05
0.00000000e+00,1.25000166e-05,2.50000145e-05,3.75000000e-05,5.00000000e-05
0.00000000e+00,1.03662616e-05,2.07325046e-05,3.10987355e-05,4.14649807e-05
0.00000000e+00,1.25000151e-05,2.50000132e-05,3.75000000e-05,5.00000000e-05
0.00000000e+00,1.25000117e-05,2.50000101e-05,3.75000000e-05,5.00000000e-05
0.00000000e+00,1.67607472e-05,3.35214953e-05,5.02822448e-05,6.70429930e-05
0.00000000e+00,1.46337629e-05,2.92675166e-05,4.39012645e-05,5.85350193e-05
0.00000000e+00,1.68162942e-05,3.36325857e-05,5.04488767e-05,6.72651689e-05
0.00000000e+00,1.67591814e-05,3.35183561e-05,5.02775269e-05,6.70367025e-05
0.00000000e+00,2.09444287e-05,4.18888596e-05,6.28332930e-05,8.37777239e-05
0.00000000e+00,1.88611188e-05,3.77222416e-05,5.65833683e-05,7.54444910e-05
0.00000000e+00,2.11180194e-05,4.22360406e-05,6.33540644e-05,8.44720859e-05
0.00000000e+00,2.09581281e-05,4.19162589e-05,6.28743926e-05,8.38325234e-05
0.00000000e+00,2.50000000e-05,5.00000000e-05,7.50000000e-05,1.00000000e-04
0.00000000e+00,2.31594029e-05,4.63188037e-05,6.94782035e-05,9.26376047e-05
0.00000000e+00,2.50000000e-05,5.00000000e-05,7.50000000e-05,1.00000000e-04
0.00000000e+00,2.50000000e-05,5.00000000e-05,7.50000000e-05,1.00000000e-04
0.00000000e+00,0.00000000e+00,0.00000000e+00,0.00000000e+00,0.00000000e+00
0.00000000e+00,4.40707036e-06,8.81412463e-06,1.32211684e-05,1.76282245e-05
0.00000000e+00,0.00000000e+00,0.00000000e+00,0.00000000e+00,0.00000000e+00
0.00000000e+00,0.00000000e+00,0.00000000e+00,0.00000000e+00,0.00000000e+00
0.00000000e+00,2.41949310e-06,4.83897653e-06,7.25845349e-06,9.67793799e-06
0.00000000e+00,4.18441805e-06,8.36882054e-06,1.25532124e-05,1.67376166e-05
0.00000000e+00,4.39414525e-06,8.78827777e-06,1.31824018e-05,1.75765357e-05
0.00000000e+00,8.34093976e-06,1.66818662e-05,2.50227851e-05,3.33637135e-05
0.00000000e+00,6.35078762e-06,1.27015584e-05,1.90523190e-05,2.54030919e-05
0.00000000e+00,8.30556164e-06,1.66111053e-05,2.49166373e-05,3.32221830e-05
0.00000000e+00,8.34409575e-06,1.66881761e-05,2.50322475e-05,3.33763300e-05
0.00000000e+00,1.25000075e-05,2.50000050e-05,3.75000000e-05,5.00000000e-05
0.00000000e+00,1.04079219e-05,2.08158298e-05,3.12237307e-05,4.16316410e-05
0.00000000e+00,1.25000117e-05,2.50000094e-05,3.75000000e-05,5.00000000e-05
0.00000000e+00,1.25000084e-05,2.50000072e-05,3.75000000e-05,5.00000000e-05
0.00000000e+00,1.66590665e-05,3.33181382e-05,4.99772149e-05,6.66362865e-05
0.00000000e+00,1.45920906e-05,2.91841792e-05,4.37762693e-05,5.83683590e-05
0.00000000e+00,1.66944517e-05,3.33889059e-05,5.00833627e-05,6.67778170e-05
0.00000000e+00,1.66559196e-05,3.33118365e-05,4.99677525e-05,6.66236700e-05
0.00000000e+00,2.05929375e-05,4.11858815e-05,6.17788316e-05,8.23717755e-05
0.00000000e+00,1.86492201e-05,3.72984475e-05,5.59476810e-05,7.45969081e-05
0.00000000e+00,2.08155921e-05,4.16311878e-05,6.24467876e-05,8.32623834e-05
0.00000000e+00,2.06058627e-05,4.12117290e-05,6.18175982e-05,8.24234643e-05
0.00000000e+00,2.50000000e-05,5.00000000e-05,7.50000000e-05,1.00000000e-04
0.00000000e+00,2.25805112e-05,4.51610269e-05,6.77415465e-05,9.03220620e-05
0.00000000e+00,2.50000000e-05,5.00000000e-05,7.50000000e-05,1.00000000e-04
0.00000000e+00,2.50000000e-05,5.00000000e-05,7.50000000e-05,1.00000000e-04
0.00000000e+00,0.00000000e+00,0.00000000e+00,0.00000000e+00,0.00000000e+00
0.00000000e+00,3.59643101e-06,7.19286241e-06,1.07892932e-05,1.43857243e-05
0.00000000e+00,0.00000000e+00,0.00000000e+00,0.00000000e+00,0.00000000e+00
0.00000000e+00,0.00000000e+00,0.00000000e+00,0.00000000e+00,0.00000000e+00
0.00000000e+00,1.62806276e-06,3.25612549e-06,4.88418917e-06,6.51225222e-06
0.00000000e+00,3.55378467e-06,7.10756610e-06,1.06613448e-05,1.42151264e-05
0.00000000e+00,3.59832880e-06,7.19665475e-06,1.07949784e-05,1.43933045e-05
0.00000000e+00,7.99818629e-06,1.59963682e-05,2.39945483e-05,3.19927311e-05
0.00000000e+00,5.75791982e-06,1.15158336e-05,1.72737442e-05,2.30316589e-05
0.00000000e+00,7.95447728e-06,1.59089467e-05,2.38634128e-05,3.18178837e-05
0.00000000e+00,7.99932342e-06,1.59986400e-05,2.39979534e-05,3.19972712e-05
0.00000000e+00,1.25000063e-05,2.50000047e-05,3.75000000e-05,5.00000000e-05
0.00000000e+00,1.02475656e-05,2.04951235e-05,3.07426778e-05,4.09902370e-05
0.00000000e+00,1.25000077e-05,2.50000058e-05,3.75000000e-05,5.00000000e-05
0.00000000e+00,1.25000067e-05,2.50000051e-05,3.75000000e-05,5.00000000e-05
0.00000000e+00,1.70018210e-05,3.40036372e-05,5.10054517e-05,6.80072689e-05
0.00000000e+00,1.47524448e-05,2.95048844e-05,4.42573222e-05,5.90097630e-05
0.00000000e+00,1.70455347e-05,3.40910624e-05,5.11365872e-05,6.81821163e-05
0.00000000e+00,1.70006864e-05,3.40013674e-05,5.10020466e-05,6.80027288e-05
0.00000000e+00,2.14035591e-05,4.28071280e-05,6.42107068e-05,8.56142757e-05
0.00000000e+00,1.92420838e-05,3.84841686e-05,5.77262558e-05,7.69683411e-05
0.00000000e+00,2.14462180e-05,4.28924356e-05,6.43386552e-05,8.57848736e-05
0.00000000e+00,2.14016691e-05,4.28033427e-05,6.42050216e-05,8.56066955e-05
0.00000000e+00,2.50000000e-05,5.00000000e-05,7.50000000e-05,1.00000000e-04
0.00000000e+00,2.33719325e-05,4.67438699e-05,7.01158108e-05,9.34877478e-05
0.00000000e+00,2.50000000e-05,5.00000000e-05,7.50000000e-05,1.00000000e-04
0.00000000e+00,2.50000000e-05,5.00000000e-05,7.50000000e-05,1.00000000e-04
0.00000000e+00,0.00000000e+00,0.00000000e+00,0.00000000e+00,0.00000000e+00
0.00000000e+00,3.73220161e-06,7.46439311e-06,1.11965780e-05,1.49287706e-05
0.00000000e+00,0.00000000e+00,0.00000000e+00,0.00000000e+00,0.00000000e+00
0.00000000e+00,0.00000000e+00,0.00000000e+00,0.00000000e+00,0.00000000e+00
0.00000000e+00,1.68892651e-06,3.37784755e-06,5.06676465e-06,6.75568620e-06
0.00000000e+00,3.65250913e-06,7.30501315e-06,1.09575134e-05,1.46100178e-05
0.00000000e+00,3.72816615e-06,7.45632428e-06,1.11844770e-05,1.49126361e-05
0.00000000e+00,8.10472591e-06,1.62094403e-05,2.43141490e-05,3.24188653e-05
0.00000000e+00,5.91098140e-06,1.18219527e-05,1.77329186e-05,2.36438914e-05
0.00000000e+00,8.04837329e-06,1.60967397e-05,2.41451032e-05,3.21934709e-05
0.00000000e+00,8.10005733e-06,1.62001022e-05,2.43001398e-05,3.24001864e-05
0.00000000e+00,1.25000192e-05,2.50000167e-05,3.75000000e-05,5.00000000e-05
0.00000000e+00,1.03043494e-05,2.06086840e-05,3.09130101e-05,4.12173467e-05
0.00000000e+00,1.25000128e-05,2.50000107e-05,3.75000000e-05,5.00000000e-05
0.00000000e+00,1.25000096e-05,2.50000079e-05,3.75000000e-05,5.00000000e-05
0.00000000e+00,1.68952924e-05,3.37905746e-05,5.06858510e-05,6.75811347e-05
0.00000000e+00,1.46956751e-05,2.93913364e-05,4.40869899e-05,5.87826533e-05
0.00000000e+00,1.69516372e-05,3.39032682e-05,5.08548968e-05,6.78065291e-05
0.00000000e+00,1.68999596e-05,3.37999118e-05,5.06998602e-05,6.75998136e-05
0.00000000e+00,2.12678027e-05,4.25356100e-05,6.38034220e-05,8.50712294e-05
0.00000000e+00,1.90890277e-05,3.81780542e-05,5.72670814e-05,7.63561086e-05
0.00000000e+00,2.13474899e-05,4.26949853e-05,6.40424866e-05,8.53899822e-05
0.00000000e+00,2.12718389e-05,4.25436796e-05,6.38155230e-05,8.50873639e-05
0.00000000e+00,2.50000000e-05,5.00000000e-05,7.50000000e-05,1.00000000e-04
0.00000000e+00,2.33110737e-05,4.66221525e-05,6.99332353e-05,9.32443138e-05
0.00000000e+00,2.50000000e-05,5.00000000e-05,7.50000000e-05,1.00000000e-04
0.00000000e+00,2.50000000e-05,5.00000000e-05,7.50000000e-05,1.00000000e-04
0.00000000e+00,0.00000000e+00,0.00000000e+00,0.00000000e+00,0.00000000e+00
0.00000000e+00,4.03293418e-06,8.06585359e-06,1.20987635e-05,1.61316846e-05
0.00000000e+00,0.00000000e+00,0.00000000e+00,0.00000000e+00,0.00000000e+00
0.00000000e+00,0.00000000e+00,0.00000000e+00,0.00000000e+00,0.00000000e+00
0.00000000e+00,1.82312312e-06,3.64623813e-06,5.46934769e-06,7.29246358e-06
0.00000000e+00,3.85641168e-06,7.71281064e-06,1.15692012e-05,1.54256017e-05
0.00000000e+00,4.00123188e-06,8.00245085e-06,1.20036612e-05,1.60048816e-05
0.00000000e+00,8.23091733e-06,1.64618146e-05,2.46926989e-05,3.29235986e-05
0.00000000e+00,6.12470881e-06,1.22493972e-05,1.83740722e-05,2.44987630e-05
0.00000000e+00,8.17152764e-06,1.63430383e-05,2.45145386e-05,3.26860515e-05
0.00000000e+00,8.22439128e-06,1.64487686e-05,2.46731378e-05,3.28975171e-05
0.00000000e+00,1.25000132e-05,2.50000112e-05,3.75000000e-05,5.00000000e-05
0.00000000e+00,1.03627876e-05,2.07255562e-05,3.10883131e-05,4.14510842e-05
0.00000000e+00,1.25000161e-05,2.50000140e-05,3.75000000e-05,5.00000000e-05
0.00000000e+00,1.25000111e-05,2.50000092e-05,3.75000000e-05,5.00000000e-05
0.00000000e+00,1.67691058e-05,3.35382062e-05,5.03073011e-05,6.70764014e-05
0.00000000e+00,1.46372362e-05,2.92744642e-05,4.39116869e-05,5.85489158e-05
0.00000000e+00,1.68284966e-05,3.36569829e-05,5.04854614e-05,6.73139485e-05
0.00000000e+00,1.67756239e-05,3.35512441e-05,5.03268622e-05,6.71024829e-05
0.00000000e+00,2.09670758e-05,4.19341552e-05,6.29012365e-05,8.38683154e-05
0.00000000e+00,1.88753089e-05,3.77506187e-05,5.66259278e-05,7.55012370e-05
0.00000000e+00,2.11435984e-05,4.22871980e-05,6.34307988e-05,8.45743983e-05
0.00000000e+00,2.09987769e-05,4.19975566e-05,6.29963388e-05,8.39951184e-05
0.00000000e+00,2.50000000e-05,5.00000000e-05,7.50000000e-05,1.00000000e-04
0.00000000e+00,2.31768798e-05,4.63537644e-05,6.95306523e-05,9.27075364e-05
0.00000000e+00,2.50000000e-05,5.00000000e-05,7.50000000e-05,1.00000000e-04
0.00000000e+00,2.50000000e-05,5.00000000e-05,7.50000000e-05,1.00000000e-04
0.00000000e+00,0.00000000e+00,0.00000000e+00,0.00000000e+00,0.00000000e+00
0.00000000e+00,4.41100571e-06,8.82199590e-06,1.32329769e-05,1.76439692e-05
0.00000000e+00,0.00000000e+00,0.00000000e+00,0.00000000e+00,0.00000000e+00
0.00000000e+00,0.00000000e+00,0.00000000e+00,0.00000000e+00,0.00000000e+00
0.00000000e+00,2.41059999e-06,4.82119019e-06,7.23177431e-06,9.64236574e-06
0.00000000e+00,4.16989294e-06,8.33977162e-06,1.25096416e-05,1.66795222e-05
0.00000000e+00,4.40053719e-06,8.80105750e-06,1.32015674e-05,1.76020899e-05
0.00000000e+00,8.34048161e-06,1.66809490e-05,2.50214100e-05,3.33618801e-05
0.00000000e+00,6.35334226e-06,1.27066693e-05,1.90599887e-05,2.54133183e-05
0.00000000e+00,8.30236684e-06,1.66047166e-05,2.49070567e-05,3.32094090e-05
0.00000000e+00,8.34355468e-06,1.66870935e-05,2.50306240e-05,3.33741654e-05
0.00000000e+00,1.25000077e-05,2.50000050e-05,3.75000000e-05,5.00000000e-05
0.00000000e+00,1.04073554e-05,2.08146989e-05,3.12220390e-05,4.16293853e-05
0.00000000e+00,1.25000107e-05,2.50000083e-05,3.75000000e-05,5.00000000e-05
0.00000000e+00,1.25000068e-05,2.50000051e-05,3.75000000e-05,5.00000000e-05
0.00000000e+00,1.66595051e-05,3.33190374e-05,4.99785900e-05,6.66381199e-05
0.00000000e+00,1.45926438e-05,2.91852972e-05,4.37779610e-05,5.83706147e-05
0.00000000e+00,1.66976357e-05,3.33952849e-05,5.00929433e-05,6.67905910e-05
0.00000000e+00,1.66564538e-05,3.33129125e-05,4.99693760e-05,6.66258346e-05
0.00000000e+00,2.05889869e-05,4.11779962e-05,6.17670231e-05,8.23560308e-05
0.00000000e+00,1.86466511e-05,3.72933235e-05,5.59400113e-05,7.45866817e-05
0.00000000e+00,2.08301097e-05,4.16602299e-05,6.24903584e-05,8.33204778e-05
0.00000000e+00,2.05994684e-05,4.11989473e-05,6.17984326e-05,8.23979101e-05
0.00000000e+00,2.50000000e-05,5.00000000e-05,7.50000000e-05,1.00000000e-04
0.00000000e+00,2.25894003e-05,4.51788096e-05,6.77682257e-05,9.03576343e-05
0.00000000e+00,2.50000000e-05,5.00000000e-05,7.50000000e-05,1.00000000e-04
0.00000000e+00,2.50000000e-05,5.00000000e-05,7.50000000e-05,1.00000000e-04
0.00000000e+00,0.00000000e+00,0.00000000e+00,0.00000000e+00,0.00000000e+00
0.00000000e+00,3.61621224e-06,7.23242195e-06,1.08486321e-05,1.44648428e-05
0.00000000e+00,0.00000000e+00,0.00000000e+00,0.00000000e+00,0.00000000e+00
0.00000000e+00,0.00000000e+00,0.00000000e+00,0.00000000e+00,0.00000000e+00
0.00000000e+00,1.63591329e-06,3.27182445e-06,4.90773448e-06,6.54364597e-06
0.00000000e+00,3.57075455e-06,7.14150633e-06,1.07122560e-05,1.42830081e-05
0.00000000e+00,3.59832883e-06,7.19665437e-06,1.07949784e-05,1.43933045e-05
0.00000000e+00,8.01652808e-06,1.60330396e-05,2.40495419e-05,3.20660559e-05
0.00000000e+00,5.78159597e-06,1.15631795e-05,1.73447549e-05,2.31263398e-05
0.00000000e+00,7.97263701e-06,1.59452608e-05,2.39178767e-05,3.18905023e-05
0.00000000e+00,7.99932522e-06,1.59986415e-05,2.39979534e-05,3.19972712e-05
0.00000000e+00,1.25000092e-05,2.50000079e-05,3.75000000e-05,5.00000000e-05
0.00000000e+00,1.02573670e-05,2.05147210e-05,3.07720675e-05,4.10294233e-05
0.00000000e+00,1.25000078e-05,2.50000062e-05,3.75000000e-05,5.00000000e-05
0.00000000e+00,1.25000108e-05,2.50000090e-05,3.75000000e-05,5.00000000e-05
0.00000000e+00,1.69834823e-05,3.39669689e-05,5.09504581e-05,6.79339441e-05
0.00000000e+00,1.47426471e-05,2.94852907e-05,4.42279325e-05,5.89705767e-05
0.00000000e+00,1.70273751e-05,3.40547485e-05,5.10821233e-05,6.81094977e-05
0.00000000e+00,1.70006846e-05,3.40013661e-05,5.10020466e-05,6.80027288e-05
0.00000000e+00,2.13837797e-05,4.27675695e-05,6.41513679e-05,8.55351572e-05
0.00000000e+00,1.92184099e-05,3.84368246e-05,5.76552451e-05,7.68736602e-05
0.00000000e+00,2.14292382e-05,4.28584862e-05,6.42877440e-05,8.57169919e-05
0.00000000e+00,2.14016673e-05,4.28033414e-05,6.42050216e-05,8.56066955e-05
0.00000000e+00,2.50000000e-05,5.00000000e-05,7.50000000e-05,1.00000000e-04
0.00000000e+00,2.33640838e-05,4.67281724e-05,7.00922655e-05,9.34563540e-05
0.00000000e+00,2.50000000e-05,5.00000000e-05,7.50000000e-05,1.00000000e-04
0.00000000e+00,2.50000000e-05,5.00000000e-05,7.50000000e-05,1.00000000e-04
0.00000000e+00,0.00000000e+00,0.00000000e+00,0.00000000e+00,0.00000000e+00
0.00000000e+00,3.75719929e-06,7.51439141e-06,1.12715792e-05,1.50287723e-05
0.00000000e+00,0.00000000e+00,0.00000000e+00,0.00000000e+00,0.00000000e+00
0.00000000e+00,0.00000000e+00,0.00000000e+00,0.00000000e+00,0.00000000e+00
0.00000000e+00,1.70053802e-06,3.40107126e-06,5.10160139e-06,6.80213519e-06
0.00000000e+00,3.67509325e-06,7.35018274e-06,1.10252713e-05,1.47003617e-05
0.00000000e+00,3.72816644e-06,7.45632426e-06,1.11844770e-05,1.49126361e-05
0.00000000e+00,8.11993539e-06,1.62398591e-05,2.43597777e-05,3.24797036e-05
0.00000000e+00,5.93478086e-06,1.18695521e-05,1.78043186e-05,2.37390915e-05
0.00000000e+00,8.06599739e-06,1.61319812e-05,2.41979581e-05,3.22639441e-05
0.00000000e+00,8.10005916e-06,1.62001037e-05,2.43001398e-05,3.24001864e-05
0.00000000e+00,1.25000253e-05,2.50000218e-05,3.75000000e-05,5.00000000e-05
0.00000000e+00,1.03119728e-05,2.06239221e-05,3.09358569e-05,4.12478093e-05
0.00000000e+00,1.25000173e-05,2.50000149e-05,3.75000000e-05,5.00000000e-05
0.00000000e+00,1.25000143e-05,2.50000121e-05,3.75000000e-05,5.00000000e-05
0.00000000e+00,1.68800748e-05,3.37601484e-05,5.06402223e-05,6.75202964e-05
0.00000000e+00,1.46880608e-05,2.93761064e-05,4.40641431e-05,5.87521907e-05
0.00000000e+00,1.69340101e-05,3.38680242e-05,5.08020419e-05,6.77360559e-05
0.00000000e+00,1.68999563e-05,3.37999089e-05,5.06998602e-05,6.75998136e-05
0.00000000e+00,2.12428034e-05,4.24856104e-05,6.37284208e-05,8.49712277e-05
0.00000000e+00,1.90652270e-05,3.81304540e-05,5.71956814e-05,7.62609085e-05
0.00000000e+00,2.13249046e-05,4.26498144e-05,6.39747287e-05,8.52996383e-05
0.00000000e+00,2.12718373e-05,4.25436784e-05,6.38155230e-05,8.50873639e-05
0.00000000e+00,2.50000000e-05,5.00000000e-05,7.50000000e-05,1.00000000e-04
0.00000000e+00,2.32994604e-05,4.65989271e-05,6.98983986e-05,9.31978648e-05
0.00000000e+00,2.50000000e-05,5.00000000e-05,7.50000000e-05,1.00000000e-04
0.00000000e+00,2.50000000e-05,5.00000000e-05,7.50000000e-05,1.00000000e-04
0.00000000e+00,0.00000000e+00,0.00000000e+00,0.00000000e+00,0.00000000e+00
0.00000000e+00,4.05558572e-06,8.11115242e-06,1.21667070e-05,1.62222761e-05
0.00000000e+00,0.00000000e+00,0.00000000e+00,0.00000000e+00,0.00000000e+00
0.00000000e+00,0.00000000e+00,0.00000000e+00,0.00000000e+00,0.00000000e+00
0.00000000e+00,1.84060564e-06,3.68120342e-06,5.52179650e-06,7.36239534e-06
0.00000000e+00,3.88199178e-06,7.76396851e-06,1.16459356e-05,1.55279141e-05
0.00000000e+00,4.00123282e-06,8.00245145e-06,1.20036612e-05,1.60048816e-05
0.00000000e+00,8.23927083e-06,1.64785196e-05,2.47177552e-05,3.29570070e-05
0.00000000e+00,6.13889440e-06,1.22777688e-05,1.84166317e-05,2.45555090e-05
0.00000000e+00,8.18372096e-06,1.63674262e-05,2.45511233e-05,3.27348311e-05
0.00000000e+00,8.22439259e-06,1.64487695e-05,2.46731378e-05,3.28975171e-05
0.00000000e+00,1.25000146e-05,2.50000121e-05,3.75000000e-05,5.00000000e-05
0.00000000e+00,1.03662600e-05,2.07325025e-05,3.10987355e-05,4.14649807e-05
0.00000000e+00,1.25000206e-05,2.50000177e-05,3.75000000e-05,5.00000000e-05
0.00000000e+00,1.25000128e-05,2.50000107e-05,3.75000000e-05,5.00000000e-05
0.00000000e+00,1.67607545e-05,3.35215028e-05,5.02822448e-05,6.70429930e-05
0.00000000e+00,1.46337664e-05,2.92675198e-05,4.39012645e-05,5.85350193e-05
0.00000000e+00,1.68162969e-05,3.36325887e-05,5.04488767e-05,6.72651689e-05
0.00000000e+00,1.67756209e-05,3.35512415e-05,5.03268622e-05,6.71024829e-05
0.00000000e+00,2.09444223e-05,4.18888546e-05,6.28332930e-05,8.37777239e-05
0.00000000e+00,1.88611215e-05,3.77222451e-05,5.65833683e-05,7.54444910e-05
0.00000000e+00,2.11180172e-05,4.22360393e-05,6.33540644e-05,8.44720859e-05
0.00000000e+00,2.09987745e-05,4.19975548e-05,6.29963388e-05,8.39951184e-05
0.00000000e+00,2.50000000e-05,5.00000000e-05,7.50000000e-05,1.00000000e-04
0.00000000e+00,2.31593945e-05,4.63187966e-05,6.94782035e-05,9.26376047e-05
0.00000000e+00,2.50000000e-05,5.00000000e-05,7.50000000e-05,1.00000000e-04
0.00000000e+00,2.50000000e-05,5.00000000e-05,7.50000000e-05,1.00000000e-04
0.00000000e+00,0.00000000e+00,0.00000000e+00,0.00000000e+00,0.00000000e+00
0.00000000e+00,4.40706798e-06,8.81412183e-06,1.32211684e-05,1.76282245e-05
0.00000000e+00,0.00000000e+00,0.00000000e+00,0.00000000e+00,0.00000000e+00
0.00000000e+00,0.00000000e+00,0.00000000e+00,0.00000000e+00,0.00000000e+00
0.00000000e+00,2.41949211e-06,4.83897537e-06,7.25845349e-06,9.67793799e-06
0.00000000e+00,4.18441798e-06,8.36881981e-06,1.25532124e-05,1.67376166e-05
0.00000000e+00,4.40053655e-06,8.80105661e-06,1.32015674e-05,1.76020899e-05
0.00000000e+00,8.34094073e-06,1.66818660e-05,2.50227851e-05,3.33637135e-05
0.00000000e+00,6.35079040e-06,1.27015605e-05,1.90523190e-05,2.54030919e-05
0.00000000e+00,8.30556194e-06,1.66111047e-05,2.49166373e-05,3.32221830e-05
0.00000000e+00,8.34355821e-06,1.66870963e-05,2.50306240e-05,3.33741654e-05
0.00000000e+00,1.25000034e-05,2.50000006e-05,3.75000000e-05,5.00000000e-05
0.00000000e+00,1.04079201e-05,2.08158272e-05,3.12237307e-05,4.16316410e-05
0.00000000e+00,1.25000078e-05,2.50000052e-05,3.75000000e-05,5.00000000e-05
0.00000000e+00,1.25000038e-05,2.50000020e-05,3.75000000e-05,5.00000000e-05
0.00000000e+00,1.66590544e-05,3.33181279e-05,4.99772149e-05,6.66362865e-05
0.00000000e+00,1.45920839e-05,2.91841730e-05,4.37762693e-05,5.83683590e-05
0.00000000e+00,1.66944494e-05,3.33889047e-05,5.00833627e-05,6.67778170e-05
0.00000000e+00,1.66564534e-05,3.33129125e-05,4.99693760e-05,6.66258346e-05
0.00000000e+00,2.05929350e-05,4.11858800e-05,6.17788316e-05,8.23717755e-05
0.00000000e+00,1.86492156e-05,3.72984442e-05,5.59476810e-05,7.45969081e-05
0.00000000e+00,2.08155871e-05,4.16311841e-05,6.24467876e-05,8.32623834e-05
0.00000000e+00,2.05994660e-05,4.11989455e-05,6.17984326e-05,8.23979101e-05
0.00000000e+00,2.50000000e-05,5.00000000e-05,7.50000000e-05,1.00000000e-04
0.00000000e+00,2.25805053e-05,4.51610222e-05,6.77415465e-05,9.03220620e-05
0.00000000e+00,2.50000000e-05,5.00000000e-05,7.50000000e-05,1.00000000e-04
0.00000000e+00,2.50000000e-05,5.00000000e-05,7.50000000e-05,1.00000000e-04
0.00000000e+00,0.00000000e+00,0.00000000e+00,0.00000000e+00,0.00000000e+00
0.00000000e+00,3.63740735e-06,7.27480394e-06,1.09121944e-05,1.45495925e-05
0.00000000e+00,8.03503097e-06,1.60700444e-05,2.41050462e-05,3.21400616e-05
0.00000000e+00,1.25000057e-05,2.50000049e-05,3.75000000e-05,5.00000000e-05
0.00000000e+00,1.69649839e-05,3.39299683e-05,5.08949538e-05,6.78599384e-05
0.00000000e+00,2.13626000e-05,4.27252019e-05,6.40878056e-05,8.54504075e-05
0.00000000e+00,2.50000000e-05,5.00000000e-05,7.50000000e-05,1.00000000e-04
0.00000000e+00,0.00000000e+00,0.00000000e+00,0.00000000e+00,0.00000000e+00
0.00000000e+00,3.77607419e-06,7.55214047e-06,1.13282024e-05,1.51042699e-05
0.00000000e+00,8.12951828e-06,1.62590207e-05,2.43885140e-05,3.25180187e-05
0.00000000e+00,1.25000170e-05,2.50000145e-05,3.75000000e-05,5.00000000e-05
0.00000000e+00,1.68705050e-05,3.37409994e-05,5.06114860e-05,6.74819813e-05
0.00000000e+00,2.12239313e-05,4.24478638e-05,6.36717976e-05,8.48957301e-05
0.00000000e+00,2.50000000e-05,5.00000000e-05,7.50000000e-05,1.00000000e-04
0.00000000e+00,0.00000000e+00,0.00000000e+00,0.00000000e+00,0.00000000e+00
0.00000000e+00,4.04187875e-06,8.08374598e-06,1.21256074e-05,1.61674766e-05
0.00000000e+00,8.24083798e-06,1.64816597e-05,2.47224731e-05,3.29632975e-05
0.00000000e+00,1.25000148e-05,2.50000124e-05,3.75000000e-05,5.00000000e-05
0.00000000e+00,1.67591817e-05,3.35183569e-05,5.02775269e-05,6.70367025e-05
0.00000000e+00,2.09581285e-05,4.19162600e-05,6.28743926e-05,8.38325234e-05
0.00000000e+00,2.50000000e-05,5.00000000e-05,7.50000000e-05,1.00000000e-04
0.00000000e+00,0.00000000e+00,0.00000000e+00,0.00000000e+00,0.00000000e+00
0.00000000e+00,4.39414467e-06,8.78827602e-06,1.31824018e-05,1.75765357e-05
0.00000000e+00,8.34409560e-06,1.66881749e-05,2.50322475e-05,3.33763300e-05
0.00000000e+00,1.25000060e-05,2.50000043e-05,3.75000000e-05,5.00000000e-05
0.00000000e+00,1.66559184e-05,3.33118361e-05,4.99677525e-05,6.66236700e-05
0.00000000e+00,2.06058633e-05,4.12117310e-05,6.18175982e-05,8.24234643e-05
0.00000000e+00,2.50000000e-05,5.00000000e-05,7.50000000e-05,1.00000000e-04
